query_protein,train_protein,similarity_score
protein_0004,protein_0000,0.3103448275862069
protein_0004,protein_0001,0.15730337078651685
protein_0004,protein_0002,0.21649484536082475
protein_0004,protein_0003,0.40229885057471265
protein_0004,protein_0005,0.14893617021276595
protein_0004,protein_0006,0.2727272727272727
protein_0004,protein_0007,0.1724137931034483
protein_0004,protein_0009,0.19540229885057472
protein_0004,protein_0010,0.2777777777777778
protein_0004,protein_0011,0.3103448275862069
protein_0004,protein_0012,0.3258426966292135
protein_0004,protein_0013,0.11956521739130435
protein_0004,protein_0015,0.1188118811881188
protein_0004,protein_0016,0.1523809523809524
protein_0004,protein_0017,0.15862068965517243
protein_0004,protein_0018,0.3563218390804598
protein_0004,protein_0019,0.20689655172413793
protein_0004,protein_0020,0.3448275862068966
protein_0004,protein_0021,0.18556701030927836
protein_0004,protein_0022,0.20202020202020202
protein_0004,protein_0023,0.10344827586206896
protein_0004,protein_0024,0.11965811965811966
protein_0004,protein_0025,0.3181818181818182
protein_0004,protein_0026,0.15384615384615385
protein_0004,protein_0028,0.08256880733944955
protein_0004,protein_0029,0.14772727272727273
protein_0004,protein_0030,0.14285714285714285
protein_0004,protein_0031,0.12871287128712872
protein_0004,protein_0033,0.2988505747126437
protein_0004,protein_0034,0.27586206896551724
protein_0004,protein_0035,0.12244897959183673
protein_0004,protein_0036,0.14942528735632185
protein_0004,protein_0037,0.25287356321839083
protein_0004,protein_0038,0.25287356321839083
protein_0004,protein_0039,0.20689655172413793
protein_0004,protein_0041,0.6206896551724138
protein_0004,protein_0042,0.19318181818181818
protein_0004,protein_0043,0.2413793103448276
protein_0004,protein_0044,0.22988505747126436
protein_0004,protein_0045,0.3793103448275862
protein_0004,protein_0046,0.19540229885057472
protein_0004,protein_0048,0.2696629213483146
protein_0004,protein_0049,0.29213483146067415
protein_0004,protein_0050,0.14285714285714285
protein_0004,protein_0051,0.13636363636363635
protein_0004,protein_0052,0.6091954022988506
protein_0004,protein_0053,0.2988505747126437
protein_0004,protein_0054,0.1452991452991453
protein_0004,protein_0055,0.09401709401709402
protein_0004,protein_0056,0.1346153846153846
protein_0004,protein_0057,0.1724137931034483
protein_0004,protein_0058,0.1724137931034483
protein_0004,protein_0059,0.25287356321839083
protein_0004,protein_0060,0.1553398058252427
protein_0004,protein_0063,0.107981220657277
protein_0004,protein_0065,0.1346153846153846
protein_0004,protein_0066,0.15
protein_0004,protein_0067,0.27586206896551724
protein_0004,protein_0068,0.26436781609195403
protein_0004,protein_0069,0.25287356321839083
protein_0004,protein_0070,0.19540229885057472
protein_0004,protein_0071,0.26436781609195403
protein_0004,protein_0072,0.13793103448275862
protein_0004,protein_0073,0.22988505747126436
protein_0004,protein_0074,0.1935483870967742
protein_0004,protein_0075,0.14583333333333334
protein_0004,protein_0076,0.16091954022988506
protein_0004,protein_0077,0.3333333333333333
protein_0004,protein_0078,0.1504424778761062
protein_0004,protein_0079,0.1504424778761062
protein_0004,protein_0080,0.4
protein_0004,protein_0081,0.4157303370786517
protein_0004,protein_0082,0.12745098039215685
protein_0004,protein_0083,0.26436781609195403
protein_0004,protein_0084,0.26136363636363635
protein_0004,protein_0085,0.13592233009708737
protein_0004,protein_0086,0.14563106796116504
protein_0004,protein_0087,0.13793103448275862
protein_0004,protein_0088,0.367816091954023
protein_0004,protein_0089,0.1391304347826087
protein_0004,protein_0090,0.13675213675213677
protein_0004,protein_0091,0.1440677966101695
protein_0004,protein_0092,0.1440677966101695
protein_0004,protein_0093,0.22988505747126436
protein_0004,protein_0094,0.17094017094017094
protein_0004,protein_0095,0.14035087719298245
protein_0004,protein_0096,0.13761467889908258
protein_0004,protein_0097,0.28735632183908044
protein_0004,protein_0099,0.14423076923076922
protein_0004,protein_0101,0.22988505747126436
protein_0004,protein_0102,0.2247191011235955
protein_0004,protein_0103,0.21839080459770116
protein_0004,protein_0104,0.1746031746031746
protein_0004,protein_0105,0.0898876404494382
protein_0004,protein_0106,0.16393442622950818
protein_0004,protein_0107,0.41304347826086957
protein_0004,protein_0108,0.25806451612903225
protein_0004,protein_0109,0.1590909090909091
protein_0004,protein_0110,0.25287356321839083
protein_0004,protein_0111,0.3118279569892473
protein_0004,protein_0112,0.12745098039215685
protein_0004,protein_0113,0.28735632183908044
protein_0004,protein_0114,0.5632183908045977
protein_0004,protein_0115,0.28735632183908044
protein_0004,protein_0116,0.13157894736842105
protein_0004,protein_0117,0.13157894736842105
protein_0004,protein_0118,0.20689655172413793
protein_0004,protein_0119,0.18
protein_0004,protein_0120,0.33707865168539325
protein_0004,protein_0121,0.33707865168539325
protein_0004,protein_0122,0.27586206896551724
protein_0004,protein_0123,0.16091954022988506
protein_0004,protein_0124,0.2988505747126437
protein_0004,protein_0125,0.16346153846153846
protein_0004,protein_0126,0.1415929203539823
protein_0004,protein_0127,0.48863636363636365
protein_0004,protein_0129,0.25
protein_0004,protein_0130,0.15833333333333333
protein_0004,protein_0131,0.1724137931034483
protein_0004,protein_0132,0.1926605504587156
protein_0004,protein_0133,0.1926605504587156
protein_0004,protein_0134,0.3258426966292135
protein_0004,protein_0136,0.1322314049586777
protein_0004,protein_0137,0.14173228346456693
protein_0004,protein_0139,0.15730337078651685
protein_0004,protein_0140,0.2988505747126437
protein_0004,protein_0141,0.25287356321839083
protein_0004,protein_0142,0.3103448275862069
protein_0004,protein_0143,0.25287356321839083
protein_0004,protein_0144,0.26436781609195403
protein_0004,protein_0145,0.14942528735632185
protein_0004,protein_0146,0.14942528735632185
protein_0004,protein_0147,0.367816091954023
protein_0004,protein_0148,0.2988505747126437
protein_0004,protein_0149,0.1724137931034483
protein_0004,protein_0150,0.4148936170212766
protein_0004,protein_0151,0.23595505617977527
protein_0004,protein_0152,0.15555555555555556
protein_0004,protein_0153,0.17582417582417584
protein_0004,protein_0154,0.18181818181818182
protein_0004,protein_0155,0.17647058823529413
protein_0004,protein_0157,0.15053763440860216
protein_0004,protein_0158,0.14942528735632185
protein_0004,protein_0159,0.3409090909090909
protein_0004,protein_0160,0.26436781609195403
protein_0004,protein_0161,0.16393442622950818
protein_0004,protein_0163,0.13
protein_0004,protein_0164,0.3218390804597701
protein_0004,protein_0165,0.12643678160919541
protein_0004,protein_0166,0.2988505747126437
protein_0004,protein_0167,0.12612612612612611
protein_0004,protein_0168,0.12612612612612611
protein_0004,protein_0169,0.13793103448275862
protein_0004,protein_0170,0.27586206896551724
protein_0004,protein_0172,0.12605042016806722
protein_0004,protein_0173,0.3448275862068966
protein_0004,protein_0174,0.27586206896551724
protein_0004,protein_0175,0.26436781609195403
protein_0004,protein_0176,0.19540229885057472
protein_0004,protein_0177,0.13793103448275862
protein_0004,protein_0178,0.1415929203539823
protein_0004,protein_0179,0.14655172413793102
protein_0004,protein_0180,0.3333333333333333
protein_0004,protein_0181,0.25287356321839083
protein_0004,protein_0182,0.3448275862068966
protein_0004,protein_0183,0.18421052631578946
protein_0004,protein_0184,0.33707865168539325
protein_0004,protein_0185,0.16326530612244897
protein_0004,protein_0186,0.19298245614035087
protein_0004,protein_0187,0.28735632183908044
protein_0004,protein_0188,0.18681318681318682
protein_0004,protein_0189,0.3333333333333333
protein_0004,protein_0190,0.26436781609195403
protein_0004,protein_0191,0.5517241379310345
protein_0004,protein_0192,0.3793103448275862
protein_0004,protein_0193,0.367816091954023
protein_0004,protein_0194,0.20689655172413793
protein_0004,protein_0195,0.3103448275862069
protein_0004,protein_0196,0.3333333333333333
protein_0004,protein_0197,0.3448275862068966
protein_0004,protein_0198,0.8522727272727273
protein_0004,protein_0199,0.2222222222222222
protein_0004,protein_0201,0.17475728155339806
protein_0004,protein_0202,0.2988505747126437
protein_0004,protein_0203,0.10256410256410256
protein_0004,protein_0204,0.16091954022988506
protein_0004,protein_0205,0.10328638497652583
protein_0004,protein_0206,0.3146067415730337
protein_0004,protein_0208,0.14782608695652175
protein_0004,protein_0209,0.25287356321839083
protein_0004,protein_0210,0.3793103448275862
protein_0004,protein_0211,0.13725490196078433
protein_0004,protein_0212,0.16853932584269662
protein_0004,protein_0214,0.1348314606741573
protein_0004,protein_0217,0.16483516483516483
protein_0004,protein_0218,0.16535433070866143
protein_0004,protein_0219,0.13445378151260504
protein_0004,protein_0220,0.40425531914893614
protein_0004,protein_0221,0.14606741573033707
protein_0004,protein_0222,0.3146067415730337
protein_0004,protein_0223,0.16666666666666666
protein_0004,protein_0224,0.16129032258064516
protein_0004,protein_0225,0.13636363636363635
protein_0004,protein_0227,0.14772727272727273
protein_0004,protein_0228,0.16842105263157894
protein_0004,protein_0229,0.13636363636363635
protein_0004,protein_0231,0.4157303370786517
protein_0004,protein_0232,0.1590909090909091
protein_0004,protein_0233,0.12213740458015267
protein_0004,protein_0234,0.18269230769230768
protein_0004,protein_0235,0.17346938775510204
protein_0004,protein_0237,0.26436781609195403
protein_0004,protein_0238,0.1450381679389313
protein_0004,protein_0239,0.3218390804597701
protein_0004,protein_0240,0.3333333333333333
protein_0004,protein_0241,0.3218390804597701
protein_0004,protein_0242,0.16304347826086957
protein_0004,protein_0243,0.3068181818181818
protein_0004,protein_0244,0.17777777777777778
protein_0004,protein_0245,0.14414414414414414
protein_0004,protein_0246,0.20202020202020202
protein_0004,protein_0247,0.17307692307692307
protein_0004,protein_0248,0.2988505747126437
protein_0004,protein_0249,0.3707865168539326
protein_0004,protein_0250,0.14285714285714285
protein_0004,protein_0251,0.17525773195876287
protein_0004,protein_0252,0.17204301075268819
protein_0004,protein_0253,0.14782608695652175
protein_0004,protein_0254,0.12222222222222222
protein_0004,protein_0255,0.12209302325581395
protein_0004,protein_0257,0.13761467889908258
protein_0004,protein_0258,0.28735632183908044
protein_0004,protein_0259,0.12643678160919541
protein_0004,protein_0261,0.17142857142857143
protein_0004,protein_0262,0.17142857142857143
protein_0004,protein_0263,0.13138686131386862
protein_0004,protein_0264,0.4827586206896552
protein_0004,protein_0265,0.4827586206896552
protein_0004,protein_0266,0.15053763440860216
protein_0004,protein_0268,0.14772727272727273
protein_0004,protein_0269,0.1206896551724138
protein_0004,protein_0270,0.14942528735632185
protein_0004,protein_0271,0.14942528735632185
protein_0004,protein_0272,0.28735632183908044
protein_0004,protein_0273,0.27586206896551724
protein_0004,protein_0274,0.20652173913043478
protein_0004,protein_0275,0.18095238095238095
protein_0004,protein_0276,0.40229885057471265
protein_0004,protein_0277,0.16483516483516483
protein_0004,protein_0278,0.26666666666666666
protein_0004,protein_0280,0.28735632183908044
protein_0004,protein_0281,0.11504424778761062
protein_0004,protein_0282,0.11235955056179775
protein_0004,protein_0283,0.07339449541284404
protein_0004,protein_0284,0.26436781609195403
protein_0004,protein_0285,0.28735632183908044
protein_0004,protein_0286,0.20430107526881722
protein_0004,protein_0287,0.19444444444444445
protein_0004,protein_0289,0.13861386138613863
protein_0004,protein_0290,0.1188118811881188
protein_0004,protein_0291,0.2413793103448276
protein_0004,protein_0292,0.16483516483516483
protein_0004,protein_0293,0.22727272727272727
protein_0004,protein_0294,0.2413793103448276
protein_0004,protein_0295,0.14444444444444443
protein_0004,protein_0296,0.12173913043478261
protein_0004,protein_0297,0.125
protein_0004,protein_0298,0.14893617021276595
protein_0004,protein_0299,0.125
protein_0004,protein_0301,0.15625
protein_0004,protein_0302,0.10138248847926268
protein_0004,protein_0303,0.21839080459770116
protein_0004,protein_0304,0.1724137931034483
protein_0004,protein_0305,0.1797752808988764
protein_0004,protein_0306,0.09401709401709402
protein_0004,protein_0307,0.125
protein_0004,protein_0308,0.16521739130434782
protein_0004,protein_0309,0.16666666666666666
protein_0004,protein_0310,0.14423076923076922
protein_0004,protein_0311,0.2988505747126437
protein_0004,protein_0313,0.18518518518518517
protein_0004,protein_0314,0.11403508771929824
protein_0004,protein_0315,0.125
protein_0004,protein_0316,0.12903225806451613
protein_0004,protein_0317,0.12
protein_0004,protein_0318,0.12605042016806722
protein_0004,protein_0319,0.27586206896551724
protein_0004,protein_0320,0.3218390804597701
protein_0004,protein_0321,0.24444444444444444
protein_0004,protein_0322,0.2840909090909091
protein_0004,protein_0324,0.13793103448275862
protein_0004,protein_0325,0.15384615384615385
protein_0004,protein_0326,0.1590909090909091
protein_0004,protein_0327,0.3793103448275862
protein_0004,protein_0328,0.15454545454545454
protein_0004,protein_0329,0.15454545454545454
protein_0004,protein_0330,0.2988505747126437
protein_0004,protein_0331,0.13636363636363635
protein_0004,protein_0332,0.26436781609195403
protein_0004,protein_0333,0.21839080459770116
protein_0004,protein_0334,0.23076923076923078
protein_0004,protein_0335,0.14423076923076922
protein_0004,protein_0336,0.16091954022988506
protein_0004,protein_0337,0.2872340425531915
protein_0004,protein_0338,0.20689655172413793
protein_0004,protein_0339,0.18085106382978725
protein_0004,protein_0340,0.13
protein_0004,protein_0342,0.13793103448275862
protein_0004,protein_0343,0.1590909090909091
protein_0004,protein_0344,0.3793103448275862
protein_0004,protein_0345,0.16101694915254236
protein_0004,protein_0347,0.14942528735632185
protein_0004,protein_0348,0.12605042016806722
protein_0004,protein_0349,0.1941747572815534
protein_0004,protein_0350,0.367816091954023
protein_0004,protein_0351,0.28735632183908044
protein_0004,protein_0352,0.16091954022988506
protein_0004,protein_0353,0.1440677966101695
protein_0004,protein_0354,0.22988505747126436
protein_0004,protein_0355,0.27586206896551724
protein_0004,protein_0357,0.17073170731707318
protein_0004,protein_0359,0.14634146341463414
protein_0004,protein_0360,0.45977011494252873
protein_0004,protein_0361,0.12396694214876033
protein_0004,protein_0362,0.2413793103448276
protein_0004,protein_0363,0.2413793103448276
protein_0004,protein_0364,0.21839080459770116
protein_0004,protein_0365,0.23404255319148937
protein_0004,protein_0367,0.14423076923076922
protein_0004,protein_0368,0.20408163265306123
protein_0004,protein_0369,0.16853932584269662
protein_0004,protein_0371,0.5977011494252874
protein_0004,protein_0372,0.08256880733944955
protein_0004,protein_0373,0.1262135922330097
protein_0004,protein_0374,0.1968503937007874
protein_0004,protein_0375,0.4772727272727273
protein_0004,protein_0376,0.14423076923076922
protein_0004,protein_0377,0.3218390804597701
protein_0004,protein_0378,0.16666666666666666
protein_0004,protein_0379,0.1702127659574468
protein_0004,protein_0380,0.1702127659574468
protein_0004,protein_0381,0.1702127659574468
protein_0004,protein_0382,0.26436781609195403
protein_0004,protein_0383,0.16091954022988506
protein_0004,protein_0384,0.3595505617977528
protein_0004,protein_0385,0.20175438596491227
protein_0004,protein_0386,0.13725490196078433
protein_0004,protein_0387,0.13541666666666666
protein_0004,protein_0388,0.1590909090909091
protein_0004,protein_0389,0.13978494623655913
protein_0004,protein_0390,0.25287356321839083
protein_0004,protein_0391,0.25274725274725274
protein_0004,protein_0392,0.3258426966292135
protein_0004,protein_0393,0.28735632183908044
protein_0004,protein_0394,0.1452991452991453
protein_0004,protein_0395,0.20212765957446807
protein_0004,protein_0396,0.13157894736842105
protein_0004,protein_0397,0.33707865168539325
protein_0004,protein_0398,0.1440677966101695
protein_0004,protein_0399,0.38202247191011235
protein_0008,protein_0000,0.17
protein_0008,protein_0001,0.15151515151515152
protein_0008,protein_0002,0.13861386138613863
protein_0008,protein_0003,0.1509433962264151
protein_0008,protein_0005,0.16822429906542055
protein_0008,protein_0006,0.18446601941747573
protein_0008,protein_0007,0.16
protein_0008,protein_0009,0.18446601941747573
protein_0008,protein_0010,0.14705882352941177
protein_0008,protein_0011,0.13861386138613863
protein_0008,protein_0012,0.19230769230769232
protein_0008,protein_0013,0.14150943396226415
protein_0008,protein_0015,0.24242424242424243
protein_0008,protein_0016,0.7575757575757576
protein_0008,protein_0017,0.15714285714285714
protein_0008,protein_0018,0.19230769230769232
protein_0008,protein_0019,0.1346153846153846
protein_0008,protein_0020,0.18518518518518517
protein_0008,protein_0021,0.15
protein_0008,protein_0022,0.1941747572815534
protein_0008,protein_0023,0.12037037037037036
protein_0008,protein_0024,0.15
protein_0008,protein_0025,0.17307692307692307
protein_0008,protein_0026,0.13432835820895522
protein_0008,protein_0028,0.1891891891891892
protein_0008,protein_0029,0.1919191919191919
protein_0008,protein_0030,0.14492753623188406
protein_0008,protein_0031,0.38
protein_0008,protein_0033,0.19047619047619047
protein_0008,protein_0034,0.15841584158415842
protein_0008,protein_0035,0.16216216216216217
protein_0008,protein_0036,0.20202020202020202
protein_0008,protein_0037,0.19130434782608696
protein_0008,protein_0038,0.19130434782608696
protein_0008,protein_0039,0.1782178217821782
protein_0008,protein_0041,0.14285714285714285
protein_0008,protein_0042,0.1320754716981132
protein_0008,protein_0043,0.13592233009708737
protein_0008,protein_0044,0.12745098039215685
protein_0008,protein_0045,0.21904761904761905
protein_0008,protein_0046,0.1717171717171717
protein_0008,protein_0048,0.17647058823529413
protein_0008,protein_0049,0.16666666666666666
protein_0008,protein_0050,0.49
protein_0008,protein_0051,0.1717171717171717
protein_0008,protein_0052,0.16161616161616163
protein_0008,protein_0053,0.19811320754716982
protein_0008,protein_0054,0.18333333333333332
protein_0008,protein_0055,0.14049586776859505
protein_0008,protein_0056,0.14754098360655737
protein_0008,protein_0057,0.18
protein_0008,protein_0058,0.1414141414141414
protein_0008,protein_0059,0.1
protein_0008,protein_0060,0.15789473684210525
protein_0008,protein_0063,0.12037037037037036
protein_0008,protein_0065,0.5555555555555556
protein_0008,protein_0066,0.14754098360655737
protein_0008,protein_0067,0.14285714285714285
protein_0008,protein_0068,0.1875
protein_0008,protein_0069,0.18095238095238095
protein_0008,protein_0070,0.18811881188118812
protein_0008,protein_0071,0.17142857142857143
protein_0008,protein_0072,0.1650485436893204
protein_0008,protein_0073,0.16831683168316833
protein_0008,protein_0074,0.46464646464646464
protein_0008,protein_0075,0.1891891891891892
protein_0008,protein_0076,0.1414141414141414
protein_0008,protein_0077,0.14705882352941177
protein_0008,protein_0078,0.1320754716981132
protein_0008,protein_0079,0.1320754716981132
protein_0008,protein_0080,0.1262135922330097
protein_0008,protein_0081,0.15384615384615385
protein_0008,protein_0082,0.1732283464566929
protein_0008,protein_0083,0.16346153846153846
protein_0008,protein_0084,0.13592233009708737
protein_0008,protein_0085,0.15748031496062992
protein_0008,protein_0086,0.16535433070866143
protein_0008,protein_0087,0.2079207920792079
protein_0008,protein_0088,0.1619047619047619
protein_0008,protein_0089,0.18253968253968253
protein_0008,protein_0090,0.17829457364341086
protein_0008,protein_0091,0.1694915254237288
protein_0008,protein_0092,0.1694915254237288
protein_0008,protein_0093,0.17
protein_0008,protein_0094,0.216
protein_0008,protein_0095,0.208
protein_0008,protein_0096,0.2222222222222222
protein_0008,protein_0097,0.19607843137254902
protein_0008,protein_0099,0.12727272727272726
protein_0008,protein_0101,0.16831683168316833
protein_0008,protein_0102,0.17307692307692307
protein_0008,protein_0103,0.19469026548672566
protein_0008,protein_0104,0.216
protein_0008,protein_0105,0.16831683168316833
protein_0008,protein_0106,0.19130434782608696
protein_0008,protein_0107,0.1553398058252427
protein_0008,protein_0108,0.17117117117117117
protein_0008,protein_0109,0.15151515151515152
protein_0008,protein_0110,0.125
protein_0008,protein_0111,0.18691588785046728
protein_0008,protein_0112,0.1651376146788991
protein_0008,protein_0113,0.13861386138613863
protein_0008,protein_0114,0.14705882352941177
protein_0008,protein_0115,0.17
protein_0008,protein_0116,0.12612612612612611
protein_0008,protein_0117,0.12612612612612611
protein_0008,protein_0118,0.16161616161616163
protein_0008,protein_0119,0.13385826771653545
protein_0008,protein_0120,0.18269230769230768
protein_0008,protein_0121,0.18269230769230768
protein_0008,protein_0122,0.1794871794871795
protein_0008,protein_0123,0.19811320754716982
protein_0008,protein_0124,0.22115384615384615
protein_0008,protein_0125,0.5151515151515151
protein_0008,protein_0126,0.797979797979798
protein_0008,protein_0127,0.20202020202020202
protein_0008,protein_0129,0.16666666666666666
protein_0008,protein_0130,0.20155038759689922
protein_0008,protein_0131,0.10101010101010101
protein_0008,protein_0132,0.15789473684210525
protein_0008,protein_0133,0.15789473684210525
protein_0008,protein_0134,0.14705882352941177
protein_0008,protein_0136,0.15833333333333333
protein_0008,protein_0137,0.15833333333333333
protein_0008,protein_0139,0.15151515151515152
protein_0008,protein_0140,0.18095238095238095
protein_0008,protein_0141,0.19130434782608696
protein_0008,protein_0142,0.22549019607843138
protein_0008,protein_0143,0.23232323232323232
protein_0008,protein_0144,0.21212121212121213
protein_0008,protein_0145,0.18181818181818182
protein_0008,protein_0146,0.10891089108910891
protein_0008,protein_0147,0.1111111111111111
protein_0008,protein_0148,0.17307692307692307
protein_0008,protein_0149,0.16161616161616163
protein_0008,protein_0150,0.21296296296296297
protein_0008,protein_0151,0.16666666666666666
protein_0008,protein_0152,0.16161616161616163
protein_0008,protein_0153,0.17307692307692307
protein_0008,protein_0154,0.18811881188118812
protein_0008,protein_0155,0.171875
protein_0008,protein_0157,0.1650485436893204
protein_0008,protein_0158,0.14
protein_0008,protein_0159,0.1553398058252427
protein_0008,protein_0160,0.19047619047619047
protein_0008,protein_0161,0.17518248175182483
protein_0008,protein_0163,0.112
protein_0008,protein_0164,0.15384615384615385
protein_0008,protein_0165,0.1717171717171717
protein_0008,protein_0166,0.15384615384615385
protein_0008,protein_0167,0.1452991452991453
protein_0008,protein_0168,0.1452991452991453
protein_0008,protein_0169,0.18840579710144928
protein_0008,protein_0170,0.13
protein_0008,protein_0172,0.15441176470588236
protein_0008,protein_0173,0.19230769230769232
protein_0008,protein_0174,0.15384615384615385
protein_0008,protein_0175,0.18867924528301888
protein_0008,protein_0176,0.1414141414141414
protein_0008,protein_0177,0.1717171717171717
protein_0008,protein_0178,0.16153846153846155
protein_0008,protein_0179,0.19230769230769232
protein_0008,protein_0180,0.15966386554621848
protein_0008,protein_0181,0.1320754716981132
protein_0008,protein_0182,0.14705882352941177
protein_0008,protein_0183,0.26262626262626265
protein_0008,protein_0184,0.16161616161616163
protein_0008,protein_0185,0.16822429906542055
protein_0008,protein_0186,0.2727272727272727
protein_0008,protein_0187,0.18867924528301888
protein_0008,protein_0188,0.16161616161616163
protein_0008,protein_0189,0.1717171717171717
protein_0008,protein_0190,0.2079207920792079
protein_0008,protein_0191,0.18181818181818182
protein_0008,protein_0192,0.1574074074074074
protein_0008,protein_0193,0.2018348623853211
protein_0008,protein_0194,0.21904761904761905
protein_0008,protein_0195,0.22641509433962265
protein_0008,protein_0196,0.2
protein_0008,protein_0197,0.15151515151515152
protein_0008,protein_0198,0.15315315315315314
protein_0008,protein_0199,0.18867924528301888
protein_0008,protein_0201,0.128
protein_0008,protein_0202,0.16666666666666666
protein_0008,protein_0203,0.1623931623931624
protein_0008,protein_0204,0.16666666666666666
protein_0008,protein_0205,0.13270142180094788
protein_0008,protein_0206,0.18095238095238095
protein_0008,protein_0208,0.1415929203539823
protein_0008,protein_0209,0.13592233009708737
protein_0008,protein_0210,0.2079207920792079
protein_0008,protein_0211,0.1320754716981132
protein_0008,protein_0212,0.1388888888888889
protein_0008,protein_0214,0.13861386138613863
protein_0008,protein_0217,0.17592592592592593
protein_0008,protein_0218,0.14728682170542637
protein_0008,protein_0219,0.18699186991869918
protein_0008,protein_0220,0.21153846153846154
protein_0008,protein_0221,0.14705882352941177
protein_0008,protein_0222,0.17475728155339806
protein_0008,protein_0223,0.09090909090909091
protein_0008,protein_0224,0.13861386138613863
protein_0008,protein_0225,0.20202020202020202
protein_0008,protein_0227,0.09090909090909091
protein_0008,protein_0228,0.1553398058252427
protein_0008,protein_0229,0.16
protein_0008,protein_0231,0.1553398058252427
protein_0008,protein_0232,0.18181818181818182
protein_0008,protein_0233,0.18045112781954886
protein_0008,protein_0234,0.5151515151515151
protein_0008,protein_0235,0.1414141414141414
protein_0008,protein_0237,0.13725490196078433
protein_0008,protein_0238,0.10526315789473684
protein_0008,protein_0239,0.14655172413793102
protein_0008,protein_0240,0.11650485436893204
protein_0008,protein_0241,0.08080808080808081
protein_0008,protein_0242,0.1919191919191919
protein_0008,protein_0243,0.19047619047619047
protein_0008,protein_0244,0.18867924528301888
protein_0008,protein_0245,0.14814814814814814
protein_0008,protein_0246,0.5353535353535354
protein_0008,protein_0247,0.16964285714285715
protein_0008,protein_0248,0.18518518518518517
protein_0008,protein_0249,0.14285714285714285
protein_0008,protein_0250,0.2
protein_0008,protein_0251,0.14
protein_0008,protein_0252,0.18
protein_0008,protein_0253,0.12389380530973451
protein_0008,protein_0254,0.14705882352941177
protein_0008,protein_0255,0.12209302325581395
protein_0008,protein_0257,0.16666666666666666
protein_0008,protein_0258,0.14423076923076922
protein_0008,protein_0259,0.15151515151515152
protein_0008,protein_0261,0.5454545454545454
protein_0008,protein_0262,0.1323529411764706
protein_0008,protein_0263,0.1897810218978102
protein_0008,protein_0264,0.21568627450980393
protein_0008,protein_0265,0.21568627450980393
protein_0008,protein_0266,0.16346153846153846
protein_0008,protein_0268,0.12264150943396226
protein_0008,protein_0269,0.1328125
protein_0008,protein_0270,0.13
protein_0008,protein_0271,0.20202020202020202
protein_0008,protein_0272,0.19745222929936307
protein_0008,protein_0273,0.17117117117117117
protein_0008,protein_0274,0.1588785046728972
protein_0008,protein_0275,0.5757575757575758
protein_0008,protein_0276,0.16
protein_0008,protein_0277,0.15151515151515152
protein_0008,protein_0278,0.1262135922330097
protein_0008,protein_0280,0.10101010101010101
protein_0008,protein_0281,0.15873015873015872
protein_0008,protein_0282,0.10377358490566038
protein_0008,protein_0283,0.09502262443438914
protein_0008,protein_0284,0.17543859649122806
protein_0008,protein_0285,0.15841584158415842
protein_0008,protein_0286,0.15151515151515152
protein_0008,protein_0287,0.12931034482758622
protein_0008,protein_0289,0.19
protein_0008,protein_0290,0.11650485436893204
protein_0008,protein_0291,0.18181818181818182
protein_0008,protein_0292,0.16161616161616163
protein_0008,protein_0293,0.17307692307692307
protein_0008,protein_0294,0.18181818181818182
protein_0008,protein_0295,0.18181818181818182
protein_0008,protein_0296,0.19672131147540983
protein_0008,protein_0297,0.15384615384615385
protein_0008,protein_0298,0.1485148514851485
protein_0008,protein_0299,0.17647058823529413
protein_0008,protein_0301,0.17307692307692307
protein_0008,protein_0302,0.11403508771929824
protein_0008,protein_0303,0.13131313131313133
protein_0008,protein_0304,0.19
protein_0008,protein_0305,0.19444444444444445
protein_0008,protein_0306,0.14516129032258066
protein_0008,protein_0307,0.14634146341463414
protein_0008,protein_0308,0.1937984496124031
protein_0008,protein_0309,0.16346153846153846
protein_0008,protein_0310,0.5252525252525253
protein_0008,protein_0311,0.16666666666666666
protein_0008,protein_0313,0.1592920353982301
protein_0008,protein_0314,0.12096774193548387
protein_0008,protein_0315,0.2
protein_0008,protein_0316,0.2
protein_0008,protein_0317,0.11428571428571428
protein_0008,protein_0318,0.15079365079365079
protein_0008,protein_0319,0.1619047619047619
protein_0008,protein_0320,0.1262135922330097
protein_0008,protein_0321,0.17307692307692307
protein_0008,protein_0322,0.16
protein_0008,protein_0324,0.1111111111111111
protein_0008,protein_0325,0.20491803278688525
protein_0008,protein_0326,0.16
protein_0008,protein_0327,0.16822429906542055
protein_0008,protein_0328,0.10909090909090909
protein_0008,protein_0329,0.10909090909090909
protein_0008,protein_0330,0.1485148514851485
protein_0008,protein_0331,0.1919191919191919
protein_0008,protein_0332,0.17757009345794392
protein_0008,protein_0333,0.1743119266055046
protein_0008,protein_0334,0.1588785046728972
protein_0008,protein_0335,0.17829457364341086
protein_0008,protein_0336,0.17475728155339806
protein_0008,protein_0337,0.1523809523809524
protein_0008,protein_0338,0.14912280701754385
protein_0008,protein_0339,0.15151515151515152
protein_0008,protein_0340,0.1509433962264151
protein_0008,protein_0342,0.18181818181818182
protein_0008,protein_0343,0.1262135922330097
protein_0008,protein_0344,0.16666666666666666
protein_0008,protein_0345,0.16161616161616163
protein_0008,protein_0347,0.1650485436893204
protein_0008,protein_0348,0.1487603305785124
protein_0008,protein_0349,0.136
protein_0008,protein_0350,0.1941747572815534
protein_0008,protein_0351,0.17307692307692307
protein_0008,protein_0352,0.1717171717171717
protein_0008,protein_0353,0.14728682170542637
protein_0008,protein_0354,0.08653846153846154
protein_0008,protein_0355,0.16
protein_0008,protein_0357,0.16260162601626016
protein_0008,protein_0359,0.17073170731707318
protein_0008,protein_0360,0.17757009345794392
protein_0008,protein_0361,0.15
protein_0008,protein_0362,0.17857142857142858
protein_0008,protein_0363,0.17857142857142858
protein_0008,protein_0364,0.17857142857142858
protein_0008,protein_0365,0.1810344827586207
protein_0008,protein_0367,0.46464646464646464
protein_0008,protein_0368,0.1574074074074074
protein_0008,protein_0369,0.12121212121212122
protein_0008,protein_0371,0.1346153846153846
protein_0008,protein_0372,0.11009174311926606
protein_0008,protein_0373,0.14655172413793102
protein_0008,protein_0374,0.15833333333333333
protein_0008,protein_0375,0.15841584158415842
protein_0008,protein_0376,0.51
protein_0008,protein_0377,0.13861386138613863
protein_0008,protein_0378,0.14655172413793102
protein_0008,protein_0379,0.17142857142857143
protein_0008,protein_0380,0.17142857142857143
protein_0008,protein_0381,0.17142857142857143
protein_0008,protein_0382,0.168141592920354
protein_0008,protein_0383,0.15151515151515152
protein_0008,protein_0384,0.1320754716981132
protein_0008,protein_0385,0.2727272727272727
protein_0008,protein_0386,0.13934426229508196
protein_0008,protein_0387,0.14678899082568808
protein_0008,protein_0388,0.21568627450980393
protein_0008,protein_0389,0.1414141414141414
protein_0008,protein_0390,0.14563106796116504
protein_0008,protein_0391,0.16346153846153846
protein_0008,protein_0392,0.14705882352941177
protein_0008,protein_0393,0.17142857142857143
protein_0008,protein_0394,0.11475409836065574
protein_0008,protein_0395,0.14285714285714285
protein_0008,protein_0396,0.1864406779661017
protein_0008,protein_0397,0.14563106796116504
protein_0008,protein_0398,0.17094017094017094
protein_0008,protein_0399,0.10101010101010101
protein_0014,protein_0000,0.19387755102040816
protein_0014,protein_0001,0.1153727544856577
protein_0014,protein_0002,0.21839080459770116
protein_0014,protein_0003,0.14893617021276595
protein_0014,protein_0005,0.19101123595505617
protein_0014,protein_0006,0.16666666666666666
protein_0014,protein_0007,0.16896876932591218
protein_0014,protein_0009,0.14583333333333334
protein_0014,protein_0010,0.16831683168316833
protein_0014,protein_0011,0.18446601941747573
protein_0014,protein_0012,0.17894736842105263
protein_0014,protein_0013,0.20618556701030927
protein_0014,protein_0015,0.21
protein_0014,protein_0016,0.2912621359223301
protein_0014,protein_0017,0.15625
protein_0014,protein_0018,0.14285714285714285
protein_0014,protein_0019,0.1538955540290871
protein_0014,protein_0020,0.17204301075268819
protein_0014,protein_0021,0.22330097087378642
protein_0014,protein_0022,0.1427675585284281
protein_0014,protein_0023,0.19366074538488331
protein_0014,protein_0024,0.2
protein_0014,protein_0025,0.16129032258064516
protein_0014,protein_0026,0.16923076923076924
protein_0014,protein_0028,0.16666666666666666
protein_0014,protein_0029,0.15085666630060618
protein_0014,protein_0030,0.19166666666666668
protein_0014,protein_0031,0.25961538461538464
protein_0014,protein_0033,0.1836734693877551
protein_0014,protein_0034,0.18269230769230768
protein_0014,protein_0035,0.19469026548672566
protein_0014,protein_0036,0.14657180062589922
protein_0014,protein_0037,0.17299557304476143
protein_0014,protein_0038,0.17299557304476143
protein_0014,protein_0039,0.15151515151515152
protein_0014,protein_0041,0.17346938775510204
protein_0014,protein_0042,0.18478260869565216
protein_0014,protein_0043,0.1782178217821782
protein_0014,protein_0044,0.18478260869565216
protein_0014,protein_0045,0.1941747572815534
protein_0014,protein_0046,0.1705505515989387
protein_0014,protein_0048,0.17
protein_0014,protein_0049,0.1650485436893204
protein_0014,protein_0050,0.23232323232323232
protein_0014,protein_0051,0.1570586917562724
protein_0014,protein_0052,0.16
protein_0014,protein_0053,0.17475728155339806
protein_0014,protein_0054,0.16030534351145037
protein_0014,protein_0055,0.2066115702479339
protein_0014,protein_0056,0.17235960631874947
protein_0014,protein_0057,0.16322201607915893
protein_0014,protein_0058,0.1935483870967742
protein_0014,protein_0059,0.2079207920792079
protein_0014,protein_0060,0.17305672268907563
protein_0014,protein_0063,0.11737089201877934
protein_0014,protein_0065,0.26732673267326734
protein_0014,protein_0066,0.16363636363636364
protein_0014,protein_0067,0.18
protein_0014,protein_0068,0.16666666666666666
protein_0014,protein_0069,0.15
protein_0014,protein_0070,0.17647058823529413
protein_0014,protein_0071,0.18446601941747573
protein_0014,protein_0072,0.13022095085912122
protein_0014,protein_0073,0.18
protein_0014,protein_0074,0.23655913978494625
protein_0014,protein_0075,0.15586872221696774
protein_0014,protein_0076,0.16981132075471697
protein_0014,protein_0077,0.1553398058252427
protein_0014,protein_0078,0.13636363636363635
protein_0014,protein_0079,0.13636363636363635
protein_0014,protein_0080,0.1651376146788991
protein_0014,protein_0081,0.16161616161616163
protein_0014,protein_0082,0.1875
protein_0014,protein_0083,0.17142857142857143
protein_0014,protein_0084,0.12889983579638753
protein_0014,protein_0085,0.17699115044247787
protein_0014,protein_0086,0.18584070796460178
protein_0014,protein_0087,0.13714589504063188
protein_0014,protein_0088,0.17475728155339806
protein_0014,protein_0089,0.14521739130434783
protein_0014,protein_0090,0.1458625525946704
protein_0014,protein_0091,0.2076923076923077
protein_0014,protein_0092,0.2076923076923077
protein_0014,protein_0093,0.1941747572815534
protein_0014,protein_0094,0.15254237288135594
protein_0014,protein_0095,0.1474481658692185
protein_0014,protein_0096,0.23
protein_0014,protein_0097,0.22549019607843138
protein_0014,protein_0099,0.1619635241811088
protein_0014,protein_0101,0.15384615384615385
protein_0014,protein_0102,0.16842105263157894
protein_0014,protein_0103,0.19047619047619047
protein_0014,protein_0104,0.1984126984126984
protein_0014,protein_0105,0.18181818181818182
protein_0014,protein_0106,0.17305672268907563
protein_0014,protein_0107,0.1891891891891892
protein_0014,protein_0108,0.13186813186813187
protein_0014,protein_0109,0.13682207718710265
protein_0014,protein_0110,0.16
protein_0014,protein_0111,0.18421052631578946
protein_0014,protein_0112,0.1559633027522936
protein_0014,protein_0113,0.1650485436893204
protein_0014,protein_0114,0.17582417582417584
protein_0014,protein_0115,0.16326530612244897
protein_0014,protein_0116,0.1440677966101695
protein_0014,protein_0117,0.1440677966101695
protein_0014,protein_0118,0.15420280259458802
protein_0014,protein_0119,0.17272727272727273
protein_0014,protein_0120,0.21153846153846154
protein_0014,protein_0121,0.21153846153846154
protein_0014,protein_0122,0.18193823648923202
protein_0014,protein_0123,0.12108196021969818
protein_0014,protein_0124,0.24528301886792453
protein_0014,protein_0125,0.2727272727272727
protein_0014,protein_0126,0.29
protein_0014,protein_0127,0.2247191011235955
protein_0014,protein_0129,0.14432989690721648
protein_0014,protein_0130,0.13229813664596274
protein_0014,protein_0131,0.15843465045592706
protein_0014,protein_0132,0.17272727272727273
protein_0014,protein_0133,0.17272727272727273
protein_0014,protein_0134,0.16666666666666666
protein_0014,protein_0136,0.2032520325203252
protein_0014,protein_0137,0.1951219512195122
protein_0014,protein_0139,0.12125536518435126
protein_0014,protein_0140,0.16161616161616163
protein_0014,protein_0141,0.17265381619937695
protein_0014,protein_0142,0.17
protein_0014,protein_0143,0.2358490566037736
protein_0014,protein_0144,0.23809523809523808
protein_0014,protein_0145,0.14270803708017354
protein_0014,protein_0146,0.13636363636363635
protein_0014,protein_0147,0.1782178217821782
protein_0014,protein_0148,0.16161616161616163
protein_0014,protein_0149,0.14421679197994988
protein_0014,protein_0150,0.1792452830188679
protein_0014,protein_0151,0.14285714285714285
protein_0014,protein_0152,0.14343374859634755
protein_0014,protein_0153,0.17424098250421852
protein_0014,protein_0154,0.1659906544272872
protein_0014,protein_0155,0.18181818181818182
protein_0014,protein_0157,0.1595744680851064
protein_0014,protein_0158,0.155253262151128
protein_0014,protein_0159,0.2087912087912088
protein_0014,protein_0160,0.19444444444444445
protein_0014,protein_0161,0.18803418803418803
protein_0014,protein_0163,0.14814814814814814
protein_0014,protein_0164,0.19469026548672566
protein_0014,protein_0165,0.10678471534859468
protein_0014,protein_0166,0.18478260869565216
protein_0014,protein_0167,0.1706021251475797
protein_0014,protein_0168,0.1687387711103126
protein_0014,protein_0169,0.17796610169491525
protein_0014,protein_0170,0.1919191919191919
protein_0014,protein_0172,0.1721311475409836
protein_0014,protein_0173,0.1891891891891892
protein_0014,protein_0174,0.15841584158415842
protein_0014,protein_0175,0.1926605504587156
protein_0014,protein_0176,0.13531165071487652
protein_0014,protein_0177,0.1426933811802233
protein_0014,protein_0178,0.18803418803418803
protein_0014,protein_0179,0.18803418803418803
protein_0014,protein_0180,0.1650485436893204
protein_0014,protein_0181,0.1782178217821782
protein_0014,protein_0182,0.14
protein_0014,protein_0183,0.2
protein_0014,protein_0184,0.17391304347826086
protein_0014,protein_0185,0.17
protein_0014,protein_0186,0.22
protein_0014,protein_0187,0.1875
protein_0014,protein_0188,0.11805509619601301
protein_0014,protein_0189,0.19444444444444445
protein_0014,protein_0190,0.18
protein_0014,protein_0191,0.17894736842105263
protein_0014,protein_0192,0.18556701030927836
protein_0014,protein_0193,0.22115384615384615
protein_0014,protein_0194,0.16346153846153846
protein_0014,protein_0195,0.15789473684210525
protein_0014,protein_0196,0.1619047619047619
protein_0014,protein_0197,0.16666666666666666
protein_0014,protein_0198,0.1485148514851485
protein_0014,protein_0199,0.17117117117117117
protein_0014,protein_0201,0.17307692307692307
protein_0014,protein_0202,0.17647058823529413
protein_0014,protein_0203,0.17073170731707318
protein_0014,protein_0204,0.13147902303299183
protein_0014,protein_0205,0.14622641509433962
protein_0014,protein_0206,0.1568627450980392
protein_0014,protein_0208,0.19284340130819544
protein_0014,protein_0209,0.18478260869565216
protein_0014,protein_0210,0.1523809523809524
protein_0014,protein_0211,0.13009345794392524
protein_0014,protein_0212,0.18947368421052632
protein_0014,protein_0214,0.1875
protein_0014,protein_0217,0.17777777777777778
protein_0014,protein_0218,0.15625
protein_0014,protein_0219,0.1746031746031746
protein_0014,protein_0220,0.21153846153846154
protein_0014,protein_0221,0.17708333333333334
protein_0014,protein_0222,0.15841584158415842
protein_0014,protein_0223,0.17
protein_0014,protein_0224,0.14876831957535663
protein_0014,protein_0225,0.16326530612244897
protein_0014,protein_0227,0.19230769230769232
protein_0014,protein_0228,0.1606060606060606
protein_0014,protein_0229,0.18181818181818182
protein_0014,protein_0231,0.17142857142857143
protein_0014,protein_0232,0.12393706039291778
protein_0014,protein_0233,0.15789473684210525
protein_0014,protein_0234,0.28431372549019607
protein_0014,protein_0235,0.13358233497768382
protein_0014,protein_0237,0.11460446247464504
protein_0014,protein_0238,0.16546762589928057
protein_0014,protein_0239,0.14705882352941177
protein_0014,protein_0240,0.1348314606741573
protein_0014,protein_0241,0.16037735849056603
protein_0014,protein_0242,0.12190457795486573
protein_0014,protein_0243,0.1717171717171717
protein_0014,protein_0244,0.13925774599931903
protein_0014,protein_0245,0.1484041865874144
protein_0014,protein_0246,0.24242424242424243
protein_0014,protein_0247,0.16755651755651757
protein_0014,protein_0248,0.18
protein_0014,protein_0249,0.1651376146788991
protein_0014,protein_0250,0.19448138297872342
protein_0014,protein_0251,0.1414141414141414
protein_0014,protein_0252,0.15151515151515152
protein_0014,protein_0253,0.20869565217391303
protein_0014,protein_0254,0.13287306201550386
protein_0014,protein_0255,0.14124293785310735
protein_0014,protein_0257,0.19626168224299065
protein_0014,protein_0258,0.1590909090909091
protein_0014,protein_0259,0.13594568161713397
protein_0014,protein_0261,0.2828282828282828
protein_0014,protein_0262,0.19310344827586207
protein_0014,protein_0263,0.1897810218978102
protein_0014,protein_0264,0.19101123595505617
protein_0014,protein_0265,0.19101123595505617
protein_0014,protein_0266,0.157488344988345
protein_0014,protein_0268,0.18446601941747573
protein_0014,protein_0269,0.1724137931034483
protein_0014,protein_0270,0.18947368421052632
protein_0014,protein_0271,0.15653480291638186
protein_0014,protein_0272,0.15757311217808817
protein_0014,protein_0273,0.14549687181725593
protein_0014,protein_0274,0.17475728155339806
protein_0014,protein_0275,0.2727272727272727
protein_0014,protein_0276,0.19047619047619047
protein_0014,protein_0277,0.1250553499614957
protein_0014,protein_0278,0.1308411214953271
protein_0014,protein_0280,0.1875
protein_0014,protein_0281,0.1875
protein_0014,protein_0282,0.15730337078651685
protein_0014,protein_0283,0.14220183486238533
protein_0014,protein_0284,0.17857142857142855
protein_0014,protein_0285,0.16666666666666666
protein_0014,protein_0286,0.13386787788901247
protein_0014,protein_0287,0.1388888888888889
protein_0014,protein_0289,0.15133897110641298
protein_0014,protein_0290,0.16806722689075632
protein_0014,protein_0291,0.16063936063936063
protein_0014,protein_0292,0.14407518004535344
protein_0014,protein_0293,0.1743119266055046
protein_0014,protein_0294,0.16063936063936063
protein_0014,protein_0295,0.15371826548573475
protein_0014,protein_0296,0.1889763779527559
protein_0014,protein_0297,0.1371869788971307
protein_0014,protein_0298,0.13416490664864408
protein_0014,protein_0299,0.17277777777777778
protein_0014,protein_0301,0.15116959064327484
protein_0014,protein_0302,0.12442396313364056
protein_0014,protein_0303,0.1702127659574468
protein_0014,protein_0304,0.13783403656821377
protein_0014,protein_0305,0.14272082565522587
protein_0014,protein_0306,0.2066115702479339
protein_0014,protein_0307,0.19834710743801653
protein_0014,protein_0308,0.15517241379310345
protein_0014,protein_0309,0.17368421052631577
protein_0014,protein_0310,0.21212121212121213
protein_0014,protein_0311,0.21649484536082475
protein_0014,protein_0313,0.1953807740324594
protein_0014,protein_0314,0.17
protein_0014,protein_0315,0.168141592920354
protein_0014,protein_0316,0.11636122679765942
protein_0014,protein_0317,0.1619047619047619
protein_0014,protein_0318,0.20869565217391303
protein_0014,protein_0319,0.16161616161616163
protein_0014,protein_0320,0.18627450980392157
protein_0014,protein_0321,0.14414414414414414
protein_0014,protein_0322,0.2
protein_0014,protein_0324,0.17475728155339806
protein_0014,protein_0325,0.16198553948832034
protein_0014,protein_0326,0.15151515151515152
protein_0014,protein_0327,0.17647058823529413
protein_0014,protein_0328,0.19008264462809918
protein_0014,protein_0329,0.19008264462809918
protein_0014,protein_0330,0.16161616161616163
protein_0014,protein_0331,0.1542885877563297
protein_0014,protein_0332,0.17623035566583956
protein_0014,protein_0333,0.2229381443298969
protein_0014,protein_0334,0.13592233009708737
protein_0014,protein_0335,0.17307692307692307
protein_0014,protein_0336,0.14682637315631883
protein_0014,protein_0337,0.15714945359396643
protein_0014,protein_0338,0.19801980198019803
protein_0014,protein_0339,0.14589315243318998
protein_0014,protein_0340,0.14912280701754385
protein_0014,protein_0342,0.18269230769230768
protein_0014,protein_0343,0.15360759493670886
protein_0014,protein_0344,0.21153846153846154
protein_0014,protein_0345,0.15660919540229884
protein_0014,protein_0347,0.1514239618406285
protein_0014,protein_0348,0.1810344827586207
protein_0014,protein_0349,0.17699115044247787
protein_0014,protein_0350,0.20192307692307693
protein_0014,protein_0351,0.16666666666666666
protein_0014,protein_0352,0.12320172350241078
protein_0014,protein_0353,0.15757331968112337
protein_0014,protein_0354,0.15625
protein_0014,protein_0355,0.1553679435483871
protein_0014,protein_0357,0.125
protein_0014,protein_0359,0.17647058823529413
protein_0014,protein_0360,0.2403846153846154
protein_0014,protein_0361,0.22950819672131148
protein_0014,protein_0362,0.14705882352941177
protein_0014,protein_0363,0.14705882352941177
protein_0014,protein_0364,0.1651376146788991
protein_0014,protein_0365,0.16216216216216217
protein_0014,protein_0367,0.24242424242424243
protein_0014,protein_0368,0.17777777777777778
protein_0014,protein_0369,0.19047619047619047
protein_0014,protein_0371,0.15789473684210525
protein_0014,protein_0372,0.12385321100917432
protein_0014,protein_0373,0.19230769230769232
protein_0014,protein_0374,0.1640625
protein_0014,protein_0375,0.1619047619047619
protein_0014,protein_0376,0.24242424242424243
protein_0014,protein_0377,0.1702127659574468
protein_0014,protein_0378,0.18691588785046728
protein_0014,protein_0379,0.15450427911728223
protein_0014,protein_0380,0.15450427911728223
protein_0014,protein_0381,0.15450427911728223
protein_0014,protein_0382,0.18392255892255893
protein_0014,protein_0383,0.14195713666064586
protein_0014,protein_0384,0.18627450980392157
protein_0014,protein_0385,0.21
protein_0014,protein_0386,0.16071428571428573
protein_0014,protein_0387,0.18691588785046728
protein_0014,protein_0388,0.11532501435003183
protein_0014,protein_0389,0.1744186046511628
protein_0014,protein_0390,0.19047619047619047
protein_0014,protein_0391,0.17592592592592593
protein_0014,protein_0392,0.16161616161616163
protein_0014,protein_0393,0.16037735849056603
protein_0014,protein_0394,0.1810344827586207
protein_0014,protein_0395,0.1559633027522936
protein_0014,protein_0396,0.2153846153846154
protein_0014,protein_0397,0.18556701030927836
protein_0014,protein_0398,0.13869331516390337
protein_0014,protein_0399,0.1717171717171717
protein_0027,protein_0000,0.18556701030927836
protein_0027,protein_0001,0.13542400751703076
protein_0027,protein_0002,0.18181818181818182
protein_0027,protein_0003,0.1568627450980392
protein_0027,protein_0005,0.13131313131313133
protein_0027,protein_0006,0.12962962962962962
protein_0027,protein_0007,0.17431972789115646
protein_0027,protein_0009,0.1782178217821782
protein_0027,protein_0010,0.17582417582417584
protein_0027,protein_0011,0.20408163265306123
protein_0027,protein_0012,0.1935483870967742
protein_0027,protein_0013,0.19791666666666666
protein_0027,protein_0015,0.16
protein_0027,protein_0016,0.16822429906542055
protein_0027,protein_0017,0.16058394160583941
protein_0027,protein_0018,0.21428571428571427
protein_0027,protein_0019,0.16224747474747475
protein_0027,protein_0020,0.15384615384615385
protein_0027,protein_0021,0.16161616161616163
protein_0027,protein_0022,0.17880333951762523
protein_0027,protein_0023,0.21771978021978022
protein_0027,protein_0024,0.1322314049586777
protein_0027,protein_0025,0.15463917525773196
protein_0027,protein_0026,0.14728682170542637
protein_0027,protein_0028,0.16363636363636364
protein_0027,protein_0029,0.13905397210430565
protein_0027,protein_0030,0.152
protein_0027,protein_0031,0.1574074074074074
protein_0027,protein_0033,0.19387755102040816
protein_0027,protein_0034,0.21739130434782608
protein_0027,protein_0035,0.1485148514851485
protein_0027,protein_0036,0.1437074829931973
protein_0027,protein_0037,0.1830704828660436
protein_0027,protein_0038,0.1830704828660436
protein_0027,protein_0039,0.15730337078651685
protein_0027,protein_0041,0.16666666666666666
protein_0027,protein_0042,0.15841584158415842
protein_0027,protein_0043,0.16831683168316833
protein_0027,protein_0044,0.1485148514851485
protein_0027,protein_0045,0.20408163265306123
protein_0027,protein_0046,0.1593497864261984
protein_0027,protein_0048,0.15306122448979592
protein_0027,protein_0049,0.13333333333333333
protein_0027,protein_0050,0.18446601941747573
protein_0027,protein_0051,0.171759941089838
protein_0027,protein_0052,0.18556701030927836
protein_0027,protein_0053,0.2079207920792079
protein_0027,protein_0054,0.14754098360655737
protein_0027,protein_0055,0.15833333333333333
protein_0027,protein_0056,0.1637438688436471
protein_0027,protein_0057,0.17850378787878787
protein_0027,protein_0058,0.1686746987951807
protein_0027,protein_0059,0.22448979591836735
protein_0027,protein_0060,0.15741184525847313
protein_0027,protein_0063,0.14018691588785046
protein_0027,protein_0065,0.12844036697247707
protein_0027,protein_0066,0.16363636363636364
protein_0027,protein_0067,0.15217391304347827
protein_0027,protein_0068,0.19801980198019803
protein_0027,protein_0069,0.14583333333333334
protein_0027,protein_0070,0.1836734693877551
protein_0027,protein_0071,0.18681318681318682
protein_0027,protein_0072,0.1607142857142857
protein_0027,protein_0073,0.18
protein_0027,protein_0074,0.25
protein_0027,protein_0075,0.5077319587628866
protein_0027,protein_0076,0.16853932584269662
protein_0027,protein_0077,0.14814814814814814
protein_0027,protein_0078,0.16666666666666666
protein_0027,protein_0079,0.16666666666666666
protein_0027,protein_0080,0.17391304347826086
protein_0027,protein_0081,0.17894736842105263
protein_0027,protein_0082,0.1651376146788991
protein_0027,protein_0083,0.16326530612244897
protein_0027,protein_0084,0.1515217391304348
protein_0027,protein_0085,0.16666666666666666
protein_0027,protein_0086,0.1651376146788991
protein_0027,protein_0087,0.1537901758641601
protein_0027,protein_0088,0.22448979591836735
protein_0027,protein_0089,0.1451048951048951
protein_0027,protein_0090,0.1451048951048951
protein_0027,protein_0091,0.19130434782608696
protein_0027,protein_0092,0.19130434782608696
protein_0027,protein_0093,0.1348314606741573
protein_0027,protein_0094,0.13178294573643412
protein_0027,protein_0095,0.14220933690157597
protein_0027,protein_0096,0.22522522522522523
protein_0027,protein_0097,0.24210526315789474
protein_0027,protein_0099,0.1706506110711718
protein_0027,protein_0101,0.1836734693877551
protein_0027,protein_0102,0.13333333333333333
protein_0027,protein_0103,0.15306122448979592
protein_0027,protein_0104,0.1016949152542373
protein_0027,protein_0105,0.1326530612244898
protein_0027,protein_0106,0.13768992873470484
protein_0027,protein_0107,0.1568627450980392
protein_0027,protein_0108,0.2087912087912088
protein_0027,protein_0109,0.15122991967871485
protein_0027,protein_0110,0.14953271028037382
protein_0027,protein_0111,0.15841584158415842
protein_0027,protein_0112,0.15384615384615385
protein_0027,protein_0113,0.21739130434782608
protein_0027,protein_0114,0.17708333333333334
protein_0027,protein_0115,0.18269230769230768
protein_0027,protein_0116,0.16515426497277677
protein_0027,protein_0117,0.16515426497277677
protein_0027,protein_0118,0.17575096899224807
protein_0027,protein_0119,0.19090909090909092
protein_0027,protein_0120,0.1574074074074074
protein_0027,protein_0121,0.1574074074074074
protein_0027,protein_0122,0.16845794392523364
protein_0027,protein_0123,0.1213794796269023
protein_0027,protein_0124,0.18518518518518517
protein_0027,protein_0125,0.1346153846153846
protein_0027,protein_0126,0.1875
protein_0027,protein_0127,0.15053763440860216
protein_0027,protein_0129,0.16666666666666666
protein_0027,protein_0130,0.16274281274281274
protein_0027,protein_0131,0.08595205564526145
protein_0027,protein_0132,0.1981981981981982
protein_0027,protein_0133,0.1981981981981982
protein_0027,protein_0134,0.19607843137254902
protein_0027,protein_0136,0.1271186440677966
protein_0027,protein_0137,0.13934426229508196
protein_0027,protein_0139,0.15894481503941782
protein_0027,protein_0140,0.1956521739130435
protein_0027,protein_0141,0.18007174549230623
protein_0027,protein_0142,0.14736842105263157
protein_0027,protein_0143,0.1574074074074074
protein_0027,protein_0144,0.16666666666666666
protein_0027,protein_0145,0.15041415662650603
protein_0027,protein_0146,0.1797752808988764
protein_0027,protein_0147,0.16666666666666666
protein_0027,protein_0148,0.13541666666666666
protein_0027,protein_0149,0.17554095389146934
protein_0027,protein_0150,0.18269230769230768
protein_0027,protein_0151,0.16161616161616163
protein_0027,protein_0152,0.1641594782242794
protein_0027,protein_0153,0.1908983451536643
protein_0027,protein_0154,0.16636798088410992
protein_0027,protein_0155,0.18032786885245902
protein_0027,protein_0157,0.21782178217821782
protein_0027,protein_0158,0.14678448699067254
protein_0027,protein_0159,0.18556701030927836
protein_0027,protein_0160,0.17757009345794392
protein_0027,protein_0161,0.1349206349206349
protein_0027,protein_0163,0.15
protein_0027,protein_0164,0.21296296296296297
protein_0027,protein_0165,0.18112244897959184
protein_0027,protein_0166,0.1743119266055046
protein_0027,protein_0167,0.13906533575317603
protein_0027,protein_0168,0.13467937084089532
protein_0027,protein_0169,0.1693548387096774
protein_0027,protein_0170,0.1724137931034483
protein_0027,protein_0172,0.15447154471544716
protein_0027,protein_0173,0.16666666666666666
protein_0027,protein_0174,0.17592592592592593
protein_0027,protein_0175,0.17592592592592593
protein_0027,protein_0176,0.17857142857142855
protein_0027,protein_0177,0.16950153555398062
protein_0027,protein_0178,0.14049586776859505
protein_0027,protein_0179,0.15966386554621848
protein_0027,protein_0180,0.15
protein_0027,protein_0181,0.13978494623655913
protein_0027,protein_0182,0.2087912087912088
protein_0027,protein_0183,0.1623931623931624
protein_0027,protein_0184,0.1568627450980392
protein_0027,protein_0185,0.1935483870967742
protein_0027,protein_0186,0.16
protein_0027,protein_0187,0.18518518518518517
protein_0027,protein_0188,0.19524988213107025
protein_0027,protein_0189,0.18681318681318682
protein_0027,protein_0190,0.16494845360824742
protein_0027,protein_0191,0.19791666666666666
protein_0027,protein_0192,0.2169811320754717
protein_0027,protein_0193,0.15625
protein_0027,protein_0194,0.13978494623655913
protein_0027,protein_0195,0.1935483870967742
protein_0027,protein_0196,0.18478260869565216
protein_0027,protein_0197,0.18478260869565216
protein_0027,protein_0198,0.16483516483516483
protein_0027,protein_0199,0.16483516483516483
protein_0027,protein_0201,0.1782178217821782
protein_0027,protein_0202,0.15625
protein_0027,protein_0203,0.13445378151260504
protein_0027,protein_0204,0.16719446399249355
protein_0027,protein_0205,0.14691943127962084
protein_0027,protein_0206,0.20588235294117646
protein_0027,protein_0208,0.15064629847238542
protein_0027,protein_0209,0.16666666666666666
protein_0027,protein_0210,0.19090909090909092
protein_0027,protein_0211,0.1336846213895394
protein_0027,protein_0212,0.19387755102040816
protein_0027,protein_0214,0.10416666666666667
protein_0027,protein_0217,0.19230769230769232
protein_0027,protein_0218,0.18110236220472442
protein_0027,protein_0219,0.140625
protein_0027,protein_0220,0.19607843137254902
protein_0027,protein_0221,0.13541666666666666
protein_0027,protein_0222,0.12871287128712872
protein_0027,protein_0223,0.2
protein_0027,protein_0224,0.13560491967871485
protein_0027,protein_0225,0.14606741573033707
protein_0027,protein_0227,0.13253012048192772
protein_0027,protein_0228,0.15796474891918855
protein_0027,protein_0229,0.18888888888888888
protein_0027,protein_0231,0.15625
protein_0027,protein_0232,0.16767068273092367
protein_0027,protein_0233,0.12598425196850394
protein_0027,protein_0234,0.2
protein_0027,protein_0235,0.20493895671476137
protein_0027,protein_0237,0.16785201149425288
protein_0027,protein_0238,0.10687022900763359
protein_0027,protein_0239,0.1919191919191919
protein_0027,protein_0240,0.1574074074074074
protein_0027,protein_0241,0.16494845360824742
protein_0027,protein_0242,0.13202614379084968
protein_0027,protein_0243,0.17346938775510204
protein_0027,protein_0244,0.1408132530120482
protein_0027,protein_0245,0.11011198945981554
protein_0027,protein_0246,0.14432989690721648
protein_0027,protein_0247,0.13154533844189015
protein_0027,protein_0248,0.14432989690721648
protein_0027,protein_0249,0.1485148514851485
protein_0027,protein_0250,0.15884704397222807
protein_0027,protein_0251,0.1875
protein_0027,protein_0252,0.21052631578947367
protein_0027,protein_0253,0.168141592920354
protein_0027,protein_0254,0.25385081867798664
protein_0027,protein_0255,0.12280701754385964
protein_0027,protein_0257,0.14285714285714285
protein_0027,protein_0258,0.16326530612244897
protein_0027,protein_0259,0.15625
protein_0027,protein_0261,0.18627450980392157
protein_0027,protein_0262,0.14583333333333334
protein_0027,protein_0263,0.13768115942028986
protein_0027,protein_0264,0.1956521739130435
protein_0027,protein_0265,0.1956521739130435
protein_0027,protein_0266,0.23916285543845694
protein_0027,protein_0268,0.17777777777777778
protein_0027,protein_0269,0.1349206349206349
protein_0027,protein_0270,0.14942528735632185
protein_0027,protein_0271,0.15104166666666666
protein_0027,protein_0272,0.1498275512274295
protein_0027,protein_0273,0.15608552631578948
protein_0027,protein_0274,0.21052631578947367
protein_0027,protein_0275,0.17647058823529413
protein_0027,protein_0276,0.18421052631578946
protein_0027,protein_0277,0.1706482593037215
protein_0027,protein_0278,0.18181818181818182
protein_0027,protein_0280,0.15053763440860216
protein_0027,protein_0281,0.13157894736842105
protein_0027,protein_0282,0.14583333333333334
protein_0027,protein_0283,0.1141552511415525
protein_0027,protein_0284,0.1975231646471846
protein_0027,protein_0285,0.22105263157894736
protein_0027,protein_0286,0.15562248995983935
protein_0027,protein_0287,0.1875
protein_0027,protein_0289,0.13166182170542634
protein_0027,protein_0290,0.1650485436893204
protein_0027,protein_0291,0.18452380952380953
protein_0027,protein_0292,0.12794929718875503
protein_0027,protein_0293,0.14432989690721648
protein_0027,protein_0294,0.18452380952380953
protein_0027,protein_0295,0.1663265306122449
protein_0027,protein_0296,0.09734513274336283
protein_0027,protein_0297,0.13839285714285715
protein_0027,protein_0298,0.16636029411764708
protein_0027,protein_0299,0.18201030927835052
protein_0027,protein_0301,0.17196196660482374
protein_0027,protein_0302,0.12844036697247707
protein_0027,protein_0303,0.18072289156626506
protein_0027,protein_0304,0.15625
protein_0027,protein_0305,0.5459183673469388
protein_0027,protein_0306,0.15966386554621848
protein_0027,protein_0307,0.17073170731707318
protein_0027,protein_0308,0.1440677966101695
protein_0027,protein_0309,0.19391447368421053
protein_0027,protein_0310,0.17142857142857143
protein_0027,protein_0311,0.13541666666666666
protein_0027,protein_0313,0.19708917445482865
protein_0027,protein_0314,0.15454545454545454
protein_0027,protein_0315,0.14912280701754385
protein_0027,protein_0316,0.13109184629803186
protein_0027,protein_0317,0.22115384615384615
protein_0027,protein_0318,0.1565217391304348
protein_0027,protein_0319,0.20408163265306123
protein_0027,protein_0320,0.1276595744680851
protein_0027,protein_0321,0.16666666666666666
protein_0027,protein_0322,0.13541666666666666
protein_0027,protein_0324,0.15306122448979592
protein_0027,protein_0325,0.17534668721109398
protein_0027,protein_0326,0.16666666666666666
protein_0027,protein_0327,0.1958762886597938
protein_0027,protein_0328,0.15454545454545454
protein_0027,protein_0329,0.15454545454545454
protein_0027,protein_0330,0.21739130434782608
protein_0027,protein_0331,0.14965986394557823
protein_0027,protein_0332,0.1753077769992994
protein_0027,protein_0333,0.18063186813186813
protein_0027,protein_0334,0.2087912087912088
protein_0027,protein_0335,0.15447154471544716
protein_0027,protein_0336,0.13988095238095238
protein_0027,protein_0337,0.17182817182817184
protein_0027,protein_0338,0.13861386138613863
protein_0027,protein_0339,0.18312023604622574
protein_0027,protein_0340,0.17272727272727273
protein_0027,protein_0342,0.16666666666666666
protein_0027,protein_0343,0.13392857142857142
protein_0027,protein_0344,0.19791666666666666
protein_0027,protein_0345,0.15252976190476192
protein_0027,protein_0347,0.1480880230880231
protein_0027,protein_0348,0.12605042016806722
protein_0027,protein_0349,0.1588785046728972
protein_0027,protein_0350,0.19791666666666666
protein_0027,protein_0351,0.18181818181818182
protein_0027,protein_0352,0.15739222118088098
protein_0027,protein_0353,0.14476117103235747
protein_0027,protein_0354,0.15463917525773196
protein_0027,protein_0355,0.15956770502225048
protein_0027,protein_0357,0.1774193548387097
protein_0027,protein_0359,0.13821138211382114
protein_0027,protein_0360,0.22580645161290322
protein_0027,protein_0361,0.14285714285714285
protein_0027,protein_0362,0.16666666666666666
protein_0027,protein_0363,0.16666666666666666
protein_0027,protein_0364,0.1650485436893204
protein_0027,protein_0365,0.20408163265306123
protein_0027,protein_0367,0.21904761904761905
protein_0027,protein_0368,0.18
protein_0027,protein_0369,0.18811881188118812
protein_0027,protein_0371,0.18681318681318682
protein_0027,protein_0372,0.12556053811659193
protein_0027,protein_0373,0.15
protein_0027,protein_0374,0.1951219512195122
protein_0027,protein_0375,0.2
protein_0027,protein_0376,0.19230769230769232
protein_0027,protein_0377,0.21153846153846154
protein_0027,protein_0378,0.15315315315315314
protein_0027,protein_0379,0.23014045590605572
protein_0027,protein_0380,0.23014045590605572
protein_0027,protein_0381,0.23014045590605572
protein_0027,protein_0382,0.202297507788162
protein_0027,protein_0383,0.13999748995983935
protein_0027,protein_0384,0.19444444444444445
protein_0027,protein_0385,0.1523809523809524
protein_0027,protein_0386,0.16037735849056603
protein_0027,protein_0387,0.14432989690721648
protein_0027,protein_0388,0.1488007574163686
protein_0027,protein_0389,0.1958762886597938
protein_0027,protein_0390,0.17582417582417584
protein_0027,protein_0391,0.22826086956521738
protein_0027,protein_0392,0.15384615384615385
protein_0027,protein_0393,0.16494845360824742
protein_0027,protein_0394,0.15833333333333333
protein_0027,protein_0395,0.16666666666666666
protein_0027,protein_0396,0.16101694915254236
protein_0027,protein_0397,0.11458333333333333
protein_0027,protein_0398,0.1353403540903541
protein_0027,protein_0399,0.1574074074074074
protein_0032,protein_0000,0.3448275862068966
protein_0032,protein_0001,0.19318181818181818
protein_0032,protein_0002,0.15730337078651685
protein_0032,protein_0003,0.40229885057471265
protein_0032,protein_0005,0.18085106382978725
protein_0032,protein_0006,0.29545454545454547
protein_0032,protein_0007,0.18478260869565216
protein_0032,protein_0009,0.23333333333333334
protein_0032,protein_0010,0.28735632183908044
protein_0032,protein_0011,0.3218390804597701
protein_0032,protein_0012,0.3333333333333333
protein_0032,protein_0013,0.16091954022988506
protein_0032,protein_0015,0.17699115044247787
protein_0032,protein_0016,0.18181818181818182
protein_0032,protein_0017,0.13768115942028986
protein_0032,protein_0018,0.39080459770114945
protein_0032,protein_0019,0.16666666666666666
protein_0032,protein_0020,0.3707865168539326
protein_0032,protein_0021,0.19101123595505617
protein_0032,protein_0022,0.21212121212121213
protein_0032,protein_0023,0.11494252873563218
protein_0032,protein_0024,0.14285714285714285
protein_0032,protein_0025,0.36363636363636365
protein_0032,protein_0026,0.13178294573643412
protein_0032,protein_0028,0.08256880733944955
protein_0032,protein_0029,0.17391304347826086
protein_0032,protein_0030,0.168
protein_0032,protein_0031,0.1388888888888889
protein_0032,protein_0033,0.36363636363636365
protein_0032,protein_0034,0.3068181818181818
protein_0032,protein_0035,0.12962962962962962
protein_0032,protein_0036,0.17391304347826086
protein_0032,protein_0037,0.3076923076923077
protein_0032,protein_0038,0.3076923076923077
protein_0032,protein_0039,0.23333333333333334
protein_0032,protein_0041,0.7701149425287356
protein_0032,protein_0042,0.19540229885057472
protein_0032,protein_0043,0.22988505747126436
protein_0032,protein_0044,0.20689655172413793
protein_0032,protein_0045,0.42528735632183906
protein_0032,protein_0046,0.18478260869565216
protein_0032,protein_0048,0.32222222222222224
protein_0032,protein_0049,0.2988505747126437
protein_0032,protein_0050,0.17307692307692307
protein_0032,protein_0051,0.19318181818181818
protein_0032,protein_0052,0.5862068965517241
protein_0032,protein_0053,0.3522727272727273
protein_0032,protein_0054,0.11016949152542373
protein_0032,protein_0055,0.1322314049586777
protein_0032,protein_0056,0.12871287128712872
protein_0032,protein_0057,0.18478260869565216
protein_0032,protein_0058,0.14942528735632185
protein_0032,protein_0059,0.2413793103448276
protein_0032,protein_0060,0.1504424778761062
protein_0032,protein_0063,0.11267605633802817
protein_0032,protein_0065,0.14705882352941177
protein_0032,protein_0066,0.09345794392523364
protein_0032,protein_0067,0.3103448275862069
protein_0032,protein_0068,0.26373626373626374
protein_0032,protein_0069,0.3068181818181818
protein_0032,protein_0070,0.23595505617977527
protein_0032,protein_0071,0.2413793103448276
protein_0032,protein_0072,0.14285714285714285
protein_0032,protein_0073,0.28735632183908044
protein_0032,protein_0074,0.10891089108910891
protein_0032,protein_0075,0.19
protein_0032,protein_0076,0.14942528735632185
protein_0032,protein_0077,0.38636363636363635
protein_0032,protein_0078,0.17757009345794392
protein_0032,protein_0079,0.17757009345794392
protein_0032,protein_0080,0.4318181818181818
protein_0032,protein_0081,0.4318181818181818
protein_0032,protein_0082,0.1926605504587156
protein_0032,protein_0083,0.2696629213483146
protein_0032,protein_0084,0.25
protein_0032,protein_0085,0.2018348623853211
protein_0032,protein_0086,0.1834862385321101
protein_0032,protein_0087,0.1724137931034483
protein_0032,protein_0088,0.4318181818181818
protein_0032,protein_0089,0.14655172413793102
protein_0032,protein_0090,0.14655172413793102
protein_0032,protein_0091,0.1592920353982301
protein_0032,protein_0092,0.1592920353982301
protein_0032,protein_0093,0.28735632183908044
protein_0032,protein_0094,0.1724137931034483
protein_0032,protein_0095,0.16806722689075632
protein_0032,protein_0096,0.16964285714285715
protein_0032,protein_0097,0.3448275862068966
protein_0032,protein_0099,0.13392857142857142
protein_0032,protein_0101,0.2988505747126437
protein_0032,protein_0102,0.2777777777777778
protein_0032,protein_0103,0.25
protein_0032,protein_0104,0.14285714285714285
protein_0032,protein_0105,0.1
protein_0032,protein_0106,0.1322314049586777
protein_0032,protein_0107,0.4659090909090909
protein_0032,protein_0108,0.24444444444444444
protein_0032,protein_0109,0.16091954022988506
protein_0032,protein_0110,0.3333333333333333
protein_0032,protein_0111,0.2608695652173913
protein_0032,protein_0112,0.18269230769230768
protein_0032,protein_0113,0.3181818181818182
protein_0032,protein_0114,0.6666666666666666
protein_0032,protein_0115,0.26436781609195403
protein_0032,protein_0116,0.15517241379310345
protein_0032,protein_0117,0.15517241379310345
protein_0032,protein_0118,0.18888888888888888
protein_0032,protein_0119,0.17475728155339806
protein_0032,protein_0120,0.3563218390804598
protein_0032,protein_0121,0.3563218390804598
protein_0032,protein_0122,0.3068181818181818
protein_0032,protein_0123,0.1724137931034483
protein_0032,protein_0124,0.3563218390804598
protein_0032,protein_0125,0.18269230769230768
protein_0032,protein_0126,0.18181818181818182
protein_0032,protein_0127,0.5795454545454546
protein_0032,protein_0129,0.2840909090909091
protein_0032,protein_0130,0.16806722689075632
protein_0032,protein_0131,0.16091954022988506
protein_0032,protein_0132,0.22018348623853212
protein_0032,protein_0133,0.22018348623853212
protein_0032,protein_0134,0.3563218390804598
protein_0032,protein_0136,0.13114754098360656
protein_0032,protein_0137,0.14285714285714285
protein_0032,protein_0139,0.16304347826086957
protein_0032,protein_0140,0.3103448275862069
protein_0032,protein_0141,0.3181818181818182
protein_0032,protein_0142,0.3793103448275862
protein_0032,protein_0143,0.3068181818181818
protein_0032,protein_0144,0.3068181818181818
protein_0032,protein_0145,0.17391304347826086
protein_0032,protein_0146,0.1724137931034483
protein_0032,protein_0147,0.4367816091954023
protein_0032,protein_0148,0.3218390804597701
protein_0032,protein_0149,0.1827956989247312
protein_0032,protein_0150,0.39080459770114945
protein_0032,protein_0151,0.21348314606741572
protein_0032,protein_0152,0.1978021978021978
protein_0032,protein_0153,0.17045454545454544
protein_0032,protein_0154,0.1875
protein_0032,protein_0155,0.15833333333333333
protein_0032,protein_0157,0.1797752808988764
protein_0032,protein_0158,0.19101123595505617
protein_0032,protein_0159,0.3563218390804598
protein_0032,protein_0160,0.34065934065934067
protein_0032,protein_0161,0.13934426229508196
protein_0032,protein_0163,0.14285714285714285
protein_0032,protein_0164,0.3218390804597701
protein_0032,protein_0165,0.15217391304347827
protein_0032,protein_0166,0.3218390804597701
protein_0032,protein_0167,0.13636363636363635
protein_0032,protein_0168,0.14545454545454545
protein_0032,protein_0169,0.12605042016806722
protein_0032,protein_0170,0.3103448275862069
protein_0032,protein_0172,0.15
protein_0032,protein_0173,0.3522727272727273
protein_0032,protein_0174,0.3103448275862069
protein_0032,protein_0175,0.3218390804597701
protein_0032,protein_0176,0.17525773195876287
protein_0032,protein_0177,0.16666666666666666
protein_0032,protein_0178,0.2
protein_0032,protein_0179,0.19130434782608696
protein_0032,protein_0180,0.31868131868131866
protein_0032,protein_0181,0.28735632183908044
protein_0032,protein_0182,0.3218390804597701
protein_0032,protein_0183,0.19090909090909092
protein_0032,protein_0184,0.3103448275862069
protein_0032,protein_0185,0.21428571428571427
protein_0032,protein_0186,0.14912280701754385
protein_0032,protein_0187,0.2988505747126437
protein_0032,protein_0188,0.15730337078651685
protein_0032,protein_0189,0.3563218390804598
protein_0032,protein_0190,0.3
protein_0032,protein_0191,0.5747126436781609
protein_0032,protein_0192,0.3448275862068966
protein_0032,protein_0193,0.3977272727272727
protein_0032,protein_0194,0.24719101123595505
protein_0032,protein_0195,0.2988505747126437
protein_0032,protein_0196,0.28735632183908044
protein_0032,protein_0197,0.3448275862068966
protein_0032,protein_0198,0.625
protein_0032,protein_0199,0.2222222222222222
protein_0032,protein_0201,0.13
protein_0032,protein_0202,0.3563218390804598
protein_0032,protein_0203,0.13333333333333333
protein_0032,protein_0204,0.17391304347826086
protein_0032,protein_0205,0.12149532710280374
protein_0032,protein_0206,0.3333333333333333
protein_0032,protein_0208,0.1553398058252427
protein_0032,protein_0209,0.22988505747126436
protein_0032,protein_0210,0.39325842696629215
protein_0032,protein_0211,0.18478260869565216
protein_0032,protein_0212,0.22988505747126436
protein_0032,protein_0214,0.10344827586206896
protein_0032,protein_0217,0.12087912087912088
protein_0032,protein_0218,0.16666666666666666
protein_0032,protein_0219,0.15833333333333333
protein_0032,protein_0220,0.367816091954023
protein_0032,protein_0221,0.16091954022988506
protein_0032,protein_0222,0.2988505747126437
protein_0032,protein_0223,0.12643678160919541
protein_0032,protein_0224,0.16091954022988506
protein_0032,protein_0225,0.14444444444444443
protein_0032,protein_0227,0.14772727272727273
protein_0032,protein_0228,0.20212765957446807
protein_0032,protein_0229,0.10989010989010989
protein_0032,protein_0231,0.41379310344827586
protein_0032,protein_0232,0.18478260869565216
protein_0032,protein_0233,0.13953488372093023
protein_0032,protein_0234,0.18269230769230768
protein_0032,protein_0235,0.15384615384615385
protein_0032,protein_0237,0.25287356321839083
protein_0032,protein_0238,0.1450381679389313
protein_0032,protein_0239,0.2988505747126437
protein_0032,protein_0240,0.3218390804597701
protein_0032,protein_0241,0.3448275862068966
protein_0032,protein_0242,0.14942528735632185
protein_0032,protein_0243,0.3103448275862069
protein_0032,protein_0244,0.15555555555555556
protein_0032,protein_0245,0.14655172413793102
protein_0032,protein_0246,0.17525773195876287
protein_0032,protein_0247,0.15841584158415842
protein_0032,protein_0248,0.3448275862068966
protein_0032,protein_0249,0.3103448275862069
protein_0032,protein_0250,0.1836734693877551
protein_0032,protein_0251,0.13978494623655913
protein_0032,protein_0252,0.1935483870967742
protein_0032,protein_0253,0.1592920353982301
protein_0032,protein_0254,0.1827956989247312
protein_0032,protein_0255,0.10857142857142857
protein_0032,protein_0257,0.16363636363636364
protein_0032,protein_0258,0.2808988764044944
protein_0032,protein_0259,0.17045454545454544
protein_0032,protein_0261,0.17142857142857143
protein_0032,protein_0262,0.16176470588235295
protein_0032,protein_0263,0.11678832116788321
protein_0032,protein_0264,0.4827586206896552
protein_0032,protein_0265,0.4827586206896552
protein_0032,protein_0266,0.19791666666666666
protein_0032,protein_0268,0.11363636363636363
protein_0032,protein_0269,0.1206896551724138
protein_0032,protein_0270,0.20454545454545456
protein_0032,protein_0271,0.20689655172413793
protein_0032,protein_0272,0.3333333333333333
protein_0032,protein_0273,0.3218390804597701
protein_0032,protein_0274,0.23157894736842105
protein_0032,protein_0275,0.18095238095238095
protein_0032,protein_0276,0.4772727272727273
protein_0032,protein_0277,0.20454545454545456
protein_0032,protein_0278,0.24731182795698925
protein_0032,protein_0280,0.27586206896551724
protein_0032,protein_0281,0.15384615384615385
protein_0032,protein_0282,0.17708333333333334
protein_0032,protein_0283,0.0963302752293578
protein_0032,protein_0284,0.2857142857142857
protein_0032,protein_0285,0.3181818181818182
protein_0032,protein_0286,0.20212765957446807
protein_0032,protein_0287,0.2037037037037037
protein_0032,protein_0289,0.1590909090909091
protein_0032,protein_0290,0.12745098039215685
protein_0032,protein_0291,0.22988505747126436
protein_0032,protein_0292,0.16091954022988506
protein_0032,protein_0293,0.23404255319148937
protein_0032,protein_0294,0.22988505747126436
protein_0032,protein_0295,0.15730337078651685
protein_0032,protein_0296,0.13274336283185842
protein_0032,protein_0297,0.16304347826086957
protein_0032,protein_0298,0.17045454545454544
protein_0032,protein_0299,0.16842105263157894
protein_0032,protein_0301,0.14705882352941177
protein_0032,protein_0302,0.1152073732718894
protein_0032,protein_0303,0.2696629213483146
protein_0032,protein_0304,0.1724137931034483
protein_0032,protein_0305,0.20754716981132076
protein_0032,protein_0306,0.1322314049586777
protein_0032,protein_0307,0.1440677966101695
protein_0032,protein_0308,0.1565217391304348
protein_0032,protein_0309,0.1717171717171717
protein_0032,protein_0310,0.20192307692307693
protein_0032,protein_0311,0.39080459770114945
protein_0032,protein_0313,0.24719101123595505
protein_0032,protein_0314,0.13725490196078433
protein_0032,protein_0315,0.13333333333333333
protein_0032,protein_0316,0.14130434782608695
protein_0032,protein_0317,0.1652892561983471
protein_0032,protein_0318,0.1415929203539823
protein_0032,protein_0319,0.3181818181818182
protein_0032,protein_0320,0.3103448275862069
protein_0032,protein_0321,0.27472527472527475
protein_0032,protein_0322,0.27586206896551724
protein_0032,protein_0324,0.13793103448275862
protein_0032,protein_0325,0.16071428571428573
protein_0032,protein_0326,0.1595744680851064
protein_0032,protein_0327,0.3695652173913043
protein_0032,protein_0328,0.1574074074074074
protein_0032,protein_0329,0.1574074074074074
protein_0032,protein_0330,0.3218390804597701
protein_0032,protein_0331,0.16666666666666666
protein_0032,protein_0332,0.26436781609195403
protein_0032,protein_0333,0.2413793103448276
protein_0032,protein_0334,0.23958333333333334
protein_0032,protein_0335,0.14563106796116504
protein_0032,protein_0336,0.14583333333333334
protein_0032,protein_0337,0.28735632183908044
protein_0032,protein_0338,0.20689655172413793
protein_0032,protein_0339,0.18478260869565216
protein_0032,protein_0340,0.1320754716981132
protein_0032,protein_0342,0.21348314606741572
protein_0032,protein_0343,0.15789473684210525
protein_0032,protein_0344,0.45977011494252873
protein_0032,protein_0345,0.17355371900826447
protein_0032,protein_0347,0.18947368421052632
protein_0032,protein_0348,0.13533834586466165
protein_0032,protein_0349,0.14285714285714285
protein_0032,protein_0350,0.4482758620689655
protein_0032,protein_0351,0.2826086956521739
protein_0032,protein_0352,0.1839080459770115
protein_0032,protein_0353,0.13675213675213677
protein_0032,protein_0354,0.19318181818181818
protein_0032,protein_0355,0.2988505747126437
protein_0032,protein_0357,0.13821138211382114
protein_0032,protein_0359,0.14516129032258066
protein_0032,protein_0360,0.5108695652173914
protein_0032,protein_0361,0.1349206349206349
protein_0032,protein_0362,0.23157894736842105
protein_0032,protein_0363,0.23157894736842105
protein_0032,protein_0364,0.24210526315789474
protein_0032,protein_0365,0.26373626373626374
protein_0032,protein_0367,0.1588785046728972
protein_0032,protein_0368,0.20408163265306123
protein_0032,protein_0369,0.14942528735632185
protein_0032,protein_0371,0.5604395604395604
protein_0032,protein_0372,0.11009174311926606
protein_0032,protein_0373,0.1282051282051282
protein_0032,protein_0374,0.16806722689075632
protein_0032,protein_0375,0.5652173913043478
protein_0032,protein_0376,0.21153846153846154
protein_0032,protein_0377,0.3333333333333333
protein_0032,protein_0378,0.16822429906542055
protein_0032,protein_0379,0.18446601941747573
protein_0032,protein_0380,0.18446601941747573
protein_0032,protein_0381,0.18446601941747573
protein_0032,protein_0382,0.2413793103448276
protein_0032,protein_0383,0.17391304347826086
protein_0032,protein_0384,0.3548387096774194
protein_0032,protein_0385,0.1651376146788991
protein_0032,protein_0386,0.14705882352941177
protein_0032,protein_0387,0.1320754716981132
protein_0032,protein_0388,0.15053763440860216
protein_0032,protein_0389,0.18888888888888888
protein_0032,protein_0390,0.3146067415730337
protein_0032,protein_0391,0.21978021978021978
protein_0032,protein_0392,0.3103448275862069
protein_0032,protein_0393,0.3103448275862069
protein_0032,protein_0394,0.1391304347826087
protein_0032,protein_0395,0.2608695652173913
protein_0032,protein_0396,0.12173913043478261
protein_0032,protein_0397,0.3409090909090909
protein_0032,protein_0398,0.11864406779661017
protein_0032,protein_0399,0.42857142857142855
protein_0040,protein_0000,0.09183673469387756
protein_0040,protein_0001,0.18309859154929578
protein_0040,protein_0002,0.16666666666666666
protein_0040,protein_0003,0.0967741935483871
protein_0040,protein_0005,0.1724137931034483
protein_0040,protein_0006,0.1
protein_0040,protein_0007,0.22535211267605634
protein_0040,protein_0009,0.09195402298850575
protein_0040,protein_0010,0.12087912087912088
protein_0040,protein_0011,0.15789473684210525
protein_0040,protein_0012,0.03488372093023256
protein_0040,protein_0013,0.2222222222222222
protein_0040,protein_0015,0.1111111111111111
protein_0040,protein_0016,0.16666666666666666
protein_0040,protein_0017,0.1015625
protein_0040,protein_0018,0.10344827586206896
protein_0040,protein_0019,0.19117647058823528
protein_0040,protein_0020,0.13333333333333333
protein_0040,protein_0021,0.10638297872340426
protein_0040,protein_0022,0.13095238095238096
protein_0040,protein_0023,0.10416666666666667
protein_0040,protein_0024,0.15384615384615385
protein_0040,protein_0025,0.09195402298850575
protein_0040,protein_0026,0.13178294573643412
protein_0040,protein_0028,0.1320754716981132
protein_0040,protein_0029,0.22857142857142856
protein_0040,protein_0030,0.14166666666666666
protein_0040,protein_0031,0.12121212121212122
protein_0040,protein_0033,0.13793103448275862
protein_0040,protein_0034,0.10638297872340426
protein_0040,protein_0035,0.17307692307692307
protein_0040,protein_0036,0.18571428571428572
protein_0040,protein_0037,0.16129032258064516
protein_0040,protein_0038,0.16129032258064516
protein_0040,protein_0039,0.08045977011494253
protein_0040,protein_0041,0.12643678160919541
protein_0040,protein_0042,0.14444444444444443
protein_0040,protein_0043,0.12087912087912088
protein_0040,protein_0044,0.14285714285714285
protein_0040,protein_0045,0.12643678160919541
protein_0040,protein_0046,0.2
protein_0040,protein_0048,0.1414141414141414
protein_0040,protein_0049,0.12631578947368421
protein_0040,protein_0050,0.14705882352941177
protein_0040,protein_0051,0.18571428571428572
protein_0040,protein_0052,0.08045977011494253
protein_0040,protein_0053,0.11363636363636363
protein_0040,protein_0054,0.13114754098360656
protein_0040,protein_0055,0.1794871794871795
protein_0040,protein_0056,0.13513513513513514
protein_0040,protein_0057,0.22535211267605634
protein_0040,protein_0058,0.3333333333333333
protein_0040,protein_0059,0.13043478260869565
protein_0040,protein_0060,0.12264150943396226
protein_0040,protein_0063,0.107981220657277
protein_0040,protein_0065,0.1650485436893204
protein_0040,protein_0066,0.13725490196078433
protein_0040,protein_0067,0.08791208791208792
protein_0040,protein_0068,0.13829787234042554
protein_0040,protein_0069,0.11458333333333333
protein_0040,protein_0070,0.10227272727272728
protein_0040,protein_0071,0.12087912087912088
protein_0040,protein_0072,0.17142857142857143
protein_0040,protein_0073,0.12643678160919541
protein_0040,protein_0074,0.13978494623655913
protein_0040,protein_0075,0.12371134020618557
protein_0040,protein_0076,0.2602739726027397
protein_0040,protein_0077,0.08045977011494253
protein_0040,protein_0078,0.09900990099009901
protein_0040,protein_0079,0.09900990099009901
protein_0040,protein_0080,0.10344827586206896
protein_0040,protein_0081,0.09195402298850575
protein_0040,protein_0082,0.16
protein_0040,protein_0083,0.11827956989247312
protein_0040,protein_0084,0.11702127659574468
protein_0040,protein_0085,0.16
protein_0040,protein_0086,0.12745098039215685
protein_0040,protein_0087,0.17142857142857143
protein_0040,protein_0088,0.15306122448979592
protein_0040,protein_0089,0.10909090909090909
protein_0040,protein_0090,0.10909090909090909
protein_0040,protein_0091,0.07964601769911504
protein_0040,protein_0092,0.07964601769911504
protein_0040,protein_0093,0.12087912087912088
protein_0040,protein_0094,0.17543859649122806
protein_0040,protein_0095,0.10909090909090909
protein_0040,protein_0096,0.12
protein_0040,protein_0097,0.11363636363636363
protein_0040,protein_0099,0.1414141414141414
protein_0040,protein_0101,0.12643678160919541
protein_0040,protein_0102,0.08045977011494253
protein_0040,protein_0103,0.13793103448275862
protein_0040,protein_0104,0.1282051282051282
protein_0040,protein_0105,0.2753623188405797
protein_0040,protein_0106,0.1206896551724138
protein_0040,protein_0107,0.1
protein_0040,protein_0108,0.12345679012345678
protein_0040,protein_0109,0.20987654320987653
protein_0040,protein_0110,0.11702127659574468
protein_0040,protein_0111,0.08045977011494253
protein_0040,protein_0112,0.12121212121212122
protein_0040,protein_0113,0.14285714285714285
protein_0040,protein_0114,0.13793103448275862
protein_0040,protein_0115,0.1411764705882353
protein_0040,protein_0116,0.14782608695652175
protein_0040,protein_0117,0.14782608695652175
protein_0040,protein_0118,0.22058823529411764
protein_0040,protein_0119,0.13
protein_0040,protein_0120,0.1276595744680851
protein_0040,protein_0121,0.1276595744680851
protein_0040,protein_0122,0.15053763440860216
protein_0040,protein_0123,0.16417910447761194
protein_0040,protein_0124,0.13829787234042554
protein_0040,protein_0125,0.1188118811881188
protein_0040,protein_0126,0.16037735849056603
protein_0040,protein_0127,0.08888888888888889
protein_0040,protein_0129,0.12087912087912088
protein_0040,protein_0130,0.11965811965811966
protein_0040,protein_0131,0.15942028985507245
protein_0040,protein_0132,0.14678899082568808
protein_0040,protein_0133,0.14678899082568808
protein_0040,protein_0134,0.14942528735632185
protein_0040,protein_0136,0.152
protein_0040,protein_0137,0.15267175572519084
protein_0040,protein_0139,0.19402985074626866
protein_0040,protein_0140,0.12087912087912088
protein_0040,protein_0141,0.16129032258064516
protein_0040,protein_0142,0.11956521739130435
protein_0040,protein_0143,0.10227272727272728
protein_0040,protein_0144,0.11363636363636363
protein_0040,protein_0145,0.17142857142857143
protein_0040,protein_0146,0.21052631578947367
protein_0040,protein_0147,0.09090909090909091
protein_0040,protein_0148,0.09183673469387756
protein_0040,protein_0149,0.23076923076923078
protein_0040,protein_0150,0.13186813186813187
protein_0040,protein_0151,0.08791208791208792
protein_0040,protein_0152,0.2191780821917808
protein_0040,protein_0153,0.18181818181818182
protein_0040,protein_0154,0.19318181818181818
protein_0040,protein_0155,0.12396694214876033
protein_0040,protein_0157,0.15294117647058825
protein_0040,protein_0158,0.18571428571428572
protein_0040,protein_0159,0.12643678160919541
protein_0040,protein_0160,0.06896551724137931
protein_0040,protein_0161,0.12195121951219512
protein_0040,protein_0163,0.15
protein_0040,protein_0164,0.10752688172043011
protein_0040,protein_0165,0.15492957746478872
protein_0040,protein_0166,0.11956521739130435
protein_0040,protein_0167,0.11304347826086956
protein_0040,protein_0168,0.13333333333333333
protein_0040,protein_0169,0.1694915254237288
protein_0040,protein_0170,0.11764705882352941
protein_0040,protein_0172,0.15384615384615385
protein_0040,protein_0173,0.11494252873563218
protein_0040,protein_0174,0.10869565217391304
protein_0040,protein_0175,0.06818181818181818
protein_0040,protein_0176,0.18840579710144928
protein_0040,protein_0177,0.15714285714285714
protein_0040,protein_0178,0.10619469026548672
protein_0040,protein_0179,0.10619469026548672
protein_0040,protein_0180,0.15730337078651685
protein_0040,protein_0181,0.13978494623655913
protein_0040,protein_0182,0.08045977011494253
protein_0040,protein_0183,0.09090909090909091
protein_0040,protein_0184,0.08045977011494253
protein_0040,protein_0185,0.11627906976744186
protein_0040,protein_0186,0.1111111111111111
protein_0040,protein_0187,0.08791208791208792
protein_0040,protein_0188,0.2
protein_0040,protein_0189,0.09195402298850575
protein_0040,protein_0190,0.08045977011494253
protein_0040,protein_0191,0.12087912087912088
protein_0040,protein_0192,0.13978494623655913
protein_0040,protein_0193,0.12087912087912088
protein_0040,protein_0194,0.12244897959183673
protein_0040,protein_0195,0.17346938775510204
protein_0040,protein_0196,0.16129032258064516
protein_0040,protein_0197,0.046511627906976744
protein_0040,protein_0198,0.08888888888888889
protein_0040,protein_0199,0.0967741935483871
protein_0040,protein_0201,0.10784313725490197
protein_0040,protein_0202,0.14285714285714285
protein_0040,protein_0203,0.17094017094017094
protein_0040,protein_0204,0.18309859154929578
protein_0040,protein_0205,0.07582938388625593
protein_0040,protein_0206,0.04597701149425287
protein_0040,protein_0208,0.1509433962264151
protein_0040,protein_0209,0.14285714285714285
protein_0040,protein_0210,0.11363636363636363
protein_0040,protein_0211,0.14864864864864866
protein_0040,protein_0212,0.19444444444444445
protein_0040,protein_0214,0.6212121212121212
protein_0040,protein_0217,0.15294117647058825
protein_0040,protein_0218,0.08661417322834646
protein_0040,protein_0219,0.125
protein_0040,protein_0220,0.14893617021276595
protein_0040,protein_0221,0.24285714285714285
protein_0040,protein_0222,0.10989010989010989
protein_0040,protein_0223,0.22857142857142856
protein_0040,protein_0224,0.19402985074626866
protein_0040,protein_0225,0.13186813186813187
protein_0040,protein_0227,0.17105263157894737
protein_0040,protein_0228,0.14473684210526316
protein_0040,protein_0229,0.1411764705882353
protein_0040,protein_0231,0.09090909090909091
protein_0040,protein_0232,0.1625
protein_0040,protein_0233,0.14173228346456693
protein_0040,protein_0234,0.15384615384615385
protein_0040,protein_0235,0.11578947368421053
protein_0040,protein_0237,0.11888111888111888
protein_0040,protein_0238,0.061068702290076333
protein_0040,protein_0239,0.08045977011494253
protein_0040,protein_0240,0.10344827586206896
protein_0040,protein_0241,0.09195402298850575
protein_0040,protein_0242,0.18055555555555555
protein_0040,protein_0243,0.09195402298850575
protein_0040,protein_0244,0.17647058823529413
protein_0040,protein_0245,0.1574074074074074
protein_0040,protein_0246,0.1276595744680851
protein_0040,protein_0247,0.15384615384615385
protein_0040,protein_0248,0.09195402298850575
protein_0040,protein_0249,0.12903225806451613
protein_0040,protein_0250,0.12162162162162163
protein_0040,protein_0251,0.0898876404494382
protein_0040,protein_0252,0.1744186046511628
protein_0040,protein_0253,0.06956521739130435
protein_0040,protein_0254,0.14285714285714285
protein_0040,protein_0255,0.08771929824561403
protein_0040,protein_0257,0.14678899082568808
protein_0040,protein_0258,0.11827956989247312
protein_0040,protein_0259,0.17142857142857143
protein_0040,protein_0261,0.1523809523809524
protein_0040,protein_0262,0.125
protein_0040,protein_0263,0.09285714285714286
protein_0040,protein_0264,0.15730337078651685
protein_0040,protein_0265,0.15730337078651685
protein_0040,protein_0266,0.12222222222222222
protein_0040,protein_0268,0.13095238095238096
protein_0040,protein_0269,0.14285714285714285
protein_0040,protein_0270,0.2602739726027397
protein_0040,protein_0271,0.20833333333333334
protein_0040,protein_0272,0.12179487179487179
protein_0040,protein_0273,0.11538461538461539
protein_0040,protein_0274,0.07692307692307693
protein_0040,protein_0275,0.1559633027522936
protein_0040,protein_0276,0.05747126436781609
protein_0040,protein_0277,0.21428571428571427
protein_0040,protein_0278,0.11578947368421053
protein_0040,protein_0280,0.1411764705882353
protein_0040,protein_0281,0.13392857142857142
protein_0040,protein_0282,0.22857142857142856
protein_0040,protein_0283,0.07272727272727272
protein_0040,protein_0284,0.13978494623655913
protein_0040,protein_0285,0.10526315789473684
protein_0040,protein_0286,0.18055555555555555
protein_0040,protein_0287,0.11818181818181818
protein_0040,protein_0289,0.1891891891891892
protein_0040,protein_0290,0.1523809523809524
protein_0040,protein_0291,0.12962962962962962
protein_0040,protein_0292,0.1791044776119403
protein_0040,protein_0293,0.09574468085106383
protein_0040,protein_0294,0.12962962962962962
protein_0040,protein_0295,0.21428571428571427
protein_0040,protein_0296,0.1565217391304348
protein_0040,protein_0297,0.2
protein_0040,protein_0298,0.14925373134328357
protein_0040,protein_0299,0.16091954022988506
protein_0040,protein_0301,0.1782178217821782
protein_0040,protein_0302,0.07373271889400922
protein_0040,protein_0303,0.13636363636363635
protein_0040,protein_0304,0.19480519480519481
protein_0040,protein_0305,0.1411764705882353
protein_0040,protein_0306,0.1623931623931624
protein_0040,protein_0307,0.17073170731707318
protein_0040,protein_0308,0.13043478260869565
protein_0040,protein_0309,0.11904761904761904
protein_0040,protein_0310,0.1111111111111111
protein_0040,protein_0311,0.08045977011494253
protein_0040,protein_0313,0.13541666666666666
protein_0040,protein_0314,0.1836734693877551
protein_0040,protein_0315,0.1875
protein_0040,protein_0316,0.17567567567567569
protein_0040,protein_0317,0.14563106796116504
protein_0040,protein_0318,0.10714285714285714
protein_0040,protein_0319,0.10752688172043011
protein_0040,protein_0320,0.13978494623655913
protein_0040,protein_0321,0.11363636363636363
protein_0040,protein_0322,0.16091954022988506
protein_0040,protein_0324,0.2361111111111111
protein_0040,protein_0325,0.14414414414414414
protein_0040,protein_0326,0.16455696202531644
protein_0040,protein_0327,0.11578947368421053
protein_0040,protein_0328,0.1574074074074074
protein_0040,protein_0329,0.1574074074074074
protein_0040,protein_0330,0.08045977011494253
protein_0040,protein_0331,0.22535211267605634
protein_0040,protein_0332,0.14772727272727273
protein_0040,protein_0333,0.15151515151515152
protein_0040,protein_0334,0.09090909090909091
protein_0040,protein_0335,0.15
protein_0040,protein_0336,0.17142857142857143
protein_0040,protein_0337,0.13186813186813187
protein_0040,protein_0338,0.08045977011494253
protein_0040,protein_0339,0.18571428571428572
protein_0040,protein_0340,0.12
protein_0040,protein_0342,0.27631578947368424
protein_0040,protein_0343,0.1625
protein_0040,protein_0344,0.16494845360824742
protein_0040,protein_0345,0.15178571428571427
protein_0040,protein_0347,0.17647058823529413
protein_0040,protein_0348,0.14782608695652175
protein_0040,protein_0349,0.12380952380952381
protein_0040,protein_0350,0.08045977011494253
protein_0040,protein_0351,0.16129032258064516
protein_0040,protein_0352,0.16
protein_0040,protein_0353,0.13513513513513514
protein_0040,protein_0354,0.12631578947368421
protein_0040,protein_0355,0.13445378151260504
protein_0040,protein_0357,0.13114754098360656
protein_0040,protein_0359,0.1092436974789916
protein_0040,protein_0360,0.13793103448275862
protein_0040,protein_0361,0.13675213675213677
protein_0040,protein_0362,0.13186813186813187
protein_0040,protein_0363,0.13186813186813187
protein_0040,protein_0364,0.13186813186813187
protein_0040,protein_0365,0.11827956989247312
protein_0040,protein_0367,0.09090909090909091
protein_0040,protein_0368,0.15476190476190477
protein_0040,protein_0369,0.21052631578947367
protein_0040,protein_0371,0.10989010989010989
protein_0040,protein_0372,0.091324200913242
protein_0040,protein_0373,0.15
protein_0040,protein_0374,0.15384615384615385
protein_0040,protein_0375,0.10344827586206896
protein_0040,protein_0376,0.12121212121212122
protein_0040,protein_0377,0.15384615384615385
protein_0040,protein_0378,0.12149532710280374
protein_0040,protein_0379,0.11702127659574468
protein_0040,protein_0380,0.11702127659574468
protein_0040,protein_0381,0.11702127659574468
protein_0040,protein_0382,0.14018691588785046
protein_0040,protein_0383,0.18461538461538463
protein_0040,protein_0384,0.09195402298850575
protein_0040,protein_0385,0.12121212121212122
protein_0040,protein_0386,0.13861386138613863
protein_0040,protein_0387,0.17142857142857143
protein_0040,protein_0388,0.16666666666666666
protein_0040,protein_0389,0.2571428571428571
protein_0040,protein_0390,0.13186813186813187
protein_0040,protein_0391,0.12359550561797752
protein_0040,protein_0392,0.12643678160919541
protein_0040,protein_0393,0.11494252873563218
protein_0040,protein_0394,0.12280701754385964
protein_0040,protein_0395,0.10112359550561797
protein_0040,protein_0396,0.11016949152542373
protein_0040,protein_0397,0.10465116279069768
protein_0040,protein_0398,0.14166666666666666
protein_0040,protein_0399,0.07954545454545454
protein_0047,protein_0000,0.3218390804597701
protein_0047,protein_0001,0.14942528735632185
protein_0047,protein_0002,0.1958762886597938
protein_0047,protein_0003,0.27586206896551724
protein_0047,protein_0005,0.17894736842105263
protein_0047,protein_0006,0.5
protein_0047,protein_0007,0.14772727272727273
protein_0047,protein_0009,0.3409090909090909
protein_0047,protein_0010,0.4835164835164835
protein_0047,protein_0011,0.45977011494252873
protein_0047,protein_0012,0.45977011494252873
protein_0047,protein_0013,0.16091954022988506
protein_0047,protein_0015,0.19469026548672566
protein_0047,protein_0016,0.13725490196078433
protein_0047,protein_0017,0.17054263565891473
protein_0047,protein_0018,0.29545454545454547
protein_0047,protein_0019,0.15555555555555556
protein_0047,protein_0020,0.27586206896551724
protein_0047,protein_0021,0.18446601941747573
protein_0047,protein_0022,0.17525773195876287
protein_0047,protein_0023,0.2
protein_0047,protein_0024,0.13008130081300814
protein_0047,protein_0025,0.25287356321839083
protein_0047,protein_0026,0.14074074074074075
protein_0047,protein_0028,0.12727272727272726
protein_0047,protein_0029,0.13541666666666666
protein_0047,protein_0030,0.1386861313868613
protein_0047,protein_0031,0.16363636363636364
protein_0047,protein_0033,0.4827586206896552
protein_0047,protein_0034,0.4367816091954023
protein_0047,protein_0035,0.10679611650485436
protein_0047,protein_0036,0.15053763440860216
protein_0047,protein_0037,0.2413793103448276
protein_0047,protein_0038,0.2413793103448276
protein_0047,protein_0039,0.3522727272727273
protein_0047,protein_0041,0.2988505747126437
protein_0047,protein_0042,0.2159090909090909
protein_0047,protein_0043,0.27586206896551724
protein_0047,protein_0044,0.28735632183908044
protein_0047,protein_0045,0.2840909090909091
protein_0047,protein_0046,0.16853932584269662
protein_0047,protein_0048,0.8620689655172413
protein_0047,protein_0049,0.7241379310344828
protein_0047,protein_0050,0.16037735849056603
protein_0047,protein_0051,0.19101123595505617
protein_0047,protein_0052,0.27586206896551724
protein_0047,protein_0053,0.3793103448275862
protein_0047,protein_0054,0.09401709401709402
protein_0047,protein_0055,0.10833333333333334
protein_0047,protein_0056,0.14782608695652175
protein_0047,protein_0057,0.1590909090909091
protein_0047,protein_0058,0.14285714285714285
protein_0047,protein_0059,0.27586206896551724
protein_0047,protein_0060,0.14285714285714285
protein_0047,protein_0063,0.0892018779342723
protein_0047,protein_0065,0.13861386138613863
protein_0047,protein_0066,0.15454545454545454
protein_0047,protein_0067,0.4606741573033708
protein_0047,protein_0068,0.25287356321839083
protein_0047,protein_0069,0.4367816091954023
protein_0047,protein_0070,0.2777777777777778
protein_0047,protein_0071,0.27586206896551724
protein_0047,protein_0072,0.12643678160919541
protein_0047,protein_0073,0.3218390804597701
protein_0047,protein_0074,0.2
protein_0047,protein_0075,0.19047619047619047
protein_0047,protein_0076,0.13829787234042554
protein_0047,protein_0077,0.2988505747126437
protein_0047,protein_0078,0.1792452830188679
protein_0047,protein_0079,0.1792452830188679
protein_0047,protein_0080,0.28735632183908044
protein_0047,protein_0081,0.26436781609195403
protein_0047,protein_0082,0.11650485436893204
protein_0047,protein_0083,0.40229885057471265
protein_0047,protein_0084,0.3333333333333333
protein_0047,protein_0085,0.1346153846153846
protein_0047,protein_0086,0.125
protein_0047,protein_0087,0.13636363636363635
protein_0047,protein_0088,0.25287356321839083
protein_0047,protein_0089,0.15126050420168066
protein_0047,protein_0090,0.15966386554621848
protein_0047,protein_0091,0.1724137931034483
protein_0047,protein_0092,0.1724137931034483
protein_0047,protein_0093,0.42528735632183906
protein_0047,protein_0094,0.15447154471544716
protein_0047,protein_0095,0.15126050420168066
protein_0047,protein_0096,0.13761467889908258
protein_0047,protein_0097,0.3793103448275862
protein_0047,protein_0099,0.14634146341463414
protein_0047,protein_0101,0.3218390804597701
protein_0047,protein_0102,0.28735632183908044
protein_0047,protein_0103,0.26436781609195403
protein_0047,protein_0104,0.1487603305785124
protein_0047,protein_0105,0.12631578947368421
protein_0047,protein_0106,0.15966386554621848
protein_0047,protein_0107,0.32954545454545453
protein_0047,protein_0108,0.22727272727272727
protein_0047,protein_0109,0.12643678160919541
protein_0047,protein_0110,0.40229885057471265
protein_0047,protein_0111,0.27586206896551724
protein_0047,protein_0112,0.12037037037037036
protein_0047,protein_0113,0.45454545454545453
protein_0047,protein_0114,0.2988505747126437
protein_0047,protein_0115,0.22988505747126436
protein_0047,protein_0116,0.1557377049180328
protein_0047,protein_0117,0.1557377049180328
protein_0047,protein_0118,0.1724137931034483
protein_0047,protein_0119,0.13725490196078433
protein_0047,protein_0120,0.31868131868131866
protein_0047,protein_0121,0.31868131868131866
protein_0047,protein_0122,0.24175824175824176
protein_0047,protein_0123,0.16483516483516483
protein_0047,protein_0124,0.2988505747126437
protein_0047,protein_0125,0.15151515151515152
protein_0047,protein_0126,0.09090909090909091
protein_0047,protein_0127,0.2840909090909091
protein_0047,protein_0129,0.2247191011235955
protein_0047,protein_0130,0.1885245901639344
protein_0047,protein_0131,0.14942528735632185
protein_0047,protein_0132,0.20909090909090908
protein_0047,protein_0133,0.20909090909090908
protein_0047,protein_0134,0.25842696629213485
protein_0047,protein_0136,0.12605042016806722
protein_0047,protein_0137,0.13709677419354838
protein_0047,protein_0139,0.13793103448275862
protein_0047,protein_0140,0.4942528735632184
protein_0047,protein_0141,0.25555555555555554
protein_0047,protein_0142,0.40229885057471265
protein_0047,protein_0143,0.3
protein_0047,protein_0144,0.26436781609195403
protein_0047,protein_0145,0.12643678160919541
protein_0047,protein_0146,0.1590909090909091
protein_0047,protein_0147,0.3563218390804598
protein_0047,protein_0148,0.3103448275862069
protein_0047,protein_0149,0.16091954022988506
protein_0047,protein_0150,0.27586206896551724
protein_0047,protein_0151,0.18681318681318682
protein_0047,protein_0152,0.14736842105263157
protein_0047,protein_0153,0.17582417582417584
protein_0047,protein_0154,0.1958762886597938
protein_0047,protein_0155,0.1452991452991453
protein_0047,protein_0157,0.17777777777777778
protein_0047,protein_0158,0.16091954022988506
protein_0047,protein_0159,0.28735632183908044
protein_0047,protein_0160,0.2840909090909091
protein_0047,protein_0161,0.1440677966101695
protein_0047,protein_0163,0.13636363636363635
protein_0047,protein_0164,0.25287356321839083
protein_0047,protein_0165,0.1724137931034483
protein_0047,protein_0166,0.22988505747126436
protein_0047,protein_0167,0.16964285714285715
protein_0047,protein_0168,0.14285714285714285
protein_0047,protein_0169,0.13445378151260504
protein_0047,protein_0170,0.26436781609195403
protein_0047,protein_0172,0.14166666666666666
protein_0047,protein_0173,0.3218390804597701
protein_0047,protein_0174,0.27586206896551724
protein_0047,protein_0175,0.26436781609195403
protein_0047,protein_0176,0.17045454545454544
protein_0047,protein_0177,0.14444444444444443
protein_0047,protein_0178,0.1504424778761062
protein_0047,protein_0179,0.1592920353982301
protein_0047,protein_0180,0.23333333333333334
protein_0047,protein_0181,0.4482758620689655
protein_0047,protein_0182,0.3218390804597701
protein_0047,protein_0183,0.17699115044247787
protein_0047,protein_0184,0.27586206896551724
protein_0047,protein_0185,0.21212121212121213
protein_0047,protein_0186,0.168141592920354
protein_0047,protein_0187,0.26436781609195403
protein_0047,protein_0188,0.14942528735632185
protein_0047,protein_0189,0.28735632183908044
protein_0047,protein_0190,0.42528735632183906
protein_0047,protein_0191,0.25287356321839083
protein_0047,protein_0192,0.28735632183908044
protein_0047,protein_0193,0.3258426966292135
protein_0047,protein_0194,0.27586206896551724
protein_0047,protein_0195,0.4431818181818182
protein_0047,protein_0196,0.42528735632183906
protein_0047,protein_0197,0.5287356321839081
protein_0047,protein_0198,0.2808988764044944
protein_0047,protein_0199,0.18085106382978725
protein_0047,protein_0201,0.1743119266055046
protein_0047,protein_0202,0.4044943820224719
protein_0047,protein_0203,0.17094017094017094
protein_0047,protein_0204,0.1839080459770115
protein_0047,protein_0205,0.10328638497652583
protein_0047,protein_0206,0.4482758620689655
protein_0047,protein_0208,0.13761467889908258
protein_0047,protein_0209,0.28735632183908044
protein_0047,protein_0210,0.29213483146067415
protein_0047,protein_0211,0.14606741573033707
protein_0047,protein_0212,0.13043478260869565
protein_0047,protein_0214,0.12359550561797752
protein_0047,protein_0217,0.15053763440860216
protein_0047,protein_0218,0.1417910447761194
protein_0047,protein_0219,0.16129032258064516
protein_0047,protein_0220,0.21839080459770116
protein_0047,protein_0221,0.10869565217391304
protein_0047,protein_0222,0.7241379310344828
protein_0047,protein_0223,0.11494252873563218
protein_0047,protein_0224,0.12643678160919541
protein_0047,protein_0225,0.125
protein_0047,protein_0227,0.1797752808988764
protein_0047,protein_0228,0.22580645161290322
protein_0047,protein_0229,0.16129032258064516
protein_0047,protein_0231,0.32222222222222224
protein_0047,protein_0232,0.1724137931034483
protein_0047,protein_0233,0.13846153846153847
protein_0047,protein_0234,0.15
protein_0047,protein_0235,0.15841584158415842
protein_0047,protein_0237,0.42528735632183906
protein_0047,protein_0238,0.16417910447761194
protein_0047,protein_0239,0.27586206896551724
protein_0047,protein_0240,0.27586206896551724
protein_0047,protein_0241,0.28888888888888886
protein_0047,protein_0242,0.13793103448275862
protein_0047,protein_0243,0.27472527472527475
protein_0047,protein_0244,0.16483516483516483
protein_0047,protein_0245,0.19658119658119658
protein_0047,protein_0246,0.16666666666666666
protein_0047,protein_0247,0.1590909090909091
protein_0047,protein_0248,0.28735632183908044
protein_0047,protein_0249,0.2840909090909091
protein_0047,protein_0250,0.14414414414414414
protein_0047,protein_0251,0.125
protein_0047,protein_0252,0.14736842105263157
protein_0047,protein_0253,0.16101694915254236
protein_0047,protein_0254,0.13793103448275862
protein_0047,protein_0255,0.0935672514619883
protein_0047,protein_0257,0.1320754716981132
protein_0047,protein_0258,0.4
protein_0047,protein_0259,0.16483516483516483
protein_0047,protein_0261,0.14
protein_0047,protein_0262,0.13970588235294118
protein_0047,protein_0263,0.1103448275862069
protein_0047,protein_0264,0.28735632183908044
protein_0047,protein_0265,0.28735632183908044
protein_0047,protein_0266,0.18478260869565216
protein_0047,protein_0268,0.1797752808988764
protein_0047,protein_0269,0.19491525423728814
protein_0047,protein_0270,0.12643678160919541
protein_0047,protein_0271,0.1590909090909091
protein_0047,protein_0272,0.4827586206896552
protein_0047,protein_0273,0.4827586206896552
protein_0047,protein_0274,0.1978021978021978
protein_0047,protein_0275,0.1650485436893204
protein_0047,protein_0276,0.26436781609195403
protein_0047,protein_0277,0.14942528735632185
protein_0047,protein_0278,0.2903225806451613
protein_0047,protein_0280,0.2696629213483146
protein_0047,protein_0281,0.1794871794871795
protein_0047,protein_0282,0.15217391304347827
protein_0047,protein_0283,0.0958904109589041
protein_0047,protein_0284,0.22988505747126436
protein_0047,protein_0285,0.45454545454545453
protein_0047,protein_0286,0.14942528735632185
protein_0047,protein_0287,0.18518518518518517
protein_0047,protein_0289,0.13
protein_0047,protein_0290,0.1553398058252427
protein_0047,protein_0291,0.2413793103448276
protein_0047,protein_0292,0.18181818181818182
protein_0047,protein_0293,0.1956521739130435
protein_0047,protein_0294,0.22988505747126436
protein_0047,protein_0295,0.13793103448275862
protein_0047,protein_0296,0.11504424778761062
protein_0047,protein_0297,0.15053763440860216
protein_0047,protein_0298,0.14942528735632185
protein_0047,protein_0299,0.16326530612244897
protein_0047,protein_0301,0.17708333333333334
protein_0047,protein_0302,0.08755760368663594
protein_0047,protein_0303,0.25555555555555554
protein_0047,protein_0304,0.14
protein_0047,protein_0305,0.18811881188118812
protein_0047,protein_0306,0.10833333333333334
protein_0047,protein_0307,0.12
protein_0047,protein_0308,0.13333333333333333
protein_0047,protein_0309,0.14563106796116504
protein_0047,protein_0310,0.16822429906542055
protein_0047,protein_0311,0.28735632183908044
protein_0047,protein_0313,0.25
protein_0047,protein_0314,0.09433962264150944
protein_0047,protein_0315,0.1694915254237288
protein_0047,protein_0316,0.11494252873563218
protein_0047,protein_0317,0.17
protein_0047,protein_0318,0.15702479338842976
protein_0047,protein_0319,0.41379310344827586
protein_0047,protein_0320,0.2840909090909091
protein_0047,protein_0321,0.21978021978021978
protein_0047,protein_0322,0.23863636363636365
protein_0047,protein_0324,0.13793103448275862
protein_0047,protein_0325,0.14166666666666666
protein_0047,protein_0326,0.14583333333333334
protein_0047,protein_0327,0.27586206896551724
protein_0047,protein_0328,0.12931034482758622
protein_0047,protein_0329,0.12931034482758622
protein_0047,protein_0330,0.42528735632183906
protein_0047,protein_0331,0.12643678160919541
protein_0047,protein_0332,0.28888888888888886
protein_0047,protein_0333,0.2222222222222222
protein_0047,protein_0334,0.20833333333333334
protein_0047,protein_0335,0.1509433962264151
protein_0047,protein_0336,0.16091954022988506
protein_0047,protein_0337,0.34831460674157305
protein_0047,protein_0338,0.27586206896551724
protein_0047,protein_0339,0.13793103448275862
protein_0047,protein_0340,0.1
protein_0047,protein_0342,0.13793103448275862
protein_0047,protein_0343,0.13636363636363635
protein_0047,protein_0344,0.35555555555555557
protein_0047,protein_0345,0.10869565217391304
protein_0047,protein_0347,0.17894736842105263
protein_0047,protein_0348,0.11029411764705882
protein_0047,protein_0349,0.1792452830188679
protein_0047,protein_0350,0.3218390804597701
protein_0047,protein_0351,0.40229885057471265
protein_0047,protein_0352,0.14444444444444443
protein_0047,protein_0353,0.13559322033898305
protein_0047,protein_0354,0.22988505747126436
protein_0047,protein_0355,0.3218390804597701
protein_0047,protein_0357,0.09166666666666666
protein_0047,protein_0359,0.12195121951219512
protein_0047,protein_0360,0.28735632183908044
protein_0047,protein_0361,0.16806722689075632
protein_0047,protein_0362,0.24468085106382978
protein_0047,protein_0363,0.24468085106382978
protein_0047,protein_0364,0.20689655172413793
protein_0047,protein_0365,0.23595505617977527
protein_0047,protein_0367,0.17475728155339806
protein_0047,protein_0368,0.14130434782608695
protein_0047,protein_0369,0.1188118811881188
protein_0047,protein_0371,0.29545454545454547
protein_0047,protein_0372,0.0963302752293578
protein_0047,protein_0373,0.19090909090909092
protein_0047,protein_0374,0.15126050420168066
protein_0047,protein_0375,0.3103448275862069
protein_0047,protein_0376,0.13513513513513514
protein_0047,protein_0377,0.20689655172413793
protein_0047,protein_0378,0.11403508771929824
protein_0047,protein_0379,0.18446601941747573
protein_0047,protein_0380,0.18446601941747573
protein_0047,protein_0381,0.18446601941747573
protein_0047,protein_0382,0.24444444444444444
protein_0047,protein_0383,0.14772727272727273
protein_0047,protein_0384,0.2988505747126437
protein_0047,protein_0385,0.168141592920354
protein_0047,protein_0386,0.13592233009708737
protein_0047,protein_0387,0.12380952380952381
protein_0047,protein_0388,0.12359550561797752
protein_0047,protein_0389,0.09574468085106383
protein_0047,protein_0390,0.47126436781609193
protein_0047,protein_0391,0.18888888888888888
protein_0047,protein_0392,0.29213483146067415
protein_0047,protein_0393,0.3146067415730337
protein_0047,protein_0394,0.15833333333333333
protein_0047,protein_0395,0.22580645161290322
protein_0047,protein_0396,0.13445378151260504
protein_0047,protein_0397,0.2777777777777778
protein_0047,protein_0398,0.12903225806451613
protein_0047,protein_0399,0.3333333333333333
protein_0061,protein_0000,0.2222222222222222
protein_0061,protein_0001,0.1590909090909091
protein_0061,protein_0002,0.10227272727272728
protein_0061,protein_0003,0.23333333333333334
protein_0061,protein_0005,0.16494845360824742
protein_0061,protein_0006,0.16483516483516483
protein_0061,protein_0007,0.16666666666666666
protein_0061,protein_0009,0.22826086956521738
protein_0061,protein_0010,0.1958762886597938
protein_0061,protein_0011,0.22826086956521738
protein_0061,protein_0012,0.22105263157894736
protein_0061,protein_0013,0.19101123595505617
protein_0061,protein_0015,0.16666666666666666
protein_0061,protein_0016,0.18181818181818182
protein_0061,protein_0017,0.1328125
protein_0061,protein_0018,0.2717391304347826
protein_0061,protein_0019,0.1797752808988764
protein_0061,protein_0020,0.14130434782608695
protein_0061,protein_0021,0.18478260869565216
protein_0061,protein_0022,0.14583333333333334
protein_0061,protein_0023,0.13131313131313133
protein_0061,protein_0024,0.1721311475409836
protein_0061,protein_0025,0.2
protein_0061,protein_0026,0.10852713178294573
protein_0061,protein_0028,0.21904761904761905
protein_0061,protein_0029,0.14772727272727273
protein_0061,protein_0030,0.17829457364341086
protein_0061,protein_0031,0.16981132075471697
protein_0061,protein_0033,0.26373626373626374
protein_0061,protein_0034,0.2
protein_0061,protein_0035,0.14705882352941177
protein_0061,protein_0036,0.23863636363636365
protein_0061,protein_0037,0.23076923076923078
protein_0061,protein_0038,0.23076923076923078
protein_0061,protein_0039,0.24731182795698925
protein_0061,protein_0041,0.1956521739130435
protein_0061,protein_0042,0.16853932584269662
protein_0061,protein_0043,0.21739130434782608
protein_0061,protein_0044,0.17582417582417584
protein_0061,protein_0045,0.20833333333333334
protein_0061,protein_0046,0.1797752808988764
protein_0061,protein_0048,0.18681318681318682
protein_0061,protein_0049,0.16666666666666666
protein_0061,protein_0050,0.14563106796116504
protein_0061,protein_0051,0.20224719101123595
protein_0061,protein_0052,0.24175824175824176
protein_0061,protein_0053,0.21649484536082475
protein_0061,protein_0054,0.1652892561983471
protein_0061,protein_0055,0.16101694915254236
protein_0061,protein_0056,0.1388888888888889
protein_0061,protein_0057,0.16666666666666666
protein_0061,protein_0058,0.1836734693877551
protein_0061,protein_0059,0.21978021978021978
protein_0061,protein_0060,0.1574074074074074
protein_0061,protein_0063,0.11214953271028037
protein_0061,protein_0065,0.1891891891891892
protein_0061,protein_0066,0.14678899082568808
protein_0061,protein_0067,0.18888888888888888
protein_0061,protein_0068,0.21739130434782608
protein_0061,protein_0069,0.1956521739130435
protein_0061,protein_0070,0.17708333333333334
protein_0061,protein_0071,0.17777777777777778
protein_0061,protein_0072,0.1797752808988764
protein_0061,protein_0073,0.22916666666666666
protein_0061,protein_0074,0.10638297872340426
protein_0061,protein_0075,0.18
protein_0061,protein_0076,0.14606741573033707
protein_0061,protein_0077,0.21739130434782608
protein_0061,protein_0078,0.16346153846153846
protein_0061,protein_0079,0.16346153846153846
protein_0061,protein_0080,0.18085106382978725
protein_0061,protein_0081,0.1702127659574468
protein_0061,protein_0082,0.12280701754385964
protein_0061,protein_0083,0.2111111111111111
protein_0061,protein_0084,0.23333333333333334
protein_0061,protein_0085,0.11206896551724138
protein_0061,protein_0086,0.13157894736842105
protein_0061,protein_0087,0.15053763440860216
protein_0061,protein_0088,0.22916666666666666
protein_0061,protein_0089,0.13114754098360656
protein_0061,protein_0090,0.13178294573643412
protein_0061,protein_0091,0.1271186440677966
protein_0061,protein_0092,0.1271186440677966
protein_0061,protein_0093,0.19148936170212766
protein_0061,protein_0094,0.17391304347826086
protein_0061,protein_0095,0.15447154471544716
protein_0061,protein_0096,0.21296296296296297
protein_0061,protein_0097,0.22916666666666666
protein_0061,protein_0099,0.18446601941747573
protein_0061,protein_0101,0.24468085106382978
protein_0061,protein_0102,0.2
protein_0061,protein_0103,0.2127659574468085
protein_0061,protein_0104,0.15833333333333333
protein_0061,protein_0105,0.13186813186813187
protein_0061,protein_0106,0.1693548387096774
protein_0061,protein_0107,0.2631578947368421
protein_0061,protein_0108,0.23333333333333334
protein_0061,protein_0109,0.16304347826086957
protein_0061,protein_0110,0.23076923076923078
protein_0061,protein_0111,0.20652173913043478
protein_0061,protein_0112,0.16831683168316833
protein_0061,protein_0113,0.21978021978021978
protein_0061,protein_0114,0.22580645161290322
protein_0061,protein_0115,0.2247191011235955
protein_0061,protein_0116,0.17699115044247787
protein_0061,protein_0117,0.17699115044247787
protein_0061,protein_0118,0.1590909090909091
protein_0061,protein_0119,0.17117117117117117
protein_0061,protein_0120,0.2127659574468085
protein_0061,protein_0121,0.2127659574468085
protein_0061,protein_0122,0.23076923076923078
protein_0061,protein_0123,0.1590909090909091
protein_0061,protein_0124,0.21978021978021978
protein_0061,protein_0125,0.16666666666666666
protein_0061,protein_0126,0.20588235294117646
protein_0061,protein_0127,0.23157894736842105
protein_0061,protein_0129,0.2222222222222222
protein_0061,protein_0130,0.15079365079365079
protein_0061,protein_0131,0.11363636363636363
protein_0061,protein_0132,0.1875
protein_0061,protein_0133,0.1875
protein_0061,protein_0134,0.18888888888888888
protein_0061,protein_0136,0.17094017094017094
protein_0061,protein_0137,0.16101694915254236
protein_0061,protein_0139,0.18181818181818182
protein_0061,protein_0140,0.20833333333333334
protein_0061,protein_0141,0.24175824175824176
protein_0061,protein_0142,0.22340425531914893
protein_0061,protein_0143,0.18888888888888888
protein_0061,protein_0144,0.18888888888888888
protein_0061,protein_0145,0.18681318681318682
protein_0061,protein_0146,0.14444444444444443
protein_0061,protein_0147,0.2222222222222222
protein_0061,protein_0148,0.24468085106382978
protein_0061,protein_0149,0.17777777777777778
protein_0061,protein_0150,0.20652173913043478
protein_0061,protein_0151,0.28888888888888886
protein_0061,protein_0152,0.17582417582417584
protein_0061,protein_0153,0.19387755102040816
protein_0061,protein_0154,0.19101123595505617
protein_0061,protein_0155,0.16806722689075632
protein_0061,protein_0157,0.2111111111111111
protein_0061,protein_0158,0.16483516483516483
protein_0061,protein_0159,0.18085106382978725
protein_0061,protein_0160,0.18947368421052632
protein_0061,protein_0161,0.175
protein_0061,protein_0163,0.17117117117117117
protein_0061,protein_0164,0.22826086956521738
protein_0061,protein_0165,0.18181818181818182
protein_0061,protein_0166,0.25
protein_0061,protein_0167,0.11607142857142858
protein_0061,protein_0168,0.11607142857142858
protein_0061,protein_0169,0.13675213675213677
protein_0061,protein_0170,0.1797752808988764
protein_0061,protein_0172,0.15671641791044777
protein_0061,protein_0173,0.2087912087912088
protein_0061,protein_0174,0.18888888888888888
protein_0061,protein_0175,0.1875
protein_0061,protein_0176,0.14772727272727273
protein_0061,protein_0177,0.1590909090909091
protein_0061,protein_0178,0.12389380530973451
protein_0061,protein_0179,0.12389380530973451
protein_0061,protein_0180,0.14444444444444443
protein_0061,protein_0181,0.2
protein_0061,protein_0182,0.17204301075268819
protein_0061,protein_0183,0.14814814814814814
protein_0061,protein_0184,0.23076923076923078
protein_0061,protein_0185,0.20408163265306123
protein_0061,protein_0186,0.14814814814814814
protein_0061,protein_0187,0.19791666666666666
protein_0061,protein_0188,0.13636363636363635
protein_0061,protein_0189,0.2087912087912088
protein_0061,protein_0190,0.17777777777777778
protein_0061,protein_0191,0.2268041237113402
protein_0061,protein_0192,0.21348314606741572
protein_0061,protein_0193,0.2087912087912088
protein_0061,protein_0194,0.18478260869565216
protein_0061,protein_0195,0.18888888888888888
protein_0061,protein_0196,0.2
protein_0061,protein_0197,0.18888888888888888
protein_0061,protein_0198,0.2222222222222222
protein_0061,protein_0199,0.34408602150537637
protein_0061,protein_0201,0.19444444444444445
protein_0061,protein_0202,0.1956521739130435
protein_0061,protein_0203,0.1282051282051282
protein_0061,protein_0204,0.17045454545454544
protein_0061,protein_0205,0.13270142180094788
protein_0061,protein_0206,0.24742268041237114
protein_0061,protein_0208,0.14018691588785046
protein_0061,protein_0209,0.20652173913043478
protein_0061,protein_0210,0.21978021978021978
protein_0061,protein_0211,0.1792452830188679
protein_0061,protein_0212,0.17045454545454544
protein_0061,protein_0214,0.13
protein_0061,protein_0217,0.18681318681318682
protein_0061,protein_0218,0.18115942028985507
protein_0061,protein_0219,0.19327731092436976
protein_0061,protein_0220,0.23076923076923078
protein_0061,protein_0221,0.13978494623655913
protein_0061,protein_0222,0.16666666666666666
protein_0061,protein_0223,0.12371134020618557
protein_0061,protein_0224,0.15053763440860216
protein_0061,protein_0225,0.14444444444444443
protein_0061,protein_0227,0.15217391304347827
protein_0061,protein_0228,0.21649484536082475
protein_0061,protein_0229,0.14285714285714285
protein_0061,protein_0231,0.18478260869565216
protein_0061,protein_0232,0.2
protein_0061,protein_0233,0.16279069767441862
protein_0061,protein_0234,0.2222222222222222
protein_0061,protein_0235,0.21428571428571427
protein_0061,protein_0237,0.23404255319148937
protein_0061,protein_0238,0.16030534351145037
protein_0061,protein_0239,0.20430107526881722
protein_0061,protein_0240,0.15384615384615385
protein_0061,protein_0241,0.20430107526881722
protein_0061,protein_0242,0.13043478260869565
protein_0061,protein_0243,0.18681318681318682
protein_0061,protein_0244,0.2222222222222222
protein_0061,protein_0245,0.13333333333333333
protein_0061,protein_0246,0.1782178217821782
protein_0061,protein_0247,0.18269230769230768
protein_0061,protein_0248,0.20833333333333334
protein_0061,protein_0249,0.17894736842105263
protein_0061,protein_0250,0.13636363636363635
protein_0061,protein_0251,0.18478260869565216
protein_0061,protein_0252,0.14893617021276595
protein_0061,protein_0253,0.13157894736842105
protein_0061,protein_0254,0.1111111111111111
protein_0061,protein_0255,0.1111111111111111
protein_0061,protein_0257,0.18269230769230768
protein_0061,protein_0258,0.23333333333333334
protein_0061,protein_0259,0.15730337078651685
protein_0061,protein_0261,0.1743119266055046
protein_0061,protein_0262,0.13138686131386862
protein_0061,protein_0263,0.14285714285714285
protein_0061,protein_0264,0.2087912087912088
protein_0061,protein_0265,0.2087912087912088
protein_0061,protein_0266,0.15
protein_0061,protein_0268,0.18681318681318682
protein_0061,protein_0269,0.175
protein_0061,protein_0270,0.19318181818181818
protein_0061,protein_0271,0.14444444444444443
protein_0061,protein_0272,0.21875
protein_0061,protein_0273,0.2604166666666667
protein_0061,protein_0274,0.3076923076923077
protein_0061,protein_0275,0.15454545454545454
protein_0061,protein_0276,0.21739130434782608
protein_0061,protein_0277,0.17045454545454544
protein_0061,protein_0278,0.21
protein_0061,protein_0280,0.22826086956521738
protein_0061,protein_0281,0.14960629921259844
protein_0061,protein_0282,0.14736842105263157
protein_0061,protein_0283,0.13574660633484162
protein_0061,protein_0284,0.21739130434782608
protein_0061,protein_0285,0.2087912087912088
protein_0061,protein_0286,0.16494845360824742
protein_0061,protein_0287,0.2288135593220339
protein_0061,protein_0289,0.125
protein_0061,protein_0290,0.14285714285714285
protein_0061,protein_0291,0.17272727272727273
protein_0061,protein_0292,0.15789473684210525
protein_0061,protein_0293,0.3010752688172043
protein_0061,protein_0294,0.17272727272727273
protein_0061,protein_0295,0.15555555555555556
protein_0061,protein_0296,0.14655172413793102
protein_0061,protein_0297,0.16853932584269662
protein_0061,protein_0298,0.14772727272727273
protein_0061,protein_0299,0.20833333333333334
protein_0061,protein_0301,0.16666666666666666
protein_0061,protein_0302,0.12217194570135746
protein_0061,protein_0303,0.25274725274725274
protein_0061,protein_0304,0.14130434782608695
protein_0061,protein_0305,0.21212121212121213
protein_0061,protein_0306,0.16101694915254236
protein_0061,protein_0307,0.15126050420168066
protein_0061,protein_0308,0.17796610169491525
protein_0061,protein_0309,0.16161616161616163
protein_0061,protein_0310,0.18181818181818182
protein_0061,protein_0311,0.18085106382978725
protein_0061,protein_0313,0.18681318681318682
protein_0061,protein_0314,0.16363636363636364
protein_0061,protein_0315,0.16806722689075632
protein_0061,protein_0316,0.18181818181818182
protein_0061,protein_0317,0.16666666666666666
protein_0061,protein_0318,0.13043478260869565
protein_0061,protein_0319,0.2
protein_0061,protein_0320,0.17894736842105263
protein_0061,protein_0321,0.4090909090909091
protein_0061,protein_0322,0.23595505617977527
protein_0061,protein_0324,0.14444444444444443
protein_0061,protein_0325,0.1694915254237288
protein_0061,protein_0326,0.22
protein_0061,protein_0327,0.2553191489361702
protein_0061,protein_0328,0.16101694915254236
protein_0061,protein_0329,0.16101694915254236
protein_0061,protein_0330,0.22580645161290322
protein_0061,protein_0331,0.15730337078651685
protein_0061,protein_0332,0.23076923076923078
protein_0061,protein_0333,0.1523809523809524
protein_0061,protein_0334,0.3888888888888889
protein_0061,protein_0335,0.12962962962962962
protein_0061,protein_0336,0.16853932584269662
protein_0061,protein_0337,0.1978021978021978
protein_0061,protein_0338,0.2
protein_0061,protein_0339,0.17346938775510204
protein_0061,protein_0340,0.17592592592592593
protein_0061,protein_0342,0.16129032258064516
protein_0061,protein_0343,0.16304347826086957
protein_0061,protein_0344,0.23076923076923078
protein_0061,protein_0345,0.175
protein_0061,protein_0347,0.17045454545454544
protein_0061,protein_0348,0.14166666666666666
protein_0061,protein_0349,0.2037037037037037
protein_0061,protein_0350,0.24175824175824176
protein_0061,protein_0351,0.2
protein_0061,protein_0352,0.1590909090909091
protein_0061,protein_0353,0.15254237288135594
protein_0061,protein_0354,0.19148936170212766
protein_0061,protein_0355,0.1978021978021978
protein_0061,protein_0357,0.1487603305785124
protein_0061,protein_0359,0.12605042016806722
protein_0061,protein_0360,0.24444444444444444
protein_0061,protein_0361,0.1889763779527559
protein_0061,protein_0362,0.25274725274725274
protein_0061,protein_0363,0.25274725274725274
protein_0061,protein_0364,0.24731182795698925
protein_0061,protein_0365,0.29292929292929293
protein_0061,protein_0367,0.15
protein_0061,protein_0368,0.13541666666666666
protein_0061,protein_0369,0.16304347826086957
protein_0061,protein_0371,0.2391304347826087
protein_0061,protein_0372,0.1095890410958904
protein_0061,protein_0373,0.1559633027522936
protein_0061,protein_0374,0.16666666666666666
protein_0061,protein_0375,0.17777777777777778
protein_0061,protein_0376,0.15151515151515152
protein_0061,protein_0377,0.21978021978021978
protein_0061,protein_0378,0.17592592592592593
protein_0061,protein_0379,0.21
protein_0061,protein_0380,0.21
protein_0061,protein_0381,0.21
protein_0061,protein_0382,0.23157894736842105
protein_0061,protein_0383,0.17391304347826086
protein_0061,protein_0384,0.22105263157894736
protein_0061,protein_0385,0.17592592592592593
protein_0061,protein_0386,0.1346153846153846
protein_0061,protein_0387,0.1941747572815534
protein_0061,protein_0388,0.17045454545454544
protein_0061,protein_0389,0.14893617021276595
protein_0061,protein_0390,0.23157894736842105
protein_0061,protein_0391,0.7727272727272727
protein_0061,protein_0392,0.17894736842105263
protein_0061,protein_0393,0.17894736842105263
protein_0061,protein_0394,0.1282051282051282
protein_0061,protein_0395,0.3707865168539326
protein_0061,protein_0396,0.184
protein_0061,protein_0397,0.22727272727272727
protein_0061,protein_0398,0.14285714285714285
protein_0061,protein_0399,0.2111111111111111
protein_0062,protein_0000,0.3563218390804598
protein_0062,protein_0001,0.14130434782608695
protein_0062,protein_0002,0.16853932584269662
protein_0062,protein_0003,0.5517241379310345
protein_0062,protein_0005,0.14772727272727273
protein_0062,protein_0006,0.36363636363636365
protein_0062,protein_0007,0.15555555555555556
protein_0062,protein_0009,0.21839080459770116
protein_0062,protein_0010,0.3218390804597701
protein_0062,protein_0011,0.3218390804597701
protein_0062,protein_0012,0.3218390804597701
protein_0062,protein_0013,0.19540229885057472
protein_0062,protein_0015,0.18446601941747573
protein_0062,protein_0016,0.17757009345794392
protein_0062,protein_0017,0.13953488372093023
protein_0062,protein_0018,0.3103448275862069
protein_0062,protein_0019,0.17894736842105263
protein_0062,protein_0020,0.38202247191011235
protein_0062,protein_0021,0.18681318681318682
protein_0062,protein_0022,0.14583333333333334
protein_0062,protein_0023,0.18556701030927836
protein_0062,protein_0024,0.13675213675213677
protein_0062,protein_0025,0.3103448275862069
protein_0062,protein_0026,0.13138686131386862
protein_0062,protein_0028,0.10619469026548672
protein_0062,protein_0029,0.19101123595505617
protein_0062,protein_0030,0.16030534351145037
protein_0062,protein_0031,0.1941747572815534
protein_0062,protein_0033,0.3793103448275862
protein_0062,protein_0034,0.33707865168539325
protein_0062,protein_0035,0.21621621621621623
protein_0062,protein_0036,0.15217391304347827
protein_0062,protein_0037,0.2696629213483146
protein_0062,protein_0038,0.2696629213483146
protein_0062,protein_0039,0.20689655172413793
protein_0062,protein_0041,0.367816091954023
protein_0062,protein_0042,0.1724137931034483
protein_0062,protein_0043,0.2727272727272727
protein_0062,protein_0044,0.23863636363636365
protein_0062,protein_0045,0.3448275862068966
protein_0062,protein_0046,0.17391304347826086
protein_0062,protein_0048,0.27586206896551724
protein_0062,protein_0049,0.3218390804597701
protein_0062,protein_0050,0.11764705882352941
protein_0062,protein_0051,0.1839080459770115
protein_0062,protein_0052,0.3563218390804598
protein_0062,protein_0053,0.40229885057471265
protein_0062,protein_0054,0.15447154471544716
protein_0062,protein_0055,0.17886178861788618
protein_0062,protein_0056,0.13636363636363635
protein_0062,protein_0057,0.16666666666666666
protein_0062,protein_0058,0.1839080459770115
protein_0062,protein_0059,0.26436781609195403
protein_0062,protein_0060,0.1650485436893204
protein_0062,protein_0063,0.10328638497652583
protein_0062,protein_0065,0.1568627450980392
protein_0062,protein_0066,0.12
protein_0062,protein_0067,0.3218390804597701
protein_0062,protein_0068,0.27956989247311825
protein_0062,protein_0069,0.3103448275862069
protein_0062,protein_0070,0.22988505747126436
protein_0062,protein_0071,0.26436781609195403
protein_0062,protein_0072,0.16666666666666666
protein_0062,protein_0073,0.22988505747126436
protein_0062,protein_0074,0.18095238095238095
protein_0062,protein_0075,0.14432989690721648
protein_0062,protein_0076,0.17045454545454544
protein_0062,protein_0077,0.42528735632183906
protein_0062,protein_0078,0.17391304347826086
protein_0062,protein_0079,0.17391304347826086
protein_0062,protein_0080,0.42391304347826086
protein_0062,protein_0081,0.3977272727272727
protein_0062,protein_0082,0.11650485436893204
protein_0062,protein_0083,0.28735632183908044
protein_0062,protein_0084,0.2777777777777778
protein_0062,protein_0085,0.1
protein_0062,protein_0086,0.1574074074074074
protein_0062,protein_0087,0.1724137931034483
protein_0062,protein_0088,0.3333333333333333
protein_0062,protein_0089,0.11016949152542373
protein_0062,protein_0090,0.11016949152542373
protein_0062,protein_0091,0.16521739130434782
protein_0062,protein_0092,0.16521739130434782
protein_0062,protein_0093,0.36363636363636365
protein_0062,protein_0094,0.15966386554621848
protein_0062,protein_0095,0.11864406779661017
protein_0062,protein_0096,0.1111111111111111
protein_0062,protein_0097,0.3333333333333333
protein_0062,protein_0099,0.17475728155339806
protein_0062,protein_0101,0.22988505747126436
protein_0062,protein_0102,0.21839080459770116
protein_0062,protein_0103,0.2413793103448276
protein_0062,protein_0104,0.15
protein_0062,protein_0105,0.11494252873563218
protein_0062,protein_0106,0.13157894736842105
protein_0062,protein_0107,0.367816091954023
protein_0062,protein_0108,0.2696629213483146
protein_0062,protein_0109,0.13333333333333333
protein_0062,protein_0110,0.2988505747126437
protein_0062,protein_0111,0.26436781609195403
protein_0062,protein_0112,0.12
protein_0062,protein_0113,0.3103448275862069
protein_0062,protein_0114,0.3103448275862069
protein_0062,protein_0115,0.2988505747126437
protein_0062,protein_0116,0.1746031746031746
protein_0062,protein_0117,0.1746031746031746
protein_0062,protein_0118,0.19540229885057472
protein_0062,protein_0119,0.12
protein_0062,protein_0120,0.3218390804597701
protein_0062,protein_0121,0.3218390804597701
protein_0062,protein_0122,0.25287356321839083
protein_0062,protein_0123,0.14942528735632185
protein_0062,protein_0124,0.3333333333333333
protein_0062,protein_0125,0.1485148514851485
protein_0062,protein_0126,0.20388349514563106
protein_0062,protein_0127,0.3563218390804598
protein_0062,protein_0129,0.23595505617977527
protein_0062,protein_0130,0.13934426229508196
protein_0062,protein_0131,0.1724137931034483
protein_0062,protein_0132,0.22727272727272727
protein_0062,protein_0133,0.22727272727272727
protein_0062,protein_0134,0.3707865168539326
protein_0062,protein_0136,0.15
protein_0062,protein_0137,0.14754098360655737
protein_0062,protein_0139,0.14942528735632185
protein_0062,protein_0140,0.2988505747126437
protein_0062,protein_0141,0.26436781609195403
protein_0062,protein_0142,0.3448275862068966
protein_0062,protein_0143,0.29545454545454547
protein_0062,protein_0144,0.29545454545454547
protein_0062,protein_0145,0.2159090909090909
protein_0062,protein_0146,0.19540229885057472
protein_0062,protein_0147,0.3218390804597701
protein_0062,protein_0148,0.3333333333333333
protein_0062,protein_0149,0.1839080459770115
protein_0062,protein_0150,0.375
protein_0062,protein_0151,0.1978021978021978
protein_0062,protein_0152,0.16091954022988506
protein_0062,protein_0153,0.2391304347826087
protein_0062,protein_0154,0.2159090909090909
protein_0062,protein_0155,0.14754098360655737
protein_0062,protein_0157,0.12903225806451613
protein_0062,protein_0158,0.17777777777777778
protein_0062,protein_0159,0.3218390804597701
protein_0062,protein_0160,0.4157303370786517
protein_0062,protein_0161,0.15254237288135594
protein_0062,protein_0163,0.13
protein_0062,protein_0164,0.3563218390804598
protein_0062,protein_0165,0.1839080459770115
protein_0062,protein_0166,0.3448275862068966
protein_0062,protein_0167,0.13392857142857142
protein_0062,protein_0168,0.13636363636363635
protein_0062,protein_0169,0.1282051282051282
protein_0062,protein_0170,0.3448275862068966
protein_0062,protein_0172,0.13821138211382114
protein_0062,protein_0173,0.3333333333333333
protein_0062,protein_0174,0.3793103448275862
protein_0062,protein_0175,0.39080459770114945
protein_0062,protein_0176,0.15217391304347827
protein_0062,protein_0177,0.14772727272727273
protein_0062,protein_0178,0.13043478260869565
protein_0062,protein_0179,0.1565217391304348
protein_0062,protein_0180,0.21839080459770116
protein_0062,protein_0181,0.3218390804597701
protein_0062,protein_0182,0.3218390804597701
protein_0062,protein_0183,0.18446601941747573
protein_0062,protein_0184,0.3448275862068966
protein_0062,protein_0185,0.15306122448979592
protein_0062,protein_0186,0.14150943396226415
protein_0062,protein_0187,0.367816091954023
protein_0062,protein_0188,0.14942528735632185
protein_0062,protein_0189,0.3218390804597701
protein_0062,protein_0190,0.3448275862068966
protein_0062,protein_0191,0.40229885057471265
protein_0062,protein_0192,0.367816091954023
protein_0062,protein_0193,0.42528735632183906
protein_0062,protein_0194,0.22988505747126436
protein_0062,protein_0195,0.2988505747126437
protein_0062,protein_0196,0.2988505747126437
protein_0062,protein_0197,0.3103448275862069
protein_0062,protein_0198,0.3707865168539326
protein_0062,protein_0199,0.17391304347826086
protein_0062,protein_0201,0.1
protein_0062,protein_0202,0.3103448275862069
protein_0062,protein_0203,0.12698412698412698
protein_0062,protein_0204,0.17391304347826086
protein_0062,protein_0205,0.13679245283018868
protein_0062,protein_0206,0.3103448275862069
protein_0062,protein_0208,0.1592920353982301
protein_0062,protein_0209,0.27586206896551724
protein_0062,protein_0210,0.3448275862068966
protein_0062,protein_0211,0.12
protein_0062,protein_0212,0.19540229885057472
protein_0062,protein_0214,0.11494252873563218
protein_0062,protein_0217,0.15730337078651685
protein_0062,protein_0218,0.14388489208633093
protein_0062,protein_0219,0.12781954887218044
protein_0062,protein_0220,0.27586206896551724
protein_0062,protein_0221,0.14942528735632185
protein_0062,protein_0222,0.3218390804597701
protein_0062,protein_0223,0.13829787234042554
protein_0062,protein_0224,0.14942528735632185
protein_0062,protein_0225,0.16666666666666666
protein_0062,protein_0227,0.14772727272727273
protein_0062,protein_0228,0.21978021978021978
protein_0062,protein_0229,0.11363636363636363
protein_0062,protein_0231,0.40229885057471265
protein_0062,protein_0232,0.1839080459770115
protein_0062,protein_0233,0.15503875968992248
protein_0062,protein_0234,0.18627450980392157
protein_0062,protein_0235,0.1797752808988764
protein_0062,protein_0237,0.28735632183908044
protein_0062,protein_0238,0.16666666666666666
protein_0062,protein_0239,0.3333333333333333
protein_0062,protein_0240,0.3448275862068966
protein_0062,protein_0241,0.2988505747126437
protein_0062,protein_0242,0.16091954022988506
protein_0062,protein_0243,0.3563218390804598
protein_0062,protein_0244,0.17582417582417584
protein_0062,protein_0245,0.11510791366906475
protein_0062,protein_0246,0.15463917525773196
protein_0062,protein_0247,0.15555555555555556
protein_0062,protein_0248,0.3563218390804598
protein_0062,protein_0249,0.3409090909090909
protein_0062,protein_0250,0.2
protein_0062,protein_0251,0.14432989690721648
protein_0062,protein_0252,0.13541666666666666
protein_0062,protein_0253,0.1504424778761062
protein_0062,protein_0254,0.21505376344086022
protein_0062,protein_0255,0.13953488372093023
protein_0062,protein_0257,0.13333333333333333
protein_0062,protein_0258,0.3103448275862069
protein_0062,protein_0259,0.11956521739130435
protein_0062,protein_0261,0.14953271028037382
protein_0062,protein_0262,0.13768115942028986
protein_0062,protein_0263,0.1678832116788321
protein_0062,protein_0264,0.39325842696629215
protein_0062,protein_0265,0.39325842696629215
protein_0062,protein_0266,0.15306122448979592
protein_0062,protein_0268,0.125
protein_0062,protein_0269,0.13793103448275862
protein_0062,protein_0270,0.18556701030927836
protein_0062,protein_0271,0.16091954022988506
protein_0062,protein_0272,0.28735632183908044
protein_0062,protein_0273,0.2988505747126437
protein_0062,protein_0274,0.17582417582417584
protein_0062,protein_0275,0.18269230769230768
protein_0062,protein_0276,0.3333333333333333
protein_0062,protein_0277,0.1839080459770115
protein_0062,protein_0278,0.26881720430107525
protein_0062,protein_0280,0.3103448275862069
protein_0062,protein_0281,0.14166666666666666
protein_0062,protein_0282,0.13541666666666666
protein_0062,protein_0283,0.10091743119266056
protein_0062,protein_0284,0.25287356321839083
protein_0062,protein_0285,0.3103448275862069
protein_0062,protein_0286,0.1724137931034483
protein_0062,protein_0287,0.22727272727272727
protein_0062,protein_0289,0.15384615384615385
protein_0062,protein_0290,0.08411214953271028
protein_0062,protein_0291,0.2413793103448276
protein_0062,protein_0292,0.16666666666666666
protein_0062,protein_0293,0.1956521739130435
protein_0062,protein_0294,0.2413793103448276
protein_0062,protein_0295,0.15730337078651685
protein_0062,protein_0296,0.13559322033898305
protein_0062,protein_0297,0.16091954022988506
protein_0062,protein_0298,0.13793103448275862
protein_0062,protein_0299,0.21739130434782608
protein_0062,protein_0301,0.15625
protein_0062,protein_0302,0.12903225806451613
protein_0062,protein_0303,0.24719101123595505
protein_0062,protein_0304,0.1590909090909091
protein_0062,protein_0305,0.13333333333333333
protein_0062,protein_0306,0.17886178861788618
protein_0062,protein_0307,0.176
protein_0062,protein_0308,0.10434782608695652
protein_0062,protein_0309,0.10526315789473684
protein_0062,protein_0310,0.16161616161616163
protein_0062,protein_0311,0.3563218390804598
protein_0062,protein_0313,0.2413793103448276
protein_0062,protein_0314,0.1782178217821782
protein_0062,protein_0315,0.13559322033898305
protein_0062,protein_0316,0.14942528735632185
protein_0062,protein_0317,0.1651376146788991
protein_0062,protein_0318,0.15384615384615385
protein_0062,protein_0319,0.38636363636363635
protein_0062,protein_0320,0.2988505747126437
protein_0062,protein_0321,0.18681318681318682
protein_0062,protein_0322,0.25287356321839083
protein_0062,protein_0324,0.1839080459770115
protein_0062,protein_0325,0.1864406779661017
protein_0062,protein_0326,0.125
protein_0062,protein_0327,0.3563218390804598
protein_0062,protein_0328,0.1440677966101695
protein_0062,protein_0329,0.1440677966101695
protein_0062,protein_0330,0.27586206896551724
protein_0062,protein_0331,0.16853932584269662
protein_0062,protein_0332,0.2413793103448276
protein_0062,protein_0333,0.3068181818181818
protein_0062,protein_0334,0.17204301075268819
protein_0062,protein_0335,0.13861386138613863
protein_0062,protein_0336,0.1797752808988764
protein_0062,protein_0337,0.33707865168539325
protein_0062,protein_0338,0.26436781609195403
protein_0062,protein_0339,0.17391304347826086
protein_0062,protein_0340,0.12
protein_0062,protein_0342,0.13793103448275862
protein_0062,protein_0343,0.125
protein_0062,protein_0344,0.39080459770114945
protein_0062,protein_0345,0.16393442622950818
protein_0062,protein_0347,0.17708333333333334
protein_0062,protein_0348,0.0782608695652174
protein_0062,protein_0349,0.1188118811881188
protein_0062,protein_0350,0.3793103448275862
protein_0062,protein_0351,0.28735632183908044
protein_0062,protein_0352,0.14444444444444443
protein_0062,protein_0353,0.14655172413793102
protein_0062,protein_0354,0.19540229885057472
protein_0062,protein_0355,0.3068181818181818
protein_0062,protein_0357,0.13333333333333333
protein_0062,protein_0359,0.1092436974789916
protein_0062,protein_0360,0.3978494623655914
protein_0062,protein_0361,0.12195121951219512
protein_0062,protein_0362,0.20689655172413793
protein_0062,protein_0363,0.20689655172413793
protein_0062,protein_0364,0.21839080459770116
protein_0062,protein_0365,0.20689655172413793
protein_0062,protein_0367,0.14545454545454545
protein_0062,protein_0368,0.1958762886597938
protein_0062,protein_0369,0.14772727272727273
protein_0062,protein_0371,0.3563218390804598
protein_0062,protein_0372,0.09174311926605505
protein_0062,protein_0373,0.14
protein_0062,protein_0374,0.15
protein_0062,protein_0375,0.3793103448275862
protein_0062,protein_0376,0.1568627450980392
protein_0062,protein_0377,0.2988505747126437
protein_0062,protein_0378,0.1452991452991453
protein_0062,protein_0379,0.1782178217821782
protein_0062,protein_0380,0.1782178217821782
protein_0062,protein_0381,0.1782178217821782
protein_0062,protein_0382,0.25287356321839083
protein_0062,protein_0383,0.13793103448275862
protein_0062,protein_0384,0.3103448275862069
protein_0062,protein_0385,0.12871287128712872
protein_0062,protein_0386,0.18181818181818182
protein_0062,protein_0387,0.14414414414414414
protein_0062,protein_0388,0.16091954022988506
protein_0062,protein_0389,0.12643678160919541
protein_0062,protein_0390,0.3333333333333333
protein_0062,protein_0391,0.2608695652173913
protein_0062,protein_0392,0.32954545454545453
protein_0062,protein_0393,0.32954545454545453
protein_0062,protein_0394,0.12173913043478261
protein_0062,protein_0395,0.18681318681318682
protein_0062,protein_0396,0.1623931623931624
protein_0062,protein_0397,0.3448275862068966
protein_0062,protein_0398,0.11570247933884298
protein_0062,protein_0399,0.3563218390804598
protein_0064,protein_0000,0.3448275862068966
protein_0064,protein_0001,0.1797752808988764
protein_0064,protein_0002,0.16326530612244897
protein_0064,protein_0003,0.3333333333333333
protein_0064,protein_0005,0.15306122448979592
protein_0064,protein_0006,0.23863636363636365
protein_0064,protein_0007,0.14942528735632185
protein_0064,protein_0009,0.19540229885057472
protein_0064,protein_0010,0.26436781609195403
protein_0064,protein_0011,0.27586206896551724
protein_0064,protein_0012,0.3448275862068966
protein_0064,protein_0013,0.2
protein_0064,protein_0015,0.1262135922330097
protein_0064,protein_0016,0.10909090909090909
protein_0064,protein_0017,0.16030534351145037
protein_0064,protein_0018,0.34065934065934067
protein_0064,protein_0019,0.20689655172413793
protein_0064,protein_0020,0.38202247191011235
protein_0064,protein_0021,0.14285714285714285
protein_0064,protein_0022,0.13043478260869565
protein_0064,protein_0023,0.125
protein_0064,protein_0024,0.14049586776859505
protein_0064,protein_0025,0.42857142857142855
protein_0064,protein_0026,0.16417910447761194
protein_0064,protein_0028,0.14285714285714285
protein_0064,protein_0029,0.1568627450980392
protein_0064,protein_0030,0.1484375
protein_0064,protein_0031,0.1485148514851485
protein_0064,protein_0033,0.3258426966292135
protein_0064,protein_0034,0.2988505747126437
protein_0064,protein_0035,0.17757009345794392
protein_0064,protein_0036,0.16853932584269662
protein_0064,protein_0037,0.25287356321839083
protein_0064,protein_0038,0.25287356321839083
protein_0064,protein_0039,0.2222222222222222
protein_0064,protein_0041,0.367816091954023
protein_0064,protein_0042,0.20689655172413793
protein_0064,protein_0043,0.2988505747126437
protein_0064,protein_0044,0.28735632183908044
protein_0064,protein_0045,0.3448275862068966
protein_0064,protein_0046,0.16091954022988506
protein_0064,protein_0048,0.2413793103448276
protein_0064,protein_0049,0.25287356321839083
protein_0064,protein_0050,0.10576923076923077
protein_0064,protein_0051,0.12643678160919541
protein_0064,protein_0052,0.3563218390804598
protein_0064,protein_0053,0.3448275862068966
protein_0064,protein_0054,0.152
protein_0064,protein_0055,0.1282051282051282
protein_0064,protein_0056,0.12380952380952381
protein_0064,protein_0057,0.16091954022988506
protein_0064,protein_0058,0.17204301075268819
protein_0064,protein_0059,0.27586206896551724
protein_0064,protein_0060,0.14423076923076922
protein_0064,protein_0063,0.10328638497652583
protein_0064,protein_0065,0.20952380952380953
protein_0064,protein_0066,0.18627450980392157
protein_0064,protein_0067,0.3146067415730337
protein_0064,protein_0068,0.29347826086956524
protein_0064,protein_0069,0.3111111111111111
protein_0064,protein_0070,0.1724137931034483
protein_0064,protein_0071,0.3103448275862069
protein_0064,protein_0072,0.16853932584269662
protein_0064,protein_0073,0.22988505747126436
protein_0064,protein_0074,0.19387755102040816
protein_0064,protein_0075,0.19047619047619047
protein_0064,protein_0076,0.14942528735632185
protein_0064,protein_0077,0.3563218390804598
protein_0064,protein_0078,0.13333333333333333
protein_0064,protein_0079,0.13333333333333333
protein_0064,protein_0080,0.3333333333333333
protein_0064,protein_0081,0.3218390804597701
protein_0064,protein_0082,0.19166666666666668
protein_0064,protein_0083,0.25274725274725274
protein_0064,protein_0084,0.22988505747126436
protein_0064,protein_0085,0.17699115044247787
protein_0064,protein_0086,0.17699115044247787
protein_0064,protein_0087,0.16091954022988506
protein_0064,protein_0088,0.3793103448275862
protein_0064,protein_0089,0.1504424778761062
protein_0064,protein_0090,0.1592920353982301
protein_0064,protein_0091,0.1504424778761062
protein_0064,protein_0092,0.1504424778761062
protein_0064,protein_0093,0.28735632183908044
protein_0064,protein_0094,0.19658119658119658
protein_0064,protein_0095,0.13392857142857142
protein_0064,protein_0096,0.14285714285714285
protein_0064,protein_0097,0.3181818181818182
protein_0064,protein_0099,0.1308411214953271
protein_0064,protein_0101,0.2553191489361702
protein_0064,protein_0102,0.27586206896551724
protein_0064,protein_0103,0.2413793103448276
protein_0064,protein_0104,0.15384615384615385
protein_0064,protein_0105,0.14285714285714285
protein_0064,protein_0106,0.136
protein_0064,protein_0107,0.3103448275862069
protein_0064,protein_0108,0.25842696629213485
protein_0064,protein_0109,0.18181818181818182
protein_0064,protein_0110,0.28735632183908044
protein_0064,protein_0111,0.28735632183908044
protein_0064,protein_0112,0.1553398058252427
protein_0064,protein_0113,0.2988505747126437
protein_0064,protein_0114,0.3707865168539326
protein_0064,protein_0115,0.4367816091954023
protein_0064,protein_0116,0.1532258064516129
protein_0064,protein_0117,0.1532258064516129
protein_0064,protein_0118,0.1590909090909091
protein_0064,protein_0119,0.18269230769230768
protein_0064,protein_0120,0.367816091954023
protein_0064,protein_0121,0.367816091954023
protein_0064,protein_0122,0.26436781609195403
protein_0064,protein_0123,0.17045454545454544
protein_0064,protein_0124,0.4175824175824176
protein_0064,protein_0125,0.21818181818181817
protein_0064,protein_0126,0.18811881188118812
protein_0064,protein_0127,0.3409090909090909
protein_0064,protein_0129,0.2247191011235955
protein_0064,protein_0130,0.16806722689075632
protein_0064,protein_0131,0.12643678160919541
protein_0064,protein_0132,0.18518518518518517
protein_0064,protein_0133,0.18518518518518517
protein_0064,protein_0134,0.2988505747126437
protein_0064,protein_0136,0.15517241379310345
protein_0064,protein_0137,0.15254237288135594
protein_0064,protein_0139,0.19101123595505617
protein_0064,protein_0140,0.2988505747126437
protein_0064,protein_0141,0.2413793103448276
protein_0064,protein_0142,0.3448275862068966
protein_0064,protein_0143,0.27586206896551724
protein_0064,protein_0144,0.28735632183908044
protein_0064,protein_0145,0.13793103448275862
protein_0064,protein_0146,0.12643678160919541
protein_0064,protein_0147,0.3563218390804598
protein_0064,protein_0148,0.3333333333333333
protein_0064,protein_0149,0.12643678160919541
protein_0064,protein_0150,0.3333333333333333
protein_0064,protein_0151,0.1935483870967742
protein_0064,protein_0152,0.14444444444444443
protein_0064,protein_0153,0.1935483870967742
protein_0064,protein_0154,0.18681318681318682
protein_0064,protein_0155,0.17094017094017094
protein_0064,protein_0157,0.1368421052631579
protein_0064,protein_0158,0.14942528735632185
protein_0064,protein_0159,0.30337078651685395
protein_0064,protein_0160,0.38461538461538464
protein_0064,protein_0161,0.15702479338842976
protein_0064,protein_0163,0.14814814814814814
protein_0064,protein_0164,0.5340909090909091
protein_0064,protein_0165,0.14942528735632185
protein_0064,protein_0166,0.5227272727272727
protein_0064,protein_0167,0.1565217391304348
protein_0064,protein_0168,0.1487603305785124
protein_0064,protein_0169,0.16806722689075632
protein_0064,protein_0170,0.3448275862068966
protein_0064,protein_0172,0.16
protein_0064,protein_0173,0.41379310344827586
protein_0064,protein_0174,0.3448275862068966
protein_0064,protein_0175,0.3448275862068966
protein_0064,protein_0176,0.20689655172413793
protein_0064,protein_0177,0.13333333333333333
protein_0064,protein_0178,0.14912280701754385
protein_0064,protein_0179,0.12280701754385964
protein_0064,protein_0180,0.25287356321839083
protein_0064,protein_0181,0.3111111111111111
protein_0064,protein_0182,0.3793103448275862
protein_0064,protein_0183,0.1188118811881188
protein_0064,protein_0184,0.3793103448275862
protein_0064,protein_0185,0.2
protein_0064,protein_0186,0.12121212121212122
protein_0064,protein_0187,0.3333333333333333
protein_0064,protein_0188,0.1724137931034483
protein_0064,protein_0189,0.2696629213483146
protein_0064,protein_0190,0.2808988764044944
protein_0064,protein_0191,0.3563218390804598
protein_0064,protein_0192,0.47126436781609193
protein_0064,protein_0193,0.28735632183908044
protein_0064,protein_0194,0.2413793103448276
protein_0064,protein_0195,0.28735632183908044
protein_0064,protein_0196,0.28735632183908044
protein_0064,protein_0197,0.2988505747126437
protein_0064,protein_0198,0.3218390804597701
protein_0064,protein_0199,0.22826086956521738
protein_0064,protein_0201,0.16216216216216217
protein_0064,protein_0202,0.28735632183908044
protein_0064,protein_0203,0.10256410256410256
protein_0064,protein_0204,0.16129032258064516
protein_0064,protein_0205,0.11848341232227488
protein_0064,protein_0206,0.3218390804597701
protein_0064,protein_0208,0.14563106796116504
protein_0064,protein_0209,0.3103448275862069
protein_0064,protein_0210,0.32954545454545453
protein_0064,protein_0211,0.14563106796116504
protein_0064,protein_0212,0.20224719101123595
protein_0064,protein_0214,0.13043478260869565
protein_0064,protein_0217,0.16483516483516483
protein_0064,protein_0218,0.14285714285714285
protein_0064,protein_0219,0.125
protein_0064,protein_0220,0.7931034482758621
protein_0064,protein_0221,0.13043478260869565
protein_0064,protein_0222,0.25287356321839083
protein_0064,protein_0223,0.13793103448275862
protein_0064,protein_0224,0.17045454545454544
protein_0064,protein_0225,0.15384615384615385
protein_0064,protein_0227,0.17391304347826086
protein_0064,protein_0228,0.20212765957446807
protein_0064,protein_0229,0.12264150943396226
protein_0064,protein_0231,0.3333333333333333
protein_0064,protein_0232,0.14942528735632185
protein_0064,protein_0233,0.1297709923664122
protein_0064,protein_0234,0.1941747572815534
protein_0064,protein_0235,0.1523809523809524
protein_0064,protein_0237,0.2777777777777778
protein_0064,protein_0238,0.16296296296296298
protein_0064,protein_0239,0.40229885057471265
protein_0064,protein_0240,0.3563218390804598
protein_0064,protein_0241,0.3793103448275862
protein_0064,protein_0242,0.16666666666666666
protein_0064,protein_0243,0.367816091954023
protein_0064,protein_0244,0.16091954022988506
protein_0064,protein_0245,0.14912280701754385
protein_0064,protein_0246,0.12380952380952381
protein_0064,protein_0247,0.15384615384615385
protein_0064,protein_0248,0.3333333333333333
protein_0064,protein_0249,0.40229885057471265
protein_0064,protein_0250,0.17582417582417584
protein_0064,protein_0251,0.07142857142857142
protein_0064,protein_0252,0.18947368421052632
protein_0064,protein_0253,0.16666666666666666
protein_0064,protein_0254,0.17204301075268819
protein_0064,protein_0255,0.12571428571428572
protein_0064,protein_0257,0.15151515151515152
protein_0064,protein_0258,0.26373626373626374
protein_0064,protein_0259,0.1839080459770115
protein_0064,protein_0261,0.1981981981981982
protein_0064,protein_0262,0.15827338129496402
protein_0064,protein_0263,0.13970588235294118
protein_0064,protein_0264,0.3595505617977528
protein_0064,protein_0265,0.3595505617977528
protein_0064,protein_0266,0.1941747572815534
protein_0064,protein_0268,0.18181818181818182
protein_0064,protein_0269,0.15966386554621848
protein_0064,protein_0270,0.1590909090909091
protein_0064,protein_0271,0.15555555555555556
protein_0064,protein_0272,0.2808988764044944
protein_0064,protein_0273,0.2727272727272727
protein_0064,protein_0274,0.23595505617977527
protein_0064,protein_0275,0.18584070796460178
protein_0064,protein_0276,0.3448275862068966
protein_0064,protein_0277,0.15730337078651685
protein_0064,protein_0278,0.24175824175824176
protein_0064,protein_0280,0.4367816091954023
protein_0064,protein_0281,0.19658119658119658
protein_0064,protein_0282,0.09195402298850575
protein_0064,protein_0283,0.1050228310502283
protein_0064,protein_0284,0.25555555555555554
protein_0064,protein_0285,0.28735632183908044
protein_0064,protein_0286,0.13793103448275862
protein_0064,protein_0287,0.16666666666666666
protein_0064,protein_0289,0.13793103448275862
protein_0064,protein_0290,0.17475728155339806
protein_0064,protein_0291,0.21839080459770116
protein_0064,protein_0292,0.14942528735632185
protein_0064,protein_0293,0.20652173913043478
protein_0064,protein_0294,0.21839080459770116
protein_0064,protein_0295,0.14705882352941177
protein_0064,protein_0296,0.14615384615384616
protein_0064,protein_0297,0.15053763440860216
protein_0064,protein_0298,0.13793103448275862
protein_0064,protein_0299,0.19148936170212766
protein_0064,protein_0301,0.1956521739130435
protein_0064,protein_0302,0.0967741935483871
protein_0064,protein_0303,0.18947368421052632
protein_0064,protein_0304,0.14444444444444443
protein_0064,protein_0305,0.2169811320754717
protein_0064,protein_0306,0.1282051282051282
protein_0064,protein_0307,0.14285714285714285
protein_0064,protein_0308,0.14782608695652175
protein_0064,protein_0309,0.1941747572815534
protein_0064,protein_0310,0.1553398058252427
protein_0064,protein_0311,0.3563218390804598
protein_0064,protein_0313,0.27586206896551724
protein_0064,protein_0314,0.13725490196078433
protein_0064,protein_0315,0.1889763779527559
protein_0064,protein_0316,0.12643678160919541
protein_0064,protein_0317,0.19090909090909092
protein_0064,protein_0318,0.1794871794871795
protein_0064,protein_0319,0.3103448275862069
protein_0064,protein_0320,0.3977272727272727
protein_0064,protein_0321,0.2391304347826087
protein_0064,protein_0322,0.42528735632183906
protein_0064,protein_0324,0.19101123595505617
protein_0064,protein_0325,0.14516129032258066
protein_0064,protein_0326,0.18888888888888888
protein_0064,protein_0327,0.3103448275862069
protein_0064,protein_0328,0.15966386554621848
protein_0064,protein_0329,0.15966386554621848
protein_0064,protein_0330,0.28735632183908044
protein_0064,protein_0331,0.1568627450980392
protein_0064,protein_0332,0.26436781609195403
protein_0064,protein_0333,0.25
protein_0064,protein_0334,0.21739130434782608
protein_0064,protein_0335,0.1391304347826087
protein_0064,protein_0336,0.1348314606741573
protein_0064,protein_0337,0.21839080459770116
protein_0064,protein_0338,0.23595505617977527
protein_0064,protein_0339,0.14285714285714285
protein_0064,protein_0340,0.1619047619047619
protein_0064,protein_0342,0.1839080459770115
protein_0064,protein_0343,0.13333333333333333
protein_0064,protein_0344,0.3563218390804598
protein_0064,protein_0345,0.14754098360655737
protein_0064,protein_0347,0.16666666666666666
protein_0064,protein_0348,0.16806722689075632
protein_0064,protein_0349,0.17142857142857143
protein_0064,protein_0350,0.3563218390804598
protein_0064,protein_0351,0.2413793103448276
protein_0064,protein_0352,0.14736842105263157
protein_0064,protein_0353,0.1452991452991453
protein_0064,protein_0354,0.20689655172413793
protein_0064,protein_0355,0.25
protein_0064,protein_0357,0.128
protein_0064,protein_0359,0.11940298507462686
protein_0064,protein_0360,0.3333333333333333
protein_0064,protein_0361,0.1452991452991453
protein_0064,protein_0362,0.2608695652173913
protein_0064,protein_0363,0.2608695652173913
protein_0064,protein_0364,0.2777777777777778
protein_0064,protein_0365,0.19318181818181818
protein_0064,protein_0367,0.15384615384615385
protein_0064,protein_0368,0.15306122448979592
protein_0064,protein_0369,0.14285714285714285
protein_0064,protein_0371,0.3563218390804598
protein_0064,protein_0372,0.10091743119266056
protein_0064,protein_0373,0.15454545454545454
protein_0064,protein_0374,0.1452991452991453
protein_0064,protein_0375,0.2988505747126437
protein_0064,protein_0376,0.18269230769230768
protein_0064,protein_0377,0.8045977011494253
protein_0064,protein_0378,0.16101694915254236
protein_0064,protein_0379,0.18627450980392157
protein_0064,protein_0380,0.18627450980392157
protein_0064,protein_0381,0.18627450980392157
protein_0064,protein_0382,0.27586206896551724
protein_0064,protein_0383,0.16483516483516483
protein_0064,protein_0384,0.3103448275862069
protein_0064,protein_0385,0.09433962264150944
protein_0064,protein_0386,0.18691588785046728
protein_0064,protein_0387,0.1553398058252427
protein_0064,protein_0388,0.14772727272727273
protein_0064,protein_0389,0.13793103448275862
protein_0064,protein_0390,0.2840909090909091
protein_0064,protein_0391,0.26373626373626374
protein_0064,protein_0392,0.40217391304347827
protein_0064,protein_0393,0.41304347826086957
protein_0064,protein_0394,0.1452991452991453
protein_0064,protein_0395,0.22580645161290322
protein_0064,protein_0396,0.11764705882352941
protein_0064,protein_0397,0.5172413793103449
protein_0064,protein_0398,0.15966386554621848
protein_0064,protein_0399,0.3218390804597701
protein_0098,protein_0000,0.375
protein_0098,protein_0001,0.1590909090909091
protein_0098,protein_0002,0.12359550561797752
protein_0098,protein_0003,0.3563218390804598
protein_0098,protein_0005,0.12903225806451613
protein_0098,protein_0006,0.30434782608695654
protein_0098,protein_0007,0.1724137931034483
protein_0098,protein_0009,0.22988505747126436
protein_0098,protein_0010,0.3181818181818182
protein_0098,protein_0011,0.2988505747126437
protein_0098,protein_0012,0.32222222222222224
protein_0098,protein_0013,0.1839080459770115
protein_0098,protein_0015,0.16346153846153846
protein_0098,protein_0016,0.10185185185185185
protein_0098,protein_0017,0.15602836879432624
protein_0098,protein_0018,0.3333333333333333
protein_0098,protein_0019,0.17045454545454544
protein_0098,protein_0020,0.367816091954023
protein_0098,protein_0021,0.13186813186813187
protein_0098,protein_0022,0.18
protein_0098,protein_0023,0.14583333333333334
protein_0098,protein_0024,0.13675213675213677
protein_0098,protein_0025,0.3793103448275862
protein_0098,protein_0026,0.11764705882352941
protein_0098,protein_0028,0.14285714285714285
protein_0098,protein_0029,0.15217391304347827
protein_0098,protein_0030,0.15126050420168066
protein_0098,protein_0031,0.10679611650485436
protein_0098,protein_0033,0.3218390804597701
protein_0098,protein_0034,0.32954545454545453
protein_0098,protein_0035,0.17346938775510204
protein_0098,protein_0036,0.14942528735632185
protein_0098,protein_0037,0.27586206896551724
protein_0098,protein_0038,0.27586206896551724
protein_0098,protein_0039,0.21839080459770116
protein_0098,protein_0041,0.45977011494252873
protein_0098,protein_0042,0.22988505747126436
protein_0098,protein_0043,0.2857142857142857
protein_0098,protein_0044,0.22988505747126436
protein_0098,protein_0045,0.3448275862068966
protein_0098,protein_0046,0.17582417582417584
protein_0098,protein_0048,0.27586206896551724
protein_0098,protein_0049,0.26436781609195403
protein_0098,protein_0050,0.14705882352941177
protein_0098,protein_0051,0.15730337078651685
protein_0098,protein_0052,0.3793103448275862
protein_0098,protein_0053,0.3448275862068966
protein_0098,protein_0054,0.12295081967213115
protein_0098,protein_0055,0.15384615384615385
protein_0098,protein_0056,0.12295081967213115
protein_0098,protein_0057,0.19540229885057472
protein_0098,protein_0058,0.13793103448275862
protein_0098,protein_0059,0.3076923076923077
protein_0098,protein_0060,0.08823529411764706
protein_0098,protein_0063,0.08450704225352113
protein_0098,protein_0065,0.16
protein_0098,protein_0066,0.15384615384615385
protein_0098,protein_0067,0.34831460674157305
protein_0098,protein_0068,0.22988505747126436
protein_0098,protein_0069,0.3103448275862069
protein_0098,protein_0070,0.19540229885057472
protein_0098,protein_0071,0.26436781609195403
protein_0098,protein_0072,0.16091954022988506
protein_0098,protein_0073,0.22988505747126436
protein_0098,protein_0074,0.20618556701030927
protein_0098,protein_0075,0.15841584158415842
protein_0098,protein_0076,0.21505376344086022
protein_0098,protein_0077,0.3563218390804598
protein_0098,protein_0078,0.10476190476190476
protein_0098,protein_0079,0.10476190476190476
protein_0098,protein_0080,0.4367816091954023
protein_0098,protein_0081,0.42528735632183906
protein_0098,protein_0082,0.13445378151260504
protein_0098,protein_0083,0.3181818181818182
protein_0098,protein_0084,0.23333333333333334
protein_0098,protein_0085,0.125
protein_0098,protein_0086,0.125
protein_0098,protein_0087,0.14772727272727273
protein_0098,protein_0088,0.3595505617977528
protein_0098,protein_0089,0.14545454545454545
protein_0098,protein_0090,0.14545454545454545
protein_0098,protein_0091,0.17647058823529413
protein_0098,protein_0092,0.17647058823529413
protein_0098,protein_0093,0.3218390804597701
protein_0098,protein_0094,0.16379310344827586
protein_0098,protein_0095,0.12396694214876033
protein_0098,protein_0096,0.125
protein_0098,protein_0097,0.27586206896551724
protein_0098,protein_0099,0.10377358490566038
protein_0098,protein_0101,0.22988505747126436
protein_0098,protein_0102,0.21839080459770116
protein_0098,protein_0103,0.25287356321839083
protein_0098,protein_0104,0.15384615384615385
protein_0098,protein_0105,0.14606741573033707
protein_0098,protein_0106,0.1415929203539823
protein_0098,protein_0107,0.4659090909090909
protein_0098,protein_0108,0.2717391304347826
protein_0098,protein_0109,0.13793103448275862
protein_0098,protein_0110,0.3218390804597701
protein_0098,protein_0111,0.19540229885057472
protein_0098,protein_0112,0.17142857142857143
protein_0098,protein_0113,0.2988505747126437
protein_0098,protein_0114,0.4659090909090909
protein_0098,protein_0115,0.22988505747126436
protein_0098,protein_0116,0.15384615384615385
protein_0098,protein_0117,0.15384615384615385
protein_0098,protein_0118,0.16091954022988506
protein_0098,protein_0119,0.15
protein_0098,protein_0120,0.3333333333333333
protein_0098,protein_0121,0.3333333333333333
protein_0098,protein_0122,0.2988505747126437
protein_0098,protein_0123,0.20224719101123595
protein_0098,protein_0124,0.3563218390804598
protein_0098,protein_0125,0.1111111111111111
protein_0098,protein_0126,0.1650485436893204
protein_0098,protein_0127,0.5108695652173914
protein_0098,protein_0129,0.27586206896551724
protein_0098,protein_0130,0.16363636363636364
protein_0098,protein_0131,0.14942528735632185
protein_0098,protein_0132,0.21052631578947367
protein_0098,protein_0133,0.21052631578947367
protein_0098,protein_0134,0.34831460674157305
protein_0098,protein_0136,0.13675213675213677
protein_0098,protein_0137,0.14049586776859505
protein_0098,protein_0139,0.16091954022988506
protein_0098,protein_0140,0.3409090909090909
protein_0098,protein_0141,0.2988505747126437
protein_0098,protein_0142,0.38636363636363635
protein_0098,protein_0143,0.3103448275862069
protein_0098,protein_0144,0.3181818181818182
protein_0098,protein_0145,0.17045454545454544
protein_0098,protein_0146,0.17045454545454544
protein_0098,protein_0147,0.41379310344827586
protein_0098,protein_0148,0.3563218390804598
protein_0098,protein_0149,0.1839080459770115
protein_0098,protein_0150,0.3595505617977528
protein_0098,protein_0151,0.25
protein_0098,protein_0152,0.16483516483516483
protein_0098,protein_0153,0.1797752808988764
protein_0098,protein_0154,0.19101123595505617
protein_0098,protein_0155,0.1282051282051282
protein_0098,protein_0157,0.15384615384615385
protein_0098,protein_0158,0.15730337078651685
protein_0098,protein_0159,0.39080459770114945
protein_0098,protein_0160,0.3563218390804598
protein_0098,protein_0161,0.15503875968992248
protein_0098,protein_0163,0.17
protein_0098,protein_0164,0.26436781609195403
protein_0098,protein_0165,0.13793103448275862
protein_0098,protein_0166,0.3068181818181818
protein_0098,protein_0167,0.10909090909090909
protein_0098,protein_0168,0.14545454545454545
protein_0098,protein_0169,0.13793103448275862
protein_0098,protein_0170,0.3333333333333333
protein_0098,protein_0172,0.1271186440677966
protein_0098,protein_0173,0.3563218390804598
protein_0098,protein_0174,0.3448275862068966
protein_0098,protein_0175,0.3563218390804598
protein_0098,protein_0176,0.17045454545454544
protein_0098,protein_0177,0.15730337078651685
protein_0098,protein_0178,0.14655172413793102
protein_0098,protein_0179,0.16666666666666666
protein_0098,protein_0180,0.2696629213483146
protein_0098,protein_0181,0.3181818181818182
protein_0098,protein_0182,0.28735632183908044
protein_0098,protein_0183,0.14423076923076922
protein_0098,protein_0184,0.3103448275862069
protein_0098,protein_0185,0.17894736842105263
protein_0098,protein_0186,0.14563106796116504
protein_0098,protein_0187,0.3333333333333333
protein_0098,protein_0188,0.17777777777777778
protein_0098,protein_0189,0.4367816091954023
protein_0098,protein_0190,0.3218390804597701
protein_0098,protein_0191,0.4090909090909091
protein_0098,protein_0192,0.3218390804597701
protein_0098,protein_0193,0.3448275862068966
protein_0098,protein_0194,0.1839080459770115
protein_0098,protein_0195,0.27586206896551724
protein_0098,protein_0196,0.3146067415730337
protein_0098,protein_0197,0.3333333333333333
protein_0098,protein_0198,0.40229885057471265
protein_0098,protein_0199,0.26373626373626374
protein_0098,protein_0201,0.16
protein_0098,protein_0202,0.3448275862068966
protein_0098,protein_0203,0.13675213675213677
protein_0098,protein_0204,0.16091954022988506
protein_0098,protein_0205,0.10426540284360189
protein_0098,protein_0206,0.32222222222222224
protein_0098,protein_0208,0.13333333333333333
protein_0098,protein_0209,0.2857142857142857
protein_0098,protein_0210,0.36363636363636365
protein_0098,protein_0211,0.14705882352941177
protein_0098,protein_0212,0.19318181818181818
protein_0098,protein_0214,0.13636363636363635
protein_0098,protein_0217,0.1956521739130435
protein_0098,protein_0218,0.1746031746031746
protein_0098,protein_0219,0.14166666666666666
protein_0098,protein_0220,0.28735632183908044
protein_0098,protein_0221,0.12643678160919541
protein_0098,protein_0222,0.26373626373626374
protein_0098,protein_0223,0.16091954022988506
protein_0098,protein_0224,0.16304347826086957
protein_0098,protein_0225,0.11235955056179775
protein_0098,protein_0227,0.06896551724137931
protein_0098,protein_0228,0.23711340206185566
protein_0098,protein_0229,0.16304347826086957
protein_0098,protein_0231,0.41379310344827586
protein_0098,protein_0232,0.1797752808988764
protein_0098,protein_0233,0.11023622047244094
protein_0098,protein_0234,0.16346153846153846
protein_0098,protein_0235,0.16666666666666666
protein_0098,protein_0237,0.25287356321839083
protein_0098,protein_0238,0.11450381679389313
protein_0098,protein_0239,0.3333333333333333
protein_0098,protein_0240,0.3522727272727273
protein_0098,protein_0241,0.3333333333333333
protein_0098,protein_0242,0.14942528735632185
protein_0098,protein_0243,0.3448275862068966
protein_0098,protein_0244,0.1797752808988764
protein_0098,protein_0245,0.1111111111111111
protein_0098,protein_0246,0.14285714285714285
protein_0098,protein_0247,0.16346153846153846
protein_0098,protein_0248,0.3333333333333333
protein_0098,protein_0249,0.3218390804597701
protein_0098,protein_0250,0.17582417582417584
protein_0098,protein_0251,0.15306122448979592
protein_0098,protein_0252,0.20618556701030927
protein_0098,protein_0253,0.1623931623931624
protein_0098,protein_0254,0.18947368421052632
protein_0098,protein_0255,0.11363636363636363
protein_0098,protein_0257,0.07920792079207921
protein_0098,protein_0258,0.32954545454545453
protein_0098,protein_0259,0.16091954022988506
protein_0098,protein_0261,0.16666666666666666
protein_0098,protein_0262,0.13333333333333333
protein_0098,protein_0263,0.11029411764705882
protein_0098,protein_0264,0.45454545454545453
protein_0098,protein_0265,0.45454545454545453
protein_0098,protein_0266,0.15217391304347827
protein_0098,protein_0268,0.17777777777777778
protein_0098,protein_0269,0.136
protein_0098,protein_0270,0.14772727272727273
protein_0098,protein_0271,0.16304347826086957
protein_0098,protein_0272,0.28735632183908044
protein_0098,protein_0273,0.28735632183908044
protein_0098,protein_0274,0.25274725274725274
protein_0098,protein_0275,0.14
protein_0098,protein_0276,0.6896551724137931
protein_0098,protein_0277,0.14942528735632185
protein_0098,protein_0278,0.27472527472527475
protein_0098,protein_0280,0.24175824175824176
protein_0098,protein_0281,0.1282051282051282
protein_0098,protein_0282,0.11494252873563218
protein_0098,protein_0283,0.09174311926605505
protein_0098,protein_0284,0.2988505747126437
protein_0098,protein_0285,0.32954545454545453
protein_0098,protein_0286,0.18681318681318682
protein_0098,protein_0287,0.18518518518518517
protein_0098,protein_0289,0.17045454545454544
protein_0098,protein_0290,0.16666666666666666
protein_0098,protein_0291,0.26436781609195403
protein_0098,protein_0292,0.15384615384615385
protein_0098,protein_0293,0.22727272727272727
protein_0098,protein_0294,0.26436781609195403
protein_0098,protein_0295,0.1724137931034483
protein_0098,protein_0296,0.12389380530973451
protein_0098,protein_0297,0.15730337078651685
protein_0098,protein_0298,0.14130434782608695
protein_0098,protein_0299,0.19607843137254902
protein_0098,protein_0301,0.13541666666666666
protein_0098,protein_0302,0.0967741935483871
protein_0098,protein_0303,0.25274725274725274
protein_0098,protein_0304,0.14772727272727273
protein_0098,protein_0305,0.16842105263157894
protein_0098,protein_0306,0.15384615384615385
protein_0098,protein_0307,0.15254237288135594
protein_0098,protein_0308,0.17355371900826447
protein_0098,protein_0309,0.21153846153846154
protein_0098,protein_0310,0.1592920353982301
protein_0098,protein_0311,0.375
protein_0098,protein_0313,0.20689655172413793
protein_0098,protein_0314,0.13725490196078433
protein_0098,protein_0315,0.1640625
protein_0098,protein_0316,0.15555555555555556
protein_0098,protein_0317,0.12745098039215685
protein_0098,protein_0318,0.11965811965811966
protein_0098,protein_0319,0.32954545454545453
protein_0098,protein_0320,0.3333333333333333
protein_0098,protein_0321,0.21052631578947367
protein_0098,protein_0322,0.26373626373626374
protein_0098,protein_0324,0.16326530612244897
protein_0098,protein_0325,0.18181818181818182
protein_0098,protein_0326,0.19318181818181818
protein_0098,protein_0327,0.3218390804597701
protein_0098,protein_0328,0.08849557522123894
protein_0098,protein_0329,0.08849557522123894
protein_0098,protein_0330,0.3218390804597701
protein_0098,protein_0331,0.14606741573033707
protein_0098,protein_0332,0.2717391304347826
protein_0098,protein_0333,0.25287356321839083
protein_0098,protein_0334,0.21978021978021978
protein_0098,protein_0335,0.11764705882352941
protein_0098,protein_0336,0.14942528735632185
protein_0098,protein_0337,0.3218390804597701
protein_0098,protein_0338,0.19540229885057472
protein_0098,protein_0339,0.16091954022988506
protein_0098,protein_0340,0.1553398058252427
protein_0098,protein_0342,0.16853932584269662
protein_0098,protein_0343,0.17045454545454544
protein_0098,protein_0344,0.45977011494252873
protein_0098,protein_0345,0.13636363636363635
protein_0098,protein_0347,0.13793103448275862
protein_0098,protein_0348,0.12598425196850394
protein_0098,protein_0349,0.19230769230769232
protein_0098,protein_0350,0.47126436781609193
protein_0098,protein_0351,0.27586206896551724
protein_0098,protein_0352,0.13636363636363635
protein_0098,protein_0353,0.1452991452991453
protein_0098,protein_0354,0.21739130434782608
protein_0098,protein_0355,0.3333333333333333
protein_0098,protein_0357,0.1487603305785124
protein_0098,protein_0359,0.15966386554621848
protein_0098,protein_0360,0.375
protein_0098,protein_0361,0.11965811965811966
protein_0098,protein_0362,0.24742268041237114
protein_0098,protein_0363,0.24742268041237114
protein_0098,protein_0364,0.2857142857142857
protein_0098,protein_0365,0.30526315789473685
protein_0098,protein_0367,0.16666666666666666
protein_0098,protein_0368,0.13043478260869565
protein_0098,protein_0369,0.13793103448275862
protein_0098,protein_0371,0.4444444444444444
protein_0098,protein_0372,0.08256880733944955
protein_0098,protein_0373,0.08490566037735849
protein_0098,protein_0374,0.13333333333333333
protein_0098,protein_0375,0.4367816091954023
protein_0098,protein_0376,0.15384615384615385
protein_0098,protein_0377,0.2988505747126437
protein_0098,protein_0378,0.1623931623931624
protein_0098,protein_0379,0.14893617021276595
protein_0098,protein_0380,0.14893617021276595
protein_0098,protein_0381,0.14893617021276595
protein_0098,protein_0382,0.23863636363636365
protein_0098,protein_0383,0.17391304347826086
protein_0098,protein_0384,0.358695652173913
protein_0098,protein_0385,0.13592233009708737
protein_0098,protein_0386,0.1414141414141414
protein_0098,protein_0387,0.13402061855670103
protein_0098,protein_0388,0.15555555555555556
protein_0098,protein_0389,0.13793103448275862
protein_0098,protein_0390,0.38461538461538464
protein_0098,protein_0391,0.20652173913043478
protein_0098,protein_0392,0.3448275862068966
protein_0098,protein_0393,0.3448275862068966
protein_0098,protein_0394,0.16535433070866143
protein_0098,protein_0395,0.22826086956521738
protein_0098,protein_0396,0.18803418803418803
protein_0098,protein_0397,0.34065934065934067
protein_0098,protein_0398,0.12903225806451613
protein_0098,protein_0399,0.4659090909090909
protein_0100,protein_0000,0.17777777777777778
protein_0100,protein_0001,0.2674133476196057
protein_0100,protein_0002,0.19047619047619047
protein_0100,protein_0003,0.13793103448275862
protein_0100,protein_0005,0.19767441860465115
protein_0100,protein_0006,0.13636363636363635
protein_0100,protein_0007,0.26477003739266625
protein_0100,protein_0009,0.1839080459770115
protein_0100,protein_0010,0.14606741573033707
protein_0100,protein_0011,0.17582417582417584
protein_0100,protein_0012,0.17391304347826086
protein_0100,protein_0013,0.2
protein_0100,protein_0015,0.1717171717171717
protein_0100,protein_0016,0.19801980198019803
protein_0100,protein_0017,0.140625
protein_0100,protein_0018,0.20454545454545456
protein_0100,protein_0019,0.2336125122586608
protein_0100,protein_0020,0.20430107526881722
protein_0100,protein_0021,0.2073170731707317
protein_0100,protein_0022,0.14441506939854593
protein_0100,protein_0023,0.1391711229946524
protein_0100,protein_0024,0.1623931623931624
protein_0100,protein_0025,0.2
protein_0100,protein_0026,0.13846153846153847
protein_0100,protein_0028,0.16
protein_0100,protein_0029,0.2941819982554154
protein_0100,protein_0030,0.14285714285714285
protein_0100,protein_0031,0.17
protein_0100,protein_0033,0.1590909090909091
protein_0100,protein_0034,0.17045454545454544
protein_0100,protein_0035,0.16161616161616163
protein_0100,protein_0036,0.2926139980192241
protein_0100,protein_0037,0.16760299625468164
protein_0100,protein_0038,0.16760299625468164
protein_0100,protein_0039,0.16666666666666666
protein_0100,protein_0041,0.20689655172413793
protein_0100,protein_0042,0.19540229885057472
protein_0100,protein_0043,0.1724137931034483
protein_0100,protein_0044,0.18478260869565216
protein_0100,protein_0045,0.17894736842105263
protein_0100,protein_0046,0.2875106746502028
protein_0100,protein_0048,0.16483516483516483
protein_0100,protein_0049,0.16091954022988506
protein_0100,protein_0050,0.1782178217821782
protein_0100,protein_0051,0.274393090385372
protein_0100,protein_0052,0.16666666666666666
protein_0100,protein_0053,0.15384615384615385
protein_0100,protein_0054,0.13675213675213677
protein_0100,protein_0055,0.13445378151260504
protein_0100,protein_0056,0.13358988455195162
protein_0100,protein_0057,0.26858554637578524
protein_0100,protein_0058,0.2
protein_0100,protein_0059,0.16304347826086957
protein_0100,protein_0060,0.1505421184320267
protein_0100,protein_0063,0.11267605633802817
protein_0100,protein_0065,0.16161616161616163
protein_0100,protein_0066,0.19
protein_0100,protein_0067,0.17204301075268819
protein_0100,protein_0068,0.1724137931034483
protein_0100,protein_0069,0.12903225806451613
protein_0100,protein_0070,0.14942528735632185
protein_0100,protein_0071,0.20454545454545456
protein_0100,protein_0072,0.3183653617654335
protein_0100,protein_0073,0.15555555555555556
protein_0100,protein_0074,0.19540229885057472
protein_0100,protein_0075,0.15104166666666666
protein_0100,protein_0076,0.2
protein_0100,protein_0077,0.18181818181818182
protein_0100,protein_0078,0.1568627450980392
protein_0100,protein_0079,0.1568627450980392
protein_0100,protein_0080,0.16129032258064516
protein_0100,protein_0081,0.17204301075268819
protein_0100,protein_0082,0.15
protein_0100,protein_0083,0.17045454545454544
protein_0100,protein_0084,0.16329625884732052
protein_0100,protein_0085,0.17142857142857143
protein_0100,protein_0086,0.17
protein_0100,protein_0087,0.32257743994833193
protein_0100,protein_0088,0.18181818181818182
protein_0100,protein_0089,0.12944664031620554
protein_0100,protein_0090,0.13691222570532913
protein_0100,protein_0091,0.1415929203539823
protein_0100,protein_0092,0.1415929203539823
protein_0100,protein_0093,0.15476190476190477
protein_0100,protein_0094,0.1810344827586207
protein_0100,protein_0095,0.13814229249011858
protein_0100,protein_0096,0.18181818181818182
protein_0100,protein_0097,0.17582417582417584
protein_0100,protein_0099,0.14371874080611946
protein_0100,protein_0101,0.14942528735632185
protein_0100,protein_0102,0.13978494623655913
protein_0100,protein_0103,0.19318181818181818
protein_0100,protein_0104,0.15384615384615385
protein_0100,protein_0105,0.21739130434782608
protein_0100,protein_0106,0.14141972578505085
protein_0100,protein_0107,0.1827956989247312
protein_0100,protein_0108,0.16049382716049382
protein_0100,protein_0109,0.3017687279956313
protein_0100,protein_0110,0.1744186046511628
protein_0100,protein_0111,0.1839080459770115
protein_0100,protein_0112,0.18
protein_0100,protein_0113,0.19791666666666666
protein_0100,protein_0114,0.14772727272727273
protein_0100,protein_0115,0.14634146341463414
protein_0100,protein_0116,0.1305924568636433
protein_0100,protein_0117,0.1305924568636433
protein_0100,protein_0118,0.26685127588521396
protein_0100,protein_0119,0.16
protein_0100,protein_0120,0.18888888888888888
protein_0100,protein_0121,0.18888888888888888
protein_0100,protein_0122,0.16198501872659177
protein_0100,protein_0123,0.36929137799320355
protein_0100,protein_0124,0.1827956989247312
protein_0100,protein_0125,0.15306122448979592
protein_0100,protein_0126,0.18867924528301888
protein_0100,protein_0127,0.1724137931034483
protein_0100,protein_0129,0.1724137931034483
protein_0100,protein_0130,0.12944664031620554
protein_0100,protein_0131,0.18032786885245902
protein_0100,protein_0132,0.19444444444444445
protein_0100,protein_0133,0.19444444444444445
protein_0100,protein_0134,0.16279069767441862
protein_0100,protein_0136,0.12931034482758622
protein_0100,protein_0137,0.13675213675213677
protein_0100,protein_0139,0.25639429003106506
protein_0100,protein_0140,0.15217391304347827
protein_0100,protein_0141,0.16717376605814738
protein_0100,protein_0142,0.1511627906976744
protein_0100,protein_0143,0.15053763440860216
protein_0100,protein_0144,0.17045454545454544
protein_0100,protein_0145,0.27790092322159765
protein_0100,protein_0146,0.18055555555555555
protein_0100,protein_0147,0.20689655172413793
protein_0100,protein_0148,0.15555555555555556
protein_0100,protein_0149,0.36801378956317643
protein_0100,protein_0150,0.18604651162790697
protein_0100,protein_0151,0.15730337078651685
protein_0100,protein_0152,0.2907654773829734
protein_0100,protein_0153,0.167998667998668
protein_0100,protein_0154,0.18964368964368963
protein_0100,protein_0155,0.1623931623931624
protein_0100,protein_0157,0.15476190476190477
protein_0100,protein_0158,0.33982610991131984
protein_0100,protein_0159,0.1956521739130435
protein_0100,protein_0160,0.18478260869565216
protein_0100,protein_0161,0.15833333333333333
protein_0100,protein_0163,0.1523809523809524
protein_0100,protein_0164,0.16666666666666666
protein_0100,protein_0165,0.29954926937685555
protein_0100,protein_0166,0.19318181818181818
protein_0100,protein_0167,0.13365231259968102
protein_0100,protein_0168,0.15606060606060607
protein_0100,protein_0169,0.12396694214876033
protein_0100,protein_0170,0.2073170731707317
protein_0100,protein_0172,0.13675213675213677
protein_0100,protein_0173,0.17708333333333334
protein_0100,protein_0174,0.2
protein_0100,protein_0175,0.1827956989247312
protein_0100,protein_0176,0.27393838966731165
protein_0100,protein_0177,0.32044675167833353
protein_0100,protein_0178,0.18421052631578946
protein_0100,protein_0179,0.18421052631578946
protein_0100,protein_0180,0.2111111111111111
protein_0100,protein_0181,0.17204301075268819
protein_0100,protein_0182,0.16091954022988506
protein_0100,protein_0183,0.1717171717171717
protein_0100,protein_0184,0.21052631578947367
protein_0100,protein_0185,0.1744186046511628
protein_0100,protein_0186,0.16161616161616163
protein_0100,protein_0187,0.1724137931034483
protein_0100,protein_0188,0.34356180728123076
protein_0100,protein_0189,0.18888888888888888
protein_0100,protein_0190,0.15053763440860216
protein_0100,protein_0191,0.20689655172413793
protein_0100,protein_0192,0.2222222222222222
protein_0100,protein_0193,0.16091954022988506
protein_0100,protein_0194,0.14942528735632185
protein_0100,protein_0195,0.16091954022988506
protein_0100,protein_0196,0.1724137931034483
protein_0100,protein_0197,0.17582417582417584
protein_0100,protein_0198,0.22340425531914893
protein_0100,protein_0199,0.17582417582417584
protein_0100,protein_0201,0.17
protein_0100,protein_0202,0.14893617021276595
protein_0100,protein_0203,0.14634146341463414
protein_0100,protein_0204,0.2840007846301369
protein_0100,protein_0205,0.10900473933649289
protein_0100,protein_0206,0.17582417582417584
protein_0100,protein_0208,0.1515829463908822
protein_0100,protein_0209,0.1839080459770115
protein_0100,protein_0210,0.15294117647058825
protein_0100,protein_0211,0.16142857142857142
protein_0100,protein_0212,0.17721518987341772
protein_0100,protein_0214,0.18666666666666668
protein_0100,protein_0217,0.13953488372093023
protein_0100,protein_0218,0.144
protein_0100,protein_0219,0.15833333333333333
protein_0100,protein_0220,0.14444444444444443
protein_0100,protein_0221,0.22077922077922077
protein_0100,protein_0222,0.1511627906976744
protein_0100,protein_0223,0.2222222222222222
protein_0100,protein_0224,0.23727385219320704
protein_0100,protein_0225,0.15853658536585366
protein_0100,protein_0227,0.20987654320987653
protein_0100,protein_0228,0.15219298245614035
protein_0100,protein_0229,0.14457831325301204
protein_0100,protein_0231,0.20689655172413793
protein_0100,protein_0232,0.38031241169634705
protein_0100,protein_0233,0.15748031496062992
protein_0100,protein_0234,0.1782178217821782
protein_0100,protein_0235,0.16446226584475432
protein_0100,protein_0237,0.12720959595959597
protein_0100,protein_0238,0.12213740458015267
protein_0100,protein_0239,0.20430107526881722
protein_0100,protein_0240,0.1935483870967742
protein_0100,protein_0241,0.17777777777777778
protein_0100,protein_0242,0.3417421827665236
protein_0100,protein_0243,0.20454545454545456
protein_0100,protein_0244,0.13970588235294118
protein_0100,protein_0245,0.1424037674037674
protein_0100,protein_0246,0.17582417582417584
protein_0100,protein_0247,0.15027777777777776
protein_0100,protein_0248,0.20430107526881722
protein_0100,protein_0249,0.21839080459770116
protein_0100,protein_0250,0.18349358974358976
protein_0100,protein_0251,0.19101123595505617
protein_0100,protein_0252,0.20238095238095238
protein_0100,protein_0253,0.14912280701754385
protein_0100,protein_0254,0.18053411546773696
protein_0100,protein_0255,0.1111111111111111
protein_0100,protein_0257,0.1834862385321101
protein_0100,protein_0258,0.16842105263157894
protein_0100,protein_0259,0.27711762412047336
protein_0100,protein_0261,0.1414141414141414
protein_0100,protein_0262,0.14814814814814814
protein_0100,protein_0263,0.12408759124087591
protein_0100,protein_0264,0.20454545454545456
protein_0100,protein_0265,0.20454545454545456
protein_0100,protein_0266,0.17244582043343654
protein_0100,protein_0268,0.14772727272727273
protein_0100,protein_0269,0.13793103448275862
protein_0100,protein_0270,0.2112676056338028
protein_0100,protein_0271,0.32094960814604745
protein_0100,protein_0272,0.14464882943143814
protein_0100,protein_0273,0.1584235938927313
protein_0100,protein_0274,0.18478260869565216
protein_0100,protein_0275,0.1717171717171717
protein_0100,protein_0276,0.16091954022988506
protein_0100,protein_0277,0.31845824568329534
protein_0100,protein_0278,0.16304347826086957
protein_0100,protein_0280,0.18888888888888888
protein_0100,protein_0281,0.15789473684210525
protein_0100,protein_0282,0.19117647058823528
protein_0100,protein_0283,0.10091743119266056
protein_0100,protein_0284,0.15146508041418816
protein_0100,protein_0285,0.18181818181818182
protein_0100,protein_0286,0.27580827577605527
protein_0100,protein_0287,0.21495327102803738
protein_0100,protein_0289,0.19257259865971704
protein_0100,protein_0290,0.16981132075471697
protein_0100,protein_0291,0.1523809523809524
protein_0100,protein_0292,0.2809216274068163
protein_0100,protein_0293,0.18181818181818182
protein_0100,protein_0294,0.1523809523809524
protein_0100,protein_0295,0.2927126463305093
protein_0100,protein_0296,0.17699115044247787
protein_0100,protein_0297,0.31571104626820773
protein_0100,protein_0298,0.30331070666866145
protein_0100,protein_0299,0.15348628556780314
protein_0100,protein_0301,0.17627327491785322
protein_0100,protein_0302,0.11467889908256881
protein_0100,protein_0303,0.17105263157894737
protein_0100,protein_0304,0.21445606310768667
protein_0100,protein_0305,0.1561573347287633
protein_0100,protein_0306,0.13445378151260504
protein_0100,protein_0307,0.13559322033898305
protein_0100,protein_0308,0.15517241379310345
protein_0100,protein_0309,0.13121118012422361
protein_0100,protein_0310,0.1650485436893204
protein_0100,protein_0311,0.18681318681318682
protein_0100,protein_0313,0.14761904761904762
protein_0100,protein_0314,0.21212121212121213
protein_0100,protein_0315,0.1592920353982301
protein_0100,protein_0316,0.3177336279339322
protein_0100,protein_0317,0.19
protein_0100,protein_0318,0.14285714285714285
protein_0100,protein_0319,0.19540229885057472
protein_0100,protein_0320,0.19540229885057472
protein_0100,protein_0321,0.1590909090909091
protein_0100,protein_0322,0.18072289156626506
protein_0100,protein_0324,0.20833333333333334
protein_0100,protein_0325,0.14134316770186336
protein_0100,protein_0326,0.18292682926829268
protein_0100,protein_0327,0.16091954022988506
protein_0100,protein_0328,0.16666666666666666
protein_0100,protein_0329,0.16666666666666666
protein_0100,protein_0330,0.16853932584269662
protein_0100,protein_0331,0.29545025089004234
protein_0100,protein_0332,0.16287878787878787
protein_0100,protein_0333,0.1521810971579643
protein_0100,protein_0334,0.1978021978021978
protein_0100,protein_0335,0.18
protein_0100,protein_0336,0.34979967579773313
protein_0100,protein_0337,0.15384615384615385
protein_0100,protein_0338,0.17204301075268819
protein_0100,protein_0339,0.250517012371466
protein_0100,protein_0340,0.17592592592592593
protein_0100,protein_0342,0.18571428571428572
protein_0100,protein_0343,0.18728276426088736
protein_0100,protein_0344,0.19540229885057472
protein_0100,protein_0345,0.15037593984962405
protein_0100,protein_0347,0.3874996444978659
protein_0100,protein_0348,0.16521739130434782
protein_0100,protein_0349,0.1388888888888889
protein_0100,protein_0350,0.19540229885057472
protein_0100,protein_0351,0.17777777777777778
protein_0100,protein_0352,0.3111812530260423
protein_0100,protein_0353,0.14629847238542892
protein_0100,protein_0354,0.15384615384615385
protein_0100,protein_0355,0.15665584415584416
protein_0100,protein_0357,0.14754098360655737
protein_0100,protein_0359,0.14285714285714285
protein_0100,protein_0360,0.20224719101123595
protein_0100,protein_0361,0.16101694915254236
protein_0100,protein_0362,0.14942528735632185
protein_0100,protein_0363,0.14942528735632185
protein_0100,protein_0364,0.16483516483516483
protein_0100,protein_0365,0.19540229885057472
protein_0100,protein_0367,0.1414141414141414
protein_0100,protein_0368,0.2
protein_0100,protein_0369,0.19753086419753085
protein_0100,protein_0371,0.17391304347826086
protein_0100,protein_0372,0.0963302752293578
protein_0100,protein_0373,0.1834862385321101
protein_0100,protein_0374,0.19491525423728814
protein_0100,protein_0375,0.17391304347826086
protein_0100,protein_0376,0.15151515151515152
protein_0100,protein_0377,0.17777777777777778
protein_0100,protein_0378,0.1834862385321101
protein_0100,protein_0379,0.14853374770898078
protein_0100,protein_0380,0.14853374770898078
protein_0100,protein_0381,0.14853374770898078
protein_0100,protein_0382,0.1523809523809524
protein_0100,protein_0383,0.34538518555848124
protein_0100,protein_0384,0.14942528735632185
protein_0100,protein_0385,0.1717171717171717
protein_0100,protein_0386,0.17757009345794392
protein_0100,protein_0387,0.16161616161616163
protein_0100,protein_0388,0.3245233265720081
protein_0100,protein_0389,0.2191780821917808
protein_0100,protein_0390,0.17045454545454544
protein_0100,protein_0391,0.1590909090909091
protein_0100,protein_0392,0.21875
protein_0100,protein_0393,0.2
protein_0100,protein_0394,0.20512820512820512
protein_0100,protein_0395,0.15730337078651685
protein_0100,protein_0396,0.1452991452991453
protein_0100,protein_0397,0.16666666666666666
protein_0100,protein_0398,0.13836402774455872
protein_0100,protein_0399,0.19318181818181818
protein_0128,protein_0000,0.44565217391304346
protein_0128,protein_0001,0.18181818181818182
protein_0128,protein_0002,0.19148936170212766
protein_0128,protein_0003,0.4
protein_0128,protein_0005,0.1326530612244898
protein_0128,protein_0006,0.3707865168539326
protein_0128,protein_0007,0.20224719101123595
protein_0128,protein_0009,0.25287356321839083
protein_0128,protein_0010,0.34375
protein_0128,protein_0011,0.3333333333333333
protein_0128,protein_0012,0.36363636363636365
protein_0128,protein_0013,0.08888888888888889
protein_0128,protein_0015,0.12871287128712872
protein_0128,protein_0016,0.18446601941747573
protein_0128,protein_0017,0.09923664122137404
protein_0128,protein_0018,0.3218390804597701
protein_0128,protein_0019,0.16666666666666666
protein_0128,protein_0020,0.4482758620689655
protein_0128,protein_0021,0.18478260869565216
protein_0128,protein_0022,0.14678899082568808
protein_0128,protein_0023,0.16363636363636364
protein_0128,protein_0024,0.13445378151260504
protein_0128,protein_0025,0.47126436781609193
protein_0128,protein_0026,0.16083916083916083
protein_0128,protein_0028,0.10909090909090909
protein_0128,protein_0029,0.16091954022988506
protein_0128,protein_0030,0.15151515151515152
protein_0128,protein_0031,0.17647058823529413
protein_0128,protein_0033,0.3516483516483517
protein_0128,protein_0034,0.3448275862068966
protein_0128,protein_0035,0.11214953271028037
protein_0128,protein_0036,0.1839080459770115
protein_0128,protein_0037,0.31868131868131866
protein_0128,protein_0038,0.31868131868131866
protein_0128,protein_0039,0.25287356321839083
protein_0128,protein_0041,0.3448275862068966
protein_0128,protein_0042,0.20454545454545456
protein_0128,protein_0043,0.2413793103448276
protein_0128,protein_0044,0.2413793103448276
protein_0128,protein_0045,0.367816091954023
protein_0128,protein_0046,0.18681318681318682
protein_0128,protein_0048,0.3103448275862069
protein_0128,protein_0049,0.3218390804597701
protein_0128,protein_0050,0.15
protein_0128,protein_0051,0.17045454545454544
protein_0128,protein_0052,0.3333333333333333
protein_0128,protein_0053,0.47126436781609193
protein_0128,protein_0054,0.13114754098360656
protein_0128,protein_0055,0.1623931623931624
protein_0128,protein_0056,0.14423076923076922
protein_0128,protein_0057,0.1978021978021978
protein_0128,protein_0058,0.11494252873563218
protein_0128,protein_0059,0.25287356321839083
protein_0128,protein_0060,0.13675213675213677
protein_0128,protein_0063,0.12962962962962962
protein_0128,protein_0065,0.16822429906542055
protein_0128,protein_0066,0.17142857142857143
protein_0128,protein_0067,0.36363636363636365
protein_0128,protein_0068,0.32954545454545453
protein_0128,protein_0069,0.3448275862068966
protein_0128,protein_0070,0.21839080459770116
protein_0128,protein_0071,0.32222222222222224
protein_0128,protein_0072,0.1724137931034483
protein_0128,protein_0073,0.27586206896551724
protein_0128,protein_0074,0.17
protein_0128,protein_0075,0.1509433962264151
protein_0128,protein_0076,0.16129032258064516
protein_0128,protein_0077,0.47126436781609193
protein_0128,protein_0078,0.1262135922330097
protein_0128,protein_0079,0.1262135922330097
protein_0128,protein_0080,0.40229885057471265
protein_0128,protein_0081,0.39080459770114945
protein_0128,protein_0082,0.13793103448275862
protein_0128,protein_0083,0.2988505747126437
protein_0128,protein_0084,0.2413793103448276
protein_0128,protein_0085,0.13793103448275862
protein_0128,protein_0086,0.14655172413793102
protein_0128,protein_0087,0.13793103448275862
protein_0128,protein_0088,0.3563218390804598
protein_0128,protein_0089,0.1391304347826087
protein_0128,protein_0090,0.1415929203539823
protein_0128,protein_0091,0.13793103448275862
protein_0128,protein_0092,0.13793103448275862
protein_0128,protein_0093,0.3448275862068966
protein_0128,protein_0094,0.11403508771929824
protein_0128,protein_0095,0.1504424778761062
protein_0128,protein_0096,0.16981132075471697
protein_0128,protein_0097,0.3448275862068966
protein_0128,protein_0099,0.11650485436893204
protein_0128,protein_0101,0.28735632183908044
protein_0128,protein_0102,0.2840909090909091
protein_0128,protein_0103,0.25274725274725274
protein_0128,protein_0104,0.14754098360655737
protein_0128,protein_0105,0.12
protein_0128,protein_0106,0.1565217391304348
protein_0128,protein_0107,0.4090909090909091
protein_0128,protein_0108,0.22727272727272727
protein_0128,protein_0109,0.18888888888888888
protein_0128,protein_0110,0.28888888888888886
protein_0128,protein_0111,0.26436781609195403
protein_0128,protein_0112,0.13333333333333333
protein_0128,protein_0113,0.3218390804597701
protein_0128,protein_0114,0.3218390804597701
protein_0128,protein_0115,0.3333333333333333
protein_0128,protein_0116,0.15517241379310345
protein_0128,protein_0117,0.15517241379310345
protein_0128,protein_0118,0.17777777777777778
protein_0128,protein_0119,0.14814814814814814
protein_0128,protein_0120,0.5517241379310345
protein_0128,protein_0121,0.5517241379310345
protein_0128,protein_0122,0.3076923076923077
protein_0128,protein_0123,0.17777777777777778
protein_0128,protein_0124,0.5402298850574713
protein_0128,protein_0125,0.1320754716981132
protein_0128,protein_0126,0.17475728155339806
protein_0128,protein_0127,0.39080459770114945
protein_0128,protein_0129,0.1839080459770115
protein_0128,protein_0130,0.14035087719298245
protein_0128,protein_0131,0.14942528735632185
protein_0128,protein_0132,0.1926605504587156
protein_0128,protein_0133,0.1926605504587156
protein_0128,protein_0134,0.34444444444444444
protein_0128,protein_0136,0.1487603305785124
protein_0128,protein_0137,0.13934426229508196
protein_0128,protein_0139,0.14942528735632185
protein_0128,protein_0140,0.3333333333333333
protein_0128,protein_0141,0.2967032967032967
protein_0128,protein_0142,0.3793103448275862
protein_0128,protein_0143,0.3448275862068966
protein_0128,protein_0144,0.3333333333333333
protein_0128,protein_0145,0.21839080459770116
protein_0128,protein_0146,0.19540229885057472
protein_0128,protein_0147,0.4044943820224719
protein_0128,protein_0148,0.42528735632183906
protein_0128,protein_0149,0.1839080459770115
protein_0128,protein_0150,0.3522727272727273
protein_0128,protein_0151,0.19101123595505617
protein_0128,protein_0152,0.1724137931034483
protein_0128,protein_0153,0.18888888888888888
protein_0128,protein_0154,0.19101123595505617
protein_0128,protein_0155,0.16535433070866143
protein_0128,protein_0157,0.15730337078651685
protein_0128,protein_0158,0.17777777777777778
protein_0128,protein_0159,0.3103448275862069
protein_0128,protein_0160,0.4827586206896552
protein_0128,protein_0161,0.10833333333333334
protein_0128,protein_0163,0.16346153846153846
protein_0128,protein_0164,0.4367816091954023
protein_0128,protein_0165,0.2247191011235955
protein_0128,protein_0166,0.41379310344827586
protein_0128,protein_0167,0.13636363636363635
protein_0128,protein_0168,0.14035087719298245
protein_0128,protein_0169,0.15625
protein_0128,protein_0170,0.45977011494252873
protein_0128,protein_0172,0.08
protein_0128,protein_0173,0.4827586206896552
protein_0128,protein_0174,0.5057471264367817
protein_0128,protein_0175,0.4827586206896552
protein_0128,protein_0176,0.1724137931034483
protein_0128,protein_0177,0.16483516483516483
protein_0128,protein_0178,0.18584070796460178
protein_0128,protein_0179,0.15789473684210525
protein_0128,protein_0180,0.25287356321839083
protein_0128,protein_0181,0.3333333333333333
protein_0128,protein_0182,0.3793103448275862
protein_0128,protein_0183,0.15841584158415842
protein_0128,protein_0184,0.5057471264367817
protein_0128,protein_0185,0.20408163265306123
protein_0128,protein_0186,0.15841584158415842
protein_0128,protein_0187,0.5057471264367817
protein_0128,protein_0188,0.16091954022988506
protein_0128,protein_0189,0.3218390804597701
protein_0128,protein_0190,0.3448275862068966
protein_0128,protein_0191,0.39325842696629215
protein_0128,protein_0192,0.4482758620689655
protein_0128,protein_0193,0.3793103448275862
protein_0128,protein_0194,0.2413793103448276
protein_0128,protein_0195,0.3333333333333333
protein_0128,protein_0196,0.3103448275862069
protein_0128,protein_0197,0.34782608695652173
protein_0128,protein_0198,0.3563218390804598
protein_0128,protein_0199,0.2111111111111111
protein_0128,protein_0201,0.14150943396226415
protein_0128,protein_0202,0.4367816091954023
protein_0128,protein_0203,0.088
protein_0128,protein_0204,0.2
protein_0128,protein_0205,0.12149532710280374
protein_0128,protein_0206,0.3626373626373626
protein_0128,protein_0208,0.14423076923076922
protein_0128,protein_0209,0.26436781609195403
protein_0128,protein_0210,0.3516483516483517
protein_0128,protein_0211,0.1592920353982301
protein_0128,protein_0212,0.14942528735632185
protein_0128,protein_0214,0.12087912087912088
protein_0128,protein_0217,0.0967741935483871
protein_0128,protein_0218,0.104
protein_0128,protein_0219,0.11382113821138211
protein_0128,protein_0220,0.3793103448275862
protein_0128,protein_0221,0.14893617021276595
protein_0128,protein_0222,0.3218390804597701
protein_0128,protein_0223,0.14285714285714285
protein_0128,protein_0224,0.16091954022988506
protein_0128,protein_0225,0.15384615384615385
protein_0128,protein_0227,0.12643678160919541
protein_0128,protein_0228,0.2
protein_0128,protein_0229,0.13131313131313133
protein_0128,protein_0231,0.5057471264367817
protein_0128,protein_0232,0.1724137931034483
protein_0128,protein_0233,0.15503875968992248
protein_0128,protein_0234,0.1523809523809524
protein_0128,protein_0235,0.1368421052631579
protein_0128,protein_0237,0.28735632183908044
protein_0128,protein_0238,0.14393939393939395
protein_0128,protein_0239,0.4827586206896552
protein_0128,protein_0240,0.45977011494252873
protein_0128,protein_0241,0.4827586206896552
protein_0128,protein_0242,0.12643678160919541
protein_0128,protein_0243,0.4942528735632184
protein_0128,protein_0244,0.14942528735632185
protein_0128,protein_0245,0.14678899082568808
protein_0128,protein_0246,0.1368421052631579
protein_0128,protein_0247,0.20454545454545456
protein_0128,protein_0248,0.43478260869565216
protein_0128,protein_0249,0.4482758620689655
protein_0128,protein_0250,0.17708333333333334
protein_0128,protein_0251,0.11650485436893204
protein_0128,protein_0252,0.1875
protein_0128,protein_0253,0.13157894736842105
protein_0128,protein_0254,0.14942528735632185
protein_0128,protein_0255,0.13450292397660818
protein_0128,protein_0257,0.14018691588785046
protein_0128,protein_0258,0.3068181818181818
protein_0128,protein_0259,0.16853932584269662
protein_0128,protein_0261,0.1650485436893204
protein_0128,protein_0262,0.11971830985915492
protein_0128,protein_0263,0.13986013986013987
protein_0128,protein_0264,0.367816091954023
protein_0128,protein_0265,0.367816091954023
protein_0128,protein_0266,0.18446601941747573
protein_0128,protein_0268,0.16494845360824742
protein_0128,protein_0269,0.14285714285714285
protein_0128,protein_0270,0.17708333333333334
protein_0128,protein_0271,0.18181818181818182
protein_0128,protein_0272,0.3103448275862069
protein_0128,protein_0273,0.3218390804597701
protein_0128,protein_0274,0.20224719101123595
protein_0128,protein_0275,0.14
protein_0128,protein_0276,0.3563218390804598
protein_0128,protein_0277,0.16091954022988506
protein_0128,protein_0278,0.2222222222222222
protein_0128,protein_0280,0.3563218390804598
protein_0128,protein_0281,0.1774193548387097
protein_0128,protein_0282,0.13043478260869565
protein_0128,protein_0283,0.10550458715596331
protein_0128,protein_0284,0.2967032967032967
protein_0128,protein_0285,0.36363636363636365
protein_0128,protein_0286,0.17777777777777778
protein_0128,protein_0287,0.22123893805309736
protein_0128,protein_0289,0.14772727272727273
protein_0128,protein_0290,0.1588785046728972
protein_0128,protein_0291,0.26666666666666666
protein_0128,protein_0292,0.18181818181818182
protein_0128,protein_0293,0.20454545454545456
protein_0128,protein_0294,0.26666666666666666
protein_0128,protein_0295,0.16091954022988506
protein_0128,protein_0296,0.16101694915254236
protein_0128,protein_0297,0.16091954022988506
protein_0128,protein_0298,0.18681318681318682
protein_0128,protein_0299,0.19
protein_0128,protein_0301,0.13861386138613863
protein_0128,protein_0302,0.11059907834101383
protein_0128,protein_0303,0.21348314606741572
protein_0128,protein_0304,0.12643678160919541
protein_0128,protein_0305,0.17777777777777778
protein_0128,protein_0306,0.1623931623931624
protein_0128,protein_0307,0.15254237288135594
protein_0128,protein_0308,0.11304347826086956
protein_0128,protein_0309,0.11827956989247312
protein_0128,protein_0310,0.13861386138613863
protein_0128,protein_0311,0.5057471264367817
protein_0128,protein_0313,0.26436781609195403
protein_0128,protein_0314,0.1320754716981132
protein_0128,protein_0315,0.11570247933884298
protein_0128,protein_0316,0.14606741573033707
protein_0128,protein_0317,0.16037735849056603
protein_0128,protein_0318,0.19327731092436976
protein_0128,protein_0319,0.3563218390804598
protein_0128,protein_0320,0.45977011494252873
protein_0128,protein_0321,0.18681318681318682
protein_0128,protein_0322,0.2988505747126437
protein_0128,protein_0324,0.2
protein_0128,protein_0325,0.15126050420168066
protein_0128,protein_0326,0.125
protein_0128,protein_0327,0.34831460674157305
protein_0128,protein_0328,0.1388888888888889
protein_0128,protein_0329,0.1388888888888889
protein_0128,protein_0330,0.3103448275862069
protein_0128,protein_0331,0.15555555555555556
protein_0128,protein_0332,0.2857142857142857
protein_0128,protein_0333,0.27586206896551724
protein_0128,protein_0334,0.21505376344086022
protein_0128,protein_0335,0.1415929203539823
protein_0128,protein_0336,0.14444444444444443
protein_0128,protein_0337,0.3448275862068966
protein_0128,protein_0338,0.2413793103448276
protein_0128,protein_0339,0.2111111111111111
protein_0128,protein_0340,0.14953271028037382
protein_0128,protein_0342,0.19540229885057472
protein_0128,protein_0343,0.13793103448275862
protein_0128,protein_0344,0.3563218390804598
protein_0128,protein_0345,0.1557377049180328
protein_0128,protein_0347,0.1724137931034483
protein_0128,protein_0348,0.12598425196850394
protein_0128,protein_0349,0.16981132075471697
protein_0128,protein_0350,0.3563218390804598
protein_0128,protein_0351,0.2988505747126437
protein_0128,protein_0352,0.14606741573033707
protein_0128,protein_0353,0.15126050420168066
protein_0128,protein_0354,0.23076923076923078
protein_0128,protein_0355,0.3333333333333333
protein_0128,protein_0357,0.13934426229508196
protein_0128,protein_0359,0.09836065573770492
protein_0128,protein_0360,0.3763440860215054
protein_0128,protein_0361,0.16129032258064516
protein_0128,protein_0362,0.19101123595505617
protein_0128,protein_0363,0.19101123595505617
protein_0128,protein_0364,0.19318181818181818
protein_0128,protein_0365,0.26881720430107525
protein_0128,protein_0367,0.1574074074074074
protein_0128,protein_0368,0.2111111111111111
protein_0128,protein_0369,0.13725490196078433
protein_0128,protein_0371,0.3409090909090909
protein_0128,protein_0372,0.11764705882352941
protein_0128,protein_0373,0.1504424778761062
protein_0128,protein_0374,0.15702479338842976
protein_0128,protein_0375,0.42045454545454547
protein_0128,protein_0376,0.1509433962264151
protein_0128,protein_0377,0.4157303370786517
protein_0128,protein_0378,0.1532258064516129
protein_0128,protein_0379,0.16842105263157894
protein_0128,protein_0380,0.16842105263157894
protein_0128,protein_0381,0.16842105263157894
protein_0128,protein_0382,0.28735632183908044
protein_0128,protein_0383,0.1724137931034483
protein_0128,protein_0384,0.3563218390804598
protein_0128,protein_0385,0.1485148514851485
protein_0128,protein_0386,0.13333333333333333
protein_0128,protein_0387,0.14035087719298245
protein_0128,protein_0388,0.14942528735632185
protein_0128,protein_0389,0.17582417582417584
protein_0128,protein_0390,0.375
protein_0128,protein_0391,0.2111111111111111
protein_0128,protein_0392,0.4772727272727273
protein_0128,protein_0393,0.45977011494252873
protein_0128,protein_0394,0.1623931623931624
protein_0128,protein_0395,0.1956521739130435
protein_0128,protein_0396,0.13821138211382114
protein_0128,protein_0397,0.3793103448275862
protein_0128,protein_0398,0.1328125
protein_0128,protein_0399,0.39080459770114945
protein_0135,protein_0000,0.3563218390804598
protein_0135,protein_0001,0.2261904761904762
protein_0135,protein_0002,0.17204301075268819
protein_0135,protein_0003,0.32954545454545453
protein_0135,protein_0005,0.1782178217821782
protein_0135,protein_0006,0.2840909090909091
protein_0135,protein_0007,0.1927710843373494
protein_0135,protein_0009,0.21839080459770116
protein_0135,protein_0010,0.30337078651685395
protein_0135,protein_0011,0.27586206896551724
protein_0135,protein_0012,0.3
protein_0135,protein_0013,0.20689655172413793
protein_0135,protein_0015,0.15315315315315314
protein_0135,protein_0016,0.17647058823529413
protein_0135,protein_0017,0.12403100775193798
protein_0135,protein_0018,0.3563218390804598
protein_0135,protein_0019,0.17045454545454544
protein_0135,protein_0020,0.42857142857142855
protein_0135,protein_0021,0.10714285714285714
protein_0135,protein_0022,0.19
protein_0135,protein_0023,0.12380952380952381
protein_0135,protein_0024,0.15447154471544716
protein_0135,protein_0025,0.3977272727272727
protein_0135,protein_0026,0.13178294573643412
protein_0135,protein_0028,0.1388888888888889
protein_0135,protein_0029,0.17582417582417584
protein_0135,protein_0030,0.136
protein_0135,protein_0031,0.14285714285714285
protein_0135,protein_0033,0.3103448275862069
protein_0135,protein_0034,0.3103448275862069
protein_0135,protein_0035,0.13725490196078433
protein_0135,protein_0036,0.15476190476190477
protein_0135,protein_0037,0.27586206896551724
protein_0135,protein_0038,0.27586206896551724
protein_0135,protein_0039,0.21839080459770116
protein_0135,protein_0041,0.3409090909090909
protein_0135,protein_0042,0.23255813953488372
protein_0135,protein_0043,0.29545454545454547
protein_0135,protein_0044,0.2840909090909091
protein_0135,protein_0045,0.32608695652173914
protein_0135,protein_0046,0.18681318681318682
protein_0135,protein_0048,0.2391304347826087
protein_0135,protein_0049,0.25287356321839083
protein_0135,protein_0050,0.125
protein_0135,protein_0051,0.16666666666666666
protein_0135,protein_0052,0.2988505747126437
protein_0135,protein_0053,0.40229885057471265
protein_0135,protein_0054,0.1440677966101695
protein_0135,protein_0055,0.15702479338842976
protein_0135,protein_0056,0.14285714285714285
protein_0135,protein_0057,0.1927710843373494
protein_0135,protein_0058,0.13186813186813187
protein_0135,protein_0059,0.26436781609195403
protein_0135,protein_0060,0.13333333333333333
protein_0135,protein_0063,0.0892018779342723
protein_0135,protein_0065,0.12871287128712872
protein_0135,protein_0066,0.1574074074074074
protein_0135,protein_0067,0.2988505747126437
protein_0135,protein_0068,0.25287356321839083
protein_0135,protein_0069,0.2988505747126437
protein_0135,protein_0070,0.1724137931034483
protein_0135,protein_0071,0.25287356321839083
protein_0135,protein_0072,0.1686746987951807
protein_0135,protein_0073,0.25287356321839083
protein_0135,protein_0074,0.15384615384615385
protein_0135,protein_0075,0.16037735849056603
protein_0135,protein_0076,0.13253012048192772
protein_0135,protein_0077,0.3103448275862069
protein_0135,protein_0078,0.18269230769230768
protein_0135,protein_0079,0.18269230769230768
protein_0135,protein_0080,0.4
protein_0135,protein_0081,0.36666666666666664
protein_0135,protein_0082,0.1623931623931624
protein_0135,protein_0083,0.22988505747126436
protein_0135,protein_0084,0.23255813953488372
protein_0135,protein_0085,0.1504424778761062
protein_0135,protein_0086,0.1794871794871795
protein_0135,protein_0087,0.1686746987951807
protein_0135,protein_0088,0.35555555555555557
protein_0135,protein_0089,0.13513513513513514
protein_0135,protein_0090,0.13513513513513514
protein_0135,protein_0091,0.15966386554621848
protein_0135,protein_0092,0.15966386554621848
protein_0135,protein_0093,0.26436781609195403
protein_0135,protein_0094,0.1774193548387097
protein_0135,protein_0095,0.13274336283185842
protein_0135,protein_0096,0.12871287128712872
protein_0135,protein_0097,0.3333333333333333
protein_0135,protein_0099,0.11650485436893204
protein_0135,protein_0101,0.25287356321839083
protein_0135,protein_0102,0.25287356321839083
protein_0135,protein_0103,0.1839080459770115
protein_0135,protein_0104,0.15873015873015872
protein_0135,protein_0105,0.14285714285714285
protein_0135,protein_0106,0.14655172413793102
protein_0135,protein_0107,0.3793103448275862
protein_0135,protein_0108,0.21839080459770116
protein_0135,protein_0109,0.1566265060240964
protein_0135,protein_0110,0.3563218390804598
protein_0135,protein_0111,0.25287356321839083
protein_0135,protein_0112,0.20952380952380953
protein_0135,protein_0113,0.2988505747126437
protein_0135,protein_0114,0.32967032967032966
protein_0135,protein_0115,0.4457831325301205
protein_0135,protein_0116,0.15517241379310345
protein_0135,protein_0117,0.15517241379310345
protein_0135,protein_0118,0.1686746987951807
protein_0135,protein_0119,0.14018691588785046
protein_0135,protein_0120,0.39325842696629215
protein_0135,protein_0121,0.39325842696629215
protein_0135,protein_0122,0.27586206896551724
protein_0135,protein_0123,0.20238095238095238
protein_0135,protein_0124,0.39080459770114945
protein_0135,protein_0125,0.1568627450980392
protein_0135,protein_0126,0.15
protein_0135,protein_0127,0.3181818181818182
protein_0135,protein_0129,0.23863636363636365
protein_0135,protein_0130,0.13274336283185842
protein_0135,protein_0131,0.13253012048192772
protein_0135,protein_0132,0.14678899082568808
protein_0135,protein_0133,0.14678899082568808
protein_0135,protein_0134,0.32222222222222224
protein_0135,protein_0136,0.19672131147540983
protein_0135,protein_0137,0.19166666666666668
protein_0135,protein_0139,0.1566265060240964
protein_0135,protein_0140,0.2777777777777778
protein_0135,protein_0141,0.28735632183908044
protein_0135,protein_0142,0.3707865168539326
protein_0135,protein_0143,0.28735632183908044
protein_0135,protein_0144,0.2988505747126437
protein_0135,protein_0145,0.17857142857142858
protein_0135,protein_0146,0.12790697674418605
protein_0135,protein_0147,0.27586206896551724
protein_0135,protein_0148,0.3563218390804598
protein_0135,protein_0149,0.1566265060240964
protein_0135,protein_0150,0.3626373626373626
protein_0135,protein_0151,0.2247191011235955
protein_0135,protein_0152,0.1686746987951807
protein_0135,protein_0153,0.1935483870967742
protein_0135,protein_0154,0.16853932584269662
protein_0135,protein_0155,0.1864406779661017
protein_0135,protein_0157,0.1188118811881188
protein_0135,protein_0158,0.14457831325301204
protein_0135,protein_0159,0.2413793103448276
protein_0135,protein_0160,0.3793103448275862
protein_0135,protein_0161,0.16101694915254236
protein_0135,protein_0163,0.1651376146788991
protein_0135,protein_0164,0.45977011494252873
protein_0135,protein_0165,0.1927710843373494
protein_0135,protein_0166,0.45977011494252873
protein_0135,protein_0167,0.15454545454545454
protein_0135,protein_0168,0.16363636363636364
protein_0135,protein_0169,0.1652892561983471
protein_0135,protein_0170,0.36666666666666664
protein_0135,protein_0172,0.1271186440677966
protein_0135,protein_0173,0.367816091954023
protein_0135,protein_0174,0.3563218390804598
protein_0135,protein_0175,0.367816091954023
protein_0135,protein_0176,0.1566265060240964
protein_0135,protein_0177,0.1566265060240964
protein_0135,protein_0178,0.15384615384615385
protein_0135,protein_0179,0.19827586206896552
protein_0135,protein_0180,0.2413793103448276
protein_0135,protein_0181,0.2988505747126437
protein_0135,protein_0182,0.375
protein_0135,protein_0183,0.1415929203539823
protein_0135,protein_0184,0.375
protein_0135,protein_0185,0.2127659574468085
protein_0135,protein_0186,0.1651376146788991
protein_0135,protein_0187,0.34831460674157305
protein_0135,protein_0188,0.1566265060240964
protein_0135,protein_0189,0.25287356321839083
protein_0135,protein_0190,0.25287356321839083
protein_0135,protein_0191,0.3218390804597701
protein_0135,protein_0192,0.4823529411764706
protein_0135,protein_0193,0.3409090909090909
protein_0135,protein_0194,0.1839080459770115
protein_0135,protein_0195,0.2840909090909091
protein_0135,protein_0196,0.26436781609195403
protein_0135,protein_0197,0.25287356321839083
protein_0135,protein_0198,0.3181818181818182
protein_0135,protein_0199,0.2
protein_0135,protein_0201,0.16346153846153846
protein_0135,protein_0202,0.3563218390804598
protein_0135,protein_0203,0.12903225806451613
protein_0135,protein_0204,0.18072289156626506
protein_0135,protein_0205,0.11926605504587157
protein_0135,protein_0206,0.3
protein_0135,protein_0208,0.16666666666666666
protein_0135,protein_0209,0.29545454545454547
protein_0135,protein_0210,0.3218390804597701
protein_0135,protein_0211,0.19801980198019803
protein_0135,protein_0212,0.1590909090909091
protein_0135,protein_0214,0.15384615384615385
protein_0135,protein_0217,0.16483516483516483
protein_0135,protein_0218,0.16058394160583941
protein_0135,protein_0219,0.15267175572519084
protein_0135,protein_0220,0.4606741573033708
protein_0135,protein_0221,0.17045454545454544
protein_0135,protein_0222,0.2413793103448276
protein_0135,protein_0223,0.14942528735632185
protein_0135,protein_0224,0.14457831325301204
protein_0135,protein_0225,0.17777777777777778
protein_0135,protein_0227,0.10843373493975904
protein_0135,protein_0228,0.24468085106382978
protein_0135,protein_0229,0.14606741573033707
protein_0135,protein_0231,0.367816091954023
protein_0135,protein_0232,0.19047619047619047
protein_0135,protein_0233,0.13953488372093023
protein_0135,protein_0234,0.1743119266055046
protein_0135,protein_0235,0.1411764705882353
protein_0135,protein_0237,0.22988505747126436
protein_0135,protein_0238,0.1417910447761194
protein_0135,protein_0239,0.3793103448275862
protein_0135,protein_0240,0.3793103448275862
protein_0135,protein_0241,0.367816091954023
protein_0135,protein_0242,0.1566265060240964
protein_0135,protein_0243,0.3548387096774194
protein_0135,protein_0244,0.1511627906976744
protein_0135,protein_0245,0.16176470588235295
protein_0135,protein_0246,0.17894736842105263
protein_0135,protein_0247,0.19318181818181818
protein_0135,protein_0248,0.3448275862068966
protein_0135,protein_0249,0.4157303370786517
protein_0135,protein_0250,0.18
protein_0135,protein_0251,0.1414141414141414
protein_0135,protein_0252,0.17582417582417584
protein_0135,protein_0253,0.13043478260869565
protein_0135,protein_0254,0.12941176470588237
protein_0135,protein_0255,0.11627906976744186
protein_0135,protein_0257,0.1650485436893204
protein_0135,protein_0258,0.2413793103448276
protein_0135,protein_0259,0.16483516483516483
protein_0135,protein_0261,0.13592233009708737
protein_0135,protein_0262,0.1510791366906475
protein_0135,protein_0263,0.16901408450704225
protein_0135,protein_0264,0.2988505747126437
protein_0135,protein_0265,0.2988505747126437
protein_0135,protein_0266,0.1348314606741573
protein_0135,protein_0268,0.14772727272727273
protein_0135,protein_0269,0.13793103448275862
protein_0135,protein_0270,0.2268041237113402
protein_0135,protein_0271,0.1927710843373494
protein_0135,protein_0272,0.26436781609195403
protein_0135,protein_0273,0.26436781609195403
protein_0135,protein_0274,0.26373626373626374
protein_0135,protein_0275,0.18691588785046728
protein_0135,protein_0276,0.3563218390804598
protein_0135,protein_0277,0.19318181818181818
protein_0135,protein_0278,0.2222222222222222
protein_0135,protein_0280,0.4457831325301205
protein_0135,protein_0281,0.13157894736842105
protein_0135,protein_0282,0.11702127659574468
protein_0135,protein_0283,0.0871559633027523
protein_0135,protein_0284,0.27586206896551724
protein_0135,protein_0285,0.27586206896551724
protein_0135,protein_0286,0.17647058823529413
protein_0135,protein_0287,0.18518518518518517
protein_0135,protein_0289,0.15730337078651685
protein_0135,protein_0290,0.1568627450980392
protein_0135,protein_0291,0.21686746987951808
protein_0135,protein_0292,0.16666666666666666
protein_0135,protein_0293,0.22727272727272727
protein_0135,protein_0294,0.20481927710843373
protein_0135,protein_0295,0.17582417582417584
protein_0135,protein_0296,0.17647058823529413
protein_0135,protein_0297,0.1686746987951807
protein_0135,protein_0298,0.16666666666666666
protein_0135,protein_0299,0.13636363636363635
protein_0135,protein_0301,0.18681318681318682
protein_0135,protein_0302,0.0967741935483871
protein_0135,protein_0303,0.20224719101123595
protein_0135,protein_0304,0.15730337078651685
protein_0135,protein_0305,0.1743119266055046
protein_0135,protein_0306,0.15702479338842976
protein_0135,protein_0307,0.18181818181818182
protein_0135,protein_0308,0.17829457364341086
protein_0135,protein_0309,0.22105263157894736
protein_0135,protein_0310,0.18867924528301888
protein_0135,protein_0311,0.367816091954023
protein_0135,protein_0313,0.22727272727272727
protein_0135,protein_0314,0.17647058823529413
protein_0135,protein_0315,0.18181818181818182
protein_0135,protein_0316,0.1566265060240964
protein_0135,protein_0317,0.16831683168316833
protein_0135,protein_0318,0.14754098360655737
protein_0135,protein_0319,0.26436781609195403
protein_0135,protein_0320,0.4044943820224719
protein_0135,protein_0321,0.19318181818181818
protein_0135,protein_0322,0.43373493975903615
protein_0135,protein_0324,0.14130434782608695
protein_0135,protein_0325,0.14545454545454545
protein_0135,protein_0326,0.13861386138613863
protein_0135,protein_0327,0.3258426966292135
protein_0135,protein_0328,0.1271186440677966
protein_0135,protein_0329,0.1271186440677966
protein_0135,protein_0330,0.27956989247311825
protein_0135,protein_0331,0.17582417582417584
protein_0135,protein_0332,0.26436781609195403
protein_0135,protein_0333,0.22988505747126436
protein_0135,protein_0334,0.17045454545454544
protein_0135,protein_0335,0.13333333333333333
protein_0135,protein_0336,0.13253012048192772
protein_0135,protein_0337,0.3103448275862069
protein_0135,protein_0338,0.25287356321839083
protein_0135,protein_0339,0.19540229885057472
protein_0135,protein_0340,0.18691588785046728
protein_0135,protein_0342,0.12643678160919541
protein_0135,protein_0343,0.16853932584269662
protein_0135,protein_0344,0.3448275862068966
protein_0135,protein_0345,0.18072289156626506
protein_0135,protein_0347,0.18072289156626506
protein_0135,protein_0348,0.2
protein_0135,protein_0349,0.1792452830188679
protein_0135,protein_0350,0.3563218390804598
protein_0135,protein_0351,0.22988505747126436
protein_0135,protein_0352,0.1566265060240964
protein_0135,protein_0353,0.1592920353982301
protein_0135,protein_0354,0.20689655172413793
protein_0135,protein_0355,0.27586206896551724
protein_0135,protein_0357,0.15873015873015872
protein_0135,protein_0359,0.1774193548387097
protein_0135,protein_0360,0.3655913978494624
protein_0135,protein_0361,0.1746031746031746
protein_0135,protein_0362,0.21839080459770116
protein_0135,protein_0363,0.21839080459770116
protein_0135,protein_0364,0.20689655172413793
protein_0135,protein_0365,0.2222222222222222
protein_0135,protein_0367,0.13636363636363635
protein_0135,protein_0368,0.14705882352941177
protein_0135,protein_0369,0.16483516483516483
protein_0135,protein_0371,0.3333333333333333
protein_0135,protein_0372,0.0963302752293578
protein_0135,protein_0373,0.2037037037037037
protein_0135,protein_0374,0.13934426229508196
protein_0135,protein_0375,0.31868131868131866
protein_0135,protein_0376,0.1262135922330097
protein_0135,protein_0377,0.42528735632183906
protein_0135,protein_0378,0.11965811965811966
protein_0135,protein_0379,0.2
protein_0135,protein_0380,0.2
protein_0135,protein_0381,0.2
protein_0135,protein_0382,0.26436781609195403
protein_0135,protein_0383,0.15476190476190477
protein_0135,protein_0384,0.3333333333333333
protein_0135,protein_0385,0.13513513513513514
protein_0135,protein_0386,0.1568627450980392
protein_0135,protein_0387,0.18269230769230768
protein_0135,protein_0388,0.18604651162790697
protein_0135,protein_0389,0.08235294117647059
protein_0135,protein_0390,0.27586206896551724
protein_0135,protein_0391,0.2717391304347826
protein_0135,protein_0392,0.3695652173913043
protein_0135,protein_0393,0.358695652173913
protein_0135,protein_0394,0.13333333333333333
protein_0135,protein_0395,0.20224719101123595
protein_0135,protein_0396,0.13333333333333333
protein_0135,protein_0397,0.6904761904761905
protein_0135,protein_0398,0.17699115044247787
protein_0135,protein_0399,0.28735632183908044
protein_0138,protein_0000,0.14516129032258066
protein_0138,protein_0001,0.15384615384615385
protein_0138,protein_0002,0.1282051282051282
protein_0138,protein_0003,0.16129032258064516
protein_0138,protein_0005,0.140625
protein_0138,protein_0006,0.14166666666666666
protein_0138,protein_0007,0.1794871794871795
protein_0138,protein_0009,0.16129032258064516
protein_0138,protein_0010,0.1484375
protein_0138,protein_0011,0.15625
protein_0138,protein_0012,0.11965811965811966
protein_0138,protein_0013,0.1440677966101695
protein_0138,protein_0015,0.1694915254237288
protein_0138,protein_0016,0.15833333333333333
protein_0138,protein_0017,0.15827338129496402
protein_0138,protein_0018,0.1557377049180328
protein_0138,protein_0019,0.16101694915254236
protein_0138,protein_0020,0.15384615384615385
protein_0138,protein_0021,0.1322314049586777
protein_0138,protein_0022,0.10256410256410256
protein_0138,protein_0023,0.08130081300813008
protein_0138,protein_0024,0.3951612903225806
protein_0138,protein_0025,0.14754098360655737
protein_0138,protein_0026,0.18243243243243243
protein_0138,protein_0028,0.13953488372093023
protein_0138,protein_0029,0.1623931623931624
protein_0138,protein_0030,0.31451612903225806
protein_0138,protein_0031,0.16153846153846155
protein_0138,protein_0033,0.15126050420168066
protein_0138,protein_0034,0.17886178861788618
protein_0138,protein_0035,0.4700854700854701
protein_0138,protein_0036,0.11965811965811966
protein_0138,protein_0037,0.16666666666666666
protein_0138,protein_0038,0.16666666666666666
protein_0138,protein_0039,0.1693548387096774
protein_0138,protein_0041,0.144
protein_0138,protein_0042,0.17796610169491525
protein_0138,protein_0043,0.13445378151260504
protein_0138,protein_0044,0.12605042016806722
protein_0138,protein_0045,0.1452991452991453
protein_0138,protein_0046,0.15384615384615385
protein_0138,protein_0048,0.1417910447761194
protein_0138,protein_0049,0.13333333333333333
protein_0138,protein_0050,0.13445378151260504
protein_0138,protein_0051,0.13675213675213677
protein_0138,protein_0052,0.1440677966101695
protein_0138,protein_0053,0.1557377049180328
protein_0138,protein_0054,0.425
protein_0138,protein_0055,0.4322033898305085
protein_0138,protein_0056,0.15384615384615385
protein_0138,protein_0057,0.17094017094017094
protein_0138,protein_0058,0.1111111111111111
protein_0138,protein_0059,0.152
protein_0138,protein_0060,0.19166666666666668
protein_0138,protein_0063,0.14553990610328638
protein_0138,protein_0065,0.12403100775193798
protein_0138,protein_0066,0.14166666666666666
protein_0138,protein_0067,0.12605042016806722
protein_0138,protein_0068,0.125
protein_0138,protein_0069,0.10833333333333334
protein_0138,protein_0070,0.16260162601626016
protein_0138,protein_0071,0.13675213675213677
protein_0138,protein_0072,0.13445378151260504
protein_0138,protein_0073,0.1111111111111111
protein_0138,protein_0074,0.14049586776859505
protein_0138,protein_0075,0.12295081967213115
protein_0138,protein_0076,0.12605042016806722
protein_0138,protein_0077,0.14754098360655737
protein_0138,protein_0078,0.1951219512195122
protein_0138,protein_0079,0.1951219512195122
protein_0138,protein_0080,0.125
protein_0138,protein_0081,0.11666666666666667
protein_0138,protein_0082,0.14754098360655737
protein_0138,protein_0083,0.11764705882352941
protein_0138,protein_0084,0.15833333333333333
protein_0138,protein_0085,0.15503875968992248
protein_0138,protein_0086,0.12295081967213115
protein_0138,protein_0087,0.15384615384615385
protein_0138,protein_0088,0.1640625
protein_0138,protein_0089,0.1746031746031746
protein_0138,protein_0090,0.1746031746031746
protein_0138,protein_0091,0.14634146341463414
protein_0138,protein_0092,0.14634146341463414
protein_0138,protein_0093,0.11475409836065574
protein_0138,protein_0094,0.3728813559322034
protein_0138,protein_0095,0.18253968253968253
protein_0138,protein_0096,0.11382113821138211
protein_0138,protein_0097,0.16129032258064516
protein_0138,protein_0099,0.1693548387096774
protein_0138,protein_0101,0.13675213675213677
protein_0138,protein_0102,0.15384615384615385
protein_0138,protein_0103,0.1282051282051282
protein_0138,protein_0104,0.38524590163934425
protein_0138,protein_0105,0.10256410256410256
protein_0138,protein_0106,0.15079365079365079
protein_0138,protein_0107,0.17796610169491525
protein_0138,protein_0108,0.1092436974789916
protein_0138,protein_0109,0.16101694915254236
protein_0138,protein_0110,0.10256410256410256
protein_0138,protein_0111,0.1557377049180328
protein_0138,protein_0112,0.12195121951219512
protein_0138,protein_0113,0.15833333333333333
protein_0138,protein_0114,0.16129032258064516
protein_0138,protein_0115,0.17355371900826447
protein_0138,protein_0116,0.16393442622950818
protein_0138,protein_0117,0.16393442622950818
protein_0138,protein_0118,0.1452991452991453
protein_0138,protein_0119,0.13114754098360656
protein_0138,protein_0120,0.16129032258064516
protein_0138,protein_0121,0.16129032258064516
protein_0138,protein_0122,0.15966386554621848
protein_0138,protein_0123,0.11965811965811966
protein_0138,protein_0124,0.18333333333333332
protein_0138,protein_0125,0.10569105691056911
protein_0138,protein_0126,0.1774193548387097
protein_0138,protein_0127,0.13821138211382114
protein_0138,protein_0129,0.1557377049180328
protein_0138,protein_0130,0.184
protein_0138,protein_0131,0.17094017094017094
protein_0138,protein_0132,0.1328125
protein_0138,protein_0133,0.1328125
protein_0138,protein_0134,0.1487603305785124
protein_0138,protein_0136,0.7435897435897436
protein_0138,protein_0137,1.0
protein_0138,protein_0139,0.15833333333333333
protein_0138,protein_0140,0.152
protein_0138,protein_0141,0.15748031496062992
protein_0138,protein_0142,0.14166666666666666
protein_0138,protein_0143,0.16
protein_0138,protein_0144,0.125
protein_0138,protein_0145,0.1452991452991453
protein_0138,protein_0146,0.11965811965811966
protein_0138,protein_0147,0.1322314049586777
protein_0138,protein_0148,0.13385826771653545
protein_0138,protein_0149,0.15
protein_0138,protein_0150,0.10569105691056911
protein_0138,protein_0151,0.1774193548387097
protein_0138,protein_0152,0.1794871794871795
protein_0138,protein_0153,0.15126050420168066
protein_0138,protein_0154,0.15384615384615385
protein_0138,protein_0155,0.12295081967213115
protein_0138,protein_0157,0.08943089430894309
protein_0138,protein_0158,0.13445378151260504
protein_0138,protein_0159,0.17829457364341086
protein_0138,protein_0160,0.13934426229508196
protein_0138,protein_0161,0.4576271186440678
protein_0138,protein_0163,0.10655737704918032
protein_0138,protein_0164,0.15
protein_0138,protein_0165,0.1111111111111111
protein_0138,protein_0166,0.12
protein_0138,protein_0167,0.16535433070866143
protein_0138,protein_0168,0.1732283464566929
protein_0138,protein_0169,0.37606837606837606
protein_0138,protein_0170,0.17886178861788618
protein_0138,protein_0172,0.3898305084745763
protein_0138,protein_0173,0.1557377049180328
protein_0138,protein_0174,0.14516129032258066
protein_0138,protein_0175,0.13333333333333333
protein_0138,protein_0176,0.13675213675213677
protein_0138,protein_0177,0.1440677966101695
protein_0138,protein_0178,0.3559322033898305
protein_0138,protein_0179,0.3728813559322034
protein_0138,protein_0180,0.14754098360655737
protein_0138,protein_0181,0.125
protein_0138,protein_0182,0.15384615384615385
protein_0138,protein_0183,0.17355371900826447
protein_0138,protein_0184,0.13008130081300814
protein_0138,protein_0185,0.16101694915254236
protein_0138,protein_0186,0.1694915254237288
protein_0138,protein_0187,0.11666666666666667
protein_0138,protein_0188,0.15384615384615385
protein_0138,protein_0189,0.11666666666666667
protein_0138,protein_0190,0.13675213675213677
protein_0138,protein_0191,0.16
protein_0138,protein_0192,0.13008130081300814
protein_0138,protein_0193,0.1440677966101695
protein_0138,protein_0194,0.13333333333333333
protein_0138,protein_0195,0.08547008547008547
protein_0138,protein_0196,0.15702479338842976
protein_0138,protein_0197,0.13559322033898305
protein_0138,protein_0198,0.13114754098360656
protein_0138,protein_0199,0.16666666666666666
protein_0138,protein_0201,0.13821138211382114
protein_0138,protein_0202,0.1282051282051282
protein_0138,protein_0203,0.3813559322033898
protein_0138,protein_0204,0.13445378151260504
protein_0138,protein_0205,0.1336206896551724
protein_0138,protein_0206,0.13445378151260504
protein_0138,protein_0208,0.15254237288135594
protein_0138,protein_0209,0.12605042016806722
protein_0138,protein_0210,0.1452991452991453
protein_0138,protein_0211,0.144
protein_0138,protein_0212,0.13445378151260504
protein_0138,protein_0214,0.15503875968992248
protein_0138,protein_0217,0.15384615384615385
protein_0138,protein_0218,0.16666666666666666
protein_0138,protein_0219,0.42016806722689076
protein_0138,protein_0220,0.1440677966101695
protein_0138,protein_0221,0.1282051282051282
protein_0138,protein_0222,0.13445378151260504
protein_0138,protein_0223,0.13333333333333333
protein_0138,protein_0224,0.1282051282051282
protein_0138,protein_0225,0.11965811965811966
protein_0138,protein_0227,0.1557377049180328
protein_0138,protein_0228,0.13934426229508196
protein_0138,protein_0229,0.14166666666666666
protein_0138,protein_0231,0.1440677966101695
protein_0138,protein_0232,0.13675213675213677
protein_0138,protein_0233,0.16176470588235295
protein_0138,protein_0234,0.1450381679389313
protein_0138,protein_0235,0.14634146341463414
protein_0138,protein_0237,0.1564625850340136
protein_0138,protein_0238,0.1524390243902439
protein_0138,protein_0239,0.12686567164179105
protein_0138,protein_0240,0.1322314049586777
protein_0138,protein_0241,0.14049586776859505
protein_0138,protein_0242,0.1282051282051282
protein_0138,protein_0243,0.1557377049180328
protein_0138,protein_0244,0.12396694214876033
protein_0138,protein_0245,0.1875
protein_0138,protein_0246,0.12195121951219512
protein_0138,protein_0247,0.1984126984126984
protein_0138,protein_0248,0.171875
protein_0138,protein_0249,0.15
protein_0138,protein_0250,0.16666666666666666
protein_0138,protein_0251,0.1440677966101695
protein_0138,protein_0252,0.1282051282051282
protein_0138,protein_0253,0.14074074074074075
protein_0138,protein_0254,0.1282051282051282
protein_0138,protein_0255,0.19298245614035087
protein_0138,protein_0257,0.6153846153846154
protein_0138,protein_0258,0.15126050420168066
protein_0138,protein_0259,0.176
protein_0138,protein_0261,0.1349206349206349
protein_0138,protein_0262,0.1895424836601307
protein_0138,protein_0263,0.15862068965517243
protein_0138,protein_0264,0.15447154471544716
protein_0138,protein_0265,0.15447154471544716
protein_0138,protein_0266,0.16393442622950818
protein_0138,protein_0268,0.13709677419354838
protein_0138,protein_0269,0.576271186440678
protein_0138,protein_0270,0.10256410256410256
protein_0138,protein_0271,0.14166666666666666
protein_0138,protein_0272,0.13114754098360656
protein_0138,protein_0273,0.13821138211382114
protein_0138,protein_0274,0.1640625
protein_0138,protein_0275,0.13709677419354838
protein_0138,protein_0276,0.1440677966101695
protein_0138,protein_0277,0.1282051282051282
protein_0138,protein_0278,0.09090909090909091
protein_0138,protein_0280,0.14166666666666666
protein_0138,protein_0281,0.12195121951219512
protein_0138,protein_0282,0.07317073170731707
protein_0138,protein_0283,0.13636363636363635
protein_0138,protein_0284,0.1721311475409836
protein_0138,protein_0285,0.1440677966101695
protein_0138,protein_0286,0.1623931623931624
protein_0138,protein_0287,0.1721311475409836
protein_0138,protein_0289,0.15126050420168066
protein_0138,protein_0290,0.20634920634920634
protein_0138,protein_0291,0.1532258064516129
protein_0138,protein_0292,0.1623931623931624
protein_0138,protein_0293,0.1774193548387097
protein_0138,protein_0294,0.1532258064516129
protein_0138,protein_0295,0.1623931623931624
protein_0138,protein_0296,0.3504273504273504
protein_0138,protein_0297,0.1623931623931624
protein_0138,protein_0298,0.1452991452991453
protein_0138,protein_0299,0.1794871794871795
protein_0138,protein_0301,0.1732283464566929
protein_0138,protein_0302,0.12903225806451613
protein_0138,protein_0303,0.1282051282051282
protein_0138,protein_0304,0.17094017094017094
protein_0138,protein_0305,0.08547008547008547
protein_0138,protein_0306,0.4322033898305085
protein_0138,protein_0307,0.6864406779661016
protein_0138,protein_0308,0.29133858267716534
protein_0138,protein_0309,0.13559322033898305
protein_0138,protein_0310,0.16260162601626016
protein_0138,protein_0311,0.14285714285714285
protein_0138,protein_0313,0.16101694915254236
protein_0138,protein_0314,0.09016393442622951
protein_0138,protein_0315,0.3559322033898305
protein_0138,protein_0316,0.11965811965811966
protein_0138,protein_0317,0.13114754098360656
protein_0138,protein_0318,0.152
protein_0138,protein_0319,0.09917355371900827
protein_0138,protein_0320,0.15447154471544716
protein_0138,protein_0321,0.13333333333333333
protein_0138,protein_0322,0.17886178861788618
protein_0138,protein_0324,0.15384615384615385
protein_0138,protein_0325,0.171875
protein_0138,protein_0326,0.16101694915254236
protein_0138,protein_0327,0.09016393442622951
protein_0138,protein_0328,0.1623931623931624
protein_0138,protein_0329,0.1623931623931624
protein_0138,protein_0330,0.15
protein_0138,protein_0331,0.1794871794871795
protein_0138,protein_0332,0.16666666666666666
protein_0138,protein_0333,0.16129032258064516
protein_0138,protein_0334,0.1271186440677966
protein_0138,protein_0335,0.192
protein_0138,protein_0336,0.125
protein_0138,protein_0337,0.171875
protein_0138,protein_0338,0.1349206349206349
protein_0138,protein_0339,0.1440677966101695
protein_0138,protein_0340,0.16
protein_0138,protein_0342,0.11965811965811966
protein_0138,protein_0343,0.12605042016806722
protein_0138,protein_0344,0.125
protein_0138,protein_0345,0.1484375
protein_0138,protein_0347,0.13675213675213677
protein_0138,protein_0348,0.29411764705882354
protein_0138,protein_0349,0.15447154471544716
protein_0138,protein_0350,0.13333333333333333
protein_0138,protein_0351,0.1557377049180328
protein_0138,protein_0352,0.13675213675213677
protein_0138,protein_0353,0.15873015873015872
protein_0138,protein_0354,0.1452991452991453
protein_0138,protein_0355,0.14189189189189189
protein_0138,protein_0357,0.2916666666666667
protein_0138,protein_0359,0.3865546218487395
protein_0138,protein_0360,0.13675213675213677
protein_0138,protein_0361,0.38524590163934425
protein_0138,protein_0362,0.1282051282051282
protein_0138,protein_0363,0.1282051282051282
protein_0138,protein_0364,0.11965811965811966
protein_0138,protein_0365,0.15384615384615385
protein_0138,protein_0367,0.12605042016806722
protein_0138,protein_0368,0.1111111111111111
protein_0138,protein_0369,0.1694915254237288
protein_0138,protein_0371,0.1487603305785124
protein_0138,protein_0372,0.1318181818181818
protein_0138,protein_0373,0.17054263565891473
protein_0138,protein_0374,0.3813559322033898
protein_0138,protein_0375,0.1
protein_0138,protein_0376,0.14516129032258066
protein_0138,protein_0377,0.15384615384615385
protein_0138,protein_0378,0.15126050420168066
protein_0138,protein_0379,0.14173228346456693
protein_0138,protein_0380,0.14173228346456693
protein_0138,protein_0381,0.14173228346456693
protein_0138,protein_0382,0.1440677966101695
protein_0138,protein_0383,0.1452991452991453
protein_0138,protein_0384,0.13008130081300814
protein_0138,protein_0385,0.16101694915254236
protein_0138,protein_0386,0.152
protein_0138,protein_0387,0.5897435897435898
protein_0138,protein_0388,0.14166666666666666
protein_0138,protein_0389,0.1271186440677966
protein_0138,protein_0390,0.14516129032258066
protein_0138,protein_0391,0.1282051282051282
protein_0138,protein_0392,0.12295081967213115
protein_0138,protein_0393,0.15254237288135594
protein_0138,protein_0394,0.3333333333333333
protein_0138,protein_0395,0.11764705882352941
protein_0138,protein_0396,0.23529411764705882
protein_0138,protein_0397,0.14285714285714285
protein_0138,protein_0398,0.17054263565891473
protein_0138,protein_0399,0.13675213675213677
protein_0156,protein_0000,0.18421052631578946
protein_0156,protein_0001,0.12149532710280374
protein_0156,protein_0002,0.18691588785046728
protein_0156,protein_0003,0.18421052631578946
protein_0156,protein_0005,0.15454545454545454
protein_0156,protein_0006,0.102803738317757
protein_0156,protein_0007,0.15454545454545454
protein_0156,protein_0009,0.1388888888888889
protein_0156,protein_0010,0.15
protein_0156,protein_0011,0.1452991452991453
protein_0156,protein_0012,0.16964285714285715
protein_0156,protein_0013,0.12844036697247707
protein_0156,protein_0015,0.19491525423728814
protein_0156,protein_0016,0.19672131147540983
protein_0156,protein_0017,0.14705882352941177
protein_0156,protein_0018,0.14655172413793102
protein_0156,protein_0019,0.14018691588785046
protein_0156,protein_0020,0.1391304347826087
protein_0156,protein_0021,0.15454545454545454
protein_0156,protein_0022,0.12280701754385964
protein_0156,protein_0023,0.12396694214876033
protein_0156,protein_0024,0.2542372881355932
protein_0156,protein_0025,0.17117117117117117
protein_0156,protein_0026,0.1897810218978102
protein_0156,protein_0028,0.16666666666666666
protein_0156,protein_0029,0.14814814814814814
protein_0156,protein_0030,0.1732283464566929
protein_0156,protein_0031,0.18333333333333332
protein_0156,protein_0033,0.17117117117117117
protein_0156,protein_0034,0.13333333333333333
protein_0156,protein_0035,0.24074074074074073
protein_0156,protein_0036,0.16822429906542055
protein_0156,protein_0037,0.1440677966101695
protein_0156,protein_0038,0.1440677966101695
protein_0156,protein_0039,0.17117117117117117
protein_0156,protein_0041,0.13636363636363635
protein_0156,protein_0042,0.11009174311926606
protein_0156,protein_0043,0.1574074074074074
protein_0156,protein_0044,0.1388888888888889
protein_0156,protein_0045,0.16379310344827586
protein_0156,protein_0046,0.14678899082568808
protein_0156,protein_0048,0.168141592920354
protein_0156,protein_0049,0.17094017094017094
protein_0156,protein_0050,0.1565217391304348
protein_0156,protein_0051,0.1308411214953271
protein_0156,protein_0052,0.16666666666666666
protein_0156,protein_0053,0.16964285714285715
protein_0156,protein_0054,0.21138211382113822
protein_0156,protein_0055,0.25833333333333336
protein_0156,protein_0056,0.15517241379310345
protein_0156,protein_0057,0.15454545454545454
protein_0156,protein_0058,0.13793103448275862
protein_0156,protein_0059,0.1574074074074074
protein_0156,protein_0060,0.1271186440677966
protein_0156,protein_0063,0.14018691588785046
protein_0156,protein_0065,0.15384615384615385
protein_0156,protein_0066,0.18421052631578946
protein_0156,protein_0067,0.15789473684210525
protein_0156,protein_0068,0.22123893805309736
protein_0156,protein_0069,0.17355371900826447
protein_0156,protein_0070,0.16666666666666666
protein_0156,protein_0071,0.17699115044247787
protein_0156,protein_0072,0.14414414414414414
protein_0156,protein_0073,0.1891891891891892
protein_0156,protein_0074,0.18691588785046728
protein_0156,protein_0075,0.13761467889908258
protein_0156,protein_0076,0.1504424778761062
protein_0156,protein_0077,0.18181818181818182
protein_0156,protein_0078,0.144
protein_0156,protein_0079,0.144
protein_0156,protein_0080,0.14035087719298245
protein_0156,protein_0081,0.14035087719298245
protein_0156,protein_0082,0.11206896551724138
protein_0156,protein_0083,0.1415929203539823
protein_0156,protein_0084,0.19469026548672566
protein_0156,protein_0085,0.11016949152542373
protein_0156,protein_0086,0.13793103448275862
protein_0156,protein_0087,0.14285714285714285
protein_0156,protein_0088,0.14035087719298245
protein_0156,protein_0089,0.176
protein_0156,protein_0090,0.176
protein_0156,protein_0091,0.1504424778761062
protein_0156,protein_0092,0.1504424778761062
protein_0156,protein_0093,0.14678899082568808
protein_0156,protein_0094,0.2796610169491525
protein_0156,protein_0095,0.1774193548387097
protein_0156,protein_0096,0.1875
protein_0156,protein_0097,0.12727272727272726
protein_0156,protein_0099,0.13846153846153847
protein_0156,protein_0101,0.1891891891891892
protein_0156,protein_0102,0.15384615384615385
protein_0156,protein_0103,0.12727272727272726
protein_0156,protein_0104,0.2457627118644068
protein_0156,protein_0105,0.1111111111111111
protein_0156,protein_0106,0.1640625
protein_0156,protein_0107,0.14414414414414414
protein_0156,protein_0108,0.14814814814814814
protein_0156,protein_0109,0.1308411214953271
protein_0156,protein_0110,0.14782608695652175
protein_0156,protein_0111,0.11711711711711711
protein_0156,protein_0112,0.168141592920354
protein_0156,protein_0113,0.18584070796460178
protein_0156,protein_0114,0.14545454545454545
protein_0156,protein_0115,0.102803738317757
protein_0156,protein_0116,0.15254237288135594
protein_0156,protein_0117,0.15254237288135594
protein_0156,protein_0118,0.17757009345794392
protein_0156,protein_0119,0.17699115044247787
protein_0156,protein_0120,0.12612612612612611
protein_0156,protein_0121,0.12612612612612611
protein_0156,protein_0122,0.13675213675213677
protein_0156,protein_0123,0.14018691588785046
protein_0156,protein_0124,0.16216216216216217
protein_0156,protein_0125,0.2
protein_0156,protein_0126,0.16806722689075632
protein_0156,protein_0127,0.1504424778761062
protein_0156,protein_0129,0.17117117117117117
protein_0156,protein_0130,0.18461538461538463
protein_0156,protein_0131,0.16363636363636364
protein_0156,protein_0132,0.10434782608695652
protein_0156,protein_0133,0.10434782608695652
protein_0156,protein_0134,0.11926605504587157
protein_0156,protein_0136,0.2184873949579832
protein_0156,protein_0137,0.18333333333333332
protein_0156,protein_0139,0.1588785046728972
protein_0156,protein_0140,0.1743119266055046
protein_0156,protein_0141,0.1440677966101695
protein_0156,protein_0142,0.18181818181818182
protein_0156,protein_0143,0.11711711711711711
protein_0156,protein_0144,0.12844036697247707
protein_0156,protein_0145,0.1388888888888889
protein_0156,protein_0146,0.11926605504587157
protein_0156,protein_0147,0.14414414414414414
protein_0156,protein_0148,0.19626168224299065
protein_0156,protein_0149,0.13513513513513514
protein_0156,protein_0150,0.16071428571428573
protein_0156,protein_0151,0.17543859649122806
protein_0156,protein_0152,0.14285714285714285
protein_0156,protein_0153,0.16666666666666666
protein_0156,protein_0154,0.175
protein_0156,protein_0155,0.1328125
protein_0156,protein_0157,0.14018691588785046
protein_0156,protein_0158,0.14018691588785046
protein_0156,protein_0159,0.16822429906542055
protein_0156,protein_0160,0.17699115044247787
protein_0156,protein_0161,0.18803418803418803
protein_0156,protein_0163,0.17272727272727273
protein_0156,protein_0164,0.10714285714285714
protein_0156,protein_0165,0.14953271028037382
protein_0156,protein_0166,0.11607142857142858
protein_0156,protein_0167,0.1532258064516129
protein_0156,protein_0168,0.1271186440677966
protein_0156,protein_0169,0.24786324786324787
protein_0156,protein_0170,0.16071428571428573
protein_0156,protein_0172,0.23728813559322035
protein_0156,protein_0173,0.2
protein_0156,protein_0174,0.16666666666666666
protein_0156,protein_0175,0.17543859649122806
protein_0156,protein_0176,0.14678899082568808
protein_0156,protein_0177,0.1588785046728972
protein_0156,protein_0178,0.22131147540983606
protein_0156,protein_0179,0.22131147540983606
protein_0156,protein_0180,0.14814814814814814
protein_0156,protein_0181,0.15315315315315314
protein_0156,protein_0182,0.1487603305785124
protein_0156,protein_0183,0.20535714285714285
protein_0156,protein_0184,0.17094017094017094
protein_0156,protein_0185,0.11009174311926606
protein_0156,protein_0186,0.20535714285714285
protein_0156,protein_0187,0.16666666666666666
protein_0156,protein_0188,0.14018691588785046
protein_0156,protein_0189,0.12280701754385964
protein_0156,protein_0190,0.20689655172413793
protein_0156,protein_0191,0.15833333333333333
protein_0156,protein_0192,0.12149532710280374
protein_0156,protein_0193,0.14912280701754385
protein_0156,protein_0194,0.15789473684210525
protein_0156,protein_0195,0.13761467889908258
protein_0156,protein_0196,0.13559322033898305
protein_0156,protein_0197,0.1810344827586207
protein_0156,protein_0198,0.10833333333333334
protein_0156,protein_0199,0.14754098360655737
protein_0156,protein_0201,0.18018018018018017
protein_0156,protein_0202,0.16666666666666666
protein_0156,protein_0203,0.22033898305084745
protein_0156,protein_0204,0.14953271028037382
protein_0156,protein_0205,0.16113744075829384
protein_0156,protein_0206,0.16964285714285715
protein_0156,protein_0208,0.18253968253968253
protein_0156,protein_0209,0.14814814814814814
protein_0156,protein_0210,0.11214953271028037
protein_0156,protein_0211,0.1794871794871795
protein_0156,protein_0212,0.09345794392523364
protein_0156,protein_0214,0.13513513513513514
protein_0156,protein_0217,0.16666666666666666
protein_0156,protein_0218,0.1968503937007874
protein_0156,protein_0219,0.19327731092436976
protein_0156,protein_0220,0.11607142857142858
protein_0156,protein_0221,0.14814814814814814
protein_0156,protein_0222,0.1896551724137931
protein_0156,protein_0223,0.1388888888888889
protein_0156,protein_0224,0.1308411214953271
protein_0156,protein_0225,0.125
protein_0156,protein_0227,0.12844036697247707
protein_0156,protein_0228,0.1834862385321101
protein_0156,protein_0229,0.1111111111111111
protein_0156,protein_0231,0.12612612612612611
protein_0156,protein_0232,0.1559633027522936
protein_0156,protein_0233,0.14814814814814814
protein_0156,protein_0234,0.2457627118644068
protein_0156,protein_0235,0.1308411214953271
protein_0156,protein_0237,0.16822429906542055
protein_0156,protein_0238,0.15827338129496402
protein_0156,protein_0239,0.16071428571428573
protein_0156,protein_0240,0.15178571428571427
protein_0156,protein_0241,0.17117117117117117
protein_0156,protein_0242,0.12149532710280374
protein_0156,protein_0243,0.17094017094017094
protein_0156,protein_0244,0.1388888888888889
protein_0156,protein_0245,0.18045112781954886
protein_0156,protein_0246,0.1926605504587156
protein_0156,protein_0247,0.19090909090909092
protein_0156,protein_0248,0.12903225806451613
protein_0156,protein_0249,0.17857142857142858
protein_0156,protein_0250,0.12149532710280374
protein_0156,protein_0251,0.13636363636363635
protein_0156,protein_0252,0.1559633027522936
protein_0156,protein_0253,0.18803418803418803
protein_0156,protein_0254,0.14018691588785046
protein_0156,protein_0255,0.14444444444444443
protein_0156,protein_0257,0.22018348623853212
protein_0156,protein_0258,0.1592920353982301
protein_0156,protein_0259,0.1588785046728972
protein_0156,protein_0261,0.19834710743801653
protein_0156,protein_0262,0.18055555555555555
protein_0156,protein_0263,0.14965986394557823
protein_0156,protein_0264,0.19090909090909092
protein_0156,protein_0265,0.19090909090909092
protein_0156,protein_0266,0.19327731092436976
protein_0156,protein_0268,0.1574074074074074
protein_0156,protein_0269,0.19491525423728814
protein_0156,protein_0270,0.11607142857142858
protein_0156,protein_0271,0.14953271028037382
protein_0156,protein_0272,0.15384615384615385
protein_0156,protein_0273,0.1623931623931624
protein_0156,protein_0274,0.16666666666666666
protein_0156,protein_0275,0.17355371900826447
protein_0156,protein_0276,0.17886178861788618
protein_0156,protein_0277,0.12149532710280374
protein_0156,protein_0278,0.12727272727272726
protein_0156,protein_0280,0.12149532710280374
protein_0156,protein_0281,0.0975609756097561
protein_0156,protein_0282,0.13157894736842105
protein_0156,protein_0283,0.12612612612612611
protein_0156,protein_0284,0.12903225806451613
protein_0156,protein_0285,0.14912280701754385
protein_0156,protein_0286,0.16822429906542055
protein_0156,protein_0287,0.11403508771929824
protein_0156,protein_0289,0.15454545454545454
protein_0156,protein_0290,0.12844036697247707
protein_0156,protein_0291,0.17647058823529413
protein_0156,protein_0292,0.16666666666666666
protein_0156,protein_0293,0.14035087719298245
protein_0156,protein_0294,0.17647058823529413
protein_0156,protein_0295,0.1651376146788991
protein_0156,protein_0296,0.2644628099173554
protein_0156,protein_0297,0.1308411214953271
protein_0156,protein_0298,0.12149532710280374
protein_0156,protein_0299,0.14018691588785046
protein_0156,protein_0301,0.1111111111111111
protein_0156,protein_0302,0.14479638009049775
protein_0156,protein_0303,0.18518518518518517
protein_0156,protein_0304,0.1308411214953271
protein_0156,protein_0305,0.16363636363636364
protein_0156,protein_0306,0.25833333333333336
protein_0156,protein_0307,0.2231404958677686
protein_0156,protein_0308,0.19047619047619047
protein_0156,protein_0309,0.17757009345794392
protein_0156,protein_0310,0.19827586206896552
protein_0156,protein_0311,0.15789473684210525
protein_0156,protein_0313,0.1651376146788991
protein_0156,protein_0314,0.11570247933884298
protein_0156,protein_0315,0.22033898305084745
protein_0156,protein_0316,0.1308411214953271
protein_0156,protein_0317,0.16071428571428573
protein_0156,protein_0318,0.09243697478991597
protein_0156,protein_0319,0.15789473684210525
protein_0156,protein_0320,0.1891891891891892
protein_0156,protein_0321,0.13513513513513514
protein_0156,protein_0322,0.18691588785046728
protein_0156,protein_0324,0.12962962962962962
protein_0156,protein_0325,0.152
protein_0156,protein_0326,0.20909090909090908
protein_0156,protein_0327,0.14049586776859505
protein_0156,protein_0328,0.16260162601626016
protein_0156,protein_0329,0.16260162601626016
protein_0156,protein_0330,0.1282051282051282
protein_0156,protein_0331,0.14814814814814814
protein_0156,protein_0332,0.14545454545454545
protein_0156,protein_0333,0.15454545454545454
protein_0156,protein_0334,0.11818181818181818
protein_0156,protein_0335,0.19827586206896552
protein_0156,protein_0336,0.14018691588785046
protein_0156,protein_0337,0.19008264462809918
protein_0156,protein_0338,0.1864406779661017
protein_0156,protein_0339,0.14814814814814814
protein_0156,protein_0340,0.16379310344827586
protein_0156,protein_0342,0.11214953271028037
protein_0156,protein_0343,0.1308411214953271
protein_0156,protein_0344,0.1588785046728972
protein_0156,protein_0345,0.171875
protein_0156,protein_0347,0.14953271028037382
protein_0156,protein_0348,0.21666666666666667
protein_0156,protein_0349,0.1834862385321101
protein_0156,protein_0350,0.1308411214953271
protein_0156,protein_0351,0.15384615384615385
protein_0156,protein_0352,0.14953271028037382
protein_0156,protein_0353,0.17054263565891473
protein_0156,protein_0354,0.13392857142857142
protein_0156,protein_0355,0.19047619047619047
protein_0156,protein_0357,0.1937984496124031
protein_0156,protein_0359,0.21487603305785125
protein_0156,protein_0360,0.11214953271028037
protein_0156,protein_0361,0.23728813559322035
protein_0156,protein_0362,0.17592592592592593
protein_0156,protein_0363,0.17592592592592593
protein_0156,protein_0364,0.14814814814814814
protein_0156,protein_0365,0.1588785046728972
protein_0156,protein_0367,0.21367521367521367
protein_0156,protein_0368,0.1559633027522936
protein_0156,protein_0369,0.14018691588785046
protein_0156,protein_0371,0.14166666666666666
protein_0156,protein_0372,0.1036036036036036
protein_0156,protein_0373,0.14754098360655737
protein_0156,protein_0374,0.19327731092436976
protein_0156,protein_0375,0.1308411214953271
protein_0156,protein_0376,0.21551724137931033
protein_0156,protein_0377,0.10084033613445378
protein_0156,protein_0378,0.14166666666666666
protein_0156,protein_0379,0.15454545454545454
protein_0156,protein_0380,0.15454545454545454
protein_0156,protein_0381,0.15454545454545454
protein_0156,protein_0382,0.17796610169491525
protein_0156,protein_0383,0.14018691588785046
protein_0156,protein_0384,0.14912280701754385
protein_0156,protein_0385,0.19491525423728814
protein_0156,protein_0386,0.13821138211382114
protein_0156,protein_0387,0.24778761061946902
protein_0156,protein_0388,0.14953271028037382
protein_0156,protein_0389,0.13636363636363635
protein_0156,protein_0390,0.16071428571428573
protein_0156,protein_0391,0.18518518518518517
protein_0156,protein_0392,0.18018018018018017
protein_0156,protein_0393,0.1891891891891892
protein_0156,protein_0394,0.2184873949579832
protein_0156,protein_0395,0.13392857142857142
protein_0156,protein_0396,0.18548387096774194
protein_0156,protein_0397,0.1651376146788991
protein_0156,protein_0398,0.16153846153846155
protein_0156,protein_0399,0.16822429906542055
protein_0162,protein_0000,0.3563218390804598
protein_0162,protein_0001,0.14814814814814814
protein_0162,protein_0002,0.1935483870967742
protein_0162,protein_0003,0.3563218390804598
protein_0162,protein_0005,0.14893617021276595
protein_0162,protein_0006,0.29545454545454547
protein_0162,protein_0007,0.17857142857142858
protein_0162,protein_0009,0.20454545454545456
protein_0162,protein_0010,0.3103448275862069
protein_0162,protein_0011,0.27586206896551724
protein_0162,protein_0012,0.3333333333333333
protein_0162,protein_0013,0.19047619047619047
protein_0162,protein_0015,0.16831683168316833
protein_0162,protein_0016,0.17647058823529413
protein_0162,protein_0017,0.13953488372093023
protein_0162,protein_0018,0.3333333333333333
protein_0162,protein_0019,0.1724137931034483
protein_0162,protein_0020,0.39080459770114945
protein_0162,protein_0021,0.14634146341463414
protein_0162,protein_0022,0.13131313131313133
protein_0162,protein_0023,0.11764705882352941
protein_0162,protein_0024,0.14516129032258066
protein_0162,protein_0025,0.5056179775280899
protein_0162,protein_0026,0.13076923076923078
protein_0162,protein_0028,0.11764705882352941
protein_0162,protein_0029,0.1927710843373494
protein_0162,protein_0030,0.11764705882352941
protein_0162,protein_0031,0.14563106796116504
protein_0162,protein_0033,0.28735632183908044
protein_0162,protein_0034,0.28735632183908044
protein_0162,protein_0035,0.15
protein_0162,protein_0036,0.19753086419753085
protein_0162,protein_0037,0.2413793103448276
protein_0162,protein_0038,0.2413793103448276
protein_0162,protein_0039,0.2159090909090909
protein_0162,protein_0041,0.3563218390804598
protein_0162,protein_0042,0.2235294117647059
protein_0162,protein_0043,0.2988505747126437
protein_0162,protein_0044,0.27586206896551724
protein_0162,protein_0045,0.3522727272727273
protein_0162,protein_0046,0.16049382716049382
protein_0162,protein_0048,0.28735632183908044
protein_0162,protein_0049,0.27586206896551724
protein_0162,protein_0050,0.12
protein_0162,protein_0051,0.14814814814814814
protein_0162,protein_0052,0.3448275862068966
protein_0162,protein_0053,0.4482758620689655
protein_0162,protein_0054,0.15384615384615385
protein_0162,protein_0055,0.13445378151260504
protein_0162,protein_0056,0.14705882352941177
protein_0162,protein_0057,0.19047619047619047
protein_0162,protein_0058,0.15294117647058825
protein_0162,protein_0059,0.28735632183908044
protein_0162,protein_0060,0.1308411214953271
protein_0162,protein_0063,0.11267605633802817
protein_0162,protein_0065,0.14
protein_0162,protein_0066,0.13333333333333333
protein_0162,protein_0067,0.2988505747126437
protein_0162,protein_0068,0.2413793103448276
protein_0162,protein_0069,0.28735632183908044
protein_0162,protein_0070,0.1724137931034483
protein_0162,protein_0071,0.26436781609195403
protein_0162,protein_0072,0.19047619047619047
protein_0162,protein_0073,0.25287356321839083
protein_0162,protein_0074,0.15384615384615385
protein_0162,protein_0075,0.1553398058252427
protein_0162,protein_0076,0.18518518518518517
protein_0162,protein_0077,0.3563218390804598
protein_0162,protein_0078,0.10476190476190476
protein_0162,protein_0079,0.10476190476190476
protein_0162,protein_0080,0.3333333333333333
protein_0162,protein_0081,0.3218390804597701
protein_0162,protein_0082,0.16521739130434782
protein_0162,protein_0083,0.3103448275862069
protein_0162,protein_0084,0.23255813953488372
protein_0162,protein_0085,0.15315315315315314
protein_0162,protein_0086,0.15315315315315314
protein_0162,protein_0087,0.13414634146341464
protein_0162,protein_0088,0.3333333333333333
protein_0162,protein_0089,0.10909090909090909
protein_0162,protein_0090,0.14782608695652175
protein_0162,protein_0091,0.1271186440677966
protein_0162,protein_0092,0.1271186440677966
protein_0162,protein_0093,0.3448275862068966
protein_0162,protein_0094,0.1452991452991453
protein_0162,protein_0095,0.12903225806451613
protein_0162,protein_0096,0.15178571428571427
protein_0162,protein_0097,0.29213483146067415
protein_0162,protein_0099,0.12389380530973451
protein_0162,protein_0101,0.3111111111111111
protein_0162,protein_0102,0.27586206896551724
protein_0162,protein_0103,0.22988505747126436
protein_0162,protein_0104,0.1652892561983471
protein_0162,protein_0105,0.15555555555555556
protein_0162,protein_0106,0.1864406779661017
protein_0162,protein_0107,0.38636363636363635
protein_0162,protein_0108,0.26436781609195403
protein_0162,protein_0109,0.15853658536585366
protein_0162,protein_0110,0.2727272727272727
protein_0162,protein_0111,0.21839080459770116
protein_0162,protein_0112,0.1619047619047619
protein_0162,protein_0113,0.27586206896551724
protein_0162,protein_0114,0.3563218390804598
protein_0162,protein_0115,0.43902439024390244
protein_0162,protein_0116,0.14545454545454545
protein_0162,protein_0117,0.14545454545454545
protein_0162,protein_0118,0.2345679012345679
protein_0162,protein_0119,0.10784313725490197
protein_0162,protein_0120,0.47126436781609193
protein_0162,protein_0121,0.47126436781609193
protein_0162,protein_0122,0.22988505747126436
protein_0162,protein_0123,0.20987654320987653
protein_0162,protein_0124,0.4482758620689655
protein_0162,protein_0125,0.1941747572815534
protein_0162,protein_0126,0.17647058823529413
protein_0162,protein_0127,0.3617021276595745
protein_0162,protein_0129,0.1839080459770115
protein_0162,protein_0130,0.13709677419354838
protein_0162,protein_0131,0.14634146341463414
protein_0162,protein_0132,0.17857142857142858
protein_0162,protein_0133,0.17857142857142858
protein_0162,protein_0134,0.3448275862068966
protein_0162,protein_0136,0.13934426229508196
protein_0162,protein_0137,0.11382113821138211
protein_0162,protein_0139,0.1728395061728395
protein_0162,protein_0140,0.3522727272727273
protein_0162,protein_0141,0.2413793103448276
protein_0162,protein_0142,0.3218390804597701
protein_0162,protein_0143,0.3333333333333333
protein_0162,protein_0144,0.2988505747126437
protein_0162,protein_0145,0.16049382716049382
protein_0162,protein_0146,0.09411764705882353
protein_0162,protein_0147,0.3333333333333333
protein_0162,protein_0148,0.3448275862068966
protein_0162,protein_0149,0.19753086419753085
protein_0162,protein_0150,0.3181818181818182
protein_0162,protein_0151,0.27472527472527475
protein_0162,protein_0152,0.14634146341463414
protein_0162,protein_0153,0.21428571428571427
protein_0162,protein_0154,0.2073170731707317
protein_0162,protein_0155,0.1694915254237288
protein_0162,protein_0157,0.14942528735632185
protein_0162,protein_0158,0.19753086419753085
protein_0162,protein_0159,0.3333333333333333
protein_0162,protein_0160,0.4606741573033708
protein_0162,protein_0161,0.14285714285714285
protein_0162,protein_0163,0.15
protein_0162,protein_0164,0.6436781609195402
protein_0162,protein_0165,0.16049382716049382
protein_0162,protein_0166,0.632183908045977
protein_0162,protein_0167,0.12280701754385964
protein_0162,protein_0168,0.12280701754385964
protein_0162,protein_0169,0.16806722689075632
protein_0162,protein_0170,0.524390243902439
protein_0162,protein_0172,0.12605042016806722
protein_0162,protein_0173,0.45454545454545453
protein_0162,protein_0174,0.45977011494252873
protein_0162,protein_0175,0.45555555555555555
protein_0162,protein_0176,0.1566265060240964
protein_0162,protein_0177,0.19753086419753085
protein_0162,protein_0178,0.11504424778761062
protein_0162,protein_0179,0.13274336283185842
protein_0162,protein_0180,0.2413793103448276
protein_0162,protein_0181,0.2988505747126437
protein_0162,protein_0182,0.4367816091954023
protein_0162,protein_0183,0.1792452830188679
protein_0162,protein_0184,0.4943820224719101
protein_0162,protein_0185,0.20224719101123595
protein_0162,protein_0186,0.19801980198019803
protein_0162,protein_0187,0.4367816091954023
protein_0162,protein_0188,0.2073170731707317
protein_0162,protein_0189,0.32954545454545453
protein_0162,protein_0190,0.28735632183908044
protein_0162,protein_0191,0.367816091954023
protein_0162,protein_0192,0.8313253012048193
protein_0162,protein_0193,0.3333333333333333
protein_0162,protein_0194,0.1839080459770115
protein_0162,protein_0195,0.3218390804597701
protein_0162,protein_0196,0.3103448275862069
protein_0162,protein_0197,0.3181818181818182
protein_0162,protein_0198,0.3563218390804598
protein_0162,protein_0199,0.24444444444444444
protein_0162,protein_0201,0.19230769230769232
protein_0162,protein_0202,0.3563218390804598
protein_0162,protein_0203,0.11965811965811966
protein_0162,protein_0204,0.15853658536585366
protein_0162,protein_0205,0.10426540284360189
protein_0162,protein_0206,0.3333333333333333
protein_0162,protein_0208,0.1440677966101695
protein_0162,protein_0209,0.28735632183908044
protein_0162,protein_0210,0.3181818181818182
protein_0162,protein_0211,0.1782178217821782
protein_0162,protein_0212,0.09411764705882353
protein_0162,protein_0214,0.1348314606741573
protein_0162,protein_0217,0.13636363636363635
protein_0162,protein_0218,0.13846153846153847
protein_0162,protein_0219,0.16806722689075632
protein_0162,protein_0220,0.5056179775280899
protein_0162,protein_0221,0.12643678160919541
protein_0162,protein_0222,0.29545454545454547
protein_0162,protein_0223,0.16483516483516483
protein_0162,protein_0224,0.19047619047619047
protein_0162,protein_0225,0.13253012048192772
protein_0162,protein_0227,0.16483516483516483
protein_0162,protein_0228,0.19148936170212766
protein_0162,protein_0229,0.1566265060240964
protein_0162,protein_0231,0.42528735632183906
protein_0162,protein_0232,0.1728395061728395
protein_0162,protein_0233,0.11363636363636363
protein_0162,protein_0234,0.19230769230769232
protein_0162,protein_0235,0.15853658536585366
protein_0162,protein_0237,0.26436781609195403
protein_0162,protein_0238,0.12213740458015267
protein_0162,protein_0239,0.5287356321839081
protein_0162,protein_0240,0.5172413793103449
protein_0162,protein_0241,0.47126436781609193
protein_0162,protein_0242,0.16049382716049382
protein_0162,protein_0243,0.4827586206896552
protein_0162,protein_0244,0.15730337078651685
protein_0162,protein_0245,0.11363636363636363
protein_0162,protein_0246,0.19791666666666666
protein_0162,protein_0247,0.18072289156626506
protein_0162,protein_0248,0.41379310344827586
protein_0162,protein_0249,0.5517241379310345
protein_0162,protein_0250,0.1744186046511628
protein_0162,protein_0251,0.1134020618556701
protein_0162,protein_0252,0.13043478260869565
protein_0162,protein_0253,0.1440677966101695
protein_0162,protein_0254,0.16470588235294117
protein_0162,protein_0255,0.13372093023255813
protein_0162,protein_0257,0.16
protein_0162,protein_0258,0.3218390804597701
protein_0162,protein_0259,0.1728395061728395
protein_0162,protein_0261,0.18446601941747573
protein_0162,protein_0262,0.12318840579710146
protein_0162,protein_0263,0.13970588235294118
protein_0162,protein_0264,0.3218390804597701
protein_0162,protein_0265,0.3218390804597701
protein_0162,protein_0266,0.16494845360824742
protein_0162,protein_0268,0.17391304347826086
protein_0162,protein_0269,0.15384615384615385
protein_0162,protein_0270,0.15730337078651685
protein_0162,protein_0271,0.20987654320987653
protein_0162,protein_0272,0.28735632183908044
protein_0162,protein_0273,0.2988505747126437
protein_0162,protein_0274,0.2808988764044944
protein_0162,protein_0275,0.20588235294117646
protein_0162,protein_0276,0.3103448275862069
protein_0162,protein_0277,0.1566265060240964
protein_0162,protein_0278,0.25
protein_0162,protein_0280,0.43209876543209874
protein_0162,protein_0281,0.18584070796460178
protein_0162,protein_0282,0.058823529411764705
protein_0162,protein_0283,0.091324200913242
protein_0162,protein_0284,0.26373626373626374
protein_0162,protein_0285,0.27586206896551724
protein_0162,protein_0286,0.15384615384615385
protein_0162,protein_0287,0.2037037037037037
protein_0162,protein_0289,0.18518518518518517
protein_0162,protein_0290,0.1523809523809524
protein_0162,protein_0291,0.19753086419753085
protein_0162,protein_0292,0.18292682926829268
protein_0162,protein_0293,0.26136363636363635
protein_0162,protein_0294,0.19753086419753085
protein_0162,protein_0295,0.1927710843373494
protein_0162,protein_0296,0.12931034482758622
protein_0162,protein_0297,0.17857142857142858
protein_0162,protein_0298,0.17073170731707318
protein_0162,protein_0299,0.14772727272727273
protein_0162,protein_0301,0.13186813186813187
protein_0162,protein_0302,0.11981566820276497
protein_0162,protein_0303,0.24691358024691357
protein_0162,protein_0304,0.18518518518518517
protein_0162,protein_0305,0.17777777777777778
protein_0162,protein_0306,0.13445378151260504
protein_0162,protein_0307,0.125
protein_0162,protein_0308,0.16379310344827586
protein_0162,protein_0309,0.16346153846153846
protein_0162,protein_0310,0.2
protein_0162,protein_0311,0.4367816091954023
protein_0162,protein_0313,0.27586206896551724
protein_0162,protein_0314,0.14
protein_0162,protein_0315,0.16101694915254236
protein_0162,protein_0316,0.16049382716049382
protein_0162,protein_0317,0.1485148514851485
protein_0162,protein_0318,0.1592920353982301
protein_0162,protein_0319,0.2988505747126437
protein_0162,protein_0320,0.5517241379310345
protein_0162,protein_0321,0.21348314606741572
protein_0162,protein_0322,0.3855421686746988
protein_0162,protein_0324,0.16470588235294117
protein_0162,protein_0325,0.10218978102189781
protein_0162,protein_0326,0.1511627906976744
protein_0162,protein_0327,0.3218390804597701
protein_0162,protein_0328,0.15126050420168066
protein_0162,protein_0329,0.15126050420168066
protein_0162,protein_0330,0.2988505747126437
protein_0162,protein_0331,0.1927710843373494
protein_0162,protein_0332,0.21978021978021978
protein_0162,protein_0333,0.29545454545454547
protein_0162,protein_0334,0.2857142857142857
protein_0162,protein_0335,0.09803921568627451
protein_0162,protein_0336,0.20987654320987653
protein_0162,protein_0337,0.26436781609195403
protein_0162,protein_0338,0.2840909090909091
protein_0162,protein_0339,0.20689655172413793
protein_0162,protein_0340,0.17475728155339806
protein_0162,protein_0342,0.15853658536585366
protein_0162,protein_0343,0.16049382716049382
protein_0162,protein_0344,0.3793103448275862
protein_0162,protein_0345,0.12295081967213115
protein_0162,protein_0347,0.15853658536585366
protein_0162,protein_0348,0.1721311475409836
protein_0162,protein_0349,0.1926605504587156
protein_0162,protein_0350,0.367816091954023
protein_0162,protein_0351,0.3103448275862069
protein_0162,protein_0352,0.19753086419753085
protein_0162,protein_0353,0.1721311475409836
protein_0162,protein_0354,0.19540229885057472
protein_0162,protein_0355,0.2413793103448276
protein_0162,protein_0357,0.14049586776859505
protein_0162,protein_0359,0.14166666666666666
protein_0162,protein_0360,0.39325842696629215
protein_0162,protein_0361,0.16
protein_0162,protein_0362,0.22826086956521738
protein_0162,protein_0363,0.22826086956521738
protein_0162,protein_0364,0.22826086956521738
protein_0162,protein_0365,0.20689655172413793
protein_0162,protein_0367,0.14285714285714285
protein_0162,protein_0368,0.14444444444444443
protein_0162,protein_0369,0.14285714285714285
protein_0162,protein_0371,0.3793103448275862
protein_0162,protein_0372,0.07339449541284404
protein_0162,protein_0373,0.14285714285714285
protein_0162,protein_0374,0.12396694214876033
protein_0162,protein_0375,0.3333333333333333
protein_0162,protein_0376,0.17475728155339806
protein_0162,protein_0377,0.5057471264367817
protein_0162,protein_0378,0.16964285714285715
protein_0162,protein_0379,0.16037735849056603
protein_0162,protein_0380,0.16037735849056603
protein_0162,protein_0381,0.16037735849056603
protein_0162,protein_0382,0.29213483146067415
protein_0162,protein_0383,0.20987654320987653
protein_0162,protein_0384,0.35555555555555557
protein_0162,protein_0385,0.16666666666666666
protein_0162,protein_0386,0.20588235294117646
protein_0162,protein_0387,0.11650485436893204
protein_0162,protein_0388,0.17073170731707318
protein_0162,protein_0389,0.15294117647058825
protein_0162,protein_0390,0.2988505747126437
protein_0162,protein_0391,0.2111111111111111
protein_0162,protein_0392,0.5056179775280899
protein_0162,protein_0393,0.5217391304347826
protein_0162,protein_0394,0.14035087719298245
protein_0162,protein_0395,0.2127659574468085
protein_0162,protein_0396,0.1271186440677966
protein_0162,protein_0397,0.4588235294117647
protein_0162,protein_0398,0.10655737704918032
protein_0162,protein_0399,0.36363636363636365
protein_0171,protein_0000,0.2413793103448276
protein_0171,protein_0001,0.16091954022988506
protein_0171,protein_0002,0.18556701030927836
protein_0171,protein_0003,0.26436781609195403
protein_0171,protein_0005,0.14444444444444443
protein_0171,protein_0006,0.3068181818181818
protein_0171,protein_0007,0.14942528735632185
protein_0171,protein_0009,0.3111111111111111
protein_0171,protein_0010,0.25287356321839083
protein_0171,protein_0011,0.3448275862068966
protein_0171,protein_0012,0.375
protein_0171,protein_0013,0.10344827586206896
protein_0171,protein_0015,0.15151515151515152
protein_0171,protein_0016,0.17
protein_0171,protein_0017,0.1328125
protein_0171,protein_0018,0.26436781609195403
protein_0171,protein_0019,0.1839080459770115
protein_0171,protein_0020,0.24719101123595505
protein_0171,protein_0021,0.0898876404494382
protein_0171,protein_0022,0.15306122448979592
protein_0171,protein_0023,0.16
protein_0171,protein_0024,0.1532258064516129
protein_0171,protein_0025,0.25287356321839083
protein_0171,protein_0026,0.1347517730496454
protein_0171,protein_0028,0.1259259259259259
protein_0171,protein_0029,0.15730337078651685
protein_0171,protein_0030,0.16260162601626016
protein_0171,protein_0031,0.16666666666666666
protein_0171,protein_0033,0.28735632183908044
protein_0171,protein_0034,0.3448275862068966
protein_0171,protein_0035,0.1559633027522936
protein_0171,protein_0036,0.14942528735632185
protein_0171,protein_0037,0.28735632183908044
protein_0171,protein_0038,0.28735632183908044
protein_0171,protein_0039,0.3258426966292135
protein_0171,protein_0041,0.25287356321839083
protein_0171,protein_0042,0.12359550561797752
protein_0171,protein_0043,0.19540229885057472
protein_0171,protein_0044,0.1839080459770115
protein_0171,protein_0045,0.25287356321839083
protein_0171,protein_0046,0.16091954022988506
protein_0171,protein_0048,0.25287356321839083
protein_0171,protein_0049,0.28735632183908044
protein_0171,protein_0050,0.1619047619047619
protein_0171,protein_0051,0.1724137931034483
protein_0171,protein_0052,0.2840909090909091
protein_0171,protein_0053,0.28735632183908044
protein_0171,protein_0054,0.16666666666666666
protein_0171,protein_0055,0.15702479338842976
protein_0171,protein_0056,0.14754098360655737
protein_0171,protein_0057,0.17045454545454544
protein_0171,protein_0058,0.17045454545454544
protein_0171,protein_0059,0.20689655172413793
protein_0171,protein_0060,0.11607142857142858
protein_0171,protein_0063,0.12206572769953052
protein_0171,protein_0065,0.13725490196078433
protein_0171,protein_0066,0.14545454545454545
protein_0171,protein_0067,0.27586206896551724
protein_0171,protein_0068,0.8522727272727273
protein_0171,protein_0069,0.2988505747126437
protein_0171,protein_0070,0.2988505747126437
protein_0171,protein_0071,0.2777777777777778
protein_0171,protein_0072,0.15555555555555556
protein_0171,protein_0073,0.5057471264367817
protein_0171,protein_0074,0.18811881188118812
protein_0171,protein_0075,0.12371134020618557
protein_0171,protein_0076,0.14942528735632185
protein_0171,protein_0077,0.28735632183908044
protein_0171,protein_0078,0.17117117117117117
protein_0171,protein_0079,0.17117117117117117
protein_0171,protein_0080,0.22340425531914893
protein_0171,protein_0081,0.25773195876288657
protein_0171,protein_0082,0.12264150943396226
protein_0171,protein_0083,0.3522727272727273
protein_0171,protein_0084,0.25287356321839083
protein_0171,protein_0085,0.12264150943396226
protein_0171,protein_0086,0.11320754716981132
protein_0171,protein_0087,0.16091954022988506
protein_0171,protein_0088,0.26436781609195403
protein_0171,protein_0089,0.12096774193548387
protein_0171,protein_0090,0.13333333333333333
protein_0171,protein_0091,0.14285714285714285
protein_0171,protein_0092,0.14285714285714285
protein_0171,protein_0093,0.26436781609195403
protein_0171,protein_0094,0.1440677966101695
protein_0171,protein_0095,0.11818181818181818
protein_0171,protein_0096,0.1743119266055046
protein_0171,protein_0097,0.2988505747126437
protein_0171,protein_0099,0.14150943396226415
protein_0171,protein_0101,0.4942528735632184
protein_0171,protein_0102,0.1724137931034483
protein_0171,protein_0103,0.1839080459770115
protein_0171,protein_0104,0.19047619047619047
protein_0171,protein_0105,0.11494252873563218
protein_0171,protein_0106,0.15789473684210525
protein_0171,protein_0107,0.20689655172413793
protein_0171,protein_0108,0.23333333333333334
protein_0171,protein_0109,0.13978494623655913
protein_0171,protein_0110,0.3333333333333333
protein_0171,protein_0111,0.42528735632183906
protein_0171,protein_0112,0.1743119266055046
protein_0171,protein_0113,0.2988505747126437
protein_0171,protein_0114,0.24468085106382978
protein_0171,protein_0115,0.22988505747126436
protein_0171,protein_0116,0.1322314049586777
protein_0171,protein_0117,0.1322314049586777
protein_0171,protein_0118,0.17045454545454544
protein_0171,protein_0119,0.14423076923076922
protein_0171,protein_0120,0.27586206896551724
protein_0171,protein_0121,0.27586206896551724
protein_0171,protein_0122,0.26436781609195403
protein_0171,protein_0123,0.13793103448275862
protein_0171,protein_0124,0.27586206896551724
protein_0171,protein_0125,0.13513513513513514
protein_0171,protein_0126,0.15
protein_0171,protein_0127,0.2413793103448276
protein_0171,protein_0129,0.26436781609195403
protein_0171,protein_0130,0.168
protein_0171,protein_0131,0.1590909090909091
protein_0171,protein_0132,0.21296296296296297
protein_0171,protein_0133,0.21296296296296297
protein_0171,protein_0134,0.23863636363636365
protein_0171,protein_0136,0.16379310344827586
protein_0171,protein_0137,0.15966386554621848
protein_0171,protein_0139,0.16666666666666666
protein_0171,protein_0140,0.3563218390804598
protein_0171,protein_0141,0.27586206896551724
protein_0171,protein_0142,0.3218390804597701
protein_0171,protein_0143,0.28735632183908044
protein_0171,protein_0144,0.28735632183908044
protein_0171,protein_0145,0.15730337078651685
protein_0171,protein_0146,0.1348314606741573
protein_0171,protein_0147,0.25842696629213485
protein_0171,protein_0148,0.2413793103448276
protein_0171,protein_0149,0.1724137931034483
protein_0171,protein_0150,0.22988505747126436
protein_0171,protein_0151,0.16853932584269662
protein_0171,protein_0152,0.16091954022988506
protein_0171,protein_0153,0.16842105263157894
protein_0171,protein_0154,0.17582417582417584
protein_0171,protein_0155,0.1452991452991453
protein_0171,protein_0157,0.0989010989010989
protein_0171,protein_0158,0.1839080459770115
protein_0171,protein_0159,0.22988505747126436
protein_0171,protein_0160,0.22988505747126436
protein_0171,protein_0161,0.16129032258064516
protein_0171,protein_0163,0.15178571428571427
protein_0171,protein_0164,0.22988505747126436
protein_0171,protein_0165,0.1590909090909091
protein_0171,protein_0166,0.25
protein_0171,protein_0167,0.11304347826086956
protein_0171,protein_0168,0.10434782608695652
protein_0171,protein_0169,0.16393442622950818
protein_0171,protein_0170,0.25287356321839083
protein_0171,protein_0172,0.16806722689075632
protein_0171,protein_0173,0.26666666666666666
protein_0171,protein_0174,0.2413793103448276
protein_0171,protein_0175,0.22988505747126436
protein_0171,protein_0176,0.2111111111111111
protein_0171,protein_0177,0.19540229885057472
protein_0171,protein_0178,0.1864406779661017
protein_0171,protein_0179,0.16393442622950818
protein_0171,protein_0180,0.20689655172413793
protein_0171,protein_0181,0.26436781609195403
protein_0171,protein_0182,0.27586206896551724
protein_0171,protein_0183,0.1414141414141414
protein_0171,protein_0184,0.22988505747126436
protein_0171,protein_0185,0.16853932584269662
protein_0171,protein_0186,0.15151515151515152
protein_0171,protein_0187,0.25287356321839083
protein_0171,protein_0188,0.14942528735632185
protein_0171,protein_0189,0.23595505617977527
protein_0171,protein_0190,0.36666666666666664
protein_0171,protein_0191,0.21839080459770116
protein_0171,protein_0192,0.26136363636363635
protein_0171,protein_0193,0.28888888888888886
protein_0171,protein_0194,0.3103448275862069
protein_0171,protein_0195,0.2988505747126437
protein_0171,protein_0196,0.3218390804597701
protein_0171,protein_0197,0.29213483146067415
protein_0171,protein_0198,0.26436781609195403
protein_0171,protein_0199,0.22105263157894736
protein_0171,protein_0201,0.14150943396226415
protein_0171,protein_0202,0.26436781609195403
protein_0171,protein_0203,0.17355371900826447
protein_0171,protein_0204,0.18181818181818182
protein_0171,protein_0205,0.11574074074074074
protein_0171,protein_0206,0.36363636363636365
protein_0171,protein_0208,0.18584070796460178
protein_0171,protein_0209,0.20689655172413793
protein_0171,protein_0210,0.26136363636363635
protein_0171,protein_0211,0.16037735849056603
protein_0171,protein_0212,0.1724137931034483
protein_0171,protein_0214,0.11494252873563218
protein_0171,protein_0217,0.18681318681318682
protein_0171,protein_0218,0.1732283464566929
protein_0171,protein_0219,0.14754098360655737
protein_0171,protein_0220,0.3068181818181818
protein_0171,protein_0221,0.13793103448275862
protein_0171,protein_0222,0.28735632183908044
protein_0171,protein_0223,0.14942528735632185
protein_0171,protein_0224,0.16091954022988506
protein_0171,protein_0225,0.125
protein_0171,protein_0227,0.1724137931034483
protein_0171,protein_0228,0.22580645161290322
protein_0171,protein_0229,0.14736842105263157
protein_0171,protein_0231,0.28735632183908044
protein_0171,protein_0232,0.18181818181818182
protein_0171,protein_0233,0.15748031496062992
protein_0171,protein_0234,0.1650485436893204
protein_0171,protein_0235,0.13861386138613863
protein_0171,protein_0237,0.28735632183908044
protein_0171,protein_0238,0.12686567164179105
protein_0171,protein_0239,0.21839080459770116
protein_0171,protein_0240,0.21839080459770116
protein_0171,protein_0241,0.20689655172413793
protein_0171,protein_0242,0.1590909090909091
protein_0171,protein_0243,0.22988505747126436
protein_0171,protein_0244,0.16853932584269662
protein_0171,protein_0245,0.1826086956521739
protein_0171,protein_0246,0.13392857142857142
protein_0171,protein_0247,0.2072072072072072
protein_0171,protein_0248,0.26436781609195403
protein_0171,protein_0249,0.26666666666666666
protein_0171,protein_0250,0.1574074074074074
protein_0171,protein_0251,0.15625
protein_0171,protein_0252,0.21212121212121213
protein_0171,protein_0253,0.1652892561983471
protein_0171,protein_0254,0.14772727272727273
protein_0171,protein_0255,0.10227272727272728
protein_0171,protein_0257,0.1792452830188679
protein_0171,protein_0258,0.375
protein_0171,protein_0259,0.1797752808988764
protein_0171,protein_0261,0.13392857142857142
protein_0171,protein_0262,0.09558823529411764
protein_0171,protein_0263,0.12318840579710146
protein_0171,protein_0264,0.23595505617977527
protein_0171,protein_0265,0.23595505617977527
protein_0171,protein_0266,0.12121212121212122
protein_0171,protein_0268,0.17894736842105263
protein_0171,protein_0269,0.1111111111111111
protein_0171,protein_0270,0.14285714285714285
protein_0171,protein_0271,0.16091954022988506
protein_0171,protein_0272,0.3333333333333333
protein_0171,protein_0273,0.35555555555555557
protein_0171,protein_0274,0.20430107526881722
protein_0171,protein_0275,0.15178571428571427
protein_0171,protein_0276,0.2413793103448276
protein_0171,protein_0277,0.13793103448275862
protein_0171,protein_0278,0.23333333333333334
protein_0171,protein_0280,0.25287356321839083
protein_0171,protein_0281,0.1440677966101695
protein_0171,protein_0282,0.13793103448275862
protein_0171,protein_0283,0.08256880733944955
protein_0171,protein_0284,0.2988505747126437
protein_0171,protein_0285,0.3218390804597701
protein_0171,protein_0286,0.18181818181818182
protein_0171,protein_0287,0.19444444444444445
protein_0171,protein_0289,0.1590909090909091
protein_0171,protein_0290,0.17647058823529413
protein_0171,protein_0291,0.25287356321839083
protein_0171,protein_0292,0.22727272727272727
protein_0171,protein_0293,0.20652173913043478
protein_0171,protein_0294,0.25287356321839083
protein_0171,protein_0295,0.15730337078651685
protein_0171,protein_0296,0.1271186440677966
protein_0171,protein_0297,0.17045454545454544
protein_0171,protein_0298,0.16091954022988506
protein_0171,protein_0299,0.1836734693877551
protein_0171,protein_0301,0.16842105263157894
protein_0171,protein_0302,0.11059907834101383
protein_0171,protein_0303,0.22988505747126436
protein_0171,protein_0304,0.14772727272727273
protein_0171,protein_0305,0.18888888888888888
protein_0171,protein_0306,0.15702479338842976
protein_0171,protein_0307,0.16129032258064516
protein_0171,protein_0308,0.20689655172413793
protein_0171,protein_0309,0.16666666666666666
protein_0171,protein_0310,0.2
protein_0171,protein_0311,0.22988505747126436
protein_0171,protein_0313,0.21839080459770116
protein_0171,protein_0314,0.14423076923076922
protein_0171,protein_0315,0.12396694214876033
protein_0171,protein_0316,0.1590909090909091
protein_0171,protein_0317,0.1346153846153846
protein_0171,protein_0318,0.13559322033898305
protein_0171,protein_0319,0.3448275862068966
protein_0171,protein_0320,0.27472527472527475
protein_0171,protein_0321,0.2
protein_0171,protein_0322,0.22988505747126436
protein_0171,protein_0324,0.17894736842105263
protein_0171,protein_0325,0.11016949152542373
protein_0171,protein_0326,0.18478260869565216
protein_0171,protein_0327,0.20689655172413793
protein_0171,protein_0328,0.14285714285714285
protein_0171,protein_0329,0.14285714285714285
protein_0171,protein_0330,0.28735632183908044
protein_0171,protein_0331,0.15730337078651685
protein_0171,protein_0332,0.25287356321839083
protein_0171,protein_0333,0.2413793103448276
protein_0171,protein_0334,0.15555555555555556
protein_0171,protein_0335,0.10377358490566038
protein_0171,protein_0336,0.15730337078651685
protein_0171,protein_0337,0.27586206896551724
protein_0171,protein_0338,0.26136363636363635
protein_0171,protein_0339,0.19101123595505617
protein_0171,protein_0340,0.16981132075471697
protein_0171,protein_0342,0.13793103448275862
protein_0171,protein_0343,0.14942528735632185
protein_0171,protein_0344,0.28735632183908044
protein_0171,protein_0345,0.15126050420168066
protein_0171,protein_0347,0.1839080459770115
protein_0171,protein_0348,0.1724137931034483
protein_0171,protein_0349,0.13861386138613863
protein_0171,protein_0350,0.28735632183908044
protein_0171,protein_0351,0.3448275862068966
protein_0171,protein_0352,0.19540229885057472
protein_0171,protein_0353,0.14285714285714285
protein_0171,protein_0354,0.38461538461538464
protein_0171,protein_0355,0.26436781609195403
protein_0171,protein_0357,0.14754098360655737
protein_0171,protein_0359,0.1092436974789916
protein_0171,protein_0360,0.20689655172413793
protein_0171,protein_0361,0.12396694214876033
protein_0171,protein_0362,0.1724137931034483
protein_0171,protein_0363,0.1724137931034483
protein_0171,protein_0364,0.1724137931034483
protein_0171,protein_0365,0.19101123595505617
protein_0171,protein_0367,0.1559633027522936
protein_0171,protein_0368,0.12087912087912088
protein_0171,protein_0369,0.14444444444444443
protein_0171,protein_0371,0.25287356321839083
protein_0171,protein_0372,0.08256880733944955
protein_0171,protein_0373,0.16346153846153846
protein_0171,protein_0374,0.15702479338842976
protein_0171,protein_0375,0.19540229885057472
protein_0171,protein_0376,0.1568627450980392
protein_0171,protein_0377,0.26436781609195403
protein_0171,protein_0378,0.16379310344827586
protein_0171,protein_0379,0.14736842105263157
protein_0171,protein_0380,0.14736842105263157
protein_0171,protein_0381,0.14736842105263157
protein_0171,protein_0382,0.19540229885057472
protein_0171,protein_0383,0.14942528735632185
protein_0171,protein_0384,0.26436781609195403
protein_0171,protein_0385,0.1414141414141414
protein_0171,protein_0386,0.13131313131313133
protein_0171,protein_0387,0.13725490196078433
protein_0171,protein_0388,0.16853932584269662
protein_0171,protein_0389,0.15384615384615385
protein_0171,protein_0390,0.25287356321839083
protein_0171,protein_0391,0.22826086956521738
protein_0171,protein_0392,0.27586206896551724
protein_0171,protein_0393,0.28735632183908044
protein_0171,protein_0394,0.16666666666666666
protein_0171,protein_0395,0.21739130434782608
protein_0171,protein_0396,0.12173913043478261
protein_0171,protein_0397,0.26436781609195403
protein_0171,protein_0398,0.12612612612612611
protein_0171,protein_0399,0.2413793103448276
protein_0200,protein_0000,0.3103448275862069
protein_0200,protein_0001,0.17582417582417584
protein_0200,protein_0002,0.17708333333333334
protein_0200,protein_0003,0.3522727272727273
protein_0200,protein_0005,0.15625
protein_0200,protein_0006,0.4318181818181818
protein_0200,protein_0007,0.19101123595505617
protein_0200,protein_0009,0.33707865168539325
protein_0200,protein_0010,0.40229885057471265
protein_0200,protein_0011,0.4367816091954023
protein_0200,protein_0012,0.4431818181818182
protein_0200,protein_0013,0.14772727272727273
protein_0200,protein_0015,0.13761467889908258
protein_0200,protein_0016,0.13636363636363635
protein_0200,protein_0017,0.15942028985507245
protein_0200,protein_0018,0.2840909090909091
protein_0200,protein_0019,0.14942528735632185
protein_0200,protein_0020,0.3333333333333333
protein_0200,protein_0021,0.15217391304347827
protein_0200,protein_0022,0.15841584158415842
protein_0200,protein_0023,0.1553398058252427
protein_0200,protein_0024,0.09322033898305085
protein_0200,protein_0025,0.29545454545454547
protein_0200,protein_0026,0.14184397163120568
protein_0200,protein_0028,0.14018691588785046
protein_0200,protein_0029,0.16853932584269662
protein_0200,protein_0030,0.1487603305785124
protein_0200,protein_0031,0.16161616161616163
protein_0200,protein_0033,0.4367816091954023
protein_0200,protein_0034,0.48314606741573035
protein_0200,protein_0035,0.18548387096774194
protein_0200,protein_0036,0.19318181818181818
protein_0200,protein_0037,0.22988505747126436
protein_0200,protein_0038,0.22988505747126436
protein_0200,protein_0039,0.33707865168539325
protein_0200,protein_0041,0.27586206896551724
protein_0200,protein_0042,0.2247191011235955
protein_0200,protein_0043,0.2808988764044944
protein_0200,protein_0044,0.24719101123595505
protein_0200,protein_0045,0.3218390804597701
protein_0200,protein_0046,0.20224719101123595
protein_0200,protein_0048,0.39080459770114945
protein_0200,protein_0049,0.42528735632183906
protein_0200,protein_0050,0.11320754716981132
protein_0200,protein_0051,0.1839080459770115
protein_0200,protein_0052,0.25287356321839083
protein_0200,protein_0053,0.30434782608695654
protein_0200,protein_0054,0.11965811965811966
protein_0200,protein_0055,0.12903225806451613
protein_0200,protein_0056,0.16981132075471697
protein_0200,protein_0057,0.19101123595505617
protein_0200,protein_0058,0.11494252873563218
protein_0200,protein_0059,0.25842696629213485
protein_0200,protein_0060,0.14814814814814814
protein_0200,protein_0063,0.107981220657277
protein_0200,protein_0065,0.11538461538461539
protein_0200,protein_0066,0.1
protein_0200,protein_0067,0.40229885057471265
protein_0200,protein_0068,0.2988505747126437
protein_0200,protein_0069,0.4175824175824176
protein_0200,protein_0070,0.3218390804597701
protein_0200,protein_0071,0.367816091954023
protein_0200,protein_0072,0.13793103448275862
protein_0200,protein_0073,0.367816091954023
protein_0200,protein_0074,0.20408163265306123
protein_0200,protein_0075,0.18095238095238095
protein_0200,protein_0076,0.16666666666666666
protein_0200,protein_0077,0.2988505747126437
protein_0200,protein_0078,0.14150943396226415
protein_0200,protein_0079,0.14150943396226415
protein_0200,protein_0080,0.31868131868131866
protein_0200,protein_0081,0.2988505747126437
protein_0200,protein_0082,0.1206896551724138
protein_0200,protein_0083,0.48863636363636365
protein_0200,protein_0084,0.367816091954023
protein_0200,protein_0085,0.12931034482758622
protein_0200,protein_0086,0.11206896551724138
protein_0200,protein_0087,0.1839080459770115
protein_0200,protein_0088,0.2988505747126437
protein_0200,protein_0089,0.14545454545454545
protein_0200,protein_0090,0.16964285714285715
protein_0200,protein_0091,0.13157894736842105
protein_0200,protein_0092,0.13157894736842105
protein_0200,protein_0093,0.42045454545454547
protein_0200,protein_0094,0.14166666666666666
protein_0200,protein_0095,0.1565217391304348
protein_0200,protein_0096,0.11764705882352941
protein_0200,protein_0097,0.41379310344827586
protein_0200,protein_0099,0.14285714285714285
protein_0200,protein_0101,0.3563218390804598
protein_0200,protein_0102,0.3409090909090909
protein_0200,protein_0103,0.2247191011235955
protein_0200,protein_0104,0.1349206349206349
protein_0200,protein_0105,0.15053763440860216
protein_0200,protein_0106,0.16101694915254236
protein_0200,protein_0107,0.3333333333333333
protein_0200,protein_0108,0.24468085106382978
protein_0200,protein_0109,0.16091954022988506
protein_0200,protein_0110,0.8620689655172413
protein_0200,protein_0111,0.3409090909090909
protein_0200,protein_0112,0.17757009345794392
protein_0200,protein_0113,0.4943820224719101
protein_0200,protein_0114,0.2988505747126437
protein_0200,protein_0115,0.26373626373626374
protein_0200,protein_0116,0.16806722689075632
protein_0200,protein_0117,0.16806722689075632
protein_0200,protein_0118,0.1839080459770115
protein_0200,protein_0119,0.16346153846153846
protein_0200,protein_0120,0.3
protein_0200,protein_0121,0.3
protein_0200,protein_0122,0.2413793103448276
protein_0200,protein_0123,0.15306122448979592
protein_0200,protein_0124,0.2988505747126437
protein_0200,protein_0125,0.1346153846153846
protein_0200,protein_0126,0.17592592592592593
protein_0200,protein_0127,0.2727272727272727
protein_0200,protein_0129,0.20689655172413793
protein_0200,protein_0130,0.18421052631578946
protein_0200,protein_0131,0.12643678160919541
protein_0200,protein_0132,0.17592592592592593
protein_0200,protein_0133,0.17592592592592593
protein_0200,protein_0134,0.29213483146067415
protein_0200,protein_0136,0.112
protein_0200,protein_0137,0.13445378151260504
protein_0200,protein_0139,0.14942528735632185
protein_0200,protein_0140,0.4367816091954023
protein_0200,protein_0141,0.26373626373626374
protein_0200,protein_0142,0.42528735632183906
protein_0200,protein_0143,0.3409090909090909
protein_0200,protein_0144,0.3218390804597701
protein_0200,protein_0145,0.17391304347826086
protein_0200,protein_0146,0.18181818181818182
protein_0200,protein_0147,0.3218390804597701
protein_0200,protein_0148,0.3103448275862069
protein_0200,protein_0149,0.1839080459770115
protein_0200,protein_0150,0.28735632183908044
protein_0200,protein_0151,0.2111111111111111
protein_0200,protein_0152,0.20689655172413793
protein_0200,protein_0153,0.1839080459770115
protein_0200,protein_0154,0.15789473684210525
protein_0200,protein_0155,0.1623931623931624
protein_0200,protein_0157,0.17777777777777778
protein_0200,protein_0158,0.14893617021276595
protein_0200,protein_0159,0.3258426966292135
protein_0200,protein_0160,0.3146067415730337
protein_0200,protein_0161,0.15702479338842976
protein_0200,protein_0163,0.1792452830188679
protein_0200,protein_0164,0.24719101123595505
protein_0200,protein_0165,0.19540229885057472
protein_0200,protein_0166,0.24719101123595505
protein_0200,protein_0167,0.18421052631578946
protein_0200,protein_0168,0.15789473684210525
protein_0200,protein_0169,0.17054263565891473
protein_0200,protein_0170,0.25287356321839083
protein_0200,protein_0172,0.10833333333333334
protein_0200,protein_0173,0.3218390804597701
protein_0200,protein_0174,0.27586206896551724
protein_0200,protein_0175,0.28735632183908044
protein_0200,protein_0176,0.1956521739130435
protein_0200,protein_0177,0.14772727272727273
protein_0200,protein_0178,0.2033898305084746
protein_0200,protein_0179,0.17699115044247787
protein_0200,protein_0180,0.2727272727272727
protein_0200,protein_0181,0.40229885057471265
protein_0200,protein_0182,0.27586206896551724
protein_0200,protein_0183,0.13761467889908258
protein_0200,protein_0184,0.3103448275862069
protein_0200,protein_0185,0.16326530612244897
protein_0200,protein_0186,0.12844036697247707
protein_0200,protein_0187,0.2988505747126437
protein_0200,protein_0188,0.1935483870967742
protein_0200,protein_0189,0.29347826086956524
protein_0200,protein_0190,0.4431818181818182
protein_0200,protein_0191,0.25287356321839083
protein_0200,protein_0192,0.2413793103448276
protein_0200,protein_0193,0.3157894736842105
protein_0200,protein_0194,0.3218390804597701
protein_0200,protein_0195,0.45454545454545453
protein_0200,protein_0196,0.42528735632183906
protein_0200,protein_0197,0.4666666666666667
protein_0200,protein_0198,0.2808988764044944
protein_0200,protein_0199,0.2111111111111111
protein_0200,protein_0201,0.15454545454545454
protein_0200,protein_0202,0.3333333333333333
protein_0200,protein_0203,0.13934426229508196
protein_0200,protein_0204,0.1724137931034483
protein_0200,protein_0205,0.11627906976744186
protein_0200,protein_0206,0.4367816091954023
protein_0200,protein_0208,0.1651376146788991
protein_0200,protein_0209,0.2808988764044944
protein_0200,protein_0210,0.31868131868131866
protein_0200,protein_0211,0.14942528735632185
protein_0200,protein_0212,0.1111111111111111
protein_0200,protein_0214,0.0898876404494382
protein_0200,protein_0217,0.17777777777777778
protein_0200,protein_0218,0.1953125
protein_0200,protein_0219,0.1322314049586777
protein_0200,protein_0220,0.2727272727272727
protein_0200,protein_0221,0.10101010101010101
protein_0200,protein_0222,0.42528735632183906
protein_0200,protein_0223,0.11224489795918367
protein_0200,protein_0224,0.17045454545454544
protein_0200,protein_0225,0.18947368421052632
protein_0200,protein_0227,0.14942528735632185
protein_0200,protein_0228,0.18478260869565216
protein_0200,protein_0229,0.14130434782608695
protein_0200,protein_0231,0.28735632183908044
protein_0200,protein_0232,0.1724137931034483
protein_0200,protein_0233,0.13178294573643412
protein_0200,protein_0234,0.22935779816513763
protein_0200,protein_0235,0.18556701030927836
protein_0200,protein_0237,0.41379310344827586
protein_0200,protein_0238,0.12121212121212122
protein_0200,protein_0239,0.2988505747126437
protein_0200,protein_0240,0.3103448275862069
protein_0200,protein_0241,0.2988505747126437
protein_0200,protein_0242,0.13793103448275862
protein_0200,protein_0243,0.3068181818181818
protein_0200,protein_0244,0.15384615384615385
protein_0200,protein_0245,0.15862068965517243
protein_0200,protein_0246,0.12745098039215685
protein_0200,protein_0247,0.18181818181818182
protein_0200,protein_0248,0.27586206896551724
protein_0200,protein_0249,0.30337078651685395
protein_0200,protein_0250,0.1839080459770115
protein_0200,protein_0251,0.16
protein_0200,protein_0252,0.17525773195876287
protein_0200,protein_0253,0.13559322033898305
protein_0200,protein_0254,0.16129032258064516
protein_0200,protein_0255,0.10465116279069768
protein_0200,protein_0257,0.17543859649122806
protein_0200,protein_0258,0.4827586206896552
protein_0200,protein_0259,0.19540229885057472
protein_0200,protein_0261,0.13333333333333333
protein_0200,protein_0262,0.16296296296296298
protein_0200,protein_0263,0.125
protein_0200,protein_0264,0.2413793103448276
protein_0200,protein_0265,0.2413793103448276
protein_0200,protein_0266,0.16842105263157894
protein_0200,protein_0268,0.13333333333333333
protein_0200,protein_0269,0.1111111111111111
protein_0200,protein_0270,0.18085106382978725
protein_0200,protein_0271,0.17045454545454544
protein_0200,protein_0272,0.4772727272727273
protein_0200,protein_0273,0.48863636363636365
protein_0200,protein_0274,0.20224719101123595
protein_0200,protein_0275,0.1523809523809524
protein_0200,protein_0276,0.3103448275862069
protein_0200,protein_0277,0.16091954022988506
protein_0200,protein_0278,0.3111111111111111
protein_0200,protein_0280,0.25287356321839083
protein_0200,protein_0281,0.11607142857142858
protein_0200,protein_0282,0.13793103448275862
protein_0200,protein_0283,0.10550458715596331
protein_0200,protein_0284,0.2413793103448276
protein_0200,protein_0285,0.47126436781609193
protein_0200,protein_0286,0.1839080459770115
protein_0200,protein_0287,0.2037037037037037
protein_0200,protein_0289,0.1875
protein_0200,protein_0290,0.1743119266055046
protein_0200,protein_0291,0.21839080459770116
protein_0200,protein_0292,0.1724137931034483
protein_0200,protein_0293,0.23076923076923078
protein_0200,protein_0294,0.21839080459770116
protein_0200,protein_0295,0.14942528735632185
protein_0200,protein_0296,0.16521739130434782
protein_0200,protein_0297,0.17045454545454544
protein_0200,protein_0298,0.1827956989247312
protein_0200,protein_0299,0.1875
protein_0200,protein_0301,0.15625
protein_0200,protein_0302,0.0967741935483871
protein_0200,protein_0303,0.21839080459770116
protein_0200,protein_0304,0.1935483870967742
protein_0200,protein_0305,0.19230769230769232
protein_0200,protein_0306,0.12903225806451613
protein_0200,protein_0307,0.1271186440677966
protein_0200,protein_0308,0.16101694915254236
protein_0200,protein_0309,0.19148936170212766
protein_0200,protein_0310,0.2018348623853211
protein_0200,protein_0311,0.3218390804597701
protein_0200,protein_0313,0.23595505617977527
protein_0200,protein_0314,0.1262135922330097
protein_0200,protein_0315,0.12781954887218044
protein_0200,protein_0316,0.1348314606741573
protein_0200,protein_0317,0.125
protein_0200,protein_0318,0.11607142857142858
protein_0200,protein_0319,0.47191011235955055
protein_0200,protein_0320,0.29213483146067415
protein_0200,protein_0321,0.22105263157894736
protein_0200,protein_0322,0.27586206896551724
protein_0200,protein_0324,0.13636363636363635
protein_0200,protein_0325,0.14166666666666666
protein_0200,protein_0326,0.19791666666666666
protein_0200,protein_0327,0.28735632183908044
protein_0200,protein_0328,0.13636363636363635
protein_0200,protein_0329,0.13636363636363635
protein_0200,protein_0330,0.4482758620689655
protein_0200,protein_0331,0.14942528735632185
protein_0200,protein_0332,0.26436781609195403
protein_0200,protein_0333,0.2159090909090909
protein_0200,protein_0334,0.2222222222222222
protein_0200,protein_0335,0.14150943396226415
protein_0200,protein_0336,0.1590909090909091
protein_0200,protein_0337,0.40229885057471265
protein_0200,protein_0338,0.25287356321839083
protein_0200,protein_0339,0.1839080459770115
protein_0200,protein_0340,0.17117117117117117
protein_0200,protein_0342,0.13793103448275862
protein_0200,protein_0343,0.1827956989247312
protein_0200,protein_0344,0.32954545454545453
protein_0200,protein_0345,0.13333333333333333
protein_0200,protein_0347,0.1724137931034483
protein_0200,protein_0348,0.1206896551724138
protein_0200,protein_0349,0.17592592592592593
protein_0200,protein_0350,0.3068181818181818
protein_0200,protein_0351,0.45977011494252873
protein_0200,protein_0352,0.1590909090909091
protein_0200,protein_0353,0.1557377049180328
protein_0200,protein_0354,0.3181818181818182
protein_0200,protein_0355,0.40229885057471265
protein_0200,protein_0357,0.17355371900826447
protein_0200,protein_0359,0.152
protein_0200,protein_0360,0.2988505747126437
protein_0200,protein_0361,0.1016949152542373
protein_0200,protein_0362,0.24719101123595505
protein_0200,protein_0363,0.24719101123595505
protein_0200,protein_0364,0.23863636363636365
protein_0200,protein_0365,0.21839080459770116
protein_0200,protein_0367,0.16666666666666666
protein_0200,protein_0368,0.14130434782608695
protein_0200,protein_0369,0.08888888888888889
protein_0200,protein_0371,0.25287356321839083
protein_0200,protein_0372,0.11926605504587157
protein_0200,protein_0373,0.11009174311926606
protein_0200,protein_0374,0.1111111111111111
protein_0200,protein_0375,0.2413793103448276
protein_0200,protein_0376,0.21904761904761905
protein_0200,protein_0377,0.25287356321839083
protein_0200,protein_0378,0.20535714285714285
protein_0200,protein_0379,0.20618556701030927
protein_0200,protein_0380,0.20618556701030927
protein_0200,protein_0381,0.20618556701030927
protein_0200,protein_0382,0.25287356321839083
protein_0200,protein_0383,0.16091954022988506
protein_0200,protein_0384,0.3563218390804598
protein_0200,protein_0385,0.16216216216216217
protein_0200,protein_0386,0.13761467889908258
protein_0200,protein_0387,0.15384615384615385
protein_0200,protein_0388,0.16091954022988506
protein_0200,protein_0389,0.10112359550561797
protein_0200,protein_0390,0.45454545454545453
protein_0200,protein_0391,0.2111111111111111
protein_0200,protein_0392,0.29545454545454547
protein_0200,protein_0393,0.29545454545454547
protein_0200,protein_0394,0.11304347826086956
protein_0200,protein_0395,0.21782178217821782
protein_0200,protein_0396,0.15384615384615385
protein_0200,protein_0397,0.26436781609195403
protein_0200,protein_0398,0.16806722689075632
protein_0200,protein_0399,0.3218390804597701
protein_0207,protein_0000,0.13636363636363635
protein_0207,protein_0001,0.1271186440677966
protein_0207,protein_0002,0.09322033898305085
protein_0207,protein_0003,0.11290322580645161
protein_0207,protein_0005,0.13445378151260504
protein_0207,protein_0006,0.16666666666666666
protein_0207,protein_0007,0.1452991452991453
protein_0207,protein_0009,0.12781954887218044
protein_0207,protein_0010,0.15748031496062992
protein_0207,protein_0011,0.0873015873015873
protein_0207,protein_0012,0.1450381679389313
protein_0207,protein_0013,0.1452991452991453
protein_0207,protein_0015,0.17094017094017094
protein_0207,protein_0016,0.15503875968992248
protein_0207,protein_0017,0.16083916083916083
protein_0207,protein_0018,0.17647058823529413
protein_0207,protein_0019,0.1623931623931624
protein_0207,protein_0020,0.18461538461538463
protein_0207,protein_0021,0.11666666666666667
protein_0207,protein_0022,0.0859375
protein_0207,protein_0023,0.10852713178294573
protein_0207,protein_0024,0.635593220338983
protein_0207,protein_0025,0.15503875968992248
protein_0207,protein_0026,0.1259259259259259
protein_0207,protein_0028,0.13821138211382114
protein_0207,protein_0029,0.1282051282051282
protein_0207,protein_0030,0.336
protein_0207,protein_0031,0.14728682170542637
protein_0207,protein_0033,0.11382113821138211
protein_0207,protein_0034,0.13953488372093023
protein_0207,protein_0035,0.47863247863247865
protein_0207,protein_0036,0.14166666666666666
protein_0207,protein_0037,0.16541353383458646
protein_0207,protein_0038,0.16541353383458646
protein_0207,protein_0039,0.13821138211382114
protein_0207,protein_0041,0.15328467153284672
protein_0207,protein_0042,0.12
protein_0207,protein_0043,0.10317460317460317
protein_0207,protein_0044,0.15671641791044777
protein_0207,protein_0045,0.17886178861788618
protein_0207,protein_0046,0.15384615384615385
protein_0207,protein_0048,0.16911764705882354
protein_0207,protein_0049,0.14960629921259844
protein_0207,protein_0050,0.12698412698412698
protein_0207,protein_0051,0.1271186440677966
protein_0207,protein_0052,0.1484375
protein_0207,protein_0053,0.15966386554621848
protein_0207,protein_0054,0.40625
protein_0207,protein_0055,0.48333333333333334
protein_0207,protein_0056,0.125
protein_0207,protein_0057,0.16101694915254236
protein_0207,protein_0058,0.1452991452991453
protein_0207,protein_0059,0.1015625
protein_0207,protein_0060,0.14285714285714285
protein_0207,protein_0063,0.1267605633802817
protein_0207,protein_0065,0.14615384615384616
protein_0207,protein_0066,0.1440677966101695
protein_0207,protein_0067,0.15079365079365079
protein_0207,protein_0068,0.16101694915254236
protein_0207,protein_0069,0.13636363636363635
protein_0207,protein_0070,0.128
protein_0207,protein_0071,0.16279069767441862
protein_0207,protein_0072,0.12295081967213115
protein_0207,protein_0073,0.15702479338842976
protein_0207,protein_0074,0.11475409836065574
protein_0207,protein_0075,0.13768115942028986
protein_0207,protein_0076,0.1440677966101695
protein_0207,protein_0077,0.11764705882352941
protein_0207,protein_0078,0.15748031496062992
protein_0207,protein_0079,0.15748031496062992
protein_0207,protein_0080,0.12030075187969924
protein_0207,protein_0081,0.1259259259259259
protein_0207,protein_0082,0.1774193548387097
protein_0207,protein_0083,0.12142857142857143
protein_0207,protein_0084,0.17073170731707318
protein_0207,protein_0085,0.11904761904761904
protein_0207,protein_0086,0.17886178861788618
protein_0207,protein_0087,0.1282051282051282
protein_0207,protein_0088,0.18487394957983194
protein_0207,protein_0089,0.125
protein_0207,protein_0090,0.14492753623188406
protein_0207,protein_0091,0.14728682170542637
protein_0207,protein_0092,0.14728682170542637
protein_0207,protein_0093,0.12195121951219512
protein_0207,protein_0094,0.3387096774193548
protein_0207,protein_0095,0.1417910447761194
protein_0207,protein_0096,0.136
protein_0207,protein_0097,0.15833333333333333
protein_0207,protein_0099,0.17796610169491525
protein_0207,protein_0101,0.1721311475409836
protein_0207,protein_0102,0.1015625
protein_0207,protein_0103,0.12903225806451613
protein_0207,protein_0104,0.5470085470085471
protein_0207,protein_0105,0.11382113821138211
protein_0207,protein_0106,0.14285714285714285
protein_0207,protein_0107,0.112
protein_0207,protein_0108,0.15748031496062992
protein_0207,protein_0109,0.15
protein_0207,protein_0110,0.13846153846153847
protein_0207,protein_0111,0.12096774193548387
protein_0207,protein_0112,0.11510791366906475
protein_0207,protein_0113,0.11764705882352941
protein_0207,protein_0114,0.11538461538461539
protein_0207,protein_0115,0.18110236220472442
protein_0207,protein_0116,0.144
protein_0207,protein_0117,0.144
protein_0207,protein_0118,0.14049586776859505
protein_0207,protein_0119,0.15254237288135594
protein_0207,protein_0120,0.15126050420168066
protein_0207,protein_0121,0.15126050420168066
protein_0207,protein_0122,0.1693548387096774
protein_0207,protein_0123,0.13709677419354838
protein_0207,protein_0124,0.15126050420168066
protein_0207,protein_0125,0.152
protein_0207,protein_0126,0.15503875968992248
protein_0207,protein_0127,0.09448818897637795
protein_0207,protein_0129,0.11864406779661017
protein_0207,protein_0130,0.15151515151515152
protein_0207,protein_0131,0.09401709401709402
protein_0207,protein_0132,0.15037593984962405
protein_0207,protein_0133,0.15037593984962405
protein_0207,protein_0134,0.12030075187969924
protein_0207,protein_0136,0.45
protein_0207,protein_0137,0.4132231404958678
protein_0207,protein_0139,0.13333333333333333
protein_0207,protein_0140,0.12781954887218044
protein_0207,protein_0141,0.1721311475409836
protein_0207,protein_0142,0.12295081967213115
protein_0207,protein_0143,0.19327731092436976
protein_0207,protein_0144,0.16260162601626016
protein_0207,protein_0145,0.17647058823529413
protein_0207,protein_0146,0.1282051282051282
protein_0207,protein_0147,0.13008130081300814
protein_0207,protein_0148,0.12878787878787878
protein_0207,protein_0149,0.1440677966101695
protein_0207,protein_0150,0.11278195488721804
protein_0207,protein_0151,0.13559322033898305
protein_0207,protein_0152,0.1623931623931624
protein_0207,protein_0153,0.14166666666666666
protein_0207,protein_0154,0.15254237288135594
protein_0207,protein_0155,0.1276595744680851
protein_0207,protein_0157,0.14173228346456693
protein_0207,protein_0158,0.1557377049180328
protein_0207,protein_0159,0.13533834586466165
protein_0207,protein_0160,0.15503875968992248
protein_0207,protein_0161,0.3135593220338983
protein_0207,protein_0163,0.14285714285714285
protein_0207,protein_0164,0.13178294573643412
protein_0207,protein_0165,0.13675213675213677
protein_0207,protein_0166,0.13953488372093023
protein_0207,protein_0167,0.15384615384615385
protein_0207,protein_0168,0.14615384615384616
protein_0207,protein_0169,0.31666666666666665
protein_0207,protein_0170,0.18045112781954886
protein_0207,protein_0172,0.4700854700854701
protein_0207,protein_0173,0.1532258064516129
protein_0207,protein_0174,0.15503875968992248
protein_0207,protein_0175,0.14728682170542637
protein_0207,protein_0176,0.15833333333333333
protein_0207,protein_0177,0.13675213675213677
protein_0207,protein_0178,0.3333333333333333
protein_0207,protein_0179,0.3548387096774194
protein_0207,protein_0180,0.096
protein_0207,protein_0181,0.14960629921259844
protein_0207,protein_0182,0.09917355371900827
protein_0207,protein_0183,0.1875
protein_0207,protein_0184,0.1297709923664122
protein_0207,protein_0185,0.13675213675213677
protein_0207,protein_0186,0.176
protein_0207,protein_0187,0.14728682170542637
protein_0207,protein_0188,0.14516129032258066
protein_0207,protein_0189,0.12396694214876033
protein_0207,protein_0190,0.10317460317460317
protein_0207,protein_0191,0.1349206349206349
protein_0207,protein_0192,0.1487603305785124
protein_0207,protein_0193,0.09523809523809523
protein_0207,protein_0194,0.1532258064516129
protein_0207,protein_0195,0.13445378151260504
protein_0207,protein_0196,0.09243697478991597
protein_0207,protein_0197,0.12
protein_0207,protein_0198,0.11904761904761904
protein_0207,protein_0199,0.136
protein_0207,protein_0201,0.12
protein_0207,protein_0202,0.1417910447761194
protein_0207,protein_0203,0.4188034188034188
protein_0207,protein_0204,0.17796610169491525
protein_0207,protein_0205,0.12149532710280374
protein_0207,protein_0206,0.14960629921259844
protein_0207,protein_0208,0.10687022900763359
protein_0207,protein_0209,0.12781954887218044
protein_0207,protein_0210,0.1721311475409836
protein_0207,protein_0211,0.13432835820895522
protein_0207,protein_0212,0.11965811965811966
protein_0207,protein_0214,0.15384615384615385
protein_0207,protein_0217,0.1016949152542373
protein_0207,protein_0218,0.13636363636363635
protein_0207,protein_0219,0.3025210084033613
protein_0207,protein_0220,0.1532258064516129
protein_0207,protein_0221,0.11570247933884298
protein_0207,protein_0222,0.14173228346456693
protein_0207,protein_0223,0.10256410256410256
protein_0207,protein_0224,0.1271186440677966
protein_0207,protein_0225,0.14728682170542637
protein_0207,protein_0227,0.1282051282051282
protein_0207,protein_0228,0.12295081967213115
protein_0207,protein_0229,0.11627906976744186
protein_0207,protein_0231,0.11851851851851852
protein_0207,protein_0232,0.13559322033898305
protein_0207,protein_0233,0.14388489208633093
protein_0207,protein_0234,0.16666666666666666
protein_0207,protein_0235,0.13333333333333333
protein_0207,protein_0237,0.14960629921259844
protein_0207,protein_0238,0.17123287671232876
protein_0207,protein_0239,0.11965811965811966
protein_0207,protein_0240,0.11965811965811966
protein_0207,protein_0241,0.12396694214876033
protein_0207,protein_0242,0.13445378151260504
protein_0207,protein_0243,0.15217391304347827
protein_0207,protein_0244,0.12195121951219512
protein_0207,protein_0245,0.15384615384615385
protein_0207,protein_0246,0.152
protein_0207,protein_0247,0.1678832116788321
protein_0207,protein_0248,0.14960629921259844
protein_0207,protein_0249,0.15671641791044777
protein_0207,protein_0250,0.13445378151260504
protein_0207,protein_0251,0.16101694915254236
protein_0207,protein_0252,0.1282051282051282
protein_0207,protein_0253,0.15492957746478872
protein_0207,protein_0254,0.09243697478991597
protein_0207,protein_0255,0.12790697674418605
protein_0207,protein_0257,0.3305084745762712
protein_0207,protein_0258,0.10218978102189781
protein_0207,protein_0259,0.15126050420168066
protein_0207,protein_0261,0.13970588235294118
protein_0207,protein_0262,0.13013698630136986
protein_0207,protein_0263,0.125
protein_0207,protein_0264,0.15748031496062992
protein_0207,protein_0265,0.15748031496062992
protein_0207,protein_0266,0.13636363636363635
protein_0207,protein_0268,0.12403100775193798
protein_0207,protein_0269,0.36666666666666664
protein_0207,protein_0270,0.09836065573770492
protein_0207,protein_0271,0.13675213675213677
protein_0207,protein_0272,0.13432835820895522
protein_0207,protein_0273,0.13924050632911392
protein_0207,protein_0274,0.13445378151260504
protein_0207,protein_0275,0.15873015873015872
protein_0207,protein_0276,0.128
protein_0207,protein_0277,0.17094017094017094
protein_0207,protein_0278,0.11904761904761904
protein_0207,protein_0280,0.1557377049180328
protein_0207,protein_0281,0.11194029850746269
protein_0207,protein_0282,0.11864406779661017
protein_0207,protein_0283,0.10619469026548672
protein_0207,protein_0284,0.15702479338842976
protein_0207,protein_0285,0.1452991452991453
protein_0207,protein_0286,0.14754098360655737
protein_0207,protein_0287,0.1791044776119403
protein_0207,protein_0289,0.13559322033898305
protein_0207,protein_0290,0.15873015873015872
protein_0207,protein_0291,0.15827338129496402
protein_0207,protein_0292,0.1282051282051282
protein_0207,protein_0293,0.16541353383458646
protein_0207,protein_0294,0.15827338129496402
protein_0207,protein_0295,0.13675213675213677
protein_0207,protein_0296,0.33076923076923076
protein_0207,protein_0297,0.15833333333333333
protein_0207,protein_0298,0.1452991452991453
protein_0207,protein_0299,0.15384615384615385
protein_0207,protein_0301,0.14166666666666666
protein_0207,protein_0302,0.1152073732718894
protein_0207,protein_0303,0.16666666666666666
protein_0207,protein_0304,0.11864406779661017
protein_0207,protein_0305,0.1450381679389313
protein_0207,protein_0306,0.48333333333333334
protein_0207,protein_0307,0.4462809917355372
protein_0207,protein_0308,0.2558139534883721
protein_0207,protein_0309,0.12396694214876033
protein_0207,protein_0310,0.1532258064516129
protein_0207,protein_0311,0.1937984496124031
protein_0207,protein_0313,0.15702479338842976
protein_0207,protein_0314,0.11627906976744186
protein_0207,protein_0315,0.6666666666666666
protein_0207,protein_0316,0.11965811965811966
protein_0207,protein_0317,0.11764705882352941
protein_0207,protein_0318,0.13432835820895522
protein_0207,protein_0319,0.13675213675213677
protein_0207,protein_0320,0.13533834586466165
protein_0207,protein_0321,0.1452991452991453
protein_0207,protein_0322,0.1796875
protein_0207,protein_0324,0.10256410256410256
protein_0207,protein_0325,0.14285714285714285
protein_0207,protein_0326,0.1271186440677966
protein_0207,protein_0327,0.14173228346456693
protein_0207,protein_0328,0.16666666666666666
protein_0207,protein_0329,0.16666666666666666
protein_0207,protein_0330,0.128
protein_0207,protein_0331,0.13675213675213677
protein_0207,protein_0332,0.171875
protein_0207,protein_0333,0.16030534351145037
protein_0207,protein_0334,0.13675213675213677
protein_0207,protein_0335,0.1694915254237288
protein_0207,protein_0336,0.175
protein_0207,protein_0337,0.17037037037037037
protein_0207,protein_0338,0.17073170731707318
protein_0207,protein_0339,0.14166666666666666
protein_0207,protein_0340,0.10084033613445378
protein_0207,protein_0342,0.14754098360655737
protein_0207,protein_0343,0.12605042016806722
protein_0207,protein_0344,0.14285714285714285
protein_0207,protein_0345,0.16129032258064516
protein_0207,protein_0347,0.14754098360655737
protein_0207,protein_0348,0.32231404958677684
protein_0207,protein_0349,0.12903225806451613
protein_0207,protein_0350,0.13445378151260504
protein_0207,protein_0351,0.11278195488721804
protein_0207,protein_0352,0.13675213675213677
protein_0207,protein_0353,0.14925373134328357
protein_0207,protein_0354,0.09090909090909091
protein_0207,protein_0355,0.17692307692307693
protein_0207,protein_0357,0.27049180327868855
protein_0207,protein_0359,0.36666666666666664
protein_0207,protein_0360,0.14173228346456693
protein_0207,protein_0361,0.6239316239316239
protein_0207,protein_0362,0.15625
protein_0207,protein_0363,0.15625
protein_0207,protein_0364,0.11864406779661017
protein_0207,protein_0365,0.11864406779661017
protein_0207,protein_0367,0.12295081967213115
protein_0207,protein_0368,0.07692307692307693
protein_0207,protein_0369,0.15126050420168066
protein_0207,protein_0371,0.11016949152542373
protein_0207,protein_0372,0.10550458715596331
protein_0207,protein_0373,0.128
protein_0207,protein_0374,0.4322033898305085
protein_0207,protein_0375,0.1171875
protein_0207,protein_0376,0.15267175572519084
protein_0207,protein_0377,0.13953488372093023
protein_0207,protein_0378,0.11627906976744186
protein_0207,protein_0379,0.176
protein_0207,protein_0380,0.176
protein_0207,protein_0381,0.176
protein_0207,protein_0382,0.17886178861788618
protein_0207,protein_0383,0.16393442622950818
protein_0207,protein_0384,0.16153846153846155
protein_0207,protein_0385,0.1796875
protein_0207,protein_0386,0.11666666666666667
protein_0207,protein_0387,0.4117647058823529
protein_0207,protein_0388,0.12096774193548387
protein_0207,protein_0389,0.1
protein_0207,protein_0390,0.15748031496062992
protein_0207,protein_0391,0.144
protein_0207,protein_0392,0.15942028985507245
protein_0207,protein_0393,0.15942028985507245
protein_0207,protein_0394,0.319672131147541
protein_0207,protein_0395,0.13934426229508196
protein_0207,protein_0396,0.25384615384615383
protein_0207,protein_0397,0.1450381679389313
protein_0207,protein_0398,0.16666666666666666
protein_0207,protein_0399,0.14754098360655737
protein_0213,protein_0000,0.40229885057471265
protein_0213,protein_0001,0.12222222222222222
protein_0213,protein_0002,0.21348314606741572
protein_0213,protein_0003,0.3448275862068966
protein_0213,protein_0005,0.11224489795918367
protein_0213,protein_0006,0.375
protein_0213,protein_0007,0.16304347826086957
protein_0213,protein_0009,0.25
protein_0213,protein_0010,0.3563218390804598
protein_0213,protein_0011,0.3563218390804598
protein_0213,protein_0012,0.42857142857142855
protein_0213,protein_0013,0.1978021978021978
protein_0213,protein_0015,0.19607843137254902
protein_0213,protein_0016,0.12121212121212122
protein_0213,protein_0017,0.17777777777777778
protein_0213,protein_0018,0.3793103448275862
protein_0213,protein_0019,0.18181818181818182
protein_0213,protein_0020,0.367816091954023
protein_0213,protein_0021,0.20430107526881722
protein_0213,protein_0022,0.15306122448979592
protein_0213,protein_0023,0.17525773195876287
protein_0213,protein_0024,0.16541353383458646
protein_0213,protein_0025,0.38636363636363635
protein_0213,protein_0026,0.12403100775193798
protein_0213,protein_0028,0.14018691588785046
protein_0213,protein_0029,0.1590909090909091
protein_0213,protein_0030,0.18181818181818182
protein_0213,protein_0031,0.2079207920792079
protein_0213,protein_0033,0.3563218390804598
protein_0213,protein_0034,0.39080459770114945
protein_0213,protein_0035,0.14
protein_0213,protein_0036,0.19318181818181818
protein_0213,protein_0037,0.26436781609195403
protein_0213,protein_0038,0.26436781609195403
protein_0213,protein_0039,0.22988505747126436
protein_0213,protein_0041,0.3793103448275862
protein_0213,protein_0042,0.21839080459770116
protein_0213,protein_0043,0.27586206896551724
protein_0213,protein_0044,0.2988505747126437
protein_0213,protein_0045,0.41379310344827586
protein_0213,protein_0046,0.18181818181818182
protein_0213,protein_0048,0.3333333333333333
protein_0213,protein_0049,0.3448275862068966
protein_0213,protein_0050,0.13
protein_0213,protein_0051,0.14942528735632185
protein_0213,protein_0052,0.367816091954023
protein_0213,protein_0053,0.41379310344827586
protein_0213,protein_0054,0.1623931623931624
protein_0213,protein_0055,0.1721311475409836
protein_0213,protein_0056,0.13333333333333333
protein_0213,protein_0057,0.18181818181818182
protein_0213,protein_0058,0.19101123595505617
protein_0213,protein_0059,0.25287356321839083
protein_0213,protein_0060,0.10810810810810811
protein_0213,protein_0063,0.12442396313364056
protein_0213,protein_0065,0.14563106796116504
protein_0213,protein_0066,0.14018691588785046
protein_0213,protein_0067,0.3595505617977528
protein_0213,protein_0068,0.26436781609195403
protein_0213,protein_0069,0.3218390804597701
protein_0213,protein_0070,0.30337078651685395
protein_0213,protein_0071,0.2413793103448276
protein_0213,protein_0072,0.13043478260869565
protein_0213,protein_0073,0.25287356321839083
protein_0213,protein_0074,0.15625
protein_0213,protein_0075,0.1836734693877551
protein_0213,protein_0076,0.1590909090909091
protein_0213,protein_0077,0.47126436781609193
protein_0213,protein_0078,0.16363636363636364
protein_0213,protein_0079,0.16363636363636364
protein_0213,protein_0080,0.47126436781609193
protein_0213,protein_0081,0.4482758620689655
protein_0213,protein_0082,0.14678899082568808
protein_0213,protein_0083,0.3448275862068966
protein_0213,protein_0084,0.2840909090909091
protein_0213,protein_0085,0.14678899082568808
protein_0213,protein_0086,0.1559633027522936
protein_0213,protein_0087,0.18181818181818182
protein_0213,protein_0088,0.39080459770114945
protein_0213,protein_0089,0.14634146341463414
protein_0213,protein_0090,0.1592920353982301
protein_0213,protein_0091,0.17355371900826447
protein_0213,protein_0092,0.17355371900826447
protein_0213,protein_0093,0.375
protein_0213,protein_0094,0.16666666666666666
protein_0213,protein_0095,0.1452991452991453
protein_0213,protein_0096,0.20388349514563106
protein_0213,protein_0097,0.3333333333333333
protein_0213,protein_0099,0.10679611650485436
protein_0213,protein_0101,0.25287356321839083
protein_0213,protein_0102,0.26666666666666666
protein_0213,protein_0103,0.27472527472527475
protein_0213,protein_0104,0.14173228346456693
protein_0213,protein_0105,0.12643678160919541
protein_0213,protein_0106,0.12389380530973451
protein_0213,protein_0107,0.4482758620689655
protein_0213,protein_0108,0.20689655172413793
protein_0213,protein_0109,0.17045454545454544
protein_0213,protein_0110,0.2988505747126437
protein_0213,protein_0111,0.2840909090909091
protein_0213,protein_0112,0.1792452830188679
protein_0213,protein_0113,0.3103448275862069
protein_0213,protein_0114,0.39080459770114945
protein_0213,protein_0115,0.2840909090909091
protein_0213,protein_0116,0.1694915254237288
protein_0213,protein_0117,0.1694915254237288
protein_0213,protein_0118,0.17777777777777778
protein_0213,protein_0119,0.1782178217821782
protein_0213,protein_0120,0.42528735632183906
protein_0213,protein_0121,0.42528735632183906
protein_0213,protein_0122,0.28735632183908044
protein_0213,protein_0123,0.16091954022988506
protein_0213,protein_0124,0.41379310344827586
protein_0213,protein_0125,0.15841584158415842
protein_0213,protein_0126,0.16161616161616163
protein_0213,protein_0127,0.42528735632183906
protein_0213,protein_0129,0.20689655172413793
protein_0213,protein_0130,0.176
protein_0213,protein_0131,0.1724137931034483
protein_0213,protein_0132,0.22727272727272727
protein_0213,protein_0133,0.22727272727272727
protein_0213,protein_0134,0.39080459770114945
protein_0213,protein_0136,0.1092436974789916
protein_0213,protein_0137,0.11290322580645161
protein_0213,protein_0139,0.17582417582417584
protein_0213,protein_0140,0.39080459770114945
protein_0213,protein_0141,0.28735632183908044
protein_0213,protein_0142,0.39080459770114945
protein_0213,protein_0143,0.40229885057471265
protein_0213,protein_0144,0.39080459770114945
protein_0213,protein_0145,0.1590909090909091
protein_0213,protein_0146,0.1724137931034483
protein_0213,protein_0147,0.7586206896551724
protein_0213,protein_0148,0.40229885057471265
protein_0213,protein_0149,0.1839080459770115
protein_0213,protein_0150,0.3655913978494624
protein_0213,protein_0151,0.25842696629213485
protein_0213,protein_0152,0.17777777777777778
protein_0213,protein_0153,0.19101123595505617
protein_0213,protein_0154,0.19
protein_0213,protein_0155,0.15966386554621848
protein_0213,protein_0157,0.16483516483516483
protein_0213,protein_0158,0.16129032258064516
protein_0213,protein_0159,0.40229885057471265
protein_0213,protein_0160,0.39080459770114945
protein_0213,protein_0161,0.17692307692307693
protein_0213,protein_0163,0.1111111111111111
protein_0213,protein_0164,0.3707865168539326
protein_0213,protein_0165,0.14942528735632185
protein_0213,protein_0166,0.3595505617977528
protein_0213,protein_0167,0.1623931623931624
protein_0213,protein_0168,0.17857142857142858
protein_0213,protein_0169,0.12931034482758622
protein_0213,protein_0170,0.3563218390804598
protein_0213,protein_0172,0.15126050420168066
protein_0213,protein_0173,0.40229885057471265
protein_0213,protein_0174,0.40229885057471265
protein_0213,protein_0175,0.39080459770114945
protein_0213,protein_0176,0.1595744680851064
protein_0213,protein_0177,0.16091954022988506
protein_0213,protein_0178,0.15702479338842976
protein_0213,protein_0179,0.13274336283185842
protein_0213,protein_0180,0.27586206896551724
protein_0213,protein_0181,0.3563218390804598
protein_0213,protein_0182,0.3333333333333333
protein_0213,protein_0183,0.13592233009708737
protein_0213,protein_0184,0.3333333333333333
protein_0213,protein_0185,0.19387755102040816
protein_0213,protein_0186,0.1414141414141414
protein_0213,protein_0187,0.40229885057471265
protein_0213,protein_0188,0.1724137931034483
protein_0213,protein_0189,0.40229885057471265
protein_0213,protein_0190,0.367816091954023
protein_0213,protein_0191,0.39080459770114945
protein_0213,protein_0192,0.3333333333333333
protein_0213,protein_0193,0.42045454545454547
protein_0213,protein_0194,0.26436781609195403
protein_0213,protein_0195,0.39080459770114945
protein_0213,protein_0196,0.39080459770114945
protein_0213,protein_0197,0.41379310344827586
protein_0213,protein_0198,0.3563218390804598
protein_0213,protein_0199,0.25555555555555554
protein_0213,protein_0201,0.16806722689075632
protein_0213,protein_0202,0.3563218390804598
protein_0213,protein_0203,0.11764705882352941
protein_0213,protein_0204,0.1724137931034483
protein_0213,protein_0205,0.13270142180094788
protein_0213,protein_0206,0.42857142857142855
protein_0213,protein_0208,0.16129032258064516
protein_0213,protein_0209,0.28735632183908044
protein_0213,protein_0210,0.3793103448275862
protein_0213,protein_0211,0.18803418803418803
protein_0213,protein_0212,0.1724137931034483
protein_0213,protein_0214,0.14130434782608695
protein_0213,protein_0217,0.20224719101123595
protein_0213,protein_0218,0.128
protein_0213,protein_0219,0.17829457364341086
protein_0213,protein_0220,0.33707865168539325
protein_0213,protein_0221,0.12643678160919541
protein_0213,protein_0222,0.3563218390804598
protein_0213,protein_0223,0.11363636363636363
protein_0213,protein_0224,0.12643678160919541
protein_0213,protein_0225,0.1368421052631579
protein_0213,protein_0227,0.10227272727272728
protein_0213,protein_0228,0.26595744680851063
protein_0213,protein_0229,0.17582417582417584
protein_0213,protein_0231,0.47126436781609193
protein_0213,protein_0232,0.16304347826086957
protein_0213,protein_0233,0.12403100775193798
protein_0213,protein_0234,0.21782178217821782
protein_0213,protein_0235,0.17346938775510204
protein_0213,protein_0237,0.3103448275862069
protein_0213,protein_0238,0.15267175572519084
protein_0213,protein_0239,0.367816091954023
protein_0213,protein_0240,0.3793103448275862
protein_0213,protein_0241,0.3793103448275862
protein_0213,protein_0242,0.11494252873563218
protein_0213,protein_0243,0.41379310344827586
protein_0213,protein_0244,0.18556701030927836
protein_0213,protein_0245,0.15441176470588236
protein_0213,protein_0246,0.13541666666666666
protein_0213,protein_0247,0.18085106382978725
protein_0213,protein_0248,0.41379310344827586
protein_0213,protein_0249,0.3333333333333333
protein_0213,protein_0250,0.15217391304347827
protein_0213,protein_0251,0.14893617021276595
protein_0213,protein_0252,0.15306122448979592
protein_0213,protein_0253,0.18584070796460178
protein_0213,protein_0254,0.14444444444444443
protein_0213,protein_0255,0.11235955056179775
protein_0213,protein_0257,0.11475409836065574
protein_0213,protein_0258,0.367816091954023
protein_0213,protein_0259,0.1724137931034483
protein_0213,protein_0261,0.19607843137254902
protein_0213,protein_0262,0.14685314685314685
protein_0213,protein_0263,0.14492753623188406
protein_0213,protein_0264,0.40229885057471265
protein_0213,protein_0265,0.40229885057471265
protein_0213,protein_0266,0.15463917525773196
protein_0213,protein_0268,0.17045454545454544
protein_0213,protein_0269,0.13934426229508196
protein_0213,protein_0270,0.1348314606741573
protein_0213,protein_0271,0.2
protein_0213,protein_0272,0.3563218390804598
protein_0213,protein_0273,0.3563218390804598
protein_0213,protein_0274,0.26666666666666666
protein_0213,protein_0275,0.15
protein_0213,protein_0276,0.4367816091954023
protein_0213,protein_0277,0.1839080459770115
protein_0213,protein_0278,0.25555555555555554
protein_0213,protein_0280,0.27586206896551724
protein_0213,protein_0281,0.13559322033898305
protein_0213,protein_0282,0.16091954022988506
protein_0213,protein_0283,0.10091743119266056
protein_0213,protein_0284,0.2988505747126437
protein_0213,protein_0285,0.3563218390804598
protein_0213,protein_0286,0.18556701030927836
protein_0213,protein_0287,0.24770642201834864
protein_0213,protein_0289,0.14736842105263157
protein_0213,protein_0290,0.1794871794871795
protein_0213,protein_0291,0.20909090909090908
protein_0213,protein_0292,0.1724137931034483
protein_0213,protein_0293,0.2777777777777778
protein_0213,protein_0294,0.20909090909090908
protein_0213,protein_0295,0.17045454545454544
protein_0213,protein_0296,0.14655172413793102
protein_0213,protein_0297,0.16853932584269662
protein_0213,protein_0298,0.18888888888888888
protein_0213,protein_0299,0.13
protein_0213,protein_0301,0.16842105263157894
protein_0213,protein_0302,0.14678899082568808
protein_0213,protein_0303,0.2413793103448276
protein_0213,protein_0304,0.15217391304347827
protein_0213,protein_0305,0.18811881188118812
protein_0213,protein_0306,0.1557377049180328
protein_0213,protein_0307,0.15748031496062992
protein_0213,protein_0308,0.21551724137931033
protein_0213,protein_0309,0.1941747572815534
protein_0213,protein_0310,0.1717171717171717
protein_0213,protein_0311,0.41379310344827586
protein_0213,protein_0313,0.22018348623853212
protein_0213,protein_0314,0.14545454545454545
protein_0213,protein_0315,0.19642857142857142
protein_0213,protein_0316,0.16091954022988506
protein_0213,protein_0317,0.15833333333333333
protein_0213,protein_0318,0.16806722689075632
protein_0213,protein_0319,0.40229885057471265
protein_0213,protein_0320,0.3448275862068966
protein_0213,protein_0321,0.2765957446808511
protein_0213,protein_0322,0.27586206896551724
protein_0213,protein_0324,0.16091954022988506
protein_0213,protein_0325,0.11382113821138211
protein_0213,protein_0326,0.2268041237113402
protein_0213,protein_0327,0.3218390804597701
protein_0213,protein_0328,0.13157894736842105
protein_0213,protein_0329,0.13157894736842105
protein_0213,protein_0330,0.3333333333333333
protein_0213,protein_0331,0.16304347826086957
protein_0213,protein_0332,0.22988505747126436
protein_0213,protein_0333,0.25287356321839083
protein_0213,protein_0334,0.17777777777777778
protein_0213,protein_0335,0.12173913043478261
protein_0213,protein_0336,0.21839080459770116
protein_0213,protein_0337,0.3103448275862069
protein_0213,protein_0338,0.2988505747126437
protein_0213,protein_0339,0.18181818181818182
protein_0213,protein_0340,0.16981132075471697
protein_0213,protein_0342,0.18681318681318682
protein_0213,protein_0343,0.125
protein_0213,protein_0344,0.42528735632183906
protein_0213,protein_0345,0.1590909090909091
protein_0213,protein_0347,0.17204301075268819
protein_0213,protein_0348,0.1111111111111111
protein_0213,protein_0349,0.17647058823529413
protein_0213,protein_0350,0.42528735632183906
protein_0213,protein_0351,0.367816091954023
protein_0213,protein_0352,0.16091954022988506
protein_0213,protein_0353,0.11666666666666667
protein_0213,protein_0354,0.2413793103448276
protein_0213,protein_0355,0.3218390804597701
protein_0213,protein_0357,0.17073170731707318
protein_0213,protein_0359,0.14728682170542637
protein_0213,protein_0360,0.37777777777777777
protein_0213,protein_0361,0.17037037037037037
protein_0213,protein_0362,0.20689655172413793
protein_0213,protein_0363,0.20689655172413793
protein_0213,protein_0364,0.20689655172413793
protein_0213,protein_0365,0.20689655172413793
protein_0213,protein_0367,0.15151515151515152
protein_0213,protein_0368,0.14285714285714285
protein_0213,protein_0369,0.1875
protein_0213,protein_0371,0.4090909090909091
protein_0213,protein_0372,0.0963302752293578
protein_0213,protein_0373,0.1559633027522936
protein_0213,protein_0374,0.125
protein_0213,protein_0375,0.41379310344827586
protein_0213,protein_0376,0.16161616161616163
protein_0213,protein_0377,0.3333333333333333
protein_0213,protein_0378,0.15178571428571427
protein_0213,protein_0379,0.19811320754716982
protein_0213,protein_0380,0.19811320754716982
protein_0213,protein_0381,0.19811320754716982
protein_0213,protein_0382,0.28735632183908044
protein_0213,protein_0383,0.16091954022988506
protein_0213,protein_0384,0.39080459770114945
protein_0213,protein_0385,0.18627450980392157
protein_0213,protein_0386,0.1415929203539823
protein_0213,protein_0387,0.16346153846153846
protein_0213,protein_0388,0.1724137931034483
protein_0213,protein_0389,0.11494252873563218
protein_0213,protein_0390,0.3563218390804598
protein_0213,protein_0391,0.2391304347826087
protein_0213,protein_0392,0.4
protein_0213,protein_0393,0.3804347826086957
protein_0213,protein_0394,0.15789473684210525
protein_0213,protein_0395,0.2553191489361702
protein_0213,protein_0396,0.17355371900826447
protein_0213,protein_0397,0.3218390804597701
protein_0213,protein_0398,0.16030534351145037
protein_0213,protein_0399,0.8045977011494253
protein_0215,protein_0000,0.11235955056179775
protein_0215,protein_0001,0.17647058823529413
protein_0215,protein_0002,0.1111111111111111
protein_0215,protein_0003,0.11494252873563218
protein_0215,protein_0005,0.06976744186046512
protein_0215,protein_0006,0.0898876404494382
protein_0215,protein_0007,0.1780821917808219
protein_0215,protein_0009,0.14942528735632185
protein_0215,protein_0010,0.12643678160919541
protein_0215,protein_0011,0.14893617021276595
protein_0215,protein_0012,0.12790697674418605
protein_0215,protein_0013,0.2222222222222222
protein_0215,protein_0015,0.18181818181818182
protein_0215,protein_0016,0.11
protein_0215,protein_0017,0.12307692307692308
protein_0215,protein_0018,0.18556701030927836
protein_0215,protein_0019,0.17391304347826086
protein_0215,protein_0020,0.12903225806451613
protein_0215,protein_0021,0.17073170731707318
protein_0215,protein_0022,0.17777777777777778
protein_0215,protein_0023,0.17777777777777778
protein_0215,protein_0024,0.11965811965811966
protein_0215,protein_0025,0.11702127659574468
protein_0215,protein_0026,0.15267175572519084
protein_0215,protein_0028,0.11428571428571428
protein_0215,protein_0029,0.18181818181818182
protein_0215,protein_0030,0.125
protein_0215,protein_0031,0.09
protein_0215,protein_0033,0.11494252873563218
protein_0215,protein_0034,0.16091954022988506
protein_0215,protein_0035,0.1523809523809524
protein_0215,protein_0036,0.2
protein_0215,protein_0037,0.19148936170212766
protein_0215,protein_0038,0.19148936170212766
protein_0215,protein_0039,0.14942528735632185
protein_0215,protein_0041,0.13829787234042554
protein_0215,protein_0042,0.14736842105263157
protein_0215,protein_0043,0.16326530612244897
protein_0215,protein_0044,0.15306122448979592
protein_0215,protein_0045,0.17525773195876287
protein_0215,protein_0046,0.1643835616438356
protein_0215,protein_0048,0.12371134020618557
protein_0215,protein_0049,0.1
protein_0215,protein_0050,0.16
protein_0215,protein_0051,0.20588235294117646
protein_0215,protein_0052,0.13793103448275862
protein_0215,protein_0053,0.1134020618556701
protein_0215,protein_0054,0.13385826771653545
protein_0215,protein_0055,0.1774193548387097
protein_0215,protein_0056,0.13
protein_0215,protein_0057,0.1780821917808219
protein_0215,protein_0058,0.2753623188405797
protein_0215,protein_0059,0.16326530612244897
protein_0215,protein_0060,0.1559633027522936
protein_0215,protein_0063,0.07981220657276995
protein_0215,protein_0065,0.13592233009708737
protein_0215,protein_0066,0.14
protein_0215,protein_0067,0.12359550561797752
protein_0215,protein_0068,0.1590909090909091
protein_0215,protein_0069,0.15384615384615385
protein_0215,protein_0070,0.18085106382978725
protein_0215,protein_0071,0.17582417582417584
protein_0215,protein_0072,0.16417910447761194
protein_0215,protein_0073,0.11494252873563218
protein_0215,protein_0074,0.1
protein_0215,protein_0075,0.14285714285714285
protein_0215,protein_0076,0.1643835616438356
protein_0215,protein_0077,0.10344827586206896
protein_0215,protein_0078,0.13861386138613863
protein_0215,protein_0079,0.13861386138613863
protein_0215,protein_0080,0.13043478260869565
protein_0215,protein_0081,0.18446601941747573
protein_0215,protein_0082,0.14705882352941177
protein_0215,protein_0083,0.13333333333333333
protein_0215,protein_0084,0.18604651162790697
protein_0215,protein_0085,0.14
protein_0215,protein_0086,0.1568627450980392
protein_0215,protein_0087,0.14492753623188406
protein_0215,protein_0088,0.13793103448275862
protein_0215,protein_0089,0.14285714285714285
protein_0215,protein_0090,0.14285714285714285
protein_0215,protein_0091,0.09734513274336283
protein_0215,protein_0092,0.09734513274336283
protein_0215,protein_0093,0.15555555555555556
protein_0215,protein_0094,0.11403508771929824
protein_0215,protein_0095,0.14285714285714285
protein_0215,protein_0096,0.08080808080808081
protein_0215,protein_0097,0.17894736842105263
protein_0215,protein_0099,0.13131313131313133
protein_0215,protein_0101,0.11494252873563218
protein_0215,protein_0102,0.13402061855670103
protein_0215,protein_0103,0.10227272727272728
protein_0215,protein_0104,0.09322033898305085
protein_0215,protein_0105,0.22535211267605634
protein_0215,protein_0106,0.13793103448275862
protein_0215,protein_0107,0.14432989690721648
protein_0215,protein_0108,0.12345679012345678
protein_0215,protein_0109,0.19696969696969696
protein_0215,protein_0110,0.08139534883720931
protein_0215,protein_0111,0.1797752808988764
protein_0215,protein_0112,0.14
protein_0215,protein_0113,0.1134020618556701
protein_0215,protein_0114,0.12903225806451613
protein_0215,protein_0115,0.12941176470588237
protein_0215,protein_0116,0.12280701754385964
protein_0215,protein_0117,0.12280701754385964
protein_0215,protein_0118,0.22727272727272727
protein_0215,protein_0119,0.15
protein_0215,protein_0120,0.1111111111111111
protein_0215,protein_0121,0.1111111111111111
protein_0215,protein_0122,0.15463917525773196
protein_0215,protein_0123,0.1388888888888889
protein_0215,protein_0124,0.13333333333333333
protein_0215,protein_0125,0.09090909090909091
protein_0215,protein_0126,0.1188118811881188
protein_0215,protein_0127,0.1485148514851485
protein_0215,protein_0129,0.17045454545454544
protein_0215,protein_0130,0.1592920353982301
protein_0215,protein_0131,0.17567567567567569
protein_0215,protein_0132,0.12264150943396226
protein_0215,protein_0133,0.12264150943396226
protein_0215,protein_0134,0.1511627906976744
protein_0215,protein_0136,0.12931034482758622
protein_0215,protein_0137,0.1282051282051282
protein_0215,protein_0139,0.15942028985507245
protein_0215,protein_0140,0.12643678160919541
protein_0215,protein_0141,0.14130434782608695
protein_0215,protein_0142,0.12903225806451613
protein_0215,protein_0143,0.1836734693877551
protein_0215,protein_0144,0.16494845360824742
protein_0215,protein_0145,0.16666666666666666
protein_0215,protein_0146,0.1518987341772152
protein_0215,protein_0147,0.16091954022988506
protein_0215,protein_0148,0.10112359550561797
protein_0215,protein_0149,0.20833333333333334
protein_0215,protein_0150,0.12359550561797752
protein_0215,protein_0151,0.12359550561797752
protein_0215,protein_0152,0.18181818181818182
protein_0215,protein_0153,0.11538461538461539
protein_0215,protein_0154,0.1518987341772152
protein_0215,protein_0155,0.1532258064516129
protein_0215,protein_0157,0.09523809523809523
protein_0215,protein_0158,0.15151515151515152
protein_0215,protein_0159,0.14942528735632185
protein_0215,protein_0160,0.11627906976744186
protein_0215,protein_0161,0.09401709401709402
protein_0215,protein_0163,0.15
protein_0215,protein_0164,0.12871287128712872
protein_0215,protein_0165,0.19444444444444445
protein_0215,protein_0166,0.1326530612244898
protein_0215,protein_0167,0.11403508771929824
protein_0215,protein_0168,0.12280701754385964
protein_0215,protein_0169,0.1016949152542373
protein_0215,protein_0170,0.13829787234042554
protein_0215,protein_0172,0.1111111111111111
protein_0215,protein_0173,0.12
protein_0215,protein_0174,0.11494252873563218
protein_0215,protein_0175,0.12643678160919541
protein_0215,protein_0176,0.21794871794871795
protein_0215,protein_0177,0.22388059701492538
protein_0215,protein_0178,0.1206896551724138
protein_0215,protein_0179,0.11403508771929824
protein_0215,protein_0180,0.13333333333333333
protein_0215,protein_0181,0.12222222222222222
protein_0215,protein_0182,0.12643678160919541
protein_0215,protein_0183,0.16
protein_0215,protein_0184,0.11363636363636363
protein_0215,protein_0185,0.1348314606741573
protein_0215,protein_0186,0.17
protein_0215,protein_0187,0.12643678160919541
protein_0215,protein_0188,0.18292682926829268
protein_0215,protein_0189,0.17525773195876287
protein_0215,protein_0190,0.1595744680851064
protein_0215,protein_0191,0.11494252873563218
protein_0215,protein_0192,0.11363636363636363
protein_0215,protein_0193,0.16091954022988506
protein_0215,protein_0194,0.13829787234042554
protein_0215,protein_0195,0.13402061855670103
protein_0215,protein_0196,0.15053763440860216
protein_0215,protein_0197,0.14130434782608695
protein_0215,protein_0198,0.14444444444444443
protein_0215,protein_0199,0.12222222222222222
protein_0215,protein_0201,0.16037735849056603
protein_0215,protein_0202,0.1348314606741573
protein_0215,protein_0203,0.13675213675213677
protein_0215,protein_0204,0.16666666666666666
protein_0215,protein_0205,0.07511737089201878
protein_0215,protein_0206,0.13793103448275862
protein_0215,protein_0208,0.12745098039215685
protein_0215,protein_0209,0.16326530612244897
protein_0215,protein_0210,0.15384615384615385
protein_0215,protein_0211,0.13
protein_0215,protein_0212,0.2054794520547945
protein_0215,protein_0214,0.3088235294117647
protein_0215,protein_0217,0.13253012048192772
protein_0215,protein_0218,0.13178294573643412
protein_0215,protein_0219,0.16806722689075632
protein_0215,protein_0220,0.14432989690721648
protein_0215,protein_0221,0.2463768115942029
protein_0215,protein_0222,0.12371134020618557
protein_0215,protein_0223,0.2318840579710145
protein_0215,protein_0224,0.2028985507246377
protein_0215,protein_0225,0.1276595744680851
protein_0215,protein_0227,0.1917808219178082
protein_0215,protein_0228,0.17857142857142858
protein_0215,protein_0229,0.13636363636363635
protein_0215,protein_0231,0.13186813186813187
protein_0215,protein_0232,0.18181818181818182
protein_0215,protein_0233,0.1796875
protein_0215,protein_0234,0.14
protein_0215,protein_0235,0.14736842105263157
protein_0215,protein_0237,0.16494845360824742
protein_0215,protein_0238,0.12030075187969924
protein_0215,protein_0239,0.11494252873563218
protein_0215,protein_0240,0.10344827586206896
protein_0215,protein_0241,0.09782608695652174
protein_0215,protein_0242,0.14925373134328357
protein_0215,protein_0243,0.11494252873563218
protein_0215,protein_0244,0.17857142857142858
protein_0215,protein_0245,0.10526315789473684
protein_0215,protein_0246,0.11956521739130435
protein_0215,protein_0247,0.23684210526315788
protein_0215,protein_0248,0.10344827586206896
protein_0215,protein_0249,0.16494845360824742
protein_0215,protein_0250,0.17708333333333334
protein_0215,protein_0251,0.1797752808988764
protein_0215,protein_0252,0.11764705882352941
protein_0215,protein_0253,0.12280701754385964
protein_0215,protein_0254,0.15789473684210525
protein_0215,protein_0255,0.08771929824561403
protein_0215,protein_0257,0.16037735849056603
protein_0215,protein_0258,0.15730337078651685
protein_0215,protein_0259,0.14084507042253522
protein_0215,protein_0261,0.11
protein_0215,protein_0262,0.11851851851851852
protein_0215,protein_0263,0.12408759124087591
protein_0215,protein_0264,0.13186813186813187
protein_0215,protein_0265,0.13186813186813187
protein_0215,protein_0266,0.11764705882352941
protein_0215,protein_0268,0.14772727272727273
protein_0215,protein_0269,0.15254237288135594
protein_0215,protein_0270,0.2222222222222222
protein_0215,protein_0271,0.1527777777777778
protein_0215,protein_0272,0.13793103448275862
protein_0215,protein_0273,0.1797752808988764
protein_0215,protein_0274,0.14606741573033707
protein_0215,protein_0275,0.11
protein_0215,protein_0276,0.13402061855670103
protein_0215,protein_0277,0.19402985074626866
protein_0215,protein_0278,0.16304347826086957
protein_0215,protein_0280,0.1411764705882353
protein_0215,protein_0281,0.1623931623931624
protein_0215,protein_0282,0.2608695652173913
protein_0215,protein_0283,0.0963302752293578
protein_0215,protein_0284,0.15217391304347827
protein_0215,protein_0285,0.1827956989247312
protein_0215,protein_0286,0.18181818181818182
protein_0215,protein_0287,0.14912280701754385
protein_0215,protein_0289,0.14084507042253522
protein_0215,protein_0290,0.10784313725490197
protein_0215,protein_0291,0.16853932584269662
protein_0215,protein_0292,0.16666666666666666
protein_0215,protein_0293,0.06818181818181818
protein_0215,protein_0294,0.1797752808988764
protein_0215,protein_0295,0.16666666666666666
protein_0215,protein_0296,0.09090909090909091
protein_0215,protein_0297,0.1780821917808219
protein_0215,protein_0298,0.15151515151515152
protein_0215,protein_0299,0.15463917525773196
protein_0215,protein_0301,0.17045454545454544
protein_0215,protein_0302,0.07373271889400922
protein_0215,protein_0303,0.12195121951219512
protein_0215,protein_0304,0.16901408450704225
protein_0215,protein_0305,0.17647058823529413
protein_0215,protein_0306,0.1774193548387097
protein_0215,protein_0307,0.17796610169491525
protein_0215,protein_0308,0.1487603305785124
protein_0215,protein_0309,0.09523809523809523
protein_0215,protein_0310,0.13
protein_0215,protein_0311,0.07777777777777778
protein_0215,protein_0313,0.17647058823529413
protein_0215,protein_0314,0.13513513513513514
protein_0215,protein_0315,0.13392857142857142
protein_0215,protein_0316,0.15151515151515152
protein_0215,protein_0317,0.12871287128712872
protein_0215,protein_0318,0.12173913043478261
protein_0215,protein_0319,0.13793103448275862
protein_0215,protein_0320,0.16494845360824742
protein_0215,protein_0321,0.10204081632653061
protein_0215,protein_0322,0.12941176470588237
protein_0215,protein_0324,0.2631578947368421
protein_0215,protein_0325,0.10909090909090909
protein_0215,protein_0326,0.1839080459770115
protein_0215,protein_0327,0.14432989690721648
protein_0215,protein_0328,0.1574074074074074
protein_0215,protein_0329,0.1574074074074074
protein_0215,protein_0330,0.15306122448979592
protein_0215,protein_0331,0.19696969696969696
protein_0215,protein_0332,0.13592233009708737
protein_0215,protein_0333,0.1650485436893204
protein_0215,protein_0334,0.08888888888888889
protein_0215,protein_0335,0.1414141414141414
protein_0215,protein_0336,0.17647058823529413
protein_0215,protein_0337,0.1111111111111111
protein_0215,protein_0338,0.16091954022988506
protein_0215,protein_0339,0.19117647058823528
protein_0215,protein_0340,0.12
protein_0215,protein_0342,0.2676056338028169
protein_0215,protein_0343,0.14084507042253522
protein_0215,protein_0344,0.11494252873563218
protein_0215,protein_0345,0.18840579710144928
protein_0215,protein_0347,0.17391304347826086
protein_0215,protein_0348,0.1391304347826087
protein_0215,protein_0349,0.17647058823529413
protein_0215,protein_0350,0.11494252873563218
protein_0215,protein_0351,0.14942528735632185
protein_0215,protein_0352,0.208955223880597
protein_0215,protein_0353,0.14782608695652175
protein_0215,protein_0354,0.14772727272727273
protein_0215,protein_0355,0.1271186440677966
protein_0215,protein_0357,0.10833333333333334
protein_0215,protein_0359,0.15126050420168066
protein_0215,protein_0360,0.14130434782608695
protein_0215,protein_0361,0.1111111111111111
protein_0215,protein_0362,0.17777777777777778
protein_0215,protein_0363,0.17777777777777778
protein_0215,protein_0364,0.13043478260869565
protein_0215,protein_0365,0.09411764705882353
protein_0215,protein_0367,0.0707070707070707
protein_0215,protein_0368,0.1724137931034483
protein_0215,protein_0369,0.2
protein_0215,protein_0371,0.19318181818181818
protein_0215,protein_0372,0.0779816513761468
protein_0215,protein_0373,0.12264150943396226
protein_0215,protein_0374,0.13559322033898305
protein_0215,protein_0375,0.12643678160919541
protein_0215,protein_0376,0.06
protein_0215,protein_0377,0.11494252873563218
protein_0215,protein_0378,0.15315315315315314
protein_0215,protein_0379,0.1791044776119403
protein_0215,protein_0380,0.1791044776119403
protein_0215,protein_0381,0.1791044776119403
protein_0215,protein_0382,0.1650485436893204
protein_0215,protein_0383,0.18840579710144928
protein_0215,protein_0384,0.13978494623655913
protein_0215,protein_0385,0.17
protein_0215,protein_0386,0.1414141414141414
protein_0215,protein_0387,0.13861386138613863
protein_0215,protein_0388,0.15151515151515152
protein_0215,protein_0389,0.2676056338028169
protein_0215,protein_0390,0.14444444444444443
protein_0215,protein_0391,0.1956521739130435
protein_0215,protein_0392,0.09195402298850575
protein_0215,protein_0393,0.12643678160919541
protein_0215,protein_0394,0.16666666666666666
protein_0215,protein_0395,0.10989010989010989
protein_0215,protein_0396,0.13157894736842105
protein_0215,protein_0397,0.12903225806451613
protein_0215,protein_0398,0.10619469026548672
protein_0215,protein_0399,0.1724137931034483
protein_0216,protein_0000,0.1391304347826087
protein_0216,protein_0001,0.1368421052631579
protein_0216,protein_0002,0.15315315315315314
protein_0216,protein_0003,0.14583333333333334
protein_0216,protein_0005,0.12244897959183673
protein_0216,protein_0006,0.125
protein_0216,protein_0007,0.15463917525773196
protein_0216,protein_0009,0.16842105263157894
protein_0216,protein_0010,0.15517241379310345
protein_0216,protein_0011,0.16037735849056603
protein_0216,protein_0012,0.18
protein_0216,protein_0013,0.1414141414141414
protein_0216,protein_0015,0.125
protein_0216,protein_0016,0.14166666666666666
protein_0216,protein_0017,0.11538461538461539
protein_0216,protein_0018,0.1523809523809524
protein_0216,protein_0019,0.2
protein_0216,protein_0020,0.15
protein_0216,protein_0021,0.14583333333333334
protein_0216,protein_0022,0.1262135922330097
protein_0216,protein_0023,0.10784313725490197
protein_0216,protein_0024,0.13559322033898305
protein_0216,protein_0025,0.1619047619047619
protein_0216,protein_0026,0.12403100775193798
protein_0216,protein_0028,0.136
protein_0216,protein_0029,0.21
protein_0216,protein_0030,0.15079365079365079
protein_0216,protein_0031,0.13709677419354838
protein_0216,protein_0033,0.1485148514851485
protein_0216,protein_0034,0.16981132075471697
protein_0216,protein_0035,0.14285714285714285
protein_0216,protein_0036,0.18947368421052632
protein_0216,protein_0037,0.13636363636363635
protein_0216,protein_0038,0.13636363636363635
protein_0216,protein_0039,0.22
protein_0216,protein_0041,0.13861386138613863
protein_0216,protein_0042,0.1568627450980392
protein_0216,protein_0043,0.10714285714285714
protein_0216,protein_0044,0.12745098039215685
protein_0216,protein_0045,0.13725490196078433
protein_0216,protein_0046,0.16666666666666666
protein_0216,protein_0048,0.15789473684210525
protein_0216,protein_0049,0.09090909090909091
protein_0216,protein_0050,0.12605042016806722
protein_0216,protein_0051,0.1875
protein_0216,protein_0052,0.1553398058252427
protein_0216,protein_0053,0.12612612612612611
protein_0216,protein_0054,0.11570247933884298
protein_0216,protein_0055,0.12
protein_0216,protein_0056,0.1320754716981132
protein_0216,protein_0057,0.17525773195876287
protein_0216,protein_0058,0.18446601941747573
protein_0216,protein_0059,0.11224489795918367
protein_0216,protein_0060,0.12844036697247707
protein_0216,protein_0063,0.11267605633802817
protein_0216,protein_0065,0.1619047619047619
protein_0216,protein_0066,0.49
protein_0216,protein_0067,0.15789473684210525
protein_0216,protein_0068,0.21052631578947367
protein_0216,protein_0069,0.18811881188118812
protein_0216,protein_0070,0.13541666666666666
protein_0216,protein_0071,0.16326530612244897
protein_0216,protein_0072,0.16494845360824742
protein_0216,protein_0073,0.1650485436893204
protein_0216,protein_0074,0.14
protein_0216,protein_0075,0.14912280701754385
protein_0216,protein_0076,0.12631578947368421
protein_0216,protein_0077,0.1717171717171717
protein_0216,protein_0078,0.168141592920354
protein_0216,protein_0079,0.168141592920354
protein_0216,protein_0080,0.16161616161616163
protein_0216,protein_0081,0.15151515151515152
protein_0216,protein_0082,0.44
protein_0216,protein_0083,0.1414141414141414
protein_0216,protein_0084,0.1651376146788991
protein_0216,protein_0085,0.45
protein_0216,protein_0086,0.46
protein_0216,protein_0087,0.14432989690721648
protein_0216,protein_0088,0.13131313131313133
protein_0216,protein_0089,0.13043478260869565
protein_0216,protein_0090,0.14634146341463414
protein_0216,protein_0091,0.16101694915254236
protein_0216,protein_0092,0.16101694915254236
protein_0216,protein_0093,0.14912280701754385
protein_0216,protein_0094,0.09401709401709402
protein_0216,protein_0095,0.1206896551724138
protein_0216,protein_0096,0.15315315315315314
protein_0216,protein_0097,0.13131313131313133
protein_0216,protein_0099,0.17699115044247787
protein_0216,protein_0101,0.1650485436893204
protein_0216,protein_0102,0.10204081632653061
protein_0216,protein_0103,0.14583333333333334
protein_0216,protein_0104,0.13740458015267176
protein_0216,protein_0105,0.1368421052631579
protein_0216,protein_0106,0.15
protein_0216,protein_0107,0.12121212121212122
protein_0216,protein_0108,0.12264150943396226
protein_0216,protein_0109,0.16831683168316833
protein_0216,protein_0110,0.10784313725490197
protein_0216,protein_0111,0.15625
protein_0216,protein_0112,0.45
protein_0216,protein_0113,0.14035087719298245
protein_0216,protein_0114,0.1485148514851485
protein_0216,protein_0115,0.1326530612244898
protein_0216,protein_0116,0.14634146341463414
protein_0216,protein_0117,0.14634146341463414
protein_0216,protein_0118,0.1958762886597938
protein_0216,protein_0119,0.5
protein_0216,protein_0120,0.16981132075471697
protein_0216,protein_0121,0.16981132075471697
protein_0216,protein_0122,0.1559633027522936
protein_0216,protein_0123,0.1368421052631579
protein_0216,protein_0124,0.1509433962264151
protein_0216,protein_0125,0.14018691588785046
protein_0216,protein_0126,0.1
protein_0216,protein_0127,0.15789473684210525
protein_0216,protein_0129,0.17346938775510204
protein_0216,protein_0130,0.11304347826086956
protein_0216,protein_0131,0.15789473684210525
protein_0216,protein_0132,0.14678899082568808
protein_0216,protein_0133,0.14678899082568808
protein_0216,protein_0134,0.13157894736842105
protein_0216,protein_0136,0.1
protein_0216,protein_0137,0.10655737704918032
protein_0216,protein_0139,0.16326530612244897
protein_0216,protein_0140,0.14678899082568808
protein_0216,protein_0141,0.14678899082568808
protein_0216,protein_0142,0.1262135922330097
protein_0216,protein_0143,0.12745098039215685
protein_0216,protein_0144,0.1650485436893204
protein_0216,protein_0145,0.2
protein_0216,protein_0146,0.12631578947368421
protein_0216,protein_0147,0.15178571428571427
protein_0216,protein_0148,0.1565217391304348
protein_0216,protein_0149,0.18947368421052632
protein_0216,protein_0150,0.12631578947368421
protein_0216,protein_0151,0.13043478260869565
protein_0216,protein_0152,0.19387755102040816
protein_0216,protein_0153,0.1919191919191919
protein_0216,protein_0154,0.16494845360824742
protein_0216,protein_0155,0.15447154471544716
protein_0216,protein_0157,0.1326530612244898
protein_0216,protein_0158,0.17525773195876287
protein_0216,protein_0159,0.15151515151515152
protein_0216,protein_0160,0.12380952380952381
protein_0216,protein_0161,0.13076923076923078
protein_0216,protein_0163,0.44
protein_0216,protein_0164,0.19230769230769232
protein_0216,protein_0165,0.15789473684210525
protein_0216,protein_0166,0.20192307692307693
protein_0216,protein_0167,0.16101694915254236
protein_0216,protein_0168,0.15833333333333333
protein_0216,protein_0169,0.14634146341463414
protein_0216,protein_0170,0.15841584158415842
protein_0216,protein_0172,0.13636363636363635
protein_0216,protein_0173,0.1188118811881188
protein_0216,protein_0174,0.16831683168316833
protein_0216,protein_0175,0.12264150943396226
protein_0216,protein_0176,0.17
protein_0216,protein_0177,0.17894736842105263
protein_0216,protein_0178,0.17355371900826447
protein_0216,protein_0179,0.16806722689075632
protein_0216,protein_0180,0.14563106796116504
protein_0216,protein_0181,0.19298245614035087
protein_0216,protein_0182,0.1485148514851485
protein_0216,protein_0183,0.13392857142857142
protein_0216,protein_0184,0.12871287128712872
protein_0216,protein_0185,0.11214953271028037
protein_0216,protein_0186,0.125
protein_0216,protein_0187,0.1509433962264151
protein_0216,protein_0188,0.1782178217821782
protein_0216,protein_0189,0.1485148514851485
protein_0216,protein_0190,0.17346938775510204
protein_0216,protein_0191,0.13131313131313133
protein_0216,protein_0192,0.11650485436893204
protein_0216,protein_0193,0.14705882352941177
protein_0216,protein_0194,0.14736842105263157
protein_0216,protein_0195,0.1414141414141414
protein_0216,protein_0196,0.12244897959183673
protein_0216,protein_0197,0.16326530612244897
protein_0216,protein_0198,0.1414141414141414
protein_0216,protein_0199,0.16831683168316833
protein_0216,protein_0201,0.45
protein_0216,protein_0202,0.1485148514851485
protein_0216,protein_0203,0.152
protein_0216,protein_0204,0.18947368421052632
protein_0216,protein_0205,0.12558139534883722
protein_0216,protein_0206,0.18
protein_0216,protein_0208,0.12931034482758622
protein_0216,protein_0209,0.13725490196078433
protein_0216,protein_0210,0.1415929203539823
protein_0216,protein_0211,0.45
protein_0216,protein_0212,0.1308411214953271
protein_0216,protein_0214,0.16666666666666666
protein_0216,protein_0217,0.18269230769230768
protein_0216,protein_0218,0.16296296296296298
protein_0216,protein_0219,0.14960629921259844
protein_0216,protein_0220,0.15384615384615385
protein_0216,protein_0221,0.21052631578947367
protein_0216,protein_0222,0.12371134020618557
protein_0216,protein_0223,0.10526315789473684
protein_0216,protein_0224,0.16
protein_0216,protein_0225,0.12264150943396226
protein_0216,protein_0227,0.15384615384615385
protein_0216,protein_0228,0.16
protein_0216,protein_0229,0.08333333333333333
protein_0216,protein_0231,0.16842105263157894
protein_0216,protein_0232,0.21052631578947367
protein_0216,protein_0233,0.15625
protein_0216,protein_0234,0.1320754716981132
protein_0216,protein_0235,0.15151515151515152
protein_0216,protein_0237,0.20192307692307693
protein_0216,protein_0238,0.12781954887218044
protein_0216,protein_0239,0.12173913043478261
protein_0216,protein_0240,0.16831683168316833
protein_0216,protein_0241,0.14678899082568808
protein_0216,protein_0242,0.14736842105263157
protein_0216,protein_0243,0.1782178217821782
protein_0216,protein_0244,0.15789473684210525
protein_0216,protein_0245,0.19469026548672566
protein_0216,protein_0246,0.16981132075471697
protein_0216,protein_0247,0.18421052631578946
protein_0216,protein_0248,0.16
protein_0216,protein_0249,0.15178571428571427
protein_0216,protein_0250,0.18947368421052632
protein_0216,protein_0251,0.16981132075471697
protein_0216,protein_0252,0.11764705882352941
protein_0216,protein_0253,0.14035087719298245
protein_0216,protein_0254,0.1414141414141414
protein_0216,protein_0255,0.12209302325581395
protein_0216,protein_0257,0.13761467889908258
protein_0216,protein_0258,0.16161616161616163
protein_0216,protein_0259,0.16842105263157894
protein_0216,protein_0261,0.16071428571428573
protein_0216,protein_0262,0.11971830985915492
protein_0216,protein_0263,0.10714285714285714
protein_0216,protein_0264,0.1523809523809524
protein_0216,protein_0265,0.1523809523809524
protein_0216,protein_0266,0.13725490196078433
protein_0216,protein_0268,0.10309278350515463
protein_0216,protein_0269,0.11764705882352941
protein_0216,protein_0270,0.20408163265306123
protein_0216,protein_0271,0.14736842105263157
protein_0216,protein_0272,0.18181818181818182
protein_0216,protein_0273,0.19230769230769232
protein_0216,protein_0274,0.16981132075471697
protein_0216,protein_0275,0.12389380530973451
protein_0216,protein_0276,0.17647058823529413
protein_0216,protein_0277,0.16842105263157894
protein_0216,protein_0278,0.11578947368421053
protein_0216,protein_0280,0.13541666666666666
protein_0216,protein_0281,0.13740458015267176
protein_0216,protein_0282,0.16
protein_0216,protein_0283,0.1278538812785388
protein_0216,protein_0284,0.14678899082568808
protein_0216,protein_0285,0.1717171717171717
protein_0216,protein_0286,0.18181818181818182
protein_0216,protein_0287,0.10743801652892562
protein_0216,protein_0289,0.16666666666666666
protein_0216,protein_0290,0.36633663366336633
protein_0216,protein_0291,0.16326530612244897
protein_0216,protein_0292,0.2
protein_0216,protein_0293,0.12931034482758622
protein_0216,protein_0294,0.16326530612244897
protein_0216,protein_0295,0.21
protein_0216,protein_0296,0.1415929203539823
protein_0216,protein_0297,0.17525773195876287
protein_0216,protein_0298,0.14432989690721648
protein_0216,protein_0299,0.1368421052631579
protein_0216,protein_0301,0.15306122448979592
protein_0216,protein_0302,0.10714285714285714
protein_0216,protein_0303,0.16161616161616163
protein_0216,protein_0304,0.19
protein_0216,protein_0305,0.14035087719298245
protein_0216,protein_0306,0.128
protein_0216,protein_0307,0.11904761904761904
protein_0216,protein_0308,0.15328467153284672
protein_0216,protein_0309,0.12871287128712872
protein_0216,protein_0310,0.1926605504587156
protein_0216,protein_0311,0.16363636363636364
protein_0216,protein_0313,0.17708333333333334
protein_0216,protein_0314,0.3877551020408163
protein_0216,protein_0315,0.15
protein_0216,protein_0316,0.18947368421052632
protein_0216,protein_0317,0.38
protein_0216,protein_0318,0.11666666666666667
protein_0216,protein_0319,0.1717171717171717
protein_0216,protein_0320,0.17307692307692307
protein_0216,protein_0321,0.14583333333333334
protein_0216,protein_0322,0.12871287128712872
protein_0216,protein_0324,0.15625
protein_0216,protein_0325,0.152
protein_0216,protein_0326,0.14563106796116504
protein_0216,protein_0327,0.10526315789473684
protein_0216,protein_0328,0.1794871794871795
protein_0216,protein_0329,0.1794871794871795
protein_0216,protein_0330,0.10377358490566038
protein_0216,protein_0331,0.21
protein_0216,protein_0332,0.1574074074074074
protein_0216,protein_0333,0.2
protein_0216,protein_0334,0.16842105263157894
protein_0216,protein_0335,0.42
protein_0216,protein_0336,0.1717171717171717
protein_0216,protein_0337,0.15454545454545454
protein_0216,protein_0338,0.13725490196078433
protein_0216,protein_0339,0.18947368421052632
protein_0216,protein_0340,0.45
protein_0216,protein_0342,0.12371134020618557
protein_0216,protein_0343,0.15151515151515152
protein_0216,protein_0344,0.15151515151515152
protein_0216,protein_0345,0.1652892561983471
protein_0216,protein_0347,0.2
protein_0216,protein_0348,0.16393442622950818
protein_0216,protein_0349,0.43
protein_0216,protein_0350,0.15151515151515152
protein_0216,protein_0351,0.14953271028037382
protein_0216,protein_0352,0.17894736842105263
protein_0216,protein_0353,0.15625
protein_0216,protein_0354,0.1
protein_0216,protein_0355,0.18181818181818182
protein_0216,protein_0357,0.14814814814814814
protein_0216,protein_0359,0.1590909090909091
protein_0216,protein_0360,0.16161616161616163
protein_0216,protein_0361,0.1271186440677966
protein_0216,protein_0362,0.10576923076923077
protein_0216,protein_0363,0.10576923076923077
protein_0216,protein_0364,0.10576923076923077
protein_0216,protein_0365,0.09473684210526316
protein_0216,protein_0367,0.2037037037037037
protein_0216,protein_0368,0.12631578947368421
protein_0216,protein_0369,0.15789473684210525
protein_0216,protein_0371,0.1188118811881188
protein_0216,protein_0372,0.0945945945945946
protein_0216,protein_0373,0.38
protein_0216,protein_0374,0.16101694915254236
protein_0216,protein_0375,0.15151515151515152
protein_0216,protein_0376,0.1588785046728972
protein_0216,protein_0377,0.15463917525773196
protein_0216,protein_0378,0.18421052631578946
protein_0216,protein_0379,0.13402061855670103
protein_0216,protein_0380,0.13402061855670103
protein_0216,protein_0381,0.13402061855670103
protein_0216,protein_0382,0.18446601941747573
protein_0216,protein_0383,0.1717171717171717
protein_0216,protein_0384,0.16
protein_0216,protein_0385,0.10576923076923077
protein_0216,protein_0386,0.3939393939393939
protein_0216,protein_0387,0.18018018018018017
protein_0216,protein_0388,0.18181818181818182
protein_0216,protein_0389,0.1134020618556701
protein_0216,protein_0390,0.16379310344827586
protein_0216,protein_0391,0.1782178217821782
protein_0216,protein_0392,0.17475728155339806
protein_0216,protein_0393,0.15841584158415842
protein_0216,protein_0394,0.14035087719298245
protein_0216,protein_0395,0.13541666666666666
protein_0216,protein_0396,0.15942028985507245
protein_0216,protein_0397,0.13402061855670103
protein_0216,protein_0398,0.12931034482758622
protein_0216,protein_0399,0.14736842105263157
protein_0226,protein_0000,0.14
protein_0226,protein_0001,0.18888888888888888
protein_0226,protein_0002,0.2777777777777778
protein_0226,protein_0003,0.16666666666666666
protein_0226,protein_0005,0.3225806451612903
protein_0226,protein_0006,0.18947368421052632
protein_0226,protein_0007,0.17391304347826086
protein_0226,protein_0009,0.12244897959183673
protein_0226,protein_0010,0.15151515151515152
protein_0226,protein_0011,0.17346938775510204
protein_0226,protein_0012,0.1717171717171717
protein_0226,protein_0013,0.2222222222222222
protein_0226,protein_0015,0.16037735849056603
protein_0226,protein_0016,0.12727272727272726
protein_0226,protein_0017,0.13076923076923078
protein_0226,protein_0018,0.1414141414141414
protein_0226,protein_0019,0.15217391304347827
protein_0226,protein_0020,0.15517241379310345
protein_0226,protein_0021,0.24468085106382978
protein_0226,protein_0022,0.17525773195876287
protein_0226,protein_0023,0.16037735849056603
protein_0226,protein_0024,0.12605042016806722
protein_0226,protein_0025,0.16037735849056603
protein_0226,protein_0026,0.18382352941176472
protein_0226,protein_0028,0.1415929203539823
protein_0226,protein_0029,0.14444444444444443
protein_0226,protein_0030,0.13076923076923078
protein_0226,protein_0031,0.16037735849056603
protein_0226,protein_0033,0.15463917525773196
protein_0226,protein_0034,0.17475728155339806
protein_0226,protein_0035,0.1875
protein_0226,protein_0036,0.1595744680851064
protein_0226,protein_0037,0.1523809523809524
protein_0226,protein_0038,0.1523809523809524
protein_0226,protein_0039,0.1619047619047619
protein_0226,protein_0041,0.13402061855670103
protein_0226,protein_0042,0.2127659574468085
protein_0226,protein_0043,0.125
protein_0226,protein_0044,0.1702127659574468
protein_0226,protein_0045,0.17525773195876287
protein_0226,protein_0046,0.15217391304347827
protein_0226,protein_0048,0.15306122448979592
protein_0226,protein_0049,0.14
protein_0226,protein_0050,0.10784313725490197
protein_0226,protein_0051,0.1702127659574468
protein_0226,protein_0052,0.18691588785046728
protein_0226,protein_0053,0.1111111111111111
protein_0226,protein_0054,0.11965811965811966
protein_0226,protein_0055,0.14285714285714285
protein_0226,protein_0056,0.17647058823529413
protein_0226,protein_0057,0.15217391304347827
protein_0226,protein_0058,0.16326530612244897
protein_0226,protein_0059,0.13829787234042554
protein_0226,protein_0060,0.15384615384615385
protein_0226,protein_0063,0.10697674418604651
protein_0226,protein_0065,0.16
protein_0226,protein_0066,0.11428571428571428
protein_0226,protein_0067,0.16494845360824742
protein_0226,protein_0068,0.15463917525773196
protein_0226,protein_0069,0.16494845360824742
protein_0226,protein_0070,0.0851063829787234
protein_0226,protein_0071,0.15625
protein_0226,protein_0072,0.15555555555555556
protein_0226,protein_0073,0.18627450980392157
protein_0226,protein_0074,0.14285714285714285
protein_0226,protein_0075,0.24761904761904763
protein_0226,protein_0076,0.23655913978494625
protein_0226,protein_0077,0.16666666666666666
protein_0226,protein_0078,0.16379310344827586
protein_0226,protein_0079,0.16379310344827586
protein_0226,protein_0080,0.1875
protein_0226,protein_0081,0.1782178217821782
protein_0226,protein_0082,0.1391304347826087
protein_0226,protein_0083,0.18446601941747573
protein_0226,protein_0084,0.16831683168316833
protein_0226,protein_0085,0.13761467889908258
protein_0226,protein_0086,0.12173913043478261
protein_0226,protein_0087,0.1
protein_0226,protein_0088,0.1414141414141414
protein_0226,protein_0089,0.16101694915254236
protein_0226,protein_0090,0.17117117117117117
protein_0226,protein_0091,0.18181818181818182
protein_0226,protein_0092,0.18181818181818182
protein_0226,protein_0093,0.1836734693877551
protein_0226,protein_0094,0.14782608695652175
protein_0226,protein_0095,0.16216216216216217
protein_0226,protein_0096,0.17117117117117117
protein_0226,protein_0097,0.19791666666666666
protein_0226,protein_0099,0.18181818181818182
protein_0226,protein_0101,0.15384615384615385
protein_0226,protein_0102,0.17647058823529413
protein_0226,protein_0103,0.15
protein_0226,protein_0104,0.1282051282051282
protein_0226,protein_0105,0.14444444444444443
protein_0226,protein_0106,0.16379310344827586
protein_0226,protein_0107,0.1134020618556701
protein_0226,protein_0108,0.15384615384615385
protein_0226,protein_0109,0.14285714285714285
protein_0226,protein_0110,0.1717171717171717
protein_0226,protein_0111,0.1368421052631579
protein_0226,protein_0112,0.14912280701754385
protein_0226,protein_0113,0.15625
protein_0226,protein_0114,0.17204301075268819
protein_0226,protein_0115,0.14444444444444443
protein_0226,protein_0116,0.1504424778761062
protein_0226,protein_0117,0.1504424778761062
protein_0226,protein_0118,0.15555555555555556
protein_0226,protein_0119,0.1557377049180328
protein_0226,protein_0120,0.16831683168316833
protein_0226,protein_0121,0.16831683168316833
protein_0226,protein_0122,0.18867924528301888
protein_0226,protein_0123,0.17777777777777778
protein_0226,protein_0124,0.19469026548672566
protein_0226,protein_0125,0.16363636363636364
protein_0226,protein_0126,0.19811320754716982
protein_0226,protein_0127,0.16831683168316833
protein_0226,protein_0129,0.19791666666666666
protein_0226,protein_0130,0.18018018018018017
protein_0226,protein_0131,0.12222222222222222
protein_0226,protein_0132,0.1574074074074074
protein_0226,protein_0133,0.1574074074074074
protein_0226,protein_0134,0.19148936170212766
protein_0226,protein_0136,0.12195121951219512
protein_0226,protein_0137,0.13445378151260504
protein_0226,protein_0139,0.14444444444444443
protein_0226,protein_0140,0.16161616161616163
protein_0226,protein_0141,0.18867924528301888
protein_0226,protein_0142,0.16326530612244897
protein_0226,protein_0143,0.19047619047619047
protein_0226,protein_0144,0.1875
protein_0226,protein_0145,0.13978494623655913
protein_0226,protein_0146,0.17708333333333334
protein_0226,protein_0147,0.15841584158415842
protein_0226,protein_0148,0.15
protein_0226,protein_0149,0.16666666666666666
protein_0226,protein_0150,0.19
protein_0226,protein_0151,0.12745098039215685
protein_0226,protein_0152,0.15463917525773196
protein_0226,protein_0153,0.16129032258064516
protein_0226,protein_0154,0.1782178217821782
protein_0226,protein_0155,0.1984126984126984
protein_0226,protein_0157,0.25274725274725274
protein_0226,protein_0158,0.16666666666666666
protein_0226,protein_0159,0.16304347826086957
protein_0226,protein_0160,0.18867924528301888
protein_0226,protein_0161,0.13008130081300814
protein_0226,protein_0163,0.1415929203539823
protein_0226,protein_0164,0.16326530612244897
protein_0226,protein_0165,0.12222222222222222
protein_0226,protein_0166,0.19387755102040816
protein_0226,protein_0167,0.13636363636363635
protein_0226,protein_0168,0.13636363636363635
protein_0226,protein_0169,0.16379310344827586
protein_0226,protein_0170,0.1792452830188679
protein_0226,protein_0172,0.15503875968992248
protein_0226,protein_0173,0.12121212121212122
protein_0226,protein_0174,0.17757009345794392
protein_0226,protein_0175,0.18691588785046728
protein_0226,protein_0176,0.15555555555555556
protein_0226,protein_0177,0.20652173913043478
protein_0226,protein_0178,0.1504424778761062
protein_0226,protein_0179,0.1504424778761062
protein_0226,protein_0180,0.16346153846153846
protein_0226,protein_0181,0.15463917525773196
protein_0226,protein_0182,0.17346938775510204
protein_0226,protein_0183,0.14953271028037382
protein_0226,protein_0184,0.2169811320754717
protein_0226,protein_0185,0.24444444444444444
protein_0226,protein_0186,0.12149532710280374
protein_0226,protein_0187,0.17757009345794392
protein_0226,protein_0188,0.14444444444444443
protein_0226,protein_0189,0.1827956989247312
protein_0226,protein_0190,0.18181818181818182
protein_0226,protein_0191,0.2268041237113402
protein_0226,protein_0192,0.08421052631578947
protein_0226,protein_0193,0.16304347826086957
protein_0226,protein_0194,0.16666666666666666
protein_0226,protein_0195,0.12371134020618557
protein_0226,protein_0196,0.13402061855670103
protein_0226,protein_0197,0.18
protein_0226,protein_0198,0.13978494623655913
protein_0226,protein_0199,0.17525773195876287
protein_0226,protein_0201,0.16666666666666666
protein_0226,protein_0202,0.1588785046728972
protein_0226,protein_0203,0.14049586776859505
protein_0226,protein_0204,0.13333333333333333
protein_0226,protein_0205,0.11267605633802817
protein_0226,protein_0206,0.1717171717171717
protein_0226,protein_0208,0.1504424778761062
protein_0226,protein_0209,0.1276595744680851
protein_0226,protein_0210,0.1702127659574468
protein_0226,protein_0211,0.13274336283185842
protein_0226,protein_0212,0.15217391304347827
protein_0226,protein_0214,0.12087912087912088
protein_0226,protein_0217,0.24444444444444444
protein_0226,protein_0218,0.16
protein_0226,protein_0219,0.15126050420168066
protein_0226,protein_0220,0.20388349514563106
protein_0226,protein_0221,0.17777777777777778
protein_0226,protein_0222,0.14
protein_0226,protein_0223,0.15217391304347827
protein_0226,protein_0224,0.15555555555555556
protein_0226,protein_0225,0.20212765957446807
protein_0226,protein_0227,0.13333333333333333
protein_0226,protein_0228,0.17525773195876287
protein_0226,protein_0229,0.18181818181818182
protein_0226,protein_0231,0.15463917525773196
protein_0226,protein_0232,0.13978494623655913
protein_0226,protein_0233,0.12598425196850394
protein_0226,protein_0234,0.20754716981132076
protein_0226,protein_0235,0.2
protein_0226,protein_0237,0.18085106382978725
protein_0226,protein_0238,0.176056338028169
protein_0226,protein_0239,0.13131313131313133
protein_0226,protein_0240,0.1509433962264151
protein_0226,protein_0241,0.15454545454545454
protein_0226,protein_0242,0.13333333333333333
protein_0226,protein_0243,0.18691588785046728
protein_0226,protein_0244,0.3020833333333333
protein_0226,protein_0245,0.15151515151515152
protein_0226,protein_0246,0.14018691588785046
protein_0226,protein_0247,0.1619047619047619
protein_0226,protein_0248,0.14736842105263157
protein_0226,protein_0249,0.1326530612244898
protein_0226,protein_0250,0.2358490566037736
protein_0226,protein_0251,0.25555555555555554
protein_0226,protein_0252,0.35106382978723405
protein_0226,protein_0253,0.13934426229508196
protein_0226,protein_0254,0.13725490196078433
protein_0226,protein_0255,0.11428571428571428
protein_0226,protein_0257,0.1792452830188679
protein_0226,protein_0258,0.13131313131313133
protein_0226,protein_0259,0.16666666666666666
protein_0226,protein_0261,0.21359223300970873
protein_0226,protein_0262,0.12318840579710146
protein_0226,protein_0263,0.1773049645390071
protein_0226,protein_0264,0.1919191919191919
protein_0226,protein_0265,0.1919191919191919
protein_0226,protein_0266,0.1919191919191919
protein_0226,protein_0268,0.1958762886597938
protein_0226,protein_0269,0.15384615384615385
protein_0226,protein_0270,0.1827956989247312
protein_0226,protein_0271,0.15789473684210525
protein_0226,protein_0272,0.17307692307692307
protein_0226,protein_0273,0.1794871794871795
protein_0226,protein_0274,0.14705882352941177
protein_0226,protein_0275,0.18018018018018017
protein_0226,protein_0276,0.125
protein_0226,protein_0277,0.13861386138613863
protein_0226,protein_0278,0.1509433962264151
protein_0226,protein_0280,0.15555555555555556
protein_0226,protein_0281,0.1810344827586207
protein_0226,protein_0282,0.20652173913043478
protein_0226,protein_0283,0.0963302752293578
protein_0226,protein_0284,0.1792452830188679
protein_0226,protein_0285,0.1485148514851485
protein_0226,protein_0286,0.14583333333333334
protein_0226,protein_0287,0.16071428571428573
protein_0226,protein_0289,0.15217391304347827
protein_0226,protein_0290,0.1
protein_0226,protein_0291,0.1926605504587156
protein_0226,protein_0292,0.1827956989247312
protein_0226,protein_0293,0.1782178217821782
protein_0226,protein_0294,0.1926605504587156
protein_0226,protein_0295,0.15555555555555556
protein_0226,protein_0296,0.13821138211382114
protein_0226,protein_0297,0.15053763440860216
protein_0226,protein_0298,0.13829787234042554
protein_0226,protein_0299,0.20833333333333334
protein_0226,protein_0301,0.1958762886597938
protein_0226,protein_0302,0.1152073732718894
protein_0226,protein_0303,0.1
protein_0226,protein_0304,0.2
protein_0226,protein_0305,0.21621621621621623
protein_0226,protein_0306,0.14285714285714285
protein_0226,protein_0307,0.15833333333333333
protein_0226,protein_0308,0.12173913043478261
protein_0226,protein_0309,0.20408163265306123
protein_0226,protein_0310,0.22727272727272727
protein_0226,protein_0311,0.15306122448979592
protein_0226,protein_0313,0.16483516483516483
protein_0226,protein_0314,0.1834862385321101
protein_0226,protein_0315,0.17857142857142858
protein_0226,protein_0316,0.13333333333333333
protein_0226,protein_0317,0.11570247933884298
protein_0226,protein_0318,0.1565217391304348
protein_0226,protein_0319,0.1414141414141414
protein_0226,protein_0320,0.14285714285714285
protein_0226,protein_0321,0.16842105263157894
protein_0226,protein_0322,0.13186813186813187
protein_0226,protein_0324,0.2
protein_0226,protein_0325,0.1391304347826087
protein_0226,protein_0326,0.16666666666666666
protein_0226,protein_0327,0.19791666666666666
protein_0226,protein_0328,0.19008264462809918
protein_0226,protein_0329,0.19008264462809918
protein_0226,protein_0330,0.1836734693877551
protein_0226,protein_0331,0.14444444444444443
protein_0226,protein_0332,0.16981132075471697
protein_0226,protein_0333,0.15384615384615385
protein_0226,protein_0334,0.13861386138613863
protein_0226,protein_0335,0.15833333333333333
protein_0226,protein_0336,0.17777777777777778
protein_0226,protein_0337,0.16
protein_0226,protein_0338,0.13541666666666666
protein_0226,protein_0339,0.16483516483516483
protein_0226,protein_0340,0.1559633027522936
protein_0226,protein_0342,0.17777777777777778
protein_0226,protein_0343,0.15384615384615385
protein_0226,protein_0344,0.1836734693877551
protein_0226,protein_0345,0.1592920353982301
protein_0226,protein_0347,0.15555555555555556
protein_0226,protein_0348,0.10833333333333334
protein_0226,protein_0349,0.17699115044247787
protein_0226,protein_0350,0.23
protein_0226,protein_0351,0.15151515151515152
protein_0226,protein_0352,0.15789473684210525
protein_0226,protein_0353,0.17117117117117117
protein_0226,protein_0354,0.18446601941747573
protein_0226,protein_0355,0.15
protein_0226,protein_0357,0.128
protein_0226,protein_0359,0.13445378151260504
protein_0226,protein_0360,0.17894736842105263
protein_0226,protein_0361,0.13675213675213677
protein_0226,protein_0362,0.14423076923076922
protein_0226,protein_0363,0.14423076923076922
protein_0226,protein_0364,0.1346153846153846
protein_0226,protein_0365,0.18269230769230768
protein_0226,protein_0367,0.15151515151515152
protein_0226,protein_0368,0.2765957446808511
protein_0226,protein_0369,0.20833333333333334
protein_0226,protein_0371,0.22916666666666666
protein_0226,protein_0372,0.11659192825112108
protein_0226,protein_0373,0.13333333333333333
protein_0226,protein_0374,0.171875
protein_0226,protein_0375,0.15053763440860216
protein_0226,protein_0376,0.22321428571428573
protein_0226,protein_0377,0.20388349514563106
protein_0226,protein_0378,0.19090909090909092
protein_0226,protein_0379,0.15841584158415842
protein_0226,protein_0380,0.15841584158415842
protein_0226,protein_0381,0.15841584158415842
protein_0226,protein_0382,0.16964285714285715
protein_0226,protein_0383,0.15555555555555556
protein_0226,protein_0384,0.17592592592592593
protein_0226,protein_0385,0.1509433962264151
protein_0226,protein_0386,0.11818181818181818
protein_0226,protein_0387,0.1523809523809524
protein_0226,protein_0388,0.14736842105263157
protein_0226,protein_0389,0.12222222222222222
protein_0226,protein_0390,0.18556701030927836
protein_0226,protein_0391,0.15
protein_0226,protein_0392,0.18691588785046728
protein_0226,protein_0393,0.14414414414414414
protein_0226,protein_0394,0.18421052631578946
protein_0226,protein_0395,0.12903225806451613
protein_0226,protein_0396,0.13157894736842105
protein_0226,protein_0397,0.23300970873786409
protein_0226,protein_0398,0.15178571428571427
protein_0226,protein_0399,0.18269230769230768
protein_0230,protein_0000,0.1978021978021978
protein_0230,protein_0001,0.15730337078651685
protein_0230,protein_0002,0.12087912087912088
protein_0230,protein_0003,0.16304347826086957
protein_0230,protein_0005,0.17475728155339806
protein_0230,protein_0006,0.20212765957446807
protein_0230,protein_0007,0.18478260869565216
protein_0230,protein_0009,0.22580645161290322
protein_0230,protein_0010,0.1956521739130435
protein_0230,protein_0011,0.23333333333333334
protein_0230,protein_0012,0.22826086956521738
protein_0230,protein_0013,0.1590909090909091
protein_0230,protein_0015,0.12962962962962962
protein_0230,protein_0016,0.10377358490566038
protein_0230,protein_0017,0.1450381679389313
protein_0230,protein_0018,0.24242424242424243
protein_0230,protein_0019,0.17582417582417584
protein_0230,protein_0020,0.19101123595505617
protein_0230,protein_0021,0.12087912087912088
protein_0230,protein_0022,0.15789473684210525
protein_0230,protein_0023,0.18691588785046728
protein_0230,protein_0024,0.11965811965811966
protein_0230,protein_0025,0.22826086956521738
protein_0230,protein_0026,0.13333333333333333
protein_0230,protein_0028,0.10377358490566038
protein_0230,protein_0029,0.13725490196078433
protein_0230,protein_0030,0.171875
protein_0230,protein_0031,0.17543859649122806
protein_0230,protein_0033,0.24175824175824176
protein_0230,protein_0034,0.18681318681318682
protein_0230,protein_0035,0.13725490196078433
protein_0230,protein_0036,0.18181818181818182
protein_0230,protein_0037,0.2
protein_0230,protein_0038,0.2
protein_0230,protein_0039,0.24731182795698925
protein_0230,protein_0041,0.2087912087912088
protein_0230,protein_0042,0.20212765957446807
protein_0230,protein_0043,0.22105263157894736
protein_0230,protein_0044,0.2087912087912088
protein_0230,protein_0045,0.2268041237113402
protein_0230,protein_0046,0.21348314606741572
protein_0230,protein_0048,0.19791666666666666
protein_0230,protein_0049,0.18947368421052632
protein_0230,protein_0050,0.12173913043478261
protein_0230,protein_0051,0.17582417582417584
protein_0230,protein_0052,0.15789473684210525
protein_0230,protein_0053,0.1935483870967742
protein_0230,protein_0054,0.14049586776859505
protein_0230,protein_0055,0.11570247933884298
protein_0230,protein_0056,0.14953271028037382
protein_0230,protein_0057,0.19101123595505617
protein_0230,protein_0058,0.17346938775510204
protein_0230,protein_0059,0.18888888888888888
protein_0230,protein_0060,0.17142857142857143
protein_0230,protein_0063,0.10648148148148148
protein_0230,protein_0065,0.1388888888888889
protein_0230,protein_0066,0.11304347826086956
protein_0230,protein_0067,0.20224719101123595
protein_0230,protein_0068,0.19387755102040816
protein_0230,protein_0069,0.1797752808988764
protein_0230,protein_0070,0.21739130434782608
protein_0230,protein_0071,0.21212121212121213
protein_0230,protein_0072,0.14772727272727273
protein_0230,protein_0073,0.2087912087912088
protein_0230,protein_0074,0.17708333333333334
protein_0230,protein_0075,0.15
protein_0230,protein_0076,0.16853932584269662
protein_0230,protein_0077,0.22916666666666666
protein_0230,protein_0078,0.19469026548672566
protein_0230,protein_0079,0.19469026548672566
protein_0230,protein_0080,0.1935483870967742
protein_0230,protein_0081,0.1875
protein_0230,protein_0082,0.13793103448275862
protein_0230,protein_0083,0.18681318681318682
protein_0230,protein_0084,0.23595505617977527
protein_0230,protein_0085,0.12931034482758622
protein_0230,protein_0086,0.10476190476190476
protein_0230,protein_0087,0.13186813186813187
protein_0230,protein_0088,0.23157894736842105
protein_0230,protein_0089,0.13043478260869565
protein_0230,protein_0090,0.13559322033898305
protein_0230,protein_0091,0.13333333333333333
protein_0230,protein_0092,0.13333333333333333
protein_0230,protein_0093,0.25
protein_0230,protein_0094,0.1282051282051282
protein_0230,protein_0095,0.1557377049180328
protein_0230,protein_0096,0.18181818181818182
protein_0230,protein_0097,0.21739130434782608
protein_0230,protein_0099,0.1619047619047619
protein_0230,protein_0101,0.2087912087912088
protein_0230,protein_0102,0.22340425531914893
protein_0230,protein_0103,0.18478260869565216
protein_0230,protein_0104,0.12605042016806722
protein_0230,protein_0105,0.11363636363636363
protein_0230,protein_0106,0.12307692307692308
protein_0230,protein_0107,0.18181818181818182
protein_0230,protein_0108,0.29213483146067415
protein_0230,protein_0109,0.15053763440860216
protein_0230,protein_0110,0.25555555555555554
protein_0230,protein_0111,0.1702127659574468
protein_0230,protein_0112,0.1574074074074074
protein_0230,protein_0113,0.20652173913043478
protein_0230,protein_0114,0.2247191011235955
protein_0230,protein_0115,0.20430107526881722
protein_0230,protein_0116,0.18421052631578946
protein_0230,protein_0117,0.18421052631578946
protein_0230,protein_0118,0.15730337078651685
protein_0230,protein_0119,0.15315315315315314
protein_0230,protein_0120,0.24444444444444444
protein_0230,protein_0121,0.24444444444444444
protein_0230,protein_0122,0.20430107526881722
protein_0230,protein_0123,0.15789473684210525
protein_0230,protein_0124,0.2111111111111111
protein_0230,protein_0125,0.1509433962264151
protein_0230,protein_0126,0.20588235294117646
protein_0230,protein_0127,0.23655913978494625
protein_0230,protein_0129,0.20212765957446807
protein_0230,protein_0130,0.11666666666666667
protein_0230,protein_0131,0.12359550561797752
protein_0230,protein_0132,0.16216216216216217
protein_0230,protein_0133,0.16216216216216217
protein_0230,protein_0134,0.19101123595505617
protein_0230,protein_0136,0.13559322033898305
protein_0230,protein_0137,0.13445378151260504
protein_0230,protein_0139,0.13636363636363635
protein_0230,protein_0140,0.20212765957446807
protein_0230,protein_0141,0.1935483870967742
protein_0230,protein_0142,0.20224719101123595
protein_0230,protein_0143,0.21739130434782608
protein_0230,protein_0144,0.21875
protein_0230,protein_0145,0.1590909090909091
protein_0230,protein_0146,0.11956521739130435
protein_0230,protein_0147,0.21052631578947367
protein_0230,protein_0148,0.1978021978021978
protein_0230,protein_0149,0.14772727272727273
protein_0230,protein_0150,0.1956521739130435
protein_0230,protein_0151,0.3146067415730337
protein_0230,protein_0152,0.1797752808988764
protein_0230,protein_0153,0.18181818181818182
protein_0230,protein_0154,0.20454545454545456
protein_0230,protein_0155,0.17886178861788618
protein_0230,protein_0157,0.1326530612244898
protein_0230,protein_0158,0.13186813186813187
protein_0230,protein_0159,0.17525773195876287
protein_0230,protein_0160,0.26881720430107525
protein_0230,protein_0161,0.09322033898305085
protein_0230,protein_0163,0.10476190476190476
protein_0230,protein_0164,0.22340425531914893
protein_0230,protein_0165,0.15555555555555556
protein_0230,protein_0166,0.2391304347826087
protein_0230,protein_0167,0.1391304347826087
protein_0230,protein_0168,0.1391304347826087
protein_0230,protein_0169,0.08333333333333333
protein_0230,protein_0170,0.22727272727272727
protein_0230,protein_0172,0.128
protein_0230,protein_0173,0.1797752808988764
protein_0230,protein_0174,0.2391304347826087
protein_0230,protein_0175,0.26881720430107525
protein_0230,protein_0176,0.1956521739130435
protein_0230,protein_0177,0.15730337078651685
protein_0230,protein_0178,0.12295081967213115
protein_0230,protein_0179,0.1206896551724138
protein_0230,protein_0180,0.1935483870967742
protein_0230,protein_0181,0.2111111111111111
protein_0230,protein_0182,0.21212121212121213
protein_0230,protein_0183,0.14414414414414414
protein_0230,protein_0184,0.2127659574468085
protein_0230,protein_0185,0.19
protein_0230,protein_0186,0.13513513513513514
protein_0230,protein_0187,0.22448979591836735
protein_0230,protein_0188,0.1797752808988764
protein_0230,protein_0189,0.20202020202020202
protein_0230,protein_0190,0.18085106382978725
protein_0230,protein_0191,0.21649484536082475
protein_0230,protein_0192,0.23711340206185566
protein_0230,protein_0193,0.2
protein_0230,protein_0194,0.2222222222222222
protein_0230,protein_0195,0.15730337078651685
protein_0230,protein_0196,0.21978021978021978
protein_0230,protein_0197,0.21978021978021978
protein_0230,protein_0198,0.16853932584269662
protein_0230,protein_0199,0.32222222222222224
protein_0230,protein_0201,0.11607142857142858
protein_0230,protein_0202,0.18181818181818182
protein_0230,protein_0203,0.1693548387096774
protein_0230,protein_0204,0.13636363636363635
protein_0230,protein_0205,0.11848341232227488
protein_0230,protein_0206,0.22580645161290322
protein_0230,protein_0208,0.14655172413793102
protein_0230,protein_0209,0.22105263157894736
protein_0230,protein_0210,0.2111111111111111
protein_0230,protein_0211,0.14814814814814814
protein_0230,protein_0212,0.21649484536082475
protein_0230,protein_0214,0.14736842105263157
protein_0230,protein_0217,0.14583333333333334
protein_0230,protein_0218,0.109375
protein_0230,protein_0219,0.16393442622950818
protein_0230,protein_0220,0.17777777777777778
protein_0230,protein_0221,0.1111111111111111
protein_0230,protein_0222,0.15730337078651685
protein_0230,protein_0223,0.14606741573033707
protein_0230,protein_0224,0.14772727272727273
protein_0230,protein_0225,0.10227272727272728
protein_0230,protein_0227,0.15555555555555556
protein_0230,protein_0228,0.18085106382978725
protein_0230,protein_0229,0.14893617021276595
protein_0230,protein_0231,0.18681318681318682
protein_0230,protein_0232,0.13636363636363635
protein_0230,protein_0233,0.16153846153846155
protein_0230,protein_0234,0.14953271028037382
protein_0230,protein_0235,0.1452991452991453
protein_0230,protein_0237,0.21739130434782608
protein_0230,protein_0238,0.11029411764705882
protein_0230,protein_0239,0.2608695652173913
protein_0230,protein_0240,0.23595505617977527
protein_0230,protein_0241,0.21875
protein_0230,protein_0242,0.14772727272727273
protein_0230,protein_0243,0.19101123595505617
protein_0230,protein_0244,0.18181818181818182
protein_0230,protein_0245,0.15037593984962405
protein_0230,protein_0246,0.17
protein_0230,protein_0247,0.1875
protein_0230,protein_0248,0.19101123595505617
protein_0230,protein_0249,0.21978021978021978
protein_0230,protein_0250,0.18691588785046728
protein_0230,protein_0251,0.17
protein_0230,protein_0252,0.16
protein_0230,protein_0253,0.1565217391304348
protein_0230,protein_0254,0.12222222222222222
protein_0230,protein_0255,0.11494252873563218
protein_0230,protein_0257,0.17307692307692307
protein_0230,protein_0258,0.18681318681318682
protein_0230,protein_0259,0.15384615384615385
protein_0230,protein_0261,0.18518518518518517
protein_0230,protein_0262,0.14189189189189189
protein_0230,protein_0263,0.15492957746478872
protein_0230,protein_0264,0.20652173913043478
protein_0230,protein_0265,0.20652173913043478
protein_0230,protein_0266,0.16129032258064516
protein_0230,protein_0268,0.11956521739130435
protein_0230,protein_0269,0.13559322033898305
protein_0230,protein_0270,0.16129032258064516
protein_0230,protein_0271,0.19101123595505617
protein_0230,protein_0272,0.22916666666666666
protein_0230,protein_0273,0.24210526315789474
protein_0230,protein_0274,0.34831460674157305
protein_0230,protein_0275,0.16363636363636364
protein_0230,protein_0276,0.20833333333333334
protein_0230,protein_0277,0.17045454545454544
protein_0230,protein_0278,0.18556701030927836
protein_0230,protein_0280,0.23076923076923078
protein_0230,protein_0281,0.175
protein_0230,protein_0282,0.125
protein_0230,protein_0283,0.12844036697247707
protein_0230,protein_0284,0.1935483870967742
protein_0230,protein_0285,0.1935483870967742
protein_0230,protein_0286,0.16853932584269662
protein_0230,protein_0287,0.2072072072072072
protein_0230,protein_0289,0.18478260869565216
protein_0230,protein_0290,0.08928571428571429
protein_0230,protein_0291,0.16964285714285715
protein_0230,protein_0292,0.11363636363636363
protein_0230,protein_0293,0.3258426966292135
protein_0230,protein_0294,0.16964285714285715
protein_0230,protein_0295,0.14705882352941177
protein_0230,protein_0296,0.15
protein_0230,protein_0297,0.15730337078651685
protein_0230,protein_0298,0.12359550561797752
protein_0230,protein_0299,0.20430107526881722
protein_0230,protein_0301,0.18181818181818182
protein_0230,protein_0302,0.1152073732718894
protein_0230,protein_0303,0.3010752688172043
protein_0230,protein_0304,0.17708333333333334
protein_0230,protein_0305,0.18518518518518517
protein_0230,protein_0306,0.11570247933884298
protein_0230,protein_0307,0.125
protein_0230,protein_0308,0.125
protein_0230,protein_0309,0.17475728155339806
protein_0230,protein_0310,0.16822429906542055
protein_0230,protein_0311,0.2111111111111111
protein_0230,protein_0313,0.16822429906542055
protein_0230,protein_0314,0.12962962962962962
protein_0230,protein_0315,0.09649122807017543
protein_0230,protein_0316,0.1797752808988764
protein_0230,protein_0317,0.10377358490566038
protein_0230,protein_0318,0.1935483870967742
protein_0230,protein_0319,0.16129032258064516
protein_0230,protein_0320,0.21978021978021978
protein_0230,protein_0321,0.33707865168539325
protein_0230,protein_0322,0.2
protein_0230,protein_0324,0.13043478260869565
protein_0230,protein_0325,0.10852713178294573
protein_0230,protein_0326,0.1368421052631579
protein_0230,protein_0327,0.20430107526881722
protein_0230,protein_0328,0.1896551724137931
protein_0230,protein_0329,0.1896551724137931
protein_0230,protein_0330,0.2087912087912088
protein_0230,protein_0331,0.13725490196078433
protein_0230,protein_0332,0.19148936170212766
protein_0230,protein_0333,0.21052631578947367
protein_0230,protein_0334,0.30337078651685395
protein_0230,protein_0335,0.09174311926605505
protein_0230,protein_0336,0.15053763440860216
protein_0230,protein_0337,0.15384615384615385
protein_0230,protein_0338,0.15730337078651685
protein_0230,protein_0339,0.18181818181818182
protein_0230,protein_0340,0.14814814814814814
protein_0230,protein_0342,0.13829787234042554
protein_0230,protein_0343,0.18085106382978725
protein_0230,protein_0344,0.21348314606741572
protein_0230,protein_0345,0.17796610169491525
protein_0230,protein_0347,0.17045454545454544
protein_0230,protein_0348,0.14166666666666666
protein_0230,protein_0349,0.08928571428571429
protein_0230,protein_0350,0.20224719101123595
protein_0230,protein_0351,0.19230769230769232
protein_0230,protein_0352,0.16853932584269662
protein_0230,protein_0353,0.1565217391304348
protein_0230,protein_0354,0.2111111111111111
protein_0230,protein_0355,0.16304347826086957
protein_0230,protein_0357,0.14754098360655737
protein_0230,protein_0359,0.11764705882352941
protein_0230,protein_0360,0.20224719101123595
protein_0230,protein_0361,0.11764705882352941
protein_0230,protein_0362,0.28888888888888886
protein_0230,protein_0363,0.28888888888888886
protein_0230,protein_0364,0.28888888888888886
protein_0230,protein_0365,0.31868131868131866
protein_0230,protein_0367,0.16822429906542055
protein_0230,protein_0368,0.1702127659574468
protein_0230,protein_0369,0.15306122448979592
protein_0230,protein_0371,0.18681318681318682
protein_0230,protein_0372,0.09954751131221719
protein_0230,protein_0373,0.1111111111111111
protein_0230,protein_0374,0.09401709401709402
protein_0230,protein_0375,0.18478260869565216
protein_0230,protein_0376,0.18691588785046728
protein_0230,protein_0377,0.17777777777777778
protein_0230,protein_0378,0.15126050420168066
protein_0230,protein_0379,0.11578947368421053
protein_0230,protein_0380,0.11578947368421053
protein_0230,protein_0381,0.11578947368421053
protein_0230,protein_0382,0.19387755102040816
protein_0230,protein_0383,0.1797752808988764
protein_0230,protein_0384,0.18888888888888888
protein_0230,protein_0385,0.11711711711711711
protein_0230,protein_0386,0.14953271028037382
protein_0230,protein_0387,0.1509433962264151
protein_0230,protein_0388,0.1797752808988764
protein_0230,protein_0389,0.12359550561797752
protein_0230,protein_0390,0.21739130434782608
protein_0230,protein_0391,0.4157303370786517
protein_0230,protein_0392,0.21739130434782608
protein_0230,protein_0393,0.22340425531914893
protein_0230,protein_0394,0.12931034482758622
protein_0230,protein_0395,0.33695652173913043
protein_0230,protein_0396,0.1271186440677966
protein_0230,protein_0397,0.16666666666666666
protein_0230,protein_0398,0.11666666666666667
protein_0230,protein_0399,0.18947368421052632
protein_0236,protein_0000,0.367816091954023
protein_0236,protein_0001,0.11336797354747283
protein_0236,protein_0002,0.1595744680851064
protein_0236,protein_0003,0.29545454545454547
protein_0236,protein_0005,0.15789473684210525
protein_0236,protein_0006,0.5168539325842697
protein_0236,protein_0007,0.14639708117968986
protein_0236,protein_0009,0.3181818181818182
protein_0236,protein_0010,0.367816091954023
protein_0236,protein_0011,0.4942528735632184
protein_0236,protein_0012,0.5172413793103449
protein_0236,protein_0013,0.1388888888888889
protein_0236,protein_0015,0.1262135922330097
protein_0236,protein_0016,0.16666666666666666
protein_0236,protein_0017,0.16560509554140126
protein_0236,protein_0018,0.26436781609195403
protein_0236,protein_0019,0.13254552499031383
protein_0236,protein_0020,0.25287356321839083
protein_0236,protein_0021,0.16083916083916083
protein_0236,protein_0022,0.15572056809170212
protein_0236,protein_0023,0.14113046569498755
protein_0236,protein_0024,0.1092436974789916
protein_0236,protein_0025,0.2988505747126437
protein_0236,protein_0026,0.16030534351145037
protein_0236,protein_0028,0.16447368421052633
protein_0236,protein_0029,0.12784424114473375
protein_0236,protein_0030,0.16279069767441862
protein_0236,protein_0031,0.10666666666666667
protein_0236,protein_0033,0.4367816091954023
protein_0236,protein_0034,0.45454545454545453
protein_0236,protein_0035,0.13986013986013987
protein_0236,protein_0036,0.13065669962221688
protein_0236,protein_0037,0.19028499448905684
protein_0236,protein_0038,0.19028499448905684
protein_0236,protein_0039,0.32954545454545453
protein_0236,protein_0041,0.2413793103448276
protein_0236,protein_0042,0.21839080459770116
protein_0236,protein_0043,0.27586206896551724
protein_0236,protein_0044,0.25287356321839083
protein_0236,protein_0045,0.25287356321839083
protein_0236,protein_0046,0.13898601398601398
protein_0236,protein_0048,0.41379310344827586
protein_0236,protein_0049,0.45977011494252873
protein_0236,protein_0050,0.1342281879194631
protein_0236,protein_0051,0.14445880206749773
protein_0236,protein_0052,0.26436781609195403
protein_0236,protein_0053,0.3218390804597701
protein_0236,protein_0054,0.17482517482517482
protein_0236,protein_0055,0.17123287671232876
protein_0236,protein_0056,0.13166666666666665
protein_0236,protein_0057,0.14989358467619338
protein_0236,protein_0058,0.14772727272727273
protein_0236,protein_0059,0.3068181818181818
protein_0236,protein_0060,0.1393137385290597
protein_0236,protein_0063,0.14553990610328638
protein_0236,protein_0065,0.20588235294117646
protein_0236,protein_0066,0.17
protein_0236,protein_0067,0.39080459770114945
protein_0236,protein_0068,0.2988505747126437
protein_0236,protein_0069,0.41379310344827586
protein_0236,protein_0070,0.2413793103448276
protein_0236,protein_0071,0.32222222222222224
protein_0236,protein_0072,0.14795317042508055
protein_0236,protein_0073,0.3103448275862069
protein_0236,protein_0074,0.14432989690721648
protein_0236,protein_0075,0.17719431760527649
protein_0236,protein_0076,0.1590909090909091
protein_0236,protein_0077,0.3333333333333333
protein_0236,protein_0078,0.13194444444444445
protein_0236,protein_0079,0.13194444444444445
protein_0236,protein_0080,0.3181818181818182
protein_0236,protein_0081,0.27586206896551724
protein_0236,protein_0082,0.15384615384615385
protein_0236,protein_0083,0.5172413793103449
protein_0236,protein_0084,0.2202409069437884
protein_0236,protein_0085,0.18269230769230768
protein_0236,protein_0086,0.15384615384615385
protein_0236,protein_0087,0.13740856844305122
protein_0236,protein_0088,0.26436781609195403
protein_0236,protein_0089,0.14677177177177175
protein_0236,protein_0090,0.14677177177177175
protein_0236,protein_0091,0.13445378151260504
protein_0236,protein_0092,0.13445378151260504
protein_0236,protein_0093,0.367816091954023
protein_0236,protein_0094,0.17123287671232876
protein_0236,protein_0095,0.14561965811965813
protein_0236,protein_0096,0.1553398058252427
protein_0236,protein_0097,0.42391304347826086
protein_0236,protein_0099,0.11983924004384362
protein_0236,protein_0101,0.2988505747126437
protein_0236,protein_0102,0.28735632183908044
protein_0236,protein_0103,0.24444444444444444
protein_0236,protein_0104,0.13194444444444445
protein_0236,protein_0105,0.13286713286713286
protein_0236,protein_0106,0.1563890999891434
protein_0236,protein_0107,0.2840909090909091
protein_0236,protein_0108,0.18888888888888888
protein_0236,protein_0109,0.11669580419580419
protein_0236,protein_0110,0.42528735632183906
protein_0236,protein_0111,0.2988505747126437
protein_0236,protein_0112,0.19801980198019803
protein_0236,protein_0113,0.5057471264367817
protein_0236,protein_0114,0.25287356321839083
protein_0236,protein_0115,0.2413793103448276
protein_0236,protein_0116,0.16200611343824295
protein_0236,protein_0117,0.16200611343824295
protein_0236,protein_0118,0.14597701149425288
protein_0236,protein_0119,0.17567567567567569
protein_0236,protein_0120,0.27586206896551724
protein_0236,protein_0121,0.27586206896551724
protein_0236,protein_0122,0.19603212092583844
protein_0236,protein_0123,0.13293297171638901
protein_0236,protein_0124,0.26436781609195403
protein_0236,protein_0125,0.14285714285714285
protein_0236,protein_0126,0.18627450980392157
protein_0236,protein_0127,0.27586206896551724
protein_0236,protein_0129,0.22988505747126436
protein_0236,protein_0130,0.1433933933933934
protein_0236,protein_0131,0.10727969348659003
protein_0236,protein_0132,0.20909090909090908
protein_0236,protein_0133,0.20909090909090908
protein_0236,protein_0134,0.28735632183908044
protein_0236,protein_0136,0.13559322033898305
protein_0236,protein_0137,0.1564625850340136
protein_0236,protein_0139,0.14614672529507058
protein_0236,protein_0140,0.4367816091954023
protein_0236,protein_0141,0.20232230823363828
protein_0236,protein_0142,0.45977011494252873
protein_0236,protein_0143,0.27586206896551724
protein_0236,protein_0144,0.27586206896551724
protein_0236,protein_0145,0.14014146772767463
protein_0236,protein_0146,0.16091954022988506
protein_0236,protein_0147,0.3103448275862069
protein_0236,protein_0148,0.367816091954023
protein_0236,protein_0149,0.16487068965517243
protein_0236,protein_0150,0.2988505747126437
protein_0236,protein_0151,0.19101123595505617
protein_0236,protein_0152,0.12965195723816414
protein_0236,protein_0153,0.1548910859255687
protein_0236,protein_0154,0.13990032955550197
protein_0236,protein_0155,0.15384615384615385
protein_0236,protein_0157,0.15384615384615385
protein_0236,protein_0158,0.13990032955550197
protein_0236,protein_0159,0.3516483516483517
protein_0236,protein_0160,0.28735632183908044
protein_0236,protein_0161,0.15384615384615385
protein_0236,protein_0163,0.14
protein_0236,protein_0164,0.2413793103448276
protein_0236,protein_0165,0.13940407418668288
protein_0236,protein_0166,0.2413793103448276
protein_0236,protein_0167,0.1417753960857409
protein_0236,protein_0168,0.14084342963653307
protein_0236,protein_0169,0.1836734693877551
protein_0236,protein_0170,0.28735632183908044
protein_0236,protein_0172,0.11764705882352941
protein_0236,protein_0173,0.3103448275862069
protein_0236,protein_0174,0.3333333333333333
protein_0236,protein_0175,0.28735632183908044
protein_0236,protein_0176,0.1333041958041958
protein_0236,protein_0177,0.12141306968893176
protein_0236,protein_0178,0.1504424778761062
protein_0236,protein_0179,0.1437908496732026
protein_0236,protein_0180,0.20689655172413793
protein_0236,protein_0181,0.3793103448275862
protein_0236,protein_0182,0.2988505747126437
protein_0236,protein_0183,0.1588785046728972
protein_0236,protein_0184,0.3076923076923077
protein_0236,protein_0185,0.11578947368421053
protein_0236,protein_0186,0.13592233009708737
protein_0236,protein_0187,0.3103448275862069
protein_0236,protein_0188,0.1425287356321839
protein_0236,protein_0189,0.3218390804597701
protein_0236,protein_0190,0.4367816091954023
protein_0236,protein_0191,0.22988505747126436
protein_0236,protein_0192,0.26436781609195403
protein_0236,protein_0193,0.26436781609195403
protein_0236,protein_0194,0.25287356321839083
protein_0236,protein_0195,0.4482758620689655
protein_0236,protein_0196,0.4367816091954023
protein_0236,protein_0197,0.47126436781609193
protein_0236,protein_0198,0.26436781609195403
protein_0236,protein_0199,0.17777777777777778
protein_0236,protein_0201,0.1559633027522936
protein_0236,protein_0202,0.3333333333333333
protein_0236,protein_0203,0.12837837837837837
protein_0236,protein_0204,0.14367816091954022
protein_0236,protein_0205,0.1267605633802817
protein_0236,protein_0206,0.5057471264367817
protein_0236,protein_0208,0.14550734945471788
protein_0236,protein_0209,0.27586206896551724
protein_0236,protein_0210,0.3103448275862069
protein_0236,protein_0211,0.14981300345224396
protein_0236,protein_0212,0.14772727272727273
protein_0236,protein_0214,0.1258741258741259
protein_0236,protein_0217,0.1368421052631579
protein_0236,protein_0218,0.1610738255033557
protein_0236,protein_0219,0.15625
protein_0236,protein_0220,0.2777777777777778
protein_0236,protein_0221,0.1258741258741259
protein_0236,protein_0222,0.45977011494252873
protein_0236,protein_0223,0.21505376344086022
protein_0236,protein_0224,0.12941081906599147
protein_0236,protein_0225,0.10227272727272728
protein_0236,protein_0227,0.14942528735632185
protein_0236,protein_0228,0.18730242360379346
protein_0236,protein_0229,0.17204301075268819
protein_0236,protein_0231,0.3218390804597701
protein_0236,protein_0232,0.14466783216783216
protein_0236,protein_0233,0.16778523489932887
protein_0236,protein_0234,0.1717171717171717
protein_0236,protein_0235,0.18115011415525112
protein_0236,protein_0237,1.0
protein_0236,protein_0238,0.14375
protein_0236,protein_0239,0.2988505747126437
protein_0236,protein_0240,0.28735632183908044
protein_0236,protein_0241,0.26436781609195403
protein_0236,protein_0242,0.14332388600220436
protein_0236,protein_0243,0.2988505747126437
protein_0236,protein_0244,0.13836163836163837
protein_0236,protein_0245,0.15229885057471265
protein_0236,protein_0246,0.1958762886597938
protein_0236,protein_0247,0.18605191786129407
protein_0236,protein_0248,0.29347826086956524
protein_0236,protein_0249,0.26436781609195403
protein_0236,protein_0250,0.12904709345106696
protein_0236,protein_0251,0.16666666666666666
protein_0236,protein_0252,0.16494845360824742
protein_0236,protein_0253,0.17763157894736842
protein_0236,protein_0254,0.13403263403263405
protein_0236,protein_0255,0.1366120218579235
protein_0236,protein_0257,0.12264150943396226
protein_0236,protein_0258,0.5172413793103449
protein_0236,protein_0259,0.14761720263463773
protein_0236,protein_0261,0.19811320754716982
protein_0236,protein_0262,0.18831168831168832
protein_0236,protein_0263,0.1761006289308176
protein_0236,protein_0264,0.28735632183908044
protein_0236,protein_0265,0.28735632183908044
protein_0236,protein_0266,0.13962923868584246
protein_0236,protein_0268,0.1935483870967742
protein_0236,protein_0269,0.15517241379310345
protein_0236,protein_0270,0.16091954022988506
protein_0236,protein_0271,0.1369514106583072
protein_0236,protein_0272,0.5273812138516729
protein_0236,protein_0273,0.5438770999115827
protein_0236,protein_0274,0.20224719101123595
protein_0236,protein_0275,0.19811320754716982
protein_0236,protein_0276,0.27586206896551724
protein_0236,protein_0277,0.14462390761548066
protein_0236,protein_0278,0.3
protein_0236,protein_0280,0.26436781609195403
protein_0236,protein_0281,0.15833333333333333
protein_0236,protein_0282,0.14383561643835616
protein_0236,protein_0283,0.14732142857142858
protein_0236,protein_0284,0.19370965202330342
protein_0236,protein_0285,0.47126436781609193
protein_0236,protein_0286,0.1341521020311762
protein_0236,protein_0287,0.2072072072072072
protein_0236,protein_0289,0.1321437183506149
protein_0236,protein_0290,0.1588785046728972
protein_0236,protein_0291,0.1955195871452029
protein_0236,protein_0292,0.1402972027972028
protein_0236,protein_0293,0.18181818181818182
protein_0236,protein_0294,0.1955195871452029
protein_0236,protein_0295,0.13049126121870572
protein_0236,protein_0296,0.17391304347826086
protein_0236,protein_0297,0.12049186768287892
protein_0236,protein_0298,0.13072744449692963
protein_0236,protein_0299,0.12194055944055944
protein_0236,protein_0301,0.14622080047611963
protein_0236,protein_0302,0.13392857142857142
protein_0236,protein_0303,0.18888888888888888
protein_0236,protein_0304,0.10766819387509043
protein_0236,protein_0305,0.18520956769804697
protein_0236,protein_0306,0.15753424657534246
protein_0236,protein_0307,0.18125
protein_0236,protein_0308,0.16521739130434782
protein_0236,protein_0309,0.13578088578088576
protein_0236,protein_0310,0.168141592920354
protein_0236,protein_0311,0.28735632183908044
protein_0236,protein_0313,0.1863711001642036
protein_0236,protein_0314,0.13725490196078433
protein_0236,protein_0315,0.11304347826086956
protein_0236,protein_0316,0.14222222222222222
protein_0236,protein_0317,0.16083916083916083
protein_0236,protein_0318,0.1694915254237288
protein_0236,protein_0319,0.4942528735632184
protein_0236,protein_0320,0.26436781609195403
protein_0236,protein_0321,0.2
protein_0236,protein_0322,0.25287356321839083
protein_0236,protein_0324,0.19540229885057472
protein_0236,protein_0325,0.16136695906432746
protein_0236,protein_0326,0.15053763440860216
protein_0236,protein_0327,0.3333333333333333
protein_0236,protein_0328,0.14864864864864866
protein_0236,protein_0329,0.14864864864864866
protein_0236,protein_0330,0.5172413793103449
protein_0236,protein_0331,0.12784424114473375
protein_0236,protein_0332,0.16688770999115826
protein_0236,protein_0333,0.1782312925170068
protein_0236,protein_0334,0.15172413793103448
protein_0236,protein_0335,0.1476510067114094
protein_0236,protein_0336,0.15163572060123787
protein_0236,protein_0337,0.5560646250301423
protein_0236,protein_0338,0.25287356321839083
protein_0236,protein_0339,0.145979020979021
protein_0236,protein_0340,0.18627450980392157
protein_0236,protein_0342,0.1310344827586207
protein_0236,protein_0343,0.11691182380837553
protein_0236,protein_0344,0.26436781609195403
protein_0236,protein_0345,0.10646853146853147
protein_0236,protein_0347,0.16087935053452296
protein_0236,protein_0348,0.1597222222222222
protein_0236,protein_0349,0.17105263157894737
protein_0236,protein_0350,0.26436781609195403
protein_0236,protein_0351,0.4942528735632184
protein_0236,protein_0352,0.13165439752034094
protein_0236,protein_0353,0.14888621312462372
protein_0236,protein_0354,0.2413793103448276
protein_0236,protein_0355,0.5013664496423117
protein_0236,protein_0357,0.14049586776859505
protein_0236,protein_0359,0.17123287671232876
protein_0236,protein_0360,0.2413793103448276
protein_0236,protein_0361,0.15126050420168066
protein_0236,protein_0362,0.17777777777777778
protein_0236,protein_0363,0.17777777777777778
protein_0236,protein_0364,0.2111111111111111
protein_0236,protein_0365,0.2
protein_0236,protein_0367,0.14965986394557823
protein_0236,protein_0368,0.18888888888888888
protein_0236,protein_0369,0.16091954022988506
protein_0236,protein_0371,0.22988505747126436
protein_0236,protein_0372,0.13215859030837004
protein_0236,protein_0373,0.17880794701986755
protein_0236,protein_0374,0.14685314685314685
protein_0236,protein_0375,0.26136363636363635
protein_0236,protein_0376,0.14965986394557823
protein_0236,protein_0377,0.25287356321839083
protein_0236,protein_0378,0.17647058823529413
protein_0236,protein_0379,0.15428983417447728
protein_0236,protein_0380,0.15428983417447728
protein_0236,protein_0381,0.15428983417447728
protein_0236,protein_0382,0.19446399249354918
protein_0236,protein_0383,0.13883868940048716
protein_0236,protein_0384,0.36666666666666664
protein_0236,protein_0385,0.1258741258741259
protein_0236,protein_0386,0.1388888888888889
protein_0236,protein_0387,0.13
protein_0236,protein_0388,0.12706935123042506
protein_0236,protein_0389,0.14893617021276595
protein_0236,protein_0390,0.39080459770114945
protein_0236,protein_0391,0.17777777777777778
protein_0236,protein_0392,0.27586206896551724
protein_0236,protein_0393,0.27586206896551724
protein_0236,protein_0394,0.15517241379310345
protein_0236,protein_0395,0.21052631578947367
protein_0236,protein_0396,0.13548387096774195
protein_0236,protein_0397,0.25287356321839083
protein_0236,protein_0398,0.1681902337421893
protein_0236,protein_0399,0.3333333333333333
protein_0256,protein_0000,0.11926605504587157
protein_0256,protein_0001,0.14953271028037382
protein_0256,protein_0002,0.13
protein_0256,protein_0003,0.14912280701754385
protein_0256,protein_0005,0.18518518518518517
protein_0256,protein_0006,0.10256410256410256
protein_0256,protein_0007,0.1717171717171717
protein_0256,protein_0009,0.17592592592592593
protein_0256,protein_0010,0.13934426229508196
protein_0256,protein_0011,0.15789473684210525
protein_0256,protein_0012,0.13513513513513514
protein_0256,protein_0013,0.1308411214953271
protein_0256,protein_0015,0.18018018018018017
protein_0256,protein_0016,0.18518518518518517
protein_0256,protein_0017,0.16541353383458646
protein_0256,protein_0018,0.1619047619047619
protein_0256,protein_0019,0.18095238095238095
protein_0256,protein_0020,0.14285714285714285
protein_0256,protein_0021,0.14285714285714285
protein_0256,protein_0022,0.12871287128712872
protein_0256,protein_0023,0.14678899082568808
protein_0256,protein_0024,0.3559322033898305
protein_0256,protein_0025,0.14423076923076922
protein_0256,protein_0026,0.18181818181818182
protein_0256,protein_0028,0.13675213675213677
protein_0256,protein_0029,0.15151515151515152
protein_0256,protein_0030,0.3387096774193548
protein_0256,protein_0031,0.21818181818181817
protein_0256,protein_0033,0.1504424778761062
protein_0256,protein_0034,0.13861386138613863
protein_0256,protein_0035,0.45454545454545453
protein_0256,protein_0036,0.15151515151515152
protein_0256,protein_0037,0.16346153846153846
protein_0256,protein_0038,0.16346153846153846
protein_0256,protein_0039,0.16037735849056603
protein_0256,protein_0041,0.1282051282051282
protein_0256,protein_0042,0.14150943396226415
protein_0256,protein_0043,0.1509433962264151
protein_0256,protein_0044,0.16666666666666666
protein_0256,protein_0045,0.1509433962264151
protein_0256,protein_0046,0.1553398058252427
protein_0256,protein_0048,0.12121212121212122
protein_0256,protein_0049,0.16346153846153846
protein_0256,protein_0050,0.1592920353982301
protein_0256,protein_0051,0.1553398058252427
protein_0256,protein_0052,0.1574074074074074
protein_0256,protein_0053,0.14285714285714285
protein_0256,protein_0054,0.3870967741935484
protein_0256,protein_0055,0.423728813559322
protein_0256,protein_0056,0.13761467889908258
protein_0256,protein_0057,0.1553398058252427
protein_0256,protein_0058,0.17142857142857143
protein_0256,protein_0059,0.1792452830188679
protein_0256,protein_0060,0.09803921568627451
protein_0256,protein_0063,0.1261682242990654
protein_0256,protein_0065,0.14655172413793102
protein_0256,protein_0066,0.13761467889908258
protein_0256,protein_0067,0.11206896551724138
protein_0256,protein_0068,0.14285714285714285
protein_0256,protein_0069,0.1509433962264151
protein_0256,protein_0070,0.16666666666666666
protein_0256,protein_0071,0.13793103448275862
protein_0256,protein_0072,0.14285714285714285
protein_0256,protein_0073,0.1509433962264151
protein_0256,protein_0074,0.1509433962264151
protein_0256,protein_0075,0.16822429906542055
protein_0256,protein_0076,0.13725490196078433
protein_0256,protein_0077,0.11538461538461539
protein_0256,protein_0078,0.16964285714285715
protein_0256,protein_0079,0.16964285714285715
protein_0256,protein_0080,0.1320754716981132
protein_0256,protein_0081,0.11428571428571428
protein_0256,protein_0082,0.1565217391304348
protein_0256,protein_0083,0.10101010101010101
protein_0256,protein_0084,0.18018018018018017
protein_0256,protein_0085,0.17094017094017094
protein_0256,protein_0086,0.13793103448275862
protein_0256,protein_0087,0.15151515151515152
protein_0256,protein_0088,0.1346153846153846
protein_0256,protein_0089,0.15384615384615385
protein_0256,protein_0090,0.18181818181818182
protein_0256,protein_0091,0.15384615384615385
protein_0256,protein_0092,0.15384615384615385
protein_0256,protein_0093,0.11926605504587157
protein_0256,protein_0094,0.36134453781512604
protein_0256,protein_0095,0.17094017094017094
protein_0256,protein_0096,0.14814814814814814
protein_0256,protein_0097,0.13513513513513514
protein_0256,protein_0099,0.15384615384615385
protein_0256,protein_0101,0.16822429906542055
protein_0256,protein_0102,0.16161616161616163
protein_0256,protein_0103,0.16806722689075632
protein_0256,protein_0104,0.36065573770491804
protein_0256,protein_0105,0.1111111111111111
protein_0256,protein_0106,0.140625
protein_0256,protein_0107,0.1346153846153846
protein_0256,protein_0108,0.15315315315315314
protein_0256,protein_0109,0.1619047619047619
protein_0256,protein_0110,0.17699115044247787
protein_0256,protein_0111,0.16037735849056603
protein_0256,protein_0112,0.16521739130434782
protein_0256,protein_0113,0.13592233009708737
protein_0256,protein_0114,0.12727272727272726
protein_0256,protein_0115,0.1320754716981132
protein_0256,protein_0116,0.13157894736842105
protein_0256,protein_0117,0.13157894736842105
protein_0256,protein_0118,0.1553398058252427
protein_0256,protein_0119,0.11711711711711711
protein_0256,protein_0120,0.16521739130434782
protein_0256,protein_0121,0.16521739130434782
protein_0256,protein_0122,0.18446601941747573
protein_0256,protein_0123,0.1568627450980392
protein_0256,protein_0124,0.1559633027522936
protein_0256,protein_0125,0.168141592920354
protein_0256,protein_0126,0.1592920353982301
protein_0256,protein_0127,0.1523809523809524
protein_0256,protein_0129,0.1262135922330097
protein_0256,protein_0130,0.15833333333333333
protein_0256,protein_0131,0.17647058823529413
protein_0256,protein_0132,0.10344827586206896
protein_0256,protein_0133,0.10344827586206896
protein_0256,protein_0134,0.11818181818181818
protein_0256,protein_0136,0.5641025641025641
protein_0256,protein_0137,0.5641025641025641
protein_0256,protein_0139,0.15
protein_0256,protein_0140,0.144
protein_0256,protein_0141,0.17475728155339806
protein_0256,protein_0142,0.1388888888888889
protein_0256,protein_0143,0.14423076923076922
protein_0256,protein_0144,0.12121212121212122
protein_0256,protein_0145,0.15151515151515152
protein_0256,protein_0146,0.16161616161616163
protein_0256,protein_0147,0.14782608695652175
protein_0256,protein_0148,0.18627450980392157
protein_0256,protein_0149,0.1509433962264151
protein_0256,protein_0150,0.09259259259259259
protein_0256,protein_0151,0.1559633027522936
protein_0256,protein_0152,0.18811881188118812
protein_0256,protein_0153,0.14018691588785046
protein_0256,protein_0154,0.1388888888888889
protein_0256,protein_0155,0.12295081967213115
protein_0256,protein_0157,0.12380952380952381
protein_0256,protein_0158,0.1919191919191919
protein_0256,protein_0159,0.18
protein_0256,protein_0160,0.1509433962264151
protein_0256,protein_0161,0.4444444444444444
protein_0256,protein_0163,0.14018691588785046
protein_0256,protein_0164,0.13725490196078433
protein_0256,protein_0165,0.15841584158415842
protein_0256,protein_0166,0.17647058823529413
protein_0256,protein_0167,0.15079365079365079
protein_0256,protein_0168,0.14912280701754385
protein_0256,protein_0169,0.4017094017094017
protein_0256,protein_0170,0.1782178217821782
protein_0256,protein_0172,0.3644067796610169
protein_0256,protein_0173,0.13934426229508196
protein_0256,protein_0174,0.13333333333333333
protein_0256,protein_0175,0.14953271028037382
protein_0256,protein_0176,0.16161616161616163
protein_0256,protein_0177,0.18811881188118812
protein_0256,protein_0178,0.3474576271186441
protein_0256,protein_0179,0.3559322033898305
protein_0256,protein_0180,0.1440677966101695
protein_0256,protein_0181,0.1206896551724138
protein_0256,protein_0182,0.14423076923076922
protein_0256,protein_0183,0.19298245614035087
protein_0256,protein_0184,0.09900990099009901
protein_0256,protein_0185,0.17475728155339806
protein_0256,protein_0186,0.14912280701754385
protein_0256,protein_0187,0.14953271028037382
protein_0256,protein_0188,0.15151515151515152
protein_0256,protein_0189,0.14018691588785046
protein_0256,protein_0190,0.16037735849056603
protein_0256,protein_0191,0.15789473684210525
protein_0256,protein_0192,0.09433962264150944
protein_0256,protein_0193,0.14634146341463414
protein_0256,protein_0194,0.13761467889908258
protein_0256,protein_0195,0.14953271028037382
protein_0256,protein_0196,0.1509433962264151
protein_0256,protein_0197,0.11711711711711711
protein_0256,protein_0198,0.09734513274336283
protein_0256,protein_0199,0.12844036697247707
protein_0256,protein_0201,0.1743119266055046
protein_0256,protein_0202,0.14150943396226415
protein_0256,protein_0203,0.3898305084745763
protein_0256,protein_0204,0.15151515151515152
protein_0256,protein_0205,0.1141552511415525
protein_0256,protein_0206,0.12962962962962962
protein_0256,protein_0208,0.14615384615384616
protein_0256,protein_0209,0.16666666666666666
protein_0256,protein_0210,0.13861386138613863
protein_0256,protein_0211,0.2
protein_0256,protein_0212,0.16037735849056603
protein_0256,protein_0214,0.12037037037037036
protein_0256,protein_0217,0.1346153846153846
protein_0256,protein_0218,0.18796992481203006
protein_0256,protein_0219,0.39166666666666666
protein_0256,protein_0220,0.1588785046728972
protein_0256,protein_0221,0.13157894736842105
protein_0256,protein_0222,0.1553398058252427
protein_0256,protein_0223,0.1523809523809524
protein_0256,protein_0224,0.14
protein_0256,protein_0225,0.16822429906542055
protein_0256,protein_0227,0.11428571428571428
protein_0256,protein_0228,0.19607843137254902
protein_0256,protein_0229,0.13761467889908258
protein_0256,protein_0231,0.14285714285714285
protein_0256,protein_0232,0.1568627450980392
protein_0256,protein_0233,0.19285714285714287
protein_0256,protein_0234,0.11965811965811966
protein_0256,protein_0235,0.18691588785046728
protein_0256,protein_0237,0.11320754716981132
protein_0256,protein_0238,0.16312056737588654
protein_0256,protein_0239,0.12871287128712872
protein_0256,protein_0240,0.10679611650485436
protein_0256,protein_0241,0.15
protein_0256,protein_0242,0.1414141414141414
protein_0256,protein_0243,0.13
protein_0256,protein_0244,0.1346153846153846
protein_0256,protein_0245,0.224
protein_0256,protein_0246,0.17699115044247787
protein_0256,protein_0247,0.13274336283185842
protein_0256,protein_0248,0.1651376146788991
protein_0256,protein_0249,0.15384615384615385
protein_0256,protein_0250,0.12
protein_0256,protein_0251,0.10091743119266056
protein_0256,protein_0252,0.14545454545454545
protein_0256,protein_0253,0.12096774193548387
protein_0256,protein_0254,0.1111111111111111
protein_0256,protein_0255,0.14444444444444443
protein_0256,protein_0257,0.9393939393939394
protein_0256,protein_0258,0.11538461538461539
protein_0256,protein_0259,0.17307692307692307
protein_0256,protein_0261,0.13636363636363635
protein_0256,protein_0262,0.17266187050359713
protein_0256,protein_0263,0.1736111111111111
protein_0256,protein_0264,0.16521739130434782
protein_0256,protein_0265,0.16521739130434782
protein_0256,protein_0266,0.15315315315315314
protein_0256,protein_0268,0.125
protein_0256,protein_0269,0.5254237288135594
protein_0256,protein_0270,0.1619047619047619
protein_0256,protein_0271,0.1717171717171717
protein_0256,protein_0272,0.16037735849056603
protein_0256,protein_0273,0.16037735849056603
protein_0256,protein_0274,0.14285714285714285
protein_0256,protein_0275,0.1592920353982301
protein_0256,protein_0276,0.12380952380952381
protein_0256,protein_0277,0.13131313131313133
protein_0256,protein_0278,0.10476190476190476
protein_0256,protein_0280,0.1414141414141414
protein_0256,protein_0281,0.1111111111111111
protein_0256,protein_0282,0.07920792079207921
protein_0256,protein_0283,0.10454545454545454
protein_0256,protein_0284,0.14563106796116504
protein_0256,protein_0285,0.13592233009708737
protein_0256,protein_0286,0.16346153846153846
protein_0256,protein_0287,0.1016949152542373
protein_0256,protein_0289,0.1414141414141414
protein_0256,protein_0290,0.21052631578947367
protein_0256,protein_0291,0.18446601941747573
protein_0256,protein_0292,0.1568627450980392
protein_0256,protein_0293,0.1574074074074074
protein_0256,protein_0294,0.18446601941747573
protein_0256,protein_0295,0.15
protein_0256,protein_0296,0.3275862068965517
protein_0256,protein_0297,0.15841584158415842
protein_0256,protein_0298,0.15
protein_0256,protein_0299,0.1782178217821782
protein_0256,protein_0301,0.16346153846153846
protein_0256,protein_0302,0.11926605504587157
protein_0256,protein_0303,0.16
protein_0256,protein_0304,0.16831683168316833
protein_0256,protein_0305,0.1553398058252427
protein_0256,protein_0306,0.4322033898305085
protein_0256,protein_0307,0.4322033898305085
protein_0256,protein_0308,0.2975206611570248
protein_0256,protein_0309,0.1485148514851485
protein_0256,protein_0310,0.1592920353982301
protein_0256,protein_0311,0.1568627450980392
protein_0256,protein_0313,0.15833333333333333
protein_0256,protein_0314,0.12844036697247707
protein_0256,protein_0315,0.37168141592920356
protein_0256,protein_0316,0.1568627450980392
protein_0256,protein_0317,0.15789473684210525
protein_0256,protein_0318,0.1092436974789916
protein_0256,protein_0319,0.10377358490566038
protein_0256,protein_0320,0.13592233009708737
protein_0256,protein_0321,0.17475728155339806
protein_0256,protein_0322,0.17142857142857143
protein_0256,protein_0324,0.14150943396226415
protein_0256,protein_0325,0.13709677419354838
protein_0256,protein_0326,0.14285714285714285
protein_0256,protein_0327,0.10185185185185185
protein_0256,protein_0328,0.16521739130434782
protein_0256,protein_0329,0.16521739130434782
protein_0256,protein_0330,0.1308411214953271
protein_0256,protein_0331,0.15151515151515152
protein_0256,protein_0332,0.18421052631578946
protein_0256,protein_0333,0.17391304347826086
protein_0256,protein_0334,0.16666666666666666
protein_0256,protein_0335,0.17592592592592593
protein_0256,protein_0336,0.1717171717171717
protein_0256,protein_0337,0.1724137931034483
protein_0256,protein_0338,0.13636363636363635
protein_0256,protein_0339,0.17647058823529413
protein_0256,protein_0340,0.18181818181818182
protein_0256,protein_0342,0.15151515151515152
protein_0256,protein_0343,0.11764705882352941
protein_0256,protein_0344,0.17
protein_0256,protein_0345,0.13953488372093023
protein_0256,protein_0347,0.1414141414141414
protein_0256,protein_0348,0.27350427350427353
protein_0256,protein_0349,0.16964285714285715
protein_0256,protein_0350,0.14953271028037382
protein_0256,protein_0351,0.14
protein_0256,protein_0352,0.18811881188118812
protein_0256,protein_0353,0.14655172413793102
protein_0256,protein_0354,0.11428571428571428
protein_0256,protein_0355,0.15966386554621848
protein_0256,protein_0357,0.2833333333333333
protein_0256,protein_0359,0.3697478991596639
protein_0256,protein_0360,0.1485148514851485
protein_0256,protein_0361,0.3559322033898305
protein_0256,protein_0362,0.14285714285714285
protein_0256,protein_0363,0.14285714285714285
protein_0256,protein_0364,0.12037037037037036
protein_0256,protein_0365,0.16822429906542055
protein_0256,protein_0367,0.17117117117117117
protein_0256,protein_0368,0.17592592592592593
protein_0256,protein_0369,0.1485148514851485
protein_0256,protein_0371,0.1111111111111111
protein_0256,protein_0372,0.11009174311926606
protein_0256,protein_0373,0.14049586776859505
protein_0256,protein_0374,0.3474576271186441
protein_0256,protein_0375,0.1504424778761062
protein_0256,protein_0376,0.16071428571428573
protein_0256,protein_0377,0.125
protein_0256,protein_0378,0.15789473684210525
protein_0256,protein_0379,0.13333333333333333
protein_0256,protein_0380,0.13333333333333333
protein_0256,protein_0381,0.13333333333333333
protein_0256,protein_0382,0.18518518518518517
protein_0256,protein_0383,0.16161616161616163
protein_0256,protein_0384,0.14150943396226415
protein_0256,protein_0385,0.1559633027522936
protein_0256,protein_0386,0.22935779816513763
protein_0256,protein_0387,0.7070707070707071
protein_0256,protein_0388,0.15
protein_0256,protein_0389,0.13592233009708737
protein_0256,protein_0390,0.1271186440677966
protein_0256,protein_0391,0.1650485436893204
protein_0256,protein_0392,0.12264150943396226
protein_0256,protein_0393,0.1320754716981132
protein_0256,protein_0394,0.2857142857142857
protein_0256,protein_0395,0.16981132075471697
protein_0256,protein_0396,0.25
protein_0256,protein_0397,0.15841584158415842
protein_0256,protein_0398,0.1693548387096774
protein_0256,protein_0399,0.12295081967213115
protein_0260,protein_0000,0.16091954022988506
protein_0260,protein_0001,0.24495176654097195
protein_0260,protein_0002,0.18072289156626506
protein_0260,protein_0003,0.19101123595505617
protein_0260,protein_0005,0.1839080459770115
protein_0260,protein_0006,0.17045454545454544
protein_0260,protein_0007,0.6042284644052616
protein_0260,protein_0009,0.21348314606741572
protein_0260,protein_0010,0.22727272727272727
protein_0260,protein_0011,0.1702127659574468
protein_0260,protein_0012,0.1511627906976744
protein_0260,protein_0013,0.20270270270270271
protein_0260,protein_0015,0.17307692307692307
protein_0260,protein_0016,0.19
protein_0260,protein_0017,0.15625
protein_0260,protein_0018,0.1724137931034483
protein_0260,protein_0019,0.2634874671403017
protein_0260,protein_0020,0.13793103448275862
protein_0260,protein_0021,0.1744186046511628
protein_0260,protein_0022,0.15346790890269152
protein_0260,protein_0023,0.15692640692640691
protein_0260,protein_0024,0.15384615384615385
protein_0260,protein_0025,0.15730337078651685
protein_0260,protein_0026,0.12403100775193798
protein_0260,protein_0028,0.16
protein_0260,protein_0029,0.5086258286653991
protein_0260,protein_0030,0.16806722689075632
protein_0260,protein_0031,0.14563106796116504
protein_0260,protein_0033,0.17582417582417584
protein_0260,protein_0034,0.17045454545454544
protein_0260,protein_0035,0.17346938775510204
protein_0260,protein_0036,0.34485370950888194
protein_0260,protein_0037,0.14418526031102097
protein_0260,protein_0038,0.14418526031102097
protein_0260,protein_0039,0.21348314606741572
protein_0260,protein_0041,0.16091954022988506
protein_0260,protein_0042,0.18604651162790697
protein_0260,protein_0043,0.16853932584269662
protein_0260,protein_0044,0.18888888888888888
protein_0260,protein_0045,0.2
protein_0260,protein_0046,0.590339791767954
protein_0260,protein_0048,0.15053763440860216
protein_0260,protein_0049,0.1595744680851064
protein_0260,protein_0050,0.18811881188118812
protein_0260,protein_0051,0.3182615939902431
protein_0260,protein_0052,0.17391304347826086
protein_0260,protein_0053,0.1590909090909091
protein_0260,protein_0054,0.14285714285714285
protein_0260,protein_0055,0.15384615384615385
protein_0260,protein_0056,0.1471143473570658
protein_0260,protein_0057,0.5879630968660161
protein_0260,protein_0058,0.19718309859154928
protein_0260,protein_0059,0.15730337078651685
protein_0260,protein_0060,0.1578706248854682
protein_0260,protein_0063,0.0892018779342723
protein_0260,protein_0065,0.15384615384615385
protein_0260,protein_0066,0.16
protein_0260,protein_0067,0.19767441860465115
protein_0260,protein_0068,0.1839080459770115
protein_0260,protein_0069,0.14444444444444443
protein_0260,protein_0070,0.18681318681318682
protein_0260,protein_0071,0.16853932584269662
protein_0260,protein_0072,0.31645768025078375
protein_0260,protein_0073,0.1590909090909091
protein_0260,protein_0074,0.19540229885057472
protein_0260,protein_0075,0.15812500000000002
protein_0260,protein_0076,0.19480519480519481
protein_0260,protein_0077,0.16091954022988506
protein_0260,protein_0078,0.17142857142857143
protein_0260,protein_0079,0.17142857142857143
protein_0260,protein_0080,0.14942528735632185
protein_0260,protein_0081,0.17045454545454544
protein_0260,protein_0082,0.16
protein_0260,protein_0083,0.16091954022988506
protein_0260,protein_0084,0.18593644354293443
protein_0260,protein_0085,0.16
protein_0260,protein_0086,0.17
protein_0260,protein_0087,0.3443329564725834
protein_0260,protein_0088,0.16091954022988506
protein_0260,protein_0089,0.14437318674606808
protein_0260,protein_0090,0.14437318674606808
protein_0260,protein_0091,0.1504424778761062
protein_0260,protein_0092,0.1504424778761062
protein_0260,protein_0093,0.18072289156626506
protein_0260,protein_0094,0.14912280701754385
protein_0260,protein_0095,0.1511379800853485
protein_0260,protein_0096,0.1553398058252427
protein_0260,protein_0097,0.14705882352941177
protein_0260,protein_0099,0.14945842068483578
protein_0260,protein_0101,0.16091954022988506
protein_0260,protein_0102,0.15730337078651685
protein_0260,protein_0103,0.14772727272727273
protein_0260,protein_0104,0.1452991452991453
protein_0260,protein_0105,0.2153846153846154
protein_0260,protein_0106,0.13475499092558985
protein_0260,protein_0107,0.16853932584269662
protein_0260,protein_0108,0.1839080459770115
protein_0260,protein_0109,0.2489975710716903
protein_0260,protein_0110,0.15730337078651685
protein_0260,protein_0111,0.15730337078651685
protein_0260,protein_0112,0.17
protein_0260,protein_0113,0.1978021978021978
protein_0260,protein_0114,0.19318181818181818
protein_0260,protein_0115,0.14457831325301204
protein_0260,protein_0116,0.1290513833992095
protein_0260,protein_0117,0.1290513833992095
protein_0260,protein_0118,0.271775290265939
protein_0260,protein_0119,0.18
protein_0260,protein_0120,0.16666666666666666
protein_0260,protein_0121,0.16666666666666666
protein_0260,protein_0122,0.13928329952670723
protein_0260,protein_0123,0.3379937304075235
protein_0260,protein_0124,0.17777777777777778
protein_0260,protein_0125,0.19387755102040816
protein_0260,protein_0126,0.19
protein_0260,protein_0127,0.21348314606741572
protein_0260,protein_0129,0.15730337078651685
protein_0260,protein_0130,0.14598511555033294
protein_0260,protein_0131,0.18461538461538463
protein_0260,protein_0132,0.12844036697247707
protein_0260,protein_0133,0.12844036697247707
protein_0260,protein_0134,0.16279069767441862
protein_0260,protein_0136,0.16666666666666666
protein_0260,protein_0137,0.176
protein_0260,protein_0139,0.25007056820362367
protein_0260,protein_0140,0.16853932584269662
protein_0260,protein_0141,0.14588859416445624
protein_0260,protein_0142,0.13953488372093023
protein_0260,protein_0143,0.1839080459770115
protein_0260,protein_0144,0.17204301075268819
protein_0260,protein_0145,0.366258624484808
protein_0260,protein_0146,0.15789473684210525
protein_0260,protein_0147,0.14942528735632185
protein_0260,protein_0148,0.16091954022988506
protein_0260,protein_0149,0.3764639933820968
protein_0260,protein_0150,0.1590909090909091
protein_0260,protein_0151,0.1797752808988764
protein_0260,protein_0152,0.3060041742093102
protein_0260,protein_0153,0.14866568031124994
protein_0260,protein_0154,0.16286454773296877
protein_0260,protein_0155,0.11965811965811966
protein_0260,protein_0157,0.17647058823529413
protein_0260,protein_0158,0.38955526224128767
protein_0260,protein_0159,0.2111111111111111
protein_0260,protein_0160,0.1744186046511628
protein_0260,protein_0161,0.15254237288135594
protein_0260,protein_0163,0.16346153846153846
protein_0260,protein_0164,0.18181818181818182
protein_0260,protein_0165,0.3041088222122704
protein_0260,protein_0166,0.14772727272727273
protein_0260,protein_0167,0.14269227905591542
protein_0260,protein_0168,0.1381877745514109
protein_0260,protein_0169,0.15126050420168066
protein_0260,protein_0170,0.14285714285714285
protein_0260,protein_0172,0.15254237288135594
protein_0260,protein_0173,0.1590909090909091
protein_0260,protein_0174,0.18888888888888888
protein_0260,protein_0175,0.1724137931034483
protein_0260,protein_0176,0.2774664750957854
protein_0260,protein_0177,0.31691048415186346
protein_0260,protein_0178,0.15789473684210525
protein_0260,protein_0179,0.17543859649122806
protein_0260,protein_0180,0.1797752808988764
protein_0260,protein_0181,0.1839080459770115
protein_0260,protein_0182,0.13793103448275862
protein_0260,protein_0183,0.16161616161616163
protein_0260,protein_0184,0.13793103448275862
protein_0260,protein_0185,0.18181818181818182
protein_0260,protein_0186,0.1568627450980392
protein_0260,protein_0187,0.16853932584269662
protein_0260,protein_0188,0.2752070219263754
protein_0260,protein_0189,0.18085106382978725
protein_0260,protein_0190,0.19101123595505617
protein_0260,protein_0191,0.17582417582417584
protein_0260,protein_0192,0.1686746987951807
protein_0260,protein_0193,0.16853932584269662
protein_0260,protein_0194,0.16666666666666666
protein_0260,protein_0195,0.13793103448275862
protein_0260,protein_0196,0.17045454545454544
protein_0260,protein_0197,0.13793103448275862
protein_0260,protein_0198,0.14772727272727273
protein_0260,protein_0199,0.17777777777777778
protein_0260,protein_0201,0.15384615384615385
protein_0260,protein_0202,0.1839080459770115
protein_0260,protein_0203,0.13445378151260504
protein_0260,protein_0204,0.3939749814037511
protein_0260,protein_0205,0.0995260663507109
protein_0260,protein_0206,0.16091954022988506
protein_0260,protein_0208,0.1556438127090301
protein_0260,protein_0209,0.1839080459770115
protein_0260,protein_0210,0.1839080459770115
protein_0260,protein_0211,0.15101742252959172
protein_0260,protein_0212,0.1917808219178082
protein_0260,protein_0214,0.2
protein_0260,protein_0217,0.1927710843373494
protein_0260,protein_0218,0.128
protein_0260,protein_0219,0.16806722689075632
protein_0260,protein_0220,0.20652173913043478
protein_0260,protein_0221,0.22857142857142856
protein_0260,protein_0222,0.14942528735632185
protein_0260,protein_0223,0.19444444444444445
protein_0260,protein_0224,0.2101501684271071
protein_0260,protein_0225,0.15853658536585366
protein_0260,protein_0227,0.18840579710144928
protein_0260,protein_0228,0.14820075757575757
protein_0260,protein_0229,0.17073170731707318
protein_0260,protein_0231,0.16853932584269662
protein_0260,protein_0232,0.3392853218455386
protein_0260,protein_0233,0.14173228346456693
protein_0260,protein_0234,0.17142857142857143
protein_0260,protein_0235,0.14256531936944308
protein_0260,protein_0237,0.14761720263463773
protein_0260,protein_0238,0.1450381679389313
protein_0260,protein_0239,0.1724137931034483
protein_0260,protein_0240,0.13636363636363635
protein_0260,protein_0241,0.1590909090909091
protein_0260,protein_0242,0.34156739811912223
protein_0260,protein_0243,0.15217391304347827
protein_0260,protein_0244,0.16127606928243196
protein_0260,protein_0245,0.1458678828081813
protein_0260,protein_0246,0.18478260869565216
protein_0260,protein_0247,0.15456708113325385
protein_0260,protein_0248,0.1797752808988764
protein_0260,protein_0249,0.15555555555555556
protein_0260,protein_0250,0.12851914414414414
protein_0260,protein_0251,0.15384615384615385
protein_0260,protein_0252,0.17857142857142858
protein_0260,protein_0253,0.1415929203539823
protein_0260,protein_0254,0.1425194448680799
protein_0260,protein_0255,0.1111111111111111
protein_0260,protein_0257,0.17307692307692307
protein_0260,protein_0258,0.1511627906976744
protein_0260,protein_0259,1.0
protein_0260,protein_0261,0.19607843137254902
protein_0260,protein_0262,0.1276595744680851
protein_0260,protein_0263,0.125
protein_0260,protein_0264,0.1839080459770115
protein_0260,protein_0265,0.1839080459770115
protein_0260,protein_0266,0.1442355269668481
protein_0260,protein_0268,0.17073170731707318
protein_0260,protein_0269,0.14655172413793102
protein_0260,protein_0270,0.2465753424657534
protein_0260,protein_0271,0.35682780619259746
protein_0260,protein_0272,0.136509324009324
protein_0260,protein_0273,0.15502599018961857
protein_0260,protein_0274,0.19101123595505617
protein_0260,protein_0275,0.17
protein_0260,protein_0276,0.16483516483516483
protein_0260,protein_0277,0.23102269406514
protein_0260,protein_0278,0.2111111111111111
protein_0260,protein_0280,0.14814814814814814
protein_0260,protein_0281,0.16806722689075632
protein_0260,protein_0282,0.19718309859154928
protein_0260,protein_0283,0.0871559633027523
protein_0260,protein_0284,0.1510450333979746
protein_0260,protein_0285,0.1724137931034483
protein_0260,protein_0286,0.30299763417163594
protein_0260,protein_0287,0.15315315315315314
protein_0260,protein_0289,0.1808823529411765
protein_0260,protein_0290,0.1568627450980392
protein_0260,protein_0291,0.15114638447971782
protein_0260,protein_0292,0.25442213957956084
protein_0260,protein_0293,0.19101123595505617
protein_0260,protein_0294,0.15114638447971782
protein_0260,protein_0295,0.5025302283922974
protein_0260,protein_0296,0.1415929203539823
protein_0260,protein_0297,0.6654475792406827
protein_0260,protein_0298,0.35439095387371244
protein_0260,protein_0299,0.13762254901960785
protein_0260,protein_0301,0.1494107744107744
protein_0260,protein_0302,0.0967741935483871
protein_0260,protein_0303,0.1891891891891892
protein_0260,protein_0304,0.1869022869022869
protein_0260,protein_0305,0.15899966543994648
protein_0260,protein_0306,0.15384615384615385
protein_0260,protein_0307,0.1694915254237288
protein_0260,protein_0308,0.1391304347826087
protein_0260,protein_0309,0.15346790890269152
protein_0260,protein_0310,0.16
protein_0260,protein_0311,0.13043478260869565
protein_0260,protein_0313,0.12154150197628459
protein_0260,protein_0314,0.1836734693877551
protein_0260,protein_0315,0.14912280701754385
protein_0260,protein_0316,0.3418181818181818
protein_0260,protein_0317,0.17647058823529413
protein_0260,protein_0318,0.13793103448275862
protein_0260,protein_0319,0.21739130434782608
protein_0260,protein_0320,0.15730337078651685
protein_0260,protein_0321,0.17045454545454544
protein_0260,protein_0322,0.17647058823529413
protein_0260,protein_0324,0.22972972972972974
protein_0260,protein_0325,0.14357153763933422
protein_0260,protein_0326,0.175
protein_0260,protein_0327,0.1839080459770115
protein_0260,protein_0328,0.12727272727272726
protein_0260,protein_0329,0.12727272727272726
protein_0260,protein_0330,0.18681318681318682
protein_0260,protein_0331,0.5134600313479624
protein_0260,protein_0332,0.15973630831643004
protein_0260,protein_0333,0.14783814316524596
protein_0260,protein_0334,0.14772727272727273
protein_0260,protein_0335,0.17647058823529413
protein_0260,protein_0336,0.3684862653419053
protein_0260,protein_0337,0.14973470661672908
protein_0260,protein_0338,0.1839080459770115
protein_0260,protein_0339,0.2862229806283515
protein_0260,protein_0340,0.1782178217821782
protein_0260,protein_0342,0.19718309859154928
protein_0260,protein_0343,0.17297979797979798
protein_0260,protein_0344,0.1724137931034483
protein_0260,protein_0345,0.15021929824561403
protein_0260,protein_0347,0.31949085397361254
protein_0260,protein_0348,0.14655172413793102
protein_0260,protein_0349,0.16831683168316833
protein_0260,protein_0350,0.14444444444444443
protein_0260,protein_0351,0.14606741573033707
protein_0260,protein_0352,0.31742424242424244
protein_0260,protein_0353,0.15059288537549406
protein_0260,protein_0354,0.16666666666666666
protein_0260,protein_0355,0.1576842506189297
protein_0260,protein_0357,0.13333333333333333
protein_0260,protein_0359,0.15
protein_0260,protein_0360,0.20430107526881722
protein_0260,protein_0361,0.1282051282051282
protein_0260,protein_0362,0.20652173913043478
protein_0260,protein_0363,0.20652173913043478
protein_0260,protein_0364,0.1956521739130435
protein_0260,protein_0365,0.17647058823529413
protein_0260,protein_0367,0.15841584158415842
protein_0260,protein_0368,0.15853658536585366
protein_0260,protein_0369,0.16
protein_0260,protein_0371,0.15384615384615385
protein_0260,protein_0372,0.09174311926605505
protein_0260,protein_0373,0.16
protein_0260,protein_0374,0.1440677966101695
protein_0260,protein_0375,0.18478260869565216
protein_0260,protein_0376,0.18181818181818182
protein_0260,protein_0377,0.19540229885057472
protein_0260,protein_0378,0.1388888888888889
protein_0260,protein_0379,0.14931695858419997
protein_0260,protein_0380,0.14931695858419997
protein_0260,protein_0381,0.14931695858419997
protein_0260,protein_0382,0.15923110817360653
protein_0260,protein_0383,0.318368444822273
protein_0260,protein_0384,0.17582417582417584
protein_0260,protein_0385,0.14705882352941177
protein_0260,protein_0386,0.16831683168316833
protein_0260,protein_0387,0.19387755102040816
protein_0260,protein_0388,0.3525391849529781
protein_0260,protein_0389,0.18309859154929578
protein_0260,protein_0390,0.14942528735632185
protein_0260,protein_0391,0.16483516483516483
protein_0260,protein_0392,0.1590909090909091
protein_0260,protein_0393,0.1590909090909091
protein_0260,protein_0394,0.1794871794871795
protein_0260,protein_0395,0.15730337078651685
protein_0260,protein_0396,0.15517241379310345
protein_0260,protein_0397,0.1511627906976744
protein_0260,protein_0398,0.1400862068965517
protein_0260,protein_0399,0.19540229885057472
protein_0267,protein_0000,0.22988505747126436
protein_0267,protein_0001,0.16091954022988506
protein_0267,protein_0002,0.13541666666666666
protein_0267,protein_0003,0.2111111111111111
protein_0267,protein_0005,0.13636363636363635
protein_0267,protein_0006,0.18181818181818182
protein_0267,protein_0007,0.1839080459770115
protein_0267,protein_0009,0.23655913978494625
protein_0267,protein_0010,0.23333333333333334
protein_0267,protein_0011,0.2
protein_0267,protein_0012,0.19318181818181818
protein_0267,protein_0013,0.15555555555555556
protein_0267,protein_0015,0.1926605504587156
protein_0267,protein_0016,0.18269230769230768
protein_0267,protein_0017,0.14492753623188406
protein_0267,protein_0018,0.1935483870967742
protein_0267,protein_0019,0.17045454545454544
protein_0267,protein_0020,0.16091954022988506
protein_0267,protein_0021,0.17582417582417584
protein_0267,protein_0022,0.24
protein_0267,protein_0023,0.1792452830188679
protein_0267,protein_0024,0.14049586776859505
protein_0267,protein_0025,0.19607843137254902
protein_0267,protein_0026,0.1510791366906475
protein_0267,protein_0028,0.10810810810810811
protein_0267,protein_0029,0.19148936170212766
protein_0267,protein_0030,0.16
protein_0267,protein_0031,0.14814814814814814
protein_0267,protein_0033,0.1724137931034483
protein_0267,protein_0034,0.18085106382978725
protein_0267,protein_0035,0.13043478260869565
protein_0267,protein_0036,0.1590909090909091
protein_0267,protein_0037,0.18888888888888888
protein_0267,protein_0038,0.18888888888888888
protein_0267,protein_0039,0.19540229885057472
protein_0267,protein_0041,0.16853932584269662
protein_0267,protein_0042,0.20212765957446807
protein_0267,protein_0043,0.1839080459770115
protein_0267,protein_0044,0.1724137931034483
protein_0267,protein_0045,0.1717171717171717
protein_0267,protein_0046,0.1724137931034483
protein_0267,protein_0048,0.17777777777777778
protein_0267,protein_0049,0.18888888888888888
protein_0267,protein_0050,0.1619047619047619
protein_0267,protein_0051,0.1839080459770115
protein_0267,protein_0052,0.2159090909090909
protein_0267,protein_0053,0.1875
protein_0267,protein_0054,0.1774193548387097
protein_0267,protein_0055,0.1557377049180328
protein_0267,protein_0056,0.1743119266055046
protein_0267,protein_0057,0.18888888888888888
protein_0267,protein_0058,0.18085106382978725
protein_0267,protein_0059,0.20212765957446807
protein_0267,protein_0060,0.14953271028037382
protein_0267,protein_0063,0.11682242990654206
protein_0267,protein_0065,0.18867924528301888
protein_0267,protein_0066,0.19090909090909092
protein_0267,protein_0067,0.1724137931034483
protein_0267,protein_0068,0.18478260869565216
protein_0267,protein_0069,0.21839080459770116
protein_0267,protein_0070,0.23076923076923078
protein_0267,protein_0071,0.2
protein_0267,protein_0072,0.16091954022988506
protein_0267,protein_0073,0.2553191489361702
protein_0267,protein_0074,0.15217391304347827
protein_0267,protein_0075,0.15
protein_0267,protein_0076,0.15625
protein_0267,protein_0077,0.19101123595505617
protein_0267,protein_0078,0.14150943396226415
protein_0267,protein_0079,0.14150943396226415
protein_0267,protein_0080,0.21649484536082475
protein_0267,protein_0081,0.1958762886597938
protein_0267,protein_0082,0.125
protein_0267,protein_0083,0.1724137931034483
protein_0267,protein_0084,0.24731182795698925
protein_0267,protein_0085,0.125
protein_0267,protein_0086,0.12037037037037036
protein_0267,protein_0087,0.16853932584269662
protein_0267,protein_0088,0.1956521739130435
protein_0267,protein_0089,0.14516129032258066
protein_0267,protein_0090,0.15447154471544716
protein_0267,protein_0091,0.1826086956521739
protein_0267,protein_0092,0.1826086956521739
protein_0267,protein_0093,0.12643678160919541
protein_0267,protein_0094,0.14285714285714285
protein_0267,protein_0095,0.13821138211382114
protein_0267,protein_0096,0.15315315315315314
protein_0267,protein_0097,0.19540229885057472
protein_0267,protein_0099,0.16831683168316833
protein_0267,protein_0101,0.21739130434782608
protein_0267,protein_0102,0.19540229885057472
protein_0267,protein_0103,0.1797752808988764
protein_0267,protein_0104,0.128
protein_0267,protein_0105,0.10344827586206896
protein_0267,protein_0106,0.15178571428571427
protein_0267,protein_0107,0.21739130434782608
protein_0267,protein_0108,0.19540229885057472
protein_0267,protein_0109,0.18181818181818182
protein_0267,protein_0110,0.26881720430107525
protein_0267,protein_0111,0.1839080459770115
protein_0267,protein_0112,0.18867924528301888
protein_0267,protein_0113,0.12643678160919541
protein_0267,protein_0114,0.2
protein_0267,protein_0115,0.2087912087912088
protein_0267,protein_0116,0.15037593984962405
protein_0267,protein_0117,0.15037593984962405
protein_0267,protein_0118,0.16842105263157894
protein_0267,protein_0119,0.16666666666666666
protein_0267,protein_0120,0.2247191011235955
protein_0267,protein_0121,0.2247191011235955
protein_0267,protein_0122,0.2
protein_0267,protein_0123,0.15730337078651685
protein_0267,protein_0124,0.1839080459770115
protein_0267,protein_0125,0.11607142857142858
protein_0267,protein_0126,0.18269230769230768
protein_0267,protein_0127,0.16091954022988506
protein_0267,protein_0129,0.20224719101123595
protein_0267,protein_0130,0.19047619047619047
protein_0267,protein_0131,0.13793103448275862
protein_0267,protein_0132,0.19090909090909092
protein_0267,protein_0133,0.19090909090909092
protein_0267,protein_0134,0.18888888888888888
protein_0267,protein_0136,0.1652892561983471
protein_0267,protein_0137,0.14166666666666666
protein_0267,protein_0139,0.16091954022988506
protein_0267,protein_0140,0.18681318681318682
protein_0267,protein_0141,0.22105263157894736
protein_0267,protein_0142,0.21348314606741572
protein_0267,protein_0143,0.20689655172413793
protein_0267,protein_0144,0.19101123595505617
protein_0267,protein_0145,0.17045454545454544
protein_0267,protein_0146,0.12643678160919541
protein_0267,protein_0147,0.16091954022988506
protein_0267,protein_0148,0.22988505747126436
protein_0267,protein_0149,0.17204301075268819
protein_0267,protein_0150,0.1724137931034483
protein_0267,protein_0151,0.20202020202020202
protein_0267,protein_0152,0.19318181818181818
protein_0267,protein_0153,0.2127659574468085
protein_0267,protein_0154,0.18181818181818182
protein_0267,protein_0155,0.175
protein_0267,protein_0157,0.1276595744680851
protein_0267,protein_0158,0.15217391304347827
protein_0267,protein_0159,0.22916666666666666
protein_0267,protein_0160,0.16494845360824742
protein_0267,protein_0161,0.1271186440677966
protein_0267,protein_0163,0.11
protein_0267,protein_0164,0.2087912087912088
protein_0267,protein_0165,0.16483516483516483
protein_0267,protein_0166,0.23076923076923078
protein_0267,protein_0167,0.17391304347826086
protein_0267,protein_0168,0.17391304347826086
protein_0267,protein_0169,0.16279069767441862
protein_0267,protein_0170,0.16853932584269662
protein_0267,protein_0172,0.15447154471544716
protein_0267,protein_0173,0.20689655172413793
protein_0267,protein_0174,0.14893617021276595
protein_0267,protein_0175,0.1595744680851064
protein_0267,protein_0176,0.16091954022988506
protein_0267,protein_0177,0.16091954022988506
protein_0267,protein_0178,0.11403508771929824
protein_0267,protein_0179,0.11403508771929824
protein_0267,protein_0180,0.1839080459770115
protein_0267,protein_0181,0.1724137931034483
protein_0267,protein_0182,0.1875
protein_0267,protein_0183,0.1388888888888889
protein_0267,protein_0184,0.17045454545454544
protein_0267,protein_0185,0.14
protein_0267,protein_0186,0.1574074074074074
protein_0267,protein_0187,0.1702127659574468
protein_0267,protein_0188,0.1839080459770115
protein_0267,protein_0189,0.1595744680851064
protein_0267,protein_0190,0.19148936170212766
protein_0267,protein_0191,0.2111111111111111
protein_0267,protein_0192,0.18681318681318682
protein_0267,protein_0193,0.19540229885057472
protein_0267,protein_0194,0.2696629213483146
protein_0267,protein_0195,0.24509803921568626
protein_0267,protein_0196,0.20408163265306123
protein_0267,protein_0197,0.16483516483516483
protein_0267,protein_0198,0.13793103448275862
protein_0267,protein_0199,0.18681318681318682
protein_0267,protein_0201,0.12
protein_0267,protein_0202,0.19540229885057472
protein_0267,protein_0203,0.19491525423728814
protein_0267,protein_0204,0.18888888888888888
protein_0267,protein_0205,0.13270142180094788
protein_0267,protein_0206,0.17045454545454544
protein_0267,protein_0208,0.176
protein_0267,protein_0209,0.1839080459770115
protein_0267,protein_0210,0.20454545454545456
protein_0267,protein_0211,0.2127659574468085
protein_0267,protein_0212,0.13636363636363635
protein_0267,protein_0214,0.16666666666666666
protein_0267,protein_0217,0.20212765957446807
protein_0267,protein_0218,0.15503875968992248
protein_0267,protein_0219,0.13333333333333333
protein_0267,protein_0220,0.2087912087912088
protein_0267,protein_0221,0.15789473684210525
protein_0267,protein_0222,0.2087912087912088
protein_0267,protein_0223,0.16483516483516483
protein_0267,protein_0224,0.18681318681318682
protein_0267,protein_0225,0.16
protein_0267,protein_0227,0.18181818181818182
protein_0267,protein_0228,0.1724137931034483
protein_0267,protein_0229,0.2
protein_0267,protein_0231,0.13793103448275862
protein_0267,protein_0232,0.1797752808988764
protein_0267,protein_0233,0.13846153846153847
protein_0267,protein_0234,0.1391304347826087
protein_0267,protein_0235,0.18867924528301888
protein_0267,protein_0237,0.20689655172413793
protein_0267,protein_0238,0.1347517730496454
protein_0267,protein_0239,0.19387755102040816
protein_0267,protein_0240,0.18556701030927836
protein_0267,protein_0241,0.13829787234042554
protein_0267,protein_0242,0.14942528735632185
protein_0267,protein_0243,0.18085106382978725
protein_0267,protein_0244,0.15306122448979592
protein_0267,protein_0245,0.17164179104477612
protein_0267,protein_0246,0.13402061855670103
protein_0267,protein_0247,0.19130434782608696
protein_0267,protein_0248,0.1724137931034483
protein_0267,protein_0249,0.19791666666666666
protein_0267,protein_0250,0.18556701030927836
protein_0267,protein_0251,0.17
protein_0267,protein_0252,0.15841584158415842
protein_0267,protein_0253,0.136
protein_0267,protein_0254,0.14606741573033707
protein_0267,protein_0255,0.12643678160919541
protein_0267,protein_0257,0.17142857142857143
protein_0267,protein_0258,0.2
protein_0267,protein_0259,0.21348314606741572
protein_0267,protein_0261,0.1346153846153846
protein_0267,protein_0262,0.1357142857142857
protein_0267,protein_0263,0.15942028985507245
protein_0267,protein_0264,0.21505376344086022
protein_0267,protein_0265,0.21505376344086022
protein_0267,protein_0266,0.15463917525773196
protein_0267,protein_0268,0.17204301075268819
protein_0267,protein_0269,0.17054263565891473
protein_0267,protein_0270,0.18181818181818182
protein_0267,protein_0271,0.18181818181818182
protein_0267,protein_0272,0.21505376344086022
protein_0267,protein_0273,0.23655913978494625
protein_0267,protein_0274,0.21739130434782608
protein_0267,protein_0275,0.1346153846153846
protein_0267,protein_0276,0.2087912087912088
protein_0267,protein_0277,0.1797752808988764
protein_0267,protein_0278,0.17777777777777778
protein_0267,protein_0280,0.1724137931034483
protein_0267,protein_0281,0.16
protein_0267,protein_0282,0.1111111111111111
protein_0267,protein_0283,0.11467889908256881
protein_0267,protein_0284,0.2111111111111111
protein_0267,protein_0285,0.1919191919191919
protein_0267,protein_0286,0.17391304347826086
protein_0267,protein_0287,0.1559633027522936
protein_0267,protein_0289,0.17525773195876287
protein_0267,protein_0290,0.15384615384615385
protein_0267,protein_0291,0.16363636363636364
protein_0267,protein_0292,0.17045454545454544
protein_0267,protein_0293,0.16666666666666666
protein_0267,protein_0294,0.16363636363636364
protein_0267,protein_0295,0.19148936170212766
protein_0267,protein_0296,0.13043478260869565
protein_0267,protein_0297,0.18181818181818182
protein_0267,protein_0298,0.1276595744680851
protein_0267,protein_0299,0.17708333333333334
protein_0267,protein_0301,0.24742268041237114
protein_0267,protein_0302,0.12669683257918551
protein_0267,protein_0303,0.17777777777777778
protein_0267,protein_0304,0.18085106382978725
protein_0267,protein_0305,0.17777777777777778
protein_0267,protein_0306,0.1557377049180328
protein_0267,protein_0307,0.13114754098360656
protein_0267,protein_0308,0.13043478260869565
protein_0267,protein_0309,0.1827956989247312
protein_0267,protein_0310,0.16964285714285715
protein_0267,protein_0311,0.17045454545454544
protein_0267,protein_0313,0.22340425531914893
protein_0267,protein_0314,0.13333333333333333
protein_0267,protein_0315,0.15789473684210525
protein_0267,protein_0316,0.19318181818181818
protein_0267,protein_0317,0.14814814814814814
protein_0267,protein_0318,0.13043478260869565
protein_0267,protein_0319,0.18681318681318682
protein_0267,protein_0320,0.1875
protein_0267,protein_0321,0.2391304347826087
protein_0267,protein_0322,0.21978021978021978
protein_0267,protein_0324,0.16304347826086957
protein_0267,protein_0325,0.16793893129770993
protein_0267,protein_0326,0.14130434782608695
protein_0267,protein_0327,0.16666666666666666
protein_0267,protein_0328,0.1875
protein_0267,protein_0329,0.1875
protein_0267,protein_0330,0.14285714285714285
protein_0267,protein_0331,0.19148936170212766
protein_0267,protein_0332,0.16666666666666666
protein_0267,protein_0333,0.18867924528301888
protein_0267,protein_0334,0.15217391304347827
protein_0267,protein_0335,0.11428571428571428
protein_0267,protein_0336,0.1724137931034483
protein_0267,protein_0337,0.24175824175824176
protein_0267,protein_0338,0.20689655172413793
protein_0267,protein_0339,0.17582417582417584
protein_0267,protein_0340,0.19811320754716982
protein_0267,protein_0342,0.11494252873563218
protein_0267,protein_0343,0.13793103448275862
protein_0267,protein_0344,0.21739130434782608
protein_0267,protein_0345,0.14285714285714285
protein_0267,protein_0347,0.21739130434782608
protein_0267,protein_0348,0.1724137931034483
protein_0267,protein_0349,0.1
protein_0267,protein_0350,0.1839080459770115
protein_0267,protein_0351,0.20212765957446807
protein_0267,protein_0352,0.16304347826086957
protein_0267,protein_0353,0.17272727272727273
protein_0267,protein_0354,0.1978021978021978
protein_0267,protein_0355,0.23333333333333334
protein_0267,protein_0357,0.13821138211382114
protein_0267,protein_0359,0.13445378151260504
protein_0267,protein_0360,0.17391304347826086
protein_0267,protein_0361,0.1271186440677966
protein_0267,protein_0362,0.1839080459770115
protein_0267,protein_0363,0.1839080459770115
protein_0267,protein_0364,0.1724137931034483
protein_0267,protein_0365,0.1590909090909091
protein_0267,protein_0367,0.125
protein_0267,protein_0368,0.1956521739130435
protein_0267,protein_0369,0.11494252873563218
protein_0267,protein_0371,0.23333333333333334
protein_0267,protein_0372,0.12385321100917432
protein_0267,protein_0373,0.1619047619047619
protein_0267,protein_0374,0.1440677966101695
protein_0267,protein_0375,0.1797752808988764
protein_0267,protein_0376,0.1415929203539823
protein_0267,protein_0377,0.21505376344086022
protein_0267,protein_0378,0.18584070796460178
protein_0267,protein_0379,0.18811881188118812
protein_0267,protein_0380,0.18811881188118812
protein_0267,protein_0381,0.18811881188118812
protein_0267,protein_0382,0.2
protein_0267,protein_0383,0.18181818181818182
protein_0267,protein_0384,0.23076923076923078
protein_0267,protein_0385,0.18518518518518517
protein_0267,protein_0386,0.14285714285714285
protein_0267,protein_0387,0.16037735849056603
protein_0267,protein_0388,0.17045454545454544
protein_0267,protein_0389,0.17391304347826086
protein_0267,protein_0390,0.1724137931034483
protein_0267,protein_0391,0.18681318681318682
protein_0267,protein_0392,0.20588235294117646
protein_0267,protein_0393,0.18085106382978725
protein_0267,protein_0394,0.13793103448275862
protein_0267,protein_0395,0.21739130434782608
protein_0267,protein_0396,0.11570247933884298
protein_0267,protein_0397,0.22727272727272727
protein_0267,protein_0398,0.1623931623931624
protein_0267,protein_0399,0.20212765957446807
protein_0279,protein_0000,0.28735632183908044
protein_0279,protein_0001,0.12941176470588237
protein_0279,protein_0002,0.15625
protein_0279,protein_0003,0.3103448275862069
protein_0279,protein_0005,0.2
protein_0279,protein_0006,0.2840909090909091
protein_0279,protein_0007,0.18604651162790697
protein_0279,protein_0009,0.1724137931034483
protein_0279,protein_0010,0.25287356321839083
protein_0279,protein_0011,0.3258426966292135
protein_0279,protein_0012,0.2727272727272727
protein_0279,protein_0013,0.14942528735632185
protein_0279,protein_0015,0.16037735849056603
protein_0279,protein_0016,0.10891089108910891
protein_0279,protein_0017,0.13953488372093023
protein_0279,protein_0018,0.3181818181818182
protein_0279,protein_0019,0.18823529411764706
protein_0279,protein_0020,0.3218390804597701
protein_0279,protein_0021,0.11494252873563218
protein_0279,protein_0022,0.16666666666666666
protein_0279,protein_0023,0.18691588785046728
protein_0279,protein_0024,0.14285714285714285
protein_0279,protein_0025,0.375
protein_0279,protein_0026,0.12781954887218044
protein_0279,protein_0028,0.125
protein_0279,protein_0029,0.13333333333333333
protein_0279,protein_0030,0.15
protein_0279,protein_0031,0.20192307692307693
protein_0279,protein_0033,0.28735632183908044
protein_0279,protein_0034,0.2777777777777778
protein_0279,protein_0035,0.1650485436893204
protein_0279,protein_0036,0.1411764705882353
protein_0279,protein_0037,0.25
protein_0279,protein_0038,0.25
protein_0279,protein_0039,0.16091954022988506
protein_0279,protein_0041,0.28735632183908044
protein_0279,protein_0042,0.1411764705882353
protein_0279,protein_0043,0.22988505747126436
protein_0279,protein_0044,0.2413793103448276
protein_0279,protein_0045,0.2967032967032967
protein_0279,protein_0046,0.18604651162790697
protein_0279,protein_0048,0.2413793103448276
protein_0279,protein_0049,0.27586206896551724
protein_0279,protein_0050,0.15
protein_0279,protein_0051,0.16470588235294117
protein_0279,protein_0052,0.27586206896551724
protein_0279,protein_0053,0.39325842696629215
protein_0279,protein_0054,0.13934426229508196
protein_0279,protein_0055,0.15
protein_0279,protein_0056,0.16037735849056603
protein_0279,protein_0057,0.1839080459770115
protein_0279,protein_0058,0.11764705882352941
protein_0279,protein_0059,0.2413793103448276
protein_0279,protein_0060,0.14
protein_0279,protein_0063,0.08878504672897196
protein_0279,protein_0065,0.18446601941747573
protein_0279,protein_0066,0.13043478260869565
protein_0279,protein_0067,0.2988505747126437
protein_0279,protein_0068,0.29545454545454547
protein_0279,protein_0069,0.23595505617977527
protein_0279,protein_0070,0.25
protein_0279,protein_0071,0.2840909090909091
protein_0279,protein_0072,0.13793103448275862
protein_0279,protein_0073,0.28888888888888886
protein_0279,protein_0074,0.16842105263157894
protein_0279,protein_0075,0.18269230769230768
protein_0279,protein_0076,0.11764705882352941
protein_0279,protein_0077,0.34444444444444444
protein_0279,protein_0078,0.17592592592592593
protein_0279,protein_0079,0.17592592592592593
protein_0279,protein_0080,0.26436781609195403
protein_0279,protein_0081,0.25287356321839083
protein_0279,protein_0082,0.16379310344827586
protein_0279,protein_0083,0.27586206896551724
protein_0279,protein_0084,0.23255813953488372
protein_0279,protein_0085,0.18487394957983194
protein_0279,protein_0086,0.19166666666666668
protein_0279,protein_0087,0.11627906976744186
protein_0279,protein_0088,0.28735632183908044
protein_0279,protein_0089,0.10833333333333334
protein_0279,protein_0090,0.14035087719298245
protein_0279,protein_0091,0.1504424778761062
protein_0279,protein_0092,0.1504424778761062
protein_0279,protein_0093,0.28735632183908044
protein_0279,protein_0094,0.1694915254237288
protein_0279,protein_0095,0.1322314049586777
protein_0279,protein_0096,0.1650485436893204
protein_0279,protein_0097,0.2988505747126437
protein_0279,protein_0099,0.13861386138613863
protein_0279,protein_0101,0.3
protein_0279,protein_0102,0.2222222222222222
protein_0279,protein_0103,0.21839080459770116
protein_0279,protein_0104,0.144
protein_0279,protein_0105,0.14285714285714285
protein_0279,protein_0106,0.15517241379310345
protein_0279,protein_0107,0.3181818181818182
protein_0279,protein_0108,0.20930232558139536
protein_0279,protein_0109,0.1411764705882353
protein_0279,protein_0110,0.27586206896551724
protein_0279,protein_0111,0.2413793103448276
protein_0279,protein_0112,0.21100917431192662
protein_0279,protein_0113,0.25842696629213485
protein_0279,protein_0114,0.29545454545454547
protein_0279,protein_0115,0.7176470588235294
protein_0279,protein_0116,0.14173228346456693
protein_0279,protein_0117,0.14173228346456693
protein_0279,protein_0118,0.16470588235294117
protein_0279,protein_0119,0.13333333333333333
protein_0279,protein_0120,0.32954545454545453
protein_0279,protein_0121,0.32954545454545453
protein_0279,protein_0122,0.2247191011235955
protein_0279,protein_0123,0.14444444444444443
protein_0279,protein_0124,0.32967032967032966
protein_0279,protein_0125,0.1523809523809524
protein_0279,protein_0126,0.12745098039215685
protein_0279,protein_0127,0.26436781609195403
protein_0279,protein_0129,0.14942528735632185
protein_0279,protein_0130,0.13392857142857142
protein_0279,protein_0131,0.13186813186813187
protein_0279,protein_0132,0.16981132075471697
protein_0279,protein_0133,0.16981132075471697
protein_0279,protein_0134,0.36666666666666664
protein_0279,protein_0136,0.15833333333333333
protein_0279,protein_0137,0.1652892561983471
protein_0279,protein_0139,0.16470588235294117
protein_0279,protein_0140,0.26136363636363635
protein_0279,protein_0141,0.22727272727272727
protein_0279,protein_0142,0.3191489361702128
protein_0279,protein_0143,0.26436781609195403
protein_0279,protein_0144,0.28735632183908044
protein_0279,protein_0145,0.14772727272727273
protein_0279,protein_0146,0.1511627906976744
protein_0279,protein_0147,0.26436781609195403
protein_0279,protein_0148,0.27586206896551724
protein_0279,protein_0149,0.16470588235294117
protein_0279,protein_0150,0.32222222222222224
protein_0279,protein_0151,0.21978021978021978
protein_0279,protein_0152,0.16470588235294117
protein_0279,protein_0153,0.18947368421052632
protein_0279,protein_0154,0.2247191011235955
protein_0279,protein_0155,0.15384615384615385
protein_0279,protein_0157,0.16279069767441862
protein_0279,protein_0158,0.16470588235294117
protein_0279,protein_0159,0.25287356321839083
protein_0279,protein_0160,0.3707865168539326
protein_0279,protein_0161,0.13559322033898305
protein_0279,protein_0163,0.13333333333333333
protein_0279,protein_0164,0.4367816091954023
protein_0279,protein_0165,0.1839080459770115
protein_0279,protein_0166,0.42528735632183906
protein_0279,protein_0167,0.12931034482758622
protein_0279,protein_0168,0.1206896551724138
protein_0279,protein_0169,0.12096774193548387
protein_0279,protein_0170,0.35294117647058826
protein_0279,protein_0172,0.11764705882352941
protein_0279,protein_0173,0.3333333333333333
protein_0279,protein_0174,0.38202247191011235
protein_0279,protein_0175,0.35555555555555557
protein_0279,protein_0176,0.17045454545454544
protein_0279,protein_0177,0.15294117647058825
protein_0279,protein_0178,0.1565217391304348
protein_0279,protein_0179,0.16521739130434782
protein_0279,protein_0180,0.2413793103448276
protein_0279,protein_0181,0.28735632183908044
protein_0279,protein_0182,0.4111111111111111
protein_0279,protein_0183,0.1792452830188679
protein_0279,protein_0184,0.3218390804597701
protein_0279,protein_0185,0.15384615384615385
protein_0279,protein_0186,0.1792452830188679
protein_0279,protein_0187,0.34831460674157305
protein_0279,protein_0188,0.17647058823529413
protein_0279,protein_0189,0.2696629213483146
protein_0279,protein_0190,0.2988505747126437
protein_0279,protein_0191,0.25287356321839083
protein_0279,protein_0192,0.42528735632183906
protein_0279,protein_0193,0.2840909090909091
protein_0279,protein_0194,0.21839080459770116
protein_0279,protein_0195,0.3103448275862069
protein_0279,protein_0196,0.28735632183908044
protein_0279,protein_0197,0.27586206896551724
protein_0279,protein_0198,0.3146067415730337
protein_0279,protein_0199,0.24175824175824176
protein_0279,protein_0201,0.14150943396226415
protein_0279,protein_0202,0.2903225806451613
protein_0279,protein_0203,0.16806722689075632
protein_0279,protein_0204,0.17647058823529413
protein_0279,protein_0205,0.09905660377358491
protein_0279,protein_0206,0.2727272727272727
protein_0279,protein_0208,0.18803418803418803
protein_0279,protein_0209,0.25287356321839083
protein_0279,protein_0210,0.3
protein_0279,protein_0211,0.1744186046511628
protein_0279,protein_0212,0.11764705882352941
protein_0279,protein_0214,0.1411764705882353
protein_0279,protein_0217,0.14772727272727273
protein_0279,protein_0218,0.176
protein_0279,protein_0219,0.16666666666666666
protein_0279,protein_0220,0.42045454545454547
protein_0279,protein_0221,0.15217391304347827
protein_0279,protein_0222,0.27586206896551724
protein_0279,protein_0223,0.11956521739130435
protein_0279,protein_0224,0.15294117647058825
protein_0279,protein_0225,0.10784313725490197
protein_0279,protein_0227,0.16470588235294117
protein_0279,protein_0228,0.1978021978021978
protein_0279,protein_0229,0.14606741573033707
protein_0279,protein_0231,0.3103448275862069
protein_0279,protein_0232,0.14772727272727273
protein_0279,protein_0233,0.13636363636363635
protein_0279,protein_0234,0.17117117117117117
protein_0279,protein_0235,0.17045454545454544
protein_0279,protein_0237,0.26136363636363635
protein_0279,protein_0238,0.15151515151515152
protein_0279,protein_0239,0.32954545454545453
protein_0279,protein_0240,0.3563218390804598
protein_0279,protein_0241,0.3103448275862069
protein_0279,protein_0242,0.15294117647058825
protein_0279,protein_0243,0.3409090909090909
protein_0279,protein_0244,0.15730337078651685
protein_0279,protein_0245,0.14912280701754385
protein_0279,protein_0246,0.19387755102040816
protein_0279,protein_0247,0.20430107526881722
protein_0279,protein_0248,0.3522727272727273
protein_0279,protein_0249,0.3707865168539326
protein_0279,protein_0250,0.18604651162790697
protein_0279,protein_0251,0.1827956989247312
protein_0279,protein_0252,0.1595744680851064
protein_0279,protein_0253,0.22608695652173913
protein_0279,protein_0254,0.18823529411764706
protein_0279,protein_0255,0.10526315789473684
protein_0279,protein_0257,0.10891089108910891
protein_0279,protein_0258,0.26436781609195403
protein_0279,protein_0259,0.13793103448275862
protein_0279,protein_0261,0.19811320754716982
protein_0279,protein_0262,0.1527777777777778
protein_0279,protein_0263,0.14705882352941177
protein_0279,protein_0264,0.2840909090909091
protein_0279,protein_0265,0.2840909090909091
protein_0279,protein_0266,0.18947368421052632
protein_0279,protein_0268,0.1568627450980392
protein_0279,protein_0269,0.14049586776859505
protein_0279,protein_0270,0.1744186046511628
protein_0279,protein_0271,0.17647058823529413
protein_0279,protein_0272,0.25
protein_0279,protein_0273,0.2840909090909091
protein_0279,protein_0274,0.23333333333333334
protein_0279,protein_0275,0.17757009345794392
protein_0279,protein_0276,0.27586206896551724
protein_0279,protein_0277,0.18888888888888888
protein_0279,protein_0278,0.2111111111111111
protein_0279,protein_0280,0.7647058823529411
protein_0279,protein_0281,0.10256410256410256
protein_0279,protein_0282,0.1111111111111111
protein_0279,protein_0283,0.0958904109589041
protein_0279,protein_0284,0.21839080459770116
protein_0279,protein_0285,0.26436781609195403
protein_0279,protein_0286,0.17777777777777778
protein_0279,protein_0287,0.19444444444444445
protein_0279,protein_0289,0.12790697674418605
protein_0279,protein_0290,0.13861386138613863
protein_0279,protein_0291,0.21176470588235294
protein_0279,protein_0292,0.16279069767441862
protein_0279,protein_0293,0.23076923076923078
protein_0279,protein_0294,0.24705882352941178
protein_0279,protein_0295,0.13333333333333333
protein_0279,protein_0296,0.1694915254237288
protein_0279,protein_0297,0.15294117647058825
protein_0279,protein_0298,0.13953488372093023
protein_0279,protein_0299,0.14893617021276595
protein_0279,protein_0301,0.2
protein_0279,protein_0302,0.12442396313364056
protein_0279,protein_0303,0.18823529411764706
protein_0279,protein_0304,0.12790697674418605
protein_0279,protein_0305,0.2127659574468085
protein_0279,protein_0306,0.15
protein_0279,protein_0307,0.1694915254237288
protein_0279,protein_0308,0.211864406779661
protein_0279,protein_0309,0.17346938775510204
protein_0279,protein_0310,0.17647058823529413
protein_0279,protein_0311,0.3563218390804598
protein_0279,protein_0313,0.25287356321839083
protein_0279,protein_0314,0.12
protein_0279,protein_0315,0.1937984496124031
protein_0279,protein_0316,0.12941176470588237
protein_0279,protein_0317,0.1308411214953271
protein_0279,protein_0318,0.1415929203539823
protein_0279,protein_0319,0.29213483146067415
protein_0279,protein_0320,0.38202247191011235
protein_0279,protein_0321,0.18888888888888888
protein_0279,protein_0322,0.6352941176470588
protein_0279,protein_0324,0.10588235294117647
protein_0279,protein_0325,0.15126050420168066
protein_0279,protein_0326,0.12087912087912088
protein_0279,protein_0327,0.3068181818181818
protein_0279,protein_0328,0.12962962962962962
protein_0279,protein_0329,0.12962962962962962
protein_0279,protein_0330,0.2808988764044944
protein_0279,protein_0331,0.14444444444444443
protein_0279,protein_0332,0.21839080459770116
protein_0279,protein_0333,0.2857142857142857
protein_0279,protein_0334,0.2159090909090909
protein_0279,protein_0335,0.10377358490566038
protein_0279,protein_0336,0.19318181818181818
protein_0279,protein_0337,0.25
protein_0279,protein_0338,0.25287356321839083
protein_0279,protein_0339,0.1511627906976744
protein_0279,protein_0340,0.18095238095238095
protein_0279,protein_0342,0.12643678160919541
protein_0279,protein_0343,0.11363636363636363
protein_0279,protein_0344,0.2988505747126437
protein_0279,protein_0345,0.14285714285714285
protein_0279,protein_0347,0.17647058823529413
protein_0279,protein_0348,0.14782608695652175
protein_0279,protein_0349,0.1523809523809524
protein_0279,protein_0350,0.3103448275862069
protein_0279,protein_0351,0.26136363636363635
protein_0279,protein_0352,0.16470588235294117
protein_0279,protein_0353,0.2
protein_0279,protein_0354,0.2608695652173913
protein_0279,protein_0355,0.25
protein_0279,protein_0357,0.1349206349206349
protein_0279,protein_0359,0.1417910447761194
protein_0279,protein_0360,0.3448275862068966
protein_0279,protein_0361,0.152
protein_0279,protein_0362,0.21839080459770116
protein_0279,protein_0363,0.21839080459770116
protein_0279,protein_0364,0.21839080459770116
protein_0279,protein_0365,0.20454545454545456
protein_0279,protein_0367,0.1559633027522936
protein_0279,protein_0368,0.1511627906976744
protein_0279,protein_0369,0.14772727272727273
protein_0279,protein_0371,0.28735632183908044
protein_0279,protein_0372,0.1004566210045662
protein_0279,protein_0373,0.1574074074074074
protein_0279,protein_0374,0.1557377049180328
protein_0279,protein_0375,0.3218390804597701
protein_0279,protein_0376,0.16216216216216217
protein_0279,protein_0377,0.4318181818181818
protein_0279,protein_0378,0.1415929203539823
protein_0279,protein_0379,0.18446601941747573
protein_0279,protein_0380,0.18446601941747573
protein_0279,protein_0381,0.18446601941747573
protein_0279,protein_0382,0.2988505747126437
protein_0279,protein_0383,0.16470588235294117
protein_0279,protein_0384,0.3258426966292135
protein_0279,protein_0385,0.16981132075471697
protein_0279,protein_0386,0.16981132075471697
protein_0279,protein_0387,0.11
protein_0279,protein_0388,0.11764705882352941
protein_0279,protein_0389,0.08045977011494253
protein_0279,protein_0390,0.27586206896551724
protein_0279,protein_0391,0.22727272727272727
protein_0279,protein_0392,0.3707865168539326
protein_0279,protein_0393,0.3707865168539326
protein_0279,protein_0394,0.18487394957983194
protein_0279,protein_0395,0.18681318681318682
protein_0279,protein_0396,0.13333333333333333
protein_0279,protein_0397,0.4470588235294118
protein_0279,protein_0398,0.12280701754385964
protein_0279,protein_0399,0.28735632183908044
protein_0288,protein_0000,0.3563218390804598
protein_0288,protein_0001,0.1625
protein_0288,protein_0002,0.12790697674418605
protein_0288,protein_0003,0.3333333333333333
protein_0288,protein_0005,0.16483516483516483
protein_0288,protein_0006,0.2840909090909091
protein_0288,protein_0007,0.16470588235294117
protein_0288,protein_0009,0.1839080459770115
protein_0288,protein_0010,0.2988505747126437
protein_0288,protein_0011,0.3218390804597701
protein_0288,protein_0012,0.3218390804597701
protein_0288,protein_0013,0.1686746987951807
protein_0288,protein_0015,0.1414141414141414
protein_0288,protein_0016,0.14705882352941177
protein_0288,protein_0017,0.14728682170542637
protein_0288,protein_0018,0.3448275862068966
protein_0288,protein_0019,0.19753086419753085
protein_0288,protein_0020,0.41379310344827586
protein_0288,protein_0021,0.14634146341463414
protein_0288,protein_0022,0.1414141414141414
protein_0288,protein_0023,0.15625
protein_0288,protein_0024,0.15447154471544716
protein_0288,protein_0025,0.4888888888888889
protein_0288,protein_0026,0.09302325581395349
protein_0288,protein_0028,0.14423076923076922
protein_0288,protein_0029,0.18292682926829268
protein_0288,protein_0030,0.15833333333333333
protein_0288,protein_0031,0.1485148514851485
protein_0288,protein_0033,0.2988505747126437
protein_0288,protein_0034,0.26436781609195403
protein_0288,protein_0035,0.14
protein_0288,protein_0036,0.1625
protein_0288,protein_0037,0.2413793103448276
protein_0288,protein_0038,0.2413793103448276
protein_0288,protein_0039,0.1839080459770115
protein_0288,protein_0041,0.3448275862068966
protein_0288,protein_0042,0.21176470588235294
protein_0288,protein_0043,0.28735632183908044
protein_0288,protein_0044,0.2857142857142857
protein_0288,protein_0045,0.33695652173913043
protein_0288,protein_0046,0.18072289156626506
protein_0288,protein_0048,0.3181818181818182
protein_0288,protein_0049,0.2988505747126437
protein_0288,protein_0050,0.06930693069306931
protein_0288,protein_0051,0.15555555555555556
protein_0288,protein_0052,0.3563218390804598
protein_0288,protein_0053,0.45977011494252873
protein_0288,protein_0054,0.14285714285714285
protein_0288,protein_0055,0.10256410256410256
protein_0288,protein_0056,0.14782608695652175
protein_0288,protein_0057,0.19753086419753085
protein_0288,protein_0058,0.1411764705882353
protein_0288,protein_0059,0.28735632183908044
protein_0288,protein_0060,0.1308411214953271
protein_0288,protein_0063,0.107981220657277
protein_0288,protein_0065,0.17
protein_0288,protein_0066,0.125
protein_0288,protein_0067,0.32608695652173914
protein_0288,protein_0068,0.22988505747126436
protein_0288,protein_0069,0.27586206896551724
protein_0288,protein_0070,0.20689655172413793
protein_0288,protein_0071,0.27586206896551724
protein_0288,protein_0072,0.175
protein_0288,protein_0073,0.2777777777777778
protein_0288,protein_0074,0.1590909090909091
protein_0288,protein_0075,0.1834862385321101
protein_0288,protein_0076,0.15
protein_0288,protein_0077,0.39080459770114945
protein_0288,protein_0078,0.09900990099009901
protein_0288,protein_0079,0.09900990099009901
protein_0288,protein_0080,0.3218390804597701
protein_0288,protein_0081,0.3103448275862069
protein_0288,protein_0082,0.17543859649122806
protein_0288,protein_0083,0.28735632183908044
protein_0288,protein_0084,0.23863636363636365
protein_0288,protein_0085,0.17543859649122806
protein_0288,protein_0086,0.17543859649122806
protein_0288,protein_0087,0.1375
protein_0288,protein_0088,0.3448275862068966
protein_0288,protein_0089,0.1
protein_0288,protein_0090,0.11290322580645161
protein_0288,protein_0091,0.11864406779661017
protein_0288,protein_0092,0.11864406779661017
protein_0288,protein_0093,0.3103448275862069
protein_0288,protein_0094,0.1623931623931624
protein_0288,protein_0095,0.12903225806451613
protein_0288,protein_0096,0.13392857142857142
protein_0288,protein_0097,0.29213483146067415
protein_0288,protein_0099,0.1485148514851485
protein_0288,protein_0101,0.2777777777777778
protein_0288,protein_0102,0.26436781609195403
protein_0288,protein_0103,0.21839080459770116
protein_0288,protein_0104,0.15
protein_0288,protein_0105,0.12745098039215685
protein_0288,protein_0106,0.17647058823529413
protein_0288,protein_0107,0.375
protein_0288,protein_0108,0.22988505747126436
protein_0288,protein_0109,0.12195121951219512
protein_0288,protein_0110,0.26436781609195403
protein_0288,protein_0111,0.2413793103448276
protein_0288,protein_0112,0.1619047619047619
protein_0288,protein_0113,0.27586206896551724
protein_0288,protein_0114,0.3333333333333333
protein_0288,protein_0115,0.4146341463414634
protein_0288,protein_0116,0.125
protein_0288,protein_0117,0.125
protein_0288,protein_0118,0.2
protein_0288,protein_0119,0.10891089108910891
protein_0288,protein_0120,0.4725274725274725
protein_0288,protein_0121,0.4725274725274725
protein_0288,protein_0122,0.2413793103448276
protein_0288,protein_0123,0.19753086419753085
protein_0288,protein_0124,0.4827586206896552
protein_0288,protein_0125,0.16
protein_0288,protein_0126,0.1941747572815534
protein_0288,protein_0127,0.3103448275862069
protein_0288,protein_0129,0.1839080459770115
protein_0288,protein_0130,0.12903225806451613
protein_0288,protein_0131,0.175
protein_0288,protein_0132,0.16216216216216217
protein_0288,protein_0133,0.16216216216216217
protein_0288,protein_0134,0.3333333333333333
protein_0288,protein_0136,0.15126050420168066
protein_0288,protein_0137,0.13114754098360656
protein_0288,protein_0139,0.18072289156626506
protein_0288,protein_0140,0.26436781609195403
protein_0288,protein_0141,0.25287356321839083
protein_0288,protein_0142,0.3103448275862069
protein_0288,protein_0143,0.3103448275862069
protein_0288,protein_0144,0.3333333333333333
protein_0288,protein_0145,0.1625
protein_0288,protein_0146,0.12941176470588237
protein_0288,protein_0147,0.3448275862068966
protein_0288,protein_0148,0.3333333333333333
protein_0288,protein_0149,0.18518518518518517
protein_0288,protein_0150,0.3103448275862069
protein_0288,protein_0151,0.2247191011235955
protein_0288,protein_0152,0.1951219512195122
protein_0288,protein_0153,0.18823529411764706
protein_0288,protein_0154,0.20930232558139536
protein_0288,protein_0155,0.16101694915254236
protein_0288,protein_0157,0.13953488372093023
protein_0288,protein_0158,0.175
protein_0288,protein_0159,0.29213483146067415
protein_0288,protein_0160,0.48314606741573035
protein_0288,protein_0161,0.14049586776859505
protein_0288,protein_0163,0.14
protein_0288,protein_0164,0.6206896551724138
protein_0288,protein_0165,0.1951219512195122
protein_0288,protein_0166,0.6206896551724138
protein_0288,protein_0167,0.1297709923664122
protein_0288,protein_0168,0.10909090909090909
protein_0288,protein_0169,0.14049586776859505
protein_0288,protein_0170,0.524390243902439
protein_0288,protein_0172,0.1271186440677966
protein_0288,protein_0173,0.47126436781609193
protein_0288,protein_0174,0.45977011494252873
protein_0288,protein_0175,0.4666666666666667
protein_0288,protein_0176,0.175
protein_0288,protein_0177,0.1927710843373494
protein_0288,protein_0178,0.17094017094017094
protein_0288,protein_0179,0.1504424778761062
protein_0288,protein_0180,0.22988505747126436
protein_0288,protein_0181,0.30337078651685395
protein_0288,protein_0182,0.41379310344827586
protein_0288,protein_0183,0.1717171717171717
protein_0288,protein_0184,0.5056179775280899
protein_0288,protein_0185,0.18181818181818182
protein_0288,protein_0186,0.18181818181818182
protein_0288,protein_0187,0.4772727272727273
protein_0288,protein_0188,0.18518518518518517
protein_0288,protein_0189,0.3146067415730337
protein_0288,protein_0190,0.3103448275862069
protein_0288,protein_0191,0.3448275862068966
protein_0288,protein_0192,0.7710843373493976
protein_0288,protein_0193,0.3563218390804598
protein_0288,protein_0194,0.21839080459770116
protein_0288,protein_0195,0.3448275862068966
protein_0288,protein_0196,0.2988505747126437
protein_0288,protein_0197,0.2988505747126437
protein_0288,protein_0198,0.3103448275862069
protein_0288,protein_0199,0.2777777777777778
protein_0288,protein_0201,0.13
protein_0288,protein_0202,0.3448275862068966
protein_0288,protein_0203,0.13333333333333333
protein_0288,protein_0204,0.2
protein_0288,protein_0205,0.10426540284360189
protein_0288,protein_0206,0.3218390804597701
protein_0288,protein_0208,0.15384615384615385
protein_0288,protein_0209,0.2967032967032967
protein_0288,protein_0210,0.32954545454545453
protein_0288,protein_0211,0.12
protein_0288,protein_0212,0.10344827586206896
protein_0288,protein_0214,0.10588235294117647
protein_0288,protein_0217,0.13636363636363635
protein_0288,protein_0218,0.11538461538461539
protein_0288,protein_0219,0.15833333333333333
protein_0288,protein_0220,0.4482758620689655
protein_0288,protein_0221,0.13953488372093023
protein_0288,protein_0222,0.32222222222222224
protein_0288,protein_0223,0.1111111111111111
protein_0288,protein_0224,0.18072289156626506
protein_0288,protein_0225,0.1368421052631579
protein_0288,protein_0227,0.15853658536585366
protein_0288,protein_0228,0.2127659574468085
protein_0288,protein_0229,0.18604651162790697
protein_0288,protein_0231,0.41379310344827586
protein_0288,protein_0232,0.18518518518518517
protein_0288,protein_0233,0.15151515151515152
protein_0288,protein_0234,0.1782178217821782
protein_0288,protein_0235,0.15853658536585366
protein_0288,protein_0237,0.25287356321839083
protein_0288,protein_0238,0.1450381679389313
protein_0288,protein_0239,0.5172413793103449
protein_0288,protein_0240,0.5057471264367817
protein_0288,protein_0241,0.5057471264367817
protein_0288,protein_0242,0.175
protein_0288,protein_0243,0.5172413793103449
protein_0288,protein_0244,0.16666666666666666
protein_0288,protein_0245,0.1440677966101695
protein_0288,protein_0246,0.1595744680851064
protein_0288,protein_0247,0.16981132075471697
protein_0288,protein_0248,0.4367816091954023
protein_0288,protein_0249,0.5517241379310345
protein_0288,protein_0250,0.15384615384615385
protein_0288,protein_0251,0.11458333333333333
protein_0288,protein_0252,0.15053763440860216
protein_0288,protein_0253,0.15384615384615385
protein_0288,protein_0254,0.17647058823529413
protein_0288,protein_0255,0.12571428571428572
protein_0288,protein_0257,0.16
protein_0288,protein_0258,0.2988505747126437
protein_0288,protein_0259,0.16483516483516483
protein_0288,protein_0261,0.1485148514851485
protein_0288,protein_0262,0.1510791366906475
protein_0288,protein_0263,0.13970588235294118
protein_0288,protein_0264,0.3218390804597701
protein_0288,protein_0265,0.3218390804597701
protein_0288,protein_0266,0.16666666666666666
protein_0288,protein_0268,0.16279069767441862
protein_0288,protein_0269,0.1282051282051282
protein_0288,protein_0270,0.18181818181818182
protein_0288,protein_0271,0.2125
protein_0288,protein_0272,0.2727272727272727
protein_0288,protein_0273,0.2840909090909091
protein_0288,protein_0274,0.24719101123595505
protein_0288,protein_0275,0.15151515151515152
protein_0288,protein_0276,0.28735632183908044
protein_0288,protein_0277,0.1728395061728395
protein_0288,protein_0278,0.18888888888888888
protein_0288,protein_0280,0.4444444444444444
protein_0288,protein_0281,0.15178571428571427
protein_0288,protein_0282,0.047058823529411764
protein_0288,protein_0283,0.07339449541284404
protein_0288,protein_0284,0.2777777777777778
protein_0288,protein_0285,0.28735632183908044
protein_0288,protein_0286,0.17073170731707318
protein_0288,protein_0287,0.17592592592592593
protein_0288,protein_0289,0.1875
protein_0288,protein_0290,0.10576923076923077
protein_0288,protein_0291,0.225
protein_0288,protein_0292,0.1511627906976744
protein_0288,protein_0293,0.23863636363636365
protein_0288,protein_0294,0.225
protein_0288,protein_0295,0.2
protein_0288,protein_0296,0.11206896551724138
protein_0288,protein_0297,0.175
protein_0288,protein_0298,0.17073170731707318
protein_0288,protein_0299,0.21782178217821782
protein_0288,protein_0301,0.13186813186813187
protein_0288,protein_0302,0.12903225806451613
protein_0288,protein_0303,0.2125
protein_0288,protein_0304,0.1875
protein_0288,protein_0305,0.16037735849056603
protein_0288,protein_0306,0.10256410256410256
protein_0288,protein_0307,0.11666666666666667
protein_0288,protein_0308,0.1826086956521739
protein_0288,protein_0309,0.16326530612244897
protein_0288,protein_0310,0.17307692307692307
protein_0288,protein_0311,0.4367816091954023
protein_0288,protein_0313,0.25287356321839083
protein_0288,protein_0314,0.18181818181818182
protein_0288,protein_0315,0.16101694915254236
protein_0288,protein_0316,0.1625
protein_0288,protein_0317,0.13725490196078433
protein_0288,protein_0318,0.13392857142857142
protein_0288,protein_0319,0.27586206896551724
protein_0288,protein_0320,0.5287356321839081
protein_0288,protein_0321,0.2247191011235955
protein_0288,protein_0322,0.39759036144578314
protein_0288,protein_0324,0.19767441860465115
protein_0288,protein_0325,0.112
protein_0288,protein_0326,0.15294117647058825
protein_0288,protein_0327,0.28735632183908044
protein_0288,protein_0328,0.15966386554621848
protein_0288,protein_0329,0.15966386554621848
protein_0288,protein_0330,0.26436781609195403
protein_0288,protein_0331,0.2
protein_0288,protein_0332,0.21839080459770116
protein_0288,protein_0333,0.26136363636363635
protein_0288,protein_0334,0.27472527472527475
protein_0288,protein_0335,0.09900990099009901
protein_0288,protein_0336,0.16666666666666666
protein_0288,protein_0337,0.2413793103448276
protein_0288,protein_0338,0.2840909090909091
protein_0288,protein_0339,0.19318181818181818
protein_0288,protein_0340,0.11
protein_0288,protein_0342,0.14814814814814814
protein_0288,protein_0343,0.175
protein_0288,protein_0344,0.367816091954023
protein_0288,protein_0345,0.1557377049180328
protein_0288,protein_0347,0.16470588235294117
protein_0288,protein_0348,0.17355371900826447
protein_0288,protein_0349,0.1782178217821782
protein_0288,protein_0350,0.367816091954023
protein_0288,protein_0351,0.2988505747126437
protein_0288,protein_0352,0.18518518518518517
protein_0288,protein_0353,0.1557377049180328
protein_0288,protein_0354,0.23404255319148937
protein_0288,protein_0355,0.2413793103448276
protein_0288,protein_0357,0.15
protein_0288,protein_0359,0.15447154471544716
protein_0288,protein_0360,0.3793103448275862
protein_0288,protein_0361,0.18110236220472442
protein_0288,protein_0362,0.22826086956521738
protein_0288,protein_0363,0.22826086956521738
protein_0288,protein_0364,0.2391304347826087
protein_0288,protein_0365,0.21348314606741572
protein_0288,protein_0367,0.16
protein_0288,protein_0368,0.13043478260869565
protein_0288,protein_0369,0.12048192771084337
protein_0288,protein_0371,0.3563218390804598
protein_0288,protein_0372,0.10550458715596331
protein_0288,protein_0373,0.125
protein_0288,protein_0374,0.12396694214876033
protein_0288,protein_0375,0.3409090909090909
protein_0288,protein_0376,0.1523809523809524
protein_0288,protein_0377,0.4827586206896552
protein_0288,protein_0378,0.1875
protein_0288,protein_0379,0.13829787234042554
protein_0288,protein_0380,0.13829787234042554
protein_0288,protein_0381,0.13829787234042554
protein_0288,protein_0382,0.2808988764044944
protein_0288,protein_0383,0.1625
protein_0288,protein_0384,0.3448275862068966
protein_0288,protein_0385,0.1320754716981132
protein_0288,protein_0386,0.19047619047619047
protein_0288,protein_0387,0.11458333333333333
protein_0288,protein_0388,0.1625
protein_0288,protein_0389,0.1566265060240964
protein_0288,protein_0390,0.28735632183908044
protein_0288,protein_0391,0.21348314606741572
protein_0288,protein_0392,0.5
protein_0288,protein_0393,0.5
protein_0288,protein_0394,0.16521739130434782
protein_0288,protein_0395,0.23333333333333334
protein_0288,protein_0396,0.125
protein_0288,protein_0397,0.4588235294117647
protein_0288,protein_0398,0.09009009009009009
protein_0288,protein_0399,0.3563218390804598
protein_0300,protein_0000,0.16363636363636364
protein_0300,protein_0001,0.1527777777777778
protein_0300,protein_0002,0.2087912087912088
protein_0300,protein_0003,0.21153846153846154
protein_0300,protein_0005,0.17857142857142858
protein_0300,protein_0006,0.1414141414141414
protein_0300,protein_0007,0.14097222222222222
protein_0300,protein_0009,0.1702127659574468
protein_0300,protein_0010,0.15306122448979592
protein_0300,protein_0011,0.20212765957446807
protein_0300,protein_0012,0.14583333333333334
protein_0300,protein_0013,0.15384615384615385
protein_0300,protein_0015,0.11
protein_0300,protein_0016,0.27102803738317754
protein_0300,protein_0017,0.13076923076923078
protein_0300,protein_0018,0.16494845360824742
protein_0300,protein_0019,0.14886363636363636
protein_0300,protein_0020,0.14414414414414414
protein_0300,protein_0021,0.20224719101123595
protein_0300,protein_0022,0.15905797101449276
protein_0300,protein_0023,0.1525
protein_0300,protein_0024,0.10569105691056911
protein_0300,protein_0025,0.1559633027522936
protein_0300,protein_0026,0.1297709923664122
protein_0300,protein_0028,0.1388888888888889
protein_0300,protein_0029,0.14829545454545456
protein_0300,protein_0030,0.15441176470588236
protein_0300,protein_0031,0.1588785046728972
protein_0300,protein_0033,0.18085106382978725
protein_0300,protein_0034,0.16
protein_0300,protein_0035,0.1509433962264151
protein_0300,protein_0036,0.13877005347593582
protein_0300,protein_0037,0.14927261227071476
protein_0300,protein_0038,0.14927261227071476
protein_0300,protein_0039,0.14432989690721648
protein_0300,protein_0041,0.16666666666666666
protein_0300,protein_0042,0.20224719101123595
protein_0300,protein_0043,0.23
protein_0300,protein_0044,0.21
protein_0300,protein_0045,0.18947368421052632
protein_0300,protein_0046,0.13551336146272855
protein_0300,protein_0048,0.1595744680851064
protein_0300,protein_0049,0.13829787234042554
protein_0300,protein_0050,0.18269230769230768
protein_0300,protein_0051,0.17565068980230408
protein_0300,protein_0052,0.17894736842105263
protein_0300,protein_0053,0.1595744680851064
protein_0300,protein_0054,0.13114754098360656
protein_0300,protein_0055,0.15503875968992248
protein_0300,protein_0056,0.17183307115758306
protein_0300,protein_0057,0.14662447257383965
protein_0300,protein_0058,0.17525773195876287
protein_0300,protein_0059,0.19
protein_0300,protein_0060,0.16546077684691546
protein_0300,protein_0063,0.11214953271028037
protein_0300,protein_0065,0.1188118811881188
protein_0300,protein_0066,0.13725490196078433
protein_0300,protein_0067,0.1326530612244898
protein_0300,protein_0068,0.18085106382978725
protein_0300,protein_0069,0.1650485436893204
protein_0300,protein_0070,0.1595744680851064
protein_0300,protein_0071,0.18181818181818182
protein_0300,protein_0072,0.14886363636363636
protein_0300,protein_0073,0.14736842105263157
protein_0300,protein_0074,0.14285714285714285
protein_0300,protein_0075,0.1525958948639361
protein_0300,protein_0076,0.19318181818181818
protein_0300,protein_0077,0.19148936170212766
protein_0300,protein_0078,0.12962962962962962
protein_0300,protein_0079,0.12962962962962962
protein_0300,protein_0080,0.17894736842105263
protein_0300,protein_0081,0.16842105263157894
protein_0300,protein_0082,0.1523809523809524
protein_0300,protein_0083,0.15463917525773196
protein_0300,protein_0084,0.15289664252797894
protein_0300,protein_0085,0.17
protein_0300,protein_0086,0.17
protein_0300,protein_0087,0.16491657077100114
protein_0300,protein_0088,0.17
protein_0300,protein_0089,0.09565940713853599
protein_0300,protein_0090,0.10807467386414754
protein_0300,protein_0091,0.12280701754385964
protein_0300,protein_0092,0.12280701754385964
protein_0300,protein_0093,0.1276595744680851
protein_0300,protein_0094,0.1826086956521739
protein_0300,protein_0095,0.10434782608695653
protein_0300,protein_0096,0.16037735849056603
protein_0300,protein_0097,0.18478260869565216
protein_0300,protein_0099,0.11151981997576597
protein_0300,protein_0101,0.14583333333333334
protein_0300,protein_0102,0.20408163265306123
protein_0300,protein_0103,0.20833333333333334
protein_0300,protein_0104,0.125
protein_0300,protein_0105,0.16494845360824742
protein_0300,protein_0106,0.1276803824978267
protein_0300,protein_0107,0.15217391304347827
protein_0300,protein_0108,0.16326530612244897
protein_0300,protein_0109,0.13951310861423222
protein_0300,protein_0110,0.13829787234042554
protein_0300,protein_0111,0.17647058823529413
protein_0300,protein_0112,0.14
protein_0300,protein_0113,0.21
protein_0300,protein_0114,0.1559633027522936
protein_0300,protein_0115,0.1839080459770115
protein_0300,protein_0116,0.1318840579710145
protein_0300,protein_0117,0.1318840579710145
protein_0300,protein_0118,0.15110759493670886
protein_0300,protein_0119,0.1650485436893204
protein_0300,protein_0120,0.16
protein_0300,protein_0121,0.16
protein_0300,protein_0122,0.14914529914529914
protein_0300,protein_0123,0.14477848101265822
protein_0300,protein_0124,0.15
protein_0300,protein_0125,0.14
protein_0300,protein_0126,0.19811320754716982
protein_0300,protein_0127,0.1368421052631579
protein_0300,protein_0129,0.16129032258064516
protein_0300,protein_0130,0.09134906231094979
protein_0300,protein_0131,0.09851524879614768
protein_0300,protein_0132,0.1588785046728972
protein_0300,protein_0133,0.1588785046728972
protein_0300,protein_0134,0.1590909090909091
protein_0300,protein_0136,0.125
protein_0300,protein_0137,0.16129032258064516
protein_0300,protein_0139,0.13133490073145246
protein_0300,protein_0140,0.1595744680851064
protein_0300,protein_0141,0.15476447709593777
protein_0300,protein_0142,0.14583333333333334
protein_0300,protein_0143,0.1958762886597938
protein_0300,protein_0144,0.16129032258064516
protein_0300,protein_0145,0.1655241935483871
protein_0300,protein_0146,0.16279069767441862
protein_0300,protein_0147,0.1875
protein_0300,protein_0148,0.1834862385321101
protein_0300,protein_0149,0.1625
protein_0300,protein_0150,0.15789473684210525
protein_0300,protein_0151,0.13402061855670103
protein_0300,protein_0152,0.14116675839295542
protein_0300,protein_0153,0.15301003344481606
protein_0300,protein_0154,0.143685881778212
protein_0300,protein_0155,0.17886178861788618
protein_0300,protein_0157,0.20454545454545456
protein_0300,protein_0158,0.1530864197530864
protein_0300,protein_0159,0.20454545454545456
protein_0300,protein_0160,0.13636363636363635
protein_0300,protein_0161,0.1297709923664122
protein_0300,protein_0163,0.18
protein_0300,protein_0164,0.17204301075268819
protein_0300,protein_0165,0.13567073170731708
protein_0300,protein_0166,0.1827956989247312
protein_0300,protein_0167,0.10634057971014493
protein_0300,protein_0168,0.11485507246376811
protein_0300,protein_0169,0.13846153846153847
protein_0300,protein_0170,0.12222222222222222
protein_0300,protein_0172,0.14634146341463414
protein_0300,protein_0173,0.16326530612244897
protein_0300,protein_0174,0.125
protein_0300,protein_0175,0.12359550561797752
protein_0300,protein_0176,0.18977272727272726
protein_0300,protein_0177,0.13212025316455694
protein_0300,protein_0178,0.1504424778761062
protein_0300,protein_0179,0.16379310344827586
protein_0300,protein_0180,0.15151515151515152
protein_0300,protein_0181,0.13829787234042554
protein_0300,protein_0182,0.1650485436893204
protein_0300,protein_0183,0.12264150943396226
protein_0300,protein_0184,0.16483516483516483
protein_0300,protein_0185,0.25
protein_0300,protein_0186,0.11320754716981132
protein_0300,protein_0187,0.14444444444444443
protein_0300,protein_0188,0.14093406593406593
protein_0300,protein_0189,0.14563106796116504
protein_0300,protein_0190,0.1509433962264151
protein_0300,protein_0191,0.17391304347826086
protein_0300,protein_0192,0.15217391304347827
protein_0300,protein_0193,0.14
protein_0300,protein_0194,0.13541666666666666
protein_0300,protein_0195,0.17708333333333334
protein_0300,protein_0196,0.16666666666666666
protein_0300,protein_0197,0.11827956989247312
protein_0300,protein_0198,0.15625
protein_0300,protein_0199,0.15463917525773196
protein_0300,protein_0201,0.15841584158415842
protein_0300,protein_0202,0.15454545454545454
protein_0300,protein_0203,0.15966386554621848
protein_0300,protein_0204,0.17365350698684032
protein_0300,protein_0205,0.14691943127962084
protein_0300,protein_0206,0.14893617021276595
protein_0300,protein_0208,0.13977879481311975
protein_0300,protein_0209,0.2
protein_0300,protein_0210,0.1326530612244898
protein_0300,protein_0211,0.1088888888888889
protein_0300,protein_0212,0.1595744680851064
protein_0300,protein_0214,0.14705882352941177
protein_0300,protein_0217,0.19318181818181818
protein_0300,protein_0218,0.15625
protein_0300,protein_0219,0.12605042016806722
protein_0300,protein_0220,0.20408163265306123
protein_0300,protein_0221,0.16455696202531644
protein_0300,protein_0222,0.13829787234042554
protein_0300,protein_0223,0.16666666666666666
protein_0300,protein_0224,0.12147815434871376
protein_0300,protein_0225,0.2727272727272727
protein_0300,protein_0227,0.1839080459770115
protein_0300,protein_0228,0.2003658536585366
protein_0300,protein_0229,0.25
protein_0300,protein_0231,0.17525773195876287
protein_0300,protein_0232,0.17009493670886078
protein_0300,protein_0233,0.15441176470588236
protein_0300,protein_0234,0.17
protein_0300,protein_0235,0.16053748231966053
protein_0300,protein_0237,0.14971730397262312
protein_0300,protein_0238,0.1323529411764706
protein_0300,protein_0239,0.1651376146788991
protein_0300,protein_0240,0.16666666666666666
protein_0300,protein_0241,0.18681318681318682
protein_0300,protein_0242,0.142495126705653
protein_0300,protein_0243,0.1958762886597938
protein_0300,protein_0244,0.15558831412489948
protein_0300,protein_0245,0.14817764750860202
protein_0300,protein_0246,0.16161616161616163
protein_0300,protein_0247,0.16622103386809267
protein_0300,protein_0248,0.14705882352941177
protein_0300,protein_0249,0.15625
protein_0300,protein_0250,0.13471971066907776
protein_0300,protein_0251,0.2087912087912088
protein_0300,protein_0252,0.19767441860465115
protein_0300,protein_0253,0.1694915254237288
protein_0300,protein_0254,0.1728510744627686
protein_0300,protein_0255,0.10465116279069768
protein_0300,protein_0257,0.1588785046728972
protein_0300,protein_0258,0.14285714285714285
protein_0300,protein_0259,0.15175489067894132
protein_0300,protein_0261,0.1504424778761062
protein_0300,protein_0262,0.11678832116788321
protein_0300,protein_0263,0.15
protein_0300,protein_0264,0.1595744680851064
protein_0300,protein_0265,0.1595744680851064
protein_0300,protein_0266,0.2004871743885464
protein_0300,protein_0268,0.22727272727272727
protein_0300,protein_0269,0.14285714285714285
protein_0300,protein_0270,0.17346938775510204
protein_0300,protein_0271,0.12755598831548198
protein_0300,protein_0272,0.1267136329017517
protein_0300,protein_0273,0.13194973343488195
protein_0300,protein_0274,0.16494845360824742
protein_0300,protein_0275,0.17757009345794392
protein_0300,protein_0276,0.13333333333333333
protein_0300,protein_0277,0.15744039462866538
protein_0300,protein_0278,0.1414141414141414
protein_0300,protein_0280,0.23333333333333334
protein_0300,protein_0281,0.16071428571428573
protein_0300,protein_0282,0.17204301075268819
protein_0300,protein_0283,0.09545454545454546
protein_0300,protein_0284,0.13529411764705884
protein_0300,protein_0285,0.1782178217821782
protein_0300,protein_0286,0.14745011086474502
protein_0300,protein_0287,0.14912280701754385
protein_0300,protein_0289,0.11993414387031409
protein_0300,protein_0290,0.1568627450980392
protein_0300,protein_0291,0.15683962264150944
protein_0300,protein_0292,0.14194282463376476
protein_0300,protein_0293,0.14432989690721648
protein_0300,protein_0294,0.15683962264150944
protein_0300,protein_0295,0.16647727272727272
protein_0300,protein_0296,0.14035087719298245
protein_0300,protein_0297,0.1552589852008457
protein_0300,protein_0298,0.15069953364423716
protein_0300,protein_0299,0.42721396250808014
protein_0300,protein_0301,0.98125
protein_0300,protein_0302,0.1382488479262673
protein_0300,protein_0303,0.1978021978021978
protein_0300,protein_0304,0.11650233523611832
protein_0300,protein_0305,0.17032967032967034
protein_0300,protein_0306,0.15555555555555556
protein_0300,protein_0307,0.192
protein_0300,protein_0308,0.15517241379310345
protein_0300,protein_0309,0.1871936274509804
protein_0300,protein_0310,0.19811320754716982
protein_0300,protein_0311,0.14423076923076922
protein_0300,protein_0313,0.16885690446391322
protein_0300,protein_0314,0.1782178217821782
protein_0300,protein_0315,0.11304347826086956
protein_0300,protein_0316,0.14567307692307693
protein_0300,protein_0317,0.12
protein_0300,protein_0318,0.16964285714285715
protein_0300,protein_0319,0.17
protein_0300,protein_0320,0.16666666666666666
protein_0300,protein_0321,0.20430107526881722
protein_0300,protein_0322,0.14893617021276595
protein_0300,protein_0324,0.21839080459770116
protein_0300,protein_0325,0.116904047976012
protein_0300,protein_0326,0.1875
protein_0300,protein_0327,0.17204301075268819
protein_0300,protein_0328,0.1574074074074074
protein_0300,protein_0329,0.1574074074074074
protein_0300,protein_0330,0.1276595744680851
protein_0300,protein_0331,0.15511363636363637
protein_0300,protein_0332,0.1436039688466873
protein_0300,protein_0333,0.1460861650485437
protein_0300,protein_0334,0.125
protein_0300,protein_0335,0.1651376146788991
protein_0300,protein_0336,0.16366758241758242
protein_0300,protein_0337,0.1173352962826647
protein_0300,protein_0338,0.19047619047619047
protein_0300,protein_0339,0.1654562893943546
protein_0300,protein_0340,0.14
protein_0300,protein_0342,0.16470588235294117
protein_0300,protein_0343,0.12588652482269502
protein_0300,protein_0344,0.14130434782608695
protein_0300,protein_0345,0.1302378873854212
protein_0300,protein_0347,0.16169786096256683
protein_0300,protein_0348,0.12
protein_0300,protein_0349,0.12
protein_0300,protein_0350,0.18
protein_0300,protein_0351,0.1595744680851064
protein_0300,protein_0352,0.1441311852704258
protein_0300,protein_0353,0.13104500381388254
protein_0300,protein_0354,0.15789473684210525
protein_0300,protein_0355,0.15396158463385354
protein_0300,protein_0357,0.10655737704918032
protein_0300,protein_0359,0.14492753623188406
protein_0300,protein_0360,0.20833333333333334
protein_0300,protein_0361,0.11570247933884298
protein_0300,protein_0362,0.13
protein_0300,protein_0363,0.13
protein_0300,protein_0364,0.1346153846153846
protein_0300,protein_0365,0.1650485436893204
protein_0300,protein_0367,0.17307692307692307
protein_0300,protein_0368,0.23076923076923078
protein_0300,protein_0369,0.17894736842105263
protein_0300,protein_0371,0.15625
protein_0300,protein_0372,0.10454545454545454
protein_0300,protein_0373,0.12871287128712872
protein_0300,protein_0374,0.1487603305785124
protein_0300,protein_0375,0.15384615384615385
protein_0300,protein_0376,0.19230769230769232
protein_0300,protein_0377,0.22772277227722773
protein_0300,protein_0378,0.15315315315315314
protein_0300,protein_0379,0.16287878787878787
protein_0300,protein_0380,0.16287878787878787
protein_0300,protein_0381,0.16287878787878787
protein_0300,protein_0382,0.1855654761904762
protein_0300,protein_0383,0.17505411255411257
protein_0300,protein_0384,0.1919191919191919
protein_0300,protein_0385,0.1111111111111111
protein_0300,protein_0386,0.16
protein_0300,protein_0387,0.14953271028037382
protein_0300,protein_0388,0.14148980441115272
protein_0300,protein_0389,0.2159090909090909
protein_0300,protein_0390,0.1595744680851064
protein_0300,protein_0391,0.18947368421052632
protein_0300,protein_0392,0.17708333333333334
protein_0300,protein_0393,0.16666666666666666
protein_0300,protein_0394,0.13445378151260504
protein_0300,protein_0395,0.1935483870967742
protein_0300,protein_0396,0.15254237288135594
protein_0300,protein_0397,0.18888888888888888
protein_0300,protein_0398,0.14104439406128866
protein_0300,protein_0399,0.1717171717171717
protein_0312,protein_0000,0.42528735632183906
protein_0312,protein_0001,0.16091954022988506
protein_0312,protein_0002,0.19101123595505617
protein_0312,protein_0003,0.3793103448275862
protein_0312,protein_0005,0.1368421052631579
protein_0312,protein_0006,0.32954545454545453
protein_0312,protein_0007,0.19101123595505617
protein_0312,protein_0009,0.25287356321839083
protein_0312,protein_0010,0.367816091954023
protein_0312,protein_0011,0.367816091954023
protein_0312,protein_0012,0.44565217391304346
protein_0312,protein_0013,0.10112359550561797
protein_0312,protein_0015,0.14285714285714285
protein_0312,protein_0016,0.14705882352941177
protein_0312,protein_0017,0.140625
protein_0312,protein_0018,0.367816091954023
protein_0312,protein_0019,0.1839080459770115
protein_0312,protein_0020,0.3793103448275862
protein_0312,protein_0021,0.1956521739130435
protein_0312,protein_0022,0.12871287128712872
protein_0312,protein_0023,0.125
protein_0312,protein_0024,0.1092436974789916
protein_0312,protein_0025,0.45454545454545453
protein_0312,protein_0026,0.13953488372093023
protein_0312,protein_0028,0.11023622047244094
protein_0312,protein_0029,0.14942528735632185
protein_0312,protein_0030,0.1532258064516129
protein_0312,protein_0031,0.16831683168316833
protein_0312,protein_0033,0.3448275862068966
protein_0312,protein_0034,0.39080459770114945
protein_0312,protein_0035,0.12745098039215685
protein_0312,protein_0036,0.1797752808988764
protein_0312,protein_0037,0.2840909090909091
protein_0312,protein_0038,0.2840909090909091
protein_0312,protein_0039,0.22988505747126436
protein_0312,protein_0041,0.3793103448275862
protein_0312,protein_0042,0.20689655172413793
protein_0312,protein_0043,0.26436781609195403
protein_0312,protein_0044,0.25287356321839083
protein_0312,protein_0045,0.36363636363636365
protein_0312,protein_0046,0.15730337078651685
protein_0312,protein_0048,0.3218390804597701
protein_0312,protein_0049,0.3103448275862069
protein_0312,protein_0050,0.16346153846153846
protein_0312,protein_0051,0.21839080459770116
protein_0312,protein_0052,0.40229885057471265
protein_0312,protein_0053,0.4827586206896552
protein_0312,protein_0054,0.1111111111111111
protein_0312,protein_0055,0.12605042016806722
protein_0312,protein_0056,0.14423076923076922
protein_0312,protein_0057,0.19101123595505617
protein_0312,protein_0058,0.12643678160919541
protein_0312,protein_0059,0.26436781609195403
protein_0312,protein_0060,0.14814814814814814
protein_0312,protein_0063,0.09345794392523364
protein_0312,protein_0065,0.19607843137254902
protein_0312,protein_0066,0.12037037037037036
protein_0312,protein_0067,0.3448275862068966
protein_0312,protein_0068,0.28735632183908044
protein_0312,protein_0069,0.3563218390804598
protein_0312,protein_0070,0.22988505747126436
protein_0312,protein_0071,0.27586206896551724
protein_0312,protein_0072,0.19540229885057472
protein_0312,protein_0073,0.25287356321839083
protein_0312,protein_0074,0.15384615384615385
protein_0312,protein_0075,0.17346938775510204
protein_0312,protein_0076,0.17777777777777778
protein_0312,protein_0077,0.8275862068965517
protein_0312,protein_0078,0.14150943396226415
protein_0312,protein_0079,0.14150943396226415
protein_0312,protein_0080,0.39080459770114945
protein_0312,protein_0081,0.3793103448275862
protein_0312,protein_0082,0.10810810810810811
protein_0312,protein_0083,0.375
protein_0312,protein_0084,0.2840909090909091
protein_0312,protein_0085,0.15315315315315314
protein_0312,protein_0086,0.13513513513513514
protein_0312,protein_0087,0.17
protein_0312,protein_0088,0.3448275862068966
protein_0312,protein_0089,0.13333333333333333
protein_0312,protein_0090,0.15
protein_0312,protein_0091,0.18584070796460178
protein_0312,protein_0092,0.18584070796460178
protein_0312,protein_0093,0.3333333333333333
protein_0312,protein_0094,0.1565217391304348
protein_0312,protein_0095,0.1487603305785124
protein_0312,protein_0096,0.1559633027522936
protein_0312,protein_0097,0.3333333333333333
protein_0312,protein_0099,0.13131313131313133
protein_0312,protein_0101,0.26436781609195403
protein_0312,protein_0102,0.2988505747126437
protein_0312,protein_0103,0.2988505747126437
protein_0312,protein_0104,0.15384615384615385
protein_0312,protein_0105,0.07954545454545454
protein_0312,protein_0106,0.1452991452991453
protein_0312,protein_0107,0.3793103448275862
protein_0312,protein_0108,0.2222222222222222
protein_0312,protein_0109,0.19318181818181818
protein_0312,protein_0110,0.3258426966292135
protein_0312,protein_0111,0.2413793103448276
protein_0312,protein_0112,0.12962962962962962
protein_0312,protein_0113,0.3333333333333333
protein_0312,protein_0114,0.367816091954023
protein_0312,protein_0115,0.3333333333333333
protein_0312,protein_0116,0.125
protein_0312,protein_0117,0.125
protein_0312,protein_0118,0.19101123595505617
protein_0312,protein_0119,0.17757009345794392
protein_0312,protein_0120,0.41379310344827586
protein_0312,protein_0121,0.41379310344827586
protein_0312,protein_0122,0.2840909090909091
protein_0312,protein_0123,0.14942528735632185
protein_0312,protein_0124,0.48863636363636365
protein_0312,protein_0125,0.1717171717171717
protein_0312,protein_0126,0.17142857142857143
protein_0312,protein_0127,0.367816091954023
protein_0312,protein_0129,0.1839080459770115
protein_0312,protein_0130,0.1694915254237288
protein_0312,protein_0131,0.13793103448275862
protein_0312,protein_0132,0.2222222222222222
protein_0312,protein_0133,0.2222222222222222
protein_0312,protein_0134,0.4
protein_0312,protein_0136,0.12605042016806722
protein_0312,protein_0137,0.13333333333333333
protein_0312,protein_0139,0.1724137931034483
protein_0312,protein_0140,0.3563218390804598
protein_0312,protein_0141,0.2840909090909091
protein_0312,protein_0142,0.41379310344827586
protein_0312,protein_0143,0.375
protein_0312,protein_0144,0.3333333333333333
protein_0312,protein_0145,0.1839080459770115
protein_0312,protein_0146,0.14942528735632185
protein_0312,protein_0147,0.48863636363636365
protein_0312,protein_0148,0.3793103448275862
protein_0312,protein_0149,0.20689655172413793
protein_0312,protein_0150,0.4
protein_0312,protein_0151,0.2
protein_0312,protein_0152,0.1839080459770115
protein_0312,protein_0153,0.18888888888888888
protein_0312,protein_0154,0.1797752808988764
protein_0312,protein_0155,0.12295081967213115
protein_0312,protein_0157,0.15789473684210525
protein_0312,protein_0158,0.1724137931034483
protein_0312,protein_0159,0.3563218390804598
protein_0312,protein_0160,0.4367816091954023
protein_0312,protein_0161,0.16
protein_0312,protein_0163,0.13725490196078433
protein_0312,protein_0164,0.3448275862068966
protein_0312,protein_0165,0.16853932584269662
protein_0312,protein_0166,0.3448275862068966
protein_0312,protein_0167,0.1592920353982301
protein_0312,protein_0168,0.1592920353982301
protein_0312,protein_0169,0.14285714285714285
protein_0312,protein_0170,0.40229885057471265
protein_0312,protein_0172,0.16806722689075632
protein_0312,protein_0173,0.42528735632183906
protein_0312,protein_0174,0.4772727272727273
protein_0312,protein_0175,0.4367816091954023
protein_0312,protein_0176,0.1595744680851064
protein_0312,protein_0177,0.16091954022988506
protein_0312,protein_0178,0.13043478260869565
protein_0312,protein_0179,0.14655172413793102
protein_0312,protein_0180,0.26436781609195403
protein_0312,protein_0181,0.3333333333333333
protein_0312,protein_0182,0.39080459770114945
protein_0312,protein_0183,0.13861386138613863
protein_0312,protein_0184,0.40229885057471265
protein_0312,protein_0185,0.21428571428571427
protein_0312,protein_0186,0.18095238095238095
protein_0312,protein_0187,0.4659090909090909
protein_0312,protein_0188,0.15384615384615385
protein_0312,protein_0189,0.3333333333333333
protein_0312,protein_0190,0.39325842696629215
protein_0312,protein_0191,0.40229885057471265
protein_0312,protein_0192,0.3793103448275862
protein_0312,protein_0193,0.39080459770114945
protein_0312,protein_0194,0.2413793103448276
protein_0312,protein_0195,0.42045454545454547
protein_0312,protein_0196,0.4318181818181818
protein_0312,protein_0197,0.3448275862068966
protein_0312,protein_0198,0.3448275862068966
protein_0312,protein_0199,0.2111111111111111
protein_0312,protein_0201,0.13592233009708737
protein_0312,protein_0202,0.39080459770114945
protein_0312,protein_0203,0.1282051282051282
protein_0312,protein_0204,0.1724137931034483
protein_0312,protein_0205,0.10377358490566038
protein_0312,protein_0206,0.4318181818181818
protein_0312,protein_0208,0.1792452830188679
protein_0312,protein_0209,0.26436781609195403
protein_0312,protein_0210,0.40229885057471265
protein_0312,protein_0211,0.14285714285714285
protein_0312,protein_0212,0.10112359550561797
protein_0312,protein_0214,0.11494252873563218
protein_0312,protein_0217,0.17204301075268819
protein_0312,protein_0218,0.128
protein_0312,protein_0219,0.15966386554621848
protein_0312,protein_0220,0.3333333333333333
protein_0312,protein_0221,0.125
protein_0312,protein_0222,0.3103448275862069
protein_0312,protein_0223,0.10227272727272728
protein_0312,protein_0224,0.14942528735632185
protein_0312,protein_0225,0.1111111111111111
protein_0312,protein_0227,0.08045977011494253
protein_0312,protein_0228,0.2604166666666667
protein_0312,protein_0229,0.14772727272727273
protein_0312,protein_0231,0.47126436781609193
protein_0312,protein_0232,0.19101123595505617
protein_0312,protein_0233,0.15748031496062992
protein_0312,protein_0234,0.20353982300884957
protein_0312,protein_0235,0.22448979591836735
protein_0312,protein_0237,0.3333333333333333
protein_0312,protein_0238,0.09923664122137404
protein_0312,protein_0239,0.45454545454545453
protein_0312,protein_0240,0.4367816091954023
protein_0312,protein_0241,0.40229885057471265
protein_0312,protein_0242,0.11494252873563218
protein_0312,protein_0243,0.4367816091954023
protein_0312,protein_0244,0.1590909090909091
protein_0312,protein_0245,0.1875
protein_0312,protein_0246,0.17525773195876287
protein_0312,protein_0247,0.16483516483516483
protein_0312,protein_0248,0.4482758620689655
protein_0312,protein_0249,0.391304347826087
protein_0312,protein_0250,0.18478260869565216
protein_0312,protein_0251,0.15463917525773196
protein_0312,protein_0252,0.15306122448979592
protein_0312,protein_0253,0.17796610169491525
protein_0312,protein_0254,0.15730337078651685
protein_0312,protein_0255,0.11299435028248588
protein_0312,protein_0257,0.1320754716981132
protein_0312,protein_0258,0.3977272727272727
protein_0312,protein_0259,0.15384615384615385
protein_0312,protein_0261,0.1619047619047619
protein_0312,protein_0262,0.1323529411764706
protein_0312,protein_0263,0.10071942446043165
protein_0312,protein_0264,0.40229885057471265
protein_0312,protein_0265,0.40229885057471265
protein_0312,protein_0266,0.20388349514563106
protein_0312,protein_0268,0.1590909090909091
protein_0312,protein_0269,0.13559322033898305
protein_0312,protein_0270,0.1348314606741573
protein_0312,protein_0271,0.19540229885057472
protein_0312,protein_0272,0.3333333333333333
protein_0312,protein_0273,0.3448275862068966
protein_0312,protein_0274,0.21348314606741572
protein_0312,protein_0275,0.20754716981132076
protein_0312,protein_0276,0.41379310344827586
protein_0312,protein_0277,0.16666666666666666
protein_0312,protein_0278,0.28888888888888886
protein_0312,protein_0280,0.3218390804597701
protein_0312,protein_0281,0.15254237288135594
protein_0312,protein_0282,0.16091954022988506
protein_0312,protein_0283,0.1031390134529148
protein_0312,protein_0284,0.2727272727272727
protein_0312,protein_0285,0.3448275862068966
protein_0312,protein_0286,0.1978021978021978
protein_0312,protein_0287,0.21296296296296297
protein_0312,protein_0289,0.15384615384615385
protein_0312,protein_0290,0.12745098039215685
protein_0312,protein_0291,0.22988505747126436
protein_0312,protein_0292,0.1724137931034483
protein_0312,protein_0293,0.2087912087912088
protein_0312,protein_0294,0.22988505747126436
protein_0312,protein_0295,0.14772727272727273
protein_0312,protein_0296,0.11864406779661017
protein_0312,protein_0297,0.1839080459770115
protein_0312,protein_0298,0.16091954022988506
protein_0312,protein_0299,0.16483516483516483
protein_0312,protein_0301,0.15789473684210525
protein_0312,protein_0302,0.1152073732718894
protein_0312,protein_0303,0.1797752808988764
protein_0312,protein_0304,0.15384615384615385
protein_0312,protein_0305,0.1590909090909091
protein_0312,protein_0306,0.12605042016806722
protein_0312,protein_0307,0.13333333333333333
protein_0312,protein_0308,0.1640625
protein_0312,protein_0309,0.18556701030927836
protein_0312,protein_0310,0.205607476635514
protein_0312,protein_0311,0.4659090909090909
protein_0312,protein_0313,0.23214285714285715
protein_0312,protein_0314,0.11214953271028037
protein_0312,protein_0315,0.16535433070866143
protein_0312,protein_0316,0.14606741573033707
protein_0312,protein_0317,0.15384615384615385
protein_0312,protein_0318,0.1694915254237288
protein_0312,protein_0319,0.3793103448275862
protein_0312,protein_0320,0.3563218390804598
protein_0312,protein_0321,0.2111111111111111
protein_0312,protein_0322,0.3333333333333333
protein_0312,protein_0324,0.15463917525773196
protein_0312,protein_0325,0.15
protein_0312,protein_0326,0.1956521739130435
protein_0312,protein_0327,0.3333333333333333
protein_0312,protein_0328,0.1724137931034483
protein_0312,protein_0329,0.1724137931034483
protein_0312,protein_0330,0.3218390804597701
protein_0312,protein_0331,0.14130434782608695
protein_0312,protein_0332,0.26436781609195403
protein_0312,protein_0333,0.28735632183908044
protein_0312,protein_0334,0.2222222222222222
protein_0312,protein_0335,0.1415929203539823
protein_0312,protein_0336,0.18181818181818182
protein_0312,protein_0337,0.3448275862068966
protein_0312,protein_0338,0.2988505747126437
protein_0312,protein_0339,0.21739130434782608
protein_0312,protein_0340,0.125
protein_0312,protein_0342,0.13793103448275862
protein_0312,protein_0343,0.14942528735632185
protein_0312,protein_0344,0.41379310344827586
protein_0312,protein_0345,0.13559322033898305
protein_0312,protein_0347,0.17582417582417584
protein_0312,protein_0348,0.14655172413793102
protein_0312,protein_0349,0.13392857142857142
protein_0312,protein_0350,0.40229885057471265
protein_0312,protein_0351,0.4090909090909091
protein_0312,protein_0352,0.16853932584269662
protein_0312,protein_0353,0.16260162601626016
protein_0312,protein_0354,0.21839080459770116
protein_0312,protein_0355,0.3563218390804598
protein_0312,protein_0357,0.15748031496062992
protein_0312,protein_0359,0.12686567164179105
protein_0312,protein_0360,0.40229885057471265
protein_0312,protein_0361,0.09401709401709402
protein_0312,protein_0362,0.19318181818181818
protein_0312,protein_0363,0.19318181818181818
protein_0312,protein_0364,0.19318181818181818
protein_0312,protein_0365,0.20689655172413793
protein_0312,protein_0367,0.13274336283185842
protein_0312,protein_0368,0.17708333333333334
protein_0312,protein_0369,0.1839080459770115
protein_0312,protein_0371,0.40229885057471265
protein_0312,protein_0372,0.0963302752293578
protein_0312,protein_0373,0.11818181818181818
protein_0312,protein_0374,0.13675213675213677
protein_0312,protein_0375,0.3793103448275862
protein_0312,protein_0376,0.17757009345794392
protein_0312,protein_0377,0.33695652173913043
protein_0312,protein_0378,0.20535714285714285
protein_0312,protein_0379,0.18446601941747573
protein_0312,protein_0380,0.18446601941747573
protein_0312,protein_0381,0.18446601941747573
protein_0312,protein_0382,0.27586206896551724
protein_0312,protein_0383,0.1724137931034483
protein_0312,protein_0384,0.3563218390804598
protein_0312,protein_0385,0.14814814814814814
protein_0312,protein_0386,0.16216216216216217
protein_0312,protein_0387,0.1346153846153846
protein_0312,protein_0388,0.15730337078651685
protein_0312,protein_0389,0.1111111111111111
protein_0312,protein_0390,0.3563218390804598
protein_0312,protein_0391,0.23076923076923078
protein_0312,protein_0392,0.41379310344827586
protein_0312,protein_0393,0.41379310344827586
protein_0312,protein_0394,0.16666666666666666
protein_0312,protein_0395,0.18681318681318682
protein_0312,protein_0396,0.14912280701754385
protein_0312,protein_0397,0.3333333333333333
protein_0312,protein_0398,0.10256410256410256
protein_0312,protein_0399,0.4367816091954023
protein_0323,protein_0000,0.28735632183908044
protein_0323,protein_0001,0.14942528735632185
protein_0323,protein_0002,0.125
protein_0323,protein_0003,0.2727272727272727
protein_0323,protein_0005,0.10752688172043011
protein_0323,protein_0006,0.3157894736842105
protein_0323,protein_0007,0.19318181818181818
protein_0323,protein_0009,0.26436781609195403
protein_0323,protein_0010,0.3
protein_0323,protein_0011,0.3258426966292135
protein_0323,protein_0012,0.35555555555555557
protein_0323,protein_0013,0.1702127659574468
protein_0323,protein_0015,0.17272727272727273
protein_0323,protein_0016,0.1111111111111111
protein_0323,protein_0017,0.1328125
protein_0323,protein_0018,0.3010752688172043
protein_0323,protein_0019,0.16091954022988506
protein_0323,protein_0020,0.23863636363636365
protein_0323,protein_0021,0.15384615384615385
protein_0323,protein_0022,0.13978494623655913
protein_0323,protein_0023,0.12087912087912088
protein_0323,protein_0024,0.136
protein_0323,protein_0025,0.30337078651685395
protein_0323,protein_0026,0.15827338129496402
protein_0323,protein_0028,0.12727272727272726
protein_0323,protein_0029,0.19540229885057472
protein_0323,protein_0030,0.1349206349206349
protein_0323,protein_0031,0.14035087719298245
protein_0323,protein_0033,0.27586206896551724
protein_0323,protein_0034,0.3522727272727273
protein_0323,protein_0035,0.15126050420168066
protein_0323,protein_0036,0.19101123595505617
protein_0323,protein_0037,0.2413793103448276
protein_0323,protein_0038,0.2413793103448276
protein_0323,protein_0039,0.2413793103448276
protein_0323,protein_0041,0.25287356321839083
protein_0323,protein_0042,0.4421052631578947
protein_0323,protein_0043,0.5287356321839081
protein_0323,protein_0044,0.5057471264367817
protein_0323,protein_0045,0.28735632183908044
protein_0323,protein_0046,0.20454545454545456
protein_0323,protein_0048,0.28735632183908044
protein_0323,protein_0049,0.28735632183908044
protein_0323,protein_0050,0.15841584158415842
protein_0323,protein_0051,0.19540229885057472
protein_0323,protein_0052,0.27586206896551724
protein_0323,protein_0053,0.25287356321839083
protein_0323,protein_0054,0.1328125
protein_0323,protein_0055,0.15384615384615385
protein_0323,protein_0056,0.13392857142857142
protein_0323,protein_0057,0.20224719101123595
protein_0323,protein_0058,0.15217391304347827
protein_0323,protein_0059,0.5057471264367817
protein_0323,protein_0060,0.16521739130434782
protein_0323,protein_0063,0.08450704225352113
protein_0323,protein_0065,0.1574074074074074
protein_0323,protein_0066,0.12264150943396226
protein_0323,protein_0067,0.32222222222222224
protein_0323,protein_0068,0.2413793103448276
protein_0323,protein_0069,0.2717391304347826
protein_0323,protein_0070,0.25287356321839083
protein_0323,protein_0071,0.3146067415730337
protein_0323,protein_0072,0.14942528735632185
protein_0323,protein_0073,0.26436781609195403
protein_0323,protein_0074,0.1827956989247312
protein_0323,protein_0075,0.17346938775510204
protein_0323,protein_0076,0.2
protein_0323,protein_0077,0.32954545454545453
protein_0323,protein_0078,0.1565217391304348
protein_0323,protein_0079,0.1565217391304348
protein_0323,protein_0080,0.28735632183908044
protein_0323,protein_0081,0.27586206896551724
protein_0323,protein_0082,0.14166666666666666
protein_0323,protein_0083,0.3595505617977528
protein_0323,protein_0084,0.25287356321839083
protein_0323,protein_0085,0.15
protein_0323,protein_0086,0.14166666666666666
protein_0323,protein_0087,0.1797752808988764
protein_0323,protein_0088,0.3181818181818182
protein_0323,protein_0089,0.15178571428571427
protein_0323,protein_0090,0.1391304347826087
protein_0323,protein_0091,0.1504424778761062
protein_0323,protein_0092,0.1504424778761062
protein_0323,protein_0093,0.2413793103448276
protein_0323,protein_0094,0.16521739130434782
protein_0323,protein_0095,0.15384615384615385
protein_0323,protein_0096,0.1553398058252427
protein_0323,protein_0097,0.3
protein_0323,protein_0099,0.13592233009708737
protein_0323,protein_0101,0.26436781609195403
protein_0323,protein_0102,0.24175824175824176
protein_0323,protein_0103,0.3218390804597701
protein_0323,protein_0104,0.1282051282051282
protein_0323,protein_0105,0.14772727272727273
protein_0323,protein_0106,0.1557377049180328
protein_0323,protein_0107,0.25555555555555554
protein_0323,protein_0108,0.1839080459770115
protein_0323,protein_0109,0.1724137931034483
protein_0323,protein_0110,0.2413793103448276
protein_0323,protein_0111,0.2413793103448276
protein_0323,protein_0112,0.23076923076923078
protein_0323,protein_0113,0.2413793103448276
protein_0323,protein_0114,0.22988505747126436
protein_0323,protein_0115,0.20689655172413793
protein_0323,protein_0116,0.16216216216216217
protein_0323,protein_0117,0.16216216216216217
protein_0323,protein_0118,0.19101123595505617
protein_0323,protein_0119,0.16037735849056603
protein_0323,protein_0120,0.31868131868131866
protein_0323,protein_0121,0.31868131868131866
protein_0323,protein_0122,0.25287356321839083
protein_0323,protein_0123,0.16483516483516483
protein_0323,protein_0124,0.28735632183908044
protein_0323,protein_0125,0.12244897959183673
protein_0323,protein_0126,0.13274336283185842
protein_0323,protein_0127,0.21839080459770116
protein_0323,protein_0129,0.22988505747126436
protein_0323,protein_0130,0.1810344827586207
protein_0323,protein_0131,0.16091954022988506
protein_0323,protein_0132,0.19090909090909092
protein_0323,protein_0133,0.19090909090909092
protein_0323,protein_0134,0.27956989247311825
protein_0323,protein_0136,0.1487603305785124
protein_0323,protein_0137,0.1282051282051282
protein_0323,protein_0139,0.1724137931034483
protein_0323,protein_0140,0.32954545454545453
protein_0323,protein_0141,0.25287356321839083
protein_0323,protein_0142,0.2857142857142857
protein_0323,protein_0143,0.2840909090909091
protein_0323,protein_0144,0.26436781609195403
protein_0323,protein_0145,0.2
protein_0323,protein_0146,0.21839080459770116
protein_0323,protein_0147,0.28888888888888886
protein_0323,protein_0148,0.28735632183908044
protein_0323,protein_0149,0.20224719101123595
protein_0323,protein_0150,0.2413793103448276
protein_0323,protein_0151,0.20618556701030927
protein_0323,protein_0152,0.1590909090909091
protein_0323,protein_0153,0.2413793103448276
protein_0323,protein_0154,0.21839080459770116
protein_0323,protein_0155,0.14285714285714285
protein_0323,protein_0157,0.14736842105263157
protein_0323,protein_0158,0.14285714285714285
protein_0323,protein_0159,0.25842696629213485
protein_0323,protein_0160,0.3191489361702128
protein_0323,protein_0161,0.15833333333333333
protein_0323,protein_0163,0.18627450980392157
protein_0323,protein_0164,0.27586206896551724
protein_0323,protein_0165,0.1839080459770115
protein_0323,protein_0166,0.2988505747126437
protein_0323,protein_0167,0.15966386554621848
protein_0323,protein_0168,0.15384615384615385
protein_0323,protein_0169,0.109375
protein_0323,protein_0170,0.27586206896551724
protein_0323,protein_0172,0.10483870967741936
protein_0323,protein_0173,0.3218390804597701
protein_0323,protein_0174,0.2727272727272727
protein_0323,protein_0175,0.3191489361702128
protein_0323,protein_0176,0.16666666666666666
protein_0323,protein_0177,0.16853932584269662
protein_0323,protein_0178,0.11403508771929824
protein_0323,protein_0179,0.1206896551724138
protein_0323,protein_0180,0.2413793103448276
protein_0323,protein_0181,0.30337078651685395
protein_0323,protein_0182,0.27586206896551724
protein_0323,protein_0183,0.17757009345794392
protein_0323,protein_0184,0.2988505747126437
protein_0323,protein_0185,0.1414141414141414
protein_0323,protein_0186,0.13333333333333333
protein_0323,protein_0187,0.2903225806451613
protein_0323,protein_0188,0.17777777777777778
protein_0323,protein_0189,0.21839080459770116
protein_0323,protein_0190,0.3068181818181818
protein_0323,protein_0191,0.28735632183908044
protein_0323,protein_0192,0.25287356321839083
protein_0323,protein_0193,0.2988505747126437
protein_0323,protein_0194,0.2696629213483146
protein_0323,protein_0195,0.3068181818181818
protein_0323,protein_0196,0.27586206896551724
protein_0323,protein_0197,0.3333333333333333
protein_0323,protein_0198,0.2413793103448276
protein_0323,protein_0199,0.25252525252525254
protein_0323,protein_0201,0.19
protein_0323,protein_0202,0.3111111111111111
protein_0323,protein_0203,0.1271186440677966
protein_0323,protein_0204,0.19540229885057472
protein_0323,protein_0205,0.14218009478672985
protein_0323,protein_0206,0.35555555555555557
protein_0323,protein_0208,0.1553398058252427
protein_0323,protein_0209,0.5057471264367817
protein_0323,protein_0210,0.28888888888888886
protein_0323,protein_0211,0.16346153846153846
protein_0323,protein_0212,0.19101123595505617
protein_0323,protein_0214,0.1958762886597938
protein_0323,protein_0217,0.18095238095238095
protein_0323,protein_0218,0.12
protein_0323,protein_0219,0.12396694214876033
protein_0323,protein_0220,0.22988505747126436
protein_0323,protein_0221,0.11494252873563218
protein_0323,protein_0222,0.29545454545454547
protein_0323,protein_0223,0.13793103448275862
protein_0323,protein_0224,0.16853932584269662
protein_0323,protein_0225,0.12087912087912088
protein_0323,protein_0227,0.14285714285714285
protein_0323,protein_0228,0.18085106382978725
protein_0323,protein_0229,0.16483516483516483
protein_0323,protein_0231,0.27586206896551724
protein_0323,protein_0232,0.19318181818181818
protein_0323,protein_0233,0.11811023622047244
protein_0323,protein_0234,0.11650485436893204
protein_0323,protein_0235,0.16483516483516483
protein_0323,protein_0237,0.2988505747126437
protein_0323,protein_0238,0.17777777777777778
protein_0323,protein_0239,0.3181818181818182
protein_0323,protein_0240,0.2988505747126437
protein_0323,protein_0241,0.29213483146067415
protein_0323,protein_0242,0.14285714285714285
protein_0323,protein_0243,0.2413793103448276
protein_0323,protein_0244,0.17391304347826086
protein_0323,protein_0245,0.1590909090909091
protein_0323,protein_0246,0.15625
protein_0323,protein_0247,0.12871287128712872
protein_0323,protein_0248,0.2696629213483146
protein_0323,protein_0249,0.25
protein_0323,protein_0250,0.14772727272727273
protein_0323,protein_0251,0.19
protein_0323,protein_0252,0.09574468085106383
protein_0323,protein_0253,0.14912280701754385
protein_0323,protein_0254,0.17894736842105263
protein_0323,protein_0255,0.13142857142857142
protein_0323,protein_0257,0.1509433962264151
protein_0323,protein_0258,0.3595505617977528
protein_0323,protein_0259,0.22727272727272727
protein_0323,protein_0261,0.14782608695652175
protein_0323,protein_0262,0.16176470588235295
protein_0323,protein_0263,0.17391304347826086
protein_0323,protein_0264,0.25287356321839083
protein_0323,protein_0265,0.25287356321839083
protein_0323,protein_0266,0.18
protein_0323,protein_0268,0.19387755102040816
protein_0323,protein_0269,0.11864406779661017
protein_0323,protein_0270,0.1836734693877551
protein_0323,protein_0271,0.15555555555555556
protein_0323,protein_0272,0.3103448275862069
protein_0323,protein_0273,0.3218390804597701
protein_0323,protein_0274,0.25555555555555554
protein_0323,protein_0275,0.1414141414141414
protein_0323,protein_0276,0.27586206896551724
protein_0323,protein_0277,0.1797752808988764
protein_0323,protein_0278,0.26666666666666666
protein_0323,protein_0280,0.21839080459770116
protein_0323,protein_0281,0.12698412698412698
protein_0323,protein_0282,0.17894736842105263
protein_0323,protein_0283,0.09417040358744394
protein_0323,protein_0284,0.25287356321839083
protein_0323,protein_0285,0.3258426966292135
protein_0323,protein_0286,0.17045454545454544
protein_0323,protein_0287,0.20909090909090908
protein_0323,protein_0289,0.15151515151515152
protein_0323,protein_0290,0.1559633027522936
protein_0323,protein_0291,0.22988505747126436
protein_0323,protein_0292,0.14772727272727273
protein_0323,protein_0293,0.20224719101123595
protein_0323,protein_0294,0.22988505747126436
protein_0323,protein_0295,0.17582417582417584
protein_0323,protein_0296,0.1450381679389313
protein_0323,protein_0297,0.14606741573033707
protein_0323,protein_0298,0.14942528735632185
protein_0323,protein_0299,0.2079207920792079
protein_0323,protein_0301,0.23
protein_0323,protein_0302,0.13761467889908258
protein_0323,protein_0303,0.19540229885057472
protein_0323,protein_0304,0.1414141414141414
protein_0323,protein_0305,0.21782178217821782
protein_0323,protein_0306,0.15384615384615385
protein_0323,protein_0307,0.13333333333333333
protein_0323,protein_0308,0.15833333333333333
protein_0323,protein_0309,0.17708333333333334
protein_0323,protein_0310,0.13274336283185842
protein_0323,protein_0311,0.2413793103448276
protein_0323,protein_0313,0.20689655172413793
protein_0323,protein_0314,0.10784313725490197
protein_0323,protein_0315,0.13445378151260504
protein_0323,protein_0316,0.13793103448275862
protein_0323,protein_0317,0.19811320754716982
protein_0323,protein_0318,0.16101694915254236
protein_0323,protein_0319,0.3181818181818182
protein_0323,protein_0320,0.2727272727272727
protein_0323,protein_0321,0.23076923076923078
protein_0323,protein_0322,0.22988505747126436
protein_0323,protein_0324,0.2
protein_0323,protein_0325,0.13559322033898305
protein_0323,protein_0326,0.18478260869565216
protein_0323,protein_0327,0.22988505747126436
protein_0323,protein_0328,0.18584070796460178
protein_0323,protein_0329,0.18584070796460178
protein_0323,protein_0330,0.3
protein_0323,protein_0331,0.20689655172413793
protein_0323,protein_0332,0.20952380952380953
protein_0323,protein_0333,0.26136363636363635
protein_0323,protein_0334,0.16666666666666666
protein_0323,protein_0335,0.15966386554621848
protein_0323,protein_0336,0.15730337078651685
protein_0323,protein_0337,0.25287356321839083
protein_0323,protein_0338,0.2413793103448276
protein_0323,protein_0339,0.17525773195876287
protein_0323,protein_0340,0.15384615384615385
protein_0323,protein_0342,0.13793103448275862
protein_0323,protein_0343,0.16483516483516483
protein_0323,protein_0344,0.26436781609195403
protein_0323,protein_0345,0.17699115044247787
protein_0323,protein_0347,0.18478260869565216
protein_0323,protein_0348,0.13675213675213677
protein_0323,protein_0349,0.19
protein_0323,protein_0350,0.25287356321839083
protein_0323,protein_0351,0.3181818181818182
protein_0323,protein_0352,0.16853932584269662
protein_0323,protein_0353,0.15
protein_0323,protein_0354,0.21839080459770116
protein_0323,protein_0355,0.25287356321839083
protein_0323,protein_0357,0.125
protein_0323,protein_0359,0.13445378151260504
protein_0323,protein_0360,0.26436781609195403
protein_0323,protein_0361,0.14166666666666666
protein_0323,protein_0362,0.22916666666666666
protein_0323,protein_0363,0.22916666666666666
protein_0323,protein_0364,0.21875
protein_0323,protein_0365,0.2
protein_0323,protein_0367,0.13333333333333333
protein_0323,protein_0368,0.16666666666666666
protein_0323,protein_0369,0.17894736842105263
protein_0323,protein_0371,0.2840909090909091
protein_0323,protein_0372,0.091324200913242
protein_0323,protein_0373,0.11475409836065574
protein_0323,protein_0374,0.10483870967741936
protein_0323,protein_0375,0.25287356321839083
protein_0323,protein_0376,0.12037037037037036
protein_0323,protein_0377,0.22988505747126436
protein_0323,protein_0378,0.19469026548672566
protein_0323,protein_0379,0.15789473684210525
protein_0323,protein_0380,0.15789473684210525
protein_0323,protein_0381,0.15789473684210525
protein_0323,protein_0382,0.2413793103448276
protein_0323,protein_0383,0.19318181818181818
protein_0323,protein_0384,0.20652173913043478
protein_0323,protein_0385,0.14705882352941177
protein_0323,protein_0386,0.15966386554621848
protein_0323,protein_0387,0.1619047619047619
protein_0323,protein_0388,0.1724137931034483
protein_0323,protein_0389,0.11494252873563218
protein_0323,protein_0390,0.3146067415730337
protein_0323,protein_0391,0.15555555555555556
protein_0323,protein_0392,0.26436781609195403
protein_0323,protein_0393,0.26436781609195403
protein_0323,protein_0394,0.13559322033898305
protein_0323,protein_0395,0.23711340206185566
protein_0323,protein_0396,0.14782608695652175
protein_0323,protein_0397,0.25287356321839083
protein_0323,protein_0398,0.1328125
protein_0323,protein_0399,0.28735632183908044
protein_0341,protein_0000,0.26666666666666666
protein_0341,protein_0001,0.09803921568627451
protein_0341,protein_0002,0.18691588785046728
protein_0341,protein_0003,0.205607476635514
protein_0341,protein_0005,0.12745098039215685
protein_0341,protein_0006,0.20388349514563106
protein_0341,protein_0007,0.14705882352941177
protein_0341,protein_0009,0.23853211009174313
protein_0341,protein_0010,0.2549019607843137
protein_0341,protein_0011,0.21568627450980393
protein_0341,protein_0012,0.24271844660194175
protein_0341,protein_0013,0.11650485436893204
protein_0341,protein_0015,0.1896551724137931
protein_0341,protein_0016,0.16216216216216217
protein_0341,protein_0017,0.15217391304347827
protein_0341,protein_0018,0.16666666666666666
protein_0341,protein_0019,0.17647058823529413
protein_0341,protein_0020,0.24509803921568626
protein_0341,protein_0021,0.14953271028037382
protein_0341,protein_0022,0.16666666666666666
protein_0341,protein_0023,0.16521739130434782
protein_0341,protein_0024,0.13846153846153847
protein_0341,protein_0025,0.21495327102803738
protein_0341,protein_0026,0.1366906474820144
protein_0341,protein_0028,0.1504424778761062
protein_0341,protein_0029,0.1650485436893204
protein_0341,protein_0030,0.1171875
protein_0341,protein_0031,0.1981981981981982
protein_0341,protein_0033,0.24509803921568626
protein_0341,protein_0034,0.20588235294117646
protein_0341,protein_0035,0.1509433962264151
protein_0341,protein_0036,0.14705882352941177
protein_0341,protein_0037,0.18627450980392157
protein_0341,protein_0038,0.18627450980392157
protein_0341,protein_0039,0.23853211009174313
protein_0341,protein_0041,0.19607843137254902
protein_0341,protein_0042,0.22429906542056074
protein_0341,protein_0043,0.24271844660194175
protein_0341,protein_0044,0.24761904761904763
protein_0341,protein_0045,0.20588235294117646
protein_0341,protein_0046,0.16346153846153846
protein_0341,protein_0048,0.24509803921568626
protein_0341,protein_0049,0.23809523809523808
protein_0341,protein_0050,0.11504424778761062
protein_0341,protein_0051,0.16822429906542055
protein_0341,protein_0052,0.19607843137254902
protein_0341,protein_0053,0.23529411764705882
protein_0341,protein_0054,0.112
protein_0341,protein_0055,0.16030534351145037
protein_0341,protein_0056,0.15517241379310345
protein_0341,protein_0057,0.14705882352941177
protein_0341,protein_0058,0.09345794392523364
protein_0341,protein_0059,0.2403846153846154
protein_0341,protein_0060,0.19130434782608696
protein_0341,protein_0063,0.107981220657277
protein_0341,protein_0065,0.14166666666666666
protein_0341,protein_0066,0.14545454545454545
protein_0341,protein_0067,0.3076923076923077
protein_0341,protein_0068,0.1553398058252427
protein_0341,protein_0069,0.22549019607843138
protein_0341,protein_0070,0.16666666666666666
protein_0341,protein_0071,0.23529411764705882
protein_0341,protein_0072,0.12745098039215685
protein_0341,protein_0073,0.21568627450980393
protein_0341,protein_0074,0.13592233009708737
protein_0341,protein_0075,0.12931034482758622
protein_0341,protein_0076,0.1568627450980392
protein_0341,protein_0077,0.2857142857142857
protein_0341,protein_0078,0.18018018018018017
protein_0341,protein_0079,0.18018018018018017
protein_0341,protein_0080,0.20588235294117646
protein_0341,protein_0081,0.19607843137254902
protein_0341,protein_0082,0.13157894736842105
protein_0341,protein_0083,0.21904761904761905
protein_0341,protein_0084,0.24299065420560748
protein_0341,protein_0085,0.14782608695652175
protein_0341,protein_0086,0.13114754098360656
protein_0341,protein_0087,0.14705882352941177
protein_0341,protein_0088,0.20588235294117646
protein_0341,protein_0089,0.1732283464566929
protein_0341,protein_0090,0.19008264462809918
protein_0341,protein_0091,0.1623931623931624
protein_0341,protein_0092,0.1623931623931624
protein_0341,protein_0093,0.2549019607843137
protein_0341,protein_0094,0.1984126984126984
protein_0341,protein_0095,0.18548387096774194
protein_0341,protein_0096,0.13793103448275862
protein_0341,protein_0097,0.21568627450980393
protein_0341,protein_0099,0.16363636363636364
protein_0341,protein_0101,0.22549019607843138
protein_0341,protein_0102,0.29245283018867924
protein_0341,protein_0103,0.17647058823529413
protein_0341,protein_0104,0.140625
protein_0341,protein_0105,0.125
protein_0341,protein_0106,0.18110236220472442
protein_0341,protein_0107,0.20588235294117646
protein_0341,protein_0108,0.19607843137254902
protein_0341,protein_0109,0.125
protein_0341,protein_0110,0.25961538461538464
protein_0341,protein_0111,0.1553398058252427
protein_0341,protein_0112,0.14912280701754385
protein_0341,protein_0113,0.22549019607843138
protein_0341,protein_0114,0.22330097087378642
protein_0341,protein_0115,0.18627450980392157
protein_0341,protein_0116,0.15873015873015872
protein_0341,protein_0117,0.15873015873015872
protein_0341,protein_0118,0.13725490196078433
protein_0341,protein_0119,0.16216216216216217
protein_0341,protein_0120,0.21568627450980393
protein_0341,protein_0121,0.21568627450980393
protein_0341,protein_0122,0.21359223300970873
protein_0341,protein_0123,0.14563106796116504
protein_0341,protein_0124,0.22549019607843138
protein_0341,protein_0125,0.1308411214953271
protein_0341,protein_0126,0.17543859649122806
protein_0341,protein_0127,0.20588235294117646
protein_0341,protein_0129,0.19607843137254902
protein_0341,protein_0130,0.1721311475409836
protein_0341,protein_0131,0.13592233009708737
protein_0341,protein_0132,0.25688073394495414
protein_0341,protein_0133,0.25688073394495414
protein_0341,protein_0134,0.22857142857142856
protein_0341,protein_0136,0.1732283464566929
protein_0341,protein_0137,0.15447154471544716
protein_0341,protein_0139,0.12745098039215685
protein_0341,protein_0140,0.21568627450980393
protein_0341,protein_0141,0.19607843137254902
protein_0341,protein_0142,0.27184466019417475
protein_0341,protein_0143,0.2403846153846154
protein_0341,protein_0144,0.22727272727272727
protein_0341,protein_0145,0.17647058823529413
protein_0341,protein_0146,0.1568627450980392
protein_0341,protein_0147,0.19090909090909092
protein_0341,protein_0148,0.2403846153846154
protein_0341,protein_0149,0.16346153846153846
protein_0341,protein_0150,0.24761904761904763
protein_0341,protein_0151,0.2222222222222222
protein_0341,protein_0152,0.14705882352941177
protein_0341,protein_0153,0.12962962962962962
protein_0341,protein_0154,0.1388888888888889
protein_0341,protein_0155,0.16666666666666666
protein_0341,protein_0157,0.15384615384615385
protein_0341,protein_0158,0.14423076923076922
protein_0341,protein_0159,0.1568627450980392
protein_0341,protein_0160,0.21568627450980393
protein_0341,protein_0161,0.175
protein_0341,protein_0163,0.13513513513513514
protein_0341,protein_0164,0.21568627450980393
protein_0341,protein_0165,0.11764705882352941
protein_0341,protein_0166,0.21568627450980393
protein_0341,protein_0167,0.20161290322580644
protein_0341,protein_0168,0.20168067226890757
protein_0341,protein_0169,0.17647058823529413
protein_0341,protein_0170,0.20588235294117646
protein_0341,protein_0172,0.15625
protein_0341,protein_0173,0.17647058823529413
protein_0341,protein_0174,0.2
protein_0341,protein_0175,0.21153846153846154
protein_0341,protein_0176,0.14423076923076922
protein_0341,protein_0177,0.1262135922330097
protein_0341,protein_0178,0.176
protein_0341,protein_0179,0.192
protein_0341,protein_0180,0.24271844660194175
protein_0341,protein_0181,0.2912621359223301
protein_0341,protein_0182,0.12745098039215685
protein_0341,protein_0183,0.18181818181818182
protein_0341,protein_0184,0.23300970873786409
protein_0341,protein_0185,0.17272727272727273
protein_0341,protein_0186,0.16521739130434782
protein_0341,protein_0187,0.2222222222222222
protein_0341,protein_0188,0.15384615384615385
protein_0341,protein_0189,0.18627450980392157
protein_0341,protein_0190,0.2571428571428571
protein_0341,protein_0191,0.23300970873786409
protein_0341,protein_0192,0.22549019607843138
protein_0341,protein_0193,0.21359223300970873
protein_0341,protein_0194,0.17647058823529413
protein_0341,protein_0195,0.20588235294117646
protein_0341,protein_0196,0.19607843137254902
protein_0341,protein_0197,0.23529411764705882
protein_0341,protein_0198,0.20588235294117646
protein_0341,protein_0199,0.2
protein_0341,protein_0201,0.12280701754385964
protein_0341,protein_0202,0.22641509433962265
protein_0341,protein_0203,0.13008130081300814
protein_0341,protein_0204,0.14423076923076922
protein_0341,protein_0205,0.11312217194570136
protein_0341,protein_0206,0.24509803921568626
protein_0341,protein_0208,0.19642857142857142
protein_0341,protein_0209,0.2571428571428571
protein_0341,protein_0210,0.20588235294117646
protein_0341,protein_0211,0.1452991452991453
protein_0341,protein_0212,0.16666666666666666
protein_0341,protein_0214,0.14953271028037382
protein_0341,protein_0217,0.17592592592592593
protein_0341,protein_0218,0.19230769230769232
protein_0341,protein_0219,0.16030534351145037
protein_0341,protein_0220,0.23300970873786409
protein_0341,protein_0221,0.1568627450980392
protein_0341,protein_0222,0.23529411764705882
protein_0341,protein_0223,0.10576923076923077
protein_0341,protein_0224,0.14563106796116504
protein_0341,protein_0225,0.17307692307692307
protein_0341,protein_0227,0.1792452830188679
protein_0341,protein_0228,0.17307692307692307
protein_0341,protein_0229,0.13725490196078433
protein_0341,protein_0231,0.20588235294117646
protein_0341,protein_0232,0.1650485436893204
protein_0341,protein_0233,0.13953488372093023
protein_0341,protein_0234,0.15254237288135594
protein_0341,protein_0235,0.2072072072072072
protein_0341,protein_0237,0.19607843137254902
protein_0341,protein_0238,0.14388489208633093
protein_0341,protein_0239,0.23300970873786409
protein_0341,protein_0240,0.1941747572815534
protein_0341,protein_0241,0.24271844660194175
protein_0341,protein_0242,0.16346153846153846
protein_0341,protein_0243,0.20588235294117646
protein_0341,protein_0244,0.125
protein_0341,protein_0245,0.18487394957983194
protein_0341,protein_0246,0.125
protein_0341,protein_0247,0.168141592920354
protein_0341,protein_0248,0.22641509433962265
protein_0341,protein_0249,0.22549019607843138
protein_0341,protein_0250,0.19811320754716982
protein_0341,protein_0251,0.1346153846153846
protein_0341,protein_0252,0.1553398058252427
protein_0341,protein_0253,0.15517241379310345
protein_0341,protein_0254,0.2222222222222222
protein_0341,protein_0255,0.13966480446927373
protein_0341,protein_0257,0.20353982300884957
protein_0341,protein_0258,0.21904761904761905
protein_0341,protein_0259,0.16822429906542055
protein_0341,protein_0261,0.17117117117117117
protein_0341,protein_0262,0.14965986394557823
protein_0341,protein_0263,0.1357142857142857
protein_0341,protein_0264,0.22115384615384615
protein_0341,protein_0265,0.22115384615384615
protein_0341,protein_0266,0.16981132075471697
protein_0341,protein_0268,0.14705882352941177
protein_0341,protein_0269,0.13445378151260504
protein_0341,protein_0270,0.1568627450980392
protein_0341,protein_0271,0.17647058823529413
protein_0341,protein_0272,0.23529411764705882
protein_0341,protein_0273,0.23529411764705882
protein_0341,protein_0274,0.20754716981132076
protein_0341,protein_0275,0.14814814814814814
protein_0341,protein_0276,0.21153846153846154
protein_0341,protein_0277,0.1553398058252427
protein_0341,protein_0278,0.24074074074074073
protein_0341,protein_0280,0.17647058823529413
protein_0341,protein_0281,0.13445378151260504
protein_0341,protein_0282,0.14423076923076922
protein_0341,protein_0283,0.12444444444444444
protein_0341,protein_0284,0.21568627450980393
protein_0341,protein_0285,0.22549019607843138
protein_0341,protein_0286,0.14705882352941177
protein_0341,protein_0287,0.26851851851851855
protein_0341,protein_0289,0.1553398058252427
protein_0341,protein_0290,0.09009009009009009
protein_0341,protein_0291,0.22429906542056074
protein_0341,protein_0292,0.16666666666666666
protein_0341,protein_0293,0.2169811320754717
protein_0341,protein_0294,0.2336448598130841
protein_0341,protein_0295,0.1941747572815534
protein_0341,protein_0296,0.144
protein_0341,protein_0297,0.17647058823529413
protein_0341,protein_0298,0.12745098039215685
protein_0341,protein_0299,0.1509433962264151
protein_0341,protein_0301,0.16666666666666666
protein_0341,protein_0302,0.1085972850678733
protein_0341,protein_0303,0.17647058823529413
protein_0341,protein_0304,0.16666666666666666
protein_0341,protein_0305,0.13725490196078433
protein_0341,protein_0306,0.16030534351145037
protein_0341,protein_0307,0.14173228346456693
protein_0341,protein_0308,0.15966386554621848
protein_0341,protein_0309,0.18518518518518517
protein_0341,protein_0310,0.1864406779661017
protein_0341,protein_0311,0.22549019607843138
protein_0341,protein_0313,0.2524271844660194
protein_0341,protein_0314,0.11818181818181818
protein_0341,protein_0315,0.16030534351145037
protein_0341,protein_0316,0.13725490196078433
protein_0341,protein_0317,0.11711711711711711
protein_0341,protein_0318,0.11864406779661017
protein_0341,protein_0319,0.20588235294117646
protein_0341,protein_0320,0.20588235294117646
protein_0341,protein_0321,0.21495327102803738
protein_0341,protein_0322,0.21904761904761905
protein_0341,protein_0324,0.19626168224299065
protein_0341,protein_0325,0.17094017094017094
protein_0341,protein_0326,0.17757009345794392
protein_0341,protein_0327,0.21359223300970873
protein_0341,protein_0328,0.15
protein_0341,protein_0329,0.15
protein_0341,protein_0330,0.21568627450980393
protein_0341,protein_0331,0.1941747572815534
protein_0341,protein_0332,0.21359223300970873
protein_0341,protein_0333,0.22549019607843138
protein_0341,protein_0334,0.20952380952380953
protein_0341,protein_0335,0.09734513274336283
protein_0341,protein_0336,0.11764705882352941
protein_0341,protein_0337,0.24761904761904763
protein_0341,protein_0338,0.22857142857142856
protein_0341,protein_0339,0.1523809523809524
protein_0341,protein_0340,0.1623931623931624
protein_0341,protein_0342,0.20388349514563106
protein_0341,protein_0343,0.1650485436893204
protein_0341,protein_0344,0.21568627450980393
protein_0341,protein_0345,0.15833333333333333
protein_0341,protein_0347,0.12745098039215685
protein_0341,protein_0348,0.15625
protein_0341,protein_0349,0.1574074074074074
protein_0341,protein_0350,0.21568627450980393
protein_0341,protein_0351,0.2
protein_0341,protein_0352,0.12745098039215685
protein_0341,protein_0353,0.15873015873015872
protein_0341,protein_0354,0.13725490196078433
protein_0341,protein_0355,0.24761904761904763
protein_0341,protein_0357,0.16535433070866143
protein_0341,protein_0359,0.16923076923076924
protein_0341,protein_0360,0.21568627450980393
protein_0341,protein_0361,0.14615384615384616
protein_0341,protein_0362,0.16666666666666666
protein_0341,protein_0363,0.16666666666666666
protein_0341,protein_0364,0.1941747572815534
protein_0341,protein_0365,0.20909090909090908
protein_0341,protein_0367,0.192
protein_0341,protein_0368,0.16071428571428573
protein_0341,protein_0369,0.08823529411764706
protein_0341,protein_0371,0.25
protein_0341,protein_0372,0.11210762331838565
protein_0341,protein_0373,0.10852713178294573
protein_0341,protein_0374,0.14049586776859505
protein_0341,protein_0375,0.22857142857142856
protein_0341,protein_0376,0.19130434782608696
protein_0341,protein_0377,0.18627450980392157
protein_0341,protein_0378,0.14035087719298245
protein_0341,protein_0379,0.1926605504587156
protein_0341,protein_0380,0.1926605504587156
protein_0341,protein_0381,0.1926605504587156
protein_0341,protein_0382,0.25961538461538464
protein_0341,protein_0383,0.14705882352941177
protein_0341,protein_0384,0.23529411764705882
protein_0341,protein_0385,0.19008264462809918
protein_0341,protein_0386,0.13513513513513514
protein_0341,protein_0387,0.16379310344827586
protein_0341,protein_0388,0.1568627450980392
protein_0341,protein_0389,0.10784313725490197
protein_0341,protein_0390,0.24509803921568626
protein_0341,protein_0391,0.2
protein_0341,protein_0392,0.205607476635514
protein_0341,protein_0393,0.22857142857142856
protein_0341,protein_0394,0.15789473684210525
protein_0341,protein_0395,0.21818181818181817
protein_0341,protein_0396,0.14049586776859505
protein_0341,protein_0397,0.26666666666666666
protein_0341,protein_0398,0.1693548387096774
protein_0341,protein_0399,0.19607843137254902
protein_0346,protein_0000,0.1452991452991453
protein_0346,protein_0001,0.1480043344771537
protein_0346,protein_0002,0.14912280701754385
protein_0346,protein_0003,0.14173228346456693
protein_0346,protein_0005,0.14285714285714285
protein_0346,protein_0006,0.15517241379310345
protein_0346,protein_0007,0.1793411330049261
protein_0346,protein_0009,0.1565217391304348
protein_0346,protein_0010,0.15079365079365079
protein_0346,protein_0011,0.18032786885245902
protein_0346,protein_0012,0.17355371900826447
protein_0346,protein_0013,0.14084507042253522
protein_0346,protein_0015,0.18421052631578946
protein_0346,protein_0016,0.13131313131313133
protein_0346,protein_0017,0.14184397163120568
protein_0346,protein_0018,0.1623931623931624
protein_0346,protein_0019,0.16536526114870728
protein_0346,protein_0020,0.17699115044247787
protein_0346,protein_0021,0.18584070796460178
protein_0346,protein_0022,0.1335314328164175
protein_0346,protein_0023,0.1599025974025974
protein_0346,protein_0024,0.12857142857142856
protein_0346,protein_0025,0.1724137931034483
protein_0346,protein_0026,0.15217391304347827
protein_0346,protein_0028,0.16806722689075632
protein_0346,protein_0029,0.1456140350877193
protein_0346,protein_0030,0.140625
protein_0346,protein_0031,0.19
protein_0346,protein_0033,0.14444444444444443
protein_0346,protein_0034,0.15966386554621848
protein_0346,protein_0035,0.16
protein_0346,protein_0036,0.15625
protein_0346,protein_0037,0.13039215686274508
protein_0346,protein_0038,0.13039215686274508
protein_0346,protein_0039,0.15178571428571427
protein_0346,protein_0041,0.11403508771929824
protein_0346,protein_0042,0.13043478260869565
protein_0346,protein_0043,0.10714285714285714
protein_0346,protein_0044,0.15517241379310345
protein_0346,protein_0045,0.1322314049586777
protein_0346,protein_0046,0.17669172932330826
protein_0346,protein_0048,0.13157894736842105
protein_0346,protein_0049,0.13675213675213677
protein_0346,protein_0050,0.1794871794871795
protein_0346,protein_0051,0.18601190476190477
protein_0346,protein_0052,0.14166666666666666
protein_0346,protein_0053,0.15178571428571427
protein_0346,protein_0054,0.15384615384615385
protein_0346,protein_0055,0.1349206349206349
protein_0346,protein_0056,0.24108057357459883
protein_0346,protein_0057,0.17072044334975367
protein_0346,protein_0058,0.16071428571428573
protein_0346,protein_0059,0.1391304347826087
protein_0346,protein_0060,0.22722918843608497
protein_0346,protein_0063,0.09389671361502347
protein_0346,protein_0065,0.20512820512820512
protein_0346,protein_0066,0.1693548387096774
protein_0346,protein_0067,0.152
protein_0346,protein_0068,0.18032786885245902
protein_0346,protein_0069,0.11965811965811966
protein_0346,protein_0070,0.12643678160919541
protein_0346,protein_0071,0.19672131147540983
protein_0346,protein_0072,0.15464601769911504
protein_0346,protein_0073,0.13821138211382114
protein_0346,protein_0074,0.13675213675213677
protein_0346,protein_0075,0.15396093326098753
protein_0346,protein_0076,0.1565217391304348
protein_0346,protein_0077,0.1951219512195122
protein_0346,protein_0078,0.3185840707964602
protein_0346,protein_0079,0.3185840707964602
protein_0346,protein_0080,0.10655737704918032
protein_0346,protein_0081,0.15447154471544716
protein_0346,protein_0082,0.13861386138613863
protein_0346,protein_0083,0.175
protein_0346,protein_0084,0.15816993464052287
protein_0346,protein_0085,0.125
protein_0346,protein_0086,0.14285714285714285
protein_0346,protein_0087,0.13379329004329005
protein_0346,protein_0088,0.14285714285714285
protein_0346,protein_0089,0.23065677013045435
protein_0346,protein_0090,0.22690115494225288
protein_0346,protein_0091,0.2809917355371901
protein_0346,protein_0092,0.2809917355371901
protein_0346,protein_0093,0.1504424778761062
protein_0346,protein_0094,0.136
protein_0346,protein_0095,0.23267251815980627
protein_0346,protein_0096,0.15151515151515152
protein_0346,protein_0097,0.16806722689075632
protein_0346,protein_0099,0.25396203413444796
protein_0346,protein_0101,0.12903225806451613
protein_0346,protein_0102,0.1885245901639344
protein_0346,protein_0103,0.21739130434782608
protein_0346,protein_0104,0.14285714285714285
protein_0346,protein_0105,0.12307692307692308
protein_0346,protein_0106,0.208435960591133
protein_0346,protein_0107,0.13675213675213677
protein_0346,protein_0108,0.13043478260869565
protein_0346,protein_0109,0.16981995727799817
protein_0346,protein_0110,0.13333333333333333
protein_0346,protein_0111,0.14516129032258066
protein_0346,protein_0112,0.15151515151515152
protein_0346,protein_0113,0.1592920353982301
protein_0346,protein_0114,0.1415929203539823
protein_0346,protein_0115,0.14634146341463414
protein_0346,protein_0116,0.24899036968002486
protein_0346,protein_0117,0.24899036968002486
protein_0346,protein_0118,0.18961466165413532
protein_0346,protein_0119,0.11764705882352941
protein_0346,protein_0120,0.21428571428571427
protein_0346,protein_0121,0.21428571428571427
protein_0346,protein_0122,0.11372549019607843
protein_0346,protein_0123,0.17841748768472906
protein_0346,protein_0124,0.1875
protein_0346,protein_0125,0.15306122448979592
protein_0346,protein_0126,0.12121212121212122
protein_0346,protein_0127,0.1504424778761062
protein_0346,protein_0129,0.168141592920354
protein_0346,protein_0130,0.2201616006156214
protein_0346,protein_0131,0.1172077922077922
protein_0346,protein_0132,0.1557377049180328
protein_0346,protein_0133,0.1557377049180328
protein_0346,protein_0134,0.19658119658119658
protein_0346,protein_0136,0.1271186440677966
protein_0346,protein_0137,0.1484375
protein_0346,protein_0139,0.14160401002506265
protein_0346,protein_0140,0.13445378151260504
protein_0346,protein_0141,0.1071320411871593
protein_0346,protein_0142,0.12087912087912088
protein_0346,protein_0143,0.14942528735632185
protein_0346,protein_0144,0.13186813186813187
protein_0346,protein_0145,0.15861801242236026
protein_0346,protein_0146,0.1267605633802817
protein_0346,protein_0147,0.16666666666666666
protein_0346,protein_0148,0.1282051282051282
protein_0346,protein_0149,0.15899122807017543
protein_0346,protein_0150,0.16071428571428573
protein_0346,protein_0151,0.15789473684210525
protein_0346,protein_0152,0.14870740305522914
protein_0346,protein_0153,0.18967770034843207
protein_0346,protein_0154,0.16314935064935066
protein_0346,protein_0155,0.136
protein_0346,protein_0157,0.14166666666666666
protein_0346,protein_0158,0.1830357142857143
protein_0346,protein_0159,0.1797752808988764
protein_0346,protein_0160,0.16279069767441862
protein_0346,protein_0161,0.14285714285714285
protein_0346,protein_0163,0.15079365079365079
protein_0346,protein_0164,0.1557377049180328
protein_0346,protein_0165,0.1595568783068783
protein_0346,protein_0166,0.1721311475409836
protein_0346,protein_0167,0.20995297805642632
protein_0346,protein_0168,0.21904388714733541
protein_0346,protein_0169,0.1510791366906475
protein_0346,protein_0170,0.14457831325301204
protein_0346,protein_0172,0.16666666666666666
protein_0346,protein_0173,0.16091954022988506
protein_0346,protein_0174,0.16091954022988506
protein_0346,protein_0175,0.16091954022988506
protein_0346,protein_0176,0.16729323308270677
protein_0346,protein_0177,0.15851575842260518
protein_0346,protein_0178,0.14482758620689656
protein_0346,protein_0179,0.1415929203539823
protein_0346,protein_0180,0.16304347826086957
protein_0346,protein_0181,0.15873015873015872
protein_0346,protein_0182,0.125
protein_0346,protein_0183,0.17543859649122806
protein_0346,protein_0184,0.14444444444444443
protein_0346,protein_0185,0.14655172413793102
protein_0346,protein_0186,0.1810344827586207
protein_0346,protein_0187,0.1724137931034483
protein_0346,protein_0188,0.1556122448979592
protein_0346,protein_0189,0.17391304347826086
protein_0346,protein_0190,0.16666666666666666
protein_0346,protein_0191,0.15178571428571427
protein_0346,protein_0192,0.13114754098360656
protein_0346,protein_0193,0.1896551724137931
protein_0346,protein_0194,0.1504424778761062
protein_0346,protein_0195,0.15625
protein_0346,protein_0196,0.18548387096774194
protein_0346,protein_0197,0.12195121951219512
protein_0346,protein_0198,0.1557377049180328
protein_0346,protein_0199,0.16071428571428573
protein_0346,protein_0201,0.13333333333333333
protein_0346,protein_0202,0.17857142857142858
protein_0346,protein_0203,0.13008130081300814
protein_0346,protein_0204,0.1437650844730491
protein_0346,protein_0205,0.12322274881516587
protein_0346,protein_0206,0.17355371900826447
protein_0346,protein_0208,0.11551215917464996
protein_0346,protein_0209,0.15517241379310345
protein_0346,protein_0210,0.17543859649122806
protein_0346,protein_0211,0.13642857142857143
protein_0346,protein_0212,0.1780821917808219
protein_0346,protein_0214,0.22058823529411764
protein_0346,protein_0217,0.18072289156626506
protein_0346,protein_0218,0.18181818181818182
protein_0346,protein_0219,0.16666666666666666
protein_0346,protein_0220,0.16393442622950818
protein_0346,protein_0221,0.17647058823529413
protein_0346,protein_0222,0.13675213675213677
protein_0346,protein_0223,0.11594202898550725
protein_0346,protein_0224,0.13075060532687652
protein_0346,protein_0225,0.1724137931034483
protein_0346,protein_0227,0.14925373134328357
protein_0346,protein_0228,0.13751571009635527
protein_0346,protein_0229,0.18292682926829268
protein_0346,protein_0231,0.16666666666666666
protein_0346,protein_0232,0.17845326716294457
protein_0346,protein_0233,0.1347517730496454
protein_0346,protein_0234,0.18
protein_0346,protein_0235,0.12444690265486726
protein_0346,protein_0237,0.10646853146853147
protein_0346,protein_0238,0.1390728476821192
protein_0346,protein_0239,0.16101694915254236
protein_0346,protein_0240,0.15254237288135594
protein_0346,protein_0241,0.136
protein_0346,protein_0242,0.15037593984962405
protein_0346,protein_0243,0.14754098360655737
protein_0346,protein_0244,0.12674216027874563
protein_0346,protein_0245,0.1367572608579803
protein_0346,protein_0246,0.16521739130434782
protein_0346,protein_0247,0.17978896103896103
protein_0346,protein_0248,0.15254237288135594
protein_0346,protein_0249,0.16521739130434782
protein_0346,protein_0250,0.11426158301158301
protein_0346,protein_0251,0.16853932584269662
protein_0346,protein_0252,0.14960629921259844
protein_0346,protein_0253,0.1111111111111111
protein_0346,protein_0254,0.12593984962406016
protein_0346,protein_0255,0.11956521739130435
protein_0346,protein_0257,0.13076923076923078
protein_0346,protein_0258,0.18548387096774194
protein_0346,protein_0259,0.15021929824561403
protein_0346,protein_0261,0.1414141414141414
protein_0346,protein_0262,0.1357142857142857
protein_0346,protein_0263,0.18115942028985507
protein_0346,protein_0264,0.18803418803418803
protein_0346,protein_0265,0.18803418803418803
protein_0346,protein_0266,0.16585343814945333
protein_0346,protein_0268,0.17647058823529413
protein_0346,protein_0269,0.13986013986013987
protein_0346,protein_0270,0.16901408450704225
protein_0346,protein_0271,0.20654761904761904
protein_0346,protein_0272,0.11967577876668786
protein_0346,protein_0273,0.12359287054409006
protein_0346,protein_0274,0.13934426229508196
protein_0346,protein_0275,0.1623931623931624
protein_0346,protein_0276,0.13186813186813187
protein_0346,protein_0277,0.17543859649122806
protein_0346,protein_0278,0.125
protein_0346,protein_0280,0.125
protein_0346,protein_0281,0.36607142857142855
protein_0346,protein_0282,0.125
protein_0346,protein_0283,0.11009174311926606
protein_0346,protein_0284,0.11104678091709125
protein_0346,protein_0285,0.16666666666666666
protein_0346,protein_0286,0.1508695652173913
protein_0346,protein_0287,0.15833333333333333
protein_0346,protein_0289,0.16391257995735609
protein_0346,protein_0290,0.15841584158415842
protein_0346,protein_0291,0.13850931677018635
protein_0346,protein_0292,0.1747448979591837
protein_0346,protein_0293,0.17045454545454544
protein_0346,protein_0294,0.13850931677018635
protein_0346,protein_0295,0.17027769301190115
protein_0346,protein_0296,0.15384615384615385
protein_0346,protein_0297,0.1736111111111111
protein_0346,protein_0298,0.17589285714285713
protein_0346,protein_0299,0.14787847040335256
protein_0346,protein_0301,0.12327586206896551
protein_0346,protein_0302,0.1152073732718894
protein_0346,protein_0303,0.11304347826086956
protein_0346,protein_0304,0.16417253521126762
protein_0346,protein_0305,0.15029761904761904
protein_0346,protein_0306,0.1349206349206349
protein_0346,protein_0307,0.16129032258064516
protein_0346,protein_0308,0.14173228346456693
protein_0346,protein_0309,0.15262515262515264
protein_0346,protein_0310,0.176
protein_0346,protein_0311,0.15178571428571427
protein_0346,protein_0313,0.13021618903971846
protein_0346,protein_0314,0.13274336283185842
protein_0346,protein_0315,0.1323529411764706
protein_0346,protein_0316,0.17721139430284857
protein_0346,protein_0317,0.144
protein_0346,protein_0318,0.3805309734513274
protein_0346,protein_0319,0.15966386554621848
protein_0346,protein_0320,0.14754098360655737
protein_0346,protein_0321,0.15126050420168066
protein_0346,protein_0322,0.16521739130434782
protein_0346,protein_0324,0.1267605633802817
protein_0346,protein_0325,0.21916445623342176
protein_0346,protein_0326,0.168141592920354
protein_0346,protein_0327,0.13392857142857142
protein_0346,protein_0328,0.7142857142857143
protein_0346,protein_0329,0.7142857142857143
protein_0346,protein_0330,0.1391304347826087
protein_0346,protein_0331,0.17027769301190115
protein_0346,protein_0332,0.1387468030690537
protein_0346,protein_0333,0.125
protein_0346,protein_0334,0.1504424778761062
protein_0346,protein_0335,0.16964285714285715
protein_0346,protein_0336,0.1742447360390601
protein_0346,protein_0337,0.16292479450374187
protein_0346,protein_0338,0.13445378151260504
protein_0346,protein_0339,0.1511174441277936
protein_0346,protein_0340,0.16
protein_0346,protein_0342,0.11594202898550725
protein_0346,protein_0343,0.13619505494505496
protein_0346,protein_0344,0.12643678160919541
protein_0346,protein_0345,1.0
protein_0346,protein_0347,0.1820931639443436
protein_0346,protein_0348,0.14285714285714285
protein_0346,protein_0349,0.18032786885245902
protein_0346,protein_0350,0.12643678160919541
protein_0346,protein_0351,0.16666666666666666
protein_0346,protein_0352,0.15851575842260518
protein_0346,protein_0353,0.22820378151260504
protein_0346,protein_0354,0.1487603305785124
protein_0346,protein_0355,0.15990187332738626
protein_0346,protein_0357,0.15827338129496402
protein_0346,protein_0359,0.12598425196850394
protein_0346,protein_0360,0.17391304347826086
protein_0346,protein_0361,0.14285714285714285
protein_0346,protein_0362,0.14772727272727273
protein_0346,protein_0363,0.14772727272727273
protein_0346,protein_0364,0.17045454545454544
protein_0346,protein_0365,0.14285714285714285
protein_0346,protein_0367,0.1111111111111111
protein_0346,protein_0368,0.19130434782608696
protein_0346,protein_0369,0.10666666666666667
protein_0346,protein_0371,0.12790697674418605
protein_0346,protein_0372,0.11467889908256881
protein_0346,protein_0373,0.15833333333333333
protein_0346,protein_0374,0.11666666666666667
protein_0346,protein_0375,0.13934426229508196
protein_0346,protein_0376,0.16666666666666666
protein_0346,protein_0377,0.14754098360655737
protein_0346,protein_0378,0.5535714285714286
protein_0346,protein_0379,0.14336482231219072
protein_0346,protein_0380,0.14336482231219072
protein_0346,protein_0381,0.14336482231219072
protein_0346,protein_0382,0.10552115583075336
protein_0346,protein_0383,0.16329887218045114
protein_0346,protein_0384,0.18421052631578946
protein_0346,protein_0385,0.1826086956521739
protein_0346,protein_0386,0.18253968253968253
protein_0346,protein_0387,0.140625
protein_0346,protein_0388,0.1695910894110467
protein_0346,protein_0389,0.1527777777777778
protein_0346,protein_0390,0.15
protein_0346,protein_0391,0.13821138211382114
protein_0346,protein_0392,0.13793103448275862
protein_0346,protein_0393,0.12781954887218044
protein_0346,protein_0394,0.15172413793103448
protein_0346,protein_0395,0.15833333333333333
protein_0346,protein_0396,0.1366906474820144
protein_0346,protein_0397,0.13392857142857142
protein_0346,protein_0398,0.18703757435079066
protein_0346,protein_0399,0.1391304347826087
protein_0356,protein_0000,0.13333333333333333
protein_0356,protein_0001,0.32952608794714056
protein_0356,protein_0002,0.15853658536585366
protein_0356,protein_0003,0.13043478260869565
protein_0356,protein_0005,0.16470588235294117
protein_0356,protein_0006,0.14444444444444443
protein_0356,protein_0007,0.3825996417375727
protein_0356,protein_0009,0.15306122448979592
protein_0356,protein_0010,0.15555555555555556
protein_0356,protein_0011,0.15555555555555556
protein_0356,protein_0012,0.15730337078651685
protein_0356,protein_0013,0.2
protein_0356,protein_0015,0.15
protein_0356,protein_0016,0.16666666666666666
protein_0356,protein_0017,0.1328125
protein_0356,protein_0018,0.14942528735632185
protein_0356,protein_0019,0.2887136454527759
protein_0356,protein_0020,0.13953488372093023
protein_0356,protein_0021,0.18604651162790697
protein_0356,protein_0022,0.1380039656311963
protein_0356,protein_0023,0.1539855072463768
protein_0356,protein_0024,0.1282051282051282
protein_0356,protein_0025,0.16666666666666666
protein_0356,protein_0026,0.11538461538461539
protein_0356,protein_0028,0.15
protein_0356,protein_0029,0.3987677655517728
protein_0356,protein_0030,0.15126050420168066
protein_0356,protein_0031,0.15
protein_0356,protein_0033,0.15730337078651685
protein_0356,protein_0034,0.1827956989247312
protein_0356,protein_0035,0.12871287128712872
protein_0356,protein_0036,0.38448435859059826
protein_0356,protein_0037,0.13515406162464985
protein_0356,protein_0038,0.13515406162464985
protein_0356,protein_0039,0.13186813186813187
protein_0356,protein_0041,0.17045454545454544
protein_0356,protein_0042,0.1411764705882353
protein_0356,protein_0043,0.14942528735632185
protein_0356,protein_0044,0.13186813186813187
protein_0356,protein_0045,0.15555555555555556
protein_0356,protein_0046,0.3716329939139436
protein_0356,protein_0048,0.15555555555555556
protein_0356,protein_0049,0.14772727272727273
protein_0356,protein_0050,0.14
protein_0356,protein_0051,0.36643214531683155
protein_0356,protein_0052,0.14444444444444443
protein_0356,protein_0053,0.1590909090909091
protein_0356,protein_0054,0.13675213675213677
protein_0356,protein_0055,0.13675213675213677
protein_0356,protein_0056,0.1473076923076923
protein_0356,protein_0057,0.364548354415511
protein_0356,protein_0058,0.18421052631578946
protein_0356,protein_0059,0.14942528735632185
protein_0356,protein_0060,0.12657083015993906
protein_0356,protein_0063,0.09859154929577464
protein_0356,protein_0065,0.1717171717171717
protein_0356,protein_0066,0.15
protein_0356,protein_0067,0.12643678160919541
protein_0356,protein_0068,0.17045454545454544
protein_0356,protein_0069,0.125
protein_0356,protein_0070,0.15730337078651685
protein_0356,protein_0071,0.17204301075268819
protein_0356,protein_0072,0.49655159739414784
protein_0356,protein_0073,0.21839080459770116
protein_0356,protein_0074,0.1839080459770115
protein_0356,protein_0075,0.14948453608247422
protein_0356,protein_0076,0.1891891891891892
protein_0356,protein_0077,0.14942528735632185
protein_0356,protein_0078,0.15841584158415842
protein_0356,protein_0079,0.15841584158415842
protein_0356,protein_0080,0.16091954022988506
protein_0356,protein_0081,0.12643678160919541
protein_0356,protein_0082,0.17475728155339806
protein_0356,protein_0083,0.14942528735632185
protein_0356,protein_0084,0.146374829001368
protein_0356,protein_0085,0.17
protein_0356,protein_0086,0.17475728155339806
protein_0356,protein_0087,0.4272486772486772
protein_0356,protein_0088,0.15555555555555556
protein_0356,protein_0089,0.14189189189189189
protein_0356,protein_0090,0.12470355731225297
protein_0356,protein_0091,0.13274336283185842
protein_0356,protein_0092,0.13274336283185842
protein_0356,protein_0093,0.14457831325301204
protein_0356,protein_0094,0.14912280701754385
protein_0356,protein_0095,0.1392989628283746
protein_0356,protein_0096,0.19607843137254902
protein_0356,protein_0097,0.14130434782608695
protein_0356,protein_0099,0.12764436821040595
protein_0356,protein_0101,0.21839080459770116
protein_0356,protein_0102,0.14444444444444443
protein_0356,protein_0103,0.14772727272727273
protein_0356,protein_0104,0.1282051282051282
protein_0356,protein_0105,0.2318840579710145
protein_0356,protein_0106,0.13692140416278348
protein_0356,protein_0107,0.15217391304347827
protein_0356,protein_0108,0.1686746987951807
protein_0356,protein_0109,0.2878430166481572
protein_0356,protein_0110,0.13636363636363635
protein_0356,protein_0111,0.14942528735632185
protein_0356,protein_0112,0.15841584158415842
protein_0356,protein_0113,0.16091954022988506
protein_0356,protein_0114,0.16091954022988506
protein_0356,protein_0115,0.15853658536585366
protein_0356,protein_0116,0.13706140350877194
protein_0356,protein_0117,0.13706140350877194
protein_0356,protein_0118,0.3625219899913062
protein_0356,protein_0119,0.14
protein_0356,protein_0120,0.14772727272727273
protein_0356,protein_0121,0.14772727272727273
protein_0356,protein_0122,0.14117132867132867
protein_0356,protein_0123,0.7832448963988072
protein_0356,protein_0124,0.12643678160919541
protein_0356,protein_0125,0.16326530612244897
protein_0356,protein_0126,0.18811881188118812
protein_0356,protein_0127,0.15555555555555556
protein_0356,protein_0129,0.13402061855670103
protein_0356,protein_0130,0.1417939678809244
protein_0356,protein_0131,0.18695652173913044
protein_0356,protein_0132,0.16981132075471697
protein_0356,protein_0133,0.16981132075471697
protein_0356,protein_0134,0.16666666666666666
protein_0356,protein_0136,0.17094017094017094
protein_0356,protein_0137,0.1440677966101695
protein_0356,protein_0139,0.25506899868968835
protein_0356,protein_0140,0.12643678160919541
protein_0356,protein_0141,0.1387468030690537
protein_0356,protein_0142,0.12790697674418605
protein_0356,protein_0143,0.14606741573033707
protein_0356,protein_0144,0.14444444444444443
protein_0356,protein_0145,0.38626554757811704
protein_0356,protein_0146,0.19230769230769232
protein_0356,protein_0147,0.14942528735632185
protein_0356,protein_0148,0.16304347826086957
protein_0356,protein_0149,0.4021809225257501
protein_0356,protein_0150,0.13636363636363635
protein_0356,protein_0151,0.16483516483516483
protein_0356,protein_0152,0.4028778102260375
protein_0356,protein_0153,0.15010645421265983
protein_0356,protein_0154,0.1300452146392251
protein_0356,protein_0155,0.1452991452991453
protein_0356,protein_0157,0.13095238095238096
protein_0356,protein_0158,0.5684977059375238
protein_0356,protein_0159,0.14772727272727273
protein_0356,protein_0160,0.16279069767441862
protein_0356,protein_0161,0.1452991452991453
protein_0356,protein_0163,0.1568627450980392
protein_0356,protein_0164,0.17777777777777778
protein_0356,protein_0165,0.34141922094508304
protein_0356,protein_0166,0.16129032258064516
protein_0356,protein_0167,0.11810477657935284
protein_0356,protein_0168,0.11810477657935284
protein_0356,protein_0169,0.1440677966101695
protein_0356,protein_0170,0.14942528735632185
protein_0356,protein_0172,0.15126050420168066
protein_0356,protein_0173,0.1839080459770115
protein_0356,protein_0174,0.14942528735632185
protein_0356,protein_0175,0.16091954022988506
protein_0356,protein_0176,0.29824811356463443
protein_0356,protein_0177,0.36317136886102397
protein_0356,protein_0178,0.11403508771929824
protein_0356,protein_0179,0.14166666666666666
protein_0356,protein_0180,0.15555555555555556
protein_0356,protein_0181,0.12643678160919541
protein_0356,protein_0182,0.11363636363636363
protein_0356,protein_0183,0.14
protein_0356,protein_0184,0.12643678160919541
protein_0356,protein_0185,0.1744186046511628
protein_0356,protein_0186,0.16161616161616163
protein_0356,protein_0187,0.16091954022988506
protein_0356,protein_0188,0.40831531934980214
protein_0356,protein_0189,0.15730337078651685
protein_0356,protein_0190,0.13186813186813187
protein_0356,protein_0191,0.17582417582417584
protein_0356,protein_0192,0.18072289156626506
protein_0356,protein_0193,0.12643678160919541
protein_0356,protein_0194,0.15789473684210525
protein_0356,protein_0195,0.15555555555555556
protein_0356,protein_0196,0.14606741573033707
protein_0356,protein_0197,0.12790697674418605
protein_0356,protein_0198,0.14772727272727273
protein_0356,protein_0199,0.1875
protein_0356,protein_0201,0.16666666666666666
protein_0356,protein_0202,0.17777777777777778
protein_0356,protein_0203,0.13675213675213677
protein_0356,protein_0204,0.3924775889567178
protein_0356,protein_0205,0.0947867298578199
protein_0356,protein_0206,0.15555555555555556
protein_0356,protein_0208,0.10559904697072839
protein_0356,protein_0209,0.13333333333333333
protein_0356,protein_0210,0.15294117647058825
protein_0356,protein_0211,0.13406593406593406
protein_0356,protein_0212,0.19718309859154928
protein_0356,protein_0214,0.14925373134328357
protein_0356,protein_0217,0.18072289156626506
protein_0356,protein_0218,0.12403100775193798
protein_0356,protein_0219,0.10084033613445378
protein_0356,protein_0220,0.11494252873563218
protein_0356,protein_0221,0.2028985507246377
protein_0356,protein_0222,0.13953488372093023
protein_0356,protein_0223,0.20833333333333334
protein_0356,protein_0224,0.23580581355349156
protein_0356,protein_0225,0.1744186046511628
protein_0356,protein_0227,0.19402985074626866
protein_0356,protein_0228,0.16032608695652173
protein_0356,protein_0229,0.18604651162790697
protein_0356,protein_0231,0.12222222222222222
protein_0356,protein_0232,0.4111591141454511
protein_0356,protein_0233,0.15748031496062992
protein_0356,protein_0234,0.16161616161616163
protein_0356,protein_0235,0.13127659417564508
protein_0356,protein_0237,0.13653308480894688
protein_0356,protein_0238,0.12213740458015267
protein_0356,protein_0239,0.13793103448275862
protein_0356,protein_0240,0.13793103448275862
protein_0356,protein_0241,0.16091954022988506
protein_0356,protein_0242,0.26468218047999104
protein_0356,protein_0243,0.14444444444444443
protein_0356,protein_0244,0.1302063789868668
protein_0356,protein_0245,0.11405723905723905
protein_0356,protein_0246,0.1935483870967742
protein_0356,protein_0247,0.1704938271604938
protein_0356,protein_0248,0.15555555555555556
protein_0356,protein_0249,0.17582417582417584
protein_0356,protein_0250,0.11810567010309278
protein_0356,protein_0251,0.15053763440860216
protein_0356,protein_0252,0.14942528735632185
protein_0356,protein_0253,0.1391304347826087
protein_0356,protein_0254,0.1381578947368421
protein_0356,protein_0255,0.08187134502923976
protein_0356,protein_0257,0.16161616161616163
protein_0356,protein_0258,0.16279069767441862
protein_0356,protein_0259,0.3519749216300941
protein_0356,protein_0261,0.16161616161616163
protein_0356,protein_0262,0.1259259259259259
protein_0356,protein_0263,0.13970588235294118
protein_0356,protein_0264,0.1348314606741573
protein_0356,protein_0265,0.1348314606741573
protein_0356,protein_0266,0.13946869070208728
protein_0356,protein_0268,0.13953488372093023
protein_0356,protein_0269,0.13559322033898305
protein_0356,protein_0270,0.21621621621621623
protein_0356,protein_0271,0.2906368887548161
protein_0356,protein_0272,0.12411582670203361
protein_0356,protein_0273,0.12593632958801498
protein_0356,protein_0274,0.18947368421052632
protein_0356,protein_0275,0.18811881188118812
protein_0356,protein_0276,0.14606741573033707
protein_0356,protein_0277,0.29879384982833257
protein_0356,protein_0278,0.14130434782608695
protein_0356,protein_0280,0.1728395061728395
protein_0356,protein_0281,0.15178571428571427
protein_0356,protein_0282,0.21428571428571427
protein_0356,protein_0283,0.09545454545454546
protein_0356,protein_0284,0.13404321954274975
protein_0356,protein_0285,0.17045454545454544
protein_0356,protein_0286,0.4068137546597631
protein_0356,protein_0287,0.11214953271028037
protein_0356,protein_0289,0.20017559262510976
protein_0356,protein_0290,0.1650485436893204
protein_0356,protein_0291,0.13628691983122362
protein_0356,protein_0292,0.3200355341809615
protein_0356,protein_0293,0.1702127659574468
protein_0356,protein_0294,0.13628691983122362
protein_0356,protein_0295,0.4088921744416848
protein_0356,protein_0296,0.13274336283185842
protein_0356,protein_0297,0.3273981191222571
protein_0356,protein_0298,0.2901048603967008
protein_0356,protein_0299,0.14097770391912479
protein_0356,protein_0301,0.1594534609515883
protein_0356,protein_0302,0.08294930875576037
protein_0356,protein_0303,0.18421052631578946
protein_0356,protein_0304,0.2119402985074627
protein_0356,protein_0305,0.1615328074442853
protein_0356,protein_0306,0.13675213675213677
protein_0356,protein_0307,0.1271186440677966
protein_0356,protein_0308,0.12173913043478261
protein_0356,protein_0309,0.13266178266178266
protein_0356,protein_0310,0.1717171717171717
protein_0356,protein_0311,0.13333333333333333
protein_0356,protein_0313,0.1538547237076649
protein_0356,protein_0314,0.1919191919191919
protein_0356,protein_0315,0.13157894736842105
protein_0356,protein_0316,0.7002721920636134
protein_0356,protein_0317,0.14705882352941177
protein_0356,protein_0318,0.13392857142857142
protein_0356,protein_0319,0.18181818181818182
protein_0356,protein_0320,0.1724137931034483
protein_0356,protein_0321,0.1590909090909091
protein_0356,protein_0322,0.16666666666666666
protein_0356,protein_0324,0.18666666666666668
protein_0356,protein_0325,0.1500783699059561
protein_0356,protein_0326,0.16666666666666666
protein_0356,protein_0327,0.13793103448275862
protein_0356,protein_0328,0.16666666666666666
protein_0356,protein_0329,0.16666666666666666
protein_0356,protein_0330,0.14942528735632185
protein_0356,protein_0331,0.4088921744416848
protein_0356,protein_0332,0.14879822896900696
protein_0356,protein_0333,0.1190318302387268
protein_0356,protein_0334,0.13333333333333333
protein_0356,protein_0335,0.16666666666666666
protein_0356,protein_0336,0.6119533329390193
protein_0356,protein_0337,0.14551767676767677
protein_0356,protein_0338,0.12643678160919541
protein_0356,protein_0339,0.32115307397692494
protein_0356,protein_0340,0.15384615384615385
protein_0356,protein_0342,0.18309859154929578
protein_0356,protein_0343,0.23134328358208955
protein_0356,protein_0344,0.14444444444444443
protein_0356,protein_0345,0.1647323371536341
protein_0356,protein_0347,0.3462068120558687
protein_0356,protein_0348,0.10434782608695652
protein_0356,protein_0349,0.14705882352941177
protein_0356,protein_0350,0.14444444444444443
protein_0356,protein_0351,0.17045454545454544
protein_0356,protein_0352,0.3642920092269474
protein_0356,protein_0353,0.10882352941176471
protein_0356,protein_0354,0.19318181818181818
protein_0356,protein_0355,0.16005392912172572
protein_0356,protein_0357,0.12396694214876033
protein_0356,protein_0359,0.15966386554621848
protein_0356,protein_0360,0.17777777777777778
protein_0356,protein_0361,0.1452991452991453
protein_0356,protein_0362,0.14942528735632185
protein_0356,protein_0363,0.14942528735632185
protein_0356,protein_0364,0.14942528735632185
protein_0356,protein_0365,0.1411764705882353
protein_0356,protein_0367,0.1650485436893204
protein_0356,protein_0368,0.18292682926829268
protein_0356,protein_0369,0.13333333333333333
protein_0356,protein_0371,0.15555555555555556
protein_0356,protein_0372,0.08256880733944955
protein_0356,protein_0373,0.17307692307692307
protein_0356,protein_0374,0.13675213675213677
protein_0356,protein_0375,0.1956521739130435
protein_0356,protein_0376,0.16161616161616163
protein_0356,protein_0377,0.13636363636363635
protein_0356,protein_0378,0.16666666666666666
protein_0356,protein_0379,0.1575981036219507
protein_0356,protein_0380,0.1575981036219507
protein_0356,protein_0381,0.1575981036219507
protein_0356,protein_0382,0.12057806048432095
protein_0356,protein_0383,0.36364075742084845
protein_0356,protein_0384,0.1839080459770115
protein_0356,protein_0385,0.15
protein_0356,protein_0386,0.13861386138613863
protein_0356,protein_0387,0.16161616161616163
protein_0356,protein_0388,0.7255386497438643
protein_0356,protein_0389,0.18055555555555555
protein_0356,protein_0390,0.14444444444444443
protein_0356,protein_0391,0.11578947368421053
protein_0356,protein_0392,0.19540229885057472
protein_0356,protein_0393,0.1839080459770115
protein_0356,protein_0394,0.14035087719298245
protein_0356,protein_0395,0.15217391304347827
protein_0356,protein_0396,0.11403508771929824
protein_0356,protein_0397,0.14457831325301204
protein_0356,protein_0398,0.12935501873554972
protein_0356,protein_0399,0.16091954022988506
protein_0358,protein_0000,0.3333333333333333
protein_0358,protein_0001,0.14942528735632185
protein_0358,protein_0002,0.16666666666666666
protein_0358,protein_0003,0.367816091954023
protein_0358,protein_0005,0.12371134020618557
protein_0358,protein_0006,0.3181818181818182
protein_0358,protein_0007,0.16666666666666666
protein_0358,protein_0009,0.1839080459770115
protein_0358,protein_0010,0.3218390804597701
protein_0358,protein_0011,0.37777777777777777
protein_0358,protein_0012,0.367816091954023
protein_0358,protein_0013,0.1348314606741573
protein_0358,protein_0015,0.19811320754716982
protein_0358,protein_0016,0.15151515151515152
protein_0358,protein_0017,0.1
protein_0358,protein_0018,0.367816091954023
protein_0358,protein_0019,0.16304347826086957
protein_0358,protein_0020,0.36666666666666664
protein_0358,protein_0021,0.17894736842105263
protein_0358,protein_0022,0.1414141414141414
protein_0358,protein_0023,0.16666666666666666
protein_0358,protein_0024,0.1623931623931624
protein_0358,protein_0025,0.36666666666666664
protein_0358,protein_0026,0.15384615384615385
protein_0358,protein_0028,0.13725490196078433
protein_0358,protein_0029,0.18181818181818182
protein_0358,protein_0030,0.1557377049180328
protein_0358,protein_0031,0.16831683168316833
protein_0358,protein_0033,0.36363636363636365
protein_0358,protein_0034,0.3181818181818182
protein_0358,protein_0035,0.1568627450980392
protein_0358,protein_0036,0.13043478260869565
protein_0358,protein_0037,0.22988505747126436
protein_0358,protein_0038,0.22988505747126436
protein_0358,protein_0039,0.20689655172413793
protein_0358,protein_0041,0.42528735632183906
protein_0358,protein_0042,0.19540229885057472
protein_0358,protein_0043,0.25287356321839083
protein_0358,protein_0044,0.2413793103448276
protein_0358,protein_0045,0.4431818181818182
protein_0358,protein_0046,0.16666666666666666
protein_0358,protein_0048,0.3218390804597701
protein_0358,protein_0049,0.27586206896551724
protein_0358,protein_0050,0.14285714285714285
protein_0358,protein_0051,0.1724137931034483
protein_0358,protein_0052,0.39080459770114945
protein_0358,protein_0053,0.3448275862068966
protein_0358,protein_0054,0.15702479338842976
protein_0358,protein_0055,0.12396694214876033
protein_0358,protein_0056,0.1559633027522936
protein_0358,protein_0057,0.15625
protein_0358,protein_0058,0.12643678160919541
protein_0358,protein_0059,0.2777777777777778
protein_0358,protein_0060,0.13761467889908258
protein_0358,protein_0063,0.1308411214953271
protein_0358,protein_0065,0.1414141414141414
protein_0358,protein_0066,0.1346153846153846
protein_0358,protein_0067,0.3218390804597701
protein_0358,protein_0068,0.26436781609195403
protein_0358,protein_0069,0.3333333333333333
protein_0358,protein_0070,0.19540229885057472
protein_0358,protein_0071,0.2826086956521739
protein_0358,protein_0072,0.1724137931034483
protein_0358,protein_0073,0.22988505747126436
protein_0358,protein_0074,0.1485148514851485
protein_0358,protein_0075,0.17708333333333334
protein_0358,protein_0076,0.1827956989247312
protein_0358,protein_0077,0.39080459770114945
protein_0358,protein_0078,0.0673076923076923
protein_0358,protein_0079,0.0673076923076923
protein_0358,protein_0080,0.46153846153846156
protein_0358,protein_0081,0.42857142857142855
protein_0358,protein_0082,0.15454545454545454
protein_0358,protein_0083,0.28735632183908044
protein_0358,protein_0084,0.2413793103448276
protein_0358,protein_0085,0.13
protein_0358,protein_0086,0.1485148514851485
protein_0358,protein_0087,0.16091954022988506
protein_0358,protein_0088,0.4367816091954023
protein_0358,protein_0089,0.17073170731707318
protein_0358,protein_0090,0.1721311475409836
protein_0358,protein_0091,0.1452991452991453
protein_0358,protein_0092,0.1452991452991453
protein_0358,protein_0093,0.3218390804597701
protein_0358,protein_0094,0.1623931623931624
protein_0358,protein_0095,0.12396694214876033
protein_0358,protein_0096,0.1485148514851485
protein_0358,protein_0097,0.3763440860215054
protein_0358,protein_0099,0.1308411214953271
protein_0358,protein_0101,0.21839080459770116
protein_0358,protein_0102,0.2696629213483146
protein_0358,protein_0103,0.26136363636363635
protein_0358,protein_0104,0.175
protein_0358,protein_0105,0.125
protein_0358,protein_0106,0.1721311475409836
protein_0358,protein_0107,0.4367816091954023
protein_0358,protein_0108,0.25
protein_0358,protein_0109,0.15789473684210525
protein_0358,protein_0110,0.3103448275862069
protein_0358,protein_0111,0.25287356321839083
protein_0358,protein_0112,0.1
protein_0358,protein_0113,0.3448275862068966
protein_0358,protein_0114,0.4157303370786517
protein_0358,protein_0115,0.3333333333333333
protein_0358,protein_0116,0.1452991452991453
protein_0358,protein_0117,0.1452991452991453
protein_0358,protein_0118,0.18681318681318682
protein_0358,protein_0119,0.14
protein_0358,protein_0120,0.34782608695652173
protein_0358,protein_0121,0.34782608695652173
protein_0358,protein_0122,0.25287356321839083
protein_0358,protein_0123,0.13793103448275862
protein_0358,protein_0124,0.34782608695652173
protein_0358,protein_0125,0.12871287128712872
protein_0358,protein_0126,0.15151515151515152
protein_0358,protein_0127,0.41379310344827586
protein_0358,protein_0129,0.26666666666666666
protein_0358,protein_0130,0.14782608695652175
protein_0358,protein_0131,0.13793103448275862
protein_0358,protein_0132,0.22522522522522523
protein_0358,protein_0133,0.22522522522522523
protein_0358,protein_0134,0.3333333333333333
protein_0358,protein_0136,0.12605042016806722
protein_0358,protein_0137,0.13333333333333333
protein_0358,protein_0139,0.14942528735632185
protein_0358,protein_0140,0.3333333333333333
protein_0358,protein_0141,0.25287356321839083
protein_0358,protein_0142,0.36666666666666664
protein_0358,protein_0143,0.3333333333333333
protein_0358,protein_0144,0.3103448275862069
protein_0358,protein_0145,0.1797752808988764
protein_0358,protein_0146,0.0989010989010989
protein_0358,protein_0147,0.41379310344827586
protein_0358,protein_0148,0.3333333333333333
protein_0358,protein_0149,0.1839080459770115
protein_0358,protein_0150,0.3448275862068966
protein_0358,protein_0151,0.24175824175824176
protein_0358,protein_0152,0.17582417582417584
protein_0358,protein_0153,0.1956521739130435
protein_0358,protein_0154,0.1978021978021978
protein_0358,protein_0155,0.15384615384615385
protein_0358,protein_0157,0.125
protein_0358,protein_0158,0.1724137931034483
protein_0358,protein_0159,0.37777777777777777
protein_0358,protein_0160,0.3563218390804598
protein_0358,protein_0161,0.19672131147540983
protein_0358,protein_0163,0.07
protein_0358,protein_0164,0.3448275862068966
protein_0358,protein_0165,0.16091954022988506
protein_0358,protein_0166,0.3793103448275862
protein_0358,protein_0167,0.18487394957983194
protein_0358,protein_0168,0.17647058823529413
protein_0358,protein_0169,0.13793103448275862
protein_0358,protein_0170,0.3595505617977528
protein_0358,protein_0172,0.11864406779661017
protein_0358,protein_0173,0.3333333333333333
protein_0358,protein_0174,0.3218390804597701
protein_0358,protein_0175,0.34444444444444444
protein_0358,protein_0176,0.1797752808988764
protein_0358,protein_0177,0.1724137931034483
protein_0358,protein_0178,0.1592920353982301
protein_0358,protein_0179,0.15517241379310345
protein_0358,protein_0180,0.2413793103448276
protein_0358,protein_0181,0.3218390804597701
protein_0358,protein_0182,0.3218390804597701
protein_0358,protein_0183,0.1650485436893204
protein_0358,protein_0184,0.3563218390804598
protein_0358,protein_0185,0.19148936170212766
protein_0358,protein_0186,0.1553398058252427
protein_0358,protein_0187,0.32222222222222224
protein_0358,protein_0188,0.17045454545454544
protein_0358,protein_0189,0.367816091954023
protein_0358,protein_0190,0.3010752688172043
protein_0358,protein_0191,0.41379310344827586
protein_0358,protein_0192,0.3793103448275862
protein_0358,protein_0193,0.3888888888888889
protein_0358,protein_0194,0.21839080459770116
protein_0358,protein_0195,0.2988505747126437
protein_0358,protein_0196,0.3218390804597701
protein_0358,protein_0197,0.3563218390804598
protein_0358,protein_0198,0.367816091954023
protein_0358,protein_0199,0.2
protein_0358,protein_0201,0.06930693069306931
protein_0358,protein_0202,0.3218390804597701
protein_0358,protein_0203,0.12605042016806722
protein_0358,protein_0204,0.1724137931034483
protein_0358,protein_0205,0.12735849056603774
protein_0358,protein_0206,0.3218390804597701
protein_0358,protein_0208,0.14953271028037382
protein_0358,protein_0209,0.26436781609195403
protein_0358,protein_0210,0.37777777777777777
protein_0358,protein_0211,0.1188118811881188
protein_0358,protein_0212,0.21839080459770116
protein_0358,protein_0214,0.13541666666666666
protein_0358,protein_0217,0.1875
protein_0358,protein_0218,0.136
protein_0358,protein_0219,0.18253968253968253
protein_0358,protein_0220,0.3448275862068966
protein_0358,protein_0221,0.1724137931034483
protein_0358,protein_0222,0.30337078651685395
protein_0358,protein_0223,0.13793103448275862
protein_0358,protein_0224,0.12643678160919541
protein_0358,protein_0225,0.13186813186813187
protein_0358,protein_0227,0.12643678160919541
protein_0358,protein_0228,0.26881720430107525
protein_0358,protein_0229,0.13861386138613863
protein_0358,protein_0231,0.45555555555555555
protein_0358,protein_0232,0.1724137931034483
protein_0358,protein_0233,0.1328125
protein_0358,protein_0234,0.16161616161616163
protein_0358,protein_0235,0.15625
protein_0358,protein_0237,0.26436781609195403
protein_0358,protein_0238,0.14074074074074075
protein_0358,protein_0239,0.3103448275862069
protein_0358,protein_0240,0.3218390804597701
protein_0358,protein_0241,0.2988505747126437
protein_0358,protein_0242,0.14942528735632185
protein_0358,protein_0243,0.34831460674157305
protein_0358,protein_0244,0.17894736842105263
protein_0358,protein_0245,0.12878787878787878
protein_0358,protein_0246,0.15841584158415842
protein_0358,protein_0247,0.17391304347826086
protein_0358,protein_0248,0.39080459770114945
protein_0358,protein_0249,0.3333333333333333
protein_0358,protein_0250,0.20454545454545456
protein_0358,protein_0251,0.20618556701030927
protein_0358,protein_0252,0.17475728155339806
protein_0358,protein_0253,0.168141592920354
protein_0358,protein_0254,0.16666666666666666
protein_0358,protein_0255,0.1111111111111111
protein_0358,protein_0257,0.16
protein_0358,protein_0258,0.3218390804597701
protein_0358,protein_0259,0.15555555555555556
protein_0358,protein_0261,0.15384615384615385
protein_0358,protein_0262,0.13333333333333333
protein_0358,protein_0263,0.1323529411764706
protein_0358,protein_0264,0.43333333333333335
protein_0358,protein_0265,0.43333333333333335
protein_0358,protein_0266,0.16326530612244897
protein_0358,protein_0268,0.15217391304347827
protein_0358,protein_0269,0.1724137931034483
protein_0358,protein_0270,0.1590909090909091
protein_0358,protein_0271,0.15555555555555556
protein_0358,protein_0272,0.3218390804597701
protein_0358,protein_0273,0.3103448275862069
protein_0358,protein_0274,0.24719101123595505
protein_0358,protein_0275,0.16831683168316833
protein_0358,protein_0276,0.45977011494252873
protein_0358,protein_0277,0.14942528735632185
protein_0358,protein_0278,0.2967032967032967
protein_0358,protein_0280,0.3218390804597701
protein_0358,protein_0281,0.15254237288135594
protein_0358,protein_0282,0.11363636363636363
protein_0358,protein_0283,0.09174311926605505
protein_0358,protein_0284,0.26436781609195403
protein_0358,protein_0285,0.34444444444444444
protein_0358,protein_0286,0.16853932584269662
protein_0358,protein_0287,0.23214285714285715
protein_0358,protein_0289,0.13793103448275862
protein_0358,protein_0290,0.125
protein_0358,protein_0291,0.2413793103448276
protein_0358,protein_0292,0.20224719101123595
protein_0358,protein_0293,0.2159090909090909
protein_0358,protein_0294,0.2413793103448276
protein_0358,protein_0295,0.18181818181818182
protein_0358,protein_0296,0.15517241379310345
protein_0358,protein_0297,0.1590909090909091
protein_0358,protein_0298,0.16091954022988506
protein_0358,protein_0299,0.17204301075268819
protein_0358,protein_0301,0.19
protein_0358,protein_0302,0.11059907834101383
protein_0358,protein_0303,0.22340425531914893
protein_0358,protein_0304,0.16091954022988506
protein_0358,protein_0305,0.1717171717171717
protein_0358,protein_0306,0.12396694214876033
protein_0358,protein_0307,0.13114754098360656
protein_0358,protein_0308,0.17647058823529413
protein_0358,protein_0309,0.20833333333333334
protein_0358,protein_0310,0.1919191919191919
protein_0358,protein_0311,0.4111111111111111
protein_0358,protein_0313,0.2413793103448276
protein_0358,protein_0314,0.14423076923076922
protein_0358,protein_0315,0.14960629921259844
protein_0358,protein_0316,0.16853932584269662
protein_0358,protein_0317,0.12264150943396226
protein_0358,protein_0318,0.15254237288135594
protein_0358,protein_0319,0.29545454545454547
protein_0358,protein_0320,0.3333333333333333
protein_0358,protein_0321,0.18681318681318682
protein_0358,protein_0322,0.34444444444444444
protein_0358,protein_0324,0.13793103448275862
protein_0358,protein_0325,0.1774193548387097
protein_0358,protein_0326,0.17582417582417584
protein_0358,protein_0327,0.2988505747126437
protein_0358,protein_0328,0.14545454545454545
protein_0358,protein_0329,0.14545454545454545
protein_0358,protein_0330,0.3333333333333333
protein_0358,protein_0331,0.18181818181818182
protein_0358,protein_0332,0.27586206896551724
protein_0358,protein_0333,0.27586206896551724
protein_0358,protein_0334,0.18478260869565216
protein_0358,protein_0335,0.14166666666666666
protein_0358,protein_0336,0.1839080459770115
protein_0358,protein_0337,0.3103448275862069
protein_0358,protein_0338,0.27586206896551724
protein_0358,protein_0339,0.1724137931034483
protein_0358,protein_0340,0.1188118811881188
protein_0358,protein_0342,0.1839080459770115
protein_0358,protein_0343,0.14942528735632185
protein_0358,protein_0344,0.9425287356321839
protein_0358,protein_0345,0.13793103448275862
protein_0358,protein_0347,0.20454545454545456
protein_0358,protein_0348,0.14655172413793102
protein_0358,protein_0349,0.12
protein_0358,protein_0350,0.9310344827586207
protein_0358,protein_0351,0.3103448275862069
protein_0358,protein_0352,0.1724137931034483
protein_0358,protein_0353,0.13934426229508196
protein_0358,protein_0354,0.16091954022988506
protein_0358,protein_0355,0.2988505747126437
protein_0358,protein_0357,0.14166666666666666
protein_0358,protein_0359,0.1721311475409836
protein_0358,protein_0360,0.42045454545454547
protein_0358,protein_0361,0.15384615384615385
protein_0358,protein_0362,0.19540229885057472
protein_0358,protein_0363,0.19540229885057472
protein_0358,protein_0364,0.19540229885057472
protein_0358,protein_0365,0.2413793103448276
protein_0358,protein_0367,0.1619047619047619
protein_0358,protein_0368,0.17391304347826086
protein_0358,protein_0369,0.12643678160919541
protein_0358,protein_0371,0.43820224719101125
protein_0358,protein_0372,0.0963302752293578
protein_0358,protein_0373,0.12396694214876033
protein_0358,protein_0374,0.17647058823529413
protein_0358,protein_0375,0.4482758620689655
protein_0358,protein_0376,0.1782178217821782
protein_0358,protein_0377,0.3333333333333333
protein_0358,protein_0378,0.16964285714285715
protein_0358,protein_0379,0.18627450980392157
protein_0358,protein_0380,0.18627450980392157
protein_0358,protein_0381,0.18627450980392157
protein_0358,protein_0382,0.25287356321839083
protein_0358,protein_0383,0.16091954022988506
protein_0358,protein_0384,0.37777777777777777
protein_0358,protein_0385,0.1553398058252427
protein_0358,protein_0386,0.10576923076923077
protein_0358,protein_0387,0.13
protein_0358,protein_0388,0.1797752808988764
protein_0358,protein_0389,0.18888888888888888
protein_0358,protein_0390,0.3258426966292135
protein_0358,protein_0391,0.27472527472527475
protein_0358,protein_0392,0.35555555555555557
protein_0358,protein_0393,0.35555555555555557
protein_0358,protein_0394,0.1724137931034483
protein_0358,protein_0395,0.22340425531914893
protein_0358,protein_0396,0.13821138211382114
protein_0358,protein_0397,0.3333333333333333
protein_0358,protein_0398,0.13043478260869565
protein_0358,protein_0399,0.42857142857142855
protein_0366,protein_0000,0.23863636363636365
protein_0366,protein_0001,0.1411764705882353
protein_0366,protein_0002,0.18181818181818182
protein_0366,protein_0003,0.22580645161290322
protein_0366,protein_0005,0.13636363636363635
protein_0366,protein_0006,0.20618556701030927
protein_0366,protein_0007,0.2
protein_0366,protein_0009,0.22727272727272727
protein_0366,protein_0010,0.2247191011235955
protein_0366,protein_0011,0.23958333333333334
protein_0366,protein_0012,0.25263157894736843
protein_0366,protein_0013,0.12643678160919541
protein_0366,protein_0015,0.16216216216216217
protein_0366,protein_0016,0.11818181818181818
protein_0366,protein_0017,0.1328125
protein_0366,protein_0018,0.25
protein_0366,protein_0019,0.18604651162790697
protein_0366,protein_0020,0.23255813953488372
protein_0366,protein_0021,0.15217391304347827
protein_0366,protein_0022,0.1414141414141414
protein_0366,protein_0023,0.14583333333333334
protein_0366,protein_0024,0.140625
protein_0366,protein_0025,0.22988505747126436
protein_0366,protein_0026,0.13953488372093023
protein_0366,protein_0028,0.11214953271028037
protein_0366,protein_0029,0.1411764705882353
protein_0366,protein_0030,0.18253968253968253
protein_0366,protein_0031,0.1619047619047619
protein_0366,protein_0033,0.21839080459770116
protein_0366,protein_0034,0.19540229885057472
protein_0366,protein_0035,0.14563106796116504
protein_0366,protein_0036,0.1744186046511628
protein_0366,protein_0037,0.20689655172413793
protein_0366,protein_0038,0.20689655172413793
protein_0366,protein_0039,0.2159090909090909
protein_0366,protein_0041,0.2127659574468085
protein_0366,protein_0042,0.1839080459770115
protein_0366,protein_0043,0.23595505617977527
protein_0366,protein_0044,0.23958333333333334
protein_0366,protein_0045,0.25
protein_0366,protein_0046,0.2235294117647059
protein_0366,protein_0048,0.21839080459770116
protein_0366,protein_0049,0.19540229885057472
protein_0366,protein_0050,0.13725490196078433
protein_0366,protein_0051,0.17647058823529413
protein_0366,protein_0052,0.2553191489361702
protein_0366,protein_0053,0.2247191011235955
protein_0366,protein_0054,0.13821138211382114
protein_0366,protein_0055,0.13709677419354838
protein_0366,protein_0056,0.13636363636363635
protein_0366,protein_0057,0.2
protein_0366,protein_0058,0.18604651162790697
protein_0366,protein_0059,0.21875
protein_0366,protein_0060,0.10476190476190476
protein_0366,protein_0063,0.11737089201877934
protein_0366,protein_0065,0.19801980198019803
protein_0366,protein_0066,0.10185185185185185
protein_0366,protein_0067,0.23863636363636365
protein_0366,protein_0068,0.19101123595505617
protein_0366,protein_0069,0.20689655172413793
protein_0366,protein_0070,0.18478260869565216
protein_0366,protein_0071,0.21839080459770116
protein_0366,protein_0072,0.14736842105263157
protein_0366,protein_0073,0.21875
protein_0366,protein_0074,0.15151515151515152
protein_0366,protein_0075,0.13131313131313133
protein_0366,protein_0076,0.1797752808988764
protein_0366,protein_0077,0.20689655172413793
protein_0366,protein_0078,0.16964285714285715
protein_0366,protein_0079,0.16964285714285715
protein_0366,protein_0080,0.23863636363636365
protein_0366,protein_0081,0.23863636363636365
protein_0366,protein_0082,0.15
protein_0366,protein_0083,0.20833333333333334
protein_0366,protein_0084,0.2159090909090909
protein_0366,protein_0085,0.15
protein_0366,protein_0086,0.14
protein_0366,protein_0087,0.1411764705882353
protein_0366,protein_0088,0.2708333333333333
protein_0366,protein_0089,0.15454545454545454
protein_0366,protein_0090,0.14655172413793102
protein_0366,protein_0091,0.11504424778761062
protein_0366,protein_0092,0.11504424778761062
protein_0366,protein_0093,0.23529411764705882
protein_0366,protein_0094,0.16379310344827586
protein_0366,protein_0095,0.15178571428571427
protein_0366,protein_0096,0.12389380530973451
protein_0366,protein_0097,0.21839080459770116
protein_0366,protein_0099,0.13761467889908258
protein_0366,protein_0101,0.2247191011235955
protein_0366,protein_0102,0.19148936170212766
protein_0366,protein_0103,0.18478260869565216
protein_0366,protein_0104,0.152
protein_0366,protein_0105,0.10588235294117647
protein_0366,protein_0106,0.16260162601626016
protein_0366,protein_0107,0.2413793103448276
protein_0366,protein_0108,0.6470588235294118
protein_0366,protein_0109,0.16279069767441862
protein_0366,protein_0110,0.21978021978021978
protein_0366,protein_0111,0.16666666666666666
protein_0366,protein_0112,0.12037037037037036
protein_0366,protein_0113,0.20689655172413793
protein_0366,protein_0114,0.22988505747126436
protein_0366,protein_0115,0.22988505747126436
protein_0366,protein_0116,0.13793103448275862
protein_0366,protein_0117,0.13793103448275862
protein_0366,protein_0118,0.20930232558139536
protein_0366,protein_0119,0.12962962962962962
protein_0366,protein_0120,0.21348314606741572
protein_0366,protein_0121,0.21348314606741572
protein_0366,protein_0122,0.19540229885057472
protein_0366,protein_0123,0.16470588235294117
protein_0366,protein_0124,0.19101123595505617
protein_0366,protein_0125,0.21359223300970873
protein_0366,protein_0126,0.10909090909090909
protein_0366,protein_0127,0.23076923076923078
protein_0366,protein_0129,0.2604166666666667
protein_0366,protein_0130,0.13793103448275862
protein_0366,protein_0131,0.15294117647058825
protein_0366,protein_0132,0.24545454545454545
protein_0366,protein_0133,0.24545454545454545
protein_0366,protein_0134,0.25
protein_0366,protein_0136,0.13709677419354838
protein_0366,protein_0137,0.13675213675213677
protein_0366,protein_0139,0.1797752808988764
protein_0366,protein_0140,0.24489795918367346
protein_0366,protein_0141,0.19540229885057472
protein_0366,protein_0142,0.19318181818181818
protein_0366,protein_0143,0.19101123595505617
protein_0366,protein_0144,0.19101123595505617
protein_0366,protein_0145,0.1724137931034483
protein_0366,protein_0146,0.1744186046511628
protein_0366,protein_0147,0.20202020202020202
protein_0366,protein_0148,0.22727272727272727
protein_0366,protein_0149,0.16666666666666666
protein_0366,protein_0150,0.25555555555555554
protein_0366,protein_0151,0.27472527472527475
protein_0366,protein_0152,0.18181818181818182
protein_0366,protein_0153,0.1702127659574468
protein_0366,protein_0154,0.15294117647058825
protein_0366,protein_0155,0.15
protein_0366,protein_0157,0.12359550561797752
protein_0366,protein_0158,0.16091954022988506
protein_0366,protein_0159,0.27586206896551724
protein_0366,protein_0160,0.2
protein_0366,protein_0161,0.17094017094017094
protein_0366,protein_0163,0.11
protein_0366,protein_0164,0.19540229885057472
protein_0366,protein_0165,0.1411764705882353
protein_0366,protein_0166,0.20689655172413793
protein_0366,protein_0167,0.13793103448275862
protein_0366,protein_0168,0.13793103448275862
protein_0366,protein_0169,0.13934426229508196
protein_0366,protein_0170,0.18888888888888888
protein_0366,protein_0172,0.11016949152542373
protein_0366,protein_0173,0.24210526315789474
protein_0366,protein_0174,0.21348314606741572
protein_0366,protein_0175,0.19101123595505617
protein_0366,protein_0176,0.16853932584269662
protein_0366,protein_0177,0.16091954022988506
protein_0366,protein_0178,0.1504424778761062
protein_0366,protein_0179,0.14035087719298245
protein_0366,protein_0180,0.21348314606741572
protein_0366,protein_0181,0.23595505617977527
protein_0366,protein_0182,0.2413793103448276
protein_0366,protein_0183,0.14814814814814814
protein_0366,protein_0184,0.23076923076923078
protein_0366,protein_0185,0.1717171717171717
protein_0366,protein_0186,0.16071428571428573
protein_0366,protein_0187,0.20224719101123595
protein_0366,protein_0188,0.17647058823529413
protein_0366,protein_0189,0.25287356321839083
protein_0366,protein_0190,0.2222222222222222
protein_0366,protein_0191,0.25274725274725274
protein_0366,protein_0192,0.25287356321839083
protein_0366,protein_0193,0.19540229885057472
protein_0366,protein_0194,0.1724137931034483
protein_0366,protein_0195,0.19101123595505617
protein_0366,protein_0196,0.1978021978021978
protein_0366,protein_0197,0.2631578947368421
protein_0366,protein_0198,0.2247191011235955
protein_0366,protein_0199,0.2903225806451613
protein_0366,protein_0201,0.14705882352941177
protein_0366,protein_0202,0.25274725274725274
protein_0366,protein_0203,0.11510791366906475
protein_0366,protein_0204,0.16853932584269662
protein_0366,protein_0205,0.10377358490566038
protein_0366,protein_0206,0.25
protein_0366,protein_0208,0.1452991452991453
protein_0366,protein_0209,0.22916666666666666
protein_0366,protein_0210,0.2
protein_0366,protein_0211,0.14423076923076922
protein_0366,protein_0212,0.19540229885057472
protein_0366,protein_0214,0.11578947368421053
protein_0366,protein_0217,0.15789473684210525
protein_0366,protein_0218,0.1937984496124031
protein_0366,protein_0219,0.16806722689075632
protein_0366,protein_0220,0.2159090909090909
protein_0366,protein_0221,0.15730337078651685
protein_0366,protein_0222,0.20930232558139536
protein_0366,protein_0223,0.15730337078651685
protein_0366,protein_0224,0.15555555555555556
protein_0366,protein_0225,0.18
protein_0366,protein_0227,0.1411764705882353
protein_0366,protein_0228,0.16326530612244897
protein_0366,protein_0229,0.15463917525773196
protein_0366,protein_0231,0.21875
protein_0366,protein_0232,0.18823529411764706
protein_0366,protein_0233,0.15217391304347827
protein_0366,protein_0234,0.13333333333333333
protein_0366,protein_0235,0.15463917525773196
protein_0366,protein_0237,0.18888888888888888
protein_0366,protein_0238,0.15328467153284672
protein_0366,protein_0239,0.20689655172413793
protein_0366,protein_0240,0.19540229885057472
protein_0366,protein_0241,0.19540229885057472
protein_0366,protein_0242,0.15294117647058825
protein_0366,protein_0243,0.19540229885057472
protein_0366,protein_0244,0.13829787234042554
protein_0366,protein_0245,0.17391304347826086
protein_0366,protein_0246,0.23711340206185566
protein_0366,protein_0247,0.15217391304347827
protein_0366,protein_0248,0.20689655172413793
protein_0366,protein_0249,0.22988505747126436
protein_0366,protein_0250,0.17307692307692307
protein_0366,protein_0251,0.17475728155339806
protein_0366,protein_0252,0.1326530612244898
protein_0366,protein_0253,0.13274336283185842
protein_0366,protein_0254,0.1744186046511628
protein_0366,protein_0255,0.11695906432748537
protein_0366,protein_0257,0.13592233009708737
protein_0366,protein_0258,0.21052631578947367
protein_0366,protein_0259,0.16470588235294117
protein_0366,protein_0261,0.2
protein_0366,protein_0262,0.15555555555555556
protein_0366,protein_0263,0.1223021582733813
protein_0366,protein_0264,0.24731182795698925
protein_0366,protein_0265,0.24731182795698925
protein_0366,protein_0266,0.15384615384615385
protein_0366,protein_0268,0.13978494623655913
protein_0366,protein_0269,0.19658119658119658
protein_0366,protein_0270,0.11494252873563218
protein_0366,protein_0271,0.16470588235294117
protein_0366,protein_0272,0.24444444444444444
protein_0366,protein_0273,0.25555555555555554
protein_0366,protein_0274,0.28888888888888886
protein_0366,protein_0275,0.21
protein_0366,protein_0276,0.25287356321839083
protein_0366,protein_0277,0.16470588235294117
protein_0366,protein_0278,0.24175824175824176
protein_0366,protein_0280,0.20689655172413793
protein_0366,protein_0281,0.14634146341463414
protein_0366,protein_0282,0.1411764705882353
protein_0366,protein_0283,0.0963302752293578
protein_0366,protein_0284,0.20689655172413793
protein_0366,protein_0285,0.22988505747126436
protein_0366,protein_0286,0.19318181818181818
protein_0366,protein_0287,0.2222222222222222
protein_0366,protein_0289,0.1411764705882353
protein_0366,protein_0290,0.17475728155339806
protein_0366,protein_0291,0.25555555555555554
protein_0366,protein_0292,0.1724137931034483
protein_0366,protein_0293,0.26136363636363635
protein_0366,protein_0294,0.25555555555555554
protein_0366,protein_0295,0.15294117647058825
protein_0366,protein_0296,0.17094017094017094
protein_0366,protein_0297,0.17647058823529413
protein_0366,protein_0298,0.18604651162790697
protein_0366,protein_0299,0.17894736842105263
protein_0366,protein_0301,0.1553398058252427
protein_0366,protein_0302,0.11764705882352941
protein_0366,protein_0303,0.5647058823529412
protein_0366,protein_0304,0.15294117647058825
protein_0366,protein_0305,0.1919191919191919
protein_0366,protein_0306,0.14516129032258066
protein_0366,protein_0307,0.136
protein_0366,protein_0308,0.18032786885245902
protein_0366,protein_0309,0.13541666666666666
protein_0366,protein_0310,0.14018691588785046
protein_0366,protein_0311,0.20689655172413793
protein_0366,protein_0313,0.17582417582417584
protein_0366,protein_0314,0.15384615384615385
protein_0366,protein_0315,0.14655172413793102
protein_0366,protein_0316,0.1411764705882353
protein_0366,protein_0317,0.13592233009708737
protein_0366,protein_0318,0.13934426229508196
protein_0366,protein_0319,0.26804123711340205
protein_0366,protein_0320,0.20689655172413793
protein_0366,protein_0321,0.25806451612903225
protein_0366,protein_0322,0.2857142857142857
protein_0366,protein_0324,0.13186813186813187
protein_0366,protein_0325,0.10256410256410256
protein_0366,protein_0326,0.13043478260869565
protein_0366,protein_0327,0.2413793103448276
protein_0366,protein_0328,0.12962962962962962
protein_0366,protein_0329,0.12962962962962962
protein_0366,protein_0330,0.23232323232323232
protein_0366,protein_0331,0.15294117647058825
protein_0366,protein_0332,0.1958762886597938
protein_0366,protein_0333,0.20689655172413793
protein_0366,protein_0334,0.28125
protein_0366,protein_0335,0.12
protein_0366,protein_0336,0.1411764705882353
protein_0366,protein_0337,0.25287356321839083
protein_0366,protein_0338,0.21839080459770116
protein_0366,protein_0339,0.16666666666666666
protein_0366,protein_0340,0.1346153846153846
protein_0366,protein_0342,0.13186813186813187
protein_0366,protein_0343,0.16470588235294117
protein_0366,protein_0344,0.23863636363636365
protein_0366,protein_0345,0.1348314606741573
protein_0366,protein_0347,0.18823529411764706
protein_0366,protein_0348,0.15748031496062992
protein_0366,protein_0349,0.1485148514851485
protein_0366,protein_0350,0.22727272727272727
protein_0366,protein_0351,0.23958333333333334
protein_0366,protein_0352,0.1724137931034483
protein_0366,protein_0353,0.1732283464566929
protein_0366,protein_0354,0.3
protein_0366,protein_0355,0.25287356321839083
protein_0366,protein_0357,0.175
protein_0366,protein_0359,0.13333333333333333
protein_0366,protein_0360,0.1827956989247312
protein_0366,protein_0361,0.11904761904761904
protein_0366,protein_0362,0.6436781609195402
protein_0366,protein_0363,0.6436781609195402
protein_0366,protein_0364,0.6551724137931034
protein_0366,protein_0365,0.9529411764705882
protein_0366,protein_0367,0.1388888888888889
protein_0366,protein_0368,0.125
protein_0366,protein_0369,0.20430107526881722
protein_0366,protein_0371,0.25
protein_0366,protein_0372,0.11009174311926606
protein_0366,protein_0373,0.1588785046728972
protein_0366,protein_0374,0.15833333333333333
protein_0366,protein_0375,0.2903225806451613
protein_0366,protein_0376,0.1574074074074074
protein_0366,protein_0377,0.20202020202020202
protein_0366,protein_0378,0.1440677966101695
protein_0366,protein_0379,0.16304347826086957
protein_0366,protein_0380,0.16304347826086957
protein_0366,protein_0381,0.16304347826086957
protein_0366,protein_0382,0.17777777777777778
protein_0366,protein_0383,0.15294117647058825
protein_0366,protein_0384,0.26436781609195403
protein_0366,protein_0385,0.14414414414414414
protein_0366,protein_0386,0.14953271028037382
protein_0366,protein_0387,0.12745098039215685
protein_0366,protein_0388,0.16470588235294117
protein_0366,protein_0389,0.1276595744680851
protein_0366,protein_0390,0.25
protein_0366,protein_0391,0.3229166666666667
protein_0366,protein_0392,0.21839080459770116
protein_0366,protein_0393,0.21839080459770116
protein_0366,protein_0394,0.125
protein_0366,protein_0395,0.2916666666666667
protein_0366,protein_0396,0.15254237288135594
protein_0366,protein_0397,0.1978021978021978
protein_0366,protein_0398,0.1565217391304348
protein_0366,protein_0399,0.21978021978021978
protein_0370,protein_0000,0.3333333333333333
protein_0370,protein_0001,0.16091954022988506
protein_0370,protein_0002,0.16666666666666666
protein_0370,protein_0003,0.4090909090909091
protein_0370,protein_0005,0.12371134020618557
protein_0370,protein_0006,0.3068181818181818
protein_0370,protein_0007,0.1702127659574468
protein_0370,protein_0009,0.1839080459770115
protein_0370,protein_0010,0.3103448275862069
protein_0370,protein_0011,0.3793103448275862
protein_0370,protein_0012,0.3793103448275862
protein_0370,protein_0013,0.14606741573033707
protein_0370,protein_0015,0.18867924528301888
protein_0370,protein_0016,0.15151515151515152
protein_0370,protein_0017,0.09230769230769231
protein_0370,protein_0018,0.367816091954023
protein_0370,protein_0019,0.16304347826086957
protein_0370,protein_0020,0.37777777777777777
protein_0370,protein_0021,0.14736842105263157
protein_0370,protein_0022,0.16666666666666666
protein_0370,protein_0023,0.15625
protein_0370,protein_0024,0.1452991452991453
protein_0370,protein_0025,0.3448275862068966
protein_0370,protein_0026,0.13953488372093023
protein_0370,protein_0028,0.14705882352941177
protein_0370,protein_0029,0.18181818181818182
protein_0370,protein_0030,0.176
protein_0370,protein_0031,0.1782178217821782
protein_0370,protein_0033,0.36363636363636365
protein_0370,protein_0034,0.3068181818181818
protein_0370,protein_0035,0.1568627450980392
protein_0370,protein_0036,0.14606741573033707
protein_0370,protein_0037,0.22988505747126436
protein_0370,protein_0038,0.22988505747126436
protein_0370,protein_0039,0.24742268041237114
protein_0370,protein_0041,0.42528735632183906
protein_0370,protein_0042,0.23333333333333334
protein_0370,protein_0043,0.2777777777777778
protein_0370,protein_0044,0.26666666666666666
protein_0370,protein_0045,0.42528735632183906
protein_0370,protein_0046,0.1702127659574468
protein_0370,protein_0048,0.34444444444444444
protein_0370,protein_0049,0.27586206896551724
protein_0370,protein_0050,0.14285714285714285
protein_0370,protein_0051,0.16853932584269662
protein_0370,protein_0052,0.3793103448275862
protein_0370,protein_0053,0.3448275862068966
protein_0370,protein_0054,0.15702479338842976
protein_0370,protein_0055,0.12396694214876033
protein_0370,protein_0056,0.16981132075471697
protein_0370,protein_0057,0.16666666666666666
protein_0370,protein_0058,0.13793103448275862
protein_0370,protein_0059,0.2777777777777778
protein_0370,protein_0060,0.13761467889908258
protein_0370,protein_0063,0.13551401869158877
protein_0370,protein_0065,0.15151515151515152
protein_0370,protein_0066,0.1346153846153846
protein_0370,protein_0067,0.3617021276595745
protein_0370,protein_0068,0.26436781609195403
protein_0370,protein_0069,0.3333333333333333
protein_0370,protein_0070,0.19540229885057472
protein_0370,protein_0071,0.26436781609195403
protein_0370,protein_0072,0.1797752808988764
protein_0370,protein_0073,0.22988505747126436
protein_0370,protein_0074,0.1619047619047619
protein_0370,protein_0075,0.15151515151515152
protein_0370,protein_0076,0.17204301075268819
protein_0370,protein_0077,0.40229885057471265
protein_0370,protein_0078,0.09615384615384616
protein_0370,protein_0079,0.09615384615384616
protein_0370,protein_0080,0.4666666666666667
protein_0370,protein_0081,0.41379310344827586
protein_0370,protein_0082,0.16831683168316833
protein_0370,protein_0083,0.27586206896551724
protein_0370,protein_0084,0.2413793103448276
protein_0370,protein_0085,0.15
protein_0370,protein_0086,0.16831683168316833
protein_0370,protein_0087,0.15730337078651685
protein_0370,protein_0088,0.4367816091954023
protein_0370,protein_0089,0.16806722689075632
protein_0370,protein_0090,0.1721311475409836
protein_0370,protein_0091,0.18487394957983194
protein_0370,protein_0092,0.18487394957983194
protein_0370,protein_0093,0.3333333333333333
protein_0370,protein_0094,0.1810344827586207
protein_0370,protein_0095,0.16260162601626016
protein_0370,protein_0096,0.13861386138613863
protein_0370,protein_0097,0.35555555555555557
protein_0370,protein_0099,0.1452991452991453
protein_0370,protein_0101,0.21839080459770116
protein_0370,protein_0102,0.2696629213483146
protein_0370,protein_0103,0.2727272727272727
protein_0370,protein_0104,0.19166666666666668
protein_0370,protein_0105,0.13541666666666666
protein_0370,protein_0106,0.15447154471544716
protein_0370,protein_0107,0.45454545454545453
protein_0370,protein_0108,0.2978723404255319
protein_0370,protein_0109,0.1702127659574468
protein_0370,protein_0110,0.3103448275862069
protein_0370,protein_0111,0.26436781609195403
protein_0370,protein_0112,0.11
protein_0370,protein_0113,0.3977272727272727
protein_0370,protein_0114,0.42696629213483145
protein_0370,protein_0115,0.3333333333333333
protein_0370,protein_0116,0.1452991452991453
protein_0370,protein_0117,0.1452991452991453
protein_0370,protein_0118,0.19540229885057472
protein_0370,protein_0119,0.16
protein_0370,protein_0120,0.3448275862068966
protein_0370,protein_0121,0.3448275862068966
protein_0370,protein_0122,0.25287356321839083
protein_0370,protein_0123,0.13793103448275862
protein_0370,protein_0124,0.358695652173913
protein_0370,protein_0125,0.1568627450980392
protein_0370,protein_0126,0.15151515151515152
protein_0370,protein_0127,0.41379310344827586
protein_0370,protein_0129,0.23595505617977527
protein_0370,protein_0130,0.13934426229508196
protein_0370,protein_0131,0.13793103448275862
protein_0370,protein_0132,0.21621621621621623
protein_0370,protein_0133,0.21621621621621623
protein_0370,protein_0134,0.3333333333333333
protein_0370,protein_0136,0.11764705882352941
protein_0370,protein_0137,0.125
protein_0370,protein_0139,0.14942528735632185
protein_0370,protein_0140,0.3522727272727273
protein_0370,protein_0141,0.25287356321839083
protein_0370,protein_0142,0.3626373626373626
protein_0370,protein_0143,0.37777777777777777
protein_0370,protein_0144,0.3103448275862069
protein_0370,protein_0145,0.19101123595505617
protein_0370,protein_0146,0.13636363636363635
protein_0370,protein_0147,0.41379310344827586
protein_0370,protein_0148,0.3333333333333333
protein_0370,protein_0149,0.1839080459770115
protein_0370,protein_0150,0.3448275862068966
protein_0370,protein_0151,0.2247191011235955
protein_0370,protein_0152,0.2087912087912088
protein_0370,protein_0153,0.1978021978021978
protein_0370,protein_0154,0.1978021978021978
protein_0370,protein_0155,0.1452991452991453
protein_0370,protein_0157,0.125
protein_0370,protein_0158,0.1797752808988764
protein_0370,protein_0159,0.4
protein_0370,protein_0160,0.367816091954023
protein_0370,protein_0161,0.18032786885245902
protein_0370,protein_0163,0.13761467889908258
protein_0370,protein_0164,0.3448275862068966
protein_0370,protein_0165,0.1724137931034483
protein_0370,protein_0166,0.3793103448275862
protein_0370,protein_0167,0.15254237288135594
protein_0370,protein_0168,0.1440677966101695
protein_0370,protein_0169,0.13793103448275862
protein_0370,protein_0170,0.3448275862068966
protein_0370,protein_0172,0.11864406779661017
protein_0370,protein_0173,0.3333333333333333
protein_0370,protein_0174,0.3333333333333333
protein_0370,protein_0175,0.3448275862068966
protein_0370,protein_0176,0.15730337078651685
protein_0370,protein_0177,0.1724137931034483
protein_0370,protein_0178,0.168141592920354
protein_0370,protein_0179,0.16666666666666666
protein_0370,protein_0180,0.26136363636363635
protein_0370,protein_0181,0.35555555555555557
protein_0370,protein_0182,0.3333333333333333
protein_0370,protein_0183,0.1650485436893204
protein_0370,protein_0184,0.39080459770114945
protein_0370,protein_0185,0.18085106382978725
protein_0370,protein_0186,0.1553398058252427
protein_0370,protein_0187,0.3333333333333333
protein_0370,protein_0188,0.1797752808988764
protein_0370,protein_0189,0.3793103448275862
protein_0370,protein_0190,0.3218390804597701
protein_0370,protein_0191,0.40229885057471265
protein_0370,protein_0192,0.39080459770114945
protein_0370,protein_0193,0.3888888888888889
protein_0370,protein_0194,0.21839080459770116
protein_0370,protein_0195,0.3103448275862069
protein_0370,protein_0196,0.3333333333333333
protein_0370,protein_0197,0.3563218390804598
protein_0370,protein_0198,0.3793103448275862
protein_0370,protein_0199,0.18888888888888888
protein_0370,protein_0201,0.0891089108910891
protein_0370,protein_0202,0.3218390804597701
protein_0370,protein_0203,0.14285714285714285
protein_0370,protein_0204,0.1839080459770115
protein_0370,protein_0205,0.1320754716981132
protein_0370,protein_0206,0.375
protein_0370,protein_0208,0.14912280701754385
protein_0370,protein_0209,0.28888888888888886
protein_0370,protein_0210,0.37777777777777777
protein_0370,protein_0211,0.12643678160919541
protein_0370,protein_0212,0.20689655172413793
protein_0370,protein_0214,0.11578947368421053
protein_0370,protein_0217,0.15789473684210525
protein_0370,protein_0218,0.152
protein_0370,protein_0219,0.176
protein_0370,protein_0220,0.3448275862068966
protein_0370,protein_0221,0.1724137931034483
protein_0370,protein_0222,0.3146067415730337
protein_0370,protein_0223,0.12643678160919541
protein_0370,protein_0224,0.13793103448275862
protein_0370,protein_0225,0.12359550561797752
protein_0370,protein_0227,0.08045977011494253
protein_0370,protein_0228,0.25806451612903225
protein_0370,protein_0229,0.15555555555555556
protein_0370,protein_0231,0.4482758620689655
protein_0370,protein_0232,0.16091954022988506
protein_0370,protein_0233,0.1484375
protein_0370,protein_0234,0.16161616161616163
protein_0370,protein_0235,0.16091954022988506
protein_0370,protein_0237,0.26436781609195403
protein_0370,protein_0238,0.11363636363636363
protein_0370,protein_0239,0.3218390804597701
protein_0370,protein_0240,0.3333333333333333
protein_0370,protein_0241,0.3103448275862069
protein_0370,protein_0242,0.1724137931034483
protein_0370,protein_0243,0.3218390804597701
protein_0370,protein_0244,0.17894736842105263
protein_0370,protein_0245,0.15151515151515152
protein_0370,protein_0246,0.18627450980392157
protein_0370,protein_0247,0.1827956989247312
protein_0370,protein_0248,0.3793103448275862
protein_0370,protein_0249,0.3333333333333333
protein_0370,protein_0250,0.18181818181818182
protein_0370,protein_0251,0.20618556701030927
protein_0370,protein_0252,0.15306122448979592
protein_0370,protein_0253,0.168141592920354
protein_0370,protein_0254,0.16666666666666666
protein_0370,protein_0255,0.12280701754385964
protein_0370,protein_0257,0.16
protein_0370,protein_0258,0.3103448275862069
protein_0370,protein_0259,0.1724137931034483
protein_0370,protein_0261,0.1650485436893204
protein_0370,protein_0262,0.1259259259259259
protein_0370,protein_0263,0.125
protein_0370,protein_0264,0.43333333333333335
protein_0370,protein_0265,0.43333333333333335
protein_0370,protein_0266,0.1836734693877551
protein_0370,protein_0268,0.16666666666666666
protein_0370,protein_0269,0.19658119658119658
protein_0370,protein_0270,0.16091954022988506
protein_0370,protein_0271,0.1590909090909091
protein_0370,protein_0272,0.3218390804597701
protein_0370,protein_0273,0.32967032967032966
protein_0370,protein_0274,0.23595505617977527
protein_0370,protein_0275,0.20388349514563106
protein_0370,protein_0276,0.47126436781609193
protein_0370,protein_0277,0.1595744680851064
protein_0370,protein_0278,0.3076923076923077
protein_0370,protein_0280,0.3333333333333333
protein_0370,protein_0281,0.15254237288135594
protein_0370,protein_0282,0.11363636363636363
protein_0370,protein_0283,0.10550458715596331
protein_0370,protein_0284,0.26436781609195403
protein_0370,protein_0285,0.3333333333333333
protein_0370,protein_0286,0.20224719101123595
protein_0370,protein_0287,0.22321428571428573
protein_0370,protein_0289,0.13861386138613863
protein_0370,protein_0290,0.11538461538461539
protein_0370,protein_0291,0.22988505747126436
protein_0370,protein_0292,0.18181818181818182
protein_0370,protein_0293,0.20454545454545456
protein_0370,protein_0294,0.22988505747126436
protein_0370,protein_0295,0.18181818181818182
protein_0370,protein_0296,0.1694915254237288
protein_0370,protein_0297,0.1590909090909091
protein_0370,protein_0298,0.19540229885057472
protein_0370,protein_0299,0.1875
protein_0370,protein_0301,0.14130434782608695
protein_0370,protein_0302,0.11059907834101383
protein_0370,protein_0303,0.2222222222222222
protein_0370,protein_0304,0.1724137931034483
protein_0370,protein_0305,0.12903225806451613
protein_0370,protein_0306,0.12396694214876033
protein_0370,protein_0307,0.13114754098360656
protein_0370,protein_0308,0.20168067226890757
protein_0370,protein_0309,0.1875
protein_0370,protein_0310,0.1919191919191919
protein_0370,protein_0311,0.4222222222222222
protein_0370,protein_0313,0.2413793103448276
protein_0370,protein_0314,0.12149532710280374
protein_0370,protein_0315,0.15748031496062992
protein_0370,protein_0316,0.16853932584269662
protein_0370,protein_0317,0.10377358490566038
protein_0370,protein_0318,0.16101694915254236
protein_0370,protein_0319,0.3068181818181818
protein_0370,protein_0320,0.3333333333333333
protein_0370,protein_0321,0.17582417582417584
protein_0370,protein_0322,0.35555555555555557
protein_0370,protein_0324,0.15463917525773196
protein_0370,protein_0325,0.1693548387096774
protein_0370,protein_0326,0.18681318681318682
protein_0370,protein_0327,0.28735632183908044
protein_0370,protein_0328,0.13934426229508196
protein_0370,protein_0329,0.13934426229508196
protein_0370,protein_0330,0.3333333333333333
protein_0370,protein_0331,0.18181818181818182
protein_0370,protein_0332,0.27586206896551724
protein_0370,protein_0333,0.2988505747126437
protein_0370,protein_0334,0.16483516483516483
protein_0370,protein_0335,0.11666666666666667
protein_0370,protein_0336,0.14606741573033707
protein_0370,protein_0337,0.3225806451612903
protein_0370,protein_0338,0.27586206896551724
protein_0370,protein_0339,0.1839080459770115
protein_0370,protein_0340,0.15841584158415842
protein_0370,protein_0342,0.13793103448275862
protein_0370,protein_0343,0.1590909090909091
protein_0370,protein_0344,1.0
protein_0370,protein_0345,0.12643678160919541
protein_0370,protein_0347,0.16853932584269662
protein_0370,protein_0348,0.1694915254237288
protein_0370,protein_0349,0.09900990099009901
protein_0370,protein_0350,0.9080459770114943
protein_0370,protein_0351,0.28735632183908044
protein_0370,protein_0352,0.16091954022988506
protein_0370,protein_0353,0.16260162601626016
protein_0370,protein_0354,0.1724137931034483
protein_0370,protein_0355,0.2988505747126437
protein_0370,protein_0357,0.15833333333333333
protein_0370,protein_0359,0.16393442622950818
protein_0370,protein_0360,0.4222222222222222
protein_0370,protein_0361,0.1452991452991453
protein_0370,protein_0362,0.22580645161290322
protein_0370,protein_0363,0.22580645161290322
protein_0370,protein_0364,0.2087912087912088
protein_0370,protein_0365,0.22988505747126436
protein_0370,protein_0367,0.1388888888888889
protein_0370,protein_0368,0.15555555555555556
protein_0370,protein_0369,0.11494252873563218
protein_0370,protein_0371,0.42696629213483145
protein_0370,protein_0372,0.0871559633027523
protein_0370,protein_0373,0.11570247933884298
protein_0370,protein_0374,0.15966386554621848
protein_0370,protein_0375,0.45977011494252873
protein_0370,protein_0376,0.15841584158415842
protein_0370,protein_0377,0.3333333333333333
protein_0370,protein_0378,0.17857142857142858
protein_0370,protein_0379,0.16842105263157894
protein_0370,protein_0380,0.16842105263157894
protein_0370,protein_0381,0.16842105263157894
protein_0370,protein_0382,0.25287356321839083
protein_0370,protein_0383,0.14942528735632185
protein_0370,protein_0384,0.37777777777777777
protein_0370,protein_0385,0.1553398058252427
protein_0370,protein_0386,0.10476190476190476
protein_0370,protein_0387,0.13725490196078433
protein_0370,protein_0388,0.1797752808988764
protein_0370,protein_0389,0.1839080459770115
protein_0370,protein_0390,0.3218390804597701
protein_0370,protein_0391,0.26881720430107525
protein_0370,protein_0392,0.3333333333333333
protein_0370,protein_0393,0.36363636363636365
protein_0370,protein_0394,0.1724137931034483
protein_0370,protein_0395,0.19148936170212766
protein_0370,protein_0396,0.14634146341463414
protein_0370,protein_0397,0.3448275862068966
protein_0370,protein_0398,0.13043478260869565
protein_0370,protein_0399,0.4444444444444444
