query_protein,train_protein,similarity_score
protein_0012,protein_0000,0.4044943820224719
protein_0012,protein_0001,0.16279069767441862
protein_0012,protein_0002,0.13333333333333333
protein_0012,protein_0003,0.38636363636363635
protein_0012,protein_0004,0.3258426966292135
protein_0012,protein_0005,0.14736842105263157
protein_0012,protein_0006,0.5113636363636364
protein_0012,protein_0007,0.16279069767441862
protein_0012,protein_0008,0.19230769230769232
protein_0012,protein_0009,0.3103448275862069
protein_0012,protein_0010,0.5172413793103449
protein_0012,protein_0011,0.5862068965517241
protein_0012,protein_0013,0.12790697674418605
protein_0012,protein_0014,0.17894736842105263
protein_0012,protein_0015,0.16216216216216217
protein_0012,protein_0016,0.1485148514851485
protein_0012,protein_0017,0.15384615384615385
protein_0012,protein_0018,0.3448275862068966
protein_0012,protein_0019,0.19101123595505617
protein_0012,protein_0020,0.3372093023255814
protein_0012,protein_0021,0.12359550561797752
protein_0012,protein_0022,0.12244897959183673
protein_0012,protein_0023,0.15306122448979592
protein_0012,protein_0024,0.1076923076923077
protein_0012,protein_0025,0.3229166666666667
protein_0012,protein_0026,0.14685314685314685
protein_0012,protein_0027,0.1935483870967742
protein_0012,protein_0030,0.1323529411764706
protein_0012,protein_0031,0.15
protein_0012,protein_0032,0.3333333333333333
protein_0012,protein_0033,0.5747126436781609
protein_0012,protein_0034,0.5977011494252874
protein_0012,protein_0036,0.19767441860465115
protein_0012,protein_0037,0.25287356321839083
protein_0012,protein_0038,0.25287356321839083
protein_0012,protein_0039,0.32222222222222224
protein_0012,protein_0040,0.03488372093023256
protein_0012,protein_0042,0.21839080459770116
protein_0012,protein_0043,0.27586206896551724
protein_0012,protein_0045,0.3804347826086957
protein_0012,protein_0046,0.2159090909090909
protein_0012,protein_0047,0.45977011494252873
protein_0012,protein_0048,0.4827586206896552
protein_0012,protein_0049,0.5227272727272727
protein_0012,protein_0050,0.1485148514851485
protein_0012,protein_0052,0.32954545454545453
protein_0012,protein_0053,0.4222222222222222
protein_0012,protein_0054,0.17073170731707318
protein_0012,protein_0055,0.10256410256410256
protein_0012,protein_0056,0.15315315315315314
protein_0012,protein_0057,0.16279069767441862
protein_0012,protein_0058,0.13186813186813187
protein_0012,protein_0059,0.26436781609195403
protein_0012,protein_0060,0.13636363636363635
protein_0012,protein_0061,0.22105263157894736
protein_0012,protein_0062,0.3218390804597701
protein_0012,protein_0063,0.10328638497652583
protein_0012,protein_0064,0.3448275862068966
protein_0012,protein_0066,0.1320754716981132
protein_0012,protein_0067,0.5287356321839081
protein_0012,protein_0068,0.3870967741935484
protein_0012,protein_0069,0.5057471264367817
protein_0012,protein_0070,0.3103448275862069
protein_0012,protein_0071,0.4431818181818182
protein_0012,protein_0072,0.1744186046511628
protein_0012,protein_0073,0.3793103448275862
protein_0012,protein_0075,0.21495327102803738
protein_0012,protein_0076,0.17894736842105263
protein_0012,protein_0077,0.43820224719101125
protein_0012,protein_0078,0.1651376146788991
protein_0012,protein_0079,0.1651376146788991
protein_0012,protein_0080,0.3563218390804598
protein_0012,protein_0081,0.3448275862068966
protein_0012,protein_0082,0.16346153846153846
protein_0012,protein_0084,0.36363636363636365
protein_0012,protein_0086,0.16666666666666666
protein_0012,protein_0087,0.1839080459770115
protein_0012,protein_0088,0.38461538461538464
protein_0012,protein_0089,0.125
protein_0012,protein_0090,0.12173913043478261
protein_0012,protein_0091,0.15384615384615385
protein_0012,protein_0092,0.15384615384615385
protein_0012,protein_0093,0.5
protein_0012,protein_0094,0.12396694214876033
protein_0012,protein_0096,0.14
protein_0012,protein_0097,0.36046511627906974
protein_0012,protein_0098,0.32222222222222224
protein_0012,protein_0099,0.12
protein_0012,protein_0100,0.17391304347826086
protein_0012,protein_0101,0.3793103448275862
protein_0012,protein_0102,0.3626373626373626
protein_0012,protein_0103,0.27472527472527475
protein_0012,protein_0104,0.15079365079365079
protein_0012,protein_0105,0.1595744680851064
protein_0012,protein_0106,0.16216216216216217
protein_0012,protein_0108,0.2553191489361702
protein_0012,protein_0109,0.14772727272727273
protein_0012,protein_0110,0.45348837209302323
protein_0012,protein_0111,0.3333333333333333
protein_0012,protein_0112,0.1782178217821782
protein_0012,protein_0113,0.5632183908045977
protein_0012,protein_0114,0.34065934065934067
protein_0012,protein_0115,0.25287356321839083
protein_0012,protein_0116,0.12931034482758622
protein_0012,protein_0117,0.12931034482758622
protein_0012,protein_0118,0.19767441860465115
protein_0012,protein_0119,0.12264150943396226
protein_0012,protein_0120,0.3707865168539326
protein_0012,protein_0121,0.3707865168539326
protein_0012,protein_0122,0.26436781609195403
protein_0012,protein_0123,0.1797752808988764
protein_0012,protein_0124,0.3563218390804598
protein_0012,protein_0125,0.15841584158415842
protein_0012,protein_0126,0.1553398058252427
protein_0012,protein_0128,0.36363636363636365
protein_0012,protein_0129,0.2872340425531915
protein_0012,protein_0130,0.16379310344827586
protein_0012,protein_0131,0.19318181818181818
protein_0012,protein_0132,0.22727272727272727
protein_0012,protein_0134,0.3023255813953488
protein_0012,protein_0135,0.28888888888888886
protein_0012,protein_0136,0.11666666666666667
protein_0012,protein_0137,0.11965811965811966
protein_0012,protein_0138,0.11965811965811966
protein_0012,protein_0139,0.1511627906976744
protein_0012,protein_0140,0.5632183908045977
protein_0012,protein_0141,0.2413793103448276
protein_0012,protein_0143,0.3258426966292135
protein_0012,protein_0144,0.3258426966292135
protein_0012,protein_0145,0.17582417582417584
protein_0012,protein_0146,0.14942528735632185
protein_0012,protein_0147,0.42045454545454547
protein_0012,protein_0148,0.39080459770114945
protein_0012,protein_0149,0.1511627906976744
protein_0012,protein_0150,0.29347826086956524
protein_0012,protein_0151,0.20224719101123595
protein_0012,protein_0152,0.17204301075268819
protein_0012,protein_0153,0.20454545454545456
protein_0012,protein_0154,0.19318181818181818
protein_0012,protein_0155,0.1282051282051282
protein_0012,protein_0156,0.16964285714285715
protein_0012,protein_0157,0.14130434782608695
protein_0012,protein_0158,0.20224719101123595
protein_0012,protein_0160,0.313953488372093
protein_0012,protein_0161,0.12698412698412698
protein_0012,protein_0162,0.3333333333333333
protein_0012,protein_0163,0.1792452830188679
protein_0012,protein_0164,0.27586206896551724
protein_0012,protein_0165,0.18181818181818182
protein_0012,protein_0166,0.27586206896551724
protein_0012,protein_0167,0.15178571428571427
protein_0012,protein_0168,0.16666666666666666
protein_0012,protein_0169,0.1111111111111111
protein_0012,protein_0171,0.375
protein_0012,protein_0172,0.15384615384615385
protein_0012,protein_0173,0.35555555555555557
protein_0012,protein_0174,0.3333333333333333
protein_0012,protein_0175,0.3103448275862069
protein_0012,protein_0176,0.1744186046511628
protein_0012,protein_0177,0.1511627906976744
protein_0012,protein_0179,0.13043478260869565
protein_0012,protein_0180,0.3
protein_0012,protein_0181,0.5227272727272727
protein_0012,protein_0182,0.3563218390804598
protein_0012,protein_0183,0.17117117117117117
protein_0012,protein_0185,0.21428571428571427
protein_0012,protein_0187,0.3218390804597701
protein_0012,protein_0188,0.16279069767441862
protein_0012,protein_0189,0.367816091954023
protein_0012,protein_0190,0.5747126436781609
protein_0012,protein_0191,0.3723404255319149
protein_0012,protein_0192,0.3333333333333333
protein_0012,protein_0193,0.39080459770114945
protein_0012,protein_0194,0.3103448275862069
protein_0012,protein_0195,0.5287356321839081
protein_0012,protein_0196,0.4942528735632184
protein_0012,protein_0197,0.6162790697674418
protein_0012,protein_0198,0.3103448275862069
protein_0012,protein_0199,0.2
protein_0012,protein_0200,0.4431818181818182
protein_0012,protein_0201,0.17
protein_0012,protein_0202,0.39080459770114945
protein_0012,protein_0203,0.11965811965811966
protein_0012,protein_0204,0.20224719101123595
protein_0012,protein_0205,0.09722222222222222
protein_0012,protein_0207,0.1450381679389313
protein_0012,protein_0208,0.15517241379310345
protein_0012,protein_0209,0.27586206896551724
protein_0012,protein_0210,0.36363636363636365
protein_0012,protein_0211,0.17307692307692307
protein_0012,protein_0212,0.15730337078651685
protein_0012,protein_0213,0.42857142857142855
protein_0012,protein_0214,0.11956521739130435
protein_0012,protein_0215,0.12790697674418605
protein_0012,protein_0216,0.18
protein_0012,protein_0217,0.14736842105263157
protein_0012,protein_0218,0.13740458015267176
protein_0012,protein_0219,0.1171875
protein_0012,protein_0220,0.27586206896551724
protein_0012,protein_0222,0.5287356321839081
protein_0012,protein_0223,0.15555555555555556
protein_0012,protein_0224,0.12790697674418605
protein_0012,protein_0225,0.10227272727272728
protein_0012,protein_0226,0.1717171717171717
protein_0012,protein_0227,0.1511627906976744
protein_0012,protein_0228,0.25806451612903225
protein_0012,protein_0229,0.13636363636363635
protein_0012,protein_0230,0.22826086956521738
protein_0012,protein_0231,0.41379310344827586
protein_0012,protein_0232,0.18604651162790697
protein_0012,protein_0233,0.10869565217391304
protein_0012,protein_0234,0.19607843137254902
protein_0012,protein_0235,0.1511627906976744
protein_0012,protein_0236,0.5172413793103449
protein_0012,protein_0237,0.5172413793103449
protein_0012,protein_0238,0.12121212121212122
protein_0012,protein_0239,0.3793103448275862
protein_0012,protein_0241,0.3333333333333333
protein_0012,protein_0243,0.3218390804597701
protein_0012,protein_0245,0.1724137931034483
protein_0012,protein_0246,0.14736842105263157
protein_0012,protein_0247,0.1956521739130435
protein_0012,protein_0248,0.36666666666666664
protein_0012,protein_0250,0.15217391304347827
protein_0012,protein_0251,0.18181818181818182
protein_0012,protein_0252,0.15789473684210525
protein_0012,protein_0253,0.14655172413793102
protein_0012,protein_0255,0.10465116279069768
protein_0012,protein_0256,0.13513513513513514
protein_0012,protein_0257,0.13392857142857142
protein_0012,protein_0258,0.5348837209302325
protein_0012,protein_0259,0.1511627906976744
protein_0012,protein_0260,0.1511627906976744
protein_0012,protein_0261,0.15384615384615385
protein_0012,protein_0262,0.15942028985507245
protein_0012,protein_0263,0.15942028985507245
protein_0012,protein_0264,0.3516483516483517
protein_0012,protein_0265,0.3516483516483517
protein_0012,protein_0266,0.1504424778761062
protein_0012,protein_0267,0.18181818181818182
protein_0012,protein_0268,0.1590909090909091
protein_0012,protein_0269,0.15517241379310345
protein_0012,protein_0270,0.14772727272727273
protein_0012,protein_0271,0.1744186046511628
protein_0012,protein_0273,0.6206896551724138
protein_0012,protein_0274,0.22826086956521738
protein_0012,protein_0275,0.19811320754716982
protein_0012,protein_0276,0.34444444444444444
protein_0012,protein_0277,0.16279069767441862
protein_0012,protein_0278,0.35555555555555557
protein_0012,protein_0279,0.26136363636363635
protein_0012,protein_0280,0.27586206896551724
protein_0012,protein_0281,0.15126050420168066
protein_0012,protein_0282,0.10465116279069768
protein_0012,protein_0283,0.11926605504587157
protein_0012,protein_0284,0.27586206896551724
protein_0012,protein_0285,0.6363636363636364
protein_0012,protein_0286,0.16279069767441862
protein_0012,protein_0287,0.22727272727272727
protein_0012,protein_0288,0.3218390804597701
protein_0012,protein_0289,0.16091954022988506
protein_0012,protein_0291,0.28735632183908044
protein_0012,protein_0292,0.17582417582417584
protein_0012,protein_0293,0.18888888888888888
protein_0012,protein_0294,0.2988505747126437
protein_0012,protein_0295,0.15730337078651685
protein_0012,protein_0297,0.16279069767441862
protein_0012,protein_0299,0.1836734693877551
protein_0012,protein_0300,0.14583333333333334
protein_0012,protein_0301,0.14583333333333334
protein_0012,protein_0302,0.10138248847926268
protein_0012,protein_0303,0.22826086956521738
protein_0012,protein_0305,0.23148148148148148
protein_0012,protein_0306,0.10256410256410256
protein_0012,protein_0307,0.12396694214876033
protein_0012,protein_0308,0.1810344827586207
protein_0012,protein_0309,0.14583333333333334
protein_0012,protein_0311,0.3977272727272727
protein_0012,protein_0312,0.44565217391304346
protein_0012,protein_0313,0.26666666666666666
protein_0012,protein_0314,0.12244897959183673
protein_0012,protein_0315,0.11965811965811966
protein_0012,protein_0316,0.17045454545454544
protein_0012,protein_0317,0.13
protein_0012,protein_0319,0.651685393258427
protein_0012,protein_0320,0.3333333333333333
protein_0012,protein_0321,0.25274725274725274
protein_0012,protein_0323,0.35555555555555557
protein_0012,protein_0324,0.20689655172413793
protein_0012,protein_0325,0.12931034482758622
protein_0012,protein_0326,0.17204301075268819
protein_0012,protein_0327,0.367816091954023
protein_0012,protein_0328,0.17355371900826447
protein_0012,protein_0329,0.17355371900826447
protein_0012,protein_0330,0.5632183908045977
protein_0012,protein_0332,0.2727272727272727
protein_0012,protein_0333,0.25
protein_0012,protein_0334,0.17894736842105263
protein_0012,protein_0335,0.12037037037037036
protein_0012,protein_0336,0.1511627906976744
protein_0012,protein_0337,0.39080459770114945
protein_0012,protein_0338,0.28735632183908044
protein_0012,protein_0339,0.1511627906976744
protein_0012,protein_0340,0.16037735849056603
protein_0012,protein_0341,0.24271844660194175
protein_0012,protein_0342,0.13793103448275862
protein_0012,protein_0343,0.16
protein_0012,protein_0344,0.3793103448275862
protein_0012,protein_0345,0.17355371900826447
protein_0012,protein_0346,0.17355371900826447
protein_0012,protein_0347,0.19540229885057472
protein_0012,protein_0348,0.11304347826086956
protein_0012,protein_0349,0.18
protein_0012,protein_0350,0.367816091954023
protein_0012,protein_0351,0.5747126436781609
protein_0012,protein_0352,0.1511627906976744
protein_0012,protein_0353,0.14545454545454545
protein_0012,protein_0354,0.25287356321839083
protein_0012,protein_0355,0.41379310344827586
protein_0012,protein_0356,0.15730337078651685
protein_0012,protein_0357,0.13934426229508196
protein_0012,protein_0358,0.367816091954023
protein_0012,protein_0359,0.18461538461538463
protein_0012,protein_0360,0.32954545454545453
protein_0012,protein_0361,0.11538461538461539
protein_0012,protein_0362,0.21428571428571427
protein_0012,protein_0363,0.21428571428571427
protein_0012,protein_0364,0.23157894736842105
protein_0012,protein_0365,0.24210526315789474
protein_0012,protein_0366,0.25263157894736843
protein_0012,protein_0368,0.19101123595505617
protein_0012,protein_0369,0.13953488372093023
protein_0012,protein_0370,0.3793103448275862
protein_0012,protein_0371,0.32558139534883723
protein_0012,protein_0372,0.10550458715596331
protein_0012,protein_0373,0.14018691588785046
protein_0012,protein_0374,0.1282051282051282
protein_0012,protein_0375,0.3333333333333333
protein_0012,protein_0376,0.20192307692307693
protein_0012,protein_0377,0.3218390804597701
protein_0012,protein_0378,0.16379310344827586
protein_0012,protein_0380,0.18446601941747573
protein_0012,protein_0381,0.18446601941747573
protein_0012,protein_0382,0.2857142857142857
protein_0012,protein_0383,0.1744186046511628
protein_0012,protein_0384,0.3563218390804598
protein_0012,protein_0385,0.16831683168316833
protein_0012,protein_0386,0.16521739130434782
protein_0012,protein_0387,0.11504424778761062
protein_0012,protein_0388,0.1839080459770115
protein_0012,protein_0390,0.5632183908045977
protein_0012,protein_0391,0.22105263157894736
protein_0012,protein_0392,0.3125
protein_0012,protein_0393,0.3125
protein_0012,protein_0394,0.16521739130434782
protein_0012,protein_0395,0.26373626373626374
protein_0012,protein_0396,0.13043478260869565
protein_0012,protein_0397,0.3
protein_0012,protein_0398,0.1452991452991453
protein_0012,protein_0399,0.3793103448275862
protein_0028,protein_0000,0.11764705882352941
protein_0028,protein_0001,0.11
protein_0028,protein_0002,0.15789473684210525
protein_0028,protein_0003,0.1619047619047619
protein_0028,protein_0004,0.08256880733944955
protein_0028,protein_0005,0.16346153846153846
protein_0028,protein_0006,0.1574074074074074
protein_0028,protein_0007,0.14
protein_0028,protein_0008,0.1891891891891892
protein_0028,protein_0009,0.11538461538461539
protein_0028,protein_0010,0.12149532710280374
protein_0028,protein_0011,0.19298245614035087
protein_0028,protein_0013,0.12745098039215685
protein_0028,protein_0014,0.16666666666666666
protein_0028,protein_0015,0.11214953271028037
protein_0028,protein_0016,0.18803418803418803
protein_0028,protein_0017,0.16923076923076924
protein_0028,protein_0018,0.1320754716981132
protein_0028,protein_0019,0.16
protein_0028,protein_0020,0.13592233009708737
protein_0028,protein_0021,0.1320754716981132
protein_0028,protein_0022,0.14423076923076922
protein_0028,protein_0023,0.11926605504587157
protein_0028,protein_0024,0.0873015873015873
protein_0028,protein_0025,0.11570247933884298
protein_0028,protein_0026,0.16030534351145037
protein_0028,protein_0027,0.16363636363636364
protein_0028,protein_0030,0.14516129032258066
protein_0028,protein_0031,0.18181818181818182
protein_0028,protein_0032,0.08256880733944955
protein_0028,protein_0033,0.15315315315315314
protein_0028,protein_0034,0.14285714285714285
protein_0028,protein_0036,0.13761467889908258
protein_0028,protein_0037,0.152
protein_0028,protein_0038,0.152
protein_0028,protein_0039,0.102803738317757
protein_0028,protein_0040,0.1320754716981132
protein_0028,protein_0042,0.1651376146788991
protein_0028,protein_0043,0.14678899082568808
protein_0028,protein_0045,0.11650485436893204
protein_0028,protein_0046,0.1485148514851485
protein_0028,protein_0047,0.12727272727272726
protein_0028,protein_0048,0.11818181818181818
protein_0028,protein_0049,0.11818181818181818
protein_0028,protein_0050,0.1724137931034483
protein_0028,protein_0052,0.15841584158415842
protein_0028,protein_0053,0.1826086956521739
protein_0028,protein_0054,0.1171875
protein_0028,protein_0055,0.1440677966101695
protein_0028,protein_0056,0.15079365079365079
protein_0028,protein_0057,0.13
protein_0028,protein_0058,0.12
protein_0028,protein_0059,0.11009174311926606
protein_0028,protein_0060,0.109375
protein_0028,protein_0061,0.21904761904761905
protein_0028,protein_0062,0.10619469026548672
protein_0028,protein_0063,0.14485981308411214
protein_0028,protein_0064,0.14285714285714285
protein_0028,protein_0066,0.12727272727272726
protein_0028,protein_0067,0.13761467889908258
protein_0028,protein_0068,0.11320754716981132
protein_0028,protein_0069,0.14782608695652175
protein_0028,protein_0070,0.10377358490566038
protein_0028,protein_0071,0.16521739130434782
protein_0028,protein_0072,0.1559633027522936
protein_0028,protein_0073,0.10810810810810811
protein_0028,protein_0075,0.14285714285714285
protein_0028,protein_0076,0.15
protein_0028,protein_0077,0.12389380530973451
protein_0028,protein_0078,0.1574074074074074
protein_0028,protein_0079,0.1574074074074074
protein_0028,protein_0080,0.10784313725490197
protein_0028,protein_0081,0.12844036697247707
protein_0028,protein_0082,0.12380952380952381
protein_0028,protein_0084,0.14285714285714285
protein_0028,protein_0086,0.12389380530973451
protein_0028,protein_0087,0.14285714285714285
protein_0028,protein_0088,0.11214953271028037
protein_0028,protein_0089,0.140625
protein_0028,protein_0090,0.1532258064516129
protein_0028,protein_0091,0.1565217391304348
protein_0028,protein_0092,0.1565217391304348
protein_0028,protein_0093,0.1320754716981132
protein_0028,protein_0094,0.15037593984962405
protein_0028,protein_0096,0.14414414414414414
protein_0028,protein_0097,0.16964285714285715
protein_0028,protein_0098,0.14285714285714285
protein_0028,protein_0099,0.12173913043478261
protein_0028,protein_0100,0.16
protein_0028,protein_0101,0.13761467889908258
protein_0028,protein_0102,0.16379310344827586
protein_0028,protein_0103,0.11504424778761062
protein_0028,protein_0104,0.145985401459854
protein_0028,protein_0105,0.11764705882352941
protein_0028,protein_0106,0.17355371900826447
protein_0028,protein_0108,0.11009174311926606
protein_0028,protein_0109,0.17
protein_0028,protein_0110,0.14953271028037382
protein_0028,protein_0111,0.17142857142857143
protein_0028,protein_0112,0.16666666666666666
protein_0028,protein_0113,0.16981132075471697
protein_0028,protein_0114,0.09917355371900827
protein_0028,protein_0115,0.11009174311926606
protein_0028,protein_0116,0.14754098360655737
protein_0028,protein_0117,0.14754098360655737
protein_0028,protein_0118,0.14423076923076922
protein_0028,protein_0119,0.13513513513513514
protein_0028,protein_0120,0.10619469026548672
protein_0028,protein_0121,0.10619469026548672
protein_0028,protein_0122,0.1532258064516129
protein_0028,protein_0123,0.15384615384615385
protein_0028,protein_0124,0.11926605504587157
protein_0028,protein_0125,0.12727272727272726
protein_0028,protein_0126,0.19469026548672566
protein_0028,protein_0128,0.10909090909090909
protein_0028,protein_0129,0.14018691588785046
protein_0028,protein_0130,0.12903225806451613
protein_0028,protein_0131,0.11650485436893204
protein_0028,protein_0132,0.1391304347826087
protein_0028,protein_0134,0.14414414414414414
protein_0028,protein_0135,0.1388888888888889
protein_0028,protein_0136,0.1452991452991453
protein_0028,protein_0137,0.13953488372093023
protein_0028,protein_0138,0.13953488372093023
protein_0028,protein_0139,0.14
protein_0028,protein_0140,0.10377358490566038
protein_0028,protein_0141,0.1532258064516129
protein_0028,protein_0143,0.14285714285714285
protein_0028,protein_0144,0.14285714285714285
protein_0028,protein_0145,0.17142857142857143
protein_0028,protein_0146,0.11
protein_0028,protein_0147,0.14953271028037382
protein_0028,protein_0148,0.09523809523809523
protein_0028,protein_0149,0.13592233009708737
protein_0028,protein_0150,0.09917355371900827
protein_0028,protein_0151,0.12380952380952381
protein_0028,protein_0152,0.15
protein_0028,protein_0153,0.16037735849056603
protein_0028,protein_0154,0.1782178217821782
protein_0028,protein_0155,0.1694915254237288
protein_0028,protein_0156,0.16666666666666666
protein_0028,protein_0157,0.11538461538461539
protein_0028,protein_0158,0.1485148514851485
protein_0028,protein_0160,0.12280701754385964
protein_0028,protein_0161,0.14634146341463414
protein_0028,protein_0162,0.11764705882352941
protein_0028,protein_0163,0.18584070796460178
protein_0028,protein_0164,0.125
protein_0028,protein_0165,0.12
protein_0028,protein_0166,0.13725490196078433
protein_0028,protein_0167,0.15966386554621848
protein_0028,protein_0168,0.16806722689075632
protein_0028,protein_0169,0.13178294573643412
protein_0028,protein_0171,0.1259259259259259
protein_0028,protein_0172,0.13178294573643412
protein_0028,protein_0173,0.09649122807017543
protein_0028,protein_0174,0.11607142857142858
protein_0028,protein_0175,0.12173913043478261
protein_0028,protein_0176,0.1188118811881188
protein_0028,protein_0177,0.13592233009708737
protein_0028,protein_0179,0.18803418803418803
protein_0028,protein_0180,0.14285714285714285
protein_0028,protein_0181,0.13761467889908258
protein_0028,protein_0182,0.13157894736842105
protein_0028,protein_0183,0.11214953271028037
protein_0028,protein_0185,0.1262135922330097
protein_0028,protein_0187,0.11304347826086956
protein_0028,protein_0188,0.1568627450980392
protein_0028,protein_0189,0.1415929203539823
protein_0028,protein_0190,0.16964285714285715
protein_0028,protein_0191,0.1388888888888889
protein_0028,protein_0192,0.12745098039215685
protein_0028,protein_0193,0.12037037037037036
protein_0028,protein_0194,0.0990990990990991
protein_0028,protein_0195,0.16964285714285715
protein_0028,protein_0196,0.19090909090909092
protein_0028,protein_0197,0.14018691588785046
protein_0028,protein_0198,0.15702479338842976
protein_0028,protein_0199,0.11764705882352941
protein_0028,protein_0200,0.14018691588785046
protein_0028,protein_0201,0.16071428571428573
protein_0028,protein_0202,0.12962962962962962
protein_0028,protein_0203,0.11278195488721804
protein_0028,protein_0204,0.14
protein_0028,protein_0205,0.10426540284360189
protein_0028,protein_0207,0.13821138211382114
protein_0028,protein_0208,0.19491525423728814
protein_0028,protein_0209,0.1308411214953271
protein_0028,protein_0210,0.11607142857142858
protein_0028,protein_0211,0.15384615384615385
protein_0028,protein_0212,0.09900990099009901
protein_0028,protein_0213,0.14018691588785046
protein_0028,protein_0214,0.11428571428571428
protein_0028,protein_0215,0.11428571428571428
protein_0028,protein_0216,0.15079365079365079
protein_0028,protein_0217,0.1509433962264151
protein_0028,protein_0218,0.1640625
protein_0028,protein_0219,0.10526315789473684
protein_0028,protein_0220,0.12612612612612611
protein_0028,protein_0222,0.11926605504587157
protein_0028,protein_0223,0.15
protein_0028,protein_0224,0.11
protein_0028,protein_0225,0.1346153846153846
protein_0028,protein_0226,0.1415929203539823
protein_0028,protein_0227,0.09803921568627451
protein_0028,protein_0228,0.1623931623931624
protein_0028,protein_0229,0.16666666666666666
protein_0028,protein_0230,0.10377358490566038
protein_0028,protein_0231,0.15315315315315314
protein_0028,protein_0232,0.17475728155339806
protein_0028,protein_0233,0.14960629921259844
protein_0028,protein_0234,0.19130434782608696
protein_0028,protein_0235,0.10909090909090909
protein_0028,protein_0236,0.16447368421052633
protein_0028,protein_0237,0.16447368421052633
protein_0028,protein_0238,0.08783783783783784
protein_0028,protein_0239,0.125
protein_0028,protein_0241,0.10091743119266056
protein_0028,protein_0243,0.08256880733944955
protein_0028,protein_0245,0.18055555555555555
protein_0028,protein_0246,0.1619047619047619
protein_0028,protein_0247,0.15966386554621848
protein_0028,protein_0248,0.11965811965811966
protein_0028,protein_0250,0.13709677419354838
protein_0028,protein_0251,0.1559633027522936
protein_0028,protein_0252,0.14545454545454545
protein_0028,protein_0253,0.15966386554621848
protein_0028,protein_0255,0.08743169398907104
protein_0028,protein_0256,0.13934426229508196
protein_0028,protein_0257,0.136
protein_0028,protein_0258,0.12612612612612611
protein_0028,protein_0259,0.16
protein_0028,protein_0260,0.16
protein_0028,protein_0261,0.17647058823529413
protein_0028,protein_0262,0.14705882352941177
protein_0028,protein_0263,0.16911764705882354
protein_0028,protein_0264,0.12931034482758622
protein_0028,protein_0265,0.12931034482758622
protein_0028,protein_0266,0.16964285714285715
protein_0028,protein_0267,0.10810810810810811
protein_0028,protein_0268,0.17757009345794392
protein_0028,protein_0269,0.09090909090909091
protein_0028,protein_0270,0.1509433962264151
protein_0028,protein_0271,0.16
protein_0028,protein_0273,0.13636363636363635
protein_0028,protein_0274,0.14018691588785046
protein_0028,protein_0275,0.125
protein_0028,protein_0276,0.1487603305785124
protein_0028,protein_0277,0.1346153846153846
protein_0028,protein_0278,0.12844036697247707
protein_0028,protein_0279,0.13761467889908258
protein_0028,protein_0280,0.14814814814814814
protein_0028,protein_0281,0.136
protein_0028,protein_0282,0.1509433962264151
protein_0028,protein_0283,0.1050228310502283
protein_0028,protein_0284,0.1532258064516129
protein_0028,protein_0285,0.15178571428571427
protein_0028,protein_0286,0.17475728155339806
protein_0028,protein_0287,0.12173913043478261
protein_0028,protein_0288,0.14423076923076922
protein_0028,protein_0289,0.13861386138613863
protein_0028,protein_0291,0.1553398058252427
protein_0028,protein_0292,0.15384615384615385
protein_0028,protein_0293,0.11214953271028037
protein_0028,protein_0294,0.1553398058252427
protein_0028,protein_0295,0.12
protein_0028,protein_0297,0.14
protein_0028,protein_0299,0.14
protein_0028,protein_0300,0.1388888888888889
protein_0028,protein_0301,0.1388888888888889
protein_0028,protein_0302,0.1187214611872146
protein_0028,protein_0303,0.08
protein_0028,protein_0305,0.19801980198019803
protein_0028,protein_0306,0.1440677966101695
protein_0028,protein_0307,0.1092436974789916
protein_0028,protein_0308,0.15079365079365079
protein_0028,protein_0309,0.15517241379310345
protein_0028,protein_0311,0.13725490196078433
protein_0028,protein_0312,0.11023622047244094
protein_0028,protein_0313,0.15126050420168066
protein_0028,protein_0314,0.13513513513513514
protein_0028,protein_0315,0.13953488372093023
protein_0028,protein_0316,0.17
protein_0028,protein_0317,0.15315315315315314
protein_0028,protein_0319,0.14953271028037382
protein_0028,protein_0320,0.11009174311926606
protein_0028,protein_0321,0.14049586776859505
protein_0028,protein_0323,0.12727272727272726
protein_0028,protein_0324,0.1568627450980392
protein_0028,protein_0325,0.15254237288135594
protein_0028,protein_0326,0.1792452830188679
protein_0028,protein_0327,0.14423076923076922
protein_0028,protein_0328,0.16964285714285715
protein_0028,protein_0329,0.16964285714285715
protein_0028,protein_0330,0.12727272727272726
protein_0028,protein_0332,0.1826086956521739
protein_0028,protein_0333,0.17117117117117117
protein_0028,protein_0334,0.17592592592592593
protein_0028,protein_0335,0.16101694915254236
protein_0028,protein_0336,0.14705882352941177
protein_0028,protein_0337,0.2
protein_0028,protein_0338,0.14035087719298245
protein_0028,protein_0339,0.16
protein_0028,protein_0340,0.14782608695652175
protein_0028,protein_0341,0.1504424778761062
protein_0028,protein_0342,0.12871287128712872
protein_0028,protein_0343,0.12745098039215685
protein_0028,protein_0344,0.14705882352941177
protein_0028,protein_0345,0.16806722689075632
protein_0028,protein_0346,0.16806722689075632
protein_0028,protein_0347,0.16
protein_0028,protein_0348,0.19083969465648856
protein_0028,protein_0349,0.19090909090909092
protein_0028,protein_0350,0.13392857142857142
protein_0028,protein_0351,0.102803738317757
protein_0028,protein_0352,0.13592233009708737
protein_0028,protein_0353,0.168
protein_0028,protein_0354,0.15789473684210525
protein_0028,protein_0355,0.18691588785046728
protein_0028,protein_0356,0.15
protein_0028,protein_0357,0.1652892561983471
protein_0028,protein_0358,0.13725490196078433
protein_0028,protein_0359,0.13533834586466165
protein_0028,protein_0360,0.0990990990990991
protein_0028,protein_0361,0.1
protein_0028,protein_0362,0.08181818181818182
protein_0028,protein_0363,0.08181818181818182
protein_0028,protein_0364,0.11206896551724138
protein_0028,protein_0365,0.12149532710280374
protein_0028,protein_0366,0.11214953271028037
protein_0028,protein_0368,0.11428571428571428
protein_0028,protein_0369,0.14
protein_0028,protein_0370,0.14705882352941177
protein_0028,protein_0371,0.10185185185185185
protein_0028,protein_0372,0.10550458715596331
protein_0028,protein_0373,0.16806722689075632
protein_0028,protein_0374,0.13445378151260504
protein_0028,protein_0375,0.15454545454545454
protein_0028,protein_0376,0.15178571428571427
protein_0028,protein_0377,0.16363636363636364
protein_0028,protein_0378,0.1623931623931624
protein_0028,protein_0380,0.11428571428571428
protein_0028,protein_0381,0.11428571428571428
protein_0028,protein_0382,0.16521739130434782
protein_0028,protein_0383,0.16
protein_0028,protein_0384,0.13725490196078433
protein_0028,protein_0385,0.11214953271028037
protein_0028,protein_0386,0.14678899082568808
protein_0028,protein_0387,0.11650485436893204
protein_0028,protein_0388,0.17
protein_0028,protein_0390,0.1559633027522936
protein_0028,protein_0391,0.15384615384615385
protein_0028,protein_0392,0.11965811965811966
protein_0028,protein_0393,0.1282051282051282
protein_0028,protein_0394,0.13385826771653545
protein_0028,protein_0395,0.14754098360655737
protein_0028,protein_0396,0.10655737704918032
protein_0028,protein_0397,0.1574074074074074
protein_0028,protein_0398,0.16153846153846155
protein_0028,protein_0399,0.14953271028037382
protein_0029,protein_0000,0.1590909090909091
protein_0029,protein_0001,0.2564329696765359
protein_0029,protein_0002,0.15294117647058825
protein_0029,protein_0003,0.16091954022988506
protein_0029,protein_0004,0.14772727272727273
protein_0029,protein_0005,0.18181818181818182
protein_0029,protein_0006,0.14444444444444443
protein_0029,protein_0007,0.485736427096463
protein_0029,protein_0008,0.1919191919191919
protein_0029,protein_0009,0.15384615384615385
protein_0029,protein_0010,0.13829787234042554
protein_0029,protein_0011,0.1724137931034483
protein_0029,protein_0013,0.16901408450704225
protein_0029,protein_0014,0.15085666630060618
protein_0029,protein_0015,0.1717171717171717
protein_0029,protein_0016,0.1919191919191919
protein_0029,protein_0017,0.13846153846153847
protein_0029,protein_0018,0.15384615384615385
protein_0029,protein_0019,0.2606772016805266
protein_0029,protein_0020,0.13953488372093023
protein_0029,protein_0021,0.15853658536585366
protein_0029,protein_0022,0.1306935817805383
protein_0029,protein_0023,0.13356072766185126
protein_0029,protein_0024,0.13675213675213677
protein_0029,protein_0025,0.15730337078651685
protein_0029,protein_0026,0.14728682170542637
protein_0029,protein_0027,0.13905397210430565
protein_0029,protein_0030,0.12096774193548387
protein_0029,protein_0031,0.16666666666666666
protein_0029,protein_0032,0.17391304347826086
protein_0029,protein_0033,0.14942528735632185
protein_0029,protein_0034,0.14942528735632185
protein_0029,protein_0036,0.381271539194728
protein_0029,protein_0037,0.14972527472527472
protein_0029,protein_0038,0.14972527472527472
protein_0029,protein_0039,0.13793103448275862
protein_0029,protein_0040,0.22857142857142856
protein_0029,protein_0042,0.16279069767441862
protein_0029,protein_0043,0.14583333333333334
protein_0029,protein_0045,0.1724137931034483
protein_0029,protein_0046,0.4991214926443487
protein_0029,protein_0047,0.13541666666666666
protein_0029,protein_0048,0.14942528735632185
protein_0029,protein_0049,0.14942528735632185
protein_0029,protein_0050,0.1650485436893204
protein_0029,protein_0052,0.16483516483516483
protein_0029,protein_0053,0.16483516483516483
protein_0029,protein_0054,0.1452991452991453
protein_0029,protein_0055,0.1623931623931624
protein_0029,protein_0056,0.15591876725750425
protein_0029,protein_0057,0.4868632146080082
protein_0029,protein_0058,0.15492957746478872
protein_0029,protein_0059,0.15384615384615385
protein_0029,protein_0060,0.12915563401000293
protein_0029,protein_0061,0.14772727272727273
protein_0029,protein_0062,0.19101123595505617
protein_0029,protein_0063,0.09302325581395349
protein_0029,protein_0064,0.1568627450980392
protein_0029,protein_0066,0.16
protein_0029,protein_0067,0.13793103448275862
protein_0029,protein_0068,0.17777777777777778
protein_0029,protein_0069,0.14772727272727273
protein_0029,protein_0070,0.17204301075268819
protein_0029,protein_0071,0.15730337078651685
protein_0029,protein_0072,0.3759497686221824
protein_0029,protein_0073,0.14606741573033707
protein_0029,protein_0075,0.12435567010309279
protein_0029,protein_0076,0.22666666666666666
protein_0029,protein_0077,0.15730337078651685
protein_0029,protein_0078,0.1574074074074074
protein_0029,protein_0079,0.1574074074074074
protein_0029,protein_0080,0.14606741573033707
protein_0029,protein_0081,0.13636363636363635
protein_0029,protein_0082,0.1568627450980392
protein_0029,protein_0084,0.14215686274509803
protein_0029,protein_0086,0.16981132075471697
protein_0029,protein_0087,0.36046057767369244
protein_0029,protein_0088,0.19101123595505617
protein_0029,protein_0089,0.13877118644067798
protein_0029,protein_0090,0.13877118644067798
protein_0029,protein_0091,0.12389380530973451
protein_0029,protein_0092,0.12389380530973451
protein_0029,protein_0093,0.18072289156626506
protein_0029,protein_0094,0.14035087719298245
protein_0029,protein_0096,0.1568627450980392
protein_0029,protein_0097,0.16304347826086957
protein_0029,protein_0098,0.15217391304347827
protein_0029,protein_0099,0.14944444444444444
protein_0029,protein_0100,0.2941819982554154
protein_0029,protein_0101,0.14942528735632185
protein_0029,protein_0102,0.15384615384615385
protein_0029,protein_0103,0.1839080459770115
protein_0029,protein_0104,0.136
protein_0029,protein_0105,0.2
protein_0029,protein_0106,0.13036902601330913
protein_0029,protein_0108,0.1728395061728395
protein_0029,protein_0109,0.25834387793947894
protein_0029,protein_0110,0.1590909090909091
protein_0029,protein_0111,0.17894736842105263
protein_0029,protein_0112,0.16161616161616163
protein_0029,protein_0113,0.16853932584269662
protein_0029,protein_0114,0.14606741573033707
protein_0029,protein_0115,0.13414634146341464
protein_0029,protein_0116,0.11943573667711599
protein_0029,protein_0117,0.11943573667711599
protein_0029,protein_0118,0.24980316744392336
protein_0029,protein_0119,0.17
protein_0029,protein_0120,0.14942528735632185
protein_0029,protein_0121,0.14942528735632185
protein_0029,protein_0122,0.17352941176470588
protein_0029,protein_0123,0.4109325994568163
protein_0029,protein_0124,0.14942528735632185
protein_0029,protein_0125,0.17
protein_0029,protein_0126,0.1919191919191919
protein_0029,protein_0128,0.16091954022988506
protein_0029,protein_0129,0.14942528735632185
protein_0029,protein_0130,0.15281593406593408
protein_0029,protein_0131,0.1819300164024057
protein_0029,protein_0132,0.1792452830188679
protein_0029,protein_0134,0.1744186046511628
protein_0029,protein_0135,0.17582417582417584
protein_0029,protein_0136,0.16379310344827586
protein_0029,protein_0137,0.1623931623931624
protein_0029,protein_0138,0.1623931623931624
protein_0029,protein_0139,0.28860635566624676
protein_0029,protein_0140,0.16666666666666666
protein_0029,protein_0141,0.16241830065359478
protein_0029,protein_0143,0.14606741573033707
protein_0029,protein_0144,0.14772727272727273
protein_0029,protein_0145,0.39488383793848986
protein_0029,protein_0146,0.18421052631578946
protein_0029,protein_0147,0.14772727272727273
protein_0029,protein_0148,0.14942528735632185
protein_0029,protein_0149,0.3611003305884667
protein_0029,protein_0150,0.16091954022988506
protein_0029,protein_0151,0.19101123595505617
protein_0029,protein_0152,0.2881463059565446
protein_0029,protein_0153,0.16083131984294774
protein_0029,protein_0154,0.15671565276828434
protein_0029,protein_0155,0.1282051282051282
protein_0029,protein_0156,0.14814814814814814
protein_0029,protein_0157,0.16279069767441862
protein_0029,protein_0158,0.4128169390942777
protein_0029,protein_0160,0.16279069767441862
protein_0029,protein_0161,0.15254237288135594
protein_0029,protein_0162,0.1927710843373494
protein_0029,protein_0163,0.14423076923076922
protein_0029,protein_0164,0.1590909090909091
protein_0029,protein_0165,0.3667711598746081
protein_0029,protein_0166,0.1590909090909091
protein_0029,protein_0167,0.13457207207207206
protein_0029,protein_0168,0.13907657657657657
protein_0029,protein_0169,0.15966386554621848
protein_0029,protein_0171,0.15730337078651685
protein_0029,protein_0172,0.16101694915254236
protein_0029,protein_0173,0.12643678160919541
protein_0029,protein_0174,0.16091954022988506
protein_0029,protein_0175,0.1724137931034483
protein_0029,protein_0176,0.2642923546582398
protein_0029,protein_0177,0.31113575891814366
protein_0029,protein_0179,0.1592920353982301
protein_0029,protein_0180,0.1956521739130435
protein_0029,protein_0181,0.13333333333333333
protein_0029,protein_0182,0.18181818181818182
protein_0029,protein_0183,0.16
protein_0029,protein_0185,0.14942528735632185
protein_0029,protein_0187,0.1724137931034483
protein_0029,protein_0188,0.2670425624373094
protein_0029,protein_0189,0.2222222222222222
protein_0029,protein_0190,0.13793103448275862
protein_0029,protein_0191,0.16091954022988506
protein_0029,protein_0192,0.18823529411764706
protein_0029,protein_0193,0.16853932584269662
protein_0029,protein_0194,0.17582417582417584
protein_0029,protein_0195,0.1839080459770115
protein_0029,protein_0196,0.1839080459770115
protein_0029,protein_0197,0.13793103448275862
protein_0029,protein_0198,0.14772727272727273
protein_0029,protein_0199,0.14444444444444443
protein_0029,protein_0200,0.16853932584269662
protein_0029,protein_0201,0.14
protein_0029,protein_0202,0.1590909090909091
protein_0029,protein_0203,0.1322314049586777
protein_0029,protein_0204,0.3515457495961891
protein_0029,protein_0205,0.10426540284360189
protein_0029,protein_0207,0.1282051282051282
protein_0029,protein_0208,0.14616977225672878
protein_0029,protein_0209,0.1590909090909091
protein_0029,protein_0210,0.16470588235294117
protein_0029,protein_0211,0.1635597901132284
protein_0029,protein_0212,0.17567567567567569
protein_0029,protein_0213,0.1590909090909091
protein_0029,protein_0214,0.2028985507246377
protein_0029,protein_0215,0.18181818181818182
protein_0029,protein_0216,0.21
protein_0029,protein_0217,0.14444444444444443
protein_0029,protein_0218,0.12
protein_0029,protein_0219,0.15966386554621848
protein_0029,protein_0220,0.14285714285714285
protein_0029,protein_0222,0.1511627906976744
protein_0029,protein_0223,0.17391304347826086
protein_0029,protein_0224,0.22521105484923687
protein_0029,protein_0225,0.17073170731707318
protein_0029,protein_0226,0.14444444444444443
protein_0029,protein_0227,0.21739130434782608
protein_0029,protein_0228,0.15855072463768116
protein_0029,protein_0229,0.1951219512195122
protein_0029,protein_0230,0.13725490196078433
protein_0029,protein_0231,0.15730337078651685
protein_0029,protein_0232,0.33962882942982625
protein_0029,protein_0233,0.14960629921259844
protein_0029,protein_0234,0.16831683168316833
protein_0029,protein_0235,0.15859495088553652
protein_0029,protein_0236,0.12784424114473375
protein_0029,protein_0237,0.12784424114473375
protein_0029,protein_0238,0.1450381679389313
protein_0029,protein_0239,0.14772727272727273
protein_0029,protein_0241,0.13186813186813187
protein_0029,protein_0243,0.14772727272727273
protein_0029,protein_0245,0.12762762762762764
protein_0029,protein_0246,0.20430107526881722
protein_0029,protein_0247,0.14529398530847457
protein_0029,protein_0248,0.17525773195876287
protein_0029,protein_0250,0.1599025974025974
protein_0029,protein_0251,0.15053763440860216
protein_0029,protein_0252,0.15294117647058825
protein_0029,protein_0253,0.1592920353982301
protein_0029,protein_0255,0.12280701754385964
protein_0029,protein_0256,0.15151515151515152
protein_0029,protein_0257,0.13592233009708737
protein_0029,protein_0258,0.19318181818181818
protein_0029,protein_0259,0.5086258286653991
protein_0029,protein_0260,0.5086258286653991
protein_0029,protein_0261,0.19607843137254902
protein_0029,protein_0262,0.14074074074074075
protein_0029,protein_0263,0.14705882352941177
protein_0029,protein_0264,0.16091954022988506
protein_0029,protein_0265,0.16091954022988506
protein_0029,protein_0266,0.1478810879190386
protein_0029,protein_0267,0.19148936170212766
protein_0029,protein_0268,0.2073170731707317
protein_0029,protein_0269,0.16666666666666666
protein_0029,protein_0270,0.20833333333333334
protein_0029,protein_0271,0.3439834303627407
protein_0029,protein_0273,0.13312236286919832
protein_0029,protein_0274,0.1797752808988764
protein_0029,protein_0275,0.1568627450980392
protein_0029,protein_0276,0.14583333333333334
protein_0029,protein_0277,0.2588334794288156
protein_0029,protein_0278,0.16666666666666666
protein_0029,protein_0279,0.13333333333333333
protein_0029,protein_0280,0.13580246913580246
protein_0029,protein_0281,0.1504424778761062
protein_0029,protein_0282,0.20833333333333334
protein_0029,protein_0283,0.1141552511415525
protein_0029,protein_0284,0.14817290552584672
protein_0029,protein_0285,0.1827956989247312
protein_0029,protein_0286,0.2828641271410143
protein_0029,protein_0287,0.1588785046728972
protein_0029,protein_0288,0.18292682926829268
protein_0029,protein_0289,0.17217194570135747
protein_0029,protein_0291,0.1421832884097035
protein_0029,protein_0292,0.2543919446845637
protein_0029,protein_0293,0.18181818181818182
protein_0029,protein_0294,0.1421832884097035
protein_0029,protein_0295,0.9034663987503744
protein_0029,protein_0297,0.5661442006269592
protein_0029,protein_0299,0.15849605317823018
protein_0029,protein_0300,0.14829545454545456
protein_0029,protein_0301,0.14992977528089887
protein_0029,protein_0302,0.09216589861751152
protein_0029,protein_0303,0.1794871794871795
protein_0029,protein_0305,0.13900226757369616
protein_0029,protein_0306,0.1623931623931624
protein_0029,protein_0307,0.16101694915254236
protein_0029,protein_0308,0.1391304347826087
protein_0029,protein_0309,0.16706349206349208
protein_0029,protein_0311,0.15384615384615385
protein_0029,protein_0312,0.14942528735632185
protein_0029,protein_0313,0.1630718954248366
protein_0029,protein_0314,0.14285714285714285
protein_0029,protein_0315,0.16521739130434782
protein_0029,protein_0316,0.3878611890227135
protein_0029,protein_0317,0.16
protein_0029,protein_0319,0.14942528735632185
protein_0029,protein_0320,0.13793103448275862
protein_0029,protein_0321,0.14772727272727273
protein_0029,protein_0323,0.19540229885057472
protein_0029,protein_0324,0.17567567567567569
protein_0029,protein_0325,0.1409937888198758
protein_0029,protein_0326,0.1951219512195122
protein_0029,protein_0327,0.16091954022988506
protein_0029,protein_0328,0.14814814814814814
protein_0029,protein_0329,0.14814814814814814
protein_0029,protein_0330,0.16129032258064516
protein_0029,protein_0332,0.1577246283128636
protein_0029,protein_0333,0.1687062937062937
protein_0029,protein_0334,0.16483516483516483
protein_0029,protein_0335,0.1782178217821782
protein_0029,protein_0336,0.4645064070835396
protein_0029,protein_0337,0.13199300699300698
protein_0029,protein_0338,0.14942528735632185
protein_0029,protein_0339,0.3053275722660061
protein_0029,protein_0340,0.17647058823529413
protein_0029,protein_0341,0.1650485436893204
protein_0029,protein_0342,0.18840579710144928
protein_0029,protein_0343,0.1466950959488273
protein_0029,protein_0344,0.18181818181818182
protein_0029,protein_0345,0.1456140350877193
protein_0029,protein_0346,0.1456140350877193
protein_0029,protein_0347,0.31381952426266135
protein_0029,protein_0348,0.12931034482758622
protein_0029,protein_0349,0.17
protein_0029,protein_0350,0.18181818181818182
protein_0029,protein_0351,0.17204301075268819
protein_0029,protein_0352,0.3210649138375394
protein_0029,protein_0353,0.12771739130434784
protein_0029,protein_0354,0.16129032258064516
protein_0029,protein_0355,0.15249366842002726
protein_0029,protein_0356,0.3987677655517728
protein_0029,protein_0357,0.1322314049586777
protein_0029,protein_0358,0.18181818181818182
protein_0029,protein_0359,0.14285714285714285
protein_0029,protein_0360,0.19540229885057472
protein_0029,protein_0361,0.13559322033898305
protein_0029,protein_0362,0.15730337078651685
protein_0029,protein_0363,0.15730337078651685
protein_0029,protein_0364,0.1724137931034483
protein_0029,protein_0365,0.14942528735632185
protein_0029,protein_0366,0.1411764705882353
protein_0029,protein_0368,0.1686746987951807
protein_0029,protein_0369,0.16
protein_0029,protein_0370,0.18181818181818182
protein_0029,protein_0371,0.1511627906976744
protein_0029,protein_0372,0.10550458715596331
protein_0029,protein_0373,0.14285714285714285
protein_0029,protein_0374,0.15384615384615385
protein_0029,protein_0375,0.1839080459770115
protein_0029,protein_0376,0.1717171717171717
protein_0029,protein_0377,0.12244897959183673
protein_0029,protein_0378,0.16964285714285715
protein_0029,protein_0380,0.15805675805675806
protein_0029,protein_0381,0.15805675805675806
protein_0029,protein_0382,0.15733417694822316
protein_0029,protein_0383,0.3183496865375559
protein_0029,protein_0384,0.14942528735632185
protein_0029,protein_0385,0.12745098039215685
protein_0029,protein_0386,0.1919191919191919
protein_0029,protein_0387,0.14736842105263157
protein_0029,protein_0388,0.3943584666996645
protein_0029,protein_0390,0.13793103448275862
protein_0029,protein_0391,0.14772727272727273
protein_0029,protein_0392,0.16091954022988506
protein_0029,protein_0393,0.12643678160919541
protein_0029,protein_0394,0.14035087719298245
protein_0029,protein_0395,0.14130434782608695
protein_0029,protein_0396,0.15789473684210525
protein_0029,protein_0397,0.16279069767441862
protein_0029,protein_0398,0.13960178666061018
protein_0029,protein_0399,0.13636363636363635
protein_0035,protein_0000,0.14814814814814814
protein_0035,protein_0001,0.14
protein_0035,protein_0002,0.15841584158415842
protein_0035,protein_0003,0.10576923076923077
protein_0035,protein_0004,0.12244897959183673
protein_0035,protein_0005,0.19607843137254902
protein_0035,protein_0006,0.16521739130434782
protein_0035,protein_0007,0.12244897959183673
protein_0035,protein_0008,0.16216216216216217
protein_0035,protein_0009,0.1588785046728972
protein_0035,protein_0010,0.1523809523809524
protein_0035,protein_0011,0.1875
protein_0035,protein_0013,0.16666666666666666
protein_0035,protein_0014,0.19469026548672566
protein_0035,protein_0015,0.17857142857142858
protein_0035,protein_0016,0.19298245614035087
protein_0035,protein_0017,0.15267175572519084
protein_0035,protein_0018,0.15
protein_0035,protein_0019,0.1836734693877551
protein_0035,protein_0020,0.18181818181818182
protein_0035,protein_0021,0.19090909090909092
protein_0035,protein_0022,0.13861386138613863
protein_0035,protein_0023,0.11224489795918367
protein_0035,protein_0024,0.4358974358974359
protein_0035,protein_0025,0.14018691588785046
protein_0035,protein_0026,0.16030534351145037
protein_0035,protein_0027,0.1485148514851485
protein_0035,protein_0030,0.3821138211382114
protein_0035,protein_0031,0.1724137931034483
protein_0035,protein_0032,0.12962962962962962
protein_0035,protein_0033,0.14423076923076922
protein_0035,protein_0034,0.12380952380952381
protein_0035,protein_0036,0.14285714285714285
protein_0035,protein_0037,0.19008264462809918
protein_0035,protein_0038,0.19008264462809918
protein_0035,protein_0039,0.1588785046728972
protein_0035,protein_0040,0.17307692307692307
protein_0035,protein_0042,0.13592233009708737
protein_0035,protein_0043,0.12871287128712872
protein_0035,protein_0045,0.13592233009708737
protein_0035,protein_0046,0.13131313131313133
protein_0035,protein_0047,0.10679611650485436
protein_0035,protein_0048,0.102803738317757
protein_0035,protein_0049,0.16101694915254236
protein_0035,protein_0050,0.19469026548672566
protein_0035,protein_0052,0.10679611650485436
protein_0035,protein_0053,0.1926605504587156
protein_0035,protein_0054,0.5983606557377049
protein_0035,protein_0055,0.7863247863247863
protein_0035,protein_0056,0.13793103448275862
protein_0035,protein_0057,0.1326530612244898
protein_0035,protein_0058,0.20202020202020202
protein_0035,protein_0059,0.18518518518518517
protein_0035,protein_0060,0.17391304347826086
protein_0035,protein_0061,0.14705882352941177
protein_0035,protein_0062,0.21621621621621623
protein_0035,protein_0063,0.0787037037037037
protein_0035,protein_0064,0.17757009345794392
protein_0035,protein_0066,0.1320754716981132
protein_0035,protein_0067,0.1553398058252427
protein_0035,protein_0068,0.16216216216216217
protein_0035,protein_0069,0.1320754716981132
protein_0035,protein_0070,0.14814814814814814
protein_0035,protein_0071,0.16216216216216217
protein_0035,protein_0072,0.16326530612244897
protein_0035,protein_0073,0.12745098039215685
protein_0035,protein_0075,0.13
protein_0035,protein_0076,0.17
protein_0035,protein_0077,0.1650485436893204
protein_0035,protein_0078,0.1565217391304348
protein_0035,protein_0079,0.1565217391304348
protein_0035,protein_0080,0.14705882352941177
protein_0035,protein_0081,0.12745098039215685
protein_0035,protein_0082,0.1810344827586207
protein_0035,protein_0084,0.11224489795918367
protein_0035,protein_0086,0.14782608695652175
protein_0035,protein_0087,0.13592233009708737
protein_0035,protein_0088,0.1588785046728972
protein_0035,protein_0089,0.16666666666666666
protein_0035,protein_0090,0.16666666666666666
protein_0035,protein_0091,0.168
protein_0035,protein_0092,0.168
protein_0035,protein_0093,0.1588785046728972
protein_0035,protein_0094,0.38461538461538464
protein_0035,protein_0096,0.1574074074074074
protein_0035,protein_0097,0.14563106796116504
protein_0035,protein_0098,0.17346938775510204
protein_0035,protein_0099,0.16216216216216217
protein_0035,protein_0100,0.16161616161616163
protein_0035,protein_0101,0.16037735849056603
protein_0035,protein_0102,0.17307692307692307
protein_0035,protein_0103,0.15315315315315314
protein_0035,protein_0104,0.42735042735042733
protein_0035,protein_0105,0.09183673469387756
protein_0035,protein_0106,0.13157894736842105
protein_0035,protein_0108,0.1188118811881188
protein_0035,protein_0109,0.15306122448979592
protein_0035,protein_0110,0.15315315315315314
protein_0035,protein_0111,0.14563106796116504
protein_0035,protein_0112,0.1796875
protein_0035,protein_0113,0.16363636363636364
protein_0035,protein_0114,0.1320754716981132
protein_0035,protein_0115,0.125
protein_0035,protein_0116,0.15517241379310345
protein_0035,protein_0117,0.15517241379310345
protein_0035,protein_0118,0.17346938775510204
protein_0035,protein_0119,0.1415929203539823
protein_0035,protein_0120,0.1559633027522936
protein_0035,protein_0121,0.1559633027522936
protein_0035,protein_0122,0.18333333333333332
protein_0035,protein_0123,0.14285714285714285
protein_0035,protein_0124,0.15454545454545454
protein_0035,protein_0125,0.14912280701754385
protein_0035,protein_0126,0.17757009345794392
protein_0035,protein_0128,0.11214953271028037
protein_0035,protein_0129,0.1553398058252427
protein_0035,protein_0130,0.175
protein_0035,protein_0131,0.1414141414141414
protein_0035,protein_0132,0.11206896551724138
protein_0035,protein_0134,0.1623931623931624
protein_0035,protein_0135,0.13725490196078433
protein_0035,protein_0136,0.5862068965517241
protein_0035,protein_0137,0.4700854700854701
protein_0035,protein_0138,0.4700854700854701
protein_0035,protein_0139,0.15306122448979592
protein_0035,protein_0140,0.061224489795918366
protein_0035,protein_0141,0.19834710743801653
protein_0035,protein_0143,0.19811320754716982
protein_0035,protein_0144,0.13725490196078433
protein_0035,protein_0145,0.14285714285714285
protein_0035,protein_0146,0.1414141414141414
protein_0035,protein_0147,0.16666666666666666
protein_0035,protein_0148,0.17272727272727273
protein_0035,protein_0149,0.16161616161616163
protein_0035,protein_0150,0.14423076923076922
protein_0035,protein_0151,0.211864406779661
protein_0035,protein_0152,0.17475728155339806
protein_0035,protein_0153,0.18181818181818182
protein_0035,protein_0154,0.15151515151515152
protein_0035,protein_0155,0.15625
protein_0035,protein_0156,0.24074074074074073
protein_0035,protein_0157,0.1326530612244898
protein_0035,protein_0158,0.14285714285714285
protein_0035,protein_0160,0.1619047619047619
protein_0035,protein_0161,0.38461538461538464
protein_0035,protein_0162,0.15
protein_0035,protein_0163,0.16822429906542055
protein_0035,protein_0164,0.12121212121212122
protein_0035,protein_0165,0.11
protein_0035,protein_0166,0.15151515151515152
protein_0035,protein_0167,0.13274336283185842
protein_0035,protein_0168,0.1565217391304348
protein_0035,protein_0169,0.3879310344827586
protein_0035,protein_0171,0.1559633027522936
protein_0035,protein_0172,0.5042735042735043
protein_0035,protein_0173,0.10204081632653061
protein_0035,protein_0174,0.1523809523809524
protein_0035,protein_0175,0.1619047619047619
protein_0035,protein_0176,0.1717171717171717
protein_0035,protein_0177,0.15306122448979592
protein_0035,protein_0179,0.371900826446281
protein_0035,protein_0180,0.1794871794871795
protein_0035,protein_0181,0.15384615384615385
protein_0035,protein_0182,0.13592233009708737
protein_0035,protein_0183,0.16964285714285715
protein_0035,protein_0185,0.13636363636363635
protein_0035,protein_0187,0.17592592592592593
protein_0035,protein_0188,0.15306122448979592
protein_0035,protein_0189,0.1553398058252427
protein_0035,protein_0190,0.13725490196078433
protein_0035,protein_0191,0.16822429906542055
protein_0035,protein_0192,0.1414141414141414
protein_0035,protein_0193,0.10476190476190476
protein_0035,protein_0194,0.1271186440677966
protein_0035,protein_0195,0.1588785046728972
protein_0035,protein_0196,0.10784313725490197
protein_0035,protein_0197,0.1391304347826087
protein_0035,protein_0198,0.14814814814814814
protein_0035,protein_0199,0.1694915254237288
protein_0035,protein_0200,0.18548387096774194
protein_0035,protein_0201,0.14018691588785046
protein_0035,protein_0202,0.1623931623931624
protein_0035,protein_0203,0.48717948717948717
protein_0035,protein_0204,0.17475728155339806
protein_0035,protein_0205,0.10550458715596331
protein_0035,protein_0207,0.47863247863247865
protein_0035,protein_0208,0.18333333333333332
protein_0035,protein_0209,0.10891089108910891
protein_0035,protein_0210,0.1346153846153846
protein_0035,protein_0211,0.16964285714285715
protein_0035,protein_0212,0.14285714285714285
protein_0035,protein_0213,0.14
protein_0035,protein_0214,0.1619047619047619
protein_0035,protein_0215,0.1523809523809524
protein_0035,protein_0216,0.14285714285714285
protein_0035,protein_0217,0.1262135922330097
protein_0035,protein_0218,0.15625
protein_0035,protein_0219,0.3697478991596639
protein_0035,protein_0220,0.14150943396226415
protein_0035,protein_0222,0.15384615384615385
protein_0035,protein_0223,0.12
protein_0035,protein_0224,0.19387755102040816
protein_0035,protein_0225,0.18269230769230768
protein_0035,protein_0226,0.1875
protein_0035,protein_0227,0.16161616161616163
protein_0035,protein_0228,0.14655172413793102
protein_0035,protein_0229,0.18811881188118812
protein_0035,protein_0230,0.13725490196078433
protein_0035,protein_0231,0.12244897959183673
protein_0035,protein_0232,0.1717171717171717
protein_0035,protein_0233,0.15789473684210525
protein_0035,protein_0234,0.16666666666666666
protein_0035,protein_0235,0.18
protein_0035,protein_0236,0.13986013986013987
protein_0035,protein_0237,0.13986013986013987
protein_0035,protein_0238,0.18181818181818182
protein_0035,protein_0239,0.1326530612244898
protein_0035,protein_0241,0.13
protein_0035,protein_0243,0.17
protein_0035,protein_0245,0.168
protein_0035,protein_0246,0.16666666666666666
protein_0035,protein_0247,0.2
protein_0035,protein_0248,0.16346153846153846
protein_0035,protein_0250,0.13709677419354838
protein_0035,protein_0251,0.13761467889908258
protein_0035,protein_0252,0.14953271028037382
protein_0035,protein_0253,0.13636363636363635
protein_0035,protein_0255,0.14534883720930233
protein_0035,protein_0256,0.45454545454545453
protein_0035,protein_0257,0.5151515151515151
protein_0035,protein_0258,0.1487603305785124
protein_0035,protein_0259,0.17346938775510204
protein_0035,protein_0260,0.17346938775510204
protein_0035,protein_0261,0.16379310344827586
protein_0035,protein_0262,0.1702127659574468
protein_0035,protein_0263,0.12903225806451613
protein_0035,protein_0264,0.15841584158415842
protein_0035,protein_0265,0.15841584158415842
protein_0035,protein_0266,0.15
protein_0035,protein_0267,0.13043478260869565
protein_0035,protein_0268,0.17272727272727273
protein_0035,protein_0269,0.41025641025641024
protein_0035,protein_0270,0.17272727272727273
protein_0035,protein_0271,0.12745098039215685
protein_0035,protein_0273,0.1337579617834395
protein_0035,protein_0274,0.17796610169491525
protein_0035,protein_0275,0.15454545454545454
protein_0035,protein_0276,0.1509433962264151
protein_0035,protein_0277,0.1326530612244898
protein_0035,protein_0278,0.10679611650485436
protein_0035,protein_0279,0.1650485436893204
protein_0035,protein_0280,0.1717171717171717
protein_0035,protein_0281,0.15966386554621848
protein_0035,protein_0282,0.14
protein_0035,protein_0283,0.10091743119266056
protein_0035,protein_0284,0.175
protein_0035,protein_0285,0.11224489795918367
protein_0035,protein_0286,0.17346938775510204
protein_0035,protein_0287,0.1111111111111111
protein_0035,protein_0288,0.14
protein_0035,protein_0289,0.15151515151515152
protein_0035,protein_0291,0.18181818181818182
protein_0035,protein_0292,0.14285714285714285
protein_0035,protein_0293,0.19491525423728814
protein_0035,protein_0294,0.18181818181818182
protein_0035,protein_0295,0.16326530612244897
protein_0035,protein_0297,0.16326530612244897
protein_0035,protein_0299,0.15841584158415842
protein_0035,protein_0300,0.1509433962264151
protein_0035,protein_0301,0.1509433962264151
protein_0035,protein_0302,0.12442396313364056
protein_0035,protein_0303,0.10204081632653061
protein_0035,protein_0305,0.14150943396226415
protein_0035,protein_0306,0.7863247863247863
protein_0035,protein_0307,0.6694915254237288
protein_0035,protein_0308,0.2764227642276423
protein_0035,protein_0309,0.1388888888888889
protein_0035,protein_0311,0.16071428571428573
protein_0035,protein_0312,0.13725490196078433
protein_0035,protein_0313,0.17857142857142858
protein_0035,protein_0314,0.11864406779661017
protein_0035,protein_0315,0.4642857142857143
protein_0035,protein_0316,0.15384615384615385
protein_0035,protein_0317,0.1792452830188679
protein_0035,protein_0319,0.11711711711711711
protein_0035,protein_0320,0.1553398058252427
protein_0035,protein_0321,0.1320754716981132
protein_0035,protein_0323,0.15126050420168066
protein_0035,protein_0324,0.15306122448979592
protein_0035,protein_0325,0.15254237288135594
protein_0035,protein_0326,0.15151515151515152
protein_0035,protein_0327,0.17475728155339806
protein_0035,protein_0328,0.1694915254237288
protein_0035,protein_0329,0.1694915254237288
protein_0035,protein_0330,0.14545454545454545
protein_0035,protein_0332,0.18548387096774194
protein_0035,protein_0333,0.17647058823529413
protein_0035,protein_0334,0.14953271028037382
protein_0035,protein_0335,0.16071428571428573
protein_0035,protein_0336,0.14285714285714285
protein_0035,protein_0337,0.16083916083916083
protein_0035,protein_0338,0.16666666666666666
protein_0035,protein_0339,0.16161616161616163
protein_0035,protein_0340,0.14285714285714285
protein_0035,protein_0341,0.1509433962264151
protein_0035,protein_0342,0.1836734693877551
protein_0035,protein_0343,0.1717171717171717
protein_0035,protein_0344,0.1568627450980392
protein_0035,protein_0345,0.16
protein_0035,protein_0346,0.16
protein_0035,protein_0347,0.17346938775510204
protein_0035,protein_0348,0.31896551724137934
protein_0035,protein_0349,0.16964285714285715
protein_0035,protein_0350,0.14705882352941177
protein_0035,protein_0351,0.15833333333333333
protein_0035,protein_0352,0.15306122448979592
protein_0035,protein_0353,0.1557377049180328
protein_0035,protein_0354,0.11650485436893204
protein_0035,protein_0355,0.1509433962264151
protein_0035,protein_0356,0.12871287128712872
protein_0035,protein_0357,0.25833333333333336
protein_0035,protein_0358,0.1568627450980392
protein_0035,protein_0359,0.4369747899159664
protein_0035,protein_0360,0.17647058823529413
protein_0035,protein_0361,0.4444444444444444
protein_0035,protein_0362,0.125
protein_0035,protein_0363,0.125
protein_0035,protein_0364,0.14423076923076922
protein_0035,protein_0365,0.1650485436893204
protein_0035,protein_0366,0.14563106796116504
protein_0035,protein_0368,0.18867924528301888
protein_0035,protein_0369,0.15306122448979592
protein_0035,protein_0370,0.1568627450980392
protein_0035,protein_0371,0.16216216216216217
protein_0035,protein_0372,0.12556053811659193
protein_0035,protein_0373,0.16964285714285715
protein_0035,protein_0374,0.4700854700854701
protein_0035,protein_0375,0.11650485436893204
protein_0035,protein_0376,0.1452991452991453
protein_0035,protein_0377,0.14705882352941177
protein_0035,protein_0378,0.12727272727272726
protein_0035,protein_0380,0.14655172413793102
protein_0035,protein_0381,0.14655172413793102
protein_0035,protein_0382,0.19166666666666668
protein_0035,protein_0383,0.1717171717171717
protein_0035,protein_0384,0.1388888888888889
protein_0035,protein_0385,0.16964285714285715
protein_0035,protein_0386,0.1588785046728972
protein_0035,protein_0387,0.5252525252525253
protein_0035,protein_0388,0.1326530612244898
protein_0035,protein_0390,0.16981132075471697
protein_0035,protein_0391,0.1523809523809524
protein_0035,protein_0392,0.12745098039215685
protein_0035,protein_0393,0.14545454545454545
protein_0035,protein_0394,0.3559322033898305
protein_0035,protein_0395,0.11538461538461539
protein_0035,protein_0396,0.2542372881355932
protein_0035,protein_0397,0.15
protein_0035,protein_0398,0.1721311475409836
protein_0035,protein_0399,0.14
protein_0041,protein_0000,0.3563218390804598
protein_0041,protein_0001,0.16666666666666666
protein_0041,protein_0002,0.14285714285714285
protein_0041,protein_0003,0.42528735632183906
protein_0041,protein_0004,0.6206896551724138
protein_0041,protein_0005,0.15053763440860216
protein_0041,protein_0006,0.2840909090909091
protein_0041,protein_0007,0.17045454545454544
protein_0041,protein_0008,0.14285714285714285
protein_0041,protein_0009,0.21839080459770116
protein_0041,protein_0010,0.3181818181818182
protein_0041,protein_0011,0.3103448275862069
protein_0041,protein_0013,0.17045454545454544
protein_0041,protein_0014,0.17346938775510204
protein_0041,protein_0015,0.16216216216216217
protein_0041,protein_0016,0.14563106796116504
protein_0041,protein_0017,0.15217391304347827
protein_0041,protein_0018,0.39080459770114945
protein_0041,protein_0019,0.1724137931034483
protein_0041,protein_0020,0.3516483516483517
protein_0041,protein_0021,0.16483516483516483
protein_0041,protein_0022,0.1875
protein_0041,protein_0023,0.15625
protein_0041,protein_0024,0.152
protein_0041,protein_0025,0.3333333333333333
protein_0041,protein_0026,0.12403100775193798
protein_0041,protein_0027,0.16666666666666666
protein_0041,protein_0030,0.16666666666666666
protein_0041,protein_0031,0.1553398058252427
protein_0041,protein_0032,0.7701149425287356
protein_0041,protein_0033,0.3218390804597701
protein_0041,protein_0034,0.26436781609195403
protein_0041,protein_0036,0.15730337078651685
protein_0041,protein_0037,0.26436781609195403
protein_0041,protein_0038,0.26436781609195403
protein_0041,protein_0039,0.22988505747126436
protein_0041,protein_0040,0.12643678160919541
protein_0041,protein_0042,0.19540229885057472
protein_0041,protein_0043,0.2413793103448276
protein_0041,protein_0045,0.39080459770114945
protein_0041,protein_0046,0.1724137931034483
protein_0041,protein_0047,0.2988505747126437
protein_0041,protein_0048,0.27586206896551724
protein_0041,protein_0049,0.2988505747126437
protein_0041,protein_0050,0.1523809523809524
protein_0041,protein_0052,0.6022727272727273
protein_0041,protein_0053,0.3448275862068966
protein_0041,protein_0054,0.1623931623931624
protein_0041,protein_0055,0.1440677966101695
protein_0041,protein_0056,0.14678899082568808
protein_0041,protein_0057,0.16091954022988506
protein_0041,protein_0058,0.16091954022988506
protein_0041,protein_0059,0.2413793103448276
protein_0041,protein_0060,0.13
protein_0041,protein_0061,0.1956521739130435
protein_0041,protein_0062,0.367816091954023
protein_0041,protein_0063,0.11627906976744186
protein_0041,protein_0064,0.367816091954023
protein_0041,protein_0066,0.14423076923076922
protein_0041,protein_0067,0.3409090909090909
protein_0041,protein_0068,0.27586206896551724
protein_0041,protein_0069,0.3409090909090909
protein_0041,protein_0070,0.1839080459770115
protein_0041,protein_0071,0.25287356321839083
protein_0041,protein_0072,0.16842105263157894
protein_0041,protein_0073,0.25287356321839083
protein_0041,protein_0075,0.17
protein_0041,protein_0076,0.2
protein_0041,protein_0077,0.4090909090909091
protein_0041,protein_0078,0.13333333333333333
protein_0041,protein_0079,0.13333333333333333
protein_0041,protein_0080,0.4318181818181818
protein_0041,protein_0081,0.4431818181818182
protein_0041,protein_0082,0.1619047619047619
protein_0041,protein_0084,0.26436781609195403
protein_0041,protein_0086,0.14814814814814814
protein_0041,protein_0087,0.14942528735632185
protein_0041,protein_0088,0.40229885057471265
protein_0041,protein_0089,0.1504424778761062
protein_0041,protein_0090,0.1592920353982301
protein_0041,protein_0091,0.13274336283185842
protein_0041,protein_0092,0.13274336283185842
protein_0041,protein_0093,0.26436781609195403
protein_0041,protein_0094,0.17543859649122806
protein_0041,protein_0096,0.20535714285714285
protein_0041,protein_0097,0.3218390804597701
protein_0041,protein_0098,0.45977011494252873
protein_0041,protein_0099,0.13333333333333333
protein_0041,protein_0100,0.20689655172413793
protein_0041,protein_0101,0.27586206896551724
protein_0041,protein_0102,0.24175824175824176
protein_0041,protein_0103,0.23595505617977527
protein_0041,protein_0104,0.176
protein_0041,protein_0105,0.14444444444444443
protein_0041,protein_0106,0.16806722689075632
protein_0041,protein_0108,0.22916666666666666
protein_0041,protein_0109,0.16091954022988506
protein_0041,protein_0110,0.3103448275862069
protein_0041,protein_0111,0.20689655172413793
protein_0041,protein_0112,0.15151515151515152
protein_0041,protein_0113,0.28735632183908044
protein_0041,protein_0114,0.7011494252873564
protein_0041,protein_0115,0.27586206896551724
protein_0041,protein_0116,0.12280701754385964
protein_0041,protein_0117,0.12280701754385964
protein_0041,protein_0118,0.1724137931034483
protein_0041,protein_0119,0.18
protein_0041,protein_0120,0.3218390804597701
protein_0041,protein_0121,0.3218390804597701
protein_0041,protein_0122,0.27586206896551724
protein_0041,protein_0123,0.1839080459770115
protein_0041,protein_0124,0.3333333333333333
protein_0041,protein_0125,0.2018348623853211
protein_0041,protein_0126,0.1414141414141414
protein_0041,protein_0128,0.3448275862068966
protein_0041,protein_0129,0.2413793103448276
protein_0041,protein_0130,0.16363636363636364
protein_0041,protein_0131,0.14942528735632185
protein_0041,protein_0132,0.19444444444444445
protein_0041,protein_0134,0.3563218390804598
protein_0041,protein_0135,0.3409090909090909
protein_0041,protein_0136,0.13114754098360656
protein_0041,protein_0137,0.144
protein_0041,protein_0138,0.144
protein_0041,protein_0139,0.14942528735632185
protein_0041,protein_0140,0.27586206896551724
protein_0041,protein_0141,0.27586206896551724
protein_0041,protein_0143,0.27586206896551724
protein_0041,protein_0144,0.27586206896551724
protein_0041,protein_0145,0.16666666666666666
protein_0041,protein_0146,0.13793103448275862
protein_0041,protein_0147,0.42528735632183906
protein_0041,protein_0148,0.3448275862068966
protein_0041,protein_0149,0.14942528735632185
protein_0041,protein_0150,0.39080459770114945
protein_0041,protein_0151,0.21348314606741572
protein_0041,protein_0152,0.18085106382978725
protein_0041,protein_0153,0.19540229885057472
protein_0041,protein_0154,0.19387755102040816
protein_0041,protein_0155,0.19166666666666668
protein_0041,protein_0156,0.14414414414414414
protein_0041,protein_0157,0.17391304347826086
protein_0041,protein_0158,0.16091954022988506
protein_0041,protein_0160,0.3333333333333333
protein_0041,protein_0161,0.14754098360655737
protein_0041,protein_0162,0.3563218390804598
protein_0041,protein_0163,0.14285714285714285
protein_0041,protein_0164,0.3448275862068966
protein_0041,protein_0165,0.16091954022988506
protein_0041,protein_0166,0.3333333333333333
protein_0041,protein_0167,0.13675213675213677
protein_0041,protein_0168,0.1452991452991453
protein_0041,protein_0169,0.14285714285714285
protein_0041,protein_0171,0.25287356321839083
protein_0041,protein_0172,0.15833333333333333
protein_0041,protein_0173,0.3218390804597701
protein_0041,protein_0174,0.2988505747126437
protein_0041,protein_0175,0.3103448275862069
protein_0041,protein_0176,0.19540229885057472
protein_0041,protein_0177,0.1724137931034483
protein_0041,protein_0179,0.16666666666666666
protein_0041,protein_0180,0.28888888888888886
protein_0041,protein_0181,0.3409090909090909
protein_0041,protein_0182,0.3218390804597701
protein_0041,protein_0183,0.16216216216216217
protein_0041,protein_0185,0.20408163265306123
protein_0041,protein_0187,0.28735632183908044
protein_0041,protein_0188,0.1956521739130435
protein_0041,protein_0189,0.3218390804597701
protein_0041,protein_0190,0.2967032967032967
protein_0041,protein_0191,0.5517241379310345
protein_0041,protein_0192,0.367816091954023
protein_0041,protein_0193,0.4044943820224719
protein_0041,protein_0194,0.20689655172413793
protein_0041,protein_0195,0.27586206896551724
protein_0041,protein_0196,0.2988505747126437
protein_0041,protein_0197,0.3218390804597701
protein_0041,protein_0198,0.5909090909090909
protein_0041,protein_0199,0.2608695652173913
protein_0041,protein_0200,0.27586206896551724
protein_0041,protein_0201,0.12
protein_0041,protein_0202,0.3448275862068966
protein_0041,protein_0203,0.1440677966101695
protein_0041,protein_0204,0.16091954022988506
protein_0041,protein_0205,0.12385321100917432
protein_0041,protein_0207,0.15328467153284672
protein_0041,protein_0208,0.12380952380952381
protein_0041,protein_0209,0.2413793103448276
protein_0041,protein_0210,0.3793103448275862
protein_0041,protein_0211,0.15384615384615385
protein_0041,protein_0212,0.14772727272727273
protein_0041,protein_0213,0.3793103448275862
protein_0041,protein_0214,0.11494252873563218
protein_0041,protein_0215,0.13829787234042554
protein_0041,protein_0216,0.13861386138613863
protein_0041,protein_0217,0.15053763440860216
protein_0041,protein_0218,0.17142857142857143
protein_0041,protein_0219,0.13445378151260504
protein_0041,protein_0220,0.41379310344827586
protein_0041,protein_0222,0.3181818181818182
protein_0041,protein_0223,0.13793103448275862
protein_0041,protein_0224,0.12643678160919541
protein_0041,protein_0225,0.16483516483516483
protein_0041,protein_0226,0.13402061855670103
protein_0041,protein_0227,0.125
protein_0041,protein_0228,0.21505376344086022
protein_0041,protein_0229,0.11827956989247312
protein_0041,protein_0230,0.2087912087912088
protein_0041,protein_0231,0.39080459770114945
protein_0041,protein_0232,0.16304347826086957
protein_0041,protein_0233,0.09302325581395349
protein_0041,protein_0234,0.15384615384615385
protein_0041,protein_0235,0.14285714285714285
protein_0041,protein_0236,0.2413793103448276
protein_0041,protein_0237,0.2413793103448276
protein_0041,protein_0238,0.1450381679389313
protein_0041,protein_0239,0.3103448275862069
protein_0041,protein_0241,0.3333333333333333
protein_0041,protein_0243,0.27586206896551724
protein_0041,protein_0245,0.1724137931034483
protein_0041,protein_0246,0.18627450980392157
protein_0041,protein_0247,0.2222222222222222
protein_0041,protein_0248,0.3218390804597701
protein_0041,protein_0250,0.18181818181818182
protein_0041,protein_0251,0.14285714285714285
protein_0041,protein_0252,0.21505376344086022
protein_0041,protein_0253,0.1623931623931624
protein_0041,protein_0255,0.09714285714285714
protein_0041,protein_0256,0.1282051282051282
protein_0041,protein_0257,0.1388888888888889
protein_0041,protein_0258,0.2413793103448276
protein_0041,protein_0259,0.16091954022988506
protein_0041,protein_0260,0.16091954022988506
protein_0041,protein_0261,0.17142857142857143
protein_0041,protein_0262,0.16296296296296298
protein_0041,protein_0263,0.1267605633802817
protein_0041,protein_0264,0.4942528735632184
protein_0041,protein_0265,0.4942528735632184
protein_0041,protein_0266,0.20202020202020202
protein_0041,protein_0267,0.16853932584269662
protein_0041,protein_0268,0.1348314606741573
protein_0041,protein_0269,0.13793103448275862
protein_0041,protein_0270,0.19318181818181818
protein_0041,protein_0271,0.1724137931034483
protein_0041,protein_0273,0.2988505747126437
protein_0041,protein_0274,0.23958333333333334
protein_0041,protein_0275,0.18181818181818182
protein_0041,protein_0276,0.45977011494252873
protein_0041,protein_0277,0.1839080459770115
protein_0041,protein_0278,0.2777777777777778
protein_0041,protein_0279,0.28735632183908044
protein_0041,protein_0280,0.28735632183908044
protein_0041,protein_0281,0.12605042016806722
protein_0041,protein_0282,0.1276595744680851
protein_0041,protein_0283,0.10091743119266056
protein_0041,protein_0284,0.3
protein_0041,protein_0285,0.3068181818181818
protein_0041,protein_0286,0.20212765957446807
protein_0041,protein_0287,0.21296296296296297
protein_0041,protein_0288,0.3448275862068966
protein_0041,protein_0289,0.13793103448275862
protein_0041,protein_0291,0.21839080459770116
protein_0041,protein_0292,0.17777777777777778
protein_0041,protein_0293,0.22340425531914893
protein_0041,protein_0294,0.21839080459770116
protein_0041,protein_0295,0.14772727272727273
protein_0041,protein_0297,0.14942528735632185
protein_0041,protein_0299,0.17894736842105263
protein_0041,protein_0300,0.16666666666666666
protein_0041,protein_0301,0.16666666666666666
protein_0041,protein_0302,0.11981566820276497
protein_0041,protein_0303,0.25555555555555554
protein_0041,protein_0305,0.17582417582417584
protein_0041,protein_0306,0.1440677966101695
protein_0041,protein_0307,0.12096774193548387
protein_0041,protein_0308,0.17094017094017094
protein_0041,protein_0309,0.17708333333333334
protein_0041,protein_0311,0.3448275862068966
protein_0041,protein_0312,0.3793103448275862
protein_0041,protein_0313,0.22988505747126436
protein_0041,protein_0314,0.12
protein_0041,protein_0315,0.14166666666666666
protein_0041,protein_0316,0.15730337078651685
protein_0041,protein_0317,0.1322314049586777
protein_0041,protein_0319,0.29545454545454547
protein_0041,protein_0320,0.3333333333333333
protein_0041,protein_0321,0.24444444444444444
protein_0041,protein_0323,0.25287356321839083
protein_0041,protein_0324,0.1368421052631579
protein_0041,protein_0325,0.11940298507462686
protein_0041,protein_0326,0.15730337078651685
protein_0041,protein_0327,0.367816091954023
protein_0041,protein_0328,0.1926605504587156
protein_0041,protein_0329,0.1926605504587156
protein_0041,protein_0330,0.2988505747126437
protein_0041,protein_0332,0.27586206896551724
protein_0041,protein_0333,0.25287356321839083
protein_0041,protein_0334,0.2111111111111111
protein_0041,protein_0335,0.13
protein_0041,protein_0336,0.15053763440860216
protein_0041,protein_0337,0.26436781609195403
protein_0041,protein_0338,0.24468085106382978
protein_0041,protein_0339,0.17045454545454544
protein_0041,protein_0340,0.15454545454545454
protein_0041,protein_0341,0.19607843137254902
protein_0041,protein_0342,0.11494252873563218
protein_0041,protein_0343,0.16
protein_0041,protein_0344,0.42528735632183906
protein_0041,protein_0345,0.11403508771929824
protein_0041,protein_0346,0.11403508771929824
protein_0041,protein_0347,0.17777777777777778
protein_0041,protein_0348,0.13636363636363635
protein_0041,protein_0349,0.11
protein_0041,protein_0350,0.41379310344827586
protein_0041,protein_0351,0.25287356321839083
protein_0041,protein_0352,0.14942528735632185
protein_0041,protein_0353,0.1623931623931624
protein_0041,protein_0354,0.1797752808988764
protein_0041,protein_0355,0.28888888888888886
protein_0041,protein_0356,0.17045454545454544
protein_0041,protein_0357,0.13821138211382114
protein_0041,protein_0358,0.42528735632183906
protein_0041,protein_0359,0.14516129032258066
protein_0041,protein_0360,0.4673913043478261
protein_0041,protein_0361,0.136
protein_0041,protein_0362,0.19791666666666666
protein_0041,protein_0363,0.19791666666666666
protein_0041,protein_0364,0.20833333333333334
protein_0041,protein_0365,0.2127659574468085
protein_0041,protein_0366,0.2127659574468085
protein_0041,protein_0368,0.1836734693877551
protein_0041,protein_0369,0.13793103448275862
protein_0041,protein_0370,0.42528735632183906
protein_0041,protein_0371,0.5730337078651685
protein_0041,protein_0372,0.10550458715596331
protein_0041,protein_0373,0.11403508771929824
protein_0041,protein_0374,0.128
protein_0041,protein_0375,0.5113636363636364
protein_0041,protein_0376,0.18269230769230768
protein_0041,protein_0377,0.3793103448275862
protein_0041,protein_0378,0.1308411214953271
protein_0041,protein_0380,0.20388349514563106
protein_0041,protein_0381,0.20388349514563106
protein_0041,protein_0382,0.2413793103448276
protein_0041,protein_0383,0.14942528735632185
protein_0041,protein_0384,0.3522727272727273
protein_0041,protein_0385,0.16964285714285715
protein_0041,protein_0386,0.13592233009708737
protein_0041,protein_0387,0.12149532710280374
protein_0041,protein_0388,0.1797752808988764
protein_0041,protein_0390,0.27586206896551724
protein_0041,protein_0391,0.23404255319148937
protein_0041,protein_0392,0.3218390804597701
protein_0041,protein_0393,0.3218390804597701
protein_0041,protein_0394,0.13793103448275862
protein_0041,protein_0395,0.2553191489361702
protein_0041,protein_0396,0.1694915254237288
protein_0041,protein_0397,0.37362637362637363
protein_0041,protein_0398,0.11965811965811966
protein_0041,protein_0399,0.39361702127659576
protein_0044,protein_0000,0.2413793103448276
protein_0044,protein_0001,0.1724137931034483
protein_0044,protein_0002,0.2391304347826087
protein_0044,protein_0003,0.2159090909090909
protein_0044,protein_0004,0.25
protein_0044,protein_0005,0.13829787234042554
protein_0044,protein_0006,0.29213483146067415
protein_0044,protein_0007,0.1797752808988764
protein_0044,protein_0008,0.12745098039215685
protein_0044,protein_0009,0.2413793103448276
protein_0044,protein_0010,0.2413793103448276
protein_0044,protein_0011,0.22988505747126436
protein_0044,protein_0013,0.14942528735632185
protein_0044,protein_0014,0.18478260869565216
protein_0044,protein_0015,0.1743119266055046
protein_0044,protein_0016,0.13793103448275862
protein_0044,protein_0017,0.16541353383458646
protein_0044,protein_0018,0.28735632183908044
protein_0044,protein_0019,0.1724137931034483
protein_0044,protein_0020,0.20689655172413793
protein_0044,protein_0021,0.15
protein_0044,protein_0022,0.1485148514851485
protein_0044,protein_0023,0.1588785046728972
protein_0044,protein_0024,0.13333333333333333
protein_0044,protein_0025,0.21839080459770116
protein_0044,protein_0026,0.12403100775193798
protein_0044,protein_0027,0.1485148514851485
protein_0044,protein_0030,0.15
protein_0044,protein_0031,0.1308411214953271
protein_0044,protein_0032,0.20689655172413793
protein_0044,protein_0033,0.27586206896551724
protein_0044,protein_0034,0.28735632183908044
protein_0044,protein_0036,0.17894736842105263
protein_0044,protein_0037,0.26436781609195403
protein_0044,protein_0038,0.26436781609195403
protein_0044,protein_0039,0.26436781609195403
protein_0044,protein_0040,0.14285714285714285
protein_0044,protein_0042,0.6105263157894737
protein_0044,protein_0043,0.8850574712643678
protein_0044,protein_0045,0.28735632183908044
protein_0044,protein_0046,0.19101123595505617
protein_0044,protein_0047,0.28735632183908044
protein_0044,protein_0048,0.27586206896551724
protein_0044,protein_0049,0.3218390804597701
protein_0044,protein_0050,0.10891089108910891
protein_0044,protein_0052,0.22988505747126436
protein_0044,protein_0053,0.27586206896551724
protein_0044,protein_0054,0.15
protein_0044,protein_0055,0.11965811965811966
protein_0044,protein_0056,0.125
protein_0044,protein_0057,0.1839080459770115
protein_0044,protein_0058,0.16666666666666666
protein_0044,protein_0059,0.8505747126436781
protein_0044,protein_0060,0.12871287128712872
protein_0044,protein_0061,0.16666666666666666
protein_0044,protein_0062,0.23863636363636365
protein_0044,protein_0063,0.08450704225352113
protein_0044,protein_0064,0.28735632183908044
protein_0044,protein_0066,0.15447154471544716
protein_0044,protein_0067,0.25287356321839083
protein_0044,protein_0068,0.1724137931034483
protein_0044,protein_0069,0.25287356321839083
protein_0044,protein_0070,0.20689655172413793
protein_0044,protein_0071,0.28735632183908044
protein_0044,protein_0072,0.16091954022988506
protein_0044,protein_0073,0.2413793103448276
protein_0044,protein_0075,0.18269230769230768
protein_0044,protein_0076,0.19318181818181818
protein_0044,protein_0077,0.25842696629213485
protein_0044,protein_0078,0.14423076923076922
protein_0044,protein_0079,0.14423076923076922
protein_0044,protein_0080,0.25287356321839083
protein_0044,protein_0081,0.21839080459770116
protein_0044,protein_0082,0.13333333333333333
protein_0044,protein_0084,0.22988505747126436
protein_0044,protein_0086,0.14166666666666666
protein_0044,protein_0087,0.16091954022988506
protein_0044,protein_0088,0.3181818181818182
protein_0044,protein_0089,0.14655172413793102
protein_0044,protein_0090,0.13793103448275862
protein_0044,protein_0091,0.14754098360655737
protein_0044,protein_0092,0.14754098360655737
protein_0044,protein_0093,0.2413793103448276
protein_0044,protein_0094,0.2033898305084746
protein_0044,protein_0096,0.15
protein_0044,protein_0097,0.20689655172413793
protein_0044,protein_0098,0.22988505747126436
protein_0044,protein_0099,0.12380952380952381
protein_0044,protein_0100,0.18478260869565216
protein_0044,protein_0101,0.2413793103448276
protein_0044,protein_0102,0.28735632183908044
protein_0044,protein_0103,0.3103448275862069
protein_0044,protein_0104,0.13559322033898305
protein_0044,protein_0105,0.11578947368421053
protein_0044,protein_0106,0.16379310344827586
protein_0044,protein_0108,0.29213483146067415
protein_0044,protein_0109,0.13636363636363635
protein_0044,protein_0110,0.2391304347826087
protein_0044,protein_0111,0.20689655172413793
protein_0044,protein_0112,0.16666666666666666
protein_0044,protein_0113,0.21839080459770116
protein_0044,protein_0114,0.19540229885057472
protein_0044,protein_0115,0.2413793103448276
protein_0044,protein_0116,0.12173913043478261
protein_0044,protein_0117,0.12173913043478261
protein_0044,protein_0118,0.15730337078651685
protein_0044,protein_0119,0.11965811965811966
protein_0044,protein_0120,0.3146067415730337
protein_0044,protein_0121,0.3146067415730337
protein_0044,protein_0122,0.28735632183908044
protein_0044,protein_0123,0.17582417582417584
protein_0044,protein_0124,0.3
protein_0044,protein_0125,0.13861386138613863
protein_0044,protein_0126,0.13131313131313133
protein_0044,protein_0128,0.2413793103448276
protein_0044,protein_0129,0.25287356321839083
protein_0044,protein_0130,0.13392857142857142
protein_0044,protein_0131,0.1797752808988764
protein_0044,protein_0132,0.1875
protein_0044,protein_0134,0.25287356321839083
protein_0044,protein_0135,0.2840909090909091
protein_0044,protein_0136,0.18032786885245902
protein_0044,protein_0137,0.12605042016806722
protein_0044,protein_0138,0.12605042016806722
protein_0044,protein_0139,0.1590909090909091
protein_0044,protein_0140,0.2413793103448276
protein_0044,protein_0141,0.26436781609195403
protein_0044,protein_0143,0.22988505747126436
protein_0044,protein_0144,0.2413793103448276
protein_0044,protein_0145,0.1839080459770115
protein_0044,protein_0146,0.20454545454545456
protein_0044,protein_0147,0.25842696629213485
protein_0044,protein_0148,0.25287356321839083
protein_0044,protein_0149,0.17777777777777778
protein_0044,protein_0150,0.28421052631578947
protein_0044,protein_0151,0.18478260869565216
protein_0044,protein_0152,0.14736842105263157
protein_0044,protein_0153,0.22580645161290322
protein_0044,protein_0154,0.19101123595505617
protein_0044,protein_0155,0.184
protein_0044,protein_0156,0.1388888888888889
protein_0044,protein_0157,0.14130434782608695
protein_0044,protein_0158,0.15730337078651685
protein_0044,protein_0160,0.2413793103448276
protein_0044,protein_0161,0.17094017094017094
protein_0044,protein_0162,0.27586206896551724
protein_0044,protein_0163,0.1826086956521739
protein_0044,protein_0164,0.2988505747126437
protein_0044,protein_0165,0.1590909090909091
protein_0044,protein_0166,0.2988505747126437
protein_0044,protein_0167,0.1391304347826087
protein_0044,protein_0168,0.1415929203539823
protein_0044,protein_0169,0.15503875968992248
protein_0044,protein_0171,0.1839080459770115
protein_0044,protein_0172,0.09401709401709402
protein_0044,protein_0173,0.27586206896551724
protein_0044,protein_0174,0.22988505747126436
protein_0044,protein_0175,0.2413793103448276
protein_0044,protein_0176,0.15384615384615385
protein_0044,protein_0177,0.16091954022988506
protein_0044,protein_0179,0.17699115044247787
protein_0044,protein_0180,0.26373626373626374
protein_0044,protein_0181,0.2413793103448276
protein_0044,protein_0182,0.2988505747126437
protein_0044,protein_0183,0.14705882352941177
protein_0044,protein_0185,0.18181818181818182
protein_0044,protein_0187,0.25287356321839083
protein_0044,protein_0188,0.14606741573033707
protein_0044,protein_0189,0.23595505617977527
protein_0044,protein_0190,0.26436781609195403
protein_0044,protein_0191,0.21839080459770116
protein_0044,protein_0192,0.28735632183908044
protein_0044,protein_0193,0.25287356321839083
protein_0044,protein_0194,0.2222222222222222
protein_0044,protein_0195,0.25287356321839083
protein_0044,protein_0196,0.2413793103448276
protein_0044,protein_0197,0.2988505747126437
protein_0044,protein_0198,0.2413793103448276
protein_0044,protein_0199,0.21875
protein_0044,protein_0200,0.24719101123595505
protein_0044,protein_0201,0.175
protein_0044,protein_0202,0.26666666666666666
protein_0044,protein_0203,0.11965811965811966
protein_0044,protein_0204,0.1724137931034483
protein_0044,protein_0205,0.0947867298578199
protein_0044,protein_0207,0.15671641791044777
protein_0044,protein_0208,0.1743119266055046
protein_0044,protein_0209,0.9540229885057471
protein_0044,protein_0210,0.23595505617977527
protein_0044,protein_0211,0.16037735849056603
protein_0044,protein_0212,0.2159090909090909
protein_0044,protein_0213,0.2988505747126437
protein_0044,protein_0214,0.12903225806451613
protein_0044,protein_0215,0.14432989690721648
protein_0044,protein_0216,0.12745098039215685
protein_0044,protein_0217,0.14705882352941177
protein_0044,protein_0218,0.128
protein_0044,protein_0219,0.16806722689075632
protein_0044,protein_0220,0.29545454545454547
protein_0044,protein_0222,0.3333333333333333
protein_0044,protein_0223,0.1839080459770115
protein_0044,protein_0224,0.14444444444444443
protein_0044,protein_0225,0.16666666666666666
protein_0044,protein_0226,0.1702127659574468
protein_0044,protein_0227,0.17045454545454544
protein_0044,protein_0228,0.21505376344086022
protein_0044,protein_0229,0.18085106382978725
protein_0044,protein_0230,0.2087912087912088
protein_0044,protein_0231,0.25287356321839083
protein_0044,protein_0232,0.15730337078651685
protein_0044,protein_0233,0.1484375
protein_0044,protein_0234,0.1262135922330097
protein_0044,protein_0235,0.1590909090909091
protein_0044,protein_0236,0.25287356321839083
protein_0044,protein_0237,0.25287356321839083
protein_0044,protein_0238,0.11194029850746269
protein_0044,protein_0239,0.3068181818181818
protein_0044,protein_0241,0.25842696629213485
protein_0044,protein_0243,0.22988505747126436
protein_0044,protein_0245,0.1826086956521739
protein_0044,protein_0246,0.21
protein_0044,protein_0247,0.1839080459770115
protein_0044,protein_0248,0.20224719101123595
protein_0044,protein_0250,0.16666666666666666
protein_0044,protein_0251,0.18085106382978725
protein_0044,protein_0252,0.1595744680851064
protein_0044,protein_0253,0.11382113821138211
protein_0044,protein_0255,0.10526315789473684
protein_0044,protein_0256,0.16666666666666666
protein_0044,protein_0257,0.18518518518518517
protein_0044,protein_0258,0.28735632183908044
protein_0044,protein_0259,0.18888888888888888
protein_0044,protein_0260,0.18888888888888888
protein_0044,protein_0261,0.14285714285714285
protein_0044,protein_0262,0.13793103448275862
protein_0044,protein_0263,0.13138686131386862
protein_0044,protein_0264,0.1839080459770115
protein_0044,protein_0265,0.1839080459770115
protein_0044,protein_0266,0.14583333333333334
protein_0044,protein_0267,0.1724137931034483
protein_0044,protein_0268,0.14893617021276595
protein_0044,protein_0269,0.19658119658119658
protein_0044,protein_0270,0.1590909090909091
protein_0044,protein_0271,0.14942528735632185
protein_0044,protein_0273,0.28735632183908044
protein_0044,protein_0274,0.2222222222222222
protein_0044,protein_0275,0.16666666666666666
protein_0044,protein_0276,0.26436781609195403
protein_0044,protein_0277,0.16091954022988506
protein_0044,protein_0278,0.24444444444444444
protein_0044,protein_0279,0.2413793103448276
protein_0044,protein_0280,0.20689655172413793
protein_0044,protein_0281,0.11965811965811966
protein_0044,protein_0282,0.13829787234042554
protein_0044,protein_0283,0.09174311926605505
protein_0044,protein_0284,0.26436781609195403
protein_0044,protein_0285,0.2413793103448276
protein_0044,protein_0286,0.13793103448275862
protein_0044,protein_0287,0.19444444444444445
protein_0044,protein_0288,0.2857142857142857
protein_0044,protein_0289,0.12903225806451613
protein_0044,protein_0291,0.19540229885057472
protein_0044,protein_0292,0.15217391304347827
protein_0044,protein_0293,0.17777777777777778
protein_0044,protein_0294,0.19540229885057472
protein_0044,protein_0295,0.17045454545454544
protein_0044,protein_0297,0.14942528735632185
protein_0044,protein_0299,0.20618556701030927
protein_0044,protein_0300,0.21
protein_0044,protein_0301,0.21
protein_0044,protein_0302,0.10091743119266056
protein_0044,protein_0303,0.23595505617977527
protein_0044,protein_0305,0.17142857142857143
protein_0044,protein_0306,0.1282051282051282
protein_0044,protein_0307,0.15217391304347827
protein_0044,protein_0308,0.109375
protein_0044,protein_0309,0.1919191919191919
protein_0044,protein_0311,0.22988505747126436
protein_0044,protein_0312,0.25287356321839083
protein_0044,protein_0313,0.22988505747126436
protein_0044,protein_0314,0.1322314049586777
protein_0044,protein_0315,0.16535433070866143
protein_0044,protein_0316,0.14285714285714285
protein_0044,protein_0317,0.1346153846153846
protein_0044,protein_0319,0.26436781609195403
protein_0044,protein_0320,0.25287356321839083
protein_0044,protein_0321,0.20652173913043478
protein_0044,protein_0323,0.5057471264367817
protein_0044,protein_0324,0.14942528735632185
protein_0044,protein_0325,0.18584070796460178
protein_0044,protein_0326,0.13978494623655913
protein_0044,protein_0327,0.26136363636363635
protein_0044,protein_0328,0.14678899082568808
protein_0044,protein_0329,0.14678899082568808
protein_0044,protein_0330,0.22988505747126436
protein_0044,protein_0332,0.20689655172413793
protein_0044,protein_0333,0.21839080459770116
protein_0044,protein_0334,0.1836734693877551
protein_0044,protein_0335,0.15126050420168066
protein_0044,protein_0336,0.12643678160919541
protein_0044,protein_0337,0.25
protein_0044,protein_0338,0.25555555555555554
protein_0044,protein_0339,0.17777777777777778
protein_0044,protein_0340,0.13333333333333333
protein_0044,protein_0341,0.24761904761904763
protein_0044,protein_0342,0.16091954022988506
protein_0044,protein_0343,0.14893617021276595
protein_0044,protein_0344,0.26666666666666666
protein_0044,protein_0345,0.15517241379310345
protein_0044,protein_0346,0.15517241379310345
protein_0044,protein_0347,0.14942528735632185
protein_0044,protein_0348,0.15328467153284672
protein_0044,protein_0349,0.14166666666666666
protein_0044,protein_0350,0.26136363636363635
protein_0044,protein_0351,0.27586206896551724
protein_0044,protein_0352,0.16129032258064516
protein_0044,protein_0353,0.1810344827586207
protein_0044,protein_0354,0.21052631578947367
protein_0044,protein_0355,0.22988505747126436
protein_0044,protein_0356,0.13186813186813187
protein_0044,protein_0357,0.13934426229508196
protein_0044,protein_0358,0.2413793103448276
protein_0044,protein_0359,0.10569105691056911
protein_0044,protein_0360,0.1839080459770115
protein_0044,protein_0361,0.14166666666666666
protein_0044,protein_0362,0.26436781609195403
protein_0044,protein_0363,0.26436781609195403
protein_0044,protein_0364,0.2413793103448276
protein_0044,protein_0365,0.21875
protein_0044,protein_0366,0.23958333333333334
protein_0044,protein_0368,0.13636363636363635
protein_0044,protein_0369,0.16304347826086957
protein_0044,protein_0370,0.26666666666666666
protein_0044,protein_0371,0.23863636363636365
protein_0044,protein_0372,0.0990990990990991
protein_0044,protein_0373,0.14423076923076922
protein_0044,protein_0374,0.10256410256410256
protein_0044,protein_0375,0.25806451612903225
protein_0044,protein_0376,0.14018691588785046
protein_0044,protein_0377,0.26436781609195403
protein_0044,protein_0378,0.18691588785046728
protein_0044,protein_0380,0.1935483870967742
protein_0044,protein_0381,0.1935483870967742
protein_0044,protein_0382,0.2413793103448276
protein_0044,protein_0383,0.19318181818181818
protein_0044,protein_0384,0.22988505747126436
protein_0044,protein_0385,0.14678899082568808
protein_0044,protein_0386,0.14285714285714285
protein_0044,protein_0387,0.17525773195876287
protein_0044,protein_0388,0.15730337078651685
protein_0044,protein_0390,0.22988505747126436
protein_0044,protein_0391,0.17777777777777778
protein_0044,protein_0392,0.22988505747126436
protein_0044,protein_0393,0.22988505747126436
protein_0044,protein_0394,0.14035087719298245
protein_0044,protein_0395,0.18556701030927836
protein_0044,protein_0396,0.1565217391304348
protein_0044,protein_0397,0.28735632183908044
protein_0044,protein_0398,0.12931034482758622
protein_0044,protein_0399,0.2727272727272727
protein_0051,protein_0000,0.1724137931034483
protein_0051,protein_0001,0.2608451766213701
protein_0051,protein_0002,0.16666666666666666
protein_0051,protein_0003,0.16853932584269662
protein_0051,protein_0004,0.13636363636363635
protein_0051,protein_0005,0.14285714285714285
protein_0051,protein_0006,0.17045454545454544
protein_0051,protein_0007,0.32465909262002046
protein_0051,protein_0008,0.1717171717171717
protein_0051,protein_0009,0.1839080459770115
protein_0051,protein_0010,0.15384615384615385
protein_0051,protein_0011,0.20454545454545456
protein_0051,protein_0013,0.19444444444444445
protein_0051,protein_0014,0.1570586917562724
protein_0051,protein_0015,0.1568627450980392
protein_0051,protein_0016,0.15841584158415842
protein_0051,protein_0017,0.1297709923664122
protein_0051,protein_0018,0.16304347826086957
protein_0051,protein_0019,0.26683232618357866
protein_0051,protein_0020,0.13953488372093023
protein_0051,protein_0021,0.1927710843373494
protein_0051,protein_0022,0.14702502553626148
protein_0051,protein_0023,0.17761857707509882
protein_0051,protein_0024,0.1440677966101695
protein_0051,protein_0025,0.14772727272727273
protein_0051,protein_0026,0.13953488372093023
protein_0051,protein_0027,0.171759941089838
protein_0051,protein_0030,0.12605042016806722
protein_0051,protein_0031,0.15
protein_0051,protein_0032,0.19318181818181818
protein_0051,protein_0033,0.18181818181818182
protein_0051,protein_0034,0.17204301075268819
protein_0051,protein_0036,0.37804794349605675
protein_0051,protein_0037,0.15396825396825398
protein_0051,protein_0038,0.15396825396825398
protein_0051,protein_0039,0.19318181818181818
protein_0051,protein_0040,0.18571428571428572
protein_0051,protein_0042,0.18181818181818182
protein_0051,protein_0043,0.1590909090909091
protein_0051,protein_0045,0.1590909090909091
protein_0051,protein_0046,0.33358820921296367
protein_0051,protein_0047,0.19101123595505617
protein_0051,protein_0048,0.19101123595505617
protein_0051,protein_0049,0.16666666666666666
protein_0051,protein_0050,0.16
protein_0051,protein_0052,0.1935483870967742
protein_0051,protein_0053,0.17045454545454544
protein_0051,protein_0054,0.14166666666666666
protein_0051,protein_0055,0.13675213675213677
protein_0051,protein_0056,0.16016030174446017
protein_0051,protein_0057,0.3229349384437963
protein_0051,protein_0058,0.2028985507246377
protein_0051,protein_0059,0.14772727272727273
protein_0051,protein_0060,0.14391487692458566
protein_0051,protein_0061,0.20224719101123595
protein_0051,protein_0062,0.1839080459770115
protein_0051,protein_0063,0.10328638497652583
protein_0051,protein_0064,0.12643678160919541
protein_0051,protein_0066,0.1782178217821782
protein_0051,protein_0067,0.1724137931034483
protein_0051,protein_0068,0.1724137931034483
protein_0051,protein_0069,0.16091954022988506
protein_0051,protein_0070,0.16091954022988506
protein_0051,protein_0071,0.20454545454545456
protein_0051,protein_0072,0.3280611724299016
protein_0051,protein_0073,0.1590909090909091
protein_0051,protein_0075,0.14216494845360825
protein_0051,protein_0076,0.20987654320987653
protein_0051,protein_0077,0.19540229885057472
protein_0051,protein_0078,0.14423076923076922
protein_0051,protein_0079,0.14423076923076922
protein_0051,protein_0080,0.13793103448275862
protein_0051,protein_0081,0.12643678160919541
protein_0051,protein_0082,0.15
protein_0051,protein_0084,0.14950429610046267
protein_0051,protein_0086,0.16
protein_0051,protein_0087,0.35892973173674925
protein_0051,protein_0088,0.15217391304347827
protein_0051,protein_0089,0.12490118577075099
protein_0051,protein_0090,0.12295839753466872
protein_0051,protein_0091,0.1592920353982301
protein_0051,protein_0092,0.1592920353982301
protein_0051,protein_0093,0.1686746987951807
protein_0051,protein_0094,0.14655172413793102
protein_0051,protein_0096,0.16161616161616163
protein_0051,protein_0097,0.19767441860465115
protein_0051,protein_0098,0.15730337078651685
protein_0051,protein_0099,0.1435226046876532
protein_0051,protein_0100,0.274393090385372
protein_0051,protein_0101,0.16091954022988506
protein_0051,protein_0102,0.14606741573033707
protein_0051,protein_0103,0.20224719101123595
protein_0051,protein_0104,0.12605042016806722
protein_0051,protein_0105,0.16923076923076924
protein_0051,protein_0106,0.14584256387535077
protein_0051,protein_0108,0.18518518518518517
protein_0051,protein_0109,0.28135889779677264
protein_0051,protein_0110,0.18604651162790697
protein_0051,protein_0111,0.15730337078651685
protein_0051,protein_0112,0.14705882352941177
protein_0051,protein_0113,0.15053763440860216
protein_0051,protein_0114,0.19318181818181818
protein_0051,protein_0115,0.17045454545454544
protein_0051,protein_0116,0.14169278996865203
protein_0051,protein_0117,0.14169278996865203
protein_0051,protein_0118,0.3306004791853848
protein_0051,protein_0119,0.17
protein_0051,protein_0120,0.1797752808988764
protein_0051,protein_0121,0.1797752808988764
protein_0051,protein_0122,0.1547943711137777
protein_0051,protein_0123,0.3602580503426307
protein_0051,protein_0124,0.14772727272727273
protein_0051,protein_0125,0.1650485436893204
protein_0051,protein_0126,0.16161616161616163
protein_0051,protein_0128,0.17045454545454544
protein_0051,protein_0129,0.17582417582417584
protein_0051,protein_0130,0.12796709753231494
protein_0051,protein_0131,0.19553429027113237
protein_0051,protein_0132,0.14150943396226415
protein_0051,protein_0134,0.16279069767441862
protein_0051,protein_0135,0.16666666666666666
protein_0051,protein_0136,0.16379310344827586
protein_0051,protein_0137,0.13675213675213677
protein_0051,protein_0138,0.13675213675213677
protein_0051,protein_0139,0.30394751619615074
protein_0051,protein_0140,0.14942528735632185
protein_0051,protein_0141,0.14584710288609826
protein_0051,protein_0143,0.19318181818181818
protein_0051,protein_0144,0.14772727272727273
protein_0051,protein_0145,0.33783736378563967
protein_0051,protein_0146,0.18309859154929578
protein_0051,protein_0147,0.16091954022988506
protein_0051,protein_0148,0.1724137931034483
protein_0051,protein_0149,0.403928720134398
protein_0051,protein_0150,0.16279069767441862
protein_0051,protein_0151,0.2
protein_0051,protein_0152,0.3126862780757167
protein_0051,protein_0153,0.17315297426987672
protein_0051,protein_0154,0.15688632355299023
protein_0051,protein_0155,0.1282051282051282
protein_0051,protein_0156,0.1308411214953271
protein_0051,protein_0157,0.16666666666666666
protein_0051,protein_0158,0.3528720428145715
protein_0051,protein_0160,0.14606741573033707
protein_0051,protein_0161,0.1440677966101695
protein_0051,protein_0162,0.14814814814814814
protein_0051,protein_0163,0.18
protein_0051,protein_0164,0.16304347826086957
protein_0051,protein_0165,0.37749575721273837
protein_0051,protein_0166,0.18181818181818182
protein_0051,protein_0167,0.13740232935279373
protein_0051,protein_0168,0.13740232935279373
protein_0051,protein_0169,0.13793103448275862
protein_0051,protein_0171,0.1724137931034483
protein_0051,protein_0172,0.11965811965811966
protein_0051,protein_0173,0.15217391304347827
protein_0051,protein_0174,0.14444444444444443
protein_0051,protein_0175,0.14444444444444443
protein_0051,protein_0176,0.3282991264748164
protein_0051,protein_0177,0.38341606549567486
protein_0051,protein_0179,0.1504424778761062
protein_0051,protein_0180,0.14444444444444443
protein_0051,protein_0181,0.17582417582417584
protein_0051,protein_0182,0.14772727272727273
protein_0051,protein_0183,0.17647058823529413
protein_0051,protein_0185,0.17777777777777778
protein_0051,protein_0187,0.15555555555555556
protein_0051,protein_0188,0.29209590966081433
protein_0051,protein_0189,0.18085106382978725
protein_0051,protein_0190,0.17045454545454544
protein_0051,protein_0191,0.14942528735632185
protein_0051,protein_0192,0.14285714285714285
protein_0051,protein_0193,0.1724137931034483
protein_0051,protein_0194,0.15730337078651685
protein_0051,protein_0195,0.14942528735632185
protein_0051,protein_0196,0.14942528735632185
protein_0051,protein_0197,0.16279069767441862
protein_0051,protein_0198,0.13636363636363635
protein_0051,protein_0199,0.19791666666666666
protein_0051,protein_0200,0.1839080459770115
protein_0051,protein_0201,0.18
protein_0051,protein_0202,0.18888888888888888
protein_0051,protein_0203,0.13675213675213677
protein_0051,protein_0204,0.3615608378312553
protein_0051,protein_0205,0.08530805687203792
protein_0051,protein_0207,0.1271186440677966
protein_0051,protein_0208,0.13076724804536471
protein_0051,protein_0209,0.18888888888888888
protein_0051,protein_0210,0.16279069767441862
protein_0051,protein_0211,0.15340340340340342
protein_0051,protein_0212,0.18309859154929578
protein_0051,protein_0213,0.14942528735632185
protein_0051,protein_0214,0.21176470588235294
protein_0051,protein_0215,0.20588235294117646
protein_0051,protein_0216,0.1875
protein_0051,protein_0217,0.15476190476190477
protein_0051,protein_0218,0.152
protein_0051,protein_0219,0.15702479338842976
protein_0051,protein_0220,0.12643678160919541
protein_0051,protein_0222,0.16279069767441862
protein_0051,protein_0223,0.22857142857142856
protein_0051,protein_0224,0.23192848020434226
protein_0051,protein_0225,0.17073170731707318
protein_0051,protein_0226,0.1702127659574468
protein_0051,protein_0227,0.208955223880597
protein_0051,protein_0228,0.1382783882783883
protein_0051,protein_0229,0.15853658536585366
protein_0051,protein_0230,0.17582417582417584
protein_0051,protein_0231,0.19540229885057472
protein_0051,protein_0232,0.3755422599762222
protein_0051,protein_0233,0.14173228346456693
protein_0051,protein_0234,0.16037735849056603
protein_0051,protein_0235,0.14442354445734537
protein_0051,protein_0236,0.14445880206749773
protein_0051,protein_0237,0.14445880206749773
protein_0051,protein_0238,0.1450381679389313
protein_0051,protein_0239,0.12643678160919541
protein_0051,protein_0241,0.13793103448275862
protein_0051,protein_0243,0.14942528735632185
protein_0051,protein_0245,0.11959586466165413
protein_0051,protein_0246,0.1875
protein_0051,protein_0247,0.15739844661157845
protein_0051,protein_0248,0.18478260869565216
protein_0051,protein_0250,0.14001873160289002
protein_0051,protein_0251,0.19101123595505617
protein_0051,protein_0252,0.17647058823529413
protein_0051,protein_0253,0.1415929203539823
protein_0051,protein_0255,0.1111111111111111
protein_0051,protein_0256,0.1553398058252427
protein_0051,protein_0257,0.1414141414141414
protein_0051,protein_0258,0.17777777777777778
protein_0051,protein_0259,0.3182615939902431
protein_0051,protein_0260,0.3182615939902431
protein_0051,protein_0261,0.15
protein_0051,protein_0262,0.14074074074074075
protein_0051,protein_0263,0.1366906474820144
protein_0051,protein_0264,0.16091954022988506
protein_0051,protein_0265,0.16091954022988506
protein_0051,protein_0266,0.15123339658444024
protein_0051,protein_0267,0.1839080459770115
protein_0051,protein_0268,0.14634146341463414
protein_0051,protein_0269,0.14655172413793102
protein_0051,protein_0270,0.2191780821917808
protein_0051,protein_0271,0.35221886116485984
protein_0051,protein_0273,0.13875684240852781
protein_0051,protein_0274,0.2111111111111111
protein_0051,protein_0275,0.17307692307692307
protein_0051,protein_0276,0.15730337078651685
protein_0051,protein_0277,0.3565272783277997
protein_0051,protein_0278,0.15555555555555556
protein_0051,protein_0279,0.16470588235294117
protein_0051,protein_0280,0.16049382716049382
protein_0051,protein_0281,0.11607142857142858
protein_0051,protein_0282,0.16666666666666666
protein_0051,protein_0283,0.1050228310502283
protein_0051,protein_0284,0.16566231447383106
protein_0051,protein_0285,0.1724137931034483
protein_0051,protein_0286,0.32099965186383694
protein_0051,protein_0287,0.14953271028037382
protein_0051,protein_0288,0.15555555555555556
protein_0051,protein_0289,0.18102564102564103
protein_0051,protein_0291,0.145750452079566
protein_0051,protein_0292,0.28074407508834864
protein_0051,protein_0293,0.21348314606741572
protein_0051,protein_0294,0.145750452079566
protein_0051,protein_0295,0.31456987332341707
protein_0051,protein_0297,0.3427598310641003
protein_0051,protein_0299,0.1686950642325896
protein_0051,protein_0300,0.17565068980230408
protein_0051,protein_0301,0.16860955056179774
protein_0051,protein_0302,0.10138248847926268
protein_0051,protein_0303,0.21794871794871795
protein_0051,protein_0305,0.14862747050567127
protein_0051,protein_0306,0.13675213675213677
protein_0051,protein_0307,0.13559322033898305
protein_0051,protein_0308,0.14782608695652175
protein_0051,protein_0309,0.1644518272425249
protein_0051,protein_0311,0.13333333333333333
protein_0051,protein_0312,0.21839080459770116
protein_0051,protein_0313,0.11997126436781609
protein_0051,protein_0314,0.19
protein_0051,protein_0315,0.1592920353982301
protein_0051,protein_0316,0.37820091424515623
protein_0051,protein_0317,0.1782178217821782
protein_0051,protein_0319,0.14942528735632185
protein_0051,protein_0320,0.1724137931034483
protein_0051,protein_0321,0.17045454545454544
protein_0051,protein_0323,0.19540229885057472
protein_0051,protein_0324,0.19444444444444445
protein_0051,protein_0325,0.13981315127560187
protein_0051,protein_0326,0.1875
protein_0051,protein_0327,0.1590909090909091
protein_0051,protein_0328,0.14814814814814814
protein_0051,protein_0329,0.14814814814814814
protein_0051,protein_0330,0.1590909090909091
protein_0051,protein_0332,0.15416806160026783
protein_0051,protein_0333,0.14750661959399824
protein_0051,protein_0334,0.17045454545454544
protein_0051,protein_0335,0.17
protein_0051,protein_0336,0.3754496446949277
protein_0051,protein_0337,0.14277389277389277
protein_0051,protein_0338,0.16666666666666666
protein_0051,protein_0339,0.3032927690026526
protein_0051,protein_0340,0.20192307692307693
protein_0051,protein_0341,0.16822429906542055
protein_0051,protein_0342,0.2028985507246377
protein_0051,protein_0343,0.17087912087912088
protein_0051,protein_0344,0.16853932584269662
protein_0051,protein_0345,0.18601190476190477
protein_0051,protein_0346,0.18601190476190477
protein_0051,protein_0347,0.29994883948747997
protein_0051,protein_0348,0.1391304347826087
protein_0051,protein_0349,0.19801980198019803
protein_0051,protein_0350,0.16091954022988506
protein_0051,protein_0351,0.16091954022988506
protein_0051,protein_0352,0.3664291537719211
protein_0051,protein_0353,0.14189723320158104
protein_0051,protein_0354,0.2111111111111111
protein_0051,protein_0355,0.1524482109227872
protein_0051,protein_0356,0.36643214531683155
protein_0051,protein_0357,0.136
protein_0051,protein_0358,0.1724137931034483
protein_0051,protein_0359,0.13934426229508196
protein_0051,protein_0360,0.16483516483516483
protein_0051,protein_0361,0.14166666666666666
protein_0051,protein_0362,0.14606741573033707
protein_0051,protein_0363,0.14606741573033707
protein_0051,protein_0364,0.15730337078651685
protein_0051,protein_0365,0.18823529411764706
protein_0051,protein_0366,0.17647058823529413
protein_0051,protein_0368,0.1839080459770115
protein_0051,protein_0369,0.1875
protein_0051,protein_0370,0.16853932584269662
protein_0051,protein_0371,0.1511627906976744
protein_0051,protein_0372,0.0963302752293578
protein_0051,protein_0373,0.15
protein_0051,protein_0374,0.1452991452991453
protein_0051,protein_0375,0.19540229885057472
protein_0051,protein_0376,0.18181818181818182
protein_0051,protein_0377,0.13793103448275862
protein_0051,protein_0378,0.1415929203539823
protein_0051,protein_0380,0.1390923422769923
protein_0051,protein_0381,0.1390923422769923
protein_0051,protein_0382,0.1354700854700855
protein_0051,protein_0383,0.33721355513808343
protein_0051,protein_0384,0.15789473684210525
protein_0051,protein_0385,0.15151515151515152
protein_0051,protein_0386,0.16666666666666666
protein_0051,protein_0387,0.16666666666666666
protein_0051,protein_0388,0.3945888775384381
protein_0051,protein_0390,0.16091954022988506
protein_0051,protein_0391,0.15555555555555556
protein_0051,protein_0392,0.15384615384615385
protein_0051,protein_0393,0.14942528735632185
protein_0051,protein_0394,0.15517241379310345
protein_0051,protein_0395,0.19101123595505617
protein_0051,protein_0396,0.15
protein_0051,protein_0397,0.1566265060240964
protein_0051,protein_0398,0.13417842621382445
protein_0051,protein_0399,0.16483516483516483
protein_0065,protein_0000,0.2169811320754717
protein_0065,protein_0001,0.15
protein_0065,protein_0002,0.2
protein_0065,protein_0003,0.16831683168316833
protein_0065,protein_0004,0.1346153846153846
protein_0065,protein_0005,0.17
protein_0065,protein_0006,0.2079207920792079
protein_0065,protein_0007,0.15151515151515152
protein_0065,protein_0008,0.5555555555555556
protein_0065,protein_0009,0.20192307692307693
protein_0065,protein_0010,0.21359223300970873
protein_0065,protein_0011,0.19607843137254902
protein_0065,protein_0013,0.14953271028037382
protein_0065,protein_0014,0.26732673267326734
protein_0065,protein_0015,0.23232323232323232
protein_0065,protein_0016,0.5353535353535354
protein_0065,protein_0017,0.15503875968992248
protein_0065,protein_0018,0.16831683168316833
protein_0065,protein_0019,0.1485148514851485
protein_0065,protein_0020,0.12380952380952381
protein_0065,protein_0021,0.1941747572815534
protein_0065,protein_0022,0.15384615384615385
protein_0065,protein_0023,0.15384615384615385
protein_0065,protein_0024,0.15441176470588236
protein_0065,protein_0025,0.12380952380952381
protein_0065,protein_0026,0.16030534351145037
protein_0065,protein_0027,0.12844036697247707
protein_0065,protein_0030,0.16279069767441862
protein_0065,protein_0031,0.375
protein_0065,protein_0032,0.14705882352941177
protein_0065,protein_0033,0.1320754716981132
protein_0065,protein_0034,0.14705882352941177
protein_0065,protein_0036,0.1717171717171717
protein_0065,protein_0037,0.1826086956521739
protein_0065,protein_0038,0.1826086956521739
protein_0065,protein_0039,0.19230769230769232
protein_0065,protein_0040,0.1650485436893204
protein_0065,protein_0042,0.1
protein_0065,protein_0043,0.1188118811881188
protein_0065,protein_0045,0.17142857142857143
protein_0065,protein_0046,0.18181818181818182
protein_0065,protein_0047,0.13861386138613863
protein_0065,protein_0048,0.16
protein_0065,protein_0049,0.1414141414141414
protein_0065,protein_0050,0.47474747474747475
protein_0065,protein_0052,0.17142857142857143
protein_0065,protein_0053,0.14563106796116504
protein_0065,protein_0054,0.11965811965811966
protein_0065,protein_0055,0.12396694214876033
protein_0065,protein_0056,0.1746031746031746
protein_0065,protein_0057,0.15151515151515152
protein_0065,protein_0058,0.13592233009708737
protein_0065,protein_0059,0.17475728155339806
protein_0065,protein_0060,0.175
protein_0065,protein_0061,0.1891891891891892
protein_0065,protein_0062,0.1568627450980392
protein_0065,protein_0063,0.12558139534883722
protein_0065,protein_0064,0.20952380952380953
protein_0065,protein_0066,0.152
protein_0065,protein_0067,0.18446601941747573
protein_0065,protein_0068,0.1651376146788991
protein_0065,protein_0069,0.1414141414141414
protein_0065,protein_0070,0.19607843137254902
protein_0065,protein_0071,0.1320754716981132
protein_0065,protein_0072,0.1717171717171717
protein_0065,protein_0073,0.11538461538461539
protein_0065,protein_0075,0.13636363636363635
protein_0065,protein_0076,0.14
protein_0065,protein_0077,0.19047619047619047
protein_0065,protein_0078,0.19827586206896552
protein_0065,protein_0079,0.19827586206896552
protein_0065,protein_0080,0.14285714285714285
protein_0065,protein_0081,0.14285714285714285
protein_0065,protein_0082,0.125
protein_0065,protein_0084,0.21
protein_0065,protein_0086,0.11538461538461539
protein_0065,protein_0087,0.1717171717171717
protein_0065,protein_0088,0.17647058823529413
protein_0065,protein_0089,0.20930232558139536
protein_0065,protein_0090,0.21705426356589147
protein_0065,protein_0091,0.15833333333333333
protein_0065,protein_0092,0.15833333333333333
protein_0065,protein_0093,0.18446601941747573
protein_0065,protein_0094,0.1349206349206349
protein_0065,protein_0096,0.23232323232323232
protein_0065,protein_0097,0.20388349514563106
protein_0065,protein_0098,0.16
protein_0065,protein_0099,0.16666666666666666
protein_0065,protein_0100,0.16161616161616163
protein_0065,protein_0101,0.10576923076923077
protein_0065,protein_0102,0.19607843137254902
protein_0065,protein_0103,0.21296296296296297
protein_0065,protein_0104,0.18548387096774194
protein_0065,protein_0105,0.14
protein_0065,protein_0106,0.17829457364341086
protein_0065,protein_0108,0.1559633027522936
protein_0065,protein_0109,0.12871287128712872
protein_0065,protein_0110,0.1523809523809524
protein_0065,protein_0111,0.1485148514851485
protein_0065,protein_0112,0.125
protein_0065,protein_0113,0.18181818181818182
protein_0065,protein_0114,0.17142857142857143
protein_0065,protein_0115,0.16831683168316833
protein_0065,protein_0116,0.18548387096774194
protein_0065,protein_0117,0.18548387096774194
protein_0065,protein_0118,0.18181818181818182
protein_0065,protein_0119,0.15833333333333333
protein_0065,protein_0120,0.18181818181818182
protein_0065,protein_0121,0.18181818181818182
protein_0065,protein_0122,0.18421052631578946
protein_0065,protein_0123,0.1414141414141414
protein_0065,protein_0124,0.18181818181818182
protein_0065,protein_0125,0.6262626262626263
protein_0065,protein_0126,0.5353535353535354
protein_0065,protein_0128,0.16822429906542055
protein_0065,protein_0129,0.21153846153846154
protein_0065,protein_0130,0.23255813953488372
protein_0065,protein_0131,0.13131313131313133
protein_0065,protein_0132,0.17272727272727273
protein_0065,protein_0134,0.1485148514851485
protein_0065,protein_0135,0.12871287128712872
protein_0065,protein_0136,0.13821138211382114
protein_0065,protein_0137,0.1323529411764706
protein_0065,protein_0138,0.1323529411764706
protein_0065,protein_0139,0.18
protein_0065,protein_0140,0.23300970873786409
protein_0065,protein_0141,0.18018018018018017
protein_0065,protein_0143,0.14018691588785046
protein_0065,protein_0144,0.16379310344827586
protein_0065,protein_0145,0.15841584158415842
protein_0065,protein_0146,0.1111111111111111
protein_0065,protein_0147,0.1414141414141414
protein_0065,protein_0148,0.17307692307692307
protein_0065,protein_0149,0.15151515151515152
protein_0065,protein_0150,0.19801980198019803
protein_0065,protein_0151,0.14285714285714285
protein_0065,protein_0152,0.16161616161616163
protein_0065,protein_0153,0.1941747572815534
protein_0065,protein_0154,0.17475728155339806
protein_0065,protein_0155,0.14285714285714285
protein_0065,protein_0156,0.14782608695652175
protein_0065,protein_0157,0.15
protein_0065,protein_0158,0.1414141414141414
protein_0065,protein_0160,0.17307692307692307
protein_0065,protein_0161,0.14615384615384616
protein_0065,protein_0162,0.13
protein_0065,protein_0163,0.09090909090909091
protein_0065,protein_0164,0.14423076923076922
protein_0065,protein_0165,0.15841584158415842
protein_0065,protein_0166,0.11764705882352941
protein_0065,protein_0167,0.1875
protein_0065,protein_0168,0.1875
protein_0065,protein_0169,0.1223021582733813
protein_0065,protein_0171,0.14705882352941177
protein_0065,protein_0172,0.16911764705882354
protein_0065,protein_0173,0.18867924528301888
protein_0065,protein_0174,0.18867924528301888
protein_0065,protein_0175,0.18095238095238095
protein_0065,protein_0176,0.13131313131313133
protein_0065,protein_0177,0.14563106796116504
protein_0065,protein_0179,0.11538461538461539
protein_0065,protein_0180,0.18095238095238095
protein_0065,protein_0181,0.18446601941747573
protein_0065,protein_0182,0.1568627450980392
protein_0065,protein_0183,0.2222222222222222
protein_0065,protein_0185,0.13592233009708737
protein_0065,protein_0187,0.19047619047619047
protein_0065,protein_0188,0.14
protein_0065,protein_0189,0.1568627450980392
protein_0065,protein_0190,0.21
protein_0065,protein_0191,0.1619047619047619
protein_0065,protein_0192,0.1485148514851485
protein_0065,protein_0193,0.18691588785046728
protein_0065,protein_0194,0.21
protein_0065,protein_0195,0.1346153846153846
protein_0065,protein_0196,0.14705882352941177
protein_0065,protein_0197,0.1414141414141414
protein_0065,protein_0198,0.1346153846153846
protein_0065,protein_0199,0.16
protein_0065,protein_0200,0.11538461538461539
protein_0065,protein_0201,0.08256880733944955
protein_0065,protein_0202,0.2
protein_0065,protein_0203,0.15447154471544716
protein_0065,protein_0204,0.16161616161616163
protein_0065,protein_0205,0.12442396313364056
protein_0065,protein_0207,0.14615384615384616
protein_0065,protein_0208,0.11504424778761062
protein_0065,protein_0209,0.14705882352941177
protein_0065,protein_0210,0.2222222222222222
protein_0065,protein_0211,0.17142857142857143
protein_0065,protein_0212,0.16161616161616163
protein_0065,protein_0213,0.14563106796116504
protein_0065,protein_0214,0.12871287128712872
protein_0065,protein_0215,0.13592233009708737
protein_0065,protein_0216,0.1619047619047619
protein_0065,protein_0217,0.18867924528301888
protein_0065,protein_0218,0.14893617021276595
protein_0065,protein_0219,0.13636363636363635
protein_0065,protein_0220,0.15841584158415842
protein_0065,protein_0222,0.1568627450980392
protein_0065,protein_0223,0.09090909090909091
protein_0065,protein_0224,0.18181818181818182
protein_0065,protein_0225,0.13131313131313133
protein_0065,protein_0226,0.16
protein_0065,protein_0227,0.12612612612612611
protein_0065,protein_0228,0.17757009345794392
protein_0065,protein_0229,0.16666666666666666
protein_0065,protein_0230,0.1388888888888889
protein_0065,protein_0231,0.19607843137254902
protein_0065,protein_0232,0.16161616161616163
protein_0065,protein_0233,0.16058394160583941
protein_0065,protein_0234,0.5247524752475248
protein_0065,protein_0235,0.15151515151515152
protein_0065,protein_0236,0.20588235294117646
protein_0065,protein_0237,0.20588235294117646
protein_0065,protein_0238,0.11278195488721804
protein_0065,protein_0239,0.16964285714285715
protein_0065,protein_0241,0.16037735849056603
protein_0065,protein_0243,0.17391304347826086
protein_0065,protein_0245,0.13636363636363635
protein_0065,protein_0246,0.6262626262626263
protein_0065,protein_0247,0.16666666666666666
protein_0065,protein_0248,0.18811881188118812
protein_0065,protein_0250,0.205607476635514
protein_0065,protein_0251,0.14423076923076922
protein_0065,protein_0252,0.14
protein_0065,protein_0253,0.20353982300884957
protein_0065,protein_0255,0.13068181818181818
protein_0065,protein_0256,0.16379310344827586
protein_0065,protein_0257,0.176
protein_0065,protein_0258,0.17647058823529413
protein_0065,protein_0259,0.15384615384615385
protein_0065,protein_0260,0.15384615384615385
protein_0065,protein_0261,0.6767676767676768
protein_0065,protein_0262,0.16058394160583941
protein_0065,protein_0263,0.18382352941176472
protein_0065,protein_0264,0.19047619047619047
protein_0065,protein_0265,0.19047619047619047
protein_0065,protein_0266,0.1834862385321101
protein_0065,protein_0267,0.18867924528301888
protein_0065,protein_0268,0.23
protein_0065,protein_0269,0.11764705882352941
protein_0065,protein_0270,0.13131313131313133
protein_0065,protein_0271,0.20202020202020202
protein_0065,protein_0273,0.15286624203821655
protein_0065,protein_0274,0.16
protein_0065,protein_0275,0.6262626262626263
protein_0065,protein_0276,0.14705882352941177
protein_0065,protein_0277,0.14150943396226415
protein_0065,protein_0278,0.13
protein_0065,protein_0279,0.19230769230769232
protein_0065,protein_0280,0.15
protein_0065,protein_0281,0.1452991452991453
protein_0065,protein_0282,0.12844036697247707
protein_0065,protein_0283,0.11210762331838565
protein_0065,protein_0284,0.18421052631578946
protein_0065,protein_0285,0.19801980198019803
protein_0065,protein_0286,0.14150943396226415
protein_0065,protein_0287,0.1532258064516129
protein_0065,protein_0288,0.17
protein_0065,protein_0289,0.16161616161616163
protein_0065,protein_0291,0.1414141414141414
protein_0065,protein_0292,0.14
protein_0065,protein_0293,0.17
protein_0065,protein_0294,0.16
protein_0065,protein_0295,0.16161616161616163
protein_0065,protein_0297,0.13131313131313133
protein_0065,protein_0299,0.16
protein_0065,protein_0300,0.1188118811881188
protein_0065,protein_0301,0.1188118811881188
protein_0065,protein_0302,0.12272727272727273
protein_0065,protein_0303,0.0891089108910891
protein_0065,protein_0305,0.21495327102803738
protein_0065,protein_0306,0.12396694214876033
protein_0065,protein_0307,0.13559322033898305
protein_0065,protein_0308,0.14634146341463414
protein_0065,protein_0309,0.19
protein_0065,protein_0311,0.16666666666666666
protein_0065,protein_0312,0.19607843137254902
protein_0065,protein_0313,0.18811881188118812
protein_0065,protein_0314,0.13333333333333333
protein_0065,protein_0315,0.17829457364341086
protein_0065,protein_0316,0.15151515151515152
protein_0065,protein_0317,0.1619047619047619
protein_0065,protein_0319,0.1568627450980392
protein_0065,protein_0320,0.1523809523809524
protein_0065,protein_0321,0.17647058823529413
protein_0065,protein_0323,0.1574074074074074
protein_0065,protein_0324,0.14953271028037382
protein_0065,protein_0325,0.18548387096774194
protein_0065,protein_0326,0.17
protein_0065,protein_0327,0.1782178217821782
protein_0065,protein_0328,0.11206896551724138
protein_0065,protein_0329,0.11206896551724138
protein_0065,protein_0330,0.1792452830188679
protein_0065,protein_0332,0.17647058823529413
protein_0065,protein_0333,0.18269230769230768
protein_0065,protein_0334,0.17272727272727273
protein_0065,protein_0335,0.136
protein_0065,protein_0336,0.1414141414141414
protein_0065,protein_0337,0.17647058823529413
protein_0065,protein_0338,0.2
protein_0065,protein_0339,0.1717171717171717
protein_0065,protein_0340,0.09615384615384616
protein_0065,protein_0341,0.14166666666666666
protein_0065,protein_0342,0.13131313131313133
protein_0065,protein_0343,0.1414141414141414
protein_0065,protein_0344,0.15151515151515152
protein_0065,protein_0345,0.20512820512820512
protein_0065,protein_0346,0.20512820512820512
protein_0065,protein_0347,0.1485148514851485
protein_0065,protein_0348,0.14705882352941177
protein_0065,protein_0349,0.136
protein_0065,protein_0350,0.1414141414141414
protein_0065,protein_0351,0.14705882352941177
protein_0065,protein_0352,0.15151515151515152
protein_0065,protein_0353,0.15833333333333333
protein_0065,protein_0354,0.16161616161616163
protein_0065,protein_0355,0.1588785046728972
protein_0065,protein_0356,0.1717171717171717
protein_0065,protein_0357,0.1357142857142857
protein_0065,protein_0358,0.1414141414141414
protein_0065,protein_0359,0.18032786885245902
protein_0065,protein_0360,0.1523809523809524
protein_0065,protein_0361,0.14705882352941177
protein_0065,protein_0362,0.15454545454545454
protein_0065,protein_0363,0.15454545454545454
protein_0065,protein_0364,0.13636363636363635
protein_0065,protein_0365,0.19801980198019803
protein_0065,protein_0366,0.19801980198019803
protein_0065,protein_0368,0.14678899082568808
protein_0065,protein_0369,0.1485148514851485
protein_0065,protein_0370,0.15151515151515152
protein_0065,protein_0371,0.18627450980392157
protein_0065,protein_0372,0.1210762331838565
protein_0065,protein_0373,0.13157894736842105
protein_0065,protein_0374,0.15441176470588236
protein_0065,protein_0375,0.2336448598130841
protein_0065,protein_0376,0.53
protein_0065,protein_0377,0.1485148514851485
protein_0065,protein_0378,0.144
protein_0065,protein_0380,0.18446601941747573
protein_0065,protein_0381,0.18446601941747573
protein_0065,protein_0382,0.17
protein_0065,protein_0383,0.15841584158415842
protein_0065,protein_0384,0.1717171717171717
protein_0065,protein_0385,0.2222222222222222
protein_0065,protein_0386,0.14018691588785046
protein_0065,protein_0387,0.14545454545454545
protein_0065,protein_0388,0.1414141414141414
protein_0065,protein_0390,0.20388349514563106
protein_0065,protein_0391,0.18181818181818182
protein_0065,protein_0392,0.11428571428571428
protein_0065,protein_0393,0.10476190476190476
protein_0065,protein_0394,0.19117647058823528
protein_0065,protein_0395,0.15841584158415842
protein_0065,protein_0396,0.1810344827586207
protein_0065,protein_0397,0.1391304347826087
protein_0065,protein_0398,0.14285714285714285
protein_0065,protein_0399,0.12121212121212122
protein_0074,protein_0000,0.1568627450980392
protein_0074,protein_0001,0.13793103448275862
protein_0074,protein_0002,0.16091954022988506
protein_0074,protein_0003,0.17391304347826086
protein_0074,protein_0004,0.1935483870967742
protein_0074,protein_0005,0.10869565217391304
protein_0074,protein_0006,0.13541666666666666
protein_0074,protein_0007,0.1839080459770115
protein_0074,protein_0008,0.46464646464646464
protein_0074,protein_0009,0.15151515151515152
protein_0074,protein_0010,0.17346938775510204
protein_0074,protein_0011,0.13541666666666666
protein_0074,protein_0013,0.13043478260869565
protein_0074,protein_0014,0.23655913978494625
protein_0074,protein_0015,0.2222222222222222
protein_0074,protein_0016,0.46464646464646464
protein_0074,protein_0017,0.12307692307692308
protein_0074,protein_0018,0.16831683168316833
protein_0074,protein_0019,0.1724137931034483
protein_0074,protein_0020,0.2
protein_0074,protein_0021,0.1111111111111111
protein_0074,protein_0022,0.19791666666666666
protein_0074,protein_0023,0.1368421052631579
protein_0074,protein_0024,0.12295081967213115
protein_0074,protein_0025,0.13043478260869565
protein_0074,protein_0026,0.16417910447761194
protein_0074,protein_0027,0.25
protein_0074,protein_0030,0.11764705882352941
protein_0074,protein_0031,0.42424242424242425
protein_0074,protein_0032,0.10891089108910891
protein_0074,protein_0033,0.2079207920792079
protein_0074,protein_0034,0.2222222222222222
protein_0074,protein_0036,0.18181818181818182
protein_0074,protein_0037,0.19
protein_0074,protein_0038,0.19
protein_0074,protein_0039,0.19047619047619047
protein_0074,protein_0040,0.13978494623655913
protein_0074,protein_0042,0.16831683168316833
protein_0074,protein_0043,0.19607843137254902
protein_0074,protein_0045,0.16831683168316833
protein_0074,protein_0046,0.21839080459770116
protein_0074,protein_0047,0.20388349514563106
protein_0074,protein_0048,0.22330097087378642
protein_0074,protein_0049,0.13636363636363635
protein_0074,protein_0050,0.43434343434343436
protein_0074,protein_0052,0.13978494623655913
protein_0074,protein_0053,0.19607843137254902
protein_0074,protein_0054,0.14049586776859505
protein_0074,protein_0055,0.13559322033898305
protein_0074,protein_0056,0.1262135922330097
protein_0074,protein_0057,0.19540229885057472
protein_0074,protein_0058,0.13333333333333333
protein_0074,protein_0059,0.18811881188118812
protein_0074,protein_0060,0.16964285714285715
protein_0074,protein_0061,0.10638297872340426
protein_0074,protein_0062,0.18095238095238095
protein_0074,protein_0063,0.09389671361502347
protein_0074,protein_0064,0.17525773195876287
protein_0074,protein_0066,0.13445378151260504
protein_0074,protein_0067,0.2
protein_0074,protein_0068,0.17346938775510204
protein_0074,protein_0069,0.205607476635514
protein_0074,protein_0070,0.13978494623655913
protein_0074,protein_0071,0.10752688172043011
protein_0074,protein_0072,0.19540229885057472
protein_0074,protein_0073,0.13043478260869565
protein_0074,protein_0075,0.20952380952380953
protein_0074,protein_0076,0.18681318681318682
protein_0074,protein_0077,0.18681318681318682
protein_0074,protein_0078,0.18518518518518517
protein_0074,protein_0079,0.18518518518518517
protein_0074,protein_0080,0.15
protein_0074,protein_0081,0.13402061855670103
protein_0074,protein_0082,0.13592233009708737
protein_0074,protein_0084,0.15151515151515152
protein_0074,protein_0086,0.10185185185185185
protein_0074,protein_0087,0.20454545454545456
protein_0074,protein_0088,0.1568627450980392
protein_0074,protein_0089,0.1794871794871795
protein_0074,protein_0090,0.1794871794871795
protein_0074,protein_0091,0.13274336283185842
protein_0074,protein_0092,0.13274336283185842
protein_0074,protein_0093,0.21052631578947367
protein_0074,protein_0094,0.16666666666666666
protein_0074,protein_0096,0.23232323232323232
protein_0074,protein_0097,0.18681318681318682
protein_0074,protein_0098,0.20618556701030927
protein_0074,protein_0099,0.14953271028037382
protein_0074,protein_0100,0.19540229885057472
protein_0074,protein_0101,0.11956521739130435
protein_0074,protein_0102,0.11764705882352941
protein_0074,protein_0103,0.18556701030927836
protein_0074,protein_0104,0.15702479338842976
protein_0074,protein_0105,0.09
protein_0074,protein_0106,0.16
protein_0074,protein_0108,0.16666666666666666
protein_0074,protein_0109,0.18478260869565216
protein_0074,protein_0110,0.2
protein_0074,protein_0111,0.1414141414141414
protein_0074,protein_0112,0.14912280701754385
protein_0074,protein_0113,0.1568627450980392
protein_0074,protein_0114,0.1595744680851064
protein_0074,protein_0115,0.17204301075268819
protein_0074,protein_0116,0.09917355371900827
protein_0074,protein_0117,0.09917355371900827
protein_0074,protein_0118,0.20689655172413793
protein_0074,protein_0119,0.12605042016806722
protein_0074,protein_0120,0.1875
protein_0074,protein_0121,0.1875
protein_0074,protein_0122,0.17391304347826086
protein_0074,protein_0123,0.14285714285714285
protein_0074,protein_0124,0.18947368421052632
protein_0074,protein_0125,0.5204081632653061
protein_0074,protein_0126,0.46464646464646464
protein_0074,protein_0128,0.17
protein_0074,protein_0129,0.12244897959183673
protein_0074,protein_0130,0.18803418803418803
protein_0074,protein_0131,0.16091954022988506
protein_0074,protein_0132,0.17117117117117117
protein_0074,protein_0134,0.18
protein_0074,protein_0135,0.15384615384615385
protein_0074,protein_0136,0.14049586776859505
protein_0074,protein_0137,0.14049586776859505
protein_0074,protein_0138,0.14049586776859505
protein_0074,protein_0139,0.16304347826086957
protein_0074,protein_0140,0.20202020202020202
protein_0074,protein_0141,0.16304347826086957
protein_0074,protein_0143,0.20408163265306123
protein_0074,protein_0144,0.2018348623853211
protein_0074,protein_0145,0.20689655172413793
protein_0074,protein_0146,0.12371134020618557
protein_0074,protein_0147,0.15625
protein_0074,protein_0148,0.1568627450980392
protein_0074,protein_0149,0.1724137931034483
protein_0074,protein_0150,0.17708333333333334
protein_0074,protein_0151,0.12871287128712872
protein_0074,protein_0152,0.1839080459770115
protein_0074,protein_0153,0.16842105263157894
protein_0074,protein_0154,0.19148936170212766
protein_0074,protein_0155,0.15625
protein_0074,protein_0156,0.18691588785046728
protein_0074,protein_0157,0.17204301075268819
protein_0074,protein_0158,0.14942528735632185
protein_0074,protein_0160,0.2
protein_0074,protein_0161,0.145985401459854
protein_0074,protein_0162,0.15384615384615385
protein_0074,protein_0163,0.1504424778761062
protein_0074,protein_0164,0.16666666666666666
protein_0074,protein_0165,0.12643678160919541
protein_0074,protein_0166,0.15384615384615385
protein_0074,protein_0167,0.1452991452991453
protein_0074,protein_0168,0.1487603305785124
protein_0074,protein_0169,0.11382113821138211
protein_0074,protein_0171,0.18811881188118812
protein_0074,protein_0172,0.11904761904761904
protein_0074,protein_0173,0.16666666666666666
protein_0074,protein_0174,0.18
protein_0074,protein_0175,0.19801980198019803
protein_0074,protein_0176,0.16091954022988506
protein_0074,protein_0177,0.16091954022988506
protein_0074,protein_0179,0.12686567164179105
protein_0074,protein_0180,0.21649484536082475
protein_0074,protein_0181,0.20833333333333334
protein_0074,protein_0182,0.1326530612244898
protein_0074,protein_0183,0.21212121212121213
protein_0074,protein_0185,0.15789473684210525
protein_0074,protein_0187,0.19801980198019803
protein_0074,protein_0188,0.14942528735632185
protein_0074,protein_0189,0.19
protein_0074,protein_0190,0.21428571428571427
protein_0074,protein_0191,0.18947368421052632
protein_0074,protein_0192,0.1650485436893204
protein_0074,protein_0193,0.15841584158415842
protein_0074,protein_0194,0.1595744680851064
protein_0074,protein_0195,0.22448979591836735
protein_0074,protein_0196,0.22448979591836735
protein_0074,protein_0197,0.17894736842105263
protein_0074,protein_0198,0.18478260869565216
protein_0074,protein_0199,0.1485148514851485
protein_0074,protein_0200,0.20408163265306123
protein_0074,protein_0201,0.17272727272727273
protein_0074,protein_0202,0.16346153846153846
protein_0074,protein_0203,0.125
protein_0074,protein_0204,0.1724137931034483
protein_0074,protein_0205,0.125
protein_0074,protein_0207,0.11475409836065574
protein_0074,protein_0208,0.152
protein_0074,protein_0209,0.16161616161616163
protein_0074,protein_0210,0.13043478260869565
protein_0074,protein_0211,0.15217391304347827
protein_0074,protein_0212,0.15555555555555556
protein_0074,protein_0213,0.15625
protein_0074,protein_0214,0.14583333333333334
protein_0074,protein_0215,0.1
protein_0074,protein_0216,0.14
protein_0074,protein_0217,0.17525773195876287
protein_0074,protein_0218,0.17054263565891473
protein_0074,protein_0219,0.13043478260869565
protein_0074,protein_0220,0.15151515151515152
protein_0074,protein_0222,0.12631578947368421
protein_0074,protein_0223,0.1797752808988764
protein_0074,protein_0224,0.1702127659574468
protein_0074,protein_0225,0.12903225806451613
protein_0074,protein_0226,0.14285714285714285
protein_0074,protein_0227,0.10227272727272728
protein_0074,protein_0228,0.17475728155339806
protein_0074,protein_0229,0.1935483870967742
protein_0074,protein_0230,0.17708333333333334
protein_0074,protein_0231,0.1782178217821782
protein_0074,protein_0232,0.19318181818181818
protein_0074,protein_0233,0.16535433070866143
protein_0074,protein_0234,0.46464646464646464
protein_0074,protein_0235,0.16091954022988506
protein_0074,protein_0236,0.14432989690721648
protein_0074,protein_0237,0.14432989690721648
protein_0074,protein_0238,0.15
protein_0074,protein_0239,0.1941747572815534
protein_0074,protein_0241,0.16129032258064516
protein_0074,protein_0243,0.1782178217821782
protein_0074,protein_0245,0.16071428571428573
protein_0074,protein_0246,0.5604395604395604
protein_0074,protein_0247,0.1743119266055046
protein_0074,protein_0248,0.15841584158415842
protein_0074,protein_0250,0.18
protein_0074,protein_0251,0.14130434782608695
protein_0074,protein_0252,0.14772727272727273
protein_0074,protein_0253,0.11504424778761062
protein_0074,protein_0255,0.08771929824561403
protein_0074,protein_0256,0.1509433962264151
protein_0074,protein_0257,0.12871287128712872
protein_0074,protein_0258,0.19626168224299065
protein_0074,protein_0259,0.19540229885057472
protein_0074,protein_0260,0.19540229885057472
protein_0074,protein_0261,0.5151515151515151
protein_0074,protein_0262,0.11678832116788321
protein_0074,protein_0263,0.13970588235294118
protein_0074,protein_0264,0.1782178217821782
protein_0074,protein_0265,0.1782178217821782
protein_0074,protein_0266,0.20388349514563106
protein_0074,protein_0267,0.15053763440860216
protein_0074,protein_0268,0.16129032258064516
protein_0074,protein_0269,0.12931034482758622
protein_0074,protein_0270,0.14583333333333334
protein_0074,protein_0271,0.19318181818181818
protein_0074,protein_0273,0.1568627450980392
protein_0074,protein_0274,0.1485148514851485
protein_0074,protein_0275,0.494949494949495
protein_0074,protein_0276,0.16666666666666666
protein_0074,protein_0277,0.15555555555555556
protein_0074,protein_0278,0.14432989690721648
protein_0074,protein_0279,0.16842105263157894
protein_0074,protein_0280,0.18478260869565216
protein_0074,protein_0281,0.14285714285714285
protein_0074,protein_0282,0.16326530612244897
protein_0074,protein_0283,0.0963302752293578
protein_0074,protein_0284,0.17391304347826086
protein_0074,protein_0285,0.22448979591836735
protein_0074,protein_0286,0.19540229885057472
protein_0074,protein_0287,0.1826086956521739
protein_0074,protein_0288,0.1590909090909091
protein_0074,protein_0289,0.1724137931034483
protein_0074,protein_0291,0.19827586206896552
protein_0074,protein_0292,0.14942528735632185
protein_0074,protein_0293,0.15463917525773196
protein_0074,protein_0294,0.19827586206896552
protein_0074,protein_0295,0.1724137931034483
protein_0074,protein_0297,0.1724137931034483
protein_0074,protein_0299,0.1326530612244898
protein_0074,protein_0300,0.14285714285714285
protein_0074,protein_0301,0.14285714285714285
protein_0074,protein_0302,0.08294930875576037
protein_0074,protein_0303,0.19318181818181818
protein_0074,protein_0305,0.1978021978021978
protein_0074,protein_0306,0.13559322033898305
protein_0074,protein_0307,0.13559322033898305
protein_0074,protein_0308,0.15833333333333333
protein_0074,protein_0309,0.14432989690721648
protein_0074,protein_0311,0.16304347826086957
protein_0074,protein_0312,0.15384615384615385
protein_0074,protein_0313,0.16666666666666666
protein_0074,protein_0314,0.11607142857142858
protein_0074,protein_0315,0.15447154471544716
protein_0074,protein_0316,0.19540229885057472
protein_0074,protein_0317,0.18446601941747573
protein_0074,protein_0319,0.21428571428571427
protein_0074,protein_0320,0.1941747572815534
protein_0074,protein_0321,0.15463917525773196
protein_0074,protein_0323,0.18
protein_0074,protein_0324,0.13333333333333333
protein_0074,protein_0325,0.11764705882352941
protein_0074,protein_0326,0.16483516483516483
protein_0074,protein_0327,0.1485148514851485
protein_0074,protein_0328,0.1559633027522936
protein_0074,protein_0329,0.1559633027522936
protein_0074,protein_0330,0.17475728155339806
protein_0074,protein_0332,0.1792452830188679
protein_0074,protein_0333,0.16831683168316833
protein_0074,protein_0334,0.13333333333333333
protein_0074,protein_0335,0.14035087719298245
protein_0074,protein_0336,0.1839080459770115
protein_0074,protein_0337,0.17708333333333334
protein_0074,protein_0338,0.15841584158415842
protein_0074,protein_0339,0.16666666666666666
protein_0074,protein_0340,0.12931034482758622
protein_0074,protein_0341,0.11764705882352941
protein_0074,protein_0342,0.18181818181818182
protein_0074,protein_0343,0.1724137931034483
protein_0074,protein_0344,0.1619047619047619
protein_0074,protein_0345,0.13675213675213677
protein_0074,protein_0346,0.13675213675213677
protein_0074,protein_0347,0.15730337078651685
protein_0074,protein_0348,0.13821138211382114
protein_0074,protein_0349,0.16666666666666666
protein_0074,protein_0350,0.13978494623655913
protein_0074,protein_0351,0.15053763440860216
protein_0074,protein_0352,0.14942528735632185
protein_0074,protein_0353,0.136
protein_0074,protein_0354,0.12121212121212122
protein_0074,protein_0355,0.20408163265306123
protein_0074,protein_0356,0.1839080459770115
protein_0074,protein_0357,0.17266187050359713
protein_0074,protein_0358,0.1485148514851485
protein_0074,protein_0359,0.13043478260869565
protein_0074,protein_0360,0.14583333333333334
protein_0074,protein_0361,0.12295081967213115
protein_0074,protein_0362,0.19230769230769232
protein_0074,protein_0363,0.19230769230769232
protein_0074,protein_0364,0.1326530612244898
protein_0074,protein_0365,0.13978494623655913
protein_0074,protein_0366,0.15151515151515152
protein_0074,protein_0368,0.12359550561797752
protein_0074,protein_0369,0.15730337078651685
protein_0074,protein_0370,0.1619047619047619
protein_0074,protein_0371,0.16842105263157894
protein_0074,protein_0372,0.11009174311926606
protein_0074,protein_0373,0.15517241379310345
protein_0074,protein_0374,0.1111111111111111
protein_0074,protein_0375,0.18811881188118812
protein_0074,protein_0376,0.48484848484848486
protein_0074,protein_0377,0.18446601941747573
protein_0074,protein_0378,0.14678899082568808
protein_0074,protein_0380,0.17204301075268819
protein_0074,protein_0381,0.17204301075268819
protein_0074,protein_0382,0.15384615384615385
protein_0074,protein_0383,0.14772727272727273
protein_0074,protein_0384,0.16831683168316833
protein_0074,protein_0385,0.2222222222222222
protein_0074,protein_0386,0.16981132075471697
protein_0074,protein_0387,0.16326530612244897
protein_0074,protein_0388,0.1839080459770115
protein_0074,protein_0390,0.19607843137254902
protein_0074,protein_0391,0.125
protein_0074,protein_0392,0.16842105263157894
protein_0074,protein_0393,0.15789473684210525
protein_0074,protein_0394,0.1111111111111111
protein_0074,protein_0395,0.1568627450980392
protein_0074,protein_0396,0.11570247933884298
protein_0074,protein_0397,0.13186813186813187
protein_0074,protein_0398,0.14414414414414414
protein_0074,protein_0399,0.17708333333333334
protein_0083,protein_0000,0.3333333333333333
protein_0083,protein_0001,0.11956521739130435
protein_0083,protein_0002,0.15625
protein_0083,protein_0003,0.3522727272727273
protein_0083,protein_0004,0.26436781609195403
protein_0083,protein_0005,0.16842105263157894
protein_0083,protein_0006,0.4659090909090909
protein_0083,protein_0007,0.1839080459770115
protein_0083,protein_0008,0.16346153846153846
protein_0083,protein_0009,0.3333333333333333
protein_0083,protein_0010,0.43478260869565216
protein_0083,protein_0011,0.5172413793103449
protein_0083,protein_0013,0.13636363636363635
protein_0083,protein_0014,0.17142857142857143
protein_0083,protein_0015,0.16831683168316833
protein_0083,protein_0016,0.13861386138613863
protein_0083,protein_0017,0.17037037037037037
protein_0083,protein_0018,0.29347826086956524
protein_0083,protein_0019,0.15217391304347827
protein_0083,protein_0020,0.3103448275862069
protein_0083,protein_0021,0.13043478260869565
protein_0083,protein_0022,0.1836734693877551
protein_0083,protein_0023,0.19230769230769232
protein_0083,protein_0024,0.11278195488721804
protein_0083,protein_0025,0.2988505747126437
protein_0083,protein_0026,0.1527777777777778
protein_0083,protein_0027,0.16326530612244897
protein_0083,protein_0030,0.14492753623188406
protein_0083,protein_0031,0.13131313131313133
protein_0083,protein_0032,0.2696629213483146
protein_0083,protein_0033,0.4367816091954023
protein_0083,protein_0034,0.5517241379310345
protein_0083,protein_0036,0.1797752808988764
protein_0083,protein_0037,0.26136363636363635
protein_0083,protein_0038,0.26136363636363635
protein_0083,protein_0039,0.3563218390804598
protein_0083,protein_0040,0.11827956989247312
protein_0083,protein_0042,0.25287356321839083
protein_0083,protein_0043,0.2988505747126437
protein_0083,protein_0045,0.3076923076923077
protein_0083,protein_0046,0.19101123595505617
protein_0083,protein_0047,0.40229885057471265
protein_0083,protein_0048,0.41379310344827586
protein_0083,protein_0049,0.4482758620689655
protein_0083,protein_0050,0.14423076923076922
protein_0083,protein_0052,0.26436781609195403
protein_0083,protein_0053,0.36666666666666664
protein_0083,protein_0054,0.1092436974789916
protein_0083,protein_0055,0.11904761904761904
protein_0083,protein_0056,0.17307692307692307
protein_0083,protein_0057,0.1839080459770115
protein_0083,protein_0058,0.14942528735632185
protein_0083,protein_0059,0.27586206896551724
protein_0083,protein_0060,0.14563106796116504
protein_0083,protein_0061,0.2111111111111111
protein_0083,protein_0062,0.28735632183908044
protein_0083,protein_0063,0.11737089201877934
protein_0083,protein_0064,0.25274725274725274
protein_0083,protein_0066,0.15384615384615385
protein_0083,protein_0067,0.42857142857142855
protein_0083,protein_0068,0.33695652173913043
protein_0083,protein_0069,0.41379310344827586
protein_0083,protein_0070,0.3103448275862069
protein_0083,protein_0071,0.39080459770114945
protein_0083,protein_0072,0.17391304347826086
protein_0083,protein_0073,0.3626373626373626
protein_0083,protein_0075,0.24271844660194175
protein_0083,protein_0076,0.1368421052631579
protein_0083,protein_0077,0.38636363636363635
protein_0083,protein_0078,0.18018018018018017
protein_0083,protein_0079,0.18018018018018017
protein_0083,protein_0080,0.34831460674157305
protein_0083,protein_0081,0.33707865168539325
protein_0083,protein_0082,0.1262135922330097
protein_0083,protein_0084,0.32222222222222224
protein_0083,protein_0086,0.1262135922330097
protein_0083,protein_0087,0.14942528735632185
protein_0083,protein_0088,0.3068181818181818
protein_0083,protein_0089,0.12396694214876033
protein_0083,protein_0090,0.1487603305785124
protein_0083,protein_0091,0.13157894736842105
protein_0083,protein_0092,0.13157894736842105
protein_0083,protein_0093,0.4606741573033708
protein_0083,protein_0094,0.11475409836065574
protein_0083,protein_0096,0.12380952380952381
protein_0083,protein_0097,0.39325842696629215
protein_0083,protein_0098,0.3181818181818182
protein_0083,protein_0099,0.1415929203539823
protein_0083,protein_0100,0.17045454545454544
protein_0083,protein_0101,0.3333333333333333
protein_0083,protein_0102,0.32967032967032966
protein_0083,protein_0103,0.22105263157894736
protein_0083,protein_0104,0.18253968253968253
protein_0083,protein_0105,0.13829787234042554
protein_0083,protein_0106,0.1891891891891892
protein_0083,protein_0108,0.23863636363636365
protein_0083,protein_0109,0.15730337078651685
protein_0083,protein_0110,0.47126436781609193
protein_0083,protein_0111,0.28735632183908044
protein_0083,protein_0112,0.1485148514851485
protein_0083,protein_0113,0.40229885057471265
protein_0083,protein_0114,0.24719101123595505
protein_0083,protein_0115,0.28888888888888886
protein_0083,protein_0116,0.16
protein_0083,protein_0117,0.16
protein_0083,protein_0118,0.1839080459770115
protein_0083,protein_0119,0.16346153846153846
protein_0083,protein_0120,0.3218390804597701
protein_0083,protein_0121,0.3218390804597701
protein_0083,protein_0122,0.21839080459770116
protein_0083,protein_0123,0.14285714285714285
protein_0083,protein_0124,0.3333333333333333
protein_0083,protein_0125,0.09090909090909091
protein_0083,protein_0126,0.2
protein_0083,protein_0128,0.3068181818181818
protein_0083,protein_0129,0.2222222222222222
protein_0083,protein_0130,0.1452991452991453
protein_0083,protein_0131,0.17045454545454544
protein_0083,protein_0132,0.1891891891891892
protein_0083,protein_0134,0.30337078651685395
protein_0083,protein_0135,0.22988505747126436
protein_0083,protein_0136,0.125
protein_0083,protein_0137,0.11764705882352941
protein_0083,protein_0138,0.11764705882352941
protein_0083,protein_0139,0.16091954022988506
protein_0083,protein_0140,0.45977011494252873
protein_0083,protein_0141,0.2840909090909091
protein_0083,protein_0143,0.3103448275862069
protein_0083,protein_0144,0.3103448275862069
protein_0083,protein_0145,0.17045454545454544
protein_0083,protein_0146,0.12643678160919541
protein_0083,protein_0147,0.3448275862068966
protein_0083,protein_0148,0.3218390804597701
protein_0083,protein_0149,0.15730337078651685
protein_0083,protein_0150,0.3333333333333333
protein_0083,protein_0151,0.21348314606741572
protein_0083,protein_0152,0.19540229885057472
protein_0083,protein_0153,0.2247191011235955
protein_0083,protein_0154,0.20224719101123595
protein_0083,protein_0155,0.1623931623931624
protein_0083,protein_0156,0.1415929203539823
protein_0083,protein_0157,0.17391304347826086
protein_0083,protein_0158,0.16853932584269662
protein_0083,protein_0160,0.3218390804597701
protein_0083,protein_0161,0.13445378151260504
protein_0083,protein_0162,0.3103448275862069
protein_0083,protein_0163,0.2072072072072072
protein_0083,protein_0164,0.26436781609195403
protein_0083,protein_0165,0.14130434782608695
protein_0083,protein_0166,0.2988505747126437
protein_0083,protein_0167,0.14285714285714285
protein_0083,protein_0168,0.14655172413793102
protein_0083,protein_0169,0.14754098360655737
protein_0083,protein_0171,0.3522727272727273
protein_0083,protein_0172,0.13533834586466165
protein_0083,protein_0173,0.3448275862068966
protein_0083,protein_0174,0.28735632183908044
protein_0083,protein_0175,0.2988505747126437
protein_0083,protein_0176,0.15217391304347827
protein_0083,protein_0177,0.13793103448275862
protein_0083,protein_0179,0.13157894736842105
protein_0083,protein_0180,0.25274725274725274
protein_0083,protein_0181,0.4367816091954023
protein_0083,protein_0182,0.3333333333333333
protein_0083,protein_0183,0.1650485436893204
protein_0083,protein_0185,0.19811320754716982
protein_0083,protein_0187,0.3118279569892473
protein_0083,protein_0188,0.19540229885057472
protein_0083,protein_0189,0.32954545454545453
protein_0083,protein_0190,0.5172413793103449
protein_0083,protein_0191,0.29545454545454547
protein_0083,protein_0192,0.28735632183908044
protein_0083,protein_0193,0.3333333333333333
protein_0083,protein_0194,0.2988505747126437
protein_0083,protein_0195,0.5056179775280899
protein_0083,protein_0196,0.47126436781609193
protein_0083,protein_0197,0.5172413793103449
protein_0083,protein_0198,0.26436781609195403
protein_0083,protein_0199,0.2087912087912088
protein_0083,protein_0200,0.48863636363636365
protein_0083,protein_0201,0.19047619047619047
protein_0083,protein_0202,0.4
protein_0083,protein_0203,0.08955223880597014
protein_0083,protein_0204,0.1724137931034483
protein_0083,protein_0205,0.12037037037037036
protein_0083,protein_0207,0.12142857142857143
protein_0083,protein_0208,0.14545454545454545
protein_0083,protein_0209,0.3103448275862069
protein_0083,protein_0210,0.28735632183908044
protein_0083,protein_0211,0.13978494623655913
protein_0083,protein_0212,0.17204301075268819
protein_0083,protein_0213,0.3448275862068966
protein_0083,protein_0214,0.14736842105263157
protein_0083,protein_0215,0.13333333333333333
protein_0083,protein_0216,0.1414141414141414
protein_0083,protein_0217,0.18085106382978725
protein_0083,protein_0218,0.1349206349206349
protein_0083,protein_0219,0.13953488372093023
protein_0083,protein_0220,0.24175824175824176
protein_0083,protein_0222,0.4482758620689655
protein_0083,protein_0223,0.17708333333333334
protein_0083,protein_0224,0.18085106382978725
protein_0083,protein_0225,0.19148936170212766
protein_0083,protein_0226,0.18446601941747573
protein_0083,protein_0227,0.12643678160919541
protein_0083,protein_0228,0.2653061224489796
protein_0083,protein_0229,0.13636363636363635
protein_0083,protein_0230,0.18681318681318682
protein_0083,protein_0231,0.3595505617977528
protein_0083,protein_0232,0.1724137931034483
protein_0083,protein_0233,0.12598425196850394
protein_0083,protein_0234,0.11214953271028037
protein_0083,protein_0235,0.1839080459770115
protein_0083,protein_0236,0.5172413793103449
protein_0083,protein_0237,0.5172413793103449
protein_0083,protein_0238,0.125
protein_0083,protein_0239,0.3103448275862069
protein_0083,protein_0241,0.2988505747126437
protein_0083,protein_0243,0.3333333333333333
protein_0083,protein_0245,0.17424242424242425
protein_0083,protein_0246,0.10416666666666667
protein_0083,protein_0247,0.2222222222222222
protein_0083,protein_0248,0.2988505747126437
protein_0083,protein_0250,0.18691588785046728
protein_0083,protein_0251,0.12222222222222222
protein_0083,protein_0252,0.16842105263157894
protein_0083,protein_0253,0.11504424778761062
protein_0083,protein_0255,0.08187134502923976
protein_0083,protein_0256,0.10101010101010101
protein_0083,protein_0257,0.10101010101010101
protein_0083,protein_0258,0.9195402298850575
protein_0083,protein_0259,0.16091954022988506
protein_0083,protein_0260,0.16091954022988506
protein_0083,protein_0261,0.14563106796116504
protein_0083,protein_0262,0.125
protein_0083,protein_0263,0.13970588235294118
protein_0083,protein_0264,0.26436781609195403
protein_0083,protein_0265,0.26436781609195403
protein_0083,protein_0266,0.14583333333333334
protein_0083,protein_0267,0.1724137931034483
protein_0083,protein_0268,0.14285714285714285
protein_0083,protein_0269,0.15384615384615385
protein_0083,protein_0270,0.18181818181818182
protein_0083,protein_0271,0.1935483870967742
protein_0083,protein_0273,0.5
protein_0083,protein_0274,0.22826086956521738
protein_0083,protein_0275,0.13592233009708737
protein_0083,protein_0276,0.27586206896551724
protein_0083,protein_0277,0.1724137931034483
protein_0083,protein_0278,0.26666666666666666
protein_0083,protein_0279,0.27586206896551724
protein_0083,protein_0280,0.27586206896551724
protein_0083,protein_0281,0.11607142857142858
protein_0083,protein_0282,0.12359550561797752
protein_0083,protein_0283,0.11261261261261261
protein_0083,protein_0284,0.22988505747126436
protein_0083,protein_0285,0.5517241379310345
protein_0083,protein_0286,0.1702127659574468
protein_0083,protein_0287,0.17592592592592593
protein_0083,protein_0288,0.28735632183908044
protein_0083,protein_0289,0.16091954022988506
protein_0083,protein_0291,0.2840909090909091
protein_0083,protein_0292,0.1724137931034483
protein_0083,protein_0293,0.18181818181818182
protein_0083,protein_0294,0.2840909090909091
protein_0083,protein_0295,0.14606741573033707
protein_0083,protein_0297,0.14942528735632185
protein_0083,protein_0299,0.15625
protein_0083,protein_0300,0.15463917525773196
protein_0083,protein_0301,0.14705882352941177
protein_0083,protein_0302,0.0967741935483871
protein_0083,protein_0303,0.2247191011235955
protein_0083,protein_0305,0.22115384615384615
protein_0083,protein_0306,0.11904761904761904
protein_0083,protein_0307,0.12698412698412698
protein_0083,protein_0308,0.183206106870229
protein_0083,protein_0309,0.13829787234042554
protein_0083,protein_0311,0.3448275862068966
protein_0083,protein_0312,0.375
protein_0083,protein_0313,0.25
protein_0083,protein_0314,0.12962962962962962
protein_0083,protein_0315,0.11764705882352941
protein_0083,protein_0316,0.13793103448275862
protein_0083,protein_0317,0.12
protein_0083,protein_0319,0.5632183908045977
protein_0083,protein_0320,0.26436781609195403
protein_0083,protein_0321,0.18681318681318682
protein_0083,protein_0323,0.3595505617977528
protein_0083,protein_0324,0.14942528735632185
protein_0083,protein_0325,0.13513513513513514
protein_0083,protein_0326,0.17525773195876287
protein_0083,protein_0327,0.3333333333333333
protein_0083,protein_0328,0.15
protein_0083,protein_0329,0.15
protein_0083,protein_0330,0.4482758620689655
protein_0083,protein_0332,0.21839080459770116
protein_0083,protein_0333,0.24719101123595505
protein_0083,protein_0334,0.2
protein_0083,protein_0335,0.16666666666666666
protein_0083,protein_0336,0.14285714285714285
protein_0083,protein_0337,0.40229885057471265
protein_0083,protein_0338,0.2413793103448276
protein_0083,protein_0339,0.18181818181818182
protein_0083,protein_0340,0.1
protein_0083,protein_0341,0.2358490566037736
protein_0083,protein_0342,0.11494252873563218
protein_0083,protein_0343,0.16091954022988506
protein_0083,protein_0344,0.27586206896551724
protein_0083,protein_0345,0.175
protein_0083,protein_0346,0.175
protein_0083,protein_0347,0.1724137931034483
protein_0083,protein_0348,0.1417910447761194
protein_0083,protein_0349,0.18095238095238095
protein_0083,protein_0350,0.28735632183908044
protein_0083,protein_0351,0.8045977011494253
protein_0083,protein_0352,0.12643678160919541
protein_0083,protein_0353,0.18181818181818182
protein_0083,protein_0354,0.26436781609195403
protein_0083,protein_0355,0.39080459770114945
protein_0083,protein_0356,0.14942528735632185
protein_0083,protein_0357,0.13934426229508196
protein_0083,protein_0358,0.28735632183908044
protein_0083,protein_0359,0.19548872180451127
protein_0083,protein_0360,0.2988505747126437
protein_0083,protein_0361,0.11278195488721804
protein_0083,protein_0362,0.23333333333333334
protein_0083,protein_0363,0.23333333333333334
protein_0083,protein_0364,0.19101123595505617
protein_0083,protein_0365,0.1839080459770115
protein_0083,protein_0366,0.20833333333333334
protein_0083,protein_0368,0.1595744680851064
protein_0083,protein_0369,0.12643678160919541
protein_0083,protein_0370,0.27586206896551724
protein_0083,protein_0371,0.26436781609195403
protein_0083,protein_0372,0.0990990990990991
protein_0083,protein_0373,0.1650485436893204
protein_0083,protein_0374,0.176
protein_0083,protein_0375,0.26436781609195403
protein_0083,protein_0376,0.18095238095238095
protein_0083,protein_0377,0.24175824175824176
protein_0083,protein_0378,0.17796610169491525
protein_0083,protein_0380,0.13829787234042554
protein_0083,protein_0381,0.13829787234042554
protein_0083,protein_0382,0.25555555555555554
protein_0083,protein_0383,0.15730337078651685
protein_0083,protein_0384,0.3103448275862069
protein_0083,protein_0385,0.15151515151515152
protein_0083,protein_0386,0.17757009345794392
protein_0083,protein_0387,0.10784313725490197
protein_0083,protein_0388,0.14772727272727273
protein_0083,protein_0390,0.42696629213483145
protein_0083,protein_0391,0.2
protein_0083,protein_0392,0.2988505747126437
protein_0083,protein_0393,0.2988505747126437
protein_0083,protein_0394,0.15254237288135594
protein_0083,protein_0395,0.20618556701030927
protein_0083,protein_0396,0.1206896551724138
protein_0083,protein_0397,0.2777777777777778
protein_0083,protein_0398,0.10526315789473684
protein_0083,protein_0399,0.3333333333333333
protein_0085,protein_0000,0.1810344827586207
protein_0085,protein_0001,0.18446601941747573
protein_0085,protein_0002,0.16964285714285715
protein_0085,protein_0003,0.14814814814814814
protein_0085,protein_0004,0.13592233009708737
protein_0085,protein_0005,0.16666666666666666
protein_0085,protein_0006,0.13592233009708737
protein_0085,protein_0007,0.19
protein_0085,protein_0008,0.15748031496062992
protein_0085,protein_0009,0.12
protein_0085,protein_0010,0.14423076923076922
protein_0085,protein_0011,0.14545454545454545
protein_0085,protein_0013,0.19
protein_0085,protein_0014,0.17699115044247787
protein_0085,protein_0015,0.1282051282051282
protein_0085,protein_0016,0.14173228346456693
protein_0085,protein_0017,0.1702127659574468
protein_0085,protein_0018,0.19672131147540983
protein_0085,protein_0019,0.16
protein_0085,protein_0020,0.14035087719298245
protein_0085,protein_0021,0.16037735849056603
protein_0085,protein_0022,0.12871287128712872
protein_0085,protein_0023,0.2
protein_0085,protein_0024,0.20610687022900764
protein_0085,protein_0025,0.20175438596491227
protein_0085,protein_0026,0.16058394160583941
protein_0085,protein_0027,0.16666666666666666
protein_0085,protein_0030,0.140625
protein_0085,protein_0031,0.16363636363636364
protein_0085,protein_0032,0.2018348623853211
protein_0085,protein_0033,0.12844036697247707
protein_0085,protein_0034,0.11650485436893204
protein_0085,protein_0036,0.1619047619047619
protein_0085,protein_0037,0.16260162601626016
protein_0085,protein_0038,0.16260162601626016
protein_0085,protein_0039,0.13
protein_0085,protein_0040,0.16
protein_0085,protein_0042,0.1694915254237288
protein_0085,protein_0043,0.1487603305785124
protein_0085,protein_0045,0.1623931623931624
protein_0085,protein_0046,0.1485148514851485
protein_0085,protein_0047,0.1346153846153846
protein_0085,protein_0048,0.15384615384615385
protein_0085,protein_0049,0.1553398058252427
protein_0085,protein_0050,0.10256410256410256
protein_0085,protein_0052,0.09
protein_0085,protein_0053,0.15384615384615385
protein_0085,protein_0054,0.14285714285714285
protein_0085,protein_0055,0.16
protein_0085,protein_0056,0.19008264462809918
protein_0085,protein_0057,0.15841584158415842
protein_0085,protein_0058,0.1262135922330097
protein_0085,protein_0059,0.1322314049586777
protein_0085,protein_0060,0.17857142857142858
protein_0085,protein_0061,0.11206896551724138
protein_0085,protein_0062,0.1
protein_0085,protein_0063,0.11467889908256881
protein_0085,protein_0064,0.17699115044247787
protein_0085,protein_0066,0.4
protein_0085,protein_0067,0.15384615384615385
protein_0085,protein_0068,0.15517241379310345
protein_0085,protein_0069,0.1792452830188679
protein_0085,protein_0070,0.11
protein_0085,protein_0071,0.14563106796116504
protein_0085,protein_0072,0.15
protein_0085,protein_0073,0.12931034482758622
protein_0085,protein_0075,0.16129032258064516
protein_0085,protein_0076,0.13
protein_0085,protein_0077,0.1320754716981132
protein_0085,protein_0078,0.17272727272727273
protein_0085,protein_0079,0.17272727272727273
protein_0085,protein_0080,0.15833333333333333
protein_0085,protein_0081,0.17699115044247787
protein_0085,protein_0082,0.91
protein_0085,protein_0084,0.1574074074074074
protein_0085,protein_0086,0.9
protein_0085,protein_0087,0.15
protein_0085,protein_0088,0.15447154471544716
protein_0085,protein_0089,0.16
protein_0085,protein_0090,0.16
protein_0085,protein_0091,0.15966386554621848
protein_0085,protein_0092,0.15966386554621848
protein_0085,protein_0093,0.13592233009708737
protein_0085,protein_0094,0.15267175572519084
protein_0085,protein_0096,0.10810810810810811
protein_0085,protein_0097,0.15384615384615385
protein_0085,protein_0098,0.125
protein_0085,protein_0099,0.18333333333333332
protein_0085,protein_0100,0.17142857142857143
protein_0085,protein_0101,0.12931034482758622
protein_0085,protein_0102,0.1
protein_0085,protein_0103,0.17796610169491525
protein_0085,protein_0104,0.15748031496062992
protein_0085,protein_0105,0.1509433962264151
protein_0085,protein_0106,0.14634146341463414
protein_0085,protein_0108,0.0784313725490196
protein_0085,protein_0109,0.16
protein_0085,protein_0110,0.13636363636363635
protein_0085,protein_0111,0.16379310344827586
protein_0085,protein_0112,0.48
protein_0085,protein_0113,0.1523809523809524
protein_0085,protein_0114,0.14563106796116504
protein_0085,protein_0115,0.16071428571428573
protein_0085,protein_0116,0.14912280701754385
protein_0085,protein_0117,0.14912280701754385
protein_0085,protein_0118,0.15841584158415842
protein_0085,protein_0119,0.41
protein_0085,protein_0120,0.1792452830188679
protein_0085,protein_0121,0.1792452830188679
protein_0085,protein_0122,0.17757009345794392
protein_0085,protein_0123,0.16
protein_0085,protein_0124,0.1792452830188679
protein_0085,protein_0125,0.1619047619047619
protein_0085,protein_0126,0.1346153846153846
protein_0085,protein_0128,0.13793103448275862
protein_0085,protein_0129,0.1188118811881188
protein_0085,protein_0130,0.11206896551724138
protein_0085,protein_0131,0.14
protein_0085,protein_0132,0.13445378151260504
protein_0085,protein_0134,0.1834862385321101
protein_0085,protein_0135,0.1504424778761062
protein_0085,protein_0136,0.152
protein_0085,protein_0137,0.15503875968992248
protein_0085,protein_0138,0.15503875968992248
protein_0085,protein_0139,0.17
protein_0085,protein_0140,0.1262135922330097
protein_0085,protein_0141,0.15
protein_0085,protein_0143,0.12
protein_0085,protein_0144,0.1592920353982301
protein_0085,protein_0145,0.16666666666666666
protein_0085,protein_0146,0.10891089108910891
protein_0085,protein_0147,0.1559633027522936
protein_0085,protein_0148,0.1724137931034483
protein_0085,protein_0149,0.17142857142857143
protein_0085,protein_0150,0.16666666666666666
protein_0085,protein_0151,0.14285714285714285
protein_0085,protein_0152,0.18584070796460178
protein_0085,protein_0153,0.18691588785046728
protein_0085,protein_0154,0.14814814814814814
protein_0085,protein_0155,0.136
protein_0085,protein_0156,0.11016949152542373
protein_0085,protein_0157,0.1346153846153846
protein_0085,protein_0158,0.2
protein_0085,protein_0160,0.13333333333333333
protein_0085,protein_0161,0.1746031746031746
protein_0085,protein_0162,0.15315315315315314
protein_0085,protein_0163,0.49
protein_0085,protein_0164,0.17355371900826447
protein_0085,protein_0165,0.15
protein_0085,protein_0166,0.19008264462809918
protein_0085,protein_0167,0.17886178861788618
protein_0085,protein_0168,0.192
protein_0085,protein_0169,0.14166666666666666
protein_0085,protein_0171,0.12264150943396226
protein_0085,protein_0172,0.12698412698412698
protein_0085,protein_0173,0.14423076923076922
protein_0085,protein_0174,0.12
protein_0085,protein_0175,0.1320754716981132
protein_0085,protein_0176,0.17
protein_0085,protein_0177,0.17
protein_0085,protein_0179,0.19827586206896552
protein_0085,protein_0180,0.12844036697247707
protein_0085,protein_0181,0.15384615384615385
protein_0085,protein_0182,0.10679611650485436
protein_0085,protein_0183,0.13675213675213677
protein_0085,protein_0185,0.128
protein_0085,protein_0187,0.13392857142857142
protein_0085,protein_0188,0.17647058823529413
protein_0085,protein_0189,0.16666666666666666
protein_0085,protein_0190,0.13592233009708737
protein_0085,protein_0191,0.16071428571428573
protein_0085,protein_0192,0.14423076923076922
protein_0085,protein_0193,0.11
protein_0085,protein_0194,0.14423076923076922
protein_0085,protein_0195,0.1308411214953271
protein_0085,protein_0196,0.11320754716981132
protein_0085,protein_0197,0.13793103448275862
protein_0085,protein_0198,0.1553398058252427
protein_0085,protein_0199,0.1415929203539823
protein_0085,protein_0200,0.12931034482758622
protein_0085,protein_0201,0.48
protein_0085,protein_0202,0.15966386554621848
protein_0085,protein_0203,0.1889763779527559
protein_0085,protein_0204,0.15
protein_0085,protein_0205,0.11682242990654206
protein_0085,protein_0207,0.11904761904761904
protein_0085,protein_0208,0.15126050420168066
protein_0085,protein_0209,0.1487603305785124
protein_0085,protein_0210,0.17543859649122806
protein_0085,protein_0211,0.44
protein_0085,protein_0212,0.15
protein_0085,protein_0213,0.14678899082568808
protein_0085,protein_0214,0.18269230769230768
protein_0085,protein_0215,0.14
protein_0085,protein_0216,0.45
protein_0085,protein_0217,0.14655172413793102
protein_0085,protein_0218,0.18045112781954886
protein_0085,protein_0219,0.18110236220472442
protein_0085,protein_0220,0.19469026548672566
protein_0085,protein_0222,0.1553398058252427
protein_0085,protein_0223,0.17142857142857143
protein_0085,protein_0224,0.14
protein_0085,protein_0225,0.15178571428571427
protein_0085,protein_0226,0.13761467889908258
protein_0085,protein_0227,0.20588235294117646
protein_0085,protein_0228,0.14563106796116504
protein_0085,protein_0229,0.11764705882352941
protein_0085,protein_0230,0.12931034482758622
protein_0085,protein_0231,0.18333333333333332
protein_0085,protein_0232,0.1619047619047619
protein_0085,protein_0233,0.16058394160583941
protein_0085,protein_0234,0.125
protein_0085,protein_0235,0.15254237288135594
protein_0085,protein_0236,0.18269230769230768
protein_0085,protein_0237,0.18269230769230768
protein_0085,protein_0238,0.14864864864864866
protein_0085,protein_0239,0.17699115044247787
protein_0085,protein_0241,0.17699115044247787
protein_0085,protein_0243,0.1592920353982301
protein_0085,protein_0245,0.16521739130434782
protein_0085,protein_0246,0.16346153846153846
protein_0085,protein_0247,0.1504424778761062
protein_0085,protein_0248,0.13592233009708737
protein_0085,protein_0250,0.14545454545454545
protein_0085,protein_0251,0.14150943396226415
protein_0085,protein_0252,0.14423076923076922
protein_0085,protein_0253,0.15702479338842976
protein_0085,protein_0255,0.14035087719298245
protein_0085,protein_0256,0.17094017094017094
protein_0085,protein_0257,0.1794871794871795
protein_0085,protein_0258,0.1619047619047619
protein_0085,protein_0259,0.16
protein_0085,protein_0260,0.16
protein_0085,protein_0261,0.16981132075471697
protein_0085,protein_0262,0.19718309859154928
protein_0085,protein_0263,0.18309859154929578
protein_0085,protein_0264,0.12962962962962962
protein_0085,protein_0265,0.12962962962962962
protein_0085,protein_0266,0.13636363636363635
protein_0085,protein_0267,0.125
protein_0085,protein_0268,0.12745098039215685
protein_0085,protein_0269,0.136
protein_0085,protein_0270,0.1553398058252427
protein_0085,protein_0271,0.16
protein_0085,protein_0273,0.17
protein_0085,protein_0274,0.14423076923076922
protein_0085,protein_0275,0.16981132075471697
protein_0085,protein_0276,0.125
protein_0085,protein_0277,0.17
protein_0085,protein_0278,0.0970873786407767
protein_0085,protein_0279,0.18487394957983194
protein_0085,protein_0280,0.20869565217391303
protein_0085,protein_0281,0.1864406779661017
protein_0085,protein_0282,0.15
protein_0085,protein_0283,0.1085972850678733
protein_0085,protein_0284,0.13793103448275862
protein_0085,protein_0285,0.13592233009708737
protein_0085,protein_0286,0.19469026548672566
protein_0085,protein_0287,0.11666666666666667
protein_0085,protein_0288,0.17543859649122806
protein_0085,protein_0289,0.14678899082568808
protein_0085,protein_0291,0.1388888888888889
protein_0085,protein_0292,0.16831683168316833
protein_0085,protein_0293,0.11764705882352941
protein_0085,protein_0294,0.1388888888888889
protein_0085,protein_0295,0.1568627450980392
protein_0085,protein_0297,0.14
protein_0085,protein_0299,0.16346153846153846
protein_0085,protein_0300,0.17
protein_0085,protein_0301,0.14
protein_0085,protein_0302,0.10138248847926268
protein_0085,protein_0303,0.17757009345794392
protein_0085,protein_0305,0.1891891891891892
protein_0085,protein_0306,0.16
protein_0085,protein_0307,0.14960629921259844
protein_0085,protein_0308,0.16
protein_0085,protein_0309,0.2
protein_0085,protein_0311,0.17094017094017094
protein_0085,protein_0312,0.15315315315315314
protein_0085,protein_0313,0.20833333333333334
protein_0085,protein_0314,0.42
protein_0085,protein_0315,0.16923076923076924
protein_0085,protein_0316,0.16
protein_0085,protein_0317,0.44
protein_0085,protein_0319,0.1724137931034483
protein_0085,protein_0320,0.11320754716981132
protein_0085,protein_0321,0.09649122807017543
protein_0085,protein_0323,0.15
protein_0085,protein_0324,0.14285714285714285
protein_0085,protein_0325,0.2047244094488189
protein_0085,protein_0326,0.10619469026548672
protein_0085,protein_0327,0.15
protein_0085,protein_0328,0.12037037037037036
protein_0085,protein_0329,0.12037037037037036
protein_0085,protein_0330,0.16346153846153846
protein_0085,protein_0332,0.1509433962264151
protein_0085,protein_0333,0.19827586206896552
protein_0085,protein_0334,0.11428571428571428
protein_0085,protein_0335,0.48
protein_0085,protein_0336,0.15841584158415842
protein_0085,protein_0337,0.14685314685314685
protein_0085,protein_0338,0.1509433962264151
protein_0085,protein_0339,0.15841584158415842
protein_0085,protein_0340,0.45
protein_0085,protein_0341,0.14035087719298245
protein_0085,protein_0342,0.1588785046728972
protein_0085,protein_0343,0.1523809523809524
protein_0085,protein_0344,0.15
protein_0085,protein_0345,0.125
protein_0085,protein_0346,0.125
protein_0085,protein_0347,0.17
protein_0085,protein_0348,0.15267175572519084
protein_0085,protein_0349,0.47
protein_0085,protein_0350,0.12
protein_0085,protein_0351,0.11818181818181818
protein_0085,protein_0352,0.17
protein_0085,protein_0353,0.14049586776859505
protein_0085,protein_0354,0.09
protein_0085,protein_0355,0.18796992481203006
protein_0085,protein_0356,0.17
protein_0085,protein_0357,0.1984732824427481
protein_0085,protein_0358,0.13
protein_0085,protein_0359,0.15447154471544716
protein_0085,protein_0360,0.18269230769230768
protein_0085,protein_0361,0.19083969465648856
protein_0085,protein_0362,0.1
protein_0085,protein_0363,0.1
protein_0085,protein_0364,0.1574074074074074
protein_0085,protein_0365,0.14
protein_0085,protein_0366,0.15
protein_0085,protein_0368,0.13861386138613863
protein_0085,protein_0369,0.20192307692307693
protein_0085,protein_0370,0.15
protein_0085,protein_0371,0.12
protein_0085,protein_0372,0.11467889908256881
protein_0085,protein_0373,0.31
protein_0085,protein_0374,0.1796875
protein_0085,protein_0375,0.12
protein_0085,protein_0376,0.1346153846153846
protein_0085,protein_0377,0.17391304347826086
protein_0085,protein_0378,0.13008130081300814
protein_0085,protein_0380,0.12173913043478261
protein_0085,protein_0381,0.12173913043478261
protein_0085,protein_0382,0.21367521367521367
protein_0085,protein_0383,0.14705882352941177
protein_0085,protein_0384,0.14166666666666666
protein_0085,protein_0385,0.11965811965811966
protein_0085,protein_0386,0.4174757281553398
protein_0085,protein_0387,0.14912280701754385
protein_0085,protein_0388,0.17475728155339806
protein_0085,protein_0390,0.16346153846153846
protein_0085,protein_0391,0.15315315315315314
protein_0085,protein_0392,0.12264150943396226
protein_0085,protein_0393,0.20175438596491227
protein_0085,protein_0394,0.14782608695652175
protein_0085,protein_0395,0.10526315789473684
protein_0085,protein_0396,0.15254237288135594
protein_0085,protein_0397,0.168141592920354
protein_0085,protein_0398,0.14912280701754385
protein_0085,protein_0399,0.1559633027522936
protein_0095,protein_0000,0.14035087719298245
protein_0095,protein_0001,0.10155400155400154
protein_0095,protein_0002,0.11607142857142858
protein_0095,protein_0003,0.16101694915254236
protein_0095,protein_0004,0.14035087719298245
protein_0095,protein_0005,0.15126050420168066
protein_0095,protein_0006,0.2033898305084746
protein_0095,protein_0007,0.13977879481311975
protein_0095,protein_0008,0.208
protein_0095,protein_0009,0.12389380530973451
protein_0095,protein_0010,0.184
protein_0095,protein_0011,0.1452991452991453
protein_0095,protein_0013,0.0990990990990991
protein_0095,protein_0014,0.1474481658692185
protein_0095,protein_0015,0.15
protein_0095,protein_0016,0.1984126984126984
protein_0095,protein_0017,0.21379310344827587
protein_0095,protein_0018,0.14545454545454545
protein_0095,protein_0019,0.12327278372923459
protein_0095,protein_0020,0.12931034482758622
protein_0095,protein_0021,0.13392857142857142
protein_0095,protein_0022,0.12015810276679842
protein_0095,protein_0023,0.164192294096854
protein_0095,protein_0024,0.168
protein_0095,protein_0025,0.13043478260869565
protein_0095,protein_0026,0.20300751879699247
protein_0095,protein_0027,0.14220933690157597
protein_0095,protein_0030,0.18796992481203006
protein_0095,protein_0031,0.21739130434782608
protein_0095,protein_0032,0.16806722689075632
protein_0095,protein_0033,0.18032786885245902
protein_0095,protein_0034,0.11403508771929824
protein_0095,protein_0036,0.15987460815047022
protein_0095,protein_0037,0.16801048175771016
protein_0095,protein_0038,0.16801048175771016
protein_0095,protein_0039,0.14655172413793102
protein_0095,protein_0040,0.10909090909090909
protein_0095,protein_0042,0.13114754098360656
protein_0095,protein_0043,0.1592920353982301
protein_0095,protein_0045,0.12931034482758622
protein_0095,protein_0046,0.13898971566848156
protein_0095,protein_0047,0.15126050420168066
protein_0095,protein_0048,0.15126050420168066
protein_0095,protein_0049,0.1826086956521739
protein_0095,protein_0050,0.18032786885245902
protein_0095,protein_0052,0.1440677966101695
protein_0095,protein_0053,0.14912280701754385
protein_0095,protein_0054,0.1297709923664122
protein_0095,protein_0055,0.13178294573643412
protein_0095,protein_0056,0.4646690168429299
protein_0095,protein_0057,0.13891409558378703
protein_0095,protein_0058,0.1415929203539823
protein_0095,protein_0059,0.15384615384615385
protein_0095,protein_0060,0.4733652312599681
protein_0095,protein_0061,0.15447154471544716
protein_0095,protein_0062,0.11864406779661017
protein_0095,protein_0063,0.11737089201877934
protein_0095,protein_0064,0.13392857142857142
protein_0095,protein_0066,0.11363636363636363
protein_0095,protein_0067,0.14782608695652175
protein_0095,protein_0068,0.13793103448275862
protein_0095,protein_0069,0.13636363636363635
protein_0095,protein_0070,0.16216216216216217
protein_0095,protein_0071,0.14545454545454545
protein_0095,protein_0072,0.14647335423197494
protein_0095,protein_0073,0.19491525423728814
protein_0095,protein_0075,0.1818663838812301
protein_0095,protein_0076,0.15789473684210525
protein_0095,protein_0077,0.14166666666666666
protein_0095,protein_0078,0.40350877192982454
protein_0095,protein_0079,0.40350877192982454
protein_0095,protein_0080,0.17272727272727273
protein_0095,protein_0081,0.16216216216216217
protein_0095,protein_0082,0.15873015873015872
protein_0095,protein_0084,0.1411399342345634
protein_0095,protein_0086,0.16
protein_0095,protein_0087,0.13429752066115702
protein_0095,protein_0088,0.13333333333333333
protein_0095,protein_0089,0.8995804729214341
protein_0095,protein_0090,0.8995804729214341
protein_0095,protein_0091,0.29914529914529914
protein_0095,protein_0092,0.29914529914529914
protein_0095,protein_0093,0.12931034482758622
protein_0095,protein_0094,0.1893939393939394
protein_0095,protein_0096,0.1391304347826087
protein_0095,protein_0097,0.16393442622950818
protein_0095,protein_0098,0.12396694214876033
protein_0095,protein_0099,0.44657097288676234
protein_0095,protein_0100,0.13814229249011858
protein_0095,protein_0101,0.2033898305084746
protein_0095,protein_0102,0.14516129032258066
protein_0095,protein_0103,0.1652892561983471
protein_0095,protein_0104,0.1937984496124031
protein_0095,protein_0105,0.125
protein_0095,protein_0106,0.41596045197740117
protein_0095,protein_0108,0.1415929203539823
protein_0095,protein_0109,0.12974481658692183
protein_0095,protein_0110,0.17699115044247787
protein_0095,protein_0111,0.15702479338842976
protein_0095,protein_0112,0.20168067226890757
protein_0095,protein_0113,0.15267175572519084
protein_0095,protein_0114,0.16521739130434782
protein_0095,protein_0115,0.13392857142857142
protein_0095,protein_0116,0.4598883572567783
protein_0095,protein_0117,0.4598883572567783
protein_0095,protein_0118,0.1383572567783094
protein_0095,protein_0119,0.1640625
protein_0095,protein_0120,0.1452991452991453
protein_0095,protein_0121,0.1452991452991453
protein_0095,protein_0122,0.15358126721763085
protein_0095,protein_0123,0.11967084639498432
protein_0095,protein_0124,0.13675213675213677
protein_0095,protein_0125,0.2109375
protein_0095,protein_0126,0.171875
protein_0095,protein_0128,0.1504424778761062
protein_0095,protein_0129,0.2072072072072072
protein_0095,protein_0130,0.8733790999237223
protein_0095,protein_0131,0.11489028213166144
protein_0095,protein_0132,0.1322314049586777
protein_0095,protein_0134,0.12612612612612611
protein_0095,protein_0135,0.13274336283185842
protein_0095,protein_0136,0.16666666666666666
protein_0095,protein_0137,0.18253968253968253
protein_0095,protein_0138,0.18253968253968253
protein_0095,protein_0139,0.11872110939907549
protein_0095,protein_0140,0.15
protein_0095,protein_0141,0.15231675924671453
protein_0095,protein_0143,0.14035087719298245
protein_0095,protein_0144,0.14912280701754385
protein_0095,protein_0145,0.1251993620414673
protein_0095,protein_0146,0.11818181818181818
protein_0095,protein_0147,0.13675213675213677
protein_0095,protein_0148,0.14035087719298245
protein_0095,protein_0149,0.14598511555033294
protein_0095,protein_0150,0.16666666666666666
protein_0095,protein_0151,0.1
protein_0095,protein_0152,0.12551834130781497
protein_0095,protein_0153,0.1415991156963891
protein_0095,protein_0154,0.15708505115284777
protein_0095,protein_0155,0.16541353383458646
protein_0095,protein_0156,0.1774193548387097
protein_0095,protein_0157,0.12931034482758622
protein_0095,protein_0158,0.14290271132376395
protein_0095,protein_0160,0.13392857142857142
protein_0095,protein_0161,0.1506849315068493
protein_0095,protein_0162,0.12903225806451613
protein_0095,protein_0163,0.16101694915254236
protein_0095,protein_0164,0.13076923076923078
protein_0095,protein_0165,0.10279106858054227
protein_0095,protein_0166,0.12698412698412698
protein_0095,protein_0167,0.4958713920350749
protein_0095,protein_0168,0.478772378516624
protein_0095,protein_0169,0.15328467153284672
protein_0095,protein_0171,0.11818181818181818
protein_0095,protein_0172,0.1450381679389313
protein_0095,protein_0173,0.15873015873015872
protein_0095,protein_0174,0.1322314049586777
protein_0095,protein_0175,0.13675213675213677
protein_0095,protein_0176,0.1327479338842975
protein_0095,protein_0177,0.12366854636591479
protein_0095,protein_0179,0.1484375
protein_0095,protein_0180,0.1721311475409836
protein_0095,protein_0181,0.14655172413793102
protein_0095,protein_0182,0.14414414414414414
protein_0095,protein_0183,0.1504424778761062
protein_0095,protein_0185,0.17094017094017094
protein_0095,protein_0187,0.1111111111111111
protein_0095,protein_0188,0.14760765550239235
protein_0095,protein_0189,0.17391304347826086
protein_0095,protein_0190,0.13793103448275862
protein_0095,protein_0191,0.1794871794871795
protein_0095,protein_0192,0.1328125
protein_0095,protein_0193,0.16101694915254236
protein_0095,protein_0194,0.16101694915254236
protein_0095,protein_0195,0.11818181818181818
protein_0095,protein_0196,0.11965811965811966
protein_0095,protein_0197,0.15517241379310345
protein_0095,protein_0198,0.15789473684210525
protein_0095,protein_0199,0.14035087719298245
protein_0095,protein_0200,0.1565217391304348
protein_0095,protein_0201,0.1391304347826087
protein_0095,protein_0202,0.09649122807017543
protein_0095,protein_0203,0.17985611510791366
protein_0095,protein_0204,0.14606829573934837
protein_0095,protein_0205,0.12735849056603774
protein_0095,protein_0207,0.1417910447761194
protein_0095,protein_0208,0.15310569105691058
protein_0095,protein_0209,0.13274336283185842
protein_0095,protein_0210,0.13274336283185842
protein_0095,protein_0211,0.17551109177903434
protein_0095,protein_0212,0.12280701754385964
protein_0095,protein_0213,0.1452991452991453
protein_0095,protein_0214,0.13559322033898305
protein_0095,protein_0215,0.14285714285714285
protein_0095,protein_0216,0.1206896551724138
protein_0095,protein_0217,0.15126050420168066
protein_0095,protein_0218,0.20610687022900764
protein_0095,protein_0219,0.17391304347826086
protein_0095,protein_0220,0.15
protein_0095,protein_0222,0.17543859649122806
protein_0095,protein_0223,0.15454545454545454
protein_0095,protein_0224,0.1204944178628389
protein_0095,protein_0225,0.15966386554621848
protein_0095,protein_0226,0.16216216216216217
protein_0095,protein_0227,0.10810810810810811
protein_0095,protein_0228,0.1624633431085044
protein_0095,protein_0229,0.1391304347826087
protein_0095,protein_0230,0.1557377049180328
protein_0095,protein_0231,0.1487603305785124
protein_0095,protein_0232,0.13608374384236455
protein_0095,protein_0233,0.16666666666666666
protein_0095,protein_0234,0.1796875
protein_0095,protein_0235,0.12413847117794485
protein_0095,protein_0236,0.14561965811965813
protein_0095,protein_0237,0.14561965811965813
protein_0095,protein_0238,0.1232876712328767
protein_0095,protein_0239,0.14634146341463414
protein_0095,protein_0241,0.12280701754385964
protein_0095,protein_0243,0.13445378151260504
protein_0095,protein_0245,0.1463963963963964
protein_0095,protein_0246,0.17886178861788618
protein_0095,protein_0247,0.1683509596553075
protein_0095,protein_0248,0.11607142857142858
protein_0095,protein_0250,0.12265231333027943
protein_0095,protein_0251,0.13513513513513514
protein_0095,protein_0252,0.1271186440677966
protein_0095,protein_0253,0.1565217391304348
protein_0095,protein_0255,0.1348314606741573
protein_0095,protein_0256,0.17094017094017094
protein_0095,protein_0257,0.18803418803418803
protein_0095,protein_0258,0.14655172413793102
protein_0095,protein_0259,0.1511379800853485
protein_0095,protein_0260,0.1511379800853485
protein_0095,protein_0261,0.18032786885245902
protein_0095,protein_0262,0.17647058823529413
protein_0095,protein_0263,0.15942028985507245
protein_0095,protein_0264,0.144
protein_0095,protein_0265,0.144
protein_0095,protein_0266,0.1260705109905795
protein_0095,protein_0267,0.13821138211382114
protein_0095,protein_0268,0.1891891891891892
protein_0095,protein_0269,0.17054263565891473
protein_0095,protein_0270,0.14414414414414414
protein_0095,protein_0271,0.13865546218487396
protein_0095,protein_0273,0.15811606391925986
protein_0095,protein_0274,0.15833333333333333
protein_0095,protein_0275,0.175
protein_0095,protein_0276,0.09009009009009009
protein_0095,protein_0277,0.12065390749601275
protein_0095,protein_0278,0.13636363636363635
protein_0095,protein_0279,0.1322314049586777
protein_0095,protein_0280,0.09649122807017543
protein_0095,protein_0281,0.35398230088495575
protein_0095,protein_0282,0.10909090909090909
protein_0095,protein_0283,0.13636363636363635
protein_0095,protein_0284,0.15390121689334288
protein_0095,protein_0285,0.15254237288135594
protein_0095,protein_0286,0.13413078149920254
protein_0095,protein_0287,0.13333333333333333
protein_0095,protein_0288,0.12903225806451613
protein_0095,protein_0289,0.13267543859649122
protein_0095,protein_0291,0.12466547725245317
protein_0095,protein_0292,0.1455745341614907
protein_0095,protein_0293,0.13043478260869565
protein_0095,protein_0294,0.12466547725245317
protein_0095,protein_0295,0.15245009074410162
protein_0095,protein_0297,0.13397129186602869
protein_0095,protein_0299,0.13165144265622736
protein_0095,protein_0300,0.10434782608695653
protein_0095,protein_0301,0.1
protein_0095,protein_0302,0.11009174311926606
protein_0095,protein_0303,0.11403508771929824
protein_0095,protein_0305,0.1638471177944862
protein_0095,protein_0306,0.140625
protein_0095,protein_0307,0.1693548387096774
protein_0095,protein_0308,0.13008130081300814
protein_0095,protein_0309,0.16575850043591978
protein_0095,protein_0311,0.13274336283185842
protein_0095,protein_0312,0.1487603305785124
protein_0095,protein_0313,0.15016209843796052
protein_0095,protein_0314,0.16101694915254236
protein_0095,protein_0315,0.13008130081300814
protein_0095,protein_0316,0.17862838915470494
protein_0095,protein_0317,0.15966386554621848
protein_0095,protein_0319,0.14049586776859505
protein_0095,protein_0320,0.16521739130434782
protein_0095,protein_0321,0.11818181818181818
protein_0095,protein_0323,0.15384615384615385
protein_0095,protein_0324,0.1206896551724138
protein_0095,protein_0325,0.5108727701606959
protein_0095,protein_0326,0.17857142857142858
protein_0095,protein_0327,0.16379310344827586
protein_0095,protein_0328,0.3185840707964602
protein_0095,protein_0329,0.3185840707964602
protein_0095,protein_0330,0.16129032258064516
protein_0095,protein_0332,0.1361601176156108
protein_0095,protein_0333,0.14506895654436636
protein_0095,protein_0334,0.13513513513513514
protein_0095,protein_0335,0.1694915254237288
protein_0095,protein_0336,0.1899334116725421
protein_0095,protein_0337,0.1427555374923796
protein_0095,protein_0338,0.13114754098360656
protein_0095,protein_0339,0.1645329540066382
protein_0095,protein_0340,0.1896551724137931
protein_0095,protein_0341,0.18548387096774194
protein_0095,protein_0342,0.13636363636363635
protein_0095,protein_0343,0.15344202898550724
protein_0095,protein_0344,0.16260162601626016
protein_0095,protein_0345,0.2254655067155067
protein_0095,protein_0346,0.2254655067155067
protein_0095,protein_0347,0.13278495887191538
protein_0095,protein_0348,0.13953488372093023
protein_0095,protein_0349,0.18333333333333332
protein_0095,protein_0350,0.16101694915254236
protein_0095,protein_0351,0.15384615384615385
protein_0095,protein_0352,0.12366854636591479
protein_0095,protein_0353,0.4206086059534335
protein_0095,protein_0354,0.15789473684210525
protein_0095,protein_0355,0.15133779264214048
protein_0095,protein_0356,0.1392989628283746
protein_0095,protein_0357,0.1640625
protein_0095,protein_0358,0.12396694214876033
protein_0095,protein_0359,0.125
protein_0095,protein_0360,0.12396694214876033
protein_0095,protein_0361,0.15447154471544716
protein_0095,protein_0362,0.12280701754385964
protein_0095,protein_0363,0.12280701754385964
protein_0095,protein_0364,0.12280701754385964
protein_0095,protein_0365,0.15178571428571427
protein_0095,protein_0366,0.15178571428571427
protein_0095,protein_0368,0.16521739130434782
protein_0095,protein_0369,0.1
protein_0095,protein_0370,0.16260162601626016
protein_0095,protein_0371,0.16964285714285715
protein_0095,protein_0372,0.1415525114155251
protein_0095,protein_0373,0.19658119658119658
protein_0095,protein_0374,0.14634146341463414
protein_0095,protein_0375,0.1391304347826087
protein_0095,protein_0376,0.171875
protein_0095,protein_0377,0.1271186440677966
protein_0095,protein_0378,0.31896551724137934
protein_0095,protein_0380,0.1544684129429892
protein_0095,protein_0381,0.1544684129429892
protein_0095,protein_0382,0.15233739837398375
protein_0095,protein_0383,0.13754427390791027
protein_0095,protein_0384,0.1452991452991453
protein_0095,protein_0385,0.14166666666666666
protein_0095,protein_0386,0.14173228346456693
protein_0095,protein_0387,0.14754098360655737
protein_0095,protein_0388,0.18740031897926634
protein_0095,protein_0390,0.14655172413793102
protein_0095,protein_0391,0.13821138211382114
protein_0095,protein_0392,0.12173913043478261
protein_0095,protein_0393,0.12173913043478261
protein_0095,protein_0394,0.17073170731707318
protein_0095,protein_0395,0.14782608695652175
protein_0095,protein_0396,0.1678832116788321
protein_0095,protein_0397,0.13392857142857142
protein_0095,protein_0398,0.31283007145076114
protein_0095,protein_0399,0.13114754098360656
protein_0107,protein_0000,0.4090909090909091
protein_0107,protein_0001,0.1839080459770115
protein_0107,protein_0002,0.18681318681318682
protein_0107,protein_0003,0.4090909090909091
protein_0107,protein_0004,0.41304347826086957
protein_0107,protein_0005,0.16326530612244897
protein_0107,protein_0006,0.32954545454545453
protein_0107,protein_0007,0.1839080459770115
protein_0107,protein_0008,0.18446601941747573
protein_0107,protein_0009,0.20689655172413793
protein_0107,protein_0010,0.3448275862068966
protein_0107,protein_0011,0.3448275862068966
protein_0107,protein_0013,0.17045454545454544
protein_0107,protein_0014,0.1891891891891892
protein_0107,protein_0015,0.12962962962962962
protein_0107,protein_0016,0.13592233009708737
protein_0107,protein_0017,0.12781954887218044
protein_0107,protein_0018,0.40229885057471265
protein_0107,protein_0019,0.1724137931034483
protein_0107,protein_0020,0.40229885057471265
protein_0107,protein_0021,0.18888888888888888
protein_0107,protein_0022,0.16831683168316833
protein_0107,protein_0023,0.21875
protein_0107,protein_0024,0.144
protein_0107,protein_0025,0.367816091954023
protein_0107,protein_0026,0.1297709923664122
protein_0107,protein_0027,0.1568627450980392
protein_0107,protein_0030,0.1721311475409836
protein_0107,protein_0031,0.17
protein_0107,protein_0032,0.4659090909090909
protein_0107,protein_0033,0.3103448275862069
protein_0107,protein_0034,0.3103448275862069
protein_0107,protein_0036,0.16304347826086957
protein_0107,protein_0037,0.27586206896551724
protein_0107,protein_0038,0.27586206896551724
protein_0107,protein_0039,0.2696629213483146
protein_0107,protein_0040,0.1
protein_0107,protein_0042,0.22988505747126436
protein_0107,protein_0043,0.22988505747126436
protein_0107,protein_0045,0.42528735632183906
protein_0107,protein_0046,0.1839080459770115
protein_0107,protein_0047,0.3103448275862069
protein_0107,protein_0048,0.2988505747126437
protein_0107,protein_0049,0.3258426966292135
protein_0107,protein_0050,0.14285714285714285
protein_0107,protein_0052,0.40229885057471265
protein_0107,protein_0053,0.39080459770114945
protein_0107,protein_0054,0.15384615384615385
protein_0107,protein_0055,0.13445378151260504
protein_0107,protein_0056,0.16346153846153846
protein_0107,protein_0057,0.1724137931034483
protein_0107,protein_0058,0.16304347826086957
protein_0107,protein_0059,0.25287356321839083
protein_0107,protein_0060,0.0970873786407767
protein_0107,protein_0061,0.2631578947368421
protein_0107,protein_0062,0.367816091954023
protein_0107,protein_0063,0.107981220657277
protein_0107,protein_0064,0.3103448275862069
protein_0107,protein_0066,0.11
protein_0107,protein_0067,0.367816091954023
protein_0107,protein_0068,0.19540229885057472
protein_0107,protein_0069,0.3218390804597701
protein_0107,protein_0070,0.22916666666666666
protein_0107,protein_0071,0.26436781609195403
protein_0107,protein_0072,0.19540229885057472
protein_0107,protein_0073,0.22988505747126436
protein_0107,protein_0075,0.17346938775510204
protein_0107,protein_0076,0.14942528735632185
protein_0107,protein_0077,0.4157303370786517
protein_0107,protein_0078,0.14678899082568808
protein_0107,protein_0079,0.14678899082568808
protein_0107,protein_0080,0.4367816091954023
protein_0107,protein_0081,0.4482758620689655
protein_0107,protein_0082,0.14
protein_0107,protein_0084,0.28735632183908044
protein_0107,protein_0086,0.13
protein_0107,protein_0087,0.1724137931034483
protein_0107,protein_0088,0.41379310344827586
protein_0107,protein_0089,0.1415929203539823
protein_0107,protein_0090,0.13043478260869565
protein_0107,protein_0091,0.18181818181818182
protein_0107,protein_0092,0.18181818181818182
protein_0107,protein_0093,0.3448275862068966
protein_0107,protein_0094,0.1391304347826087
protein_0107,protein_0096,0.16831683168316833
protein_0107,protein_0097,0.32954545454545453
protein_0107,protein_0098,0.4659090909090909
protein_0107,protein_0099,0.16037735849056603
protein_0107,protein_0100,0.1827956989247312
protein_0107,protein_0101,0.2413793103448276
protein_0107,protein_0102,0.29213483146067415
protein_0107,protein_0103,0.29213483146067415
protein_0107,protein_0104,0.18487394957983194
protein_0107,protein_0105,0.11827956989247312
protein_0107,protein_0106,0.16393442622950818
protein_0107,protein_0108,0.2222222222222222
protein_0107,protein_0109,0.15555555555555556
protein_0107,protein_0110,0.3977272727272727
protein_0107,protein_0111,0.27586206896551724
protein_0107,protein_0112,0.18691588785046728
protein_0107,protein_0113,0.3448275862068966
protein_0107,protein_0114,0.41379310344827586
protein_0107,protein_0115,0.3103448275862069
protein_0107,protein_0116,0.13636363636363635
protein_0107,protein_0117,0.13636363636363635
protein_0107,protein_0118,0.14942528735632185
protein_0107,protein_0119,0.14912280701754385
protein_0107,protein_0120,0.3793103448275862
protein_0107,protein_0121,0.3793103448275862
protein_0107,protein_0122,0.28735632183908044
protein_0107,protein_0123,0.14942528735632185
protein_0107,protein_0124,0.42045454545454547
protein_0107,protein_0125,0.16822429906542055
protein_0107,protein_0126,0.20754716981132076
protein_0107,protein_0128,0.4090909090909091
protein_0107,protein_0129,0.21839080459770116
protein_0107,protein_0130,0.14782608695652175
protein_0107,protein_0131,0.15384615384615385
protein_0107,protein_0132,0.21818181818181817
protein_0107,protein_0134,0.3793103448275862
protein_0107,protein_0135,0.3793103448275862
protein_0107,protein_0136,0.13675213675213677
protein_0107,protein_0137,0.17796610169491525
protein_0107,protein_0138,0.17796610169491525
protein_0107,protein_0139,0.17045454545454544
protein_0107,protein_0140,0.3595505617977528
protein_0107,protein_0141,0.3103448275862069
protein_0107,protein_0143,0.3218390804597701
protein_0107,protein_0144,0.3103448275862069
protein_0107,protein_0145,0.18556701030927836
protein_0107,protein_0146,0.19540229885057472
protein_0107,protein_0147,0.4367816091954023
protein_0107,protein_0148,0.42045454545454547
protein_0107,protein_0149,0.19540229885057472
protein_0107,protein_0150,0.3977272727272727
protein_0107,protein_0151,0.25555555555555554
protein_0107,protein_0152,0.17582417582417584
protein_0107,protein_0153,0.19101123595505617
protein_0107,protein_0154,0.19791666666666666
protein_0107,protein_0155,0.13333333333333333
protein_0107,protein_0156,0.14414414414414414
protein_0107,protein_0157,0.1724137931034483
protein_0107,protein_0158,0.1839080459770115
protein_0107,protein_0160,0.367816091954023
protein_0107,protein_0161,0.15833333333333333
protein_0107,protein_0162,0.38636363636363635
protein_0107,protein_0163,0.1782178217821782
protein_0107,protein_0164,0.3258426966292135
protein_0107,protein_0165,0.14942528735632185
protein_0107,protein_0166,0.34831460674157305
protein_0107,protein_0167,0.15254237288135594
protein_0107,protein_0168,0.1623931623931624
protein_0107,protein_0169,0.1328125
protein_0107,protein_0171,0.20689655172413793
protein_0107,protein_0172,0.14166666666666666
protein_0107,protein_0173,0.367816091954023
protein_0107,protein_0174,0.3563218390804598
protein_0107,protein_0175,0.367816091954023
protein_0107,protein_0176,0.16091954022988506
protein_0107,protein_0177,0.17045454545454544
protein_0107,protein_0179,0.168141592920354
protein_0107,protein_0180,0.2840909090909091
protein_0107,protein_0181,0.367816091954023
protein_0107,protein_0182,0.39080459770114945
protein_0107,protein_0183,0.16666666666666666
protein_0107,protein_0185,0.16666666666666666
protein_0107,protein_0187,0.367816091954023
protein_0107,protein_0188,0.1724137931034483
protein_0107,protein_0189,0.39080459770114945
protein_0107,protein_0190,0.3333333333333333
protein_0107,protein_0191,0.42528735632183906
protein_0107,protein_0192,0.375
protein_0107,protein_0193,0.47126436781609193
protein_0107,protein_0194,0.25287356321839083
protein_0107,protein_0195,0.2988505747126437
protein_0107,protein_0196,0.3103448275862069
protein_0107,protein_0197,0.367816091954023
protein_0107,protein_0198,0.39080459770114945
protein_0107,protein_0199,0.2967032967032967
protein_0107,protein_0200,0.3333333333333333
protein_0107,protein_0201,0.17
protein_0107,protein_0202,0.42696629213483145
protein_0107,protein_0203,0.12195121951219512
protein_0107,protein_0204,0.19540229885057472
protein_0107,protein_0205,0.11374407582938388
protein_0107,protein_0207,0.112
protein_0107,protein_0208,0.16666666666666666
protein_0107,protein_0209,0.2413793103448276
protein_0107,protein_0210,0.39080459770114945
protein_0107,protein_0211,0.14563106796116504
protein_0107,protein_0212,0.16091954022988506
protein_0107,protein_0213,0.4482758620689655
protein_0107,protein_0214,0.13541666666666666
protein_0107,protein_0215,0.14432989690721648
protein_0107,protein_0216,0.12121212121212122
protein_0107,protein_0217,0.16831683168316833
protein_0107,protein_0218,0.1746031746031746
protein_0107,protein_0219,0.18181818181818182
protein_0107,protein_0220,0.3409090909090909
protein_0107,protein_0222,0.3218390804597701
protein_0107,protein_0223,0.13541666666666666
protein_0107,protein_0224,0.14285714285714285
protein_0107,protein_0225,0.18947368421052632
protein_0107,protein_0226,0.1134020618556701
protein_0107,protein_0227,0.14772727272727273
protein_0107,protein_0228,0.2653061224489796
protein_0107,protein_0229,0.14285714285714285
protein_0107,protein_0230,0.18181818181818182
protein_0107,protein_0231,0.4444444444444444
protein_0107,protein_0232,0.15730337078651685
protein_0107,protein_0233,0.109375
protein_0107,protein_0234,0.19626168224299065
protein_0107,protein_0235,0.14444444444444443
protein_0107,protein_0236,0.2840909090909091
protein_0107,protein_0237,0.2840909090909091
protein_0107,protein_0238,0.2
protein_0107,protein_0239,0.3595505617977528
protein_0107,protein_0241,0.3793103448275862
protein_0107,protein_0243,0.42696629213483145
protein_0107,protein_0245,0.14678899082568808
protein_0107,protein_0246,0.18
protein_0107,protein_0247,0.18269230769230768
protein_0107,protein_0248,0.367816091954023
protein_0107,protein_0250,0.1782178217821782
protein_0107,protein_0251,0.18478260869565216
protein_0107,protein_0252,0.1702127659574468
protein_0107,protein_0253,0.17699115044247787
protein_0107,protein_0255,0.11695906432748537
protein_0107,protein_0256,0.1346153846153846
protein_0107,protein_0257,0.1346153846153846
protein_0107,protein_0258,0.3218390804597701
protein_0107,protein_0259,0.16853932584269662
protein_0107,protein_0260,0.16853932584269662
protein_0107,protein_0261,0.18518518518518517
protein_0107,protein_0262,0.17391304347826086
protein_0107,protein_0263,0.15328467153284672
protein_0107,protein_0264,0.391304347826087
protein_0107,protein_0265,0.391304347826087
protein_0107,protein_0266,0.16326530612244897
protein_0107,protein_0267,0.21739130434782608
protein_0107,protein_0268,0.14444444444444443
protein_0107,protein_0269,0.17796610169491525
protein_0107,protein_0270,0.17894736842105263
protein_0107,protein_0271,0.1724137931034483
protein_0107,protein_0273,0.3522727272727273
protein_0107,protein_0274,0.23076923076923078
protein_0107,protein_0275,0.16
protein_0107,protein_0276,0.4482758620689655
protein_0107,protein_0277,0.1724137931034483
protein_0107,protein_0278,0.26666666666666666
protein_0107,protein_0279,0.3181818181818182
protein_0107,protein_0280,0.28735632183908044
protein_0107,protein_0281,0.13559322033898305
protein_0107,protein_0282,0.13861386138613863
protein_0107,protein_0283,0.13122171945701358
protein_0107,protein_0284,0.27586206896551724
protein_0107,protein_0285,0.3448275862068966
protein_0107,protein_0286,0.18681318681318682
protein_0107,protein_0287,0.18181818181818182
protein_0107,protein_0288,0.375
protein_0107,protein_0289,0.2111111111111111
protein_0107,protein_0291,0.22988505747126436
protein_0107,protein_0292,0.18888888888888888
protein_0107,protein_0293,0.2696629213483146
protein_0107,protein_0294,0.22988505747126436
protein_0107,protein_0295,0.1797752808988764
protein_0107,protein_0297,0.17777777777777778
protein_0107,protein_0299,0.17346938775510204
protein_0107,protein_0300,0.15217391304347827
protein_0107,protein_0301,0.14736842105263157
protein_0107,protein_0302,0.0967741935483871
protein_0107,protein_0303,0.28888888888888886
protein_0107,protein_0305,0.19791666666666666
protein_0107,protein_0306,0.13445378151260504
protein_0107,protein_0307,0.1652892561983471
protein_0107,protein_0308,0.17391304347826086
protein_0107,protein_0309,0.20833333333333334
protein_0107,protein_0311,0.41379310344827586
protein_0107,protein_0312,0.3793103448275862
protein_0107,protein_0313,0.2717391304347826
protein_0107,protein_0314,0.14285714285714285
protein_0107,protein_0315,0.18548387096774194
protein_0107,protein_0316,0.14942528735632185
protein_0107,protein_0317,0.14285714285714285
protein_0107,protein_0319,0.3103448275862069
protein_0107,protein_0320,0.3626373626373626
protein_0107,protein_0321,0.2087912087912088
protein_0107,protein_0323,0.25555555555555554
protein_0107,protein_0324,0.12643678160919541
protein_0107,protein_0325,0.13385826771653545
protein_0107,protein_0326,0.24468085106382978
protein_0107,protein_0327,0.4444444444444444
protein_0107,protein_0328,0.18518518518518517
protein_0107,protein_0329,0.18518518518518517
protein_0107,protein_0330,0.3333333333333333
protein_0107,protein_0332,0.26436781609195403
protein_0107,protein_0333,0.28735632183908044
protein_0107,protein_0334,0.1827956989247312
protein_0107,protein_0335,0.14953271028037382
protein_0107,protein_0336,0.16091954022988506
protein_0107,protein_0337,0.3181818181818182
protein_0107,protein_0338,0.25287356321839083
protein_0107,protein_0339,0.1839080459770115
protein_0107,protein_0340,0.13592233009708737
protein_0107,protein_0341,0.20588235294117646
protein_0107,protein_0342,0.14942528735632185
protein_0107,protein_0343,0.18681318681318682
protein_0107,protein_0344,0.45454545454545453
protein_0107,protein_0345,0.13675213675213677
protein_0107,protein_0346,0.13675213675213677
protein_0107,protein_0347,0.22988505747126436
protein_0107,protein_0348,0.14960629921259844
protein_0107,protein_0349,0.1941747572815534
protein_0107,protein_0350,0.42528735632183906
protein_0107,protein_0351,0.3103448275862069
protein_0107,protein_0352,0.17777777777777778
protein_0107,protein_0353,0.1504424778761062
protein_0107,protein_0354,0.2247191011235955
protein_0107,protein_0355,0.3409090909090909
protein_0107,protein_0356,0.15217391304347827
protein_0107,protein_0357,0.13333333333333333
protein_0107,protein_0358,0.4367816091954023
protein_0107,protein_0359,0.1417910447761194
protein_0107,protein_0360,0.3793103448275862
protein_0107,protein_0361,0.136
protein_0107,protein_0362,0.22105263157894736
protein_0107,protein_0363,0.22105263157894736
protein_0107,protein_0364,0.2413793103448276
protein_0107,protein_0365,0.25287356321839083
protein_0107,protein_0366,0.2413793103448276
protein_0107,protein_0368,0.16304347826086957
protein_0107,protein_0369,0.16304347826086957
protein_0107,protein_0370,0.45454545454545453
protein_0107,protein_0371,0.42045454545454547
protein_0107,protein_0372,0.11467889908256881
protein_0107,protein_0373,0.14545454545454545
protein_0107,protein_0374,0.15625
protein_0107,protein_0375,0.40217391304347827
protein_0107,protein_0376,0.15384615384615385
protein_0107,protein_0377,0.3333333333333333
protein_0107,protein_0378,0.15517241379310345
protein_0107,protein_0380,0.14563106796116504
protein_0107,protein_0381,0.14563106796116504
protein_0107,protein_0382,0.26436781609195403
protein_0107,protein_0383,0.19318181818181818
protein_0107,protein_0384,0.38461538461538464
protein_0107,protein_0385,0.1188118811881188
protein_0107,protein_0386,0.2
protein_0107,protein_0387,0.14953271028037382
protein_0107,protein_0388,0.17045454545454544
protein_0107,protein_0390,0.3333333333333333
protein_0107,protein_0391,0.24175824175824176
protein_0107,protein_0392,0.3448275862068966
protein_0107,protein_0393,0.3333333333333333
protein_0107,protein_0394,0.15517241379310345
protein_0107,protein_0395,0.21739130434782608
protein_0107,protein_0396,0.13157894736842105
protein_0107,protein_0397,0.35555555555555557
protein_0107,protein_0398,0.18584070796460178
protein_0107,protein_0399,0.45977011494252873
protein_0127,protein_0000,0.3563218390804598
protein_0127,protein_0001,0.19318181818181818
protein_0127,protein_0002,0.15625
protein_0127,protein_0003,0.449438202247191
protein_0127,protein_0004,0.48863636363636365
protein_0127,protein_0005,0.17582417582417584
protein_0127,protein_0006,0.29213483146067415
protein_0127,protein_0007,0.16091954022988506
protein_0127,protein_0008,0.20202020202020202
protein_0127,protein_0009,0.21839080459770116
protein_0127,protein_0010,0.3218390804597701
protein_0127,protein_0011,0.3218390804597701
protein_0127,protein_0013,0.19318181818181818
protein_0127,protein_0014,0.2247191011235955
protein_0127,protein_0015,0.20909090909090908
protein_0127,protein_0016,0.15151515151515152
protein_0127,protein_0017,0.15384615384615385
protein_0127,protein_0018,0.39325842696629215
protein_0127,protein_0019,0.18181818181818182
protein_0127,protein_0020,0.39080459770114945
protein_0127,protein_0021,0.16483516483516483
protein_0127,protein_0022,0.1650485436893204
protein_0127,protein_0023,0.14583333333333334
protein_0127,protein_0024,0.140625
protein_0127,protein_0025,0.3448275862068966
protein_0127,protein_0026,0.15384615384615385
protein_0127,protein_0027,0.15053763440860216
protein_0127,protein_0030,0.15503875968992248
protein_0127,protein_0031,0.18627450980392157
protein_0127,protein_0032,0.5795454545454546
protein_0127,protein_0033,0.3218390804597701
protein_0127,protein_0034,0.28735632183908044
protein_0127,protein_0036,0.15384615384615385
protein_0127,protein_0037,0.27586206896551724
protein_0127,protein_0038,0.27586206896551724
protein_0127,protein_0039,0.2413793103448276
protein_0127,protein_0040,0.08888888888888889
protein_0127,protein_0042,0.14942528735632185
protein_0127,protein_0043,0.23863636363636365
protein_0127,protein_0045,0.4431818181818182
protein_0127,protein_0046,0.16853932584269662
protein_0127,protein_0047,0.2840909090909091
protein_0127,protein_0048,0.29545454545454547
protein_0127,protein_0049,0.29545454545454547
protein_0127,protein_0050,0.1523809523809524
protein_0127,protein_0052,0.4482758620689655
protein_0127,protein_0053,0.3333333333333333
protein_0127,protein_0054,0.16101694915254236
protein_0127,protein_0055,0.12698412698412698
protein_0127,protein_0056,0.125
protein_0127,protein_0057,0.16091954022988506
protein_0127,protein_0058,0.14772727272727273
protein_0127,protein_0059,0.25
protein_0127,protein_0060,0.1414141414141414
protein_0127,protein_0061,0.23157894736842105
protein_0127,protein_0062,0.3563218390804598
protein_0127,protein_0063,0.12093023255813953
protein_0127,protein_0064,0.3409090909090909
protein_0127,protein_0066,0.16
protein_0127,protein_0067,0.3103448275862069
protein_0127,protein_0068,0.2413793103448276
protein_0127,protein_0069,0.3448275862068966
protein_0127,protein_0070,0.2696629213483146
protein_0127,protein_0071,0.2413793103448276
protein_0127,protein_0072,0.19101123595505617
protein_0127,protein_0073,0.2413793103448276
protein_0127,protein_0075,0.21
protein_0127,protein_0076,0.1839080459770115
protein_0127,protein_0077,0.40229885057471265
protein_0127,protein_0078,0.11538461538461539
protein_0127,protein_0079,0.11538461538461539
protein_0127,protein_0080,0.42045454545454547
protein_0127,protein_0081,0.4431818181818182
protein_0127,protein_0082,0.1485148514851485
protein_0127,protein_0084,0.25287356321839083
protein_0127,protein_0086,0.1485148514851485
protein_0127,protein_0087,0.1724137931034483
protein_0127,protein_0088,0.4318181818181818
protein_0127,protein_0089,0.17272727272727273
protein_0127,protein_0090,0.17272727272727273
protein_0127,protein_0091,0.1415929203539823
protein_0127,protein_0092,0.1415929203539823
protein_0127,protein_0093,0.3218390804597701
protein_0127,protein_0094,0.13043478260869565
protein_0127,protein_0096,0.23076923076923078
protein_0127,protein_0097,0.31868131868131866
protein_0127,protein_0098,0.5108695652173914
protein_0127,protein_0099,0.1320754716981132
protein_0127,protein_0100,0.1724137931034483
protein_0127,protein_0101,0.2413793103448276
protein_0127,protein_0102,0.24719101123595505
protein_0127,protein_0103,0.26373626373626374
protein_0127,protein_0104,0.1732283464566929
protein_0127,protein_0105,0.10989010989010989
protein_0127,protein_0106,0.11504424778761062
protein_0127,protein_0108,0.2608695652173913
protein_0127,protein_0109,0.11494252873563218
protein_0127,protein_0110,0.30337078651685395
protein_0127,protein_0111,0.22988505747126436
protein_0127,protein_0112,0.16666666666666666
protein_0127,protein_0113,0.3218390804597701
protein_0127,protein_0114,0.5168539325842697
protein_0127,protein_0115,0.26436781609195403
protein_0127,protein_0116,0.12195121951219512
protein_0127,protein_0117,0.12195121951219512
protein_0127,protein_0118,0.18181818181818182
protein_0127,protein_0119,0.17
protein_0127,protein_0120,0.39080459770114945
protein_0127,protein_0121,0.39080459770114945
protein_0127,protein_0122,0.27586206896551724
protein_0127,protein_0123,0.14942528735632185
protein_0127,protein_0124,0.40229885057471265
protein_0127,protein_0125,0.21153846153846154
protein_0127,protein_0126,0.1782178217821782
protein_0127,protein_0128,0.39080459770114945
protein_0127,protein_0129,0.2247191011235955
protein_0127,protein_0130,0.17272727272727273
protein_0127,protein_0131,0.1839080459770115
protein_0127,protein_0132,0.22935779816513763
protein_0127,protein_0134,0.3563218390804598
protein_0127,protein_0135,0.3181818181818182
protein_0127,protein_0136,0.1349206349206349
protein_0127,protein_0137,0.13821138211382114
protein_0127,protein_0138,0.13821138211382114
protein_0127,protein_0139,0.14942528735632185
protein_0127,protein_0140,0.3218390804597701
protein_0127,protein_0141,0.2988505747126437
protein_0127,protein_0143,0.3563218390804598
protein_0127,protein_0144,0.3333333333333333
protein_0127,protein_0145,0.16483516483516483
protein_0127,protein_0146,0.18681318681318682
protein_0127,protein_0147,0.41379310344827586
protein_0127,protein_0148,0.367816091954023
protein_0127,protein_0149,0.16853932584269662
protein_0127,protein_0150,0.38461538461538464
protein_0127,protein_0151,0.2553191489361702
protein_0127,protein_0152,0.17777777777777778
protein_0127,protein_0153,0.1839080459770115
protein_0127,protein_0154,0.19101123595505617
protein_0127,protein_0155,0.15
protein_0127,protein_0156,0.1592920353982301
protein_0127,protein_0157,0.14130434782608695
protein_0127,protein_0158,0.19318181818181818
protein_0127,protein_0160,0.42045454545454547
protein_0127,protein_0161,0.17094017094017094
protein_0127,protein_0162,0.3617021276595745
protein_0127,protein_0163,0.17307692307692307
protein_0127,protein_0164,0.27586206896551724
protein_0127,protein_0165,0.16129032258064516
protein_0127,protein_0166,0.27586206896551724
protein_0127,protein_0167,0.12727272727272726
protein_0127,protein_0168,0.13157894736842105
protein_0127,protein_0169,0.14655172413793102
protein_0127,protein_0171,0.2413793103448276
protein_0127,protein_0172,0.13114754098360656
protein_0127,protein_0173,0.367816091954023
protein_0127,protein_0174,0.3563218390804598
protein_0127,protein_0175,0.4090909090909091
protein_0127,protein_0176,0.16091954022988506
protein_0127,protein_0177,0.15555555555555556
protein_0127,protein_0179,0.17699115044247787
protein_0127,protein_0180,0.27586206896551724
protein_0127,protein_0181,0.2988505747126437
protein_0127,protein_0182,0.2988505747126437
protein_0127,protein_0183,0.20588235294117646
protein_0127,protein_0185,0.1836734693877551
protein_0127,protein_0187,0.3563218390804598
protein_0127,protein_0188,0.18181818181818182
protein_0127,protein_0189,0.39080459770114945
protein_0127,protein_0190,0.28735632183908044
protein_0127,protein_0191,0.4827586206896552
protein_0127,protein_0192,0.32967032967032966
protein_0127,protein_0193,0.42528735632183906
protein_0127,protein_0194,0.23863636363636365
protein_0127,protein_0195,0.3103448275862069
protein_0127,protein_0196,0.3103448275862069
protein_0127,protein_0197,0.3448275862068966
protein_0127,protein_0198,0.5
protein_0127,protein_0199,0.25
protein_0127,protein_0200,0.2727272727272727
protein_0127,protein_0201,0.1574074074074074
protein_0127,protein_0202,0.4044943820224719
protein_0127,protein_0203,0.11965811965811966
protein_0127,protein_0204,0.1839080459770115
protein_0127,protein_0205,0.13270142180094788
protein_0127,protein_0207,0.09448818897637795
protein_0127,protein_0208,0.1568627450980392
protein_0127,protein_0209,0.22727272727272727
protein_0127,protein_0210,0.39080459770114945
protein_0127,protein_0211,0.12871287128712872
protein_0127,protein_0212,0.16853932584269662
protein_0127,protein_0213,0.42528735632183906
protein_0127,protein_0214,0.11956521739130435
protein_0127,protein_0215,0.1485148514851485
protein_0127,protein_0216,0.15789473684210525
protein_0127,protein_0217,0.17204301075268819
protein_0127,protein_0218,0.15217391304347827
protein_0127,protein_0219,0.16806722689075632
protein_0127,protein_0220,0.3563218390804598
protein_0127,protein_0222,0.27586206896551724
protein_0127,protein_0223,0.13793103448275862
protein_0127,protein_0224,0.12222222222222222
protein_0127,protein_0225,0.15789473684210525
protein_0127,protein_0226,0.18627450980392157
protein_0127,protein_0227,0.11363636363636363
protein_0127,protein_0228,0.18681318681318682
protein_0127,protein_0229,0.13402061855670103
protein_0127,protein_0230,0.23655913978494625
protein_0127,protein_0231,0.41379310344827586
protein_0127,protein_0232,0.16304347826086957
protein_0127,protein_0233,0.14960629921259844
protein_0127,protein_0234,0.14423076923076922
protein_0127,protein_0235,0.17307692307692307
protein_0127,protein_0236,0.27586206896551724
protein_0127,protein_0237,0.27586206896551724
protein_0127,protein_0238,0.11450381679389313
protein_0127,protein_0239,0.3218390804597701
protein_0127,protein_0241,0.3333333333333333
protein_0127,protein_0243,0.3448275862068966
protein_0127,protein_0245,0.12030075187969924
protein_0127,protein_0246,0.16494845360824742
protein_0127,protein_0247,0.15217391304347827
protein_0127,protein_0248,0.3793103448275862
protein_0127,protein_0250,0.17391304347826086
protein_0127,protein_0251,0.14285714285714285
protein_0127,protein_0252,0.21428571428571427
protein_0127,protein_0253,0.1565217391304348
protein_0127,protein_0255,0.11695906432748537
protein_0127,protein_0256,0.1523809523809524
protein_0127,protein_0257,0.1523809523809524
protein_0127,protein_0258,0.28735632183908044
protein_0127,protein_0259,0.21348314606741572
protein_0127,protein_0260,0.21348314606741572
protein_0127,protein_0261,0.17142857142857143
protein_0127,protein_0262,0.13970588235294118
protein_0127,protein_0263,0.14482758620689656
protein_0127,protein_0264,0.6091954022988506
protein_0127,protein_0265,0.6091954022988506
protein_0127,protein_0266,0.15463917525773196
protein_0127,protein_0267,0.16091954022988506
protein_0127,protein_0268,0.07954545454545454
protein_0127,protein_0269,0.17355371900826447
protein_0127,protein_0270,0.16091954022988506
protein_0127,protein_0271,0.19540229885057472
protein_0127,protein_0273,0.36363636363636365
protein_0127,protein_0274,0.24175824175824176
protein_0127,protein_0275,0.17142857142857143
protein_0127,protein_0276,0.5454545454545454
protein_0127,protein_0277,0.1724137931034483
protein_0127,protein_0278,0.26666666666666666
protein_0127,protein_0279,0.26436781609195403
protein_0127,protein_0280,0.27586206896551724
protein_0127,protein_0281,0.13445378151260504
protein_0127,protein_0282,0.11363636363636363
protein_0127,protein_0283,0.10091743119266056
protein_0127,protein_0284,0.2988505747126437
protein_0127,protein_0285,0.3448275862068966
protein_0127,protein_0286,0.17204301075268819
protein_0127,protein_0287,0.25688073394495414
protein_0127,protein_0288,0.3103448275862069
protein_0127,protein_0289,0.1797752808988764
protein_0127,protein_0291,0.2413793103448276
protein_0127,protein_0292,0.18181818181818182
protein_0127,protein_0293,0.25806451612903225
protein_0127,protein_0294,0.2413793103448276
protein_0127,protein_0295,0.1724137931034483
protein_0127,protein_0297,0.15730337078651685
protein_0127,protein_0299,0.17346938775510204
protein_0127,protein_0300,0.1368421052631579
protein_0127,protein_0301,0.1368421052631579
protein_0127,protein_0302,0.12903225806451613
protein_0127,protein_0303,0.24719101123595505
protein_0127,protein_0305,0.18627450980392157
protein_0127,protein_0306,0.12698412698412698
protein_0127,protein_0307,0.13008130081300814
protein_0127,protein_0308,0.16379310344827586
protein_0127,protein_0309,0.21
protein_0127,protein_0311,0.367816091954023
protein_0127,protein_0312,0.367816091954023
protein_0127,protein_0313,0.20689655172413793
protein_0127,protein_0314,0.17117117117117117
protein_0127,protein_0315,0.144
protein_0127,protein_0316,0.16853932584269662
protein_0127,protein_0317,0.12871287128712872
protein_0127,protein_0319,0.3103448275862069
protein_0127,protein_0320,0.3793103448275862
protein_0127,protein_0321,0.23333333333333334
protein_0127,protein_0323,0.22727272727272727
protein_0127,protein_0324,0.17525773195876287
protein_0127,protein_0325,0.12931034482758622
protein_0127,protein_0326,0.19148936170212766
protein_0127,protein_0327,0.39080459770114945
protein_0127,protein_0328,0.1206896551724138
protein_0127,protein_0329,0.1206896551724138
protein_0127,protein_0330,0.3333333333333333
protein_0127,protein_0332,0.26436781609195403
protein_0127,protein_0333,0.2413793103448276
protein_0127,protein_0334,0.23333333333333334
protein_0127,protein_0335,0.18811881188118812
protein_0127,protein_0336,0.1839080459770115
protein_0127,protein_0337,0.34831460674157305
protein_0127,protein_0338,0.2696629213483146
protein_0127,protein_0339,0.1839080459770115
protein_0127,protein_0340,0.16037735849056603
protein_0127,protein_0341,0.20588235294117646
protein_0127,protein_0342,0.11578947368421053
protein_0127,protein_0343,0.16091954022988506
protein_0127,protein_0344,0.41379310344827586
protein_0127,protein_0345,0.1504424778761062
protein_0127,protein_0346,0.1504424778761062
protein_0127,protein_0347,0.1724137931034483
protein_0127,protein_0348,0.13043478260869565
protein_0127,protein_0349,0.1650485436893204
protein_0127,protein_0350,0.4318181818181818
protein_0127,protein_0351,0.28735632183908044
protein_0127,protein_0352,0.14942528735632185
protein_0127,protein_0353,0.14166666666666666
protein_0127,protein_0354,0.16091954022988506
protein_0127,protein_0355,0.27586206896551724
protein_0127,protein_0356,0.15555555555555556
protein_0127,protein_0357,0.12903225806451613
protein_0127,protein_0358,0.4431818181818182
protein_0127,protein_0359,0.12
protein_0127,protein_0360,0.4659090909090909
protein_0127,protein_0361,0.15873015873015872
protein_0127,protein_0362,0.25
protein_0127,protein_0363,0.25
protein_0127,protein_0364,0.2608695652173913
protein_0127,protein_0365,0.23076923076923078
protein_0127,protein_0366,0.23076923076923078
protein_0127,protein_0368,0.14583333333333334
protein_0127,protein_0369,0.12643678160919541
protein_0127,protein_0370,0.41379310344827586
protein_0127,protein_0371,0.4827586206896552
protein_0127,protein_0372,0.12844036697247707
protein_0127,protein_0373,0.11711711711711711
protein_0127,protein_0374,0.18333333333333332
protein_0127,protein_0375,0.6436781609195402
protein_0127,protein_0376,0.1651376146788991
protein_0127,protein_0377,0.3448275862068966
protein_0127,protein_0378,0.13675213675213677
protein_0127,protein_0380,0.1792452830188679
protein_0127,protein_0381,0.1792452830188679
protein_0127,protein_0382,0.24719101123595505
protein_0127,protein_0383,0.14942528735632185
protein_0127,protein_0384,0.39080459770114945
protein_0127,protein_0385,0.2
protein_0127,protein_0386,0.1346153846153846
protein_0127,protein_0387,0.14285714285714285
protein_0127,protein_0388,0.16853932584269662
protein_0127,protein_0390,0.28735632183908044
protein_0127,protein_0391,0.25263157894736843
protein_0127,protein_0392,0.3333333333333333
protein_0127,protein_0393,0.3333333333333333
protein_0127,protein_0394,0.13157894736842105
protein_0127,protein_0395,0.2608695652173913
protein_0127,protein_0396,0.1391304347826087
protein_0127,protein_0397,0.3103448275862069
protein_0127,protein_0398,0.11965811965811966
protein_0127,protein_0399,0.42528735632183906
protein_0133,protein_0000,0.1926605504587156
protein_0133,protein_0001,0.12264150943396226
protein_0133,protein_0002,0.12264150943396226
protein_0133,protein_0003,0.21818181818181817
protein_0133,protein_0004,0.1926605504587156
protein_0133,protein_0005,0.14150943396226415
protein_0133,protein_0006,0.22321428571428573
protein_0133,protein_0007,0.1588785046728972
protein_0133,protein_0008,0.15789473684210525
protein_0133,protein_0009,0.16363636363636364
protein_0133,protein_0010,0.23148148148148148
protein_0133,protein_0011,0.25925925925925924
protein_0133,protein_0013,0.1509433962264151
protein_0133,protein_0014,0.17272727272727273
protein_0133,protein_0015,0.18487394957983194
protein_0133,protein_0016,0.17699115044247787
protein_0133,protein_0017,0.13768115942028986
protein_0133,protein_0018,0.21428571428571427
protein_0133,protein_0019,0.1509433962264151
protein_0133,protein_0020,0.16521739130434782
protein_0133,protein_0021,0.1559633027522936
protein_0133,protein_0022,0.1559633027522936
protein_0133,protein_0023,0.1891891891891892
protein_0133,protein_0024,0.13636363636363635
protein_0133,protein_0025,0.20353982300884957
protein_0133,protein_0026,0.125
protein_0133,protein_0027,0.1981981981981982
protein_0133,protein_0030,0.23846153846153847
protein_0133,protein_0031,0.17699115044247787
protein_0133,protein_0032,0.22018348623853212
protein_0133,protein_0033,0.26126126126126126
protein_0133,protein_0034,0.19444444444444445
protein_0133,protein_0036,0.14414414414414414
protein_0133,protein_0037,0.1984732824427481
protein_0133,protein_0038,0.1984732824427481
protein_0133,protein_0039,0.17272727272727273
protein_0133,protein_0040,0.14678899082568808
protein_0133,protein_0042,0.10377358490566038
protein_0133,protein_0043,0.17117117117117117
protein_0133,protein_0045,0.25925925925925924
protein_0133,protein_0046,0.1559633027522936
protein_0133,protein_0047,0.20909090909090908
protein_0133,protein_0048,0.19444444444444445
protein_0133,protein_0049,0.17592592592592593
protein_0133,protein_0050,0.16260162601626016
protein_0133,protein_0052,0.24074074074074073
protein_0133,protein_0053,0.1743119266055046
protein_0133,protein_0054,0.13821138211382114
protein_0133,protein_0055,0.112
protein_0133,protein_0056,0.15126050420168066
protein_0133,protein_0057,0.1509433962264151
protein_0133,protein_0058,0.10377358490566038
protein_0133,protein_0059,0.18018018018018017
protein_0133,protein_0060,0.11864406779661017
protein_0133,protein_0061,0.1875
protein_0133,protein_0062,0.22727272727272727
protein_0133,protein_0063,0.13615023474178403
protein_0133,protein_0064,0.18518518518518517
protein_0133,protein_0066,0.15966386554621848
protein_0133,protein_0067,0.2727272727272727
protein_0133,protein_0068,0.21428571428571427
protein_0133,protein_0069,0.2608695652173913
protein_0133,protein_0070,0.17857142857142858
protein_0133,protein_0071,0.2037037037037037
protein_0133,protein_0072,0.1509433962264151
protein_0133,protein_0073,0.19444444444444445
protein_0133,protein_0075,0.19491525423728814
protein_0133,protein_0076,0.14953271028037382
protein_0133,protein_0077,0.23148148148148148
protein_0133,protein_0078,0.14953271028037382
protein_0133,protein_0079,0.14953271028037382
protein_0133,protein_0080,0.18518518518518517
protein_0133,protein_0081,0.18518518518518517
protein_0133,protein_0082,0.18333333333333332
protein_0133,protein_0084,0.21495327102803738
protein_0133,protein_0086,0.11764705882352941
protein_0133,protein_0087,0.14150943396226415
protein_0133,protein_0088,0.19444444444444445
protein_0133,protein_0089,0.13636363636363635
protein_0133,protein_0090,0.1557377049180328
protein_0133,protein_0091,0.17829457364341086
protein_0133,protein_0092,0.17829457364341086
protein_0133,protein_0093,0.24074074074074073
protein_0133,protein_0094,0.17886178861788618
protein_0133,protein_0096,0.19827586206896552
protein_0133,protein_0097,0.1981981981981982
protein_0133,protein_0098,0.21052631578947367
protein_0133,protein_0099,0.11864406779661017
protein_0133,protein_0100,0.19444444444444445
protein_0133,protein_0101,0.18518518518518517
protein_0133,protein_0102,0.14814814814814814
protein_0133,protein_0103,0.1981981981981982
protein_0133,protein_0104,0.18705035971223022
protein_0133,protein_0105,0.15454545454545454
protein_0133,protein_0106,0.14960629921259844
protein_0133,protein_0108,0.1926605504587156
protein_0133,protein_0109,0.13274336283185842
protein_0133,protein_0110,0.1926605504587156
protein_0133,protein_0111,0.1926605504587156
protein_0133,protein_0112,0.13445378151260504
protein_0133,protein_0113,0.23148148148148148
protein_0133,protein_0114,0.2037037037037037
protein_0133,protein_0115,0.205607476635514
protein_0133,protein_0116,0.1935483870967742
protein_0133,protein_0117,0.1935483870967742
protein_0133,protein_0118,0.14150943396226415
protein_0133,protein_0119,0.140625
protein_0133,protein_0120,0.2222222222222222
protein_0133,protein_0121,0.2222222222222222
protein_0133,protein_0122,0.21739130434782608
protein_0133,protein_0123,0.14150943396226415
protein_0133,protein_0124,0.22935779816513763
protein_0133,protein_0125,0.1743119266055046
protein_0133,protein_0126,0.14782608695652175
protein_0133,protein_0128,0.1926605504587156
protein_0133,protein_0129,0.2018348623853211
protein_0133,protein_0130,0.11627906976744186
protein_0133,protein_0131,0.12264150943396226
protein_0133,protein_0132,1.0
protein_0133,protein_0134,0.1891891891891892
protein_0133,protein_0135,0.14678899082568808
protein_0133,protein_0136,0.1885245901639344
protein_0133,protein_0137,0.15503875968992248
protein_0133,protein_0138,0.15503875968992248
protein_0133,protein_0139,0.14150943396226415
protein_0133,protein_0140,0.22935779816513763
protein_0133,protein_0141,0.21818181818181817
protein_0133,protein_0143,0.14814814814814814
protein_0133,protein_0144,0.15454545454545454
protein_0133,protein_0145,0.16037735849056603
protein_0133,protein_0146,0.13513513513513514
protein_0133,protein_0147,0.22727272727272727
protein_0133,protein_0148,0.2
protein_0133,protein_0149,0.1509433962264151
protein_0133,protein_0150,0.18518518518518517
protein_0133,protein_0151,0.18421052631578946
protein_0133,protein_0152,0.18691588785046728
protein_0133,protein_0153,0.16521739130434782
protein_0133,protein_0154,0.16071428571428573
protein_0133,protein_0155,0.1889763779527559
protein_0133,protein_0156,0.10434782608695652
protein_0133,protein_0157,0.18584070796460178
protein_0133,protein_0158,0.14953271028037382
protein_0133,protein_0160,0.2
protein_0133,protein_0161,0.18548387096774194
protein_0133,protein_0162,0.17857142857142858
protein_0133,protein_0163,0.15966386554621848
protein_0133,protein_0164,0.19469026548672566
protein_0133,protein_0165,0.1509433962264151
protein_0133,protein_0166,0.20175438596491227
protein_0133,protein_0167,0.1774193548387097
protein_0133,protein_0168,0.18548387096774194
protein_0133,protein_0169,0.15037593984962405
protein_0133,protein_0171,0.21296296296296297
protein_0133,protein_0172,0.1935483870967742
protein_0133,protein_0173,0.2
protein_0133,protein_0174,0.1834862385321101
protein_0133,protein_0175,0.19444444444444445
protein_0133,protein_0176,0.16037735849056603
protein_0133,protein_0177,0.14150943396226415
protein_0133,protein_0179,0.14782608695652175
protein_0133,protein_0180,0.25663716814159293
protein_0133,protein_0181,0.2727272727272727
protein_0133,protein_0182,0.18518518518518517
protein_0133,protein_0183,0.17094017094017094
protein_0133,protein_0185,0.12844036697247707
protein_0133,protein_0187,0.21296296296296297
protein_0133,protein_0188,0.14814814814814814
protein_0133,protein_0189,0.2545454545454545
protein_0133,protein_0190,0.25
protein_0133,protein_0191,0.17543859649122806
protein_0133,protein_0192,0.16216216216216217
protein_0133,protein_0193,0.22522522522522523
protein_0133,protein_0194,0.1875
protein_0133,protein_0195,0.16964285714285715
protein_0133,protein_0196,0.17857142857142858
protein_0133,protein_0197,0.23636363636363636
protein_0133,protein_0198,0.21100917431192662
protein_0133,protein_0199,0.18018018018018017
protein_0133,protein_0200,0.17592592592592593
protein_0133,protein_0201,0.15966386554621848
protein_0133,protein_0202,0.19469026548672566
protein_0133,protein_0203,0.1328125
protein_0133,protein_0204,0.16037735849056603
protein_0133,protein_0205,0.1324200913242009
protein_0133,protein_0207,0.15037593984962405
protein_0133,protein_0208,0.15702479338842976
protein_0133,protein_0209,0.19469026548672566
protein_0133,protein_0210,0.2
protein_0133,protein_0211,0.1328125
protein_0133,protein_0212,0.16363636363636364
protein_0133,protein_0213,0.21818181818181817
protein_0133,protein_0214,0.13761467889908258
protein_0133,protein_0215,0.12264150943396226
protein_0133,protein_0216,0.14678899082568808
protein_0133,protein_0217,0.19090909090909092
protein_0133,protein_0218,0.16541353383458646
protein_0133,protein_0219,0.12781954887218044
protein_0133,protein_0220,0.21052631578947367
protein_0133,protein_0222,0.17592592592592593
protein_0133,protein_0223,0.11320754716981132
protein_0133,protein_0224,0.1320754716981132
protein_0133,protein_0225,0.14150943396226415
protein_0133,protein_0226,0.1574074074074074
protein_0133,protein_0227,0.1320754716981132
protein_0133,protein_0228,0.1574074074074074
protein_0133,protein_0229,0.1588785046728972
protein_0133,protein_0230,0.16216216216216217
protein_0133,protein_0231,0.2
protein_0133,protein_0232,0.16981132075471697
protein_0133,protein_0233,0.1366906474820144
protein_0133,protein_0234,0.1951219512195122
protein_0133,protein_0235,0.1509433962264151
protein_0133,protein_0236,0.20909090909090908
protein_0133,protein_0237,0.20909090909090908
protein_0133,protein_0238,0.13636363636363635
protein_0133,protein_0239,0.21296296296296297
protein_0133,protein_0241,0.1891891891891892
protein_0133,protein_0243,0.2037037037037037
protein_0133,protein_0245,0.18548387096774194
protein_0133,protein_0246,0.15178571428571427
protein_0133,protein_0247,0.19298245614035087
protein_0133,protein_0248,0.2018348623853211
protein_0133,protein_0250,0.20869565217391303
protein_0133,protein_0251,0.14545454545454545
protein_0133,protein_0252,0.16822429906542055
protein_0133,protein_0253,0.12903225806451613
protein_0133,protein_0255,0.0935672514619883
protein_0133,protein_0256,0.10344827586206896
protein_0133,protein_0257,0.11206896551724138
protein_0133,protein_0258,0.21238938053097345
protein_0133,protein_0259,0.12844036697247707
protein_0133,protein_0260,0.12844036697247707
protein_0133,protein_0261,0.15454545454545454
protein_0133,protein_0262,0.1323529411764706
protein_0133,protein_0263,0.1554054054054054
protein_0133,protein_0264,0.2543859649122807
protein_0133,protein_0265,0.2543859649122807
protein_0133,protein_0266,0.17543859649122806
protein_0133,protein_0267,0.19090909090909092
protein_0133,protein_0268,0.14953271028037382
protein_0133,protein_0269,0.18333333333333332
protein_0133,protein_0270,0.09345794392523364
protein_0133,protein_0271,0.1320754716981132
protein_0133,protein_0273,0.27927927927927926
protein_0133,protein_0274,0.18181818181818182
protein_0133,protein_0275,0.15454545454545454
protein_0133,protein_0276,0.1981981981981982
protein_0133,protein_0277,0.1509433962264151
protein_0133,protein_0278,0.21238938053097345
protein_0133,protein_0279,0.16981132075471697
protein_0133,protein_0280,0.1792452830188679
protein_0133,protein_0281,0.1732283464566929
protein_0133,protein_0282,0.10091743119266056
protein_0133,protein_0283,0.12217194570135746
protein_0133,protein_0284,0.21621621621621623
protein_0133,protein_0285,0.2037037037037037
protein_0133,protein_0286,0.16363636363636364
protein_0133,protein_0287,0.7663551401869159
protein_0133,protein_0288,0.16216216216216217
protein_0133,protein_0289,0.13392857142857142
protein_0133,protein_0291,0.1792452830188679
protein_0133,protein_0292,0.14782608695652175
protein_0133,protein_0293,0.18018018018018017
protein_0133,protein_0294,0.1792452830188679
protein_0133,protein_0295,0.16037735849056603
protein_0133,protein_0297,0.12844036697247707
protein_0133,protein_0299,0.16363636363636364
protein_0133,protein_0300,0.1588785046728972
protein_0133,protein_0301,0.1574074074074074
protein_0133,protein_0302,0.11711711711711711
protein_0133,protein_0303,0.1743119266055046
protein_0133,protein_0305,0.20168067226890757
protein_0133,protein_0306,0.12
protein_0133,protein_0307,0.10483870967741936
protein_0133,protein_0308,0.15702479338842976
protein_0133,protein_0309,0.16379310344827586
protein_0133,protein_0311,0.21296296296296297
protein_0133,protein_0312,0.2222222222222222
protein_0133,protein_0313,0.17592592592592593
protein_0133,protein_0314,0.144
protein_0133,protein_0315,0.15671641791044777
protein_0133,protein_0316,0.14018691588785046
protein_0133,protein_0317,0.125
protein_0133,protein_0319,0.23636363636363636
protein_0133,protein_0320,0.21052631578947367
protein_0133,protein_0321,0.17699115044247787
protein_0133,protein_0323,0.19090909090909092
protein_0133,protein_0324,0.16981132075471697
protein_0133,protein_0325,0.1487603305785124
protein_0133,protein_0326,0.14814814814814814
protein_0133,protein_0327,0.20909090909090908
protein_0133,protein_0328,0.17391304347826086
protein_0133,protein_0329,0.17391304347826086
protein_0133,protein_0330,0.23148148148148148
protein_0133,protein_0332,0.21621621621621623
protein_0133,protein_0333,0.22727272727272727
protein_0133,protein_0334,0.17117117117117117
protein_0133,protein_0335,0.13385826771653545
protein_0133,protein_0336,0.16981132075471697
protein_0133,protein_0337,0.20909090909090908
protein_0133,protein_0338,0.18518518518518517
protein_0133,protein_0339,0.16037735849056603
protein_0133,protein_0340,0.109375
protein_0133,protein_0341,0.25688073394495414
protein_0133,protein_0342,0.1509433962264151
protein_0133,protein_0343,0.16666666666666666
protein_0133,protein_0344,0.21621621621621623
protein_0133,protein_0345,0.1557377049180328
protein_0133,protein_0346,0.1557377049180328
protein_0133,protein_0347,0.16981132075471697
protein_0133,protein_0348,0.15873015873015872
protein_0133,protein_0349,0.15966386554621848
protein_0133,protein_0350,0.26548672566371684
protein_0133,protein_0351,0.1891891891891892
protein_0133,protein_0352,0.14150943396226415
protein_0133,protein_0353,0.125
protein_0133,protein_0354,0.2
protein_0133,protein_0355,0.23636363636363636
protein_0133,protein_0356,0.16981132075471697
protein_0133,protein_0357,0.168
protein_0133,protein_0358,0.22522522522522523
protein_0133,protein_0359,0.19047619047619047
protein_0133,protein_0360,0.15789473684210525
protein_0133,protein_0361,0.14393939393939395
protein_0133,protein_0362,0.1743119266055046
protein_0133,protein_0363,0.1743119266055046
protein_0133,protein_0364,0.1926605504587156
protein_0133,protein_0365,0.23636363636363636
protein_0133,protein_0366,0.24545454545454545
protein_0133,protein_0368,0.1320754716981132
protein_0133,protein_0369,0.1388888888888889
protein_0133,protein_0370,0.21621621621621623
protein_0133,protein_0371,0.18518518518518517
protein_0133,protein_0372,0.1278538812785388
protein_0133,protein_0373,0.15966386554621848
protein_0133,protein_0374,0.12903225806451613
protein_0133,protein_0375,0.18181818181818182
protein_0133,protein_0376,0.1592920353982301
protein_0133,protein_0377,0.21052631578947367
protein_0133,protein_0378,0.11607142857142858
protein_0133,protein_0380,0.20175438596491227
protein_0133,protein_0381,0.20175438596491227
protein_0133,protein_0382,0.21100917431192662
protein_0133,protein_0383,0.1320754716981132
protein_0133,protein_0384,0.22321428571428573
protein_0133,protein_0385,0.1623931623931624
protein_0133,protein_0386,0.1592920353982301
protein_0133,protein_0387,0.13445378151260504
protein_0133,protein_0388,0.16822429906542055
protein_0133,protein_0390,0.24074074074074073
protein_0133,protein_0391,0.2072072072072072
protein_0133,protein_0392,0.18584070796460178
protein_0133,protein_0393,0.1891891891891892
protein_0133,protein_0394,0.13114754098360656
protein_0133,protein_0395,0.19130434782608696
protein_0133,protein_0396,0.14393939393939395
protein_0133,protein_0397,0.22018348623853212
protein_0133,protein_0398,0.16379310344827586
protein_0133,protein_0399,0.21100917431192662
protein_0142,protein_0000,0.367816091954023
protein_0142,protein_0001,0.1590909090909091
protein_0142,protein_0002,0.18681318681318682
protein_0142,protein_0003,0.41379310344827586
protein_0142,protein_0004,0.3103448275862069
protein_0142,protein_0005,0.16842105263157894
protein_0142,protein_0006,0.4606741573033708
protein_0142,protein_0007,0.13953488372093023
protein_0142,protein_0008,0.22549019607843138
protein_0142,protein_0009,0.35555555555555557
protein_0142,protein_0010,0.45977011494252873
protein_0142,protein_0011,0.4827586206896552
protein_0142,protein_0013,0.16853932584269662
protein_0142,protein_0014,0.17
protein_0142,protein_0015,0.16346153846153846
protein_0142,protein_0016,0.205607476635514
protein_0142,protein_0017,0.1388888888888889
protein_0142,protein_0018,0.3218390804597701
protein_0142,protein_0019,0.1839080459770115
protein_0142,protein_0020,0.3023255813953488
protein_0142,protein_0021,0.16483516483516483
protein_0142,protein_0022,0.18
protein_0142,protein_0023,0.17525773195876287
protein_0142,protein_0024,0.16393442622950818
protein_0142,protein_0025,0.3409090909090909
protein_0142,protein_0026,0.17037037037037037
protein_0142,protein_0027,0.14736842105263157
protein_0142,protein_0030,0.15555555555555556
protein_0142,protein_0031,0.1111111111111111
protein_0142,protein_0032,0.3793103448275862
protein_0142,protein_0033,0.45977011494252873
protein_0142,protein_0034,0.4482758620689655
protein_0142,protein_0036,0.16279069767441862
protein_0142,protein_0037,0.28735632183908044
protein_0142,protein_0038,0.28735632183908044
protein_0142,protein_0039,0.3595505617977528
protein_0142,protein_0040,0.11956521739130435
protein_0142,protein_0042,0.22826086956521738
protein_0142,protein_0043,0.29213483146067415
protein_0142,protein_0045,0.3218390804597701
protein_0142,protein_0046,0.1511627906976744
protein_0142,protein_0047,0.40229885057471265
protein_0142,protein_0048,0.41379310344827586
protein_0142,protein_0049,0.42528735632183906
protein_0142,protein_0050,0.14285714285714285
protein_0142,protein_0052,0.3333333333333333
protein_0142,protein_0053,0.367816091954023
protein_0142,protein_0054,0.13114754098360656
protein_0142,protein_0055,0.10655737704918032
protein_0142,protein_0056,0.15384615384615385
protein_0142,protein_0057,0.13953488372093023
protein_0142,protein_0058,0.1724137931034483
protein_0142,protein_0059,0.2808988764044944
protein_0142,protein_0060,0.14
protein_0142,protein_0061,0.22340425531914893
protein_0142,protein_0062,0.3448275862068966
protein_0142,protein_0063,0.09389671361502347
protein_0142,protein_0064,0.3448275862068966
protein_0142,protein_0066,0.11214953271028037
protein_0142,protein_0067,0.45348837209302323
protein_0142,protein_0068,0.3448275862068966
protein_0142,protein_0069,0.5287356321839081
protein_0142,protein_0070,0.3103448275862069
protein_0142,protein_0071,0.3103448275862069
protein_0142,protein_0072,0.14772727272727273
protein_0142,protein_0073,0.3333333333333333
protein_0142,protein_0075,0.22857142857142856
protein_0142,protein_0076,0.14942528735632185
protein_0142,protein_0077,0.42528735632183906
protein_0142,protein_0078,0.12380952380952381
protein_0142,protein_0079,0.12380952380952381
protein_0142,protein_0080,0.39080459770114945
protein_0142,protein_0081,0.39080459770114945
protein_0142,protein_0082,0.17647058823529413
protein_0142,protein_0084,0.3218390804597701
protein_0142,protein_0086,0.17
protein_0142,protein_0087,0.1511627906976744
protein_0142,protein_0088,0.2988505747126437
protein_0142,protein_0089,0.14414414414414414
protein_0142,protein_0090,0.14414414414414414
protein_0142,protein_0091,0.15384615384615385
protein_0142,protein_0092,0.15384615384615385
protein_0142,protein_0093,0.47674418604651164
protein_0142,protein_0094,0.15789473684210525
protein_0142,protein_0096,0.1717171717171717
protein_0142,protein_0097,0.4418604651162791
protein_0142,protein_0098,0.38636363636363635
protein_0142,protein_0099,0.1262135922330097
protein_0142,protein_0100,0.1511627906976744
protein_0142,protein_0101,0.3218390804597701
protein_0142,protein_0102,0.367816091954023
protein_0142,protein_0103,0.2413793103448276
protein_0142,protein_0104,0.1652892561983471
protein_0142,protein_0105,0.10227272727272728
protein_0142,protein_0106,0.18584070796460178
protein_0142,protein_0108,0.22580645161290322
protein_0142,protein_0109,0.13953488372093023
protein_0142,protein_0110,0.4367816091954023
protein_0142,protein_0111,0.3333333333333333
protein_0142,protein_0112,0.1308411214953271
protein_0142,protein_0113,0.45977011494252873
protein_0142,protein_0114,0.33695652173913043
protein_0142,protein_0115,0.3218390804597701
protein_0142,protein_0116,0.1826086956521739
protein_0142,protein_0117,0.1826086956521739
protein_0142,protein_0118,0.1511627906976744
protein_0142,protein_0119,0.14782608695652175
protein_0142,protein_0120,0.3522727272727273
protein_0142,protein_0121,0.3522727272727273
protein_0142,protein_0122,0.2988505747126437
protein_0142,protein_0123,0.13953488372093023
protein_0142,protein_0124,0.3448275862068966
protein_0142,protein_0125,0.16666666666666666
protein_0142,protein_0126,0.23076923076923078
protein_0142,protein_0128,0.3793103448275862
protein_0142,protein_0129,0.21839080459770116
protein_0142,protein_0130,0.1721311475409836
protein_0142,protein_0131,0.15384615384615385
protein_0142,protein_0132,0.2222222222222222
protein_0142,protein_0134,0.3023255813953488
protein_0142,protein_0135,0.3707865168539326
protein_0142,protein_0136,0.1271186440677966
protein_0142,protein_0137,0.14166666666666666
protein_0142,protein_0138,0.14166666666666666
protein_0142,protein_0139,0.12790697674418605
protein_0142,protein_0140,0.45977011494252873
protein_0142,protein_0141,0.2988505747126437
protein_0142,protein_0143,0.34065934065934067
protein_0142,protein_0144,0.34065934065934067
protein_0142,protein_0145,0.17045454545454544
protein_0142,protein_0146,0.14444444444444443
protein_0142,protein_0147,0.39080459770114945
protein_0142,protein_0148,0.3793103448275862
protein_0142,protein_0149,0.1590909090909091
protein_0142,protein_0150,0.3181818181818182
protein_0142,protein_0151,0.21348314606741572
protein_0142,protein_0152,0.14942528735632185
protein_0142,protein_0153,0.2087912087912088
protein_0142,protein_0154,0.17045454545454544
protein_0142,protein_0155,0.17796610169491525
protein_0142,protein_0156,0.18181818181818182
protein_0142,protein_0157,0.17777777777777778
protein_0142,protein_0158,0.1744186046511628
protein_0142,protein_0160,0.313953488372093
protein_0142,protein_0161,0.2
protein_0142,protein_0162,0.3218390804597701
protein_0142,protein_0163,0.16822429906542055
protein_0142,protein_0164,0.28735632183908044
protein_0142,protein_0165,0.16279069767441862
protein_0142,protein_0166,0.28735632183908044
protein_0142,protein_0167,0.17796610169491525
protein_0142,protein_0168,0.15254237288135594
protein_0142,protein_0169,0.13709677419354838
protein_0142,protein_0171,0.3218390804597701
protein_0142,protein_0172,0.16393442622950818
protein_0142,protein_0173,0.4090909090909091
protein_0142,protein_0174,0.31868131868131866
protein_0142,protein_0175,0.3103448275862069
protein_0142,protein_0176,0.18478260869565216
protein_0142,protein_0177,0.14606741573033707
protein_0142,protein_0179,0.11504424778761062
protein_0142,protein_0180,0.2808988764044944
protein_0142,protein_0181,0.4482758620689655
protein_0142,protein_0182,0.3333333333333333
protein_0142,protein_0183,0.14285714285714285
protein_0142,protein_0185,0.14583333333333334
protein_0142,protein_0187,0.2988505747126437
protein_0142,protein_0188,0.16279069767441862
protein_0142,protein_0189,0.3333333333333333
protein_0142,protein_0190,0.4827586206896552
protein_0142,protein_0191,0.3448275862068966
protein_0142,protein_0192,0.3333333333333333
protein_0142,protein_0193,0.32967032967032966
protein_0142,protein_0194,0.2988505747126437
protein_0142,protein_0195,0.4367816091954023
protein_0142,protein_0196,0.42528735632183906
protein_0142,protein_0197,0.4418604651162791
protein_0142,protein_0198,0.3448275862068966
protein_0142,protein_0199,0.2087912087912088
protein_0142,protein_0200,0.42528735632183906
protein_0142,protein_0201,0.14150943396226415
protein_0142,protein_0202,0.4090909090909091
protein_0142,protein_0203,0.1111111111111111
protein_0142,protein_0204,0.1724137931034483
protein_0142,protein_0205,0.10849056603773585
protein_0142,protein_0207,0.12295081967213115
protein_0142,protein_0208,0.14925373134328357
protein_0142,protein_0209,0.29213483146067415
protein_0142,protein_0210,0.36046511627906974
protein_0142,protein_0211,0.16666666666666666
protein_0142,protein_0212,0.18604651162790697
protein_0142,protein_0213,0.39080459770114945
protein_0142,protein_0214,0.11627906976744186
protein_0142,protein_0215,0.12903225806451613
protein_0142,protein_0216,0.1262135922330097
protein_0142,protein_0217,0.16494845360824742
protein_0142,protein_0218,0.18705035971223022
protein_0142,protein_0219,0.12403100775193798
protein_0142,protein_0220,0.3448275862068966
protein_0142,protein_0222,0.4418604651162791
protein_0142,protein_0223,0.10465116279069768
protein_0142,protein_0224,0.16091954022988506
protein_0142,protein_0225,0.15555555555555556
protein_0142,protein_0226,0.16326530612244897
protein_0142,protein_0227,0.1511627906976744
protein_0142,protein_0228,0.23333333333333334
protein_0142,protein_0229,0.17894736842105263
protein_0142,protein_0230,0.20224719101123595
protein_0142,protein_0231,0.367816091954023
protein_0142,protein_0232,0.16279069767441862
protein_0142,protein_0233,0.14814814814814814
protein_0142,protein_0234,0.21621621621621623
protein_0142,protein_0235,0.1650485436893204
protein_0142,protein_0236,0.45977011494252873
protein_0142,protein_0237,0.45977011494252873
protein_0142,protein_0238,0.1297709923664122
protein_0142,protein_0239,0.3103448275862069
protein_0142,protein_0241,0.28735632183908044
protein_0142,protein_0243,0.3076923076923077
protein_0142,protein_0245,0.15671641791044777
protein_0142,protein_0246,0.11764705882352941
protein_0142,protein_0247,0.20202020202020202
protein_0142,protein_0248,0.3516483516483517
protein_0142,protein_0250,0.1958762886597938
protein_0142,protein_0251,0.1958762886597938
protein_0142,protein_0252,0.21052631578947367
protein_0142,protein_0253,0.14912280701754385
protein_0142,protein_0255,0.11363636363636363
protein_0142,protein_0256,0.1388888888888889
protein_0142,protein_0257,0.12037037037037036
protein_0142,protein_0258,0.45348837209302323
protein_0142,protein_0259,0.13953488372093023
protein_0142,protein_0260,0.13953488372093023
protein_0142,protein_0261,0.18446601941747573
protein_0142,protein_0262,0.16666666666666666
protein_0142,protein_0263,0.1310344827586207
protein_0142,protein_0264,0.367816091954023
protein_0142,protein_0265,0.367816091954023
protein_0142,protein_0266,0.19469026548672566
protein_0142,protein_0267,0.21348314606741572
protein_0142,protein_0268,0.2
protein_0142,protein_0269,0.1282051282051282
protein_0142,protein_0270,0.16279069767441862
protein_0142,protein_0271,0.1744186046511628
protein_0142,protein_0273,0.4482758620689655
protein_0142,protein_0274,0.21348314606741572
protein_0142,protein_0275,0.16
protein_0142,protein_0276,0.3563218390804598
protein_0142,protein_0277,0.13953488372093023
protein_0142,protein_0278,0.391304347826087
protein_0142,protein_0279,0.3191489361702128
protein_0142,protein_0280,0.28735632183908044
protein_0142,protein_0281,0.15384615384615385
protein_0142,protein_0282,0.18181818181818182
protein_0142,protein_0283,0.10091743119266056
protein_0142,protein_0284,0.2988505747126437
protein_0142,protein_0285,0.4942528735632184
protein_0142,protein_0286,0.14583333333333334
protein_0142,protein_0287,0.23148148148148148
protein_0142,protein_0288,0.3103448275862069
protein_0142,protein_0289,0.12790697674418605
protein_0142,protein_0291,0.24175824175824176
protein_0142,protein_0292,0.17045454545454544
protein_0142,protein_0293,0.20652173913043478
protein_0142,protein_0294,0.24175824175824176
protein_0142,protein_0295,0.1511627906976744
protein_0142,protein_0297,0.16279069767441862
protein_0142,protein_0299,0.16831683168316833
protein_0142,protein_0300,0.14583333333333334
protein_0142,protein_0301,0.14583333333333334
protein_0142,protein_0302,0.10550458715596331
protein_0142,protein_0303,0.20454545454545456
protein_0142,protein_0305,0.22330097087378642
protein_0142,protein_0306,0.10655737704918032
protein_0142,protein_0307,0.12096774193548387
protein_0142,protein_0308,0.13445378151260504
protein_0142,protein_0309,0.19387755102040816
protein_0142,protein_0311,0.32954545454545453
protein_0142,protein_0312,0.41379310344827586
protein_0142,protein_0313,0.26436781609195403
protein_0142,protein_0314,0.10891089108910891
protein_0142,protein_0315,0.15178571428571427
protein_0142,protein_0316,0.13953488372093023
protein_0142,protein_0317,0.1308411214953271
protein_0142,protein_0319,0.4827586206896552
protein_0142,protein_0320,0.3103448275862069
protein_0142,protein_0321,0.2
protein_0142,protein_0323,0.2967032967032967
protein_0142,protein_0324,0.19101123595505617
protein_0142,protein_0325,0.17391304347826086
protein_0142,protein_0326,0.1590909090909091
protein_0142,protein_0327,0.3333333333333333
protein_0142,protein_0328,0.0990990990990991
protein_0142,protein_0329,0.0990990990990991
protein_0142,protein_0330,0.47126436781609193
protein_0142,protein_0332,0.3333333333333333
protein_0142,protein_0333,0.2696629213483146
protein_0142,protein_0334,0.2
protein_0142,protein_0335,0.16346153846153846
protein_0142,protein_0336,0.1511627906976744
protein_0142,protein_0337,0.4090909090909091
protein_0142,protein_0338,0.2717391304347826
protein_0142,protein_0339,0.13793103448275862
protein_0142,protein_0340,0.1650485436893204
protein_0142,protein_0341,0.27184466019417475
protein_0142,protein_0342,0.18604651162790697
protein_0142,protein_0343,0.1414141414141414
protein_0142,protein_0344,0.3626373626373626
protein_0142,protein_0345,0.12087912087912088
protein_0142,protein_0346,0.12087912087912088
protein_0142,protein_0347,0.1839080459770115
protein_0142,protein_0348,0.12931034482758622
protein_0142,protein_0349,0.18867924528301888
protein_0142,protein_0350,0.375
protein_0142,protein_0351,0.4772727272727273
protein_0142,protein_0352,0.13829787234042554
protein_0142,protein_0353,0.20689655172413793
protein_0142,protein_0354,0.2413793103448276
protein_0142,protein_0355,0.4090909090909091
protein_0142,protein_0356,0.12790697674418605
protein_0142,protein_0357,0.1652892561983471
protein_0142,protein_0358,0.36666666666666664
protein_0142,protein_0359,0.11475409836065574
protein_0142,protein_0360,0.3404255319148936
protein_0142,protein_0361,0.1322314049586777
protein_0142,protein_0362,0.23157894736842105
protein_0142,protein_0363,0.23157894736842105
protein_0142,protein_0364,0.24210526315789474
protein_0142,protein_0365,0.19318181818181818
protein_0142,protein_0366,0.2247191011235955
protein_0142,protein_0368,0.15306122448979592
protein_0142,protein_0369,0.16304347826086957
protein_0142,protein_0370,0.3626373626373626
protein_0142,protein_0371,0.32558139534883723
protein_0142,protein_0372,0.0963302752293578
protein_0142,protein_0373,0.125
protein_0142,protein_0374,0.13675213675213677
protein_0142,protein_0375,0.36363636363636365
protein_0142,protein_0376,0.22115384615384615
protein_0142,protein_0377,0.3563218390804598
protein_0142,protein_0378,0.12727272727272726
protein_0142,protein_0380,0.20952380952380953
protein_0142,protein_0381,0.20952380952380953
protein_0142,protein_0382,0.25287356321839083
protein_0142,protein_0383,0.16091954022988506
protein_0142,protein_0384,0.40217391304347827
protein_0142,protein_0385,0.12380952380952381
protein_0142,protein_0386,0.11320754716981132
protein_0142,protein_0387,0.13761467889908258
protein_0142,protein_0388,0.16129032258064516
protein_0142,protein_0390,0.42528735632183906
protein_0142,protein_0391,0.23404255319148937
protein_0142,protein_0392,0.32954545454545453
protein_0142,protein_0393,0.3181818181818182
protein_0142,protein_0394,0.1565217391304348
protein_0142,protein_0395,0.24175824175824176
protein_0142,protein_0396,0.11403508771929824
protein_0142,protein_0397,0.367816091954023
protein_0142,protein_0398,0.20869565217391303
protein_0142,protein_0399,0.39080459770114945
protein_0159,protein_0000,0.3409090909090909
protein_0159,protein_0001,0.14942528735632185
protein_0159,protein_0002,0.15730337078651685
protein_0159,protein_0003,0.3522727272727273
protein_0159,protein_0004,0.3409090909090909
protein_0159,protein_0005,0.18
protein_0159,protein_0006,0.3409090909090909
protein_0159,protein_0007,0.1839080459770115
protein_0159,protein_0008,0.1553398058252427
protein_0159,protein_0009,0.22988505747126436
protein_0159,protein_0010,0.3146067415730337
protein_0159,protein_0011,0.3563218390804598
protein_0159,protein_0013,0.11494252873563218
protein_0159,protein_0014,0.2087912087912088
protein_0159,protein_0015,0.17647058823529413
protein_0159,protein_0016,0.1782178217821782
protein_0159,protein_0017,0.15555555555555556
protein_0159,protein_0018,0.38202247191011235
protein_0159,protein_0019,0.16666666666666666
protein_0159,protein_0020,0.28735632183908044
protein_0159,protein_0021,0.20430107526881722
protein_0159,protein_0022,0.1326530612244898
protein_0159,protein_0023,0.19047619047619047
protein_0159,protein_0024,0.14166666666666666
protein_0159,protein_0025,0.3333333333333333
protein_0159,protein_0026,0.15503875968992248
protein_0159,protein_0027,0.18556701030927836
protein_0159,protein_0030,0.14754098360655737
protein_0159,protein_0031,0.1485148514851485
protein_0159,protein_0032,0.3563218390804598
protein_0159,protein_0033,0.3333333333333333
protein_0159,protein_0034,0.3707865168539326
protein_0159,protein_0036,0.20224719101123595
protein_0159,protein_0037,0.24719101123595505
protein_0159,protein_0038,0.24719101123595505
protein_0159,protein_0039,0.2777777777777778
protein_0159,protein_0040,0.12643678160919541
protein_0159,protein_0042,0.21978021978021978
protein_0159,protein_0043,0.25842696629213485
protein_0159,protein_0045,0.4044943820224719
protein_0159,protein_0046,0.17045454545454544
protein_0159,protein_0047,0.28735632183908044
protein_0159,protein_0048,0.2988505747126437
protein_0159,protein_0049,0.3103448275862069
protein_0159,protein_0050,0.10891089108910891
protein_0159,protein_0052,0.3563218390804598
protein_0159,protein_0053,0.3218390804597701
protein_0159,protein_0054,0.10256410256410256
protein_0159,protein_0055,0.11764705882352941
protein_0159,protein_0056,0.19626168224299065
protein_0159,protein_0057,0.1839080459770115
protein_0159,protein_0058,0.13978494623655913
protein_0159,protein_0059,0.24719101123595505
protein_0159,protein_0060,0.10576923076923077
protein_0159,protein_0061,0.18085106382978725
protein_0159,protein_0062,0.3218390804597701
protein_0159,protein_0063,0.107981220657277
protein_0159,protein_0064,0.30337078651685395
protein_0159,protein_0066,0.13761467889908258
protein_0159,protein_0067,0.32954545454545453
protein_0159,protein_0068,0.22988505747126436
protein_0159,protein_0069,0.2988505747126437
protein_0159,protein_0070,0.2696629213483146
protein_0159,protein_0071,0.2988505747126437
protein_0159,protein_0072,0.1839080459770115
protein_0159,protein_0073,0.25287356321839083
protein_0159,protein_0075,0.20618556701030927
protein_0159,protein_0076,0.15730337078651685
protein_0159,protein_0077,0.3563218390804598
protein_0159,protein_0078,0.18181818181818182
protein_0159,protein_0079,0.18181818181818182
protein_0159,protein_0080,0.3563218390804598
protein_0159,protein_0081,0.3333333333333333
protein_0159,protein_0082,0.15702479338842976
protein_0159,protein_0084,0.26136363636363635
protein_0159,protein_0086,0.125
protein_0159,protein_0087,0.20689655172413793
protein_0159,protein_0088,0.3595505617977528
protein_0159,protein_0089,0.11607142857142858
protein_0159,protein_0090,0.125
protein_0159,protein_0091,0.17094017094017094
protein_0159,protein_0092,0.17094017094017094
protein_0159,protein_0093,0.3181818181818182
protein_0159,protein_0094,0.1652892561983471
protein_0159,protein_0096,0.17757009345794392
protein_0159,protein_0097,0.2413793103448276
protein_0159,protein_0098,0.39080459770114945
protein_0159,protein_0099,0.1485148514851485
protein_0159,protein_0100,0.1956521739130435
protein_0159,protein_0101,0.26436781609195403
protein_0159,protein_0102,0.2696629213483146
protein_0159,protein_0103,0.2808988764044944
protein_0159,protein_0104,0.15079365079365079
protein_0159,protein_0105,0.11494252873563218
protein_0159,protein_0106,0.15384615384615385
protein_0159,protein_0108,0.2413793103448276
protein_0159,protein_0109,0.15217391304347827
protein_0159,protein_0110,0.3146067415730337
protein_0159,protein_0111,0.2413793103448276
protein_0159,protein_0112,0.17757009345794392
protein_0159,protein_0113,0.34831460674157305
protein_0159,protein_0114,0.3333333333333333
protein_0159,protein_0115,0.26136363636363635
protein_0159,protein_0116,0.11818181818181818
protein_0159,protein_0117,0.11818181818181818
protein_0159,protein_0118,0.18947368421052632
protein_0159,protein_0119,0.14
protein_0159,protein_0120,0.3218390804597701
protein_0159,protein_0121,0.3218390804597701
protein_0159,protein_0122,0.2413793103448276
protein_0159,protein_0123,0.14606741573033707
protein_0159,protein_0124,0.3218390804597701
protein_0159,protein_0125,0.12844036697247707
protein_0159,protein_0126,0.19801980198019803
protein_0159,protein_0128,0.3103448275862069
protein_0159,protein_0129,0.21839080459770116
protein_0159,protein_0130,0.13392857142857142
protein_0159,protein_0131,0.2111111111111111
protein_0159,protein_0132,0.2631578947368421
protein_0159,protein_0134,0.4
protein_0159,protein_0135,0.2413793103448276
protein_0159,protein_0136,0.13333333333333333
protein_0159,protein_0137,0.1640625
protein_0159,protein_0138,0.1640625
protein_0159,protein_0139,0.13793103448275862
protein_0159,protein_0140,0.36666666666666664
protein_0159,protein_0141,0.25842696629213485
protein_0159,protein_0143,0.27586206896551724
protein_0159,protein_0144,0.27956989247311825
protein_0159,protein_0145,0.1590909090909091
protein_0159,protein_0146,0.09090909090909091
protein_0159,protein_0147,0.40229885057471265
protein_0159,protein_0148,0.32954545454545453
protein_0159,protein_0149,0.1797752808988764
protein_0159,protein_0150,0.39080459770114945
protein_0159,protein_0151,0.21978021978021978
protein_0159,protein_0152,0.20430107526881722
protein_0159,protein_0153,0.1956521739130435
protein_0159,protein_0154,0.19101123595505617
protein_0159,protein_0155,0.16393442622950818
protein_0159,protein_0156,0.16822429906542055
protein_0159,protein_0157,0.09090909090909091
protein_0159,protein_0158,0.2
protein_0159,protein_0160,0.3448275862068966
protein_0159,protein_0161,0.15384615384615385
protein_0159,protein_0162,0.3333333333333333
protein_0159,protein_0163,0.14150943396226415
protein_0159,protein_0164,0.29213483146067415
protein_0159,protein_0165,0.1839080459770115
protein_0159,protein_0166,0.3103448275862069
protein_0159,protein_0167,0.13675213675213677
protein_0159,protein_0168,0.1415929203539823
protein_0159,protein_0169,0.1282051282051282
protein_0159,protein_0171,0.22988505747126436
protein_0159,protein_0172,0.15254237288135594
protein_0159,protein_0173,0.39080459770114945
protein_0159,protein_0174,0.3218390804597701
protein_0159,protein_0175,0.3218390804597701
protein_0159,protein_0176,0.18681318681318682
protein_0159,protein_0177,0.1724137931034483
protein_0159,protein_0179,0.15517241379310345
protein_0159,protein_0180,0.25287356321839083
protein_0159,protein_0181,0.3146067415730337
protein_0159,protein_0182,0.3103448275862069
protein_0159,protein_0183,0.12745098039215685
protein_0159,protein_0185,0.14893617021276595
protein_0159,protein_0187,0.2988505747126437
protein_0159,protein_0188,0.1724137931034483
protein_0159,protein_0189,0.7126436781609196
protein_0159,protein_0190,0.3793103448275862
protein_0159,protein_0191,0.3522727272727273
protein_0159,protein_0192,0.3258426966292135
protein_0159,protein_0193,0.3793103448275862
protein_0159,protein_0194,0.22988505747126436
protein_0159,protein_0195,0.3103448275862069
protein_0159,protein_0196,0.3522727272727273
protein_0159,protein_0197,0.3333333333333333
protein_0159,protein_0198,0.33707865168539325
protein_0159,protein_0199,0.21739130434782608
protein_0159,protein_0200,0.3258426966292135
protein_0159,protein_0201,0.14814814814814814
protein_0159,protein_0202,0.28735632183908044
protein_0159,protein_0203,0.14285714285714285
protein_0159,protein_0204,0.2391304347826087
protein_0159,protein_0205,0.12322274881516587
protein_0159,protein_0207,0.1417910447761194
protein_0159,protein_0208,0.12173913043478261
protein_0159,protein_0209,0.2696629213483146
protein_0159,protein_0210,0.32967032967032966
protein_0159,protein_0211,0.1568627450980392
protein_0159,protein_0212,0.1797752808988764
protein_0159,protein_0213,0.40229885057471265
protein_0159,protein_0214,0.14772727272727273
protein_0159,protein_0215,0.14942528735632185
protein_0159,protein_0216,0.15151515151515152
protein_0159,protein_0217,0.13725490196078433
protein_0159,protein_0218,0.15079365079365079
protein_0159,protein_0219,0.16153846153846155
protein_0159,protein_0220,0.29213483146067415
protein_0159,protein_0222,0.3103448275862069
protein_0159,protein_0223,0.12359550561797752
protein_0159,protein_0224,0.13186813186813187
protein_0159,protein_0225,0.1111111111111111
protein_0159,protein_0226,0.16304347826086957
protein_0159,protein_0227,0.17045454545454544
protein_0159,protein_0228,0.1978021978021978
protein_0159,protein_0229,0.10227272727272728
protein_0159,protein_0230,0.18556701030927836
protein_0159,protein_0231,0.3563218390804598
protein_0159,protein_0232,0.20689655172413793
protein_0159,protein_0233,0.1297709923664122
protein_0159,protein_0234,0.1619047619047619
protein_0159,protein_0235,0.19387755102040816
protein_0159,protein_0236,0.3516483516483517
protein_0159,protein_0237,0.3516483516483517
protein_0159,protein_0238,0.10526315789473684
protein_0159,protein_0239,0.3146067415730337
protein_0159,protein_0241,0.3103448275862069
protein_0159,protein_0243,0.3118279569892473
protein_0159,protein_0245,0.16666666666666666
protein_0159,protein_0246,0.08823529411764706
protein_0159,protein_0247,0.16842105263157894
protein_0159,protein_0248,0.28735632183908044
protein_0159,protein_0250,0.17525773195876287
protein_0159,protein_0251,0.13829787234042554
protein_0159,protein_0252,0.125
protein_0159,protein_0253,0.12030075187969924
protein_0159,protein_0255,0.13450292397660818
protein_0159,protein_0256,0.18
protein_0159,protein_0257,0.16
protein_0159,protein_0258,0.367816091954023
protein_0159,protein_0259,0.2111111111111111
protein_0159,protein_0260,0.2111111111111111
protein_0159,protein_0261,0.12727272727272726
protein_0159,protein_0262,0.14074074074074075
protein_0159,protein_0263,0.1323529411764706
protein_0159,protein_0264,0.367816091954023
protein_0159,protein_0265,0.367816091954023
protein_0159,protein_0266,0.15463917525773196
protein_0159,protein_0267,0.22916666666666666
protein_0159,protein_0268,0.11235955056179775
protein_0159,protein_0269,0.13793103448275862
protein_0159,protein_0270,0.1590909090909091
protein_0159,protein_0271,0.18478260869565216
protein_0159,protein_0273,0.3448275862068966
protein_0159,protein_0274,0.23076923076923078
protein_0159,protein_0275,0.09803921568627451
protein_0159,protein_0276,0.42528735632183906
protein_0159,protein_0277,0.1724137931034483
protein_0159,protein_0278,0.23333333333333334
protein_0159,protein_0279,0.25287356321839083
protein_0159,protein_0280,0.25
protein_0159,protein_0281,0.1415929203539823
protein_0159,protein_0282,0.11235955056179775
protein_0159,protein_0283,0.09174311926605505
protein_0159,protein_0284,0.25
protein_0159,protein_0285,0.3563218390804598
protein_0159,protein_0286,0.19318181818181818
protein_0159,protein_0287,0.23423423423423423
protein_0159,protein_0288,0.29213483146067415
protein_0159,protein_0289,0.1388888888888889
protein_0159,protein_0291,0.2247191011235955
protein_0159,protein_0292,0.20454545454545456
protein_0159,protein_0293,0.2111111111111111
protein_0159,protein_0294,0.20689655172413793
protein_0159,protein_0295,0.21505376344086022
protein_0159,protein_0297,0.14942528735632185
protein_0159,protein_0299,0.18181818181818182
protein_0159,protein_0300,0.20454545454545456
protein_0159,protein_0301,0.17894736842105263
protein_0159,protein_0302,0.11059907834101383
protein_0159,protein_0303,0.26666666666666666
protein_0159,protein_0305,0.19230769230769232
protein_0159,protein_0306,0.13333333333333333
protein_0159,protein_0307,0.11666666666666667
protein_0159,protein_0308,0.16521739130434782
protein_0159,protein_0309,0.18627450980392157
protein_0159,protein_0311,0.3707865168539326
protein_0159,protein_0312,0.3563218390804598
protein_0159,protein_0313,0.24444444444444444
protein_0159,protein_0314,0.10679611650485436
protein_0159,protein_0315,0.17094017094017094
protein_0159,protein_0316,0.1797752808988764
protein_0159,protein_0317,0.14166666666666666
protein_0159,protein_0319,0.3448275862068966
protein_0159,protein_0320,0.2988505747126437
protein_0159,protein_0321,0.2111111111111111
protein_0159,protein_0323,0.25842696629213485
protein_0159,protein_0324,0.20454545454545456
protein_0159,protein_0325,0.15454545454545454
protein_0159,protein_0326,0.18478260869565216
protein_0159,protein_0327,0.38636363636363635
protein_0159,protein_0328,0.14655172413793102
protein_0159,protein_0329,0.14655172413793102
protein_0159,protein_0330,0.3103448275862069
protein_0159,protein_0332,0.21839080459770116
protein_0159,protein_0333,0.25287356321839083
protein_0159,protein_0334,0.2
protein_0159,protein_0335,0.13274336283185842
protein_0159,protein_0336,0.1839080459770115
protein_0159,protein_0337,0.3103448275862069
protein_0159,protein_0338,0.26436781609195403
protein_0159,protein_0339,0.2222222222222222
protein_0159,protein_0340,0.1568627450980392
protein_0159,protein_0341,0.1568627450980392
protein_0159,protein_0342,0.13793103448275862
protein_0159,protein_0343,0.13793103448275862
protein_0159,protein_0344,0.4
protein_0159,protein_0345,0.1797752808988764
protein_0159,protein_0346,0.1797752808988764
protein_0159,protein_0347,0.17777777777777778
protein_0159,protein_0348,0.15503875968992248
protein_0159,protein_0349,0.16037735849056603
protein_0159,protein_0350,0.37777777777777777
protein_0159,protein_0351,0.3522727272727273
protein_0159,protein_0352,0.14942528735632185
protein_0159,protein_0353,0.1391304347826087
protein_0159,protein_0354,0.22826086956521738
protein_0159,protein_0355,0.3103448275862069
protein_0159,protein_0356,0.14772727272727273
protein_0159,protein_0357,0.13008130081300814
protein_0159,protein_0358,0.37777777777777777
protein_0159,protein_0359,0.14285714285714285
protein_0159,protein_0360,0.2988505747126437
protein_0159,protein_0361,0.13559322033898305
protein_0159,protein_0362,0.25287356321839083
protein_0159,protein_0363,0.25287356321839083
protein_0159,protein_0364,0.25287356321839083
protein_0159,protein_0365,0.28735632183908044
protein_0159,protein_0366,0.27586206896551724
protein_0159,protein_0368,0.14
protein_0159,protein_0369,0.1590909090909091
protein_0159,protein_0370,0.4
protein_0159,protein_0371,0.3793103448275862
protein_0159,protein_0372,0.09174311926605505
protein_0159,protein_0373,0.11926605504587157
protein_0159,protein_0374,0.13445378151260504
protein_0159,protein_0375,0.3793103448275862
protein_0159,protein_0376,0.12871287128712872
protein_0159,protein_0377,0.33695652173913043
protein_0159,protein_0378,0.20535714285714285
protein_0159,protein_0380,0.16842105263157894
protein_0159,protein_0381,0.16842105263157894
protein_0159,protein_0382,0.24444444444444444
protein_0159,protein_0383,0.15555555555555556
protein_0159,protein_0384,0.3563218390804598
protein_0159,protein_0385,0.17647058823529413
protein_0159,protein_0386,0.17647058823529413
protein_0159,protein_0387,0.17708333333333334
protein_0159,protein_0388,0.2247191011235955
protein_0159,protein_0390,0.3068181818181818
protein_0159,protein_0391,0.2127659574468085
protein_0159,protein_0392,0.3218390804597701
protein_0159,protein_0393,0.3218390804597701
protein_0159,protein_0394,0.15789473684210525
protein_0159,protein_0395,0.22340425531914893
protein_0159,protein_0396,0.1652892561983471
protein_0159,protein_0397,0.26436781609195403
protein_0159,protein_0398,0.1452991452991453
protein_0159,protein_0399,0.3793103448275862
protein_0170,protein_0000,0.3793103448275862
protein_0170,protein_0001,0.15853658536585366
protein_0170,protein_0002,0.12790697674418605
protein_0170,protein_0003,0.3563218390804598
protein_0170,protein_0004,0.27586206896551724
protein_0170,protein_0005,0.13978494623655913
protein_0170,protein_0006,0.3
protein_0170,protein_0007,0.1686746987951807
protein_0170,protein_0008,0.13
protein_0170,protein_0009,0.20689655172413793
protein_0170,protein_0010,0.2988505747126437
protein_0170,protein_0011,0.3103448275862069
protein_0170,protein_0013,0.13253012048192772
protein_0170,protein_0014,0.1919191919191919
protein_0170,protein_0015,0.18181818181818182
protein_0170,protein_0016,0.17475728155339806
protein_0170,protein_0017,0.13636363636363635
protein_0170,protein_0018,0.3103448275862069
protein_0170,protein_0019,0.17073170731707318
protein_0170,protein_0020,0.48863636363636365
protein_0170,protein_0021,0.10843373493975904
protein_0170,protein_0022,0.14444444444444443
protein_0170,protein_0023,0.18181818181818182
protein_0170,protein_0024,0.1452991452991453
protein_0170,protein_0025,0.6483516483516484
protein_0170,protein_0026,0.12121212121212122
protein_0170,protein_0027,0.1724137931034483
protein_0170,protein_0030,0.11382113821138211
protein_0170,protein_0031,0.1553398058252427
protein_0170,protein_0032,0.3103448275862069
protein_0170,protein_0033,0.2988505747126437
protein_0170,protein_0034,0.27586206896551724
protein_0170,protein_0036,0.1951219512195122
protein_0170,protein_0037,0.19540229885057472
protein_0170,protein_0038,0.19540229885057472
protein_0170,protein_0039,0.19540229885057472
protein_0170,protein_0040,0.11764705882352941
protein_0170,protein_0042,0.16470588235294117
protein_0170,protein_0043,0.25287356321839083
protein_0170,protein_0045,0.28735632183908044
protein_0170,protein_0046,0.17073170731707318
protein_0170,protein_0047,0.26436781609195403
protein_0170,protein_0048,0.26436781609195403
protein_0170,protein_0049,0.27586206896551724
protein_0170,protein_0050,0.10101010101010101
protein_0170,protein_0052,0.2988505747126437
protein_0170,protein_0053,0.40229885057471265
protein_0170,protein_0054,0.15254237288135594
protein_0170,protein_0055,0.14285714285714285
protein_0170,protein_0056,0.13333333333333333
protein_0170,protein_0057,0.17073170731707318
protein_0170,protein_0058,0.16483516483516483
protein_0170,protein_0059,0.25287356321839083
protein_0170,protein_0060,0.13725490196078433
protein_0170,protein_0061,0.1797752808988764
protein_0170,protein_0062,0.3448275862068966
protein_0170,protein_0063,0.125
protein_0170,protein_0064,0.3448275862068966
protein_0170,protein_0066,0.1941747572815534
protein_0170,protein_0067,0.3218390804597701
protein_0170,protein_0068,0.25287356321839083
protein_0170,protein_0069,0.28735632183908044
protein_0170,protein_0070,0.26436781609195403
protein_0170,protein_0071,0.3103448275862069
protein_0170,protein_0072,0.18072289156626506
protein_0170,protein_0073,0.26666666666666666
protein_0170,protein_0075,0.16666666666666666
protein_0170,protein_0076,0.10975609756097561
protein_0170,protein_0077,0.4111111111111111
protein_0170,protein_0078,0.16666666666666666
protein_0170,protein_0079,0.16666666666666666
protein_0170,protein_0080,0.2988505747126437
protein_0170,protein_0081,0.27586206896551724
protein_0170,protein_0082,0.19801980198019803
protein_0170,protein_0084,0.26744186046511625
protein_0170,protein_0086,0.18811881188118812
protein_0170,protein_0087,0.13414634146341464
protein_0170,protein_0088,0.2988505747126437
protein_0170,protein_0089,0.14414414414414414
protein_0170,protein_0090,0.1452991452991453
protein_0170,protein_0091,0.17796610169491525
protein_0170,protein_0092,0.17796610169491525
protein_0170,protein_0093,0.3333333333333333
protein_0170,protein_0094,0.1206896551724138
protein_0170,protein_0096,0.14423076923076922
protein_0170,protein_0097,0.3448275862068966
protein_0170,protein_0098,0.3333333333333333
protein_0170,protein_0099,0.18811881188118812
protein_0170,protein_0100,0.2073170731707317
protein_0170,protein_0101,0.2777777777777778
protein_0170,protein_0102,0.2413793103448276
protein_0170,protein_0103,0.19540229885057472
protein_0170,protein_0104,0.18333333333333332
protein_0170,protein_0105,0.16279069767441862
protein_0170,protein_0106,0.12173913043478261
protein_0170,protein_0108,0.20689655172413793
protein_0170,protein_0109,0.1724137931034483
protein_0170,protein_0110,0.2727272727272727
protein_0170,protein_0111,0.22988505747126436
protein_0170,protein_0112,0.19047619047619047
protein_0170,protein_0113,0.25287356321839083
protein_0170,protein_0114,0.3103448275862069
protein_0170,protein_0115,0.4
protein_0170,protein_0116,0.15517241379310345
protein_0170,protein_0117,0.15517241379310345
protein_0170,protein_0118,0.18292682926829268
protein_0170,protein_0119,0.13761467889908258
protein_0170,protein_0120,0.5402298850574713
protein_0170,protein_0121,0.5402298850574713
protein_0170,protein_0122,0.1839080459770115
protein_0170,protein_0123,0.15476190476190477
protein_0170,protein_0124,0.5402298850574713
protein_0170,protein_0125,0.1414141414141414
protein_0170,protein_0126,0.17
protein_0170,protein_0128,0.45977011494252873
protein_0170,protein_0129,0.14942528735632185
protein_0170,protein_0130,0.1282051282051282
protein_0170,protein_0131,0.13414634146341464
protein_0170,protein_0132,0.17117117117117117
protein_0170,protein_0134,0.3563218390804598
protein_0170,protein_0135,0.36666666666666664
protein_0170,protein_0136,0.1721311475409836
protein_0170,protein_0137,0.17886178861788618
protein_0170,protein_0138,0.17886178861788618
protein_0170,protein_0139,0.1686746987951807
protein_0170,protein_0140,0.3218390804597701
protein_0170,protein_0141,0.1839080459770115
protein_0170,protein_0143,0.40229885057471265
protein_0170,protein_0144,0.4431818181818182
protein_0170,protein_0145,0.18292682926829268
protein_0170,protein_0146,0.15853658536585366
protein_0170,protein_0147,0.3448275862068966
protein_0170,protein_0148,0.39080459770114945
protein_0170,protein_0149,0.21951219512195122
protein_0170,protein_0150,0.3111111111111111
protein_0170,protein_0151,0.26666666666666666
protein_0170,protein_0152,0.14457831325301204
protein_0170,protein_0153,0.19540229885057472
protein_0170,protein_0154,0.18888888888888888
protein_0170,protein_0155,0.13675213675213677
protein_0170,protein_0156,0.16071428571428573
protein_0170,protein_0157,0.09090909090909091
protein_0170,protein_0158,0.17073170731707318
protein_0170,protein_0160,0.6136363636363636
protein_0170,protein_0161,0.15833333333333333
protein_0170,protein_0162,0.524390243902439
protein_0170,protein_0163,0.17
protein_0170,protein_0164,0.45977011494252873
protein_0170,protein_0165,0.16470588235294117
protein_0170,protein_0166,0.45977011494252873
protein_0170,protein_0167,0.11864406779661017
protein_0170,protein_0168,0.12280701754385964
protein_0170,protein_0169,0.18333333333333332
protein_0170,protein_0171,0.25287356321839083
protein_0170,protein_0172,0.12605042016806722
protein_0170,protein_0173,0.4942528735632184
protein_0170,protein_0174,0.625
protein_0170,protein_0175,0.6206896551724138
protein_0170,protein_0176,0.18072289156626506
protein_0170,protein_0177,0.18604651162790697
protein_0170,protein_0179,0.16666666666666666
protein_0170,protein_0180,0.2696629213483146
protein_0170,protein_0181,0.3218390804597701
protein_0170,protein_0182,0.4431818181818182
protein_0170,protein_0183,0.1717171717171717
protein_0170,protein_0185,0.14736842105263157
protein_0170,protein_0187,0.6091954022988506
protein_0170,protein_0188,0.21348314606741572
protein_0170,protein_0189,0.3103448275862069
protein_0170,protein_0190,0.3103448275862069
protein_0170,protein_0191,0.3103448275862069
protein_0170,protein_0192,0.5542168674698795
protein_0170,protein_0193,0.36666666666666664
protein_0170,protein_0194,0.22988505747126436
protein_0170,protein_0195,0.3218390804597701
protein_0170,protein_0196,0.3218390804597701
protein_0170,protein_0197,0.27586206896551724
protein_0170,protein_0198,0.26436781609195403
protein_0170,protein_0199,0.25555555555555554
protein_0170,protein_0200,0.25287356321839083
protein_0170,protein_0201,0.1782178217821782
protein_0170,protein_0202,0.3563218390804598
protein_0170,protein_0203,0.14285714285714285
protein_0170,protein_0204,0.17073170731707318
protein_0170,protein_0205,0.11320754716981132
protein_0170,protein_0207,0.18045112781954886
protein_0170,protein_0208,0.13157894736842105
protein_0170,protein_0209,0.2413793103448276
protein_0170,protein_0210,0.3448275862068966
protein_0170,protein_0211,0.18627450980392157
protein_0170,protein_0212,0.12643678160919541
protein_0170,protein_0213,0.3563218390804598
protein_0170,protein_0214,0.11904761904761904
protein_0170,protein_0215,0.13829787234042554
protein_0170,protein_0216,0.13
protein_0170,protein_0217,0.125
protein_0170,protein_0218,0.104
protein_0170,protein_0219,0.15833333333333333
protein_0170,protein_0220,0.3563218390804598
protein_0170,protein_0222,0.26436781609195403
protein_0170,protein_0223,0.14942528735632185
protein_0170,protein_0224,0.12048192771084337
protein_0170,protein_0225,0.1935483870967742
protein_0170,protein_0226,0.1792452830188679
protein_0170,protein_0227,0.14634146341463414
protein_0170,protein_0228,0.18947368421052632
protein_0170,protein_0229,0.17582417582417584
protein_0170,protein_0230,0.22727272727272727
protein_0170,protein_0231,0.41379310344827586
protein_0170,protein_0232,0.2073170731707317
protein_0170,protein_0233,0.171875
protein_0170,protein_0234,0.16346153846153846
protein_0170,protein_0235,0.19047619047619047
protein_0170,protein_0236,0.28735632183908044
protein_0170,protein_0237,0.28735632183908044
protein_0170,protein_0238,0.15671641791044777
protein_0170,protein_0239,0.632183908045977
protein_0170,protein_0241,0.6091954022988506
protein_0170,protein_0243,0.6813186813186813
protein_0170,protein_0245,0.11504424778761062
protein_0170,protein_0246,0.14736842105263157
protein_0170,protein_0247,0.17777777777777778
protein_0170,protein_0248,0.4827586206896552
protein_0170,protein_0250,0.17
protein_0170,protein_0251,0.12244897959183673
protein_0170,protein_0252,0.13541666666666666
protein_0170,protein_0253,0.14782608695652175
protein_0170,protein_0255,0.1111111111111111
protein_0170,protein_0256,0.1782178217821782
protein_0170,protein_0257,0.19230769230769232
protein_0170,protein_0258,0.2988505747126437
protein_0170,protein_0259,0.14285714285714285
protein_0170,protein_0260,0.14285714285714285
protein_0170,protein_0261,0.13
protein_0170,protein_0262,0.1037037037037037
protein_0170,protein_0263,0.14705882352941177
protein_0170,protein_0264,0.3448275862068966
protein_0170,protein_0265,0.3448275862068966
protein_0170,protein_0266,0.1650485436893204
protein_0170,protein_0267,0.18888888888888888
protein_0170,protein_0268,0.16842105263157894
protein_0170,protein_0269,0.13793103448275862
protein_0170,protein_0270,0.16279069767441862
protein_0170,protein_0271,0.17857142857142858
protein_0170,protein_0273,0.28735632183908044
protein_0170,protein_0274,0.26881720430107525
protein_0170,protein_0275,0.17647058823529413
protein_0170,protein_0276,0.3333333333333333
protein_0170,protein_0277,0.17647058823529413
protein_0170,protein_0278,0.18888888888888888
protein_0170,protein_0279,0.35294117647058826
protein_0170,protein_0280,0.36585365853658536
protein_0170,protein_0281,0.11965811965811966
protein_0170,protein_0282,0.11
protein_0170,protein_0283,0.09090909090909091
protein_0170,protein_0284,0.1839080459770115
protein_0170,protein_0285,0.3068181818181818
protein_0170,protein_0286,0.14634146341463414
protein_0170,protein_0287,0.18181818181818182
protein_0170,protein_0288,0.524390243902439
protein_0170,protein_0289,0.2073170731707317
protein_0170,protein_0291,0.25609756097560976
protein_0170,protein_0292,0.18292682926829268
protein_0170,protein_0293,0.26595744680851063
protein_0170,protein_0294,0.25609756097560976
protein_0170,protein_0295,0.17073170731707318
protein_0170,protein_0297,0.15853658536585366
protein_0170,protein_0299,0.16666666666666666
protein_0170,protein_0300,0.12222222222222222
protein_0170,protein_0301,0.12359550561797752
protein_0170,protein_0302,0.1336405529953917
protein_0170,protein_0303,0.1951219512195122
protein_0170,protein_0305,0.17525773195876287
protein_0170,protein_0306,0.14285714285714285
protein_0170,protein_0307,0.15
protein_0170,protein_0308,0.17391304347826086
protein_0170,protein_0309,0.17777777777777778
protein_0170,protein_0311,0.4782608695652174
protein_0170,protein_0312,0.40229885057471265
protein_0170,protein_0313,0.25287356321839083
protein_0170,protein_0314,0.18811881188118812
protein_0170,protein_0315,0.1652892561983471
protein_0170,protein_0316,0.17073170731707318
protein_0170,protein_0317,0.12745098039215685
protein_0170,protein_0319,0.3103448275862069
protein_0170,protein_0320,0.5274725274725275
protein_0170,protein_0321,0.14606741573033707
protein_0170,protein_0323,0.27586206896551724
protein_0170,protein_0324,0.12359550561797752
protein_0170,protein_0325,0.10077519379844961
protein_0170,protein_0326,0.13793103448275862
protein_0170,protein_0327,0.38202247191011235
protein_0170,protein_0328,0.12
protein_0170,protein_0329,0.12
protein_0170,protein_0330,0.2413793103448276
protein_0170,protein_0332,0.1724137931034483
protein_0170,protein_0333,0.24175824175824176
protein_0170,protein_0334,0.21978021978021978
protein_0170,protein_0335,0.0784313725490196
protein_0170,protein_0336,0.17073170731707318
protein_0170,protein_0337,0.28735632183908044
protein_0170,protein_0338,0.2159090909090909
protein_0170,protein_0339,0.17204301075268819
protein_0170,protein_0340,0.16831683168316833
protein_0170,protein_0341,0.20588235294117646
protein_0170,protein_0342,0.13414634146341464
protein_0170,protein_0343,0.1927710843373494
protein_0170,protein_0344,0.3448275862068966
protein_0170,protein_0345,0.14457831325301204
protein_0170,protein_0346,0.14457831325301204
protein_0170,protein_0347,0.1951219512195122
protein_0170,protein_0348,0.125
protein_0170,protein_0349,0.16666666666666666
protein_0170,protein_0350,0.3333333333333333
protein_0170,protein_0351,0.3218390804597701
protein_0170,protein_0352,0.16470588235294117
protein_0170,protein_0353,0.14166666666666666
protein_0170,protein_0354,0.24468085106382978
protein_0170,protein_0355,0.2988505747126437
protein_0170,protein_0356,0.14942528735632185
protein_0170,protein_0357,0.1532258064516129
protein_0170,protein_0358,0.3218390804597701
protein_0170,protein_0359,0.1322314049586777
protein_0170,protein_0360,0.3103448275862069
protein_0170,protein_0361,0.15126050420168066
protein_0170,protein_0362,0.1978021978021978
protein_0170,protein_0363,0.1978021978021978
protein_0170,protein_0364,0.1978021978021978
protein_0170,protein_0365,0.19318181818181818
protein_0170,protein_0366,0.19318181818181818
protein_0170,protein_0368,0.18888888888888888
protein_0170,protein_0369,0.15789473684210525
protein_0170,protein_0370,0.3448275862068966
protein_0170,protein_0371,0.3448275862068966
protein_0170,protein_0372,0.091324200913242
protein_0170,protein_0373,0.14705882352941177
protein_0170,protein_0374,0.17094017094017094
protein_0170,protein_0375,0.37362637362637363
protein_0170,protein_0376,0.13
protein_0170,protein_0377,0.367816091954023
protein_0170,protein_0378,0.16964285714285715
protein_0170,protein_0380,0.18095238095238095
protein_0170,protein_0381,0.18095238095238095
protein_0170,protein_0382,0.2413793103448276
protein_0170,protein_0383,0.18292682926829268
protein_0170,protein_0384,0.3977272727272727
protein_0170,protein_0385,0.18181818181818182
protein_0170,protein_0386,0.1414141414141414
protein_0170,protein_0387,0.15463917525773196
protein_0170,protein_0388,0.13414634146341464
protein_0170,protein_0390,0.3333333333333333
protein_0170,protein_0391,0.19101123595505617
protein_0170,protein_0392,0.6263736263736264
protein_0170,protein_0393,0.6373626373626373
protein_0170,protein_0394,0.16666666666666666
protein_0170,protein_0395,0.1978021978021978
protein_0170,protein_0396,0.14655172413793102
protein_0170,protein_0397,0.367816091954023
protein_0170,protein_0398,0.175
protein_0170,protein_0399,0.3563218390804598
protein_0178,protein_0000,0.1440677966101695
protein_0178,protein_0001,0.15789473684210525
protein_0178,protein_0002,0.16101694915254236
protein_0178,protein_0003,0.11504424778761062
protein_0178,protein_0004,0.1415929203539823
protein_0178,protein_0005,0.2
protein_0178,protein_0006,0.15789473684210525
protein_0178,protein_0007,0.17391304347826086
protein_0178,protein_0008,0.16153846153846155
protein_0178,protein_0009,0.13793103448275862
protein_0178,protein_0010,0.1694915254237288
protein_0178,protein_0011,0.14035087719298245
protein_0178,protein_0013,0.1415929203539823
protein_0178,protein_0014,0.18803418803418803
protein_0178,protein_0015,0.16
protein_0178,protein_0016,0.16153846153846155
protein_0178,protein_0017,0.14666666666666667
protein_0178,protein_0018,0.13274336283185842
protein_0178,protein_0019,0.13274336283185842
protein_0178,protein_0020,0.19658119658119658
protein_0178,protein_0021,0.12389380530973451
protein_0178,protein_0022,0.1623931623931624
protein_0178,protein_0023,0.13333333333333333
protein_0178,protein_0024,0.3305084745762712
protein_0178,protein_0025,0.14782608695652175
protein_0178,protein_0026,0.15942028985507245
protein_0178,protein_0027,0.14049586776859505
protein_0178,protein_0030,0.2786885245901639
protein_0178,protein_0031,0.15748031496062992
protein_0178,protein_0032,0.2
protein_0178,protein_0033,0.17094017094017094
protein_0178,protein_0034,0.19491525423728814
protein_0178,protein_0036,0.1415929203539823
protein_0178,protein_0037,0.16101694915254236
protein_0178,protein_0038,0.16101694915254236
protein_0178,protein_0039,0.15517241379310345
protein_0178,protein_0040,0.10619469026548672
protein_0178,protein_0042,0.17886178861788618
protein_0178,protein_0043,0.168141592920354
protein_0178,protein_0045,0.10619469026548672
protein_0178,protein_0046,0.1565217391304348
protein_0178,protein_0047,0.1504424778761062
protein_0178,protein_0048,0.1623931623931624
protein_0178,protein_0049,0.17699115044247787
protein_0178,protein_0050,0.14285714285714285
protein_0178,protein_0052,0.17391304347826086
protein_0178,protein_0053,0.11504424778761062
protein_0178,protein_0054,0.37815126050420167
protein_0178,protein_0055,0.3902439024390244
protein_0178,protein_0056,0.14782608695652175
protein_0178,protein_0057,0.1623931623931624
protein_0178,protein_0058,0.12389380530973451
protein_0178,protein_0059,0.1415929203539823
protein_0178,protein_0060,0.1415929203539823
protein_0178,protein_0061,0.12389380530973451
protein_0178,protein_0062,0.13043478260869565
protein_0178,protein_0063,0.12206572769953052
protein_0178,protein_0064,0.14912280701754385
protein_0178,protein_0066,0.1349206349206349
protein_0178,protein_0067,0.17796610169491525
protein_0178,protein_0068,0.1864406779661017
protein_0178,protein_0069,0.17094017094017094
protein_0178,protein_0070,0.09016393442622951
protein_0178,protein_0071,0.1826086956521739
protein_0178,protein_0072,0.12389380530973451
protein_0178,protein_0073,0.15833333333333333
protein_0178,protein_0075,0.19491525423728814
protein_0178,protein_0076,0.13043478260869565
protein_0178,protein_0077,0.12173913043478261
protein_0178,protein_0078,0.1774193548387097
protein_0178,protein_0079,0.1774193548387097
protein_0178,protein_0080,0.1794871794871795
protein_0178,protein_0081,0.1623931623931624
protein_0178,protein_0082,0.1896551724137931
protein_0178,protein_0084,0.13333333333333333
protein_0178,protein_0086,0.1896551724137931
protein_0178,protein_0087,0.1391304347826087
protein_0178,protein_0088,0.12931034482758622
protein_0178,protein_0089,0.17692307692307693
protein_0178,protein_0090,0.14960629921259844
protein_0178,protein_0091,0.11965811965811966
protein_0178,protein_0092,0.11965811965811966
protein_0178,protein_0093,0.1415929203539823
protein_0178,protein_0094,0.24347826086956523
protein_0178,protein_0096,0.15079365079365079
protein_0178,protein_0097,0.1282051282051282
protein_0178,protein_0098,0.14655172413793102
protein_0178,protein_0099,0.10619469026548672
protein_0178,protein_0100,0.18421052631578946
protein_0178,protein_0101,0.15384615384615385
protein_0178,protein_0102,0.211864406779661
protein_0178,protein_0103,0.1592920353982301
protein_0178,protein_0104,0.3140495867768595
protein_0178,protein_0105,0.13274336283185842
protein_0178,protein_0106,0.136
protein_0178,protein_0108,0.14049586776859505
protein_0178,protein_0109,0.13274336283185842
protein_0178,protein_0110,0.1794871794871795
protein_0178,protein_0111,0.1565217391304348
protein_0178,protein_0112,0.12195121951219512
protein_0178,protein_0113,0.2
protein_0178,protein_0114,0.1592920353982301
protein_0178,protein_0115,0.11965811965811966
protein_0178,protein_0116,0.14634146341463414
protein_0178,protein_0117,0.14634146341463414
protein_0178,protein_0118,0.1694915254237288
protein_0178,protein_0119,0.1557377049180328
protein_0178,protein_0120,0.11504424778761062
protein_0178,protein_0121,0.11504424778761062
protein_0178,protein_0122,0.13274336283185842
protein_0178,protein_0123,0.13157894736842105
protein_0178,protein_0124,0.1592920353982301
protein_0178,protein_0125,0.1810344827586207
protein_0178,protein_0126,0.16923076923076924
protein_0178,protein_0128,0.17699115044247787
protein_0178,protein_0129,0.16666666666666666
protein_0178,protein_0130,0.16535433070866143
protein_0178,protein_0131,0.13559322033898305
protein_0178,protein_0132,0.1694915254237288
protein_0178,protein_0134,0.11504424778761062
protein_0178,protein_0135,0.1810344827586207
protein_0178,protein_0136,0.33884297520661155
protein_0178,protein_0137,0.3559322033898305
protein_0178,protein_0138,0.3559322033898305
protein_0178,protein_0139,0.16379310344827586
protein_0178,protein_0140,0.15
protein_0178,protein_0141,0.1452991452991453
protein_0178,protein_0143,0.18803418803418803
protein_0178,protein_0144,0.1623931623931624
protein_0178,protein_0145,0.13274336283185842
protein_0178,protein_0146,0.11304347826086956
protein_0178,protein_0147,0.14049586776859505
protein_0178,protein_0148,0.16101694915254236
protein_0178,protein_0149,0.15789473684210525
protein_0178,protein_0150,0.1271186440677966
protein_0178,protein_0151,0.1440677966101695
protein_0178,protein_0152,0.168141592920354
protein_0178,protein_0153,0.19658119658119658
protein_0178,protein_0154,0.19130434782608696
protein_0178,protein_0155,0.13385826771653545
protein_0178,protein_0156,0.22131147540983606
protein_0178,protein_0157,0.17699115044247787
protein_0178,protein_0158,0.14035087719298245
protein_0178,protein_0160,0.12931034482758622
protein_0178,protein_0161,0.3728813559322034
protein_0178,protein_0162,0.11504424778761062
protein_0178,protein_0163,0.15873015873015872
protein_0178,protein_0164,0.12280701754385964
protein_0178,protein_0165,0.13274336283185842
protein_0178,protein_0166,0.14035087719298245
protein_0178,protein_0167,0.1746031746031746
protein_0178,protein_0168,0.1984126984126984
protein_0178,protein_0169,0.30578512396694213
protein_0178,protein_0171,0.1864406779661017
protein_0178,protein_0172,0.319672131147541
protein_0178,protein_0173,0.13675213675213677
protein_0178,protein_0174,0.11206896551724138
protein_0178,protein_0175,0.13793103448275862
protein_0178,protein_0176,0.14035087719298245
protein_0178,protein_0177,0.1415929203539823
protein_0178,protein_0179,0.9026548672566371
protein_0178,protein_0180,0.15517241379310345
protein_0178,protein_0181,0.1694915254237288
protein_0178,protein_0182,0.18584070796460178
protein_0178,protein_0183,0.152
protein_0178,protein_0185,0.1415929203539823
protein_0178,protein_0187,0.1206896551724138
protein_0178,protein_0188,0.1391304347826087
protein_0178,protein_0189,0.168141592920354
protein_0178,protein_0190,0.16666666666666666
protein_0178,protein_0191,0.17391304347826086
protein_0178,protein_0192,0.13274336283185842
protein_0178,protein_0193,0.1794871794871795
protein_0178,protein_0194,0.11475409836065574
protein_0178,protein_0195,0.1452991452991453
protein_0178,protein_0196,0.11504424778761062
protein_0178,protein_0197,0.1826086956521739
protein_0178,protein_0198,0.14035087719298245
protein_0178,protein_0199,0.13675213675213677
protein_0178,protein_0200,0.18803418803418803
protein_0178,protein_0201,0.16806722689075632
protein_0178,protein_0202,0.15254237288135594
protein_0178,protein_0203,0.312
protein_0178,protein_0204,0.1415929203539823
protein_0178,protein_0205,0.14084507042253522
protein_0178,protein_0207,0.3333333333333333
protein_0178,protein_0208,0.1774193548387097
protein_0178,protein_0209,0.1415929203539823
protein_0178,protein_0210,0.07964601769911504
protein_0178,protein_0211,0.1349206349206349
protein_0178,protein_0212,0.1592920353982301
protein_0178,protein_0213,0.15702479338842976
protein_0178,protein_0214,0.12389380530973451
protein_0178,protein_0215,0.1206896551724138
protein_0178,protein_0216,0.17355371900826447
protein_0178,protein_0217,0.168141592920354
protein_0178,protein_0218,0.14393939393939395
protein_0178,protein_0219,0.32231404958677684
protein_0178,protein_0220,0.15789473684210525
protein_0178,protein_0222,0.18584070796460178
protein_0178,protein_0223,0.1111111111111111
protein_0178,protein_0224,0.1565217391304348
protein_0178,protein_0225,0.15517241379310345
protein_0178,protein_0226,0.1504424778761062
protein_0178,protein_0227,0.13157894736842105
protein_0178,protein_0228,0.19008264462809918
protein_0178,protein_0229,0.12389380530973451
protein_0178,protein_0230,0.12295081967213115
protein_0178,protein_0231,0.20353982300884957
protein_0178,protein_0232,0.18421052631578946
protein_0178,protein_0233,0.13432835820895522
protein_0178,protein_0234,0.13636363636363635
protein_0178,protein_0235,0.17391304347826086
protein_0178,protein_0236,0.1504424778761062
protein_0178,protein_0237,0.1504424778761062
protein_0178,protein_0238,0.18248175182481752
protein_0178,protein_0239,0.12173913043478261
protein_0178,protein_0241,0.10526315789473684
protein_0178,protein_0243,0.13559322033898305
protein_0178,protein_0245,0.1937984496124031
protein_0178,protein_0246,0.1826086956521739
protein_0178,protein_0247,0.17647058823529413
protein_0178,protein_0248,0.1794871794871795
protein_0178,protein_0250,0.13559322033898305
protein_0178,protein_0251,0.168141592920354
protein_0178,protein_0252,0.17699115044247787
protein_0178,protein_0253,0.16666666666666666
protein_0178,protein_0255,0.15254237288135594
protein_0178,protein_0256,0.3474576271186441
protein_0178,protein_0257,0.3644067796610169
protein_0178,protein_0258,0.11504424778761062
protein_0178,protein_0259,0.15789473684210525
protein_0178,protein_0260,0.15789473684210525
protein_0178,protein_0261,0.20512820512820512
protein_0178,protein_0262,0.19375
protein_0178,protein_0263,0.12056737588652482
protein_0178,protein_0264,0.1724137931034483
protein_0178,protein_0265,0.1724137931034483
protein_0178,protein_0266,0.16153846153846155
protein_0178,protein_0267,0.11403508771929824
protein_0178,protein_0268,0.12389380530973451
protein_0178,protein_0269,0.3504273504273504
protein_0178,protein_0270,0.12389380530973451
protein_0178,protein_0271,0.13157894736842105
protein_0178,protein_0273,0.1694915254237288
protein_0178,protein_0274,0.12389380530973451
protein_0178,protein_0275,0.1623931623931624
protein_0178,protein_0276,0.12931034482758622
protein_0178,protein_0277,0.13274336283185842
protein_0178,protein_0278,0.09734513274336283
protein_0178,protein_0279,0.1565217391304348
protein_0178,protein_0280,0.1206896551724138
protein_0178,protein_0281,0.1557377049180328
protein_0178,protein_0282,0.11403508771929824
protein_0178,protein_0283,0.09174311926605505
protein_0178,protein_0284,0.1440677966101695
protein_0178,protein_0285,0.16806722689075632
protein_0178,protein_0286,0.1826086956521739
protein_0178,protein_0287,0.18487394957983194
protein_0178,protein_0288,0.17094017094017094
protein_0178,protein_0289,0.13274336283185842
protein_0178,protein_0291,0.1826086956521739
protein_0178,protein_0292,0.1504424778761062
protein_0178,protein_0293,0.1282051282051282
protein_0178,protein_0294,0.1826086956521739
protein_0178,protein_0295,0.1415929203539823
protein_0178,protein_0297,0.13445378151260504
protein_0178,protein_0299,0.16521739130434782
protein_0178,protein_0300,0.1504424778761062
protein_0178,protein_0301,0.1592920353982301
protein_0178,protein_0302,0.12727272727272726
protein_0178,protein_0303,0.12931034482758622
protein_0178,protein_0305,0.14285714285714285
protein_0178,protein_0306,0.3902439024390244
protein_0178,protein_0307,0.4083333333333333
protein_0178,protein_0308,0.3504273504273504
protein_0178,protein_0309,0.15126050420168066
protein_0178,protein_0311,0.17094017094017094
protein_0178,protein_0312,0.1206896551724138
protein_0178,protein_0313,0.15254237288135594
protein_0178,protein_0314,0.104
protein_0178,protein_0315,0.3114754098360656
protein_0178,protein_0316,0.12280701754385964
protein_0178,protein_0317,0.14516129032258066
protein_0178,protein_0319,0.16806722689075632
protein_0178,protein_0320,0.16379310344827586
protein_0178,protein_0321,0.12280701754385964
protein_0178,protein_0323,0.11403508771929824
protein_0178,protein_0324,0.1623931623931624
protein_0178,protein_0325,0.12781954887218044
protein_0178,protein_0326,0.1565217391304348
protein_0178,protein_0327,0.168141592920354
protein_0178,protein_0328,0.16666666666666666
protein_0178,protein_0329,0.16666666666666666
protein_0178,protein_0330,0.18421052631578946
protein_0178,protein_0332,0.1652892561983471
protein_0178,protein_0333,0.15702479338842976
protein_0178,protein_0334,0.1282051282051282
protein_0178,protein_0335,0.23275862068965517
protein_0178,protein_0336,0.13274336283185842
protein_0178,protein_0337,0.20869565217391303
protein_0178,protein_0338,0.13114754098360656
protein_0178,protein_0339,0.14912280701754385
protein_0178,protein_0340,0.1297709923664122
protein_0178,protein_0341,0.176
protein_0178,protein_0342,0.10619469026548672
protein_0178,protein_0343,0.12389380530973451
protein_0178,protein_0344,0.1592920353982301
protein_0178,protein_0345,0.14482758620689656
protein_0178,protein_0346,0.14482758620689656
protein_0178,protein_0347,0.1504424778761062
protein_0178,protein_0348,0.275
protein_0178,protein_0349,0.17647058823529413
protein_0178,protein_0350,0.1592920353982301
protein_0178,protein_0351,0.17094017094017094
protein_0178,protein_0352,0.13274336283185842
protein_0178,protein_0353,0.17164179104477612
protein_0178,protein_0354,0.17886178861788618
protein_0178,protein_0355,0.20175438596491227
protein_0178,protein_0356,0.11403508771929824
protein_0178,protein_0357,0.2727272727272727
protein_0178,protein_0358,0.1592920353982301
protein_0178,protein_0359,0.35537190082644626
protein_0178,protein_0360,0.1623931623931624
protein_0178,protein_0361,0.3305084745762712
protein_0178,protein_0362,0.14754098360655737
protein_0178,protein_0363,0.14754098360655737
protein_0178,protein_0364,0.14516129032258066
protein_0178,protein_0365,0.1415929203539823
protein_0178,protein_0366,0.1504424778761062
protein_0178,protein_0368,0.12389380530973451
protein_0178,protein_0369,0.14782608695652175
protein_0178,protein_0370,0.1592920353982301
protein_0178,protein_0371,0.17543859649122806
protein_0178,protein_0372,0.10550458715596331
protein_0178,protein_0373,0.14516129032258066
protein_0178,protein_0374,0.3220338983050847
protein_0178,protein_0375,0.168141592920354
protein_0178,protein_0376,0.12686567164179105
protein_0178,protein_0377,0.15789473684210525
protein_0178,protein_0378,0.15942028985507245
protein_0178,protein_0380,0.12605042016806722
protein_0178,protein_0381,0.12605042016806722
protein_0178,protein_0382,0.16666666666666666
protein_0178,protein_0383,0.1440677966101695
protein_0178,protein_0384,0.12280701754385964
protein_0178,protein_0385,0.16101694915254236
protein_0178,protein_0386,0.15625
protein_0178,protein_0387,0.3220338983050847
protein_0178,protein_0388,0.13793103448275862
protein_0178,protein_0390,0.16666666666666666
protein_0178,protein_0391,0.08849557522123894
protein_0178,protein_0392,0.1391304347826087
protein_0178,protein_0393,0.13043478260869565
protein_0178,protein_0394,0.3879310344827586
protein_0178,protein_0395,0.12173913043478261
protein_0178,protein_0396,0.30434782608695654
protein_0178,protein_0397,0.12389380530973451
protein_0178,protein_0398,0.18055555555555555
protein_0178,protein_0399,0.17094017094017094
protein_0184,protein_0000,0.3978494623655914
protein_0184,protein_0001,0.13793103448275862
protein_0184,protein_0002,0.1875
protein_0184,protein_0003,0.3218390804597701
protein_0184,protein_0004,0.33707865168539325
protein_0184,protein_0005,0.17204301075268819
protein_0184,protein_0006,0.3068181818181818
protein_0184,protein_0007,0.1590909090909091
protein_0184,protein_0008,0.16161616161616163
protein_0184,protein_0009,0.1839080459770115
protein_0184,protein_0010,0.29347826086956524
protein_0184,protein_0011,0.3103448275862069
protein_0184,protein_0013,0.12643678160919541
protein_0184,protein_0014,0.17391304347826086
protein_0184,protein_0015,0.12844036697247707
protein_0184,protein_0016,0.15151515151515152
protein_0184,protein_0017,0.109375
protein_0184,protein_0018,0.3333333333333333
protein_0184,protein_0019,0.13793103448275862
protein_0184,protein_0020,0.42528735632183906
protein_0184,protein_0021,0.16
protein_0184,protein_0022,0.12244897959183673
protein_0184,protein_0023,0.18181818181818182
protein_0184,protein_0024,0.12605042016806722
protein_0184,protein_0025,0.6477272727272727
protein_0184,protein_0026,0.12878787878787878
protein_0184,protein_0027,0.1568627450980392
protein_0184,protein_0030,0.14516129032258066
protein_0184,protein_0031,0.1588785046728972
protein_0184,protein_0032,0.3103448275862069
protein_0184,protein_0033,0.2988505747126437
protein_0184,protein_0034,0.3218390804597701
protein_0184,protein_0036,0.13793103448275862
protein_0184,protein_0037,0.19540229885057472
protein_0184,protein_0038,0.19540229885057472
protein_0184,protein_0039,0.1839080459770115
protein_0184,protein_0040,0.08045977011494253
protein_0184,protein_0042,0.23333333333333334
protein_0184,protein_0043,0.30851063829787234
protein_0184,protein_0045,0.36666666666666664
protein_0184,protein_0046,0.14942528735632185
protein_0184,protein_0047,0.27586206896551724
protein_0184,protein_0048,0.27586206896551724
protein_0184,protein_0049,0.28735632183908044
protein_0184,protein_0050,0.08
protein_0184,protein_0052,0.3181818181818182
protein_0184,protein_0053,0.4065934065934066
protein_0184,protein_0054,0.1297709923664122
protein_0184,protein_0055,0.1111111111111111
protein_0184,protein_0056,0.10784313725490197
protein_0184,protein_0057,0.18888888888888888
protein_0184,protein_0058,0.11538461538461539
protein_0184,protein_0059,0.32978723404255317
protein_0184,protein_0060,0.13333333333333333
protein_0184,protein_0061,0.23076923076923078
protein_0184,protein_0062,0.3448275862068966
protein_0184,protein_0063,0.09389671361502347
protein_0184,protein_0064,0.3793103448275862
protein_0184,protein_0066,0.17307692307692307
protein_0184,protein_0067,0.30434782608695654
protein_0184,protein_0068,0.20689655172413793
protein_0184,protein_0069,0.28735632183908044
protein_0184,protein_0070,0.19540229885057472
protein_0184,protein_0071,0.33695652173913043
protein_0184,protein_0072,0.16853932584269662
protein_0184,protein_0073,0.30337078651685395
protein_0184,protein_0075,0.16981132075471697
protein_0184,protein_0076,0.12643678160919541
protein_0184,protein_0077,0.40229885057471265
protein_0184,protein_0078,0.1346153846153846
protein_0184,protein_0079,0.1346153846153846
protein_0184,protein_0080,0.31868131868131866
protein_0184,protein_0081,0.2988505747126437
protein_0184,protein_0082,0.18421052631578946
protein_0184,protein_0084,0.29545454545454547
protein_0184,protein_0086,0.18421052631578946
protein_0184,protein_0087,0.14942528735632185
protein_0184,protein_0088,0.3333333333333333
protein_0184,protein_0089,0.1557377049180328
protein_0184,protein_0090,0.1693548387096774
protein_0184,protein_0091,0.15517241379310345
protein_0184,protein_0092,0.15517241379310345
protein_0184,protein_0093,0.2988505747126437
protein_0184,protein_0094,0.17796610169491525
protein_0184,protein_0096,0.12121212121212122
protein_0184,protein_0097,0.3409090909090909
protein_0184,protein_0098,0.3103448275862069
protein_0184,protein_0099,0.1320754716981132
protein_0184,protein_0100,0.21052631578947367
protein_0184,protein_0101,0.2696629213483146
protein_0184,protein_0102,0.29347826086956524
protein_0184,protein_0103,0.2413793103448276
protein_0184,protein_0104,0.1111111111111111
protein_0184,protein_0105,0.12371134020618557
protein_0184,protein_0106,0.1282051282051282
protein_0184,protein_0108,0.23595505617977527
protein_0184,protein_0109,0.11494252873563218
protein_0184,protein_0110,0.3103448275862069
protein_0184,protein_0111,0.22988505747126436
protein_0184,protein_0112,0.18867924528301888
protein_0184,protein_0113,0.26436781609195403
protein_0184,protein_0114,0.3333333333333333
protein_0184,protein_0115,0.3516483516483517
protein_0184,protein_0116,0.15966386554621848
protein_0184,protein_0117,0.15966386554621848
protein_0184,protein_0118,0.22727272727272727
protein_0184,protein_0119,0.14953271028037382
protein_0184,protein_0120,0.5
protein_0184,protein_0121,0.5
protein_0184,protein_0122,0.19540229885057472
protein_0184,protein_0123,0.13793103448275862
protein_0184,protein_0124,0.47126436781609193
protein_0184,protein_0125,0.1588785046728972
protein_0184,protein_0126,0.16161616161616163
protein_0184,protein_0128,0.5057471264367817
protein_0184,protein_0129,0.18181818181818182
protein_0184,protein_0130,0.16393442622950818
protein_0184,protein_0131,0.14772727272727273
protein_0184,protein_0132,0.21100917431192662
protein_0184,protein_0134,0.35106382978723405
protein_0184,protein_0135,0.375
protein_0184,protein_0136,0.10084033613445378
protein_0184,protein_0137,0.13008130081300814
protein_0184,protein_0138,0.13008130081300814
protein_0184,protein_0139,0.14942528735632185
protein_0184,protein_0140,0.28735632183908044
protein_0184,protein_0141,0.21839080459770116
protein_0184,protein_0143,0.39080459770114945
protein_0184,protein_0144,0.3333333333333333
protein_0184,protein_0145,0.14942528735632185
protein_0184,protein_0146,0.14736842105263157
protein_0184,protein_0147,0.3448275862068966
protein_0184,protein_0148,0.40229885057471265
protein_0184,protein_0149,0.16091954022988506
protein_0184,protein_0150,0.3333333333333333
protein_0184,protein_0151,0.26373626373626374
protein_0184,protein_0152,0.1724137931034483
protein_0184,protein_0153,0.2247191011235955
protein_0184,protein_0154,0.20224719101123595
protein_0184,protein_0155,0.15254237288135594
protein_0184,protein_0156,0.17094017094017094
protein_0184,protein_0157,0.2
protein_0184,protein_0158,0.1839080459770115
protein_0184,protein_0160,0.5681818181818182
protein_0184,protein_0161,0.13559322033898305
protein_0184,protein_0162,0.4943820224719101
protein_0184,protein_0163,0.16822429906542055
protein_0184,protein_0164,0.4888888888888889
protein_0184,protein_0165,0.1724137931034483
protein_0184,protein_0166,0.4777777777777778
protein_0184,protein_0167,0.17094017094017094
protein_0184,protein_0168,0.17094017094017094
protein_0184,protein_0169,0.15384615384615385
protein_0184,protein_0171,0.22988505747126436
protein_0184,protein_0172,0.13934426229508196
protein_0184,protein_0173,0.4482758620689655
protein_0184,protein_0174,0.5287356321839081
protein_0184,protein_0175,0.550561797752809
protein_0184,protein_0176,0.1724137931034483
protein_0184,protein_0177,0.17045454545454544
protein_0184,protein_0179,0.1504424778761062
protein_0184,protein_0180,0.2413793103448276
protein_0184,protein_0181,0.29347826086956524
protein_0184,protein_0182,0.4318181818181818
protein_0184,protein_0183,0.1111111111111111
protein_0184,protein_0185,0.1414141414141414
protein_0184,protein_0187,0.550561797752809
protein_0184,protein_0188,0.16091954022988506
protein_0184,protein_0189,0.34444444444444444
protein_0184,protein_0190,0.3563218390804598
protein_0184,protein_0191,0.38202247191011235
protein_0184,protein_0192,0.5454545454545454
protein_0184,protein_0193,0.38202247191011235
protein_0184,protein_0194,0.19540229885057472
protein_0184,protein_0195,0.32954545454545453
protein_0184,protein_0196,0.3103448275862069
protein_0184,protein_0197,0.3707865168539326
protein_0184,protein_0198,0.2840909090909091
protein_0184,protein_0199,0.2857142857142857
protein_0184,protein_0200,0.3103448275862069
protein_0184,protein_0201,0.1262135922330097
protein_0184,protein_0202,0.367816091954023
protein_0184,protein_0203,0.09322033898305085
protein_0184,protein_0204,0.15217391304347827
protein_0184,protein_0205,0.13744075829383887
protein_0184,protein_0207,0.1092436974789916
protein_0184,protein_0208,0.14678899082568808
protein_0184,protein_0209,0.28888888888888886
protein_0184,protein_0210,0.3409090909090909
protein_0184,protein_0211,0.14942528735632185
protein_0184,protein_0212,0.1595744680851064
protein_0184,protein_0213,0.3333333333333333
protein_0184,protein_0214,0.07954545454545454
protein_0184,protein_0215,0.11363636363636363
protein_0184,protein_0216,0.12871287128712872
protein_0184,protein_0217,0.13861386138613863
protein_0184,protein_0218,0.128
protein_0184,protein_0219,0.15833333333333333
protein_0184,protein_0220,0.3333333333333333
protein_0184,protein_0222,0.2988505747126437
protein_0184,protein_0223,0.14606741573033707
protein_0184,protein_0224,0.13793103448275862
protein_0184,protein_0225,0.15384615384615385
protein_0184,protein_0226,0.2169811320754717
protein_0184,protein_0227,0.125
protein_0184,protein_0228,0.2127659574468085
protein_0184,protein_0229,0.18
protein_0184,protein_0230,0.2127659574468085
protein_0184,protein_0231,0.40229885057471265
protein_0184,protein_0232,0.17045454545454544
protein_0184,protein_0233,0.15267175572519084
protein_0184,protein_0234,0.1415929203539823
protein_0184,protein_0235,0.16666666666666666
protein_0184,protein_0236,0.3076923076923077
protein_0184,protein_0237,0.3076923076923077
protein_0184,protein_0238,0.1297709923664122
protein_0184,protein_0239,0.6404494382022472
protein_0184,protein_0241,0.632183908045977
protein_0184,protein_0243,0.5795454545454546
protein_0184,protein_0245,0.18018018018018017
protein_0184,protein_0246,0.1414141414141414
protein_0184,protein_0247,0.2222222222222222
protein_0184,protein_0248,0.42528735632183906
protein_0184,protein_0250,0.18811881188118812
protein_0184,protein_0251,0.14285714285714285
protein_0184,protein_0252,0.17708333333333334
protein_0184,protein_0253,0.09734513274336283
protein_0184,protein_0255,0.09941520467836257
protein_0184,protein_0256,0.09900990099009901
protein_0184,protein_0257,0.10784313725490197
protein_0184,protein_0258,0.3103448275862069
protein_0184,protein_0259,0.13793103448275862
protein_0184,protein_0260,0.13793103448275862
protein_0184,protein_0261,0.1308411214953271
protein_0184,protein_0262,0.13333333333333333
protein_0184,protein_0263,0.17518248175182483
protein_0184,protein_0264,0.375
protein_0184,protein_0265,0.375
protein_0184,protein_0266,0.18018018018018017
protein_0184,protein_0267,0.17045454545454544
protein_0184,protein_0268,0.19
protein_0184,protein_0269,0.13008130081300814
protein_0184,protein_0270,0.15789473684210525
protein_0184,protein_0271,0.16304347826086957
protein_0184,protein_0273,0.3103448275862069
protein_0184,protein_0274,0.25842696629213485
protein_0184,protein_0275,0.1504424778761062
protein_0184,protein_0276,0.3448275862068966
protein_0184,protein_0277,0.15555555555555556
protein_0184,protein_0278,0.2222222222222222
protein_0184,protein_0279,0.3218390804597701
protein_0184,protein_0280,0.3448275862068966
protein_0184,protein_0281,0.15254237288135594
protein_0184,protein_0282,0.06818181818181818
protein_0184,protein_0283,0.0963302752293578
protein_0184,protein_0284,0.20689655172413793
protein_0184,protein_0285,0.3333333333333333
protein_0184,protein_0286,0.1590909090909091
protein_0184,protein_0287,0.24545454545454545
protein_0184,protein_0288,0.5056179775280899
protein_0184,protein_0289,0.18181818181818182
protein_0184,protein_0291,0.19318181818181818
protein_0184,protein_0292,0.13793103448275862
protein_0184,protein_0293,0.25555555555555554
protein_0184,protein_0294,0.19318181818181818
protein_0184,protein_0295,0.13793103448275862
protein_0184,protein_0297,0.1839080459770115
protein_0184,protein_0299,0.13131313131313133
protein_0184,protein_0300,0.16483516483516483
protein_0184,protein_0301,0.1559633027522936
protein_0184,protein_0302,0.12903225806451613
protein_0184,protein_0303,0.21348314606741572
protein_0184,protein_0305,0.20430107526881722
protein_0184,protein_0306,0.1111111111111111
protein_0184,protein_0307,0.1322314049586777
protein_0184,protein_0308,0.1452991452991453
protein_0184,protein_0309,0.15625
protein_0184,protein_0311,0.4318181818181818
protein_0184,protein_0312,0.40229885057471265
protein_0184,protein_0313,0.3
protein_0184,protein_0314,0.17142857142857143
protein_0184,protein_0315,0.16296296296296298
protein_0184,protein_0316,0.15217391304347827
protein_0184,protein_0317,0.2336448598130841
protein_0184,protein_0319,0.3333333333333333
protein_0184,protein_0320,0.5617977528089888
protein_0184,protein_0321,0.2
protein_0184,protein_0323,0.2988505747126437
protein_0184,protein_0324,0.16666666666666666
protein_0184,protein_0325,0.10434782608695652
protein_0184,protein_0326,0.16666666666666666
protein_0184,protein_0327,0.3146067415730337
protein_0184,protein_0328,0.1415929203539823
protein_0184,protein_0329,0.1415929203539823
protein_0184,protein_0330,0.27586206896551724
protein_0184,protein_0332,0.22988505747126436
protein_0184,protein_0333,0.22988505747126436
protein_0184,protein_0334,0.17777777777777778
protein_0184,protein_0335,0.13157894736842105
protein_0184,protein_0336,0.16666666666666666
protein_0184,protein_0337,0.25287356321839083
protein_0184,protein_0338,0.22727272727272727
protein_0184,protein_0339,0.17777777777777778
protein_0184,protein_0340,0.14150943396226415
protein_0184,protein_0341,0.23300970873786409
protein_0184,protein_0342,0.18181818181818182
protein_0184,protein_0343,0.17582417582417584
protein_0184,protein_0344,0.39080459770114945
protein_0184,protein_0345,0.14444444444444443
protein_0184,protein_0346,0.14444444444444443
protein_0184,protein_0347,0.17582417582417584
protein_0184,protein_0348,0.0975609756097561
protein_0184,protein_0349,0.15384615384615385
protein_0184,protein_0350,0.3563218390804598
protein_0184,protein_0351,0.3103448275862069
protein_0184,protein_0352,0.14772727272727273
protein_0184,protein_0353,0.13793103448275862
protein_0184,protein_0354,0.2765957446808511
protein_0184,protein_0355,0.30337078651685395
protein_0184,protein_0356,0.12643678160919541
protein_0184,protein_0357,0.14754098360655737
protein_0184,protein_0358,0.3563218390804598
protein_0184,protein_0359,0.1323529411764706
protein_0184,protein_0360,0.3103448275862069
protein_0184,protein_0361,0.11764705882352941
protein_0184,protein_0362,0.23076923076923078
protein_0184,protein_0363,0.23076923076923078
protein_0184,protein_0364,0.2127659574468085
protein_0184,protein_0365,0.23333333333333334
protein_0184,protein_0366,0.23076923076923078
protein_0184,protein_0368,0.16129032258064516
protein_0184,protein_0369,0.1595744680851064
protein_0184,protein_0370,0.39080459770114945
protein_0184,protein_0371,0.3409090909090909
protein_0184,protein_0372,0.10091743119266056
protein_0184,protein_0373,0.1834862385321101
protein_0184,protein_0374,0.15966386554621848
protein_0184,protein_0375,0.34782608695652173
protein_0184,protein_0376,0.1523809523809524
protein_0184,protein_0377,0.38636363636363635
protein_0184,protein_0378,0.16964285714285715
protein_0184,protein_0380,0.1595744680851064
protein_0184,protein_0381,0.1595744680851064
protein_0184,protein_0382,0.2808988764044944
protein_0184,protein_0383,0.13793103448275862
protein_0184,protein_0384,0.36363636363636365
protein_0184,protein_0385,0.1111111111111111
protein_0184,protein_0386,0.18446601941747573
protein_0184,protein_0387,0.11224489795918367
protein_0184,protein_0388,0.14942528735632185
protein_0184,protein_0390,0.30434782608695654
protein_0184,protein_0391,0.2111111111111111
protein_0184,protein_0392,0.6477272727272727
protein_0184,protein_0393,0.6477272727272727
protein_0184,protein_0394,0.14035087719298245
protein_0184,protein_0395,0.1978021978021978
protein_0184,protein_0396,0.12173913043478261
protein_0184,protein_0397,0.3977272727272727
protein_0184,protein_0398,0.15789473684210525
protein_0184,protein_0399,0.3333333333333333
protein_0186,protein_0000,0.14423076923076922
protein_0186,protein_0001,0.14563106796116504
protein_0186,protein_0002,0.11818181818181818
protein_0186,protein_0003,0.14678899082568808
protein_0186,protein_0004,0.19298245614035087
protein_0186,protein_0005,0.13333333333333333
protein_0186,protein_0006,0.14150943396226415
protein_0186,protein_0007,0.17
protein_0186,protein_0008,0.2727272727272727
protein_0186,protein_0009,0.17117117117117117
protein_0186,protein_0010,0.1619047619047619
protein_0186,protein_0011,0.13861386138613863
protein_0186,protein_0013,0.17647058823529413
protein_0186,protein_0014,0.22
protein_0186,protein_0015,0.8080808080808081
protein_0186,protein_0016,0.26262626262626265
protein_0186,protein_0017,0.11940298507462686
protein_0186,protein_0018,0.14705882352941177
protein_0186,protein_0019,0.16
protein_0186,protein_0020,0.1834862385321101
protein_0186,protein_0021,0.20192307692307693
protein_0186,protein_0022,0.16666666666666666
protein_0186,protein_0023,0.19444444444444445
protein_0186,protein_0024,0.1774193548387097
protein_0186,protein_0025,0.1834862385321101
protein_0186,protein_0026,0.1095890410958904
protein_0186,protein_0027,0.16
protein_0186,protein_0030,0.13953488372093023
protein_0186,protein_0031,0.2727272727272727
protein_0186,protein_0032,0.14912280701754385
protein_0186,protein_0033,0.1414141414141414
protein_0186,protein_0034,0.16831683168316833
protein_0186,protein_0036,0.15151515151515152
protein_0186,protein_0037,0.13761467889908258
protein_0186,protein_0038,0.13761467889908258
protein_0186,protein_0039,0.17117117117117117
protein_0186,protein_0040,0.1111111111111111
protein_0186,protein_0042,0.14285714285714285
protein_0186,protein_0043,0.14814814814814814
protein_0186,protein_0045,0.16666666666666666
protein_0186,protein_0046,0.16
protein_0186,protein_0047,0.168141592920354
protein_0186,protein_0048,0.1592920353982301
protein_0186,protein_0049,0.14814814814814814
protein_0186,protein_0050,0.27
protein_0186,protein_0052,0.1509433962264151
protein_0186,protein_0053,0.18811881188118812
protein_0186,protein_0054,0.16279069767441862
protein_0186,protein_0055,0.18181818181818182
protein_0186,protein_0056,0.15447154471544716
protein_0186,protein_0057,0.17647058823529413
protein_0186,protein_0058,0.16161616161616163
protein_0186,protein_0059,0.17699115044247787
protein_0186,protein_0060,0.1592920353982301
protein_0186,protein_0061,0.14814814814814814
protein_0186,protein_0062,0.14150943396226415
protein_0186,protein_0063,0.1261682242990654
protein_0186,protein_0064,0.12121212121212122
protein_0186,protein_0066,0.17475728155339806
protein_0186,protein_0067,0.1619047619047619
protein_0186,protein_0068,0.1414141414141414
protein_0186,protein_0069,0.13761467889908258
protein_0186,protein_0070,0.13131313131313133
protein_0186,protein_0071,0.1619047619047619
protein_0186,protein_0072,0.14423076923076922
protein_0186,protein_0073,0.1782178217821782
protein_0186,protein_0075,0.14414414414414414
protein_0186,protein_0076,0.1188118811881188
protein_0186,protein_0077,0.17592592592592593
protein_0186,protein_0078,0.17117117117117117
protein_0186,protein_0079,0.17117117117117117
protein_0186,protein_0080,0.1188118811881188
protein_0186,protein_0081,0.17592592592592593
protein_0186,protein_0082,0.1282051282051282
protein_0186,protein_0084,0.16363636363636364
protein_0186,protein_0086,0.1282051282051282
protein_0186,protein_0087,0.1414141414141414
protein_0186,protein_0088,0.18627450980392157
protein_0186,protein_0089,0.13953488372093023
protein_0186,protein_0090,0.14166666666666666
protein_0186,protein_0091,0.16535433070866143
protein_0186,protein_0092,0.16535433070866143
protein_0186,protein_0093,0.17475728155339806
protein_0186,protein_0094,0.16101694915254236
protein_0186,protein_0096,0.2222222222222222
protein_0186,protein_0097,0.14705882352941177
protein_0186,protein_0098,0.14563106796116504
protein_0186,protein_0099,0.13
protein_0186,protein_0100,0.16161616161616163
protein_0186,protein_0101,0.18
protein_0186,protein_0102,0.1619047619047619
protein_0186,protein_0103,0.1523809523809524
protein_0186,protein_0104,0.19166666666666668
protein_0186,protein_0105,0.09803921568627451
protein_0186,protein_0106,0.21666666666666667
protein_0186,protein_0108,0.10679611650485436
protein_0186,protein_0109,0.15151515151515152
protein_0186,protein_0110,0.12962962962962962
protein_0186,protein_0111,0.17592592592592593
protein_0186,protein_0112,0.14782608695652175
protein_0186,protein_0113,0.19
protein_0186,protein_0114,0.17647058823529413
protein_0186,protein_0115,0.1717171717171717
protein_0186,protein_0116,0.11764705882352941
protein_0186,protein_0117,0.11764705882352941
protein_0186,protein_0118,0.1717171717171717
protein_0186,protein_0119,0.1509433962264151
protein_0186,protein_0120,0.17142857142857143
protein_0186,protein_0121,0.17142857142857143
protein_0186,protein_0122,0.13761467889908258
protein_0186,protein_0123,0.15151515151515152
protein_0186,protein_0124,0.16216216216216217
protein_0186,protein_0125,0.26262626262626265
protein_0186,protein_0126,0.25252525252525254
protein_0186,protein_0128,0.15841584158415842
protein_0186,protein_0129,0.1864406779661017
protein_0186,protein_0130,0.15
protein_0186,protein_0131,0.15151515151515152
protein_0186,protein_0132,0.17094017094017094
protein_0186,protein_0134,0.1553398058252427
protein_0186,protein_0135,0.1651376146788991
protein_0186,protein_0136,0.176
protein_0186,protein_0137,0.1694915254237288
protein_0186,protein_0138,0.1694915254237288
protein_0186,protein_0139,0.12121212121212122
protein_0186,protein_0140,0.15178571428571427
protein_0186,protein_0141,0.1559633027522936
protein_0186,protein_0143,0.16666666666666666
protein_0186,protein_0144,0.14814814814814814
protein_0186,protein_0145,0.18181818181818182
protein_0186,protein_0146,0.14423076923076922
protein_0186,protein_0147,0.1188118811881188
protein_0186,protein_0148,0.14423076923076922
protein_0186,protein_0149,0.15
protein_0186,protein_0150,0.12149532710280374
protein_0186,protein_0151,0.14285714285714285
protein_0186,protein_0152,0.16
protein_0186,protein_0153,0.15384615384615385
protein_0186,protein_0154,0.17117117117117117
protein_0186,protein_0155,0.14285714285714285
protein_0186,protein_0156,0.20535714285714285
protein_0186,protein_0157,0.1717171717171717
protein_0186,protein_0158,0.1485148514851485
protein_0186,protein_0160,0.20388349514563106
protein_0186,protein_0161,0.16806722689075632
protein_0186,protein_0162,0.19801980198019803
protein_0186,protein_0163,0.1282051282051282
protein_0186,protein_0164,0.16981132075471697
protein_0186,protein_0165,0.1414141414141414
protein_0186,protein_0166,0.1834862385321101
protein_0186,protein_0167,0.1794871794871795
protein_0186,protein_0168,0.17391304347826086
protein_0186,protein_0169,0.144
protein_0186,protein_0171,0.15151515151515152
protein_0186,protein_0172,0.20491803278688525
protein_0186,protein_0173,0.1504424778761062
protein_0186,protein_0174,0.20192307692307693
protein_0186,protein_0175,0.20192307692307693
protein_0186,protein_0176,0.13
protein_0186,protein_0177,0.15841584158415842
protein_0186,protein_0179,0.152
protein_0186,protein_0180,0.19811320754716982
protein_0186,protein_0181,0.1619047619047619
protein_0186,protein_0182,0.1308411214953271
protein_0186,protein_0183,0.8686868686868687
protein_0186,protein_0185,0.1919191919191919
protein_0186,protein_0187,0.18446601941747573
protein_0186,protein_0188,0.15151515151515152
protein_0186,protein_0189,0.1941747572815534
protein_0186,protein_0190,0.16666666666666666
protein_0186,protein_0191,0.16216216216216217
protein_0186,protein_0192,0.17475728155339806
protein_0186,protein_0193,0.17757009345794392
protein_0186,protein_0194,0.13131313131313133
protein_0186,protein_0195,0.1592920353982301
protein_0186,protein_0196,0.18584070796460178
protein_0186,protein_0197,0.1509433962264151
protein_0186,protein_0198,0.16666666666666666
protein_0186,protein_0199,0.14150943396226415
protein_0186,protein_0200,0.12844036697247707
protein_0186,protein_0201,0.1388888888888889
protein_0186,protein_0202,0.14814814814814814
protein_0186,protein_0203,0.19166666666666668
protein_0186,protein_0204,0.16161616161616163
protein_0186,protein_0205,0.13270142180094788
protein_0186,protein_0207,0.176
protein_0186,protein_0208,0.175
protein_0186,protein_0209,0.16981132075471697
protein_0186,protein_0210,0.14705882352941177
protein_0186,protein_0211,0.12121212121212122
protein_0186,protein_0212,0.1414141414141414
protein_0186,protein_0213,0.1414141414141414
protein_0186,protein_0214,0.12745098039215685
protein_0186,protein_0215,0.17
protein_0186,protein_0216,0.125
protein_0186,protein_0217,0.1111111111111111
protein_0186,protein_0218,0.15151515151515152
protein_0186,protein_0219,0.16923076923076924
protein_0186,protein_0220,0.1588785046728972
protein_0186,protein_0222,0.14953271028037382
protein_0186,protein_0223,0.14
protein_0186,protein_0224,0.13861386138613863
protein_0186,protein_0225,0.15841584158415842
protein_0186,protein_0226,0.12149532710280374
protein_0186,protein_0227,0.14
protein_0186,protein_0228,0.12727272727272726
protein_0186,protein_0229,0.16161616161616163
protein_0186,protein_0230,0.13513513513513514
protein_0186,protein_0231,0.14953271028037382
protein_0186,protein_0232,0.15
protein_0186,protein_0233,0.16153846153846155
protein_0186,protein_0234,0.24242424242424243
protein_0186,protein_0235,0.16666666666666666
protein_0186,protein_0236,0.13592233009708737
protein_0186,protein_0237,0.13592233009708737
protein_0186,protein_0238,0.17164179104477612
protein_0186,protein_0239,0.1485148514851485
protein_0186,protein_0241,0.14035087719298245
protein_0186,protein_0243,0.19230769230769232
protein_0186,protein_0245,0.16216216216216217
protein_0186,protein_0246,0.25742574257425743
protein_0186,protein_0247,0.1717171717171717
protein_0186,protein_0248,0.18811881188118812
protein_0186,protein_0250,0.1650485436893204
protein_0186,protein_0251,0.12149532710280374
protein_0186,protein_0252,0.17475728155339806
protein_0186,protein_0253,0.20833333333333334
protein_0186,protein_0255,0.10344827586206896
protein_0186,protein_0256,0.14912280701754385
protein_0186,protein_0257,0.14035087719298245
protein_0186,protein_0258,0.1485148514851485
protein_0186,protein_0259,0.1568627450980392
protein_0186,protein_0260,0.1568627450980392
protein_0186,protein_0261,0.24242424242424243
protein_0186,protein_0262,0.14705882352941177
protein_0186,protein_0263,0.14705882352941177
protein_0186,protein_0264,0.2
protein_0186,protein_0265,0.2
protein_0186,protein_0266,0.20909090909090908
protein_0186,protein_0267,0.1574074074074074
protein_0186,protein_0268,0.15151515151515152
protein_0186,protein_0269,0.16666666666666666
protein_0186,protein_0270,0.17307692307692307
protein_0186,protein_0271,0.1188118811881188
protein_0186,protein_0273,0.16666666666666666
protein_0186,protein_0274,0.12380952380952381
protein_0186,protein_0275,0.26262626262626265
protein_0186,protein_0276,0.18627450980392157
protein_0186,protein_0277,0.13
protein_0186,protein_0278,0.15126050420168066
protein_0186,protein_0279,0.1792452830188679
protein_0186,protein_0280,0.13592233009708737
protein_0186,protein_0281,0.18032786885245902
protein_0186,protein_0282,0.12612612612612611
protein_0186,protein_0283,0.11009174311926606
protein_0186,protein_0284,0.13761467889908258
protein_0186,protein_0285,0.18446601941747573
protein_0186,protein_0286,0.16346153846153846
protein_0186,protein_0287,0.17094017094017094
protein_0186,protein_0288,0.18181818181818182
protein_0186,protein_0289,0.14705882352941177
protein_0186,protein_0291,0.16363636363636364
protein_0186,protein_0292,0.1568627450980392
protein_0186,protein_0293,0.15151515151515152
protein_0186,protein_0294,0.16363636363636364
protein_0186,protein_0295,0.1414141414141414
protein_0186,protein_0297,0.13131313131313133
protein_0186,protein_0299,0.18867924528301888
protein_0186,protein_0300,0.11320754716981132
protein_0186,protein_0301,0.12
protein_0186,protein_0302,0.10599078341013825
protein_0186,protein_0303,0.12871287128712872
protein_0186,protein_0305,0.15384615384615385
protein_0186,protein_0306,0.18487394957983194
protein_0186,protein_0307,0.16101694915254236
protein_0186,protein_0308,0.1640625
protein_0186,protein_0309,0.22549019607843138
protein_0186,protein_0311,0.1926605504587156
protein_0186,protein_0312,0.19047619047619047
protein_0186,protein_0313,0.1941747572815534
protein_0186,protein_0314,0.12096774193548387
protein_0186,protein_0315,0.15833333333333333
protein_0186,protein_0316,0.1262135922330097
protein_0186,protein_0317,0.11016949152542373
protein_0186,protein_0319,0.18811881188118812
protein_0186,protein_0320,0.1941747572815534
protein_0186,protein_0321,0.16981132075471697
protein_0186,protein_0323,0.13333333333333333
protein_0186,protein_0324,0.1485148514851485
protein_0186,protein_0325,0.14285714285714285
protein_0186,protein_0326,0.13
protein_0186,protein_0327,0.12745098039215685
protein_0186,protein_0328,0.18421052631578946
protein_0186,protein_0329,0.18421052631578946
protein_0186,protein_0330,0.17
protein_0186,protein_0332,0.17142857142857143
protein_0186,protein_0333,0.1588785046728972
protein_0186,protein_0334,0.14782608695652175
protein_0186,protein_0335,0.17094017094017094
protein_0186,protein_0336,0.15151515151515152
protein_0186,protein_0337,0.16822429906542055
protein_0186,protein_0338,0.16831683168316833
protein_0186,protein_0339,0.1485148514851485
protein_0186,protein_0340,0.13043478260869565
protein_0186,protein_0341,0.16521739130434782
protein_0186,protein_0342,0.16831683168316833
protein_0186,protein_0343,0.14705882352941177
protein_0186,protein_0344,0.1553398058252427
protein_0186,protein_0345,0.1810344827586207
protein_0186,protein_0346,0.1810344827586207
protein_0186,protein_0347,0.16
protein_0186,protein_0348,0.14655172413793102
protein_0186,protein_0349,0.10256410256410256
protein_0186,protein_0350,0.1553398058252427
protein_0186,protein_0351,0.1782178217821782
protein_0186,protein_0352,0.15841584158415842
protein_0186,protein_0353,0.20689655172413793
protein_0186,protein_0354,0.1588785046728972
protein_0186,protein_0355,0.1834862385321101
protein_0186,protein_0356,0.16161616161616163
protein_0186,protein_0357,0.1732283464566929
protein_0186,protein_0358,0.1553398058252427
protein_0186,protein_0359,0.14634146341463414
protein_0186,protein_0360,0.18181818181818182
protein_0186,protein_0361,0.18548387096774194
protein_0186,protein_0362,0.1574074074074074
protein_0186,protein_0363,0.1574074074074074
protein_0186,protein_0364,0.12149532710280374
protein_0186,protein_0365,0.16964285714285715
protein_0186,protein_0366,0.16071428571428573
protein_0186,protein_0368,0.13861386138613863
protein_0186,protein_0369,0.13725490196078433
protein_0186,protein_0370,0.1553398058252427
protein_0186,protein_0371,0.1574074074074074
protein_0186,protein_0372,0.12272727272727273
protein_0186,protein_0373,0.10185185185185185
protein_0186,protein_0374,0.15384615384615385
protein_0186,protein_0375,0.16666666666666666
protein_0186,protein_0376,0.27884615384615385
protein_0186,protein_0377,0.13131313131313133
protein_0186,protein_0378,0.1504424778761062
protein_0186,protein_0380,0.21
protein_0186,protein_0381,0.21
protein_0186,protein_0382,0.1650485436893204
protein_0186,protein_0383,0.1717171717171717
protein_0186,protein_0384,0.18446601941747573
protein_0186,protein_0385,0.8686868686868687
protein_0186,protein_0386,0.10476190476190476
protein_0186,protein_0387,0.10810810810810811
protein_0186,protein_0388,0.13
protein_0186,protein_0390,0.14423076923076922
protein_0186,protein_0391,0.17592592592592593
protein_0186,protein_0392,0.17307692307692307
protein_0186,protein_0393,0.16666666666666666
protein_0186,protein_0394,0.15
protein_0186,protein_0395,0.17757009345794392
protein_0186,protein_0396,0.13559322033898305
protein_0186,protein_0397,0.17117117117117117
protein_0186,protein_0398,0.15447154471544716
protein_0186,protein_0399,0.13131313131313133
protein_0206,protein_0000,0.39080459770114945
protein_0206,protein_0001,0.1724137931034483
protein_0206,protein_0002,0.15384615384615385
protein_0206,protein_0003,0.375
protein_0206,protein_0004,0.3146067415730337
protein_0206,protein_0005,0.1368421052631579
protein_0206,protein_0006,0.5113636363636364
protein_0206,protein_0007,0.16091954022988506
protein_0206,protein_0008,0.18095238095238095
protein_0206,protein_0009,0.2988505747126437
protein_0206,protein_0010,0.5172413793103449
protein_0206,protein_0011,0.5747126436781609
protein_0206,protein_0013,0.12643678160919541
protein_0206,protein_0014,0.1568627450980392
protein_0206,protein_0015,0.17117117117117117
protein_0206,protein_0016,0.14563106796116504
protein_0206,protein_0017,0.14615384615384616
protein_0206,protein_0018,0.3448275862068966
protein_0206,protein_0019,0.19540229885057472
protein_0206,protein_0020,0.3448275862068966
protein_0206,protein_0021,0.13636363636363635
protein_0206,protein_0022,0.1111111111111111
protein_0206,protein_0023,0.15306122448979592
protein_0206,protein_0024,0.11538461538461539
protein_0206,protein_0025,0.3333333333333333
protein_0206,protein_0026,0.1388888888888889
protein_0206,protein_0027,0.20588235294117646
protein_0206,protein_0030,0.13138686131386862
protein_0206,protein_0031,0.13
protein_0206,protein_0032,0.3333333333333333
protein_0206,protein_0033,0.5747126436781609
protein_0206,protein_0034,0.5977011494252874
protein_0206,protein_0036,0.17777777777777778
protein_0206,protein_0037,0.25287356321839083
protein_0206,protein_0038,0.25287356321839083
protein_0206,protein_0039,0.32222222222222224
protein_0206,protein_0040,0.04597701149425287
protein_0206,protein_0042,0.20689655172413793
protein_0206,protein_0043,0.26436781609195403
protein_0206,protein_0045,0.37777777777777777
protein_0206,protein_0046,0.21348314606741572
protein_0206,protein_0047,0.4482758620689655
protein_0206,protein_0048,0.47126436781609193
protein_0206,protein_0049,0.5227272727272727
protein_0206,protein_0050,0.16831683168316833
protein_0206,protein_0052,0.32954545454545453
protein_0206,protein_0053,0.4222222222222222
protein_0206,protein_0054,0.17073170731707318
protein_0206,protein_0055,0.10256410256410256
protein_0206,protein_0056,0.17117117117117117
protein_0206,protein_0057,0.16091954022988506
protein_0206,protein_0058,0.13043478260869565
protein_0206,protein_0059,0.25287356321839083
protein_0206,protein_0060,0.13636363636363635
protein_0206,protein_0061,0.24742268041237114
protein_0206,protein_0062,0.3103448275862069
protein_0206,protein_0063,0.09859154929577464
protein_0206,protein_0064,0.3218390804597701
protein_0206,protein_0066,0.1320754716981132
protein_0206,protein_0067,0.5227272727272727
protein_0206,protein_0068,0.3870967741935484
protein_0206,protein_0069,0.4942528735632184
protein_0206,protein_0070,0.2988505747126437
protein_0206,protein_0071,0.40229885057471265
protein_0206,protein_0072,0.1724137931034483
protein_0206,protein_0073,0.3563218390804598
protein_0206,protein_0075,0.21495327102803738
protein_0206,protein_0076,0.1875
protein_0206,protein_0077,0.42045454545454547
protein_0206,protein_0078,0.16363636363636364
protein_0206,protein_0079,0.16363636363636364
protein_0206,protein_0080,0.3563218390804598
protein_0206,protein_0081,0.3333333333333333
protein_0206,protein_0082,0.16346153846153846
protein_0206,protein_0084,0.3409090909090909
protein_0206,protein_0086,0.1651376146788991
protein_0206,protein_0087,0.17045454545454544
protein_0206,protein_0088,0.38202247191011235
protein_0206,protein_0089,0.1282051282051282
protein_0206,protein_0090,0.12931034482758622
protein_0206,protein_0091,0.15384615384615385
protein_0206,protein_0092,0.15384615384615385
protein_0206,protein_0093,0.5057471264367817
protein_0206,protein_0094,0.1322314049586777
protein_0206,protein_0096,0.13725490196078433
protein_0206,protein_0097,0.3793103448275862
protein_0206,protein_0098,0.32222222222222224
protein_0206,protein_0099,0.12
protein_0206,protein_0100,0.17582417582417584
protein_0206,protein_0101,0.3793103448275862
protein_0206,protein_0102,0.3626373626373626
protein_0206,protein_0103,0.25274725274725274
protein_0206,protein_0104,0.15873015873015872
protein_0206,protein_0105,0.15789473684210525
protein_0206,protein_0106,0.16216216216216217
protein_0206,protein_0108,0.2553191489361702
protein_0206,protein_0109,0.14606741573033707
protein_0206,protein_0110,0.45977011494252873
protein_0206,protein_0111,0.3103448275862069
protein_0206,protein_0112,0.17647058823529413
protein_0206,protein_0113,0.5632183908045977
protein_0206,protein_0114,0.32954545454545453
protein_0206,protein_0115,0.25287356321839083
protein_0206,protein_0116,0.1282051282051282
protein_0206,protein_0117,0.1282051282051282
protein_0206,protein_0118,0.19540229885057472
protein_0206,protein_0119,0.14150943396226415
protein_0206,protein_0120,0.3707865168539326
protein_0206,protein_0121,0.3707865168539326
protein_0206,protein_0122,0.26436781609195403
protein_0206,protein_0123,0.18888888888888888
protein_0206,protein_0124,0.3563218390804598
protein_0206,protein_0125,0.1568627450980392
protein_0206,protein_0126,0.16666666666666666
protein_0206,protein_0128,0.3626373626373626
protein_0206,protein_0129,0.2717391304347826
protein_0206,protein_0130,0.17094017094017094
protein_0206,protein_0131,0.19101123595505617
protein_0206,protein_0132,0.22727272727272727
protein_0206,protein_0134,0.30434782608695654
protein_0206,protein_0135,0.3
protein_0206,protein_0136,0.13114754098360656
protein_0206,protein_0137,0.13445378151260504
protein_0206,protein_0138,0.13445378151260504
protein_0206,protein_0139,0.1839080459770115
protein_0206,protein_0140,0.5632183908045977
protein_0206,protein_0141,0.2413793103448276
protein_0206,protein_0143,0.30337078651685395
protein_0206,protein_0144,0.3146067415730337
protein_0206,protein_0145,0.17391304347826086
protein_0206,protein_0146,0.16853932584269662
protein_0206,protein_0147,0.42045454545454547
protein_0206,protein_0148,0.367816091954023
protein_0206,protein_0149,0.16091954022988506
protein_0206,protein_0150,0.3103448275862069
protein_0206,protein_0151,0.21739130434782608
protein_0206,protein_0152,0.17204301075268819
protein_0206,protein_0153,0.20224719101123595
protein_0206,protein_0154,0.1956521739130435
protein_0206,protein_0155,0.13675213675213677
protein_0206,protein_0156,0.16964285714285715
protein_0206,protein_0157,0.14130434782608695
protein_0206,protein_0158,0.2111111111111111
protein_0206,protein_0160,0.3258426966292135
protein_0206,protein_0161,0.14285714285714285
protein_0206,protein_0162,0.3333333333333333
protein_0206,protein_0163,0.1792452830188679
protein_0206,protein_0164,0.27586206896551724
protein_0206,protein_0165,0.1797752808988764
protein_0206,protein_0166,0.26436781609195403
protein_0206,protein_0167,0.15178571428571427
protein_0206,protein_0168,0.16666666666666666
protein_0206,protein_0169,0.11965811965811966
protein_0206,protein_0171,0.36363636363636365
protein_0206,protein_0172,0.15267175572519084
protein_0206,protein_0173,0.3448275862068966
protein_0206,protein_0174,0.34444444444444444
protein_0206,protein_0175,0.3103448275862069
protein_0206,protein_0176,0.1724137931034483
protein_0206,protein_0177,0.14942528735632185
protein_0206,protein_0179,0.13043478260869565
protein_0206,protein_0180,0.27472527472527475
protein_0206,protein_0181,0.5227272727272727
protein_0206,protein_0182,0.3448275862068966
protein_0206,protein_0183,0.17117117117117117
protein_0206,protein_0185,0.21428571428571427
protein_0206,protein_0187,0.3218390804597701
protein_0206,protein_0188,0.1590909090909091
protein_0206,protein_0189,0.3707865168539326
protein_0206,protein_0190,0.5517241379310345
protein_0206,protein_0191,0.3522727272727273
protein_0206,protein_0192,0.3218390804597701
protein_0206,protein_0193,0.39080459770114945
protein_0206,protein_0194,0.2988505747126437
protein_0206,protein_0195,0.5057471264367817
protein_0206,protein_0196,0.4942528735632184
protein_0206,protein_0197,0.6067415730337079
protein_0206,protein_0198,0.3103448275862069
protein_0206,protein_0199,0.2111111111111111
protein_0206,protein_0200,0.4367816091954023
protein_0206,protein_0201,0.16
protein_0206,protein_0202,0.39080459770114945
protein_0206,protein_0203,0.13675213675213677
protein_0206,protein_0204,0.2
protein_0206,protein_0205,0.09259259259259259
protein_0206,protein_0207,0.14960629921259844
protein_0206,protein_0208,0.13793103448275862
protein_0206,protein_0209,0.26436781609195403
protein_0206,protein_0210,0.36363636363636365
protein_0206,protein_0211,0.17307692307692307
protein_0206,protein_0212,0.15730337078651685
protein_0206,protein_0213,0.42857142857142855
protein_0206,protein_0214,0.13402061855670103
protein_0206,protein_0215,0.13793103448275862
protein_0206,protein_0216,0.18
protein_0206,protein_0217,0.14736842105263157
protein_0206,protein_0218,0.1297709923664122
protein_0206,protein_0219,0.1171875
protein_0206,protein_0220,0.27586206896551724
protein_0206,protein_0222,0.5227272727272727
protein_0206,protein_0223,0.12222222222222222
protein_0206,protein_0224,0.12643678160919541
protein_0206,protein_0225,0.12371134020618557
protein_0206,protein_0226,0.1717171717171717
protein_0206,protein_0227,0.14942528735632185
protein_0206,protein_0228,0.2553191489361702
protein_0206,protein_0229,0.13636363636363635
protein_0206,protein_0230,0.22580645161290322
protein_0206,protein_0231,0.41379310344827586
protein_0206,protein_0232,0.19540229885057472
protein_0206,protein_0233,0.10869565217391304
protein_0206,protein_0234,0.1941747572815534
protein_0206,protein_0235,0.14942528735632185
protein_0206,protein_0236,0.5057471264367817
protein_0206,protein_0237,0.5057471264367817
protein_0206,protein_0238,0.12121212121212122
protein_0206,protein_0239,0.3563218390804598
protein_0206,protein_0241,0.32954545454545453
protein_0206,protein_0243,0.3218390804597701
protein_0206,protein_0245,0.1794871794871795
protein_0206,protein_0246,0.14583333333333334
protein_0206,protein_0247,0.19791666666666666
protein_0206,protein_0248,0.3448275862068966
protein_0206,protein_0250,0.15217391304347827
protein_0206,protein_0251,0.18811881188118812
protein_0206,protein_0252,0.15789473684210525
protein_0206,protein_0253,0.14655172413793102
protein_0206,protein_0255,0.08771929824561403
protein_0206,protein_0256,0.12962962962962962
protein_0206,protein_0257,0.12844036697247707
protein_0206,protein_0258,0.5287356321839081
protein_0206,protein_0259,0.16091954022988506
protein_0206,protein_0260,0.16091954022988506
protein_0206,protein_0261,0.15384615384615385
protein_0206,protein_0262,0.14388489208633093
protein_0206,protein_0263,0.16666666666666666
protein_0206,protein_0264,0.34065934065934067
protein_0206,protein_0265,0.34065934065934067
protein_0206,protein_0266,0.1504424778761062
protein_0206,protein_0267,0.1590909090909091
protein_0206,protein_0268,0.13636363636363635
protein_0206,protein_0269,0.15517241379310345
protein_0206,protein_0270,0.14772727272727273
protein_0206,protein_0271,0.17582417582417584
protein_0206,protein_0273,0.5977011494252874
protein_0206,protein_0274,0.2391304347826087
protein_0206,protein_0275,0.19811320754716982
protein_0206,protein_0276,0.32222222222222224
protein_0206,protein_0277,0.16091954022988506
protein_0206,protein_0278,0.3695652173913043
protein_0206,protein_0279,0.2727272727272727
protein_0206,protein_0280,0.27586206896551724
protein_0206,protein_0281,0.14166666666666666
protein_0206,protein_0282,0.11494252873563218
protein_0206,protein_0283,0.1187214611872146
protein_0206,protein_0284,0.27586206896551724
protein_0206,protein_0285,0.6136363636363636
protein_0206,protein_0286,0.16091954022988506
protein_0206,protein_0287,0.21296296296296297
protein_0206,protein_0288,0.3218390804597701
protein_0206,protein_0289,0.15625
protein_0206,protein_0291,0.26436781609195403
protein_0206,protein_0292,0.17582417582417584
protein_0206,protein_0293,0.20833333333333334
protein_0206,protein_0294,0.27586206896551724
protein_0206,protein_0295,0.14942528735632185
protein_0206,protein_0297,0.16091954022988506
protein_0206,protein_0299,0.1836734693877551
protein_0206,protein_0300,0.14893617021276595
protein_0206,protein_0301,0.14736842105263157
protein_0206,protein_0302,0.10138248847926268
protein_0206,protein_0303,0.22826086956521738
protein_0206,protein_0305,0.23300970873786409
protein_0206,protein_0306,0.10256410256410256
protein_0206,protein_0307,0.12396694214876033
protein_0206,protein_0308,0.1896551724137931
protein_0206,protein_0309,0.13829787234042554
protein_0206,protein_0311,0.3977272727272727
protein_0206,protein_0312,0.4318181818181818
protein_0206,protein_0313,0.26666666666666666
protein_0206,protein_0314,0.13592233009708737
protein_0206,protein_0315,0.1322314049586777
protein_0206,protein_0316,0.16091954022988506
protein_0206,protein_0317,0.15
protein_0206,protein_0319,0.6436781609195402
protein_0206,protein_0320,0.3258426966292135
protein_0206,protein_0321,0.25274725274725274
protein_0206,protein_0323,0.35555555555555557
protein_0206,protein_0324,0.20454545454545456
protein_0206,protein_0325,0.12612612612612611
protein_0206,protein_0326,0.16129032258064516
protein_0206,protein_0327,0.367816091954023
protein_0206,protein_0328,0.17355371900826447
protein_0206,protein_0329,0.17355371900826447
protein_0206,protein_0330,0.5632183908045977
protein_0206,protein_0332,0.2413793103448276
protein_0206,protein_0333,0.2413793103448276
protein_0206,protein_0334,0.17894736842105263
protein_0206,protein_0335,0.10377358490566038
protein_0206,protein_0336,0.14942528735632185
protein_0206,protein_0337,0.39080459770114945
protein_0206,protein_0338,0.28735632183908044
protein_0206,protein_0339,0.14942528735632185
protein_0206,protein_0340,0.14563106796116504
protein_0206,protein_0341,0.24509803921568626
protein_0206,protein_0342,0.12643678160919541
protein_0206,protein_0343,0.15625
protein_0206,protein_0344,0.375
protein_0206,protein_0345,0.17355371900826447
protein_0206,protein_0346,0.17355371900826447
protein_0206,protein_0347,0.1839080459770115
protein_0206,protein_0348,0.11304347826086956
protein_0206,protein_0349,0.18
protein_0206,protein_0350,0.36363636363636365
protein_0206,protein_0351,0.5517241379310345
protein_0206,protein_0352,0.14942528735632185
protein_0206,protein_0353,0.14545454545454545
protein_0206,protein_0354,0.2413793103448276
protein_0206,protein_0355,0.41379310344827586
protein_0206,protein_0356,0.15555555555555556
protein_0206,protein_0357,0.13934426229508196
protein_0206,protein_0358,0.3218390804597701
protein_0206,protein_0359,0.18461538461538463
protein_0206,protein_0360,0.3068181818181818
protein_0206,protein_0361,0.12878787878787878
protein_0206,protein_0362,0.23232323232323232
protein_0206,protein_0363,0.23232323232323232
protein_0206,protein_0364,0.22916666666666666
protein_0206,protein_0365,0.20689655172413793
protein_0206,protein_0366,0.25
protein_0206,protein_0368,0.2
protein_0206,protein_0369,0.13793103448275862
protein_0206,protein_0370,0.375
protein_0206,protein_0371,0.391304347826087
protein_0206,protein_0372,0.10550458715596331
protein_0206,protein_0373,0.1308411214953271
protein_0206,protein_0374,0.1282051282051282
protein_0206,protein_0375,0.3333333333333333
protein_0206,protein_0376,0.20192307692307693
protein_0206,protein_0377,0.3218390804597701
protein_0206,protein_0378,0.1623931623931624
protein_0206,protein_0380,0.18269230769230768
protein_0206,protein_0381,0.18269230769230768
protein_0206,protein_0382,0.2857142857142857
protein_0206,protein_0383,0.19540229885057472
protein_0206,protein_0384,0.3563218390804598
protein_0206,protein_0385,0.16831683168316833
protein_0206,protein_0386,0.17391304347826086
protein_0206,protein_0387,0.13761467889908258
protein_0206,protein_0388,0.19540229885057472
protein_0206,protein_0390,0.5632183908045977
protein_0206,protein_0391,0.22105263157894736
protein_0206,protein_0392,0.3229166666666667
protein_0206,protein_0393,0.3229166666666667
protein_0206,protein_0394,0.17391304347826086
protein_0206,protein_0395,0.27472527472527475
protein_0206,protein_0396,0.15789473684210525
protein_0206,protein_0397,0.3
protein_0206,protein_0398,0.13675213675213677
protein_0206,protein_0399,0.3793103448275862
protein_0221,protein_0000,0.12643678160919541
protein_0221,protein_0001,0.2236842105263158
protein_0221,protein_0002,0.18518518518518517
protein_0221,protein_0003,0.06666666666666667
protein_0221,protein_0004,0.14606741573033707
protein_0221,protein_0005,0.1595744680851064
protein_0221,protein_0006,0.1702127659574468
protein_0221,protein_0007,0.21428571428571427
protein_0221,protein_0008,0.14705882352941177
protein_0221,protein_0009,0.19540229885057472
protein_0221,protein_0010,0.14772727272727273
protein_0221,protein_0011,0.1111111111111111
protein_0221,protein_0013,0.24324324324324326
protein_0221,protein_0014,0.17708333333333334
protein_0221,protein_0015,0.12121212121212122
protein_0221,protein_0016,0.13861386138613863
protein_0221,protein_0017,0.08695652173913043
protein_0221,protein_0018,0.13793103448275862
protein_0221,protein_0019,0.2054794520547945
protein_0221,protein_0020,0.1590909090909091
protein_0221,protein_0021,0.0989010989010989
protein_0221,protein_0022,0.1797752808988764
protein_0221,protein_0023,0.1744186046511628
protein_0221,protein_0024,0.10833333333333334
protein_0221,protein_0025,0.16304347826086957
protein_0221,protein_0026,0.13740458015267176
protein_0221,protein_0027,0.13541666666666666
protein_0221,protein_0030,0.14166666666666666
protein_0221,protein_0031,0.13725490196078433
protein_0221,protein_0032,0.16091954022988506
protein_0221,protein_0033,0.1839080459770115
protein_0221,protein_0034,0.13043478260869565
protein_0221,protein_0036,0.23529411764705882
protein_0221,protein_0037,0.1346153846153846
protein_0221,protein_0038,0.1346153846153846
protein_0221,protein_0039,0.13793103448275862
protein_0221,protein_0040,0.24285714285714285
protein_0221,protein_0042,0.1744186046511628
protein_0221,protein_0043,0.18888888888888888
protein_0221,protein_0045,0.14942528735632185
protein_0221,protein_0046,0.22535211267605634
protein_0221,protein_0047,0.10869565217391304
protein_0221,protein_0048,0.10869565217391304
protein_0221,protein_0049,0.09782608695652174
protein_0221,protein_0050,0.13725490196078433
protein_0221,protein_0052,0.1839080459770115
protein_0221,protein_0053,0.16304347826086957
protein_0221,protein_0054,0.16393442622950818
protein_0221,protein_0055,0.16
protein_0221,protein_0056,0.1346153846153846
protein_0221,protein_0057,0.21739130434782608
protein_0221,protein_0058,0.3472222222222222
protein_0221,protein_0059,0.17045454545454544
protein_0221,protein_0060,0.09523809523809523
protein_0221,protein_0061,0.13978494623655913
protein_0221,protein_0062,0.14942528735632185
protein_0221,protein_0063,0.08878504672897196
protein_0221,protein_0064,0.13043478260869565
protein_0221,protein_0066,0.18
protein_0221,protein_0067,0.11627906976744186
protein_0221,protein_0068,0.16091954022988506
protein_0221,protein_0069,0.0898876404494382
protein_0221,protein_0070,0.14942528735632185
protein_0221,protein_0071,0.11494252873563218
protein_0221,protein_0072,0.17647058823529413
protein_0221,protein_0073,0.13793103448275862
protein_0221,protein_0075,0.12244897959183673
protein_0221,protein_0076,0.2236842105263158
protein_0221,protein_0077,0.16129032258064516
protein_0221,protein_0078,0.1262135922330097
protein_0221,protein_0079,0.1262135922330097
protein_0221,protein_0080,0.13636363636363635
protein_0221,protein_0081,0.13636363636363635
protein_0221,protein_0082,0.12871287128712872
protein_0221,protein_0084,0.1702127659574468
protein_0221,protein_0086,0.16
protein_0221,protein_0087,0.2222222222222222
protein_0221,protein_0088,0.16304347826086957
protein_0221,protein_0089,0.09565217391304348
protein_0221,protein_0090,0.09565217391304348
protein_0221,protein_0091,0.13274336283185842
protein_0221,protein_0092,0.13274336283185842
protein_0221,protein_0093,0.10843373493975904
protein_0221,protein_0094,0.09649122807017543
protein_0221,protein_0096,0.14705882352941177
protein_0221,protein_0097,0.15730337078651685
protein_0221,protein_0098,0.12643678160919541
protein_0221,protein_0099,0.08080808080808081
protein_0221,protein_0100,0.22077922077922077
protein_0221,protein_0101,0.14942528735632185
protein_0221,protein_0102,0.12903225806451613
protein_0221,protein_0103,0.1724137931034483
protein_0221,protein_0104,0.1111111111111111
protein_0221,protein_0105,0.24285714285714285
protein_0221,protein_0106,0.15517241379310345
protein_0221,protein_0108,0.1728395061728395
protein_0221,protein_0109,0.18840579710144928
protein_0221,protein_0110,0.10989010989010989
protein_0221,protein_0111,0.1590909090909091
protein_0221,protein_0112,0.16
protein_0221,protein_0113,0.11494252873563218
protein_0221,protein_0114,0.16091954022988506
protein_0221,protein_0115,0.18292682926829268
protein_0221,protein_0116,0.14166666666666666
protein_0221,protein_0117,0.14166666666666666
protein_0221,protein_0118,0.2054794520547945
protein_0221,protein_0119,0.18269230769230768
protein_0221,protein_0120,0.14444444444444443
protein_0221,protein_0121,0.14444444444444443
protein_0221,protein_0122,0.1523809523809524
protein_0221,protein_0123,0.2
protein_0221,protein_0124,0.17391304347826086
protein_0221,protein_0125,0.1414141414141414
protein_0221,protein_0126,0.13861386138613863
protein_0221,protein_0128,0.14893617021276595
protein_0221,protein_0129,0.12643678160919541
protein_0221,protein_0130,0.10909090909090909
protein_0221,protein_0131,0.19117647058823528
protein_0221,protein_0132,0.12037037037037036
protein_0221,protein_0134,0.14606741573033707
protein_0221,protein_0135,0.17045454545454544
protein_0221,protein_0136,0.13793103448275862
protein_0221,protein_0137,0.1282051282051282
protein_0221,protein_0138,0.1282051282051282
protein_0221,protein_0139,0.16901408450704225
protein_0221,protein_0140,0.18085106382978725
protein_0221,protein_0141,0.17777777777777778
protein_0221,protein_0143,0.15463917525773196
protein_0221,protein_0144,0.13636363636363635
protein_0221,protein_0145,0.2236842105263158
protein_0221,protein_0146,0.09333333333333334
protein_0221,protein_0147,0.14942528735632185
protein_0221,protein_0148,0.13793103448275862
protein_0221,protein_0149,0.19718309859154928
protein_0221,protein_0150,0.16279069767441862
protein_0221,protein_0151,0.12359550561797752
protein_0221,protein_0152,0.23529411764705882
protein_0221,protein_0153,0.16666666666666666
protein_0221,protein_0154,0.14285714285714285
protein_0221,protein_0155,0.11570247933884298
protein_0221,protein_0156,0.14814814814814814
protein_0221,protein_0157,0.12643678160919541
protein_0221,protein_0158,0.17391304347826086
protein_0221,protein_0160,0.18478260869565216
protein_0221,protein_0161,0.12605042016806722
protein_0221,protein_0162,0.12643678160919541
protein_0221,protein_0163,0.19801980198019803
protein_0221,protein_0164,0.10112359550561797
protein_0221,protein_0165,0.1891891891891892
protein_0221,protein_0166,0.1590909090909091
protein_0221,protein_0167,0.15178571428571427
protein_0221,protein_0168,0.14285714285714285
protein_0221,protein_0169,0.10743801652892562
protein_0221,protein_0171,0.14942528735632185
protein_0221,protein_0172,0.11965811965811966
protein_0221,protein_0173,0.14285714285714285
protein_0221,protein_0174,0.1702127659574468
protein_0221,protein_0175,0.1702127659574468
protein_0221,protein_0176,0.17647058823529413
protein_0221,protein_0177,0.2
protein_0221,protein_0179,0.15517241379310345
protein_0221,protein_0180,0.13043478260869565
protein_0221,protein_0181,0.11494252873563218
protein_0221,protein_0182,0.16091954022988506
protein_0221,protein_0183,0.13131313131313133
protein_0221,protein_0185,0.11627906976744186
protein_0221,protein_0187,0.18085106382978725
protein_0221,protein_0188,0.19117647058823528
protein_0221,protein_0189,0.1724137931034483
protein_0221,protein_0190,0.13131313131313133
protein_0221,protein_0191,0.17045454545454544
protein_0221,protein_0192,0.15384615384615385
protein_0221,protein_0193,0.16091954022988506
protein_0221,protein_0194,0.16091954022988506
protein_0221,protein_0195,0.11494252873563218
protein_0221,protein_0196,0.1111111111111111
protein_0221,protein_0197,0.10869565217391304
protein_0221,protein_0198,0.12121212121212122
protein_0221,protein_0199,0.14444444444444443
protein_0221,protein_0200,0.10101010101010101
protein_0221,protein_0201,0.15
protein_0221,protein_0202,0.13793103448275862
protein_0221,protein_0203,0.12396694214876033
protein_0221,protein_0204,0.19718309859154928
protein_0221,protein_0205,0.08530805687203792
protein_0221,protein_0207,0.11570247933884298
protein_0221,protein_0208,0.12612612612612611
protein_0221,protein_0209,0.17777777777777778
protein_0221,protein_0210,0.16483516483516483
protein_0221,protein_0211,0.17
protein_0221,protein_0212,0.22535211267605634
protein_0221,protein_0213,0.12643678160919541
protein_0221,protein_0214,0.2857142857142857
protein_0221,protein_0215,0.2463768115942029
protein_0221,protein_0216,0.21052631578947367
protein_0221,protein_0217,0.19767441860465115
protein_0221,protein_0218,0.11627906976744186
protein_0221,protein_0219,0.13934426229508196
protein_0221,protein_0220,0.15463917525773196
protein_0221,protein_0222,0.0989010989010989
protein_0221,protein_0223,0.3
protein_0221,protein_0224,0.2028985507246377
protein_0221,protein_0225,0.14634146341463414
protein_0221,protein_0226,0.17777777777777778
protein_0221,protein_0227,0.18571428571428572
protein_0221,protein_0228,0.17777777777777778
protein_0221,protein_0229,0.17582417582417584
protein_0221,protein_0230,0.1111111111111111
protein_0221,protein_0231,0.1839080459770115
protein_0221,protein_0232,0.20588235294117646
protein_0221,protein_0233,0.10077519379844961
protein_0221,protein_0234,0.12121212121212122
protein_0221,protein_0235,0.14736842105263157
protein_0221,protein_0236,0.1258741258741259
protein_0221,protein_0237,0.1258741258741259
protein_0221,protein_0238,0.13533834586466165
protein_0221,protein_0239,0.13333333333333333
protein_0221,protein_0241,0.16666666666666666
protein_0221,protein_0243,0.11956521739130435
protein_0221,protein_0245,0.10606060606060606
protein_0221,protein_0246,0.13043478260869565
protein_0221,protein_0247,0.18072289156626506
protein_0221,protein_0248,0.12745098039215685
protein_0221,protein_0250,0.19767441860465115
protein_0221,protein_0251,0.10112359550561797
protein_0221,protein_0252,0.15476190476190477
protein_0221,protein_0253,0.1504424778761062
protein_0221,protein_0255,0.11560693641618497
protein_0221,protein_0256,0.13157894736842105
protein_0221,protein_0257,0.14912280701754385
protein_0221,protein_0258,0.14444444444444443
protein_0221,protein_0259,0.22857142857142856
protein_0221,protein_0260,0.22857142857142856
protein_0221,protein_0261,0.13761467889908258
protein_0221,protein_0262,0.1037037037037037
protein_0221,protein_0263,0.10714285714285714
protein_0221,protein_0264,0.18181818181818182
protein_0221,protein_0265,0.18181818181818182
protein_0221,protein_0266,0.2
protein_0221,protein_0267,0.15789473684210525
protein_0221,protein_0268,0.17073170731707318
protein_0221,protein_0269,0.11206896551724138
protein_0221,protein_0270,0.3287671232876712
protein_0221,protein_0271,0.19117647058823528
protein_0221,protein_0273,0.14736842105263157
protein_0221,protein_0274,0.13333333333333333
protein_0221,protein_0275,0.10891089108910891
protein_0221,protein_0276,0.125
protein_0221,protein_0277,0.21333333333333335
protein_0221,protein_0278,0.08791208791208792
protein_0221,protein_0279,0.15217391304347827
protein_0221,protein_0280,0.18518518518518517
protein_0221,protein_0281,0.125
protein_0221,protein_0282,0.34285714285714286
protein_0221,protein_0283,0.0776255707762557
protein_0221,protein_0284,0.16483516483516483
protein_0221,protein_0285,0.13043478260869565
protein_0221,protein_0286,0.22857142857142856
protein_0221,protein_0287,0.1308411214953271
protein_0221,protein_0288,0.13953488372093023
protein_0221,protein_0289,0.16455696202531644
protein_0221,protein_0291,0.18292682926829268
protein_0221,protein_0292,0.18181818181818182
protein_0221,protein_0293,0.13636363636363635
protein_0221,protein_0294,0.18292682926829268
protein_0221,protein_0295,0.21428571428571427
protein_0221,protein_0297,0.18309859154929578
protein_0221,protein_0299,0.14772727272727273
protein_0221,protein_0300,0.16455696202531644
protein_0221,protein_0301,0.15
protein_0221,protein_0302,0.0776255707762557
protein_0221,protein_0303,0.14285714285714285
protein_0221,protein_0305,0.17045454545454544
protein_0221,protein_0306,0.152
protein_0221,protein_0307,0.14285714285714285
protein_0221,protein_0308,0.11304347826086956
protein_0221,protein_0309,0.13333333333333333
protein_0221,protein_0311,0.1276595744680851
protein_0221,protein_0312,0.11494252873563218
protein_0221,protein_0313,0.14606741573033707
protein_0221,protein_0314,0.1919191919191919
protein_0221,protein_0315,0.10714285714285714
protein_0221,protein_0316,0.2
protein_0221,protein_0317,0.1346153846153846
protein_0221,protein_0319,0.13186813186813187
protein_0221,protein_0320,0.13043478260869565
protein_0221,protein_0321,0.11363636363636363
protein_0221,protein_0323,0.11494252873563218
protein_0221,protein_0324,0.16901408450704225
protein_0221,protein_0325,0.17272727272727273
protein_0221,protein_0326,0.16494845360824742
protein_0221,protein_0327,0.1111111111111111
protein_0221,protein_0328,0.10185185185185185
protein_0221,protein_0329,0.10185185185185185
protein_0221,protein_0330,0.13131313131313133
protein_0221,protein_0332,0.17391304347826086
protein_0221,protein_0333,0.1568627450980392
protein_0221,protein_0334,0.11235955056179775
protein_0221,protein_0335,0.16037735849056603
protein_0221,protein_0336,0.18571428571428572
protein_0221,protein_0337,0.17045454545454544
protein_0221,protein_0338,0.16091954022988506
protein_0221,protein_0339,0.2112676056338028
protein_0221,protein_0340,0.15
protein_0221,protein_0341,0.1568627450980392
protein_0221,protein_0342,0.2753623188405797
protein_0221,protein_0343,0.16455696202531644
protein_0221,protein_0344,0.1724137931034483
protein_0221,protein_0345,0.17647058823529413
protein_0221,protein_0346,0.17647058823529413
protein_0221,protein_0347,0.21739130434782608
protein_0221,protein_0348,0.09401709401709402
protein_0221,protein_0349,0.17
protein_0221,protein_0350,0.16091954022988506
protein_0221,protein_0351,0.12121212121212122
protein_0221,protein_0352,0.2125
protein_0221,protein_0353,0.13636363636363635
protein_0221,protein_0354,0.10344827586206896
protein_0221,protein_0355,0.1590909090909091
protein_0221,protein_0356,0.2028985507246377
protein_0221,protein_0357,0.15833333333333333
protein_0221,protein_0358,0.1724137931034483
protein_0221,protein_0359,0.13709677419354838
protein_0221,protein_0360,0.15841584158415842
protein_0221,protein_0361,0.10833333333333334
protein_0221,protein_0362,0.18478260869565216
protein_0221,protein_0363,0.18478260869565216
protein_0221,protein_0364,0.18478260869565216
protein_0221,protein_0365,0.1590909090909091
protein_0221,protein_0366,0.15730337078651685
protein_0221,protein_0368,0.15853658536585366
protein_0221,protein_0369,0.2727272727272727
protein_0221,protein_0370,0.1724137931034483
protein_0221,protein_0371,0.14942528735632185
protein_0221,protein_0372,0.0779816513761468
protein_0221,protein_0373,0.1553398058252427
protein_0221,protein_0374,0.13675213675213677
protein_0221,protein_0375,0.18681318681318682
protein_0221,protein_0376,0.15151515151515152
protein_0221,protein_0377,0.11956521739130435
protein_0221,protein_0378,0.11711711711711711
protein_0221,protein_0380,0.11627906976744186
protein_0221,protein_0381,0.11627906976744186
protein_0221,protein_0382,0.16346153846153846
protein_0221,protein_0383,0.2054794520547945
protein_0221,protein_0384,0.1414141414141414
protein_0221,protein_0385,0.1414141414141414
protein_0221,protein_0386,0.21212121212121213
protein_0221,protein_0387,0.11320754716981132
protein_0221,protein_0388,0.17647058823529413
protein_0221,protein_0390,0.12643678160919541
protein_0221,protein_0391,0.1836734693877551
protein_0221,protein_0392,0.1956521739130435
protein_0221,protein_0393,0.18478260869565216
protein_0221,protein_0394,0.09649122807017543
protein_0221,protein_0395,0.1348314606741573
protein_0221,protein_0396,0.11403508771929824
protein_0221,protein_0397,0.15730337078651685
protein_0221,protein_0398,0.1415929203539823
protein_0221,protein_0399,0.125
protein_0240,protein_0000,0.40229885057471265
protein_0240,protein_0001,0.14942528735632185
protein_0240,protein_0002,0.13829787234042554
protein_0240,protein_0003,0.2988505747126437
protein_0240,protein_0004,0.3333333333333333
protein_0240,protein_0005,0.12087912087912088
protein_0240,protein_0006,0.29545454545454547
protein_0240,protein_0007,0.14772727272727273
protein_0240,protein_0008,0.11650485436893204
protein_0240,protein_0009,0.1724137931034483
protein_0240,protein_0010,0.3103448275862069
protein_0240,protein_0011,0.3218390804597701
protein_0240,protein_0013,0.12643678160919541
protein_0240,protein_0014,0.1348314606741573
protein_0240,protein_0015,0.16666666666666666
protein_0240,protein_0016,0.12149532710280374
protein_0240,protein_0017,0.12408759124087591
protein_0240,protein_0018,0.3333333333333333
protein_0240,protein_0019,0.14942528735632185
protein_0240,protein_0020,0.41379310344827586
protein_0240,protein_0021,0.14444444444444443
protein_0240,protein_0022,0.17757009345794392
protein_0240,protein_0023,0.17647058823529413
protein_0240,protein_0024,0.1111111111111111
protein_0240,protein_0025,0.7241379310344828
protein_0240,protein_0026,0.11510791366906475
protein_0240,protein_0027,0.1574074074074074
protein_0240,protein_0030,0.13333333333333333
protein_0240,protein_0031,0.10185185185185185
protein_0240,protein_0032,0.3218390804597701
protein_0240,protein_0033,0.28735632183908044
protein_0240,protein_0034,0.3333333333333333
protein_0240,protein_0036,0.1839080459770115
protein_0240,protein_0037,0.1839080459770115
protein_0240,protein_0038,0.1839080459770115
protein_0240,protein_0039,0.1724137931034483
protein_0240,protein_0040,0.10344827586206896
protein_0240,protein_0042,0.1839080459770115
protein_0240,protein_0043,0.26436781609195403
protein_0240,protein_0045,0.3
protein_0240,protein_0046,0.1590909090909091
protein_0240,protein_0047,0.27586206896551724
protein_0240,protein_0048,0.27586206896551724
protein_0240,protein_0049,0.2988505747126437
protein_0240,protein_0050,0.14705882352941177
protein_0240,protein_0052,0.28735632183908044
protein_0240,protein_0053,0.42528735632183906
protein_0240,protein_0054,0.11965811965811966
protein_0240,protein_0055,0.15126050420168066
protein_0240,protein_0056,0.12396694214876033
protein_0240,protein_0057,0.14942528735632185
protein_0240,protein_0058,0.125
protein_0240,protein_0059,0.29545454545454547
protein_0240,protein_0060,0.11009174311926606
protein_0240,protein_0061,0.15384615384615385
protein_0240,protein_0062,0.3448275862068966
protein_0240,protein_0063,0.08450704225352113
protein_0240,protein_0064,0.3563218390804598
protein_0240,protein_0066,0.14814814814814814
protein_0240,protein_0067,0.3333333333333333
protein_0240,protein_0068,0.21839080459770116
protein_0240,protein_0069,0.28735632183908044
protein_0240,protein_0070,0.19540229885057472
protein_0240,protein_0071,0.27586206896551724
protein_0240,protein_0072,0.1724137931034483
protein_0240,protein_0073,0.3076923076923077
protein_0240,protein_0075,0.17307692307692307
protein_0240,protein_0076,0.11494252873563218
protein_0240,protein_0077,0.45454545454545453
protein_0240,protein_0078,0.1574074074074074
protein_0240,protein_0079,0.1574074074074074
protein_0240,protein_0080,0.2988505747126437
protein_0240,protein_0081,0.28735632183908044
protein_0240,protein_0082,0.17699115044247787
protein_0240,protein_0084,0.29545454545454547
protein_0240,protein_0086,0.20353982300884957
protein_0240,protein_0087,0.13186813186813187
protein_0240,protein_0088,0.3218390804597701
protein_0240,protein_0089,0.16393442622950818
protein_0240,protein_0090,0.1721311475409836
protein_0240,protein_0091,0.12096774193548387
protein_0240,protein_0092,0.12096774193548387
protein_0240,protein_0093,0.3333333333333333
protein_0240,protein_0094,0.14782608695652175
protein_0240,protein_0096,0.11764705882352941
protein_0240,protein_0097,0.35555555555555557
protein_0240,protein_0098,0.3522727272727273
protein_0240,protein_0099,0.1282051282051282
protein_0240,protein_0100,0.1935483870967742
protein_0240,protein_0101,0.3076923076923077
protein_0240,protein_0102,0.25
protein_0240,protein_0103,0.21839080459770116
protein_0240,protein_0104,0.11965811965811966
protein_0240,protein_0105,0.18181818181818182
protein_0240,protein_0106,0.14035087719298245
protein_0240,protein_0108,0.19318181818181818
protein_0240,protein_0109,0.14130434782608695
protein_0240,protein_0110,0.28125
protein_0240,protein_0111,0.21839080459770116
protein_0240,protein_0112,0.17857142857142858
protein_0240,protein_0113,0.25287356321839083
protein_0240,protein_0114,0.3333333333333333
protein_0240,protein_0115,0.3448275862068966
protein_0240,protein_0116,0.17796610169491525
protein_0240,protein_0117,0.17796610169491525
protein_0240,protein_0118,0.18181818181818182
protein_0240,protein_0119,0.12727272727272726
protein_0240,protein_0120,0.5057471264367817
protein_0240,protein_0121,0.5057471264367817
protein_0240,protein_0122,0.19540229885057472
protein_0240,protein_0123,0.13793103448275862
protein_0240,protein_0124,0.4827586206896552
protein_0240,protein_0125,0.1523809523809524
protein_0240,protein_0126,0.1509433962264151
protein_0240,protein_0128,0.45977011494252873
protein_0240,protein_0129,0.16091954022988506
protein_0240,protein_0130,0.16393442622950818
protein_0240,protein_0131,0.18888888888888888
protein_0240,protein_0132,0.21296296296296297
protein_0240,protein_0134,0.3707865168539326
protein_0240,protein_0135,0.3793103448275862
protein_0240,protein_0136,0.13533834586466165
protein_0240,protein_0137,0.1322314049586777
protein_0240,protein_0138,0.1322314049586777
protein_0240,protein_0139,0.14130434782608695
protein_0240,protein_0140,0.2988505747126437
protein_0240,protein_0141,0.1839080459770115
protein_0240,protein_0143,0.3563218390804598
protein_0240,protein_0144,0.3563218390804598
protein_0240,protein_0145,0.1724137931034483
protein_0240,protein_0146,0.1702127659574468
protein_0240,protein_0147,0.367816091954023
protein_0240,protein_0148,0.3793103448275862
protein_0240,protein_0149,0.18181818181818182
protein_0240,protein_0150,0.3695652173913043
protein_0240,protein_0151,0.2696629213483146
protein_0240,protein_0152,0.1590909090909091
protein_0240,protein_0153,0.2222222222222222
protein_0240,protein_0154,0.2111111111111111
protein_0240,protein_0155,0.15126050420168066
protein_0240,protein_0156,0.15178571428571427
protein_0240,protein_0157,0.13541666666666666
protein_0240,protein_0158,0.1724137931034483
protein_0240,protein_0160,0.632183908045977
protein_0240,protein_0161,0.11904761904761904
protein_0240,protein_0162,0.5172413793103449
protein_0240,protein_0163,0.1782178217821782
protein_0240,protein_0164,0.4827586206896552
protein_0240,protein_0165,0.16091954022988506
protein_0240,protein_0166,0.4942528735632184
protein_0240,protein_0167,0.15254237288135594
protein_0240,protein_0168,0.15254237288135594
protein_0240,protein_0169,0.1557377049180328
protein_0240,protein_0171,0.21839080459770116
protein_0240,protein_0172,0.15625
protein_0240,protein_0173,0.47126436781609193
protein_0240,protein_0174,0.6206896551724138
protein_0240,protein_0175,0.6206896551724138
protein_0240,protein_0176,0.15053763440860216
protein_0240,protein_0177,0.12643678160919541
protein_0240,protein_0179,0.1504424778761062
protein_0240,protein_0180,0.25287356321839083
protein_0240,protein_0181,0.3333333333333333
protein_0240,protein_0182,0.4367816091954023
protein_0240,protein_0183,0.18518518518518517
protein_0240,protein_0185,0.10869565217391304
protein_0240,protein_0187,0.6206896551724138
protein_0240,protein_0188,0.20212765957446807
protein_0240,protein_0189,0.3258426966292135
protein_0240,protein_0190,0.3218390804597701
protein_0240,protein_0191,0.33707865168539325
protein_0240,protein_0192,0.5172413793103449
protein_0240,protein_0193,0.3448275862068966
protein_0240,protein_0194,0.20689655172413793
protein_0240,protein_0195,0.3333333333333333
protein_0240,protein_0196,0.3448275862068966
protein_0240,protein_0197,0.3103448275862069
protein_0240,protein_0198,0.32954545454545453
protein_0240,protein_0199,0.2777777777777778
protein_0240,protein_0200,0.3103448275862069
protein_0240,protein_0201,0.18095238095238095
protein_0240,protein_0202,0.3793103448275862
protein_0240,protein_0203,0.1487603305785124
protein_0240,protein_0204,0.14942528735632185
protein_0240,protein_0205,0.10900473933649289
protein_0240,protein_0207,0.11965811965811966
protein_0240,protein_0208,0.14782608695652175
protein_0240,protein_0209,0.2840909090909091
protein_0240,protein_0210,0.2988505747126437
protein_0240,protein_0211,0.1308411214953271
protein_0240,protein_0212,0.11320754716981132
protein_0240,protein_0213,0.3793103448275862
protein_0240,protein_0214,0.15217391304347827
protein_0240,protein_0215,0.10344827586206896
protein_0240,protein_0216,0.16831683168316833
protein_0240,protein_0217,0.16129032258064516
protein_0240,protein_0218,0.112
protein_0240,protein_0219,0.13445378151260504
protein_0240,protein_0220,0.3626373626373626
protein_0240,protein_0222,0.28735632183908044
protein_0240,protein_0223,0.12643678160919541
protein_0240,protein_0224,0.14942528735632185
protein_0240,protein_0225,0.1875
protein_0240,protein_0226,0.1509433962264151
protein_0240,protein_0227,0.14
protein_0240,protein_0228,0.18085106382978725
protein_0240,protein_0229,0.13829787234042554
protein_0240,protein_0230,0.23595505617977527
protein_0240,protein_0231,0.4367816091954023
protein_0240,protein_0232,0.16853932584269662
protein_0240,protein_0233,0.13385826771653545
protein_0240,protein_0234,0.13274336283185842
protein_0240,protein_0235,0.15555555555555556
protein_0240,protein_0236,0.28735632183908044
protein_0240,protein_0237,0.28735632183908044
protein_0240,protein_0238,0.08396946564885496
protein_0240,protein_0239,0.7931034482758621
protein_0240,protein_0241,0.7241379310344828
protein_0240,protein_0243,0.6781609195402298
protein_0240,protein_0245,0.15441176470588236
protein_0240,protein_0246,0.1836734693877551
protein_0240,protein_0247,0.22826086956521738
protein_0240,protein_0248,0.47126436781609193
protein_0240,protein_0250,0.17
protein_0240,protein_0251,0.13592233009708737
protein_0240,protein_0252,0.20388349514563106
protein_0240,protein_0253,0.1391304347826087
protein_0240,protein_0255,0.11931818181818182
protein_0240,protein_0256,0.12264150943396226
protein_0240,protein_0257,0.1320754716981132
protein_0240,protein_0258,0.3522727272727273
protein_0240,protein_0259,0.13636363636363635
protein_0240,protein_0260,0.13636363636363635
protein_0240,protein_0261,0.14414414414414414
protein_0240,protein_0262,0.1223021582733813
protein_0240,protein_0263,0.15328467153284672
protein_0240,protein_0264,0.3103448275862069
protein_0240,protein_0265,0.3103448275862069
protein_0240,protein_0266,0.18446601941747573
protein_0240,protein_0267,0.18556701030927836
protein_0240,protein_0268,0.13829787234042554
protein_0240,protein_0269,0.10833333333333334
protein_0240,protein_0270,0.14606741573033707
protein_0240,protein_0271,0.17391304347826086
protein_0240,protein_0273,0.3333333333333333
protein_0240,protein_0274,0.2777777777777778
protein_0240,protein_0275,0.16037735849056603
protein_0240,protein_0276,0.36363636363636365
protein_0240,protein_0277,0.14942528735632185
protein_0240,protein_0278,0.2111111111111111
protein_0240,protein_0279,0.3563218390804598
protein_0240,protein_0280,0.3448275862068966
protein_0240,protein_0281,0.11864406779661017
protein_0240,protein_0282,0.13978494623655913
protein_0240,protein_0283,0.09174311926605505
protein_0240,protein_0284,0.1797752808988764
protein_0240,protein_0285,0.2988505747126437
protein_0240,protein_0286,0.1590909090909091
protein_0240,protein_0287,0.23148148148148148
protein_0240,protein_0288,0.5057471264367817
protein_0240,protein_0289,0.1839080459770115
protein_0240,protein_0291,0.22988505747126436
protein_0240,protein_0292,0.20454545454545456
protein_0240,protein_0293,0.2840909090909091
protein_0240,protein_0294,0.22988505747126436
protein_0240,protein_0295,0.14942528735632185
protein_0240,protein_0297,0.1839080459770115
protein_0240,protein_0299,0.125
protein_0240,protein_0300,0.16666666666666666
protein_0240,protein_0301,0.15384615384615385
protein_0240,protein_0302,0.11059907834101383
protein_0240,protein_0303,0.1839080459770115
protein_0240,protein_0305,0.1595744680851064
protein_0240,protein_0306,0.15126050420168066
protein_0240,protein_0307,0.13333333333333333
protein_0240,protein_0308,0.13559322033898305
protein_0240,protein_0309,0.14893617021276595
protein_0240,protein_0311,0.4606741573033708
protein_0240,protein_0312,0.4367816091954023
protein_0240,protein_0313,0.2967032967032967
protein_0240,protein_0314,0.1717171717171717
protein_0240,protein_0315,0.19008264462809918
protein_0240,protein_0316,0.14942528735632185
protein_0240,protein_0317,0.18
protein_0240,protein_0319,0.3448275862068966
protein_0240,protein_0320,0.5747126436781609
protein_0240,protein_0321,0.14444444444444443
protein_0240,protein_0323,0.2988505747126437
protein_0240,protein_0324,0.1111111111111111
protein_0240,protein_0325,0.12307692307692308
protein_0240,protein_0326,0.17708333333333334
protein_0240,protein_0327,0.28735632183908044
protein_0240,protein_0328,0.14912280701754385
protein_0240,protein_0329,0.14912280701754385
protein_0240,protein_0330,0.25287356321839083
protein_0240,protein_0332,0.23595505617977527
protein_0240,protein_0333,0.21839080459770116
protein_0240,protein_0334,0.18888888888888888
protein_0240,protein_0335,0.1320754716981132
protein_0240,protein_0336,0.14942528735632185
protein_0240,protein_0337,0.3111111111111111
protein_0240,protein_0338,0.2696629213483146
protein_0240,protein_0339,0.21978021978021978
protein_0240,protein_0340,0.14285714285714285
protein_0240,protein_0341,0.22857142857142856
protein_0240,protein_0342,0.13793103448275862
protein_0240,protein_0343,0.14772727272727273
protein_0240,protein_0344,0.3333333333333333
protein_0240,protein_0345,0.15254237288135594
protein_0240,protein_0346,0.15254237288135594
protein_0240,protein_0347,0.1839080459770115
protein_0240,protein_0348,0.11304347826086956
protein_0240,protein_0349,0.15454545454545454
protein_0240,protein_0350,0.3218390804597701
protein_0240,protein_0351,0.3563218390804598
protein_0240,protein_0352,0.1724137931034483
protein_0240,protein_0353,0.1557377049180328
protein_0240,protein_0354,0.26595744680851063
protein_0240,protein_0355,0.2988505747126437
protein_0240,protein_0356,0.13793103448275862
protein_0240,protein_0357,0.15079365079365079
protein_0240,protein_0358,0.3218390804597701
protein_0240,protein_0359,0.144
protein_0240,protein_0360,0.3333333333333333
protein_0240,protein_0361,0.1111111111111111
protein_0240,protein_0362,0.19318181818181818
protein_0240,protein_0363,0.19318181818181818
protein_0240,protein_0364,0.18181818181818182
protein_0240,protein_0365,0.20689655172413793
protein_0240,protein_0366,0.19540229885057472
protein_0240,protein_0368,0.18888888888888888
protein_0240,protein_0369,0.15384615384615385
protein_0240,protein_0370,0.3333333333333333
protein_0240,protein_0371,0.3218390804597701
protein_0240,protein_0372,0.0963302752293578
protein_0240,protein_0373,0.14018691588785046
protein_0240,protein_0374,0.17355371900826447
protein_0240,protein_0375,0.3448275862068966
protein_0240,protein_0376,0.14912280701754385
protein_0240,protein_0377,0.38461538461538464
protein_0240,protein_0378,0.17857142857142858
protein_0240,protein_0380,0.14736842105263157
protein_0240,protein_0381,0.14736842105263157
protein_0240,protein_0382,0.3
protein_0240,protein_0383,0.14942528735632185
protein_0240,protein_0384,0.3448275862068966
protein_0240,protein_0385,0.17592592592592593
protein_0240,protein_0386,0.12121212121212122
protein_0240,protein_0387,0.15151515151515152
protein_0240,protein_0388,0.12244897959183673
protein_0240,protein_0390,0.3448275862068966
protein_0240,protein_0391,0.20652173913043478
protein_0240,protein_0392,0.6896551724137931
protein_0240,protein_0393,0.6781609195402298
protein_0240,protein_0394,0.19827586206896552
protein_0240,protein_0395,0.12087912087912088
protein_0240,protein_0396,0.15517241379310345
protein_0240,protein_0397,0.3448275862068966
protein_0240,protein_0398,0.15789473684210525
protein_0240,protein_0399,0.367816091954023
protein_0242,protein_0000,0.14130434782608695
protein_0242,protein_0001,0.28855532342473983
protein_0242,protein_0002,0.1728395061728395
protein_0242,protein_0003,0.12643678160919541
protein_0242,protein_0004,0.16304347826086957
protein_0242,protein_0005,0.13095238095238096
protein_0242,protein_0006,0.13636363636363635
protein_0242,protein_0007,0.3328166915052161
protein_0242,protein_0008,0.1919191919191919
protein_0242,protein_0009,0.16483516483516483
protein_0242,protein_0010,0.1839080459770115
protein_0242,protein_0011,0.14444444444444443
protein_0242,protein_0013,0.1506849315068493
protein_0242,protein_0014,0.12190457795486573
protein_0242,protein_0015,0.19
protein_0242,protein_0016,0.18181818181818182
protein_0242,protein_0017,0.1484375
protein_0242,protein_0018,0.14130434782608695
protein_0242,protein_0019,0.2621998570092944
protein_0242,protein_0020,0.16091954022988506
protein_0242,protein_0021,0.14634146341463414
protein_0242,protein_0022,0.153921568627451
protein_0242,protein_0023,0.16726859283039058
protein_0242,protein_0024,0.13675213675213677
protein_0242,protein_0025,0.14285714285714285
protein_0242,protein_0026,0.13740458015267176
protein_0242,protein_0027,0.13202614379084968
protein_0242,protein_0030,0.13445378151260504
protein_0242,protein_0031,0.17307692307692307
protein_0242,protein_0032,0.14942528735632185
protein_0242,protein_0033,0.14942528735632185
protein_0242,protein_0034,0.16666666666666666
protein_0242,protein_0036,0.3680907442341017
protein_0242,protein_0037,0.13843813387423937
protein_0242,protein_0038,0.13843813387423937
protein_0242,protein_0039,0.15384615384615385
protein_0242,protein_0040,0.18055555555555555
protein_0242,protein_0042,0.12087912087912088
protein_0242,protein_0043,0.14285714285714285
protein_0242,protein_0045,0.15555555555555556
protein_0242,protein_0046,0.32477927396257705
protein_0242,protein_0047,0.13793103448275862
protein_0242,protein_0048,0.14942528735632185
protein_0242,protein_0049,0.13636363636363635
protein_0242,protein_0050,0.18181818181818182
protein_0242,protein_0052,0.14942528735632185
protein_0242,protein_0053,0.16091954022988506
protein_0242,protein_0054,0.13675213675213677
protein_0242,protein_0055,0.15254237288135594
protein_0242,protein_0056,0.11288461538461539
protein_0242,protein_0057,0.3290689105208161
protein_0242,protein_0058,0.1917808219178082
protein_0242,protein_0059,0.14772727272727273
protein_0242,protein_0060,0.13866823575561438
protein_0242,protein_0061,0.13043478260869565
protein_0242,protein_0062,0.16091954022988506
protein_0242,protein_0063,0.08450704225352113
protein_0242,protein_0064,0.16666666666666666
protein_0242,protein_0066,0.15
protein_0242,protein_0067,0.13953488372093023
protein_0242,protein_0068,0.16091954022988506
protein_0242,protein_0069,0.16091954022988506
protein_0242,protein_0070,0.13793103448275862
protein_0242,protein_0071,0.14942528735632185
protein_0242,protein_0072,0.3506282735689977
protein_0242,protein_0073,0.13978494623655913
protein_0242,protein_0075,0.12185567010309278
protein_0242,protein_0076,0.2
protein_0242,protein_0077,0.14606741573033707
protein_0242,protein_0078,0.12871287128712872
protein_0242,protein_0079,0.12871287128712872
protein_0242,protein_0080,0.12359550561797752
protein_0242,protein_0081,0.12643678160919541
protein_0242,protein_0082,0.18269230769230768
protein_0242,protein_0084,0.16987718164188753
protein_0242,protein_0086,0.16
protein_0242,protein_0087,0.4104394533967883
protein_0242,protein_0088,0.13333333333333333
protein_0242,protein_0089,0.11073247160203681
protein_0242,protein_0090,0.11106719367588933
protein_0242,protein_0091,0.1415929203539823
protein_0242,protein_0092,0.1415929203539823
protein_0242,protein_0093,0.1566265060240964
protein_0242,protein_0094,0.14035087719298245
protein_0242,protein_0096,0.1717171717171717
protein_0242,protein_0097,0.16091954022988506
protein_0242,protein_0098,0.14942528735632185
protein_0242,protein_0099,0.12876336177307052
protein_0242,protein_0100,0.3417421827665236
protein_0242,protein_0101,0.13793103448275862
protein_0242,protein_0102,0.13043478260869565
protein_0242,protein_0103,0.12643678160919541
protein_0242,protein_0104,0.11965811965811966
protein_0242,protein_0105,0.1643835616438356
protein_0242,protein_0106,0.14534793414103758
protein_0242,protein_0108,0.15476190476190477
protein_0242,protein_0109,0.25124189191853474
protein_0242,protein_0110,0.15053763440860216
protein_0242,protein_0111,0.13793103448275862
protein_0242,protein_0112,0.15384615384615385
protein_0242,protein_0113,0.14942528735632185
protein_0242,protein_0114,0.14942528735632185
protein_0242,protein_0115,0.1951219512195122
protein_0242,protein_0116,0.11156299840510367
protein_0242,protein_0117,0.11156299840510367
protein_0242,protein_0118,0.29897054474478024
protein_0242,protein_0119,0.15
protein_0242,protein_0120,0.16091954022988506
protein_0242,protein_0121,0.16091954022988506
protein_0242,protein_0122,0.1381118881118881
protein_0242,protein_0123,0.2500976522909108
protein_0242,protein_0124,0.16091954022988506
protein_0242,protein_0125,0.17346938775510204
protein_0242,protein_0126,0.16161616161616163
protein_0242,protein_0128,0.12643678160919541
protein_0242,protein_0129,0.14444444444444443
protein_0242,protein_0130,0.1158102766798419
protein_0242,protein_0131,0.1763888888888889
protein_0242,protein_0132,0.14150943396226415
protein_0242,protein_0134,0.12790697674418605
protein_0242,protein_0135,0.1566265060240964
protein_0242,protein_0136,0.13793103448275862
protein_0242,protein_0137,0.1282051282051282
protein_0242,protein_0138,0.1282051282051282
protein_0242,protein_0139,0.25638417989203865
protein_0242,protein_0140,0.14942528735632185
protein_0242,protein_0141,0.14466783216783216
protein_0242,protein_0143,0.13793103448275862
protein_0242,protein_0144,0.17045454545454544
protein_0242,protein_0145,0.3418181818181818
protein_0242,protein_0146,0.14864864864864866
protein_0242,protein_0147,0.12643678160919541
protein_0242,protein_0148,0.14942528735632185
protein_0242,protein_0149,0.3304809926573101
protein_0242,protein_0150,0.1511627906976744
protein_0242,protein_0151,0.14736842105263157
protein_0242,protein_0152,0.3238644638719601
protein_0242,protein_0153,0.1455859199280252
protein_0242,protein_0154,0.14346225813747868
protein_0242,protein_0155,0.08547008547008547
protein_0242,protein_0156,0.12149532710280374
protein_0242,protein_0157,0.1276595744680851
protein_0242,protein_0158,0.3832323964068386
protein_0242,protein_0160,0.1724137931034483
protein_0242,protein_0161,0.1111111111111111
protein_0242,protein_0162,0.16049382716049382
protein_0242,protein_0163,0.12
protein_0242,protein_0164,0.14942528735632185
protein_0242,protein_0165,0.4154058230318803
protein_0242,protein_0166,0.1590909090909091
protein_0242,protein_0167,0.11391625615763547
protein_0242,protein_0168,0.11391625615763547
protein_0242,protein_0169,0.13559322033898305
protein_0242,protein_0171,0.1590909090909091
protein_0242,protein_0172,0.1282051282051282
protein_0242,protein_0173,0.1724137931034483
protein_0242,protein_0174,0.1724137931034483
protein_0242,protein_0175,0.17045454545454544
protein_0242,protein_0176,0.2701689205196661
protein_0242,protein_0177,0.2999521789413676
protein_0242,protein_0179,0.1206896551724138
protein_0242,protein_0180,0.13793103448275862
protein_0242,protein_0181,0.13793103448275862
protein_0242,protein_0182,0.13793103448275862
protein_0242,protein_0183,0.18811881188118812
protein_0242,protein_0185,0.13186813186813187
protein_0242,protein_0187,0.14942528735632185
protein_0242,protein_0188,0.38205577946957253
protein_0242,protein_0189,0.15730337078651685
protein_0242,protein_0190,0.1839080459770115
protein_0242,protein_0191,0.1724137931034483
protein_0242,protein_0192,0.1686746987951807
protein_0242,protein_0193,0.13793103448275862
protein_0242,protein_0194,0.15730337078651685
protein_0242,protein_0195,0.13793103448275862
protein_0242,protein_0196,0.14942528735632185
protein_0242,protein_0197,0.1511627906976744
protein_0242,protein_0198,0.16091954022988506
protein_0242,protein_0199,0.14444444444444443
protein_0242,protein_0200,0.13793103448275862
protein_0242,protein_0201,0.13725490196078433
protein_0242,protein_0202,0.14942528735632185
protein_0242,protein_0203,0.1271186440677966
protein_0242,protein_0204,0.3184062035967662
protein_0242,protein_0205,0.09433962264150944
protein_0242,protein_0207,0.13445378151260504
protein_0242,protein_0208,0.13329646017699115
protein_0242,protein_0209,0.14772727272727273
protein_0242,protein_0210,0.18604651162790697
protein_0242,protein_0211,0.13071428571428573
protein_0242,protein_0212,0.17567567567567569
protein_0242,protein_0213,0.11494252873563218
protein_0242,protein_0214,0.21333333333333335
protein_0242,protein_0215,0.14925373134328357
protein_0242,protein_0216,0.14736842105263157
protein_0242,protein_0217,0.13253012048192772
protein_0242,protein_0218,0.12
protein_0242,protein_0219,0.15
protein_0242,protein_0220,0.16091954022988506
protein_0242,protein_0222,0.13953488372093023
protein_0242,protein_0223,0.19047619047619047
protein_0242,protein_0224,0.23383788128133493
protein_0242,protein_0225,0.1724137931034483
protein_0242,protein_0226,0.13333333333333333
protein_0242,protein_0227,0.16216216216216217
protein_0242,protein_0228,0.12049062049062048
protein_0242,protein_0229,0.13253012048192772
protein_0242,protein_0230,0.14772727272727273
protein_0242,protein_0231,0.1724137931034483
protein_0242,protein_0232,0.35529962230352596
protein_0242,protein_0233,0.13385826771653545
protein_0242,protein_0234,0.1919191919191919
protein_0242,protein_0235,0.11621154226848791
protein_0242,protein_0236,0.14332388600220436
protein_0242,protein_0237,0.14332388600220436
protein_0242,protein_0238,0.1297709923664122
protein_0242,protein_0239,0.16853932584269662
protein_0242,protein_0241,0.14942528735632185
protein_0242,protein_0243,0.1839080459770115
protein_0242,protein_0245,0.11724452554744526
protein_0242,protein_0246,0.1978021978021978
protein_0242,protein_0247,0.13991560146726748
protein_0242,protein_0248,0.14942528735632185
protein_0242,protein_0250,0.11810247747747749
protein_0242,protein_0251,0.13978494623655913
protein_0242,protein_0252,0.16666666666666666
protein_0242,protein_0253,0.13274336283185842
protein_0242,protein_0255,0.10795454545454546
protein_0242,protein_0256,0.1414141414141414
protein_0242,protein_0257,0.16161616161616163
protein_0242,protein_0258,0.1744186046511628
protein_0242,protein_0259,0.34156739811912223
protein_0242,protein_0260,0.34156739811912223
protein_0242,protein_0261,0.1717171717171717
protein_0242,protein_0262,0.11851851851851852
protein_0242,protein_0263,0.125
protein_0242,protein_0264,0.13636363636363635
protein_0242,protein_0265,0.13636363636363635
protein_0242,protein_0266,0.1361431170406307
protein_0242,protein_0267,0.14942528735632185
protein_0242,protein_0268,0.14634146341463414
protein_0242,protein_0269,0.11206896551724138
protein_0242,protein_0270,0.19718309859154928
protein_0242,protein_0271,0.5058101327789446
protein_0242,protein_0273,0.13226495726495727
protein_0242,protein_0274,0.14130434782608695
protein_0242,protein_0275,0.1717171717171717
protein_0242,protein_0276,0.14942528735632185
protein_0242,protein_0277,0.2841990556328124
protein_0242,protein_0278,0.15555555555555556
protein_0242,protein_0279,0.15294117647058825
protein_0242,protein_0280,0.18518518518518517
protein_0242,protein_0281,0.11607142857142858
protein_0242,protein_0282,0.16
protein_0242,protein_0283,0.08636363636363636
protein_0242,protein_0284,0.1286342123056119
protein_0242,protein_0285,0.18181818181818182
protein_0242,protein_0286,0.31518698397280237
protein_0242,protein_0287,0.12727272727272726
protein_0242,protein_0288,0.175
protein_0242,protein_0289,0.14411707695289785
protein_0242,protein_0291,0.10458107293550331
protein_0242,protein_0292,0.3493416927899687
protein_0242,protein_0293,0.1590909090909091
protein_0242,protein_0294,0.11029968624905334
protein_0242,protein_0295,0.349870758400704
protein_0242,protein_0297,0.35060625776305676
protein_0242,protein_0299,0.16933497536945813
protein_0242,protein_0300,0.142495126705653
protein_0242,protein_0301,0.14159178433889602
protein_0242,protein_0302,0.09216589861751152
protein_0242,protein_0303,0.16216216216216217
protein_0242,protein_0305,0.12851227447500738
protein_0242,protein_0306,0.15254237288135594
protein_0242,protein_0307,0.13559322033898305
protein_0242,protein_0308,0.11304347826086956
protein_0242,protein_0309,0.14325396825396824
protein_0242,protein_0311,0.14942528735632185
protein_0242,protein_0312,0.11494252873563218
protein_0242,protein_0313,0.11713995943204869
protein_0242,protein_0314,0.1509433962264151
protein_0242,protein_0315,0.11504424778761062
protein_0242,protein_0316,0.25123817749437494
protein_0242,protein_0317,0.14
protein_0242,protein_0319,0.14606741573033707
protein_0242,protein_0320,0.19540229885057472
protein_0242,protein_0321,0.14772727272727273
protein_0242,protein_0323,0.14285714285714285
protein_0242,protein_0324,0.2112676056338028
protein_0242,protein_0325,0.11492361927144537
protein_0242,protein_0326,0.1518987341772152
protein_0242,protein_0327,0.14942528735632185
protein_0242,protein_0328,0.1388888888888889
protein_0242,protein_0329,0.1388888888888889
protein_0242,protein_0330,0.13793103448275862
protein_0242,protein_0332,0.1325732540207094
protein_0242,protein_0333,0.11229946524064172
protein_0242,protein_0334,0.17582417582417584
protein_0242,protein_0335,0.2079207920792079
protein_0242,protein_0336,0.2671630975556998
protein_0242,protein_0337,0.135632183908046
protein_0242,protein_0338,0.16853932584269662
protein_0242,protein_0339,0.27302425182711454
protein_0242,protein_0340,0.17
protein_0242,protein_0341,0.16346153846153846
protein_0242,protein_0342,0.20833333333333334
protein_0242,protein_0343,0.14017094017094017
protein_0242,protein_0344,0.1724137931034483
protein_0242,protein_0345,0.15037593984962405
protein_0242,protein_0346,0.15037593984962405
protein_0242,protein_0347,0.29811160572148404
protein_0242,protein_0348,0.12931034482758622
protein_0242,protein_0349,0.12
protein_0242,protein_0350,0.14942528735632185
protein_0242,protein_0351,0.1839080459770115
protein_0242,protein_0352,0.2999521789413676
protein_0242,protein_0353,0.12295839753466872
protein_0242,protein_0354,0.17045454545454544
protein_0242,protein_0355,0.14237419105573262
protein_0242,protein_0356,0.26294573440628854
protein_0242,protein_0357,0.1
protein_0242,protein_0358,0.14942528735632185
protein_0242,protein_0359,0.12605042016806722
protein_0242,protein_0360,0.13793103448275862
protein_0242,protein_0361,0.11864406779661017
protein_0242,protein_0362,0.14942528735632185
protein_0242,protein_0363,0.14942528735632185
protein_0242,protein_0364,0.13636363636363635
protein_0242,protein_0365,0.16470588235294117
protein_0242,protein_0366,0.15294117647058825
protein_0242,protein_0368,0.20454545454545456
protein_0242,protein_0369,0.16
protein_0242,protein_0370,0.1724137931034483
protein_0242,protein_0371,0.1744186046511628
protein_0242,protein_0372,0.08636363636363636
protein_0242,protein_0373,0.13861386138613863
protein_0242,protein_0374,0.12605042016806722
protein_0242,protein_0375,0.16666666666666666
protein_0242,protein_0376,0.18181818181818182
protein_0242,protein_0377,0.12222222222222222
protein_0242,protein_0378,0.1588785046728972
protein_0242,protein_0380,0.15175070363335516
protein_0242,protein_0381,0.15175070363335516
protein_0242,protein_0382,0.11486185383244207
protein_0242,protein_0383,0.31071442054809767
protein_0242,protein_0384,0.13793103448275862
protein_0242,protein_0385,0.2
protein_0242,protein_0386,0.1792452830188679
protein_0242,protein_0387,0.10526315789473684
protein_0242,protein_0388,0.26024200891199945
protein_0242,protein_0390,0.12643678160919541
protein_0242,protein_0391,0.14130434782608695
protein_0242,protein_0392,0.18478260869565216
protein_0242,protein_0393,0.17391304347826086
protein_0242,protein_0394,0.13157894736842105
protein_0242,protein_0395,0.15730337078651685
protein_0242,protein_0396,0.10526315789473684
protein_0242,protein_0397,0.13253012048192772
protein_0242,protein_0398,0.14504640621627457
protein_0242,protein_0399,0.13793103448275862
protein_0244,protein_0000,0.15555555555555556
protein_0244,protein_0001,0.1607142857142857
protein_0244,protein_0002,0.2804878048780488
protein_0244,protein_0003,0.12643678160919541
protein_0244,protein_0004,0.17777777777777778
protein_0244,protein_0005,0.2261904761904762
protein_0244,protein_0006,0.14772727272727273
protein_0244,protein_0007,0.17205882352941176
protein_0244,protein_0008,0.18867924528301888
protein_0244,protein_0009,0.15730337078651685
protein_0244,protein_0010,0.17582417582417584
protein_0244,protein_0011,0.14444444444444443
protein_0244,protein_0013,0.16216216216216217
protein_0244,protein_0014,0.13925774599931903
protein_0244,protein_0015,0.16161616161616163
protein_0244,protein_0016,0.20388349514563106
protein_0244,protein_0017,0.15384615384615385
protein_0244,protein_0018,0.13978494623655913
protein_0244,protein_0019,0.16788908765652952
protein_0244,protein_0020,0.16279069767441862
protein_0244,protein_0021,0.23170731707317074
protein_0244,protein_0022,0.18721198156682028
protein_0244,protein_0023,0.14926739926739926
protein_0244,protein_0024,0.15748031496062992
protein_0244,protein_0025,0.15730337078651685
protein_0244,protein_0026,0.12403100775193798
protein_0244,protein_0027,0.1408132530120482
protein_0244,protein_0030,0.12605042016806722
protein_0244,protein_0031,0.13
protein_0244,protein_0032,0.15555555555555556
protein_0244,protein_0033,0.17777777777777778
protein_0244,protein_0034,0.16853932584269662
protein_0244,protein_0036,0.14974182444061962
protein_0244,protein_0037,0.1559819897084048
protein_0244,protein_0038,0.1559819897084048
protein_0244,protein_0039,0.21839080459770116
protein_0244,protein_0040,0.17647058823529413
protein_0244,protein_0042,0.15555555555555556
protein_0244,protein_0043,0.16091954022988506
protein_0244,protein_0045,0.15151515151515152
protein_0244,protein_0046,0.17476547842401502
protein_0244,protein_0047,0.16483516483516483
protein_0244,protein_0048,0.18181818181818182
protein_0244,protein_0049,0.1797752808988764
protein_0244,protein_0050,0.1919191919191919
protein_0244,protein_0052,0.15555555555555556
protein_0244,protein_0053,0.15151515151515152
protein_0244,protein_0054,0.13675213675213677
protein_0244,protein_0055,0.15254237288135594
protein_0244,protein_0056,0.13318181818181818
protein_0244,protein_0057,0.17185741088180112
protein_0244,protein_0058,0.17647058823529413
protein_0244,protein_0059,0.12643678160919541
protein_0244,protein_0060,0.13261183261183263
protein_0244,protein_0061,0.2222222222222222
protein_0244,protein_0062,0.17582417582417584
protein_0244,protein_0063,0.107981220657277
protein_0244,protein_0064,0.16091954022988506
protein_0244,protein_0066,0.15454545454545454
protein_0244,protein_0067,0.18681318681318682
protein_0244,protein_0068,0.14606741573033707
protein_0244,protein_0069,0.1839080459770115
protein_0244,protein_0070,0.18181818181818182
protein_0244,protein_0071,0.15555555555555556
protein_0244,protein_0072,0.14795552367288378
protein_0244,protein_0073,0.12643678160919541
protein_0244,protein_0075,0.1605992268041237
protein_0244,protein_0076,0.1951219512195122
protein_0244,protein_0077,0.16666666666666666
protein_0244,protein_0078,0.20192307692307693
protein_0244,protein_0079,0.20192307692307693
protein_0244,protein_0080,0.14942528735632185
protein_0244,protein_0081,0.1839080459770115
protein_0244,protein_0082,0.17142857142857143
protein_0244,protein_0084,0.1557192807192807
protein_0244,protein_0086,0.16666666666666666
protein_0244,protein_0087,0.15129573170731708
protein_0244,protein_0088,0.14942528735632185
protein_0244,protein_0089,0.12885375494071144
protein_0244,protein_0090,0.11026243634939287
protein_0244,protein_0091,0.12931034482758622
protein_0244,protein_0092,0.12931034482758622
protein_0244,protein_0093,0.14457831325301204
protein_0244,protein_0094,0.14655172413793102
protein_0244,protein_0096,0.1941747572815534
protein_0244,protein_0097,0.1724137931034483
protein_0244,protein_0098,0.1797752808988764
protein_0244,protein_0099,0.15527065527065526
protein_0244,protein_0100,0.13970588235294118
protein_0244,protein_0101,0.12643678160919541
protein_0244,protein_0102,0.18181818181818182
protein_0244,protein_0103,0.16666666666666666
protein_0244,protein_0104,0.14516129032258066
protein_0244,protein_0105,0.14634146341463414
protein_0244,protein_0106,0.14614079102715466
protein_0244,protein_0108,0.17391304347826086
protein_0244,protein_0109,0.14745011086474502
protein_0244,protein_0110,0.1590909090909091
protein_0244,protein_0111,0.16091954022988506
protein_0244,protein_0112,0.15841584158415842
protein_0244,protein_0113,0.21839080459770116
protein_0244,protein_0114,0.17894736842105263
protein_0244,protein_0115,0.13953488372093023
protein_0244,protein_0116,0.15922619047619047
protein_0244,protein_0117,0.15922619047619047
protein_0244,protein_0118,0.15798226164079823
protein_0244,protein_0119,0.14
protein_0244,protein_0120,0.17045454545454544
protein_0244,protein_0121,0.17045454545454544
protein_0244,protein_0122,0.15327530409552503
protein_0244,protein_0123,0.1505278485620677
protein_0244,protein_0124,0.18181818181818182
protein_0244,protein_0125,0.1553398058252427
protein_0244,protein_0126,0.16666666666666666
protein_0244,protein_0128,0.14942528735632185
protein_0244,protein_0129,0.125
protein_0244,protein_0130,0.133201581027668
protein_0244,protein_0131,0.16769278128366938
protein_0244,protein_0132,0.21495327102803738
protein_0244,protein_0134,0.17582417582417584
protein_0244,protein_0135,0.1511627906976744
protein_0244,protein_0136,0.14655172413793102
protein_0244,protein_0137,0.12396694214876033
protein_0244,protein_0138,0.12396694214876033
protein_0244,protein_0139,0.15354767184035478
protein_0244,protein_0140,0.21739130434782608
protein_0244,protein_0141,0.127789046653144
protein_0244,protein_0143,0.16091954022988506
protein_0244,protein_0144,0.16853932584269662
protein_0244,protein_0145,0.1634908536585366
protein_0244,protein_0146,0.16883116883116883
protein_0244,protein_0147,0.17708333333333334
protein_0244,protein_0148,0.16666666666666666
protein_0244,protein_0149,0.15129573170731708
protein_0244,protein_0150,0.15555555555555556
protein_0244,protein_0151,0.18478260869565216
protein_0244,protein_0152,0.16143011917659805
protein_0244,protein_0153,0.1380813953488372
protein_0244,protein_0154,0.11915015790984783
protein_0244,protein_0155,0.13445378151260504
protein_0244,protein_0156,0.1388888888888889
protein_0244,protein_0157,0.21428571428571427
protein_0244,protein_0158,0.14969082789419444
protein_0244,protein_0160,0.14772727272727273
protein_0244,protein_0161,0.13709677419354838
protein_0244,protein_0162,0.15730337078651685
protein_0244,protein_0163,0.14
protein_0244,protein_0164,0.1724137931034483
protein_0244,protein_0165,0.14204545454545456
protein_0244,protein_0166,0.13793103448275862
protein_0244,protein_0167,0.13021778584392013
protein_0244,protein_0168,0.13906533575317603
protein_0244,protein_0169,0.14285714285714285
protein_0244,protein_0171,0.16853932584269662
protein_0244,protein_0172,0.13934426229508196
protein_0244,protein_0173,0.14942528735632185
protein_0244,protein_0174,0.14942528735632185
protein_0244,protein_0175,0.13978494623655913
protein_0244,protein_0176,0.16381668946648426
protein_0244,protein_0177,0.15677668539325842
protein_0244,protein_0179,0.11504424778761062
protein_0244,protein_0180,0.14606741573033707
protein_0244,protein_0181,0.15555555555555556
protein_0244,protein_0182,0.18181818181818182
protein_0244,protein_0183,0.1919191919191919
protein_0244,protein_0185,0.21839080459770116
protein_0244,protein_0187,0.14942528735632185
protein_0244,protein_0188,0.17515870364183095
protein_0244,protein_0189,0.15053763440860216
protein_0244,protein_0190,0.14444444444444443
protein_0244,protein_0191,0.1797752808988764
protein_0244,protein_0192,0.16091954022988506
protein_0244,protein_0193,0.17582417582417584
protein_0244,protein_0194,0.17045454545454544
protein_0244,protein_0195,0.14942528735632185
protein_0244,protein_0196,0.1839080459770115
protein_0244,protein_0197,0.16279069767441862
protein_0244,protein_0198,0.17204301075268819
protein_0244,protein_0199,0.16483516483516483
protein_0244,protein_0200,0.15384615384615385
protein_0244,protein_0201,0.16037735849056603
protein_0244,protein_0202,0.13333333333333333
protein_0244,protein_0203,0.13333333333333333
protein_0244,protein_0204,0.16206308610400683
protein_0244,protein_0205,0.12322274881516587
protein_0244,protein_0207,0.12195121951219512
protein_0244,protein_0208,0.13191045494664205
protein_0244,protein_0209,0.1724137931034483
protein_0244,protein_0210,0.18823529411764706
protein_0244,protein_0211,0.1496837183718372
protein_0244,protein_0212,0.15476190476190477
protein_0244,protein_0213,0.18556701030927836
protein_0244,protein_0214,0.11702127659574468
protein_0244,protein_0215,0.17857142857142858
protein_0244,protein_0216,0.15789473684210525
protein_0244,protein_0217,0.25301204819277107
protein_0244,protein_0218,0.13953488372093023
protein_0244,protein_0219,0.14285714285714285
protein_0244,protein_0220,0.19101123595505617
protein_0244,protein_0222,0.18181818181818182
protein_0244,protein_0223,0.1527777777777778
protein_0244,protein_0224,0.14407703488372092
protein_0244,protein_0225,0.20238095238095238
protein_0244,protein_0226,0.3020833333333333
protein_0244,protein_0227,0.13095238095238096
protein_0244,protein_0228,0.12506459948320414
protein_0244,protein_0229,0.15853658536585366
protein_0244,protein_0230,0.18181818181818182
protein_0244,protein_0231,0.14772727272727273
protein_0244,protein_0232,0.15354767184035478
protein_0244,protein_0233,0.125
protein_0244,protein_0234,0.13131313131313133
protein_0244,protein_0235,0.1706963249516441
protein_0244,protein_0236,0.13836163836163837
protein_0244,protein_0237,0.13836163836163837
protein_0244,protein_0238,0.15671641791044777
protein_0244,protein_0239,0.16091954022988506
protein_0244,protein_0241,0.13978494623655913
protein_0244,protein_0243,0.14606741573033707
protein_0244,protein_0245,0.13140252078305176
protein_0244,protein_0246,0.17204301075268819
protein_0244,protein_0247,0.162289156626506
protein_0244,protein_0248,0.14606741573033707
protein_0244,protein_0250,0.14540816326530612
protein_0244,protein_0251,0.25842696629213485
protein_0244,protein_0252,0.17857142857142858
protein_0244,protein_0253,0.13274336283185842
protein_0244,protein_0255,0.12790697674418605
protein_0244,protein_0256,0.1346153846153846
protein_0244,protein_0257,0.125
protein_0244,protein_0258,0.13333333333333333
protein_0244,protein_0259,0.16127606928243196
protein_0244,protein_0260,0.16127606928243196
protein_0244,protein_0261,0.1792452830188679
protein_0244,protein_0262,0.1366906474820144
protein_0244,protein_0263,0.1357142857142857
protein_0244,protein_0264,0.21649484536082475
protein_0244,protein_0265,0.21649484536082475
protein_0244,protein_0266,0.1517394054395952
protein_0244,protein_0267,0.15306122448979592
protein_0244,protein_0268,0.14634146341463414
protein_0244,protein_0269,0.15833333333333333
protein_0244,protein_0270,0.13253012048192772
protein_0244,protein_0271,0.14630681818181818
protein_0244,protein_0273,0.15605658709106984
protein_0244,protein_0274,0.17894736842105263
protein_0244,protein_0275,0.2079207920792079
protein_0244,protein_0276,0.20652173913043478
protein_0244,protein_0277,0.14969082789419444
protein_0244,protein_0278,0.22580645161290322
protein_0244,protein_0279,0.15730337078651685
protein_0244,protein_0280,0.14772727272727273
protein_0244,protein_0281,0.1826086956521739
protein_0244,protein_0282,0.11764705882352941
protein_0244,protein_0283,0.11009174311926606
protein_0244,protein_0284,0.14654802744425385
protein_0244,protein_0285,0.13793103448275862
protein_0244,protein_0286,0.1650523975865354
protein_0244,protein_0287,0.19444444444444445
protein_0244,protein_0288,0.16666666666666666
protein_0244,protein_0289,0.14404761904761904
protein_0244,protein_0291,0.1511904761904762
protein_0244,protein_0292,0.17296918767507002
protein_0244,protein_0293,0.15384615384615385
protein_0244,protein_0294,0.1511904761904762
protein_0244,protein_0295,0.15129573170731708
protein_0244,protein_0297,0.14185796269727402
protein_0244,protein_0299,0.21195652173913043
protein_0244,protein_0300,0.15558831412489948
protein_0244,protein_0301,0.15558831412489948
protein_0244,protein_0302,0.10138248847926268
protein_0244,protein_0303,0.1686746987951807
protein_0244,protein_0305,0.15901360544217685
protein_0244,protein_0306,0.1282051282051282
protein_0244,protein_0307,0.13934426229508196
protein_0244,protein_0308,0.12173913043478261
protein_0244,protein_0309,0.18478260869565216
protein_0244,protein_0311,0.14942528735632185
protein_0244,protein_0312,0.1590909090909091
protein_0244,protein_0313,0.12778520499108736
protein_0244,protein_0314,0.16161616161616163
protein_0244,protein_0315,0.13043478260869565
protein_0244,protein_0316,0.15286144578313254
protein_0244,protein_0317,0.17647058823529413
protein_0244,protein_0319,0.14285714285714285
protein_0244,protein_0320,0.1827956989247312
protein_0244,protein_0321,0.2127659574468085
protein_0244,protein_0323,0.17391304347826086
protein_0244,protein_0324,0.18181818181818182
protein_0244,protein_0325,0.13260188087774294
protein_0244,protein_0326,0.1728395061728395
protein_0244,protein_0327,0.1724137931034483
protein_0244,protein_0328,0.15178571428571427
protein_0244,protein_0329,0.15178571428571427
protein_0244,protein_0330,0.22988505747126436
protein_0244,protein_0332,0.13759296822177147
protein_0244,protein_0333,0.1218501326259947
protein_0244,protein_0334,0.1590909090909091
protein_0244,protein_0335,0.11320754716981132
protein_0244,protein_0336,0.1423160173160173
protein_0244,protein_0337,0.13686313686313686
protein_0244,protein_0338,0.1590909090909091
protein_0244,protein_0339,0.17417967505575022
protein_0244,protein_0340,0.1346153846153846
protein_0244,protein_0341,0.125
protein_0244,protein_0342,0.11594202898550725
protein_0244,protein_0343,0.15305522914218567
protein_0244,protein_0344,0.17894736842105263
protein_0244,protein_0345,0.12674216027874563
protein_0244,protein_0346,0.12674216027874563
protein_0244,protein_0347,0.17742987606001304
protein_0244,protein_0348,0.14782608695652175
protein_0244,protein_0349,0.15
protein_0244,protein_0350,0.16842105263157894
protein_0244,protein_0351,0.14942528735632185
protein_0244,protein_0352,0.14896418539325842
protein_0244,protein_0353,0.15225225225225225
protein_0244,protein_0354,0.16842105263157894
protein_0244,protein_0355,0.12862523540489643
protein_0244,protein_0356,0.1302063789868668
protein_0244,protein_0357,0.18548387096774194
protein_0244,protein_0358,0.17894736842105263
protein_0244,protein_0359,0.13333333333333333
protein_0244,protein_0360,0.14606741573033707
protein_0244,protein_0361,0.1746031746031746
protein_0244,protein_0362,0.1702127659574468
protein_0244,protein_0363,0.1702127659574468
protein_0244,protein_0364,0.15217391304347827
protein_0244,protein_0365,0.14893617021276595
protein_0244,protein_0366,0.13829787234042554
protein_0244,protein_0368,0.4878048780487805
protein_0244,protein_0369,0.1794871794871795
protein_0244,protein_0370,0.17894736842105263
protein_0244,protein_0371,0.18181818181818182
protein_0244,protein_0372,0.1050228310502283
protein_0244,protein_0373,0.15178571428571427
protein_0244,protein_0374,0.18333333333333332
protein_0244,protein_0375,0.1702127659574468
protein_0244,protein_0376,0.18627450980392157
protein_0244,protein_0377,0.1839080459770115
protein_0244,protein_0378,0.19090909090909092
protein_0244,protein_0380,0.21046511627906977
protein_0244,protein_0381,0.21046511627906977
protein_0244,protein_0382,0.13185723727693324
protein_0244,protein_0383,0.15069686411149824
protein_0244,protein_0384,0.20224719101123595
protein_0244,protein_0385,0.1717171717171717
protein_0244,protein_0386,0.14705882352941177
protein_0244,protein_0387,0.15463917525773196
protein_0244,protein_0388,0.13289521723256664
protein_0244,protein_0390,0.13793103448275862
protein_0244,protein_0391,0.23333333333333334
protein_0244,protein_0392,0.17391304347826086
protein_0244,protein_0393,0.17045454545454544
protein_0244,protein_0394,0.13043478260869565
protein_0244,protein_0395,0.21649484536082475
protein_0244,protein_0396,0.11811023622047244
protein_0244,protein_0397,0.16483516483516483
protein_0244,protein_0398,0.1408166433783574
protein_0244,protein_0399,0.1590909090909091
protein_0249,protein_0000,0.367816091954023
protein_0249,protein_0001,0.15730337078651685
protein_0249,protein_0002,0.1276595744680851
protein_0249,protein_0003,0.3333333333333333
protein_0249,protein_0004,0.3707865168539326
protein_0249,protein_0005,0.15841584158415842
protein_0249,protein_0006,0.26136363636363635
protein_0249,protein_0007,0.18888888888888888
protein_0249,protein_0008,0.14285714285714285
protein_0249,protein_0009,0.19540229885057472
protein_0249,protein_0010,0.2988505747126437
protein_0249,protein_0011,0.27586206896551724
protein_0249,protein_0013,0.16091954022988506
protein_0249,protein_0014,0.1651376146788991
protein_0249,protein_0015,0.13725490196078433
protein_0249,protein_0016,0.16666666666666666
protein_0249,protein_0017,0.11363636363636363
protein_0249,protein_0018,0.3218390804597701
protein_0249,protein_0019,0.17777777777777778
protein_0249,protein_0020,0.4065934065934066
protein_0249,protein_0021,0.1797752808988764
protein_0249,protein_0022,0.12903225806451613
protein_0249,protein_0023,0.1650485436893204
protein_0249,protein_0024,0.14615384615384616
protein_0249,protein_0025,0.6136363636363636
protein_0249,protein_0026,0.09352517985611511
protein_0249,protein_0027,0.1485148514851485
protein_0249,protein_0030,0.1693548387096774
protein_0249,protein_0031,0.17757009345794392
protein_0249,protein_0032,0.3103448275862069
protein_0249,protein_0033,0.3103448275862069
protein_0249,protein_0034,0.2988505747126437
protein_0249,protein_0036,0.1724137931034483
protein_0249,protein_0037,0.24719101123595505
protein_0249,protein_0038,0.24719101123595505
protein_0249,protein_0039,0.20454545454545456
protein_0249,protein_0040,0.12903225806451613
protein_0249,protein_0042,0.2247191011235955
protein_0249,protein_0043,0.28888888888888886
protein_0249,protein_0045,0.3595505617977528
protein_0249,protein_0046,0.2
protein_0249,protein_0047,0.2840909090909091
protein_0249,protein_0048,0.2840909090909091
protein_0249,protein_0049,0.30337078651685395
protein_0249,protein_0050,0.10576923076923077
protein_0249,protein_0052,0.2988505747126437
protein_0249,protein_0053,0.41379310344827586
protein_0249,protein_0054,0.16666666666666666
protein_0249,protein_0055,0.13445378151260504
protein_0249,protein_0056,0.12745098039215685
protein_0249,protein_0057,0.16091954022988506
protein_0249,protein_0058,0.13978494623655913
protein_0249,protein_0059,0.3
protein_0249,protein_0060,0.13592233009708737
protein_0249,protein_0061,0.17894736842105263
protein_0249,protein_0062,0.3409090909090909
protein_0249,protein_0063,0.1261682242990654
protein_0249,protein_0064,0.40229885057471265
protein_0249,protein_0066,0.14953271028037382
protein_0249,protein_0067,0.2988505747126437
protein_0249,protein_0068,0.26666666666666666
protein_0249,protein_0069,0.3103448275862069
protein_0249,protein_0070,0.1839080459770115
protein_0249,protein_0071,0.27586206896551724
protein_0249,protein_0072,0.14893617021276595
protein_0249,protein_0073,0.26136363636363635
protein_0249,protein_0075,0.1568627450980392
protein_0249,protein_0076,0.12643678160919541
protein_0249,protein_0077,0.3977272727272727
protein_0249,protein_0078,0.14414414414414414
protein_0249,protein_0079,0.14414414414414414
protein_0249,protein_0080,0.28735632183908044
protein_0249,protein_0081,0.3103448275862069
protein_0249,protein_0082,0.19491525423728814
protein_0249,protein_0084,0.26436781609195403
protein_0249,protein_0086,0.17094017094017094
protein_0249,protein_0087,0.12643678160919541
protein_0249,protein_0088,0.3563218390804598
protein_0249,protein_0089,0.1271186440677966
protein_0249,protein_0090,0.13709677419354838
protein_0249,protein_0091,0.12096774193548387
protein_0249,protein_0092,0.12096774193548387
protein_0249,protein_0093,0.27586206896551724
protein_0249,protein_0094,0.1623931623931624
protein_0249,protein_0096,0.1568627450980392
protein_0249,protein_0097,0.29347826086956524
protein_0249,protein_0098,0.3218390804597701
protein_0249,protein_0099,0.11504424778761062
protein_0249,protein_0100,0.21839080459770116
protein_0249,protein_0101,0.2727272727272727
protein_0249,protein_0102,0.22988505747126436
protein_0249,protein_0103,0.20689655172413793
protein_0249,protein_0104,0.15384615384615385
protein_0249,protein_0105,0.10989010989010989
protein_0249,protein_0106,0.13445378151260504
protein_0249,protein_0108,0.27586206896551724
protein_0249,protein_0109,0.1111111111111111
protein_0249,protein_0110,0.29347826086956524
protein_0249,protein_0111,0.21839080459770116
protein_0249,protein_0112,0.18095238095238095
protein_0249,protein_0113,0.26436781609195403
protein_0249,protein_0114,0.3218390804597701
protein_0249,protein_0115,0.3595505617977528
protein_0249,protein_0116,0.1864406779661017
protein_0249,protein_0117,0.1864406779661017
protein_0249,protein_0118,0.2159090909090909
protein_0249,protein_0119,0.17543859649122806
protein_0249,protein_0120,0.45977011494252873
protein_0249,protein_0121,0.45977011494252873
protein_0249,protein_0122,0.24719101123595505
protein_0249,protein_0123,0.13636363636363635
protein_0249,protein_0124,0.4482758620689655
protein_0249,protein_0125,0.15517241379310345
protein_0249,protein_0126,0.17647058823529413
protein_0249,protein_0128,0.4482758620689655
protein_0249,protein_0129,0.19540229885057472
protein_0249,protein_0130,0.16129032258064516
protein_0249,protein_0131,0.13793103448275862
protein_0249,protein_0132,0.22935779816513763
protein_0249,protein_0134,0.3956043956043956
protein_0249,protein_0135,0.4044943820224719
protein_0249,protein_0136,0.1452991452991453
protein_0249,protein_0137,0.15
protein_0249,protein_0138,0.15
protein_0249,protein_0139,0.14130434782608695
protein_0249,protein_0140,0.2988505747126437
protein_0249,protein_0141,0.24719101123595505
protein_0249,protein_0143,0.2988505747126437
protein_0249,protein_0144,0.28735632183908044
protein_0249,protein_0145,0.16091954022988506
protein_0249,protein_0146,0.13043478260869565
protein_0249,protein_0147,0.3448275862068966
protein_0249,protein_0148,0.3563218390804598
protein_0249,protein_0149,0.1590909090909091
protein_0249,protein_0150,0.3956043956043956
protein_0249,protein_0151,0.29347826086956524
protein_0249,protein_0152,0.1348314606741573
protein_0249,protein_0153,0.19101123595505617
protein_0249,protein_0154,0.20224719101123595
protein_0249,protein_0155,0.1440677966101695
protein_0249,protein_0156,0.17857142857142858
protein_0249,protein_0157,0.1941747572815534
protein_0249,protein_0158,0.16091954022988506
protein_0249,protein_0160,0.4772727272727273
protein_0249,protein_0161,0.17164179104477612
protein_0249,protein_0162,0.5517241379310345
protein_0249,protein_0163,0.20909090909090908
protein_0249,protein_0164,0.4888888888888889
protein_0249,protein_0165,0.16853932584269662
protein_0249,protein_0166,0.4827586206896552
protein_0249,protein_0167,0.11403508771929824
protein_0249,protein_0168,0.09821428571428571
protein_0249,protein_0169,0.12605042016806722
protein_0249,protein_0171,0.2840909090909091
protein_0249,protein_0172,0.15384615384615385
protein_0249,protein_0173,0.47126436781609193
protein_0249,protein_0174,0.5
protein_0249,protein_0175,0.4772727272727273
protein_0249,protein_0176,0.14942528735632185
protein_0249,protein_0177,0.18888888888888888
protein_0249,protein_0179,0.14912280701754385
protein_0249,protein_0180,0.3
protein_0249,protein_0181,0.2988505747126437
protein_0249,protein_0182,0.39080459770114945
protein_0249,protein_0183,0.1568627450980392
protein_0249,protein_0185,0.1368421052631579
protein_0249,protein_0187,0.5054945054945055
protein_0249,protein_0188,0.1724137931034483
protein_0249,protein_0189,0.3448275862068966
protein_0249,protein_0190,0.3218390804597701
protein_0249,protein_0191,0.35555555555555557
protein_0249,protein_0192,0.5747126436781609
protein_0249,protein_0193,0.3448275862068966
protein_0249,protein_0194,0.19540229885057472
protein_0249,protein_0195,0.32954545454545453
protein_0249,protein_0196,0.32954545454545453
protein_0249,protein_0197,0.29545454545454547
protein_0249,protein_0198,0.36363636363636365
protein_0249,protein_0199,0.2967032967032967
protein_0249,protein_0200,0.30337078651685395
protein_0249,protein_0201,0.15
protein_0249,protein_0202,0.3448275862068966
protein_0249,protein_0203,0.1016949152542373
protein_0249,protein_0204,0.1797752808988764
protein_0249,protein_0205,0.0995260663507109
protein_0249,protein_0207,0.15671641791044777
protein_0249,protein_0208,0.15454545454545454
protein_0249,protein_0209,0.2777777777777778
protein_0249,protein_0210,0.26436781609195403
protein_0249,protein_0211,0.1935483870967742
protein_0249,protein_0212,0.16091954022988506
protein_0249,protein_0213,0.3333333333333333
protein_0249,protein_0214,0.1553398058252427
protein_0249,protein_0215,0.16494845360824742
protein_0249,protein_0216,0.15178571428571427
protein_0249,protein_0217,0.12903225806451613
protein_0249,protein_0218,0.152
protein_0249,protein_0219,0.17073170731707318
protein_0249,protein_0220,0.41379310344827586
protein_0249,protein_0222,0.3181818181818182
protein_0249,protein_0223,0.13402061855670103
protein_0249,protein_0224,0.16091954022988506
protein_0249,protein_0225,0.17708333333333334
protein_0249,protein_0226,0.1326530612244898
protein_0249,protein_0227,0.13636363636363635
protein_0249,protein_0228,0.20212765957446807
protein_0249,protein_0229,0.13829787234042554
protein_0249,protein_0230,0.21978021978021978
protein_0249,protein_0231,0.40229885057471265
protein_0249,protein_0232,0.1724137931034483
protein_0249,protein_0233,0.17293233082706766
protein_0249,protein_0234,0.19469026548672566
protein_0249,protein_0235,0.1782178217821782
protein_0249,protein_0236,0.26436781609195403
protein_0249,protein_0237,0.26436781609195403
protein_0249,protein_0238,0.12781954887218044
protein_0249,protein_0239,0.5862068965517241
protein_0249,protein_0241,0.6091954022988506
protein_0249,protein_0243,0.5287356321839081
protein_0249,protein_0245,0.1590909090909091
protein_0249,protein_0246,0.19607843137254902
protein_0249,protein_0247,0.1827956989247312
protein_0249,protein_0248,0.4111111111111111
protein_0249,protein_0250,0.18
protein_0249,protein_0251,0.10112359550561797
protein_0249,protein_0252,0.09574468085106383
protein_0249,protein_0253,0.14782608695652175
protein_0249,protein_0255,0.125
protein_0249,protein_0256,0.15384615384615385
protein_0249,protein_0257,0.15384615384615385
protein_0249,protein_0258,0.28888888888888886
protein_0249,protein_0259,0.15555555555555556
protein_0249,protein_0260,0.15555555555555556
protein_0249,protein_0261,0.17647058823529413
protein_0249,protein_0262,0.1259259259259259
protein_0249,protein_0263,0.17518248175182483
protein_0249,protein_0264,0.3103448275862069
protein_0249,protein_0265,0.3103448275862069
protein_0249,protein_0266,0.1574074074074074
protein_0249,protein_0267,0.19791666666666666
protein_0249,protein_0268,0.14736842105263157
protein_0249,protein_0269,0.15833333333333333
protein_0249,protein_0270,0.1595744680851064
protein_0249,protein_0271,0.16091954022988506
protein_0249,protein_0273,0.29347826086956524
protein_0249,protein_0274,0.3258426966292135
protein_0249,protein_0275,0.19047619047619047
protein_0249,protein_0276,0.36363636363636365
protein_0249,protein_0277,0.14772727272727273
protein_0249,protein_0278,0.25
protein_0249,protein_0279,0.3707865168539326
protein_0249,protein_0280,0.3888888888888889
protein_0249,protein_0281,0.1440677966101695
protein_0249,protein_0282,0.125
protein_0249,protein_0283,0.08636363636363636
protein_0249,protein_0284,0.24719101123595505
protein_0249,protein_0285,0.3103448275862069
protein_0249,protein_0286,0.18085106382978725
protein_0249,protein_0287,0.2636363636363636
protein_0249,protein_0288,0.5517241379310345
protein_0249,protein_0289,0.1956521739130435
protein_0249,protein_0291,0.21348314606741572
protein_0249,protein_0292,0.1797752808988764
protein_0249,protein_0293,0.29545454545454547
protein_0249,protein_0294,0.21348314606741572
protein_0249,protein_0295,0.17582417582417584
protein_0249,protein_0297,0.1724137931034483
protein_0249,protein_0299,0.14583333333333334
protein_0249,protein_0300,0.15625
protein_0249,protein_0301,0.14942528735632185
protein_0249,protein_0302,0.1152073732718894
protein_0249,protein_0303,0.20689655172413793
protein_0249,protein_0305,0.16666666666666666
protein_0249,protein_0306,0.13445378151260504
protein_0249,protein_0307,0.14754098360655737
protein_0249,protein_0308,0.16806722689075632
protein_0249,protein_0309,0.1595744680851064
protein_0249,protein_0311,0.41379310344827586
protein_0249,protein_0312,0.391304347826087
protein_0249,protein_0313,0.22988505747126436
protein_0249,protein_0314,0.14814814814814814
protein_0249,protein_0315,0.17692307692307693
protein_0249,protein_0316,0.15384615384615385
protein_0249,protein_0317,0.0970873786407767
protein_0249,protein_0319,0.3103448275862069
protein_0249,protein_0320,0.8735632183908046
protein_0249,protein_0321,0.1956521739130435
protein_0249,protein_0323,0.25
protein_0249,protein_0324,0.125
protein_0249,protein_0325,0.1452991452991453
protein_0249,protein_0326,0.16666666666666666
protein_0249,protein_0327,0.3522727272727273
protein_0249,protein_0328,0.14912280701754385
protein_0249,protein_0329,0.14912280701754385
protein_0249,protein_0330,0.2413793103448276
protein_0249,protein_0332,0.24444444444444444
protein_0249,protein_0333,0.2696629213483146
protein_0249,protein_0334,0.18681318681318682
protein_0249,protein_0335,0.12173913043478261
protein_0249,protein_0336,0.14772727272727273
protein_0249,protein_0337,0.26436781609195403
protein_0249,protein_0338,0.31868131868131866
protein_0249,protein_0339,0.1827956989247312
protein_0249,protein_0340,0.1523809523809524
protein_0249,protein_0341,0.22549019607843138
protein_0249,protein_0342,0.13793103448275862
protein_0249,protein_0343,0.18478260869565216
protein_0249,protein_0344,0.3333333333333333
protein_0249,protein_0345,0.16521739130434782
protein_0249,protein_0346,0.16521739130434782
protein_0249,protein_0347,0.15555555555555556
protein_0249,protein_0348,0.10526315789473684
protein_0249,protein_0349,0.1553398058252427
protein_0249,protein_0350,0.3218390804597701
protein_0249,protein_0351,0.28735632183908044
protein_0249,protein_0352,0.15555555555555556
protein_0249,protein_0353,0.16129032258064516
protein_0249,protein_0354,0.21839080459770116
protein_0249,protein_0355,0.26436781609195403
protein_0249,protein_0356,0.17582417582417584
protein_0249,protein_0357,0.17073170731707318
protein_0249,protein_0358,0.3333333333333333
protein_0249,protein_0359,0.12605042016806722
protein_0249,protein_0360,0.3118279569892473
protein_0249,protein_0361,0.15384615384615385
protein_0249,protein_0362,0.21839080459770116
protein_0249,protein_0363,0.21839080459770116
protein_0249,protein_0364,0.20689655172413793
protein_0249,protein_0365,0.2413793103448276
protein_0249,protein_0366,0.22988505747126436
protein_0249,protein_0368,0.13861386138613863
protein_0249,protein_0369,0.1702127659574468
protein_0249,protein_0370,0.3333333333333333
protein_0249,protein_0371,0.3448275862068966
protein_0249,protein_0372,0.1050228310502283
protein_0249,protein_0373,0.1559633027522936
protein_0249,protein_0374,0.140625
protein_0249,protein_0375,0.3409090909090909
protein_0249,protein_0376,0.17592592592592593
protein_0249,protein_0377,0.39080459770114945
protein_0249,protein_0378,0.15517241379310345
protein_0249,protein_0380,0.1941747572815534
protein_0249,protein_0381,0.1941747572815534
protein_0249,protein_0382,0.26136363636363635
protein_0249,protein_0383,0.1590909090909091
protein_0249,protein_0384,0.3218390804597701
protein_0249,protein_0385,0.12745098039215685
protein_0249,protein_0386,0.15384615384615385
protein_0249,protein_0387,0.13402061855670103
protein_0249,protein_0388,0.14606741573033707
protein_0249,protein_0390,0.3
protein_0249,protein_0391,0.21052631578947367
protein_0249,protein_0392,0.6022727272727273
protein_0249,protein_0393,0.6022727272727273
protein_0249,protein_0394,0.12280701754385964
protein_0249,protein_0395,0.20202020202020202
protein_0249,protein_0396,0.1440677966101695
protein_0249,protein_0397,0.4044943820224719
protein_0249,protein_0398,0.12931034482758622
protein_0249,protein_0399,0.3448275862068966
protein_0254,protein_0000,0.17582417582417584
protein_0254,protein_0001,0.15892857142857142
protein_0254,protein_0002,0.13636363636363635
protein_0254,protein_0003,0.1827956989247312
protein_0254,protein_0004,0.12222222222222222
protein_0254,protein_0005,0.15384615384615385
protein_0254,protein_0006,0.16483516483516483
protein_0254,protein_0007,0.1528657616892911
protein_0254,protein_0008,0.14705882352941177
protein_0254,protein_0009,0.18888888888888888
protein_0254,protein_0010,0.21839080459770116
protein_0254,protein_0011,0.1827956989247312
protein_0254,protein_0013,0.16091954022988506
protein_0254,protein_0014,0.13287306201550386
protein_0254,protein_0015,0.18627450980392157
protein_0254,protein_0016,0.1568627450980392
protein_0254,protein_0017,0.125
protein_0254,protein_0018,0.14942528735632185
protein_0254,protein_0019,0.17732884399551066
protein_0254,protein_0020,0.1797752808988764
protein_0254,protein_0021,0.23333333333333334
protein_0254,protein_0022,0.20344827586206898
protein_0254,protein_0023,0.22474747474747475
protein_0254,protein_0024,0.11764705882352941
protein_0254,protein_0025,0.20224719101123595
protein_0254,protein_0026,0.13178294573643412
protein_0254,protein_0027,0.25385081867798664
protein_0254,protein_0030,0.08403361344537816
protein_0254,protein_0031,0.16666666666666666
protein_0254,protein_0032,0.1827956989247312
protein_0254,protein_0033,0.18181818181818182
protein_0254,protein_0034,0.14942528735632185
protein_0254,protein_0036,0.15789473684210525
protein_0254,protein_0037,0.14358974358974358
protein_0254,protein_0038,0.14358974358974358
protein_0254,protein_0039,0.1724137931034483
protein_0254,protein_0040,0.14285714285714285
protein_0254,protein_0042,0.20224719101123595
protein_0254,protein_0043,0.17391304347826086
protein_0254,protein_0045,0.13186813186813187
protein_0254,protein_0046,0.16718266253869968
protein_0254,protein_0047,0.13793103448275862
protein_0254,protein_0048,0.15841584158415842
protein_0254,protein_0049,0.1724137931034483
protein_0254,protein_0050,0.11764705882352941
protein_0254,protein_0052,0.13333333333333333
protein_0254,protein_0053,0.11494252873563218
protein_0254,protein_0054,0.09401709401709402
protein_0254,protein_0055,0.10256410256410256
protein_0254,protein_0056,0.1897941680960549
protein_0254,protein_0057,0.15492840492840493
protein_0254,protein_0058,0.19318181818181818
protein_0254,protein_0059,0.14942528735632185
protein_0254,protein_0060,0.18634615384615383
protein_0254,protein_0061,0.1111111111111111
protein_0254,protein_0062,0.21505376344086022
protein_0254,protein_0063,0.08411214953271028
protein_0254,protein_0064,0.17204301075268819
protein_0254,protein_0066,0.14678899082568808
protein_0254,protein_0067,0.18604651162790697
protein_0254,protein_0068,0.17708333333333334
protein_0254,protein_0069,0.14285714285714285
protein_0254,protein_0070,0.13043478260869565
protein_0254,protein_0071,0.11494252873563218
protein_0254,protein_0072,0.15789473684210525
protein_0254,protein_0073,0.1839080459770115
protein_0254,protein_0075,0.23979591836734693
protein_0254,protein_0076,0.125
protein_0254,protein_0077,0.12643678160919541
protein_0254,protein_0078,0.13725490196078433
protein_0254,protein_0079,0.13725490196078433
protein_0254,protein_0080,0.14942528735632185
protein_0254,protein_0081,0.19101123595505617
protein_0254,protein_0082,0.11428571428571428
protein_0254,protein_0084,0.12506459948320414
protein_0254,protein_0086,0.0761904761904762
protein_0254,protein_0087,0.18476144109055503
protein_0254,protein_0088,0.16483516483516483
protein_0254,protein_0089,0.1372894633764199
protein_0254,protein_0090,0.1498524386455421
protein_0254,protein_0091,0.1732283464566929
protein_0254,protein_0092,0.1732283464566929
protein_0254,protein_0093,0.18072289156626506
protein_0254,protein_0094,0.11403508771929824
protein_0254,protein_0096,0.16346153846153846
protein_0254,protein_0097,0.11627906976744186
protein_0254,protein_0098,0.18947368421052632
protein_0254,protein_0099,0.17653846153846153
protein_0254,protein_0100,0.18053411546773696
protein_0254,protein_0101,0.1839080459770115
protein_0254,protein_0102,0.17777777777777778
protein_0254,protein_0103,0.18888888888888888
protein_0254,protein_0104,0.10655737704918032
protein_0254,protein_0105,0.11842105263157894
protein_0254,protein_0106,0.1631717924821373
protein_0254,protein_0108,0.17045454545454544
protein_0254,protein_0109,0.16447368421052633
protein_0254,protein_0110,0.18478260869565216
protein_0254,protein_0111,0.15730337078651685
protein_0254,protein_0112,0.10576923076923077
protein_0254,protein_0113,0.1978021978021978
protein_0254,protein_0114,0.14444444444444443
protein_0254,protein_0115,0.16279069767441862
protein_0254,protein_0116,0.16969215641782015
protein_0254,protein_0117,0.16969215641782015
protein_0254,protein_0118,0.14912280701754385
protein_0254,protein_0119,0.14678899082568808
protein_0254,protein_0120,0.1724137931034483
protein_0254,protein_0121,0.1724137931034483
protein_0254,protein_0122,0.12932330827067667
protein_0254,protein_0123,0.13315696649029982
protein_0254,protein_0124,0.13793103448275862
protein_0254,protein_0125,0.1568627450980392
protein_0254,protein_0126,0.14705882352941177
protein_0254,protein_0128,0.14942528735632185
protein_0254,protein_0129,0.15384615384615385
protein_0254,protein_0130,0.17198664181422801
protein_0254,protein_0131,0.10654685494223363
protein_0254,protein_0132,0.15315315315315314
protein_0254,protein_0134,0.19101123595505617
protein_0254,protein_0135,0.12941176470588237
protein_0254,protein_0136,0.10344827586206896
protein_0254,protein_0137,0.1282051282051282
protein_0254,protein_0138,0.1282051282051282
protein_0254,protein_0139,0.14198867421718853
protein_0254,protein_0140,0.14130434782608695
protein_0254,protein_0141,0.13296112489660877
protein_0254,protein_0143,0.14942528735632185
protein_0254,protein_0144,0.14942528735632185
protein_0254,protein_0145,0.14567307692307693
protein_0254,protein_0146,0.1625
protein_0254,protein_0147,0.11494252873563218
protein_0254,protein_0148,0.18681318681318682
protein_0254,protein_0149,0.1539473684210526
protein_0254,protein_0150,0.16666666666666666
protein_0254,protein_0151,0.12087912087912088
protein_0254,protein_0152,0.1381578947368421
protein_0254,protein_0153,0.16367382984986753
protein_0254,protein_0154,0.16760224538893345
protein_0254,protein_0155,0.1487603305785124
protein_0254,protein_0156,0.14018691588785046
protein_0254,protein_0157,0.1411764705882353
protein_0254,protein_0158,0.14743589743589744
protein_0254,protein_0160,0.23076923076923078
protein_0254,protein_0161,0.10256410256410256
protein_0254,protein_0162,0.16470588235294117
protein_0254,protein_0163,0.1346153846153846
protein_0254,protein_0164,0.14772727272727273
protein_0254,protein_0165,0.1858974358974359
protein_0254,protein_0166,0.14772727272727273
protein_0254,protein_0167,0.12503987240829345
protein_0254,protein_0168,0.1204944178628389
protein_0254,protein_0169,0.08547008547008547
protein_0254,protein_0171,0.14772727272727273
protein_0254,protein_0172,0.13675213675213677
protein_0254,protein_0173,0.14942528735632185
protein_0254,protein_0174,0.22826086956521738
protein_0254,protein_0175,0.22826086956521738
protein_0254,protein_0176,0.16883116883116883
protein_0254,protein_0177,0.19483805668016196
protein_0254,protein_0179,0.13274336283185842
protein_0254,protein_0180,0.21052631578947367
protein_0254,protein_0181,0.1839080459770115
protein_0254,protein_0182,0.14942528735632185
protein_0254,protein_0183,0.1568627450980392
protein_0254,protein_0185,0.23595505617977527
protein_0254,protein_0187,0.22826086956521738
protein_0254,protein_0188,0.18903318903318903
protein_0254,protein_0189,0.13333333333333333
protein_0254,protein_0190,0.1935483870967742
protein_0254,protein_0191,0.15217391304347827
protein_0254,protein_0192,0.1411764705882353
protein_0254,protein_0193,0.16304347826086957
protein_0254,protein_0194,0.13636363636363635
protein_0254,protein_0195,0.13043478260869565
protein_0254,protein_0196,0.15217391304347827
protein_0254,protein_0197,0.16304347826086957
protein_0254,protein_0198,0.12222222222222222
protein_0254,protein_0199,0.1111111111111111
protein_0254,protein_0200,0.16129032258064516
protein_0254,protein_0201,0.1346153846153846
protein_0254,protein_0202,0.1590909090909091
protein_0254,protein_0203,0.152
protein_0254,protein_0204,0.1763668430335097
protein_0254,protein_0205,0.10747663551401869
protein_0254,protein_0207,0.09243697478991597
protein_0254,protein_0208,0.10953496442824918
protein_0254,protein_0209,0.15217391304347827
protein_0254,protein_0210,0.18681318681318682
protein_0254,protein_0211,0.10682957393483708
protein_0254,protein_0212,0.16483516483516483
protein_0254,protein_0213,0.14444444444444443
protein_0254,protein_0214,0.12987012987012986
protein_0254,protein_0215,0.15789473684210525
protein_0254,protein_0216,0.1414141414141414
protein_0254,protein_0217,0.14942528735632185
protein_0254,protein_0218,0.136
protein_0254,protein_0219,0.15126050420168066
protein_0254,protein_0220,0.1797752808988764
protein_0254,protein_0222,0.1744186046511628
protein_0254,protein_0223,0.13157894736842105
protein_0254,protein_0224,0.1488885458474838
protein_0254,protein_0225,0.23404255319148937
protein_0254,protein_0226,0.13725490196078433
protein_0254,protein_0227,0.15789473684210525
protein_0254,protein_0228,0.15094850948509486
protein_0254,protein_0229,0.16666666666666666
protein_0254,protein_0230,0.12222222222222222
protein_0254,protein_0231,0.13793103448275862
protein_0254,protein_0232,0.16447368421052633
protein_0254,protein_0233,0.13953488372093023
protein_0254,protein_0234,0.16346153846153846
protein_0254,protein_0235,0.1947408536585366
protein_0254,protein_0236,0.13403263403263405
protein_0254,protein_0237,0.13403263403263405
protein_0254,protein_0238,0.12781954887218044
protein_0254,protein_0239,0.2159090909090909
protein_0254,protein_0241,0.18888888888888888
protein_0254,protein_0243,0.19101123595505617
protein_0254,protein_0245,0.11845655693470049
protein_0254,protein_0246,0.17894736842105263
protein_0254,protein_0247,0.1610512129380054
protein_0254,protein_0248,0.1724137931034483
protein_0254,protein_0250,0.27602564102564103
protein_0254,protein_0251,0.15306122448979592
protein_0254,protein_0252,0.17204301075268819
protein_0254,protein_0253,0.1391304347826087
protein_0254,protein_0255,0.1111111111111111
protein_0254,protein_0256,0.1111111111111111
protein_0254,protein_0257,0.12871287128712872
protein_0254,protein_0258,0.14130434782608695
protein_0254,protein_0259,0.1425194448680799
protein_0254,protein_0260,0.1425194448680799
protein_0254,protein_0261,0.12745098039215685
protein_0254,protein_0262,0.1037037037037037
protein_0254,protein_0263,0.11267605633802817
protein_0254,protein_0264,0.18888888888888888
protein_0254,protein_0265,0.18888888888888888
protein_0254,protein_0266,0.3158143939393939
protein_0254,protein_0267,0.14606741573033707
protein_0254,protein_0268,0.17777777777777778
protein_0254,protein_0269,0.12931034482758622
protein_0254,protein_0270,0.1875
protein_0254,protein_0271,0.14354787571337982
protein_0254,protein_0273,0.13064623584277146
protein_0254,protein_0274,0.16304347826086957
protein_0254,protein_0275,0.17647058823529413
protein_0254,protein_0276,0.12903225806451613
protein_0254,protein_0277,0.14473684210526316
protein_0254,protein_0278,0.18085106382978725
protein_0254,protein_0279,0.18823529411764706
protein_0254,protein_0280,0.1978021978021978
protein_0254,protein_0281,0.10714285714285714
protein_0254,protein_0282,0.1411764705882353
protein_0254,protein_0283,0.1095890410958904
protein_0254,protein_0284,0.1567813765182186
protein_0254,protein_0285,0.11363636363636363
protein_0254,protein_0286,0.1517857142857143
protein_0254,protein_0287,0.20535714285714285
protein_0254,protein_0288,0.17647058823529413
protein_0254,protein_0289,0.1409961685823755
protein_0254,protein_0291,0.12932049224184056
protein_0254,protein_0292,0.16228070175438597
protein_0254,protein_0293,0.11458333333333333
protein_0254,protein_0294,0.12932049224184056
protein_0254,protein_0295,0.15046138072453863
protein_0254,protein_0297,0.15686944634313055
protein_0254,protein_0299,0.13991674375578167
protein_0254,protein_0300,0.1728510744627686
protein_0254,protein_0301,0.167103948025987
protein_0254,protein_0302,0.11467889908256881
protein_0254,protein_0303,0.10975609756097561
protein_0254,protein_0305,0.24165666266506602
protein_0254,protein_0306,0.10256410256410256
protein_0254,protein_0307,0.1271186440677966
protein_0254,protein_0308,0.09565217391304348
protein_0254,protein_0309,0.24756944444444445
protein_0254,protein_0311,0.11494252873563218
protein_0254,protein_0312,0.15730337078651685
protein_0254,protein_0313,0.12743857429083624
protein_0254,protein_0314,0.15841584158415842
protein_0254,protein_0315,0.09821428571428571
protein_0254,protein_0316,0.16211201079622134
protein_0254,protein_0317,0.13
protein_0254,protein_0319,0.18888888888888888
protein_0254,protein_0320,0.1590909090909091
protein_0254,protein_0321,0.1
protein_0254,protein_0323,0.17894736842105263
protein_0254,protein_0324,0.13924050632911392
protein_0254,protein_0325,0.15591720413979301
protein_0254,protein_0326,0.1728395061728395
protein_0254,protein_0327,0.17582417582417584
protein_0254,protein_0328,0.1415929203539823
protein_0254,protein_0329,0.1415929203539823
protein_0254,protein_0330,0.1485148514851485
protein_0254,protein_0332,0.1695449004469728
protein_0254,protein_0333,0.16369140828896545
protein_0254,protein_0334,0.07954545454545454
protein_0254,protein_0335,0.16346153846153846
protein_0254,protein_0336,0.11842105263157894
protein_0254,protein_0337,0.14158874833032137
protein_0254,protein_0338,0.1348314606741573
protein_0254,protein_0339,0.15686944634313055
protein_0254,protein_0340,0.09523809523809523
protein_0254,protein_0341,0.2222222222222222
protein_0254,protein_0342,0.21428571428571427
protein_0254,protein_0343,0.13293172690763053
protein_0254,protein_0344,0.16666666666666666
protein_0254,protein_0345,0.12593984962406016
protein_0254,protein_0346,0.12593984962406016
protein_0254,protein_0347,0.16883116883116883
protein_0254,protein_0348,0.14782608695652175
protein_0254,protein_0349,0.13761467889908258
protein_0254,protein_0350,0.17777777777777778
protein_0254,protein_0351,0.19148936170212766
protein_0254,protein_0352,0.16869095816464236
protein_0254,protein_0353,0.1422924901185771
protein_0254,protein_0354,0.21839080459770116
protein_0254,protein_0355,0.14115168539325842
protein_0254,protein_0356,0.1381578947368421
protein_0254,protein_0357,0.15447154471544716
protein_0254,protein_0358,0.16666666666666666
protein_0254,protein_0359,0.11764705882352941
protein_0254,protein_0360,0.1956521739130435
protein_0254,protein_0361,0.1092436974789916
protein_0254,protein_0362,0.16129032258064516
protein_0254,protein_0363,0.16129032258064516
protein_0254,protein_0364,0.14942528735632185
protein_0254,protein_0365,0.16279069767441862
protein_0254,protein_0366,0.1744186046511628
protein_0254,protein_0368,0.15555555555555556
protein_0254,protein_0369,0.14634146341463414
protein_0254,protein_0370,0.16666666666666666
protein_0254,protein_0371,0.16666666666666666
protein_0254,protein_0372,0.10091743119266056
protein_0254,protein_0373,0.1320754716981132
protein_0254,protein_0374,0.09401709401709402
protein_0254,protein_0375,0.14942528735632185
protein_0254,protein_0376,0.17647058823529413
protein_0254,protein_0377,0.17204301075268819
protein_0254,protein_0378,0.12149532710280374
protein_0254,protein_0380,0.2532365396249244
protein_0254,protein_0381,0.2532365396249244
protein_0254,protein_0382,0.11396103896103896
protein_0254,protein_0383,0.16569295683219734
protein_0254,protein_0384,0.13793103448275862
protein_0254,protein_0385,0.1568627450980392
protein_0254,protein_0386,0.1724137931034483
protein_0254,protein_0387,0.16666666666666666
protein_0254,protein_0388,0.1288711288711289
protein_0254,protein_0390,0.20689655172413793
protein_0254,protein_0391,0.14606741573033707
protein_0254,protein_0392,0.20454545454545456
protein_0254,protein_0393,0.22727272727272727
protein_0254,protein_0394,0.10743801652892562
protein_0254,protein_0395,0.11827956989247312
protein_0254,protein_0396,0.13793103448275862
protein_0254,protein_0397,0.1724137931034483
protein_0254,protein_0398,0.15863219996894892
protein_0254,protein_0399,0.1111111111111111
protein_0272,protein_0000,0.32222222222222224
protein_0272,protein_0001,0.15030946065428824
protein_0272,protein_0002,0.17525773195876287
protein_0272,protein_0003,0.32954545454545453
protein_0272,protein_0004,0.28735632183908044
protein_0272,protein_0005,0.1875
protein_0272,protein_0006,0.48863636363636365
protein_0272,protein_0007,0.13403263403263405
protein_0272,protein_0008,0.19745222929936307
protein_0272,protein_0009,0.2988505747126437
protein_0272,protein_0010,0.47126436781609193
protein_0272,protein_0011,0.5287356321839081
protein_0272,protein_0013,0.16853932584269662
protein_0272,protein_0014,0.15757311217808817
protein_0272,protein_0015,0.14743589743589744
protein_0272,protein_0016,0.17
protein_0272,protein_0017,0.171875
protein_0272,protein_0018,0.26436781609195403
protein_0272,protein_0019,0.13428381962864722
protein_0272,protein_0020,0.25287356321839083
protein_0272,protein_0021,0.16666666666666666
protein_0272,protein_0022,0.13381410256410256
protein_0272,protein_0023,0.15614035087719297
protein_0272,protein_0024,0.14743589743589744
protein_0272,protein_0025,0.2903225806451613
protein_0272,protein_0026,0.15476190476190477
protein_0272,protein_0027,0.1498275512274295
protein_0272,protein_0030,0.14556962025316456
protein_0272,protein_0031,0.16071428571428573
protein_0272,protein_0032,0.3333333333333333
protein_0272,protein_0033,0.5287356321839081
protein_0272,protein_0034,0.5172413793103449
protein_0272,protein_0036,0.13549257759784075
protein_0272,protein_0037,0.16041030117852467
protein_0272,protein_0038,0.16041030117852467
protein_0272,protein_0039,0.3181818181818182
protein_0272,protein_0040,0.12179487179487179
protein_0272,protein_0042,0.20224719101123595
protein_0272,protein_0043,0.27586206896551724
protein_0272,protein_0045,0.2967032967032967
protein_0272,protein_0046,0.12194055944055945
protein_0272,protein_0047,0.4827586206896552
protein_0272,protein_0048,0.4482758620689655
protein_0272,protein_0049,0.47126436781609193
protein_0272,protein_0050,0.16025641025641027
protein_0272,protein_0052,0.32954545454545453
protein_0272,protein_0053,0.3218390804597701
protein_0272,protein_0054,0.1566265060240964
protein_0272,protein_0055,0.17391304347826086
protein_0272,protein_0056,0.1326219512195122
protein_0272,protein_0057,0.13723776223776224
protein_0272,protein_0058,0.11494252873563218
protein_0272,protein_0059,0.26436781609195403
protein_0272,protein_0060,0.14872010575651964
protein_0272,protein_0061,0.21875
protein_0272,protein_0062,0.28735632183908044
protein_0272,protein_0063,0.14418604651162792
protein_0272,protein_0064,0.2808988764044944
protein_0272,protein_0066,0.1588785046728972
protein_0272,protein_0067,0.4942528735632184
protein_0272,protein_0068,0.32222222222222224
protein_0272,protein_0069,0.43333333333333335
protein_0272,protein_0070,0.3218390804597701
protein_0272,protein_0071,0.3793103448275862
protein_0272,protein_0072,0.13600891861761427
protein_0272,protein_0073,0.3793103448275862
protein_0272,protein_0075,0.15128504672897197
protein_0272,protein_0076,0.14942528735632185
protein_0272,protein_0077,0.3333333333333333
protein_0272,protein_0078,0.1650485436893204
protein_0272,protein_0079,0.1650485436893204
protein_0272,protein_0080,0.36363636363636365
protein_0272,protein_0081,0.3103448275862069
protein_0272,protein_0082,0.19
protein_0272,protein_0084,0.26061969015492253
protein_0272,protein_0086,0.16831683168316833
protein_0272,protein_0087,0.11262157382847038
protein_0272,protein_0088,0.26436781609195403
protein_0272,protein_0089,0.1502164502164502
protein_0272,protein_0090,0.15681771263418662
protein_0272,protein_0091,0.1317365269461078
protein_0272,protein_0092,0.1317365269461078
protein_0272,protein_0093,0.48863636363636365
protein_0272,protein_0094,0.15517241379310345
protein_0272,protein_0096,0.1485148514851485
protein_0272,protein_0097,0.367816091954023
protein_0272,protein_0098,0.28735632183908044
protein_0272,protein_0099,0.1384739855613642
protein_0272,protein_0100,0.14464882943143814
protein_0272,protein_0101,0.3563218390804598
protein_0272,protein_0102,0.2808988764044944
protein_0272,protein_0103,0.21839080459770116
protein_0272,protein_0104,0.12
protein_0272,protein_0105,0.1320754716981132
protein_0272,protein_0106,0.15244605070186465
protein_0272,protein_0108,0.3
protein_0272,protein_0109,0.134946949602122
protein_0272,protein_0110,0.4943820224719101
protein_0272,protein_0111,0.28735632183908044
protein_0272,protein_0112,0.2037037037037037
protein_0272,protein_0113,0.5057471264367817
protein_0272,protein_0114,0.3218390804597701
protein_0272,protein_0115,0.2413793103448276
protein_0272,protein_0116,0.12181329377954946
protein_0272,protein_0117,0.12181329377954946
protein_0272,protein_0118,0.14389920424403185
protein_0272,protein_0119,0.1651376146788991
protein_0272,protein_0120,0.27586206896551724
protein_0272,protein_0121,0.27586206896551724
protein_0272,protein_0122,0.1674726661059714
protein_0272,protein_0123,0.17259956355701037
protein_0272,protein_0124,0.28735632183908044
protein_0272,protein_0125,0.1411042944785276
protein_0272,protein_0126,0.17142857142857143
protein_0272,protein_0128,0.3103448275862069
protein_0272,protein_0129,0.26436781609195403
protein_0272,protein_0130,0.15914502164502164
protein_0272,protein_0131,0.11450044208664899
protein_0272,protein_0132,0.26785714285714285
protein_0272,protein_0134,0.27586206896551724
protein_0272,protein_0135,0.26436781609195403
protein_0272,protein_0136,0.14556962025316456
protein_0272,protein_0137,0.13114754098360656
protein_0272,protein_0138,0.13114754098360656
protein_0272,protein_0139,0.14927886375283694
protein_0272,protein_0140,0.47126436781609193
protein_0272,protein_0141,0.15657327586206896
protein_0272,protein_0143,0.2988505747126437
protein_0272,protein_0144,0.2988505747126437
protein_0272,protein_0145,0.13461538461538464
protein_0272,protein_0146,0.18888888888888888
protein_0272,protein_0147,0.3793103448275862
protein_0272,protein_0148,0.3333333333333333
protein_0272,protein_0149,0.13403263403263405
protein_0272,protein_0150,0.28888888888888886
protein_0272,protein_0151,0.21505376344086022
protein_0272,protein_0152,0.14159162456988067
protein_0272,protein_0153,0.14727068464181867
protein_0272,protein_0154,0.15677257525083613
protein_0272,protein_0155,0.15873015873015872
protein_0272,protein_0156,0.15384615384615385
protein_0272,protein_0157,0.16842105263157894
protein_0272,protein_0158,0.14202033598585323
protein_0272,protein_0160,0.27586206896551724
protein_0272,protein_0161,0.14375
protein_0272,protein_0162,0.28735632183908044
protein_0272,protein_0163,0.1650485436893204
protein_0272,protein_0164,0.2413793103448276
protein_0272,protein_0165,0.13772878241820366
protein_0272,protein_0166,0.2413793103448276
protein_0272,protein_0167,0.14223850766155896
protein_0272,protein_0168,0.14223850766155896
protein_0272,protein_0169,0.14035087719298245
protein_0272,protein_0171,0.3333333333333333
protein_0272,protein_0172,0.15822784810126583
protein_0272,protein_0173,0.28735632183908044
protein_0272,protein_0174,0.27586206896551724
protein_0272,protein_0175,0.26436781609195403
protein_0272,protein_0176,0.12792528447720602
protein_0272,protein_0177,0.10851648351648352
protein_0272,protein_0179,0.14457831325301204
protein_0272,protein_0180,0.3111111111111111
protein_0272,protein_0181,0.47126436781609193
protein_0272,protein_0182,0.2988505747126437
protein_0272,protein_0183,0.1588785046728972
protein_0272,protein_0185,0.16304347826086957
protein_0272,protein_0187,0.26436781609195403
protein_0272,protein_0188,0.15155677655677657
protein_0272,protein_0189,0.3333333333333333
protein_0272,protein_0190,0.4772727272727273
protein_0272,protein_0191,0.25287356321839083
protein_0272,protein_0192,0.27586206896551724
protein_0272,protein_0193,0.3409090909090909
protein_0272,protein_0194,0.31521739130434784
protein_0272,protein_0195,0.47126436781609193
protein_0272,protein_0196,0.4827586206896552
protein_0272,protein_0197,0.5977011494252874
protein_0272,protein_0198,0.3181818181818182
protein_0272,protein_0199,0.2111111111111111
protein_0272,protein_0200,0.4772727272727273
protein_0272,protein_0201,0.14423076923076922
protein_0272,protein_0202,0.3103448275862069
protein_0272,protein_0203,0.13675213675213677
protein_0272,protein_0204,0.135989010989011
protein_0272,protein_0205,0.15315315315315314
protein_0272,protein_0207,0.13432835820895522
protein_0272,protein_0208,0.150990675990676
protein_0272,protein_0209,0.26436781609195403
protein_0272,protein_0210,0.30337078651685395
protein_0272,protein_0211,0.12440225035161745
protein_0272,protein_0212,0.15384615384615385
protein_0272,protein_0213,0.3563218390804598
protein_0272,protein_0214,0.1346153846153846
protein_0272,protein_0215,0.13793103448275862
protein_0272,protein_0216,0.18181818181818182
protein_0272,protein_0217,0.1935483870967742
protein_0272,protein_0218,0.16049382716049382
protein_0272,protein_0219,0.15
protein_0272,protein_0220,0.2808988764044944
protein_0272,protein_0222,0.47126436781609193
protein_0272,protein_0223,0.17204301075268819
protein_0272,protein_0224,0.12510803802938636
protein_0272,protein_0225,0.12179487179487179
protein_0272,protein_0226,0.17307692307692307
protein_0272,protein_0227,0.14942528735632185
protein_0272,protein_0228,0.16612116544731098
protein_0272,protein_0229,0.13836477987421383
protein_0272,protein_0230,0.22916666666666666
protein_0272,protein_0231,0.3563218390804598
protein_0272,protein_0232,0.14644120247568523
protein_0272,protein_0233,0.17142857142857143
protein_0272,protein_0234,0.1485148514851485
protein_0272,protein_0235,0.14671645069185152
protein_0272,protein_0236,0.5273812138516729
protein_0272,protein_0237,0.5273812138516729
protein_0272,protein_0238,0.17088607594936708
protein_0272,protein_0239,0.28735632183908044
protein_0272,protein_0241,0.26436781609195403
protein_0272,protein_0243,0.2777777777777778
protein_0272,protein_0245,0.14144392033542977
protein_0272,protein_0246,0.15306122448979592
protein_0272,protein_0247,0.17587288597926898
protein_0272,protein_0248,0.2988505747126437
protein_0272,protein_0250,0.14410858683095878
protein_0272,protein_0251,0.16666666666666666
protein_0272,protein_0252,0.14743589743589744
protein_0272,protein_0253,0.16521739130434782
protein_0272,protein_0255,0.12849162011173185
protein_0272,protein_0256,0.16037735849056603
protein_0272,protein_0257,0.1509433962264151
protein_0272,protein_0258,0.5222222222222223
protein_0272,protein_0259,0.136509324009324
protein_0272,protein_0260,0.136509324009324
protein_0272,protein_0261,0.14743589743589744
protein_0272,protein_0262,0.14814814814814814
protein_0272,protein_0263,0.15492957746478872
protein_0272,protein_0264,0.3522727272727273
protein_0272,protein_0265,0.3522727272727273
protein_0272,protein_0266,0.14649122807017545
protein_0272,protein_0267,0.21505376344086022
protein_0272,protein_0268,0.14606741573033707
protein_0272,protein_0269,0.1592356687898089
protein_0272,protein_0270,0.10828025477707007
protein_0272,protein_0271,0.15105908584169453
protein_0272,protein_0273,0.9110300618921309
protein_0272,protein_0274,0.22826086956521738
protein_0272,protein_0275,0.1553398058252427
protein_0272,protein_0276,0.27586206896551724
protein_0272,protein_0277,0.12024756852343059
protein_0272,protein_0278,0.3225806451612903
protein_0272,protein_0279,0.25
protein_0272,protein_0280,0.26436781609195403
protein_0272,protein_0281,0.1440677966101695
protein_0272,protein_0282,0.11538461538461539
protein_0272,protein_0283,0.15217391304347827
protein_0272,protein_0284,0.16457023060796644
protein_0272,protein_0285,0.5172413793103449
protein_0272,protein_0286,0.1384069111940845
protein_0272,protein_0287,0.21621621621621623
protein_0272,protein_0288,0.2727272727272727
protein_0272,protein_0289,0.12450894805761675
protein_0272,protein_0291,0.18139822493816382
protein_0272,protein_0292,0.13665441676874915
protein_0272,protein_0293,0.22340425531914893
protein_0272,protein_0294,0.18139822493816382
protein_0272,protein_0295,0.1250909355448858
protein_0272,protein_0297,0.12510803802938636
protein_0272,protein_0299,0.14863731656184487
protein_0272,protein_0300,0.1267136329017517
protein_0272,protein_0301,0.11389312008123889
protein_0272,protein_0302,0.1461187214611872
protein_0272,protein_0303,0.2222222222222222
protein_0272,protein_0305,0.1579122340425532
protein_0272,protein_0306,0.15527950310559005
protein_0272,protein_0307,0.15
protein_0272,protein_0308,0.16049382716049382
protein_0272,protein_0309,0.14488706875155125
protein_0272,protein_0311,0.28735632183908044
protein_0272,protein_0312,0.3333333333333333
protein_0272,protein_0313,0.1669341894060995
protein_0272,protein_0314,0.14953271028037382
protein_0272,protein_0315,0.14705882352941177
protein_0272,protein_0316,0.14716599190283403
protein_0272,protein_0317,0.16
protein_0272,protein_0319,0.5287356321839081
protein_0272,protein_0320,0.30434782608695654
protein_0272,protein_0321,0.26
protein_0272,protein_0323,0.3103448275862069
protein_0272,protein_0324,0.16091954022988506
protein_0272,protein_0325,0.14781448114781448
protein_0272,protein_0326,0.125
protein_0272,protein_0327,0.3218390804597701
protein_0272,protein_0328,0.16025641025641027
protein_0272,protein_0329,0.16025641025641027
protein_0272,protein_0330,0.5172413793103449
protein_0272,protein_0332,0.1750691110141132
protein_0272,protein_0333,0.18088907947398514
protein_0272,protein_0334,0.16483516483516483
protein_0272,protein_0335,0.19811320754716982
protein_0272,protein_0336,0.12639353400222966
protein_0272,protein_0337,0.40506189213085764
protein_0272,protein_0338,0.30434782608695654
protein_0272,protein_0339,0.13910120311394197
protein_0272,protein_0340,0.14814814814814814
protein_0272,protein_0341,0.23529411764705882
protein_0272,protein_0342,0.12643678160919541
protein_0272,protein_0343,0.11007957559681697
protein_0272,protein_0344,0.3218390804597701
protein_0272,protein_0345,0.12380801017164654
protein_0272,protein_0346,0.12380801017164654
protein_0272,protein_0347,0.1506575185820469
protein_0272,protein_0348,0.14285714285714285
protein_0272,protein_0349,0.1553398058252427
protein_0272,protein_0350,0.3218390804597701
protein_0272,protein_0351,0.4888888888888889
protein_0272,protein_0352,0.10851648351648352
protein_0272,protein_0353,0.13423423423423425
protein_0272,protein_0354,0.20652173913043478
protein_0272,protein_0355,0.3589080459770115
protein_0272,protein_0356,0.12411582670203361
protein_0272,protein_0357,0.16
protein_0272,protein_0358,0.3218390804597701
protein_0272,protein_0359,0.20491803278688525
protein_0272,protein_0360,0.27586206896551724
protein_0272,protein_0361,0.13076923076923078
protein_0272,protein_0362,0.29545454545454547
protein_0272,protein_0363,0.29545454545454547
protein_0272,protein_0364,0.29545454545454547
protein_0272,protein_0365,0.24444444444444444
protein_0272,protein_0366,0.24444444444444444
protein_0272,protein_0368,0.1875
protein_0272,protein_0369,0.16091954022988506
protein_0272,protein_0370,0.3218390804597701
protein_0272,protein_0371,0.26436781609195403
protein_0272,protein_0372,0.20353982300884957
protein_0272,protein_0373,0.14457831325301204
protein_0272,protein_0374,0.1282051282051282
protein_0272,protein_0375,0.2988505747126437
protein_0272,protein_0376,0.15384615384615385
protein_0272,protein_0377,0.2727272727272727
protein_0272,protein_0378,0.15384615384615385
protein_0272,protein_0380,0.1556192034915439
protein_0272,protein_0381,0.1556192034915439
protein_0272,protein_0382,0.1765432098765432
protein_0272,protein_0383,0.12296681847755368
protein_0272,protein_0384,0.375
protein_0272,protein_0385,0.1592356687898089
protein_0272,protein_0386,0.17088607594936708
protein_0272,protein_0387,0.1523809523809524
protein_0272,protein_0388,0.13696581196581198
protein_0272,protein_0390,0.5057471264367817
protein_0272,protein_0391,0.22916666666666666
protein_0272,protein_0392,0.27956989247311825
protein_0272,protein_0393,0.26436781609195403
protein_0272,protein_0394,0.19130434782608696
protein_0272,protein_0395,0.2857142857142857
protein_0272,protein_0396,0.15950920245398773
protein_0272,protein_0397,0.26373626373626374
protein_0272,protein_0398,0.14718373414025587
protein_0272,protein_0399,0.36363636363636365
protein_0290,protein_0000,0.1346153846153846
protein_0290,protein_0001,0.19607843137254902
protein_0290,protein_0002,0.18446601941747573
protein_0290,protein_0003,0.1188118811881188
protein_0290,protein_0004,0.1188118811881188
protein_0290,protein_0005,0.1388888888888889
protein_0290,protein_0006,0.14018691588785046
protein_0290,protein_0007,0.1553398058252427
protein_0290,protein_0008,0.11650485436893204
protein_0290,protein_0009,0.1559633027522936
protein_0290,protein_0010,0.14705882352941177
protein_0290,protein_0011,0.12871287128712872
protein_0290,protein_0013,0.13725490196078433
protein_0290,protein_0014,0.16806722689075632
protein_0290,protein_0015,0.11304347826086956
protein_0290,protein_0016,0.152
protein_0290,protein_0017,0.14814814814814814
protein_0290,protein_0018,0.15384615384615385
protein_0290,protein_0019,0.1485148514851485
protein_0290,protein_0020,0.1308411214953271
protein_0290,protein_0021,0.17475728155339806
protein_0290,protein_0022,0.18627450980392157
protein_0290,protein_0023,0.13725490196078433
protein_0290,protein_0024,0.152
protein_0290,protein_0025,0.14814814814814814
protein_0290,protein_0026,0.1267605633802817
protein_0290,protein_0027,0.1650485436893204
protein_0290,protein_0030,0.18045112781954886
protein_0290,protein_0031,0.10687022900763359
protein_0290,protein_0032,0.12745098039215685
protein_0290,protein_0033,0.1588785046728972
protein_0290,protein_0034,0.16666666666666666
protein_0290,protein_0036,0.14953271028037382
protein_0290,protein_0037,0.15
protein_0290,protein_0038,0.15
protein_0290,protein_0039,0.1651376146788991
protein_0290,protein_0040,0.1523809523809524
protein_0290,protein_0042,0.15126050420168066
protein_0290,protein_0043,0.1322314049586777
protein_0290,protein_0045,0.14018691588785046
protein_0290,protein_0046,0.1568627450980392
protein_0290,protein_0047,0.1553398058252427
protein_0290,protein_0048,0.13725490196078433
protein_0290,protein_0049,0.12871287128712872
protein_0290,protein_0050,0.11965811965811966
protein_0290,protein_0052,0.14285714285714285
protein_0290,protein_0053,0.14705882352941177
protein_0290,protein_0054,0.14285714285714285
protein_0290,protein_0055,0.12698412698412698
protein_0290,protein_0056,0.17391304347826086
protein_0290,protein_0057,0.1553398058252427
protein_0290,protein_0058,0.17307692307692307
protein_0290,protein_0059,0.15315315315315314
protein_0290,protein_0060,0.1452991452991453
protein_0290,protein_0061,0.14285714285714285
protein_0290,protein_0062,0.08411214953271028
protein_0290,protein_0063,0.09859154929577464
protein_0290,protein_0064,0.17475728155339806
protein_0290,protein_0066,0.3465346534653465
protein_0290,protein_0067,0.14953271028037382
protein_0290,protein_0068,0.18269230769230768
protein_0290,protein_0069,0.1619047619047619
protein_0290,protein_0070,0.13861386138613863
protein_0290,protein_0071,0.1574074074074074
protein_0290,protein_0072,0.1485148514851485
protein_0290,protein_0073,0.17307692307692307
protein_0290,protein_0075,0.16822429906542055
protein_0290,protein_0076,0.11214953271028037
protein_0290,protein_0077,0.17142857142857143
protein_0290,protein_0078,0.19090909090909092
protein_0290,protein_0079,0.19090909090909092
protein_0290,protein_0080,0.1188118811881188
protein_0290,protein_0081,0.1188118811881188
protein_0290,protein_0082,0.37142857142857144
protein_0290,protein_0084,0.1440677966101695
protein_0290,protein_0086,0.37623762376237624
protein_0290,protein_0087,0.1941747572815534
protein_0290,protein_0088,0.14814814814814814
protein_0290,protein_0089,0.1953125
protein_0290,protein_0090,0.21951219512195122
protein_0290,protein_0091,0.18333333333333332
protein_0290,protein_0092,0.18333333333333332
protein_0290,protein_0093,0.10891089108910891
protein_0290,protein_0094,0.1640625
protein_0290,protein_0096,0.17543859649122806
protein_0290,protein_0097,0.13761467889908258
protein_0290,protein_0098,0.17475728155339806
protein_0290,protein_0099,0.13793103448275862
protein_0290,protein_0100,0.16981132075471697
protein_0290,protein_0101,0.1485148514851485
protein_0290,protein_0102,0.12149532710280374
protein_0290,protein_0103,0.12931034482758622
protein_0290,protein_0104,0.1746031746031746
protein_0290,protein_0105,0.12745098039215685
protein_0290,protein_0106,0.1487603305785124
protein_0290,protein_0108,0.1651376146788991
protein_0290,protein_0109,0.12871287128712872
protein_0290,protein_0110,0.13793103448275862
protein_0290,protein_0111,0.18811881188118812
protein_0290,protein_0112,0.45544554455445546
protein_0290,protein_0113,0.14953271028037382
protein_0290,protein_0114,0.14018691588785046
protein_0290,protein_0115,0.1568627450980392
protein_0290,protein_0116,0.18110236220472442
protein_0290,protein_0117,0.18110236220472442
protein_0290,protein_0118,0.1650485436893204
protein_0290,protein_0119,0.36633663366336633
protein_0290,protein_0120,0.1588785046728972
protein_0290,protein_0121,0.1588785046728972
protein_0290,protein_0122,0.16
protein_0290,protein_0123,0.17142857142857143
protein_0290,protein_0124,0.16822429906542055
protein_0290,protein_0125,0.1891891891891892
protein_0290,protein_0126,0.13559322033898305
protein_0290,protein_0128,0.1588785046728972
protein_0290,protein_0129,0.13761467889908258
protein_0290,protein_0130,0.17094017094017094
protein_0290,protein_0131,0.1346153846153846
protein_0290,protein_0132,0.1484375
protein_0290,protein_0134,0.1452991452991453
protein_0290,protein_0135,0.1568627450980392
protein_0290,protein_0136,0.1746031746031746
protein_0290,protein_0137,0.20634920634920634
protein_0290,protein_0138,0.20634920634920634
protein_0290,protein_0139,0.1782178217821782
protein_0290,protein_0140,0.14545454545454545
protein_0290,protein_0141,0.168
protein_0290,protein_0143,0.1188118811881188
protein_0290,protein_0144,0.10891089108910891
protein_0290,protein_0145,0.205607476635514
protein_0290,protein_0146,0.11764705882352941
protein_0290,protein_0147,0.13725490196078433
protein_0290,protein_0148,0.1523809523809524
protein_0290,protein_0149,0.17647058823529413
protein_0290,protein_0150,0.11965811965811966
protein_0290,protein_0151,0.168141592920354
protein_0290,protein_0152,0.16964285714285715
protein_0290,protein_0153,0.16981132075471697
protein_0290,protein_0154,0.1509433962264151
protein_0290,protein_0155,0.12
protein_0290,protein_0156,0.12844036697247707
protein_0290,protein_0157,0.17142857142857143
protein_0290,protein_0158,0.16831683168316833
protein_0290,protein_0160,0.1509433962264151
protein_0290,protein_0161,0.18461538461538463
protein_0290,protein_0162,0.1523809523809524
protein_0290,protein_0163,0.46534653465346537
protein_0290,protein_0164,0.16346153846153846
protein_0290,protein_0165,0.18095238095238095
protein_0290,protein_0166,0.1346153846153846
protein_0290,protein_0167,0.17543859649122806
protein_0290,protein_0168,0.17796610169491525
protein_0290,protein_0169,0.19708029197080293
protein_0290,protein_0171,0.17647058823529413
protein_0290,protein_0172,0.17073170731707318
protein_0290,protein_0173,0.12380952380952381
protein_0290,protein_0174,0.14814814814814814
protein_0290,protein_0175,0.14953271028037382
protein_0290,protein_0176,0.18691588785046728
protein_0290,protein_0177,0.13861386138613863
protein_0290,protein_0179,0.16535433070866143
protein_0290,protein_0180,0.10810810810810811
protein_0290,protein_0181,0.14018691588785046
protein_0290,protein_0182,0.13761467889908258
protein_0290,protein_0183,0.10784313725490197
protein_0290,protein_0185,0.14423076923076922
protein_0290,protein_0187,0.14953271028037382
protein_0290,protein_0188,0.1568627450980392
protein_0290,protein_0189,0.13592233009708737
protein_0290,protein_0190,0.16822429906542055
protein_0290,protein_0191,0.16260162601626016
protein_0290,protein_0192,0.17142857142857143
protein_0290,protein_0193,0.1574074074074074
protein_0290,protein_0194,0.10891089108910891
protein_0290,protein_0195,0.10891089108910891
protein_0290,protein_0196,0.16831683168316833
protein_0290,protein_0197,0.12745098039215685
protein_0290,protein_0198,0.14705882352941177
protein_0290,protein_0199,0.15789473684210525
protein_0290,protein_0200,0.1743119266055046
protein_0290,protein_0201,0.46153846153846156
protein_0290,protein_0202,0.11214953271028037
protein_0290,protein_0203,0.1487603305785124
protein_0290,protein_0204,0.14678899082568808
protein_0290,protein_0205,0.11374407582938388
protein_0290,protein_0207,0.15873015873015872
protein_0290,protein_0208,0.19834710743801653
protein_0290,protein_0209,0.15384615384615385
protein_0290,protein_0210,0.13725490196078433
protein_0290,protein_0211,0.5096153846153846
protein_0290,protein_0212,0.18627450980392157
protein_0290,protein_0213,0.1794871794871795
protein_0290,protein_0214,0.1568627450980392
protein_0290,protein_0215,0.10784313725490197
protein_0290,protein_0216,0.36633663366336633
protein_0290,protein_0217,0.17475728155339806
protein_0290,protein_0218,0.13768115942028986
protein_0290,protein_0219,0.2230769230769231
protein_0290,protein_0220,0.1559633027522936
protein_0290,protein_0222,0.12871287128712872
protein_0290,protein_0223,0.14150943396226415
protein_0290,protein_0224,0.1553398058252427
protein_0290,protein_0225,0.17592592592592593
protein_0290,protein_0226,0.06481481481481481
protein_0290,protein_0227,0.13333333333333333
protein_0290,protein_0228,0.1322314049586777
protein_0290,protein_0229,0.17592592592592593
protein_0290,protein_0230,0.08928571428571429
protein_0290,protein_0231,0.13725490196078433
protein_0290,protein_0232,0.16346153846153846
protein_0290,protein_0233,0.11851851851851852
protein_0290,protein_0234,0.168141592920354
protein_0290,protein_0235,0.16806722689075632
protein_0290,protein_0236,0.1588785046728972
protein_0290,protein_0237,0.1588785046728972
protein_0290,protein_0238,0.13138686131386862
protein_0290,protein_0239,0.15789473684210525
protein_0290,protein_0241,0.15384615384615385
protein_0290,protein_0243,0.13861386138613863
protein_0290,protein_0245,0.14285714285714285
protein_0290,protein_0246,0.14285714285714285
protein_0290,protein_0247,0.17142857142857143
protein_0290,protein_0248,0.1188118811881188
protein_0290,protein_0250,0.11214953271028037
protein_0290,protein_0251,0.12037037037037036
protein_0290,protein_0252,0.14678899082568808
protein_0290,protein_0253,0.1652892561983471
protein_0290,protein_0255,0.1286549707602339
protein_0290,protein_0256,0.21052631578947367
protein_0290,protein_0257,0.20175438596491227
protein_0290,protein_0258,0.13761467889908258
protein_0290,protein_0259,0.1568627450980392
protein_0290,protein_0260,0.1568627450980392
protein_0290,protein_0261,0.1834862385321101
protein_0290,protein_0262,0.1678832116788321
protein_0290,protein_0263,0.13986013986013987
protein_0290,protein_0264,0.1565217391304348
protein_0290,protein_0265,0.1565217391304348
protein_0290,protein_0266,0.168141592920354
protein_0290,protein_0267,0.15384615384615385
protein_0290,protein_0268,0.1743119266055046
protein_0290,protein_0269,0.152
protein_0290,protein_0270,0.15384615384615385
protein_0290,protein_0271,0.1743119266055046
protein_0290,protein_0273,0.19626168224299065
protein_0290,protein_0274,0.14166666666666666
protein_0290,protein_0275,0.13043478260869565
protein_0290,protein_0276,0.14655172413793102
protein_0290,protein_0277,0.1485148514851485
protein_0290,protein_0278,0.12380952380952381
protein_0290,protein_0279,0.13861386138613863
protein_0290,protein_0280,0.14705882352941177
protein_0290,protein_0281,0.152
protein_0290,protein_0282,0.14705882352941177
protein_0290,protein_0283,0.10454545454545454
protein_0290,protein_0284,0.1557377049180328
protein_0290,protein_0285,0.14018691588785046
protein_0290,protein_0286,0.16964285714285715
protein_0290,protein_0287,0.19298245614035087
protein_0290,protein_0288,0.10576923076923077
protein_0290,protein_0289,0.16981132075471697
protein_0290,protein_0291,0.18548387096774194
protein_0290,protein_0292,0.17647058823529413
protein_0290,protein_0293,0.1794871794871795
protein_0290,protein_0294,0.18548387096774194
protein_0290,protein_0295,0.13861386138613863
protein_0290,protein_0297,0.16666666666666666
protein_0290,protein_0299,0.12871287128712872
protein_0290,protein_0300,0.1568627450980392
protein_0290,protein_0301,0.15384615384615385
protein_0290,protein_0302,0.12844036697247707
protein_0290,protein_0303,0.11764705882352941
protein_0290,protein_0305,0.20388349514563106
protein_0290,protein_0306,0.1349206349206349
protein_0290,protein_0307,0.16666666666666666
protein_0290,protein_0308,0.14516129032258066
protein_0290,protein_0309,0.12612612612612611
protein_0290,protein_0311,0.1574074074074074
protein_0290,protein_0312,0.12745098039215685
protein_0290,protein_0313,0.15
protein_0290,protein_0314,0.3465346534653465
protein_0290,protein_0315,0.16101694915254236
protein_0290,protein_0316,0.21100917431192662
protein_0290,protein_0317,0.46534653465346537
protein_0290,protein_0319,0.168141592920354
protein_0290,protein_0320,0.1262135922330097
protein_0290,protein_0321,0.16822429906542055
protein_0290,protein_0323,0.1559633027522936
protein_0290,protein_0324,0.1743119266055046
protein_0290,protein_0325,0.11538461538461539
protein_0290,protein_0326,0.11650485436893204
protein_0290,protein_0327,0.1619047619047619
protein_0290,protein_0328,0.14678899082568808
protein_0290,protein_0329,0.14678899082568808
protein_0290,protein_0330,0.14953271028037382
protein_0290,protein_0332,0.21487603305785125
protein_0290,protein_0333,0.184
protein_0290,protein_0334,0.18181818181818182
protein_0290,protein_0335,0.4215686274509804
protein_0290,protein_0336,0.1485148514851485
protein_0290,protein_0337,0.1782178217821782
protein_0290,protein_0338,0.16666666666666666
protein_0290,protein_0339,0.1568627450980392
protein_0290,protein_0340,0.5247524752475248
protein_0290,protein_0341,0.09009009009009009
protein_0290,protein_0342,0.1485148514851485
protein_0290,protein_0343,0.1782178217821782
protein_0290,protein_0344,0.11538461538461539
protein_0290,protein_0345,0.15841584158415842
protein_0290,protein_0346,0.15841584158415842
protein_0290,protein_0347,0.16831683168316833
protein_0290,protein_0348,0.1565217391304348
protein_0290,protein_0349,0.47058823529411764
protein_0290,protein_0350,0.1188118811881188
protein_0290,protein_0351,0.13513513513513514
protein_0290,protein_0352,0.13861386138613863
protein_0290,protein_0353,0.15625
protein_0290,protein_0354,0.13274336283185842
protein_0290,protein_0355,0.2033898305084746
protein_0290,protein_0356,0.1650485436893204
protein_0290,protein_0357,0.168
protein_0290,protein_0358,0.125
protein_0290,protein_0359,0.16
protein_0290,protein_0360,0.10891089108910891
protein_0290,protein_0361,0.152
protein_0290,protein_0362,0.1650485436893204
protein_0290,protein_0363,0.1650485436893204
protein_0290,protein_0364,0.14563106796116504
protein_0290,protein_0365,0.17475728155339806
protein_0290,protein_0366,0.17475728155339806
protein_0290,protein_0368,0.12745098039215685
protein_0290,protein_0369,0.2222222222222222
protein_0290,protein_0370,0.11538461538461539
protein_0290,protein_0371,0.1308411214953271
protein_0290,protein_0372,0.1050228310502283
protein_0290,protein_0373,0.3465346534653465
protein_0290,protein_0374,0.2
protein_0290,protein_0375,0.1346153846153846
protein_0290,protein_0376,0.12173913043478261
protein_0290,protein_0377,0.19801980198019803
protein_0290,protein_0378,0.14728682170542637
protein_0290,protein_0380,0.11607142857142858
protein_0290,protein_0381,0.11607142857142858
protein_0290,protein_0382,0.1623931623931624
protein_0290,protein_0383,0.14953271028037382
protein_0290,protein_0384,0.14018691588785046
protein_0290,protein_0385,0.10784313725490197
protein_0290,protein_0386,0.5714285714285714
protein_0290,protein_0387,0.18253968253968253
protein_0290,protein_0388,0.1834862385321101
protein_0290,protein_0390,0.1588785046728972
protein_0290,protein_0391,0.1743119266055046
protein_0290,protein_0392,0.17117117117117117
protein_0290,protein_0393,0.1743119266055046
protein_0290,protein_0394,0.16806722689075632
protein_0290,protein_0395,0.16822429906542055
protein_0290,protein_0396,0.15384615384615385
protein_0290,protein_0397,0.18627450980392157
protein_0290,protein_0398,0.12605042016806722
protein_0290,protein_0399,0.1623931623931624
protein_0296,protein_0000,0.16666666666666666
protein_0296,protein_0001,0.12389380530973451
protein_0296,protein_0002,0.11504424778761062
protein_0296,protein_0003,0.09734513274336283
protein_0296,protein_0004,0.12173913043478261
protein_0296,protein_0005,0.14285714285714285
protein_0296,protein_0006,0.15789473684210525
protein_0296,protein_0007,0.14285714285714285
protein_0296,protein_0008,0.19672131147540983
protein_0296,protein_0009,0.16153846153846155
protein_0296,protein_0010,0.1415929203539823
protein_0296,protein_0011,0.10434782608695652
protein_0296,protein_0013,0.168141592920354
protein_0296,protein_0014,0.1889763779527559
protein_0296,protein_0015,0.13675213675213677
protein_0296,protein_0016,0.18032786885245902
protein_0296,protein_0017,0.14666666666666667
protein_0296,protein_0018,0.11504424778761062
protein_0296,protein_0019,0.168141592920354
protein_0296,protein_0020,0.12389380530973451
protein_0296,protein_0021,0.18584070796460178
protein_0296,protein_0022,0.168141592920354
protein_0296,protein_0023,0.1565217391304348
protein_0296,protein_0024,0.3504273504273504
protein_0296,protein_0025,0.1694915254237288
protein_0296,protein_0026,0.1678832116788321
protein_0296,protein_0027,0.09734513274336283
protein_0296,protein_0030,0.3333333333333333
protein_0296,protein_0031,0.1968503937007874
protein_0296,protein_0032,0.13274336283185842
protein_0296,protein_0033,0.168141592920354
protein_0296,protein_0034,0.15254237288135594
protein_0296,protein_0036,0.1504424778761062
protein_0296,protein_0037,0.21428571428571427
protein_0296,protein_0038,0.21428571428571427
protein_0296,protein_0039,0.16153846153846155
protein_0296,protein_0040,0.1565217391304348
protein_0296,protein_0042,0.13274336283185842
protein_0296,protein_0043,0.16793893129770993
protein_0296,protein_0045,0.1415929203539823
protein_0296,protein_0046,0.1504424778761062
protein_0296,protein_0047,0.11504424778761062
protein_0296,protein_0048,0.11504424778761062
protein_0296,protein_0049,0.1415929203539823
protein_0296,protein_0050,0.13178294573643412
protein_0296,protein_0052,0.13274336283185842
protein_0296,protein_0053,0.14516129032258066
protein_0296,protein_0054,0.37815126050420167
protein_0296,protein_0055,0.39166666666666666
protein_0296,protein_0056,0.1652892561983471
protein_0296,protein_0057,0.14782608695652175
protein_0296,protein_0058,0.1415929203539823
protein_0296,protein_0059,0.17037037037037037
protein_0296,protein_0060,0.2
protein_0296,protein_0061,0.14655172413793102
protein_0296,protein_0062,0.13559322033898305
protein_0296,protein_0063,0.13615023474178403
protein_0296,protein_0064,0.14615384615384616
protein_0296,protein_0066,0.12096774193548387
protein_0296,protein_0067,0.13274336283185842
protein_0296,protein_0068,0.11504424778761062
protein_0296,protein_0069,0.13274336283185842
protein_0296,protein_0070,0.175
protein_0296,protein_0071,0.13793103448275862
protein_0296,protein_0072,0.14166666666666666
protein_0296,protein_0073,0.11864406779661017
protein_0296,protein_0075,0.10569105691056911
protein_0296,protein_0076,0.1504424778761062
protein_0296,protein_0077,0.15833333333333333
protein_0296,protein_0078,0.15267175572519084
protein_0296,protein_0079,0.15267175572519084
protein_0296,protein_0080,0.15126050420168066
protein_0296,protein_0081,0.175
protein_0296,protein_0082,0.1810344827586207
protein_0296,protein_0084,0.16379310344827586
protein_0296,protein_0086,0.1724137931034483
protein_0296,protein_0087,0.12389380530973451
protein_0296,protein_0088,0.1415929203539823
protein_0296,protein_0089,0.15714285714285714
protein_0296,protein_0090,0.15714285714285714
protein_0296,protein_0091,0.1532258064516129
protein_0296,protein_0092,0.1532258064516129
protein_0296,protein_0093,0.13274336283185842
protein_0296,protein_0094,0.48695652173913045
protein_0296,protein_0096,0.13114754098360656
protein_0296,protein_0097,0.09734513274336283
protein_0296,protein_0098,0.12389380530973451
protein_0296,protein_0099,0.2
protein_0296,protein_0100,0.17699115044247787
protein_0296,protein_0101,0.11864406779661017
protein_0296,protein_0102,0.11403508771929824
protein_0296,protein_0103,0.1794871794871795
protein_0296,protein_0104,0.3418803418803419
protein_0296,protein_0105,0.13043478260869565
protein_0296,protein_0106,0.125
protein_0296,protein_0108,0.15254237288135594
protein_0296,protein_0109,0.13559322033898305
protein_0296,protein_0110,0.1415929203539823
protein_0296,protein_0111,0.14166666666666666
protein_0296,protein_0112,0.19672131147540983
protein_0296,protein_0113,0.1826086956521739
protein_0296,protein_0114,0.15037593984962405
protein_0296,protein_0115,0.15517241379310345
protein_0296,protein_0116,0.14166666666666666
protein_0296,protein_0117,0.14166666666666666
protein_0296,protein_0118,0.1565217391304348
protein_0296,protein_0119,0.1532258064516129
protein_0296,protein_0120,0.14782608695652175
protein_0296,protein_0121,0.14782608695652175
protein_0296,protein_0122,0.20634920634920634
protein_0296,protein_0123,0.12280701754385964
protein_0296,protein_0124,0.1565217391304348
protein_0296,protein_0125,0.13709677419354838
protein_0296,protein_0126,0.18032786885245902
protein_0296,protein_0128,0.16101694915254236
protein_0296,protein_0129,0.144
protein_0296,protein_0130,0.16296296296296298
protein_0296,protein_0131,0.1415929203539823
protein_0296,protein_0132,0.15748031496062992
protein_0296,protein_0134,0.12389380530973451
protein_0296,protein_0135,0.17647058823529413
protein_0296,protein_0136,0.3448275862068966
protein_0296,protein_0137,0.3504273504273504
protein_0296,protein_0138,0.3504273504273504
protein_0296,protein_0139,0.1592920353982301
protein_0296,protein_0140,0.18487394957983194
protein_0296,protein_0141,0.1984126984126984
protein_0296,protein_0143,0.15517241379310345
protein_0296,protein_0144,0.12307692307692308
protein_0296,protein_0145,0.15384615384615385
protein_0296,protein_0146,0.12280701754385964
protein_0296,protein_0147,0.14166666666666666
protein_0296,protein_0148,0.13675213675213677
protein_0296,protein_0149,0.14782608695652175
protein_0296,protein_0150,0.10619469026548672
protein_0296,protein_0151,0.1440677966101695
protein_0296,protein_0152,0.1592920353982301
protein_0296,protein_0153,0.13274336283185842
protein_0296,protein_0154,0.1415929203539823
protein_0296,protein_0155,0.16129032258064516
protein_0296,protein_0156,0.2644628099173554
protein_0296,protein_0157,0.12389380530973451
protein_0296,protein_0158,0.12173913043478261
protein_0296,protein_0160,0.18487394957983194
protein_0296,protein_0161,0.3162393162393162
protein_0296,protein_0162,0.12931034482758622
protein_0296,protein_0163,0.11965811965811966
protein_0296,protein_0164,0.12931034482758622
protein_0296,protein_0165,0.1391304347826087
protein_0296,protein_0166,0.12931034482758622
protein_0296,protein_0167,0.1328125
protein_0296,protein_0168,0.109375
protein_0296,protein_0169,0.38016528925619836
protein_0296,protein_0171,0.1271186440677966
protein_0296,protein_0172,0.3629032258064516
protein_0296,protein_0173,0.13076923076923078
protein_0296,protein_0174,0.1487603305785124
protein_0296,protein_0175,0.18333333333333332
protein_0296,protein_0176,0.13274336283185842
protein_0296,protein_0177,0.1592920353982301
protein_0296,protein_0179,0.2905982905982906
protein_0296,protein_0180,0.10619469026548672
protein_0296,protein_0181,0.13274336283185842
protein_0296,protein_0182,0.12931034482758622
protein_0296,protein_0183,0.13675213675213677
protein_0296,protein_0185,0.1623931623931624
protein_0296,protein_0187,0.15
protein_0296,protein_0188,0.15789473684210525
protein_0296,protein_0189,0.13675213675213677
protein_0296,protein_0190,0.171875
protein_0296,protein_0191,0.13274336283185842
protein_0296,protein_0192,0.12931034482758622
protein_0296,protein_0193,0.11666666666666667
protein_0296,protein_0194,0.16666666666666666
protein_0296,protein_0195,0.1592920353982301
protein_0296,protein_0196,0.13274336283185842
protein_0296,protein_0197,0.22123893805309736
protein_0296,protein_0198,0.1206896551724138
protein_0296,protein_0199,0.125
protein_0296,protein_0200,0.16521739130434782
protein_0296,protein_0201,0.125
protein_0296,protein_0202,0.11504424778761062
protein_0296,protein_0203,0.35772357723577236
protein_0296,protein_0204,0.1592920353982301
protein_0296,protein_0205,0.11158798283261803
protein_0296,protein_0207,0.33076923076923076
protein_0296,protein_0208,0.14184397163120568
protein_0296,protein_0209,0.16666666666666666
protein_0296,protein_0210,0.1504424778761062
protein_0296,protein_0211,0.1721311475409836
protein_0296,protein_0212,0.10619469026548672
protein_0296,protein_0213,0.14655172413793102
protein_0296,protein_0214,0.1391304347826087
protein_0296,protein_0215,0.09090909090909091
protein_0296,protein_0216,0.1415929203539823
protein_0296,protein_0217,0.15
protein_0296,protein_0218,0.20610687022900764
protein_0296,protein_0219,0.3442622950819672
protein_0296,protein_0220,0.1590909090909091
protein_0296,protein_0222,0.14035087719298245
protein_0296,protein_0223,0.12173913043478261
protein_0296,protein_0224,0.1504424778761062
protein_0296,protein_0225,0.11764705882352941
protein_0296,protein_0226,0.13821138211382114
protein_0296,protein_0227,0.10619469026548672
protein_0296,protein_0228,0.152
protein_0296,protein_0229,0.1271186440677966
protein_0296,protein_0230,0.15
protein_0296,protein_0231,0.16129032258064516
protein_0296,protein_0232,0.1794871794871795
protein_0296,protein_0233,0.17647058823529413
protein_0296,protein_0234,0.184
protein_0296,protein_0235,0.15384615384615385
protein_0296,protein_0236,0.17391304347826086
protein_0296,protein_0237,0.17391304347826086
protein_0296,protein_0238,0.15172413793103448
protein_0296,protein_0239,0.1076923076923077
protein_0296,protein_0241,0.14615384615384616
protein_0296,protein_0243,0.14035087719298245
protein_0296,protein_0245,0.1875
protein_0296,protein_0246,0.13008130081300814
protein_0296,protein_0247,0.1504424778761062
protein_0296,protein_0248,0.11304347826086956
protein_0296,protein_0250,0.1693548387096774
protein_0296,protein_0251,0.11965811965811966
protein_0296,protein_0252,0.12389380530973451
protein_0296,protein_0253,0.183206106870229
protein_0296,protein_0255,0.12087912087912088
protein_0296,protein_0256,0.3275862068965517
protein_0296,protein_0257,0.3275862068965517
protein_0296,protein_0258,0.15384615384615385
protein_0296,protein_0259,0.1415929203539823
protein_0296,protein_0260,0.1415929203539823
protein_0296,protein_0261,0.14925373134328357
protein_0296,protein_0262,0.1342281879194631
protein_0296,protein_0263,0.15333333333333332
protein_0296,protein_0264,0.125
protein_0296,protein_0265,0.125
protein_0296,protein_0266,0.15447154471544716
protein_0296,protein_0267,0.13043478260869565
protein_0296,protein_0268,0.11864406779661017
protein_0296,protein_0269,0.373015873015873
protein_0296,protein_0270,0.1415929203539823
protein_0296,protein_0271,0.1415929203539823
protein_0296,protein_0273,0.13043478260869565
protein_0296,protein_0274,0.1391304347826087
protein_0296,protein_0275,0.16
protein_0296,protein_0276,0.15384615384615385
protein_0296,protein_0277,0.1415929203539823
protein_0296,protein_0278,0.14166666666666666
protein_0296,protein_0279,0.1694915254237288
protein_0296,protein_0280,0.17699115044247787
protein_0296,protein_0281,0.12213740458015267
protein_0296,protein_0282,0.13157894736842105
protein_0296,protein_0283,0.1318181818181818
protein_0296,protein_0284,0.18253968253968253
protein_0296,protein_0285,0.16521739130434782
protein_0296,protein_0286,0.14782608695652175
protein_0296,protein_0287,0.15037593984962405
protein_0296,protein_0288,0.11206896551724138
protein_0296,protein_0289,0.13675213675213677
protein_0296,protein_0291,0.1592920353982301
protein_0296,protein_0292,0.1504424778761062
protein_0296,protein_0293,0.13793103448275862
protein_0296,protein_0294,0.1592920353982301
protein_0296,protein_0295,0.17543859649122806
protein_0296,protein_0297,0.1440677966101695
protein_0296,protein_0299,0.16666666666666666
protein_0296,protein_0300,0.14035087719298245
protein_0296,protein_0301,0.1504424778761062
protein_0296,protein_0302,0.14220183486238533
protein_0296,protein_0303,0.1415929203539823
protein_0296,protein_0305,0.12781954887218044
protein_0296,protein_0306,0.41025641025641024
protein_0296,protein_0307,0.4152542372881356
protein_0296,protein_0308,0.3135593220338983
protein_0296,protein_0309,0.15
protein_0296,protein_0311,0.1592920353982301
protein_0296,protein_0312,0.11864406779661017
protein_0296,protein_0313,0.1796875
protein_0296,protein_0314,0.1111111111111111
protein_0296,protein_0315,0.3467741935483871
protein_0296,protein_0316,0.13157894736842105
protein_0296,protein_0317,0.1557377049180328
protein_0296,protein_0319,0.16379310344827586
protein_0296,protein_0320,0.15384615384615385
protein_0296,protein_0321,0.12173913043478261
protein_0296,protein_0323,0.1450381679389313
protein_0296,protein_0324,0.10619469026548672
protein_0296,protein_0325,0.15714285714285714
protein_0296,protein_0326,0.11504424778761062
protein_0296,protein_0327,0.13274336283185842
protein_0296,protein_0328,0.11666666666666667
protein_0296,protein_0329,0.11666666666666667
protein_0296,protein_0330,0.14655172413793102
protein_0296,protein_0332,0.15384615384615385
protein_0296,protein_0333,0.1875
protein_0296,protein_0334,0.11965811965811966
protein_0296,protein_0335,0.1322314049586777
protein_0296,protein_0336,0.13274336283185842
protein_0296,protein_0337,0.15517241379310345
protein_0296,protein_0338,0.12389380530973451
protein_0296,protein_0339,0.13274336283185842
protein_0296,protein_0340,0.17073170731707318
protein_0296,protein_0341,0.144
protein_0296,protein_0342,0.07964601769911504
protein_0296,protein_0343,0.12389380530973451
protein_0296,protein_0344,0.16101694915254236
protein_0296,protein_0345,0.15384615384615385
protein_0296,protein_0346,0.15384615384615385
protein_0296,protein_0347,0.14655172413793102
protein_0296,protein_0348,0.33613445378151263
protein_0296,protein_0349,0.12931034482758622
protein_0296,protein_0350,0.16379310344827586
protein_0296,protein_0351,0.1452991452991453
protein_0296,protein_0352,0.1623931623931624
protein_0296,protein_0353,0.17424242424242425
protein_0296,protein_0354,0.11965811965811966
protein_0296,protein_0355,0.1724137931034483
protein_0296,protein_0356,0.13274336283185842
protein_0296,protein_0357,0.2809917355371901
protein_0296,protein_0358,0.15517241379310345
protein_0296,protein_0359,0.2975206611570248
protein_0296,protein_0360,0.16393442622950818
protein_0296,protein_0361,0.358974358974359
protein_0296,protein_0362,0.13157894736842105
protein_0296,protein_0363,0.13157894736842105
protein_0296,protein_0364,0.14035087719298245
protein_0296,protein_0365,0.1794871794871795
protein_0296,protein_0366,0.17094017094017094
protein_0296,protein_0368,0.13793103448275862
protein_0296,protein_0369,0.1504424778761062
protein_0296,protein_0370,0.16101694915254236
protein_0296,protein_0371,0.14728682170542637
protein_0296,protein_0372,0.09174311926605505
protein_0296,protein_0373,0.17886178861788618
protein_0296,protein_0374,0.37606837606837606
protein_0296,protein_0375,0.1794871794871795
protein_0296,protein_0376,0.17355371900826447
protein_0296,protein_0377,0.175
protein_0296,protein_0378,0.19166666666666668
protein_0296,protein_0380,0.13043478260869565
protein_0296,protein_0381,0.13043478260869565
protein_0296,protein_0382,0.1640625
protein_0296,protein_0383,0.18421052631578946
protein_0296,protein_0384,0.12931034482758622
protein_0296,protein_0385,0.15873015873015872
protein_0296,protein_0386,0.15503875968992248
protein_0296,protein_0387,0.35344827586206895
protein_0296,protein_0388,0.12389380530973451
protein_0296,protein_0390,0.1415929203539823
protein_0296,protein_0391,0.13821138211382114
protein_0296,protein_0392,0.1623931623931624
protein_0296,protein_0393,0.1623931623931624
protein_0296,protein_0394,0.3277310924369748
protein_0296,protein_0395,0.12931034482758622
protein_0296,protein_0396,0.22413793103448276
protein_0296,protein_0397,0.13793103448275862
protein_0296,protein_0398,0.16666666666666666
protein_0296,protein_0399,0.13559322033898305
protein_0298,protein_0000,0.1827956989247312
protein_0298,protein_0001,0.31613741374799126
protein_0298,protein_0002,0.14814814814814814
protein_0298,protein_0003,0.14942528735632185
protein_0298,protein_0004,0.14893617021276595
protein_0298,protein_0005,0.11904761904761904
protein_0298,protein_0006,0.17045454545454544
protein_0298,protein_0007,0.359616727515617
protein_0298,protein_0008,0.1485148514851485
protein_0298,protein_0009,0.14942528735632185
protein_0298,protein_0010,0.14444444444444443
protein_0298,protein_0011,0.17204301075268819
protein_0298,protein_0013,0.19718309859154928
protein_0298,protein_0014,0.13416490664864408
protein_0298,protein_0015,0.15151515151515152
protein_0298,protein_0016,0.1717171717171717
protein_0298,protein_0017,0.109375
protein_0298,protein_0018,0.14130434782608695
protein_0298,protein_0019,0.3038868375172864
protein_0298,protein_0020,0.17045454545454544
protein_0298,protein_0021,0.17073170731707318
protein_0298,protein_0022,0.1451310861423221
protein_0298,protein_0023,0.13392857142857142
protein_0298,protein_0024,0.1282051282051282
protein_0298,protein_0025,0.15555555555555556
protein_0298,protein_0026,0.13953488372093023
protein_0298,protein_0027,0.16636029411764708
protein_0298,protein_0030,0.14285714285714285
protein_0298,protein_0031,0.1717171717171717
protein_0298,protein_0032,0.17045454545454544
protein_0298,protein_0033,0.1724137931034483
protein_0298,protein_0034,0.12643678160919541
protein_0298,protein_0036,0.36928081352609654
protein_0298,protein_0037,0.14503042596348886
protein_0298,protein_0038,0.14503042596348886
protein_0298,protein_0039,0.16091954022988506
protein_0298,protein_0040,0.14925373134328357
protein_0298,protein_0042,0.15294117647058825
protein_0298,protein_0043,0.16091954022988506
protein_0298,protein_0045,0.13636363636363635
protein_0298,protein_0046,0.36651327923975496
protein_0298,protein_0047,0.14942528735632185
protein_0298,protein_0048,0.1724137931034483
protein_0298,protein_0049,0.16091954022988506
protein_0298,protein_0050,0.16
protein_0298,protein_0052,0.1724137931034483
protein_0298,protein_0053,0.15730337078651685
protein_0298,protein_0054,0.13559322033898305
protein_0298,protein_0055,0.13934426229508196
protein_0298,protein_0056,0.12014428412874584
protein_0298,protein_0057,0.359616727515617
protein_0298,protein_0058,0.17391304347826086
protein_0298,protein_0059,0.15384615384615385
protein_0298,protein_0060,0.1186623516720604
protein_0298,protein_0061,0.14772727272727273
protein_0298,protein_0062,0.13793103448275862
protein_0298,protein_0063,0.09345794392523364
protein_0298,protein_0064,0.13793103448275862
protein_0298,protein_0066,0.2
protein_0298,protein_0067,0.16666666666666666
protein_0298,protein_0068,0.16091954022988506
protein_0298,protein_0069,0.1839080459770115
protein_0298,protein_0070,0.17204301075268819
protein_0298,protein_0071,0.1827956989247312
protein_0298,protein_0072,0.3539650589378357
protein_0298,protein_0073,0.13793103448275862
protein_0298,protein_0075,0.13402061855670103
protein_0298,protein_0076,0.16
protein_0298,protein_0077,0.17045454545454544
protein_0298,protein_0078,0.1485148514851485
protein_0298,protein_0079,0.1485148514851485
protein_0298,protein_0080,0.15730337078651685
protein_0298,protein_0081,0.16091954022988506
protein_0298,protein_0082,0.1523809523809524
protein_0298,protein_0084,0.14877220480668757
protein_0298,protein_0086,0.1619047619047619
protein_0298,protein_0087,0.4070197044334975
protein_0298,protein_0088,0.12643678160919541
protein_0298,protein_0089,0.12829153605015675
protein_0298,protein_0090,0.13653308480894688
protein_0298,protein_0091,0.1592920353982301
protein_0298,protein_0092,0.1592920353982301
protein_0298,protein_0093,0.1566265060240964
protein_0298,protein_0094,0.14035087719298245
protein_0298,protein_0096,0.16
protein_0298,protein_0097,0.16091954022988506
protein_0298,protein_0098,0.14130434782608695
protein_0298,protein_0099,0.16652236652236652
protein_0298,protein_0100,0.30331070666866145
protein_0298,protein_0101,0.13793103448275862
protein_0298,protein_0102,0.14942528735632185
protein_0298,protein_0103,0.14772727272727273
protein_0298,protein_0104,0.11764705882352941
protein_0298,protein_0105,0.15789473684210525
protein_0298,protein_0106,0.13553113553113552
protein_0298,protein_0108,0.17073170731707318
protein_0298,protein_0109,0.2465255064755884
protein_0298,protein_0110,0.15730337078651685
protein_0298,protein_0111,0.16666666666666666
protein_0298,protein_0112,0.18811881188118812
protein_0298,protein_0113,0.19148936170212766
protein_0298,protein_0114,0.1590909090909091
protein_0298,protein_0115,0.18604651162790697
protein_0298,protein_0116,0.11610845295055822
protein_0298,protein_0117,0.11610845295055822
protein_0298,protein_0118,0.2992378476019214
protein_0298,protein_0119,0.1346153846153846
protein_0298,protein_0120,0.16091954022988506
protein_0298,protein_0121,0.16091954022988506
protein_0298,protein_0122,0.14993238674780257
protein_0298,protein_0123,0.2713647348594026
protein_0298,protein_0124,0.16666666666666666
protein_0298,protein_0125,0.15306122448979592
protein_0298,protein_0126,0.16
protein_0298,protein_0128,0.18681318681318682
protein_0298,protein_0129,0.13793103448275862
protein_0298,protein_0130,0.12651515151515152
protein_0298,protein_0131,0.18091306459446332
protein_0298,protein_0132,0.16037735849056603
protein_0298,protein_0134,0.13953488372093023
protein_0298,protein_0135,0.16666666666666666
protein_0298,protein_0136,0.14655172413793102
protein_0298,protein_0137,0.1452991452991453
protein_0298,protein_0138,0.1452991452991453
protein_0298,protein_0139,0.2719393572751104
protein_0298,protein_0140,0.14736842105263157
protein_0298,protein_0141,0.15213920817369092
protein_0298,protein_0143,0.15555555555555556
protein_0298,protein_0144,0.1590909090909091
protein_0298,protein_0145,0.34238244514106586
protein_0298,protein_0146,0.136986301369863
protein_0298,protein_0147,0.16091954022988506
protein_0298,protein_0148,0.1724137931034483
protein_0298,protein_0149,0.32177184522988034
protein_0298,protein_0150,0.14942528735632185
protein_0298,protein_0151,0.14606741573033707
protein_0298,protein_0152,0.32471412475998535
protein_0298,protein_0153,0.14998082086689682
protein_0298,protein_0154,0.14154200230149597
protein_0298,protein_0155,0.11965811965811966
protein_0298,protein_0156,0.12149532710280374
protein_0298,protein_0157,0.14285714285714285
protein_0298,protein_0158,0.38414912673533363
protein_0298,protein_0160,0.1511627906976744
protein_0298,protein_0161,0.13821138211382114
protein_0298,protein_0162,0.17073170731707318
protein_0298,protein_0163,0.1485148514851485
protein_0298,protein_0164,0.13793103448275862
protein_0298,protein_0165,0.4521847532116295
protein_0298,protein_0166,0.1590909090909091
protein_0298,protein_0167,0.10263157894736842
protein_0298,protein_0168,0.10279106858054227
protein_0298,protein_0169,0.12931034482758622
protein_0298,protein_0171,0.16091954022988506
protein_0298,protein_0172,0.1452991452991453
protein_0298,protein_0173,0.15555555555555556
protein_0298,protein_0174,0.16091954022988506
protein_0298,protein_0175,0.15053763440860216
protein_0298,protein_0176,0.34194024423452907
protein_0298,protein_0177,0.2834257999645117
protein_0298,protein_0179,0.1592920353982301
protein_0298,protein_0180,0.1590909090909091
protein_0298,protein_0181,0.15384615384615385
protein_0298,protein_0182,0.14942528735632185
protein_0298,protein_0183,0.15841584158415842
protein_0298,protein_0185,0.20689655172413793
protein_0298,protein_0187,0.14942528735632185
protein_0298,protein_0188,0.35629859746904835
protein_0298,protein_0189,0.1956521739130435
protein_0298,protein_0190,0.18478260869565216
protein_0298,protein_0191,0.13793103448275862
protein_0298,protein_0192,0.1566265060240964
protein_0298,protein_0193,0.16483516483516483
protein_0298,protein_0194,0.1590909090909091
protein_0298,protein_0195,0.17045454545454544
protein_0298,protein_0196,0.16129032258064516
protein_0298,protein_0197,0.16279069767441862
protein_0298,protein_0198,0.13793103448275862
protein_0298,protein_0199,0.13333333333333333
protein_0298,protein_0200,0.1827956989247312
protein_0298,protein_0201,0.17
protein_0298,protein_0202,0.13793103448275862
protein_0298,protein_0203,0.1271186440677966
protein_0298,protein_0204,0.37240169388989713
protein_0298,protein_0205,0.10377358490566038
protein_0298,protein_0207,0.1452991452991453
protein_0298,protein_0208,0.13846954711087975
protein_0298,protein_0209,0.13793103448275862
protein_0298,protein_0210,0.17647058823529413
protein_0298,protein_0211,0.1470873786407767
protein_0298,protein_0212,0.20833333333333334
protein_0298,protein_0213,0.18888888888888888
protein_0298,protein_0214,0.17391304347826086
protein_0298,protein_0215,0.15151515151515152
protein_0298,protein_0216,0.14432989690721648
protein_0298,protein_0217,0.15555555555555556
protein_0298,protein_0218,0.12
protein_0298,protein_0219,0.15126050420168066
protein_0298,protein_0220,0.12643678160919541
protein_0298,protein_0222,0.1744186046511628
protein_0298,protein_0223,0.2028985507246377
protein_0298,protein_0224,0.22052002974254112
protein_0298,protein_0225,0.14634146341463414
protein_0298,protein_0226,0.13829787234042554
protein_0298,protein_0227,0.14492753623188406
protein_0298,protein_0228,0.13472222222222222
protein_0298,protein_0229,0.13953488372093023
protein_0298,protein_0230,0.12359550561797752
protein_0298,protein_0231,0.20430107526881722
protein_0298,protein_0232,0.37886727969151
protein_0298,protein_0233,0.14173228346456693
protein_0298,protein_0234,0.1941747572815534
protein_0298,protein_0235,0.12905716200910708
protein_0298,protein_0236,0.13072744449692963
protein_0298,protein_0237,0.13072744449692963
protein_0298,protein_0238,0.11450381679389313
protein_0298,protein_0239,0.14606741573033707
protein_0298,protein_0241,0.13793103448275862
protein_0298,protein_0243,0.15730337078651685
protein_0298,protein_0245,0.1294134000556019
protein_0298,protein_0246,0.2087912087912088
protein_0298,protein_0247,0.1457456933472923
protein_0298,protein_0248,0.15730337078651685
protein_0298,protein_0250,0.14230557087699947
protein_0298,protein_0251,0.16129032258064516
protein_0298,protein_0252,0.1511627906976744
protein_0298,protein_0253,0.168141592920354
protein_0298,protein_0255,0.08187134502923976
protein_0298,protein_0256,0.15
protein_0298,protein_0257,0.1414141414141414
protein_0298,protein_0258,0.16483516483516483
protein_0298,protein_0259,0.35439095387371244
protein_0298,protein_0260,0.35439095387371244
protein_0298,protein_0261,0.16161616161616163
protein_0298,protein_0262,0.11851851851851852
protein_0298,protein_0263,0.11029411764705882
protein_0298,protein_0264,0.15217391304347827
protein_0298,protein_0265,0.15217391304347827
protein_0298,protein_0266,0.16505507955936352
protein_0298,protein_0267,0.1276595744680851
protein_0298,protein_0268,0.1511627906976744
protein_0298,protein_0269,0.12931034482758622
protein_0298,protein_0270,0.2112676056338028
protein_0298,protein_0271,0.6699079204916771
protein_0298,protein_0273,0.14154259718775847
protein_0298,protein_0274,0.15555555555555556
protein_0298,protein_0275,0.18181818181818182
protein_0298,protein_0276,0.20833333333333334
protein_0298,protein_0277,0.27659963328798726
protein_0298,protein_0278,0.13829787234042554
protein_0298,protein_0279,0.13953488372093023
protein_0298,protein_0280,0.1728395061728395
protein_0298,protein_0281,0.16071428571428573
protein_0298,protein_0282,0.14864864864864866
protein_0298,protein_0283,0.09545454545454546
protein_0298,protein_0284,0.13240495137046862
protein_0298,protein_0285,0.13793103448275862
protein_0298,protein_0286,0.3211717321932026
protein_0298,protein_0287,0.11214953271028037
protein_0298,protein_0288,0.17073170731707318
protein_0298,protein_0289,0.15772576636288319
protein_0298,protein_0291,0.14359923572963934
protein_0298,protein_0292,0.28799846217543035
protein_0298,protein_0293,0.14772727272727273
protein_0298,protein_0294,0.14359923572963934
protein_0298,protein_0295,0.3724451410658307
protein_0298,protein_0297,0.382992843201041
protein_0298,protein_0299,0.14485294117647057
protein_0298,protein_0300,0.15069953364423716
protein_0298,protein_0301,0.14768934531450578
protein_0298,protein_0302,0.09216589861751152
protein_0298,protein_0303,0.1794871794871795
protein_0298,protein_0305,0.1473015873015873
protein_0298,protein_0306,0.13934426229508196
protein_0298,protein_0307,0.15254237288135594
protein_0298,protein_0308,0.1391304347826087
protein_0298,protein_0309,0.13176328502415457
protein_0298,protein_0311,0.14285714285714285
protein_0298,protein_0312,0.16091954022988506
protein_0298,protein_0313,0.13184584178498987
protein_0298,protein_0314,0.17647058823529413
protein_0298,protein_0315,0.13157894736842105
protein_0298,protein_0316,0.2664662840639259
protein_0298,protein_0317,0.15841584158415842
protein_0298,protein_0319,0.15555555555555556
protein_0298,protein_0320,0.1935483870967742
protein_0298,protein_0321,0.17045454545454544
protein_0298,protein_0323,0.14942528735632185
protein_0298,protein_0324,0.16666666666666666
protein_0298,protein_0325,0.11958480219349785
protein_0298,protein_0326,0.2375
protein_0298,protein_0327,0.1839080459770115
protein_0298,protein_0328,0.13793103448275862
protein_0298,protein_0329,0.13793103448275862
protein_0298,protein_0330,0.17204301075268819
protein_0298,protein_0332,0.16548343475321164
protein_0298,protein_0333,0.13269100743745774
protein_0298,protein_0334,0.12359550561797752
protein_0298,protein_0335,0.16161616161616163
protein_0298,protein_0336,0.287043896279633
protein_0298,protein_0337,0.14339683305200546
protein_0298,protein_0338,0.16091954022988506
protein_0298,protein_0339,0.28298234701412456
protein_0298,protein_0340,0.19607843137254902
protein_0298,protein_0341,0.12745098039215685
protein_0298,protein_0342,0.22972972972972974
protein_0298,protein_0343,0.13597763048881523
protein_0298,protein_0344,0.19540229885057472
protein_0298,protein_0345,0.17589285714285713
protein_0298,protein_0346,0.17589285714285713
protein_0298,protein_0347,0.32708784456344636
protein_0298,protein_0348,0.12173913043478261
protein_0298,protein_0349,0.18
protein_0298,protein_0350,0.16091954022988506
protein_0298,protein_0351,0.1724137931034483
protein_0298,protein_0352,0.2834257999645117
protein_0298,protein_0353,0.11890338614476545
protein_0298,protein_0354,0.20454545454545456
protein_0298,protein_0355,0.1732874293785311
protein_0298,protein_0356,0.2901048603967008
protein_0298,protein_0357,0.14049586776859505
protein_0298,protein_0358,0.16091954022988506
protein_0298,protein_0359,0.12605042016806722
protein_0298,protein_0360,0.12643678160919541
protein_0298,protein_0361,0.1440677966101695
protein_0298,protein_0362,0.16091954022988506
protein_0298,protein_0363,0.16091954022988506
protein_0298,protein_0364,0.18181818181818182
protein_0298,protein_0365,0.18604651162790697
protein_0298,protein_0366,0.18604651162790697
protein_0298,protein_0368,0.2235294117647059
protein_0298,protein_0369,0.18518518518518517
protein_0298,protein_0370,0.19540229885057472
protein_0298,protein_0371,0.16279069767441862
protein_0298,protein_0372,0.1
protein_0298,protein_0373,0.14018691588785046
protein_0298,protein_0374,0.1694915254237288
protein_0298,protein_0375,0.16091954022988506
protein_0298,protein_0376,0.12121212121212122
protein_0298,protein_0377,0.10344827586206896
protein_0298,protein_0378,0.17592592592592593
protein_0298,protein_0380,0.1431732288875146
protein_0298,protein_0381,0.1431732288875146
protein_0298,protein_0382,0.13228438228438227
protein_0298,protein_0383,0.3149838389741955
protein_0298,protein_0384,0.16091954022988506
protein_0298,protein_0385,0.16
protein_0298,protein_0386,0.18181818181818182
protein_0298,protein_0387,0.10526315789473684
protein_0298,protein_0388,0.28341980096286906
protein_0298,protein_0390,0.14942528735632185
protein_0298,protein_0391,0.13829787234042554
protein_0298,protein_0392,0.14942528735632185
protein_0298,protein_0393,0.20689655172413793
protein_0298,protein_0394,0.14912280701754385
protein_0298,protein_0395,0.14432989690721648
protein_0298,protein_0396,0.1452991452991453
protein_0298,protein_0397,0.16470588235294117
protein_0298,protein_0398,0.1340987004703819
protein_0298,protein_0399,0.16091954022988506
protein_0304,protein_0000,0.13
protein_0304,protein_0001,0.1527777777777778
protein_0304,protein_0002,0.18292682926829268
protein_0304,protein_0003,0.16853932584269662
protein_0304,protein_0004,0.1724137931034483
protein_0304,protein_0005,0.14942528735632185
protein_0304,protein_0006,0.13725490196078433
protein_0304,protein_0007,0.16923076923076924
protein_0304,protein_0008,0.19
protein_0304,protein_0009,0.14942528735632185
protein_0304,protein_0010,0.15384615384615385
protein_0304,protein_0011,0.18478260869565216
protein_0304,protein_0013,0.17567567567567569
protein_0304,protein_0014,0.13783403656821377
protein_0304,protein_0015,0.16666666666666666
protein_0304,protein_0016,0.11320754716981132
protein_0304,protein_0017,0.12307692307692308
protein_0304,protein_0018,0.14772727272727273
protein_0304,protein_0019,0.17527228721258573
protein_0304,protein_0020,0.1744186046511628
protein_0304,protein_0021,0.25
protein_0304,protein_0022,0.12132156233279828
protein_0304,protein_0023,0.13988095238095238
protein_0304,protein_0024,0.15254237288135594
protein_0304,protein_0025,0.1590909090909091
protein_0304,protein_0026,0.13178294573643412
protein_0304,protein_0027,0.15625
protein_0304,protein_0030,0.15702479338842976
protein_0304,protein_0031,0.16
protein_0304,protein_0032,0.1724137931034483
protein_0304,protein_0033,0.16091954022988506
protein_0304,protein_0034,0.18
protein_0304,protein_0036,0.1968121968121968
protein_0304,protein_0037,0.1244731537474803
protein_0304,protein_0038,0.1244731537474803
protein_0304,protein_0039,0.13793103448275862
protein_0304,protein_0040,0.19480519480519481
protein_0304,protein_0042,0.14705882352941177
protein_0304,protein_0043,0.14
protein_0304,protein_0045,0.19540229885057472
protein_0304,protein_0046,0.1852502194907814
protein_0304,protein_0047,0.14
protein_0304,protein_0048,0.13861386138613863
protein_0304,protein_0049,0.12087912087912088
protein_0304,protein_0050,0.18095238095238095
protein_0304,protein_0052,0.13793103448275862
protein_0304,protein_0053,0.14
protein_0304,protein_0054,0.17094017094017094
protein_0304,protein_0055,0.1694915254237288
protein_0304,protein_0056,0.17524509803921567
protein_0304,protein_0057,0.17692307692307693
protein_0304,protein_0058,0.16883116883116883
protein_0304,protein_0059,0.12643678160919541
protein_0304,protein_0060,0.16103773584905662
protein_0304,protein_0061,0.14130434782608695
protein_0304,protein_0062,0.1590909090909091
protein_0304,protein_0063,0.0892018779342723
protein_0304,protein_0064,0.14444444444444443
protein_0304,protein_0066,0.18691588785046728
protein_0304,protein_0067,0.12790697674418605
protein_0304,protein_0068,0.14285714285714285
protein_0304,protein_0069,0.15384615384615385
protein_0304,protein_0070,0.13186813186813187
protein_0304,protein_0071,0.16
protein_0304,protein_0072,0.15965250965250966
protein_0304,protein_0073,0.18181818181818182
protein_0304,protein_0075,0.12857142857142856
protein_0304,protein_0076,0.15
protein_0304,protein_0077,0.15384615384615385
protein_0304,protein_0078,0.13592233009708737
protein_0304,protein_0079,0.13592233009708737
protein_0304,protein_0080,0.12643678160919541
protein_0304,protein_0081,0.125
protein_0304,protein_0082,0.19230769230769232
protein_0304,protein_0084,0.1686046511627907
protein_0304,protein_0086,0.16
protein_0304,protein_0087,0.15373781148429036
protein_0304,protein_0088,0.1724137931034483
protein_0304,protein_0089,0.15079051383399208
protein_0304,protein_0090,0.15533596837944663
protein_0304,protein_0091,0.17391304347826086
protein_0304,protein_0092,0.17391304347826086
protein_0304,protein_0093,0.13095238095238096
protein_0304,protein_0094,0.15789473684210525
protein_0304,protein_0096,0.13131313131313133
protein_0304,protein_0097,0.14285714285714285
protein_0304,protein_0098,0.14772727272727273
protein_0304,protein_0099,0.14241084302605017
protein_0304,protein_0100,0.21445606310768667
protein_0304,protein_0101,0.1590909090909091
protein_0304,protein_0102,0.14942528735632185
protein_0304,protein_0103,0.1839080459770115
protein_0304,protein_0104,0.13559322033898305
protein_0304,protein_0105,0.16049382716049382
protein_0304,protein_0106,0.1429160419790105
protein_0304,protein_0108,0.15476190476190477
protein_0304,protein_0109,0.16721014492753622
protein_0304,protein_0110,0.18888888888888888
protein_0304,protein_0111,0.15555555555555556
protein_0304,protein_0112,0.1782178217821782
protein_0304,protein_0113,0.16666666666666666
protein_0304,protein_0114,0.17045454545454544
protein_0304,protein_0115,0.13253012048192772
protein_0304,protein_0116,0.11929824561403508
protein_0304,protein_0117,0.11929824561403508
protein_0304,protein_0118,0.19654556283502084
protein_0304,protein_0119,0.2079207920792079
protein_0304,protein_0120,0.1724137931034483
protein_0304,protein_0121,0.1724137931034483
protein_0304,protein_0122,0.11976381461675581
protein_0304,protein_0123,0.17933006535947713
protein_0304,protein_0124,0.1724137931034483
protein_0304,protein_0125,0.16161616161616163
protein_0304,protein_0126,0.1414141414141414
protein_0304,protein_0128,0.12643678160919541
protein_0304,protein_0129,0.14772727272727273
protein_0304,protein_0130,0.15533596837944663
protein_0304,protein_0131,0.18936487638533675
protein_0304,protein_0132,0.1388888888888889
protein_0304,protein_0134,0.17777777777777778
protein_0304,protein_0135,0.15730337078651685
protein_0304,protein_0136,0.14655172413793102
protein_0304,protein_0137,0.17094017094017094
protein_0304,protein_0138,0.17094017094017094
protein_0304,protein_0139,0.16233766233766234
protein_0304,protein_0140,0.1590909090909091
protein_0304,protein_0141,0.11976381461675581
protein_0304,protein_0143,0.16666666666666666
protein_0304,protein_0144,0.11363636363636363
protein_0304,protein_0145,0.2148648648648649
protein_0304,protein_0146,0.16666666666666666
protein_0304,protein_0147,0.16483516483516483
protein_0304,protein_0148,0.13333333333333333
protein_0304,protein_0149,0.22606965174129354
protein_0304,protein_0150,0.14772727272727273
protein_0304,protein_0151,0.23595505617977527
protein_0304,protein_0152,0.20984713122890608
protein_0304,protein_0153,0.14485759493670886
protein_0304,protein_0154,0.14295977011494254
protein_0304,protein_0155,0.125
protein_0304,protein_0156,0.1308411214953271
protein_0304,protein_0157,0.15476190476190477
protein_0304,protein_0158,0.17164179104477612
protein_0304,protein_0160,0.1724137931034483
protein_0304,protein_0161,0.13675213675213677
protein_0304,protein_0162,0.18518518518518517
protein_0304,protein_0163,0.18627450980392157
protein_0304,protein_0164,0.1839080459770115
protein_0304,protein_0165,0.18672014260249553
protein_0304,protein_0166,0.1839080459770115
protein_0304,protein_0167,0.16985645933014354
protein_0304,protein_0168,0.1867816091954023
protein_0304,protein_0169,0.11570247933884298
protein_0304,protein_0171,0.14772727272727273
protein_0304,protein_0172,0.15126050420168066
protein_0304,protein_0173,0.16091954022988506
protein_0304,protein_0174,0.16091954022988506
protein_0304,protein_0175,0.17045454545454544
protein_0304,protein_0176,0.20591787439613526
protein_0304,protein_0177,0.17543859649122806
protein_0304,protein_0179,0.13274336283185842
protein_0304,protein_0180,0.14942528735632185
protein_0304,protein_0181,0.12643678160919541
protein_0304,protein_0182,0.14772727272727273
protein_0304,protein_0183,0.1568627450980392
protein_0304,protein_0185,0.14130434782608695
protein_0304,protein_0187,0.16091954022988506
protein_0304,protein_0188,0.18576693576693576
protein_0304,protein_0189,0.14736842105263157
protein_0304,protein_0190,0.19148936170212766
protein_0304,protein_0191,0.18681318681318682
protein_0304,protein_0192,0.1927710843373494
protein_0304,protein_0193,0.1595744680851064
protein_0304,protein_0194,0.16091954022988506
protein_0304,protein_0195,0.21739130434782608
protein_0304,protein_0196,0.13829787234042554
protein_0304,protein_0197,0.1839080459770115
protein_0304,protein_0198,0.14942528735632185
protein_0304,protein_0199,0.2087912087912088
protein_0304,protein_0200,0.1935483870967742
protein_0304,protein_0201,0.18095238095238095
protein_0304,protein_0202,0.15217391304347827
protein_0304,protein_0203,0.14516129032258066
protein_0304,protein_0204,0.17783816425120774
protein_0304,protein_0205,0.07582938388625593
protein_0304,protein_0207,0.11864406779661017
protein_0304,protein_0208,0.11513377926421405
protein_0304,protein_0209,0.15053763440860216
protein_0304,protein_0210,0.1348314606741573
protein_0304,protein_0211,0.17051820728291317
protein_0304,protein_0212,0.18421052631578946
protein_0304,protein_0213,0.15217391304347827
protein_0304,protein_0214,0.19718309859154928
protein_0304,protein_0215,0.16901408450704225
protein_0304,protein_0216,0.19
protein_0304,protein_0217,0.1827956989247312
protein_0304,protein_0218,0.13076923076923078
protein_0304,protein_0219,0.12903225806451613
protein_0304,protein_0220,0.15217391304347827
protein_0304,protein_0222,0.13043478260869565
protein_0304,protein_0223,0.21052631578947367
protein_0304,protein_0224,0.18336886993603413
protein_0304,protein_0225,0.13953488372093023
protein_0304,protein_0226,0.2
protein_0304,protein_0227,0.2898550724637681
protein_0304,protein_0228,0.12496626180836706
protein_0304,protein_0229,0.18604651162790697
protein_0304,protein_0230,0.17708333333333334
protein_0304,protein_0231,0.14772727272727273
protein_0304,protein_0232,0.20995433789954338
protein_0304,protein_0233,0.12598425196850394
protein_0304,protein_0234,0.18181818181818182
protein_0304,protein_0235,0.11077694235588972
protein_0304,protein_0236,0.10766819387509043
protein_0304,protein_0237,0.10766819387509043
protein_0304,protein_0238,0.11363636363636363
protein_0304,protein_0239,0.16666666666666666
protein_0304,protein_0241,0.17777777777777778
protein_0304,protein_0243,0.16304347826086957
protein_0304,protein_0245,0.1340909090909091
protein_0304,protein_0246,0.16304347826086957
protein_0304,protein_0247,0.16838568526332237
protein_0304,protein_0248,0.1724137931034483
protein_0304,protein_0250,0.14697662601626016
protein_0304,protein_0251,0.16483516483516483
protein_0304,protein_0252,0.1839080459770115
protein_0304,protein_0253,0.168141592920354
protein_0304,protein_0255,0.1111111111111111
protein_0304,protein_0256,0.16831683168316833
protein_0304,protein_0257,0.16
protein_0304,protein_0258,0.1956521739130435
protein_0304,protein_0259,0.1869022869022869
protein_0304,protein_0260,0.1869022869022869
protein_0304,protein_0261,0.13131313131313133
protein_0304,protein_0262,0.125
protein_0304,protein_0263,0.11888111888111888
protein_0304,protein_0264,0.15789473684210525
protein_0304,protein_0265,0.15789473684210525
protein_0304,protein_0266,0.12584996709804783
protein_0304,protein_0267,0.18085106382978725
protein_0304,protein_0268,0.19767441860465115
protein_0304,protein_0269,0.10344827586206896
protein_0304,protein_0270,0.14084507042253522
protein_0304,protein_0271,0.18792792792792795
protein_0304,protein_0273,0.12178783219855041
protein_0304,protein_0274,0.25274725274725274
protein_0304,protein_0275,0.16
protein_0304,protein_0276,0.14942528735632185
protein_0304,protein_0277,0.1855263157894737
protein_0304,protein_0278,0.14893617021276595
protein_0304,protein_0279,0.12790697674418605
protein_0304,protein_0280,0.13414634146341464
protein_0304,protein_0281,0.1565217391304348
protein_0304,protein_0282,0.1780821917808219
protein_0304,protein_0283,0.09009009009009009
protein_0304,protein_0284,0.1303475935828877
protein_0304,protein_0285,0.14432989690721648
protein_0304,protein_0286,0.20065520065520065
protein_0304,protein_0287,0.12149532710280374
protein_0304,protein_0288,0.1875
protein_0304,protein_0289,0.7769230769230769
protein_0304,protein_0291,0.1511904761904762
protein_0304,protein_0292,0.1850307287093942
protein_0304,protein_0293,0.2087912087912088
protein_0304,protein_0294,0.1511904761904762
protein_0304,protein_0295,0.16179969716634218
protein_0304,protein_0297,0.16103692065985858
protein_0304,protein_0299,0.1292134831460674
protein_0304,protein_0300,0.11650233523611832
protein_0304,protein_0301,0.11130811662726556
protein_0304,protein_0302,0.08181818181818182
protein_0304,protein_0303,0.1728395061728395
protein_0304,protein_0305,0.1534090909090909
protein_0304,protein_0306,0.1694915254237288
protein_0304,protein_0307,0.19327731092436976
protein_0304,protein_0308,0.15126050420168066
protein_0304,protein_0309,0.15000000000000002
protein_0304,protein_0311,0.19318181818181818
protein_0304,protein_0312,0.15384615384615385
protein_0304,protein_0313,0.16592071611253195
protein_0304,protein_0314,0.16
protein_0304,protein_0315,0.125
protein_0304,protein_0316,0.2057109557109557
protein_0304,protein_0317,0.23529411764705882
protein_0304,protein_0319,0.14583333333333334
protein_0304,protein_0320,0.14772727272727273
protein_0304,protein_0321,0.1348314606741573
protein_0304,protein_0323,0.1414141414141414
protein_0304,protein_0324,0.19480519480519481
protein_0304,protein_0325,0.14346829640947287
protein_0304,protein_0326,0.15
protein_0304,protein_0327,0.1348314606741573
protein_0304,protein_0328,0.16071428571428573
protein_0304,protein_0329,0.16071428571428573
protein_0304,protein_0330,0.0970873786407767
protein_0304,protein_0332,0.16892230576441103
protein_0304,protein_0333,0.17746028243601059
protein_0304,protein_0334,0.14285714285714285
protein_0304,protein_0335,0.16346153846153846
protein_0304,protein_0336,0.17892156862745096
protein_0304,protein_0337,0.1563452967393854
protein_0304,protein_0338,0.1702127659574468
protein_0304,protein_0339,0.18606060606060607
protein_0304,protein_0340,0.1619047619047619
protein_0304,protein_0341,0.16666666666666666
protein_0304,protein_0342,0.18840579710144928
protein_0304,protein_0343,0.8076923076923077
protein_0304,protein_0344,0.1724137931034483
protein_0304,protein_0345,0.17310110663983902
protein_0304,protein_0346,0.17310110663983902
protein_0304,protein_0347,0.19770378874856487
protein_0304,protein_0348,0.11864406779661017
protein_0304,protein_0349,0.17647058823529413
protein_0304,protein_0350,0.1839080459770115
protein_0304,protein_0351,0.20652173913043478
protein_0304,protein_0352,0.1791044776119403
protein_0304,protein_0353,0.13856821589205398
protein_0304,protein_0354,0.17045454545454544
protein_0304,protein_0355,0.14813218390804597
protein_0304,protein_0356,0.2119402985074627
protein_0304,protein_0357,0.14049586776859505
protein_0304,protein_0358,0.16091954022988506
protein_0304,protein_0359,0.14285714285714285
protein_0304,protein_0360,0.1978021978021978
protein_0304,protein_0361,0.1440677966101695
protein_0304,protein_0362,0.16091954022988506
protein_0304,protein_0363,0.16091954022988506
protein_0304,protein_0364,0.16091954022988506
protein_0304,protein_0365,0.15294117647058825
protein_0304,protein_0366,0.15294117647058825
protein_0304,protein_0368,0.18681318681318682
protein_0304,protein_0369,0.17333333333333334
protein_0304,protein_0370,0.1724137931034483
protein_0304,protein_0371,0.17777777777777778
protein_0304,protein_0372,0.0871559633027523
protein_0304,protein_0373,0.19230769230769232
protein_0304,protein_0374,0.1794871794871795
protein_0304,protein_0375,0.19540229885057472
protein_0304,protein_0376,0.18867924528301888
protein_0304,protein_0377,0.14942528735632185
protein_0304,protein_0378,0.17592592592592593
protein_0304,protein_0380,0.16867612293144207
protein_0304,protein_0381,0.16867612293144207
protein_0304,protein_0382,0.15464895635673626
protein_0304,protein_0383,0.18974358974358974
protein_0304,protein_0384,0.17582417582417584
protein_0304,protein_0385,0.1568627450980392
protein_0304,protein_0386,0.19811320754716982
protein_0304,protein_0387,0.15151515151515152
protein_0304,protein_0388,0.1581447963800905
protein_0304,protein_0390,0.11494252873563218
protein_0304,protein_0391,0.18181818181818182
protein_0304,protein_0392,0.18181818181818182
protein_0304,protein_0393,0.18181818181818182
protein_0304,protein_0394,0.1282051282051282
protein_0304,protein_0395,0.15384615384615385
protein_0304,protein_0396,0.16666666666666666
protein_0304,protein_0397,0.17647058823529413
protein_0304,protein_0398,0.1601216814159292
protein_0304,protein_0399,0.15384615384615385
protein_0310,protein_0000,0.20909090909090908
protein_0310,protein_0001,0.15151515151515152
protein_0310,protein_0002,0.18181818181818182
protein_0310,protein_0003,0.205607476635514
protein_0310,protein_0004,0.14423076923076922
protein_0310,protein_0005,0.18867924528301888
protein_0310,protein_0006,0.17543859649122806
protein_0310,protein_0007,0.16161616161616163
protein_0310,protein_0008,0.5252525252525253
protein_0310,protein_0009,0.16666666666666666
protein_0310,protein_0010,0.19230769230769232
protein_0310,protein_0011,0.16346153846153846
protein_0310,protein_0013,0.1111111111111111
protein_0310,protein_0014,0.21212121212121213
protein_0310,protein_0015,0.23232323232323232
protein_0310,protein_0016,0.5252525252525253
protein_0310,protein_0017,0.14728682170542637
protein_0310,protein_0018,0.16666666666666666
protein_0310,protein_0019,0.14563106796116504
protein_0310,protein_0020,0.1834862385321101
protein_0310,protein_0021,0.2524271844660194
protein_0310,protein_0022,0.14705882352941177
protein_0310,protein_0023,0.1509433962264151
protein_0310,protein_0024,0.1774193548387097
protein_0310,protein_0025,0.13131313131313133
protein_0310,protein_0026,0.15441176470588236
protein_0310,protein_0027,0.17142857142857143
protein_0310,protein_0030,0.1532258064516129
protein_0310,protein_0031,0.3838383838383838
protein_0310,protein_0032,0.20192307692307693
protein_0310,protein_0033,0.22018348623853212
protein_0310,protein_0034,0.1650485436893204
protein_0310,protein_0036,0.14
protein_0310,protein_0037,0.168141592920354
protein_0310,protein_0038,0.168141592920354
protein_0310,protein_0039,0.14705882352941177
protein_0310,protein_0040,0.1111111111111111
protein_0310,protein_0042,0.1523809523809524
protein_0310,protein_0043,0.1485148514851485
protein_0310,protein_0045,0.1782178217821782
protein_0310,protein_0046,0.16161616161616163
protein_0310,protein_0047,0.16822429906542055
protein_0310,protein_0048,0.19811320754716982
protein_0310,protein_0049,0.20192307692307693
protein_0310,protein_0050,0.45454545454545453
protein_0310,protein_0052,0.18095238095238095
protein_0310,protein_0053,0.18691588785046728
protein_0310,protein_0054,0.16666666666666666
protein_0310,protein_0055,0.13675213675213677
protein_0310,protein_0056,0.1891891891891892
protein_0310,protein_0057,0.16161616161616163
protein_0310,protein_0058,0.1650485436893204
protein_0310,protein_0059,0.1619047619047619
protein_0310,protein_0060,0.12727272727272726
protein_0310,protein_0061,0.18181818181818182
protein_0310,protein_0062,0.16161616161616163
protein_0310,protein_0063,0.12093023255813953
protein_0310,protein_0064,0.1553398058252427
protein_0310,protein_0066,0.16806722689075632
protein_0310,protein_0067,0.22115384615384615
protein_0310,protein_0068,0.22857142857142856
protein_0310,protein_0069,0.22857142857142856
protein_0310,protein_0070,0.14285714285714285
protein_0310,protein_0071,0.14423076923076922
protein_0310,protein_0072,0.14
protein_0310,protein_0073,0.1588785046728972
protein_0310,protein_0075,0.18095238095238095
protein_0310,protein_0076,0.18181818181818182
protein_0310,protein_0077,0.18691588785046728
protein_0310,protein_0078,0.15254237288135594
protein_0310,protein_0079,0.15254237288135594
protein_0310,protein_0080,0.19626168224299065
protein_0310,protein_0081,0.205607476635514
protein_0310,protein_0082,0.1792452830188679
protein_0310,protein_0084,0.19047619047619047
protein_0310,protein_0086,0.16037735849056603
protein_0310,protein_0087,0.16
protein_0310,protein_0088,0.1782178217821782
protein_0310,protein_0089,0.16260162601626016
protein_0310,protein_0090,0.17054263565891473
protein_0310,protein_0091,0.1721311475409836
protein_0310,protein_0092,0.1721311475409836
protein_0310,protein_0093,0.21568627450980393
protein_0310,protein_0094,0.1864406779661017
protein_0310,protein_0096,0.31313131313131315
protein_0310,protein_0097,0.1308411214953271
protein_0310,protein_0098,0.1592920353982301
protein_0310,protein_0099,0.13333333333333333
protein_0310,protein_0100,0.1650485436893204
protein_0310,protein_0101,0.16822429906542055
protein_0310,protein_0102,0.23893805309734514
protein_0310,protein_0103,0.23809523809523808
protein_0310,protein_0104,0.1774193548387097
protein_0310,protein_0105,0.1111111111111111
protein_0310,protein_0106,0.14285714285714285
protein_0310,protein_0108,0.1523809523809524
protein_0310,protein_0109,0.15151515151515152
protein_0310,protein_0110,0.18095238095238095
protein_0310,protein_0111,0.1891891891891892
protein_0310,protein_0112,0.13592233009708737
protein_0310,protein_0113,0.1792452830188679
protein_0310,protein_0114,0.14423076923076922
protein_0310,protein_0115,0.1619047619047619
protein_0310,protein_0116,0.152
protein_0310,protein_0117,0.152
protein_0310,protein_0118,0.15841584158415842
protein_0310,protein_0119,0.1794871794871795
protein_0310,protein_0120,0.19626168224299065
protein_0310,protein_0121,0.19626168224299065
protein_0310,protein_0122,0.1504424778761062
protein_0310,protein_0123,0.15151515151515152
protein_0310,protein_0124,0.19626168224299065
protein_0310,protein_0125,0.45454545454545453
protein_0310,protein_0126,0.5252525252525253
protein_0310,protein_0128,0.13861386138613863
protein_0310,protein_0129,0.1743119266055046
protein_0310,protein_0130,0.17829457364341086
protein_0310,protein_0131,0.15151515151515152
protein_0310,protein_0132,0.17272727272727273
protein_0310,protein_0134,0.19469026548672566
protein_0310,protein_0135,0.18867924528301888
protein_0310,protein_0136,0.184
protein_0310,protein_0137,0.16260162601626016
protein_0310,protein_0138,0.16260162601626016
protein_0310,protein_0139,0.1717171717171717
protein_0310,protein_0140,0.1588785046728972
protein_0310,protein_0141,0.16363636363636364
protein_0310,protein_0143,0.17307692307692307
protein_0310,protein_0144,0.1504424778761062
protein_0310,protein_0145,0.1782178217821782
protein_0310,protein_0146,0.13
protein_0310,protein_0147,0.1414141414141414
protein_0310,protein_0148,0.19130434782608696
protein_0310,protein_0149,0.18181818181818182
protein_0310,protein_0150,0.19
protein_0310,protein_0151,0.18095238095238095
protein_0310,protein_0152,0.20192307692307693
protein_0310,protein_0153,0.1650485436893204
protein_0310,protein_0154,0.19
protein_0310,protein_0155,0.18803418803418803
protein_0310,protein_0156,0.19827586206896552
protein_0310,protein_0157,0.20202020202020202
protein_0310,protein_0158,0.16
protein_0310,protein_0160,0.17272727272727273
protein_0310,protein_0161,0.144
protein_0310,protein_0162,0.2
protein_0310,protein_0163,0.14423076923076922
protein_0310,protein_0164,0.125
protein_0310,protein_0165,0.14
protein_0310,protein_0166,0.14018691588785046
protein_0310,protein_0167,0.16521739130434782
protein_0310,protein_0168,0.1565217391304348
protein_0310,protein_0169,0.17037037037037037
protein_0310,protein_0171,0.20952380952380953
protein_0310,protein_0172,0.19047619047619047
protein_0310,protein_0173,0.1504424778761062
protein_0310,protein_0174,0.17117117117117117
protein_0310,protein_0175,0.18018018018018017
protein_0310,protein_0176,0.16161616161616163
protein_0310,protein_0177,0.1509433962264151
protein_0310,protein_0179,0.12598425196850394
protein_0310,protein_0180,0.1782178217821782
protein_0310,protein_0181,0.21153846153846154
protein_0310,protein_0182,0.19
protein_0310,protein_0183,0.2727272727272727
protein_0310,protein_0185,0.18181818181818182
protein_0310,protein_0187,0.17142857142857143
protein_0310,protein_0188,0.1414141414141414
protein_0310,protein_0189,0.18269230769230768
protein_0310,protein_0190,0.22429906542056074
protein_0310,protein_0191,0.14814814814814814
protein_0310,protein_0192,0.1553398058252427
protein_0310,protein_0193,0.22429906542056074
protein_0310,protein_0194,0.16666666666666666
protein_0310,protein_0195,0.1619047619047619
protein_0310,protein_0196,0.18518518518518517
protein_0310,protein_0197,0.1568627450980392
protein_0310,protein_0198,0.15384615384615385
protein_0310,protein_0199,0.18867924528301888
protein_0310,protein_0200,0.205607476635514
protein_0310,protein_0201,0.1346153846153846
protein_0310,protein_0202,0.1592920353982301
protein_0310,protein_0203,0.1532258064516129
protein_0310,protein_0204,0.16
protein_0310,protein_0205,0.11374407582938388
protein_0310,protein_0207,0.1532258064516129
protein_0310,protein_0208,0.17094017094017094
protein_0310,protein_0209,0.1619047619047619
protein_0310,protein_0210,0.16037735849056603
protein_0310,protein_0211,0.14545454545454545
protein_0310,protein_0212,0.1111111111111111
protein_0310,protein_0213,0.1717171717171717
protein_0310,protein_0214,0.09900990099009901
protein_0310,protein_0215,0.13
protein_0310,protein_0216,0.16964285714285715
protein_0310,protein_0217,0.18095238095238095
protein_0310,protein_0218,0.15748031496062992
protein_0310,protein_0219,0.18548387096774194
protein_0310,protein_0220,0.1553398058252427
protein_0310,protein_0222,0.21359223300970873
protein_0310,protein_0223,0.1485148514851485
protein_0310,protein_0224,0.15151515151515152
protein_0310,protein_0225,0.16822429906542055
protein_0310,protein_0226,0.22727272727272727
protein_0310,protein_0227,0.1523809523809524
protein_0310,protein_0228,0.16037735849056603
protein_0310,protein_0229,0.17142857142857143
protein_0310,protein_0230,0.16822429906542055
protein_0310,protein_0231,0.205607476635514
protein_0310,protein_0232,0.1919191919191919
protein_0310,protein_0233,0.1984732824427481
protein_0310,protein_0234,0.5353535353535354
protein_0310,protein_0235,0.1651376146788991
protein_0310,protein_0236,0.168141592920354
protein_0310,protein_0237,0.168141592920354
protein_0310,protein_0238,0.12878787878787878
protein_0310,protein_0239,0.14018691588785046
protein_0310,protein_0241,0.1308411214953271
protein_0310,protein_0243,0.17757009345794392
protein_0310,protein_0245,0.1693548387096774
protein_0310,protein_0246,0.46464646464646464
protein_0310,protein_0247,0.2
protein_0310,protein_0248,0.19811320754716982
protein_0310,protein_0250,0.24271844660194175
protein_0310,protein_0251,0.18269230769230768
protein_0310,protein_0252,0.1891891891891892
protein_0310,protein_0253,0.1592920353982301
protein_0310,protein_0255,0.12280701754385964
protein_0310,protein_0256,0.1592920353982301
protein_0310,protein_0257,0.18421052631578946
protein_0310,protein_0258,0.17475728155339806
protein_0310,protein_0259,0.16
protein_0310,protein_0260,0.16
protein_0310,protein_0261,0.48484848484848486
protein_0310,protein_0262,0.15441176470588236
protein_0310,protein_0263,0.16911764705882354
protein_0310,protein_0264,0.18691588785046728
protein_0310,protein_0265,0.18691588785046728
protein_0310,protein_0266,0.1834862385321101
protein_0310,protein_0267,0.16964285714285715
protein_0310,protein_0268,0.19801980198019803
protein_0310,protein_0269,0.1532258064516129
protein_0310,protein_0270,0.1
protein_0310,protein_0271,0.13592233009708737
protein_0310,protein_0273,0.18867924528301888
protein_0310,protein_0274,0.1792452830188679
protein_0310,protein_0275,0.52
protein_0310,protein_0276,0.168141592920354
protein_0310,protein_0277,0.1553398058252427
protein_0310,protein_0278,0.17543859649122806
protein_0310,protein_0279,0.17647058823529413
protein_0310,protein_0280,0.20388349514563106
protein_0310,protein_0281,0.11570247933884298
protein_0310,protein_0282,0.12121212121212122
protein_0310,protein_0283,0.12727272727272726
protein_0310,protein_0284,0.16666666666666666
protein_0310,protein_0285,0.19230769230769232
protein_0310,protein_0286,0.18018018018018017
protein_0310,protein_0287,0.15789473684210525
protein_0310,protein_0288,0.16666666666666666
protein_0310,protein_0289,0.18181818181818182
protein_0310,protein_0291,0.23008849557522124
protein_0310,protein_0292,0.15841584158415842
protein_0310,protein_0293,0.19230769230769232
protein_0310,protein_0294,0.23008849557522124
protein_0310,protein_0295,0.16161616161616163
protein_0310,protein_0297,0.1414141414141414
protein_0310,protein_0299,0.18181818181818182
protein_0310,protein_0300,0.19811320754716982
protein_0310,protein_0301,0.19811320754716982
protein_0310,protein_0302,0.1336405529953917
protein_0310,protein_0303,0.1941747572815534
protein_0310,protein_0305,0.1834862385321101
protein_0310,protein_0306,0.13675213675213677
protein_0310,protein_0307,0.11016949152542373
protein_0310,protein_0308,0.16379310344827586
protein_0310,protein_0309,0.21904761904761905
protein_0310,protein_0311,0.2018348623853211
protein_0310,protein_0312,0.205607476635514
protein_0310,protein_0313,0.1896551724137931
protein_0310,protein_0314,0.16129032258064516
protein_0310,protein_0315,0.16793893129770993
protein_0310,protein_0316,0.16981132075471697
protein_0310,protein_0317,0.08653846153846154
protein_0310,protein_0319,0.18269230769230768
protein_0310,protein_0320,0.17647058823529413
protein_0310,protein_0321,0.2079207920792079
protein_0310,protein_0323,0.13274336283185842
protein_0310,protein_0324,0.15
protein_0310,protein_0325,0.1652892561983471
protein_0310,protein_0326,0.15384615384615385
protein_0310,protein_0327,0.21621621621621623
protein_0310,protein_0328,0.14655172413793102
protein_0310,protein_0329,0.14655172413793102
protein_0310,protein_0330,0.1308411214953271
protein_0310,protein_0332,0.2
protein_0310,protein_0333,0.19090909090909092
protein_0310,protein_0334,0.16379310344827586
protein_0310,protein_0335,0.16521739130434782
protein_0310,protein_0336,0.15841584158415842
protein_0310,protein_0337,0.2
protein_0310,protein_0338,0.20192307692307693
protein_0310,protein_0339,0.18627450980392157
protein_0310,protein_0340,0.11538461538461539
protein_0310,protein_0341,0.1864406779661017
protein_0310,protein_0342,0.10101010101010101
protein_0310,protein_0343,0.16346153846153846
protein_0310,protein_0344,0.1919191919191919
protein_0310,protein_0345,0.176
protein_0310,protein_0346,0.176
protein_0310,protein_0347,0.18181818181818182
protein_0310,protein_0348,0.14634146341463414
protein_0310,protein_0349,0.14285714285714285
protein_0310,protein_0350,0.16831683168316833
protein_0310,protein_0351,0.15384615384615385
protein_0310,protein_0352,0.1509433962264151
protein_0310,protein_0353,0.1450381679389313
protein_0310,protein_0354,0.17475728155339806
protein_0310,protein_0355,0.19230769230769232
protein_0310,protein_0356,0.1717171717171717
protein_0310,protein_0357,0.14728682170542637
protein_0310,protein_0358,0.1919191919191919
protein_0310,protein_0359,0.17557251908396945
protein_0310,protein_0360,0.18691588785046728
protein_0310,protein_0361,0.14516129032258066
protein_0310,protein_0362,0.16216216216216217
protein_0310,protein_0363,0.16216216216216217
protein_0310,protein_0364,0.15178571428571427
protein_0310,protein_0365,0.14018691588785046
protein_0310,protein_0366,0.14018691588785046
protein_0310,protein_0368,0.1553398058252427
protein_0310,protein_0369,0.14705882352941177
protein_0310,protein_0370,0.1919191919191919
protein_0310,protein_0371,0.18269230769230768
protein_0310,protein_0372,0.12669683257918551
protein_0310,protein_0373,0.16822429906542055
protein_0310,protein_0374,0.16153846153846155
protein_0310,protein_0375,0.24299065420560748
protein_0310,protein_0376,0.7777777777777778
protein_0310,protein_0377,0.14563106796116504
protein_0310,protein_0378,0.15833333333333333
protein_0310,protein_0380,0.14814814814814814
protein_0310,protein_0381,0.14814814814814814
protein_0310,protein_0382,0.18421052631578946
protein_0310,protein_0383,0.18181818181818182
protein_0310,protein_0384,0.16666666666666666
protein_0310,protein_0385,0.26262626262626265
protein_0310,protein_0386,0.16037735849056603
protein_0310,protein_0387,0.16216216216216217
protein_0310,protein_0388,0.16161616161616163
protein_0310,protein_0390,0.21153846153846154
protein_0310,protein_0391,0.18181818181818182
protein_0310,protein_0392,0.17757009345794392
protein_0310,protein_0393,0.16822429906542055
protein_0310,protein_0394,0.14655172413793102
protein_0310,protein_0395,0.1782178217821782
protein_0310,protein_0396,0.18032786885245902
protein_0310,protein_0397,0.18
protein_0310,protein_0398,0.18253968253968253
protein_0310,protein_0399,0.18181818181818182
protein_0318,protein_0000,0.15126050420168066
protein_0318,protein_0001,0.09734513274336283
protein_0318,protein_0002,0.13157894736842105
protein_0318,protein_0003,0.14049586776859505
protein_0318,protein_0004,0.12605042016806722
protein_0318,protein_0005,0.11607142857142858
protein_0318,protein_0006,0.125
protein_0318,protein_0007,0.15178571428571427
protein_0318,protein_0008,0.15079365079365079
protein_0318,protein_0009,0.13114754098360656
protein_0318,protein_0010,0.14912280701754385
protein_0318,protein_0011,0.16393442622950818
protein_0318,protein_0013,0.11607142857142858
protein_0318,protein_0014,0.20869565217391303
protein_0318,protein_0015,0.16521739130434782
protein_0318,protein_0016,0.125
protein_0318,protein_0017,0.15384615384615385
protein_0318,protein_0018,0.1694915254237288
protein_0318,protein_0019,0.15178571428571427
protein_0318,protein_0020,0.1592920353982301
protein_0318,protein_0021,0.13445378151260504
protein_0318,protein_0022,0.168141592920354
protein_0318,protein_0023,0.20689655172413793
protein_0318,protein_0024,0.14893617021276595
protein_0318,protein_0025,0.1452991452991453
protein_0318,protein_0026,0.13636363636363635
protein_0318,protein_0027,0.1565217391304348
protein_0318,protein_0030,0.152
protein_0318,protein_0031,0.11475409836065574
protein_0318,protein_0032,0.1415929203539823
protein_0318,protein_0033,0.1415929203539823
protein_0318,protein_0034,0.12396694214876033
protein_0318,protein_0036,0.11607142857142858
protein_0318,protein_0037,0.1452991452991453
protein_0318,protein_0038,0.1452991452991453
protein_0318,protein_0039,0.13114754098360656
protein_0318,protein_0040,0.10714285714285714
protein_0318,protein_0042,0.19491525423728814
protein_0318,protein_0043,0.19491525423728814
protein_0318,protein_0045,0.19327731092436976
protein_0318,protein_0046,0.13392857142857142
protein_0318,protein_0047,0.15702479338842976
protein_0318,protein_0048,0.12396694214876033
protein_0318,protein_0049,0.1487603305785124
protein_0318,protein_0050,0.17094017094017094
protein_0318,protein_0052,0.09734513274336283
protein_0318,protein_0053,0.15254237288135594
protein_0318,protein_0054,0.1984126984126984
protein_0318,protein_0055,0.1937984496124031
protein_0318,protein_0056,0.39285714285714285
protein_0318,protein_0057,0.16071428571428573
protein_0318,protein_0058,0.13392857142857142
protein_0318,protein_0059,0.19491525423728814
protein_0318,protein_0060,0.4017857142857143
protein_0318,protein_0061,0.13043478260869565
protein_0318,protein_0062,0.15384615384615385
protein_0318,protein_0063,0.1267605633802817
protein_0318,protein_0064,0.1794871794871795
protein_0318,protein_0066,0.1565217391304348
protein_0318,protein_0067,0.11403508771929824
protein_0318,protein_0068,0.1271186440677966
protein_0318,protein_0069,0.12280701754385964
protein_0318,protein_0070,0.15384615384615385
protein_0318,protein_0071,0.09166666666666666
protein_0318,protein_0072,0.125
protein_0318,protein_0073,0.12931034482758622
protein_0318,protein_0075,0.15384615384615385
protein_0318,protein_0076,0.1415929203539823
protein_0318,protein_0077,0.17796610169491525
protein_0318,protein_0078,0.37168141592920356
protein_0318,protein_0079,0.37168141592920356
protein_0318,protein_0080,0.15966386554621848
protein_0318,protein_0081,0.15966386554621848
protein_0318,protein_0082,0.17886178861788618
protein_0318,protein_0084,0.12195121951219512
protein_0318,protein_0086,0.17073170731707318
protein_0318,protein_0087,0.11504424778761062
protein_0318,protein_0088,0.17796610169491525
protein_0318,protein_0089,0.3893805309734513
protein_0318,protein_0090,0.3893805309734513
protein_0318,protein_0091,0.30434782608695654
protein_0318,protein_0092,0.30434782608695654
protein_0318,protein_0093,0.13274336283185842
protein_0318,protein_0094,0.1322314049586777
protein_0318,protein_0096,0.1
protein_0318,protein_0097,0.1206896551724138
protein_0318,protein_0098,0.11965811965811966
protein_0318,protein_0099,0.4107142857142857
protein_0318,protein_0100,0.14285714285714285
protein_0318,protein_0101,0.12931034482758622
protein_0318,protein_0102,0.1721311475409836
protein_0318,protein_0103,0.17391304347826086
protein_0318,protein_0104,0.1417910447761194
protein_0318,protein_0105,0.09821428571428571
protein_0318,protein_0106,0.37606837606837606
protein_0318,protein_0108,0.17391304347826086
protein_0318,protein_0109,0.14912280701754385
protein_0318,protein_0110,0.10084033613445378
protein_0318,protein_0111,0.2
protein_0318,protein_0112,0.12389380530973451
protein_0318,protein_0113,0.15833333333333333
protein_0318,protein_0114,0.11016949152542373
protein_0318,protein_0115,0.1415929203539823
protein_0318,protein_0116,0.39285714285714285
protein_0318,protein_0117,0.39285714285714285
protein_0318,protein_0118,0.14285714285714285
protein_0318,protein_0119,0.1565217391304348
protein_0318,protein_0120,0.1694915254237288
protein_0318,protein_0121,0.1694915254237288
protein_0318,protein_0122,0.15384615384615385
protein_0318,protein_0123,0.11607142857142858
protein_0318,protein_0124,0.15833333333333333
protein_0318,protein_0125,0.16393442622950818
protein_0318,protein_0126,0.13709677419354838
protein_0318,protein_0128,0.19327731092436976
protein_0318,protein_0129,0.0625
protein_0318,protein_0130,0.40707964601769914
protein_0318,protein_0131,0.16071428571428573
protein_0318,protein_0132,0.15748031496062992
protein_0318,protein_0134,0.17543859649122806
protein_0318,protein_0135,0.14754098360655737
protein_0318,protein_0136,0.16279069767441862
protein_0318,protein_0137,0.152
protein_0318,protein_0138,0.152
protein_0318,protein_0139,0.13157894736842105
protein_0318,protein_0140,0.1111111111111111
protein_0318,protein_0141,0.16393442622950818
protein_0318,protein_0143,0.16101694915254236
protein_0318,protein_0144,0.16101694915254236
protein_0318,protein_0145,0.1504424778761062
protein_0318,protein_0146,0.15178571428571427
protein_0318,protein_0147,0.13559322033898305
protein_0318,protein_0148,0.1271186440677966
protein_0318,protein_0149,0.14285714285714285
protein_0318,protein_0150,0.15517241379310345
protein_0318,protein_0151,0.18333333333333332
protein_0318,protein_0152,0.16071428571428573
protein_0318,protein_0153,0.1810344827586207
protein_0318,protein_0154,0.1810344827586207
protein_0318,protein_0155,0.144
protein_0318,protein_0156,0.09243697478991597
protein_0318,protein_0157,0.09322033898305085
protein_0318,protein_0158,0.12389380530973451
protein_0318,protein_0160,0.1282051282051282
protein_0318,protein_0161,0.15753424657534246
protein_0318,protein_0162,0.1592920353982301
protein_0318,protein_0163,0.1592920353982301
protein_0318,protein_0164,0.13157894736842105
protein_0318,protein_0165,0.125
protein_0318,protein_0166,0.13157894736842105
protein_0318,protein_0167,0.35714285714285715
protein_0318,protein_0168,0.36607142857142855
protein_0318,protein_0169,0.15217391304347827
protein_0318,protein_0171,0.13559322033898305
protein_0318,protein_0172,0.144
protein_0318,protein_0173,0.13559322033898305
protein_0318,protein_0174,0.11016949152542373
protein_0318,protein_0175,0.1271186440677966
protein_0318,protein_0176,0.12598425196850394
protein_0318,protein_0177,0.13392857142857142
protein_0318,protein_0179,0.12698412698412698
protein_0318,protein_0180,0.16964285714285715
protein_0318,protein_0181,0.13157894736842105
protein_0318,protein_0182,0.13445378151260504
protein_0318,protein_0183,0.1694915254237288
protein_0318,protein_0185,0.17829457364341086
protein_0318,protein_0187,0.11864406779661017
protein_0318,protein_0188,0.11607142857142858
protein_0318,protein_0189,0.15254237288135594
protein_0318,protein_0190,0.1592920353982301
protein_0318,protein_0191,0.1694915254237288
protein_0318,protein_0192,0.18421052631578946
protein_0318,protein_0193,0.1623931623931624
protein_0318,protein_0194,0.16071428571428573
protein_0318,protein_0195,0.12389380530973451
protein_0318,protein_0196,0.12389380530973451
protein_0318,protein_0197,0.11965811965811966
protein_0318,protein_0198,0.1452991452991453
protein_0318,protein_0199,0.13333333333333333
protein_0318,protein_0200,0.11607142857142858
protein_0318,protein_0201,0.168141592920354
protein_0318,protein_0202,0.13675213675213677
protein_0318,protein_0203,0.1297709923664122
protein_0318,protein_0204,0.14285714285714285
protein_0318,protein_0205,0.1267605633802817
protein_0318,protein_0207,0.13432835820895522
protein_0318,protein_0208,0.1452991452991453
protein_0318,protein_0209,0.19672131147540983
protein_0318,protein_0210,0.11016949152542373
protein_0318,protein_0211,0.16666666666666666
protein_0318,protein_0212,0.14655172413793102
protein_0318,protein_0213,0.16806722689075632
protein_0318,protein_0214,0.08849557522123894
protein_0318,protein_0215,0.12173913043478261
protein_0318,protein_0216,0.11666666666666667
protein_0318,protein_0217,0.14655172413793102
protein_0318,protein_0218,0.17054263565891473
protein_0318,protein_0219,0.15267175572519084
protein_0318,protein_0220,0.1794871794871795
protein_0318,protein_0222,0.15833333333333333
protein_0318,protein_0223,0.08928571428571429
protein_0318,protein_0224,0.13392857142857142
protein_0318,protein_0225,0.19827586206896552
protein_0318,protein_0226,0.1565217391304348
protein_0318,protein_0227,0.14285714285714285
protein_0318,protein_0228,0.13846153846153847
protein_0318,protein_0229,0.19469026548672566
protein_0318,protein_0230,0.1935483870967742
protein_0318,protein_0231,0.1271186440677966
protein_0318,protein_0232,0.14285714285714285
protein_0318,protein_0233,0.18705035971223022
protein_0318,protein_0234,0.1889763779527559
protein_0318,protein_0235,0.15702479338842976
protein_0318,protein_0236,0.1694915254237288
protein_0318,protein_0237,0.1694915254237288
protein_0318,protein_0238,0.15172413793103448
protein_0318,protein_0239,0.13846153846153847
protein_0318,protein_0241,0.13392857142857142
protein_0318,protein_0243,0.125
protein_0318,protein_0245,0.17699115044247787
protein_0318,protein_0246,0.14285714285714285
protein_0318,protein_0247,0.1875
protein_0318,protein_0248,0.1282051282051282
protein_0318,protein_0250,0.16071428571428573
protein_0318,protein_0251,0.13793103448275862
protein_0318,protein_0252,0.15178571428571427
protein_0318,protein_0253,0.15384615384615385
protein_0318,protein_0255,0.14367816091954022
protein_0318,protein_0256,0.1092436974789916
protein_0318,protein_0257,0.12295081967213115
protein_0318,protein_0258,0.10714285714285714
protein_0318,protein_0259,0.13793103448275862
protein_0318,protein_0260,0.13793103448275862
protein_0318,protein_0261,0.15447154471544716
protein_0318,protein_0262,0.17482517482517482
protein_0318,protein_0263,0.18055555555555555
protein_0318,protein_0264,0.12389380530973451
protein_0318,protein_0265,0.12389380530973451
protein_0318,protein_0266,0.13043478260869565
protein_0318,protein_0267,0.13043478260869565
protein_0318,protein_0268,0.16666666666666666
protein_0318,protein_0269,0.14285714285714285
protein_0318,protein_0270,0.125
protein_0318,protein_0271,0.13392857142857142
protein_0318,protein_0273,0.15
protein_0318,protein_0274,0.13709677419354838
protein_0318,protein_0275,0.16071428571428573
protein_0318,protein_0276,0.11016949152542373
protein_0318,protein_0277,0.13157894736842105
protein_0318,protein_0278,0.1896551724137931
protein_0318,protein_0279,0.1415929203539823
protein_0318,protein_0280,0.13274336283185842
protein_0318,protein_0281,0.8303571428571429
protein_0318,protein_0282,0.125
protein_0318,protein_0283,0.13761467889908258
protein_0318,protein_0284,0.16071428571428573
protein_0318,protein_0285,0.15254237288135594
protein_0318,protein_0286,0.17699115044247787
protein_0318,protein_0287,0.14166666666666666
protein_0318,protein_0288,0.13392857142857142
protein_0318,protein_0289,0.13274336283185842
protein_0318,protein_0291,0.14960629921259844
protein_0318,protein_0292,0.1504424778761062
protein_0318,protein_0293,0.15
protein_0318,protein_0294,0.14960629921259844
protein_0318,protein_0295,0.1504424778761062
protein_0318,protein_0297,0.15178571428571427
protein_0318,protein_0299,0.18333333333333332
protein_0318,protein_0300,0.16964285714285715
protein_0318,protein_0301,0.17857142857142858
protein_0318,protein_0302,0.12385321100917432
protein_0318,protein_0303,0.18584070796460178
protein_0318,protein_0305,0.14035087719298245
protein_0318,protein_0306,0.1937984496124031
protein_0318,protein_0307,0.17054263565891473
protein_0318,protein_0308,0.13821138211382114
protein_0318,protein_0309,0.19327731092436976
protein_0318,protein_0311,0.14035087719298245
protein_0318,protein_0312,0.1694915254237288
protein_0318,protein_0313,0.1694915254237288
protein_0318,protein_0314,0.1896551724137931
protein_0318,protein_0315,0.15789473684210525
protein_0318,protein_0316,0.11607142857142858
protein_0318,protein_0317,0.16806722689075632
protein_0318,protein_0319,0.1652892561983471
protein_0318,protein_0320,0.13392857142857142
protein_0318,protein_0321,0.16666666666666666
protein_0318,protein_0323,0.16101694915254236
protein_0318,protein_0324,0.125
protein_0318,protein_0325,0.4107142857142857
protein_0318,protein_0326,0.20353982300884957
protein_0318,protein_0327,0.16101694915254236
protein_0318,protein_0328,0.4017857142857143
protein_0318,protein_0329,0.4017857142857143
protein_0318,protein_0330,0.15833333333333333
protein_0318,protein_0332,0.13709677419354838
protein_0318,protein_0333,0.1864406779661017
protein_0318,protein_0334,0.13675213675213677
protein_0318,protein_0335,0.17073170731707318
protein_0318,protein_0336,0.12389380530973451
protein_0318,protein_0337,0.1342281879194631
protein_0318,protein_0338,0.1693548387096774
protein_0318,protein_0339,0.17699115044247787
protein_0318,protein_0340,0.16666666666666666
protein_0318,protein_0341,0.11864406779661017
protein_0318,protein_0342,0.13392857142857142
protein_0318,protein_0343,0.1206896551724138
protein_0318,protein_0344,0.17647058823529413
protein_0318,protein_0345,0.3805309734513274
protein_0318,protein_0346,0.3805309734513274
protein_0318,protein_0347,0.125
protein_0318,protein_0348,0.15625
protein_0318,protein_0349,0.17699115044247787
protein_0318,protein_0350,0.15254237288135594
protein_0318,protein_0351,0.15789473684210525
protein_0318,protein_0352,0.14285714285714285
protein_0318,protein_0353,0.37606837606837606
protein_0318,protein_0354,0.13793103448275862
protein_0318,protein_0355,0.13533834586466165
protein_0318,protein_0356,0.13392857142857142
protein_0318,protein_0357,0.17293233082706766
protein_0318,protein_0358,0.15254237288135594
protein_0318,protein_0359,0.11811023622047244
protein_0318,protein_0360,0.18181818181818182
protein_0318,protein_0361,0.104
protein_0318,protein_0362,0.16666666666666666
protein_0318,protein_0363,0.16666666666666666
protein_0318,protein_0364,0.18333333333333332
protein_0318,protein_0365,0.13934426229508196
protein_0318,protein_0366,0.13934426229508196
protein_0318,protein_0368,0.13157894736842105
protein_0318,protein_0369,0.14285714285714285
protein_0318,protein_0370,0.17647058823529413
protein_0318,protein_0371,0.17647058823529413
protein_0318,protein_0372,0.14220183486238533
protein_0318,protein_0373,0.1796875
protein_0318,protein_0374,0.13076923076923078
protein_0318,protein_0375,0.14754098360655737
protein_0318,protein_0376,0.1322314049586777
protein_0318,protein_0377,0.1623931623931624
protein_0318,protein_0378,0.3793103448275862
protein_0318,protein_0380,0.13043478260869565
protein_0318,protein_0381,0.13043478260869565
protein_0318,protein_0382,0.1794871794871795
protein_0318,protein_0383,0.1504424778761062
protein_0318,protein_0384,0.1694915254237288
protein_0318,protein_0385,0.16101694915254236
protein_0318,protein_0386,0.1810344827586207
protein_0318,protein_0387,0.10434782608695652
protein_0318,protein_0388,0.11864406779661017
protein_0318,protein_0390,0.13157894736842105
protein_0318,protein_0391,0.13821138211382114
protein_0318,protein_0392,0.1282051282051282
protein_0318,protein_0393,0.13675213675213677
protein_0318,protein_0394,0.12096774193548387
protein_0318,protein_0395,0.16666666666666666
protein_0318,protein_0396,0.16666666666666666
protein_0318,protein_0397,0.15789473684210525
protein_0318,protein_0398,0.33613445378151263
protein_0318,protein_0399,0.1271186440677966
protein_0322,protein_0000,0.2413793103448276
protein_0322,protein_0001,0.15730337078651685
protein_0322,protein_0002,0.13829787234042554
protein_0322,protein_0003,0.2988505747126437
protein_0322,protein_0004,0.2840909090909091
protein_0322,protein_0005,0.18478260869565216
protein_0322,protein_0006,0.24175824175824176
protein_0322,protein_0007,0.18604651162790697
protein_0322,protein_0008,0.16
protein_0322,protein_0009,0.19540229885057472
protein_0322,protein_0010,0.2413793103448276
protein_0322,protein_0011,0.2717391304347826
protein_0322,protein_0013,0.1927710843373494
protein_0322,protein_0014,0.2
protein_0322,protein_0015,0.1504424778761062
protein_0322,protein_0016,0.17647058823529413
protein_0322,protein_0017,0.11627906976744186
protein_0322,protein_0018,0.27586206896551724
protein_0322,protein_0019,0.1686746987951807
protein_0322,protein_0020,0.3333333333333333
protein_0322,protein_0021,0.15294117647058825
protein_0322,protein_0022,0.17708333333333334
protein_0322,protein_0023,0.18446601941747573
protein_0322,protein_0024,0.13934426229508196
protein_0322,protein_0025,0.36666666666666664
protein_0322,protein_0026,0.13178294573643412
protein_0322,protein_0027,0.13541666666666666
protein_0322,protein_0030,0.16393442622950818
protein_0322,protein_0031,0.1523809523809524
protein_0322,protein_0032,0.27586206896551724
protein_0322,protein_0033,0.26436781609195403
protein_0322,protein_0034,0.23863636363636365
protein_0322,protein_0036,0.14285714285714285
protein_0322,protein_0037,0.19540229885057472
protein_0322,protein_0038,0.19540229885057472
protein_0322,protein_0039,0.2111111111111111
protein_0322,protein_0040,0.16091954022988506
protein_0322,protein_0042,0.16470588235294117
protein_0322,protein_0043,0.22988505747126436
protein_0322,protein_0045,0.28735632183908044
protein_0322,protein_0046,0.19047619047619047
protein_0322,protein_0047,0.23863636363636365
protein_0322,protein_0048,0.26136363636363635
protein_0322,protein_0049,0.25287356321839083
protein_0322,protein_0050,0.15789473684210525
protein_0322,protein_0052,0.28735632183908044
protein_0322,protein_0053,0.3595505617977528
protein_0322,protein_0054,0.1452991452991453
protein_0322,protein_0055,0.15447154471544716
protein_0322,protein_0056,0.13761467889908258
protein_0322,protein_0057,0.19767441860465115
protein_0322,protein_0058,0.1411764705882353
protein_0322,protein_0059,0.25287356321839083
protein_0322,protein_0060,0.14150943396226415
protein_0322,protein_0061,0.23595505617977527
protein_0322,protein_0062,0.25287356321839083
protein_0322,protein_0063,0.07042253521126761
protein_0322,protein_0064,0.42528735632183906
protein_0322,protein_0066,0.15789473684210525
protein_0322,protein_0067,0.26436781609195403
protein_0322,protein_0068,0.21839080459770116
protein_0322,protein_0069,0.2413793103448276
protein_0322,protein_0070,0.24468085106382978
protein_0322,protein_0071,0.33707865168539325
protein_0322,protein_0072,0.17045454545454544
protein_0322,protein_0073,0.25287356321839083
protein_0322,protein_0075,0.18446601941747573
protein_0322,protein_0076,0.1686746987951807
protein_0322,protein_0077,0.33707865168539325
protein_0322,protein_0078,0.16666666666666666
protein_0322,protein_0079,0.16666666666666666
protein_0322,protein_0080,0.2696629213483146
protein_0322,protein_0081,0.29213483146067415
protein_0322,protein_0082,0.1794871794871795
protein_0322,protein_0084,0.2558139534883721
protein_0322,protein_0086,0.19658119658119658
protein_0322,protein_0087,0.12048192771084337
protein_0322,protein_0088,0.27586206896551724
protein_0322,protein_0089,0.12949640287769784
protein_0322,protein_0090,0.152
protein_0322,protein_0091,0.17796610169491525
protein_0322,protein_0092,0.17796610169491525
protein_0322,protein_0093,0.25287356321839083
protein_0322,protein_0094,0.17391304347826086
protein_0322,protein_0096,0.1717171717171717
protein_0322,protein_0097,0.26666666666666666
protein_0322,protein_0098,0.26373626373626374
protein_0322,protein_0099,0.16666666666666666
protein_0322,protein_0100,0.18072289156626506
protein_0322,protein_0101,0.2413793103448276
protein_0322,protein_0102,0.21839080459770116
protein_0322,protein_0103,0.23076923076923078
protein_0322,protein_0104,0.14754098360655737
protein_0322,protein_0105,0.15217391304347827
protein_0322,protein_0106,0.1557377049180328
protein_0322,protein_0108,0.25274725274725274
protein_0322,protein_0109,0.1744186046511628
protein_0322,protein_0110,0.28735632183908044
protein_0322,protein_0111,0.22988505747126436
protein_0322,protein_0112,0.18627450980392157
protein_0322,protein_0113,0.26436781609195403
protein_0322,protein_0114,0.27586206896551724
protein_0322,protein_0115,0.6746987951807228
protein_0322,protein_0116,0.1391304347826087
protein_0322,protein_0117,0.1391304347826087
protein_0322,protein_0118,0.18823529411764706
protein_0322,protein_0119,0.17543859649122806
protein_0322,protein_0120,0.34065934065934067
protein_0322,protein_0121,0.34065934065934067
protein_0322,protein_0122,0.21839080459770116
protein_0322,protein_0123,0.14457831325301204
protein_0322,protein_0124,0.36666666666666664
protein_0322,protein_0125,0.21904761904761905
protein_0322,protein_0126,0.18627450980392157
protein_0322,protein_0128,0.2988505747126437
protein_0322,protein_0129,0.11494252873563218
protein_0322,protein_0130,0.10909090909090909
protein_0322,protein_0131,0.15384615384615385
protein_0322,protein_0132,0.2169811320754717
protein_0322,protein_0134,0.3409090909090909
protein_0322,protein_0135,0.43373493975903615
protein_0322,protein_0136,0.1557377049180328
protein_0322,protein_0137,0.17886178861788618
protein_0322,protein_0138,0.17886178861788618
protein_0322,protein_0139,0.18072289156626506
protein_0322,protein_0140,0.27472527472527475
protein_0322,protein_0141,0.20689655172413793
protein_0322,protein_0143,0.27586206896551724
protein_0322,protein_0144,0.2840909090909091
protein_0322,protein_0145,0.18823529411764706
protein_0322,protein_0146,0.09302325581395349
protein_0322,protein_0147,0.27586206896551724
protein_0322,protein_0148,0.25287356321839083
protein_0322,protein_0149,0.1927710843373494
protein_0322,protein_0150,0.28735632183908044
protein_0322,protein_0151,0.23958333333333334
protein_0322,protein_0152,0.14942528735632185
protein_0322,protein_0153,0.19791666666666666
protein_0322,protein_0154,0.17391304347826086
protein_0322,protein_0155,0.15384615384615385
protein_0322,protein_0156,0.18691588785046728
protein_0322,protein_0157,0.14606741573033707
protein_0322,protein_0158,0.16470588235294117
protein_0322,protein_0160,0.3595505617977528
protein_0322,protein_0161,0.13114754098360656
protein_0322,protein_0162,0.3855421686746988
protein_0322,protein_0163,0.1650485436893204
protein_0322,protein_0164,0.3793103448275862
protein_0322,protein_0165,0.13953488372093023
protein_0322,protein_0166,0.3793103448275862
protein_0322,protein_0167,0.13392857142857142
protein_0322,protein_0168,0.12
protein_0322,protein_0169,0.1693548387096774
protein_0322,protein_0171,0.22988505747126436
protein_0322,protein_0172,0.13114754098360656
protein_0322,protein_0173,0.3448275862068966
protein_0322,protein_0174,0.34831460674157305
protein_0322,protein_0175,0.35555555555555557
protein_0322,protein_0176,0.15294117647058825
protein_0322,protein_0177,0.18681318681318682
protein_0322,protein_0179,0.16101694915254236
protein_0322,protein_0180,0.25287356321839083
protein_0322,protein_0181,0.26436781609195403
protein_0322,protein_0182,0.3333333333333333
protein_0322,protein_0183,0.1834862385321101
protein_0322,protein_0185,0.16494845360824742
protein_0322,protein_0187,0.3563218390804598
protein_0322,protein_0188,0.1686746987951807
protein_0322,protein_0189,0.25274725274725274
protein_0322,protein_0190,0.24444444444444444
protein_0322,protein_0191,0.27586206896551724
protein_0322,protein_0192,0.37349397590361444
protein_0322,protein_0193,0.26436781609195403
protein_0322,protein_0194,0.2413793103448276
protein_0322,protein_0195,0.2777777777777778
protein_0322,protein_0196,0.24719101123595505
protein_0322,protein_0197,0.26136363636363635
protein_0322,protein_0198,0.2808988764044944
protein_0322,protein_0199,0.23333333333333334
protein_0322,protein_0200,0.27586206896551724
protein_0322,protein_0201,0.18446601941747573
protein_0322,protein_0202,0.25287356321839083
protein_0322,protein_0203,0.18487394957983194
protein_0322,protein_0204,0.21686746987951808
protein_0322,protein_0205,0.09004739336492891
protein_0322,protein_0207,0.1796875
protein_0322,protein_0208,0.12396694214876033
protein_0322,protein_0209,0.22988505747126436
protein_0322,protein_0210,0.2413793103448276
protein_0322,protein_0211,0.13793103448275862
protein_0322,protein_0212,0.13636363636363635
protein_0322,protein_0213,0.27586206896551724
protein_0322,protein_0214,0.15476190476190477
protein_0322,protein_0215,0.12941176470588237
protein_0322,protein_0216,0.12871287128712872
protein_0322,protein_0217,0.1348314606741573
protein_0322,protein_0218,0.17054263565891473
protein_0322,protein_0219,0.15447154471544716
protein_0322,protein_0220,0.449438202247191
protein_0322,protein_0222,0.26436781609195403
protein_0322,protein_0223,0.13253012048192772
protein_0322,protein_0224,0.14457831325301204
protein_0322,protein_0225,0.17777777777777778
protein_0322,protein_0226,0.13186813186813187
protein_0322,protein_0227,0.22727272727272727
protein_0322,protein_0228,0.16483516483516483
protein_0322,protein_0229,0.1724137931034483
protein_0322,protein_0230,0.2
protein_0322,protein_0231,0.28735632183908044
protein_0322,protein_0232,0.1686746987951807
protein_0322,protein_0233,0.13385826771653545
protein_0322,protein_0234,0.1834862385321101
protein_0322,protein_0235,0.15384615384615385
protein_0322,protein_0236,0.25287356321839083
protein_0322,protein_0237,0.25287356321839083
protein_0322,protein_0238,0.13533834586466165
protein_0322,protein_0239,0.3448275862068966
protein_0322,protein_0241,0.36666666666666664
protein_0322,protein_0243,0.375
protein_0322,protein_0245,0.1417910447761194
protein_0322,protein_0246,0.15625
protein_0322,protein_0247,0.26373626373626374
protein_0322,protein_0248,0.3448275862068966
protein_0322,protein_0250,0.18072289156626506
protein_0322,protein_0251,0.18478260869565216
protein_0322,protein_0252,0.20430107526881722
protein_0322,protein_0253,0.1415929203539823
protein_0322,protein_0255,0.10526315789473684
protein_0322,protein_0256,0.17142857142857143
protein_0322,protein_0257,0.18095238095238095
protein_0322,protein_0258,0.26436781609195403
protein_0322,protein_0259,0.17647058823529413
protein_0322,protein_0260,0.17647058823529413
protein_0322,protein_0261,0.18269230769230768
protein_0322,protein_0262,0.13970588235294118
protein_0322,protein_0263,0.15441176470588236
protein_0322,protein_0264,0.28735632183908044
protein_0322,protein_0265,0.28735632183908044
protein_0322,protein_0266,0.15463917525773196
protein_0322,protein_0267,0.21978021978021978
protein_0322,protein_0268,0.1590909090909091
protein_0322,protein_0269,0.152
protein_0322,protein_0270,0.16666666666666666
protein_0322,protein_0271,0.1927710843373494
protein_0322,protein_0273,0.25287356321839083
protein_0322,protein_0274,0.21348314606741572
protein_0322,protein_0275,0.205607476635514
protein_0322,protein_0276,0.28735632183908044
protein_0322,protein_0277,0.18072289156626506
protein_0322,protein_0278,0.2
protein_0322,protein_0279,0.6352941176470588
protein_0322,protein_0280,0.7108433734939759
protein_0322,protein_0281,0.136
protein_0322,protein_0282,0.10843373493975904
protein_0322,protein_0283,0.0963302752293578
protein_0322,protein_0284,0.21839080459770116
protein_0322,protein_0285,0.2413793103448276
protein_0322,protein_0286,0.18072289156626506
protein_0322,protein_0287,0.16822429906542055
protein_0322,protein_0288,0.39759036144578314
protein_0322,protein_0289,0.16666666666666666
protein_0322,protein_0291,0.21686746987951808
protein_0322,protein_0292,0.20481927710843373
protein_0322,protein_0293,0.2159090909090909
protein_0322,protein_0294,0.21686746987951808
protein_0322,protein_0295,0.17045454545454544
protein_0322,protein_0297,0.13253012048192772
protein_0322,protein_0299,0.1935483870967742
protein_0322,protein_0300,0.14893617021276595
protein_0322,protein_0301,0.14893617021276595
protein_0322,protein_0302,0.10599078341013825
protein_0322,protein_0303,0.19047619047619047
protein_0322,protein_0305,0.18681318681318682
protein_0322,protein_0306,0.15447154471544716
protein_0322,protein_0307,0.176
protein_0322,protein_0308,0.1724137931034483
protein_0322,protein_0309,0.1595744680851064
protein_0322,protein_0311,0.3333333333333333
protein_0322,protein_0312,0.3333333333333333
protein_0322,protein_0313,0.26436781609195403
protein_0322,protein_0314,0.16346153846153846
protein_0322,protein_0315,0.1951219512195122
protein_0322,protein_0316,0.18072289156626506
protein_0322,protein_0317,0.17543859649122806
protein_0322,protein_0319,0.25
protein_0322,protein_0320,0.37777777777777777
protein_0322,protein_0321,0.20454545454545456
protein_0322,protein_0323,0.22988505747126436
protein_0322,protein_0324,0.20833333333333334
protein_0322,protein_0325,0.13385826771653545
protein_0322,protein_0326,0.15625
protein_0322,protein_0327,0.27586206896551724
protein_0322,protein_0328,0.1592920353982301
protein_0322,protein_0329,0.1592920353982301
protein_0322,protein_0330,0.25287356321839083
protein_0322,protein_0332,0.23728813559322035
protein_0322,protein_0333,0.26436781609195403
protein_0322,protein_0334,0.2111111111111111
protein_0322,protein_0335,0.1504424778761062
protein_0322,protein_0336,0.20238095238095238
protein_0322,protein_0337,0.28735632183908044
protein_0322,protein_0338,0.26436781609195403
protein_0322,protein_0339,0.19047619047619047
protein_0322,protein_0340,0.11650485436893204
protein_0322,protein_0341,0.21904761904761905
protein_0322,protein_0342,0.17204301075268819
protein_0322,protein_0343,0.16666666666666666
protein_0322,protein_0344,0.35555555555555557
protein_0322,protein_0345,0.16521739130434782
protein_0322,protein_0346,0.16521739130434782
protein_0322,protein_0347,0.1686746987951807
protein_0322,protein_0348,0.11570247933884298
protein_0322,protein_0349,0.22330097087378642
protein_0322,protein_0350,0.34444444444444444
protein_0322,protein_0351,0.25
protein_0322,protein_0352,0.18681318681318682
protein_0322,protein_0353,0.1391304347826087
protein_0322,protein_0354,0.26436781609195403
protein_0322,protein_0355,0.27586206896551724
protein_0322,protein_0356,0.16666666666666666
protein_0322,protein_0357,0.12396694214876033
protein_0322,protein_0358,0.34444444444444444
protein_0322,protein_0359,0.13432835820895522
protein_0322,protein_0360,0.3103448275862069
protein_0322,protein_0361,0.13934426229508196
protein_0322,protein_0362,0.26136363636363635
protein_0322,protein_0363,0.26136363636363635
protein_0322,protein_0364,0.26136363636363635
protein_0322,protein_0365,0.22988505747126436
protein_0322,protein_0366,0.2857142857142857
protein_0322,protein_0368,0.16853932584269662
protein_0322,protein_0369,0.13095238095238096
protein_0322,protein_0370,0.35555555555555557
protein_0322,protein_0371,0.28735632183908044
protein_0322,protein_0372,0.10091743119266056
protein_0322,protein_0373,0.17757009345794392
protein_0322,protein_0374,0.13445378151260504
protein_0322,protein_0375,0.28735632183908044
protein_0322,protein_0376,0.14285714285714285
protein_0322,protein_0377,0.41379310344827586
protein_0322,protein_0378,0.1415929203539823
protein_0322,protein_0380,0.18446601941747573
protein_0322,protein_0381,0.18446601941747573
protein_0322,protein_0382,0.29545454545454547
protein_0322,protein_0383,0.16470588235294117
protein_0322,protein_0384,0.29213483146067415
protein_0322,protein_0385,0.168141592920354
protein_0322,protein_0386,0.1568627450980392
protein_0322,protein_0387,0.1651376146788991
protein_0322,protein_0388,0.1566265060240964
protein_0322,protein_0390,0.27586206896551724
protein_0322,protein_0391,0.22727272727272727
protein_0322,protein_0392,0.35555555555555557
protein_0322,protein_0393,0.35555555555555557
protein_0322,protein_0394,0.18421052631578946
protein_0322,protein_0395,0.15730337078651685
protein_0322,protein_0396,0.12295081967213115
protein_0322,protein_0397,0.42168674698795183
protein_0322,protein_0398,0.17391304347826086
protein_0322,protein_0399,0.2903225806451613
protein_0331,protein_0000,0.1590909090909091
protein_0331,protein_0001,0.2496880854880426
protein_0331,protein_0002,0.16049382716049382
protein_0331,protein_0003,0.16091954022988506
protein_0331,protein_0004,0.13636363636363635
protein_0331,protein_0005,0.19047619047619047
protein_0331,protein_0006,0.13636363636363635
protein_0331,protein_0007,0.48489915365280656
protein_0331,protein_0008,0.1919191919191919
protein_0331,protein_0009,0.15384615384615385
protein_0331,protein_0010,0.1595744680851064
protein_0331,protein_0011,0.18681318681318682
protein_0331,protein_0013,0.1891891891891892
protein_0331,protein_0014,0.1542885877563297
protein_0331,protein_0015,0.18181818181818182
protein_0331,protein_0016,0.1919191919191919
protein_0331,protein_0017,0.15384615384615385
protein_0331,protein_0018,0.14285714285714285
protein_0331,protein_0019,0.2503940654480967
protein_0331,protein_0020,0.13953488372093023
protein_0331,protein_0021,0.15853658536585366
protein_0331,protein_0022,0.12525879917184266
protein_0331,protein_0023,0.12794275013376138
protein_0331,protein_0024,0.13675213675213677
protein_0331,protein_0025,0.1797752808988764
protein_0331,protein_0026,0.14728682170542637
protein_0331,protein_0027,0.14965986394557823
protein_0331,protein_0030,0.11764705882352941
protein_0331,protein_0031,0.19607843137254902
protein_0331,protein_0032,0.16666666666666666
protein_0331,protein_0033,0.14942528735632185
protein_0331,protein_0034,0.15384615384615385
protein_0331,protein_0036,0.3869507505344363
protein_0331,protein_0037,0.14903846153846154
protein_0331,protein_0038,0.14903846153846154
protein_0331,protein_0039,0.1348314606741573
protein_0331,protein_0040,0.22535211267605634
protein_0331,protein_0042,0.14606741573033707
protein_0331,protein_0043,0.14772727272727273
protein_0331,protein_0045,0.1724137931034483
protein_0331,protein_0046,0.4991214926443487
protein_0331,protein_0047,0.12643678160919541
protein_0331,protein_0048,0.13541666666666666
protein_0331,protein_0049,0.14942528735632185
protein_0331,protein_0050,0.1650485436893204
protein_0331,protein_0052,0.15384615384615385
protein_0331,protein_0053,0.16483516483516483
protein_0331,protein_0054,0.16666666666666666
protein_0331,protein_0055,0.1794871794871795
protein_0331,protein_0056,0.17633567188343227
protein_0331,protein_0057,0.49014328547726993
protein_0331,protein_0058,0.16901408450704225
protein_0331,protein_0059,0.14285714285714285
protein_0331,protein_0060,0.13294329432943294
protein_0331,protein_0061,0.15730337078651685
protein_0331,protein_0062,0.16853932584269662
protein_0331,protein_0063,0.10328638497652583
protein_0331,protein_0064,0.1568627450980392
protein_0331,protein_0066,0.16
protein_0331,protein_0067,0.13793103448275862
protein_0331,protein_0068,0.15730337078651685
protein_0331,protein_0069,0.14772727272727273
protein_0331,protein_0070,0.20430107526881722
protein_0331,protein_0071,0.15730337078651685
protein_0331,protein_0072,0.3815639843480431
protein_0331,protein_0073,0.12643678160919541
protein_0331,protein_0075,0.11393900343642613
protein_0331,protein_0076,0.22666666666666666
protein_0331,protein_0077,0.17582417582417584
protein_0331,protein_0078,0.14953271028037382
protein_0331,protein_0079,0.14953271028037382
protein_0331,protein_0080,0.14942528735632185
protein_0331,protein_0081,0.13793103448275862
protein_0331,protein_0082,0.1568627450980392
protein_0331,protein_0084,0.15300511508951406
protein_0331,protein_0086,0.18269230769230768
protein_0331,protein_0087,0.3659250585480094
protein_0331,protein_0088,0.19101123595505617
protein_0331,protein_0089,0.13877118644067798
protein_0331,protein_0090,0.1364130434782609
protein_0331,protein_0091,0.12389380530973451
protein_0331,protein_0092,0.12389380530973451
protein_0331,protein_0093,0.18072289156626506
protein_0331,protein_0094,0.15517241379310345
protein_0331,protein_0096,0.16666666666666666
protein_0331,protein_0097,0.16483516483516483
protein_0331,protein_0098,0.14606741573033707
protein_0331,protein_0099,0.14944444444444444
protein_0331,protein_0100,0.29545025089004234
protein_0331,protein_0101,0.14942528735632185
protein_0331,protein_0102,0.15384615384615385
protein_0331,protein_0103,0.1839080459770115
protein_0331,protein_0104,0.136
protein_0331,protein_0105,0.2153846153846154
protein_0331,protein_0106,0.12605868118572294
protein_0331,protein_0108,0.16666666666666666
protein_0331,protein_0109,0.2638617431588367
protein_0331,protein_0110,0.14130434782608695
protein_0331,protein_0111,0.18947368421052632
protein_0331,protein_0112,0.17
protein_0331,protein_0113,0.16853932584269662
protein_0331,protein_0114,0.14606741573033707
protein_0331,protein_0115,0.13414634146341464
protein_0331,protein_0116,0.11861861861861861
protein_0331,protein_0117,0.11861861861861861
protein_0331,protein_0118,0.2515992235307106
protein_0331,protein_0119,0.17
protein_0331,protein_0120,0.14942528735632185
protein_0331,protein_0121,0.14942528735632185
protein_0331,protein_0122,0.17908496732026144
protein_0331,protein_0123,0.42486735605126763
protein_0331,protein_0124,0.15730337078651685
protein_0331,protein_0125,0.17
protein_0331,protein_0126,0.16161616161616163
protein_0331,protein_0128,0.15555555555555556
protein_0331,protein_0129,0.14942528735632185
protein_0331,protein_0130,0.15708943833943834
protein_0331,protein_0131,0.1715542521994135
protein_0331,protein_0132,0.1792452830188679
protein_0331,protein_0134,0.14772727272727273
protein_0331,protein_0135,0.17582417582417584
protein_0331,protein_0136,0.1810344827586207
protein_0331,protein_0137,0.1794871794871795
protein_0331,protein_0138,0.1794871794871795
protein_0331,protein_0139,0.28860635566624676
protein_0331,protein_0140,0.13829787234042554
protein_0331,protein_0141,0.16797385620915034
protein_0331,protein_0143,0.13131313131313133
protein_0331,protein_0144,0.14772727272727273
protein_0331,protein_0145,0.40183319235043374
protein_0331,protein_0146,0.19444444444444445
protein_0331,protein_0147,0.14942528735632185
protein_0331,protein_0148,0.14942528735632185
protein_0331,protein_0149,0.37252135095931294
protein_0331,protein_0150,0.16091954022988506
protein_0331,protein_0151,0.20224719101123595
protein_0331,protein_0152,0.2813518048809264
protein_0331,protein_0153,0.17828662565504672
protein_0331,protein_0154,0.1579004329004329
protein_0331,protein_0155,0.11965811965811966
protein_0331,protein_0156,0.14814814814814814
protein_0331,protein_0157,0.16279069767441862
protein_0331,protein_0158,0.4053164520496644
protein_0331,protein_0160,0.1590909090909091
protein_0331,protein_0161,0.1623931623931624
protein_0331,protein_0162,0.1927710843373494
protein_0331,protein_0163,0.14423076923076922
protein_0331,protein_0164,0.14772727272727273
protein_0331,protein_0165,0.3667711598746081
protein_0331,protein_0166,0.1590909090909091
protein_0331,protein_0167,0.13522727272727272
protein_0331,protein_0168,0.13977272727272727
protein_0331,protein_0169,0.15966386554621848
protein_0331,protein_0171,0.15730337078651685
protein_0331,protein_0172,0.16101694915254236
protein_0331,protein_0173,0.14285714285714285
protein_0331,protein_0174,0.14942528735632185
protein_0331,protein_0175,0.16853932584269662
protein_0331,protein_0176,0.2706547254473176
protein_0331,protein_0177,0.30799110483009334
protein_0331,protein_0179,0.1415929203539823
protein_0331,protein_0180,0.18478260869565216
protein_0331,protein_0181,0.13333333333333333
protein_0331,protein_0182,0.18181818181818182
protein_0331,protein_0183,0.16
protein_0331,protein_0185,0.1511627906976744
protein_0331,protein_0187,0.16091954022988506
protein_0331,protein_0188,0.2735219822154267
protein_0331,protein_0189,0.2222222222222222
protein_0331,protein_0190,0.16091954022988506
protein_0331,protein_0191,0.14942528735632185
protein_0331,protein_0192,0.20481927710843373
protein_0331,protein_0193,0.16853932584269662
protein_0331,protein_0194,0.17045454545454544
protein_0331,protein_0195,0.19540229885057472
protein_0331,protein_0196,0.19540229885057472
protein_0331,protein_0197,0.11627906976744186
protein_0331,protein_0198,0.14942528735632185
protein_0331,protein_0199,0.18888888888888888
protein_0331,protein_0200,0.14942528735632185
protein_0331,protein_0201,0.15
protein_0331,protein_0202,0.1590909090909091
protein_0331,protein_0203,0.1452991452991453
protein_0331,protein_0204,0.35809730831501657
protein_0331,protein_0205,0.10426540284360189
protein_0331,protein_0207,0.13675213675213677
protein_0331,protein_0208,0.14616977225672878
protein_0331,protein_0209,0.1590909090909091
protein_0331,protein_0210,0.1744186046511628
protein_0331,protein_0211,0.16952614379084968
protein_0331,protein_0212,0.17567567567567569
protein_0331,protein_0213,0.16304347826086957
protein_0331,protein_0214,0.2028985507246377
protein_0331,protein_0215,0.19696969696969696
protein_0331,protein_0216,0.21
protein_0331,protein_0217,0.14444444444444443
protein_0331,protein_0218,0.12
protein_0331,protein_0219,0.15966386554621848
protein_0331,protein_0220,0.15384615384615385
protein_0331,protein_0222,0.1511627906976744
protein_0331,protein_0223,0.17391304347826086
protein_0331,protein_0224,0.22512988601806808
protein_0331,protein_0225,0.17073170731707318
protein_0331,protein_0226,0.14444444444444443
protein_0331,protein_0227,0.21739130434782608
protein_0331,protein_0228,0.16521739130434782
protein_0331,protein_0229,0.1951219512195122
protein_0331,protein_0230,0.13725490196078433
protein_0331,protein_0231,0.15730337078651685
protein_0331,protein_0232,0.34145032305459855
protein_0331,protein_0233,0.14960629921259844
protein_0331,protein_0234,0.16831683168316833
protein_0331,protein_0235,0.15859495088553652
protein_0331,protein_0236,0.12784424114473375
protein_0331,protein_0237,0.12784424114473375
protein_0331,protein_0238,0.1450381679389313
protein_0331,protein_0239,0.14772727272727273
protein_0331,protein_0241,0.12643678160919541
protein_0331,protein_0243,0.13636363636363635
protein_0331,protein_0245,0.13173400673400673
protein_0331,protein_0246,0.20430107526881722
protein_0331,protein_0247,0.13599827466615372
protein_0331,protein_0248,0.1797752808988764
protein_0331,protein_0250,0.13729166666666667
protein_0331,protein_0251,0.15053763440860216
protein_0331,protein_0252,0.15476190476190477
protein_0331,protein_0253,0.168141592920354
protein_0331,protein_0255,0.10526315789473684
protein_0331,protein_0256,0.15151515151515152
protein_0331,protein_0257,0.16
protein_0331,protein_0258,0.16279069767441862
protein_0331,protein_0259,0.5134600313479624
protein_0331,protein_0260,0.5134600313479624
protein_0331,protein_0261,0.15151515151515152
protein_0331,protein_0262,0.14074074074074075
protein_0331,protein_0263,0.14705882352941177
protein_0331,protein_0264,0.16091954022988506
protein_0331,protein_0265,0.16091954022988506
protein_0331,protein_0266,0.1409867172675522
protein_0331,protein_0267,0.19148936170212766
protein_0331,protein_0268,0.2073170731707317
protein_0331,protein_0269,0.18333333333333332
protein_0331,protein_0270,0.19444444444444445
protein_0331,protein_0271,0.35827586206896556
protein_0331,protein_0273,0.1276735050196421
protein_0331,protein_0274,0.19101123595505617
protein_0331,protein_0275,0.1568627450980392
protein_0331,protein_0276,0.14583333333333334
protein_0331,protein_0277,0.26110107533865295
protein_0331,protein_0278,0.17777777777777778
protein_0331,protein_0279,0.14444444444444443
protein_0331,protein_0280,0.12359550561797752
protein_0331,protein_0281,0.1504424778761062
protein_0331,protein_0282,0.1728395061728395
protein_0331,protein_0283,0.1141552511415525
protein_0331,protein_0284,0.14817290552584672
protein_0331,protein_0285,0.16091954022988506
protein_0331,protein_0286,0.28543869773941805
protein_0331,protein_0287,0.1588785046728972
protein_0331,protein_0288,0.2
protein_0331,protein_0289,0.17217194570135747
protein_0331,protein_0291,0.14166666666666666
protein_0331,protein_0292,0.2583085779440727
protein_0331,protein_0293,0.19318181818181818
protein_0331,protein_0294,0.13742138364779874
protein_0331,protein_0295,0.909386436566964
protein_0331,protein_0297,0.5691745036572623
protein_0331,protein_0299,0.16424317961501178
protein_0331,protein_0300,0.15511363636363637
protein_0331,protein_0301,0.1602833894500561
protein_0331,protein_0302,0.09216589861751152
protein_0331,protein_0303,0.19230769230769232
protein_0331,protein_0305,0.13219954648526078
protein_0331,protein_0306,0.1794871794871795
protein_0331,protein_0307,0.17796610169491525
protein_0331,protein_0308,0.14782608695652175
protein_0331,protein_0309,0.17033941236068895
protein_0331,protein_0311,0.15384615384615385
protein_0331,protein_0312,0.14130434782608695
protein_0331,protein_0313,0.1630718954248366
protein_0331,protein_0314,0.14285714285714285
protein_0331,protein_0315,0.16521739130434782
protein_0331,protein_0316,0.3844129131606445
protein_0331,protein_0317,0.17
protein_0331,protein_0319,0.13793103448275862
protein_0331,protein_0320,0.14772727272727273
protein_0331,protein_0321,0.14772727272727273
protein_0331,protein_0323,0.20689655172413793
protein_0331,protein_0324,0.1780821917808219
protein_0331,protein_0325,0.12885375494071144
protein_0331,protein_0326,0.2073170731707317
protein_0331,protein_0327,0.16091954022988506
protein_0331,protein_0328,0.1574074074074074
protein_0331,protein_0329,0.1574074074074074
protein_0331,protein_0330,0.125
protein_0331,protein_0332,0.15140186915887852
protein_0331,protein_0333,0.1687062937062937
protein_0331,protein_0334,0.16483516483516483
protein_0331,protein_0335,0.16831683168316833
protein_0331,protein_0336,0.46105813122147055
protein_0331,protein_0337,0.1284965034965035
protein_0331,protein_0338,0.15555555555555556
protein_0331,protein_0339,0.2974202182783001
protein_0331,protein_0340,0.18
protein_0331,protein_0341,0.1941747572815534
protein_0331,protein_0342,0.1780821917808219
protein_0331,protein_0343,0.1419082125603865
protein_0331,protein_0344,0.18181818181818182
protein_0331,protein_0345,0.17027769301190115
protein_0331,protein_0346,0.17027769301190115
protein_0331,protein_0347,0.3034577581216973
protein_0331,protein_0348,0.13043478260869565
protein_0331,protein_0349,0.16
protein_0331,protein_0350,0.18181818181818182
protein_0331,protein_0351,0.16666666666666666
protein_0331,protein_0352,0.32718575840178016
protein_0331,protein_0353,0.12336956521739131
protein_0331,protein_0354,0.16129032258064516
protein_0331,protein_0355,0.14674654198324566
protein_0331,protein_0356,0.4088921744416848
protein_0331,protein_0357,0.1322314049586777
protein_0331,protein_0358,0.18181818181818182
protein_0331,protein_0359,0.14285714285714285
protein_0331,protein_0360,0.19540229885057472
protein_0331,protein_0361,0.1440677966101695
protein_0331,protein_0362,0.15730337078651685
protein_0331,protein_0363,0.15730337078651685
protein_0331,protein_0364,0.1724137931034483
protein_0331,protein_0365,0.14942528735632185
protein_0331,protein_0366,0.15294117647058825
protein_0331,protein_0368,0.1686746987951807
protein_0331,protein_0369,0.17333333333333334
protein_0331,protein_0370,0.18181818181818182
protein_0331,protein_0371,0.12790697674418605
protein_0331,protein_0372,0.10550458715596331
protein_0331,protein_0373,0.16
protein_0331,protein_0374,0.15384615384615385
protein_0331,protein_0375,0.16853932584269662
protein_0331,protein_0376,0.1717171717171717
protein_0331,protein_0377,0.1326530612244898
protein_0331,protein_0378,0.17857142857142858
protein_0331,protein_0380,0.15088652482269502
protein_0331,protein_0381,0.15088652482269502
protein_0331,protein_0382,0.15158705051144153
protein_0331,protein_0383,0.3107287908361428
protein_0331,protein_0384,0.16091954022988506
protein_0331,protein_0385,0.12121212121212122
protein_0331,protein_0386,0.1717171717171717
protein_0331,protein_0387,0.15789473684210525
protein_0331,protein_0388,0.3943584666996645
protein_0331,protein_0390,0.13793103448275862
protein_0331,protein_0391,0.15384615384615385
protein_0331,protein_0392,0.16853932584269662
protein_0331,protein_0393,0.1348314606741573
protein_0331,protein_0394,0.13157894736842105
protein_0331,protein_0395,0.14130434782608695
protein_0331,protein_0396,0.14035087719298245
protein_0331,protein_0397,0.16279069767441862
protein_0331,protein_0398,0.13960178666061018
protein_0331,protein_0399,0.13636363636363635
protein_0367,protein_0000,0.17592592592592593
protein_0367,protein_0001,0.13131313131313133
protein_0367,protein_0002,0.21818181818181817
protein_0367,protein_0003,0.1834862385321101
protein_0367,protein_0004,0.14423076923076922
protein_0367,protein_0005,0.21
protein_0367,protein_0006,0.2079207920792079
protein_0367,protein_0007,0.18627450980392157
protein_0367,protein_0008,0.46464646464646464
protein_0367,protein_0009,0.18269230769230768
protein_0367,protein_0010,0.18269230769230768
protein_0367,protein_0011,0.2
protein_0367,protein_0013,0.14285714285714285
protein_0367,protein_0014,0.24242424242424243
protein_0367,protein_0015,0.21212121212121213
protein_0367,protein_0016,0.47474747474747475
protein_0367,protein_0017,0.14393939393939395
protein_0367,protein_0018,0.14285714285714285
protein_0367,protein_0019,0.1568627450980392
protein_0367,protein_0020,0.1559633027522936
protein_0367,protein_0021,0.15151515151515152
protein_0367,protein_0022,0.1619047619047619
protein_0367,protein_0023,0.22641509433962265
protein_0367,protein_0024,0.14516129032258066
protein_0367,protein_0025,0.13274336283185842
protein_0367,protein_0026,0.18571428571428572
protein_0367,protein_0027,0.21904761904761905
protein_0367,protein_0030,0.16393442622950818
protein_0367,protein_0031,0.3434343434343434
protein_0367,protein_0032,0.1588785046728972
protein_0367,protein_0033,0.19444444444444445
protein_0367,protein_0034,0.17307692307692307
protein_0367,protein_0036,0.1717171717171717
protein_0367,protein_0037,0.17142857142857143
protein_0367,protein_0038,0.17142857142857143
protein_0367,protein_0039,0.18269230769230768
protein_0367,protein_0040,0.09090909090909091
protein_0367,protein_0042,0.1619047619047619
protein_0367,protein_0043,0.1875
protein_0367,protein_0045,0.15454545454545454
protein_0367,protein_0046,0.1919191919191919
protein_0367,protein_0047,0.17475728155339806
protein_0367,protein_0048,0.15454545454545454
protein_0367,protein_0049,0.16346153846153846
protein_0367,protein_0050,0.45454545454545453
protein_0367,protein_0052,0.18867924528301888
protein_0367,protein_0053,0.1717171717171717
protein_0367,protein_0054,0.15
protein_0367,protein_0055,0.17073170731707318
protein_0367,protein_0056,0.15
protein_0367,protein_0057,0.16161616161616163
protein_0367,protein_0058,0.1574074074074074
protein_0367,protein_0059,0.16216216216216217
protein_0367,protein_0060,0.14414414414414414
protein_0367,protein_0061,0.15
protein_0367,protein_0062,0.14545454545454545
protein_0367,protein_0063,0.10328638497652583
protein_0367,protein_0064,0.15384615384615385
protein_0367,protein_0066,0.18487394957983194
protein_0367,protein_0067,0.1568627450980392
protein_0367,protein_0068,0.10101010101010101
protein_0367,protein_0069,0.22857142857142856
protein_0367,protein_0070,0.16981132075471697
protein_0367,protein_0071,0.14285714285714285
protein_0367,protein_0072,0.17307692307692307
protein_0367,protein_0073,0.16346153846153846
protein_0367,protein_0075,0.18584070796460178
protein_0367,protein_0076,0.20202020202020202
protein_0367,protein_0077,0.14814814814814814
protein_0367,protein_0078,0.13392857142857142
protein_0367,protein_0079,0.13392857142857142
protein_0367,protein_0080,0.14953271028037382
protein_0367,protein_0081,0.14414414414414414
protein_0367,protein_0082,0.14423076923076922
protein_0367,protein_0084,0.1650485436893204
protein_0367,protein_0086,0.1320754716981132
protein_0367,protein_0087,0.1553398058252427
protein_0367,protein_0088,0.13725490196078433
protein_0367,protein_0089,0.18699186991869918
protein_0367,protein_0090,0.17886178861788618
protein_0367,protein_0091,0.184
protein_0367,protein_0092,0.184
protein_0367,protein_0093,0.16666666666666666
protein_0367,protein_0094,0.1864406779661017
protein_0367,protein_0096,0.2727272727272727
protein_0367,protein_0097,0.1568627450980392
protein_0367,protein_0098,0.16666666666666666
protein_0367,protein_0099,0.09734513274336283
protein_0367,protein_0100,0.1414141414141414
protein_0367,protein_0101,0.16346153846153846
protein_0367,protein_0102,0.1891891891891892
protein_0367,protein_0103,0.18095238095238095
protein_0367,protein_0104,0.21428571428571427
protein_0367,protein_0105,0.12
protein_0367,protein_0106,0.13333333333333333
protein_0367,protein_0108,0.11214953271028037
protein_0367,protein_0109,0.15151515151515152
protein_0367,protein_0110,0.16037735849056603
protein_0367,protein_0111,0.18181818181818182
protein_0367,protein_0112,0.0970873786407767
protein_0367,protein_0113,0.19607843137254902
protein_0367,protein_0114,0.14018691588785046
protein_0367,protein_0115,0.16666666666666666
protein_0367,protein_0116,0.17543859649122806
protein_0367,protein_0117,0.17543859649122806
protein_0367,protein_0118,0.1650485436893204
protein_0367,protein_0119,0.16806722689075632
protein_0367,protein_0120,0.13592233009708737
protein_0367,protein_0121,0.13592233009708737
protein_0367,protein_0122,0.1717171717171717
protein_0367,protein_0123,0.15151515151515152
protein_0367,protein_0124,0.16666666666666666
protein_0367,protein_0125,0.494949494949495
protein_0367,protein_0126,0.45098039215686275
protein_0367,protein_0128,0.1574074074074074
protein_0367,protein_0129,0.1346153846153846
protein_0367,protein_0130,0.24031007751937986
protein_0367,protein_0131,0.15151515151515152
protein_0367,protein_0132,0.17117117117117117
protein_0367,protein_0134,0.16346153846153846
protein_0367,protein_0135,0.13636363636363635
protein_0367,protein_0136,0.176
protein_0367,protein_0137,0.12605042016806722
protein_0367,protein_0138,0.12605042016806722
protein_0367,protein_0139,0.1553398058252427
protein_0367,protein_0140,0.11818181818181818
protein_0367,protein_0141,0.1592920353982301
protein_0367,protein_0143,0.13131313131313133
protein_0367,protein_0144,0.1415929203539823
protein_0367,protein_0145,0.16161616161616163
protein_0367,protein_0146,0.1568627450980392
protein_0367,protein_0147,0.1717171717171717
protein_0367,protein_0148,0.1588785046728972
protein_0367,protein_0149,0.16161616161616163
protein_0367,protein_0150,0.18584070796460178
protein_0367,protein_0151,0.13559322033898305
protein_0367,protein_0152,0.1414141414141414
protein_0367,protein_0153,0.18181818181818182
protein_0367,protein_0154,0.18181818181818182
protein_0367,protein_0155,0.1623931623931624
protein_0367,protein_0156,0.21367521367521367
protein_0367,protein_0157,0.13592233009708737
protein_0367,protein_0158,0.15841584158415842
protein_0367,protein_0160,0.1810344827586207
protein_0367,protein_0161,0.10569105691056911
protein_0367,protein_0162,0.14285714285714285
protein_0367,protein_0163,0.11538461538461539
protein_0367,protein_0164,0.1523809523809524
protein_0367,protein_0165,0.14953271028037382
protein_0367,protein_0166,0.14285714285714285
protein_0367,protein_0167,0.18248175182481752
protein_0367,protein_0168,0.18248175182481752
protein_0367,protein_0169,0.176
protein_0367,protein_0171,0.1559633027522936
protein_0367,protein_0172,0.1532258064516129
protein_0367,protein_0173,0.18691588785046728
protein_0367,protein_0174,0.1794871794871795
protein_0367,protein_0175,0.1794871794871795
protein_0367,protein_0176,0.1414141414141414
protein_0367,protein_0177,0.16161616161616163
protein_0367,protein_0179,0.12213740458015267
protein_0367,protein_0180,0.18
protein_0367,protein_0181,0.1568627450980392
protein_0367,protein_0182,0.12121212121212122
protein_0367,protein_0183,0.23232323232323232
protein_0367,protein_0185,0.20388349514563106
protein_0367,protein_0187,0.1794871794871795
protein_0367,protein_0188,0.1717171717171717
protein_0367,protein_0189,0.15841584158415842
protein_0367,protein_0190,0.1834862385321101
protein_0367,protein_0191,0.125
protein_0367,protein_0192,0.17142857142857143
protein_0367,protein_0193,0.205607476635514
protein_0367,protein_0194,0.15
protein_0367,protein_0195,0.1926605504587156
protein_0367,protein_0196,0.18269230769230768
protein_0367,protein_0197,0.16822429906542055
protein_0367,protein_0198,0.11538461538461539
protein_0367,protein_0199,0.18018018018018017
protein_0367,protein_0200,0.16666666666666666
protein_0367,protein_0201,0.1592920353982301
protein_0367,protein_0202,0.19626168224299065
protein_0367,protein_0203,0.1640625
protein_0367,protein_0204,0.16161616161616163
protein_0367,protein_0205,0.0995260663507109
protein_0367,protein_0207,0.11475409836065574
protein_0367,protein_0208,0.14912280701754385
protein_0367,protein_0209,0.14414414414414414
protein_0367,protein_0210,0.18269230769230768
protein_0367,protein_0211,0.1346153846153846
protein_0367,protein_0212,0.1717171717171717
protein_0367,protein_0213,0.15151515151515152
protein_0367,protein_0214,0.10101010101010101
protein_0367,protein_0215,0.0707070707070707
protein_0367,protein_0216,0.2018348623853211
protein_0367,protein_0217,0.19801980198019803
protein_0367,protein_0218,0.15748031496062992
protein_0367,protein_0219,0.136
protein_0367,protein_0220,0.17857142857142858
protein_0367,protein_0222,0.16346153846153846
protein_0367,protein_0223,0.13131313131313133
protein_0367,protein_0224,0.15151515151515152
protein_0367,protein_0225,0.20952380952380953
protein_0367,protein_0226,0.15151515151515152
protein_0367,protein_0227,0.1111111111111111
protein_0367,protein_0228,0.15384615384615385
protein_0367,protein_0229,0.23076923076923078
protein_0367,protein_0230,0.16822429906542055
protein_0367,protein_0231,0.21359223300970873
protein_0367,protein_0232,0.1523809523809524
protein_0367,protein_0233,0.15625
protein_0367,protein_0234,0.5656565656565656
protein_0367,protein_0235,0.18446601941747573
protein_0367,protein_0236,0.14965986394557823
protein_0367,protein_0237,0.14965986394557823
protein_0367,protein_0238,0.13636363636363635
protein_0367,protein_0239,0.1693548387096774
protein_0367,protein_0241,0.1592920353982301
protein_0367,protein_0243,0.1308411214953271
protein_0367,protein_0245,0.1391304347826087
protein_0367,protein_0246,0.45454545454545453
protein_0367,protein_0247,0.2
protein_0367,protein_0248,0.17
protein_0367,protein_0250,0.17475728155339806
protein_0367,protein_0251,0.125
protein_0367,protein_0252,0.1717171717171717
protein_0367,protein_0253,0.13793103448275862
protein_0367,protein_0255,0.11827956989247312
protein_0367,protein_0256,0.17117117117117117
protein_0367,protein_0257,0.17543859649122806
protein_0367,protein_0258,0.12745098039215685
protein_0367,protein_0259,0.15841584158415842
protein_0367,protein_0260,0.15841584158415842
protein_0367,protein_0261,0.48484848484848486
protein_0367,protein_0262,0.15942028985507245
protein_0367,protein_0263,0.19424460431654678
protein_0367,protein_0264,0.18269230769230768
protein_0367,protein_0265,0.18269230769230768
protein_0367,protein_0266,0.19811320754716982
protein_0367,protein_0267,0.125
protein_0367,protein_0268,0.19811320754716982
protein_0367,protein_0269,0.1590909090909091
protein_0367,protein_0270,0.09090909090909091
protein_0367,protein_0271,0.1717171717171717
protein_0367,protein_0273,0.14953271028037382
protein_0367,protein_0274,0.16037735849056603
protein_0367,protein_0275,0.46464646464646464
protein_0367,protein_0276,0.14285714285714285
protein_0367,protein_0277,0.15151515151515152
protein_0367,protein_0278,0.17857142857142858
protein_0367,protein_0279,0.1559633027522936
protein_0367,protein_0280,0.14563106796116504
protein_0367,protein_0281,0.15
protein_0367,protein_0282,0.11711711711711711
protein_0367,protein_0283,0.1085972850678733
protein_0367,protein_0284,0.168141592920354
protein_0367,protein_0285,0.17307692307692307
protein_0367,protein_0286,0.14545454545454545
protein_0367,protein_0287,0.19469026548672566
protein_0367,protein_0288,0.15841584158415842
protein_0367,protein_0289,0.15151515151515152
protein_0367,protein_0291,0.18095238095238095
protein_0367,protein_0292,0.1553398058252427
protein_0367,protein_0293,0.18095238095238095
protein_0367,protein_0294,0.18095238095238095
protein_0367,protein_0295,0.17
protein_0367,protein_0297,0.1717171717171717
protein_0367,protein_0299,0.16363636363636364
protein_0367,protein_0300,0.17307692307692307
protein_0367,protein_0301,0.17307692307692307
protein_0367,protein_0302,0.08294930875576037
protein_0367,protein_0303,0.13131313131313133
protein_0367,protein_0305,0.18627450980392157
protein_0367,protein_0306,0.17073170731707318
protein_0367,protein_0307,0.1322314049586777
protein_0367,protein_0308,0.16379310344827586
protein_0367,protein_0309,0.19047619047619047
protein_0367,protein_0311,0.17757009345794392
protein_0367,protein_0312,0.13274336283185842
protein_0367,protein_0313,0.17272727272727273
protein_0367,protein_0314,0.125
protein_0367,protein_0315,0.1487603305785124
protein_0367,protein_0316,0.1414141414141414
protein_0367,protein_0317,0.1308411214953271
protein_0367,protein_0319,0.14423076923076922
protein_0367,protein_0320,0.15315315315315314
protein_0367,protein_0321,0.15517241379310345
protein_0367,protein_0323,0.13333333333333333
protein_0367,protein_0324,0.1792452830188679
protein_0367,protein_0325,0.16806722689075632
protein_0367,protein_0326,0.1414141414141414
protein_0367,protein_0327,0.14953271028037382
protein_0367,protein_0328,0.07407407407407407
protein_0367,protein_0329,0.07407407407407407
protein_0367,protein_0330,0.1559633027522936
protein_0367,protein_0332,0.23076923076923078
protein_0367,protein_0333,0.1743119266055046
protein_0367,protein_0334,0.12745098039215685
protein_0367,protein_0335,0.10344827586206896
protein_0367,protein_0336,0.1414141414141414
protein_0367,protein_0337,0.24299065420560748
protein_0367,protein_0338,0.1650485436893204
protein_0367,protein_0339,0.16
protein_0367,protein_0340,0.1346153846153846
protein_0367,protein_0341,0.192
protein_0367,protein_0342,0.1919191919191919
protein_0367,protein_0343,0.1509433962264151
protein_0367,protein_0344,0.1388888888888889
protein_0367,protein_0345,0.1111111111111111
protein_0367,protein_0346,0.1111111111111111
protein_0367,protein_0347,0.18181818181818182
protein_0367,protein_0348,0.17424242424242425
protein_0367,protein_0349,0.14285714285714285
protein_0367,protein_0350,0.1619047619047619
protein_0367,protein_0351,0.1650485436893204
protein_0367,protein_0352,0.16161616161616163
protein_0367,protein_0353,0.1391304347826087
protein_0367,protein_0354,0.15841584158415842
protein_0367,protein_0355,0.22330097087378642
protein_0367,protein_0356,0.1650485436893204
protein_0367,protein_0357,0.16535433070866143
protein_0367,protein_0358,0.17142857142857143
protein_0367,protein_0359,0.15748031496062992
protein_0367,protein_0360,0.1588785046728972
protein_0367,protein_0361,0.144
protein_0367,protein_0362,0.12037037037037036
protein_0367,protein_0363,0.12037037037037036
protein_0367,protein_0364,0.12037037037037036
protein_0367,protein_0365,0.1388888888888889
protein_0367,protein_0366,0.1388888888888889
protein_0367,protein_0368,0.10576923076923077
protein_0367,protein_0369,0.12745098039215685
protein_0367,protein_0370,0.1388888888888889
protein_0367,protein_0371,0.1346153846153846
protein_0367,protein_0372,0.1278538812785388
protein_0367,protein_0373,0.175
protein_0367,protein_0374,0.15873015873015872
protein_0367,protein_0375,0.15315315315315314
protein_0367,protein_0376,0.7272727272727273
protein_0367,protein_0377,0.16363636363636364
protein_0367,protein_0378,0.11304347826086956
protein_0367,protein_0380,0.17117117117117117
protein_0367,protein_0381,0.17117117117117117
protein_0367,protein_0382,0.1651376146788991
protein_0367,protein_0383,0.1717171717171717
protein_0367,protein_0384,0.16037735849056603
protein_0367,protein_0385,0.2222222222222222
protein_0367,protein_0386,0.10377358490566038
protein_0367,protein_0387,0.22018348623853212
protein_0367,protein_0388,0.18181818181818182
protein_0367,protein_0390,0.1568627450980392
protein_0367,protein_0391,0.16
protein_0367,protein_0392,0.16822429906542055
protein_0367,protein_0393,0.17757009345794392
protein_0367,protein_0394,0.17647058823529413
protein_0367,protein_0395,0.17094017094017094
protein_0367,protein_0396,0.17355371900826447
protein_0367,protein_0397,0.18691588785046728
protein_0367,protein_0398,0.18032786885245902
protein_0367,protein_0399,0.17307692307692307
protein_0379,protein_0000,0.17346938775510204
protein_0379,protein_0001,0.15116596252172698
protein_0379,protein_0002,0.21428571428571427
protein_0379,protein_0003,0.18556701030927836
protein_0379,protein_0004,0.1702127659574468
protein_0379,protein_0005,0.19791666666666666
protein_0379,protein_0006,0.14893617021276595
protein_0379,protein_0007,0.1699936459524717
protein_0379,protein_0008,0.17142857142857143
protein_0379,protein_0009,0.20833333333333334
protein_0379,protein_0010,0.20408163265306123
protein_0379,protein_0011,0.17346938775510204
protein_0379,protein_0013,0.2127659574468085
protein_0379,protein_0014,0.15450427911728223
protein_0379,protein_0015,0.2
protein_0379,protein_0016,0.17647058823529413
protein_0379,protein_0017,0.11627906976744186
protein_0379,protein_0018,0.16091954022988506
protein_0379,protein_0019,0.16749116007071943
protein_0379,protein_0020,0.16279069767441862
protein_0379,protein_0021,0.18627450980392157
protein_0379,protein_0022,0.266204526602678
protein_0379,protein_0023,0.2337951509153884
protein_0379,protein_0024,0.1532258064516129
protein_0379,protein_0025,0.17475728155339806
protein_0379,protein_0026,0.15789473684210525
protein_0379,protein_0027,0.23014045590605572
protein_0379,protein_0030,0.1796875
protein_0379,protein_0031,0.21
protein_0379,protein_0032,0.18446601941747573
protein_0379,protein_0033,0.16091954022988506
protein_0379,protein_0034,0.1724137931034483
protein_0379,protein_0036,0.15237033455118562
protein_0379,protein_0037,0.1730174081237911
protein_0379,protein_0038,0.1730174081237911
protein_0379,protein_0039,0.21875
protein_0379,protein_0040,0.11702127659574468
protein_0379,protein_0042,0.15463917525773196
protein_0379,protein_0043,0.1595744680851064
protein_0379,protein_0045,0.18446601941747573
protein_0379,protein_0046,0.16866134751773051
protein_0379,protein_0047,0.18446601941747573
protein_0379,protein_0048,0.18446601941747573
protein_0379,protein_0049,0.15789473684210525
protein_0379,protein_0050,0.1568627450980392
protein_0379,protein_0052,0.21212121212121213
protein_0379,protein_0053,0.2127659574468085
protein_0379,protein_0054,0.1953125
protein_0379,protein_0055,0.1557377049180328
protein_0379,protein_0056,0.15875942313995411
protein_0379,protein_0057,0.17409131205673758
protein_0379,protein_0058,0.16494845360824742
protein_0379,protein_0059,0.1827956989247312
protein_0379,protein_0060,0.13707584350668076
protein_0379,protein_0061,0.21
protein_0379,protein_0062,0.1782178217821782
protein_0379,protein_0063,0.11737089201877934
protein_0379,protein_0064,0.18627450980392157
protein_0379,protein_0066,0.1553398058252427
protein_0379,protein_0067,0.19148936170212766
protein_0379,protein_0068,0.2
protein_0379,protein_0069,0.17475728155339806
protein_0379,protein_0070,0.17307692307692307
protein_0379,protein_0071,0.1568627450980392
protein_0379,protein_0072,0.14600592009853586
protein_0379,protein_0073,0.1590909090909091
protein_0379,protein_0075,0.2941176470588235
protein_0379,protein_0076,0.15730337078651685
protein_0379,protein_0077,0.18556701030927836
protein_0379,protein_0078,0.15841584158415842
protein_0379,protein_0079,0.15841584158415842
protein_0379,protein_0080,0.18947368421052632
protein_0379,protein_0081,0.1590909090909091
protein_0379,protein_0082,0.10891089108910891
protein_0379,protein_0084,0.1715891670924885
protein_0379,protein_0086,0.12931034482758622
protein_0379,protein_0087,0.10482139591159133
protein_0379,protein_0088,0.18627450980392157
protein_0379,protein_0089,0.1655170169844472
protein_0379,protein_0090,0.15725255417452982
protein_0379,protein_0091,0.1391304347826087
protein_0379,protein_0092,0.1391304347826087
protein_0379,protein_0093,0.14457831325301204
protein_0379,protein_0094,0.1440677966101695
protein_0379,protein_0096,0.17117117117117117
protein_0379,protein_0097,0.18181818181818182
protein_0379,protein_0098,0.14893617021276595
protein_0379,protein_0099,0.13675742574257427
protein_0379,protein_0100,0.14853374770898078
protein_0379,protein_0101,0.13793103448275862
protein_0379,protein_0102,0.17045454545454544
protein_0379,protein_0103,0.14583333333333334
protein_0379,protein_0104,0.1557377049180328
protein_0379,protein_0105,0.1724137931034483
protein_0379,protein_0106,0.16193964891919338
protein_0379,protein_0108,0.1728395061728395
protein_0379,protein_0109,0.16502758968149922
protein_0379,protein_0110,0.20952380952380953
protein_0379,protein_0111,0.14583333333333334
protein_0379,protein_0112,0.13861386138613863
protein_0379,protein_0113,0.20212765957446807
protein_0379,protein_0114,0.18556701030927836
protein_0379,protein_0115,0.17582417582417584
protein_0379,protein_0116,0.14470443349753692
protein_0379,protein_0117,0.14470443349753692
protein_0379,protein_0118,0.21823745410036718
protein_0379,protein_0119,0.1650485436893204
protein_0379,protein_0120,0.18181818181818182
protein_0379,protein_0121,0.18181818181818182
protein_0379,protein_0122,0.1656467708529467
protein_0379,protein_0123,0.1338764609032064
protein_0379,protein_0124,0.1941747572815534
protein_0379,protein_0125,0.205607476635514
protein_0379,protein_0126,0.17142857142857143
protein_0379,protein_0128,0.16842105263157894
protein_0379,protein_0129,0.20212765957446807
protein_0379,protein_0130,0.16503772906934963
protein_0379,protein_0131,0.125
protein_0379,protein_0132,0.20175438596491227
protein_0379,protein_0134,0.1827956989247312
protein_0379,protein_0135,0.2
protein_0379,protein_0136,0.1349206349206349
protein_0379,protein_0137,0.14173228346456693
protein_0379,protein_0138,0.14173228346456693
protein_0379,protein_0139,0.11460535588442566
protein_0379,protein_0140,0.16129032258064516
protein_0379,protein_0141,0.18708133971291865
protein_0379,protein_0143,0.2
protein_0379,protein_0144,0.17045454545454544
protein_0379,protein_0145,0.1641500034357177
protein_0379,protein_0146,0.1095890410958904
protein_0379,protein_0147,0.1792452830188679
protein_0379,protein_0148,0.19387755102040816
protein_0379,protein_0149,0.1468193771325495
protein_0379,protein_0150,0.16129032258064516
protein_0379,protein_0151,0.19
protein_0379,protein_0152,0.14196039623172377
protein_0379,protein_0153,0.19297478657084569
protein_0379,protein_0154,0.1954452484398038
protein_0379,protein_0155,0.20161290322580644
protein_0379,protein_0156,0.15454545454545454
protein_0379,protein_0157,0.22772277227722773
protein_0379,protein_0158,0.15617977528089888
protein_0379,protein_0160,0.1836734693877551
protein_0379,protein_0161,0.15
protein_0379,protein_0162,0.16037735849056603
protein_0379,protein_0163,0.1574074074074074
protein_0379,protein_0164,0.18085106382978725
protein_0379,protein_0165,0.13091783046771796
protein_0379,protein_0166,0.1702127659574468
protein_0379,protein_0167,0.14598997493734334
protein_0379,protein_0168,0.13851674641148326
protein_0379,protein_0169,0.13675213675213677
protein_0379,protein_0171,0.14736842105263157
protein_0379,protein_0172,0.10256410256410256
protein_0379,protein_0173,0.1650485436893204
protein_0379,protein_0174,0.16363636363636364
protein_0379,protein_0175,0.18181818181818182
protein_0379,protein_0176,0.17520780904445968
protein_0379,protein_0177,0.13933325433503177
protein_0379,protein_0179,0.11764705882352941
protein_0379,protein_0180,0.13793103448275862
protein_0379,protein_0181,0.18947368421052632
protein_0379,protein_0182,0.16853932584269662
protein_0379,protein_0183,0.19
protein_0379,protein_0185,0.24489795918367346
protein_0379,protein_0187,0.18
protein_0379,protein_0188,0.13124315818281335
protein_0379,protein_0189,0.1836734693877551
protein_0379,protein_0190,0.17142857142857143
protein_0379,protein_0191,0.1595744680851064
protein_0379,protein_0192,0.11702127659574468
protein_0379,protein_0193,0.19148936170212766
protein_0379,protein_0194,0.20192307692307693
protein_0379,protein_0195,0.20192307692307693
protein_0379,protein_0196,0.17592592592592593
protein_0379,protein_0197,0.21782178217821782
protein_0379,protein_0198,0.18085106382978725
protein_0379,protein_0199,0.14893617021276595
protein_0379,protein_0200,0.20618556701030927
protein_0379,protein_0201,0.1504424778761062
protein_0379,protein_0202,0.16091954022988506
protein_0379,protein_0203,0.11666666666666667
protein_0379,protein_0204,0.17489260420294903
protein_0379,protein_0205,0.11737089201877934
protein_0379,protein_0207,0.176
protein_0379,protein_0208,0.12206706178452545
protein_0379,protein_0209,0.1935483870967742
protein_0379,protein_0210,0.16666666666666666
protein_0379,protein_0211,0.1510545905707196
protein_0379,protein_0212,0.17045454545454544
protein_0379,protein_0213,0.19811320754716982
protein_0379,protein_0214,0.15730337078651685
protein_0379,protein_0215,0.1791044776119403
protein_0379,protein_0216,0.13402061855670103
protein_0379,protein_0217,0.2268041237113402
protein_0379,protein_0218,0.16541353383458646
protein_0379,protein_0219,0.16666666666666666
protein_0379,protein_0220,0.16842105263157894
protein_0379,protein_0222,0.14893617021276595
protein_0379,protein_0223,0.1511627906976744
protein_0379,protein_0224,0.15815012873836407
protein_0379,protein_0225,0.17894736842105263
protein_0379,protein_0226,0.15841584158415842
protein_0379,protein_0227,0.13636363636363635
protein_0379,protein_0228,0.15262233925828395
protein_0379,protein_0229,0.19791666666666666
protein_0379,protein_0230,0.11578947368421053
protein_0379,protein_0231,0.16842105263157894
protein_0379,protein_0232,0.14392155015388483
protein_0379,protein_0233,0.16296296296296298
protein_0379,protein_0234,0.18867924528301888
protein_0379,protein_0235,0.18121903330330044
protein_0379,protein_0236,0.15428983417447728
protein_0379,protein_0237,0.15428983417447728
protein_0379,protein_0238,0.1297709923664122
protein_0379,protein_0239,0.15463917525773196
protein_0379,protein_0241,0.13793103448275862
protein_0379,protein_0243,0.15463917525773196
protein_0379,protein_0245,0.13606747046644746
protein_0379,protein_0246,0.19
protein_0379,protein_0247,0.15187590187590186
protein_0379,protein_0248,0.17894736842105263
protein_0379,protein_0250,0.2639097744360902
protein_0379,protein_0251,0.17525773195876287
protein_0379,protein_0252,0.17346938775510204
protein_0379,protein_0253,0.1415929203539823
protein_0379,protein_0255,0.1111111111111111
protein_0379,protein_0256,0.13333333333333333
protein_0379,protein_0257,0.13513513513513514
protein_0379,protein_0258,0.1958762886597938
protein_0379,protein_0259,0.14931695858419997
protein_0379,protein_0260,0.14931695858419997
protein_0379,protein_0261,0.18518518518518517
protein_0379,protein_0262,0.14492753623188406
protein_0379,protein_0263,0.14705882352941177
protein_0379,protein_0264,0.18085106382978725
protein_0379,protein_0265,0.18085106382978725
protein_0379,protein_0266,0.22020568663036902
protein_0379,protein_0267,0.18811881188118812
protein_0379,protein_0268,0.17894736842105263
protein_0379,protein_0269,0.14285714285714285
protein_0379,protein_0270,0.1935483870967742
protein_0379,protein_0271,0.15463858988814172
protein_0379,protein_0273,0.1608767576509512
protein_0379,protein_0274,0.19801980198019803
protein_0379,protein_0275,0.1926605504587156
protein_0379,protein_0276,0.17647058823529413
protein_0379,protein_0277,0.15175019025379713
protein_0379,protein_0278,0.15841584158415842
protein_0379,protein_0279,0.18446601941747573
protein_0379,protein_0280,0.18947368421052632
protein_0379,protein_0281,0.15126050420168066
protein_0379,protein_0282,0.15714285714285714
protein_0379,protein_0283,0.11009174311926606
protein_0379,protein_0284,0.17655502392344496
protein_0379,protein_0285,0.1724137931034483
protein_0379,protein_0286,0.1493076805385557
protein_0379,protein_0287,0.2413793103448276
protein_0379,protein_0288,0.13829787234042554
protein_0379,protein_0289,0.1788636895019874
protein_0379,protein_0291,0.16775019700551616
protein_0379,protein_0292,0.15499286005711954
protein_0379,protein_0293,0.15555555555555556
protein_0379,protein_0294,0.16775019700551616
protein_0379,protein_0295,0.1376693851079097
protein_0379,protein_0297,0.15301472772187572
protein_0379,protein_0299,0.1796034946236559
protein_0379,protein_0300,0.16287878787878787
protein_0379,protein_0301,0.1573232323232323
protein_0379,protein_0302,0.12903225806451613
protein_0379,protein_0303,0.22077922077922077
protein_0379,protein_0305,0.2943355119825708
protein_0379,protein_0306,0.16393442622950818
protein_0379,protein_0307,0.17073170731707318
protein_0379,protein_0308,0.14049586776859505
protein_0379,protein_0309,0.2732265446224256
protein_0379,protein_0311,0.14942528735632185
protein_0379,protein_0312,0.18446601941747573
protein_0379,protein_0313,0.14468845760980592
protein_0379,protein_0314,0.1650485436893204
protein_0379,protein_0315,0.15833333333333333
protein_0379,protein_0316,0.12676006219068892
protein_0379,protein_0317,0.1650485436893204
protein_0379,protein_0319,0.17894736842105263
protein_0379,protein_0320,0.20192307692307693
protein_0379,protein_0321,0.15
protein_0379,protein_0323,0.15789473684210525
protein_0379,protein_0324,0.18181818181818182
protein_0379,protein_0325,0.12791239515377448
protein_0379,protein_0326,0.14893617021276595
protein_0379,protein_0327,0.20192307692307693
protein_0379,protein_0328,0.16666666666666666
protein_0379,protein_0329,0.16666666666666666
protein_0379,protein_0330,0.15151515151515152
protein_0379,protein_0332,0.18555924027735904
protein_0379,protein_0333,0.1714675560946028
protein_0379,protein_0334,0.16
protein_0379,protein_0335,0.14545454545454545
protein_0379,protein_0336,0.168140288829944
protein_0379,protein_0337,0.16385210534146705
protein_0379,protein_0338,0.21495327102803738
protein_0379,protein_0339,0.15577394348587148
protein_0379,protein_0340,0.18269230769230768
protein_0379,protein_0341,0.1926605504587156
protein_0379,protein_0342,0.1702127659574468
protein_0379,protein_0343,0.15758709375730653
protein_0379,protein_0344,0.16842105263157894
protein_0379,protein_0345,0.14336482231219072
protein_0379,protein_0346,0.14336482231219072
protein_0379,protein_0347,0.15575858250276856
protein_0379,protein_0348,0.16666666666666666
protein_0379,protein_0349,0.17699115044247787
protein_0379,protein_0350,0.19444444444444445
protein_0379,protein_0351,0.20408163265306123
protein_0379,protein_0352,0.11522423965997937
protein_0379,protein_0353,0.1660380095749311
protein_0379,protein_0354,0.1702127659574468
protein_0379,protein_0355,0.17188324248285564
protein_0379,protein_0356,0.1575981036219507
protein_0379,protein_0357,0.1532258064516129
protein_0379,protein_0358,0.18627450980392157
protein_0379,protein_0359,0.16279069767441862
protein_0379,protein_0360,0.17204301075268819
protein_0379,protein_0361,0.1532258064516129
protein_0379,protein_0362,0.16304347826086957
protein_0379,protein_0363,0.16304347826086957
protein_0379,protein_0364,0.16091954022988506
protein_0379,protein_0365,0.16304347826086957
protein_0379,protein_0366,0.16304347826086957
protein_0379,protein_0368,0.17894736842105263
protein_0379,protein_0369,0.14772727272727273
protein_0379,protein_0370,0.16842105263157894
protein_0379,protein_0371,0.1827956989247312
protein_0379,protein_0372,0.10550458715596331
protein_0379,protein_0373,0.14414414414414414
protein_0379,protein_0374,0.15447154471544716
protein_0379,protein_0375,0.2169811320754717
protein_0379,protein_0376,0.20689655172413793
protein_0379,protein_0377,0.16666666666666666
protein_0379,protein_0378,0.1794871794871795
protein_0379,protein_0380,1.0
protein_0379,protein_0381,1.0
protein_0379,protein_0382,0.13807429130009774
protein_0379,protein_0383,0.16299565842793542
protein_0379,protein_0384,0.18947368421052632
protein_0379,protein_0385,0.18
protein_0379,protein_0386,0.15841584158415842
protein_0379,protein_0387,0.16666666666666666
protein_0379,protein_0388,0.11314909920926063
protein_0379,protein_0390,0.18446601941747573
protein_0379,protein_0391,0.21
protein_0379,protein_0392,0.20618556701030927
protein_0379,protein_0393,0.21428571428571427
protein_0379,protein_0394,0.14285714285714285
protein_0379,protein_0395,0.1485148514851485
protein_0379,protein_0396,0.14782608695652175
protein_0379,protein_0397,0.21052631578947367
protein_0379,protein_0398,0.14753248824045284
protein_0379,protein_0399,0.14444444444444443
protein_0389,protein_0000,0.12643678160919541
protein_0389,protein_0001,0.18518518518518517
protein_0389,protein_0002,0.14457831325301204
protein_0389,protein_0003,0.1724137931034483
protein_0389,protein_0004,0.13978494623655913
protein_0389,protein_0005,0.12790697674418605
protein_0389,protein_0006,0.1590909090909091
protein_0389,protein_0007,0.2054794520547945
protein_0389,protein_0008,0.1414141414141414
protein_0389,protein_0009,0.125
protein_0389,protein_0010,0.14942528735632185
protein_0389,protein_0011,0.11494252873563218
protein_0389,protein_0013,0.2222222222222222
protein_0389,protein_0014,0.1744186046511628
protein_0389,protein_0015,0.18691588785046728
protein_0389,protein_0016,0.1414141414141414
protein_0389,protein_0017,0.1171875
protein_0389,protein_0018,0.11494252873563218
protein_0389,protein_0019,0.19718309859154928
protein_0389,protein_0020,0.12790697674418605
protein_0389,protein_0021,0.15294117647058825
protein_0389,protein_0022,0.1348314606741573
protein_0389,protein_0023,0.19101123595505617
protein_0389,protein_0024,0.07563025210084033
protein_0389,protein_0025,0.1797752808988764
protein_0389,protein_0026,0.13953488372093023
protein_0389,protein_0027,0.1958762886597938
protein_0389,protein_0030,0.1092436974789916
protein_0389,protein_0031,0.12121212121212122
protein_0389,protein_0032,0.18888888888888888
protein_0389,protein_0033,0.14893617021276595
protein_0389,protein_0034,0.14606741573033707
protein_0389,protein_0036,0.19753086419753085
protein_0389,protein_0037,0.16483516483516483
protein_0389,protein_0038,0.16483516483516483
protein_0389,protein_0039,0.125
protein_0389,protein_0040,0.2571428571428571
protein_0389,protein_0042,0.13333333333333333
protein_0389,protein_0043,0.15217391304347827
protein_0389,protein_0045,0.14942528735632185
protein_0389,protein_0046,0.2054794520547945
protein_0389,protein_0047,0.09574468085106383
protein_0389,protein_0048,0.09574468085106383
protein_0389,protein_0049,0.08045977011494253
protein_0389,protein_0050,0.1111111111111111
protein_0389,protein_0052,0.12643678160919541
protein_0389,protein_0053,0.12359550561797752
protein_0389,protein_0054,0.1111111111111111
protein_0389,protein_0055,0.1111111111111111
protein_0389,protein_0056,0.1651376146788991
protein_0389,protein_0057,0.2054794520547945
protein_0389,protein_0058,0.32
protein_0389,protein_0059,0.12643678160919541
protein_0389,protein_0060,0.13131313131313133
protein_0389,protein_0061,0.14893617021276595
protein_0389,protein_0062,0.12643678160919541
protein_0389,protein_0063,0.11214953271028037
protein_0389,protein_0064,0.13793103448275862
protein_0389,protein_0066,0.13725490196078433
protein_0389,protein_0067,0.16279069767441862
protein_0389,protein_0068,0.14444444444444443
protein_0389,protein_0069,0.09195402298850575
protein_0389,protein_0070,0.15384615384615385
protein_0389,protein_0071,0.1595744680851064
protein_0389,protein_0072,0.18055555555555555
protein_0389,protein_0073,0.12643678160919541
protein_0389,protein_0075,0.16666666666666666
protein_0389,protein_0076,0.26666666666666666
protein_0389,protein_0077,0.1111111111111111
protein_0389,protein_0078,0.09900990099009901
protein_0389,protein_0079,0.09900990099009901
protein_0389,protein_0080,0.16853932584269662
protein_0389,protein_0081,0.19101123595505617
protein_0389,protein_0082,0.16
protein_0389,protein_0084,0.19540229885057472
protein_0389,protein_0086,0.19801980198019803
protein_0389,protein_0087,0.18055555555555555
protein_0389,protein_0088,0.19540229885057472
protein_0389,protein_0089,0.13114754098360656
protein_0389,protein_0090,0.13793103448275862
protein_0389,protein_0091,0.10619469026548672
protein_0389,protein_0092,0.10619469026548672
protein_0389,protein_0093,0.13253012048192772
protein_0389,protein_0094,0.10526315789473684
protein_0389,protein_0096,0.17142857142857143
protein_0389,protein_0097,0.10112359550561797
protein_0389,protein_0098,0.13793103448275862
protein_0389,protein_0099,0.1111111111111111
protein_0389,protein_0100,0.2191780821917808
protein_0389,protein_0101,0.12643678160919541
protein_0389,protein_0102,0.15730337078651685
protein_0389,protein_0103,0.14444444444444443
protein_0389,protein_0104,0.10084033613445378
protein_0389,protein_0105,0.2535211267605634
protein_0389,protein_0106,0.14414414414414414
protein_0389,protein_0108,0.1411764705882353
protein_0389,protein_0109,0.22535211267605634
protein_0389,protein_0110,0.10465116279069768
protein_0389,protein_0111,0.12643678160919541
protein_0389,protein_0112,0.12121212121212122
protein_0389,protein_0113,0.07692307692307693
protein_0389,protein_0114,0.15555555555555556
protein_0389,protein_0115,0.07142857142857142
protein_0389,protein_0116,0.13333333333333333
protein_0389,protein_0117,0.13333333333333333
protein_0389,protein_0118,0.2222222222222222
protein_0389,protein_0119,0.13725490196078433
protein_0389,protein_0120,0.13636363636363635
protein_0389,protein_0121,0.13636363636363635
protein_0389,protein_0122,0.1839080459770115
protein_0389,protein_0123,0.19444444444444445
protein_0389,protein_0124,0.1590909090909091
protein_0389,protein_0125,0.1326530612244898
protein_0389,protein_0126,0.10101010101010101
protein_0389,protein_0128,0.17582417582417584
protein_0389,protein_0129,0.18181818181818182
protein_0389,protein_0130,0.1391304347826087
protein_0389,protein_0131,0.18309859154929578
protein_0389,protein_0132,0.14414414414414414
protein_0389,protein_0134,0.19767441860465115
protein_0389,protein_0135,0.08235294117647059
protein_0389,protein_0136,0.10344827586206896
protein_0389,protein_0137,0.1271186440677966
protein_0389,protein_0138,0.1271186440677966
protein_0389,protein_0139,0.1728395061728395
protein_0389,protein_0140,0.14893617021276595
protein_0389,protein_0141,0.1839080459770115
protein_0389,protein_0143,0.16666666666666666
protein_0389,protein_0144,0.17777777777777778
protein_0389,protein_0145,0.19444444444444445
protein_0389,protein_0146,0.07894736842105263
protein_0389,protein_0147,0.10638297872340426
protein_0389,protein_0148,0.12643678160919541
protein_0389,protein_0149,0.21052631578947367
protein_0389,protein_0150,0.1744186046511628
protein_0389,protein_0151,0.11827956989247312
protein_0389,protein_0152,0.21428571428571427
protein_0389,protein_0153,0.1625
protein_0389,protein_0154,0.175
protein_0389,protein_0155,0.1694915254237288
protein_0389,protein_0156,0.13636363636363635
protein_0389,protein_0157,0.12941176470588237
protein_0389,protein_0158,0.1917808219178082
protein_0389,protein_0160,0.16853932584269662
protein_0389,protein_0161,0.10084033613445378
protein_0389,protein_0162,0.14285714285714285
protein_0389,protein_0163,0.17142857142857143
protein_0389,protein_0164,0.16483516483516483
protein_0389,protein_0165,0.23943661971830985
protein_0389,protein_0166,0.15384615384615385
protein_0389,protein_0167,0.1452991452991453
protein_0389,protein_0168,0.1452991452991453
protein_0389,protein_0169,0.13445378151260504
protein_0389,protein_0171,0.15384615384615385
protein_0389,protein_0172,0.10084033613445378
protein_0389,protein_0173,0.13793103448275862
protein_0389,protein_0174,0.14444444444444443
protein_0389,protein_0175,0.16666666666666666
protein_0389,protein_0176,0.1728395061728395
protein_0389,protein_0177,0.22535211267605634
protein_0389,protein_0179,0.13274336283185842
protein_0389,protein_0180,0.17204301075268819
protein_0389,protein_0181,0.16091954022988506
protein_0389,protein_0182,0.10344827586206896
protein_0389,protein_0183,0.12121212121212122
protein_0389,protein_0185,0.16483516483516483
protein_0389,protein_0187,0.1978021978021978
protein_0389,protein_0188,0.24050632911392406
protein_0389,protein_0189,0.13793103448275862
protein_0389,protein_0190,0.13541666666666666
protein_0389,protein_0191,0.11494252873563218
protein_0389,protein_0192,0.13953488372093023
protein_0389,protein_0193,0.1797752808988764
protein_0389,protein_0194,0.15555555555555556
protein_0389,protein_0195,0.13592233009708737
protein_0389,protein_0196,0.1262135922330097
protein_0389,protein_0197,0.14942528735632185
protein_0389,protein_0198,0.13793103448275862
protein_0389,protein_0199,0.14893617021276595
protein_0389,protein_0200,0.10112359550561797
protein_0389,protein_0201,0.13333333333333333
protein_0389,protein_0202,0.13186813186813187
protein_0389,protein_0203,0.08547008547008547
protein_0389,protein_0204,0.24285714285714285
protein_0389,protein_0205,0.07109004739336493
protein_0389,protein_0207,0.1
protein_0389,protein_0208,0.11538461538461539
protein_0389,protein_0209,0.17708333333333334
protein_0389,protein_0210,0.16470588235294117
protein_0389,protein_0211,0.14285714285714285
protein_0389,protein_0212,0.24
protein_0389,protein_0213,0.11494252873563218
protein_0389,protein_0214,0.2857142857142857
protein_0389,protein_0215,0.2676056338028169
protein_0389,protein_0216,0.1134020618556701
protein_0389,protein_0217,0.11627906976744186
protein_0389,protein_0218,0.16
protein_0389,protein_0219,0.11764705882352941
protein_0389,protein_0220,0.16853932584269662
protein_0389,protein_0222,0.09302325581395349
protein_0389,protein_0223,0.21428571428571427
protein_0389,protein_0224,0.1927710843373494
protein_0389,protein_0225,0.16483516483516483
protein_0389,protein_0226,0.12222222222222222
protein_0389,protein_0227,0.19736842105263158
protein_0389,protein_0228,0.1111111111111111
protein_0389,protein_0229,0.15476190476190477
protein_0389,protein_0230,0.12359550561797752
protein_0389,protein_0231,0.14444444444444443
protein_0389,protein_0232,0.23943661971830985
protein_0389,protein_0233,0.11811023622047244
protein_0389,protein_0234,0.16
protein_0389,protein_0235,0.16216216216216217
protein_0389,protein_0236,0.14893617021276595
protein_0389,protein_0237,0.14893617021276595
protein_0389,protein_0238,0.15151515151515152
protein_0389,protein_0239,0.18888888888888888
protein_0389,protein_0241,0.1348314606741573
protein_0389,protein_0243,0.1111111111111111
protein_0389,protein_0245,0.15315315315315314
protein_0389,protein_0246,0.13829787234042554
protein_0389,protein_0247,0.18604651162790697
protein_0389,protein_0248,0.13978494623655913
protein_0389,protein_0250,0.19480519480519481
protein_0389,protein_0251,0.2111111111111111
protein_0389,protein_0252,0.13095238095238096
protein_0389,protein_0253,0.12173913043478261
protein_0389,protein_0255,0.08187134502923976
protein_0389,protein_0256,0.13592233009708737
protein_0389,protein_0257,0.14
protein_0389,protein_0258,0.16279069767441862
protein_0389,protein_0259,0.18309859154929578
protein_0389,protein_0260,0.18309859154929578
protein_0389,protein_0261,0.1941747572815534
protein_0389,protein_0262,0.11851851851851852
protein_0389,protein_0263,0.15328467153284672
protein_0389,protein_0264,0.13793103448275862
protein_0389,protein_0265,0.13793103448275862
protein_0389,protein_0266,0.18888888888888888
protein_0389,protein_0267,0.17391304347826086
protein_0389,protein_0268,0.13095238095238096
protein_0389,protein_0269,0.12931034482758622
protein_0389,protein_0270,0.28205128205128205
protein_0389,protein_0271,0.24
protein_0389,protein_0273,0.12643678160919541
protein_0389,protein_0274,0.15053763440860216
protein_0389,protein_0275,0.13131313131313133
protein_0389,protein_0276,0.13793103448275862
protein_0389,protein_0277,0.28169014084507044
protein_0389,protein_0278,0.10752688172043011
protein_0389,protein_0279,0.08045977011494253
protein_0389,protein_0280,0.08333333333333333
protein_0389,protein_0281,0.14285714285714285
protein_0389,protein_0282,0.27631578947368424
protein_0389,protein_0283,0.0821917808219178
protein_0389,protein_0284,0.1839080459770115
protein_0389,protein_0285,0.14942528735632185
protein_0389,protein_0286,0.24705882352941178
protein_0389,protein_0287,0.14953271028037382
protein_0389,protein_0288,0.09523809523809523
protein_0389,protein_0289,0.1794871794871795
protein_0389,protein_0291,0.18292682926829268
protein_0389,protein_0292,0.16666666666666666
protein_0389,protein_0293,0.14772727272727273
protein_0389,protein_0294,0.18292682926829268
protein_0389,protein_0295,0.2112676056338028
protein_0389,protein_0297,0.17142857142857143
protein_0389,protein_0299,0.21176470588235294
protein_0389,protein_0300,0.2159090909090909
protein_0389,protein_0301,0.2159090909090909
protein_0389,protein_0302,0.11059907834101383
protein_0389,protein_0303,0.20253164556962025
protein_0389,protein_0305,0.16161616161616163
protein_0389,protein_0306,0.1111111111111111
protein_0389,protein_0307,0.17647058823529413
protein_0389,protein_0308,0.16101694915254236
protein_0389,protein_0309,0.16470588235294117
protein_0389,protein_0311,0.12222222222222222
protein_0389,protein_0312,0.1111111111111111
protein_0389,protein_0313,0.15730337078651685
protein_0389,protein_0314,0.14414414414414414
protein_0389,protein_0315,0.09734513274336283
protein_0389,protein_0316,0.1917808219178082
protein_0389,protein_0317,0.15
protein_0389,protein_0319,0.14772727272727273
protein_0389,protein_0320,0.1348314606741573
protein_0389,protein_0321,0.13861386138613863
protein_0389,protein_0323,0.11494252873563218
protein_0389,protein_0324,0.21794871794871795
protein_0389,protein_0325,0.15454545454545454
protein_0389,protein_0326,0.17647058823529413
protein_0389,protein_0327,0.125
protein_0389,protein_0328,0.15454545454545454
protein_0389,protein_0329,0.15454545454545454
protein_0389,protein_0330,0.15625
protein_0389,protein_0332,0.16853932584269662
protein_0389,protein_0333,0.16981132075471697
protein_0389,protein_0334,0.12222222222222222
protein_0389,protein_0335,0.18867924528301888
protein_0389,protein_0336,0.21428571428571427
protein_0389,protein_0337,0.11235955056179775
protein_0389,protein_0338,0.13636363636363635
protein_0389,protein_0339,0.2328767123287671
protein_0389,protein_0340,0.1
protein_0389,protein_0341,0.10784313725490197
protein_0389,protein_0342,0.22535211267605634
protein_0389,protein_0343,0.19230769230769232
protein_0389,protein_0344,0.1839080459770115
protein_0389,protein_0345,0.1527777777777778
protein_0389,protein_0346,0.1527777777777778
protein_0389,protein_0347,0.20987654320987653
protein_0389,protein_0348,0.11304347826086956
protein_0389,protein_0349,0.13333333333333333
protein_0389,protein_0350,0.2
protein_0389,protein_0351,0.1595744680851064
protein_0389,protein_0352,0.18309859154929578
protein_0389,protein_0353,0.10434782608695652
protein_0389,protein_0354,0.12244897959183673
protein_0389,protein_0355,0.14130434782608695
protein_0389,protein_0356,0.18055555555555555
protein_0389,protein_0357,0.1652892561983471
protein_0389,protein_0358,0.18888888888888888
protein_0389,protein_0359,0.14173228346456693
protein_0389,protein_0360,0.13793103448275862
protein_0389,protein_0361,0.07563025210084033
protein_0389,protein_0362,0.1485148514851485
protein_0389,protein_0363,0.1485148514851485
protein_0389,protein_0364,0.1485148514851485
protein_0389,protein_0365,0.1595744680851064
protein_0389,protein_0366,0.1276595744680851
protein_0389,protein_0368,0.13414634146341464
protein_0389,protein_0369,0.25316455696202533
protein_0389,protein_0370,0.1839080459770115
protein_0389,protein_0371,0.13953488372093023
protein_0389,protein_0372,0.091324200913242
protein_0389,protein_0373,0.13861386138613863
protein_0389,protein_0374,0.075
protein_0389,protein_0375,0.13793103448275862
protein_0389,protein_0376,0.1919191919191919
protein_0389,protein_0377,0.16853932584269662
protein_0389,protein_0378,0.14285714285714285
protein_0389,protein_0380,0.1797752808988764
protein_0389,protein_0381,0.1797752808988764
protein_0389,protein_0382,0.16037735849056603
protein_0389,protein_0383,0.2
protein_0389,protein_0384,0.16091954022988506
protein_0389,protein_0385,0.14953271028037382
protein_0389,protein_0386,0.15841584158415842
protein_0389,protein_0387,0.15151515151515152
protein_0389,protein_0388,0.18571428571428572
protein_0389,protein_0390,0.13793103448275862
protein_0389,protein_0391,0.12359550561797752
protein_0389,protein_0392,0.1348314606741573
protein_0389,protein_0393,0.15730337078651685
protein_0389,protein_0394,0.12280701754385964
protein_0389,protein_0395,0.15730337078651685
protein_0389,protein_0396,0.13157894736842105
protein_0389,protein_0397,0.10588235294117647
protein_0389,protein_0398,0.15447154471544716
protein_0389,protein_0399,0.13978494623655913
