-0.1383707998
-0.6812968045
0.4972022612
-0.462090762
-0.5602932215
-1.163242057
-0.3241025213
-0.7470338076
-0.7762243152
-1.451680052
-0.2363846425
-0.7528632671
1.623121589
-0.4493439332
-0.06407699897
-0.7471179426
0.2747385532
0.6876542613
1.001122668
1.59460161
-0.2881952301
-0.7815284967
0.4159832238
0.3922677003
0.5757006794
0.2850354955
0.2830021236
1.150593835
-1.151614666
-1.590899825
0.2216363929
0.4581959331
0.07758202311
-0.07937034466
-1.627542996
-0.04212456308
-0.9664872855
-0.2841096643
-0.2682984473
-0.1113750378
-1.024918458
0.4739388239
-0.7263598219
-0.6356551647
-0.4309086703
0.8871085137
0.9211504698
1.010120811
-0.276918599
-0.09461879991
0.1428332497
0.3740497209
0.04361844491
0.06350665586
-0.9844719231
-1.140156788
1.365406227
-0.8825321645
-0.3526257008
-0.6043043405
1.401429933
1.238741004
2.266418892
-0.6555121645
0.1176982834
0.7168958277
0.2064525357
-0.1435939897
-0.7773884475
0.3997172151
-0.2811572425
-0.5373506963
0.9255734444
-0.1362164441
0.4798321828
-0.3702574473
0.1776124323
-0.5089648835
-0.02095391694
1.839131027
-0.9483889163
-0.1120637488
1.145778072
0.1153959376
-0.06918658465
-0.05431867009
-0.2801322974
0.6868955178
0.1163880288
1.036708638
-0.2271741722
1.185605246
0.897434625
2.009831244
1.496593031
-0.8426955372
1.604143542
-0.2905063309
-0.8419469327
1.980791116
0.8167038053
-0.393286638
-0.4128036469
-0.7785404369
0.3683116786
-0.2081390465
-0.4071156807
0.2163901418
0.09808990937
-0.2775351293
-0.1570383193
0.6915318429
1.708418506
1.217801741
-0.2533625711
-0.08786005955
-0.29432962
0.555165346
-0.9473438591
-0.1538942728
-1.226590717
-0.9366780788
-0.7566736907
-0.7288008183
-0.9054720581
0.3866299223
-0.2117666867
0.3537040565
0.890303956
-0.8671239853
1.10458357
-0.9538684279
-0.1955505267
-0.5726249099
0.4780014351
0.534661122
-0.3740723476
-0.53311226
0.7731969148
-1.106372517
0.03999882359
-0.03787711244
-0.6096429899
-0.2803820297
0.06195158162
0.4637992419
-0.7185029685
0.1999188375
-0.1406033931
-0.002202678658
-0.9854384273
0.7184323773
-0.6797891155
-0.7186779678
-0.2852807088
-1.285015118
-0.7516262829
1.238875163
-0.5235725671
-0.3925422609
-1.468801379
0.412500231
-0.006020260602
-0.1429416427
-1.336729944
0.2857842421
0.5365723029
-0.6621834561
1.478798908
-0.7721087381
-0.8261269927
-0.9940705091
-0.7601216614
0.04515412357
0.266902541
-0.8039241463
1.163459381
-0.5167554542
-0.3309412226
-0.2641276844
-0.7722030282
-0.158708339
-0.1435821004
-0.1785585459
0.819543758
-0.03594982456
-0.6527910382
2.918027627
0.3290545169
-0.2658328885
-0.02995922938
-0.8927154869
2.998074079
1.334258464
-0.8023601234
0.9844042957
-0.5600012705
0.5085736096
-0.7736202791
-0.07100402717
-0.9151996255
-0.9169662505
-1.117218336
-0.5648134857
-1.125545031
-0.8468682438
0.06749263322
0.004244755395
-1.078213489
0.05224238173
-0.7121283054
-0.1503810996
0.02722131722
-0.9490494609
-0.6780617654
1.010689437
1.841700488
-0.7304499954
-0.6137041792
0.03884541709
0.2067028071
0.4907161545
-0.4135126159
0.813541016
-0.7791545898
-0.129804163
-1.33946026
1.605926573
-0.3615292236
0.06912987828
0.2140469793
-0.4245518632
0.7804617975
-0.2056364402
0.1539733345
1.989297134
0.01698335577
0.7599933252
-0.005661820434
-0.2120341657
1.525026399
1.073089583
-0.4367573023
-0.3735185325
-1.020351896
0.4786184626
0.2903879996
-0.2402813271
1.103223717
-0.02590151285
0.1542810484
-0.3996208325
-0.9234680027
-1.059055749
-0.07139845528
0.1854619251
1.464870879
0.3459873166
-0.572403878
-0.04209335162
0.4663993228
1.307998431
0.916246973
1.224037623
0.01174838059
0.04530902002
-0.8622620314
-0.7141140148
-0.2616771271
-0.1228932658
0.6923019215
-0.8813731164
0.9532887876
-0.4616737485
-0.894273454
0.2494046547
-0.1844733676
-0.2264136952
0.858514151
-0.2886198379
-0.1277097899
0.2700964254
0.902037175
0.2671074879
1.593623793
0.08158247937
1.382724047
-0.7238591492
-0.1380915713
1.316755494
-1.064872703
0.4222245552
-0.7130750552
-0.5058035314
-0.496975489
1.484752125
-0.6094038725
-0.5950913906
-0.235647352
-0.8740639359
1.547847992
1.156537727
-0.1229337035
-0.2759181079
0.07275713794
-0.6602923274
-0.3044447277
0.06151397415
0.285582893
2.127597696
0.1140835227
0.1086611856
0.8874149323
-0.9383484989
-0.4793940328
-0.6494008482
-0.6744543284
1.112483656
0.7875573754
0.2437648342
0.151131712
0.4196939111
-0.1646832006
-0.05023012012
-0.1219903916
-0.8019383669
0.1845169194
-0.7569313765
-0.2775737118
-0.4118672609
-1.429736131
-0.6372797817
0.1506693797
-0.910472548
0.1981731426
-1.213662794
0.3863708392
2.410908008
0.1634922918
1.445018324
1.520178217
-0.6191754937
-0.02333213706
-0.7707266241
0.2359628787
1.448515737
-0.2009732272
0.8004863858
0.03252286837
1.114851254
0.6925652459
-0.3436457075
-0.9433653563
-0.8579089016
-0.9425931156
0.640117839
-1.385856211
1.257766071
0.002731334232
0.04079384971
2.06876725
0.7114880607
-0.6548304871
0.09302377682
0.03527906891
-0.9413037419
0.7763738096
-0.2615984464
-0.02353525097
0.5804226033
-0.349048876
0.7311976939
-1.24310323
1.184265405
-0.07039437206
0.234773909
-0.1117103625
-1.128940731
-0.5679590955
-0.8463355064
0.1538429309
-0.4159761205
0.3776491061
0.7466273993
-0.8414536536
0.07556586675
0.4453189731
-0.8589545876
-0.695955497
-0.1723228659
-1.031036222
-1.322735125
-0.8992564291
-0.1152371034
-0.4798587725
-1.252105898
0.1073276114
-0.01918301554
0.4776440166
-1.263362217
-0.367938751
-0.05140412208
-0.2406653453
-0.7352912888
-0.5867033727
1.10343509
2.730870712
0.7197289079
-0.4134854272
-0.6305650353
-0.1890832143
-0.6770197898
0.2558863603
-0.08238442577
1.292258015
1.818984407
-0.9564330727
1.099296576
-0.03758699168
0.8156574979
0.8724881172
-0.6343260616
-0.05332890078
-0.09223775286
1.373001024
0.3465459645
-0.996079427
0.1975378056
-0.4759148911
0.6310782038
1.497871387
0.09599457383
-0.08602828104
-0.4891173095
-0.4618626028
0.1082409687
-0.4468523242
-1.436107206
0.6260905445
1.131849143
-0.3510529034
0.7485534988
-0.668663922
2.983546573
-0.2928349804
-0.3983806595
-0.4304741167
-0.08904743129
-0.8798158556
0.04151731767
0.8868085444
-0.1094680164
0.6614368588
1.801595169
-0.7401719466
0.4103087606
1.255430067
-0.5312030785
0.6473127455
-0.3197252356
0.5475459561
1.560980546
1.926304603
0.05817522593
0.115725846
1.016015789
1.052335793
-0.2541981474
-0.04662555978
0.6619771168
0.3018857926
1.245080864
0.9874691933
1.988386124
-0.1683174293
-0.09777807258
0.4505001366
-0.1189895238
1.85600192
-0.9058994502
-0.3302839404
0.444856317
0.3360808572
-0.5612872452
0.2605938582
0.4697474882
-0.1935215976
-0.3955639847
-1.086647871
-0.6647400334
1.455886161
-0.4911510866
0.2821882032
0.5341269158
-0.2574730523
-0.04694777196
1.369986287
-0.9867523909
-0.3194988329
-0.05942636076
0.5578965023
-1.008534876
-0.3616579436
-0.2656926945
1.309052244
-0.600894323
-1.061464536
2.408387589
-0.06695515066
1.080321673
-0.0715293427
1.635928595
1.100203145
2.391741008
0.8512483865
-0.5284121916
0.5220572427
-0.1337231694
-0.7417780519
0.3232114101
-0.7270939708
0.2256183841
0.2323782829
0.6059568048
0.8606330633
-0.7384105101
0.2144778107
0.4765647948
0.397933593
0.8433770269
0.1347205751
-0.705019322
0.6786286183
-0.4301825069
0.7296447977
1.352846426
0.9673972815
-0.09853286128
-0.1946756756
1.071554714
1.236060852
-0.3147800099
2.297011149
-0.1036924295
0.4989151528
0.3029794659
-0.7987628162
-0.417567829
1.403942797
1.009589106
0.1534506241
0.6287867889
0.7498108312
0.9492574662
0.3905135941
-0.6030915186
1.632274252
1.337813354
-1.309710878
1.210910079
0.0766641112
-0.493174693
0.4998330683
-0.1305150174
-0.422990004
-0.5606898949
1.797457772
0.6230843049
1.368597975
0.645201163
1.204953852
1.094519961
3.491369605
1.189540631
0.9206578791
0.5392783344
0.9347285599
0.5492249291
1.846843237
2.038476074
-0.5244256839
-0.1710868627
2.543887419
-0.3074335098
0.2346644555
0.937497285
-0.06069738576
0.6873594219
1.417450219
0.7132896557
-0.1092145112
-0.9613295346
1.368107182
1.220882213
0.3142429313
0.3234107135
1.285872841
0.5381753281
-0.7013094813
1.068896872
-0.2677730339
-1.024713045
0.3924166169
-0.7238703266
-0.07459612386
1.273152345
-0.2393133231
0.2179415316
0.09780920185
0.2544757489
1.180591974
1.77598061
0.7549685836
0.7831823945
1.580984241
2.380639398
0.3960056685
1.240566123
0.8379009947
-0.03684660308
1.052853251
0.2059724827
1.503415591
1.363189286
0.7504570246
1.068343624
0.6381741628
-0.0971499688
-0.8039936632
1.854466784
-0.01331111947
1.258249995
0.1479148101
0.3983002037
1.455609465
0.6298294127
0.1202688986
-0.6310320854
-0.56738839
-0.4793968111
-0.8456425279
0.538527894
0.8030006826
0.4651015073
-0.0218928298
-0.1137948913
2.775061816
0.1511124285
2.7282372
0.2824344927
0.7461579487
-0.3112092711
2.514693874
0.4530294571
1.201184258
0.9731225014
0.09496508185
-0.03963272758
0.03682703255
-0.15741131
0.03431882448
0.6817011937
-0.212563432
0.03558143945
0.6289432377
-0.3353120834
-1.215434751
-1.266085416
-0.2207575237
0.3826676602
0.1710993038
-0.7219688848
0.7141492724
-0.5048016369
-0.3589349799
-1.149805695
-0.4277990073
-0.4457804941
0.01017060746
0.3506800853
-0.5927601218
1.351915064
-0.6234752044
0.5803514943
0.9781423956
0.0661176187
-0.1252918772
-0.5019547075
-0.00777162239
2.022645575
-0.06980169252
0.6190553978
-0.6867729455
0.2659564111
1.236654928
0.1744442269
-0.7265422389
0.8414155722
-0.5232780851
-0.2420431588
1.539516783
1.633349949
0.03156542107
-0.09730558237
0.09831868196
1.059135273
0.6760183722
1.098353791
0.526077643
0.07539534764
1.255594262
0.679610303
0.4819332041
0.04123784695
1.6312069
1.967331582
0.4424148664
0.3751462388
1.976618344
0.411182075
-0.4653283775
0.7422607891
2.879488015
1.013011783
0.4820091501
-0.8492305458
0.02304507559
0.2223920576
1.380450729
1.155394509
0.9593564823
1.285990542
0.1140806792
-0.9391912162
-0.07968317838
0.7489129104
3.592365885
0.3461888579
0.002868391015
1.664386761
0.9857673854
1.306616953
0.5903538719
0.6233597748
1.089463839
-0.007755292021
0.6461581558
0.9814562663
2.751905537
0.4452227823
0.1920352628
-0.3562305726
2.232145995
0.6615076825
-0.3198424578
0.8789257556
-0.16207349
2.093578875
0.06878975676
1.491510665
1.20954614
1.060890996
1.573911518
-0.02626944808
0.03474938753
-0.826493603
-0.5740874082
-0.5665694639
0.5584517747
1.127252787
-0.2308929194
1.292362788
0.2946975332
-0.0527781782
0.2338655958
0.8192416683
-0.01278877128
0.1886313808
-0.04596287441
1.031477797
1.126843044
0.01402703654
0.288270421
-0.05896962564
0.2590373582
-0.2050018646
0.03871721532
0.4500500806
0.8543864831
0.33500055
-0.8906528205
0.6612821579
0.3808232764
1.523647186
0.9238684803
0.6841124743
0.811480242
0.1767857473
0.308115786
1.112278974
0.4731122024
-0.9182516098
0.2007316403
-0.002437425777
-0.9379208237
-0.1269204728
0.9039864212
2.146556526
-0.2053194337
-1.231598955
-0.06308527263
-0.6401791751
0.2230927235
-1.021506596
0.4044859435
-1.000478527
-0.3134969451
0.4626436025
-0.5821148485
-0.1601768948
1.131354517
-0.8659476429
0.8661822766
0.4087238554
-0.2518380802
0.08148804395
-0.1018029105
-0.2451782356
0.04217548054
-1.109498391
0.2653948471
-0.2423598729
-0.4700371958
1.204464316
-0.4159958549
-0.5201349184
-1.019692716
0.09054939505
-0.09400907736
0.9039498538
0.1143090737
-0.2937335558
0.629228951
-0.06217305511
-0.2489683222
-0.03519944404
0.4481056012
-0.78483859
-0.3371676944
-0.8155279189
0.8354611814
0.2708510324
-0.5317492515
-0.4237569079
1.638576275
-0.03565229159
-0.4277424589
-0.3435693674
1.138622895
-0.9022975266
1.464807022
1.280312476
0.2033103973
0.4766010717
0.09678693768
0.3199369695
-0.2351288987
-0.2821212903
-0.5061716706
-0.2807243597
-0.1512806386
0.4996089011
1.393496618
0.9805266798
0.6818742394
-0.5282255039
1.498181278
0.5079389907
1.872634381
-0.6765506372
-0.02658149446
0.8924233288
-0.1126718065
-1.199746805
0.5867634252
0.6588202685
0.02738776989
-0.7001877338
-1.106288594
-0.7611640424
0.11496269
0.1403666466
-0.3099948719
0.6258118559
0.6517308883
0.3858638357
1.110583532
0.6179449692
0.4976948037
1.010366619
0.392088447
1.001059344
-0.0713564693
0.8503792763
0.2685891606
1.433478001
-1.046505079
-0.7401207596
0.1600402726
-0.5750871703
-0.2883805504
0.2975321465
-0.8369142979
0.3286409252
-0.1433603857
1.56738342
-0.7511499226
-0.1996769855
1.164368936
-0.1403468555
1.459751624
-0.417259454
0.1539567588
-0.3050838843
-0.6464063644
-0.4760851569
-0.5219404161
-0.1948062661
0.185867714
1.773359048
0.9939228356
-0.09569732519
1.207290393
2.218161476
-0.4059297338
0.7146694005
0.04116081004
0.5480944157
-0.0982482845
1.746291515
1.090879446
0.7706122547
2.368567151
-0.1648164738
-0.2167785646
-0.5208378464
0.452808594
0.4603589952
-0.008891144767
-0.9095035374
-0.0884438809
1.06105175
-0.8384022743
-0.8804175586
0.06291095652
0.7632262677
0.2994994958
0.2211538518
-0.04700310268
0.003650011867
-0.2616143361
-0.0470333185
0.5130825698
-0.9077833802
-0.2914825566
0.4881366614
0.6660768852
0.4729757696
1.761275399
2.311884183
-0.6056572646
-0.6670837164
-1.028721756
0.8413754433
-0.5923487827
-0.7972182125
1.196120867
0.0409618462
-1.369863749
-0.350310763
-0.9241933733
-0.3797044419
1.869244367
-0.2817997685
-0.4265873641
-0.2127407242
-0.4085768692
-0.7198456332
-0.6265308872
0.8569957465
0.7381348714
-0.23303637
1.339521211
-0.8934251487
0.7163023844
-0.56789096
-1.034221035
-0.2378320314
0.09334097467
0.1743033089
-0.7307336405
-0.4333302416
0.08185807932
2.151433396
0.3777988173
-1.081045511
-0.5289900228
-0.813579753
-1.128725931
-0.7346131951
-1.074027404
-0.647844176
0.3837088158
2.830331194
-0.1703318141
1.678661531
-0.04696057457
0.1122228052
2.066667271
-0.8342510641
0.6272916134
-0.7433976471
1.654388982
2.055355644
-0.162683517
-0.2434450753
0.9879672945
0.2664613172
-0.1142989865
-0.1351967389
0.6182113238
0.6608381569
-0.1653171342
-0.8771154225
0.05471582832
0.3792544067
1.01376372
0.1416410366
1.227540717
-0.2181506294
0.59206229
0.3849816145
0.8165708512
-0.1139298721
-0.1172371963
-0.01250529177
0.2529456347
-0.04494926874
1.716849363
1.62602573
0.7027164266
-0.4420839846
0.06151925791
-0.06042031785
0.1111273319
0.9502214968
0.7589940161
-0.03227654621
0.2504519505
-0.3103905134
-0.1288268725
1.707913786
2.178238755
1.218701062
0.01275228299
0.4005347289
0.7038088053
-0.6172670394
1.283331838
0.2382220048
0.7380112335
1.100730148
0.8748689979
1.52864145
1.96163193
2.251388001
0.6459517285
-0.1466522275
0.9059409678
0.1509978171
0.29708937
-0.3610034168
1.111195695
1.264481011
1.958027798
-0.1316049343
1.429673266
-0.3081161689
0.2490505964
-0.2182203138
-0.165109168
0.8842354357
-0.860182476
1.409582663
0.1167644063
0.06909938827
-0.5441139325
-1.050732684
0.4535603495
0.05144917183
-0.1914215837
-0.3787744552
0.6488311976
0.8478206128
0.5678429186
0.5247238502
1.194117722
0.1903871118
1.025428858
0.6378408566
0.4830567375
2.708404285
0.8006016538
-0.2990394466
-0.1002040802
1.929944241
-0.8540422022
-0.5111953214
-0.727940309
0.2064934447
0.3913713221
0.9633681715
0.1839145151
0.8903873056
-0.1553057926
0.1803905597
0.3572589653
-0.2022252887
1.754806578
1.362939423
0.547081773
0.3579098962
-0.3040029421
1.082919456
1.038491425
1.09948934
0.05539840804
0.2199311629
-0.5219522811
0.345318017
-0.1514989692
0.872971189
-0.7450184405
-0.255150798
0.9606988311
-0.07137054168
-0.06938949414
1.86723842
0.4732325539
1.132949767
1.287926605
2.168129349
0.1811408864
1.327877504
-0.3664539419
1.642226285
-0.3555680051
-0.5737288781
0.09063404053
0.8451110616
0.7728328526
0.8232287705
0.5782586323
-0.8106349081
-1.006102559
-0.610805653
-0.04943365455
1.923160523
-0.01081335284
0.6244324848
-0.1982012236
0.9216673568
-0.9099000067
0.3368222032
0.02713960055
0.7866422534
0.03965154253
0.3984967733
0.4965414166
-0.4048165247
-0.1607612792
0.8222171694
0.09226460624
1.294207382
-0.3604471665
0.5481047392
-0.4917238623
0.7779989839
1.368690279
0.2421103245
-0.3114868417
-0.6001156166
-0.4309581473
1.995175564
-0.6297671273
2.162931514
1.985984409
1.063761359
2.175750053
1.344701725
1.855982423
1.100664923
0.9990184695
-0.2641476665
-0.8501280308
-0.0739408318
-0.1689551941
0.1884361045
-0.9671942174
1.61221441
-0.6071147338
0.2619977919
1.145283994
-0.1102259768
0.3463092165
-0.3015283255
0.03548505483
-0.3862061162
-0.7365256786
-0.1555761946
0.1944826066
1.044833931
-0.05447124559
-0.4760399431
1.077081865
0.5339120865
2.917798173
-0.3330187526
1.019787583
1.147676784
0.5625005051
1.491233298
-0.2040688261
-0.5823749557
0.5151112825
-0.7139273405
1.124181265
1.805719626
0.4195147566
0.4237206839
0.705486346
0.6818865478
-0.5913041845
-0.8147290379
-0.01689440543
-0.4461905181
0.1637969063
0.432143994
-0.9760253787
-0.129531805
0.7483794488
-0.6235183626
-0.2954044305
0.7843396261
0.7493183851
0.1721750113
0.2830225751
-0.2477018069
1.382999235
-0.524842976
-0.7704078883
1.495677435
-1.098718727
0.7428877875
-0.2723839786
-0.819113794
-0.293294318
0.6845707387
-0.3763099827
-0.457113938
0.1833520727
-0.08745623529
0.07175369612
-0.1736767547
0.8356812954
-0.2496198552
-1.021513179
0.1185909576
0.1576520428
1.654487899
1.129809643
-0.1228668354
0.6246492952
-0.9048407733
1.461088365
0.2898087319
1.503570002
1.917924029
-0.4579752147
0.4877080113
0.1217335644
-0.9497081786
-0.5099421993
-0.9137582093
2.377963632
0.06038467796
-0.007086017169
-0.5021290466
0.9716321483
-0.665808025
0.01962388828
-0.1590622492
-0.7208716124
0.1095195986
0.2100246098
-0.06474731173
-0.8252134472
0.9349278867
0.3198329542
-0.5134060889
-0.7189959347
0.1808163308
-0.4629985884
0.9117342979
0.7984455019
0.5274243262
0.1157557264
-0.6999073565
0.8538988888
-0.2034831066
1.63059153
-1.119815129
-1.388533539
-0.9480804354
-0.3178635284
0.06045292085
0.4410843931
0.31504983
0.6311566487
-0.6633280814
-0.6120638266
-0.518078503
-1.165837717
-0.08705591094
0.1500687507
-0.4527918398
-0.07393148728
-0.4569355696
-0.7169139534
-0.5070896968
-0.3260963008
0.4940813333
0.5135414667
-0.1552258607
-0.345677647
-0.1906435734
-0.5750507593
0.3603711959
-0.9944357932
-0.295015461
1.787739486
1.209870216
1.225589824
-0.2075930532
-0.3260191336
-0.8641830087
-0.414526213
-0.8657102227
-0.1567115463
-0.1951370863
1.406479937
0.1742062458
0.2387260769
0.1870906044
0.07509118961
-0.8464628577
0.04915043768
-0.346213121
1.450887468
-0.05764731225
0.5418474145
-0.6505414426
0.08658908233
0.4078933952
-0.6704560876
2.124783939
0.4320874523
-0.06419372489
-0.5128261141
0.6834785774
1.413826147
1.151927379
-0.3360827956
0.2027863163
-0.1113193501
1.40058862
-0.3276904531
-0.5332693085
0.6853528857
0.4825185314
0.3395808878
0.4553510889
-0.01294380249
0.3653174592
-0.05251630563
0.3494732782
1.110166374
-0.4805167645
-0.6639811575
0.9077925891
-0.9042479038
0.8891789913
-0.4617835209
0.7573531568
0.4934894875
-0.3827621035
0.2035512786
-0.2588114887
-0.3663687408
0.06896729656
-0.6015163809
-0.07633391805
0.01704781428
-0.4989857316
0.4011162292
-0.532301946
-0.2188102324
0.3690685757
1.55017761
0.1411103869
-0.6462733522
-0.4085935041
0.06867956221
-0.2841169924
1.770781034
0.5730092153
-0.2141400045
0.943547824
0.3810106618
0.812921486
0.5817934379
-0.4226694904
-0.8126475215
0.4386334971
0.06365008289
0.1373957576
1.209357989
0.2358225528
-0.185054362
-0.5898982435
-0.7265829712
0.5806175172
-0.3583495885
1.243397164
2.074652171
-0.7365588784
0.07598529402
-0.2062487982
-0.9784740388
-1.17303766
-0.003339049686
-0.1510144705
-0.9273203969
-0.246165181
0.4505577497
0.6462154672
0.4579885576
0.3069774391
-0.5535602435
-0.6351394325
-1.367321724
0.2544519452
-0.8182744533
0.4658685237
-0.9292137951
0.1434981752
0.2555127593
0.3882892445
-0.3921948351
-0.04607090876
0.8150988236
-1.164414516
1.343307725
0.2604064457
0.5593278319
-0.9177224338
-0.07679517381
0.8477629095
0.2100473076
-0.7643327266
-0.07234591655
-0.2738493888
-0.205270033
0.4129606909
-0.7043619081
0.04534121267
-0.2076384936
-1.06142303
1.746643889
-0.7737357348
0.2703210955
1.111253268
0.9073948771
-1.275475454
1.150189565
-0.5166940451
-0.1237479575
-0.07547110347
0.2581585576
-0.8252250701
0.3088495807
-0.7030969828
-1.642925519
-1.231445175
-0.3981492031
-0.2023919852
-0.667192857
-1.279511559
-0.4416824162
-0.1506360304
0.1777496655
-1.133171225
0.4298470441
0.6090198375
0.340924381
0.1597722644
1.34148888
-0.9214492798
0.8186003849
0.9363824099
0.7333099872
-0.431672132
1.936175406
-0.03990878807
-0.4426344857
1.349993804
1.540984505
1.895258135
1.107596874
2.156209385
-0.3322778508
1.844616717
-0.3833732046
-0.141544039
1.034158361
-0.2161867609
-0.1216356385
0.05889930706
-0.2681371592
-1.056591839
0.155816034
0.1865763195
-0.8230141103
0.4085904285
-0.1820089038
-0.659299849
0.7363313317
-0.5762352973
0.2624383636
-0.3717855364
0.06589088179
-0.807091701
0.1386444253
-0.8569338143
-0.4929234296
0.8696719036
-0.3584272251
-0.2020066049
-0.1525108879
0.100315311
0.9760078639
0.1743174119
0.2605951449
-0.2402508315
-0.1986454938
0.05305851721
0.5608399034
-0.7233919293
-0.8989516675
-0.7550245076
-1.177251592
0.5412709922
0.5978952736
-0.1945950627
2.980527347
-0.5417850941
0.7146156773
0.8994770974
0.6851077586
-0.447813084
-0.4142623663
1.370195791
-0.687935847
1.309948859
-0.7378255099
-0.4508045979
-0.3275269348
0.5065180628
-0.8645477027
0.04170928868
-1.611742067
0.6851254255
0.6544089362
0.3865511111
-0.9252695054
-0.0008346231654
1.103697425
-0.7509006321
-0.4335876852
-0.5688827351
-0.05804165378
-0.09860786237
-0.5284981817
-0.6112669423
-1.321360266
1.164142144
-0.08597333045
-0.1455959959
0.6671667278
-1.351619905
-0.4992132664
1.282864133
0.3000212722
-0.6044545636
0.6644365519
-1.325961697
0.01803096132
-0.1521536715
-0.5166160494
-0.07840305949
-0.9201322228
-0.5563690379
0.3469361199
-1.084583506
-0.3777454298
-0.6966599897
-0.8237899631
-0.4408741012
-1.571855193
-0.5798551217
1.132135561
-0.2652149916
-0.5638469696
-0.9080280066
-0.11759952
-0.8201993614
0.04800024908
-0.916215539
0.07054296434
-0.3000388898
0.4588329747
-0.5101076916
-0.2937263727
-0.1263219774
-0.5729130179
0.1238571273
0.1246711735
-0.1831947193
-0.5603930339
-0.907905674
-1.133923006
-0.6092436522
-0.4905433431
-0.4871920757
1.191787365
-1.035352048
-0.8436769128
-0.6670747086
-0.5242292717
-1.013331085
-1.095526031
-0.2654971212
-0.04971551653
-0.6275429338
0.5826056391
-0.5480867788
-0.3778919883
0.777615267
-0.708592087
-0.6505599037
-0.5422841281
-0.8036729932
0.5433899693
-1.0581406
-0.8182600036
-0.1203128817
-0.4193673581
-0.1128664813
0.1673238982
-0.4588954657
-0.3522298068
-0.39437318
-0.261325204
-0.4792448558
0.6116385892
-0.2864657462
-0.2684904806
-0.3327239484
-0.162954817
1.269130629
-0.8282156944
1.873571652
1.10370205
1.171450284
-0.2944760732
-0.3915120788
0.1729576061
0.2653836822
-0.7815193862
-0.166200581
-0.3623320617
0.8036690384
-1.287806648
0.6419816017
-0.08982399497
0.563240242
-0.6007274032
-0.3925279334
-0.7251077414
-0.3682772759
-0.6578034058
0.5970558982
1.407658631
-0.4436717555
-0.9472003907
0.455525443
-0.6029305592
-0.1844297911
-0.1764157668
-0.4830697387
0.5891996026
-0.7988009423
-0.8438233435
-0.06241623983
1.485376152
0.5031102607
0.3020437932
0.8057588175
1.263261822
-0.5989722207
0.2622252882
-0.5258817494
0.09738389803
-0.1017464422
1.411977154
-0.541237992
-0.2249538343
-0.3392787337
0.2268588947
1.61003162
0.4503051959
-0.4022373509
0.3501942873
0.1221146516
2.237127316
-0.1091780378
1.53701621
0.7889232904
0.9052657187
0.07610700279
0.9662631333
-0.0695228627
0.4529971302
0.5908929631
-0.3506078057
-0.428290271
2.162837589
0.7570166782
0.4998043802
1.334701896
-0.001723550633
0.02692543631
-0.1917038722
0.7686556503
2.269697475
-0.1089878468
-0.2886370551
-0.5693731055
2.157694405
-0.3441180572
-0.4306484893
-0.3200476795
0.6433623224
0.3712803615
1.151722628
-0.7446440101
0.1488411186
0.4721905068
-0.001966417208
-0.2902668372
-0.4982008547
0.8865437374
1.475935125
-0.03439430185
1.611628067
-0.7860386074
-0.1663529126
-0.877610755
-1.114505598
0.392607867
0.4718732268
0.3210526632
-0.1516321725
0.3981793457
-0.6276891351
-0.08283140312
-0.8900383055
-0.04041023292
0.2337671266
0.9910746127
1.503903237
-0.2568914182
-0.5830355018
0.2191072309
0.3345912296
0.04929955108
1.269100383
-0.07803824916
0.9654445261
-0.3374216929
-0.6718107268
-0.4771102019
-0.09391031181
-0.2628316436
0.8006371766
0.6118400894
1.220944189
1.25106979
-0.1288414627
-0.9543504298
0.4593059845
0.5974304769
1.366318005
-0.2765401633
0.5265188187
-1.433558387
-0.1277540627
-0.6683728948
1.354121661
-0.2426581629
1.246517226
-0.2043897234
0.9358212888
0.7197162613
1.449965608
-0.5994758055
2.120376205
-0.4150430158
0.8350095343
-0.281623798
0.8874982655
-0.005307012517
0.03619129052
1.783440709
-0.9393287569
-0.3407541405
-0.5617429391
0.5944489248
-0.318880628
1.1179993
-0.2211164573
1.326820797
0.7071202844
1.027354616
1.702693233
1.460419823
-0.3809362311
0.002300704364
1.73681792
0.7611773066
1.32109257
1.810846654
1.626317239
2.382796496
1.559894073
1.505086303
-0.3241823271
0.5171115363
1.388178846
-0.3442848757
-0.5356704041
0.1799176437
-0.4913163513
-0.7838804364
-0.1806957716
-0.02785791238
0.498511073
0.1951346233
-0.3743099645
0.2697888873
0.2115870174
0.1288969772
1.456175876
1.146963558
0.5635554591
0.4431175712
1.217988434
0.7610571042
0.5493653223
0.9157396674
1.393476099
-0.008447782509
0.4517228238
0.4583932403
0.04300659308
-0.09712991882
0.1849888312
1.175080094
0.08235729542
0.1851946921
-0.01257473119
-0.1119032617
-0.1890522784
1.348185104
1.213489562
-0.2411732547
-0.007658108883
-0.1508088805
1.645818055
-0.1291096476
-0.5066616416
-0.3925948005
-0.01872669328
-0.5760869399
-0.3141036846
-0.1350191275
1.527519345
-0.9116964608
0.3705408871
-0.04065159466
1.833099633
-0.09072831105
-0.1985514065
-0.3062825754
0.4562404929
-0.04424883183
0.1928958105
2.1145118
-0.5557517514
-0.5216986865
-0.4930040896
-0.06707485691
-1.227065516
0.3934867674
0.1651848521
0.8793108299
1.195840402
1.932789373
0.2153503623
2.168603039
-0.2176747557
2.456959444
-0.3233002119
0.7533359006
0.8228652872
0.8194387481
-0.6653397635
1.343253601
0.05182477869
-0.4526872858
0.6066125132
-0.09164797766
1.397070229
0.622075814
-0.1654126164
0.7338519454
0.8822252452
-0.2090388546
0.2462175358
-1.315054512
0.04830539781
0.01473353282
0.1997788731
-0.4507830784
-0.6512401834
-0.1031547586
-0.6270011932
-0.6296324417
0.4369611674
-0.910488382
-1.017182705
-0.4691380136
0.3050356638
-1.340505713
-1.072142777
-0.3524257219
-0.5217099831
-0.105755418
1.708438802
1.162642539
1.405649036
1.144750452
0.7583440155
0.1132122202
1.019512779
0.690656887
0.6602007374
1.130384305
0.821773766
-0.2927074008
1.759651858
-0.3415153578
1.213738552
1.278146791
-1.023042333
0.001562172873
-0.628550908
-0.8272846699
-0.8174581647
0.080468965
-0.2032367514
0.1231069636
-0.4816740952
0.05378867444
-0.5146050371
-0.3553479478
-1.031210244
-1.345461017
0.6708249763
0.9816981733
-1.01214647
-1.246676105
-1.467251873
-0.2643279206
0.08962428197
0.4375212364
-1.310993582
-1.185204783
-0.8392369643
-0.6498792827
0.1772230008
-0.8310803592
-0.427983205
-0.5964362979
-0.05606612768
0.8671675846
-0.6937059984
-0.09298982797
-0.08914890345
1.403012174
0.3565045805
0.04286079099
-0.07406691331
0.1384955145
0.923599413
1.398544249
-0.3950322211
-0.2044754403
0.1188285897
1.026904853
-0.3162351809
0.9785315558
0.872829017
-0.131787084
-0.7024093315
0.6685584053
0.2605811988
1.171097218
-0.6107222989
0.03358603213
0.3866415422
1.1024618
-0.1891403794
0.08092389992
0.9975646436
1.771740556
-0.9914197505
-0.671759975
0.8711668402
0.8682787776
1.675308204
0.8168729335
0.756309472
1.803368455
-0.1305241987
1.405734554
2.962499791
0.1465934716
-0.3925536767
0.7159169668
1.021313776
-0.004503636342
-0.343907604
-0.2332982741
0.6224924885
0.242478434
-1.61768418
0.1383018113
0.1078501817
0.6402592801
-0.3946125656
2.062451988
-0.1395674728
0.02947119931
-0.1757922191
0.221061876
-0.9458060592
-0.04733407116
-0.1302393302
0.9407791793
-0.5742996991
-1.059657374
-0.1158207234
0.06790538002
-0.4616365373
-0.1250099918
1.002994767
-0.2356124926
1.576859319
0.4690173385
0.4805727825
0.2308441344
0.2695288582
-0.08255101279
-0.007115780469
-0.09644400347
-0.3439254075
-1.427822703
-0.154908171
-0.3463507205
0.04455799758
0.4597923331
1.997193074
0.06485092491
-0.3622974902
-0.2628621846
0.3196153039
-0.4199930906
1.375805512
-1.217388856
-0.5461033314
0.6426415697
-0.9023410738
2.257801747
-0.238600437
-0.723446241
1.92452057
-0.71416412
1.113673094
-0.420504728
0.6949923718
-0.7290958792
-0.496047473
0.2101710707
0.1968934335
-0.5805749759
0.8195733637
-0.5950194031
-0.1369490754
-0.07994015329
0.8143576771
1.882893002
-0.5569019973
-0.6964351505
-1.273393881
-0.5976025268
0.6703760326
-0.8583068013
-0.3855532125
0.1740227211
0.1441354412
0.3403798319
1.515118238
-0.1626393702
-0.4826670915
1.438937956
-0.7845963448
0.04517894294
0.170044998
0.2730441632
-0.5434265971
-0.5016636707
0.3299435422
-0.1306784092
-0.9572782069
-0.6978320062
0.3231566481
0.9428494722
-0.7394227788
0.4349569554
-1.03212015
0.6306935633
1.006781277
-0.2808401957
0.4811202697
-0.2417741925
0.03226828631
-0.6724500343
2.76380747
0.523218983
-0.9436927259
-1.294819611
0.08542512991
-0.3964589044
0.6637387678
1.573362982
0.04630433246
-1.110552603
-0.5036900818
-1.331391138
-0.06419599112
-0.2108835767
-0.5533644289
0.9735366583
0.9319525272
-0.007785419002
-0.8060340315
2.362346882
-0.3043397836
0.6834166155
0.1917259706
0.1796889508
-0.3833115272
-0.2701154243
-0.6260451198
1.087154832
-1.128843573
0.6278064527
-1.350542986
0.3092108205
-0.4315515481
-0.6446547627
-0.8724335134
1.305219641
0.02746426193
0.4245656602
-0.9623162687
-0.300408037
-0.5131241515
1.633915576
-0.005206966959
-0.6187053502
1.549614924
0.5928643033
2.275676656
2.561006862
-0.280047654
0.4500658125
1.11769816
-0.2015414543
-0.5633510068
-0.6348987907
-0.8225258276
-0.169071554
0.4556238048
0.5293812106
-0.119055056
-0.2600133568
0.00867055133
-0.6180760756
-0.6435657352
-0.3848362993
1.412680307
1.40363166
-0.1258555327
-0.4062180445
0.1096716902
0.5860109791
0.137591796
0.6090103947
-0.1700460769
0.5911405444
-0.07847227491
-1.091360626
0.003656376782
-1.032128042
0.6184183896
-0.2027976133
-0.1406643998
0.5835276231
-0.3282581858
-0.2069827216
-0.8210198939
-0.8103353798
0.8129614778
0.2564633249
-0.7319482446
0.02262349292
1.389494255
0.1861445837
1.455373639
0.3809728171
2.25387094
0.3637102179
0.360298527
-0.08218956878
0.0627585778
-0.3391816556
-0.2600018112
-0.7487461016
-0.9679970711
-0.5077489242
0.06438731514
-0.09418986477
0.4243455386
-0.1934003124
0.9965540871
0.3360448191
-1.307665545
-0.7954092711
-0.566791898
0.1588145655
-0.1896849612
-0.2600524802
-0.4987999499
-1.335254425
-0.5646069333
2.292221415
-0.2194351278
0.4041262977
-0.9148632199
-0.2864158224
-0.9731831163
-0.9756285101
-0.939898026
-0.5620502502
0.2234773738
-0.2582723387
-1.201722926
0.4010553811
1.57240774
-0.1782596107
0.913133055
-0.8549279153
-0.8807759732
0.4137721971
1.230448413
-0.1830559429
-0.4968312874
1.320445475
0.2051386095
-0.5914259583
-0.7818692088
1.202973035
0.2744251046
-0.649255684
-0.1431635041
0.1925496036
-0.2863444511
-1.303985292
0.6720631719
0.4027019503
-1.249560374
-0.0378496509
-0.2099005856
-0.7676183969
-0.8787031755
-0.3860103138
-1.059903595
-0.9842086136
-0.127054574
-0.2901303254
-0.9950251102
-0.4559749216
-0.7422715232
-0.6156817496
-1.212916046
-0.06666245237
-1.206799185
-0.6905184969
-0.2659013383
-0.1976304051
0.5687754475
0.1034895879
-0.87066845
0.1763984462
0.07917437442
0.552112408
2.386225343
-0.6058048889
1.231837979
-0.3043341219
-0.6606980771
-0.7981595963
-0.4754196852
-0.4116041288
-0.3479307964
0.1727768531
-1.617817235
0.08976498134
-0.0955145875
0.162493242
-0.700003022
-0.4437354311
-0.2229885165
-0.006196207739
-0.8795702219
0.02819763552
0.1069822663
0.93859258
0.3656581083
-0.5476999223
-0.8613044977
1.608590609
-0.1146705074
0.2284628665
1.468929982
-1.100228661
-0.1668917618
-0.08528797589
0.6794172585
0.8794005662
-0.4296693325
0.1084464142
-0.4803883016
0.1332915956
0.6287882105
1.203862187
1.129035476
0.4544180416
0.5580914289
0.4551351289
0.1962310176
1.968299156
0.1573500076
1.495803881
0.6719857022
0.03175749108
-1.183748466
0.8359621823
-0.6514208063
0.6748170123
1.031235155
-0.1624493735
0.1925127543
0.5326529779
0.1973015781
0.1885182717
0.5202247828
-0.4458596207
-0.7829654485
-0.07990207151
0.8464964062
1.775454405
0.3996564277
1.94601869
-0.2700543538
1.791548586
-0.2377616746
-0.2047939897
1.688964206
2.266313624
3.397091734
1.236303061
-0.4956521533
-0.671189487
-0.1339137636
-0.2798409645
0.5013206609
0.6847971767
1.477183539
-0.01955283061
1.091142382
0.1600180656
-1.003798196
-0.5316879794
0.7628156081
0.1015036963
-0.5070355698
-0.4600137338
-0.497075209
-0.4950313784
-0.1078364854
-0.2697365019
-1.107444355
0.08072146447
-0.9261477113
0.5307254322
-0.1517241033
0.8831306726
-0.303381452
0.1202274751
-0.6126343489
-0.4932029814
-0.02778386846
0.4655279063
-0.1605111549
-0.1370143782
0.1522247501
1.282238883
-0.2805219056
0.4536708079
0.8901752621
-0.236974391
-1.31897974
-0.3671804518
0.7512467839
-0.2342431925
0.09585257405
-0.1427883787
0.8061183453
-1.173366898
0.6108292401
1.14491981
0.1941752434
0.2045136846
0.05581458379
1.404409009
-0.9537203878
1.777356875
-0.8786953479
-1.113808864
1.481423151
0.1589375678
-0.586351338
1.547784144
-0.9337648481
1.576134747
0.467060801
0.08184652627
-1.240775174
0.2315230837
0.4532147765
-0.2161080975
0.8337575808
2.192394125
-0.333506541
1.891581881
0.1795228251
0.07641794756
0.7393751487
2.607163596
0.443154305
0.1414477475
0.8685364857
1.433414656
0.7723232597
1.730556044
-0.00682419911
1.746628571
-0.8519824684
0.9212482914
-0.3216622658
-0.2522940304
-0.8748928726
0.1751026413
-0.7238197908
0.9639992937
-0.5165108852
0.4631534874
0.5643686652
0.874058491
-0.6608273908
0.4945999578
-0.1975480026
-0.5383906826
-0.5713434398
1.180706909
1.526965201
0.3622524301
1.176272577
0.4589078136
0.06953182407
1.687334162
-0.03993285168
0.5174716506
-0.4292001992
0.8633405656
1.790516621
-0.01952660377
0.7453370646
0.2426522668
-0.06201826762
-0.4189370796
1.221736774
-0.0008481891826
0.5982258528
0.02061485928
-0.219792717
0.997773692
-0.4452472638
0.7818898231
-0.6578075394
-0.8481946528
-0.8344720155
-0.6397689581
-0.08043967262
0.4877127975
-0.8670380592
0.1735854134
0.8400741518
-0.1028083065
0.2103879729
0.02173557971
0.4879233563
0.2607943645
1.865900117
-0.5461513013
0.3096012019
0.6359555304
0.1637151205
-0.4953193933
-0.4891915917
1.380272514
-1.106135485
-0.9237062484
-0.04259250145
0.7696727991
2.236038429
-0.04312243103
0.2733615568
-0.9208137721
-0.6395063058
-0.5163081095
-0.07372976411
-0.04541314356
-0.4822027266
0.3830542102
-0.1376403287
0.4661252093
0.5833994403
-0.8602784097
-0.8247111827
-0.147366191
0.3282815691
-0.4546178773
-0.1815624824
-0.1915767753
0.9356243432
-0.9354179084
-1.025212929
-1.027159804
-0.2916219819
-1.196060938
0.6159177303
-0.1983444113
-0.2783103947
-1.198856097
-0.2464528561
1.129148138
0.06625851654
0.1092448808
-0.4460729055
-0.282749147
-1.078879756
0.852917251
1.206516925
1.483959275
-0.7957837641
-0.7217355371
-0.4877649099
-0.5642432332
0.1775198184
-1.00791195
-0.3964277565
0.07602378167
-1.018282747
0.0600670116
0.5040987924
-0.03984756526
-1.202163017
1.916311646
1.173761022
-0.1379153579
-1.006000087
-0.3623432342
-0.1263091047
-0.4168363592
-1.238591284
-0.7044794619
-0.5146488845
-0.5969186679
-0.07983451374
-0.5672717452
-0.104425976
-0.86652731
1.758005261
-1.021102536
-0.493217811
1.726217377
1.285278198
-0.5130359367
-0.230639457
2.860612667
-0.7707161963
0.3170121087
-0.00376792578
-0.8955380857
1.422402579
-0.2694792543
-0.7762299567
0.5649553075
-0.4251546204
-0.05011736248
-0.3351191577
-0.9479792506
-1.18897315
0.539803464
-0.3835005239
-0.375529325
0.06608775482
-0.2835492205
-0.3712518118
0.07629078003
0.2749236425
-0.4813956365
0.4313139626
-0.3038311251
0.1674415581
-0.2331578935
-1.059848166
-0.2414841853
0.04789098334
0.6152399853
0.2687506238
-0.1030750342
-0.168873621
-0.8257084906
-1.024821168
0.4044077478
1.039504823
0.2755403651
0.1817984516
0.03302866705
0.419696169
0.5759889215
1.982793808
-0.1503033342
-1.236907488
-0.7282521114
-1.19977496
-1.233773807
-0.7663337708
0.2866359544
0.1877945531
2.36570645
0.562332046
-0.3623645522
0.2245840397
-0.4818546116
0.7791766912
1.681515276
-0.6767449707
-0.2343606208
-0.8686149895
-1.325992405
-0.5148863167
0.07048752075
-0.501930365
0.6533260971
-0.1219095899
-0.1210415766
0.262451297
-0.3687287152
-0.5473809257
0.3187018268
-0.1414686464
1.33766188
0.1222760088
-0.5612181321
0.6584417045
0.09943525381
-0.562061052
-0.8730106056
-0.407926929
0.09507590337
-0.1274406254
-0.01596435187
-0.9509668171
-0.03210296072
-0.07628301545
-0.2403568354
1.727485341
-0.150058623
-0.5630107835
-1.359880102
-0.9257781446
-0.812294361
-0.9497935832
0.1664561993
0.3743208798
-0.7502750129
-1.327247036
-0.8552632928
0.40139658
-0.4643235475
-1.108859846
-1.176414749
-0.6181449711
-0.07551917275
-0.7020963907
1.115190865
-0.04934232049
-0.801012817
-0.3428830788
-0.7688459128
-0.6138996586
0.1903589578
-0.1966207344
0.01082289936
-0.1554208046
-0.281877422
-0.08391318806
-0.1797047906
0.7089754373
0.3236993134
0.796437031
-0.4330799371
-0.9885367453
-0.3598484794
-1.749799246
-0.6429608583
-1.103094399
-0.2397269826
-0.7550208658
-0.4566096906
-0.7358683974
-0.3164082997
-0.6195486903
0.2916680038
0.116787382
0.4029851703
-0.6827901468
-0.2359951466
0.3005729247
-1.036828163
0.6293200985
0.6614275441
0.7755053088
0.5993638352
-0.8138260245
-0.7802082241
0.716718477
1.669398552
0.171321308
-0.8550611526
0.8115279883
-0.5437218085
0.4209332459
-0.9050134093
-0.2955462433
-1.028416446
-0.2719532609
-0.6054821759
-0.4822855458
0.06090072356
-0.1798917741
-0.6593156412
0.9183463097
-0.7264470354
0.09130195295
-0.8924595475
-0.1965605708
-0.808130452
0.0282538902
-0.1365452068
-0.2750087295
-0.8846105278
-0.6553682774
-0.5364035189
0.4304533593
0.3947074324
1.199102512
0.7634687662
0.1981919341
-0.7851028919
-0.2446975462
-0.1043751144
-0.3141846631
3.122427011
-0.5494684622
0.3935002559
0.506980601
0.7432849631
0.5567481473
-0.4691926554
0.3367512533
-0.3234661967
-0.4413783036
0.08553010114
-0.460958989
-0.2012492605
-0.8058931053
-1.34826293
-0.5036687002
-1.20969398
0.8271861792
-0.7802092493
-0.3226252928
1.393567562
-1.051491022
-0.8004344672
-0.1675475096
2.284838969
-0.8550367087
-1.075723496
-0.7657703161
-0.7767985046
0.8263818726
0.04249115642
-0.3150184598
-0.9208883524
0.102849903
0.2067251248
0.3767398674
-1.123213428
-0.8535523325
-0.1732905084
0.888875325
-0.3156442955
-0.2611223318
-1.102101955
0.02571099624
0.3335722778
-0.7240535051
-1.203376919
0.51386979
-0.6813545644
-1.165232757
0.611874108
-1.452121782
-0.03947050441
0.4124857444
-1.033922347
-0.3438087761
-1.205243665
-0.9828868359
-0.9928736836
-0.6734452143
-0.1853726514
1.481622389
-0.4179545127
-0.2304565981
-0.2552727878
0.0475939868
0.616568616
0.2680433685
-0.3341859654
-0.5650827929
0.1129372098
-0.1629678401
-0.01518564345
-1.285468838
1.301317912
-0.1381258031
0.4098110961
-0.6689680398
-0.1775558853
-0.00748506193
-1.113796532
-0.6341532975
0.5483306669
-0.2394696772
-0.2704917602
2.589375496
0.166361835
-0.9127937734
-0.347844597
-1.468327045
-1.200689483
-0.1051843414
-0.604452683
-1.03670724
-0.930394116
-0.5785104856
1.492423379
-0.08389348006
-0.3009160031
-0.3928876869
0.3764218204
-0.6805593014
0.1520397892
-0.8223894
-0.2907782901
-1.050137997
1.289591205
-0.2954911634
-1.252086699
-0.7550639272
0.009920130903
1.294034088
2.457504243
0.3125536084
0.2659354316
-0.4636534691
-1.142553926
-0.3639969163
0.2391256161
2.843908608
-0.68426916
-0.3249381155
-0.08023531642
-0.2323655076
-0.8493422747
1.34327819
0.6590816468
-1.128334585
0.2590261741
0.4311291032
-0.321118553
-0.9238116324
0.05856595058
0.3881786313
-0.7836999655
-0.4180426888
0.700422965
-0.1427692008
1.242340037
1.014845061
-0.05199156683
-0.2690926727
-0.4838324316
1.309746405
-0.1495591317
-1.156345341
-0.3662227141
0.4951671671
-0.9352453917
-0.5412408054
-1.242896235
-0.7016074792
0.4443965295
-0.2466901138
-0.6953493893
-0.6329428449
1.74622463
-0.799464944
0.6233150527
-0.3199067496
1.682145727
-0.8982942522
-0.870078671
0.5347236522
-0.3795859918
0.5961453378
0.6925538972
-1.57445401
-0.2311418623
0.4275001291
0.0219458363
0.9315876424
0.3742527679
-0.1779897317
1.403435925
-0.09886956336
-0.8642964393
-1.354891986
2.195763618
1.072573754
2.292211932
0.2186033364
-0.3209114231
0.5080933012
-0.1746157253
-0.1331498252
1.090256691
-0.9565733224
0.3260591098
-0.01241848669
1.246692485
0.7807288393
0.3943976745
0.9758045435
0.363667218
0.4403689153
0.2650654351
-0.8690141827
0.115904866
-0.9868416786
-0.1507859993
-0.6749172628
0.828237775
1.269945222
0.1229712538
-0.7247432917
0.2862281317
-0.2998272315
2.844056708
0.7454669446
0.588416855
-0.3749073192
-0.4546849966
-1.114977863
-0.9041719496
-0.4000066735
-0.4299233019
0.1083090249
-0.01947643775
-0.1614034686
0.6871806175
0.2098667383
0.6435172789
-1.27306909
-0.386968933
-0.8466839463
-1.113122165
0.0080910597
0.564393156
0.6325609021
-0.9483540088
-0.6941122517
0.6025647506
-0.6584500849
-0.3788478255
0.05034334026
-0.4593081549
0.8527853131
-0.243047502
0.3936760189
-0.8584401101
-0.7047789648
-0.7318540901
-0.1390758052
-0.3931470677
-0.05332324114
-0.5306017384
-0.2066860223
-0.01103374232
-0.7923835874
1.340293089
-1.00051381
-0.5717124641
0.983787787
1.193734869
-0.5053983994
1.159335443
0.6697054103
-0.2469519887
0.1385821026
0.2620883465
-0.3996233359
0.7883392662
-1.030292934
0.5580342352
-0.2611757107
-1.353797084
-0.3086305819
-1.057907304
1.223636547
0.5864965633
0.3373536281
-0.8070862353
0.03859469388
-0.5664350048
-0.3306107931
-1.172104311
1.298478228
-0.9933423519
-0.2549517151
0.06045003193
0.4720060466
0.6067047253
1.275909597
0.6170909882
2.310345376
-0.3836965218
-0.576050435
-0.9740676641
-0.236904482
-0.4263241366
-0.0773030709
0.3833516762
0.9673612535
0.7683318198
-0.5746724203
-0.3301029315
1.092610332
1.092887831
1.253507495
0.2962415954
1.160530162
-0.2579927253
0.301850698
0.7401593104
0.5032869861
-0.3347200982
0.3428256099
-0.05948374309
0.3862290748
0.03372058519
-0.1183892349
-0.4167576104
-0.3567921132
2.499142367
-0.6439269245
-0.208621056
-0.7323423058
-0.6700225487
-0.2269749736
0.5903886274
-0.7910463095
2.136395156
-0.5165262744
0.2570869535
-0.9615268409
0.1825910499
0.5963520214
0.1447263775
-0.3214000333
0.7270804569
-0.2819209222
0.5296910606
0.6080822647
-0.1847358457
0.8927836388
0.5332775299
2.618666416
0.1979932912
0.5304159969
0.08596194023
-0.2156236616
1.638326386
0.5432066973
0.567448213
0.02379071116
0.9486291796
-0.1998081774
0.3658208419
0.3610261669
-0.8306215376
0.1718358995
0.9851533175
-0.6540562436
0.1105444681
-0.306115713
-0.481816487
-0.5789238572
-0.6600564316
-0.2272320904
3.126318169
0.517396532
-0.6725120783
0.825191167
0.3011213365
0.5502846591
0.7014664173
2.769370842
1.100025779
0.5813651919
2.196222377
1.075106195
1.269958895
1.854780483
-0.4207706377
-0.5599817544
0.4835799724
-0.1114988234
1.396032253
0.4108843811
1.062129235
0.04157851557
-0.2657162402
0.5494010784
-0.4065471873
-0.8183260918
0.7352780506
0.4304723315
-0.1586078094
0.9504440784
0.834974286
-0.770669055
-0.8727610499
0.07650997015
0.3283680014
0.6827727497
0.01927453135
0.7383403495
0.02882402567
1.212976354
1.69246735
0.6936026081
-0.5302279994
0.296415041
1.208270082
0.9882082969
0.03661384927
0.3458245739
-0.2497845094
0.4406652642
-1.060624108
1.087945536
-0.3832125165
1.154725561
-0.1462789306
1.114137313
-0.7519331008
-0.03959688805
-0.1278453087
1.192478466
0.3333531087
-0.5174219958
-0.08315540925
-0.3538073897
-1.355616707
0.6244278461
0.02204510644
0.1155030796
0.7075056229
1.087071899
1.364255613
0.3527257411
0.2485300373
0.2847408124
0.3609906284
0.07017672667
1.518861708
-0.6703534007
-0.1453238234
-0.7626348615
-0.6374645337
1.074488071
-0.9498827845
1.617750007
2.18883335
0.001058586687
-0.6080419615
-0.5036841005
-0.1858082693
-0.8746267557
-0.2028591271
-0.3342267573
0.8808950126
-0.203442747
-0.2259865342
0.1988267248
-0.08088233043
-0.04014516771
0.7527217925
-0.1434120931
2.651874971
0.3584130667
0.1546494929
0.3466759183
1.734825188
0.4506275356
0.7791460752
0.8515982464
0.9414574325
1.309621084
-0.6646828651
-0.0184817546
-0.184718853
0.3206197824
0.7720421568
-0.5507395536
-0.2364216309
-0.1791954987
-0.7543247759
0.6047122449
0.3758856818
0.3204147518
2.011086881
1.153640047
-0.9005145758
0.5205564559
-0.2795855295
0.1233650807
0.3719384322
1.222457168
0.9919141918
-0.002437864756
-0.03214773368
0.5898454983
0.8357192069
-0.3445656035
0.4096356293
-0.07887980537
-0.8565380424
-0.2712147638
0.105989446
1.161080244
0.01948353089
-0.2525754043
-0.4431627676
0.1644650719
-0.2299556442
0.8175925538
1.135332739
0.7546404704
1.022555697
1.598391789
0.01179091744
-0.2927855808
1.557790393
0.5673198082
0.09232934499
0.2804835096
0.7664365783
0.4325762846
-0.4046848238
-0.6425194025
-0.6211127326
0.3491482113
-0.5342308372
-0.7613653362
0.5440885223
-1.136040974
-0.2929111384
0.5221984133
0.9377668947
2.190085334
0.3399517711
0.622189448
1.414315948
0.4341554187
0.06420225017
0.1382964905
2.031456029
-0.1008957101
0.05567021836
-0.3781363968
-0.7834330082
0.6849245727
-0.1686787676
-0.4719029516
-0.09242049633
-0.3875150487
-0.6786783189
0.09764169245
0.04940930856
0.9820892513
-0.8497945368
0.6326598123
0.918455258
-0.1216752967
-1.002379152
1.694115055
2.093500859
0.1500434721
1.112471908
0.2454970271
-0.1731071066
-0.0848327253
-0.3633827239
-0.6175907969
0.9340335369
-0.2437673505
-0.0621097846
-0.02311449968
-0.3390730962
1.139255048
1.779532981
0.9503743023
-0.2767245528
0.02761825398
-0.2067843905
0.1002816133
1.064263862
0.5419746742
1.040514243
0.2186354741
0.4428352978
-0.9333058149
-0.2082448922
-0.005032002088
0.4377509572
0.1836680915
-0.9822825909
-1.132327014
0.3001205925
-0.215629993
-0.4384137139
-1.198511228
-0.03244311642
-0.7116226792
-0.03950332701
-0.7367795885
0.02221035119
-0.4671609946
0.6062577009
-0.09469309989
0.4658810727
0.4870001629
-1.134981149
-1.113306361
-0.2245866777
0.892770426
1.265079886
0.6062440481
-0.7616112858
-0.005004844163
-0.2928862903
-0.4779999346
0.6608222887
-0.9186230779
1.568053257
0.5569347184
-1.295969903
0.4695883095
0.7062271461
0.08713830765
-0.4045950733
-0.4448714405
0.0529645605
0.9675862223
0.7210619703
0.08120509842
0.2918616062
0.4782815307
0.1510025092
-0.1945127813
0.3331504665
0.4949169043
-0.7938766718
-0.1988889391
-0.5939333379
-0.2075294858
0.9165778667
0.01627596021
0.1866004905
1.478934431
-0.3545840401
-0.2482292321
0.4149309373
0.1851264587
-0.5476714879
0.04337644214
-0.0318917362
-0.7448771179
-0.7204131141
0.7854323596
-0.1224384462
0.7778269321
0.8100540906
0.05150901079
-0.6480795071
0.323853359
2.23959856
0.6122794941
-0.318056101
1.423341238
-1.213308066
-0.1138265073
-0.9401801765
0.01386212017
-0.09583497401
-0.09871480428
0.6236323506
0.126127304
0.2503196809
0.6706570134
0.008633279894
-0.4989896983
-0.1983982567
-0.3582966924
0.6760132551
-0.4581697673
0.958762525
-0.03988748034
1.272195253
-0.3307361454
-1.116086802
-0.07637546994
1.098697487
-0.484727326
-0.804006654
-0.5704909489
0.2916953085
-0.5767779425
0.09172956059
1.732767394
0.2363137444
-0.5733858556
-0.1377070293
-0.6302312642
-0.5917523026
-0.5881195664
-0.1212295689
-0.09575334229
-0.3766145084
-0.2139519453
1.654819694
-0.349986849
-0.7245235711
0.5181722142
0.06727389572
0.3799098782
0.05238223579
0.984603776
-0.3670347184
-0.09947361508
0.9322688505
-0.1044985788
-0.1749025478
-0.8627830356
-0.8612351507
-0.4175692692
-0.3958807148
-0.7663816333
0.9823839098
1.864633441
1.062551901
-0.7306956768
-0.06046940573
0.4151743431
-0.8200567603
-0.863074255
0.9809816986
0.7564598128
0.5053786628
-0.4917154357
0.9750432283
-0.193096151
-0.6811119288
-0.9534980655
0.09115380775
-0.4275340483
-0.5528726235
0.6022411317
0.288679228
-0.007037477754
1.633328646
0.8381979048
-0.3164673094
-0.3402132504
-0.4116673902
-0.9721498072
-1.110444856
0.2208521566
-0.3265428565
0.06496791802
0.6736101314
0.4306229265
-0.2220149469
-0.3079273999
0.9171503305
0.9624820024
2.612055218
-0.4599077225
0.9915807754
-0.211221442
0.140538601
-0.5687898189
-0.4095803559
1.153918219
-0.3185175061
-0.3378293157
-0.5148421094
-0.09443356404
-0.3560250282
1.433222932
-0.5634678915
-0.8587480873
-0.1693071399
0.5733024761
-0.3256770734
0.5383608833
-1.307821155
-0.0523030825
-0.6100755662
-0.5367481187
-0.683807978
-0.4508191131
1.079676226
-0.9677950591
-0.761462158
1.253560865
-0.3115137089
0.2169912291
1.157514507
0.01190354042
-0.7907173574
-0.8226025194
-0.7087295562
-0.2620122697
-0.1423801536
-1.14515323
0.5924139991
0.4650048114
-0.2677024119
1.834373492
-0.236305156
-0.20990876
1.030311686
-0.2628753413
-0.7702345863
1.809825039
0.6850209907
0.1271241678
-0.5345237061
1.214794052
0.4003445027
0.4469022304
0.10168593
0.2461853927
0.495795708
0.6608949423
-0.6380038306
-0.6861436799
0.05583837247
1.455960163
-0.167484598
0.5070560187
1.300021252
0.6951084897
1.053221357
-0.4466985598
-0.4140969664
-0.455663421
0.2034064716
1.883739778
0.1179340207
-0.453837876
-1.036581132
0.3701625537
1.250891522
0.4778076343
1.392342323
1.857578927
-0.226414549
-0.07550142353
0.7252281129
-0.06721001742
1.446629593
1.848913634
0.2710241305
2.402848017
0.3057592163
0.3569468711
0.0714657316
2.417659169
2.120301354
-0.6775249034
1.237049228
0.6052859193
-0.21133813
-0.3807137355
0.3102307882
2.122626275
-0.194326698
0.01180389635
0.3761265103
1.560166079
1.539660972
0.2940537341
0.4063287169
1.467214066
2.748571187
0.1029678952
0.7790018603
0.5862293355
0.6083658062
0.1541678858
0.2002830585
-0.6344040796
-0.1950369345
0.2121536196
-0.4675749436
-0.05521417651
-0.1787325866
1.66894519
0.2183549791
0.7018237624
0.8413861692
1.627226728
-0.2948236655
1.076209033
0.6381496787
2.071858704
3.123144716
0.3867276926
-0.8736788452
-0.6741991505
1.926622558
0.6184069008
0.2937498982
-0.3998063706
0.1259380947
-0.4364588238
0.4964578763
0.4061150072
1.42113215
-0.05613242751
0.8927183121
0.4311535463
-1.114188752
0.4795383846
-0.1190826552
3.323111528
-0.8022705734
0.8164086103
-0.05837329682
-0.2760229666
-0.8948830903
-0.1497838542
0.2019319319
-0.6651638836
-0.1399995608
0.6446379304
-0.3470515355
0.4838327978
-0.4201249838
-0.4015409015
0.1143630248
1.40200038
0.5208164498
1.059819806
0.4049044743
-0.9189759612
0.08104792554
-0.01225538151
0.8292094603
0.9759189963
1.218710268
0.4566397741
-0.1507291534
-0.01292807115
0.5739987403
2.973489559
0.07553757057
0.1917379897
0.8259242326
1.340149167
-0.1077795213
-0.1056462692
0.6741053164
-0.5790628672
0.6949815251
-0.24435133
0.7762957245
0.09859123621
-0.08748741706
-0.2963085722
0.2910570875
0.1687705438
0.1878161726
0.8326925412
0.4599482216
1.81487844
0.04102635756
-0.6892603114
-0.9502742678
0.4393014775
1.484995326
0.2216998404
-0.7904984802
-0.4905704916
0.1438418329
1.313044143
-0.2897664059
0.05169295259
-0.5534047134
-0.4983365223
0.2789375281
0.2233506829
1.150737163
0.7044819877
0.1159046944
1.776533264
2.707832676
1.126098931
1.925844252
0.1336518181
-0.5004271582
-0.2008469306
-0.4324536778
0.07949220929
0.2269557683
0.6425463736
1.176312715
0.1415830811
-0.5459717065
0.8158190101
-0.2175655926
-0.149516302
0.9881061018
0.8715411454
1.06072562
-0.05413298942
2.708920646
-0.3146910727
1.065292481
-0.1969363725
-0.008471682668
0.6570604347
0.5854447246
-0.5621507749
0.9123089582
0.1794857783
1.964491963
-0.1019262344
1.938433093
0.3645074826
-0.1071189861
-0.2218942178
1.446677867
-0.157451007
-0.4428691812
0.7623284474
-0.07047816087
0.3428505026
-0.3497436441
0.1102585149
0.3395924849
-0.3544935936
0.5404522344
-1.052178046
0.5383111209
-0.878934136
-1.143409815
0.9921074212
-0.3603448767
-0.8524768442
-0.07682271432
-0.9365230531
-0.3196482856
-0.3419857077
0.7468221352
0.2843188401
-0.4232290134
-0.7536913872
0.3961988967
-0.2408271659
0.9011254951
0.7052396171
-0.4489380151
0.2670843072
-0.4818482339
-0.5206022367
0.453054891
-1.190070513
0.7139080912
0.8292416811
-1.044641614
-0.354235062
0.2067422845
-1.180473357
-0.3834689718
0.6070906729
0.04400816178
-0.3823932536
0.8420401677
2.406760335
-0.9997710377
0.4792791374
0.8515558049
-0.5015905574
1.177212003
0.4700239316
0.1047257017
-0.1465296387
1.85445205
-0.02974922284
-0.7650256425
-1.080777875
-0.1925863156
-0.8852276355
-0.3319299668
-0.1916378878
-0.146899827
1.293811956
-0.347784961
0.613725014
-0.5757402793
-1.144873789
1.02543155
0.1213017553
0.2608126351
-0.8211276144
-0.0120876817
-0.8183065951
-0.1079028618
-0.4749338448
-0.2876905892
-0.1717882685
-0.9929331869
-0.8814417005
-0.1724498985
0.6294582501
0.1466362359
1.405371785
0.05729660057
-0.2430653812
-0.3694860213
0.7555203423
-0.3959027275
-1.342284936
0.494362139
-0.8311080158
-0.659189564
1.105541745
-0.235680908
0.7787003949
-0.2784838654
-0.2125266835
1.283235341
-0.1121466525
0.3024808284
-0.237746191
0.2007933903
-0.1541446796
0.4100634091
0.669087407
0.191500665
-0.286186564
0.1696037147
0.3597828653
-0.6326763794
1.305462417
0.5518505394
0.3141893331
-0.7087907895
0.2724043808
0.8175704628
-0.1251530288
0.1273481741
-0.478172864
0.3194217607
-0.5919012487
0.803370446
0.09717114437
-0.6825225592
0.9038884968
0.04589858754
0.7824403554
-0.3060409747
0.9894272447
0.1930458881
0.9396175623
0.5517093498
0.8079280704
-0.09185182196
0.295368823
0.2494713414
1.540116018
0.7819061279
0.2664419942
0.9542623535
-0.1314252682
0.3817338638
0.3973146044
1.255015975
1.101253834
-0.5305406265
-0.9289027274
-0.3648114594
-0.933772561
-0.5598284274
2.792809963
0.01680227555
0.5796576865
0.1297282342
0.09959550314
0.4045068696
0.621502097
-0.2124973281
0.8371350646
1.181426644
-1.061577484
-0.187046248
0.0924181506
0.1686595879
-0.6658697516
-0.06244749771
-0.02564777574
0.8760912254
0.7874592572
1.231145689
-0.300052195
0.2583836216
0.005976578593
-0.07075571697
-0.3650778573
-0.2596674006
-0.5803372413
1.27635479
-0.1143916693
0.2653911259
0.1432321008
-0.3801503345
-0.6862211198
0.1870496983
-0.8672758609
0.5972150773
-1.011144754
0.595328936
-0.5631325468
0.0324033862
-0.7043654785
0.4105304368
-0.1101549859
0.5154374883
-0.3850917064
1.640548772
0.007129922509
-0.7805532962
-0.120788878
-1.027969134
-0.2520578077
0.3447384972
-0.9768516898
0.9767362267
0.2626840318
1.106068093
0.6490831286
-0.1929333769
0.3557623357
-0.2945958985
0.06416294537
-0.5530559853
-0.00283212252
0.2697780062
1.101284504
-0.5313253522
-0.5095884763
-0.6189120635
0.3422166312
-0.9570593566
-0.3539071888
-0.804747659
-0.1743048763
-0.2612351306
0.7963759854
0.06574683334
-1.13663379
2.963897157
1.213386211
0.9620767891
-0.2620613031
-1.189941835
-0.03210430387
-0.6713873044
-0.3823038466
0.503927806
0.001171541028
0.4045827791
-0.3573754974
-0.3814843558
-0.8999248564
-0.001041702926
0.02213668842
-0.4138580881
0.09900588272
-0.2599149449
-0.246282224
-0.006011676975
-1.496112716
0.3519250412
0.7907098785
0.005755325034
-0.3162614554
-0.1680298038
-0.1289057329
-0.5590319768
-0.07888871739
-0.9361053139
-0.171906531
0.7970717669
1.349905974
0.5816191711
0.8055671066
2.13458727
0.7610644743
1.363901737
-0.1034748051
-0.2689342584
0.04238598375
1.119850388
0.4644859836
0.2924321771
1.026924843
0.9848341122
0.1865684901
2.139858389
1.424092835
1.696630907
1.424005151
0.7822569489
0.01334184464
0.3085379532
0.1565158474
-0.6796527326
0.2461155406
-1.036055058
1.385285208
-0.4175803587
-0.9558455378
0.6398747958
0.5914773121
0.3006783721
0.2965939356
0.6387928039
0.05284933131
-0.6393834233
0.9364691734
-0.7326351821
-0.2764399533
-0.5400799409
0.0897827066
-0.2645332392
-0.6123644456
-0.07802032996
0.5011074692
0.8366793171
1.234531942
-0.2342310064
1.169488871
0.2812724708
-0.2457553957
-0.1918847099
2.054975599
-0.2066812757
1.210268727
0.1531711075
-0.536702548
-0.1703808427
1.879509765
-0.361914739
-1.037132034
0.1533878881
-0.1804227969
-0.1931484686
-0.8342349201
1.510001606
0.2935496874
1.001802187
1.092487949
-1.16128571
-0.02394910604
-0.2606390155
0.1188044421
-0.942241177
1.728056931
-1.131155771
-1.149790075
-1.242808655
-0.1022158397
-0.8090683252
-0.7746097594
-0.6117756516
0.8776443839
-0.6606149241
-0.4112619556
0.08453628365
-0.6092554897
-0.3451617688
-0.4097935446
0.244768568
0.5898273617
-0.2139055194
-0.379891644
0.8792724878
-0.2433235023
0.7560559362
0.2571736811
0.06343967281
-1.167993137
0.1976420837
0.9899228543
-0.3864691712
-0.9323751867
-0.7166992903
0.7863689259
0.1156886172
0.962988013
-0.6629878521
0.09717150498
0.6558636785
-0.3714657333
-0.557562454
-0.7588418067
-0.9178233951
-0.5713462576
-0.9189579695
-0.9870313585
-0.3999412239
0.2322347026
0.05516026728
-0.6982250482
-0.2042510729
-0.1752811447
2.338765508
0.6272102684
0.1789519811
0.8163613081
-0.4030800238
-0.8588582754
-0.6471015885
1.943291706
0.477331233
-0.2254492026
-0.4975067548
-0.8175740451
-0.6037591055
0.7266635209
-0.15393951
-0.3221634327
0.5294572771
0.5735905163
-0.1488956857
0.5819183007
-1.10411039
0.9966004789
2.374808276
-0.2530674307
1.957157576
1.604644364
-0.5834285229
-1.23030597
-0.3150840633
-1.235808793
-0.8198910296
-1.30036341
1.090118393
0.292629435
0.097182131
-0.7289648756
-0.1880937573
-0.8781613827
0.3627338134
-0.3145040322
0.4158022733
-0.1730655113
-1.039129645
-0.2581326634
-0.6215769008
0.2680031264
-0.139028317
-0.7360207587
-0.1814217754
-0.9511267424
-0.9787705421
0.3530636069
-0.8562758535
-0.7855132788
-0.1504569324
-0.6456520408
0.4705297068
0.05902986601
-0.6791229621
-0.1135548102
-0.5706850916
0.4219667147
-0.462081109
-0.6333946332
-0.1503027897
0.5788525894
-0.1636077307
-0.003438986465
0.4795917526
0.8930244923
-0.1190562066
-1.12829015
0.6242195144
-0.07975436542
0.6860087017
-1.107785875
0.7466183856
-0.8289939851
-0.313957971
0.08575566635
-0.2698386125
-0.08291707188
0.1950722859
-0.1656242963
-0.4146910511
0.2347901151
-0.1379939796
-1.201744607
0.293283195
1.123698089
0.6868724585
-0.2386283919
-0.5432196125
0.02672491949
0.4879044935
0.545476678
-0.4541523904
0.1255491208
-0.4694198757
1.143557835
-0.2600613933
0.6555204883
0.17582699
0.1919635981
-0.2055146135
0.1036067123
0.9550739676
0.4267478403
1.629491603
-0.1914053461
-0.3506386504
-0.08749279398
-0.4617495723
0.20972171
0.247435062
0.6830036193
-0.007282755524
0.4318812683
0.09509696993
-0.732220912
-0.113740561
-0.1140072076
0.9131710917
0.3080064507
0.2903955879
2.155368733
0.09609004054
0.9421521932
1.160333306
-0.5581239045
1.347798914
0.8934246957
1.068805164
-0.473174499
-0.4329348147
-0.1644458082
0.5867368996
0.3683496907
-0.03662016746
-0.8187448859
0.3468307667
0.3579962954
-0.8953692973
0.03214190351
-0.3429374866
0.2294469776
-0.06131708082
0.9540879697
1.836797196
-0.4629788831
-0.8451945156
-0.1713242336
0.7769815266
-0.6036098525
-0.6063089862
-0.21988688
-0.7307453781
0.4972429011
0.7128070995
1.036779433
-0.145672051
0.3497780286
1.011357504
-0.8625460297
0.8810964584
0.918465361
1.469197777
0.6386716217
1.14312849
1.699664336
0.05014457311
0.4370164648
0.01987221017
1.136448833
3.901271021
0.5189294539
3.073822749
1.545412055
-0.1127220117
0.968346718
-0.05646193698
0.4617091514
-1.026049176
0.381463355
1.283816183
-0.1890470553
-0.5525484473
0.5135324285
-0.7780259669
-0.05680109933
0.4526313508
0.2818941087
-0.3347137667
-0.0947037261
-0.8293301582
1.023712862
0.2280689843
-0.1566000639
0.5156706104
-0.03404893298
-0.9264068812
0.4724358067
0.1446154589
0.1953196244
-0.5881905735
0.2311810941
0.3939596362
0.05307242023
0.6019603908
0.01502682604
2.047767812
-0.8475599945
1.547828969
-0.1319874182
0.5798207596
0.9895354107
0.915121904
1.468978757
1.892801774
0.107551886
0.4520385356
0.1977703726
0.1983634029
1.191694894
-0.126254702
0.4953450272
-0.08198521426
0.2947735954
0.1562709187
2.826229268
-0.4572123826
0.7863802001
-0.2201725569
-0.1899352916
0.8252023518
0.5589784924
-0.665930596
2.003705579
0.6603739545
0.3125291331
1.193311051
1.240823397
0.1652164157
1.704273248
-0.5883875728
0.004291883763
0.1110269823
0.8441327661
0.7760774434
2.091776222
-0.1020201784
1.036047564
1.455095354
0.07273469511
-0.1517972928
0.4713477597
0.5918475851
1.513631913
-0.2941617988
-0.8847928077
0.3141221169
0.5286004476
0.970905757
-0.4789526507
0.4352670029
0.4474793609
0.5043863542
0.6172868714
-0.1435460385
-0.4622391805
-0.2385728378
1.371459204
0.008800632693
-0.6982616141
1.429072186
0.1173620422
-1.528475744
-0.2421454152
0.4954867629
-0.001528852433
0.700748603
-0.8961973518
-0.3764428936
0.9434661329
-0.3599155948
-0.6533502698
-0.05789874531
-0.1461289803
-0.8658171237
0.06731501259
1.006594953
1.56879614
1.099622411
-0.8021577656
-0.4079238236
-0.9070677102
-0.370067759
-0.2449985467
-1.035727534
-0.6067789227
-0.8743212432
1.068714017
-0.8165813148
-0.0971560616
-1.233362973
1.414162993
-1.115914902
-0.3577890169
-0.9171575248
-1.403353894
-0.03052867511
0.5249534838
1.207592085
-1.01900093
-1.35663994
1.933799368
1.799183601
0.05454486273
-0.3513860896
-1.114419344
-0.3178823315
1.619128412
0.6383476079
0.3538465597
-0.4102564923
0.06365595474
-0.5777706563
-0.44907161
0.2204789085
3.343317401
0.4846532859
-0.1135794684
-0.9350583732
-0.8290003449
-0.2753517527
0.4614475727
0.5683528714
0.1245976282
-0.6860583603
0.6000556573
-0.7143000782
0.04969478436
0.460853878
0.2589519516
-0.5714713603
-0.7999027014
-0.7914483964
-0.4255775332
-0.5544071093
-0.2602321215
0.0708161667
-0.2516980215
0.0842435427
-0.7686033815
-0.389714735
2.066776228
-0.007386092748
0.02118712123
-0.1232817423
0.4858084708
-1.196351922
0.007868751045
0.08512408298
0.3589250546
-0.8877739847
-0.3042570826
-0.9245835006
-0.845425716
0.7427096188
-0.812416181
-1.277475923
-1.279299814
0.02417268604
-0.7873441905
-0.834590736
-0.9547946423
0.5441554271
1.545087141
1.696810663
1.82576277
-0.4373261429
0.5727056846
1.303145117
0.1873254636
0.4812274925
1.049792382
-1.411790651
-1.043337682
1.007942948
-0.1951539254
1.244279322
0.3351437051
0.4495750278
-0.3349878326
-0.3372414082
-0.2904330149
0.7766361132
0.3215072514
-0.7285929382
1.94019866
1.891431504
0.9542150572
1.185413182
0.2799683634
-0.2916081075
0.3042053644
0.1032382818
0.1366247891
0.5086779341
-0.4116553478
1.10374532
-0.2967798956
-0.7727003589
1.184957318
2.417473757
-0.5893778175
0.3213594852
-0.3186985992
0.750466162
0.2284227093
0.7716684133
0.8960833356
0.5063106127
-0.6563636124
0.6582786009
-0.3121337928
0.1249193595
1.172666052
2.357071644
-0.1977256959
-0.1816147103
0.4922749382
1.458498406
0.6304287259
1.072164413
0.2071599206
-0.1446636574
1.182269067
0.8470025837
0.8884549975
-0.336563994
-0.5081034333
1.219096637
-1.436009687
2.420984203
0.2249677314
-0.7796392083
-0.2135619802
-0.357774125
-1.247581616
-0.9970726788
-1.37167834
1.505832696
-0.3501466736
0.6310007021
0.2747550521
-0.09845903907
0.4407259591
1.38194572
1.543748623
-0.2615595851
1.50500353
0.3427904733
0.19429726
0.9929222018
-0.1995580746
-0.4221159853
-0.9547987133
1.075694659
0.3048425794
2.124890584
-0.2555549577
-0.2080071526
-0.3619740888
0.0135497598
0.07850336246
0.3258332415
0.2426215623
-0.16887824
0.3113035336
-0.5209395096
-0.8070816308
-1.093190271
-0.6939926416
-0.1795563683
1.474451935
0.3936118014
-0.8498785108
-0.4695293777
1.454710889
2.237204283
1.196930364
-1.35629819
1.023585056
-0.005629185587
-1.033639085
-0.2230089049
-0.7436270207
-0.7244468212
-0.4718840972
0.5921223648
-0.5360001341
-0.7228186458
0.2728658538
-0.481685248
1.772855872
-0.5384812877
0.2786757499
-0.470247674
0.03839766374
-0.9556916565
0.4691067308
-0.4806054607
-0.294282677
1.180917889
0.2141996132
-0.6068721697
-0.01515675671
0.5080927191
0.2083805969
0.09633128019
-1.06996145
2.346641147
3.02697807
0.9657976195
-1.056149906
-1.320881951
0.7523837507
0.09876924846
-0.04249440227
1.190991989
-0.3121981669
-0.07866383451
-0.656238097
-0.6682037398
-0.4908063054
-0.2315360967
0.01094289087
-0.03688981552
-0.1475910794
-0.7954596996
-0.2656452719
-0.585495498
-0.1297187678
2.450092095
-0.3199350121
-0.4664017454
0.8244612753
-0.04239598252
-0.1732258293
0.3578887742
0.6540324308
0.006493816525
0.06035625697
-0.7231093466
-0.6616772026
1.112935653
-0.7603704855
-0.8019200653
-0.2585275929
0.5457683552
-0.4569631115
-0.3633520119
0.1979625155
-0.9165911734
-0.1313037114
0.2994553935
-0.6943131715
-1.063549215
-0.08991382858
-0.308772302
-0.9032761842
2.566347814
-0.4105092682
-0.2207330881
0.1123252278
0.4378402151
-0.3953842368
0.02648681281
0.5377888754
0.2422350824
0.7648540959
-0.01755966358
0.1536882963
1.280948101
-1.139987853
-0.306181976
0.66590648
2.340332031
0.581204845
-0.05776723381
-0.1714250335
0.08959510336
0.6884608656
-0.5048960742
-0.001674948446
-1.239847249
-1.067419475
0.399430627
0.07314423174
-0.8561699659
0.687793088
-0.1667657064
1.144399841
0.4809516981
1.120226043
1.345640641
-0.07248390834
0.01804958815
-0.2478536868
0.4056653159
0.1319320757
-0.7246971369
-0.8667160153
0.2983299429
-0.4976556316
-0.4534200162
-0.07377381604
-0.8722180188
-1.013841301
0.07473350745
1.396531826
-1.111745074
0.5281780481
0.529036063
0.4537078232
0.1603131564
1.787141162
-0.901562722
0.1460058259
-0.3329049438
-0.9164653569
0.3384870153
0.5280601062
-0.008203490451
-0.4997966878
-0.8397035539
0.3040244699
-0.7874645054
-1.022778794
-1.446273071
0.6478339091
-0.1801454689
-0.2823826902
0.7345731184
-0.9327590287
-0.741816169
-0.05885318881
-0.2162569905
-0.069564775
-0.38467305
0.3753350142
-1.010791489
0.327768534
-0.1150174636
-0.517215015
-0.09582663672
0.5236155502
0.0671884405
1.411356091
-0.0294219058
-1.244721258
0.1782097674
1.375484753
-0.6136287525
0.2706861044
0.9805213183
0.4936401956
0.9536252707
1.038622415
-0.02426979579
-0.09271364547
0.7844436526
0.3868931517
-0.5762833312
1.349665019
-0.4671909325
0.08461882547
0.2434399528
0.4211784195
0.08690438531
-0.08792112833
-0.6154677048
-0.6041329607
-1.089098781
0.723670195
-0.02303665727
-0.6262505129
0.8294779658
0.735137029
-0.7786221385
-0.387428014
-0.6911550939
-0.9873741418
0.4764910579
0.1760882443
-0.5360980719
-0.2387354089
0.7853161752
-1.084041643
-0.5942894638
-1.367942047
-0.5671737432
0.5437715769
-0.1029060032
-0.8721825957
1.236973912
0.3763325121
-1.080921125
-0.8956796736
-0.02635070421
-1.067730886
-0.1752382524
0.3549777165
-0.672731708
0.02546988763
-0.2604938164
-0.766993013
-0.1586615818
-0.01207085438
-0.05055462392
-0.291946443
0.4177009523
-0.5953719154
0.04428189239
-0.5359501496
2.604817301
-0.6996909767
-0.8515909404
0.6296635106
-1.223699126
-0.4180807091
0.4128116202
1.056691721
0.2806142179
0.296439524
-0.1953787643
-0.05875562374
0.9530337833
-0.7268527195
1.513205954
-0.2489460222
1.210472852
-0.2416748563
-0.1083203493
-0.8232192159
0.5098517122
-0.4096647128
-0.4594380423
-0.1420264879
0.5586091146
0.4563568845
1.61142869
-0.7932758957
-0.6065429479
0.0776258179
-0.3924530461
0.03139396813
0.7624490947
0.8218571529
-1.199491701
1.902628905
0.06460016435
0.08861497883
1.291148558
1.158381426
1.163149965
0.5752996042
1.248717684
-0.1643017551
0.6480132513
0.8215710461
-0.06171203172
1.779282188
0.4942704067
-0.08613292798
-0.08355438053
0.1346810164
-0.3908042677
0.04884248096
-0.6488768086
-0.9108863443
0.6365394548
-0.8055102527
-1.010338631
-0.6826306865
0.1180215988
1.072162592
-0.2420152126
0.06779830549
0.7399439588
-0.6700102031
-0.3895439409
-0.4721767843
0.003478371631
0.3475652646
0.3078547129
-0.01428384986
0.4946921181
-0.1099142214
1.081993803
0.5273933902
0.08496414116
0.8252832666
1.646227086
-0.3028809339
-0.4174511213
0.8485890567
0.08932187147
0.5560087435
0.4265493177
-1.60945918
-0.2544605782
-0.6466177374
-0.8174362749
-0.3974457715
0.6168728799
0.1322248973
-0.1532523958
-0.8248394504
-0.5721206576
-0.2751683016
-1.018636188
0.1621488818
0.01886205785
-0.04616471976
-0.1104157466
0.6367456004
0.4360608138
-0.1325926698
0.2088014022
0.4945897013
0.3262978004
1.459546059
0.4180033253
-0.4702242374
-0.1075877097
-0.3025363453
0.284986357
-0.8050003976
0.3347490571
0.4871677533
-0.1920374198
0.604540582
1.344511688
-0.2917993903
1.337431791
-0.05788504388
0.2421652786
-0.2097481813
0.2115332754
1.374097225
0.8532878116
-0.2588124823
-0.4769239195
1.046836039
0.3347938821
-0.1876974132
0.8234848619
-0.533104898
0.6739032477
0.4077865064
-0.318369386
-0.1040205594
0.02730568573
-0.8282161027
-0.4646251366
1.17154842
-0.5007317036
2.956814426
0.6587348163
-0.4143747076
-0.1709372338
-0.04206178812
-1.255657089
1.831876898
0.5468792498
0.2065418535
-0.8875715882
-0.06843211418
1.191836515
-0.0872707868
0.9773531109
-0.3986053102
-0.655395104
-0.1502877418
-0.03752889084
0.4880241223
-0.1446172239
0.754320541
1.948260528
-0.3022767439
0.2061601207
0.7254576519
-0.5613961071
-0.612540473
0.3151810113
-0.2021400286
-0.1698138362
0.2482022369
-0.07691094689
-0.7618747801
0.06477799406
0.3662908331
0.2157888524
-0.4667430669
-0.01500952514
0.5578704767
1.184558427
1.086274582
0.4985330723
0.3072152214
-0.325345847
-0.1025686935
1.221173635
-0.7549930185
0.1118455797
2.062226486
0.1159367419
0.6313089207
-0.8585012406
-0.2098643343
1.004975054
-0.2263269102
0.3684745677
0.6231207982
0.3446818409
0.7803199627
0.7873546898
-0.3837356307
-0.3309912659
0.07403322514
-0.274776951
-0.0756317935
-0.4311853722
-0.877037248
-0.1262287561
0.1709134765
0.8379921764
0.7530412257
0.6295483662
0.6591159835
0.3974308668
-0.380251082
-0.1503296699
2.798799473
-0.2686112992
-0.1752023935
1.547699746
0.1240143001
0.0819150351
-0.5564516783
-0.7482903481
-0.5971011236
-0.3098513776
1.49127413
1.252894911
-0.2058225022
1.158849698
0.8704918176
-0.1424242159
1.081106436
-0.1535274364
-0.2677083544
1.052649334
-0.4123044476
-0.2250877049
1.360249898
-0.7548440397
-0.2258044738
-1.131832367
1.533127129
0.3901277382
0.07645765976
-0.1270312779
0.5824238079
-0.5281465083
-0.3498400949
-1.060764447
1.458586833
-0.1075668825
0.2890565554
-0.3443420464
-0.3584378354
-1.121364522
-0.3708016492
-0.497386153
-0.4469406217
2.715839499
-0.5609038442
0.382689663
-0.2096990876
-1.033561236
0.5407447964
0.3389373904
-0.366563271
-0.7315909237
-0.4782131463
2.624308854
0.1996821862
0.920981732
-0.4622670349
0.179097248
-0.3296393208
0.4701351974
-0.1310539817
0.9913247257
0.8250091054
-0.5124856353
-0.6688068002
-0.5513164401
-0.5557481527
-0.3555046007
-0.7434482813
0.6287525371
-1.103163299
-0.6857259333
-0.8930793047
-0.7980510116
-0.5363364026
0.09380506519
-0.276180771
-0.3198901489
1.308607623
-1.030414334
-0.5844063044
-0.290320693
-0.4845451556
-1.118610215
0.5703318067
0.623572138
0.1344967487
0.2714662794
-1.132668829
0.675492087
0.01319021359
-0.5473985612
-0.6197139964
0.3168957971
0.5965099886
-0.6337895274
-0.5103321418
-0.8330903947
0.8124444723
0.4388032928
-0.3459901921
0.193962191
-0.5507250443
-0.628113544
0.5373734273
-0.3215307541
0.5976699371
0.1041364705
-0.1625336276
1.076173705
-0.4561558194
1.308909315
-0.6241303042
-0.1566015556
0.889242506
-0.8114880919
-0.6046511412
-0.005457913782
-0.5585702404
2.026058882
0.8334645748
0.9843127549
-1.314694875
0.08533011074
-0.1126294218
-0.1397021342
1.471158484
0.1490480687
0.05271363258
0.8983299837
-0.1455851698
0.5216972627
-0.7939901501
-1.301784068
0.592406109
0.6480833173
0.03943824973
-0.8690497398
-0.192744306
0.04490516474
0.5822373226
-0.1961347677
-1.327305865
0.002041568607
-0.04393754071
-0.7679553434
0.2941678466
-0.3230692539
-0.579297398
-0.317434258
2.760744667
-0.3389368793
-0.25935954
0.2772964995
0.8929780871
1.250240076
1.506282541
-0.1887744965
0.6593923986
0.07531137075
-0.8519245178
-1.16563364
-0.9494332105
0.1688327709
-0.5529486775
0.722210294
-0.8047174588
0.5716520324
0.3884012833
0.2024410635
0.003499828838
1.964551288
1.474229789
0.5314618699
-0.8846220553
0.5426526085
-0.466327244
0.79099489
0.2580860315
-0.2248740548
0.3915328793
-0.8643980443
-1.037471893
-0.06444337964
-0.6356888637
-0.709918949
-0.767996566
-0.1189300958
1.022810808
-0.05127147734
-1.45306766
-1.249416631
-0.5436361276
0.2258469967
-0.1165854402
-0.211839143
-0.7527122796
-0.8243831217
0.1203820676
1.063779089
1.040516099
0.4281445697
-0.1745778613
-0.57821275
-0.82025491
1.705754942
0.388645792
-0.2752482675
-1.122271976
1.83108303
-0.9740013033
-0.3129497226
0.4402775735
0.3225373711
-0.5836663172
0.594440183
0.04527878892
-0.2124008222
0.7477472886
-0.6166329503
0.2270690002
0.0707618468
1.765519392
-0.53548657
1.212076747
-0.5603479847
-0.6290079698
0.5319830611
-0.06465910003
-0.8286958843
0.4207298778
-0.07658799766
-1.077752045
-0.8056705385
-0.8256110221
-0.1309561528
-1.396437591
-1.085482609
-0.5749118403
-0.7882201776
-0.3998202192
-1.006701234
-0.09627855532
-0.8482280165
-0.7844834507
-0.03544741869
-0.4004918559
1.39772822
0.4625014443
1.420171613
2.007003182
-0.8146425217
-0.3984701587
-1.296258754
1.075581437
-0.6365023673
-0.3730741296
0.03492028224
-0.4495759472
0.5727212995
-0.04141404256
-0.1842583563
0.1535692843
-0.9109912395
1.772218037
-0.5486807153
-0.5479406208
1.837391317
-0.01850963295
-0.6039919838
1.051527399
-0.9937164247
-0.5115488924
1.887974942
-0.3950720459
-1.291768387
0.2741825255
-0.8423145235
-1.060738218
-0.07474512882
0.5896436132
-0.6831181437
0.9561600178
0.2587769395
0.2587151721
0.2573278739
-0.6982519954
0.1439840359
0.2442629769
-1.225832558
-0.1635736115
-0.09258126095
-0.5818193018
-0.7736632556
-0.4337356836
0.09182029162
-0.1881783837
0.206680766
-0.5028590307
-0.921091789
-0.2256813584
0.3615387689
-0.7716962159
1.195947397
-0.8183401048
-0.313343557
1.124111432
-1.326307201
-0.4879442275
-0.2624671462
-0.8837195098
0.4402457619
0.3170770798
-0.04609625938
-0.2106241766
-0.05948555539
-0.0006218565628
0.3819431663
-0.6921536118
-0.8358216852
-0.5105858251
0.3540698869
-0.8327605724
0.6465672597
0.2168906362
0.3750032531
0.5830417827
-0.4416051127
-1.246866095
-0.03726284914
1.74409489
1.231800851
-0.7721823275
0.004633311834
-0.08133689091
-1.151269013
-0.5094708979
1.238525328
-0.6675877154
1.339509758
-0.3605196103
0.2558243839
0.5268660881
-0.124837861
-1.168453526
-1.190452409
2.459327447
-0.6935534656
0.3022927232
1.464288622
-0.2603166178
-0.4277907468
-0.9681362122
0.328102766
-0.988095516
-0.1442361003
-1.154257691
-0.7302659541
-0.3078382112
-0.6794059783
0.5124997303
0.2581290402
-0.2649618916
0.8344812185
-0.9093511105
-0.6519907847
-0.009536282718
-0.8519280136
-1.179973012
-0.07010809854
0.07768071648
-1.025168136
0.02449761052
-0.7135636002
-0.6442521945
-0.1638984991
-0.3867358305
-0.43446512
1.087429669
0.3025685076
-0.4376242206
-0.704004626
-0.715796113
-1.418771356
-0.2129333481
-1.103851256
-0.5646585464
-0.6177168369
0.1009282023
0.8310571313
-0.7135754734
1.253048486
0.7035301045
-0.243135142
0.2487778299
-0.7754800692
-1.003274074
0.0124063029
-1.292941067
0.08489525858
0.1520241404
0.2373558663
1.559334868
0.767194514
0.3758485984
-0.5938996479
-0.3906390175
0.1951663111
-0.05012085577
-0.7608728707
0.200144827
1.967824513
-1.164642376
-0.5099397406
-0.7598194182
-0.5329272509
0.1593823163
0.6439810112
-0.1829251224
-0.1682877369
-1.380622393
0.8100334197
-0.4723363325
1.185357744
1.873770672
0.7864818141
1.482086068
-0.692669566
-0.1250680119
-0.6888267547
0.8910529494
-1.072927359
-0.7433202773
0.5162782937
0.7478683114
0.299501502
-0.5208869472
-0.5675294742
-0.0386782473
-0.05069740042
-0.3228896067
-0.4470317908
-1.208992541
0.04130770173
0.175034056
0.2773656022
1.669532478
0.1840992657
0.9099119931
-0.3118640073
2.325857356
-0.3092584573
-0.5059310421
-0.4115998447
-0.8511101633
0.1647932638
0.08948819616
-0.0469306685
0.8601021975
-0.1911275188
0.3811750516
0.3561249562
-0.07066327333
0.3343843127
1.371041965
-1.069935158
-0.1835320964
0.8701717168
0.2608602423
0.7022087842
1.396670231
0.2671532543
-0.4253754459
-0.02182957032
-0.9343399942
0.1374163585
-0.9790175259
-0.05008951686
-0.8812178999
2.131256682
-0.6897657871
-0.7215568185
-0.21376031
0.2433075449
0.9528321519
-0.2464285158
-0.148472171
2.491843754
0.2948056641
0.9531014979
1.176467028
0.7450699672
-0.1133053049
-0.1136731623
0.8234903648
1.496387351
0.7020977721
0.5555333242
0.5897817113
-0.5676191688
0.005491936766
-1.211818755
-0.5792017445
-0.6758724868
-0.3398675349
-0.2905786781
0.07179272212
-0.6039961517
0.07496396787
0.6709595442
-0.7431970298
-0.498985213
-0.4951195791
-0.8827151239
-0.2469823025
-0.775009045
1.165256384
-0.01909986855
-1.075647491
-0.2978518687
-0.1636874849
-0.8572379291
-0.06282699602
0.387406747
-0.00242488673
-0.1508647144
-0.5900094166
-0.7626021698
1.166578826
1.320600525
0.6561131619
-0.7019119114
-1.121114415
-0.6057250038
-0.4583301365
-0.8169062078
-1.302485251
-0.4214377135
-0.9708410978
-0.5848676324
1.644167858
-0.5120303378
-0.1780036496
0.1951133676
-0.4390400678
-0.6477539062
-0.2996629141
-0.1531442709
-0.5455838993
-0.411908222
0.1980492484
-0.3902433325
1.529372633
-0.1482336305
-0.4436593056
2.648373687
0.8643849805
0.9997414261
0.09502923684
0.1494110711
0.8136923864
-0.1582549939
0.9672817737
1.791831815
0.8432504013
0.1418444684
-0.2775357388
-0.2676799517
1.049386394
-0.1891320676
-0.4241915993
0.1479043977
-0.832085067
0.4780947909
-0.2956064858
0.9304006785
0.1353721866
-0.7579621047
0.00238661347
2.065157866
-0.1921909612
-0.3152343579
-0.4117498033
-0.859568584
0.1284261655
0.8755045831
-0.1577681327
-1.070582068
-0.2895579353
0.1425103081
-0.9824919522
0.5230020091
1.310491312
-0.0918137446
0.1775742112
1.529892603
1.264226067
0.3397795729
0.6433061995
-0.08090892141
1.170898446
-0.2678689308
2.416833019
1.810797691
-1.079182553
-0.4869949445
0.8895164654
-0.5171839803
-0.3653812997
-0.06422867905
1.681040674
0.6883516416
2.810063899
0.1378095108
-0.56650417
0.5479253493
1.941594565
0.5797630711
-0.651067321
-0.0825764915
-0.4399530977
0.660056676
0.3173848967
-0.1736924702
-0.09673471916
1.112892234
-0.541850923
1.951480484
-0.5243521482
-0.835365051
0.2311489275
0.8564657837
-1.191603398
-0.03930195402
-0.8368860483
1.036242712
1.134198734
0.9796909072
-0.5481389686
0.1819077967
0.8451760322
-0.4025075875
-0.9062748522
-0.1157357456
0.9241983384
-1.09751265
1.175775078
-1.157842377
0.6343909845
0.7771988451
-0.05980804805
0.8368429422
-0.6212798893
0.6609065026
0.7136763409
-0.07054601498
1.643322444
-0.5220834374
0.8293212358
0.9863473952
0.9479896694
-0.2066884487
-0.00323364716
1.543312922
0.9576697707
1.383835843
-0.1966497262
-0.7783427477
1.767108166
0.8722503006
1.101152265
-0.9048748374
-0.453602761
1.853664494
0.02125832103
-0.2140907712
0.06716227406
-0.009128181823
-0.8518550545
0.652020441
0.01807191386
0.7478189602
1.169348785
-0.4429185204
1.899593949
1.330324626
-0.4317543224
-0.9355003566
1.081350437
-0.6695188195
-0.0782044448
0.005587499402
1.503739375
-0.5023435645
1.010494447
-0.3814646259
-0.1438471812
0.5032161305
-0.1543318709
0.9375272423
0.04882986164
0.5070228517
0.959151116
-1.098398614
0.06668101549
0.9101099893
-0.3506123707
-0.5320386678
-0.5349600822
0.1961411599
-1.121329984
-0.2050648134
-0.2884591145
-0.159423358
-0.06625687201
0.3523954075
1.462471777
0.7129961148
-0.09315845137
0.9855451852
-0.6323033094
-0.2878310923
0.03553624926
-0.6390132725
-1.138256761
0.9748988718
0.2789183937
-0.349482356
-0.8122346446
-0.3501098372
-0.5346530527
-0.8873939276
-1.349932063
0.5085154451
-0.1568835102
-0.1695881166
1.248413797
1.096187818
-0.778178218
-0.6376072764
1.133148557
0.5295587949
-0.5256210268
0.3463609629
-0.4981204212
-0.2195219051
-0.4327617586
0.3842517011
-0.1426496286
0.205092578
-0.6243643418
0.593667417
-0.1069599629
1.186892429
1.692083961
0.4070122361
0.4541314313
1.033527756
0.3777771596
-0.06264187843
0.1315485193
0.2589361679
0.2690334318
1.803083017
-0.2122395925
1.369256702
1.541050977
0.9766548663
0.02779093646
0.0277271023
1.240639013
2.176146907
-0.5475464255
0.0148714181
-0.08861149866
-0.147642285
-0.4473704498
-0.442435316
0.08827824639
1.587885505
1.667071798
0.7669555396
-0.1653194412
0.5863397241
-0.5137612179
1.071532619
1.991099858
1.19450044
1.376886451
2.1504906
2.43293575
1.960766309
-0.4252599321
0.3438686118
-0.7366214573
0.2280392346
-0.2759008795
0.3528398553
0.2165905185
-0.3560549349
0.349987114
1.061016336
0.4999074109
0.5944786087
-0.9037375152
0.453561984
0.1050413456
0.3191810997
0.2399416052
0.8534966499
0.3471239993
-0.3972580492
0.01113817571
-0.0914955521
-0.04855039213
-0.2086877594
0.6674813511
-0.3389999315
-0.3343899559
0.9103187054
0.9191239059
0.1490216577
1.264214519
0.6819334909
-0.9657242924
-0.001358559635
1.05765169
2.020914441
0.7588116676
-0.3343474671
2.60790714
-0.5548616156
0.1025968242
-0.137513439
1.197659534
-0.2162290374
-0.9001220554
0.6215910591
0.7970405132
0.1706607468
-0.3811142661
1.643170393
1.466330236
-0.6350092858
2.057374042
1.148239285
-0.9742688209
-0.8525299937
0.9337111384
-0.3797911048
0.3143511092
-0.1156470647
1.610489839
-0.1216608192
0.8669406503
-0.7975318581
-0.2504820555
0.5642069981
0.1301068221
0.3774971077
0.4790596589
1.216986126
-1.153936189
2.022733307
-0.7522358
0.1286412768
-0.0009644348174
-0.2129688514
0.2951750161
-0.1428569054
0.2770082328
0.4743919147
1.014182714
-0.05749703422
0.600938499
0.4063493337
0.3060183972
2.172495258
-0.994138819
0.5295917496
1.18978878
0.7118497044
0.7782493219
1.453932759
0.139509033
0.2612542789
0.984002614
-0.7541196957
-0.2061894212
2.92695893
0.5481948942
-0.0537667267
2.008463132
1.020989543
-0.3112138277
0.2900555716
0.630736167
-0.09596782019
0.6309323117
0.3000389766
0.621068533
-0.03041667789
1.100564393
0.2054227225
0.6632040277
2.038101542
-0.2972319938
0.4151823529
0.1464942098
-0.4214038655
0.3340887081
-0.7849481672
-0.4125412509
-0.4140872613
0.8452337891
-0.3845766336
-1.317170316
-0.2088971769
-0.1910740895
1.097396377
0.9195571452
-0.108113916
-0.02307285666
-0.2606919991
-0.1471597444
-0.071499772
0.2689710673
1.817984003
1.034925404
-0.004448182136
-0.1620670542
1.452129152
0.2386975322
0.35661775
0.1534911798
-0.5249011219
-0.8831832886
-0.0784914616
1.544777489
-0.5884032831
2.322857159
1.155370316
0.02984058484
0.2491129007
0.5802952304
0.8200422615
0.9872838706
0.117897376
-0.05080868192
0.6286781684
0.07310894094
0.6882620096
0.1250965259
0.9638068765
-0.4038579673
0.02030871511
-0.2469564036
1.283074659
-0.3410159271
0.3664347143
-0.172886838
-0.5319821641
0.02095325429
1.044667774
0.2863668532
-0.2566099072
0.04187046736
-0.4338259876
2.756375533
1.29957177
-0.328456331
0.1922374436
0.1359251356
-0.9399005473
-0.5028677844
0.6455187991
-0.1449286735
0.1619454477
2.63591485
-0.3570212843
-0.9424242824
-0.05696547218
-0.1302987345
2.340634876
0.4579952754
-0.6342655808
0.7323764622
0.5028127573
0.0005912402645
0.3643564157
0.8581853509
-0.4559584647
-0.2141075449
-0.01159219909
-0.7052758589
-0.09739936776
0.9400702745
0.8720044196
1.09910492
0.008282221016
0.144476926
-1.306957233
-0.1554201253
1.243308896
-1.069230515
0.2308881257
0.01976147499
-1.401116079
1.890695441
-0.9272801459
-0.1710565042
1.312220731
-0.1426067587
1.274943325
1.35738031
-0.1806165047
-0.2219687534
-0.03090840895
1.63832975
-0.2494014713
1.108774915
0.0004536285996
0.04105135854
0.3005311715
-0.2247140855
-0.262850827
1.958613086
-0.0100233038
0.3127162285
0.09063266963
-0.8607705504
0.155954089
-1.068958953
-0.0823209133
-0.651668562
0.1679007034
1.710327756
-0.7790787607
-0.2969136804
-0.7054331928
-0.3514915437
-0.5558344766
-0.6189199924
1.695924816
2.40086652
-0.3318490878
-0.9908795446
0.2694541359
-0.2205221655
-0.02195889149
0.2631887728
2.044114405
-0.6682448491
-0.6401957884
-0.4599256255
0.2005246577
1.430917773
0.9496798664
-0.3071824543
-0.01904472024
-0.2517462995
0.3297353424
0.2887331894
-0.5750401214
-0.6845271394
0.5441720352
-0.2540661357
-0.4707188576
-0.3150611877
-0.5548614472
-0.05507964194
-0.6940395534
0.09573754482
0.9454618543
1.164965432
-0.6604652673
0.7161613867
-0.7621452957
0.03412519107
0.1133450742
-0.3871050715
1.437603745
-0.02756513152
-0.4386875317
0.6988956958
-0.7099753678
-0.06921387408
-0.5621308118
0.6794745117
0.4171529252
0.8894031987
-0.6762661368
-0.1713701429
-0.340455823
0.6060857192
1.187122285
0.06569213616
0.5855128087
0.7609354898
1.071177182
0.01197045282
0.4201786011
0.9378762126
-0.1900183346
0.193052342
0.02245057821
-1.198143676
-0.710179612
0.6337467581
-0.3247984208
0.1356151273
-1.041141593
-0.6271823838
0.7925944343
1.241037545
-0.2364402745
-0.8494242609
0.5004334826
-0.3754857227
-0.5018922068
1.261619046
0.933999005
-0.04660323011
0.9831336379
-0.2797599666
0.1362339539
1.302901366
-0.7211112589
0.7486563176
0.6018329054
2.422485918
-0.9530598581
-0.2267120469
1.741585517
-0.2576600486
0.5525104631
-0.6161334395
0.3999671323
-0.3805424195
0.3680191275
-0.2622845609
-0.1561738944
-0.03574812952
-0.9351628065
0.917103
0.1304662696
1.670818818
1.13340559
1.590266314
0.4560508527
0.5301387884
0.4577511333
0.2593011882
-0.06143394914
0.5617750525
0.4986669529
2.445127517
0.07384739779
0.2104955089
-0.4178593352
-0.05883618658
0.371085804
-0.798369348
1.76085372
-0.3855324641
0.09606338707
-0.5002215356
0.214362996
-0.009524983121
0.4675232373
2.036690325
-0.5292077407
1.497140235
-0.1856442576
-0.4007145196
-0.3176250838
0.5607620105
0.6592316344
0.3252329195
1.205565256
0.1038025022
-0.1677915672
-0.2714723639
2.291540939
-0.0981500457
-0.2108598508
-1.071957734
-0.6431167215
0.0476000336
-0.4920690224
-0.529535611
0.9825376689
0.6070620984
-0.6719397694
0.06056522448
-0.7878439903
-0.6214198396
0.3216479801
0.04133439837
-0.5568594277
-0.2274127349
1.382900846
1.832320404
0.4292469732
0.1313694377
0.6454681635
-0.9468311995
-0.2425226375
0.7937090591
1.118593028
0.6079305202
1.383057788
-0.4640115514
-0.5695830017
-0.2924971506
1.598544788
-0.2103316348
-0.7301308528
-0.1339882496
0.7307236835
0.1090194404
-0.2142663749
-0.08628759887
0.9533078492
-0.01932984255
0.1700658098
-0.1716790777
1.340012902
-0.4843356457
0.1191276276
0.4668126489
0.2332496706
-1.297887301
-0.3197295846
-0.7949115366
0.2407972278
1.842688751
-0.2832297739
-0.1429972157
0.7095617324
-0.53518098
0.3823195953
-0.5084579118
-0.4377441853
0.370166821
1.357179564
1.275458437
-0.4280575447
0.1286594308
1.238796923
-0.938341555
0.05952166514
-1.087849012
1.266797829
0.3326876678
0.2618690367
0.7314881362
-0.2635691896
-0.8873392731
0.6239339702
-0.3236081488
-0.1716447264
-0.4469110742
0.7975356132
-0.1472524382
-0.5247192457
-0.3303599395
1.455503985
0.07913396875
-0.00545825623
0.9211816251
0.5417505503
-0.08902373128
0.370601768
2.311857289
-0.1179365851
0.6520810165
-0.4581821196
-0.4211206034
-0.6120508939
0.9874034464
0.4078848355
-0.3635910712
0.7860016435
-0.1739447363
-0.5982595205
0.2809000276
0.04897812908
0.5166652218
-1.078830129
-0.7499111414
-0.03498952575
-0.1336224927
-0.4023258023
0.8259178162
-0.4277255058
-0.5035755292
-0.64411432
2.933463359
-0.3445417926
-0.4368636787
0.1961226273
0.08259526459
0.9937009037
-0.8834238529
1.269252102
0.6660976306
-0.3374386668
0.1420922438
0.2118889907
0.09729462629
-1.104119703
-0.03825406712
-0.4174086921
1.643350697
-0.7627082556
0.5171589445
1.349902326
1.896045619
0.3038875126
0.9010828406
-0.144492558
-0.4712910011
-0.2815325703
1.088991427
-0.2381150389
0.1866012246
0.3512302417
-0.2164983623
-1.383498973
-1.186861911
-0.1678511348
-0.5680352077
-0.5203128263
-0.5712633267
-0.454219079
1.36250295
0.4106130173
0.2668314712
-0.2645027649
-1.048262116
-0.1738856895
0.03443810139
-0.6668589011
0.7019620195
-0.1803695563
0.4480627768
-0.5854757786
-0.7372239709
-0.1278976563
1.316870698
0.4723276526
-0.3872806996
-0.3259853177
1.675451082
0.1273456656
-0.01067510946
-0.8672621787
-0.2946065575
0.5858877406
2.148458806
-0.2743011594
0.7006854072
-1.240959483
0.4479336292
0.1930257984
-0.4840987131
-0.7317332491
1.027681947
-0.4093235791
-0.6757431313
-0.7907387793
-0.535894075
2.128945512
-0.6748005331
1.86228261
-0.659939459
0.05223330981
-0.6932452381
-0.2391028281
-1.021202412
-0.8818082154
-0.5586292297
1.793436044
-0.3080291677
-0.8822158068
-0.3914461806
-0.4226615965
-0.5026740819
0.7558249421
0.3279044622
0.6439534396
0.7012020886
-1.084600711
0.3617228676
0.6861932442
-0.030764574
-0.8193268806
0.6201922223
-0.2634991221
-0.1306434028
-0.5492132798
-0.5740637362
-0.1348538021
0.3805518826
0.7209387556
0.3942867849
-0.3600946255
0.4797740556
0.6171611242
-0.2073770948
-0.3641393572
-0.0199593477
0.4344639998
-0.3618374929
-0.2482859723
-0.7454375476
0.7766764089
0.8191044182
1.803548673
0.7105855539
1.048896512
0.7183559593
-0.2460176166
-0.9601099551
0.297338012
1.192657301
0.162690364
0.3081302915
1.845400882
-0.265408279
0.2240083167
0.08164663841
0.5713511631
-0.395468048
-0.03050796688
0.4410396941
-0.3281374909
-0.6611718297
-0.7767531991
-0.5591655433
0.01231809482
-1.14449327
2.116063648
-0.03264797777
0.7239833191
-0.1949765302
0.1840784447
-0.06007733718
1.546907806
-0.2926695509
-0.6769533575
0.1117738788
0.1889229007
0.2458663538
0.8713307232
-1.050065669
0.7575043231
-0.3254565276
-0.380841203
0.5882993111
0.7223559186
0.5032739587
0.979301472
-1.398202604
-0.1377445079
-0.2901531778
0.7553555101
-0.5310453221
0.936929369
-1.27442565
-0.2657232359
-1.293070614
0.1106520893
-0.6498221979
1.131926003
0.3521948963
0.26769653
0.3144978874
0.3297679735
-0.7283480525
-0.5897072524
-0.6826684847
0.8044351786
0.2479178857
-0.4942946598
0.626811561
1.397109708
0.4417776927
0.2245055399
-0.1983599838
0.1388195569
0.5378454268
-0.5850897714
-0.4531938888
-0.977989608
-1.130205184
2.692723447
0.7531633854
-0.4017365277
1.069764256
1.239205945
-0.7139451176
-0.7682059675
-0.3873194553
-0.7143213302
-0.8272823632
-0.7429519802
0.742601604
-1.134673476
-0.5492095679
-0.09205204882
-0.3728668153
-0.07791955993
0.08151063332
-0.2558146954
-0.4739317849
1.051671964
-0.2569726959
1.093639001
-1.229400909
-0.2989946939
-0.9313079089
-0.1943647182
-0.1342969194
0.262536933
0.8816569939
-0.6683978081
-0.5661627755
0.598221276
0.4007423509
1.619649649
-1.109059837
-0.9149180233
2.390311235
-0.4287973873
-0.8422128469
-0.06135282982
-0.2889585618
0.6143025205
0.7723410323
-0.1192062299
0.3416925915
-0.3615368925
-0.7546981364
-0.2304344608
-0.5634930432
-0.5537559733
-0.3081955984
-0.4507238612
0.1037651636
-0.6020370677
-0.02712821849
-1.115762517
-0.9697439343
0.7096110299
-1.412804258
-0.2381923992
-0.4353029326
-0.5451301396
-1.170806009
-0.03517529443
-0.6026920229
-1.273556733
-1.197564414
-0.1121588468
0.4923015539
-0.6035006359
0.887068443
0.07610524297
0.2503546674
-1.026769286
1.224486834
-0.354959783
0.2036492093
-0.6489573762
1.160123214
-0.0298381228
-0.2683223568
-0.9522918254
-0.6467354804
0.7151601613
1.661066729
-0.6909737706
0.1205438459
-0.6882463887
-0.1518360956
-0.4581773438
-1.089514893
4.04924531
1.620228231
0.3564412437
1.591153991
-0.4947020091
-0.3003477968
-1.102046812
0.666252023
-0.9826702803
-0.01129710902
-0.4135444015
-0.7224830717
-0.3284969218
-0.9407690316
-0.5359599084
-0.8504323751
-0.2104397237
0.02390260361
0.9012426719
0.1903491089
0.892711179
2.212913263
1.498154658
2.121479964
0.1930291709
0.2373929208
1.184359461
0.3009310115
0.4385618918
-0.3405265264
1.609241083
-0.9954137117
1.423898703
0.2426239593
-0.1476869646
-0.06442907513
-0.9999983728
-0.944151637
1.39917343
-1.091088983
-0.4221652888
0.1450533981
-0.3065053202
-1.070539635
0.1628328157
1.241057238
-0.1679867048
-0.9478942156
-0.8649631917
1.659751001
0.4170364507
-0.03446929483
-1.092763728
0.4713915031
-0.0002482626587
1.427108639
-0.6434555784
0.6436532795
1.321726039
0.2471166123
-0.1835406557
-0.164808986
-0.07991191652
0.7046909027
-0.1528089358
-1.110254142
3.066609073
-0.1809563212
-0.491470927
-0.9554159909
-1.152357501
-0.03745716158
0.2812407712
-0.9944785058
-0.8930935025
-1.125193381
-0.6538755655
-1.481333333
-0.7322738767
-0.9184397966
0.03328612167
-1.508853942
-1.663651812
-0.8266967416
0.2062065396
-0.994879365
0.1792161144
-0.381648802
-0.7917858392
0.5248256654
1.045788652
-0.05782519355
-0.7986627996
-1.62764883
-0.6590769336
0.2268144031
1.798053622
-1.011168545
-0.7104966879
0.2762244408
0.8313820317
-0.3599188738
-0.9641937464
0.02911235373
-0.8298030883
-0.3788687289
-0.7917282462
-0.4638039529
1.116229108
1.567423329
-0.3852336764
-0.2332490217
1.062710696
0.6096237689
0.5638857901
-0.4523948476
-0.4045946077
-0.3509526089
-1.439149344
0.3648756415
-0.2944096372
-0.08292041719
-0.1610236526
-0.2165265057
-0.7686954722
0.6591461301
-1.067029867
0.03352216575
-0.8737562627
-0.3081179522
-0.5385181114
-0.3695236176
-0.462831071
-0.1356861047
0.6235433273
-0.6003807843
0.2886863358
1.280014119
-0.3053394567
-0.1609722609
-0.05512024928
-0.4500271
0.006845891476
-0.9938667148
-0.5928155929
-1.385703444
0.5740838539
-0.7330358505
-0.7944807619
0.05135162883
-0.2087999985
0.1279519805
-1.025471425
0.6662945449
0.8916762173
-0.4634237297
-0.04260109439
-0.5236293018
0.1588816714
0.6315614924
1.340990397
-0.9735360414
-0.3283682987
1.089879353
0.4404697418
0.8581477404
0.08579603247
-0.6576151758
-0.1773535348
0.9722353339
0.9008853644
-0.7299730256
0.2292881601
-1.019131601
0.6741403982
2.031693405
0.02370899953
-0.3749224961
0.3594040658
1.018971786
-0.538855052
-0.05255750846
0.06295809736
0.5028859288
0.4782947097
0.4100442123
-0.2111109521
0.05151228849
0.09318109248
-0.214905595
0.9326390862
0.08751736726
1.266980264
-0.4597483322
-0.3289941207
-0.4381860755
0.1298062812
1.845257586
2.948546362
-0.2358566739
-0.4969612986
1.70289129
-0.8168984741
1.671979177
-0.01239793631
1.227071169
-0.5898997992
-0.07120111538
-0.3400754847
-0.3092958435
0.9949188828
-1.000437149
-0.2713711336
0.5488576233
0.7936380446
0.7404213428
0.2375363328
0.5114398882
-0.497076793
2.651985216
0.8629612878
-0.5467346117
-0.2214945018
0.06358706839
-0.2408722281
0.7669766515
-0.2443133239
-0.3499989361
1.175644311
0.5510595612
-0.4263829304
1.627612269
1.031664076
-0.09999761328
-0.3614834666
-0.7592336029
-1.066746297
-0.08149855174
1.708126479
0.4722853884
2.149672389
1.030772781
0.4041779324
-1.076082352
-1.414664006
-0.270575298
0.2249718623
-0.4710804895
0.2105928192
0.2990141608
-0.4461926557
-0.06544127231
-0.3290956847
0.7668252736
0.3950498782
-0.3302228823
-0.4137455625
1.403986079
0.9900774449
0.7771054745
-0.4147674501
-0.1145989299
0.7901840836
0.5288945332
-0.6921953335
-0.571431759
-0.5606602713
-0.5013823964
-0.4283229731
-0.7061046988
0.003275611997
-0.3344522452
0.4273921315
-0.2316055931
-1.256035894
0.3545307197
-0.638491118
0.7098908022
-1.138538688
-0.6781904161
0.9692706496
-0.5315711707
-0.07105065179
-0.5093448043
-0.4440694034
-0.1543057906
-0.4424950868
-0.3865922324
-0.9134463012
-0.4130635723
0.5036511399
0.1273938665
-0.105227467
-0.2148816153
-0.584455359
-0.3855619229
0.2845659591
0.5205863155
0.8065597907
2.755649358
1.458944511
1.220606899
1.013500825
0.4254053947
-0.0757485793
1.033887514
2.136081249
0.4742719259
0.9279234543
0.9177526176
-0.6227662086
0.2251615403
-0.1811050965
0.08348002099
-0.8805000007
-0.655271785
2.458081454
-0.8815646201
0.6083902732
1.93876456
0.3393113866
0.53125588
0.6742946915
0.2759639049
-0.012558481
-0.7410765022
0.9864439696
2.445001078
0.09449623413
0.3415332511
1.006091854
0.3135298766
1.763014895
0.7117447414
2.116765785
-0.3741502561
-0.2775981665
1.633027154
-0.7580076605
1.627439302
-0.2892487194
-0.1822911333
0.6842522025
1.354370549
-0.6675608337
-0.535444428
-0.04031533767
-0.1929760497
-0.2565124433
-0.09035899788
-0.4448685899
0.06387641095
-0.8327944577
-0.03980891425
1.957930261
-0.1845474783
-0.5420846477
-0.1210179712
1.092791685
-0.04674478136
-1.200941217
0.6919040576
0.02241713041
-0.4369408384
-0.253502338
-1.086944231
1.21478723
-0.1557695642
-0.85375707
1.799760264
-0.7245452791
-0.1264977079
-0.416481749
-0.5995952509
-0.6752541453
-0.1099864979
-0.6082089871
1.074354833
0.8389895767
0.797216925
1.238072163
-0.746488148
0.9192500651
0.1469306368
0.7051854968
0.7815624639
-0.2479666272
0.2348914582
0.4431440458
-0.4098522693
-0.4271273524
0.04440912176
1.081200615
-0.3393325895
0.9477267817
-0.1534267304
0.5329388499
-0.7103413165
-0.8394842803
0.130898874
-0.09039829504
0.2734860417
0.3630764939
-0.3880204238
0.2545026585
0.4512780592
0.3439586628
-0.2882299347
-0.883275184
0.8545103848
-0.4260417029
-1.355859834
0.1606494243
0.04936240576
-0.3066584088
-1.238871631
-0.1248433206
-0.1306239301
-0.1260209708
1.279301775
-1.081913662
-0.3840581328
-0.001550785638
-0.07984829172
0.1067460567
0.7967749014
1.124113071
-0.6066862538
-0.390443369
-0.6540345818
0.3344978318
0.5055652335
-0.1136015069
0.2403377784
1.393294975
-0.4189165778
0.4975651778
-0.6269964278
-0.3572821986
0.03363634907
0.08693231791
-0.8089239568
0.6319139149
-0.1479990494
-0.03677663766
1.046178362
-0.04061362222
-0.8529965818
-0.3089137617
0.1115622173
-0.5154396862
0.2649268115
-1.160782793
0.08705714662
-0.7764334857
1.028759176
-0.1916721955
-0.6729127407
0.643218933
0.03664463009
-0.493010357
-1.151389363
-1.403370053
-0.5505405262
-0.4995288499
-0.156009144
-0.4554241486
-1.32056483
-0.1130565923
0.03596843514
1.721801615
1.199258119
1.179383665
-0.6496432498
0.701475127
-0.918755579
-0.2810268456
-0.4380227819
-0.4926958308
1.502946162
0.9748248085
2.673246628
-0.08628368247
-0.4188438892
0.8571704194
-0.5616347373
-0.3891375311
0.6045928657
0.2330951268
0.6148688406
0.9873898298
-0.5328088656
0.8167948812
-0.1844305962
-0.8342066556
-0.5337728232
-0.9764793307
0.5018183768
-0.3634787291
0.09772656453
-0.2150763816
0.1209307548
-0.4087136775
0.2957272065
0.2032348128
-0.3194025964
1.39617807
-0.4132302582
0.6175764084
-0.5344010711
-1.065460947
-0.3873940714
1.082194701
1.006864028
-0.1128555769
-1.050186238
0.6538457558
0.8846360594
-0.1313142123
0.4657804497
-1.039554304
-0.07035669871
-0.3462249793
-0.915302521
-0.6455591828
-0.6882559478
1.696146289
1.801869899
-0.3496272013
1.74495278
1.615154266
0.3090489668
-0.640268445
-0.9145643443
0.2139314741
-0.7546736747
0.7585680425
-0.6903814167
-0.03249458494
0.3589129414
0.3618796613
0.03687068801
0.5650639474
-0.1368775155
-1.140163133
-0.5336323559
-0.6165364757
-0.2225724276
0.6439192012
-1.262779945
0.8743400663
0.01738994392
0.154209302
-0.2591729779
0.4630670629
-0.4721734524
-0.8437523395
-0.6399736151
0.7032339752
0.1107756302
0.3492243957
-0.4405125387
-1.179308629
1.533248419
1.192511517
0.6131913215
-1.297900659
-1.466224742
-0.2829587243
-0.02950992882
0.5080465078
-0.07654726543
-0.01955950009
-0.8412990361
-0.002410074696
-0.4431445964
-1.527888715
0.06983130015
-0.8608651578
-0.9630260915
0.01199393366
0.3472375683
-0.5456418931
-1.296916616
-0.2605661266
-0.3145172317
0.3274495479
-0.5809205636
-1.121082571
-0.06441648565
1.077437359
-0.1227792595
1.650098878
0.6829836458
0.7054900765
0.6849163637
-1.201757395
1.371059358
-0.7154545069
-0.5313114777
0.09993999377
-0.752351509
0.00220545046
-0.2670624055
-0.8507995069
0.1667208165
-0.05489279274
-0.6156553462
0.4470259771
0.1577358039
0.5355895862
-0.712422435
0.5098973751
-0.5244239196
-0.964250502
-0.08934170846
-0.4496751443
-1.544130188
-0.9286670476
0.8497122318
-0.7778883874
0.5016770259
1.262504616
1.433823833
-0.7880606979
0.3206840022
-0.5393747315
-0.9610854477
-0.01272391789
0.8384473607
-0.3949082248
2.000449544
-0.7647589564
-1.056481498
-0.4608761787
-0.06322302874
1.093415558
1.037127683
1.875803667
-1.012650025
-0.3904653713
0.3295946637
-1.290820995
-0.656568481
-0.8574237347
-0.2183412619
-0.1242355842
-0.2393735223
2.894278705
0.5844586119
0.5716475211
1.022247386
0.03217076892
-0.2425983787
0.1769353613
-0.7110751271
-0.3951651014
-0.6639661983
0.1162098693
-0.7273046866
1.103666781
-0.9146355331
-0.8011247486
-1.203034297
-0.8726148456
-0.4753223494
-0.7604334086
-0.2220040303
1.064093319
-0.04258200843
-0.1349249529
0.4586165067
0.9651561081
1.605347782
-0.3500376157
0.846155259
-0.5713858187
-0.06321280329
0.7805425286
-1.18910841
1.206422922
0.727323534
0.4789364167
-0.7482144117
-0.2486806668
-1.237457949
-0.4301533118
-1.01712594
-0.537786296
-0.8130868465
0.2040427987
-0.7391796663
-0.2450315673
-1.148651999
1.081064355
-0.140033919
-0.2941985182
0.1038097128
-0.7952103555
-0.9688033253
-0.4841731593
-0.2397641953
-0.9190558165
-0.02772699762
0.5136943549
-0.6850305811
-0.8528415084
-0.7642391741
-0.8714952886
-1.276941812
0.04096568013
0.6988519967
-0.5629269004
-0.6985987172
0.2023437205
-0.05693515479
1.144083282
-0.04469421846
0.5758504942
0.9599938333
-1.082094598
-0.2512020014
2.560107839
-0.5556781411
-0.2579240596
-0.2425664693
0.947780925
-1.497726566
-0.5653188348
-0.1111964013
-0.004701738991
-0.2654264294
-0.7556671679
0.5596262321
0.001669261977
-0.1778259177
-0.319033803
0.2971550434
-1.419527739
-0.7611312121
-0.9418474644
-1.265535438
-1.04814764
-0.1927148169
-0.348306606
0.2884820636
-0.4629451551
-0.4662346661
-0.3750039339
-1.222004312
-0.02500717058
0.9537878722
-0.5360353962
-1.372554719
-0.2535551228
-1.012791386
-0.7831647813
-1.493421847
-0.3041832671
-0.8041636765
-0.8567752063
0.2472775847
-0.4895505853
0.4195692172
0.2798689045
-0.4842868537
-0.646827437
1.103788638
-0.4346114468
2.942933953
0.9260948449
0.043040362
0.3746822056
0.3339873368
1.507397127
-0.9316053897
0.8997978762
-1.093986195
-0.1044974357
0.495846656
0.08635463379
1.839164859
-0.7878798276
-1.006822038
-1.106212515
-0.2457606286
-0.1691842693
0.6426131502
-0.5658981606
-0.5421712086
-0.6290683359
-0.6998185724
-1.275513649
-1.040423256
-0.2094376072
0.3763060324
-0.0302393429
-0.3631964903
0.002423209324
-1.266577238
0.6535142764
-0.1054892264
0.6369323108
-1.230347168
-0.7094303399
-1.685060304
0.05461583165
0.548866041
0.4300880246
2.251537102
-1.048833218
-0.4412237972
-1.222622973
-1.021523207
2.657785279
-0.2314831547
-1.284589559
-0.1117020163
-0.3726426408
-0.9099001288
-1.039655551
-0.07457347978
-1.021984601
-0.9057706863
1.893719453
0.2745087422
-0.5805569112
0.6705104217
0.3498287309
0.742623055
-0.4001179755
-0.6554191038
0.2514794304
-0.1213645313
-0.9441677123
-0.931582582
-0.06452631839
-0.9018467396
1.241804776
-0.346664851
0.556380786
-0.455733379
1.745525151
-0.05471405238
-0.6330586672
0.1137533993
0.4235774711
-0.2926713385
-0.365246623
-0.5758164689
-0.7019003719
-0.4346700013
0.3460365705
-0.4249752909
-0.5398408428
-0.2805149749
1.643972942
0.5797925606
1.03089356
2.714785773
1.821739674
0.9960608542
-0.04554618001
-0.3665833816
-0.2066918314
-0.2565202883
-0.59551557
1.658905232
-0.1879538039
-0.2887614533
0.2185207877
-0.05950886458
0.2076580537
0.176097377
-0.3428157717
0.2710668378
1.003134245
0.3823484398
-0.524869898
1.503502548
0.04837225191
0.4714334104
-0.6616786167
0.05929879099
0.6569454059
-0.9295765936
-0.195904941
1.525989446
0.01757398192
2.017734188
-0.6350486562
0.01836760025
0.4767184563
0.004753264412
-0.1542901568
-0.3941181421
-0.05207426138
-0.1549163081
1.454197329
0.5700810246
0.2974385843
0.4938064203
-0.1247648631
-0.7389115423
0.3398872159
0.1747649975
0.1476042728
-0.6211269945
-0.7274275541
-0.3020509474
0.3648228951
-0.04334624354
-0.9250010014
-0.6050961331
0.794642365
1.381069908
-0.3749049529
-0.1677118648
0.5851747498
1.133363491
-0.2409089799
0.4413431734
0.2440354458
0.1509284113
-0.6171396688
-0.4964799374
2.771479785
-0.9875460833
1.743791932
0.4449400239
1.242672488
1.411719984
0.7889702529
0.3117632983
0.133398159
0.1628317315
-1.06601609
0.5378193028
-0.2793784872
0.3993048012
-0.3599312695
-0.511033076
0.1754051777
-0.3682352029
1.983906901
-0.8536668688
-0.3874207556
-0.4071793452
-0.609076798
-0.007051761821
-0.6958253518
-0.1397634352
-0.5094060466
0.8217707351
-0.3849425763
2.321555942
0.5350380838
0.3336829938
0.003480278514
-0.4782926202
-1.378196329
-0.1805302059
-0.02982073226
0.114514493
1.051925439
-0.5610022202
-0.8105760098
-0.7002333462
0.7342901349
-0.1712365951
0.8562833995
1.47053045
1.255576509
0.572187604
1.610437077
-0.7855858207
-0.3631598577
-0.08314115927
0.3504927872
-0.7295243993
-1.118802917
0.3043500996
0.5973604754
-1.124084255
-0.3833217252
0.7504408166
-0.04932876211
0.1700922782
0.08701543491
0.0384616483
-0.5835342169
-0.2570893491
0.2597458823
0.04221834261
-0.6878532082
-0.7846814841
-0.4425028443
3.446386921
0.6126312122
-0.8302836359
1.151088086
1.849227846
0.8734967858
0.8204529494
0.3847753484
1.427477065
1.039775443
0.4170487612
-0.5714953467
1.286466501
-0.4629954919
2.018945289
0.2155436428
-0.8591418415
-0.5930177689
-0.172856757
-0.1150812773
-0.8397014767
-0.5795456499
0.2736407155
0.01394114885
0.4304094747
-0.4197624907
-1.070729223
-0.1622317847
0.6074003011
0.2461502637
-0.2420567568
1.243214771
-0.1670643155
-0.06000838522
-0.02466823105
-0.4713176072
0.1653278939
0.2330227116
-0.2348012879
0.1874836875
0.4492319636
1.975338012
0.5558686629
-0.6279720947
-0.5155137643
0.7867430344
-0.4144397415
0.6897788167
-0.6428379804
-0.9234087646
-0.1284224508
1.335163727
0.2667090083
-1.341259795
-0.8876095921
0.0002703180537
-1.175930077
-0.6668997109
-0.8853247732
-0.2203136985
-0.2743030582
-1.498349404
-0.7745098203
1.167899129
1.395178387
1.078640947
0.6784201428
-0.6586345896
-0.1500787789
-1.041953477
-0.5625882402
2.540342134
0.8153999612
-0.3834956735
-1.176939493
-0.9581098944
0.8707783282
-0.0727390199
0.5241337314
-0.4630863115
-0.3052769005
-0.8526944757
0.5132305874
-1.002507898
0.9166817874
1.105323863
-0.5369601443
0.5865612701
-0.4127805516
-1.024721152
0.03673921172
-0.2004964313
0.4431616738
-0.09274800401
-1.022732568
0.487084721
0.616889935
-0.08367768163
0.1946669104
-1.112679717
0.8065800741
-0.2511344079
-0.2307968465
0.4345250875
-0.1580453714
2.095665264
-0.1589252712
-0.06419606982
-0.0587432052
-0.6578205675
0.02030863781
-1.174750859
-0.503528706
-1.427004921
-0.01714989915
-0.8891178071
-1.078137141
0.4966942891
2.008170509
-0.6746067673
0.1456850443
-0.9798614115
-0.1320936406
1.000154725
2.470575464
0.2830090307
1.235735112
0.3740661487
0.05372009035
-0.5388068959
-0.2844845355
-0.2121786912
-1.021383443
0.2886340788
0.7422494233
-0.7045417547
-0.9835452318
-0.269897823
0.6908335537
-0.204036013
0.758887805
-1.054270965
-0.1756404013
1.607385957
0.03367924509
-0.4849318683
-0.3072153136
0.1158317683
0.3274563412
0.386223498
0.9268163621
-0.8001386613
0.01600856995
-1.049616134
-0.9456823945
2.148236299
-0.7200314388
1.681200713
-0.489540112
-0.5640387774
-0.199558617
0.4948471963
-0.04736888371
0.008265350526
1.867163968
-0.5019313499
-0.1101609034
-0.2808204927
-0.2718421265
0.7986628473
1.131641036
0.284114223
-0.5836186603
0.3923688985
0.8866186887
0.3110964156
-0.5324502885
1.588308269
0.09361069379
-0.2736726608
-0.9517425567
-0.9600615859
-0.3325002469
-1.138046545
0.08147835499
-0.6583029293
-0.2171893675
-0.0693068184
0.7680550128
-0.4376530245
0.3678121999
0.3574534275
0.9250365645
0.4992432997
-1.000278828
0.2929746097
1.086533952
-0.412764395
1.765700984
-0.18920554
0.2517561493
-0.8553775758
-1.083792931
0.484501864
0.9470480144
-0.4219566986
0.5695860989
-1.215093303
0.939081499
0.07853662209
1.049741042
-0.4301243357
-0.2978922959
0.06036589257
0.2041878423
-0.2760289736
3.384908247
1.739034265
0.7755130693
0.02854773365
-1.178401175
-0.6372152224
-0.9502751648
-0.5859990418
0.1829514264
0.5700229257
-1.060704333
0.1969087382
1.151975048
-0.9138588369
-0.445061782
-0.6228738785
-1.225003999
0.07215164043
-0.6219127476
-1.528581488
-0.6073410273
-0.2110086896
-1.436038518
1.651466477
-0.05637910143
-0.3778478377
-0.2769126859
-1.474863374
-0.7427999705
1.507174519
-0.8993485034
-0.3767889179
-0.3460453846
0.3823977558
2.237653679
0.7201824725
-0.2894518472
0.04651024956
0.8788132623
-0.6840942293
-0.7076484501
-0.8621611208
-0.3186585689
-0.931622532
1.21701633
-0.6858587593
-1.138111567
0.1350697869
-0.08342809777
-0.6936120689
-1.278889799
-0.9737769097
-0.3374855278
0.1772108605
-1.170475924
-0.9045132667
0.07191952998
0.1254471135
-0.628092654
-1.082960716
-0.6495415822
1.246569979
-0.5190838799
-0.390605206
-1.026409724
-0.6906954482
-0.6093013093
-0.1992431268
-0.8534502715
0.1364956878
-0.3317727976
-0.31433727
0.7197732776
0.1427617531
-1.08882603
0.09955449766
-0.2220718395
0.1908080803
-1.505434042
-0.274959594
1.536828166
-0.3581587322
2.49920975
-0.7496936083
-0.4580394097
-0.5781749919
0.388635117
-0.3195696808
-0.2581666438
-0.8178872436
-0.8975142926
1.095831648
0.5134522945
-0.3039994577
1.926352865
-0.2727284886
0.7517272368
-0.05030772053
-0.3688793883
-0.2443054385
1.672092259
-0.5576655447
1.288247147
0.823883158
-0.3174340982
-0.4243802756
-0.6314922377
-0.4226880208
-0.1915342359
1.636653376
-1.412819517
0.605154982
1.087048748
-0.3860944308
1.015726104
-1.181376696
0.1010644691
-0.1405207319
0.8176411912
1.114199892
-0.5698289216
-0.7637297422
-0.6144031987
0.7482819557
1.182370225
-0.3578893393
-0.9166925848
0.8604802504
0.2719625218
-0.7018970042
0.6440445438
-0.8803954512
0.4695524573
0.1324882068
0.7452395409
-1.446326178
-0.602795741
0.8059270635
-0.5822040439
0.5309309036
0.5536259547
-0.2307835463
-0.9245672256
-0.3184341796
-0.001294099167
-0.3791286521
1.060981238
-0.4307342216
0.5196039826
-0.8392423958
0.4771168385
0.01565728765
-0.4630787894
-0.07942829616
-0.8350601941
1.517363161
-0.8798688084
-1.235826296
-0.7490973592
-0.1428097216
0.1288234502
0.03426528946
-0.9861795127
0.1708690516
-1.210088664
-0.6524118781
-1.178444532
0.4666642909
-0.45397816
0.6371078663
-0.6571136385
-0.9659783721
3.092250466
-1.402293456
-0.6889654636
-0.6144988835
-1.017004204
0.08651057538
-0.4480344966
1.08888914
0.2071291316
-0.04646716714
0.02388763297
0.7998783469
-0.1968814418
-0.6408751398
-0.5187884666
-0.4104378723
0.2343272235
-1.036889756
-0.5732815817
-0.6806785688
0.06476144465
-0.2431280911
1.129665247
0.193298449
0.3914039416
-0.7893503338
-1.056830725
-1.003683659
-0.02222254351
-0.6269917488
-0.4347465403
-0.0786190547
-0.5537918106
-0.6241529197
0.2578383567
-1.005618212
-0.6105369851
0.2575977009
-0.3630742833
0.1112995422
0.09541259911
-0.8549728066
1.343733579
1.016782932
0.7052654006
1.419623899
-0.08332703784
0.4345609594
1.199747059
-0.5070284262
-0.03673301134
-0.2943229124
-0.001948662475
0.4858218325
-0.1496696871
0.3632699693
-0.681838122
0.02802575715
0.3258317672
-0.3166553527
0.7112535089
-0.09951276723
0.4067349005
-0.7238905817
-0.07748071766
-1.022133145
0.7138995975
-0.6216702297
-0.5792144135
1.308701068
0.01049674004
1.0983401
-1.030625021
-0.4861062974
0.3509868279
-0.5824351102
0.2089436626
-0.2173039
0.5724128291
-0.4938261166
-0.3455520526
-0.5657475993
0.05764527526
2.345967293
0.9876744762
0.6418721303
-0.03354890849
-0.6970311552
0.1843188586
1.816220576
-0.8930885047
-0.4812039629
-0.05134295356
-0.4032994993
1.067783964
-0.431900394
0.5415346548
0.8567450345
1.160077909
0.5019544661
1.444807434
3.270075977
-0.1514642333
-0.3567972012
1.407663736
2.171998912
0.614515084
-0.3388840735
-0.8398937285
-0.5264955327
-0.1942035102
-0.234287164
0.07003680523
0.3609475553
1.172800153
-0.3073195525
1.28389276
0.1723209545
-1.081229776
0.2589759931
0.8236575544
0.9682454795
0.5044158608
-1.335778224
0.2715579266
0.1144756202
-0.2676789418
1.32004655
2.658089185
0.6401695073
1.097723222
0.7027977034
0.6247469559
0.8431087524
0.5146828696
0.1442860467
0.1978184294
1.128072193
-1.143754575
0.6816437408
0.6169574525
0.1595427581
2.320498317
0.3259877049
0.1229066372
1.283557203
0.6105456084
0.4628565207
-0.2618299522
-0.1092825029
-0.4691018969
1.455559729
-0.2142716341
-1.604113591
-0.4735629827
-1.015507323
-0.3902415931
-0.07125143241
-1.15466491
-0.6388688013
-0.368156264
2.56077196
0.04796643709
-0.3728996068
-0.3706791475
1.100413771
-1.493257898
-0.4937064886
0.3872337468
0.6911493264
1.084575222
-0.6195294991
-1.046122226
-0.3346304476
-0.4753274426
0.01006716266
-0.9568507969
0.9843119323
-0.003657571552
0.1342187442
-0.3707975119
-0.7961164027
0.174521691
-0.6849274382
-0.6416885912
-0.02165247723
-0.1743050644
-1.045708519
-0.7988754004
-0.7528804183
0.1091452928
1.654255399
-0.1838394281
-0.9799969137
1.165918005
-0.5068251237
-0.8460484266
-0.7975670308
-1.032780448
0.9082147539
-0.1256847726
-0.1009639643
-0.2682233665
-0.3084850062
-0.4658220731
-0.7938483894
-0.8658397108
-0.2491719522
0.2619004229
-0.4698971853
-0.7907049417
-0.2709568806
1.321420258
1.036584413
0.03101591002
-0.2575326158
-0.711744225
0.2991539586
0.3433953106
-0.9450647593
-0.7294796884
-0.04072199292
-0.4301173821
-0.1266735084
-0.7191359818
-0.1633295666
0.05815141713
0.9755113631
-0.3689452313
0.1256874405
1.219590744
0.6038657125
2.752856219
-0.7167488545
0.4557113899
-0.4744746119
0.7536469638
-0.531742844
-1.328501278
0.8474651635
0.08294893
0.7449493334
2.076118457
0.3837501777
-0.7186822593
0.3584652808
0.2015646085
0.008672580775
1.275540705
1.880928588
-1.154341334
0.2225355551
0.323707445
-0.4570919544
0.5441268057
-0.160242737
0.7757078499
1.783771408
0.9535795793
0.8227031894
0.8165115446
-1.097052976
-0.9905070275
-0.8749306172
1.269510949
0.2802993091
-0.5506435335
-0.4657713115
-0.06683761124
-0.3721963383
1.193058068
0.1522489183
-0.4516003415
0.3389027124
1.633711496
0.5650534481
-0.1923577227
0.6617867604
1.348823875
-0.5690328568
-0.3310061704
0.4166516148
-0.1251958169
0.1371445823
-0.2109394709
2.515427703
-0.7462542146
-0.6419710934
1.512027451
-0.7585954994
-0.9186544359
0.7670250908
1.955534995
1.37684266
-0.3018689234
-0.3845731705
0.6292788595
-0.8965720326
1.09749292
-0.1292552011
2.051470518
0.3687532006
1.998143697
1.428552584
-0.2456034821
-0.3342221886
2.03012498
-0.1934075143
0.8949871659
-0.7559956446
0.5898067854
0.3415604219
-0.191236395
-0.5946034849
0.7542598985
0.7294919953
-0.7649459124
0.1659836247
-0.566789782
1.643173224
1.52244243
0.0436012445
-0.6947457016
0.1929911057
-1.020284465
0.5872800887
-0.9382159352
-1.059988365
0.04394552633
-0.7246567219
-0.7195087723
-0.9318632752
-0.5575102165
-1.046977559
0.4206358045
0.2439348383
0.4658206265
0.2291609762
-0.2219448078
-0.05298113208
-0.6246999651
-0.04058669917
-0.4512772962
-0.8689419746
-0.2584152766
-0.3338265814
-0.5411064014
-0.05969418511
1.833586949
-0.8548342437
-0.5589484408
-0.115945602
0.511129047
0.5345753554
0.567874147
0.02429995984
-0.1498728013
0.2116682827
-0.5220446378
-0.1748945728
-0.09539773874
0.4610141709
0.8336869389
-0.5842547715
-0.1125035487
0.8414611936
0.3963538677
-1.154513955
0.1021435672
-1.010466257
-0.6088622749
-0.6901354074
-0.2669909813
-0.856652078
0.7355719194
0.4336354859
0.6340752319
1.14104681
-0.0175257822
0.8259961389
-0.7260578483
-0.162847095
0.3559787032
1.059043649
0.2036271988
0.6825608224
0.1283738479
0.7036022723
1.255957586
1.576318967
-0.1129017262
0.4635154761
-0.7111171067
-0.7542260498
0.2835508682
-0.9416671097
1.369278425
0.05352187254
0.06558628795
1.629330572
-0.7060665965
1.260508862
0.9130321503
-0.1356413649
2.098072127
0.05040688156
0.8642897487
1.392444018
0.0009676001035
0.71032511
1.0500669
0.3748642996
0.03126083147
-0.7719717979
0.7818848118
1.359829816
1.594370192
0.008250550181
1.5007945
-0.001518438896
0.4697455712
1.038190624
0.7631297693
1.149049342
-0.2495704502
1.522306457
-0.4909707636
-0.09988644812
1.167779168
1.941510725
-0.372943835
-0.8461982518
1.499021253
2.035615063
-0.2151895426
-0.4224832103
0.09014776177
0.4691392317
-0.5026711658
1.154423907
0.5155203503
0.4260726653
0.8305994779
-0.05991429575
-0.3251378216
1.482307941
-0.1135986585
-0.3622038208
0.1680982621
-0.3927963234
-0.06889675427
-0.5129781604
-0.537558952
-0.5625556558
0.5450752683
-0.05177109493
0.7982716456
-0.04565708991
0.3145241044
0.9860371158
-0.005942894332
0.08305814178
-0.9009757608
-0.8720651895
0.879305388
-0.8562711418
-0.5858307809
1.037250961
1.244400543
1.379487103
-0.5342879519
-1.12225621
0.2852043219
0.8147371799
-0.7794278413
0.1931880422
-0.02821834385
1.955953932
1.964278263
-1.147851488
0.7985052004
0.8647412285
1.580060025
-0.1972732386
0.4674290679
1.5402951
2.560983795
0.6926842242
1.470883355
0.5700931169
-0.7744521946
-0.2295297936
1.77592575
0.02492424119
0.3560808489
0.6551499501
0.4204680488
-0.4317858741
2.46762135
0.353711998
-0.1714527249
0.6099321827
1.42091935
0.9154590771
0.2858306948
0.4872775584
-1.039496565
-0.9640281707
0.6529543936
-0.8360368222
0.906180045
1.026429737
-0.08982094545
-0.1314741816
0.05573617043
0.9475722045
0.4643307677
-0.4410814315
0.38376454
1.233657196
0.9711038023
0.1892212918
-0.6409765616
-0.003377244994
-0.4779444799
-0.1023507211
1.446207607
0.04903670214
-0.3047677103
-0.5202075824
-1.361181891
-0.003247374995
-0.8537163675
-0.3613862701
-1.114229023
0.903731069
0.2531363331
0.9367866516
-0.5568167105
0.3940963309
-0.4499762386
-0.3579041243
-0.1862809133
2.008457536
-0.5960551515
1.243701681
0.004477125406
-0.9293671548
0.3420220505
-0.3082512386
-0.0692070853
-0.2818227958
0.1271359738
0.1641051483
0.5168519892
0.6801889464
0.9530416131
-0.007268840075
1.091987118
-0.01363160666
-0.9691626847
2.377184635
-0.3126203343
-0.7768635452
0.8075076908
-0.9305115074
-0.02964379638
-0.7351100385
0.4957825765
-0.2793483466
0.8947581887
0.08037741352
0.6364179119
-0.8973793954
-0.2937629167
-1.079333174
0.7304318219
0.1428790703
0.9081984162
-0.9101109177
0.2364673844
1.82283704
-0.6166712165
-1.068026838
0.3278696952
-0.08943329789
0.9025473788
-0.2103430125
1.259082124
0.9617376685
1.93985455
0.4396115087
-0.7241367191
-0.9072815657
-1.029895443
0.0206294395
1.728668633
-0.0436445605
-0.1251702785
-0.1858577292
0.7599043168
0.1377268287
-0.5010863066
0.4912680797
-0.492111811
-0.3302548409
-1.465803015
-0.1773257045
-0.07741727019
0.6806461081
1.394164968
0.9609888852
-0.2421410985
1.083882016
0.2586333772
1.223795214
1.65766325
-0.1859211024
0.1201752809
-0.5109539449
1.912181091
0.2554847206
0.1694007205
-0.4748904228
-1.246544325
-0.3930564225
0.1693386913
0.5065216154
-0.8259602159
-0.377010709
-0.09317670707
2.47670449
-0.6410180032
0.3097826887
-0.2738854468
0.9839972585
-0.06422764533
-0.2901271015
-0.1222942141
-1.194665426
-0.5743153691
0.1997249153
-0.09397753701
0.3483371612
0.4537541375
-0.3721832534
0.6894323945
-0.5528420359
-0.6733691439
0.04545670263
-0.4895703331
-0.5199256659
-0.7125889212
-0.1670952199
-0.1251848165
0.5623130733
-0.2958216596
-0.5351746306
-1.259795761
1.097870216
1.143143234
-0.4835656896
0.7374738276
0.05414083339
0.7787652045
-0.01017108746
0.09995303606
-1.134963304
-0.9918276399
-1.251474857
-0.1694232678
1.200781038
-0.5795668021
-0.5433711275
-0.6931961447
0.3049706012
0.2517607815
-0.5462618649
1.266473147
-0.3605013922
-0.5576822728
0.4245180711
-0.1005572703
-0.1051753887
0.2173608991
-0.1371483939
1.871146977
-0.2049768016
-1.144543216
-0.5614412889
-1.267353356
1.362217456
-0.628574045
0.1468605879
-0.6458137453
-0.2927494921
0.29712434
2.202905029
0.8115687549
2.687029868
1.612527031
1.246278796
0.3323879577
-0.3852467388
0.852753827
2.608210218
0.1922380624
1.51615088
0.339555011
0.721707058
0.8214141503
0.3725688199
1.056121945
-0.1262525916
-0.04496641438
-0.4380452663
-0.1358972181
-0.1582889769
-0.2228500288
-0.5916066095
-0.3091386143
-0.848480618
-0.2750855908
0.1003286032
-0.01276279453
1.022769099
-0.5354630329
-0.2640103256
0.01571301278
-0.2944922537
-0.485259597
-1.197050506
-0.4106883539
-0.7817569256
-0.4641597301
-0.2424476258
0.09137131805
-0.04463031041
0.6888318978
-0.1672679868
0.00132095553
-0.1690448575
-0.3762091041
-0.4110816285
-0.2092009977
-0.1300631976
1.249080628
-0.3711526416
0.6156922579
-0.386553641
-0.7236147791
-0.05519585898
0.1930052828
0.6615284428
0.9435616553
0.04269063314
0.01107271668
-0.4926755562
0.5419703085
-0.1454253083
-0.3856198668
0.1600437513
0.3754169583
0.5318478048
-0.2968242116
-0.3384176835
0.3711770501
2.096093255
-0.4958554506
1.237238809
-0.1123358153
-0.7614059359
-0.09664184973
0.6602328017
0.09657804435
0.6943725646
-0.4913051873
0.5990573898
0.9106409758
0.7079616755
-0.3519991286
-0.9428077698
0.5392283924
-0.2364022078
0.7743711442
0.8416737705
0.506543123
0.9005805641
1.27220872
0.09783710651
-0.1856000172
2.48763079
1.004663861
0.9002244473
1.157073134
1.057430577
2.460518056
0.02252573981
-0.5531741768
-0.2279297136
-0.8504516155
0.1045594277
-0.1500302868
-0.7240499169
-0.02144396245
0.5673808917
1.003399929
0.512159054
-0.9604756266
-1.06285685
0.1217699856
-0.2555806786
1.311748362
0.04861299926
0.2207316671
-0.5837192282
-0.3102376238
0.6587073401
0.8661174044
0.3171774229
-0.224641332
0.08183910805
-0.1289947158
-0.4497933254
0.1744225232
-0.1767265417
-0.2473468212
-1.003036475
0.5161473731
-0.2822092768
0.02098685782
0.004121186305
0.0521273857
-0.4593160003
-0.3260842994
-0.6340870693
-0.4872049227
-0.622498329
0.2004107643
0.5012248814
0.01986477938
0.5761490323
-0.4098012656
-0.2673872352
2.043617913
-1.242252743
0.8124195188
0.01033630148
-0.6850247115
-0.6199517235
0.2448293481
0.1001668831
1.428362468
-0.09022828545
0.7508084774
-0.08470758274
-0.4607684702
-0.420882915
-0.4489944384
0.09682380776
-0.283261621
-0.3409621716
0.6916013941
0.2560093382
-0.3016904678
-0.1750796504
-0.7888979942
-0.279796499
2.045821899
-0.3043879837
0.4180675536
1.256234792
-0.1385675641
0.1154107234
1.754013169
0.1249673435
0.6622451767
-1.005181733
1.559329808
-0.1655677263
0.6623931691
0.09514407003
2.443790418
-0.005432617757
0.6511580586
-0.6000349313
1.182737076
1.681990105
0.4952365093
0.3493486697
0.1769113688
0.3698820487
0.5068877511
-0.5068097174
0.085172645
-0.1970954619
-0.2540287636
0.811296916
0.9993094862
1.808266121
0.8156850785
1.769208467
0.6722018555
-0.7351278037
0.08856186247
-0.414222046
-0.06475586672
1.473271626
0.5770504802
0.1851582851
1.435089308
-0.5074088417
1.208712935
0.4323916435
-0.3692739002
1.424347878
-0.2531730488
-0.6793938965
-0.2839743394
1.342432657
1.045717534
-0.1218739867
0.6261792436
0.4083792092
-0.4704410285
-0.367581144
-0.500169602
0.07976966305
1.606019273
-0.3256126929
0.4358641246
-0.6325831577
-0.6369593203
0.8405947283
0.4023725232
-0.394421716
-0.8864287645
-0.3429933861
-0.007925184071
1.375870478
1.272072336
-0.4387435824
-0.2697300851
0.3523711879
1.788090014
-0.5132033035
-0.5891451508
-0.1270847823
0.9472341418
-0.8258199066
2.151781648
-0.1970973527
-0.2372295935
0.2576537743
-0.03810260044
-0.8394315004
0.3604553725
1.562898618
1.496819624
2.018586344
1.630306208
0.9432849199
1.341459978
0.09121284429
-0.5480636686
-0.5525953844
0.6228092454
-0.2474746116
-0.3457097672
1.838658994
1.771148938
1.423572654
0.1021715402
-0.2144480407
1.88622309
-0.5388394818
-0.8154817194
-0.1026812797
1.516090903
0.25291622
-0.7354728699
1.961885339
0.427640821
-0.4094128236
0.3873426341
0.04861578569
-0.5709421322
-0.705088225
-0.1048602594
-0.1475187033
-0.2219740793
1.331921603
0.1802364927
0.3640091646
-0.4149813317
0.6408495873
-0.5518347353
1.330790344
-0.207240925
1.547648284
0.625497663
-0.7102398545
-0.02156647958
-0.2336947735
1.474220723
1.438702214
-0.4262478456
1.044104573
0.2538229775
2.519202846
1.3669305
-0.4059195578
-0.7252527982
0.4646511622
-0.4715516344
-0.2295045801
1.927512819
0.7172672167
-0.1835398715
0.8221248522
-1.537861377
-0.1733199343
-0.8181004643
1.2613906
-0.8274430692
0.3494929105
-0.2079452932
0.05742064836
-0.4433300816
-0.2013556227
-0.1782176357
-0.1088475378
0.3555922722
0.03408100754
-0.2886588223
0.9672991797
-0.4722208515
-0.2645962924
0.2448390278
-0.3735269442
-0.580349113
-0.3658770058
-0.4866001576
0.5612460598
0.2396660353
0.03268118259
0.02198047405
-0.429571487
-0.08390639403
-0.01618451942
0.1710058799
-1.000432327
0.2077817485
2.540474916
0.1659495186
0.4047692729
-0.08829702567
0.2900411386
2.031196064
0.8867285892
0.6831601098
1.312239537
1.03733348
0.9235246196
0.3733359693
1.592414525
0.9818881363
0.1165574726
1.269011617
0.9301541537
0.5573005557
1.024258697
0.3928514922
0.1455168981
0.2256113207
1.091400087
1.023283818
0.4447224945
0.7594800837
0.4493620632
2.015300733
0.4499717861
0.4454529552
1.186872178
0.566299846
2.064803308
1.792823458
1.661079291
1.598984516
0.2796876818
1.154158285
0.1310930323
0.7565396026
0.5273379337
0.5331609778
2.772107548
2.433020937
1.800910687
1.477242628
-0.1435542449
1.083244617
0.3039176051
-0.49569038
-0.02308830917
0.3794139985
-0.6287495211
0.954265511
0.6440473884
0.7149703033
0.9458872765
1.078964695
1.534624419
-0.5514312595
-0.5140560925
-0.6420341477
-0.05865322147
-0.02896172097
0.5917745396
-1.006383246
1.270167366
-1.24295041
-0.2020054873
-0.8212333947
-0.5521123365
0.3380568206
-0.5716138825
0.8064423025
-0.7466316789
-0.08831250537
1.064926863
0.7937482715
0.993309018
0.03323358819
-0.06813379331
0.568511726
0.4096562626
0.9661296174
-0.04361701752
1.766072655
1.47826499
-0.08670195532
2.138721222
-0.5612922162
-0.422395438
-0.09935451113
1.372762555
-0.8914528072
0.2958219865
1.225778517
-0.366011031
-0.62371694
-0.9717546821
-1.39966591
-0.6067520112
0.9520696849
0.06684826203
-0.01899639741
0.08841757048
-0.6308464617
1.815848559
0.1358088373
-0.6243428633
-0.05829342753
-0.1950510591
0.4203790281
-1.09838503
0.6228253633
0.235113471
0.02993033128
0.8397107624
-0.3175499149
-0.4131366849
-0.2277805168
-0.7049179524
0.2836140556
1.418888783
0.1205818728
0.7598712415
1.041578345
-0.6060660079
-0.1804724913
-1.061454764
0.3916508913
1.367941859
2.347720802
0.2778091088
-0.3613326885
0.3419589629
0.3896162488
0.4765238386
-0.8678896308
-0.6503030598
0.466921749
-0.6789588779
-0.5958609998
0.2845173236
-0.9479422361
-0.9273638576
1.287685454
-0.4609394938
0.2366649643
0.6880037054
-0.5098897666
0.81776288
-0.9631283581
-0.5710662484
0.443743559
-0.8855249614
0.7336637765
-1.063168398
1.531905785
0.1922490925
-0.8870202452
-1.246179608
0.4483976617
2.015696228
0.03709910279
-1.268176204
0.8892387107
0.2726673672
-0.1182175677
0.1886484988
-0.6103427842
-0.1459386604
0.2213668039
0.4179337685
-0.172756529
-0.2732924171
-0.2151841063
-0.2748304665
0.5863847785
2.685410351
-1.414956665
1.362954175
0.2402274787
0.01891931128
2.109340852
1.986014867
-1.342901063
-0.6172389135
0.8336770594
0.1195533083
0.1363495062
0.9168340608
0.9275371134
-0.8178940803
0.5272880353
-0.1989452582
0.660631977
-0.18669209
0.004832383711
0.3027533396
0.913084963
1.509861517
0.1134077913
0.723080036
0.2098732257
0.635034395
-0.6744948536
0.8654006809
1.846505427
0.6444924228
0.03336866833
0.6390526973
0.579203622
-0.6498179138
1.603630048
0.04035657449
-0.1766656894
0.3497254321
0.7545889631
0.9550870866
-0.6453812301
-1.237566888
0.9888972729
-0.7257029608
0.8911381721
0.3608744781
1.242955759
-0.2887684301
-0.8903349906
-0.5250305891
0.6345554315
-0.2220889188
-0.152148243
-0.6842954695
-0.1675054893
-0.2389076792
0.2194659453
-0.51640172
-0.4783959746
-0.1285286106
0.6283114858
-0.9280666769
-1.04048517
0.6511159152
-0.1369417317
0.6544581056
-0.1733644396
-0.4402038492
0.3558910679
1.625665087
0.0840435572
-0.9663749695
0.6106312677
0.4964886315
-0.5689767629
-0.2749523237
1.866514051
0.7181878164
1.134474719
-0.1173894949
-0.6578541711
-0.3263925239
-0.1320881773
-0.8155942053
-0.7802443296
-0.215863505
0.4897719249
0.6199554428
-0.5068974331
0.2079634504
1.62120755
0.2594754171
1.327436069
-0.03071754351
-0.6234721109
0.4294469729
-0.8244282573
0.09991567391
0.5922085091
-0.9817517251
-0.5403478906
0.6305512577
0.1159109624
-0.868697688
-0.03521198928
-0.830536887
0.641283673
3.394529498
0.5280748941
-0.7945147306
-0.5476234376
-0.1888460742
0.1269159266
-0.5660770014
0.08555878531
-0.4128578037
-0.2691779319
0.3327481784
0.8615614638
-0.6754857153
-0.7481667876
-0.4310719699
-0.562256363
-0.6430455387
0.1951297548
1.141010463
-0.01684218645
-0.3698605955
-0.6713298887
-0.02538252827
-1.070749751
0.9141736969
-0.1680262895
-0.1756488223
-0.7115904123
-0.7874877095
-0.2671758432
2.574034202
0.4401118174
-0.9587046474
-0.4891824186
-0.1591181168
0.6720209479
0.09004634959
0.395923461
-0.2810962711
-0.1920922831
0.1520565046
0.937133655
0.2088652985
0.8244005069
0.28136492
0.3934155405
0.9200662613
0.3776723534
0.2355495414
-0.1048219983
1.297435814
1.207720864
0.4312216679
-0.7317261904
-0.2723946966
0.2815881044
-0.4953505531
0.1929007506
0.9928419098
0.65692228
0.6250049368
-0.8134663075
-0.5475449786
-0.3964610904
-0.478673014
-0.1203051234
0.8751760408
-0.6272175759
-0.739274767
-1.329880452
-0.7451937661
-0.1902604733
0.6398475051
-0.6436509535
-0.1911083033
-0.4140423859
0.3407460351
0.3937612221
-0.2588253304
1.576515222
-0.04515910838
-0.6108440742
0.2784254372
1.155529323
0.06486433055
0.1463625287
-0.3444699869
0.551885426
0.156358631
0.6026509441
0.701446338
1.845072556
2.466915137
-0.2971105125
1.757879815
-0.2571547858
-0.2734857693
-0.2416618474
0.2045884892
0.6863311291
0.8855873942
-0.6404993996
-0.1124587323
0.02963341638
0.2995422037
0.4565572137
-0.6281422138
-0.6689476416
1.114170822
-0.4259741947
-0.704484117
-0.3319432527
-0.6826147318
0.3512619819
0.04682764835
0.2455117775
2.264690727
0.8693692338
0.7176585674
0.5153781334
0.7631013766
-0.1934804808
0.07438617311
1.220800877
-0.04666632507
2.161356592
0.4592931889
-0.6422976524
-0.3294140361
0.9729854733
0.9155389801
0.02077389136
0.3275399327
0.1196990173
0.228340139
0.6644443735
0.4135873884
0.6197389856
0.5810559519
0.2468741677
0.4523579946
-0.03048463222
-0.9691083521
1.185169405
-0.3081383556
-0.009561062604
0.5115267158
0.4833799792
-0.04089583945
2.34735828
0.3895469652
-0.4096684359
0.6025322072
-0.1117433222
0.8086271897
1.358583343
0.7330875665
1.447410655
0.5194374871
1.204478075
2.200197977
0.4094625976
1.116263434
-0.4039266877
0.4290922344
-0.06768498705
0.8201040179
-0.3562501699
-0.01861002594
0.04358335733
0.6995351836
0.465786504
-1.167256349
-0.139777332
0.9504966885
0.06720260768
0.5832624063
-0.9190799952
-0.09542966383
0.7651929215
0.6434926465
1.800722802
-0.7253006369
-0.2693340734
0.2439068505
1.111522597
0.02370417267
1.688828611
-0.9498337626
0.967069006
0.9910226375
-0.1694962706
1.264745232
0.286102166
-0.2297137417
1.035775697
-0.1794800397
2.683683437
0.3761089547
0.8793885231
1.589971995
0.7728625745
0.3567855101
0.7491872348
1.635773727
-0.1793945473
0.7346581146
0.7214299433
1.075647342
1.057865082
1.14036345
-0.4355624959
1.021696568
-0.2123013902
-0.2879637815
-0.01360480674
0.02661442095
0.004185640905
0.6038158812
0.3900846347
-0.156977919
1.56836133
1.929825577
0.875085631
2.830756241
0.004913131706
0.5691759728
0.9382431328
1.436434042
1.22077921
0.4838949889
2.087063164
1.242334855
-0.5449502103
2.024581039
0.4063532457
0.7495058879
1.171026573
0.1144678998
-0.3621761441
-0.118275396
0.9241031244
1.561012891
-0.9322674751
1.008740237
1.376361966
0.4997616583
0.3638588309
1.12973083
-0.1116194446
-0.1679120082
-0.7633277953
-0.8504102468
-1.034568483
0.03232523017
1.982130468
-0.1930814631
-0.4715193078
0.4209030263
-1.187446314
-1.269171786
-0.7607656434
-0.6524019748
-0.8395282924
0.7734104395
0.3749518209
-0.4834207252
0.3079199448
-0.1615863342
-0.7685730159
0.6252995357
-0.2992562905
-0.564533788
0.7864125833
0.9898705214
0.7929616332
0.5767562598
0.42226042
-0.6001352727
-0.5603066325
-0.3675304569
-0.03129484551
1.680289692
1.311912975
0.4182428021
-0.03916254258
2.107748687
-0.2797200598
-1.111681846
0.05748336297
-0.3089298896
0.001407438237
-0.3683371082
1.175862855
-0.1537122451
0.9280586347
-0.4986028969
-0.7211079463
1.410682812
-0.8985182643
-0.3389335275
0.6172744766
0.03529016208
0.6725748748
-0.3838857457
-0.4508886635
1.657086021
0.5300175965
0.1039039288
0.278460042
-0.3545730785
-0.9336333394
-0.297763408
0.6757094383
-0.2315019198
-0.1811435297
-0.07775666611
2.048962361
0.3940313056
-0.07806354575
-0.3010914765
0.7350125462
0.6299565539
-0.1919041547
0.1622038865
-0.8073212773
-0.1806172382
-1.263022089
0.91718871
-0.6135347888
0.06027524946
0.4272736415
-0.5682824418
-1.208899009
0.3862741522
-0.2224401712
-0.1624396924
0.06702661496
0.939921838
-0.1045285547
-0.1783956829
0.4930700844
1.335641947
1.359411117
-0.6677321583
-0.3877105981
0.1600586236
-0.5589480445
-0.9202810109
-0.005145787587
0.1812380631
1.285423693
0.124774728
1.771957999
-0.6615604192
1.421014339
-0.9327979892
0.3063790895
-1.319238645
-0.3367584147
-0.1371061303
0.6280181288
1.746354133
-0.4510441586
-0.3714253098
0.5312865064
0.5671054654
-0.1240543809
-0.4237662867
0.4348638818
0.6972585455
0.8382133901
-0.1135100883
1.825314319
0.5266599923
-0.2415422533
-0.9235030323
-0.1045312641
2.095757395
-0.4601085722
0.0347404182
0.6236547843
-0.2072353574
1.809205902
-0.4352512389
1.182267922
-0.4324532464
0.3275684793
1.457595623
2.679784214
0.2836921301
0.05933949482
-0.8022989064
0.8758359075
1.614752835
-0.7142815173
0.8813171819
0.9281557247
0.3812675796
-0.2513106011
0.1759122862
-0.1793779181
-0.01367812464
0.06447943095
0.5385488383
1.302519806
0.5039384983
0.7680977836
-0.2720820218
1.479795575
0.8147028133
0.3036144949
-1.230802143
-0.6043799832
1.10100961
0.2942416595
0.5737639666
-0.1127905281
-1.098310819
-0.4371328443
-0.7201015756
1.934964406
0.09800835196
2.052191389
-1.011767915
0.3085513286
0.4285141058
1.532984382
-1.351556385
-0.6059708476
1.371366394
1.653773898
1.157502455
-0.4248254031
0.596600695
-0.781998989
2.951224816
1.042658862
-0.02122128904
0.5730119884
-0.7064649701
-0.9619623661
-0.764572677
-0.9238274574
-0.561145936
-0.1203384019
0.09216210777
0.04589031423
0.6831993565
0.05216220389
-0.6713291511
0.3213946698
0.9034319371
2.638223946
1.354468685
0.1836508013
0.9662751362
0.05986047164
-0.1414236311
-0.7783331066
1.249566478
1.228374672
0.5757451952
-0.805237323
0.2271963639
0.9563957661
-0.7410183385
0.681165053
-0.3911809623
-0.7068817466
0.3694592969
0.5083524927
0.0753868321
-0.4936339751
-0.6335582525
-0.8248029709
-1.019331264
-0.3265266389
-0.4795623004
0.8212463416
-0.2967782527
1.163512215
-0.4820465624
-0.7314370364
1.142264795
0.1499151548
1.569654036
-0.6756566182
-1.186653513
-0.1182518078
0.388545417
1.157817742
0.2868544579
0.2061576541
-0.6606671199
0.483848656
0.9194102079
-0.0564832449
-1.153613883
-0.9155025154
-0.9431444883
-0.7921644628
-0.06096003777
-0.1373780316
-0.5534676984
-0.1530843098
1.598311079
-0.5916504815
0.406911581
0.1258207121
-0.3176118545
-0.03268724382
0.7260226309
-0.5217329249
-0.125083236
0.5389211856
0.23412891
0.8997233026
-0.7165554821
-0.8463528648
0.9902200386
-0.1934067111
-1.045507908
0.1014309913
0.6696761586
0.8659971356
-1.024925756
-1.348675156
-0.2565763779
0.2011716891
-0.7242125064
-0.2942260412
-0.6672443248
-0.5847881556
-0.4305121437
-0.3159233956
-0.2187115125
-0.3458905943
0.6813086346
-0.5468818955
-1.227016395
-0.4628751084
-1.282299781
-0.06998095475
1.137870413
1.635327935
0.6678510174
-0.1199215896
-0.8357235253
1.270042479
-0.9669368148
0.01434263345
0.1307972365
-0.5857158273
0.2842498094
0.7019529089
-0.5617294744
1.372835958
2.134351164
-0.78581343
-0.1926010467
-0.5277076945
-0.05447939988
0.4723139331
0.2952257827
-0.3253559977
1.402003619
1.559915629
0.1266743428
-0.6576153249
-0.6836150602
0.526328142
-0.1675000109
-0.2127658024
2.061180562
1.415638989
2.254484689
-0.8954954892
1.003431144
-0.5610084236
-0.8327869356
0.2644817723
-0.4393854648
0.05261660391
-0.6715937003
2.108537418
1.622762376
0.893251577
-0.1704051556
0.7032466277
-0.5055750415
-1.168894076
-0.3091981523
0.08603858259
0.6864269912
0.4456907101
0.4482457787
-0.09510692148
-0.8905688524
-0.1797171172
-1.067741486
-1.207614422
-0.03277197722
0.389930902
0.2496053562
-0.6514419347
-1.026293367
-0.7324895084
-0.06471357886
0.3419706009
1.20936527
0.7865376124
0.8299123093
0.404348385
-0.3808827117
1.718579358
-0.2835300244
-0.4548422948
-0.05563129019
3.375525403
-1.108177659
-0.6389919579
-0.1977153275
0.1156346243
0.1319718344
1.162603262
-0.2290171504
0.7814939506
-0.7569117114
-0.5619248912
0.1260318831
0.07968118163
1.869213939
-0.2703715283
0.6037105843
-1.13247723
0.4857045665
0.05109941103
-0.9617076099
-0.6065365225
-0.6559905723
0.233596475
0.6270005479
1.113699442
-0.5406332225
2.018660951
-0.6933421701
0.1254289009
-0.8161122739
0.09197451989
1.047850782
-0.0774812432
-0.3010509036
0.6208468035
-0.261365784
-0.6314696714
-0.3779044837
-0.329226172
-1.128503805
-1.06292454
1.444557366
-0.1077280499
0.02412965922
-0.1412172548
-1.301437026
-0.0831120275
1.507187504
-1.384262109
-1.352259749
-0.3688917801
0.5653156564
-0.5193954602
2.182294452
-0.5201209754
1.613566995
-0.2105448857
-0.8603681207
-0.2696287617
0.1129647003
1.904746652
0.5392090604
1.031243697
-1.425427008
-1.078710571
-1.371823543
-0.7717830062
-0.2973865792
0.4684416307
-1.207787031
-1.249981737
-0.2114896295
2.559960562
-0.3459962934
-0.1281886609
0.9728874862
-0.5337002948
0.05002028225
-0.1598990384
0.5221970931
-0.2105051398
-0.9988349229
-0.1115608538
1.044597369
-0.7624541149
-0.1508332469
0.5761818364
0.3769227259
-0.1636420918
1.890177017
2.20391022
-0.05730926096
1.331169015
0.8611357033
-0.8439067304
-0.4302943707
0.07446415653
0.3665820802
-0.3334924698
0.2514244624
1.455524385
0.2425842853
0.1216434225
0.2928903494
-0.18680264
-0.2751886383
0.01960742553
1.261399585
0.008641804662
0.196964734
-0.8620572805
-0.3714718878
0.4255921058
-0.1513469381
0.1326408074
1.056188586
2.492115241
0.5266339391
-0.6271986812
1.371567065
0.587492197
-0.466018264
-1.007000855
0.9226813123
4.005919433
0.5496551678
-0.09090700541
0.3224605484
0.0610353875
1.297903705
-0.159795776
-0.4848369583
-0.1922395827
-0.6597729862
0.6714765847
1.600564384
1.046064359
0.3499969311
-0.4585945576
0.7785763696
0.5379401252
0.4226909615
1.101945835
0.3755341202
-0.7259690166
0.2761731807
1.141171554
-0.21559004
0.5780770794
-0.9507191837
-0.3820396498
0.2826864751
1.895064157
0.323259294
-0.7789099813
2.394506818
-0.3149286389
0.9997246623
-0.6496476516
-0.2273507375
0.3390117928
0.4538195655
0.508250298
0.9971531816
0.8492542401
0.01331537738
-0.1121129559
1.257621157
0.06965506375
0.426931984
-0.09084044546
-1.236134171
-0.4280920394
-0.3810920268
2.013611394
1.583187205
0.8952753574
0.126043105
1.40230177
0.5263679152
0.5188415647
0.2750992024
-1.16752978
-0.5357450932
1.225225359
0.5650880024
-0.09938186668
-0.7470453516
-0.1772382982
0.3143025696
-0.06016446166
0.0002601968125
2.756475765
-0.07886718973
-0.1898471709
0.3480317274
0.3875891805
-0.2171708919
3.226359701
1.160696712
-0.431059964
0.07767488305
-0.6868653342
-0.175405053
0.2966442881
0.61188844
0.5249997243
0.2881142458
-0.7049724817
0.8643973559
1.318845171
1.461885151
-0.226693901
-0.3114528272
0.1890825152
1.680663764
2.208276272
0.4036914691
1.695197272
-0.754958351
1.009779122
-0.3331989374
0.9341645509
0.1521800942
0.9477571845
-0.6602638558
-0.7540435374
1.001556322
-0.3474473458
0.05615477357
1.384191805
1.370979261
0.9984133273
2.12071017
0.8135311097
1.055544713
0.3060120348
0.7239319369
0.3940140054
1.55014959
-0.6177466363
0.8424667731
3.251573551
1.524611318
1.579065645
1.878455877
-0.3084925056
0.7053278446
-0.02216610033
0.9588569522
0.895953615
-0.4587887049
0.09641413549
-0.3829743396
0.577504351
0.4816605821
1.225336802
-0.3479932882
1.038423903
1.082455662
-0.4549102128
0.5392599683
1.344257295
2.741352826
0.05977238249
0.2339282944
0.4426111743
0.1437918833
-0.1788644068
0.8013726667
0.7186291203
0.4362153485
0.4897803985
0.68746721
0.8716825306
-0.1256028943
0.9095402658
1.796005499
0.2134203527
0.9255924925
1.294337663
0.551589481
0.8405680448
0.04285904951
1.507402402
0.5330848925
0.3772897057
-0.1021401729
0.01409415249
-0.9405128777
-0.07421284798
-0.02916586366
-0.9288287014
0.812023367
-0.5598665312
1.663029152
-1.041016179
-0.9718792558
-0.7938896
-0.1897275399
0.7372533008
0.1646370785
0.02175893532
-0.3274659306
-0.6351884156
-0.3618788354
-1.028826171
0.4748599917
-0.4525554165
0.5825827546
-0.03903906811
1.448562738
3.278316379
2.735419047
-0.6143399745
-0.6333239272
-0.7608193785
0.04646163126
-0.3123533666
0.4159381583
0.4763144001
0.6644074485
1.510003591
1.546398166
2.686080664
1.17880875
0.07257759576
0.554275135
2.261178875
-0.4503297448
0.5075492442
-0.0972450655
0.8018173456
-0.4541857798
0.1408811325
-0.5482452407
0.957195732
0.3893580243
-1.166236234
1.044677359
-0.1853059884
1.765297318
-0.9346971512
-0.1393831763
-0.5268509239
2.558235508
-0.3216532245
-0.3235165589
-0.9878567338
-0.06793280821
1.613414663
0.3097229958
0.3092620276
-0.922969985
-0.3918731093
-0.8446714342
0.09018100938
-0.4886431515
-0.4628354192
-0.3348601624
-0.03517981209
-0.9144563198
-0.6909712657
-0.7153139964
-0.04717797684
0.2661292678
-0.7115145683
-0.9335145772
-0.7591441274
0.7576712132
-0.2872475691
1.037290689
-0.9319378257
-0.6970898092
-0.585416463
0.7601001024
-0.5626497105
-0.7165902168
1.532117334
-0.07041866984
1.096102765
0.6332273647
0.9020088866
-1.68871029
-1.00366312
1.181924266
-0.4150633484
-0.6710409969
0.7050433278
-0.1457749367
0.21388862
1.104502532
-0.03220617883
-0.1263810412
-0.459841004
-0.1222835597
0.004711362813
1.179477659
-1.061102766
-0.8721366793
-0.4660549879
-0.1823728485
2.755840451
1.377767232
0.4038640521
-0.3773585968
-0.4985045224
-0.2967505611
-0.439741157
-0.0933952339
1.078733158
1.193139267
-0.6545321524
0.06768893171
-0.6787225813
0.01546182688
0.1040400974
0.3798148543
0.8584939778
-0.05302585042
1.34275324
-0.007834865898
0.1617067734
0.2988668047
-0.3400412694
1.470641577
0.3266649101
0.05404907065
1.519236332
-0.6079581842
-0.422494629
-0.9328839391
-0.3942252152
1.480970043
0.8803164124
0.7368944541
0.4748754943
-0.6492460594
0.428387093
-0.4356811732
0.2628330907
0.03847294021
0.908184132
1.137224618
-0.3174299397
-1.064228424
0.6558775172
-0.07504391829
-0.5093528256
0.3519318119
0.6694353968
0.5069729611
-0.07775040511
1.5550421
0.6980425596
1.284362257
0.2143468017
0.0007159486413
-1.133722067
-0.7406166434
-0.8713358581
-0.2265352234
0.88468384
-0.7340948611
-0.2688638255
-0.3362398311
-0.6666854084
-0.5317787156
-0.9221576422
-0.4776604936
0.2173600917
-0.6592760235
-0.8729388475
0.6706578314
-0.1156021169
-0.7829388261
1.149793908
-0.3583967611
0.515259327
0.7783714458
-1.187462619
0.4799556494
-0.6120702341
0.6224456213
-0.1518042386
-0.5857215837
-0.3391438827
-0.1526569508
-0.4011778966
0.1641379032
-0.6011636645
0.5498920739
0.5831119895
-0.4189094387
-0.3556235746
-0.3224764984
-1.379834157
-0.5678028569
-1.097146356
0.6781352244
-0.7723744214
1.093456578
-0.2080679074
0.667778746
-0.2004657306
-0.2651493698
-0.9978142172
0.7041802481
-0.7871587515
-0.4809850663
-0.2636463955
-0.4193797946
-0.03382070418
-1.268254703
-1.08649841
-0.06401658375
0.8466571167
0.09938201811
-0.6483569518
-0.4872837037
-0.2521628194
-0.8828833699
-0.9780691206
0.6361805499
1.029503995
-0.4384664528
-0.71517995
-0.2213229708
-0.1479247108
1.860878289
-0.8335158169
0.4116032258
-0.7447800726
-0.2905061547
-0.4545989394
0.4984265313
-0.856306234
0.3030717842
0.4841791935
-0.2263972312
-1.497154558
-0.8012599647
-0.8618674606
0.7070791632
-0.8653762221
-1.093898425
2.416715074
-0.9995856762
-0.4295723483
-0.5950993165
-0.4269133598
-0.4706650652
-0.2397725299
0.3573548645
-0.4773426622
1.096990401
-0.6350046962
-0.2906560704
0.1068124851
-1.025518045
0.02575988928
-0.849877426
-0.3008962967
0.3279252168
0.3250131793
-0.4307716623
-1.223935577
0.3391372725
0.5880596891
1.063599151
-0.280643747
-0.8932525694
-1.271329826
-0.9892492652
0.582468003
-1.006442338
0.01388686718
-0.3795195132
-0.3002933234
0.8062928572
-0.8462121785
-0.1813337892
-0.5022793293
-1.079837516
1.505946431
3.290915072
-0.326041019
0.354192818
0.2032192489
-0.4427177191
-0.08334638937
-1.12679545
-0.5465759873
-0.2749564156
0.5776663288
-0.3738046393
-0.08942408739
-0.505005154
-0.1686760388
-0.08368622418
-0.6026045993
-0.1377606781
0.4781306043
0.5669437692
1.823822027
-0.5621043354
-0.5608676866
3.266557622
-0.8514231175
0.1022639688
-0.8269338906
-0.1153891252
-1.164818215
0.001322679967
0.4144378342
0.6863372728
-0.6080346078
-0.8839117974
0.9659410894
0.2173098661
1.230148512
-0.1075090189
0.1943470763
0.8164748237
-1.364230943
-1.216927314
-0.4788071811
0.2240572972
-1.46122399
-1.215415794
1.525180164
-0.7674980924
-1.085568672
0.453275761
1.108770862
-0.6689752966
-0.733045128
-0.127058458
0.2312657879
0.3350697
1.225830445
-0.2055990435
0.2917806328
0.141535708
1.637363482
0.009712132532
0.3734281953
0.06355611766
2.717511177
0.5960216366
0.4801395409
1.662688863
1.560959795
1.129666665
0.6135512151
-0.5829307064
0.06609984841
0.7659304962
0.02389240339
-1.244239998
-1.34114303
-0.1010896365
-1.155308291
-0.6001510888
2.198880333
-0.1779781784
-0.02808655128
-0.2456069004
1.144819008
-0.9891275525
-0.3293495648
-0.08256999878
-0.6564806938
-0.2333946042
0.06523756403
-0.792392534
-0.148414308
1.127100375
-0.5941662788
-0.9011933357
-0.2998997975
-0.9940333277
0.8149597824
0.1531403448
-0.4672409281
-0.660041362
0.6660641775
0.05696114656
-0.2170013051
0.390429179
-0.1917743534
-0.6594580278
0.8232322395
-0.8624425977
0.01596594322
-0.3358580962
1.500033301
0.1639945604
-0.6449000321
-0.264546526
-0.4897199497
-0.8986675292
-0.161915102
-0.6446576864
0.1216364525
-1.218608195
-0.7614531279
1.266560769
-0.0960596161
0.6389123648
-1.050697562
1.439772689
0.8620800316
-0.8026569068
-0.3655708872
1.051803511
0.6253911793
-0.777589646
-0.3337258935
-0.02994281165
-0.08633984737
0.6777122274
-0.05459990501
0.3002632037
-1.115360668
-0.3915170878
0.3848982438
1.19463563
0.07074644109
-0.6720569372
-0.2819550849
-0.1613858934
0.5721639663
-0.9288785696
1.355219561
-0.2373019418
0.05648755278
-0.2195058174
1.480570036
-0.8001847029
0.02884433935
-0.06718086768
-0.1287360251
-0.4658683807
0.03299264703
-0.6139083728
0.1328586467
-0.8047239631
-0.483634375
0.9961582422
-0.2870058276
-1.083932874
-1.082001451
1.345507583
-0.07895000875
0.6468364075
-1.244524252
-0.8338263869
1.880138367
0.3632007228
-0.08687251536
0.2602751803
-0.7737764224
-0.1826563739
-0.5196537465
0.3650714248
-0.5838069454
0.2647877876
2.527722007
-0.4696715191
0.7216843486
-0.8507548183
0.03868651725
-0.4139739607
1.479030797
-0.6348099321
0.824563466
0.03385436889
-0.04022592986
1.187929985
0.9599793881
0.5307441071
0.4674857486
0.9909005731
1.109721613
0.697916846
-0.4566854194
-0.3728720248
0.3867821388
-0.9180838406
0.3428559516
-0.3908609763
1.160524413
-0.5184045523
1.631033057
0.3791140638
0.8094867334
-0.5178720132
-0.3205269434
0.5441164702
-0.1770012161
0.552603112
-0.08553834055
-0.1602655504
1.140153186
1.148901048
-0.4060250297
0.278450546
0.8789908424
0.1268008495
-0.006733064353
0.2437342843
1.43023389
-0.6721134722
0.3956855148
0.11560074
0.5041141361
1.236459529
0.5027520172
0.8669991478
-0.1102943992
-0.9163354129
0.2943512045
-1.159451923
1.023194101
-0.7898214012
-1.210272259
-0.5643758997
0.411455287
0.5798554316
-0.765144819
-0.4580875978
0.6425836891
-0.6870388597
0.179639515
-0.375854817
-0.65346874
0.2082523864
-0.4367042542
-0.4480157524
3.964481568
-0.3181124337
-0.4875131086
-1.012228391
-1.094249639
0.2184135934
-0.889948599
0.4323298469
1.244429058
-0.6661282778
0.2809976384
-0.05893081091
-0.3179260977
1.470196098
0.5533468239
0.6534799226
1.621359137
0.5903446108
0.1314157817
-0.9376445264
1.141793761
-0.1705499265
0.6827200919
-0.02679003957
0.9952135146
-1.005213904
1.326266825
1.246241432
0.4436651427
0.5427576575
-0.7238108248
-0.2880181327
-0.1791254986
0.911091575
-0.7402902752
-1.134541115
0.1470010731
0.9186176419
1.482808203
1.280802259
-0.3996125981
0.2967208005
0.1673091393
-1.32992335
-0.3711265273
0.7018442057
-1.336734116
-0.4833858356
-1.102349612
0.06748007052
-0.3496259838
-1.102178848
-0.1692782905
-0.3259082258
0.4708821826
-0.5099489644
-0.1038648152
-0.6969586074
-0.6188808709
-0.1473896746
0.6070252702
-0.8965225816
-0.0592812106
-0.04806482457
0.3433039021
-0.08004943356
-0.4762226284
-0.474001509
0.02797036408
2.065440458
0.9108111322
1.178876024
1.261653316
-0.5913563043
-0.5178081363
-0.04656499717
0.6972332075
-0.09235990644
2.665436584
0.2288673792
1.150851759
1.174081913
1.055739868
-0.2465712264
1.546740526
-0.3688389421
-0.736473012
-0.2790761836
-0.00172810345
-1.086639324
0.08722467525
0.4790180683
-0.9335039228
-0.1732670529
0.1439657139
0.6337741166
0.1130764161
1.437526846
-0.1327655183
0.9830649912
0.8535076737
1.073259008
0.3076139566
0.08128780387
-0.2637819573
-0.05938539095
-0.3966978379
-0.8729169279
-0.2045281995
-0.4688680872
-0.2644200157
0.07972199786
0.6468902729
-0.4308439136
0.392186014
-0.2497926168
-0.7615192413
-0.4613772988
0.6100223966
0.4848177239
0.8178982913
0.7006885514
1.329345754
0.5067265045
2.544708484
-1.062684059
2.583434796
-0.2346908133
0.9458135515
-1.10572032
-0.8253976375
-0.627713035
0.4731822267
0.6786074862
2.048755711
1.727344388
2.165224308
1.179446548
0.8804160252
0.01691516826
0.9422306329
0.03174580298
1.569185659
0.08871740606
1.05265768
1.938923335
0.2423437785
1.556940174
2.598068249
-0.2878260506
3.121689332
-0.07523840377
-0.1291137567
-0.7449403167
-0.281342946
-0.6202731416
1.262292022
1.009473687
-0.4821000025
1.267348936
-0.466175884
-1.372672075
1.874550784
0.9713527858
1.303814378
0.3642862229
1.506516206
0.1848601939
1.680510825
1.474708322
-0.2281225033
0.2556880612
-0.9132808357
-0.920187667
-0.290824908
-0.5301083222
-0.7274830639
1.690105975
-0.0825944819
-0.386135406
1.138018188
-0.1665630652
-0.1085060053
0.6805243723
1.364696616
2.405576032
0.7525249556
2.478171736
2.079077458
-1.025469822
0.3998884805
-0.3373718113
-0.7836842865
-0.646462141
-0.3097646214
0.3435076147
-0.1279512104
0.2726432826
0.9822801083
0.7375970498
0.4782414511
-0.7153672129
-0.8178296894
-0.6144157648
-0.2196393501
0.1093616963
-0.07930132365
-0.4526199296
-1.174321964
3.211422932
-0.6183683679
1.788607454
-0.164127925
0.2578165628
0.5079908974
1.065866309
-0.1957108727
-0.1207952926
-0.1794243028
1.253889331
0.3463790574
-0.1269558785
1.331219244
0.383953457
0.4854672298
0.1410076801
-0.09404901778
1.387213784
0.6729710579
1.366154319
0.6975926548
0.3085814392
0.1775204941
-0.348156736
0.7690753296
-0.09186382173
-0.3484592717
0.3638829798
-0.2090611316
1.444461539
1.029863413
0.3604891038
1.262834099
-0.610278365
0.01469485164
0.230089185
0.7255968332
0.1798971221
1.682102382
0.2927871142
2.469198728
1.522921249
0.7414145082
2.017068797
1.602527398
1.283238581
1.594747049
0.3561748773
0.4595782897
0.3456825901
0.4781073105
1.364914024
-0.4226321027
-1.038367498
0.0251650054
0.121629151
0.8217142999
0.6302028924
1.159621769
0.601944527
0.7307707682
2.345448679
0.5002728656
0.0774096984
-0.3093050383
-0.07793692164
-0.08991662636
-0.4700060681
2.789520121
-0.3065112621
0.4665642157
0.9965714008
-0.7176420063
1.276118347
0.3853289681
-0.3208414681
-0.06609321199
-0.8004769772
-0.5018391132
-0.09981578775
-0.6447344109
-0.3557848886
0.3380066153
1.500177824
1.437852749
-0.5464286238
0.2186635397
0.5124146119
-0.01721186675
2.375997925
-0.7014362395
0.6014651559
0.8747454882
-0.1855810327
0.9810720623
1.342766023
-0.4005471721
1.02158584
0.6133774981
-0.4072036162
2.493351835
-0.1863917124
-0.3340320826
-0.6679366753
0.2597599667
0.6599103153
-0.3436952434
-0.3363039605
0.5183332477
-0.7720438927
0.9207845539
0.5433361575
0.7690837279
-0.7973989516
-0.00513788145
-0.7321513608
2.129804552
0.4983593524
1.730488753
0.303909304
-0.3003116228
-0.7527422935
-0.4360523239
-0.1146788126
1.789241016
0.1412121429
-0.2844545681
-0.01930036023
0.7535538986
0.2172905384
-0.3170117445
0.007935705991
1.088181233
0.8181495607
0.3941202998
-0.7445953131
-0.811228922
-1.188587865
-0.7872972012
-0.03583596125
-0.6965450019
1.010961425
1.125807488
1.652188051
1.414976341
-0.6184515581
0.9241227508
2.062092882
0.356466981
-0.2377052253
1.010395506
0.1335286128
-0.2061688183
-0.1655995859
-0.620678857
-1.160663077
0.5357978348
-1.021669689
0.08672886025
-1.051732469
-0.6238883838
0.4126420038
-0.9608915955
-0.3374089666
-0.1195649333
0.1695256044
0.5637648776
-0.4511302412
1.100502774
0.748368451
-0.1281855721
1.516588378
-0.04408303164
0.7850050911
0.9814755708
0.4139757723
-0.3057549834
1.457208607
-0.3675293513
1.56801644
-0.7658805907
0.7993093237
1.766123551
-0.3264125835
1.818201125
0.170357018
1.592043832
-0.3857238762
1.411550373
0.5569875784
1.331457014
-0.2902094245
3.125566494
-1.000566977
-0.3465441339
0.43621554
0.2045400599
0.5716999337
-0.02208674178
1.252165306
0.2269896928
0.8485255882
1.852253193
0.8253401816
0.2982343834
2.507184768
0.8883233309
1.215409142
1.488419327
0.7478362218
-0.6216993317
-0.1294167781
-0.3800615951
1.365729788
0.1494995244
0.4482919686
0.2405664319
-0.9827347875
1.583674741
2.123252231
0.5550435498
-0.8340878069
0.8757368833
-0.19026527
0.2571497444
0.3871413872
0.1366955884
1.189412376
-0.2418590799
1.783452922
-0.594971706
-0.6132617176
-0.1768662836
-0.3861586887
-1.054336378
-0.5956165791
-0.1964861501
-1.092612091
-0.2232118607
0.4583303511
-0.4827622607
1.405889565
0.09904120378
0.8920968175
-0.2056668477
1.16412607
-0.3652739801
2.389138037
0.08564810548
1.080700004
-0.2325539906
-0.1044106442
-0.1203609496
0.0359996859
1.140373154
0.301796561
-0.03378311917
0.3700406279
-0.3660046309
1.697333461
-0.3436599147
0.1021393813
1.234148532
-0.3147269033
-0.8415092826
-1.096172976
0.9486185655
0.5427538969
1.175492859
0.1718216575
1.397584167
0.72315052
-0.1203700221
-0.3317952842
1.101545161
-0.5308509812
-0.7862098843
-0.8255409688
0.06764534665
1.226164365
-0.06648051417
0.2012099046
-1.115083411
0.9755024195
0.1823210718
-0.8377468407
-0.2842593797
-0.6850268304
-0.5381148189
0.6230016127
-0.5808796853
-0.3272293463
-0.7006714672
-0.1910154562
0.1412144229
-0.459196794
-0.04030985981
-1.069699726
0.794024691
-0.5003282219
-0.9278908789
-0.2557856699
-0.3864017285
-1.20666368
0.3511035034
-0.3312032491
0.2523708385
-0.7320158571
0.9182641149
0.1665912821
0.8227674544
-0.3137120172
-1.306255198
0.4795331553
-0.3460784793
-0.1545496849
-0.4833181471
0.09586836183
-0.9026317745
1.473967469
1.615339082
0.6573396556
0.8385188088
-0.2024363229
-0.2994840086
-0.941669178
0.002023135684
-0.4840121321
1.578487831
0.4117724536
-0.120089378
2.0752186
0.3584191456
1.323019525
0.2786579832
-0.1536739442
0.3547643133
0.5015151501
-0.5018894583
0.4179381415
0.284623038
0.02512938641
1.560198623
0.172915037
0.8661453307
1.362201196
-1.138805214
-0.490181911
0.1390474134
0.493383906
1.403755969
1.194114798
-0.394990316
1.212219933
-0.6436420292
0.6562113911
-0.3003250711
-0.6049339578
-0.7953767389
0.7342536867
0.6804224893
-0.2385582548
-0.4602926672
1.124866703
-0.6254490092
1.770968181
0.7441739157
0.172812283
0.5915325515
1.597947389
0.7217572071
2.019477338
-0.6355734482
0.01740776151
-0.3371878345
-0.3149613988
-0.2244791955
-0.04800238367
2.373914737
0.05491338074
1.373230276
0.6884978339
-0.2735557228
0.05254225396
0.5885520801
0.003621199215
0.08231500862
0.6913113475
-0.6017119989
-0.02534178626
0.5207643874
0.4337992212
-0.08916806066
0.1285771362
1.354322183
-0.2078680197
0.5545940295
0.3778122475
2.616840702
0.5822608709
-0.1981756778
-0.1946372198
0.5000230007
0.2686356466
0.5149205066
0.3127783884
-0.6249414384
-0.8542613924
0.5280534253
0.2734706046
-0.4035144582
-0.4634952366
0.6337871313
-0.2575598955
1.042988865
0.6286472663
0.7746690273
1.200419122
0.5259498261
1.318288606
0.8579131633
1.752769664
2.196611321
1.220503442
-0.8148657203
2.330785149
0.6835445479
0.7373045158
0.01755289526
-0.9602470487
-0.3282509334
0.1048513455
0.1700255437
1.10191915
-0.2891536511
2.170207411
-0.2983393531
1.35971683
-0.3936189309
-0.292624341
-0.7349893004
-0.1617749376
1.437304935
1.490480483
-0.3603717402
1.876289928
-0.232697279
-0.2982500426
1.165871999
0.5375358433
-0.6648090899
1.711214578
0.7001432002
0.4047603911
0.2279201341
1.496089354
0.6199761651
-0.4974717602
0.4207091805
0.2099950895
-0.5115020752
-0.5032648735
0.04489826048
0.56305089
0.3017179761
1.140404189
1.137500617
0.9454127409
0.1628325734
1.689357921
-0.1392299742
-0.2202385351
0.3177131988
0.03411009405
1.954815799
0.5178803541
-0.3850059174
-0.9115566641
0.7274286807
-0.002228420973
0.1064253468
0.3356535913
-0.4387135863
-0.2376822615
-0.1099585585
-0.01075152885
1.502100247
0.5502947211
0.5921414264
0.7865569323
-0.666231434
1.616129041
-0.3817351006
-0.4244282931
-0.9476773232
-0.2482841976
0.4967850536
-0.3373562612
0.4523195896
1.115991926
0.9632883549
0.2046274517
-0.725678587
0.4628516354
-0.2506322637
0.2294203725
2.114425886
1.332092899
1.661940932
2.639759678
0.4616647631
0.5949342258
-0.1728474599
0.5168612272
0.1807409218
0.6005649082
0.6787770241
0.6120563464
1.473136821
2.390025789
0.9837448239
1.648527211
1.424724337
0.2352582194
1.521915874
-0.1568941582
-0.4814843461
-0.276332929
-0.2918614082
1.141826463
0.5374840509
3.419815987
0.9943496898
-0.3405260742
0.3069734449
0.6860185131
0.7830313012
0.03526878823
1.317279261
0.1542782323
0.2797015856
1.195795245
1.806142259
2.120246947
0.8856608525
0.05106864627
2.475753111
0.9995980322
1.183389322
0.7742585547
