-0.2423376866
-0.3042095717
-0.05587346042
-0.5245616525
-0.3127111979
-0.4435760804
-0.2160431407
-0.6658194572
-0.4398007089
-0.8563488968
-0.4011838809
-0.5138772255
0.9549822554
-0.4243841916
-0.3499828087
-0.4184077591
-0.00906911334
0.7014513999
0.6804944329
0.7756794862
0.4574509397
-0.2617491558
0.3337690787
0.321229236
0.3395711336
0.2937870938
-0.02662551664
0.3019243164
-0.9010908648
-0.8317873228
0.01304550413
-0.01792573854
0.09460217394
-0.187308142
-1.071377532
-0.1557923147
-0.2833520281
-0.4146048814
-0.194964163
-0.1993489023
-0.5427954289
0.1067189101
-0.5301911984
-0.7025924534
-0.8304190367
0.3391105
0.5428702146
-0.07304124385
-0.2883281603
-0.009530945495
-0.1440442454
-0.03780710101
0.0319925895
-0.2070653841
-0.4985868096
-0.8351461053
0.2870728653
-0.6702944271
0.2052820032
-0.3660421822
0.3111510344
0.05677626198
0.8897773379
-0.6724272326
-0.09032459203
0.6884854093
0.1500634942
-0.1530990764
-0.1733755443
0.5405358135
-0.4038860999
-0.3332523269
0.5509578034
-0.2569582246
0.2341614605
-0.3899726123
0.5251770869
-0.1198658139
0.09645134583
1.252020939
-0.4702979054
-0.3534936909
0.4961496895
-0.05366806462
-0.2932309397
-0.1370206121
-0.2433332149
-0.1435776524
-0.1713682503
0.4850689964
-0.406640912
0.4892969122
0.1495626777
0.9576012157
0.7424034726
-0.6044741612
1.29479421
-0.1341803979
-0.3947271559
0.8069139181
0.4086556204
-0.1311265446
-0.4529481396
-0.5127623089
-0.01983186891
-0.3491399199
-0.3676529599
-0.05961639406
-0.2369014964
-0.03850690722
-0.2804524932
0.00966675356
0.9355691575
0.1719027117
-0.3270717598
-0.1200261714
-0.4282121196
0.1804336585
-0.5169036977
-0.1296963399
-0.8561332285
-0.6805713698
-0.4919394046
-0.3883292921
-0.4599421959
0.327508048
-0.2279952927
0.1184827158
0.5755902521
-0.5257969603
0.6052050933
-0.6964560449
-0.1828534525
-0.2511909992
0.3221230095
0.2058782449
-0.08056663387
-0.5381942675
0.2929202881
-0.7550395012
-0.1418407343
0.1683271763
-0.3171147246
0.3525081472
-0.2987476705
0.2894532018
-0.2185680799
0.09111996703
-0.2157684941
-0.07024996383
-0.2868211273
0.06888363669
-0.04566213116
-0.5895992562
-0.2719168279
-0.6441502996
-0.3782017436
0.4719176364
-0.14840407
-0.1674548652
-0.8544106573
-0.1140218581
0.01188678487
-0.3580926217
-0.7091026753
0.1352690867
0.0650240181
-0.08448375724
0.7923919149
-0.5160444595
-0.4191650636
-0.5786913123
-0.2729244456
-0.4327885177
0.05859816698
-0.4231637802
0.8287150431
-0.3715862438
0.1648239387
-0.08174942257
-0.1913394669
0.005600018566
-0.06293341396
-0.05305812899
0.5945439935
-0.07406696342
-0.8003129303
1.660735315
-0.06783896293
0.05344108911
-0.3837504581
-0.324454201
1.501052337
0.3740617387
-0.3855351504
0.1210186709
-0.2937663864
-0.07553301025
-0.4706747204
0.2671730667
-0.6035744607
-0.475023895
-0.7112334266
-0.2408060636
-0.7111838214
-0.1528811336
0.1273979798
0.2818554017
-0.5768461872
-0.2565799616
-0.07863561381
-0.137683692
-0.422569567
-0.3869278407
-0.3873106211
-0.2344466753
0.3708603378
-0.3827962801
-0.4145002196
-0.129822623
-0.1402981513
0.4413591858
-0.2076333277
0.240879338
-0.4073197704
-0.2190085363
-0.7776604109
1.288746458
-0.4561135411
-0.1853731934
0.6358265184
-0.5400910854
-0.08144196421
-0.07654753663
0.4097425776
0.9915071472
-0.05220359638
0.3156418141
-0.00748546971
0.2317098465
0.5398161521
0.06539447811
-0.3144576479
-0.242255478
-0.4780878462
0.3276180785
0.1926164759
-0.2386741087
0.5015011251
-0.1742483811
-0.1885412835
-0.143074159
-0.6512700979
-0.53147735
-0.2006470148
0.3141938142
0.9088839319
0.1571613559
-0.4809572332
-0.03027375806
0.5552594423
0.6596932046
0.4239793867
0.4992918521
-0.04006846799
0.1444532778
-0.5911323026
-0.6448386304
-0.3795237139
-0.1048659176
0.3667667579
-0.4913604514
0.6723494558
0.6066759629
-0.6168456487
-0.389596273
-0.1383149773
-0.2573634418
0.4970819091
-0.2145416066
-0.4089581609
-0.3851330176
0.01321519483
-0.1655831601
0.5827961311
0.4674301438
1.064102267
-0.5766372338
-0.3544859894
0.2251305059
-0.6600512929
-0.02685822914
-0.4881772764
-0.2862101704
-0.4528715327
1.129132974
-0.4258795507
-0.2750930227
-0.4081774428
-0.5066837337
0.950829944
0.3556322955
0.1689908706
-0.1682345116
-0.08132581208
-0.4644922096
-0.111167765
-0.02423173562
0.05367029049
0.4913404413
0.03708189316
0.3629574869
0.3592721812
-0.4734874807
0.07006994318
-0.5909851342
-0.445794601
0.9290529504
0.08924211748
0.1566750681
-0.1177555609
0.5902376432
0.09319887385
-0.3725040125
-0.2321415411
-0.2039721761
-0.2748011058
-0.5456257179
-0.1027176522
0.1282236835
-0.8226350591
-0.4678092284
-0.1990172423
-0.3254790444
0.2192618256
-0.5821903473
-0.0752491001
1.138043763
-0.1927543384
0.6912668534
0.77011052
-0.2918264067
-0.1118366331
-0.338193247
0.03442763193
0.9214672528
-0.07403562041
-0.06736120917
-0.1539176002
0.3484197007
0.3810361326
-0.4422947027
-0.5733051078
-0.2745896332
-0.5328320879
0.01637745616
-0.8315688312
0.1389037184
-0.02699162439
-0.1780113841
0.9790719435
0.003134919144
-0.3960839115
-0.02960267104
0.4082445722
-0.5311384417
0.4357447363
-0.2205926608
-0.008309199288
0.3197518013
-0.144545369
0.3083388956
-0.6643188164
0.2437321169
-0.1168994974
0.01125535788
0.1918108664
-0.3462402079
0.05860479623
-0.4771874048
0.5395931299
-0.307102052
0.4148054281
0.05171889588
-0.5424860213
-0.01405884158
0.2497019215
-0.3253134225
-0.2204951456
-0.2180726238
-0.5512003213
-0.6658945862
-0.492223347
0.2812542709
-0.3924744703
-0.7451556325
-0.04743115306
0.2961369101
0.4440748943
-0.8175449461
-0.2229065064
-0.1598821137
-0.03922543041
-0.4326991059
-0.1983663555
0.5079192022
0.470280987
0.2945686702
-0.1897135736
-0.4421753803
-0.01706506275
-0.1865610991
-0.07975075189
0.08978914069
0.270089189
0.8743657529
-0.4441591516
0.4239281205
0.02499510804
0.4852572054
0.9346682459
-0.3280975953
0.0912662914
-0.2318145882
0.3586123817
0.269392352
-0.3783874387
0.08154070582
-0.3290467218
0.08962712735
0.7903634913
-0.1544829279
-0.1383018291
-0.3053327821
-0.06093488671
0.4250695145
-0.0861295633
-0.7492141321
0.3594348099
0.6017890126
-0.2736164615
0.06302971765
-0.3434705641
1.583799545
-0.185055704
-0.3722833767
-0.2510669045
-0.03482406847
-0.4032998003
-0.2306689364
0.518454656
-0.2003378678
0.9172829952
0.740990109
-0.4273540914
0.3536229856
0.3510783173
-0.09486115556
0.2547710661
0.03856735714
0.5380663998
1.331077335
1.428272611
-0.06891223956
0.2206264529
0.7205907307
0.2102895194
-0.4150293618
-0.1756922036
0.4098581757
-0.1511221264
0.8644689813
0.197879185
1.435909769
-0.3219461884
-0.2374370692
0.02825175682
-0.4270967543
1.015334231
-0.4605646619
-0.2881640418
0.1363415446
-0.1153617417
-0.4234914817
-0.1380238389
0.5323520362
0.05393409636
-0.1286882047
-0.7606943846
-0.4024682224
1.171512833
-0.4422225326
0.5508054562
0.2607941449
-0.3257806003
-0.1004128736
0.5224998698
-0.5691627685
-0.1395546407
0.1316812388
0.121461682
-0.505617794
-0.3780593552
-0.124650768
0.407386769
-0.1491583154
-0.525782318
0.5548645586
-0.2400088929
0.3428023454
-0.03206525417
0.77232842
0.09862219766
0.8885883853
0.7482294876
-0.2787632786
0.1955677098
-0.2692189611
-0.3898272902
0.03188371863
-0.2630322004
0.01932541691
0.1892864406
0.4347688634
0.2755461503
-0.5827317849
0.2154941509
0.06349929618
0.1953811225
0.4124303699
0.1469763445
-0.5838110328
-0.06308436571
-0.262355598
0.3285780732
0.5134292938
0.9682392716
-0.3098435819
-0.1436404831
0.8311212823
0.2043347709
0.1616832741
0.4769559531
-0.2997957505
-0.1229517996
0.130639872
-0.4614651814
-0.4911168844
0.9494393639
1.39242897
0.09186364384
0.2358157262
-0.02739095036
0.8797123387
0.004526317492
-0.5922040313
0.8257737145
1.353858972
-0.6351908855
0.9505338997
0.2856913611
-0.363260252
0.3300753661
-0.1763534383
-0.3950280182
-0.2964676719
1.126784674
0.2278901807
0.2449112259
0.3460293817
1.102369626
0.6804073744
2.129466653
0.626532845
0.8629340515
0.538696108
0.5608913589
0.2799238212
0.5633487005
1.464620498
-0.5987372041
-0.3356516601
1.125408225
-0.1575189285
-0.070712105
0.2470773682
-0.2679970697
0.1161468079
0.4193495326
0.06916111037
-0.2986541791
-0.5330599934
0.7357252168
0.6901879828
0.1078542717
-0.1192595641
0.969328025
0.4798288554
-0.2743966106
0.3086765258
-0.2124981422
-0.4825341165
0.5249824654
-0.5837447375
-0.1290480383
0.6441291153
-0.2367907057
0.02689331584
-0.132682932
-0.01999384109
0.269042803
0.5425807849
0.4898072176
1.452203062
1.013833559
1.347320222
0.1156963723
0.7876999695
0.634006219
-0.1139393419
0.07296548747
0.4953872025
0.5313299229
0.4970587488
0.4191602506
1.109041892
0.9345316201
-0.3686293896
-0.3163667925
1.116167786
0.3232850488
0.9151416712
0.01174322991
-0.1546920773
0.4312024169
0.2483360138
0.09308514204
-0.482313627
-0.120203186
-0.4700893648
-0.3701724943
0.5168307751
0.7143434558
0.3151095362
-0.3594624775
-0.07411809876
1.412511926
-0.01403583288
1.329932241
-0.06140859229
0.4757693373
-0.2739156371
1.765902658
0.6488577165
0.6104811747
0.6058055788
-0.08931411216
-0.2914917096
-0.2362548271
-0.1950347786
-0.2674887326
0.164883922
0.4852787383
-0.1270398231
0.2648566606
-0.1767997574
-0.6564244151
-0.8022103921
0.1518069549
0.1027973732
0.2889985349
-0.3378421994
0.2304557721
-0.1925404606
-0.3139493681
-0.6533085838
0.2484001341
-0.3318442537
-0.003850837983
0.1063559045
-0.5507627472
0.4914571939
-0.3609323844
0.2703529699
0.1261784022
-0.1170901667
-0.2603577772
-0.4626032278
-0.2068129536
1.540475869
0.05584648866
0.02740789186
-0.5384477951
-0.08557921723
0.8259385273
0.04957959014
-0.3068838406
0.8478313066
-0.6002843056
-0.1522924032
0.6676060528
0.4119138776
-0.1514747143
0.0190461684
-0.01379879881
0.3229763715
0.4248883363
0.8354917225
0.4423397865
0.3059068075
0.5450182647
0.3622983101
0.2289857524
-0.1373125259
0.8514755644
0.7463221576
0.431125769
0.1218485435
1.287460157
0.7944122896
0.03850998431
0.6173795111
1.420220192
0.7154588081
0.6052727573
-0.4010002557
-0.06538926698
-0.004353960883
0.8900414586
0.3704103895
0.4987049459
0.3431361377
-0.08457772946
-0.5476909114
-0.2501151621
0.2170632236
1.81461666
0.01148801222
-0.2128515642
0.6058172602
0.5376902953
0.1621648006
0.438699425
0.1465671308
0.7499051474
0.05327107813
0.4182497416
0.6564369097
1.34610619
0.5275896147
0.6173407877
-0.416119732
1.325085808
0.5753969397
-0.0278696809
0.25080049
0.06175625576
0.5273452412
-0.2957715824
1.000904986
0.1936323032
0.4901316851
1.104389516
0.2253259152
-0.002130473219
-0.2456258945
-0.3905524082
-0.4820705127
0.2819485718
0.7510827884
-0.1432756461
0.804178302
0.2637350757
-0.3037029944
0.2749705004
0.3074755396
-0.1904718468
0.02792303413
0.2000263046
0.3588784311
0.6107539924
0.01531447722
0.2308736336
0.1087697039
0.09653039714
-0.2433380477
-0.06111107916
0.06572328014
0.4130843587
0.04332566354
-0.7434832156
0.3021119114
-0.08760310151
0.8187814549
0.6231172405
0.8774876058
0.2072464785
0.1374533303
-0.2089115855
1.088785402
0.1056169341
-0.6009100311
-0.01827814505
-0.05213709101
-0.2903483957
-0.1761481637
0.665953945
1.720410785
-0.1258282178
-0.6362373682
0.03776533823
-0.5353871696
0.4487366624
-0.4603426646
0.5074284062
-0.4773134358
0.203221461
0.1226580505
-0.2135341074
-0.1762405165
0.5407270094
-0.2768941909
0.7161768943
0.404174149
-0.1840850179
-0.2027110329
0.1772040358
-0.536152181
-0.03617243404
-0.6957582727
0.2742836471
0.08124709483
-0.2577814829
0.6898004562
-0.3317132894
-0.1290548168
-0.7344471022
-0.07513279282
0.05695221303
0.3909601379
0.5366840005
0.001767744683
0.8783365168
0.0429609119
-0.1261541624
-0.01888240352
0.1545741551
-0.3302011333
-0.2561326474
-0.4527414784
0.1410861177
0.3012036514
-0.1258377946
-0.4188721925
0.9896130815
-0.08533571716
-0.1415148299
0.008795904089
0.8320570141
-0.5092513829
1.01887759
1.199179177
0.04443207011
0.1877912465
0.02415214516
0.327611969
-0.2062827036
-0.3303567208
-0.5514873445
-0.4247238964
-0.2709023971
0.3822576575
0.9637540624
0.4809671171
0.602035233
-0.1901420765
1.148389737
0.5908968307
0.5730319202
-0.1761678137
0.1441767689
0.5449646898
-0.0004674183205
-0.6689236157
0.52659593
0.110048002
0.353146025
-0.4328738727
-0.2771722645
-0.3381717233
0.1261547549
0.1286033459
0.5595247626
0.05972377174
0.4832452804
0.1624567464
0.1926063955
0.5207175869
0.1487110665
0.8270490497
0.4305947855
0.6743000563
0.1411224026
0.6761278696
0.09422011552
1.094088419
-0.8117882594
-0.6427799821
0.03904811218
-0.527918911
-0.366108657
-0.2199564278
-0.6007388521
0.2588065851
-0.1746980135
0.6370583298
-0.5551708043
-0.3256288044
0.5328300778
-0.212447514
0.3458407134
-0.1506787861
-0.1285680445
-0.2313496582
-0.3758601144
-0.3576491233
-0.06283005029
-0.1453004085
-0.03196467869
0.1412649743
-0.05358539615
-0.06209984794
0.2590660366
1.330624375
-0.05255591264
0.4005231012
0.2444297621
-0.02261916082
-0.2299122266
0.2478551108
0.385345405
0.2982979245
1.275152829
-0.2869465921
-0.3897952899
-0.2014941201
0.3806685057
0.342992498
0.0008823584765
-0.5823280133
-0.220975916
0.4223436408
-0.6786575824
-0.7825735927
-0.1106587788
0.2424780436
0.005213281512
0.3873022959
-0.1220162697
-0.3534265012
-0.2638538152
-0.1070867402
0.1640876725
-0.2594965033
-0.1893079237
0.628497291
0.7931032777
0.4367566872
1.119771662
0.6832527591
-0.4127247918
-0.2822786644
-0.3631217152
0.4779768044
-0.1401507396
-0.3283898547
0.5075403355
-0.3512358859
-0.6294419535
-0.08603726067
-0.2867708936
-0.186695531
0.8178998068
-0.1911747098
-0.3295081072
-0.1817052379
-0.2716269668
-0.4299471173
-0.33893275
0.2164133528
0.4999820866
-0.07191297747
0.05930868797
-0.5476226434
0.2377080109
-0.501030077
-0.8127699763
-0.1215162878
0.05127429068
0.02556117792
-0.5820474543
-0.05404961277
0.4925489333
0.8845526606
0.3818406306
-0.7404628024
-0.2154980738
-0.4727173271
-0.7933161765
0.04671498751
-0.5987380965
-0.3156631432
-0.2529237144
0.7055851378
-0.3631926835
0.3590595681
0.3860535264
-0.1724700894
1.181680584
-0.5970085457
0.3732254868
-0.4709064506
0.7454236805
0.7119149994
-0.1887764264
-0.1173372602
1.054142704
0.2999453283
-0.3508199012
-0.004946149141
1.327800904
0.2313333044
0.06813414022
-0.4456034265
-0.3472605526
0.3172967508
0.5619496636
0.03034514794
0.6770612843
-0.01328082532
-0.07660334893
0.2120553359
0.5470626045
-0.1655593518
0.03098354135
-0.2398888044
0.2754485825
-0.206858827
0.8617846185
1.512258637
0.07240072377
0.1187778598
0.003459358448
-0.04269456603
-0.0145940613
0.316124307
0.1767932143
-0.005187177099
0.2563023707
-0.3949912015
0.2559985872
1.339158136
1.289802989
0.1429313475
-0.02951866407
-0.04409609269
0.6425054124
-0.8388701469
0.1541799143
0.05737000182
0.6028048436
0.4585599683
0.1395822497
0.09985047067
1.145726162
2.363579753
0.7515261807
-0.01696090028
0.6847119272
0.05605759099
-0.03944519111
0.05334618315
0.4925342977
0.9180861458
0.8820987333
-0.2754229421
1.200904053
-0.4247033417
0.3008966155
-0.4545190901
-0.01778386403
-0.04379109931
-0.4394988708
0.4730083436
0.04126786608
-0.03842515796
-0.4975906134
-0.6833324589
-0.09493146297
0.05375615805
-0.406916336
-0.2087673683
-0.1606508777
0.4307130728
0.06821708006
0.4722627573
0.7765835449
-0.02289666263
0.3635113887
0.2316872176
-0.1636180567
1.05483412
0.2692215357
-0.5152043372
-0.05667134672
1.966455442
-0.2629820613
-0.3541530792
-0.3334478447
0.2814398363
0.4192301326
0.7265304737
0.06045787446
0.0332370786
-0.01466676518
0.1210538166
0.6647496387
-0.04439401869
1.819855404
0.6692112673
0.7629739121
0.2331565252
-0.396656955
0.4749800753
0.4425942115
0.4957370274
-0.02374607436
0.2194713371
-0.01922803633
0.07091027368
0.1222959267
1.014778143
-0.3954623262
-0.1167668821
0.8945576236
-0.1266920682
-0.02669896958
1.005753846
0.4513831936
0.4741781689
0.7876772389
1.201923746
0.2156678313
0.6355906576
-0.06597064845
0.8564004289
-0.1712760902
-0.2383582151
-0.3160290912
0.7794386394
0.8062943596
0.2409878645
0.4821559075
-0.6038676739
-0.560046326
-0.2038249917
0.6575029626
1.413984883
-0.1362391444
0.3948751185
-0.1126408809
0.5411769934
-0.5760833889
0.2005074409
-0.2276337881
0.4115783816
-0.0763891181
0.3630155853
0.5139454439
-0.2387266319
-0.3461005632
0.02629301259
0.06439065225
1.497693193
-0.4501036718
0.341871118
-0.1523969753
0.5622077726
0.8703281
0.4547334364
-0.07819084898
-0.4091322973
-0.2978074975
0.4437657245
0.00597454533
1.781568661
0.5603176534
0.355734605
1.045155688
0.8274543002
1.027071175
1.074569525
0.4293012895
-0.06701693404
-0.3456544533
0.6494269729
0.2049707277
0.3374341933
-0.6256982416
1.067198628
0.1078555627
0.147784365
0.654176864
0.1632761143
0.03617422921
0.01172553506
0.1760220354
-0.3609001592
-0.400512743
-0.0721984443
0.5194677614
0.3122276565
0.2210209975
-0.3487096317
0.7206353381
0.7223565631
1.472360909
0.1022086683
0.2181015369
0.701516508
0.5857060023
1.132222222
0.1332556594
-0.3650683679
0.4279647283
-0.3667784635
0.2032979392
0.8361229368
0.5204229072
0.145274087
-0.1887320645
0.01812676266
-0.5309626505
-0.6645251721
-0.2121211393
-0.5356189325
-0.03530155551
-0.06478317678
-0.7799649775
-0.3285536669
-0.02800685018
-0.402662982
-0.425922212
-0.1639132678
0.6094094582
-0.002546870802
0.2660848163
-0.3066133685
0.3765393122
-0.402668749
-0.475947772
0.7340892911
-0.5646797725
0.300652805
-0.5131526947
-0.5844853882
-0.4089170734
0.0893112909
-0.3105109572
-0.4375446089
-0.3047103299
-0.1801353769
0.112847377
0.02597686574
1.247887005
0.172905069
-0.7513778269
-0.1120699659
-0.1318117386
0.6434406399
0.5424347667
-0.1888771184
0.3153887849
-0.6831495106
0.4141498232
0.3268589947
0.2832637105
0.8598433077
-0.5611470088
0.4168322129
0.08990445212
-0.6740644604
-0.5035904106
-0.462995176
1.008587141
0.01568520907
-0.1365284681
-0.6081419185
0.6694343809
-0.2968953449
-0.371000649
0.1929731634
-0.2144144535
0.05218432173
-0.07800008478
-0.2681868695
-0.3987119623
-0.1150729028
0.02222265676
-0.274709893
-0.3836131599
0.4239638239
-0.2308404531
0.4318294685
0.4389364533
0.1276452217
0.1864610303
-0.5858792186
0.5638846219
-0.160605064
0.8899711687
-0.6617299007
-0.8255801633
-0.7699799165
-0.4719939254
-0.1215466124
-0.001285554934
-0.2527189117
0.4805867106
-0.3529673871
-0.3251174003
-0.4783752903
-0.5498764984
-0.4449760605
-0.1558357082
-0.4876994863
0.09880046435
-0.3033072948
-0.5351535633
-0.4134529296
-0.5092487782
-0.2190160312
-0.1195749508
-0.01578497812
-0.2799366107
-0.282111107
-0.4386101313
-0.0278177375
-0.7314509846
-0.3434961362
0.4394289237
0.7770086825
0.5769951962
0.02886526175
-0.1418323905
-0.5632143967
-0.1793862471
-0.6955962241
-0.3967137985
0.02883557454
1.140719021
-0.1540564829
0.5963749938
-0.08913919078
0.2993680213
-0.510916971
-0.3720368423
-0.2068201688
0.334832394
-0.4378339067
0.2452762574
-0.4830670454
-0.06076205727
-0.09389474429
-0.7377505422
0.2871062052
-0.2728028751
-0.1708040824
-0.2779990695
0.3234273873
1.146789619
-0.3528239492
-0.07943395637
0.1881974541
-0.005067251995
0.2514646282
-0.3564854957
-0.4531435795
0.5466737855
0.4516889431
0.01024036743
0.3359723121
-0.05577543853
0.2941688827
0.1737694087
0.06512557045
0.1294931042
-0.2538540984
-0.6864665538
-0.02384076342
-0.4945534341
0.7502863675
-0.1938717064
0.6446151491
0.3402327009
-0.3882498875
-0.01350416252
0.2093734974
-0.2809059314
-0.1800171813
-0.4780385636
-0.3100988364
-0.1030703627
-0.4621708855
0.1965546683
-0.4878822491
-0.3830522306
-0.1426211542
0.5834359031
-0.262557104
-0.7347088158
-0.2972437033
0.08450654652
-0.1391734769
0.7013817636
-0.1039569126
0.02750737723
0.4223603413
-0.002023197804
0.3710390277
-0.1952164194
-0.3466624793
-0.3968323547
0.2289539302
-0.07935466357
0.1585752252
-0.02345077842
-0.1344650761
-0.4656296931
-0.1301824417
-0.5674431674
-0.08488345705
-0.2740721378
1.190364715
0.9621830583
-0.4218344974
-0.2247498743
0.164679733
-0.702019348
-0.470288305
-0.0942804262
-0.2702218037
-0.4627043359
-0.08056922257
0.166059158
0.1268626556
0.2664302018
-0.2937929739
-0.1690349901
-0.1142484596
-0.7931133196
-0.2671176367
-0.2851669744
0.4396415118
-0.3886314634
0.4012353051
0.09035681766
0.2773361046
-0.3801496319
-0.135018372
0.3906793088
-0.5596747937
0.6003061891
-0.1617949516
0.05554193696
-0.7277678579
0.08091666214
0.520277934
0.2082740448
-0.3222665317
-0.2649841547
-0.127957607
-0.1780444468
0.2286897026
-0.4881881975
-0.02898379732
-0.3353654725
-0.844128941
0.4569914281
-0.5936964318
0.05389128942
0.5250936925
0.5093308806
-0.8645525739
1.013519041
-0.6768914968
-0.02677942645
-0.293683248
0.1114653594
-0.6308260709
0.2622673152
-0.5246476509
-1.028503257
-0.7995282814
-0.458978289
-0.4194928229
-0.4155212753
-0.7256406257
-0.4326772273
-0.1070520589
0.02435628958
-0.8554291651
0.1100103289
0.2191722024
-0.16610259
-0.04515403267
0.3393362954
-0.6316658363
0.3481475774
-0.01376188546
-0.1042692891
-0.3821632514
0.5568204649
-0.07831376512
-0.3668531809
0.8199976801
1.043636784
0.2710360274
0.4774145968
1.241175488
-0.3024787948
1.598308934
-0.2227177896
0.09650264746
0.6060383148
-0.3080315463
0.32341584
-0.109410758
-0.03258798704
-0.5687968243
-0.05544315521
0.2344849333
-0.5251118973
0.8899271592
-0.2954443887
-0.3836936861
0.1974490657
-0.3378343211
-0.2384687599
-0.4614989974
0.1238211583
-0.5126328163
-0.1418079328
-0.6733328722
-0.2227356952
0.1471724857
-0.3531080332
-0.1461916391
-0.02379262056
0.1845632104
1.185824227
-0.2192165811
0.3022758024
0.06756700203
0.184378873
0.3420012697
0.6018238381
-0.5813741609
-0.8959129333
-0.6793990657
-0.9336398259
0.234731715
0.3321373206
-0.2127666261
1.464193769
-0.4287838761
0.2904721387
-0.1905994084
0.2035585321
-0.597939609
-0.331054779
0.3148782305
-0.4359845933
0.3071971763
-0.6046560824
-0.5837327063
-0.4686345629
-0.007093700394
-0.723315765
-0.03363596918
-1.111869921
0.3314512361
0.09657588042
0.067101047
-0.7322715655
-0.1917304389
0.5472690884
-0.5798124753
-0.2950800389
-0.7235274017
-0.2699487716
-0.1249081748
-0.3095663171
-0.4721331298
-0.7322960481
0.4483975939
-0.1405205302
-0.2399817435
0.2389038611
-0.9480280831
-0.4124059528
-0.0462872358
0.01771406282
-0.3292568341
-0.2369667922
-0.7685897842
-0.2767741404
-0.1206697965
-0.4733640909
-0.3050883248
-0.662065842
-0.4701600486
0.4459514178
-0.5701402042
-0.1902091155
-0.2535021521
-0.5842002824
-0.3511903303
-0.9192345217
-0.4878931761
0.5983584978
-0.2956567883
-0.2639204852
-0.8358221471
-0.4595838264
-0.7343148112
-0.08230699357
-0.4726721238
-0.02000026412
-0.155299985
0.3686656686
-0.3033046851
-0.620845817
-0.3000034325
-0.5029010512
-0.2092502847
-0.03350793244
-0.2784117466
-0.6957617581
-0.4725250263
-0.799137342
-0.4712525323
-0.1448764401
-0.4913818972
-0.117334689
-0.7783829167
-0.8041954435
-0.4643337794
-0.3781510314
-0.689107798
-0.6908872724
-0.2872951845
0.2814960781
-0.4617954664
0.5570905786
-0.6627146721
-0.286590769
0.4044045828
-0.3336626004
-0.6204558164
-0.2566308707
-0.6430431783
0.2341180088
-0.5775457472
-0.384474453
-0.3924939215
-0.3640977852
-0.1465739725
0.005800309312
-0.5706595615
-0.3857916005
-0.3952887867
-0.1986968819
-0.3443327334
0.3396753386
-0.2134834215
-0.3205506826
-0.1841450647
-0.3658297226
0.682024698
-0.6300536267
0.9853038624
0.6339732774
0.4841491189
-0.5728144869
-0.2677164283
-0.1487288006
0.3230645537
-0.6544426046
-0.2599550895
-0.1098045588
-0.1109988494
-0.8644885555
-0.07491666591
-0.1617360841
0.4275029622
-0.5611844569
-0.2755109299
-0.4939606594
0.1116305135
-0.3667451296
0.002138894796
1.116628889
-0.5590390295
-0.6920590848
0.08490900565
-0.4126656093
0.04487032453
-0.2091631658
-0.0476556452
0.0185014002
-0.59187994
-0.5075780477
-0.1704706
0.07728491724
-0.1540857174
0.06822662652
0.1418994118
0.1345229976
-0.3596860833
0.5137710797
-0.2578876437
-0.04784702491
-0.06877179891
0.4127984136
-0.5194193259
-0.3194956951
-0.2394241501
0.22214306
0.8904834718
0.1050726518
-0.1275376879
0.1542123382
-0.2394544467
1.106238034
-0.2542349748
0.3956693069
0.8077226348
0.5193339899
0.2152100585
0.7461023897
-0.004579037614
0.002691983711
0.5660877064
-0.2608971946
-0.4363999262
0.7536124371
0.2828820644
0.2883327045
0.3097988737
0.1506688239
-0.2735899683
-0.1709428523
0.1503120705
1.579183677
-0.2346745891
-0.1502322562
-0.347600802
1.283285735
0.3472078003
0.02206247859
-0.02951370375
0.6990099372
0.4431483107
0.4334540509
-0.3314043391
0.8868044674
0.560708116
0.2684868719
-0.01872899858
-0.376554228
0.2254719809
0.7897534672
-0.08714303179
1.30059964
-0.6618853629
-0.03725827634
-0.5003846742
-0.7899043765
0.528031382
0.4921220131
-0.1951399692
0.01416700128
0.07765429253
-0.4644320466
-0.1357809157
-0.5414474368
-0.2023190041
-0.04308330682
0.2797212033
1.30807927
-0.08296227148
-0.1249460867
-0.01727714371
0.1132256331
0.5867279008
1.394675565
0.1113988334
0.2448958591
-0.3133708633
-0.3489024073
-0.1672159601
-0.1753516417
-0.02210489474
0.4312736746
0.07979530841
0.7614032706
0.5089805104
-0.3560099334
-0.6843757544
0.6095385358
0.6936996173
0.6461470325
-0.2745778771
0.4635947496
-0.8924735025
-0.3477266461
-0.4440722361
0.4634710239
-0.2260284782
0.4628688432
-0.3310329746
-0.1244107252
0.07841970697
0.6381189469
-0.4986360904
0.447692753
-0.6180757791
-0.1283586299
-0.2863842401
0.1231761286
-0.4853809714
-0.245197859
0.8367668838
-0.6656852707
-0.4557443783
-0.4055975862
0.0383562712
-0.2225650517
0.2193191724
-0.3155908138
0.899658215
-0.1135223243
0.1605136268
0.3838693354
0.9209723402
-0.2952123415
0.1667412147
1.039187153
0.4332149029
0.6402040422
0.8901936008
0.4337005801
0.8563815843
1.011695733
0.4788630695
-0.1419268459
0.4697919607
0.4465726204
-0.0707734365
0.170186278
0.2281121541
-0.2847842675
-0.4189109392
0.04854483223
-0.1490464516
0.5224054817
-0.04951868374
0.03875968736
0.07095811497
-0.06669246233
0.1116676409
0.8200807991
0.2528973114
0.09318274818
0.06873391364
0.3737967577
0.2142186914
0.6262127712
0.7863343403
0.5235204695
-0.3095312379
0.6052343786
0.05568397287
-0.02837331733
-0.3560279399
-0.01562795676
0.4020902988
0.252377432
0.01494581951
0.2010748776
-0.1052249759
0.1024789849
0.9945524413
0.7791706543
-0.2818095908
-0.3083980299
-0.1600739554
-0.0623628661
-0.1986142498
-0.4147952799
-0.3360242575
0.1196095297
-0.3111051101
-0.4517774358
-0.2874537565
0.4534944382
-0.7205437288
0.1607751486
-0.008703784458
0.8842458341
0.1873533666
-0.2557910379
-0.3940728217
-0.0954247321
-0.1238391351
0.04140156051
0.4193378353
-0.3409608524
-0.510212037
-0.4359428763
0.02027352303
-0.8958676465
-0.1747524213
-0.1756501934
0.1702307375
0.6420285121
1.009497602
-0.3404966541
1.168161451
-0.2743431333
0.6820702808
0.02927768044
0.2844816837
0.1770385381
0.3717510704
-0.1564071283
0.6734202474
-0.2673664369
-0.4602079913
0.3693739318
0.5821719706
0.2510511421
0.06759961005
0.1503890177
0.289420482
0.2451985063
0.01669461206
0.447988449
-0.6150761992
0.0281755548
-0.02732524164
-0.1484134523
-0.4110713348
-0.5869108371
-0.2562218178
0.009799722582
-0.2143664945
0.1258576157
-0.3858005941
-0.5368788343
0.04810462873
-0.161777265
-0.9965610817
-0.4924497418
-0.1635076227
-0.3778266147
-0.1434246488
1.086604924
0.7522630204
0.9134947501
0.3407284278
0.08949452685
0.3718089581
1.03484466
0.3269898448
0.4632747173
0.8715970546
0.3691920745
-0.4139233992
0.780534675
-0.3743167259
0.678395481
0.797792374
-0.6340318128
-0.1117170338
-0.2933870707
-0.6392351165
-0.4624016991
0.1193738789
-0.2670688346
0.2498849569
0.1424902551
-0.2221476329
-0.5225179926
-0.3482732341
-0.5341505498
-0.9003564045
0.7188514421
0.03663819358
-0.6575222626
-0.9001466081
-0.9111737266
-0.4113356598
-0.2333315821
0.1795190983
-0.7116365612
-0.5601214055
-0.5227697559
-0.4483164493
-0.02746088766
-0.2095421923
-0.4692408651
-0.3643028637
-0.1866665648
0.0572781058
-0.6245050117
-0.1071541816
-0.118806348
1.007998183
0.0122487627
0.2606840786
-0.278918393
-0.2086757105
0.7854204938
0.5124334818
-0.4314993776
0.07480301373
-0.154037654
0.2193214122
-0.3210989568
0.06208479367
0.4128471874
-0.02772933412
-0.1381742748
0.4749044575
0.3008921124
0.7596427128
-0.6015257046
0.422542087
0.415479465
0.433078469
-0.1407534331
-0.07830944322
1.284952906
1.05847062
-0.2922139637
-0.3956326412
0.6170638502
0.7654956698
0.7988635302
0.02905700039
0.9315298021
0.1159408852
0.09174347408
0.6573307082
1.25382259
-0.234936978
-0.1637744307
-0.0644267343
0.5586494617
-0.02308549294
-0.07176080458
-0.3046507724
0.1379327681
0.04044289682
-1.052330892
-0.03454560852
0.157409372
-0.03764366526
-0.2299787339
0.6829431154
-0.1416991524
-0.3070945231
-0.4592831433
-0.02101469804
-0.4552827984
-0.1293739982
-0.3802905686
0.8684213102
-0.4424110465
-0.7531004593
-0.09251174722
0.243853728
-0.5314015895
-0.1006026385
0.5755333699
-0.1089313581
1.289993172
-0.2080474628
0.3950831177
-0.06707355743
0.2305854794
-0.312364725
0.1846885302
0.05883603059
-0.0497877039
-0.9276992843
-0.1196326442
-0.008014608361
-0.3435199209
0.0654855649
0.6249552898
-0.1076895639
-0.3528161322
0.1792611772
-0.157429662
-0.02108942866
0.7687595729
-0.7487525053
-0.3957180273
0.09084413908
-0.4885866927
0.9532456872
0.1120194884
-0.5622090511
1.300709675
-0.3298578931
-0.1684931243
-0.30006303
0.1053977177
-0.2211349268
-0.4424315847
0.1974385286
0.2757903472
-0.01932367831
0.4355832446
-0.427398248
-0.02673246413
0.07431608401
0.8065373182
1.412852666
-0.1263682928
-0.2474372059
-0.5247878192
-0.2967440557
0.2421795893
-0.6675105989
-0.1979944926
0.4434693387
0.06388145667
0.3725595448
1.285473004
-0.05450394843
0.07072576974
0.9959512711
-0.6326803118
0.3034946237
0.1513718927
0.2171462269
-0.4827548295
-0.2228838298
0.3702333668
-0.3870867432
-0.6566760883
-0.5009133697
0.1569189935
0.5566906089
-0.4416837282
0.3344269704
-0.589669615
-0.20708759
0.9279865026
-0.2664818952
-0.1653884158
-0.1183885423
-0.04653611733
-0.4022884071
1.369483668
0.1869576676
-0.08337124288
-0.6915456045
-0.169077453
-0.3509072676
0.2973582327
0.6054269562
-0.3617179796
-0.5595034206
0.1197501648
-0.7247571774
0.09977911375
-0.220318594
-0.1815514235
0.5718171082
0.3346688934
0.3711384203
-0.3452350598
1.267459177
-0.07916642707
-0.1621362008
-0.1511764752
0.2331894513
-0.5005962074
-0.2304857841
-0.4614269961
0.6267070595
-0.7076563716
0.5209581919
-0.7230407815
0.05913316114
-0.4615797251
0.01149907447
-0.4551031396
1.267863325
-0.2597975839
0.2876123848
-0.4735694226
-0.4443693087
-0.3209703561
0.6185499065
0.137571332
-0.3294310808
0.6699506697
0.08840140523
1.340693936
1.431314515
-0.1241027109
0.3693343267
0.2856827088
-0.3664209306
-0.2954974551
-0.08778510392
-0.4126840048
-0.1412886951
0.4964585751
-0.4252523385
-0.3434827117
-0.400042513
-0.04186110664
-0.3164126398
-0.4767826103
-0.1368076595
0.8018822335
0.1446331918
-0.2006413394
-0.2980485756
-0.1565452307
0.3466650119
-0.06811793754
0.3309551641
0.07886906257
0.6411765553
-0.4521869704
-0.6774384618
0.05828108815
-0.8757912755
-0.007047164999
-0.6230977178
-0.3837709703
-0.2751710789
-0.5179850981
-0.2551001303
-0.6074200414
-0.6290196523
0.3176105358
-0.08612075746
-0.3959491294
-0.003522261232
0.1347523488
-0.1302237824
0.6782162556
0.02453149632
1.250277473
-0.07669881023
0.1362843176
-0.368308799
-0.1112359121
0.03827579468
-0.3635068431
-0.1024524778
-0.7107077464
-0.1867980597
-0.2574558094
-0.09074964784
0.1421318417
-0.1481322613
0.1581602443
0.2006417723
-0.7165422188
-0.3741697878
-0.4400530457
-0.04062068444
-0.09145681011
-0.05806022873
-0.4083739981
-0.6029264592
-0.5462629601
0.7690947842
-0.3009978496
0.3996984765
-0.5662735078
-0.2713180244
-0.3757920193
-0.5584798183
-0.4588173013
-0.4027660154
-0.004051920772
-0.1564824384
-0.6995133698
0.3498612212
0.0969664149
0.05723493807
0.4591013052
-0.4017676912
-0.6704341784
-0.332837348
0.07572265863
-0.07206295505
-0.3347373899
0.5453152873
-0.148876223
-0.4937139168
-0.498850242
0.7998918116
0.1002586251
-0.06866835877
0.00024379557
0.06791733485
-0.4042059869
-0.880043523
0.1369012709
0.3369406912
-0.5717975544
-0.004275729787
-0.3689947039
-0.4580314081
-0.4968058947
-0.3090599995
-0.8202173948
-0.5041982979
-0.2780598272
-0.3887235545
-0.7798433214
-0.4396077449
-0.1861555256
-0.4704274692
-0.5759635223
-0.19876986
-0.8317616105
-0.451946003
-0.2577309616
-0.2088732388
-0.1972962718
0.2128981404
-0.4508400552
0.1779162738
-0.3113700397
0.3025998108
1.398683915
-0.1169804545
0.45568185
-0.3014781263
-0.1165999844
-0.4802385263
-0.3575554028
-0.1847281997
-0.1391579888
0.09092804994
-1.079621994
-0.003447511187
-0.2514668046
0.04317119811
-0.4325639486
-0.3256551333
-0.1196691658
-0.04952939441
-0.4959617518
-0.1319908029
0.1693454023
0.8185412884
0.5752499636
-0.2572099566
-0.3559890531
0.6640127026
-0.3846497752
0.1886919413
0.8896443862
-0.5702297892
0.1742216364
-0.2988382306
0.3743919959
0.3416662073
-0.1011229489
0.1101216469
-0.3572824599
-0.1042199132
0.7395493738
0.7357606089
0.3766543869
0.1048427644
-0.176264732
0.5790184764
0.1002683555
1.856504944
0.9000340566
0.2178504795
0.5460825354
-0.1472154208
-0.7268883318
0.4360020611
-0.3389318563
0.2111960832
0.5553528066
0.08151686117
-0.003143838514
0.5091269106
-0.07486848715
0.1032440091
0.115042506
-0.4485195938
-0.2472450372
-0.1449193545
0.7477135699
0.5513572394
0.1989745711
0.7006827924
-0.05233438173
0.9821031164
-0.1155083686
0.01299679633
1.312833377
1.107445462
1.681454067
0.8021732792
-0.3359144095
-0.5654031917
0.3297663655
-0.1683796035
0.1848287402
0.7281656638
0.552800658
0.09487472195
-0.04223054368
0.212685226
-0.3514765814
-0.3776163926
0.2617323263
0.6304104295
0.01204225346
-0.1661739192
-0.2625329491
-0.4923673052
-0.08439365365
-0.2588459477
-0.5809518313
0.4414846856
-0.4971513717
0.3798708241
-0.2048573656
0.3850771733
-0.1737271789
-0.1156986649
-0.2833398441
-0.1730924111
-0.3228009664
0.2869160705
-0.1082800103
-0.1155707223
0.08130269069
0.5751465254
-0.400462972
-0.02144114375
0.8302654743
-0.008023031615
-0.8022114471
-0.2712534823
0.1132519994
0.1056267344
0.05842835549
-0.2192587059
0.06730272621
-0.722960148
0.6499639437
0.5120621122
0.1047010437
0.02090815445
0.5066648886
1.02971885
-0.3013848357
0.7119109148
-0.4263571609
-0.5552522842
0.3850154772
0.1613611704
-0.4700086445
0.7383332932
-0.6805621222
0.7315345205
0.1614342131
0.09877559505
-0.6650065843
-0.01664173212
0.4342441086
-0.2775757447
0.125168011
0.8471325686
0.1800132165
1.249904367
-0.1321570601
-0.3095396157
0.1285187017
2.100708005
-0.08115750391
-0.1324625382
0.5308947399
0.7015126344
0.1005621624
1.009368464
-0.22012324
0.6111218665
-0.6467184037
0.6138865598
0.1128538737
0.3798191838
-0.3341033632
0.6288723577
-0.2457209484
1.230168641
0.2158402724
0.4308636658
0.092820796
0.7935501777
-0.2544483218
0.2861526268
0.04054926997
-0.4088687375
-0.2939765388
0.8698341921
0.6233942471
0.2953963187
0.4931859337
0.2563896827
-0.07528014383
0.6979624361
-0.03361311257
0.2056500436
-0.2400472268
-0.04070975259
0.5929191694
-0.130915767
-0.08109239936
0.4483721455
-0.4150730245
-0.3617809644
0.7399124578
-0.4039327718
0.1305074656
0.0996829832
-0.09782204283
0.4705949537
-0.6652420685
0.3712286312
-0.6654387221
-0.5849756137
-0.850713107
-0.5743693262
-0.2184751466
0.05464324094
-0.5594816208
-0.02654282753
0.2194077602
-0.09132532752
0.03480352629
-0.1151455225
0.2504957406
-0.08012014246
0.6528551288
-0.5677176237
-0.3860870101
0.1523002584
0.1766750704
-0.08652410768
-0.3140074648
0.7896962084
-0.7546988174
-0.5429758444
-0.09826275874
0.6362911701
0.7579992162
0.392756636
-0.1307832012
-0.580308456
-0.3624043962
-0.2074302567
-0.2100974094
-0.2158196369
-0.1283669967
0.2357773755
-0.316184146
0.03453681036
-0.06464356855
-0.4766213687
-0.1296966195
-0.3095228106
-0.01213813946
-0.2736396033
-0.01224261504
-0.06681645662
0.4398232371
-0.6616598979
-0.566878701
-0.7866476893
-0.551308158
-0.6830742925
0.2671042377
-0.1843207411
-0.25517895
-0.7563417882
-0.2690840952
0.2651112232
-0.08268343816
0.2673279131
-0.3401487516
-0.5548103765
-0.7081497252
0.8586685814
0.2440613039
0.4225613885
-0.3703406038
-0.5483574837
-0.4684377283
-0.5427064434
-0.2494514357
-0.9668553233
-0.3791692816
-0.001408001874
-0.8068822861
-0.2103452988
0.246247784
-0.1788083818
-0.6278026201
0.6636309081
0.5127999507
-0.3698359609
-0.7572729915
-0.3834105555
-0.2275265355
-0.3270795703
-0.7824139841
-0.3175284632
-0.1865475703
-0.667800355
-0.5033828206
-0.4533187598
-0.4406500235
-0.6530978799
0.3871590283
-0.7892516166
-0.5831691802
0.6587669056
0.1062889092
-0.1867675442
-0.243671077
1.258186415
-0.4968874555
0.5966693737
-0.3801128335
-0.7367001057
0.5377498295
-0.4663633406
-0.4485886637
0.2460126728
-0.5129052594
-0.4958130941
-0.4120622799
-0.6358188644
-0.7992442518
0.2446505742
-0.3287514299
-0.3940594658
-0.2762312233
-0.4684998043
-0.2719470154
0.3528617484
0.01104776673
-0.06795581914
-0.1643786689
-0.5130072087
-0.03017372945
-0.3203546807
-0.6898622364
-0.5472437978
0.1493473753
0.2372218039
0.07006544974
-0.1615391828
-0.06496308185
-0.4320725285
-0.4666483155
0.04970423318
0.7524199406
-0.07023286764
-0.3004884746
-0.07462673001
0.2947518352
-0.360111244
1.298981417
-0.3257322455
-0.9380910963
-0.3732309204
-0.6000301063
-0.8187497735
-0.7845971927
-0.1049591599
-0.162376859
1.397310718
0.2093161351
-0.01417508218
-0.3970872071
-0.4678675063
-0.06794602517
0.7984707378
-0.397054458
-0.1908637898
-0.4047451831
-0.717516312
-0.326287169
0.1102034569
-0.5980187476
0.07507218383
-0.373951079
-0.2059270978
-0.16052975
-0.4066298459
-0.3766584523
0.2260998024
-0.1126697626
0.4833274461
-0.2687609725
-0.4778109439
0.6786961734
-0.3868610077
-0.4460119829
-0.3246559216
-0.09205551073
-0.01390703209
0.1138310883
-0.1891892737
-0.5510623192
-0.1607433658
-0.1145362066
0.0292483516
0.4865387937
-0.1903695136
-0.362004843
-0.7508198716
-0.7816210091
-0.4082109019
-0.5583637863
-0.05426900834
0.07238804381
-0.6474597171
-0.8652121864
-0.7136293083
0.586477498
-0.04001011513
-0.7910621509
-0.8006235234
-0.004534086958
-0.2238477658
-0.353154419
0.4956173405
-0.1033294279
-0.473219198
-0.1702299541
-0.5082619792
-0.5042451054
0.2019780067
-0.02245785035
-0.1366404261
-0.3323814325
0.1215514591
-0.386403764
0.07838034332
0.3814950943
-0.2212841315
0.1969493611
-0.2281671861
-0.4951840069
-0.3886315189
-1.165887
-0.5396683574
-0.6352951743
0.002594785951
-0.7362531334
-0.4615020029
-0.3345314167
-0.1987988064
-0.3568188999
0.1742180299
0.08238175474
0.4167895995
-0.2809353516
-0.2390063468
0.0006366681308
-0.6281299801
0.507151325
-0.055684538
0.5302943373
0.0199895299
-0.6627937116
-0.337879495
0.3203327682
0.3032642704
-0.269259987
-0.6206765994
0.4817263491
-0.4210135097
0.3218286091
-0.4254261523
-0.01684808284
-0.6031884614
-0.2892029904
-0.4301829904
-0.4296580622
0.04226250201
-0.5202155307
-0.5461764917
0.01010779701
-0.6162183821
-0.2863792414
-0.5903713491
-0.1619264727
-0.3880955787
-0.2102067806
-0.2821187716
-0.09629470147
-0.6831187576
-0.3640164744
-0.3252097743
1.04875118
0.2728987437
0.6975865584
0.3202572741
0.507678147
-0.4568473188
-0.3165069677
-0.2377082683
-0.2123107683
1.206814381
-0.2557657465
0.1691890325
0.7012864865
0.2072983608
0.4683021583
-0.5660539493
-0.2187976717
-0.2963545494
-0.4814749837
-0.2518104825
0.4659560118
-0.1632576335
-0.4569413722
-0.7150517084
-0.4019212285
-0.702451542
0.7695162192
-0.5401825182
-0.4159457728
0.6188175306
-0.7702306449
-0.4683033895
-0.2292797551
0.7822264241
-0.5043882597
-0.7574021101
-0.6750449136
-0.4070650302
0.1939934228
-0.3372322187
0.1342359759
-0.6434102863
0.07614960298
-0.1328905235
-0.319041901
-0.5972009964
-0.5920231603
-0.3884491183
1.193834145
-0.4324721832
-0.2335712191
-0.7395672083
0.003718194366
-0.2714691872
-0.4430034161
-0.8998306453
0.0948760747
-0.6539056242
-0.6268200994
0.01709985323
-0.9487564236
-0.2638586059
0.02836543187
-0.6164631762
-0.2905445484
-0.9128127247
-0.9054380268
-0.6755236156
-0.5384888723
-0.1415964027
0.3130026557
-0.2144031649
-0.009755861014
-0.3239143848
0.1721149476
0.4805866815
0.0717834997
-0.4909830183
-0.3071519379
-0.04751143474
-0.1096469875
-0.08919507144
-0.6463506855
1.217471547
-0.2422202226
0.5318651497
-0.6329366177
-0.6189055547
-0.3127203979
-0.8081992641
-0.4709423795
-0.07760082642
-0.3061036758
-0.1740544587
1.260786658
-0.3751503456
-0.4835899279
-0.4068025567
-0.8002102479
-0.8351986736
-0.4443360105
-0.324733923
-0.76421172
-0.7020419493
-0.2742644764
0.2518817954
-0.2689209156
-0.2957788721
-0.3771204807
-0.051754939
-0.5124471962
-0.1811791942
-0.6267267711
-0.4641188361
-0.5211521029
0.2638399839
-0.3750656625
-0.7340880588
-0.2533417673
0.09999351278
0.4859021358
0.8301453982
0.03062634282
-0.3195480969
-0.05138619933
-0.678199698
-0.4638585266
-0.196826987
1.27099712
-0.2373500846
-0.4260493878
-0.04782629833
-0.4321692929
-0.5594415352
0.1138801014
-0.1583699317
-0.6538071111
0.2679147154
0.1873141389
-0.3065115485
-0.5785311431
-0.1432624776
-0.153850662
-0.4958341636
-0.4419056263
0.07413928714
-0.1100345309
0.4270390976
0.3131685793
0.3082620649
-0.1503215726
-0.5508616701
0.1007313341
-0.2247967068
-0.8578371912
-0.6793111891
-0.2999699838
-0.62871297
-0.5909664527
-0.7665790841
-0.5169468027
-0.06171960142
-0.4414928168
-0.5541780472
-0.3608442415
0.6355972866
-0.5098101379
0.07600922715
-0.2818639085
0.9125309989
-0.6124708202
-0.5714044377
0.04605967794
-0.4856823221
0.07108716592
-0.06887403075
-1.078459528
0.06883040485
-0.07683979301
-0.3179705322
0.08155400306
-0.09261153825
-0.2459254624
0.6262514085
-0.5021098524
-0.5950710744
-0.8436454386
1.265561552
0.1131829187
1.387739548
-0.06094605997
-0.434599714
-0.01916941023
0.04198493902
-0.1419943575
0.09258443154
-0.4350189086
-0.005244907178
-0.502101846
1.12472419
0.4118369296
0.4526794247
0.2529573549
0.05491517307
-0.2514473518
-0.1705044484
-0.4499345243
0.1102847653
-0.6466486074
0.1351719745
-0.6602711841
0.08621832728
0.6244014975
0.08551721596
-0.348440535
-0.04830417447
-0.2756138148
1.160409697
0.2276190901
0.2013675626
-0.1649650889
-0.3234999381
-0.8022468388
-0.5818982668
-0.5472507089
-0.3231284641
-0.1586064688
-0.1349502652
0.7559227018
0.1393349936
0.008256002888
0.3263540825
-0.7216094531
-0.5218470767
-0.4182809964
-0.4027473632
-0.1261676586
0.149648639
0.4245930707
-0.2508190572
-0.3344861392
0.4975000689
-0.5104543045
-0.3894172847
0.1073609938
-0.4896650463
0.2850537766
-0.4062138334
-0.1310156805
-0.2557251796
-0.5146785531
-0.4909772411
-0.1875173096
-0.1555793583
0.5015925705
-0.4094833378
-0.2597073436
-0.0600680232
-0.338058213
0.5403439052
-0.7176685587
-0.5302631661
-0.08655426726
0.637749264
-0.2837922275
0.9389746971
0.6101395592
-0.3512067564
-0.2637821801
-0.05563431061
0.03731874479
0.3813602775
-0.7124611333
0.9514710177
-0.3321663
-0.58845772
-0.2642648339
-0.7011309531
1.089837117
0.4592748817
0.2614333833
-0.3505920468
-0.1425445419
-0.4011324141
-0.4365864862
-0.8318636581
0.3573848559
-0.5215569831
-0.1623867024
-0.01097699888
0.134626333
0.2701122245
0.6557739202
0.0105914576
1.295561607
-0.06643086039
-0.5412284516
-0.5658794384
-0.2543733697
-0.3245006725
-0.1907875976
0.3844735403
-0.08450803161
0.481711426
-0.5726902619
-0.2016058609
0.8451789171
0.1808800068
0.1284397438
0.1034334879
0.3601451796
-0.1868394444
-0.2252292369
-0.03337704353
0.3788699996
0.007498981431
-0.32997915
0.2023991399
0.06546264542
0.2938720326
-0.1959339578
-0.3315955229
-0.3217626501
1.589673752
-0.3184489805
-0.1328756146
-0.4716692768
-0.329000451
-0.2391009133
0.2792742206
-0.4282488134
1.414839019
-0.418209064
0.3537277849
-0.5478163399
-0.1985542801
-0.06040376406
0.732516925
-0.3801123768
0.4280136986
-0.2502007306
0.2437298274
0.1928210059
0.2281010875
0.488701601
0.04470755514
0.5588006261
0.2202862261
0.1898312623
0.09373194855
-0.2287500167
1.56214877
-0.009553659335
0.7019690081
-0.08470002171
0.3157383084
-0.2308883477
0.6988401696
0.04677651115
-0.6263853893
0.03355520349
1.037711322
-0.3998084668
-0.1803354401
-0.4055525765
-0.5232266739
-0.2242888302
-0.2975262977
-0.2938277639
0.8563109679
-0.1933224434
-0.3464109765
0.5324847881
0.05991464481
0.0889622977
0.03110232912
1.180250889
0.4395018853
0.6802137285
1.345304279
0.2418201197
0.57779819
0.5108282559
0.04579445496
-0.2154313669
0.1044138057
0.07218875941
1.229475059
0.3152653771
0.4173161454
0.2268269861
-0.3538474098
0.4885687575
-0.4853898942
-0.5756383032
0.3246835757
0.5408180637
-0.3189321224
0.5175789874
0.326435471
-0.1805433359
-0.3044741979
0.03710949505
0.3273459293
0.9975527301
0.1890341733
0.3854022648
-0.1117005575
0.3345998392
0.04829468913
0.5697303609
-0.3641932629
0.168343834
1.372478209
0.5694417231
-0.1054393789
0.1162121409
-0.1848346472
0.2190763529
-0.6730968937
0.4260337371
-0.1595860667
0.4456492813
0.3054945759
1.190080401
-0.2908558182
-0.1501692485
-0.1645833254
0.3414298654
0.4177967729
-0.2231940098
0.3798909809
-0.1140807152
-0.8278921857
0.01564566791
-0.06146720201
-0.003571452387
0.1051013306
0.5259212188
0.8329500183
0.09743631715
0.001914349757
0.1606689909
-0.2017787458
-0.141873768
0.7493168015
-0.4340094805
-0.05597612299
-0.6494226068
-0.5150457382
0.4869741023
-0.5373593712
0.2506305709
1.337887476
0.4095112085
-0.3428173721
-0.6041631848
-0.2567271572
-0.4068596814
-0.3377339751
-0.3566910669
0.4265063033
-0.2373665035
-0.401829135
-0.1803120143
-0.2582674338
-0.1362115972
0.2332955219
-0.4879065812
1.788139217
0.415030165
0.06259443425
0.1860108629
1.090895514
0.535244574
0.4340082221
0.185198057
0.4938942738
0.8799290497
-0.4319607064
0.1342782906
0.06093753949
0.5359738661
0.3158962308
-0.1417987106
-0.3258080222
-0.1057473434
-0.4903324567
-0.09875300918
0.09302626988
0.04561095145
1.735277578
0.8171056305
-0.4611163262
-0.0877331262
-0.23647417
-0.1612672306
0.5498100001
0.6907096572
0.4710013598
-0.2847572301
-0.2232533611
0.4782155707
0.5126875147
-0.3782243311
0.1431713352
-0.020581342
-0.6039020739
-0.3541721877
-0.2948723923
0.2376453254
-0.3844635051
-0.5732586771
-0.3278488912
-0.2092400303
-0.2880719459
-0.2333606439
0.2504777573
0.6259826802
0.5257678095
0.8304451406
0.2831728607
-0.4053004459
0.9865447134
0.4604870778
0.07665694226
-0.06184577346
0.8251913209
0.1566103403
-0.4041033003
-0.2335672274
-0.4633111708
0.7302689448
-0.4352397472
-0.02017253973
0.2138445969
-0.7396325842
-0.1576844471
0.5299035775
0.6903763928
0.9310753254
-0.1081535395
0.715569064
0.9541165836
0.5363666274
0.2799058016
-0.1869699087
1.566026098
-0.1997271806
-0.24566614
-0.6070291445
-0.5316278495
0.531434815
-0.00173477605
-0.07552017868
0.03883712338
-0.2348803427
-0.5052653573
0.2279611398
0.2520666454
0.5442899294
-0.4375168601
0.7100211456
0.7566316359
-0.1665916575
-0.5570060797
0.9865638942
1.158125035
0.02294955719
0.9362460047
0.009857989848
0.1315978793
0.2072800215
-0.04497410879
-0.1259946654
0.6437242391
0.1805150218
0.02145830728
-0.1205996208
-0.06733846872
0.8177821876
0.7065421032
1.458810131
-0.3123119758
-0.07518490511
-0.08070415389
0.01218462046
0.8896207824
0.7966001473
0.2330916431
-0.1316576861
0.5145070663
-0.5447821561
-0.2681699469
-0.4204370186
0.5423660245
-0.2234674528
-0.5921479927
-0.6082125835
0.1105810908
-0.4362449929
-0.3352225542
-0.6772659354
-0.05397335012
-0.5280854501
0.1937671088
-0.5117099553
-0.3424599756
-0.5672426373
0.4696145177
-0.297202073
0.4392591257
0.2083453692
-0.797682181
-0.6849982165
-0.09639709329
0.4238943651
0.3162616
0.09871380641
-0.2876013258
-0.0633196041
-0.4575406291
-0.07592027257
0.3020905118
-0.3672121435
0.7248674162
0.01906785415
-0.7960933931
0.45996584
0.3248617355
-0.0819663221
-0.3149395011
-0.1158839665
-0.1420442522
0.1844570439
0.3297824129
-0.01151663605
0.06126778461
0.6852621973
-0.1236695316
-0.04027522933
-0.05787308961
0.571192259
-0.4148619239
-0.02217939598
-0.2144703962
-0.2222694575
0.8509361118
0.4990440726
0.0290084661
0.8987798631
0.03282756507
-0.2215465654
0.3426792087
-0.0486249635
-0.01547560515
-0.09094098075
-0.1063760108
-0.5383833766
-0.1735346481
0.529337788
-0.04459299352
0.7482587945
0.3564173095
0.181980402
-0.4398208359
-0.02873461079
1.127918032
0.4739696793
-0.365175005
1.20838303
-0.7803275108
0.2460317023
-0.3566417828
-0.07815455571
-0.01567110643
0.1191449907
0.02061233222
0.2188933076
0.4271760521
0.4645496868
0.08168798983
-0.5261010811
-0.2794100031
-0.3045807056
0.8111952215
-0.2502786368
0.3442665508
-0.3884259187
-0.1292487942
-0.3543950289
-0.7476697937
-0.1740014626
0.6884849824
-0.2206439447
-0.3282530103
-0.3752510943
0.01251478344
-0.07252125274
-0.1833504081
0.8067968097
-0.1074848626
-0.4283326022
0.07554986114
-0.2493541481
-0.422673355
-0.3550981417
-0.1034071432
-0.3126900341
-0.2055122873
-0.374418789
0.7188143374
-0.1771569874
-0.3332816608
0.1169431881
-0.2650594283
-0.1516222406
0.3633158872
0.3176975457
-0.2851683691
0.1019575639
0.2776852146
-0.2116041873
-0.2116965324
-0.4469124943
-0.319933413
-0.4402882159
-0.4336780205
-0.6509169072
0.3240367264
1.242909608
-0.03907219879
-0.6200328658
0.4196305923
0.318549655
-0.5659018382
-0.4503204741
0.2637793764
0.5215549231
-0.3182389503
-0.4359598596
0.357958534
0.2649615159
-0.2367687248
-0.6128346324
-0.01671695951
-0.4033008248
-0.1452578642
0.1869614197
-0.2439102768
0.07330241241
0.2771504015
0.2230910234
-0.1812948198
-0.1980851347
-0.01476573236
-0.4647548936
-0.5788404072
0.3178777082
-0.2119888574
0.03847417198
0.2573700435
0.1970801018
-0.3348123504
-0.4720182344
0.7211376755
0.5531907953
1.196161844
-0.3694694012
0.08452638183
-0.01287857909
0.01152860736
-0.348236518
-0.2477441473
0.7071831888
-0.2757034957
-0.04398507811
-0.3417259021
-0.5471368954
-0.4340210304
-0.05721019059
-0.3765951164
-0.5697537735
-0.5043037802
0.0512238536
-0.247344619
0.3544686206
-0.7186090149
-0.1084999127
-0.2556425184
-0.4502572186
-0.4056215728
-0.3937979449
0.5934954546
-0.4367009534
-0.5636441229
0.8035886794
-0.1045482229
0.03755020667
0.02286241734
-0.1752817407
-0.7004720181
-0.5417374752
-0.5496190518
-0.242476872
-0.2579741579
-0.6135843292
0.332148971
0.423065974
0.03744340809
0.9519988993
-0.1592024434
-0.09200697336
0.3553004585
-0.3194241822
-0.5063356619
1.099314471
0.2714293058
0.2230932612
-0.4599089794
0.4898849975
-0.1563240103
-0.1125119947
-0.1022891545
0.01728829145
0.1954138933
1.100949463
-0.3995281681
-0.6525503352
-0.006278206129
0.950363927
-0.2573102199
0.4086805634
1.181241473
0.4572102934
0.3991230745
-0.2315288689
-0.3174988471
-0.2606435277
0.1293444289
0.8662029736
0.04181396752
-0.3957540639
-0.5877071798
-0.2142830793
0.5516928963
0.1213347015
-0.1249308847
0.6253452518
-0.2228548534
0.2638152067
0.490092437
-0.1405992996
0.3010733269
0.9052713051
0.07129759705
1.427020115
-0.05157077117
-0.2835549906
-0.1545080855
1.177703642
1.191367551
-0.5442167565
0.660506659
0.1700927138
-0.3604559861
-0.4967641816
0.001360735297
1.516051293
-0.1969103599
0.4063631207
0.1719398872
0.7417066
0.7731735051
0.2560290841
0.006403379701
0.5121984389
2.356424269
-0.2483787956
0.2741318587
0.5295952465
0.02788542677
-0.1494172783
0.05308443271
-0.3699621111
-0.1183657831
0.1582379796
-0.1021572455
-0.0003557778895
-0.09016109835
0.9989939522
-0.02866718519
0.01357266381
0.4326437812
1.18223401
-0.2946822241
0.1590516239
0.05246357732
0.818883048
1.547233538
0.2607471615
-0.5599401698
-0.2578833152
1.43789798
0.402540312
-0.0278163881
0.06913863271
0.02076178268
-0.2571477845
0.02787719723
0.05639471561
0.6926101886
-0.1158821827
1.107190564
0.59197824
-0.6393542591
0.2694597356
0.1290844494
2.024941871
-0.3045569623
1.037178172
-0.1730728855
0.128328418
-0.3866838611
-0.1204236047
0.1275259244
-0.292620061
-0.09604766145
0.5615608446
-0.1206535549
0.3685481291
-0.2695829149
-0.09321794957
0.3896506876
0.9430571064
0.1749866091
0.8071846053
0.08362691822
-0.4267876625
0.3501986951
0.1503811536
0.8613087788
0.7192681562
0.8826004602
0.2174909825
0.07010913491
0.08250546178
0.4777895786
1.698419097
0.4116720092
-0.02755821757
0.3258719552
0.4635560352
-0.1085739784
-0.06011871621
0.02766256779
-0.4739444003
0.2085962638
-0.4468186788
0.3742967978
0.2021616199
-0.3191407301
-0.08588754712
0.04492647145
0.05757400952
-0.03860043995
0.06954239588
0.4523741428
1.541706854
0.1497728239
-0.5524278514
-0.5459330998
0.004942437448
1.047255346
0.121484424
-0.7071679205
0.1706139138
0.2304677223
0.7753215574
0.0440712722
0.4175318092
-0.1990838017
-0.5452735588
0.5084438041
0.144534366
1.04134312
0.3896859527
-0.2089147525
0.9828388602
0.9835194012
0.8367013238
0.1431975782
0.05384268519
-0.2616086087
0.07493846752
-0.02040360048
0.1612227259
-0.0577715259
0.4162732348
0.9287990123
0.1446097292
-0.4001752145
0.2521238938
-0.01367132999
-0.2543990575
0.632895941
1.014742522
0.5633905172
0.1540432123
1.486259722
-0.2648485217
0.5215069097
0.1093049766
-0.05180613771
-0.02996859103
-0.04788718205
-0.3161954141
0.00507864356
-0.1717611387
1.037404222
-0.2620830502
0.8749249242
0.06110609067
-0.2502608033
0.01364271771
0.2353437431
-0.03954132088
-0.3055314605
0.5567569286
-0.2229098856
0.2424677414
-0.3111973706
0.4314307939
0.1124747051
-0.5507637449
-0.1166708534
-0.5941355538
0.2339117745
-0.6037151866
-0.4008339651
0.115357478
-0.6046965361
-0.4085667487
-0.170722647
-0.5745079577
-0.3542333178
-0.3260866772
0.2870839734
0.002774358448
-0.03143626526
-0.6380222529
-0.192268996
-0.258414408
0.2718051653
0.5648426801
-0.4240212187
0.1286725465
-0.110060253
-0.5000446174
0.07151908074
-0.7278430015
0.4894410007
0.6047665827
-0.6652195834
-0.36846526
0.03615744058
-0.801698878
-0.2526065104
0.06563018197
0.1528051103
-0.2272574335
0.1969699694
1.378642553
-0.4601615094
0.190398852
0.6364552774
-0.1890791345
0.152908168
-0.2221610114
0.1188183784
-0.2909441514
0.8395996049
0.1325986453
-0.4509374548
-0.6561399609
-0.174136094
-0.5265233893
-0.03725378197
-0.3814332746
0.3523614574
0.6961569764
-0.2984150499
-0.160215584
-0.5284205787
-0.6322354011
0.2702172936
-0.1135710365
-0.1250021607
-0.5308905914
-0.3739527699
-0.6211408161
-0.05448029637
-0.4437096041
-0.2166595373
-0.1452771792
-0.5473983124
-0.6528911754
-0.05223680642
0.00419550743
-0.1388556737
0.638912967
-0.5901361324
-0.5259238556
-0.5429168925
0.3452650262
-0.1458324768
-0.8695301518
0.402800703
-0.2434173711
-0.3021394982
0.2226766579
-0.1186148235
0.3098686373
-0.247062847
-0.07745022196
0.3098552879
-0.1948233467
0.4649476863
-0.3588219121
-0.2696669254
0.04800796527
0.2224678133
-0.01701733898
0.05708521856
-0.03397424947
0.2129618062
0.2906230975
0.09904242009
1.038972499
0.4401214607
-0.3249058531
-0.5901735276
0.1413352301
0.2722341228
0.06800536271
-0.101406052
-0.3663106605
-0.04568390809
-0.1570630744
0.4738355644
-0.1809730964
-0.4989455961
0.4069010336
-0.2065262832
0.3904640136
0.03388447687
0.6099180333
-0.1116848388
0.4744551361
0.2598848669
0.3712113511
0.01439429373
0.3012553183
0.2210513366
0.8055962712
0.4731785007
0.1391149811
0.4872405033
-0.1671948785
0.08119080327
0.188268817
0.8751161851
0.4300195321
-0.7726300374
-0.5521313675
-0.0571051769
-0.5770361979
-0.07399647906
1.160378872
-0.05333009562
0.1391152555
0.2447502647
0.2228615209
-0.1118486434
0.4145482771
0.003271515574
0.3981796511
0.8766331121
-0.4767008305
-0.1136502329
-0.02052413188
-0.1161371334
-0.515427202
-0.2238002332
0.3229216527
0.6175757565
0.2946016058
0.5926357917
-0.09573394768
-0.2139384326
-0.07973077749
-0.01782739796
-0.6635997102
0.1197992489
-0.3154699594
1.05864011
0.1289915152
0.2472360739
0.4870380171
0.1817536974
-0.2514577894
-0.02846383043
-0.5626051292
0.6724591225
-0.431909132
0.4141690411
-0.5418269001
0.2278727798
-0.2646365702
0.304650104
0.3430408487
0.7310828485
-0.2981159151
0.8467623331
0.3200869685
-0.4564584224
-0.1658880256
-0.5150051262
0.08447396467
0.4793679595
-0.4925479669
0.41761848
0.2864151366
0.6120293051
0.2686973325
-0.2570089772
0.04187183101
-0.2592199899
-0.02240994666
-0.4374482188
0.3365985733
0.2817688439
0.8240478497
-0.366430562
-0.2880498756
-0.5591937155
1.281678328
-0.7975251645
-0.1554956172
-0.6726534963
0.02684449693
-0.1773350537
0.31799898
-0.03099467643
-0.7395526983
1.22712473
1.697122229
0.633434625
-0.4736410409
-0.6066078469
-0.02061352646
-0.381741292
-0.1546189622
0.4199364111
0.001983203739
0.1243683057
-0.1212810587
-0.4223087989
-0.3100928629
-0.1310931271
-0.1250186503
-0.4149347235
0.3903234625
-0.5177931815
-0.4261440501
-0.191893317
-0.778007561
0.1774254544
0.01030110195
-0.4044563778
0.06351964367
-0.2751829978
0.008573290892
-0.387985979
0.2978773059
-0.2157595221
0.02328731772
0.4803652562
0.06345892549
0.04760998376
0.9271653056
0.9824151188
0.3258679472
0.6360740716
-0.2481093226
-0.4008616239
-0.1572195982
0.4733425088
0.1944739001
0.2325913308
0.3404645234
0.5453739371
0.2148327928
1.034622234
0.2724904388
1.458633474
1.056602128
0.3931760922
-0.05550797954
0.3103092344
0.298695612
-0.3970822835
0.140174404
-0.1147700183
1.014729776
-0.3103549007
-0.7299450196
0.4604926638
0.5220440648
0.06769047473
0.07239851076
0.3048045752
0.01885559696
-0.4456148945
0.6277400099
-0.4161263533
-0.2493955275
-0.03732335046
-0.1366579128
-0.34718752
-0.3922790926
0.2175543951
0.1952560727
0.3965145269
1.003461309
-0.1735085344
0.8832024306
0.3701783162
0.04452987351
0.08453312735
1.296064663
0.110578584
0.3920216292
0.2012870238
-0.5011593349
-0.4507446066
0.9170482345
-0.133138454
-0.7489105031
0.1927741587
0.052778681
-0.3058168598
-0.5158455048
1.140545632
0.06352569368
0.2714780919
0.7547286972
-0.7068183586
0.1783439798
-0.1005529564
0.03448789064
-0.5288201712
0.7858002625
-0.6456782192
-0.7979426473
-0.8710449792
-0.2174031472
-0.5886365997
-0.519266172
-0.5926143929
-0.03945910688
-0.336611945
-0.3527918443
-0.1379851259
-0.3449836678
-0.4100331746
0.1256530505
0.00435731858
0.1581218511
-0.03771549873
-0.2269050013
0.8623931557
-0.2863971733
0.3073946122
0.4786548927
0.4125631306
-0.5018762596
-0.1925614987
0.4337813452
-0.1207596075
-0.3144622777
-0.2786788784
-0.2868567977
0.1012467873
0.3909000862
-0.4865688913
-0.1661253795
0.1529655197
-0.3859046662
-0.4922750279
-0.2296301316
-0.4679289345
-0.5362052999
-0.6417647563
-0.6045716882
-0.2103291258
0.1544850727
-0.232992211
-0.3434874877
-0.2439980377
-0.05511924711
1.09907763
0.5079079702
0.07306333892
-0.0615206813
-0.3575624481
-0.3236700521
-0.5184433758
0.6864020564
-0.107175305
0.2527729748
-0.4619076733
-0.5611616731
-0.3192380235
0.4130316429
-0.3477499319
-0.5104037739
0.04738075351
0.1870350285
-0.1618297491
-0.1093324757
-0.5178631766
0.4827985708
1.021871287
-0.3622384988
1.1589652
0.3946769685
-0.4305444177
-0.847277312
-0.2492457908
-0.5883189552
-0.5339724109
-0.69486244
0.6545093641
-0.2644058358
0.2803831237
-0.562933594
-0.1132224098
-0.5922166266
0.5133343525
-0.460452456
-0.1099267563
-0.3418473087
-0.4813336316
-0.3319057185
-0.4575009942
-0.02819894366
0.3412089575
-0.3146977466
-0.4281223297
-0.5929162323
-0.4867542878
-0.08541943412
-0.5916924138
-0.4210867927
0.2265350234
-0.6939188927
-0.06730123609
-0.03227790501
-0.3993444052
-0.3172154391
-0.6701321632
-0.04129610173
0.07771277577
-0.3451855844
-0.2516807223
0.3353371814
-0.3367692079
0.1141839296
-0.02139601745
0.5575623832
0.2835660398
-0.4439578291
-0.03611057755
0.03197514904
0.3311029188
-0.6452174649
0.3802950494
-0.50108863
0.1568264082
0.3301754259
0.02014388926
-0.2524073489
-0.02734946255
-0.1757510663
-0.4264989965
0.1779515658
0.01743123773
-0.7145220891
0.5140121095
0.8020423252
0.3266631354
0.07278314084
0.07200882453
0.471224112
0.2989447646
0.4084784426
-0.06741228551
0.1427993318
-0.09852194972
0.1349154984
-0.196372712
0.2631374281
0.05314927036
-0.5237614065
-0.3004145131
0.1089276826
0.4010727428
0.1954853876
1.054927602
-0.2411146974
-0.4078621045
0.1200486988
-0.2148467846
0.003122848365
0.08785952074
0.4337952191
0.3304738171
0.1919697929
0.3328349993
-0.3877282027
-0.1285425751
-0.2108514454
0.54551185
0.3446289206
-0.2143280071
1.863966247
-0.1011502215
1.243442455
0.5424274333
-0.5343778692
0.2849651806
0.4788824931
0.5630490091
-0.1444979269
-0.4971329167
-0.2539859455
0.4606367476
0.7896499887
-0.2251857902
-0.263221645
0.4023992028
0.2174993401
-0.5580048904
-0.04381589126
0.2948189586
0.4799101351
-0.10623054
0.6674736775
1.092257446
-0.2958706748
-0.2310953531
-0.1966132057
1.004888466
-0.2764439728
-0.07088184711
-0.01243613935
-0.4751751844
-0.06160640093
0.456880071
1.140819537
0.2612458738
0.3309092812
0.9158357933
-0.4575809831
0.8993455023
0.7823435128
0.7222719233
0.2186908476
0.6854466073
0.8577034071
-0.03276963718
-0.02955280794
-0.1787234982
0.1961621724
2.16187232
0.559183874
1.036303399
0.6706050579
0.05462526036
0.6783519238
-0.09617596837
0.2762798449
-0.3735359147
0.4077063482
0.2562868521
0.4010175839
-0.2591401748
0.1389185557
-0.4677605875
-0.2447980404
0.4066866279
0.01836545197
-0.4440398246
-0.05737196188
-0.4270348642
0.3997298475
0.4818228396
-0.2997638226
0.2843705473
0.01841308884
-0.5269796429
0.3261745023
-0.1415889673
0.202762443
0.09090187419
0.5932042032
0.2414328816
-0.2845148686
0.007047894225
0.07815603763
0.7195170604
-0.5608327977
0.1850425735
-0.3105892796
0.1905283418
0.6357492909
0.2978282545
0.2993689436
1.101030518
0.01615557298
0.1873660997
0.2553039324
0.05438559577
1.163394599
-0.1319091703
0.3723501948
0.3617490822
0.294704536
-0.02158196303
1.557914504
-0.08157767355
0.5290635966
-0.2052611083
0.1808107156
0.09109035041
0.4380061327
-0.008258411102
1.06712104
0.574080725
-0.1606195085
0.2599228603
0.4148661435
-0.09434958836
1.771240523
-0.4376009893
0.3120274786
-0.1029039651
0.2349128656
0.7559194505
0.6876870882
0.199820793
0.1771966784
1.214582127
-0.2699458037
-0.2617603015
0.2507921528
-0.06087428611
0.39004564
-0.4608527847
-0.8991385385
-0.04794901507
-0.07809957648
0.2039349019
-0.5794037759
0.7770289153
0.1316922525
0.2846724934
-0.1347630084
-0.304146523
-0.2509897716
-0.09339000452
0.7874858841
0.01540256767
-0.5456006512
0.2519421469
0.03132892791
-0.9543249119
-0.1241039019
0.5613198325
0.1904296193
-0.1697069833
-0.3897800747
-0.1427559577
0.4758429512
-0.2328904584
-0.4290262403
-0.2074496258
-0.01029287493
-0.5298755668
-0.1525430726
0.2003545666
0.8678077489
0.6583799094
-0.7164803833
-0.2891172145
-0.4281223811
-0.07056727223
-0.04505469408
-0.368683324
-0.1848775826
-0.7660169944
0.4274573635
-0.1847918224
-0.2450828839
-0.7426461183
1.353132418
-0.5841863893
0.01242827624
-0.5464770615
-0.8491232388
-0.1346029568
0.7362039991
0.1179752946
-0.6667503729
-0.6262656696
0.4993829928
1.122013119
0.2362743518
-0.4590367667
-0.6258966487
-0.1152021706
0.6801641725
0.1601365957
0.2769839961
-0.3621562477
-0.02021856867
-0.4572646521
-0.2125956446
0.7273222104
2.002000508
0.2545904238
0.158071675
-0.224110727
-0.7445984505
-0.05119688804
0.2793535227
0.03245515935
0.2081172311
-0.4069132778
1.155685806
-0.5534644857
0.1848110587
0.1655766198
-0.1141393802
-0.4070307724
-0.4488696888
-0.5590197906
-0.3510241196
-0.4703571841
-0.2864464786
0.1081446835
0.06053230874
0.1442588728
-0.3797895536
-0.2082916912
1.246961452
-0.3318241701
-0.008207973791
-0.1453770613
0.3666489938
-0.5801098775
-0.006453456637
-0.2932905108
0.1357237555
-0.4594735865
-0.2176450789
-0.1014727602
-0.5078049604
0.2698103957
-0.5809722319
-0.7275705166
-0.9137808263
-0.1648849349
-0.507156932
-0.7448930621
-0.3552313294
-0.01288036369
1.199233504
0.5458656006
0.7520707818
-0.2733961381
0.2458344322
0.3534739166
0.3142166853
0.4796861894
0.463291117
-0.7290458903
-0.2781185579
0.8258626521
-0.0114289172
0.239520064
0.2378803544
0.1572787546
0.03424025886
-0.06022079811
-0.337124712
0.2636159813
-0.03157233251
-0.3010445319
0.2288024373
0.723533269
0.2617512591
0.8766357437
0.5045084558
-0.01420195419
0.2319522614
-0.2794805631
0.03503552778
0.4504504822
-0.3085265264
0.5995029621
0.04154586159
-0.3446177062
0.7672115497
1.297306521
-0.2207292583
0.5914035514
-0.4040382922
0.5518894374
0.1922304964
0.2230056245
0.3316617154
0.1842629332
-0.4335624792
-0.1416751508
-0.3626531046
-0.1668272616
0.4995491166
0.5858111034
0.2743450806
-0.1630981706
0.7019514613
0.5234595437
0.2491905674
0.7409511484
0.6918628011
-0.3208789192
0.8427810628
0.3828131109
0.5623600267
-0.04464798868
-0.3906933727
1.182660961
-0.9755066171
0.8528415708
0.007301641814
-0.4471937496
-0.1993245438
-0.3004747037
-0.4756184218
-0.7085164532
-0.9225815162
1.148693132
-0.376560773
-0.1194882734
0.01889931448
0.04051755182
0.02071465366
0.5630021736
0.5471074338
-0.2568146924
1.425330834
-0.06957015465
0.02109459806
0.3058035484
0.07992267124
-0.3199757867
-0.4399402134
0.9932759166
-0.0826804773
0.7379038107
-0.2234463872
0.3635632147
-0.4791656964
0.4237033259
-0.06364231622
0.5256847229
0.08807449378
-0.06258063912
0.3114524556
-0.5751274765
-0.3389061561
-0.5655266136
-0.3157732487
0.02244470362
0.6803222731
0.08569477089
-0.1540781014
-0.08192108085
1.088290615
1.750584742
0.1630396636
-0.5280061506
0.7211466504
0.6781686082
-0.2944669813
-0.1963205325
-0.3649504595
-0.02308831066
-0.07123672292
0.8734169107
-0.08937202538
0.01538775209
0.6351680331
-0.1041653754
0.9337150306
-0.070122346
0.165087177
0.09231692925
-0.1816803584
-0.5036608197
0.3912050061
-0.2747695021
-0.0683372451
1.118441406
-0.4326215465
0.1112140136
0.07078224048
0.556613636
0.0832498638
-0.3092388697
-0.5059437903
1.831983191
1.370316885
1.160519716
-0.5807431195
-0.4083370525
0.6875496641
0.3727382867
-0.0666317584
0.2587902308
-0.2472472576
-0.1259059578
-0.5124195008
-0.2915450603
-0.4144142106
-0.1300034296
-0.05313526187
0.02054399271
-0.2179924864
-0.5344333086
0.006030703429
-0.1020995438
0.4402690263
1.306793857
0.03033475764
0.05990161356
0.481238275
-0.01739153154
-0.1740244433
0.2033984175
0.7589315206
-0.03452232722
0.09557441548
-0.3737294717
-0.382631655
1.005522768
-0.2171922475
-0.2172436982
-0.3126829073
-0.09986966588
-0.3864970915
-0.4726888463
-0.03696426935
-0.32202284
-0.1504200328
0.5990554187
-0.298601684
-0.3637517974
0.4915538851
-0.04123250358
-0.5454741221
1.782326181
-0.2796397647
-0.1691773983
0.3820622941
0.2829174163
0.1368418876
0.02685699211
-0.01984198783
0.1572122641
0.6398706302
0.6960019335
0.06694821892
1.350011057
-0.5769944713
-0.000932436157
0.6251136285
2.327878428
0.6799050868
-0.05484657157
-0.09289977532
-0.2391341053
0.5872033641
-0.3571071479
0.3479573135
-0.6268659703
-0.6404007681
0.4545464918
0.8088102035
-0.5400567248
0.4869410423
0.5061602447
1.174980167
0.4103915626
0.9086490363
0.6481652888
-0.2370068466
0.4207744906
-0.3075083911
-0.3105579413
-0.1802151199
-0.2914100002
-0.5425676808
0.03135156906
-0.529954337
0.03829594124
-0.2482265204
-0.5977939293
-0.8722567797
0.20642433
1.348335096
-0.4132185571
0.3503072794
0.2479174552
0.5219689846
0.1972188132
1.008783518
-0.6904280685
-0.1920124275
0.138735979
-0.6122995093
0.3563016347
0.2071775652
-0.06370575968
-0.3936049648
-0.4214302108
0.1862147428
-0.5839016065
-0.6075352046
-0.7700626384
0.02611991409
-0.1680724159
-0.2459313868
0.4771273786
-0.6508394483
-0.3235507242
-0.2215475433
0.1369691852
0.3492653487
0.03320791945
0.04636123935
-0.4856434831
0.09560289588
-0.1253983799
-0.3413221672
-0.2656259786
0.4921002401
0.02186408648
0.9491586238
-0.3079069458
-0.4291733606
0.3729443045
0.8625403345
-0.4350832298
-0.0009250076488
0.5816416692
0.2339199018
0.8880086005
0.6265916508
0.2696064909
-0.2311874501
0.4287450776
0.9418734252
-0.1816399939
0.3251634039
-0.472593686
0.2674035374
0.174667556
-0.1116464138
0.1485856312
0.001541882381
-0.1959070083
-0.3498281278
-0.7122952273
0.2675638359
0.2278546177
-0.1101259291
0.1146532292
1.132135475
-0.5311085765
-0.1211112287
-0.42918327
-0.5277934816
0.2784448363
0.3625226581
-0.009779839125
-0.322274369
0.8028123997
-0.6941007324
-0.4446890658
-0.7165607758
-0.5089722082
0.2046700612
-0.0962566724
-0.5342401672
0.7637916699
-0.07080797302
-0.5486736584
-0.4897102088
-0.1089514824
-0.743527545
0.04640911464
0.08479887974
-0.1397298686
-0.0006831837818
-0.1654552221
-0.2164836632
-0.2334613265
-0.1726678037
0.149947962
-0.1534734912
0.190938173
-0.4228736956
0.6786909103
-0.2795637829
1.517552382
-0.4138409261
-0.3735927217
0.4595900148
-0.5294376228
-0.1467413373
0.3528149817
0.892976816
0.4029679939
0.470996334
-0.122137481
0.3113289181
0.1418449823
-0.1048949175
0.4911073286
0.02536533233
0.4746296242
0.2676715901
0.4258992344
-0.5311243564
0.2322417323
-0.2327939326
-0.1573966097
-0.05438383017
0.1934381179
-0.1010323616
0.7692761526
-0.386875844
-0.330880967
0.4155024016
-0.018220504
0.1961237257
0.4216525445
0.5472168736
-0.6202222524
0.6655940914
0.1023044489
0.3316835135
0.7788731247
1.032545544
0.2098085971
0.07247910015
0.4091775621
-0.08992222808
0.02203717083
0.7718835363
0.4110161906
0.7392558992
0.3019634366
0.102456519
-0.2178784353
0.27499658
-0.3080559123
-0.2483130436
-0.1332919855
-0.6702971503
0.5295291193
-0.2259943776
-0.6163698837
-0.1783716943
-0.3124218348
0.6814982732
-0.3128776908
0.1068035823
0.9709937781
-0.4462732732
-0.2252482343
-0.1779021284
-0.151148114
-0.1168062893
0.8483203474
-0.2481119126
0.3117971611
0.1318297803
1.050056939
0.4466904951
-0.01349786464
0.8147687882
1.115228508
-0.2203118751
-0.5777723201
0.6215968782
-0.02592975586
0.3314686976
0.5019431107
-0.9635082006
-0.07178078387
-0.3209081959
-0.3627303787
0.1289487042
0.3985435523
0.1783014383
-0.07594899796
-0.1056025457
-0.3487552308
-0.3086860932
-0.5410083741
-0.01607420237
0.09885857301
0.1335620191
-0.1620613635
0.7937352687
0.6759192929
0.3093185848
0.8237547264
0.4918478251
-0.007926471159
0.8441784859
-0.2987313464
-0.09667833745
-0.3560235433
-0.3631839203
0.09547436684
-0.5118343867
0.368308476
0.1409330342
-0.02557441816
0.411551062
1.264338014
-0.1400697927
0.879284934
-0.08496547174
0.2468842383
-0.1736901
0.2675254513
0.7486750476
0.2285783365
-0.3468456477
-0.1543452997
0.575149259
-0.1400910302
-0.3146050967
0.537940716
-0.4284019247
0.7138114804
0.01778300665
-0.2320604615
-0.01049565375
-0.09478699658
-0.110915816
-0.4226624873
0.8143060848
-0.2487162253
1.513215182
0.5154688112
-0.1327572355
-0.1145589414
0.4699284941
-0.7655350432
0.5363779247
0.6059442665
-0.03264835067
-0.5029268496
0.003501884267
0.7431274094
-0.201163449
0.9214435201
-0.05373270232
-0.3214765456
-0.1681490568
-0.2011238767
0.2618749443
-0.1297318663
0.3014463398
1.002412618
-0.1164924792
0.5378698274
0.4096319079
-0.2560917322
-0.2379607266
0.5667477101
0.1293961715
0.3797476988
0.1930238025
-0.08371149004
-0.5777394593
-0.07563011684
0.9575273335
0.06475717034
-0.2418632939
-0.2355046757
0.7836155415
1.071123026
0.899214457
0.1760121858
0.07204837063
0.08454298377
-0.04740581904
0.9933347404
-0.3119815411
0.1317976736
1.666129804
-0.08723650984
0.7195958503
-0.8843114316
-0.5774210915
0.4553501572
-0.3673710953
0.03836428854
0.03520899247
-0.1180284368
0.3273423301
0.3043785209
-0.1427476144
-0.391494447
-0.3671812724
-0.1955296377
-0.3926337875
-0.2580790259
-0.3940130208
-0.004200508073
0.2825616796
1.039159355
0.2156372861
-0.08711707257
0.2347234413
0.1647317767
-0.3216302581
-0.2754050499
1.605632133
-0.4310696155
-0.2962257732
0.3358137702
-0.007131791487
-0.3709129019
-0.2553593293
-0.3488501174
-0.2334509194
-0.3638704725
0.1218768619
1.010577323
-0.1997918425
0.5011465896
0.3259195345
-0.07490365319
0.1907710191
-0.2672449656
-0.3795154549
0.5759159185
-0.3847617909
-0.4275775254
0.2333713103
-0.821669656
-0.1777380886
-0.6534121819
0.997342205
0.4123345595
-0.18407779
-0.09915500097
0.09739456996
-0.5116965741
-0.3953377221
-0.6186941475
0.8796694264
0.08206448099
0.007468540873
-0.01282206625
-0.1815446205
-0.7823505118
-0.3586502161
-0.3796780597
-0.2460801352
0.981197164
-0.2771839056
0.03191418918
-0.3747487761
-0.5910132718
-0.06067484315
-0.0685039388
0.1556054816
-0.4098533489
-0.2901159197
1.171035985
0.08890576204
0.5653452165
-0.3630041409
-0.2226509861
-0.1838258009
0.1404616762
-0.2132638986
0.4635711871
0.1550123245
-0.4248939048
-0.2980476175
-0.6536282957
-0.6367999032
-0.1452080403
-0.5236262634
0.1544582845
-0.5635682382
-0.3431472003
-0.5905328136
-0.3338520065
-0.4444971971
0.1418501928
-0.358262229
-0.07299097814
1.152107532
-0.772656706
-0.4737206742
-0.1619101945
-0.6087587878
-0.3852734402
0.4407580271
0.2805225238
0.2763046816
0.1434083894
-0.7640385047
0.1068885351
-0.2871552244
-0.6414698079
-0.3604475532
-0.1413017472
0.08064166345
-0.4598161295
-0.4181462349
-0.09408754893
0.5098047566
0.2467089782
-0.5693129167
-0.1318854023
-0.3971622762
-0.3495254945
0.03329453194
0.3422622457
0.5779456228
0.2618937198
-0.4165375747
0.1604738954
-0.3964006133
1.01588977
-0.4954764888
-0.379203818
0.5230294563
-0.4998996928
0.1150244042
-0.1146096461
0.02316872515
0.6822779573
0.5999449329
0.7574393764
-0.7360178273
-0.3867516823
-0.1518414123
-0.1530808087
0.7345447261
-0.08684690706
0.295106082
0.6860402808
-0.3456631012
0.6833151579
-0.6073695265
-0.919772689
0.1332262297
0.4883696631
0.1292023044
-0.1477279924
-0.4521223634
-0.08478415143
0.295926189
-0.3776470032
-0.7036710799
0.1136199227
-0.09821246993
-0.3978495797
-0.2182574362
-0.3340711422
-0.4977310229
-0.2767948382
1.426225524
-0.3426028531
0.4914389908
0.1237862442
0.5490423247
0.4058459349
0.9198001835
-0.2936220527
0.1284427591
-0.04298793413
-0.5749235492
-0.6467039995
-0.4145457182
0.18475138
-0.1852006227
0.9237960279
-0.07718568873
0.1261948947
0.4518594943
0.3017284162
-0.1713023275
1.660911055
0.7360047266
0.7206694588
-0.3577191211
0.2470564872
-0.4886964612
0.8348665088
0.1947881112
-0.2103391968
0.3399191938
-0.335031615
-0.6776294634
-0.1403034732
-0.5233524196
-0.4266052391
-0.4636212332
-0.3173899233
0.9060432635
-0.07149059959
-0.7679861231
-0.6239654623
-0.5214445651
0.1588140374
-0.132341179
-0.3730514809
-0.3985711619
-0.09759624433
0.2142690105
0.7260636061
0.3815206607
-0.1354234153
-0.2327471193
-0.2658563562
-0.5424348466
1.36978896
0.4011205882
-0.4391698793
-0.5672607739
0.7439238606
-0.4707355607
0.1949841334
0.04645043164
0.1561879599
-0.2674956389
0.3116398681
-0.1504374522
-0.2368063934
0.3079522571
-0.1963041427
-0.2799193814
0.5994298901
0.5076410279
-0.2697086923
1.017266528
-0.3721086216
-0.6535601139
0.1416498797
0.4794960137
-0.6175282717
0.5472698338
-0.1160666279
-0.5483792495
-0.4642928282
-0.3355657987
0.322728996
-0.7785311908
-0.6132475544
-0.3035652339
-0.1906013962
-0.3036932959
-0.567265575
-0.1026858608
-0.4950379902
-0.4242037214
-0.08263787902
-0.2546916135
0.4951047689
0.07249310494
1.065679979
1.279303827
-0.08426225316
-0.4415459964
-0.7529938612
0.1734686948
-0.3673554115
-0.09246151857
0.1152869938
-0.2234318005
0.8017808326
0.05446517318
0.1482706761
-0.1835131861
-0.1477336379
0.4615957153
-0.3407022636
-0.3621143252
1.411542612
0.4935726587
-0.03192775846
0.666444079
-0.6150792181
-0.1593973315
0.4478202879
-0.3216906421
-0.5860163152
0.2199156769
-0.4548483498
-0.4565884771
-0.0773713693
0.1427376546
-0.4990282636
0.6613443881
0.2750559587
-0.2509357177
0.4491582796
-0.3887750257
0.07054970404
-0.07940308079
-0.5004860538
-0.008067587204
-0.1963384409
-0.17392627
-0.3166570455
-0.3505188063
-0.07781972568
0.1115046455
0.1143948895
-0.4224759018
-0.644438833
-0.2624810821
-0.09744871277
-0.2733291015
0.1496320773
-0.5317989953
-0.1793271135
0.8454796029
-0.6348103784
-0.04122123644
-0.2864145856
-0.7147460371
0.2107827038
0.4391674668
0.06362007316
-0.05444730222
0.3431927925
0.009157299902
-0.05225174967
-0.5517125957
-0.5094892915
-0.3644097194
0.3031711936
-0.4219243165
0.3733541913
-0.0755255471
0.1312278097
0.5712018587
-0.2264288515
-0.8088843007
-0.2584395126
0.703471566
1.023264641
-0.6018027708
-0.3997236162
-0.1871371981
-0.6481589898
-0.5480453044
0.7395872504
-0.4766801916
0.6504049427
-0.5145388089
-0.1707803166
0.1553831404
-0.05114155971
-0.7998230845
-0.5202877298
1.477755053
-0.1005608663
-0.006660668924
0.3419721438
-0.3730156668
-0.4296506159
-0.5370978221
0.5895741565
-0.4091657054
-0.23147999
-0.450576633
-0.4589047328
-0.1216399943
-0.5563504573
0.5465865694
-0.1957066095
0.5754274119
0.3627449509
-0.3906491606
-0.5439603403
-0.3552120715
-0.463892661
-0.549355652
0.02874852121
-0.009815023653
-0.5304891022
0.2988924166
-0.3873541757
-0.5537961204
-0.2946226742
-0.1111707043
-0.08958157524
0.02708479352
0.08689176403
-0.491506996
-0.4935169805
-0.1981889216
-0.7868812263
-0.3413155656
-0.4069112619
-0.3500157379
-0.6266820326
-0.2535566039
0.5351178713
-0.290432632
0.5597174276
-0.03702791482
-0.3280197401
-0.2141740382
-0.3946603125
-0.6315340534
0.02620446729
-0.7520300623
0.07656552056
0.8025240421
-0.03331944607
1.405732098
0.3412060628
0.4579042342
0.002520607784
-0.1358231962
0.2917207532
-0.2147159189
-0.3725950964
0.1158794262
0.7593142007
-0.6143266089
0.0809017654
-0.3810326319
-0.375078511
0.6376595303
0.445403558
-0.23730748
0.2534866587
-0.9730437666
0.3106760966
-0.2138229292
0.6270558931
0.7766908661
0.1769092312
0.6498074859
-0.4775133982
-0.161990606
-0.3113528989
0.3603194785
-0.4183931515
-0.649251917
-0.1187274301
0.3605016684
-0.1917845365
0.03069160022
-0.5294638137
-0.2647709955
-0.1220108977
-0.4566016279
-0.5507425532
-0.5994693287
-0.2958771853
-0.0172342977
-0.01853089146
0.3015646186
-0.4984343283
0.6533421531
0.2510332808
0.511008868
-0.08593026269
-0.3649373665
-0.5171811476
-0.6162917167
-0.1568561405
0.1839610273
-0.09391244687
0.3007599447
-0.2705956675
0.718307735
0.01549717139
-0.3548457816
0.3247978497
0.5941272121
-0.8197813123
-0.2889703427
1.265254226
0.2829345822
0.488215787
0.5562832773
0.002226255648
-0.2082782984
-0.2273217589
-0.5306435093
-0.2418848187
-0.5622729922
-0.366596067
-0.6409267858
0.9854802199
-0.4290596038
-0.7183183402
-0.1752781063
0.09967069877
0.6640203014
-0.2081360603
0.1739390299
1.823961657
-0.06465419978
1.416548721
0.4661439035
0.5477879301
0.1877265658
-0.5587564409
0.7206800366
0.6348654207
0.05400180966
1.054614392
0.3303383581
-0.3476250682
0.1492405825
-0.7242102845
-0.1859348288
-0.1738415945
0.1042477132
-0.2345368117
-0.02687027575
-0.7204345509
-0.03706977218
0.05669390913
-0.1060785942
-0.1287926055
-0.2301018637
-0.2031213727
0.09076450132
-0.5123392299
0.07774669491
0.2789634652
-0.4295862783
0.04813117171
-0.1954088669
-0.3624205988
-0.08855755441
0.3042602248
0.4501141407
-0.2960753474
-0.5841264457
-0.3163705137
0.682931114
0.6509187564
-0.04320137203
-0.3586037364
-0.7190942816
-0.4755383857
-0.4303464159
-0.4550621495
-0.858743389
-0.07288098447
-0.55261847
-0.2023829076
0.3566852707
-0.3465200942
-0.3237500869
0.4903348263
-0.211240202
-0.5742276937
-0.4547328547
-0.009431299148
0.247999588
-0.4632932365
0.1794263373
-0.3076943111
0.8211881071
-0.2449931638
-0.2741994543
0.4052013516
0.5054207943
0.3690503158
0.1171689594
0.1170501474
0.2674857844
0.01932793669
0.1391843511
0.7572555549
0.02021579361
0.1775475051
-0.06695848852
0.03124183407
0.4444184769
0.2419157602
-0.3606531419
-0.1162387827
-0.3125500441
-0.02356040268
-0.1420891248
0.8114440665
0.3593267526
-0.6367023513
0.4185395714
1.156017838
-0.06510270685
0.1926569954
-0.2704510698
-0.4828369338
0.2157854933
0.5017192684
-0.2346416451
-0.7631237403
-0.3526233271
-0.1618410191
-0.3769506127
0.2923017349
0.4920547262
-0.1231952248
0.0945939607
0.8231607152
0.926987344
0.6471546866
0.2663779771
0.4591805093
1.035697874
-0.1061584547
0.9755891213
0.9699745741
-0.5447799217
-0.4445193149
0.3970795412
-0.3957840584
-0.1288785605
0.007228811085
0.7189060219
0.4333155051
1.630430305
0.08264519516
-0.1262152687
1.22827186
1.693844277
0.5529661648
-0.3582925134
-0.1902050316
0.1955683213
0.3469845347
-0.1652729604
-0.29161098
-0.3609398112
0.747262482
-0.2633930452
0.3486745692
-0.06773267221
-0.6492664769
-0.4724671494
0.237800676
-0.438376886
-0.232531482
-0.3601280422
0.2402631123
1.090754557
0.2655788453
-0.4631775843
0.3726802297
0.3864277706
0.07469328172
-0.7987629876
-0.2961806618
0.9102993801
-0.3437000401
0.8975432143
-0.764311365
0.5142113256
0.324403356
0.1093198848
0.4310532302
-0.5822512284
0.1989678076
0.5752623299
0.3613498725
0.5892085069
-0.005868525151
0.3587400239
0.5082698978
0.600942038
-0.09855965981
-0.1889964759
0.3853625789
0.5913172716
0.6595953736
-0.06166349873
-0.268184938
1.201218344
0.05748411845
1.036104646
-0.3927409083
-0.3388998432
1.461711524
-0.1957183516
-0.03053636609
0.03702994641
-0.07045033062
-0.349842752
0.1896256607
0.3877038948
-0.05293791937
0.1198485406
-0.5577121228
0.8164230436
0.3380857741
-0.3558506608
-0.673404263
0.3917888543
-0.3050810508
0.1333319008
0.3889215421
0.696360163
-0.3851184342
0.6031901941
-0.4128144179
-0.1415572368
0.4724882662
-0.269007808
0.2871534165
0.2534629086
0.748144833
0.2880894432
-0.6317750377
0.4041880162
1.001967977
0.1429940525
-0.4236382732
-0.2163135629
0.1660758572
-0.5800915278
0.1410117006
-0.2029109007
-0.2213206073
-0.1438837346
0.2655194907
0.3182184627
0.876098974
0.3259330351
0.722653608
-0.2782632541
0.2073608233
0.2402702836
-0.277638275
-0.5343568576
0.0728157185
0.4135916542
-0.2621937711
-0.5200774699
-0.1848918779
-0.5256152511
-0.879260695
-0.7948758706
0.1684657231
-0.2071695014
0.4743354195
0.4210734189
0.2217898143
-0.5537941009
-0.42160886
0.3655624157
0.1801462203
-0.04761212468
-0.2351648505
-0.3550355867
-0.03778267931
-0.1726368777
0.03951765262
-0.1237706872
0.1675692515
-0.5349473529
0.1897859145
-0.1304220235
0.7983404063
0.7989341974
0.07022321438
0.7220358657
0.3019923514
-0.1050715998
-0.184136696
-0.1178540496
-0.1722599132
0.09490232868
1.216449702
-0.3459260821
0.7188283293
1.617779049
0.6792086907
0.3813728228
-0.02458323929
0.3359433122
0.8059979754
-0.2923793603
0.7284695109
-0.2774175629
-0.1800832041
-0.2979390867
0.1353485187
-0.3315667992
0.6303360241
0.7915939521
0.2808344535
0.1885785228
0.2450761393
0.09127222653
0.1124130629
1.210920215
0.3607282482
1.100852378
0.8794555996
1.686657745
1.3432751
-0.2982670315
-0.5238531582
-0.323364326
-0.1259954419
-0.2970042087
0.1850346876
-0.07412619237
-0.2937799722
0.2125150859
0.5246615533
-0.1904634736
0.2068511037
-0.13832606
0.2371720176
0.3142602984
0.1283769036
0.1765201777
0.3159449088
0.4445254937
-0.4769440874
0.1196220255
-0.3006680269
-0.00807790542
-0.149590493
0.2392573692
-0.309238961
-0.06757722236
0.4040160947
0.4933759741
-0.03633102253
0.6950253375
0.8819918498
-0.6233799875
-0.2806051495
0.3587905914
1.197935357
0.5626743704
-0.2092730273
0.6938622262
-0.5029325753
-0.08079358118
-0.5640716225
1.095210572
-0.3292888064
-0.6127811745
0.4426528245
0.1710477434
0.5413398862
0.01678846218
0.4056540471
0.7858660519
-0.1912450943
0.871067173
0.3161977478
-0.6500914637
-0.2002170999
0.6112648755
-0.04466114379
0.5535085097
-0.08391056657
1.794716632
0.1329901449
1.105893466
-0.2564926849
0.09165074993
0.4345611434
0.4141250924
0.19601123
0.3161580835
0.6871033072
-0.7172866598
1.525559409
0.1283443809
0.09054699959
-0.1079652612
0.005116063543
0.7045266077
0.3557292113
0.7546041902
0.4737568719
0.453927739
-0.3415720267
0.3942360573
-0.1125978268
0.1114825357
1.373570716
-0.4196068709
0.01565068681
0.5466748108
0.5890081801
0.2984476953
0.4634699475
0.02139128875
0.4569466785
0.4791296683
-0.160803155
0.3733903062
1.413816667
0.6231470987
-0.1956100143
1.060954686
0.1462668374
-0.2486946631
0.01073956555
0.6977651812
0.01902998611
0.701743491
-0.01444645901
-0.0821986815
0.3988480416
1.006626169
0.1740219021
0.7802262753
1.1995163
0.102309004
-0.0773994768
-0.01847707462
-0.4015830666
0.3078869477
-0.4578702025
-0.4212560996
-0.2344499465
0.5615063045
-0.3724068217
-0.707598187
0.02013332723
-0.1205417091
0.5016561307
0.6678000063
0.02211016836
0.03919131365
0.5968373783
-0.03819653196
0.0509173682
0.2511205481
1.483483446
-0.02321053296
0.1414949181
-0.1591545891
1.117190425
0.7648130789
0.262731896
0.4524060052
-0.4961414561
-0.4697094835
0.3556107551
0.6523158409
-0.2217203505
1.550783471
1.025324648
0.0952630464
0.3297308553
0.6410009403
0.7124108687
0.866786252
0.007307181507
0.1033481583
0.1869196482
0.2181241553
0.3020342812
0.408266714
0.3224531636
-0.3383141115
0.05126259672
-0.4308155999
0.409701608
-0.4147630278
0.3409502014
-0.2368779942
-0.4820882753
-0.01412114017
0.7624986342
-0.1646482179
-0.2472011544
-0.2304559024
-0.166848859
0.8365709674
0.6980086636
-0.09921117909
-0.0972730875
-0.3174099538
-0.3507198423
-0.5217659861
0.9128537524
-0.07408253662
-0.2198635152
1.721732856
-0.4394727193
-0.5328637138
-0.06062562005
-0.2763498411
0.9838546334
-0.1056308156
-0.5768358707
0.3404795013
0.3432313498
-0.128646834
0.23900714
0.7052351266
-0.1838348528
0.07313706353
-0.2688636499
-0.5944460655
0.04898887388
0.3965621684
0.6543122768
0.8024344072
0.02997144479
0.1829038665
-0.9153160617
-0.01270559952
0.2788333513
-0.4948403094
-0.1288761837
0.02510684244
-0.8785582662
1.12119679
-0.6256053582
0.127963556
0.7888349049
0.07331317216
0.4547961315
0.445122109
0.399007052
0.09249115977
-0.06779681034
0.6532814894
-0.2056265307
0.8168086343
-0.07176445154
0.1455633098
-0.158791279
-0.04079179196
-0.2921347161
0.8629121847
-0.2759458411
0.9332915165
0.03593900204
-0.5898560554
-0.03597246129
-0.6283752676
-0.08110858547
-0.04259994291
-0.09233742766
0.7338137694
-0.5246459195
0.3053708572
-0.002677177638
0.07071052007
-0.2545567842
-0.5336060494
0.7959084637
0.60627933
-0.5015457675
-0.7477180183
0.2654863794
0.02214062158
-0.1971345624
-0.2006888585
1.716618666
-0.01790250018
-0.4666451016
-0.6277651027
0.1546864275
0.8920050371
0.7792332664
-0.3473853186
0.226215252
-0.01348550431
-0.05672802506
0.2498987629
-0.1188547757
-0.4855410986
0.2582772464
-0.3062079467
-0.1158101877
-0.2190483121
-0.2086858109
-0.2110795276
-0.3287686665
-0.0558928322
0.5524601638
0.178697864
-0.3106200261
0.1719824357
-0.1335634045
0.2818343441
-0.2247042891
-0.3582119279
0.8819790293
0.473689767
0.03764594728
0.006524677761
-0.3308637999
-0.2978514567
-0.3954503924
-0.00282186307
0.486307922
0.4394414352
-0.1609528836
-0.1606283749
-0.3968018934
0.6082263634
0.2922177633
-0.2178819008
0.5226433607
0.1094232271
0.7108713008
-0.01535595451
-0.02232800052
0.3573550684
-0.4771040089
0.2205844869
0.3693203529
-0.919808346
-0.03275701925
0.336615327
-0.3051792596
0.1472485523
-0.5147273585
-0.1837121602
0.4124990962
0.4551832981
-0.1109394524
-0.3805253904
0.4977690659
-0.3587925888
-0.3406192128
0.4273594305
0.2561701119
-0.1814874845
0.2847293673
-0.4354741871
0.03354584724
0.9499983706
-0.07447689921
-0.004422220401
0.01325702313
0.8821524654
-0.245845373
-0.2399095323
1.975914802
0.02863885704
0.3301339615
-0.1158546704
-0.1191890895
0.06368667055
0.5247006301
-0.241463257
-0.3823299505
0.2059474865
-0.4852984354
0.5916501503
0.3788954837
1.34051512
0.4629232096
1.293290105
0.0851506494
0.7021090508
0.4727170102
-0.1918201335
0.2307386249
0.3763025843
-0.108949404
1.64176251
0.03180114832
0.5567587994
0.006220712699
-0.09187895004
0.9511256427
-0.3309915926
0.9175198659
-0.2330730269
0.02068420351
-0.02546628146
0.3433826005
0.1261580251
0.6943762884
1.025113185
-0.2064655539
0.7796122894
0.4214355472
0.1630655291
-0.0560205793
0.537801858
0.922486037
-0.1265032941
0.9498453379
0.244364422
-0.05109069869
0.1825473992
1.037424465
0.08099990366
-0.4810266163
-0.4105920825
-0.3696691846
-0.2726500791
-0.5161387861
-0.4791683264
0.9171370529
0.3157590993
-0.4360686645
0.1955364807
-0.3573858261
-0.1468467154
0.843520686
0.3230262568
-0.1147566043
0.124344736
0.6043738093
1.019130702
0.3428369012
0.6449829847
0.6565755337
-0.6131087486
-0.2289861511
0.1712804282
0.5778549263
0.6211321414
0.09815941723
-0.3098958916
-0.3077863991
-0.3453554749
0.9838658579
0.1416919664
-0.4547998157
-0.1208277514
0.6226100922
0.2408468228
0.443769595
-0.1701179862
0.6430584446
-0.2153300818
0.09745463654
-0.3412403595
0.4227296731
-0.01385426251
-0.07262096088
0.0308974918
0.1819606453
-0.8373741075
-0.4030027967
-0.3865039042
0.008263218217
0.3900493527
-0.4229041606
-0.2083883388
0.8122408718
-0.09472153522
0.7057295218
-0.1308028189
-0.2645021524
0.140502488
0.9661147252
1.027001589
0.05723429415
-0.04201440103
0.6438200608
-0.7236809134
-0.2609150114
-0.6582570709
0.184074295
0.4920163479
0.2463523369
0.4114688937
-0.08369415384
-0.5130953687
0.5991140101
-0.2050702158
-0.225791163
0.07112043463
1.041414836
-0.08429131713
-0.3712780189
-0.229699735
1.281266615
0.2532024842
0.06478381176
0.7340694234
0.5011562347
0.3711146276
0.2377667097
1.7123155
0.07308840659
0.7136707991
-0.2840182968
-0.340859315
-0.4482301319
0.3703665651
0.1160229638
-0.5582326189
0.1443599027
-0.1465451147
-0.5965935573
0.1522401772
0.6731524177
0.4407772006
-0.6079288078
0.02389647607
-0.3840544946
-0.256143897
-0.2175348353
0.09341442892
-0.5095832933
-0.5930271506
-0.6713884428
1.603562281
-0.2959644921
-0.3937670305
0.1748886725
-0.07168104202
-0.1068586661
-0.6381257668
0.06338724196
-0.09261527704
-0.04134949557
-0.2803767048
0.09976465795
-0.2424219409
-0.484654272
-0.1697306942
-0.6230554879
0.1276552372
-0.599698256
0.4247170649
0.4447117585
0.7424945526
-0.1892724272
0.66806915
-0.1684281085
-0.3194968317
-0.4279387079
0.3480838038
-0.1280527033
-0.08309436198
-0.2404745885
-0.1535716813
-0.6812086325
-0.6661310926
-0.1691293588
-0.6124223769
-0.4763439178
-0.4920718167
0.09740024265
0.3471983146
-0.102024968
0.247546036
-0.1296104435
-0.6666281395
-0.3187847577
-0.1850544788
-0.5174015488
0.2322604246
-0.3455152012
0.03928937986
-0.5562774032
-0.280578471
-0.06531760171
0.494024552
-0.02406622432
-0.08914971314
-0.1954311945
1.42979411
-0.2294567293
-0.02941526193
-0.3585240122
-0.621586363
0.4631372498
0.7150650214
-0.3206918687
0.3313730314
-0.897312066
0.006829894241
-0.5041310832
-0.2999384003
-0.5438502416
0.3292257421
-0.6105089217
-0.5498675451
-0.6463910282
-0.4984064057
0.5024020895
-0.4679723781
0.4372954059
-0.8349057704
-0.0994474547
-0.5727303579
-0.1593935221
-0.6527642943
-0.6615849599
-0.3098977912
0.8686855208
-0.2820614297
-0.5712135546
-0.3845080934
-0.5179437578
-0.5505059347
0.2854412958
-0.2732049081
0.1292521894
0.04737271778
-0.6424560513
0.2495289795
0.05228327047
-0.2709992222
-0.4994482813
0.2220829828
-0.08710193262
-0.2449717972
-0.4573207371
-0.3683947191
-0.2676127102
-0.1584191561
0.4772611134
-0.1070652096
-0.1296600929
0.2550290598
0.199777253
-0.1750864189
-0.08643701551
-0.1307746589
0.3706904028
-0.3331992082
-0.2195968419
-0.3770237466
0.3007909738
0.07327873409
0.6921998285
0.3548737835
0.3535893349
0.2809883576
0.0152221486
-0.4831606552
-0.00289346166
0.3164617799
0.3173932764
-0.1114446918
0.8612355068
-0.2022823142
-0.1936219615
-0.2613497939
0.1977245819
0.02748540603
-0.1901875012
-0.1954208979
-0.3578705154
-0.5228058092
-0.3524383932
-0.5067948997
-0.3089564938
-0.5966214523
0.8069415789
-0.14877568
-0.05487178266
-0.1516282091
0.2525358029
-0.5397211462
0.5648340819
-0.1844953194
-0.4159772567
-0.1323663423
-0.1443411762
0.02772182673
0.7563928641
-0.569395557
0.4892923418
-0.334319224
-0.08574943878
0.1098333663
0.2439397436
0.2018547889
0.4027281382
-0.7746441044
-0.01630837908
0.1289283046
0.1349220015
-0.151109837
0.0810869433
-0.6817007134
-0.3436134355
-0.6067513851
-0.1278254786
-0.4956622675
0.6207308125
0.187586927
-0.443332243
-0.1717725199
-0.1334800964
-0.536370758
-0.2972153481
-0.3204930568
0.7337565348
-0.2182054262
-0.2825812023
0.2764312759
0.4494855214
0.05461882688
-0.124354239
-0.3208455503
0.01643485273
0.09505576957
-0.1489774041
-0.1255690943
-0.4425733067
-0.532519237
0.8309377721
0.2012656853
-0.45960401
-0.201114111
0.06610412225
-0.5323115677
-0.6494103193
-0.09589178264
-0.314210283
-0.4817899562
-0.4357854709
0.7435759228
-0.5400018243
-0.4221463207
-0.3645316593
-0.2123315029
-0.1349871261
0.2981762243
-0.301510326
-0.3148239842
0.3293563788
-0.3734189389
1.103141731
-0.7751345977
-0.1494520236
-0.4368973169
0.02381207608
-0.3865277991
-0.0222800462
0.5757503785
-0.4027221944
-0.5541327737
0.5003442332
0.5138537675
0.7668791234
-0.5844384901
-0.5812708654
0.7725715548
-0.2356997175
-0.362684349
0.07268411722
-0.1025365468
0.4429015867
0.1253353156
-0.1947971618
-0.1576232089
-0.3499844246
-0.5345667318
-0.3547763057
-0.5348584875
-0.2570158698
-0.290659482
-0.137937877
-0.2327126319
-0.337682103
-0.2341946842
-0.5175316174
-0.5808605611
-0.1362982273
-0.7421706177
-0.1871012268
-0.4230702087
-0.3979878444
-0.6884212792
-0.1979521401
-0.09028580729
-0.7147871889
-0.6559276015
-0.08167383112
-0.4061552994
-0.6881287172
0.1900482714
-0.02012643232
0.3371588718
-0.5347842366
0.903355024
-0.04875510223
0.05406352747
-0.5077057779
0.6107737318
0.2544026393
-0.2189838836
-0.3167368378
-0.4888545707
0.3407644873
1.77800763
-0.5781783175
-0.09797000568
-0.6167408824
0.05865652468
-0.3165638886
-0.9053237587
2.369792683
0.7880611308
0.2197064782
0.9300838668
-0.09317950858
-0.07619724497
-0.7087053392
0.5195802487
-0.5542453118
-0.05481600421
-0.1593214322
-0.450586037
-0.3601224633
-0.555561363
-0.4575735286
-0.8123614162
-0.3503933698
-0.2136228334
-0.07008497864
0.1988436379
0.1797512315
1.125695927
0.5954355652
0.4491550159
-0.08526640888
-0.1277124498
0.8384344632
-0.2866427216
0.01136125643
-0.2619665302
0.8340298347
-0.5765417028
0.3586147215
-0.353639251
-0.3122322496
-0.2892820027
-0.7422727779
-0.7130039036
0.08096777331
-0.830013667
-0.5978871599
0.07200191645
-0.2158661637
-0.4851921798
0.004570136592
0.6545607608
-0.2596010245
-0.6653639302
-0.5854130842
0.5089501938
0.189723656
-0.2573216759
-0.7162322193
-0.1484488445
-0.1841716832
0.4313118182
-0.3782542437
-0.0880207934
0.1076210555
-0.03285465548
-0.1561551299
-0.2304709936
-0.2692720175
0.2213300087
-0.2057413056
-0.9075478822
0.9919835117
-0.485596133
-0.3795663331
-0.6816321954
-0.8959890157
-0.1774876436
0.4055000864
-0.4044226252
-0.5598910533
-0.6200223178
-0.2483291183
-0.7966267392
-0.4939400047
-0.6734586403
-0.2926969655
-0.7998282127
-0.8678045318
-0.5238040797
-0.3186202075
-0.612708088
-0.01631223578
-0.3539226068
-0.6874663204
-0.05089018214
-0.001044327021
0.04159552706
-0.5447730895
-1.016593038
-0.3429862387
0.06532581747
0.9189041818
-0.3740537304
-0.4236785911
0.1739212212
0.4745853908
-0.4546103224
-0.6172970204
-0.1568429701
-0.4753541075
-0.5440196857
-0.4363582306
-0.2456016322
0.2548316047
0.4511677846
-0.5373391762
-0.3014005471
0.3138431557
0.4351048602
-0.02356213462
-0.1048502028
-0.1925105596
-0.3827269167
-0.9903606057
-0.1865542041
-0.4855170935
-0.1664897768
-0.6253316879
-0.4086726405
-0.5780987576
0.2233707674
-0.6287987135
-0.1061508823
-0.5459098682
-0.2130685903
-0.3280423297
0.03107111941
-0.3177519165
-0.2535694331
-0.06225663628
-0.4467892461
-0.09989689756
0.614509977
-0.3923919916
-0.4527652375
-0.1327203766
0.003463952616
-0.1100726768
-0.8398352221
-0.684168452
-0.7952312753
-0.02721327413
-0.5450243525
-0.6418619707
-0.1849247172
-0.1556276727
-0.3806057595
-0.6674658764
-0.01036513662
0.03373912275
-0.4475641504
-0.3031190813
-0.3754081169
-0.04614056312
-0.1332928137
0.3942630205
-0.6175544553
0.04780368833
0.3597473051
-0.2172501382
0.2097154028
-0.2086286284
-0.5596365437
-0.3383767936
0.4810772362
0.4531414196
-0.2298782922
0.00944786258
-0.7587895632
0.2276473336
0.9544669949
-0.1434357167
0.4101929691
-0.03454577308
0.9214118695
-0.5167511299
-0.1964902581
-0.1509579064
-0.1441895967
0.09692281298
0.324277341
0.07355972324
-0.002707034629
0.02633693852
0.0486781273
0.1734416611
-0.1568645892
0.8122949814
-0.3186498456
-0.3804782825
-0.2627292626
0.0527631091
0.8988134585
1.061976933
-0.4105670914
-0.1033420149
1.149474236
-0.5848233312
0.7351680771
-0.05094972923
-0.1682017829
-0.4446518611
-0.4210684299
-0.5112052634
-0.3615508266
-0.05332988258
-0.8190236211
-0.2353569593
0.3618980393
0.08940550499
0.2125741214
-0.1000973549
-0.03152478021
-0.1959592164
1.282232037
0.574172195
-0.4825957373
0.01331340224
0.1657332733
-0.3813974731
0.5680845257
-0.1688150293
-0.2760005804
0.007936139777
0.3888201518
-0.255480041
1.00133599
0.9908912553
0.2689583205
-0.2794788944
-0.3632347446
-0.5975862693
0.02513271747
0.7867256821
0.5734332537
1.021250914
0.931439551
0.1990971515
-0.454679689
-0.583664044
-0.4158979127
0.1374773772
-0.4044575363
0.08422571477
-0.03948112708
0.03290434144
0.3539562289
-0.1039174122
0.600603117
0.3279279783
-0.2919479895
-0.4511919439
0.5658738982
0.2319686238
0.4288494766
-0.2338449758
-0.2751275972
-0.02982227411
0.3950890049
-0.538986473
-0.5568644151
-0.3128867254
-0.2854045685
-0.4966722861
-0.212643452
-0.09363058712
-0.2230627206
0.6004635613
-0.4173706844
-0.5000374295
0.6863243777
0.07160854824
0.4092959464
-0.6624991368
-0.5362321079
0.8154914513
-0.5345715836
-0.2312243942
-0.4038627945
-0.2846290527
0.2772801053
-0.3702242054
-0.4500170603
-0.3485213649
-0.06238840465
0.2074560495
-0.386749579
-0.2500018137
-0.2243065394
-0.3980626257
0.03076549405
0.5700701788
0.1351413315
0.4738828929
1.986318623
0.4996741585
0.3322293296
0.2605930177
0.3752310717
-0.2153922085
0.3011646096
1.712018758
-0.04599089175
0.1528012514
1.135089745
-0.2556095481
-0.1663237296
0.1997461986
0.4339844845
-0.5924902543
-0.6075077638
1.558255933
-0.4914199769
0.05461366321
1.340525626
0.4628368843
0.5543469504
-0.03024938796
0.1383717831
-0.06086754431
-0.3689901343
0.4840653017
1.1346056
-0.2108125314
-0.0322379699
0.290696295
0.1517572436
0.125026986
0.213636853
0.7487422075
-0.4420588672
-0.2019632468
1.542642438
-0.3879156411
0.4479490034
0.03897384666
-0.1874421464
0.727426289
0.8695000445
-0.1546001837
-0.419469422
0.1042229854
-0.2081216477
-0.4066258445
-0.2231227614
-0.441666051
-0.05961444341
-0.5350983709
-0.146285185
0.1401964709
-0.4739802875
-0.3525742836
-0.1374850203
0.4984140523
-0.2692750208
-0.79294855
0.04568712674
-0.2198586781
-0.4957415543
-0.1373576601
-0.6799483988
0.5314330634
-0.1983871376
-0.5960895389
0.01716705561
-0.6010303661
-0.3000062998
-0.1943944754
-0.2634684905
-0.27111421
-0.3772069681
-0.5669618055
0.4810547432
0.3950569112
0.7004167587
0.06012989171
-0.1901297729
0.6022470437
0.2047111146
-0.01171244793
0.4249918984
0.04342489373
0.01053344794
-0.08523269892
-0.3345188815
-0.5073969565
0.0002137811854
0.7615236625
-0.0307480827
0.3674270246
-0.1166463343
-0.06680661263
-0.5006074108
-0.5035508769
-0.06932886206
0.06284288783
0.1854047304
0.429525084
-0.2328972811
0.2680113718
-0.05389948245
0.4814969786
-0.1097411795
-0.5812303826
0.7552961819
-0.02083756821
-0.8684174046
-0.1938617843
-0.2297732253
-0.06527412813
-0.9032663807
-0.3132906105
-0.273250889
-0.3526029624
0.6841800123
-0.7205422182
-0.08197860271
0.5105488263
0.254194288
-0.2249234289
0.4039361205
0.6827301815
-0.06028404683
-0.314509055
-0.4093946557
0.2197188064
0.08239688547
-0.2898523226
0.09771145582
0.1260603622
-0.317159518
-0.1418514376
-0.4290226817
-0.6756413251
-0.1431064148
-0.1951699114
-0.8269678682
-0.0463931106
-0.2759456258
0.1946184509
0.5369805455
-0.1949480336
-0.342847459
-0.3957563341
-0.3065180145
-0.4767391898
-0.01411984998
-0.7799334601
0.2046485121
-0.546498806
0.8236923441
-0.2153508555
-0.6452980399
0.2262921439
0.6568173918
-0.3956311107
-0.7097607113
-0.8789186627
-0.2935021613
-0.375395954
0.01300440826
-0.3697052591
-0.8650996387
0.4830836993
-0.08452921882
0.2305342987
1.060216989
0.2678036422
-0.4344314493
0.7096712162
-0.5728653386
-0.2388546631
-0.3715918049
-0.31929142
1.123063125
0.2253644384
1.066831286
0.1328104738
-0.5064374094
0.2810197037
-0.4825870238
-0.426587157
0.424995926
-0.1293031886
-0.04890766628
0.7076718725
-0.5174339741
0.6594324004
0.187493831
-0.4690148383
-0.5263123438
-0.6404957399
0.1537360413
-0.09477478452
-0.01603260841
-0.2155951783
-0.1490638392
-0.2877994223
0.2507192753
0.2946439963
0.5393356033
0.4053532503
0.04752959972
0.009501196258
-0.2111674625
-0.6702741079
-0.4948053889
0.2812439218
0.031150309
-0.01577243321
-0.6748364791
0.2179314002
0.8968671877
-0.3807427458
0.7611711532
-0.6303619891
-0.0952581536
-0.2125745792
-0.4811930015
-0.187328532
-0.3640926957
0.8383789354
0.8914922491
0.01363693597
0.8881128088
0.5398216493
-0.0545713719
-0.5743688434
0.05392075032
0.05902723521
-0.4891985878
-0.03489825763
-0.5475212747
-0.1099103816
0.615771459
0.3044717778
-0.178732238
-0.04409269579
-0.2284522675
-0.7114053302
-0.5122171368
-0.6384849876
-0.349884972
0.4949927226
-0.62474896
0.6922940202
-0.3003389191
-0.4123970896
-0.2487373084
0.1653231788
-0.1318773029
-0.3098554507
-0.04814392608
0.385649512
0.3942569999
-0.001783102192
-0.3052036457
-0.704725825
1.193070735
0.9699836195
0.1637103856
-0.6155559223
-0.8740809441
0.03040030859
0.08978037313
0.3759107158
-0.112979212
-0.2279280176
-0.4272953816
-0.2085116498
0.01141156852
-0.8211343963
0.2051383711
-0.1929560602
-0.3526952315
0.1680711869
0.6805886675
-0.3911858
-0.825144875
-0.1845275216
-0.09241525345
0.4871835391
0.0005764175206
-0.6556249134
-0.4081228599
0.931789948
-0.2606936324
0.7613736216
0.5928242676
0.5152320072
0.8132802412
-0.5846387956
0.7125934768
-0.4281077549
-0.07077858876
0.07289224546
-0.5124543864
-0.1230540197
-0.2309480306
-0.6036517024
-0.2698787715
0.04630196486
-0.594763279
0.5330497652
-0.05037923306
0.5825720668
-0.6427708372
0.09999685753
-0.02337858751
-0.4952147931
0.3366255596
-0.400434193
-0.9421094701
-0.6008751974
0.1485334046
-0.4605774812
0.5742496904
0.1019939557
0.6532447539
-0.4131242294
0.01727541685
-0.1099091053
-0.71720296
-0.3655646443
0.3341050074
0.04703661855
0.6791801188
-0.5208027169
-0.5848405346
-0.3574471667
0.06720569408
0.6944467589
0.1544674103
1.745759413
-0.3269333407
-0.3144811613
0.2186913941
-0.6617813349
-0.4876422092
-0.4604644679
-0.2430890562
-0.2534904108
-0.2171068169
1.591363306
0.3150045842
0.3813185215
0.6411215461
-0.03757993313
0.1089683684
0.3414137278
-0.2770321984
-0.08243036922
-0.5353562526
-0.1805144258
-0.2321544949
0.8792336166
-0.4488164831
-0.3838085251
-0.5345381764
-0.3516436379
-0.07961794268
-0.5008994535
-0.2423903391
0.5901664712
-0.3252078528
-0.05182137005
0.3530141979
0.5172565307
0.9333655171
-0.3051325999
0.8366185784
-0.3109812908
-0.4095322678
0.608021006
-0.7732557446
0.2234130135
0.1372054262
0.03310000151
-0.6026712209
-0.5059780121
-0.7744497633
-0.4198208041
-0.7574587628
-0.7170333475
-0.7733832672
-0.08209341802
-0.3984335862
-0.3725923121
-0.5559242528
0.2991940197
-0.4213311262
0.07941012485
0.1989747483
-0.5653297991
-0.5276828423
-0.3041322831
-0.4061129421
-0.5782225579
-0.4358020112
0.3727616571
-0.5841692492
-0.4541532326
-0.5133895718
-0.3376604065
-0.7386005118
0.7308641635
0.4023748457
-0.4817230843
-0.8046021074
0.02608024785
-0.2797361858
0.120746712
-0.2045434698
0.5093283914
0.4187119223
-0.738750042
-0.3145943992
1.966638222
-0.3102036892
-0.1762513619
-0.2492215179
0.08077086136
-0.8982097529
-0.1758698281
-0.04248362184
-0.1007104624
-0.1531564947
-0.6685474187
-0.1692509064
0.3941177763
-0.1377869815
0.9743854228
0.7129793186
-0.9070460349
-0.4369414285
-0.3192792103
-0.8559126928
-0.6807666771
-0.08874283396
-0.1559298092
-0.08557636254
-0.2252112001
-0.1976782177
-0.3471441939
-0.8071731389
-0.1981997103
0.4862181096
-0.1014900474
-0.8908802181
-0.3041930176
-0.5001375671
-0.2234381672
-0.8783917353
-0.244933828
-0.4894388631
-0.4075900085
-0.3451259501
0.07816335112
0.2055061011
0.6317283586
-0.1416286927
-0.5739000708
0.3527537689
0.1478053045
1.121632415
0.03764773756
0.3018347632
0.2051390782
0.2944570081
0.7463427041
-0.4315041538
0.06851972044
-0.5178423941
-0.1103604915
0.1712583765
-0.2206785701
0.2500501756
-0.5650701806
-0.6979243502
-0.4108812442
-0.2227053095
-0.2054214664
0.26652559
-0.2598271854
-0.2591759175
-0.4358588066
-0.4880667046
-0.7601804219
-0.4438210718
-0.104614152
0.3255424103
-0.2173909649
-0.1115188316
0.04770482965
-0.8802297845
0.1746787947
-0.3220326647
-0.03238481097
-0.5016600966
-0.2835071625
-0.884940365
0.01439327151
0.330305694
0.01635509403
1.028868247
-0.4986520633
-0.2738854405
-0.7995600253
-0.8037918717
0.7074659168
-0.2031187423
-0.7300847314
0.1015943198
-0.2105133683
-0.7289060462
-0.6361308932
-0.214799352
-0.6561243329
-0.6404810816
0.7361833733
-0.1509655499
-0.443035733
0.5037561998
0.3898072969
0.6300822154
-0.1638497438
-0.1538937723
0.06143878074
-0.2171865631
-0.537233641
-0.5377630608
-0.1678752244
-0.4425112955
0.9117362455
-0.3229995791
0.1511386961
-0.1541695518
0.8214703932
0.1041193149
-0.2562564991
0.5758262447
0.6488962144
-0.2052487982
-0.180126258
-0.2313801138
-0.1930551028
-0.4538538355
0.1910859247
-0.1864846792
-0.2450551644
-0.2144749358
1.173577341
0.1651431873
0.1439099684
1.103232634
1.220975743
0.656662859
-0.1522910706
-0.3857234888
-0.2302649066
-0.1525723059
0.09611690529
0.907303185
0.008927776292
0.03884460032
0.2663200701
0.1548732698
-0.05804479755
0.1001822806
-0.3646079529
0.1937624659
0.1992302875
0.3667598024
-0.2363553911
0.7531620253
-0.1642093139
-0.3621553473
-0.7037451968
-0.3599701921
0.4088423841
-0.5920449264
-0.5433392346
0.9167692456
-0.20131581
0.9512874432
-0.386560433
-0.02757347978
0.2542961557
-0.01015232839
-0.4569850579
-0.1129723407
0.2158554237
-0.09119140673
0.6025933504
0.2155278395
0.2034846883
0.1255540505
-0.2098177858
-0.2136537941
-0.2554822348
0.1783579389
0.05394124892
-0.1492307335
-0.3708879419
0.3487264022
0.2595639963
0.2039967321
-0.5402814748
-0.1298630405
0.5267670695
0.3082154719
-0.3857502401
-0.3362061672
0.4640922548
0.8316211075
-0.2881165065
0.2232832605
0.6707309969
0.08697359823
-0.423973174
-0.4792838514
2.194872919
-0.7311130285
0.6732939431
0.5227166221
0.4682636131
0.9153133646
0.4972038969
0.4210439455
0.1247671465
-0.08418632066
-0.8322387442
0.5328040086
-0.1155765253
0.06981296167
-0.07926773131
-0.2081109615
-0.09826664049
-0.3131307047
0.6723652583
-0.5733773075
0.166935363
-0.2020436265
-0.5174695924
-0.1738253653
-0.4269626282
0.09182798648
-0.3550635874
0.7322636642
-0.5474267863
1.198350053
-0.2312756781
0.1490374971
-0.03462598715
-0.2319905345
-0.7749097586
0.05010913629
-0.3550363995
-0.09092843626
0.32468908
-0.4046148628
-0.7728324711
-0.4227136508
0.402441087
-0.1729281943
0.7261661703
0.7409506232
0.7675167851
0.6445605323
0.6433292583
-0.6083074778
-0.3190816246
-0.1615007675
0.2546377621
-0.3482330009
-0.4569531346
0.09228073722
0.2985172735
-0.7697694033
-0.05892914347
0.3050974848
0.01539327335
-0.1474054617
-0.2188328657
-0.3622451976
-0.4250910429
-0.1387730055
0.2509661382
0.145585699
-0.2410632851
-0.6149823628
-0.1711286424
1.622149715
0.1713234754
-0.4149843682
1.287744682
0.6460777948
0.8658148691
1.105213211
0.723721461
0.3461409256
0.3690940956
0.08435619809
-0.1542944741
0.2301311925
-0.4240078196
0.6066797111
-0.1670624698
-0.7104466721
-0.2861973446
-0.3328534115
0.1129591336
-0.5127965737
-0.2715944566
-0.3674998442
-0.2855660707
0.122671267
-0.5803972572
-0.5552671082
-0.4357395887
-0.1638741037
-0.0920912561
0.02170876954
0.5806687044
-0.2294448778
0.1019436097
0.005069788732
-0.1448619989
0.3922066677
-0.1329376306
-0.3038416299
-0.1308793152
0.05928073963
1.264774248
-0.2445056168
-0.5096790016
-0.6965887457
0.464087352
-0.3857651986
0.2129354896
-0.4089000374
-0.4669253062
-0.3130268408
0.5347009324
0.2622538812
-0.8348211378
-0.3671418674
0.01000295458
-0.8428169399
-0.5154980637
-0.5226306319
-0.09752485305
-0.1830606405
-0.9468958974
-0.4510500267
0.565597662
0.5149128245
0.3895514334
0.1893617477
-0.4320827834
-0.5905310825
-0.6331748493
-0.4524498388
1.626601298
0.358365817
-0.06725754365
-0.4863764523
-0.5614262979
0.1493666589
-0.1624177344
0.0204140678
-0.3967874698
-0.2495125107
-0.4084891148
-0.1529275605
-0.6074434042
0.7213032771
0.07544117328
-0.4839294679
0.05105127264
-0.4656091928
-0.7146711528
-0.4940652959
-0.1977359004
0.06067097448
-0.3180906583
-0.7547885016
0.03116324004
0.3758792976
-0.3376655262
0.05937501863
-0.6423279725
0.2340850094
-0.1897634218
-0.364983733
0.1509078834
-0.04807215603
0.657899794
-0.2554715903
-0.3028267737
-0.3324982718
-0.4635384059
-0.09808272477
-0.7591810152
-0.4805077806
-0.9033506356
-0.3312145844
-0.5725348011
-0.7314963952
0.2678106501
0.2444406299
-0.3468650609
0.03196577057
-0.6684772514
0.1600236095
0.6762740456
1.858408465
-0.1193132084
0.752622582
-0.09626805605
-0.09011892942
-0.3282389265
-0.4906222664
-0.4598304436
-0.5330852147
0.1952850021
0.2209179696
-0.5744779125
-0.6742419049
-0.03137754947
-0.2677466273
-0.4602326676
0.3899120692
-0.7910304785
-0.5167341836
0.9818182744
0.01645437172
-0.6646636456
-0.5614002138
-0.23469189
0.02083076537
0.224356749
0.2523498625
-0.1686193775
-0.1201090999
-0.634314369
-0.6216289729
0.9011242718
-0.3959392648
0.7761222762
-0.05603246056
-0.4318681523
-0.2427878819
0.1772909051
-0.3305031382
-0.136565654
0.3508337158
-0.4013542861
-0.07535783965
-0.4045954011
0.03798720166
0.3240141192
0.4387664791
0.2346202688
-0.4454264626
0.1082391147
0.3757472932
-0.02808365449
-0.04729023706
0.5233746096
-0.06311577894
-0.4065971568
-0.8335390851
-0.4833259746
-0.04276803043
-0.6461199818
-0.01658233851
-0.5236817934
-0.3471885975
-0.1121039038
0.0906696884
-0.3205481619
0.4299154498
0.278111499
0.3204627611
-0.2957998734
-0.6004594252
0.05810417663
0.1445802178
-0.502250918
0.836252908
-0.4850696474
-0.3329314883
-0.7885221705
-0.7812103391
-0.005053538084
0.389858588
-0.05658767074
0.003768452909
-0.637998208
0.2736567456
-0.001080799894
0.6505964197
-0.4891102284
-0.3934630007
0.1394643459
-0.3483920047
-0.5368295044
1.646653323
0.6611423157
0.3275874939
0.1004745122
-0.817935136
-0.5406451028
-0.4223224901
-0.3019775113
-0.06379296356
0.7475502908
-0.5392506482
-0.1937752634
0.06956384927
-0.5690311268
-0.4519834571
-0.4546222556
-0.6315203894
-0.01744496226
-0.4450962938
-0.8647767954
-0.3502389681
-0.3871168423
-0.9928353742
0.4809845882
0.01518331976
-0.303723317
-0.2915768016
-0.8183006302
-0.3315428307
0.4947006691
-0.6058148411
0.04875055756
-0.205603765
-0.3401080796
1.086992631
-0.09772348907
-0.1673555429
0.7339983361
0.6148322525
-0.09940616423
-0.5198019054
-0.3697487229
-0.4535204887
-0.7180282012
0.2458135898
-0.5109035075
-0.6843978345
-0.2580321908
-0.08233355079
-0.2925220888
-0.5663210578
-0.6432357997
-0.3602024689
-0.01541517898
-0.7674315989
-0.5832823619
-0.02763823844
-0.3449532066
-0.3905691996
-0.6463693663
-0.360407564
0.5020666517
-0.343865414
0.01003089827
-0.7251419947
-0.4206610434
-0.5719032213
-0.2401978804
-0.5056305546
-0.1558185734
-0.1644299809
-0.4145776972
0.2596841164
0.03153372351
-0.7284465075
-0.1298264395
-0.1945541672
0.02269426426
-0.767543688
-0.165668818
0.6475076593
-0.2416465677
1.092591265
-0.444815252
-0.4843570139
-0.1400317278
0.2891479619
-0.3702125896
-0.2372348249
-0.6088443637
-0.5572679743
0.1772195635
0.4204900555
0.05676109027
0.5756031739
-0.4411407791
-0.02903323453
-0.1774416106
-0.3254457273
-0.06879587453
0.6362625286
-0.089333071
0.799754459
-0.1623340007
-0.381940503
-0.2676249947
-0.5006048128
-0.3429924197
-0.04135964951
1.363398819
-0.7524186373
0.1257648272
0.2314070374
-0.3535914853
0.6815485403
-0.6302407846
0.6436923377
-0.3620548993
0.1564013556
0.3383682
-0.4150437549
-0.3146188721
-0.3275414174
0.1408104332
0.6015289998
-0.3365992077
-0.542791681
0.6387395419
0.1190083449
-0.7227641746
0.3755960096
-0.7480780944
-0.09928558581
0.08328434639
-0.06034821868
-0.831824249
-0.4809392259
0.2599994224
-0.3447069447
0.02758494988
0.1370068084
-0.4194995578
-0.7715940803
-0.07833679747
-0.08966590632
-0.3630860865
0.2189161224
-0.1605803289
0.4639839915
-0.3375598654
0.2134398833
-0.3248319805
-0.2692694627
-0.3158985458
-0.608582449
1.620148091
-0.3535063791
-0.6412331104
-0.416413144
-0.1739268681
0.2319933241
0.19096721
-0.7201316044
-0.09522476438
-0.7845019728
-0.5437719822
-0.6499975473
0.07189042568
-0.4220963724
0.3129832964
-0.3245056624
-0.5436199509
1.074474684
-0.9204182655
-0.6339056537
-0.3398018304
-0.4040478043
-0.228198488
0.2002733789
0.3002926562
0.1132823899
-0.1519032273
-0.1349090949
-0.1515069582
-0.1598410314
-0.3520199221
-0.6981051534
-0.510992337
0.02656961931
-0.5557575878
-0.2924913738
-0.65514313
-0.3076612927
-0.3715089003
0.6302444883
0.09861011058
-0.1090667393
-0.4252252482
-0.6834537268
-0.720802778
-0.1245118223
-0.5491641626
-0.6744713306
-0.1726167208
0.1677812785
-0.2963928379
-0.1310726322
-0.6368354589
-0.1624176651
-0.1080943305
-0.3428630196
-0.2593130633
-0.03089311896
-0.4785759334
0.4588217612
0.2513047669
-0.1225383127
0.4115880176
-0.1321368085
0.5062935403
0.4154495303
-0.593979919
-0.003420377336
-0.4685774505
-0.2864191361
0.7769932427
0.1434494318
-0.1850977153
-0.441484073
0.1891439214
0.6682723906
-0.3532022998
0.116620875
-0.2872350767
-0.231979246
-0.5263086155
-0.07432633014
-0.5689322025
-0.0137793202
-0.4887649678
-0.1563954033
-0.1187762488
-0.22285023
0.6211148353
-0.3826884389
-0.1517679274
-0.08551738351
-0.3250487782
0.07661930062
-0.177248244
0.2657022011
-0.1986374257
-0.3005642444
-0.4585367799
-0.1005135247
1.79437965
-0.02963104928
0.3590865694
-0.2183282185
-0.2971221752
0.3509657219
0.4217796387
-0.5412939519
-0.4094187692
-0.1182353111
-0.2156901427
0.6440064602
-0.5475675941
-0.01147910934
-0.1796412682
0.6779120434
-0.175889206
0.5171648655
1.322025201
-0.1212790133
-0.3150650471
0.8034148261
0.9806926746
0.4104565494
-0.3417345837
-0.374585665
-0.5287086278
0.04621191025
-0.3326918881
0.1264753131
0.01920367498
0.4910662416
-0.4367724121
0.4170525007
0.08375207139
-0.4800067782
0.5776225049
0.1815237861
0.4103258464
-0.1250397004
-0.8385844052
-0.06584904827
-0.1236787362
-0.1380442448
0.8920252644
1.074736137
0.343222731
0.239705077
0.3732388895
0.132660773
0.1576813003
0.2711885381
0.04093736969
0.05479334258
0.08928003535
-0.6015387833
0.8170257173
0.02499743896
-0.3128172301
1.073998191
0.2366775105
0.08109406754
1.277412105
0.02911554761
0.2902842209
-0.2370352969
-0.1889037871
-0.341968292
0.7694128478
-0.4349052325
-0.91655453
-0.2337112077
-0.2850257155
0.05457730889
-0.3717770413
-0.544113218
-0.4715427801
-0.328171613
1.08351509
0.01756428522
-0.4331847683
-0.2240551516
0.5139765814
-0.9061611578
-0.3753473785
-0.006351661636
0.1369040053
0.3851175623
-0.6458530426
-0.5687778406
-0.1730282255
-0.5551419348
-0.3131246354
-0.7124868423
-0.06557990164
-0.2096784871
-0.153276589
0.07699636333
-0.3478867905
0.002139380621
-0.4028770158
-0.2044975409
-0.08059801459
-0.4685807928
-0.8567022532
-0.5428555176
0.04655537643
-0.1023458585
0.2873014726
-0.4430936165
-0.7684948772
0.3325680861
-0.2073167589
-0.6063679978
-0.04221441913
-0.6563412786
0.1048179945
-0.09195925314
-0.432310921
-0.4901009932
0.1010076821
-0.08533859663
-0.1876632335
-0.5962916672
-0.2077261247
0.05064986218
-0.6056541055
-0.309566991
-0.247487345
0.6304452658
0.19153505
-0.006426184019
-0.07950547729
-0.368243384
-0.09273005053
0.8490473121
-0.4666207485
-0.6496279791
0.2678359637
-0.1074891247
-0.09743530545
-0.3219231352
-0.2279444769
0.3193668332
0.6002088703
-0.2269226847
0.08301683776
0.5806847902
0.2345772302
0.6015208013
-0.4041854165
0.5709389556
-0.1117000077
-0.1671882087
-0.251061485
-0.7992551908
0.06768503562
0.2413293518
-0.01710994057
0.7876706161
0.3695167304
-0.3344285257
0.09646696174
0.05000830516
0.01171058193
0.4558340095
0.9994245902
-0.2290552285
0.1730591871
0.1849097358
-0.2926994331
0.3830950983
0.2294338554
0.7217721343
0.6255191021
0.257875278
-0.1562785635
0.4168833248
-0.4714207627
-0.3140786774
-0.4015877161
0.4474541629
-0.1067693835
-0.2415018991
-0.3218484402
0.1273013362
-0.01817932744
0.6373069193
0.2648301104
-0.6113230422
0.2608754091
1.254678752
0.0738450937
0.01868325882
0.3746393483
0.9800961941
-0.1653700553
-0.6016305178
0.005399676552
-0.3632025503
-0.03830019468
-0.3441772312
0.6642743601
-0.4865683831
-0.4268125288
1.175620782
-0.6119001389
-0.7850244433
-0.1990588851
0.935905993
0.3064255718
-0.40909288
-0.5345767662
0.05607948005
-0.2287838049
0.4127874967
-0.3624886885
0.8057681721
-0.03645782284
1.11187702
0.2739725367
-0.3622048801
-0.2213163871
0.5219768928
-0.2916299202
0.4738940679
-0.5144990863
0.1352686118
-0.1102999635
-0.1603652667
-0.4488896176
0.1015247721
0.9092734683
-0.4315081656
-0.02615122171
-0.168775551
0.5313834056
0.8025835052
-0.2152128071
-0.5046318598
0.07980298977
-0.60782343
0.2412157968
-0.2959659094
-0.5838490088
0.1985990936
-0.4539448366
-0.3586449333
-0.4570301354
-0.3746359764
-0.3452109836
0.2783730309
-0.002683452191
-0.02369812876
-0.3263966594
-0.2080269722
-0.03980202749
0.08814263474
-0.1822599117
-0.2819892913
-0.5854640111
0.2384927049
-0.4527886868
-0.5258585796
-0.3803326026
1.17345344
-0.559654817
-0.2853119031
0.1404160709
-0.2784892567
0.288126526
0.2241614788
0.01389503852
-0.1928028679
0.1999714822
-0.2104865074
-0.1365387117
-0.1815057825
0.1184707784
0.6187651895
-0.5076317996
-0.2196939614
0.5957888067
0.4753953457
-0.5836753394
-0.1304344052
-0.5394036882
-0.3107219299
-0.4707409479
-0.212225917
-0.4516641894
0.1344393335
-0.05070494767
0.7178653717
0.738375416
0.002847719658
0.1736182302
-0.2219592145
0.02364967484
0.1034597625
0.7863199055
-0.07123195576
0.4471864399
0.4727853036
0.2632389111
0.3093432959
1.508995762
-0.3053381681
0.17316485
-0.2207874395
-0.3372215882
0.3464050002
-0.7639749348
1.066769218
-0.2693407111
-0.2862608954
0.6367005859
-0.5350966811
0.8992394403
0.366474208
-0.07443880751
0.9500585653
0.02065370753
0.3374413425
0.7142655194
-0.2087337485
0.3761538474
0.4304070458
-0.07648500423
-0.1304170625
-0.3328902667
0.01722929012
0.8561773673
0.8801421948
0.08117585499
1.258172907
0.5226317845
0.5734030738
0.7801881604
1.104355609
0.07159806043
-0.03836183841
0.7770037899
-0.4796964973
0.1436770725
0.3381700348
1.117994418
-0.3151221
-0.3750324532
0.5000984265
1.498888649
-0.3084790263
-0.2400841162
0.08984222552
0.483482407
-0.1603848202
0.6048845209
0.7654135812
0.1583650018
0.9379499435
-0.1396024587
-0.2192261687
0.4696781676
0.2320659827
-0.2104048871
0.003706755862
-0.4830281883
-0.142136549
-0.400146028
-0.4072198071
-0.2806526612
0.3559899401
0.2666405603
0.4511140808
-0.06824954953
0.1648378618
0.2622032207
-0.1665504741
0.2423002373
-0.5189579844
-0.3385593809
0.2096214062
-0.3156528478
-0.3364313673
0.1780356133
0.955631797
0.5361736786
-0.397543221
-0.559591908
0.273188569
0.9890277937
-0.6554860026
-0.08800357264
-0.3486515805
0.5025100339
1.207487352
-0.7130966038
0.7787894279
0.9117159575
1.299400496
-0.2960668664
-0.09988117255
0.788527783
1.38041178
0.5153097343
0.6705150902
0.21783989
-0.5420088902
0.06334407739
0.9881153941
0.05571237206
0.718508628
0.6475267492
0.3864566956
-0.2654148033
1.361351414
-0.04749363605
0.4180113891
0.8267107829
1.195011151
0.6469918504
0.1738504656
-0.228495108
-0.5351361305
-0.2458301589
0.6181178562
-0.4834902525
0.564123274
0.3190651342
-0.1884416457
-0.4339611843
0.0009281344246
0.4639297841
0.1651994878
-0.4697763205
0.9480588883
0.8000634618
0.2600900374
-0.06207241714
-0.5898324966
-0.1536069699
-0.02539499328
-0.125896694
0.3373499706
-0.0263606634
-0.4563466221
-0.4057568349
-0.7053512841
-0.416022329
-0.5374152921
-0.2319574697
-0.515071243
0.5721283074
0.1115096502
0.243960033
-0.4719112515
0.7839498237
-0.01260489319
-0.3914137952
-0.3334982745
0.9716941942
-0.5281831294
0.5227463834
0.0161649934
-0.5160365053
0.6448567301
-0.3029715732
-0.1068270095
-0.09511748422
-0.0746139301
-0.1254952665
-0.03245183676
0.3157042805
0.193316948
0.08564164573
0.7347223446
-0.03697907794
-0.2443738231
1.379327774
0.1815490372
-0.4328216821
0.7759797901
-0.1489583233
0.04957737466
-0.1510358058
0.6881680533
0.1320113625
0.727256988
-0.137573955
0.42701727
-0.8305222109
-0.07583774328
-0.6741816953
0.7111588042
0.0776128171
0.006644529104
-0.6737700105
0.4494976178
0.3891397845
-0.2977053784
-0.4855342388
0.06096007638
-0.258824683
0.4369895708
-0.2521638364
0.2318998806
0.520296859
0.9685371805
0.6788606465
-0.580101341
-0.193101079
-0.6176986456
0.2075992541
1.486644538
0.09135981519
-0.103935428
-0.2487108894
-0.4214291897
-0.1916497767
-0.2788958244
0.3365545087
-0.40548268
-0.4550411448
-0.7514474362
-0.4923256308
-0.4110558264
0.8125077263
0.110410668
0.5451027259
0.03078403827
0.1097916443
0.5928985421
0.766426317
1.392617474
-0.2059520554
0.06351191057
-0.5038925424
0.8807837702
-0.25629889
0.1334806494
-0.3191190632
-0.7865788892
-0.4194393396
-0.1023739533
0.2047551218
-0.6787159413
-0.211430994
0.07103247624
0.937248899
-0.4333746411
0.4251267105
-0.3467760555
0.2623409505
-0.25020796
-0.2828927301
-0.3138055559
-0.6051663883
-0.3611948587
0.04735501949
0.1068924498
-0.2691062987
0.3409989491
-0.3537032202
0.206103296
-0.5306231797
-0.4681214869
0.1451513291
0.001049316302
-0.008407473564
-0.1922015015
-0.1904992279
0.1686415495
0.6512085661
-0.3186533041
-0.1329712994
-0.7597030997
1.108768927
0.572551655
-0.1018526914
0.3446737738
-0.3915519014
0.2686769493
-0.2198768027
0.298156523
-0.591242063
-0.5647121929
-0.9273393422
-0.05283601694
0.1008915409
-0.5985929742
-0.516550763
-0.7029676914
0.1163392432
0.4413814619
-0.3700299606
-0.03994728513
-0.01400897317
-0.3942198243
-0.01847590357
-0.294481194
0.1615390988
0.2567007512
-0.195557495
0.974861145
-0.2362502301
-0.5890387148
-0.4935786068
-0.6205921568
0.8155459754
-0.6123706684
0.08877933566
-0.4273657992
-0.07955518179
0.03809535438
0.8146591455
-0.1654602224
1.231467159
1.178986546
0.1000497323
0.1390489161
-0.164271763
0.3424853176
0.8062753323
0.191079051
0.7647061795
0.1163505558
0.05048615541
0.4734432898
0.3633882292
0.05946450122
-0.3173889942
-0.1199164933
-0.001328066923
-0.1072585067
-0.2860037066
-0.01418991368
-0.0913521647
0.0451213601
-0.5322744474
0.05820606407
0.1777970625
0.006902610045
1.089051451
-0.01930685267
-0.3861529492
0.6231152847
-0.1281116084
0.03014920484
-0.8892730102
-0.2017296713
-0.4103827097
-0.0928309191
-0.2554272283
0.1420782715
0.05540907905
0.1134687368
0.04608717076
-0.1287803629
-0.2564090684
-0.3508644514
-0.2258072767
-0.3407227606
-0.1314806173
0.5670098819
-0.2471580125
0.6034907937
-0.3952710776
-0.3189980175
0.006125927716
0.0670256712
0.7695147887
0.1129741691
-0.1889567718
-0.1037814689
-0.3604060091
0.02711552316
-0.2169180389
-0.3881982114
-0.2336476993
-0.1770274705
0.2738882555
-0.1770784966
-0.4207241818
1.026264451
0.5295069486
-0.4659138039
0.8463449702
-0.05799816344
-0.3611783713
-0.04255368896
0.4316778477
0.2546292769
0.5422155038
-0.2166347899
0.05403634757
0.6675943319
0.1619562894
-0.1779103046
-0.6236427948
0.424193831
0.1582520645
0.03611146994
0.2785215635
0.6164200962
-0.04514696728
0.6560771123
-0.2067887327
-0.346260044
2.212360793
0.4235951003
0.8649201736
0.5680196561
0.5003717119
0.9366926923
-0.2622724012
-0.2364866547
0.1273810476
-0.2252034027
-0.1031769298
-0.2853786729
-0.3596458398
-0.1845375536
0.1983548775
0.4328489296
0.5565065071
-0.4607451588
-0.5007068969
0.1238010023
-0.3751123652
1.001325369
0.2693709698
0.3536952626
-0.5572202444
-0.1726074554
1.149704286
0.02729028706
-0.04497846123
-0.146112147
-0.04316358212
-0.231697771
0.01787391044
-0.08460913077
-0.1431139356
-0.1693575907
-0.4807693839
0.6565923382
-0.3084860125
-0.2393425878
0.06766117401
-0.1695509145
-0.1908379704
-0.2068427339
-0.4707288757
-0.2599516645
-0.4281233609
-0.1269205128
0.2796370957
0.05323768416
0.9226471245
-0.5238030598
0.4523896631
0.8204255264
-0.8486466199
0.7546964776
-0.01845806455
-0.06007913966
-0.4586852908
0.468475946
0.2114134373
0.8614950769
-0.2283939894
-0.123429933
0.1349995213
-0.07432661895
-0.2604788329
-0.4959141701
-0.004306223243
-0.03826243132
-0.2204780016
0.5483069733
-0.2426231565
-0.1969798371
-0.2345258964
-0.1145839764
-0.3051488779
1.639735746
-0.1371311665
0.3220472835
0.7241780102
-0.3163494747
-0.03625234962
1.277340353
0.01817375645
0.9166331366
-0.4590191007
1.551569057
-0.1244226992
0.5993161649
0.1237014487
1.82958498
0.08045100858
0.640390794
0.1382406946
0.432149142
0.8191392936
0.1035677291
-0.06433464596
-0.2555591671
0.395477565
0.3879937649
-0.4060120674
-0.07140772771
0.04623320196
-0.1757984795
0.4198251098
0.1891335666
1.229795778
0.1667316094
1.166184714
0.3376163373
0.09906762745
0.2103078306
-0.04271255955
0.0153209243
1.056336764
0.4342563462
0.7497259527
0.7860573161
-0.5856284469
1.056110762
0.3349763561
-0.1661307544
1.213117085
-0.2568072982
-0.297160811
0.4367575159
0.2601609495
0.9625067204
0.1631530032
0.9938638031
0.5831685498
-0.3165141813
-0.2249327375
-0.3577781156
-0.02351361867
0.8866612799
-0.4147404164
-0.08798534088
-0.5336334005
-0.6235639468
0.434068368
0.1148512062
-0.4140134931
-0.451876466
-0.269187041
-0.3467434339
0.398255701
0.2318654692
0.1064813418
-0.3253624544
0.1366758671
0.6015138883
-0.4339838415
-0.562969014
-0.2502866782
0.113229623
-0.5266165003
1.73838411
-0.06621128023
0.007456215471
-0.03439036328
-0.1518301554
-0.5950876564
-0.2080205934
1.135937965
0.8836292658
0.9094704341
0.9436049892
0.4945791379
0.3618501747
-0.4089526065
-0.4149487898
-0.4079870038
0.03406539373
-0.3533437505
-0.1886600252
0.6311280534
0.2787490945
0.4509726884
-0.06875761487
-0.1418543953
0.35050328
-0.6831415802
-0.5552815847
-0.2198185936
0.7817004912
0.07298658658
-0.2296263307
1.296009628
0.2957969891
-0.5637620836
0.5009355862
0.09763197303
-0.4918963708
-0.5214594647
-0.1649650782
-0.2172933411
-0.1351461917
0.5311230723
0.5606167588
0.5977427274
-0.2865040738
0.1565491617
-0.4083269052
0.3605180934
-0.130507176
0.5466789167
0.290030415
-0.5463534504
-0.0931573305
-0.3601724148
0.08463538848
0.2943286311
-0.2668118306
0.3782337219
0.009304684307
1.460794051
0.1551523875
0.02779306024
-0.3307206269
0.1603209358
-0.190652143
0.001806975342
1.345352146
0.2710320558
-0.1834111854
0.06364880688
-1.00517651
-0.2629885653
-0.4581344038
0.6971813634
-0.3864097953
0.2502224406
-0.2458481632
0.09505756898
-0.2698655538
-0.2628008947
-0.2346899894
-0.2463249352
-0.1278556589
0.192854525
-0.1373335934
-0.1131983908
-0.2456880614
-0.4118494123
-0.1365570173
-0.5364005089
-0.5385641679
-0.4891224012
-0.1289295996
0.2539909538
0.03259305172
-0.1892181821
-0.1710746353
-0.7210532859
-0.1365816874
-0.252935948
0.02004482457
-0.831321308
0.101611992
1.62671
0.2595263563
-0.1463131143
0.002280759625
0.1623963982
0.8871589579
0.2376864411
0.04452017918
0.7320718214
0.06722037941
1.043886287
0.3448019579
0.7201418877
0.681041535
0.2739219017
1.285615343
0.4537483156
0.358146514
1.191043147
0.0266611008
0.5637339517
0.1635760192
0.967791231
0.4764611537
0.09598036357
0.0583726231
0.1637087191
1.515679684
-0.242408498
0.1372490883
0.4237716563
0.1670580037
1.059032738
0.9614346568
0.632224457
1.087755661
0.06115064868
0.675362381
-0.00441028066
0.6196892202
0.2649824046
-0.04645230714
1.200923424
0.8579148229
1.134462081
1.16960597
-0.1345641211
0.42349799
0.4179337811
-0.3504861265
-0.2055364648
0.02012027912
-0.4637362465
0.1203712836
0.3607168464
0.01177766025
0.6596100047
0.3340598479
0.7624495029
-0.08427845202
-0.04229435474
-0.6118749723
-0.002157193422
-0.05071869157
-0.03458050936
-0.5695726156
0.7830167651
-0.7432703286
-0.06997755226
-0.2903505586
-0.5076600298
-0.1628124774
-0.1355549343
0.4684371769
-0.1213848261
-0.1744581256
0.9635554366
0.3325299483
1.425300962
-0.06521254769
-0.2607949115
0.2987577517
0.0849523644
0.1278722463
-0.2355499021
1.137883161
0.6541475788
0.4629072066
1.245572038
-0.04120840952
-0.375528416
-0.007039177977
0.3775936812
-0.5187977828
0.07052090727
0.5891043033
-0.4279257268
-0.4849147454
-0.3547603615
-0.561018917
-0.321431727
0.4652014814
0.3051806232
-0.009522518143
0.306018529
-0.1411610998
0.3229018345
0.02702833861
-0.1177018629
-0.07567531914
-0.07990335263
0.1854113992
-0.8807506263
0.3863741081
0.283163147
-0.2272899717
0.59549594
-0.1139344007
-0.2303371184
-0.4059614196
-0.3480057478
0.4994140968
0.5237611752
-0.04611409139
0.275509632
0.9361587569
-0.4097155847
0.1111484686
-0.6905675456
0.4631884158
0.9256891899
1.696756044
0.196657851
-0.2815833691
-0.1445705837
0.1183459384
0.1632338699
-0.6146397687
-0.3488252949
0.04782636696
-0.6722468808
-0.260732563
0.381345984
-0.8075479299
-0.6375520952
0.8514269948
-0.2379317088
-0.01390204933
0.7304759532
-0.3196247198
0.6199008837
-0.4919728898
-0.4966816619
0.7831547271
-0.5954356402
0.2343145382
-0.5491716798
0.3697483554
-0.1340438558
-0.4972883489
-0.7282073013
0.04467948899
1.139227252
-0.2115989186
-0.8370700762
-0.001780664548
0.2812632265
-0.188060018
-0.08252798282
-0.2751786128
-0.08242051098
0.3166726363
0.3450572984
-0.03238906874
-0.3490460368
-0.2567684758
-0.1206821173
0.3829300975
1.476207072
-1.009316471
0.165226429
-0.009134111647
-0.136361495
1.259519435
1.510630867
-0.5398470663
-0.09882019814
0.7089036092
-0.1301859673
-0.02246375568
1.057806109
1.006345973
-0.5576126829
0.8845836222
-0.2324735444
0.4259379094
-0.07131806966
-0.2251094893
-0.1002862094
0.2335117392
0.5154522896
0.2936145131
0.2282991137
-0.160873588
-0.03601512751
-0.1703527812
0.6228192553
0.7057076894
0.2144445384
-0.04062775467
0.8628750026
0.06809301972
-0.02254151162
1.860011563
0.06927588396
0.01409618724
0.2232680197
0.3591138601
-0.1548573932
-0.5014249533
-0.7344143018
0.3036673497
-0.5589015961
0.8026124105
0.3045409319
0.5378162866
-0.3775351841
-0.7460916117
-0.2356109977
0.07579514328
-0.1288612876
0.03285703873
-0.5103213489
-0.201772394
-0.09676896296
-0.1317741601
-0.3429166868
-0.4350100458
-0.2913932562
-0.2898609454
-0.6841798112
-0.7644958332
0.4122613624
-0.506138745
0.04927452216
-0.1531499535
-0.353677538
0.06534146443
0.6241916372
0.194306324
-0.5172013
0.007287508668
-0.05165076246
-0.3863152582
-0.08784899209
0.8888277017
0.2433394347
0.5655347623
-0.2961955246
-0.3767692052
-0.505640009
-0.1305174867
-0.7025548458
-0.7196965724
-0.07958223801
0.1085654227
0.6793714806
-0.1023559891
-0.009333162755
0.5997341052
0.01456957925
0.7381926656
0.06282084947
-0.3016995519
0.4088798009
-0.09547562525
-0.2978419367
0.2566740304
-0.5229679435
-0.4868790731
0.06633951431
-0.1804715965
-0.572241953
0.06584735801
-0.5946191251
0.1669121787
1.311883315
0.3338441428
-0.08600675594
-0.3919107206
-0.0890667459
-0.1944901157
-0.3922369689
0.0261132285
-0.5702341363
-0.4029222295
0.184628037
0.4309110913
-0.4314127967
-0.7259099707
-0.3867671251
-0.08005266078
-0.3131751172
-0.1959074204
0.1529474333
0.01400084682
-0.330975619
-0.5386760265
-0.02787574073
-0.694891192
0.2408180103
-0.1846368629
-0.2047810009
-0.2343048031
-0.2069890523
0.03687239252
1.278568058
-0.162768312
-0.5660459548
-0.181991232
-0.1821616437
0.4126932658
-0.06297072954
0.1101594378
-0.3997408867
0.2628886571
0.5418468118
0.383833465
0.2639596775
0.03176616468
0.005617496185
0.1402524248
0.04645744935
0.3022999065
-0.2029553033
-0.07296073195
0.4880463548
0.9229739912
0.246087515
-0.6814169765
-0.4628866866
0.1759562615
-0.4636319563
-0.03036905434
0.6339062408
0.2165606033
-0.002031245455
-0.4479708675
-0.2461737065
-0.412698628
-0.3604662448
0.1183994053
0.06644198224
-0.3206958577
-0.2677972414
-0.6883963972
-0.1887121938
-0.4684703328
0.2813495744
-0.799125275
-0.3110533757
-0.2948180087
0.06039298754
0.03151805196
-0.2366526939
1.529878134
-0.1823128764
-0.4889290705
0.2237518992
0.9566517055
0.2828634711
-0.1628326781
-0.09542021528
0.8847342521
0.009599260613
0.2833515894
0.3306165813
0.709243384
0.9499850053
0.5335562281
1.04345581
-0.05685020741
-0.4043854762
0.01559991902
0.2557429489
0.1537380762
0.5810150951
-0.3483601883
-0.2287246164
0.1933116124
0.1074387034
0.05989239849
-0.4499081105
-0.697852537
0.4534206823
-0.4841215104
-0.3606299173
-0.5142644554
-0.5211831711
0.2567578748
-0.1311517399
-0.2313024169
1.109614884
0.31773385
0.04028873895
0.1711533014
0.1985731967
-0.01880447157
-0.129040738
0.1992582247
-0.1854579914
1.106528532
0.4173444053
-0.3957695901
-0.2829194069
0.6335515514
0.2665782595
0.07415129952
1.023690754
0.5218597077
0.1244180694
0.6500706289
0.1169009665
0.5413421627
0.1142852299
0.4462350816
0.1794276237
0.01258773943
-0.6511618108
0.7179780081
-0.350125394
-0.02983419076
0.09370726887
0.1046804685
0.1145266645
0.9703100093
0.3162515327
-0.3433951721
0.2765545908
-0.09109942727
0.2816420758
1.276033123
0.1527168809
1.090046787
0.2567698743
0.486460346
1.287970829
-0.1580450963
0.7263243198
-0.3021056414
0.02193210106
-0.01144429017
0.9135564737
-0.05996089298
0.05094308555
0.0347588772
0.4274457581
0.3635749988
-0.6700356781
-0.1640263442
0.2279849298
-0.006484123459
-0.05160670755
-0.5692854792
-0.1345831838
0.1709163342
0.03425004371
0.3289007198
-0.2711330399
-0.3350737873
0.3903355855
0.83772652
-0.1796344424
0.6828451931
-0.5189432785
0.3929007839
0.1763642463
-0.09423013516
0.81983639
0.2817619767
-0.07696787622
0.7127105422
0.2542756889
1.168219391
0.6995094411
0.455696493
1.122480028
0.2923346415
0.1110267885
0.1453535415
1.299048613
-0.03765976159
0.313899171
0.648241936
0.2878754757
1.073326296
0.1923561126
0.03692307118
0.335396244
0.2095937349
0.1694220709
0.008788358234
0.02095061243
-0.07113570506
0.15202494
0.5016304061
0.04369239286
0.9858562067
0.9850228913
0.06057382524
0.8936468761
0.372557593
0.017469532
0.4439108565
0.958946012
0.7967524916
0.06778861322
0.9260095537
0.6157459334
0.1958358666
1.324178281
0.5878434569
0.5394779265
0.4507161681
0.09722294323
0.09603377432
0.03003230188
0.7275700349
1.47501021
-0.5013449833
0.5456390042
0.7943456687
-0.1282705926
0.8428767398
0.6851334669
-0.1830909489
-0.3674310468
-0.5708505034
-0.6090716347
-0.4659413546
-0.2992724197
0.9771891281
0.2841218181
-0.2922065213
0.05837082285
-0.750924544
-0.5769401684
-0.1701027151
-0.08204859234
-0.638541171
0.08332790863
0.1719869445
-0.2861367628
-0.03988623545
-0.01445356365
-0.5318011969
0.5140352406
0.03043987369
-0.2458046339
-0.1756047817
0.7831243575
0.3026568595
0.1661811078
0.3244795047
-0.4447343171
-0.6939092904
-0.4543080553
0.3368747339
1.054742313
0.84039427
0.3910729047
0.3460527625
0.4130962558
-0.1271592924
-0.7622995511
-0.173517336
-0.1097414361
-0.04254646744
-0.2891367428
1.272406854
-0.1747115094
0.2367069559
0.07422696147
-0.3958701171
0.7679812081
-0.5114595681
0.01914975364
0.1413765118
-0.08045286676
0.4705990884
-0.2380470432
-0.1611876056
0.9117879976
0.06973986682
0.1764764619
0.9186075449
-0.1889145127
-0.8022180855
-0.1568665151
0.255990881
-0.3741967306
-0.199211356
0.2245257203
1.565515926
0.7308674611
-0.02179516526
0.275115652
0.3682166956
1.067577243
-0.09385170303
0.2697197646
-0.3197333358
0.2296375025
-0.5922053456
0.8111600205
-0.3169713162
0.5904984582
0.1235446935
-0.1830795445
-0.8196565717
-0.2602638591
0.07227646522
-0.243825094
-0.01496402938
1.103891128
-0.3016320452
0.1035748415
0.322007221
0.4722950276
0.2793836739
-0.4298164792
-0.5936626345
-0.05461676219
-0.3605649874
-0.4298296224
-0.2836251698
-0.0654472325
1.001547819
0.08760155132
0.4553916475
-0.3327567667
1.005578119
-0.5672898009
-0.182540738
-0.7143008724
-0.3739589185
-0.183861232
0.07197645679
0.9073297642
0.02316460838
-0.1698812092
0.005459587276
0.1411777858
0.1391015681
-0.5609336153
-0.0046326546
0.6664232053
0.3616459716
-0.007202219963
1.367756096
0.2657294545
-0.2705032554
-0.7165174097
-0.3481345505
1.006394115
-0.3817477122
0.2319696117
0.2702354139
-0.04645792916
1.084992217
-0.2955748916
0.1805772237
-0.3509274509
0.09859307511
1.54354271
1.077789558
0.5460741393
0.1478100134
-0.3407758504
0.3731785584
1.272440568
-0.2102899732
0.2875943586
0.7212104514
0.2162955513
-0.1663583588
0.01628779471
-0.1478395717
-0.05392637048
-0.2534590654
0.06724608704
0.480013825
0.4010831639
0.2827167518
0.003467747569
0.3655788697
0.5781678066
0.1688271949
-0.7107141152
-0.640602167
1.443492307
-0.05504918192
0.2296950541
0.06804121193
-0.548610881
-0.2343025446
-0.3643510796
0.9028717972
-0.0177378213
0.9410896983
-0.5651065663
0.9069805473
0.2635019755
1.158697768
-0.7684315532
-0.467787499
1.096016541
1.275959915
0.7905995473
-0.3469255727
0.4165808246
-0.5797546357
1.938506231
0.505928139
-0.06115313433
0.2355047109
-0.5296684936
-0.6503116146
-0.5744098365
-0.4441647217
-0.4265037015
-0.2211848013
0.04719884917
0.2051055718
0.6123397373
0.3388171242
-0.3396491639
0.1948545069
0.05705490601
1.913817725
0.6796891525
-0.2239403266
0.463489381
-0.1080832731
0.3482349269
-0.3415918246
0.2560310807
0.718525409
0.1901680239
-0.2874726832
0.281998419
0.712232805
-0.5691459179
0.6660228461
0.08210037556
-0.2736230768
0.6277709484
0.5775942177
0.27448934
0.1791429443
-0.1600459184
-0.2701942801
-0.4781006485
0.1200351453
-0.2675751373
0.6007922798
-0.1643659428
0.3202421922
0.02798325177
-0.4499501444
0.3022364758
0.02626755014
0.6478889097
-0.2103622956
-0.4192046843
0.6612432212
0.4111831322
0.5000917645
0.5668896258
0.04351062868
-0.4087143019
0.3467612725
0.7886825845
-0.1436792746
-0.666695334
-0.5826124057
-0.6099183016
-0.1499147715
-0.0467098115
-0.02030378953
0.008455300005
-0.06455904916
1.044319218
-0.2061668415
0.1638077684
0.1789300021
0.2455978828
-0.08112965804
0.8209801517
-0.5514254913
-0.06894677728
0.9562911779
0.2229183167
0.1454746559
-0.3323377294
0.03705553412
0.5349136382
0.1663302325
-0.4612570848
-0.2635861276
0.1585380584
0.6976353161
-0.5212794915
-0.7222429827
-0.1573414834
0.2917303927
-0.3242970288
-0.201165697
-0.3909434449
-0.2223193031
0.008265502006
-0.1621837165
-0.168016644
0.1894138617
0.4126904551
-0.3242064372
-0.5898154177
-0.1767386584
-0.519530791
-0.1282015979
0.6775802054
1.586458907
0.3587082725
-0.2560891964
-0.804417482
0.9380984262
-0.2654408693
-0.06101002563
0.4415406939
-0.2501315
0.3211411664
0.6527555514
-0.343761453
0.6652398489
1.486989442
-0.4581160627
0.03175137062
-0.3149885017
0.4845474347
0.3637832485
0.6844875082
-0.08875293583
0.7774561115
0.8407380395
0.1551738366
-0.3300911453
-0.4417887211
0.6846626081
0.3196830789
-0.153391354
0.6137787499
1.650522864
1.729588594
-0.4124301225
0.3964087712
-0.4428474411
-0.6875604808
-0.09513692185
-0.3692830481
-0.3781937405
-0.3727210857
1.287283067
0.901019818
0.6913756423
-0.01311773639
0.4559832644
-0.4183795825
-0.462313512
-0.05434226412
-0.1005648958
0.4275650017
-0.0005179813132
0.494191606
-0.2388818622
-0.2981494213
-0.3397183672
-0.6596689731
-0.7421751335
-0.323611284
0.04007981326
0.05530914739
-0.6327737182
-0.5983117849
-0.5384199783
0.02227640916
-0.2235219229
0.6937637065
0.05058255121
0.1825357594
0.2478700174
-0.376919765
0.3041541651
-0.04663794041
-0.2137653979
0.1653477529
1.105418574
-0.6359313354
-0.1819900207
-0.4131299675
0.0647354628
0.0983691819
-0.008013170399
-0.3471099511
0.2601083625
-0.4985628784
-0.3481439672
-0.03718167208
-0.01059863642
0.6357097629
0.1014528271
0.2214560609
-0.5359214231
0.3686224056
-0.1621395103
-0.5647904098
0.01428628564
-0.164485888
0.1969303112
0.5030143842
0.8032615237
-0.3126867492
1.196588055
-0.350940286
0.3511082726
-0.274958431
-0.0682092553
0.6437072426
-0.06159509551
-0.1474853603
0.04837068338
-0.02695136033
-0.3439262666
-0.2959840631
-0.2970015164
-0.4995014615
-0.5320229813
0.6384904105
0.2212972778
0.4819547929
-0.0795428643
-0.8696877718
0.1022010511
0.6913871583
-0.6625851832
-0.6571371026
-0.4210607603
0.2700669477
-0.3390200116
1.09725914
-0.4970055833
0.8957214385
-0.092250406
-0.5552710786
-0.1526261547
0.3920905154
0.5060667221
0.1693044644
0.651345282
-0.8564836711
-0.5811132744
-0.6782967396
-0.570117794
-0.3844520397
0.10093454
-0.6594610594
-0.6895288363
0.33042602
1.471255967
-0.3277923599
-0.1880129736
0.6056280509
-0.3533796087
-0.1714293249
-0.3717361398
0.7489972785
-0.02177303806
-0.4932784647
-0.1785446284
1.32158784
-0.5427824669
-0.1385267332
0.31707833
-0.02652591309
-0.1769495906
0.9074556548
0.8350338232
-0.09064131416
1.01350877
0.7049089327
-0.3094724195
-0.04930052049
0.2101759542
0.1492029002
-0.127708789
0.4631340213
0.7829834707
0.06745109474
0.7648655407
0.4169068828
-0.1286278754
-0.1186747463
-0.03659169637
0.6987417363
-0.1158649098
0.5058256336
-0.3344956748
0.1018454634
0.248349569
-0.1965371922
1.526991733
0.8724858485
0.5760518949
0.4473256331
-0.2964444956
0.6745730564
0.5884827852
-0.2459591232
-0.720122464
1.012368032
2.1245509
0.1064043163
0.1000968989
-0.0001401029527
-0.08183696978
0.9374962553
-0.1046589447
-0.1998262208
-0.3516854949
-0.150152028
0.8066458926
0.9198062941
0.426852461
0.09768322464
-0.2839626398
0.3383994494
0.3594843579
0.06930029411
0.2530986281
0.3681162916
-0.5194474399
0.2071365904
1.002123529
-0.3518299535
0.6057168998
-0.4804204151
-0.2245073654
0.009901494253
1.534913003
-0.0570495843
-0.3452806309
0.5995291758
-0.122782591
0.750221803
-0.2375447858
-0.3488450497
0.1821583064
1.346819666
0.4770142421
0.0169650726
1.019332648
-0.2352699762
-0.1069642982
0.6279994342
0.1187641554
-0.1249789193
-0.257856461
-0.8902181774
-0.1469841968
-0.04429020546
1.248336004
0.1445420552
0.6727809668
0.0792612616
1.216918454
0.2952593748
0.2982807573
-0.006870376877
-0.6336341783
-0.2881218307
1.358822918
0.900855276
-0.06583798286
-0.2260077601
0.2962572645
0.419620847
0.152230254
0.1304507657
2.151215884
0.05512279971
-0.2806499381
0.4181367027
0.4539198771
0.5655957058
1.917886737
0.5182346549
0.5270191342
0.762968912
-0.03286033422
-0.2260151852
0.6366146643
0.2416576736
1.099206124
-0.01925996318
-0.4333680302
0.6490240712
0.7078233272
0.8491191581
-0.1324610902
-0.3660680696
0.6088901743
0.9389746793
1.346337327
0.3887951076
1.519773267
-0.3286031559
0.5870307773
-0.2925116234
0.7625064336
0.1071796848
0.2985506568
-0.3859005
-0.6563601136
0.529757908
-0.05187237449
0.08472143309
0.1594557069
1.087459238
0.4009100378
0.4251766708
0.9663977385
0.8014573909
0.3502512872
0.7166973658
0.6417213991
1.016894902
-0.20304453
0.1849749766
0.9061329845
0.2524821125
0.6496640418
1.107615617
0.1503539488
0.5719000921
-0.07541457042
0.9442264721
0.6043772426
-0.3345326483
-0.1004848201
-0.1470601
0.4146150351
0.5852588482
1.064495675
-0.3003914353
0.9665768743
0.2933169687
0.03936359435
0.7145946376
1.058899218
1.706758913
0.5338248614
0.2008471847
-0.1655091699
0.5008819513
-0.1018490996
0.3136972688
0.7431790262
0.3460667754
0.2775259715
0.5102869086
0.556477768
0.1073890638
0.8468090922
0.8404336683
0.3136933021
0.1891753264
0.5716655675
0.2553612445
0.4129011653
0.2340269681
0.8517980464
0.5131945677
-0.1158432241
-0.5007125914
-0.2061379112
-0.473521268
-0.3029141009
-0.2461453222
-0.7560831755
0.6104063645
-0.3762397707
1.090560827
-0.6359022558
-0.6278972998
-0.5291788876
0.06655976027
0.2264515854
-0.1894991342
0.100419857
-0.4579928935
-0.1494551258
-0.2682740249
-0.8777570784
0.2399779741
-0.1546865404
0.2729475707
-0.2060516112
0.2000466913
1.429530748
1.880987157
-0.1778121434
-0.4546873659
-0.5539900556
0.03274773927
0.1924485288
0.2321154229
-0.2504989571
-0.1318503045
0.5808530517
0.6901652312
1.692456302
0.9633411996
-0.2370176077
-0.1465292635
0.2592164926
-0.148698514
0.4648658346
-0.09670400023
0.6632779643
-0.631616205
-0.1603536896
-0.4837703362
-0.04054337889
0.6474640705
-0.9140639842
-0.2170571681
0.0312648993
0.5935170136
-0.5995527819
-0.4460391864
-0.5601641856
1.129528823
-0.2449012278
-0.0009310427587
-0.3338556089
-0.06493621394
1.135808163
0.5117670909
-0.1480593165
-0.4526607141
-0.5888315201
-0.6723673791
-0.05158214886
-0.3046138711
-0.1878723316
-0.1997903995
-0.007404427323
-0.3778831087
-0.1326342635
-0.344858381
-0.2284293113
0.2788931169
-0.5365049943
-0.5958351567
-0.3359306127
0.5359693278
-0.3391956381
0.6269738868
-0.4094145872
-0.6237719089
-0.2312366232
0.07951522022
-0.4950070113
-0.4306743443
0.540384575
-0.2876179632
0.9173379004
-0.02869343548
0.6317117605
-1.073351674
-0.4431029797
0.7808375254
-0.3587894201
-0.2832678482
0.1156207321
-0.380885683
-0.4411396876
0.9824599087
-0.4049522862
-0.2769802287
-0.08775188625
-0.1400596361
-0.2617220439
0.4419485435
-0.6305889934
-0.6244907126
-0.3932949856
-0.2648642998
1.304988543
0.327959126
0.2941119291
-0.613667772
-0.4183302253
-0.2971969143
-0.3061817288
-0.1669843577
0.4115321163
0.4224428341
-0.2457966372
0.1477080437
-0.3511770386
0.3055922784
-0.01976959463
0.2388651915
0.1158809479
0.01634084173
0.5793067819
0.6126109585
0.06868560202
0.3280580372
0.1181412956
0.5971521288
-0.056878152
0.2293389415
0.3809698388
-0.4047714099
-0.2893269919
-0.7066350758
-0.3793634072
0.6763256662
0.9877796661
0.2309474684
0.6702127509
-0.3981032752
0.7376611248
-0.03848384041
0.3360945057
0.2868808412
0.1935797673
0.9894218326
-0.3891951859
-0.6854523391
0.4448763303
-0.4604877472
-0.5013370827
-0.06680435743
-0.1296246931
0.1779188367
0.1611208287
0.6915958157
-0.2140387665
0.2587172678
0.05107585341
-0.2231997663
-0.6403458048
-0.2176562451
-0.5661649242
-0.1305505948
0.1631103761
-0.4964097828
-0.2525083378
-0.2713478798
-0.1995742274
-0.05334669389
-0.5924825206
-0.4021507859
-0.1907354427
-0.3250316553
-0.6507968754
0.1408223264
-0.1019672604
-0.6683396608
0.4718360726
-0.2107829953
0.3915367983
0.5351604063
-0.3821595974
0.3192534219
-0.5191922456
0.6850086287
-0.1626524305
-0.5351198137
0.02991548534
-0.2211419933
-0.04876303263
0.04894234431
-0.3351286456
0.05030385349
0.2965816986
-0.2001694927
0.03201537551
-0.3334718935
-0.8352797985
-0.4143837377
-0.7479350314
0.304546644
-0.3136879286
0.5905107066
-0.2231823564
0.3049278811
-0.03095488213
-0.1732459744
-0.4870594271
-0.03502871282
-0.4353385761
-0.5092639729
-0.3744132563
0.2407246834
-0.0875283469
-0.555710943
-0.65687325
-0.2169702347
0.6104110621
-0.09288742226
-0.04210097417
-0.5216849089
0.2627339872
-0.3573965482
-0.5122409031
0.1246725621
0.6741687849
-0.01888790801
-0.6600320533
-0.4386476174
-0.2538096674
1.209656228
-0.5941805556
-0.05397783685
-0.2613089014
0.58601049
-0.3927105829
0.08596343789
-0.5832162127
-0.2463096673
-0.005642645247
-0.130150391
-1.018402943
-0.1592084214
-0.615605104
0.5329567172
-0.4506647319
-0.5680395618
1.099130555
-0.4466443732
-0.103603847
-0.1625051249
0.07124551572
-0.4577136248
-0.4978050247
0.3624130394
-0.3726933178
0.8242185682
-0.1234935082
0.2738562508
-0.08214234868
-0.4621170809
0.1389873032
-0.2365970653
-0.02416217383
-0.1824642591
0.2570410933
-0.05205496848
-0.7834134862
0.08297665576
0.05109054781
0.6662291344
-0.3557251588
-0.4088565115
-0.7611102179
-0.4962282926
0.3852356276
-0.6484758675
-0.4151867345
-0.2382492883
-0.4196222082
0.449014838
-0.3115249602
-0.1069764772
-0.5146744356
-0.6426758043
0.7250470597
1.120849908
-0.1534697288
0.308203127
0.3695744842
-0.3417844221
0.02462200485
-0.8100025833
-0.09759213105
-0.1838159092
0.007296641171
-0.3653034955
0.09613478798
-0.4698757857
-0.2003146682
-0.005800220743
-0.1297403209
-0.1829472344
0.03815206066
0.1566871919
0.4792726316
-0.3938282445
0.08278882429
2.20056302
-0.2396269714
-0.01309590861
-0.336985714
-0.03640439864
-0.5338520661
-0.1158522022
0.5836966574
-0.294662606
-0.5185777694
-0.5029339038
0.09038607627
-0.1717662401
0.6899230178
0.1288365858
-0.08541684262
0.2435218718
-0.6779409111
-0.6351279378
-0.5386193939
0.07161825513
-0.8868645743
-0.7262626514
0.4406848922
-0.427746322
-0.6106407598
0.2121714261
0.7879113827
-0.5711943403
-0.2993348254
-0.307428427
-0.1500186653
0.078374492
-0.03374018222
-0.3488558691
-0.1405582812
-0.2283404414
0.7677364621
-0.2788973254
0.01637302013
0.0220442459
2.064013615
0.07064018771
0.2207521226
0.7118515961
0.3714668702
0.5342272304
0.0226045249
-0.3740923494
0.07576126307
1.010738097
-0.02193007846
-0.4499119237
-0.7245609611
-0.2537523523
-0.5852927253
-0.5893130958
1.238347851
0.1424429906
-0.1538867056
-0.31025493
0.1752162948
-0.7299319685
-0.03163673729
-0.1302414414
-0.3871637248
-0.04000605047
0.1624783902
-0.4870870635
-0.1290572124
0.4203916475
0.01797869243
-0.07089854535
0.1503016628
-0.5680731416
0.7691225797
0.03799515907
-0.4012566656
-0.2676932864
0.03783535641
-0.4343948528
-0.1551017936
0.03296101075
-0.2458081931
-0.4795911379
-0.1543292254
-0.07552870885
-0.09477652139
-0.3091901504
0.1839697376
-0.05538120535
-0.2703220069
-0.08992295898
-0.3215992391
-0.2188853614
-0.3029752031
-0.5973824665
-0.07200856148
-0.761621502
-0.7573430836
0.6552986691
0.2210673083
0.1151354714
-0.6875270933
0.8299859604
0.5033543378
-0.4001544995
0.149261431
0.5564825363
0.2667549921
-0.5017263785
0.02182886563
-0.06972624324
0.4593936309
0.6396814376
-0.1587338449
0.646827453
-0.6156171128
-0.2302793596
0.5459722739
0.7905808926
0.001633555628
-0.3649616331
-0.3905934438
-0.1717047473
0.8386085685
-0.6477582678
0.5387159173
-0.2086993493
-0.04157206733
-0.2510575384
1.067521944
-0.1251331998
-0.3615879022
0.04673366975
0.203124084
-0.0589414753
-0.1137982775
-0.4374432981
0.07363578901
-0.5265029669
-0.2010957429
0.7001483008
-0.04630114287
-0.5084635559
-0.6281074226
0.4930496238
-0.2130231556
0.7679661244
-0.6146732811
-0.4837306004
1.393899709
0.2821999691
-0.1778465938
-0.1395246323
-0.6244106621
0.3438149087
-0.4324234307
-0.08658425189
-0.424183853
0.1817586895
0.7793940451
-0.2607383311
0.423736302
-0.4664831359
0.3542841285
-0.4613109306
0.7985554755
-0.3930951364
0.7614276346
-0.04056571219
-0.0427233533
0.5724788945
0.7437824793
0.6946150891
0.60790204
0.02272462198
0.38476795
0.4421906933
-0.5271481276
-0.3974165812
0.385579484
-0.6021635532
0.03432799047
-0.4206834905
0.07489469647
-0.6094812363
1.588763022
0.1276182912
0.4557283554
-0.2276032619
-0.1246167721
0.7053363711
-0.3258683674
0.113785204
0.1245971847
-0.271913445
0.04310450479
0.7232935481
-0.51004453
0.1301171331
0.1993358085
-0.07292182781
-0.3097447485
-0.1317268461
1.101839263
-0.5891752735
0.06356074642
-0.179714968
-0.1607310424
1.336007845
0.3290570728
0.06814563274
-0.1979374342
-0.582005246
-0.06839614548
-0.5879400611
0.9968696043
-0.5425840795
-0.6860303737
-0.3558721729
0.1107356911
0.293842674
-0.4260041662
-0.1962479655
0.4383690774
-0.4598127589
0.5728783451
-0.09096296467
-0.3042867497
0.1599796031
-0.520360817
-0.318762625
2.12747825
-0.1215832112
-0.4467766367
-0.4673274472
-0.2958551401
0.345980948
-0.5673620939
0.2685804523
0.4639887895
-0.2220481701
0.1811987774
-0.187423015
-0.2458622552
1.074939254
-0.06547237174
0.2307082776
1.351749951
0.5506032184
0.4730829928
-0.4957851209
0.9106970549
0.07970538847
0.3275104072
-0.128911945
0.9467669532
-0.6809470713
0.3133877032
0.1307585251
0.2328369398
0.3667567082
-0.342313044
-0.04242924321
-0.2454646837
0.0515148975
-0.2503794972
-0.4529483095
-0.1569781717
0.6290960727
0.5992685957
0.4388532951
0.04848279376
-0.02501648422
-0.1766104743
-0.6858872987
-0.4019414842
0.6378481137
-0.5242871165
-0.3465791486
-0.58633762
-0.05133898798
-0.2086980689
-0.3916293904
-0.2464414038
-0.2975044496
0.08048112253
-0.3703890577
-0.29552233
-0.5761637375
-0.591919817
0.08579262104
0.2505285893
-0.4315061137
0.1785784142
-0.2247873524
0.3558854468
0.185844842
-0.05212560371
-0.436325185
-0.1769132074
1.465536129
0.4301148184
0.6816310886
0.2987690272
-0.3690625045
-0.2960410036
-0.2421386681
0.4730606221
0.1679840533
1.332482915
0.1563819954
0.9983930681
0.6699405164
0.6425944678
-0.2532668352
0.8171203628
-0.2962102829
-0.3577849003
0.4245110184
0.1557394026
-0.4300419196
0.1184283389
0.1128063762
-0.3538472164
-0.1256348524
-0.03806122243
0.4062818918
0.0197780963
1.086334217
-0.1903947696
0.990992707
0.5191236589
0.3560186826
0.210220235
0.1602756733
-0.2109496497
-0.2070667885
-0.4651848108
-0.5527709812
-0.1766800888
-0.4350587599
-0.0320475962
0.02194229886
0.1714040831
-0.5350604676
0.2166539465
0.1267749974
-0.1907688618
0.0808186261
0.1619743709
0.2666766763
0.1626654223
0.3597939126
0.7847326621
0.3650942648
0.9984796137
-0.4762157165
0.9996700738
-0.4534385718
0.3955427192
-0.5009036258
-0.2658381233
-0.4388832405
0.5042512543
0.4988398302
1.27752472
0.9915294882
1.063543446
0.7616714701
0.5909202449
0.6115748081
0.9559373967
-0.3891073711
1.16481238
-0.1688229265
-0.04113007635
0.4848467305
0.04836007431
1.311608511
0.8321802897
-0.3384811088
1.870140457
0.07296751644
-0.07944691218
-0.4946187388
-0.1719183199
-0.475422056
0.7674455218
0.3042571705
-0.197797095
0.2500095233
0.1861463757
-0.7002243921
1.485358533
0.9351687729
1.157242709
0.1280546353
0.8814248946
-0.07088362142
0.9701888755
0.8213036232
-0.3063869573
0.1529313497
-0.6050266709
-0.6069907323
-0.2238878101
-0.3120433524
-0.08004492912
0.3783737008
-0.07954896614
-0.1033940474
1.032200241
-0.0500617994
0.1285209257
0.08105518017
1.302655849
1.532633874
1.037006305
0.8762311518
1.462549938
-0.4064817045
0.427498915
-0.4231574759
-0.3488890566
-0.4806289002
-0.3728620797
-0.02122729272
-0.2933650712
0.1482731402
0.8644364655
0.3004746575
0.3566819616
-0.4190377645
0.0284092119
-0.3248333279
-0.2838573696
0.06087675989
-0.05751591343
-0.4639314748
-0.7347869009
1.398335207
-0.3528876945
0.6390362918
-0.4062773064
-0.002687748335
0.9665652804
0.0981907506
-0.02694004066
-0.1219773987
-0.1244816095
0.6870421842
0.5275315784
-0.05716867261
0.6108355522
1.161331205
0.3748175155
-0.1409413008
-0.2755735714
0.7137572035
0.3743235793
0.1480044726
0.09552085921
0.1374143895
0.1099647909
-0.08518676339
0.2895424327
0.04747381555
0.06187566184
-0.02871036492
-0.1416572221
0.6504930329
0.2341982709
0.4218768302
1.195580606
-0.5070290029
-0.1709355047
0.4429346342
-0.03871490955
-0.03104899321
0.7445327118
-0.05693081468
1.621326128
0.8884375691
0.04106161362
1.809866489
0.8898838632
0.6469197519
1.060880337
0.174732329
0.01420744937
0.01289628055
-0.2284739973
1.121451123
-0.4532108292
-0.5558001518
0.1567772049
-0.1868067719
0.3443151321
0.3735343875
0.4608579548
0.2670704944
0.4291549616
1.103688952
0.3522624703
0.2831613112
-0.1369230043
0.1236935344
-0.09511028007
-0.3259052783
2.227426864
-0.2979720093
0.168090835
0.4720584322
-0.1609288175
0.5884691615
0.4291715749
-0.3620099481
-4.153139889e-05
-0.4196112446
-0.1364066638
-0.05225548334
-0.3167617224
-0.2297087306
0.2117335504
0.4254409146
0.9573313899
-0.229321127
0.4273854777
0.3560578726
0.6579940803
1.329492803
-0.361942251
0.5715043977
0.2779254034
0.3653691567
0.6541386351
0.07828406431
-0.4301764846
0.7276404679
0.4794612177
-0.141595291
0.7642721526
-0.06911421493
-0.4008473963
-0.4466328092
0.07280197199
0.6158628926
-0.08181192279
-0.2293215662
0.7870277107
-0.26095044
0.8487331703
0.493863409
0.2966493277
-0.3830182895
-0.06065684175
-0.07187063657
0.7756536674
0.4571448714
1.151158533
0.4123473138
-0.1288367443
-0.19675733
-0.3152161621
0.2928056661
1.415570751
-0.1855329236
0.0522438501
-0.0433165893
0.6475265473
0.8751571171
0.3174868025
-0.1125587771
0.543684011
0.1669323448
-0.02844317686
-0.5006527603
-0.561165268
-0.630836755
-0.4480771914
-0.3462005183
-0.4218658671
0.4991978988
1.224747434
1.080755456
0.6384977035
-0.3183175176
0.4837166555
0.8032052904
-0.0713103787
-0.1107172344
0.8237033293
0.5261267051
-0.1805471012
0.5119750638
-0.2840784678
-0.6231053442
0.8234073453
-0.7062627852
0.6803985037
-0.5436126664
-0.3047442481
0.9177050643
-0.5690808311
0.05599516407
0.04655222557
0.1071887166
0.02275450751
-0.2107799828
0.8392906815
0.7661020115
0.5123771414
1.231150612
-0.2387086285
0.6170921996
1.078644049
0.7779268645
0.0323944021
1.060313706
-0.02553742714
1.213530679
-0.5680799507
0.7310803823
1.236045754
0.4921603508
1.010881305
-0.1015651033
1.293711679
0.1550497802
1.781600724
0.1344298351
1.292929092
-0.2939270202
1.405313227
-0.5956513017
0.1852805875
0.1803444797
0.3057480916
0.4499140568
-0.1841084655
1.136179243
0.544066637
0.541860418
1.069071094
0.6072354421
0.6101415634
0.722308594
0.2315811617
0.1954121139
0.7675243571
0.03979554959
-0.2538159851
-0.4820896372
-0.3014093429
0.9330831829
0.1963103075
0.3932415746
0.3123891227
-0.4967896052
0.9354036674
0.991103638
0.0181403989
-0.3300619885
0.5835400486
-0.1364900474
0.4899516294
0.07801212342
-0.238919716
0.7492670212
-0.01561480816
1.035255751
-0.4731509939
-0.5517795101
-0.1854526374
-0.6351784647
-0.7559916019
-0.3395008542
-0.1306479435
-0.5540758371
-0.1432279963
-0.0593782248
-0.3932917513
0.4345222067
-0.1128691306
1.101458533
-0.2357282504
0.3747255236
-0.2640746646
1.532115178
-0.04921363723
0.9882720366
-0.1144551242
-0.09493117519
-0.258711233
-0.3131730631
1.106578708
0.03225014121
-0.2490639305
0.1341979641
-0.06817120649
1.502255347
0.1041866639
0.02448097272
0.5830185026
-0.4600281047
-0.6985754818
-0.3797789536
0.09880759083
0.1729206898
1.233812146
-0.286247397
0.9085845903
0.7347033314
0.2791223263
-0.3380603641
0.5280611107
-0.3218102112
-0.03062996082
-0.3071607593
0.2046214975
1.479390073
-0.01526518948
-0.08028474823
-0.5813528985
1.187504753
0.3371307397
-0.5117560171
0.1801125877
-0.02808896303
-0.02192914635
0.3184567997
-0.3472021304
0.2359409181
-0.4675878085
-0.03051005639
-0.006315982901
-0.2818267956
0.1914235867
-0.5506791584
0.5388423517
-0.1948360916
-0.6317214757
0.06653204691
-0.09002741743
-0.7330248371
0.2192050278
-0.284121912
-0.07213439667
-0.4419507056
0.4033507138
-0.1536957185
0.7980231993
-0.202408956
-0.6715499274
0.08961099591
-0.2865902811
-0.07102192827
0.1861363813
-0.302570454
-0.6502803504
0.4026615907
1.034820241
-0.1552523425
0.5789519429
-0.02990674283
-0.233322168
-0.6045111582
0.6071433529
0.01743675712
1.107236538
0.6089063227
-0.2979079448
1.283012462
0.1199528111
0.6037898105
0.3731860787
0.09354344867
0.2702866489
0.3810256038
-0.118818091
0.0648799262
-0.04001279538
-0.5649628401
0.9372690398
-0.2261924682
0.1932982591
0.5056956291
-0.4150070734
-0.1217495928
0.163149738
0.02399823396
0.4761310387
0.1897126883
-0.1126249608
0.6032171011
-0.1364782739
0.7216572791
0.1488821407
-0.250238784
-0.5296446845
0.4544029407
0.7438390285
-0.1807429206
-0.028034251
0.7969531611
-0.2623518929
0.5957022682
0.2966713678
-0.1272826124
0.2339768235
1.349804139
0.3458575301
0.5260338116
-0.1592748329
-0.1756001025
-0.4164053231
-0.3240634682
-0.04127362669
0.2492121636
1.484108672
0.6391603015
0.5308744326
0.4016658442
0.4032163408
0.223404724
0.6945833951
0.01464804467
-0.02855889741
0.5520402528
-0.131232238
0.3916645933
0.3756528379
0.5472838417
-0.1679389818
0.1934421781
0.3441741221
0.050427025
0.1524028344
0.4368916642
0.9935707975
0.2663966659
-0.04167192988
-0.07753179669
0.1635493599
0.3923178602
0.2607087471
0.2101807645
-0.3029639147
-0.396692574
0.04220100436
0.009237362351
-0.2396046789
-0.4877418697
0.02521295883
0.2226577053
0.6294297032
0.2984570315
0.5294306774
1.128914569
0.6505079098
0.2063574657
0.1920410022
0.8322512776
0.8003197445
1.371505174
-0.2839994833
1.194052325
0.3279417155
0.1041704718
0.1468919906
-0.3975094691
-0.1025550218
-0.07332707541
0.1632497426
0.3178075615
-0.03800696703
0.7377067029
0.04139329251
1.081367052
0.172803146
-0.03582395464
-0.4018893793
0.3291923823
1.164450169
1.34385317
-0.3037260335
0.8694375411
-0.3102209195
-0.3590046056
0.7118313998
0.7338288337
-0.4137496177
0.8953369036
0.3346375439
0.5614473119
-0.04148077387
0.7742218975
0.9528871372
-0.08234016858
0.02619765103
0.5083508648
0.04830978978
-0.3741945989
0.2083598522
0.1250780415
-0.04554414488
1.498265558
0.8628414407
0.469396022
0.08961710269
1.721286207
-0.05619068705
-0.1371713657
0.07482278906
0.05484276926
1.374731609
0.3500374157
-0.1203041758
-0.4120698221
0.8846118771
-0.09820180852
0.1130086048
0.5553022742
0.2159287164
-0.2337189052
0.1003061172
0.2192536904
1.260031979
0.5202907115
0.3889857627
0.3255231187
-0.3024263458
1.125467506
-0.4629253089
-0.1793554926
-0.534418644
0.03040262521
0.03140604049
-0.1815657781
0.9255726486
0.4437912058
0.6651662685
0.2195922917
-0.2762784213
0.3277967012
-0.07720761187
0.2979793534
1.298387549
0.3830648344
1.733913085
1.718681455
0.01562725659
0.5574277572
-0.209262228
0.3388758577
0.1152426322
0.4276970956
0.3748553282
0.0976145044
1.126398055
1.136099274
0.3684842475
1.654991651
0.4147728294
0.1272494484
0.7849871784
0.3107824448
-0.3942512393
0.09103300795
-0.3488362104
1.3244982
0.9148809329
1.956242136
1.255792414
-0.2364668231
0.2688917384
0.7617619425
0.2979695331
0.104884824
0.8659554571
0.6041479219
0.1491097502
0.3784099989
0.8419143718
0.824556274
0.9471648812
-0.2460151371
0.5391916327
0.3792916404
0.361360319
0.8759719461
