-0.2907426454
-0.2453516275
0.2293067589
-0.3500939682
0.3652627887
-0.4869768672
-0.3087006003
-0.4427363545
-0.3517277613
-0.8662243187
-0.6156415209
-0.4045418177
0.6349879041
-0.2843662873
-0.331787239
-0.3963571347
0.1266648335
0.2400176044
0.6433198638
1.031768589
0.4181600116
0.08183216318
0.3861976027
-0.04201011155
0.4719022639
0.3690990813
0.202836764
0.02384575531
-0.788289696
-0.2677828476
-0.1553220465
-0.1780896395
-0.2474369925
0.08874247111
-1.083839387
0.00874788519
-0.2019815128
-0.3511394758
-0.1152448223
-0.08617131831
-0.5714852922
0.1267016776
-0.6049206436
-0.6344404221
-0.7885729194
0.3557642704
0.502965717
-0.3914613299
-0.01706242524
0.465956407
-0.1570536017
-0.356265983
-0.1069349128
0.02135602785
-0.5583162107
-0.7095918804
0.3844639447
-0.5628566623
0.2385033786
-0.3161427386
0.2352078049
0.1200335102
0.3683586784
-0.6203099519
-0.09220552668
0.6291075796
0.1830245048
-0.1204872292
-0.1809552547
0.5852325231
-0.4191057399
-0.3189854186
0.1825895306
0.08086352106
0.1020054958
-0.3070469081
0.1071146874
-0.2286523838
0.2118384074
0.8549068853
-0.3095164616
-0.2084824976
0.4177501142
0.0209434364
-0.1969458573
-0.04469677396
-0.08719647713
0.02427399941
0.03216640875
0.2676707167
-0.2707365129
0.3126798922
-0.1683682106
0.6606900804
0.3419442181
-0.6441695303
0.8172382683
-0.2493656335
-0.5577832848
0.3130186897
0.256156697
-0.1354493662
-0.2742606089
-0.5180354774
-0.1427287217
-0.06645214548
0.1627089676
0.1650582653
0.269894525
-0.08277632045
-0.1455307638
-0.2307953678
0.9972288087
-0.1644898436
-0.233308406
0.1362505404
-0.3561684199
0.3520016201
-0.549095428
0.1554176513
-0.5913070068
-0.4470142156
0.3098528122
-0.2473782882
-0.344392442
0.363522689
-0.269700671
0.02949967738
0.3257704757
-0.4478139058
0.3538084432
-0.6346300572
0.1072185794
-0.2023630757
0.3586414859
0.3481819652
-0.1007900428
-0.2288270637
0.4292791009
-0.741675128
0.04988040552
0.1141993592
-0.1238235302
0.03077308033
-0.203225264
0.2185662378
0.6206747465
0.4198108726
-0.09326019017
0.08976078546
-0.4572967052
-0.06226637363
0.0007420575246
-0.5348882318
-0.108629849
-0.7516401976
-0.4716261253
0.5414127693
-0.03018297181
0.7401591726
-0.7978639454
-0.2207652349
0.1558868621
-0.4194140792
-0.6606416509
0.1866731096
0.2273513196
-0.1370998699
0.6601688132
-0.09328660704
-0.3858378932
-0.3515845194
-0.1802715437
-0.4055870324
-0.2775122049
-0.4416042082
0.855203855
-0.102087489
0.3188198064
-0.1912061207
-0.2754667008
0.001969821565
-0.2525954256
0.08364914441
0.6317446887
0.0850374667
-0.6944010764
1.143703765
-0.2385307566
0.1492968256
-0.3622834254
-0.3227854431
0.8761888593
0.1344598429
-0.3979983717
0.04950704863
-0.3899375647
-0.02573724659
-0.5320740655
-0.1073997561
-0.5339985043
-0.3268531494
-0.5033306241
-0.1261776496
-0.5720373362
0.07216327013
-0.1796197742
0.5673477776
-0.4928010851
-0.205732067
-0.1023596674
-0.02357660392
-0.3488914259
-0.5309757493
-0.3245236047
-0.3391321667
0.1221931338
-0.2498827372
-0.4146173004
-0.02518132329
-0.04839805914
0.8095058899
-0.1491652219
0.3940095641
-0.200590498
-0.3189037271
-0.5939461067
1.29405897
-0.3416390866
-0.2041248605
0.3533653051
-0.4050140187
-0.02434674818
-0.04172338676
0.4025936618
0.7157223657
0.02399151167
0.2531612109
-0.1607776158
-0.06989226416
0.6020033255
0.08720788136
-0.2719658222
-0.486286851
-0.474198658
0.3349958874
0.433085705
-0.1861883814
0.3634613588
0.005199293327
-0.1522531014
0.02734698481
-0.517520985
-0.2896726452
0.01508217473
0.309382828
0.9050200284
0.2911155861
-0.3598553451
0.1937545175
0.09084761869
0.4256564502
0.4485383749
0.2644566059
0.118033616
0.356736698
-0.3512878355
-0.4303924203
-0.1184820503
0.2535429617
0.6206550673
-0.4397408754
0.8585039228
0.04526981339
-0.5922667518
-0.2429957021
-0.01544151679
-0.1650688764
0.3732699648
-0.007352587767
-0.3401977114
-0.395950418
-0.1246500459
-0.1637286218
0.6418963432
0.09949207702
0.910132356
-0.4815454945
-0.211140522
-0.0003041422926
-0.7375362858
-0.05164287072
-0.04792594323
-0.1996519681
-0.3921067096
1.32837674
-0.4250085682
-0.0606388526
-0.08010892933
-0.5017858541
0.68772735
0.1558176569
0.1853347901
-0.1524921648
0.1611296644
-0.3808586918
-0.135623606
0.179516398
0.2240937729
0.3630383048
0.02833460979
-0.02395950649
0.5147995323
-0.4448455729
-0.1071152264
-0.4922022507
-0.310365998
0.4957089495
-0.1036016174
-0.02675880939
0.4283164851
0.636040616
0.1046721713
-0.6542717978
-0.1518252015
0.3146051478
0.1538148262
-0.6073381677
0.02057053791
-0.06316420026
-0.5884386078
-0.5714615494
-0.1448435565
0.1342890881
0.2713514222
-0.3109489363
0.0516559788
0.8295827292
-0.1132430034
0.6212229773
0.8449618012
-0.3577714063
-0.2902013101
-0.4075901009
0.1020512233
0.6920185961
-0.03835399956
-0.1910142615
-0.03321906757
0.2053658843
0.3548658408
-0.2456965238
-0.6037998989
-0.2211604776
-0.06163986921
0.3255468805
-0.655527091
-0.09914484955
0.2763627399
-0.4134498253
1.2398182
0.04506010897
-0.4545957237
-0.1488464715
-0.001159845479
-0.4909532703
0.366387647
-0.1726773006
-0.1125024594
0.1715353787
-0.2541389147
0.169213675
-0.5774097487
0.2766890332
-0.07598927766
0.1008501451
-0.1112793744
-0.4557196312
-0.2697135368
-0.4821506709
0.3916078925
-0.5360521004
0.4282589354
0.2203144161
-0.5131929018
0.1412602346
0.304441683
-0.09980241945
-0.273313518
0.05574174654
-0.3875441846
-0.6081985638
-0.6080002442
0.3069968175
-0.3222819131
-0.5778970331
0.06850329353
0.1442034621
0.7232290328
-0.5490613058
-0.309263023
-0.02566579692
0.1731200326
-0.4879974246
-0.1437400864
0.6019271731
0.02947650701
0.1067054203
-0.2219385535
-0.2472883928
0.8689109907
-0.1093370577
-0.1748053484
0.1409515074
0.4754051145
0.6494629979
-0.4201130129
0.5099158555
0.4067674689
0.6755616762
0.6592612073
-0.3678352501
0.222278112
0.6234334189
0.400410709
0.7079844236
-0.5144545294
0.02465260569
-0.1381996361
0.03092140146
0.699438551
-0.01694065817
-0.006951385923
-0.4619972248
-0.2802469941
0.005428568134
-0.1518403227
-0.7707634315
0.6010162404
0.4478490844
-0.2404172881
-0.1533319896
-0.4210075412
0.8602935404
-0.127992066
-0.09301267508
-0.08791009225
0.1359900157
-0.4038818743
-0.0410511313
0.05036187209
0.03515254799
0.6527428806
0.7583425924
-0.2964048078
0.7480075642
0.1764776677
-0.0002417234704
0.3679785748
-0.1238247728
0.3890011467
0.5176750869
1.459709203
-0.06448505279
0.03093660064
0.8761915177
0.8312236838
-0.3075879185
-0.09290396655
1.674232237
-0.1391725376
0.466206722
0.2890387507
1.190011585
-0.1946146823
-0.1208469771
0.1044090156
-0.1983579129
1.331508197
-0.4632821769
-0.07784176311
0.3355632208
-0.005851465464
-0.4183558047
-0.1290693838
0.4341832116
0.1330174418
-0.1156294614
-0.4895614937
0.02200271115
0.5986071825
-0.2472768173
0.4569324017
0.2535977705
-0.03314617556
0.019564116
0.2134246469
-0.3707494993
0.1326409498
0.1994308395
-0.06720172232
-0.320889952
-0.2743258879
0.07880482171
0.4451472506
0.242474572
-0.4303711966
0.1820499735
0.129258164
0.2257980719
-0.06042563487
0.6773586452
-0.1622814312
0.6296755858
0.7356552392
-0.3218936589
0.165741815
-0.03343794895
0.0237326581
-0.08535524778
-0.3296834879
-0.05502941664
0.256183045
0.6391434386
0.4395456225
-0.555964759
0.23664864
0.03602154944
0.1062924027
0.3688291933
-0.06152552078
-0.4977541581
-0.0418298278
-0.1218861158
0.3717188051
0.190282616
0.9277056098
-0.06066085007
0.03925914932
0.9984221607
0.3914912145
-0.08841436636
-0.0241151955
-0.1010923528
-0.3185619336
0.2728935736
-0.1677945064
-0.2796822596
0.5959099792
1.005751693
0.3435472116
0.1768667337
0.1627211278
0.882007885
0.4217613034
-0.4783547293
0.8098124057
1.660174859
-0.677756831
0.7711528376
0.3513642907
-0.2576454263
0.7518518426
-0.1715487717
-0.3309792805
-0.2911252931
1.07510854
0.4294394158
0.8709006391
0.6542572476
0.7589555368
0.7335998356
1.331016782
0.9415130556
0.4805502385
0.6216223657
0.6476974949
-0.05626324993
0.3112597492
1.362356466
-0.4720172338
-0.3066670191
0.6711202726
-0.1922729891
0.1492238417
0.3872825056
-0.1318206377
-0.05960900299
0.2328909159
-0.1595708687
0.07266670447
-0.6536489293
0.6382429317
0.4027637497
-0.1492915271
-0.2462558404
1.129841596
0.2862893011
-0.3060209252
0.2584740479
-0.2412906457
-0.5576886058
0.5393020898
-0.6020877615
-0.02136979103
0.4076764063
-0.3170944754
0.1570320567
0.03084702808
0.3556017147
0.1751483969
0.2289374411
-0.07966106385
0.8545244575
1.492538795
0.5910433918
0.04487533607
0.6607039467
0.2363229724
-0.09568836484
0.04452151228
0.4025407895
0.5657083258
0.364639217
0.3469444506
0.9917802989
1.127246532
-0.1271578521
-0.359383323
1.046911219
-0.05652247351
0.6464371607
0.2295931816
-0.09962495407
0.5489135779
0.1946077326
0.8645511091
-0.4757933453
-0.1834673036
-0.1244444896
0.05651673526
0.7089339599
0.8520625412
0.8431026146
-0.2248614281
-0.08600675464
0.931862697
0.06893052422
0.4282217603
-0.1023193263
0.5148963558
-0.2624844514
0.95523431
0.3810643166
0.5713592179
0.6714759722
0.2016106687
-0.2565438652
-0.08811778659
0.6492922243
0.06353432061
-0.07585982168
0.6547131687
1.597717646
0.1235717824
0.3031701572
-0.6848919809
-0.8626682356
-0.173662724
0.5324930735
0.1897157891
-0.3479049882
0.3932605028
0.1306124488
-0.3443822332
-0.5289807096
0.1024545799
-0.3338291015
-0.06534793777
0.0239520777
-0.4320871994
0.4341447867
-0.1551527712
0.8115232311
0.1142509646
0.07235113834
-0.2201923495
-0.224355913
-0.09285487477
1.087108472
0.4548445016
0.1115529221
-0.3657047994
0.04858820047
0.8378565729
0.16081187
-0.3447865196
0.759618935
-0.4577360511
0.4498296827
0.5517917648
0.2823658392
0.0132609332
-0.02144482713
0.001027297974
0.4320338525
0.2776299343
0.9883787602
1.222695796
0.3777129933
0.4090452053
0.8982784644
0.546090579
-0.02963156914
1.031911412
0.103679223
0.5934704676
0.1666182194
0.4458462279
0.1297249745
-0.2230699024
0.546986194
1.091967988
0.4846005209
0.02011882588
-0.2881445039
0.1091467461
0.1747274794
1.10998129
0.4161819659
0.6744962461
-0.06540167844
-0.09012814388
-0.5434673399
-0.1927898098
0.2290885601
0.8273781538
-0.01756753083
-0.06270962786
0.4602882661
0.4114565119
0.1181830216
0.6347346932
0.1590921273
0.894407022
0.01255940394
0.8926273957
0.992024973
0.7436982006
0.6972767755
0.647490399
-0.5001009747
0.8170261309
0.0500726806
-0.1713608499
0.2676779772
-0.01155872857
0.6069865376
-0.1663833316
1.204421026
0.09769528639
0.5259114832
0.7335827217
0.6018220216
0.03562154751
-0.2158593416
-0.3006091149
-0.6084339291
0.194116377
0.7900388271
0.3761779788
0.7909020007
0.2421306923
-0.1148541074
0.531554988
0.03996230494
0.1350424957
0.07636853363
0.1342025061
0.3301585928
0.7252181247
0.1511979199
0.2834857225
-0.03196429163
0.1157289469
-0.1075499058
-0.008590108249
0.2108203244
0.2693299038
0.2854266599
-0.511640048
0.371312453
0.08496119482
0.5554881245
0.4721940041
0.3885296993
0.2381978385
0.2482540408
-0.08216279596
1.22943334
0.1442060264
-0.1397324709
-0.01310786712
0.621067584
-0.3526455056
0.185987884
0.5399936669
1.256243172
0.02103684442
-0.5815562859
0.3273160897
-0.3354471244
0.5432187989
-0.3878031731
0.3004479662
-0.5059742913
0.2040126024
0.209795787
-0.2043691948
0.1670474876
0.4765413642
0.05819888432
0.8766744614
0.5331398791
0.07262682561
-0.0597820498
0.9056539826
-0.4481380284
0.3054649208
-0.4400266118
0.4613735601
-0.1175645668
-0.2907455351
0.5258704996
-0.1466496114
0.09657939551
-0.7125612274
-0.1273340067
0.01600494049
0.3432485156
0.5455933571
-0.03782208012
0.5145487756
0.1101735041
-0.001320599951
0.2851059884
0.04361530738
-0.4686970919
-0.1400463277
-0.2976587335
-0.09220749941
0.4839754365
-0.2617640339
-0.3013186242
0.9921743602
0.07773895487
0.04479493247
0.05283823833
1.344904891
-0.5399248533
0.9146306008
1.232580656
0.2865289703
0.4881815046
-0.02897151411
0.6059593588
-0.2852633411
-0.1628205895
-0.2171430402
-0.1766725847
-0.2677528989
0.662077564
0.8167516261
1.431126595
0.7909929082
0.158682744
0.743861644
0.7903286949
0.3985872701
-0.04291143138
-0.07813403904
0.6548364379
0.1050045555
-0.4671517383
0.9619300157
0.223877662
0.6079285495
-0.3565367406
-0.2613707714
-0.2478006182
-0.01738534356
0.3867514409
-0.02139054555
-0.1434776196
0.3198852384
1.064570826
0.1289146929
0.3153999634
0.2340398325
0.7055620298
0.4215881595
0.4769961938
0.4248527277
0.5134958223
0.06447873209
1.444327211
-0.8234998316
-0.4643803477
-0.1116731414
-0.3184977129
-0.1522083381
-0.183320432
-0.484028779
0.1025147527
-0.2203756146
0.5460183442
-0.3498812631
-0.2292591751
0.3183495902
-0.03634391502
0.06667781677
-0.05963133378
0.05247223955
-0.1266800884
-0.3838534225
-0.1896066779
-0.05507134064
-0.1063251647
-0.1003477261
0.01997589227
-0.1255521858
0.04076909078
0.147651599
0.8420965105
-0.1789637839
0.2045516239
0.1068076657
-0.2066502243
-0.07674230952
0.1870947318
0.3510589398
0.3235822745
0.7655628987
-0.2084394444
-0.2871762984
-0.1084575617
0.6331747159
0.2345993217
0.3371636465
-0.4664822951
0.0763374947
0.2354642713
-0.4582237944
-0.5906736672
-0.2064415792
0.9697239742
0.05070295949
0.4238083187
-0.07619635593
-0.1141100949
-0.2042741269
-0.110514449
0.2598054606
-0.4482092977
-0.01937992768
0.3445458695
0.4981493399
0.1328841129
0.8067509204
0.4072649229
-0.127444071
-0.06277172789
-0.4483385488
0.5769322798
-0.02346150549
-0.3705892056
0.1672410325
-0.1122607476
-0.6609569103
-0.08645970211
-0.3239958899
-0.03937342037
0.8438958898
-0.242413226
-0.1998026068
0.08151962664
-0.1833347512
-0.3258714385
0.6871155236
0.2818137898
0.5657404616
-0.06906490959
-0.02815715494
-0.6353025317
0.1183582859
-0.442083101
-0.6728715032
-0.03022501701
-0.03329369728
-0.1470327481
-0.7494704574
-0.02997771073
0.604513377
0.4862341352
0.1465789001
-0.6878941044
-0.2209816739
-0.4029464237
-0.7484257326
-0.1048081987
-0.658273159
-0.04929025397
-0.2394172147
0.4849098027
-0.4211769149
-0.009177835751
-0.0007221217267
-0.1125094183
1.19205634
-0.4903400332
0.4978607148
-0.4090987217
0.4586731084
0.2209623197
-0.06730471551
-0.04608757347
0.5655507371
0.4949603572
0.07671704739
-0.04450824186
0.667339389
0.5486371771
0.3339817427
-0.4441766781
0.2685277328
0.6049956754
0.586941414
0.09529249705
0.5754268721
0.05768594872
0.0749704428
0.4825778142
0.5513783187
0.5225991059
0.3200451626
-0.05878872424
0.4020655826
-0.03735874258
0.4626489893
1.132815331
0.1785488886
0.3943241641
0.1773161981
-0.1078648034
0.3033156969
0.7636352122
0.6232530348
0.4508436158
1.103490393
-0.1544245777
0.5288134336
0.8142434746
1.010934225
0.2750594988
0.1319200434
-0.03259031996
0.1001469769
-0.7930287555
0.3276093721
0.0320408212
0.8597198278
0.382343398
0.1264589492
0.1404079158
0.8018927157
1.45819203
0.40458504
-0.1353219345
1.167724866
0.06901782397
-0.2311418345
-0.2048470184
0.6317017391
0.7385923833
0.6743366547
-0.03594756387
1.83402952
-0.2749609701
0.2794556107
-0.4789394319
0.5490365244
0.09738166984
-0.4503829293
0.4024855882
0.243849732
0.1107010808
-0.3353710875
-0.6275451981
0.0685117336
0.1797011569
-0.2672958764
0.01541852653
-0.1458704242
0.04875428285
0.1611186409
0.2049602736
0.9316748619
-0.1206761519
0.1729384743
0.2490056157
0.1066485999
0.411850531
0.2333496341
-0.3387030456
0.08538657902
1.580450058
-0.2041796591
-0.3423878667
-0.2364978962
0.3773946207
0.3900284914
0.9741584122
-0.08217472006
0.04362631477
0.3393709309
0.1268294381
0.9289867967
0.04213403864
2.103589016
0.3205090388
0.5645913653
0.4874078624
-0.1757975793
0.5960901767
0.4469593816
0.3458251957
0.4120044537
0.08610841446
0.6849432826
0.2513360442
0.1450032061
1.05055756
-0.2891700394
0.2622475814
0.8350659385
-0.08120116154
-0.03425281942
0.8127860382
0.7096802786
0.6233283341
0.6939335406
1.202136907
0.4087014705
0.5141670428
-0.2771018395
0.7747917354
-0.1708955819
-0.2107610646
-0.118259483
0.3541002182
1.085704562
0.469490812
0.4264456972
-0.5097542629
-0.4552990124
-0.1090962669
0.8211977988
1.065557349
-0.2125485908
0.8312469959
0.1232345946
0.6913781464
-0.5066655695
0.4415877566
-0.1562516551
0.5103332743
0.05149627402
0.6460392073
0.3807382725
-0.09111516364
-0.1443620995
0.1138769852
0.2323085786
1.166244671
-0.1881310698
0.2943666119
-0.1555880772
0.6524555475
0.6793003045
0.5191825561
0.313298524
-0.2739657454
-0.2476497624
0.1530787092
1.108954313
1.498545223
0.3918821286
0.1170713881
0.9966577873
0.6772935942
1.07881676
0.6713195711
0.1781669319
-0.04544677511
-0.2112553705
0.3969860915
-0.03283988154
0.6443275236
-0.3447567068
1.047720861
-0.02770276144
0.4567701474
0.5142133649
0.1283627466
0.3614113037
0.1669107543
0.208276824
-0.2268745102
-0.5585358441
0.1767040193
0.5896819711
0.6389483213
0.3494933261
-0.2605788054
0.3849184606
0.7800721556
1.573740727
0.3588898687
0.311006986
1.003275383
0.8901657268
1.559711945
0.3136015802
0.02584433407
0.4029215353
-0.3681550451
0.5130004808
0.644801265
0.4706028372
0.3947351839
-0.2105220541
-0.238697375
0.3900162421
-0.4792472593
-0.03322641663
-0.3942535177
-0.005618255772
-0.22826379
-0.768270582
-0.2563933164
-0.2385325219
-0.276449481
-0.2387592912
0.0682253249
0.4853220984
0.03622046039
0.1173340286
-0.2070932306
-0.04395778254
-0.5562467352
-0.3114693817
0.175708114
-0.5467158854
0.147084878
-0.4829895064
-0.6092862919
-0.3229010373
-0.03882688507
-0.5241547734
-0.3264170539
-0.359870109
0.13872304
0.009789099544
-0.1014407761
0.6311853126
-0.003726063669
-0.8515114486
-0.1028699495
-0.1389803465
0.1030871205
0.08565480672
-0.4632184923
0.1155276567
-0.6647192195
-0.1653669516
-0.08464068212
0.2128913198
0.5281282284
-0.470341377
0.09328610506
0.3624960957
-0.4242044233
-0.5450778484
-0.4179639198
0.5108473979
0.2545308579
-0.09769682381
-0.3781571507
0.1448326858
-0.2390004039
-0.3759283751
-0.1662096234
-0.3058841874
0.08333158456
0.007810581569
-0.2290529963
-0.4293580309
-0.1203082595
0.04348159349
-0.2501397815
-0.3173134312
0.2051962598
-0.002745723911
0.190545886
0.3357876454
0.1797234202
0.2251844414
-0.5038152203
0.4963846773
-0.2389969635
0.2804638553
-0.5418141291
-0.7080483079
-0.7268232405
-0.4282198861
-0.1139468081
0.08242827198
-0.2926265407
0.4183994628
-0.2969907708
-0.4282140791
-0.3649405062
-0.5454686105
-0.223909666
-0.03558445703
-0.5464503407
-0.4189764187
-0.4141183555
-0.3797928512
-0.4006055327
-0.04478876851
-0.1844911192
-0.1563681559
-0.03664214192
-0.2509821704
-0.1486902671
0.02234279672
-0.1042285349
-0.702358523
-0.2924382312
0.01972794682
0.6331882685
0.2834677486
0.3527677273
-0.2521781914
-0.4898301758
-0.3754552096
-0.7531716719
-0.4652612835
-0.22592599
0.4735679556
-0.1374264155
0.36551149
-0.1967318002
-0.1255914906
-0.6072173312
-0.4269353211
-0.05431076065
0.003086487018
-0.6032537907
-0.2115180958
-0.2825826385
-0.1932334222
-0.1327842424
-0.7158065021
0.2133971628
-0.1642180065
0.4176020816
-0.4292651877
-0.1008992974
0.5500866592
-0.3880046308
0.008039266616
0.2591629094
-0.03223494375
-0.03380754441
-0.3720358502
-0.2655820321
0.3710393047
0.5466804281
-0.1296690146
0.5034939021
0.3440379903
0.5187488817
0.02382596377
0.3402219506
-0.05898223389
-0.3040849183
-0.5498214856
-0.1245638693
-0.5162777938
0.3109916076
0.1070284566
0.4722061798
0.1121911876
-0.234020059
0.2085250823
0.08735083137
-0.2006175736
0.3980818296
-0.1283801002
-0.159166535
-0.005455432646
-0.2688784614
0.1352738463
-0.01251309216
-0.3754318073
-0.1010998059
0.2358442096
-0.1794104633
-0.5359558329
-0.3152548898
0.5107301749
-0.06471767798
0.4992519815
-0.06883251369
0.1258433828
0.3372830968
-0.02621593233
0.4628774366
-0.141591903
-0.1849065408
-0.1833061703
0.1782369414
-0.03818711117
0.12769819
-0.2589978794
-0.003035741113
-0.4985245839
-0.1082082072
-0.5148549348
0.09270685725
-0.4725273438
0.7216420874
0.7880249888
-0.303464777
-0.1262780035
0.07832054161
-0.4877809726
-0.2915362727
0.08187773768
-0.208798572
-0.5234456912
-0.06734977448
0.09667523187
0.2662507009
0.2362532804
-0.2898390986
-0.3189942189
-0.380312765
-0.7592729241
-0.04215706382
-0.4163238347
-0.09619155508
-0.4227861479
0.2431288298
-0.1376925953
0.4086333632
-0.3837871104
-0.4236402169
0.1575795567
-0.5583629847
0.3164144866
-0.0257092189
0.2458501227
-0.7711132318
-0.1481908873
0.5642957773
0.06670464557
-0.3754854497
-0.2652273394
0.2332875494
-0.1547587791
0.1077122939
-0.5957082063
0.102690419
-0.2317588616
-0.7426922649
0.05244892538
-0.4188065067
-0.1374139458
0.4923286997
0.3424755044
-0.8862977862
0.1057721176
-0.6383949742
-0.2318673715
-0.4050704136
0.3921293601
-0.5592737034
0.4884834982
-0.4121667482
-0.9124786645
-0.8462823868
-0.381614352
-0.4461309418
-0.3947528407
-0.7945621133
-0.362753462
-0.1278778037
-0.00380054526
-0.7372634232
-0.3386652946
0.02266454389
-0.05655549131
0.01988037601
0.6177581241
-0.6928921655
0.5886141989
-0.2031740855
-0.02693302743
-0.3709943205
0.1567136712
0.1424050222
-0.3323881548
1.15416058
0.7497757178
0.04760304634
0.1366003828
0.8378319845
-0.3380358994
0.6595822353
-0.3367148768
0.3546856232
0.7155523747
-0.3537542487
-0.2356746224
-0.1111466067
0.1310384251
-0.427430284
0.05145502398
0.1951538132
-0.3623350769
0.9450117528
-0.3242923371
-0.1299014814
0.3801588628
-0.4064368002
-0.09133166587
-0.2523534805
0.3275087167
-0.5443640247
-0.2841381334
-0.5804773614
-0.2183134707
0.03882676978
-0.2716496265
0.04707292225
0.2247015689
0.6410565577
1.018556435
-0.2264575507
0.3557183931
0.08682121015
0.02818767242
0.3944777049
0.372579731
-0.3494657934
-0.8164295614
-0.4127769761
-0.8178432882
-0.01036906987
0.3082999796
-0.1555468401
0.9725749254
-0.3999844082
0.3094899617
-0.2857495807
0.009237193316
-0.5215886697
-0.2945851095
-0.1286408953
-0.5068651333
0.01009579599
-0.4770924196
-0.4783785269
-0.4065938488
-0.18819825
-0.5073157579
-0.1018481181
-1.053740934
-0.2001659794
0.126601699
0.1537429696
-0.6372623205
0.06854928397
0.3308077055
-0.2605405919
-0.6180397704
-0.6549546003
-0.1396285901
-0.1309225552
-0.07584843328
-0.2723686014
-0.9157276064
0.2396660687
-0.1117583293
0.0378304407
-0.04347534692
-0.7957797259
-0.3225945085
-0.09379592405
0.01367249098
-0.3387639955
-0.09203252271
-0.7708942235
-0.1510173273
-0.07165392954
-0.4993282415
-0.1778800648
-0.6611959845
-0.3269617837
0.06981280874
-0.6904552698
-0.3520309761
-0.5142058298
-0.5298098043
-0.2849091545
-0.836133194
-0.4003532328
0.5821572475
-0.2929434635
-0.2900199689
-0.6006505653
-0.4078300849
-0.5865717426
0.2890050034
-0.2693620675
-0.04047347959
0.1340520225
1.042070062
0.5505785689
-0.5900470644
-0.3065981809
-0.2662230276
-0.1141835971
0.133486538
-0.06181605253
-0.6535787791
-0.4727241039
-0.6021263987
-0.420559869
-0.2721776143
-0.4215140492
-0.2247668574
-0.6772826001
-0.8634394437
-0.2806677124
-0.3563208532
-0.4958392471
-0.6044556141
-0.3987167194
0.2889261277
-0.3568396077
-0.0004810165614
-0.3473498911
-0.2370834026
0.4501450775
-0.2697250821
-0.4548858523
-0.3329803571
-0.4602658913
-0.03031479483
-0.5925233826
-0.4898935035
-0.2792023174
-0.3529897906
0.0330044332
0.9786776543
-0.4832355805
-0.312141265
-0.3434186356
-0.1347772049
-0.2428969637
0.3245799124
-0.07239802205
-0.2436367206
-0.216038518
0.5111573149
0.3854611478
-0.4938954532
0.5876304448
0.5072219707
0.2015205946
-0.4240304105
-0.2130202143
-0.04326618775
0.4104407638
-0.7092308998
-0.1901695952
0.4024960697
-0.07515669577
-0.6739101648
-0.1335374273
0.04068085086
0.6523748234
-0.4308431409
0.04038497061
-0.6027070329
0.05920197982
-0.4804905951
0.30769244
0.4962206898
-0.3687412523
-0.7346541911
0.4923502889
-0.3208881481
0.3423825949
-0.0983908616
-0.2721870842
-0.05737247914
-0.6359872788
-0.6837498292
-0.2228264386
-0.1974742847
-0.3086049646
0.2234365828
0.09360496895
-0.08917527348
0.08963105902
0.003796815593
-0.2865425374
0.02815694194
0.02961154887
0.01049780473
-0.4851248115
-0.3416690052
-0.2579622965
-0.2450135056
0.5582815461
-0.09512695335
0.07128682025
0.4879016772
-0.105043446
0.6713093027
-0.3504546978
0.114119883
0.4984930366
0.6099336162
1.271601805
0.907549727
0.0783086421
-0.04490329064
0.4398668986
-0.3742118061
-0.3905505706
0.296995068
0.3250918858
0.3631792255
0.06124147605
0.09579227967
-0.1440193838
-0.09781786324
-0.03328491128
0.9419497102
-0.2925177939
-0.2663235135
0.3134195752
0.6971978642
-0.1723534282
-0.1752365954
-0.1761126332
0.2196889555
-0.01947373366
-0.2370124822
-0.212368831
0.3175320894
0.6166827708
0.06071325559
-0.005299019814
-0.2826311186
-0.07113637328
0.2951648764
-0.1262737602
0.9461781546
-0.6729478225
-0.2162977079
-0.4118847027
-0.7460875422
0.1659981037
0.1002587177
0.2149583854
-0.07054917626
0.1960337743
-0.5231975645
-0.08384689372
-0.4358255506
-0.1287456265
-0.06989954673
-0.07456997931
1.079644573
0.004384924565
-0.272783383
-0.06234038603
0.2169204507
0.3209188014
1.341127887
0.4355725367
0.02286390341
-0.3984332472
-0.1922948297
-0.226842951
-0.1821056448
-0.09509557383
0.2205129346
-0.04423756739
0.4971053848
0.4314989204
-0.2874619745
-0.714272657
0.4377793625
0.06426267261
0.4548099153
-0.3682067655
0.3803741612
-0.8897106469
-0.2603024125
-0.3381343007
0.3711276514
-0.4012472894
0.3167443331
-0.1446621053
-0.1439749154
-0.4907034501
0.2082171017
-0.4688988537
0.2947488375
-0.4900255471
-0.1221795981
-0.39459216
-0.1640046328
-0.4251938716
-0.06492578741
0.2954992063
-0.5833904579
-0.4669891879
-0.4804331213
0.1501412639
-0.2053817306
0.03494693525
-0.07703010887
0.7741955578
-0.060103352
-0.09610287463
-0.04722768338
0.6703885108
-0.5278896585
-0.1117263517
0.5148477152
0.3554580666
0.3886315312
0.6224266455
0.4002915002
0.5944874078
0.617897436
0.0542570876
-0.3287916986
0.5715544753
0.3738370731
-0.1257258486
-0.1962091327
0.1840561809
-0.4211483603
-0.4791159235
0.007166123809
-0.07904534354
0.109470503
0.03373422353
-0.2828622628
-0.1583821902
-0.2364235165
0.4498499542
0.3772009183
0.4580793297
0.1098540654
0.1214962017
0.1290677285
0.5060377136
0.5116216525
0.7050771669
0.4500618502
-0.07369696014
0.599957744
0.1805858896
-0.02014037594
-0.239270651
-0.07731631398
0.02627213523
0.1606149636
-0.1002604121
0.102408415
0.0308659073
0.1431864055
0.4217444619
0.4102207771
-0.326103045
-0.3180335689
0.09135854049
-0.2207240209
0.03387066429
-0.294581187
-0.2579881534
-0.03043295629
-0.1699290249
-0.4984532803
-0.1274583675
0.3454539135
-0.6034416199
0.1966550167
-0.1563049895
-0.07817364316
-0.04463278269
-0.2136162229
-0.2669426147
-0.2806058118
0.2427197907
0.054914991
0.3045635045
-0.2567890529
-0.2889140211
-0.3833912678
0.3197253028
-0.8253622442
-0.3444345795
0.04456153531
0.02319719102
0.4763519611
0.4382888295
-0.2525955819
0.7569785528
-0.03771266579
0.593842948
0.08487959895
-0.1096246829
-0.07848129319
0.2002795363
-0.1260249162
0.8113587603
0.1471528864
-0.3513615452
0.2740919299
0.2231356664
0.5058112364
0.2933638282
-0.1487939432
0.6447746001
0.4370748902
0.0344477294
0.2165840767
-0.2201232269
0.1967595227
0.02600407824
-0.2365831463
-0.4230586909
-0.5418359652
-0.191378884
0.2787008442
-0.2307484228
0.10914728
-0.2809239083
-0.4089951046
0.2295502946
-0.08817654457
-0.8704781592
-0.6057083026
0.05413786806
-0.3554449596
0.0531103434
0.8858697334
0.1665155692
1.139199115
0.1064574764
0.253345188
0.3664355759
0.7639246851
0.3034117423
0.7308201924
0.8867578447
0.2087357236
-0.3461507514
0.4802410799
-0.1770670883
0.130525995
0.5247683546
-0.5427575156
0.09644615687
-0.2695846146
-0.5503559977
-0.237530027
0.2243579697
0.03336247019
0.2872635124
0.2827615641
-0.2709363755
-0.6022183567
-0.2934647311
-0.5096462384
-0.7844363987
-0.09194437992
-0.05775844138
-0.5493652806
-0.7791103482
-0.7691397011
-0.237332242
-0.02055015303
0.4444081539
-0.7415407881
-0.4810983084
-0.5867469415
-0.4063313048
0.02534253104
-0.2118207876
-0.3610313103
-0.3994911559
-0.2202147916
-0.0887224599
-0.5213411883
-0.004510869365
0.1122466163
0.9007258624
0.2280172456
0.09764620075
-0.2951636609
0.1024851508
1.056280074
0.312895662
-0.5315648079
-0.01143459054
-0.02606584667
0.1948389487
-0.1213490337
0.1695150286
0.1543044185
0.2164276004
-0.154444149
0.7684050836
0.07548234332
0.587345928
-0.527406393
1.02675195
-0.02675099364
0.573704635
-0.1572664425
0.1530772556
1.001869327
0.6663105398
-0.3125889413
-0.07476319764
0.6229834206
0.7857777357
0.5021249041
0.1489261971
0.4890005216
-0.1580940315
0.01553871948
0.9306647122
1.044184379
-0.1615171969
-0.2973426771
-0.2025992498
0.7830331609
-0.009310673177
-0.1334091924
-0.2709349049
0.3161229602
0.2824902888
-1.030308741
0.09619349465
-0.0910842658
-0.1508434698
-0.317724866
0.4445094582
-0.06878800727
-0.2055444666
-0.3598928317
0.06849706853
-0.4814799875
0.1460489139
-0.1859183855
0.7220032901
-0.3248368893
-0.6606497511
0.4484618571
0.1080711318
-0.4343871161
0.06125997892
0.6855724573
0.0894731909
0.816268456
-0.08584642671
0.4954012364
-0.03715811549
0.1926697087
-0.1634214815
0.01001608847
0.4774781557
-0.1912831306
-0.892737788
-0.1561573716
-0.1172817719
-0.3194634665
0.2581346352
0.3966532331
-0.03991902657
-0.3937491998
0.219120294
-0.0472169403
0.04952566214
1.021394978
-0.7307432175
-0.2332860639
0.2114189201
-0.4273852278
0.4101668389
0.05340337753
-0.1995852719
1.260595265
-0.2678060436
0.002570996247
-0.4473434992
0.1095102824
-0.2594979435
-0.3033386674
0.4116581731
0.01268346673
-0.02681989186
0.1378387632
-0.4256246209
0.2543808457
-0.002507837676
0.8957852006
0.8132538423
-0.3283239937
-0.2445890695
-0.5123467274
-0.3211323448
0.03024224136
-0.5208379567
-0.1074548647
0.361507206
0.05582868857
0.4665146932
0.8786302224
0.1072746877
0.1271856552
0.6182625473
-0.5070075318
0.4141852781
0.06376087032
1.435857266e-05
-0.3409180284
0.1587415203
0.4592884056
-0.3976613827
-0.7056697309
-0.3493048228
0.488706845
0.1691516386
-0.4619405232
0.3832102388
-0.4108297631
-0.122381695
0.6336893395
-0.166650358
-0.329252106
0.2549038656
-0.05389046557
-0.5424367126
0.9294345155
0.2647507669
-0.1966271479
-0.660155353
-0.008790985122
-0.3599598899
0.5660903595
0.2946352452
-0.2222485282
-0.5957712017
0.1126660334
-0.5688812256
-0.205913248
0.1089975883
-0.2405847877
0.8264183916
0.4065094319
0.1175900011
-0.4551588878
0.6087805439
0.07575409375
-0.1587828372
-0.08843706837
0.2755224127
-0.4068273991
-0.2199609051
-0.2977385262
0.646125868
-0.631584698
0.7129677042
-0.6588601068
0.2667553596
-0.2664835956
0.1706882494
-0.2707037518
0.3478600751
-0.1127500966
0.7392283037
-0.4876210339
-0.2968191516
-0.1350685071
0.3525435444
0.1857407048
-0.2194538206
0.5862972446
0.07107840003
0.7435958192
1.674806273
-0.02281180229
0.2995443892
0.4969056383
-0.2525940686
-0.4003825404
0.1785402004
-0.2201708902
0.1460788205
0.6045083679
-0.2459056426
-0.3818917722
-0.1746652562
0.01723747337
-0.4085129276
-0.4443852857
-0.2630793449
0.5418690008
0.01040540673
-0.3657774389
-0.3230412632
-0.1748320553
0.5931629293
0.2355098125
0.1122655489
-0.1153546386
0.3376477737
-0.2615651257
-0.3858324859
0.2485694636
-0.698900944
-0.04971485613
-0.4963796601
-0.4324753463
-0.006281996518
-0.4274168938
-0.1921348076
-0.4127954304
-0.4284240574
0.06069706753
-0.2166011169
-0.5821824029
-0.2031637494
-0.01449655145
-0.2493909068
0.2696576195
-0.09727886776
0.7042778142
-0.2992301214
0.3812354257
-0.0149356965
0.1168473007
0.3183991094
-0.2190243527
0.07821652675
-0.5660059914
-0.05542634819
-0.073242517
-0.0272860162
-0.07244732874
-0.04236498661
-0.06460337061
0.1841447005
-0.3533861306
-0.4667656191
-0.4550398901
-0.08067296557
-0.09432868706
-0.1705799658
-0.2892314158
0.2008325402
-0.3454130039
0.1604294352
-0.2652389176
0.7345935032
-0.4623199761
-0.297227475
-0.3011946335
-0.6117579132
-0.5242005609
-0.3286708378
0.02495029476
-0.1265979227
-0.6280289233
0.006390616111
-0.06462156321
0.1271770342
0.4370709129
-0.5231539726
-0.4669821188
-0.2648190383
-0.02087006317
-0.1479418257
-0.00872221496
0.2115144383
-0.2000540974
-0.3651879072
-0.498552835
0.9099967346
0.2906800419
-0.07851725556
0.329467902
-0.04746964425
-0.4545326293
-0.8248838991
-0.1543549647
-0.01219456082
-0.5497727379
0.07330281995
-0.2850365598
-0.3558496293
-0.5243510604
-0.1705568744
-0.6812683403
-0.5876838341
-0.2525635667
-0.4120481931
-0.01972096078
-0.3403544124
-0.1495233193
-0.3069979075
-0.3799069375
-0.1132803251
-0.7759804755
-0.4336972885
-0.1553327326
0.2005270969
-0.06068487056
0.05307366634
-0.5245558798
-0.1320800519
-0.09032877572
0.09015164627
0.4847145706
-0.4132213399
-0.04072624017
-0.1312706515
-0.1865730908
-0.3045435708
-0.2280265328
-0.1203833341
-0.1790166682
-0.06328536998
-0.8883105546
-0.2947933272
-0.2410366584
0.3513320853
-0.689212665
-0.07925674953
-0.0298952152
-0.07475889474
-0.4245845601
-0.06290960219
0.2691601954
0.2890296437
0.282009864
0.2233233569
-0.06192984004
0.407394175
-0.129277776
0.2709211195
0.917592451
-0.5526854873
0.4267109006
0.09620747408
0.3624076467
0.5044562094
0.1531465461
-0.07641937714
-0.2019685306
0.2496345721
0.6403942741
0.790544799
0.04614076968
-0.0233156234
-0.4811720356
0.1264934955
0.1557649191
1.432660538
1.116801366
0.01316143516
0.585745737
-0.1482296364
-0.7120593548
0.502468922
-0.3648130789
0.2816451017
0.5920977093
-0.005948424712
-0.1429768677
0.928583955
0.0309583874
0.281091328
0.4936655227
-0.2830722796
-0.4426732324
-0.2122401904
0.4021888737
0.2323717009
0.2188036333
0.283913047
-0.1933634283
1.080784115
-0.1759030316
0.0921996478
0.8351480067
0.7829679757
1.183299258
0.9378766805
-0.1374455097
-0.391263964
0.4592218241
0.01732048318
0.3383642465
0.5822261706
0.1550722566
0.5448357694
-0.1890940376
0.5455702409
-0.4103146091
0.04264996648
0.1422516339
0.2373722358
-0.1273493817
-0.0562453147
-0.1101027235
-0.4982902184
-0.004300261056
-0.2494670819
-0.5113237187
0.5950414523
-0.3927298453
0.7470219597
-0.1126609372
0.688583911
-0.1880248515
-0.0747011058
-0.2543959469
-0.1753674616
-0.270890101
0.07681451961
0.1904526897
0.2929534695
0.3029728361
0.7200208873
-0.5780309469
0.08367768228
0.6721857369
0.01733195521
-0.5837045029
0.6350345541
0.0523397509
0.05335076358
0.2001014958
-0.1873014411
-0.1043367993
-0.5727694377
0.8339629307
0.2461154522
-0.02961392356
0.02952337321
0.5665277779
0.8064199943
-0.1750711098
0.1238704652
-0.5128638662
-0.4617113516
0.03602199368
0.2275967676
-0.4908207327
0.5831405312
-0.6737245008
0.7844985485
0.1120431094
0.3831019241
-0.6507709518
0.06423523538
0.8021089181
-0.006312996428
0.3575589161
0.2801498491
0.3209626399
0.9420321897
-0.1947883029
-0.2236384772
-0.02990793255
1.636774117
-0.03433706136
0.03118127901
0.241232837
0.6285332695
0.2151764566
0.7983950496
-0.01657409472
0.2195123451
-0.5522779454
0.7331481233
0.03950179657
0.2342391476
-0.2964566961
0.6138177134
-0.07314643525
0.8946139723
0.1647117518
0.9664747834
0.3651888236
0.5794868477
0.07364057414
0.5306283185
0.02246772945
-0.2138775356
-0.04500247687
0.3224334951
0.3862336636
0.6396118075
0.3001013186
0.5557425335
0.1203338154
0.5528040476
0.01374257263
0.1593086289
-0.1453552064
-0.1509342367
0.5923452049
-0.1788947955
0.05157643594
-0.01907174904
-0.2190093622
-0.4024060979
0.4327391576
-0.468458569
0.09717146456
-0.01509120492
-0.2126221756
0.1482130926
-0.6008405402
0.105659822
-0.5026440009
-0.4904274642
-0.6671718061
-0.4918695718
0.1091416258
0.03113764282
-0.3541746065
-0.2647770352
0.2807251081
-0.187127283
0.1275029561
-0.007920047268
0.2795669697
-0.02136942847
0.5885499266
-0.4663323656
-0.3123527203
0.04847902171
0.3738126628
-0.2036478335
0.003933691978
0.4500557818
-0.6149368271
-0.4147623822
0.168949331
0.4889962398
0.4463658594
0.734428034
0.1958070956
-0.603768608
-0.2111646501
-0.20323559
-0.1230979884
-0.318924484
-0.02999562304
0.1283922449
-0.3893920347
0.2082072811
-0.04804187957
-0.6055123299
-0.2310402634
0.3679229468
-0.135003721
0.5260436974
-0.08206921332
0.1444435533
0.0948674418
-0.7567290485
-0.6047628164
-0.7497108191
-0.3187754607
-0.7404456496
0.376034981
0.003041241318
-0.1936183779
-0.4897787973
-0.2013142258
0.3214936137
-0.09293432254
0.5535579316
-0.1948331706
-0.4540191859
-0.2724009681
0.2613279358
0.2172365519
0.2196848024
-0.4225582696
-0.5113705873
-0.3256122366
-0.4103150524
-0.1676273208
-0.8377120048
-0.3232308678
0.2414936865
-0.5220224924
0.1273726224
0.0372065152
-0.0007717261091
-0.5424710274
0.6207472749
0.1750509854
-0.3385899615
-0.7166687876
-0.27544902
-0.1729298316
-0.2787835181
-0.7065834031
-0.4231985964
-0.3476270579
-0.5007337928
-0.580218859
-0.3267522231
-0.3143083028
-0.5866240606
0.1458221459
-0.7424337268
-0.4665407121
0.5543850776
-0.1236747504
-0.385071113
-0.3047553238
0.717120038
-0.5147381544
0.5366183005
-0.3399708018
-0.5370297238
0.3914001055
-0.2874581538
-0.4592048757
0.09908013828
-0.2455190793
-0.4599045411
-0.1880474016
-0.5599944979
-0.7195237756
0.2289782345
-0.1548896201
-0.2621629177
-0.1991234012
-0.366238578
-0.1421995085
0.08568004789
-0.2540008474
-0.02361465693
0.0176674353
-0.4292431071
0.01646022303
-0.1291042756
-0.631864208
-0.4333822489
0.0007378019392
0.171368745
0.03902844768
-0.3228983767
-0.09275741838
-0.4664872922
-0.5130715445
0.1523183601
0.5340671092
-0.04917211439
-0.2446710696
-0.05733971614
0.6143794797
-0.4874822676
0.1297583248
-0.004411918949
-0.8622018933
-0.3393873706
-0.6184976041
-0.6996988803
-0.6109371066
0.00330575835
-0.1085549487
0.6952909086
0.06397287687
-0.1192401735
-0.4016060233
-0.4002370998
-0.3295404639
0.2499133736
-0.474464795
-0.3747578952
-0.3527929634
-0.6366698325
-0.08423519861
0.3915678937
-0.6112387732
0.2260480434
-0.3048066847
-0.29551792
-0.2567002267
-0.3421549946
-0.5013366625
0.1575532241
0.03679666258
0.3692270666
-0.008237002371
-0.5420130476
0.6782609195
-0.3633953698
-0.4110491112
-0.214140711
0.05945825689
-0.1779489182
-0.1953489149
-0.2800243579
-0.653565377
0.05658907783
-0.08729735296
0.1344072394
0.4766143627
-0.3099020114
-0.3617045205
-0.7447011724
-0.6898569688
-0.2626867699
-0.4300609216
0.02885383498
0.02481390042
-0.6767423213
-0.75516572
-0.6565772563
0.6596784383
-0.3334790356
-0.744703415
-0.8211335555
-0.1011067711
-0.08245120998
-0.2455826283
0.1012536135
0.04209773224
-0.3872795228
-0.1295818761
-0.3594670534
-0.5419311523
0.2711346025
0.08241645982
0.1659613792
-0.1634455509
-0.07740525268
-0.3400372552
-0.2792318206
0.667006696
-0.009777426161
0.2276345318
0.07499113586
-0.5525395557
-0.06235517114
-1.046046206
-0.5317332596
-0.6487854779
-0.2562197175
-0.6408251956
-0.4740672201
-0.03871318139
-0.1443463875
-0.2988272602
-0.0149031546
0.104855347
0.1736528943
-0.1825052138
-0.03739758171
0.187938495
-0.4484965175
0.4014426189
-0.01303889994
0.4307601891
0.0376066817
-0.5434639379
-0.3558249457
0.4832588725
0.1737004198
-0.2382453874
-0.5262024283
0.4477488246
-0.2397858657
0.4007396617
-0.5632664204
0.1881476222
-0.4072492808
-0.06150314137
-0.3604997978
-0.2758053906
0.2170794029
-0.4433883041
-0.4059260845
-0.04018338453
-0.5683585495
-0.08031298742
-0.6713579416
-0.08423323929
-0.4534635246
-0.2447350025
-0.335498222
-0.06622874048
-0.611968872
-0.3316499673
-0.2246514399
0.8326594204
0.1365264826
1.12523268
0.281610973
0.7537457094
-0.2028351862
-0.266043113
-0.2092623191
0.2049556419
0.461717331
-0.170240392
0.2170960082
0.6552651256
0.3195102599
0.2844254052
-0.2065715782
-0.1231679102
-0.2266398784
-0.3918511324
-0.03302522339
-0.3328368433
0.04475751761
-0.3801175958
-0.6799375504
-0.1474042768
-0.751046598
0.5084973961
-0.4855237201
-0.3165253174
0.646775268
-0.6796016708
-0.6536298215
-0.03511333391
0.534016142
-0.3223019943
-0.6405789882
-0.6307636082
-0.425112506
-0.07870216412
-0.2248080364
-0.2829787824
-0.2957257964
0.08521720013
0.06328951903
-0.3906415522
-0.5077433303
-0.6055363044
-0.2323353477
0.3532737929
-0.3053654861
-0.04521411126
-0.7034162596
1.508049395
-0.1519720495
-0.04401852898
-0.7331343085
0.4212612718
-0.5175520837
-0.06727986671
-0.05981153199
-0.8374107957
-0.2207793107
-0.1187280606
-0.3789250243
-0.4419272855
-0.7932508856
-0.7385023281
-0.6616790086
-0.5362250656
-0.4141675413
0.05535634905
-0.2029310767
0.01061055418
-0.2889438201
-0.0355544256
0.4337154143
-0.01191451026
-0.5095454618
-0.03502498288
-0.02116951207
-0.006349933892
0.03795199543
-0.5532586515
0.678343153
-0.007011256181
0.6891220897
-0.4383883938
-0.5613104522
-0.219183269
-0.7875193536
-0.3124519993
-0.07992333388
-0.469723811
-0.2503069425
0.6028745394
-0.4160264492
-0.482548283
-0.4650569692
-0.8761890858
-0.6888358653
-0.3405625269
-0.2774324663
-0.8599650368
-0.5247039273
-0.28785241
0.1451800808
-0.2051616063
-0.4143162116
-0.2807012688
-0.1008839432
-0.4523441672
-0.4445018724
-0.4851960793
-0.3848441392
-0.6280759916
0.5137224257
-0.3836079463
-0.6438172445
-0.2950331554
0.4432482783
0.4465101697
0.2485580079
0.00438203481
-0.2258034524
-0.02496125521
-0.6153291449
-0.379023008
-0.232207323
0.6964845896
-0.1342194661
-0.2295103285
-0.05550624505
-0.2651477605
-0.7144367874
-0.001589338481
-0.2388064481
-0.624771142
0.1023672601
-0.1096352493
-0.3639249504
-0.5378494844
-0.04758836897
-0.4347486183
-0.4673573978
-0.4587682553
-0.1033718796
-0.3090192102
0.4557575669
0.09273785306
-0.08396908324
-0.05199228153
-0.4996003911
-0.2279064588
0.01068974705
-0.7028289333
-0.587422879
-0.1357947215
-0.5317244828
-0.5475043818
-0.7301406711
-0.3000410531
-0.06214044704
-0.23903611
-0.3361875668
-0.4111234643
0.04543518368
-0.5020735189
0.2295769121
-0.3764949791
0.8632714689
-0.7107430488
-0.6342432395
0.02654952742
-0.2431071378
-0.02780542308
-0.1029116783
-0.9356846094
0.9066792034
-0.08667270169
-0.09948554616
0.01859788503
0.1150863638
-0.2071247419
0.4071980793
-0.3639776826
-0.4529469684
-0.7673936456
0.9851901844
-0.08283714559
0.950614807
-0.2185663017
-0.3472234376
0.1351575879
-0.2118569409
-0.1733424827
-0.1208684249
-0.5913274348
0.01620273236
-0.461586149
0.9750695571
0.4570392232
0.8829887301
-0.0978841017
0.02945113499
-0.06168242656
-0.04078668291
-0.4147983834
0.1774659775
-0.6220797196
0.2417819902
-0.2018621359
0.1287900416
0.1968443409
0.06603997797
-0.3642583111
-0.07477144683
-0.32743963
0.6065904073
0.1097057126
0.3872930542
-0.1032860599
-0.266805739
-0.7552976578
-0.4297342591
-0.4397654876
-0.1597012152
-0.1648622848
-0.0108129051
-0.06095427517
0.06169182593
0.3321727823
0.2540273405
-0.5605936736
-0.5265849099
-0.4319500424
-0.5443220153
-0.2504322369
-0.07442342266
1.098127803
-0.4814675409
-0.3453086918
0.3564400867
-0.5756258965
-0.2146414232
0.3533336312
-0.3060168304
0.3532809644
-0.3633989066
-0.0901224575
-0.2948867589
-0.2844020639
-0.5161826678
-0.06589573324
-0.01226135315
0.2910270562
-0.2832334884
-0.05431244895
0.07760178689
-0.3081467362
0.3977106728
-0.6699297056
-0.5766518764
-0.1292004394
0.3061491245
-0.3493030606
1.146022776
0.361610759
-0.332203161
-0.03661832325
-0.09713865472
0.1476760427
0.4052423708
-0.7002149045
0.0644800392
-0.2208610696
-0.5858354256
-0.2350553747
-0.7885151565
1.06880278
0.4928303901
0.6266606078
-0.3242507502
0.07407687628
-0.2203848783
-0.4889971703
-0.5586845592
0.2826326616
-0.46500213
-0.1303930819
0.2493682157
0.1583793617
0.4845089419
0.7119142126
0.06257291129
0.8243928775
0.07567143291
-0.669289349
-0.3925961465
-0.1619823786
-0.0632030908
0.01854530349
0.4517748166
0.003095491417
0.8211574733
-0.4553026721
-0.1945505212
0.9020245522
-0.1124645423
0.05247520711
-0.1186926736
0.101920476
-0.2160908537
-0.0977238398
0.02491905242
0.304607797
-0.06830101162
-0.2865873016
0.4993285812
-0.120571053
0.2759906316
-0.1867996822
-0.2494671378
-0.1758815955
0.969596
-0.2744135804
0.05703826211
-0.4148947328
-0.3240995212
-0.0762838481
0.1789276917
-0.4873492137
0.5392651014
-0.1926849665
0.7638490148
-0.4368586533
-0.1253304828
-0.09162491262
0.9804674208
-0.3841788376
0.4577314422
-0.1602478702
0.1364812938
0.2839142483
0.3836506313
0.3104825068
-0.09121249793
0.1793674979
0.1479103393
0.1637855316
0.249660862
-0.2283864232
0.7631119594
0.01118152272
0.4304276844
-0.2079647982
0.3167424791
-0.2549380343
0.01975921672
0.1436848722
-0.05833331905
0.1535555547
0.9126434803
-0.4224707875
0.4213940129
-0.2981138054
-0.4061699353
0.4267249769
0.04603180243
-0.1929813847
0.281106396
-0.2249591615
-0.4017671189
0.5976759121
0.161224461
-0.3044033654
-0.05076969061
0.4457647012
-0.08181028254
0.4909606874
0.5665795371
0.08959937077
0.4273428479
0.4595438957
0.1517969357
-0.2342635917
0.1110464485
0.4484333053
1.561981642
0.6531285778
0.4313667882
0.5175773032
-0.00215381952
0.135222135
-0.4328162968
-0.3633103803
0.1647240104
1.029318318
-0.2849892646
0.2209776207
0.2378042981
-0.3356682711
-0.2837861072
0.1261394762
1.094177632
0.8624212354
0.4578285731
0.8265045062
0.2459772944
-0.07669945722
0.03001493257
0.5351829663
-0.4427860551
0.09777413257
1.909980106
0.8204384327
-0.1085017094
0.01954959333
-0.1031809125
0.3128191996
-0.5587154508
0.1798803233
-0.1538598508
0.1563429907
0.2152882554
1.103692979
-0.2497538272
-0.3593536131
-0.002751675807
0.2736288814
0.3807141162
-0.2572324302
0.1024542058
-0.06289248238
-0.7630637556
-0.02711459585
0.2541703283
-0.1791965311
0.1261978216
0.5533842416
0.5414209537
0.1914698492
0.06306418786
0.1584740582
0.1643861841
0.1233922321
0.232397183
-0.3741868079
-0.004637911543
-0.6145868286
-0.4326440915
0.504195255
-0.5232323781
-0.2110904433
1.170419195
0.2306845664
-0.3288150601
-0.4764535859
-0.2469035454
-0.2905090827
-0.07373352721
-0.2500748558
0.5784423908
-0.04876214741
-0.4278623048
0.2415237114
-0.2508151148
-0.07568763737
0.1951143157
-0.5165401801
1.406428948
0.8163619637
0.07078433018
0.1109524386
0.6620995238
0.1732766201
0.137841144
-0.0784995988
0.1988914922
1.052500711
-0.2733751014
0.2041309346
0.1943903485
0.2452253478
0.3725137882
-0.2624895191
-0.247073226
0.03087017396
-0.551644516
-0.09575723372
0.2755720787
0.2412269179
0.9123203158
0.9247878104
-0.3948170125
0.04437317867
-0.09435704965
-0.1142936504
0.5021398954
0.5457964614
0.2594824564
-0.2379357599
0.1815037347
0.3124601174
1.024879816
-0.2351047717
0.5481985506
-0.08372837827
-0.4641755924
0.0762269767
-0.2958054151
0.3168060381
-0.1863228718
-0.6951359704
0.08264716929
-0.1323753368
-0.1106748771
-0.03286293224
0.3749317653
0.953674148
0.5558054142
0.8509476244
-0.1063661296
-0.3323159099
0.5608629614
0.5601430304
0.1947667118
-0.3418525957
1.060228598
0.1166926855
-0.4778294533
-0.3960089684
-0.5670236483
0.4820736788
-0.2660531071
0.1867826028
0.4084921032
-0.5441222057
-0.08621760979
0.2579679888
0.703404431
0.6722891985
-0.1339372212
1.114159553
0.6133102417
0.8615797073
0.2517853188
-0.2837266409
1.604110551
-0.08583623618
-0.1793433409
-0.2593666911
-0.523894386
0.3112798342
-0.05067464598
0.9515164614
0.01811820548
-0.02114130678
-0.4593722746
0.6612413697
0.4105409987
0.7325437963
-0.0414919965
0.4696470365
0.4349810783
0.08885941776
-0.6351783618
0.7730367318
0.7283824056
0.2127746593
1.230651492
-0.1271805239
-0.05564827588
0.8641158126
0.625392925
-0.1674115077
0.1768067425
0.1104215728
0.09908901956
-0.1274147818
-0.01128860526
0.0146397138
0.5910149574
0.9735151634
-0.03090757029
0.08900858969
0.06734057665
0.108079043
1.024008632
0.410479283
0.3134992518
0.218971033
0.5076677486
-0.2749041528
-0.2096154466
-0.3084095284
0.2280124798
-0.1844295346
-0.6167263567
-0.6341616109
0.4339762151
-0.4026755318
-0.1847337928
-0.5137498744
0.226724185
-0.4506822132
0.3264613532
-0.4883315995
-0.2642800322
-0.454820469
0.4049138207
-0.4041416336
1.009826951
-0.0474150911
-0.7675288826
-0.7289527386
-0.1276587371
0.519040788
0.3427408278
0.02618043832
-0.386337994
-0.2387768257
-0.2665926293
-0.2121992527
0.08846412692
-0.3207578767
0.7918231279
-0.1365881795
-0.6919085383
0.791740039
0.5542627687
-0.1203142362
-0.09385689944
-0.2480462676
0.02053100662
0.2479292847
0.6630122129
0.1432803249
0.3111157423
0.1032994332
-0.05995485857
-0.05039257295
-0.2507048901
0.6463909879
-0.3850482125
0.344856365
-0.3390928581
-0.09421178922
0.473334372
0.1383333934
0.2455769628
0.6198170558
0.1307200972
0.0468218646
0.629949519
-0.06946248617
-0.1802926671
0.001182518248
0.0006947968155
-0.2661431504
-0.05844309032
0.618017441
-0.004364078492
0.8120448902
0.2451293981
0.162531175
-0.3920595471
0.8205270045
0.439916034
1.18043952
-0.3961224951
1.579276589
-0.6745871469
0.5155608296
-0.3732241601
-0.01537470333
0.2672796386
0.4436340369
0.05428737085
0.7523469515
0.7644707039
0.552258572
0.0178059523
-0.4366232045
-0.1901074408
-0.2381036382
0.4162689053
-0.4546051398
0.2561819464
-0.2445424289
-0.3944732934
-0.07777005062
-0.7258999288
-0.09708734481
0.6692311032
-0.02892774781
-0.5353148192
-0.415088344
0.09481993271
-0.1273245297
0.02245977055
0.3276262097
-0.02977639902
-0.326477607
0.2057604533
-0.364201691
-0.3524492204
-0.2584229566
-0.05368958469
-0.09062404856
-0.08945550732
-0.5553373486
0.3109067686
-0.0977663286
-0.4320007242
0.3858040575
-0.2606466381
-0.07586314795
0.05441038748
0.5089511782
-0.3061712872
-0.209929941
0.07479516771
0.1631540686
-0.1918134138
-0.3825132292
-0.368622718
-0.2224088423
-0.2938501712
-0.5281238064
0.4461112628
1.040693122
0.01144791078
-0.6236226067
0.2351249666
0.4614099048
-0.4990394816
-0.3470060457
0.3291694976
0.6029054642
-0.2750132665
-0.2376409546
0.3199608017
-0.02579910699
-0.04778023902
-0.3024772555
0.1437713824
-0.221688042
-0.01405927772
0.3185193092
-0.1715182412
0.6509271801
0.04193785451
0.6241292767
-0.2325378062
-0.1124667227
-0.08002233617
-0.3399434993
-0.5415000856
0.2683001369
-0.06608729581
-0.04901924729
0.4965459086
0.0747741479
-0.307531235
-0.4258388802
0.9930036858
0.9774476066
0.8337820739
-0.3492605887
-0.09447183991
-0.224906553
0.3599882275
-0.1528037297
-0.160534456
0.8566991031
-0.249903832
-0.05625697803
-0.1916549733
-0.4632180482
-0.1513822298
-0.1020429867
-0.1896241426
-0.483411625
-0.392963329
0.1498693189
0.06158385798
0.03283702349
-0.8017703205
0.1644184247
-0.043960422
-0.2667022169
-0.5156997696
-0.2464069031
1.282809052
-0.3640615473
-0.4324603304
0.7207034603
-0.3916524947
-0.1020212233
-0.1265801224
0.02640400212
-0.5716009974
-0.6688048512
-0.4330462307
-0.2781985726
-0.08870040579
-0.5888732269
0.9969178103
0.3319700986
-0.04059192277
0.6163961887
-0.0608171707
0.01820146674
0.3070530562
-0.3354399763
-0.5194232749
1.203511608
0.07763546221
0.246565409
-0.1639243091
0.09586117007
-0.1156812344
-0.2107471894
0.1820745021
-0.2095061794
0.2003504408
0.2630722474
0.08801264632
-0.4420763738
0.5268619753
0.7566434018
-0.04786370452
0.3601061925
1.012097397
0.1434767621
0.4852739966
-0.1500154749
-0.4305575706
-0.08295059372
0.2247678749
0.685771367
0.3395678252
-0.1960006226
-0.4218721792
-0.2529737963
0.3481767246
0.1171471789
-0.3133035388
0.251619985
-0.1329689223
0.3018903639
0.3712911122
-0.1262065077
0.06358388867
0.9063919246
0.1516867384
0.7892055079
-0.1767563336
-0.009717122838
-0.305351758
0.4054947728
0.6883954048
-0.5666070327
0.1571608783
-0.2085300183
0.03420442753
-0.4134153903
0.1298127234
0.7126894645
-0.2247660827
0.4148097809
0.1096094092
0.7184730813
0.5552582979
0.1130461306
0.09091702215
0.2934563924
1.160552028
-0.1287984346
0.1845263897
0.29065552
0.06713120793
-0.0947520406
0.7086236956
-0.4087393446
-0.2053619877
0.01132291704
-0.1604355851
-0.08849247005
0.03307055309
0.6080670401
-0.03844273975
0.2913586371
0.07066395283
0.5135254022
-0.2758103721
0.1520895526
0.3092678769
0.3683013845
1.12105878
0.3801617647
-0.1455141569
-0.1101329226
1.220661679
0.3757223751
0.04847171921
-0.01039252561
0.1585694034
-0.2516304586
0.06581558175
-0.03351346077
0.7315715566
0.530295093
1.143989348
0.2389466124
-0.6221068949
0.1184348471
0.003931132518
1.470674959
-0.4050770422
1.341172016
-0.05504862946
0.007290717587
-0.3444784541
0.02788259108
0.4445432864
-0.2656987898
0.1902300349
0.6266067117
-0.08989607133
0.2479912186
-0.04749814523
-0.09978617309
0.6180600777
0.7840668783
0.2768843131
0.6724743009
0.5231508203
-0.2611950232
0.2286108227
0.2755083594
1.05217329
0.5666776523
0.7953133598
0.3900870742
0.2134682471
0.1659339353
0.6484946415
1.706764042
0.5439773967
0.1327777011
0.2891647872
0.4532610264
0.3619296186
-0.03141287155
-0.1916246537
-0.3984454054
0.6555648193
-0.2915085051
0.4827883482
0.4912587866
-0.1925882425
-0.1821887076
0.4022684988
0.01603410393
0.1346566077
0.3429345982
0.1931658944
1.272698337
0.5929648884
-0.3597407874
-0.6823179245
0.06512400033
0.6661692694
0.09067248823
-0.4087073781
0.01369153652
-0.04553722981
1.176068196
-0.0392373044
0.3282072388
-0.1968627352
-0.3521307647
0.4410798743
0.3351700462
0.6436118066
0.6489275873
-0.3115068879
0.8792967051
0.4372434365
0.9341653869
0.04713486284
0.4106898364
-0.2187999384
0.2259067196
-0.1017427757
0.1078583498
0.1637215078
0.4042500891
1.39137972
0.2341420548
-0.2881085716
0.2233947836
-0.149542911
-0.03175092638
0.1043428484
0.4677634887
0.5566005453
0.07493053498
0.98166207
-0.1708496936
0.5543948516
0.2095947554
0.1612722865
-0.1626352661
0.1489031095
-0.2245027401
-0.1098157201
-0.3707762949
0.3872422658
-0.07695128955
0.5111667626
-0.0516986615
0.02494644281
0.1012519455
0.092068897
0.04397472022
-0.4853338689
0.07833129577
-0.2768589154
0.2864265688
-0.2612926736
0.1473620255
0.3915916847
-0.3324092261
-0.2097670369
-0.4281759486
0.3676115756
-0.5821981713
-0.1321981672
-0.04271989558
-0.5127402231
-0.2917308891
0.2771543253
-0.4396717392
-0.1919293454
-0.2552880445
0.1872800583
0.05880089961
-0.1630200114
-0.5019176722
-0.05168841183
-0.3169647068
0.07783285528
0.8644638568
-0.2896647737
0.4712469235
0.242587705
-0.3722461939
0.1077675672
-0.5702897854
0.4223320745
0.5488606557
-0.5857241482
-0.3351421043
0.1414677516
-0.7554644942
-0.2657332896
0.3142310672
0.06812696606
0.01512183975
0.07838457078
0.775410977
-0.5367088512
0.4210466422
0.4950741321
-0.07455982119
0.02072536424
-0.2073706312
-0.09404057991
-0.1833289467
0.6817238361
0.03704805132
-0.1416626012
-0.6496134512
-0.02682304922
-0.3010547975
-0.2244537089
-0.3905762292
0.3630972005
0.5789854567
-0.2508097038
-0.1061096762
-0.3897283999
-0.4632214317
0.2287650578
0.2822245392
-0.1265925808
-0.2054565255
-0.2573310059
-0.5368632898
0.05753794871
-0.1344116455
-0.1493280001
-0.04491982907
-0.6591799423
-0.5001600258
-0.2313793764
0.09166415557
-0.03554216707
0.5064896304
-0.4405746788
-0.4861218989
-0.3594541181
0.3643333606
-0.1870480593
-0.7514723986
0.2359234247
-0.3696557745
-0.09615553487
0.4587528449
-0.1550125454
0.235347775
-0.1313724714
0.07946091499
0.1782799788
0.009917866345
0.2525127236
-0.0187361626
-0.2369718403
-0.1758789437
0.2940703657
0.204782543
0.1405266332
-0.227142936
0.057305949
0.2647068675
0.1624824135
1.041839671
0.4944780253
-0.2279771149
-0.3583847031
0.1107791875
0.09490656648
0.03604353191
0.09929657914
-0.3046281615
-0.2440490471
-0.1295863297
0.2591748852
-0.1529589187
-0.5326247707
0.05028670682
-0.2482304286
0.150003021
0.4824474435
0.5493822977
-0.09398337938
0.5294516072
0.08285094695
0.4576247565
-0.001910428703
0.283678415
0.4873641163
0.6286702022
0.1526387755
0.4825197048
0.6721102193
0.1341972977
0.1942446234
0.01378654316
0.3304106429
0.407635247
-0.771432355
-0.5822462149
0.2324056135
-0.6458302841
0.03219675142
0.3113656057
0.1405171841
0.3485497355
0.3482165867
0.1603417445
0.1262829836
0.1040188538
0.1776290806
0.2089343093
0.8631291956
-0.47546327
-0.2003044738
-0.01548607242
0.01199096479
-0.4554697372
-0.1999274053
0.416218432
0.5719683528
0.3978537209
0.5358544186
0.1818103081
0.2374153871
0.149201547
0.08832072783
-0.5998896219
-0.04208420957
-0.3229068689
0.6968268916
0.1808359981
0.4284819089
0.444788713
0.3867522098
-0.1671480702
-0.006815922074
-0.3971233781
0.3397015679
-0.5272997608
0.3696852148
-0.3582588717
0.5634985775
-0.1549827904
0.1927411145
0.9663244277
0.8986358091
0.004873678088
0.5231618757
0.2706491983
-0.431581635
0.03861700185
-0.3501111219
0.1426380858
0.5828732744
-0.499713248
0.4936443701
0.6897514239
1.285115838
0.5687593162
-0.1987082217
0.06662036576
-0.1547708415
-0.2248242527
-0.2286752705
0.4124457911
0.234686311
0.7175847962
-0.3169304903
-0.1686053075
-0.3911767181
0.5157455817
-0.5246118248
-0.03607950564
-0.5116258278
0.160934847
0.3932906212
0.4615525372
0.1270403167
-0.6600024268
0.6865701038
0.6576709673
0.4153161252
-0.319850105
0.01463506222
0.09082694519
0.002525846194
0.1168600773
0.1561914106
-0.03591465559
0.4012561277
-0.06375144254
-0.3055007122
-0.3340635352
-0.145869733
0.01490020556
-0.3718934212
0.2937963776
-0.4238897912
-0.3143842639
-0.1105071647
-0.3567853844
0.5230556505
0.05425655879
-0.2439142499
0.3155827723
-0.09572023866
0.08511348367
-0.3768223114
0.6184088573
-0.03689786978
0.1019502785
1.347328834
0.02815649398
-0.1215745287
1.318901157
0.9531196781
0.3050525501
0.1588082481
0.05280137202
-0.1479317423
-0.1880815562
0.256202649
0.2472011384
0.5571896173
0.3442844667
0.5742434449
0.04004473593
0.4062303249
0.08755805846
1.670941168
1.229111829
0.1288487608
0.231708109
0.5494516477
0.2307242664
0.09384568082
0.4029428139
-0.1605519562
0.861202167
-0.176242681
-0.7091576323
0.5256109074
0.5978100017
0.3580570452
0.2365210783
0.4792717367
0.3732313596
-0.2943772413
0.4937724262
-0.2810748454
-0.2091226485
0.0262455612
0.0819448187
-0.2832312375
-0.255086055
0.3098168042
0.3898797799
0.5891157473
1.160314077
0.08849843517
1.302814758
0.6205132216
0.2287070133
0.4298088685
0.8825546741
0.1269853828
0.4012367383
0.3415746784
-0.4603398725
-0.4717255577
0.6012108006
0.117143188
-0.6324042305
0.3249576399
0.3499549072
-0.3245568879
-0.2894341173
0.9227710813
0.1618522657
0.05427829828
0.518439585
-0.6107865155
0.1099013804
0.07440862558
0.2175355489
-0.3096781626
0.7816677377
-0.6596371904
-0.4837991923
-0.7497349396
0.2094208466
-0.3982861727
-0.4641321629
-0.3976133503
-0.05351288356
-0.37775789
-0.2293428462
0.1023004488
-0.1405608659
-0.2770004457
0.03640194647
0.06828299155
0.2577538786
-0.1199165909
-0.3289450058
0.5896778688
-0.2496851419
0.426010257
0.08973719839
0.05144582354
-0.5056202129
-0.2562138952
0.3537851416
0.03158938838
-0.2069931645
-0.1757048618
-0.3775429651
0.3306616306
0.2952932961
-0.1929535167
-0.01846722579
0.4496974625
-0.1013562283
-0.4007352188
-0.3984966375
-0.1371841453
-0.3429213911
0.06071091946
-0.6197479054
0.03857536502
0.09946772153
-0.1994653227
-0.27705529
-0.1680488311
0.09522673208
0.8136150047
0.3123818725
0.5792232908
0.1582130123
-0.1699655173
-0.2843770763
-0.3749787286
0.6975715064
0.2532443214
0.215534584
-0.3407359928
-0.5386139125
-0.2279916607
0.6630338728
-0.4119299695
-0.4511392415
0.06690472458
0.2419024475
-0.08413141519
-0.1605638664
-0.4865049385
0.6505998641
0.3597536087
-0.2642875487
0.6990556031
0.4387781315
-0.3001860371
-0.7533422828
-0.2356271442
-0.3237738349
-0.4328618854
-0.6555053137
0.5025332287
-0.2349598341
0.3312840581
-0.4340004079
-0.08415638171
-0.677916792
0.1774654412
-0.4456410442
-0.03680613218
-0.271092321
-0.4354488034
-0.2243294668
-0.4438588224
0.2086272303
-0.1608633013
-0.1916856624
-0.3975164592
-0.4677982509
-0.2510030175
0.02751142178
-0.03639964722
-0.3744707966
0.1518842522
-0.5851017073
-0.2081661236
0.1095531968
-0.2899658544
0.03805256858
-0.5581400543
0.3402205411
-0.2858343806
-0.2647868358
-0.2500897545
0.1765336964
-0.1087504858
-0.03026934145
0.04729199708
0.8149195373
-0.009674998559
-0.4599067535
-0.06932049505
-0.03971894085
-0.3029754583
-0.6382338919
0.3585312857
-0.6149386473
0.7631059147
0.01177460626
-0.01232079249
-0.1407283906
0.03501310116
-0.06570690237
-0.4858484849
0.4880111098
-0.1088859372
-0.5745491214
0.8012246534
0.6617330059
0.2077319552
0.4006598361
0.04456304056
0.5584860615
0.3564686768
0.4614801511
-0.06432857588
0.4939779364
0.1104708245
0.02181959525
-0.1433778659
0.5259821072
-0.01056427807
-0.5337646361
-0.05276258294
0.1891747487
0.5343810119
0.2613684885
0.9909346461
-0.0524457451
-0.2488817574
0.3154399768
-0.2267275985
0.06618877985
0.2611535206
0.7125379562
0.1019571897
0.2464264758
0.1649484709
-0.4302330554
0.1391423101
0.02505094726
0.5918008685
0.2580337793
-0.1279278127
0.6797407627
-0.2274110753
1.521384144
0.2375531169
-0.4412054077
0.647519125
0.4294486254
0.5292941637
-0.1816944744
-0.2595954873
-0.2100008049
0.6223501697
0.9931476802
-0.1795058899
-0.01157485489
0.6433520243
0.2789708424
-0.4053784026
0.04977167826
0.1731569984
0.597965347
-0.01560842311
0.7036940277
0.997550106
-0.2537530803
-0.3235912317
-0.227979286
0.9382199347
-0.2437421984
-0.1537128927
0.1713672124
-0.484169168
0.02003158741
0.5638520077
0.8480130062
0.1395831926
-0.04052903391
0.9963724226
-0.317640347
0.9105737269
0.6410453647
0.6907249659
0.9577621087
1.120200032
0.8995707959
0.003001560736
0.26544952
0.294997333
0.1511668636
1.017177792
0.5354995884
0.5396518128
0.3833747169
0.126686568
0.2751016103
0.1825550249
0.1764050091
-0.4169238277
0.5268878333
0.1675474631
0.7285942316
-0.3070844885
0.09176019998
-0.313955266
-0.07016955158
0.1404129713
0.08497932712
-0.2877079293
0.1460037837
-0.4264412418
0.02749412321
0.6182250008
-0.1518805522
0.329754784
0.05994767132
-0.5279426455
1.226521061
0.1588442575
0.2923767108
0.1453511469
0.3543740787
0.2964279117
0.07634602208
0.2569342858
0.1313394556
0.587415988
-0.3051758423
0.2448812178
0.2853256974
0.4432670109
0.7263392419
0.1194274254
0.1374748877
0.7010351717
0.0877726309
0.03147521121
0.08400237709
-0.3155634396
0.8660298884
0.02648334894
0.5011534177
0.03170098253
0.4812992506
0.06532599209
0.8767246157
-0.08050160967
0.7022499785
-0.1350278433
0.3051946796
0.008722782321
0.1826994132
0.1199597034
0.8079257682
0.9332658887
0.08991486896
0.407545846
0.4292108752
0.03023434784
1.804260963
-0.3327102721
0.6401163414
0.1685815164
0.5260737702
1.175655013
0.6320348546
0.2137327356
0.2732567921
1.362641901
-0.2080625214
-0.1692024706
0.473695714
0.2515626106
0.5367817059
-0.2867569152
-0.6786660939
0.1318791718
0.06852957057
0.418805992
-0.486146494
0.545676209
0.257931146
0.5593118861
-0.1278551862
-0.2620098375
-0.2529778518
0.116821225
0.822325322
0.0347178949
-0.4002008662
0.1318990853
0.1274519058
-0.8553648531
-0.0677170191
0.812700969
0.229777584
-0.1701240437
-0.4074453831
-0.2023568217
0.1831111124
-0.20144541
-0.2929489676
-0.203473188
-0.04356699567
-0.4753454976
0.1130950568
0.0902625706
0.6080178507
0.8347826481
-0.5948688075
-0.3125365026
-0.2357130067
0.2134659895
0.02522489484
-0.3490398545
0.347693396
-0.5056154519
0.4191340428
-0.1623698831
-0.1010578888
-0.4982991695
1.43929742
-0.5884913459
0.07761800922
-0.578370738
-0.8411381721
0.4003041577
1.237194666
-0.07056632424
-0.2557443101
-0.3940807201
0.3616186263
1.296928805
0.2064596776
-0.4386153135
-0.5067878693
0.04557770826
0.7515455008
0.3936425962
0.06200215896
-0.219408204
0.03721409477
-0.1979217943
-0.04798811693
0.7299857944
1.77170738
0.8221454658
0.5322947618
-0.2071764104
-0.5975126848
0.211457628
0.498703894
-0.02930179629
0.6924056858
-0.1705197167
1.097093424
-0.4054380126
0.5146566518
0.3876160763
0.03875265
-0.280507461
-0.4138666123
-0.3280834608
-0.2765131582
-0.4987964667
-0.1461832153
0.1179172365
0.1747632824
0.1615969805
-0.4583697729
-0.08676960743
0.9022656888
-0.2756136291
-0.01027221768
-0.006092045456
0.03916568924
-0.6953206196
0.4119562838
-0.2398851552
0.3970834255
-0.4471890979
-0.1938584533
-0.0702533368
-0.4411926053
0.05303086517
-0.3175581895
-0.5520902708
-0.7941303417
0.1307982149
-0.4891168926
-0.5658279821
-0.2775929876
-0.01978190243
1.251359126
0.5553520523
0.6140176117
-0.20591747
0.2879820997
0.1069585763
0.6051884972
0.08898609122
0.4304960869
-0.770665624
-0.3422070864
0.7863466099
-0.0366311051
0.3882634543
0.3013409201
0.267539884
0.02188628474
-0.2854816681
-0.1954385277
0.2619203724
0.07719771303
-0.3397926591
0.03582293298
0.3867385611
0.3365692943
0.7606022954
0.3706025083
-0.01205037585
0.5797242917
-0.1084269417
0.1198235972
0.603096965
-0.236596654
0.6970064197
0.9157589674
0.2380357113
0.4846900947
1.140896177
0.04969030041
0.8713895947
-0.2345247762
0.31918822
0.07530518714
0.2528694216
0.9994361162
0.1401832595
-0.3302711371
-0.07133161593
-0.2938656654
-0.004131093808
0.6513337471
0.1103391426
0.2329902524
0.0388922222
0.6566626504
0.557799118
-0.1711163074
0.5898408353
0.1518588543
-0.2381623974
0.7172171906
0.4936675273
0.796187371
0.008277492225
-0.3106173228
1.224087545
-0.8422632128
0.755876112
0.007248819619
-0.36737989
-0.115525043
-0.3569803048
-0.400928013
-0.7034763381
-0.7990220368
0.9760218889
-0.2037741015
-0.07550821854
0.2308692576
-0.06988873435
0.06180882081
0.6856121257
0.152493161
-0.1111543965
1.301787913
-0.02108650971
0.05457046386
0.4356277443
-0.277743122
-0.2341425523
-0.2762174996
1.076198158
-0.05070237219
0.478709095
0.09994879514
0.3124159873
-0.5729258373
0.6121834032
-0.05243540001
0.7399814188
-0.08107570782
0.1435952328
0.1361764744
-0.1803897111
-0.3133064598
-0.5056841359
-0.284792833
0.2629391469
0.4330092654
-0.1842407608
-0.1793544726
-0.01467896439
0.5242031612
1.407986578
-0.0269438915
-0.6782554433
0.6629651174
0.5016642727
-0.3789326936
-0.1841665689
-0.2504700381
-0.005013600364
0.03170929784
0.6695856169
0.06630246043
0.02216825513
1.0895531
-0.08849507868
0.9589418873
0.1075676481
0.1233850328
0.1014241476
0.001356268488
-0.2511477709
0.03729046565
-0.3207438317
-0.01589715462
1.185075951
-0.4075631283
0.2922775231
0.1734038807
0.423124681
0.1163555643
-0.197665132
-0.3795598969
1.183745128
0.8551267207
1.203425854
-0.5531492978
-0.2370513415
0.8252730608
0.4499462171
0.04714488108
0.2434528338
-0.2251479203
0.01397222094
-0.3928240586
-0.2583423778
-0.2203708664
-0.1181991678
-0.03303252878
0.1022260549
0.05232493868
-0.5557325773
-0.02191066891
0.0243518956
0.07183923945
0.644149299
0.003899029642
-0.1860893783
-0.1439908035
-0.1064613327
0.04390132688
0.768331708
0.4031613074
-0.07063439721
0.08645023443
-0.2757249508
-0.4193417244
0.6419508383
-0.2278251666
-0.08479065448
-0.04628299382
0.1309498638
-0.327596101
-0.3520909717
-0.08617878351
0.5565282553
0.03799118455
0.8918387085
-0.07812917735
-0.3231573435
0.1473975447
0.09739907496
-0.3685573444
1.367069724
-0.1846216433
-0.08843835946
0.3263389073
0.5421243183
0.2719679694
0.2197684918
0.1070028555
0.4372805487
0.879462418
0.4297901358
0.3475517608
1.423847264
-0.5958711773
-0.01088719517
1.095779139
2.185013068
0.7172539085
0.1081804262
-0.06740667857
-0.07322831545
0.4321639501
-0.2694834016
0.2822800234
-0.5126376558
-0.441634284
0.3665737942
0.7411403552
-0.3179936469
0.3767152391
0.1199199609
1.133827254
0.8940625459
0.698003602
0.7185359225
0.009371878952
0.3982915333
-0.1539794728
-0.09373711068
0.1075124467
-0.09416836891
-0.3610862166
0.3587113351
-0.5102928877
0.1881025314
-0.1180925988
-0.5443698257
-0.7033189505
0.2290220406
0.7536264077
-0.4174631342
0.2824492339
0.1575974353
0.755118683
0.2822140079
0.5584606104
-0.6546385765
-0.2377936173
-0.06060986221
-0.4399057534
0.3986415554
0.775536456
0.4252760053
-0.2095714156
-0.6616888478
0.4218611822
-0.3794406205
-0.3917690083
-0.6312852345
0.214618228
-0.09117702954
-0.07351636793
0.4845224321
-0.6479587138
-0.444666269
-0.2997058813
-0.1960536689
0.04274279084
0.09337124438
0.1306924824
-0.5204530068
0.02520798016
-0.1233557282
-0.0724815581
0.07670750637
0.632894215
0.2892700586
0.6813863188
-0.206928318
0.1439474441
0.3931167044
0.5008979142
-0.454264985
0.04597776793
0.7141301155
0.1153059351
0.9220197365
0.5904182673
0.2080217913
0.154556462
0.3199738944
1.237228224
-0.09716276173
0.1522895596
-0.4748479724
0.3907591775
-0.06036354471
-0.181815818
-0.1112097453
0.310863433
-0.2197222447
-0.3588579768
-0.6988229379
0.3351558998
0.2714264023
-0.05891285334
-0.1606128311
1.157601658
-0.5235817805
0.00762871597
-0.3134589661
-0.4563417062
0.4017824672
0.7732275501
-3.132037818e-06
-0.08220018419
1.187797633
-0.6321611911
-0.3321980035
-0.8159235269
-0.3594371036
0.2916305338
-0.0356965933
-0.4212618724
0.7456431657
-0.1143670995
-0.4645378821
-0.4102978989
-0.2465231184
-0.6022241488
0.09315362293
0.4396371603
-0.1266510546
-0.04806241058
0.04898681976
-0.4192707881
-0.2986252721
-0.04418268404
0.09172734707
0.07501251623
0.08569001621
-0.2462538552
0.8026557207
-0.134327315
0.7650421724
-0.2887516693
-0.313609343
0.6492599666
-0.499633541
0.1655352023
0.6301572725
0.6643787116
0.2411584895
0.3002078883
-0.1661039049
0.4146210931
0.1098457007
-0.2834513123
0.3297348283
0.1940481532
0.4632052608
0.3298685029
0.2421266789
-0.2589097686
-0.01975717107
-0.1390530746
-0.1543739434
-0.1072487955
0.07849622536
-0.05391491009
0.7990976416
-0.2732270715
-0.3607035253
0.6313617006
-0.2735172417
0.01076140758
0.2474296784
0.7636970043
-0.4237936746
0.5432946533
-0.017798666
0.3757451672
0.4311058462
1.063039553
0.05907771774
-0.1142563196
0.5081417926
-0.02553300252
-0.06138699972
0.4352160752
0.02200388797
0.1772952311
0.1736848472
0.3796768166
-0.1163169913
0.1620475638
-0.2049662823
-0.1273217978
0.0198594572
-0.4974228173
0.6125426263
-0.1313894644
-0.4549068019
0.07181901038
-0.3027735643
0.7002747208
0.2728648257
0.1726740454
1.136939627
-0.3224202461
-0.1993368402
-0.01944833342
0.04013583343
-0.02379634408
0.3157603562
-0.2017003027
0.6258295253
0.1468398321
1.210507819
0.4702387027
0.4098726407
1.000159538
1.054336819
-0.06075605154
-0.5679159403
0.5977649249
-0.01894125408
0.6353562012
0.5643229678
-0.6231623024
0.1925329417
-0.2177059282
0.2957806241
0.2132393027
0.5245920241
0.6622518875
0.2447173689
-0.05748282149
-0.5052684039
-0.2317462184
-0.4806551591
0.2493482724
0.1313920658
0.6755079292
0.03252158212
1.103892407
0.8902022332
0.6938428164
0.9406383663
0.559062773
0.07113512065
0.6465773387
-0.22336822
-0.0886732433
-0.127475669
-0.2291228715
0.2276087269
-0.4879239917
0.8725858934
0.007104720175
-0.224549645
0.2873503225
1.315855485
-0.05358181717
0.7896205708
0.1000554297
0.7457773119
-0.04925402272
0.5723439701
0.6677480847
-0.1454110366
-0.216677127
0.06354249846
0.5307936788
0.02067409456
-0.07953126449
1.014203084
-0.3516726047
0.2445524836
0.03584882994
-0.2304800935
0.002689249627
-0.1922705971
-0.04326515161
-0.4512971319
0.7238108352
-0.09915350378
0.6696439996
0.6630791098
-0.007803749666
-0.01535291774
0.3615734261
-0.5848413497
0.2107521674
0.3004833855
-2.652760595e-05
-0.2972092781
0.3227561124
0.8248460859
0.02898581922
0.5908292696
0.3546593592
-0.2825878942
0.122729723
0.06189633012
0.2336677387
0.03804924935
0.4709588841
1.264280236
-0.197765434
0.6603776455
0.7255960591
-0.03270026557
-0.1571738612
0.7377683081
-6.83888793e-06
0.2303287999
0.1863144873
0.03878234988
-0.3754065212
-0.08710881248
0.5104186788
0.3453459345
0.08649849854
-0.02838984225
0.99977386
1.443261617
1.109602526
0.2206419812
0.2293042064
-0.1529740824
0.2407486221
0.9465351939
-0.1845883314
0.5120983401
1.223175067
0.1522158904
1.054510984
-0.7235443562
-0.4010706197
0.7347074881
-0.02304800637
0.0687093813
0.2093471419
-0.04405156914
0.2660867235
0.08538473314
-0.1636012219
-0.2710253958
-0.1850888705
0.04623117894
-0.1947750892
-0.0224950328
-0.3236124327
0.1400690865
0.2333284495
0.2800642207
0.315884795
-0.0720696291
0.4601940847
-0.05407760069
-0.1768439006
-0.3382530984
0.3862325499
-0.02173664719
-0.1409197357
-0.04298974834
0.1162187573
-0.3446380571
-0.2831450943
-0.5082119405
-0.2287689753
-0.2211379208
0.2361936118
0.2961342664
-0.2291190497
0.5991138503
0.146967895
-0.1821334576
0.1523480937
0.2126304012
-0.2611017635
0.5396461666
0.4843092635
-0.2761321317
-0.05250213547
-0.6811417133
-0.001099269278
-0.5403886944
0.9139950275
0.2537655018
-0.003686682228
-0.3247734057
0.05204309081
-0.4808677986
-0.4182979234
-0.5477915838
0.8496498384
0.05407351907
0.06498231534
0.1053000735
-0.1625830669
-0.6886049688
-0.08992969934
-0.2844259661
-0.3279437162
0.330643335
-0.2593502708
0.4054335408
-0.3880210847
-0.5389957204
0.3143457003
0.1998321648
0.1771649005
-0.3123149183
-0.1039327176
0.9393171359
0.06402628254
0.2081232931
-0.2978942502
-0.1445157825
-0.2639513966
0.7292906072
-0.05049109394
0.7267324615
-0.04117016122
-0.3749732152
-0.1910151022
-0.5536223397
-0.08602162525
-0.3187328093
-0.5033411741
-0.129786621
-0.7126307204
-0.3364317331
-0.5859501123
-0.2415228138
-0.3138103072
-0.1863493334
-0.3008609572
0.0262916469
0.7053180501
-0.6785914987
-0.4711130112
0.03041309584
-0.3874959014
-0.4931279572
0.3352111869
-0.09577828404
0.2453893427
0.2261851892
-0.5891974106
0.3743752621
-0.1992106713
-0.3216958703
-0.2669567615
0.09984389395
0.1728270192
-0.4074036129
-0.3366938194
-0.2753898591
0.2582772977
0.1651403222
-0.4130003929
-0.1583488852
-0.3646129854
-0.2651623719
0.2218339488
-0.224948404
0.4474038929
0.4213854395
0.01353073819
0.2383925248
-0.3851322398
2.197508284
-0.4472635508
-0.3088477671
0.4648722824
-0.4404001296
-0.04415587466
0.06289404295
0.02622934952
0.267122064
0.6287564076
0.8565085486
-0.7640371993
-0.206055898
0.3587704876
-0.04585462511
0.8372166
-0.1971630894
0.3975526487
0.4529252868
-0.2225080997
0.4861258931
-0.572459662
-0.7421225011
-0.02623667959
0.1597233087
-0.02711355016
0.2264270488
-0.4828252263
0.05566229867
0.2301243616
-0.01574710375
-0.4061479114
0.2868988964
-0.21740468
-0.1708276771
-0.1251403065
-0.1519337397
-0.4214861602
-0.1993513377
0.8173835754
-0.1329889107
0.3504095972
0.3777039863
0.3803390233
-0.0104370445
0.9491919279
-0.2116057377
0.07550234636
0.2250715572
-0.6285211891
-0.5904600814
-0.3294236183
0.3272352837
-0.3144498166
0.836110007
0.4570352057
0.2153588302
0.964885889
0.7012117684
-0.2742522497
1.061124685
0.3759716038
0.8279587358
-0.244521483
0.5162946597
-0.3595134322
0.7327416822
0.6841912016
-0.04478146266
0.6901497617
-0.1495106119
-0.5408338785
-0.2614597552
-0.3437458244
-0.2786837336
-0.4981791344
-0.03107259348
1.209554014
0.04863062296
-0.7221788913
-0.6156166825
-0.3534750488
0.2917773748
-0.1534159921
-0.231761013
-0.4389434725
-0.1178797983
0.1082046807
0.6180508032
0.157134503
-0.240774324
-0.2033267297
-0.438586418
-0.1749410983
1.325007832
0.34643889
-0.2109153543
-0.4362282328
0.1910123385
-0.3882718749
0.2029242594
0.09756291956
0.4582028996
-0.1964256624
0.3661801741
0.101250632
-0.3671300534
0.2918313202
0.4507654719
-0.2724132635
0.4757634398
0.457671861
-0.3279122416
1.676940757
-0.1472330255
-0.5381628826
0.3369719192
0.7608803868
-0.6289744005
0.6636838257
0.2181287614
-0.3847639952
-0.346275796
-0.4961793333
-0.1428972827
-0.7732688725
-0.4650573
-0.2326122053
-0.08607878815
-0.266485252
-0.3863778509
0.5491740733
-0.2959930469
0.1011859785
-0.1426588669
-0.2278146114
0.1931601301
0.1584842861
1.036332752
0.3083644722
-0.1715658031
-0.1958638228
-0.800973773
0.2795725306
-0.1071801202
-0.09874455277
0.05732244402
0.002585339919
0.2210121177
-0.05848248536
0.2587935183
-0.02064826638
-0.1065308653
0.4092865199
-0.3122965723
-0.04244302474
1.486092868
0.7206153601
-0.07048004223
0.5234874733
-0.4098703172
0.1224565484
-0.1345424979
-0.1345920943
-0.4772851825
0.1102960633
-0.4445899129
-0.3177406922
0.06952359118
0.1617444599
-0.3585704863
0.5436926913
0.3742526755
-0.1333545163
0.7857566893
-0.1533159152
0.1756901626
-0.1706117606
-0.3860294923
-0.02683887575
-0.3066043176
-0.03745078649
-0.2574771523
-0.006407292932
-0.03238003422
-0.02380639352
0.2491263133
-0.6540701851
-0.6011898324
0.01944681695
-0.1076028593
-0.2423448015
-0.04556615725
-0.5472170249
-0.2602612184
0.6747458667
-0.1212254833
-0.2177543847
-0.2494822847
-0.6568456993
0.01422695741
0.1336377602
0.1255705191
0.2180419744
0.2047605023
0.3761084288
0.06250092927
-0.4188024133
-0.4252155021
-0.3656063117
0.2137675527
-0.2496509489
0.6324648485
0.1908301387
0.4204580532
0.6646509096
-0.2356311506
-0.7817818463
-0.2951285258
0.09539716579
0.9718789428
-0.5814657375
-0.3860879049
-0.06277275216
-0.5130030558
-0.3172988079
0.4126333371
-0.3401868343
0.8257595375
-0.5830830514
-0.01839556079
0.2683956659
-0.1402257822
-0.5536014691
-0.4883660644
1.204317027
0.03260403965
-0.154581824
0.1111991715
-0.208182063
-0.4539598942
-0.4450786762
0.09631063677
-0.2678500753
-0.3453640118
-0.5186776735
-0.3819751605
-0.2726954826
-0.4515301399
0.4732832357
-0.4142420202
0.4501672357
0.2604331726
-0.4770171955
-0.3628493108
-0.215460588
-0.4120095734
-0.5345859468
-0.3523844704
0.03188292067
-0.6213290751
-0.1503328467
-0.4911662802
-0.4254953727
-0.2268172301
0.1730983888
-0.2570825735
-0.09294294156
0.1734254573
-0.136286258
-0.2502147801
0.02498418195
-0.2533331126
-0.2418973962
-0.4222577542
-0.2563990643
-0.5556372017
-0.2728484413
0.6074071176
-0.1620634655
0.5397170767
-0.237663953
-0.2099326238
-0.1504861786
-0.2289578774
-0.5903296009
-0.0009422789328
-0.6595944002
0.2337101322
0.6262991279
-0.03339543417
1.002582306
0.5002882451
0.5779809624
-0.04177343883
0.01461684871
0.2634375501
-0.03719744803
-0.3691744687
0.4389287259
0.4960115403
-0.6651422232
0.04610561132
-0.3053071152
-0.4937430277
0.2307828354
0.2116678335
0.01421375251
0.09006573074
-0.9756534994
0.1618678626
0.07039579088
0.2274072941
0.5733787857
0.4635362696
0.6994936675
-0.4194893373
-0.3683057636
-0.3732174218
0.3822904371
-0.4960244998
-0.3702880565
-0.1656084979
0.6393983938
0.1280767171
-0.09564106576
-0.4811559354
-0.2761640634
-0.1370168147
-0.4965209603
-0.4149674973
-0.4933850229
-0.1674244069
0.305338819
0.0101067883
0.4249631174
-0.4174676552
0.1916787381
-0.01335947551
0.1499429874
0.04140163539
-0.1346220478
-0.2257159512
-0.3776630506
0.07575466307
0.05547551941
0.02072262038
0.239864341
-0.06154232919
0.5063538006
0.05209207302
-0.259379711
0.6636577085
0.5438175298
-0.5509361789
-0.1748590712
0.8843410075
0.4959923752
0.5142416552
0.3380640725
-0.0125954099
-0.193835526
-0.007012440637
-0.5600869194
-0.1345969871
-0.4358046226
-0.1599666759
-0.466023422
0.8290243953
-0.2516519623
-0.5600819662
-0.1159988953
0.16993769
0.5643635727
0.0658864812
0.5104145586
1.800976655
0.4843200363
1.098373628
0.4440118805
0.7562719405
0.3885445975
-0.5336586431
1.166230007
0.5233747877
-0.2491190344
1.193185946
0.3295496367
-0.002874480188
0.08464648454
-0.5405663311
-0.0960342031
-0.4097655453
0.125802928
-0.139210334
-0.1481521627
-0.7327200502
-0.06081992686
-0.2378484234
-0.2092658677
-0.09167489633
-0.2689209996
-0.2510894906
0.0921892873
-0.2563129563
-0.2164137896
0.5986624435
-0.3110974252
0.1729649248
-0.05633233935
-0.3819460154
0.1762018058
0.5384484909
0.4122031033
-0.06759959972
-0.3039010383
-0.3970584735
0.7027493194
0.6262446173
-0.1238602079
-0.1822701083
-0.4717371695
-0.3070968509
-0.3449936744
-0.3076989651
-0.7697611928
0.02313664053
-0.5035680562
-0.2192161191
0.3917781426
-0.2439289473
-0.2469690289
0.229913679
-0.001442009956
-0.4273744971
-0.2660269425
0.2347955786
0.2081366241
-0.2154727023
0.6690703352
-0.338757915
0.339561107
-0.1951160349
-0.1941297522
-0.0384770616
0.02464113915
0.9411245689
0.0203952698
0.5090457223
0.383991494
0.07986904345
0.1843019575
0.4994740099
0.1491550587
0.3426587628
0.1156000465
0.1981093008
0.4818751097
0.3143744431
-0.09062898839
0.4415469417
-0.4435905054
0.2338861318
0.2034989379
0.9344436496
0.3685664061
-0.5120703965
0.3559330348
0.7897919893
0.1484772867
0.4439568035
-0.2400801465
-0.3294181593
0.4991047092
0.5872183561
-0.089363488
-0.5736068495
-0.07922325674
-0.1897019558
-0.1694120176
0.1582806256
0.7298643254
0.2572942987
-0.09410369396
0.5133171089
0.9158230305
1.554173437
0.3016204253
0.5989002779
0.4921289384
-0.06181124225
0.622044339
0.9001239628
-0.4799143657
-0.2888346888
0.2946218461
-0.2009960242
-0.0745513136
0.3607063919
-0.02231615596
0.3582144955
1.53880266
0.3929162405
-0.201813142
1.251262778
1.637249848
0.4491040343
-0.2151976135
0.8838765375
0.07594161704
0.3997748598
-0.01484606788
-0.04971858952
-0.2881289889
0.09101393977
-0.2469911628
0.0424314566
-0.04042022415
-0.5489632249
-0.4930002227
0.04105785592
-0.5093442814
-0.1032377832
-0.3717182998
0.2860461261
1.071709645
0.5650296422
-0.2469791085
0.1016160561
0.2608786404
-0.02469258946
-0.6669425443
-0.223888709
0.7797575742
-0.5841531182
1.029591367
-0.7908430696
0.2504353609
0.53118435
0.3689346619
0.2676756196
-0.5096192688
0.2674168836
0.6327066541
0.3097517446
0.4160201788
-0.07926153168
0.1839548782
0.1667018421
0.5562038645
-0.1765136797
-0.1927247007
0.3152722709
0.5045955092
0.7011780635
0.09470950365
-0.1276110556
0.8654463887
0.1557563907
1.635022706
-0.2478478633
-0.3892075596
1.255288756
-0.1788190965
0.08398961658
0.3228733605
0.1602451636
-0.3780653357
0.3390844908
0.5215942986
-0.07818291858
0.3472993035
-0.465133803
0.5574564549
0.3701393805
-0.2384662956
-0.5270786196
0.3864297688
-0.2798235461
0.2275190316
0.6153404653
0.3901858374
-0.2190543804
0.6439288244
-0.1845217573
0.06359855533
0.4019655444
-0.07663673023
0.5023945399
0.3637132563
0.7077312753
0.3159748156
0.1520291224
0.6057213098
1.434431291
-0.01689375564
-0.3785908192
-0.1285878249
0.4037101977
-0.5496059835
-0.4203190669
-0.2452186048
-0.1164306141
0.2576968636
0.4418709323
0.5377654582
0.8142908394
0.7356941976
0.6729779556
-0.1889724723
-0.01068266202
0.2215337243
-0.2193850986
-0.3880465299
-0.009637894295
0.731306529
0.003172287811
-0.3425143696
0.0510588916
-0.360480696
-0.6621023893
-0.7657777697
0.363207891
-0.2538760758
0.06092626564
0.06703033336
0.2643097149
-0.321259892
-0.1150224615
0.2276118671
0.4303118102
0.1156105334
-3.744717687e-05
-0.2052793911
0.6543976605
-0.2218732812
0.5508684978
-0.1081765084
-0.01345649995
-0.2000626455
0.1183256972
-0.09708783096
0.8467247695
0.9829654455
0.05398703758
0.4429028936
0.4906075515
-0.1883795943
0.01775366822
0.1055307746
0.04340862464
0.4056005022
0.891665411
-0.2157696936
1.065223593
1.069849598
0.8524614275
0.2606624814
0.2270599671
0.009006915707
0.4751748547
-0.2806101928
0.4288593255
-0.04217273481
-0.1239538757
0.622662171
0.1705800073
-0.2101484723
0.2032662958
0.3197356179
0.541927536
0.5467609309
0.3644061603
-0.03336612768
0.2131298695
0.9475209802
0.8424662858
1.011882919
0.4838317694
1.335528904
1.478528488
-0.2425171785
-0.4404426061
-0.1987844404
-0.2397507362
-0.1077322495
0.3077842955
0.02250336464
-0.1419818105
0.3473385602
0.3806847736
-0.08564179465
0.1924594163
0.8786798723
0.2928113312
0.4114348123
0.2008979335
0.3818991467
0.8359093472
0.6507710792
0.3523815945
0.1099473551
-0.1692761872
0.08603909411
-0.08447617022
-0.1310873113
-0.2195095748
-0.03670835681
0.7893685967
0.3722120978
0.7019041687
0.3673303522
0.5285709351
-0.5024645984
-0.3117154681
0.2786214179
0.8713165343
0.5433942661
-0.06906685866
0.6554393597
-0.3920041216
0.1387370367
-0.4038150519
1.044764212
-0.3852224015
-0.6359968841
0.3087521169
0.4448184863
0.2107841852
0.04187965915
0.3784023777
0.8358497217
0.01971607469
0.6681605408
0.4365377091
-0.5395121567
0.0094450064
0.7986640781
-0.0933335457
0.5885915842
0.1594626002
1.554169565
0.1848206963
1.304445639
-0.1327881653
0.0703392569
0.4597392537
0.3239163494
0.1973933479
0.4213445686
0.4027490623
-0.4849566218
0.8489967778
0.0007077388465
0.1724094434
0.1169468594
-0.0861122705
0.8359958142
0.9072143272
1.01145145
0.9632979646
0.06422731951
0.004807072878
0.4013701685
-0.161928888
0.2721221253
1.169089216
-0.3396230076
0.07010674598
0.6230376929
0.5778989017
0.1526857021
0.295701332
0.14861298
0.1689720562
0.6039532006
-0.1522880681
0.4417094845
1.219107565
0.4928853221
-0.1517762937
0.7391894326
-0.001899999566
-0.1611727348
0.1545417469
0.6988201059
-0.06072537471
0.8295441598
0.02579420954
-0.1081413251
0.1543890106
1.425481513
0.2592527799
0.9870260715
0.9999938503
-0.04857052071
0.07683960237
0.3957371263
-0.09647856858
0.3636188023
-0.3844761815
-0.2755488768
-0.1633577425
0.7054492772
-0.2497918179
-0.5287848413
-0.05030541718
0.05038513429
0.4047915809
0.9097397014
0.2258759744
0.133140906
0.7577018425
0.2539039063
0.00160523355
0.4396499842
1.484187412
0.05621203757
0.2260836955
0.1376697255
0.9729881942
0.5249919951
0.3568911538
0.6950199723
-0.3387803465
-0.2037360368
0.4130457953
0.5661807388
0.5294456413
0.9975410894
0.3044406973
0.4166010648
0.720075348
0.8842358798
0.9553681761
0.8608831823
0.5078992419
0.2944353156
0.2241191562
0.4264854766
0.1688619029
0.02041836372
0.2719659481
-0.1621568989
-0.1060606685
-0.1857458334
0.274524767
-0.2006332299
0.4956366725
-0.02584367217
-0.5496303529
-0.0262605207
0.9000340357
-0.07729660627
0.01378367618
0.06990697104
-0.03751973175
0.4274631502
0.7527701631
0.03698024563
-0.0205860015
-0.1905862302
-0.4889671437
-0.410270147
0.5010621861
0.07645864468
-0.2349576807
1.453431669
-0.4012375513
-0.5037359275
-0.07621920072
-0.05257517369
0.6482636973
-0.02673119362
-0.4791207109
0.3358482923
0.4873237766
-0.1437221201
0.2348182851
0.3845337421
-0.3535675488
0.309637239
-0.03898466192
-0.6681310914
0.07896708585
0.6346408673
0.4665780194
1.091036808
-0.04911691397
0.4321952529
-0.7408178121
0.2233624409
0.314637205
-0.3873802248
0.12892855
0.02634450416
-0.521567262
1.067024353
-0.5151044346
-0.005440164637
0.7503606737
0.2296246974
0.3060655689
0.7123203084
0.2331331696
0.1350645497
0.04797511636
0.4180422522
-0.1558380101
0.9339745641
0.06351529211
0.2140750944
-0.3596348507
-0.1369837744
-0.1744369317
0.5140057258
0.09215933867
0.1686977297
0.1712225294
-0.6170763686
0.2778875731
-0.2776047841
-0.001174326288
-0.137372496
-0.07505327221
0.5724400414
-0.4688570218
0.4148273878
-0.1352702281
-0.09838565625
-0.1389690839
-0.4970455363
0.8318272885
0.04370364323
-0.4920186728
-0.6599624917
0.2351885586
0.000121014053
-0.323415673
-0.2603295953
1.150414339
0.2438112535
-0.3747421443
-0.3971568882
0.1117394406
0.8048728943
0.9107247218
-0.2523168696
0.1770825325
-0.0651503969
-0.07748326752
0.3334268317
-0.1919501996
-0.3733246643
0.1600105096
-0.4182342581
-0.4631375261
0.2977935266
-0.03032587118
-0.02932653502
-0.2381920469
0.3409185387
0.4585398816
-0.3662454993
-0.2091505636
0.2092692804
-0.07089882684
0.59531819
-0.0818097909
-0.1941444833
0.6963119745
0.4028344005
0.05523466831
0.3039430931
-0.2484860417
-0.05059311725
-0.4225598939
-0.02569900239
0.5502323404
0.297603206
-0.2381646046
-0.142612364
-0.2307388474
0.8359717757
0.07822117764
-0.136656995
0.817383758
0.1543494005
0.6491384596
-0.005902427621
0.06061914507
0.421505592
-0.3015760675
0.3132967871
0.1472027912
-0.6951891869
0.09707874749
0.5075263664
0.01561135976
0.7099429026
-0.4907681137
-0.02944494411
0.8333172977
0.3370422956
0.1398867272
-0.3161117237
0.1384250786
-0.07551546916
-0.2016447205
0.608064191
0.2203366553
0.0242546238
0.1658535953
-0.164096428
-0.07900726609
1.094101149
-0.1132803198
0.2539832253
0.3030787602
0.5433348402
-0.4179575004
-0.076574481
0.7380924031
-0.1122473683
0.3960726202
-0.1804715656
0.02666313127
0.0380384678
0.5328803658
0.01978359092
-0.3311325237
0.05007002987
-0.2962633433
0.405021913
0.2059205079
1.128162265
0.3281041786
1.319519782
0.3714732695
0.8729079962
0.7803287581
0.09762999862
0.2850057267
0.4840345427
-0.07890345342
1.245406324
0.3911745483
0.6540029831
0.1649823463
0.1400057854
1.004471654
-0.1545332797
0.8366424873
-0.1262951469
0.1471172656
0.2233786838
0.4476542524
0.617448888
0.6451115489
0.237076886
-0.07888680361
0.5351413265
0.3947512668
0.3663725406
0.1577124479
0.9183724135
0.7719923347
0.1971345879
1.080198276
0.4013802536
-0.04834903739
0.1292434603
0.7884821102
0.1591029078
-0.4430374097
-0.4313854075
-0.2386104323
-0.1285410944
-0.2686000749
-0.1567096952
1.04247129
0.4872938
-0.2898824029
0.3198322384
-0.3110307466
-0.1104433067
0.5004048456
0.3418971702
0.02986973934
0.0884202864
0.6781650215
1.102650976
0.5128766082
0.5296550825
0.1772851298
-0.5334693685
-0.008002678677
0.09922303259
0.5030456364
0.5657427475
-0.03601337727
-0.1889105194
-0.236292324
-0.313329979
0.7820067465
0.2903040241
-0.1555065185
-0.009391760919
0.5342416041
0.06166254412
0.2292531252
-0.1721365498
0.7772254527
0.2452806649
0.02416209131
0.05114527917
0.4989434883
0.4122560803
0.1223923001
0.04907585047
0.4511813924
-0.4837213099
-0.290469446
-0.4797851536
0.4632516049
0.4018980555
-0.1461114954
-0.06703768242
1.192399232
0.04112068117
1.434009644
0.08834770862
-0.06843694989
0.2538261017
0.9930236697
0.6051955163
-0.01894123498
0.3392688923
0.4367877573
-0.1515844695
-0.03706833515
-0.5013456062
0.1373588786
0.2223676329
0.2239043063
0.2245245917
0.04416373274
-0.3869074415
0.7475233227
-0.07275224999
-0.001125952601
-0.03531844206
0.677576308
0.492001456
-0.366519025
-0.1002967671
1.227378303
0.7123130828
0.3954115153
0.6111185573
0.8018421352
0.3177944178
0.9398336768
1.966022027
0.3784857832
0.6924264163
-0.3862368383
-0.266635358
-0.3015822601
0.2647619918
0.2237025425
-0.4353912421
-0.08072451893
-0.2324599655
-0.4899258941
0.2273699887
0.3909474298
0.4776665352
-0.5746429667
-0.2603123073
-0.5119079098
-0.3464000171
-0.3432808656
-0.03093060153
-0.4931371666
-0.4055009767
-0.4395429999
0.5478582457
-0.2251605362
-0.2684817292
0.1735541733
0.2421368435
-0.2226634499
-0.4942776993
-0.06595429592
-0.1619888379
0.04031018373
-0.1270647971
0.1928003075
-0.1078193244
-0.4694077488
-0.07626765259
-0.5483042166
-0.2547427379
-0.4921070546
0.3306924576
0.3985040814
0.5709722847
-0.2786194138
0.3468379075
-0.02034219117
-0.08301089332
-0.1877963085
0.3290296722
-0.2539239727
-0.1060415141
-0.238041928
-0.06898193378
-0.7039677233
-0.5885677382
-0.1552291408
-0.4300889492
-0.3605394848
-0.3691986006
-0.2575706931
0.5515511578
-0.3128297292
0.07773767989
-0.04594054334
-0.57121142
-0.07121070474
0.001014832314
-0.5623105064
0.2780198976
-0.03846008778
0.003430753853
-0.2469313823
-0.2845719621
0.06485328972
0.6618373796
-0.056107416
0.01504085846
-0.1665249793
1.263936737
0.01856683139
-0.1001332276
-0.3774498641
-0.5883396573
0.2479496658
0.2633750087
-0.2960383207
0.0541823199
-0.7424686015
0.1849251807
-0.2864928031
-0.1945595507
-0.4726391554
-0.06815260667
-0.2541662954
-0.3925669916
-0.6273806185
-0.2878207177
0.0725978747
-0.4578445487
0.4482287936
-0.6207790151
-0.01148170177
-0.4508163586
-0.03815236017
-0.6236551821
-0.4927339181
-0.3442542039
0.4067652918
-0.06001115628
-0.4976536527
-0.3055940658
-0.2455415968
-0.4641240597
0.0292914018
-0.2819208853
0.1152666727
0.06140935495
-0.5675121106
0.3420059405
0.1776762526
-0.2180320922
-0.2599166183
0.06397439744
-0.1328832934
-0.008948859666
-0.2584298704
-0.4543897495
-0.1752877664
-0.2140262691
0.2332955088
-0.08304544725
-0.07780367192
0.1586993109
0.2099083177
0.0139286004
-0.1800570602
-0.1535614435
0.4286731258
-0.3134614706
-0.09645983893
-0.489804472
0.5780216863
0.0845981583
0.216234999
0.3895115253
0.5476478517
0.09917076556
0.1467089757
-0.5151743012
0.0675298783
0.299303533
0.3845091501
-0.1580549777
0.6257024921
-0.1891208321
-0.1088995093
-0.1003459573
0.3314677067
0.1166059572
0.07325119535
-0.1282777913
-0.1812006403
-0.3099773893
-0.1580445725
-0.2614345293
-0.1079895527
-0.5095261551
0.8428702235
-0.01129132397
-0.1390892469
-0.2977772109
0.1904502712
-0.4149835495
0.5584059857
-0.3925624542
-0.2405076431
0.1509900987
0.06977734268
0.4045903206
0.758611311
-0.5202976823
0.4381118421
-0.2540349409
0.05647572968
-0.02566677309
0.2195802595
0.3829850122
0.2268272517
-0.7477396235
-0.3285076899
-0.07872786736
0.2374640446
-0.2109165061
0.2494229421
-0.6088463157
-0.3351889248
-0.7276667893
0.04327124888
-0.3051805388
0.0915633522
0.2088905446
-0.303505525
0.03575059501
0.1278391916
-0.5116434768
-0.2339247379
-0.3077228066
0.3016205799
-0.004468348995
-0.1439671069
0.6398473121
0.6028947696
0.1977530878
-0.0139032444
-0.1466454824
-0.1179170208
0.08566275612
-0.01882489175
-0.1536650632
-0.3275908168
-0.6708723217
0.2780173145
0.1327079782
0.05989892855
-0.2459950844
0.1989687126
-0.1483890049
-0.4688729033
-0.1949421622
-0.2865433183
-0.3046544552
-0.5327246711
0.3468989082
-0.4994867526
-0.3079326175
-0.3423833512
-0.009892840497
0.01893761205
0.06929921601
-0.4170991182
-0.3275482215
0.03378671221
-0.4096957561
0.2623767406
-0.6845837831
-0.2209612826
-0.3836786244
0.1116638274
-0.3140154175
0.1296113754
0.4161556654
-0.3609933265
-0.5330103114
-0.007722784579
0.6891081169
0.3146640986
0.151947942
-0.3955020465
0.6616892777
-0.2247716328
-0.01589063592
0.254016092
-0.0748128688
0.6607396811
-0.1178201984
-0.2060764143
-0.04859312661
-0.2094967622
0.03361596074
0.009753940813
-0.4760825351
-0.2569454826
-0.1995850539
0.04952543601
0.01562383007
-0.2579419523
-0.1282231499
-0.5497349039
-0.451614733
-0.3633252032
-0.02090329826
-0.2389622141
-0.307121104
-0.2676273055
-0.5505233869
-0.1458347425
-0.3930632625
-0.6305261791
-0.7289041206
-0.1850084385
-0.614512597
-0.680922398
0.3007843141
0.2055830922
0.2376280871
-0.5294850044
0.7864192039
0.02062832257
0.201986564
-0.3452186711
0.2680864377
0.4071859628
0.1467240237
-0.4840580404
-0.4485225692
0.007494308054
1.122941849
-0.314638675
-0.1413857713
-0.4421000823
-0.207450459
-0.046954461
-0.5149723962
1.340890735
0.7788587354
0.2990768109
0.4863939166
-0.154431569
0.1432361146
-0.6668543145
0.6560213253
-0.3168455527
0.02945856787
0.03281217888
-0.176083388
-0.2117026489
-0.4576649547
-0.3060707644
-0.647946465
-0.3540115997
-0.2224615276
0.2191425025
0.3620024323
0.5779241979
0.3414060328
0.3749604374
0.1813779574
-0.1266419141
-0.2599630287
0.838605842
-0.3310810372
0.07100698994
-0.2817537356
0.8615731731
-0.5331784196
0.2366004582
-0.2812209457
-0.08089991305
-0.1435568087
-0.5858895078
-0.6004488483
0.199093954
-0.6376477122
-0.4005177289
-0.006057555974
-0.1941509001
-0.5094456188
-0.06941353399
0.2437386412
-0.1824328888
-0.4367530458
-0.4418253683
0.009465511795
0.2580844596
0.04752506055
-0.5380118936
-0.1923347408
-0.1399790153
0.2908002611
-0.4530630857
-0.07591907433
-0.153318464
0.1026539452
3.591440618e-05
-0.1324131864
-0.2988666382
0.218842149
-0.04986045882
-0.6770145476
0.7447683632
-0.4152511567
-0.1636149417
-0.6366849676
-0.7099034518
0.1217018418
0.1400064241
-0.3459314615
-0.4973607957
-0.7073011994
0.2157890386
-0.2211140476
-0.3425745901
-0.7134805262
-0.3527998775
-0.7521032646
-0.9002918392
-0.4146056019
-0.4014503658
-0.7095865354
0.2475340566
-0.1078113407
-0.8568359524
0.01149636293
-0.03057429418
0.0795005627
-0.3653684922
-0.7612948716
-0.5575853243
-0.04562057443
0.2614547603
-0.4611288704
-0.5715016052
-0.2101651741
0.04423889052
-0.2261197384
-0.3520478532
0.04109690441
-0.4138421848
-0.2550143007
-0.3635428984
-0.2930684652
0.1198831156
0.3187505191
-0.4052373737
-0.4008848116
0.5038095318
0.1750169331
0.07179525243
-0.1774382615
-0.3903863169
-0.1852572622
-0.9097132862
0.2940106887
-0.270991379
-0.1538067533
-0.3334174857
-0.7727257416
-0.5528399453
0.4338421501
-0.7246122539
-0.4959869966
-0.4454851225
-0.3631543577
-0.3600974064
-0.006087346282
-0.2172598269
-0.06445171572
-0.2294754032
-0.4138698995
-0.02312838547
0.7828958958
-0.3491547249
-0.4314896822
0.1322050994
-0.1599149752
-0.0691904027
-0.6325942829
-0.5327455685
-0.505647102
-0.2230213515
-0.4555983752
-0.458846423
-0.1502794422
-0.147320574
-0.3343605369
-0.6250804946
-0.02116265548
-0.09079058729
-0.3889022194
-0.2779564179
-0.5416694596
-0.123270093
-0.1777509633
0.3857951965
-0.724006471
0.03976222556
0.2827515299
-0.06217334718
0.1901885238
-0.1441521993
-0.1199724579
-0.4602595463
-0.09248850076
0.2099754762
-0.396289622
0.0345879199
-0.5624481842
0.4677824408
0.2571944747
0.05325148981
0.5301322535
-0.05428521968
1.060271144
-0.1911817718
-0.1912085664
-0.2088896793
-0.06426672391
0.1509429771
0.1036331808
0.001284861844
0.0166531885
0.180470198
-0.05368394209
-0.04070031568
-0.101176878
0.06892638355
0.08722688872
-0.2848186992
0.05812762454
1.496780141
0.8552591503
0.4986275645
-0.4400960729
-0.4841433242
0.8560132533
-0.5245237559
0.4999012791
-0.04568957351
-0.2812008984
-0.3687970057
-0.4638050735
-0.4748229355
-0.1007326221
0.04421585314
-0.6690269411
-0.1448879331
0.5536901139
0.2438141202
0.618200586
0.04777187947
-0.07043113923
-0.2381580224
0.4459120607
0.191176755
-0.4962549813
-0.09905677047
0.1837007471
-0.2641262643
0.2213250238
-0.1865447767
-0.1852247197
0.01055822605
0.06113295238
-0.2562808497
0.8839887187
1.03023998
0.1958209107
-0.2041559007
-0.3082882993
-0.64418367
-0.001654556254
0.5603606023
0.6067104571
0.5923387296
0.6872758642
0.4217096817
-0.4209504254
-0.4309548177
-0.2148435369
0.1983955847
-0.364735806
0.1970695723
-0.239924803
-0.2991445538
0.6479286633
-0.06435855106
0.4268728491
0.4484197885
-0.08871676559
-0.5154123046
0.2695512317
-0.07233952116
0.7874250256
-0.4258896299
-0.08187260358
-0.110527396
-0.09242234305
-0.5492609218
-0.5442640767
-0.2940368891
-0.3299848691
-0.3592007667
-0.1649950597
-0.1936246382
-0.187475598
0.6955771551
-0.3271187522
-0.6445953846
0.5742842123
0.01168754213
0.5476417109
-0.6457651928
-0.5011749998
0.3077335896
-0.3592758292
-0.1215540207
-0.1213673813
-0.2362689489
0.09304965017
-0.3205330133
-0.3075730361
-0.2007532682
0.1215743108
0.196522203
-0.2616521616
-0.08948234455
0.08565870021
-0.3017106907
-0.1924170922
0.4710332468
-0.1849533774
0.6831838366
0.6726629483
-0.07921735011
0.1104886534
0.1284828371
0.101703936
-0.314804329
0.08234453462
1.186479315
-0.3106560659
0.2244311981
0.7621627882
-0.1966691997
0.02033432722
0.5760216653
0.3320903104
-0.5423899829
-0.5446932614
0.7555988885
-0.5298124336
0.006283305679
1.421229395
0.06113022454
0.7483779095
0.04643419459
0.2622400049
-0.1394254478
-0.2512286376
0.4227146629
0.5035426557
-0.03872211762
0.05926544126
0.09691252466
0.1440803543
0.06140248682
0.1977068702
0.1260094516
-0.2919348922
-0.3594698451
1.448561215
-0.2807315381
1.316714683
-0.2040989806
-0.1280526336
1.092344071
1.00227154
-0.2977688933
-0.2786281586
0.2665923133
-0.1286288209
-0.1667390425
-0.09505530186
-0.3854891844
0.3575894257
-0.6443333834
-0.05120481215
0.0386663828
-0.3800772637
-0.4001891565
0.03521449622
0.6790274485
-0.2305163566
-0.7427929342
0.1287769437
-0.07921422888
-0.2721832583
-0.07422744036
-0.7107752427
0.2940861009
0.242360837
-0.5040583625
-0.09367358796
-0.5632450879
-0.2079562325
-0.2474414695
-0.2485187037
-0.4057188988
-0.3070550956
-0.1818374591
0.3396222189
0.6383474238
0.7690943345
0.0524375204
-0.1779584084
0.4580450643
0.05715468004
0.08386070523
0.1897646844
0.3760351904
0.0934728777
0.19177434
-0.2077258593
-0.3299063988
0.09767631842
0.774217616
-0.03261939287
0.323329718
-0.1050695769
0.06184426732
-0.1494187277
-0.4580544099
0.3033435658
-0.001479752734
-0.0750143338
0.8023809969
-0.115926981
0.2605125836
0.1516974892
0.4577810436
0.009767390229
-0.4912579432
0.3890242673
-0.3536441293
-0.9017484307
-0.3152696829
-0.133383229
0.7664881561
-0.7045346037
-0.1350830378
-0.07499303147
0.4263837032
1.162568872
-0.6977038279
0.1409805108
0.6163372114
-0.2175398441
0.01601612642
0.3733786099
0.5491847992
-0.2632249806
-0.1566063561
-0.4582925137
0.4323748872
0.594857271
-0.01737973671
-0.09682394527
0.4422001023
-0.3440118849
-0.1144228859
-0.3764114603
-0.529304561
0.08573680352
0.2191491009
-0.7331193149
0.3236011721
-0.07369410596
0.06268294146
0.3297721654
-0.09170163544
-0.253418662
-0.1560589867
-0.3110768117
-0.2282364929
-0.03985191733
-0.776816684
0.005090540275
-0.3739657603
0.7788785398
0.1143343706
-0.4661334813
0.3719281659
-0.114750764
-0.3552893013
-0.5412046105
-0.7358957171
-0.3754803106
-0.5843695015
0.04489495591
-0.3338085473
-0.6422603831
0.1150143511
0.6569878839
-0.08420419171
0.4292601265
0.4202491753
-0.2100701112
0.6883832805
-0.6013165087
-0.001825923007
-0.2834763691
-0.1992360802
0.7995235041
1.102623805
0.9865019284
-0.01132099628
-0.4166515142
0.1244020596
-0.3859203294
-0.3317849681
0.08427023916
-0.132214931
-0.01249764636
0.930286935
-0.3343086746
0.5431538068
0.03279749863
-0.2817023605
-0.4313915551
-0.5638784736
0.127476008
0.1365789378
0.2334822733
-0.0605135968
0.2800799591
-0.07983101513
0.167096041
0.2948065055
-0.3752511702
0.1313053431
0.5758347629
0.3943524126
-0.03304507583
-0.4202311158
-0.2402092237
0.5359971322
0.04741561525
0.006076562265
-0.536116847
0.01903744992
0.3023433462
-0.2733850017
0.8906031579
-0.3319407064
0.01900377115
-0.3550177015
-0.42179556
-0.2087214198
-0.2593983542
0.7745118856
1.012417686
-0.2490182526
0.7294431254
0.5736650184
0.01320680026
-0.3658341184
0.3228775157
-0.2448526852
-0.4072094113
-0.1641370647
-0.1578307279
-0.1598623721
0.4268553317
0.4872601144
-0.1298978189
-0.1299120005
-0.2937778335
-0.6400646135
-0.5336341709
-0.5113985732
-0.09618019704
0.3751933573
-0.5171230003
0.8255965367
-0.05009708786
-0.3683260821
-0.4364352982
0.2152263772
-0.1390687102
-0.1574829925
0.04802689292
0.6182304502
0.4836956017
0.1855096266
-0.2133725881
-0.7231403053
0.9619027913
0.5730906472
0.254968667
-0.4865117118
-0.8108300984
0.1897772207
0.06825491735
0.2775002738
0.1921935912
-0.02646758463
-0.3645683244
-0.207229409
-0.05856799372
-0.9220951974
0.01173007851
-0.2711343732
-0.354607936
0.5953987263
0.4607311651
-0.3546901427
-0.3796750858
-0.03485476272
0.2405390542
0.8126059681
-0.2297539189
-0.5490586333
-0.2338344211
0.6023224548
-0.09687823299
0.3616003666
0.8675647855
0.5427777752
0.2723461705
-0.5493437089
0.4295531907
-0.3913179111
-0.1573741827
0.06605102103
-0.4694499001
-0.0008973971009
-0.04963219799
-0.5742055446
-0.2886392832
-0.06140715936
-0.5011412144
0.2693560798
-0.1120765135
0.6075197756
-0.3672709971
-0.08226196412
0.04708349928
-0.350249717
-0.08547134558
-0.361247766
-0.815918985
-0.5675415263
0.1629492456
-0.4350264825
0.1634967634
-0.09449259229
0.3464122545
-0.2750403345
0.2818210114
-0.2970382302
-0.6153620839
-0.04196150005
0.02890926283
0.01789360405
0.4929740116
-0.4900782198
0.3797886647
-0.1161932438
0.2723927956
0.5035882309
-0.04933230765
1.85165354
-0.3442283494
-0.1941882022
0.2531855144
-0.6600051954
-0.2781917108
-0.3604814711
-0.1513450105
-0.1356077973
-0.2616783669
0.8988402292
0.3041807063
0.7372969963
0.4450685766
0.2939206595
0.3195023503
0.5917071804
-0.2953458741
-0.1418395236
-0.4346441552
-0.2498113401
-0.3266097477
0.6360541373
-0.3835025705
-0.3499665193
0.3552116238
-0.3301081914
-0.1063186666
-0.2716084639
0.07377614202
0.7055126175
-0.2221617978
0.01599144563
0.4106222786
0.4712164521
1.136679521
-0.08224564763
1.079967684
-0.3869224153
-0.306023626
0.5180651806
-0.8507487953
0.3134307444
0.4835693382
-0.0009318619035
-0.4424145386
-0.5249365702
-0.7008048445
-0.2094168298
-0.6848950863
-0.6355136767
-0.6324753672
-0.1207324749
-0.3656694792
-0.2877781779
-0.4759400785
0.2501696814
-0.2905676179
0.05996123506
0.271776874
-0.5656382948
-0.3048726872
-0.2842202388
-0.0969792515
-0.4229855016
-0.4104967266
0.410410589
-0.4621745855
-0.3861862756
-0.4000049613
-0.3274410592
-0.8545739025
-0.02927856245
0.07534968667
-0.2089651767
-0.6862928122
0.3553597491
-0.2639038075
0.1583511321
-0.1513534256
0.4131832093
0.4401733015
-0.6323066294
-0.1892672373
1.100877222
-0.3903142735
-0.4195937961
-0.3289027687
0.05605692957
-0.8619038761
-0.3589473151
-0.03034304818
-0.1164701001
0.01595895672
-0.546413599
-0.2589394085
0.03925685957
-0.01147103487
0.08868315113
0.6765898474
-0.7202755436
-0.238917603
-0.4253306292
-0.6863610968
-0.6896026582
0.1182111273
-0.1001023335
-0.2105761105
-0.3661643203
0.2865324188
-0.3032835308
-0.6562009782
-0.2689590164
0.2262479909
-0.2284918346
-0.7138407767
-0.07370727547
-0.3602068447
-0.2544138254
-0.7160586506
-0.006244782731
-0.4320991203
-0.2623610131
-0.2568198673
0.1738629168
0.5048319519
1.061140114
-0.1111334052
-0.4385933116
0.2115683453
0.1270087181
0.2425024389
0.02897356804
-0.03653727456
0.2469697336
1.489604555
0.3007701342
-0.5639805153
-0.1448116533
-0.549930948
-0.1576150071
0.1391634014
-0.2356274314
-0.2035380824
0.2754277673
-0.497029376
-0.3251273151
-0.32467338
-0.3621021166
0.3271679258
-0.3827191435
-0.2510450386
-0.232032235
-0.4207831964
-0.8158253461
-0.3015473217
-0.1736550912
0.164608749
-0.0531256482
0.00144824665
0.06154577741
-0.8407012373
0.415774391
-0.3242513783
-0.172181043
-0.552716063
-0.5262177035
-0.9630653888
-0.1537774351
0.1069122937
-0.1182656053
0.8679506481
-0.3553894773
-0.09748607324
-0.5325822502
-0.5907275423
0.2509584397
0.1260749164
-0.5370450482
-0.200201424
-0.05480906796
-0.6092034385
-0.546587874
0.05686062723
-0.4609353825
-0.3551469773
0.6126880996
-0.05803016871
-0.3350973237
0.3748255894
0.51508772
0.8150433376
0.02110741592
-0.2337549653
0.01232301006
-0.03722273875
-0.4692701429
-0.4399450809
-0.1281736361
-0.232073158
1.281944016
0.02340241484
0.1885866765
-0.3536899962
0.4101081163
0.4844834734
-0.2083529962
0.01119274804
0.2268630954
-0.1951255064
-0.1205635367
-0.05030027777
-0.146701186
-0.2984924875
0.4325041629
-0.1836844478
-0.1633455016
-0.001168106869
0.6063833215
-0.2100220539
-0.05579144675
0.3382173713
0.7994287848
0.5437495835
-0.2588773888
-0.3608260013
-0.1847715177
-0.2402774412
0.0592571903
0.6127969876
0.09866780145
0.04777298691
0.8586395666
-0.05816201121
0.07157191113
0.1940762239
-0.2190093447
0.03951138062
0.2162924949
0.5654017404
-0.08801895613
0.5810210533
-0.1226335142
-0.3571464173
-0.4988602385
-0.3417779624
0.3333171714
0.09624588862
-0.6052987695
0.2209931415
-0.04171945546
0.703439182
-0.2434815563
-0.02576386034
0.3016538471
-0.1131197043
-0.2417333908
-0.160966489
0.2288215015
0.1425133831
0.4467013836
0.3413294796
0.156544601
0.04551356006
0.01452205405
-0.1811983312
-0.1775054538
0.3626991116
0.1027776198
-0.03865190223
-0.1508033101
0.4522443242
-0.3144303873
0.06662662812
-0.3298156261
-0.2777021689
0.415457358
-0.01734197908
-0.2467719913
-0.1501362198
0.5073859833
0.8100683481
-0.2773551382
0.0877413841
0.6298384413
0.2864136867
-0.3069154458
-0.2354026577
1.99153083
-0.4862682536
0.3865527332
0.6445023149
0.4662930105
1.192843947
0.5983592212
0.9342095703
0.1412899148
0.0764585115
-0.7384234667
0.3972728305
0.4593304855
0.7210894927
-0.236536799
-0.08009132873
0.1856917802
-0.3071487717
0.5231065184
-0.4486646131
0.07849287828
0.1957662447
-0.3705631241
-0.2545423426
-0.1784623727
0.4491603848
-0.05342679396
0.4805630669
-0.3803218618
0.6216146484
-0.05694635389
0.2587300399
0.01112364009
-0.2190536521
-0.6222744539
-0.2294083634
-0.2840311818
-0.02698558187
0.5595015913
-0.2766133755
-0.5458095953
-0.4018201508
0.7810994916
-0.05936889462
0.420891352
0.5935986683
0.6996597469
0.5030790493
0.5285320656
-0.406522204
-0.3139855698
-0.1295083771
0.2668425359
-0.2314730896
-0.4078185365
0.3016782049
0.3290173464
-0.5895919621
0.1471805336
0.2301217373
0.9716587521
-0.271694446
-0.02630589744
-0.2505284624
-0.3480693448
-0.3744716398
0.2354691135
0.3928698791
-0.3702040445
-0.5514578015
-0.2853003455
0.8447087273
0.2458440201
-0.1992171086
0.6480626613
0.5395607926
0.8717458218
0.5806749433
0.8960149169
0.6178800896
0.5166912019
0.2870598132
-0.06638238356
-0.04191119298
-0.3437621601
0.1572342642
-0.03775717895
-0.5645530745
-0.2886159664
-0.2264328025
-0.06153786611
-0.617375052
-0.250165024
-0.3597823545
-0.3296075553
0.0453980579
-0.3343706578
-0.4739857107
-0.253333674
-0.09122466836
0.09115184117
-0.2092333358
0.8574565575
-0.2465198202
-0.186396604
-0.05702034384
-0.2380502636
0.5058941856
0.127851584
-0.2513310241
-0.09775761003
0.6404990599
0.8192304492
0.05856793821
-0.3916382991
-0.6089854285
0.4494763264
-0.1655347934
0.3416469932
0.4416851461
-0.2743951134
-0.270719194
-0.05207841061
0.1992232225
-0.7923946023
-0.4357111339
0.4155633865
-0.5486937217
-0.4452070311
-0.4199193656
0.08229739498
-0.368938002
-0.81396963
-0.434038724
0.3944432214
0.3422664108
0.3284233082
0.1385072917
-0.2543078162
-0.3449636746
-0.6171006709
-0.3121488795
1.015481214
0.161125567
0.04805227704
-0.2241622601
-0.5444557771
-0.1810355274
-0.3579943359
-0.011234059
-0.182994893
-0.1892420031
-0.5488982797
0.06809302177
-0.3747754119
0.8201700151
-0.0755055781
-0.3666644767
0.09782094769
-0.4060232602
-0.5956623018
-0.4867710769
0.08148227157
0.1122751907
-0.05926428735
-0.6241895825
0.1841811148
0.001222627051
-0.2155201964
-0.1179825976
-0.4299340457
0.534230312
-0.3615157055
-0.3930807628
0.4327848516
0.02249901108
0.3318303041
-0.1099414882
-0.2140634459
-0.04556989856
-0.4298864782
0.2154145174
-0.5743691526
-0.4067333132
-0.765505594
-0.1170834914
-0.5142276749
-0.7428013563
0.1550805146
-0.09521613624
0.2080841854
0.1341354046
-0.6490885317
0.2190956421
0.5359283119
0.5182705238
-0.004411658086
0.9260528654
-0.01004409231
0.0147522971
-0.284717273
-0.384755718
-0.339946723
-0.5232978456
0.211975372
0.05338011924
-0.43180153
-0.3014015242
-0.1052058641
0.06566725727
-0.3301869579
0.6504206195
-0.5395925552
-0.2363151297
0.6190926
-0.052732543
-0.5150286496
-0.3972659182
-0.2965448558
-0.06770430114
0.5760882378
0.2779453017
-0.4766281202
-0.1695893861
-0.6618835971
-0.6221289694
0.654124371
-0.3974604163
0.4224048728
-0.03568742853
-0.1567765801
-0.2739181139
0.3055611465
-0.1296472931
-0.2649674427
0.05730566438
-0.4265827239
0.03965775501
-0.5819264159
-0.3037504569
0.1574948996
0.6928268895
0.1871246321
-0.3469189458
0.3057266306
0.2593568996
-0.01554529313
0.09444549326
0.3305988505
0.1118962013
-0.3769588612
-0.5455610812
-0.5572909355
-0.1664864991
-0.5881770149
-0.04094562829
-0.4469213173
-0.00456830184
0.07441727072
-0.06890859101
-0.2328427609
0.541162844
0.09243971407
0.3173297338
-0.2234960278
-0.5995501652
0.03557905238
0.3301039664
-0.3383977959
0.802657222
-0.4122540683
-0.3917126946
-0.6953277707
-0.7563832819
0.188082865
0.5478771284
-0.4098107316
0.02579699017
-0.806727545
0.1886022933
0.1611569332
0.9681604594
-0.3758078288
-0.3272659367
0.2218217053
-0.4022095099
-0.3437267154
0.7101889659
0.7149124496
0.574384835
-0.03691545613
-0.6931614548
-0.453997492
-0.3228560425
-0.1259618353
-0.1081107931
0.9889748022
-0.1264540683
-0.07422648799
-0.165712367
-0.3967675656
-0.4152360186
-0.364652608
-0.2374078967
-0.08858853476
-0.3767518595
-0.7432130381
-0.4971641243
-0.5365147069
-0.9131933093
0.495442818
-0.1693409292
-0.2028257193
-0.2250191104
0.05548197106
-0.06788355988
-0.1381637004
-0.5195428133
-0.1253224194
-0.1352566488
-0.1547563316
1.064538887
-0.2593223106
-0.1575513069
0.2975795643
-0.02818133407
-0.003915719688
-0.3912308559
-0.4885273822
0.0528545917
-0.6508794606
-0.06038574651
-0.2953817151
-0.3767912261
-0.07979210443
-0.2745869563
-0.2408407934
-0.4658283293
-0.4803958535
-0.2642752431
0.7125874214
-0.6495196104
-0.3946635343
0.02801794745
-0.3575079441
-0.2804600537
-0.4639351875
-0.3198788319
0.9013444234
-0.2619857159
-0.2867480993
-0.7120883763
-0.5304222375
-0.5166426644
-0.2912935764
-0.4649132386
0.05295874588
-0.179157065
-0.3201401256
0.528301879
-0.004674370587
-0.5115955219
-0.1265684994
-0.1668040989
0.3503605537
-0.6196333617
0.08877606848
0.3363409676
-0.1324179422
0.5560616545
-0.02088914458
-0.4595713481
-0.004951240122
-0.1735134617
-0.2664776921
-0.0003523993306
-0.4389256924
-0.6369608209
0.09926686957
0.3288396746
0.2573129684
0.1598834615
-0.1745244049
-0.02836143114
-0.09882153906
-0.3418862563
-0.1167410616
0.3244234405
-0.01540583242
1.088549407
-0.1329217411
-0.1705861563
-0.4077792227
-0.3837314211
-0.1902710728
-0.1353201259
0.7499343768
-0.7790323198
0.1146883301
0.2918391129
-0.1930743489
0.4990216725
-0.5951880977
0.921866931
-0.283232335
-0.02685488099
-0.04484104598
-0.2690378085
-0.2866515949
-0.4417847298
0.1266320886
-0.1229631484
-0.1304667208
-0.6090998694
0.1993936367
0.4132770987
-0.6098022401
0.3543778941
-0.7439578563
0.0306872678
0.3805153277
-0.2547955379
-0.7229435235
-0.2981095709
0.04120256193
-0.3630291527
-0.1216473432
0.02552167159
-0.6371496767
-0.7489696175
-0.04939025035
0.2089190066
-0.3065770734
0.3311049318
-0.3732848883
0.6735956229
-0.5849657208
0.04790341109
-0.1607683526
-0.09601751566
-0.2266705498
-0.4088732854
1.102235596
-0.2947486687
-0.5602891341
-0.3551639244
-0.07393276817
0.07307036691
0.05206527319
-0.6058034405
0.06120824739
-0.7179394722
-0.4779757053
-0.6986795068
-0.06794864796
-0.4138503633
0.1009451663
-0.2731480572
-0.3337790735
0.3712973999
-0.8015609473
-0.3927773453
-0.2781696562
-0.531624563
-0.2439187232
0.7120006353
0.2112929961
0.2441416984
0.05682543125
0.01367492084
-0.1343835618
-0.2671625718
-0.2341172357
-0.6434020862
-0.5753267214
0.1458737148
-0.09019060507
-0.153818088
-0.4933862805
-0.09493506318
-0.2669810547
0.3432802074
0.4928683951
-0.07360294089
-0.4048403084
-0.6994250208
-0.657283552
-0.05470828898
-0.5954427063
-0.5267227516
-0.2158148542
-0.4331966773
-0.03621289972
-0.2323944815
-0.4575772375
-0.0497821426
-0.01746148169
-0.3707284316
-0.08347340692
-0.07573055848
-0.2958693743
0.2594802115
0.2421799265
0.0558907114
0.4354747616
0.2680041256
0.6086073257
0.3332349367
-0.3265216742
0.4451666284
-0.297367122
-0.1709595472
0.6542211585
-0.02920796163
0.07010541838
-0.1707192335
0.1090819363
0.005488861166
-0.4807399422
0.5383653
-0.1958558533
-0.03198401164
0.1825553801
-0.136214032
-0.2190526213
0.1854086425
-0.4191351578
-0.1622029133
-0.1886884561
-0.2082393497
0.4840207316
-0.3311996751
0.236414928
-0.181833398
-0.1762527172
-0.009427532367
-0.2770914644
0.3378902329
0.03467669478
0.06043388844
-0.3011388913
0.01794546805
1.341306224
-0.05545871202
0.1386009097
-0.007544030249
-0.3506450042
0.5450601265
0.1522899698
-0.4297109857
-0.4598801792
-0.1101975385
-0.2149221182
0.9280065298
-0.3776258491
-0.08254650738
0.06301789321
0.3480892129
-0.0525882924
-0.06954852659
0.6695446603
0.3016138323
0.005030437
0.6120864697
0.9838407457
0.5197845809
-0.4669973604
-0.4550398618
-0.5072100967
0.03303341568
-0.2450821392
0.2700145585
0.07051713616
0.6088179968
-0.3813769341
0.4448602207
0.3001629833
-0.5381428093
0.3508575452
0.09959304892
0.7487205461
-0.09195662616
-0.7523390234
0.1132036182
-0.04278054312
0.1386925122
1.035670123
0.2402916621
0.2403246114
0.02084684148
0.7642967738
0.04538788078
0.02159761023
0.6832237167
0.1612130294
0.4657699652
0.09612410143
-0.5530569047
1.048971674
0.1689307548
-0.217277474
0.5384678793
0.3143804946
-0.01186727695
1.165948465
0.3784200596
0.3726436727
-0.08303801734
-0.01110806968
-0.2851143867
0.4149986517
-0.2442841979
-0.6657182559
-0.1101965591
-0.3458219618
0.1132429048
-0.3072600096
-0.5090891078
-0.08825045153
-0.2374821164
0.7383882416
0.07939861007
-0.3121218108
-0.2079117723
0.4181719119
-0.7666872084
-0.1920386396
0.04511765484
-0.009836828522
0.2957753964
-0.3423960645
-0.4788230836
0.08486945666
-0.3495628685
0.1626896001
-0.5540212736
-0.05210412312
-0.264551455
-0.2257867526
-0.05871052817
-0.3210988924
-0.1018218039
-0.2380067442
-0.209999153
-0.1913625192
-0.09433697797
-0.6222261518
-0.6515266553
0.3724170545
0.1610467339
-0.1759766564
-0.2579403672
-0.8500533909
0.4215052925
-0.2502018556
-0.5160876453
-0.08894648384
-0.5492613599
0.1278995438
-0.1810984347
-0.2869188614
-0.3441392489
0.09020354245
0.02622491978
-0.324446436
-0.631824775
-0.03402351346
0.3515586529
-0.4479660019
-0.1855519578
-0.4480875865
0.6975984782
0.1805154113
-0.2841195241
0.08427731525
-0.2328886511
0.1375472581
0.936289075
-0.2599852182
-0.5013414249
-0.01007111622
-0.1880219884
0.0412360956
-0.3325219832
-0.1708221419
0.6173907407
0.702556181
-0.04227791829
0.1757454894
0.5455555402
0.235619166
0.2216427218
-0.2726683598
0.2322991333
-0.1170667499
-0.1321929282
-0.258924254
-0.6637126148
0.1690335926
0.1586351423
-0.05819614455
0.6572732039
0.3802851558
-0.3894621238
0.2985396944
0.1550733106
-0.1592069231
0.5509258632
0.7543377683
-0.2644636003
0.355262557
0.09944942053
-0.1327891815
0.2130005769
0.2284428664
1.02538034
0.5049687779
0.3101288093
-0.1271391675
0.8641480237
0.01040095016
-0.03555106465
-0.3805445872
0.3036065206
-0.2527751422
-0.2417782817
-0.1069629759
0.1547834685
-0.1520810928
0.4562631667
0.248375332
-0.4942138538
0.3104498832
0.5246236799
0.09309943207
0.06488087112
0.9355354756
0.9050114453
-0.01780518433
-0.3938231997
0.104327939
-0.3887421891
0.2288473222
-0.3341663349
0.3455911137
-0.41598562
0.01754997019
0.9424901068
-0.3582515728
-0.5500708044
-0.2609951679
0.5305372328
0.06263931617
-0.08668405581
-0.2911602803
0.1570960175
-0.3477639731
0.1306475886
-0.3337518245
0.4519944817
0.02881467864
0.346452174
0.08447433542
-0.1700010829
-0.1793661237
0.4650211968
-0.265314791
0.3353691589
-0.4375302836
0.07161895745
-0.002703411505
-0.03207882512
-0.4168065868
0.1535260011
0.6913376629
-0.3117739707
0.7086490877
-0.020419484
0.2105977044
1.150786586
-0.1406755639
-0.3803523891
0.02203856483
-0.5758067906
0.2719598815
-0.2018430779
-0.5271210656
0.46026095
-0.4720260188
-0.3924609482
-0.3707870275
-0.1193920843
-0.2398135334
0.1718154737
0.5113374999
0.1316737957
-0.1552062668
-0.1205161642
0.1389076844
-0.05071758851
-0.0597651124
-0.1540777693
-0.1498149613
0.1627917477
-0.1999859175
-0.3365604863
-0.2637639899
0.7832886726
-0.5072572976
-0.09427073952
0.8552832454
-0.2066816978
0.01873691157
0.3860814348
0.1370285781
0.03350543948
0.8726722494
-0.0520807974
-0.3037281841
0.1151258583
0.2519877026
0.6271665961
-0.4578812927
-0.3206225157
0.4920295738
0.4233145915
-0.5520036221
-0.01282425262
-0.4107000649
-0.2507103443
-0.347079049
-0.4043230655
-0.4351013392
-0.04297343045
0.1111625409
0.5048979498
0.3095516268
0.1289533854
0.1142519312
-0.1752006538
0.06907854839
0.1367531937
0.5206113979
0.154883679
0.3010332195
0.03884447943
0.2673587039
0.1922961142
0.7836818412
-0.08964109644
0.4589152955
-0.1853867156
-0.2410522919
-0.08557347842
-0.6310409531
0.8412961125
-0.03304831572
-0.06949621928
0.09773030058
-0.3122959524
1.254119113
0.4679674827
0.1585018138
0.8989354134
0.3677698711
0.2583327284
0.8747329205
0.07050483096
0.2155216131
0.6353289455
0.05508302609
-0.04192441665
-0.2011263024
0.07937752483
0.8938806623
0.4377646562
-0.07677727118
0.8583628491
0.3630970579
0.6002187237
0.5789782085
0.4280797284
-0.002855155244
0.2041117685
0.5880955055
-0.241712942
0.1253141293
0.1667055816
1.083543797
-0.1677751457
-0.4658934832
0.1900478402
0.9059748972
0.01560224872
-0.4240979776
0.3148378165
0.4659891345
0.08485053107
0.8305937111
0.6071772218
0.3032866322
0.6403720975
0.09254440144
-0.02860206962
0.54424372
0.2664608393
-0.2590379067
0.03867785502
-0.08574771807
0.05606327951
-0.2954323851
-0.2372353207
-0.2153281288
0.6641003504
0.511609669
0.4113895472
0.4746058159
0.1771486405
0.1056789638
-0.08401389644
0.4111619122
-0.4345868409
-0.3633789428
0.04990632758
-0.2828575607
-0.104017446
0.3965025
1.38990292
0.5184521034
-0.2170273583
-0.50877482
0.6331600711
0.9518354282
-0.4754857779
-0.2143059574
-0.203362143
0.3841428354
1.066828483
-0.5150623754
0.7365170315
1.203072837
0.6758417346
-0.2050048966
0.1675328175
0.590934439
0.9604448423
0.5717823036
0.3365171045
-0.07399978265
-0.3208800502
-0.1780977409
0.8816349179
0.0762553311
0.8523423418
0.7724048436
0.7881959021
0.2330915125
1.184146464
0.2259964302
-0.3295693755
0.8312700734
1.362074852
0.7152662799
0.01270984993
-0.2399573691
-0.2555651855
-0.01317134965
1.099776685
-0.4628277138
0.4980078168
0.1523060171
0.1172029875
-0.403130728
0.04789206162
0.4217520367
0.5433248304
-0.05479971096
0.408092485
1.01643641
0.4493984396
-0.04622475691
-0.4418407962
-0.1540472087
0.0489981195
0.002454071213
0.04345560297
0.2173775047
-0.3090275962
-0.4177541286
-0.5497441038
-0.2695677929
-0.5058045402
-0.2369558517
-0.477470237
0.5756382942
-0.05238094721
0.01966200965
-0.1852250967
0.8668604836
0.06757462732
-0.2226073138
0.0197031498
0.6414390378
-0.3363886744
0.1108730976
0.06269057672
-0.4422848009
0.6057352394
-0.06243032524
-0.0006497900933
-0.1144883282
-0.1045223698
0.06472195983
0.07898800299
0.5928135186
0.2054582622
0.2355384709
0.5498010114
0.01993127828
-0.2897496132
0.8742950499
-0.07314564064
-0.1112110559
1.337951568
-0.134529737
0.4103656828
-0.09677579086
0.8166156068
0.5010323897
0.8334159002
-0.07317245807
0.5904116511
-0.698574926
-0.1978279691
-0.4845612735
0.6671717137
0.3732378265
-0.07579966132
-0.4569031626
0.3951310955
0.01881664544
-0.3279507004
-0.4034460381
0.1245633317
-0.04127552868
0.7740661219
-0.1273737825
0.2189594047
0.6627348019
0.8779116824
0.4976842243
-0.6320935041
0.02208356857
-0.6027119055
-0.000813263841
0.9243543744
-0.05568479556
-0.1198471047
-0.2026985347
-0.5452222571
-0.1349670921
0.03453758247
0.3644618094
-0.3577332482
-0.4841873974
-0.8855506718
-0.2132969446
-0.3705280378
0.8775483102
-0.1223424001
0.7828407809
-0.2107991166
0.04494030038
0.693805103
1.125361408
1.227076465
-0.2854366943
0.4053792231
-0.4186016053
0.7625085741
-0.0460705135
-0.0700631205
-0.1573548026
-0.7149684578
-0.2584837452
-0.1141558941
0.25892929
-0.537771678
-0.2598537602
-0.1173668817
0.8343626708
-0.3246704035
0.5458946221
-0.1158193877
0.05043231361
0.1797668535
-0.241904135
-0.2810514025
-0.5221736517
-0.09396233102
0.1262920227
0.02996458141
-0.2633548651
0.2147904692
-0.4698125631
0.2232862666
-0.4613003477
-0.4597639993
-0.1960231237
0.02802142315
0.147527897
-0.3010808069
-0.2787001736
0.2403209044
0.838601473
-0.1010691471
-0.007660712395
-0.663981989
1.070161596
0.3662140131
-0.0720820222
0.179798346
-0.4021696463
0.3461125091
-0.1908826329
0.1138681924
-0.5465625897
-0.2943844192
-0.7461551115
-0.305204612
-0.09152577333
-0.4953849092
-0.4127420127
-0.6037201628
0.4143236104
0.1340636492
-0.4252909213
-0.1975140244
-0.03905285019
-0.4085386466
0.2322609371
-0.111443072
-0.28428008
-0.06291191932
-0.2348449044
0.1841501456
0.3435868578
-0.58222799
-0.2435099993
-0.536804376
0.6318284422
-0.59581673
0.02781377956
-0.3686684594
0.04904064052
-0.004602685198
0.5025020782
0.01929754131
0.6260675719
0.6302563123
0.1685865946
0.167187524
-0.1135432532
0.3775604285
0.6382554034
0.6877281912
1.299122682
0.5488907956
-0.001557207294
0.8359649867
0.1427969875
0.05949168839
-0.08131760545
-0.06428980138
0.01295086895
0.08121552607
-0.2228911705
0.06983097964
-0.246772068
-0.031938258
-0.4950864047
-0.02481827359
0.3445897859
0.1169494349
1.063182291
-0.1144545605
-0.1823447399
0.3321625229
-0.2290756457
-0.01871187128
-0.5738090664
0.298920357
-0.2903090086
-0.02013632022
-0.1693714994
0.1040296923
0.02989101857
0.07327183299
0.7313713253
-0.06179787666
-0.1745424971
-0.162518486
-0.2149594553
-0.1449104065
0.1707195498
0.7391738012
-0.212301065
0.5245047525
-0.1828423075
-0.2177097002
-0.0439467717
0.4008739799
0.8027126253
-0.02648623753
0.03026377205
-0.01536721997
-0.3755697206
-0.2291530982
-0.2026517823
-0.1525255222
-0.2890523694
-0.1558424329
0.06168941716
-0.2629465625
-0.2235784292
0.3351892211
-0.08913354445
-0.2794629462
0.7384232424
-0.1228570966
0.5377455277
-0.0922378134
0.4904023437
0.3090753894
0.5884235457
-0.1999462411
-0.1981127903
0.6564658433
-0.07255961858
-0.04816022664
-0.4326516896
0.4730014056
-0.07368429
0.07599454746
0.3154117569
0.6119393438
0.1669248905
0.4306832448
0.2807161989
-0.4817820266
1.244702223
0.65437617
1.104110858
0.8246309124
0.4385603152
0.7581898376
-0.05938040521
0.172028828
0.4976866901
-0.04320136458
0.2174621038
0.1744771251
-0.2738937736
-0.06863955441
0.4231102295
0.313293501
0.4520921841
-0.4935166284
-0.5072784632
0.5194513688
-0.2146684015
1.099210501
0.1773017215
0.5599702001
-0.4500937633
0.04056217922
0.9783673078
0.002173229121
0.3744726339
0.09031014461
0.02084923796
-0.1940369062
-0.0870712515
-0.05302574188
0.3112789296
-0.2987165198
-0.239771276
0.877063933
-0.1849022532
-0.1298565542
0.1240475081
-0.03208164256
-0.1933479339
-0.1557675048
-0.2375859296
-0.277225404
-0.3599901289
-0.06089342078
1.023368749
0.2894169565
1.740129128
-0.1496521877
0.4165541833
0.3694958368
-0.6838095874
0.594603028
-0.2072702998
-0.1628782611
-0.3581518888
0.3167835249
0.1140034162
0.7508771122
-0.01069689039
0.05359575488
-0.03434674609
-0.04762127809
-0.1615838256
-0.2978311975
0.1043289693
-0.139221799
-0.2921754807
0.5585840769
-0.1857725449
-0.09345537904
-0.1047447989
-0.1968712226
-0.1916565448
1.125574267
-0.005645832792
0.2639088236
0.3911047772
0.06016005427
0.01128143035
1.054633795
0.3250807859
1.442548349
-0.443442139
1.273818809
0.05577983698
0.4735734023
0.1171109207
1.59016968
0.2457806595
1.136507998
0.01226036306
0.3786477609
0.5341483757
-0.05519272946
-0.1089417242
-0.3351214834
0.2962634658
0.6175539799
-0.2740553007
0.1282549052
-0.1215764902
-0.2559863035
0.5636604533
0.2271579018
0.892814669
0.2921649693
0.9705862612
0.4666904412
-0.06792664081
0.2209563857
-0.1044115609
0.1000607013
1.066195321
0.3456882231
0.6097609505
0.6854133144
-0.4316626579
0.4993377604
0.3006808111
0.02434967421
0.9110806823
-0.08835953264
-0.1892323641
-0.09502688553
0.03261834225
1.29236238
0.2948027024
1.049436709
0.9139196575
-0.1559372801
0.1544570234
-0.1037775107
0.2526015118
0.5224258959
-0.2622450888
0.1284068111
-0.538753815
-0.5412131369
0.4252342343
0.3242048254
-0.2863123193
-0.400594547
-0.2882070407
-0.2525252104
0.3770032987
0.4690402644
0.3271986313
-0.2383321952
0.1601878494
0.2426890738
-0.2623550434
-0.4604980901
0.1625576921
0.1372423701
-0.3604840804
1.064308688
-0.1073283494
-0.1425063718
0.1473823978
-0.09593228586
0.1861410573
-0.01475443356
0.9482114524
0.1205098091
0.3022843394
0.6422014304
0.3972705536
0.1866077861
-0.3171794079
-0.3348119639
-0.4699087635
0.2015572418
-0.1031877793
-0.0428980127
0.204920087
0.1658319445
0.2178226646
-0.009824704751
-0.334969119
0.06200128552
-0.5286092535
-0.4669660315
0.01656271704
0.5939818138
-0.02662765197
-0.6025478438
1.069344237
0.9356615558
-0.4153051212
0.1391932517
-0.2582304791
-0.4090958357
-0.5766212612
0.05190244671
-0.06166862696
-0.183410633
0.4391038477
0.4698316224
0.4352830291
-0.2192724785
-0.2076698098
-0.4914090753
0.1040248597
-0.05723516028
0.07163880626
0.2527150434
-0.3265564092
0.1296884928
-0.2031885933
-0.04838041915
0.08137272988
-0.09304935113
0.3277635379
0.08531780522
0.8835422337
0.05041724723
-0.1319004161
-0.09604484737
0.3475033484
-0.2385139514
0.04119953085
0.8350325912
0.1170601003
-0.238063705
0.04264488947
-1.041590157
-0.1026827477
-0.42044833
1.464991233
-0.3700230822
0.2970612785
0.02181515312
0.005602342123
-0.343428345
-0.1384176562
-0.1780849345
-0.139516506
-0.3584159117
-0.2257931251
-0.2187635286
-0.03849013606
-0.2448346086
-0.05462818872
-0.1431767884
-0.3893040836
-0.3973924562
-0.2507056318
-0.3233005106
0.1489743492
-0.1455983385
0.01661493559
-0.02006410155
-0.5968192011
0.2121296287
-0.08994656736
0.1470975742
-0.6576136813
-0.05830417816
1.014242972
0.02940705577
-0.2177154522
-0.1930651397
-0.1444231469
0.3295098966
0.2015179444
-0.01311663277
0.5883924497
-0.2267161004
0.7712478057
0.1883717399
0.674102626
0.2706954997
0.3767772863
1.036832085
-0.03855008548
0.502811569
1.847305858
0.05816361764
0.611656405
-0.2041742854
0.5493023753
0.08330350127
0.1373603248
0.07630050238
0.03817118276
1.408711579
-0.1772708226
0.123775932
0.04376001786
-0.05347278556
0.8471230626
0.2893264495
0.2400652874
0.7663564965
0.05452923067
0.5839321673
0.05828533666
1.030430649
0.2540000619
-0.1396169188
0.8742023885
0.2898824392
1.195438325
1.1880907
0.0249601135
0.3204082754
0.3067827828
-0.4689566642
-0.2456261694
0.4281593442
-0.2625825442
0.108703881
0.2901193559
0.2701163091
0.8956675023
0.1770946857
0.8778813988
-0.07520458736
-0.03759697238
-0.4039278299
0.1716706874
0.01566505563
-0.06016238369
-0.248811087
0.4646662436
-0.6519823194
-0.01873519244
-0.1874210939
-0.53871115
-0.06990509685
-0.1646591762
0.1453033988
-0.4203933559
0.08247695081
0.4050979927
0.1465618953
0.8952886313
-0.05131354742
-0.07167951548
0.4886388198
0.04354828559
0.1151568326
-0.0128231369
0.7560835108
0.3166220013
0.1206613731
0.3707011173
-0.1038596204
-0.1917982515
-0.02178236451
0.5041966923
-0.0413987346
0.3007149592
0.5541926041
-0.358949025
-0.3909907386
-0.1876373399
-0.4813485451
-0.1479895009
0.3617219493
0.3060174318
0.1222217223
0.1583274615
-0.1341409266
0.2079405651
0.3568039645
-0.08431433663
0.2956243224
-0.07721353546
0.3086283967
-0.710075359
0.3105137615
0.250253954
-0.1197847538
0.6112504944
-0.2344344467
-0.2152384225
-0.3339749523
-0.4865621865
0.4916903034
0.3694738664
0.1426810769
0.2923930118
0.5490603313
-0.3894047417
0.2971171666
-0.5572301731
0.7709493622
0.9807491779
1.331862393
1.148603258
-0.1915438626
0.04103696812
0.3956161343
0.003780000471
-0.4791514397
-0.2861703344
0.1961288394
-0.5793614537
-0.04611533545
0.05681675635
-0.6433649138
-0.4686254442
0.9507903516
-0.1029379357
0.03124857927
0.8683446735
-0.2709888544
0.4457509868
-0.3518159047
-0.4993511125
0.605253318
-0.4847380415
0.1704109984
-0.4552795298
-0.06220843866
-0.106212176
-0.4808994204
-0.7453147307
0.1052978838
1.211826932
0.5770229504
-0.7314708889
0.07687349468
0.5643159412
-0.06261366457
-0.02112481073
-0.1881140452
0.1687431466
0.7131560177
0.1854753325
0.2099746191
-0.3184491284
-0.1285319511
0.08540059533
0.6482356168
0.6666617498
-0.8704052836
-0.02266737558
0.03527608197
-0.1209499417
1.173249024
1.119544917
-0.6037074275
-0.1017295204
0.7890120625
-0.09898731261
0.07758223675
0.5585547403
0.7502258822
-0.4901836812
0.9233724624
-0.1540648201
0.4675100595
-0.0004572430626
-0.2459327694
-0.1687469702
-0.1449221861
0.7576295391
0.5287226435
0.117298371
0.07409353452
0.05387324616
-0.2690170642
0.6680697605
0.7830309272
0.5043462209
0.1714250624
0.6311475471
-0.003987289686
0.005984120443
1.561070228
0.3769339293
-0.05945813973
0.2446621688
0.2534620563
-0.3210035309
-0.4368826658
-0.5612683341
0.2382586932
-0.4423951328
0.7092902124
0.187444124
0.2021750176
-0.2679852903
-0.5362809852
-0.0334152298
0.2690200552
-0.1732857008
0.06666952614
-0.4712327749
-0.2388799701
0.05942798005
0.03095136657
-0.1125089956
-0.3682084009
-0.2128806205
-0.2453730848
-0.5937435269
-0.6547348484
0.2075098752
-0.3692166567
0.2016095144
0.001794188097
-0.3099709012
0.07203400377
0.2889062583
0.5501488224
-0.5122729376
0.01781850588
0.03720090343
-0.3597921908
-0.06623991504
0.679642351
0.1738571059
0.9495479777
-0.2949720569
-0.3722413678
-0.3357508287
0.4443974987
-0.5277909219
-0.5967363164
-0.04329590979
0.2813820651
0.3660446307
0.4520148005
0.1185100041
-0.2909206331
0.1853204733
0.4390755065
0.02907080469
-0.397781235
0.1778877523
-0.2068570115
-0.3047030017
-0.2593484219
-0.3920768112
-0.4684092343
0.317160657
-0.07597768605
-0.4443850473
0.0412253404
-0.5729606703
0.07820051536
0.2946988661
0.309639911
-0.2156170715
-0.3135980442
-0.03917974439
-0.1185348326
-0.3291571379
-0.0859344352
-0.4842594028
-0.3345495373
0.1539690202
0.349505768
-0.4858372405
-0.5362647206
-0.04467087276
0.2758011404
-0.3160530277
0.158186049
0.5865526346
0.1322306592
-0.2027861368
-0.286643862
0.07609644644
-0.6582703486
0.2473520871
-0.03192342408
0.06196793932
-0.4621909395
0.003936455399
-0.198449146
0.7685135111
-0.1859033979
-0.4954370126
-0.3776670888
-0.09394754265
0.3086108988
-0.5215834543
0.3551430754
-0.4362634838
-0.1672195401
0.05923425946
0.2093906669
0.2524824828
-0.01438794443
0.03449773435
0.3237969518
-0.1227810426
0.1543864489
-8.418401703e-05
-0.08435670324
0.1684493031
1.04437854
0.1672549729
-0.5153868183
-0.2026665494
0.4732665712
-0.2036897397
0.1146291478
0.7859772503
0.2458432555
0.01356677543
-0.4292651802
-0.04619284179
-0.1984026447
-0.2296059117
0.1573557755
0.3877897911
-0.3249497402
-0.3370888583
-0.6137604713
-0.05638193507
-0.3874949291
0.6208999567
-0.5395395234
-0.1306903318
-0.3820852522
0.3446414229
0.04431750076
-0.02303603217
1.78899253
-0.175180003
-0.1976170894
-0.1073826235
0.5284749113
0.02674140986
0.03445232967
-0.1114714421
0.6956758343
0.1054215035
0.1937152442
0.1888731152
0.4705289382
0.4866950078
0.05234467722
0.4227320127
-0.02894088365
-0.09596167132
-0.08604125679
0.2959553989
0.03342934549
0.7444108635
-0.4295841962
0.6485657848
0.1660128053
0.263709246
0.002210378088
-0.1886501083
-0.6147964105
0.2765168332
-0.2511650659
-0.3164151099
-0.3890296295
-0.2660622604
0.3970946722
0.2469439831
-0.1809196409
0.8499743402
0.2822297536
0.1105920291
0.406475129
0.365529117
-0.01597427092
-0.04175071865
0.3969030705
-0.1327298235
0.3121492483
0.517968411
-0.1836228739
-0.1981167246
0.6823886558
-0.01839558948
0.4337161288
0.4740442144
0.1093873146
0.1059887902
0.4304469243
0.1761582496
0.8066028148
0.0656879195
0.7258217573
0.4536496744
0.2763950242
-0.5444454551
0.527425427
-0.003159456886
0.01824105373
0.4302716024
0.05964251868
0.2937131386
0.7325088471
0.3421745947
-0.2447100595
0.3792372506
0.2976670571
0.196705978
1.099987456
0.2438503167
0.6394410059
-0.03441432659
0.5883661091
0.5322594345
-0.159525893
0.8045947328
-0.2555575382
0.2813894458
-0.1700794209
0.9636589855
0.1442228964
0.6538345627
0.06334137637
0.5471298687
0.7001578346
-0.7374668285
-0.08397976607
0.01570627093
-0.07202360779
0.07155819945
-0.4058672681
-0.1817166574
0.07735140231
0.1650126081
0.355671028
-0.383420074
-0.3126869395
-0.04012598842
1.009976541
-0.02221868541
0.6625733376
-0.4045834713
0.525848482
0.1144209042
-0.1425305059
0.6052906781
0.481823609
0.05281017851
0.3284567408
0.1234634724
0.683543393
0.3303260505
1.449908575
1.090670526
0.1594249873
-0.03130962295
0.2037121382
0.8749717653
-0.04525040407
0.1899275016
0.8109308094
0.1735116357
0.4880858429
0.03941465225
0.0186120376
0.5122297361
0.07146746144
0.4168662954
-0.05115254782
0.1475803293
0.1584595807
0.2682527229
0.5929892424
0.3678924415
0.8790000081
1.210397041
0.05737916343
0.2300612845
0.6756130226
-0.07974581942
0.4470708698
0.7411534265
0.8190763161
-0.1362661395
0.7524530709
0.6472955406
-0.03005382973
0.9949520126
0.6316854984
0.3219134927
0.133440094
0.04202677086
0.009058087319
0.08482117262
0.9494850814
1.73744483
-0.455716309
0.8293794468
0.6881269172
-0.1500102282
0.4952208981
0.3181323133
-0.06105245855
-0.4106124118
-0.6128438398
0.1519042335
-0.2082495563
-0.2846182838
0.8479251653
0.2739274353
-0.3548340917
0.7878011048
-0.751300554
-0.5541797265
-0.2158958092
-0.04725803547
-0.5002670079
0.4582310632
0.005056535825
-0.1684078969
-0.02703466676
0.002766886353
-0.3359560426
0.588919197
0.05655700862
-0.02323516533
-0.1416972488
0.5354316697
0.4308146209
0.2061679859
-0.006510646641
-0.3406294689
-0.4190213203
-0.3085616276
0.681076926
0.6816583604
0.3539755551
0.6393240429
0.1308793013
0.2320072437
0.006649755314
-0.5712850854
-0.1033798283
0.2005337153
0.2051257389
-0.2336965483
1.011112878
-0.1278516579
0.2603362843
0.08056966811
-0.3415287614
1.109450142
-0.6258066431
0.06373590385
0.1546478559
0.2301835462
0.7762498528
-0.07448041663
-0.0544123698
0.6279666059
0.4388994491
0.7869829386
0.9559753731
-0.1023928463
-0.5878772199
-0.1500964325
0.3387644032
0.2129650459
0.2573374171
0.4026028864
1.364685944
1.022267413
0.1766078087
0.3818099023
0.5938476749
0.9955514401
0.2159573322
0.3968936276
-0.2270725861
0.429534188
-0.5612406656
1.299151087
-0.4937955007
0.1496018648
0.1911617366
0.5300120436
-0.655509384
-0.305195545
-0.1523413677
-0.1038051723
0.2761126928
0.9535660505
-0.2080078982
0.2239324093
0.1254275434
0.4837685434
0.2132907642
0.9656262666
-0.268553862
0.03256817553
0.06478578225
-0.3341769092
0.1019332979
0.00307854712
1.286362296
-0.05968578756
0.2427871624
0.2449725613
1.529227123
-0.3943715513
-0.1062504124
-0.6469440147
-0.3611308098
-0.09316435475
0.1108228507
0.7835463688
0.1180626895
-0.3359071553
0.2837252855
0.1958344096
-0.07819161899
-0.3312382385
0.16746604
0.8605054557
0.4614885777
0.1371999143
1.573575962
0.4961377196
-0.08144603223
-0.6004292086
-0.1828260802
1.0945462
-0.2195766088
0.5855032057
0.528564515
-0.04841977134
0.8427927285
-0.1066279599
0.3403792553
-0.1275035122
0.2519658785
1.155093029
0.5848108947
0.7550911441
0.1859695928
-0.4153819565
0.3489227511
1.270333061
-0.2133381117
0.5338507161
0.4143046923
0.1359637363
-0.1462003123
-0.02932443656
0.1176017817
0.04915448837
-0.02166008111
0.244629918
0.02690606695
0.7518301114
0.7153847657
0.08914115783
0.176933448
0.3519013973
0.4368374661
-0.6643039212
-0.4759056628
0.8551908121
0.04742482738
0.3316789057
0.1829684332
-0.343820958
-0.2135145232
-0.5042006917
0.3231166055
0.07902504345
0.3840024486
-0.148227296
1.086212224
0.6176153168
0.8601799309
-0.6371619388
-0.1243538868
1.206510589
0.9257640034
1.782832888
-0.1654360067
0.6446318582
-0.4951010332
1.505665767
0.7579620153
-0.2132800037
0.2453280514
-0.2760577742
-0.2536113642
-0.4986345589
-0.4757644713
-0.3523057476
0.1843396354
0.1669384756
0.1702875633
0.4897413135
0.3116488051
-0.2050659601
0.3380441323
0.2139831277
1.481127775
0.8233892083
0.1395291038
0.4686782233
0.1489517723
0.3058187913
-0.03380969763
0.1539013594
0.4326014206
0.1833544219
-0.01303007528
0.2988923578
0.7449502081
-0.3750190984
0.7736969531
0.9959460348
-0.1901187254
0.8788880974
0.5399272025
0.5255430833
0.1433945967
-0.190084021
-0.1713625392
-0.5549527466
0.1947282787
-0.1814306086
0.1914694253
-0.06922998652
0.4502891168
0.166943685
-0.4360635251
0.3099636875
0.2500328589
0.6609741345
-0.05210441891
-0.3882281456
0.1494797729
0.8834481567
0.514998734
0.7396305576
0.1551175208
-0.2171032587
0.3952815719
1.1573854
-0.1010059796
-0.5108308747
-0.2370990045
-0.3940912902
0.06407054239
0.3764000807
0.09953697105
-0.1384257257
0.1296655478
1.350787258
0.08916898668
0.207233862
0.2550351365
0.1520184465
-0.08063065633
0.5765678942
-0.4261956021
0.2292960871
0.4217918389
0.362117495
-0.2388390452
-0.1441520282
-0.05585698262
0.3960411038
0.3129507804
-0.4987874418
-0.3857998818
0.6000319727
0.1896111225
-0.626677075
-0.5257523715
-0.1612650948
0.1391928205
-0.3866587542
0.2246630214
-0.3694097139
-0.09177074898
-0.04783801697
-0.3401180848
0.0377869159
0.11594349
0.5810372651
-0.2468690878
-0.5829059139
0.04093467779
-0.4649696304
0.2995364051
0.5974365473
0.9505867496
0.2703164764
-0.08296902739
-0.5929207981
1.141643777
-0.2815965109
0.002591615589
0.7768647082
0.05754638929
0.1841277406
0.6181978822
-0.06544224042
0.780328393
1.124029824
-0.2944491655
-0.1240225788
-0.2232846927
-0.1573035764
0.6259541303
0.7601534352
0.1150398418
1.060737517
0.5587281704
0.6206593305
-0.2387867458
-0.3006749295
0.9159070715
0.2238788829
0.007618871331
0.5496288255
1.510408625
1.704171324
-0.3726131596
0.2794003395
-0.1710858103
-0.5167825818
-0.06677002739
-0.4456261128
-0.3481540993
-0.7443988785
0.8009969234
1.276416561
0.7910730928
0.08316315617
0.3032639602
-0.4373081326
-0.5075428829
0.07778264992
-0.08583703209
1.023967774
-0.07955394685
0.3281011648
-0.2529689509
-0.2020066369
-0.2428364035
-0.5460549042
-0.5811959147
-0.06622813484
0.02723570364
0.3433918208
-0.2521375889
-0.4624909818
-0.2724779628
-0.01694819462
-0.1884589203
0.2650835146
-0.01140033137
-0.1249615259
0.3137740595
-0.0731237445
0.09766301811
-0.2817471221
-0.09771356378
0.581982366
0.3988075957
-0.4709198952
0.3566073578
-0.1203356132
0.2184559374
0.3378918923
-0.1193138878
-0.2585460709
0.3896689765
-0.3315063227
-0.104624803
0.08679905105
0.03998323176
0.7401441425
-0.0299908746
0.00176983336
-0.4486572884
0.2646687768
-0.1123010414
-0.4597083829
0.11520892
-0.1287693949
0.1130326955
0.4116784332
0.6885895044
-0.2425116302
0.8567408755
-0.3445050597
0.4532038182
-0.2791255062
-0.09417340718
0.328808089
-0.1745130695
0.5724773474
0.1110378802
0.1530231433
-0.477364096
-0.1758942839
-0.3388278559
-0.4087193839
-0.4622235373
0.402297809
0.3799243122
0.6144932717
0.4298976064
-0.7170400798
-0.04950310746
0.7965553477
-0.6244915232
-0.5185735866
-0.3053760074
0.1744189913
-0.2524792135
0.500411699
-0.3252682768
1.020149335
-0.03197186459
-0.5898584723
-0.08411931265
0.2257012484
0.2908658117
0.2523509361
0.6892039083
-0.6936159313
-0.4253826022
-0.5421561658
-0.3583699152
-0.3844728649
0.1452382712
-0.3249159351
-0.4986253172
0.2103416996
0.9112072229
-0.219032827
-0.2067768462
0.7292463973
-0.3525236443
0.008213700447
-0.4138100769
0.5519256324
0.01518851742
-0.5496790677
-0.1377464231
1.333499771
-0.4242795631
0.02953903619
0.5092822589
0.1668714158
0.07713574497
0.6075495116
0.487346027
-0.06230519786
1.499705726
0.3743721131
-0.08445948791
-0.2136556327
0.5179358572
0.1955386061
0.1572693864
0.2099836085
0.4482855849
0.6378495663
0.2906240353
0.5321118221
-0.1274798576
-0.1261060141
0.2732217934
0.8795191839
0.1998878814
0.7531027123
-0.2774652356
0.4022734329
0.4913814412
0.2187031291
0.134271916
0.9123620242
0.1024447514
0.5942334346
-0.1145048525
0.8595133454
1.009447059
-0.4049161099
-0.6530782655
0.4431991905
1.364444914
0.3540239429
0.02004236486
0.5563837487
0.04785125293
1.048764554
-0.06496249028
0.0295639554
-0.1904290963
-0.004246036895
1.004831171
0.5633466244
0.6195403054
0.1344862556
-0.2454223674
0.4034940846
0.272696321
0.1440337277
0.1280284001
0.6862594396
-0.2197387245
0.2060668629
0.9952225924
-0.02104850244
0.9475203142
-0.5024426639
-0.2683356985
0.1588865954
1.598443252
-0.09093191586
-0.186739607
0.1574722448
0.02985404413
1.157403404
-0.2620969713
-0.1055010235
0.8112647302
1.33770186
0.3941423513
-0.1610280767
0.4342705153
-0.1602699749
0.1048424386
0.8509179056
0.3198622479
-0.1975426003
0.6570298329
-0.736274983
-0.2552111527
0.4027595378
0.9266762018
-0.0632354252
1.169045758
0.4934116922
1.337235123
0.3738299813
0.4583526447
0.1047093899
-0.5136576623
-0.1733497279
0.1607779136
1.14291459
0.1412694426
0.3323092852
0.7884849325
0.8234685987
-0.08706177734
0.2562477075
1.60845249
0.07766464055
-0.07152703758
0.7283850551
0.5099239781
0.3852114405
1.604381892
0.3390999526
0.2579079919
0.7275660604
0.008184555173
-0.1848847106
0.05937523488
0.2174801379
0.4038993709
0.2364344526
-0.2405925289
0.6138419867
0.5538110152
1.113875872
-0.1061555706
-0.3359007433
0.6795402497
0.914568314
1.020789537
0.503912124
1.436669523
-0.09450904019
0.8336575031
-0.2081060756
0.5639471903
0.1757500025
0.6492012411
-0.2787707983
-0.5096176729
0.4699489124
0.03493533581
0.2042457692
0.1019469623
0.544284144
0.3148072198
0.4098305255
0.3444061317
1.198939094
0.5980444878
0.5421688825
0.902930811
1.179207325
0.01322966553
0.4546632305
0.717287612
0.7115661092
0.3280352529
1.013925608
-0.122479664
0.3857404742
0.1686391583
1.408767334
0.3555703824
-0.1315915339
0.008069084771
-0.1394999942
0.6362965032
0.5674008757
1.302439445
-0.09121168256
0.8340218097
0.3326508153
0.8437476374
0.6428647682
0.9833894357
1.050567505
0.5489545606
0.7785620555
-0.2027596448
0.6705824375
0.07061083205
0.6249892771
0.9571355194
0.432036344
0.5749237582
0.7988706872
0.9040975168
0.1764439471
1.032256427
0.8884313732
0.7529583409
0.2148264991
0.7828257978
0.3542569874
0.4428069606
0.02319202223
1.143885881
0.876632303
0.1271010127
-0.2372795522
-0.08984267619
-0.1185300604
-0.2613428418
-0.1628338725
-0.4377508253
0.7236780465
-0.2803051863
0.5662099374
-0.4820310459
-0.5470787674
-0.4157916322
-0.1986432843
0.4340700813
0.07351884209
-0.1130307268
-0.2624411851
0.0218756957
-0.2054163324
-0.8126656294
0.1122171583
-0.2302716862
0.3333244719
-0.244177895
0.5798920449
0.8131330371
1.147180975
-0.1982691243
-0.2915032491
-0.4232725233
0.1755949323
0.2286247998
-0.04318994749
0.001137547567
-0.1904548012
0.3684019009
0.3571800128
0.8845165709
0.5421301149
-0.1959994242
-0.09582133377
0.1557157259
0.6700162612
0.5812841192
-0.1273646191
0.7336591825
0.1775405027
-0.01122953035
-0.1865815837
-0.1807742707
0.1729645912
-0.3669368122
-0.05586855486
0.1740550403
0.4119518021
-0.3729284726
-0.1507989343
-0.2795101048
0.7998236099
-0.3893019274
0.1140478319
-0.3203175157
0.109173006
0.6530958593
0.3994080223
0.05537650143
-0.3604198098
-0.4217717275
-0.04971531779
-0.07227835804
-0.3094633035
-0.05501661021
0.506353429
0.483567648
-0.1363216374
-0.3236510806
-0.2974208381
0.4397602694
0.3374210075
-0.4812945828
-0.5362551033
-0.2528324947
0.3536435887
-0.2682776429
0.5629763201
0.2049369661
-0.4160391226
-0.08728084415
-0.1377135292
-0.2755361637
-0.2763695583
-0.06896379953
-0.1601411618
0.1306862231
-0.04077672232
0.6109326787
-0.9382882595
-0.2561859541
0.532622689
-0.2174119981
-0.2495835684
0.1098017383
-0.2558862038
-0.2271600484
0.8968257785
-0.2883792758
-0.1776442349
0.2137741491
-0.2197214294
0.0288477052
0.07167426497
-0.53940624
-0.4038830161
-0.4307071395
-0.2551884241
1.019285999
0.3190692078
0.288397041
-0.6205980554
-0.2535793327
-0.06370521858
-0.1962274132
0.2974331144
0.5497597262
0.4368142337
-0.09929351062
0.3196124725
-0.3322097503
0.2008990591
0.1154833602
0.9980709381
0.03348152228
-0.1501592645
0.3592064386
-0.1920825424
0.09074028395
0.5003549762
0.04499740014
0.4344245642
-0.1469055563
0.02987908144
-0.1267253831
-0.3257160597
-0.006640901044
-0.7190993711
-0.2039689034
0.4411355129
-0.1318926811
0.4512170568
0.3334992595
-0.4429910451
0.5696567446
-0.190871248
0.131642975
0.01931838021
0.03373754742
0.9327702969
-0.3320476338
-0.427744443
0.3858991176
-0.4146835521
-0.3351472422
0.2811941954
-0.2362425536
0.2728977213
-0.2101443872
0.7244656218
-0.3174015261
0.276042044
0.3283446483
0.4337738097
-0.332505447
-0.01569042346
-0.3465386987
0.154913542
0.3749083206
-0.4633395165
-0.2965171319
-0.1966360983
-0.02170129856
-0.0636621505
-0.534978047
-0.2362775952
-0.1689037923
-0.2230799165
-0.3937622145
0.1136725562
-0.1534987509
-0.4278088912
0.3757404322
-0.03406255282
0.5390663393
0.6608054623
-0.5621393651
0.4979638875
-0.1380372602
0.7678769231
-0.05648548827
-0.4232066959
-0.003375517763
-0.03369215745
-0.1044685565
0.3656659767
-0.5271396115
-0.1858375199
0.6271180019
-0.2555140875
0.313765404
-0.216660931
-0.3692919515
-0.3188629985
-0.6452149704
0.4746745132
-0.02707251385
0.3887240633
-0.2013043821
0.2653510657
-0.1935124997
-0.008893310837
-0.239660174
-0.02075446546
-0.3391719058
-0.3866399065
-0.3517050862
0.4610738203
0.3863098048
-0.1844073255
-0.5439805686
-0.1110532476
0.7138227895
0.1599617142
-0.0007063027471
-0.4329961136
0.3477243803
-0.2973336868
-0.3198928948
0.4340822667
0.6990399554
-0.04600483067
-0.713657856
-0.3324562415
-0.2364252746
1.14284344
-0.3872103423
-0.01738290745
-0.2106297849
-0.107510975
-0.2519234966
0.1755471494
-0.4585041732
-0.1674872678
0.09227156122
-0.1362668492
-0.7965965688
-0.2681756653
-0.4177067816
0.6372876331
-0.6119626135
-0.6078895122
0.3903019257
-0.4643802375
0.03742936328
-0.2475084011
0.1451533241
-0.2714088909
-0.4596735552
0.4782598585
-0.252117591
0.724939777
-0.1918979958
0.2488869343
-0.06308634365
-0.3710512763
0.007800477557
-0.4191105012
0.7072345291
0.1594701011
0.3341331406
-0.1473850003
-0.7244842812
0.2784319252
0.2774583453
0.1764711153
-0.1699103301
-0.2714627102
-0.5406569883
-0.2864102766
1.250662422
-0.7341202334
-0.2461706953
-0.1188483065
-0.3594518542
0.5823507361
-0.1506906983
0.01485023163
-0.2430596024
-0.4653484732
0.5209219366
0.5306060268
0.1270229891
0.8716413856
0.8571197122
-0.222710878
-0.03949812241
-0.6407188147
0.01420359984
-0.01219090577
-0.1073346708
0.07962593697
0.281496381
-0.2320063252
-0.08696438633
-0.2260641336
-0.1994006898
-0.2794960365
0.2458292351
0.3435988188
0.7170145378
-0.2795038372
0.2254573507
1.837291896
0.04631691743
0.05253239814
-0.2117803689
-0.1468561264
-0.1035183555
0.008973253891
0.9376177967
-0.2225821003
-0.3534438524
-0.275736621
-0.02527987771
0.1467987537
0.7329290887
0.5787761696
-0.1020030823
0.3155712502
-0.5619143307
-0.7128861547
-0.4118048057
0.2567538977
-0.8771259457
-0.6138592243
0.1362646546
-0.3607108265
-0.5557053864
0.2864000313
0.5281126929
-0.3758063652
-0.3332007483
-0.06424023993
-0.1136762811
0.01779999342
-0.2034253679
-0.2002965515
-0.08388041556
-0.1327740697
0.27445255
0.0131728448
0.07409313703
-0.2464255065
1.560638264
0.3182130113
0.7564772658
0.7203437969
-0.06140720462
0.715847414
-0.119628817
-0.3138881005
0.007507295534
0.9111843705
0.3709465683
-0.5510265723
-0.6991431415
-0.1582673052
-0.481397894
-0.6344531983
0.9000737028
0.1302311491
0.5014448354
-0.0411574332
0.05134390183
-0.6867680818
0.2494735003
-0.006134824827
-0.4065848902
0.05551774092
0.04193239342
-0.3123786915
-0.07690504063
0.1173470925
-0.1523726376
-0.3082599543
-0.01040631887
-0.5325639784
0.80468494
0.1893302853
-0.3608205304
-0.07011183426
0.08900214056
-0.3875775039
-0.2852641828
0.08404240962
0.07118376922
-0.4419955075
-0.2437558701
-0.2354385164
0.05843194462
0.06400648952
-0.1049080255
0.1147151534
-0.3897445235
0.2127129883
-0.4096605197
-0.03018014673
-0.23121069
-0.2799883708
0.30326204
-0.7339602172
-0.7124141663
0.2817528414
0.3583730884
0.1835402772
0.1349761195
0.1005679657
0.1080879781
-0.2520461041
0.1021979492
0.4030036414
0.08192914855
-0.5342411146
-0.0419655934
-0.06447932199
0.01571818069
0.7548303127
0.2827275455
0.5257059097
-0.6352697626
-0.2494880572
0.1104946511
0.6131134704
0.4064332828
-0.4255393937
-0.06503529307
-0.1297051115
0.4352923147
-0.62082441
0.3660884446
0.1141118605
0.1259142545
-0.2010452896
0.7564464018
-0.2534862578
-0.331283123
0.2746477507
-0.06385443248
-0.1519015709
0.029090703
-0.4426110476
0.216441818
-0.5428554028
0.1152614612
0.7088103779
0.06232806812
-0.5630678356
-0.4383907005
0.4330280419
0.002306079026
0.9832087114
-0.5178972393
-0.3236316934
0.975731802
0.2232803453
0.3294515498
-0.0802381048
-0.4013583861
0.483488876
-0.2358275764
0.1414883349
-0.3334776767
0.5823040023
0.487302766
-0.2268393084
0.5481465615
-0.07278040759
0.2346196128
-0.3139534503
0.7044010796
-0.3986668512
0.7941941634
0.1629617111
0.2290381815
0.1688892605
0.467625948
0.6505834699
0.334473959
-0.1069210446
0.184040169
0.3987934282
-0.3457062371
-0.06268923637
0.27180977
-0.5584476739
0.08760264646
-0.03787099402
-0.05239408854
-0.4549233928
0.7435937732
-0.2216141619
0.5164737992
-0.1672284825
-0.1649788711
0.8621512443
-0.1712485062
0.1270804994
0.2120967823
0.09622018505
0.02858702214
0.7275178507
-0.2801397473
0.5871008463
0.2496123349
0.1331373425
-0.1276773084
-0.08165493263
0.6809777796
-0.2900863517
0.2692831025
-0.02362085506
0.1590293845
1.557510424
0.4952327754
0.01122031808
0.01025510598
-0.4768832281
0.8477495201
-0.3263618469
1.288955367
-0.4127664447
-0.5348705232
-0.1600405127
0.2949397959
0.8449863434
-0.4245173946
-0.03605413791
0.8035814553
-0.3192977801
0.9493489563
0.1684168007
-0.3162471682
-0.2102104418
-0.4253504589
-0.1046355506
1.131435753
0.6252659198
0.2350030623
-0.3770840913
-0.04700859301
0.3669765741
-0.4604374945
0.3539103622
0.0217445706
-0.2436368424
0.5607541844
-0.1209225837
-0.1176051393
0.5659456424
0.1435474193
0.4600281447
1.406952041
0.7398101613
0.6442151099
-0.4178226322
0.9011979938
0.2488850798
0.2921915497
-0.08957254235
1.210201165
-0.5047980219
0.3017104693
0.3707133254
0.1580296997
0.4566530103
-0.1029333616
0.1516029567
-0.3196740672
-0.1202016638
-0.3475220576
-0.0860012345
0.07925599348
0.2957719691
0.2174620292
0.1104885776
0.1079124572
-0.0283155011
-0.2184228048
-0.7684556916
-0.3977858692
0.09412439633
-0.5559107766
0.2266856503
-0.4540118933
0.04498253167
-0.1335158266
-0.5179402605
0.05418546572
-0.05016792333
0.4027254529
-0.09554338884
-0.125344349
-0.3439366743
-0.4464488611
0.7588840351
0.4364752278
-0.2977945205
0.4793714054
-0.4116736911
0.4482982231
0.2743098559
-0.01736023054
-0.2246210929
-0.1964429244
1.298195106
0.2649188451
0.8701265827
0.4762815878
-0.3716329969
-0.2782281499
0.09264727253
0.5290592998
0.06152520701
0.5553652972
0.3497996032
0.9508743018
0.5445347749
0.8449655369
-0.03075344972
0.7275093138
-0.1317278974
-0.07536310926
0.1415026912
0.2096821053
-0.1048395403
0.3901131045
-0.01495729298
-0.4351221755
0.3116028652
0.02988738418
0.7497235358
0.0384674916
1.209701306
-0.09869974791
0.5536231101
0.6745044321
0.4353343062
0.7153010219
0.5040844619
0.2545577249
-0.06249747798
-0.3915874094
-0.5076097161
-0.002426182292
-0.3480201676
0.08024607562
-0.2481619336
0.0618755111
-0.4377420694
-0.09696681332
0.1628338171
-0.2300157333
-0.1017557763
-0.03842808921
0.2533222811
-0.2475602744
-0.05491526444
1.128445539
0.2233984038
0.4526714638
-0.02206282075
0.4692777334
-0.1676595543
0.1391524045
-0.5382323936
-0.1745667934
-0.4735260502
0.2927965431
0.7949813873
0.7245652564
0.5202003375
1.20201572
0.6986864939
0.6604964577
-0.00911482498
0.5679600582
-0.4089964092
0.6336740643
-0.1776351528
-0.264296221
0.06135901511
0.06452454627
1.300395629
0.2939994067
0.4855782483
1.411839947
0.3104621995
-0.09378462918
-0.3741743132
0.02057008995
-0.3307313219
0.6161539048
0.4067614557
0.1168237606
0.3004856389
0.3807312511
-0.5523824513
1.25263077
1.076716778
0.7663168266
0.2264896341
0.4074081713
0.2276442748
0.4827121258
1.101922995
-0.1235835707
0.3377678148
-0.4986452416
-0.573795785
0.2009977654
-0.2066010565
-0.2039823396
0.1407105561
0.9634764146
-0.09676223435
1.231638306
0.07290573046
0.2234385004
0.3274504125
0.5539589591
1.278657484
0.6375096843
0.7729147121
1.334674105
-0.275466729
0.5060061634
-0.2723524228
-0.4138984859
-0.2725977346
-0.3098228388
-0.3270910863
-0.1988122467
-0.1695809644
0.3467674777
0.4467981361
0.3877514201
-0.1667400118
-0.1011382028
-0.3637414008
-0.1645266924
-0.01737136301
-0.1330187749
-0.3023146242
-0.6091436565
0.4726045479
-0.3275032967
0.562253844
-0.2410772793
-0.03875653911
0.2114151897
0.1727704359
0.1256739009
0.08506703451
-0.163675734
0.5626843393
0.5363616085
-0.03575075548
1.613902673
0.2159811501
0.3542585813
-0.2383884095
-0.2372863166
0.6009251222
0.5234168753
0.4374948114
0.05666212747
0.1413364168
0.009183928557
-0.1811787579
1.004263546
-0.05762319341
0.1023847234
-0.10999038
0.02466068026
0.301302474
0.2332931284
0.5588979177
0.8745710403
-0.3995908543
0.03980980068
0.1517801312
-0.04413824724
-0.008348981291
0.8456795856
-0.1301693121
1.051872164
0.9721161127
0.08410453245
0.7878787979
0.3364062726
0.4148440741
0.6420673952
0.3832897149
0.2197440932
0.1492940422
0.01940006055
1.080755839
-0.3265514988
-0.3737021314
0.3330821682
-0.09632765986
0.1023059363
0.7608734772
0.3574236747
0.5275956415
1.118896875
1.019421673
0.2998711966
0.7658856809
0.7832408562
0.09507873645
0.03836744735
-0.2411795918
1.276991335
-0.03820462953
0.2214309605
0.4416295201
-0.2679313956
0.5920742542
0.5726416714
-0.1593495997
0.08926395867
-0.3575015042
-0.06306739282
0.2487561751
-0.1958529511
-0.2409994509
0.2589151295
0.2479449161
0.7840436317
-0.2306936346
0.3726530768
0.3858828221
0.8387617543
0.804664737
-0.1316994443
0.7647729561
0.4981644355
0.3362105595
1.046685784
0.01234831326
-0.3300248921
1.049485874
1.024968861
-0.1139086224
0.2653017497
-0.04269987978
-0.09633724578
-0.4709228233
0.2133327354
0.8525862992
-0.02849766575
-0.03524398841
0.8766318083
-0.1126721263
1.074144772
0.4929073881
0.1134350648
-0.2189501079
0.002422840893
-0.02973800078
0.2729545165
0.154426646
1.020894763
0.847141844
-0.1091293462
-0.3242670609
-0.1377864933
0.4258279976
1.194385758
-0.08467918094
0.05501484573
0.1555251895
0.8963915616
0.7622551113
0.3669335732
0.09669511467
0.3886144936
0.3471693086
-0.136840076
-0.3582721148
-0.4256397419
-0.6054708511
-0.3860938579
-0.2962100871
-0.3434627235
0.6772633031
0.8826885879
0.5514755689
0.505269091
-0.2092175623
0.9532428958
0.8290069878
-0.1292476786
0.0255261153
0.950498274
0.8515004158
0.4036942326
0.2738162976
-0.1396685006
0.6080642112
0.7384108782
-0.6134253219
0.2942088808
-0.4362829477
-0.2306272864
1.10680736
-0.4804770276
0.1155961573
0.2034961294
0.1659150469
0.2838480659
0.1275761984
1.025807166
1.173503429
0.4170140162
1.457636252
-0.1449583041
0.8580681056
1.240054703
0.2937636904
1.310393189
0.9122698009
0.06556764469
1.261283007
-0.5701967873
0.7484085545
1.524273789
0.3596613947
0.7170757607
0.1750906237
1.19187443
0.06247536838
1.27521497
0.4945412017
1.837286854
-0.09704484269
1.169388336
-0.4078546226
0.1891031666
0.3097752404
0.6125600278
0.4655412816
0.02388291908
0.9879320174
0.9461934775
0.5609918071
0.9681182444
0.5189112365
0.9734069973
0.6986552536
0.144404574
0.1507493794
0.7069476567
0.08575788271
-0.1775456738
-0.4201976776
-0.04311853684
0.7106104821
0.08090124018
0.483917813
0.2584148187
-0.506047985
0.9243042141
0.5974109799
0.04302029908
0.1970930897
0.6508672394
0.1616655443
0.1421205809
-0.01391387563
-0.296285294
0.738941724
0.04075615574
0.2023142565
-0.3425557781
-0.4137327909
-0.009725736454
-0.1237725548
-0.4752692819
-0.4516848072
-0.1023480292
-0.5048324637
-0.1787716636
0.1677722218
-0.2668065935
0.4553853905
0.2210415897
0.392917221
-0.1200689834
0.2360144744
0.05706767142
0.9283919692
0.007767352089
0.77210944
-0.1492596472
-0.1711070921
-0.3422835976
0.06346508623
0.7190826818
0.1444622534
0.2348952129
0.1176957788
-0.2623173349
0.79018704
0.1242733261
0.1354338301
0.6045576558
-0.2463860616
-0.5474400997
-0.5274266787
-0.117906969
0.6466692932
0.756316033
-0.1671440445
0.8073673487
0.6642139062
0.4506170277
-0.1345828116
0.1683218135
-0.2767058644
0.06581716668
-0.2863315355
-0.08278840855
1.011838004
-0.01751886941
0.00982496962
-0.6154055819
0.9423861921
0.1381730834
-0.2703394584
0.4827905163
-0.2796019103
0.02022341602
0.1197205814
-0.226919587
0.1965281047
0.1863775894
0.05545178521
-0.006952768937
-0.2281183112
0.07872236804
-0.3926591851
0.9560984045
-0.2172959156
-0.3705507986
0.2120028043
-0.1475901002
-0.7404254362
0.4375904262
-0.3365539655
0.06123386137
-0.5920849547
0.3966989197
-0.1633631289
0.9138873994
-0.125001609
-0.4321090259
0.03786212914
-0.1830785584
0.1024465113
0.068764727
-0.2798997577
-0.7556982234
0.6241610274
1.103714171
-0.3697360501
0.1990436763
-0.05725282189
-0.0669634847
-0.4808063149
0.1519576032
-0.0255588457
0.4039779831
0.8763679609
-0.2412937887
1.43965774
0.0510878847
0.55519972
0.8005645819
0.04908240959
0.5438368939
0.675526382
-0.08414568026
0.9128637109
-0.002743170969
-0.5984667346
1.601612444
-0.2234154988
0.2123333942
0.5017034084
-0.2855458731
-0.07976142578
0.4137946859
-0.03910554629
0.544233717
0.3296266612
-0.0564192567
0.8194641039
-0.2150164658
1.011670896
0.07825264335
-0.08954367246
-0.368272759
0.4795611002
0.6974961415
0.09552397635
-0.06432209145
0.3556159412
-0.2984128663
0.2475428447
0.3535482135
0.05173004195
0.2595571537
1.372552145
0.09365915135
0.1708817903
-0.272479368
-0.0603486592
-0.2671501637
0.1578388274
0.3409727
0.3620102819
1.024523887
0.2401214461
0.4511627023
0.256674492
0.361220888
0.2533051487
0.7606827602
0.417243807
0.2963764779
0.8441997528
0.03442512862
0.4213045739
0.409126018
0.5571683176
-0.04297220819
0.05759253949
0.3756822547
0.1771706805
0.1847463155
0.3636739081
0.4035967717
0.5155425502
0.04230485987
-0.06876274552
0.1196780995
0.2168493755
0.05442733262
0.4188111201
-0.2027575193
0.2079777777
0.04692507223
0.1963415667
0.08550707852
-0.3262938127
0.02138601001
0.1566880098
0.7576479048
0.2882146604
0.6459234327
1.34010511
0.9648299888
0.2381340949
0.2272840442
0.6799782172
0.6823594607
1.260180113
-0.142952724
1.079156917
0.4569419622
0.2090800714
0.2391481997
-0.2420951903
-0.1543118903
0.2489834618
0.1760050323
0.357533711
0.690703129
0.4546139307
-0.1659869509
1.072371089
0.09563991446
0.4159539044
-0.28248289
1.234435079
1.168717596
1.555763391
-0.1106056336
0.737954545
0.2225225298
-0.147820371
1.092201173
0.852077499
-0.4460311074
1.110566041
0.3432567215
1.009336624
0.2545929078
0.6200883798
0.8614664808
0.26906101
0.147654306
0.3569890574
0.1638694752
-0.1892844373
0.3709180832
0.3630001217
0.2204911906
1.102461916
0.7310302988
0.7876816034
0.3355051555
1.52172724
-0.1365270702
-0.1152876193
0.02679981212
0.4445400327
1.228207129
0.3718842462
0.3566292766
-0.2586561125
0.3440342087
0.2682889868
0.2193096998
0.5071829099
0.2367886199
-0.04180207923
-0.004750931635
0.3256098306
0.9675967708
1.091997644
0.6810665488
0.1522292826
-0.3626189098
0.9026309282
-0.385932228
-0.1135855462
-0.4492595255
-0.1500074904
0.2734548721
0.04989815243
1.052911046
0.4528982021
1.068938431
0.553568045
0.05268039033
0.1540822547
0.2956772035
0.1481559255
1.126171905
0.3705652593
1.308521861
1.591936308
-0.0003091618419
1.060111716
-0.02286618538
0.9610722587
0.2508798216
1.396322432
0.4884012938
-0.01688895244
1.892824012
0.823341985
1.165477429
1.338599151
-0.02475901823
0.02081210585
0.937985009
0.6263097763
-0.2401898406
0.2256276553
-0.2849456087
1.144883871
0.7145423636
1.155031175
0.9789053649
-0.05725007616
0.2433355292
0.7383250698
0.3965079408
0.02780114748
0.5452090591
0.2736569118
0.2664022295
0.5127803827
0.5761278182
0.5530430868
0.9148575813
0.005288381316
0.08465270903
0.2172409298
0.495413629
0.8799397558
