0.03228817452
-0.1530074938
0.3458243221
-0.3104740951
0.03512295112
-0.5772408739
-0.1845013727
-0.4498315789
-0.4727443326
-0.8454451859
-0.5167705778
-0.1976721324
0.7281928033
-0.190640991
-0.190715583
-0.228155569
0.2212836597
0.8048953742
1.24154577
0.6833281159
0.1263204744
-0.1850297309
0.296456145
0.4042111689
0.654266821
0.4281313181
0.1305608174
0.4348107899
-0.6813070551
-0.89512797
-0.2607693326
-0.03487490639
-0.04151310604
0.1129262818
-1.165429178
-0.09956828989
-0.5138869327
-0.207712322
0.2405725235
-0.1574059313
-0.5739141084
0.01898137955
-0.7525568381
-0.4523884051
-0.6427609205
0.2904279897
0.688430877
-0.3186844217
0.1856924601
-0.08834354188
-0.07983329631
0.08061877582
0.4628659144
0.06162566468
-0.4737013564
-0.7530924976
0.6298466869
-0.4949694231
-0.03925235998
-0.3443022646
0.5015258841
0.2088184968
0.9529824346
-0.5382020727
0.2045479791
1.444792673
0.04322849279
0.179630151
-0.4139833448
0.817912472
-0.2306336468
-0.2631735444
0.6276597276
0.2611883476
0.2854682087
-0.1791786389
0.2038313417
-0.2630865939
1.048617199
0.9997610398
-0.400596188
-0.118807523
0.3945333064
0.2859675327
0.1181778517
-0.01590253189
-0.1120704645
0.3844309658
0.1204602126
0.5111558524
-0.2208127573
0.4514050636
0.1490441912
0.9194152102
0.6289553434
-0.6419316828
1.101502156
-0.2126214918
-0.3646830725
0.5926067054
0.6342559114
0.009524625912
-0.3933931515
-0.5878243968
0.15060158
-0.06536295358
0.03377610091
0.2184051879
0.4703737594
-0.107191561
-0.1534109617
-0.03306681337
0.8148643926
0.2627368136
-0.1683788175
0.1882444535
-0.4676171027
0.1877068195
-0.6208673328
0.04433474736
-0.8708431929
-0.6604167879
-0.4364610344
-0.4590972353
-0.3311171874
0.4368590998
-0.2878759628
-0.01417669244
0.2614790726
-0.6008032978
0.2892084602
-0.6335298166
-0.1119767366
-0.4461064763
0.2248509905
0.4900120512
-0.04726927886
-0.458713264
0.2933192708
-0.7128104478
0.1270375403
0.1948932264
-0.3554240996
0.2746628027
-0.2104426049
0.2302794389
-0.4108604178
0.2005046566
-0.09277080502
-0.1127924195
-0.4712226965
0.1486788323
-0.2929293683
-0.5343658492
-0.1649064727
-0.7518637225
-0.5607289016
0.4835261129
0.2416169003
-0.1285107961
-0.9097913057
-0.2047387147
0.05984013267
-0.574683252
-0.762795724
0.04119460396
0.2083688218
-0.4093545228
0.5358362183
-0.7771786466
-0.5593516544
-0.6673420176
-0.4339202568
-0.3351529902
0.2916377686
-0.2515406033
0.7568817914
-0.3405059323
-0.198317394
-0.2550998602
-0.4156869508
-0.08502611406
-0.306122697
-0.01902119257
0.5323808841
-0.2397856819
-0.6528176785
1.036248721
-0.2271928521
-0.1856861887
-0.09016251061
-0.4949652642
1.066723308
0.3574980877
-0.5786509395
0.04299010765
-0.4808572873
-0.0408219222
-0.5510678589
-0.1822518557
-0.6076473355
-0.4681342453
-0.7458350271
-0.156809851
-0.3936137773
-0.4868452087
-0.01293164324
0.0005600661971
-0.6911635712
-0.1384867718
-0.4721199334
-0.08719423879
-0.3002793014
-0.63853793
-0.49075194
-0.1995047173
0.2884642496
-0.4791855678
-0.1892808842
-0.1206538588
0.508183663
0.2918392792
-0.1840792732
0.4936495923
-0.4514183789
-0.5083750874
-0.8779196829
1.147184631
-0.4462104373
-0.1758389417
0.4000782885
-0.4519578062
0.2377105586
0.04893459938
0.9060139626
0.7332403347
-0.04986946406
0.4236894511
-0.1280896058
-0.09546462167
0.3949848776
0.09529621843
-0.3756532401
-0.2611641079
-0.6110286489
0.3234649984
0.3164386345
-0.262938771
0.6910935685
0.04407612872
0.2442927063
-0.2290977772
-0.8229377866
-0.418502659
0.237849443
0.2780816562
0.9116280735
0.432101135
-0.1605002912
0.01568009267
0.411798708
0.7682604402
0.8707427084
0.5262120061
0.1923688734
-0.04852857627
-0.5474259213
-0.5664274663
-0.1600505447
0.03724012412
0.3459615327
-0.4427078962
0.5684250504
0.2525596965
-0.5901729599
-0.09847383052
-0.1970319116
-0.006695149839
0.9259882629
-0.2525517559
-0.3137613704
-0.0451529786
0.614627682
0.2608093992
0.5049725644
0.1373801115
0.690634891
-0.5608847037
-0.103676792
0.2098440714
-0.650298886
0.2656889629
-0.5697704613
-0.2567695692
-0.234198337
0.8517801866
-0.4030958835
-0.2187917601
0.4956920713
-0.3265985608
0.9980341434
0.1994427655
-0.1458449196
-0.2124066912
0.09583607037
-0.5788819134
-0.3435425006
-0.1549297381
0.1104291648
0.6782077227
0.168192181
0.1955861734
0.4758350521
-0.4602895964
-0.4281974718
-0.4692190617
-0.3476245482
0.7496743616
0.01304696877
-0.2268765498
0.05501743499
0.5287423704
-0.2234083951
-0.4012469823
0.07735385913
-0.0815171551
0.181554544
-0.4700545955
-0.2235601738
-0.0416459227
-0.8771771789
-0.5345748723
0.2603363009
-0.3285070572
-0.07692979574
-0.3694205061
-0.1087386694
0.8893025309
-0.005744855665
0.6854647458
0.6221706383
-0.315776273
0.05840236619
-0.2454577753
-0.1367198234
0.7349143744
0.189810463
0.06515344791
0.08321735235
1.245304424
0.4419159461
-0.1480434244
-0.6388574377
-0.5202709034
-0.5688466512
0.4866253208
-0.7777982622
0.2972277405
-0.01663523614
-0.2765839547
1.539454359
0.2130112214
-0.4276245549
-0.1173137475
0.5113967743
-0.711361061
0.7320155546
-0.189236442
-0.185836843
0.3346983835
0.08275503814
0.7754359663
-0.6892326117
0.5516055152
0.02025035527
0.02611796185
0.1617200316
-0.5663037069
-0.3202917822
-0.5374093823
0.2595040308
-0.554692024
0.2693360458
0.3570735931
-0.5008750521
-0.06028406918
0.0456121292
-0.517293483
-0.4240267437
-0.1029055409
-0.4753756277
-0.7934676379
-0.6126203179
-0.01871537715
-0.3053102484
-0.6197410181
-0.1231333401
0.02688401295
0.2619382523
-0.7549158543
-0.2021188688
-0.09573694994
-0.12762751
-0.587883766
-0.2462857286
0.454382658
0.2403444279
0.1806709778
-0.0862578691
-0.199692085
-0.118441017
-0.3663984511
-0.1035998508
0.2202629208
0.4467864979
0.9476012677
-0.4677515619
0.4970446236
0.1084295079
0.660455499
0.511454726
-0.09984140508
0.2403393231
0.07968847845
0.4362791082
0.4328712769
-0.503826667
0.2462033205
0.09526471086
0.3397946456
0.7201132178
-0.1051022785
0.06106975041
-0.2850918412
-0.01908413116
0.2067168257
-0.2474275326
-0.8435446858
0.4130785758
0.8037275061
-0.1828274887
-0.1688789621
-0.1753280832
1.012816072
0.1635020786
-0.08074896857
-0.09269174472
0.03646886554
-0.4393015642
-0.151930674
0.3472725593
-0.0720544463
0.5925729498
0.7859473854
-0.3988981377
0.403390828
0.5120135188
0.3114896256
0.9345241606
0.1566870395
0.4949703373
1.185182248
1.484363905
0.1572185876
0.2128661239
0.7402172379
0.3005250961
-0.08407560186
-0.1497250851
0.8272407398
0.1855711589
0.9277248323
0.6680107385
1.675702825
-0.005098317517
-0.04571976233
0.1494578233
-0.3522908695
0.8483243942
-0.4130958766
-0.1844039274
0.1687260875
-0.1853552733
-0.5633579642
-0.08727374692
0.6815793324
-0.1784396037
-0.1946235266
-0.6599257156
-0.4148294702
1.357641664
0.06615648214
0.1871876118
0.3386470136
-0.03263161313
-0.06195854917
0.3744290154
-0.5239365697
-0.05650619408
0.01641942523
0.1155985519
-0.545960905
-0.2034076672
0.241676884
1.010151482
-0.1065601978
-0.1873742275
0.4785992861
-0.0260578379
0.4495689501
0.08561406955
0.6307758331
-0.1355922613
0.884747909
0.5490896426
-0.4157279171
0.5396539725
0.04306321982
-0.3985744031
-0.1133154419
-0.4149018869
-0.08476203196
-0.0611527307
0.4560823776
0.4093717616
-0.4778071418
-0.0280376805
0.4817961507
0.5347579479
0.2671105531
0.04700746872
-0.5693537936
-0.03222428262
-0.2073064409
0.4526492119
0.3174625117
0.8695093066
0.04216092722
-0.05818066001
0.6636385381
0.4986206412
0.1558820209
0.04675960373
0.1693099051
-0.02612772528
0.1278633812
-0.2729265122
-0.2133574784
0.6818794928
0.9944642752
0.4542132393
0.2367333491
0.1116870483
0.8118400708
0.5276089706
-0.4395166714
1.063454033
1.073408361
-0.7619544685
0.701579465
0.4460130505
-0.3696189899
0.4560204081
0.4417901058
-0.2225549264
-0.2145036146
1.007180962
0.6697268724
1.288502692
0.815812248
0.5554281346
0.8798808217
1.433834305
0.829872524
0.6477776423
0.5720869243
0.7157489464
0.2873918824
0.6710760945
1.327255362
-0.434779397
-0.2350850888
0.8509498686
-0.02240548953
0.2332638673
0.261355076
-0.3356812246
0.1310637847
0.3734622024
0.1461844591
0.2030179325
-0.553335062
0.9943261057
0.1634548977
0.1989716249
-0.05444203503
1.071871129
0.3626143051
-0.2949766569
0.2017670445
-0.1662314098
-0.4966855831
0.6775639325
-0.5516066304
0.02245850731
0.5472824007
-0.1337307006
0.606253688
-0.1607069941
1.076766104
0.2749026152
0.536759666
0.4732234335
1.28527258
1.041966498
1.008238778
0.1053710829
0.6549301162
0.4189730566
-0.07494649254
0.123957438
0.4542093083
0.81271213
0.777555269
0.5337020103
1.378515023
0.5883377753
-0.08196221571
-0.1040884472
1.148682308
0.02229787121
0.515723896
0.02757348828
0.195876515
0.5652157284
0.1227203496
0.2398487864
-0.3112718495
-0.2337046403
-0.1849577058
-0.3687292345
0.511343541
0.6920685053
0.6924526319
-0.0886937201
0.3554820232
1.144047731
0.3598144604
0.8432144037
0.09457814982
0.612657544
0.1010315394
1.293100649
0.398089895
0.8147972435
0.5762462839
-0.04952197485
0.0421964515
-0.03452958688
0.125677396
0.4350878716
0.1294035055
0.3249666674
0.09936005976
0.2460991627
-0.2350226909
-0.7898459375
-0.7308037855
-0.04189098943
0.1353683434
0.4129073236
-0.2952125974
0.2259133182
0.05902820155
-0.3828421537
-0.3880698819
-0.2236116034
-0.1768996224
-0.2165412962
-0.01263134107
-0.364114926
0.3423125207
-0.4545633242
0.1739101293
0.0743331573
0.2462838821
-0.1218342759
-0.2809571732
0.2282349714
1.348757374
0.1468801096
0.3939266652
-0.3762072641
0.04453442451
0.9727136999
0.2476351853
-0.4697258718
0.5718637928
-0.5597558979
-0.06930322107
0.5831359252
0.2627050925
-0.06427365076
0.01784753762
0.3478673819
0.3040159236
0.5935362607
0.725286524
0.6654470861
0.4033202547
0.6282513872
0.7758987352
0.7630332857
0.2447366618
1.009982359
0.894153722
0.493381232
0.2565903645
1.010472907
0.5201290235
-0.2155437684
0.5542256702
1.329458088
0.8088564053
0.07143496089
-0.4761584938
0.01993892454
0.4111413475
1.134184062
0.714450901
1.311336149
0.2598228959
-0.009763974883
-0.5517069831
-0.03851303142
0.1790141437
1.101705417
0.04385819435
-0.0513706632
0.6612724386
0.4521359287
0.2332761709
0.6504189417
0.6104848068
0.5223818734
-0.1021880904
0.5163721904
0.8750925668
0.9956572324
0.5960534036
0.3655851152
-0.6017165143
1.154399565
0.4605167307
-0.183352625
0.5152141944
-0.1098736094
0.6920115262
-0.1705015875
1.065439343
0.3899953071
0.8202581704
1.002253124
0.4980358575
0.2314820564
-0.2940658672
-0.1890915217
-0.4281831227
0.3435440745
0.884774071
-0.04279662482
1.146164629
0.03611275963
0.6371683039
0.1404726356
0.3768641388
0.3934281819
-0.1226709938
-0.08973338399
0.7135190554
0.4983858747
0.1780444114
0.135768849
0.1914784044
0.08469221545
0.04007533044
0.3575646508
0.1786655452
0.3839029446
0.1720809928
-0.6465219289
0.3973219041
0.08390887789
0.5954352446
0.6149178669
0.7122071168
0.8751383111
0.3044995656
0.2226439629
0.826928851
0.3084879125
-0.7016680963
-0.1335807717
-0.09355922863
-0.4793140579
-0.09007183388
0.2506233443
1.271515007
-0.1981548943
-0.7348015338
0.02667178186
0.2021270033
0.3944901403
-0.5329608247
0.08292896003
-0.6871795297
0.1832523985
0.4549576923
-0.2106707923
0.05954320394
0.5356553942
0.6935381323
0.8466760129
0.3849421773
0.02408773415
0.2598359907
0.49313621
-0.1618874703
0.01762075834
-0.6784111843
0.5915711239
0.3483332999
-0.08207888007
1.121887997
-0.228151066
-0.284977404
-0.5689029396
-0.08112641107
-0.1445962794
0.2052803174
0.2103771066
-0.08579151481
0.2384776834
0.1471433847
-0.2875455111
0.003883720841
0.412952254
-0.563147641
-0.2223849662
0.2652093923
-0.04403551761
0.3492599167
-0.4349552125
-0.2617015723
0.907857281
-0.03166165762
-0.3313502291
-0.1021629512
1.395890442
-0.5318418322
0.7459827974
0.9445286304
0.06151212803
1.372530679
0.005935681611
0.4557851743
-0.3556201711
-0.2018423449
-0.2834024517
-0.2692618979
-0.07258741185
0.582675606
1.250338134
1.272552243
0.7521386348
0.3208096582
1.056139386
0.9713418946
0.7926328197
-0.2418065883
-0.009326153994
0.776533331
0.1921398612
-0.7034189925
0.8466401994
0.283510318
0.4319062687
-0.2417058641
-0.5353381008
-0.4883359939
0.1626242645
0.183886184
0.06083322652
0.04433656223
0.4477851931
0.2793672509
0.379481988
0.376418918
0.1452871403
0.5374192601
0.4423196212
0.9670098491
0.08447828759
0.6390140556
0.2469406784
0.9707136512
-0.6364218801
-0.5062246263
-0.09309492894
-0.4025635798
-0.1490716133
-0.1370955765
-0.5048507243
-0.03903174745
-0.1502163852
0.5742257893
-0.5368905872
-0.1327666337
0.5157143295
0.0626054056
0.4932397008
0.8431249194
0.3930158094
0.06190887801
-0.3903304189
-0.3782793954
-0.4171570551
-0.2049495801
-0.009174870513
-0.009026814252
-0.002547530644
-0.03648261204
0.3064515623
1.550979644
0.4598045504
0.5900312684
0.6837965153
0.4297570175
0.09102840093
0.4705480494
0.4260327447
0.2657512689
0.9209042758
-0.1762395058
-0.2303235928
-0.1748668177
0.1639580186
0.2450541265
0.186159461
-0.4619222999
-0.1721491224
0.3358905947
0.1765666652
-0.6538498193
-0.06824951805
0.313613867
0.08133015241
0.4294488508
-0.08715337501
-0.1301630037
-0.1775480522
-0.2095400508
0.1216094572
-0.6402372837
0.1118037274
0.2015821168
0.4558328398
0.1206812717
0.7681382
0.5350559056
-0.3430011069
0.08923620842
-0.6800061092
0.2945922449
0.0126725886
-0.6564431474
0.4532344706
0.2436310709
-0.8045152307
-0.09110132046
-0.4830529697
-0.1587413697
0.880379422
-0.2051571118
-0.2040916467
0.2270764017
0.008997686207
-0.1390168216
-0.2112737434
0.4619304247
0.9209574655
-0.1865175731
0.1003625464
-0.5272965111
0.1617816361
-0.3858489446
-0.7842272639
0.220985022
0.2065757047
-0.03014904782
-0.4480357543
-0.3525113609
0.3996874854
0.6050774321
0.06780164856
-0.6970470548
-0.2837627795
-0.570276805
-0.662038495
-0.2684910189
-0.7014227837
-0.3568000905
-0.1381651191
0.75288333
-0.2680442337
0.365831067
0.02422331395
-0.1140697375
1.236702102
-0.5531206444
0.2461739266
-0.1625950966
0.697651583
0.3920570679
-0.05627506208
-0.1143655343
0.8560097575
0.3377023984
0.5850912116
0.2341129377
0.7773030341
0.4937740333
0.03685491234
0.0424450241
0.1369101223
0.4381039865
0.5697775796
0.388088185
0.7813936234
0.1858495414
0.3443333838
0.5937459171
0.9848564863
0.551713897
0.07176053384
-0.1231200512
0.3460955031
0.0320626202
0.7288857646
1.77336061
0.6373140741
0.00139815975
0.1705878688
-0.01993633434
0.09579140954
0.3314689316
1.194430077
0.1421089357
0.6041234881
-0.09994873181
0.5090452109
1.279754448
0.9479784518
0.853225328
0.07491416493
0.05151866525
0.6046221461
-0.6660076786
0.3783786632
0.0005297327414
0.7873258367
0.4330493234
0.3517541876
-0.1138314933
0.7754285201
1.63969641
0.3975851513
0.02307753637
1.500928655
0.2092616479
-0.1200314805
-0.1277728716
0.5479183342
0.8945382863
0.820171251
-0.234515514
1.051004313
-0.07482425543
0.5832134731
-0.5309105366
0.08579469323
0.04679076336
-0.4352587195
0.5314178519
0.01205090154
0.406266856
-0.4417414932
-0.7305303693
0.187819954
-0.002616354078
0.02303928919
-0.1167907236
-0.09380528331
0.557795815
0.1466792676
0.403312321
1.494914258
0.07459928133
0.1833598733
0.5497763194
0.1454465661
0.797970356
0.2312667673
-0.3306711573
0.4839972949
1.358651564
-0.3730095416
-0.3637748513
-0.1435380533
0.1268001596
0.4858064339
0.7098385543
-0.04423979428
-0.01785814557
-0.0817153126
0.2865147341
0.4555609435
-0.2089210646
1.665854996
0.6747798473
0.3280023381
0.2904671971
0.0344380138
0.8403053671
0.4255103987
0.2833814025
0.08687112071
-0.0155308513
-0.0432978496
0.2143262301
0.09240477234
0.8073378593
0.0381744355
0.3817611538
0.8104801327
-0.195727534
-0.0003827646375
1.546980287
0.665222089
0.6931452319
0.9416593403
1.014663911
0.8994836003
1.156356592
0.1116941664
0.8737326823
0.1458469027
-0.3300197594
-0.1723014597
0.3794331717
1.348129724
1.065776743
0.5705838211
-0.5475126728
-0.6378196642
0.09166447371
0.3019303907
1.063420027
0.04632791537
0.787138804
0.1598966945
0.7428601727
-0.6924455427
0.01134163812
-0.2061931055
0.422538133
0.03164829537
0.615626923
0.4149866409
-0.1856125483
-0.1767700121
0.2354697637
0.7425298721
1.299370152
0.3686315057
0.3687886257
-0.1806499608
0.6481137916
0.7765136868
0.4553689996
-0.0465271052
-0.4148213819
-0.3171317177
0.3923988953
-0.1352292536
1.516636604
0.4765016913
0.1244544899
1.823837736
0.4090265337
1.405056727
0.812072067
0.2353708051
0.4276836827
-0.5220658801
0.1950571112
0.3601208983
0.3797796929
0.1192442891
0.831653589
-0.04512781911
0.3373647388
0.7207930714
-0.04247683622
0.3948654331
-0.08700819546
0.01782354005
-0.2619961981
-0.5549213603
0.3346422896
0.2727338765
0.5870947629
0.1919293363
-0.180481736
0.48852541
1.673931605
1.788698345
0.1393152599
0.2579383753
1.179259911
0.6199072707
0.9578913033
0.3600748271
-0.1147249429
0.3889334179
-0.5112677187
0.7611584134
1.652687305
0.4662493451
0.3945799889
-0.08845492415
-0.04958605086
-0.5578369111
-0.4882240683
-0.154608891
0.003144375235
0.1094011782
0.6449451011
-0.757641986
-0.3253767995
0.09987412486
-0.2327136882
0.0701144563
0.05184725896
0.4832750782
-0.05459027942
0.1301037557
-0.02150550783
0.2635063816
-0.298362074
-0.392042717
0.3441878607
-0.6366842195
0.1294727249
-0.4547960205
-0.6412301183
-0.3403717957
0.05504899416
-0.4939321712
0.2507941121
0.1924035374
-0.06343486607
0.2474116139
0.02219045572
0.8286352187
0.01588370427
-0.8914981097
0.0585927777
0.02540247627
0.6415812433
0.5741708212
-0.3412010022
0.6155443005
-0.5833221093
0.1858992815
0.1065535952
0.3944770634
0.7154228974
-0.465560881
0.2610915441
0.2909383691
-0.5508054007
-0.3677235328
-0.5546367794
0.8745219152
0.2905870827
-0.1700254858
-0.4122125298
0.3479025435
-0.4422310755
-0.2289766034
-0.08993615862
-0.5276835963
0.1167516008
0.1637042867
-0.1804568231
-0.4835204847
0.2483382843
0.1766693871
-0.158152223
-0.4060182154
0.4790413316
-0.1356642626
0.484846469
0.4108307034
0.6896248586
0.401307709
-0.4569479883
0.42260766
0.6851998292
0.6809910767
-0.671319966
-0.7601737998
-0.4801449701
-0.4314946771
-0.08269221559
0.1622331083
0.3902245937
0.8101432875
-0.5589161254
-0.6173068821
-0.3138989564
-0.6205561109
-0.1294060573
-0.2995753163
-0.3846549619
-0.03302700538
-0.07162182182
-0.4948075168
-0.1886482542
-0.176458209
-0.04763422408
0.1564976258
0.142005386
0.003754974529
-0.08073498625
-0.2277507739
0.1960264035
-0.7793493629
-0.2962075587
0.2289860286
0.6995500982
0.5924761549
0.4903667368
-0.2113300323
-0.5209723756
-0.1364073172
-0.6402047291
-0.2326649588
0.02482637335
0.7461670635
0.5180065744
-0.03529598294
0.03600888345
0.001850909181
-0.5406576879
-0.1280268943
-0.2004246293
0.3261117958
-0.3983726494
-0.05944308098
-0.4336475197
0.03248676844
0.3642709989
-0.775363937
0.506973508
0.377600535
-0.1361774249
-0.3924308077
0.3464530095
1.030995095
-0.1385790961
-0.1475456873
0.7828624785
0.06970574381
0.3076966889
-0.2922065742
-0.4397800595
0.3774970174
0.2350289553
0.3574220005
0.4830714904
0.3720245935
0.4655053973
0.1789114647
0.2128302977
0.1698335161
-0.3009063516
-0.5919571981
0.01945318319
-0.2844534416
0.6681537792
-0.2071101326
0.5502089925
0.2598995153
0.05453062132
0.2743752832
0.05292847622
-0.3131359681
0.1374219627
-0.1880628101
0.08476701314
0.2817611873
-0.2182484295
0.2186819089
-0.3661089055
-0.2298569279
-0.06102809459
0.5805863887
-0.1529254458
-0.4839467704
-0.3401573671
0.5636329964
0.2027594447
0.7772733986
0.2635391135
0.02155555428
0.5771612227
0.04484814312
0.3466260772
-0.03572961129
-0.1585578321
-0.4416124076
0.6106099494
-0.1373574583
0.1608206192
0.1636485271
0.3172880456
-0.4996429317
-0.3818549633
-0.2710004754
0.3106687976
-0.3884643897
0.8906425282
0.7793960899
-0.177252974
-0.03049029484
-0.1934610091
-0.5490924105
-0.6303291298
0.02714982927
-0.1529367043
-0.5629128017
-0.04633735903
0.1374425094
0.1211221779
0.2023502614
-0.2728547826
-0.3554069381
-0.3497321442
-0.902131328
-0.1259565504
-0.2841284879
0.5039685046
-0.5764548063
0.05251901341
-0.1146961484
0.4669572219
-0.4419702727
-0.295516181
0.4176833276
-0.6264778845
0.4196188673
0.4998968214
0.4821919125
-0.6079833597
-0.1126267098
0.4675741076
0.01596859712
-0.4190006014
-0.321360385
0.04588133525
-0.09972331747
0.242227247
-0.639892213
0.05997896865
-0.1729182128
-0.7992503375
0.4616423517
-0.6349567592
0.1103625903
0.7107459098
0.8034863964
-0.9162270337
0.4463264709
-0.5648741618
0.2176279111
-0.4039908223
0.002111937013
-0.2901542827
0.2973017631
-0.5156176493
-1.019651613
-0.865889284
-0.3814517591
-0.374504675
-0.4751424532
-0.9276365161
-0.3160581023
-0.1680878341
0.1739645623
-0.8930294037
0.09119454334
-0.01449436657
-0.02754782019
0.1493050838
0.9295324981
-0.5689536966
0.2602307498
0.07828165889
0.4375098556
-0.3664642289
1.294164682
0.1117769429
-0.3734915376
1.138301574
0.882923077
0.7377391443
0.3614096792
0.8831396848
-0.1964080449
0.9589628831
-0.3546532217
-0.00757277729
0.6727231473
-0.2574570723
-0.03597877361
-0.1329090863
-0.03855445087
-0.5378356978
-0.1724341186
0.1578800419
-0.2405309346
0.4067308653
-0.1581950227
0.5702024624
1.214054616
-0.3042621426
-0.02303785868
-0.2672904104
0.1319080338
-0.5937708452
-0.1224369897
-0.5119433969
-0.2313818593
0.1374724381
-0.1817017715
0.1836515125
-0.0657081129
0.2292179238
1.008383831
0.03729120558
0.4463685036
0.08377298298
-0.02262898982
0.3024892611
0.5221196784
-0.4242236171
-0.6844153181
-0.1710009249
-0.8520571873
-0.018350951
0.3453744452
0.2156524364
1.00089965
-0.5493445314
0.1987785656
-0.1835446931
0.2901631586
-0.1144130539
-0.3081786688
0.4552295208
-0.3312420055
0.2143258757
-0.5778339833
-0.3073575132
-0.3934000134
-0.01730592893
-0.5404704481
-0.1745316584
-1.043386751
0.01811407972
0.3021790221
0.06748684589
-0.7657065213
-0.2722410951
0.7138055518
-0.3870587379
-0.5352793142
-0.7089256629
-0.171434555
-0.08287386484
-0.2111369772
-0.2573575065
-0.9256507188
0.494408413
0.08626957424
0.05271544494
0.2147168631
-0.9796647489
-0.3317390993
0.09184044506
0.02979634264
-0.3615880877
0.1294148006
-0.816101113
-0.02994054081
0.002866566554
-0.574871178
0.01611789148
-0.6258432522
-0.664681533
0.07462779749
-0.7638716549
-0.362979047
-0.5297951996
-0.7331253424
-0.3499674521
-0.9393053979
-0.392140555
0.4279503413
-0.06210559197
-0.3281668909
-0.7105820969
-0.3045348547
-0.6685103193
0.04469916588
-0.2178716466
0.2052170208
0.0731524813
0.380169313
-0.2326059286
-0.305478929
-0.3116957039
-0.4617911674
0.1380116036
0.02386463964
-0.1178590601
-0.6217691436
-0.6388596021
-0.3034654275
-0.3696993515
0.08766548857
-0.2256287895
0.1280103698
-0.7864152133
-0.7997528717
-0.5517606288
-0.2474895403
-0.7503662482
-0.8547499597
-0.4764938548
0.001410764921
-0.4986715585
0.3005888678
-0.6258725435
-0.2287460305
0.2249243766
-0.5831944093
-0.6075888038
-0.2965196148
-0.5655310392
0.2459814595
-0.622917347
-0.2636262259
-0.1113833366
-0.4536102004
-0.295398598
0.3094327465
-0.2438589996
-0.1539652025
-0.1648163553
-0.3788536087
-0.4173502035
0.2954786589
-0.1703576323
-0.1848088564
-0.2836168118
0.4260494599
0.5123595528
-0.4443499699
0.7991672814
0.4766404707
0.3624686908
-0.2745082565
-0.1955814669
-0.2519280886
0.3061918635
-0.8643886387
-0.2818314802
-0.1221295809
0.05115641896
-0.9769850373
0.5531866297
-0.02768985275
0.3837605343
-0.5204020299
-0.1655511903
-0.6668563098
-0.003782286867
-0.6453051001
0.4372236763
0.8594564021
-0.4868848413
-0.7790747344
0.06793152951
-0.3821961761
-0.104743658
-0.2208722622
-0.2283160862
0.03090894297
-0.5438845485
-0.4470633466
-0.1720767483
0.08100119289
-0.1031825738
0.2196561053
0.2857267629
0.2472401881
-0.07651065364
0.1340481039
-0.07862795275
-0.008682040311
0.7129375946
0.7358655047
-0.01916191559
-0.001996736601
-0.3212002933
0.3839365708
0.987051934
0.04707214967
-0.2378880683
0.9370379545
0.2257612158
0.9926357478
-0.1992480863
0.3827796955
0.6174659804
0.6847622782
0.4143578112
0.8023867562
0.2111563826
0.287529769
0.575040634
-0.2096989211
-0.3536160871
0.6865956321
0.5740668071
0.2629090788
0.2732297454
0.07558289096
-0.1032744251
0.02489922419
0.7080822699
1.071459308
-0.1794983044
-0.0372104764
-0.3625112638
1.347764683
-0.209922041
-0.1260977942
-0.1605460692
0.1659051728
0.4853833765
0.07303140145
-0.4356384404
0.6297869897
0.3370140702
-0.1847813327
-0.08650928028
-0.3053280856
0.01946417838
0.736920698
-0.1417134206
0.7714465767
-0.4540134959
-0.1994422786
-0.6239419535
-0.758310923
0.3409469768
0.3231611922
0.9127160719
-0.1764696675
0.09943354279
-0.4530154064
0.01870395429
-0.5438747257
0.2483232643
0.2710184665
0.268119301
1.221716794
-0.09744910318
-0.0945316378
-0.02627907582
0.636175032
0.2367416583
1.172835618
0.03215966187
0.2233291935
-0.2764222573
-0.2399793895
-0.4325396791
-0.1065672265
0.004244512971
0.5517211899
0.3996406918
0.7009560019
0.7078138508
-0.2944382709
-0.628531988
0.3889802009
0.2980586622
0.7022094369
-0.5404176638
0.3152791373
-1.071373731
-0.3197728587
-0.2742781587
0.4173673384
-0.4229358479
0.6362855732
-0.2378782637
-0.08061210848
-0.1421118014
0.5139657564
-0.5722948819
0.362804815
-0.3581668869
0.4657564051
-0.08366219401
-0.1092156613
-0.1636895437
-0.1166935293
0.5141913716
-0.2458062947
-0.1513565788
-0.4863178909
0.2494535014
-0.1323320298
0.3235222159
-0.2268135549
0.761632961
0.215082074
0.1278174163
1.14941173
1.306991544
-0.2912479252
-0.02583082113
0.9560808823
0.3188992699
0.6604583483
1.207294048
0.8684054881
1.186678812
1.18167191
0.6062339284
-0.1846717305
1.240980183
0.5947739616
-0.109642512
-0.2284287192
0.285725349
-0.2885553457
-0.4628818199
-0.1200082187
-0.137471763
0.3702233177
0.6705638096
-0.1804106295
0.1826916235
-0.1406654982
0.0109782882
0.855374898
0.4860633865
0.164346697
0.1248849621
0.5486320512
0.2345780104
0.355708229
0.5864044793
0.4231088284
-0.04954199381
0.4553178243
0.1492540518
-0.04388778033
-0.2663536152
-0.05175574189
0.503618617
0.01113316063
0.06472606892
0.06303885467
-0.1237904809
0.3561879216
0.697482954
0.5363439759
-0.2979377465
-0.1173274816
-0.003428199468
0.08418294769
0.08516052272
-0.426782009
-0.3037195219
-0.08694901541
-0.3146003384
-0.4614177704
-0.04092147257
0.4830416508
-0.6836888522
0.3152347948
-0.1092174029
0.4411198039
0.1137562959
0.05359643297
-0.003322118521
-0.1901592839
0.007051487081
0.1262651689
0.3382180203
-0.3740553103
-0.3892577704
-0.3875658259
0.09344734028
-0.8384304971
9.005218744e-05
-0.07775615361
0.1522658947
0.4359152876
0.7973881833
0.3103001261
1.181644268
0.3371362198
0.8488273606
0.09908267297
0.1860040307
0.2281169845
0.44263912
-0.2195540193
0.5053253293
0.1257445859
-0.350531397
0.3595510291
0.2200883228
0.4018335976
0.2822281718
-0.109042092
0.5128698595
0.3990577333
-0.08052521748
0.2350135628
-0.7452899262
0.2426000413
0.08060082812
-0.1878645116
-0.3506163001
-0.5470786214
-0.168688198
-0.1154547729
-0.2877237514
0.1709773542
-0.4288679607
-0.594155775
-0.1861046233
0.1548134327
-0.9243769467
-0.7151220381
-0.2685242968
-0.2144075207
-0.1322165346
0.7734560803
0.6225027129
1.182662585
0.3050486363
0.0854843305
0.2528064755
0.8061363548
0.4172185883
0.5022223806
0.703431733
0.879506854
-0.333268477
0.7592186332
-0.02659105044
0.3928877018
0.5621721163
-0.6646847792
0.02845853996
-0.3119851217
-0.5441448614
-0.2023065509
0.2677491607
-0.2802005069
0.1711906441
0.002327656373
-0.3031415081
-0.241492822
-0.2983076701
-0.5910483092
-0.8985936254
0.2408271009
0.2496918879
0.09211133868
-0.8012920916
-0.8651826605
-0.2203283161
0.5698942274
0.1713972477
-0.7200528949
-0.7454485178
-0.6817100912
-0.3207607189
0.1258683678
-0.4058568731
-0.3006108008
-0.4154370584
-0.07338594291
0.2030038761
-0.5923618853
-0.06365361903
0.1051102804
0.7979817316
0.6152868964
0.553190488
-0.1599343507
0.02455795817
0.625496541
0.424360387
-0.2414746037
0.1513917957
-0.01474809824
0.2185370274
-0.1719267558
0.4631265409
0.3300008856
0.1450301567
-0.3196620502
0.5982914492
0.2709659176
0.5423884898
-0.4600082383
0.1258042111
0.04620101359
1.515852633
0.06951631587
0.248370862
0.6278733809
0.9827885389
-0.4558361262
-0.2569146669
0.5751658097
0.7683748811
0.5982205374
0.6551956199
0.5742412999
-0.04606009554
-0.09977719598
1.05885838
1.061338195
0.3430709518
-0.2512643808
-0.1270769369
0.6346592933
-0.005133388517
0.1406738469
-0.1928687237
0.6176384039
0.2115811106
-1.048521695
-0.06043567732
0.05903595313
-0.01587062962
-0.2793976294
0.6581201807
-0.146234547
0.05296321753
-0.3317188538
-0.1176782282
-0.5339486085
0.1433550129
0.1406030148
0.751872696
-0.1070204049
-0.780128859
0.2026159195
0.2729264382
-0.5365292564
-0.1879293554
0.722155939
-0.002005751058
0.9696518723
0.2580114484
0.3117044263
-0.08357824115
0.3084980756
-0.03356969189
0.3854464665
0.1242935333
-0.1816583626
-1.000425956
-0.2752080157
0.05937623251
-0.3031659629
0.6200976431
1.032676038
0.0331077503
-0.3146809854
-0.02560707703
-0.08919445947
-0.1124537164
1.155031297
-0.6822194174
-0.1566922501
0.5742244743
-0.3897233731
0.777579206
0.1545842633
-0.2053837467
1.11728307
-0.3853970855
0.3699365184
0.1705680769
0.1098038862
-0.3597369555
-0.3620368909
0.4895745255
0.05672933906
-0.2982902583
0.3155464862
-0.4043198556
-0.1239387198
-0.09212528709
0.5878308073
1.041485845
-0.3665279619
-0.5048725851
-0.6477378801
-0.500445985
0.07145196088
-0.4692790329
-0.2993335154
0.2634931675
0.05708420947
0.4143573206
1.219477135
-0.1487730872
0.08404024327
0.9298104167
-0.5823355079
0.214914564
0.01568613201
-0.05577658121
-0.483804439
-0.04880063664
0.2407970643
-0.3990323842
-0.6466719195
-0.2020540113
0.5066837728
0.4108981512
-0.212943045
0.3151662474
-0.4517897647
0.2073973618
0.8365882933
-0.3625181526
0.01633988731
-0.1921209857
-0.1187793454
-0.4696179647
1.04199014
0.1423631828
-0.6055047512
-0.9450991541
-0.1339858951
-0.4372980546
0.690477217
0.5653096355
-0.4175306506
-0.5739011798
-0.2039626502
-0.8747889906
-0.1932208292
0.001084341854
-0.2332831187
0.7737880602
0.3896128486
-0.02509928439
-0.5180282895
0.8994319953
0.02557613626
-0.06924922876
0.02993502202
0.4902988419
-0.2906350408
-0.04423971865
-0.3510487549
0.8501551658
-0.6107747644
0.9857423156
-0.7700869009
0.3980279043
-0.3991667159
-0.2579573561
-0.572808551
0.9214192018
-0.03294112198
0.4969946735
-0.4521217369
-0.3224847434
-0.3512392312
0.5628424162
0.6481539033
-0.01485680584
0.9614340998
0.3023355124
0.7911895968
1.289757982
-0.04665451944
0.2777028188
0.224528785
-0.1670803523
-0.3901977889
-0.007203342579
-0.1786417618
0.2490740365
0.9045012698
-0.3195156015
-0.3645599246
-0.1301759426
-0.2255661357
-0.3643286038
-0.3967437871
-0.2751777876
0.9954028547
0.03623606758
-0.100248592
-0.2250035595
-0.1499206286
0.6907359615
0.08981733695
0.3076495932
-0.1784368001
0.2781278849
-0.1998645825
-0.704065901
0.03648920958
-0.7829938769
0.0212538139
-0.3907097835
-0.1745822281
0.2628640821
-0.4271973614
-0.3408251557
-0.4265720323
-0.3873568684
0.5413466968
-0.1927639594
-0.05531222001
-0.1482030056
-0.079658884
-0.2143544655
0.5485352026
0.3964956652
1.247227585
-0.3028146222
0.1396808065
0.2773777159
-0.1782613527
-0.02583950926
-0.03632791974
-0.2647678107
-0.6996771723
-0.2517727112
-0.01834274195
-0.1925127883
0.1500229852
-0.1267781153
0.08486885363
0.009123977274
-0.8597573221
-0.4576179653
-0.571219568
0.01144421417
0.3510482399
-0.1028192494
-0.3669497987
-0.742886813
-0.3872086957
0.5133467898
-0.1519030429
0.4790871419
-0.6842203334
-0.3623677647
-0.4383901864
-0.8391674086
-0.5444707386
-0.3564335193
0.0325827742
-0.3495291295
-0.8638091326
0.1990407513
0.9967653915
0.04623851161
0.5487283848
-0.5078856558
-0.5398342758
-0.102800291
0.08041988742
-0.2020871934
0.04172625616
0.2844342493
0.03817998786
-0.3753142747
-0.6289299786
0.4902368605
0.3738572393
-0.3653860074
-0.08777830172
-0.1896940554
-0.3155734233
-0.8785492241
-0.01409744993
-0.02310618302
-0.6971819893
0.08165299147
-0.3235570922
-0.4161424123
-0.5688574098
0.149992157
-0.7007919729
-0.6073426098
-0.2508953601
-0.502843089
-0.2000468478
-0.3511704154
-0.048750614
-0.1649089141
-0.6460020334
-0.3174849559
-0.8275086224
-0.449526548
0.3663142275
0.280382397
-0.05909352284
-0.01713419128
-0.654631561
-0.07374171633
-0.1806896629
0.3419410221
1.11170906
-0.4358603559
0.663334034
-0.1789737729
-0.1213646052
-0.3236797182
0.3792906597
0.1583895221
-0.2676937167
0.1138305398
-0.8957498521
-0.03547646962
0.1547048874
0.1472186284
-0.5766722918
0.5861134235
-0.1029193312
-0.1242342281
-0.5625133723
0.00516051813
0.1170359636
0.6719956949
0.4553984338
-0.001303683221
-0.4883137859
0.5114991464
-0.02469975054
0.3344788022
0.7661011577
-0.6543610901
0.1926566109
0.2784189212
0.4031096242
0.5068523914
-0.06403754875
0.1620766115
-0.295260793
0.5826704849
0.4600382373
0.8806506187
0.5433909878
0.2705176225
-0.1723805681
0.1476215612
0.1838169904
1.392328927
0.4951240383
0.5605116002
0.6020555198
-0.2319471417
-0.6453190818
0.5982281685
-0.2841898246
0.4129663218
0.7616044268
-0.008204108477
0.336497814
0.2113687078
0.5271647308
0.07124911845
0.3486481644
-0.04831333235
-0.4213032924
-0.151201166
0.4002806273
0.5449951932
0.4157999105
0.724315409
0.04037778992
0.9490748003
0.1506328311
0.03761937506
0.8907056496
0.8368313655
1.205361065
1.079198447
-0.3431268197
-0.3210298862
0.01294405516
-0.186771618
0.2442834332
0.5040211827
0.5890561417
-0.04486930743
0.1117167745
0.152295839
-0.4719302975
-0.4309385121
0.2085336672
0.1674402613
-0.3821363069
0.2334254511
-0.3975064505
-0.4760910854
-0.1134988258
-0.2902067356
-0.7031843148
0.2540825842
-0.4818268269
0.5362274054
-0.07235970721
0.8208341241
0.02041758327
0.09244780391
0.2790955966
-0.3087771438
0.01799851935
0.1183653122
0.7023846038
0.03148662373
0.2197543304
0.5730992928
0.05740520284
0.4499468856
0.8278202772
-0.03072662465
-0.804996115
-0.2585496608
0.3978576176
0.3906689778
0.6662686631
-0.1118062317
0.3525599183
-0.7055224359
0.5422788627
0.3248964686
0.2503141061
0.6021333806
0.3611514885
0.7886252105
-0.5239605792
0.3640747646
-0.5536750346
-0.6272388875
0.131031989
0.2324159008
-0.5354072422
0.8015749574
-0.5266270503
0.7179782659
0.649018918
0.2668281313
-0.6913289249
0.1228597119
0.3753458865
-0.1718290949
0.4927974299
0.3604937961
0.7577693701
0.8736124113
-0.04430735335
0.1083278204
0.255165188
1.536458856
0.07075461261
0.4502079651
0.5808552764
0.6916026358
0.2882466426
1.194566098
0.7437004179
0.4646356281
-0.3656349113
0.3841526888
0.1277127355
0.02375319432
-0.5604779303
0.2737425962
-0.365897156
0.8652258277
-0.05104853585
0.3923114855
0.2108220194
0.9960920036
-0.3434559314
0.3049276029
-0.02542978041
-0.2372620727
0.01837237552
0.4780916026
0.6297338933
0.7116541162
0.6409742698
0.4295016114
0.007565336302
0.857551147
-0.06981818397
0.1624840491
-0.206100018
0.05704118628
0.6008131824
-0.1342034595
0.06769008283
-0.07499576602
-0.2431515591
-0.4011246786
0.6887706742
-0.3639621831
0.5609940246
-0.1365962164
-0.2295051822
0.6741930388
-0.6211702496
0.310248816
-0.5012691393
-0.6111921616
-0.7329951614
-0.5902609214
-0.0775731571
0.3314088212
-0.529889743
-0.1268343024
0.462619663
-0.266738832
-0.05179593712
-0.1145715404
0.3047693402
-0.1130147964
0.8191398986
-0.04396027736
0.03464925475
0.2463893011
0.1762335999
0.01336446553
-0.109839607
0.8213307291
-0.4548256744
-0.3290102318
-0.001065236703
0.8259379774
0.5726360757
-0.05233964399
0.1257712102
-0.5839484543
-0.06582675576
-0.314334419
0.09530913923
-0.0602510713
-0.2108607162
0.08713996839
-0.3289524078
0.3037242353
0.1019218698
-0.6461213872
-0.3466632374
-0.2233316652
0.01541200927
0.1094030283
-0.2408095391
-0.1619282024
0.300059538
-0.8071587414
-0.4917671204
-0.6065518841
0.3339568317
-0.7512615144
0.1953778086
-0.06945937593
-0.3285800211
-0.7663409993
-0.2198024008
0.6994243294
0.2600492815
0.2078068037
-0.3094961617
-0.2928314179
-0.4799043544
0.5568938792
0.1524968907
0.2722943806
-0.5635292783
0.5221182585
0.4547890397
-0.06072607618
-0.1210645888
-0.8535972387
-0.3884084143
0.1582787374
-0.4812644839
0.1246576414
0.2254273314
-0.0719574187
-0.7369027734
0.7197203249
0.612931478
-0.2028581839
-0.5541764677
-0.1076839333
-0.2635199524
0.008392256126
-0.8383074224
-0.533434806
-0.3799860828
-0.5125181865
-0.4708108418
-0.2503488541
-0.3173960291
-0.599199079
0.423546892
-0.757927388
-0.3392638635
0.5844568357
0.3351172365
-0.2574028642
0.2311757039
1.545824443
-0.4990870342
0.538159813
-0.2024931876
-0.5690310508
0.5079332389
-0.1556033626
-0.4479456179
0.3181716517
-0.2942100875
-0.2487112461
-0.3053892238
-0.5049082473
-0.6627900198
0.4199471634
-0.2199628774
-0.2941118829
-0.05237368234
-0.2265401028
-0.1493942417
-0.1098313086
-0.1580777053
-0.2291189652
0.08125481475
-0.2671405759
0.2403435988
-0.2693113048
-0.5587426215
-0.09041585885
-0.006044340506
0.5197314166
0.3517249532
-0.05124410437
-0.1512480577
-0.4994617373
-0.5598751158
0.2393168736
0.4833668154
0.09403305529
0.1340809129
-0.0963982366
0.210690504
-0.3465154573
0.5792325711
-0.1223931135
-0.8692695498
-0.4910796292
-0.7933327645
-0.8761588782
-0.7499121904
0.1110689538
-0.1401225474
0.8600301564
0.2099365965
-0.1635828144
-0.078470001
-0.5264944971
-0.06720031686
1.167062795
-0.5316725746
-0.2250520481
-0.3594918407
-0.880845499
-0.2888091285
0.2011378493
0.09965925589
0.3062626366
-0.4214076944
-0.1644740339
-0.104384631
-0.3682238989
-0.4492524393
0.09157415722
0.05303394329
0.9387436114
0.5685121367
-0.5017037556
0.8519172698
-0.08627176099
-0.2518019073
-0.5305065155
0.08630896248
-0.05279141441
-0.165847715
-0.1244253431
-0.6420982689
0.1053590521
0.1003816559
0.01990226284
0.3422273178
-0.305704394
-0.2689073504
-0.7016596869
-0.7164533973
-0.4704201862
-0.588947244
-0.022216052
0.07181581799
-0.5601163924
-0.8976905465
-0.7414264172
0.418137987
-0.2798462778
-0.8666651607
-0.8483654812
-0.3273869313
0.4045695812
-0.3100225337
0.3436474383
-0.03203223874
-0.5063274033
-0.3364846304
-0.4868666798
-0.4418835372
0.1664185734
0.03875196651
-0.1349937355
-0.2288576029
0.02102374588
-0.404467231
-0.1129640313
0.3217557414
0.4517618481
0.2564154416
0.05002149697
-0.6439751893
-0.2898101633
-1.206240749
-0.7022246391
-0.7751284599
-0.3061222341
-0.7813020229
-0.3918851793
-0.5141643487
-0.2569542512
-0.4075579718
-0.03185634427
0.1390362594
0.2056065843
-0.3404789627
0.03551362781
0.06785643511
-0.5710355043
0.205442598
-0.1455276677
0.2045561308
-0.05092537329
-0.5131039195
-0.5039792821
0.374740045
0.3654488023
-0.05642615817
-0.5547960326
0.6647357248
-0.341771248
0.3567915972
-0.7265653193
-0.2232033204
-0.7095927387
-0.2738450395
-0.4248357918
-0.2556103583
0.3920864046
-0.2554240988
-0.1579497375
0.09737683795
-0.4838834103
0.08321543578
-0.4489175214
0.06807957459
-0.4284208283
-0.2973486379
-0.4174292065
-0.2876698066
-0.6225313082
-0.5255989015
-0.3210835652
0.4597220898
0.1803353322
0.5189723074
0.2251969143
0.3458456672
-0.5285269283
0.3009443127
-0.244941099
0.35337735
0.9738267446
0.2429746192
0.3183450633
0.4786389872
0.2947047606
0.304366985
-0.4482239619
0.01007489599
-0.2028655695
-0.5784829229
-0.1571952216
-0.2436397437
-0.1089514922
-0.5212223724
-0.8597444743
-0.352941747
-0.8369457662
0.5561609887
-0.5857690141
-0.3510358408
0.6762657903
-0.7636770844
-0.5723712027
0.05590958279
0.7128908485
-0.506752187
-0.4691031039
-0.3685316011
-0.6984903961
0.1412831226
-0.1352160673
-0.3199127264
-0.676450637
0.108557092
0.2450761335
0.2335472245
-0.7649542332
-0.5253352774
-0.1285682768
0.7892411113
-0.4372185187
-0.1909514681
-0.697158657
-0.02350055007
-0.1415284045
-0.4840686303
-0.9798650771
0.380180141
0.09119399339
-0.1280049518
0.3132673927
-1.008759052
-0.3417295467
-0.0113347711
-0.737723121
-0.4662310451
-0.8382443696
-0.7776767239
-0.7668158233
-0.6480605066
-0.418534068
0.3096128348
-0.3304393467
-0.1445333835
-0.2726154551
-0.09707114887
0.5449030712
-0.09019489037
-0.3317615377
-0.2865117621
-0.04655373823
0.009056034125
0.03294084407
-0.7657749146
0.7156299755
0.1033021949
0.1274086889
-0.4878600828
-0.485885562
-0.1730337821
-0.9139969319
-0.4189487007
0.002257520892
-0.4394165762
-0.2190367953
0.8740657397
-0.5198393501
-0.4837053314
-0.4878603339
-0.9179408103
-0.7117868453
-0.5679109067
-0.4237031816
-0.8430682587
-0.6902636275
-0.2566101028
0.4311118802
-0.2534635494
-0.1807945196
-0.3019064095
-0.06296004802
-0.3415978692
-0.1305422731
-0.6910248667
-0.3001260119
-0.6305888325
0.5935185257
-0.237729454
-0.6994053185
-0.3969903037
0.07352827415
0.4056030791
0.8292850411
0.016817859
-0.1479376953
-0.1469226873
-0.6914159894
-0.1294299224
-0.1916009221
1.416809006
-0.4215225045
-0.1246169036
0.0277352158
-0.03383829258
-0.6494296476
0.3168414665
-0.08456688337
-0.6519784607
0.1427184825
0.2384624971
-0.0551018212
-0.668326661
0.2283185893
-0.4916607246
-0.7405344903
-0.5083067685
-0.05420503765
-0.4659792736
0.679187353
0.2958364936
0.007545660716
-0.2589413399
-0.2181040712
0.1118468489
0.4480891539
-0.7232888728
-0.4108528435
-0.1502092999
-0.5602355771
-0.30581019
-0.8911400706
-0.4850432433
0.01822655564
-0.3385176152
-0.3710857112
-0.3369998686
0.6163428476
-0.5659149081
0.3345416121
-0.1077546626
0.9106657937
-0.8719428807
-0.7350062013
0.4124530889
-0.07908457723
0.1311566005
0.01478300951
-1.060280159
-0.01028943937
0.2060834154
0.08698035702
0.09351833835
0.4510138005
-0.1030716163
0.789144671
-0.04907377809
-0.4927080885
-0.9838619709
0.8594433531
0.0305264771
1.118997198
-0.004072481394
-0.1281444762
0.3425115809
-0.07514379974
-0.2102884503
-0.03396531083
-0.7665686041
0.2136087568
-0.3634444565
0.7541434348
0.3859628256
0.3766670664
0.2018834732
0.2858368894
-0.06523252986
-0.03630033566
-0.3831864789
-0.1513226599
-0.69328309
0.1062777828
-0.5653834984
0.1694214171
0.3611711435
0.3576088123
0.06650043651
0.02727410318
-0.2455862258
1.074401575
0.2724868797
0.5616923641
-0.03997774869
-0.2211613413
-0.490794424
-0.3365291271
-0.2806414954
-0.1405751122
-0.03926446252
0.07990542697
-0.04914107434
0.4603423186
0.1412512495
0.2509449748
-0.8247928619
-0.4498201218
-0.5269886479
-0.7484627679
-0.1517229497
-0.1039401282
0.6592065625
-0.3192348991
-0.3643163562
0.3539055347
-0.4790880904
-0.2416403493
0.4147912003
-0.2345259301
0.4142658701
-0.3974134266
-0.01426018942
-0.5785698548
-0.5213791713
-0.5029966213
0.3341762498
-0.121901059
0.06937379679
-0.2710074503
-0.2499945715
-0.05261959676
-0.2085133839
0.3385825045
-0.4890176825
-0.4091859424
0.2029820291
0.5159509175
0.01453738082
1.242253765
0.7625633836
-0.3021233931
-0.1759114152
0.3303509882
-0.08896999024
0.3122027242
-0.6650576562
0.3279511629
-0.03810231406
-0.796373263
-0.1853469722
-0.8023855358
1.061975709
0.4064186752
0.7746237777
-0.3509611852
0.02223467585
-0.1851327125
-0.4178143248
-0.7412681147
0.5629574139
-0.2117382254
-0.2824562959
0.1580428691
0.2337171836
0.915706864
0.6351826899
0.2310231462
1.06847766
-0.1822584145
-0.4973531052
-0.6069795892
0.2028941836
-0.2606165539
-0.04736322695
0.6198374152
0.07071934827
0.4208923098
-0.4192254551
-0.1573344024
0.7621667057
0.3067936707
0.2557213382
0.1579566677
0.5316352524
-0.003863101453
0.2352946697
0.3313308112
0.2531752668
-0.2182785247
-0.2013433099
0.2191068886
-0.06887436081
0.1517104017
-0.1845200596
-0.3456622697
-0.03013933981
1.568696436
-0.3248339393
-0.05307147382
-0.3548205543
-0.1946794922
-0.120419937
0.2529665331
-0.2765138568
1.037995279
-0.2336642377
0.6183076665
-0.3981909126
0.04841261106
0.2896360584
0.3981722914
-0.2113145215
0.487657013
-0.105325279
0.0638268413
0.6718626037
0.1466940805
0.4942105055
0.3932147918
0.4214366049
0.1401626064
0.2726857293
0.1761589885
-0.16794194
1.00097011
0.01249437649
0.4787385456
0.03750511389
0.3855426196
-0.04127466176
0.03333106246
0.3555497628
-0.4605005734
0.03640908045
0.7809609324
-0.3076383922
0.6963484384
-0.2956808418
-0.357432355
-0.1106951086
-0.1068185447
-0.09440544769
0.5793397099
-0.2625708975
-0.4343434229
0.6339193702
0.7304351553
-0.01697857333
0.02150771362
0.9526444942
0.3397386748
0.6694872901
0.7330076486
0.3692098085
0.7652493358
0.615218915
0.1265565654
-0.1388827115
0.3950958811
0.03669769559
1.013695914
0.4853284284
0.4677799746
0.09218080211
0.3371054397
0.6521181608
-0.3630410917
-0.4075509593
0.4164490223
0.56402383
-0.02539490163
0.55984606
0.7441634705
-0.3679211538
-0.3324758984
0.1828368485
0.4574412197
0.8518567614
0.2653030407
0.1873774512
0.05427965298
0.6495990111
0.1176205998
0.4461358625
-0.4928186014
0.3554715471
1.435433567
0.861394456
-0.1290563084
0.3461922023
-0.2505026657
0.1258530898
-0.511405243
0.8979942329
-0.1380496444
0.923213426
0.06160269585
1.119854665
-0.3079822227
0.001918512024
-0.01251815148
0.6273056239
0.2847159187
-0.1725902025
0.3109822113
-0.07333906721
-0.8120223448
0.236942992
-0.08903458603
0.1386343678
0.423758194
0.585444174
0.7493365422
0.6194190584
0.01599527746
0.3037651416
-0.01661652252
0.4703002088
0.6070819613
-0.07655349448
-0.1158558276
-0.5183733851
-0.4884863483
0.381775263
-0.5489675608
0.2549364071
1.385614824
0.2181288039
-0.4318527222
-0.4246389426
-0.2514251512
-0.4931746311
-0.008347614389
-0.2890507173
0.8321950033
-0.003381954134
-0.2286650945
0.6467984159
-0.1439504426
0.008535550162
0.4631314546
-0.2616582274
1.441870314
0.682385996
0.5947362192
0.3516902158
1.25260506
0.6756890696
0.630732213
0.1252114343
0.6589313282
0.8623682665
-0.3380020011
0.239795194
0.3370402075
0.3873374343
0.961263907
-0.2111875867
-0.06472390294
-0.0335777102
-0.4435044974
0.300409076
0.2109013503
0.1825103723
1.706204298
0.6546904117
-0.3956216849
0.2012928578
0.1110918464
0.02460744539
0.3891763091
0.5690094545
0.6969252586
-0.01956378166
0.5343131185
0.4538169906
0.9594515473
-0.1844586737
0.3144919302
-0.1532279838
-0.5278940372
0.7307969421
-0.2929394141
0.2395039832
-0.04224584242
-0.4027730936
-0.2828813195
0.2023182249
-0.02241564263
0.9524228834
0.0949927106
0.4983128108
0.6089500958
0.8819856137
0.2007152632
-0.3028026894
0.8391647637
0.4241463507
0.2368166454
0.01456140652
1.078169021
0.6884942994
-0.1444699483
-0.3674327806
-0.4750456199
0.4876840269
-0.1866468813
-0.1030285647
0.4397944272
-0.6249473915
-0.1534776244
0.4313945491
0.7307568133
1.225584181
0.02319365293
0.6644478984
1.126553246
0.5024280466
0.1090290942
-0.2864751987
1.357412156
-0.01026568413
0.09237972554
-0.1939758234
-0.471228873
0.3511907706
-0.04887728877
-0.1297006598
-0.1856758845
0.009451516345
-0.4645785592
0.152542934
0.3199331507
1.41777989
-0.3359427491
0.7966223434
0.5850818696
0.2043560775
-0.6663817912
0.9139921136
1.090292642
0.099837087
0.8714302748
0.01749160457
0.0265480632
0.1805901663
0.2532399286
-0.3301021583
0.3113594348
0.02343052477
0.4787535476
0.4207676882
-0.1607017875
0.4108307011
1.235548994
0.92183346
0.3996634156
0.2203639034
0.1033112237
0.1154256463
0.7106328979
0.6653248414
0.3658777624
-0.09185525198
0.3241216499
-0.1326893225
-0.07522571161
-0.2333454993
0.5593512565
-0.1225343872
-0.5945089296
-0.7545092762
0.7976270095
-0.2494086616
-0.0303179387
-0.6817170858
0.1959885687
-0.2807351042
0.3314952221
-0.5124562189
-0.2172071658
-0.3371870995
0.2700106458
-0.282601805
0.4363780595
0.1550340785
-0.7162478402
-0.6817874715
-0.2291896068
0.6776805997
0.4836321736
0.2140897221
-0.4379804835
-0.2663062625
0.02943844926
-0.1143698014
0.1431457346
-0.4988739908
0.8372660592
-0.0152419949
-0.8121109948
0.6151088133
1.295221502
0.06361390296
-0.1530760251
-0.1680657282
0.07278895844
0.2072589264
1.073050417
0.3529323339
0.5621332943
0.38473265
0.001003521308
0.07022772189
-0.01170958923
0.3980347589
-0.3823955111
0.002409836091
-0.362092191
-0.1071532439
0.5055453449
0.1855093528
0.5227699451
0.7163399458
-0.00794329606
-0.07491632178
0.2728815941
0.4832856229
0.3922865048
0.2283251014
-0.004612762295
-0.3926320898
-0.2367728135
0.6771824531
-0.01844440773
0.7640071094
0.2383678973
0.1450862234
-0.3785572749
0.5590241604
1.02201843
0.6197267741
0.06771311499
1.212292358
-0.6860615522
-0.08607235886
-0.4164552912
-0.02351560704
0.08201443627
0.2396048814
0.278074819
0.5589610636
0.418001485
0.6425276861
0.1175354699
-0.1502718473
0.214120846
-0.1948194815
0.5152528239
-0.4184455648
0.4603463218
0.0009945508093
0.2557364799
0.5832550274
0.1607006676
0.5975360361
0.9940002315
0.2741234899
-0.5173968405
-0.2847817943
0.1978867473
-0.1321327996
-0.1140502986
0.8161664993
0.1553740332
-0.160543979
0.1639766291
-0.3888809532
-0.2563502125
-0.3319968063
-0.1088385653
-0.1828585975
0.5139200842
0.09268643353
1.081017862
0.4910026485
-0.2077852763
1.119409472
0.3971770056
0.09567730632
-0.09698049799
0.4625414565
0.0813081041
-0.07870756174
0.1775178397
-0.1187231891
-0.1497275634
-0.4840764835
-0.4409691975
0.4660587084
-0.3362926956
-0.5350806363
0.3675000027
1.065905957
0.1865132103
-0.5970707364
0.09980113395
0.2611687577
-0.5922261119
-0.4772197902
0.5608319849
0.8759177987
-0.1260400641
-0.3747139528
0.1828157298
-0.2352196557
-0.1562767109
-0.7369634077
0.1919687541
-0.1564272518
0.3034000844
0.2296916859
-0.03130512936
-0.05195904057
0.2766047655
0.3602228966
-0.296076037
-0.2347113742
-0.2462145509
-0.4488878965
-0.7390213773
0.1514748881
0.07965201531
-0.09653994069
0.6033251643
0.3153086998
-0.2634237722
-0.2850196797
0.968369557
0.6263927624
0.9996512175
-0.1969751828
-0.01523822621
-0.08858257886
0.102783257
-0.3158223648
-0.2810602285
1.035693206
0.1258135952
0.03936098316
-0.3353077818
-0.3882957324
-0.3073577587
-0.05288885087
-0.2352339737
-0.5404843908
-0.4263882361
0.2666129178
-0.09382634796
0.1577749109
-0.9071110308
0.393960147
-0.07591950782
-0.1915780803
-0.3114035435
-0.2003761899
1.429013635
-0.4731221221
-0.5416844197
1.164411847
-0.3956939854
-0.009347073454
0.2474448703
-0.03072066475
0.1447350558
-0.523861922
-0.4804340228
-0.04675243385
-0.1494081888
-0.7324932128
0.1694239715
0.5053192377
-0.2330427261
0.7428943199
-0.1354554551
-0.04306597449
0.9149849102
-0.3015235599
-0.4007764116
1.217398745
0.6026872158
0.2867939141
-0.3565272763
0.6934324434
0.1279558212
0.1732841039
0.03692354914
0.1612586549
0.6428877883
0.4940995116
-0.03432107549
-0.1721741265
0.4923358373
0.8330886483
0.3223460078
0.6863259763
1.060207027
0.2588151652
0.4890064634
0.187893125
-0.3812681831
-0.1340134623
0.238340983
0.8545395836
0.396296173
-0.2231046345
-0.5826348633
-0.1066086197
0.5765008107
0.224786495
0.1511086391
0.6669429645
0.1437351082
0.1609100734
0.3661872581
-0.001011019479
0.5382905408
1.290828511
0.16911481
0.9606969576
-0.02334886603
-0.0290177817
-0.1213933364
0.9402004272
0.8190849954
-0.3836047586
0.7709264711
0.2716838591
-0.0132706197
-0.064213866
0.2947450595
0.9683906607
-0.1294280829
0.5087333955
-0.006857973617
0.7325495914
0.6750975266
0.1705118188
0.181568337
0.4989181302
1.556027284
0.02720372546
0.2037136294
0.4826235637
0.1095534884
0.1990814954
0.67525896
-0.2900604231
-0.06812367914
0.09978325907
-0.1409414846
0.04273793623
-0.08535407409
0.9101813331
0.04144995585
0.1644365398
0.5594491111
1.068245544
0.02931071296
0.228294884
0.7027559496
0.5969133377
1.163429117
0.6589659393
-0.4025755972
-0.2610979075
1.594568014
0.6315179631
0.1036600743
-0.0467221735
0.1260747857
-0.1310012441
0.08787312428
0.004671402648
1.062686154
-0.02389992792
0.9578489661
0.1104025166
-0.757185106
0.4560559355
0.02127024652
1.403053477
-0.2195937051
1.296166772
-0.05851770565
5.525620654e-05
-0.5041622385
-0.2131231615
0.2344682377
-0.1687835438
-0.04592805877
0.639014554
0.01401034119
0.3011008523
-0.2496514071
-0.1425607599
0.3422717416
1.14425967
0.47878723
0.6383962974
0.2900548365
-0.3845230021
0.08047800958
0.300961377
0.8937386662
0.6179549091
0.7608422652
0.09011704288
0.2775197798
0.1186401369
0.7976819903
1.370828846
0.2610253815
0.01923853401
0.8736654326
0.5391095053
0.5641993525
1.13782123
0.1911552756
-0.2617299261
0.2557251304
0.4040942393
0.6501063377
0.1315041225
-0.09473092686
-0.1254520923
0.7975400075
0.2117287342
0.1683988139
0.3630433097
0.332167156
1.289279401
0.3920968663
-0.5061210364
-0.7677728236
0.3755397111
1.046196859
0.3116564579
-0.5210806603
-0.23386392
0.2676446967
1.170430592
-0.03063010164
0.2603391353
-0.2262646159
-0.3459833739
0.7041912377
0.4778621092
0.5686423406
0.4425344236
-0.08764771279
0.8164595127
0.7013456322
0.7362500727
0.3445830474
0.4881824929
-0.1695597902
-0.02658588868
-0.2199591871
0.02866605781
0.2011897605
0.6701127303
0.8858876601
0.2756491143
0.1274950486
0.305437986
-0.1716491766
-0.2087111192
0.3112935226
0.5946070105
0.95060478
0.6121448305
1.168648675
-0.3018284217
0.9158827633
0.007767006755
0.1187314015
0.1279363189
0.4144115686
-0.3535809478
0.1930230387
-0.2279175133
0.55876042
-0.01407695115
0.8441436596
0.2749233633
0.1092607854
-0.04273662493
0.2433938326
0.07205963996
-0.4554299787
0.4264698591
-0.2437948544
0.3014163149
-0.2388304651
-0.07155862153
0.7091763273
-0.442312517
0.05069624018
-0.6892859548
0.3287740059
-0.7886495322
-0.7007786125
0.001592892967
-0.2868021902
-0.5378383845
0.2516959328
-0.6474691272
-0.2483316738
-0.3183308484
0.2930774454
0.2566586309
0.1898758452
-0.5337888673
0.60229325
-0.128229697
0.6528630748
0.592044802
-0.1000304181
0.1430353217
-0.1617399896
-0.2048014695
0.4321553156
-0.5523897812
0.6097321421
0.8691735223
-0.3856472448
-0.3487633377
0.04725729749
-0.810193491
-0.3394727206
0.1643577349
-0.1201125771
-0.1757624391
0.2063631535
0.9992237046
-0.5813652501
0.3745519625
0.5421383873
0.912177809
0.3694359019
-0.1133288857
0.04509784253
-0.2709794424
0.874589622
0.3750542851
-0.02413836736
-0.6490179732
0.1232208595
-0.5335642837
0.008202475961
-0.1242554449
0.1798760135
0.607474399
-0.2230404776
-0.09584726132
-0.4454769783
-0.5849930733
0.1921909106
0.3402275346
-0.02619066499
-0.5863634154
-0.1345018574
-0.5863758713
-0.1298746262
-0.3276955266
-0.2408223793
-0.2490155833
-0.7598214671
-0.5584014334
-0.1275696078
0.1831841217
0.3723916486
1.348138563
-0.3854701817
-0.2635036841
-0.1812896725
0.4664250493
-0.2664871894
-0.8787170336
0.2979827894
-0.5676939979
-0.573254852
0.3362391725
0.007206285186
0.2744147463
-0.2559635689
-0.04642746933
0.2963474922
0.3921554402
0.4112372844
-0.1942134291
-0.1586074552
0.04063460696
0.3411187958
0.3460143069
0.1487459776
-0.0105905652
0.271266932
0.1358816296
-0.1896031754
1.106736827
0.3668422461
-0.1634592902
-0.1433576113
0.2507982984
0.07480242308
0.05789261013
0.2491501286
-0.4672886074
-0.1718297968
-0.3302786745
0.6789494425
-0.06798827592
-0.6217643842
0.2691095771
-0.2755916957
0.6949615724
-0.2399578977
0.7608920991
0.1230022952
0.8445489794
0.4735926557
0.5564034678
-0.07570323385
0.1588677397
0.3862060476
0.8759707838
0.2181192994
0.3108657854
0.5899973661
-0.06615156755
0.4724722937
0.2552073296
0.7355416909
0.5717443421
-0.7309267804
-0.4423353165
-0.1695076205
-0.6022392854
0.1095002949
0.6917276628
-0.004991017515
0.06556762662
0.1821736273
0.09953726837
0.803143312
0.3042370882
0.03256716169
0.2763196856
1.045042416
-0.1165892206
-0.2381980557
-0.07301838961
0.03490375392
-0.5174943298
-0.02363948063
0.5140549257
0.4541905902
0.6796759937
0.6829302624
0.8491003789
0.5762183346
0.1972188
0.05718113985
-0.4080598481
0.06317470456
-0.2855658511
0.703488382
-0.1095300868
0.1901003752
0.2615912026
0.2960249413
-0.2895792447
0.2565432739
-0.4252804056
0.3718607476
-0.7495222136
0.1447768051
-0.5062016591
0.2575386211
-0.1470368695
0.1192413461
0.1875127302
0.6601398949
0.3742415908
0.5790333018
0.001374155562
-0.4620015755
0.1058277126
-0.5392731003
0.2759851031
0.29221154
-0.6394704819
0.362865736
0.3510123001
0.5506196752
0.8480803996
0.03922389066
-0.02861782508
-0.2870331461
-0.204727926
-0.3098329639
0.6061273023
0.002208109014
0.6038978167
-0.3497098636
-0.01217338704
-0.3853918244
1.036387783
-0.6244584799
-0.03921081759
-0.4080174139
-0.04425111823
0.1820046753
0.6452566162
0.1827216381
-0.8230949581
0.8780411303
0.8829794049
0.5930705555
-0.2785540186
-0.740669249
-0.01256812438
-0.4631304421
0.1356610807
0.1628611629
-0.01760675954
0.272262153
-0.2387486549
-0.5347491935
-0.5027523413
-0.1752472442
-0.1446668007
-0.4219030648
0.08817548929
-0.4331583962
-0.3290962324
-0.1988103386
-0.9061320812
0.1142674431
0.2840817399
-0.1772244398
0.02117543202
-0.06387351546
0.117063389
-0.1015444744
0.7549974494
-0.1225169733
0.0188567346
0.701029034
0.2336361811
-0.07104999889
0.6398918621
1.015660971
0.5762487784
0.4264095984
0.04412891772
-0.166722855
0.1385499291
0.2271766668
0.5495249107
0.4369135881
0.5672375692
0.5655365646
0.00870114062
0.8966246322
0.5449839073
1.126466617
1.013205606
0.475459668
0.1454849161
0.3387337025
0.2452346274
-0.3621817976
0.2268233633
-0.3813958175
0.7594565481
-0.296945909
-0.7749026746
0.4824785329
0.526980152
0.004782460444
0.1363796953
0.5643910363
0.3411022294
-0.3515464038
1.013156796
-0.3589416472
-0.2267677947
-0.0232185021
0.06884553358
-0.0855518382
-0.3363027254
0.4583356183
0.4008547358
0.77642968
0.7736142725
0.004316044599
0.9929380178
0.3678384935
-0.07033476457
0.03091846555
1.021143848
-0.02355588265
0.5412963837
0.308125381
-0.5105063796
-0.4207695484
0.6439500317
0.05245817732
-0.5157512709
0.07429621071
-0.1770080112
-0.3448701926
-0.3960438184
1.0961853
0.06045517214
0.3576329903
0.3983705431
-0.5812015757
0.1524335179
-0.1463781292
0.109743211
-0.6092880994
0.5968948491
-0.3936849836
-0.6046783119
-0.8761094362
0.04056227542
-0.6398602515
-0.4191711778
-0.4009561144
-0.003548251372
-0.4323331393
-0.4115714338
-0.06533769239
-0.149680103
-0.3321000986
-0.09851347059
0.1864116661
0.2466236187
-0.2316350278
-0.2618980775
0.8237348944
-0.1749566119
0.2727362946
0.2182050798
-0.007999743149
-0.6877591595
-0.07926373631
0.6896444246
-0.1327438923
-0.4594638634
-0.4131378185
-0.3783046804
-0.06151890568
0.7444658659
0.01229324397
0.02814434743
0.8470966026
-0.1933020916
-0.3881496288
-0.5577362075
-0.09407544732
-0.3424707068
-0.6110136725
-0.6743161276
-0.3260550449
0.07980547491
-0.0982632434
-0.5553791359
-0.254781913
-0.1707800495
0.7593394651
0.1018720916
0.3851872742
0.08347191419
-0.05834454233
-0.4087779177
-0.6322777197
0.7234656245
0.1007883476
0.08897295948
-0.3507561661
-0.7038150162
-0.401006192
0.3484223939
-0.2743155744
-0.5121485889
0.4862500031
0.108265768
0.007723300811
-0.1757576773
-0.6378002234
0.5852210373
1.063969303
0.07559831962
1.065864259
0.2892231215
-0.4665496342
-0.7429771721
-0.2730003528
-0.7003118351
-0.5534219928
-0.8432342201
0.6545241192
-0.2716566111
0.05068606939
-0.4214168187
-0.2471166367
-0.6180367678
0.1603662789
-0.3966750661
-0.1636445554
0.0961818764
-0.6186638281
-0.2288786471
-0.5906112432
1.059298481
0.04336360516
-0.1473819358
-0.2659449399
-0.6259021997
-0.503520681
0.01885641925
-0.1644310651
-0.4005700978
-0.04535461664
-0.4576991037
-0.067134446
0.154818148
-0.3231869984
0.3083500504
-0.5281030133
-0.1635297783
-0.2059085429
-0.03597673792
-0.1653138278
0.6012069009
-0.06602101773
-0.05329373828
0.07318996601
0.4582944553
-0.003391805105
-0.6403211489
0.05370490234
-0.0800250588
-0.08550553247
-0.4902937034
0.3905935753
-0.3754773285
0.003702610731
0.3561709702
0.2314280478
-0.1391146746
0.264410669
0.01600572048
-0.5026385307
0.6253913902
-0.1507960785
-0.7175209776
1.048460539
0.7560153771
0.2866645597
-0.1002949413
-0.1560172528
0.2282434328
0.1987470862
0.4569091491
0.01531668003
0.6638886467
0.08463369142
0.1504890799
-0.3299756713
0.3654563658
0.02852248475
-0.4849985119
-0.2119825615
0.2075419017
0.4624241643
0.3971663665
0.9544000268
0.6112945386
0.1143333891
0.4752010338
-0.3158841811
0.4445329778
0.120190637
0.6647096246
-0.0006832299754
0.2906660268
-0.02143275198
-0.1844913743
0.5018391754
0.4354047142
0.6877056181
0.1739072959
0.04825211391
1.264740025
0.02262334367
1.168291375
0.6191968478
-0.4824543476
0.3284587985
0.5659307614
0.9376792341
-0.2762942009
-0.1181623543
-0.3008471066
0.8521133661
0.4408837845
-0.2142134916
-0.3255498504
0.4878900256
0.7180898055
-0.3494542035
0.3212871927
0.01147678485
0.1724236157
-0.04280777667
0.5852625161
1.359950003
-0.2962693226
-0.551384297
-0.2946504004
0.5090081602
-0.3612135211
-0.1820701716
-0.1348611867
-0.6096453801
0.4234821096
0.3906521671
0.8704657286
0.2593659722
0.4712470412
1.051965591
-0.4191175247
0.7851811007
1.21649619
1.032707408
1.160457053
1.319116297
1.536300495
0.1951900825
0.1028610656
0.01260907669
0.2815297857
1.79565385
0.4602786846
0.8645798322
0.4479514083
-0.06052836981
0.2632542918
0.09825995686
0.08489135923
-0.5662664831
0.2616985969
0.4979812562
0.2910536529
-0.556470184
0.1283237025
-0.2456970625
0.03717822814
0.09949432798
0.09208149938
0.01085180379
-0.09902182762
-0.6130122423
0.09306786023
0.1726819113
-0.06925707106
0.4328028508
0.3429353066
-0.6166388303
0.588853839
0.6014448889
0.4563654453
-0.1485326
0.2131940428
0.1471495703
0.9997615583
0.175942599
-0.01201611459
0.5933493666
-0.5886287563
0.4986948512
0.03255681731
0.2552215517
0.8016043559
0.208598985
0.3732568711
0.769287248
0.2872252831
0.1999390619
0.2411274757
0.1392193956
0.8116861485
-0.08193990886
0.2347466903
0.2919982959
0.3743642259
0.1037406231
1.195018551
-0.06808121596
0.8374128222
-0.1074464664
0.4356223896
0.123241148
0.1619525783
0.1353185309
0.8458221406
0.879526788
0.1520666074
0.9812373459
0.9023644358
0.07214663941
1.727073854
-0.3754344277
0.6507544912
0.1880539089
0.390296784
0.8846473932
0.8775456995
0.03034697473
0.4408467527
1.159011725
-0.1182325551
-0.2261776581
0.4990703337
0.2189237155
0.4236081272
-0.1584014253
-0.6489854708
1.114003271
0.2385903932
0.8456394263
-0.427395609
0.5792766146
0.2836969107
0.520729056
-0.06311176261
-0.3516186435
-0.2931058904
0.1141798453
1.1376598
-0.04042652622
-0.4796660334
0.3022065813
0.004666161165
-1.043652478
-0.2580271594
0.3899794415
0.01665610559
0.02623427538
-0.559962099
-0.08516434375
0.4599841371
-0.2711990008
-0.2849903064
-0.2262511898
0.005467857234
-0.5962366104
0.059927053
0.5152148746
0.8789625674
0.820901078
-0.6895434052
-0.3478049302
-0.4356821552
-0.1122564103
-0.2623345263
-0.5461863257
-0.3315044016
-0.7403594911
0.4122603081
-0.3274431009
-0.1233859407
-0.7505783856
1.504191124
-0.5214616872
-0.2091491062
-0.270180615
-0.8686260313
0.3833556775
0.839466919
0.2220922951
-0.4215609061
-0.7435434848
0.7481487811
0.972251296
-0.06923100716
-0.3052011143
-0.7252162546
0.01292965394
0.6436147809
0.3620404229
-0.08713913192
0.05596247129
-0.115090945
-0.2685430175
-0.1882455394
0.4786790304
1.815917158
0.2873009577
-0.02379876133
-0.4683635145
-0.6045078665
0.007051215693
0.3476036429
0.03090332085
0.2655488459
-0.3043549214
0.6546298414
-0.5641730234
0.4073821165
0.459726274
0.0924115208
-0.3766915265
-0.5342803553
-0.5671410568
-0.3563612249
-0.3819582149
-0.07426280221
-0.08349618148
0.001939311624
-0.04007500634
-0.531507577
-0.1958992817
0.7548669159
-0.01802515211
-0.003878619149
-0.03954203939
0.04459390976
-0.7547948241
0.01417050427
-0.06850637831
0.6679450676
-0.3990375109
-0.225520188
-0.3209183961
-0.3565449871
0.06315820068
0.1018060878
-0.7566220202
-0.7787676806
0.2904842963
-0.3461860497
-0.5632252663
-0.5133365421
0.04173560292
1.291728655
0.5631606609
0.8322034538
-0.2814433422
0.3263008617
0.1242907325
0.6683317892
0.2711496251
0.3588558652
-0.863021484
-0.6279331461
0.8995750666
0.1845860273
0.4753856979
0.2783287765
0.185114412
-0.1609299866
-0.1056521488
-0.1153351575
0.1558093593
0.1202087255
-0.4504262768
0.2442387607
0.6197732016
0.3682751916
0.7994552761
0.3489201359
-0.1853904344
0.4329946287
-0.1083925553
0.1699992023
0.3016129035
-0.2395034334
0.6143730864
0.1474831365
-0.3249863027
0.527838422
1.104323147
-0.08991695549
0.4761191482
-0.02708950192
0.2781396858
0.09858253188
0.3171481709
1.00587928
0.4292261846
-0.2913642058
-0.03517427705
-0.06442586929
0.05083081024
0.5839455992
0.4058614384
0.0420772491
-0.04661883721
0.4481005007
0.5812436273
-0.04832550287
1.096431491
0.1250760902
-0.2887539957
0.7371545613
0.552536194
0.2740618047
-0.2634645712
-0.3433155272
1.173578918
-0.9873799384
0.7171017006
-0.09143720539
-0.4016038403
-0.3226506545
-0.2290919475
-0.7129491478
-0.6565867394
-0.9398575336
0.8670392632
-0.172127237
0.2351528216
-0.005875951331
-0.1204924302
0.009304322209
1.718632939
0.4416815728
0.001721810177
1.127067423
0.1297711669
-0.07366804853
0.437111669
-0.1571357053
-0.3645697821
-0.3144033927
1.108457538
0.1336448375
0.7146696933
0.3660753015
0.4703826401
-0.4717486322
0.2465117183
-0.194797116
0.3299590092
-0.1621206881
-0.1309676535
0.03067462621
-0.307394056
-0.4670505136
-0.6713068217
-0.3670443349
0.02619499452
0.4040921431
-0.1661139073
-0.2341373239
0.5601379478
0.8749797038
1.36921037
-0.07090575695
-0.9029738113
0.734942105
0.1081241459
-0.5676188029
-0.2448050134
-0.4902080506
-0.4021815687
-0.1749892144
0.658010629
-0.06861821599
0.147676331
0.4985419616
-0.07279435489
0.9685885549
-0.1118504999
0.327461832
-0.1244460648
0.3021654148
-0.548010812
-0.08636057191
0.06523030419
0.1013028499
0.7990225524
-0.3292853761
-0.1735358542
0.1059462
0.8250301272
-0.04960610475
-0.3080245644
-0.5810429081
1.155823649
1.301490331
1.233226639
-0.5140603095
-0.7118329376
1.713497068
0.2714623341
-0.1043779723
0.3458474973
-0.1326544161
-0.08338294406
-0.6453028426
-0.443716836
-0.3207524329
-0.3233470779
0.2620771255
0.447274071
-0.1019580383
-0.6663316935
-0.3077313874
-0.1655919999
-0.05182079319
0.8241722561
-0.2291507259
-0.1152341107
0.3887652505
-0.2859435122
-0.08352127708
0.4704825521
0.2460367434
-0.1384426082
0.01734560728
-0.3996373305
-0.4715840846
0.7905051604
-0.4656209014
-0.4679524316
-0.1049729329
-0.06282761171
-0.2484802122
-0.1148309495
0.1013293495
-0.1341245756
-0.1419609961
0.3300085157
-0.1780317284
-0.5969121233
0.0563028791
0.06136529678
-0.5746190891
1.336640722
-0.2436204791
-0.09158003666
0.3878731601
0.4380531309
-0.00369124338
0.2556227855
0.3453869106
0.7032835081
0.5435153604
1.008461925
0.04117834326
1.014193004
-0.6331264749
-0.2151984541
0.4278755754
2.23679606
0.444957421
0.5067731805
-0.002715830412
-0.1625095597
0.5041342204
-0.2872877259
0.03035466503
-0.8685542971
-0.6030462727
0.5999088019
0.8972336344
-0.4454170078
0.2970982328
-0.02636943304
0.9974980101
0.6927315496
0.6452373683
0.4822095573
0.1057664319
0.1810542995
-0.2745439581
0.1954488773
-0.155483216
-0.293002771
-0.5642885685
0.3769695282
-0.7324443787
-0.3759302195
-0.2938066712
-0.5199227929
-0.7046858311
0.4418480447
0.7550216928
-0.580919205
0.2463359568
0.4291792519
0.3810963212
0.1053398978
1.296057422
-0.6786514133
-0.06773095988
-0.08772850204
-0.4695926309
0.3876516297
0.510874372
0.2442086622
-0.3963634327
-0.4576635674
0.1737368857
-0.5436067682
-0.3193976132
-0.8889605939
0.2365247388
-0.1261290259
0.2975609917
0.5488685086
-0.6023698002
0.1032517536
-0.05947162313
-0.09632041976
0.4468504511
0.2766072989
0.09702126523
-0.6401868701
0.4145525612
0.0546485248
-0.1679071743
-0.1371249549
0.6922939584
0.326651942
0.8630514473
-0.3165308315
-0.7059009746
0.5928246349
1.03905018
-0.6279240191
0.4492473248
0.400677249
0.3941599876
0.5769292209
0.7129463151
0.05078402748
-0.1692257956
0.2924269564
0.4383924328
0.04764955044
0.06039597038
-0.607646887
0.286104699
-0.07293875255
-0.002405848913
0.558770382
0.07627976425
-0.3805926107
-0.1540256068
-0.6944795489
0.2343294051
-0.06271040197
-0.1642330172
0.0546539899
0.9276903018
-0.525813809
-0.08173420201
-0.4812638342
-0.7352854326
0.2747441156
0.1790554228
-0.06980994493
-0.1950281937
0.776787927
-0.6010643467
-0.1682574954
-0.9160654962
-0.4207890853
0.05910705272
-0.2286989931
-0.6293175399
0.7379413575
-0.1112169889
-0.5988971464
-0.5051917642
-0.23913466
-0.7455765158
-0.0780052695
0.5368288837
-0.4447567388
-0.2317485908
-0.09655911932
-0.3231835634
-0.3721710466
-0.09011892583
0.01962763686
-0.117026085
0.020315695
-0.2348708881
0.414017975
-0.3267836146
1.352485397
-0.4280433189
-0.5652647316
0.3527506977
-0.5102107953
-0.1937713897
0.3381752964
0.7909579188
0.3599655032
0.2465299372
0.03732640883
0.2863600951
0.3575722605
-0.2841652196
0.5196293384
-0.1046052503
0.5836791947
0.3929527801
0.113598136
-0.3602366388
-0.01008251356
-0.3624693729
-0.3524184778
-0.006795305386
-0.1241845198
-0.0244420897
1.301984883
-0.3659410503
-0.4155441191
0.183387104
-0.1576498114
0.1104256509
0.5009383725
0.5188742712
-0.6445536569
1.3281551
0.05553118642
0.2522458069
0.4420513304
0.9601615146
0.2747773644
-0.1008748589
0.3661491236
-0.2444913981
0.2711127453
0.7467686519
0.07408280536
0.5059278398
0.3037361022
0.3015566733
-0.03858890049
0.9174914345
-0.2523270346
0.06287846612
-0.2012561185
-0.608127442
0.4813319813
-0.2111726632
-0.6683397144
-0.4923249699
-0.3482422009
0.8034394801
0.5541737579
0.1687599465
0.7307543844
-0.2932628628
-0.04978649952
0.5560605178
-0.03858960234
0.01810897812
0.474742021
-0.1270689247
0.8600297302
0.179720564
1.029157192
0.4653530806
0.3215518668
0.7278390326
1.219007605
-0.1729250025
-0.6032821909
0.5454922166
-0.1381421981
0.2036677232
0.5534516171
-0.546671427
0.4244921794
-0.3747859165
-0.434691895
-0.1818993147
0.4629538245
0.3197166689
-0.01066514095
-0.2743488684
-0.5010128975
-0.4413830683
-0.6354967535
0.1340414574
0.4869671173
0.6133790739
-0.1550558425
0.5105295569
0.4877262741
0.1787209556
0.5581859708
0.2246845242
-0.04467253909
0.7250369012
0.08830472659
-0.1998748608
0.4763603345
0.3037299439
0.6582793102
-0.5136104964
0.2051170075
0.2237664333
-0.04143910799
0.293423716
1.173078981
-0.1464621836
0.8293257698
-0.1557905264
0.328943818
-0.1027843868
0.336721972
0.8139143292
0.09502377398
-0.10157196
-0.1390219314
0.4517141687
0.3276786946
-0.2454711451
0.8188943714
-0.3384623574
0.4522946477
-0.01890129037
-0.1630372237
0.001896196976
-0.1434336496
-0.3009723671
-0.2727339167
0.7252509639
-0.2015842112
1.068963577
0.7752828896
-0.0449849626
0.1222320955
0.04561917726
-0.6494362302
0.7639065174
0.128585705
-0.1302081023
-0.435548874
0.3329656444
0.8998488814
0.1695243411
0.821302335
0.03571037995
-0.3467027582
0.3553277219
0.1660533672
0.1287890096
0.2641256345
0.6613034487
1.088008195
-0.147304558
0.4317470971
0.4057716444
-0.3498403557
-0.4382914649
0.3801426865
-0.2119534511
0.2536534443
0.06053328523
0.080872849
-0.2805561219
-0.2632063031
0.3785685107
0.167096596
-0.2439226419
0.04757961724
0.7831261531
1.297412854
0.6908338398
0.1766815996
0.1074032387
-0.1218727414
-0.06043916158
0.9810682207
-0.4290224615
0.5007476181
0.9867183492
0.01091623213
1.094088843
-0.7670522302
0.1185723003
0.469342792
-0.1631200777
0.3921804927
-0.1088814862
0.1254898607
0.2583410466
0.7856332116
-0.1511570068
-0.2076820504
-0.1204195457
-0.1894859642
-0.1825038961
-0.2664254259
-0.5225060152
0.1809095159
0.07334329784
0.5160834469
1.185234506
0.005544805527
0.4788935587
0.3682571258
-0.03006059863
-0.4197784975
0.9015460167
-0.1758600557
0.1266704295
0.2141194822
0.334546276
-0.2892824486
-0.5056720298
-0.6251383945
0.07885770127
-0.0925294375
0.3743749432
0.6533488356
-0.2426374737
0.4110495823
0.7688468069
0.04120290522
0.5962588847
0.8922098126
-0.08582495824
0.5641585477
-0.05442717988
-0.1562265493
0.3970106557
-0.3475633152
0.0659803275
-0.639917329
1.020589805
1.095427099
-0.01586156627
-0.3504164437
-0.0378335244
-0.4874322884
-0.2453207161
-0.6078035086
0.7354864731
0.01267028078
-0.007833340019
-0.03224792248
-0.05771147665
-0.8013943225
-0.2203866392
-0.355772724
-0.3968456976
0.7820912696
-0.3091370003
0.353371512
-0.3017927177
-0.6852722764
0.9265770376
0.2102163862
-0.127113945
-0.2709541786
-0.2258249074
1.286785932
0.1019421343
0.3032209497
-0.3810447603
0.1921958407
-0.05763817457
0.5917595394
-0.2720002389
1.208217707
-0.01699014325
-0.4002959695
-0.4714110237
-0.5984537765
0.09053361993
-0.3070576757
-0.5039893612
-0.1104944687
-0.5478423104
-0.4881196365
-0.6488727331
-0.4152023219
-0.2482719539
0.03706601672
-0.2860400416
0.03225795105
0.8107643023
-0.7854717046
-0.4940442204
-0.3253304757
-0.4090290442
-0.7019445479
0.7134478144
-0.1316813439
0.1071988995
0.08743647076
-0.7512805447
0.6869495865
-0.1674422361
-0.4950847775
-0.3372178748
0.1398031896
0.1989482915
-0.540142516
-0.1817179972
-0.4630941227
0.3214923443
0.1235217457
-0.2050713079
0.02626923621
-0.2507786553
-0.2735800233
0.1910151215
0.07501757499
0.09449595194
0.4925219506
0.01211411543
0.4644013435
-0.370344191
0.9691352963
-0.2155845545
-0.2764930051
0.703847684
-0.4469821133
-0.04052621312
0.09946233444
0.1754675137
0.4441412399
0.7674764458
0.5921534404
-0.8626090795
0.06091820644
-0.009526811726
0.1280993376
0.6734740481
-0.1193409525
0.3027019186
0.5016784668
0.3853760367
0.3799059732
-0.6915964648
-0.8985250711
0.8503103584
0.1772443604
0.08302896377
-0.1545700451
-0.4543281429
-0.01632243618
0.1178055214
-0.2489595219
-0.6868937731
0.1633040654
0.07555093318
-0.5649150766
-0.08318280419
-0.3438904278
-0.5764121696
-0.2319704579
0.8839889858
-0.2129495189
-0.05439130235
0.1012903571
0.6608458996
0.2251770593
1.217266791
-0.08177513629
0.07846919931
0.1682430085
-0.6007775232
-0.8168151796
-0.4852968745
0.2139522247
-0.273428534
0.5015654042
-0.4345629727
0.3071271807
0.5671881706
0.6307981625
-0.3400725115
1.19058134
0.4093345121
0.6394884676
-0.3513395887
0.2203196067
-0.3712772407
0.7269349754
0.5525995396
-0.1906257909
0.4031846777
-0.4004079247
-0.7050297439
-0.4065959185
-0.4879919946
-0.3841719866
-0.4576409221
-0.1940444689
0.9532480888
0.06093329024
-0.9611501127
-0.7227799222
-0.4594204629
0.1514783067
-0.3391829379
-0.2139924445
-0.5264296267
-0.482148622
0.006657073833
0.6932630055
0.3080894388
-0.2322331643
-0.2294884596
-0.4912375063
-0.5692865852
1.033093338
0.4210900955
-0.2080037653
-0.6442556918
0.4108958853
-0.382138231
-0.1543221682
0.4808219641
0.239399496
0.1262394102
0.5216503963
-0.02219817564
-0.2488897499
0.4696564101
-0.2097645798
-0.1732838182
0.5408709966
0.6053104773
-0.3690103821
1.606118008
-0.2640687529
-0.5676523134
0.282144893
0.2882728826
-0.5976173863
0.7056192197
0.3156380607
-0.4298405867
-0.4720792059
-0.3662145546
0.07945202887
-0.9763834774
-0.632282874
-0.1549247598
-0.4711328173
-0.3451913247
-0.665363203
-0.03670396805
0.06556329075
-0.4643650182
-0.1188093323
-0.3012875102
0.6076194286
0.1732205525
0.8657493189
0.7250031941
-0.3264520273
-0.2540659171
-0.9839418948
0.6403278802
-0.1795007648
-0.2405043706
-0.01572027844
-0.2622793113
0.3526946527
-0.2542827196
-0.006524838833
-0.09730349109
-0.4264922895
0.4147877675
-0.4078345284
-0.3534050353
0.9834629193
0.4209599327
-0.1453579534
0.4365933821
-0.5869321942
-0.265331668
0.5971013675
-0.1489913549
-0.6723540485
0.454740748
-0.2785876084
0.06588112041
0.2172851246
0.7426293988
-0.5354476109
0.4721700326
0.3458944693
-0.06342002088
0.3636854421
-0.3516425163
0.09229397103
0.2038782099
-0.7559940904
-0.009331470961
-0.2385329887
-0.02332942765
-0.4787778012
0.3672753539
-0.01929642502
-0.0421998078
0.03314459138
-0.6153383151
-0.705401808
-0.1007666346
0.005117368884
-0.4410816416
0.06657257602
-0.5657814361
-0.2090075344
0.573366195
-0.7002417162
-0.3136738993
-0.391162058
-0.6019001134
0.04872073065
0.3075559432
0.02495831382
0.09893582091
0.004211620986
0.1361143753
0.3786578781
-0.4408173785
-0.2936603792
-0.2884490464
0.2961777613
-0.6243472248
1.008335806
-0.03011088362
0.2356810572
0.4831358366
-0.3176956359
-0.7979707956
-0.01308253892
0.5339020099
0.8249411985
-0.4403494231
-0.4286715634
0.00321950689
-0.6070348993
-0.5362460941
0.6601547919
-0.5713004768
0.7927233443
-0.2462660519
0.1868792091
0.2021325353
-0.2848350424
-0.7870355994
-0.7717476949
1.064507911
-0.3312771589
-0.09126541261
0.2168556975
0.4852452997
-0.4207181275
-0.6437406838
0.4774917883
-0.4841161087
-0.479818847
-0.7006814212
-0.4109539643
-0.2455657259
-0.5963950798
0.3861725714
-0.4512018025
0.04918028091
0.2843743563
-0.5584330499
-0.4552481696
-0.2435803842
-0.6693250127
-0.6246881545
-0.1504467332
0.03659576904
-0.8701936692
-0.233451502
-0.09109213464
-0.3969248332
-0.2239821931
-0.102437754
-0.4847774699
0.3363757722
0.2787033577
-0.09741789084
-0.1797929876
-0.4027030203
-0.8410421193
-0.3534595422
-0.6394534126
-0.3253050992
-0.5811913311
-0.3696163069
0.3729694627
0.04010275193
0.8267800331
0.1561970379
-0.1545727094
-0.134471013
-0.4987835387
-0.7461760551
0.06099410485
-0.7127724305
0.1546784212
0.2475184165
0.07755604889
1.400084181
0.7353555147
0.382313861
-0.2996129386
0.03023833171
0.614158994
-0.09415930891
-0.5773094207
0.222268097
0.6712034822
-0.7198189586
0.3345485663
-0.2410220005
-0.5886818975
0.2710049525
0.2099083864
-0.1198085204
-0.05103749521
-1.013276777
0.1252981748
0.2115853179
0.5611681759
1.036350244
0.2577837468
0.4670756631
-0.4555649392
0.05872369725
-0.5314300954
0.1950648572
-0.5343799166
-0.3850899685
-0.1072106079
0.7128701977
0.04290692764
-0.2509533482
-0.1581817586
-0.1217187297
-0.02141762599
-0.4657034993
-0.5160824716
-0.1738806812
-0.009530319273
0.7006950818
0.4702048458
0.2758816702
-0.3718713902
0.4599209726
0.173511005
0.1851813575
0.7942296274
-0.1970533885
-0.3438414618
-0.2998512439
0.01784389503
0.3901176115
-0.03949316908
0.3622041836
-0.144146038
0.2499186264
0.01833160808
-0.05494854143
-0.08548083026
0.6867833629
-0.808737123
-0.09951175991
0.6920450822
0.1951626321
0.3998760581
0.4368266106
0.1951568295
-0.225451942
-0.1191144981
-0.624695608
-0.211679011
-0.6322356828
0.03502713209
-0.5902754784
0.7877737761
-0.4673077039
-0.1214791901
0.3212833714
0.4596768603
0.7710865706
-0.03298733346
0.1858210217
1.632072479
0.2297021934
1.234235135
0.6301376075
0.6008838564
0.4307657942
-0.5044777334
0.5420163944
0.8086392313
-0.04128520843
1.085211705
0.1696491588
-0.2911770682
-0.01252396479
-0.7201076061
-0.3047330629
-0.545042333
-0.04986284785
0.3687784788
-0.121359868
-0.7768878788
-0.136425269
-0.02722948082
-0.4330271147
-0.3457420804
-0.3443193845
-0.510876593
-0.0538645748
-0.5109854177
0.133669539
0.3363917997
-0.5773062997
-0.03469444336
-0.2692839321
-0.2479716279
0.2089639438
0.2463131074
0.1693250205
0.09274269547
-0.447826077
-0.3055630449
0.9061978176
0.3939803459
0.250887643
0.432197468
-0.6203390464
-0.2605308099
-0.4751598358
-0.5349481776
-0.9243130893
-0.1374604758
-0.3558206666
-0.003227995709
0.7783892006
-0.2240491921
-0.1881301639
0.1368508773
-0.2982488159
-0.5451549008
-0.2742245819
-0.05478755385
-0.2388764154
0.7536801537
0.4629493669
-0.385950082
0.7208552912
-0.1727284506
-0.4170144275
0.3798726536
0.7339509316
0.4533050336
-0.02805713005
0.5981041022
0.4500599187
-0.04755676463
0.25423584
0.6716407508
0.5757680602
0.2135986518
0.02932778522
-0.1573937457
0.8931205869
-0.05597024951
-0.2702449843
-0.004110945761
-0.5201567248
0.139682393
0.3862307232
0.6705186173
-0.01486325916
-0.3024928529
0.1786507115
1.15654805
0.167603948
0.1741308104
-0.02410695981
-0.5011899518
0.08885133024
1.002172958
-0.07514234986
-0.5253889766
0.08868612889
-0.1397440919
-0.4978162562
0.2180990685
0.491632963
-0.1024726998
-0.2642193045
0.5327140406
1.706143618
0.5009128392
0.3034876702
0.3716428868
1.094405062
0.05898893438
0.9402982309
0.8838469014
-0.6629346743
-0.4052020822
0.320304531
-0.1554704161
-0.2025734185
0.5272211432
0.440388418
0.203931834
1.473013192
0.2966658391
-0.416232207
1.105607641
1.199848986
0.4275353627
-0.2610410161
0.09474187866
-0.07646047212
0.3675252363
0.02699587913
-0.03519609254
-0.1272858972
0.5542929195
-0.1613024674
0.2336016852
-0.1613723285
-0.6037285328
-0.3299332779
0.3644129332
-0.7190847456
-0.04573658407
-0.4065228581
0.473002772
1.2911561
1.142524065
-0.3491356431
0.3832962036
0.2968142577
0.02514982931
-0.6636327878
-0.09283821038
0.7515564755
-0.5794034388
0.6808078904
-0.5586948067
0.3081734795
0.5144112229
0.2613904305
0.2932659205
-0.5451674055
0.1387362914
0.4164373681
0.3136381188
0.3221791549
-0.2687474679
0.3559645094
0.3264945856
0.5792136766
-0.00111846393
0.5079489525
0.6975196302
0.818736589
0.5977513328
0.3475155735
-0.1540865424
0.7959063694
0.5747289531
1.070518774
-0.4699336626
-0.209034032
1.406706238
-0.008238904551
0.01577495076
0.3089774776
0.3676018484
-0.5076571014
0.3390050326
0.3919305568
0.2245558487
0.2283142962
-0.2984058615
0.4584891371
0.4700804852
-0.3364200428
-0.6441609442
1.157893071
-0.3277919376
0.1076572375
0.3559824225
0.7515208416
-0.3261422765
0.9513063759
-0.2437378541
0.1193352956
0.1727476262
-0.1576362351
0.6011470109
0.1451273562
0.6337297358
0.2959523618
-0.5657213159
0.1245037084
0.8027911797
-0.05679072756
-0.4559600525
-0.2981260002
0.2921193268
-0.4445860885
-0.1078655813
-0.187573147
-0.1019883754
0.007564394921
0.2483290842
0.3540456647
0.5366846703
0.1988901112
0.5356839933
-0.3762011336
0.08202353595
0.1172928069
-0.4013439121
-0.5999642968
0.3100710008
0.2371876393
-0.1243937463
-0.4444747195
0.1119523507
-0.3894807894
-0.6067826413
-0.8269061491
0.3485499108
0.3189037465
0.1305504777
0.4025438398
0.43784406
-0.5756796703
-0.4146046754
0.4865713727
0.2778971944
-0.2074859126
0.4648645863
-0.3216246806
0.6699765205
-0.02326775938
0.4943634167
0.01745874453
0.2022453561
0.181468052
0.458446346
-0.01191669349
0.847932443
0.7533935174
0.2119595862
0.5647826336
0.6825080931
-0.07840002514
-0.05760806082
0.658062391
0.2240177621
0.4766920723
0.9881397158
-0.1393497031
0.875507468
1.076633779
1.115751886
0.1361132955
-0.1110736555
0.502471652
0.6676501311
0.2436923832
0.3609230846
-0.04717538506
-0.1093586911
-0.2954052696
0.09527983759
-0.104855185
0.690841509
0.7009614207
0.4826590355
0.09640229698
0.179077357
-0.1028455008
0.726547128
1.238500306
0.3695871487
0.9655418057
0.7766456544
1.713861474
1.323316154
-0.3631117413
-0.2989457095
-0.3541917419
-0.1960884281
-0.1012065828
0.4046845421
0.5505046931
-0.2586878356
0.1629553262
0.7012299299
-0.056294234
0.188370997
-0.29065431
0.1409759052
0.2377082484
0.1319995372
0.1627680492
0.7291209698
0.3505364828
-0.2612677878
-0.07641352173
-0.1650303724
0.03198227007
-0.1961847065
-0.1262825495
-0.2199117672
-0.2026398633
0.776617755
0.9168111354
0.4345070075
0.5916548535
0.5064431578
-0.6376500323
-0.1047203064
0.5939514197
0.8806564059
0.5560636267
-0.1244544896
1.300714648
-0.2993833482
0.6312689489
0.3300021172
1.241229093
-0.3985788872
-0.6588796765
0.472101859
0.1721088856
0.3136085024
0.3595865533
0.5344974838
0.9701022685
-0.2168630024
0.7664624013
0.3174588826
-0.6226545274
-0.3424277313
0.490360444
-0.1014783259
0.4376704048
0.03222842384
1.48017142
-0.05291146263
0.8021413535
-0.3988333343
0.1288839705
0.6215469988
0.04383758362
0.20619472
0.2514341259
0.3286806954
-0.7789554209
1.011370353
-0.280872491
0.1204728286
0.005572070926
-0.1607802821
0.5368110165
0.1282359775
0.3123944032
0.5083641078
0.7790225782
-0.008851506189
0.4939957574
-0.0001196062192
0.334423512
1.07619375
-0.5852075517
0.06445040591
0.5365377456
0.3892720884
0.415718336
0.4705707417
-0.07703301627
0.2144465039
0.4961598426
-0.5082726136
0.3945604242
1.083037695
0.4563737527
-0.139376219
0.7095600143
0.02741552424
0.07416660665
-0.0617817739
0.3506675545
0.1414488003
0.6646678254
-0.01891011782
0.2234541001
0.1885574363
1.206298038
0.2892778964
0.4741242465
0.921856916
0.7203812651
0.08853872903
0.1630861592
-0.2403007217
0.3264513643
-0.4957012989
-0.2429643957
0.4126038533
0.5719734237
-0.2356669124
-0.6505318314
-0.01716182465
0.0178476668
0.5070416868
0.5373513401
0.4347822651
-0.001135834679
0.08614257416
0.1811817335
-0.08265049234
0.1793406131
1.528605369
0.1776903324
0.02063671611
0.1542827235
0.8932874322
0.3575289391
-0.009415751603
0.3496293716
-0.3189005263
-0.4740656942
-0.005969398282
0.5371554032
-0.4137587853
1.238660019
1.005753199
0.3396687046
0.2872020775
0.7588374913
0.7148105621
0.6777627349
0.4735603422
0.1012667291
0.05974803688
0.4790956296
0.3812449615
0.1471587347
0.3281738024
-0.3482166301
-0.05121762529
-0.1458453329
0.4526682826
-0.4206713796
0.2296627462
-0.0982803395
-0.5653116852
0.01306778621
0.5012337582
0.7136297328
0.7554259561
0.5170304845
-0.0664192697
1.085990353
1.082329017
0.3187703192
0.06915885033
0.2246127836
-0.4174518928
-0.2965890191
0.4514629833
-0.1343410149
-0.1172652995
1.332601023
-0.5585436791
-0.6324952051
0.02603618419
0.1825584168
1.23002224
-0.1603280051
-0.5052716538
0.4180059865
0.222421674
0.06153380442
0.6276366681
0.7188937813
-0.1877816018
-0.02884535519
0.6753654599
-0.5723480932
0.04349408317
0.4476864511
0.4852666393
0.9055454791
-0.09576167967
0.1631058048
-0.8198416248
-0.04100520909
0.3417857666
-0.5018244464
-0.01850720774
0.05039152559
-0.7208150074
1.250577676
-0.5213873081
-0.2322529744
0.6094336927
-0.2198184259
0.002263390087
0.4717693336
0.06320578232
-0.2011733498
0.1296097133
0.2678668516
-0.274297554
0.8431500703
-0.1218261553
0.008667045087
-0.2309124101
-0.1309159309
-0.2297359345
0.6263534516
0.05582748409
0.3030641364
0.08280067183
-0.5906627961
0.1285938272
-0.3925808206
0.1243992627
-0.4180611987
-0.09504108485
1.019449757
-0.1884661355
0.1675193708
-0.3020353559
0.02239744775
-0.3556616731
-0.5055837661
1.176262847
0.5942192726
-0.03197898343
-0.6495611286
0.2293972892
-0.02157191765
-0.03428697409
-0.2453774653
1.471165049
0.1670855428
-0.3447539678
-0.3446118791
0.1275890905
1.071145248
0.4719835358
-0.3335515691
0.09314042954
-0.276774434
-0.06034013256
0.6471504789
-0.2834109472
-0.1440958604
0.0824747283
-0.4867852688
-0.4239700392
0.02560140248
-0.4467553852
-0.2781264227
-0.4038604498
0.7734151624
0.6062567249
0.06866349354
-0.3250646893
0.1626540824
-0.04985050261
0.3358117636
0.05024343487
-0.1258684484
0.9811016001
0.3419033758
-0.05288156639
0.225792773
-0.3130824398
-0.2289701464
-0.3539985247
0.3671991983
0.7595742151
0.4622287963
-0.3001171395
-0.2490118301
-0.366135478
0.8675762892
0.1509537634
-0.1462566864
0.4727651276
0.6527358785
0.8852507487
0.734781529
0.4331876
0.1085766987
-0.3893144695
0.1360681542
0.4428672256
-0.6883677915
-0.01102499124
0.9798311852
-0.1217521865
0.7172957882
-0.5174822021
-0.2282482468
0.4710670814
0.4483488478
-0.04852395868
-0.4039569414
0.278549277
-0.135787959
-0.1535738463
0.3602398325
0.4156720117
0.1097386756
0.4569622576
-0.2805453463
0.02758910395
1.008412543
-0.06288352013
0.6676790416
0.2888379803
0.6110244632
-0.5273373285
0.07109293453
1.323462939
0.01568220761
0.4085189927
-0.3159127659
0.04601410702
-0.1220544362
0.4427681118
-0.304436964
-0.01758473553
-0.1040215958
-0.6362151146
0.5910458663
0.4318043772
1.244118583
0.8357524782
1.215235436
0.800038752
0.3746139509
1.200561342
0.2877357673
-0.02121458035
0.2734864959
0.1242273122
1.405564135
0.3053215081
0.3790711872
-0.173358734
0.0419569185
0.6906214625
-0.314654202
0.8102448434
-0.364683588
0.001185296103
-0.2434857333
0.3107270217
0.3821896292
0.4694667429
0.3623961456
0.224191278
0.6281451114
0.5159496285
-0.04648936596
0.004505086504
0.6064032353
1.001331393
-0.05941762682
0.7750086963
0.6208218127
0.02487198338
-0.1540025266
1.138238943
-0.03413484786
-0.2531632282
-0.02581807747
-0.5165900812
0.4511836214
-0.2227136802
-0.3802018099
0.9354469597
0.262737268
-0.4326384932
0.1902682739
-0.3847964685
-0.2463736594
0.2151874438
0.2693482857
0.1282392638
-0.1117410719
1.075411379
0.9849060565
0.4112900725
0.2730435791
0.2281836048
-0.4864501774
0.2635943985
0.2184115615
0.7098523408
1.168062735
1.106003508
-0.08917605225
-0.4579636674
-0.1705060396
0.6071626205
0.2347668285
-0.3449394552
-0.1480793206
0.4347824552
0.2014198324
0.05010844655
0.1396998629
0.7603859186
-0.2095415265
0.004076764733
-0.01580050904
0.4379254121
-0.1425359393
0.848944189
-0.01404527258
0.2145933563
-0.7770426482
-0.3421090735
-0.4680669695
0.2705043415
0.5134794818
-0.1634409223
0.1095791081
0.8114881814
-0.04533867259
1.087344064
-0.1796209671
0.2275977243
0.5172723886
1.438359535
0.7706514586
-0.132835515
0.3020342465
0.9510843471
-0.7155836582
0.3193688024
-0.6667028263
0.3287605792
0.5373725241
0.1322085388
0.4305231415
0.2337928459
-0.4497291721
0.5804217044
-0.2141509889
-0.05897013433
-0.1391149305
0.6419534147
-0.001671988517
-0.4463649601
-0.0831516589
1.414517304
0.4227003101
0.2905570436
0.6021393985
0.7543262079
0.3234463066
0.5406588189
1.506607121
0.08510101046
0.7793380141
-0.3422069222
-0.3680258609
-0.4314056262
0.2287593943
0.2487902425
-0.4003249772
0.1901270559
-0.1607912204
-0.3767111376
0.2207214326
0.4555389054
0.3324993282
-0.6936823875
-0.3154529806
-0.292023119
-0.1052189294
-0.4655072108
0.2473234739
-0.4023565367
-0.4422872134
-0.1809152093
0.8074656276
-0.3732511003
-0.01652548146
0.1549643142
0.2537815148
-0.0209923734
-0.7383297056
0.1134401226
0.0007320303936
-0.2455259271
0.02753434107
0.713691698
0.1936040781
-0.571435222
-0.09824244697
-0.3088599402
0.1173489466
-0.5530939326
0.1036490688
0.4349763379
0.4730805151
-0.1162300084
0.504068917
-0.09230566267
-0.01327254651
0.04439119007
0.5021236926
-0.1995242391
0.02851419449
-0.3180188689
0.01864837594
-0.8349406332
-0.702408205
-0.006191033497
-0.5564824736
-0.4349534849
-0.3695859205
-0.2193050344
0.6226953775
0.0585074719
0.1566231854
-0.2916112008
-0.4107334599
-0.0525859613
-0.007437071484
-0.4869165882
0.2657546567
0.1959535308
0.05729803815
-0.3467873115
-0.5235269591
-0.1250691999
0.5434374209
0.9336241778
0.01416051239
-0.3600386761
1.101178613
-0.2820968566
-0.263114972
-0.4391897634
-0.2535878353
0.4172326609
0.5994508486
-0.3270966604
0.32413233
-0.8795301795
-0.03003004789
-0.3578186624
-0.2736680591
-0.5639548168
-0.07864717823
0.1047300383
-0.4632390261
-0.7188441247
-0.4684827626
0.5881678658
0.09702773094
0.6300527439
-0.3701053686
0.005344497226
-0.6319142848
-0.3045790615
-0.7829927593
-0.528719385
-0.4857252061
0.593678914
-0.2135747992
-0.5705754604
-0.3171199925
0.04327217881
-0.5846882477
0.5992318222
-0.3415972121
0.3278236533
0.09030390261
-0.7195556968
0.4851088602
0.2768677838
-0.08360654265
-0.4835103132
0.1142631928
0.1692423266
0.2790455996
-0.2267200865
-0.5050597042
-0.04607848451
-0.1357733801
0.3654206455
0.1587310655
-0.1107663283
0.07713992726
0.1315079687
0.4996292124
-0.1594420843
-0.07769604139
0.4123378344
-0.2105998181
-0.1151561772
-0.5550500706
0.4421484508
0.1742482273
0.740044716
0.4837462515
0.4665985778
0.1550903574
0.08001573635
-0.387602511
0.170275013
0.2930909026
0.0746661474
-0.04336455911
0.7970102549
-0.1843988135
0.02068477143
-0.04758466166
0.4603319108
-0.06299019866
-0.1258132532
-0.03295927858
0.03009761143
0.1052027239
-0.05185286328
-0.05243750382
0.09166068509
-0.4512853045
0.8761090681
0.1146797637
0.3228635242
-0.1257452711
0.5224925677
-0.2269889949
0.7338965029
0.02724193819
-0.04958525319
-0.01162033882
0.6147666093
0.2884019511
0.8408756163
-0.1072659414
1.016864393
-0.2070053659
0.3826747066
0.136118233
0.4492107928
0.5797641777
0.8566010755
-0.5908379875
0.1605447929
0.006255228817
0.3875367742
0.2136782829
0.7008949235
-0.3411358427
0.03942027576
-0.3702750586
0.3930805639
-0.005376534164
0.6573863748
0.5565940965
-0.02608500496
0.3285606429
0.3696876608
-0.2833249256
0.1298476338
-0.02153879702
0.8104384258
0.5200926982
-0.0071206633
0.9373624034
1.002901717
0.4645650737
0.4297004558
0.07175792344
-0.06426893957
0.1188231185
-0.2956430044
-0.2526572153
-0.3846409697
-0.6783399135
0.6230799228
0.4132344157
0.8093255356
-0.1924538873
0.1811110115
-0.4753400333
-0.5568853572
-0.309032004
-0.4682154179
-0.4673240088
-0.548462905
0.4072692879
-0.6524934679
-0.3836190693
-0.06014292426
-0.2068497758
-0.008845426887
0.3760206454
-0.2877886582
0.1755924046
0.255277626
-0.3848591663
0.5181033824
-0.81185911
-0.2138047397
-0.4068288893
0.09863315299
-0.3380069152
-0.1394490737
0.3650228538
-0.3915549144
-0.5242093131
-0.01830382468
0.9575477988
0.8206144422
-0.603368549
-0.4890543591
0.4868140399
-0.1434469236
-0.09283529185
0.1088709373
-0.02670540884
0.4148117427
0.1880509658
0.1622769685
-0.02730045449
-0.249794342
-0.1489890771
-0.1452680673
-0.2993470266
-0.04779174943
0.1355338719
-0.1522683147
0.6920909192
-0.4467600115
-0.2772968683
-0.6107254222
-0.7129111946
-0.06702535134
-0.9194376975
-0.3183364008
0.223150982
-0.2790399168
-0.6269501224
-0.1537268468
-0.3264484778
-0.7074195296
-0.6103495494
0.05882182531
-0.2970134187
-0.6724217102
0.443256449
0.3050190043
0.3134973176
-0.3886833988
1.10446178
0.159226008
0.414439794
-0.1878465092
0.6040136404
0.2080577699
0.05281884465
-0.5119986087
-0.5147651393
0.3185664756
1.253221685
-0.3022691399
-0.09730525836
-0.4533810824
-0.2172792349
-0.2862106204
-0.7109196439
1.616708466
1.146388033
0.2065226068
0.8080193907
-0.2913488515
-0.05177025273
-0.5592413843
0.6538577922
-0.4788571887
0.1648000516
-0.1395774405
-0.3268544704
-0.08316287752
-0.6329122037
-0.3831152566
-0.6660658509
-0.1998034782
-0.1135163669
0.3612841344
0.5054054998
0.3810540035
0.9301329095
0.7215088286
0.6315398391
0.05348993412
-0.06149203777
0.9383117668
-0.1885698691
-0.01919719959
-0.2356908534
0.8742998511
-0.5217364909
0.5672427535
-0.3046037057
0.1406281178
-0.02669784203
-0.505309502
-0.4997406453
0.5117410617
-0.8180986792
-0.4161518916
0.102399293
-0.1274429248
-0.4863842361
-0.1948063474
0.4727169797
-0.1608065151
-0.385695751
-0.5951201767
0.6474951632
0.6957282558
0.01386791524
-0.595776403
-0.1088457329
-0.02657047622
0.6837261204
-0.09813936427
0.05430060234
-0.0931176126
0.6467434813
0.08958709491
-0.004009193927
-0.0428860547
0.1373424394
0.2748935714
-0.6182002664
0.7243640438
-0.2191548068
-0.08302406669
-0.6330849573
-0.7774303108
-0.02449145317
0.1676401045
-0.553403946
-0.6540940613
-0.7182176739
-0.07880037967
-0.9875860393
-0.4443879507
-0.699227047
-0.3517359529
-0.8541381925
-1.015330061
-0.5554524794
-0.1268782318
-0.7799374223
0.01405394301
-0.4283150196
-0.8817214429
-0.06175226048
0.1399820155
-0.1326556051
-0.2295662593
-1.025893956
-0.464232488
-0.006848211028
0.5695609968
-0.6131804317
-0.564140968
0.3396297939
0.3342312217
0.2741757818
-0.6520087183
-0.09429585095
-0.561389783
-0.2135822905
-0.4106878057
-0.2648128433
0.2468864759
0.5456340536
-0.4368538491
0.04743622094
0.7411072135
0.1646341585
0.1489689973
-0.0489718711
-0.07061714567
-0.3743855715
-1.028382307
-0.2206200603
-0.09365493879
-0.2768605087
-0.4466585465
-0.5036861263
-0.6245965719
0.2268167235
-0.6047919005
-0.5498245209
-0.5784775607
-0.3801711179
-0.189343261
-0.12588553
-0.3519787962
0.4664078303
-0.02415932603
-0.3597003452
0.3997371957
0.7375364274
-0.4257352844
-0.4401618682
0.07191768177
-0.1899052083
0.3734705696
-0.6869589537
-0.4603508212
-0.8205905557
-0.3087339995
-0.7106116951
-0.5325095847
-0.2356595181
-0.1235953385
-0.2594825828
-0.6551707096
-0.009476439469
0.08596461769
0.3439063568
-0.3064845279
-0.3485036157
0.0987515064
0.0282339206
0.4459203728
-0.5530959319
0.0615803238
0.4361852909
0.6699966591
0.2164345568
-0.2019029545
-0.4567007042
-0.4961474091
0.1929788982
0.4049112552
-0.4815909691
0.01927597625
-0.7662160963
0.3608097903
0.8617239639
-0.04333404149
0.06962850485
0.005273359455
1.142716132
-0.200830258
-0.1261393361
-0.1604973326
0.009919252805
0.1882941959
0.3475080024
-0.06926822048
-0.07240934279
-0.01002167575
0.03973603304
0.2444515381
0.2607222093
0.4641134292
-0.19438022
-0.0868438974
-0.003417033702
0.7354805797
0.9687896341
0.6992542136
-0.1747937413
-0.1651360299
1.06193808
-0.3918735474
0.8675255805
-0.04458783269
0.03700106479
-0.4080907777
-0.4157338664
-0.1736595858
-0.1283586035
0.1554241803
-0.7055546403
-0.1369499464
0.4800673954
0.6624465141
0.3703159107
0.1035848182
0.1268170847
-0.1766874721
1.008072747
0.533646025
-0.3648583163
0.3982081939
0.2154276937
-0.1842196889
0.2828842055
0.02189927213
-0.2045264948
0.4876988934
0.5667760145
-0.2296252586
1.430471849
0.9692759663
0.2040443249
-0.2445186434
-0.1292320642
-0.7193016201
-0.07000350682
1.35919347
0.5639584936
0.6570869235
0.784219791
0.3148582526
-0.5479581207
-0.7761830226
-0.2978456162
0.1997449625
-0.3124746278
0.3140442632
0.1763711287
-0.3195292205
0.2430653237
-0.1925479611
0.9379230857
0.530850723
0.03630461656
-0.4150677258
0.7171848074
0.3853922201
0.6800635703
-0.2776298366
0.01471675131
0.1631258724
0.4180784032
-0.2935226336
-0.4195160806
-0.2286307162
-0.3317956794
-0.4149054863
-0.3269194126
-0.1337930406
-0.2027742731
0.8597833872
-0.3747515466
-0.7234273896
0.327082967
-0.2834307056
0.8578734793
-0.6919391513
-0.3200361036
0.5963147536
-0.2528072305
-0.1382410884
-0.5747898251
-0.3377069347
0.009230361506
-0.3841995101
0.2002974704
-0.4443342835
-0.1032933099
0.4287498847
-0.1827879813
-0.03351731636
0.4005529648
-0.3456836127
0.08555100262
0.3317484681
-0.04029444652
0.7569369905
1.289919257
0.2399294203
0.4606851134
0.4876670032
0.6623607036
0.1221797179
0.3910004407
1.303281721
-0.05298380367
0.351691846
0.7508614019
-0.3248483654
0.3095408238
-0.08498932216
0.3714174832
-0.4038082644
-0.150487023
1.147377812
-0.4777648227
0.07038198598
1.109849808
0.3835983167
0.421285733
0.1045142566
0.6153182887
0.4628291132
-0.4204885628
0.617801661
1.04544559
0.3058855601
0.5727352923
0.5127232
0.1623672672
0.2099548176
0.1880046545
0.8426914603
-0.1057704652
-0.1210583426
1.511962241
-0.3235959047
1.181732675
-0.170734778
0.008687452599
1.021667579
0.840996857
-0.3529324178
0.4059136756
0.03916827757
-0.2147388369
-0.08618777357
-0.1555247763
-0.3982615389
0.2175376924
-0.6691161156
-0.1874705097
0.037460401
-0.1435068605
-0.3581936523
0.348559715
0.6285102457
0.1602794955
-0.9285251737
0.1142205445
0.1214705372
-0.3835670263
-0.09908563811
-0.6362813711
0.5122377977
0.05925821755
-0.5468294583
0.01297805291
-0.6817523003
-0.320773256
-0.3145920679
-0.4010614403
-0.4878067717
-0.2082640752
-0.5609969951
0.583114307
0.6153529532
0.8818308085
0.1327404918
-0.1141483916
0.3939278409
0.05619143536
0.2628501479
0.5182889424
-0.07598790508
-0.1147817503
0.4457434818
-0.2663171444
-0.3470261186
0.03648730479
0.8931736112
-0.1868694318
0.3598316466
-0.08803899204
0.09413745487
-0.4949065253
-0.5347032391
0.07495745495
-0.08228030913
-0.1187982004
0.9643647678
-0.3413702009
0.03913101489
0.6735895317
0.3609779477
-0.2181937968
-0.6485259071
0.5561166269
-0.471415659
-0.9345173687
-0.2037999507
-0.2764516577
-0.02987511661
-0.9111257553
-0.3147432061
-0.2210138729
-0.1284903059
0.4140879355
-0.7249084279
-0.1480259928
0.2516895041
0.1561947195
-0.02003314625
0.6272699773
0.9012556553
-0.3502621159
-0.3150914233
-0.2334667321
0.4555296659
0.1290829105
-0.1840498153
-0.00508916853
0.1298047835
-0.4686284438
-0.1805187061
-0.5883377209
-0.5366231546
-0.06133278981
0.1035849491
-0.4876081116
0.4065910146
0.1204625476
-0.1122814717
0.5221195519
-0.1619891966
-0.5972604901
-0.1170355359
-0.2041560655
-0.3003689254
-0.1132353412
-0.816606997
-0.1016294187
-0.4936294451
0.8967807725
0.007572697476
-0.5612205938
0.5685963102
0.3920561275
-0.3568202041
-0.6616680935
-0.871276319
-0.4509398455
-0.6552265346
-0.08531157468
-0.4717583872
-0.7567156583
0.0260173684
0.1556733985
0.3947649963
0.8854810372
0.3368264232
-0.2135794885
0.5655581281
-0.4958055332
-0.1941075193
-0.4296447977
-0.24494661
1.123258649
0.08333797716
1.125775953
0.07955305469
-0.3228984553
0.2972233139
-0.38003438
-0.3207559112
0.1760446409
-0.1028543858
0.1908667758
0.8950509399
-0.1485494887
0.8486838914
-0.0367753813
-0.5203583069
-0.3910147302
-0.7093479753
0.1902096059
0.1437447717
0.1198145212
-0.1791662671
0.08676265329
0.09261380304
0.1908146614
0.1085725341
-0.02607238926
0.4330951713
0.02205851343
0.7800170626
-0.2323207084
-0.5848307893
-0.2579050496
0.4767514236
0.1756029036
0.034896373
-0.6251173168
0.0578076629
0.5448278284
-0.1162451563
0.4200876743
-0.553882394
-0.2070683056
-0.3758082278
-0.4236675493
-0.4444513842
-0.4254092522
1.022989112
0.7030197591
-0.3632528678
0.8291435361
0.9507145137
-0.01843437278
-0.475979428
-0.1097765043
-0.08903204948
-0.5062312029
0.05690883249
-0.4214809675
0.1908381235
0.3930774687
0.6753825877
-0.04102420695
-0.1284283973
0.2626329094
-0.6780689701
-0.5091803983
-0.5693261564
0.151112086
0.2925901763
-0.8007795423
0.645879394
-0.02766601313
-0.09563173633
-0.4990525827
0.3847997349
0.2623770028
-0.08585086819
-0.1734804573
0.6318858765
0.1659525761
0.1551227943
-0.3393601887
-0.7592392683
0.969035998
0.482227724
0.1136287404
-0.7492285118
-0.9544054896
0.2144761923
-0.229983335
0.2843263658
0.01844932735
0.110744483
-0.1687145151
-0.04868045617
-0.1398241423
-1.02394678
0.2565449439
-0.2882839449
-0.58691715
0.03694418408
0.2271866176
-0.5564329073
-0.2390447296
-0.3425768025
-0.1389775233
0.5494989052
-0.2713080402
-0.7596830055
-0.1875106202
0.6817053884
0.04845728874
0.5969600517
0.5698342264
0.7825976416
0.2539360166
-0.7305317968
1.374584517
-0.4594611511
-0.3244680144
0.03713346655
-0.7006258398
-0.2917752909
-0.09468396083
-0.538238994
-0.03321911506
-0.04780594325
-0.5986887041
0.2157368563
-0.1009786595
0.270729231
-0.09297907241
0.01942960434
-0.4315319333
-0.7083147153
-0.05470253062
-0.2143848907
-1.004452896
-0.5668440729
0.2813455693
-0.5480638728
0.1092623942
0.0699763393
0.3677319176
-0.4009923592
0.06514135953
-0.2114740774
-0.5433032274
0.4228999645
0.477938091
-0.05611527711
0.5155770231
-0.5706381485
-0.5592675008
-0.1906100184
-0.04118221533
0.809641175
0.3867202643
1.561710519
-0.5741956942
-0.3360693417
0.01459899894
-0.7789179802
-0.5343123406
-0.3311976308
-0.1038469328
-0.1929511055
-0.2771176947
1.219781446
0.6102632366
0.4616864599
0.6093467386
0.1871430632
-0.08122814149
0.660632813
-0.4593885377
-0.2991876107
-0.6392376319
-0.3164188929
-0.3554940462
0.3806951683
-0.454307922
-0.4270851657
-0.448106949
-0.4779951915
-0.198411857
-0.5441273332
0.6014661498
0.8241415739
0.0601792166
0.02297463259
0.4147105744
1.269303523
0.8795518279
0.5066848209
0.8251630604
-0.4270502746
-0.2565380506
0.6175650001
-0.7488791525
0.5864346899
0.28282336
-0.03497748477
-0.5771149844
-0.4298194192
-0.7546163142
-0.2932324
-0.703380169
-0.4795351565
-0.7833789647
-0.06925814999
-0.435153307
-0.3046419449
-0.5003824938
0.9545194894
-0.234375092
-0.1164079716
-0.09861572273
-0.617558293
-0.5704349399
-0.09718602095
-0.3158294167
-0.5171324942
-0.4010397524
0.403152106
-0.6213459194
-0.6503179833
-0.5115991756
-0.4071432214
-0.9092804372
0.2165856058
0.3786899542
-0.3603327032
-0.7898932785
0.05175209404
-0.2297486801
0.4537081011
0.2080951333
0.4535611957
0.51572522
-0.5616243221
-0.06483247634
1.366919579
-0.4464564353
-0.2775489293
-0.09415292945
0.4783542402
-0.9830936402
0.001084724441
-0.3313520364
-0.378468506
-0.236199652
-0.4482601233
-0.21137194
0.05893658157
0.02723906208
0.1397112899
0.2336734638
-0.9816166103
-0.5261393793
-0.6528372854
-0.8341400683
-0.345257188
-0.2242581951
0.1273872303
-0.1631324282
-0.4687938537
-0.3127937119
-0.2928081155
-0.8131559938
-0.2131549723
0.4800411111
-0.3822688729
-0.719862251
-0.2395507623
-0.7033109188
-0.5538905077
-0.9660553694
-0.1408361519
-0.6552620381
-0.5429936439
0.152931925
-0.2204589192
0.252340132
0.4671589995
-0.4290544949
-0.5051542714
0.3461461016
-0.1423833748
0.6025307072
0.2615717433
-0.04941619821
0.3154250992
0.3479124362
0.4637350328
-0.6562293634
0.07781505566
-0.7108204842
0.5720906951
0.4784982614
0.022572954
0.1013598907
-0.2710064296
-0.6061190508
-0.6794729173
-0.2519925781
-0.4186843965
0.2794464175
-0.5203256406
-0.400110817
-0.532912901
-0.5269160002
-0.9300854325
-0.6134822778
-0.09613544755
0.1429668501
0.0420374796
0.1336729622
0.2473240674
-0.8856286287
0.428214187
-0.2407792691
-0.05628205165
-0.7117568567
-0.5455101505
-1.121145654
0.2237837717
0.2334131923
0.3628227694
1.01463673
-0.6471151128
-0.1061916325
-0.7826605707
-0.7078961976
0.6859375633
-0.09254860431
-0.7121401981
-0.1460074363
0.09964713007
-0.6920913205
-0.2669765521
0.5250025976
-0.5587633334
-0.5765752539
0.8469731361
0.2692905631
-0.2351133024
0.3686390474
0.2518211544
0.4842335841
-0.3325112008
-0.2217645915
-0.146400334
-0.08760098629
-0.5746373087
-0.4434719376
-0.04200412743
-0.5043253914
0.8026915289
-0.1944645504
0.4230072334
-0.3292202219
0.528059534
-0.02814885117
-0.2710433397
0.06258611213
0.3558050856
-0.2938285593
0.1263628194
-0.3194147815
-0.3243514948
-0.4014761299
0.6037823103
-0.2441321487
-0.3837551635
0.3951235168
1.132198632
-0.1075998636
-0.08784003314
0.9922135115
0.8263786376
0.7025873155
0.003493649699
-0.2370302023
-0.2788588196
0.006894754991
-0.1840581074
0.994455649
0.002698232234
-0.0306786526
0.2168116247
-0.1007313268
0.2808298429
0.2376444452
-0.3670158483
0.05830929056
0.1713802589
0.5924908169
-0.2471961424
0.9043465391
-0.004741299991
-0.2181447063
-0.5160239786
-0.3789933277
0.270394918
-0.6575085729
-0.5336890623
0.718576692
0.01926667034
0.7554439589
-0.3011176642
-0.03648418579
0.4508596972
-0.1463772202
-0.3480583653
-0.3191849636
0.03185067177
-0.1059907887
0.4830585182
0.1857089568
0.2118630415
0.302664113
-0.0114259453
-0.5413462944
-0.06719503198
0.2349076286
0.2586923455
0.04348868551
-0.3525227174
-0.05439680982
-0.3502764435
0.05360102952
-0.6174202979
-0.5823060848
0.6108449332
-0.009838634916
-0.2465442441
-0.258476077
0.6874175042
0.6367245883
-0.009264644235
0.01466574315
0.2084045138
0.1835766426
-0.460060218
-0.4102499379
1.984079194
-0.5191643625
0.406896076
0.3402177753
0.5172249511
0.6854229674
0.4767274145
0.355154144
0.06435677577
0.1317830129
-0.2452744596
0.5423949834
-0.1381915215
0.2839822397
-0.1783670779
-0.1113419525
0.1551337629
-0.4083491489
0.4886000395
-0.4928179
-0.1237653023
-0.2416136218
0.4013533436
-0.1513116243
-0.4165040672
-0.01535955817
-0.3744483253
0.5577364907
-0.5231625929
1.163513059
0.5314218197
0.2918824006
0.09425965147
-0.1520084974
-0.6157286778
-0.2861342218
-0.4185935646
0.04840611164
0.4677976482
-0.2886467507
-0.7223941118
-0.4531658273
0.7112433866
-0.03937989864
0.7196669295
0.4412495673
0.6454972208
0.600872115
0.6790121228
-0.5292918265
-0.1170683451
-0.2550062949
0.6415284449
-0.4847684104
-0.7199623853
0.06129283309
0.1872523012
-0.6324063092
-0.1601525925
0.19466484
0.2356005792
0.3435007714
-0.1278480193
-0.2820298087
-0.3436417607
-0.4189557418
0.1391995044
0.3292874381
-0.4672141939
0.02908278108
-0.2223048838
1.056549689
0.4902543299
-0.4236115143
0.7235772207
0.5099405412
0.8217328161
0.6851819009
0.5494354339
0.4622059364
0.4821366273
0.6704709888
-0.2626023646
0.2819733977
-0.4321778364
0.4427595288
-0.1910669321
-0.5751601309
-0.4130156107
-0.2772092748
0.302271957
-0.4820870936
-0.4002303921
-0.232212007
-0.4155472919
-0.01296765432
-0.2779589739
-0.6637091137
-0.2694214478
0.006937773991
-0.0008966355585
-0.07724755323
0.5002874581
-0.1815157581
-0.08317088708
0.01141974889
-0.3764382891
0.05508241626
-0.01503376048
-0.2203611657
0.3818561668
0.9062971734
1.373733786
0.0392411299
-0.05437180251
-0.5145817071
0.6807024471
-0.008671572804
0.5678116009
-0.3729390357
-0.5779966988
-0.6497684255
0.1605644902
-0.04184513111
-0.9975146681
-0.5673279192
-0.1082616931
-0.6872392491
-0.564102079
-0.6126654178
-0.1913863782
-0.4392052121
-0.9054085106
-0.5096143663
0.5567834027
0.5838127941
0.8886092711
0.2230239596
-0.4399930105
-0.3085767388
-0.6386546329
-0.432301344
1.014360512
0.4303138696
-0.05839868113
-0.4664573118
-0.7261004046
0.01373615861
-0.4077496253
0.5190368764
-0.227068333
-0.1321780992
-0.5816459775
-0.01100710407
-0.4085872509
0.9990628123
-0.1371462867
-0.3246499296
0.2103771592
-0.2869242627
-0.6612272114
-0.5426186189
-0.1494591827
-0.03483615769
0.1811070079
-0.625737083
0.006605319493
0.5396593317
-0.08861547373
-0.1126024771
-0.7231678322
0.5519300938
-0.323433689
-0.4168791801
0.2005667699
-0.1509984083
0.537008702
0.1036422279
-0.0706043466
-0.2426142262
-0.1357467465
0.06857389985
-0.8892113
-0.4410625424
-0.9997243226
-0.217894792
-0.5542967344
-0.8151263505
-0.03678404447
0.3078257788
-0.3025536602
-0.07987207435
-0.553604383
0.04073515255
0.6516633779
1.164147751
-0.1719691172
0.7252171822
0.2103622004
0.2310899086
-0.377299574
-0.4115838662
-0.2784346646
-0.3648082234
0.03954427447
0.2623321272
-0.4483944967
-0.6207836486
-0.3704660755
0.4435475182
-0.1646661978
0.789367535
-0.4626168437
-0.3564613579
0.9194058508
0.4647069022
-0.2947936947
-0.1467250375
-0.07070234623
0.5935052978
0.5350114673
0.4064676948
-0.1481231879
-0.07172454838
-0.6491508573
-0.6969936252
1.256028634
-0.2719022384
0.8399913619
-0.1372208232
-0.2595212182
-0.2689760156
0.2127161406
0.03973361421
-0.0850711694
0.2028420316
-0.1084124699
-0.005880436674
-0.05948753334
-0.2920310654
0.5094557621
0.5115893736
0.2129800081
-0.4913026273
0.1505186417
0.7660475768
0.1568598112
-0.1944740707
0.6379007451
0.6238639192
-0.3659661129
-0.5022913128
-0.6599554643
-0.09071857678
-0.6018456206
-0.1419909576
-0.3460867316
-0.05752692185
0.05207624109
0.1754010595
-0.4390631691
0.2684761336
-0.07668190487
0.3765522147
0.1010323869
-0.5640096307
-0.0843561314
0.2868336426
-0.4634972908
0.8292409323
-0.2865281254
-0.2163046331
-0.7619027197
-0.8099377453
0.008472321602
0.7709030904
-0.2560191009
-0.1407544573
-0.801467216
0.9681062028
0.09568914389
0.941616559
-0.1855938373
-0.3227235667
0.003969206382
-0.1114519572
-0.3126406051
1.354071628
0.706463615
0.4625831135
-0.05980138965
-0.9208785355
-0.5177154705
-0.09725331888
-0.201225239
0.05523446691
1.098062648
-0.5430114537
-0.005704887398
-0.008623078279
-0.6206588998
-0.4174775824
-0.4363927498
-0.8037015095
0.112240359
-0.4180551633
-0.9226834565
-0.2682069419
-0.4658778042
-1.060820237
0.4937362708
-0.0846515133
-0.3124549683
-0.2742518838
-0.9285867214
-0.2982064568
-0.1275439993
-0.5571131065
-0.1890401076
-0.285186905
-0.2408005963
1.034576601
-0.2119713118
-0.2513700742
0.3962486561
0.2913319223
-0.2584409744
-0.4885371312
-0.6860645428
-0.4075667763
-0.6224991471
0.5967760134
-0.3173431814
-0.4750414781
-0.1674786596
-0.1444901221
-0.6298715919
-0.7813690096
-0.7394403607
-0.3781969912
0.4916814316
-0.854080984
-0.5967753883
-0.1540536514
-0.2019227974
-0.3120298177
-0.6490790278
-0.6490334556
0.7349366352
-0.3064633694
-0.3204707742
-0.7818063319
-0.4560051635
-0.3476857096
-0.3846749898
-0.6715877503
-0.1400961641
-0.3090026055
-0.2139991669
0.5296302482
0.09866465703
-0.7273217857
-0.1756288115
-0.3163564455
0.008142539021
-0.9713231102
-0.1284120221
0.5851195499
0.1373274237
1.101875808
-0.4206986018
-0.4072490279
-0.4364339825
-0.1288046446
-0.261638323
-0.2411121484
-0.1420338474
-0.7294884712
0.1467477063
0.4461161681
-0.03729714295
0.5782620724
-0.3269200291
-0.006172790751
-0.1263870943
-0.4047295243
-0.2253541051
0.2879332691
-0.1031287495
0.9450502053
-0.1123092286
-0.2108453799
-0.2627573505
-0.1257299578
-0.2078597585
0.02680188399
0.7661692679
-0.6203482285
0.1360067166
0.4073098699
-0.2813872073
0.7686876372
-0.7794379741
0.3221595017
-0.3838817015
-0.04699907643
0.2355695359
-0.4761044241
-0.6039844647
-0.5327930972
0.24342259
-0.1194427209
-0.1444990168
-0.6330524653
0.4360312253
0.1516474813
-0.6909620434
0.3412378728
-0.8090172201
-0.0478355254
0.1395591972
0.05564633925
-0.8954903036
-0.4570589632
0.2397324186
-0.4849812591
0.1524467207
0.4011641199
-0.5653652921
-0.6065544643
0.09118092805
0.3714184858
-0.2871099506
0.3572514694
-0.2386301965
0.6928710066
-0.6256579667
0.1719927045
-0.1492074612
-0.321076091
0.02619522624
-0.4002894849
0.9471480958
-0.6709212691
-0.7844643265
-0.5594953619
0.005469827354
-0.02820638395
-0.190179144
-0.6994353667
-0.06447113706
-0.6727420464
-0.4676973745
-0.8870387435
0.09191014171
-0.4279157974
0.1719303496
-0.3389146261
-0.6526469722
0.6975840837
-1.01730926
-0.3311541812
-0.3462494768
-0.759313485
-0.4237919718
-0.1380078878
0.350356009
0.05580341779
0.01436233483
-0.1759297533
-0.1188831147
-0.06944219451
0.1333819177
-0.4299600232
-0.5003741466
0.2307093946
-0.50603396
-0.2123760605
-0.6523851223
-0.2560279714
-0.1460982055
0.4103160089
0.1374587089
-0.1419799875
-0.6310613662
-0.8736306608
-0.5667788118
-0.1767831791
-0.664278397
-0.5216147661
0.3824855648
-0.3108858928
-0.4770106189
-0.005601165164
-0.7322039381
-0.240310305
0.3129525445
-0.5011033505
0.05949187074
0.2553152861
-0.5151037127
0.6097619511
0.01410010252
0.03999368642
0.6893761843
0.2661823364
0.4931512958
0.5309993118
-0.3399792936
0.004435167834
-0.1506971691
-0.1339660424
0.3313924998
-0.09313420933
0.1877051713
-0.3923210531
0.03005485758
0.4167143878
-0.2421336465
0.8330244109
0.2368791712
0.08965969598
-0.416367007
-0.4061326578
-0.7991457433
0.1750146158
-0.5489974454
-0.4015452474
0.150653597
-0.1874947585
0.7231513806
-0.4585492045
-0.3827003609
0.1230007932
-0.3618465997
1.023455321
-0.002354019834
0.4575797431
-0.3120468207
-0.2745238991
-0.3346522091
0.180169267
1.472636944
0.2214663807
0.1521161198
-0.1424551152
-0.4197803084
0.468906698
0.5502755638
-0.231704009
-0.4428514414
-0.2262771908
-0.1843564153
0.6473573789
-0.3559434965
0.1936245332
0.1811567817
0.3573249506
0.03495622715
0.2302296519
0.9733312212
-0.1608195968
-0.09947096072
0.8227656022
0.8602406546
0.3422213722
-0.2930704243
-0.4232231744
-0.2985043209
-0.1898846338
-0.2978143694
0.143244585
0.05226143645
1.033591308
-0.1805644941
0.4342879636
0.1026903868
-0.654893598
0.2287748296
0.6043826478
0.4916171946
-0.00399224963
-0.8835783601
-0.08908024523
0.304824391
-0.06152555887
1.140949911
0.6288988747
0.586140199
0.3772544743
0.6347555228
0.3780911207
0.3370728705
0.6630620908
0.4268566024
0.3969568789
0.6289524235
-0.509218128
0.5980780397
0.3205561906
-0.2305041265
0.7269924317
0.1829485324
0.3179629225
0.9650643215
1.067380293
0.445093336
-0.2432427935
-0.1187044587
-0.3662451692
0.6044167565
0.02307730764
-1.122609779
-0.4666301027
-0.4746441364
-0.1246092878
-0.151945217
-0.7261768878
-0.501266101
-0.4276969656
0.7602160022
0.1195013436
-0.2577566788
-0.2726112917
0.2325119507
-0.9663465738
-0.2570606794
0.1522342216
0.3509744175
0.4218112841
-0.5819255635
-0.7206892252
0.3402031459
-0.2267550863
0.2103682406
-0.4966437265
0.07602887731
-0.03017335371
-0.1086684313
-0.1662041722
-0.4445787596
0.1656201854
-0.3440966256
0.01985760927
-0.1102464385
-0.1628740096
-0.3189436771
-0.4385642216
0.2165361691
-0.08289749641
0.2898142163
-0.3559440687
-0.7175013274
0.636634095
-0.3316317603
-0.6501622945
-0.4455065906
-0.7849832296
0.1755031606
-0.2389640488
0.3842219505
-0.3678691812
0.06514132991
-0.3219436152
-0.4406239197
-0.6053548425
-0.1921253636
0.2022541167
-0.3115387723
-0.4437431715
-0.2102528393
0.6414189473
0.3460945945
-0.2040976919
-0.06330503151
-0.3627695695
0.1471504102
0.4554230649
-0.5202891856
-0.4793640971
-0.02540132795
0.2681007749
0.3801630924
-0.5233528554
-0.1375118259
0.3727582919
0.3981851611
-0.006425132602
0.01604575105
0.7995377794
0.4725166036
0.6785955096
-0.4274502099
0.5249208748
-0.2245229699
0.164250152
-0.1091616809
-0.8247003689
0.4397038165
0.2880409984
0.1828730185
0.731349685
0.3661652908
-0.5388124585
0.5238681901
-0.09390696399
0.2423162028
0.3659319937
0.8068978004
-0.5560715973
0.1794473995
0.4306295179
-0.12426745
0.6837043688
0.1101725856
0.6454817459
0.6574465454
0.3751677403
-0.02890410647
0.8609510422
-0.6613941386
-0.5611876503
-0.4596795361
0.4660222508
-0.1047136547
-0.34489896
-0.02338477001
0.08112120703
-0.1439206772
0.7717629537
0.1137285696
-0.5074856713
0.3763665989
0.7531077122
0.2007651103
-0.07846546359
0.5328206375
0.922270897
-0.1179832395
-0.4040470421
0.1427604135
-0.3230382994
0.06146268663
-0.2585161723
0.6461586989
-0.4376934662
0.2079777546
1.121284354
-0.2955440931
-0.6115583189
0.2582056314
0.7684426919
0.2668638725
-0.2266097412
-0.2553808447
0.2176166011
-0.2622223318
0.3567967233
-0.2828775182
0.3366680732
-0.02670805976
1.053064517
0.3118368242
0.1155724658
-0.2613378856
0.8390276119
-0.08352926467
0.5978962332
-0.4240998045
0.05252897069
0.1054433634
-0.0612878954
-0.2181324944
0.3462952815
0.7947102137
-0.4065403089
0.1935972448
-0.2751182953
0.3473299086
1.376028828
-0.1040272975
-0.4372294769
0.00225575082
-0.6485184491
0.6004105553
-0.2424903635
-0.5877955556
-0.1743709583
-0.365874403
-0.5363740802
-0.472684367
0.05758408234
-0.3697961479
0.3060420565
0.2673240654
0.2157440623
0.007719329186
-0.06708959602
0.7035645105
-0.3302285874
0.05846527535
-0.08958767466
-0.3345238356
-0.03583479524
-0.1982923115
-0.1736193275
-0.0658052519
1.560213289
-0.5122463837
0.02957674805
0.2077658448
0.07275801012
0.8751731426
0.2308445406
0.4374394588
-0.06141912192
0.1462742798
-0.2386774139
-0.2996262178
0.09111711578
0.4990386289
0.5923377782
-0.1046458591
-0.3155517213
0.3897174466
0.3211947829
-0.5302639961
0.1074992359
-0.6018688902
-0.3625737838
-0.444712976
-0.2556355856
-0.5135262832
0.1807804223
0.05452271029
0.6171305895
0.6891299307
0.0426636681
0.2069243392
-0.3837025173
0.2947755821
0.267964695
0.6514575794
0.3194401134
0.3266676351
0.098774738
0.3257116126
0.4067821061
1.031666772
0.2964291371
0.6207526729
-0.122697999
0.2828984866
0.07087825984
-0.5139386117
1.088955861
0.002111081034
-0.05159693249
0.583496264
0.5647429198
1.117476737
0.6161777742
0.2888834361
0.7320685022
0.1410737906
0.3888758056
0.802381511
0.4178062879
0.738900353
0.7660451859
0.460051607
0.08658496253
-0.2086141219
0.07787970062
0.9908769369
0.7716592051
0.3560657367
0.9791441858
0.1425264344
0.6437796436
0.4903000839
0.5817986101
0.2052402657
0.178455575
0.7294193916
-0.2292955153
0.6525312029
0.3928326415
1.520403302
-0.03749850579
-0.5530883372
0.4347207148
1.312004641
0.1738905452
-0.2847361751
0.3378365248
0.421845945
0.2669337312
0.9248096406
0.7041479535
0.4407552324
1.066376033
0.07706697658
-0.1128897732
1.271375294
0.1473329593
-0.1405244309
0.4079587989
-0.3183222331
0.2305255475
-0.1370832028
-0.3014871597
0.003163457848
0.7358244032
0.1893792142
0.3342269847
0.4566518497
0.5518421978
0.3678559443
0.07098065056
0.62418439
-0.2439032413
-0.1883335376
0.1704586519
-0.389699553
0.01623075102
0.8561356802
1.224569412
0.5501415947
-0.3613227382
-0.5927521467
0.4773497649
0.6645759165
-0.361899101
-0.1023745744
-0.1278583812
0.391888549
0.8796572737
-0.5948940024
0.7785965905
0.8030420899
0.7356456846
-0.2503624668
0.3870750057
0.6818656892
1.291727826
0.46057721
0.4249914134
0.04890675358
-0.4270127483
-0.141800105
0.7986922935
0.02236391865
0.6991651483
0.6041225642
0.26530759
-0.1123787541
1.148914079
0.3168968435
-0.0617760418
0.3875065081
1.00984706
0.6060876876
0.3151301533
-0.0149787209
-0.5804465786
-0.4333331473
0.7379480667
-0.502126357
0.5198170163
0.3777516106
0.01436798936
-0.1224873938
0.2337472323
0.6849440472
0.8486358538
-0.1384401683
0.5558228746
0.9256496869
0.4902106583
-0.2092443973
-0.5723576188
-0.2014010455
-0.1348709952
-0.1308491406
0.4165940162
0.1961244583
-0.4098223925
-0.3705183044
-0.6637643516
-0.2106577244
-0.7098631322
-0.1030129589
-0.4717774257
0.526352974
0.03927812036
0.1819169268
0.3211980043
0.3786601432
-0.02070360333
-0.2999450989
0.2157248529
0.9163637698
-0.3985121604
0.2904693951
0.1578506518
-0.583567515
0.3218302302
-0.1150432892
-0.124724183
-0.2151610561
-0.0132655493
0.06880077496
0.2005278323
0.927084589
0.5444740832
0.5602666363
0.8465620309
-0.004345651343
-0.4657204337
1.279547673
-0.149680936
-0.01542726401
0.4409967937
-0.4429025315
0.4388497297
-0.3122113714
0.3634326696
0.1611994645
0.5899121113
-0.0556205146
0.5483136483
-0.7541655511
-0.1772066742
-0.6118986756
0.5730972391
0.04422548804
0.06968006752
-0.4960982487
0.234094617
0.2643850777
-0.2356139287
-0.5906137317
0.08574890327
0.2824335903
0.3265050043
0.1132698059
0.1876778253
1.037302537
0.9904571533
0.6212636448
-0.6017357692
-0.2433865298
-0.2256394256
0.3607035171
1.033716087
0.1914070155
0.02736962959
0.01406266512
-0.3594132487
0.1242837586
-0.2221582292
0.4205023818
-0.4372273475
-0.2329779603
-0.868190527
-0.2246708918
-0.3379904181
0.6422031209
0.6700627938
0.9495607167
0.005686807074
0.8250207283
0.6270192474
1.355766997
1.310216674
-0.03752235267
0.1842238498
-0.3032963783
1.004073125
-0.2417869417
0.04326618994
-0.2839342793
-0.8700337678
0.5705714112
-0.1280123511
0.3798126653
-0.5872685432
-0.4318208411
0.05741247553
0.769365783
-0.4599088073
0.1329289196
-0.2334653931
0.07943897163
0.2269583397
-0.3685419694
-0.3357797978
-0.68647255
-0.3904269598
0.03494585939
0.1863251584
-0.2429767031
0.250204064
-0.3425904062
0.1238856656
-0.2261091668
-0.3651574731
-0.1713242168
-0.1886454644
-0.1443952478
-0.4636370376
-0.007430324703
0.3141429588
0.5316325478
-0.03226087736
-0.2088888938
-0.810154742
0.5787701346
0.808093451
-0.1344698511
0.2024145085
-0.3892705508
0.4536299475
-0.01946335044
0.04736151379
-0.7351640075
-0.5959375881
-0.9293930769
0.008676485531
0.3301086804
-0.4088724963
-0.5627709597
-0.594864583
0.133209347
0.123495465
-0.1434610344
-0.199075927
-0.1644182799
-0.2621456958
0.4879214555
-0.0775912676
-0.2715306174
0.05568530886
-0.3689783178
0.735550157
0.09994593728
-0.5981426641
-0.496915292
-0.5741699561
1.24903141
-0.5592865974
-0.04743445087
-0.4630834818
-0.08710886072
0.1876317805
0.8363524623
-0.06947813444
0.7960921712
1.021225269
0.7952154778
0.1092508422
-0.1497254185
0.532569249
0.889998509
0.6457035348
0.4365385927
0.09041052205
0.5108532332
1.095408365
0.2502676748
0.5859700525
0.1857899835
0.2690205548
-0.0360167894
-0.0618183447
-0.4087887436
-0.07343011145
-0.3805575848
-0.01290807048
-0.2319717702
-0.05169104543
0.453515486
0.3673871234
0.8221976176
-0.2376266433
-0.3077482358
0.09461939055
0.04906202145
-0.08443471566
-0.7503549486
-0.4429218344
-0.4316000305
-0.2476388408
-0.1763269015
0.2724879256
0.351325275
0.332723175
0.08639152758
0.6160474487
0.08583017467
0.07906471752
-0.1267268695
-0.1110482119
0.07038989272
0.6970357761
-0.2779438123
0.9261929661
-0.2351232862
-0.3150293579
-0.05723863244
0.2120497789
0.8978980273
0.1293127516
0.1733889854
0.05595918447
-0.2290838957
-0.242385266
-0.08832494225
-0.09707268048
-0.1055454075
0.1293442794
0.5317549344
-0.3729338609
0.467972073
0.5938338811
0.4050784059
-0.08169461284
0.7778192431
0.09882558789
0.3605219714
0.03265108522
0.6154509082
0.1469484632
0.4930545956
-0.2141902667
0.03160385927
0.6767348371
0.1896966314
-0.0207884578
-0.1406106835
0.3815839723
-0.00474745445
0.2426765619
0.3410101895
0.9024533652
0.4873451605
0.5630839624
0.8239725985
-0.380657921
1.7627307
0.4836683288
1.510799389
0.8653823286
0.6879960701
0.9174299553
-0.1579414021
-0.1720026657
0.09572658055
0.07972565852
-0.04977110215
-0.2476651793
-0.4734137297
-0.01904231622
0.2344588211
0.3110597866
0.4130283795
-0.4292532578
-0.5948524863
0.528200157
-0.348579561
0.5650558688
0.06122125201
0.2287032094
-0.4770390883
0.2335921014
0.5964358173
0.1163247516
0.19174375
-0.1303496251
-0.03034856152
-0.1200300446
-0.2819986209
0.1342607755
0.4157420138
-0.3407523543
-0.270121349
0.6938273326
-0.2085560381
-0.01698962003
0.1017150437
0.1659938619
-0.29053846
-0.04822295154
-0.3560315385
-0.4711145654
-0.3415887721
0.2314533263
0.2519055385
0.1919905815
0.9508631766
-0.108466579
0.246404987
1.039333746
-0.7997432142
0.8077854171
-0.01585616171
0.1871188115
-0.3708988022
0.5056047386
0.5729123615
0.8863437757
-0.1947843585
0.148046805
-0.2119847726
-0.1232121134
-0.234378803
-0.2561390938
0.0172616316
-0.2921722196
-0.2135896608
0.2993557898
-0.108571039
-0.185826138
-0.2266070459
-0.3264791343
-0.1451445479
1.033859114
-0.2169220217
0.1417919116
0.5275136508
0.06608542688
0.01968301721
0.9170373648
0.4864338547
0.9545567006
-0.3899329182
1.233840469
-0.05706489719
0.7285907581
0.1456038596
1.471318522
0.5459290884
0.484001074
0.2650157657
0.8058610409
0.7913980007
0.2343541173
0.119162266
-0.07467334643
0.5777021244
0.8679497629
-0.3810791027
0.0552525023
-0.1319192402
-0.3552477822
0.8272931665
0.3419305239
1.089114663
0.2706858614
1.305689722
1.070946927
-0.414658919
0.1374729309
-0.02154408339
0.1586920185
0.9199727714
0.2791302253
0.4219851593
0.7957153596
-0.5875944555
0.6159273028
0.297633433
0.04096646179
0.8995128937
-0.01648242492
-0.2613727681
0.1953111444
0.1197839312
1.170753506
0.04113537967
1.067861092
0.6422109783
-0.3155810937
-0.1327533023
-0.2320737027
0.08132445402
0.3945566745
0.15939514
0.01359056812
-0.5501878355
-0.4358955279
0.4393095617
0.3325503672
-0.2578498684
-0.3774118096
-0.12605891
-0.1375643488
0.5027510568
0.1303600879
-0.1096075015
-0.1447159432
0.4340378752
0.4250905911
-0.2393239021
-0.3586754099
-0.146428705
0.2749170853
-0.3730755325
1.313300711
-0.2559087045
-0.1717416694
0.01391576044
-0.05489321761
-0.5878039092
-0.07586377282
1.256344798
0.5019701917
0.5578165188
0.6747535508
0.508441779
0.3627913609
-0.1433505749
-0.4304214504
-0.4728199571
-0.1001072174
0.05797101334
-0.2198695809
0.5253674343
0.5136285767
0.726239647
0.4225986956
-0.256496596
0.4384075977
0.036850987
-0.482260792
-0.06564831063
0.6700516418
0.1940928435
-0.2448183762
1.422349125
0.6178191587
-0.1401725508
0.9208943233
0.06207653843
-0.4508563317
-0.5351891693
0.01152723562
0.04608399619
-0.01791447024
0.6474950112
0.6450085513
0.6383287616
-0.1244663488
-0.1876103259
-0.3962622166
0.2942490384
0.2509736784
0.4971236534
0.57579202
-0.4202492714
-0.1135765265
-0.04371512234
0.1020487092
0.4632024221
-0.2153528791
0.4908895101
0.2493589602
1.213721277
0.2597485407
-0.209818653
-0.4803014301
0.2437675321
-0.3005994692
-0.1257173521
0.9207403138
0.3182641548
-0.08400125727
0.3895107009
-1.008817738
-0.003899391089
-0.4733743459
0.9133455534
-0.1525991943
0.04048139937
0.347746864
-0.07197959572
-0.050967375
0.2683965247
-0.213076723
-0.2376644522
-0.210327452
-0.1563741656
-0.2665358357
0.5235469625
-0.3124804921
-0.2376991462
-0.1019889563
-0.3932751417
-0.5017913833
-0.1761371728
-0.3331451871
0.0374313476
0.2855481353
-0.1115522929
-0.1176285757
-0.3640578873
0.09182493966
-0.171011721
0.2263381589
0.1631783143
0.003710300103
1.410141978
0.287722715
0.3637691811
0.4759081271
0.02608767617
0.8125433179
0.2283175061
0.7139753306
0.8852649957
0.1283786876
0.7938539401
0.1667831745
0.5878650934
0.6321693435
0.4549177967
1.040557954
0.3812127091
0.4032136884
0.9579746246
0.1869509207
0.276550583
0.08824145845
0.5977635428
0.4326737544
0.1966557629
0.2427696734
0.1043132307
1.310922772
-0.1773737643
0.3254207052
0.2438163391
-0.02082390618
1.260948011
0.5015798397
0.350649162
0.795245922
0.0588368969
0.737635842
-0.08695198614
0.5186908007
0.5333954908
0.2896051813
1.250221412
0.5957845706
1.092387274
1.088597864
-0.1169780035
0.413717957
0.3118208256
-0.3474385437
-0.00364394486
0.3645304946
-0.3547215343
0.05442902278
0.3408405852
0.4344029494
0.9652468473
0.3071068143
1.105673328
-0.09567228407
-0.1896460362
-0.5078510359
0.03548928276
-0.1430032698
0.08071495127
-0.2339581415
1.016581309
-0.748668623
0.118846297
-0.301361984
0.3198886197
-0.07469413057
-0.004096138664
0.2703016538
-0.2294124348
0.1149595592
0.6828263484
0.5352775551
0.9011713415
0.1672180895
0.04512968659
0.583935491
0.2525932882
0.6492648635
-0.055283021
0.791155614
0.5687055096
0.1221822761
1.083076929
-0.345639129
0.03231705762
-0.1049033348
0.534163719
-0.5249360174
0.1545427414
0.8295408338
-0.2047517199
-0.3079340037
-0.46710307
-0.7815374911
-0.1560219517
0.3142369017
0.594146217
0.08669612082
0.05312924571
-0.05499986261
0.3882637795
0.5360699959
-0.4025465608
-0.1138584435
-0.05695428737
0.2708723173
-0.7608098909
0.3926883981
1.111516383
-0.1656583808
0.3714928005
-0.3866073623
-0.2560321324
-0.3841828801
-0.3156041816
0.2868096237
1.103283007
-0.06881066449
0.3413352616
0.7395044325
-0.4139140315
0.09271720499
-0.5697162166
0.6959320106
0.9461886182
1.181770654
0.0679903144
-0.2708259195
-0.06064150217
0.05019365624
0.537308592
-0.3962851316
-0.06803192012
0.102686864
-0.6135337606
0.1394813225
0.2815908723
-0.7780137092
-0.6103345916
1.124296454
-0.2002394093
-0.001966809295
0.6721527144
-0.1918964036
0.3763405409
-0.4993775174
-0.4767740551
0.5647206925
-0.5414656535
0.4101674322
-0.507861501
0.04116338007
0.2476287901
-0.5472531542
-0.7378863357
0.1409653947
1.421913335
0.9077460781
-0.7127347693
0.6902610362
0.6725860059
0.02557872646
0.1079231551
-0.357696759
0.1320039336
0.453522237
0.6269395804
0.09159836564
-0.227738715
-0.01924476065
-0.05462096594
0.5613924414
1.237531447
-0.8953463286
0.5114975933
0.2332588764
0.3986456579
0.8713698328
1.756646252
-0.8218050301
-0.1505135607
0.4764852673
-0.06009190585
0.1077911578
0.6709523901
0.6171964899
-0.5619725406
0.6568595931
0.03092207988
0.5790318936
0.3288410408
-0.2788698889
-0.1091041651
-0.03481607661
1.399501039
0.2399784198
0.2410894129
0.4931324773
0.1227712383
-0.2491768356
0.4032987332
0.915290311
0.4658187501
0.02156631816
0.2899951046
0.1501588214
-0.159791211
1.357117805
0.1097714033
0.1547275631
0.1936464366
0.5664869562
0.04642735207
-0.5808693655
-0.7584314525
0.3791246422
-0.5714503422
0.742401205
0.2935667455
0.6300925864
-0.2561434899
-0.398333323
0.154578517
0.1642218757
-0.1269719077
-0.1234617656
-0.3801092707
-0.1553078916
-0.1236136578
0.3548580971
-0.1257071987
-0.2212398384
-0.2844511487
-0.1428473812
-0.7185925394
-0.6907532439
0.2390956728
-0.1924138173
0.7952402834
-0.2822594196
0.5786330916
0.3514593359
0.324592448
0.4440511283
-0.5199922279
0.23932895
0.2513751645
-0.2115457643
0.3183148779
0.685369458
0.211767184
0.9282287151
-0.1941384215
-0.49326271
-0.2206146654
0.2679870397
-0.7090260208
-0.626593852
-0.1361679049
0.1797825015
0.2170235466
-0.1593768928
-0.0572492376
0.002856442705
0.002743145823
0.4706948461
0.007212136313
-0.2692112409
0.7427446641
-0.454750669
-0.1656097742
-0.1123694895
-0.5662504405
-0.2983180311
0.4483832942
-0.1508337311
-0.4000478365
-0.0311389124
-0.3896605477
0.3079804201
0.5801057911
0.1609043069
-0.2674177453
-0.2704027124
-0.223311431
-0.07935751416
-0.3825307399
0.2392934896
-0.4197990194
-0.2898530893
0.1173594818
0.4119444862
-0.5241658784
-0.4950379252
-0.09527805112
-0.1864828521
-0.3262548612
0.1180814154
0.1964524286
-0.1648868857
0.02584536113
-0.5114400834
0.2649839997
-0.5086227432
0.8056839287
-0.194955905
-0.2044906011
-0.5288058341
-0.4015129678
0.007897917368
1.154099271
0.2697813362
-0.6242220469
-0.1850039808
-0.1449432552
0.3229021482
-0.1857701587
0.6663035065
-0.03482306711
-0.07817912027
0.4679666508
0.5178640135
0.2249275597
0.3443508841
0.1959669406
0.6080559596
0.3311383985
0.4733375436
0.2965507321
0.09955229424
0.4388601623
0.8970406979
0.2787877548
-0.4028175846
0.009254173748
0.08442452336
-0.2560815826
0.1175535435
0.6290607952
0.2556451269
0.168602444
-0.387637908
-0.3156461231
-0.2395984896
-0.3385207675
0.3825105745
0.4155696264
-0.3549780365
-0.4553487927
-0.3570740726
-0.3869030036
-0.4617012952
0.5794017568
-0.6692796811
-0.1702861566
-0.4033311013
0.3731745072
0.364175975
-0.2459860273
1.359981635
-0.1266825836
-0.002363423072
0.1368540477
0.7372815276
-0.001407000981
0.05247619529
0.002838308737
1.045850381
0.03676598966
0.5454446936
0.5311939774
0.5975492433
0.6999347551
0.0525742881
0.9702057501
0.007565725967
-0.04318938851
0.1354192493
0.6940120324
0.134565792
0.5493734218
-0.4584798321
0.5140873358
0.3160025235
0.5688548282
0.1316066878
-0.4496582434
-0.2835365593
0.3614092332
-0.2893775955
-0.3988939457
-0.4181375414
-0.3824834757
0.2861549616
-0.1094151346
0.477065094
1.031675366
0.2218429314
0.4503502712
0.6492072906
1.332545912
-0.01137710605
0.0708912367
0.4471332423
0.07875347119
0.6633170828
0.5353964232
-0.4673739431
0.008544926718
1.082630189
0.1349047481
0.2038531219
0.4181858001
0.06294954754
0.1968562527
0.4589961231
0.2583133567
0.6201758735
0.253926621
0.4310922381
0.771421089
0.5600787181
-0.5707710132
0.5148145631
-0.1878513411
0.1555743918
0.4556713842
0.2595827147
0.158170205
0.9513632059
0.3085252192
-0.04898128323
0.2530418312
0.482964698
0.3014721967
1.081022237
0.2125258728
0.913934347
0.1767954819
1.040644841
0.9105219752
0.2211981529
0.9540455043
-0.2871008467
0.9270016085
0.06734698904
0.6337328866
-0.3122700594
-0.1032152593
-0.06430256031
0.9646606952
0.4995977204
-0.6856925368
-0.09519425035
0.1716753889
-0.002910161391
0.1877948556
-0.08426602855
-0.1528620169
0.4660633095
0.09713707343
0.4388910171
-0.3237473391
-0.3642279476
-0.01046659546
0.795976232
-0.125835575
0.7276961863
-0.5614883497
0.5080799967
0.3515173827
0.06590186385
1.621508163
0.7285868652
-0.06106054196
0.4706120871
0.09429632328
1.024036461
0.5169976324
1.06537133
1.279666319
0.4315264869
0.124523832
0.3018845156
1.09008763
0.03667242192
0.3863081893
0.5622372143
0.5409276741
1.066361027
0.4751511857
-0.0856464006
0.3948697262
-0.05651026145
0.08215523157
-0.0214906361
0.1156942809
0.1689526889
0.3734115787
0.5084725806
0.09048492108
1.234112076
1.306710911
1.201674297
0.602927902
0.07488166746
0.1351339978
0.4818080667
0.6427743696
1.073549351
0.07045725342
1.347546759
1.046289015
-0.1806310799
0.9374745041
0.7138287731
0.7100228839
0.2621389746
0.1181180926
-0.08253002241
-0.0512484774
0.6874597594
1.271819459
-0.5021993965
0.7991285905
0.8282706574
-0.06332842521
0.4630093453
0.3726704501
0.1057579977
-0.3502074249
-0.5968804725
-0.4251568981
-0.5875304163
-0.2689942263
0.4437679641
-0.07321150098
-0.2949410241
0.3266301118
-0.5960759029
-0.6908790261
-0.3123271614
-0.2769967232
-0.6174360573
0.2954737786
0.0009388549719
-0.1445838518
0.01943937531
-0.095777536
-0.3196430307
0.4817393262
-0.1667201754
-0.2655804366
-0.1667555343
0.8028101109
0.3247785199
0.24369407
0.2957916543
-0.3887773231
-0.3329325098
-0.3820210136
0.09614977743
0.8601217225
0.859502735
0.4037951281
0.003024853766
0.4001786113
-0.365198189
-0.6774080262
-0.1304975828
-0.04378039502
0.04721262436
-0.3055099346
1.079241131
0.0233618923
0.008644447103
-0.05697645061
-0.4815289054
0.8763849944
-0.5577882826
0.07908811774
0.4631664991
-0.01810746901
0.3455286341
0.2478814013
-0.219866031
0.9677220218
0.1675591746
0.1243498437
0.4783218693
-0.256629777
-0.7046317145
-0.04424977861
0.2479080345
0.1035892405
0.07477754978
0.02167458702
1.234882212
0.5425017044
-0.09338473789
0.1294301275
0.5590021804
0.7325536251
0.01805995465
0.0974279264
-0.3067185476
0.2738606963
-0.6841740601
0.8947320834
-0.5164769646
0.2599857057
0.03205564194
-0.3424498767
-0.7920628637
-0.2952994995
-0.214720922
-0.01894483957
0.2970302749
0.977973257
-0.1991645832
0.1104563015
0.1698885852
0.6265722349
0.487416853
-0.3442200577
-0.2817588326
-0.002985977009
-0.4903789923
-0.5157787696
-0.1743154088
-0.1024741976
0.8454901695
-0.06943793111
0.7048030425
-0.2901247874
0.6043312296
-0.5037256062
-0.1082499098
-0.8124905989
-0.3426509075
-0.04679966029
0.1380277032
1.101279247
-0.1947306685
-0.09731453545
0.187471658
0.3367288593
0.2375221241
-0.2203083418
0.08885913766
0.7376229838
0.4201532513
0.06397985481
1.204931688
0.51597558
0.05747038377
-0.6505482003
-0.1794440802
1.26535565
-0.0862209091
0.3477979437
0.3980212923
0.1122885065
1.089551707
-0.161735045
0.3143936142
-0.2264482759
0.2544523228
1.147623777
0.9176181706
0.2504921153
0.1924163545
-0.4593011674
0.3296626443
1.07983149
-0.2121603519
0.7147778302
0.786533419
0.2646776233
-0.1079826552
0.02318049874
-0.1068680806
0.07044796338
0.0540247438
0.2848656618
0.3114647064
0.6022141933
0.5799422927
-0.1719158515
0.4064737052
0.45911709
0.3943685725
-0.7624983624
-0.5704916522
0.8609596267
0.03587827403
0.2755390026
-0.009666296653
-0.4571190193
-0.2204249293
-0.4280142248
0.4936100498
0.1174501518
0.7130984614
-0.4737140261
0.5743247978
0.002759824973
0.7563580826
-0.9050300598
-0.3436853662
0.9993755907
1.046124855
0.8727158263
0.09124749824
0.5932058722
-0.2011881161
1.464256656
1.128163271
-0.2095700096
0.4754301019
-0.3977862597
-0.5041915692
-0.5612986952
-0.5357620697
-0.4662469253
0.3785105873
0.06590048969
0.1924759655
0.6223854125
0.1236362614
-0.469353652
0.3056665305
0.3277981581
1.848676175
0.7475952163
0.07104303064
0.5608807102
0.1705959598
0.1404726721
-0.3797312763
0.4022458149
0.4569808327
0.2030648747
-0.3035641424
0.03614755105
0.4705601543
-0.3229971088
0.7385369875
-0.2341033265
-0.1913818236
0.3592861338
0.4848092509
0.2766754549
-0.09401591178
-0.3822035447
-0.2602838106
-0.6548844129
-0.02699065302
0.2847288989
0.3163523531
-0.2494163517
0.2287625875
0.01993096415
-0.3621825069
0.4500430029
0.4591726795
1.359831528
-0.209029644
-0.7031276569
0.04878573716
0.2644628376
0.5515431494
0.6362989115
0.0150538139
-0.3388264913
0.6111781806
0.7979889348
-0.2574361868
-0.6756823897
-0.4241538808
-0.6676373124
-0.3947026759
0.05068214145
0.05238898341
-0.2950070355
-0.04143494479
0.818636778
-0.2462659132
0.09568006061
-0.06187803857
-0.04605630748
-0.1376221037
0.6795060426
-0.4246849269
0.3514937319
0.2969149882
0.1482578985
-0.04210037496
-0.4059545614
-0.4902827367
0.2770320157
-0.02310587522
-0.7038033918
-0.3349203758
0.2349427109
0.3048616342
-0.7643685371
-0.890479508
-0.1501037775
-0.03458817862
-0.3814620666
-0.06581212021
-0.3743075516
-0.2080063134
0.1342717107
-0.1759095374
-0.04922443293
-0.01250677733
0.6395780206
-0.3705273807
-0.7096996017
0.3051674107
-0.7345376357
-0.0138809368
0.5491759896
1.491174451
0.4150934387
-0.2058638845
-0.6982783735
1.014380583
-0.4731269527
-0.02246359289
0.4681593861
-0.2624820659
0.04809202035
0.6681999817
-0.2388547707
0.6765854985
1.024497625
-0.3730699241
-0.2280501209
-0.4466874488
-0.05485935882
0.5464744732
0.6995939687
-0.09216019176
0.7990656301
0.4758047312
0.3057356417
-0.2748654619
-0.3858818814
1.199868129
0.05423921058
0.08034543339
0.7337199442
1.048812751
1.550214458
-0.5206778362
0.460384725
-0.02123666871
-0.5730403349
0.01760418313
-0.5688871875
0.04029558469
-0.6651964024
1.106005108
0.9940729722
0.5522728533
0.02904639132
0.2540766124
-0.2288125407
-0.6805936933
0.01323463414
0.03977489248
0.402519409
-0.1065949852
0.1981488934
-0.06566353217
-0.5267360792
-0.1402871286
-0.7259053975
-0.8237894684
-0.1654370084
0.04849936683
0.4198514771
-0.4258130893
-0.6531813025
-0.4325912312
0.1797236728
0.3288001891
0.6374679182
0.1895267081
0.3250609189
0.2263941485
-0.08574447557
0.3003645776
-0.08230516203
-0.07400348783
0.3284793288
0.8286719464
-0.6285302445
-0.2896596327
0.005005684122
0.09939490259
0.2052773192
-0.02969870549
-0.1685519723
0.1401890827
-0.5281330541
-0.02950438596
0.03824543171
0.2158350107
0.6147720411
-0.2664507151
0.1090392722
-0.6566112369
0.1598113976
-0.1104061818
-0.5353134744
-0.2100178339
-0.3486456573
0.134254477
0.2841577327
0.5262847804
-0.04670073031
0.9848370373
-0.399429889
0.08052683827
-0.4689267963
-0.02131534638
0.4345823839
-0.09210615437
0.5980478309
0.2025315793
0.1369509918
-0.5244710311
0.0529402256
-0.3175706707
-0.6463545755
-0.5474132124
0.539262186
0.1303609714
0.4450285807
0.07461122051
-0.6154706776
-0.1475965307
0.4830125641
-0.8824451774
-0.7611815996
-0.06030370835
0.1937696614
-0.306174488
0.6914705731
-0.4331158444
0.9186634213
-0.1982036691
-0.5888559312
-0.2824071862
0.02054559849
0.4891302839
0.3022116907
0.9430254653
-1.02521005
-0.7051762834
-0.8426624745
-0.2834283862
-0.5049156353
0.08584887167
-0.7665607989
-0.8018439054
-0.1079787355
1.188387564
-0.01304366104
-0.2201945607
0.3568813041
-0.3911058933
-0.05439695455
-0.3431884535
1.655622463
0.1542678412
-0.4640153639
-0.03829553835
1.074966773
-0.3489729583
-0.08938511256
0.3464341231
-0.1177942572
0.2920518778
1.240705495
0.8631994486
-0.05490591004
1.037716717
0.5311684877
-0.4535239011
-0.3451655418
0.2584039334
0.2217399813
-0.1536219981
0.1711314702
0.4790194992
0.4159504902
0.5307227358
0.2648999698
-0.1449590113
-0.1840875685
0.495790549
0.6450447828
0.7251703475
0.2416699369
-0.4091276012
0.1420537789
0.8232617483
0.4285269052
0.4043552153
0.9841665059
0.3269082619
0.3877092845
-0.3002716828
0.7577774182
0.8610888332
-0.3812017255
-0.6712066084
0.3762112528
1.665490031
0.1308558529
0.01067153178
0.3320068048
-0.04273471348
0.9198681056
-0.08789325505
0.4119974157
-0.1262286698
-0.2570330918
0.7974156931
0.5857340509
0.8165113986
1.02904783
-0.3508382857
0.7075676531
0.340689096
0.3890910335
0.342194511
0.488855052
-0.4386531517
0.1746231005
1.128654873
-0.1159758339
0.5192240328
-0.4479940608
-0.397431688
0.1221527921
1.458064175
0.4430631234
-0.3456529986
0.4025566602
-0.1437821394
0.68950385
-0.3215301715
-0.06965424158
0.3328704465
0.7286954639
0.4476900652
0.143271967
0.6612805277
0.2817412246
0.0987928804
0.7392943501
0.1942385666
-0.04721464068
0.3674030215
-0.7772608206
-0.3672605813
-0.1200790345
0.9469356582
0.1156116279
0.4252095278
0.3728885576
1.042290932
0.4954057293
0.658403261
0.03549089972
-0.7235709026
-0.359497216
0.5635454535
0.8385252506
-0.1880727883
-0.2216998238
-0.04419035949
0.4179761671
-0.07897143699
-0.05984285604
2.09951337
0.01790243462
-0.2130045734
0.4196016844
0.3880194005
0.1509759322
1.594543537
0.5939861994
0.1199180435
0.4463485301
-0.2437788513
-0.08231236706
0.3324643429
0.9798567869
0.4412018448
-0.1004159082
-0.5030150428
1.19810379
1.296786916
0.9783103466
0.1727149727
-0.2823639609
0.4523921579
0.8999860957
1.111040223
0.2227881974
1.5193515
-0.3265888479
0.7613661781
-0.3379269384
0.4180141136
-0.01004941538
0.4883069605
-0.476477167
-0.6105141714
0.4611890703
-0.08898972999
-0.07019155454
0.4025824426
1.216841722
0.7178004712
0.3699692629
0.7977534287
0.7474659547
0.5246512651
0.5406354643
0.5761044063
1.488642624
-0.2273725346
0.6784883417
0.6959352501
0.1368857905
0.6100300144
1.074864601
-0.03189175837
0.5068586498
-0.00482980907
0.7733689904
0.4902457662
-0.2406367816
-0.103393352
-0.2371324044
0.3361793734
0.2271268173
0.9391198754
-0.2906064503
0.543520353
0.5967641285
-0.0930068858
0.5228234176
0.6565472037
1.222219345
0.5264236093
0.3210385021
-0.1745616328
0.6833872057
0.138707082
0.535302712
0.5210809458
0.6227273189
0.4858345941
0.5435416907
1.314935207
0.1100947142
1.079182214
0.8657047868
0.5256175727
0.3555956762
1.02635175
0.1894170986
0.6220566824
0.2003799191
0.8291745633
0.6710161839
0.09066295177
-0.4331704646
0.02147040628
-0.3296940632
-0.3610116731
-0.08039755169
-0.7095825821
0.6219112799
-0.306389121
0.7997225516
-0.6268368736
-0.5299870029
-0.5254065797
-0.2139002778
0.50481323
0.6679181628
0.06795451418
-0.1437374346
-0.3356220797
-0.1946410991
-0.76963934
0.2360530401
-0.1689629599
0.4888602048
-0.1815410191
0.4584554188
1.11102643
1.452799556
-0.2461370721
-0.3557261068
-0.478347446
0.1654169392
0.01727826539
0.09372642608
-0.01761592505
-0.0213947203
0.591209536
0.755994172
1.565335003
0.5385380398
0.2743674736
0.4924445447
0.5009679452
0.08036488183
0.6713691205
0.3786160737
1.780898996
0.3945960365
0.5003648963
0.1085294407
0.335018681
0.9961431324
-0.08749031648
0.5320242196
0.4384059798
1.664012149
0.3451977076
-0.03382886369
-0.4233445358
1.125222649
-0.2357463321
-0.1490470445
-0.2313522656
0.1961558128
0.8108775567
0.3936852412
0.09940352365
-0.4682231113
-0.3259321943
-0.397052417
0.07829315737
-0.3184068859
0.2839231119
0.08774094973
0.04629714359
-0.4973619923
-0.2507480795
-0.2919411311
0.03714764807
0.402458103
-0.2138201158
-0.3321268246
-0.1392844494
0.5038515821
-0.06885909252
0.6781586364
-0.3515213847
-0.3804986916
-0.1228147484
0.3236336146
-0.4170041613
-0.3207220919
0.1567796517
-0.2518033557
0.7199042575
0.1879850533
0.4079207266
-1.068907788
-0.459087804
0.3946912115
-0.07479291577
-0.2500050461
0.02492970414
0.1242000587
-0.166401712
0.7994217254
-0.3748788867
-0.4241899818
-0.3092202658
-0.0536947215
-0.11331181
0.1743437147
-0.6548768178
-0.6190486953
-0.4076365009
-0.2102400545
0.9748148888
0.4891142523
0.2709796045
-0.5272482499
-0.4434941709
-0.1664052274
-0.3916316979
0.03135191849
0.5850505471
0.7772394627
-0.2621429611
0.1187702572
-0.3964786641
0.5023636051
0.1918491763
1.088751492
0.4588444002
0.1870652664
1.805195174
0.4777863235
0.02905505802
0.7150402188
-0.05402712151
0.6970870383
0.3089519974
0.1963858733
-0.06444643289
-0.4000355788
-0.2737868164
-0.6448976099
-0.3336453371
0.9665831879
0.4925268352
0.520082324
0.5060574025
-0.4260103621
0.466672807
-0.2589582974
0.2579577692
0.1598776193
0.4131095633
0.8071717024
-0.08581227995
-0.6972834051
0.4829506069
-0.5052237168
-0.4202772245
0.02477996373
-0.03320194231
0.2384421039
-0.09770641029
0.9024354242
-0.2443069208
0.5067433216
0.1499147963
-0.05812782198
-0.5900904045
-0.4114491031
-0.4470983729
-0.333446205
0.5851270951
-0.4750766337
-0.3167974699
-0.2368600186
0.005519793928
-0.3340302538
-0.5923217416
-0.3669700667
0.1545282492
-0.3537727863
-0.4233679414
0.3041351537
0.1364010893
-0.5349528253
0.5565219775
-0.1689560296
0.3622342221
0.6997081533
-0.5921310198
0.6494936682
-0.0356018757
0.8612381548
-0.1367340563
-0.4863877207
0.09240080491
-0.1183373671
-0.142146001
0.1423701362
-0.5604877338
0.146397043
0.2068551825
-0.1267880816
-0.1056733299
-0.373865813
-0.9652282506
-0.5264258252
-0.610445182
0.7761049531
-0.4057339789
0.4991367469
-0.05248639043
0.8890511408
-0.251532381
-0.1778276294
-0.7814911842
-0.2053171135
-0.4669584107
-0.5255501285
-0.4036093503
-0.08571744803
0.1297101753
-0.7768811867
-0.3068165153
0.179994048
0.7151031226
-0.002988794446
-0.27333754
-0.1211167246
-0.1169896336
-0.3120302007
-0.577715674
0.6215731159
0.6727604013
-0.2488097899
-0.5993763432
-0.2844240591
0.1869238961
0.7703648828
-0.2947318237
0.2280195018
-0.4211219728
-0.302478138
-0.3591965787
0.3136225713
-0.546413897
-0.08263387857
0.600417044
-0.05165597536
-0.976719436
-0.3630544862
-0.655758059
0.6053868162
-0.5532844901
-0.7588869125
0.6595327495
-0.4722359523
-0.2681205593
-0.3710398391
-0.2011997994
-0.4059526667
-0.3215979464
0.1128328703
-0.01748660728
0.4714187898
-0.4357258245
-0.1150080128
0.02201383328
-0.7022726536
0.02990046493
-0.4639847636
-0.08823866025
0.6142306536
0.5859171491
-0.2039942358
-0.8233026206
0.3249231875
0.1247712427
0.4483049989
-0.168931572
-0.5089900315
-0.914778012
-0.4413574889
0.8702060543
-0.6871842071
-0.2415764399
-0.1663174324
-0.3326988842
0.7583803922
-0.3658603445
0.03081676001
-0.3018042758
-0.5820598304
0.6649973735
0.9067850757
-0.2995679276
0.3944747539
0.4601827063
-0.307425423
0.3969731013
-0.584438321
-0.1880116578
0.3589768335
0.0693121098
-0.1287509855
0.158989016
-0.2873294469
-0.1662689013
0.2321740624
-0.3312935978
-0.2135021649
0.1942633605
0.6362221122
1.06197108
-0.3223333059
-0.01992156263
1.896771902
-0.3063423812
-0.04761043712
-0.2927378658
-0.2646003179
-0.5382138103
-0.003344587609
0.3560046696
0.1544987867
-0.4508181013
-0.5829395339
0.6831464395
0.1518309049
0.6941312045
0.3708831172
0.037935432
0.8524425596
-0.8084076881
-0.8691202998
-0.4372549608
0.4632499844
-0.9180132955
-0.7585155815
0.4991149435
-0.290198179
-0.6246292979
0.3175721698
0.5698813945
-0.3653688528
-0.5633785859
0.0553654667
-0.01333146803
0.2883519024
0.1302875899
0.1264598494
0.1037666526
0.07465005666
0.6443045374
0.8048854137
0.20779777
-0.03669561706
1.742810977
0.2428814617
0.6253622092
0.7246088251
0.2440779768
0.7784789935
0.01882432662
-0.4370397441
0.1076750033
0.6220397115
0.3392853573
-0.4943178773
-0.7908049732
-0.05642925687
-0.7322978303
-0.4343189379
1.057581045
0.05811316893
0.01438468862
-0.3426896855
0.511224304
-0.7995790899
0.2550624877
-0.03291258612
-0.5144065484
-0.1525610752
0.01104945187
-0.4432846144
-0.03008831013
0.2538775628
-0.320649536
-0.4899980307
-0.1035919899
-0.6577350914
0.5291299433
0.07292859023
-0.2838661641
-0.3446832489
0.04762781104
-0.2316919707
-0.2178985573
0.06111385934
-0.07974693729
-0.5105564818
0.6993376669
-0.3361627325
-0.01226635594
-0.2100930942
0.008617583662
0.3546603825
-0.3740231961
-0.1500152074
-0.367128972
-0.5154109508
-0.2743814141
-0.4577149123
-0.139484743
-0.9249073893
-0.821881637
0.01533920122
0.03091250472
0.453409756
-0.4548032897
0.676478312
0.2302626662
-0.545129998
-0.1197376242
0.4989340439
0.2096253013
-0.6063792169
0.2672029128
-0.1329941778
-0.2046498235
0.5679383352
0.0433901472
0.3995286111
-0.6380061612
0.04070554525
0.3558791064
0.8372765064
-0.1085794581
-0.3216574959
-0.04554345291
-0.1108539974
0.8009359017
-0.4589077905
0.8166808397
-0.2339593247
0.02942652507
-0.2082378753
1.092660975
-0.2724980872
-0.3426754601
0.06435852405
-0.2244663941
-0.3151380477
0.08054850586
-0.4822989941
-0.108217839
-0.5450341359
0.1212399995
0.6407675341
-0.02189381979
-0.6505787253
0.0173759006
0.7186194152
0.0002729236148
0.6124743402
-0.7018338382
-0.4481455177
1.135329658
0.06679372215
0.2892308051
0.4466790039
-0.2049056767
0.2387861386
-0.2990144521
0.1045613565
-0.4467480555
1.229378605
1.280603522
-0.2692493759
0.6786813833
-0.3584346246
0.2680565774
-0.4034083761
1.061467123
-0.3231430762
1.070676406
0.03833895735
0.2816630661
0.4093485914
0.6279096968
0.5902845854
0.347788525
0.007363888621
0.3147794445
1.059919149
-0.1709108284
0.1475402858
0.1563559629
-0.5834122688
0.2194413203
0.08468595296
0.2447320124
-0.5774589017
1.212449311
-0.007167971879
0.4581297792
-0.1137017179
-0.09979511127
0.4236702606
-0.2142023675
0.1837275743
0.4088705927
0.2090937227
0.2870813458
1.210855061
-0.1076918486
1.10626255
0.3174442956
0.5117850188
0.034461594
0.0989149753
0.8403936328
0.004580842331
0.3739696924
0.2799125642
0.4362317892
1.337833156
0.2209231399
0.4308130473
0.2367243823
-0.4461844236
0.1089818162
-0.3608125314
1.901805964
-0.2783315606
-0.4430516101
-0.1488868276
0.4220003203
0.9690381698
-0.4746751457
-0.07787608802
0.7043143257
-0.4471987553
0.3050095337
-0.2349191172
-0.4841354698
-0.2057340304
-0.4049136423
0.4039056908
1.318937343
0.3242074456
-0.1821896896
-0.5598745584
-0.4609654203
0.04978720713
-0.5290266499
0.3975036856
0.3147237053
-0.4064540736
0.2774360878
0.00786567945
-0.1978653979
0.9579008229
0.6007346053
0.3425175342
1.174300869
0.4724534962
0.3902522646
-0.5913092583
0.9568250448
0.15424751
0.2701828478
-0.2585975215
0.8397401273
-0.5107540011
0.3975601206
0.7282472685
0.4067960747
1.258890083
-0.2655289521
-0.0625885237
-0.1783516027
0.3169685688
-0.1734336168
-0.4577988178
0.2027131893
0.569982473
0.4721474821
0.5597411513
-0.1602886874
0.02197315539
-0.2001548808
-0.9227660745
-0.3385806732
0.5823666558
-0.8094463021
0.01208618362
-0.5613331735
0.01597368941
-0.1802817546
-0.6732456371
0.4161792655
0.1787994571
0.05199746154
-0.02343855221
-0.02328070011
-0.4462572828
-0.2258505952
0.08713895939
0.8839299515
-0.2337822817
0.1504592575
-0.2498030752
0.3797970288
0.2246090516
-0.2116393261
0.0231828792
-0.00339154806
1.088590622
0.4162371347
0.6874336168
0.6227812439
-0.1108439706
-0.02454074845
0.04727739608
0.4028724231
0.09824980353
0.8462768748
0.4375225451
0.8910253972
0.5691932142
0.770495484
0.1212092165
0.9846811175
-0.1098747356
-0.3409498017
0.04613539195
0.28175076
-0.4311990369
0.1570636041
0.2657266324
-0.5365130439
0.3185300179
0.02208826486
0.4579911873
0.05263128728
1.002579939
-0.09288807362
0.9967933441
0.7259944335
0.5374347493
0.4401544712
0.2002842194
0.08018452525
-0.1716629982
0.002614489943
-0.6380437613
0.110746509
-0.4761373557
-0.186627575
0.04466605866
0.2308257911
-0.3604117125
0.315518379
0.090937493
-0.2457853496
-0.01760993004
0.4687588464
0.253674678
0.08542284928
0.449416161
1.028952602
0.4838216638
0.9305015557
-0.5012602158
0.9489259139
0.6331973791
0.1852622703
-0.7134050235
-0.4330708003
-0.5132418349
0.2960542297
1.014181146
0.773155248
1.105712961
1.061560529
0.6475726925
0.5809879703
0.2597430609
1.178182507
-0.191642085
0.8856622413
0.014836872
-0.1586616075
0.6196393017
0.2335554142
1.212524427
0.5426890448
-0.1843242541
1.741448867
0.1028671674
0.07441973975
-0.1582298262
-0.1431216655
-0.09553123675
0.8503761848
0.3047744216
0.1663722701
0.5166076377
-0.0777403336
-0.6725468352
1.07714055
0.7441231832
0.5273840493
0.5679941658
0.6942235857
0.3504600339
0.8433462217
1.318303338
-0.2444508426
0.05625389293
-0.5990945727
-0.5648192972
-0.3175786559
-0.05898348335
-0.2706923358
0.364499129
0.3839518391
-0.07394553069
0.6763948336
-0.1276265226
0.3340509126
0.5074983401
0.8887971813
1.398757404
0.6492537059
1.312637617
1.518548682
-0.4298564993
0.9622191101
-0.424823058
-0.6347134829
-0.3887542177
-0.2707300153
-0.1386121155
-0.2155098885
0.2838985087
0.5656992055
0.3213374659
0.3488480262
0.1975107407
-0.3956143759
-0.4614663094
-0.08184303558
0.08120890222
0.07452678513
-0.3291224346
-0.755472834
0.8714188114
-0.4337624256
0.7076878458
-0.1788586129
0.0170592322
0.6159219034
0.4028780278
0.1058787145
0.6381879516
-0.1086833701
0.7918970764
0.2035248923
0.1969992138
0.7925063819
0.4930549771
0.501134146
-0.01341840047
-0.05469576716
0.6286433145
0.3015939225
0.5059240259
0.3261323612
0.3171668835
0.2292522915
-0.1037990287
0.4234923847
0.1919363989
-0.003221315704
-0.02838152833
-0.08412508778
0.3568849389
0.4590118896
0.4594461542
1.224638142
-0.3039676249
0.07389142988
0.215664025
-0.03191878032
-0.1528923851
0.5861278355
-0.2132380866
1.385916534
0.8574925184
0.3456881814
1.097043673
0.4332331222
0.6391766081
0.8104795724
0.6898964323
0.01082126964
0.1898075841
0.2336564809
1.106124009
-0.3180300273
-0.4917751864
0.1559343608
0.2538057126
0.06246645451
0.6185142249
0.5517141469
0.2335201871
0.803854309
1.043358666
0.3521056713
0.391777271
0.1122251086
0.255846592
-0.08129229005
-0.1865770947
1.626878327
-0.09758163095
0.7098077506
0.7407590002
-0.4103359602
0.4589118626
0.382643565
-0.03245678712
-0.1381913312
-0.3594373032
-0.3140377656
0.06906121019
-0.3586864352
-0.13401048
0.02781295255
0.5048948951
0.8878393188
-0.04710236285
0.1429130986
0.4805501767
0.5630249575
1.006218717
-0.4284619868
0.3747978788
0.7440850943
0.09118748661
0.4550227091
0.1450251898
-0.3752858121
0.9758961588
0.6544598386
-0.1674333647
0.6893027596
-0.034692261
-0.2495666504
-0.5433478415
0.8173010491
0.5790344413
0.230175701
-0.09309815094
0.4808711875
-0.1644604387
0.8100519449
0.3762669746
0.1423584683
-0.141744262
0.02145347185
-0.2433118388
0.5616269751
0.1633099873
1.213642591
0.2721853487
-0.1232416354
-0.4654432267
-0.2059543595
0.05860748403
1.195021035
-0.1299978342
0.1367918426
-0.001812868565
0.6436559215
0.3459512088
0.0719254097
0.02251981273
0.5175298057
0.3489409197
-0.05469227755
-0.5268814363
-0.5279546171
-0.6899518579
-0.4293421745
-0.2526362054
-0.4942393035
0.7352655604
0.6844314925
0.7011356689
0.7477838472
-0.360019765
0.8448272936
0.7439847097
0.07335108984
-0.3327597484
0.8091608375
0.5100383766
0.07917384906
0.00339397043
0.2529450616
-0.7158860326
0.6203992061
-0.7279320642
0.0134077094
-0.5318451203
-0.5390313745
0.3624953577
-0.383618848
0.03866394237
0.2294183586
0.2661836982
0.2766153694
0.3422384556
0.9972807169
0.9466050684
0.3289399034
1.383478993
-0.3558460094
0.7775456071
1.244462436
0.4133433647
0.413640427
1.250434691
-0.05932437517
1.119585675
-0.4738362998
0.6145949066
1.07040792
0.0006861187983
1.036850108
0.2111380827
1.637449542
-0.1997975457
1.215022013
0.142439796
1.181594172
-0.2458859064
1.205993612
-0.5687819228
0.1640743829
0.1243674679
0.281505231
0.7522456944
0.08101475723
0.778699176
0.6705016658
0.652450908
1.701472265
0.5767825969
0.4357775835
0.7465000004
0.2367049955
0.460661431
0.6760564327
0.09284118675
-0.3090737894
-0.3604998626
0.459274972
0.7986933425
0.3383535732
0.3255838223
0.2258519076
-0.2872560084
0.6696164086
0.859960568
0.6762062448
0.1224029481
1.671587527
0.6634150835
0.3937395327
0.156796075
0.07122979108
0.8780949693
0.7126550864
0.6775752939
-0.191463377
-0.3005813643
0.00850607194
-0.03924464784
-0.6972544029
-0.4262078926
0.04120028056
-0.6594506428
-0.09044260047
0.5257854037
-0.2327263437
0.9150423832
0.03831992708
0.6775115564
-0.2070529312
0.6020991478
0.6578053996
1.434996796
0.2715276262
0.5751888238
-0.1860860292
-0.002944512106
-0.4369831041
0.1857582694
0.603651258
0.1304638753
0.248911697
0.1329037497
-0.2361660253
1.055995065
-0.1672947332
0.1230225392
0.4526422832
-0.142388219
-0.02226068228
-0.5905058101
-0.0622042235
0.4401480794
1.078676671
-0.2110196633
1.000218213
0.4063240759
0.1549492568
-0.2819914602
0.4728837766
-0.08582664877
-0.3921855398
-0.5726976186
-0.07930863481
0.741203545
-0.1099510163
0.0717755815
-0.6552309453
0.5899593547
-0.06827469096
-0.5314882413
0.3523340624
-0.352876243
-0.1053165121
0.08524926645
-0.3286033459
-0.1884856444
-0.3332588095
-0.2908716304
-0.01122458884
0.06576969791
0.3742565252
-0.5625071973
0.6333915472
-0.08724243343
-0.5847245187
-0.03504041955
-0.03445196711
-0.7179185703
0.1521082918
-0.2873309124
0.3411221774
-0.6777445093
0.604622902
0.08404231258
0.7420490444
-0.0129061792
-0.7422807366
0.1050767011
-0.187166021
-0.1776296221
0.1160878874
-0.1797944095
-0.5159629732
0.4325332694
0.7826870903
-0.1932093302
0.4513150627
-0.04849619316
-0.1925248981
-0.6113932863
0.01167900357
-0.2481547471
0.5758702412
0.4216903724
-0.1480436716
0.8835684262
0.01522015054
0.6278255027
0.316966404
-0.04577521719
0.3490692511
0.680437699
-0.0823872827
0.2136569031
0.03788702898
-0.5144525774
1.678314105
-0.184028781
0.4579084709
0.6262353301
-0.5463726789
-0.08296399675
0.2718577415
0.0699128896
1.041446944
0.5958129376
-0.08651555441
0.7300404429
0.06101573035
0.514227248
0.2604557253
-0.3399850424
-0.2509912957
0.2831517344
0.5176659986
0.05578289339
0.04527483638
0.4421206156
0.04236593917
0.3824599495
0.5484872445
-0.1681691034
0.5890938707
1.680975726
0.007579113171
0.2596029707
-0.3238348961
-0.06748258229
-0.3613921486
-0.1815311182
0.07548755007
0.1646570301
1.306803219
0.4699748691
0.7643335529
0.1907107215
0.1790485464
0.3204801766
0.6019349232
0.2502042787
0.1915458191
0.6835293427
0.07948500421
0.2236258719
0.728786765
0.4562819399
0.04609256042
0.2540615227
0.5511241846
0.004775143228
0.01583385477
0.1922658235
0.9117663426
0.401950207
0.09795330763
-0.08716909178
0.5131875813
0.1516862178
0.5080152363
0.3590488847
-0.3792023215
-0.4977235958
-0.05823320281
0.1845292337
-0.3414034702
-0.404685799
0.1085808504
-0.1272272166
0.5097799256
0.2801665716
0.8914938048
1.076757017
0.5617952697
0.8427541867
0.2237802643
0.8300807111
1.144482036
0.9184549347
-0.3711277477
0.6086132601
0.643611192
0.07748116902
0.1357336311
-0.3231197774
-0.2319287345
0.3087066136
0.3173558068
0.9410828024
-0.02398173474
0.5798102366
0.1931629166
0.7367930204
-0.1241582427
0.3271082316
-0.4587387472
0.1747305049
1.432915093
1.318734071
-0.341083543
0.9673199743
-0.306696216
0.1199092794
0.4669956475
0.5468362629
-0.3932797141
1.329787701
0.688719961
0.5185962379
0.4742976336
0.587676914
0.6547207192
-0.2336748987
0.5888012039
0.2276553898
-0.1951577041
-0.01505410206
0.1005383998
0.9138227113
0.1477526106
0.9053508073
0.6089260109
0.5067183614
0.2180650748
1.081954235
-0.1441342283
-0.1075827714
0.1526317488
0.2517204508
1.035160422
0.8902699942
0.02833206058
-0.4672387257
0.5251845829
0.2068289343
0.1765525351
0.4884693012
0.1362235839
-0.2606316783
0.08679285999
0.1660053217
1.071499033
0.8752762556
0.3702439343
0.4862368885
-0.5007487372
1.018758421
-0.2697464563
0.06739926338
-0.5437281832
-0.2413351431
0.351211112
-0.3028533816
0.8172158226
0.3424414171
0.9558571547
0.7611645818
-0.2475381564
0.284215273
0.04258554904
0.4950376971
1.232429939
0.8031150177
1.181808499
2.312014264
0.2292976728
0.6981290393
-0.1099609554
0.8509586617
0.743009761
0.6776020631
0.410871008
0.249608432
1.287463444
1.066897122
0.7672581904
1.186096437
0.3260300502
0.2290934674
0.6705613784
0.1425776277
-0.08041417114
0.03393018618
-0.4180353623
1.028984584
0.7708106868
1.594755845
1.058926886
-0.1582704101
0.04963213308
0.4904695995
0.5004893363
0.1826532319
0.5145751851
0.30286825
0.4214630786
0.5672672138
0.7133821145
0.8167412534
0.8745066881
0.4615806762
0.4321477339
0.1751519874
0.6794132687
0.4716578007
