-0.2134552628
-0.09134705476
-0.1596380425
-0.4308942258
-0.1092216671
-0.09433984272
-0.1768347936
-0.5165887929
-0.3724847991
-0.6155432574
-0.4079206523
-0.4382355519
0.7471443251
-0.3989119969
-0.1471526504
-0.4029994972
0.01092952918
0.5955480583
0.3266107146
0.645585423
0.712127842
-0.2297525916
0.2862040967
-0.04217305388
0.3262314565
0.3127924554
-0.1454508642
-0.1005983881
-0.725923986
-0.5945010379
0.1214601774
-0.2464448823
-0.271938077
-0.2251162931
-0.870479621
-0.2018804841
-0.243967985
-0.3291047033
-0.19022377
-0.08381594941
-0.4687227879
-0.05057934225
-0.5108590174
-0.5752028033
-0.6952925935
0.1629438028
0.5314531997
-0.1931265455
-0.1690400632
-0.02541493867
-0.09591230601
-0.3364453033
0.3873809624
-0.09644343937
-0.3105578702
-0.589771203
0.2527664645
-0.5164773781
0.1822381675
-0.3394501958
0.2819448471
0.02986703441
0.5983687863
-0.5213127844
-0.06271604206
0.5567749627
0.1613826038
-0.1223901264
-0.1140931839
0.455465145
-0.1949009091
-0.2744104102
0.1179562261
-0.07751174243
0.08868340608
-0.3537466116
0.2793620026
-0.01773470743
0.1018562371
0.9424871258
-0.361095088
-0.3315450393
0.2250326732
0.1561077297
-0.2401210472
-0.1763274342
-0.0105556123
-0.121201
-0.1207723835
0.3062160905
-0.4030319992
0.07491765264
-0.05393421203
0.3435496904
0.1720668469
-0.344327097
0.8080259904
-0.2354974534
-0.04526521973
0.1079090171
0.3945757616
0.003932203166
-0.3602426112
-0.5352580827
-0.03571823193
-0.1909059281
-0.3352379501
0.01409508288
-0.161672055
0.2859438767
-0.1943053177
-0.2680781543
0.446770972
-0.2226076167
-0.1367532685
-0.08402357381
-0.2665945746
0.1992587863
-0.479873088
-0.08869785266
-0.5954793803
-0.5738477886
-0.394095964
-0.30625358
-0.2762362413
0.272350812
-0.2813691836
0.09571298026
0.1413774312
-0.5211447015
-0.02492385162
-0.4933831744
-0.07910801284
-0.273144345
0.4123684946
0.09540183647
0.06409433316
-0.4066364076
0.2574946359
-0.6323625721
-0.09707459891
0.054290713
-0.2561585773
0.1362885715
-0.2586891375
-0.077652332
-0.1454006921
0.08696599845
-0.0822195841
0.182640548
-0.3398286883
-0.02631582692
-0.04029679447
-0.5120069593
-0.2585762177
-0.08206463084
-0.2442802865
0.4645519435
-0.06217615698
-0.1723709494
-0.7095003933
-0.08457130194
0.07948050275
-0.4418255739
-0.4999284778
-0.002373309713
0.01677162461
0.01537270639
0.5075468205
-0.4670385398
0.004849204794
-0.4897141777
-0.2951351248
-0.4309363365
-0.2142104298
-0.4464138951
0.6415493712
-0.1972131196
0.1580037244
-0.1101722714
-0.2082166998
-0.07430019211
0.04919461254
0.04733949713
0.5173933208
-0.0847097619
-0.6301578298
0.9157292344
-0.08122009169
-0.04851395525
-0.2843293827
-0.2080525182
0.8162962958
0.009972097166
-0.3155571073
-0.04790851967
-0.3273922149
-0.1425420202
-0.2386312734
-0.02807204025
-0.4085510168
-0.3590075009
-0.5412295207
-0.1033192296
-0.5398178518
0.03524325863
-0.01627864614
0.1913662497
-0.5113534667
-0.2189619418
0.02696695644
-0.131220119
-0.4076545265
-0.3868160862
-0.3589241888
-0.4163454905
-0.05492468625
-0.3394986276
-0.4192799982
-0.2141926285
-0.1167369973
0.2688240191
-0.2618837476
0.1343393365
-0.3562345777
-0.3614406064
-0.6803178083
1.08462169
-0.3221123248
0.006630548462
0.4618956313
-0.4372470945
-0.01244473532
0.1207871042
0.1500773937
0.4586995527
-0.1170492553
0.4633530457
0.01052842457
0.05165557833
0.346074786
-0.008864876535
-0.3020428628
-0.1430413669
-0.2943709526
0.4730007522
0.09061754104
-0.07010781225
0.2539367111
-0.2455848739
-0.169664711
-0.07820657697
-0.5455632076
-0.2994165983
-0.1374129487
0.2698854899
0.6501901411
0.1520893952
-0.4011405181
0.01099393452
0.335679803
1.09347718
0.3740714161
0.4927448392
-0.02695798455
0.5596104518
-0.4508708462
-0.4624797218
-0.3139203597
0.01847044704
0.3973165937
-0.3172706757
0.7011832029
0.7569409922
-0.435504891
-0.3189541899
-0.01944562793
-0.2611212552
0.3261687554
-0.1924120711
-0.248976652
-0.3752421156
-0.2386880424
-0.09225622416
0.5440716341
-0.05713793337
0.7238874823
-0.4088881683
-0.2067662943
-0.08244655095
-0.5158589482
-0.07937713126
-0.3478632163
-0.2076655071
-0.3781494021
0.8203262284
-0.4268859237
-0.2384733256
-0.2372538727
-0.3289460614
0.6047251508
0.1666269798
0.08568656277
0.122977474
-0.05973935584
-0.4782022163
-0.1762673073
-0.1530979402
0.02129966207
0.1708222453
0.01548190061
0.005589793064
0.2343001761
-0.4834129453
0.3479992233
-0.5135894679
-0.4216506414
0.3690111242
-0.1150367033
0.2457658926
-0.1380630063
0.2118311826
0.1689896908
-0.2967128702
-0.1307648931
-0.114919534
-0.2243155364
-0.4820306607
-0.1337867025
0.1414193138
-0.6426239699
-0.44403979
-0.2242668357
-0.3230854701
0.7233057182
-0.2758465114
-0.1241052799
0.3237991787
-0.1437388114
0.5656599239
0.7464296855
-0.3247587807
0.08214474916
-0.07484920975
0.05161349904
0.7176246315
-0.004454006255
-0.05097326953
-0.1240862668
0.1039786283
0.1978587451
-0.2568259429
-0.5155501753
-0.1772415506
-0.2237565104
-0.05285310778
-0.7140949339
-0.09206367992
0.007944222167
-0.1026453782
1.158945315
0.1780057091
-0.1394991372
-0.09323995933
0.4724549666
-0.2049479723
0.5205124088
-0.09106061338
-0.08915139306
0.1428305395
-0.04085561987
0.2806433007
-0.4506286141
0.1250974615
-0.1523513529
-0.04792380817
-0.2147706758
-0.2436456647
-0.1358208865
-0.3573241655
0.06991613247
-0.296449401
0.2876830043
0.1675278416
-0.4399179541
0.008519115113
0.1973528275
-0.2538518056
-0.1233350291
-0.2107131106
-0.3539490096
-0.4095396813
-0.5021396533
0.3610725986
-0.280048668
-0.5517549232
-0.002887142636
-0.05702824565
0.2906222831
-0.6027951412
-0.2743318133
-0.1242808193
0.04919570144
-0.4481226902
-0.1976184832
0.5020060718
0.08652802613
-0.1344257282
0.09618615694
-0.2910455018
0.1052185003
0.3281344704
0.4189247284
0.2722220266
0.005507775676
0.5523200855
-0.3175813682
0.4002908185
0.1083322251
0.5502867229
1.162160031
-0.2732244805
0.1523815093
-0.1491350453
0.2925717428
0.3931644455
-0.0684253226
0.2091741666
-0.222801327
0.0921290704
0.3825734537
-0.2105665509
-0.1532367971
-0.4471320398
-0.2607599601
-0.02191066295
-0.0940974053
-0.6474457033
0.1987432083
0.3632966883
-0.2638460521
-0.2725983027
-0.001041128114
0.7886622325
-0.2338202227
-0.3223718885
-0.2525878977
-0.1094853721
-0.3226801552
-0.1375401911
0.1028006379
-0.2157684032
0.5476636529
0.1745807907
-0.3563604489
0.4185427904
0.2026768865
0.1249868192
0.188951198
0.1298857789
0.251362789
0.7738149308
1.193493753
-0.04266488329
0.04704727158
1.016471558
0.101373179
-0.311562378
-0.1386631235
0.421113389
0.05706089232
0.3128011398
0.08879503934
1.321163735
-0.2740265571
0.1250420938
-0.003062098194
-0.3596872941
0.6841021195
-0.4171645444
-0.2495968103
0.2178313248
-0.1789625287
-0.3654324565
-0.04199668132
0.528324537
0.2596408408
-0.199815787
-0.5774149001
-0.307711276
0.5026616611
-0.3704538051
0.1775521353
0.2875453476
-0.3150167868
-0.101808897
0.04180738358
-0.4150698114
0.001708230469
0.04920331463
-0.07699295115
-0.2943143036
-0.2445443198
-0.1253136417
0.2911195416
-0.1349617989
-0.4056225162
-0.01865287926
-0.2041101001
0.005855355877
0.1937060177
0.9203463212
-0.1389058519
0.5171838939
0.6559312023
-0.2819800984
0.1533588907
-0.1541689936
-0.2499144047
-0.004516799934
-0.04233259736
-0.1941696838
0.1088829964
0.3887481086
0.2022565144
-0.3980301199
0.4837827675
0.106732345
0.1352842854
0.3431031108
-0.06768602841
-0.2691286493
0.1335936558
-0.1393244024
0.3039532196
-0.02624789067
0.8258371323
-0.202782023
-0.05760186277
0.8269020617
-0.03039821503
-0.18738169
0.07899693064
-0.05564245246
-0.1801369587
0.02881876854
-0.3785609674
-0.3473538589
0.3550887994
0.7437697157
0.2276498778
0.0345326981
0.03484987896
0.6550981671
0.02706766743
-0.4489078838
0.6790065125
1.413564226
-0.2848148104
0.8530168325
0.6253589574
-0.0416306464
0.3943104684
-0.09143779073
-0.1770017423
-0.1505073246
0.9216933265
0.2624132358
0.2120611052
0.3968695976
0.8742093414
0.5722483873
1.430093607
0.5907035679
0.5831378683
0.5749839537
0.5225932091
-0.0007741721347
0.04532922236
1.493639521
-0.494406534
-0.3593171552
0.7553779915
-0.07552728988
0.004909323528
0.1598035602
-0.31878087
-0.1470024524
0.07454396384
-0.1720083155
-0.2110434581
-0.5144378498
0.6009822965
0.6797778632
-0.07062786277
-0.2397998672
1.132403098
0.3449341834
0.06528428197
0.06405907306
-0.3318007421
-0.4475664984
0.3387017792
-0.4085094362
-0.1882631648
0.1042869911
-0.2490239594
-0.005951469205
-0.14523522
0.02710320521
-0.01538886521
0.2916937605
0.06533243805
0.7336921036
0.7184753075
0.5808936596
0.008595668431
0.2737403847
0.2681757811
0.07449809201
0.01623654915
0.4757435448
0.3681667082
0.3963339135
0.218844991
0.7972044617
1.282198657
-0.06538357884
-0.2828328267
1.024413638
0.2287810139
0.2982928632
-0.05008755913
-0.0670765101
0.3096926786
0.2280047946
0.1185204359
-0.2562163811
-0.1134732682
-0.3277481817
0.08435816206
0.5780391619
0.8648500897
0.199218551
-0.1839978052
0.02812620327
0.653887026
0.1599465227
0.4051624376
-0.028752119
0.384208592
-0.1745230379
0.7924503967
0.6902889647
0.1715824623
0.4576179236
-0.02963325158
-0.1378385954
-0.2736681119
-0.1638674904
-0.2241929375
0.08522000723
0.799586919
-0.06424106397
0.03581202561
-0.16684439
-0.549313755
-0.4196212981
0.1451310147
0.121044194
0.06100669345
-0.2915041102
0.1675917564
-0.1811087849
-0.3397526409
-0.5668123715
0.2212264461
-0.297586073
0.1876718111
0.2027300224
-0.4724986143
0.1917786462
-0.3083005384
0.5622099121
0.0007456740364
0.1098495418
-0.2571008921
-0.3468842711
-0.1519248412
1.048537362
0.007388108503
0.094397806
-0.4447616659
-0.1381874219
0.7133241475
0.008099856228
-0.3349946082
0.6122597583
-0.5737147525
-0.08974723592
0.3492414288
0.2177094496
-0.01249608472
0.04502599072
0.07777385954
0.1776834778
0.2099899566
0.6339943469
0.2675609149
0.1329438863
0.1703639992
0.5214891929
0.2093507629
0.0527407892
0.7808023728
0.3348994434
0.3316631317
0.05648988392
0.7208315969
0.4505208701
-0.1791703776
0.7560614593
0.7738435075
0.4843208812
0.6844093461
-0.3637393609
-0.05518778926
0.2025586464
0.7588048041
0.2885149013
0.4074892212
-0.2792180702
0.1348495878
-0.469476964
-0.07595743909
0.3917078719
1.33521162
0.1634936033
-0.2176679485
0.283161144
0.157073538
0.04212654382
0.3223816186
0.2327104079
0.9964580134
-0.06664194884
0.3724380448
1.246177454
0.9004420981
0.5197780885
1.013787729
-0.3774615258
0.8995229796
0.1081970267
-0.06081343275
0.2880241267
0.05976675944
0.4029622279
-0.2199959371
0.8240638733
0.2567781757
0.2033347461
0.8092090279
0.2745259665
-0.0009806197137
-0.1559014821
-0.3309753444
-0.3893046644
0.307187565
0.6782599151
-0.08216672596
0.6285119489
0.3496304901
-0.2691872176
0.2982004803
0.2740279555
-0.1127968099
-0.1006636932
-0.04913746044
0.1861983411
0.5999739975
0.03193363752
0.09157851608
-0.07017307021
0.01279869173
-0.1898003694
-0.1426723924
-0.002763795666
0.2895299718
0.004456505459
-0.6131579787
0.3148278711
-0.07680925634
0.4902109116
0.8972276464
0.5462768182
0.1442307784
0.08970011845
-0.107418849
1.145159313
0.02154301163
-0.4212816672
-0.06074146694
-0.06814984903
-0.2914532226
-0.1124369666
0.8929737297
1.325055896
-0.1020842243
-0.3697379928
0.05362166166
-0.380199255
0.3319085397
-0.3194066536
0.4312816873
-0.3883356415
0.2859690379
0.1688860618
-0.1710216488
-0.07586425673
0.350463742
0.240049772
0.754966259
0.3701987172
-0.02333397707
-0.1496784968
0.2569497205
-0.4240105838
0.02541545127
-0.5342026405
0.2942052245
-0.1499123963
-0.2295703281
0.5222545445
-0.2605199128
-0.1143515138
-0.5266970783
-0.1458796902
-0.1111795189
0.3710732801
0.4290967733
-0.1288560264
0.6170273945
-0.03183443611
-0.133976543
-0.03248945717
-0.1268899854
-0.2375615768
-0.2452638175
-0.2917942755
-0.09980915803
0.1117161942
-0.09127051821
-0.36655242
0.9529753968
-0.08628219338
-0.1244679879
0.426178898
0.9453009501
-0.4676415894
0.6474340484
1.004175084
-0.01521493159
0.3047035005
0.008334727399
0.4193442047
0.0697206215
-0.2541172486
-0.4055739544
-0.2303194758
-0.202082446
0.280483371
0.6151498571
0.4027125709
0.6498365335
-0.1813062076
0.9356090508
0.6827622861
0.3609414708
-0.05127958506
-0.05434424523
0.5261939108
-0.05640053544
-0.5292781293
0.538714435
0.4019125029
0.4000989467
-0.3133681472
0.1290160194
-0.2873220824
0.1570632886
0.02705840133
0.3288219314
-0.07772658467
0.3896899037
0.1460156521
0.07077274695
0.1882785969
0.1755145112
0.8966915309
0.4984674349
0.606113106
0.1382755859
0.5412550345
0.03878890527
1.34974838
-0.5919546202
-0.5166592002
0.07011903003
-0.4297961183
-0.3486854173
-0.1466176353
-0.5076689854
-0.0474558678
-0.2118801463
0.5973777451
-0.4338326141
-0.2518006455
0.289322966
-0.2479076203
0.1456543922
-0.1763385095
0.02824428342
-0.07094976697
-0.2355405638
-0.3374111474
-0.1274375293
-0.1557051414
-0.140688009
-0.1411888354
-0.1347483518
-0.1258334417
0.05528662028
0.9952533677
0.4393236011
0.2120167054
-0.04028547956
-0.2694635086
-0.1720694251
0.007539429795
0.4405070215
0.1993589614
0.764818731
-0.2819217518
-0.2215628199
0.05829087719
0.2843695145
0.1076864614
-0.09380396204
-0.3838074323
-0.2181409609
0.2722312586
-0.5651185617
-0.6050639838
-0.2313468806
0.2618154725
0.0343502339
0.5135159403
-0.1250081129
-0.2620269531
-0.2188409299
0.4157343749
0.01378678912
-0.07072728798
0.05931749959
0.4012024384
0.5524172626
0.1990753835
0.8351066247
0.2025100065
-0.2249032389
-0.2448576763
-0.06015221812
0.4347649142
-0.05841468554
-0.1863826293
0.3096906736
-0.3453017727
-0.6042741433
-0.136426153
-0.1766129151
-0.08802049607
0.2024559807
-0.2279793538
-0.2451874074
-0.1382182365
-0.3178495284
-0.3168118302
-0.2606422193
0.1643104423
0.4130608186
0.03281499818
0.04600376366
-0.3196124487
-0.05322653577
-0.5425597228
-0.624648042
-0.0798903279
-0.06719863191
-0.1818555791
-0.4402284108
-0.1198949803
0.4958239295
0.2015930608
0.3608761635
-0.6097586162
-0.2237070754
-0.464982401
-0.5867435671
0.3325315524
-0.5000863861
-0.2785249736
-0.1691057099
0.2922184255
-0.3454388328
-0.1192713449
-0.04404683551
-0.2241568245
0.8868216157
-0.4595212966
0.262001602
-0.3857457649
0.1391549051
0.3008489646
-0.1455565657
0.05634915754
0.4965465926
0.2336499479
-0.2046151638
0.06012747362
0.8659831345
0.2492707908
0.2882763805
-0.2413710624
-0.1641471798
0.2128076714
0.3267750762
0.039908465
0.6062477373
0.1117614035
-0.04268675297
0.4233019516
0.4355509467
-0.04797271155
-0.04448256232
-0.2288037326
0.1419589012
-0.08088509007
0.492380213
1.032122521
0.0784442395
0.08096718453
0.02417544434
0.005092324503
-0.05849656574
0.213730929
0.3340027168
0.1713103786
0.3414595127
-0.2661022898
0.6505972423
0.9773543164
0.6448655814
0.1389569147
0.3640717549
-0.09684854634
0.2870818518
-0.4771671176
0.09856056236
-0.1726131139
0.5207018763
0.2794486932
-0.05741002038
-0.2530146532
0.6311737403
1.485024236
0.1242144871
-0.02599320775
0.5533547446
0.09296994749
-0.3326908052
-0.05823864676
0.436527665
0.6841940582
0.4470888242
-0.2037456359
1.283250285
-0.3532775711
0.07540675728
-0.3998278324
0.04569662455
0.5527873734
-0.3894668426
0.193297025
-0.04556383677
-0.03313617203
-0.4206833616
-0.3234343678
0.0165201379
0.08360030483
-0.3265319478
-0.1648024242
-0.09235144788
0.221142064
0.03023997452
0.3722558316
0.7788614869
-0.1667832937
0.2282821339
0.1639787931
-0.1106171914
0.5993066594
0.4178742707
-0.3285092138
0.1952851035
1.59516257
-0.2165666435
-0.333355904
-0.3219147537
0.2290120827
0.1285690421
0.5766441151
-0.1067375206
0.09500658028
0.07177569279
0.1921851287
0.8235668704
0.363973743
1.90690884
0.3219353594
0.8656516761
0.1588197399
-0.3440250721
0.6673230268
0.2782697633
0.5782869324
0.02018678226
0.1055232434
0.078088455
0.04881475857
0.2863736458
0.9701478004
-0.2808929481
0.004792297259
0.8409716949
-0.160716681
-0.08285088651
0.7540223867
0.5563318543
0.6821805537
0.6962780386
0.8871087484
0.04707285892
0.4429382093
-0.05572920851
0.4484424062
-0.04852879681
-0.1794838939
-0.2662735082
0.2188684556
0.7393474758
0.09429840557
0.8221244697
-0.4434293009
-0.4429612439
-0.1894418433
0.7073792577
0.9789455026
-0.2099908005
0.4593434174
-0.1269484908
0.4153956108
-0.3228988402
0.2084442288
-0.2119675487
0.3406098753
0.02436154261
0.5034335196
0.3438756637
-0.08659301251
-0.2788878359
-0.01654988024
0.4668522913
1.242067587
-0.2807511136
0.4218435794
-0.04353217483
0.6140375733
1.200433581
0.5083667964
0.3781565823
-0.3004188973
-0.06653362736
0.08413032135
0.09120539725
1.575124763
0.348550871
-0.1391896577
0.7428755
0.5326036431
1.246011527
1.183087888
0.04550146637
0.2036944255
-0.2715013027
0.8099064253
0.5341896817
0.2919694636
-0.4384006292
1.190367208
0.2203285025
0.09978044974
0.7048809037
-0.04703445998
0.2033665774
-0.01246282868
0.2965525633
-0.2963324919
-0.3179088194
0.008638256043
0.7349563353
0.2770691495
0.3032121979
-0.02087016962
0.6225952864
0.5136054963
1.511846071
0.2453141239
0.4378951196
0.7853470311
0.8588693582
1.098402926
0.1943122732
-0.1324014589
0.4476041079
0.0007758781314
0.1756073479
0.7014991663
0.9694496777
0.48823484
-0.1229378534
0.1824809015
-0.3679538894
-0.5220274881
-0.1881181041
-0.4333101451
-2.838699147e-05
-0.2254897799
-0.6834038667
-0.2450830124
-0.1218593523
-0.3763620086
-0.2261580752
-0.2518845499
0.4184784994
-0.07117210254
0.2285227462
-0.2634216167
-0.2670820098
-0.4386099024
-0.4625099383
0.03272355739
-0.4125103448
0.112084996
-0.4819526233
-0.426805456
-0.3923422463
0.0722348921
-0.3716113236
-0.4245518222
-0.1810920909
-0.1538466899
0.1526279695
-0.08853204586
0.6650102712
-0.01246787198
-0.6846926242
-0.1309628773
-0.1892774843
0.2688079908
0.3375427565
-0.06917347666
0.4745707233
-0.5039757386
-0.199593845
0.05753627401
-0.01884595416
0.7673759028
-0.4072290592
0.04350800719
0.1353728481
-0.4970763922
-0.4590957206
-0.4297076035
0.336623228
0.04084101133
-0.1432633835
-0.5115428403
0.7295904411
-0.2121743761
-0.3911518842
-0.2979850441
-0.02541315965
0.01400907226
-0.08040799126
-0.2554303553
-0.2925931163
0.3057788849
0.108865194
-0.07936704755
-0.3042482179
0.3707856845
-0.111156331
0.005225867219
0.2213152882
0.08500970379
0.1584521487
-0.4235869475
0.4611752279
-0.2817321181
0.3552732319
-0.4494039901
-0.6009838834
-0.6286569878
-0.4105458006
-0.1030432221
0.01409805585
-0.2572534546
0.267262149
-0.2267017638
-0.3807382591
-0.3777148336
-0.4304181326
-0.3672150735
-0.2195140418
-0.462928246
-0.1818815917
-0.3207492098
-0.2393821444
-0.2276027028
-0.4134666204
-0.2359016232
-0.04521424323
-0.08635096168
-0.3066123933
-0.3437730353
-0.3656059163
-0.03417769698
-0.6200230949
-0.1874102094
0.006539131701
0.5025835127
0.1637974221
0.2310241695
-0.05248928331
-0.4661658421
-0.2166098233
-0.5600013718
-0.2842226692
-0.1021511797
0.5249702096
-0.1182052897
0.5557623465
-0.02808930259
0.7561548611
-0.3367252478
-0.3129595824
-0.2313698471
0.02528749276
-0.4634942316
-0.09131394392
-0.4209078548
-0.1530844424
-0.13751326
-0.5984525055
0.1279944165
-0.2292094938
-0.2248034885
-0.2385612903
0.1949073344
0.6374917395
-0.3626236513
0.03286500312
0.2151072415
0.1826899778
-0.02903225208
-0.2953208108
-0.2366068777
0.4711466022
0.5580230914
0.04688152224
0.430900421
0.002956253942
0.1763621118
0.09430084974
0.220654328
-0.1393017033
-0.2271938778
-0.5403896704
-0.2257202093
-0.2875199113
0.1410643362
-0.1624817216
0.2391069762
0.1356592088
-0.3852894422
0.1135290645
0.2722112259
-0.1766565505
-0.133709156
-0.3929326288
-0.2620552
0.04666416347
-0.3412838001
0.08888552384
-0.4418575145
-0.3881695461
-0.1403387751
0.1226160338
-0.2695398606
-0.6210654914
-0.286876234
0.2787974603
-0.1343459845
0.2858252734
-0.002577364352
0.1204827853
0.6190106779
0.182127152
0.3747044966
-0.218427882
-0.3005967557
-0.1780788396
0.1477186474
-0.08308921829
0.1402436359
-0.2634013319
-0.08959726151
-0.4467466701
0.03312931508
-0.4596533522
0.127593524
-0.2974084562
0.9973041043
0.7410984725
-0.3719615441
-0.1000814202
0.3686245671
-0.592026633
-0.2563989833
0.04937893618
0.1054996375
-0.3505414378
-0.02066999944
0.09341411199
-0.09906099569
0.4841434881
-0.3557164889
0.2015661933
-0.159998424
-0.6873505838
-0.3308603458
-0.1078846004
-0.008429404721
-0.1739280991
0.5147465743
0.2204804381
0.2738829874
-0.3520390332
-0.2708260803
0.1193213052
-0.07299201265
0.3072283436
-0.237704052
-0.09098331733
-0.5512998566
0.1290007022
0.3314058118
-0.004755207151
-0.143398056
-0.2117353445
-0.0129258465
-0.1676153719
0.0212169053
-0.5180643711
-0.09130611159
-0.2937926106
-0.6367857896
0.0627650192
-0.5434412733
-0.05060126185
0.2007095249
0.5490890279
-0.7824441656
0.3375166255
-0.6054930016
-0.2365497421
-0.2533170758
0.01330623291
-0.5428927898
0.1486355488
-0.4264289748
-0.8832589135
-0.6641845591
-0.371764027
-0.3419126328
-0.09093967294
-0.4037942179
-0.3860880051
-0.1365385164
-0.06742840763
-0.6226299316
-0.1303720484
-0.1265123985
-0.08826434612
0.02962393612
0.2692564003
-0.4836742967
0.2482859613
-0.1822096106
-0.1761696614
-0.2478820216
-0.09154051021
-0.1140427987
-0.3462641113
0.7361887276
0.6556491323
-0.03303706413
0.3746633172
0.8011193857
-0.05304452423
0.8494113222
-0.3030443661
0.2441040691
0.460400404
-0.2217812482
-0.2457159132
-0.1785025727
-0.1015514482
-0.4233011745
-0.07883115318
0.1319073705
-0.4104992518
0.8664891087
-0.2706898216
-0.1883404045
0.1749854624
-0.2960911397
-0.1037559357
-0.3870757684
0.1132750954
-0.4496999361
-0.2281491015
-0.4635323646
-0.1722449679
0.03191096894
-0.03353825156
0.368217684
-0.04552187994
0.4520906569
0.9307898521
-0.04767563026
0.3544840679
0.1367628043
0.455259675
0.5633608818
0.3701914288
-0.3578490671
-0.655439271
-0.5035227776
-0.7584147938
0.1007992964
0.2888435569
-0.24011571
1.04743851
-0.4139307342
0.1300021268
-0.2772730242
0.04525041692
-0.4476726159
-0.4155790519
-0.1122141169
-0.4327480741
-0.05726083033
-0.5339501433
-0.4649885908
-0.4137539923
-0.0829121137
-0.4248494267
-0.2291623615
-0.9023488745
-0.07492154911
-0.0103080688
-0.05855669081
-0.6697900683
-0.2486368179
0.5769077778
-0.4824097559
-0.3358024327
-0.6743566617
-0.2322432198
-0.03866109028
-0.2477085447
-0.4479558319
-0.5335025504
0.1867144324
-0.01339678504
-0.3640127383
0.07584124934
-0.7921447754
-0.3402861927
-0.2393497821
-0.01832761634
-0.3214249454
-0.2063722657
-0.4507455997
-0.2563621819
-0.06217903942
-0.2835050765
-0.2110254288
-0.450857348
-0.4175396599
0.04015690014
-0.5479614556
-0.2122322094
-0.091689872
-0.514543435
-0.3512663335
-0.7098912001
-0.4507338677
0.2535269555
-0.2190802597
-0.1701512821
-0.6318123296
-0.42862086
-0.5728527695
-0.1524917819
-0.4296396926
-0.02789825546
-0.1926786102
0.1709233015
-0.2709632233
-0.4862355389
-0.1921097025
-0.3897929732
-0.2406836934
0.1591386483
-0.3097422555
-0.5694489844
-0.2735198632
-0.5979609624
-0.3871262021
-0.202136416
-0.4477460489
-0.2464724757
-0.7197265536
-0.6092191234
-0.3496196534
-0.3451613378
-0.5215753928
-0.4786868602
-0.09018231295
0.1107062714
-0.228830082
-0.02595962994
-0.5129041396
-0.2681047425
0.2849591253
0.1852882262
-0.5212803662
0.09545977227
-0.4891531408
0.01044782009
-0.4038685512
-0.4132387269
-0.2771879043
-0.3988468654
-0.05517836264
0.03745223945
-0.3721660607
-0.3199669182
-0.4140498761
-0.09816546617
-0.3615601037
0.1306562487
-0.1401786974
-0.3355289254
-0.2489886548
-0.3125397082
0.6811271206
-0.3687005024
0.3711698405
0.7329075992
0.2190837327
-0.4374086052
-0.3423689753
-0.1344615035
0.3187458813
-0.5648110405
-0.2758927368
-0.159920975
-0.1919176538
-0.5870231494
-0.08188138045
-0.1935230207
0.2813121012
-0.4866094537
-0.2753498485
-0.310467108
-0.03203058299
0.1787136896
0.04270527586
0.4306831315
-0.49651758
-0.5535772942
0.04949922524
-0.3647925142
0.1080627058
-0.2494029064
0.08483634144
-0.1311488303
-0.4956818856
-0.3379022885
-0.2129895188
-0.1126269851
-0.3731967039
0.04097148161
0.02979981415
-0.1188221181
-0.2284770645
0.04332023524
-0.08294866793
-0.004527707212
0.03243288584
0.1712117188
-0.3849743053
-0.0903281875
-0.006295977719
0.4182062268
0.8003898203
0.3799169912
-0.1313565006
0.2132459298
-0.2315136051
0.9760955498
-0.3110033654
0.2068374418
0.591882417
0.5981733173
0.3298947459
0.7601368725
0.2635820098
-0.0194894582
0.6285753839
-0.2552354943
-0.4488591671
0.2449521493
0.3672306016
0.4078328615
0.4318758864
0.1435265751
-0.20078348
0.06698128507
-0.1504640087
1.222708674
-0.2714177702
-0.1597371172
-0.3414506648
0.9102913857
0.01371352905
0.03333694059
-0.07606695741
0.2615744859
0.3543344069
-0.05569410697
-0.3562804125
0.6782324523
0.5405544415
0.0593900959
-0.1546466546
-0.3581587166
-0.1482167948
0.1814396657
-0.1461963267
0.7434749119
-0.485634434
-0.1342740744
-0.3808536127
-0.7265581541
0.4991109818
0.03813953642
-0.2344899232
0.04148718198
0.250791052
-0.46224715
0.2081702713
-0.473251316
-0.1101520078
-0.1138556186
0.02354336642
1.149514805
-0.1835811686
-0.1792689281
-0.1027168171
0.1359244781
0.5671307397
1.277164266
0.1393845284
0.2483204944
-0.4097734667
-0.2277176058
-0.2435288623
-0.1721545512
-0.06233229525
0.1250020746
-0.0658502005
0.286476966
0.2723545209
-0.3078518935
-0.6066947527
0.5360364556
0.02859848309
0.3205179431
-0.1569469767
0.3828709066
-0.5768368766
-0.2843460504
-0.3943855252
0.2753485084
0.06254124772
0.2875288822
-0.2416110344
-0.2480524912
-0.2994179629
0.2674704231
-0.3919062167
-0.07728108875
-0.4061967537
-0.2243987098
-0.3027269822
0.2242981333
-0.408646185
-0.06764280107
0.4909459449
-0.5571936619
-0.427705045
-0.2349309005
0.01615697267
-0.2216579568
0.8137540288
-0.2428988244
0.924021633
-0.152414402
-0.0378593104
-0.1233592303
0.998477143
-0.3760741934
-0.1698929019
0.4585117113
0.2900466513
0.3598968787
0.5320369102
0.4083511256
0.5946041733
0.5928566821
0.3577791322
-0.1545533957
0.4195987241
0.007599269226
-0.1466029312
0.3111724332
0.2502825633
-0.1800358528
-0.3074100398
0.0884088682
-0.07859983407
0.8107272107
-0.0843891684
0.3194939166
-0.08770965151
0.09691147637
0.2767629959
0.3057900444
0.3292941282
0.110881997
0.05429775007
0.2344056966
0.2667132572
0.6439617731
0.6724083558
0.4391883358
-0.1925519512
0.2928789176
0.3483982369
-0.03545130268
-0.3604550578
0.14416527
0.1097340275
0.5464248942
-0.1417636354
0.06372363232
0.009852903523
0.2857210156
0.4638587069
0.4997131215
-0.04275186844
-0.3077917751
-0.08199186539
-0.05163196027
-0.2228208002
-0.2066638522
-0.2485850174
-0.03988542939
-0.2538019359
-0.4024593353
-0.2557700589
0.1156051051
-0.5817058422
0.1325335238
-0.01302945595
0.1090727922
0.01665469799
-0.3248239387
-0.3058472238
-0.2013062531
-0.02624973683
0.0870111119
0.04809787627
-0.3336204339
-0.3634660479
-0.3861404676
-0.0250913078
-0.6270818979
-0.02288806401
-0.1450288462
0.6501499642
0.6995397497
0.7211772516
-0.3073650844
0.6092864893
-0.1860643532
0.2107613048
-0.05995033486
-0.0187726317
-0.1068097711
0.8587266669
-0.1388121217
0.601699461
-0.09195955768
-0.3665438429
0.1443972401
0.6969790639
0.04452720312
-0.06175820827
0.1644813757
0.2796592213
0.1042076733
0.08172910865
0.6268085789
-0.4566120856
0.06472646995
0.1640417942
0.04929294921
-0.3373151537
-0.4369320251
-0.2230279971
-0.04737241548
-0.1581126856
-0.04917157684
-0.2895889942
-0.4320516281
0.006709200144
-0.03627039455
-0.812004967
-0.4208584094
-0.05352480561
-0.2793041226
-0.1901289236
0.4725082815
0.165888758
0.6627499864
0.08285286548
0.2972386423
0.2743301421
0.7901386186
0.3298229255
0.594593849
0.9229846023
0.3393490583
-0.3524672974
0.3927033693
-0.2433780663
0.1100361519
0.5613298982
-0.4460590675
-0.1033287487
-0.2858579058
-0.5393817522
-0.3393285073
0.3094930977
-0.2696513612
0.1708750548
0.2409499383
-0.1384928882
-0.483397143
-0.3473920751
-0.4044956498
-0.6775179103
-0.09472098248
-2.613216639e-05
-0.5564048722
-0.6766916759
-0.7095817454
-0.2813883964
-0.186073447
0.09857967868
-0.4262176432
-0.4567172894
-0.01906715296
-0.3399007451
-0.03348278813
-0.01843620166
-0.4241164051
-0.09987660404
-0.09896016493
-0.03567366675
-0.5687875755
-0.1541760486
-0.01883782912
0.9533386052
0.05160605125
0.1712506328
-0.2512292098
-0.1294422233
0.7927736789
0.09402792044
-0.2317498066
0.4635233253
-0.04499889119
0.2271590181
-0.2904948469
0.1462538721
0.4146565709
0.2178008623
-0.0447408108
0.7123798519
0.3383662741
0.6384649176
-0.4726709623
0.5071305323
0.491584494
0.3847352967
-0.2175192405
-0.02912187651
1.144591901
0.8649669357
-0.1859626688
-0.2775125075
0.3650979705
0.7068997905
1.134657321
0.005428515375
0.5476334609
-0.2610782266
-0.05883810781
0.6840733528
0.6895023048
-0.2482551463
-0.236679643
0.02114215381
0.5637549102
0.0691986775
0.3618617237
-0.1081071261
0.4200680017
0.005818932131
-0.8745221063
-0.04760937244
-0.04216806153
-0.1199590709
-0.1877773695
0.3863635764
-0.08930703159
-0.3354447167
-0.3463511407
0.06000236496
-0.3588483762
-0.02528391164
-0.2983311918
0.6123962022
-0.1318968369
-0.4808109596
-0.07966663102
0.1536594998
-0.348851962
-0.2566275518
0.4316918045
-0.04241203247
0.6576258436
-0.2549404716
0.1960720376
-0.1547254749
-0.01647622399
-0.1900083434
0.3501988076
0.1467533298
-0.1722592924
-0.7042415626
-0.08478099229
0.1680488862
-0.3710334897
0.03568157302
0.3624922153
-0.01467207987
-0.3147226609
0.4008613702
-0.1799516838
0.02093639532
0.6696788743
-0.2335845269
-0.2808897879
0.1304574087
-0.2830712639
0.2540209077
0.1180927314
-0.4471953403
1.182345922
-0.135654765
-0.06161078122
0.04624328613
-0.04527948387
-0.1470458578
-0.3536478195
0.4231500298
-0.07856175117
-0.02794307666
0.1332696337
-0.371254937
-0.0234807238
-0.02455945164
0.8172688439
0.8952899396
0.3105667584
0.0253895741
-0.2739566129
-0.02957966663
-0.04133506948
-0.4307270534
-0.198270572
0.5283938883
-0.08384193769
0.2301173963
0.9772421978
0.2288728293
0.1894488798
0.7260424823
-0.4666579627
0.3817609675
0.0268273063
0.007803221885
-0.2387118494
-0.2003027663
0.2650998376
-0.3733205702
-0.5171185881
-0.357763486
0.08326789252
0.2327673461
-0.3884052442
0.1110050539
-0.4285715289
-0.3078338712
0.5348518535
-0.2777667735
-0.4351573534
-0.09407419963
-0.1351479445
-0.3269846126
0.8470912516
0.052249406
-0.1068169087
-0.3149991445
-0.1613156743
-0.354666952
0.2631544862
0.1578066362
-0.2674538597
-0.3883397646
0.1940918615
-0.6143660918
-0.2095590994
-0.2174824564
0.005867286213
0.3928045243
0.2841888012
0.01872223597
-0.3558576044
0.3859762423
0.06733826231
-0.1972432822
-0.1426139617
0.102066835
-0.4297346033
-0.1908366112
-0.205732746
0.3304980375
-0.4175689638
0.4885641903
-0.638303184
0.09312857324
-0.4211537451
0.07049168646
-0.3669696465
0.5642827205
-0.3036874685
0.2054445842
-0.442883971
-0.4572673634
-0.1612398387
0.2828959474
0.06174912639
-0.3703445293
0.3495292298
0.1362667523
0.8665138021
1.21966846
0.2695228487
0.227108079
0.02356177457
-0.2545585975
-0.1440425541
0.2026963033
-0.2133116826
-0.08977785306
0.465397536
-0.4483838126
-0.2541046839
-0.2793493196
-0.1315199947
-0.2883162625
-0.3726177055
0.03970606774
0.6091107577
0.2582859319
-0.355465214
-0.2898917269
-0.1577105448
0.1255979992
-0.1704642255
0.3083650609
0.1281636876
0.4584542878
-0.4378537562
-0.4805644363
0.5428153489
-0.7198053986
0.07483480684
-0.5124480292
-0.3318657026
-0.351496771
-0.3761580724
-0.02249647714
-0.5320609614
-0.5060971662
0.02203998063
-0.1698944261
-0.3852127157
-0.1456972193
-0.1488678074
-0.2594591126
0.4819356039
-0.02993486878
1.048580073
-0.2028818034
0.1753583465
-0.2949265782
-0.07795460843
0.04422301762
-0.3544356771
-0.03155364934
-0.6261502668
0.001241556928
-0.2113127215
-0.1140665578
-0.09471894819
-0.2079798069
-0.001962371171
0.02606643587
-0.5667843528
-0.1442889765
-0.2567886494
-0.166544063
-0.1678612459
-0.1989110708
-0.3754057325
-0.4111415017
-0.358460816
0.1790786484
-0.1341192104
0.4959640443
-0.447804337
-0.2904549781
-0.1727184374
-0.5452263102
-0.3836268075
-0.2835287489
-0.02136106789
-0.03412550036
-0.554862348
0.2086817288
-0.2654135227
0.1733551427
0.4453745276
-0.3086280786
-0.5288484834
-0.3624148354
-0.08528544735
-0.1408004694
-0.2943543956
0.2345727336
-0.07875539195
-0.2442442805
-0.4053391449
0.5202294797
-0.01209967528
0.2563601833
-0.125657044
-0.1679502621
-0.4894835342
-0.6889360219
-0.08432639837
0.07589721773
-0.4504874833
-0.03923603967
-0.3315737676
-0.3330422793
-0.2541755553
-0.07278547175
-0.6418837652
-0.215865013
-0.1873117097
-0.240675655
-0.5082162052
-0.3854119036
-0.01128723901
-0.3860242307
-0.5459373381
-0.09397922046
-0.6409437738
-0.3322506547
-0.1985304885
0.01227833685
-0.1671036905
0.3899228897
-0.3524609812
-0.01551756677
-0.3533283599
0.4172337171
0.7058185138
-0.2521073341
0.1009702833
-0.1334446497
0.03921485133
-0.3940416515
-0.3320943281
-0.163582997
-0.1898489142
0.02783072544
-0.8537777841
0.0372882057
-0.1271552746
0.1367286906
-0.4892037466
-0.2549898151
-0.1361847982
-0.1882338874
-0.4128816135
-0.1897490319
0.0820603569
0.1443407404
0.07913291194
-0.1159899816
-0.3091184534
0.2917936455
-0.2546390928
0.2312211007
0.7322947606
-0.4566536361
0.3508061573
-0.2031711947
0.4813273214
0.1751009506
-0.1154361361
-0.07755669998
-0.3306498621
-0.04755690154
0.8512299046
0.6313985437
0.07819504887
-0.07636740338
-0.3530132916
0.2395703565
0.03319380851
1.492947058
1.009807028
0.05859064385
0.3931814082
-0.1953785714
-0.4629740521
0.3150311831
-0.2243573211
0.2615359031
0.4506217431
0.07983098421
-0.1326088099
0.4711325314
0.02214557417
0.1960524671
-0.0266263824
-0.3472281814
-0.06993737705
0.02994898017
0.5953688329
0.4293163031
0.5165579762
0.1136248205
-0.1223624563
1.10361326
-0.08801838458
0.009264458902
0.7759703159
0.984895128
0.8274888054
1.001133224
-0.2625618316
-0.4855436049
0.5034102462
-0.01083574891
0.1418034457
0.5846861437
0.1874772874
0.7203731434
0.1934838243
0.1610279299
-0.1166059341
-0.2717860866
0.1277382003
0.1970970701
0.2012764124
-0.1538705092
-0.2468109354
-0.4132547587
-0.1804929007
-0.155632386
-0.4173460158
0.3632091418
-0.4398437295
0.4121394366
-0.2204792883
0.4531481363
-0.04396398319
-0.1445779003
-0.2663683224
-0.07657619668
-0.2602791399
-0.05805157861
0.1632764835
-0.07339339405
0.1404623447
0.5519537486
-0.4001330089
-0.1185481284
0.9879588589
-0.005223425012
-0.5963511348
-0.1442841835
0.3684052997
-0.04498847928
0.226269581
-0.1469506151
-0.1179510523
-0.5571746729
0.6870608792
0.2595233374
0.01426281761
-0.07513958933
0.5611112282
0.450510288
-0.2132805377
-0.2140584521
-0.340772495
-0.4722043328
0.0838506903
0.01279365961
-0.2540822983
0.5735524029
-0.3416403318
0.8345943019
0.2978181941
0.06044748053
-0.4488528226
-0.03302569194
0.388528052
-0.1154226707
0.3102699865
0.02763392776
0.1498195991
0.7178062454
-0.1338057959
-0.1939108098
0.2622082533
1.805449593
0.0318566259
-0.08566554878
0.1384669296
0.5425297447
0.04907010337
0.8981499255
-0.03632437289
0.2552404378
-0.40983551
0.855220221
0.1059166135
0.8082200389
0.1398826081
0.6769231707
-0.1419005208
1.156651604
0.301900018
0.3830506202
0.1060732201
0.3565662473
-0.08742132895
0.3096359126
-0.03852835484
-0.3861601688
-0.1153301942
1.341370562
0.3994254536
0.3167006832
0.4761157632
0.2265114553
-0.1220471403
0.7029363707
-0.03367066104
0.2322011134
-0.2467899524
-0.1820746694
0.4833672665
-0.1405197464
-0.1557512227
-0.1143675566
-0.2642563531
-0.3795150205
0.5191767812
-0.3725198045
0.122251927
-0.08419782389
-0.1989425197
0.07905396679
-0.4072603127
0.2384075567
-0.5263847761
-0.5204634093
-0.697589238
-0.3826173007
-0.1246471282
-0.03883806574
-0.4234450862
0.03361523598
0.2234516259
-0.2128969124
0.0414763975
-0.0980807934
0.1055307914
-0.08295264635
0.1911033567
-0.3765999991
-0.3412596345
0.00463450104
0.1758263353
-0.1364783965
-0.2904386878
0.5061122037
-0.6011243932
-0.4547825143
0.1901504848
0.9295334727
0.07619794048
0.1388093047
-0.03592582354
-0.4532615442
-0.3442339383
-0.2557883851
-0.308779702
-0.305943187
-0.1284023065
0.07566411048
-0.378545275
0.09375807233
-0.1475126971
-0.4897619531
-0.07652370702
-0.2325628296
-0.2895026214
-0.2289831102
-0.1858545395
-0.1208485737
0.5124099888
-0.4868572984
-0.4804272316
-0.6313186809
-0.3780592117
-0.4262514059
0.1007095812
-0.03426374942
-0.2689487554
-0.6128772467
-0.2696104269
-0.05770883784
-0.1573647577
0.4477311246
-0.2734154381
-0.4150450498
-0.5509386927
0.6143918008
-0.01490608705
0.1497553003
-0.1423291076
-0.2669276206
-0.3619064167
-0.3915481091
-0.2677637709
-0.7486985058
-0.344902958
-0.01176625788
-0.6431364842
-0.02271764167
-0.03090979699
-0.2316191334
-0.4389889074
0.280958695
0.003274882678
-0.2981988795
-0.5546388157
-0.3136134762
-0.2709102632
-0.2558894839
-0.6778807074
-0.1190746391
-0.3707741763
-0.415557841
-0.5826685339
-0.3508024711
-0.09567563497
-0.5611066282
-0.008359435899
-0.676733686
-0.4280322015
0.4887350641
-0.02830482787
-0.0667032782
-0.1508279046
0.7953862906
-0.4306802325
0.6366742902
-0.2186607333
-0.5616925694
0.4221771374
-0.4219030149
-0.3793502759
0.1574302142
-0.3595032476
-0.4258499227
-0.3739783246
-0.4818684325
-0.5884728909
0.1070345027
-0.2646167025
-0.3471792057
-0.3953401767
-0.2900127104
-0.235172624
0.1367083083
-0.1054897521
-0.07126453277
-0.1271490607
-0.3805952914
0.09063094589
-0.2604181061
-0.3726952367
-0.3771568462
-0.02797088502
0.06830961346
0.3347698882
-0.269912447
-0.1796062406
-0.3053348541
-0.1712231684
0.1143110323
0.5301329389
0.07313826643
-0.07185806856
-0.1302572455
0.06648225002
-0.4513645813
0.1677319659
-0.2584871171
-0.7435406089
-0.09191683158
-0.5144539874
-0.7483723775
-0.5897247128
-0.14540089
-0.09050308857
0.629942292
-0.02549652327
0.1019337367
-0.4343774125
-0.3804916665
-0.2513352159
0.3377028387
-0.4033395968
-0.2132781416
-0.1922617828
-0.5237120971
-0.1792375293
0.03408210557
-0.5834826782
-0.1720289269
-0.3110274479
-0.3081764895
-0.28776494
-0.3427017117
-0.1263028478
0.08019796023
-0.09881580696
0.1531855788
-0.242405903
-0.4497559175
0.6140749156
-0.3351410687
-0.2878701815
-0.1846321337
-0.02306368058
-0.1295451738
-0.1441895973
-0.1106189269
-0.4019994505
-0.1926131235
-0.1332554687
0.1023691983
0.1146828771
-0.1768909533
-0.3635662273
-0.4468477637
-0.6325337503
-0.3656699527
-0.4425940946
-0.02311458625
0.1793470211
-0.5389914963
-0.7020048767
-0.6092522174
0.3288720001
-0.3886803068
-0.6445976317
-0.3841115244
-0.08188406769
-0.2734247115
-0.2707378145
-0.1069418547
-0.1843642192
-0.4072015345
-0.1319933539
-0.4335713647
-0.4166813631
0.1161663271
0.01465674634
-0.150031157
-0.2932953402
0.0618210718
-0.3911456581
-0.2388240121
0.3945602566
-0.193895654
0.07861434259
-0.1513593569
-0.4567090616
-0.3537543207
-0.9770684272
-0.5424501047
-0.5229939096
-0.2131986752
-0.6168608122
-0.4726197943
-0.2380357642
-0.1752645034
-0.237123435
0.1025871888
-0.1069538488
0.1688124675
-0.03050161675
-0.07089389451
-0.0151418142
-0.5180458449
0.3725719258
-0.02929579262
0.3199125659
-0.02333675129
-0.5385254391
-0.2523937214
0.3033907592
-0.05007990617
-0.2325137351
-0.3634701476
0.4317432715
-0.3726826951
0.3311309561
-0.5121326704
-0.07192788348
-0.2792577479
-0.1591257801
-0.3719542125
-0.3491287582
0.06706037819
-0.4118679978
-0.438662307
-0.06624581208
-0.6114477251
-0.1806016564
-0.3676033907
0.08346760832
-0.2406778295
-0.2864622813
-0.3303068031
-0.07486367617
-0.402816695
-0.02283644974
-0.3049289208
1.023988713
0.3890696187
0.4552567273
0.240945496
0.5678994469
-0.3054368533
-0.3609845184
-0.2630930107
-0.2507316988
0.4103237141
0.01460066922
0.1025961086
0.5895739853
-0.03355857264
0.6876831263
-0.4066819027
-0.2389842905
-0.2035460994
-0.3458824974
-0.2445522085
-0.03353264146
-0.1143286418
-0.4550428208
-0.6059957825
-0.3351515293
-0.5841593862
0.5947149962
-0.4680284563
-0.1896553326
0.3786119185
-0.5582835838
-0.4500734359
-0.2022999927
0.4553024024
-0.4211290322
-0.555545564
-0.5244360469
-0.350108429
-0.03769228328
-0.2178927343
-0.2760792768
-0.5582784109
0.2028247138
-0.07887903079
0.007437549159
-0.584558215
-0.4418092813
-0.295805547
0.68825948
-0.3529515103
-0.2638469882
-0.4693542633
0.02093593627
-0.3264465295
-0.4271932825
-0.7224339366
0.1230797919
-0.3906011291
-0.4317347934
-0.02624580879
-0.7735285357
-0.3195032146
-0.06985712918
-0.4202043273
-0.2279611508
-0.7950335383
-0.7749866262
-0.5746641081
-0.5192323595
-0.2806974083
0.4867194824
0.05872766096
-0.06026670337
-0.1788984469
0.2122715645
0.3275326114
-0.06898225406
-0.5098523721
-0.2951244537
-0.1788435094
0.01969663464
-0.1262273986
-0.5154853091
0.7618082836
-0.08096181341
0.7578937538
-0.5386281777
-0.5815036878
-0.3210653696
-0.7058946565
-0.4400711305
-0.1769834474
-0.2855525658
0.08303610459
0.8510144033
-0.4523604222
-0.3059465097
-0.4441420659
-0.6282675683
-0.6198248468
-0.458226933
-0.1616618194
-0.4543640479
-0.3189383462
-0.2176963679
0.0838664996
-0.1566864472
-0.3255006447
-0.284891123
-0.02407409158
-0.33325333
-0.4128879931
-0.4569116481
-0.3801599499
-0.401226859
0.07468439024
-0.3630047977
-0.4703796238
-0.2397372298
0.05435370421
0.4653467938
0.290424097
-0.02898422182
-0.204085885
0.008694928512
-0.4500058526
-0.4275819052
-0.1877386114
0.5021388449
0.1941948835
-0.3544662662
-0.1311715007
-0.2697046105
-0.4695525976
0.0458571773
-0.174479123
-0.5512443729
0.6342876136
0.01843279023
-0.06612472758
-0.4355327144
-0.1946886182
-0.4982710741
-0.5018724229
-0.3987207554
-0.1722507343
-0.2812872853
0.3877036646
0.1335226258
0.03640536787
-0.03603376839
-0.3114844777
-0.228681617
-0.272364125
-0.6751572266
-0.5356447116
-0.2561756272
-0.286820922
-0.3144700959
-0.6055598006
-0.3643236391
-0.1217347686
-0.3045866638
-0.4132181574
-0.3443071023
-0.1116226025
-0.4500553653
-0.03613944203
-0.07277813684
1.01694144
-0.4542425528
-0.3948443649
0.2568103492
-0.3234320238
0.08786460012
-0.1593986337
-0.859911038
0.1804637337
0.1289582747
-0.05221004002
0.2637152273
0.05526947379
4.184115678e-05
0.2242001444
-0.3206415743
-0.495024303
-0.7217204891
0.6638449952
-0.2715039246
1.03321275
-0.279035205
-0.2967664715
0.06970392503
-0.1084912839
-0.1854940869
-0.1445561526
-0.4529720739
-0.02231197506
-0.3411736283
0.8343531817
0.3171953246
0.5474856496
0.04759948356
0.2585383032
-0.1131616836
-0.2203466821
-0.4231895804
-0.02704080176
-0.5008538391
0.08044527322
-0.5171441071
-0.05970436148
0.5884147555
0.3653249759
-0.3152427752
0.06586639415
-0.2372993287
0.4854325533
0.3731270532
0.2351470686
-0.08330548182
-0.3111500639
-0.6167494357
-0.4369632028
-0.415808595
-0.2688397221
-0.1165543403
-0.1304783046
0.02138789971
0.1265216455
-0.008323310129
0.04816194596
-0.5518523894
-0.3997879945
-0.1741780262
0.1094258349
-0.09235674981
-0.01575975493
0.3703268766
-0.01526091639
-0.1351652126
0.1737691997
-0.3358920252
-0.1101574764
0.1273539525
-0.2915269539
0.1576731366
-0.3714012466
-0.1809112605
-0.04152915869
-0.3531191155
-0.1885248408
-0.2231794588
-0.20390172
0.1542786048
-0.3076733291
-0.05367239714
-0.1540340258
-0.1459152963
0.03413789012
-0.5466854416
-0.1976537123
-0.3621530656
0.1709395971
-0.2230927333
1.094305379
0.3045647472
-0.3513000414
-0.2558451951
-0.09869696163
-0.02552691288
0.3904690214
-0.5419249035
-0.03521878365
-0.1760084536
-0.2995526282
-0.2276337562
-0.5203940809
0.994259347
0.3674489498
0.2761143647
-0.002114632726
0.01045295056
-0.2968067031
-0.4992735188
-0.6704517648
0.6431940928
-0.3879568286
0.1276029617
-0.03259161431
0.4659861999
0.2685582504
0.3041010993
-0.109424314
0.9549874499
-0.08888699217
0.009939848632
-0.4243064411
-0.1551680014
-0.3074593581
-0.09781271433
0.2668676957
-0.2343324266
0.5437327281
-0.4681360085
-0.09354281649
0.8256764039
0.01815084051
-0.04922994673
0.01720672362
0.1912597095
-0.229132276
-0.03988297228
0.02894543521
0.1662758941
-0.07932273457
-0.1777738756
0.1899497723
-0.1079231206
0.573227676
-0.2631316405
-0.3190462321
-0.2557311784
0.7026513115
-0.3389224391
-0.1246947041
-0.316456842
-0.3312857192
-0.09378740378
0.04705809038
-0.3168365706
0.3727787897
-0.3981186762
0.3617609142
-0.4547089931
0.08857617155
-0.08026347617
1.131176165
-0.3142267715
0.5704206474
-0.1569999969
0.1357832268
0.2125405144
0.4679601908
0.5566767283
0.0825362063
0.5276982598
0.468099289
0.2057979537
0.1158821877
-0.1293168811
0.5393772826
0.1369386446
0.7758471504
-0.07545263134
0.1613466016
-0.263332098
0.5634824
0.1528208952
-0.4574223019
-0.02474299548
0.8243307456
-0.3022689741
-0.02965608668
-0.3739987127
-0.4166485295
-0.2775000423
-0.01842247769
-0.2989757076
0.1617001469
-0.1710414622
0.002022367343
0.5138851032
0.04065565243
0.001138289459
0.6575874042
0.8915519625
0.2528746236
0.3553476356
0.3695789486
0.1175936149
0.2377899092
0.2097428175
0.550860652
0.005144346133
0.1397071498
0.2908711735
1.02867914
0.417733705
0.3977756605
0.2030472867
-0.1865537053
0.4658547647
-0.4088793963
-0.3918815203
0.2321593892
0.5248240739
-0.2589093558
0.1501519343
0.4745819401
-0.110348754
-0.2406924754
-0.06715081353
0.3923785459
1.104322568
0.2695677945
0.2735965148
-0.05728137461
-0.06160199493
0.002495670319
0.6852153815
-0.2707663953
0.2484465682
1.093439548
0.3976519786
-0.1108829381
0.3770375848
-0.05037495354
0.1990397073
-0.3788216529
0.2686589718
-0.1758521389
0.3526860472
0.5322071731
0.9688090891
-0.0881663397
-0.007644932345
-0.06834470816
0.3943384979
0.5268756352
0.03334881794
0.6525449958
0.04416288752
-0.5051860243
-0.04690984767
0.00941465823
-0.2564764138
0.1708803788
0.4240456156
0.6140824199
0.2693701537
-0.06803377327
0.04806753965
-0.2398685239
-0.09316473072
0.5454101544
-0.3820281472
-0.093581645
-0.5889429241
-0.4541106954
0.5280843049
-0.4416625813
0.2164840974
1.324490787
0.4415670457
-0.08715630397
-0.4267338775
-0.2488945989
-0.2667376772
-0.2164678089
-0.2663349697
0.3098757648
-0.1920250745
-0.3292002387
-0.09402276427
-0.2831734303
0.001962347142
0.1651726689
-0.2000811553
1.311654326
0.2647078052
0.1794107547
0.0647190595
0.7319857866
0.4852690592
0.3883298472
-0.02323220614
0.5549394585
0.9326547675
-0.2467253797
0.07298734132
0.0315940503
0.7844468016
0.283445929
-0.146371714
-0.2591001391
-0.03219247609
-0.3266623551
-0.09185122214
0.09074237868
0.1585037977
0.8895547122
0.5428152777
-0.2981883842
0.1053612914
-0.13316179
0.2047050774
0.3440483239
0.5818250097
0.3835576363
-0.2430833276
-0.1183835665
0.3888955912
0.6414002687
-0.1530453425
0.4566175058
0.6578089952
-0.5600173339
-0.1966235807
-0.3052689765
0.2573237807
-0.1615094875
-0.5384719834
-0.1775318276
-0.1322020762
-0.1849126752
0.04880958423
0.1595103101
0.6626529612
0.2598966405
0.6753459454
0.5734137878
-0.3874341801
0.5052502058
0.4594147362
0.02884168485
-0.234902853
1.002231289
0.1078371428
-0.3701979626
-0.2467913635
-0.4942319654
0.9039617345
-0.4269456893
0.2513346666
0.09104054775
-0.5182109267
-0.1517733455
0.6562073201
0.4145026304
0.7393678604
-0.1863748718
0.8647029243
0.8061692476
0.4872944258
0.1064105731
-0.1834388269
1.408408078
-0.2088701986
-0.04371595997
-0.4699398041
-0.349496178
0.3690818515
-0.08902252205
-0.008795021102
0.01555919992
-0.09736013608
-0.3567283668
0.2257177282
0.1494726069
0.5961038426
-0.3505889434
0.64662195
0.4890453495
-0.1175788814
-0.3425235324
0.5743151397
0.6558104649
0.04591077808
0.7478262186
-0.1585283101
0.1127849501
0.2149176746
-0.02941230778
-0.0977296426
0.2595217582
0.228737257
0.1617994707
-0.2380196545
0.1502073392
0.5087325234
0.5359527454
1.095322152
-0.2358492494
-0.1048922157
-0.0828677061
0.1744705226
0.8379132465
0.4160337061
0.176972134
-0.05249628779
0.5075030796
-0.4145967402
-0.0581914559
-0.3103708416
0.4337272979
0.2234548643
-0.4544717394
-0.606700125
0.1514459331
-0.3994350165
-0.2733957905
-0.5031148376
-0.05475482391
-0.4554443873
0.2327332549
-0.4093777362
-0.3455727398
-0.5091113061
0.6352421537
-0.3324715976
0.3293137349
0.4251701031
-0.6027833477
-0.3082215017
-0.1444347378
0.3654795222
0.1610826911
-0.0301381445
-0.2741710149
-0.02193609551
-0.4168573543
-0.1144330144
0.2952285871
-0.3224213317
0.3574280463
-0.1202158421
-0.5135869086
0.4281424433
0.2017570963
0.05498114452
-0.2372906957
-0.2094289213
-0.09763140306
0.2174430724
0.2137145175
0.1188989621
0.1851209508
0.04936956652
-0.2155751031
0.2968271285
-0.2084305184
0.707122203
-0.238845858
0.04140986353
-0.2411710408
-0.161241699
0.9603654161
0.8254324248
0.1345728897
0.7645451143
0.1705853648
0.249093313
0.5316371851
-0.09494013917
0.2417866237
-0.07407367481
-0.1544773795
-0.3678637844
-0.148648572
0.3828085493
-0.05057064113
1.282178614
0.3061896818
0.05677226018
-0.1938718807
0.04783341438
0.6087545082
0.5977993496
-0.2820081215
1.313464093
-0.478312736
0.1953481929
-0.2183565114
0.2690878587
-0.01603109781
0.2788927515
0.06571633182
0.2973883223
0.4129560165
0.4996884689
-0.02207652908
-0.448050873
-0.2644825451
-0.2412303302
1.046268763
-0.3037174765
0.08055740129
-0.209396562
-0.3868177265
-0.2706048612
-0.504483185
-0.1833677083
0.407572113
-0.1708613344
-0.1841257125
-0.3041473683
0.1153374515
0.2739903118
0.1609014248
0.3429492809
-0.1565021012
-0.357892821
-0.03211771036
-0.2028418288
-0.3563075665
-0.1363836426
-0.2042278316
-0.1523920139
0.2648305506
-0.3647256117
0.3854072411
-0.1855336795
-0.2857001122
0.1693048389
-0.1331055274
-0.1661755379
0.08954659654
0.1392169703
-0.2942298906
-0.1712463364
0.007350348402
-0.1741417486
-0.1884246087
-0.1601187171
-0.06190439351
-0.3684009187
-0.09621144161
-0.4898947224
0.05090325363
0.7248447627
-0.1444773631
-0.4983024139
0.427362024
0.4634050068
-0.5324394058
-0.4046367407
0.3083610486
0.2737866618
-0.2824636344
-0.3506730072
0.07325260583
0.4721720289
0.2253349487
-0.5269109875
-0.005680431705
-0.283659824
-0.1686735108
0.0514841767
-0.1888324711
-0.05905619562
-0.005465839431
0.2424560782
0.2225016568
-0.01986286137
-0.1278248584
-0.3223633515
-0.5377101596
0.3461644728
-0.09493331844
-0.05762111582
0.1977402736
0.06707285456
-0.2943663992
-0.3300315376
0.5355474927
0.4260982528
0.7600050539
-0.3475416135
-0.02704914901
-0.1873881239
0.01310086548
-0.2077579953
-0.2173979226
0.5439190365
-0.04773675371
-0.03105429485
-0.2929569036
-0.5156979039
-0.3476935022
-0.1609099712
-0.2847934082
-0.4206215987
-0.396709092
0.07937399549
-0.3046492923
-0.04682624144
-0.6779078126
-0.09751672987
-0.09651388302
-0.2971450735
-0.2312473925
-0.382796013
0.5564761415
-0.3505314797
-0.2671375416
0.67009506
-0.3048253214
-0.1291884295
-0.03432067512
-0.09344669525
-0.4673474628
-0.4050428525
-0.386546649
-0.2127631206
-0.1730706554
-0.3216940127
0.3114661314
0.568238141
0.09972882159
0.5979931951
-0.0495581558
-0.02981360741
0.2866201542
-0.3249529321
-0.3691014841
1.033865695
0.4763877574
0.2218891853
-0.3982784744
0.2388104543
-0.22028271
-0.240702996
-0.1421000903
-0.1631819261
0.3587885059
0.1300451351
-0.3277703241
-0.5196937241
0.2496186376
0.7078535333
-0.1093007605
0.2032213341
0.9174087994
0.4579598611
0.1954572901
-0.2296227634
-0.3413247788
-0.2332034249
0.05828708755
0.597694999
0.09558713548
-0.2665531375
-0.4373170432
-0.1029769612
0.5970395066
0.1134554764
-0.1673289198
0.3108087428
-0.006463267282
0.4372061739
0.249652509
-0.1134495298
0.8668178014
0.8133771494
0.1659762155
0.7989515647
0.1863705397
-0.2735103551
-0.2514535591
0.6834370516
0.4254931979
-0.4325447954
0.9983022042
0.0906851022
-0.01813171301
-0.3524448909
0.05919143464
0.8804790705
0.2411654681
0.8933490086
0.1522446292
0.5553155422
0.6023915991
0.2143428979
-0.04410587857
0.3880497424
1.092934702
-0.05319590699
0.3247653544
0.5049752627
0.006050784327
-0.01728348359
-0.0433971107
-0.3554908216
-0.03038460743
0.2665019223
0.009940766729
0.01412125472
-0.08624626938
0.5820929214
0.1491429824
-0.01393348593
0.3793059815
0.5007252783
-0.1827683679
0.05076137288
-0.002498721704
0.5362412117
1.092228694
0.2997407313
-0.2935131624
-0.140419626
1.286654596
0.3333986185
-0.0755681443
0.01561910231
0.05807633884
0.1120193705
0.05844197208
-0.06375620961
0.5620802224
-0.1072301175
1.147099531
0.4945103019
-0.3288330927
0.299639732
-0.01530320179
1.09450849
0.3995777659
1.152619826
-0.07423981652
0.1226323124
-0.286459358
0.06973684188
0.120132678
-0.2168800399
-0.08915062128
0.5050713457
-0.09025358483
0.1210103254
-0.2388748806
0.06403259672
0.4601120993
0.9193352625
0.08238944053
0.7991122246
0.3103445943
-0.3122892253
0.2865825567
0.3494053055
1.014294589
0.7193644911
1.093199728
0.4181648139
0.4559248638
0.05581275672
0.5823830239
1.226954301
0.6940936871
-0.05648704628
0.1027577877
0.4142707411
-0.07228793073
-0.04172590058
-0.01063086651
-0.3488770541
0.1906826392
-0.3876899965
0.2909948103
0.2664065056
-0.2455823023
0.01300993823
0.1397413546
-0.0708988409
-0.03441175595
0.1840886787
0.3304100983
1.448540615
0.2548595197
-0.4003500763
-0.4766148642
0.01530666314
0.3900425419
0.1209492974
-0.5386604637
0.1281619649
0.2775599889
0.7754591472
0.4533191994
0.3377238343
-0.1258169554
-0.4104025736
0.4128460314
0.1217865516
0.9051163696
0.640562091
-0.2619637413
1.043786366
0.3177935861
0.7880998738
0.09564945605
0.4410072549
-0.2405376639
0.1655890994
0.5340873264
0.1278249472
0.08158792313
0.6521898309
0.8933401838
0.349353186
-0.351364981
0.3060028031
0.1173134096
-0.1691333614
0.4509359837
0.4151562754
0.4536500119
0.102226993
0.7827813335
-0.1841113277
0.6090277739
0.6857751908
0.2348715425
-0.1360906556
0.05772075783
-0.2784621622
0.4559047695
-0.3558751434
0.8178951487
-0.1409584666
0.6238111302
-0.1172830455
-0.1252077483
-0.03166030673
-0.1055180721
-0.08333469164
-0.2924745847
0.9893456377
-0.1829186177
0.1099092124
-0.3381266616
0.04728706665
0.08517292552
-0.4112263151
-0.08335981518
-0.4754990295
0.08765492812
-0.5266410034
-0.3116011776
-0.1919710055
-0.318499659
-0.2664298125
-0.1320138002
-0.3282961171
-0.3406930171
-0.2712874312
0.2004029945
0.08728374066
-0.1382774213
-0.484443336
-0.1328442064
-0.4297936771
0.07902179621
0.8253787957
-0.3365732104
0.08822895093
-0.09755524453
-0.3922645703
-0.02129248045
-0.6042760577
0.4377313733
0.9551416248
-0.5617406804
-0.02119884416
-0.00975528555
-0.736680349
-0.3039338354
0.02510207118
-0.01342836553
-0.1576561656
0.05186375855
1.05677866
-0.3368855257
0.2053129911
0.5728910029
-0.06893731272
0.1048045233
-0.2907107636
-0.09933053367
-0.366195108
0.4129550204
0.2653584434
-0.243368711
-0.4233877789
0.03959226245
-0.1874324691
0.1175665312
-0.1909037288
0.3238148943
0.7344635904
-0.2611797839
-0.2206454586
-0.4139321623
-0.4410838075
-0.1158331856
0.01403972292
-0.1826919295
-0.4346110843
-0.3029971719
-0.5837215275
0.04440533537
-0.3952680521
-0.2158107989
-0.189223627
-0.4906165712
-0.5211852521
-0.2401782639
0.06833700594
-0.1152971935
0.3662464254
-0.5472051933
-0.4518263869
-0.2831338376
0.1774042103
-0.269552929
-0.6949344657
0.008313537482
-0.03256071508
-0.1902353294
0.1415139347
-0.02247584201
0.169658288
-0.06876314599
-0.118407416
-0.07235624539
-0.134981795
0.4356007215
-0.2997649927
-0.2292255204
-0.1223125702
0.1112193934
-0.0221461691
0.1258535424
0.2721116297
0.0679861798
0.08730334099
0.1342266896
0.9628427148
0.3194792964
-0.3320439465
-0.5403412968
0.1000977119
-0.03014952764
-0.1466164985
-0.0867647564
-0.2554310873
-0.2227891086
-0.1338097073
0.04345489219
-0.15803155
-0.4878548574
0.2581902016
-0.2765744042
0.08766889311
0.2095734844
0.3500888113
-0.1920736587
0.7154934559
0.2016706279
0.1997707937
0.3990337724
0.2272623904
0.168196612
0.5012933373
0.4847565876
0.2993023984
0.8209941961
-0.1259510539
0.07203939343
-0.02928245077
0.4768967882
0.3035754746
-0.5960157499
-0.3273528181
-0.08378399629
-0.374485711
0.04115545489
0.2314295206
-0.139650771
-0.03658997845
0.01174590047
0.5821183406
-0.05742105572
0.1340682877
0.08049486061
0.256939885
0.8745246083
-0.4028998837
0.01303210035
-0.02259197719
0.01812357325
-0.3770601846
-0.03295665681
0.2639587961
0.8393899016
0.411681959
0.3017456464
-0.1589795243
-0.1958426279
-0.08673729459
0.1507805184
-0.5089341007
0.6498084903
-0.1350378012
0.625551454
-0.1259100679
0.2410336286
0.5072130091
0.1576126414
-0.06833973676
-0.08937487267
-0.3846106447
0.5275935568
-0.01379118711
0.2809202392
-0.3898813378
0.1742814558
-0.1287141539
0.1253298875
0.5370632328
1.202648617
-0.1298884977
0.1574753184
0.147886205
-0.3086589929
-0.1012289714
-0.2453467866
0.3338940123
0.6493530236
-0.4111732259
0.2761973444
0.4595501103
0.5879378058
0.3145903286
-0.2261799105
0.2075306945
-0.23261059
-0.181774883
-0.3712240003
0.1225215772
0.148498833
0.690828231
-0.3573212493
-0.181097047
-0.3996632878
0.7352667712
-0.6386728078
-0.2335112363
-0.4266728558
0.124047352
-0.2512872558
0.3398000322
-0.04032068029
-0.4778099209
0.1014890999
0.6511253521
0.4649383835
-0.3960054353
-0.2707683843
0.05910620373
-0.06951139569
-0.1655723618
0.2592606269
-0.1518201727
-0.02539360002
-0.1871946093
-0.3147350922
-0.1782823456
0.03741151914
-0.05680120736
-0.3352659032
0.06516854689
-0.3629271895
-0.2988871336
-0.1845136851
-0.498391591
0.02723693447
0.05323949791
-0.3596226841
0.1192238703
-0.2230400138
0.293708965
-0.3276321039
0.5687280871
-0.03618958965
0.1750739677
0.4829528674
-0.1152459698
-0.1036665529
0.8479287654
0.7443631537
0.2424278382
0.009240116738
-0.2071653329
-0.3469432652
-0.2423914425
0.2962255664
0.1761371523
0.3502773479
0.4684425563
0.1703088656
0.04314705366
0.3752796642
0.004858353361
1.391282494
1.012832652
0.1058765344
0.02187430225
0.490071401
0.2355810914
-0.2223157991
0.2259236448
0.2006350778
0.5512762487
-0.2039866403
-0.537188828
0.265458278
0.3747157544
0.005197726469
0.02357840668
0.3733315077
0.2241212286
-0.4517738387
0.3219106708
-0.2932412554
-0.2279726993
0.2556025768
-0.1745847404
-0.2777100131
-0.2034018226
0.737236495
0.1175041104
0.3091152616
1.102524062
-0.1359538961
1.067041487
0.4537675798
-0.08337506177
-0.0210102655
0.8103684261
-0.009745509084
0.3997401357
0.3334167302
-0.4924466953
-0.4229339518
0.7207411841
-0.1689400274
-0.6369370572
0.01398711968
-0.05571628064
-0.2743394502
-0.3688450001
0.7766782954
-0.06984075531
0.1423186235
0.659436284
-0.3607837811
0.4375031376
-0.04443640588
0.02395255473
-0.3463825494
0.6094808996
-0.5415561102
-0.6464131266
-0.7970551908
-0.1557768928
-0.4285570782
-0.3931310598
-0.5068896487
-0.101010064
-0.09326288281
-0.3160878703
-0.166020352
-0.3690085143
-0.4246521175
0.07268796125
0.08639070503
-0.01606576927
-0.1481673416
-0.2196003098
0.9134516612
-0.3733523261
0.1066658614
0.1410474289
-0.02201497462
-0.3638231438
-0.3093650807
0.1867652416
-0.1304727778
-0.2199699823
-0.3108017795
-0.4898201354
0.2977334457
0.1780710951
-0.4325759843
-0.1817843802
0.2000784583
-0.3805223972
-0.3180708269
-0.2517383445
-0.4296338931
-0.39729454
-0.4931854134
-0.5412854265
-0.2422414679
0.02512280829
-0.3095843535
-0.3443526357
-0.225707417
0.01727269292
0.08419576809
0.8331865571
0.08538381513
-0.03524523946
-0.4086107016
-0.2678668618
-0.388806659
0.3996071443
-0.07778906021
0.368838257
-0.3117047329
-0.4874402717
-0.05802102797
0.4488749936
-0.4002245121
-0.3810453026
0.1216215937
0.08697350575
-0.1841809869
-0.2226104276
-0.487433935
0.2394193843
0.4312221729
-0.30479111
0.7703031018
0.07643978447
-0.379779375
-0.7078977197
-0.3084859788
-0.4716988403
-0.407436741
-0.5506258853
0.8687297836
-0.2263272177
0.07102698898
-0.4842761695
0.04035322964
-0.3428218082
0.5266740222
-0.2509239942
-0.1542245269
-0.2231792569
-0.3010525487
-0.3029679194
-0.4619169641
0.4572371934
-0.05954827331
-0.1289092607
-0.4116775881
-0.4867523395
-0.382280349
-0.04290870558
-0.4653092843
-0.358853199
0.07436059043
-0.5013048291
-0.2423627675
-0.07752285982
-0.4267508734
-0.2069231974
-0.5570092529
-0.1400368689
-0.2779531382
-0.1816699564
-0.2660459153
0.1594003076
-0.3029402118
0.2970127799
-0.1006898094
0.4415512554
-0.1285057744
-0.3913740113
-0.1249485927
-0.05049586939
-0.1534757809
-0.3242565308
0.1473640513
-0.410085199
0.115258317
-0.04214261295
-0.07667132821
-0.2123953269
0.0892667314
-0.1876852904
-0.3536577854
0.2789277192
-0.1198560769
-0.3754300106
1.282002771
0.8292522699
0.1045476917
0.459923695
0.08732355312
0.4898555353
0.2704297606
0.3268110633
0.7032587744
0.2479185231
-0.158693077
-0.06751706861
-0.1363438185
0.2722781874
-0.07807298638
-0.422572162
-0.2762248777
0.02249633083
0.2687555432
0.01430790573
0.9250168771
-0.1556023046
-0.3270062394
0.1315246318
-0.2195611883
0.03268206539
0.06772173475
0.4675237793
0.4207838131
0.03425864279
0.4624791316
-0.2700313527
-0.06293258034
-0.1015969966
0.374573677
0.2966226466
-0.06270355033
0.7645009525
0.00544520542
1.394771481
0.6974197179
-0.4778493203
0.1329521874
0.6798356488
0.4387331717
-0.09779467713
-0.4217708208
-0.2050383959
0.3783115551
0.5919807374
-0.2781477951
-0.09354338013
0.3695026971
0.04970182488
-0.4194026083
-0.04275451377
0.3479360272
0.4027876792
-0.08524539415
0.676621712
0.7834925689
-0.3206975348
0.1173529215
-0.1992188286
0.974938108
-0.2911091823
-0.0223571728
-0.02940791082
-0.4956020907
0.08394031804
0.2534348767
0.7079579949
0.09861114202
0.6441336006
1.147049421
-0.3896940842
0.4321882851
0.6282392338
0.5753993757
0.1452380674
0.5559786111
0.7720844761
-0.02572810529
-0.06526597585
-0.06234314721
0.01904175756
1.201313877
0.5940558419
0.4134244338
0.09440442165
-0.08666507006
0.3657407321
-0.03185687903
0.2787184395
0.06890167259
0.4311671048
0.1641423956
0.587853884
-0.1072751224
0.04728787243
-0.2992715359
-0.196492416
0.4626184747
-0.01828980148
-0.3644654781
-0.0002090970986
-0.3666706108
0.2632560655
0.3878289022
-0.2017873634
0.3919205129
0.01783833737
-0.3706457753
0.4302054435
-0.06216864623
0.3536468793
0.1572236598
0.0762319264
0.1236401029
-0.1838466208
0.228548489
0.003708574641
0.3406311713
-0.4312071655
0.2911176316
-0.1384200463
0.3017173886
0.4274980038
0.4061226647
0.4460413907
0.6745805942
-0.04630550612
0.115108062
-0.05057508145
-0.04447145797
0.803007663
-0.05485389195
0.4056896742
0.5054465035
0.3048529401
0.03828588892
0.7633406177
-0.09119044729
0.4198614182
-0.1607746582
0.4522846523
-0.09181103315
0.4365366048
0.1007500378
0.5875256211
0.6948684603
-0.03996262141
0.3274966516
0.3553486202
-0.05448493622
1.583525415
-0.3743540481
0.511907503
0.1862242673
0.4322961379
0.703044901
0.596592959
0.4112360258
0.1836061625
1.537283663
-0.2508818548
-0.125797488
0.2458067581
0.007221103739
0.1390446393
-0.3139772948
-0.687156713
-0.08566086162
-0.1402806849
-0.1099045653
-0.3723098099
0.3244213752
0.02558827717
0.2730889648
-0.202769877
-0.2757023815
-0.1922748551
0.106329564
0.5408601344
-0.05550619364
-0.5350366384
0.04874490034
-0.03683465761
-0.7798820272
-0.1652098241
0.3871377259
0.2366288595
-0.2462174833
-0.2682870338
-0.2183835395
0.1811460499
-0.2124074824
-0.3784367878
-0.05547013711
0.5504311364
-0.4249068651
-0.09298272151
0.3141187143
0.4609521359
0.5218130827
-0.4600322671
-0.2889994403
-0.2882144846
-0.1121706601
-0.195088201
-0.254960829
-0.2384639218
-0.6148949347
0.2336103115
-0.05190537497
-0.1854112569
-0.4809799042
1.315382057
0.02039222699
0.09468679894
-0.3690665614
-0.3698939584
-0.01917711496
0.8375006951
-0.1463419487
-0.5405653587
-0.5186250117
0.2162690252
1.026727791
0.3217002403
-0.4152583033
-0.5357771179
-0.1016891951
0.3312300026
0.09690507064
0.1626581803
-0.3310175397
0.1740723273
-0.3717141386
-0.2616377927
0.6363587186
1.168896303
0.3540153112
0.131092823
-0.05266838158
-0.5795400314
-0.01740963645
0.3799194597
-0.1629438318
0.4027674619
-0.248245177
1.453928553
-0.265497707
0.2065095518
0.03096155468
0.07748275036
-0.3787507847
-0.383549786
-0.4556961916
-0.3564036392
-0.4308704536
-0.2192828916
-0.02801793888
0.002819681633
0.05455877464
-0.2494011443
-0.2245531704
0.8098752528
-0.2927978329
-0.1130428148
-0.1391173424
0.1021136673
-0.580715723
0.3835039048
-0.2117888816
0.2108456556
-0.2673202399
-0.1506806977
0.3448912607
-0.4510362726
-0.05067306813
-0.3867400028
-0.5348710686
-0.7334301919
-0.1123396276
-0.2027874338
-0.5840040043
-0.1195096422
-0.1841784358
1.084646448
0.1710763577
0.5604623333
-0.2598562207
0.1545788908
-0.1308478843
0.3945478185
0.2751283087
0.04427688383
-0.4331145871
0.002357449383
0.8683847666
-0.01197952759
0.3557989076
0.04731613081
0.1616019804
0.2778508587
-0.3300282121
-0.2252727211
0.1023312066
-0.02751135565
0.1631706215
-0.04716681316
0.2187945379
0.428738147
0.6573607832
0.4647671603
0.2147403371
0.3972041763
-0.2407171644
-0.06327757258
0.4008042887
-0.2238242257
0.3688829526
0.1273816147
-0.03416301757
0.6583710603
1.227671148
-0.09711789601
1.021932609
-0.296846018
0.2210856736
0.1450517733
0.168032543
0.3944065392
0.0356633422
-0.228411272
-0.1332238336
-0.04520926373
-0.1712908171
0.4425194353
0.02692096792
0.1602715455
-0.1961543802
0.2962615561
0.3492061425
0.1184807889
0.3113314945
0.08520197431
-0.1549818208
0.4343567364
0.3541373044
0.1223944874
9.701689705e-05
-0.295664876
1.271693049
-0.7649892569
0.3457386259
0.01428214908
-0.420594665
-0.2225192208
-0.3078837421
-0.3450073414
-0.529761637
-0.7598262295
0.8218136683
-0.2645048589
0.07191978656
-0.09123644675
0.08594536707
-0.0001164857298
0.4563202456
0.02957501104
-0.08735165168
1.019784552
-0.04849478286
-0.008625418972
0.2427470028
-0.1643129207
-0.2506397258
-0.2865293767
0.6909243822
-0.07984769251
0.2255246267
-0.1295880732
0.4583727524
-0.3162244119
0.4036884822
-0.05567958141
0.3761468858
-0.04960988136
0.00231553074
0.3422024064
-0.3466937136
-0.1711852811
-0.3393274374
-0.2251855798
0.1417893106
0.6343429193
0.5267932612
0.1439092923
0.01003904864
0.5675847307
1.37619679
0.1831852548
-0.3603948757
0.8863422605
1.057653892
-0.1064562883
-0.0764262164
-0.2268453054
0.09988058973
0.1311577473
0.7534198843
-0.106661225
0.08083836772
0.7359035574
-0.02172403578
1.045787315
0.09635132188
0.2210646993
0.170992393
-0.1434665947
-0.3931450762
0.09230578914
-0.04546110295
0.1103480579
1.148759404
-0.4303389415
0.4138503764
0.1040726781
0.9302525491
0.02917365562
-0.2537078397
-0.3993899073
1.273789228
0.8042501241
1.307942072
-0.4486980695
-0.221920893
0.4991302058
0.5187342137
0.1026984129
0.2018316597
-0.2376179829
-0.09484168114
-0.4913089864
-0.1837868726
-0.3322812049
-0.02604354434
-0.08996441639
0.06803236268
-0.1636415178
-0.3452443752
0.1426848117
0.05682313023
0.08072373141
0.9068383247
0.114352764
-0.006712201238
0.01444260869
0.009527225792
-0.1443652734
0.08673500754
0.8005913556
-0.06499753483
0.1797387955
-0.3813184049
-0.1848059267
0.6002446108
-0.2341703884
-0.04916250706
-0.2002511602
-0.1898023944
-0.2659498088
-0.3195480704
0.1078629984
-0.1913147267
-0.1374179726
0.4829607852
0.1209691908
-0.1197094534
0.5771878779
-0.03796738461
-0.4760139618
1.017444226
-0.2529070746
-0.09625833808
0.1020992579
0.1558718981
0.170728626
0.009548171004
0.1294846427
0.03427246055
0.4758188859
1.084888174
-0.02855074462
1.233132881
-0.3410729181
0.01484803893
0.4841715574
1.888520581
0.6534940377
-0.03631058345
-0.1599222203
-0.1091814863
0.5357298404
-0.3213452291
0.4912758358
-0.5298946805
-0.4476726882
0.4323032893
0.8614782766
-0.224427654
-0.03036941513
0.3927306391
1.342943491
0.4999625809
0.8419699639
0.5032864787
-0.0898472771
0.4858483396
-0.06586593292
-0.2458377626
-0.1068072949
-0.2658390313
-0.452096902
0.159622997
-0.385760238
0.1165870398
-0.2957819931
-0.4233139418
-0.7395538568
0.07156310603
0.6009561583
-0.3983168751
0.05954920184
0.1272210848
0.4773894377
0.2909294496
0.5134171128
-0.5901973255
-0.2976999845
-0.06427308731
-0.3902720138
0.2934773374
0.02526839506
-0.09556199
-0.3838488936
-0.4976411544
0.0762688607
-0.5105634622
-0.4451940611
-0.5172611862
0.01295042438
0.02505327128
-0.09950165506
0.3257787466
-0.4682650402
-0.1368300458
-0.01346397279
0.2190167204
0.03993881363
-0.04090351183
-0.1003629734
-0.4122821748
0.03201909801
-0.1243217899
-0.274249715
-0.2339810066
0.2925851762
-0.02518224055
0.6541450143
-0.3312817533
-0.1626942508
0.2931505695
0.448684879
-0.4618507534
0.05230430458
0.2291122071
0.0180084764
0.3622318573
0.319252583
0.1421642518
-0.1884700514
0.3733966051
1.153519715
-0.04067784846
-0.06802605782
-0.1717460986
0.261894073
-0.03250871347
-0.1390004713
-0.2040547486
-0.06684230082
-0.2096827209
-0.2199815489
-0.6374979749
0.1314279813
0.2105268488
-0.1577229083
-0.0404302964
0.9757919073
-0.3946174596
0.01043582396
-0.3779967975
-0.3012683487
0.412220674
0.2453321576
0.04273254629
-0.2155978128
0.6000008531
-0.5384497564
-0.331864918
-0.5853422862
-0.4450522691
0.2403198915
-0.106934171
-0.4440209527
0.2460802037
-0.1049133725
-0.3704670448
-0.3433506038
-0.2448309101
-0.5878134295
-0.1049003696
0.007217159867
0.01118302466
0.2536459105
-0.107745931
-0.176541838
-0.1642866887
-0.09365174714
0.202441768
-0.2450512666
0.06634572651
-0.2527948316
0.4573231801
-0.0978921432
1.0539684
-0.2837230746
-0.3206426147
0.3221897043
-0.2446532438
-0.1578009667
0.2010021158
0.7383911476
0.1310247076
0.1286028514
-0.13571312
0.1687043908
0.05753091052
-0.1466062076
0.2490274306
0.02162945624
0.3935071796
0.4601304155
0.6156214554
-0.3474107109
-0.1283881527
-0.2058349233
-0.2002639577
-0.1246394943
0.31096192
-0.1127930262
0.4607647568
-0.1980685115
-0.2162658874
0.6824028663
-0.1603771273
-0.1011360729
0.3425393496
0.3087103643
-0.4999444712
0.5027015321
0.4320228536
0.336647027
0.8766897678
0.600721848
-0.00386262089
0.1987549316
0.1376136754
-0.2071095972
-0.1807795167
0.5208843865
-0.08706566002
0.1052878619
-0.00437360052
0.1813434955
-0.0434462457
0.2147262592
-0.2949887697
-0.1462094275
-0.1496082846
-0.4889105581
0.5505988494
0.01453360692
-0.4603665803
0.09751444627
-0.2881813787
0.5135762066
-0.212706016
0.1953941077
0.9473003626
-0.2627363376
-0.3056922715
-0.155629025
-0.1130801342
-0.0508421015
0.08355988581
-0.1274539769
0.373386465
0.1122775738
0.8770744339
0.1750007348
0.003169413144
0.7786559567
1.022756866
-0.1795219272
-0.4935476899
0.3906746127
-0.05977376094
0.2497569326
0.5993163601
-0.6999071792
0.0007039546035
-0.2944038939
-0.2641839474
0.01571037713
0.3527976297
0.06859143022
-0.07162174396
-0.124690165
-0.3430355668
-0.3346445501
-0.4320336286
-0.1111200413
0.327659649
0.1544694802
-0.1483085301
0.5590450898
0.8402646355
0.4270395823
1.028489049
0.5531992674
0.0930600889
0.7013793513
-0.3309215665
0.004286681116
-0.3214833539
-0.3052513529
0.3953829378
-0.3054376986
0.273206774
-0.03389426884
-0.1205304831
0.2395877581
1.093090595
-0.1963525478
0.6783609837
0.01740271784
0.2612113146
-0.1496855518
0.1906230766
0.379982987
-0.2691364594
-0.3060841501
-0.09671340492
0.3511078767
-0.0367419526
-0.3120108869
0.483258979
-0.3877831712
0.2328524821
0.004570625909
-0.2320897326
-0.0256512966
-0.01335118702
0.0119838465
-0.07528685555
0.5865422234
-0.2052598841
0.8252097741
0.7985620886
-0.05947605781
0.07719906885
0.6530068062
-0.6136084408
0.4381109767
0.3875471324
0.06339842118
-0.377818672
-0.02106687305
0.7160456046
-0.1577561207
0.4025853697
-0.002806707565
-0.08924693447
-0.158690023
-0.155709742
0.1731392764
-0.1277394645
0.3620908804
0.8509821169
-0.1008175143
0.9567467794
0.2955960393
-0.1650899494
0.1760139078
0.2568262458
0.09901784733
0.8680200635
0.009370577801
0.1055684868
-0.388761925
-0.1587831387
0.2967255451
-0.020974511
-0.04154214226
-0.1092917146
0.9498186693
1.218973424
0.8119883217
-0.0387038881
0.2572775071
-0.2007995715
0.1761123421
0.7445863962
-0.1905007273
0.1465194857
1.157740363
-0.001820442639
0.7878898658
-0.630316624
-0.5316200897
0.2785963364
-0.2254544087
-0.006792355329
-0.40040139
-0.1313948046
0.1280641098
0.07143273456
-0.03223412968
-0.3601331789
-0.2831488926
-0.1566909932
-0.291767107
-0.2630133133
-0.383524175
-0.004243753664
0.0739102412
0.07761895917
0.1004489394
-0.2690386541
0.2381817978
-0.08388533518
-0.3119752932
0.1602339212
0.4637295924
-0.3544560008
-0.3213263582
-0.1811427716
-0.02015579157
-0.4128719822
-0.2818301305
0.02456828021
0.1041858867
-0.2870778542
0.1866717083
0.4818551634
-0.1006987281
0.6800587043
0.09406691109
-0.04540863521
0.1610665461
-0.2265462067
-0.2295708627
0.2619495112
-0.3147133552
-0.3882204041
0.2097851187
-0.6459053457
-0.2691677324
-0.3918410249
0.7993079223
0.1813535422
-0.1492669869
-0.2095492072
-0.1525972273
-0.4523889214
-0.301762623
-0.5170022611
0.5727372639
-0.0295937744
-0.06212566644
0.028117688
-0.181904117
-0.6453505181
-0.3683335632
-0.2910024609
-0.3605674293
0.06362674292
-0.3025260754
-0.08910579532
-0.2884218097
-0.5421906609
-0.05465148874
-0.180242981
0.1121377838
-0.3416684147
-0.2902052172
0.2529599572
0.107321224
0.2458860599
0.04662080407
-0.139937908
-0.1209152425
0.2058408014
-0.2055673108
0.3638464428
0.07386634462
-0.3704383794
-0.2901246678
-0.5538648322
-0.4924565673
0.09746456519
-0.4895151448
0.04321944602
-0.408982696
-0.1744742755
-0.6010848887
-0.3020717349
-0.4535724886
-0.09619014449
-0.3551362287
-0.03722038735
1.060231132
-0.6545574859
-0.4011821646
-0.2313105099
-0.5410828352
-0.05205280185
0.3141881778
-0.01364915967
-0.02809810303
0.0309361645
-0.5971525989
0.06355851227
-0.2736924913
-0.5091968164
-0.3368516114
-0.1087170819
-0.02938342057
-0.4188253812
-0.3331164237
0.08864268735
0.4654347964
0.2129625678
-0.4225618631
-0.1420844615
-0.3412750736
-0.338886755
0.4508826956
-0.1511571951
0.4219841942
0.1427583142
-0.3861282274
0.05993322004
-0.3404198669
0.9301715285
-0.39995621
-0.415157894
0.3947431467
-0.4614477083
0.2880427752
-0.136760891
0.148184529
0.05423166379
0.2516555686
0.5432382673
-0.3422009531
-0.1284555141
0.05238661654
-0.1716674481
0.2641047709
-0.01149931848
0.1364950607
0.5563777499
-0.270152536
1.066117376
-0.5605183139
-0.6831951514
0.07671317542
0.1415198945
0.1031453364
-0.2215674796
-0.2943395415
-0.04197331192
0.2152971769
-0.3105080247
-0.3292334948
0.06422175569
-0.177355992
-0.3126533575
-0.3028131779
-0.1609315224
-0.3903548922
-0.2596379712
0.6201440096
-0.2929928876
0.6146296002
0.249952032
0.5325845256
-0.1984750127
0.9310234524
-0.2123864517
-0.01536420202
-0.04532616045
-0.5388611469
-0.48531399
-0.3235838497
0.02813177323
-0.2076308198
0.364456474
-0.1029151984
0.1253387839
0.3100152632
0.3658425309
-0.187586315
0.9598586246
0.6689063318
0.7575637929
-0.1115976239
0.03662838051
-0.4377660058
0.6793101743
0.3459247634
-0.1468382336
0.2465451047
-0.1697684977
-0.5030484952
-0.08634245992
-0.4506187864
-0.3086341858
-0.5031855088
-0.2123467925
0.6558589309
-0.07576371925
-0.5043127947
-0.3932718702
-0.4624034904
0.2020992128
-0.05575830489
-0.3576956537
-0.3543739438
-0.1658836059
0.06220855908
0.4729868054
-0.03991325293
-0.3596191846
-0.02637157813
-0.3409057569
-0.4043149654
0.7606959566
0.2386703869
-0.2902344257
-0.4654433798
0.03617596533
-0.3272383146
0.104983983
-0.03569768518
0.1513927033
-0.1501693074
0.2399163753
-0.1524693755
-0.2738023441
0.1805544827
-0.02492509112
-0.1560655482
0.6326524965
0.1916366324
-0.2674443886
1.078564987
-0.2175105054
-0.6393026561
0.1267347736
0.4111167863
-0.485166236
0.4460779242
0.002151080035
-0.5410994269
-0.3805526912
-0.3583957858
-0.1040965338
-0.5304231167
-0.4075327165
-0.2466661513
0.2015911914
-0.1857254259
-0.4563757487
-0.005475758947
-0.4735534053
-0.2880698148
0.1316934217
0.1545545628
0.3367053613
0.009858475998
0.559255825
0.3107664023
-0.0411603665
-0.3366252419
-0.484825898
-0.027815363
-0.3743208468
-0.2090806916
-0.07386297323
0.01182014309
0.02643903801
0.06818204243
0.7165076831
-0.2139260219
-0.01954122689
0.1068141517
-0.3589343425
-0.3013374031
0.9090776645
0.5008182563
0.005822159071
0.2848365754
-0.3784847718
-0.1487955945
-0.01602633763
-0.2824794386
-0.4668076426
0.009736062773
-0.2903133761
-0.276569929
0.1183992734
0.3064998234
-0.3426360261
0.7193090282
0.542798575
-0.2182914477
0.3881208457
-0.2185684744
0.001385394577
-0.1350129211
-0.4749644607
-0.01664846586
-0.2619833715
0.05770915542
-0.2490659565
-0.3226695381
-0.1209545176
0.03276054608
0.002355384827
-0.485021694
-0.3662406757
-0.2212893441
-0.1024974447
-0.1756829854
-0.1845835313
-0.3821448747
-0.2104673991
0.5537578806
-0.4976667877
0.26524271
-0.3444342755
-0.415541257
0.19135092
0.01453515594
0.1434331765
-0.07193255164
0.1279470026
0.1060853845
-0.1284447119
-0.4270788103
-0.4141959753
-0.3454525955
0.1674078799
-0.2941960419
0.1836550273
-0.1805465315
0.1549886268
0.5348136075
-0.1687534384
-0.7163256377
-0.3170000559
0.3517681343
0.7762373269
-0.3509249654
-0.4250062898
-0.1042216274
-0.5310140945
-0.4469260573
0.4075476006
-0.4387527149
0.3766513396
-0.4316123724
-0.1460196367
0.02647303119
0.1585602002
-0.6056437567
-0.2799198527
1.1886751
-0.02099523693
-0.2133627269
0.08060848154
-0.3158382542
-0.4373953214
-0.4592692154
0.1507942284
-0.2777838994
-0.2187927667
-0.2557245379
-0.3960799415
-0.1102582086
-0.5578209125
0.09528464302
-0.157270233
0.331388333
0.1744015334
-0.1830860147
-0.4085935973
-0.2974158064
-0.3538359351
-0.524866672
-0.3060487077
-0.1800157782
-0.250528842
0.6878517043
-0.2554216325
-0.4761371937
-0.2998205449
-0.1123706296
-0.01480738148
-0.1837813416
0.1498834342
-0.4491897747
-0.3982690614
-0.2203659076
-0.5822066799
-0.3779732823
-0.4747107817
-0.2716338869
-0.4516000912
-0.3606198341
0.6281613432
-0.137235298
0.4665128462
-0.2715802316
-0.2459235605
-0.2027153805
-0.3826948907
-0.5435780916
-0.05322744623
-0.5875727579
0.1412958689
0.9557499424
-0.04880535481
0.9150238767
0.3534407817
0.5681796871
-0.03654607739
-0.1404687458
0.2338067516
-0.1783289772
-0.3886658479
0.05147641804
0.07607666245
-0.5185012862
0.507357648
-0.3634700574
-0.3268105477
0.6680901647
0.2119238582
-0.1352477733
0.2656846889
-0.6766252756
0.2049017914
-0.1217699604
0.2204726575
0.4599333227
0.0397531366
0.4057504654
-0.4233031455
-0.3451767776
-0.05083485264
0.08110025683
-0.3727972142
-0.5011533096
-0.2166311339
0.456322784
-0.1053872174
0.01924535744
-0.3569704033
-0.3059080385
-0.2380298816
-0.3105166048
-0.4475553781
-0.3421897903
-0.1380598089
-0.08950681505
-0.03568713497
0.1421980429
-0.3236619927
0.3446730621
-0.1137935633
-0.07731505269
0.1649156347
-0.3103741247
-0.3628858857
-0.4713968605
-0.1129453291
0.08514044145
-0.09769283906
0.1562652619
-0.1976345591
0.683736971
0.01092159627
-0.3032515157
0.2748174394
0.4037088998
-0.696703212
-0.1851234257
0.9442072764
0.2289169159
0.2089789968
0.1899158001
0.1378602747
-0.2725049581
-0.18076068
0.008793225139
-0.2355068503
-0.3684798613
-0.3036053147
-0.4296242051
0.6707069978
-0.3272216
-0.5524072051
-0.1997372512
0.1017720308
0.501868058
0.005305677652
0.491365964
1.340263228
0.1034866173
1.008117826
0.4185073413
1.05991101
0.2001814503
-0.5236268863
0.4951984681
0.3917075187
-0.326626461
0.8304246739
0.1020590789
-0.3311820716
-0.02102446817
-0.5740539223
-0.09511223994
0.09809245095
0.08289472256
-0.2357688155
-0.01454218198
-0.5737321876
-0.0615658043
-0.2356584616
0.2413015537
-0.2029449407
-0.1447200811
-0.1854108542
0.07358837398
-0.436506106
-0.3398820322
0.2940579725
-0.142557594
0.02862459943
0.1419748861
-0.2001616053
-0.05602170285
0.2144969407
0.08446433721
-0.2489022419
-0.4160963491
-0.0431087587
0.2584007435
0.4905809872
-0.05773393493
-0.1085387172
-0.534695816
-0.2052729271
-0.3344999608
-0.3991655607
-0.5335946433
-0.04275163189
-0.429719973
-0.1832697678
0.1782647096
-0.1314983455
-0.2483220443
0.3779178225
-0.212572455
-0.5374757491
-0.316288501
-0.09778561648
0.1431496643
-0.3971634887
0.1928510897
-0.255632285
1.146618758
-0.2089783655
0.006136614643
0.07181305364
-0.04351896211
0.2958541807
0.1620596858
0.1065407375
0.2129765019
-0.01572254458
0.1120754676
0.344704482
0.03987488188
0.07242625072
-0.01812758148
0.1239931896
0.229623159
0.3686794861
-0.2752778351
-0.233708379
-0.2316078305
-0.01577781877
-0.0316458283
0.7068333939
0.4005581032
-0.5165649086
0.3194959145
0.7668744624
-0.01944773011
0.3709686834
-0.15611624
-0.3829792526
0.1032025764
0.2563469663
-0.1895431601
-0.5751012087
-0.2566380572
-0.2417070385
-0.3395760141
0.4018704224
0.3846549585
-0.06905520265
0.01775568109
0.1239866369
0.9549496278
0.9563273162
0.4469899964
0.6139539987
0.5579598509
-0.1665677752
0.1570627958
0.7031728581
-0.3848673958
-0.1459700674
0.1105672311
-0.353573335
-0.112086102
-0.03082447378
0.06099766679
0.1204723591
1.366957711
0.1446568454
0.09547437392
1.472410142
1.464989276
1.2100459
-0.2845123596
-0.0890434606
0.3974441975
0.3573967349
-0.1135612976
-0.1993869271
-0.3353431039
0.1503655812
0.01710978448
-0.1490959715
0.4843816321
-0.4972776718
-0.356271258
0.1269014074
-0.339929897
-0.1709346838
-0.2607689429
0.03631238216
1.18058178
0.4367320187
-0.3719023116
0.2108346911
0.07515999451
-0.02352269907
-0.6306152478
-0.3060833249
0.4898734406
-0.1278942637
1.142086957
-0.5910113774
0.1740870208
0.1709717516
0.08138621729
0.2826301441
-0.4300867788
0.0176729342
0.4824928649
0.08537396025
0.3796352431
0.2866049889
0.3859306248
0.1169660152
0.1618635973
-0.1479873613
0.2048648633
0.02172858268
0.3232090101
0.5104248852
-0.1403989375
0.09505326003
0.7609023161
0.02305299342
1.252054657
-0.2306470931
-0.2612307131
0.917794311
-0.2500204653
-0.04388397932
0.1397879504
0.008495186269
-0.1751889773
0.1451957101
0.2650508765
0.1610864602
-0.0266409453
-0.415684066
0.5438828051
0.05160812483
-0.184042725
-0.5782460093
0.3021886609
-0.2265499368
0.1184126718
0.3129716188
0.2870530833
-0.3595618695
0.6105505243
-0.354683958
-0.08852438694
0.285491319
-0.2269392997
0.09195419177
0.2070616871
0.7114909306
0.1602420514
-0.4079086266
0.358551541
1.319741916
0.04987002662
-0.3494231708
0.01431368142
0.1988938751
-0.01592716947
-0.2443203248
-0.3081096474
-0.1478556553
-0.1490924351
0.2889821082
0.1993638661
0.9904134199
0.5257819038
0.5612665847
-0.1520440082
0.312720295
0.1844693078
-0.2422415357
-0.3761751749
-0.1741179895
0.4974674609
-0.1502993061
-0.5044345208
-0.1717878263
-0.4685424589
-0.643824105
-0.6626471847
0.06650108285
-0.2307070762
0.06394316945
0.1549258435
0.02345443293
-0.3851761848
-0.2517312936
0.3404136796
0.1702746168
0.1234526508
-0.1611996565
-0.09025167311
-0.09082509605
-0.2286749046
0.3241350785
-0.109508186
0.5136640292
-0.2716599129
0.2146217443
0.05393219292
0.4005729556
0.4943932861
0.0586434626
0.484978395
0.2513426244
0.1191865224
0.1115057821
0.0807891611
0.01100149862
0.2365608506
1.32938444
-0.3269190948
0.7780914724
1.609900308
0.8471554562
0.3420264661
-0.02105739582
-0.04829649543
0.1115404702
-0.01678939052
0.1138528667
-0.2310963653
-0.121642825
-0.1846941672
0.2609581489
-0.09347932823
0.2382739108
0.3353921749
0.285552521
0.1997317752
0.2600390211
0.004015911464
0.05622479757
1.171645029
0.1339489918
1.022625393
0.4361440418
1.657760691
1.446024616
-0.1372885838
-0.4286989868
-0.2591718435
-0.3248734511
-0.1856006913
0.3383183926
-0.04716534931
-0.216632279
0.01159670344
0.5498131394
-0.1554762941
0.4328007489
-0.03267923817
0.09804072743
0.2141049292
0.1022001044
0.05134082949
0.2291494232
0.3716317587
-0.2048487034
0.009592985734
-0.2034768956
0.4970497848
-0.182277833
-0.2081613619
-0.3301817287
-0.09206297472
0.2508910146
0.4774109282
0.1160111744
0.3654813603
0.8031820774
-0.4975646444
-0.3427225746
0.2393995937
0.6302087501
0.4295140579
-0.2139896423
0.3099322841
-0.3642693549
0.3717776347
-0.4023349181
0.7832378998
-0.2001362769
-0.4600591589
0.5527104609
0.04855251219
0.1145278623
0.2248981547
0.14072662
0.6859271944
-0.1627576998
0.6429696701
0.1407550322
-0.5084894488
-0.07558764182
0.3787242614
0.2085111354
0.5066506132
-0.03621244635
1.816039184
0.3072232299
1.018301862
-0.1010621844
0.08307698518
0.4877851591
0.2015954108
0.04739703732
0.1276621386
0.7469551921
-0.4426909611
1.084275717
0.4732198119
-0.008120157011
-0.1054742429
-0.1045724791
1.009348344
0.6427551404
0.7946434855
0.6029098563
0.6957793467
-0.2455902852
0.2937292032
-0.2100706343
0.1031020242
0.8615489393
-0.4004793517
-0.03228900414
0.6135269053
0.3265369445
0.03557585841
0.1006046116
0.2152164074
0.06513949446
0.2826342288
-0.00882982295
0.5680672579
0.8654511437
0.2155205168
-0.1521082388
0.6079880476
-0.1507898428
-0.0934540946
0.09879572019
0.3268244922
0.04530534502
0.7382561333
-0.1304451248
-0.1294897606
-0.01819311185
0.8753790244
0.05316876043
0.9124197528
0.5776450075
0.03421721589
0.06329674232
-0.004854412377
-0.3050311327
0.1774812285
-0.3447950184
-0.2391939497
-0.1256319432
0.5369255431
-0.324364236
-0.5492001932
-0.1214501768
-0.1316657238
0.3736951604
0.4475717135
0.1899610002
0.04887238052
0.721918606
-0.09063045792
0.3419470921
0.3487565849
1.457488114
0.1723059367
0.1237057662
-0.1840430824
0.6754631728
0.8892782643
0.1689736953
0.3727663867
-0.3842468768
-0.2592523668
0.1314892268
0.4509017088
0.1480364043
1.387952301
0.6162658308
0.04625779875
0.1137580781
0.4870158866
0.5422397584
0.7496287487
0.0448504759
0.2165826184
0.2935486685
0.4059458949
0.08250280069
-0.01152356155
0.1547823758
-0.3112663545
0.340369311
-0.2776259352
-0.02206866611
-0.4020251099
0.1434386969
-0.2221426748
-0.5367605694
-0.09882103764
0.8742946878
0.05159626864
-0.2553590614
-0.2396758673
-0.1252337135
0.2470885452
0.2281340428
-0.1491538428
-0.2052223764
-0.2442154612
-0.1903193651
-0.4048983447
0.259426992
-0.1280286323
-0.1350677788
1.191999759
-0.2753116094
-0.3674625829
-0.08506796779
-0.1181477373
0.5096341163
-0.02854849976
-0.4546271354
0.3442051958
0.5370439313
-0.1985742118
0.2264752554
0.561982917
-0.2018934149
-0.1039130136
-0.1795877326
-0.4671270363
-0.06976697259
0.4036206812
0.2843833394
0.8474032715
-0.04254115261
0.08092164341
-0.6131818414
0.01730230022
0.2707115015
-0.4081512395
-0.06686143531
0.07557672653
-0.677688989
0.8833975375
-0.5793124661
-0.1706890078
0.5733212769
-0.01215332607
-0.1151719701
0.3247590899
0.5078006815
-0.07246085759
-0.07189957276
0.2640854456
-0.1737741547
0.7029850453
-0.002916562743
0.03453834578
-0.2774914801
-0.1657190079
-0.252081129
0.4578647256
-0.1396994095
0.2851878893
0.0129189495
-0.4341822997
-0.08870757073
-0.4912722182
0.02603691183
0.2204885703
-0.1629121067
0.4750462651
-0.375959694
0.3278186999
0.412441149
0.3087380983
-0.1351601393
-0.34768457
0.573714868
0.04203338772
-0.07596691959
-0.6149578802
0.1990339607
-0.03044699542
-0.2738406971
-0.1561625559
1.207698306
0.01181665389
-0.3678176243
-0.5160614297
-0.03353155321
0.7692520417
0.7483015478
-0.1698462524
0.3142260872
0.001204235107
-0.1231882188
0.08966427697
-0.2795102647
-0.3609846093
0.3086680783
-0.45011428
-0.387358189
-0.1396576333
-0.08219412416
-0.157464399
-0.177664594
0.07654334307
0.3482192568
-0.3185535708
-0.1275293116
-0.03963219514
-0.1675183121
0.2419296339
-0.301486551
-0.1780822191
0.4306366056
0.8939433292
-0.01999549367
0.3316227453
-0.1927980877
-0.1073025314
-0.3203343572
-0.2250385314
0.4080139473
0.2523087129
-0.1873203069
-0.2828528665
-0.3273373142
0.9775200188
0.008573929779
-0.2095331527
0.6272096783
0.00823957976
0.5181530252
-0.103460763
-0.04758457933
0.1979065444
-0.3133313268
0.3555906944
0.1080763567
-0.7067502245
0.1016457595
0.2876834407
-0.1606859222
0.3521937795
-0.4105089277
-0.2265683733
0.4187779792
0.2303407772
-0.04686794868
-0.2112440344
0.3817473643
-0.2623953257
-0.22976899
0.2186275907
0.1315498111
-0.1462746417
0.2968056135
-0.4010507055
0.1885066263
0.7589126684
0.2120679483
-0.001824942883
-0.1407776248
0.210211207
-0.1207406936
-0.2188707992
0.8423462555
-0.07277733125
0.3619407639
-0.1549026318
-0.08486861945
0.0703930404
0.2629007105
-0.2681047697
-0.2656009089
0.0821837252
-0.1701700624
0.5287837379
0.1273846751
1.220981993
0.303400318
1.098237546
0.2755577516
0.8157968245
0.4431451634
0.03368323511
0.1369586477
0.26853064
0.05957265124
1.258967406
0.1587639339
0.6051913694
0.02135747941
-0.0464233581
0.9808134064
-0.1038136704
0.626642736
-0.2599687874
-0.003710472211
0.09402521877
0.3565258786
0.2716490448
0.9355430067
0.496817822
-0.09123270474
0.506657996
0.4520222999
0.1491309196
0.1410596581
0.7897954822
0.6487713613
-0.01425080281
0.9467300549
0.4997151669
-0.02028243402
0.1089383578
0.3625333346
-0.05728347823
-0.3437362287
-0.343732987
-0.3123571027
-0.07336806357
-0.3831256464
-0.3107595801
0.5449390806
0.1164746683
-0.2669238456
0.08589875977
-0.1499776181
-0.0358994877
0.7625026509
0.1587930011
0.2818299124
0.2993072758
0.5484333001
0.8304718919
0.3283852518
0.3148078129
0.200723239
-0.3819765422
-0.2243002672
0.1339304131
0.2889256744
1.124600488
-0.01224532388
-0.2687093806
-0.08099720515
-0.2376104705
0.5872358717
0.08612164902
-0.4008813694
-0.120518779
0.6262103066
0.4934004892
0.23654287
0.2587608695
0.602645281
-0.2028725769
0.3831066502
-0.1554640055
0.5501699284
0.1007000683
-0.06273033796
-0.09341353402
0.131328384
-0.6881710082
-0.4171394233
-0.1814463228
0.1137016039
0.02393095088
-0.3623261869
-0.1632762272
0.7760434389
-0.09741438897
0.8901119716
-0.1408612408
-0.1704844397
0.3214891303
0.7366459362
0.8721086718
0.09854404014
0.03613972012
0.4702299342
-0.5270027645
-0.03516615145
-0.361711289
0.4423336975
0.2859436322
0.08811187074
0.3950823523
-0.04628922869
-0.4077602599
0.7432779327
-0.2155790221
-0.09170782007
0.08336513266
0.6489560366
-0.1053404536
-0.2528111495
-0.1698314033
1.078321362
0.6084840044
0.4053465949
0.653846316
0.5869608037
0.1833433586
0.2408826362
1.861983983
0.1850979738
0.8719385371
-0.3105101191
-0.2806590997
-0.4076181635
-0.01916491278
0.03453535382
-0.4407180756
0.1927435046
-0.2922414206
-0.5385497242
0.5185977638
0.4545333009
0.6778730951
-0.5444507405
-0.02143574879
-0.5115972549
-0.04576102924
-0.104202228
-0.1796839465
-0.2693457298
-0.5184820868
-0.5725928634
0.3347131558
-0.2793985778
0.05102150813
0.03831131887
-0.1279540079
-0.2481736094
-0.4519063659
-0.2103553982
-0.199887764
-0.04850809881
-0.08458622135
-0.00607744325
-0.1616899814
-0.2057186833
-0.1041392518
-0.4408604227
-0.2088230341
-0.4029861275
0.7457905557
0.4114012584
0.5488981128
-0.1793992095
0.2478080386
-0.07695753295
-0.2116735676
-0.2383872267
0.1283694979
-0.1845356504
-0.1390263449
-0.4174782105
-0.1393588968
-0.413663679
-0.6126152642
-0.0915476582
-0.4915328093
-0.3482402224
-0.3976635382
-0.18238113
0.7304532763
-0.310187903
0.3534065619
-0.1535481324
-0.4721958406
-0.3764649127
-0.08822403476
-0.4461686447
0.1587060045
-0.2174839478
-0.1680389902
-0.5074624501
-0.1975813966
0.02330733924
0.340764866
-0.1543463435
-0.003356594779
0.02508055829
1.167231414
-0.3129194746
0.4399850558
-0.1430013722
-0.3012154508
0.1743826449
0.4592099021
-0.04012718089
0.2046839643
-0.6911960945
0.02175963456
-0.4847463161
-0.2844058208
-0.07365603223
-0.2325643931
-0.4772033438
-0.4724764884
-0.5922470808
-0.4978438549
0.1629971427
-0.3557940576
0.1611877726
-0.59035099
-0.1395157185
-0.4983685575
-0.09091127343
-0.4207046777
-0.4954510227
-0.1056191893
0.5980382733
-0.09955244549
-0.4929329999
-0.3698499801
-0.3862664334
-0.5214821294
0.3022478152
-0.3828172628
0.0006304987706
-0.06226580404
-0.5429778034
0.1196031217
0.007616319321
-0.2404285796
-0.3031618576
-0.02313128486
-0.1547150079
-0.1422163507
-0.3867527526
-0.3172164373
-0.2391764197
-0.1612995378
0.4992907513
-0.1905068489
-0.1304303266
-0.03635241427
-0.007991819456
0.05237314217
-0.1374066034
-0.1463531561
0.3650211778
-0.04179394096
-0.2088794928
-0.4319970168
0.1484589133
-0.004839033261
0.7890343562
0.2795835085
0.6885821104
0.1141262605
0.02896201089
-0.2641507287
0.09192179772
0.190259064
0.414069026
-0.06973850131
0.7326922663
-0.2091878418
-0.1124526855
-0.1464363622
0.3091628727
0.01352145951
-0.2285584383
-0.2684787605
-0.1870170589
-0.4169338021
-0.1731971275
-0.441797711
-0.2155931912
-0.5367732875
0.3767802101
0.1029774604
-0.1623999894
-0.1550668094
0.1666430328
-0.4874350324
0.457791169
0.2424456496
-0.1872333847
0.1590436604
-0.1304272971
0.03132225778
0.4570247225
-0.2926534068
0.2398238562
-0.2417265281
0.126478653
-0.06994804656
0.07461742163
0.06781149879
0.3046745891
-0.6945709839
-0.05751353074
-0.05036364999
-0.01211883957
-0.1618722145
0.01700268984
-0.492422127
-0.1257128602
-0.3327781685
-0.1023754276
-0.3403304856
0.7112963203
0.1008757828
-0.2405763943
0.003738426697
-0.05877205797
-0.4036218107
-0.144923623
-0.3358348154
0.3633733675
-0.1952973008
-0.2101439357
0.1867845751
0.3530880056
0.007795152999
-0.1153394402
-0.1825752357
-0.1562025322
-0.01742797038
-0.06720305681
-0.1030917047
-0.3207279131
-0.4526414491
0.3164000858
0.0690079852
-0.3930947438
-0.2484105302
0.03808826935
-0.4848241385
-0.4896581396
-0.1960120276
-0.2564655799
-0.1960845992
-0.01162071489
0.6153414134
-0.2618140034
-0.398855143
-0.3108861681
-0.1935361762
-0.1562528824
0.06459559305
-0.3334707538
-0.04106986858
0.3910694061
-0.4731248502
0.3264018603
-0.6617084146
-0.008006028924
-0.4012963735
0.06843904788
-0.3573112711
-0.04554617368
0.3806988072
-0.4170436289
-0.5244128257
0.124831558
0.3668050304
0.3603833519
-0.435019565
-0.4390474945
0.1552611037
-0.2171798732
-0.261234837
0.09505088162
0.001991510019
0.2379843255
-0.2551263053
-0.253682927
-0.1170402963
-0.2840764042
-0.4398748785
-0.3177896813
-0.4628875956
-0.2945880644
-0.2698170837
-0.008346303552
-0.2014548551
-0.2859500807
-0.256502882
-0.354583586
-0.4665276468
-0.3225917451
-0.5517897353
-0.2233277911
-0.3440993581
-0.3593691174
-0.5062298998
-0.188478104
-0.1757979948
-0.561698129
-0.4527635779
-0.1066570533
-0.5087178893
-0.5746516258
0.2243791615
-0.05408807024
0.22037187
-0.3862964194
0.5121817544
0.07752307244
-0.06431817822
-0.3994236998
0.2465666674
0.09035869129
-0.1892229874
-0.21199474
-0.294610846
0.06662935019
0.9749532029
-0.4841132447
-0.215568383
-0.506726262
-0.2853870189
-0.3282880239
-0.7265917331
1.282647695
0.4528321691
0.05692717088
0.435955216
-0.1407324083
-0.06886516968
-0.6159999423
0.4709380992
-0.4094771717
0.07418280821
-0.2357264373
-0.3470658671
-0.2674195495
-0.4876289845
-0.4348590665
-0.6679286987
-0.2412518973
-0.0887247188
-0.008040415123
0.1390561208
0.1076747108
0.605089551
0.2418391643
0.2112471534
-0.2323830999
-0.1086130194
0.4947868302
-0.2383848082
0.1583909128
-0.2023046436
0.799541004
-0.4828732401
0.2786094092
-0.3597038552
-0.2432305794
-0.2359141767
-0.546571698
-0.6173829824
-0.1051804296
-0.6592892252
-0.4641565531
-0.05619234219
-0.0868812466
-0.3907708768
0.2817260094
0.1198713286
-0.2575219125
-0.4983432055
-0.4646283206
0.1330791636
0.1100883592
-0.1694190512
-0.5379658662
-0.197204373
-0.1100081236
0.2116988765
-0.4847581394
-0.1985650638
-0.1841982932
0.007334347442
-0.1732039355
-0.2620570578
-0.3047043597
0.1108979658
-0.1710292737
-0.6290330023
0.4942345083
-0.2472298093
-0.1767240439
-0.5045469761
-0.7050794438
-0.06166270189
-0.07496177312
-0.4103106782
-0.4905158952
-0.3811545346
-0.259606351
-0.6259363756
-0.3862435162
-0.5605504259
-0.143027281
-0.5746837728
-0.5223238245
-0.4345022451
-0.4524266765
-0.3978065496
-0.1745414751
-0.2641812988
-0.5824053049
-0.1902634736
-0.08458338659
0.1787134657
-0.5074858278
-0.8399309158
-0.3687913906
-0.03101920737
0.05012701247
-0.02367860489
-0.4256634912
-0.08725776132
0.1972566653
-0.3797272395
-0.5353895791
-0.1852272371
-0.3718976058
-0.3417582538
-0.3011148077
-0.2100267924
0.1207202909
0.3529570676
-0.4520261496
-0.2684472073
0.1651385926
0.3155393075
-0.1117577851
0.02219881229
-0.1574484905
-0.2902988084
-0.7740236104
-0.2607328592
-0.3690103397
-0.1031306168
-0.5131120607
-0.4313603681
-0.489735432
0.169106549
-0.4608911179
-0.4120743625
-0.2757168256
-0.151965237
-0.01804849766
-0.001220582612
-0.3260430731
-0.1657244163
-0.2680666499
-0.402953364
-0.1819311578
0.4482019618
-0.3833789736
-0.1548899218
0.09514164086
0.1367087336
-0.07747367756
-0.6647146553
-0.548476994
-0.6238228843
-0.1283796832
-0.5015203975
-0.4971145362
-0.2492891934
-0.1181265261
-0.3272247061
-0.6184162956
-0.1306876325
-0.09251580834
-0.2850506224
-0.2966930524
-0.364797578
0.2851729069
-0.06694830172
0.02631736035
-0.4365744688
0.3452270679
0.2677784592
-0.1188547812
-0.007993804384
-0.1952948466
-0.4502917781
-0.38514456
0.08603063859
0.01343177892
-0.3186660267
-0.04980966654
-0.6435864881
0.1730162723
0.1189454699
0.144334662
0.6938099055
-0.1578004727
0.7546021782
-0.3453015387
-0.2267230563
-0.3067175426
-0.1417637634
0.243599195
0.2322104484
0.04221125115
0.1284802455
0.08443059912
0.02994027399
0.1371711452
-0.1264140671
0.3707785603
-0.09301484115
-0.3465648647
-0.2952745564
0.06293645687
0.8169376895
0.211500936
-0.3965339758
-0.2103956345
0.7696275592
-0.383577089
0.5278815113
-0.07944024652
0.007598882355
-0.3246428758
-0.4517921135
-0.4166531913
-0.2362585153
-0.05753489034
-0.5349075519
-0.1175099762
0.3756967209
0.07683695974
0.2853168499
-0.09546840973
0.006042741425
-0.03063693531
0.4014771983
0.232648333
-0.2473667136
0.04902219465
0.4054122833
-0.359952794
0.1950287193
0.02971478589
-0.3005556967
-0.1363589127
0.190381326
0.0403471563
1.120594987
0.9994091928
0.1188380535
-0.09395917971
-0.2403394781
-0.4367516473
-0.03694204856
0.5846983939
0.3501451213
0.1079336178
0.8158769742
0.09206245197
-0.3074403442
-0.5223263353
-0.3693229146
0.06890768008
-0.3821849585
-0.02946950523
-0.07696931157
0.01188450642
0.4819253445
-0.1114525322
0.5204223618
0.4316719577
-0.3018615935
-0.1386105675
0.2029612496
0.08228957802
0.3577014457
-0.3059098717
-0.157868751
-0.02164695971
0.06770338621
-0.1797778653
-0.4912392657
-0.3472902209
-0.257714263
-0.3938513435
-0.08609832358
0.0384533396
-0.2505413901
0.6480178028
-0.3659399457
-0.2048186663
0.3976514138
0.2086986639
0.3009842329
-0.6047879796
-0.4386901237
0.3149634682
-0.5195161864
-0.1611692322
-0.3220176376
-0.1185825003
0.5517095865
-0.3655717134
-0.36235511
-0.2855927497
0.1255501736
0.1467888821
-0.3416603401
-0.1546939728
-0.143405733
-0.3630491883
0.1231046144
0.3833863676
0.03577359766
0.4440533377
0.5739733888
-0.1910177127
0.1269093752
0.2219962055
0.367381829
-0.1412357558
-0.03477606913
1.200692865
-0.1789696801
0.4143958142
0.8441387087
-0.2640010588
0.005147586949
-0.03818769278
0.6430611089
-0.3185940657
-0.4607134983
0.5616929933
-0.4550291389
0.05500762518
1.513167796
0.3542066507
0.5038048934
-0.064225116
0.05557564991
-0.1063478786
-0.3388724666
1.143002095
0.4294200234
-0.02315816488
-0.07541127414
0.2096447218
0.04541811352
-0.1194970252
0.2788348984
-0.0936459871
-0.3047400031
-0.03745425921
2.035251419
-0.2453756746
0.5445142416
0.4499392342
0.1198371824
0.8385040522
0.6389009014
-0.1039096221
-0.2159786176
0.1750691485
-0.2105845161
-0.2176698208
-0.2541422024
-0.2226621199
-0.02845250368
-0.3336476864
-0.2516454291
-0.07844239334
-0.3089712732
-0.1332671408
-0.1703858431
0.4620936073
-0.2211200219
-0.5097476915
-0.1506906029
-0.1792210344
-0.3956937954
-0.04451700756
-0.5380442895
0.2841656774
-0.1517582975
-0.3919992417
-0.2847976636
-0.5348237421
-0.236588005
-0.2243659791
-0.1969314955
-0.2591835752
-0.442238465
-0.5387428366
1.005660386
0.4604607984
0.4897155792
-0.02171385633
0.02218807153
0.08772226898
0.224365849
-0.0105215882
0.4422939926
0.08005343564
-0.1280384302
-0.06924636168
-0.2355643865
-0.3189007781
0.03567778054
0.7895842612
0.1440926824
0.2198026359
-0.1881364547
-0.1002830275
-0.4038807712
-0.3220865816
0.1298885056
-0.05519804079
-0.1053548901
0.2559826482
-0.1671700303
0.3547932953
-0.07837988921
0.2807828464
-0.1228591597
-0.5237003364
0.2727293082
0.1641882032
-0.7094403289
-0.2664888961
-0.2590285599
-0.06423898851
-0.705979538
-0.2878149096
-0.2254618384
-0.249538099
0.4635956749
-0.5508853786
-0.05397316404
0.8970936276
-0.1893728154
-0.2654425301
0.4148747325
0.5549781583
0.172664959
-0.2211647604
-0.3336929269
0.2524803359
0.04771247962
-0.1811519625
0.1360087167
-0.1541793946
-0.2861466296
-0.1613233836
-0.3716368437
-0.6091232985
-0.1987301704
-0.2092415014
-0.5981517047
-0.1456303924
-0.2986548286
-0.01507280804
0.4888476886
-0.2625770465
-0.242800907
-0.3147670627
-0.3518282719
-0.3178049996
-0.131443154
-0.5898081042
0.4082058016
-0.4744532511
0.6096583709
-0.08287250521
-0.5379035115
0.2942940407
0.03927858919
-0.331776846
-0.5492680989
-0.5458285891
-0.343887363
-0.2895709317
-0.05433293171
-0.2384728163
-0.6548694164
-0.08073400781
-0.04115459714
-0.02473280951
0.5657874905
-0.066189445
-0.3629800849
0.3037746213
-0.4354211524
-0.1933557212
-0.3616768878
-0.2394127149
0.7083426669
0.04222758263
0.5810049288
-0.07483238704
-0.2702896403
0.4129392888
-0.3246161185
-0.3812495679
0.02536263969
-0.06946282159
0.1043423485
0.6075241789
-0.3393739566
0.8256210908
0.5522907475
-0.2192863885
-0.500125742
-0.4416137673
0.06730420906
0.09653953947
0.09354865346
-0.0302723011
-0.125334247
-0.2515057247
0.1601559833
0.165312289
-0.2893486321
-0.03064180491
0.06065639444
-0.02232354423
-0.01681535281
-0.5172102274
-0.3215377878
0.2843469255
-0.09021416483
0.1608008955
-0.5275364466
0.0144951662
0.2356114671
-0.2466028459
1.053227291
-0.5456346028
-0.1547725931
-0.1849767829
-0.4065390185
-0.1649199788
-0.2259763382
0.7558631584
0.7461561367
-0.2853210155
0.409175206
0.3284697339
-0.1302544151
-0.3560820796
0.4381805182
-0.1389365743
-0.4995840825
-0.2427918462
-0.4395796508
-0.2027845107
0.3681199603
0.04955178136
-0.1709014587
-0.08726256918
-0.3562765524
-0.5685047247
-0.4785452548
-0.5896212846
-0.2945416145
0.2708794706
-0.540694337
0.5476535544
-0.3017116513
-0.3967357952
-0.3069395356
0.1194203267
0.4669220589
-0.07145361379
0.07582017435
0.3171754576
0.1027793727
-0.07019890212
-0.1845999856
-0.5341765255
0.6227749094
0.7696541183
0.01138547175
-0.4596054174
-0.6491022557
0.293431831
0.1382123021
0.231869898
-0.1369220988
-0.1788682961
-0.3676718595
-0.247065657
0.03702843115
-0.4582146134
0.3286623668
-0.05233859867
-0.08993931059
0.1281894945
0.8077702135
-0.2880141206
-0.5292097509
-0.09392061345
-0.01100451518
0.1858132262
0.07580947727
-0.5671378031
-0.2966258295
0.8626924679
-0.1796669194
0.1207512211
0.3577451095
0.4137920596
0.6673531055
-0.4675675571
0.1692807002
-0.4360528942
-0.1904831666
-0.02211039253
-0.4904725984
-0.1625018064
-0.1913498797
-0.5569446772
-0.322774354
-0.162463844
-0.471649568
0.4227685645
-0.02544751493
0.3256260645
-0.5547188111
-0.1258038245
0.06246205717
-0.4684246356
-0.0121943187
-0.1111062977
-0.7724464588
-0.5155665778
0.0267088159
-0.3945514219
0.157654101
-0.196430403
0.308068075
-0.3764857206
-0.08355035977
-0.304113397
-0.5031140305
-0.3468976922
0.06635598689
0.09729638994
0.4514297102
-0.4805716142
-0.4242038194
-0.2627324946
0.2730154297
0.5027016453
0.05023387056
1.627834255
-0.2810183894
-0.222405345
-0.05530195422
-0.4744256638
-0.3897151161
-0.3985302117
-0.195157107
-0.3061491668
-0.3288168691
0.6688358739
0.1273193262
0.8362849124
0.3774436187
0.06479185596
0.04645988164
0.4226130247
-0.233328861
0.01050736289
-0.4111401061
-0.2969714571
-0.0646264229
0.7689351745
-0.4003250659
-0.3327484608
-0.3928638075
-0.2935438354
-0.1315185618
-0.372497502
-0.1507951653
0.4396605045
-0.2020886479
-0.05673907856
0.39099559
0.2488895327
0.7392565608
-0.2627191357
1.080615631
-0.07390266974
-0.3660853028
0.7895728067
-0.2126760207
0.006589612272
0.2484328501
0.1806575692
-0.4243291676
-0.2925645575
-0.639252916
-0.3461987622
-0.6418999195
-0.4597812392
-0.6935020417
-0.1728302637
-0.05759755075
-0.319215196
-0.4604233749
0.1290903825
-0.3126740821
0.09820677396
0.1458661672
-0.4805034176
-0.3764926717
-0.2736870531
-0.256021658
-0.4617951341
-0.3366959147
0.2049376369
-0.4555362489
-0.4191600159
-0.4935602263
-0.2074125271
-0.6717134982
-0.02650461551
0.1379466697
-0.3740728863
-0.6649485543
0.1129287161
-0.3019824833
-0.1303572902
-0.1950077675
0.2272920467
0.3291077798
-0.6209821194
-0.1614751117
1.082211687
-0.1534391547
-0.259448063
-0.07572775017
0.04540750254
-0.6792293951
-0.1441750573
-0.1514637873
-0.03013670743
-0.179677904
-0.4909986004
0.07999892719
-0.06643375717
-0.2068159204
0.5422787238
0.3177779522
-0.759274552
-0.309428861
-0.2945985246
-0.6638689041
-0.6324765414
-0.06008027224
-0.06516506858
-0.06220968449
-0.1493588442
-0.1538254306
-0.2645218472
-0.6389305994
-0.2638188932
-0.001902641356
-0.1041280773
-0.7335426018
-0.2902910184
-0.3252713796
-0.19836374
-0.6950106502
-0.01296747867
-0.3416099541
-0.3072523214
-0.3163601018
0.09595351405
0.1348622674
0.5392126545
-0.15621316
-0.4495051637
0.1073071489
0.07650526501
0.03879242819
-0.007579022925
-0.04768687095
-0.01253193859
0.2517481092
0.1476893404
-0.3647167824
-0.1374421282
-0.4474730663
0.1632949742
0.1117113722
-0.169583806
-0.3437741619
-0.4133171635
-0.5081108488
-0.3210924314
-0.286920888
-0.3457260303
0.1088968739
-0.2001328208
-0.06141867023
-0.442856846
-0.4316553049
-0.6483602315
-0.1592025578
-0.1538030865
0.1037799055
-0.03425540458
0.02781410608
0.03427513447
-0.7175361067
0.09874233268
-0.3106631564
-0.02055503279
-0.3045871768
-0.2993403872
-0.5938432127
-0.2280980263
0.1855595089
-0.1375496451
0.782914041
-0.3577328341
-0.1854369635
-0.6156931158
-0.6388265915
0.3556433298
-0.09373828527
-0.5842998892
-0.1300064292
-0.1938693466
-0.5837165982
-0.3009596907
-0.09402805455
-0.4848974399
-0.5075707875
0.3667272199
-0.1411308099
-0.2154860735
0.2355817292
0.407104281
0.4629789546
-0.1096056053
0.03569988757
0.02511403486
-0.1821698777
-0.4798046052
-0.4258136839
-0.1794605855
-0.2832887851
0.5483531348
-0.3054557241
0.04051742898
0.04905556422
0.4782297798
0.05386400837
-0.09363316363
0.09449952785
0.4917037256
-0.2840132434
-0.1053931859
-0.1089528751
-0.09805808291
-0.3741778679
0.4488236886
-0.2713974129
-0.2536127321
-0.2424220894
0.4408991694
-0.1402122973
-0.0626843242
0.1783043493
0.5964739949
0.1507364407
-0.1900139933
-0.4021354958
-0.2745580699
0.02440156937
0.08045373373
0.3984832779
0.03017213745
0.08088075481
0.2352368258
-0.05480990466
-0.04104663152
0.03631760636
-0.1570062255
0.2669399167
0.1804011287
0.4100855581
-0.1197353227
0.447777909
-0.199337334
-0.4050267912
-0.6066165328
-0.3581503954
0.2021875035
-0.1731664725
-0.2563951373
0.2140454456
-0.1868081173
0.37403589
-0.2882263333
0.05399779975
0.111674783
-0.05978557579
-0.420464056
-0.0396693896
0.1785293229
-0.1279892411
0.3058788419
0.08514888212
0.1209969012
0.0205553472
-0.1041490689
0.113487863
-0.09351308309
0.4419301972
0.01692828517
-0.1052601732
-0.3039015658
0.4853979284
0.05729553839
0.4828226686
-0.3815242302
-0.1580173591
0.2200861483
0.4399321608
-0.2016752889
-0.3578504272
0.2518108331
0.7974600583
-0.1300479976
0.1510523252
0.4986145042
0.1146912597
-0.4190995216
-0.4391818255
1.993935917
-0.5479961254
-0.02999795694
0.3782667886
0.3676362842
0.9138035417
0.2960010618
0.5279348195
-0.02310190462
-0.1709943308
-0.613697952
0.4404201433
0.02352093682
-0.01788443998
-0.1493020006
-0.1402399844
-0.08334138021
-0.3551692389
0.304056284
-0.4826533172
0.03327912185
-0.2472044758
-0.4707506806
-0.2338322528
-0.2783935558
0.007400997728
-0.2806626111
0.705385308
-0.4838177159
0.5964221045
-0.1976008646
0.1313735342
-0.04581833193
-0.1951613531
-0.5061503716
0.4446760997
-0.1500682564
-0.08946299227
0.1249134231
-0.3228292473
-0.6438780963
-0.2362411201
0.4911312103
-0.1566559471
0.2047806732
0.4910445832
0.4511163339
0.5191613905
0.4187721498
-0.4746638089
-0.2216732897
-0.1862189282
0.1367132868
-0.142494894
-0.2445634607
0.1483883556
0.0921646025
-0.5700876139
0.1705449833
0.002833464649
-0.02832356547
-0.04730430059
-0.1784085071
-0.2780584045
-0.39483371
-0.3464577004
0.1562591461
0.222108135
-0.1732199863
-0.4323106766
-0.1245245077
0.4895930402
-0.01202669558
-0.09029463865
0.6237111628
0.1321328558
0.9675711393
0.472305125
1.164178152
0.3747870004
0.4375957392
0.1124661545
-0.03129987437
0.08522201069
-0.3988807812
0.1959663624
-0.02698081657
-0.492842035
-0.3225113805
-0.2660145551
-0.1399205944
-0.4179001573
-0.2644156672
-0.2515342608
-0.3305615377
-0.0438299261
-0.4503967077
-0.43570875
-0.3572857924
-0.1193609115
-0.1351980567
0.1837903667
0.5522075292
-0.2399580222
0.218514289
0.01398648294
0.1160474896
0.2317174651
-0.07533613103
-0.2530690376
-0.09044601824
0.08280362943
0.746649237
-0.2950135753
-0.4569499604
-0.6487450823
0.2829432212
-0.3322584186
0.2135055508
-0.3069261096
-0.3476663202
-0.2610930501
0.1357857913
0.05229348587
-0.5590120181
-0.2859040115
0.09475422334
-0.7180669114
-0.4868680656
-0.3346990205
-0.1427377153
-0.2152172828
-0.7641373008
-0.2448689546
0.3100781403
0.4223138362
0.4540734828
0.151467765
-0.3085578918
-0.481496489
-0.490834754
-0.3985716946
0.7898875132
0.3699512273
-0.005359397829
-0.4540469818
-0.4254031939
-0.06854261197
-0.2597570211
0.1672287121
-0.2737915345
-0.2144417291
-0.4168032806
-0.1384992159
-0.376849024
0.8751846477
-0.1187050415
-0.4032793365
0.07627667342
-0.354334431
-0.6369008519
-0.4048758753
-0.08560093357
-0.01847834494
-0.2250372199
-0.6169065237
-0.09595984668
0.07219861373
-0.1877901858
-0.03789992202
-0.5292750448
0.19211342
-0.2839091834
-0.2056753904
0.05874030543
-0.001361253113
0.01975088893
-0.2600327831
-0.2514465332
-0.2696806412
-0.332209428
-0.1334619675
-0.6317880757
-0.3467556369
-0.6496792436
-0.2435209647
-0.4575163931
-0.425166323
0.4959480196
0.03457944589
-0.1828951955
-0.05983471079
-0.3950069573
0.1136641101
0.544668337
0.5778197274
-0.139919347
0.5412948325
-0.05529686231
-0.03226085082
-0.1777712397
-0.4307762451
-0.4023941938
-0.4749437883
-0.05958817396
0.2544157367
-0.3286701988
-0.5400272578
-0.0486623127
-0.2485774696
-0.2467649691
0.657039649
-0.6171514601
-0.4976092242
0.7658824295
-0.04873866104
-0.5223736092
-0.3833193988
-0.09731490389
-0.09103274215
0.2920207098
0.1866303388
-0.04031578973
-0.1832049172
-0.232182356
-0.5373556994
0.3742126621
-0.282417978
0.325783108
-0.07234439962
-0.2586638933
-0.2240095319
0.1649915162
-0.2380950287
-0.2769434542
-0.06968515581
-0.3315743897
-0.01502815029
-0.4234184399
-0.2973144807
0.09085498191
0.5099007599
0.1877797835
-0.4007857427
0.05015376685
0.06049824841
0.11725305
0.2896436378
0.1712179979
-0.05087328842
-0.3171831407
-0.6748223171
-0.4020110428
0.03833155055
-0.447291971
-0.155725294
-0.4205676798
-0.2458793676
-0.1308387429
-0.08209177805
-0.2123741385
0.2370284069
-0.1178373472
0.2038038641
-0.2560845271
-0.5518679697
-0.09851872101
0.03697040984
-0.4430826925
0.2811135519
-0.4668533869
-0.3187310928
-0.6296414539
-0.6745928913
-0.08416640535
0.6603097267
-0.3440136287
-0.1206610538
-0.4795752745
0.2080109213
-0.04518746082
0.5825465567
-0.3490857854
-0.2395894334
0.05079236496
-0.2572984608
-0.4762562871
0.6209578134
0.4057979107
0.09629301913
-0.06996989422
-0.7442263693
-0.4962160632
-0.1150016145
-0.00104994569
-0.1936542328
0.6962113008
-0.4151448406
-0.231065958
-0.1434410818
-0.5057598427
-0.2431838766
-0.3583357017
-0.3422611035
-0.2491606515
-0.4169859543
-0.6879940152
-0.04103219341
-0.4795536347
-0.8738598734
0.02496601008
-0.1208357476
-0.2292383898
-0.3181432605
-0.62637555
-0.2555226848
-0.02144338842
-0.3862271048
-0.1670327995
-0.2462129734
-0.3027282849
1.070662983
-0.2111630917
-0.2609332532
0.3613809308
0.5879106563
-0.09689874286
-0.357250894
-0.3898562104
-0.2802619476
-0.5747916423
0.1064479184
-0.4368950829
-0.5021934524
-0.2172842588
-0.1677329954
-0.1903215643
-0.4064196967
-0.4588649508
-0.2959791169
-0.206231783
-0.5779475287
-0.5518696867
-0.1566629674
-0.3226115361
-0.3015327014
-0.5541558392
-0.09671402685
0.3067082763
-0.319325434
-0.2180540579
-0.6598709546
-0.374784714
-0.4848669663
-0.2750888281
-0.4202303115
-0.1665606954
-0.1673180744
-0.3592178784
0.2121504452
0.09787462614
-0.3473473802
-0.1399516426
-0.184149551
-0.05585949197
-0.6120364338
-0.1485049331
0.4060986204
-0.2201544204
0.2945002566
-0.1095664492
-0.4302357905
-0.2831837643
0.0006760782562
-0.263888973
-0.2166069757
-0.4528273739
-0.5044230413
-0.07500779023
0.5267689317
0.1002997048
0.1841199652
-0.3666867867
-0.0007067283615
-0.1082798872
-0.368316938
-0.07153076641
0.1626352863
0.03764525969
0.68896612
-0.2107627485
-0.2571773035
-0.4341970209
-0.3976558961
-0.2936755605
-0.1795491498
0.6201675139
-0.4139533458
0.007051337045
0.01113737654
-0.2659342015
0.8178756118
-0.538120988
0.5248864569
-0.3930568583
0.04644913338
-0.06085602567
-0.24720902
-0.02745539062
-0.02390632294
0.1364347389
-0.1401446635
-0.2249496449
-0.4394828483
0.1780218694
-0.04536508489
-0.64341847
0.2131638148
-0.6294069022
-0.1420065202
-0.003135970235
-0.1513900075
-0.7395324901
-0.2644090697
0.3215277329
-0.2301323812
-0.03158621015
-0.1012827893
-0.4562342525
-0.5212872572
-0.01691762675
-0.0182133371
-0.2798734583
0.2893896639
-0.2542880926
0.3110787548
-0.3594547605
0.1352954825
-0.1927344196
-0.1908444632
-0.2648664463
-0.5132984765
0.8797428608
-0.09283487499
-0.6073079444
-0.2711478382
-0.173341937
0.1168625437
0.04170464538
-0.5608835798
-0.07843606379
-0.6504855603
-0.4043885976
-0.3595871208
0.1736782055
-0.3960166104
0.6748482697
-0.1779522034
-0.3331996601
0.190363349
-0.7248601153
-0.4128561862
-0.3157947656
-0.2841616593
-0.2776573539
0.1558942687
-0.02862648778
0.02723763972
-0.2183357667
-0.1561926879
-0.1359042224
-0.1714378152
-0.2655931458
-0.511587856
-0.2287233882
-0.07638341365
-0.32516541
-0.2506737914
-0.4864589687
-0.2484437987
-0.2112536773
1.137600728
0.154444474
-0.07376326406
-0.3898512185
-0.366532661
-0.5528226793
-0.04312422648
-0.4150970042
-0.5123211071
-0.2152000718
-0.2577028111
-0.0281272335
-0.2097862884
-0.3573120855
0.1339813167
0.07017396148
-0.2783936132
0.01379882898
-0.1215176158
-0.1879712991
0.3691595323
0.3407515334
-0.06639441708
0.5320175834
-0.09472309109
0.3928949341
0.3700324353
-0.4117562518
0.1393664399
-0.3467197195
-0.2483406462
0.6778716654
-0.1410971362
-0.04003453841
-0.3419542871
0.07806659415
0.6192275361
-0.4483035922
0.2100616522
-0.2389919147
-0.1648790937
-0.4182962
-0.1028185049
-0.5521269307
0.08518647067
-0.4398998201
-0.006053681299
-0.1727540944
-0.1615313383
0.3407914083
-0.2208202019
0.1201008171
0.03892561458
-0.1213009857
-0.03337480593
-0.0004735050723
0.1056961737
-0.1722956907
-0.1249857176
-0.2893585552
-0.08010764699
1.212288067
0.02626286894
0.2305517677
-0.06992469672
0.03995410725
0.2149416372
0.4965625085
-0.3002924137
-0.39481293
-0.165372288
0.08695129305
0.5897765405
-0.5186519817
-0.1315713793
-0.1897072727
0.3361992817
-0.2276868083
-0.02716985033
0.370908352
-0.1549033105
-0.2477840964
0.7193749659
0.3793682955
0.4277454697
-0.05044796728
-0.2837856889
-0.3816224322
0.3261490464
-0.3656927645
-0.04353741072
0.02989137298
0.7998964118
-0.1748908927
0.1981998321
0.07308353633
-0.3090421014
0.3131397322
0.008048781753
0.3377475597
-0.1045237217
-0.7002115995
-0.1015031276
-0.06783091174
-0.2010167897
0.6554869086
0.5455934033
0.3001494788
0.06238481291
0.2867384091
0.158865982
0.4104607567
0.2611248683
0.036431491
0.1219435411
0.3974654313
-0.2804082379
0.7258736901
-0.01595772952
-0.2882061802
0.3013592944
0.1232282704
0.2178209431
1.369372508
0.261518709
0.2325637724
-0.2261827633
-0.1807285003
-0.1612313553
0.6745724652
-0.2683373097
-0.8249868885
-0.1261726696
-0.1598499548
0.09567535911
-0.2975780852
-0.1628500508
-0.200343993
-0.2436820708
0.3386153042
0.09748010822
-0.2815635564
-0.2551059093
0.3635563873
-0.6390494093
-0.2548470546
-0.05426036324
-0.2027075239
0.4437488971
-0.3903106093
-0.4042223632
-0.1890898794
-0.3377696268
-0.2649649393
-0.4862130389
-0.1440859181
-0.2371676475
-0.1644052973
-0.07041115686
-0.3578317899
-0.1205509476
-0.3320547991
-0.2248520032
-0.2113671247
-0.3171568424
-0.7045402706
-0.2887950413
0.07575117107
-0.07266879794
-0.1310700536
-0.2673228256
-0.4750668839
0.171065888
-0.303239926
-0.4935502782
0.2436351806
-0.5051351249
0.04692412433
0.1578859255
-0.2363993604
-0.3785288163
0.1975244278
-0.03566114102
-0.2093481351
-0.4941957541
-0.181017831
0.07188313734
-0.4190729819
-0.1726948418
-0.2241087353
0.4848514356
0.2914259687
-0.004904126562
0.03991313912
-0.3019333266
-0.0315257669
0.6639851511
-0.3410182711
-0.445228748
0.5872665834
-0.005252885632
-0.03875295399
-0.1651853077
-0.01877899263
0.5358676888
0.6008962259
-0.07963878941
0.03207023283
0.4893406413
0.1593679007
0.2405334732
-0.3401715904
0.3343804006
-0.01260656789
-0.1414075999
-0.0937323533
-0.7026455596
0.06167724878
0.07424461949
-0.1174752768
0.4137386225
0.5733111596
-0.3204727605
0.02704649977
-0.02471318943
-0.002911694348
0.1487364499
0.8648145124
-0.1686939597
-0.05857872982
0.3466203772
-0.03995981738
0.2356438007
0.1915517015
0.6186942257
0.2564284347
0.01427409351
-0.1851883611
0.8308449619
-0.4372650325
-0.2034294039
-0.1391092249
0.3863324679
-0.2577671278
-0.1312901556
-0.2632027708
0.3302911945
0.06894126832
0.693036072
0.5470441187
-0.3543306984
0.3455920458
0.6229077742
0.1577070128
0.1172862684
0.5557508588
0.601344575
-0.1043880148
-0.5510521933
-0.1635292521
-0.3395478018
-0.03093460687
-0.2251707844
0.0546743135
-0.4163231343
-0.3347835153
1.034873289
-0.4308638558
-0.6293376446
-0.2746242128
0.5613964856
0.02119218465
-0.3604005843
-0.3760828152
0.08174868301
-0.1493063075
0.02054398265
-0.3918444619
0.3497614967
-0.1618642025
0.8323610924
0.03420971669
-0.2465750514
-0.1595545173
0.2612483472
-0.2032362096
0.2740069721
-0.3912246682
0.117278556
-0.07835557288
-0.1279468797
-0.129983256
0.2449463777
0.4200223215
-0.3630776979
0.1442566078
0.0689957004
-0.02906527957
0.8683311462
-0.1156404154
-0.4420421854
0.1547302788
-0.2972703885
0.1208449423
-0.2208849404
-0.5150483906
0.273612137
-0.3430195943
-0.3016723245
-0.2401129417
-0.1193285914
-0.1868108675
0.128553396
0.0699091604
0.270967692
-0.05106399097
-0.1871410344
-0.103978866
0.125297937
-0.04820850175
-0.1653841441
-0.4678714991
0.6175165299
-0.3614682324
-0.3967211634
-0.1446561906
0.9115189329
-0.4739431351
-0.02490487508
0.2141897826
-0.2713096954
0.2687566699
0.1009151513
0.02470836644
-0.1544158472
0.122325621
-0.07810679059
-0.2616842002
-0.09536684286
0.08706346601
0.650217922
-0.4219118387
-0.2365100186
0.3239667824
0.4882323563
-0.4879542887
-0.1037733391
-0.4131139196
-0.2681703772
-0.3696701691
-0.01210503969
-0.3338393494
-0.01565499641
0.08297912348
0.5386056297
0.4352294803
-0.02059697583
0.168552872
-0.1770551035
0.04777047811
-0.0120208323
0.7789612673
-0.1300827496
0.3889789224
-0.0121473839
0.1554128461
0.1510747338
1.150328808
-0.1853306506
0.2633410547
-0.1361715296
-0.09586628918
0.3959195159
-0.5997375399
1.313727649
-0.1306993523
-0.135825591
0.07959327847
-0.3985375546
0.9136637062
0.4486881591
0.2466464702
0.8693044871
0.09916029349
0.3280173972
0.6894384086
-0.1296197407
0.1594080061
0.3840001144
0.08283361048
-0.02922811219
-0.2194151953
-0.1204495838
0.8650228962
0.6005024105
0.03635934312
0.8400275767
0.8993988641
0.6030728363
0.2867995137
1.043010591
0.2685960481
-0.05033714622
0.9213145979
-0.2893748261
0.3395102754
0.05127904611
0.9850377604
-0.273394265
-0.4125247866
0.2903584857
1.199430217
-0.2214907451
-0.1039520023
0.07216700036
0.5061511494
-0.1109994311
0.5784129143
0.7307151005
0.3152432209
1.173861606
0.07484339122
-0.08403901849
0.1863111647
0.1427840352
0.3313722055
-0.09769538343
-0.3982947066
-0.1674577519
-0.310967268
-0.4066349253
-0.1584775858
0.3462654687
0.07716219393
0.2957561802
-0.03763995944
0.02971923836
0.1500135249
0.001620726101
0.3574296558
-0.4096078828
-0.08453642279
0.06834229277
-0.2272159286
0.07142550573
0.09057596326
0.5932273798
0.6225461356
-0.2613494635
-0.4716259547
0.1927528739
0.506580697
-0.5429997846
0.06782814302
-0.249455693
0.3130898222
0.7541076392
-0.543207214
0.5080934405
0.9924750313
1.202481027
-0.1922861602
-0.07939938512
0.4204142526
0.8122610137
0.3153654516
0.3631064028
0.07097773347
-0.3610171787
0.1264732197
0.7803927615
-0.1115790743
0.9583230525
0.3889286865
0.2022932736
-0.1101388039
0.6375258625
0.03360162992
-0.08102969201
0.6617459841
1.077733162
0.6865104295
0.02361678015
-0.2602414377
-0.3902041823
-0.2155943975
0.4645991236
-0.4818041414
0.3307698332
0.2467578262
-0.2347149432
-0.353991589
-0.004600120336
0.1864193583
0.1524529492
-0.3226828948
0.3690372694
0.5283630319
0.1233818044
-0.1967819653
-0.4393663988
-0.1238717124
-0.07160710245
-0.1524617955
0.03143940605
-0.06916331053
-0.4824796557
-0.3627672657
-0.5635568902
-0.2744740132
-0.5415356316
-0.2012815945
-0.4472931281
0.3261677723
0.1225323912
0.0721417211
-0.303803961
0.5716065049
-0.05948654031
-0.2863621861
-0.2621612653
0.6204445809
-0.3734970063
-0.03876666743
0.341739038
-0.1653698999
0.6441892706
-0.1845911741
-0.1853673693
0.005047072098
-0.04111454822
-0.1512934167
0.2058944963
0.3779524937
0.199937498
0.01050553229
0.5893972442
0.09432782251
0.03943253458
0.8959725335
0.2830286415
-0.06417070851
0.7478033721
0.1510607149
0.1891724881
0.1399191901
0.6791878432
0.2969198862
0.936160095
0.001554059796
0.2590826318
-0.6010732725
-0.2468671877
-0.4513861224
0.6001852363
-0.04627585928
0.04200016428
-0.4872863084
0.6048230305
0.0873146696
-0.3015667327
-0.413386663
0.02365268059
0.04759017564
0.3742415883
-0.2500341207
-0.02123026382
0.3283719528
0.5491766803
0.2584024604
-0.4659533337
-0.1772926372
-0.4482133098
0.009900194779
0.701639279
0.2060432039
-0.07754894365
-0.2971817732
-0.4279541388
-0.2346103445
-0.1720971718
0.2836214177
-0.3735295668
-0.186005914
-0.5830173627
-0.4168229848
-0.2012575129
0.7236992091
0.05204218738
0.4368595006
0.3844879448
-0.004482502304
0.3982065028
0.8002335034
1.458542717
-0.1835293818
0.01755620502
-0.3544380285
0.4939295247
-0.1288330955
-0.1287558181
-0.2217526704
-0.6294785798
-0.4154667333
0.1869472682
0.2897848442
-0.5057331458
-0.2775257535
0.3598878931
0.6859188184
-0.3578499466
0.6433080569
-0.3370439399
0.2125772072
-0.2033065068
-0.05833224896
-0.2762878902
-0.2278701518
-0.3140848296
-0.01879467033
0.0007636584342
-0.09268204607
0.1238716973
-0.3845611155
0.09592291424
-0.2412432928
-0.3860062618
-0.1181885328
0.1004319023
0.006022940762
-0.0004546254873
-0.2003176248
0.2836526634
1.016253914
-0.1902492284
-0.08550250586
-0.5437488884
1.223730232
0.3617733642
-0.1543528896
0.6266670654
-0.3679900214
0.4129914567
-0.2189475093
0.3874095289
-0.5000502184
-0.4941746831
-0.7024480626
-0.1899500534
-0.1138455404
-0.3731382079
-0.4530995786
-0.5899987236
0.2451039391
-0.02235900201
-0.252653151
-0.1753991466
0.1495620627
-0.1355259504
0.003583262675
-0.2204431562
0.2004184594
0.03288079468
-0.09808044042
0.3559892949
-0.1383561924
-0.4502468362
-0.3983131915
-0.3609856442
0.5472877793
-0.3273674756
-0.07624871787
-0.3095222466
-0.09965637624
0.03850691188
0.311881908
-0.1700471323
0.3048033312
0.998262471
0.1118983552
0.1123547366
-0.09095537607
0.3504148858
0.36963384
0.2818202345
0.5353637882
0.2967726244
0.03994556144
0.5570628596
0.0262209909
0.1056100739
-0.3032218784
0.03178691007
0.1196536642
-0.1105917399
-0.3231186137
0.1692987543
-0.04915868156
0.1056377974
-0.2294643702
0.3109233698
0.06576865586
0.06165491678
0.8055089414
0.303038013
-0.3347228199
0.2436713689
-0.1810056377
-0.004953608382
-0.6674756229
-0.06262346916
-0.2774916703
-0.05187175721
-0.2131660812
0.2079164909
0.1072818499
0.2441068702
0.04380738987
-0.001778185181
-0.2664114006
-0.2803073496
-0.02065148316
-0.2407847635
0.002205422521
0.4582305282
-0.2418471105
0.5222471766
-0.344071877
-0.1722795315
-0.1076260665
0.2487431664
0.7931846321
0.006052850746
0.1219458008
-0.1664470974
-0.1225991897
0.06073183101
-0.2288337616
-0.3304499723
-0.2267573111
-0.2097072005
0.01190206427
-0.1517617222
-0.3975438729
0.1763841389
-0.09435901791
-0.09465581998
0.9796490476
0.002603306994
-0.1718528088
0.02343051992
0.5264699146
0.2333057789
0.6591085434
-0.07639274783
-0.1743569791
0.3668699412
0.1819037959
-0.2160205677
-0.4790001512
0.79525287
0.2423398944
0.1382388577
0.1152595036
0.9636849031
0.03766116621
0.592836161
-0.0595256377
-0.361045976
1.36005346
0.3329855919
0.9967920721
0.6183826633
0.2811073184
0.6861367688
-0.1197940018
-0.0772361544
0.1060006967
-0.02590287346
-0.11440206
-0.2352867227
-0.2197084635
-0.1175979039
0.1435428038
0.2248444486
0.4696910225
-0.3789587572
-0.3858902857
0.1259119872
-0.2964470051
0.8476911277
0.6128362387
0.3374170559
-0.4233647987
0.007185259834
1.524476559
-0.09913094044
0.09548730589
0.0142785443
-0.1464955653
-0.2311101504
0.03413446043
0.4708874123
-0.05544271171
-0.214497324
-0.2552360985
0.7097081274
-0.2672527462
-0.05314139985
-0.05107091311
-0.08915957641
0.1322411016
-0.1566775296
-0.2681728318
-0.08029035106
-0.3260256965
-0.06236866694
0.3635835603
0.3311055696
1.061772904
-0.3103582367
0.5344663478
0.738389362
-0.6786481291
0.5182267755
-0.01658462286
-0.05046495814
-0.3556797236
0.5809159575
0.1044377734
0.6870003812
-0.1561230047
0.01483651865
0.07116461787
-0.08212424433
-0.2510374777
-0.1770028471
-0.1659613702
-0.06768320519
-0.2215708137
0.4909513954
-0.1710562794
0.01741766445
-0.1119407588
-0.0218675416
-0.2956845537
1.50652975
0.2041941274
0.3133232512
0.5847449556
-0.1723987294
0.02632689141
0.7395594202
0.04073904939
1.327933533
-0.1427033916
1.167052978
0.04315633401
0.5700225994
0.129566017
1.541979608
0.1676404113
0.573579172
0.7528237857
0.7525371574
0.4704938814
0.06033791862
0.1507692384
-0.3124923505
0.3908177271
0.3771802202
0.1767416283
-0.02063090131
-0.06372244786
-0.2195970278
0.31587203
0.1476260124
0.6830895275
0.04122671299
0.9572323039
0.1770088671
0.4582257756
0.4434782647
0.35969042
0.1762216229
0.8770993024
0.2548474757
0.9119049609
0.6913437441
-0.2413868368
0.4867594674
0.2854870964
0.245178429
1.236072186
-0.1994316522
-0.06662406009
0.5099602509
-0.1227482816
1.216519092
0.1612611309
1.098551247
0.7875354856
-0.1844411597
-0.07465366647
-0.2487277642
0.1564197753
0.368987349
-0.3384659201
-0.04286649395
-0.4545548961
-0.5075203538
0.5352568135
0.04636041448
-0.3225882161
0.06227436289
-0.1326930454
-0.2026762968
0.8000234127
0.1375448897
0.1628841722
-0.3046368539
0.01270309649
0.09574251212
-0.3976809368
-0.4231449157
-0.2369868703
-0.002314038482
-0.2292235162
0.8531749025
-0.07243785951
-0.06925560497
0.07310512895
-0.1689156406
-0.2289259154
-0.3006410874
1.202336936
0.2893426418
0.252975006
0.7385908611
0.0943941066
0.1735969808
-0.3957152709
-0.04385279864
-0.1189401213
-0.129378737
-0.2527522855
-0.04663701374
0.3431163918
0.2792632125
0.2146570183
-0.07430456094
0.1155708164
-0.04942006245
-0.5593676627
-0.5206826761
0.002317294292
0.4147889934
0.07721305694
-0.3193294518
1.717642325
0.3385317251
-0.4650420904
0.03859709343
-0.1864518369
-0.4435963117
-0.4634805981
-0.1459040403
-0.2114259325
-0.1382569678
0.3995539963
0.2849759884
0.4153556123
-0.09143065084
-0.2980725117
-0.1417554138
-0.07413085438
0.01115755308
0.0402859922
0.327517429
-0.4234507546
-0.1247419629
-0.2529906586
-0.2505166359
0.1035050249
-0.2390351474
0.2658759452
0.4062836055
1.225215636
0.007748637535
0.01209203135
-0.3388891421
0.09963669162
-0.2428898253
-0.07013553493
0.9387105346
0.2918701435
-0.2145803347
0.1056674012
-0.8092703253
-0.2963759482
-0.2556395583
0.5462083131
-0.3473787036
0.1532689552
-0.2298017357
-0.07733217301
-0.1566155251
-0.2109546728
-0.1773847064
-0.262525773
-0.08010961413
0.02821718035
-0.2257534865
-0.2521639455
-0.2509319291
-0.3734657407
-0.232448239
-0.4076624557
-0.2390806854
-0.3402547412
-0.3161818847
0.1467244145
-0.02834032886
-0.2008001223
-0.1564668231
-0.6003595039
-0.1367132537
-0.1583859984
-0.06815914102
-0.6708296269
-0.2088348925
0.8333868429
0.01660196409
-0.03395812735
0.06304649422
0.008252005652
0.4011333875
0.0954039095
0.09449660648
0.6483389802
-0.1875212897
0.6425514221
0.1155353269
0.200219634
0.4193317771
-0.01965912972
0.9431190312
0.09275805615
0.1911618007
0.8904568419
-0.01410157587
0.842893932
0.074842209
0.6277726702
0.03194043953
0.1335324576
-0.001732700691
0.06845240574
1.17072387
-0.3102852143
0.1684409087
0.1913892832
0.02791427113
1.077287365
0.54365384
0.07754531633
0.8836913772
0.6139691371
0.5101376096
0.004904139414
0.850247284
0.1173274085
-0.09081422053
0.8577912644
0.1202127407
1.036706619
0.9334498599
-0.1543799557
0.02592569804
0.2307240283
-0.285605865
-0.2978405356
0.04217542
-0.2262132823
0.128877053
0.2840703323
0.1055238415
0.5475695938
-0.0307672319
0.6180659831
0.3306851679
0.3123561095
-0.3460898191
0.0305872838
0.1163316578
-0.1387800388
-0.4339209348
0.4509233072
-0.5505514175
0.2530373398
0.02911049649
-0.3785435095
-0.1182963319
-0.1074027603
0.3450034512
-0.2552944787
-0.1863262128
0.474928464
0.01124129803
0.7428896636
-0.140270798
-0.1664454859
0.249119064
0.02042866759
-0.012373388
-0.1487705227
0.5844977483
0.3372048981
0.3060266037
0.3463041231
0.07568838764
-0.2732329065
-0.07617702279
0.1684014808
-0.4095701177
0.145736143
0.3687742755
-0.2857002564
-0.2911132909
0.08935396262
-0.04521408305
-0.1663259596
1.11106056
0.4205142146
0.01473546047
0.6377937403
-0.1056919608
-0.094225033
-0.008634988777
-0.09390499457
-0.04904467408
0.177230699
0.1345077183
-0.6507767215
0.2538955005
0.1913844524
-0.1394346943
0.7391150951
-0.1696515271
-0.1690972481
-0.2303709231
-0.2970856711
0.3722198874
0.2981051371
-0.1082156872
0.1485228086
0.8380838305
-0.2422300024
0.2752754914
-0.5702677876
0.4697123356
0.9314976886
0.9798250034
0.2081935754
-0.2003456499
-0.1509406075
0.3828052167
0.004557045083
-0.4122640081
-0.3162977148
0.01595121534
-0.3915400729
-0.1318673346
-0.09351248164
-0.6204907425
-0.524494227
0.5695481762
-0.02548675928
0.05984343663
0.5931849256
-0.1510895967
0.8510029063
-0.4626937632
-0.3405305564
0.2780456314
-0.4715025842
0.1581527572
-0.3602874786
-0.2347616982
-0.03752071653
-0.4771383144
-0.6382991165
-0.04931934546
0.7651330434
-0.1605410051
-0.6669437543
-0.2048995726
0.3662123002
-0.2251751665
-0.01447209902
-0.09054758027
-0.04201594517
0.4714968439
0.04360557776
0.2196475275
-0.0452834487
-0.2017641921
-0.06500144787
0.4536129601
0.9716089159
-0.780931963
-0.06152612194
0.168213461
-0.02968260152
0.9015919
1.201285395
-0.2781554736
0.03728823424
0.4913361639
-0.1540915132
-0.09759935308
0.5466898106
0.3603521317
-0.4021091402
1.048772147
-0.08180432599
0.4369768992
-0.1049427215
-0.008560672775
-0.1320262183
0.2344410706
0.2842303939
0.1981104622
0.05407869704
-0.01407714766
0.02291891878
-0.1883385457
0.5346242242
0.6452803098
0.2611530155
-0.03068964062
0.4228345916
-0.02509753834
-0.02670155386
1.327080092
0.1330909882
-0.05494096624
0.1535788285
0.2230656035
0.04235911686
-0.2889385112
-0.6379941672
0.08739463389
-0.4412579253
0.5870112821
0.4498754206
0.298484575
-0.3567191847
-0.5885205463
-0.136286197
0.03783782776
0.0494332552
-0.09927643407
-0.3675982764
-0.168623307
-0.1776508795
-0.1467084426
-0.2177317683
-0.3687855951
-0.2804837791
-0.1384089206
-0.5153824136
-0.6016526595
0.1350994801
-0.3885916747
-0.03379160818
-0.0333670279
-0.2188163544
-0.004998611659
0.03264209582
0.652956325
-0.3221964292
0.1496700417
-0.04241320034
-0.1802374346
-0.01225288566
0.7926122859
0.2105633499
0.6504102975
-0.2121808097
-0.2327507839
-0.4587032124
-0.03391140327
-0.5747855678
-0.6391432524
-0.06289199516
0.2109503686
0.5512136996
-0.1022573354
-0.1078449246
-0.2478260959
-0.04124887381
0.3733266041
-0.006350574549
-0.204865456
-0.06077740192
0.1643933291
-0.2378294971
-0.2342595655
-0.3909778282
-0.4678942539
0.01868322287
-0.110309807
-0.4020622402
-0.07215211987
-0.4358907029
-0.03175815372
-0.0117646941
0.1850768542
0.3466130288
-0.3945917517
0.03462689072
-0.1415898675
-0.3594039775
-0.06076240372
-0.4893574387
-0.385209696
0.1711799642
0.4848740168
-0.425043194
-0.5331276178
-0.2187222589
-0.009183430672
-0.1384109848
-0.1028926946
-0.0502610655
-0.01658789376
-0.3200079948
-0.4909992047
-0.01807332262
-0.4777385533
0.2089063582
-0.1854699951
-0.2022160128
-0.4091329632
-0.2261739124
0.5751153691
1.082446557
-0.09326271303
-0.4790208854
-0.02833478469
-0.2173433011
0.2355826212
-0.2593536898
0.05497280378
-0.1421831325
-0.1610908829
0.1391387628
0.3268533334
0.2462365605
0.03790990324
-0.03368677762
0.1405721845
-0.119971611
0.127231722
-0.1817308988
-0.1531128693
0.3738056384
0.9843368232
0.4469518702
-0.5384992734
-0.2968534846
0.09806752065
-0.4204818748
-0.08097302895
0.5080042087
0.1786204293
-0.1291904636
-0.2915321913
-0.07457060413
-0.3141965397
-0.2726260509
0.1476011133
-0.1698052481
-0.2123394378
-0.2873365469
-0.6556080207
-0.1951817583
-0.4243291691
0.2136012668
-0.6169096753
-0.2609598484
-0.1841054227
0.177736854
-0.0007413815707
-0.1773128234
1.629720472
-0.1982655477
-0.2657920059
-0.06185246855
0.7602865174
0.1765751001
-0.05593476519
-0.01686212216
1.093123528
0.2426705949
0.1628321359
0.3826813698
0.1829350576
0.3909761257
0.3820106924
0.5995614626
-0.1248764753
-0.3104341261
-0.0484399505
0.254230166
-0.09400885664
0.5735112362
-0.1384994213
-0.1391734933
0.2682648404
0.3025809351
-0.06737921387
-0.3759006973
-0.5425595775
0.3742136374
-0.4175199151
-0.2761106528
-0.4263176903
-0.4245821536
0.08509136168
-0.02479952388
-0.1238463173
0.860218437
0.1208648426
0.05323246978
0.1504393406
0.428542826
0.1873511933
-0.1693330331
0.2702137442
0.02081061751
0.1771595575
0.203467219
-0.3052699998
-0.2276402928
0.4827067226
0.0006182430312
0.145148995
1.149100955
0.4972399376
0.2218468808
0.1881150751
0.1689890435
0.4253925651
0.02496054117
0.536006774
0.2158423277
-0.0008433790877
-0.5275128432
0.5491807044
-0.2717575032
-0.03093485255
0.1646448894
0.3477530064
0.06864555757
0.5813692428
0.2782643337
-0.2778368279
0.4310231872
-0.1352963936
0.07579632532
1.12387412
0.1080859626
0.7046712682
0.05519193183
0.3294002496
0.5635633945
-0.2471136704
0.9296756178
-0.2433274072
0.3570647872
-0.1312864523
0.827290909
0.2247963157
0.0617109105
-0.02514744531
0.6329093471
0.241532407
-0.5229895383
0.05380371716
0.3426132411
-0.09516044762
-0.06473116744
-0.4010495633
-0.1897126524
0.04009840656
-0.1312126476
0.0487406821
-0.1421465999
-0.3283539686
0.1326513378
0.5406213216
-0.09136866853
0.5949686453
-0.3393064722
0.2811755946
0.3500350583
-0.1826420001
0.8610476479
0.2984225817
-0.04395541279
0.468190245
0.3654923435
0.6242030218
0.2490277536
0.618252407
0.8709802791
0.1854801912
0.1604680771
0.02470010705
0.9345805675
-0.1423544902
0.2850894153
0.4573483013
0.6074781865
1.245359296
0.5693473756
0.1863154797
0.3347459547
0.08829610422
0.2012874
-0.1209377207
0.1712194955
0.1288088338
0.1496663505
0.3920842908
0.1388753262
0.8993045703
0.8893514194
0.1239971127
0.1774374513
0.4020208903
-0.01554572936
0.3780818857
0.7771675505
0.8065756038
0.01674935455
0.6204284072
0.7815133095
0.438448002
0.6892980099
0.3582369685
0.5240930498
0.8463247037
0.13607022
0.03345469292
0.8709466368
0.8887895145
1.868485388
-0.1707001394
0.4710534059
0.6376849398
-0.1823339082
0.3531563744
0.5825179011
-0.1611412395
-0.3416564383
-0.1256331284
-0.4752105266
-0.3453645401
-0.2575070512
0.6577914923
0.3838579934
0.04190798365
0.1476508392
-0.5040143147
-0.4206554133
0.2020080214
-0.07630615868
-0.5427066222
0.1648664806
-0.01337450296
-0.2360084459
0.2258113736
0.07030860726
-0.4593822092
0.2450362943
0.08985266816
0.0855304772
-0.2403872095
0.4647994176
0.3215763144
-0.01731756497
0.05800300073
-0.3427908882
-0.5950754926
-0.382668595
0.4661601217
0.60537894
0.4058051951
0.4807137635
0.08185887653
0.05660046171
-0.1434808532
-0.5399213403
0.185036166
-0.1004464592
-0.0009746547323
-0.1654974371
0.8499226257
-0.02356542628
0.09297159221
0.1790703971
-0.3619116224
0.4647886455
-0.4830651514
0.1569780353
0.001971791033
-0.1031707397
0.3727860183
-0.2114500631
-0.04568971414
0.4029866248
0.1601233617
0.1922452727
0.8573234901
-0.1755171712
-0.5575480014
-0.1298060128
0.09963527303
-0.03061929755
-0.01288024765
0.3878623556
1.235609803
0.7812489241
-0.08363404423
0.3581194572
0.3359574668
0.9657001317
-0.1402919572
0.5692832459
-0.1134974252
0.4644305632
-0.2762418799
0.8138707161
-0.04997763187
0.1440521847
0.2413831081
-0.1643102791
-0.6663447037
-0.440975678
-0.1373181663
-0.2504280489
0.05453229398
1.107481553
-0.3222453732
-0.1407999739
0.07165898671
0.348395291
0.03581848927
-0.327700983
-0.4591918215
-0.1720218524
-0.3455196895
-0.2762317959
-0.2327428713
-0.1342389721
0.9842310324
0.1062147221
0.06169041432
-0.2355978541
0.3785143968
-0.3766674165
-0.1131472444
-0.3781145155
-0.3116645843
-0.1807519507
-0.06136902459
0.6573532149
0.06145151071
0.05439363867
-0.03625452584
0.1394389613
-0.09571435787
-0.4041240782
-0.09291088264
0.5508494362
0.3556572206
-0.06719966047
1.21509119
0.230737501
-0.1345415246
-0.5536795259
-0.3079868592
0.6675337285
-0.2457800202
0.3606559055
0.3748889685
0.253937795
0.5893343657
-0.1763031896
0.0570139627
-0.3455675192
0.08574668858
0.9748656377
0.3034938991
0.488507615
0.2693469442
0.223639507
0.1622789228
0.9477316782
0.05435308777
0.2155960105
0.4248978861
0.1001783315
-0.1162908671
0.4181365823
-0.1178776293
-0.01025729552
-0.1050442951
-0.02651820895
0.5625834577
0.3324573763
0.4003499694
0.09404833913
-0.01698872875
1.26143336
0.1703272827
-0.5144464277
-0.4887838915
0.6004708663
0.02737247888
0.0608920183
0.06540521104
-0.2807201289
-0.213678153
0.02011218965
0.1099775733
-0.07418784034
0.2328109549
-0.3394231061
0.9926669419
0.2564862862
0.7564111903
-0.6246529475
-0.3638370328
1.127847986
0.7341934666
0.7374158964
-0.2959712863
0.3053863578
-0.4733092979
1.246782349
0.6855571017
-0.3282496341
0.2029154178
-0.403192696
-0.4052431881
-0.4236414656
-0.2839347154
-0.3302433595
-0.02831727266
-0.03020957382
0.5513647664
0.4192959882
0.1021493483
-0.1738444911
0.2055042574
0.004624576308
1.71027811
0.373504477
-0.09766495395
0.3311750442
0.08415173031
0.2829451986
-0.3333500557
-0.131440823
0.52374487
0.299608396
0.07481368706
0.2226847246
0.4779262632
-0.4020096868
0.8902596503
0.1351870133
-0.05060648452
0.7158385843
0.6542589068
0.4018508259
0.3912620563
0.00500236419
-0.1101486477
-0.3931632087
0.1846205529
-0.1465877183
0.6835053161
-0.05125827231
0.1650292251
0.5715616696
-0.2684892721
0.2008768328
0.08730256744
0.642452623
-0.157007442
-0.3563803136
0.8330488458
0.3696268834
0.399590661
0.5279399984
-0.07172533749
-0.2873406034
0.1965216037
0.6276337281
-0.1688397057
-0.5501231104
-0.4482281588
-0.4952903531
-0.04269451126
-0.04871129859
-0.04488043301
-0.01014955584
-0.08194192722
1.094531189
-0.04403119609
-0.03903109226
0.1638372991
0.3071960256
0.03186592553
0.755478248
-0.4362891793
-0.0989294298
0.3313511193
0.1117362266
0.3084588801
-0.2161077283
0.09591875616
0.7287585407
0.1517756226
-0.2918332938
-0.3997744098
0.4517782949
0.1514133414
-0.4321196008
-0.5013130873
0.4808227476
0.4879747696
-0.2002496302
-0.1330672231
-0.274668733
-0.06141211968
-0.1401193099
0.04292678516
-0.1379592094
0.4054875696
0.4107736379
-0.1351412982
-0.4045896366
-0.03188928925
-0.3292077076
-0.1326124758
0.5630153716
0.8594502494
0.3531105276
0.08293455206
-0.5861863166
0.9669398308
-0.1076433107
0.09714233261
0.3680469543
-0.2115376346
0.3429110184
0.3644025207
-0.2292651869
0.5499936968
1.574910034
-0.3673803337
-0.03505383227
-0.1796733528
0.08675607331
0.4197692655
1.005620364
-0.05957419425
0.7601813465
0.9051989593
0.2945841812
-0.2544398945
-0.2844955981
0.666362904
0.4580798682
-0.002484957688
0.626081714
2.003929251
1.444613682
-0.3239312816
0.1296674971
-0.3888656378
-0.5941612065
-0.2262091275
-0.2542124815
-0.3328979149
-0.5477114365
0.6919221237
0.7396018818
0.4506526418
0.0695031574
0.2506442893
-0.3686634019
-0.3221057054
-0.2204584187
-0.1208244745
0.5066451654
-0.1211835548
0.1460778389
-0.2963401817
-0.2050883068
-0.3720879808
-0.5066523924
-0.6822486326
-0.2756428022
-0.06897013206
0.01814699871
-0.4844799399
-0.5564752564
-0.4457227632
0.08345473986
-0.0588449413
0.3290073071
-0.155184976
-0.1984182548
0.1939112805
-0.2281822681
-0.01076407433
-0.2080633223
-0.03559270985
0.1672515424
0.219825298
-0.5116756655
-0.11030175
-0.2552726574
0.0432948513
0.1065113449
-0.1194210853
-0.3385606289
-0.04455961548
-0.2128665835
-0.241927356
-0.02892589774
-0.04313294422
0.367929823
0.07780915163
-0.02043840876
-0.4074477598
0.2544359084
-0.2412747324
-0.3653170906
0.07522207294
-0.1798249418
0.1437721282
0.2563321227
0.5972984448
-0.3055589985
0.791194427
-0.3390397251
0.2687009875
0.07365496531
-0.1701197669
0.299386467
0.1484730283
0.01687366348
-0.02068337817
-0.1124150801
-0.4284982566
-0.1912775822
-0.2103596354
-0.319040364
-0.4045350481
0.152820383
0.1953194197
0.6360626973
-0.05527443141
-0.6780085757
0.05646681301
0.3909097143
-0.4745496877
-0.2963943385
-0.2626520522
0.1003680591
-0.2130408859
0.5848301053
-0.3734525412
0.8058192417
-0.1206637099
-0.3458011962
-0.2498571124
0.2105051495
0.1626819563
0.5204667272
0.4336151965
-0.7237687752
-0.4202598825
-0.5776731897
-0.324901247
-0.3743083008
-0.07613060866
-0.5488632917
-0.4256155916
0.6617890488
1.027881233
-0.220661737
-0.1358754849
0.3895795278
-0.2143913452
-0.1518494109
-0.2429392455
0.7765725642
-0.07835616861
-0.3880420998
-0.1241225477
0.9601271138
-0.4490595505
-0.1484032229
0.1165836539
-0.05569673888
-0.0855768526
0.3390200993
0.1806525569
-0.189450838
0.9789870098
0.4768300429
-0.1955866076
-0.1947607879
0.1339798012
0.2886492865
-0.09974339176
0.3665993616
0.5408607543
0.1152697379
0.4175637219
0.2921097402
0.1375886275
-0.1362483913
0.2532424718
0.5857489422
-0.157845887
0.5751296751
-0.1670975562
0.1243166532
0.374923218
-0.09481267268
0.1602883305
0.5811109886
0.9212898951
0.7273810767
-0.1636989783
0.5937520221
0.6668110758
-0.2695767432
-0.4877557263
0.09061901756
1.227005294
0.1336627683
0.03809070867
0.01113232579
0.1259917269
0.821578601
-0.1479396299
-0.2447060421
-0.3615502261
-0.04327982552
0.6470758937
0.3121793799
0.2613976657
0.09345345441
-0.2461736189
0.2398147307
0.1431904737
0.01145518487
0.06788462196
0.4858225442
-0.4610433608
0.08328018859
0.7536371171
-0.321796
0.5236572281
-0.3126718558
-0.2526771307
0.04681859687
1.313804904
-0.1728403207
-0.1735570138
0.00222700499
-0.07408144884
0.8085883655
-0.2555160273
-0.2780072968
0.2522783071
0.9967311978
0.2946369871
-0.1055542966
0.494476895
-0.01876820512
0.1004164692
0.4518177703
0.1094761165
0.3102869909
-0.128664038
-0.6333662793
-0.08962265458
-0.09344898034
0.7649875194
-0.2066535961
0.701253961
0.1887737337
1.019403972
0.1506736309
0.2240440394
-0.1562663886
-0.5287979051
-0.07667994983
0.3489080064
1.043406399
-0.1466280568
-0.1060141183
0.2245912321
0.3403932817
0.07697718777
0.1629845519
1.446202606
0.1857569808
-0.2344676755
0.5643073902
0.3911542125
0.6964734733
1.28423335
0.3905079566
0.462998677
0.8260690585
-0.02600202095
-0.2785514135
0.02664159294
0.1503645055
0.5208024502
0.05659862477
-0.3750158951
0.5747306973
0.5479830131
0.6947503135
-0.2107667409
-0.2489221111
0.3036855427
0.6988126695
0.5811489925
0.4106836975
1.196879673
-0.2860191546
0.3531206161
-0.3446911324
0.2642777769
-0.0369255567
0.3117485806
-0.3560990296
-0.519314298
0.2946390331
0.04168418576
-0.05454287156
-0.101326935
0.9573248714
0.3408472905
0.1471993364
0.3884193189
0.6937317491
0.2844436903
0.3946508676
0.6383607134
0.9578583509
-0.07245534286
0.2998031877
0.475905633
0.0112314852
0.2591454152
0.8087908365
0.1336313426
0.4326284632
-0.1329159755
0.7251795903
0.419227732
-0.2765646841
-0.08661219794
-0.03584985705
0.5548715226
0.6780691117
1.21016583
-0.228097618
0.8260527834
0.4512206316
0.06495839041
0.6508466594
1.174789891
0.6986750409
1.230675994
0.1682030536
-0.3615994841
0.3857045308
-0.1536765728
0.3707436822
1.061362571
0.3964854129
0.4120727353
0.7262302585
0.6070689067
0.006247909926
0.8531622112
0.7124800831
0.2724643372
-0.06186922025
0.5123579875
0.1769996744
0.4073683262
0.05797213055
0.7688765518
0.3789614305
0.08804833274
-0.3343022473
-0.04956312571
-0.3199255683
-0.3823885791
-0.2792150315
-0.5410497293
0.5586372688
-0.3210377347
0.7513642266
-0.4656643078
-0.4197812364
-0.4479147822
0.2073411254
0.1894992664
-0.1388950733
-0.04431995768
-0.3327884719
-0.1315728974
-0.2788085788
-0.5947431758
0.1444172345
0.1658002378
0.2106465191
-0.2444097668
-0.006403889135
0.7776640922
1.563542534
-0.2707980908
-0.3816317439
-0.4902050212
0.1572323749
0.07690993715
-0.08692537006
-0.1579341613
-0.1537642172
0.4016016357
0.2251956282
0.8249757051
0.5939044602
-0.2185411032
-0.1936358362
-0.2662451208
-0.04715110175
0.6998974547
-0.09928649981
0.6519047752
-0.4632288724
-0.1175177729
-0.4490831584
-0.3226626065
0.08662775857
-0.6895776272
-0.2090243958
0.06361767277
0.4497247897
-0.4572721913
-0.4043640614
-0.4657256134
0.5538105875
-0.3186930045
-0.06845026594
-0.3959640041
-0.06952220909
1.042637385
0.3897454858
-0.1269114937
-0.372283439
-0.4177945651
-0.5196565561
-0.1173898339
-0.3568138897
-0.1769696405
0.06581838951
-0.09856202039
-0.3795296084
-0.08583395109
-0.3635307826
-0.224023122
0.02850669548
-0.4425668538
-0.4951895654
-0.2663505256
0.2291637012
-0.3308658287
0.6258103654
-0.09335642643
-0.5372823596
-0.06401473563
-0.08619775781
-0.4066403911
-0.2129499763
-0.173141348
-0.2310434449
0.1306420662
-0.1278820526
0.6632305853
-0.8390389517
-0.3243701544
0.4621474594
-0.3156113848
-0.2693680432
-0.0413829945
-0.2589626782
-0.378901349
0.7495361403
-0.4545625344
-0.2735104866
-0.123331021
-0.1889928404
-0.187815794
0.1150230339
-0.5218410581
-0.4741921961
-0.2649111584
-0.2762935787
0.908779303
0.1567743652
0.110707103
-0.5626604915
-0.3008688752
-0.2727104411
-0.3357303312
-0.1067999084
0.2999732167
0.3871912822
-0.1789314244
0.2043298066
-0.3439031884
0.3790543038
0.01070276876
0.2176248496
0.05806545336
0.0161343988
0.4299110167
0.3250116233
-0.01574842683
0.1886095267
-0.1493624989
0.2863265658
-0.03867665716
-0.008367419988
-0.1773692362
-0.3755917951
-0.2739848427
-0.6127460569
-0.3091261566
0.4488697037
0.1313432502
0.0002598840743
0.3514112916
-0.3316221416
0.6768851377
0.00901857689
0.1945249999
0.425716598
0.1679878289
1.222227114
-0.2860674202
-0.5573059276
0.2897864696
-0.5228758246
-0.3840621755
-0.0833039552
-0.2320767403
0.1527142149
-0.1684095672
0.3777813949
-0.3865383223
0.238931191
0.002138781175
-0.1863997329
-0.4844562709
-0.1788056683
-0.3743712116
-0.03627475649
0.3135850199
-0.4559853226
-0.1254327646
-0.2168913066
-0.1687354174
0.01172928829
-0.3730078757
-0.2777522321
-0.2212056618
-0.2973845296
-0.4579297334
-0.08384785764
-0.03343500048
-0.5598678872
0.5079332819
-0.07220514547
0.4713519523
0.3793407962
-0.2219870627
0.1646940703
-0.4325448208
0.4918375134
-0.06551452447
-0.3831947014
-0.04256787375
-0.2015565867
-0.01847503977
0.1703650257
-0.4009774491
-0.09845044184
0.1228104085
-0.103216729
-0.011576558
-0.2381557859
-0.5881030038
-0.3129526973
-0.552536869
0.08441873402
-0.2934955658
0.3871185847
-0.1932699483
0.130279042
-0.1708334856
-0.2195912097
-0.406588126
-0.3139868543
-0.3402440809
-0.4853104249
-0.3821482643
0.300522203
-0.1654568117
-0.3904018965
-0.4282294437
-0.2764611401
0.4513106681
0.01475696964
0.07009753808
-0.3901681632
-0.113232849
-0.3202242449
-0.318764706
0.06540442184
0.5533320434
-0.04806588376
-0.5425525159
-0.2537116252
-0.2191416431
0.5293903545
-0.4609464142
0.2767138291
-0.1702750012
-0.1361670442
-0.3918095201
0.01976068718
-0.454202909
-0.240109349
-0.1946672017
-0.1396074623
-0.8227045879
0.2259366464
-0.4189053997
0.4673837841
-0.104597358
-0.5033967309
0.4138454609
-0.365687789
-0.1499834038
-0.03438416757
0.1292643469
0.1095940597
-0.4822474062
0.3051618665
-0.3834067244
0.4442173101
-0.08571488289
0.1588648075
-0.1130890453
-0.3550893825
0.07950714491
0.02839998603
0.09529707991
-0.09783784691
0.03927978929
-0.1165456784
-0.572296676
0.04821018553
-0.0291523708
0.1788447091
-0.2686995704
-0.1441182811
-0.5016216964
-0.3630848531
0.4578771139
-0.5749821633
-0.3112150662
-0.2729730792
-0.35386343
0.3841108577
-0.2413277045
-0.193674235
-0.379908447
-0.5536489993
0.4497120515
0.3029036175
-0.1088425688
0.2708452567
0.5877694957
-0.324809622
-0.08054326121
-0.3664015256
0.01833349383
-0.1084583121
-0.1362137608
-0.2546011135
0.08924340531
-0.3719600976
-0.1621788874
-0.02767991796
0.1037920898
-0.1334325116
0.01452526152
0.1418008605
0.1122092017
-0.2702642076
0.3443887737
1.751924628
-0.1847000491
-0.1156198034
-0.2937508624
0.02076809891
-0.5383176666
-0.1406057743
0.5195977628
-0.2978357486
-0.438586453
-0.3927241966
0.07578926217
-0.06669106698
0.4527832337
0.0323646863
0.06907301508
0.1441610448
-0.4222792327
-0.558028657
-0.5365246698
0.004117638804
-0.6590300784
-0.6206731036
-0.03488426828
-0.4061504632
-0.5421458974
0.7540396251
0.4207245104
-0.4154315338
-0.3159354277
-0.184918927
-0.07945092693
0.009208659083
0.07266062088
-0.2907781065
-0.1875158966
-0.2181507453
0.1667504897
-0.2267980576
0.02045642622
-0.1610889504
1.575509019
0.1134583384
0.1520914994
0.5829441302
-0.2007176813
0.4900013559
-0.165455387
-0.3693408914
0.1110081991
0.7937831342
0.07439496219
-0.2371216252
-0.5878285825
-0.1840769526
-0.3874847017
-0.3967495665
0.6364789248
0.1411761679
-0.1018515917
-0.2738115445
-0.1552731141
-0.5282625645
-0.06621075505
-0.08314541569
-0.2878264576
0.05859525539
0.1037115213
-0.2169372279
0.1069958264
0.3055370435
0.08019319698
0.07535412833
0.08253477272
-0.4562269658
0.5524350569
-0.07841464356
-0.3642220542
-0.1844332267
0.02827976448
-0.4096635357
-0.2134045862
0.186346332
-0.1620575614
-0.3061781358
-0.05942547694
0.04383809678
-0.08901030244
-0.1563212451
-0.04815724976
-0.07238892447
-0.1999399232
0.1092032405
-0.003178672493
-0.1951648556
-0.3100050189
-0.3709355578
0.1123465424
-0.5463119552
-0.5882486865
0.4015007192
0.3212762661
0.1134808302
-0.3525185294
0.3066833165
0.6309213772
-0.2145253766
0.1999539454
0.423521819
0.3479455817
-0.4331426814
-0.05039917268
-0.02775570117
0.3149208825
0.7175884262
-0.05086298883
0.4206874907
-0.4234646671
-0.2048169251
0.06642846991
0.8219992325
-0.1198026594
-0.1209585753
-0.2892742448
-0.1829355601
0.3880212773
-0.4600880727
0.4166221736
-0.1259066477
-0.06887747794
-0.1178564062
0.4930535249
-0.1615366098
-0.301700142
0.1214655826
0.2636625232
0.08077900819
-0.0780069571
-0.3977122728
-0.005834602006
-0.4196774021
-0.08240354732
0.5247332975
-0.06072996948
-0.3592083652
-0.4489060272
0.4464368805
-0.1216765761
0.5750096343
-0.5289184228
-0.4078384239
1.095964891
0.02508562766
-0.1356540508
-0.1263423806
-0.5211806253
0.06500333832
-0.1810222887
0.01463213563
-0.2613127112
0.2775896732
0.09342904165
-0.3634500608
0.3278560884
-0.3862412795
0.440153544
-0.4299472764
0.6900374532
-0.2741904803
0.4377453029
-0.05631175674
-0.04846341647
0.2436001897
0.3980309501
0.4115098454
0.1510890691
-0.1277914312
0.1852350499
0.4316584356
-0.3861096159
-0.2589180216
0.3277767345
-0.4764523931
-0.0156954525
-0.1755997844
0.01431599855
-0.5087736562
0.7068218522
-0.01417081188
0.3503965765
-0.2527466401
0.06544197276
0.8777185284
-0.2478152659
0.3546810303
0.1373834942
-0.1529149745
0.09137492292
0.685021463
-0.3126090415
0.06388320294
0.1071178373
0.08475361578
-0.2185614947
0.02468480058
0.9286475331
-0.4339217812
-0.03201709911
-0.2385577701
-0.07693145089
1.1222721
0.08013639264
-0.04261324154
-0.1320589337
-0.4280095756
-0.04931097571
-0.453808352
1.402551408
-0.4112327799
-0.5467567071
-0.1096276773
0.08454416217
0.2364497028
-0.3694500007
-0.2938719012
0.5141086377
-0.3431614019
0.8228598818
-0.03876029216
-0.2116405491
-0.1122749291
-0.4644736178
-0.2607115872
0.5369164601
0.06401296351
-0.2731561203
-0.4154449448
-0.2570626471
0.3175671136
-0.5164429551
0.1569460453
0.02072669063
-0.1763016172
0.2856586576
-0.1183575504
-0.2361219872
0.5221014127
-0.04634176949
0.4513811342
1.240456614
0.7308114409
0.6695776023
-0.3290743656
0.9940315977
0.1516971031
0.1165743146
-0.03410957111
1.085699837
-0.4830295891
-0.07979057413
0.3097952742
0.01640974255
0.5079093242
-0.2863667928
0.004991015699
-0.04867136553
-0.07885446176
-0.2732875191
-0.2950025596
-0.175393004
0.3841940925
0.1746350689
0.4508351564
0.432942692
-0.0995245615
-0.1821577992
0.02321919724
-0.2623768553
0.1128144274
-0.2476819348
-0.2981074467
-0.3860958874
0.03702813536
-0.1813873932
-0.3833367467
-0.08149665296
-0.1853139613
0.07725083423
-0.227132782
-0.1575816784
-0.2935367703
-0.4059960701
0.09681178089
0.2719887964
-0.3410171244
0.295864941
-0.3064404197
0.648652456
0.497082597
-0.07140533347
-0.2066945117
-0.05614150446
1.112074408
0.3603424013
0.5017417341
0.06591855781
-0.1367062454
-0.1425194152
-0.2286000274
0.3573238611
-0.01929659955
0.6555127695
0.117824264
0.6398523673
0.9316882089
0.7978358455
-0.1549397841
0.5221982583
-0.1779394124
-0.2486634672
0.4001515556
0.0477956662
-0.2505616542
0.1733347466
0.06622999725
-0.04436047208
-0.1182666458
-0.03265820444
0.5703136519
-0.1499687202
1.03206249
0.05794046782
0.9535733148
0.523330918
0.4172635756
0.2695738561
0.2710726313
-0.08121414501
-0.237728738
-0.3755483955
-0.4442998916
-0.1318830712
-0.3761369072
0.09287708458
-0.2074630827
0.2924177628
-0.4231214061
-0.10642875
0.2923133737
0.04869115762
0.1539926406
0.1025131423
0.1658078104
-0.1586916316
0.158001174
0.6926512197
0.6306699397
0.4915729053
-0.4645239711
0.5174841642
-0.3185900979
0.0600234047
-0.08614081368
-0.127311858
-0.4595189758
0.3220538629
0.4254450023
0.5803276174
0.4402667388
0.591021698
0.4864813864
0.369386784
0.03717605136
0.5493033975
-0.2552653965
0.7118387371
-0.1464291234
-0.2271756947
-0.1297951613
0.02802588809
1.366873239
0.2540853415
-0.263987612
1.190251295
0.04675348848
0.1679093039
-0.3663064882
-0.178369379
-0.3729458332
0.7194656663
0.08102644365
-0.1813645627
0.108885476
0.2779167107
-0.5477487504
1.551355374
0.596323289
0.7951055214
0.6179702599
0.2054500783
0.06148883253
0.923223082
0.6680448972
-0.2384069324
0.07542903516
-0.4455435742
-0.5406909108
0.3584691316
-0.2510589488
0.03010654841
0.04370506508
-0.03778174147
-0.12959537
0.9372307971
0.07740013879
0.2999252781
0.3436838301
1.735423252
1.208111192
0.6417941056
0.6545609176
1.308689907
-0.3808243446
0.2620665636
-0.303318052
-0.2231860731
-0.3853387505
-0.1429161603
-0.3482596934
-0.2896626491
0.01737286709
0.6044094048
0.1302247607
0.3784110429
-0.3582775459
0.2053844294
-0.3152563844
-0.2418718085
0.1478904473
0.04337990005
-0.404784137
-0.5463488135
0.2276024213
-0.07744471468
0.2849043332
-0.3333740823
0.00850456804
0.4487856949
0.1444720769
0.04553300124
-0.07832772546
0.004762910306
0.9043809541
0.09431327321
0.09297912046
0.5533640526
0.8462735787
0.361240685
-0.1229735708
-0.1508970148
1.060216887
0.2315209162
0.07942680027
0.1180747503
0.4953505009
0.01964494381
-0.115108707
0.3468951523
-0.000697089918
0.3623702299
0.07577459253
0.01978380084
0.3765733831
0.3287483498
0.6263722986
1.081048593
-0.3890944928
-0.1742113139
0.409060685
-0.05287376763
-0.02769652698
0.5902428195
0.08974413741
1.104465215
1.203327044
0.1563063484
0.9240337878
0.3372264124
0.2460831627
0.8103209779
0.283901217
0.02666073721
0.1079742264
0.162085316
1.04395585
-0.1964381278
-0.3737321422
0.2316126442
-0.1286557341
-0.01728364937
0.3573540166
0.3004399218
0.09332805332
0.4724636048
1.032972226
0.4060190622
0.3672124937
0.07993428838
0.09628090346
-0.09738096027
-0.2407374088
1.071651016
-0.1877590438
0.3160070412
0.2376378514
-0.1440619776
0.185619751
0.4872965574
-0.2334009591
-0.03130345382
-0.3278087121
-0.2517510025
0.05525570661
-0.3181880668
-0.2937155291
0.02375021698
0.362946327
0.4077590272
0.0192795163
0.399360723
0.3887407377
0.7097633384
0.6941832721
-0.07885801606
0.4548184611
0.4348438993
0.2955166291
0.4194106281
-0.1344059158
-0.3481074186
0.678761825
0.7203188673
-0.0330035191
0.4981128417
-0.1142393969
-0.2968629263
-0.3242231101
0.1846175788
0.7065369785
-0.1149612986
0.1447142785
0.8395496473
-0.1499060456
0.7192113355
0.5356727518
0.07803471554
-0.2061318653
-0.1143514208
-0.06016819589
0.105656124
0.4030332752
1.056743065
0.5598493867
0.3429063069
0.3715719296
-0.3190632559
0.3307701457
0.9764586955
-0.1139030072
-0.03503829213
0.1356259786
0.6491879418
0.5775224701
0.716362834
-0.04679739242
0.2119405251
0.01168913636
-0.231025226
-0.3022460565
-0.4780106775
-0.3220372997
-0.3964487582
-0.3003297128
-0.3333476998
0.3962459013
0.684370172
0.403491088
0.4897797868
-0.2233529769
0.4290300801
0.6742738008
-0.08025915567
-0.03493719078
0.728845448
0.6779739723
-0.08324449472
0.579547862
-0.1082532331
-0.4105723664
0.9058966413
-0.5060656443
0.145479228
-0.4967980325
-0.307838624
0.8301795073
-0.4215106159
0.02072661626
0.07649446409
0.08993375702
0.1300940337
-0.0740987692
0.7731535167
0.8273995653
0.6911515795
1.195791598
-0.2994790681
0.8599826157
1.063867067
0.2048557018
0.1838770339
0.8208289042
-0.03787431289
0.864453195
-0.350354594
0.7362686142
1.243089183
0.7592807792
0.5699692726
-0.03881581277
1.037398724
0.325564215
1.113681832
0.08473707032
1.502937049
-0.2298643265
0.8702903315
-0.4497848198
0.3744013876
0.2377457567
0.2176279642
0.296203132
-0.005528030917
0.8524027482
0.6164068565
0.5249259427
0.9403553218
0.7652372181
0.788853018
0.2477476377
0.153020319
-0.1448771514
0.4966499269
-0.06476812065
-0.1924915913
-0.3808934763
-0.01942773033
0.5551646441
-0.02051657904
0.3191579819
0.4357124863
-0.276778052
0.7002647884
0.7886401728
0.1198636536
-0.1104210776
0.4018942684
-0.1311474085
0.1330627633
0.0007352774963
-0.2825627774
0.1668415761
0.02007488799
0.1601487583
-0.4312713198
-0.4827504218
-0.0270182943
-0.4563449174
-0.6543184996
-0.1761959611
-0.08534636684
-0.3354002636
-0.2562293179
-0.06780682188
-0.3617872119
0.2394302368
-0.05807120819
0.4200310707
-0.1625437111
0.05604912974
-0.04790919973
1.044847545
-0.1513070237
0.4327054508
-0.2392454043
-0.01028619409
-0.28011663
-0.2298521072
1.070474574
0.1321071275
-0.09684670884
0.0488187816
-0.2998961031
0.8038941398
0.38466099
0.0005846656859
0.6151105464
-0.328251756
-0.5807643428
-0.08917228077
-0.132244755
0.2153496334
0.771809791
-0.2234231975
0.6642955288
0.5995849989
0.3812886291
-0.1837537631
0.2603378266
-0.2290840819
0.2324465994
-0.04718115181
0.3354478473
1.123477402
-0.1802954823
-0.02290224154
-0.2452288043
0.7412954733
0.4466610767
-0.4146591164
0.08070680378
0.01966804117
-0.01834899951
0.1726575673
-0.2770055465
0.3992548582
-0.3341350079
0.08298008256
-0.08116699569
-0.1156284351
0.09212332778
-0.4051649719
0.6794589795
-0.2240296867
-0.5012643903
0.1633448167
-0.06219743704
-0.4771061033
0.2352741368
-0.2678501103
-0.03249726519
-0.4291520059
0.2970008021
-0.1671649005
0.549672243
0.01490702815
-0.5489177272
-0.05425392836
-0.2623775706
-0.1301981738
0.07639906518
-0.008106908575
-0.4235407867
0.3761986099
0.8620167673
-0.3254952729
1.060635287
-0.07551565301
-0.07684443817
-0.4707489982
0.7709112205
0.3683840774
0.5338635258
0.5398407608
-0.1566658188
0.8373084135
0.2686991875
0.4305304058
0.2881081661
0.2891610615
0.283633207
0.4455585994
-0.1321916793
0.08833739068
-0.1232505295
-0.4206063911
0.6935176022
-0.2781487707
0.08152456824
0.5629639618
0.00195592232
-0.1163210478
0.2283793278
-0.08586274777
0.1632127814
0.5093187383
-0.06981538879
0.7151655473
-0.08053068817
0.8342287935
0.5516082257
-0.2501125224
-0.4057918973
0.4137373306
0.5301512338
-0.02839392442
-0.08576206919
0.6080503777
-0.136377243
0.2789971979
0.2087516801
-0.017402458
0.2711518839
1.20998579
0.09780430472
0.3080312081
-0.001192872226
-0.1106448775
-0.3614555292
-0.2637698852
0.1757771656
0.2945463408
1.051716584
0.4621476707
0.9617827978
0.02478017099
0.7682998564
0.6058777943
0.7523680523
-0.01186109651
0.1069392722
0.707860142
0.08674945496
0.5018043496
0.2884234229
1.006311543
-0.1860950088
0.05215186551
0.05538166631
0.5308446853
0.006850312185
0.2381647438
0.3585620007
0.2170651391
0.03531685648
-0.1513268761
0.1743691215
0.2141878858
0.1932609497
0.3752216609
0.1062194146
-0.2164280344
-0.1738178598
-0.07177921962
-0.271366661
-0.2921369277
-0.1081751393
0.07475451892
0.5858479768
0.2625441601
0.6056071475
1.470118734
0.6992969461
-0.007478387468
0.03511727545
0.6253307424
0.7831760436
1.387797508
0.02053783089
0.9392431185
0.2510931354
0.2247495119
0.1705399703
-0.3463258047
-0.05755377356
0.02030605786
0.1266263183
0.6008269481
0.1750678025
0.4862098619
0.2310379932
0.8440352976
0.3104492012
-0.004752289644
-0.2886413176
0.4921851307
1.32279959
1.412805328
-0.2840193309
0.6523892269
-0.2367262015
-0.2079001533
0.4683671042
0.5529799327
-0.2423843984
1.046338069
0.3296758819
0.581299679
-0.01277715815
0.6417000532
0.6287255228
0.1915187623
0.1361097997
0.7515755072
0.06646183529
-0.07967070034
0.1520519067
0.2971060196
0.0477924109
1.459073818
0.567136535
0.4431547202
0.3663869806
1.756956923
0.1839902757
-0.1768323464
0.1142133262
0.06522370228
1.311098309
0.3185112474
-0.09316009022
-0.1670777844
0.463556581
-0.05213045534
0.1989807978
0.6720211595
0.1508441831
-0.1223138101
-0.03720280072
0.2149042159
0.9008782104
0.3656626113
0.595217143
-0.04354924764
0.06832516268
1.079228716
-0.3893227562
-0.1648845034
-0.4701957576
-0.06077974942
0.1552202215
-0.1107463058
1.014160322
0.2293401739
0.6592799678
0.2461461976
-0.1688286789
0.4243679278
-0.03179626884
0.4281674232
1.215160225
0.430256263
1.218255992
1.499162592
-0.008350725658
0.7425475888
0.01886011437
0.269805418
0.07285509426
0.4506089758
0.2258263484
0.1347521944
1.315636912
0.8681230128
0.4392913207
1.529407662
-0.05016491506
0.4711465176
0.9181507736
0.4385199085
-0.2393213827
0.2762587668
0.05287701581
1.199387729
0.6993417069
1.1515817
1.086114249
0.1291189812
0.1520135185
0.5384336494
0.4787037924
0.2202676143
0.6553243496
0.673325973
0.3986269485
0.4719039924
0.7285251498
1.129467642
0.8967964202
0.02376653645
0.1100119649
0.5057882369
0.4738659836
1.707486089
