-0.09763393514
-0.6008149415
0.8941300303
-0.4483042821
-0.4815701887
-1.136621249
-0.3085192483
-0.7221876532
-0.752281177
-1.557056957
-0.2020433465
-0.7975255281
1.597926718
-0.4012214698
-0.07217938786
-0.7343355298
0.4282904603
0.790745391
1.110701022
1.448590666
-0.1944353141
-0.7557724044
0.5998107418
0.3095040376
0.6311215281
0.4603976246
0.320895679
0.9470516294
-1.201356611
-1.735938835
0.2071717713
0.3752790535
0.1562800301
-0.04682271164
-1.753579855
-0.03352217153
-0.9953858435
-0.2948802529
-0.2292844245
-0.1699203551
-1.052228105
0.5508598246
-0.7733896703
-0.6545805752
-0.3428940312
1.008160251
1.07711271
0.6859195936
-0.2367591925
-0.07613626849
0.09545687875
0.3520440785
-0.1678268865
0.09084324329
-0.970132944
-1.205208015
1.318314868
-0.8445367217
-0.2740786821
-0.558367411
1.61580455
1.086732647
1.67464965
-0.6700572282
0.159716407
0.8771564454
0.3200063439
-0.07619920857
-0.7425093353
0.5943558127
-0.304649758
-0.4407049879
0.9416068882
-0.07346910834
0.4846765704
-0.3618453279
0.3557671634
-0.4736041129
0.05425321013
1.768665874
-0.896046111
0.009271869529
1.303262541
0.06858636886
-0.05430601351
0.06534474771
-0.2535014701
0.6241482503
0.1093903858
0.8351704776
-0.1737892311
1.101553333
0.9735746264
1.760102719
1.564774013
-0.8827406257
1.781303644
-0.2677892193
-0.836367318
1.728897196
1.051104522
-0.3110086067
-0.4178863779
-0.7886176795
0.2939124399
-0.1892169938
-0.3666534312
0.1844618876
0.1091249106
-0.2846333921
-0.1770234822
0.6191421337
1.586929017
1.178836536
-0.1696299665
-0.05123547222
-0.3777628949
0.6207087785
-0.9523059905
-0.1152091013
-1.290066227
-0.9317773253
-0.7571645528
-0.7133085459
-0.9289221883
0.5237417273
-0.1795630559
0.3586513811
0.8953085884
-0.8913141876
1.001598194
-0.9584412783
-0.04360923264
-0.5753618196
0.4733677812
0.6179166049
-0.3389411189
-0.5300517559
0.789208284
-1.179495829
0.06067134785
0.003976343572
-0.5709595188
-0.2112381611
0.1229510673
0.582957875
-0.6606903419
0.2482011581
-0.1015246939
0.03580744423
-1.019998178
0.8813870683
-0.6631074786
-0.6908677667
-0.2453594213
-1.444606996
-0.6991777137
1.201205376
-0.4747359678
-0.3574357666
-1.576122296
0.2421062855
0.07397188488
-0.271886199
-1.338091552
0.3744801112
0.6033476412
-0.6210828349
1.830955994
-0.8934529707
-0.7838552892
-1.042138523
-0.7533375949
0.05128149707
0.2385477402
-0.7371603161
1.22302773
-0.4039317649
-0.2206838356
-0.2160911251
-0.7447539836
-0.09688594658
-0.1296925884
-0.08450480606
0.896915254
0.01115277745
-0.6320408866
2.838261521
0.3911363229
-0.2447261907
0.06430494916
-0.8979580134
3.206787753
1.296437159
-0.7890597701
1.031960031
-0.5429008931
0.5613698095
-0.7347594947
0.0223136927
-0.8981542289
-0.8976652026
-1.156872809
-0.5643430293
-1.180250973
-0.8872108281
0.09430953274
0.03651909456
-1.120233369
0.06484709485
-0.7066979423
-0.1039353103
0.0566557128
-0.9763542384
-0.6742794156
0.8325581424
1.512617996
-0.6770638883
-0.568610999
0.130579029
0.1710038077
0.5718329512
-0.3308465227
0.7610008657
-0.7699965298
-0.2471690337
-1.452195555
1.656308618
-0.3957284153
0.08834244087
0.2682575434
-0.4129124179
0.6973067984
0.03177436423
0.2145857021
2.011496598
0.09970230572
1.244192415
0.0006330236793
-0.0967849642
1.710671484
1.532240188
-0.4242866889
-0.3930493765
-1.060650891
0.5325300708
0.3534629561
-0.1888262408
1.144552723
0.03734066947
0.1691925945
-0.3393342212
-0.6167084791
-1.089869294
-0.05445863553
0.3443124117
1.539065576
0.4355038561
-0.5079940967
-0.06066277195
0.5973108992
1.40323092
1.006387091
1.249017897
0.0512285186
0.07127043693
-0.8264444619
-0.7277471021
-0.2515083499
-0.1398370605
0.7382878795
-0.9214856505
1.100798976
-0.3469924785
-0.9259637535
0.3010784688
-0.1225715188
-0.2169253942
1.012985957
-0.2031555314
-0.1182442769
0.1417790198
1.010725337
0.3306405552
1.937684888
0.08748255288
1.43523463
-0.7133941352
-0.2014717065
1.145401484
-1.138228726
0.5331262797
-0.739773038
-0.4859405681
-0.444635947
1.78738153
-0.5795553595
-0.569740364
-0.1941175485
-0.850980024
1.407603195
1.063805661
-0.01923313253
-0.2511902465
0.04074573573
-0.5924872085
-0.2832841935
0.1344098857
0.3356139204
2.266954309
0.1686219192
0.1850884268
0.9550361753
-0.9949799746
-0.4640140265
-0.5829085812
-0.6886905774
1.149534383
0.7902521983
0.4368582036
0.1726084298
0.4502928317
-0.09638668718
-0.1178683314
-0.09269026145
-0.8751658514
0.1347493912
-0.7332089394
-0.2556760695
-0.305372557
-1.57453478
-0.7467669249
0.2078885789
-0.9168975681
0.001672000624
-1.229563463
0.3651791781
1.947060132
0.0845405065
1.651469249
1.463911548
-0.6239917219
0.009695279971
-0.7344030216
0.2813139914
1.452461255
-0.1662187621
0.8556695521
0.05665408634
1.059771886
0.6741357058
-0.4063960543
-0.9482328415
-0.9096209645
-0.9649341911
0.5109043628
-1.474186349
1.044722652
0.01816199217
-0.07555999975
1.825188994
0.6884349898
-0.686767979
0.03654864309
0.01499033617
-1.063087761
0.6405874059
-0.2821874935
-0.01867071949
0.8468701527
-0.3463638492
0.6811697245
-1.306027266
1.075591144
-0.08974363431
0.5276393319
-0.1433867298
-1.193686378
-0.5086728722
-0.7669768721
0.1363890254
-0.4586528741
0.4106458072
0.6855672821
-0.8220798835
0.09708452756
0.5630520225
-0.8740875423
-0.6591005221
-0.1600784851
-1.001969221
-1.394381857
-0.9429803967
-0.04283198835
-0.4119052917
-1.315315777
0.2451091193
0.01729722535
0.6360370472
-1.333917189
-0.3689261379
0.0228839241
-0.1502385776
-0.77618756
-0.6695138119
0.9907290399
2.370224106
0.5130468924
-0.3327919215
-0.6148415938
-0.1662099246
-0.6669438928
0.07281695958
-0.02014912842
1.0491483
2.007516491
-0.997501415
1.375330728
0.01340676909
0.8787499607
1.075954303
-0.5811629131
-0.07442690842
-0.1251376676
1.566302502
0.4731026337
-0.982314828
0.2445103092
-0.4551364362
0.5883144699
1.394362134
0.1082688631
-0.08372473642
-0.495398581
-0.4138122194
0.09831188438
-0.3854279563
-1.556821346
0.7333373621
1.233645189
-0.3158450473
0.4965085318
-0.6216000795
2.853787363
-0.2487556547
-0.365841423
-0.3188515091
-0.02827661661
-0.8669378728
-0.01756371595
0.7145567581
-0.04690195546
0.9077894211
1.804591626
-0.6870137274
0.5202632897
1.15241743
-0.4909806825
0.6896159217
-0.2305398373
0.6204803899
1.403559083
2.006202441
0.09234232297
0.135587338
1.107247713
0.9312474608
-0.2624901593
-0.1258479776
0.8994897038
0.4372473044
1.257320929
1.125818923
2.103928322
-0.1836819887
-0.03600981319
0.649655737
-0.1266412613
1.988977528
-0.8974258155
-0.3312440246
0.5828808665
0.4145478982
-0.5703119099
0.2194958932
0.6359243825
-0.1372223425
-0.3393001147
-1.139901957
-0.5703426912
1.324826011
-0.4610746685
0.433217293
0.65000633
-0.2454872582
-0.05220020488
1.254515517
-1.018475717
-0.2604573896
-0.004502436891
0.5850406751
-1.041200438
-0.3247974947
-0.220189188
1.568962061
-0.5096167743
-1.110222778
2.139059514
-0.03032352682
0.8540889904
-0.07557537835
1.52073105
0.9137059718
2.04075107
0.9507259488
-0.5780853339
0.6006718233
-0.09806960952
-0.7096971169
0.3117100161
-0.6596392393
0.222252742
0.2279902852
0.8012215555
0.7761785626
-0.7554560825
0.3131684728
0.4860695019
0.3811313543
0.9197325945
0.1412487991
-0.6785665751
0.50582131
-0.3774586335
0.6466943987
1.057329482
1.152639851
-0.08297120575
-0.06501203412
1.101162085
1.018408373
-0.3142528892
1.784492534
-0.08847123906
0.2430375377
0.3946184814
-0.7199092299
-0.3946916759
1.422840139
1.190788203
0.2388341771
0.5485985562
0.7431383163
1.104333556
0.3721000526
-0.5610420659
1.741465241
1.41768918
-1.360494351
1.314478052
0.1969388865
-0.4968245797
0.5240523905
-0.05887464001
-0.3415122677
-0.588222909
1.893620145
0.6596449871
1.241194129
0.7772247374
1.839166242
1.445385981
3.349414837
1.332395646
1.030394509
0.6090485536
0.8950373173
0.5150316738
2.072561532
2.192961442
-0.4704117164
-0.200731292
2.381918561
-0.2353596203
0.157708696
0.8366761371
-0.07756462281
0.5620315189
1.238382539
0.4815047473
-0.1251509511
-0.9875846326
1.353845048
1.257781386
0.3637437984
0.2871336411
1.263650683
0.6092886567
-0.6002831668
0.8968969539
-0.2313966248
-0.9863543987
0.5852192551
-0.7793682784
-0.08948907489
1.352302453
-0.2647996262
0.2125859104
0.1017597167
0.1873290047
1.012520072
1.730430925
0.7992937818
0.8709250093
1.330437273
2.025450289
0.2565897001
1.173507833
0.6499688372
-0.04173646276
0.9816146523
0.3948490098
1.936696881
1.637995607
0.7671211511
1.101334205
0.8177886769
-0.08337672111
-0.8627612948
2.016990459
0.06927891616
1.36380021
0.2650427788
0.3974642284
1.480384687
0.6096981995
0.170418217
-0.5510853812
-0.4893149458
-0.4278811574
-0.800329724
0.7376852632
1.052503529
0.5124253809
-0.05359597346
-0.07980538541
2.484371513
0.2865832612
2.318553305
0.2478216249
0.8243567213
-0.2793372519
2.174179435
0.5283797484
1.151069319
1.049276283
0.1898480572
-0.05014352426
-0.001196393231
-0.1643607873
0.01531087644
0.5632441014
-0.1001901643
0.1250277337
0.6773106083
-0.2337082573
-1.301853883
-1.231008393
-0.158783973
0.4991132289
0.2376038354
-0.6873253003
0.6250065237
-0.453705325
-0.32270515
-1.141389424
-0.320349551
-0.3538266188
-0.03390570655
0.2598884525
-0.5396375939
1.479737353
-0.6334227517
0.696935302
0.7987365603
0.02225395106
-0.1088197569
-0.5122701705
0.01434157761
1.987992048
-0.02027300391
0.7562427789
-0.6283919454
0.5163758025
1.404515451
0.1930707604
-0.6738826543
1.05322167
-0.5197091397
-0.2275238254
1.637495011
1.401469079
-0.05322641246
-0.08526339773
0.1308345865
1.106068447
0.7113895953
1.199999681
0.6083861649
0.2008021898
1.396505636
0.7634464428
0.6489067614
0.01691553649
1.720282441
1.656220835
0.6178154826
0.4838350073
1.865734196
0.4376943614
-0.3986323796
0.8688759506
2.756390601
0.9339332119
0.318783363
-0.8330513656
0.02053477638
0.2092961615
1.532573044
1.081381151
1.05743434
1.102017546
0.1640032742
-0.9134038061
-0.04220943172
0.6841934327
3.218587726
0.3022263834
0.01251224242
1.567397773
1.525533444
1.093741968
0.6484260276
0.6020789012
1.19282985
-0.03752855584
0.6005590171
1.060413595
2.897922742
0.670002085
0.3426658757
-0.4438207261
2.284678543
0.6829504132
-0.238834339
1.030474958
-0.1193465754
2.162880939
0.05626942646
1.663058066
1.055494821
1.100564474
1.747161883
0.0702746015
0.09036611095
-0.8138103604
-0.4987240864
-0.5957504213
0.6521950826
1.401548755
-0.1415409544
1.38662779
0.3239657223
0.01232720725
0.2477661947
0.6992998227
0.01332328469
0.2568684366
-0.01738213976
1.019586673
1.220341307
0.03326177038
0.4221192783
-0.02274473514
0.3798365451
-0.1167511977
0.1168572668
0.4342909575
1.153993598
0.5203733079
-0.9049675047
0.7434041142
0.3122597329
1.687228036
1.1558146
0.8685088113
0.7074604541
0.1819638716
0.258341006
1.208158749
0.4927580319
-0.9494369268
0.3901204973
0.03458359959
-0.995681569
-0.1149862934
0.8854917422
2.483300525
-0.1438924761
-1.38316251
-0.03216418368
-0.6119660363
0.2880288532
-1.034554157
0.4426895758
-1.021444383
-0.273516525
0.4310501784
-0.5917308122
-0.1045789255
1.113049665
-0.8057833761
0.9724375367
0.523784285
-0.1663542837
0.08203339353
-0.06338342838
-0.2371882876
0.04909312546
-1.140030304
0.3808012955
-0.1828497658
-0.3846594602
1.364584899
-0.4048487946
-0.5282990575
-1.039677668
0.263372186
-0.08087821538
0.7677561328
0.2425622579
-0.243597291
0.8272798777
0.009591308725
-0.1892909881
0.07209890531
0.4062983036
-0.7485912532
-0.3494354583
-0.7965812117
0.7498702601
0.3598048033
-0.5691601634
-0.3828070074
1.698258454
-0.01100363396
-0.4025380559
-0.3464298837
1.394230369
-0.9831689954
1.773464477
1.364393494
0.2165907034
0.5158802979
0.1068067921
0.5436256863
-0.2344479397
-0.2624666698
-0.4738263994
-0.2794951111
-0.1817903696
0.6610552967
1.416762486
1.051558244
0.7839493811
-0.4731051207
1.560538018
0.6874340251
1.778062558
-0.6638811886
0.01610318702
1.187887976
-0.09969912237
-1.252347857
0.6852777302
0.674051667
0.1098966244
-0.6526090071
-1.105478343
-0.7174349785
0.01840807423
0.1760593908
-0.245662557
0.4790688556
0.5783204891
0.5868086185
0.9111127257
0.8025125563
0.5320618822
1.219799951
0.4057487663
1.11316188
-0.02762851948
0.8883866191
0.408440173
1.405531347
-1.084139296
-0.6946048468
0.07367687044
-0.550341472
-0.2792185694
0.4230129633
-0.8090577304
0.4366977016
-0.1090631723
1.566979095
-0.7827495635
-0.1062334186
1.389658904
-0.1441975391
1.462236461
-0.3682733983
0.1829959542
-0.2458996009
-0.6378765181
-0.4417474136
-0.510640426
-0.1794979556
0.2374039067
1.346664661
0.8357756943
-0.04057746921
0.8903363436
2.013658965
-0.3548171617
0.7601874933
0.02597977435
0.534599277
-0.09227928389
1.457550198
1.134935975
0.7714180961
2.344960147
-0.1303720962
-0.2181572847
-0.4552199543
0.5756467395
0.6101877093
0.01291211471
-1.095910747
0.003374892753
1.199731141
-0.8640108824
-0.8827227056
-0.008154958859
0.7230599925
0.3270168619
0.3875739813
0.001128400583
0.02974812228
-0.1802768404
0.2191096729
0.6171690527
-0.9706578106
-0.23689995
0.7482090786
0.768950519
0.4512742788
1.906735224
1.814726788
-0.5542641059
-0.602005817
-1.035414603
0.9897307307
-0.6503074519
-0.8179407716
1.293405575
0.027893352
-1.507985485
-0.2781898674
-0.9387403607
-0.2898671061
1.682356644
-0.2650948845
-0.3644129165
-0.2018081817
-0.3634747133
-0.699446404
-0.6187791497
0.8373646975
0.948926267
-0.220702577
1.768571633
-0.8278833449
0.7918720961
-0.5259524278
-1.025490353
-0.2118079118
0.2206262615
0.1637709101
-0.7417704105
-0.4005853802
0.1431703854
1.847892469
0.3333811045
-1.069064164
-0.5334588667
-0.8504463583
-1.194482577
-0.7123520941
-1.164449209
-0.6363120884
0.2700701235
2.701962507
0.02751548421
1.223799756
0.01613169573
0.1131024877
2.315698469
-0.8424528122
0.7610029399
-0.7184967846
1.618085176
1.984328562
-0.1456287472
-0.2081902523
1.128119782
0.4309125438
-0.09531296452
0.0940438522
0.8368622124
0.6455701396
-0.1247998711
-0.826117608
0.08527828809
0.4283127848
1.12067861
0.1943831086
1.357088089
-0.1817666817
0.4339838445
0.547831957
0.9351286262
-0.08509272393
-0.07326625418
0.07594324015
0.3081444576
0.1192475209
1.816461468
1.842707616
1.027291939
-0.3864994533
0.139110281
-0.07176752104
0.1310067074
0.9024758935
1.021813467
-0.0215493232
0.3281588312
-0.2638800437
-0.03611837327
1.800977278
1.944746906
0.9871296108
0.04105452066
0.3404016534
0.6785344347
-0.6310794875
1.202019617
0.4058131855
0.8786740571
1.062244648
0.8507991478
1.279735097
1.989318573
2.301926196
0.8202492699
-0.08972915532
1.113218966
0.2458359316
0.1268557515
-0.3453787759
1.263343656
1.320983902
2.126851821
-0.09787297305
1.552296835
-0.2676169621
0.2827020716
-0.2462001309
-0.06759094689
0.7338185966
-0.8624236107
1.519819051
0.1979523616
0.1044240449
-0.5211789504
-1.082181826
0.4432124086
0.04992618822
-0.1799309967
-0.3530887727
0.634052074
1.000108287
0.6700870886
0.6471025825
1.124034294
0.3352811288
1.175705314
0.6919544406
0.5694037698
3.082634234
0.7900062069
-0.2949299917
-0.09510315694
2.13557598
-0.8537846208
-0.4935165256
-0.6391325265
0.2104384516
0.5674204573
1.000592223
0.2118321525
0.9056333542
-0.09068745188
0.1899703674
0.4928751558
-0.1430782024
1.901603907
1.37253235
0.7698451146
0.4104046114
-0.2917786278
1.058970624
1.304675573
1.021011779
0.05832614964
0.3427328672
-0.4648095306
0.530116055
-0.1319580983
0.9828851253
-0.7385448933
-0.2414925504
0.9766194612
-0.08020560779
0.007036132738
1.81619429
0.5509788394
1.186184657
1.294906771
2.023213184
0.3907878768
1.499308547
-0.297630739
2.059942502
-0.3166797295
-0.5547137171
0.09020897057
0.8304275304
0.9823850811
0.9120354682
0.6602140211
-0.7994640172
-1.029520068
-0.5901860282
0.04324802011
1.882988769
-0.01155650439
0.634989953
-0.1714986462
1.710967827
-1.084384936
0.3498921499
0.02754688347
0.7653505221
0.06773435213
0.3273123383
0.5474500373
-0.3863188989
-0.1147849368
0.7748790562
0.2300532501
1.587124342
-0.3545101978
0.6092356622
-0.4634333886
0.8277577281
1.353670311
0.2871576529
-0.3343696546
-0.5304604232
-0.3946128469
1.763320756
-0.5289482929
2.480358809
2.252221894
1.137513292
2.463429618
1.427689928
1.859314674
1.202515405
0.8414262146
-0.1889908794
-0.8880002514
-0.03347620135
-0.1170141735
0.2315481752
-0.9416095048
1.607898158
-0.5989865229
0.2490768208
1.067263791
-0.04316339325
0.3959370601
-0.211482806
0.005113210855
-0.3924489215
-0.7721576154
-0.1523473744
0.2814350971
1.022827291
0.04375399984
-0.4263940699
1.377166304
0.5788991462
2.912438571
-0.2474311423
1.002915314
1.245456317
0.7732424855
1.82358557
-0.1796405286
-0.5599870212
0.5385018855
-0.8911487237
1.031729919
1.862543684
0.5733277649
0.4690909542
0.8161332324
0.5829456866
-0.5951372057
-0.824422732
0.01174773611
-0.4081196263
0.1537176891
0.2665147781
-1.006773305
-0.1542069392
0.5408913251
-0.5776224703
-0.2335724004
0.567375049
0.6511071563
0.1484045134
0.2854926526
-0.2687590141
1.202920946
-0.499197194
-0.7384002745
1.337922502
-1.137271339
0.9598085284
-0.04382365495
-0.7843166322
-0.3012180232
0.71605106
-0.3428534812
-0.4659196645
0.2105558798
-0.0482725882
0.08477561986
-0.1026599651
0.915811789
-0.2039680673
-1.123474836
0.1323080669
0.09039793815
1.352684143
0.9926870853
-0.0904412536
0.6654675782
-0.8632199824
0.9417883098
0.3425130247
1.315838978
1.731114691
-0.4422180206
0.3441683792
0.2929073505
-0.9643870205
-0.4750971124
-0.9632913649
2.118100339
0.0587176186
0.03076113039
-0.5242532253
0.7755795121
-0.6387145847
-0.04364893083
-0.1581385485
-0.7309415758
0.200763544
0.3079475846
-0.08256893568
-0.8030128777
0.9932701558
0.347193709
-0.43769719
-0.6748717785
0.2025533618
-0.4024919542
0.8339936465
0.8096951246
0.594412943
0.1762168566
-0.6904044718
1.136195666
-0.1485803302
1.641933009
-1.121381453
-1.480518717
-0.938484177
-0.3374508597
0.09165771306
0.4038163967
0.1200272088
0.7587919205
-0.6842207849
-0.6611266524
-0.5334923387
-1.248427194
0.03101855265
0.1267510119
-0.4401907757
-0.0860644361
-0.4664828673
-0.7288902521
-0.5097953454
-0.3214660134
0.315520053
0.2839553644
-0.1016904837
-0.2661340961
-0.2488898249
-0.5749865606
0.2609359104
-1.054004341
-0.2208232669
1.280208689
1.636539346
1.155979973
-0.1970828027
-0.2812564528
-0.8463861585
-0.4017641015
-0.8709745646
-0.1849558016
-0.1616713883
1.29700886
0.08434624651
0.3149375621
0.2950236326
0.03595151263
-0.8697093368
0.06633403366
-0.3269751489
1.397371668
-0.1190904744
0.343164972
-0.6525617346
0.119452248
0.2594507293
-0.7718137085
2.130027974
0.2565717481
-0.1729129706
-0.5992730737
0.3909219019
1.496615586
1.05513905
-0.3182927117
0.1979404454
-0.1181177204
1.158140376
-0.328701406
-0.5384568818
0.7081923828
0.444489903
0.3186184806
0.5395868704
0.05548349964
0.4840767026
-0.02337398375
0.4640634052
1.060483527
-0.4059474722
-0.6817735046
1.056402257
-0.8816673458
0.9747131705
-0.392916923
0.7296198621
0.4453663379
-0.387201418
0.1905212518
-0.2396483663
-0.3714115739
0.04087767047
-0.5556373373
-0.08794900272
0.05754080154
-0.4854724392
0.5455521151
-0.5255519494
-0.2200331021
0.3723937992
1.359017012
0.1746984976
-0.6499715954
-0.4259252943
0.1049876553
-0.2390130714
2.109165674
0.7675334081
-0.1745027091
0.9284481049
0.7723248258
0.756260626
0.4235448495
-0.4065173835
-0.8105057806
0.4124256514
0.07524703871
0.1884127595
1.576866761
0.2133306049
-0.2892368907
-0.5552995622
-0.7018914834
0.6720446587
-0.3911556359
1.409328222
1.85027979
-0.7498582512
0.01179739311
-0.1780450214
-0.9727428645
-1.18541711
0.04107132545
-0.07953818794
-0.9578538686
-0.2301107338
0.4467339359
0.6465741545
0.4472829126
0.1155585891
-0.5278985426
-0.6376926541
-1.454742306
0.379774861
-0.8594366193
0.2602823205
-0.9341484338
0.2198170887
0.4381857431
0.5199852273
-0.3748718046
-0.04074365925
0.6172241807
-1.265796506
1.237982756
0.1749201273
0.4767339319
-0.8605490237
-0.05188521668
0.9452026695
0.3662541354
-0.7431137189
-0.03965463378
-0.3101144375
-0.1424915032
0.2608130403
-0.6569941565
0.1329301491
-0.2181004643
-1.071302727
1.916887325
-0.7507225156
0.2192676352
1.195629713
0.8994233131
-1.354474175
1.058758122
-0.5703334272
-0.02183403317
-0.1681870954
0.3512772262
-0.798045519
0.3380423508
-0.7321347922
-1.773623127
-1.308804852
-0.3559445325
-0.2270921851
-0.666185908
-1.475289291
-0.4303605281
-0.1629355178
0.2852949321
-1.226035041
0.2798573941
0.4680751618
0.3993821379
0.2769322451
1.441208267
-0.936417821
1.088835421
0.6133895516
0.5293993354
-0.3900798384
1.793600368
0.05264552366
-0.406581565
1.332952014
1.643346506
2.433545846
1.338294449
2.329464597
-0.3467668109
1.963843644
-0.3493889816
-0.04561796477
1.249672222
-0.1926927458
-0.09706519735
0.007353301998
-0.2358101383
-1.045812786
0.1128474021
0.1418494004
-0.8168404371
0.616514837
-0.1201390978
-0.6560195193
0.7738108128
-0.5312004939
0.1380577636
-0.3504449286
0.07836758755
-0.8282704085
0.03546519796
-0.8875969678
-0.412572927
0.943270044
-0.270621524
-0.04214343277
-0.1598041691
0.2027513515
1.119794506
0.2225271149
0.4907926023
-0.1710470224
-0.1349000638
0.2333432063
0.4850479066
-0.651893793
-0.9334022015
-0.7411675096
-1.1471214
0.4471873805
0.6470966384
-0.1624309462
3.243222189
-0.5491002977
0.6825840205
0.5339878872
0.6690403618
-0.4792034522
-0.4217616454
1.12786406
-0.6602198631
1.157318658
-0.7109549791
-0.447194761
-0.3537182234
0.9099548671
-0.8730024189
-0.01213924224
-1.749442834
0.7148693472
0.5596774533
0.5169634312
-0.9248345882
0.0109906028
1.045201781
-0.7509975523
-0.4897507742
-0.6332774878
0.0103177987
-0.08583575618
-0.5022154942
-0.5497185007
-1.406353629
1.218551439
0.01997121908
-0.1693448072
0.7745653555
-1.461537999
-0.4995607644
1.117273679
0.2738483381
-0.6023361757
0.7811418712
-1.361171973
-0.02483148733
-0.1630889297
-0.4399617076
-0.05036434839
-1.027681214
-0.5346875191
0.2207996089
-1.149044549
-0.3914057307
-0.78410092
-0.8548749357
-0.4452797264
-1.678555673
-0.5816433579
1.220484146
-0.2352144811
-0.5434368148
-0.91156497
-0.1552000713
-0.819029367
0.01564253224
-0.9414827436
0.07610803582
-0.2265896082
0.488342239
-0.4785798639
-0.2865323711
-0.1525115564
-0.5800434455
0.1693169627
0.1745578159
-0.1564541593
-0.5782310262
-0.917106542
-1.178964573
-0.6026037291
-0.4829436876
-0.424237581
0.7653924197
-1.100487754
-0.8930403054
-0.6151640177
-0.5503256813
-1.049593875
-1.127071619
-0.3026892513
0.03027387187
-0.6373020247
0.6225670643
-0.6158629745
-0.3454155385
0.9104712918
-0.7117831886
-0.6962340921
-0.5518260956
-0.803048116
0.4481173334
-1.063373378
-0.8245485514
0.00939994026
-0.4408314854
-0.03288481659
0.1693921948
-0.3613389097
-0.3304115489
-0.3232463397
-0.2463140309
-0.4942895643
0.6529518664
-0.2638264511
-0.2648735385
-0.3082667843
-0.1783695469
1.309699914
-0.8303984046
2.012280959
1.095770118
1.053205526
-0.2550086934
-0.3947668441
0.2594281949
0.316489253
-0.8676255152
-0.1673486986
-0.3148353294
0.6261475726
-1.449273032
0.5996027559
-0.115141182
0.6743439503
-0.5573104829
-0.3661322914
-0.6785852596
-0.3166950233
-0.7017207116
0.6876385987
1.442172554
-0.4304017395
-1.001978835
0.4101526741
-0.5404309601
-0.1484379934
-0.1698703464
-0.5564529479
0.3108356789
-0.8152162015
-0.8544650406
-0.1636023095
1.676952583
0.1649208438
0.1937874759
0.7091240078
1.051987058
-0.545590809
0.2710366014
-0.4366315804
0.1397442485
-0.09107628521
1.15916211
-0.5307531253
-0.154502408
-0.3363134257
0.06216375465
1.507029676
0.1789373901
-0.3757896401
0.2447409291
0.1366463235
2.517250705
-0.1447151745
1.339660156
0.7860705048
0.8926480621
0.1477839675
0.9055234969
-0.0350556856
0.4755179398
0.7166644737
-0.343756759
-0.4423036981
1.899852395
0.711901632
0.4088977937
1.12798565
0.03782501519
0.1409620216
-0.1963702608
0.5390192658
2.642479485
-5.634864792e-05
-0.2449709877
-0.5276036769
1.986653513
-0.2506629385
-0.264607555
-0.2294334188
0.6782645851
0.3092057128
0.7641891755
-0.7288349628
0.2080877502
0.5150403582
0.09244407187
-0.2240429647
-0.471881932
0.7238124905
1.142112267
-0.03217628747
1.445953235
-0.7721539438
-0.1741135928
-0.9295445859
-1.194058895
0.5290013731
0.4399848245
0.1934668414
-0.161487463
0.2836680199
-0.6374236882
-0.09419951974
-0.8619491607
-0.01618928593
0.1818544697
0.8681205854
1.51388697
-0.2261251356
-0.5789890409
0.2104973149
0.3033874521
0.10789324
1.413242906
-0.06434636712
0.9352508083
-0.3527460318
-0.6850470722
-0.5103726998
-0.1217810974
-0.211384891
0.6785993323
0.6166878454
1.20892241
1.108632132
-0.1813532654
-0.976593703
0.5224563308
0.4387334138
1.220044994
-0.3990082577
0.5232462376
-1.53126362
-0.1463448789
-0.7183203012
1.124423525
-0.2149759389
1.181405714
-0.2190260954
0.7069416732
0.5259699054
1.110693455
-0.6402626395
2.08416028
-0.4482073598
0.5316989522
-0.368942605
0.5579849184
-0.09055385892
-0.02076501427
1.601787052
-0.981294325
-0.361256627
-0.5536186934
0.5350981727
-0.3149833806
0.7682732791
-0.2167405868
1.198768359
0.4436472602
0.7611389592
1.281397983
1.283817711
-0.4321028888
0.04612824367
1.541336256
0.5728775725
1.410929656
1.800471914
1.641094297
2.035490197
1.427779382
1.357668537
-0.3085841808
0.5317844221
1.167226887
-0.3190174729
-0.5032807767
0.228487217
-0.4578246325
-0.7763543203
-0.1595675921
-0.02991388701
0.6363715403
0.1252193775
-0.3603773188
0.1584283056
0.1843341561
0.1408973468
1.312633941
0.9359829783
0.4271889795
0.3669136442
0.9530121922
0.8741629705
0.433598239
1.164067
1.235533327
0.04522175658
0.4383040745
0.5672766514
0.07284887265
-0.08607492978
0.2141438502
0.9721460909
0.2449425697
0.2628531657
0.0129447219
-0.05269875941
-0.1181084096
1.325440696
1.029369557
-0.2143600767
-0.05565279257
-0.1404451787
1.302639377
-0.1015123105
-0.3010802733
-0.4020833535
-0.004903603485
-0.5611824915
-0.2561204817
-0.08621771634
1.547542584
-0.92843813
0.2766192533
0.01334975604
1.710516053
-0.02002506764
-0.1650268525
-0.2999039918
0.3137212188
-0.02043671235
0.2850627262
1.827901942
-0.4790467069
-0.495874463
-0.492065613
-0.04379589539
-1.319054955
0.4580969967
0.1538154571
0.8382327199
1.043601584
1.765493256
0.139973885
1.956593448
-0.2611358449
2.534712446
-0.2563223027
0.6061010182
0.9160835952
0.6057524331
-0.6301977232
1.430501199
0.0319227539
-0.421861735
0.607034035
-0.02975704609
1.061635351
0.5270688139
-0.1506816408
0.801639393
1.076474716
-0.1739548873
0.3655671597
-1.45650835
0.08204775462
0.0256586615
0.1476360509
-0.4638982147
-0.5991197422
-0.1165122779
-0.5934421942
-0.5847393364
0.5410531469
-0.9015883207
-1.095623523
-0.4285706773
0.1731460775
-1.378957903
-1.155229637
-0.3224415432
-0.4601234093
-0.1195331786
1.730262941
0.9725855976
1.542696416
1.297549188
0.7470849693
0.1691035623
1.094037703
0.7258622661
0.7599652529
1.28525255
0.8435394377
-0.2527003024
1.732714301
-0.3157916605
1.180497983
1.246944049
-1.01301651
0.04134976547
-0.6201079667
-0.8080639005
-0.7721902937
0.1151765113
-0.1536759285
0.1318572646
-0.4145794548
-0.02388187991
-0.4611386184
-0.3542227842
-1.017164028
-1.397561181
0.6194660127
1.313237372
-1.022714502
-1.25360947
-1.540527403
-0.1187989587
0.07780673439
0.3610070651
-1.337818128
-1.249195421
-1.024862686
-0.6449672058
0.2345775394
-0.8608990341
-0.427175279
-0.5470355414
-0.02635000292
0.8441520378
-0.6505382419
-0.05941488435
-0.00935154967
1.527128837
0.3535644771
0.2006447701
0.00582854338
0.1513007877
1.055270305
1.191674787
-0.3225017622
-0.09673752775
0.1469332725
0.8989680007
-0.2793049745
0.8935518384
0.8452442557
-0.08133981433
-0.6813706532
0.764920707
0.3803682107
1.118937443
-0.6156751305
0.1722003181
0.4992483117
1.1334575
-0.1144676949
0.1102476397
1.220830178
1.946102101
-0.9966425568
-0.6259406283
1.006033415
1.024892938
1.414937109
0.9831564143
0.8129753634
1.537537926
-0.04558097087
1.434904513
2.497931606
0.2429797951
-0.3553458519
0.756039954
0.9761293173
0.00500020748
-0.3015962403
-0.2429769933
0.5683097668
0.1785635222
-1.749827218
0.1959549727
0.1225687739
0.6171437256
-0.4246889383
2.289053577
-0.07590121161
0.2512986901
-0.184863987
0.1053854995
-0.9662854999
0.01283483612
-0.1134146549
1.166478387
-0.5141171053
-1.217027038
-0.0943425688
0.1248278583
-0.5041369379
-0.09428734705
1.019175544
-0.185449541
1.664590043
0.5421170019
0.6324386761
0.3507669596
0.2899694044
-0.0184385173
0.03692590632
-0.07567699896
-0.2967479534
-1.491970122
-0.1473481098
-0.2853732296
0.08380624568
0.461127221
2.040879416
0.142359373
-0.3373983119
-0.1778035183
0.7148233365
-0.3773499236
1.37853868
-1.323125803
-0.4563489199
0.6758511811
-0.8572594702
1.882397997
-0.1547308527
-0.7109935671
2.031932563
-0.701279518
1.29670229
-0.3910703838
0.6928575568
-0.7691916734
-0.4639746852
0.2706541797
0.2227063304
-0.5194675133
0.6467474446
-0.6376264349
-0.1295990434
-0.03514788412
0.871462217
1.823551071
-0.6232821122
-0.686492762
-1.344165021
-0.5791998386
0.5283812143
-0.8532347858
-0.3363044739
0.2324316228
0.1239610625
0.5050074801
1.55509823
-0.1509480996
-0.4255849436
1.528659642
-0.7660766065
0.1094385131
0.1299867954
0.3045888186
-0.4967873231
-0.4105480626
0.4380408384
-0.1819120722
-1.034355903
-0.6744272619
0.3134466365
1.066057298
-0.7539604366
0.4663097829
-1.020700741
0.925696186
1.113430354
-0.2703980476
0.2328797915
-0.2269793987
0.04642626178
-0.6929822817
3.223060846
0.4420764612
-0.9540145755
-1.542915237
0.05994679839
-0.3615401626
0.7420509681
1.418041801
0.04531220482
-1.075328684
-0.4666356184
-1.482391632
-0.1004534317
-0.2024498232
-0.4830056041
1.104527789
1.058981112
0.02439899449
-0.8030259997
2.049320251
-0.2681497332
1.017135439
0.2184890605
0.160548367
-0.3764888003
-0.1978266794
-0.6164112389
1.113809171
-1.121446422
0.743868652
-1.422963309
0.377066499
-0.4105625473
-0.5741421148
-0.8924671888
1.285088128
0.05420040125
0.5602118358
-0.9569151461
-0.2793558007
-0.4601457119
1.465048903
0.03545977827
-0.5887764841
2.049390054
0.8259925529
2.248891032
2.889055824
-0.2073238168
0.6134834126
1.510832125
-0.1645843484
-0.6031942919
-0.5376625955
-0.7553591669
-0.1114240777
0.5655043542
0.730181662
-0.1320274379
-0.2317703839
0.04319419353
-0.5929029688
-0.5766270995
-0.3603279345
1.472720045
1.144781619
-0.1088686835
-0.37288443
0.1208476969
0.7080254555
0.2830954019
0.7253133684
-0.1287862334
0.6958684176
-0.1398740909
-1.080520844
0.06985573918
-1.043579909
0.6186423138
-0.2560713919
-0.1016454875
0.511332446
-0.2797881797
-0.1620755022
-0.7592213318
-0.7918378979
0.7686916716
0.223479287
-0.7137751281
0.06881722175
1.163535878
0.12615292
1.27795811
0.4054339077
2.2473557
0.3754073247
0.4329827379
-0.08813102618
0.0873153361
-0.2827386199
-0.2548933856
-0.7208510324
-0.9765410155
-0.4853847504
0.1308172604
-0.07003715504
0.4866589423
-0.1488308599
0.9276869029
0.3770844951
-1.461767036
-0.8209092915
-0.5395485133
0.1431135726
-0.1784144737
-0.1960176667
-0.442747581
-1.461139429
-0.5614389181
1.898649842
-0.2071174219
0.4881149665
-0.9788970351
-0.2734710261
-0.9985766828
-0.9616466641
-0.9788436204
-0.5475202277
0.2983164657
-0.2251706086
-1.268479007
0.3833881836
1.379720569
-0.09474947331
0.8478050351
-0.8778232813
-0.8849052072
0.2443078074
1.206744522
-0.1595689874
-0.4703038126
1.218713096
0.3253029712
-0.5151488915
-0.8034392893
1.127704728
0.2360179069
-0.6680585578
-0.1044893157
0.3176853364
-0.295479057
-1.364411193
0.5383341499
0.5196001388
-1.329277784
-0.01901804172
-0.2275988601
-0.7431256473
-1.045933676
-0.3519875862
-1.082680988
-1.002934748
-0.04677439868
-0.129074809
-1.022969931
-0.4177493393
-0.679543522
-0.6247928947
-1.286115861
-0.08741623834
-1.224299014
-0.6978988439
-0.2797181042
-0.1828896582
0.471427872
0.0657724302
-0.8953226477
0.1949997455
0.3354865329
0.7959789455
2.378687835
-0.5518815503
1.315235913
-0.2525882546
-0.5959224001
-0.8015070558
-0.4586726159
-0.3939447843
-0.3086834941
0.2642592883
-1.737307906
0.1152304696
-0.1602333145
0.3190849302
-0.7651949227
-0.4318916708
-0.193388195
-0.033781147
-0.8609134585
0.05460776705
0.2674701151
0.9827357143
0.4845107369
-0.4640060946
-0.8732150435
1.853582954
-0.1083453519
0.2263623168
1.975483984
-1.189170909
-0.07822439885
-0.07088821055
0.6373739585
0.8622823179
-0.4098222747
0.07220877521
-0.5095348656
0.1206775592
0.7182060182
1.272260657
0.7900513522
0.2401845932
0.1849580683
0.3643334188
0.2472917337
2.086434174
0.3052494973
1.55739221
0.7408088893
0.0004190923646
-1.22930932
0.9095490187
-0.6270710468
0.6768334255
1.117324054
-0.0835915755
0.1495676529
0.8472360566
0.1819091137
0.3101198729
0.4648881861
-0.4502423853
-0.842146191
-0.1582525887
0.8046553493
1.678715667
0.4784876391
1.828970653
-0.1553798834
1.699426919
-0.2007439062
-0.1615324344
1.464235738
2.567009634
3.016041017
1.245534253
-0.4703049839
-0.6356840581
-0.08790124226
-0.2620341178
0.5008532643
0.7956947461
1.417476413
-0.2329768086
0.8973166689
0.1824158976
-1.092106789
-0.5211440295
0.9461441413
0.1467394507
-0.4441697132
-0.3889644757
-0.4831892721
-0.4385180764
-0.05627905044
-0.2809636818
-1.216910997
0.1487723894
-0.9024703592
0.5760009386
-0.1478085952
1.014389291
-0.2635780767
0.1697467312
-0.613952513
-0.4991192639
0.005332267471
0.6395603403
-0.09458022972
-0.09318201598
0.1374695265
1.338967797
-0.2465235118
0.4802697912
1.032968543
-0.1511952566
-1.377554131
-0.3151172213
0.7141840398
-0.1738950821
0.2477116084
-0.1276141919
0.5046986975
-1.221295741
0.8430456221
1.122809291
0.3272444811
0.2828481391
0.1292300452
1.4580823
-1.030437708
1.327801365
-0.9013459146
-1.195467111
1.901552725
0.1064431458
-0.655688487
1.852374399
-0.7429600697
1.641591698
0.4900005149
0.08404670926
-1.402027979
0.3083060361
0.4840689003
-0.2172264207
1.102179354
1.813783288
-0.2342375863
1.984299386
0.1341010351
0.05513983266
0.713962093
2.743284923
0.373312019
0.2095339457
0.725918813
1.220371613
0.5764798354
1.577459419
-0.05847792961
1.451884148
-0.773924236
1.055898941
-0.2593497239
-0.1923013411
-0.8576746136
0.3764014
-0.6939426914
1.226170385
-0.4324027538
0.6158180833
0.7301652282
0.7880564079
-0.5903211206
0.6849157706
-0.1169803106
-0.5076375298
-0.5563144654
0.7683924347
1.565551302
0.3878479488
1.194721273
0.6289476737
0.08151576361
1.908018285
-0.02026954894
0.7324523062
-0.2866781332
0.736508885
2.207935101
0.04847727418
0.7545428127
0.3448726241
-0.08377013765
-0.3808218308
1.182443824
-0.04151329673
0.7034799449
0.08493602476
-0.181830221
0.9868826151
-0.4418082099
0.7462760672
-0.6761290237
-0.8483951807
-0.8362315059
-0.6865487903
-0.1068981575
0.5059608921
-0.8234362781
0.2280132687
0.8737503678
-0.03309699781
0.1818012923
0.01909842249
0.6491233706
0.2291564386
1.563886851
-0.5223862007
0.174117704
0.5847790733
0.1199752251
-0.4861987978
-0.4638044491
1.730376756
-1.132781133
-0.8748048425
-0.02067919192
0.8718775451
2.046973795
0.03443324454
0.2769310236
-0.937174511
-0.5891990289
-0.4857513011
-0.1025187328
0.02480832525
-0.4780322775
0.393634554
-0.07629771922
0.3846927062
0.4961702451
-0.8953698039
-0.7971480519
-0.1049452517
0.35746898
-0.4314988673
-0.1186220581
-0.1569612822
1.073032078
-0.9947784483
-1.037744805
-1.042848167
-0.3410546571
-1.261725765
0.7000711933
-0.07224790659
-0.2052288201
-1.226723817
-0.2222051578
1.098968118
0.05749554345
0.2646731962
-0.4683532052
-0.2604725263
-1.102014229
0.5988776337
1.282752448
1.590352148
-0.7788798511
-0.7523362726
-0.451907225
-0.5483782321
0.3097656633
-1.024949893
-0.4015691645
0.05900443727
-1.024155712
0.1226769237
0.4625536842
0.1139427748
-1.272475624
1.826276648
0.9846571803
-0.08412858639
-0.9491468877
-0.3568860833
-0.1385249874
-0.4229161067
-1.276602668
-0.7646213785
-0.5195144504
-0.6261592209
-0.2486915831
-0.5767923281
-0.05945127252
-0.8827543676
1.403094208
-1.020619434
-0.4760116264
1.720900631
1.41514076
-0.5037060052
-0.2316906504
2.541148466
-0.746037963
0.4769661166
-0.002307794243
-0.8901220292
1.450778812
-0.2506475765
-0.7117967427
0.6005212232
-0.4342760004
0.007942941599
-0.2703063081
-0.9231712759
-1.209174755
0.5778533213
-0.348008842
-0.3266194969
0.1375000548
-0.2285292253
-0.3313491553
0.1513940604
0.4097342215
-0.4503287844
0.79770803
-0.2517493106
0.1576063571
-0.1862892563
-1.139975771
-0.2520996291
0.07862820784
0.8331425846
0.4497307882
-0.09345984419
-0.1592293145
-0.8087889165
-1.032420003
0.4242138632
1.061681545
0.3182211801
0.1435087005
0.05045900135
0.561893158
0.449903825
1.860047549
-0.06275625508
-1.27973069
-0.7144297779
-1.214819899
-1.260088709
-0.7194018841
0.3127170086
0.1782456721
2.355566484
0.471694728
-0.3448879518
0.06900001848
-0.5138113663
1.110978244
1.436069405
-0.7311479241
-0.2249237208
-0.8520259678
-1.465166992
-0.4701597914
0.09028340322
-0.4960879177
0.6052383073
-0.113111268
-0.1621266334
0.1994461974
-0.3749012284
-0.6643553495
0.469904305
-0.1221340481
1.488089871
0.1119406179
-0.555352211
0.7094346419
0.1075771831
-0.5518059388
-0.8503902763
-0.3768781886
0.1404816784
-0.1345304623
0.006980534084
-0.9397624284
-0.02521228325
0.01199409971
-0.1508014092
1.899973065
-0.1562071038
-0.5713085607
-1.360367632
-0.9334393203
-0.7799086928
-0.9682396799
0.1402177465
0.5155470125
-0.7716778308
-1.400469977
-0.8409960508
0.50386425
-0.3594704002
-1.152537462
-1.410533208
-0.6308900386
-0.061211963
-0.7006394476
0.7405259699
-0.05495158238
-0.7893399179
-0.325968663
-0.7589455664
-0.4931262359
0.179375653
-0.1461634085
0.02518522902
-0.07622470763
-0.2623633131
0.003340519592
-0.1393404823
0.8571757913
0.3070278279
0.939560461
-0.3895703949
-0.9532311141
-0.3594636828
-1.970625681
-0.6986896038
-1.085530585
-0.2078723893
-0.7824779212
-0.4631641548
-0.7218610525
-0.3418005705
-0.6734679341
0.3614291519
0.1718210666
0.4710539438
-0.671969831
-0.1604262793
0.3567886241
-1.057332423
0.5344935298
0.5669518366
0.7949512869
0.5766393296
-0.712038976
-0.7773525879
0.823513931
1.463775527
0.166432573
-0.8221302584
0.7629515067
-0.503132394
0.4374654464
-0.8808004797
-0.2556732297
-1.02100071
-0.19539286
-0.5931044072
-0.4838958368
0.1299915563
-0.1512476442
-0.6377912477
1.349363422
-0.7620543852
0.03947851397
-0.8894881517
-0.1754991125
-0.7983749509
0.01413848326
-0.2209009393
-0.2106899444
-0.8740294427
-0.6235882878
-0.4760268942
0.6027581327
0.5043884844
1.009603015
0.8505890369
0.163751022
-0.7851200372
-0.2693656206
-0.0810182564
-0.2840564162
2.687784147
-0.5049018785
0.5467556261
0.6013080403
0.7027388275
0.3978937279
-0.516039598
0.1953775598
-0.2891803205
-0.3863649331
0.07746771555
-0.3934079252
-0.1737153841
-0.7920652688
-1.339251423
-0.486517109
-1.266383171
1.026608598
-0.7475503743
-0.2764523547
1.483615413
-1.1006378
-0.8063281119
-0.1477878477
2.188532948
-0.8303238302
-1.06399371
-0.7354301453
-0.7451201051
0.9366478056
-0.0001426946372
-0.3364203282
-0.9490269572
0.1544917602
0.2817870976
0.1334858882
-1.155216816
-0.8949087709
-0.1477233427
0.7603093892
-0.3219391569
-0.2575272251
-1.119948652
0.04913263489
0.2462797539
-0.6954819024
-1.338806373
0.519188796
-0.7530182511
-1.219101065
0.6200238943
-1.503070915
-0.05516500389
0.5298428275
-1.188852242
-0.3189421028
-1.233489478
-1.002399537
-1.02465727
-0.6717755735
-0.1728818266
1.252892953
-0.4445825584
-0.2031321776
-0.1744776919
0.1709568741
0.8691351533
0.2037280052
-0.3587586954
-0.5286201835
0.2272891015
-0.1057971217
0.04230395434
-1.354075927
1.376924855
-0.05678627277
0.4953167692
-0.6693512082
-0.1726444583
-0.01541690761
-1.17407698
-0.603427048
0.4001337204
-0.1901095632
-0.4276297275
2.405697817
-0.02959996685
-0.8990922987
-0.3716435328
-1.550476789
-1.300494605
-0.1494712915
-0.6181394473
-1.255839935
-0.9487668574
-0.5582076728
1.392393368
-0.1544383341
-0.3581330195
-0.3188706167
0.2507761532
-0.7349540591
-0.00604036143
-0.8838099539
-0.3366758062
-1.094017351
1.235435238
-0.3006772362
-1.33703891
-0.7403083652
-0.02328436872
1.39767513
2.198219985
0.197616269
0.157029699
-0.4154372424
-1.225894397
-0.3340800665
0.1341113342
2.394564891
-0.6309882894
-0.3038965084
-0.002216728055
-0.2339114569
-0.8413838208
1.48327007
0.4499898873
-1.181819102
0.2528360156
0.5594426572
-0.3115367401
-0.9691709906
0.01883153822
0.1390885813
-0.8175673187
-0.417988871
0.5361186035
-0.2667115774
1.10967674
1.022786173
0.002019132953
-0.2679479301
-0.4351621859
1.110497391
-0.120338838
-1.23431063
-0.2199207839
0.3879401304
-0.9227811009
-0.5256803513
-1.319253051
-0.6749107957
0.430134711
-0.2808293931
-0.6548565879
-0.6115795717
1.256101552
-0.7407838315
0.6400412843
-0.2912587838
1.708274055
-0.9735783428
-0.9001053482
0.5831020355
-0.3474008694
0.5992309257
0.6028683349
-1.732320833
-0.1910172794
0.6264631726
0.101395731
0.8057239607
0.4086408831
-0.1741979297
1.332370964
-0.08013974167
-0.8364862651
-1.388372672
2.03306058
0.5996331085
2.204354584
0.09142147442
-0.3161500242
0.4306990206
-0.136793487
-0.09436844997
0.9972595543
-1.012381247
0.4046823019
0.1701019946
1.416574004
0.8991039544
0.4888463572
0.8651455253
0.2973298471
0.349504819
0.199764831
-0.8030339152
0.2705363957
-1.065196601
-0.08572664559
-0.6786808938
0.7997482583
1.23734816
0.1522566138
-0.6856386393
0.2897390988
-0.3093097709
2.462571222
0.715660283
0.5964278325
-0.3435923591
-0.4105668992
-1.195975128
-0.9335628718
-0.3351668902
-0.3625446318
0.159473487
-0.04915195853
-0.103209237
0.7600111902
0.1739737431
0.9267883837
-1.359705359
-0.3690753713
-0.7821106613
-1.20228866
0.1018895315
0.3887750989
0.7395945385
-0.9433308661
-0.6644038245
0.8071674705
-0.7358264208
-0.3544277675
0.1128017644
-0.3995713919
1.554863197
-0.2935049403
0.4209083131
-0.9462684423
-0.7301525652
-0.9071638554
-0.147189641
-0.3385572299
0.1146317193
-0.531284672
-0.2024050984
0.04032842275
-0.7605406597
1.036959524
-1.022787678
-0.6222595818
0.7072628796
1.351464844
-0.4504336007
1.181467983
0.7985609427
-0.2335154615
0.1214656047
0.3164946146
-0.3314992458
0.9282182202
-1.016675141
0.5841588497
-0.2229407685
-1.428256935
-0.312735755
-1.051624987
1.37308709
0.6928800479
0.4145647325
-0.7444184542
0.0756910542
-0.5348484263
-0.2610719495
-1.175445086
1.074643767
-0.9718625128
-0.2312657025
0.07761948323
0.5772559114
0.7475190282
1.144712028
0.82895367
2.271978867
-0.350389076
-0.5293155625
-0.9719323993
-0.1756900491
-0.3986827273
-0.07598436102
0.5029290274
1.031402525
0.7524082676
-0.5235568136
-0.2284351973
1.178727543
0.8265945613
0.9329382271
0.3286606558
1.286024371
-0.1797579235
0.2700714111
0.6638484791
0.4016317412
-0.2819034047
0.2393463138
0.02452451796
0.1842130594
0.1111904077
-0.1242795043
-0.4164826959
-0.3191936657
2.453337061
-0.5933539584
-0.1788124973
-0.690774782
-0.620366928
-0.1949263677
0.7248098016
-0.8208624601
2.046189672
-0.4797667369
0.3459891748
-0.9670557261
0.08437061487
0.7478068963
0.2996344127
-0.2681871876
0.8528933451
-0.2770409934
0.5010563172
0.5529869646
-0.09790939093
1.105757335
0.5627807796
2.819578266
0.2265665827
0.6375561744
0.1033426269
-0.2045525122
1.738872349
0.5415407129
0.6593103066
-0.004697927274
1.018568841
-0.1693406723
0.3301758405
0.4039560483
-0.815492776
0.1513997685
1.084965241
-0.598091498
0.07365266364
-0.293436864
-0.4382163793
-0.5282485336
-0.6365527362
-0.2050039531
2.501595408
0.3421611939
-0.6469239548
0.9032779932
0.3265167121
0.2592002433
0.6006634392
2.539181906
0.6827376589
0.5276934572
2.049886072
1.00186395
1.498610032
1.611122742
-0.3280757919
-0.5587558284
0.4385482918
-0.05337940315
1.74010517
0.5139276214
1.028713402
0.1278815079
-0.2586637113
0.6175916567
-0.395616591
-0.7946273416
0.5774226189
0.5271696165
-0.1501384031
0.7680111095
0.7588952228
-0.7792944133
-0.8783035815
0.3257723108
0.4633507926
0.788975469
0.1686008746
0.7932366997
0.1018677819
1.017376667
1.897871166
0.7326212212
-0.5625035852
0.285918713
1.430638677
1.051418731
-0.01399844671
0.3328045047
-0.2333736986
0.7149478115
-1.05119887
1.104658189
-0.3402132165
1.152411819
0.1182336261
1.23787131
-0.745096463
0.06581980437
-0.05226592883
1.102352183
0.3871082723
-0.4521639884
-0.06996477768
-0.3263152316
-1.43178165
0.6265893802
0.02612864058
0.05461054733
0.687747281
1.362200782
1.518420208
0.5779225238
0.3286739949
0.3468174912
0.3301571772
0.05974939726
1.559636089
-0.6507419556
-0.1119619694
-0.7951050773
-0.6280850604
0.8495410502
-1.019247845
1.283599791
2.379173148
0.02099620609
-0.616755034
-0.5665278941
-0.1934773441
-0.8414482117
-0.1892848292
-0.2522778202
1.141576731
-0.1823913641
-0.2598428043
0.1985840495
-0.0463817616
-0.06407746486
0.6077620536
-0.08752143001
2.74824506
0.5426756702
0.1552055476
0.3635722294
1.737813815
0.5356511749
0.7520911366
0.7665663719
0.891490671
1.279717952
-0.6063455641
0.02139753774
-0.09685431868
0.324190971
1.236161563
-0.4937524259
-0.1700367576
-0.119170536
-0.6785134077
0.5782276705
0.4172356836
0.3231641721
1.873561358
1.369260287
-0.901643008
0.4592929043
-0.2444054678
0.1502086418
0.4744868722
1.207262504
1.091284019
-0.04256372792
-0.05047499016
0.9488772273
0.8584014773
-0.3193524815
0.4649315696
-0.08523622104
-0.8032363713
-0.2400823373
-0.01184584331
1.174201751
0.05850515841
-0.2880534764
-0.4383811906
0.06342012594
-0.2360410299
0.6113780782
1.051438171
0.7673064709
0.9104356229
1.458285773
-0.09601879893
-0.3097698078
1.843429893
0.7694321379
0.09819656131
0.2051500586
0.9606772184
0.4349219844
-0.359126075
-0.6286258757
-0.6484945536
0.5194001731
-0.54739566
-0.6920361295
0.7047648802
-1.14390879
-0.209653727
0.7348235667
1.054476795
2.254007852
0.263375836
0.695847474
1.53064099
0.5632938992
0.09261917118
0.5131567657
1.828752869
-0.03934393525
0.1678196487
-0.4277629834
-0.8090329856
0.7982526124
-0.1349778263
-0.3978556938
-0.04109416043
-0.3718345836
-0.6557317168
0.1644234193
0.1383504556
0.9924615324
-0.852073285
0.7652487516
1.512295771
-0.1015293909
-1.048855951
1.715135908
2.384267086
0.1834210122
1.468511987
0.3054825433
-0.1582152925
-0.04750506915
-0.2961030323
-0.5872250974
0.8188296586
-0.1433838693
-0.03244556934
0.01397408396
-0.2765079651
0.8411420122
1.692495269
1.097751793
-0.266821551
0.03963292222
-0.1551329402
0.1873181572
1.102041927
0.7242503464
0.9073195755
0.2117244024
0.5529774576
-0.9330133498
-0.1534527382
0.1127272634
0.6115009584
-0.06537694419
-1.053423047
-1.170798993
0.3537151046
-0.2177398872
-0.4129702978
-1.227925095
-0.03850769
-0.6536180675
0.08431621902
-0.7656407386
0.3783434192
-0.4949199997
0.3795933601
0.0470022615
0.6112110391
0.311993113
-1.121791166
-1.141735107
-0.1896753211
0.902213949
1.149465993
0.591540836
-0.7273039281
-0.02812319016
-0.3139403172
-0.4396421671
0.7599698156
-0.9493198484
1.445737055
0.4925473529
-1.429890084
0.4904081509
0.7290506825
0.1693458822
-0.3942812651
-0.4329158664
0.1591666538
0.9036016613
0.8584000051
0.1319677445
0.4798344731
0.692008993
0.1249407111
-0.01210982688
0.4383224174
0.6213407382
-0.7788263261
-0.1653345807
-0.5857307449
-0.2067750815
0.8456529677
0.07790835844
0.2708419342
1.640020809
-0.3513489667
-0.207580361
0.6675077479
0.1457799762
-0.4854750857
0.1008588933
-0.02286494053
-0.6682491407
-0.6801025018
0.9108540982
-0.1057456985
0.9152683035
0.7419052079
0.1591027366
-0.6410440832
0.2883050067
2.219999892
0.7499004021
-0.2791174319
1.618145671
-1.186356223
-0.1057560795
-0.9160134256
0.0482675591
-0.07341853287
-0.03416487919
0.67224143
0.1793391842
0.330032583
0.6971283644
0.1109675238
-0.4829053342
-0.1731975922
-0.3251121555
0.8606147632
-0.472461383
0.9196020886
-0.1062507902
0.9523099527
-0.2838261254
-1.16014469
0.02495210413
1.227438074
-0.4254210308
-0.803275001
-0.506376192
0.3675851023
-0.4684125297
0.1565713158
1.634998101
0.2791537149
-0.536165145
-0.05432920502
-0.588663736
-0.5820364371
-0.4952660397
-0.08419608502
-0.1540630991
-0.2819992041
-0.226727508
1.437789485
-0.2588206977
-0.681716916
0.587806958
0.1144935478
0.3128102292
0.1092381915
1.305965711
-0.3380051196
-0.1269964393
0.8560960233
-0.06083528399
-0.1511454783
-0.8333866715
-0.8384337753
-0.4046341196
-0.4133810356
-0.8031547725
0.8758551434
1.809251568
0.8566055626
-0.73457084
0.02160423715
0.4846645746
-0.7508660942
-0.8753679931
1.097775823
0.8378854811
0.4919281011
-0.4675175428
1.425358653
-0.1672183964
-0.6333345592
-0.968008706
0.1177197621
-0.3474469967
-0.5250382721
0.5586035505
0.3294757687
0.03194943033
1.978601003
0.8744641796
-0.2996408723
-0.2950358178
-0.3606226586
-0.9688896298
-1.114397052
0.2350695559
-0.2834337533
0.1162893417
0.6582492426
0.5715196282
-0.2266455963
-0.290982534
1.004762539
1.053053051
2.334842873
-0.4160487637
0.9227962762
-0.1959849197
0.1434663396
-0.537671487
-0.3547022372
1.228185946
-0.3018828761
-0.3074081317
-0.4729589634
-0.09846703131
-0.312071158
1.610101396
-0.5229790196
-0.8259468675
-0.2271002859
0.6784340471
-0.2190237951
0.6377970941
-1.405848473
0.1042331016
-0.5868275508
-0.5260857195
-0.76284495
-0.4540843934
1.127366161
-0.9671904594
-0.7935831279
1.251087978
-0.3415530011
0.1924339786
0.9537995189
0.05511561502
-0.7445725739
-0.9604118496
-0.6698043466
-0.2301371276
-0.1355263248
-1.186728403
0.6407385767
0.5218242779
-0.2138271771
1.695006245
-0.2200911194
-0.1694135439
0.936090672
-0.3251434907
-0.7790915072
1.866785485
0.5631688185
0.213601053
-0.5256136805
0.9803299785
0.3791668963
0.5194944091
0.2154124232
0.1651990396
0.5403782494
0.6211979561
-0.5929225221
-0.6864074856
0.06557615381
1.516006371
-0.1528909984
0.4926647961
1.340310225
0.97224323
1.047227588
-0.392223455
-0.4293533161
-0.4242734656
0.4437419765
1.705871794
0.1424886933
-0.4415695608
-1.024440202
0.3316646703
1.191406235
0.5323807321
1.088362029
1.552498531
-0.1423988892
-0.01606326681
0.6717087477
-0.08416141625
1.329826304
1.972636104
0.2449049411
2.176167685
0.3832240429
0.2480023223
0.01747374432
2.229367
2.578661501
-0.6527516037
0.8386602163
0.3537795153
-0.1893280158
-0.3674818739
0.2838227184
2.051058638
-0.1159288893
0.09132051188
0.3838121187
1.768052888
1.472610667
0.3541583017
0.6229599297
1.7814448
2.550232953
0.2571376834
0.6570686869
0.7531938463
0.50435085
0.1608986296
0.1855492643
-0.5527128354
-0.1629822772
0.2607271364
-0.4078393005
-0.05032601883
-0.1272315471
1.613232255
0.1249104649
0.6454419658
0.7810441568
1.766504848
-0.2739353146
0.9395608515
0.6611399293
1.792046279
2.74509595
0.333991459
-0.8579319149
-0.615000838
1.93419978
0.7672582865
0.4141164556
-0.369660496
0.1427631591
-0.4414410412
0.4031924902
0.4434638523
1.618330726
0.035206699
1.103582811
0.4795915522
-1.22844359
0.5475564785
0.01343287658
3.086557561
-0.8340465128
0.8028364122
-0.1235869598
-0.2155839389
-0.948686403
-0.1564697221
0.293076265
-0.6665883362
-0.08534512459
0.7123129532
-0.3331224099
0.5246894635
-0.3948177561
-0.2889840085
0.2038850082
1.411330479
0.5964718521
1.190835717
0.4266553126
-0.9243700594
0.1398756312
0.09460616834
0.8876451641
1.047156265
1.481510061
0.3600043397
-0.09781639986
0.1170450993
0.6268449545
3.345519006
0.2220674738
0.1076260479
0.8298618317
1.412210667
-0.1046387138
-0.06408304106
0.7391208649
-0.5405704722
0.8843321592
-0.2133390006
0.7827513888
0.2216315056
-0.1022056288
-0.2811476886
0.2771141998
0.191187298
0.247121108
0.7087050796
0.4017734035
2.035983515
0.1092545982
-0.7016744405
-1.083509439
0.7072743103
1.291829732
0.2141275238
-0.7686858684
-0.4602011897
0.2454944547
1.350105807
-0.2457586942
0.09336281251
-0.560322234
-0.5117680341
0.3761130925
0.205508674
1.118912661
0.7267041922
0.3513571505
2.028751606
2.994730902
1.213722819
2.137790424
0.297525236
-0.455021587
-0.1300006511
-0.4230597362
0.0606467532
0.2018350964
0.8511902601
1.296240634
0.2140856907
-0.5038324326
0.8746643066
-0.1890499331
-0.1282575648
0.9498111308
0.8602958262
1.057885107
-0.05072875861
2.308968413
-0.2955867141
1.035318887
-0.08812688887
4.943972453e-05
0.4890684262
0.4939967006
-0.4805827051
0.6308194473
0.05853966419
1.963335037
-0.1028317047
1.894856751
0.3947240619
-0.06279089516
-0.1325261868
1.552051169
-0.03989512026
-0.432045503
0.3129168523
-0.06580695682
0.4018656772
-0.3406388067
0.08928476349
0.3949867219
-0.3782516394
0.508332523
-1.040463933
0.5274118483
-0.9031442881
-1.258003095
0.8224951997
-0.3462104879
-0.8440588027
-0.07151898867
-0.9158554405
-0.2791616477
-0.3040007368
0.6710623257
0.1848305739
-0.3900477514
-0.745830369
0.2721955866
-0.30257181
0.7566590056
0.7313466206
-0.4366924942
0.4168965749
-0.4519047633
-0.4460796975
0.4021860827
-1.241764516
0.9486396477
0.6711421579
-1.029971001
-0.3658364698
0.236903365
-1.268083018
-0.357150449
0.7060974561
0.1251220812
-0.3851275548
0.7969931751
2.36573596
-1.047354352
0.4488903671
0.8995359987
-0.4235809106
0.9431049943
0.5166778952
0.1017053759
-0.1580027143
1.768146616
0.1359171961
-0.7617417812
-1.020249155
-0.1883165446
-0.9003985643
-0.2446226314
-0.05559217352
-0.06320779733
1.257649761
-0.2971753912
0.4701141328
-0.5761262611
-1.119865385
0.7961214274
0.2855229359
0.1770707574
-0.7960490227
-0.0456932921
-0.7963204771
0.04793866687
-0.4495758802
-0.2873596318
-0.1762880054
-1.16596967
-0.9002870411
-0.1752422987
0.5174627364
0.1394549938
1.624775845
-0.02634864096
-0.2562593538
-0.365289668
0.8556234822
-0.3377833679
-1.406427824
0.4492940839
-0.8634233057
-0.660425204
0.9928778887
-0.1902757626
0.9379335538
-0.2286458716
-0.1940817144
1.076062587
-0.09003260843
0.3859864235
-0.2590721007
0.1543887743
-0.1352413334
0.5084010445
0.5915664881
0.1374745101
-0.2977619307
0.1811582841
0.3916717571
-0.6014057338
1.434621048
0.5606189191
0.2918841045
-0.6671147853
0.2776804199
0.836517787
-0.1062547538
0.15547207
-0.4610563278
0.2313544732
-0.6142887875
0.6291452207
0.1253444558
-0.7156036526
0.7517700925
0.03304311
0.70447018
-0.3724475354
0.9925578743
0.08054183638
0.8033915058
0.4317138456
0.8632731244
-0.2446248818
0.35250411
0.3978460312
1.424594837
0.6976741672
0.2835122926
0.9881560192
-0.1194308139
0.3989286907
0.6116271563
1.321695352
0.9845147043
-0.5847289577
-0.8765221447
-0.2931953264
-0.9315987349
-0.5185830846
2.38256399
0.08924341965
0.602651903
0.2211786998
0.2153738477
0.4185836831
0.6121530011
-0.1911991461
1.047314906
1.242806128
-1.06857256
-0.1999910066
0.07262056824
0.264795075
-0.5305290807
0.009519955982
0.05185613623
0.9866345629
0.91426588
1.11147576
-0.2678905632
0.1945016525
0.02136733485
-0.03834301755
-0.4473730028
-0.1981099065
-0.5474375367
1.611361092
-0.1025594842
0.2949119439
0.2085732972
-0.3069571435
-0.6836557135
0.3400124454
-0.8038497865
0.6356036589
-1.183551037
0.5349220335
-0.5678512007
0.1018993962
-0.6721542671
0.505048053
0.003846035432
0.7915617324
-0.3409008265
1.477087694
0.105685795
-0.7822409004
-0.1004449854
-1.100639835
-0.1609549027
0.4071054459
-0.9844156682
1.250195351
0.3289322134
1.2063124
0.7193177894
-0.1257358036
0.5465129033
-0.2738181605
0.02409172151
-0.5161184415
0.0263649499
0.3941495523
1.327143997
-0.4640188009
-0.4571408827
-0.4021801941
0.54201975
-0.9925770521
-0.3075309657
-0.8884497017
-0.1342604801
-0.1900369432
0.8772530586
0.0892937188
-1.148927522
2.506860596
1.13240869
0.9781961113
-0.2470173456
-1.265139031
-0.01464404771
-0.6576540902
-0.324641276
0.591492454
-0.03902579399
0.3873666117
-0.3309420014
-0.3985648975
-0.8183560312
-0.006791058183
0.07338511189
-0.3753475716
0.1088129511
-0.1919581862
-0.2331695681
-0.05016891342
-1.666583747
0.2911287894
0.7292091072
0.2982775081
-0.27504289
-0.07602403192
-0.03277595397
-0.5817178115
0.0543041388
-0.9297512382
-0.05804728866
0.9641272098
0.9966002792
0.5404312875
1.012202829
2.334313357
0.7228438601
0.9629406363
-0.09112843936
-0.1985196143
0.1735295028
1.086563745
0.5080500469
0.3655581184
1.10808233
0.9051846236
0.2967776431
2.048211896
1.26571191
1.953621113
1.43994098
0.722513926
0.04971488658
0.362447919
0.1658403486
-0.6577169061
0.5038249359
-1.053868267
1.270679715
-0.3965929255
-1.030174452
0.7539419889
0.7155804023
0.2930610923
0.2937483274
0.6962102965
0.09999767207
-0.6042721346
0.9004178315
-0.7816775262
-0.2619524729
-0.4814404547
0.2379503377
-0.2289950177
-0.5846992463
0.04459373243
0.531664107
0.9159558356
1.310810041
-0.1708607413
1.262192139
0.4114442365
-0.1998595644
-0.1278253458
1.978419763
-0.1463051569
1.587030953
0.2534599396
-0.5378616109
-0.2200537493
2.162466049
-0.3506559551
-1.044531205
0.1560766488
-0.133724029
-0.2062433342
-0.7995932639
1.578896871
0.2545023719
0.8575341403
1.246620312
-1.21573599
0.03904489917
-0.2157575598
0.1458879536
-0.9768495232
1.548468769
-1.148204747
-1.167099813
-1.342104906
-0.1036263317
-0.8230958909
-0.7812688202
-0.5733845636
0.6568662018
-0.6266321763
-0.2718517214
0.0934246188
-0.5833188444
-0.3430063833
-0.3744220063
0.3590883067
0.6650121167
-0.1823403321
-0.3526993643
1.184947193
-0.258517348
0.8029084191
0.2931910116
0.1216472613
-1.29592306
0.1113077443
1.103575575
-0.3535530426
-0.9261567742
-0.6752795815
0.4183465395
0.1380503883
1.014233086
-0.6391611904
0.08589589149
0.6940525562
-0.3366988786
-0.5045436069
-0.6974032968
-0.9037436128
-0.5768814042
-0.9734243661
-1.011169529
-0.3835895538
0.2048180066
0.0504173982
-0.6984351739
-0.2498828718
-0.1889246514
1.986487383
0.6441309676
0.1368786421
0.8878904104
-0.358483652
-0.8728646591
-0.6297179744
2.116635227
0.4375715181
-0.11604116
-0.4564020187
-0.8231253386
-0.5800915778
0.7904398352
-0.1496775646
-0.3040393684
0.4804193184
0.9454354525
-0.135722005
0.5229732653
-1.186674225
1.055895343
2.583183038
-0.2197815042
1.932567602
1.779264513
-0.5880558029
-1.285861158
-0.2187591042
-1.273649499
-0.8128030047
-1.526868677
0.874848403
0.2249438845
0.1019365056
-0.7029524699
-0.177572459
-0.8687918901
0.5505283684
-0.3938958609
0.5103957381
-0.1548091166
-1.17895031
-0.283616637
-0.6716240034
0.3332102567
-0.1168085027
-0.6996584222
-0.1894988047
-0.937009719
-0.9408188045
0.4051091705
-0.8887723058
-0.8281116277
-0.09620453361
-0.5947128266
0.405313272
0.04117394844
-0.6543052658
-0.09508045428
-0.5791368067
0.4988473557
-0.404885444
-0.6101430997
-0.1618928656
0.7238564581
-0.1798947329
-0.08281305619
0.5533839412
0.8638661951
-0.04863746576
-1.175391355
0.7963370711
-0.06041424498
0.5167390777
-1.060360157
0.7197977871
-0.7761138514
-0.2697256466
0.1617370944
-0.1303707158
-0.06714544315
0.3103711156
-0.06049441453
-0.4317330807
0.2737202706
-0.09412779137
-1.188842607
0.394810683
1.106075701
0.7380066097
-0.1658629183
-0.5045953073
0.1306998336
0.5688612089
0.6334742308
-0.3961179174
0.161986582
-0.3897609726
1.211453402
-0.2048616161
0.7868536815
0.1435762187
0.08982633576
-0.2488164518
0.1354347011
0.9250521868
0.4556230389
1.674228978
-0.1571691582
-0.3236847036
-0.02560190335
-0.3897991914
0.3290939773
0.2543473557
0.7511001855
0.005425268784
0.5459311068
0.1100542818
-0.6980345339
-0.1214498912
-0.03566415575
0.861656177
0.3273791131
0.4393309224
1.923862708
0.1845807001
1.048913735
1.022192888
-0.5385196954
1.326803741
0.8653444856
1.064584374
-0.3962835237
-0.4125810809
-0.134857584
0.5841914359
0.3986112664
0.09560708394
-0.8146672592
0.4432021165
0.3643153938
-0.8474533707
0.08076639688
-0.3251329608
0.2201497382
-0.04111383529
1.176067522
1.957326639
-0.4113607898
-0.8879416361
-0.1829229084
0.873508814
-0.5842713222
-0.5650550455
-0.1871851368
-0.7698180109
0.6147521459
0.872925812
1.189743891
-0.0855886098
0.2888065644
1.123160887
-0.8624520287
1.052563745
1.032678559
1.342409194
0.6394223049
1.46321896
1.82946927
0.0181476688
0.506810502
-0.002025412675
1.066301915
3.534865451
0.873162204
2.764807653
1.845321554
-0.0008170416579
1.195475718
-0.01658394011
0.5497833587
-1.062107602
0.5704563335
1.224250442
-0.1142089587
-0.5820833936
0.6974878997
-0.7796048239
-0.04309582226
0.4339013454
0.3095772654
-0.2825059382
-0.06122371387
-0.8340393066
0.6918603718
0.322680063
-0.152758042
0.5408370655
-0.01594812474
-1.015496042
0.5979793511
0.131395893
0.2096077858
-0.5200340703
0.3063971184
0.4351903327
0.1499174532
0.505353944
0.03834944088
1.884816438
-0.9172875136
1.641144508
-0.09168283995
0.4997645311
0.9042680025
0.614654544
1.334404474
1.658083689
0.1453055817
0.4211395418
0.1700310669
0.1585742458
1.202958512
-0.05151262823
0.505759447
-0.09683325533
0.40458159
0.1551715219
2.415622634
-0.3719479695
0.812961404
-0.1584189216
-0.1080298845
0.7223420218
0.4812000994
-0.6694808438
1.878602982
0.7637745112
0.2551202588
0.9668076158
1.281377032
0.3590763487
1.815169758
-0.5740125999
0.09689757619
0.221359344
0.8420133621
0.8347104818
2.411707908
0.08553865426
1.428136069
1.499020118
0.06569892992
-0.1165031565
0.5061080828
0.5028849155
1.48217999
-0.3023603879
-0.8984480351
0.3167459354
0.6268937338
0.8542308033
-0.5454522565
0.5381511457
0.4972380698
0.5438863456
0.8095718704
-0.09327247567
-0.456533239
-0.2044509284
1.278203464
0.03899762644
-0.6783206761
1.423828551
0.4526912443
-1.626382053
-0.2691643346
0.6712549046
0.05267528822
0.750239864
-0.9861960918
-0.3314930018
0.9154385448
-0.3092383042
-0.6550313123
-0.04607679881
-0.1106421063
-0.9064712256
0.04764176086
0.8215900019
1.509970242
1.097243527
-0.7962298483
-0.440376626
-0.8721676499
-0.313600821
-0.2310147189
-1.067218599
-0.5722950518
-0.8894999355
1.0001562
-0.8100054517
0.03011845471
-1.296963865
1.603611308
-1.257658511
-0.336018382
-0.9692550361
-1.538711363
-0.03105437597
0.6799078576
0.9661286369
-1.046051824
-1.422043425
1.680087477
1.906020445
0.09199244198
-0.345370616
-1.160265765
-0.3000843223
1.544086847
0.6757850975
0.6403998926
-0.4010046914
0.184781471
-0.5740192696
-0.3765841942
0.3669179723
3.248173273
0.676769951
-0.03578781141
-0.923917374
-0.6611736096
-0.1721730027
0.5146492638
0.6076277845
0.1636996944
-0.676640214
0.7883407436
-0.6683251381
0.1205774842
0.5471085778
0.2001739249
-0.5499745131
-0.8513329238
-0.8218833417
-0.4286748141
-0.5089858055
-0.233817517
0.1226563012
-0.1947368816
0.1787950066
-0.7632047057
-0.3976000294
2.290674943
-0.07626110651
0.05112290047
-0.1149242017
0.490767967
-1.272671723
0.04605686981
0.09658169588
0.4220181368
-0.8875479788
-0.2530202644
-0.8763539702
-0.8118669599
1.139967741
-0.8077310443
-1.372594213
-1.305604956
0.04733885024
-0.7840957358
-0.8165667444
-0.9940390438
0.5770777926
1.785442936
1.555608639
1.923053885
-0.4150343969
0.5783028245
0.8292950451
0.3485626746
0.3467497353
0.9020707726
-1.570831859
-1.095853302
1.13014451
-0.09798838221
1.143983729
0.4404332653
0.5188735455
-0.2736904539
-0.3058106951
-0.2451869205
0.6915445015
0.2934593704
-0.8131580114
1.780680531
1.90226106
1.213429093
1.714274943
0.6458729789
-0.2972152852
0.4181762204
0.1552534427
0.1627069153
0.6497258112
-0.357601963
1.31704779
-0.2758616408
-0.7452232704
1.283382228
2.526109999
-0.5237446796
0.4771369766
-0.3346835554
0.7744974762
0.3005013265
0.8997324109
0.8199179903
0.5976271674
-0.6316955015
0.6748638004
-0.2141576628
0.02119274139
1.168730706
1.800413561
-0.09327644706
-0.1312790632
0.6203916535
1.826079488
0.3710230752
1.049373505
0.3377394754
-0.09802051056
1.308367404
0.9283459634
0.8863907576
-0.2805893192
-0.4587803766
1.467984399
-1.54251346
2.541957855
0.249010447
-0.7531523034
-0.1871489238
-0.3546990581
-1.346701953
-0.9940907568
-1.439134002
1.582164508
-0.3365669109
0.7346769154
0.23236991
0.005945648812
0.3963051364
1.258820972
1.291117507
-0.2257223863
1.573617578
0.5005484331
0.1291791411
1.006332594
-0.2166459229
-0.4310231283
-0.9148481652
1.112514699
0.1745200446
2.268949187
-0.2420851439
-0.09261791781
-0.3718038604
0.08804172613
0.02068578657
0.5457358249
0.2256813741
-0.08239072934
0.3838739635
-0.4684451044
-0.8340842068
-1.118373486
-0.6463818103
-0.06897587813
1.732951027
0.25099908
-0.7736724183
-0.3922131723
1.684123892
2.494859707
1.716412139
-1.409358042
0.9715944827
0.06740836594
-1.07497434
-0.1725812512
-0.7580678672
-0.6938928366
-0.3954441242
0.7600378662
-0.4706291512
-0.6578222632
0.2981912851
-0.3723727204
2.031363696
-0.4845460415
0.2487284225
-0.4404442472
0.01546926461
-0.9987646997
0.5866675332
-0.4132486202
-0.2583292084
1.368632728
0.1265709041
-0.6416833386
0.01342515498
0.6277940333
0.2709645694
0.01672738679
-1.108473268
2.227064872
2.768617493
1.190179273
-1.070542949
-1.47895816
0.8366911232
0.2112345032
0.009870520607
1.212696257
-0.3221243467
-0.04077610709
-0.6676347509
-0.6667534411
-0.4676632762
-0.2125771259
0.02320550326
0.05404436532
-0.04031148506
-0.8825293183
-0.2240217783
-0.5604038976
-0.02591776513
2.468665934
-0.2956407787
-0.3871476881
0.6797099099
0.03369796732
-0.114520283
0.3745705776
0.7828306064
0.009933098592
0.08221228132
-0.7440850794
-0.5558262035
1.205162349
-0.7959180474
-0.8979251564
-0.2350087218
0.4905141778
-0.4317833781
-0.3384734474
0.1731568024
-0.9627136469
-0.1139385086
0.2765387522
-0.6362880751
-1.139474127
-0.03041101424
-0.2883559033
-0.8718426853
2.349410301
-0.3833653241
-0.1806860942
0.1032587948
0.4798569016
-0.3677443525
0.03833347564
0.4284797672
0.2314112248
0.8098606765
0.05422859341
0.1011320109
1.337518254
-1.209710455
-0.3040393274
0.886944513
2.593164957
0.6679665789
-0.07607437093
-0.141889715
0.1699243576
0.7291838065
-0.5173678383
0.02890195809
-1.384711891
-1.030486414
0.4652655527
0.2902892997
-0.8126154363
0.7453799874
-0.1038026335
1.31920343
0.5950292721
1.106155252
1.279854092
0.02880558176
0.03543895204
-0.2010810151
0.2666934588
0.09703820813
-0.6579602152
-0.8934144855
0.2539063985
-0.5772315949
-0.384160798
-0.07052828111
-0.913161552
-1.060176012
0.1469414981
1.414318234
-1.091312909
0.6771567956
0.7661935136
0.5265896499
0.2080953028
1.738634279
-0.7402362034
0.1105917343
-0.265674822
-0.941769594
0.5237822719
0.6848269299
0.01685156301
-0.4959128603
-0.9329973906
0.4791507578
-0.7607625276
-1.063146821
-1.600546497
0.7889638633
-0.135350345
-0.2294696487
0.7294014305
-0.8262916356
-0.6812173724
0.09588640984
-0.2066898711
0.0637532094
-0.3483536325
0.4389219232
-1.005359575
0.4351668328
-0.1100398414
-0.4960737213
-0.106546098
0.6033013687
0.08882585801
1.403783113
-0.1013768774
-1.327481708
0.2143643374
1.590478981
-0.6782472923
0.3751397597
1.177660787
0.6318556458
1.041443554
1.193138403
0.02713791868
-0.0699460119
0.7755660459
0.5264888093
-0.5640655994
1.270351025
-0.4364883997
0.110493652
0.3266511237
0.7289599944
-0.02778591476
-0.02956696665
-0.5715384379
-0.4949742671
-1.18071481
0.6847961456
0.05178530919
-0.5597872972
0.6851524353
0.9993431017
-0.7766141713
-0.3158592947
-0.7009342343
-1.126732132
0.4311451944
0.224978519
-0.4689147875
-0.2225294556
0.992658186
-1.141733852
-0.5121134408
-1.47116912
-0.5375708207
0.6655816294
-0.08330645841
-0.8971483022
1.236665881
0.3643316153
-1.135419115
-0.8744687438
-0.01166225551
-1.041269174
-0.1307305505
0.3582352489
-0.7125489697
-0.04356652647
-0.1751753937
-0.776710704
-0.2396040641
-0.03252623575
-0.004616475198
-0.2400092814
0.5202347994
-0.571909523
0.1049950819
-0.5063136354
2.534132314
-0.704652372
-0.8771928936
0.6642727464
-1.267503619
-0.3539141923
0.6076568782
1.27309356
0.3807533532
0.3229159668
-0.1267066549
0.01393680088
1.456667942
-0.7488877699
1.707007855
-0.2173976701
1.122719321
-0.1950338382
0.02621218543
-0.7851239115
0.298716965
-0.3713728212
-0.4266827181
-0.09781747647
0.4978489675
0.4992511069
1.653780696
-0.8080019325
-0.6008137956
0.1321218652
-0.3860629171
-0.00894284565
0.701595512
0.8680885196
-1.275608042
1.860725546
-0.03669278678
0.1724201634
1.369062823
1.146827266
1.644123483
0.422929889
1.368565416
-0.1911898635
0.55501092
0.7643553227
-0.1079822594
1.299264857
0.4245151281
-0.04538078941
-0.03984272743
0.3422440607
-0.3766033053
0.05534568699
-0.5963948645
-0.9199460596
0.6663014963
-0.7882696167
-1.024566093
-0.7591468662
0.3095360233
1.281025237
-0.2200127773
0.0833739751
0.9418992966
-0.663458626
-0.3556085523
-0.438016966
0.02531794109
0.417168466
0.3721106367
0.06203442644
0.4457722493
-0.06945742294
1.340848649
0.5374374166
0.07707715011
0.8574786097
1.726523113
-0.2772940192
-0.40700849
0.9215947151
0.09454011838
0.6858065993
0.5201619506
-1.754138094
-0.1658986213
-0.6552994251
-0.8128352255
-0.3881994445
0.7830927193
0.1402491638
-0.09118827223
-0.8370255247
-0.5646562293
-0.2929433241
-1.032062596
0.1755791765
0.06366328625
0.01748401131
-0.08655731212
0.6661171198
0.5697373167
-0.08156931447
0.4050470613
0.5557803728
0.4077809729
1.638935828
0.4005606559
-0.4569127671
-0.09710302725
-0.3011867769
0.3045073848
-0.8790914148
0.445941826
0.619850482
-0.2098495556
0.5815915123
1.388829976
-0.2844628051
1.38638975
-0.001536362804
0.2646352571
-0.1769854009
0.2533189915
1.259234256
0.6769623011
-0.2096165708
-0.4602840044
1.193027946
0.3426667206
-0.2130828381
0.8706036955
-0.5007975325
0.7438496307
0.506951499
-0.2096439493
-0.0454103664
0.02281452976
-0.7940067381
-0.4672335356
1.224303368
-0.4417106807
2.715774697
0.7020065889
-0.3338228803
-0.1067947296
0.1725791955
-1.30566985
1.479859686
0.5497790501
0.1670097576
-0.8652703971
-0.03158474481
1.461755514
-0.0102979172
0.867027086
-0.3349873461
-0.5866858531
-0.09638786744
-0.02301815096
0.5542827383
-0.1657217309
0.7006173514
1.917869109
-0.3099446751
0.3660864443
1.058436009
-0.5390095964
-0.620122999
0.374007041
-0.212500383
-0.1446785059
0.1908926757
-0.06819929816
-0.7315019161
0.1859603707
0.3997459125
0.3167235464
-0.3972681791
0.1016890803
0.7105263397
1.290428686
1.1679616
0.5035716869
0.3876552386
-0.2907218251
-0.04678111821
1.287507975
-0.7024903432
0.1416116805
1.953945345
0.1093379328
0.8318062812
-0.8867631167
-0.2330726927
0.9290107071
-0.199478727
0.4114512337
0.2918837465
0.3063906439
0.776511693
0.555044198
-0.3304575831
-0.3485125825
-0.03747256808
-0.2414841719
-0.07699953075
-0.3641422175
-0.898211506
-0.06425035247
0.2693816107
0.7844094127
0.8686206698
0.6757389449
0.7982828617
0.4371958379
-0.3575824127
-0.176318806
2.482029146
-0.2042784113
-0.1810254408
1.456217116
0.1057663528
0.003857044829
-0.5113829553
-0.8919028282
-0.5503166124
-0.2863040924
1.277910447
1.200199369
-0.225758962
1.094099087
0.854836446
-0.1370957915
1.129820308
-0.1595041096
-0.1726655414
1.046106356
-0.3693668619
-0.2531156741
1.097987065
-0.7416947842
-0.1816922218
-1.133638117
1.547291172
0.3122122625
0.06111963913
-0.03674806654
0.9680459097
-0.531906189
-0.3359586049
-1.062284225
1.5636545
-0.0524800159
0.218070934
-0.2778258861
-0.2842726931
-1.151201552
-0.3381673731
-0.4765558541
-0.4465423226
2.366993088
-0.5159483671
0.4574956112
-0.1654154003
-1.049038136
0.5963369638
0.449505762
-0.3436949741
-0.7073669523
-0.4354398772
2.276043898
0.2372937864
0.8140704632
-0.4283149429
0.4055478714
-0.2993659727
0.6622206196
-0.1480995676
0.9846845269
0.7201178193
-0.4691062868
-0.6817104325
-0.537504904
-0.5578157976
-0.3496941276
-0.721619007
0.6950258352
-1.087586504
-0.663439405
-0.9139886975
-0.7639407873
-0.49524258
0.122462778
-0.2688095424
-0.2460582066
1.592880785
-1.098066819
-0.5782977551
-0.2501043111
-0.4828189425
-1.198637229
0.5746666819
0.5020204023
0.1630495142
0.3050067564
-1.157716161
0.7905710682
0.01026851106
-0.5555164859
-0.6636121705
0.2598828669
0.5912494048
-0.6293166518
-0.4593056723
-0.8095307827
0.8206515491
0.3994418189
-0.2827473894
0.2162050605
-0.517129229
-0.5939041659
0.3497359021
-0.2544525964
0.4449676543
0.1401139748
-0.1289991729
1.160876459
-0.4765375577
1.384064147
-0.604907769
-0.1650996085
0.9580444515
-0.8006247252
-0.5565565199
0.0666761518
-0.489992021
1.835869408
0.9236736119
1.120488146
-1.382268745
0.044756361
-0.1003906031
-0.04744495824
1.354137522
0.1245631982
0.1645601196
1.087906465
-0.1371754695
0.4087675111
-0.8184957892
-1.420761818
0.6235564575
0.6750328973
0.04174713846
-0.8433983117
-0.1912461348
0.03675625222
0.561520642
-0.2107348379
-1.38087014
0.03543657102
-0.03720754916
-0.7621473044
0.1038787747
-0.279921671
-0.565729177
-0.2993804403
2.671469223
-0.3191577911
-0.2046074269
0.3284310155
1.033094126
1.054888713
1.479477197
-0.177837823
0.4842784695
0.1100971021
-0.8166612118
-1.20043408
-0.9658133835
0.3312643349
-0.5214754149
0.7825492352
-0.8343496174
0.8455768138
0.4294406749
0.2922696866
-0.03148307279
2.285592091
1.462112433
0.6827063099
-0.8730951786
0.896661292
-0.4931387335
0.9337495372
0.3380854949
-0.1699079599
0.4013175534
-0.927481243
-1.117990586
-0.1505889794
-0.6088650733
-0.6741604686
-0.7600256592
-0.03664415097
1.226246905
-0.03776354529
-1.629154533
-1.332193702
-0.5548813671
0.2488700103
-0.1243227003
-0.2349401925
-0.7457199901
-0.8546928853
0.1723696001
1.287572864
0.997962895
0.6082810637
-0.155888408
-0.5587532118
-0.8145303637
1.640888745
0.4269156173
-0.2464537647
-1.135811237
1.745376974
-1.005549112
-0.3114707418
0.4677910869
0.410404142
-0.507685557
0.597040309
0.006348333741
-0.2410365104
0.7678974517
-0.566946809
0.09733362487
0.1932843809
1.49125714
-0.4603669971
1.343928778
-0.524359563
-0.5790043086
0.7250165746
0.07066031927
-0.8113322198
0.5253920287
-0.06446054038
-1.096370947
-0.7969998479
-0.8437025756
-0.02758313951
-1.532271612
-1.088801199
-0.5235968053
-0.8679765821
-0.4381862475
-1.013297993
-0.03984078565
-0.8646332741
-0.7381315514
0.0669340821
-0.5151617318
1.598982537
0.4231452001
1.373714212
1.794486636
-0.8232579529
-0.3959495828
-1.434516841
0.9364882648
-0.621866709
-0.3179855648
0.00969176935
-0.4037326738
0.5448542908
-0.1793039036
-0.1284101976
0.1141028958
-0.8892876863
1.513562712
-0.5480698317
-0.5447982416
1.892225671
0.08045545518
-0.5454195425
1.091537327
-0.9723153323
-0.4748794124
1.245250234
-0.3496339656
-1.471941012
0.274714902
-0.7744560838
-1.066982016
0.07493636929
0.8054238081
-0.6744315654
1.098462087
0.28361779
0.5034237177
0.3168768639
-0.6703962684
0.241256409
0.2760077978
-1.319067523
-0.09762781318
-0.09186495431
-0.5209632739
-0.7729873598
-0.4279171519
0.06383596426
-0.09767672606
0.1663685119
-0.5578177422
-0.9108413488
-0.2486949738
0.2851019489
-0.7223136425
1.108069202
-0.7992764756
-0.2947291501
1.34760659
-1.384553772
-0.4610226199
-0.2314792156
-0.8841908425
0.4691390947
0.2676295176
0.02295229025
-0.1724297307
0.01747425175
0.05137004675
0.5494271919
-0.6295564413
-0.8768511713
-0.4378639974
0.540015813
-0.8892888784
0.6883845091
0.2636725551
0.5300667912
0.8233277172
-0.4396502629
-1.283678335
0.01951404647
1.378787786
1.286478567
-0.7768655747
-0.03286259025
-0.07517652563
-1.193643653
-0.4925771154
1.464901805
-0.6031634554
1.273017162
-0.3965992905
0.3398067249
0.4430239031
-0.06801632643
-1.195892894
-1.240765369
2.583783185
-0.6760213971
0.4596857176
1.312614194
-0.2032645781
-0.4077401377
-0.9857900649
0.4893369474
-1.023835969
-0.2407814819
-1.228013
-0.7171147451
-0.2726071469
-0.7319550544
0.6820349947
0.1620234976
-0.1865583668
0.8788490027
-0.9242010593
-0.6344492555
-0.05323056988
-0.8924883962
-1.23650558
-0.1517264225
0.2030273085
-1.120710123
-0.09035115503
-0.6772224635
-0.6232195064
-0.139575001
-0.3108612921
-0.4266846925
1.077897313
0.245133
-0.4352225125
-0.7010054708
-0.6777774706
-1.529203987
-0.1327252097
-1.179088956
-0.563902165
-0.6629790068
-0.02082173545
0.6966028333
-0.8385465443
1.390882009
0.4757344492
-0.2469555544
0.2815147441
-0.749827151
-1.031630838
-0.02656131922
-1.401672107
0.07728240713
0.1897407759
0.1023598677
1.597371221
0.7776299253
0.611769177
-0.5595127657
-0.3376875475
0.2399572842
-0.05102010844
-0.7527744159
0.192165928
1.792018706
-1.214311332
-0.5013397127
-0.7042043298
-0.4194510624
0.2598451804
0.6641166061
-0.175250683
-0.1410796987
-1.394014537
0.7933115453
-0.4123783827
1.194950184
1.773726082
0.843237403
1.676891965
-0.697287491
-0.05927132568
-0.76261141
0.7509996653
-1.171713895
-0.714576824
0.4205158927
0.8705843881
0.2874470038
-0.453627938
-0.4873274475
0.09867778202
0.08399662552
-0.3273602247
-0.4530702893
-1.225944343
0.04128261767
0.2026247873
0.3484306242
1.427966353
0.3934876888
1.005424082
-0.2678670183
1.791092479
-0.2127843907
-0.4621449582
-0.3891757935
-0.796406877
0.1694887998
0.1203309759
-0.0387649796
0.9933226734
-0.13372731
0.610453973
0.3493006416
-0.03100114949
0.3152552953
1.465779522
-1.09292731
-0.2046011569
1.19293243
0.3640113771
0.8287770092
1.26190888
0.270219884
-0.357106328
-0.00851643472
-0.9159675896
0.235482125
-1.04406983
0.03585468326
-0.9065904528
2.371599913
-0.6490205839
-0.7251626581
-0.141148367
0.3526852153
0.8978590518
-0.2164459206
-0.05185181927
2.462381738
0.3979428638
1.168953866
1.349713084
0.8440857172
-0.02975612227
-0.1916047741
1.167633408
1.558517903
0.6543814048
0.7878964365
0.6965922326
-0.5120354235
0.05611909814
-1.223424667
-0.5154145367
-0.8004744828
-0.2553158581
-0.2382969463
0.05117262593
-0.6148525782
0.1031863127
0.590265891
-0.666474402
-0.3789488764
-0.4754815903
-0.8562969804
-0.1567910761
-0.7569814712
0.8186213523
0.01894609891
-1.07617422
-0.2527459923
-0.1542053236
-0.8081913829
0.009602775052
0.4464861035
0.1264567768
-0.09309891826
-0.5830217481
-0.8020437449
1.247518775
1.391374937
0.6740733467
-0.6311361238
-1.15283955
-0.5623759225
-0.4207323402
-0.8235669255
-1.385119182
-0.3603643864
-1.028437951
-0.5507908463
1.794407612
-0.4821372762
-0.1666591119
0.2018322097
-0.4082708865
-0.6365386575
-0.1939598035
-0.09739884902
-0.4560023293
-0.377297245
0.1891082257
-0.3490219662
1.205529904
-0.07652688997
-0.3958489686
2.104316103
0.6216247335
1.450489676
0.3204730511
0.2335768889
0.9073379248
-0.1233624361
0.9550479144
1.999073511
0.7858656406
0.2230945941
-0.2319467459
-0.2124960966
1.09853282
-0.11388305
-0.402894596
0.1312017644
-0.8781812757
0.4581964061
-0.2684438884
1.113472918
0.156881124
-0.7491017416
0.02733515743
2.214910054
-0.1438695107
-0.2191403646
-0.3518521391
-0.8257569
0.2100247426
1.012950099
-0.1517376306
-1.060516509
-0.2943243288
0.4688537024
-0.975380075
0.5984033018
1.134803155
-0.0656849049
0.1332650326
1.403784961
1.278281808
0.4588521674
0.6282683931
0.01296901088
1.468226767
-0.2413058214
2.367809588
1.767482412
-1.096269196
-0.4751418434
0.7708815128
-0.4542954057
-0.3192856841
-0.01867218679
1.541961843
0.7911576599
2.906452811
0.3860301353
-0.5948800489
0.7111562118
2.26661514
0.3148330148
-0.5962956175
-0.06250612698
-0.3799463212
0.7665763527
0.6957735687
-0.1484425136
-0.05781331677
1.10009051
-0.4892302796
1.588783032
-0.4498501025
-0.8245758832
0.1852142369
0.9562274128
-1.255264351
0.06896604439
-0.8525415927
0.9175907224
1.111349598
1.087036055
-0.5464712068
0.197271553
0.905087018
-0.328722294
-0.9256245911
-0.1197224263
1.072525078
-1.145831308
1.246248046
-1.315968031
0.6174392313
0.762965326
-0.03632588442
1.136744446
-0.6129301473
0.6731800169
0.7734232977
-0.02398011312
1.615176821
-0.4537789971
0.8334577642
0.8877800763
0.9868549794
-0.1618028689
0.0315798169
1.151504552
0.9901023805
1.493943599
-0.1770237848
-0.7491328225
1.872960639
0.9516744614
1.32198807
-0.8635358691
-0.4011219829
1.801864707
-0.01976225041
-0.1106229005
0.14926969
0.0112554322
-0.8351735353
0.7288685828
0.08267200082
0.7540926665
0.8887847185
-0.4147446558
2.365412557
1.050932753
-0.4373505332
-0.9049683452
1.131585374
-0.6455154926
0.04532695843
0.09562884681
1.49971678
-0.4957462505
1.184228063
-0.2482497208
-0.1490442544
0.5565012913
-0.1272554662
1.080219187
0.1261866424
0.672337909
0.7904685587
-1.185311952
0.1914729482
1.138478968
-0.3001766991
-0.5108885035
-0.4959117822
0.2681782013
-1.156878996
-0.2177591924
-0.208508474
-0.1108528242
-0.05698473561
0.4162753746
1.268922794
0.7327249944
-0.02009806801
1.109015575
-0.602441588
-0.1684724078
0.04672564436
-0.6643753335
-1.145078963
1.130837125
0.3770354737
-0.2944047384
-0.7973241463
-0.300602524
-0.5301182404
-0.921997112
-1.332666788
0.6291894555
-0.1577160971
-0.08969134148
1.391555232
0.9765064776
-0.8077418745
-0.6275345787
0.995256862
0.7368961871
-0.472726026
0.4445866946
-0.4485887647
-0.1376769388
-0.3870361824
0.5226872712
-0.1308822511
0.05142154396
-0.5792685524
0.665837568
-0.0944640683
1.229120186
1.603974703
0.395775716
0.5224061504
1.227012128
0.2049768556
-0.02610571841
0.1422292707
0.2535232155
0.3761493351
1.917414242
-0.1973050375
1.502416697
1.721297133
1.02490299
0.06208754126
0.03057043059
1.042092948
2.004967195
-0.5527415484
0.05314069744
-0.04075157428
-0.09914072249
-0.3712580338
-0.3796429062
0.1661530982
2.136100501
1.417521995
0.7906836748
-0.1144320408
0.9948046803
-0.496529565
1.327969846
2.102604753
0.9678469151
1.490694022
2.001953024
2.303777683
2.00252974
-0.47162489
0.358706896
-0.7266838893
0.09687254243
-0.2832750943
0.397127796
0.1487978249
-0.3612181745
0.3216031827
0.9792215228
0.4052822679
0.9755272999
-0.930267024
0.3763036566
0.2572454132
0.3368600454
0.2959764697
0.9912862629
0.3821016329
-0.4069912918
0.1535541072
-0.1171080522
-0.06744951177
-0.2011070743
0.788324286
-0.3448816784
-0.2323540755
0.9092534333
0.9898518473
0.2206561946
1.148283169
0.6200758457
-0.9747156531
-0.009943746962
1.023663327
1.756340623
0.8136508763
-0.3153490379
3.060132957
-0.4212182939
0.2570091291
-0.1759873092
1.406807727
-0.1997265285
-0.8609099984
0.7943869978
0.7935033888
0.239404954
-0.2882870428
1.802729803
1.459662288
-0.6014394782
1.890184587
0.894387731
-0.998761344
-0.9007526517
1.144842732
-0.3691588454
0.4327257872
-0.03928550933
1.82691586
-0.09457911067
1.047364703
-0.7493091673
-0.196568037
0.4973272495
0.2315975511
0.3526323108
0.4737038888
1.087749445
-1.29597165
1.871719748
-0.696303463
0.1515909544
0.038464094
-0.1871495094
0.4174911395
-0.07523482074
0.3742280893
0.5656997608
0.7464455798
-0.114426541
0.6277814656
0.388617778
0.4111362062
2.251616877
-1.028415686
0.8426588535
1.064990267
0.8169617116
0.776157096
1.29839606
0.1113246061
0.203951408
1.259448451
-0.7482452482
-0.0970934432
2.721222937
0.6217605218
-0.03425193839
2.656461871
0.7969630092
-0.2632072251
0.3201784986
0.6136229423
-0.06939486619
0.682759662
0.2094122489
0.4662888311
0.05059084911
1.218468225
0.2764397345
0.8903929919
1.995836461
-0.2550478369
0.5966003902
0.2923509974
-0.3895306364
0.5724462792
-0.7879448816
-0.4233146206
-0.3516712274
0.9162890017
-0.3682409517
-1.354849774
-0.1659051619
-0.07465850012
1.000738192
0.970741263
-0.08059367333
0.0539444482
-0.2138396568
-0.08759539165
-0.135770336
0.3052970238
1.95287987
0.7825649396
0.04044711881
-0.1497617934
1.489495194
0.3763339166
0.4727990687
0.2713047933
-0.5493664607
-0.8646036118
0.03666525967
1.393879396
-0.7083554387
2.057823032
0.9360295981
0.06960430653
0.3536736477
0.6936369672
0.9982677877
1.217740399
0.1920563694
-0.008211125061
0.6854369536
0.2076643095
0.7873768687
0.2907405058
0.8461186975
-0.4022406369
-0.04767735377
-0.1819125703
0.940335165
-0.3500153843
0.3775530536
0.1113357546
-0.4980105124
-0.0274613251
1.220888335
0.3009822764
-0.2286966506
0.01633244427
-0.3819323085
2.343095088
1.706522059
-0.2593430482
0.1106027722
0.2545469319
-0.9974339068
-0.517073217
0.7265998751
-0.09693908012
0.2052874116
2.741831857
-0.1438362597
-0.9169872433
-0.03720711982
-0.1461554954
2.105619651
0.3354878351
-0.6424193814
0.6684111506
0.5513437621
0.0334235739
0.4115013894
0.9164643645
-0.486114043
-0.1970800253
0.01845689998
-0.7009129807
-0.01229190389
0.8217378229
0.7711493537
1.346872407
-0.03578782063
0.2001767105
-1.355240518
-0.1051615557
1.256698546
-1.117739242
0.297325794
0.05643330608
-1.453667307
2.021052933
-0.9172292084
-0.08997166427
1.280186319
-0.08133846577
1.652554786
1.451810873
-0.145653052
-0.1810470676
0.002871682821
1.627390903
-0.2088826066
1.203173971
0.008562934492
0.08954889253
0.5444804884
-0.06563843824
-0.2258203868
1.737023157
0.0741057042
0.3287876197
0.1004682465
-0.9258769304
0.177173706
-1.113807577
2.559870481e-05
-0.6146440074
0.2898326222
1.880107945
-0.6254277974
-0.2593077298
-0.7190572888
-0.2500476159
-0.4649832569
-0.6475132048
1.696780366
2.121212345
-0.3126208082
-0.9734558135
0.3134229776
-0.1146882825
0.02557137813
0.1491580652
2.279419303
-0.6564212829
-0.6597559527
-0.4450353429
0.2544089453
1.520095727
1.07971134
-0.3040134013
0.02013393827
-0.2813015606
0.3917790776
0.375886599
-0.5621672407
-0.6530058861
0.4720931575
-0.3637189195
-0.4595256388
-0.3059775777
-0.5446460538
-0.03638641401
-0.6838130236
0.09301048312
1.041440141
0.6619212292
-0.6039970249
0.623777125
-0.733673209
0.1305734527
0.1393586382
-0.3613100968
1.52213729
0.09469229728
-0.3812842637
0.6610336229
-0.6458345592
-0.1085885181
-0.5314014167
0.5202579297
0.4234336816
0.985784325
-0.6558528364
-0.1660920506
-0.3175427306
0.7973837391
0.9594449997
0.04291488891
0.7759591281
0.8359978378
1.298267981
0.01955887899
0.4136315424
0.7693066016
-0.2226946846
0.2606976233
0.03709197789
-1.258632791
-0.6597940005
0.7247049183
-0.2936734585
0.1776957374
-1.085563415
-0.6093194857
0.8093386829
1.009348249
-0.1839081125
-0.8458600163
0.5077032956
-0.340196614
-0.4670865282
1.28610642
0.7128393929
-0.01763571627
0.9861839309
-0.2937565714
0.07698687296
1.3848883
-0.6881651551
0.6962205723
0.7270910472
2.248851538
-0.973431471
-0.2491537184
1.669455236
-0.2255306982
0.6252467848
-0.6361202285
0.6894869447
-0.294664916
0.4111425005
-0.2346754134
-0.1617120679
0.04024287276
-0.9578013211
0.9829150051
0.1938568278
1.679504818
1.217428765
1.661982679
0.5209151343
0.555194509
0.5850483865
0.2225785316
0.01214641123
0.625186649
0.4147707812
2.314686787
0.1761374866
0.2716786309
-0.3846277136
0.02242229022
0.4512661874
-0.7940797627
1.857086605
-0.3471317429
0.09170378661
-0.3421594376
0.244827922
0.0184706592
0.4593572676
1.584118849
-0.5421215788
1.656702551
-0.1699200457
-0.3508711174
-0.2686179157
0.6563784495
0.7229710042
0.4122475024
1.597640729
0.1911198672
-0.09208296612
-0.1641905309
1.978139532
-0.026043332
-0.234468638
-1.09170202
-0.7158660442
-0.06146028945
-0.4480945796
-0.533691024
1.073710594
0.6822336659
-0.6838172898
0.1340211715
-0.8259269357
-0.6038491622
0.5183098119
0.0344904921
-0.5029859375
-0.2390004516
1.264612281
1.955586892
0.4737823177
0.233700702
0.7317032292
-1.002955016
-0.2337493844
0.7622765169
1.094655615
0.7539194614
1.037249798
-0.3878988892
-0.56077566
-0.2823726699
1.652586752
-0.1258446003
-0.7362622812
-0.07412677892
0.8674657106
0.186416826
-0.1407195047
-0.2156147992
0.9070474952
0.00816314125
-0.08078654334
-0.1267271305
1.18944988
-0.410922195
0.1960568143
0.4640435088
0.2311022783
-1.357744551
-0.3220470995
-0.6968052
0.296314476
2.09958815
-0.262385438
-0.1384964734
0.8162007004
-0.4960988503
0.6367898479
-0.4724130172
-0.3520655733
0.3004460148
1.576781318
1.188120866
-0.3152997244
0.1635308852
1.322788092
-0.9869558603
0.07026547696
-1.111838076
1.096606833
0.3586047851
0.6391066469
0.7094102412
-0.1916742958
-0.9174186587
0.7572433382
-0.3243988127
-0.1129683242
-0.415979255
0.9337870955
-0.1553654872
-0.5721531227
-0.2733001852
1.599902758
0.07680855459
0.005654935492
1.034856087
0.6447574735
0.0204366548
0.4795304809
2.523920381
-0.07200245745
0.8990044445
-0.4762716174
-0.4004499719
-0.6098950684
1.164444032
0.3084436053
-0.3450134791
0.7586298883
-0.175022432
-0.6193166405
0.3078066168
0.1373094332
0.619990088
-1.080806276
-0.7074984282
-0.1226552689
0.01867436701
-0.3368300438
0.5990589961
-0.4783768617
-0.4681253314
-0.6247035801
2.343736267
-0.3220734246
-0.3922249295
0.3046024762
0.09629353764
1.008540994
-0.9576625973
1.062277707
0.6426055774
-0.3226555742
0.1054410222
0.2363637561
0.1650427097
-1.064520535
-0.04173961207
-0.4585818395
1.537865889
-0.782243818
0.5876223035
1.332591701
1.612364149
0.1653142557
1.152100249
-0.0923989512
-0.4236234158
-0.2434490617
1.189358929
-0.1156353233
0.2006189102
0.3432431912
-0.2327647664
-1.487887573
-1.239231455
-0.1241139362
-0.6268303037
-0.4463255532
-0.5107383057
-0.3875134051
1.122721657
0.4199977834
0.3272203386
-0.2243960263
-1.058937258
-0.1451597236
-0.04528278073
-0.5197221
0.5221313238
-0.1807601815
0.3617859609
-0.6029845379
-0.7181794733
-0.04312476758
1.502205592
0.3607381564
-0.3182125922
-0.3187110782
1.714546111
0.5121731572
0.180574228
-0.861240986
-0.3879347697
0.7153467506
2.083092558
-0.2623072445
0.6984823555
-1.343217134
0.6418989755
0.1188667286
-0.4057941698
-0.7417447269
0.86638024
-0.409270376
-0.6560193941
-0.809588635
-0.5116630569
1.98355841
-0.7305176541
2.233782113
-0.6318439424
0.1350187899
-0.7082394719
-0.1792237218
-1.03730973
-0.8596808374
-0.5173772261
1.561827219
-0.3728177585
-0.909804526
-0.3949072827
-0.3992455617
-0.5737393737
0.6486406252
0.2703769137
0.6551743731
0.8998146445
-1.1489438
0.383238177
0.6819980815
0.1496623878
-0.7997776419
0.6795314804
-0.2286516901
-0.1240405196
-0.5400121272
-0.5517085284
-0.1138549613
0.4573523335
0.8478088468
0.572220014
-0.3252051704
1.019720665
0.5554992907
-0.1761465777
-0.3197801828
-0.003098092973
0.4821820017
-0.3488721177
-0.2477108322
-0.7600812525
0.9786959544
0.6860405862
1.740562302
0.8712956846
0.8408505023
0.7556187322
-0.1593291476
-0.9664945692
0.3342885608
1.20744248
0.198953473
0.2358013747
2.091410416
-0.2389034003
0.3968995292
0.1056473742
0.6080554843
-0.4013976991
-0.03315692716
0.3273275238
-0.2986799709
-0.5954968959
-0.7040031686
-0.4999617517
0.006865694234
-1.206093189
2.585109389
0.0177734334
0.7430789903
-0.1157596138
0.2833502537
-0.1780000342
1.504875857
-0.4664496027
-0.6092541277
0.07397133932
0.1632014516
0.2742924945
1.071505389
-1.023885027
0.7818457752
-0.2794811003
-0.3055269182
0.6538276365
0.9908898056
0.6070884518
0.8510995671
-1.50391472
-0.05557624474
-0.2666658036
0.8286739916
-0.5218068674
1.083858112
-1.300394922
-0.1878388152
-1.35542379
0.185161538
-0.6252004057
0.8419973478
0.3481264938
0.1899424896
0.2755600542
0.4495418184
-0.6942311078
-0.5734351426
-0.6466470703
0.8006650656
0.1924302842
-0.4463489244
0.738654536
1.649478114
0.5538125798
0.2628445592
-0.1775503384
0.1325290781
0.5865559101
-0.5173563011
-0.4072054576
-1.020714843
-1.200731921
3.042625093
0.7302517205
-0.3501355715
0.7026311427
1.130362961
-0.7062983319
-0.7574807107
-0.3796713401
-0.6635240734
-0.8510291576
-0.79015809
0.8457301363
-1.128702188
-0.52560765
-0.07168190065
-0.3369912565
-0.002340841293
0.1214337206
-0.2208218758
-0.4488703452
1.045330366
-0.3007383667
1.161571068
-1.312576967
-0.3026538745
-0.9207779795
-0.1723275432
-0.08285102267
0.2647542527
1.129391241
-0.6780437201
-0.5622534692
0.6806010105
0.5570944816
1.697004133
-1.153380632
-0.9046641946
2.200479519
-0.3820522863
-0.8152636409
0.01636106642
-0.1820305115
0.8183865726
0.7081395909
-0.0931975035
0.2791807584
-0.3353897296
-0.7182135642
-0.1824722622
-0.5753630772
-0.5123518199
-0.288706892
-0.3924191322
0.1352027142
-0.6235392079
-0.06134154983
-1.230129272
-0.9937149078
0.6196788765
-1.582787544
-0.2027611624
-0.4097053654
-0.5098944649
-1.220093727
-0.0846602032
-0.5964480817
-1.400010645
-1.229063147
-0.1073786262
0.5826226512
-0.6650817961
0.8164874315
0.1181822073
0.4139922656
-0.976380986
1.241229829
-0.2809347898
0.2140132719
-0.6077119857
1.335419375
-0.004209390748
-0.205828521
-0.9204750061
-0.6273952603
0.6192634732
1.71354205
-0.6974268079
0.07593459599
-0.6308573022
-0.1414924053
-0.4157083526
-1.079100165
3.959779429
1.582190791
0.4673657417
1.500132203
-0.4953450482
-0.2009420559
-1.148079938
0.7878071025
-0.9946643442
0.1184544586
-0.3772862837
-0.6483802959
-0.2908043317
-0.9122035861
-0.5296972394
-0.851527977
-0.1116667118
0.1350491186
0.8908063531
0.2433114506
0.9730556995
1.838407141
1.54899193
1.936398727
0.269923
0.1552595055
1.466842082
0.1855551509
0.3395197378
-0.3218805552
1.580970967
-0.9765252799
1.707948056
0.5335643398
-0.0215449905
-0.06099808388
-0.9803305447
-0.9351860315
1.166864556
-1.181563681
-0.417846451
0.118326739
-0.251837467
-1.088177732
-0.03835302964
1.056087947
-0.1840187527
-0.9233327061
-0.8438904613
1.531214064
0.5030362621
0.007605792116
-1.104108471
0.4658800013
0.06990119349
1.325876111
-0.5998424754
0.5084793307
1.779878613
0.2906785306
-0.1448869025
-0.1360111764
-0.08337208815
0.7662318931
-0.1760343526
-1.166019216
3.418175602
-0.183064918
-0.4618057407
-1.046728751
-1.168652853
-0.0203098977
0.4427007474
-1.017883366
-0.8841087729
-1.230631089
-0.607997483
-1.640467983
-0.6961027116
-0.970288232
0.1265622668
-1.59884488
-1.776087183
-0.807838273
0.4417219251
-0.910488975
0.2701018974
-0.2877432147
-0.8400421828
0.6130749483
1.035236326
-0.03756514583
-0.768302992
-1.778848481
-0.6459382594
0.3631871194
1.640105557
-1.035049367
-0.7315940887
0.3249126419
0.8919418558
-0.3613058507
-0.9339688033
0.02607121812
-0.7942033917
-0.4011497781
-0.7767681658
-0.4344780922
0.8674362555
1.390176544
-0.3578276172
-0.2461596424
1.102246657
0.665364708
0.70622853
-0.4409067959
-0.3707233213
-0.2773259096
-1.502273655
0.2510969166
-0.2489116272
-0.07129081097
-0.1287193537
-0.1395721303
-0.7945261955
0.680476594
-1.082057372
-0.05529722832
-0.8485919505
-0.3467177615
-0.4952223241
-0.3263189986
-0.471126774
-0.1202324836
0.4365902405
-0.5714601338
0.2535946429
1.326940173
-0.3243314631
-0.2364667999
-0.1007538676
-0.4894258678
-0.001352413371
-0.944744435
-0.5790280089
-1.520868486
0.464666402
-0.7250190437
-0.7868642449
0.09175092969
-0.2042034125
0.06183074918
-0.9821531385
0.6015430689
0.6804018945
-0.3725155935
-0.07347485828
-0.5217316672
0.1451772754
0.4069373146
1.341547641
-0.9453292966
-0.2188551895
1.591666701
0.4034436516
0.9021454483
0.176913048
-0.6471772656
-0.2616761122
0.9794325054
0.8791526616
-0.7311762497
0.1969831347
-1.038554338
0.9703882098
1.822316968
0.0421248774
-0.2464118086
0.4746361889
1.203427047
-0.484531039
-0.01318627521
-0.005498275813
0.6196657166
0.5968802385
0.7491022423
-0.1227506509
0.08866429254
0.1349389173
-0.1469363105
0.8362252355
0.07309066895
1.126542994
-0.436055541
-0.2910533242
-0.374503196
0.142612751
1.762380195
2.615016598
-0.199854736
-0.4756747991
1.618682462
-0.8173131227
1.781636536
-0.03705544397
1.41922116
-0.5702920794
-0.1299151232
-0.3107697874
-0.2874815635
0.9476801634
-1.03286998
-0.2424480051
0.6575665966
0.6808573008
0.822140196
0.2017888505
0.4835301504
-0.4923124045
2.279990548
0.8265828282
-0.570436582
-0.1998271806
0.1131494267
-0.1892076025
0.7085157335
-0.1944819788
-0.3351160131
1.212695575
0.6116364144
-0.5136703801
1.977616829
1.161512637
-0.02777682682
-0.3237291735
-0.7462413371
-1.063167742
-0.05728404163
1.638487309
0.5719166391
1.960388058
1.306673217
0.3963569343
-1.137779063
-1.572506762
-0.2516700521
0.262171413
-0.4558741093
0.2757035538
0.2724991786
-0.3996356484
0.04783637822
-0.3091605403
1.009437731
0.4752763256
-0.3003818776
-0.5658598099
1.478967288
1.058030444
0.7993438676
-0.4309941173
-0.0876352712
0.8616810054
0.5037057109
-0.7496609539
-0.5821245775
-0.5328362808
-0.5304884329
-0.4412868544
-0.6835748196
0.06167749446
-0.3366235651
0.6523231268
-0.1564242551
-1.361039633
0.4374036618
-0.6274773777
0.6814777568
-1.165860215
-0.6375071809
1.040990809
-0.5121192932
-0.02191795548
-0.5540323183
-0.4527840093
-0.0318055843
-0.3767651327
-0.3798224948
-0.9644740015
-0.3484270543
0.5562231719
0.01744952928
-0.09773815852
-0.1943103241
-0.5979331553
-0.3293162972
0.4137773788
0.4627379514
0.8441056043
2.375420517
1.683500278
1.12054477
0.8866970658
0.3814013092
-0.07066590399
0.992191948
2.205291033
0.4734311899
0.8900397047
1.148156413
-0.5510573208
0.2910107791
-0.155037351
0.3311198225
-0.8607629776
-0.6019040391
2.307070374
-0.8913735986
0.5026136398
2.340976089
0.3554341039
0.6340531446
0.825409171
0.4195033897
0.07906581927
-0.7349501312
0.6259848148
2.412944156
0.1037834624
0.3814269073
0.8790768653
0.2796581861
1.662837195
0.7398338832
2.066915512
-0.2671463225
-0.1732767684
1.857118213
-0.7034145966
1.716595387
-0.3080930673
-0.03456190638
0.8362551168
1.302279454
-0.6806046441
-0.4764018774
0.1181888926
-0.2097365931
-0.1677325528
-0.1258891799
-0.4219511084
0.05525181359
-0.9506310672
0.008897682
1.527847725
-0.2265341129
-0.5235718399
-0.08818008006
1.163211447
0.03569735251
-1.303252637
0.5852203712
0.1029510861
-0.411141827
-0.06144788107
-1.159419766
1.349546191
-0.136952368
-0.7988964856
1.489829338
-0.7114681125
-0.132046961
-0.366511219
-0.5681653433
-0.6987421304
-0.1278204102
-0.6487842396
1.298974597
1.090645985
0.9391405597
1.582064283
-0.7104307398
0.7714634836
0.2359078206
0.7602616608
0.7492786199
-0.1920997534
0.1817916171
0.8253415436
-0.4311423637
-0.2939625362
0.1097754839
1.149762022
-0.3008895427
1.019932404
-0.1412851572
0.7446374089
-0.7430237859
-0.8715861529
0.2786321077
-0.05880155358
0.2355049176
0.4231608622
-0.3801930532
0.2864712374
0.5617835507
0.3882168986
-0.2509988349
-0.9446341038
0.889874123
-0.3840443838
-1.479599845
0.152530214
0.08880293686
-0.2671709582
-1.300018409
0.05942558981
-0.07004136574
-0.1563842131
1.2297575
-1.104917711
-0.3587489022
0.2052421454
-0.07078559697
0.0389948979
0.8439145595
1.153457096
-0.6612247631
-0.3906991929
-0.6343994275
0.3566379646
0.5221863538
-0.08698895033
0.5934373967
1.577640599
-0.4354792444
0.5173218973
-0.5931725815
-0.4068006881
0.1032874072
0.02724670041
-0.8491100788
1.21916824
-0.1267009081
0.02338920147
1.190571254
-0.08017420694
-0.8867323637
-0.3213159043
0.1544485573
-0.4817499727
0.1860333972
-1.19801577
0.01792871933
-0.764045617
1.029941964
-0.1926987067
-0.6792010933
0.7301864505
0.1112224714
-0.4745105281
-1.156660879
-1.5039877
-0.5539753035
-0.5445285924
-0.1485895438
-0.4940497115
-1.376232934
-0.03006114773
0.03589598732
1.536975408
1.329118407
1.039494702
-0.5970367894
0.7949822545
-1.008498612
-0.2629127938
-0.4250398397
-0.4895706665
1.661011493
1.149986586
2.437022263
-0.05868593547
-0.3187501535
0.8821357638
-0.4969016537
-0.3536757112
0.5114785813
0.1664706226
0.588380596
1.060097581
-0.4934300482
0.8547463328
-0.1758220941
-0.808402133
-0.5361258492
-0.9533421606
0.7408479005
-0.281438873
0.164424634
-0.200501594
0.2120768657
-0.4364433512
0.3826266814
0.3077690717
-0.277076941
1.186675256
-0.3820323639
0.7432219379
-0.4769548148
-1.08354511
-0.3680324391
1.414727762
0.8387317821
0.03574642837
-1.073038062
0.634795408
0.8783958495
-0.1129561513
0.7152629673
-1.050580791
-0.08023556042
-0.3088084271
-0.9156226128
-0.5916596323
-0.6575944409
1.458467495
1.635548949
-0.3283472724
1.498086363
1.343544757
0.3688262101
-0.6333277047
-0.9327675968
0.03403824475
-0.706899175
0.5754067691
-0.681509237
-0.03493294772
0.4993218482
0.4378839493
0.03938013725
0.4005913379
-0.1084818063
-1.156544971
-0.4955982044
-0.5994095951
-0.2164172972
0.8244432479
-1.35313707
1.124297708
-0.007361806091
0.506652627
-0.2907707868
0.4476344302
-0.4078708097
-0.7667986184
-0.5747605473
0.8831722796
0.4223320927
0.3951173428
-0.4024387807
-1.232472682
1.601796967
1.389777026
0.7343630508
-1.336822236
-1.58334825
-0.1920064796
-0.03843700662
0.6077956602
-0.0262937963
0.02367989458
-0.8478751957
-0.03395738658
-0.4916965708
-1.643068117
0.2856100773
-0.814441511
-0.9712960958
0.09629614111
0.493878765
-0.5914827526
-1.362946528
-0.1946348171
-0.2679744098
0.4486847125
-0.5203764468
-1.152039498
-0.09094832414
1.159317723
-0.09841381109
1.469537276
0.8428224951
0.8534565032
0.833108747
-1.302466559
1.168713993
-0.7005474716
-0.4964232206
0.1596519101
-0.7726601273
0.07384707052
-0.2438009579
-0.8393686086
0.4151747129
-0.0178123326
-0.5669041336
0.5504440367
0.2904647782
0.6651920691
-0.6984095827
0.4978889226
-0.5231296569
-1.021394286
-0.09073859034
-0.3874280147
-1.638697618
-0.9399570167
1.051743716
-0.7804522991
0.5171305239
0.9367208421
1.297054651
-0.736890994
0.3123756051
-0.5328967422
-0.9334071249
-0.01706961095
0.9074896514
-0.3616356038
2.487240988
-0.8130743444
-1.155708
-0.4038002551
-0.0248314837
1.211588353
1.020517376
2.065715909
-1.114524031
-0.3534812838
0.3292292931
-1.356544775
-0.6685089052
-0.840206638
-0.2101460168
-0.08644397794
-0.202310236
2.68093614
0.6134980068
0.6101196816
1.091092238
0.03264008584
-0.1488220561
0.2989952624
-0.6469847649
-0.3652533848
-0.7166222379
0.08519124072
-0.7680104449
1.232696334
-0.9306862891
-0.7938943297
-1.235328493
-0.8880488455
-0.4019835219
-0.8007989377
-0.1798720248
1.178828874
0.1016641216
-0.1196226578
0.5189250015
1.017206024
1.792632669
-0.3090458751
0.9308714479
-0.6093295231
-0.08178680716
0.8571891472
-1.182065153
1.083073825
0.6211013466
0.4115141552
-0.7773310184
-0.2635461193
-1.279935563
-0.3764302693
-0.9826867491
-0.5361917473
-0.8375544727
0.1773770491
-0.6800225943
-0.2612939417
-1.149498871
1.060048273
-0.1668947204
-0.2189156174
0.2013141274
-0.7748771489
-0.9557880521
-0.4855545714
-0.2339872673
-0.891983512
-0.1093740821
0.6115591139
-0.7061932296
-0.8533830881
-0.7511284679
-0.8609980583
-1.347984296
0.08614243111
0.6651949763
-0.5163593039
-0.6838629663
0.3090164449
0.07689054832
1.008106185
-0.01759516895
0.740404585
0.9701830864
-1.105524305
-0.2416942451
2.249850428
-0.5696850806
-0.1630833378
-0.1677703025
0.895945029
-1.611516786
-0.5378081799
-0.09646445811
-0.0470360456
-0.2118209586
-0.7476192325
0.4106503993
0.02935815267
-0.1018959593
-0.2644838026
0.328325741
-1.529228961
-0.7311313301
-1.051064718
-1.313587761
-1.115837428
-0.1010691222
-0.2900139876
0.3235311475
-0.207294574
-0.4710722655
-0.3214700557
-1.240160477
-0.03468136298
0.9354854554
-0.5415947184
-1.449958634
-0.217349178
-1.078595281
-0.8081886441
-1.610720652
-0.3139705718
-0.7630586207
-0.8421589792
0.250569669
-0.4373537511
0.5402246431
0.3490193726
-0.4674974382
-0.6383566856
1.067552763
-0.3567277815
2.263222611
0.7627493441
0.06405606456
0.4180246446
0.4281025108
1.539122224
-0.9484673589
0.577229894
-1.102321824
-0.1880411746
0.5858058661
0.04673953094
1.653938818
-0.7703884751
-1.016674423
-1.149746034
-0.1679599661
-0.1250498865
0.7754304141
-0.52061003
-0.5013883486
-0.6292513713
-0.7090295553
-1.395323038
-1.054908442
-0.1569752462
0.4372180372
-0.06831861497
-0.3765810631
0.01750054914
-1.278397202
0.679545904
-0.09578417344
1.148669143
-1.3135755
-0.7342068732
-1.860138422
0.2868145845
0.510774231
0.3845063128
2.15139398
-1.093448919
-0.3752312161
-1.256599453
-1.051993442
2.31921652
-0.1918235015
-1.333102643
-0.126854155
-0.3003921097
-1.002159795
-1.046027607
-0.05098528651
-0.9979243845
-0.8834717661
1.76091609
0.2484738439
-0.519416292
0.7930073336
0.393112139
0.9959744871
-0.3584695306
-0.6589947701
0.2330525849
-0.09368176609
-0.9298744559
-0.9133664191
-0.02343680784
-0.9082432836
1.465322161
-0.3317076288
0.5979027458
-0.4847055025
1.703145087
0.04920986537
-0.5784734473
0.1094719771
0.4957970269
-0.2051510681
-0.309236493
-0.5240130261
-0.6647218347
-0.4421627142
0.4926464342
-0.3927167341
-0.5605028793
-0.2757168386
1.300305074
0.1155433591
0.6265225351
2.133948225
1.709253043
0.8321716487
-0.02352741119
-0.3285883188
-0.1735183923
-0.1993690987
-0.5407482639
1.728708631
-0.1216978535
-0.1723777466
0.281151457
-0.04381514229
0.2302130943
0.2411923498
-0.3439110518
0.3168341633
0.8872421503
0.4793127567
-0.4531024307
1.377762419
0.03413952868
0.2667662407
-0.6866023213
0.1151291799
0.6964176863
-1.02782428
-0.1408179969
1.403402036
0.01623388901
1.807926172
-0.6584513798
-0.002482763492
0.6183604926
0.02574502095
-0.184231782
-0.4123978861
0.02187961368
-0.1300606014
1.490168169
0.5629384518
0.37178123
0.5188271999
-0.04407339101
-0.8567000926
0.2513374079
0.2920134272
0.3621864107
-0.5853652969
-0.7329993427
-0.2555468207
0.3127949379
-0.03589158361
-0.9038853824
-0.6757132798
0.8457257912
1.88063907
-0.3390893959
-0.1681562302
0.6772716314
1.372142583
-0.2139009809
0.4525984317
0.3895343258
0.2457588349
-0.5887372255
-0.4203534491
2.988217175
-0.9913289487
1.631853902
0.6202439144
1.163771823
1.447458684
1.04363814
0.4943074122
0.1434295569
0.1409990883
-1.037639332
0.5429461211
-0.2415546982
0.4518886618
-0.3762935542
-0.4189069182
0.2949539971
-0.3765494779
1.840662998
-0.799748078
-0.2813400175
-0.3874456629
-0.6051573008
0.003983959276
-0.6747267351
-0.09867035635
-0.4818866983
0.9452709198
-0.2958856774
2.072224444
0.6023738906
0.3102177603
0.04652968021
-0.4071793318
-1.435101885
-0.2950293299
0.22666573
0.3781761859
1.042757532
-0.5250809565
-0.8240096688
-0.6731662899
0.8350622118
-0.06938169375
0.8629412621
1.745873892
1.47506837
0.6964281455
1.896786392
-0.7783405483
-0.2887599073
-0.04540703157
0.4176218653
-0.7499967992
-1.186827973
0.3294865401
0.5799587235
-1.13653127
-0.3148776308
0.5824575923
-0.03320217896
0.1460074211
0.02804178093
-0.01296991501
-0.5500887141
-0.1834378503
0.3173931029
0.1026042789
-0.7420313075
-0.7007393092
-0.321118388
2.977642238
0.936368829
-0.8888961166
1.209871602
1.486350191
0.934390071
0.8729118347
0.4407977229
1.141921753
1.184433898
0.4751590118
-0.5251820847
1.142371193
-0.4317024052
1.920165074
0.1625619072
-0.773774077
-0.5454212785
-0.1890423935
-0.1219713377
-0.8414124131
-0.572365813
0.2485328401
0.1267073641
0.7234074727
-0.4410349041
-1.095864794
-0.09450740758
0.6934930865
0.2285692539
-0.176011643
1.258403951
-0.04463015022
-0.1044801285
0.0543574614
-0.4572039992
0.2102157795
0.2542265965
-0.2233245544
0.2006396968
0.4166156396
2.027167076
0.5333047792
-0.6183127016
-0.4991251975
0.827774632
-0.3960800245
0.9600305811
-0.6215155914
-0.9304182023
-0.1802130803
1.211206797
0.49370095
-1.540178299
-0.8619929522
0.01522891307
-1.194215518
-0.6447626665
-0.9353940994
-0.1936257172
-0.2345827006
-1.627038687
-0.7476729333
1.148643199
1.498033842
1.168011364
0.6160732359
-0.613142021
-0.1970137273
-1.022619668
-0.56625873
2.551315439
0.7964435056
-0.2922859702
-1.233845693
-1.045694894
0.8429499
-0.1512834078
0.6801322907
-0.4551226452
-0.2853300691
-0.9172389627
0.772937353
-0.9966624141
1.013559669
1.412753648
-0.4987454712
0.8483908355
-0.3975283474
-1.073342717
-0.04286796749
-0.150514196
0.5237064131
-0.05094801337
-1.039688057
0.5020479538
0.6744834796
-0.05163002834
0.2988603862
-1.164693388
0.8511978492
-0.2079375502
-0.3022290342
0.4679851972
-0.1481366875
2.149194455
-0.128404504
-0.008033298887
-0.0598148074
-0.6126129225
0.02103476017
-1.28258276
-0.5246814832
-1.49362464
-0.02124873716
-0.8862461358
-1.099999154
0.4492287897
1.898737663
-0.6163183272
0.1121109022
-1.074575984
-0.0275182236
1.111046904
2.257521224
0.4933125682
1.761145532
0.5148572557
0.06622386449
-0.511252287
-0.2532775085
-0.1333457319
-1.054822892
0.3349077281
1.080648465
-0.6669794053
-0.9577866733
-0.2426866308
0.6734040037
-0.1755448436
0.8891349211
-1.03283951
-0.1957761747
1.552023828
0.09973352388
-0.4793221235
-0.2747975953
0.1756336108
0.3661698569
0.455001089
0.9839607447
-0.7665834427
-0.006567213824
-1.020787504
-1.013459331
2.093778121
-0.6793179318
1.57400347
-0.4676716827
-0.5238260865
-0.1531301772
0.7166676939
-0.02013842957
-0.04211510029
1.898371369
-0.4911892086
-0.07731047235
-0.275819955
-0.2956850499
1.223111737
1.143547413
0.4584452383
-0.51375916
0.4656937048
0.8971331328
0.3774056491
-0.4743150219
1.417864516
0.1386056662
-0.2579232395
-0.965603447
-1.027302992
-0.3212215036
-1.129122165
0.1186877105
-0.605449485
-0.1385313297
-0.04162328467
0.5371832252
-0.4390135944
0.4205471832
0.3190864462
1.159930679
0.4785942584
-0.9910077035
0.1959853334
1.23052485
-0.4500189364
1.872388661
-0.2283670872
0.2155207444
-0.9262612641
-1.12609542
0.6505881779
0.9900703073
-0.3396950923
0.7507454082
-1.352450421
1.025761193
0.09752328089
1.110633427
-0.4235229179
-0.2359130925
0.1133907108
0.1368415102
-0.2961726833
2.887894452
1.789173943
0.8250261739
0.1376932409
-1.190560508
-0.6673547044
-0.9818261474
-0.5255198985
0.1619897
0.8091525644
-1.075655144
0.3559741884
0.8789901972
-0.954233247
-0.4025610104
-0.5993923455
-1.305846906
0.07348927897
-0.5802671582
-1.720540351
-0.6069954962
-0.2510613645
-1.54630242
1.529146391
-0.04398989327
-0.3764562085
-0.2737569846
-1.594747478
-0.6950037718
1.14095538
-0.8481541336
-0.3453282058
-0.3346420169
0.3156802215
2.185163945
0.6387824744
-0.2430150941
0.2272433951
1.216153295
-0.6370699346
-0.6196206972
-0.9522187918
-0.3624717213
-0.8824743003
1.164336881
-0.6291147262
-1.146467361
0.1128546492
-0.01981366575
-0.6716136634
-1.371297026
-0.9844044477
-0.2768256522
0.270893538
-1.22952913
-0.9058616757
-0.01553458562
0.1922422463
-0.5979230866
-1.120756853
-0.7569355816
1.248542443
-0.5001017019
-0.3742330909
-1.055227619
-0.6301202178
-0.572289069
-0.2354868056
-0.9152289271
0.2460395239
-0.3100189619
-0.3052158691
0.7565502584
0.3020511542
-1.125892612
0.1232258439
-0.219203613
0.1379525911
-1.631509107
-0.2215403114
1.510189453
-0.3443024144
2.178758204
-0.7504026949
-0.4843909942
-0.5316130817
0.09836820643
-0.2943700336
-0.2239519784
-0.8136017799
-0.9451625794
1.190592787
0.6074547559
-0.2482470261
1.59824509
-0.2306338731
0.9496683374
-0.06191000203
-0.3374297492
-0.1579946714
1.643699476
-0.5834884033
1.369469407
0.6536843956
-0.3133841597
-0.4331784993
-0.6166204154
-0.4061541423
-0.1121178579
2.026729161
-1.475623542
0.7225132864
1.04842082
-0.3386887752
0.9719481021
-1.280143887
0.280749971
-0.197159525
0.8284366816
1.099078941
-0.5501438782
-0.7817609012
-0.634263663
0.7672507852
1.074774307
-0.3347401954
-0.9951867074
0.8049941033
0.3311703582
-0.7292204618
0.6925532088
-0.9382000625
0.3274210043
0.2146590492
0.769024165
-1.582883453
-0.6147983968
0.5044707181
-0.5658473313
0.6197865114
0.626216644
-0.3591982648
-0.9839583129
-0.2696301121
0.001840623189
-0.3789320096
1.27724458
-0.3878583044
0.6363340661
-0.8894411296
0.7986239284
-0.01402279232
-0.4382989198
-0.03554818779
-0.8631222695
1.559949994
-0.9357960939
-1.321043336
-0.6947996825
-0.1131731068
0.1821357854
0.1685475559
-1.071805048
0.2203712776
-1.259405267
-0.6075547948
-1.227506226
0.3838508811
-0.4883636117
0.3059509732
-0.5878899217
-0.9943574518
2.557496333
-1.541802287
-0.6952076733
-0.5840780452
-1.047423169
0.05466522537
-0.4305283479
0.8551819265
0.2907554876
0.08386874385
0.07789494991
0.5348113343
-0.2315275878
-0.672592175
-0.5400960088
-0.3430541493
0.2047514046
-1.11092563
-0.5641574651
-0.6978520945
0.02998056579
-0.2707585147
0.7818677291
0.1395150159
0.4003246389
-0.8144236892
-1.155104527
-1.030629122
0.06606165487
-0.7115108594
-0.5104779892
-0.05451855604
-0.5864169404
-0.6222899541
0.2935520048
-1.064467853
-0.5563989624
0.246902583
-0.4176846147
0.007716043852
0.1755727001
-0.9611144423
1.332237887
0.8456587419
1.150942388
1.328598091
-0.1354752319
0.4045891322
0.9617986143
-0.5283137247
-0.03266785913
-0.3170224287
-0.02065944923
0.6958396269
-0.1486604534
0.3538211882
-0.6851308078
0.03422912979
0.5049452584
-0.2174787579
0.7145119056
-0.1036924225
0.4046182159
-0.7360139698
-0.06910948534
-1.105403504
0.9169516996
-0.5827800095
-0.5927116856
1.046943542
-0.08891009782
1.125467667
-1.120341623
-0.4291044429
0.3541563097
-0.5658103839
0.318880962
-0.3510369908
0.6401858568
-0.467647478
-0.3554153778
-0.6261572972
0.1144730474
2.402688903
0.8528478004
0.7472654372
-0.04212359712
-0.6936571896
0.143782985
1.807267439
-0.8842930645
-0.459863694
0.2165534333
-0.3563169621
1.115543258
-0.3993045032
0.4626053069
0.8574743927
1.10902493
0.6272616498
1.510682172
2.842400885
-0.07168670408
-0.3522912316
1.472810391
2.051935101
0.6288282737
-0.5437534161
-0.7857422382
-0.4942365021
-0.149172426
-0.2316314906
0.1550937334
0.3791804105
1.135721314
-0.38318443
1.225212905
0.2638047647
-1.137712628
0.4112667397
0.886965701
0.9760303348
0.5993852839
-1.389349991
0.3806982358
0.1660255864
-0.2324732386
1.448195294
2.282036769
0.7872453794
1.130580392
1.030326641
0.6547777221
0.7312903732
0.656555225
0.1649655528
0.2827090709
1.061508313
-1.123842761
0.9689561874
0.6586227164
0.1002011324
2.06262176
0.381358205
0.2085342968
1.400937924
0.5932901144
0.5167993769
-0.2131780565
-0.1214373845
-0.4239862218
1.2854452
-0.2240486901
-1.769371098
-0.4585374922
-1.048839843
-0.3516010929
-0.09462937284
-1.20254167
-0.5629372165
-0.3324726745
2.341587317
0.09406580795
-0.3618176386
-0.3260679975
1.29182322
-1.681564671
-0.4923473135
0.6097062379
0.7471346594
1.010157022
-0.5922085464
-1.073187453
-0.3175459407
-0.4746533081
0.04990699776
-0.9564930767
0.6870745197
0.005183663825
0.1311132144
-0.3319117308
-0.7867783576
0.1412997247
-0.6178058475
-0.5782033935
-0.06608851422
-0.1177783387
-1.06779567
-0.7559447348
-0.6743789375
0.1743176883
1.85554322
-0.1671158873
-0.9689649582
1.198300138
-0.4799648583
-0.7009104095
-0.7864949405
-1.050478941
0.8739902705
-0.07919658646
-0.09805990458
-0.2344380911
-0.3291368559
-0.4531856656
-0.7371696964
-0.8800406218
-0.2644236967
0.3190414362
-0.5070531696
-0.8530451864
-0.3238299761
1.232587439
1.076808682
-0.02364245038
-0.1676755242
-0.6988070279
0.2993087849
0.4903020486
-0.9710083991
-0.7065351039
0.1175398332
-0.3726631694
-0.0842289174
-0.7781451017
-0.1544708999
0.05486090705
1.02771771
-0.3159428313
0.2076739252
1.306147164
0.6331008308
2.280083972
-0.6835660636
0.4629665658
-0.5187817104
0.7500015333
-0.5079253912
-1.40242635
0.9785440624
0.1100673048
0.5900069989
2.038396764
0.3591380109
-0.685998185
0.4409686744
0.1461662438
0.08228917364
1.159759739
1.879151273
-1.187148893
0.2570519615
0.2910104151
-0.4160095163
0.6342605785
-0.1137108814
0.9065088436
1.953889841
1.067557655
1.097565606
0.8133293971
-1.180715299
-1.055819461
-0.814449811
1.261758798
0.2359331668
-0.5346494377
-0.4153016686
0.003748076595
-0.2639506537
1.372201395
0.1966086566
-0.4660107896
0.2938933207
1.495614138
0.6233906955
-0.1250800289
0.7772185355
1.26799624
-0.5679976091
-0.268566988
0.4106057644
-0.07003498022
0.1000577361
-0.1641569262
2.460678089
-0.7469369203
-0.6128742993
1.617916131
-0.754803291
-0.9579239845
0.7494676054
1.866359031
1.25696454
-0.3198194176
-0.3951856688
0.8310060963
-0.9070007622
0.9359910056
-0.1791996529
1.614923409
0.2078268659
1.573343015
1.047788937
-0.2063443858
-0.2955376804
1.721993566
-0.181441085
1.176203111
-0.7346162766
0.6012215629
0.6291134119
-0.1693429384
-0.6152685598
0.8532476664
0.8444523036
-0.7492024481
0.1348396826
-0.5043445081
1.640023643
1.546157449
0.05279521197
-0.6662729114
0.1877506331
-1.031261182
0.7938394278
-0.9646967903
-1.093399987
0.1637394416
-0.707603845
-0.7282607913
-0.9221520454
-0.485881342
-1.027287382
0.3908389606
0.380642138
0.4617124401
0.1339316218
-0.1770651553
0.01483920505
-0.6078277603
0.01354178237
-0.4290480658
-0.8143131435
-0.1755443789
-0.3070305601
-0.4920314208
-0.08423779793
1.818562496
-0.8527306199
-0.496706751
-0.105064862
0.5898448545
0.7389189482
0.7041729674
0.07516020727
-0.1396290133
0.3112171836
-0.5042578816
-0.1905375771
-0.05066841245
0.4631537355
0.8559859961
-0.5773830369
-0.1303458326
0.9299845412
0.4786965147
-1.22577498
0.088965616
-0.9880792767
-0.5908020481
-0.595678708
-0.4004052842
-0.8398372203
0.691324947
0.461583548
0.734095867
1.092069492
0.05297932927
0.875275021
-0.7228578925
-0.08811079692
0.4660202704
1.03271566
0.209394461
0.7538238034
0.114651804
0.7859065652
1.040651485
1.567889708
-0.1095689787
0.4935692862
-0.638718456
-0.6985179782
0.2347776293
-0.9285489887
1.368182939
0.06231747456
0.08732388038
1.388067862
-0.6608775705
1.360150108
1.129333329
-0.0944592474
1.896581924
0.0192650645
0.8628638357
1.459084496
0.01992181577
0.8742842525
1.000772637
0.2988786139
0.08803607058
-0.6933974445
1.170561901
1.405155978
1.62805101
-0.009887743928
1.970084113
0.1907850072
0.5514351189
1.108517393
0.8244668722
1.203463039
-0.2051515348
1.348338082
-0.5149815351
0.03976129498
1.047521582
1.898754907
-0.3343205944
-0.9195812911
1.042948952
2.043008012
-0.1489706967
-0.3633581728
0.09192784545
0.6143605359
-0.4470167577
1.275290516
0.5915381379
0.5098493293
0.9961424515
-0.02930171899
-0.306984508
1.449751005
-0.0373349688
-0.333843635
0.146380943
-0.3627023336
-0.02810374945
-0.4785484873
-0.4826672226
-0.5323816568
0.6619165316
-0.0002992073074
0.8947646379
-0.02704678487
0.3888096005
1.001771697
0.01951648262
0.2709794881
-0.9619416922
-0.8135305822
0.7184669867
-0.8587015092
-0.537697643
0.9143239155
1.252376774
1.516766089
-0.5095096529
-1.098495016
0.3631286327
0.8112457514
-0.7681687504
0.3337744382
0.04066995289
2.330581707
2.031293577
-1.157557467
0.9526350945
0.9571207106
1.664612329
-0.235682318
0.3742238156
1.404637671
2.500597435
0.8128734022
1.317458045
0.5294214733
-0.7700463027
-0.1708021585
1.996396041
0.02964083944
0.461252117
0.7277213395
0.5643048994
-0.389943552
2.159740394
0.7103063241
-0.1690026952
0.7429428414
1.55920932
1.034110734
0.2727533508
0.6914517947
-1.07871303
-0.9911232471
0.8073273093
-0.836786893
1.042994273
0.9742492855
-0.06018913654
-0.1440499693
0.05875392642
1.07914829
0.5592686091
-0.4183462784
0.4048531424
1.344370461
0.8073889479
0.1946653245
-0.5926029369
-0.02841065079
-0.4486766323
-0.1015681077
1.506521094
0.1011493021
-0.276879723
-0.5421802834
-1.403744823
-0.04549912103
-0.900100863
-0.352367178
-1.189608189
1.167046514
0.2558567941
0.8760305971
-0.5125413015
0.5994332224
-0.4057329983
-0.2910800539
-0.1576923734
1.735003525
-0.5849441394
1.683580044
0.05653570909
-0.9246897429
0.4958581813
-0.2598746754
-0.009758117748
-0.204130733
0.2309355937
0.1653757786
0.3584797455
0.7398027241
0.9467386693
0.1350535622
1.152675638
0.01230731513
-0.9602595806
2.112980777
-0.3065357126
-0.7380789489
1.031690332
-0.9532676876
0.08435196145
-0.6646395579
0.6750852168
-0.1801367898
0.9424587801
0.0360377819
0.6806253701
-0.8672484428
-0.1353642829
-1.084985915
0.8477378845
0.1442351094
1.424724868
-0.8577686399
0.3741321779
1.687649077
-0.5982688904
-1.045623508
0.3417171568
-0.1948307425
0.8887603402
-0.196652578
1.595836055
1.060799325
1.849765521
0.5183250971
-0.7339157999
-0.8930470079
-1.025189811
0.1455883568
1.805700141
0.003800552385
-0.09558091946
-0.1873952281
0.630376658
0.08046603096
-0.4785349861
0.5777407899
-0.5009587795
-0.1579774458
-1.566258556
-0.224391415
-0.08698891569
0.8359100789
1.11643419
1.09248088
-0.2017799817
0.9244710892
0.4131092489
1.286716273
1.744614595
-0.1992121883
0.146683299
-0.5835004024
1.933285296
0.1341745591
0.3442027235
-0.4408907741
-1.252362561
-0.3711686075
0.2517230935
0.5683723345
-0.8100759983
-0.4010381803
-0.05399717456
2.52058906
-0.6267664537
0.3773009684
-0.1895320894
0.6904817156
0.04847520143
-0.2034651488
-0.07118510082
-1.278793192
-0.5420452118
0.3065148327
-0.03181671957
0.3862121768
0.5408938304
-0.3888940275
0.7093422264
-0.5119031176
-0.6888879046
0.02244668189
-0.3958827049
-0.4664032385
-0.7171027064
-0.1083685491
-0.03554459214
0.8088100739
-0.2512208793
-0.4897188365
-1.394024271
1.253365564
1.401048571
-0.4220429391
1.054611602
0.1219985097
0.8095595494
-0.03980934396
0.1872321643
-1.144432101
-0.9432132304
-1.364755923
-0.1273311984
0.9684268236
-0.5582676589
-0.5648790896
-0.6732140005
0.4288310228
0.3161789738
-0.533801575
1.356755632
-0.3093705345
-0.6110484965
0.3699451767
-0.08210236933
-0.1267631676
0.2522652466
-0.2340654695
1.807622826
-0.1443217924
-1.155248773
-0.5555088252
-1.317624661
1.290621871
-0.5533928692
0.2587001083
-0.6512245223
-0.2597791992
0.2739487819
2.574844903
0.6782641113
2.248432499
1.670953441
1.168435755
0.3591891341
-0.3184091419
0.867985335
2.248277557
0.3570678605
1.465672338
0.6381491184
0.726575236
0.8171314418
0.6283982292
1.226543355
-0.05085363258
-0.039227085
-0.256197932
-0.1126231778
-0.1400009267
-0.1554630958
-0.594554013
-0.2784282632
-0.8106010109
-0.1863057476
0.1503701466
0.01301805684
1.100076473
-0.4455625528
-0.1735485999
0.08000618657
-0.2648102503
-0.4333918333
-1.23798877
-0.4346901454
-0.8283710539
-0.4299945042
-0.2001877818
0.1248173887
-0.04018534124
0.9652319819
0.005180045031
-0.005172371585
-0.1275547119
-0.3468161114
-0.3536655687
-0.185753778
-0.1305369761
1.424674854
-0.3273474306
0.7183382124
-0.3468842726
-0.721384868
0.02494628527
0.2263699932
0.7533863306
0.8930732012
0.0425937165
0.0824008273
-0.4527920142
0.3830747528
-0.1445093546
-0.3700984195
0.1866720641
0.2234904937
0.4905138716
-0.2934379108
-0.3464753836
0.3838013822
1.521676803
-0.4341656283
1.313893828
-0.06862841183
-0.7567605734
-0.007270930521
0.8864573047
0.3483133323
0.7932059094
-0.4408214301
0.6155274004
0.9001298696
0.7050727375
-0.2870625913
-0.9246950179
0.5872855708
-0.1519827911
0.8508707702
0.8406524435
0.6475968974
0.9403899401
1.346962395
0.1191949744
-0.04854915664
2.474396938
1.048163846
1.011537704
1.195116106
1.032488599
2.255570561
0.09801604794
-0.468108806
-0.1716368925
-0.8276589155
0.2300810686
-0.07785561401
-0.7981294557
-0.01835278161
0.5046364088
0.9718111157
0.5624069199
-0.9642965168
-1.166224071
0.2014242577
-0.2643222231
1.886642057
0.1210538522
0.3486095695
-0.603982453
-0.2768673427
0.7428109512
0.8401248753
0.2209194915
-0.1249348097
0.04330674112
-0.1257781883
-0.4163277015
0.3446723463
-0.124766307
-0.2254070964
-1.016521803
0.569424608
-0.2806959845
-0.06612039236
0.07614803538
0.07391943336
-0.4340342045
-0.3047589775
-0.6024488255
-0.3763736192
-0.5697134092
0.3714567028
0.5552818403
0.05987902479
0.730392094
-0.2698157076
-0.2035422847
1.882303333
-1.358779606
0.8701867923
-0.006371968938
-0.6834033623
-0.5301211298
0.4336874569
0.1680604102
1.406391421
-0.04931942858
0.9756118804
6.737373769e-05
-0.4059957191
-0.3619461894
-0.5054750934
0.04964090548
-0.2534501318
-0.3369862258
0.6873085067
0.3306552054
-0.3261783581
-0.1340983599
-0.7363191321
-0.2139631897
2.079198807
-0.5666045442
0.4084415339
1.332594651
-0.1266183926
0.07884415882
1.617716104
0.1596151154
0.9022536978
-1.016873285
1.713880438
-0.09212176632
0.7815976068
0.1508425917
2.516368443
0.05907852366
0.7720539212
-0.4923870564
1.224305815
1.63018741
0.3868413944
0.2939752776
0.2044696967
0.5855933892
0.8065712512
-0.5121849254
0.09278414929
-0.1599703714
-0.1900157828
1.016803783
1.205191854
1.965631825
0.9176935673
1.750905228
0.74393626
-0.7766232729
0.1122304628
-0.4522389781
-0.008480241336
1.603850496
0.7641968086
0.2714000911
1.476815337
-0.512444596
1.495027903
0.4141731113
-0.30945528
1.707649317
-0.2487639718
-0.6338243335
-0.2667288549
1.693376535
1.296974763
-0.04596744701
0.9139513418
0.6553844303
-0.4683086529
-0.3348394439
-0.4539427757
0.06456340058
1.685241145
-0.2850749165
0.4186932132
-0.6473891199
-0.5995248139
0.8295501903
0.3589512008
-0.3758978799
-0.8546828032
-0.262173472
-0.04959248146
0.9473383248
1.434625226
-0.4031958893
-0.2717042901
0.380070433
1.330329087
-0.5244497001
-0.5702350006
-0.1805115554
0.9920846388
-0.8479462683
2.084887111
-0.1636799838
-0.1904166607
0.2531247088
-0.02126362268
-0.8533869803
0.7916778639
1.71217984
1.311131948
2.317570186
1.357365075
0.9197723627
1.238442564
0.01392444975
-0.5413890243
-0.5496759579
0.3809059171
-0.2758221038
-0.3238596987
1.704107106
1.814398295
1.487402177
0.1196665907
-0.2025258822
1.403212363
-0.4933596238
-0.8395807683
-0.1560655549
1.561967951
0.2233153061
-0.6760396764
1.818621945
0.4467900179
-0.3570504524
0.3804589305
0.03946579639
-0.589370814
-0.7599632233
-0.08659662358
-0.1000092405
-0.214273056
1.29485791
0.2477124091
0.4684539899
-0.3763307974
0.5023142252
-0.4658054929
1.274309364
-0.1768664803
1.464970177
0.7030310191
-0.6881793708
0.01319095138
-0.2265150174
1.139565146
1.293148264
-0.3880061336
1.149183592
0.3648817295
2.316044968
1.288561329
-0.3473794132
-0.777613616
0.4952145875
-0.4249051809
-0.2143828701
2.299168897
0.6192945443
-0.1827542529
0.8209252611
-1.686559111
-0.1397018443
-0.7522230595
1.411979803
-0.8170995325
0.3414806403
-0.2151600458
0.0502148143
-0.4097411126
-0.2110742133
-0.178634491
-0.09283180516
0.4416143214
0.04869305529
-0.2763445888
0.6963350125
-0.4440686963
-0.2763530113
0.2661292553
-0.3802241549
-0.678535229
-0.3354469489
-0.495510225
0.5272054702
0.2332515258
0.04198984103
0.01905759024
-0.3779217616
-0.05574258938
-0.02234686548
0.1656635502
-1.02882131
0.223451199
2.503492653
0.08838571236
0.2968467612
-0.06715076547
0.293450588
1.946004045
0.798857002
0.6152014911
1.162262461
0.8997486681
0.9461801931
0.3236653127
1.329362968
0.9739153534
0.2281069441
1.564255691
0.6929106697
0.4369625628
1.02705543
0.2047983373
0.1689779347
0.1414581742
0.9789205328
0.8831536889
0.4486502424
0.4751981717
0.4584636312
1.978258139
0.2400966145
0.2302884508
0.9892221808
0.3179107768
1.921191353
1.599299824
1.39289352
1.373080701
0.2190687394
0.9982797146
0.03070261832
0.7527696535
0.4801447824
0.2426100714
2.413762408
2.003898674
2.002378279
1.517085901
-0.1242830385
1.115082206
0.3849032499
-0.463308619
-0.004052500241
0.3635138455
-0.5773500592
0.8239578828
0.6697471052
0.6411320321
1.121819004
0.8743167445
1.583626372
-0.5181462586
-0.4262153387
-0.589319016
0.008073128387
-0.07742377501
0.5191323385
-1.012976682
1.364170462
-1.326204371
-0.1139309742
-0.7791252285
-0.5080923475
0.19341345
-0.5056378067
0.6954166025
-0.6947626591
-0.09535105359
1.087808663
0.7896184698
1.055320874
0.03775241049
0.02582682464
0.5700790849
0.5068885423
0.9822755843
-0.07748536551
1.619899422
1.266861013
-0.06146674952
1.689270127
-0.5558552727
-0.4055610679
-0.07521274816
1.348374382
-0.8827778339
0.3941501021
1.229987553
-0.3683629327
-0.5931432351
-0.9872922093
-1.550721395
-0.5678810775
1.207675967
0.09997866708
0.02168364376
0.2155753538
-0.5729742393
1.143650621
0.1845648366
-0.6198819727
-0.01768158916
0.08190604392
0.5122076035
-1.085986176
0.6360948443
0.2769355126
0.02646998148
0.8581050768
-0.3102592632
-0.3574752338
-0.04148070533
-0.6148217618
0.6431470685
1.56869694
0.4772210136
0.764658761
1.085446246
-0.5437574521
-0.09119965993
-1.064402518
0.6418752134
1.369835907
2.382098716
0.3543695979
-0.3038967453
0.564005639
0.4310258746
0.5974858381
-0.8413780123
-0.6150236458
0.5852211908
-0.7109943122
-0.4832115784
0.3482566295
-0.9242311567
-0.9074886382
1.513283819
-0.3927908868
0.291545422
0.8205666557
-0.4908738106
0.7505115986
-0.9639360696
-0.6923760921
0.514216245
-0.9656066775
0.8056433126
-1.042257044
1.27370241
0.1864785364
-0.923292765
-1.276371279
0.3865750913
2.230734468
0.01533411578
-1.315012497
0.7541709945
0.2518775304
-0.09456202947
0.1973811999
-0.5176899388
-0.08684978653
0.2829100094
0.3338268004
-0.125396969
-0.2454412134
-0.1446819473
-0.1481534045
0.6863128319
2.255542535
-1.449273562
1.145748416
0.2723507449
0.1355912561
1.990007925
1.935509098
-1.39543035
-0.5471514113
0.9255967811
0.08434631787
0.1906423572
0.9923401043
0.9528141856
-0.7889759511
0.6873993441
-0.1624154858
0.6694998533
-0.1487599451
-0.009742342297
0.2452610332
0.4239040032
1.458231068
0.1750192999
0.6478113472
0.2634399669
0.5087710407
-0.6561834529
0.9647085547
1.588489601
0.7659406766
-0.004277887009
0.6537203126
0.6750314876
-0.6153727874
1.668276709
0.07870314727
-0.1508384254
0.3292419802
0.823815316
0.7130856201
-0.6648611382
-1.251076245
1.025046369
-0.7493698865
1.072057423
0.3226606733
1.289335111
-0.2439735066
-0.9203327328
-0.4670831859
0.7834944434
-0.1947360218
-0.1415276697
-0.6677532107
-0.149957623
-0.2309796326
0.2624533221
-0.4410498157
-0.4594632015
-0.1504121078
0.4912641585
-0.9485082239
-1.078932768
0.7283751994
-0.1287971292
0.5580338582
-0.1137527803
-0.390272022
0.4001377977
1.753426009
0.1753023258
-0.9725350499
0.5807433993
0.5242573857
-0.4811017677
-0.2533394895
1.85227319
0.7089964017
1.092685165
-0.00290862387
-0.6273813099
-0.3212882325
-0.1224267121
-0.7805395603
-0.7789095849
-0.2170515325
0.5225402623
0.7915043965
-0.4273878738
0.2408484252
1.250062963
0.3551480709
1.212119615
-0.01487409994
-0.5163227051
0.417213209
-0.7657037556
0.1150168452
0.4895562202
-0.9766525388
-0.5041459784
0.6172623374
0.1123886219
-0.8693468332
-0.001727068936
-0.7819680333
0.795863001
3.025384295
0.6626645386
-0.7619084015
-0.5433083862
-0.1885612682
0.2388395751
-0.5801979855
0.1465737573
-0.4860849619
-0.310121664
0.3426190421
1.03744027
-0.6608142823
-0.757821244
-0.4111296877
-0.5415462673
-0.6458108976
0.2396113005
0.9911388844
0.04597650943
-0.3791821077
-0.6445480466
0.008557783626
-1.094984421
1.186580887
-0.1525379635
-0.144537824
-0.7015919149
-0.8419447958
-0.3192460433
2.364438289
0.2923797246
-1.055608794
-0.5160786629
-0.1418532139
0.888742128
0.03798620366
0.5241149679
-0.2241820622
-0.1825466398
0.2057800604
1.015805736
0.3123904072
0.7136687554
0.3792597547
0.4234991975
0.7152528316
0.3044109119
0.2390305645
-0.1030800577
1.6151981
1.20728066
0.3723896019
-0.7651453704
-0.2908158921
0.2600188911
-0.4534299195
0.3278714683
1.188214153
0.5750209481
0.5309382476
-0.820310694
-0.5047864318
-0.422132501
-0.4886705488
-0.07534564734
0.7126867652
-0.5777047515
-0.6968718901
-1.418172067
-0.7389558017
-0.1969492819
0.5702761188
-0.6607887432
-0.08327562697
-0.5289606256
0.3566580111
0.4401480608
-0.2345533375
1.726278827
-0.05946280016
-0.5712047547
0.2961215381
1.199046326
0.1140955
0.2172214145
-0.3553189941
0.7047762781
0.442054747
0.7097630665
0.7179651946
1.437226
2.039734453
-0.1808445582
1.82394259
-0.2059195071
-0.2583638452
-0.1968691844
0.293574192
0.7410833716
1.094932389
-0.5820755616
-0.08747522235
0.1052628751
0.4230344169
0.6146990165
-0.6024911314
-0.6316171214
1.303662375
-0.391665411
-0.6842137218
-0.3184751488
-0.6617824286
0.4771607598
0.08915219554
0.2689086929
2.258135837
1.491785774
0.8628875852
0.5683273023
0.7221957028
-0.1246780118
0.07433791552
0.9190947413
0.06584070474
1.870053154
0.5224340789
-0.6045341462
-0.2919634275
0.966988349
0.5800070778
0.07057980332
0.5172490828
0.3036580482
0.368102455
0.5867985815
0.3342541674
0.756861642
0.5823809437
0.3353826503
0.4648369079
0.000424061995
-0.9769920081
1.189552742
-0.2856500201
0.001496822666
0.4983741455
0.5265303718
0.04298540503
2.280311602
0.7471268037
-0.3826896518
0.7347452838
-0.07882103622
1.010444163
1.553605694
0.66536953
1.538084909
0.644254601
1.335927868
2.115467328
0.2879595716
1.172150046
-0.3975670204
0.4255165417
0.1231591888
0.9560682163
-0.3100999281
0.005348668434
0.1113795999
0.8024297729
0.5549060114
-1.201933941
-0.1227190988
1.281769589
0.1754514679
0.4925344422
-0.8671679199
-0.09886796381
0.7912868872
0.6047913179
1.683670807
-0.6832556069
-0.1512276168
0.4793959346
1.202363071
0.04390377197
1.578716856
-1.065879142
0.8518782884
0.9870436266
-0.1554562438
1.081253788
0.3151210116
-0.1801322132
1.018967193
-0.08123858161
2.259442389
0.3500881668
0.8931148991
1.636499137
0.781761732
0.4891361684
0.752210921
1.677578536
-0.1125355499
0.7229211748
0.8459705494
1.077175388
1.055029402
1.111393481
-0.3933853067
1.075082326
-0.1196979016
-0.1989597296
-0.043276237
0.05929375933
-0.008848571405
0.7220145643
0.3924404762
-0.1037083464
1.624530917
2.213904804
0.6518325418
2.23628456
0.194935462
0.5511592917
0.8956819117
1.507284349
1.30154106
0.3561926261
2.253880346
1.230115101
-0.514951551
1.747746795
0.456680771
0.7192261621
1.149117342
0.08935513617
-0.3134718023
-0.01178234369
1.009066218
1.603739357
-0.9276358783
1.11347169
1.309143394
0.4699106917
0.4996056505
1.058886516
-0.07160742786
-0.2412016787
-0.7616519958
-0.8587446004
-1.056021115
-0.04937212644
2.117821181
-0.1606511848
-0.454306142
0.5176661119
-1.400457126
-1.337771726
-0.7110787287
-0.6436351031
-0.8233710647
0.7466734789
0.4771274231
-0.4397313803
0.2739769191
-0.1336247975
-0.7593153685
0.7062743694
-0.224100359
-0.6414791107
0.4285137195
1.029190969
0.8224305823
0.6457636401
0.3094727971
-0.6265482277
-0.5812784761
-0.391243498
0.0247680123
1.556290334
1.249463087
0.4654208828
-0.01288570948
1.769007373
-0.2462997355
-1.131393296
-0.01605896708
-0.2632394172
0.001893849298
-0.3336614355
1.53227759
-0.1363560287
1.526562133
-0.5035036176
-0.7517673761
1.331941694
-0.8977294326
-0.2747872643
0.7236111432
0.0651059953
0.7155220389
-0.2991524909
-0.3311311543
1.60346536
0.4971729957
0.1941290222
0.4178986054
-0.3835138656
-0.9195324451
-0.2269775935
0.6569572538
-0.2081202034
-0.1436603095
-0.016207611
2.46095506
0.4303855684
-0.05214636438
-0.2160339415
0.793684575
1.005136193
-0.1559504513
0.1622028766
-0.7855410457
-0.08767853603
-1.322243905
0.9570633113
-0.661925751
0.04469825216
0.3983145177
-0.5416991711
-1.248140532
0.5928927528
-0.1671506394
-0.1610703349
0.1340722505
1.325875208
-0.09229530687
-0.1537573971
0.4709509142
1.426975143
1.989789808
-0.6761046097
-0.357062082
0.1681384436
-0.5525236577
-0.9060997665
0.03656310923
0.2465955932
1.487878922
0.06278602518
1.510169071
-0.6415861994
1.286226586
-0.907919094
0.2766055841
-1.460927784
-0.3686476372
-0.1291980319
0.7604892395
1.885873556
-0.4373077556
-0.3216085516
0.5169669658
0.5864968032
-0.1180290021
-0.3795400329
0.4967187662
0.8196601138
0.992419368
-0.04702199539
1.814757007
0.6161170304
-0.203468496
-0.9139446586
-0.02964946814
2.074725664
-0.4333864748
0.1651492776
0.6255426511
-0.1168170314
1.62535221
-0.4027117684
1.120668155
-0.4326923192
0.3741043128
1.909213293
2.091372061
0.4233057573
0.1651996346
-0.9308296502
0.802313894
1.509203458
-0.7161706805
0.9587321728
0.9725499377
0.4130101401
-0.2342500761
0.1416780621
-0.1626800213
0.03837347925
0.04097238816
0.7608139217
1.183428383
0.6105486751
0.7352681488
-0.1890639374
1.353011611
0.3680184357
0.3633402224
-1.324148172
-0.6521875978
1.014751369
0.4520259578
0.6964695662
-0.1072341513
-1.074408433
-0.3804394171
-0.6936128408
1.877432162
0.2112838267
1.752191776
-1.010754073
0.4414290706
0.4588375323
1.5629583
-1.437656504
-0.5628362954
1.57103731
1.689461452
1.23442862
-0.4274478719
0.7833027586
-0.7872833878
3.057486832
1.119784573
0.01867482141
0.633333753
-0.705368796
-0.9729927927
-0.7405465007
-0.9276111603
-0.6133857101
-0.1168462859
0.1848865464
0.1136841064
0.8129937798
0.2172500359
-0.6622463524
0.3177310209
0.6943516716
2.753822213
1.254086342
0.2557661446
0.845058392
0.1288833305
-0.1240085419
-0.7818462893
0.9482213616
1.155184951
0.6460828871
-0.7649218529
0.4243879883
1.020748696
-0.6999451116
0.7308798015
-0.342271895
-0.6779035956
0.5308956688
0.5496379524
0.1302259285
-0.4331130028
-0.6200554013
-0.7930898786
-1.052672774
-0.2390012361
-0.4315625653
0.8704058163
-0.2484407872
1.450473318
-0.4222919732
-0.725491634
1.202700499
0.1441972533
1.529097718
-0.6105020016
-1.271258634
0.003065239824
0.5218192205
1.393346879
0.3753794495
0.2703866067
-0.6271489665
0.5735322922
1.050590307
-0.03143689781
-1.193105328
-0.8763938874
-0.956748575
-0.7906716496
-0.04253626885
-0.002857194329
-0.5325071484
-0.155878661
1.709931463
-0.5224276647
0.3312340226
0.3608270705
-0.2719089095
0.0004938803613
0.7627088487
-0.5316326439
-0.1079091229
0.4333691545
0.2814798871
0.4675326634
-0.7063441724
-0.9202375472
0.803607899
-0.09711775575
-1.112541932
0.003495263308
0.8170414597
0.8638567328
-1.05005973
-1.39143731
-0.2089480216
0.2227825318
-0.7881043643
-0.2770334737
-0.5757221259
-0.5471492618
-0.4029523641
-0.4176575366
-0.2071984805
-0.2894330263
0.5777803771
-0.4965282142
-1.3680785
-0.3920797318
-1.425152189
0.004108000174
1.203803504
1.618342108
0.7894201025
-0.1021404929
-0.860261777
1.299984798
-1.037216225
0.1959408365
0.2503281852
-0.5163505167
0.1920226065
0.8307230517
-0.5210207075
1.471559966
2.178551435
-0.7640535742
-0.16671439
-0.5515466332
-0.1396159975
0.5241067424
0.4497805588
-0.2788993165
1.340488029
1.528208768
0.1714216779
-0.6271117464
-0.6226689711
0.7152885228
-0.1322478581
-0.1826881766
2.131670433
1.56424284
2.325967163
-0.8732647747
1.236699775
-0.5487588301
-0.8468897432
0.1460085244
-0.5479512244
-0.02265212494
-0.7694425724
2.267023981
2.176762336
1.031985962
-0.1624885831
0.651470013
-0.4247955739
-1.295843887
-0.2568676591
0.06514572334
0.8073026061
0.2916070972
0.6082559802
-0.09183649663
-0.8288452893
-0.158072307
-1.095906854
-1.292687201
-0.07050222899
0.4155325415
0.2460682113
-0.6696084872
-1.054703975
-0.7487968564
0.02842176333
0.3702584341
1.092315108
1.164408617
0.6262939401
0.3353576571
-0.3497452348
1.97444104
-0.2916031711
-0.3891337119
0.05077652629
3.018575251
-1.146416759
-0.5479879528
-0.1775032964
0.1031862077
0.3047761941
0.8412647381
-0.1503161976
0.8921509258
-0.868468827
-0.532486929
0.1057491699
0.0966791003
1.982788569
-0.2263956968
0.5378919095
-1.146500328
0.6962831788
0.04013550356
-0.9243931234
-0.5388654381
-0.5923477679
0.2513581535
0.6953918993
1.014252552
-0.4687239856
1.953813791
-0.6676650614
0.2232202123
-0.7681185484
0.03604901675
0.9701709569
-0.05582993422
-0.2617561772
0.5673482895
-0.2286183387
-0.7216201007
-0.3499375224
-0.3190143175
-1.207298893
-1.064642099
1.361778608
-0.0313646283
0.08193181651
-0.1465223756
-1.346087229
-0.1039108921
1.591556406
-1.507580203
-1.498628074
-0.3257721316
0.712251848
-0.4545434132
2.085562563
-0.5113842517
1.821106088
-0.1750559516
-0.8546560198
-0.2761671655
0.1541680118
1.92812686
0.5903103992
1.190917641
-1.606991541
-1.101755917
-1.463538027
-0.7571296751
-0.3261544004
0.3765504451
-1.35585584
-1.353448045
-0.2048575211
2.508854973
-0.323742944
-0.1566849235
1.008346048
-0.5672210515
0.05284889429
-0.1495989524
0.6223380819
-0.1185003789
-0.9926657885
0.05639365623
1.169678426
-0.7173828408
-0.06683705803
0.6536821201
0.3781305395
-0.127641215
1.88596018
1.879950213
0.0115901418
1.471278363
1.470812801
-0.8260903448
-0.4063614234
0.156799572
0.7232502624
-0.3055198789
0.2574538117
1.694743705
0.3105959244
0.3402188975
0.3796658689
-0.08679938801
-0.2329990178
0.004161325283
1.251045871
0.1245757088
0.3689293399
-0.8534715861
-0.3008603618
0.4665225431
-0.08427330758
0.2278512754
1.164924043
2.427828026
0.5680862196
-0.5906775594
1.350056478
0.6361968368
-0.532124117
-1.012990752
0.7469925717
3.587020993
0.4571408734
-0.07829994503
0.4550038129
0.04264007877
1.360364512
-0.1076885682
-0.4677894399
-0.1987479497
-0.6002876416
0.7161769539
1.208689228
1.041877455
0.3632946802
-0.4836054325
0.7763006389
0.6982311666
0.3322869517
0.9704795957
0.5416768894
-0.6729307219
0.3284596948
1.3327957
-0.2071578238
0.6586476535
-0.9367931843
-0.3092213586
0.2501992133
2.077689499
0.3071562562
-0.7703752667
1.826254261
-0.2719373889
1.064673594
-0.6503637105
-0.2184505476
0.4176729359
0.5323893145
0.589732331
0.9771493625
0.947494182
0.09218794261
0.03582601519
1.208687317
0.15733428
0.1981440119
-0.1159867918
-1.305562395
-0.4507704251
-0.3529155508
1.895144928
1.082715958
1.066895887
0.2129257262
1.506154156
0.4612690976
0.5543116629
0.3574667396
-1.213422051
-0.5181446597
1.153503886
0.7700798333
-0.04739468638
-0.7190279678
-0.1028289523
0.383254113
-0.1114902832
0.07858500341
2.621900111
-0.05961753223
-0.1416985717
0.4450236924
0.5456728131
-0.1592627313
3.04157002
1.128660253
-0.3841046361
0.1316380557
-0.6950983882
-0.1883368474
0.2854288143
0.6450712487
0.7343977466
0.7010046532
-0.6861117899
0.8802072585
1.614004183
1.429804146
-0.2295425553
-0.3055598054
0.3498565642
2.016976058
2.052012825
0.42637707
1.800016487
-0.7322953254
1.049184394
-0.2843758658
1.012970167
0.1188809141
0.9257730633
-0.7084088922
-0.8223674163
1.122221801
-0.4036365926
0.1359901166
1.490870202
1.158121267
1.102594388
2.52321465
0.8617648065
1.180798286
0.3709462244
0.7652784139
0.4719325565
1.520185292
-0.6709200427
0.8523071975
2.70287261
1.147835171
1.277964294
1.785409099
-0.2824922368
0.7868575752
-0.02300555361
1.057925707
0.9447105035
-0.4217302337
0.178287395
-0.4090765849
0.6785848707
0.5377389774
1.23385874
-0.3066363707
1.3354633
1.184428313
-0.4899753712
0.773057998
1.316870621
2.404622948
0.1400712362
0.3102523014
0.235404126
0.2284772732
-0.1463756789
0.8095988348
0.6802310005
0.5049428366
0.4819193915
0.8189512312
0.8791311324
-0.08906284217
1.072787726
1.863334095
0.220542216
1.092180595
1.210573113
0.5787173996
0.8888083607
0.09676720332
1.908114654
0.8127535045
0.4555604376
-0.06154306177
0.03401772138
-0.9194806606
-0.0885476267
-0.043550329
-0.9410205632
0.7898544267
-0.5312790886
1.71675123
-1.063009691
-0.9141814351
-0.8229606956
-0.1016045238
0.8450284302
0.1482415247
0.2685188854
-0.3194765851
-0.6307294846
-0.3170410052
-1.151946661
0.5296121664
-0.3935851119
0.6734284133
-0.04385794699
1.260452673
2.836015129
2.839904112
-0.5382314265
-0.6111157149
-0.7547404379
0.09802944651
-0.250402521
0.3283846688
0.4815639198
0.4633089527
1.561788124
1.299862924
2.462841463
1.147408289
0.05270224446
0.5446123853
1.898016667
-0.3939628571
0.490691644
-0.06847559344
1.028414252
-0.403369977
0.2217152921
-0.5161467209
0.5447316029
0.398900432
-1.21025846
0.8517365903
-0.1121644747
1.500975353
-0.8997404963
-0.1483744804
-0.5313300356
2.300083423
-0.3155670116
-0.3197040781
-1.014006445
0.008798678592
1.628209132
0.4360393241
0.4600303732
-0.9099751472
-0.3576494522
-0.8069609046
0.1471170358
-0.4194376633
-0.404820095
-0.280516389
-0.008714688197
-0.8981955975
-0.6614847571
-0.6637834147
-0.04439913779
0.2897991944
-0.6943665519
-0.9768961936
-0.6538572386
0.8322340101
-0.2542090379
1.053139547
-0.9132886291
-0.6902603954
-0.5604079455
0.6529054485
-0.5530280471
-0.6784657061
1.242616957
-0.04950902537
1.196250233
0.7476816356
0.9074540883
-1.845949405
-1.012172472
1.257182103
-0.4059023693
-0.6669596434
0.9112521738
-0.1650408477
0.2294965811
1.175853854
-0.03123614676
-0.1669739783
-0.4395344123
-0.1051996558
-0.03085133005
1.746066117
-1.106933203
-0.8914618284
-0.5258630872
-0.1516695833
2.302994025
1.461195606
0.5424255803
-0.3806520529
-0.48035108
-0.2773026392
-0.41788093
-0.05197092313
1.282987639
1.231624624
-0.5912936553
0.1026438901
-0.6423156813
0.1719751813
0.1368278056
0.440241883
0.8381484956
0.05524126859
1.283687475
0.06196136624
0.2089844987
0.425396461
-0.3260192521
1.450814193
0.2064577354
0.1132016741
1.145658761
-0.597064437
-0.4033531442
-0.9660051554
-0.3521951623
1.710036379
0.8454828978
0.766429022
0.4788037933
-0.6192936465
0.6225811761
-0.3785060912
0.3670461692
0.1957757664
0.7934372962
1.207180825
-0.232908511
-1.150291094
0.7677221999
-0.1820301972
-0.5046191767
0.3922724823
0.6031148762
0.6600119099
-0.07087522028
1.45448398
0.4520331457
1.845459616
0.2187050531
0.01212842343
-1.148185357
-0.7324204832
-0.8317977697
-0.1771651555
0.8963349447
-0.6936507642
-0.3005440168
-0.2864753533
-0.6227909759
-0.4848672926
-0.953606382
-0.4311957076
0.1972537629
-0.6339684516
-0.8150621563
0.6710896537
-0.05006244527
-0.7660145551
1.059406716
-0.3198814899
0.6472322389
0.9213479817
-1.251329613
0.5506494597
-0.5678263456
0.7319874093
-0.1116952643
-0.6184593812
-0.3403701741
-0.04315767195
-0.3720442206
0.2455210058
-0.605588159
0.3733048655
0.6826766193
-0.3921149887
-0.3165467836
-0.2980428912
-1.446613395
-0.5415427014
-1.177661607
0.7724854723
-0.7558535606
1.276780474
-0.1767822329
0.7229000911
-0.1761176649
-0.2557793245
-1.132149559
0.5442539543
-0.757524395
-0.5224186048
-0.2677092608
-0.358285746
0.005657581985
-1.388299865
-1.075541583
0.03559450824
1.007859869
0.1502457691
-0.6452956647
-0.4949333549
-0.227201185
-0.8583189517
-1.039780986
0.878656289
0.9768967837
-0.4005342238
-0.8177935332
-0.1547873583
-0.1379864635
1.709874094
-0.8554902941
0.3009202175
-0.7527368635
-0.2375628697
-0.4428772703
0.5222931951
-0.9122321427
0.1982645387
0.6242840245
-0.1820719406
-1.629753673
-0.8647884309
-0.8213041782
0.9546111763
-0.8484652013
-1.161109197
2.132953459
-0.9936926901
-0.4080612928
-0.6289631695
-0.3596905172
-0.4752208278
-0.1581432199
0.4428981587
-0.4550965875
1.397526997
-0.6247409701
-0.2219970504
0.2255934257
-1.178529507
0.1392942179
-0.8257256925
-0.260664925
0.3978956237
0.4394959234
-0.3663880877
-1.264739728
0.3689669598
0.7071714669
0.9672097445
-0.3094212204
-0.8884818673
-1.48512305
-1.063778985
0.5765436694
-1.045234054
-0.06790801208
-0.3581669301
-0.2318057071
0.8306218132
-0.8297559321
-0.1516134368
-0.456247475
-1.104824847
1.482694781
3.218917191
-0.3025108889
0.3277762109
0.2551181371
-0.4290969446
-0.0669969447
-1.110418978
-0.5229665596
-0.306074246
0.6553514093
-0.3407836027
0.009107693471
-0.4365940794
-0.1425552491
-0.02890958041
-0.589012605
-0.0684117801
0.4841196381
0.6599075601
2.190419447
-0.4915671006
-0.4881423131
3.109374726
-0.8588127613
0.1151458034
-0.8094216764
-0.1103343371
-1.249378332
0.04196665795
0.464597477
0.5270421296
-0.6004061386
-0.8746393025
0.8273081526
0.2329483707
1.2671996
-0.04683524985
0.1598527379
0.9640270531
-1.466625339
-1.312104148
-0.4397183597
0.3251007454
-1.653937131
-1.305451357
1.428131035
-0.8016658515
-1.091783428
0.1899206031
1.15657346
-0.6737777606
-0.7569843918
-0.1623046115
0.2700800449
0.3621365763
1.284046924
-0.1573782917
0.3158984283
0.1068620187
1.583454606
-0.01249181926
0.3168738131
-0.05962960701
2.820872533
0.6233328946
0.5384882569
1.640640479
1.128506103
1.190121278
0.8348024204
-0.5896189347
0.07331487387
0.7835491762
0.07807321432
-1.26743806
-1.415607339
0.1106747713
-1.218220738
-0.5601688147
2.053708184
-0.1176495484
-0.01543246321
-0.1208573189
0.9942122668
-1.077258769
-0.2869347796
0.2748259044
-0.6554574832
-0.231876149
0.08870526603
-0.8031009883
-0.1423831709
1.631699693
-0.5319127396
-0.9427136213
-0.2225428388
-0.9849671304
0.8497430563
0.2815723568
-0.4767103478
-0.616427581
0.749674502
-0.003938937839
-0.2564863328
0.3995259095
-0.1980811663
-0.7242429689
0.6716141239
-0.8305478692
-0.02308353288
-0.3298462033
1.046710104
0.1634502026
-0.7501919044
-0.3058620645
-0.517160593
-0.9362967342
-0.1714589259
-0.6686728269
0.09183375388
-1.265764159
-0.6988488987
1.057166082
-0.06697657192
0.612481153
-1.143277395
1.092462149
0.8229082972
-0.7981645852
-0.3470564038
1.1683406
0.551623679
-0.8609939158
-0.3366172038
-0.03803570699
-0.03188474104
0.7788792402
-0.07031198852
0.4260502517
-1.18750329
-0.3196763948
0.5003432669
1.369456318
0.1687634453
-0.601630953
-0.2506531015
-0.1248415675
0.7398966923
-0.9603510201
1.430113992
-0.1911669087
0.2447696611
-0.1996976867
1.544636536
-0.8032714128
0.1266762395
0.0446082551
-0.1476357354
-0.5408141479
0.06833785931
-0.5251687706
0.1268265909
-0.8671918124
-0.4169768319
1.106059426
-0.2231873572
-1.040672293
-1.129545245
1.345178717
0.03587886218
0.7421935469
-1.292245841
-0.8404814422
1.967703855
0.5833288088
-0.08750935551
0.1808101314
-0.7228017777
-0.1381251742
-0.5105425581
0.395497229
-0.5431212053
0.3659434944
2.098981941
-0.4378734991
0.8195717201
-0.8365820929
0.290274276
-0.3443391342
1.573175162
-0.5951689094
0.8860848904
0.04288225286
-0.02209856054
1.03475118
1.070756602
0.6325676709
0.4755099591
0.7688781783
0.9357978374
0.820198226
-0.4313729763
-0.3329483673
0.4882122099
-0.9144084632
0.3479882404
-0.3310975
1.091717187
-0.5234300241
1.67438519
0.3450533425
0.8649650484
-0.4689510018
-0.2447058685
0.6272191174
-0.1536595087
0.4041678237
-0.009602343291
-0.1307801152
1.008894274
1.169784814
-0.3997630686
0.2580456043
0.7599100858
0.1579533733
-0.01805430441
0.398032444
1.59413406
-0.6704261631
0.3816273138
0.01047868961
0.5558768049
1.301093334
0.5170152128
0.680796504
-0.1025721373
-0.8849108577
0.2810915748
-1.187894934
1.181681153
-0.7829187214
-1.232453096
-0.4970678732
0.376083255
0.62952298
-0.7908125907
-0.3788286105
0.7512969911
-0.7026374847
0.4093227446
-0.3352380939
-0.6169445395
0.04592618626
-0.420289591
-0.4294784322
3.537166739
-0.2652021527
-0.4489819601
-1.04073731
-1.188643384
0.3363985736
-0.8755618453
0.4425962741
1.170365676
-0.6645244807
0.311498164
-0.03815535391
-0.2831117757
1.655266964
0.6217425212
0.6471264258
2.074373591
0.7407409519
0.2042452615
-1.025016081
1.337979668
-0.0544328629
0.6008492276
0.1578240525
1.105689442
-1.023285481
1.15025866
1.336425716
0.6362338297
0.6472003534
-0.6900606602
-0.2628813408
-0.1286349975
1.12521013
-0.6836789265
-1.196299252
0.2655875377
0.9071355969
1.241533199
1.332674
-0.3243045798
0.3685604833
0.2254154567
-1.50863089
-0.2537945271
0.6127790347
-1.455954969
-0.4688483119
-1.109150171
0.07239175728
-0.3183194671
-1.168207157
-0.1168250481
-0.2726803165
0.4614825238
-0.4890581995
-0.09564161217
-0.6500107914
-0.5903101981
-0.1111498334
0.6394468874
-0.9208137125
-0.002975951042
-0.241410657
0.4685856894
-0.0499088522
-0.425764098
-0.4649225667
0.07145388094
2.077020419
0.8117249936
1.311590663
1.08075864
-0.3746059347
-0.4042563438
-0.003715747781
0.8032625645
-0.03764647841
2.253099823
0.3491804028
1.172273326
1.188059172
1.145815054
-0.2065665483
1.57197637
-0.2709753145
-0.7113251746
-0.2788976498
0.03548082253
-1.11141825
0.1454285536
0.7193586662
-0.9539669544
-0.1604081372
0.2061897315
0.8293207496
0.1530866064
1.547080183
-0.1140126394
1.276692662
0.9138685122
1.083463234
0.3704510674
0.1662907773
-0.2005151201
-0.009326877911
-0.3914911062
-0.9143748134
-0.1961887684
-0.4776399478
-0.2224851293
0.148047881
0.5613548145
-0.4162293091
0.3939765684
-0.1777501529
-0.7410599113
-0.4218959339
0.5894599967
0.435551095
0.7615476415
0.7282120928
1.354268584
0.448111775
2.423173231
-1.085424912
2.33087188
-0.2004263442
0.8932331517
-1.123961556
-0.7687642604
-0.6450037569
0.4899934635
0.6848466516
2.178650898
1.634221593
1.935627306
1.30479967
1.085459682
0.04827977363
0.9411093652
0.03685067277
1.471766588
0.05932031889
0.7242400691
1.724394429
0.2170860402
1.604544309
2.136543417
-0.1466119366
3.243292081
-0.02537754527
-0.1212161936
-0.7219317764
-0.2312260199
-0.5680815667
1.276185408
1.196525371
-0.4039324701
1.139341414
-0.4129828557
-1.503760844
1.961422807
1.101621425
1.297745636
0.3342624035
1.55157786
0.2810272403
1.562321725
1.809281245
-0.2133979063
0.3108306248
-0.906553255
-0.9128383845
-0.5367294032
-0.4324591659
-0.7284164548
1.586423087
-0.08420228083
-0.3550748885
1.267356074
-0.1268808448
-0.01221765829
0.7226253793
1.576723352
2.371473503
0.7323202431
2.238072509
2.06365096
-1.042047802
0.4361071967
-0.2957875624
-0.8189721197
-0.6129121467
-0.3196857035
0.1822229242
-0.1086955629
0.3059660256
1.032791507
0.9044365466
0.5922718108
-0.697458759
-0.8822860509
-0.604490082
-0.227384178
0.3003081337
-0.04956423333
-0.4551622495
-1.21291582
2.72867924
-0.5657555312
1.660570836
-0.1820911951
0.3298057813
0.5532100067
0.9312948197
-0.137572402
-0.07653765269
-0.155130633
1.270076278
0.3909909178
0.01472996101
1.397300449
0.4758925432
0.5590879858
0.1119707379
-0.01394888293
1.269235581
0.771285668
1.381888276
0.726325053
0.4604613051
0.3525986388
-0.3138568953
0.8005395874
-0.0008639639243
-0.2634729749
0.2743907239
-0.1691072095
1.313831261
0.8831232727
0.4305329844
1.367209867
-0.5149616674
0.03738152292
0.5715106189
0.6313816465
0.2825321529
1.800383246
0.303800858
2.629546404
1.527189252
0.7499354765
1.868324512
1.428370026
1.124618
1.81140638
0.3646160521
0.3571768036
0.4335869826
0.3956183955
1.384343994
-0.4418982297
-1.028543189
0.05626842314
0.1260289447
0.8191548366
0.7165429309
1.073253515
0.5672828943
0.7422348663
2.524178493
0.4679373242
0.1522935496
-0.1861759409
-0.0581076676
-0.08147904109
-0.3765196875
2.547501171
-0.2860099755
0.577208557
1.118572485
-0.7471662402
1.680811703
0.3883982204
-0.2645817382
0.00923158722
-0.845164755
-0.4745687649
-0.07909455616
-0.6773938775
-0.3607960746
0.3749381706
1.701399177
1.405048418
-0.6086453632
0.3977707265
0.5090730347
0.0999615306
2.224597102
-0.6769293964
0.6865973376
1.101267052
-0.0747358989
0.9428757548
1.265714309
-0.3718948141
1.093770552
0.6716502085
-0.3867674805
2.346089417
-0.1479752667
-0.3138770357
-0.7098476961
0.2567675294
0.6568163887
-0.3514993109
-0.2952797845
0.6484753698
-0.7197845459
1.10504553
0.7223120019
0.9810648501
-0.7806500494
0.03120391006
-0.7303576007
2.130219358
0.509500327
1.654867947
0.4276255744
-0.2911415838
-0.9073153883
-0.333978156
-0.04295924101
1.784304971
0.1872325282
-0.1856132371
-0.003965912573
0.7867135555
0.259488645
-0.236574851
0.1294406828
1.025301652
0.7431782991
0.9246024977
-0.8192215085
-0.8666958183
-1.240599951
-0.7889208883
-0.08565437905
-0.7233607024
1.125808343
1.228881478
1.829380047
1.367860579
-0.6350925073
0.9696666062
1.797224045
0.2992524816
-0.2328725126
1.403566438
0.2307870297
-0.1912466258
-0.1348032838
-0.5889758959
-1.254056779
0.6367562607
-1.058431959
0.1365015433
-1.081011927
-0.6023980111
0.5313305687
-0.9478473067
-0.2900667898
-0.07987337606
0.2532346241
0.571878992
-0.4424188495
1.270699736
0.8550505847
-0.01032104101
1.796594214
-0.1369475875
0.7507568046
1.035236415
0.4842658445
-0.2894156374
1.403566197
-0.3093488894
1.639657357
-0.7872859046
0.684715499
1.899128473
-0.2553285984
1.594860214
0.3108296739
1.512376934
-0.3759213462
1.44813067
0.5438413329
1.449714096
-0.2776209377
2.844532084
-1.021603778
-0.2774283573
0.4082494466
0.2254704751
0.5195522189
-0.03640836235
1.491467485
0.3073858359
0.7981964856
1.634009725
0.8593514249
0.4054313175
2.075051475
1.00640111
0.792376858
1.38825123
0.7099741563
-0.6128828958
-0.1561652534
-0.3826695077
1.351967171
0.2430373637
0.4300395712
0.2968860067
-0.9584819049
1.696015069
2.083627021
0.6646737993
-0.7757949591
1.081707117
-0.1732883047
0.3981310862
0.3804021262
0.2653842147
1.276266867
-0.2222748004
1.521292573
-0.583821471
-0.5621655963
-0.1646779194
-0.3770694166
-1.120774928
-0.6177831158
-0.1635088399
-1.15560925
-0.2189549077
0.5135207392
-0.4318039387
1.336692655
0.14075973
1.326988044
-0.1410185236
0.9650696695
-0.274167119
2.394368535
0.09113964047
1.187708676
-0.1899502639
-0.02843479975
-0.134721612
0.03210951756
1.279338641
0.3285816111
-0.06252593901
0.5885035321
-0.3426445596
1.864074761
-0.2741174135
0.113154116
1.273399761
-0.2304370206
-0.8346543163
-1.202298284
0.8033112407
0.4644864038
1.235111627
0.2230361938
1.399808326
0.767228207
-0.00208004415
-0.2602073513
0.9822947025
-0.4858773202
-0.8022391304
-0.8300703377
0.05855867174
1.379682449
-0.08179229388
0.1401637777
-1.196088943
1.129520428
0.1761162876
-0.7794213474
-0.1859081049
-0.6830935434
-0.5165328428
0.764642483
-0.5228712723
-0.4070458092
-0.6603621155
-0.1712600451
0.2537719177
-0.4912591234
0.0004761284217
-1.103335765
0.7270926967
-0.4682769001
-0.9324366957
-0.1731723459
-0.341221346
-1.241122621
0.2954406239
-0.3511315249
0.3169221612
-0.6518085375
0.9036437422
0.5237426356
0.9248452783
-0.2566885896
-1.389131147
0.5252606556
-0.3218083441
-0.1446793873
-0.394099053
0.1709269483
-0.9942620218
1.336518699
1.633124828
0.2933036279
0.3771058165
-0.1879453316
-0.2709676109
-1.051910043
0.01496829633
-0.5010263652
1.330069342
0.6329131052
-0.1484661654
2.4733253
0.3241067387
1.247025955
0.3335909044
-0.1103380386
0.4182390081
0.6060131431
-0.4353001431
0.5420097627
0.1822619256
0.02742396332
1.371341226
0.2589995269
0.7707833469
1.212354791
-1.185766774
-0.4454659566
0.1255220906
0.5646403529
1.289605984
0.9640402466
-0.3272008881
1.302421811
-0.6281046823
0.6995120853
-0.2009201404
-0.5690980375
-0.8014022946
0.6733012408
0.7598620296
-0.1735487979
-0.419928214
1.753813457
-0.5814860582
1.49516288
0.7571789309
0.203789195
0.5883252546
2.044381422
1.141138759
2.173059928
-0.6608860999
0.005028030835
-0.2821381081
-0.2543265119
-0.1003523059
-0.01170839909
2.20920738
0.09150602934
1.54499723
0.4837773629
-0.2298125977
0.0875463556
0.7534496322
0.04364788546
0.1314867438
0.7523321778
-0.5719754711
0.05171926692
0.5749653682
0.4914392348
-0.06611674475
0.1662410758
1.293324298
-0.1702091281
0.6504877448
0.405532649
2.495560408
0.6706708163
-0.1460794214
-0.1250907129
0.6152350038
0.3344244633
0.6245067663
0.4768986017
-0.5508629426
-0.794219777
0.4441530876
0.3185415177
-0.3862699263
-0.4353059337
0.6345414437
-0.142177439
1.112233423
0.8723700806
0.9022179246
1.255083212
0.769609575
1.546471822
1.173322201
1.78910732
2.151881987
1.368829665
-0.7969661087
1.795829153
0.5960494466
1.202720055
0.1383136738
-0.9409030229
-0.3275101155
0.08296416188
0.1683480575
0.9689696372
-0.1854763981
1.849337798
-0.2559877891
1.317663631
-0.3885118626
-0.2434521105
-0.7334504724
-0.07066468345
1.483481285
1.714636683
-0.3352605615
1.828819275
-0.225455769
-0.2904157601
1.230382395
0.7172300473
-0.8414531462
1.666807681
0.6235535145
0.5526229456
0.2926506495
1.407426503
0.644116822
-0.495749712
0.450612293
0.2571836576
-0.4735473588
-0.5480091691
0.1290350976
0.6602195255
0.2796047345
1.261500889
1.204607996
0.9806603298
0.1568083163
2.135217756
-0.157666465
-0.1960894856
0.4693001971
0.1573826711
2.041704619
0.5816397931
-0.3175729826
-0.9378928632
0.791174981
0.04458096307
0.1393020057
0.4987538194
-0.3467385828
-0.2302765943
-0.1194391189
0.09677441446
1.370971501
0.722365728
0.6650291555
0.6365507305
-0.8874451771
1.687835354
-0.3284567807
-0.3491328865
-0.9491750479
-0.2842297904
0.6107234046
-0.281287732
0.6036104947
1.150259301
1.041779554
0.2998636613
-0.7487814471
0.4609713212
-0.204526145
0.431678094
2.272665673
1.084932819
1.804426658
2.660945541
0.6591420382
0.7756058306
-0.1453092405
0.5779137969
0.295839039
0.8794514105
0.6650090024
0.8856693022
1.622718444
2.223531848
1.230300507
1.923605961
1.263153464
0.153976226
1.439152023
-0.05294501521
-0.4433250949
-0.2360194989
-0.2290867995
1.237361714
0.5977879278
3.104855263
1.084947339
-0.3083851032
0.2891317034
0.8274458513
0.7764232278
0.05376013778
1.383739191
0.1946270859
0.4210298091
1.143904889
2.112049639
2.356151217
1.046306385
0.101884165
1.959301788
1.32555044
1.377496438
0.847036634
