-0.3543827146
-0.477824761
-0.07705460917
-0.518275819
-0.4450329602
-0.8444755584
-0.3061008979
-0.6982136756
-0.4112143678
-0.9294255972
-0.009582130611
-0.6052315503
1.034625563
-0.4372489199
0.2130847782
-0.596641732
-0.1229094396
0.3475346012
0.7168300256
1.90703063
-0.375227844
-0.6423545957
-0.00220284129
0.09268709058
0.1699285326
-0.166546616
0.323683716
1.865866023
-0.8695979178
-0.9500476956
0.5392515391
0.671119519
0.2292827349
-0.1899684392
-1.135078245
-0.2844938904
-0.643124336
-0.2392160844
-0.2170040363
0.1037359972
-0.7154997617
-0.0464964183
-0.8643784136
-0.5555590652
-0.08573337998
0.1471624522
0.49363437
1.088000795
-0.4063815668
-0.2342782434
0.3190853998
1.162313113
-0.2352656851
-0.002510646265
-0.6951508343
-0.9090839118
0.4551269278
-0.7291728422
-0.3627735652
-0.5213429973
0.8651469052
0.6218364418
2.317422283
-0.582231997
-0.03483338417
0.3747028608
0.4776356436
-0.2215159446
-0.6885226369
0.1550231526
-0.3995909389
-0.5116541296
1.801939017
-0.2882133208
0.3187625417
-0.3967540801
0.1418446487
-0.3425415032
-0.1834703826
2.437377602
-0.6771420628
-0.05637660413
0.3432325311
-0.1564348022
-0.1635965815
-0.1170822981
-0.29932262
0.5414107427
-0.1399062989
1.435293686
0.1134413266
1.819753271
0.8655045226
2.823306656
2.402691644
-0.6009818241
1.667814073
-0.09988591652
-0.3633633051
2.813732517
0.3507267559
-0.1986703208
-0.5944158912
-0.6297749326
0.7325334966
-0.02956958739
-0.5712298706
-0.09499252005
-0.1601856157
-0.4616540864
-0.2007262919
1.61374025
2.64538871
1.514085513
-0.2692778766
0.1538445225
-0.5256441295
0.2656179538
-0.7427018285
-0.3390509091
-0.8538597852
-0.8575169533
-0.6247037172
-0.6091210708
-0.7648420691
0.7359942526
-0.317176275
0.3254217319
1.254422215
-0.8448075712
1.643103024
-0.7678243533
-0.3390136771
-0.4097331136
0.001118863653
0.4002466332
-0.4888023049
-0.6482739002
0.4651328024
-0.6426390141
-0.140929487
0.1753648465
-0.5159284428
-0.2755675435
0.2844077278
1.064343777
-0.6588622257
-0.2805016734
-0.1789151238
0.2862962874
-0.6745697141
0.05336736436
-0.4890685439
-0.4815928817
-0.4397562757
-0.8446527153
-0.6679800838
1.076240224
-0.3782893285
-0.3454571433
-0.9123531163
0.9550388396
-0.3162467059
0.3635499759
-0.9414231628
-0.1270776048
0.1189580505
-0.3511027068
0.4610132515
-0.5746280685
-0.5525806487
-0.8723261535
-0.6848264411
0.1157740183
0.8290437832
-0.4977429703
0.9140209869
-0.5897404104
-0.3288762107
-0.42316681
-0.4956824064
-0.3303388953
-0.4255322888
-0.3514640629
0.2259504859
-0.3031018123
-0.4698606476
2.9123595
0.4243280228
-0.2393423487
-0.2554100521
-0.6351281986
1.998637438
1.015621382
-0.6434128851
0.5828069285
-0.4044006296
0.4326208919
-0.644312568
-0.3598918326
-0.7945447952
-0.6444072396
-0.708301039
-0.6500398099
-0.7871898651
-0.620913431
0.87017425
-0.2117402785
-0.7836849749
-0.07754565999
-0.6196960956
-0.224990771
-0.04264460481
-0.7302813023
-0.7001652434
1.548203713
1.498165959
-0.3853191178
-0.4576695517
-0.2637765016
0.28397424
0.07359378836
-0.3711592019
0.8578701824
-0.6962226003
0.2549971342
-0.9211463243
0.9687710673
-0.2671492979
0.3399655478
0.6171765313
-0.5460139588
0.1744717748
-0.1689759534
-0.008947310783
1.557745183
-0.05493614413
0.7852786794
0.05010030312
-0.3146616694
1.039379862
0.0743367658
-0.6457241386
-0.2578701688
-0.9107542068
-0.194257817
-0.193000954
-0.05579123627
0.989507857
0.1294669707
-0.150033633
-0.3570591599
-0.7303931355
-0.7306683004
-0.2116873661
0.1098695082
1.440889814
0.172760153
-0.6226425901
-0.1945790522
0.2417061307
0.9191689923
0.5501869753
0.6297379702
-0.03412279133
0.02766689714
-0.7169182807
-0.7803532034
-0.4787703872
-0.3467234917
0.1949632458
-0.6703297704
0.2535085019
-0.1749679612
-0.7729343355
-0.07233126368
-0.466612304
-0.3763881594
0.6401901051
-0.3666455813
-0.4195173234
0.5815314524
0.7445127875
0.05764629149
0.6392571233
-0.02541453438
0.6679994218
-0.6447058633
-0.5156353563
1.592411739
-0.6587813929
-0.06454328131
-0.714059706
-0.4882784188
-0.5935869783
0.8961765245
-0.5916716278
-0.4861743227
-0.3384064361
-0.5078271657
1.648823249
1.191594395
-0.2598201964
-0.5094580576
-0.2444087384
-0.5393016085
-0.6005017027
0.1588675948
0.4428428981
2.23570981
0.6720306396
0.4957326639
0.4919044919
-0.6508135676
-0.3456612926
-0.5801154926
-0.7912596583
0.9011323765
0.6372362047
0.2648479133
0.1694551408
-0.01302786609
-0.1159486264
-0.02128846385
-0.09237541854
-0.5439649493
-0.1229576419
-0.5428258613
-0.1927100629
-0.4541288555
-0.8614613861
-0.551597479
-0.05204748875
-0.7117381483
-0.2506441444
-0.7642555594
0.1853159398
3.451819503
0.1482624737
0.5809872374
1.989861304
-0.5896346942
0.6002424978
-0.3345626904
0.2694703448
1.697149551
-0.04456244437
1.053960872
-0.2540425058
0.6705416262
0.2870726813
-0.4078957394
-0.7032564923
-0.5358054698
-0.8638937145
0.7387363493
-0.8725531667
1.408466646
-0.3860085696
0.4200438116
1.06602878
0.04329503933
-0.4224844903
-0.1464235689
-0.2583010178
-0.824462384
0.165411071
-0.5352911532
-0.1642746761
-0.09501253981
-0.4642931804
0.6180782929
-0.666547507
0.9561751768
-0.2645088382
-0.2289908573
0.2694311529
-0.6964273959
-0.5524672791
-0.612190564
0.4882038213
-0.2208957568
0.1234656869
0.01616385709
-0.5666425779
0.02121322546
-0.02756264769
-0.742548731
-0.5564192563
-0.4075573519
-0.6588972062
-0.9859868556
-0.5364527136
-0.2666664146
-0.3833246969
-0.9606500775
-0.06410466488
0.07259813286
0.07388792154
-0.9754990339
-0.322415968
-0.3834765121
-0.1683469563
-0.7295165479
-0.5127786241
0.2066381684
2.689174795
1.416678613
-0.3156054467
-0.6181347847
-0.09078049099
-0.651267767
0.2861969483
-0.1465892788
1.728784883
1.010078278
-0.768485111
0.3547018982
-0.108060081
0.3575347915
0.4794609718
-0.428900139
0.06884374367
-0.09315324984
1.212482619
0.1105381669
-0.6471562058
-0.0497533028
-0.567462568
0.8966509014
1.699859428
-0.1289748576
-0.1277647841
0.3249433262
-0.1934752509
0.2773545712
-0.4921919987
-0.9020324409
-0.07606770396
0.6213269487
-0.2572373915
1.824053365
-0.5635551259
3.629940236
-0.5071541682
-0.6453620225
-0.3195197932
-0.3266092442
-0.7640113771
-0.3937343637
1.033704516
-0.05564593859
0.220648236
2.502904272
-0.5657333747
-0.004620337952
0.943938154
-0.6038445324
0.1563677374
-0.4335977428
0.01083353497
1.847678864
1.245081496
-0.03641536338
-0.04808718674
0.5268818945
0.6412856504
-0.3637989752
0.5496139392
1.127656063
-0.2430141255
1.160109189
0.6062463313
1.128891286
-0.2118698575
-0.1706040643
0.2221078626
0.1897237954
1.67307936
-0.7891450018
-0.5196498811
-0.01869574697
0.4082060244
-0.5078928821
0.7673692554
0.2090605754
-0.1003779219
-0.4653555974
-0.8327627033
-0.4538674235
1.467607439
-0.4842897229
0.291180646
0.2499434117
-0.381770619
-0.3083314475
1.96820659
-0.6974163979
-0.1883671492
-0.3166106286
1.553291556
-0.6647037506
-0.5423684388
-0.349571038
0.4697696306
-0.5228865162
-0.8383089602
2.247095275
-0.3117078505
1.888009292
0.06539221145
1.113774624
2.142498696
2.592279488
0.1934545405
-0.3086275563
0.05032351222
-0.09837761335
-0.6736694068
0.8362927854
-0.5460313007
0.9697660893
0.5320005098
0.1313951701
1.006199369
-0.7624811113
-0.1060479868
0.08654102767
0.04039225541
0.02142122071
0.4635466173
-0.6369064033
0.1434003298
-0.3224975985
0.2241711907
1.909563255
0.6180229403
0.01348796785
0.3807892963
0.4944639385
1.732804847
-0.09804692129
2.278257203
-0.2549864596
1.052319167
-0.1499410106
-0.6144368127
-0.6052223742
1.600529552
0.6396941036
-0.1099020477
0.1937448489
0.2089634149
0.3651781507
-0.06202322552
-0.3717069618
1.437037978
0.7103794068
-0.8695410222
0.7132020935
0.1870774066
-0.5795832023
0.1443018302
-0.1906054416
-0.2747672502
-0.4825112239
1.997404242
0.09076932892
1.668757918
0.1494334765
0.2193215866
0.6212144881
3.816661048
0.3878088359
0.8041358396
0.4385682136
0.8821439549
1.770350564
2.186531001
1.177172302
-0.2578938309
-0.01639816761
2.362122297
-0.2015238224
0.3892820679
0.4967638992
-0.153756238
0.8583108187
1.968679732
1.626792699
-0.247492443
-0.5684939556
0.7462719694
0.6628754407
0.3481303487
0.3249814126
1.433352938
0.2210522965
-0.3052870879
0.7345977485
-0.3444202274
-0.5958270401
0.1769648597
-0.4950099453
0.02474714788
1.206579158
-0.2233319556
-0.07110270504
0.4012873899
0.008927241317
2.022502825
1.888709044
1.791334143
0.4982078746
1.783423859
3.027305543
0.4647127859
2.103005981
1.605570585
0.1076735361
0.402242972
-0.09471100811
1.149450511
1.424926516
0.2198904591
0.7709276497
0.2752004309
-0.1010169112
-0.7134584665
1.299653539
-0.1250975138
1.851341027
0.08182379873
-0.1166784955
1.130669034
0.8615379632
-0.08847658231
-0.4862270638
-0.4928932555
-0.5962301582
-0.5116593003
0.01190304626
0.3492163589
-0.1107315579
-0.227510893
-0.028414815
3.19526878
-0.07637596745
4.089890075
-0.01934897193
-0.01100845728
-0.3968886957
2.911387014
0.3823711651
2.276957375
0.6332881004
-0.072340969
-0.1825254056
0.4199734589
-0.4173790991
-0.2889419638
0.1530123022
-0.04683784219
-0.1879062183
0.1059605018
-0.390193738
-0.9197517693
-0.6937189654
-0.3129219305
0.3410278901
0.1180662609
-0.5775981709
0.121670445
-0.4163114682
-0.5209127903
-0.7434472203
-0.4262279499
-0.4372391596
-0.1907262906
-0.1528141543
-0.6757065676
0.88156849
-0.6245225593
0.4143223634
0.6962941052
0.3749221027
-0.3388409249
-0.6828512549
-0.08746410124
2.184871507
-0.1486905925
0.2223958766
-0.5971043333
-0.03695138004
0.5174965374
0.3906674935
-0.6344908565
1.032002099
-0.2857522983
-0.2869321588
0.9122522295
1.531157959
-0.08569079642
-0.4063142806
0.03959396929
0.6047145665
0.8608032346
0.5794888526
0.5291241251
-0.1439350797
0.4247812271
0.3112676907
0.2174684135
-0.08227320481
0.9092666239
2.802727032
-0.005731735937
0.02682780223
1.982228151
0.4370935563
-0.3232644521
1.060148123
3.190856755
0.7725337386
0.8720808089
-0.6683974251
-0.2474962227
-0.06792745152
0.7484992668
0.370859237
0.2289615072
2.437100369
-0.0675474924
-0.6752616748
-0.330970823
0.07677382026
3.983737278
-0.2125393003
-0.1974187342
1.820726287
0.4344546713
1.499184924
0.8104496699
0.615386644
0.9894367367
-0.1119132061
0.1537529181
0.7952469349
1.963676304
0.1459927388
0.1196447568
-0.1613463437
2.100812989
0.9850812644
-0.1924568923
0.5587854855
-0.3824731074
1.422549328
-0.1535170808
0.6986360759
1.709682095
1.202711248
0.9440013081
-0.06401667632
-0.1596249159
-0.6647046298
-0.5438965455
-0.3658650698
-0.01858695014
0.4022977166
-0.2843760997
0.8834692791
-0.1145817136
0.04471631264
-0.01191522218
1.358571172
-0.2813700587
-0.1845540017
-0.07994026802
0.6028201237
0.6832545355
0.05148581695
0.05625631707
-0.2654194098
-0.03123874292
-0.2338641016
-0.05028469795
0.7602239162
0.05978749488
0.05681731533
-0.744866398
0.1006343776
-0.02410122496
1.51413334
0.1919072685
1.21934692
0.3400821145
0.04318989483
0.3195702892
0.5156652607
-0.03977916399
-0.764857474
0.02378615062
-0.2434971616
-0.6714073926
-0.3419426233
0.9123391598
2.203229445
-0.1666796884
-0.764344576
-0.1880663274
-0.5738523766
-0.1177036054
-0.545308204
-0.1764627583
-0.653547366
-0.3356821818
0.02462635953
-0.3770284817
-0.3155097879
1.269838157
-0.5114314184
0.2665898037
0.1585814862
-0.2919724785
-0.1478670941
-0.1440257447
-0.4394570753
-0.1418470051
-0.7818939656
0.01460655611
0.5140122145
-0.4676240973
0.2073470312
-0.626055479
-0.5711963013
-0.7197119385
-0.3502717927
-0.1882662445
0.8843843386
-0.04063114505
-0.05930231297
0.1860892721
0.01534454585
-0.2779559598
-0.1112364483
0.5045595378
-0.6525354028
-0.1782988876
-0.6714894176
0.7110122383
0.02584342589
-0.5648873642
-0.3568866655
1.550608364
-0.08594463915
-0.5788423151
-0.3776372664
0.7084895626
-0.3851006612
0.8150041834
0.5732890084
-0.05291682421
0.2305136131
-0.2637039352
0.01305802613
-0.243483752
-0.3597523838
-0.5857826784
-0.4926587462
-0.03987157736
0.0533299854
1.700488019
0.502727139
0.2745787948
-0.4378278911
2.158231324
0.3025882833
1.45084025
-0.4647198394
0.08179043224
0.6287782729
-0.2488594858
-0.8218996674
0.1386106966
0.6435115434
0.09205974396
-0.6068641081
-0.690774104
-0.6941385776
0.06856127232
-0.07083011749
-0.05254327739
0.8073075294
0.3857065986
0.08988194587
1.259207618
0.811398685
0.3382083096
0.4507710867
-0.02427349496
0.9603107609
-0.2721513953
0.6875093535
0.3815829874
0.5391876906
-0.8350418568
-0.6072105765
0.9955649115
-0.4337747142
-0.5891836122
0.4505601764
-0.7125582606
0.4453084931
-0.2346995302
0.779161115
-0.6504123032
-0.09563128278
1.295085171
-0.3471212551
1.4104563
-0.465101888
-0.08273439836
-0.220307672
-0.6301772729
-0.5909947053
-0.5100582659
-0.3867589086
-0.08074779417
2.209066159
1.295369163
-0.2038763111
1.604682952
2.657253814
-0.2718818772
0.8731695086
0.01710931594
1.009729029
-0.1039691877
1.344739732
0.2955893928
0.7970131353
1.620179361
-0.1927711595
-0.2283941813
-0.4250604779
-0.1140335806
0.07212738935
-0.0112321686
-0.6484925807
0.008741516713
0.5722396806
-0.7081035167
-0.8175486296
0.7420295879
0.1067533697
-0.08262808062
-0.04657125082
-0.4421470955
-0.06668974049
-0.3004651535
-0.1427724347
0.02086418932
-0.7471315324
-0.3633105353
1.011086419
0.2589909828
-0.07139785141
1.333405063
2.197476512
-0.5882574365
-0.5768993586
-0.7721704215
0.3868477434
-0.4127962217
-0.6580442637
0.8365032986
-0.1112440282
-0.8611317277
-0.4049150057
-0.7206013978
-0.4458687112
2.839487004
-0.26668688
-0.5750374183
-0.1798981046
-0.4498961434
-0.61442523
-0.6476548061
0.007901573577
0.03797440631
-0.520169878
0.6992568567
-0.6789805055
1.021393198
-0.3813051373
-0.7886094302
-0.5335625768
-0.1956074934
0.7080328971
-0.5873847425
-0.3602579642
0.01930745281
2.337114137
0.008966805413
-0.8211636633
-0.4971320681
-0.6145702645
-0.7636208102
-0.4482609697
-0.7852598041
-0.7036823183
0.07850861233
2.265728873
-0.5034048259
3.281608379
-0.1581015065
0.006804064475
1.36734574
-0.7547871351
0.3068203611
-0.5831130445
2.320710474
1.711608654
-0.3459822351
-0.2286626808
0.4987822585
0.174984711
-0.1161999099
-0.2258040857
0.4157954484
0.4158104718
-0.3855090506
-0.6939508975
-0.05713515831
-0.06962097678
1.22401132
-0.1595716316
0.4215330862
-0.2429244846
0.01148152836
-0.03250568174
0.8896890685
-0.2722047713
-0.04904270004
-0.1654732009
0.533943437
-0.2714620873
1.764552611
2.225617668
-0.04073914727
-0.2948191691
-0.1939808216
0.06595260259
-0.1215776372
0.4355543502
0.2632197147
-0.297620702
0.1654294937
-0.3958699092
-0.1203040661
1.230559376
3.219423139
1.294339272
-0.2353977136
0.2525815824
0.5971186072
-0.4487034231
1.582423097
0.4969488371
0.3645862088
0.9750518501
1.137694417
1.346823221
2.016897416
2.292182028
0.1975021288
-0.09064976382
0.8092847466
-0.1369980704
2.061102498
-0.3867091015
0.9539794028
1.33223446
2.097437882
-0.3840303108
0.7568911418
-0.1466394043
0.09171278537
-0.02317923661
-0.316512733
0.2267851557
-0.5923139364
1.334537509
-0.3530822227
-0.1163168646
-0.6065506816
-0.7341972321
-0.01485719541
-0.2208339483
-0.1919076022
-0.266429106
0.2768832819
0.365268304
0.3758238215
0.03519513384
1.10021106
0.1569719847
0.1337058193
0.6058807313
0.4044738897
1.824317408
0.4525983825
-0.3141452305
-0.1208060085
1.339255422
-0.6600485042
-0.3754145999
-0.5608170435
0.06562039875
0.2330053695
0.7047095999
1.000701472
0.8272602946
-0.2588248245
-0.3310387585
0.04845064115
-0.342073644
1.347020194
1.567222056
0.2615827022
0.01519146308
-0.2057474829
0.653280513
0.4033172168
0.3752154426
-0.1174966414
-0.1268205304
-0.4341051187
0.5258962922
-0.1885981599
0.8168743253
-0.6122255072
-0.4606958032
0.2791403923
-0.296143987
0.194861256
1.998240387
0.003578228876
1.021992767
1.347080359
1.75217641
-0.08181303795
0.7167065799
-0.1561583148
1.501677957
-0.4969066434
-0.5851964921
-0.1849781748
0.5200038798
0.8627075002
0.3720164802
0.4331597645
-0.6836114109
-0.8351285934
-0.4057339676
-0.03754191031
1.974953389
-0.268687113
-0.02502291661
-0.3502791822
-0.07410105988
-0.7777266234
-0.06459403858
-0.1101465621
0.3592441976
-0.3339964204
0.1210697109
-0.01633557566
-0.4685202271
-0.3542599291
0.4390400682
0.1926849698
0.7819195069
-0.4750611596
-0.08360363171
-0.5294587299
0.3417326592
0.7689648904
-0.169192725
-0.3633329429
-0.3334921673
-0.2575917982
2.545807222
-0.4200694717
1.11958804
1.09694438
2.367148173
1.771232504
0.8285237253
1.320035103
1.518611544
2.307356846
-0.09640316493
-0.5372172445
-0.2784084387
-0.2363378908
0.2723576127
-0.7743502557
0.3954147696
-0.4226812162
-0.04151578192
0.4721097613
-0.1258989578
0.2077035965
-0.3875184894
-0.3120182371
-0.5630674958
-0.4882925108
-0.2780998169
0.2548625328
0.526405447
-0.2874496344
-0.451208581
0.08313137162
0.2642183361
2.733021933
-0.2637675323
0.5454202935
1.074524236
0.4789076744
0.7403391048
-0.24070863
-0.5050998881
-0.1292617118
-0.6532469869
0.9731826276
1.218508464
0.01604422275
0.1281473342
0.08289072094
0.4274680212
-0.6633463293
-0.6596941054
0.2777689096
-0.5044978619
-0.04975929363
1.491608039
-0.8285360754
-0.01325841118
0.9653218046
-0.587503843
-0.131344748
0.7740721047
0.8208760932
0.08543665744
0.06704828721
-0.3654173866
3.088730413
-0.4231167339
-0.5548758283
2.177340168
-0.7022947192
0.4662242875
-0.4671049111
-0.5930505335
-0.4106378138
0.1096181301
-0.3819370274
-0.4818096176
-0.03681425173
-0.02110805763
-0.02195137404
-0.2498398677
1.232344726
-0.2226970874
-0.3598805772
-0.05317562986
-0.2262326231
2.127468532
2.054811525
0.4581400032
1.218673104
-0.7721241325
2.773235905
0.01104135429
0.8995538771
2.176433432
-0.2444466993
0.4233675506
0.007538748672
-0.5925098285
-0.5905244961
-0.3557962548
3.04066335
-0.1122082143
-0.272895208
-0.4288676634
1.502420115
-0.588388297
-0.08766997755
-0.06069421312
-0.4868213966
-0.1766727816
0.1062044084
-0.07428176105
-0.7060206294
0.2412637994
-0.01845956724
-0.4192250162
-0.4984709933
0.2034499713
-0.4055359542
1.495334096
0.3900967941
0.08150284248
-0.04687444661
-0.6420473605
0.1680274618
-0.1667567763
1.785195768
-0.7847155422
-0.9553225309
-0.7767122626
0.08056939994
-0.1526351871
0.2033526987
0.5564654835
0.8020815715
-0.5663955301
-0.6280287236
-0.4992400602
-0.8852567524
-0.05009626243
0.1104821694
-0.3260981604
0.01156209335
-0.3579743445
-0.6947300345
-0.4081940264
-0.2513547806
0.04971493853
0.1756828123
-0.07185128964
-0.1947295904
-0.2131655752
-0.5520909831
0.005616372079
-0.7155293316
-0.3014622904
2.493167701
1.108304803
1.783159044
-0.1939118769
-0.1547383483
-0.529325214
-0.3104394555
-0.5663570419
0.04864510754
-0.05222583478
2.034423839
0.1395919104
-0.1402073801
0.1337635941
-0.177229012
-0.4452407032
0.09564608168
-0.07071938291
1.509632355
0.03593766745
1.211038795
-0.4803143039
0.4577845693
0.1780041949
-0.5100171477
1.172236392
0.4708972588
-0.07389557548
-0.4867203608
1.296004555
1.30458
0.6942809701
-0.2896872297
-0.1872671973
-0.02054967154
1.182008353
-0.3268450625
-0.43217884
0.3567587659
0.1525028944
0.3987314181
0.004243564769
0.01541308793
0.04022126282
-0.17209095
-0.1418668637
1.087994243
-0.4168206468
-0.754795596
1.040455112
-0.6640008837
1.056836094
-0.440006879
1.182477909
-0.009376059007
-0.2834915407
0.06474758531
-0.4792486161
-0.253973045
0.02281839382
-0.6983672157
-0.3272018172
-0.1313795831
-0.6134284332
0.006719056005
-0.4347939834
0.1238564806
0.3729236577
1.897213721
0.3705344863
-0.4424120463
-0.5650147036
-0.1762648406
-0.2890279233
0.8769922689
0.1973255552
-0.08693240555
0.1648179218
-0.005425065663
0.4029638518
0.09357663172
-0.5046124756
-0.732743673
0.05610632868
-0.2711482666
0.05562270824
1.271376693
0.0709977654
-0.06792742591
-0.3374798141
-0.5785983205
0.2134606067
-0.300669267
0.4131275967
2.053164405
-0.7501763642
-0.2732057437
-0.3866566613
-0.9404633313
-0.6915118694
-0.1810487978
-0.2357358081
-0.7777815938
-0.07518802546
0.2377019152
0.5362876281
0.1306862796
1.013016088
-0.2735364661
-0.6047164097
-0.9095241189
-0.2967790294
-0.6427561373
1.408697948
-0.7634951204
0.02632951248
-0.01724377181
0.1801328362
-0.329909391
-0.1808590924
1.071729034
-0.6470853314
1.066449581
0.159222891
0.7283999175
-0.6897640973
-0.3771708023
0.4377033956
-0.1731393453
-0.2614168974
-0.02458986267
-0.5082440861
-0.2524580412
1.788039702
-0.5585894153
-0.1352234662
-0.1467571259
-0.8705413282
1.357397062
-0.6383969337
0.05234403028
0.3137723362
0.6625480562
-0.8837619901
1.975177822
-0.1918811023
-0.07707719933
-0.2879578172
-0.05657921815
-0.6642887473
-0.02342947014
-0.7458769098
-1.087749603
-0.8823370218
-0.5112153754
-0.3196911111
-0.5775703445
-0.8670801461
-0.4760430232
-0.3995437175
-0.1555288725
-0.999145937
1.095925748
2.259992671
-0.1038587089
-0.2062649593
0.9608537167
-0.6012937531
0.3056689186
1.63845529
1.341674221
-0.2984029397
2.683765656
-0.06977247242
-0.4993201539
0.6119504362
1.087350264
0.7684987023
0.5203580499
1.87380031
-0.3674804576
1.878299519
-0.3246653579
-0.1160766678
0.93069188
-0.2276163753
0.001876264904
-0.04200353157
-0.1345782898
-0.8015850484
0.265081853
-0.05282866968
-0.5839447953
0.09153734162
-0.3653229687
-0.5940023094
0.5335825428
-0.4347138077
0.1197191125
-0.4791154712
-0.201567433
-0.6596718222
0.2520273038
-0.695839195
-0.542563206
0.9859844297
-0.2462479606
-0.1637283051
-0.2039131154
-0.007043637382
0.7914018467
0.5758870654
0.01513012815
-0.08581790254
-0.1874140762
0.1237162822
0.4038394898
-0.6584507525
-0.6829093561
-0.7797032133
-0.86209912
0.06263715001
0.6634753823
-0.2303649493
2.11302647
-0.5136951119
-0.1451843178
1.326206782
0.8242408589
-0.1506281049
-0.4647265464
2.325690737
-0.3537522003
2.107345486
-0.6107710958
-0.4685766153
0.01281188438
-0.3152928561
-0.8447545558
0.1031913157
-1.099921086
0.3426353551
0.1123973309
0.1130877689
-0.7433688432
0.3890871108
0.1863662975
-0.6222395495
0.2728455462
-0.4817014948
-0.3120827571
-0.2949946977
-0.6180908248
-0.2155534368
-0.7489453733
0.8822386354
0.1817928714
-0.00958357146
0.4039977871
-1.039686808
-0.5123499602
1.606118906
-0.03447931111
-0.6244622663
0.6691879481
-0.8118274808
-0.2681919351
-0.2196281794
-0.4221065879
-0.2338004895
-0.5936434343
-0.1995124066
1.058966458
-0.8501372576
-0.5865711853
-0.6366854638
-0.6258875504
-0.5963688627
-1.055678615
-0.4807406366
1.085114493
-0.2066308789
-0.2602853883
-0.7930986941
-0.08942952752
-0.7191042334
0.1841381758
-0.8169224024
-0.244152724
-0.3382351056
0.02666948922
-0.6121409804
-0.1695033252
-0.1073773571
-0.6762854934
0.02670982461
-0.1149055807
-0.2197839245
-0.5099376455
-0.7668173432
-0.8587547719
-0.724141717
-0.5619483083
-0.2968638517
1.873182917
-0.9732248574
-0.6847721234
-0.5716844693
-0.4812539369
-0.7922305584
-0.829266572
-0.1712937928
-0.2689772956
-0.5647160843
0.360608289
-0.4142072957
-0.3042297706
-0.0007281260565
-0.6460548133
-0.4150428012
-0.5375952527
-0.6165036455
0.9940746486
-0.822030884
-0.7545588702
-0.39236857
-0.4471702825
-0.3458162345
-0.02964030891
-0.4826175779
-0.6186845422
-0.3415273719
-0.2075564729
-0.5533634946
0.3866079293
-0.3125653595
-0.5152516052
-0.4937404454
-0.3205744997
0.9550689995
-0.6699061066
2.429389036
0.5853967786
1.428070065
-0.1840338578
-0.4468954798
-0.3241557278
0.007808691822
-0.4197564937
-0.3480906256
-0.4452704832
1.423844513
-0.9758895367
0.4445830446
-0.1596075401
0.755688481
-0.4076846093
-0.442450121
-0.5761687264
-0.2292707277
-0.4365171164
0.03983930405
1.722911769
-0.4481363937
-0.79281196
0.7067041636
-0.52767414
-0.2373320132
-0.1195503165
-0.5617647842
1.014801209
-0.5125094205
-0.5074744672
-0.1706697721
0.850714983
0.9703916416
0.479178521
0.495049309
1.682491285
-0.4783689521
0.1087500146
-0.3879850797
-0.0904500477
-0.1949023314
1.771694055
-0.4121391729
-0.154653443
-0.3135863848
0.1058463844
0.8582853839
-0.2359146085
-0.267630668
-0.1004938371
-0.04851949248
1.212009078
0.5031758301
1.87337167
0.5442535102
0.9977417871
-0.08838061448
0.7990650207
-0.07681301087
0.5953536645
0.1030426031
-0.2988377042
-0.3091279518
2.491180831
0.7282851815
0.195143897
1.125078336
-0.1029429267
-0.1595202666
-0.2767215814
1.845527178
1.680918437
-0.1540464967
-0.2577579916
-0.3348658837
2.560443676
-0.2962513257
-0.1501544382
-0.4057175756
0.3375240833
0.5229290452
1.964812458
-0.6017631724
0.2031594745
0.03132468162
-0.1537698686
-0.3331750121
-0.3900762707
1.19897052
1.946233839
-0.1816012794
1.419750929
-0.5858165234
-0.4211173147
-0.7137621254
-0.6805862129
0.02190779354
0.1390566224
0.1447357059
-0.3358224962
0.02882177588
-0.4967325106
-0.1162142718
-0.5986421272
-0.1439694637
0.04189255489
1.04666253
1.339319175
-0.442989251
-0.4427979209
0.2106935546
0.02750366423
0.07944389454
0.8866823196
-0.2967655934
0.3278432265
-0.1769007213
-0.4190276682
-0.3156519651
-0.003419605503
0.02128120773
0.527949924
0.7338850893
1.352599731
0.2975928778
-0.3866877206
-0.6665187344
0.08870864511
1.814701825
2.05755567
-0.1851206124
0.08241841104
-0.8731530756
-0.004596109688
-0.3761695392
1.42383019
-0.1604735047
0.86911432
-0.4434427455
1.273923826
1.640259653
1.123361093
-0.4577375486
2.320214951
-0.3813522473
0.4160602696
-0.2005597692
1.195654818
-0.08038151991
0.0116403617
1.775352085
-0.7089016259
-0.2489731304
-0.4826771289
0.6985726379
-0.46111148
0.1176606236
-0.207662487
0.7467198499
0.7632179573
1.282489437
2.265888309
1.147941758
0.0318637792
0.4057091467
2.213258743
0.6730315708
0.7605257191
1.255833101
1.112608545
2.000588232
1.558071136
1.536434217
-0.3989553839
0.3172068402
2.199229544
-0.298098138
-0.3596661709
0.1227894621
-0.13009941
-0.4573710933
-0.3008324102
-0.2351951301
-0.04907645462
0.002313067764
0.0009880474769
0.9700217746
-0.06009214427
0.08453569962
1.640844247
0.3210598968
0.4382399432
0.02709777774
1.586069128
0.3947644178
0.1858675053
0.5402908079
1.226141318
-0.02620807611
0.5859146938
0.1835623508
-0.1791704796
-0.2571715653
-0.1363708308
2.055108517
-0.05171473548
0.02291262131
-0.2570624337
-0.3056238204
-0.2875329353
1.77180112
2.402784759
-0.06543205045
-0.1845984532
-0.365943338
1.309111753
-0.3290229559
-0.5466665849
-0.5877884746
-0.1541828675
-0.6086350918
0.3875200216
-0.3434310794
0.7603121489
-0.7603875682
-0.1791850468
0.4677482784
2.482933366
-0.06647079093
-0.3978736445
-0.3409497976
1.099910656
-0.2545873281
-0.2878767282
1.747244853
-0.4672452226
-0.6536029354
-0.6064614028
-0.2156952035
-0.8992219925
0.6153301522
-0.1108896721
0.35798316
0.7461473055
2.487462068
0.140730891
2.453326541
-0.2254012186
2.497658539
-0.444122985
1.187278578
1.55893923
0.364341853
-0.6143592551
0.7445790038
-0.02914520344
-0.504363817
0.6694097243
-0.2576690841
1.12677367
1.102674618
-0.2631086562
0.03779365038
0.1809295854
-0.4235051319
-0.1109956887
-0.8713409215
0.1006591879
-0.295716753
0.1019851021
-0.4249791421
-0.6337298043
-0.4607323736
-0.5733954191
-0.6034609511
-0.2627393633
-0.8241825432
-0.781072709
-0.4515543312
-0.04604524691
-1.01350517
-0.9334184885
-0.5328865118
-0.3186335064
0.137266412
1.829882956
1.38149547
0.9130113006
0.3365773294
0.2260045977
-0.1169978676
0.8961828619
0.2608962961
0.4979963951
0.5094294719
0.112803426
-0.3185684824
2.269014359
-0.3859045893
0.9608954541
1.477197358
-0.8901528329
-0.4166554838
-0.698699449
-0.6013656884
-0.7233477071
0.2682149272
-0.4112896115
-0.1654260315
-0.3877454236
-0.4460605443
0.001984063722
-0.4166881211
-0.7780869991
-0.9534381837
1.296229121
0.1195272373
-0.8546561152
-0.9177452803
-1.010419807
-0.4670876831
-0.1356817834
-0.01175555845
-0.9307505757
-0.7434648693
-0.5533482686
-0.7380145997
-0.128340359
-0.6389793158
-0.4029924154
-0.5470303021
-0.3851085238
0.8037845626
-0.5913008571
-0.3119547591
-0.3527530819
0.932246884
0.01231707353
-0.02576706819
-0.1943784636
0.18054322
0.2839716969
1.920797393
-0.4299899772
-0.2536376178
-0.1460764447
0.9594841376
-0.2689261712
1.093506065
0.1898787342
-0.1524682621
-0.6371553853
0.2365640734
0.1680222695
1.057693028
-0.6088840187
-0.2433749318
0.904745473
0.8861843437
-0.1762328554
0.1316167123
0.4862072885
0.6580423906
-0.725445345
-0.6445694864
0.1573046181
0.2828094683
0.7789638832
0.3556740772
0.4834712274
1.716282481
-0.3606539033
1.101125732
3.31028806
0.1443274122
-0.2862051457
0.1460970389
0.5931926295
-0.2537599392
-0.05242980979
-0.3410205126
0.2934761221
-0.09219832979
-0.9416450471
0.1411292408
0.2795374217
0.7128800988
-0.2941272359
1.680033883
-0.2670319781
-0.2231963582
-0.03012325987
-0.1321742946
-0.7409683838
-0.218809209
-0.1013833327
0.2081209329
-0.6226644516
-0.9618069232
-0.1223160475
-0.1541767161
-0.6676840544
-0.230604491
0.8420392573
-0.2713869244
2.392320508
0.8388259336
0.1419320399
-0.00484874323
-0.1425673818
-0.1688674562
-0.09459248073
-0.2499662474
-0.03434737846
-0.9967565894
-0.4176533766
-0.3346771786
0.5881992459
-0.02078142669
1.436586276
-0.2295447879
-0.2547532937
-0.377567951
-0.2716110256
-0.308510107
1.227190614
-0.8447127551
-0.480272381
0.3205438357
-0.6088028282
3.016850561
-0.2928345598
-0.5888319336
1.259691522
-0.5175324634
0.4228081264
-0.1748562679
0.6393122159
-0.5919814065
-0.4442452528
-0.1893411553
0.2659031218
-0.4171369322
1.508716038
-0.4596667036
-0.2546189647
0.621037825
0.6945196398
1.802200949
-0.6546534553
-0.683580476
-0.8363709331
-0.2871567494
0.4509306747
-0.7672728479
-0.4150767013
0.172494655
0.1914889354
0.04991524229
1.257469824
-0.2286801841
-0.4949029505
1.104941607
-0.7303255469
-0.09491914897
-0.1114588477
0.2524593452
-0.4116127819
-0.4253176093
-0.03869543578
-0.3851861149
-0.6127750963
-0.774380368
-0.09511116855
0.8568358853
-0.6394648835
0.4122745972
-0.8248432189
0.12152318
0.4824449375
-0.4405616656
1.636120456
-0.4008478612
-0.2542943195
-0.3297776468
1.114035715
-0.1160991065
-0.7082350016
-0.9742326051
0.002496205363
-0.3407689139
0.03225597008
1.912092209
-0.2745312475
-0.8049087942
-0.5076319277
-0.9136369526
0.1953903608
-0.3571024984
-0.2063247716
0.3464943208
0.4300790332
-0.2784153087
-0.7300102055
4.200889719
-0.3682576157
0.4092255814
0.2957258611
-0.2082380988
-0.3009573355
-0.2680252068
-0.2300853897
0.4851682931
-0.7970619351
0.3080668863
-0.9091232687
0.1148523116
-0.3951661259
-0.5324766904
-0.8185791463
1.285118502
-0.0603195942
0.1489049689
-0.7128498793
-0.2200139463
-0.4601597354
1.609590691
-0.2853594512
-0.5369248167
0.5372955471
0.5207500935
2.130612636
2.243114239
-0.3000905983
0.3244194418
0.1733290179
-0.3406474575
-0.6067588463
-0.4349067673
-0.4963523895
-0.2424327128
0.2551133797
-0.04125519674
-0.1794668444
-0.2660546109
-0.1773370359
-0.4846898839
-0.4065352838
-0.4305985019
0.4835872032
1.149139881
0.0976186296
-0.1438350933
-0.2384507677
0.03068387052
-0.2230757404
-0.09751455933
-0.2381788261
-0.09165533963
-0.1840963505
-0.8955281973
-0.1715987024
-0.7922062248
0.08889020178
-0.3284615308
0.07105249278
1.398717815
-0.3404506192
-0.2561380766
-0.6645636201
-0.7458979562
1.539132455
0.7466245666
-0.5068432689
-0.3567295723
1.40709461
0.520781114
1.847850665
0.5951519668
1.813660312
0.8333676517
-0.1335455557
-0.274077943
-0.1012727002
-0.2731410032
-0.1069642825
-0.4492216259
-0.82306979
-0.6175667644
-0.3212690435
-0.3843199998
0.5265096605
-0.31317643
0.9128129393
-0.01441044575
-0.8948946863
-0.6709983855
-0.550657557
0.1408770107
-0.3916713007
-0.225392662
-0.5274932116
-0.9573458284
-0.4920616239
2.56690166
-0.2954184115
-0.0475741392
-0.7159116432
0.04113013064
-0.6220973179
-0.6775823772
-0.6063289836
-0.4032885864
-0.3432149865
-0.2530805323
-0.9190566301
0.5317598209
2.034216678
-0.3292973392
0.8113988481
-0.7684611142
-0.8477243185
1.027376774
1.300315312
-0.3027657636
-0.6179138511
1.0217324
0.3848703244
-0.6039622754
-0.7463368744
0.5882428862
-0.2145411309
-0.5272148222
-0.1499155512
0.02846476603
0.5810958505
-0.9510738134
1.127265075
-0.01006405242
-0.8773513913
-0.355199831
-0.4208314896
-0.6980783939
-0.8177770674
-0.3221237782
-0.8997253358
-0.6377067775
-0.3860074401
-0.4798219033
-0.7993793726
-0.2818533331
-0.364958179
-0.6459212184
-0.8182753593
-0.1194971923
-0.830806306
-0.6475925311
-0.5691694558
-0.3338525988
0.1264215288
-0.2283396246
-0.8147623718
0.7067519605
-0.2792680678
0.2005058992
2.558438855
-0.4092301883
1.213848677
-0.02955690837
-0.4011041179
-0.4302869022
-0.4519386485
-0.5763667718
-0.5841605484
-0.1931417776
-1.080188674
0.07775109112
0.0949255418
-0.03413678724
-0.5733476013
-0.5932537451
-0.3397490159
0.2695886338
-0.6567503497
-0.154722734
-0.1258027263
1.070075309
0.3802007373
-0.3957541935
-0.7167826176
0.2499688544
-0.09472111715
-0.06935285628
0.8120084837
-0.8872794926
-0.1748901411
-0.1610099975
-0.07872895952
0.8186048716
-0.3600731373
0.006385726947
-0.4751586586
0.06055985959
0.07039557695
0.99122715
2.192971337
1.07436294
1.349312815
0.953404139
-0.06276289206
0.9357516184
0.04628437478
1.56406723
0.03266617218
-0.3818848357
-0.815485844
0.2021055305
-0.5494729072
0.0332657211
1.077271806
-0.2730097018
0.3003682347
-0.02407740746
0.3639052011
0.09135944901
0.6250181869
-0.3437234079
-0.6211494982
-0.5040054843
0.5236862652
1.486448783
0.06287432443
2.967690885
-0.1594787547
2.140338361
-0.2117481641
-0.3683514506
1.681224674
1.141353503
4.241569138
0.8427105218
-0.487199761
-0.5496171542
-0.3451062037
-0.5342013873
0.8250378132
0.2880896345
0.9697227299
-0.2947683493
1.025082847
-0.1231193907
-0.6259061664
-0.6044341385
1.011164884
0.6356763691
0.01601163633
-0.5114884824
-0.6641879097
-0.6089926779
-0.3224123396
-0.2555623215
-0.8257547915
-0.04859260675
-0.7817945778
0.2210244174
0.01073714923
0.380564093
-0.3254614979
0.7733675227
-0.6071622938
-0.3768329278
-0.07827179972
1.660554689
-0.1757009782
-0.1281715902
-0.2889457554
0.6364663638
0.04755584314
0.2833614456
0.5093014762
-0.09488388929
-0.8590768725
-0.4039282829
0.908587499
-0.3799539551
0.08746728525
-0.1331741642
0.9966172338
-0.747181195
-0.0182812483
1.338171324
0.4828800846
-0.1763701484
-0.0317972498
1.703190073
-0.6827149868
4.238380003
-0.8004697591
-0.8003027111
0.5881862791
-0.1179779312
-0.428097108
0.852347441
-0.581708023
1.403700498
-0.004980080575
0.04664941579
-0.7611347675
-0.1221110949
0.2209145466
-0.4477424718
0.1988530913
3.307991517
-0.2182144406
1.765484571
0.2067686275
0.07147364416
0.05705161924
2.826752234
0.01314331461
-0.1619655093
1.966562007
1.447152944
0.676569666
1.173256704
-0.2925226368
3.016992426
-0.5746569768
1.483880684
-0.1909809416
-0.1135098577
-0.4613643706
0.01732437741
-0.6042543441
0.3130214028
-0.318620315
0.6499143824
0.1675013773
1.296445933
-0.5707095549
-0.07220448256
-0.3778164238
-0.5632970482
-0.4087416366
0.3398321068
1.462560409
0.2719772809
0.720377183
0.29993598
-0.07038916444
0.7180428252
-0.320019345
0.07815101586
-0.4679400921
1.438451654
0.6112593599
-0.1098369234
0.319629366
0.1751849804
-0.07739934288
-0.4325998291
0.4773413986
0.4650651187
0.1380543124
-0.1691279216
-0.3612376064
1.683174616
-0.1231019896
1.013510686
-0.6404246777
-0.8841705412
-0.7849832475
-0.8001516998
-0.4184217751
-0.04771662988
-0.6233937398
0.4696546793
0.5597962968
-0.2479794953
-0.06133942679
-0.1814882889
-0.07864284851
-0.07625617366
2.219490552
-0.3640058037
0.1512052554
0.3545073671
-0.1573136467
-0.5597213522
-0.5208175823
0.2866392102
-1.002937782
-0.7222426236
-0.238505578
0.1596331051
2.36943084
-0.1054367509
-0.1118703946
-0.8185958445
-0.5429051086
-0.4520174459
-0.07673622537
0.1724279902
-0.2096043047
-0.04994259067
-0.114973869
0.3487341039
0.9252199568
-0.5283102639
-0.5966811344
-0.2592965633
1.216785467
-0.4654083326
-0.1786223825
-0.3079677835
0.4584398171
-0.5669039495
-0.8219427019
-0.8473186642
-0.3181196317
-0.9011971325
-0.01795590576
-0.08546449228
-0.2694373209
-0.9865184814
-0.3495489366
0.8401551336
-0.3351871647
0.1034821803
-0.6762227505
-0.3428980069
-0.9392034441
0.2015153013
0.7819437131
0.6789038599
-0.7150782615
-0.6821209922
-0.5106137842
-0.6235905528
-0.1675764792
-0.8986644447
-0.3834419228
-0.1677518222
-0.9517794937
0.06006909963
0.1605312385
-0.1503536979
-0.9428562433
1.414621282
2.364864802
-0.156027624
-0.6740360558
-0.5127769515
-0.2591788452
-0.554233323
-1.041052428
-0.3383388057
-0.3389616061
-0.7032322079
1.16910405
-0.6911956802
-0.1658484681
-0.6066056296
2.41505366
-0.7574838519
-0.5504437506
0.8932745159
0.7640553907
-0.5070804417
0.3278863585
2.655445278
-0.6951200277
0.1160924239
-0.2984669205
-0.7747506708
0.8051983267
-0.4522670671
-0.6771228164
-0.1568942705
-0.5148975328
-0.04679366406
-0.2610776173
-0.790215829
-0.7538332582
0.4081479385
-0.471196875
-0.4438968495
0.7986390516
-0.2749439478
-0.2476030268
-0.2279335786
-0.1187637533
-0.5202805102
-0.04135846365
-0.2877500348
-0.09020349877
-0.3370240912
-0.7993852526
-0.309894333
-0.1628359355
-0.02859993456
0.03756133895
-0.07677754727
-0.4382595286
-0.4718140878
-0.6448233277
-0.07320268713
0.592039147
0.01139867585
0.469796237
-0.1098696475
0.1863577846
0.4331367373
2.748845822
-0.02748159282
-0.8748135358
-0.539756234
-0.90587852
-0.9350965381
-0.5661324978
0.2113764192
0.02186538676
2.958515537
0.1939256576
-0.3918047354
0.8956674576
-0.7074581772
0.6650785521
2.885072517
-0.1492126105
0.3767805051
-0.55843454
-1.005827338
-0.4544127285
-0.1215506259
-0.2041019123
1.507198614
-0.1285784453
0.1027210786
0.9593928307
-0.7318578988
-0.624432607
-0.282152503
-0.4049119771
1.251092333
-0.1646817248
-0.5609362066
0.1166588818
-0.1453614218
-0.4641622365
-0.7151458114
-0.4799831375
0.2766817976
-0.06294952091
-0.3373857655
-0.4335565403
-0.3743254349
-0.1810361858
-0.2541857321
0.7984099194
-0.001801667921
-0.591188705
-0.929883787
-0.9019296527
-0.6640636772
-0.7293291628
-0.2144377787
-0.01078617005
-0.8354363799
-0.9139801025
-0.7140569121
0.2683421196
-0.195216243
-0.9876148611
-0.9432774216
-0.5286867544
-0.3416828029
-0.5388229251
1.767199045
-0.2405518796
-0.6987838492
-0.2635592826
-0.6799623013
-0.6600462645
-0.06860750206
-0.3695256233
-0.2557176255
-0.3128582545
-0.2904483832
0.01137733776
-0.06318310248
0.4910210952
-0.03724509231
0.3716439395
-0.5407147393
-0.7491613597
-0.4751723669
-1.165015122
-0.6000205502
-0.7385924965
0.1469406534
-0.6172157481
-0.1027048085
-0.695567055
-0.4330905467
-0.6487560034
-0.08684526379
-0.02733164784
-0.0236552312
-0.6973584771
-0.2062977117
0.08486072985
-0.8053119093
0.01918685753
1.247911561
0.5575678766
0.1965960139
-0.6263659984
-0.2503924316
0.3132052358
2.358107346
-0.1607052663
-0.6645214647
0.4475516003
-0.7679145634
0.05650047148
-0.7206953824
-0.4801519275
-0.9691452533
-0.2372360922
-0.6994395465
-0.438358058
-0.09401376257
0.05108343512
-0.6084784225
0.6449701067
-0.57984595
0.004254595004
-0.6352572739
-0.3700553373
-0.6387348443
0.02146896496
-0.1142392371
-0.2994798183
-0.6664535135
-0.6449957877
-0.5927639261
0.07023456488
0.01484005004
1.150459439
0.4492653403
-0.02916153837
-0.6787614256
-0.3209698617
-0.3270014528
-0.1422318073
3.4729873
-0.4988828823
0.4274957232
0.2046423621
1.665758544
-0.06294817133
-0.5986956894
0.001879778132
-0.3709032178
-0.3573285863
-0.01175854001
-0.27548832
-0.4987533882
-0.7091244727
-0.9514827073
-0.5056060418
-0.6630624369
0.5624078035
-0.5632891208
-0.294624088
0.993638593
-0.8999424189
-0.1945228692
-0.4377292193
1.928535467
-0.7668269068
-0.8881533831
-0.4291048974
-0.4737849087
0.5476667657
0.195293414
-0.05027954523
-0.8438816428
-0.0752822781
-0.05381964203
0.3167209705
-0.7954236507
-0.6125316814
-0.3941169269
1.28458378
-0.2633204971
-0.3939229891
-0.8057361484
0.08115476416
1.260687256
-0.704565686
-0.9400278986
0.415767521
-0.5994955063
-0.8912970811
0.4655888055
-0.9568927288
-0.1413838593
0.0297559727
-0.6037068248
-0.4081355989
-1.019869551
-0.775310567
-0.8867343009
-0.5067200676
-0.1569356818
0.8358437777
-0.5951170459
-0.46847976
-0.1713758674
-0.238167968
0.8050544128
-0.163699989
-0.24642395
-0.5116733715
0.2175885146
-0.1995110888
-0.2357000997
-0.9085301846
1.023072304
-0.0743594693
-0.03656008784
-0.7332934514
-0.2239703901
-0.08823810779
-0.8142183661
-0.5637907967
0.00617920151
-0.4035152353
-0.4320131719
3.108407041
0.8098974243
-0.6281830847
-0.159262537
-0.8606755048
-0.8504433513
0.0283070311
-0.6433482483
-0.5197240092
-0.7311874837
-0.4758475065
1.122153249
-0.1678372135
-0.4310446873
-0.4439288199
-0.09196047746
-0.6669410154
1.341505346
-0.7799177647
-0.4939054251
-0.8816128135
1.349134499
-0.1252850893
-0.8369242489
-0.5151980758
0.02243133024
0.7654703572
1.858026552
0.3722545718
-0.002268667147
-0.3230831139
-0.8781791002
-0.03297235258
0.7738117084
3.839722884
-0.6741894186
-0.331735871
-0.08851820817
-0.3178876806
-0.7692905605
1.155550104
0.7997572988
-0.7333020508
0.03198847556
0.465184471
-0.5004463658
-0.6756026506
-0.2402975682
1.665574259
-0.2355629478
-0.5268533841
1.164091083
0.6843168154
1.326622725
0.7158133358
-0.1055186443
-0.5773349106
-0.4546267867
1.401470524
-0.2875700191
-0.527895999
-0.3779760953
0.2818653215
-0.7926799983
-0.6340820163
-0.7561312377
-0.6044087633
0.2027653222
-0.46080015
-0.6203457519
-0.3806528553
2.787214315
-0.7652731717
0.6519247055
-0.1468798826
0.5659471966
-0.7014681399
-0.8333051026
-0.04070505928
-0.400321126
-0.0338204301
0.9151089221
-1.084347957
-0.2973519959
0.2822424464
-0.3160913616
0.6549789906
-0.07722107507
-0.2271429919
0.9752443254
-0.06482311245
-0.6847176403
-0.9508879632
2.11247834
2.345580524
2.323768473
1.113064222
-0.3985064819
0.06397553245
-0.4574111149
-0.4775828049
1.464389315
-0.8259346008
0.3959588092
-0.2379568849
1.000741066
0.9028571039
0.2710004508
0.6378219649
0.3153471057
0.5319996879
0.008271009848
-0.6479180127
0.1160569265
-0.836554414
-0.05636471466
-0.7267238796
0.5115600627
0.5936445795
-0.1199079831
-0.6223271981
-0.00802736301
-0.1880460616
3.040117896
0.1378009381
0.09745149277
-0.4397625305
-0.295198388
-0.7322456174
-0.8030760854
-0.385383074
-0.4476403952
0.1629619785
-0.2518031863
-0.09145769235
0.05159085735
0.03056655796
0.7735650778
-0.932376197
-0.1573955478
-0.5511304632
-0.8824599147
-0.3927192681
1.170482963
0.04149954342
-0.6198050052
-0.4811002687
0.1492870181
-0.6415842712
-0.4628201813
-0.1765157253
-0.5310321331
-0.1741672195
-0.50227696
-0.04534376557
-0.6178971231
-0.7894510895
-0.6750971809
-0.3192374825
-0.3348723523
-0.2488721292
-0.6529429927
-0.170459301
-0.1984829543
-0.7256300926
1.81399442
-0.7037362188
-0.6132344216
1.87639696
0.973670879
-0.2540927305
0.6066536441
0.1533404931
-0.08395990897
-0.1875841994
0.5819589831
-0.4388613358
0.583847893
-0.8161879927
0.7722504526
-0.2511285216
-0.8109287798
-0.5265473172
-0.7093878835
0.651301451
0.07163115717
-0.1880572767
-0.6803981811
-0.1036764158
-0.5597789645
-0.4282586016
-0.8505003542
0.2010232762
-0.7264570653
-0.2823506095
-0.3031214163
0.07740712464
0.2462078151
2.345728856
-0.06861720011
1.952612156
-0.4785426229
-0.4034451157
-0.8109582379
-0.1699454418
-0.5514591202
-0.4625365928
0.3033267392
1.002025706
0.6576614842
-0.4138458267
-0.4528287306
0.1608497883
1.673658055
1.538562465
0.4006279025
0.8274632037
-0.1257680682
-0.166364288
0.2907791555
0.1067728705
-0.456108427
0.2520891376
-0.02222957211
1.076090476
-0.2658079018
0.1077521248
-0.5579292431
-0.4890041545
3.362372315
-0.6017174914
-0.2083751335
-0.5702050507
-0.4794681251
-0.4165844411
0.3523151234
-0.6220067888
3.033269036
-0.5326529205
0.1651703265
-0.6632159159
-0.1204129726
0.1970188034
0.1225258995
-0.3257082067
0.7832979992
-0.4194002606
-0.045547581
-0.06488542445
-0.1560311766
0.2497246213
0.5792960733
1.760903922
-0.2534306198
-0.06655549733
-0.1088523481
-0.3755202785
1.479838562
0.2473166513
0.3087817836
-0.02805528091
0.5625447646
-0.2039535865
0.05213001706
0.05969589154
-0.722217451
-0.02280433606
0.581944979
-0.6043495655
-0.1432033366
-0.2829015601
-0.5473574251
-0.3658661857
-0.5579175845
-0.4255104825
3.122536981
0.8718341768
-0.5374844924
0.5144939944
0.1211503485
0.9862603933
0.7529515633
3.404374659
2.288901573
0.598734878
3.092702764
1.468294403
0.4990273416
2.11948052
-0.3242057394
-0.5908736721
0.2722785675
-0.3377572797
0.237177364
0.09838123713
0.02119491519
-0.06106721153
-0.463158001
0.3967231
-0.4125388771
-0.7305587202
0.4776218951
0.04194607469
-0.1835288376
1.040643933
0.4411289938
-0.6410841167
-0.6884218931
-0.2304519538
0.00695483638
0.4103732772
-0.01662593973
0.08697352456
-0.3214920476
1.509534979
0.4252486086
0.7354673997
-0.4146906406
0.07600522931
0.8319742382
0.2069524489
-0.118938399
0.03264751064
-0.5542468145
-0.1726902602
-0.774182874
0.906183669
-0.621781671
1.098461646
-0.1479982826
0.2991535635
-0.6316148356
0.02178335492
-0.3473122209
0.4711927146
0.1735328581
-0.4821484849
-0.2053150734
-0.4551455155
-0.9403188795
0.3708475478
-0.2376768123
0.001600636262
0.9595384061
0.1992681835
0.5697386101
0.2693768727
0.01881399611
-0.03216146436
0.5360860541
0.04602670926
1.986473173
-0.5597606599
-0.2360455488
-0.7001120061
-0.6162425786
0.5579133615
-0.5353544332
0.8542002916
1.375079569
-0.2818111774
-0.5491779476
-0.5843226641
-0.2749953948
-0.7209351003
-0.4234602787
-0.4169413365
0.7202996761
-0.318992639
-0.01386891026
-0.286276352
-0.0965737313
-0.2671728358
0.1408960367
-0.1596805852
2.529158354
0.1504469059
0.004853104986
0.13961178
1.765725613
0.007959934231
0.2343684082
0.6823682658
1.161538479
1.584082794
-0.4629720345
-0.211534597
-0.282602698
0.1159609005
0.37069778
-0.4350519836
-0.310020832
-0.07623778488
-0.5659038872
0.7011402488
-0.1736378988
0.1788017308
2.31055395
0.4261671085
-0.7097638711
-0.06246503084
-0.4477891065
0.03272347022
0.4055596296
1.566264591
0.4395644769
-0.2857039817
-0.194524828
0.07295754766
0.2350909374
-0.4405502766
-0.01317503378
-0.1207434369
-0.6039980173
-0.2443971219
0.4307314649
1.130840021
-0.1846856944
0.4951878805
-0.5110061139
0.003892088728
-0.2090257196
0.06707505547
0.26480411
0.5343384683
1.520665681
1.829396641
0.2484997134
-0.4749118462
1.527548403
0.3067225154
-0.2712500082
1.310698834
0.6238575146
0.2091277624
-0.2926681049
-0.5773737147
-0.3048615726
0.2072299417
-0.5241563022
-0.455461213
0.06287743393
-0.8014215201
-0.1720887305
-0.01928162966
0.5049760938
1.579771885
1.184236842
0.4983819973
0.9182779223
0.1519048242
-0.1799299045
-0.3528413601
2.156252366
-0.006781734619
0.3332075711
0.05308089852
-0.6113177001
0.4652490966
-0.3315138832
-0.516681321
-0.3106498033
-0.411621736
-0.6730873466
-0.07764873356
0.122325648
0.926991652
-0.8471856415
0.4406286001
0.1567772206
-0.1719134569
-0.7312026292
1.149697331
1.619640303
0.008796847425
0.0502165895
0.9054842263
-0.2449270312
-0.2734981094
-0.4522463366
-0.4897428125
1.436108333
-0.3412584797
-0.1198325749
-0.09632118186
-0.3292464077
2.096175787
1.985492283
1.611833894
-0.4529825546
0.009030331252
-0.2629577111
0.02087400113
0.8711882368
0.1369602975
0.4540321738
0.09354637996
0.2129926351
-0.7466523185
-0.2319178754
-0.2011876205
0.3340669159
-0.3949365743
-0.6281659007
-0.8568669766
-0.004059242504
-0.1457637194
-0.3411028482
-0.7845962375
-0.2168694932
-0.4443533286
-0.09363310444
-0.7272934437
-0.2440669464
-0.4785662055
-0.1473607345
-0.4275877699
0.0883370012
0.1004371401
-0.9226204515
-0.827635628
-0.1636446355
0.4181024991
1.391843125
0.4274495682
-0.5568345562
-0.3181998238
-0.3884805493
-0.5547351271
-0.1341656709
-0.572374557
1.14393813
0.5850390266
-0.9271390855
0.04419841878
0.3564627019
-0.0921689247
-0.3868935391
-0.4270598739
-0.1051540123
0.6875281423
-0.002731167153
-0.2754296746
-0.1337501004
-0.0121806615
0.06995546394
-0.1976682067
0.5227869928
0.2965829588
-0.7048233554
-0.1809393808
-0.5919474959
-0.484789376
0.3246821881
-0.1618370548
-0.1360040426
0.3873333271
-0.3012402989
-0.2857873634
0.06323944468
-0.122120117
-0.5135928184
-0.06247557458
-0.2359219374
-0.6958965376
-0.5905928686
0.0616698999
-0.3156282153
0.212899319
0.0559913313
-0.2463342749
-0.5163259462
-0.003219861723
2.762819058
0.04143352238
-0.1741323637
0.905452688
-0.7806995451
-0.4454137325
-0.7237726852
-0.08190779742
-0.3002710797
-0.2130179361
0.4073144061
-0.1464533588
0.06220733062
-0.001564613404
-0.04233901408
-0.4841660306
-0.3271649368
-0.2898058196
0.1111400157
-0.3888802558
0.8736783624
-0.1601341478
1.558376151
-0.3770716801
-0.8174884558
-0.3864061549
0.6594609827
-0.4914602727
-0.4218051948
-0.488109313
0.1591535134
-0.3704648748
-0.05531800911
1.570257872
1.108322123
-0.3840694502
-0.2132371267
-0.7011536598
-0.6270406246
-0.4014093645
-0.2451123223
-0.3624252036
-0.2981807031
-0.02810509801
1.864999878
-0.2829126976
-0.4674157731
0.1531078174
0.022853204
0.3227187326
-0.09841766395
0.206353776
-0.2381858579
0.1315155542
1.608243683
-0.2176520027
-0.3249814648
-0.6639997214
-0.6919623554
-0.5067610234
-0.3343069278
-0.4965005934
1.464802229
1.555864441
1.286566207
-0.6328365326
-0.1213176673
0.02685448574
-0.5526048049
-0.4658132158
1.141396317
0.894381471
0.13177903
-0.5316910923
0.1784035294
-0.4620441437
-0.516132836
-0.860039708
-0.1506032774
-0.4656869814
-0.597582978
0.1514420448
0.4486310005
0.3101994259
0.9120916605
0.5388167158
-0.2581983075
-0.4988783777
-0.4416214079
-0.7193678409
-0.7964519709
-0.1848151155
-0.4346788839
0.009787068935
-0.06302806418
0.2794103613
-0.4924872383
-0.3804584101
0.600307475
0.2807834428
2.367914945
-0.5402145684
0.8131233826
-0.1118370052
-0.1549867485
-0.5247735888
-0.5093186572
0.8581139117
-0.3462523714
-0.3946523421
-0.5654833481
-0.3780356582
-0.5655448794
0.7357605577
-0.6195700467
-0.7359833285
0.1943307476
0.600448592
-0.4899050683
0.5362066329
-0.8861911833
-0.4612578675
-0.4548205033
-0.62908144
-0.6918232709
-0.5144062489
0.1761792759
-0.6824763894
-0.7537741482
0.2328489986
0.9334697157
0.6028365932
1.07047039
-0.1961157147
-0.6462940454
-0.6595971569
-0.6465396196
-0.2745253742
-0.3157229878
-0.8720498115
-0.04348734058
0.05636624852
-0.5035718516
2.676635695
-0.3736764893
-0.4097095571
0.9206601411
-0.4645644486
-0.5692319423
1.528890812
0.7043337114
-0.08784698024
-0.6186285749
1.869301414
1.138444541
0.6847495601
0.1387537802
0.5571698539
0.08689908702
0.4136873975
-0.6399571091
-0.6768086314
-0.2514765747
0.7733207524
-0.3915231965
-0.03403136246
0.7564689472
-0.07603838169
1.037157555
-0.5090190127
-0.2059654884
-0.3918691516
-0.2146718282
1.905285275
0.06870469281
-0.3625659347
-0.8469140857
0.08742830753
1.542926168
0.1531055538
1.434903651
2.374967629
-0.2074572105
-0.257161469
0.7648707271
-0.2268303569
1.256746916
0.6956455708
0.1725483013
3.112647432
0.3781377068
0.2092343005
0.1306600596
3.002414995
1.908023059
-0.4955266774
0.6544403493
1.013195175
-0.317904596
-0.3483599499
-0.008836138388
2.049220759
-0.07807350904
-0.05602883999
-0.1007029811
0.7834570408
0.7845966429
-0.07705867207
-0.1450279841
0.8912860595
3.923853385
-0.1803599428
0.5109854978
0.07807872323
0.1866871206
-0.1477320811
0.03608194003
-0.5103831112
-0.2112974716
-0.01950930036
-0.3042416304
-0.2396505482
-0.2833983287
1.666415897
-0.1207187753
0.6027914442
1.104126304
1.352671096
-0.2374668021
1.683964956
0.2487508322
1.988993382
2.687198412
0.1022701475
-0.7192922592
-0.6097732171
1.618020397
0.1029526919
-0.1024066312
-0.3656151168
-0.3777167499
-0.4495029822
0.1176096796
0.3378862159
0.4156816915
-0.06371677574
0.7117369518
-0.1245426569
-0.8063658267
0.1051713565
-0.05294044693
3.555119884
-0.6704277009
0.2954813777
-0.2168807477
-0.355004172
-0.5616390169
-0.4019573919
0.1829960162
-0.6981567413
-0.1980950359
0.3830139469
-0.3886496842
0.0182314246
-0.4984170556
-0.2544451857
-0.1119792128
0.3782167472
0.3281502591
0.2980775162
0.3603802668
-0.6464245528
0.1058758253
-0.1091396041
0.7104179189
0.8542829469
0.3440279882
0.01147647221
0.01955098026
-0.002241458558
0.1285996097
1.666560679
0.1727143633
-0.0821902955
0.5290955529
0.77667045
-0.3793116406
-0.2587094747
1.259962347
-0.4168157697
0.2749722978
-0.2342151588
0.1218387676
-0.2419393241
-0.3421771549
-0.3231205799
-0.1149255495
0.1935849506
-0.1609242676
0.6666560739
0.2208159627
1.21171416
-0.1335659107
-0.6840016365
-0.7814294934
0.05002653338
2.176503348
-0.1478892229
-0.7039078593
-0.3832704194
-0.1167073993
0.8238725245
-0.3756437987
0.5268323794
-0.5654127806
-0.5936886564
0.1183898339
-0.1339308966
0.9230910152
0.3195489377
0.2192956948
0.7865753993
2.149355567
0.3184118366
0.6940525852
-0.02285245801
-0.4294659749
-0.3241776057
-0.4401613206
-0.3562504657
0.3173923893
0.3178138521
0.7811550766
-0.0766444535
-0.5687518999
1.05226362
-0.3515029989
-0.2500235364
1.095664601
0.8645473376
0.9247495294
-0.1775976857
4.125531578
-0.2612522326
0.9393220738
-0.2105015373
0.03675316898
2.110195571
0.1598204628
-0.5531825349
0.06512706992
1.406932974
1.799897437
-0.1421138275
1.919007072
0.4960607503
-0.1684015248
-0.09687339608
1.55303708
-0.1732675526
-0.0503605742
-0.1564155223
-0.09369754344
0.03986740466
-0.3812058017
-0.03265282335
-0.02886832394
-0.4921239719
0.110504786
-0.7258711457
0.1106683291
-0.7597572774
-0.7842437834
1.772842062
-0.279414957
-0.6280776024
-0.261367742
-0.6553037941
-0.3920994699
-0.3431757875
0.4064853529
0.04566361946
-0.2431522191
-0.5075284839
0.09592792792
0.7718403898
1.337952638
0.3794263523
-0.2779086165
0.06918768585
-0.5626719028
-0.4299513146
0.02976855356
-0.8725282401
-0.08771719635
0.1209675239
-0.8389736414
-0.1242740005
0.07386651309
-0.8475703955
-0.6138524994
0.1053695322
-0.2717208892
-0.4418110624
0.8057162173
1.976059517
-0.7063009903
0.07567408313
0.08679243107
-0.2717357672
1.316861522
0.03434659406
-0.1184660969
0.05219767615
1.665152454
-0.08120075716
-0.6514251694
-0.7800177932
-0.2194798188
-0.711606586
-0.2097843308
0.1965239242
-0.1556714245
0.8086125031
-0.4075360999
0.1945516286
-0.670523411
-0.7493960559
1.276306444
-0.1331374414
-0.213551503
-0.6707119361
-0.2444412544
-0.4489947483
-0.2288827181
-0.4478441969
-0.2091307126
0.03629628802
-0.6359392598
-0.6912569076
-0.2001920031
0.5337411642
-0.06069561762
1.077972439
0.4573891437
0.05598272681
-0.4748696566
0.8631432235
-0.3006787042
-0.9713965774
1.653776383
-0.5881396621
-0.6654206142
1.018142572
0.1058785921
1.010214666
-0.1646655146
0.02454136843
2.004107833
-0.4060863003
0.1408673466
-0.3748631418
-0.02740228295
-0.1443766126
0.08622698607
0.7581254199
0.06211948819
-0.3720017819
-0.1029547012
0.2163337854
-0.370634567
1.405929011
0.141947592
0.2717187149
-0.5309353068
-0.009535337612
0.7734279081
-0.2955671206
-0.1052502402
-0.5156354487
0.565884541
-0.4834461905
0.4970150553
-0.286489024
-0.3886291437
0.2316356707
-0.1452579655
0.7737169579
-0.3710810617
0.5636715233
0.5976025537
1.07535049
0.7434019387
0.9115926266
-0.2846855607
-0.0007929270621
0.06523021196
1.337957293
0.112174045
0.08284319669
0.652304697
-0.1612119662
-0.122315378
-0.04451344367
1.222643459
0.7716861159
-0.443982015
-0.7445361435
-0.465218604
-0.7570979983
-0.3808784641
3.733819795
-0.06929748859
0.3429500554
0.1947616214
-0.08566140346
-0.01443573255
0.7004294969
-0.3423025463
0.367141832
0.4187303077
-0.7088838965
-0.3951824114
-0.2503070069
-0.2028197624
-0.5816667423
0.07849696605
0.1196586818
0.5581121102
0.3150703963
0.4986321487
-0.3796991851
0.09893573835
-0.355923368
-0.08712710487
-0.01207487197
-0.1326341083
-0.444345589
1.288323256
-0.05322286244
0.1132110871
-0.1998932417
-0.2709917645
-0.7078176349
-0.08446157984
-0.6655729339
0.6273384646
-0.6186136976
0.584876658
-0.2512997561
-0.1863515895
-0.5104901657
0.6247226611
-0.1559213333
0.4151289903
-0.4187329695
1.719611102
-0.202276895
-0.7394366473
-0.3480604146
-0.6704531446
0.07163302763
-0.04775331523
-0.6813720733
0.7113498315
-0.1138681524
0.3035392567
0.1797728825
-0.2275862779
0.09229909789
-0.3194507271
0.4025190268
-0.3784630336
-0.2191986548
0.3438716279
0.6630792122
-0.3866817012
-0.4654476792
-0.4897010565
0.2934378617
-0.917610693
-0.1855492362
-0.6954147011
-0.394376041
-0.33773081
0.1241798939
-0.2450445469
-0.8439841926
4.150524271
1.615933916
0.3102899387
-0.1920569859
-0.9000850797
-0.2642739024
-0.7233683288
-0.346690397
0.2782908819
0.1802369763
0.1886410927
-0.2871364886
-0.1422477316
-0.6765265137
-0.1424355771
-0.02093568803
-0.5104772449
0.5486079425
-0.357169334
-0.3114291385
0.1058897391
-0.9728671998
-0.1372077167
0.7286720484
-0.2738601374
-0.4356303781
-0.1319825595
-0.2920640536
-0.6020743862
-0.126132871
-0.5871278629
0.2956955303
0.09776940194
1.777595174
0.2296056475
0.1962760836
1.941574332
0.621570234
2.356516957
-0.2263850491
-0.3493646838
0.1486207755
0.2010034106
0.0004043806344
0.1712032212
1.029861119
0.9746560618
0.01040783431
2.865811533
1.86930888
1.249373099
0.8344449416
0.8236254334
-0.1582213122
0.3267774999
0.4582158759
-0.6237274826
0.1211050375
-0.6425784633
2.083874506
-0.4201758429
-0.576125513
0.4649668377
0.07263732161
0.114389198
-0.1752917964
0.16474383
0.1184852118
-0.4266108558
0.3288282966
-0.6795179442
-0.3293701537
-0.3349250764
0.3919733495
-0.2972447757
-0.6469093323
0.01346892789
0.1102052286
0.6330279469
0.9132110178
-0.2552840151
0.8955816299
0.2475780675
-0.3882736012
-0.3062447522
1.999417102
-0.3752025209
-0.01338544963
0.1151955641
-0.3049881935
-0.1346182924
0.6545157284
-0.4499622077
-0.7271677315
0.07328013405
-0.3000788886
-0.1150136314
-0.7153753981
0.7148056403
0.208316092
1.145481884
0.6586739138
-0.8095192224
-0.2559131008
-0.3096926555
0.06541207014
-0.8130299896
1.634771711
-0.6957426757
-0.8860481143
-0.8709369391
-0.1614955238
-0.689448455
-0.6781086355
-0.5679927707
0.8429535091
-0.4798222542
-0.497467646
-0.1380311906
-0.3914516933
-0.4238511093
-0.3787939385
0.108242839
0.577094797
-0.2402183061
-0.1659051897
0.219358832
-0.08923116466
0.04868350942
1.044073483
-0.01134441858
-0.8021240413
0.5000644251
1.076637688
-0.4694134295
-0.7071335733
-0.6138701051
1.756582248
0.07703016503
0.7172636911
-0.5879710048
0.04761479758
0.4269429471
-0.4453688592
-0.4230404168
-0.531786336
-0.7732735306
-0.6819488227
-0.907866028
-0.6635844737
-0.4425155431
0.3145782928
-0.1612682486
-0.7398717642
-0.05172910246
-0.2312930303
4.259388077
0.04247330455
-0.1488982669
0.7665850714
-0.308494731
-0.6440568745
-0.6780974403
1.388571462
-0.0664450841
0.09831992211
-0.4938974537
-0.3682605803
-0.6457947522
0.1690072119
-0.1296771209
-0.4771372631
0.178015399
-0.01478095911
-0.2283923127
0.2502409782
-0.5806143939
0.7803955615
1.876387566
-0.5403420106
1.425586052
0.9568507165
-0.7492855668
-0.9272390306
-0.5318338692
-0.8398692161
-0.7829970181
-0.8202854544
0.1350243095
0.1084588319
0.1006357837
-0.695965752
-0.5460319489
-0.5804607198
0.09124437235
-0.245028409
0.7650907874
-0.142900534
-0.6199186027
-0.4462505534
-0.6234538198
0.02866884163
0.06260024086
-0.515534234
-0.2462573443
-0.8198580921
-0.6917755127
0.06278419979
-0.7994706511
-0.707904461
0.1779976429
-0.5095220193
0.5905124962
-0.2588631134
-0.5258774742
-0.01229589134
-0.4097235374
0.4503037155
-0.1107579107
-0.5357797638
-0.3605226189
0.03955624104
0.07707166714
-0.341202483
0.1938825361
0.2920156661
-0.06174837886
-0.7665692478
0.1890554073
-0.02338223699
0.7489541359
-0.625590083
1.718141615
-0.4522479132
-0.2868203115
-0.1788604546
-0.1150906825
-0.3178211167
-0.1066576911
-0.2892469928
-0.2231841758
-0.2541194458
0.1284849633
-0.7561881036
0.1191873249
1.336987701
0.4992053188
-0.3654517785
-0.410664767
-0.1318955093
0.01436673943
0.3363500159
-0.440428938
-0.1315748926
-0.4824827641
1.582160473
-0.3128736995
0.1079633791
0.08765797652
0.2413943641
-0.2124643326
0.407715562
0.4331541941
0.6089132577
1.311960962
-0.2925530275
-0.378293144
-0.2138164882
-0.5302670062
-0.2305057609
-0.08968432248
0.2073830817
-0.1673092663
0.1665565306
0.01476153266
-0.5679010607
-0.149936004
-0.1902992159
0.9725709885
0.09796829429
0.09998981738
2.638420904
-0.01970037175
1.268461779
0.5845450729
-0.4405283153
0.35768007
0.5872822575
0.8466762215
-0.4087464921
-0.444325193
-0.427885595
0.09817640353
0.1502460914
-0.06857289355
-0.4443444639
0.4301221244
0.01248039817
-0.677411072
0.09471330494
-0.2735865895
0.01476290114
0.04609642457
0.8505278766
0.7823632434
-0.3201247066
-0.5951201513
-0.1883165091
0.2333354346
-0.605171901
-0.5343146056
-0.3512634397
-0.3390491033
0.09390232163
0.0634134559
0.737693429
-0.2905406456
0.3039029688
0.2907164724
-0.6747412205
0.8870221309
0.1077362492
1.357414594
0.1070383628
0.2908368479
0.9931059748
-0.01363831423
0.3853665233
-0.03033974655
2.024418652
3.406743288
0.2445432537
3.423158729
1.515762681
-0.2296663381
0.7728258535
-0.03379776292
-0.07070448529
-0.5557183191
0.1410197712
1.472139698
-0.1190427639
-0.6044648111
-0.07235996388
-0.5655866235
-0.1581539594
0.1240465274
0.09464400262
-0.3970397174
-0.3940647162
-0.6873770446
0.9420393556
-0.09899464333
-0.09307030612
0.05831791833
-0.223868164
-0.7153145701
0.1855542121
-0.09335086662
-0.1814725399
-0.3687386535
0.1452049442
-0.1516767345
-0.1404494372
-0.06033997452
-0.2497084272
2.785844278
-0.8164500087
0.7501256227
-0.2735242605
0.2141992256
0.8398005344
0.2291108336
0.279375932
2.604883093
-0.07973762192
0.8440286394
0.3059821885
0.4270979479
1.496410242
-0.07848989312
0.5381932184
-0.2606488708
0.01399679477
-0.1580701873
3.707293272
-0.3120787118
0.177455818
0.2515861098
-0.22319708
0.4886731751
0.7758807145
-0.3250664171
2.057567966
0.48936074
-0.008169207536
0.7085799158
0.6344996855
-0.1127671065
0.8250283495
-0.3815160915
-0.08705271184
-0.03467326239
0.671836482
0.4380326495
0.9735406846
-0.01818900649
0.2743205644
0.8477398664
-0.1587890133
-0.09174233153
0.5694991767
0.09816413498
1.33787856
-0.4463581026
-0.672454831
0.01217625558
0.1824089259
1.207752433
-0.02612502389
0.4499334827
0.1562294513
-0.09705422923
0.2398263352
-0.3768369585
-0.6541727111
-0.4860638961
1.499258655
-0.1260912468
-0.631730932
1.39056114
-0.0186330758
-0.9516385525
-0.4384222165
0.2675282564
-0.3194056509
1.280328077
-0.7332440048
-0.3803435609
1.386577907
-0.2890311955
-0.4607636608
-0.1329374399
-0.2531310327
-0.7155881435
0.02422080641
1.354234916
1.985357267
0.9405383497
-0.6473513424
-0.1917941144
-0.6653000847
-0.4544156373
-0.02892959556
-0.7032138288
-0.481524843
-0.8954682022
0.7311925411
-0.5996440217
-0.1751894008
-0.9085731775
1.203017402
-0.678008306
-0.4512349039
-0.6836234227
-0.9125613719
-0.2395002462
0.1701580562
1.577641691
-0.9005191475
-0.8557514191
1.756735489
0.9273162544
-0.110571112
-0.1383525322
-0.9153689086
-0.4581111148
1.312267035
0.3909841947
-0.1509777796
-0.3401922666
0.4687800236
-0.5124921352
-0.4181610458
-0.03562239349
3.583430183
0.551121439
-0.1735754298
-0.7392374754
-0.728089945
-0.4012958378
0.3215151703
1.068454634
-0.1250984708
-0.5480680272
0.7009359866
-0.6725899011
0.07988447403
0.1021972515
0.18757485
-0.7046377271
-0.7750141382
-0.4991624229
-0.4810623124
-0.3815978713
-0.2301819481
-0.1862397749
-0.1332051525
-0.251533225
-0.6551468104
-0.4344188057
1.283276829
0.6015535295
-0.07900576852
-0.4984132379
0.3033748973
-0.7868157029
-0.2154838542
-0.07098966194
0.2200101773
-0.6290789708
-0.4598596245
-0.6284309536
-0.4947581291
-0.1318021975
-0.710411118
-0.8321645111
-0.8488016725
-0.1708634035
-0.4181405507
-0.7242292911
-0.721445021
1.023614699
0.8403255343
1.775193375
1.266034375
-0.2654489407
0.7489821635
2.638865107
-0.1791047323
1.746393219
1.645727175
-0.7511395991
-0.6484182298
0.4955843672
-0.06470277794
0.4836148545
0.0888366471
0.2953615067
-0.4124632858
-0.190286433
-0.3602772042
0.2173318556
-0.0004361424595
-0.5176222786
1.999570823
1.259485027
0.4051675443
0.2204670801
0.01216761675
-0.3985484496
0.3710152499
-0.1644679171
0.06399232061
0.1395649728
-0.361253624
0.6345333248
-0.3416786931
-0.6302613705
0.8880345985
1.568013126
-0.366088596
0.09036662942
-0.3458176047
0.2187963195
-0.1843086532
0.2007188175
0.560196536
0.2900536578
-0.4573349312
1.1954975
-0.11526391
0.5400699735
0.7716198258
3.402988374
-0.3449727135
-0.3364805844
0.1790138159
1.138526833
1.400656563
1.066408315
0.3967270572
-0.2348362444
0.4418847192
0.4810606152
1.376152137
-0.4902934276
-0.3287906201
0.7472542591
-1.053436098
2.112167299
-0.1537328016
-0.6364938021
-0.5628586754
-0.4633306094
-0.8214237064
-0.7772083193
-1.037508288
1.510603094
-0.343538969
0.6555934817
0.1470706931
-0.2998710096
0.01984498203
1.422557119
1.632844955
-0.4790443227
1.405246454
0.07738252273
0.04260465568
0.5742774248
0.7786208078
-0.5591786802
-0.5618808448
0.6573994175
0.8388383456
1.736529219
-0.3192329705
0.06877094707
-0.06124220528
0.0919002427
0.2225450387
0.002457845025
0.9149589062
-0.02595082037
-0.2451524783
-0.6096002668
-0.6875673592
-0.7916808248
-0.6210280299
-0.115919889
0.7093811326
-0.1456872258
-0.6316563159
-0.3811234981
1.605135727
1.840386581
0.1221265518
-0.8247444123
2.021923196
-0.1367297726
-0.6772356629
-0.2517647272
-0.3929543026
-0.4991402313
-0.2382751007
0.3978016682
-0.3485910632
-0.551657024
0.08532577292
-0.3107100382
0.8009361595
-0.5541531354
0.02345580501
-0.3578650668
-0.3164561473
-0.7086368233
0.6867161408
-0.456116879
-0.477932258
1.085496477
0.5863073145
-0.4219505943
-0.1939957871
0.4468570529
0.09469046993
0.6369478047
-0.8480037272
2.596601164
3.686524308
0.3819019984
-0.7027736872
-0.7813830554
0.8322728008
0.003014949802
-0.0428796256
0.8902586982
-0.4568611905
-0.1897950796
-0.5558907226
-0.448199819
-0.409953168
-0.5970115155
0.01031163074
-0.1094188103
-0.3170174718
-0.6851810873
-0.2172042364
-0.3009941623
0.289752271
2.004057449
-0.3575409293
-0.3464513183
1.192648432
-0.2457894333
-0.3120001197
-0.006796920672
-0.06360080354
0.06584209728
0.5577672742
-0.6510727227
-0.418187274
0.7046555385
-0.7336682826
-0.7246952474
-0.3710688293
0.8496450648
-0.5321835518
-0.4942621797
-0.1078132723
-0.5613049626
-0.4607423097
0.009610413108
-0.5207716659
-0.714375931
-0.1327360392
-0.3285058409
-0.7394063979
3.066910028
-0.5338174269
-0.05203358885
0.007286089752
0.3576818682
-0.4286329892
0.266476737
0.6538802102
-0.1004522325
0.232004147
-0.06089251284
0.4156261846
1.037529184
-0.7763495743
-0.4714349151
0.2695891821
1.969320154
0.1479626554
-0.2597324349
-0.1419065855
0.05141540077
1.146981922
-0.5996530011
-0.1465259153
-0.8288898319
-0.7547046959
0.1265195883
0.08481087768
-0.6592009842
1.995812029
-0.1501855217
0.3744321447
0.7497826919
0.3246617943
1.196407726
0.4416855672
-0.09161441093
-0.3118716605
0.2352743257
-0.1131303605
-0.469235535
-0.8446587861
0.4268547252
-0.4515236855
-0.3603405818
-0.1856645171
-0.6525222421
-0.7963718623
-0.1217703614
1.360560144
-0.7690831304
0.01889794811
-0.02964570289
0.04495031438
-0.009425895801
2.151837766
-0.7480008245
0.9730450481
-0.4292998061
-0.7889080822
-0.1330581907
-0.03670576336
-0.0739429188
-0.4204962902
0.3267971411
-0.1860037904
-0.6267616272
-0.7377481163
-0.8656048477
0.9447674036
-0.2880209897
-0.456081973
0.7293908119
-0.6876029313
-0.5337397173
0.3724878283
0.1255769497
-0.02445612233
-0.2291824086
0.06664187415
-0.7437357128
-0.05796544696
-0.2676133005
-0.4158187509
-0.221358747
0.04924723823
-0.1512425305
1.370749643
-0.09265143164
-0.7304517478
-0.004554035328
0.9190375745
-0.3564959578
-0.01606920287
0.7224025115
1.384971598
1.334158945
1.402071959
-0.1457803062
-0.120634545
0.09970403458
0.3249919915
-0.4963945433
1.246662539
-0.5136349574
-0.216051911
0.5180999473
0.3570534814
1.025526278
-0.199931021
-0.5692635134
-0.6103432462
-0.8055761606
1.205534732
-0.2557176251
-0.5869201541
1.445243627
0.1897779975
-0.7617155731
-0.5061282411
-0.605900228
-0.7438368738
0.1221548977
-0.005412312131
-0.5129748598
-0.07948244195
0.1899460509
-0.8823888838
-0.5013930097
-0.94123362
-0.5275130317
0.07659894875
-0.2208622906
-0.7220099539
1.258840039
0.6362334423
-0.7374343306
-0.6707680643
-0.2244449493
-0.9197373122
-0.4631003052
0.01324973283
-0.443941246
-0.174404899
-0.265645428
-0.6848941982
-0.5708865285
-0.01288737697
0.3001053043
0.2068137977
0.1902884426
-0.5132790104
-0.04226659574
-0.5289952055
1.698735172
-0.616065143
-0.6067528233
0.3335567527
-0.792271927
-0.4713284537
0.3039985029
0.4512901414
0.2585211523
0.167628231
-0.1090506901
-0.2616998825
0.2542806908
-0.6001601845
1.107600582
-0.3617417946
0.8259800024
-0.3917226123
0.001392931817
-0.7267368853
1.302516693
-0.3444277011
-0.505343549
-0.1508261982
0.1390171718
0.1548220932
1.052840295
-0.5397941634
-0.6096795455
-0.157367936
-0.1272382665
1.71220156
0.9552679211
0.8249837711
-0.760467428
1.714828295
-0.2314173345
0.001948249713
1.322660172
1.925407535
0.8814789057
1.435087696
1.261639476
-0.2281328801
1.475447752
2.109000576
0.1062640807
2.10902704
0.4246576972
-0.2579863209
-0.2914224705
0.01473867781
-0.5611092329
0.1425061278
-0.4977916121
-0.8433400691
0.1360762965
-0.3719217181
-0.6894140393
-0.6581806183
-0.1249502309
0.6489520699
-0.4177807219
-0.1611116689
0.2862460973
-0.5663720295
-0.4485946409
-0.5107540607
-0.1127568595
0.06317799753
0.2354949132
0.0640107071
0.05456633207
-0.309391883
0.5870766699
0.811048016
-0.1558775231
0.3379268145
0.8979618363
-0.1079407677
-0.4164123602
1.026649272
0.2255780524
0.02608539071
0.0332533895
-1.059252176
-0.2612934491
-0.4713181779
-0.7790040493
-0.3744733436
0.3112503696
-0.1941370312
-0.2618863836
-0.5554126993
-0.4453770146
-0.2995078992
-0.8204902679
0.4772430047
-0.2462734222
-0.1384349305
0.2314623931
0.2488075079
0.3053137811
-0.09821027145
0.2525130775
0.1765415325
0.06661750681
0.6590430684
0.2791164525
-0.3782536075
-0.3093925878
-0.3098076813
-0.1029617012
-0.7207558632
0.2653290039
0.7139657557
0.3089838326
0.7039862871
1.868531817
0.05406002258
1.024052957
-0.0696840358
0.07978324164
-0.6250208557
0.5716673471
1.747467428
2.659334427
-0.3796503812
-0.5240888223
0.3884573929
-0.06407328602
0.03292478174
0.2990039068
-0.402892673
0.8999692738
0.1213140183
-0.1025800997
-0.3912776887
-0.261959058
-0.498312439
0.1548527131
0.2628395339
-0.3931911979
3.131129742
0.286824091
-0.5126629382
-0.4146752536
-0.0601388731
-0.8536057562
1.831268358
0.6236093082
-0.2275936317
-0.6750257969
-0.2679099128
0.3664174066
-0.109372066
1.733444402
-0.3122253539
-0.4110973321
-0.1899701042
-0.1841237735
0.2615235649
-0.2161220333
0.3831421297
1.506775206
-0.08294455819
0.3423501514
0.1690854151
-0.5938813314
-0.63084663
0.5540354177
-0.2284338867
-0.3031094313
0.8125350565
-0.4590419337
-0.6578686357
-0.2097512804
0.3515336961
0.2440807024
-0.3029319108
-0.01517653875
0.2766035302
0.5218332976
1.014432162
1.113945273
0.002302979585
-0.1985671699
-0.07163583806
0.8344200462
-0.5733411774
-0.1525003748
2.615232295
0.1138331515
0.3418076647
-0.7786061645
-0.02186947428
0.6224936903
-0.2988004804
0.2885637212
2.919906831
-0.06428775638
1.07992425
0.9467379957
-0.3239844777
-0.4426820338
0.1452762166
-0.5307073608
-0.1141131581
-0.4936023578
-0.8020387262
-0.3857083216
-0.1810727313
1.431634432
0.3343173075
0.9309107855
0.1899020182
0.9381216064
-0.6306317598
0.01355047394
3.016571832
-0.455370979
-0.4201229922
2.879839653
-0.162450506
-0.08082264224
-0.6320692644
-0.6925191358
-0.4663029522
-0.3691000186
1.537162793
1.636250982
-0.5002706051
0.9311730415
0.8340874001
-0.4073090672
0.3389259329
-0.3648628548
-0.1511469817
0.6042285025
-0.4771488458
0.02937802114
1.555816835
-0.7273771375
-0.1604515366
-0.8899990678
0.7752192989
0.4866331387
0.2201611075
-0.2119594922
0.1483881558
-0.4813391373
-0.2674828529
-0.8817873895
0.6645985126
-0.4216722853
-0.004479957651
-0.3341889419
0.06607374428
-0.9419406444
-0.327036861
-0.4834978804
-0.3938328907
3.89129259
-0.4070881635
0.2627833738
-0.2256528873
-0.9108795941
0.08912769905
0.12615619
-0.1917709839
-0.7476157427
-0.3776463658
4.38948679
-0.06676068436
0.7829446763
-0.5140110776
-0.0958329957
-0.3262102142
0.3039465531
-0.3550639868
0.3887049481
1.900600302
-0.3726412199
-0.609873417
-0.417643784
-0.5721701294
0.2192172938
-0.612211293
0.7795401484
-0.8023376346
-0.5710577607
-0.8374153912
-0.6053886771
-0.6427795783
0.2391663621
0.192561624
-0.4295195863
0.9807574466
-0.8681216657
-0.4459737904
-0.4669370145
-0.2281332273
-0.6397001117
0.2909229339
1.18080951
0.08327671513
-0.1282849016
-0.9640393883
0.1909301489
0.04117849733
-0.4753911808
-0.5765270993
-0.07937864382
0.1358043344
-0.6836135298
-0.5629868954
-0.5541345328
0.5790252894
-0.06450488158
-0.488109228
0.09775579623
-0.2989028789
-0.479633531
-0.01818311126
0.008686233405
0.7333917506
-0.08751132563
-0.1592877895
1.454840079
-0.5535992652
0.5973874331
-0.5728236914
-0.1853484629
0.3823225468
-0.7076418579
-0.3568445008
-0.1286830433
-0.3586887822
2.255670613
1.009620708
0.2742867419
-0.880254221
-0.1383862139
-0.2589673258
-0.2156539481
1.927483994
0.01411526515
0.06990220482
0.05827486599
-0.376189328
-0.00990988221
-0.5816431284
-0.7168362923
0.4175586671
1.854206979
-0.09205458593
-0.6475456432
0.004752391018
-0.1415989059
0.6126927949
-0.368389681
-0.9391441286
-0.2858065803
-0.01871213438
-0.6393494397
1.326781201
-0.5292902902
-0.6776587903
-0.3645961553
3.035054165
-0.3538858134
-0.2531461425
-0.08422890734
0.06540541057
1.78856985
1.517796305
-0.4395834193
0.4666931473
-0.3004478782
-0.450145068
-0.8473701954
-0.6962091386
-0.1651117291
-0.5144254312
0.2313157288
-0.5279378474
0.3721226811
0.004650862701
0.02047885805
0.3142419811
1.799625707
0.507795237
0.05146097522
-0.575702706
0.01621826515
-0.1501090406
0.7615533024
-0.0872346621
-0.2696471235
0.9327093303
-0.6238850415
-0.9011199176
0.803641871
-0.6159967169
-0.776416263
-0.5425953552
0.256036253
0.8836809933
-0.2946457915
-0.9331988901
-0.7700279534
-0.592578572
-0.08006375427
-0.2922582034
-0.1710978214
-0.4207288012
-0.5325324878
-0.0625813758
0.6963641182
1.849599993
0.5029059296
-0.522972846
-0.4305452116
-0.5424392506
2.695122486
0.4716056988
-0.3276855666
-0.7807554841
2.4710522
-0.7134018272
-0.2304211387
-0.00622331379
-0.001256647054
-0.4168688253
0.7261500306
-0.1524361303
-0.1128421716
0.9115695238
-0.4960146666
0.3071823126
-0.04172701244
2.012775624
-0.3624972031
0.4358089454
-0.4954084374
-0.4928772718
0.01053035608
-0.03959826166
-0.6296148926
0.2837681845
-0.3025635421
-0.8031175792
-0.8513514221
-0.5948762447
0.01234119423
-0.8908882409
-0.8227690279
-0.5696658745
-0.597764878
-0.6115562707
-0.7851580203
-0.3277217742
-0.7761770517
-0.7644108385
-0.1066569473
-0.667150639
1.24504934
0.4181488149
1.273981529
2.865829003
-0.6138487041
-0.5608677894
-0.9571536183
0.5363286734
-0.5763552532
-0.2810298249
0.2948111244
-0.4259936228
1.627184737
0.7481693923
-0.1454073861
0.3250514505
-0.527871868
1.715883964
-0.5098118424
-0.7046131939
2.237419343
-0.117725087
-0.4355234876
1.072887084
-0.6719473004
-0.3657064572
2.739923048
-0.5012593701
-0.8456003875
0.6259922497
-0.6385361463
-0.7540249556
-0.06903660484
0.486929328
-0.4069199204
0.8083206773
-0.0660366436
-0.1709605237
0.1424828535
-0.646776703
0.2344814414
-0.08412478231
-0.7220136404
-0.3109687515
-0.2285652332
-0.4174034096
-0.5880387649
-0.5300780833
-0.09744006209
-0.3992088422
-0.09160873685
-0.190388447
-0.7315682471
-0.3487531498
0.05948132598
-0.5913218483
1.69123258
-0.2112050094
-0.389263916
1.249388337
-0.9014525354
-0.4758031353
-0.3229485653
-0.5100656852
-0.21715841
0.1677383958
-0.1921289458
-0.3481588595
0.04823781373
-0.1592485771
0.09218194643
-0.6185309425
-0.6773667365
-0.4378706634
-0.05231049284
-0.6965945661
0.03008967461
0.1263724995
-0.02184734643
0.418821191
-0.405935058
-0.87625992
-0.02766903588
3.127770108
1.057315423
-0.5634159088
-0.2120420337
-0.3047701158
-0.7015051663
-0.340224578
0.6109195918
-0.685597533
1.43473298
-0.1723987777
0.08694214709
0.6788315907
-0.26445926
-0.8096448839
-0.8971126765
1.97972216
-0.6358251587
0.3039904515
0.9437910959
-0.1359883934
-0.411781925
-0.883409667
0.1663710058
-0.6080811396
0.1407071233
-0.6950149164
-0.6483831167
-0.4828419223
-0.5582755804
0.301485569
1.01811752
-0.2911304027
0.6199376807
-0.6924309313
-0.5482323855
0.251691128
-0.4609479815
-0.8797852844
0.5175757335
-0.02925869552
-0.8770560443
-0.4316468984
-0.5978658438
-0.5140827104
-0.1815670504
-0.2749389261
-0.5391321912
1.069846544
-0.05757435272
-0.5820980474
-0.7397039771
-0.6548647612
-1.019854987
0.005738289282
-0.7559622914
-0.7317106336
-0.6053460151
1.261224508
0.0700114646
-0.5550890282
1.256780863
1.740296331
-0.3417325087
0.4649873281
-0.6669139922
-0.8637783855
0.2732509998
-0.8121615678
-0.09953954136
-0.1584821308
0.7360246517
1.683208701
0.4462959893
0.3904547952
-0.5202495754
-0.440396446
0.1891214877
-0.06077853388
-0.6890923679
-0.07044005096
2.704308838
-0.727671361
-0.4946914494
-0.5743030697
-0.6581480265
0.2842444226
0.404640357
-0.4077317849
-0.1087632283
-0.7446115881
-0.006197292311
-0.4618170917
1.624537933
2.360042542
0.2570896939
0.5144703843
-0.7284928262
-0.1710394338
-0.7320734918
1.369134116
-0.7665139645
-0.6289127678
1.024683607
0.5386883095
-0.104051283
-0.1292144116
-0.585131152
-0.1684679465
-0.212773706
-0.007746926695
-0.4395335943
-0.6927458942
-0.2919155411
-0.1645866552
-8.802954108e-05
1.29038949
-0.06713203304
0.568995057
-0.09488989273
2.721508157
-0.4138965134
-0.5357767001
-0.4529550031
-0.6455400333
-0.02761256676
-0.2452736314
-0.2607714042
0.7722170115
-0.3059679501
0.1340619477
0.1207378281
-0.2637259435
0.2638288872
0.7932861656
-0.863160935
-0.2281977657
0.4098975059
0.003762684623
0.2608940259
2.075596148
0.4521993391
-0.2542174763
-0.05246155411
-0.68009969
-0.2261399128
-0.7279790908
-0.2709036149
-0.7805340946
1.611800313
-0.643937923
-0.6335925922
-0.125182347
-0.09366796196
0.3682572018
-0.1294876702
-0.3235335626
2.818372881
-0.03664483614
0.9364015669
0.6249868542
0.3271935523
-0.1003113821
0.08895666804
0.8609625071
1.01033842
0.9571979731
0.3041352192
0.1237023365
-0.5302685037
-0.219465626
-0.9276225656
-0.576462388
-0.4605341978
-0.1507989466
-0.1315053627
0.2785232423
-0.2798774408
0.2899026573
1.191672567
-0.6219452083
-0.3266072556
-0.4016854197
-0.6420718193
-0.3151943229
-0.5470962539
2.159415752
-0.2622102455
-0.719602257
-0.3844846964
-0.2682488864
-0.5031131476
-0.3246728873
0.3613025615
-0.08647328801
-0.3816492662
-0.6796960145
-0.4683916315
1.022372615
0.7223733835
0.4899217159
-0.6226076603
-0.8926967561
-0.6172639698
-0.484048447
-0.6589999318
-0.9700279117
-0.3803623185
-0.5214897253
-0.4823170044
1.385780025
-0.4002991609
-0.1210866496
0.4272863822
-0.4263212353
-0.7478871465
-0.3311033659
-0.1930576238
-0.440683379
-0.3640878208
-0.2618762568
-0.4026660249
0.625613685
-0.3024833985
-0.2646130325
2.514047402
0.7463302612
0.1218175901
-0.2449225921
0.007156720106
0.1917865081
-0.2214146893
0.5132600721
1.596433502
0.7741878718
-0.08938073779
-0.2566326097
-0.3962959588
1.3668497
-0.2459828369
-0.3759045541
0.4558427339
-0.6103211671
0.4117316087
-0.3881263509
0.2865723116
-0.07340704901
-0.5796678424
0.0018075292
1.587552857
-0.1746981857
-0.3252601713
-0.3602509595
-0.4630297877
-0.1662264812
0.09722337825
-0.3842235804
-0.7422696039
-0.2985449269
-0.1821296519
-0.6679028049
0.02127876147
1.625468111
-0.2234950233
0.1268620151
2.221693623
0.7560911804
0.3300695881
0.9861060902
-0.122995192
0.7887698397
-0.2081959289
3.047140175
1.94609794
-0.550273104
-0.4021755248
1.10269866
-0.4581446737
-0.5188864678
-0.1887592927
2.315303528
0.6528472245
1.835989186
-0.3361434303
-0.452783531
0.1790214793
1.616681919
0.1223140519
-0.652129373
-0.2270509355
-0.2635296054
0.3270581309
-0.154506347
-0.2851427265
-0.05003676862
1.833660769
-0.3680969521
2.532970029
-0.2156451745
-0.5768715009
-0.06095282175
0.8880780488
-0.698511681
-0.1811002077
-0.5784468785
0.7001484402
1.143822236
0.9045558259
-0.3882562779
-0.07542537563
0.4903564163
-0.3849528898
-0.7080589831
-0.2039107881
0.4667819493
-0.6898514569
0.6203753643
-0.7405495465
1.615015739
0.572546111
-0.2255596649
0.1532613546
-0.5226574659
1.132934612
0.7634409614
0.1042361862
1.655112562
-0.3469381094
0.8004134156
1.427340233
0.7752847925
0.1236474501
0.2620915549
3.218750155
1.262128043
0.4984844722
-0.3627792485
-0.567145893
1.393013567
0.4133499008
0.8034147039
-0.6525994346
-0.2684494935
2.146512192
0.5630315451
-0.158542889
-0.1069548646
-0.3883374214
-0.6493428037
-0.04684735518
0.4901887119
0.7743686825
1.1473804
-0.175074382
0.2390006438
1.628105778
-0.4688685656
-0.5635627031
0.758942458
-0.6629284963
0.1651196148
-0.1267677825
1.929380327
-0.3817640886
0.9175949216
-0.5250343844
0.03137863949
0.04902993469
-0.08888928276
0.9231313735
-0.09788108319
0.5134660929
0.9923391998
-0.8063839883
0.1749130608
0.6193400767
-0.319776687
-0.3186143253
-0.5094173834
-0.08966354635
-0.5359971792
-0.1458498156
-0.5163883269
-0.1645203309
-0.306155242
0.4330522545
0.8379802287
0.1457391552
-0.1469681778
0.6394142896
-0.5820348725
-0.02797859078
-0.3232737966
-0.6042300701
-0.7431249738
1.016872549
-0.08886770085
-0.4366198555
-0.5706873178
-0.3081019673
-0.441100831
-0.7856530532
-1.019801617
-0.0608795885
-0.01900899289
-0.1100927681
1.453206348
1.447609913
-0.6626961023
-0.7017163187
1.107499735
0.2604476052
-0.4112990469
0.06251159152
-0.4627296492
-0.3586516283
-0.06951891985
0.2680754509
-0.2352159336
-0.2454126748
-0.5455005541
1.344382381
-0.2845408849
1.275258079
1.098225379
0.1342464336
0.778895095
0.3318341403
-0.1108454967
-0.3097197531
-0.1327271592
0.08466163361
0.3797323
0.6788340822
-0.2042440999
1.201793402
1.369153765
0.3738905635
-0.1307262024
-0.2518581182
1.33819727
3.194693375
-0.6205891088
0.03256630907
-0.244219223
-0.3799848773
-0.3911645822
-0.2867363971
-0.1143679746
0.9487882555
2.486875957
0.3413392363
-0.2312116468
0.02924818634
-0.3392946957
0.1605583485
0.836068631
1.781381947
1.120943658
3.335673106
2.600234556
1.001244211
-0.4112917773
0.1381915783
-0.5792792931
0.9543588936
-0.4873715147
0.2908691775
-0.08972211713
-0.3125333056
0.4153141569
1.228382096
0.07111082056
-0.01423216453
-0.6336248398
0.05482298447
-0.04506357638
-0.00893532848
-0.05890965983
0.1713602832
-0.07237584852
-0.4430586487
-0.2883849662
-0.3817657184
-0.3520300159
-0.4891818754
0.308891899
-0.2152303213
-0.3530467957
0.5022960816
0.355527968
0.2238772375
1.405517223
0.6704673365
-0.7791490912
1.151597245
0.5202213436
2.805924594
0.7586597741
-0.3041367792
1.485482389
-0.4538771346
0.04365500957
-0.3168778382
0.8870068103
-0.09277011342
-0.4588383943
0.6776525006
0.8112204
0.09381908448
-0.3202382956
1.504692522
0.9375172585
-0.4988633588
2.46101602
0.7869034976
-0.7035013139
-0.6563679159
0.5072671186
-0.5044625729
0.1049637774
-0.2337187238
1.196896388
-0.4537116624
0.5973489515
-0.6399580449
-0.2302823707
0.4511720628
-0.0495623149
0.5754987873
0.2556922996
0.7757409304
-0.9099424601
2.408551061
-0.4099267639
-0.09220450744
-0.2001472834
-0.3053192474
0.1537877321
-0.1218124544
0.2116694104
0.274361807
1.842519647
0.1831188388
0.2021768516
0.6952065915
-0.004913469218
1.890348622
-0.7429189444
-0.10477359
0.9914556265
0.3319205147
0.5114625916
1.214821985
-0.06677221758
0.5920241825
0.5277818359
-0.6252060175
-0.08077765773
2.268807173
0.5499609813
-0.07995243408
0.7458521172
1.539277729
-0.414454405
0.4740969103
0.1366644586
-0.4650720306
0.08652478145
0.2558739638
0.8925064176
0.2035246385
0.468699231
0.1803633565
0.1157525438
2.138064891
-0.3121652644
0.2060349911
0.2333649516
-0.5463153124
0.1366224387
-0.4340080224
-0.2283118948
-0.3539528336
0.6479111478
-0.4585818306
-0.8720277905
-0.05785094379
-0.1907291964
1.261019799
1.045052794
-0.04984004032
-0.3051892895
-0.2063167792
-0.2139314759
0.02123854682
-0.2084052505
1.321282506
0.7914105676
-0.2008047974
-0.3191453617
1.288413239
-0.09432415587
0.4020851701
0.1534319728
-0.5683289766
-0.6701428652
0.06558931833
1.371980295
-0.6721402422
3.080134767
2.326086897
-0.1093921809
-0.09234175421
0.1791919895
0.1226521178
0.2206842533
0.1418816082
-0.2470594752
0.5008558061
-0.006681831554
0.4600759864
0.07206082903
0.7418969996
-0.5643761098
-0.07018935364
-0.3433977492
2.197893643
-0.3731085159
0.37688323
-0.333465451
-0.3697490735
0.8847779229
0.6813418776
-0.004423449934
-0.3973859355
-0.3758212186
-0.402349548
3.012276363
1.347378194
-0.5054493278
0.5897007428
0.1712506721
-0.6242254734
-0.4746454865
0.5782991037
-0.3844670266
0.2895574615
2.779637885
-0.2809692684
-0.6023474738
-0.172063287
-0.3549720593
2.505526674
0.6391708627
-0.670259665
0.3371230789
0.154080873
-0.05014038011
-0.0193111686
0.2319897449
-0.5513727784
-0.1289338425
0.1166734757
-0.5384740666
-0.3210006703
1.186551172
0.8598295212
0.8781063437
0.04486875711
0.1909426549
-0.9913242221
-0.4148342609
1.294197267
-0.7421099305
0.2693061963
-0.3331927452
-0.9921981692
1.485871553
-0.6465396807
-0.1076439957
0.7905997805
-0.1604379602
1.17850548
0.9291917503
-0.110963448
-0.3293404914
-0.1763078175
1.319721141
-0.4740617916
0.9867440879
-0.3100753274
-0.2167158272
0.07113047689
-0.391350463
-0.3396576494
1.978795385
-0.06330237554
0.4493244752
-0.2133432885
-0.4023133449
-0.1643726637
-0.7372558475
-0.02840334103
-0.5507534578
0.03933830871
1.655134508
-0.6448306918
-0.2429487543
-0.4558257058
-0.1489938424
-0.3458795242
-0.6691441536
1.453335932
3.111442947
-0.3809907123
-0.7969120473
0.1477283054
-0.3793290593
0.2361597305
0.8633664683
1.515524274
-0.4629808612
-0.6729184359
-0.4406415604
0.107086745
0.78073662
0.5270274915
-0.5470662564
-0.2408575308
-0.1984388215
0.3942851289
-0.1249117449
-0.5339459419
-0.6226303667
0.8204555899
0.2826087207
-0.2824733362
-0.4681688458
-0.6798158407
-0.3532420799
-0.6440112069
-0.1337611776
0.6259914413
2.44307963
-0.4683010444
0.8469264954
-0.5229202628
0.0569911724
0.02744481806
-0.34623897
1.67612682
-0.1168794198
-0.3570741542
0.3462736804
-0.5663283139
-0.4015260547
-0.4766747631
1.508091009
-0.1506138165
0.6462535605
-0.5962107763
0.02069606634
-0.1290075681
0.37157312
1.658697212
-0.3416442066
0.5959878281
1.259775296
0.8928433001
0.01931265891
0.434390939
1.454367709
-0.4147393361
-0.0844086377
-0.05072882483
-0.8486467719
-0.4255440742
0.1201409281
-0.4489835583
-0.09609077405
-0.6778070778
-0.5415087342
0.002950992621
1.573729622
-0.3276666343
-0.5557181954
0.1207397279
-0.315801508
-0.5577996433
0.9450949818
2.400929958
-0.200229661
0.7216087341
-0.2245197315
0.3065100318
1.289806026
-0.3651575685
0.7424726069
0.6430933096
2.763389194
-0.550693579
-0.04187518768
1.513969916
-0.3843094602
0.4570693254
-0.6079956502
-0.03398617515
-0.2380269147
0.2580456596
-0.1273681455
-0.1582123716
-0.3853861056
-0.6739329457
0.7868317544
0.2008372326
1.687824306
1.03981145
0.9148817956
0.07425981583
0.4649559345
0.1159830064
0.178037589
-0.2536408804
0.09630015586
0.292735549
3.426315153
0.1003195291
0.2972489279
-0.3167408239
-0.2335284241
0.2102038075
-0.4014103815
2.083053899
-0.4091138974
-0.2312155955
-0.3770925961
0.005167689733
-0.2031959949
0.06531103506
3.780349267
-0.5768554762
1.479120266
-0.04467978757
-0.2896767173
-0.4086192019
0.267762349
0.3658805924
-0.09135007905
0.4576907977
-0.158048035
-0.1700931594
-0.3372820087
2.312126088
-0.01957208347
-0.1105121141
-0.7920550734
-0.4635915384
-0.2990863122
-0.4148677811
-0.5024363756
0.5336410075
0.6003515765
-0.3593258746
-0.1174503265
-0.6137575567
-0.4455904871
-0.03443143182
-0.118451841
-0.3665532507
-0.2903419979
1.3022237
1.119778723
0.1829048399
0.01715306705
0.7582473516
-0.5453302681
-0.2141162679
0.4308040999
0.6864440039
0.02984731018
1.128749418
-0.158556353
-0.6719299272
-0.2651106946
1.619046491
-0.07286355002
-0.7910829157
-0.3059109151
0.0498415322
-0.162674114
0.1345758684
-0.4016079642
0.2682560258
-0.2530607605
-0.3949851857
-0.359249267
1.36539501
-0.2878989648
-0.2586585136
0.1028764784
-0.2992957596
-0.9536771804
-0.2319518272
-0.4678524867
-0.04690457638
1.132350424
-0.3308138363
-0.2827070832
0.3004946237
-0.4055056771
0.2713462636
-0.4594156176
-0.6122652382
0.7470904335
0.9432586104
1.3793448
-0.3088818297
-0.1617361424
1.167921761
-0.7260895431
0.3365722564
-0.7820988774
0.9271849245
-0.1016872276
-0.002438605111
0.8478938967
-0.2318292297
-0.6660672784
0.705556833
-0.4382292137
-0.153335863
-0.4388399541
0.5195771605
-0.1335038512
-0.430145435
-0.3336068444
0.5558148816
-0.1076082326
-0.1331780899
0.8589986727
-0.03070115112
-0.06119860737
-0.07722908063
1.438191983
-0.02206439991
0.3578132048
-0.3744058587
-0.4116960078
-0.668586275
0.8928373016
0.1273249772
-0.3435115255
0.4626262847
-0.1752626501
-0.4658953663
0.2785421779
0.02147269375
-0.1137614233
-0.7304151088
-0.4446972154
0.7566644654
-0.1455665028
-0.3760290809
0.8973597258
-0.4650251269
-0.3869518377
-0.5896720015
4.414900029
-0.4053276621
-0.386860913
-0.1837616451
-0.1468526135
0.7456490248
-0.8233997107
1.017444038
0.5856637403
-0.4186126791
0.07739733807
-0.09976355629
0.1111559873
-0.6622452825
-0.2746847454
-0.4469626367
1.325376704
-0.6813027456
0.2355550316
1.172836852
1.514886653
0.1408162261
1.572976127
-0.2300094038
-0.4933444731
-0.3887898661
1.161244079
-0.3826694466
0.04070587847
0.1881559474
-0.2527834751
-0.9330100358
-0.8519780323
-0.2915308662
-0.5462819606
-0.4966945603
-0.5365480766
-0.4092916548
1.136226982
1.335680464
-0.2487646002
-0.4515772313
-0.8772327453
-0.2334419265
-0.3641094625
-0.5495865583
0.6633494526
-0.3482272252
0.9962294817
-0.3457902465
-0.434100011
-0.3482737876
0.8385445058
0.3272412828
-0.3034871884
-0.4279681772
1.134025133
-0.09042809792
-0.1263274821
-0.7505842507
-0.1294134254
0.3447911453
1.859209877
-0.0799145991
0.2030497514
-0.8728030026
0.02987416973
0.436143605
-0.3856921934
-0.2712036461
1.715344059
-0.4322773531
-0.6084675729
-0.3446826421
-0.6504213274
2.635870194
-0.7841426909
1.092968753
-0.5288900234
-0.003287315089
-0.6287537217
-0.3223135658
-0.8039836287
-0.7457809135
-0.5145547375
1.1993534
-0.5554200709
-0.7312100381
-0.5197502241
-0.631032072
-0.1032473315
1.567674029
-0.0441981731
1.440561271
0.4266288064
-0.7214743584
0.127385579
0.06293485598
-0.1741668219
-0.6679596752
0.2202111458
-0.4391289704
-0.2554094512
-0.584553919
-0.6221671343
-0.04190199301
-0.03910190025
0.4808585644
0.4990068264
-0.4654090017
-0.1860856049
0.6195868075
-0.2770419776
-0.3652601324
-0.2390614562
0.08096321728
-0.3376802202
-0.4072489724
-0.6626190975
0.09012632184
1.167613703
1.486278781
0.01396742836
0.07989685242
0.2627660142
-0.3929700062
-0.7412273675
-0.06916192695
1.203736308
0.06453663772
0.01370553351
1.535152954
-0.3038779698
-0.05873789079
-0.1205148624
-0.05486123301
-0.4622192934
-0.04576358814
0.8807562456
-0.3379119977
-0.6779680222
-0.6123081401
-0.5952351332
-0.1682935003
-0.9190594643
1.222813639
-0.2012513254
1.112159938
-0.172242596
-0.1237128861
0.5196359374
0.7735231414
-0.2833591174
-0.6359123416
0.04626503941
0.2629279361
-0.0498976361
0.2406176789
-0.7838608861
0.7897181064
-0.1754409723
-0.5682079062
0.8071878418
-0.1412809449
0.1915050963
2.248695785
-0.9909347832
-0.06674269449
-0.03349083439
0.3893431492
-0.5289742321
0.9252278596
-0.8939308882
-0.3640403919
-0.8705531538
-0.1508491853
-0.7125402376
0.6143521361
-0.113915315
0.0616927051
0.05174396262
-0.049808536
-0.6295266233
-0.5920690514
-0.5309348412
0.7067876622
0.49411963
-0.4065574124
0.06108232923
0.3300727446
-0.07750165649
-0.09488612264
-0.2294373721
-0.2559291076
0.09476797376
-0.4295381188
-0.5767068833
-0.7767047882
-0.7280708134
1.620609936
0.6003817454
-0.5575604431
1.568079108
0.9203941762
-0.6025138706
-0.7078251556
-0.5608675763
-0.3685878385
-0.6279035226
-0.6523329854
0.8986970462
-0.6834067255
-0.5707588643
0.01159761231
-0.4424635157
-0.04439710453
-0.1360346101
0.1535002437
-0.3480266914
1.137964138
-0.09758297149
1.15964964
-0.9526977718
-0.6041999593
-0.7306547403
-0.3146013582
-0.2400032777
0.163389021
0.6262413278
-0.7081727996
-0.3809964433
0.3275490843
0.09674777603
1.622006962
-0.8163845778
-0.6428976133
2.603924108
-0.199437022
-0.7322960779
-0.1471716977
-0.371280323
0.2404853548
1.578940219
0.9018892542
-0.070857557
-0.5171747863
-0.8242615163
-0.4143981054
-0.6073693335
-0.6103613451
-0.4402366862
-0.7069631666
-0.0854296403
-0.6447285265
0.8075885594
-0.7500340074
-0.8263253421
1.379741025
-0.8890521497
-0.1390789224
-0.4026786961
-0.7266239673
-0.9650964439
0.05616465188
-0.7207318574
-0.8747512579
-0.8075949222
-0.4143761069
0.7672705025
-0.1476767633
0.7021061614
-0.3093579162
0.01378831817
-0.8019619688
0.6888633311
-0.3994625859
-0.1379342772
-0.5188977569
0.8322675765
-0.3155814704
-0.244227881
-0.6257406682
-0.5133269623
0.9590062231
1.52149727
-0.6663013369
0.2593342541
-0.59200726
-0.3102023877
-0.5023752168
-0.7656562448
4.312319636
1.725641289
0.05268963836
1.714726907
-0.3421852484
-0.3098038599
-0.8054115534
0.1742893233
-0.6763204932
-0.1331297289
-0.4030181833
-0.5679605469
-0.4633981958
-0.7568392783
-0.5861666858
-0.5111209817
-0.2156243213
0.1262793473
0.5463352159
-0.09588686246
0.7932145149
3.874481773
1.376254684
1.979896313
0.2837458368
0.6830298975
1.157598433
0.03268208518
-0.0122812083
-0.3765048653
1.540152255
-0.6633816034
1.069228837
-0.1149993263
-0.3364221014
-0.1269669888
-0.909690541
-0.8535183847
0.6891938105
-0.9339139163
-0.3313345671
-0.01957396581
-0.3248113345
-0.6545405
-0.4219594281
1.057344814
-0.3023057178
-0.7540732265
-0.709927544
1.25424594
-0.1384569401
0.417382634
-0.8166792482
0.1657574251
-0.0179184074
0.9257071368
-0.5587762058
0.8240592122
0.3473687032
-0.09930068543
-0.3520270027
-0.3841866121
-0.4966385037
0.5767622891
-0.3095976029
-0.8568348527
1.403286964
-0.2178996159
-0.4010175765
-0.786737898
-0.9277735531
-0.3381989062
0.5431598693
-0.6733734071
-0.6724373907
-0.4075558204
-0.6361280769
-1.023231167
-0.560757333
-0.8929624856
-0.2337365545
-0.8978398323
-0.9546622723
-0.7386341155
-0.05190164678
-0.8981898636
-0.1015007526
-0.5626634434
-0.5874851525
0.5353400566
0.8760071129
-0.3032704774
-0.6881668955
-0.9835778594
-0.6707193822
-0.04296345764
3.266150337
-0.8021027714
-0.2547385819
0.1961363342
1.309265953
-0.2252200626
-0.7457721353
-0.1384008416
-0.7185141593
-0.3115844503
-0.6422854885
-0.506975615
0.8978319615
1.673731878
-0.2489400715
0.1031749198
1.120057961
0.440929319
0.4032110487
-0.483604674
-0.2540348165
-0.2615159333
-0.9948908329
0.6974963844
-0.320505695
-0.2801052123
-0.3785571385
-0.0258695811
-0.7055390477
0.1806896371
-0.7478214949
0.4990595555
-0.7654577374
-0.3931699544
-0.4944651827
-0.4069607124
-0.5484353825
-0.3045971885
0.8687629014
-0.4690377772
-0.05363371577
0.9620010689
-0.4095257863
-0.3543154225
-0.2658699013
-0.4445619091
-0.2797826463
-0.6905329421
-0.5024461903
-0.8860506356
0.8622947291
-0.6559559584
-0.6729804784
-0.3482983634
-0.3452383846
0.007023996115
-0.7545979768
0.7371078044
1.50390076
-0.2464314263
-0.1286316631
-0.5158215299
0.2483389546
1.282348138
1.650308025
-0.587298502
-0.2061217338
-0.06520812884
0.09459575135
0.6363292284
0.03695510095
-0.6533746243
0.5126757599
1.333230227
0.607927439
-0.5351209328
0.005949711055
-0.8175476938
0.04285544297
3.036574399
-0.05040166825
-0.2531818189
0.0865248736
0.8975082368
-0.4544199936
-0.2361283626
0.5166517442
0.2040694495
0.05784823466
0.5369530499
-0.3624539211
-0.1763119252
-0.0922631152
-0.3341868389
1.27944943
0.05738841915
1.947799635
-0.4085376695
-0.3325389922
-0.3616749965
-0.02586709196
1.863439149
3.63408488
-0.1134837478
-0.2214657621
1.227149558
-0.7797193557
1.142767569
-0.1557379894
0.2597718671
-0.6252291471
0.07885548426
-0.4175896168
-0.3810562156
0.9344792426
-0.8950878918
-0.3028928392
-0.03049370432
0.3759265661
0.1716129236
0.1112500679
0.2884478603
-0.5663450748
3.716577697
0.8898991749
-0.3357512236
-0.1582378013
0.07163868211
-0.3095323689
0.2169377689
0.004399276851
-0.2652375899
0.8321986169
0.2452911145
-0.595396021
0.9570690423
0.7122442424
-0.1385783179
-0.4786235288
-0.6943600431
-0.7622979403
-0.3458858557
1.842952019
0.1753381903
3.088872457
1.073151779
-0.1829486501
-0.7001989096
-0.8099173903
-0.2765049875
-0.1199642776
-0.471668984
-0.06924001698
0.04144732878
-0.5876285136
-0.08815642912
-0.3620580032
0.1743372008
0.7047807232
-0.4221226111
-0.6550968945
1.087021872
0.7256866939
0.4461758718
-0.4521915823
-0.06251602937
0.5371917148
0.8102594838
-0.6369642228
-0.1996414011
-0.4773154654
-0.6012452543
-0.5207601316
-0.4789854288
-0.350215172
-0.4913383707
0.3618819039
-0.4025576375
-0.6301523447
0.2608699856
-0.3821994394
-0.00675035771
-0.7452958137
-0.5099975169
0.7447245091
-0.4565257028
-0.05693150284
-0.4095541924
-0.5534172848
-0.2875703977
-0.3892490439
-0.4067570761
-0.6745520607
-0.3524480328
0.1571956726
0.2153179489
-0.2491148897
-0.2992320858
-0.611888805
-0.3217189755
0.3406390778
1.031540102
0.4907880478
4.313028514
1.978060699
1.806831652
0.9967946127
0.1410161437
0.01666540648
1.35237878
2.209387898
0.5806408724
1.017828053
0.8415768415
-0.5372346595
0.2933159238
-0.2992870416
0.1802711464
-0.5357575104
-0.4759817347
4.064076734
-0.6037562132
-0.04806173958
0.9453438513
-0.08105783453
0.102273657
0.09231479671
-0.0224952993
-0.1101636542
-0.5306753084
0.1001100542
3.060946667
-0.1125530451
0.1139912246
1.373006898
0.1249448381
1.477531219
0.5433847368
2.879456156
-0.3608160973
-0.1932005964
0.8857961431
-0.5296489537
0.3556896088
-0.4444461003
-0.005469467118
0.350698423
2.258472848
-0.5107920155
-0.3459629782
-0.08781708349
-0.2892232671
-0.2318699677
-0.06763291489
-0.1670910593
-0.326301555
-0.5484025776
-0.1961879475
2.065624726
-0.003247713298
-0.2639509726
-0.4280874215
0.1516321318
-0.1078830604
-0.9027093977
1.653172284
-0.1852860425
-0.518263188
-0.3029576458
-0.6584361359
1.591750968
-0.09932855833
-0.7114085153
1.943719417
-0.6253387779
0.1960162858
-0.07604124304
-0.5941329643
-0.674005267
0.07097765934
-0.4755726583
0.7812360108
0.3619938705
0.2474429306
0.9379164912
-0.3578124031
1.393285909
0.07221879512
0.203538485
0.5312393114
-0.1316061683
0.3534009982
-0.04055459322
-0.4037316218
-0.4814496666
-0.03730757833
0.2157776155
-0.5843415618
0.2442672102
-0.2770731846
0.1461315486
-0.7541307837
-0.6700329155
0.0664823208
-0.3446660496
0.2141139987
-0.06407571798
-0.3857778952
0.07532317378
0.6395228401
-0.08300212147
-0.4772164568
-0.6662821889
1.023486251
0.233085214
-0.9626914203
0.4886452105
-0.05722198337
-0.4062467694
-0.9055598617
-0.3656108133
-0.3322529107
0.04618600896
1.262627789
-0.8141897291
-0.1484198824
-0.04093395509
0.1291041681
0.4159578279
0.07119513452
0.9383621573
-0.3228093073
-0.4386465594
-0.3212203868
0.1639235222
-0.00402607806
-0.1394914746
0.1196307377
1.3707664
-0.5152933329
0.262964575
-0.5557479814
-0.4962457955
0.009937119717
0.169006044
-0.6723047808
-0.02032511253
-0.3216431219
0.07068601456
0.8455473393
-0.1356245676
-0.6705105394
-0.3869901255
0.06612605359
-0.5287413523
0.5636484183
-0.8472918242
0.1857865063
-0.7945938677
0.3313904364
-0.3589268833
-0.5726272658
0.4873300634
0.1200815707
-0.5722918987
-1.005774418
-0.9977443159
-0.4240032412
-0.2267562283
-0.528470248
-0.5389646962
-0.9405514002
-0.1302268874
-0.1880722508
1.637806231
1.061771953
1.412478173
-0.6159408346
0.8839998975
-0.773612988
-0.3409918144
-0.5225096941
-0.6187843412
1.088027376
0.5562854736
3.30486089
-0.03520817589
-0.3071909584
0.3689495724
-0.6125125624
-0.3862845682
0.1880098261
-0.01159817949
0.4544930294
0.2371772667
-0.4296520323
0.5101456389
-0.3921843737
-0.6726806372
-0.654229793
-0.8665597379
0.2720389111
-0.4913796499
-0.02980510136
-0.2536666324
-0.05366478041
-0.6104333282
-0.1908099061
0.0236046914
0.1060643211
1.927646053
-0.5979936987
0.2365671258
-0.5719410077
-0.8531735808
-0.3006559916
0.6439578265
1.070438246
0.09506922211
-0.7947758883
1.091075993
1.249142811
-0.02690423792
0.2440482033
-0.785376963
-0.1445621517
-0.1740881501
-0.7900114119
-0.4062039442
-0.6346847773
2.025609466
1.290267062
-0.3655088425
1.722894582
2.013970214
0.06231205948
-0.6615948856
-0.5897433981
1.353629214
-0.5914119706
1.403411466
-0.7267308921
0.262058243
0.1906820185
0.2838745429
-0.05693111001
0.9133907646
0.6359143332
-0.8167261273
-0.4088352859
-0.4093070462
-0.4899479643
0.1126810544
-0.9134171873
0.3606537308
0.01856937278
-0.1998563103
-0.01626195945
0.001147726923
-0.4525546372
-0.4399606109
-0.4645555228
0.03950076592
0.09218690339
-0.2365892313
-0.5193877667
-0.697730729
2.249171042
0.9811767057
0.06654911544
-0.8440298468
-0.9759937674
-0.1795895457
-0.01246467656
0.1540182486
-0.2622203534
-0.0218089683
-0.7793617606
-0.04742502905
-0.401262442
-0.9335763991
0.1365520481
-0.64455401
-0.7890563369
-0.2544122418
0.1744893815
-0.5661380798
-1.021596545
-0.1950649106
-0.282389288
0.2513292445
-0.3245097961
-0.689561078
-0.2527516764
0.2809952609
-0.02546116749
2.064365214
0.06159245111
-0.01543363202
0.6889958858
-0.7728747427
2.195884979
-0.5235777959
0.01277133543
-0.05466105696
-0.5827182531
-0.2767689835
-0.3850036159
-0.6758657172
-0.1521117089
-0.2381773606
-0.5226420023
0.3230050627
-0.1481764794
0.1924708987
-0.6811090469
0.3518336434
-0.4664356634
-0.7154657751
0.04397300624
-0.2532485811
-1.012436914
-0.6823267221
0.7144904613
-0.7805268586
0.3061203238
1.457424998
0.8251817793
-0.5378751859
0.2878907748
-0.2006745864
-0.6546535283
-0.2619733859
0.8565830857
-0.3170123242
0.7118371047
-0.5412641108
-0.7305131108
-0.3755127013
-0.4636347562
0.4770268351
0.978378354
1.37820013
-0.652086851
-0.5513612613
-0.07992629372
-0.764253661
-0.5855780736
-0.7300512314
-0.2504274826
0.04657587833
0.03119485993
3.5890311
0.157822038
0.8573776424
1.130855668
-0.05986892357
-0.2926728074
0.02767305411
-0.4214495391
-0.5796534717
-0.7779124707
0.5942729399
-0.2979960714
0.5841542248
-0.6916167378
-0.5242629454
-0.7755060583
-0.7511909515
-0.5660332918
-0.5599138156
-0.1870221725
0.250329267
-0.2022980604
-0.4304904431
0.9892422676
1.22549811
0.8302772969
-0.3664877199
0.374821637
-0.607732591
0.09828906208
0.2997845069
-0.742996797
1.522620206
0.1410295728
0.3769709222
-0.65230892
-0.1982060917
-0.8887408853
-0.4424774274
-0.7893272489
-0.604594931
-0.5840307631
0.7697488546
-0.5641256139
-0.2740236424
-0.7760456324
0.2768954127
-0.1463397577
-0.2743499503
-0.3254899731
-0.6522500336
-0.82560094
-0.4848163798
-0.4375413537
-0.7374095708
-0.06765694916
0.02641252158
-0.3997664783
-0.6681922168
-0.5566706002
-0.6479479939
-0.9099518687
-0.036880395
1.314362594
-0.6384138256
-0.5827763647
-0.1195927471
-0.1652877105
1.393332049
-0.3290373765
0.3507086299
0.7924746335
-0.7603223234
-0.2982883401
3.26999594
-0.5305688575
-0.0335142999
-0.1689304803
1.017212454
-1.050390157
-0.437658824
-0.08487612642
-0.1265340902
-0.4250190616
-0.8553084671
0.03117028167
0.04640669553
-0.2694782831
-0.02924359906
0.07803549524
-1.006054029
-0.5429297969
-0.5193419561
-0.9869240314
-0.6393900156
-0.2710049346
-0.4929295853
0.3494966673
-0.4397523433
-0.3628447801
-0.06162679573
-0.9751674592
-0.01009010118
1.199906126
-0.6734541863
-0.939149043
-0.1149510834
-0.8380967408
-0.6311862051
-0.9946537465
-0.4614099145
-0.6637198925
-0.5947269887
0.8876348346
-0.3380825125
0.2539194158
0.01792268008
-0.5396537676
-0.5723284215
0.6182174131
-0.4065641843
4.223497427
1.405822957
-0.1181648184
0.5399856061
-0.2668573271
1.692442191
-0.8053085595
1.34036938
-0.7250798821
-0.3972541898
0.1866415257
0.09614760354
2.472233468
-0.6785610497
-0.7791271091
-0.8844332904
-0.4728795558
-0.2391230036
0.06011926043
-0.4444077857
-0.5679789931
-0.6461278319
-0.6024281695
-0.97513161
-0.7859974921
-0.3550926156
-0.1129774735
-0.4019494141
-0.3919411089
0.004100123513
-0.9179450929
0.4226200655
0.1776912861
-0.03935710657
-0.7891829431
-0.4427666336
-1.024082139
0.3259845261
0.1553056298
0.6060400985
1.989639521
-0.9351858407
-0.3610393837
-0.8342834145
-0.848405093
2.721226752
-0.4086030208
-0.7644549191
0.3362468097
-0.2000856968
-0.5941475436
-0.7775645971
-0.1736213223
-0.7197013378
-0.8451609731
2.504978663
-0.2633500289
-0.421771504
0.56290159
0.006660129502
0.04734578049
-0.4937271759
-0.6191361934
0.06923266072
-0.08629411263
-0.6776059702
-0.7287405789
-0.3419689413
-0.7915324509
0.9344068348
-0.3862501204
0.04185312865
-0.5997523099
1.208176401
-0.3236176204
-0.5070753753
0.6311164398
0.1500000605
-0.2891803917
-0.396882391
-0.5644343644
-0.5602072671
-0.3760834754
0.1049663007
-0.4163211688
-0.4522090316
-0.2611030277
2.324958265
1.527643722
1.976562077
4.104299593
2.064962077
2.090303889
0.2961101439
-0.3533411875
-0.02449572766
-0.09738009283
-0.435946919
1.901552349
-0.1343358242
-0.4380760573
-0.09303061524
-0.3357516177
-0.02674511774
-0.2387313303
-0.6436439052
0.01306536961
0.756193018
0.1395782989
-0.5612132803
1.599846542
0.2993128125
1.416338173
-0.6551240489
-0.1136603592
0.1130951193
-0.7941980988
-0.04130612174
1.465493363
-0.2145879563
2.339778495
-0.6530396029
-0.3583935983
0.1298278901
-0.4275483429
-0.2772860538
-0.4514435589
-0.001653670473
-0.2071731561
0.6622110039
0.2886738937
0.06253708638
1.323612651
-0.242776107
-0.6880866438
-0.1858330958
0.03238012674
0.1850938531
-0.5156650871
-0.6361743882
-0.281796778
1.548002955
-0.2886657586
-0.658620438
-0.4886560366
0.989491412
0.3782810552
-0.4218156397
0.06359619293
0.1360491548
0.3216567822
-0.2051593773
0.2424052975
-0.02454865016
-0.01253308733
-0.4832452573
-0.6197638601
2.197089624
-0.762184909
2.783714986
0.05852919221
1.855569205
0.4471989326
0.2233590909
-0.07207019813
-0.1847465177
0.001591238473
-0.8144428313
-0.1356384609
-0.277579153
-0.1086480277
-0.2316189349
-0.4373427615
-0.09593642885
-0.5113095403
1.5541318
-0.7989302278
-0.2907487506
-0.3348945707
-0.65064037
-0.0211663112
-0.5419894889
-0.1773840807
-0.3753006354
0.256662038
-0.4526116423
3.632653594
0.02399115283
0.1331869269
-0.3090987541
-0.4149430707
-0.8416099101
-0.5657740921
-0.3049927589
-0.2243539613
1.089871523
-0.3835318595
-0.4074308544
-0.5107400596
0.4509272978
-0.2740656946
0.6398762926
0.4766554609
0.5676628263
0.32951308
1.366237572
-0.5877400309
-0.3047457874
-0.1743233271
0.2387360964
-0.5132180154
-0.6835438162
0.1975545885
0.5475892931
-0.7994608521
-0.2555006867
1.545124632
0.08699909274
0.923115769
-0.01601232779
-0.2789569475
-0.6253459036
-0.2461098433
-0.177834702
-0.07037369823
-0.6254624397
-0.5575350568
-0.2575344078
4.646438491
-0.146281624
-0.5728222147
1.670538193
3.268844414
0.5369888805
0.546381183
0.1042970523
1.080508834
0.8333751641
-0.004614394763
-0.4523574114
1.8878373
-0.4722106189
1.880066377
0.2340010827
-0.6526537001
-0.547554411
-0.2693240933
-0.2104213644
-0.6853083268
-0.6147176877
0.7911748737
-0.2089474953
-0.09148918577
-0.5528803572
-0.8134469599
-0.2384460896
0.03628867124
0.7205370679
-0.2395005319
0.7304873854
-0.1529465854
-0.1891775955
-0.2232101325
-0.6547534376
-0.2094065733
-0.1510422407
-0.1507081162
-0.01607435944
-0.1973187881
2.148156345
0.9508079708
-0.2295605457
-0.2768031061
0.4181426875
-0.4617511541
0.4631555809
-0.6625215337
-0.7239884168
0.2377120823
2.896827668
0.1890095926
-0.8885303557
-0.7492267787
-0.344430273
-0.8697019368
-0.2770272035
-0.7113525927
-0.318185389
-0.2833429314
-0.9322468519
-0.6963212907
1.052114746
0.5709937483
0.8953333706
-0.06458813308
-0.5729243107
0.07050361037
-0.833409065
-0.5410042837
3.056344599
0.1997997783
-0.319992321
-0.8561612546
-0.4670204647
1.475911611
-0.1503031649
0.4040814664
-0.6006901443
-0.4023342326
-0.5636603475
0.1073500585
-0.6259977072
0.2086887535
0.4999295782
-0.5419780388
0.1059029402
-0.389533215
-0.7177557975
-0.1128675323
-0.2561771601
-0.2006294068
-0.1459187761
-0.7981411159
0.3839756403
0.4075406775
-0.09228120137
0.127871834
-0.947073856
0.9004521817
-0.377477045
-0.4850620374
0.2596757748
-0.0009056662209
1.25175702
-0.3307528302
0.1092444307
-0.1712489024
-0.6873248786
-0.267782085
-0.7757303596
-0.2618962683
-1.028075826
-0.121479392
-0.6116677985
-0.7695923299
-0.1837947916
1.282307813
-0.6157344341
-0.3178481124
-0.7908266604
-0.130063802
0.6570112653
2.84357428
-0.09204068799
0.7717046544
0.04032426979
-0.2215689946
-0.6319813937
-0.008784974925
-0.4136065692
-0.6713844568
0.2819866555
-0.07116401028
-0.7051116288
-0.8235433653
-0.2930307008
0.705123353
-0.1573875099
0.8699126922
-0.8164738432
-0.01590280617
1.686540654
-0.1848282021
-0.3975136839
-0.4260686815
-0.1170309888
0.4090912879
0.01691766065
0.7815581441
-0.5925436988
-0.1713475339
-0.8068493098
-0.5922934815
2.184626031
-0.5023968771
2.611535037
-0.3340477347
-0.4961388588
-0.07660936827
-0.06222687345
-0.1350784975
1.148748314
0.9509897485
-0.4720867276
-0.278742902
-0.09843148272
-0.2605302505
-0.1957095075
0.6374126449
-0.06496605072
-0.524985107
0.06545493009
0.6383929573
0.3628377639
-0.4792840719
2.027801973
-0.2578922164
-0.2398148879
-0.7940515608
-0.5652421311
-0.232998112
-0.766293022
0.6373812914
-0.6230625808
-0.07879226804
0.1662613748
1.059425312
-0.03849502453
-0.02127913302
0.4250659596
0.4532990661
0.2677427792
-0.8501814485
0.0208827442
0.46592003
0.09160707295
2.358199865
-0.2084547698
0.8459114358
-0.7950463355
-0.7604169101
0.2099132396
0.6668582261
-0.2409995409
0.04112500111
-0.6779644847
0.3776321359
-0.2173369747
0.5723518305
-0.638807629
-0.2614349037
-0.2077201102
-0.1525407471
-0.2393167084
4.464443696
1.853403461
0.4556014784
-0.3317312971
-0.9941182107
-0.5781746626
-0.6168534562
-0.6673776224
0.2399606492
0.2329330229
-0.8648918629
0.5178970069
1.88532573
-0.7128866702
-0.4177466258
-0.5397903278
-0.9492241561
0.005295445304
-0.5726403967
-0.896003291
-0.233204693
0.4947498221
-1.113174245
1.730813366
-0.3449934229
-0.4598171562
-0.1619370036
-0.9674078226
-0.7471633732
2.417477193
-0.728081584
-0.2316116571
-0.3122364648
0.5706821188
2.073190057
0.49309697
-0.06462263521
0.2439950367
0.5865373366
-0.4528793216
-0.658929354
-0.6142382234
-0.435905958
-0.6149973974
1.760876811
-0.6928917408
-0.92701509
0.05803954392
-0.2031742007
-0.5825444639
-0.7208632544
-0.8632120579
-0.5280036822
0.2313716024
-0.8633282661
-0.4519006513
0.3516686011
0.2528128273
-0.474985832
-0.8049297452
-0.2282534555
1.015612699
-0.3650742225
-0.3219918869
-0.7604673922
-0.4364706673
-0.4285708949
0.01146503724
-0.7799538463
-0.09047880522
-0.5589981884
-0.4251432531
0.2962437071
0.1905928391
-0.8950265557
-0.1920832893
-0.3817346871
0.07916587526
-0.9404286236
-0.3247811809
1.333777559
-0.5185440674
3.81055429
-0.5379723519
-0.3011405507
-0.4847905353
1.009833458
-0.4058219858
-0.3969943613
-0.6584519446
-0.8617289156
0.7662982404
-0.06353929676
-0.1446250557
2.579910505
-0.2357829891
0.2793306293
-0.1976609606
-0.1602409041
-0.2710480869
1.345812663
-0.3655856341
0.7242022425
0.7409666687
-0.4853388667
-0.2476615015
-0.6519058168
-0.4739503428
-0.1257021664
2.062490058
-0.9339654654
1.149594735
1.312743858
-0.249509326
1.539244652
-0.8517729729
0.04533093178
-0.372965797
0.6264493242
1.522518241
-0.6934389994
-0.6425582111
-0.4716310874
0.5556261282
0.8760043681
-0.4807859555
-0.6630131736
0.7745595204
0.03363228561
-0.7869662687
0.02039482109
-0.4961385399
0.05868048375
-0.3072145112
1.162796488
-0.9999935269
-0.6789529294
0.04207514161
-0.5011629716
0.373009469
0.5062074453
0.8178069249
-0.7752976239
-0.5698894098
-0.2376659662
-0.5276243687
0.4246115535
-0.1310906421
0.07370792921
-0.6411957115
0.1195590846
-0.2568332437
-0.34401429
-0.2109080654
-0.7330078423
1.802703589
-0.7378357291
-0.7697971433
-0.6324009269
-0.1622259794
-0.007056888193
-0.08229084499
-0.7868599355
-0.1786739274
-0.8997366339
-0.4603056237
-0.9551595271
0.4558402583
-0.6138056919
-0.2165640024
-0.5350300074
-0.8210437655
3.617565227
-0.9439435631
-0.5512275487
-0.4832916424
-0.7961096525
0.2307236568
-0.306892927
2.26687578
0.2524818724
-0.03858078495
-0.2022182418
0.7372598521
-0.3952741712
-0.6577105775
-0.5346269056
-0.2927771259
-0.03569266628
-0.7567552775
-0.4340358727
-0.7854866296
-0.2819450627
-0.4384378806
0.275856393
-0.1408423763
-0.131028395
-0.7179167658
-0.731054607
-0.8944543421
-0.1481780132
-0.6954746097
-0.5232017979
-0.2200103659
-0.3501460776
-0.5243014917
0.502477755
-0.7931071728
-0.4597595558
-0.1176353687
-0.1199258361
-0.3439318009
-0.1781697143
-0.7314527661
0.39307377
0.3465810731
-0.07361280567
0.5842553206
-0.2185253024
0.09081376977
0.826810813
-0.481439203
0.06014758591
-0.4427618042
-0.07842650004
0.1299276697
-0.0925782498
-0.1148763845
-0.5963103041
-0.1902144585
0.6101379384
-0.3730991207
0.2995062495
-0.1477986369
0.08447039216
-0.6831726775
0.1406147758
-0.6182141557
0.2985109311
-0.5723590016
-0.5604421332
1.2853715
-0.2782366015
1.283852494
-0.6225565404
-0.5614085361
-0.1014760146
-0.6294471115
0.04221754046
-0.4172044054
0.3995208938
-0.5725012183
-0.623815532
-0.5334699363
-0.1428958431
2.648195189
1.072174591
0.428486494
-0.1452925291
-0.5995761395
-0.04407348456
1.250029105
-0.7707842618
-0.4558631584
-0.4008041464
-0.2860621534
0.363053555
-0.4005556729
0.5478964508
0.7861627966
1.313156249
0.2577661941
1.703209603
4.004273796
-0.1509719813
-0.5210717946
0.3624153439
2.70292142
-0.1957843103
-0.4757377744
-0.5792462334
-0.3959379092
-0.3250839062
-0.2339046393
-0.1948075617
-0.06967077181
0.4324884772
-0.5211867347
1.397635373
-0.1653351665
-0.8349093199
0.1360018101
0.9226584673
0.6915440559
0.395213915
-1.000232193
0.3558188006
-0.1650130745
-0.3708709419
1.025520146
3.38052786
-0.08391994536
1.036507913
0.01508789593
-0.1712519538
0.8740507007
-0.01635219716
-0.0134203135
0.002383753285
1.315036565
-0.8228371382
0.135630147
0.2551287984
0.3418394513
3.480404305
0.321347993
-0.00187109001
0.9022872597
0.3534515619
0.1814828078
-0.4132446967
-0.1268982904
-0.2823210359
2.457882941
-0.3774821296
-1.014577335
-0.4304039448
-0.7682767302
-0.3167554852
0.3821368039
-0.7026410997
-0.539833805
-0.3053361062
2.914839906
-0.1044612469
-0.1443624696
-0.451400803
0.09778204025
-1.110121822
-0.5466670647
-0.1207270659
1.072416517
1.260921854
-0.524921824
-0.8452816904
-0.5322827742
-0.3768736288
-0.002401341498
-0.7272825927
1.5098533
0.01151890457
0.1232648119
-0.4140436009
-0.7356563479
0.002726028487
-0.6361446723
-0.4895122215
0.1206250573
-0.3294837564
-0.8330753297
-0.3267232917
-0.5088134944
-0.2161762647
1.556471643
-0.460453622
-0.606965664
1.31450136
-0.4673638329
-0.6499979764
-0.6103212446
-0.67994335
1.147804275
-0.2583614282
-0.2260206968
0.1128234603
-0.1863490019
-0.5022416696
-0.4836224064
-0.5266742408
-0.4475166991
0.6848211125
-0.3543081865
-0.5251381621
-0.2485923801
0.6471924528
0.1731898311
-0.123668316
-0.4137102105
-0.6232914984
-0.1087097095
0.02128589293
-0.6696836114
-0.5428652734
0.1414323799
-0.5040926278
-0.4124233142
-0.6283889562
-0.1924953051
-0.1547874854
0.8392209142
-0.3992043212
-0.001825788757
0.7842517816
0.6830022916
2.866425896
-0.7187558338
0.420765556
-0.2937218688
0.5998905629
-0.3583408833
-0.9008357614
0.9148761943
-0.04868592191
1.552123696
2.29110114
0.01196900941
-0.6475184798
0.5890503928
0.1592419162
-0.1180534495
1.660524505
1.506075555
-0.6783381313
0.1555516491
-0.1261548333
-0.3942628406
0.8309946932
-0.3248508297
0.7622508809
1.109529783
0.1206929421
0.3071233891
-0.01151626091
-0.727746731
-0.7774185866
-0.5947208345
0.5774023239
0.8333305776
-0.3929014027
-0.2715449676
0.1177004403
-0.3726832271
0.6585087083
0.399128384
-0.4446984828
0.4105369493
1.861719412
0.3233899698
-0.09543670416
0.8046401374
1.29835341
-0.3912531145
-0.4995570339
0.1303257674
0.07616746323
0.09572227336
-0.3136281803
2.265952486
-0.5188353464
-0.5723002598
1.766843289
-0.669201912
-0.7400307149
1.03325581
2.020271611
1.652475575
-0.2994978458
-0.433773303
0.2217234971
-0.5102981687
1.21889855
0.3817844475
2.845061016
1.037345202
2.644386911
1.818818134
-0.4567216322
-0.4694541305
1.731172401
-0.1981502384
0.7566645205
-0.5853837989
0.286701987
-0.02884204825
-0.3765884563
-0.5481411785
0.9331167534
1.189217708
-0.7666138351
-0.1700844124
-0.4276996344
2.588909417
1.413557339
-0.3651217908
-0.6072402105
-0.1244024619
-0.6270432651
0.5716878153
-0.5727636382
-0.8063118622
-0.09183155298
-0.5177886978
-0.8438563228
-0.7164092749
-0.5381482437
-0.6615075424
-0.04569280408
0.09169837069
0.5486825727
-0.07693003938
-0.2124476817
-0.2164868005
-0.5425424397
-0.1324639209
-0.4380864039
-0.6549498305
-0.2216080602
-0.4042578056
-0.6457083941
-0.238905371
1.347347236
-0.7302280471
-0.4772687122
-0.3194422036
0.3339224042
0.412415202
0.003803633666
-0.3386345297
-0.2996340275
-0.08862839695
-0.5389652967
-0.0868443042
-0.3410541192
0.4686104603
0.2145988269
-0.7035048768
0.2712954214
0.5584199071
0.0119168265
-0.8639846861
-0.3653615996
-0.8115154505
-0.4936683252
-0.7259722427
-0.1303093811
-0.7068134189
1.179862881
0.1814897289
0.06885108817
1.592335135
-0.2864922486
0.6517279336
-0.5879560515
-0.3222865179
-0.1864976747
0.3124098086
0.1031986525
0.06072445745
0.3614052054
0.4358458549
1.811627489
1.699391818
-0.3638375953
0.1541464748
-0.5953783378
-0.6639600411
-0.1247253338
-0.7612315699
0.7124035209
-0.120267853
-0.2314336017
1.793081737
-0.5610040098
1.008573937
0.584076333
-0.1138758454
1.588957006
-0.2817090034
1.007916662
1.149418345
-0.1684180096
0.5830658868
0.4376805075
-0.09307667725
0.01246706801
-0.6563975915
0.4581687693
0.285661868
1.370202756
0.1408962034
0.7747962631
-0.1446937493
0.295810879
0.9214428723
0.5146746002
0.6935750104
-0.2730790764
1.262610807
-0.6058601886
-0.2701248839
1.655541706
1.208489773
-0.2855265409
-0.5828261971
2.546192563
1.862233526
-0.3697120652
-0.1957765959
0.003713809326
0.2337430352
-0.4840826601
0.3518320097
0.5289410517
0.3075339898
0.5301173203
-0.180780115
-0.2504714251
1.23606247
-0.2954787143
-0.2687084645
-0.2034629751
-0.2860158749
-0.09019673765
-0.4199439183
-0.3568648219
-0.5920894459
0.3492261812
-0.1578116324
0.3760659061
-0.1949805729
-0.03048100704
0.4217370942
-0.08480765512
-0.0518849913
-0.6623892918
-0.5502716243
1.68215611
-0.6935610622
-0.4790194288
0.737709558
1.282736287
1.274998957
-0.4538609818
-0.8195765644
-0.0691977188
0.5269824311
-0.7848413333
0.01836268064
-0.2853212997
0.7609700218
1.711326951
-0.7895967305
0.1773855176
0.4795287423
1.407942653
-0.4789960802
0.4560816289
1.132937112
2.671841496
0.3853164114
1.208599424
0.5749924868
-0.7116389245
-0.4348094448
1.214717872
0.1143121749
0.3025007475
0.3625699237
0.664712844
-0.485267204
4.082402122
-0.05080128722
-0.0441956019
0.4398836859
1.186820456
0.4994440995
0.4288050227
-0.06015103529
-0.861961475
-0.708667928
0.05371436893
-0.8034355819
1.039327472
0.950050503
0.03763148617
-0.09375296365
0.06393236415
1.197591355
0.2182646391
-0.5357619911
0.3134201527
1.119278544
0.8317765445
0.10596878
-0.5667703047
-0.1604047641
-0.5227956563
0.001488157548
1.611839938
-0.1837892123
0.04851614572
-0.4324827641
-0.8850394696
-0.1290314389
-0.805452162
-0.4591603652
-0.7784281701
0.1517722649
0.1627925693
0.803133221
-0.6361057639
0.5671554506
-0.2342236377
-0.2726982249
-0.1744821459
2.61424458
-0.4985726982
0.8619147301
-0.2510560993
-0.5829057381
-0.1308531744
-0.3123230942
-0.2912820734
0.03074874133
0.07568450118
-0.2075925
-0.04920824487
0.1591528866
0.4446793787
-0.04192142738
0.7152225487
-0.1965332046
-0.6368923575
2.915408051
-0.4976041839
-0.6615119591
0.3657942502
-0.3964669481
-0.2395402811
-0.6265968502
-0.003127861628
-0.2608916506
0.08367149355
-0.1311997272
0.4582344674
-0.6695844501
-0.1629297236
-0.799485603
0.1557695916
-0.07643986512
0.4850712359
-0.7046224475
0.4575844444
2.625190806
-0.4642334625
-0.6596672386
-0.0637628492
-0.3298690885
0.3523458341
-0.242796674
0.297847428
0.3641234811
2.362651765
-0.1051574127
-0.6742206544
-0.6619864404
-0.7111902758
0.1719102011
1.554464531
-0.2012412988
0.2702286661
-0.2676823046
0.9814085901
0.7194773868
-0.541714184
0.0504062308
-0.6743943572
-0.3292059615
-0.9404447317
-0.1795267869
0.131696273
0.1575204928
1.436317521
0.7463569388
-0.1268600676
1.013911618
0.1875972103
0.9345737621
1.199867058
-0.02722133324
-0.1612088542
-0.6115122959
1.631870681
0.0770377839
-0.00834250059
-0.5508130163
-0.958487311
-0.613962616
-0.3364764504
-0.02876342768
-0.7074023977
-0.01255558613
0.497433579
1.785516489
-0.6213815421
0.004979897663
-0.5392767094
1.238609949
-0.2570184484
-0.02290754793
-0.3978626445
-0.9197222799
-0.6071680531
-0.1392029773
-0.1949589085
0.3523017725
0.09655148536
-0.3700910985
0.4455687009
-0.5680754378
-0.7595306575
0.07848310759
-0.4358159393
-0.3682972193
-0.6062369078
0.2331299915
-0.146338835
-0.01076753978
-0.4446036771
-0.4747757986
-0.9128530353
0.1227806533
0.4969575405
-0.4896167085
0.03596019468
0.2001571569
0.3694462877
-0.344703155
-0.03312578397
-0.747978276
-0.836062026
-0.9459731519
-0.1677467566
1.673153371
-0.4687222794
-0.3973315433
-0.6919320032
0.142724597
0.04701821653
-0.5077964649
0.8689802796
-0.5723696232
-0.7072334632
0.1805983945
-0.08519084863
0.06778134145
0.6735058114
-0.3211424101
1.659516066
-0.2275873698
-0.83837533
-0.6245751768
-0.6335393861
0.9564139187
-0.4111362189
-0.005506471917
-0.5749590039
-0.5334872052
-0.05713439044
1.9984685
0.7788872883
4.108559418
1.290979099
1.238893446
0.1350490072
-0.4560399398
0.1250888071
2.899202257
-0.1385529842
1.106906277
-0.1834253044
0.2850377109
0.1504791596
-0.02485497389
0.6303428508
-0.1003795985
-0.06984047787
-0.3613929614
-0.3408251718
-0.3603789195
-0.263690076
-0.6733492911
-0.4361097142
-0.7601894513
-0.1724940887
-0.375301706
-0.04045014586
0.9930568576
0.264123757
-0.2111426774
-0.1250340911
0.2717935309
-0.4149670526
-0.8831531137
-0.6373106033
-0.7317002907
-0.464316681
-0.3706973344
-0.1985934665
-0.1940830998
0.09218622139
-0.2970961459
-0.05967723634
-0.3672129452
-0.4210233256
-0.3829465866
-0.2432699196
-0.2478522539
0.4788706094
-0.5211402774
0.3711015787
-0.3079970822
-0.6762110934
0.04879709324
-0.01068675574
0.301980648
1.306746963
0.2552302507
-0.2809136793
-0.3595840737
0.2835994165
-0.1554504234
-0.4114067629
0.01869381815
1.06331152
1.121362139
-0.4043327332
-0.3105142556
0.8252286337
3.52085222
-0.4160796002
0.3206837058
-0.2349143915
-0.6435694337
-0.02971056625
0.07531896094
-0.3181425586
0.2504072865
-0.3849314392
1.112691897
1.358354166
0.3869107634
-0.4091009602
-0.7800745264
-0.09660294931
-0.227871386
0.5121840309
0.590073996
0.3580554381
0.4261873394
1.332007529
-0.1606267903
-0.2171893641
2.465676492
0.5975562152
0.2835612478
0.595894137
1.276831675
1.924959219
-0.2538613863
-0.5328358173
-0.0869445208
-0.5799863741
-0.2912335925
-0.2391033538
-0.6274197221
-0.3173231363
0.5889716394
1.784597337
0.1569962378
-0.5875701874
-0.7782274365
-0.1129527494
-0.2225672506
0.3629136384
0.07506103581
-0.117968449
-0.6718510836
-0.173651059
0.1442117564
0.9957663864
-0.1647526221
-0.2534007907
0.2257319477
-0.1933601143
-0.5385984302
-0.0759076817
-0.1882584035
0.004345135391
-0.7452725813
0.1867608063
-0.3291434288
-0.1258426813
-0.00438983473
-0.1598843519
-0.4161316633
-0.366746065
-0.3864518195
-0.5203980148
-0.6306986228
0.01280145217
-0.08979584128
-0.2119823616
0.4530876963
-0.4709883526
-0.01574238832
1.855762756
-0.8194077313
0.5865496375
0.1222630967
-0.5590736151
-0.5156548649
-0.2372508135
-0.0411027737
1.65332793
-0.2801179256
0.09489012249
-0.2196460109
-0.6294896364
-0.5566817373
-0.6263474479
0.9394325197
-0.3674351633
-0.275121215
0.6823368795
0.01726273317
-0.3585732408
-0.1128900213
-0.5626114741
-0.4560703099
1.432420027
-0.439577831
-0.04489312456
0.5906603038
-0.3669709027
-0.1920012143
1.551217318
-0.2955833785
0.3254934857
-0.8078335837
1.427029735
-0.2608578265
0.2005231804
-0.09511911748
1.611425972
-0.1237186786
-0.009893427044
-0.3546980679
0.7945102423
1.965232378
0.4909966163
0.02816777229
0.6517165095
0.5649539895
-0.05504039098
-0.4744402885
-0.2786167912
-0.3201109968
-0.1137490148
0.5952962056
0.3036878198
1.508251628
1.04681839
1.801597905
0.61039612
-0.5347224623
-0.1645326467
-0.2460520312
0.01063646805
1.562775466
0.3320568204
-0.06078330539
1.415552974
-0.3979571328
0.7755008146
0.2641237901
-0.3615369737
1.475756842
-0.481735155
-0.4430703878
-0.1913765697
1.572251481
0.5577563405
-0.1928186417
0.2328186784
0.3763444152
-0.3959054455
-0.4303370714
-0.3415327638
0.392712505
1.262053198
-0.2744216673
0.5397036057
-0.6454770997
-0.3888034746
0.5710017532
0.5498722821
-0.2496360034
-0.4882657394
-0.1038750391
-0.1346205236
1.076081204
0.7635020167
-0.4299246699
-0.1780457098
-0.09736302476
2.510500348
-0.4831197083
-0.5240831494
-0.1480230266
0.8697960377
-0.570029442
2.581083125
-0.2193832874
-0.4107970595
-0.1181029985
-0.1092781452
-0.6118299872
-0.01735792635
0.5195817798
1.305006765
2.348278981
2.171143305
1.032555717
1.488859347
0.6066096978
-0.2861221906
-0.2996810675
0.6011626571
-0.2046081346
-0.2727301143
1.672454441
1.316289213
0.9355927318
-0.1023348451
-0.2672207866
1.779646164
-0.4068559811
-0.6676593527
-0.3290889964
1.135964835
-0.1383966066
-0.136184511
0.5672795907
0.05213165777
-0.5158201531
0.3229229551
0.01718039233
-0.6125417531
-0.6468729168
-0.2223218646
-0.2100882247
-0.206363542
1.38080911
-0.03525322992
0.1146635191
-0.362313354
0.7991245024
-0.4120034605
1.78233847
-0.2862104543
1.771364254
0.1799339654
-0.6165728658
-0.2701944929
-0.2411959574
1.599888149
1.511087024
-0.2477617647
0.2452819671
0.3959387254
2.767521131
1.378672445
-0.3450460933
-0.5529146358
0.1933584733
-0.4748701051
-0.3999413103
0.742894499
0.3202836638
-0.1019717123
0.3838764254
-0.9151967466
-0.3607049003
-0.5924814984
0.6960710928
-0.6324243903
0.3442665134
-0.3038979471
-0.07628763746
-0.356087026
-0.3295006454
-0.2426632607
-0.2233635496
0.318468124
-0.2435537629
-0.1632475403
0.7465951204
-0.303154844
-0.1013751443
0.333239818
-0.4476658076
-0.5871600613
-0.4339951143
-0.3919467762
0.0577938769
0.1079006449
-0.03852681816
-0.1852559551
-0.0886039095
0.1579950899
0.1170299398
-0.1798754472
-0.6172183931
1.219142821
2.809442884
0.5490064882
0.8679971665
0.08337568296
0.5460731257
1.956700909
0.8648430273
0.5929372657
0.8039398558
1.419887191
1.01694639
0.3611921579
2.490329665
0.5044445962
-0.03709588591
0.8722184181
1.242071953
0.3162199186
0.7788141109
1.052729474
0.1340004713
0.1445195416
0.6675948124
1.543069732
0.2859754538
0.9830564037
0.2833570797
2.024080765
0.2653727718
0.1892458498
0.936604242
0.3002123453
2.030951995
2.069996303
2.684765571
2.010671788
0.4957237206
0.9348487467
0.1779999079
0.4336652137
0.2407214398
1.175566095
2.904347396
2.484532404
1.310247952
1.063949148
-0.4815613493
0.8723620564
-0.09332060888
-0.5394840047
0.2940691059
0.001942818612
-0.5454169184
0.7633821234
0.8967791788
0.548722557
0.9124177754
1.644810337
1.047152403
-0.5362095073
-0.4520439282
-0.3900690578
-0.1359129623
-0.2736630037
0.1765607999
-0.83510198
0.9674778968
-0.9430302858
-0.246865226
-0.5751470134
-0.2597092457
0.212811102
-0.4910826817
0.5822894558
-0.5152997807
-0.2240982763
1.157856441
1.276110786
0.8447137028
-0.1567505855
-0.1155527502
0.2506454252
0.6378953278
0.4076137371
0.3025918428
2.886101919
1.426894301
0.0151600376
3.575834584
-0.6336818278
-0.4809642285
-0.3469886996
0.7768180758
-0.7875191152
0.4366492918
1.283228537
-0.1943510007
-0.5922246233
-0.6558727652
-0.7856407523
-0.6182236001
0.8637821749
-0.2609590556
-0.4500431478
0.1642370144
-0.5376471117
2.756585848
0.09552261657
-0.6817216873
0.1099303749
-0.3179835081
0.109389706
-0.7868643254
0.4438337997
0.002567741182
-0.2100927617
0.6567661971
-0.06207810063
-0.4242715731
-0.3642618187
-0.5894165099
0.05753914393
1.012285936
-0.2712778743
0.02051925585
1.634316543
-0.4105152011
-0.1894567307
-0.7648606598
0.172406048
1.797634608
2.837269998
-0.08925060276
-0.502739796
0.07620550338
0.1709866655
0.08072854504
-0.8065503687
-0.6732503921
0.05930408081
-0.5941831052
-0.4713855013
1.252043509
-0.8728827208
-0.811281687
1.182582304
-0.5967946067
0.3825771261
0.4336060025
-0.5607227162
0.2302876655
-0.8338896722
-0.4482481837
-0.03112057112
-0.6433918059
0.05339142941
-0.7515160084
3.002576762
-0.1686034068
-0.6987949878
-0.7276260614
0.5903215319
1.859003794
-0.2499796007
-0.9070150405
1.1353287
0.3101474524
-0.1629096139
0.1121538293
-0.4527866378
-0.2943039782
-0.1092002226
0.5828647062
-0.2428852759
-0.1556201946
-0.2838008799
-0.2822808407
-0.03108568536
3.548696399
-0.956312418
1.976067519
-0.2579731852
-0.1715198912
1.96467343
1.748515576
-0.8082138538
-0.3523046859
0.2357523682
-0.2937400803
-0.07244715691
0.9434273541
2.028890049
-0.7029124051
0.072501022
-0.2601221986
0.1057980279
-0.2052581031
-0.2411992528
0.0006814913824
0.6314263716
0.9546295434
-0.1383499093
0.6397577658
-0.03614326026
0.8413509026
-0.4090399012
1.00831548
1.711823034
0.1906037206
-0.2540974751
0.4897961758
0.9322752118
-0.2833274614
1.471806839
-0.1526399158
-0.396241799
0.1171044983
1.041359028
0.188065837
-0.2628774747
-0.9028237343
0.5611578383
-0.7395880729
0.2216979722
0.1156879402
0.7605432197
-0.4308946997
-0.6084248304
-0.479435192
0.2280976676
0.2588449316
-0.3243118674
-0.5588866726
-0.1256079886
-0.1872993469
-0.08468405902
-0.522796002
-0.6039204895
-0.224468315
0.6374867812
-0.8485613167
-0.9266162992
0.253254622
-0.3788514741
0.4164533411
-0.3293968745
-0.4092077523
-0.04102234133
1.147700614
-0.04627926825
-0.6843258202
0.1239093482
0.01418557172
-0.4404056266
-0.3113737047
1.529660523
0.779078342
1.107713705
-0.2473263446
-0.6178039446
-0.2223369594
-0.2064463928
-0.8417539626
-0.7083893806
-0.398434025
0.07670232784
-0.01810957119
-0.3660302334
-0.3157785915
2.167561764
-0.02685637008
1.725672048
-0.2311175007
-0.3606006876
0.1717191757
-0.5820015043
-0.2654237792
1.526795524
-0.7002060682
-0.1727030117
0.937313655
-0.1030763607
-0.693172431
-0.0326144943
-0.5493593141
0.5877044678
4.089177251
0.1021319964
-0.3833800927
-0.3328810751
-0.2497026883
0.005165209156
-0.5411648393
-0.2223055961
-0.1415804541
-0.2551864676
-0.01603561956
0.1369760035
-0.5136833638
-0.6445122167
-0.4457923934
-0.5212459058
-0.5741730675
0.05791677977
1.480276686
-0.2134195294
-0.3943541318
-0.7196434051
-0.331270238
-0.8200364351
0.5617281571
-0.409486337
-0.2587627262
-0.2042844817
-0.5941053808
-0.4854665592
2.925736237
0.4054231212
-0.7167749226
-0.4968739897
-0.08792971596
0.2836302808
0.8639391825
-0.004723344371
-0.1245751448
-0.2319019159
0.1785229972
0.4769849718
0.1375822235
0.3195410712
-0.2173032627
-0.009356635623
1.624546972
0.1633044593
0.437065094
0.05244567567
0.6348959938
0.780066257
0.8014802009
-0.6525960892
-0.336202509
-0.1064358578
-0.559430182
-0.01031817445
0.4294471923
0.3542347375
0.735482724
-0.6151289091
-0.3202141833
-0.4720399991
-0.5188502252
-0.03527102582
0.9943439171
-0.2816195108
-0.3907346226
-0.7915705204
-0.7434587061
-0.2331512928
0.4188252985
-0.6254898414
-0.5052017018
-0.4602552712
-0.1625411287
0.2387849236
-0.1170117647
0.9016843423
-0.1596102087
-0.5385416895
0.750652568
1.368026742
-0.2097710617
-0.07186976327
-0.4944960549
0.2108893683
-0.01299212985
0.1835566768
0.2824099191
2.458433199
2.71080249
0.001176395919
1.7529663
-0.4112688735
-0.4723809391
-0.4716993123
-0.060569565
0.3512042761
0.08135190508
-0.5130526885
-0.2761720039
-0.185190421
-0.07062704451
0.01596271303
-0.63726805
-0.5273107529
0.6015166074
-0.445174922
-0.679117772
-0.3885613851
-0.6623620689
-0.08196850279
-0.2601553291
-0.0006866080686
2.541788596
0.03071772456
0.3228746191
0.3400840923
0.4160239987
-0.1840003762
0.07635735348
0.8701239839
-0.1044270413
2.571752858
0.2773859844
-0.424338676
-0.3997705638
0.389849586
1.56772002
-0.1397489622
0.3713789379
0.2126497537
0.221529853
0.9621281475
-0.07903467715
0.1282975518
0.8580858111
-0.001120057702
-0.04602791527
-0.3450299025
-0.7193703309
0.4404908001
-0.3712436572
-0.3009141035
0.1142523194
0.1218517279
-0.02916188352
2.416940665
-0.1641192004
-0.4079396248
0.4545732245
-0.3758384585
0.5469729222
0.5382104795
0.1835330716
1.194755137
0.2684546724
0.4429083332
2.247517002
0.6097686872
0.655077754
-0.2735016085
-0.001131227612
-0.2586549245
0.1999359739
-0.5621946752
-0.09598320238
-0.3339598082
-0.1225326506
0.05738164657
-0.8356195241
-0.2798544414
0.3234269828
-0.2529484898
0.1813959597
-0.6633735508
-0.2473244846
-0.09097422473
0.1545803815
1.036675245
-0.5399626657
-0.5074074462
-0.2067087088
0.5247467197
-0.1905502055
0.8487857312
-0.6545076728
0.5428197041
0.3629169911
-0.4115600049
0.3128596084
0.02888522623
-0.4175011873
1.357316282
-0.2313631296
2.154575449
0.1464932073
0.2508522471
1.786229369
0.3665599827
0.1972336333
0.7212644324
1.358958577
-0.1777804946
0.3050676629
0.6252589794
1.178402513
0.7309819803
1.289697108
-0.2962893248
0.2529782757
-0.3274772011
-0.2523386095
0.2094787452
-0.02461427494
-0.2286162201
0.008009805903
-0.05918956175
-0.1362293016
1.392212039
0.9632052742
1.171966055
3.025041419
-0.1212033919
0.3010079127
1.128142732
1.46641435
0.5051225051
0.006976317614
1.194043723
0.4796383731
-0.3115982756
3.766310161
0.3143839188
0.3883138502
0.2206062188
-0.1612015352
-0.229825201
-0.1366038245
0.5133868083
1.238605838
-0.737401405
0.4084408455
1.348746246
0.2998026461
0.1709565227
0.3383858902
-0.1057623457
0.119520624
-0.6111908346
-0.7322751135
-0.7724973291
0.1700416937
1.165412243
-0.1040887799
-0.5474145859
0.112705211
-0.8109753281
-0.9332584202
-0.6425151572
-0.3571227796
-0.7914009929
0.1838668169
-0.05081682447
-0.4793236807
-0.0567347303
-0.4068535402
-0.5805405214
0.3497028204
-0.2419250291
-0.7091675937
0.3656233583
0.303139805
0.1029439028
0.7951920956
0.5790598206
-0.6114654139
-0.4163583212
-0.3299113505
-0.1712995343
1.923009437
1.098986711
0.4494181734
0.1720626619
2.315752965
-0.03890593499
-0.8399502248
-0.3075270477
-0.3888971701
-0.1397684418
-0.3515179947
1.070762494
-0.4714159444
-0.09010757785
-0.3734895468
-0.7797507912
0.607077913
-0.6357777938
-0.4157425463
0.2787956452
0.0925370086
0.6660873786
-0.5113634676
-0.4996797264
2.507749915
0.06750476053
-0.2515656523
0.03480017278
-0.4499758139
-0.646947518
-0.1860917043
0.07256496428
-0.3922816552
-0.2576735258
-0.01757350489
1.169314043
0.08073934503
-0.09068162818
-0.1711573612
0.08229216551
0.2669191962
-0.453457427
0.3332668893
-0.3219066888
-0.02458225153
-0.7922332436
0.6109033234
-0.3408220604
0.2372640965
0.01284749508
-0.5613206327
-0.850996089
0.8424611107
-0.1181847878
-0.2594127133
-0.1010930254
0.2615005791
-0.01631597225
0.04936827868
0.2323381066
0.8828521907
0.2225904817
-0.8204609692
-0.6065817788
0.05284202741
-0.4582614794
-0.7950346947
-0.2864137892
0.05533139107
0.356949624
-0.09666105416
2.049969423
-0.7748811364
2.328728598
-0.7634645402
-0.1374153016
-0.8577710301
-0.4245672241
-0.183744113
0.155081968
1.316926968
-0.1764526512
-0.1377231877
0.2316717668
0.02264657398
-0.3984768391
-0.3343786664
0.1955379961
0.476320415
0.6684864134
-0.2281744342
1.304887855
0.02972139679
-0.3993859038
-0.6633606285
-0.2174045434
2.063945651
-0.3914947152
-0.07042009365
0.4223762549
-0.09890498873
2.379805672
-0.4248956576
0.5478501961
-0.3531245559
0.01464944668
0.8983928382
4.039965236
-0.02594659757
0.06973119332
-0.6532267928
1.30681091
1.769513535
-0.4612432718
0.6223305121
1.803230545
0.08373903316
-0.3218699008
0.2493298396
-0.1664570164
-0.1985777933
-0.02331641559
0.3791647531
1.741430318
0.2044046459
0.6722704425
-0.2078836728
1.545354661
0.02551334314
-0.01499106251
-0.8331543416
-0.5433381572
1.556375039
-0.082203006
0.0327166087
-0.2334417421
-0.6258973479
-0.4353185102
-0.4391501352
3.078779161
-0.06973128626
2.748739672
-0.7447333187
0.165149158
0.07067576093
1.389027047
-0.9461359471
-0.3739784107
0.4026010461
1.291258252
0.6413886055
-0.6967358887
0.3055949303
-0.5041187778
2.604874337
0.7892409742
0.9764135629
-0.1257487897
-0.6819933027
-0.8824533373
-0.7013867438
-0.5430458799
-0.4465842808
-0.3064901218
0.01008374542
-0.1454887044
0.1892289873
0.1307293067
-0.6508067131
-0.1319816858
1.159088834
1.95493719
1.326387143
0.07009019457
0.9468629837
0.03279066905
-0.1348237295
-0.7720471293
2.719201386
0.734293595
0.5047944181
-0.4572281286
0.2327865536
0.9436041385
-0.6699042201
0.005543565005
-0.3991774753
-0.4778669402
0.2363525953
0.2009594125
0.0214921558
-0.4484180696
-0.681354408
-0.5425518587
-0.7442159653
-0.2986383803
-0.4164862126
-0.02218449893
-0.3156522252
0.9112594455
-0.2292057641
-0.6499101907
0.4101481944
-0.04424033295
1.177716643
-0.5278443292
-0.7531237751
-0.1084720813
0.01870356528
0.6420218617
0.2791524902
-0.04212961905
-0.5940312713
-5.74208796e-05
0.7700473964
-0.2193162676
-0.8755023956
-0.6988939092
-0.6754233986
-0.5888646439
-0.2132221289
-0.197783149
-0.5007369578
-0.2656442598
0.8292199507
-0.4385837138
0.2790415395
-0.2239018988
-0.006069565099
-0.4188320398
0.6048117772
-0.488033466
-0.04942466225
1.354830271
0.1894492891
1.354403721
-0.6593684345
-0.6747758925
0.961186558
-0.07021435034
-0.8215361208
0.6023489431
1.053714874
0.9389202982
-0.7593570709
-0.8977988839
-0.246405354
-0.1438738475
-0.5530025199
-0.4108781338
-0.5459121421
-0.5519249171
-0.4814858079
-0.4012058936
-0.4771959513
-0.3912653223
0.6029730774
-0.3971104532
-0.7258034855
-0.4518735394
-0.759264946
0.07489566263
1.074304458
1.933116388
1.183739918
0.008177044243
-0.7180102795
1.996581143
-0.7288582236
-0.1082179569
0.2598099422
-0.5220671237
0.1536686484
0.5343698062
-0.6304412082
1.520257664
2.411022872
-0.7909712225
-0.06047872193
-0.6338318884
0.05660847451
0.208110173
0.03922429364
-0.3699330762
1.409779683
1.865525925
-0.03468483109
-0.4546335235
-0.6393835783
0.02166507323
-0.1929053003
-0.4285466
1.360251719
1.149008746
2.234258664
-0.5817623958
0.725306052
-0.6275689721
-0.6728368506
0.3052205932
-0.4959264949
-0.01577659361
-0.3267818794
1.884840262
0.5196196526
0.9192306682
-0.4064742848
0.6005153328
-0.4040189341
-0.8092900634
-0.3786215931
-0.1742343359
0.1313426046
0.09102241509
0.4448751297
-0.2284101766
-0.6862790614
-0.3959394321
-0.8814915687
-0.8679028988
-0.1503453428
0.1376730885
-0.004122938495
-0.6424506709
-0.8684103042
-0.6735718146
-0.0463699162
0.6340310574
1.672885889
0.5202069398
1.260891956
-0.1825436745
-0.4509181336
1.360069883
-0.03305259608
-0.364636907
-0.0219700498
3.836365545
-0.8250305086
-0.4557773143
-0.1608186029
0.02248288495
-0.05570741259
1.458066839
-0.3476608381
0.2662124421
-0.6429824933
-0.5322437882
-0.1009594996
0.2462435955
1.618569213
-0.3968031906
1.486533517
-0.5970141321
1.012990949
0.1309893643
-0.5939939678
-0.3774446376
-0.6101305336
0.338697987
-0.06639288291
1.194475093
-0.5267970115
1.977900463
-0.6245737314
0.2913533232
-0.4676399603
0.1549856104
1.26599358
-0.1263283424
-0.4220749572
0.6989189833
-0.2165580185
-0.2454933446
-0.4120825246
-0.4891603902
-0.6419392169
-0.735762845
1.538019514
-0.2161603071
-0.08846977912
-0.3793510668
-0.928327623
-0.05937201083
1.126767138
-0.9070728242
-0.7322816253
-0.3995398492
0.07693757243
-0.4897643656
2.408838958
-0.6188458771
1.105094448
-0.5310310483
-0.6185814694
-0.3081511796
0.1499914051
1.054054405
0.2744779173
0.7486269601
-0.9378380597
-0.8458648413
-0.9141772538
-0.687974757
0.2242097204
0.6304608895
-0.7655959576
-0.8392472684
-0.1137535863
2.839997685
-0.3738870785
-0.5098638117
1.00901522
-0.5868445858
-0.0191112055
0.05687935352
0.0780170925
-0.3028940983
-0.7018373251
0.1595471746
0.7448206604
-0.6689501092
-0.3817377821
0.3683538511
0.338759752
-0.01959131449
2.108791697
3.103670979
-0.2808011815
0.4994725086
0.1085626759
-0.7192022383
-0.3812736057
0.1664404606
0.1991166017
-0.2777435858
0.7791926727
0.8315983266
-0.1533089604
0.04647372579
0.06899448764
-0.3360132391
-0.3805497721
-0.1154130619
1.261825937
-0.07025610898
0.2695563458
-0.6394224763
-0.4538714677
-0.1573021505
-0.2012694683
0.6248986512
1.030412455
0.7941795647
0.7159415528
-0.499763447
0.5972489305
0.6310842395
-0.1149508439
-0.6300270215
1.326477149
4.217209816
0.7024793282
0.007747290307
0.1953279091
-0.1617738325
1.046499649
-0.1816907343
-0.2839827891
0.1856130554
-0.4411950797
0.7277480178
3.660692322
0.8684144408
-0.1356314309
-0.6250185221
1.24420878
0.5417973846
0.5334595561
2.121857977
0.1912447464
-0.6675672635
-0.04260815494
0.6468624398
-0.3070666611
0.1790500551
-0.6984069645
-0.444792451
0.1261213386
1.04537752
1.430950212
-0.7032968611
3.041398585
-0.4406786785
1.470872647
-0.5586904675
-0.3155062638
-0.07396069653
0.9071485281
0.1782865482
0.6279816628
0.2874991812
-0.08472537696
-0.1632994976
1.085493234
-0.1646783892
-0.09018127169
0.1209668003
-0.9797709644
-0.6431077331
-0.3100272011
2.482945323
1.766995746
0.3873062816
-0.1070442744
1.185840753
0.5241275005
0.3358323462
0.2308939661
-0.7746516019
-0.5610011116
2.110644263
0.1720590264
-0.2687569525
-0.5613815129
-0.239208664
0.2579748883
-0.1022655336
-0.2725030847
3.599896407
-0.3227049988
-0.4495943617
0.2200544016
0.2299758706
-0.2339065086
3.826461291
1.199411899
-0.1304920103
-0.0611707516
-0.5578289509
-0.3013664313
0.8994334847
0.03006595317
0.03835601946
-0.01132000228
-0.7171507061
0.4734679118
0.764346379
0.6128435358
-0.5113247991
-0.2528485809
-0.05297346953
1.02682027
3.389310098
0.04028264228
2.123712033
-0.6473961264
1.092221123
-0.4475124031
0.9385854289
-0.1589203391
0.470483835
-0.5195529833
-0.6384796008
0.2364074662
-0.4174387962
-0.136227661
1.374772939
0.929652217
-0.01818128768
0.2903067248
0.7004357785
0.5346038423
-0.2202815603
0.5605323069
0.5412779599
1.521279538
-0.4891579479
0.5178736992
3.11607306
1.56714921
2.378952837
1.718687314
-0.1067861084
0.1405517227
-0.1675286636
0.3034019895
0.4643121339
-0.3941117555
0.4098203871
-0.3425309852
0.1895233398
-0.04002484661
0.7725533485
-0.3322440915
0.2077529136
0.8684475049
-0.5847775638
0.6105876401
0.6977242842
3.96516341
0.01515691765
-0.0936493475
0.9747540534
0.04875936098
-0.1626099862
0.07506706174
-0.02503658775
-0.01482699011
0.03887829087
0.1245488553
0.2943425247
-0.2706751052
0.4015881546
1.095782998
0.02529423996
0.8531550981
0.8374733478
0.2714129302
0.03821928469
0.9565755025
1.166842689
0.03164080475
0.2544855542
-0.02741282945
-0.337075761
-0.6814410776
-0.271230611
-0.3603073768
-0.8068971813
0.134097532
-0.5559153497
0.7113116637
-0.7999032408
-0.6494810045
-0.8186083317
-0.07657509707
0.3043642279
-0.1011172503
-0.2010178179
-0.4744259819
-0.6558870941
-0.3689561926
-0.9189281434
-0.09945697132
-0.3339079477
0.2962451823
0.1143896837
2.033226812
3.101191807
2.27888025
-0.4052593976
-0.6310687393
-0.5080998018
-0.03466155212
-0.3740712434
0.5816912338
0.03576508956
1.166395189
0.6556728035
1.866685855
2.854236287
0.6387902185
0.1503837934
0.8118635252
2.487520945
-0.6446512505
-0.02029084768
-0.4600677058
0.7749042913
-0.5386826992
-0.1369019691
-0.4483912796
2.212920618
0.1844188984
-0.9546152532
0.9675466955
-0.3809954599
1.774951261
-0.6837785885
-0.2742984951
-0.5990262493
3.169475901
1.038849087
-0.4454779699
-0.6374764234
-0.1844621602
2.750385523
-0.1107085366
0.139963105
-0.7427950174
-0.3970107406
-0.7378795862
-0.3742378496
-0.3728126161
-0.3828247979
-0.5402563244
0.04218465574
-0.6631395668
-0.4993300185
-0.6703772902
0.05219985731
0.01309302058
-0.4634326249
-0.8260993183
-0.4690700635
0.8077031016
-0.399547264
0.2753852502
-0.6817776084
-0.5129483029
-0.4640783906
1.326711255
-0.4214798838
-0.6398976102
2.477965623
-0.1241845217
0.9820541181
0.9006314158
0.5798363797
-1.105656034
-0.7998757303
0.264629769
-0.4121955022
-0.6061826855
0.2871168904
-0.2827394031
-0.002861183137
0.6695688248
-0.2163614413
0.02112773303
-0.509311235
-0.06230756119
-0.1372873312
-0.03896058742
-0.8060831279
-0.7052274376
-0.5529718414
-0.4242331102
3.084182155
0.9322017491
0.08808341771
0.0958210092
-0.6543673962
-0.2790681109
-0.3429974794
-0.2216510467
0.2384228575
0.3546886373
-0.5895495459
-0.1433374699
-0.4816478312
0.007273714943
0.1301309121
-0.04505898282
0.5760139346
0.01160908923
0.5655364595
0.2207884453
0.1089677686
0.01363687292
-0.2880123034
1.27493107
0.2806662975
0.2321030697
2.57502774
-0.5274437785
-0.4642776713
-0.5945558503
-0.2768322036
0.424311024
1.748958343
1.270758024
0.6605090514
-0.5316543922
0.173793085
-0.2819546767
0.1731819991
0.01806566138
0.492642881
0.3980539223
-0.1272345457
-0.6486596346
0.140654557
0.2837740794
-0.3894725412
0.08817131389
1.432549748
-0.004038682953
-0.0710400864
2.173012525
0.5433690339
0.06337408293
-0.2321274806
-0.3045416601
-0.8379541516
-0.5874984682
-0.5941432387
-0.3295205384
0.4055294424
-0.634476085
-0.4851714507
-0.4522874981
-0.5253491461
-0.3904817626
-0.8081750333
-0.4486722857
0.3856446996
-0.4902102455
-0.7493972525
1.304505247
-0.07052168939
-0.5695052341
1.170658603
-0.398147361
0.4349619374
0.2727270979
-0.7310130239
0.142426483
-0.7370935544
0.1142501637
-0.3374094374
-0.6879673034
-0.4373479217
-0.01709747836
-0.3712684825
-0.07541454062
-0.3425015599
1.005904162
0.3113141794
-0.5337650716
-0.3637590006
-0.1403310035
-0.934249562
-0.5916001365
-0.8523535103
0.6299864866
-0.7610928059
0.8811390609
0.04108942552
0.6586719655
-0.144458108
-0.3735439494
-0.7310800493
1.563342422
-0.730568698
-0.4576976746
-0.3136958495
-0.2687334061
-0.05867902832
-0.7615164936
-0.7142834038
-0.22298126
0.4081587709
0.05913469288
-0.4854762077
-0.4969890758
-0.1691291876
-0.420486059
-0.717122069
0.003750370629
0.6641172647
-0.3632639475
-0.5057916768
-0.2741055354
-0.181443632
2.828567374
-0.7195588917
-0.1139084298
-0.5564242467
-0.06123049539
-0.5302524403
0.3356284179
-0.73487221
0.1468450576
-0.03020587489
-0.3214402556
-1.034136409
-0.4740273744
-0.6479384959
0.04183808975
-0.7346257478
-0.7856351048
2.698153353
-0.7396254346
-0.5184868753
-0.6127171427
-0.3771362811
-0.5533680096
-0.09451430459
0.0893410753
-0.5371791497
0.391104879
-0.5311108917
-0.2226585373
-0.1756416813
-0.7182629794
0.004728979571
-0.667481333
-0.07258803209
0.1852436269
0.05470660706
-0.4296432063
-0.7747819543
-0.04045995977
0.1384949811
0.620173189
-0.2404987831
-0.6148406595
-0.850922516
-0.6255483046
0.6107494906
-0.5713896737
0.04644452699
0.1506772894
-0.4021722823
0.09064851552
-0.5753685147
-0.2930233598
-0.5484843031
-0.8636086762
1.091721264
3.702547306
-0.504811126
0.02565682847
-0.05989312287
-0.4895026609
-0.1528475683
-0.714553529
-0.2042873275
-0.5671816304
1.270242676
-0.5207161233
-0.1881056722
-0.4198199272
-0.2079542788
-0.3524152473
-0.4266707331
-0.07954254095
0.4529169809
0.5858071536
0.9683277227
-0.1567459118
-0.2510653686
3.011106598
-0.4362472057
0.464995528
-0.3909012482
0.06026722118
-0.6949210152
-0.1882628791
-0.007616638299
0.5397991568
-0.5721523464
-0.6685075611
1.208089265
0.1215922482
0.7462565526
-0.3418748543
0.1408557603
0.4407195605
-0.8452461928
-0.8639433563
-0.368991214
-0.1276436199
-0.966314283
-0.8970229179
1.96265229
-0.8504839242
-0.7649358958
-0.1625795336
0.860361582
-0.4931162372
-0.6635156572
-0.4622403949
0.2854591748
0.1603945784
0.6634849802
-0.385664703
0.896651493
0.05395200076
2.070545596
0.3975795008
0.09115061397
0.03156167492
2.118442035
0.2926483396
0.343051865
1.474442059
2.565307224
0.0693466153
0.3467896208
-0.5693002865
-0.2179010194
0.1063680813
-0.1877711579
-0.763447988
-0.8386601955
-0.261237248
-0.8139006376
-0.400901062
2.661391628
-0.2920142587
-0.2526045904
-0.4006720044
1.945342559
-0.7629887313
-0.49777475
-0.2485750888
-0.5577340499
-0.3532712132
0.01975337034
-0.6309794739
-0.3716203138
0.07443628004
-0.5320499361
-0.5517193645
-0.01996869859
-0.6038124308
0.008903429657
0.1693880393
-0.1562951669
-0.4902833581
0.5517375588
0.03457802553
-0.426842761
-0.0796350006
-0.4290851325
-0.6049447834
0.7754467264
-0.4372012481
-0.3149240769
-0.3027655959
2.067708552
-0.004181203805
-0.7187753201
-0.0450732043
-0.4322060347
-0.6739529461
-0.001628998294
-0.6419960603
-0.2350418124
-0.8861352801
-0.7631249219
1.709531453
-0.1832648775
0.2998025085
-0.8206664324
1.928030413
0.8029236689
-0.6576281816
-0.4562689647
0.5030311357
0.08789047315
-0.774711892
-0.4196316198
-0.2492917143
-0.3589727931
0.04503091499
-0.1468109449
0.1841146633
-0.8893807054
0.1605053112
0.8375343114
0.4359780297
0.05291294851
-0.656597665
-0.4168671876
-0.3278261572
0.1640567588
-0.7255417109
0.8561251655
-0.4514256045
-0.1414001722
-0.113861411
1.866838062
-0.6715809345
-0.1862026434
-0.3546486229
-0.4736813739
-0.6288014397
0.02418986526
-0.5155471444
0.3153634558
-0.7869721711
-0.4499438286
0.2790648337
-0.2631365277
-0.486337737
-0.7389901936
0.3096502505
-0.1142513646
0.3033577184
-0.8798684001
-0.7045436114
1.491961271
0.001492849179
-0.1344008379
0.6854915082
-0.813278988
-0.1031156417
-0.5816644892
0.549247355
-0.6244331717
0.2824561771
3.28291862
-0.3651252829
0.7306197859
-0.6140836209
0.1790077808
-0.2311714318
0.7819770992
-0.5988086835
0.593340376
-0.1424040135
0.02715542521
1.906227589
0.3057019209
0.5767783396
0.4863456681
0.5974032173
1.326228121
0.04223894463
-0.4577421412
-0.2741823062
-0.005919845775
-0.6851216748
0.07319702748
-0.2786317654
1.105903961
-0.4502439886
2.081160611
0.39872394
0.05885392977
-0.3356008917
-0.4550761983
0.1339712283
-0.3427278906
1.077231884
-0.281948147
-0.3753264144
0.3760504225
0.510786622
-0.4936587647
-0.02544394322
0.3167129467
-0.1352896493
-0.2322657898
0.4169662848
1.156348391
-0.751393947
0.03032674091
0.5449259013
0.2207500191
0.8635087013
0.9352683887
1.515760252
0.01018711496
-0.571344021
-0.1609912898
-0.7368075728
0.600651738
-0.5698007792
-0.879208988
-0.5563986257
0.2388413299
0.4279227056
-0.7347229868
-0.414246662
0.2383866854
-0.5669542879
0.1157079995
-0.4963534877
-0.5415921673
1.07881389
-0.3151662983
-0.5658477202
4.898071051
-0.2650157887
-0.5492424384
-0.7269119382
-0.6317806423
0.2925290728
-0.7925497442
0.1039344857
1.644400012
-0.5591895282
0.03223691322
-0.1730420157
-0.4290453866
1.054307181
0.6366501614
0.06763723269
0.6505651951
0.2447379819
0.1075122299
-0.8162104547
0.7216559872
-0.3560261086
0.9257567555
0.073127327
0.5368053451
-0.7588617444
2.135289782
1.212441489
-0.05381713877
-0.1037490908
-0.6626302451
-0.3946233138
0.0337403642
0.3854191121
-0.6003037557
-0.7848124593
0.2641044286
0.9869920276
1.657091063
1.097706403
-0.4220076472
0.08259135112
0.2231891525
-0.924111107
-0.4888346687
1.117190242
-0.8464475513
-0.7008132875
-0.7661660135
0.3295127597
-0.01877459544
-0.7889570326
-0.3972719133
-0.3900014475
0.1704939479
-0.5680831105
-0.1001464357
-0.6177949935
-0.5194220737
-0.1413172781
0.8309870265
-0.6966515303
-0.2672686532
0.7554671381
-0.09351593368
-0.1600614637
-0.3603081327
-0.5256337404
0.06197984358
1.663730443
1.375289968
0.7255665869
2.007826525
-0.6276668966
-0.3501011193
-0.2962949894
0.1326332373
-0.2014296336
2.918964338
-0.1162341278
1.195756403
0.4172311231
0.325463002
-0.4829189315
1.111309686
-0.3261776097
-0.5545735776
-0.3643409438
-0.3228908375
-0.7071444035
-0.02949271877
0.3327628283
-0.7073266029
-0.4374115512
0.5338969201
0.2450336528
0.3426091194
1.196398655
-0.2052289661
0.4418528832
0.3957678035
1.140229756
0.04607791067
-0.06681438275
-0.2685385182
-0.2600058105
-0.3429363884
-0.4681498274
-0.227067095
-0.4369481996
-0.273174952
0.1059135002
0.7363138616
-0.4938230127
0.140210291
-0.1259441528
-0.4338999093
-0.3201675914
0.5857347704
0.02521328852
0.6017480463
0.9699227065
1.006547862
-0.02038808716
2.371900445
-0.5903750718
2.062989962
-0.08189773615
1.187287962
-0.5745773926
-0.4560965881
-0.3985858098
0.0950543189
0.3238555577
1.502884912
2.223188696
2.252585065
1.009030703
1.378001496
0.1759406166
1.014349729
-0.02684212336
1.073213574
0.0891908491
1.331926996
2.605353296
0.6099586576
1.769862989
3.067059487
-0.4732220605
3.1136374
-0.09874945022
-0.4788029686
-0.7370567113
-0.3786140949
-0.4295334876
1.627042484
0.9528244928
-0.4924114034
1.772700751
-0.3539516479
-0.7883451164
1.074318808
0.6341909528
1.071956566
0.9150492996
1.06556609
0.004747548234
1.319125265
0.8128139049
-0.2729700208
-0.2130689681
-0.6138563871
-0.9108462334
-0.5279898196
-0.5154870138
-0.5181650311
1.245793456
0.03510754351
-0.4940852404
0.3349686129
0.05253723897
-0.1064524515
0.3758242276
0.4357767537
1.872717145
0.8607212096
2.538272917
1.893642539
-0.6713173091
0.05350182485
-0.3269056134
-0.4392633252
-0.5838562444
-0.3561770111
1.438610303
-0.3090941511
0.4530363582
0.6190111324
0.2585732237
-0.04604556877
-0.5477828667
-0.5600579008
-0.5672217086
-0.4828527093
-0.06648111916
-0.02239615889
-0.3959616438
-0.8464770168
3.711961234
-0.5067202345
1.856836957
-0.3474744856
0.09463618472
0.3643170877
0.6402227834
-0.1431727007
-0.1698763266
-0.2374404687
0.7165839657
0.07025780799
-0.2512960223
0.6278720215
0.09914552541
0.5064167254
0.2550556333
-0.1822467562
0.7338842675
0.01062813522
0.2648626447
0.07431888077
-0.08113983455
-0.1474366069
-0.3850607976
0.4120889131
-0.1649402261
-0.2231657494
-0.08549549934
-0.3093765996
1.420157853
0.7230725303
0.1872906785
1.444560009
-0.4691992223
0.2948021134
0.04258537237
0.40345091
-0.3454251483
0.6989791468
-0.2809558671
2.495298761
0.5950046882
0.3092857454
2.768845713
1.80132926
1.442904212
1.004479052
0.4544916153
0.03910301886
0.2529522898
0.2739386294
1.612094793
-0.5245341942
-0.6994412094
-0.1242098371
0.2821620163
0.6769754805
0.2842080604
1.193250087
0.2099355642
0.3220231742
1.395004545
1.209869477
-0.09881302677
-0.4854889557
-0.4413624331
-0.262933512
-0.3480152175
3.530628777
-0.5749273136
0.08182900818
0.7217835769
-0.6217258334
0.7939189479
0.09625286814
-0.4068995729
-0.08025747593
-0.6403733283
-0.3687204026
-0.2034498751
-0.4500507146
-0.3313901864
0.1505295278
0.9971441031
2.088444173
-0.5685839534
-0.04601350529
-0.06948969513
0.1341994941
2.634436029
-0.5483710542
0.0286037745
0.1751271197
-0.02069600911
0.7122443512
1.106329521
-0.01488136668
0.3219121994
0.1469327264
-0.4147506639
1.775413834
0.333807721
-0.5034154102
-0.6271189049
0.0870407097
0.2073686389
-0.3986552641
-0.2814791106
0.2002162068
-0.567352955
0.426049491
0.02046672739
1.053090309
-0.3682463571
0.1016410058
-0.4641682684
2.050028908
0.2232952997
1.746236628
0.05977239925
-0.4157598637
-0.594505015
-0.4197486058
-0.1393845262
2.168499678
0.1002428542
-0.3353487968
-0.1364326417
0.1614375618
0.1192120736
-0.2530562952
0.07279017784
0.8820858546
0.40138385
-0.2047782186
-0.5154050171
-0.8420859307
-0.782442677
-0.6915593565
-0.141560499
-0.742927292
0.1755109942
0.9822172433
1.104739788
1.252324995
-0.4725718215
0.05239755302
1.26147795
0.4658154394
-0.4767487504
0.7861618534
0.1676057661
-0.3061826035
-0.1507561665
-0.461027658
-0.9098887622
0.3534527604
-0.7619867206
0.09249204705
-0.7583175004
-0.75678083
0.6587127693
-0.64762844
-0.3624749288
-0.2720540918
-0.215459048
0.7804457769
-0.4638579503
0.2389912832
0.3137653462
-0.07301256731
0.6380014583
0.4812848166
0.1495515606
0.9716358006
0.1266751043
-0.4412709743
1.461698633
-0.2448739715
1.650424719
-0.6408132493
0.6680435583
1.931681764
-0.2470228944
2.498176831
0.462400463
1.631377186
-0.3782606766
1.67787537
-0.1157962922
0.7625197634
-0.4315461576
2.632897729
-0.765677914
-0.1797970217
-0.006844949815
0.03769257851
0.1476150868
-0.1560500804
1.01508444
0.04482779354
0.7047826886
2.344715977
0.941953671
-0.02229779735
2.876164865
1.444298923
1.962283957
1.099470235
0.1906431068
-0.5088090345
-0.3602314308
-0.5388718933
1.024101749
0.2642702811
0.2892658724
0.648131416
-0.637828356
0.7048322871
1.540091035
0.7175873637
-0.6100160763
0.5828464918
-0.3809222832
0.2934050098
0.04274500962
-0.09394447058
2.067929584
-0.4753273949
2.832291967
-0.66610502
-0.4332912363
-0.4427785486
-0.5243383378
-0.8704801023
-0.6444151342
-0.327344434
-0.6346765459
-0.3572854042
0.194161793
-0.5318150893
1.258423027
0.1450050103
0.6998543411
-0.1614759125
1.943603823
-0.3951815307
1.548253274
-0.1036146821
0.8203991972
-0.2141817421
0.05220708214
-0.2022285691
-0.2801860712
1.005189495
0.3812716935
-0.2163488928
-0.09686897043
-0.3491789885
1.081995597
-0.4763685741
-0.1331447016
0.7014393732
-0.5471919626
-0.810466665
-0.6860644042
1.04221212
0.02604703708
0.8905806988
0.05759050199
0.4509303391
0.3468326662
0.08727063498
-0.4965673506
1.587513477
-0.4134931505
-0.4405403443
-0.6049007535
0.07506493172
0.6224366087
0.06089659347
-0.07468857132
-0.9289005369
0.6370332003
-0.2431380244
-0.7845921725
-0.2783310518
-0.4698099054
-0.4486582056
0.5582068041
-0.4342170462
-0.3442024209
-0.6803551883
-0.2638519686
0.002536878921
-0.4425498858
0.211740274
-0.7439506799
0.2016607748
-0.335831546
-0.7958804309
-0.3586562514
-0.2185491309
-0.8594058603
-0.07725518225
-0.2010990735
-0.03355923612
-0.6863805234
0.2559558935
-0.294569543
0.2224443958
-0.1178577088
-0.9677096486
0.1185344015
-0.5172202826
-0.3039001055
-0.2843647778
-0.1654468905
-0.3000902213
1.078941727
1.369147867
1.213960913
0.02698439024
-0.3200873263
-0.4658473521
-0.8706368089
-0.2236107804
-0.4830993474
2.235605931
0.03961017635
-0.03784550987
2.231450093
-0.1956989577
1.353361708
0.1496554906
-0.05450669173
0.4257914275
0.244190341
-0.439171204
0.1098172158
0.5030302428
-0.176973729
1.731838095
0.4198419418
0.7992745146
0.9124254316
-0.8247787446
-0.370652099
-0.2000124019
0.3457333581
1.118099307
1.151447582
-0.3918011248
0.7955143034
-0.6018795371
0.1367280689
-0.1239642862
-0.5861009821
-0.7291612357
0.5705531791
0.01675868724
-0.3630755305
-0.537932919
0.07132407846
-0.3092059486
1.265594411
0.2163715614
0.795169574
0.2180978289
1.14997769
0.03997298267
0.7818274722
-0.6280806273
-0.3375474855
-0.4733112365
-0.4187415048
-0.2291600414
-0.05723619554
2.794272459
0.2875378009
1.29039299
1.545114666
-0.2414941367
-0.09063927904
-0.002405139804
-0.2250279397
-0.169655183
0.217663778
-0.4343876153
-0.09134796187
0.1290591465
0.1931749207
-0.2954100601
0.3088647353
1.512173453
-0.2867951229
0.2245835926
0.4415894628
2.899345469
-0.05346408244
-0.05936733168
-0.3438778877
0.403865578
0.09073168584
-0.05280685453
-0.1258530861
-0.5279847503
-0.6677584112
0.6418646187
-0.211727256
-0.4912972644
-0.4775075451
0.4492511254
-0.1957028163
0.5047757894
0.07853901612
0.2440718841
0.7245885417
0.2382013485
0.6454133242
-0.05009706905
1.635366333
1.698649669
0.6252698004
-0.6703013659
1.962425429
0.4748449191
0.1138451071
-0.1220513543
-0.6488138855
-0.3117918521
-0.04491761541
0.1298115051
0.3686275933
-0.2859900817
1.900134003
-0.2888883248
1.767927691
-0.5005767033
-0.3333609086
-0.7018564135
-0.205789689
0.7757355601
1.04796183
-0.5253018066
1.464717525
0.1415669486
-0.3790578544
0.6654192939
0.1930810374
-0.5265949652
0.803535372
0.2470712842
0.08122117831
-0.05834979825
1.550799322
1.937908512
-0.5419191331
-0.1318410564
-0.1846137226
-0.4034114316
-0.5465945899
-0.1915851839
0.3134441298
0.2724715034
1.138421541
1.366975662
0.9360258132
-0.03176744264
0.531504041
-0.2309484262
-0.2562111486
-0.1366081605
-0.3728914633
2.161386943
0.2666036045
-0.3691509679
-0.7250912935
0.7580916971
-0.1364359915
0.09568962269
0.03651459357
-0.404870747
-0.4464520574
-0.07557119615
-0.2892252602
1.553850299
0.001335006021
0.02505057696
2.145405936
-0.7342656553
0.5444913499
-0.4718142852
-0.4345965385
-0.7240007371
-0.08755394309
0.2175225951
-0.3527414575
0.149390687
0.5993755564
0.2684208514
-0.09366242439
-0.4440234125
0.05277585573
-0.3255676135
0.1158711033
2.320859212
0.7794275694
1.563496435
2.211427963
-0.05064641302
0.5401617061
-0.3250533614
0.3387630746
-0.1317027269
0.2229711626
0.4546187826
0.05207627553
0.8929522797
2.362935114
0.1300967847
0.6736420855
2.21203782
0.6471176848
1.285457817
-0.1323434491
-0.4709479034
-0.3626330502
-0.119955883
0.6958302416
0.2321740011
3.692627257
1.046553917
-0.2313848265
0.2382328445
0.2648734942
0.03428107637
0.2297293192
1.413093409
-0.06327254698
0.1912998764
0.7428140767
1.213470307
0.7127693057
0.3213757019
0.08736355258
2.861216164
0.932677564
0.7513403565
0.2462566238
