-0.3548914306
-0.4621651441
-0.07665592069
-0.5260799713
-0.4338012934
-0.846169734
-0.2977373153
-0.7076571614
-0.4299051832
-0.9382677495
-0.05860547014
-0.6019216523
1.051383492
-0.446337384
0.1519560248
-0.5865292586
-0.1059129077
0.3695539637
0.7240909517
1.900395793
-0.3517139176
-0.6388352305
0.02292821479
0.07979066903
0.1874533248
-0.1556216231
0.3247565765
1.828387928
-0.8852754354
-0.9532497197
0.4856534809
0.6062905479
0.2088406652
-0.189970392
-1.149928379
-0.2821108766
-0.62471589
-0.2643204834
-0.2163704204
0.06566464473
-0.7139632136
-0.04125838447
-0.8756014347
-0.565589577
-0.1627967915
0.1675970423
0.5245748721
1.031688267
-0.3982640587
-0.224062602
0.2809240699
1.094360393
-0.2246520338
0.005889989808
-0.7042106479
-0.9224918932
0.4437551528
-0.7286108434
-0.3557325214
-0.5102891445
0.8719076782
0.591814433
2.2757635
-0.5834481344
-0.02955983621
0.3985337265
0.4491050445
-0.2110226637
-0.6905945152
0.1685636457
-0.4129788794
-0.5104830317
1.757039291
-0.282180196
0.3333057197
-0.4071958922
0.1403350897
-0.3169954576
-0.1669644078
2.429838866
-0.6766777039
-0.0603384167
0.349652195
-0.1350873712
-0.1723541334
-0.1169984029
-0.2915615458
0.5074962869
-0.1290647683
1.395341811
0.08461462851
1.782924315
0.8001399413
2.790956753
2.378116834
-0.5990171403
1.689682356
-0.1114917815
-0.35103871
2.810007471
0.36615124
-0.1751877576
-0.5968958065
-0.6467100516
0.6865975007
-0.0394207417
-0.5749305889
-0.09398234705
-0.1635479419
-0.4616767272
-0.1939750612
1.561703375
2.605454034
1.465918303
-0.2766315103
0.1503385085
-0.524644798
0.2720504081
-0.753972134
-0.3353003688
-0.8645770997
-0.8705463171
-0.6433845907
-0.6133683294
-0.7716989577
0.7303361997
-0.3160067558
0.3268733233
1.23219288
-0.8535061777
1.599917349
-0.7735092416
-0.3373236865
-0.4202988222
0.01858373815
0.4057267949
-0.4874050587
-0.6554093435
0.460842659
-0.6641860545
-0.1380598813
0.1578096945
-0.5109686121
-0.2621712476
0.2752874181
1.034085211
-0.6531145319
-0.2755621247
-0.197977679
0.2907536707
-0.673838529
0.05553231291
-0.4610072106
-0.5035142601
-0.4428560071
-0.8440852404
-0.6728139788
1.070468587
-0.3842693701
-0.3480841592
-0.9296307415
0.9240964629
-0.2980222657
0.2821904419
-0.9513660699
-0.1124082752
0.1189700439
-0.3321259856
0.4777337268
-0.5748878598
-0.5523157522
-0.8865508556
-0.6820374385
0.06404325943
0.8097578086
-0.5064555421
0.9339717776
-0.5896029398
-0.3023193274
-0.4180164963
-0.4993791789
-0.3278764106
-0.4263297379
-0.3531837106
0.2486897097
-0.3036212459
-0.4915978611
2.884997523
0.3219495099
-0.2266616993
-0.2681224458
-0.6228567004
2.010146856
1.001223254
-0.6503320366
0.5788022652
-0.4206198022
0.4207351811
-0.6509542301
-0.3576426074
-0.8089709014
-0.6560843199
-0.721997343
-0.6555369705
-0.802848193
-0.6068672121
0.8279708639
-0.191340287
-0.7908349305
-0.08773512654
-0.6133731321
-0.2300207883
-0.08492902294
-0.7295482278
-0.709438163
1.487125456
1.447803771
-0.4049367167
-0.467176044
-0.2748407006
0.2917329157
0.09969661133
-0.3783363253
0.8536105618
-0.7025710702
0.1987351457
-0.9291601092
1.000241989
-0.2799611624
0.3202131526
0.5978245154
-0.557020022
0.1924842597
-0.1609949805
0.005903051794
1.557942832
-0.05021668375
0.8068227023
0.0444778481
-0.3002304923
1.043761671
0.08154012272
-0.6501815259
-0.2716988782
-0.9141321808
-0.1756429393
-0.1800105993
-0.05453837831
0.9820364118
0.09816471497
-0.1550457276
-0.3576841407
-0.7347532928
-0.7241448134
-0.2054111646
0.1237716969
1.459368002
0.1935123384
-0.6281532794
-0.2003261171
0.2638707692
0.9653303236
0.5632628217
0.6444628865
-0.02501842678
0.03619613294
-0.7261417955
-0.7919875354
-0.4858499244
-0.341664207
0.2032848101
-0.6675928876
0.2890717592
-0.1395303424
-0.785629335
-0.1040522452
-0.4653793283
-0.3808876693
0.6425822258
-0.3627323322
-0.4241109915
0.5539339058
0.6987198845
0.05875084512
0.6482665375
-0.02371494914
0.7005749822
-0.6544996157
-0.5156341821
1.564952007
-0.6619108051
-0.06053568125
-0.7087206379
-0.4993171602
-0.5958979622
0.9337898374
-0.6057503566
-0.4738416806
-0.3364768436
-0.5095896214
1.631408864
1.166075683
-0.2345777785
-0.5020547181
-0.2361252505
-0.5495150611
-0.5960712552
0.1485116798
0.4468406264
2.217399925
0.6281471044
0.4697162829
0.5005041264
-0.643787542
-0.3319827769
-0.5821255475
-0.7992622584
0.9232912868
0.6287431926
0.2614944469
0.1551476426
0.01170383831
-0.09670112953
-0.04645487275
-0.1071422668
-0.5305529758
-0.1222562804
-0.5658894047
-0.198182689
-0.4458123252
-0.862229991
-0.5527188152
-0.042685067
-0.7076294482
-0.2278150927
-0.7645849228
0.1655105144
3.406105053
0.1366765698
0.612453869
1.984379214
-0.5998950437
0.5748821259
-0.3289338931
0.2721522681
1.690715164
-0.05299056945
1.038060364
-0.246778986
0.6604638427
0.2878337979
-0.4116545901
-0.7141544312
-0.5272846401
-0.8704912335
0.7130560771
-0.8799685568
1.384823722
-0.376994947
0.3794410456
1.084603521
0.05044968175
-0.4359345324
-0.1530319361
-0.2475504268
-0.825627622
0.1898498039
-0.5389473945
-0.1615921637
-0.077673495
-0.4657988943
0.6165698394
-0.6685310543
0.9680768326
-0.2745581813
-0.2241088126
0.2215613175
-0.6827335864
-0.5587057032
-0.6056180805
0.4701868676
-0.2251180377
0.149746816
0.0382454915
-0.5613966048
0.01281363186
-0.02027103798
-0.7455988705
-0.5442330733
-0.4074108899
-0.6575169891
-0.996069026
-0.544742839
-0.2523410916
-0.380496975
-0.9723326325
-0.06194500951
0.06219662279
0.1052744422
-0.9919323504
-0.3196606753
-0.3753229924
-0.1569476338
-0.7385423481
-0.4921892516
0.2373605242
2.642350483
1.342266732
-0.3105256028
-0.6108996138
-0.09160745312
-0.6407557249
0.2710749847
-0.1459392115
1.685421127
1.012519467
-0.7701210916
0.3826752797
-0.09241353469
0.3841386274
0.511213582
-0.4278533667
0.05767760407
-0.1161252479
1.196364561
0.1463775182
-0.6440644473
-0.03758773394
-0.5717540547
0.8907248557
1.676708493
-0.1307795689
-0.1395884413
0.2599644409
-0.2088229127
0.2633023459
-0.4830845177
-0.9016956478
-0.06389800124
0.6283512264
-0.2649704933
1.747501391
-0.5623732276
3.621604955
-0.5083785504
-0.6500792518
-0.3176909886
-0.3271285571
-0.7699930117
-0.3879211972
0.9725361019
-0.06552193235
0.238569081
2.464847904
-0.569116801
0.03308160221
0.9305990279
-0.5950190291
0.1638546987
-0.4244537175
0.01667626686
1.840956229
1.293740857
-0.03183915857
-0.01747833863
0.558730422
0.6312421754
-0.3671573274
0.5083028674
1.120749989
-0.2337626662
1.163028041
0.6067228779
1.175574851
-0.2143149685
-0.1613035844
0.2251068708
0.1453637538
1.686811331
-0.7985014886
-0.527232343
-0.0004172950983
0.3881498298
-0.525034292
0.7451296374
0.2260832343
-0.1053794445
-0.454866223
-0.8431815296
-0.4810959019
1.455835301
-0.4936648995
0.2866093154
0.2682407956
-0.3813625261
-0.3041521069
1.935248417
-0.6762434274
-0.1577864892
-0.2946083792
1.516638899
-0.6537524909
-0.5470447749
-0.3402837344
0.4777205758
-0.518504291
-0.8397042662
2.191161126
-0.3046587251
1.846574324
0.06944819875
1.118345925
2.066654336
2.573278236
0.2314237926
-0.3181539059
0.05887456071
-0.09576283023
-0.6744852677
0.800878346
-0.5487130277
0.9094766378
0.4960013071
0.1558334135
0.9978999794
-0.7657065809
-0.097334198
0.08509463193
0.04881845228
0.04303190103
0.4302262783
-0.6441950232
0.1320669581
-0.3397680402
0.2503541052
1.838194382
0.6265457667
0.01350873709
0.3729531564
0.5406286448
1.69160271
-0.1149544995
2.202372035
-0.2548340328
1.019519439
-0.1391452265
-0.6074727133
-0.6117669493
1.583348697
0.6585975885
-0.08745489842
0.1980360772
0.2271889164
0.3924741641
-0.06332046976
-0.369121545
1.432451576
0.7831946909
-0.8690289617
0.7369205639
0.219751302
-0.5764707446
0.1562534234
-0.1872119538
-0.2840781271
-0.4634464905
2.011807621
0.1296523117
1.641286007
0.1755537398
0.2366574951
0.6331079632
3.85553993
0.4093605835
0.8041964903
0.4506606489
0.9028103381
1.718989816
2.159679687
1.224653235
-0.2713444972
-0.04719438516
2.348283714
-0.2108231559
0.3432318367
0.4582227882
-0.1737989616
0.8433517277
1.946428978
1.601143777
-0.2529690497
-0.5888016835
0.772415024
0.6416130923
0.3299840454
0.2885890017
1.448516214
0.2293093726
-0.2894328758
0.7200358883
-0.3459718369
-0.5957716405
0.2000604196
-0.5160221025
0.004776013643
1.192472708
-0.2514380613
-0.07096521165
0.3638203669
0.009979111492
2.002200478
1.853593862
1.752141696
0.5233896479
1.73362624
3.010549212
0.4018829092
2.070820799
1.556002858
0.05325060282
0.4103760496
-0.07046676488
1.1763937
1.426837397
0.2403042497
0.7684976161
0.3126704483
-0.09518107781
-0.7147746623
1.336375403
-0.1078905487
1.806605798
0.08195797475
-0.1212351356
1.119133848
0.8307305247
-0.07926493348
-0.5075720944
-0.4980964743
-0.6020512953
-0.4982592866
0.0517238169
0.3857684223
-0.09082680233
-0.2294102691
-0.0213589671
3.17269156
-0.05449336765
4.102851856
-0.00359923729
0.01922674142
-0.401232329
2.883551693
0.3823285836
2.234948945
0.638591145
-0.07138593178
-0.192724569
0.3732941618
-0.4178101376
-0.2884553112
0.1629565197
-0.003563741082
-0.1799631391
0.108506228
-0.3782645009
-0.9244232088
-0.6934284359
-0.296534019
0.3596983342
0.1253968299
-0.5824554458
0.1184612372
-0.4079069793
-0.5265719324
-0.7532784253
-0.4141536918
-0.4341224097
-0.1889712246
-0.1384052011
-0.6896042593
0.888377732
-0.6291733176
0.4044986993
0.6620409669
0.3404843144
-0.3460021697
-0.6899438545
-0.0842367338
2.190112191
-0.1290982179
0.2152362918
-0.5989672787
-0.05824804148
0.5538749024
0.3633020414
-0.638689284
1.027529317
-0.3428119805
-0.2897169359
0.9241861969
1.466300762
-0.08721684255
-0.4061675787
0.05141740758
0.6193043828
0.8557505161
0.5992280915
0.5231087498
-0.1134407008
0.4395194501
0.3461378146
0.2470013252
-0.07658936828
0.9239602953
2.771061385
0.01134401392
0.03711992041
1.985496828
0.441839404
-0.3259103
1.075655973
3.184138632
0.7801125437
0.8539809719
-0.6759062409
-0.2380719196
-0.05131686507
0.7794378698
0.3825125165
0.2489851112
2.356822288
-0.04054870196
-0.6768203795
-0.3150063813
0.110134211
3.990222335
-0.2042512052
-0.1894289829
1.809483945
0.4340100907
1.455308741
0.8357092477
0.6320853561
1.016115329
-0.08342255428
0.1682580684
0.8367361441
2.00035179
0.1729916234
0.1590953365
-0.1879846152
2.113174331
0.9899641976
-0.1869803732
0.5583591096
-0.3738175891
1.474476838
-0.1388595508
0.7185380012
1.674502003
1.204272902
0.9704817146
-0.03032439407
-0.1543259099
-0.657434167
-0.5556034252
-0.386078348
-0.01537955045
0.4213531308
-0.2827762552
0.906108436
-0.1102946106
0.00651315162
0.01329532135
1.346068907
-0.2798443459
-0.1877010215
-0.07032378763
0.6104749575
0.7131159082
0.0460385751
0.05036940025
-0.25925171
-0.01083341073
-0.234112131
-0.05841035675
0.7515438586
0.06354336971
0.05017416794
-0.7576456308
0.1164043
-0.019536475
1.495380658
0.2245030255
1.227814969
0.3424285691
0.04836793398
0.3277748641
0.5564237662
-0.03185289698
-0.7662240028
0.02897974285
-0.2340224313
-0.658752951
-0.3339989059
0.9009535074
2.230293339
-0.1619978156
-0.7575536996
-0.1715613992
-0.5860908993
-0.0957935825
-0.5616162397
-0.1560351823
-0.6648136258
-0.3154691972
0.0355393549
-0.3702481329
-0.3113111384
1.258705154
-0.4850619733
0.3154968512
0.1839126183
-0.2895865001
-0.1445906535
-0.1275923327
-0.4461305052
-0.1416527897
-0.7928847075
0.03843364082
0.4682160303
-0.4622921184
0.2321562743
-0.6321439147
-0.5637451187
-0.7345393628
-0.3507365696
-0.1769589668
0.8289326087
-0.02330940608
-0.07623250056
0.2116171462
0.02533203061
-0.2827037547
-0.1038980151
0.4752502583
-0.6656913817
-0.1740562932
-0.6784417495
0.6909586132
0.03587513128
-0.563614504
-0.3620103166
1.569917634
-0.09893157706
-0.5853610769
-0.3585716374
0.734677802
-0.4085118689
0.8418932796
0.6208217621
-0.04645479354
0.2337434368
-0.2588731576
0.0346920535
-0.2557018757
-0.356784042
-0.5933419645
-0.4921996117
-0.04437089283
0.08053810894
1.711354643
0.5170752868
0.2985750116
-0.4216724142
2.160378861
0.3375713728
1.424278653
-0.4575040147
0.06498549497
0.6318269685
-0.2294471881
-0.8207700461
0.172245458
0.6515063658
0.1241771353
-0.6076989621
-0.6793944657
-0.7030184373
0.07120381482
-0.06220695972
-0.04851783905
0.766318655
0.388171127
0.1018125539
1.226040554
0.827720324
0.3610530771
0.4804288849
0.01013157684
0.9829858631
-0.2560038399
0.6993320301
0.3601715506
0.5912500009
-0.8526317626
-0.6195599586
0.9623856902
-0.4503255188
-0.5960319653
0.4579728611
-0.7266720533
0.4222606987
-0.2422998689
0.7814609304
-0.6546147168
-0.09456110261
1.273662645
-0.3545157611
1.41121287
-0.4632211484
-0.06863690619
-0.2210635141
-0.6308674529
-0.5954872966
-0.5166263565
-0.3811317459
-0.06405822379
2.160288179
1.255505145
-0.2078182159
1.569520023
2.644862795
-0.2511798728
0.8628422849
-0.008309189882
0.9694545954
-0.1122416307
1.311664647
0.2855600247
0.7826825693
1.633892931
-0.1991725167
-0.2387621216
-0.4075663328
-0.09307280348
0.07990541942
-0.006586482539
-0.6380485594
-0.00190754598
0.5877718717
-0.7265950888
-0.8288080722
0.6772119597
0.118847801
-0.07522483952
-0.01692357212
-0.436890845
-0.07834069654
-0.296265306
-0.1451840073
0.05366243934
-0.7464120001
-0.3554419801
0.9983843595
0.2816649116
-0.06007082909
1.347112834
2.159556884
-0.589686133
-0.5719689809
-0.7777164459
0.4108295634
-0.3844522327
-0.6645182401
0.8440267712
-0.1154865853
-0.8635318458
-0.4018125169
-0.7210573405
-0.4422814921
2.794770169
-0.2580311803
-0.5872193724
-0.1998819716
-0.4540681109
-0.6193312228
-0.6595387429
0.02631167283
0.06558501087
-0.5158965982
0.7246020414
-0.6875695497
0.9826797903
-0.4087054983
-0.8032082587
-0.5345685922
-0.1918217611
0.6746102422
-0.5922833562
-0.3528643981
0.04104970116
2.290138245
0.01992767425
-0.8368778467
-0.4833842643
-0.6208272487
-0.7748548552
-0.4252827428
-0.7863279849
-0.7111943364
0.07720618658
2.238250595
-0.5142953157
3.236619365
-0.1656052258
-0.007539189793
1.402848458
-0.7678441733
0.2988157047
-0.5845320597
2.279750216
1.673122382
-0.3460351892
-0.2292024679
0.5069163136
0.1904679883
-0.1435797129
-0.2120141257
0.4406334117
0.405859904
-0.3656070296
-0.6995435268
-0.06757992404
-0.05545735788
1.207563537
-0.1512058676
0.4370608963
-0.2349484285
0.006957840174
-0.02064790279
0.8956048459
-0.2597305914
-0.04925279729
-0.1570789546
0.5486811303
-0.2591168549
1.744594342
2.227526182
-0.02511407211
-0.2666879769
-0.1854915908
0.04572176039
-0.119241303
0.4529949181
0.2964125356
-0.277945854
0.1761533036
-0.3987774715
-0.0779794449
1.237065551
3.209062505
1.273435149
-0.219975798
0.2418259138
0.5834576033
-0.4577081591
1.568594223
0.4731547328
0.3948280856
0.9704404563
1.131498237
1.279797449
2.004491317
2.30451414
0.1987465
-0.09868643731
0.831784606
-0.1310117226
1.99603247
-0.3765288778
0.9344644696
1.34803285
2.091779989
-0.3866151437
0.8056676522
-0.1636348074
0.09503877186
-0.04567739088
-0.3082471579
0.2329169712
-0.5938297316
1.344114712
-0.3523080103
-0.1122847229
-0.6176807612
-0.7344962656
0.003000919055
-0.1935378768
-0.2011332758
-0.2485469882
0.2680693786
0.3835794903
0.3737933373
0.04627673207
1.109847561
0.1629778925
0.140370828
0.5962013751
0.4153079394
1.825398242
0.4724361941
-0.3180756278
-0.1196660059
1.39847151
-0.6549713179
-0.3724867616
-0.5527196392
0.0642089108
0.2499062054
0.7129513934
0.982621415
0.8324827716
-0.2415403478
-0.3120507907
0.07674584761
-0.3350781918
1.427068546
1.548940402
0.2781116379
0.03097460214
-0.2185033001
0.6519633144
0.4192449525
0.3819567726
-0.1118630284
-0.1191323757
-0.4136013644
0.5300397947
-0.1594586529
0.8375517428
-0.6044731185
-0.4493875735
0.3203416716
-0.2905154556
0.1787743304
1.995576429
0.03859365024
1.028645876
1.35846087
1.751316005
-0.05978794731
0.7290103197
-0.1495975344
1.519824842
-0.5026878782
-0.5890714049
-0.186922407
0.5059137814
0.8981030554
0.3769526109
0.459924411
-0.6916540191
-0.8448072582
-0.4110323653
0.01348469183
1.983470589
-0.2844929647
-0.006494479161
-0.3510585532
-0.04775994895
-0.779935205
-0.04744428042
-0.1118739475
0.3765067235
-0.3221948706
0.1369685767
0.01089714542
-0.4643305108
-0.3545612462
0.4164370555
0.1960744389
0.8098175205
-0.47164758
-0.06024627145
-0.5150434971
0.3617004901
0.8188931815
-0.1315767763
-0.3433351152
-0.3326588348
-0.2590810023
2.547798723
-0.401857803
1.17369274
1.086785577
2.324227673
1.762272316
0.8330894917
1.352097449
1.548365518
2.246791077
-0.06583239585
-0.5225925446
-0.2517694347
-0.2227286546
0.2741487915
-0.7814619124
0.4326180458
-0.393083179
-0.03798024934
0.5115104059
-0.1092844507
0.2274290921
-0.37257571
-0.2911934709
-0.5634898424
-0.4917030588
-0.2595762685
0.3052788813
0.5248481832
-0.2714375908
-0.4429428212
0.1073729442
0.27854634
2.756388009
-0.2300235163
0.5636216171
1.127407759
0.5226078419
0.7838875428
-0.2123719018
-0.4938838586
-0.101641904
-0.646584256
0.9708845168
1.254397294
0.0498497529
0.1605824751
0.05698175421
0.4332972415
-0.674767676
-0.6731586576
0.2725933846
-0.5109194636
-0.05944326026
1.452605839
-0.8460322648
-0.02104401439
0.9207219884
-0.5988931403
-0.1334427426
0.7198839158
0.807309258
0.07253282152
0.08129236354
-0.3708849192
3.043468827
-0.4406897619
-0.5547409713
2.14024201
-0.7020321935
0.4633073092
-0.4877865344
-0.6038045168
-0.413240321
0.1081541311
-0.4072219431
-0.4957557693
-0.02674825806
-0.03736876529
-0.02450991832
-0.2455840085
1.232444161
-0.2137862448
-0.397841678
-0.04873832632
-0.2348410092
2.123523179
2.02285127
0.4293780397
1.224699411
-0.7841878325
2.719894314
0.01836262532
0.8785242915
2.164664578
-0.2796187837
0.4122462112
0.0170133661
-0.6031469762
-0.5921413824
-0.3917746742
3.025100601
-0.1003674425
-0.2770527698
-0.4562494159
1.460634224
-0.590049541
-0.111857081
-0.08927698908
-0.4852703467
-0.1672244284
0.0906305382
-0.09632463809
-0.7136993617
0.2506107733
-0.01786805573
-0.4052155733
-0.4980673686
0.2091773413
-0.3960894465
1.438695279
0.3903202131
0.08701135996
-0.02150521465
-0.6520311415
0.2027831648
-0.1766227901
1.786852521
-0.7865582407
-0.9664617985
-0.7887705356
0.04559927387
-0.1566985963
0.2020523003
0.5104497992
0.789236626
-0.5742359489
-0.6363620549
-0.5118737802
-0.8974294633
-0.06470239032
0.08042385275
-0.3471883528
0.004814858409
-0.3644856423
-0.7061497152
-0.417467767
-0.2512734396
0.054171775
0.1735558004
-0.0819594224
-0.2087238133
-0.2257991874
-0.5589535683
0.003122796863
-0.7314396501
-0.2857809909
2.461918771
1.118607754
1.754116192
-0.1929388497
-0.1625835728
-0.5313602954
-0.3171561956
-0.5841346368
0.03738441956
-0.05756917438
1.999849281
0.1274852319
-0.1405112175
0.1306197521
-0.1737718072
-0.4481722236
0.06193855843
-0.07849901728
1.477202535
0.009064943902
1.188059154
-0.4891051427
0.429391069
0.1555254276
-0.5330795288
1.158572569
0.4430825427
-0.09080876838
-0.4946702689
1.283290522
1.301121017
0.6817986354
-0.2806220479
-0.1748535533
-0.02918559667
1.163522863
-0.3436740093
-0.4520981461
0.3611716457
0.1634258766
0.3974247295
0.02086887842
0.02314741863
0.0462102958
-0.1726236952
-0.1347884197
1.057858461
-0.418299558
-0.7660318822
1.03125993
-0.6661083639
1.034369977
-0.4390356049
1.141076207
-0.003626132105
-0.2986304875
0.06563224248
-0.4741545707
-0.2794511106
0.007830024697
-0.709722501
-0.3289935976
-0.1194461882
-0.6221204683
0.02416377645
-0.4515522227
0.08572056717
0.3451308992
1.841882497
0.3570258349
-0.4704546377
-0.572278218
-0.1648780344
-0.2891658884
0.8664691493
0.2111087382
-0.08229041244
0.1834789213
0.0003030646592
0.4137877997
0.08498141358
-0.5141838677
-0.7346981987
0.05776876388
-0.2717064224
0.05691261105
1.233895272
0.06490889892
-0.1105976157
-0.3262400329
-0.593861632
0.2111915927
-0.3138697512
0.4535553902
2.041809097
-0.7551029891
-0.263128536
-0.3673585415
-0.9538334697
-0.678772676
-0.1634017985
-0.2276181804
-0.784315601
-0.07034415491
0.2344978638
0.5335634895
0.1630678177
0.9314294025
-0.2759476326
-0.6046962067
-0.9194434106
-0.2963966992
-0.6399698198
1.321664637
-0.764774099
0.04569138172
-0.02370226886
0.1972363129
-0.3433888875
-0.1888263756
1.036381802
-0.6412790626
1.071188641
0.1552495106
0.6947537996
-0.6986329466
-0.3704521082
0.4473087236
-0.1599555297
-0.2742896158
-0.05401404705
-0.5061661571
-0.2541739345
1.744622344
-0.5741408229
-0.1369602662
-0.1615943616
-0.8890345365
1.36291557
-0.6562359542
0.03244264331
0.3101671646
0.6665660083
-0.8986170441
1.938508129
-0.2227135528
-0.08237332571
-0.309223444
-0.06432416998
-0.673726961
-0.01302592494
-0.7586938024
-1.103083086
-0.9002021462
-0.5173342332
-0.3385522649
-0.5800197393
-0.8724930048
-0.4910335124
-0.3992759451
-0.1569493581
-1.015958884
1.052345186
2.21003046
-0.09535122681
-0.2131156966
0.967795983
-0.6162221476
0.3169112987
1.58044185
1.295216462
-0.3129274644
2.646332675
-0.05491826423
-0.5142526612
0.6426800266
1.094916755
0.7756813556
0.5326269478
1.873293713
-0.3665431939
1.895072782
-0.3292463586
-0.09217853732
0.9072601467
-0.2234918669
-0.0258275412
-0.06375160888
-0.1483346224
-0.8070344865
0.2258533284
-0.04196558951
-0.5926951483
0.1354882556
-0.3721467733
-0.5989086971
0.5344337121
-0.4544939049
0.1056363453
-0.4811873958
-0.1920829583
-0.6658462912
0.2055421644
-0.7022502527
-0.5498957574
0.9384223521
-0.2396057229
-0.1434468048
-0.2121098213
0.01261140122
0.8038620889
0.5653175406
0.02965290034
-0.07917759065
-0.1597178631
0.1427217788
0.4133528046
-0.6684700131
-0.7039396316
-0.7924787775
-0.8781785965
0.0637854063
0.660585241
-0.2399868256
2.133307162
-0.5226898402
-0.1346581965
1.258090663
0.7792977437
-0.1823100463
-0.483465448
2.311426955
-0.3639435828
2.072625309
-0.6216708034
-0.4827788562
-0.01292438684
-0.3179791201
-0.8587812692
0.06483670338
-1.114791688
0.3307135396
0.106013348
0.1180072379
-0.7594898611
0.364805367
0.2016765444
-0.6298628658
0.2228788314
-0.5104784548
-0.3043090753
-0.2965511069
-0.6255226314
-0.2333213914
-0.7629709542
0.8859743416
0.1586331354
-0.0390248009
0.3954802535
-1.058210111
-0.5176046252
1.546587437
-0.02176904031
-0.6345306128
0.6428033046
-0.8173909903
-0.2650220603
-0.2226234678
-0.4228408307
-0.233020284
-0.6164416343
-0.2232886912
1.006289241
-0.858582595
-0.5850551158
-0.6349310189
-0.6357434869
-0.6037892699
-1.069113466
-0.4957951084
1.085775745
-0.2097376771
-0.2837557912
-0.8103441119
-0.1066518189
-0.7371934801
0.1686856831
-0.82730937
-0.2345791668
-0.3325969353
0.02786468687
-0.6147422358
-0.1804323113
-0.1105816846
-0.6829481095
0.01214192775
-0.1116956761
-0.2278551906
-0.5277475551
-0.777123034
-0.8708363295
-0.7310888842
-0.5737907559
-0.3120114053
1.78942042
-0.9886488318
-0.6931981847
-0.574851115
-0.4881523967
-0.805635792
-0.84622145
-0.1892331044
-0.2529027518
-0.5678081766
0.358086467
-0.4289310105
-0.3099157237
0.02099145148
-0.64881953
-0.4408473164
-0.5386523873
-0.6219963804
0.9473968238
-0.8266744524
-0.764142859
-0.3908448048
-0.4620278865
-0.3502068892
-0.02409038185
-0.4842999205
-0.6287747607
-0.3585990325
-0.2188311346
-0.5645907387
0.3791411693
-0.3160091363
-0.5235712379
-0.5004760966
-0.3418074265
0.9605056226
-0.6843212873
2.41864264
0.6012713
1.39408814
-0.193005769
-0.4625898339
-0.3294554576
0.02838137508
-0.4574027598
-0.3532212108
-0.4464907236
1.388151342
-0.9893678844
0.4295656025
-0.164424574
0.7469491646
-0.432979098
-0.4465456784
-0.584406434
-0.2240930861
-0.4391101554
0.04134644568
1.699736118
-0.4618704304
-0.8044704467
0.6878192738
-0.5279317409
-0.2186899975
-0.1331681861
-0.5567297801
0.9601046443
-0.5336739957
-0.5136404127
-0.1833025474
0.8506458022
0.9109562904
0.4711728372
0.4841791108
1.654021195
-0.482654842
0.1077101624
-0.3802765682
-0.09239030462
-0.188578878
1.718529981
-0.4350468352
-0.1567828815
-0.331311246
0.1038390728
0.8812685236
-0.2355086181
-0.2645890743
-0.09889206197
-0.06190470015
1.230458868
0.4661468625
1.862831438
0.5509459816
0.9761249989
-0.0818452647
0.8345659196
-0.06834335439
0.5969963707
0.1273042573
-0.3015514269
-0.3149710707
2.459503186
0.7300230041
0.2087679179
1.129585727
-0.09428938031
-0.1763631124
-0.2756765064
1.795529801
1.706733251
-0.1637588434
-0.2708119735
-0.3498499051
2.572196805
-0.2909533042
-0.1427894972
-0.4077200502
0.3575077639
0.4744413104
1.902318841
-0.6069930941
0.2118638803
0.05193626853
-0.1412808814
-0.3335794639
-0.4037677065
1.161357602
1.880941182
-0.1826064881
1.42554239
-0.6073933028
-0.4267076001
-0.7264243096
-0.7032016814
0.01343343677
0.1217487555
0.1120487956
-0.3362809714
0.01151797995
-0.5026062459
-0.1172514105
-0.6029130936
-0.140013253
0.03848218461
1.053159741
1.367042688
-0.4462715924
-0.4406569913
0.184729021
0.03522789162
0.09156414536
0.9343094558
-0.2934784848
0.325069087
-0.2136984661
-0.4429437548
-0.3298784778
-0.02154266448
0.006594291981
0.5250228032
0.7169633567
1.323453161
0.3019383084
-0.3963532381
-0.6810634404
0.1032078298
1.756066072
2.027654791
-0.2211760577
0.08781932723
-0.8861617267
-0.03689748719
-0.4007021375
1.410355905
-0.1731513167
0.8694038823
-0.4492651805
1.23576946
1.588758138
1.094198278
-0.4801199511
2.263482815
-0.3960586816
0.3914926142
-0.225457881
1.163896528
-0.1016368302
-0.001896664221
1.757757232
-0.7228617281
-0.261720977
-0.4901546657
0.6792728648
-0.4746715724
0.1255644734
-0.209600462
0.7654467583
0.7272711143
1.238005304
2.21064688
1.158661518
-0.003244061582
0.3695762806
2.198780006
0.6622158399
0.7681637675
1.26666182
1.137109175
2.00258978
1.553927588
1.536656056
-0.3996061981
0.3340377916
2.184285295
-0.2958269432
-0.3384907238
0.1320892476
-0.1474909229
-0.455914773
-0.2941417299
-0.2402256794
-0.03006644875
-0.006637003087
-0.004876802955
0.9588539511
-0.0726287568
0.09435854387
1.627426222
0.3356103173
0.4328133266
0.02488724201
1.569292009
0.3937297989
0.2082778413
0.5622698575
1.232917825
-0.05673775845
0.5681123316
0.1680325856
-0.1791979872
-0.2635738075
-0.1429117629
1.989241058
-0.03036550134
-0.01179337911
-0.2460567556
-0.304561612
-0.2711678967
1.756912434
2.377918154
-0.0881058313
-0.2046246845
-0.3621286422
1.266398379
-0.3316672072
-0.5408547521
-0.5956986278
-0.1589747744
-0.5989126965
0.3526586894
-0.3472205982
0.7537819058
-0.7706462502
-0.1676970981
0.4526697263
2.438597721
-0.07788562207
-0.4059892111
-0.3421063721
1.04392409
-0.2386368902
-0.2849229954
1.720878172
-0.4758965522
-0.6595887005
-0.614648664
-0.2138946153
-0.906024909
0.5979823619
-0.1072128015
0.3624737903
0.7499237485
2.461753964
0.1349187564
2.45612365
-0.2357893586
2.48782388
-0.4387250595
1.132077211
1.516329932
0.3871121163
-0.6110671207
0.7469967186
-0.03113819817
-0.5065520152
0.6649388641
-0.2378905341
1.082675767
1.07467061
-0.257802243
0.05147680063
0.1751290745
-0.4180736855
-0.08281110339
-0.869957599
0.1086479727
-0.2741942154
0.08601170555
-0.4370650262
-0.6449858494
-0.4571702212
-0.5633004338
-0.5996093333
-0.2507152498
-0.8267616391
-0.7789470017
-0.446641504
-0.0429246515
-1.028819484
-0.9409043491
-0.5336079367
-0.3262165554
0.1061912501
1.789058846
1.333447856
0.9206687927
0.3615985785
0.2244156482
-0.1096936833
0.889394179
0.2703886073
0.5177294064
0.5377129443
0.1233548839
-0.3282054305
2.225966859
-0.3788736515
0.9503614821
1.470131689
-0.8989760548
-0.4181413263
-0.7077209875
-0.6131290123
-0.7277156606
0.2710472399
-0.4099903435
-0.1391211577
-0.3693778947
-0.4480507299
-0.03371160142
-0.4279299185
-0.7924787164
-0.9760719597
1.238217378
0.1187732546
-0.8660796165
-0.9328361392
-1.017495155
-0.4640638903
-0.1367502242
-0.005789689976
-0.943247062
-0.748874706
-0.5527116001
-0.7450309098
-0.1233278068
-0.6331467837
-0.4150630884
-0.5574347965
-0.3797607146
0.7914269134
-0.6087053269
-0.3090285566
-0.3475879535
0.9534103721
0.01066165988
-0.03521951176
-0.2044499572
0.1526690754
0.324020326
1.906376588
-0.4308428183
-0.2394028362
-0.1386237269
0.9741465375
-0.2741503961
1.081168851
0.195838144
-0.1351085721
-0.6351663217
0.2664737356
0.1642163851
1.027747747
-0.6215573072
-0.2253183819
0.8931015179
0.8915142179
-0.1776674218
0.1289425773
0.5040607288
0.7005300499
-0.7253591806
-0.6457567051
0.1706011305
0.3157449599
0.7972326651
0.3279669899
0.4842985801
1.672787136
-0.360436058
1.096591124
3.308040702
0.1295486324
-0.2945222408
0.159418642
0.6082542285
-0.2417005301
-0.04464618284
-0.3449898772
0.2863766233
-0.09064791277
-0.9516255856
0.138553958
0.2744800207
0.6789882779
-0.3010510221
1.702361952
-0.2652812429
-0.240309532
-0.05158270635
-0.1348814728
-0.7379931524
-0.2134261407
-0.1047209883
0.2296412324
-0.6232195273
-0.9739274591
-0.1190833844
-0.1392240055
-0.6704728305
-0.2490189772
0.8421515912
-0.2625207959
2.38491767
0.8016374215
0.1582117395
-0.01258221809
-0.1394655924
-0.1675297137
-0.08988313302
-0.2269771729
-0.0608644818
-1.014039993
-0.4158562593
-0.3236298677
0.5666276254
-0.01408960763
1.460064059
-0.21783063
-0.2483063828
-0.347488549
-0.2764222834
-0.2885654988
1.273252943
-0.8497592568
-0.4797943264
0.3202676997
-0.6095511898
2.978809279
-0.2776142836
-0.5919111878
1.287177816
-0.5108296394
0.4370946579
-0.1926141025
0.6270557918
-0.5823943779
-0.4489060566
-0.1667674787
0.2460676709
-0.4066617243
1.451416156
-0.4659832031
-0.2548541564
0.5622908195
0.732801532
1.821488202
-0.6485233352
-0.683164078
-0.834004125
-0.3031755969
0.4016876418
-0.7719620347
-0.4046118021
0.1834216151
0.1996723551
0.07174105467
1.26756193
-0.2074828843
-0.4801172346
1.132281005
-0.7389366955
-0.06819479563
-0.112147538
0.2274825299
-0.4090372398
-0.4045952156
-0.02112389756
-0.3911269225
-0.6254529446
-0.7887947053
-0.08156914413
0.8482013598
-0.6492301583
0.4165988799
-0.8282970458
0.1209758768
0.5011510476
-0.4514721304
1.549571294
-0.4029276013
-0.2564667251
-0.3366969541
1.161535718
-0.103480212
-0.7039297014
-0.9787691504
0.007927988283
-0.3440658674
0.04910116191
1.878605747
-0.2807691671
-0.8111535579
-0.4798954792
-0.9160142839
0.1531031687
-0.3621609159
-0.1929652663
0.3626956038
0.4410792358
-0.2768666387
-0.7308399141
4.201978648
-0.3568432383
0.4160972273
0.2700602013
-0.197479932
-0.3209100626
-0.2689725392
-0.2816219509
0.4925478056
-0.8051942766
0.3463538971
-0.9138875604
0.1050810877
-0.4043590412
-0.5197638139
-0.8286637247
1.285885355
-0.07434268836
0.1625339869
-0.7194250509
-0.2340617925
-0.4602598801
1.567289621
-0.274659241
-0.5344708681
0.551788947
0.520934806
2.139264533
2.274515694
-0.2814844489
0.3150399439
0.1813195368
-0.339916978
-0.6078718767
-0.4187563732
-0.5005480811
-0.2280923175
0.2763660167
-0.06164855808
-0.1944838446
-0.2725477584
-0.1877747968
-0.4977327183
-0.4333719283
-0.4265086234
0.5020988435
1.111010736
0.05339338249
-0.1526015138
-0.2487697825
0.0493617963
-0.2157596394
-0.09342022054
-0.2324569322
-0.07190856049
-0.2183150571
-0.9078292221
-0.1667635739
-0.8121998578
0.08569567585
-0.3396346323
0.03488858324
1.332040215
-0.3498176917
-0.2727972537
-0.671191895
-0.7536174566
1.486233664
0.6753919229
-0.510822475
-0.3583438963
1.354594874
0.4512699731
1.82880747
0.5753958449
1.823523545
0.7722819835
-0.1276716435
-0.2786337741
-0.104914288
-0.2396285157
-0.1306980908
-0.4164670035
-0.8348623157
-0.6257845938
-0.316694382
-0.3787052721
0.4966308191
-0.3072228067
0.9138529509
-0.001550576743
-0.8982736796
-0.678404966
-0.5581859514
0.1001775214
-0.3888838232
-0.2312024284
-0.5336247683
-0.965509811
-0.5024941549
2.532460684
-0.2981972449
-0.03745963778
-0.7172524571
0.0005792076699
-0.6215663984
-0.6811151892
-0.6121799096
-0.4030729242
-0.3277590476
-0.250997071
-0.935444361
0.510206249
1.999503618
-0.3177608363
0.8277916789
-0.7761525422
-0.8627391398
0.9916811869
1.282755849
-0.3063356526
-0.6217069283
1.020330501
0.3588208245
-0.612052162
-0.7586021423
0.6090097852
-0.2149187448
-0.5162967876
-0.15609692
0.01993859522
0.5051692985
-0.9669171423
1.073719403
-0.01122323181
-0.8809928328
-0.3510202453
-0.4281072505
-0.7076470271
-0.8155403078
-0.3199901044
-0.9136059254
-0.6474629566
-0.3927948534
-0.4719225556
-0.821407944
-0.2914116777
-0.3518046252
-0.6544087887
-0.8244729996
-0.1270911934
-0.8479274422
-0.6554478481
-0.5700993568
-0.3314348694
0.127939159
-0.227869134
-0.8245055169
0.6603248395
-0.3095884057
0.2021331321
2.530006492
-0.4211767957
1.220674419
-0.03479122547
-0.3918742225
-0.43843382
-0.4648950934
-0.5744181365
-0.5865342528
-0.187862419
-1.096337801
0.02434229115
0.08770873854
-0.02737744562
-0.5966071337
-0.6018009052
-0.3379399538
0.2329129664
-0.6658535346
-0.1620870255
-0.1223500151
1.055449277
0.3637401838
-0.3882755421
-0.7177556723
0.261357016
-0.09325918481
-0.05227729678
0.8255030438
-0.8974992514
-0.1384780172
-0.1706884347
-0.05545147602
0.7989551634
-0.3614930257
-0.01555477744
-0.4921084955
0.04812349277
0.09935037522
0.96959804
2.134878266
1.019963998
1.238519797
0.9123147361
-0.05956232678
0.9824888244
0.1005039042
1.562339666
0.05794372
-0.3858880706
-0.8227540225
0.2173462326
-0.5472629651
0.04839618644
1.088322178
-0.2647212073
0.2620171512
-0.0147785414
0.349433735
0.1006185581
0.5878070161
-0.3625446238
-0.6173819631
-0.4995277137
0.5195683517
1.486266813
0.07752258554
2.929587841
-0.1631539816
2.150340378
-0.2199621035
-0.3575056762
1.678146148
1.163144654
4.229763544
0.8555178612
-0.4939697549
-0.5691672288
-0.3275372151
-0.5299821958
0.8206837095
0.3049858801
0.9833722338
-0.2869445061
0.9865099609
-0.1065161282
-0.6166926205
-0.6117001697
1.005338493
0.6126662508
-0.003576294146
-0.5083720207
-0.6681931734
-0.6218953028
-0.3107861079
-0.2582007568
-0.8314257711
-0.01850474998
-0.7802853644
0.2484052352
-0.05083585512
0.3952040404
-0.3117899366
0.7658059999
-0.6082522437
-0.3626623318
-0.07555570379
1.65834341
-0.1598343614
-0.1225178163
-0.2683065824
0.6555425286
0.008200594131
0.2366068223
0.5275656909
-0.08460158613
-0.8621180326
-0.4143187568
0.9036294311
-0.3747492269
0.09408382457
-0.1464741901
0.9521302193
-0.7492896646
0.003542821389
1.31259793
0.4607747331
-0.1628295779
-0.01532422602
1.693900391
-0.6770768613
4.225439429
-0.8029433995
-0.8064472437
0.5451323377
-0.1037068576
-0.4231709354
0.8879019275
-0.5937323913
1.405642581
0.01872927248
0.05896557383
-0.7605804265
-0.09963531941
0.2460433247
-0.4482183032
0.2184726067
3.292009997
-0.1923859205
1.761766976
0.1801478263
0.06392435287
0.06965668453
2.829406619
0.02837581523
-0.1599544378
1.950950655
1.476672426
0.6712133005
1.183758476
-0.2890848115
2.996578562
-0.5806522638
1.467008409
-0.1667694259
-0.07904178165
-0.4395490021
0.03844163883
-0.599991186
0.3592570756
-0.281664581
0.6437394455
0.1736722119
1.25020757
-0.5799027756
-0.05623968169
-0.3768184453
-0.5709656358
-0.3946384132
0.3511813866
1.450525182
0.2827871098
0.7438276991
0.3137425287
-0.06839929392
0.7724869713
-0.3152687974
0.09125083453
-0.4591118589
1.385216582
0.6489460364
-0.1201794252
0.3127149127
0.170599268
-0.08947146609
-0.4479368702
0.4974619508
0.4375375688
0.1513966177
-0.1756228261
-0.3522042021
1.650729656
-0.1723304735
0.9981798053
-0.6535162941
-0.8958260536
-0.8070013225
-0.8074763089
-0.419693245
-0.05066131353
-0.6297778085
0.4540794328
0.5617304951
-0.258889053
-0.05386017095
-0.1870532993
-0.06877891608
-0.08300244771
2.172103274
-0.3718572162
0.1389220498
0.3410409866
-0.1421538092
-0.5525737002
-0.5241091214
0.3186704744
-1.0197521
-0.7238627821
-0.2361598473
0.1731703875
2.316553402
-0.1009957959
-0.09191927067
-0.8336656034
-0.5390911058
-0.4539803848
-0.0852330341
0.1607609653
-0.2053376168
-0.04224603958
-0.1454848871
0.3424929954
0.9058385618
-0.556502679
-0.5886655718
-0.2581912033
1.176709934
-0.475325276
-0.1965475474
-0.3016393892
0.4635581888
-0.5962370276
-0.8272875786
-0.8632906049
-0.3231216185
-0.9102073282
-0.004931701533
-0.07946134154
-0.27846938
-1.002367634
-0.354680907
0.8011125356
-0.3371596128
0.1315640902
-0.6822572201
-0.3585748076
-0.9530806422
0.205198906
0.7127730057
0.6944212526
-0.7214351952
-0.6868545428
-0.5137335613
-0.630841206
-0.1646251613
-0.9196156621
-0.394462622
-0.158735037
-0.9645200968
0.04400072414
0.1454952981
-0.1437071285
-0.953624782
1.388440609
2.332547432
-0.1621854445
-0.6876498103
-0.5104397863
-0.2839647168
-0.5628296465
-1.056267968
-0.343046964
-0.3657054916
-0.7096288145
1.073626738
-0.700664936
-0.1753388166
-0.6178307831
2.39420355
-0.7789676368
-0.5635548741
0.9168276578
0.7352624185
-0.5170584649
0.2902467599
2.631252396
-0.7021943972
0.1419161955
-0.3010159694
-0.7822612196
0.7907850027
-0.4582805619
-0.6802217618
-0.1462038251
-0.5235060737
-0.08169061923
-0.2712317055
-0.7962086797
-0.7563346565
0.4099098135
-0.473500444
-0.4540942192
0.7255458862
-0.2767877005
-0.2496743325
-0.2228381837
-0.1334823601
-0.5069610074
-0.03756979667
-0.3075633861
-0.08526167069
-0.3426362999
-0.8043787688
-0.3212334998
-0.173022249
-0.01645338396
0.04021220291
-0.09435789264
-0.4411563143
-0.4775032409
-0.6424279511
-0.06989007182
0.6166167244
0.009563505277
0.4510105368
-0.1185116618
0.1765280749
0.3836596252
2.716241515
-0.06188262664
-0.8875984967
-0.532729435
-0.9185601711
-0.9575556725
-0.582296823
0.2085956734
0.03771284148
2.957035458
0.1824233586
-0.3824363202
0.8375257015
-0.7179890662
0.6578635581
2.847221971
-0.1787340252
0.3624053972
-0.5582328379
-1.01605238
-0.4530527763
-0.1099493854
-0.2195129113
1.454212058
-0.1548390385
0.05367773259
0.9110802799
-0.7373859376
-0.6321821257
-0.2758755252
-0.3991111234
1.217886621
-0.1728004079
-0.5718753532
0.1515911809
-0.1452866878
-0.4736363024
-0.7139065057
-0.4675199643
0.283130913
-0.08696904238
-0.3374775849
-0.4536580145
-0.3751275152
-0.1826776437
-0.2387711413
0.7956378184
-0.01100150663
-0.6025862336
-0.9401364565
-0.9177806437
-0.6684740037
-0.7350861162
-0.2110938571
-0.00994465379
-0.8465813279
-0.9241337895
-0.7296768993
0.2746283526
-0.2254825873
-1.00558708
-0.9524471372
-0.5201865658
-0.3461144358
-0.5325857148
1.681024468
-0.2448967125
-0.7069798976
-0.2644296404
-0.6924134821
-0.6679609776
-0.05053043459
-0.3599416837
-0.2583246268
-0.3322622247
-0.2875552848
-0.05766889807
-0.09363660524
0.4886926122
-0.05504178479
0.3712643712
-0.5432666451
-0.7595186263
-0.4658859499
-1.184926665
-0.6130627289
-0.7604621053
0.1079269305
-0.6398577511
-0.1321495742
-0.6987788588
-0.4440304309
-0.6600308269
-0.0781046066
-0.04663656801
-0.01546883127
-0.7000343353
-0.1959658656
0.07352805822
-0.8182207942
0.04228196461
1.195820668
0.5569036484
0.1659414167
-0.6434793025
-0.2904414818
0.3264253322
2.323075038
-0.1562830662
-0.6804767758
0.4464242861
-0.7780604213
0.06981812688
-0.7337317228
-0.4860473827
-0.9852116227
-0.209255765
-0.71017299
-0.4479877628
-0.0769282504
0.02728287783
-0.6195807099
0.6437414486
-0.5948568732
-0.02414047308
-0.637874344
-0.3743510909
-0.6429985091
0.002372938022
-0.1561840768
-0.2963331245
-0.6806462735
-0.6516685009
-0.5943349019
0.1071244164
0.0304641583
1.117121026
0.4408279214
0.009620326897
-0.6817551076
-0.3377383582
-0.3369696103
-0.1523490156
3.47300142
-0.4909723088
0.4338502176
0.2270567395
1.658767712
-0.03788918504
-0.6082096741
-0.01618310092
-0.3634201258
-0.3644668683
-0.01779541075
-0.2838030957
-0.5013306588
-0.7251388788
-0.9569221437
-0.5087824807
-0.6684506834
0.5713940665
-0.5679843545
-0.2968937315
0.9904567689
-0.9065095276
-0.2271012446
-0.4400250964
1.895696718
-0.7656958312
-0.9002513975
-0.4484772101
-0.4810109347
0.5515336588
0.1800147744
-0.07814875143
-0.85997428
-0.06466428023
-0.05274631437
0.2616686417
-0.7983446509
-0.6218449607
-0.3951041088
1.253275228
-0.2905376248
-0.3950161196
-0.8130711198
0.07854292886
1.202528718
-0.7127837867
-0.9575295299
0.4232813705
-0.6111809067
-0.9020824224
0.45032125
-0.9703831702
-0.1541746773
0.03281779708
-0.6042718813
-0.4213754952
-1.04145433
-0.7884142518
-0.9016682357
-0.5182414681
-0.1821107967
0.8251413688
-0.5991501763
-0.4582335457
-0.1804802012
-0.2347035285
0.8060818344
-0.185379611
-0.2878078371
-0.5080476448
0.1929532176
-0.1794844147
-0.2345720468
-0.9188620359
1.032272649
-0.06573351417
-0.01593874432
-0.7448134527
-0.2636113343
-0.1109877231
-0.8409967899
-0.5624002963
-0.0003934626468
-0.4119713865
-0.4164186172
3.097197068
0.7594690099
-0.6357292742
-0.1884131728
-0.877682668
-0.8587812901
-0.02177584181
-0.6490898028
-0.5319558978
-0.7508961946
-0.4633537725
1.125621831
-0.1707881258
-0.4368772894
-0.4372581989
-0.1033219565
-0.6790733904
1.295983732
-0.7851772934
-0.4949720666
-0.8890441537
1.295558
-0.1388583868
-0.8524676472
-0.4962101236
0.001254404429
0.7830510117
1.856820709
0.3901568551
-0.01109063714
-0.3102836333
-0.8872787863
-0.06741173295
0.7386376515
3.830912232
-0.6761925936
-0.3473159734
-0.09519161293
-0.3259006776
-0.7791472644
1.14895725
0.7701050043
-0.7371627852
0.05376365539
0.4737175614
-0.5016748652
-0.6785924464
-0.2419247068
1.544177365
-0.2895138927
-0.5330687717
1.113421968
0.6052641898
1.285321221
0.7132418558
-0.1002963649
-0.5801145539
-0.4516650438
1.379006478
-0.2894297928
-0.5495144695
-0.4005418435
0.2771497171
-0.8026866019
-0.6403742045
-0.7808379889
-0.611500521
0.1850761131
-0.4608080983
-0.621592775
-0.3842522398
2.721892655
-0.7741705924
0.6208823845
-0.1477373021
0.6117394574
-0.7158084571
-0.8467487603
-0.01914299293
-0.4070708647
-0.005494772224
0.8706626624
-1.098204115
-0.2853215314
0.2709217299
-0.3019942358
0.6332059197
-0.07521485537
-0.2239462271
0.9437394857
-0.07881715456
-0.6999919653
-0.9693071038
2.105693316
2.286169231
2.313542789
1.058334336
-0.4014220715
0.05796855101
-0.4529193453
-0.4796898857
1.413817498
-0.8396116972
0.3816217393
-0.2462146841
1.025941028
0.8931601107
0.3000739165
0.6205560893
0.3057051841
0.5045615837
-0.0127565464
-0.6475242943
0.09928741446
-0.8374784917
-0.05879634796
-0.7367550477
0.5051591535
0.6063174918
-0.09658219796
-0.6241809979
-0.009537333623
-0.2029596981
3.012921262
0.1510486166
0.1137781081
-0.4326158151
-0.2989696123
-0.754490234
-0.8114496827
-0.3940155849
-0.4525565326
0.1336017415
-0.2523315813
-0.0931803694
0.06511025073
0.04221962534
0.7555443034
-0.9368677944
-0.1980628774
-0.5457127467
-0.8865279198
-0.3938074134
1.092261672
0.04968465082
-0.6116788015
-0.4836671606
0.1577896967
-0.64687673
-0.4680065565
-0.1633254763
-0.5349774554
-0.1571332744
-0.5078069866
-0.04214971298
-0.6102172732
-0.8029941231
-0.6701011285
-0.3222052608
-0.3359078206
-0.2391092375
-0.6604492441
-0.1583711278
-0.2002097869
-0.7264057964
1.774048743
-0.7110211492
-0.6115100197
1.816857505
0.9683695436
-0.2537882764
0.6479146078
0.1720653523
-0.1037810981
-0.1924729154
0.5598189637
-0.4282087475
0.5880499005
-0.8337594241
0.7386423275
-0.2596400138
-0.8122290492
-0.5314043835
-0.724172762
0.6807774603
0.08268867708
-0.1762706515
-0.6791973174
-0.09811769761
-0.559592177
-0.4556996148
-0.8664163113
0.2298344926
-0.7376437366
-0.2800438695
-0.2917185772
0.09607906546
0.2655945369
2.276495838
-0.07731722016
1.983076724
-0.4723025456
-0.403448531
-0.8128475219
-0.1787930597
-0.55580955
-0.4606142659
0.303243834
0.9792218447
0.6725048184
-0.421862261
-0.4504913993
0.2013384581
1.616995066
1.469528124
0.3990766882
0.8100405127
-0.1227461183
-0.1573029447
0.2793315681
0.1158275773
-0.4587851897
0.2246214107
0.005988813564
1.0113543
-0.2426570401
0.05107671823
-0.5634728909
-0.4899140194
3.328910697
-0.6024023801
-0.2117985718
-0.5690937027
-0.4841702089
-0.4191707402
0.3470759027
-0.625259079
2.995602882
-0.5362051904
0.1711913133
-0.6600550145
-0.1166079965
0.2118837972
0.181705958
-0.335075485
0.7908287868
-0.4185044475
-0.03148999847
-0.05396879911
-0.1260820679
0.2678770687
0.5666603923
1.772601646
-0.2393775359
-0.04499803809
-0.09209825508
-0.3849877074
1.473267516
0.2231949245
0.3290981933
-0.04280646103
0.5745314106
-0.2077856008
0.05776718948
0.06110316577
-0.7323367402
-0.01465976816
0.6030377336
-0.6160625875
-0.1547154244
-0.2931117844
-0.559005861
-0.3797154061
-0.5577297598
-0.4342746764
3.085470545
0.8290882662
-0.5384269431
0.5281510368
0.1193063847
0.9518703356
0.736368669
3.392820919
2.231424254
0.6006813511
3.052643585
1.436283463
0.5031556748
2.101758891
-0.3007418212
-0.5860772297
0.2700212963
-0.3286145113
0.27262975
0.1118839804
0.03803549102
-0.03950893232
-0.4632407226
0.4057690958
-0.4264645636
-0.7328943685
0.4658180512
0.06468450599
-0.1843973532
0.9969070345
0.4716604404
-0.6344719574
-0.6848882839
-0.2345841944
0.03101045527
0.4534471445
0.01097463663
0.08646517522
-0.3121528007
1.460245273
0.4308682761
0.739661403
-0.4189226151
0.08942771903
0.8659876555
0.2287343327
-0.1233971997
0.04734252542
-0.5519834191
-0.1729306582
-0.7754110336
0.9121698529
-0.6216727495
1.078006001
-0.1152282292
0.3491503091
-0.6246637404
0.02853897521
-0.3438623585
0.4849559218
0.1895006131
-0.4708251655
-0.1787356284
-0.44593018
-0.9464066535
0.3598890282
-0.2263893645
-0.008948434237
0.9581757843
0.2076718702
0.572554329
0.2628957151
0.02726520197
-0.02169374545
0.5166972056
0.04411046812
1.978697881
-0.5616844505
-0.2346678058
-0.7139653683
-0.6287988007
0.5409315705
-0.5458281532
0.8374528825
1.416731524
-0.2722512553
-0.5525731161
-0.5859693512
-0.276046595
-0.7175396949
-0.4273833647
-0.4283674285
0.7007999033
-0.3130472153
-0.04537498038
-0.2805673603
-0.1114615122
-0.2601823501
0.1355926123
-0.1646002835
2.541348302
0.1580391703
0.010584471
0.1257902698
1.76882509
0.02808078486
0.2595716295
0.6892664954
1.16586875
1.587132838
-0.4608884633
-0.1992156159
-0.2705390841
0.1440128183
0.3851303957
-0.4295203879
-0.31140811
-0.06862405185
-0.5669413328
0.6895387083
-0.1666714044
0.1637827257
2.310785866
0.4476225149
-0.7093857646
-0.03853428508
-0.4436737016
0.01249468811
0.423526524
1.577926984
0.4666149866
-0.288240961
-0.1875552386
0.08989292476
0.2481106571
-0.441529201
0.009846262261
-0.1201991471
-0.6168061435
-0.2462393004
0.3774067178
1.124585
-0.182782197
0.4395904288
-0.517784524
0.001135453815
-0.2047486814
0.08342576046
0.2664917939
0.5708797291
1.514293781
1.814159608
0.2506286326
-0.4819303915
1.544782889
0.3374352369
-0.2652064288
1.259616163
0.6765325412
0.2197918947
-0.2998642266
-0.579597564
-0.3462683696
0.2224022795
-0.5480482757
-0.4284074932
0.06995114167
-0.8080017358
-0.1665946845
0.002568760142
0.5134203993
1.602036545
1.150842959
0.5323729135
0.9275104493
0.1679853195
-0.1752385737
-0.3476328958
2.181156152
-0.01212126845
0.3286965316
-0.01617737561
-0.6156673133
0.4723176315
-0.3278436475
-0.5089715406
-0.3066253379
-0.4012833662
-0.6776041389
-0.04984151125
0.1330402839
0.9418823779
-0.8521677017
0.4596017011
0.1716551792
-0.157053547
-0.7312458009
1.167587107
1.617989025
0.02983827032
0.09141675103
0.8613522947
-0.2345619747
-0.2715385094
-0.4385292053
-0.4798811048
1.406156334
-0.3237311631
-0.113755306
-0.1582661539
-0.3055774868
2.073635989
1.968392807
1.633516848
-0.4528957993
0.007447073795
-0.2503775344
0.03391533857
0.9089525118
0.1529353558
0.4415489078
0.1026426418
0.2325526488
-0.753107959
-0.2309157209
-0.2066199116
0.3441300277
-0.3951674089
-0.6371027693
-0.861693728
0.0104999722
-0.1663344885
-0.3482906938
-0.7815391958
-0.2168857083
-0.4571613528
-0.06752698221
-0.7397794455
-0.2484884776
-0.4882017769
-0.1249955844
-0.4357203171
0.1159076296
0.1029779228
-0.9397024125
-0.8363909096
-0.1762739636
0.4137085952
1.3748171
0.4048637612
-0.5625806004
-0.3247068428
-0.4029575206
-0.5540276632
-0.129073138
-0.566860269
1.145898616
0.5623529236
-0.9319094986
0.06432265742
0.3482180966
-0.08852513107
-0.3840075821
-0.4250570431
-0.1025148135
0.6564492226
0.0143524386
-0.2697920606
-0.117145293
-0.003157062083
0.07848054087
-0.182575945
0.5290093988
0.3237223491
-0.7064422846
-0.1736823599
-0.5964844137
-0.4875930719
0.3484352596
-0.1507076131
-0.122706092
0.4008576516
-0.2961081997
-0.2754657818
0.08856083627
-0.1141307803
-0.5078208908
-0.07997503653
-0.2350850368
-0.6979247645
-0.580275473
0.08899443592
-0.3136795379
0.2456369638
0.06554060718
-0.2347098468
-0.520679304
-0.03306843787
2.743621677
0.06301045343
-0.1831610614
0.9652981684
-0.7856256515
-0.4386627972
-0.7236923754
-0.07547345394
-0.2878347374
-0.1878442934
0.4101129865
-0.1291807987
0.09916150668
0.0266379151
-0.03528211489
-0.490331696
-0.3321058549
-0.2944268811
0.1356422598
-0.3902708128
0.8471841842
-0.1831922185
1.496866804
-0.3828781545
-0.8266468823
-0.3904687874
0.6529502288
-0.4913095489
-0.4313745633
-0.4852024615
0.1799139034
-0.3463771477
-0.05204127523
1.567509097
1.06765919
-0.381136547
-0.2053143928
-0.7122263789
-0.6348429039
-0.3985289082
-0.2554610871
-0.3591731254
-0.2867903784
-0.04831405412
1.859887764
-0.2835579224
-0.4743360929
0.1640991906
0.02214046335
0.3236118877
-0.08919822648
0.2054197517
-0.268630651
0.09341887766
1.578829637
-0.2146938384
-0.3304165076
-0.6615927607
-0.6884820744
-0.5125179142
-0.3346091427
-0.4984222353
1.417003468
1.56001308
1.220707813
-0.6452393517
-0.09075587392
0.06250563902
-0.5646965981
-0.4724857867
1.13730751
0.8802281737
0.1333159583
-0.5377619281
0.1951140996
-0.4468258053
-0.5079122648
-0.8718129754
-0.1440643318
-0.4637672596
-0.5921368964
0.1419884456
0.428111767
0.2935067138
0.8946737647
0.5493432343
-0.2590500817
-0.4921110913
-0.4328975797
-0.7244039565
-0.8059802443
-0.1626641966
-0.4319167033
0.008534920868
-0.04438212514
0.2664182847
-0.4921628356
-0.3898448989
0.6136821583
0.3053620882
2.340140277
-0.548522456
0.7856907681
-0.1310234468
-0.1474803884
-0.5195687488
-0.5139055416
0.869869332
-0.3491386503
-0.3932597496
-0.5650808975
-0.3867798142
-0.5724472553
0.7268932909
-0.6282127872
-0.7413084209
0.1468400102
0.5729681313
-0.4865063652
0.5012705028
-0.8991138786
-0.4618517905
-0.4552236676
-0.6359769106
-0.694254604
-0.5236116782
0.202062584
-0.6799569279
-0.7592812657
0.2621915282
0.867896682
0.6017883711
1.052771792
-0.1804479616
-0.6516490385
-0.6571436986
-0.6562125802
-0.2858131498
-0.3130385824
-0.8792895645
-0.03417467475
0.07584687402
-0.5029169396
2.667630267
-0.3802240878
-0.4006365702
0.9141571239
-0.456147629
-0.5664463729
1.548524666
0.7041058719
-0.07380579337
-0.6303163841
1.823438346
1.105512582
0.6467890501
0.1314077282
0.5085225143
0.09352477607
0.4005849477
-0.6425338142
-0.6893249735
-0.2439810712
0.7762169063
-0.3872259542
-0.01686235312
0.7864633597
-0.06757950224
1.020943972
-0.511152371
-0.2205597488
-0.3890076242
-0.215185488
1.894107962
0.06366319133
-0.3668757431
-0.8539080143
0.08032781798
1.506870246
0.1499247959
1.404716599
2.344367296
-0.1924281772
-0.231783098
0.751517342
-0.2332085688
1.228383005
0.7284038961
0.1866085383
3.102276599
0.3613068849
0.1854907596
0.118912607
2.997415036
1.895716804
-0.5047889158
0.6740434662
0.950932768
-0.3231908485
-0.3625260726
0.003589605168
2.060497043
-0.08869790211
-0.01705609015
-0.0807461428
0.8117150545
0.7999618322
-0.0751264791
-0.1384763544
0.887880931
3.920219827
-0.1782974236
0.5059871763
0.09964756696
0.1845853142
-0.1365856102
0.02942298707
-0.5113282681
-0.2089795811
-0.004983163578
-0.2863073602
-0.228825362
-0.2792557806
1.67408469
-0.1136781445
0.600512927
1.089154553
1.365527946
-0.2406282336
1.641714501
0.2600991684
1.974189612
2.696416306
0.118508947
-0.7264328361
-0.6062940985
1.657651213
0.1136910419
-0.08777001947
-0.3484416455
-0.3707600102
-0.4472954929
0.1171092457
0.3257364186
0.4413729422
-0.06364010144
0.7666553289
-0.1031259912
-0.8055627048
0.1017081832
-0.04339256608
3.543433142
-0.6610301167
0.3614202892
-0.2102149196
-0.3393545322
-0.5551390871
-0.3964270219
0.1938858693
-0.7014762878
-0.1860171214
0.4116915055
-0.3813445702
0.03132615825
-0.4959660381
-0.23551642
-0.07887360714
0.4215420015
0.3247552814
0.3292381912
0.3729079993
-0.6403517812
0.1098427487
-0.0876352068
0.7514382988
0.8664218158
0.3903404165
0.02833991852
0.03662053235
0.002652391791
0.1661675754
1.723094912
0.2130599055
-0.07025840599
0.5301091403
0.7829838932
-0.3743858442
-0.2477408372
1.224292713
-0.4265864439
0.2728250986
-0.2500781689
0.1382357948
-0.2247786582
-0.3416442491
-0.3187547833
-0.1001714126
0.1803513464
-0.1539863024
0.6402446032
0.2304564381
1.250999095
-0.1134422476
-0.6872322023
-0.790612042
0.06222542906
2.143258178
-0.1365154929
-0.7155057818
-0.3656960823
-0.1151149517
0.841797471
-0.3522223018
0.5075275771
-0.5626433492
-0.6003363714
0.1257651184
-0.1155107576
0.9541088969
0.3442594551
0.1982019843
0.811490339
2.135286254
0.3526946528
0.7169247493
-0.006426578388
-0.42668982
-0.3084247328
-0.4226492301
-0.3446496997
0.3111906184
0.3376869027
0.7984949231
-0.04678395996
-0.5741239563
1.050027904
-0.3469760187
-0.2548256733
1.07219114
0.8569334343
0.9262041613
-0.1711783558
4.143729293
-0.2494803384
0.9518483192
-0.1793568725
0.0459610817
2.066021112
0.1570122521
-0.5587559193
0.08109109714
1.347802155
1.812548339
-0.147975946
1.909468317
0.4783647284
-0.1635022493
-0.07710482199
1.527150196
-0.1717813302
-0.07397871315
-0.1405750252
-0.09046310745
0.04754051613
-0.3853270561
-0.03969094465
-0.01128258072
-0.5013815247
0.09748880775
-0.7330906659
0.1245930506
-0.76781497
-0.7828736573
1.719793189
-0.2762148298
-0.6319659203
-0.2562430687
-0.6586502492
-0.4008286238
-0.3456653833
0.4170680748
0.04781680792
-0.2424255379
-0.5207583413
0.075329943
0.7042427611
1.30246923
0.4070599772
-0.2932856925
0.07150761131
-0.5602739841
-0.4322969608
0.03858883576
-0.8732174456
-0.07044968214
0.154247864
-0.8473029673
-0.1310843362
0.06816742746
-0.8559356332
-0.6165055603
0.1172195083
-0.2742843769
-0.4373128742
0.7682945468
1.965973371
-0.7098668158
0.08541215579
0.1076092475
-0.2431360248
1.256410864
0.01371389846
-0.1354940176
0.02280439585
1.671901906
-0.07158534806
-0.6476044387
-0.7876779318
-0.2193384143
-0.7132368922
-0.2065579353
0.1748472501
-0.1284558834
0.8150763273
-0.4140595138
0.1860520327
-0.6773249328
-0.7553330034
1.270853114
-0.1315562371
-0.2040641738
-0.6817830473
-0.2447598998
-0.4671750292
-0.2213355469
-0.4546027437
-0.224842488
0.03542328486
-0.6639380321
-0.6963553458
-0.2143135948
0.5189801022
-0.05373573368
1.086551221
0.3893633565
0.01734212055
-0.4776619047
0.8604950294
-0.2985638954
-0.9811008751
1.606708235
-0.578965795
-0.6713335842
0.9790833384
0.1039149809
1.004544315
-0.1574022967
0.03169096
1.982514685
-0.4036540754
0.1610282122
-0.3758933246
-0.03729081086
-0.1401262498
0.09148214012
0.7428685471
0.06055405582
-0.3585781783
-0.08572830958
0.230133218
-0.346172969
1.437649417
0.1633980347
0.2419064799
-0.5373689562
0.0007776353508
0.7480662718
-0.2936421841
-0.1088717633
-0.5262396246
0.526238142
-0.4716006666
0.4726135917
-0.2764380701
-0.41976685
0.2173300579
-0.1752953602
0.7768631592
-0.3644228637
0.5728412017
0.5810570776
1.056713232
0.7241239861
0.9011675686
-0.2678089615
0.01987654469
0.07653493616
1.33620455
0.122337086
0.1031049885
0.6813000068
-0.1675150175
-0.1160577154
-0.04605573644
1.208751467
0.774339579
-0.4721179042
-0.7478747398
-0.4464842711
-0.7654367059
-0.3697958514
3.718512058
-0.06965806652
0.300137553
0.1874965409
-0.0604957195
-0.01870604884
0.699291341
-0.330940697
0.3684214033
0.4516521078
-0.7015828788
-0.3839095935
-0.2446067572
-0.1965561602
-0.5846865609
0.08644533018
0.1323521229
0.573216027
0.3301311623
0.5130798571
-0.3777506497
0.1065233894
-0.3512603275
-0.09811531585
-0.05295856958
-0.1099396815
-0.4436665118
1.312677544
-0.04635642469
0.1272806084
-0.1704097566
-0.2342420941
-0.7044919938
-0.08051382024
-0.6599110007
0.6364743024
-0.6073069811
0.5769002363
-0.2741669733
-0.1598351259
-0.4953052878
0.6095454931
-0.123246546
0.4668349043
-0.4111054413
1.694925845
-0.183216943
-0.7449669093
-0.3373931456
-0.6600008741
0.08135700976
-0.01926258411
-0.6787359148
0.700263007
-0.0951200176
0.342198649
0.2002541415
-0.2236778427
0.092389282
-0.3308721431
0.3786927413
-0.3763436928
-0.1873706184
0.3254227789
0.6943742555
-0.4014515862
-0.4615409754
-0.486503835
0.3137206882
-0.9331515253
-0.2065745831
-0.6952504635
-0.384944094
-0.3404167384
0.1418782935
-0.2305481978
-0.8510239631
4.148075271
1.606814885
0.3230152494
-0.2063843092
-0.9054363817
-0.2668491416
-0.727052623
-0.3451750793
0.2664963244
0.1659125146
0.1909717558
-0.2891530409
-0.1671657452
-0.6723896414
-0.1247571707
-0.02319863443
-0.5175371721
0.5569161575
-0.3841913853
-0.316934634
0.09254331535
-0.9775575548
-0.1273749331
0.7141695246
-0.285732986
-0.4180775963
-0.14209233
-0.2809957333
-0.6026223123
-0.08662593476
-0.5728886098
0.2952453935
0.1062373359
1.721316233
0.2432330737
0.2181627728
1.964856005
0.6062334105
2.320351136
-0.2213877585
-0.3540828682
0.1264571127
0.2180144667
0.01975492649
0.195152819
1.038426122
0.9214929894
-0.003334921971
2.830638057
1.856754827
1.298581526
0.8768915147
0.7970937133
-0.1490334222
0.3590299182
0.4437661454
-0.6193720967
0.1421794041
-0.6190749124
2.061801201
-0.4309863061
-0.5806788653
0.4687183794
0.09674433041
0.115115269
-0.1549860908
0.1852301505
0.1311286015
-0.4528003246
0.3477564288
-0.6725959823
-0.3479664467
-0.3078129172
0.3649846755
-0.291919345
-0.6501671672
0.06518512527
0.1196763647
0.6303086519
0.9524473071
-0.2556894604
0.9577656209
0.2862733485
-0.3676670976
-0.278803952
1.999047375
-0.3592597544
0.01030323403
0.1303790265
-0.3263996266
-0.1495809735
0.6790053986
-0.4436831042
-0.7368447006
0.07841907637
-0.2817186683
-0.1266779257
-0.7143394411
0.7493333049
0.1844564965
1.144786695
0.6861285418
-0.8106014967
-0.2445426557
-0.2979513749
0.07327517541
-0.8245080948
1.639262331
-0.6995640874
-0.89887366
-0.8893490046
-0.1612761002
-0.6998853862
-0.6852176622
-0.5785361767
0.7932631165
-0.4904758736
-0.498257035
-0.1418276045
-0.4073970005
-0.438142737
-0.3642994598
0.1225493548
0.5525633566
-0.2422554774
-0.1789233029
0.2406122925
-0.11661463
0.05576286325
1.021509001
-0.01288229637
-0.8013548881
0.4599109142
1.061582798
-0.465863885
-0.7032025307
-0.6105862796
1.690972683
0.0683549474
0.7100502923
-0.5882548437
0.02310212478
0.4326115038
-0.4438477173
-0.4270801082
-0.5382053718
-0.7830146104
-0.6906392097
-0.9184875011
-0.6822477341
-0.4451697841
0.2958579894
-0.1782263402
-0.7423853725
-0.06286453661
-0.2139821382
4.266693747
0.07103937361
-0.1377109135
0.7663318411
-0.319203984
-0.6373343349
-0.6892417938
1.386433029
-0.06578379516
0.1314719923
-0.4852033556
-0.4142780989
-0.6488123029
0.1872745223
-0.1523573145
-0.4704137683
0.1660096865
0.005990056694
-0.2292661846
0.231695665
-0.5764540002
0.7911922783
1.879564101
-0.5459118381
1.43909975
0.9477428108
-0.7565552622
-0.9439293057
-0.5423794612
-0.8335575998
-0.7942532063
-0.8211789727
0.1595990356
0.1011716008
0.1210502415
-0.7067231029
-0.5396097094
-0.5853781939
0.0938148899
-0.2732543429
0.7659553155
-0.1542123085
-0.6105828926
-0.4541963637
-0.6267096549
0.06013148287
0.03913629828
-0.5188769892
-0.2675025132
-0.8313780963
-0.6885184065
0.05320165791
-0.8057067782
-0.7053417504
0.1907430762
-0.5195930406
0.5734894194
-0.2665767964
-0.533423686
-0.03179235682
-0.4226458415
0.40582674
-0.1285271011
-0.5364575028
-0.3576077737
0.05209143981
0.03255447722
-0.3325839389
0.2008586116
0.3204274501
-0.07457919647
-0.7655479968
0.1835364083
-0.04441292435
0.6764648892
-0.6274040446
1.694658133
-0.4529331878
-0.2688491546
-0.1692285683
-0.1017284252
-0.3128390841
-0.09240953112
-0.2878642224
-0.2535947885
-0.2411910817
0.1195530592
-0.756630072
0.1438712675
1.336326441
0.5173753858
-0.3610087099
-0.3839748666
-0.1057589844
0.03325492181
0.3368000265
-0.4248264194
-0.1068770558
-0.4725325763
1.569591027
-0.313020099
0.1139275293
0.06847174726
0.1505373731
-0.220098117
0.4034542352
0.4418762311
0.5999436155
1.32316393
-0.2874187555
-0.3858386733
-0.2012960691
-0.5248338029
-0.2250349924
-0.08616859242
0.2389956706
-0.1539181469
0.1759048341
0.0253854759
-0.5722439289
-0.1449241109
-0.1873107016
0.961807403
0.1093176303
0.1125387531
2.623337758
0.001541623101
1.298437351
0.6111756846
-0.4497597292
0.3562804725
0.5961110778
0.8638694465
-0.4082051218
-0.4467622325
-0.4289015263
0.1175104616
0.1966058117
-0.07199363587
-0.4210945673
0.4698257051
0.0254633653
-0.6732970715
0.09974470884
-0.2444165159
0.03534485514
0.03235376026
0.8610238031
0.8003196642
-0.3225211486
-0.5919932932
-0.2027478624
0.2811752085
-0.6045562893
-0.5288006887
-0.3474154938
-0.3606907632
0.1024137719
0.07173325587
0.7680140525
-0.2763398116
0.3240165025
0.3340108496
-0.6693941057
0.9140165552
0.1358625379
1.359850195
0.1090553195
0.3187624473
1.014618582
-0.007569253445
0.3762134619
-0.03661333434
1.988258284
3.407398438
0.2642888025
3.416885102
1.510224524
-0.235403036
0.76723544
-0.02278662436
-0.07305153292
-0.5455128521
0.1558785781
1.440106854
-0.0892222289
-0.6117478758
-0.05132067204
-0.5633944914
-0.154630895
0.1312497912
0.09090391374
-0.3916030243
-0.3853130694
-0.6916277856
0.8979345232
-0.06527302358
-0.09472621388
0.06523237631
-0.2142915411
-0.724083522
0.2117728287
-0.08502546512
-0.1562587574
-0.3382963303
0.1459692096
-0.1381700022
-0.1453359795
-0.0594002346
-0.238992663
2.751442289
-0.8233545899
0.7643036276
-0.2764811531
0.2299749892
0.853071174
0.2402718799
0.2941101335
2.573652679
-0.08236858947
0.8273219977
0.3023704799
0.4298376977
1.50113534
-0.07579401688
0.5539858356
-0.2443253119
0.03927198402
-0.1433530193
3.705130577
-0.2882242691
0.196267501
0.2451704747
-0.2020248018
0.4819766283
0.7674866073
-0.2842406791
2.037669194
0.5185963221
-0.01703555868
0.7217389405
0.6431827053
-0.107314328
0.890174371
-0.3855182096
-0.05218325183
-0.02373501956
0.6348734215
0.4964421704
0.9911372691
0.01717724893
0.3128969733
0.8970967025
-0.1632839367
-0.1006016681
0.5673264038
0.09736499875
1.340705706
-0.4471552238
-0.7019131184
0.01035745256
0.1646186933
1.161089525
-0.06344100721
0.4585784614
0.158688803
-0.07739190403
0.2151401417
-0.3839076534
-0.6556042358
-0.4809060037
1.485620236
-0.1206414072
-0.6445671409
1.373613083
-0.009853425808
-0.9571023107
-0.4298768088
0.2953615095
-0.3146875173
1.242385039
-0.7309765786
-0.3706835061
1.385421297
-0.2966528915
-0.4576385789
-0.1242507691
-0.2381608725
-0.7188632846
0.02198055577
1.338905942
1.94931674
0.9690127917
-0.6531945974
-0.2282183466
-0.6532131791
-0.4387749679
-0.05131566133
-0.6938362584
-0.4710244834
-0.9096307158
0.7222121075
-0.5773854688
-0.1705560036
-0.9141001672
1.241797787
-0.6678545535
-0.4400243752
-0.6891802505
-0.9124715745
-0.2267131649
0.225465823
1.536568055
-0.9108355492
-0.8508001596
1.743583965
0.9527297974
-0.102366172
-0.1594198029
-0.9205330521
-0.460089305
1.30449073
0.3950958822
-0.14100498
-0.3577092357
0.462192966
-0.5170250192
-0.4089770764
-0.002569176257
3.60133512
0.5753666833
-0.1612422926
-0.7267812252
-0.7459971398
-0.3823692635
0.3480264101
1.066437653
-0.09202303439
-0.5382383645
0.7301217645
-0.6758085042
0.101508919
0.1029084722
0.1782204539
-0.7104854286
-0.7798913598
-0.520975633
-0.4915258758
-0.3830637455
-0.2336399402
-0.1795426089
-0.1058698995
-0.2349775571
-0.655323419
-0.4217712924
1.324275562
0.571595624
-0.07782394867
-0.4963655412
0.27847251
-0.7925161034
-0.191220667
-0.07134326454
0.2371994763
-0.6228383377
-0.4570315361
-0.6044589058
-0.4993910357
-0.1221240314
-0.7125268742
-0.8305327654
-0.8668608516
-0.1536050911
-0.4114791021
-0.7319096893
-0.7177401185
0.9821419626
0.8810519934
1.758663666
1.285004966
-0.2804345995
0.7477605909
2.59024623
-0.1506435749
1.681494477
1.61564216
-0.7429647952
-0.6244447783
0.5358487904
-0.04956684373
0.5014748633
0.09376638113
0.3142316264
-0.4052267097
-0.2047148135
-0.3642326891
0.2199602826
0.01822494874
-0.4987765618
1.966985887
1.281970847
0.4261790086
0.2529620039
0.03913317993
-0.3881694429
0.3928526834
-0.1736731751
0.06201062915
0.1777496447
-0.3587340783
0.6365386665
-0.3202321351
-0.6216703065
0.9063620955
1.596895993
-0.3423028415
0.1358234447
-0.3492615283
0.2282339841
-0.1699316835
0.2262344841
0.5925620735
0.3107200708
-0.4480280533
1.199472693
-0.1007737789
0.5276373684
0.8068151832
3.378143132
-0.321513108
-0.3213709626
0.1992685362
1.150629812
1.339765126
1.074186277
0.3867517985
-0.2304589191
0.4702482186
0.4968871832
1.34610438
-0.4780837864
-0.3416820908
0.7925591841
-1.067674345
2.100160372
-0.1476158991
-0.6372758806
-0.5641972616
-0.4691952795
-0.8161941797
-0.783475709
-1.056619003
1.546814507
-0.3503984921
0.6547911704
0.1461537945
-0.2858790677
0.02818449093
1.419147405
1.590787154
-0.4711905152
1.435160446
0.08256830592
0.07681906261
0.5932177663
0.7250155091
-0.5576614857
-0.5381136671
0.6781361893
0.8015414007
1.742755508
-0.3123422109
0.109153621
-0.07524657976
0.1070044058
0.2136934681
0.03503871989
0.8967901558
0.0001630960964
-0.2251980808
-0.6121928394
-0.6826150835
-0.7975873679
-0.6087279499
-0.08960443493
0.7304577872
-0.1378514105
-0.6157848105
-0.368102704
1.616438992
1.882124305
0.1556468935
-0.8265262932
1.98420459
-0.09573368337
-0.664539355
-0.2481810104
-0.3846666768
-0.4623083614
-0.2091933018
0.4316941731
-0.3273930196
-0.5356052279
0.1180584283
-0.2975011297
0.8518117636
-0.5416300476
0.03837131048
-0.3344190942
-0.3106173825
-0.7052156419
0.7055396818
-0.4646253645
-0.46879794
1.124034685
0.558773375
-0.3915227607
-0.1710937247
0.4825570187
0.1233855387
0.610592629
-0.85426341
2.578480089
3.678614461
0.4421539735
-0.7045930475
-0.766825369
0.847024034
0.05468318062
-0.03092990229
0.8963644668
-0.4486612938
-0.1842332196
-0.5695298523
-0.4523891687
-0.4204389125
-0.5947020337
0.001682029897
-0.08194818459
-0.3200581536
-0.6913501948
-0.215565044
-0.2658279566
0.2669059567
1.965102482
-0.351934728
-0.3491587132
1.135031196
-0.2539680257
-0.3083756715
0.0002499846742
-0.04408551399
0.06456092785
0.5334632151
-0.6580633461
-0.4265260905
0.7322361216
-0.7320273042
-0.722344467
-0.3632014595
0.8341163859
-0.5329457924
-0.4926651299
-0.1181030067
-0.535821639
-0.4590541661
0.03448691862
-0.5040643051
-0.7014369875
-0.0954925783
-0.3121956594
-0.748488912
3.063450277
-0.5357948571
-0.07482716953
0.01261906726
0.3790278614
-0.4017705109
0.2744153682
0.6577631675
-0.07593353949
0.2671617083
-0.01859532464
0.4019135013
1.094959959
-0.7791323096
-0.4639430583
0.2898322322
2.022019678
0.1952487948
-0.2515372369
-0.1465620872
0.04379223343
1.134824216
-0.6048512816
-0.1282552429
-0.8246438086
-0.7573687524
0.1459850672
0.1221056317
-0.657122454
1.955380702
-0.1238404704
0.4267106015
0.7711255461
0.3595705256
1.220561641
0.4353717932
-0.05677160993
-0.3083024919
0.2196783166
-0.1257407695
-0.466700913
-0.8531532407
0.4144515246
-0.455160737
-0.3382578023
-0.1860362526
-0.6623078525
-0.8162140101
-0.1043826623
1.362000301
-0.7640265971
0.03417172178
-0.008687823452
0.08282453991
-0.006350086583
2.139047024
-0.7631993502
0.9374497324
-0.4267908826
-0.7996082723
-0.1158016622
-0.03340859748
-0.08846740983
-0.4278745815
0.2147991925
-0.166125815
-0.6358494371
-0.7507212609
-0.8636429816
0.926820305
-0.2866238207
-0.4645951033
0.7368699752
-0.6941420197
-0.5280221045
0.3562461117
0.1135107253
-0.007714998722
-0.2091115667
0.07331647514
-0.7515182555
-0.03929637219
-0.272386051
-0.4191454686
-0.2312437844
0.07155477442
-0.128155648
1.373145217
-0.1070016515
-0.7162114531
0.01414750759
0.9284044176
-0.3803571202
0.003067447431
0.7397752792
1.371318451
1.319979483
1.396889678
-0.1296280618
-0.1198114233
0.1276255197
0.3767739528
-0.4825692937
1.218296599
-0.5246527217
-0.2004384588
0.536131072
0.342084264
0.9550902605
-0.1967499755
-0.5744563192
-0.6043427512
-0.8131943703
1.174796196
-0.2333270825
-0.5866034195
1.400376821
0.2349249549
-0.7706466854
-0.5033486068
-0.6101459652
-0.7435498267
0.1367690477
0.02287240443
-0.4962185651
-0.07831722088
0.2166179383
-0.8967579842
-0.4994907469
-0.9484728962
-0.5425400168
0.08657001988
-0.2274655186
-0.7334339172
1.243045574
0.5877145663
-0.7372172475
-0.673244831
-0.2138943642
-0.932856065
-0.4601680398
0.02689182004
-0.4179488316
-0.1728023108
-0.2604193144
-0.6858073622
-0.5775934607
-0.00885897954
0.3039802909
0.1481220534
0.1831635321
-0.5177952141
-0.02189742606
-0.5211069465
1.724288124
-0.6093509883
-0.6160523087
0.333064618
-0.7912475079
-0.4509215407
0.2740195019
0.4805260513
0.2460052177
0.1757131989
-0.09324065885
-0.2416130614
0.2592087723
-0.5936753944
1.11400291
-0.3557849403
0.8573892199
-0.3660097035
0.02789924028
-0.7317923009
1.233731714
-0.3414863847
-0.5093556926
-0.1592493622
0.1188272409
0.1589168361
1.048566243
-0.5336711094
-0.6116084903
-0.1316974845
-0.1573191859
1.660635236
0.9376488447
0.8050706923
-0.7499736845
1.736983487
-0.2218520302
0.04615784818
1.313402516
1.91872412
0.8641350448
1.383960891
1.254456306
-0.2203513974
1.433434047
2.073636878
0.0736873633
2.0612634
0.4154568024
-0.2386638071
-0.2874762777
0.04376463396
-0.5659082055
0.1558950439
-0.4746757373
-0.8553235978
0.1622584833
-0.3270737104
-0.7061353117
-0.6508454159
-0.1279641874
0.6897457495
-0.4230076574
-0.1391810251
0.3357725644
-0.563422592
-0.4444006942
-0.5012286648
-0.113450194
0.05654323129
0.2332686245
0.06773761548
0.08310091561
-0.2951404199
0.627393806
0.8058303669
-0.1386348624
0.3889017699
0.9474939503
-0.1206538849
-0.427757065
1.023697346
0.2211238656
0.05392974447
0.06187483864
-1.066202116
-0.22913902
-0.4749281481
-0.7799886912
-0.3488529887
0.2896297012
-0.1840397917
-0.2576530939
-0.5285308771
-0.461529997
-0.3080930769
-0.8259750813
0.4578095943
-0.2178697011
-0.113018734
0.2232666032
0.2719769204
0.3435243839
-0.06434695441
0.3142895635
0.1859367951
0.06740019775
0.6937169954
0.2330795549
-0.3691596352
-0.3112912409
-0.3211655699
-0.08439217471
-0.7278993219
0.259467929
0.7179601014
0.2754529754
0.7016911522
1.870195335
0.02419370417
1.031606849
-0.0565953251
0.1083176238
-0.624153626
0.5671508379
1.733073437
2.59752568
-0.3837806791
-0.5137867257
0.3918629564
-0.04859657558
0.004097967409
0.3301032099
-0.4115842015
0.8813606054
0.1258785152
-0.1285304828
-0.3816957518
-0.2498965066
-0.4722064942
0.1345398383
0.2934492347
-0.39146984
3.11931442
0.3078703223
-0.5016416758
-0.4064975385
-0.01551486775
-0.857508567
1.787839401
0.6304582886
-0.2209770575
-0.6683808625
-0.2541406747
0.3964558915
-0.08515486568
1.711336559
-0.2855876705
-0.3913391314
-0.1792602155
-0.1859927058
0.2571765179
-0.218064685
0.4007445458
1.512965846
-0.08360198885
0.3718632951
0.1838380601
-0.5810735479
-0.627673614
0.5480782688
-0.1983193072
-0.2654661588
0.770994547
-0.4487075225
-0.6618957013
-0.1979316097
0.3586318769
0.2431738475
-0.2828458995
-0.002605706267
0.3262553575
0.5843633085
1.032771254
1.078236814
0.009284609091
-0.2061372235
-0.06096585358
0.8604504228
-0.5596747041
-0.1210641199
2.609295279
0.08652076805
0.387994249
-0.8002054632
-0.04732718747
0.6270698883
-0.2991633777
0.2777301411
2.862496448
-0.06511602756
1.052543657
0.9143173248
-0.3164897136
-0.4525030568
0.1463801425
-0.5288837507
-0.114990682
-0.485721989
-0.8060658753
-0.3845674537
-0.1804411663
1.396013388
0.3201523453
0.8853267536
0.2048450368
0.9170935467
-0.6395945519
-0.01494341171
2.988487351
-0.4575571746
-0.4187028281
2.848696983
-0.1547699511
-0.09277749667
-0.6397569418
-0.6864143893
-0.45957582
-0.3642100371
1.478693426
1.616905381
-0.5052081734
0.9464978732
0.8404223338
-0.4052770585
0.3362627884
-0.3610511594
-0.1469489364
0.6184780553
-0.4842857465
-0.01517264433
1.52510919
-0.7438680202
-0.1710803792
-0.8998767912
0.7886402011
0.4610540394
0.1880012671
-0.2156044753
0.1638165032
-0.4932945907
-0.2693978772
-0.8894494861
0.6885999493
-0.4120113149
-0.02642120922
-0.317925813
0.05487986533
-0.9585470676
-0.336266616
-0.4900380641
-0.4062724352
3.87553376
-0.4174024984
0.2681102864
-0.2145340934
-0.9251451492
0.09175211038
0.1001942053
-0.1578305438
-0.7556171656
-0.3752722241
4.371544743
-0.0613100037
0.7777988702
-0.5234959558
-0.08526010867
-0.3248009667
0.3273996002
-0.3614584282
0.3950912334
1.870409524
-0.378555911
-0.6077881619
-0.4338756993
-0.5822668374
0.2038485834
-0.6192039937
0.7489936501
-0.8077116847
-0.5768262997
-0.8504339278
-0.6075374395
-0.6493862629
0.237883551
0.1716013512
-0.424503684
0.9990832224
-0.8810425431
-0.4588868573
-0.4605798244
-0.2678946404
-0.6322069198
0.316847583
1.140374658
0.06840136331
-0.1244904529
-0.97642968
0.2007804192
0.02696641054
-0.485789299
-0.5775806844
-0.07139665931
0.1425432041
-0.6960506618
-0.5689573303
-0.5392142951
0.5830584854
-0.05832012556
-0.492723459
0.08483258327
-0.3128149338
-0.4796302691
0.0002776376903
-0.008665012103
0.7003483616
-0.06265840158
-0.1813996155
1.424594814
-0.5570549086
0.6330863506
-0.5850356206
-0.200193765
0.3877357408
-0.717051366
-0.3342564266
-0.1182072327
-0.3320160121
2.192865038
0.991566956
0.3014579021
-0.8810737044
-0.1307297898
-0.2520801738
-0.2235304516
1.894881207
-0.01005785763
0.08730111439
0.07749218596
-0.3753369212
0.0200728029
-0.5966668591
-0.7444665879
0.4227949336
1.783952367
-0.1031861283
-0.6409005135
-0.01213366669
-0.145792526
0.6153674632
-0.3751241803
-0.9451651245
-0.2687605575
-0.003938160185
-0.6463548824
1.261735305
-0.5296381757
-0.6850631982
-0.368564941
3.019666988
-0.3535810344
-0.2232135789
-0.07749912012
0.08762668115
1.722563851
1.514496183
-0.4436456241
0.464482519
-0.2894308809
-0.4727922425
-0.8593369186
-0.6978026271
-0.1446407024
-0.5209283285
0.2728153164
-0.4996376976
0.3736498721
0.02100431798
0.04728536019
0.2669857752
1.799697003
0.5525523603
0.08872792386
-0.5592811495
0.02898017988
-0.1737630643
0.7649597824
-0.06340990928
-0.26517224
0.9190214068
-0.6125728279
-0.9097328722
0.7170291577
-0.6217795894
-0.7840952128
-0.5379209012
0.2295535208
0.9123025745
-0.2807730064
-0.9365916014
-0.7664284945
-0.5959623039
-0.06994951852
-0.3054321516
-0.1819710623
-0.4450948581
-0.5061382502
-0.05037771342
0.7233959712
1.788900465
0.435940138
-0.5194544777
-0.4366933942
-0.5642274216
2.685412642
0.4828065991
-0.3321033224
-0.7820670009
2.437614703
-0.7070214301
-0.2050593263
-0.005790552637
0.02744581634
-0.4118118897
0.7505886979
-0.1461362313
-0.1246050439
0.8855037898
-0.5019125968
0.2629191687
-0.007297491422
1.979914349
-0.3741695337
0.4733011834
-0.5058514081
-0.5067585975
0.02816097899
-0.007887310907
-0.6481249571
0.2924297765
-0.2989198498
-0.8078592718
-0.8572902828
-0.6024214387
-0.0103604449
-0.900914371
-0.8281949162
-0.5788867101
-0.583423239
-0.6021338835
-0.7860715002
-0.3267457303
-0.7830311924
-0.7649190456
-0.1157953874
-0.6663257286
1.214873624
0.3770450413
1.276445341
2.821413797
-0.6002872974
-0.5659245878
-0.9614730477
0.5159398094
-0.5751646176
-0.3005656227
0.2459959805
-0.4247702941
1.603462613
0.6845206134
-0.1141237102
0.2979949606
-0.5057557687
1.701833266
-0.5139035314
-0.7099828988
2.243438607
-0.06558949258
-0.4269632772
1.066281745
-0.671694994
-0.3384102728
2.698715365
-0.5084913731
-0.8412993133
0.626690612
-0.6430579394
-0.7471591681
-0.04457434826
0.4912007943
-0.4081822962
0.8399060726
-0.04609102122
-0.1531035043
0.1662202718
-0.645308134
0.207342259
-0.07986615077
-0.7129142344
-0.3017576091
-0.2385657787
-0.4156963147
-0.5971047372
-0.5345480174
-0.1014199972
-0.3806640312
-0.07983999327
-0.1955812009
-0.7468613565
-0.3511360116
0.07379470454
-0.5951501042
1.638139105
-0.2551285126
-0.3960921481
1.243491805
-0.895552358
-0.4715083957
-0.3356840506
-0.5173650488
-0.2058838876
0.1542970876
-0.1888821539
-0.3471882347
0.05355323451
-0.1402747702
0.1003318821
-0.620694831
-0.6793856785
-0.4498275511
-0.01964360848
-0.6994703591
0.04481069753
0.0953321402
-0.01402631812
0.4529962152
-0.399979379
-0.8864926696
-0.03548791246
3.105600023
1.072927889
-0.5723252058
-0.2211562999
-0.2976316169
-0.7079938263
-0.367477864
0.6324327871
-0.6923820853
1.439116579
-0.1840200486
0.1051386988
0.656798844
-0.2674814537
-0.8259330124
-0.9059096754
2.005455443
-0.6290669739
0.2472364913
0.9249904156
-0.1453623235
-0.4302343994
-0.8955049694
0.1804598007
-0.6086072102
0.1034367077
-0.6778188139
-0.6539122432
-0.4830372572
-0.5577840209
0.2900885426
0.9837951943
-0.2689156108
0.6215376034
-0.6927596003
-0.5562967181
0.2211916354
-0.4735633001
-0.8814940423
0.4641158553
-0.03823358612
-0.8775080413
-0.422878775
-0.6004892796
-0.515033029
-0.1862998165
-0.2527874839
-0.5350394592
1.043196535
-0.04073172435
-0.5981697217
-0.7499373257
-0.6521329209
-1.030678186
-0.05903582238
-0.7575453699
-0.7403481573
-0.6202452868
1.192851355
0.111495643
-0.5356858831
1.256428126
1.681634174
-0.349417977
0.4485192055
-0.676071167
-0.8769204408
0.2344434758
-0.8142035365
-0.09968005167
-0.1187532444
0.7022099271
1.679941094
0.4527121425
0.4345200896
-0.5141745031
-0.4228047792
0.2029968826
-0.09643523488
-0.693568188
-0.05726873595
2.659001231
-0.7325249106
-0.4822459891
-0.5832859173
-0.6645437419
0.3160616625
0.4227783076
-0.4116756365
-0.08684844645
-0.7692367256
0.006632660376
-0.4498919323
1.615663946
2.327035022
0.2511086271
0.5344559036
-0.7343036622
-0.1986460607
-0.734011811
1.324808574
-0.7641686708
-0.6368318036
0.9932509392
0.5484683365
-0.1030933566
-0.1103026065
-0.5895388946
-0.1790521432
-0.231737192
-0.02407426289
-0.4504560828
-0.7010861248
-0.2943076868
-0.1730998967
-0.005153820664
1.258842677
-0.08329897076
0.5655853599
-0.1031739728
2.674621153
-0.4095049942
-0.5440387875
-0.4576695815
-0.6438578516
-0.02900415731
-0.2304554574
-0.2509222891
0.7702913195
-0.2977791101
0.1658717727
0.1025849422
-0.2680799577
0.2376503812
0.8136430368
-0.8699620426
-0.259299415
0.445193892
0.01557751023
0.2566968478
2.045037949
0.4608410858
-0.254923876
-0.05529495757
-0.6791212499
-0.2142197408
-0.7309204787
-0.2687517591
-0.7848541409
1.613331425
-0.6528427854
-0.6484169647
-0.1342469028
-0.08320549671
0.3798367333
-0.1275811043
-0.3074517146
2.839180565
-0.02469364349
0.9794062018
0.629253605
0.3608193071
-0.07669167221
0.04267204441
0.8493539959
1.008655116
0.9288556874
0.3304560827
0.1257149164
-0.5342913508
-0.212215081
-0.9399382174
-0.5635427505
-0.4449263044
-0.1184433643
-0.133655768
0.2447965159
-0.3296706194
0.2680860564
1.138515383
-0.6088271573
-0.323496405
-0.3913683191
-0.6384056792
-0.2924903098
-0.564225933
2.106070584
-0.2417888039
-0.7049770534
-0.3724065114
-0.2697937092
-0.4938381255
-0.3153522704
0.3671394134
-0.07044319771
-0.387480545
-0.6876854941
-0.4659070387
1.063568578
0.7231968358
0.4958407648
-0.6284576476
-0.9034650683
-0.6269929737
-0.4832822502
-0.6687846035
-0.982427156
-0.3758851655
-0.5307029687
-0.4705028534
1.382182759
-0.3925009005
-0.1274270199
0.4100648137
-0.4221872404
-0.7595935971
-0.3400006063
-0.1859053289
-0.4151715659
-0.3734689824
-0.2496605752
-0.4101036489
0.6403639123
-0.2887095466
-0.24477234
2.472302204
0.6937087953
0.1370954743
-0.2458261523
0.03242851151
0.2139988994
-0.2084086903
0.4778567519
1.576640183
0.7452735215
-0.07325011343
-0.2621573953
-0.3790675856
1.347456872
-0.2272467233
-0.3786598265
0.4131350091
-0.6125099301
0.3976726836
-0.3837308213
0.3065318165
-0.04983784175
-0.5967608809
0.01545307403
1.597671694
-0.159427977
-0.2971896265
-0.3524484873
-0.4472130701
-0.1509620646
0.1156878505
-0.3918017261
-0.7449465394
-0.2931963876
-0.1823834707
-0.6488162428
0.03049285091
1.569589806
-0.2115332279
0.1157049011
2.198944616
0.7840518758
0.3662220083
0.9700988621
-0.08652722687
0.7720491365
-0.202997032
3.019207704
1.933343375
-0.5469420508
-0.4053338878
1.085172519
-0.4580434039
-0.510245131
-0.1822466053
2.270267797
0.6459736496
1.894367999
-0.3197405085
-0.4242591798
0.232241935
1.664958644
0.1666667232
-0.6515849486
-0.2223590326
-0.2220321964
0.3402015869
-0.1476750513
-0.2879090276
-0.07461776901
1.79543888
-0.3611996539
2.489539582
-0.2156906202
-0.5962827936
-0.05851411866
0.8712576404
-0.7015704125
-0.1857309444
-0.5789838135
0.6921541594
1.162395051
0.9157466888
-0.4046569549
-0.0609156251
0.4897409521
-0.377251872
-0.7267991394
-0.2262346156
0.4854317673
-0.683234185
0.6573039949
-0.7517091811
1.595058686
0.5679937616
-0.2145983394
0.1702984207
-0.5378350332
1.115962303
0.7633437797
0.1070860991
1.629486993
-0.3302988328
0.8026360802
1.401194865
0.7749583498
0.09920258746
0.257565909
3.19757061
1.253637451
0.5303914905
-0.3625314988
-0.5477121346
1.401132363
0.4059768483
0.8633643195
-0.6444325298
-0.2655756809
2.1500633
0.4960867373
-0.1461280128
-0.07384055508
-0.376428441
-0.6394723848
-0.03028490096
0.483269934
0.7436972484
1.0992248
-0.1863872455
0.2543494865
1.592640382
-0.4644871406
-0.5779756412
0.7670753643
-0.660768646
0.1880685501
-0.09432489909
1.895392376
-0.3853699297
0.9163398713
-0.5426902264
0.0119270172
0.08645067876
-0.09620057717
0.9107445747
-0.07047202177
0.5571873538
0.9864572406
-0.8078143716
0.1926772228
0.6888100177
-0.3062250838
-0.3356144547
-0.5001184836
-0.06818676293
-0.5146829426
-0.1605774503
-0.5195687242
-0.156422703
-0.2942457959
0.4279626578
0.8122223049
0.1882325764
-0.1129400695
0.6593203217
-0.5742366359
-0.02017589025
-0.3083877418
-0.6148632929
-0.745553723
0.9918908089
-0.05694089998
-0.4335212506
-0.5793745205
-0.2882173855
-0.4597460732
-0.7957638681
-1.030547833
-0.04972960372
-0.05058832243
-0.1141696934
1.445869065
1.428967214
-0.667992571
-0.7057455838
1.117131536
0.2727088842
-0.3791048795
0.07223694017
-0.459052512
-0.3420647828
-0.06958030052
0.2864572793
-0.2242491946
-0.2252251868
-0.5473263934
1.328080544
-0.2907054558
1.262120646
1.091447479
0.1332124921
0.7784405738
0.3591964527
-0.114800912
-0.3030829556
-0.1035489291
0.0947887755
0.3996848218
0.694405435
-0.1959810201
1.222477108
1.400816369
0.4160016891
-0.1006600041
-0.2481006267
1.282408711
3.172659129
-0.6201672941
0.0432497181
-0.246934548
-0.3704412479
-0.4009486631
-0.248381716
-0.1342227151
0.9548521698
2.469667441
0.3557288466
-0.2074987889
0.05262958137
-0.3155428145
0.1756482039
0.8810141556
1.754529557
1.156310691
3.350000393
2.615347183
1.055494073
-0.4083843559
0.100109825
-0.5779937074
0.8944252312
-0.4897601068
0.3052250489
-0.08339819359
-0.3210990325
0.4145582464
1.232035595
0.06469884042
0.002490562946
-0.6137968883
0.07663757959
-0.01636049673
-0.009230552148
-0.04986839071
0.1801930223
-0.05478725042
-0.4581707269
-0.2786633879
-0.3802018076
-0.3406973591
-0.4914468095
0.2969733624
-0.2355743669
-0.3411429057
0.5205507386
0.3750146028
0.2341444534
1.367205569
0.7029977761
-0.787787497
1.116974389
0.5115255296
2.807790995
0.767963925
-0.2977022953
1.510413897
-0.4564123362
0.05822153278
-0.3189282462
0.913663274
-0.1479860403
-0.4880744442
0.6783082485
0.7859055631
0.1020559774
-0.3021939039
1.484623265
0.9731652305
-0.4761611715
2.453593278
0.7771314964
-0.7125810474
-0.6478017941
0.5167978283
-0.4892995387
0.1261470528
-0.2116037201
1.251028883
-0.4437366843
0.6541443147
-0.6244826078
-0.2100980749
0.4782260627
-0.03207658529
0.57954721
0.2652166256
0.7752525911
-0.9180070817
2.403981572
-0.3635386195
-0.09402483441
-0.1820439301
-0.3047057047
0.1979828306
-0.08685183749
0.228713489
0.3019942093
1.803815931
0.1442773746
0.2202238115
0.6634991258
0.01865913477
1.903823346
-0.7447649479
-0.09104077052
1.005709285
0.342313454
0.5326003
1.194361705
-0.0578227873
0.5481529139
0.536780072
-0.6142297342
-0.03006713958
2.305228773
0.5581520513
-0.07741201269
0.7796826378
1.502077222
-0.4053372964
0.4673689332
0.1598520752
-0.4640653774
0.1145474983
0.2323047889
0.845757556
0.1903906895
0.5038050003
0.1820478132
0.1610760972
2.122866619
-0.2933908017
0.1896093056
0.2407279945
-0.5457082212
0.1522492436
-0.46252966
-0.2484283708
-0.3478582349
0.674627088
-0.4644647524
-0.8733641595
-0.0539362282
-0.1817590293
1.248337117
1.065582016
-0.01398863145
-0.2913901597
-0.1729855547
-0.203999244
0.01891631819
-0.1853724018
1.381992
0.7800972879
-0.1900421675
-0.3109402262
1.303707093
-0.060892931
0.3569819704
0.1859538272
-0.5791159943
-0.6652204931
0.06716736462
1.355528745
-0.6710726127
3.078997648
2.293518239
-0.09518541507
-0.07177704684
0.2049182841
0.1580198548
0.256334637
0.158703001
-0.2065657573
0.4906716455
0.01762037706
0.4561744675
0.07065892667
0.7512017123
-0.5685262352
-0.05557866227
-0.3422823556
2.15615617
-0.3830712244
0.3917400543
-0.3206506833
-0.3859586924
0.8464054421
0.6974313498
0.01362522822
-0.3980957612
-0.3728780046
-0.3872127071
2.98343904
1.336776155
-0.5010217711
0.5709926654
0.1647633763
-0.6165887073
-0.4806882009
0.5591101363
-0.3763524659
0.2700224803
2.799988937
-0.2982310316
-0.6088909432
-0.1659552351
-0.3492688134
2.458985066
0.5819283679
-0.6801544696
0.3417071208
0.1778953277
-0.05393524747
-0.0006523391232
0.2467763698
-0.5487894148
-0.1582144788
0.09100183416
-0.5434224516
-0.3168107014
1.19519673
0.8501169801
0.8998141408
0.04330159118
0.2054662267
-1.005471236
-0.4180067867
1.244981885
-0.7385041386
0.2623447709
-0.3296363249
-1.000685048
1.475057465
-0.6508456334
-0.1131136471
0.809086825
-0.1531440301
1.129530704
0.9303706646
-0.08250300596
-0.3281068489
-0.1719487857
1.318495053
-0.4715990171
1.018087107
-0.3036950648
-0.1841486691
0.05358196888
-0.3939550966
-0.3496119738
1.960469645
-0.05765088815
0.4358525127
-0.2090610082
-0.4255898945
-0.1634320972
-0.7345824659
-0.008191771805
-0.5397640511
0.03621542519
1.635160062
-0.6461932123
-0.20035227
-0.4320616178
-0.1274208313
-0.3282925129
-0.6782026529
1.452799052
3.077638471
-0.3750861786
-0.8089022279
0.1514551655
-0.3700657666
0.2218704727
0.793946664
1.550711676
-0.4349396951
-0.6681724757
-0.4573962986
0.1202397926
0.7962928489
0.5655215189
-0.5494707048
-0.2318486793
-0.2092614647
0.3698424636
-0.1140711193
-0.5368493184
-0.6258116826
0.7878690571
0.2000779756
-0.3049518742
-0.468201144
-0.6849496394
-0.3434198558
-0.6404189169
-0.1095113698
0.6287770137
2.399045441
-0.4767395899
0.8249003574
-0.5046718463
0.08857594915
0.02005689908
-0.3570219584
1.678398515
-0.07758420212
-0.3366825303
0.344194505
-0.5747251466
-0.403402473
-0.4718306065
1.446344176
-0.127579261
0.641973643
-0.5934342757
-0.008091580751
-0.1369981166
0.403581414
1.591659266
-0.3401451722
0.6214427561
1.230503878
0.9022394717
0.02441093326
0.4054349549
1.407335168
-0.4202397987
-0.08725843523
-0.03836092846
-0.8576273471
-0.3882616257
0.1233753197
-0.4339133129
-0.08461578991
-0.6774768561
-0.5361209691
0.01774965618
1.520480043
-0.3079023775
-0.5401224166
0.118256764
-0.3277133867
-0.5557999
0.9500963062
2.386347008
-0.1986762418
0.7060941108
-0.2512367435
0.3055422638
1.292778501
-0.3414258696
0.6983247861
0.604009299
2.728264654
-0.5446421251
-0.06005733199
1.505254787
-0.3779864311
0.4795378699
-0.6012844428
-0.03223736836
-0.2187742883
0.2693754178
-0.1398549298
-0.1642416784
-0.3821066886
-0.6697950929
0.7895540729
0.2130105617
1.702053249
1.05415709
0.9558063775
0.08968823277
0.5017752089
0.1387370298
0.1827360503
-0.2396859631
0.1078198122
0.2928762757
3.436403888
0.1238495305
0.3388829909
-0.2901181404
-0.2189335667
0.2580272139
-0.3732679471
2.070342803
-0.4104601383
-0.2229541481
-0.3454122873
0.02314968705
-0.1848597294
0.1029219055
3.753058934
-0.5863996223
1.44982655
-0.004286166281
-0.2372476039
-0.3959099598
0.290503622
0.3732074494
-0.07471526312
0.5038005725
-0.1364426443
-0.1687608146
-0.3097277559
2.287414205
-0.005881308764
-0.1257346256
-0.7917174697
-0.462535435
-0.2875999393
-0.424466911
-0.4981686413
0.5562889084
0.6032586902
-0.3397430517
-0.07857364286
-0.6023434684
-0.4254837804
0.004341977835
-0.1062972715
-0.3331739865
-0.2579758866
1.291457051
1.17492477
0.2111004069
0.04272412462
0.7400452167
-0.5586255029
-0.2203913577
0.4550116397
0.7016388029
0.06480994159
1.09390732
-0.1583364062
-0.6822107524
-0.2761382714
1.601530057
-0.04458157942
-0.8004630059
-0.3095754512
0.07245775824
-0.1481306795
0.1318164773
-0.3906408377
0.2871203892
-0.2523785054
-0.367942233
-0.3541518733
1.33025285
-0.2429624335
-0.254244463
0.0779907871
-0.2855873439
-0.9633823574
-0.280158576
-0.4642669767
-0.02328805849
1.069167447
-0.3363160171
-0.2761557773
0.3392390465
-0.3790156433
0.3274593882
-0.4330473885
-0.6115788147
0.7171816185
0.9577349007
1.394840106
-0.2975156106
-0.1551142341
1.174377477
-0.7367023021
0.3115538745
-0.7800204128
0.9351969987
-0.08671423178
0.003025712073
0.8289727747
-0.2235371619
-0.6716498256
0.7281472869
-0.4374378607
-0.1400742221
-0.4225392431
0.5343445525
-0.1333125481
-0.4255738288
-0.3297189482
0.6095171735
-0.07490268014
-0.09794897828
0.856870158
-0.006222775485
-0.04900881248
-0.05634880038
1.508969453
0.00281199757
0.3928171903
-0.3868731834
-0.431066671
-0.6751545101
0.8262540974
0.1259779666
-0.3540202148
0.4521659832
-0.1861419398
-0.4967276245
0.2935776987
0.04904477117
-0.08850979619
-0.7302401364
-0.436713177
0.685655205
-0.121472769
-0.3818812206
0.8676578641
-0.4724370345
-0.3888927992
-0.5993816808
4.427456856
-0.4173467264
-0.3790705219
-0.1728681169
-0.1416667031
0.7390646547
-0.8346330583
0.9765731573
0.5260331497
-0.42434448
0.07579563414
-0.1053054835
0.1065079285
-0.6537767231
-0.2752612382
-0.4571198776
1.296351963
-0.688722536
0.2679469557
1.153709754
1.511504799
0.1045606874
1.552205947
-0.2306938715
-0.4941037685
-0.3822246134
1.145781589
-0.3829553314
0.03157919645
0.1557795028
-0.2493530825
-0.9364148527
-0.8594178692
-0.2927137583
-0.5656803638
-0.5059773028
-0.5377352446
-0.4136461109
1.147229439
1.295250639
-0.2438384484
-0.4565538794
-0.8876432717
-0.2606568567
-0.3621187605
-0.5532892138
0.6448526427
-0.3537161157
0.9541408792
-0.359400326
-0.4354222119
-0.3458855134
0.8702395618
0.2908064223
-0.2882352892
-0.4299550176
1.170352291
-0.1019857042
-0.1153208151
-0.7533828646
-0.15738494
0.3590073783
1.874207695
-0.07224780582
0.2009546638
-0.8844680667
0.02920711068
0.379352745
-0.3844950557
-0.303265056
1.658355886
-0.4465526864
-0.6180453628
-0.3830175105
-0.6622932702
2.607950377
-0.7888699859
1.122700882
-0.5398119204
-0.01719542006
-0.6411367938
-0.3418758243
-0.8149046183
-0.7565528229
-0.5134505793
1.216469529
-0.5476042315
-0.7392921537
-0.5278389379
-0.6403512985
-0.1458641324
1.52953696
-0.06644803099
1.398884159
0.4291620903
-0.7199631572
0.1292841457
0.06825113746
-0.1753993448
-0.6660475388
0.2091094879
-0.4377065003
-0.2510106578
-0.5914269269
-0.6323858768
-0.05655851085
-0.04248645334
0.4984557942
0.43290933
-0.4683666751
-0.1705529917
0.6248849355
-0.2841900591
-0.3652762473
-0.2350956943
0.08830960859
-0.3488120154
-0.4157034606
-0.6624708921
0.09889779724
1.135978207
1.485431507
0.03149232753
0.09020200656
0.2606817983
-0.374672766
-0.7434824616
-0.05871656258
1.168457061
0.06570653012
0.02659116439
1.501799393
-0.3080129676
-0.04949966613
-0.1250367891
-0.03703414164
-0.4666809306
-0.04139215481
0.8495167971
-0.3506652579
-0.6865679473
-0.6076910004
-0.6051349908
-0.1704004779
-0.9271293491
1.266854954
-0.1911773648
1.092279628
-0.1822410144
-0.1135884073
0.4722145848
0.7738079801
-0.2722350385
-0.6355912536
0.04552313499
0.246451417
-0.03755553896
0.2493377639
-0.7857182205
0.7843878061
-0.1953562325
-0.5605103478
0.7978314102
-0.1317035981
0.206550657
2.231425977
-0.9983025163
-0.09300041925
-0.0526716196
0.37935353
-0.5299154535
0.914009811
-0.8966543019
-0.3713302232
-0.8731206745
-0.1529555637
-0.7222303152
0.582037475
-0.1061880841
0.04727918855
0.03860129705
-0.04362876648
-0.6517008066
-0.593496763
-0.5407502584
0.7107310057
0.4821920805
-0.3978903867
0.0811194621
0.3396222461
-0.06956315655
-0.09797506668
-0.2354952067
-0.2539239563
0.09934162716
-0.4101968601
-0.572807613
-0.7786641657
-0.7338500768
1.630928295
0.5808844477
-0.5675934546
1.504216945
0.9047088996
-0.619769828
-0.7159574032
-0.5575432852
-0.3629809573
-0.6267645836
-0.6479833871
0.9120076768
-0.6752454072
-0.5801814243
0.008560048742
-0.4349113569
-0.03569327034
-0.1376598013
0.09956861204
-0.3470048212
1.130128179
-0.1354601607
1.151797128
-0.9647018909
-0.6036306426
-0.7366339833
-0.3055668842
-0.2488879818
0.1639020121
0.6330514982
-0.7174958676
-0.4072688065
0.3138322193
0.1343041176
1.587596881
-0.8235029072
-0.6468026504
2.593492097
-0.1939912448
-0.7368762717
-0.1376169831
-0.3525211588
0.260803632
1.543657196
0.8501496956
-0.06735352268
-0.5202131867
-0.8350116462
-0.4224252895
-0.6196573704
-0.609213987
-0.44473975
-0.7056337714
-0.09461673088
-0.6502774745
0.7543005109
-0.7494866759
-0.8343904823
1.326718444
-0.8949217767
-0.1489952054
-0.4163109884
-0.7351310641
-0.9754129797
0.02807940743
-0.7238894612
-0.8802229792
-0.8170562208
-0.4136751436
0.6769299806
-0.2013759332
0.7171746895
-0.3117863845
0.02127022045
-0.8065795764
0.7093141884
-0.3899123296
-0.1369228669
-0.5313117981
0.8043201804
-0.3017977938
-0.2520842344
-0.626719147
-0.5243464738
0.9398210049
1.519333446
-0.678745766
0.2220086383
-0.6033188432
-0.3145403229
-0.5054837272
-0.7799335808
4.332222962
1.707237524
0.0559321967
1.678436059
-0.3178250439
-0.3115557052
-0.8169186264
0.1964892122
-0.6748765156
-0.1297991157
-0.4030089073
-0.5684316188
-0.4650010981
-0.7684337825
-0.5984401971
-0.5452617861
-0.2190900311
0.1202315795
0.5261723086
-0.07694016886
0.7941551805
3.857074344
1.350095153
1.984021467
0.2395255003
0.6543735728
1.165698442
0.02765302062
-0.00918083638
-0.3794740334
1.558576626
-0.6668152481
1.065713558
-0.1175532864
-0.3405086868
-0.1265585476
-0.9233909518
-0.8684588939
0.6864970341
-0.945674634
-0.3339697525
-0.02885160907
-0.3303014655
-0.648360154
-0.4135092068
1.045156601
-0.3053932145
-0.7632672884
-0.7111281633
1.220020652
-0.1327348592
0.4174780848
-0.8225933015
0.1660772897
-0.01905070771
0.9368748769
-0.5694822997
0.7941922531
0.3176882142
-0.09426930221
-0.3452184185
-0.3888514027
-0.4927198991
0.5169910791
-0.3199041512
-0.8647752881
1.466191179
-0.2070835838
-0.394645559
-0.7940489203
-0.9376000941
-0.3331855848
0.5317872338
-0.673364231
-0.6815486878
-0.4285349235
-0.6391978398
-1.034063587
-0.5541422978
-0.9059084326
-0.2330295434
-0.9005463302
-0.9582612485
-0.7477585137
-0.0958801724
-0.9116957098
-0.1237408336
-0.5727195203
-0.6197236642
0.5284968138
0.8645226717
-0.2897323225
-0.6997166604
-0.9901161283
-0.6777950823
-0.03553021029
3.246558416
-0.8043571264
-0.2960147172
0.1881603025
1.302394331
-0.2485400531
-0.7454749495
-0.1321541884
-0.7253829539
-0.3338669017
-0.6430211514
-0.5064550146
0.8822500914
1.670697293
-0.26360921
0.06758179609
1.111616684
0.4279290333
0.3980811005
-0.4718436912
-0.2582918994
-0.2717370979
-1.00993208
0.6540601462
-0.3255986542
-0.2825562377
-0.3851606391
-0.05892704148
-0.7147691935
0.1924402749
-0.7592154831
0.4228562331
-0.771197328
-0.3956469275
-0.4876370728
-0.4020642862
-0.5535173804
-0.3014220931
0.8483168408
-0.4721891835
-0.0526900311
0.9727572694
-0.4137299046
-0.3512469925
-0.2674557701
-0.4331063434
-0.2678371582
-0.7071338534
-0.5198131859
-0.8831228316
0.797354506
-0.6652046591
-0.6874730587
-0.3528237827
-0.3418103904
-0.01701299138
-0.7652146429
0.7230497718
1.441632523
-0.2571464051
-0.1468350532
-0.5272670791
0.2455557765
1.23740702
1.59028708
-0.5937648281
-0.1853455447
-0.03782861955
0.1069891592
0.6326901451
0.04340067925
-0.6616674066
0.4448646575
1.317909276
0.6069897775
-0.5212461159
-0.004070311226
-0.8346053511
0.0426010496
3.013822603
-0.04533704966
-0.2058731683
0.07601974271
0.9066751003
-0.4609049894
-0.2473048262
0.4531840598
0.2187562664
0.07894760072
0.5541807681
-0.3553763442
-0.1689731507
-0.08865632564
-0.3159608673
1.260044676
0.05528265885
1.909022903
-0.4150082737
-0.3338732615
-0.3668662332
-0.02843752047
1.845009583
3.624259663
-0.1411951847
-0.2433417091
1.236917639
-0.784407565
1.152234533
-0.1521802915
0.2620592535
-0.6325531721
0.04020279748
-0.4265026286
-0.3862430908
0.9064862162
-0.9076306403
-0.3029945225
-0.02059691772
0.3771876805
0.1612959646
0.09380325209
0.2881288063
-0.5624549001
3.685289633
0.8891484335
-0.3350759976
-0.1509345485
0.08767194562
-0.3172112435
0.2215245639
0.007683384744
-0.2741435453
0.8297187358
0.2472225546
-0.586994344
0.9926897258
0.7422973007
-0.1201027358
-0.480560641
-0.6943320528
-0.772185719
-0.3397079915
1.839404947
0.1943256179
3.067592776
1.086872542
-0.1693321224
-0.6967889398
-0.8041344017
-0.2884786367
-0.1065442303
-0.486410819
-0.06780086234
0.03346469346
-0.5856434211
-0.05109451935
-0.3542028069
0.2015827168
0.6989348561
-0.4262863785
-0.656729418
1.08305276
0.7357849233
0.4513052911
-0.4566284835
-0.06925244872
0.5324428757
0.7745169446
-0.6295822412
-0.2286500541
-0.4823426783
-0.6031840876
-0.5310272068
-0.4698971733
-0.3462168563
-0.496872963
0.3897058677
-0.3965116091
-0.6209025532
0.2828136696
-0.3542704895
0.011491381
-0.7479162902
-0.5106834829
0.7434492677
-0.4842486769
-0.06481780568
-0.4092981815
-0.5582262293
-0.2735808088
-0.3935394615
-0.4105510026
-0.6717418849
-0.3337026931
0.1685667561
0.1548769824
-0.2531350419
-0.2940150194
-0.6158970565
-0.3071572395
0.3527120285
1.00136508
0.4919108182
4.357454664
1.901064885
1.79787488
0.999692978
0.1536938367
0.01812754865
1.308864942
2.215039366
0.5583886962
1.025674945
0.8571314648
-0.5346748404
0.2698572597
-0.2932066035
0.2083647378
-0.5353040576
-0.4813939393
4.066818631
-0.6067133486
-0.03751464416
0.9864185721
-0.08158199219
0.1194019696
0.08313665725
-0.01779970536
-0.1070523886
-0.5393307641
0.1219689982
3.046575606
-0.1133536814
0.1106178443
1.356582716
0.122660656
1.435912466
0.5516469203
2.865813822
-0.3676802441
-0.1832373869
0.9386342049
-0.5255958378
0.3742774342
-0.4307700962
-0.0002885717899
0.3950831577
2.246285444
-0.4922905505
-0.3426234014
-0.06781087667
-0.2962635897
-0.2321313422
-0.07542135697
-0.1701023724
-0.3148947939
-0.5647604451
-0.2046324914
2.022596908
-0.06143403403
-0.2655366637
-0.4261384875
0.1597183388
-0.1146543738
-0.9117184162
1.584076437
-0.1866655983
-0.5228497475
-0.3043528944
-0.6655809507
1.548531783
-0.1017904799
-0.7224062651
1.873205245
-0.6369397104
0.1695473017
-0.0922148088
-0.5962690026
-0.680948329
0.04714776836
-0.4993099034
0.7775531232
0.3864338364
0.2783094902
0.9461767621
-0.3354196914
1.333470684
0.07010728605
0.2145494641
0.5467662849
-0.1073119953
0.3043227993
-0.03392992159
-0.3992770679
-0.493126782
-0.0380656423
0.2447924477
-0.5826275468
0.2417020122
-0.2861259438
0.1394020035
-0.7620301872
-0.666407162
0.06168023255
-0.3363384578
0.1956124025
-0.04734075656
-0.395174031
0.08420994096
0.637782938
-0.05688556237
-0.4731619179
-0.6721603423
1.017216483
0.2208989482
-0.9740063846
0.4544485237
-0.07193158465
-0.4048587292
-0.9160502583
-0.3730054419
-0.3337342307
0.02045313744
1.241595671
-0.8323958516
-0.1494507199
0.01215873514
0.10964275
0.36831218
0.09410467418
0.9493348897
-0.2947460361
-0.4490372941
-0.330539833
0.1493096288
0.006059696153
-0.1473268182
0.1207489626
1.351675182
-0.515710298
0.2529550122
-0.5700515002
-0.5124798134
-0.0119602927
0.1389941748
-0.6820383653
-0.02987536453
-0.3311082512
0.05881895479
0.8561309844
-0.1491568245
-0.6705895066
-0.3818824366
0.06874976736
-0.5332189023
0.5309479415
-0.8553545088
0.1681837669
-0.8024688184
0.3620088588
-0.3571431115
-0.5823353603
0.4972667277
0.1132382145
-0.5773918658
-1.017669401
-1.00764294
-0.4323553488
-0.2597073507
-0.5185215503
-0.5406671956
-0.9466316372
-0.1348103177
-0.1945157677
1.619560438
1.057855839
1.372320658
-0.6110268116
0.8803758621
-0.7759549648
-0.3354521789
-0.5274321496
-0.6081526607
1.086996773
0.4837958097
3.288589764
-0.04683094788
-0.3339913048
0.3690011109
-0.6095139697
-0.392995315
0.1830805298
-0.003639846481
0.4521212436
0.2650995269
-0.4306784481
0.5454684675
-0.3821271427
-0.6746699005
-0.663555634
-0.8781334102
0.2779148242
-0.4816069357
-0.01769428244
-0.2439603724
-0.04871035926
-0.6156747058
-0.1774972251
0.02224943601
0.07976159379
1.882890713
-0.5940292835
0.2256017607
-0.5710211575
-0.8560105816
-0.3031129926
0.6540610768
1.083593819
0.08826117306
-0.7945177555
1.075252011
1.234342744
-0.04364945954
0.2839126086
-0.7971165985
-0.1663385721
-0.1871465859
-0.7967630535
-0.4148873165
-0.6397305995
1.995597017
1.292297703
-0.3737381756
1.700900865
1.988434196
0.06290353206
-0.6695356429
-0.560862796
1.288648733
-0.5938968003
1.374271199
-0.7379666135
0.2309110736
0.1940652103
0.2864611118
-0.0609599018
0.8494005546
0.5978622124
-0.8207810938
-0.4254035413
-0.429554835
-0.4907334358
0.1226294004
-0.9216421515
0.3906848459
0.004639848322
-0.1997855935
-0.04129040055
0.01947059762
-0.4397955261
-0.43722734
-0.4389391281
0.05347261913
0.0948716064
-0.2273923039
-0.5140282869
-0.7119174629
2.23799839
0.980918628
0.08238438684
-0.8480055481
-0.9818982363
-0.1548964617
-0.01811455879
0.1505405921
-0.2526127957
-0.03010589434
-0.7832300276
-0.06302659195
-0.3896533825
-0.9385770202
0.1565907113
-0.6324545741
-0.7909011871
-0.2408664683
0.2015909841
-0.5695321038
-1.034668452
-0.2055225072
-0.2675288891
0.2656207932
-0.3084576387
-0.6942783892
-0.256659447
0.2963252567
-0.02523798002
2.014074421
0.08910491485
0.01707728561
0.6978650615
-0.7732549369
2.161330396
-0.5304085135
-0.02247636905
-0.05344498884
-0.5906693488
-0.2813164953
-0.3836939231
-0.6837733433
-0.1653955168
-0.2385436751
-0.5395798042
0.339191607
-0.1489453239
0.2117574181
-0.69737508
0.3278555077
-0.4760576665
-0.7138464004
0.01265998187
-0.2417187233
-1.021935749
-0.6994271576
0.7105824761
-0.7925860554
0.3131255168
1.406220073
0.8318470865
-0.5347572565
0.2730768781
-0.2350686982
-0.6640210673
-0.2646743711
0.8555950254
-0.2988351904
0.7331251271
-0.5515555516
-0.7286114424
-0.3683167361
-0.4544420972
0.4997471415
1.001200608
1.425246626
-0.6376814827
-0.5555467665
-0.07681576069
-0.7771115124
-0.5963388458
-0.7370212406
-0.2466209304
0.05331861298
0.01748332772
3.572017276
0.1720978991
0.880851306
1.137027219
-0.0402926866
-0.2727572631
0.06256973511
-0.4385747336
-0.5712228715
-0.7905397862
0.5455553502
-0.2927174401
0.6287950747
-0.6890954077
-0.522195439
-0.777423209
-0.7498033166
-0.563601321
-0.5694478855
-0.1765114181
0.2627069278
-0.1976059239
-0.4203566171
0.9802811235
1.209557912
0.8355003417
-0.3705655731
0.4171899693
-0.6040759921
0.0839062117
0.3286536172
-0.7430404246
1.487960374
0.1361736424
0.3575578049
-0.6651305467
-0.2012440328
-0.8976683825
-0.4429905236
-0.8014481753
-0.607968919
-0.6074599616
0.7182730287
-0.5677778021
-0.2825728126
-0.774010247
0.2788306705
-0.1548288673
-0.2635215804
-0.318789429
-0.6744992524
-0.8378247499
-0.4887226716
-0.4430964455
-0.7536821604
-0.09861048311
0.03692520102
-0.4436289318
-0.6742217153
-0.5774210453
-0.6444816709
-0.9246254563
-0.05115960967
1.281023005
-0.6470962584
-0.5959522486
-0.09765817951
-0.1786736054
1.35813677
-0.3333500721
0.3613858029
0.7844906449
-0.7699824393
-0.3010842517
3.264192885
-0.5401185215
-0.05959108341
-0.1692348933
1.030652404
-1.061552435
-0.4391240433
-0.0993619049
-0.1278781632
-0.4244499192
-0.8688646287
0.0396700806
0.02427318692
-0.2732447049
-0.03157122321
0.07539123967
-1.020100835
-0.5563092828
-0.5233358204
-1.003280401
-0.6628176421
-0.2635203801
-0.4912813738
0.3385230327
-0.4439205721
-0.3761669636
-0.06975980406
-0.9913757682
-0.02093613581
1.185044357
-0.6789556593
-0.9508081794
-0.131292323
-0.843038705
-0.6258614644
-1.00839428
-0.456847962
-0.6787245736
-0.5957620844
0.819206579
-0.3162220545
0.265559352
0.06290075798
-0.5358722359
-0.5812989265
0.6045291603
-0.3900655866
4.211820769
1.354519275
-0.1226014946
0.5379693583
-0.2536646327
1.670895168
-0.8098359317
1.27770662
-0.7273330092
-0.3836713556
0.1931709727
0.06979352413
2.433218014
-0.6898280084
-0.7955553889
-0.8899522513
-0.4815541863
-0.274913276
0.07121331887
-0.4620090239
-0.5766264558
-0.6578965485
-0.6117156714
-0.9878489673
-0.7874698997
-0.3516000975
-0.1130378973
-0.3981966311
-0.3679723032
-0.01131224111
-0.9358471245
0.4128234729
0.1407102938
-0.03234720873
-0.7883298576
-0.448098506
-1.030389825
0.3035297882
0.1549147529
0.5508650675
1.975667125
-0.9437684089
-0.3523238689
-0.8458690882
-0.8581671208
2.716269207
-0.3931091189
-0.7624073207
0.2661678996
-0.2036154142
-0.5978553504
-0.7846656799
-0.1684601922
-0.7247826084
-0.8610428035
2.504718095
-0.258573623
-0.427701227
0.5688843515
0.01979144621
0.07382012699
-0.4980359629
-0.6126227841
0.06189312208
-0.09171199277
-0.690763399
-0.7289288282
-0.3397459395
-0.7940801501
0.8898009598
-0.3886503048
0.04234639872
-0.6008650929
1.234055579
-0.3198440462
-0.5076459765
0.5865720177
0.1648421293
-0.3168160677
-0.3984296866
-0.5536929175
-0.5496293485
-0.3856007025
0.1420381197
-0.4252827182
-0.4688037589
-0.2659073461
2.245518166
1.408628049
1.875957811
4.081347954
2.027545935
2.053590611
0.2769515738
-0.3668255679
-0.04701661943
-0.08582818145
-0.4108038843
1.894151026
-0.1322502038
-0.4380208269
-0.07636368442
-0.3337983351
-0.0246384063
-0.231316036
-0.6524607718
0.008450128324
0.7224829435
0.1573465064
-0.5588993043
1.589030755
0.2942168836
1.359814033
-0.6694320545
-0.173691234
0.1174142689
-0.7974287748
-0.07747383714
1.424685568
-0.2143343799
2.288920707
-0.6588898629
-0.3541986194
0.1384894063
-0.4212506399
-0.2955924138
-0.4325680897
0.0173112052
-0.2021697281
0.6696664184
0.303207805
0.06628940147
1.288485914
-0.2488876514
-0.6830273896
-0.1917132361
0.0471582917
0.1794710949
-0.5062442109
-0.6310900033
-0.252091956
1.484166855
-0.2749494826
-0.6556428581
-0.4849040359
0.981707263
0.3824433817
-0.4158531517
0.01479013802
0.1547027501
0.3473300397
-0.2106264815
0.233471751
0.00949710682
0.004631841648
-0.4911176346
-0.6234147027
2.250263482
-0.7731816024
2.75523808
0.06678830292
1.84510287
0.5050920412
0.2465686595
-0.03634026572
-0.1886088689
-0.01183826746
-0.8260739088
-0.1218513777
-0.2755190846
-0.1072621176
-0.2451539505
-0.4309008002
-0.08972354811
-0.5217656866
1.537307405
-0.8085482359
-0.2705797667
-0.3305480801
-0.6658665463
-0.05947453585
-0.5451582447
-0.172925409
-0.3782008648
0.2799862374
-0.4784311473
3.618080294
0.02266220413
0.1470101444
-0.3060471587
-0.4204236194
-0.8475011498
-0.5602233157
-0.3020134605
-0.227191633
1.095606291
-0.3843413442
-0.4253061488
-0.5210513055
0.4719165899
-0.2604881646
0.6451525763
0.5016013935
0.5879343644
0.3503388099
1.35469518
-0.5901838094
-0.2946959807
-0.1805276301
0.2593163442
-0.5092684537
-0.6848657042
0.1947919952
0.5337318733
-0.8106195092
-0.2262068108
1.498060244
0.07923853204
0.8618465394
-0.01696787518
-0.2792742513
-0.6382264853
-0.2496195484
-0.1628851995
-0.05121921794
-0.6268699229
-0.5714982018
-0.2523379497
4.688722432
-0.1541605115
-0.5562892586
1.626350099
3.264900649
0.5790418088
0.5442172848
0.1389793618
1.050956792
0.843638137
-0.008443611115
-0.4393923849
1.858637413
-0.4823067948
1.844038409
0.1921115791
-0.6634582639
-0.547027421
-0.2910568945
-0.2174074339
-0.6994209602
-0.6146997884
0.7425303534
-0.2273732059
-0.07550640162
-0.5618197456
-0.8185883671
-0.2403709725
0.04792871294
0.6920197934
-0.2299439866
0.7060801119
-0.1555123265
-0.1815577175
-0.2087337967
-0.6573214665
-0.1938642032
-0.1445249421
-0.1702103363
-0.011076671
-0.1887945581
2.14401257
0.9226197198
-0.2630069166
-0.309773539
0.4309826452
-0.4666098952
0.4555964775
-0.6707852811
-0.7252664134
0.1989898969
2.846513599
0.1911627342
-0.8890122443
-0.7476360857
-0.3371567078
-0.8852987081
-0.2886024982
-0.7178925246
-0.3216979817
-0.2891775893
-0.9339841336
-0.7026590288
1.051386848
0.5825671524
0.8950373799
-0.04773237281
-0.5917460218
0.01720651705
-0.8488914043
-0.5577859059
3.057256788
0.214878156
-0.3099629164
-0.8557143182
-0.4781494647
1.433773065
-0.1498484824
0.4041456133
-0.6072064012
-0.4028311625
-0.5701030523
0.1180340366
-0.6378364265
0.24152095
0.4752521534
-0.5496810734
0.1109595676
-0.3889901936
-0.7340705961
-0.1348968756
-0.253811302
-0.1970353555
-0.1393164895
-0.8153968245
0.3663869102
0.4107544914
-0.09149904596
0.1045216586
-0.9556749046
0.8962579891
-0.3871853121
-0.4846285008
0.25307799
-0.02861597929
1.204555389
-0.338145275
0.08577461005
-0.156143396
-0.6912515998
-0.2709954171
-0.7765706241
-0.2946750484
-1.04097507
-0.1254301209
-0.6184403777
-0.7807357788
-0.1794730188
1.26518144
-0.6120502636
-0.3211054355
-0.7950537503
-0.0973600693
0.6686323181
2.809303141
-0.0890425215
0.7659151345
0.02004330587
-0.2182184847
-0.6353764117
-0.03802170381
-0.4174826831
-0.6712004483
0.2751292618
-0.04923073202
-0.7089485884
-0.8359692156
-0.2681801952
0.6885100201
-0.1958912427
0.8816456556
-0.8243195929
-0.04571752716
1.675019121
-0.1740326855
-0.4051877148
-0.4362180479
-0.1096271746
0.3919379987
0.03193196394
0.7419170111
-0.5869108424
-0.1801733337
-0.8115366966
-0.6149104252
2.163959295
-0.4866086259
2.583231091
-0.3087320708
-0.4957662776
-0.07981792241
-0.04231259767
-0.140669053
1.084785563
0.8916716084
-0.4843584284
-0.2609857736
-0.1225815468
-0.2744698085
-0.1839123746
0.6478119962
-0.0482878359
-0.5401859768
0.05687670156
0.6043069996
0.3595773546
-0.4686136678
1.999089339
-0.2524120864
-0.2436968029
-0.8120960265
-0.5701893866
-0.2395719757
-0.7728239417
0.6098713376
-0.6348836735
-0.07919648848
0.1377082311
1.011305273
-0.0438350419
-0.01218447788
0.3718828719
0.4466489904
0.249147749
-0.8582182705
0.01493428466
0.4649419058
0.03101308979
2.328757727
-0.2393962439
0.816626519
-0.8061237782
-0.7715180993
0.1890572106
0.6832454965
-0.2507869415
0.02405165974
-0.6867311433
0.3891213648
-0.2065595282
0.6017357133
-0.6434517026
-0.2673088022
-0.1913761001
-0.172982564
-0.2499029361
4.478491318
1.839383972
0.4568895534
-0.3278453559
-1.015774956
-0.5918285847
-0.6069841102
-0.6726517498
0.2243389349
0.2820659229
-0.8698465526
0.4947536349
1.84144271
-0.7214479178
-0.4197482318
-0.5413943008
-0.9546999693
0.006943469588
-0.5798363537
-0.8860741258
-0.247996074
0.4604815695
-1.132304457
1.695723397
-0.3434373483
-0.4598478168
-0.1749769134
-0.9681531012
-0.7485132009
2.369846752
-0.735707432
-0.2358359128
-0.3250985354
0.5305748172
2.088082165
0.4439801767
-0.08551601637
0.2381830628
0.567242188
-0.4356659546
-0.6636757731
-0.6179392517
-0.4491798162
-0.6320776179
1.706008959
-0.6997026667
-0.9388234288
0.05739052845
-0.2114811659
-0.5866120473
-0.7106455579
-0.8790109456
-0.5370733261
0.2163668526
-0.8734634429
-0.4764963724
0.3061283957
0.2012847106
-0.4791603222
-0.8159080863
-0.2757704474
1.027483633
-0.3847694665
-0.3250083461
-0.7784937799
-0.4566620007
-0.4633172467
-0.02896219678
-0.7878494501
-0.1114198379
-0.5545494437
-0.4427950896
0.3079565756
0.2008559634
-0.908812955
-0.1860315289
-0.3786278315
0.06641268181
-0.9432726473
-0.3084745526
1.331911881
-0.5272398621
3.813061154
-0.5420490384
-0.3354801536
-0.4948712543
0.9597377747
-0.4085581794
-0.38976686
-0.6713754982
-0.8728617549
0.7600228593
-0.05238927491
-0.1249750585
2.566460961
-0.2390119717
0.2969826613
-0.2042621553
-0.1782681266
-0.2690352157
1.294528595
-0.34968061
0.7647009417
0.7195958048
-0.4869380012
-0.2694707844
-0.6551149637
-0.4784001336
-0.1187099485
2.088790026
-0.938260752
1.104236479
1.303079763
-0.2557373837
1.535022482
-0.8554858506
0.08371729027
-0.3750198238
0.6091707274
1.481065433
-0.696114099
-0.6482158661
-0.4864222825
0.5527860291
0.8412048578
-0.48650662
-0.6653863341
0.753563768
0.0282994132
-0.8000988156
0.04195498889
-0.5333997145
0.0485245489
-0.3100288309
1.148437709
-1.009928909
-0.6919536114
0.04532473702
-0.4842924222
0.3633513715
0.4997805817
0.7074287757
-0.7842807561
-0.569124499
-0.2313542373
-0.5282115683
0.4289391384
-0.1567295734
0.09785069656
-0.6454376727
0.1034812298
-0.2553475972
-0.3495706052
-0.2111428258
-0.7465037644
1.790477759
-0.7409518749
-0.7722354859
-0.6315175831
-0.1659139602
0.004550169967
-0.07460344149
-0.7930932045
-0.1741417161
-0.919689998
-0.470766513
-0.9634355634
0.4513381153
-0.6221085772
-0.2013412276
-0.533520098
-0.8233498752
3.587525761
-0.958271265
-0.5607479751
-0.488385959
-0.8080809742
0.2179634699
-0.2801133871
2.195379525
0.2421820743
-0.05712830359
-0.1990635067
0.6994300775
-0.3930116311
-0.643296732
-0.5341083586
-0.280816119
-0.03766628541
-0.7536503553
-0.4418497384
-0.7936322123
-0.2783911484
-0.4363740504
0.3107776547
-0.1218148429
-0.1366586735
-0.7184724033
-0.7496464431
-0.9099662483
-0.1423976211
-0.7118056178
-0.5378308013
-0.2136192251
-0.3659452394
-0.5157487214
0.427146979
-0.7977866352
-0.4554673269
-0.1148577055
-0.1280988531
-0.3344282724
-0.1701759052
-0.7302840054
0.4194004271
0.3371345932
-0.06425365342
0.6182952642
-0.2094029285
0.137394996
0.8227011859
-0.4992158905
0.04128994518
-0.4536352634
-0.08167402074
0.1659863828
-0.08826063685
-0.1024163378
-0.5949594453
-0.1751124207
0.6118843727
-0.3813163094
0.3153065721
-0.1502306219
0.07650570325
-0.6943101928
0.1020230079
-0.6486619666
0.2930567164
-0.5876935229
-0.5569601759
1.254795006
-0.2742862683
1.272442544
-0.6198807791
-0.5691788122
-0.087376846
-0.6297970623
0.05515911775
-0.4067266539
0.3658617381
-0.5669644833
-0.6186204776
-0.5356503412
-0.1342670716
2.660881466
1.084900504
0.448974777
-0.1379570063
-0.5930312753
-0.02316597225
1.286831915
-0.7743349075
-0.4630060092
-0.4081033669
-0.2760877855
0.3964858659
-0.4239777166
0.5164517298
0.784473677
1.318580357
0.2457568554
1.666560063
3.994079566
-0.1486793274
-0.5303812295
0.3874630386
2.664373922
-0.1792507146
-0.456496644
-0.5816691622
-0.3997390255
-0.3217329599
-0.2435591381
-0.1851913965
-0.0556689925
0.4604322128
-0.5205728397
1.372829178
-0.1558633134
-0.8360228568
0.152025334
0.9050570816
0.7111147761
0.3938370299
-1.007431993
0.3554708079
-0.1683401782
-0.3591218665
1.034807351
3.364534867
-0.0696577996
1.029228386
0.04361808426
-0.1549812336
0.8922074318
-0.01048621777
-0.002045727428
0.01991054751
1.288287222
-0.8270344704
0.153563711
0.2544449462
0.3283700109
3.443848991
0.3105402798
0.0003033660352
0.9236641914
0.3563409798
0.1949738807
-0.4147873066
-0.1339390771
-0.2888203509
2.41789903
-0.3735689476
-1.018709278
-0.4308586895
-0.7656068802
-0.3022293475
0.3537537754
-0.705142799
-0.547907418
-0.313865437
2.898488903
-0.09361295719
-0.1618926018
-0.4542668924
0.1015743369
-1.122315827
-0.549049066
-0.1095647483
1.011418314
1.255440873
-0.5366584346
-0.8520932883
-0.5310997024
-0.3797292411
-0.02000057921
-0.7378987104
1.456713122
0.0004796123132
0.1157233126
-0.4096657559
-0.7371421546
-0.01440149657
-0.6350064605
-0.4734234542
0.0952539491
-0.3262882888
-0.8499003857
-0.3394915618
-0.4961258888
-0.2124609224
1.571626988
-0.4620444551
-0.6245387793
1.313559872
-0.4750469953
-0.660996151
-0.6021421641
-0.6904958308
1.129669899
-0.2526295744
-0.2389064252
0.1058212612
-0.1596852783
-0.4923587576
-0.4749581933
-0.5584039867
-0.4353775635
0.6788289279
-0.3561101727
-0.5116653815
-0.2508285876
0.6408389896
0.187781627
-0.1502100106
-0.4195449702
-0.6146538824
-0.09160952196
0.06276473319
-0.6634880662
-0.5506735861
0.1360918488
-0.4956153676
-0.4104080543
-0.6258411884
-0.2041829884
-0.1134040338
0.8531862825
-0.3915701181
0.01578214956
0.7898421355
0.6816445813
2.823386693
-0.7242707476
0.4216410626
-0.2684519276
0.5946198702
-0.3470989645
-0.9037569642
0.9260115311
-0.03693719003
1.507882893
2.309098166
0.01342294272
-0.6514846891
0.5759938061
0.1653306931
-0.1172250839
1.629559565
1.511961761
-0.6612790674
0.1504689215
-0.1121708628
-0.393285384
0.8167659283
-0.3005380355
0.7879912123
1.117443
0.137015259
0.31572152
0.02002357151
-0.7285006911
-0.7756229162
-0.5891511768
0.6011895392
0.7972581044
-0.3909124628
-0.2822709501
0.09734919872
-0.3804234892
0.6637153633
0.4055748114
-0.4505361974
0.4068989404
1.837158239
0.328067499
-0.09398694076
0.8312891483
1.278994867
-0.3799470522
-0.543629162
0.1032202022
0.02304587192
0.088256694
-0.3153224394
2.217154032
-0.5156405613
-0.5732460231
1.782814223
-0.6821260929
-0.7608241022
0.9981452599
2.030382866
1.620589268
-0.3156813528
-0.447081311
0.2247435214
-0.512383604
1.175875053
0.3363898076
2.799378842
1.028578332
2.620062912
1.783978522
-0.4547094703
-0.4704870537
1.697245347
-0.1924979813
0.7494006112
-0.605918391
0.2693843999
-0.02840519631
-0.3717409611
-0.5406938389
0.9381686345
1.195835707
-0.7716863334
-0.1614522472
-0.4104477525
2.557232088
1.426402134
-0.3719182178
-0.6167871132
-0.1125549987
-0.6339294255
0.5708662093
-0.5485730976
-0.8069436416
-0.06441657655
-0.5245736852
-0.8469017476
-0.7162205666
-0.5342851788
-0.6585538879
-0.04381566234
0.08264409322
0.5446960039
-0.0641129259
-0.2143045437
-0.205025661
-0.5234150156
-0.1332203113
-0.4329307124
-0.6553060696
-0.1921555381
-0.4152661338
-0.6518545374
-0.2338792361
1.360797099
-0.7396332607
-0.4710055783
-0.3134485483
0.3000360163
0.4120411888
0.01343388744
-0.3262889929
-0.2964628726
-0.0690460382
-0.5343181893
-0.106959375
-0.3393815875
0.4510975212
0.2384959938
-0.7067910269
0.2373639075
0.5607629672
0.02798846068
-0.8682862997
-0.358131735
-0.8147883296
-0.4786711976
-0.7304644898
-0.1068610316
-0.7112884164
1.169322959
0.1700023033
0.0929375926
1.566117898
-0.2819720753
0.6183890263
-0.5812302083
-0.3110474482
-0.1771424657
0.3488532984
0.08693491723
0.06788843693
0.3334875494
0.4366040662
1.769366413
1.693952417
-0.3623722985
0.1712086016
-0.5876465335
-0.6612821981
-0.1201428616
-0.770014371
0.7509376869
-0.09702282716
-0.2327550963
1.724667972
-0.5629124403
1.049647421
0.6004257157
-0.1018200956
1.59456397
-0.2727246456
1.000965452
1.162091643
-0.1667224281
0.5851353794
0.4569086872
-0.08423992284
0.01461725566
-0.6496618405
0.4455957923
0.3273264982
1.376250821
0.1561863232
0.8113233633
-0.1083200599
0.3387754634
0.9204485893
0.5235879891
0.7259722918
-0.2628893726
1.244478615
-0.607421191
-0.246794308
1.6234451
1.227646032
-0.2907945834
-0.5911583126
2.518914562
1.872497067
-0.3746674985
-0.2242362954
-0.002160921507
0.2666165631
-0.4688040927
0.3895029424
0.5502178669
0.3113507073
0.5649401404
-0.1632397942
-0.255537349
1.19189339
-0.2894948795
-0.2877037056
-0.2011933416
-0.3086030906
-0.08545701914
-0.4164458022
-0.3676218703
-0.5950396046
0.3777523711
-0.1511035394
0.3820964396
-0.1856328387
-0.02651049839
0.4236364894
-0.07288562478
-0.02856356762
-0.6712626204
-0.5375921428
1.632715642
-0.6903823525
-0.4763605967
0.7338844359
1.269852136
1.27751556
-0.4609621003
-0.8278334737
-0.04955998808
0.5377421774
-0.7986086085
0.01277691294
-0.2808056884
0.7603286445
1.718950051
-0.7961954176
0.1934472127
0.5262405746
1.422433375
-0.4891138375
0.4137282082
1.12734127
2.664098525
0.4007794715
1.203563406
0.5631974868
-0.7170168787
-0.4225425214
1.252532032
0.1074971056
0.3452258341
0.3904320356
0.6649245232
-0.4878141493
4.078824353
-0.05090011172
-0.0771241596
0.4657209881
1.235415712
0.5168161981
0.4026664332
-0.06001523896
-0.8688149512
-0.7044837117
0.08435259357
-0.8136419296
1.044990362
0.9341190666
0.01246897187
-0.1028168334
0.05832808469
1.198434737
0.2100735825
-0.5437124789
0.3206607893
1.123239452
0.8223215699
0.08358382876
-0.5732479438
-0.1764462307
-0.5070464537
-0.003714760765
1.599637777
-0.1722152837
0.008717566729
-0.4474123999
-0.8871516466
-0.1305648355
-0.8177919209
-0.44723977
-0.7778646559
0.1673031794
0.1268124237
0.7921171404
-0.6437259585
0.5468452126
-0.2182506502
-0.2814587908
-0.1786752336
2.58851983
-0.5013789654
0.8203594297
-0.2377680663
-0.5826575711
-0.107426985
-0.309921746
-0.2854519293
0.01617956161
0.07117807786
-0.2131704777
-0.03553113155
0.1890777271
0.450005018
-0.02758378605
0.7295211449
-0.1922507606
-0.6194354355
2.885554755
-0.4792527527
-0.6590219304
0.4037270425
-0.3797523439
-0.2183752209
-0.6223179787
0.02189326263
-0.2312310889
0.1250647929
-0.1240718991
0.4661676593
-0.6770827055
-0.1727105768
-0.8057922035
0.1944864957
-0.07948126253
0.4881088093
-0.705582574
0.4878353804
2.580469441
-0.4710651398
-0.6543458506
-0.04912475981
-0.3170570455
0.3712437658
-0.2482909758
0.2957064776
0.3640542824
2.338722748
-0.09296782585
-0.6787234813
-0.6521581292
-0.7195104465
0.1836808619
1.532584977
-0.1987854794
0.272014768
-0.27564741
0.9303024985
0.6878358044
-0.5487351835
0.0701152185
-0.6827532262
-0.3417948984
-0.9436603338
-0.1864626836
0.07730227299
0.2003228102
1.427389747
0.7433740675
-0.1177848831
0.994581449
0.2034678709
0.9449024484
1.248393367
-0.04851430207
-0.1503981818
-0.6103207871
1.617088634
0.06426166985
-0.02419884186
-0.5510338575
-0.9733596355
-0.6182458922
-0.3250357263
-0.01404643347
-0.7223036662
-0.03780870712
0.455802957
1.786873311
-0.6335053563
0.02224996109
-0.5486004889
1.157422042
-0.2479300715
-0.03073893106
-0.4143052876
-0.926203683
-0.61238444
-0.1480280899
-0.1873276506
0.3193395605
0.1077847674
-0.3786737874
0.4275235608
-0.5737430021
-0.7677281827
0.06698718625
-0.4110523656
-0.3409582615
-0.5949166358
0.2157011366
-0.1178588241
0.02386514004
-0.4436346665
-0.4618149608
-0.9224640191
0.1529986741
0.5122457057
-0.4814511105
0.04748470767
0.1924642618
0.3936854962
-0.3465072408
-0.009668581653
-0.7599531919
-0.8442867935
-0.9580836385
-0.1691639367
1.660395661
-0.4808877379
-0.4109233752
-0.7030320004
0.1419509926
0.03951516578
-0.5122417226
0.8295312785
-0.5638439521
-0.7029979646
0.1799181602
-0.1121265829
0.06319918446
0.6462575778
-0.3152117532
1.624613643
-0.2222147077
-0.8403130144
-0.6287764132
-0.6071119115
0.9494082808
-0.4250753865
0.007482326031
-0.5884526089
-0.5272534162
-0.05171451885
1.986667621
0.7546022117
4.113694656
1.286606781
1.187736085
0.1312730537
-0.445540446
0.1387128528
2.865827906
-0.120069271
1.087163651
-0.1658984986
0.2911272043
0.1714358547
-0.02163606416
0.6333518937
-0.1135742318
-0.07864549728
-0.3387193739
-0.3322170734
-0.3793543316
-0.2438160695
-0.6745265961
-0.4309663445
-0.7663402542
-0.1640390335
-0.363579265
-0.002520051785
0.998900193
0.2256541967
-0.2258723188
-0.1084100192
0.2117008008
-0.3943803594
-0.901089558
-0.6390028983
-0.7257767364
-0.4576818049
-0.3675051033
-0.1775759628
-0.1776497349
0.1089909702
-0.2787262827
-0.04485303834
-0.3716363579
-0.4195743963
-0.3794605032
-0.2381944194
-0.2403483465
0.4944267929
-0.5165272266
0.387730414
-0.2967740845
-0.6683333948
0.06389916437
0.02356880847
0.3360578364
1.266249737
0.2423779608
-0.2901977375
-0.3753341123
0.2371725079
-0.1587956812
-0.4206229135
-0.004344779998
1.018132931
1.108488998
-0.4161048427
-0.3287039883
0.8041655123
3.507849771
-0.4170084432
0.3422608919
-0.239638599
-0.648683387
-0.04023285657
0.08257858912
-0.3096045077
0.2678293383
-0.3855431378
1.083663163
1.326437062
0.387859486
-0.406158039
-0.7881494954
-0.07705406528
-0.20761071
0.5107854325
0.5848491259
0.3981841914
0.3979388118
1.34808231
-0.1515616018
-0.2304306664
2.473404688
0.6216965295
0.3184492098
0.6296508923
1.277319676
1.930678684
-0.2504893035
-0.5250425175
-0.06672758441
-0.5659821421
-0.2887772217
-0.238778545
-0.6178316802
-0.3100108892
0.5773920253
1.750751966
0.1762111629
-0.5931771308
-0.7743613452
-0.0984663317
-0.2236203073
0.4281410025
0.0881654202
-0.1075653758
-0.6815511048
-0.1702688295
0.1818983067
0.9827948183
-0.1635647265
-0.2363620736
0.2011917417
-0.2002880609
-0.5268689319
-0.06091359649
-0.1804884844
-0.02514607124
-0.7424615785
0.2417273737
-0.3436026104
-0.1061552322
0.003048420697
-0.1456133533
-0.403110601
-0.3535389289
-0.393778345
-0.5150407583
-0.6275703177
0.01555301826
-0.07363095917
-0.1997585054
0.5127761672
-0.4657041714
0.04326172606
1.861804846
-0.834110865
0.5935004614
0.1300436382
-0.5512126893
-0.5168752372
-0.2303269614
-0.03387020417
1.65180524
-0.2829956021
0.1068182809
-0.2284253631
-0.6255011588
-0.5598196477
-0.6306453198
0.8933466181
-0.3706021279
-0.2850226723
0.6709159188
0.00134005975
-0.343491146
-0.1293456091
-0.5458204716
-0.4625913069
1.458470142
-0.4072806645
-0.03570855134
0.6033746719
-0.3571200922
-0.169715571
1.525050801
-0.2887973733
0.3819653971
-0.8107685134
1.458617198
-0.250356634
0.2310835469
-0.07679888578
1.650478488
-0.09753281493
0.01569199078
-0.3239250943
0.7867665738
1.959653503
0.4426198445
0.01870248769
0.6138871312
0.5732762106
-0.0365637498
-0.463829653
-0.2667010903
-0.3196446322
-0.1031286424
0.6166301228
0.316751137
1.53201243
1.032040779
1.808846956
0.6257630408
-0.5101587147
-0.1469518872
-0.217710558
0.01978835091
1.586722851
0.3425530348
-0.0185122367
1.428734294
-0.4015947774
0.7765833922
0.2654584014
-0.3512813538
1.491706571
-0.4826085731
-0.4277447641
-0.1721704451
1.516089565
0.6139163285
-0.1764727671
0.2908404421
0.4342568014
-0.3797066122
-0.4173701666
-0.3322506845
0.368310006
1.256953761
-0.2957498215
0.5345532648
-0.6628942147
-0.4011074007
0.5908995733
0.5453633897
-0.2502541415
-0.4814165533
-0.1031080595
-0.1412523793
1.06899073
0.782648024
-0.4226994261
-0.1784690976
-0.08634794559
2.452501106
-0.4912589878
-0.5322268814
-0.16623719
0.8456145674
-0.58252718
2.566457629
-0.2199860208
-0.4143489718
-0.1054320721
-0.09656599667
-0.6217065424
-0.03902946627
0.5669400141
1.300859436
2.334145725
2.157075158
1.018153545
1.473856357
0.567866368
-0.2927229624
-0.3106189068
0.5618659995
-0.2192805964
-0.2727052309
1.667368722
1.321977022
0.9248177499
-0.1106066924
-0.2624123842
1.719067436
-0.4225320384
-0.6760000601
-0.333443217
1.12578882
-0.130545368
-0.1632861216
0.6109187007
0.07187545495
-0.5305246338
0.3123971004
0.01610354893
-0.62434569
-0.6554605663
-0.2207198989
-0.2070746537
-0.1839045983
1.397557482
-0.01378559861
0.1407995167
-0.3527017444
0.7509275369
-0.4411589757
1.738039923
-0.2809106536
1.758801347
0.2073790975
-0.6302010268
-0.2760124754
-0.2596721314
1.547176209
1.475831556
-0.2485552393
0.2574153449
0.4181191329
2.757480025
1.345208791
-0.3320162185
-0.5552002773
0.1943566592
-0.4806077495
-0.4009742886
0.7789278939
0.3208169097
-0.1235056974
0.3843446128
-0.9232744396
-0.3618004352
-0.5938822672
0.7075542718
-0.6382995605
0.3528925594
-0.3025023565
-0.0685974637
-0.3644008979
-0.3338440791
-0.2363273934
-0.2235569697
0.3133014228
-0.2436986659
-0.1705500034
0.7158934884
-0.3054989085
-0.1257040124
0.3280675922
-0.4564010352
-0.5868064985
-0.436935629
-0.4106866688
0.063984056
0.1191361976
-0.06271425597
-0.1898995048
-0.1176855313
0.1445218625
0.1027749667
-0.1682899941
-0.6354874849
1.172507596
2.790907836
0.5364883341
0.8524579674
0.09817259191
0.5360886358
1.96046508
0.8618052974
0.5893533505
0.8191549689
1.405498368
1.022907704
0.3494304806
2.459770256
0.5204035491
-0.03966515567
0.9073421113
1.216180065
0.3079970824
0.7780105032
1.006959255
0.1571709797
0.1278452527
0.687614727
1.482718062
0.2804622291
0.9308438972
0.2692725636
2.048255384
0.208900426
0.1725919906
0.9329137817
0.2559056273
2.045095366
2.022069293
2.641608393
2.007479179
0.4866618946
0.948309359
0.1837208318
0.4455692902
0.2603860674
1.134920669
2.885061204
2.453812325
1.330087489
1.097157018
-0.477774775
0.8739111677
-0.07907582521
-0.5451774463
0.2642256049
0.01106445193
-0.5416908965
0.7572639167
0.9013471439
0.5522028193
0.9284720093
1.576645309
1.063966429
-0.5212204114
-0.4455159307
-0.3984298728
-0.1210522592
-0.2704348728
0.1828808525
-0.8409141809
0.9830700576
-0.954916507
-0.2326144453
-0.5636495188
-0.2887241811
0.1876306072
-0.4756857589
0.5630993128
-0.5127694979
-0.2358310979
1.140640074
1.24218356
0.8506012306
-0.1507214829
-0.1078725457
0.2700585001
0.62918365
0.3891722769
0.2758042339
2.853279972
1.396310854
0.03946931793
3.545523584
-0.6184274644
-0.4799521387
-0.3364506297
0.8035677612
-0.7900897712
0.4321158176
1.262746865
-0.1992452979
-0.5915718615
-0.6420223087
-0.7684502661
-0.6101708725
0.8895550415
-0.2471553523
-0.4430441678
0.1345764035
-0.5258624882
2.69066267
0.1020691433
-0.6748884946
0.1176810771
-0.3036599871
0.1327890106
-0.7940018326
0.457337223
0.02687577712
-0.2193341028
0.6641741492
-0.0965585364
-0.4340232953
-0.3666327186
-0.586783798
0.09320920641
0.9709731102
-0.2492612939
0.03500409052
1.62660886
-0.4059055984
-0.1707051544
-0.7657915741
0.1943526329
1.77836647
2.854032934
-0.09585609324
-0.5008373678
0.08861643039
0.1748336707
0.07607904319
-0.8115447521
-0.6770651609
0.05189572782
-0.60145116
-0.4611204833
1.198263541
-0.8867244035
-0.8170356184
1.198808253
-0.594067283
0.3555411238
0.4573340543
-0.5671701178
0.2412321966
-0.8387418538
-0.4391165435
-0.008861300722
-0.6402233183
0.06318399534
-0.7494498491
2.960623437
-0.1754043762
-0.7021818846
-0.7359211445
0.555453293
1.864494318
-0.2581378892
-0.9122082531
1.082175754
0.3114797339
-0.1686067469
0.1224836659
-0.4424819753
-0.2878372811
-0.0792458592
0.5742557019
-0.2161000837
-0.165766554
-0.2879461125
-0.2667752322
-0.008078552131
3.53946768
-0.9663040817
1.925676197
-0.2473113317
-0.1657222565
1.975745392
1.78462646
-0.7927552164
-0.3198114496
0.2635038725
-0.2858006887
-0.07927635722
0.9576813877
1.991982806
-0.7025248498
0.1142106906
-0.2734129824
0.1279007944
-0.1952255044
-0.2461531095
-0.01199459806
0.6293637805
0.9237279624
-0.1088033425
0.6293364927
-0.02637924757
0.8232332394
-0.4013926372
0.9761630654
1.714078462
0.1991178913
-0.253193751
0.480449485
0.8878516316
-0.2369232513
1.524667495
-0.1388248853
-0.3927652881
0.1221750651
1.004564905
0.1937166751
-0.2831177548
-0.9148302943
0.5367104836
-0.7492891133
0.2549052096
0.1199632514
0.7555786729
-0.4390230209
-0.6167102814
-0.4718552411
0.2285787113
0.2340929689
-0.3106998187
-0.5683141991
-0.1490627538
-0.2094988368
-0.09559459426
-0.5099908799
-0.6098584533
-0.2321517341
0.6039504185
-0.8621142
-0.9467966586
0.269525863
-0.3935215771
0.3968804316
-0.3247595474
-0.3993666247
-0.02980853617
1.092571577
-0.02946571978
-0.6877523929
0.1572647999
0.02127362606
-0.4402559802
-0.3062585175
1.522882855
0.7861158878
1.103263488
-0.2504091378
-0.6179468468
-0.236313903
-0.2005352728
-0.85390957
-0.7173722386
-0.3980214775
0.09062358309
-0.003147448972
-0.3533277206
-0.3056649812
2.106445706
-0.009354786761
1.727682403
-0.2223812293
-0.3642852455
0.1593828552
-0.5700917304
-0.2622887872
1.515409486
-0.7018710822
-0.2070030253
0.9244318515
-0.09016954396
-0.6982226342
-0.0263947485
-0.5560922936
0.5526058033
4.09486686
0.1104338546
-0.3555943426
-0.3397326946
-0.2387039557
-0.005286884401
-0.5519751012
-0.2133950435
-0.1885009306
-0.2686957359
-0.0004884745926
0.1576374317
-0.5312592521
-0.6568830982
-0.4464010909
-0.5119524837
-0.5675481528
0.05857749032
1.432128054
-0.2029164735
-0.3999664813
-0.7315788597
-0.3298417889
-0.8225581706
0.5807725996
-0.4079366446
-0.254006248
-0.2417419493
-0.5857063979
-0.480400078
2.897605169
0.3963228047
-0.7197578371
-0.4977814719
-0.09598128982
0.2850087272
0.7841229066
-0.007953850739
-0.1277046237
-0.2450918842
0.1731620854
0.4907828942
0.142191751
0.3087188562
-0.2140820421
-0.005215686001
1.581949306
0.1550530273
0.437915092
0.0234006817
0.658983162
0.8278788604
0.7892957583
-0.6640841395
-0.3363446958
-0.09814615818
-0.5605035573
-0.01527870507
0.4395619489
0.3460151825
0.6978717789
-0.6143017396
-0.3098478969
-0.4724945486
-0.5216803521
-0.007053544372
0.9334921867
-0.2758916158
-0.3822044112
-0.7840261668
-0.7457582653
-0.2602431465
0.4264252685
-0.6397848472
-0.5111231849
-0.4540474594
-0.1383862756
0.2525006158
-0.128114896
0.9665855482
-0.1652107237
-0.5436875358
0.7315436065
1.390412194
-0.1976376586
-0.05365583757
-0.4818920553
0.2484917736
0.01465270966
0.1942503326
0.2961485445
2.396981508
2.674165785
0.02005164246
1.743336865
-0.3980547443
-0.4724605903
-0.4644996643
-0.03478834163
0.3445689
0.09206792498
-0.5196539953
-0.27992265
-0.1677122585
-0.0482400544
0.01817160049
-0.6452961966
-0.5285384417
0.6132786244
-0.4460231572
-0.6852109522
-0.3946215861
-0.6652133673
-0.06235785978
-0.2584517121
-0.01107409704
2.547892666
0.03205968961
0.3336716019
0.3715835467
0.4286661126
-0.1696509
0.06551656015
0.87873905
-0.1121761495
2.53443383
0.2878340226
-0.4261193886
-0.3951791868
0.4075848334
1.487706822
-0.1109725717
0.4033111829
0.213211599
0.2091545463
0.9324280262
-0.08349623866
0.1630526681
0.8318150654
0.03272148184
-0.0302278419
-0.3363489613
-0.7185734883
0.4563584067
-0.3583336517
-0.2874516461
0.116592656
0.1448600326
-0.01809135694
2.445579797
-0.1379826885
-0.4107258141
0.4817599922
-0.373887594
0.5614110798
0.5845586427
0.2038530423
1.211580122
0.2618376978
0.4627185553
2.238937199
0.571384272
0.6815092608
-0.2827205744
0.00884087421
-0.2592732288
0.241627495
-0.5573083237
-0.1079658015
-0.3255576797
-0.1068849502
0.08235212397
-0.8422632098
-0.2751277104
0.3340022705
-0.2365890197
0.1887108526
-0.666554749
-0.2443199396
-0.07971345559
0.1292003997
1.043595809
-0.5324972808
-0.5151505306
-0.2036686007
0.5482474975
-0.1789023653
0.8731867045
-0.6417846113
0.5137575775
0.3599620029
-0.4112368584
0.3428030523
0.05449909819
-0.4097042874
1.353156386
-0.2109534569
2.122845405
0.1535547439
0.2661959955
1.787994558
0.3629461117
0.2079176646
0.6842527911
1.381772214
-0.1674306099
0.3065121546
0.6502702504
1.185884731
0.7629294083
1.316642173
-0.2677822873
0.2701544784
-0.3106650598
-0.2184682205
0.181557801
-0.0178365492
-0.2112742782
0.03041104376
-0.02749424968
-0.09939175807
1.418866801
1.0006309
1.158848536
3.001559013
-0.09731805311
0.2918494858
1.113090733
1.47517688
0.5428106211
0.03254510704
1.212993542
0.5091237947
-0.2711184926
3.768185145
0.3429661408
0.4124271562
0.2398004125
-0.1441064253
-0.198854188
-0.113644039
0.5696400955
1.315446366
-0.7464048803
0.4349243492
1.356574887
0.3021428392
0.1901920629
0.3458775548
-0.10563558
0.1127427347
-0.6131138355
-0.7403643578
-0.7748010516
0.1847921431
1.160129675
-0.09110752307
-0.545405075
0.1210118331
-0.8115470797
-0.9364872962
-0.6289522618
-0.3294456817
-0.8023076445
0.1871414462
-0.05307538863
-0.4713206783
-0.05598322079
-0.3998269752
-0.5880689517
0.352986108
-0.2332358625
-0.7040325657
0.3679357845
0.3282856971
0.1140552966
0.7858908534
0.5776463352
-0.6226096317
-0.4354765832
-0.3387163259
-0.1456805043
1.919200605
1.119418462
0.4860113975
0.1798313219
2.279405236
-0.07129787579
-0.839653039
-0.3044983383
-0.3792217121
-0.1219180271
-0.3502568617
1.107935607
-0.4662049413
-0.07730158437
-0.344736132
-0.7775547117
0.6166969374
-0.6488078982
-0.4006640971
0.2942784591
0.09846586548
0.6532992825
-0.4994320869
-0.4835416183
2.486659038
0.06033368548
-0.2412551697
0.07797075696
-0.4381593287
-0.6559583902
-0.188071325
0.07834387952
-0.3888236977
-0.2521172777
-0.002695823461
1.235648865
0.1176478505
-0.08415729036
-0.1250718545
0.1080812288
0.311077884
-0.4469452351
0.3465232573
-0.3019951105
0.01282231049
-0.7857381791
0.6502071768
-0.3528529953
0.2156934217
0.002386215702
-0.5526303828
-0.8578898102
0.7641629532
-0.1301019585
-0.2598595716
-0.0843749064
0.300793298
-0.02445016485
0.04558570832
0.2391170271
0.8777118832
0.2305295223
-0.8296703637
-0.6103725031
0.04969179342
-0.4806748539
-0.8040749937
-0.2869073775
0.05025479977
0.3986897576
-0.09464267995
2.023590523
-0.7822043657
2.288224345
-0.7675004691
-0.1331403119
-0.8552189946
-0.4380154163
-0.1880259845
0.1567991148
1.335126811
-0.1559604596
-0.1569761354
0.2188244804
0.04180020192
-0.3911528096
-0.3278075647
0.1861382147
0.5082862608
0.6718833745
-0.2185197968
1.328260016
0.03787012864
-0.3857900962
-0.6629865587
-0.2107030919
2.058451802
-0.3859760463
-0.03705856968
0.4404319599
-0.08557626214
2.366645378
-0.4217763901
0.5451135188
-0.359604843
0.01863263175
0.9334634006
4.017253399
0.01441396903
0.09430193594
-0.6370221078
1.262398189
1.765665108
-0.438312079
0.632680288
1.779837421
0.0868859658
-0.3162511528
0.2519725973
-0.1642722275
-0.1949784424
-0.01308959206
0.3862267077
1.715867293
0.2283204495
0.6712842599
-0.1866026964
1.519938245
0.06668208893
-0.005868812464
-0.8353629231
-0.5734221339
1.525474054
-0.06307855248
0.03743674671
-0.217193995
-0.613031061
-0.4402167469
-0.4260073975
3.049807024
-0.0734540944
2.736721641
-0.7430110812
0.2222406578
0.06842680648
1.381859255
-0.9523771435
-0.3883476108
0.4576873578
1.297732881
0.6598164901
-0.7007089436
0.3249786886
-0.5166501194
2.62925579
0.8126047991
0.914117977
-0.09817760661
-0.6891769767
-0.8949146539
-0.7147095382
-0.533922711
-0.475468421
-0.2927115068
0.02437942773
-0.1222997669
0.2072815556
0.1465567349
-0.6488161504
-0.1225958627
1.115151259
1.983033305
1.309780768
0.07465371542
0.9184614807
0.06341273021
-0.0991158437
-0.7683807999
2.676463974
0.7530720696
0.5170127705
-0.4281186022
0.243486579
0.9480929315
-0.6747028053
0.04341797996
-0.382340157
-0.4695767254
0.2822455157
0.2211391252
0.0364712659
-0.4142070852
-0.6691295177
-0.5336106956
-0.7443457812
-0.2704365354
-0.4065511137
-0.0002919168677
-0.3154563129
0.9213101074
-0.1876981828
-0.6509650946
0.42327566
-0.02005730569
1.217869382
-0.5069366544
-0.7382263243
-0.07165779211
0.05053205034
0.6415790699
0.3055367775
-0.01296033375
-0.5932864666
0.01883357023
0.7861434698
-0.2245447908
-0.8825227052
-0.6956721053
-0.6813215852
-0.5713436708
-0.1997446246
-0.2016281061
-0.4968662396
-0.2537990093
0.8689296186
-0.4307355821
0.2814437769
-0.1966257572
0.01551636229
-0.4077043205
0.6127783373
-0.4993119821
-0.08214621749
1.308272102
0.214859857
1.330942248
-0.6520316869
-0.6550097421
0.9409834325
-0.03847658839
-0.8272313148
0.5419494048
1.052060054
0.9241367161
-0.7648253828
-0.9010249019
-0.2349190896
-0.1273118218
-0.5373229772
-0.4170605674
-0.5402507648
-0.5382637575
-0.4672015846
-0.405987642
-0.4712357312
-0.3593554869
0.6077359945
-0.3841272756
-0.7234981835
-0.4462281406
-0.7478201121
0.07146628331
1.089939286
1.924611825
1.193667249
0.01976916175
-0.727715534
1.995155025
-0.7214786232
-0.07854163013
0.2864828398
-0.4994041815
0.1568797555
0.5551460192
-0.6299519181
1.520828313
2.404912323
-0.7939158887
-0.09015915636
-0.6311983302
0.04270195949
0.2240268442
0.08356249561
-0.3492395222
1.414051253
1.866008162
-0.004028697498
-0.4466607973
-0.6407806545
0.05633750707
-0.1748419905
-0.4196747154
1.391913435
1.215971155
2.260305667
-0.5754446432
0.7181520216
-0.6370646328
-0.6781122252
0.2753921088
-0.5132422
-0.02853194475
-0.3540728837
1.864462835
0.5593672767
0.9410349071
-0.3986978292
0.5821481131
-0.4023770586
-0.8040717542
-0.3822685659
-0.1791716896
0.1442426827
0.06763643399
0.4440340955
-0.2371670064
-0.6866487533
-0.4048484281
-0.8910044611
-0.8781733841
-0.1588863948
0.1220951434
-0.01493008872
-0.6508983999
-0.87826325
-0.6852006212
-0.04171508551
0.6365931749
1.620362145
0.5147954207
1.207206276
-0.1690640371
-0.4536922336
1.358141935
-0.06359547842
-0.3499739572
0.01079280549
3.816375685
-0.8335166097
-0.4319957942
-0.1695763592
0.02786156936
-0.03635550588
1.42035526
-0.3394300818
0.2750756849
-0.6379807785
-0.5296491355
-0.09919299744
0.2600010594
1.657888737
-0.3792048849
1.442777649
-0.5906878978
1.000022107
0.08905394282
-0.5888891727
-0.3514191389
-0.604823944
0.3403244182
-0.05051184185
1.192578293
-0.5309858978
1.963560581
-0.6280127808
0.2740224785
-0.4536369339
0.1346124636
1.246804106
-0.1413802832
-0.4180642471
0.6768739358
-0.2226498688
-0.2490895744
-0.4097787768
-0.4872629941
-0.6267053172
-0.7347346395
1.490332377
-0.1755490318
-0.05233457051
-0.3761163615
-0.9335645765
-0.06278793961
1.119977754
-0.9181535333
-0.7282969743
-0.3946080998
0.09200075059
-0.4879443765
2.4009031
-0.630739215
1.147010013
-0.5299606979
-0.6317533329
-0.322689832
0.1596420192
1.088237944
0.2889961597
0.765801049
-0.9414577335
-0.8519532233
-0.917065841
-0.6935964838
0.1735487704
0.5771067632
-0.7694935709
-0.8387708873
-0.08365902435
2.835845804
-0.3694349274
-0.5044473052
1.013590911
-0.5892594263
-0.01222410803
0.02392302342
0.1050498806
-0.2924904205
-0.7030801713
0.1431781872
0.7679481
-0.6770886645
-0.3794505723
0.3672522485
0.3314046312
-0.02028823621
2.095213997
3.079641056
-0.2669692039
0.5438722067
0.1402535226
-0.7146535158
-0.3832054175
0.1672095381
0.2246520839
-0.2616768222
0.7442115113
0.8487941653
-0.1432441678
0.06099575786
0.08498797044
-0.321516744
-0.3725370705
-0.1002679341
1.269015022
-0.06623095591
0.2898470633
-0.6332912058
-0.4358522117
-0.1421772199
-0.1831011664
0.6058654536
1.036898288
0.8498917833
0.7290602878
-0.4879314646
0.6253152654
0.6644890964
-0.1688992601
-0.6423703671
1.281009912
4.232489753
0.7001956716
0.005384719768
0.198972
-0.1706433734
1.057534134
-0.193616451
-0.304849663
0.1432435858
-0.4219785124
0.7364673249
3.649809277
0.8670844525
-0.1366241802
-0.6257070169
1.237544575
0.5332639113
0.5216242611
2.077371567
0.2247784078
-0.670632489
-0.02644310426
0.6805429831
-0.3224161878
0.2216631252
-0.6963601351
-0.4490461767
0.1198790879
1.105547407
1.384709895
-0.6965275019
3.001439524
-0.4281324595
1.44388423
-0.5474894628
-0.3171177059
-0.06368558966
0.8940899938
0.1986588391
0.6136405796
0.3057618506
-0.0760091491
-0.1430702131
1.071836674
-0.1460589096
-0.07476241249
0.1096981987
-0.9906827122
-0.6375812382
-0.2929768417
2.475831395
1.713633353
0.4009207699
-0.08311738465
1.196302205
0.531678579
0.3577638745
0.1920162014
-0.7754372239
-0.5541592613
2.081603086
0.229594893
-0.2721996237
-0.5397877678
-0.2154174771
0.2738471015
-0.07886934052
-0.2557438757
3.595934165
-0.3000253197
-0.4395403136
0.2685513631
0.2661106613
-0.1921636377
3.822150517
1.222370428
-0.08678729087
0.002743324684
-0.5373211592
-0.3023117982
0.874322255
0.03704417963
0.05120778074
0.005262495298
-0.7205435187
0.5024947897
0.7863541543
0.6358558521
-0.5134701446
-0.2561227698
-0.02217194848
1.069316742
3.37295115
0.06861613453
2.128040034
-0.6478870958
1.107740843
-0.4552276954
0.9420806959
-0.1429454785
0.4896510094
-0.5138806611
-0.6404457077
0.24243007
-0.3961488292
-0.1406639289
1.338568676
0.9348051444
0.008934956416
0.3194716575
0.705483003
0.5782652505
-0.1982896768
0.5673514746
0.5615259498
1.540571058
-0.4556498859
0.5340395875
3.088038278
1.504901567
2.350391376
1.714607078
-0.08979771547
0.1683745957
-0.1623511475
0.3504152376
0.4806598514
-0.393372196
0.4034575563
-0.3357611328
0.2352550065
-0.01280583381
0.8302372023
-0.3212226268
0.2597526882
0.8874000043
-0.5699811339
0.6499116838
0.7154756755
3.961048591
0.06781036612
-0.0652896516
0.8857502855
0.08063312471
-0.1615044765
0.1025711209
0.01258622762
0.007805219479
0.06989394664
0.1597701749
0.3290305657
-0.2483132415
0.4577291064
1.10077863
0.05576577648
0.8311384238
0.8631829754
0.2896163988
0.06949152872
0.9184196517
1.19095421
0.06912779249
0.2758467462
-0.03961722469
-0.3281822979
-0.678135851
-0.2960857745
-0.3633908764
-0.8199908853
0.1614274483
-0.5504649758
0.7433900282
-0.8069515824
-0.661574918
-0.8294870436
-0.08645373806
0.3238930397
-0.1092265699
-0.2056740314
-0.4769037694
-0.6467624411
-0.3620236963
-0.9287577927
-0.08719398845
-0.3154463936
0.2878061514
0.09351283535
2.004398125
3.085528481
2.316389178
-0.4001378715
-0.6361286044
-0.5195373863
-0.01267699134
-0.3582092911
0.5528069004
0.03967828983
1.11689468
0.6717045113
1.819066197
2.828131509
0.6597336754
0.1367274058
0.7889816508
2.440166903
-0.6448022977
-0.01030041929
-0.4544219062
0.7867458448
-0.5535834521
-0.1300721545
-0.4565860242
2.148835796
0.1738847434
-0.9681105107
0.9141015708
-0.3722741053
1.763059765
-0.6813845232
-0.2828737926
-0.6069737926
3.144787395
0.9771794707
-0.4404000133
-0.6328770041
-0.1771062728
2.744466764
-0.08341815844
0.1411990014
-0.7480726063
-0.4115549073
-0.7475941718
-0.3677410766
-0.3751374558
-0.3841648012
-0.5311846361
0.04567715228
-0.6656942487
-0.5013814464
-0.6685052842
0.0178361258
0.01080170069
-0.4884303384
-0.8342309237
-0.4597499177
0.7916265413
-0.406875205
0.3010325448
-0.6770325065
-0.5295354471
-0.4474256933
1.2841728
-0.4394994691
-0.6396659642
2.428582621
-0.1326844156
0.9823133871
0.8821209431
0.587722905
-1.115843856
-0.8047262877
0.2821451392
-0.4138888046
-0.6053600326
0.3040586714
-0.3012761585
0.002726241574
0.7092757657
-0.2219298534
-0.01554127857
-0.4958649576
-0.07084331028
-0.1416608827
-0.01981307995
-0.8107701093
-0.715945071
-0.5668195441
-0.423879917
3.089048326
0.9333944082
0.09915495384
0.06769256387
-0.6616630465
-0.2832025141
-0.3553885549
-0.2068543892
0.2427826563
0.3713749278
-0.5826391667
-0.1280767968
-0.4751769856
0.03400175897
0.1319403892
-0.02810406387
0.5505108193
0.01225755457
0.5911437519
0.2094511174
0.1211233854
0.03036453016
-0.2803354144
1.25960573
0.2457963964
0.2234813167
2.496010005
-0.5372620195
-0.4734749481
-0.6075541064
-0.2822225317
0.4375973605
1.729134026
1.232723871
0.6553081125
-0.5330657572
0.217473629
-0.2766961917
0.1795850635
0.03660301864
0.5016985953
0.4497270621
-0.1623384923
-0.6669071048
0.1581280107
0.2518384185
-0.3943151683
0.067459994
1.383064264
0.01137527614
-0.07739005457
2.151032728
0.5299274974
0.08045819495
-0.226561201
-0.2998316981
-0.8401884019
-0.5783236936
-0.6048369214
-0.3240587503
0.4153027494
-0.6406067625
-0.4860107183
-0.4538238257
-0.5151660681
-0.3791555777
-0.8168134332
-0.4497465417
0.3749126017
-0.4919374302
-0.7570160583
1.291546148
-0.05898918509
-0.5880104437
1.17241528
-0.3896056339
0.4542079501
0.2963317618
-0.7285161942
0.1294852924
-0.7453185126
0.1381272841
-0.3263970107
-0.6901637822
-0.425402765
-0.02749841958
-0.3686600685
-0.05049365927
-0.3499124166
0.9453193784
0.3179775629
-0.5311591029
-0.3488344967
-0.1555804512
-0.9391985565
-0.5967506394
-0.8542233407
0.6178264551
-0.7629187226
0.9049295038
0.03575996119
0.6281464331
-0.1573556833
-0.3788609177
-0.7321013451
1.49655382
-0.7335779071
-0.4701140642
-0.3365505368
-0.2220133312
-0.0609531478
-0.7529554814
-0.7191721171
-0.2332953893
0.4288386866
0.06495717335
-0.4607417181
-0.4990615264
-0.1780844204
-0.4164223544
-0.7091723204
0.02745636795
0.6933237389
-0.3417097308
-0.5084598958
-0.2844122082
-0.1857722808
2.815549099
-0.7288809657
-0.1164996566
-0.5424561635
-0.0813968394
-0.5374668434
0.3338166274
-0.7401367754
0.1128336506
-0.03114768676
-0.3330394626
-1.046770915
-0.4563987255
-0.6514757246
0.06356732771
-0.7393273205
-0.7863692135
2.664524794
-0.7417742327
-0.5148352847
-0.6163501978
-0.3730233148
-0.5586222664
-0.138739636
0.1097580019
-0.5483601451
0.3729445999
-0.5289821818
-0.2211085051
-0.1808429411
-0.7031896949
0.01038411404
-0.6625740796
-0.05909253822
0.1872206332
0.06146630389
-0.4239587054
-0.7838416755
-0.0357318474
0.1323139407
0.610889402
-0.247592137
-0.6151279151
-0.8475976616
-0.6130500197
0.6058531418
-0.5897990897
0.03391238258
0.1172512123
-0.4115959421
0.121805477
-0.5492985517
-0.299198249
-0.5436709553
-0.869913727
1.094490865
3.689749086
-0.5078651667
0.04541203286
-0.03887634557
-0.4936395332
-0.135796852
-0.7273386389
-0.1600944718
-0.5674079999
1.238587376
-0.5156281233
-0.1718879219
-0.4178026274
-0.1861819442
-0.3519872569
-0.4095166489
-0.08252259027
0.429783478
0.6006223351
0.9603391215
-0.1780031435
-0.2027660511
3.041677153
-0.4030533716
0.44881116
-0.3867532358
0.03522791713
-0.6983909413
-0.1917151093
0.01693156743
0.5015385345
-0.5781959489
-0.6787976384
1.203715082
0.1231341798
0.750482884
-0.3350387946
0.1355970124
0.4651432849
-0.8482236326
-0.8719454318
-0.3814724237
-0.1196174588
-0.9710834831
-0.9046627045
1.918637636
-0.8572355628
-0.7747622132
-0.1380898969
0.8465454876
-0.4903800309
-0.6579248101
-0.458951807
0.2693290098
0.144407697
0.6486166641
-0.3858945042
0.8735965401
0.04508231925
2.036965799
0.3648823507
0.0767763867
0.01766261719
2.163251501
0.2987774145
0.3540260457
1.489815718
2.507749307
0.0877203159
0.3268105343
-0.5745869473
-0.2082292583
0.149040749
-0.1704570465
-0.7585472852
-0.8426983774
-0.2689788841
-0.8147304833
-0.4349938586
2.645483977
-0.2833312068
-0.248002325
-0.4144040182
1.875181204
-0.7668089479
-0.494134441
-0.2397366527
-0.5647501513
-0.3606145158
-0.005323887523
-0.6406574711
-0.3662315205
0.09814302558
-0.5250036955
-0.5387949318
-0.01350884032
-0.6058593437
0.04012332652
0.1652477144
-0.193551613
-0.4853614539
0.5322500318
0.0119501356
-0.4287872165
-0.07291852348
-0.4292850137
-0.5958018661
0.7827750742
-0.4114818722
-0.3050229594
-0.2983441129
2.017678776
-0.01226257663
-0.7156273454
-0.05255255532
-0.4196840912
-0.6739318907
-0.03207949363
-0.6564208195
-0.2293990258
-0.9036349118
-0.7717680305
1.656099939
-0.1626387641
0.2985297124
-0.8259641349
1.858200949
0.7992610998
-0.655689317
-0.4442426741
0.5259519175
0.1049496023
-0.7814812571
-0.4163225129
-0.2431147009
-0.3490175866
0.07489924487
-0.1459336841
0.191343662
-0.8980908066
0.1429444792
0.7936657339
0.4491949052
0.06470255582
-0.6553577095
-0.4139584363
-0.3152868211
0.1690046333
-0.7319144547
0.8688071504
-0.453982617
-0.1391012054
-0.1291491461
1.827508223
-0.6714712024
-0.1855466142
-0.3321418375
-0.4629879907
-0.6106819704
0.01678973921
-0.5172179505
0.2876334684
-0.7948461473
-0.4431989819
0.3091810478
-0.2460689329
-0.4963965431
-0.7373889953
0.3400142029
-0.1156228149
0.341518146
-0.8862009794
-0.7047975719
1.517445678
-0.002426199801
-0.1419281829
0.6459450051
-0.8234661937
-0.08059191518
-0.5959194556
0.5421314478
-0.6273139715
0.284472942
3.246730518
-0.3670612983
0.7408207506
-0.5885368556
0.202999129
-0.2838056711
0.7920184389
-0.6023222461
0.6082709901
-0.1381345708
0.0176350439
1.877791864
0.3224972462
0.5958315849
0.4830807731
0.557368269
1.295701995
0.06850627456
-0.4642023787
-0.2781890467
0.006939870492
-0.6969343394
0.07260033283
-0.2714620031
1.105244122
-0.4715625033
2.082171923
0.4171443501
0.07791566281
-0.3371676847
-0.4475084469
0.1628387904
-0.3483541232
1.049761006
-0.2586528137
-0.3706474364
0.3805657933
0.5358415753
-0.498815763
-0.0278781645
0.3251244995
-0.1182273109
-0.2307104759
0.4110214781
1.186744229
-0.7613306195
0.01463306053
0.4782436274
0.2076061407
0.9138986506
0.9365001589
1.493602085
0.007184853591
-0.5875673234
-0.1514739428
-0.7273560077
0.6394582748
-0.5729546189
-0.8828696281
-0.5457866549
0.2441523973
0.4534380421
-0.7323785841
-0.4083925992
0.2485231332
-0.5629024535
0.1597274166
-0.4884045467
-0.5365151435
0.9966935724
-0.3414662719
-0.5643059
4.927767324
-0.235709409
-0.5429357648
-0.722807619
-0.6087172031
0.2797903212
-0.8001151174
0.1039047634
1.585328031
-0.5551580608
0.07134889774
-0.1637469828
-0.4216657639
1.0856047
0.6184147552
0.09592392072
0.7070313655
0.2885878025
0.1370420674
-0.8139820814
0.7519851699
-0.3418189049
0.9126725227
0.06077182118
0.5879477248
-0.7611965716
2.076680279
1.204883936
-0.0401593538
-0.0885854926
-0.6635748625
-0.3945048377
0.01200948618
0.3842571359
-0.5997467309
-0.7853099525
0.2527505404
0.9870322049
1.613827854
1.099914479
-0.3957124859
0.07269298658
0.2160244216
-0.9282114774
-0.504420948
1.045723343
-0.8415100962
-0.7032092392
-0.7655113935
0.3170633476
-0.04875428453
-0.7952345163
-0.3895556703
-0.3774309471
0.1812692176
-0.5654150516
-0.1084094561
-0.6208964825
-0.5290908515
-0.1256558739
0.8407684371
-0.6885198593
-0.2430286083
0.6687859479
-0.07702565137
-0.1141636841
-0.3266805869
-0.5170994058
0.01525179176
1.686138976
1.370250683
0.7556145057
1.969775885
-0.6209029794
-0.3530509666
-0.2914242201
0.1617173662
-0.1875281835
2.912468296
-0.1084160138
1.204983652
0.4536584839
0.3569135977
-0.4789385304
1.108280537
-0.3136610523
-0.5448463768
-0.3432131328
-0.3105704576
-0.6948996723
0.003585074795
0.3202133594
-0.700380224
-0.4282834351
0.5431695372
0.2760205818
0.3353819959
1.186413842
-0.201240762
0.4686163016
0.4126943156
1.142943051
0.0660764622
-0.03352777977
-0.2437161285
-0.2647681521
-0.3524400868
-0.4764208749
-0.219538378
-0.4443798721
-0.2587508373
0.09600869911
0.7430330582
-0.5035706222
0.1406648998
-0.106905958
-0.4113545164
-0.3199807502
0.5778830551
0.03026601453
0.5838143982
0.9371100515
1.030247429
-0.001144459192
2.369138128
-0.5929396272
2.048937836
-0.08961547557
1.179118875
-0.5726855502
-0.4413820654
-0.4067552507
0.1117459381
0.34555615
1.51877954
2.196075804
2.268009567
1.023221974
1.380547462
0.1671683209
1.001957124
-0.06007425068
1.059692872
0.07212136164
1.269858734
2.564497167
0.6060795695
1.805961454
3.042583674
-0.4696837708
3.117295325
-0.08570597172
-0.4779627725
-0.7438943386
-0.3775044486
-0.431192638
1.62118628
0.9504429623
-0.4829287469
1.73655237
-0.327474983
-0.7796325713
1.130308028
0.6509980112
1.06027666
0.9156653509
1.040980199
0.01338845016
1.308353153
0.8357710779
-0.2786259167
-0.1976432521
-0.6175622791
-0.9252167076
-0.5085350797
-0.4971146986
-0.4888189226
1.20540728
0.03067486603
-0.4827524006
0.384316582
0.06890949719
-0.0715624515
0.4021333907
0.4921153307
1.903780073
0.8640682116
2.530657905
1.910022902
-0.6592416182
0.08164922688
-0.3518852718
-0.4528400816
-0.5909797475
-0.3609349437
1.381656142
-0.3113693371
0.4444694661
0.628716971
0.2744349658
-0.02386635132
-0.5430474669
-0.5402203262
-0.5783184871
-0.4823669791
-0.04961709026
-0.02766834432
-0.4110945404
-0.8580303639
3.689117193
-0.4935914457
1.842722309
-0.3452348143
0.09526413493
0.3653270083
0.6295388788
-0.1205757529
-0.1571944647
-0.2352113698
0.7426203132
0.05222977912
-0.2467124177
0.6794184342
0.1219900644
0.5128797878
0.2613746674
-0.1721891023
0.7495252982
0.036404802
0.2780065618
0.08161876202
-0.05097343232
-0.12520061
-0.3822040573
0.3945488255
-0.1600240074
-0.1983554326
-0.06971322801
-0.3011143707
1.409791879
0.732387732
0.2014094289
1.452399302
-0.4617298782
0.3021026058
0.08042921741
0.3818540819
-0.327935037
0.7078415364
-0.2596854988
2.497751683
0.6334066868
0.2985165764
2.751935661
1.793497252
1.441528048
1.038134542
0.4725723907
0.04209651463
0.2431029262
0.2871049248
1.617182052
-0.5252010122
-0.6927095667
-0.1176246153
0.2858694416
0.6523960255
0.3120215397
1.20652207
0.218917634
0.3259419292
1.424866441
1.20120298
-0.07187927663
-0.476605764
-0.4304044977
-0.2586298279
-0.3371988297
3.534067738
-0.57647558
0.09148175167
0.7390157148
-0.6105368122
0.7832092211
0.1266762281
-0.3998064026
-0.06707389299
-0.6414208412
-0.3568715237
-0.1855933782
-0.429565534
-0.3351568203
0.1534907938
1.013798842
2.072469348
-0.5627077579
-0.01924513755
-0.04175062962
0.1809723295
2.611415058
-0.5397099495
0.05802941602
0.1887550802
0.01483621357
0.6968174309
1.105007403
-0.02556423917
0.3541628138
0.1734554272
-0.394631283
1.76253531
0.3159241173
-0.5056347594
-0.6249927774
0.113315228
0.2475672154
-0.3847540423
-0.253061704
0.2587120304
-0.5508192748
0.462823651
0.05440579168
1.019693585
-0.3589297898
0.100943609
-0.4255137056
2.01513927
0.2274224062
1.753465825
0.09056329969
-0.3865819193
-0.5670272276
-0.4126980692
-0.1098395423
2.171888798
0.07834690972
-0.3125325076
-0.1488776043
0.2011996391
0.1479910512
-0.2087664351
0.0939463678
0.8870361
0.4029348485
-0.2152967472
-0.5047849372
-0.8507712483
-0.7791002274
-0.6984908283
-0.1667357702
-0.7481822371
0.1979371104
0.9796361148
1.077509692
1.258594787
-0.4614489228
0.07506016204
1.246763024
0.4182871621
-0.4704399362
0.8152107805
0.2224245893
-0.3012677394
-0.1204520635
-0.4638669536
-0.922167021
0.3860961832
-0.77755934
0.07719054827
-0.758127746
-0.7619336814
0.6790031984
-0.6439042151
-0.3258114725
-0.2653338067
-0.1988631207
0.7849991441
-0.4523249149
0.2728967774
0.3726774695
-0.02962969691
0.7053685665
0.4399676703
0.1796569155
1.000473002
0.1397181403
-0.4284759879
1.447700399
-0.224825656
1.65437628
-0.625592266
0.7119623542
1.951232052
-0.1909921691
2.435729796
0.4530890564
1.659815018
-0.3535699964
1.686554861
-0.09791105315
0.8393898115
-0.4269479558
2.60863502
-0.7647255242
-0.1481011227
0.005943547841
0.05451949313
0.1700430819
-0.1696789604
1.033831084
0.08374331724
0.7351165414
2.325605273
0.9592244282
0.02078463268
2.825010312
1.409647328
1.900272346
1.116207182
0.1801499456
-0.5015009061
-0.3520907551
-0.5445584953
1.041870391
0.2557915718
0.300996892
0.6491959497
-0.637683323
0.7505741477
1.56421518
0.6938115969
-0.6080784261
0.5940625437
-0.3793328464
0.2880707249
0.04259736072
-0.09013609849
2.028414059
-0.4732351199
2.801774746
-0.6712970048
-0.4525718577
-0.4280563965
-0.527368474
-0.8831634074
-0.6422377706
-0.3166515574
-0.6330360532
-0.3591624722
0.189424363
-0.5352239743
1.256604061
0.1669910098
0.7271484837
-0.1529215932
1.899276465
-0.3838501155
1.576965541
-0.1021908687
0.834981221
-0.210414708
0.03444165848
-0.2111349467
-0.2833061114
1.035007076
0.3779178571
-0.2167828307
-0.09622840844
-0.3585863538
1.094060101
-0.4603881516
-0.1260568043
0.6977506652
-0.5442753226
-0.825766328
-0.674447611
0.9935402453
0.04362446805
0.9107547864
0.07913671643
0.4855947122
0.3620005969
0.1148977984
-0.5018624976
1.552734101
-0.4103660703
-0.4044024713
-0.6013142437
0.07099828157
0.6412694994
0.05638587191
-0.07326897196
-0.9392980069
0.6676583439
-0.2206637062
-0.7912982434
-0.24023536
-0.4674655043
-0.4348367199
0.5578833681
-0.4261824071
-0.3072278544
-0.6877979249
-0.2401419122
0.003327924944
-0.4332424864
0.2003089555
-0.7385172129
0.2279357532
-0.3331350289
-0.8047380477
-0.340247865
-0.2011752725
-0.8663105041
-0.04775820142
-0.2185955886
-0.03440164719
-0.705527693
0.2728382268
-0.295000039
0.2592010916
-0.1058769416
-0.973859185
0.1181286067
-0.5240294486
-0.3044725895
-0.2610677347
-0.1680255122
-0.3060133204
1.074349326
1.385657722
1.130090781
0.06669147126
-0.3130493291
-0.474376063
-0.8771090239
-0.1967648767
-0.4619909108
2.218795174
0.07288366673
-0.05076198988
2.243349469
-0.1896920206
1.348827004
0.1685031498
-0.07201691885
0.4452437207
0.2577464288
-0.434188664
0.1230617143
0.472112257
-0.1871535467
1.703182191
0.4093438108
0.8066185489
0.8877315283
-0.8190761179
-0.359285073
-0.1896563988
0.2989524947
1.126557537
1.140449342
-0.3692950279
0.8218541287
-0.5896407962
0.1822889117
-0.09897202291
-0.5873416051
-0.7370302409
0.5668592453
0.03940094393
-0.3468184933
-0.5294431776
0.09214768605
-0.2998438753
1.284829274
0.231632782
0.7546435565
0.2326495534
1.199058905
0.06984076661
0.8149759308
-0.6201175958
-0.3281342685
-0.4692254275
-0.4206499949
-0.2056411531
-0.04318711255
2.779589176
0.3014099699
1.315734564
1.51059075
-0.2019697465
-0.05724158082
0.03647211455
-0.2071518779
-0.1439288773
0.2630235944
-0.4058898494
-0.05283736642
0.1437222201
0.2178956119
-0.3017714433
0.2942611823
1.478200915
-0.2835634351
0.2182353079
0.4300782442
2.892856455
-0.04611056317
-0.04191035088
-0.3382040665
0.4015897982
0.1096043414
-0.04108245065
-0.1057440631
-0.5081648141
-0.6655473441
0.631508366
-0.2069858253
-0.4933032945
-0.4807926744
0.4426702704
-0.1824703653
0.5400255054
0.08740977903
0.2744323761
0.7822941184
0.2870911018
0.6501055926
-0.03305224241
1.66246939
1.709261817
0.6916036502
-0.6591761768
1.927114874
0.4760948211
0.1158663584
-0.0908023838
-0.6325143665
-0.3154867858
-0.023537244
0.1443004406
0.3885018699
-0.2555495869
1.897685373
-0.2782004207
1.796994597
-0.4777506009
-0.3167298701
-0.7053149551
-0.1762878772
0.8317072317
1.110394154
-0.5293732196
1.440301758
0.1060345751
-0.3737193599
0.6989045992
0.2285572969
-0.5005224243
0.8401541471
0.2440497866
0.1206919403
-0.05100978576
1.524392629
1.912908298
-0.5231460288
-0.1087677887
-0.1488976598
-0.3686692324
-0.5309222192
-0.1699765671
0.3397665493
0.2568342301
1.137736392
1.386946706
0.9463489681
0.004578655027
0.6057403728
-0.2148463087
-0.2580557641
-0.1273807062
-0.3631447926
2.163507062
0.2935876144
-0.3599368468
-0.7221502692
0.7526356041
-0.1256850488
0.1181373261
0.06164350952
-0.3753448263
-0.4397762641
-0.09123466089
-0.2638995767
1.535983461
0.02758430149
0.05594817828
2.087024933
-0.7266439155
0.5751437925
-0.4828452915
-0.4181626931
-0.7350717038
-0.1059498937
0.232863817
-0.3465814032
0.1976301879
0.5988202989
0.2988184666
-0.06341625676
-0.4336204812
0.05344263073
-0.3162354127
0.1473289983
2.337593818
0.78313687
1.583255297
2.234656209
-0.032523851
0.5987509392
-0.3135862183
0.3416226171
-0.1151395671
0.2572995748
0.480179837
0.0857048434
0.9518773705
2.367413473
0.1657297686
0.7338752732
2.165090048
0.6486834332
1.289304501
-0.08551228121
-0.4646246552
-0.3334797841
-0.1245166147
0.7202884644
0.2681821533
3.702903765
1.080281857
-0.2104324289
0.2396874981
0.3034341391
0.0482733675
0.2537220953
1.392567781
-0.04222758785
0.2052399926
0.7484276481
1.178625004
0.7540465593
0.3635628965
0.07199118761
2.815069574
0.9326893479
0.7861994594
0.3043771524
