-0.2913610518
-0.4142981157
-0.02359121577
-0.4643779457
0.4842797072
-0.6681904674
-0.4883773446
0.4266153008
1.460734954
-1.064591292
-0.5721604601
-0.8590115041
0.3505699305
-0.05438558385
1.972710747
-0.7992950737
0.3072933204
-0.1647638151
0.3076385969
3.072372472
-0.2961343266
-0.3444405884
-0.2418592982
-0.1687601618
-0.09090106953
0.6821514718
2.483806735
1.069211394
-0.3943654887
-1.173425835
0.05701691089
-0.208448102
0.1959979687
-0.4133191645
-1.100201115
-0.3025512516
-0.7850922078
-0.4987065047
0.0188493846
0.9355626427
-0.7005227536
0.09959088396
-0.5173112817
-0.3234035552
-0.4919386983
-0.1198373564
0.9087591738
0.2371661864
-0.2542598721
1.372857523
0.3750595486
0.01069413349
-0.002100940049
0.4254959643
-0.6667625904
-0.7821710378
0.6949984998
-0.3985144921
0.6030057251
0.7552754201
0.5074788593
-0.05951056434
1.119818404
-0.2712552037
-0.1223112255
0.5837109476
1.550724053
-0.2443408713
-0.2730059206
-0.230810434
-0.4619542502
-0.07646335997
0.162910841
-0.2547294956
-0.1927161694
0.008624410676
-0.2309805283
-0.3467077404
-0.2054022327
0.4129995868
-0.2858448178
-0.3974069908
0.01553096073
-0.15608395
-0.2695346139
1.201892464
0.2233313305
-0.1936354743
-0.1791750289
-0.03359989319
2.470662498
2.522213113
-0.3670375906
0.6176437899
0.4987318769
-0.4903524347
0.472567676
-0.5036647707
-0.4230354518
0.9986103147
-0.3506866552
-0.4482271269
-0.6120445549
-0.7896568656
0.5435794801
-0.1998213675
-0.3975145563
-0.1315165482
0.6391188882
-0.3713722005
-0.08672927693
-0.2556376576
0.5303256914
0.1869870625
-0.3736806385
-0.2600457795
0.5564636949
1.880759341
-0.6445631206
-0.3780601069
-0.4779853195
-0.809581086
-0.5611885965
1.25054096
-0.5461073622
1.042473242
-0.3342004657
1.301322126
0.9028035134
-0.2326186631
0.4492294341
-0.7935695469
-0.3494440153
-0.5664239123
-0.00482963766
-0.004004821088
-0.5781350732
0.0820126377
-0.09938305239
-0.7396665692
-0.1762561284
-0.386714083
0.2224637731
-0.4202683255
0.3862801475
-0.07821302228
-0.3372087754
1.098337981
-0.2627355665
-0.1564888226
-0.8956412196
0.1689296306
-0.6038839728
-0.2057757735
-0.3737947896
-0.9641188741
-0.6100004435
0.1571640008
1.532751864
-0.3953857727
-0.957600677
-0.1416026655
0.1623466055
-0.3715608418
-0.5157678172
-0.187630837
-0.1391003534
-0.4778725013
-0.003641005233
-0.7681827307
0.9302910149
-0.8943089992
-0.6115733236
-0.3479513444
-0.4636713117
-0.620664233
0.6003129926
-0.2962713167
0.1985028972
-0.3437368058
-0.6703730971
-0.4070931852
-0.392584946
-0.4890225723
0.3175943449
-0.5441381574
-0.08843499497
0.7142719641
-0.1834511984
-0.05524005918
-0.4991957709
-0.3691314906
0.4592737548
0.504921256
-0.3970812336
1.577365762
-0.6373141527
0.1254842119
-0.7304280818
-0.3572430961
-0.7309551537
0.1938680477
0.01002678461
-0.7010955364
-0.9444809526
-0.7633176103
-0.3880113393
-0.2116900243
-0.6297595352
-0.3350369692
1.201917708
-0.534961468
-0.4234053418
-0.8420738548
-0.3582629563
-0.2180052862
0.2326448917
-0.4580414608
-0.5705565065
-0.3885326847
0.08633011216
0.0829887405
-0.2221713345
0.3444635108
-0.04349903129
0.4192293944
0.02995587736
1.557489061
0.8689699251
0.5838642072
-0.3297782399
-0.6003862217
0.2357482648
-0.3508639887
-0.1809838569
1.112094221
0.1771235545
0.2969396223
-0.2143169735
0.1797477638
0.9636530995
0.01807195358
-0.3767606966
0.1982837047
-0.6735614091
-0.2803903125
1.618546468
-0.4335628942
-0.08764634728
-0.1184177274
-0.3671234421
-0.390667662
0.4502328878
-0.1409003399
-0.2455000129
-0.03864547955
0.8027608395
-0.1304095774
-0.6792508274
0.4198662013
-0.2428613514
0.1266522897
0.02241963521
0.2856443373
-0.06439471692
0.01178472806
-0.1976232061
-0.5870198146
1.859583548
-0.1952498173
-0.1349169798
-0.6123864338
0.1748732481
-0.2928201091
-0.6683803707
-0.4847807363
0.05833888222
-0.5610749081
-0.04076781394
-0.2319955107
0.06495954879
1.400279829
-0.187170757
0.07724728212
-0.1402636845
-0.1270692133
0.4871290691
-0.6074302003
-0.2533695819
0.7535738826
-0.6667132214
-0.2200604182
-0.1789084014
0.8258165419
-0.3761711992
3.896208382
-0.2637705121
-0.54064015
-0.52306339
-0.5983598903
0.1952773249
0.6059993342
-0.1940511674
0.0263997369
-0.2027277531
0.04501891229
-0.2635163078
2.384989768
0.6039112389
0.8358993869
-0.37831944
-0.1804961678
0.03787198141
-0.7161088541
-0.3092305265
-0.672952196
-0.5804216042
-0.01721762042
-0.130610092
2.51547249
1.25687266
-0.1302207882
-0.2776234344
-0.5703529805
-0.01060743425
-0.6715089023
1.663679576
-0.4253960513
-0.5331716433
-0.4857510298
-1.061137372
-0.7224869236
-0.3263890561
-0.7167551398
-0.2093936093
-0.5052716717
2.580239064
1.329988632
-0.2775868177
0.2831028361
0.235569223
-0.6141595647
-0.2272658913
-0.2931642283
1.779764074
0.6898662888
-0.1681648668
-0.2952497877
-0.2158122148
-0.09327009022
0.5523313072
0.93647113
-0.8042194098
-0.5889073297
-0.3445039636
0.06565885283
-0.174382787
-0.2313498303
-0.1489184354
-0.5246642351
1.180825856
1.229153863
-0.6681832418
-0.2010160346
-0.240937737
-0.6899696976
-0.05699617639
-0.2703804784
-0.3163666762
0.1059163736
-0.5293419138
-0.07009089552
0.01635848032
0.3765853342
-0.4025544107
0.2273477279
-0.1577033598
-0.8794940919
-0.5982077867
-0.4883556359
-0.2394785523
-0.1804325046
0.5016898781
0.2312309681
0.1928535327
2.295122534
1.479404771
-0.6322785154
-0.5369838595
-0.2807755537
-0.363200099
-0.9048020482
-0.8285190031
-0.3531026967
-0.3617314786
-0.9984784067
1.304209101
-0.04983772133
0.1947869106
-0.6283308804
-0.445461002
-0.07176217362
0.1700784678
-0.6739162356
-0.6009497337
0.4516475275
1.495232165
-0.06277209157
-0.4787733659
-0.5225992918
0.2918778928
-0.6324967116
-0.3756044418
-0.3737847552
0.8746676564
0.2498817098
-0.7393308431
0.3237335965
1.076294017
-0.006824127864
1.625544706
-0.1164815839
1.77210502
1.406931329
-0.2061468471
-0.2364570108
-0.7414919972
-0.3983463123
-0.4504053921
0.03738242276
0.07603461822
1.019764909
1.791567349
-0.6075464129
-0.1588295898
0.02520593591
-0.1649810754
-0.9721120864
0.02651960454
0.3315886505
0.2272100888
-0.07593571395
-0.6373369753
1.345048648
-0.5291734323
0.8666859418
0.2670546602
0.0188183344
-0.6649571046
-0.1848263115
-0.04416639651
1.60760133
0.1330955006
1.372061402
-0.02898108503
0.2748956949
-0.1307100069
-0.6131162688
-0.05578501094
0.1040068585
0.07463599211
0.9195705503
0.8870841444
-0.06995623372
-0.2684971916
0.03366533685
3.084209251
-0.5870052308
-0.1042752048
0.229824351
0.1103301777
0.003708103858
0.1005087837
0.4249610864
-0.324121175
-0.3815248698
-0.2776233919
3.460982597
0.4204968244
-0.8851197839
-0.1813416228
0.6171470314
3.106149542
-0.4567654446
0.06265542749
-0.05140683576
-0.1820511572
-0.3111446142
-0.7324683577
-0.2837222554
0.7767809212
-0.3346707523
-0.316369056
0.06824357715
0.1398556935
-0.4390365928
1.169095534
-0.6003374338
-0.1117625894
-0.08726500995
0.1468262453
0.8123657823
-0.4993297622
-0.4674700692
-0.08285930809
-0.391158402
-0.8535197109
0.7825417876
1.963635433
-0.04533605818
-0.2939983159
0.8631556645
0.3710256994
0.761711733
0.1781210392
0.2369532118
-0.3949722409
0.01857241597
0.2057353494
1.325723776
-0.5107166789
2.050505441
3.737676406
0.0736687758
0.2591078003
-0.5268499732
2.288035649
0.1374397134
-0.3500476189
0.2534815295
-0.4533095986
-0.6003756911
-0.1433548797
0.4806048932
0.2547226481
0.01285382677
0.02556402371
-0.3240987025
0.8941751532
1.3208033
0.2918904421
-0.4254136786
0.7732257336
-0.03206023294
-0.2730701707
-0.1029067295
-0.4461751312
-0.3207498811
3.117963386
-0.04862280041
-0.233107551
-0.02402942069
0.893578928
2.15350126
1.957140869
-0.5009327263
-0.02718113642
2.924714732
-0.6942326069
1.725406045
0.0002374435309
0.06932808985
2.519244421
0.08071024232
-0.4007261097
-0.5427996561
0.1777693028
0.08295545615
0.03506186884
-0.1566141205
1.228695148
-0.02241881364
1.089521217
-0.06082927994
-0.05839127791
-0.09800247103
0.8694006547
-0.347087577
0.628178212
0.444535353
-0.08699685801
-0.4977707654
1.796804887
-0.2613708794
-0.2387691196
-0.01005666051
0.6809396397
0.9329684637
0.2396383807
-0.01944899086
-0.3702578098
-0.7035977215
1.944071478
2.145961177
-0.251126311
-0.2886151183
0.3733360797
-0.2377307344
-0.09182341285
0.09018515944
-0.2402961966
-0.760150075
0.138047388
-0.06385642299
0.6760459438
1.343400535
-0.4351454303
1.318503243
3.083086067
0.0295920454
1.854810506
0.3950925607
-0.2153381377
-0.1603408562
0.406478963
1.158161753
0.1873821179
0.9992472291
-0.05067355102
-0.4851108089
0.4833419785
0.2753105415
-0.1418800088
-0.1483108148
0.08532796204
0.01811101092
0.4645816728
1.507001108
-0.2059079418
0.7692781106
-0.3487032719
3.752254629
-0.2461999349
-0.2369838361
-0.04642390427
0.7580486514
0.06958075529
-0.5201029077
-0.4589865394
-0.4989772171
-0.7161047459
0.8095857248
-0.04008550774
0.6454634294
-0.4725318491
-0.1747907203
0.7407976002
-0.05911036832
0.5076998219
-0.1553111456
0.1192299429
-0.5245736971
2.525960487
1.861105937
-0.08368105926
1.146914922
0.6080073297
-0.09327250551
-0.2695912
-0.1742867157
1.193423864
0.03342153328
0.001373305917
0.8137736008
-0.1727222407
-0.3352533877
-0.4291579958
-0.3688369681
-0.392816329
0.7098982483
-0.2171842448
-0.7086325496
-0.2058621649
-0.3219118841
-0.3517851934
-0.7298958808
-0.3691967539
-0.543029803
0.6479251288
0.005533836875
-0.8070525825
2.446681905
-0.5505554453
-0.1840890419
0.002066010889
-0.02375218011
-0.5373087719
-0.5905876547
-0.1834126279
0.3036495563
-0.3159156691
0.2209339238
-0.1782153828
-0.2640327815
1.798516065
1.876588041
0.2257151466
2.499524891
-0.1381805766
-0.248970063
0.5013358369
0.1731080147
3.156601286
-0.2885664567
-0.3700166233
1.739472842
0.08925708365
1.79893989
0.1127893448
0.06296251072
1.416217619
-0.02544724969
0.2581355892
-0.2530964226
0.7885185465
0.2142995965
0.8408492237
0.4720640618
0.3851493878
0.01266670511
-0.5142547727
0.09722548584
0.8929038346
0.491809725
0.5378031418
-0.692773366
-0.2692518488
-0.2140500985
0.7505543768
0.1886484078
0.6645104356
-0.1940446699
0.559485057
-0.5415179759
-0.5223683685
3.244069564
0.9820545405
-0.3397622317
0.2732739428
0.470071543
-0.3543780811
2.212862879
-0.1848380916
0.02695407718
1.471807665
-0.2741320241
-0.153593387
0.4939976238
0.7492512047
-0.07628863873
-0.3068892777
-0.1492784183
0.4806115367
0.1418524207
0.1387334036
0.6256617916
-0.4474175707
0.6509756237
-0.07275258787
0.3835992072
0.08829915468
0.6094916746
0.3442134606
-0.05600167848
-0.4637631953
-0.6050741062
-0.6187499568
-0.6290163457
-0.2816454966
-0.1463085216
1.240896332
0.2975255131
-0.06481583212
-0.1897029463
1.726807362
0.2015375916
-0.3396101996
0.8208729059
-0.3537427254
-0.03942831876
0.2918961653
-0.2340696234
-0.3222179549
-0.1448862442
-0.1412072934
-0.0623703137
-0.4267421551
-0.105032545
0.05483402796
0.5664578699
-0.7858456224
0.7287764072
0.004106259719
0.1178282885
0.0970046889
0.4055978697
-0.06648219731
-0.33753521
-0.1658725832
0.1440401659
-0.1996184003
-0.4842022911
-0.1677253834
-0.221762437
-0.7182862237
-0.01149923867
-0.03462924059
0.681032829
0.5642909579
-0.8390758574
-0.3922682445
-0.6851383805
-0.07470688354
-0.5634606525
1.259417608
-0.3994280688
-0.3486469299
-0.1698960323
-0.5457019597
-0.4542381331
0.2140165767
-0.416232267
0.3606170878
-0.06721237712
-0.3952228576
-0.3409993656
0.8793620393
-0.2253125738
0.2418426142
-0.5616755351
-0.2269707661
-0.463920927
-0.671168977
0.02323668078
-0.151430187
-0.3805867948
-0.5768082783
-0.2022894096
-0.1793352988
0.6832091227
-0.2067272222
-0.4674663723
1.255221879
-0.1855723519
2.276664352
1.340325287
-0.2520183876
0.1758449372
-0.3735321708
-0.467306757
0.7766706452
-0.007845937368
-0.4624103755
-0.1535339274
0.3395258714
0.1715122891
-0.5394291401
-0.4785758093
0.3423866523
-0.8674103409
0.0683606117
0.465526478
0.8793286964
0.1528723979
-0.3071053028
-0.08539197817
-0.186312104
0.9241428144
-0.4335097596
-0.313335336
0.5945620008
1.656850946
0.4650045052
0.1560223959
-0.04453539699
-0.3397310041
0.4173895244
1.638421828
0.2167021441
-0.3029429626
-0.1955871444
0.3172081156
0.03812764995
-0.6698217943
0.1724835657
0.9864686444
0.4294007657
-0.3712306451
-0.6144929141
-0.7434529424
0.3240788962
-0.4430128291
-0.3136602946
-0.2971359745
-0.07098467294
0.3146363198
0.08441911275
-0.03494051872
-0.1218917221
-0.1263917625
-0.1596998489
0.2819104513
-0.1582495589
-0.03111135364
-0.3616368666
2.112907249
-0.6088161781
0.4306053422
0.08238299964
-0.309420681
-0.4661999807
0.1829537371
0.8014364146
2.96003356
0.2453134403
0.04927234733
0.9303687274
2.098441744
0.06545254686
-0.06634190436
0.5476780891
-0.4131411672
0.137280193
0.6189606696
-0.4660814434
-0.4126577891
-0.345405386
-0.3339096047
-0.144483095
-0.08233162351
0.6124654174
0.5528648689
0.3253716936
0.653418804
0.05805289429
-0.1799580906
-0.2883357532
-0.3426008753
-0.103019431
0.6857150897
0.1305252495
0.7646339238
0.4026183832
-0.4139501229
-0.4731135249
-0.007977381349
1.451960698
-0.2338423662
-0.1414393716
-0.8016952813
3.460765588
-0.1586112577
-0.6534554183
-0.6011930466
-0.2329788018
-0.0723048511
-0.296051567
-0.1251850517
-0.2765414536
1.729587987
-0.6046986163
-0.1309945019
-0.1551863302
-0.7965148121
-0.440448463
1.992194706
-0.185295856
0.1122263202
0.7771865919
1.295074722
0.80000818
-0.6473879337
-0.5886131361
0.3380877594
-0.584162119
1.17121909
-0.1494479563
-0.385624899
-1.131057477
-0.4475094378
-0.7556134582
-0.4635987207
4.017526674
-0.04386864938
-0.04012685996
-0.2900179893
-0.005776652368
-0.6848115683
-0.5548652023
0.118951608
0.09083908433
0.3250757027
-0.1678459648
-0.5126875192
-0.01520164707
-0.508339873
0.3227518108
-0.519649595
-0.309641023
-0.2233116612
-0.5183766708
-0.01360816536
-0.09022747371
0.2519941822
-0.01350722136
-0.177958183
-0.4900591902
1.065708274
-0.8266822904
-0.1475067712
-0.8021953851
-0.5335748419
0.2966449171
0.6248821437
-0.3945152022
1.087952873
-0.171983448
2.343746758
2.428106719
-0.5212819301
3.495650697
-0.4598848671
0.3475347303
0.1024716908
-0.04835765958
-0.532234396
-0.05037643956
0.02416833527
0.5818617972
-0.1602216683
-0.1325214218
2.351953954
-0.2529010495
-0.5322545737
3.718015611
-0.007247117162
0.07273884788
-0.2370764975
0.1839928874
-0.3168195337
-0.1594385095
-0.1088467199
0.4273910463
0.2952799991
-0.09764680993
0.06534142569
0.4367695216
-0.3531750113
-0.05731257647
0.4195136592
0.04353744052
-0.3930759251
-0.2166442733
-0.4008102089
2.022072524
2.581596047
0.509987998
-0.3716330692
0.7951035082
-0.4825583205
-0.2554567555
0.2845023006
1.14840962
0.4008534567
-0.2344174579
-0.1326435495
-0.08389024064
-0.0543025095
0.991880089
1.96067158
0.2746128333
-0.07775541954
1.52918216
-0.2640359071
0.5644744277
0.7085576683
0.002084343135
-0.3069634169
0.02978466926
-0.3711895272
0.5593947992
-0.5629580185
0.3997113587
0.2881572694
3.193622792
-0.5658413932
0.4735335667
-0.4182062037
-0.1320951732
1.358563608
-0.07053628843
1.314883235
-0.8258631796
-0.00173233524
-0.4394302696
-0.1875342112
-0.624516055
-0.7989186764
-0.2550146386
-0.1459474469
0.511140246
-0.2127944376
-0.23653051
-0.1654664695
0.8243332863
0.132527712
0.1241174256
-0.2638304442
-0.07752927043
0.123792005
0.1600281117
0.4758246645
-0.08589857221
1.019699769
-0.2581454426
0.5178015612
-0.7764907777
-0.4328109205
0.08410263043
-0.02226620214
-0.1714584732
1.39046016
-0.3398702629
0.5468475915
-0.2728296045
-0.006691772677
0.327034395
0.1547410868
1.406061089
-0.1567944661
0.1213948105
0.6754526593
-0.45584604
0.5123025116
0.02242670851
0.002709570527
-0.2983413838
-0.3845897816
-0.434613362
0.533317516
-0.1615224103
-0.07802532241
-0.6052920595
0.02140487228
0.123499573
-0.2323456056
-0.3351622002
0.6656397641
-0.03875000682
2.001415783
0.6377938032
0.5651256889
0.1758254284
1.283123311
-0.4994962245
0.8582141504
-0.5929342359
0.01039917096
1.108579513
-0.03812362086
1.605402011
-0.127587341
0.02903374629
-0.6874861032
-0.5817829326
-0.5411319569
0.7395480961
2.628609622
-0.4347400978
-0.2467913635
1.266627237
-0.2996368505
-0.4024182389
0.8794306815
-0.1023714585
0.05442393366
-0.1623756045
-0.1474599218
-0.1474506722
0.4436652232
-0.4554937437
-0.01890621167
0.5507366953
0.2601981005
-0.2525695644
0.1585135768
-0.3119901262
0.03733919803
0.1254713302
-0.1449241776
-0.2443323828
-0.1342228911
0.0551273061
0.2331908792
-0.5403223276
0.6363319993
-0.2490251988
-0.1469384879
0.4337561868
3.041501057
0.5439614736
1.113885489
-0.05075591812
-0.2983260551
1.423712867
-0.4221929297
-0.3834021896
1.050675878
-0.6561244249
0.2370259482
-0.5492721483
0.0213692694
0.04879692141
0.4202131104
0.3156750547
-0.2993140541
1.034026438
-0.01796322055
0.1858133845
-0.3040596316
0.1089995398
0.1638071266
-0.2513420839
-0.1729566584
0.4721364468
-0.1313884348
1.384305111
-0.361933212
0.6241564497
0.5279237617
0.4952093288
4.570379078
-0.3481070014
-0.5659051195
-0.2020301372
-0.7207008928
0.2209650033
-0.008116045967
-0.2256411849
0.04388963403
-0.4213739455
-0.2898750953
-0.4996381909
-0.2402427414
1.047030208
-0.5418091223
0.6072983541
0.6978927284
-0.890702346
0.2822408712
0.5769154325
-0.6611802012
-0.04909196487
0.9956049383
-0.05756603573
-0.2658652438
-0.2078520242
-0.2667125858
1.012957126
-0.6870423824
-0.04167130664
0.2502013494
-0.5616624266
-0.2622352038
-0.4542158008
-0.6150147438
-0.06602179352
-0.2216277801
-0.5005803511
0.07189865252
-0.4415624
1.59567863
-0.2229432729
-0.4883057073
0.2980156869
-0.3896364763
-0.7220362127
-0.3712421022
-0.351684469
-0.1159933764
-0.0560915296
-0.1810634788
0.1925389271
-0.5668179639
0.2459696975
0.745172983
0.2754792156
1.073884597
1.175163403
0.04616939463
0.3570590321
-0.7935803264
-0.7123527914
-0.6775364175
1.253739625
-0.1852310212
0.2910743074
1.544054168
-0.1052521918
0.2093126856
-0.329881727
-0.1511417551
-0.2150443232
-0.01319290018
-0.5067509353
-0.3834867641
-0.5908834353
-0.2030509554
-0.330438593
-0.1519061581
-0.4058898456
0.2335057935
0.9867830321
-0.1370755968
-0.1041587479
0.01017198102
-0.2042156314
-0.5473645434
1.506881049
-0.3382320471
0.06248755977
-0.3344925907
-0.9814005077
-0.8171475977
0.1180171339
0.1492753895
0.7704397142
-0.3030848339
-0.1491302471
-0.5822761208
-0.1591339149
-0.5333925396
-0.9705120176
2.956287301
2.968391514
-0.10386813
-0.1936274884
-0.3751173973
0.1342449907
-0.4185128503
-0.551292704
-0.2561248641
0.08742167577
0.988586678
0.04935188005
0.310153863
0.05294483397
0.009906752221
0.6351943336
-0.3544371553
0.507942351
1.170733523
0.5366591245
-0.4280494325
0.02296515722
-0.3977857471
-0.5259183988
-0.8296560884
0.1466042879
0.5749652848
0.4819416501
-0.17756642
-0.3919515729
-0.2638097133
-0.403602463
-0.7092350215
0.2232402033
0.9750221819
0.02552882531
-0.2939643726
0.159459882
-0.009934077598
2.93654809
0.227955162
-0.2158599932
0.140149254
0.2494486333
-0.4404852524
-0.3323893189
-0.3192769632
0.8888014287
-0.4643349245
0.02144782641
-0.3505516246
0.009546937048
0.1552064183
-0.5990266994
-0.257539048
0.1113397421
1.38819648
-0.4119952917
-0.140976988
1.278113514
0.6264187542
-0.07409791164
1.868925193
1.17104502
-0.4335162729
-0.4542074874
1.01260979
-0.289068109
3.012345135
2.486494082
0.07687209323
0.09581026528
0.910377872
0.6870035186
-0.5441434234
2.405230731
-0.4426393703
-0.0783277059
1.562421674
-0.317670022
-0.2524477959
0.02322085612
0.700512284
-0.3183331393
0.2027638318
0.3128711434
-0.3395319581
0.1516303887
-0.5925847083
-0.1252968342
0.09786314033
1.836408889
-0.2930617727
-0.401970616
0.1423745128
-0.4407512099
0.1496446711
0.5493304033
0.6120131877
-0.6730166048
-0.05945114726
0.5451888604
-0.1463522051
-0.3544223987
-0.02361669261
-0.544590342
1.35887824
-0.6018331498
-0.3337091044
-0.4689418986
0.1611646583
1.019351882
-0.449394761
0.8285365656
0.8991482109
-0.8769722432
-0.3430555917
0.08058205531
-0.4119712383
-0.6843138874
-0.2823255591
0.6293859854
0.483105896
0.3047507031
-0.3444081962
-0.5170615092
-0.7489175469
-0.7731365353
-0.3679004036
0.2419938527
-0.2696716227
-0.5305234775
0.1478552332
-0.4003300458
-0.1784791099
-0.4581718959
-0.4708342396
-0.1898793789
-0.5630087499
1.124765736
-0.1307856191
0.1818523137
-0.8437903583
0.1887241868
0.4434571534
-0.2593614493
0.784959564
2.195566249
-0.4678115249
-0.3811393745
0.3382899132
-0.5254889548
-0.2395244713
-0.01125230724
-0.07680742685
0.4855036415
0.7154320456
-0.27509492
1.119396326
-0.1403909612
-1.082781789
-0.1997733083
-0.3423915401
-0.2181174707
-0.4566834524
-0.1729233256
-0.727396068
0.06353562553
-0.6582591981
-1.065667242
-1.01047596
-0.736883536
-0.4577172279
-0.7419432759
-0.9679069281
-0.4444352478
-0.1154350251
-0.1675956037
-0.7491594315
-0.385381116
0.045405058
-0.06233673142
0.4641651088
-0.06604548944
-0.7456890374
0.9252760723
0.138680858
0.03812180059
-0.4963031262
0.01141490154
0.3633913573
0.7478709243
0.5141036259
2.125439548
-0.134287652
-0.2002827898
0.1228926289
0.1097099224
0.3162266362
-0.3050036252
0.2279624317
2.297837865
-0.4205024473
-0.312441558
-0.02209739648
0.133425037
0.1073172808
0.1565648321
-0.2684186436
-0.1742024103
0.2634366595
-0.5809498444
-0.3835348953
-0.2106268806
-0.7089469522
0.6338859797
-0.5907232657
0.06030982146
-0.04614305869
-0.3365453184
-0.6424927548
-0.4733223125
2.284235573
0.2213198512
0.4515437707
0.623334413
1.070363799
0.3863065444
-0.2943784274
-0.08459453844
-0.3247534199
-0.2643277235
-0.3043862689
-0.2392324566
1.158029532
-0.5762151033
-0.591088599
-0.4814415008
0.08546721553
0.2677139031
-0.3770731747
1.202108389
1.155124786
0.1435040012
-0.01867968361
0.7902970202
-0.568377699
0.5868883275
-0.1373617882
-0.489776668
-0.09262348088
-0.3825564738
-0.4363064557
-0.1843555979
-0.5012656853
-0.6680998564
-0.09800801113
-0.9922228366
-0.2152212527
0.0147666174
0.8343323514
-0.5320014253
1.518028361
0.7006688751
0.2656322133
-0.07225356419
-0.5252104744
-0.3540850371
-0.3152435016
-0.5843691796
-0.3550896779
-0.8128823876
0.1276495026
1.032355005
0.1949888487
-0.1232069429
-0.6680668175
-0.466008617
1.130857283
0.2589712914
-0.5397944838
2.108167535
-0.6912148714
-0.3182594031
-0.406496717
0.3930771116
-0.2503985073
-0.09101455752
2.968284845
-0.2592943616
-0.8766054243
-0.3348033376
0.435981022
-0.3006224267
-0.1199676827
-0.9539812028
-0.346848885
0.8334458023
-0.4474097565
0.0425249537
-0.5988455877
-0.2619986773
-0.6264174059
0.8755893856
-0.6371599615
-0.05255515836
0.7564575061
-0.08832096215
-0.4748923764
-0.3827028871
-0.3829063043
-0.04101998787
-0.1575833794
0.07970229983
1.465473777
-0.6446125805
-0.2846146654
-0.406371931
0.8706273139
-0.3623720437
-0.5885847688
-0.006895766594
-0.7672855794
-0.8451268137
0.2521851603
-0.4042681992
0.8851544946
-0.6994796276
0.2427660455
0.273063552
-0.3161647119
-0.2356976958
-0.1972879004
-0.212192728
0.0929576688
-0.4504110835
-0.1220816542
-0.006077391095
-0.6329580799
0.8127642184
-0.7363441527
-0.7902371794
-0.6309569821
0.2231102183
0.005795340985
-0.05853424934
-0.5980810121
-0.6718099475
-0.5197224259
1.816166538
0.04828254222
1.500039548
0.04866753733
-0.1045550087
-0.07237481466
0.8533823758
0.5369922448
-0.6389221221
2.274518675
0.1267594791
0.2150484839
-0.377105549
-0.2576351129
-0.4592171833
0.4606471121
-0.1214225074
-0.2478775468
0.01937180627
0.8375854895
-0.8827705741
0.5831631016
-0.09984196844
3.337940049
0.2757932913
1.348603345
-0.06975689102
1.587938881
0.973631973
1.428402203
0.8448386587
1.236290294
-0.4509729996
0.1675753059
-0.5043777511
-0.1812222706
1.334304017
-0.5473685965
0.1725714614
-0.06046932563
-0.8002380937
-0.534192647
0.700297302
-0.251259749
-0.2267002413
-0.1654780294
0.1338200792
-0.4649883881
-0.1905282348
-0.006783637963
1.078379993
-0.1278824842
0.7680310629
-0.3804301858
-0.2688479878
0.04692908442
-0.1811162043
0.2084804276
-0.1790285985
-0.5146220028
-0.05387445912
-0.3628857955
0.259919233
-0.1303986087
1.739148867
-0.09590360876
0.6915244535
-0.3278592117
0.05956691764
-0.0207745505
0.1997168625
0.1012054321
-0.2174633093
-0.4751523465
0.269017259
-0.09140292276
0.4807067879
0.01580903018
-0.2355132692
1.164001456
-0.4884937525
-0.2285348102
0.2782646833
-0.2661819912
-0.4584775805
-0.5823057726
0.3770741347
0.3801661254
-0.2306885622
-0.3845782764
0.6325274572
-0.1271430542
-0.02943801824
-0.2906579852
-0.1700045921
-0.2762957066
-0.3054029915
1.174375671
-0.6468744367
2.786341703
0.0008215123788
-0.363036938
0.8226599574
-0.7694233716
-0.157946988
-0.2367396506
0.9685792774
-0.2436485827
1.420970675
-0.3893811397
-0.4629199311
-0.3791823037
0.2486261019
-0.3108179346
-0.1545944702
-0.2097623421
0.3980232295
1.817971084
0.4187545866
-0.0421838
-0.5371676564
1.367023972
-0.1843499765
0.6628397092
0.6707709014
-0.1556146171
-0.1428252507
-0.5823383182
-0.5584626824
0.4108038947
-0.2512129307
0.1338379723
-0.03033089209
0.5031694975
1.659289443
-0.1268174207
-0.1716914527
-0.7640800804
2.92489146
-0.1707830733
1.507971436
-0.63941001
-0.1921838714
-0.19289234
1.540842171
-0.2833571978
-0.08680550875
-0.1143597806
1.486851859
-0.04836007878
0.963711305
-0.3191179163
-0.2000456657
-0.2041032242
4.378025746
-0.3748120338
0.3990896815
-0.1077287311
0.1872785275
-0.05714770611
1.061755103
0.08840945838
-0.7466067553
-0.3049269684
-0.03286444582
-0.0618390393
-0.4395046212
-0.2186084757
0.6111730829
0.9124349028
-0.3126312617
-0.2537035048
0.4242304131
0.5122518256
0.2394632667
1.831849688
0.8399635196
0.007295862772
0.7453674942
0.9363245904
0.1389736999
0.663405478
0.437157416
-0.2707085524
-0.007435830263
-0.1557556063
0.9220154583
-0.4764981344
-0.1459676987
-0.3616575882
-0.1286045281
-0.6760291964
-0.3660713971
0.4521909006
-0.07238515131
-0.1445319382
-0.3147591583
0.168868237
-0.4413914733
0.7357023403
0.5316025458
0.8698069453
0.06053308304
-0.03030521772
0.01181688765
-0.1404976866
0.4817428404
0.02950885296
-0.02108307281
-0.5613809407
0.4744680166
-0.2656484004
-0.1319621176
0.5582223635
-0.4353003532
-0.06914583482
0.4209702071
0.6316202506
-0.26978724
-0.1503870904
-0.1534136795
2.270681787
0.2959748905
0.6010038912
-0.4030976832
-0.4524556786
-0.1792459363
-0.4811870635
-0.5515421063
-0.5046762511
-0.06161710396
-0.4976207644
-0.3891504519
1.971197182
-0.1042467573
-0.6575716764
0.4141203046
0.2744762936
0.04902178086
-0.01646065637
-0.07373890204
0.1579350054
0.1282629672
-0.2594520122
0.04251262397
0.1265842096
-0.01329923645
-0.4165385
-0.3287694097
1.152422678
0.3955304906
0.06919882642
1.941250241
0.1605198583
0.3756100545
2.256290907
-0.2289464708
1.110133737
-0.2770276122
2.212117046
-0.5327989712
-0.1112487361
0.4202022322
0.3331353325
-0.3511512369
1.196728268
-0.3980475232
-0.4032889441
-0.09411090552
-0.4027821489
-0.2669436909
-0.237617657
-0.4213126346
-0.0721345081
-0.03872522544
0.6738784853
0.6119566061
-1.001980016
0.2380318171
-0.1267019864
-0.2111635808
-0.2758561864
-0.7339607596
-0.2658545392
-0.4641444832
-0.5564452335
-0.3243055172
-0.5836192787
-0.4685482025
-0.1875712451
0.01566020511
-0.4359606795
-0.8932435393
-0.4411172912
-0.3898238733
-0.2784247495
4.775609231
-0.1306198668
3.225554687
-0.1039181553
1.638283491
-0.2760088131
0.02503759544
0.5428750499
0.6979327843
1.811363482
-0.1034999428
0.4923816348
0.2569061846
-0.4534465164
0.281272253
0.02608173378
-0.225853496
0.4066471394
-0.6132308483
-0.7425939709
-0.6997963309
0.0439692501
1.201437885
0.3242289084
-0.1034645799
0.08217934435
-0.566639173
-0.4021242909
0.216561455
-1.090008599
-0.2770961355
-0.195567644
-0.7535033226
-0.1512148276
-0.9846403837
0.8086990625
-0.4580711529
0.7124117985
-0.6598947942
-0.6733056828
-0.7098882705
-0.7300352007
-0.300663178
-0.6311343625
-0.4080229215
-0.2669567779
-0.1816710897
-0.1962838616
1.041196853
0.2085435351
-0.4070600212
0.271345087
0.139861953
-0.3232975483
-0.1817754477
-0.1161395596
1.604041153
1.23766115
-0.5790147275
-0.2568834089
-0.1065089834
0.7781249359
0.7161238804
-0.1639289967
0.1723664762
0.06850016378
-0.3649824113
-0.0416656239
0.06100119017
1.82944451
-0.6821475804
-0.08431907352
0.3567554731
0.1160930695
0.1254202487
0.6107957833
0.8378979385
0.3752951909
-0.7368035227
-0.2617080923
0.2346940784
0.8075245544
0.2314056681
0.6673486948
-0.06146632098
0.4652356736
0.6135955418
0.02007881664
1.517409325
0.6396286394
-0.3343440399
-0.3816524729
0.8527976111
-0.09129200745
-0.3005255985
-0.1582277751
-0.2304961812
-0.257533887
-1.101247826
0.5965969989
-0.06122462787
-0.3654072173
0.06485981885
0.07089546155
-0.07279361654
0.228279437
-0.1631289989
1.941465104
-0.7062874973
0.6853732266
-0.4079257861
0.03545889333
-0.1790145885
-0.6345175654
0.05582640525
0.0008823283017
-0.05119099515
-0.0271498363
0.8881319359
0.9741917819
3.455307233
2.494541579
-0.06291769175
-0.09788643718
0.2859962738
-0.06457476793
-0.3295086563
-0.1883521449
-0.46406544
-0.5083645009
-0.3220298611
-0.4439872146
0.3390230753
0.06423358559
-0.008936065063
-0.3825987354
-0.5054318219
0.2085688732
0.4974001095
-0.06252227202
0.7111174881
-0.7718681753
-0.3356847875
-0.2319708388
-0.8008470237
0.4169996162
-0.4734201238
-0.6519712836
0.4340953697
-0.6314661011
-0.178551735
-0.3674898982
0.6974296451
-0.6144769445
0.1507657848
-0.2211048555
-0.2024071312
-0.5294211484
-0.09235283788
-0.1711170926
-0.4302656524
4.045771337
-0.05614781287
0.9102621555
-0.2892809827
-0.6706000477
-0.8781997442
-0.6571630344
-0.1353743176
-0.1723492868
-0.300402892
1.728368005
0.2646977574
-0.1744196882
0.8217230797
0.4966513395
-0.1490527239
0.2088638591
-0.434917599
-0.002681188472
-0.3223220296
-0.1168682636
-0.4322460756
1.262584627
0.9416238058
-0.08809910715
-0.3694538221
-0.4872398943
-0.09613037594
0.7479367018
-0.6867686599
2.832792807
-0.7202127546
-0.2856465764
-0.02037257869
0.951916784
1.72871387
0.8222389758
-0.4527583852
-0.7392917842
0.3455774324
0.4681646558
-0.6613449454
-1.114266658
-0.004022011533
-0.3914130598
0.3677514991
0.3294260962
1.12996196
-0.8677909255
-0.2102212276
-1.00466162
-0.02813493079
-0.1211697835
-0.1984489497
1.687520745
1.338605064
-0.3158264093
-0.4610925049
1.525505179
-0.4063735798
0.1969397767
0.06335608223
-0.2830994114
-0.5778540194
-0.3799072996
-0.5833460167
0.1391262366
0.3490363296
0.0046693034
-0.7403054655
0.7195017263
0.8434437254
-0.01254279949
-0.5811205283
-0.07734572161
-0.01612695297
-0.1811457217
-0.7083126932
0.05348761678
-0.4255983785
1.847671819
-0.3287945032
-0.5961185932
0.06246015839
-0.2182641774
1.172542986
0.7902693927
-0.5345248953
0.6389488354
0.8802148014
-0.5859344304
-0.5400092751
-0.2977810428
0.3281394411
0.04355849409
-0.1174707927
0.3323554575
-0.1725727096
-0.3729974777
1.540592101
-0.6127247691
-0.5123310804
0.08600976812
0.03074678211
-0.2707909193
-0.512874569
-0.5029030412
-0.3026641287
0.08426123499
-0.1163606474
0.5501039382
-0.0288673522
-0.02102500647
-0.2985404426
-0.07091745939
0.01548707224
-0.4583068952
-0.1627951975
-0.5183785588
1.221436328
3.957346749
-0.5079752937
1.21468752
-0.4948710516
-0.7427361995
1.712051117
-0.08006732212
-0.7032622874
-0.06034204494
-0.130925017
-0.4554067694
-0.1778471969
-0.3662814647
0.5203407735
-0.2458147287
1.095022091
0.05402380023
1.16088531
-0.06350466348
0.7500662908
-0.388756828
-0.3489039309
-0.520747228
1.425317091
-0.386335142
-0.1529956061
0.4513404416
1.129398391
-0.1872846734
-1.05872778
0.1028386123
-0.5209222987
1.41848878
-0.4611184478
-0.5056148142
-0.3966874555
-0.9196977824
-0.3954416759
0.7473342583
-0.610631384
-0.06605947465
-0.744258368
1.611454374
-0.1817752227
-0.6738790795
-0.7287672073
-0.3284842573
-0.2668955915
1.711101955
-0.8841039628
-0.2208135046
-0.1326710408
0.669196441
0.1904365453
-0.5795862123
-0.3232024197
-0.07456802265
1.111336529
-0.4578742489
-0.1570318311
0.203047601
1.417910719
-0.629689756
-0.4684811801
2.285709059
-0.09531798474
0.04326199945
1.435854316
-0.3403216437
-0.518438825
-0.7641965359
-0.00734610036
-0.1958786052
-0.9838374883
-0.1426652588
-0.3346151248
-0.6609958589
-0.7084549606
0.5452667971
-0.745837757
-0.727152884
0.1986393711
-0.4584405556
-0.8124117494
0.1266817011
1.007848015
-0.1141148213
-0.8367256254
-0.002345093712
-0.9096917272
-0.6752481326
-0.6086899787
-0.2723177224
-0.274108886
-0.2932685852
-0.7186659843
-0.2624584509
-0.6293058157
1.033655116
0.7073231429
-0.3684229456
-0.01566834091
-0.4098482281
0.03724435456
-0.7127570748
-0.6546859324
-0.0766457893
-0.4405606374
0.1994372505
-1.128938189
-0.5239581555
0.09832138047
1.990003669
-0.7344877481
1.730736089
0.1828063739
0.6831657752
-0.03981958479
0.7596252576
-0.2291754596
-0.0806085445
-0.1369715109
1.726597261
-0.5601533443
-0.1215047834
-0.06395037612
-0.1402345979
0.5597307894
-0.9006281644
-0.2644325193
0.6748117812
0.04692463828
1.085631076
-0.3114738584
-0.08116141576
-0.6398287475
-0.03284490276
-0.05456484817
-0.08295381218
0.1142052498
0.0974618386
-0.05069268458
0.5472118244
-0.1626679789
0.3764782798
0.9863553822
0.0199512694
0.01804684065
-0.4371025741
-0.467103605
-0.08492766544
-0.4915881328
1.135728729
2.142476857
-0.179105052
-0.1151963534
1.510457122
0.1309205046
2.897862291
-0.247499067
-0.4973875627
-0.5898359463
-0.2676123537
2.202607864
0.4260764122
-0.2136633556
1.267654964
-0.5330430672
1.224074784
-0.3641949356
-0.1728194242
0.6703818645
0.1711953398
0.8570231274
0.05233858987
-0.4488392383
-0.612006402
0.4453149917
-0.1772698521
1.970709378
0.8541670591
-0.01360493731
-0.1741980255
0.1446584919
-0.009144108556
-0.6683576778
3.098448342
1.84172653
-0.10307322
-0.461317867
0.1072975555
-0.4310023099
-0.6177784145
1.330396375
-0.1175014689
-0.7945789605
0.04551126612
-0.6363470376
1.845099014
0.773428078
1.153697795
-0.292735102
-0.1090054356
-0.5543020964
-0.2124616425
-0.5121949032
0.1276751593
-0.08715889705
2.055841976
-0.2731812064
0.157911721
-0.5878690839
0.2387426278
0.1650256847
-0.2873369226
-0.2472164799
-0.2886875495
-0.09560133852
-0.449235791
-0.2103585124
-0.1324282365
-0.1402184658
0.03594999053
0.802886495
-0.1982565569
-0.2251458887
-0.09858603515
-0.2169466494
1.748922369
-0.7114213586
1.755021387
-0.7274077266
-0.9788749874
-0.1493975212
0.1087801262
-0.4586477429
0.08610143615
0.416489409
0.02668137383
-0.2781518813
0.3632413935
-0.9924212158
-0.3702343468
-0.09490501173
0.7022075757
0.5507869557
0.4837573774
-0.137965343
0.5396695428
0.08911307724
-0.114169362
-0.08797566607
1.186455959
-0.1951192476
0.3630933265
0.5111529931
1.545152465
0.8403632246
0.3720599177
-0.3068766564
0.2647183578
-0.4296275824
0.4269902069
0.4496234506
-0.1726574117
-0.3392791938
-0.2405562742
-0.246955256
0.05510608424
-0.1896779664
3.627130353
1.3480373
0.07539917775
-0.627219443
0.8718170092
0.2541577557
0.4559577253
-0.3700877503
0.05438751671
0.2303734552
-0.06685213344
0.2111337271
0.002616553567
1.019994538
-0.003595444374
0.1849200083
-0.2892833602
-0.4069025457
-0.1970654815
0.4782222502
-0.4617863402
2.380635262
-0.2998689942
1.252500346
0.2429930753
0.3519298792
-0.2597899899
-0.1355653713
1.407605088
-0.008848976996
0.5417558793
-0.4589525402
0.06750246277
-0.3651680365
-0.2140267573
-0.615729934
-0.1365650047
1.075837359
0.07111501507
0.9058170795
-0.3046606921
-0.02355699325
-0.3956925541
-0.09194137056
0.1540573638
-0.07427614797
-0.1629591996
0.6657670226
-0.3781864651
0.01248056777
0.8046585307
-0.2666822435
-0.4972921535
-0.4560962677
0.8177161679
-0.8823125839
-0.5801990375
-0.4999839708
-0.07843278497
0.7878540389
-0.03822627272
1.399835962
-0.801847595
-0.4605507463
-0.02843681499
0.5415650727
0.1619303457
-0.1366867373
-0.385241726
-0.5227557957
-0.2776114628
0.04452615972
-0.8664088726
-0.5513754547
-0.4728881031
0.05949162878
-0.6557443678
0.1857372147
1.087749463
0.3581596803
-0.9259191215
-0.9259026438
-0.5498764485
-0.5129963771
-0.9202686131
1.03632192
0.6692612678
0.857193476
-0.5499638006
-0.345730903
1.136081073
-0.07286132108
0.4046875619
-0.2691687468
-0.4205895931
-0.5916684285
-0.06502524791
-0.1331599314
0.006260782992
-0.7177026778
-0.5275453001
-0.09603265375
0.2323653454
-0.3460570596
-0.7656229407
-0.5914941102
1.266413671
-0.8494971633
0.09669444952
-0.2642854773
-0.5427284345
-0.8471199304
1.783551639
0.2191167125
-0.2515207984
-0.7419026256
-0.04157021614
1.131861854
-0.4583011106
-0.3984423593
-0.4199107951
-0.4350845322
-0.4930590928
0.2694920737
-0.417434077
0.08087784303
-0.6383355021
0.6088917166
-0.07884087712
-0.6563767791
1.325245677
-0.2028060554
-0.5716759443
2.230042797
0.2010238005
-0.8091961265
0.6165839002
-0.5304524615
-0.6766359687
-0.1260160457
0.2494640106
-0.3811474249
0.6311205309
0.8776908562
-0.009642337449
3.655265617
-0.7304702312
-0.6794940874
0.07952470817
-0.3225460097
0.9815404713
2.560751909
-0.4591653228
-0.001163639128
-0.07217485607
-0.4607000738
-0.2173668439
-0.290847221
-0.4945492372
0.08036935437
0.7624703765
-0.6868198246
-0.6773645997
-0.2079690531
-0.2588760179
0.1864616297
-0.3358611673
-0.3327224933
-0.6823345929
-0.4746809319
-0.2428461887
0.2084298812
-0.4629083008
-0.5392315239
0.6476800591
0.8925928727
-0.3216546372
0.4040731408
1.392979582
-0.2517946921
0.6584009841
-0.3165159227
-0.3596401773
0.1377993235
1.378513619
-0.1622352367
1.098006725
-0.04504764462
0.01631032294
-0.1486138178
-0.2022301918
-0.3703036413
0.5881043546
1.172830141
-0.4764273256
-0.6998374581
-1.082292974
-0.2395663951
-0.1440084018
-0.6418657005
-0.2804090612
-0.3000413887
-0.1041938744
-0.4263212651
-0.2839133032
-0.5244325161
-0.2368740214
-0.4970013782
0.08349096794
0.06115839621
-0.2176494515
0.8523779869
-0.5190463051
-0.6565341264
-0.3092680067
-0.2937833168
0.8510801535
0.008467693254
-0.1128028056
-0.8145020455
-0.3945594706
-0.4385389134
-0.1672217416
-0.09074075837
-0.3504871525
0.01684948206
-0.9263632268
-0.8816729039
0.2492217439
-0.669278422
0.1560176391
-0.1401754085
-0.8026451766
-0.6069460213
-0.2024052003
1.831572491
-0.2285817269
-0.3894932821
-0.5976533875
-0.5741477981
0.1092923093
-0.5365208715
0.01946210163
-0.3549662463
0.6109513085
-0.5153427288
-0.6515488639
-0.7034726769
-0.02680260427
-0.3760363832
1.664550048
-0.4944037184
-0.3976115957
-0.5794332147
0.4784183236
1.940245491
-0.3566490933
0.6097438693
0.4447716977
-0.4079054058
-0.6078302845
-1.31761376
-0.4143692419
-0.8103929251
-0.4299841046
0.05506178588
-0.4939174667
-0.6928066194
0.07195466347
-0.4137870282
-0.0472003032
1.902596074
-0.2676929876
-0.1741828461
-0.4343494758
0.2006412664
-0.6675752491
-0.05863088984
1.702683216
0.166375412
-0.3005797237
-0.1978615697
-0.066428666
0.004795813235
0.7310935631
-0.3374834009
0.2977784945
0.1905967594
-0.5032499135
-0.2768584579
-0.6422361016
-0.4926264644
-0.9650552154
0.1377703284
-0.2855216701
-0.4795337394
0.780551298
-0.3356971048
-0.4197933614
0.03362743566
-0.6682518184
-0.4243520483
-0.6501993328
-0.3959437236
-0.1200868735
0.8012943402
-0.6204878032
-0.430713205
-0.8108559847
-0.6573836386
-0.03853441421
-0.2180399057
-0.2250174779
0.4027992319
-0.07756805141
1.338387927
0.3292272069
-0.3355848595
0.6599677779
-0.3906950607
0.9413392335
-0.534331207
0.126918265
-0.1699818084
-0.08803673238
0.5007666402
-0.5458607927
-0.06149652572
-0.4148212448
0.8709190795
1.283786526
-0.5228462473
0.5881185517
-0.7340487361
-0.7822757334
-0.4729580373
-0.2339582346
0.01242412962
0.2525700345
-0.4420498654
0.08199868025
-0.58308312
-0.5056981072
-0.3246582689
0.1880223924
-0.6989747822
-0.7444667697
-0.4985066041
0.3360375078
-0.04044342432
-0.1314744797
-0.3218013957
-0.6190776005
0.4453772478
1.813689631
-0.5027570322
-0.09572632946
-0.7087258935
-0.4182922751
-0.2663172364
1.090137646
-0.5818713084
-0.7685779244
0.001190551277
1.439294907
0.2032990988
1.55159781
1.231905824
-0.6351759791
-0.799788782
1.33799811
-0.9233882189
-0.2118701763
-0.3104337886
-0.8688350007
-0.6136650637
-0.5048667625
-0.7347353369
-0.6899393454
-0.549779433
-0.4804220602
0.02022905182
-0.5589709207
-0.4074915469
-0.6139855132
-0.08019104265
1.657525241
0.2522789553
-0.5929822832
-0.5140731931
0.1537721943
-0.4542697251
0.05092543103
-0.3761027165
0.4243649073
-0.328867887
1.188017511
-0.1675267912
-0.2360880181
1.305566311
-0.560779278
-0.06501300568
-0.2887456842
-0.5429268733
-0.4222808972
1.302937397
-0.1388169535
0.06222774461
-0.5668799996
-0.9436019868
-0.09132539984
2.791142589
0.007355913147
-0.9531687319
0.3336445121
-0.4069140702
-0.02533553564
-0.2877242129
0.4507382929
-0.5214147285
0.4162909667
-0.6496369749
0.4802256436
-0.7164871603
0.2785547398
-0.8556477845
-0.1027305414
-0.2685047959
-0.9136217147
-0.6349007666
-0.3798473492
0.8185411692
0.5804057613
0.00198179679
0.02853424512
0.0939994216
-0.828848207
0.7759825945
-0.1538884755
1.367425048
-0.1734222803
0.0281364663
-0.04279239792
-0.07990686521
-0.6587354064
-0.3384964198
-0.1357230604
-0.6490760058
0.08082028497
-0.1456520095
-0.4459287837
-0.8904154032
0.3143822004
1.941192073
-0.6163445026
-0.3774809577
1.375508213
-0.3089160614
-0.01259333808
0.1505100552
-0.4127902552
0.1377058349
-0.3235309947
-0.07392887045
-0.1124962185
-0.6954202652
-0.486025022
0.4241159685
1.135601214
-0.7969641179
-0.7088903844
-0.3279086702
-0.05891784802
-0.0356455639
0.06342451386
-0.717517823
0.3294714302
-0.6779960155
0.1957163196
-0.4257631846
0.1187947683
-0.04173998367
-0.4746240333
-0.3108028293
-0.5099547327
-0.05772237405
-0.1729955018
-1.064209643
-0.4818995997
-0.1520867838
0.1851780591
-0.1831819784
0.9293200731
0.04320250079
0.1462015782
-0.5266862914
-0.0165011473
-0.1086745717
1.074969682
1.635439056
0.4259966549
0.5491228633
-0.1022235997
-0.3239779666
-0.3463988736
-0.3375750482
-0.08381581437
-0.601233463
0.6736691877
-0.2274563056
0.2286880124
2.176445371
0.9631517678
1.232613704
-0.00171207292
0.6495613426
0.6880364358
-0.5123036496
-0.3673409596
-0.5943822488
-0.283363118
-0.6855916083
1.769610631
0.2363524501
-0.06053504813
-0.4775678605
-0.3611283556
-0.5852119014
0.6397558734
0.3623558268
0.510066127
-0.4075672656
-0.2502996467
-0.988135764
-0.2100478006
-0.2858185455
-0.108205951
0.00544885667
-0.141951941
0.3330010814
0.2109623017
0.7317650504
0.146173946
-0.8555383652
-0.3756076321
-0.6827133775
-0.7344449908
0.0009230665863
-0.2563699856
-0.2298577426
-0.8760229945
-0.5299509555
2.540049839
-0.2440622084
-0.4760440409
0.1583324927
-0.2859025119
-0.2565505557
-0.364788758
-0.3256593287
-0.5000318632
-0.6804809362
-0.716487819
-0.2056095082
0.1623473826
-0.3984228864
-0.6129020438
0.0626315983
0.04317737198
-0.5386256173
-0.02736959495
-0.6971443474
-0.6949813813
0.4138122104
0.1780417829
-0.18376811
0.6507421359
0.3020372168
-0.3108172119
1.710951307
-0.320960243
0.3782842427
0.3920301377
-0.8355621248
-0.1401566176
0.09613955952
-0.3172813758
-0.199212062
-0.621083352
1.407761562
-0.0970771987
0.002777751768
-0.5147067443
-0.3775993437
-0.5309250519
-0.4808928192
-0.817615521
1.104349935
0.2250253566
-0.2630105607
-0.2793003611
-0.1445175998
-0.02389467089
0.205289855
0.566340366
0.7783424765
-0.1707750525
1.102637738
0.08394738901
-0.0333269082
-0.5266604125
1.833883914
-0.002542193606
1.172510737
-0.1749819855
-0.09727896042
0.536266763
0.3894036734
-0.05227356777
-0.07762879916
-0.3700935781
0.7437433809
-0.3546736792
-0.3386086307
-0.23912942
0.2091619171
0.2707103078
0.4424926928
-0.1191112138
-0.3965734974
0.7379235119
-0.4687133938
-0.107595535
0.1345896857
1.257027775
0.4764492366
-0.3001291007
-0.3377154805
-0.6846523926
-0.6143276349
0.7709134623
-0.6804016978
0.2533744775
0.3221517806
-0.1172166638
-0.1135752809
0.2113231961
-0.1197139556
0.0881335428
-0.4071413808
-0.08192705717
-0.6577197969
0.2829166339
-0.2756736033
-0.3071550742
-0.05725233927
-0.3028696865
0.1404275896
0.06737062973
-0.02711600177
-0.254408605
-0.1261657931
3.494395745
2.207309687
0.08084793733
-0.2921291163
0.3144999763
0.04794522356
-0.1859170342
-0.03583863396
-0.6879872322
0.8385131106
-0.02143313102
-0.7350447744
-0.3467988126
0.8749822453
-0.4275063068
-0.4829661667
-0.5073793545
-0.1255583704
0.7510123134
3.785934019
-0.205465706
0.2114640906
-0.2981747665
-0.2035280248
0.3755395025
1.073048122
0.05417739339
-0.08366123307
0.9068252563
-0.2424070662
0.03483999744
3.187827742
0.8759525448
-0.643783401
-0.1701775361
-0.2473040515
0.6217315905
2.174831545
2.964845836
-0.2683319267
-0.4691326097
-0.09776776638
-0.472495833
-0.4932524875
-0.08480468839
1.555582714
-0.1823143043
-0.2094921824
0.2084902994
-0.4399398219
-0.747270073
-0.3984067231
0.3112844707
1.306829771
-0.1821632251
0.2803711133
0.4642241836
0.05517885853
0.03733195253
1.208585721
-0.5834951043
-0.2896535803
0.2020637387
0.3916016194
0.9737520963
-0.3376628891
0.9039525077
-0.2930306017
0.06279317811
0.07602130291
-0.4309400693
0.6424589932
-0.2046565707
0.6272226319
-0.3687592328
-0.2514089055
-0.5250332192
0.1058297906
-0.1438214025
-0.2772318561
-0.2453152478
-0.3554207906
-0.6339356631
1.044870162
1.877955946
-0.3641903035
-0.2547385082
0.5302128248
-0.1154164538
0.08239624966
0.193365373
0.01455857242
-0.2438950354
-0.04413869027
0.9525504142
0.05295943208
-0.3812686756
-0.7526297957
-0.30747528
0.04941256056
-0.6466119915
-0.0750271468
1.156334729
-0.3184625857
-0.1080826398
-0.05028660055
-0.2841404401
-0.08666234249
2.433371913
1.38152768
2.074979722
-0.3305810239
-0.6187020347
-0.3078654841
0.7025422719
-0.2987979066
-0.2241948955
-0.1331403526
1.004117903
0.1763762512
-0.3536836833
-0.2235971393
1.385006815
-0.2860590219
-0.2931552198
0.6429167569
-0.02876601052
1.02488426
1.17405754
-0.4070539441
-0.3001751103
-0.03861482032
1.605853027
0.1700366082
-0.2990987901
-0.03474988937
0.2285735398
0.2089715041
2.10744006
0.1674770618
0.4961076558
-0.005981898494
-0.8631906003
0.7296643727
-0.4287932724
0.181003678
0.3100558799
0.3178219251
-0.1208899895
-0.3248823583
-0.1875684183
-0.1419297018
1.29780468
0.2124504018
1.076633008
-0.2075306233
0.4867229961
2.806836593
-0.2896044321
2.358099562
1.084543809
-0.3004770719
-0.4121238083
-0.2960722171
-0.3418137893
0.7087503903
0.3556887584
0.3735176679
0.8509487733
0.7928007424
-0.2835266024
0.662036109
1.16900394
0.4450038828
-0.4348023757
-0.1923384398
0.3920852337
-0.3314927079
-0.5739952475
-0.6682414532
-0.6778592288
-0.1817016013
-0.7416722924
-0.3004532561
-0.1574123655
-0.6731160045
0.7208330184
0.5533806454
0.2870967273
2.434492475
0.1986717278
0.6359213598
-0.007426301576
2.102490985
1.059503174
-0.4710546374
0.6972321674
-0.2949178136
-0.3647509143
0.1159092654
1.042097788
1.937321019
-0.223051573
-0.4373237148
-0.1125582676
0.5043702953
-0.0876167601
-0.03744722493
-0.1354741553
-0.1429247299
0.1715602265
-0.1928839631
0.07536126859
-0.3101799127
-0.4383685939
0.5509634435
2.785440505
-0.1525599606
-0.07887353972
-0.3792265162
-0.3449718915
-0.1076590031
-0.4474206656
-0.523429136
0.1966297003
-0.1295107269
-0.1729968818
-0.5338941872
-0.3848392986
0.5212912641
0.1413316114
1.40978519
-0.2426258343
0.3895937538
-0.3615159459
0.4317287393
0.194369277
-0.1354629058
-0.1376529619
-0.443197158
-0.1202689422
-0.8285321683
0.179633039
0.4019973164
-0.05240206104
0.4080594532
-0.4115767576
-0.1093538243
0.07315331111
-0.1131643974
-0.351083716
-0.8304478049
-0.1441468051
0.09812157312
-0.3701253384
-0.5720506281
0.7426555395
-0.3984198064
0.2756087162
-0.4216928326
0.01511664437
-0.02931247763
-0.8414857924
-0.9872864395
-0.4722965404
-0.2842196926
0.1970671982
-0.2194421552
-0.4923683569
-0.3259864114
-0.01975283446
-0.5184522763
-0.1305120274
-0.7190839306
1.009713963
-0.2754838018
-0.9437694311
-0.1640925588
-0.0218757621
-0.1225194868
0.2680472871
-0.5966446921
-0.3663427129
3.364001274
0.8668327093
-0.08017778862
-0.233139592
-0.2123877473
1.350451514
-0.3559215304
-0.1404158548
-0.03795723673
-0.744634977
0.4374167698
-0.5835715458
0.3469135171
1.167142802
-0.2042259917
-0.3233462051
0.05623693354
-0.3164476175
0.2927905952
0.7861668602
-0.2061805733
-0.5629215837
-0.3866473645
0.8401458293
-0.1313299828
-0.008161937818
0.4798104435
-0.1271705239
0.3674329259
-0.09758871906
-0.3843955174
-0.2419097412
-0.3024802268
0.7560118735
1.006385452
-0.3363773808
1.772750199
-0.4318409821
-0.4004208475
-0.4250630625
0.2876386066
-0.2376699898
0.2192316713
0.2299017009
-0.290755067
-0.23477192
0.1144166611
0.165426936
-0.6311502039
-0.2727813944
-0.1371403405
-0.09293688796
-0.3708809763
0.02265546098
-0.5157470018
0.4133895408
-0.2704350878
-0.5515792608
-0.5061428338
1.314570296
-0.507183753
-0.6924456954
-0.6201483011
-0.1221531172
-0.4431434363
2.168333709
0.3054387003
0.5961730056
-0.1868558533
-0.2904728787
-0.4366670474
-0.4573235005
0.1692165402
0.8249081716
1.813776833
-0.4457848057
-0.3160089405
0.02149000317
-0.4988573179
-0.7352844045
2.248193514
-0.1764646176
0.03454389302
-0.2553967845
2.482118833
-0.1306964748
-0.4078442171
1.382328129
2.654387617
-0.3327625304
-0.4518481672
-0.6180475786
-0.4685879782
0.5924617941
-0.6326686293
-0.1593248794
1.39227235
1.23832611
-0.7052852541
-0.2620948426
0.1374259943
-0.3865648159
-0.6787273705
1.896903872
-0.1117917582
1.140931123
-0.04446824975
-0.2013223976
-0.3799488805
-0.4864577055
-0.3595078129
-0.3356293567
0.6615854889
-0.6603650093
0.4017555833
-0.2472920977
-0.08443445191
-0.1240024576
0.8674334243
-0.3645591438
-0.4263505027
-0.4531775907
-0.598933953
-0.4878295392
0.2667149445
-0.08629704756
0.1471755471
2.621430701
-0.3552540891
-0.3493253753
-0.2114274083
0.4747033497
0.1305307013
0.6072999045
-0.4737102747
-0.2478169426
0.1396115444
1.875914061
-0.3906438366
-0.3617898516
0.4244131472
-0.09180965796
-0.5378088012
-0.6072311461
-0.1713147186
1.854195803
-0.1024345543
0.04602898099
-0.6704827115
-0.2175355468
0.1634079908
-0.342469696
-0.2687310789
-1.046836963
1.327446795
-0.5633825094
-0.3342217766
-0.7412270099
-0.5993024707
0.2047201276
-0.5987732783
-0.2816591509
0.2415854187
-0.4518831961
1.358785471
-0.1485042378
-0.03128432203
-0.4899309382
-0.7179098785
0.06068060491
0.7201761931
-0.3121058673
-0.6228354543
0.5164100684
-0.1336310795
1.645349252
0.781794548
0.01130226757
-0.4755700126
-0.03904099781
-0.4032644898
-0.4311311528
0.7017757982
-0.09030722976
-0.1882479375
0.9730342776
0.03685280951
1.185957342
-0.3388575941
0.8364614248
-0.2967545755
-0.1709997516
0.4625662491
-0.3457544893
-0.5303021133
-0.2765247352
0.1847955376
-0.178158116
0.2391257772
1.355684379
-0.2597049668
1.902384657
-0.3376484871
-0.5227034852
-0.2003885141
0.3221378367
0.3585205417
1.954451799
-0.185227396
-0.2004094927
-0.1335135061
-0.0360375159
1.012237677
-0.1758555703
0.5888443634
-0.3564956307
-0.2764564227
0.4478788905
-0.4031210192
-0.3463978413
0.0681830164
-0.1773828036
0.423733376
-0.02707341183
2.432735872
-0.0243546214
1.019063011
2.083544111
-0.4072054498
0.007367360219
-0.2027499087
-0.3813698284
-0.3965478957
0.5561414964
1.948956448
2.449044055
-0.2877356159
-0.2575023763
0.08211526582
-0.04545281623
-0.06799313445
-0.1975488938
1.298143342
1.03584969
-0.2789094716
0.7782804549
0.1291558217
0.01124631902
0.3129318116
0.3300849551
-0.5679315448
0.3029717252
-0.4089036733
-0.1039771589
-0.4902661949
0.7293520615
1.144392961
-0.2437377255
3.629156697
0.02447522506
1.46192067
0.4061988208
0.8042607158
0.9734585822
0.3631589359
1.596258175
-0.1524485711
-0.3172435194
0.1683881578
0.4389491253
-0.02619033093
0.2382024469
-0.3526196949
-0.4110355303
-0.5244785622
0.9816460431
0.3495910566
0.8438493371
2.412532938
0.2116682496
-0.1533320658
-0.7720663339
-0.1089414201
1.0216603
0.831415157
-0.6881753325
0.1005684044
-0.2147154342
-0.3783919647
0.1437393703
1.337058827
1.459526849
-0.2515166689
0.5109448425
0.09994497504
-0.003564868681
-0.02374825124
-0.4329722375
0.9153536752
-0.003112780489
0.1086331099
0.06346572442
0.06942370026
0.09667311572
-0.6540770516
0.001526171155
0.02428311091
1.037734318
-0.07288111448
0.2608912129
-0.1281477854
-0.1831587542
2.201787627
0.1251310499
0.4906213611
0.9555299699
0.05490949545
0.8889811993
0.1966725113
-0.3892272562
-0.323844
-0.0795779407
-0.5060873821
0.07523905924
0.08151516393
-0.02637393847
0.2253149153
1.757000118
-0.08327210695
-0.08711400293
-0.4090718821
1.31900982
2.355238295
-0.2571550038
0.8467758864
0.6434611648
-0.4111599743
-0.834147343
-0.3490283325
0.4494336439
-0.2252193462
-0.4401940122
-0.5903825104
-0.5012411937
1.902437419
-0.1889837589
-0.2888212241
-0.567235148
-0.2097714938
-0.2409146801
0.7285705149
0.3238709811
0.9194865614
-0.4041277677
1.818650311
1.235830659
0.3153066915
0.3532359585
2.853711993
-0.1068576565
-0.366156625
0.1911008082
0.1101471972
0.1934538081
1.09796292
0.7005371004
-0.176832002
-0.6168878719
1.286467299
-0.1811823661
-0.571676293
0.3889209746
-0.06663984386
0.01001980361
-0.2385922246
0.9870431751
-0.440613313
0.1220870198
-0.07189506181
-0.2436327541
-0.2751862746
-0.1461945316
-0.3809849709
0.0600629441
-0.1666276498
0.4127777895
-0.3569572106
0.8830311984
-0.1321051488
-0.3840763494
-0.3108721383
0.02164182737
-0.4608812712
-0.3422101513
0.04512450742
-0.07512185723
-0.1988196228
-0.4849865049
-0.02909664847
1.279861665
-0.5372890607
-0.3123756111
0.4315433016
0.04978854973
-0.8354575038
-0.8855413109
0.2389381398
-0.2984194651
-0.178452893
0.1100629944
-0.00867608618
1.266983005
-0.4092782781
-0.2531935304
-0.09441665169
-0.2379866671
0.1529908944
-0.3142835677
-0.515950948
2.046752393
0.4621415265
-0.3038756594
1.465465778
-0.3855035223
-0.2548853153
0.03534809956
-0.8802829832
-0.144780124
1.633852759
-0.7967877507
-0.3955831252
0.2926453881
-0.5028645225
-0.04249572083
-0.1323234331
-0.3733589411
-0.4156240448
-0.1946044028
0.7200311601
-0.8470208704
-0.2464141596
-0.0979073232
-0.151097461
-0.1298166163
-0.5118431419
-0.1596292179
-0.3654905021
0.6742763415
-0.3365473613
-0.3126585297
-0.8200448692
-0.3146745425
0.5134484209
-0.3196545564
0.8373431191
-0.2040131952
1.314785102
-0.3630145989
-0.2246334311
0.04530185927
-0.04069587216
1.343587869
-0.2106054764
0.3111952487
-0.6543697834
-0.4321892783
-0.1887691032
-0.1450768973
-0.3336644553
-0.04004707821
-0.1384899206
-0.5974002741
-0.3337496707
0.1111735481
0.3203599739
-0.2348032162
0.1177479216
0.7407837331
0.4088538174
1.083388068
1.280376601
0.6014105596
-0.7235685527
1.249849626
1.609239553
2.329199177
1.766344321
-0.2427443407
2.139420515
0.1639430898
0.9512331307
0.5577502295
-0.382174392
0.1613775064
0.6242514834
0.1248252891
0.2061195174
0.7837349132
-0.2345008343
-0.07694043554
-0.414005588
-0.3405714892
-0.1647396818
-0.3893429808
0.8443171024
0.3299291816
1.772813848
-0.5875971273
0.8045968182
0.2686351128
-0.07260306943
-0.2916954853
-0.3755552001
-0.06983321849
-0.5417807847
-0.1307048768
-0.1889317265
-0.6570977822
0.1688861018
-0.1791115988
-0.06031414056
-0.484608306
0.1586778507
-0.2911771327
1.025155586
-0.160013362
0.1988692386
-0.1258302775
-0.1254319665
0.1037689062
0.8642034456
0.4757215798
-0.1957640676
1.200094485
2.874350941
-0.1085250899
-0.3333931565
0.2125379459
0.1519354802
-0.5717447639
-0.2025505505
-0.2557291441
-0.7346418172
0.04783488829
0.8501776516
1.151620227
-0.2290807453
-0.1319763618
1.150882462
-0.4560868844
0.01794075146
0.2840546915
0.04668013854
0.7671341866
-0.8140979528
-0.3265673779
-0.2681377552
-0.2352660991
-0.528331624
0.2118684892
1.304375237
1.531492597
0.171286568
0.3144264651
-0.5257596582
1.172467723
-0.2319749875
-0.3633186281
-0.4826834142
-0.1360644914
-0.7086540461
-0.0991289096
3.984949505
-0.2539616223
0.006104959548
0.8302063765
-0.694812265
-0.1829075812
0.803654401
-0.1135832452
-0.47543185
0.3223604057
-0.3634167232
0.4212915044
-0.3669070069
1.408998197
-0.106693559
0.3098572455
-0.3131137606
0.3163979642
-0.09553769939
-0.6483240813
0.02948468998
-0.4453337006
0.7707660988
0.2538112083
-0.6218881309
-0.1553349569
1.153119999
-0.01976912376
-0.05310841091
-0.2706060104
-0.3457007438
0.3148989249
-0.1358211163
-0.4489004463
0.791108337
2.368535161
-0.03863343075
-0.3358719826
-0.3045910418
-0.5288964197
-0.00196610447
0.8479600161
0.2449691111
-0.7742677033
-0.151966159
0.6533547655
0.463037138
-0.3153878331
-0.1954976972
0.6678346664
1.993764156
-0.0401468385
-0.06483165324
-0.446672257
-0.183987404
0.6766823649
-0.4143632367
0.2708587876
-0.2991090707
-0.1173157349
-0.2962464064
1.107216412
-0.6182648957
-0.4124118455
1.120208302
-0.4826248705
-0.01759710619
-0.1448393771
-0.5054355681
-0.1617141623
-1.122427306
-0.004202756099
-0.05211437903
-0.2445302835
-0.247686135
0.2148436482
0.4330228627
-0.7217950583
-0.103681233
-0.6810384691
-0.1220013945
1.484131259
1.617526832
0.04918514192
0.3902212161
0.1308767725
1.299295944
0.5925365984
0.5094319992
-0.40897035
-0.1980039268
0.2649941891
-0.2717630217
-0.1585690964
0.04791130042
1.021891907
1.022712904
1.160045001
0.3950055949
1.677509797
0.381115339
-0.07743203305
0.1985630909
0.1606252552
0.2616436271
0.05098817088
0.7249909744
-0.6052870512
0.726261051
0.2802336352
-0.3847739339
1.50796901
0.4463260134
2.126309413
1.208234705
0.7513084263
0.3448958293
-0.701801759
0.01830589566
-0.6829663903
-0.5041863516
-0.3181969024
2.463220406
0.09999036435
-0.5985970765
-0.08719068109
0.1798686914
3.030598682
0.5074014083
-0.3227175087
1.37096017
-0.0347497622
1.872406626
0.640433763
0.6619660363
-0.3697205223
-0.2723611385
0.1921557222
-0.4913033828
-0.2729469678
-0.02016145512
-0.4447296172
-0.7593905389
-0.3725202121
-0.2380211545
-0.420716162
-0.3932679512
1.025231302
1.564364702
-0.3219865903
0.004626717605
-0.5707995042
-0.2066408731
-0.09218652844
-0.1841724897
0.23927221
0.4692971334
-0.6719574094
-0.3652011305
-0.8109494776
2.175092137
0.4570712745
-0.6313238248
-0.3728715256
0.4311626568
-0.1964148167
-0.5265339762
1.158170021
-0.6362032056
-0.04405913241
-0.2977619819
-0.3102722757
0.1743293691
-0.3852708548
-0.4901153713
-0.1649118328
-0.4313038588
0.3054911207
-0.0005427284166
-0.033221268
-0.8429799616
-0.418885006
0.0149156047
0.4921279412
-0.520408079
-0.6029173642
-0.02483932218
2.642017293
0.02023145794
-0.5971716613
0.395046611
-0.256283161
-0.5467611626
-0.5725754723
-0.3084110754
-0.7265437096
-0.2603289092
-0.851917395
-0.7179687917
-0.5088815913
0.2874540704
-0.2094886001
-0.6433592081
-0.0266618575
-0.04751948537
0.3744861335
0.3598731913
-0.3744737759
2.340170574
0.1346206527
-0.6852831692
0.03428107519
0.5076703884
-0.1050219582
-0.1966903199
-0.281204439
-0.701191631
-0.4516064569
-0.08953769095
-0.5543862939
-0.5117939278
0.9510532141
1.040934271
-0.3279380444
-0.314650625
-0.6218893796
0.8710036963
0.00363053726
-0.610573259
0.6807121232
-0.1546689456
-0.02288011424
-0.6564698279
-0.520855248
-0.9458609968
-0.3596392624
-1.077166092
0.8941234887
-0.1711563223
0.416536966
-0.666073215
0.3722669496
-0.6125864387
-0.2377807879
-0.4461044453
1.191159448
-0.3343144864
-0.8813272476
-0.2056435358
-0.3780490495
-0.3596148826
-0.1548610175
-0.404014007
0.106486447
-0.4615483955
-0.03510671556
0.8882435262
-0.7026165962
-0.7186225951
0.8160352483
-0.1761623168
-0.0961771369
-0.437251924
-0.5762242153
-0.3375555687
-0.5248357996
-0.2743207015
-0.2111921178
-0.4286626816
-0.4320677713
-0.1068641597
-0.4873213008
-0.4116440594
0.5323675215
0.9128209278
-0.4292185813
0.8045389695
-0.1818053983
-0.2885156225
0.07641847804
-0.2913817259
0.345537685
-0.7051406324
0.2241632748
0.03208174556
-0.3748766333
-0.3220506772
0.7845618024
0.3313647464
-0.179435885
2.396601111
-0.2125689946
-0.3881829262
-0.2816293076
0.4300704859
-0.2011622806
-0.2257721059
-0.1187635875
-0.168524029
-0.09040907752
-0.05540678911
0.06982720792
-0.03989996989
-0.5644233078
0.4961381957
-0.4425741874
2.32863723
0.3141394054
-0.2790595824
-0.1242464103
-0.1846360022
0.4136280894
1.235556072
0.6688805461
-0.3220354274
-0.3497103162
0.3749291319
-0.4376051754
-0.3545743063
-0.1959655872
0.007648937404
0.104746349
2.849074817
-0.255931503
-0.4524893463
-0.3528029439
-0.26165848
0.06131071537
0.1980655336
-0.2086975882
0.6035497963
-0.1458541442
0.4840401597
0.03075634092
0.05569972713
0.1890702731
0.1869742685
0.2201699844
0.2158396047
-0.5581526428
-0.5170156807
0.279981987
0.1596703725
0.3738850601
-0.6136210591
1.039385766
0.8541268796
-0.7541917741
0.01660623625
-0.2180965811
-0.1176855713
1.242624858
2.497814649
1.809385437
-0.3607133336
-0.5070243791
-0.1779476639
0.1275468655
-0.5105078951
-0.4767793059
0.3519706912
0.06033607088
-0.211585304
2.780774045
0.1372991928
-0.3148934349
0.01767596938
-0.05709993131
-0.7278796792
1.551429498
-0.01205622852
0.2969186086
-0.1730706526
0.174811036
0.1493848206
-0.3609715961
0.8004141413
1.463932574
1.754657584
1.027830932
-0.237651062
1.426773003
1.499137893
-0.4516957894
1.258302814
1.141687417
-0.1085198818
-0.6687908843
0.5161347568
-0.1518297842
-0.2716113484
-0.6092037663
-0.05920579359
-0.6438893899
-0.2112310822
1.058114687
-0.2764661126
-0.5393524691
0.7295341849
-0.2683096021
0.2332161287
0.2345323012
0.7767979756
1.295361334
0.1880787651
-0.8041627407
0.07362180427
-0.2440386601
-0.1274749003
-0.3140530374
-0.09924859982
-0.05117131546
-0.1343634481
2.387326247
-0.2937152326
1.212846085
-0.8096099049
0.2310940735
1.660382718
-0.09493924752
0.05678436905
0.7488998473
0.2453284362
0.4350276649
0.616538877
-0.06151614264
1.454528704
-0.4217379153
0.08592276755
0.6433079332
-0.1706147458
-0.267478472
-0.1103504429
-0.2213337586
0.8329160064
-0.1614971202
-0.1520433739
-0.3779796138
-0.218358627
-0.06563358633
0.9375231504
-0.6430117093
0.2880493904
-0.07497894634
2.283504343
0.3856698265
0.01584151629
0.3071685784
0.6705517769
-0.3526343629
-0.1245102383
0.8038395897
0.1833783583
0.5412235454
0.4978343338
0.05616229083
-0.243496426
0.3419205168
-0.3034266613
0.07286618836
0.03278269656
-0.1936086856
1.52241644
-0.2884413533
0.976588431
0.7848948285
-0.4187369488
1.414937788
-0.4778737932
0.08855172251
0.3169470112
-0.1608239329
-0.3473338112
-0.3985386848
-0.5986299038
0.1228488786
3.263717604
0.1170292504
0.1263844016
-0.1848273281
-0.2656794451
-0.5641435824
-0.4902989149
-0.08585689706
0.9234642327
-0.04316768795
-0.5785121575
-0.3482776605
-0.004000157118
-0.2299138933
-0.450679341
-0.3455153152
0.2026658349
-0.6394738644
0.1077041497
0.1254538873
1.787229979
0.5760126114
-0.3199645372
-0.6139332905
-0.2108702705
-0.3432785265
2.019684118
-0.1684072062
-0.1945138857
0.6230193861
-0.05142868119
-0.4423337329
-0.3534306422
-0.9802176923
1.633210474
-0.4009732313
0.5093203044
-0.823687163
-0.8264899999
0.3489632476
1.181882372
-0.1569777374
-0.6616247758
-0.673181136
0.1520394247
0.5627471507
-0.2976544306
-0.4494885862
-0.607211864
0.3315631775
0.4864973657
1.509338787
-0.3360701822
-0.4415742718
2.145581967
-0.581505768
0.1154918934
-0.2272087179
3.072982275
4.210445374
-0.1927338727
-0.2715688411
-0.6125844091
-0.2813756015
0.5807607241
-0.2715254225
1.496243596
-0.01777580008
1.235465205
0.2517299917
0.1255241726
1.213096246
-0.3194034211
-0.1918472111
0.1779254682
-0.3756540358
0.8713728547
-0.4050807498
-0.5154494852
1.044362712
0.2978304047
-0.4635999143
-0.5930325046
-0.3969329789
0.7275374249
-0.471365948
-0.1386056226
-0.4182557151
-0.1943615951
-0.9137396932
0.09184777942
0.01653668815
2.041938335
-0.5468782008
-0.5569786042
-0.5829735503
-0.429325188
0.04800289394
-0.3842978239
-0.7389763266
-0.4867319018
-0.2648078047
-0.5980103463
-0.4265100867
-0.7177333981
1.133620647
0.2214848704
2.222463757
0.2213206885
-0.1897514453
1.666556847
0.1756433476
-0.2094246477
-0.3119643994
1.077939844
-1.058326334
-0.7386331216
0.1270882424
-0.3426379155
0.0008191473782
0.9436381966
0.1539858277
-0.3838501245
0.4850802657
-0.03501087539
0.9539647967
-0.2057428587
-0.6310645998
0.4293508198
0.02437799741
0.4396494433
1.007702678
0.05184775768
0.6038703479
0.08450297774
0.09611294712
1.087964749
-0.1051738038
-0.1642889341
-0.03253331566
-0.4381159022
-0.621599333
-0.1733673137
0.377782351
-0.4202229172
0.18493344
-0.2648826718
-0.01371443258
0.3903228327
-0.13186864
1.122665972
0.8196997494
-0.2669073846
-0.1312324236
-0.3005515683
0.2765352782
0.6289671861
1.037813038
-0.3306146573
0.0007190315053
0.05457444452
0.6787691589
0.1364333463
0.3198115766
-0.03508793209
-0.3990381598
0.06931095531
0.03616263997
0.6038274452
0.565422105
-0.4228401363
0.09558281004
-0.680600363
0.7254394509
0.1613982808
-0.3435101807
-0.5324733645
-0.5361559421
-0.875594461
-0.8080224842
-1.013199779
0.7923257887
-0.5284618258
0.4921078019
2.271326798
-0.5217054799
0.2680680464
0.8438921988
-0.01297160145
-0.4685670316
0.3522484176
-0.3830555663
-0.1238879023
-0.1145710912
-0.2149397914
-0.4692166209
-0.6147427961
1.059198943
-0.2465868324
1.139838311
-0.02023831736
-0.03569467952
-0.3586776271
-0.06760746185
0.6696275456
1.957167095
0.2403996432
1.266417994
-0.2840837061
0.02370219938
-0.5410838008
-0.805627051
-0.1567352345
0.2682651171
0.01887666946
-0.2832973361
-0.6601500779
-0.257746987
0.1008541913
0.8724556834
-0.1841697562
-0.389707323
1.874242359
0.4160203539
-0.05094614476
0.09895311156
-0.2185769066
0.2283036843
0.0590887161
1.927004474
0.3525991385
-0.6078490466
-0.1458170528
-0.2528804933
1.610348675
-0.236958769
-0.158311376
0.8675700277
-0.348207479
-0.8112627447
0.8746289603
-0.6610822678
-0.5605118021
1.195947099
-0.05376879852
-0.27197592
-0.008374633733
-0.06770566683
-0.2038481644
0.03121570824
-0.5860228494
1.098089692
0.8532887787
-0.05826895777
-0.8342038006
-0.8174119487
0.241183824
0.02955090497
-0.3295806281
-0.2287768155
-0.5432458237
-0.4437387049
1.743719989
-0.00521014221
-0.4602254033
-0.3077300608
-0.4063299775
-0.3448674655
1.464808407
0.2770550467
-0.2928860553
-0.3454366826
-0.3500420697
0.3928150304
-0.2207876652
-0.464578104
0.3255234815
-0.02919458617
-0.3377611294
1.47910738
-0.1550149426
-0.119024794
0.01248400873
-0.4147881884
-0.3921691865
0.0533798011
-0.710374254
-0.8138686463
0.7693656981
-0.3038035937
-0.5664068118
-0.4066626385
-0.1798489491
-0.4558985155
0.004528966872
1.677470601
-0.08191450592
-0.7459478647
-0.3747060947
0.1711703412
-0.1024732631
1.850941098
-0.2264132572
-0.2508620542
0.1301164377
1.962369311
-0.2663036171
-0.3610791206
0.01811810434
-0.1534660643
0.9334044725
0.3292194052
-0.2579378597
1.066657093
-0.712799421
-0.5479286104
2.350462604
1.173564273
-0.1300934255
-0.03138439041
-0.1088970647
0.1683389166
0.6725005105
-0.5366172269
0.1612096676
-1.015333176
-0.4855722457
0.2100421844
0.7904125154
0.7542706311
-0.07759396879
-0.3282030586
0.8178081468
1.550698003
-0.02253334895
0.7801783144
1.320366517
-0.02229825966
-0.3169438854
-0.3126262233
2.030850047
-0.4750312343
-0.2328512702
-0.2604094926
0.137814573
0.04276034357
0.251218941
-0.5533086404
-0.2259904802
0.4411371756
0.1093280245
-0.7950988084
1.145750365
-0.04735912811
0.02887397404
1.337907273
0.1929359038
-0.7392528415
-0.3061396524
-0.2680972107
-0.2705778778
-0.23036469
-0.3114012629
-0.1021908486
-0.300181701
-0.8020421982
-0.3466479681
0.9008876104
-0.7995325476
-0.8982689202
2.051611996
0.08851279481
-0.5630866632
0.006552450126
-0.8137941957
-0.3437965747
-0.3251433946
-0.2249160625
-0.2836794
-0.1930695364
1.612504131
-0.8921367615
-0.213954537
0.5078507228
-0.08797493763
-0.4421785146
-0.01450711722
0.9166367441
1.986462599
-0.1451302005
-0.7980157956
-0.0607218409
0.1016142791
-0.5783861801
-0.2633379761
1.330606404
-0.1250588061
2.462415332
1.219485962
-0.2033842042
0.9621100098
0.2013689329
0.3231147612
-0.4496400312
0.02960247155
0.7443425238
-0.3192448199
-0.2022692282
-0.01776482984
-0.4012963429
1.11535767
0.8140583605
0.05232269941
-0.7885927171
-0.2661266163
0.9468891859
-0.06072366741
0.03456414547
0.8408494145
-0.6366232604
-0.04445521655
-0.3933927476
-0.8389484793
-0.29253309
0.6745788991
-0.6004980102
0.9590017587
-0.03162021176
-0.6739670813
0.2267231137
-0.9691505551
-0.07724277792
2.618788028
-0.05344131505
-0.7163999557
0.7162135124
1.117980281
-0.5567153379
-0.3991524026
-0.2528261304
-0.6292196706
0.9080964386
0.4855887525
-0.5794704854
-0.4075403795
1.394296515
-0.06310106032
-0.4434509411
-0.2071402092
-0.1877196409
-0.6402856678
0.7296755433
-0.2526275173
-0.17653815
0.1772056889
0.2390264878
-0.4155072927
-0.04024939481
0.7686783031
-0.8558904469
-0.4920583606
0.2981732992
0.8917739227
0.03758686762
1.753096008
-0.2801138103
-0.4160966173
-0.4196328118
-0.7423725128
0.4384661734
-0.4781021103
0.6805886626
0.1915493416
2.189792633
0.3039876486
0.5227101117
1.300853956
-0.2076753568
-0.3347512588
-0.09485425223
-0.07359829303
0.5425877988
-0.687427409
0.07838991284
-0.2744610064
-0.293078159
0.1555986893
-0.2780519526
1.383147421
-0.8454565287
0.07209703531
-0.3227940395
-0.2470031243
0.216072214
0.5262890324
-0.05989480158
-0.100275797
-0.157235026
-0.1755301973
-0.1564888343
1.202238226
-0.329279884
0.204269325
0.08794725016
0.2437871173
-0.009711812437
-0.2619566822
-0.1472128574
-0.03229293562
-0.3139204301
-0.656116119
0.2602177466
-0.5569599703
0.497992149
-0.3999275628
-0.3650852367
0.1411823568
-0.3271713167
-0.093489502
0.4643025346
0.6743693903
0.08829652658
-0.4902132228
1.615667269
-0.2311695404
-0.1533751298
-0.4896883309
-0.3144920457
-0.3553834304
0.5073674798
0.6243523397
-0.08091241494
1.082587841
0.188971377
-0.3509921573
-0.1560058912
1.495683616
0.9451926798
-0.1157273259
-0.1279776283
-1.191706118
0.2270193521
1.714461803
-0.2908803372
0.7554790422
1.351809788
0.7742283463
2.792201132
-0.3221205469
-0.6301923558
-0.4695458591
-0.858391878
2.321286678
-0.05139298681
0.1736366739
0.2816443308
0.6609544903
1.229955482
1.009485433
0.2974011196
0.2757940395
-0.09751107842
1.062017938
-0.4178501964
-0.4257507309
-0.4320690125
0.07247662898
-0.106833669
-0.6244473547
0.0580947632
0.290340665
-0.251288848
-0.1022331374
0.3896042112
-0.3062752929
0.3812163636
0.3396146392
0.1867334063
-0.2753102675
0.333158021
0.2270193428
-0.138746384
-0.4930935845
-0.3068431661
-0.1579210164
0.8076733053
1.218477604
0.2149364804
-0.5558033198
0.02339795623
0.6568100259
-0.5640028313
-0.403817609
-0.2200343098
-0.08063670546
-0.1006606651
0.2156030065
0.3359314658
0.7628528476
-0.1409641456
-0.348143971
-0.3381532833
0.254236291
-0.8112667531
0.2226782496
0.7896051317
-0.4489328951
-0.5295974359
-0.1874038871
1.452973974
1.109507588
0.005752379447
-0.3441602059
-0.5333582401
-0.2560884903
0.477725409
1.188772207
-0.3973457173
-0.2236583933
0.6777281269
-0.5734738097
0.2189733388
0.3545409358
-0.1810039736
0.3281281685
-0.1698281256
0.2265889659
-0.3022194564
-0.2273987323
-0.3054240271
-0.6988735139
-0.3211954974
-0.07460020464
2.086516619
-0.3328906745
-0.2018425528
0.5918052599
0.3555404082
1.803968835
-0.2182812594
0.2278867321
-0.07545098867
-0.08983408879
0.4193831887
-0.3536591724
-0.09317955673
0.5503042325
2.079641527
0.07640739856
-0.3355226733
-0.3413885355
0.5485411882
-0.3173191078
-0.1695325568
-0.002913792804
-0.2856601499
2.247333938
-0.2034796888
0.741513449
-0.3870229661
0.5987571873
0.5212709196
-0.2911907509
-0.269727738
-0.7579523891
1.063855156
-0.2694306135
0.8951871216
-0.1923095748
0.1540333299
2.048773581
0.07046562135
-0.4164237171
-0.5452010363
0.969651331
1.372784674
0.3400446892
0.07304568198
-0.1097597633
-0.1841822069
-0.2395561058
-0.1671951069
1.376492652
-0.01539082006
0.01398972515
0.6768660024
-0.3451321937
0.4339395235
-0.01082077939
-0.2229484992
-0.08873123825
-0.1904424615
-0.1203710801
-0.04530770388
-0.6086986601
1.175993747
0.4972749382
-0.4002092302
-0.3472552456
-0.8689586401
0.2316938672
-0.3790761426
2.069123203
-0.5487172708
-0.3337797824
-0.4971942589
-0.242905933
-0.7960968316
1.405676368
-0.07279072739
-0.3384344622
-0.1123458114
-0.1503766802
-0.5544848412
1.393404305
0.1287437937
-0.2866347674
0.08492021048
-0.3533142641
1.036703917
-0.2893958192
-0.5852574617
-0.01588747371
-0.228018029
0.2566807571
-0.6389172703
0.2529670576
3.744543934
-0.01856516069
-0.05278778523
-0.5655388311
-0.2404117055
-0.3372561916
-0.1524668831
1.03879973
0.01465566568
0.1819426819
0.2884307244
0.02058371855
-0.5135369301
-0.2635641724
-0.2819398455
-0.4635504693
1.566562805
-0.8136532307
-0.4735084668
-0.3659955956
-0.0503728047
-0.3128899805
-0.1345702125
0.9792953968
-0.3865329742
0.3488609827
-0.1777181234
-0.3800734416
-0.1216194682
1.432460994
-0.4484073587
-0.05648282003
-0.3036013812
-0.3548283391
-0.2057616864
-0.7955728441
-0.02810873566
0.3661950603
0.2784861661
-0.1692102492
0.6058222793
1.737592483
-0.2266099736
-0.1021259554
-0.5820316836
-0.003252697736
-0.1431005215
-0.3939125128
-0.1606687957
1.341412032
-0.2807738546
0.853984078
-0.1976749141
0.1479386946
0.244405223
-0.4363947064
-0.05128263659
-0.419331035
0.414193745
-0.7823729157
0.1841989207
-0.05786645766
-0.3566305041
-0.4379894763
-0.2802448615
-0.5068409964
0.8514070079
-0.03189273719
0.8175474986
-0.8165406108
-0.4610833868
0.406206701
-0.3125919811
1.03371062
-0.2879150495
-0.1038739264
0.07144579776
-0.01825212091
0.864780134
-0.7633645087
0.9540100144
-0.1222854001
3.605510724
-0.4343755484
-0.414553801
-0.2589167167
-0.3235233262
0.340459398
-0.3313232183
-0.8624702036
-0.06628170141
-0.4875586569
0.5035322595
-0.2019694217
1.181861812
0.9829415947
-0.4807258144
1.796752995
-0.2025488554
-0.1724925461
-0.1327969732
-0.1536841137
1.020976627
0.5268442772
-0.5170474812
0.4263169158
0.2717030194
-0.6374769568
-0.8612618983
-0.05173873194
-0.3380574495
-0.6775052309
0.2409739799
-0.2255169958
-0.144620126
-0.07086508581
-0.1304293113
-0.4579985246
0.4507300884
-0.02146405615
0.3799722645
0.1708725147
2.180623043
-0.2134526296
1.226448181
-0.2414585404
0.2911795067
0.09216683209
-0.7060699791
-0.6957428485
-0.1900901027
-0.2406615794
-0.1216186872
-0.8139083892
3.746824729
0.6255516082
-0.008114618994
-1.073719555
-1.072178385
0.07268599439
0.04784157937
0.4659334383
0.2861117505
0.8342159986
-0.2903807456
0.1384246138
1.043896741
0.1181738304
0.001762605272
-0.504790096
-0.47972745
0.4272935645
1.184389767
-0.05397132132
0.5620168269
-0.2132707763
0.9664931357
-0.7414865285
-0.5362395108
-0.2443170596
0.2015500376
-0.5004173055
-0.06202722881
-0.3227410369
-0.2650509223
-0.2977600694
0.4109698461
-0.343787095
0.144124169
2.828182399
-0.5528559357
0.08131288234
-0.5827125251
-0.5581968829
-0.3556117885
0.7140539095
-0.529783535
-0.02062880606
-0.4245112151
-0.7919473588
0.5082296621
-0.7198839903
-0.5305308163
-0.7423139662
-0.4737886995
-0.7301199377
0.8018051542
-0.1944897108
-0.539429453
-0.3907860942
-0.7376048267
0.86657947
0.02415775233
-0.2815630792
-0.01835318161
-0.3670801781
-0.02874114141
0.5302450694
-0.4961599961
-0.6079558238
-1.087906414
-0.2787300289
0.5035897765
-0.2950058743
-0.3043952927
-0.4591075331
0.8310930736
-0.2199335231
0.07531136479
1.993592876
-0.2630503128
1.03125014
0.2823633211
-0.5584611833
1.102385679
1.305369231
-0.4713067479
0.1302034652
-0.6476688713
0.5742168864
0.2933184989
-0.0589142126
-0.9391064584
-0.3028813716
-0.7495262593
-0.8225379616
-0.4839934856
-0.313899434
0.2150301173
0.4422590625
-0.2094704499
-0.2834858073
-0.1804255869
-0.2259791985
0.3705988063
-0.1911872789
-0.8657620102
-0.570056349
-0.3775830939
-0.2227118067
-0.7108638555
-0.08378040139
0.7624281228
-0.5495124832
-0.04836796904
-0.380418393
-0.8195208073
-0.434363991
-0.15897245
-0.1141636342
0.03652750775
-0.7224941164
-0.3636541732
0.04910518043
-0.4347442906
-0.548014605
0.3404149338
-0.1197746841
-0.196252447
1.823373532
1.168890452
-0.365618398
0.7673144758
-0.2232588902
-0.2856261767
-0.4188127652
-0.2545448733
-0.4904843703
-0.2671316482
-0.122823
0.08402259164
2.297600716
-0.01443933751
0.5566246726
-0.5692457467
-0.8045110762
-0.3955927178
0.8040871575
-0.05261598937
-0.6573592186
0.4491218215
-0.1678773021
-0.2924505181
-0.1635586301
0.2486439472
-0.7403604567
0.6948135071
-0.5520803496
-0.161792298
-0.2702169754
-0.1986599835
-0.5029982477
-0.953812325
0.6336008579
-0.4191551611
-0.1845059474
0.02758893119
-0.329349608
-0.5262125239
-0.7766541958
-0.07681770679
-0.5468249179
-0.4064790696
-0.584925729
-0.2693333883
-0.3863898717
-0.6660160005
-0.1871763781
-0.257408766
0.02160346378
0.2061625283
-0.6835935473
-0.5780013561
-0.2186044675
0.1958903193
-0.9677391022
0.7978733793
0.3629881856
-0.4313803695
-0.3310664928
-0.7117641628
-0.7695706606
-0.02583691254
0.09303343035
-0.4075671598
0.6947543755
-0.220574677
-0.6553430304
-0.324144724
0.04758284986
-1.010202092
1.182903302
-0.507033965
-0.5974956691
-0.5898067892
1.486356986
-0.02459960338
-0.6432631537
2.397842222
-0.2507109398
-0.2618984593
0.2022534596
-0.8166852355
-0.6115642339
-0.3205372572
-0.517963038
-0.3971805587
-0.1631814972
-0.2550339572
1.583897626
-0.004477236141
-0.001556363516
-0.3220030706
-0.4667541772
-0.02011204306
1.19866499
-0.5463269562
1.805640125
1.895698905
-0.6117619634
-0.4284895509
-0.5445281491
-0.3745687298
-0.01191830188
-0.05977775063
0.8453835607
-0.1974662852
0.03917104118
-0.09606302921
-0.3505597852
-0.2281392798
0.7334203273
1.668752599
0.1803384116
0.02942938656
-0.6148437813
-0.5038058609
-0.1482547789
-0.8167364925
0.7729524642
0.5087771475
-0.3796433538
-0.3245214649
-0.0932986699
-0.7083139986
-0.2456565648
-0.48387371
-0.3415260553
0.2098155987
-0.5332968906
0.2529950989
-0.1686759116
-0.308346846
0.0938737615
-0.211121615
0.09772906732
-0.4248379678
2.366943157
-0.2717717644
-0.5570431188
2.022912687
0.4442921754
-0.3740415245
-0.170965553
-0.4135717034
0.4547999773
0.9808265045
0.05095185982
-0.3380398788
0.5707762148
-0.08675626516
0.4755761864
-0.8600990474
-0.09991164207
1.5764415
1.584939462
0.1251324957
0.2062973585
0.4810893407
-0.5231458768
-0.300652051
-0.6769160062
-0.3958467394
-0.6630790129
-0.4261027545
-0.02911763079
1.51730001
0.1580480244
-0.754423964
-0.239679423
-0.2305144433
-0.1896640848
1.100068077
0.6983477622
0.9687192559
0.6485473957
0.1126657985
0.9135551065
-0.03739192393
-0.3041745685
-0.3568387076
0.3666961409
3.41147517
0.1636025437
-0.01451680865
-0.26381015
0.184714818
-0.1949419316
-0.6506513491
0.3395400371
-0.3278176688
-0.2803627193
-0.3569911644
-0.4364508957
-0.3676323153
1.034360875
-0.2023919439
0.4014561662
-0.3218091637
-0.6359500483
-0.7305635661
-0.3819633529
-0.7164382517
-0.05243119951
-0.04619569778
-0.3142271661
-0.3730985329
-0.44190934
-0.4669059247
0.6104666509
0.9204458684
-0.3148745269
-0.4620496422
-0.1604930099
-0.3168285728
0.4498251714
3.048295069
-0.1771706225
-0.3241753422
-0.3343460707
-0.487397185
0.2509736428
-0.3979517646
-0.02780490834
0.2040655117
-0.8869663
-0.5742344111
0.07976414124
-0.5839139149
-0.2380944334
-0.07745228186
-0.2452870145
-0.345670262
-0.5999894395
1.470801322
0.7938254073
-0.4078846797
0.1395942678
0.3139200449
0.1893747311
0.2845523204
1.704916057
0.3227287194
-0.2923972733
-0.2171744732
-0.4694196165
0.4406007044
-0.1628608596
-0.105525784
0.5820059575
1.68848753
-0.02075259509
0.0106470326
-0.2391020305
0.6711728469
-0.08189534508
-0.3091174714
0.6094118103
3.770651317
-0.7025268972
0.4844122946
-0.2734027632
1.096692348
-0.1725725435
-0.5798100561
-0.2957000939
0.03484482481
-0.3395172656
-0.2507978179
0.2810365953
1.693261245
0.9223023742
0.5267360512
0.2474032704
-0.6476642624
0.01920776181
-0.5378086388
-0.2843774993
-0.26826513
2.056656116
-0.4418169037
-0.290895424
0.4403567605
0.1479602559
0.06827425379
0.3279148276
-0.1677800292
-0.143868527
0.1656808165
1.173851663
0.4864322122
-0.7355231598
-0.1619777508
1.377657819
-0.5536469847
-0.5603027821
-0.3585475229
-0.01749659469
0.06485632397
0.8699006811
0.06947407238
-0.7071341157
0.01169272633
1.052272323
0.513014891
-0.6956852853
1.40493502
-0.430267749
-0.119791179
-0.3438482612
0.8157991104
-0.455312629
0.04683803953
-0.386838989
1.92041938
-0.1262487227
-0.7461737454
0.7438095592
1.044623928
-0.712440747
0.4304713853
-0.6271762103
-0.05998836462
0.3597767979
0.4048421847
0.3209069034
-0.1579592336
1.294803861
-0.3318886388
-0.5504279688
-0.4466731474
0.148140438
-0.7753744841
0.4110543959
-0.9499351531
1.383596101
0.5792229906
-0.2972473897
0.381960856
-0.07469428247
2.218292397
1.927433407
0.04590858836
3.436037803
0.484499079
0.1590347361
0.02117633
1.447174054
-0.5076695278
-0.3834474809
1.385923734
0.4658854958
0.3526828386
-0.1504336396
-0.1958340008
0.04138123058
-0.2663126081
0.252569154
-0.4301941
-0.06720222728
0.8633996367
-0.3696617141
0.4485184431
0.1719937419
-0.1764243703
-0.531724745
-0.3013265721
-0.312930193
-0.03086778121
0.01511780499
-0.4835741863
-0.1512317944
1.094024432
-0.03441063762
-0.1705109669
0.1549457502
-0.4645419657
0.3294216152
-0.0444241683
0.4696363479
-0.005667031929
1.71198805
-0.6345795363
-0.3274977207
2.235971987
-0.1285337014
0.09063092954
0.03347265292
0.8670055985
0.6970656723
-0.9067566305
0.7952583313
0.9709097296
-0.3378493749
-0.3031202048
-0.2155741375
0.2477308796
-0.06605603956
-0.346443183
-0.5680157647
-0.3373998813
-0.2774743721
2.509154463
0.9591441363
0.2461666077
-0.09611718208
-0.0946247302
-0.3412985109
-0.2332467739
-0.3283934649
0.8920848362
-0.5711585447
-0.2369598256
0.07286533844
0.001618336886
0.1483588934
1.054000893
-0.5270883814
-0.5396282792
-0.9754450083
-0.262293759
-0.2809117459
-0.1305941854
-0.1346791409
0.0456608477
-0.610502246
-0.3624724764
0.2625538738
-0.1984324962
-0.1900520173
-0.05420639431
-0.3973751381
1.144265947
-0.1357399426
0.9947698936
0.1752709229
0.09659030754
-0.2384577215
0.4506901115
-0.4613365851
0.2258583035
1.014259569
1.083285931
-0.07238239385
-0.08236809932
-0.2684527367
0.4315647434
0.3262381582
0.01930117635
1.921633112
0.4297922269
-0.2604973584
0.1292942032
2.461444998
0.03161621382
-0.1334078396
-0.4296963006
-0.06149067692
0.3259405183
-0.2898756079
-0.1392727768
1.259467945
-0.4632434204
0.2928743264
-0.1114213603
-0.1758993194
-0.2668582149
2.088186169
-0.1193905664
0.07671486186
-0.1987540165
-0.5865483269
0.2101147909
0.5006018095
-0.04184060246
0.09294751883
2.076801401
0.5280718863
0.3904181495
0.3479566053
-0.281256203
-0.5839722782
-0.3687498428
0.6233114332
0.2217638348
0.8239141956
0.2817627078
0.8700214341
0.09020094839
-0.09286538039
-0.3082201265
-0.67582497
0.1946989197
-0.1307833895
-0.4147659346
-0.2151318369
0.7739208579
0.106191406
-0.200150346
0.09189480315
-0.2463656083
-0.1452860123
0.08896442209
0.1143273266
-0.4710748747
-0.1487603781
0.06966330837
-0.09914417006
-0.2047278807
-0.1538718207
0.3257040523
-0.5805225149
-0.2970407382
-0.02225410575
1.252079862
0.6281295896
-0.4089626208
-0.04939022753
-0.1275647499
-0.40195207
-0.3971858159
0.3362957165
-0.6353208467
0.6834478125
-0.1354763702
-0.2526150092
-0.1236733661
-0.03267610334
-0.0832251803
1.368308201
-0.2076500999
0.9676688522
-0.140741959
0.1209189342
-0.6730485842
-0.1779992864
-0.3977613181
0.1777398456
-0.4761785589
0.395030468
-0.3875075668
1.065687582
-0.1367649246
-0.4411220551
1.042996809
0.244641979
0.01250701798
1.251540083
-0.02286862861
-0.9126678199
1.052894661
-0.2497541984
0.2507492793
-0.3176987179
-0.1123776013
0.08759453166
-0.1474411119
0.183296181
-0.03572911816
0.1118526271
1.360192323
-0.06640975401
-0.2566695102
0.0747338729
1.703449911
-0.5302289262
-0.1306798507
0.5427576296
1.292251188
-0.1534146866
0.3113989677
0.1596092732
-0.2208609767
-0.19428786
0.4527751899
-0.124293525
0.4783374943
0.4490549881
-0.3345957339
0.2143178823
0.115125865
-0.4283755437
0.0239384139
-0.1489431698
-0.2763514359
-0.008129147068
1.326593941
-0.1097535705
0.3945868712
1.236046156
-0.05046106093
-0.02300610929
0.3324247086
-0.3960653573
-0.1553667629
0.8329534128
-0.4401010066
-0.02577660419
-0.5182058148
0.3307587583
0.3930711549
0.7968665525
-0.3533936709
-0.6763580561
-0.04838311663
-0.1618840627
0.2443765352
0.07736683562
0.1433661248
0.2053666304
-0.03362704478
1.068597391
-0.2382488571
0.1564687728
0.6362273499
-0.06763598835
-0.1509886155
-0.4207748592
0.4850099348
-0.1941798015
1.67506181
0.5853666097
-0.5172940165
-0.265146191
0.5642245263
0.2764621527
-0.6451857999
1.430510688
0.3783955432
-0.2801675819
0.4485825326
0.2276897483
0.399846749
0.3791186973
-0.1687007722
0.1730653491
-0.1854442768
0.09414175907
0.01199130425
0.2463298154
1.043262833
-0.09643814452
-0.1505917294
1.112477034
0.4036565408
0.3101969166
0.8924104482
-0.115449062
-0.5554984078
-0.11810077
0.5508276624
-0.5326154932
0.1689090304
-0.3358505219
0.2860838241
1.243906242
0.4343966424
-0.1764872413
0.702851826
0.1797076389
-0.4265445657
-0.5928194731
-0.1457504764
-0.2372537434
-0.2803396987
2.654211009
0.403462022
0.1033333247
0.3790872494
-0.324970945
0.9221530169
0.2848457268
-0.4682307512
0.1122915444
0.6367647041
-0.1220532716
-0.1438394379
0.1378252044
-0.5666696385
2.617977977
-0.04633935206
-0.2978148826
-0.2028157125
0.2067383835
2.479424685
2.47555666
0.05340329669
-0.2783747219
-0.09472963139
-0.2450620417
-0.1262127291
-0.8690707266
1.505750477
-0.3083748445
-0.961047408
0.7910898149
-0.7283972591
-0.4211193189
0.5096749477
0.3990315996
3.428901327
0.4287697397
-0.1687672871
-0.3349988803
-0.2222791252
1.958362573
-0.2836733326
0.1207142474
1.308124015
0.08332023257
-0.5373225331
-0.4394419447
0.3666603843
0.247251115
-0.4107497796
-0.3086953267
0.04943971466
-0.70997888
0.1769196946
-0.7670340925
-0.3268994011
-0.2820193122
-0.3160348766
0.6710817099
-0.4396800533
-0.2469687853
-0.4451596871
-0.3146947958
0.2561011523
-0.5098072603
2.000464815
0.9362145558
-0.4697997212
-0.4675468341
1.881860739
-0.4939549692
1.324464469
-0.1268737954
0.9542565882
-0.5734168455
-0.31306508
-0.3900983647
-0.1123750703
0.1260925548
1.026597157
0.4468461649
-0.3312489159
-0.3239888303
-0.4004781824
-0.2806276716
0.5239787012
-0.631133531
-0.002071574517
0.8231019199
-0.4340526626
-0.4404304534
0.3178919885
0.8511728171
0.1598667327
-0.1937575959
0.0306966003
-0.3133834532
0.3187117979
-0.1982389912
-0.5177316904
0.7381095115
0.3745390773
-0.1299799999
0.5804433016
0.08128226539
-0.03627582453
2.678810799
-0.4638365813
1.766803125
-0.2612472635
0.18187022
-0.2090396818
-0.169413225
-0.5110746086
0.9386859953
-0.0171090412
-0.1039418248
-0.1440936902
-0.1988703527
-0.002555563301
2.00535872
0.1824452597
-0.3486693285
-0.1294369826
0.1972356033
-0.4228602394
-0.2576039977
0.2295132207
-0.7242546856
-0.491318848
1.05543572
-0.1665760092
1.305342868
-0.8302497059
-0.5626754045
0.7236997053
0.6629997663
-0.2210112199
-0.565851821
0.008442901075
0.8820919845
-0.1246179797
3.463751924
1.045866969
-0.187917335
-0.08524080149
1.372496054
-0.3595187135
0.6044084862
-0.01986940345
-0.2218961143
2.339915103
1.52921353
-0.2055951063
0.1717238316
0.3767299503
-0.5373790488
0.2407508872
-0.6562230796
-0.212401126
0.6410947412
0.3952969473
2.504720777
-0.1956009606
-0.1541002071
-0.05540756769
1.338508424
-0.2625563707
2.307708478
0.01451821811
0.417150427
1.562203127
-0.05808951724
0.08983215713
0.5812058546
0.1563269254
0.3067892951
-0.2067204069
0.7834348485
-0.09577374067
0.4555009127
0.2248478275
-0.4001364037
0.08443515804
-0.2266301069
0.3449068464
-0.1176710155
-0.1268883579
0.1039932617
-0.1758271845
-0.04322984572
0.1730682644
1.993991154
-0.7324688643
0.2496285222
-0.279617703
-0.3513805002
-0.3405835979
-0.225317413
0.5747653333
1.623529348
1.411497039
-0.3070682436
-0.3849319518
0.2091892637
1.487840271
-0.09915164765
-0.4438955441
-0.7493903279
-0.4463350475
-0.3896861508
0.3149032018
-0.5763087109
-0.09867593832
0.3880861804
-0.1560498034
-0.1291352475
-0.4420180798
-0.4037649475
-0.04840260465
-0.2921971567
-0.01422294248
-0.02035246864
0.2837739676
0.3575591721
0.08626155686
-0.005779208057
1.102867419
-0.4648613404
0.1867143043
-0.08907456258
0.7234412983
0.7433102742
-0.1141516792
-0.4303304791
-0.5445673451
-0.06031251699
1.887920034
-0.1726416536
-0.7535484105
-0.3312987588
0.05246989094
-0.4480898038
2.191492891
-0.322759974
-0.06711517386
1.923363692
0.8379283771
1.307861987
0.2249778554
1.804427153
-0.208872924
-0.2017870504
0.04118335983
-0.7299511909
-0.2831167245
-0.6879989073
-0.09985651765
1.41448971
-0.389121522
-0.3501554392
0.1866608705
0.5670660691
0.2809487551
-0.2632324351
-0.591873607
-0.1221113328
0.1708075782
0.2329113746
0.1717912542
0.436866482
-0.06967718601
-0.526596503
2.248957115
-0.6026545882
-0.09714157581
-0.1077729419
-0.0329955779
0.3955266222
-0.2576744154
-0.4339504488
0.4373597085
0.1327523101
0.2718266682
0.2881397023
0.05570049779
-0.1068302237
0.107159684
-0.2732737361
0.8894376874
-0.1734120974
-0.2009591911
0.2837433925
-0.1480792498
-0.4237011418
-0.1447349571
0.4163032383
1.723726201
0.009869497828
-0.507818152
-0.5934827238
-0.03435443304
-0.0936340984
-0.07005074034
1.188168681
-0.1259529921
0.03729501422
-0.8160658836
-0.3279848054
0.04681312125
0.3986894019
-0.9111588418
0.2406910565
-0.5529749542
-0.04559851661
-0.5376435578
-0.01447769492
-0.4845054626
-0.003019636869
0.30165611
1.334358795
0.8021336675
0.05724042486
-0.1135633999
2.643639302
0.07580529973
1.518678549
1.757167402
0.7677370876
-0.5084478021
0.03496259078
-0.2632890187
0.4933981605
0.1366198957
0.3453996453
-0.5626896903
-0.138529884
-0.6521732867
0.2745597629
0.001410538051
0.3018636726
-0.4808357656
0.03505360335
-0.2692308765
-0.6916819692
-0.1963084854
2.40358566
-0.2809907757
-0.06036509946
2.034148854
-0.361956317
-1.009706774
-0.9297995389
-0.4210539863
1.814359307
0.3202144661
-0.7126028627
-0.5591087237
0.3737059735
-0.3604246639
-0.3742108554
-0.4320887484
-0.7266925365
2.965657359
-0.1338325376
-0.7177392721
-0.002093665674
-0.4121578813
-0.1103655225
-0.5354766786
-0.3460440345
-0.3934190765
1.339754212
0.1650513878
-0.02629733291
0.8480611801
1.176944894
2.177838522
-0.04364871462
-0.6871254683
-0.4448424056
-0.1304091178
1.470694178
0.1484745789
0.7055768736
0.02055105343
-0.04733459586
-0.358162003
-0.3737892233
0.8222159036
-0.06322530773
2.343453521
-0.5590078548
-0.5500058889
1.110355778
0.3498738095
0.1608274097
-0.04039548179
-0.4906641126
0.1343405505
-0.5560213909
-0.5508251682
-0.5046670318
-0.6750027031
-0.1578195896
0.9272038251
-0.06641805507
-0.08662836142
-0.4041506745
-0.2898985967
-0.389999181
0.001574057713
1.22531631
-0.09479658641
1.697372785
0.5717157407
-0.09316670876
0.1246259034
-0.2884470113
1.635939884
1.356409526
-0.1997283738
0.9511579946
-0.4236619413
-0.2889947519
-0.2564477034
-0.02713620681
0.5153451957
0.1361487205
-0.4388508961
-0.4244149238
0.2112521074
0.4551344946
0.06034828871
-0.1269245558
-0.2051207485
0.2190643091
0.7753215879
-0.596153371
1.014310086
1.320366159
0.5622089416
-0.1329187656
1.669693488
0.2964626148
0.5724171817
-0.7465661466
-0.3312788695
2.690404606
-0.3386007763
-0.3454885468
0.01121336836
-0.4804594547
-0.13247696
-0.1432760511
1.310959387
0.2398179653
-0.01906960309
1.138700613
-0.5693496719
-0.4630483136
-0.1986638419
-0.4950847656
0.3314985566
-0.7221583053
1.195836148
-0.253588035
-0.2101929825
-0.5215658352
0.4907349055
0.1524279273
0.308563686
-0.4638029099
-0.6727256596
0.01629351871
-0.4110544391
-0.2668452725
-0.1254668489
-0.6285231084
0.720667623
-0.4675296485
-0.3823725715
-0.03351879232
-0.08404347114
0.8633263081
0.5177894637
-0.9900705189
-0.3323329285
-0.213775732
0.8558902934
0.06355005596
1.984714371
-0.9802552372
0.09395163823
-0.8403899848
1.662552929
-0.6199543923
-0.2192483131
-0.0443364914
-0.2793580204
-0.100769387
0.4821728002
-0.6737601846
-0.6258955568
-0.7590673268
-0.2399521284
0.8309398144
-0.5325018719
-0.1207595108
0.238031875
0.3531070519
-0.2308848418
-0.4352238491
0.09561382784
-0.05484107854
-0.2528055701
-0.3823658034
-0.3609647013
-1.028946391
0.1076233733
-0.07965286579
-0.6491325662
-0.09434400657
-0.124014923
-0.3679779027
-0.1614065761
-0.2627401841
-0.4402295619
-0.7310227513
-0.157833337
0.4104420267
-0.3346412998
-0.1477485506
-0.2532770373
1.408637801
0.2411511476
-0.2126674851
-0.4475722939
-0.3764962658
-0.1237936459
0.8937303014
0.2021589305
-0.6142498225
-0.4557939485
-0.6563148081
-0.01690754481
-0.1738862764
0.6169456672
0.009877504036
-0.4683213115
-0.6717603654
-0.1994734582
0.04837964233
0.04724522866
-0.7375228524
-0.2915290043
2.05985077
-0.441711466
-0.79012025
-0.2607638797
-0.5504085451
0.05798877887
0.5293470949
0.2807714222
0.4254314941
-0.3939561263
-0.6589825004
-0.226649634
-0.5765139997
-0.508797048
-0.0307401903
-0.4844468832
-0.2630841799
-0.6190062225
1.432763875
-0.6207742989
-0.5064153448
0.311407448
-0.9811378539
-0.2172200158
1.203904849
-0.145606414
-0.9516780853
1.738482052
-0.756760025
-1.035677677
-0.7679054141
-0.3669556856
-0.4361222863
-0.5896480158
-0.09834030289
-0.4186304256
-0.02203916707
-0.389424552
0.2985286603
0.1580121799
-0.1568061593
-0.3290847126
0.1792905095
-0.1838539436
-0.505229716
0.4721312135
-0.7264668882
-0.2525720909
2.081642932
-0.6324231744
0.4518203573
-0.08838781156
0.3413877852
0.767695161
0.5990129583
1.844935787
0.14754785
-0.1980660826
0.4219978809
-0.4551748797
-0.1756412759
-0.6816813692
0.5550100133
-0.4776014954
-0.3233274192
0.03931842186
-0.4712467141
-0.5420995489
0.3188819954
-0.1399411088
-0.7510229975
-0.5139571875
-0.3175351679
0.6466543533
-0.1010385826
2.061167157
0.2189231338
0.2297033453
0.5848433748
-0.4019752368
-0.09344839342
0.1207411616
0.07799544277
-0.1673962332
-0.09475753456
0.468443346
-0.6027797133
0.1327660326
0.07898855694
-0.2217266247
0.1173652909
-0.37422188
-0.7618959278
1.959620768
-0.4529996961
1.083997035
-0.1932618842
-0.4382628754
-0.6209972993
-0.2822804153
0.1376317762
-0.1110529048
-0.7846816152
-0.4563221723
0.1769641673
0.1560525404
-0.0298816761
-0.6581022225
-0.1746819423
-0.2409762356
0.4461782133
0.1270167213
0.1135901467
0.03592281071
-0.2052503865
0.03908278253
-0.4243209898
-0.4621743858
0.2420180334
-0.3767409608
-0.5994981527
0.05857648649
-0.3403414659
-0.4762612924
-0.630337286
-0.4631585523
-0.3346195228
0.3788896371
-0.6148944527
-0.5755505458
-0.6233028412
-0.5829321951
-1.026907176
-0.5706354722
-0.7595833004
-0.4126463771
-0.8079916388
-1.137169382
-0.5866099864
-0.599452363
-0.8493837953
-0.3497471273
0.1609824141
-1.016555822
0.4627268888
-0.1992542301
-0.2587008461
-0.5834137276
-1.126156244
-0.5457817793
-0.3971351892
0.3377297818
-0.6372293353
0.08155858591
-0.2199933946
0.6234778244
-0.6543098584
-0.5793053776
-0.2846084118
-0.723066166
-0.2405264329
-0.2541901018
-0.432770402
-0.07427499015
0.01369417328
-0.3798639208
-0.4515409902
1.805021733
-0.178553913
-0.06966785975
-0.5154804558
-0.6231887102
1.468848789
-0.9447815627
-0.3721472479
-0.3250105657
-0.1375009783
0.7626424506
-0.5414698049
-0.1567861747
0.06082835938
-0.9500944674
0.6139445022
-0.7483547509
-0.7252695292
-0.01929272059
-0.4151206449
-0.2614739766
-0.2937485017
-0.1751475744
-0.3378341768
-0.3397631951
0.2585532665
-0.1905804516
-0.2548026219
-0.1986956641
-0.2980319388
0.4760464553
0.2278083147
-0.047049959
-0.9893726379
-0.2559420079
1.061278737
-0.5823865786
1.805310941
-0.3417185456
-0.4042299539
0.1552672165
0.3457193241
0.2010518109
-0.382244163
-0.169304595
-0.4583590761
-0.06758676255
0.6118712343
4.408765447
-0.4919110835
0.2736635356
-0.09068023674
-0.3172086753
2.578794593
0.8082304418
0.2742312241
-0.3822617374
-0.05084313937
-0.1517593864
-0.7220192969
-0.4247333571
-0.742035836
0.4954476252
0.7255806312
1.300053811
1.43179636
0.909566921
1.090584508
-0.2064708692
0.03384347609
0.1144849231
0.1015871726
0.4914477166
-0.3284164742
0.6046465576
-0.02804355589
-0.4008250073
-0.3810279563
0.441062852
0.2545590375
-0.1305821718
1.320231172
-0.5468999296
-0.4489486635
2.88345558
3.79520824
0.7143248715
-0.1039844716
-0.4930862486
0.7465211838
-0.4533215806
1.466326791
-0.3776983172
-0.07080801707
-0.6469455987
-0.4739816174
-0.3849763304
-0.470329918
3.025774372
-0.6093230784
0.3479074858
0.9193506852
0.1761390725
0.04192517344
-0.110643604
-0.2120126718
-0.649126181
1.183732054
-0.1015632084
0.8816150382
-0.5214931861
0.5024946053
-0.4315815657
0.01579641122
-0.4160725474
0.04579637274
-0.2547096349
-0.02408954343
-0.136988662
0.5365661368
0.3916543703
-0.1666580152
0.0150364032
-0.6321877822
0.03140384257
-0.2153315451
0.01780365165
0.3460284827
1.35255326
0.1100997408
-0.1086326826
-0.7267997205
-1.001427597
-0.3893179148
-0.2857021589
-0.1081596674
-0.07169146035
-0.2682107814
-0.5728975803
0.290027881
1.181503174
-0.02903214516
-0.04081172529
-0.3343822405
-0.1032830037
0.5041804448
0.0436222557
0.007206483372
-0.507682015
0.005844192021
0.07916032136
-0.2623431697
-0.4385639414
-0.4528705299
-0.3758507296
-0.6033285201
-0.2775440648
-0.1613153584
-0.4615494177
0.8163529351
-0.1308387088
-0.5462273046
-0.7557640225
0.1582019949
-0.1230961222
-0.11311881
-0.8366702884
-0.3066395935
0.1638869718
1.706547576
-0.03056459399
0.6164194349
-0.4110302642
-0.21089681
-0.3608953677
-0.4610726446
-0.7168848723
2.243507224
-0.09132410795
-0.1789568439
-0.3401883133
0.3545994908
-0.4305156078
-0.5154144198
-0.1510278873
-0.09526752504
1.801944721
0.3697208859
-0.05509046013
0.2741449332
1.003614083
-0.2934073344
-0.2690942856
0.9316352934
1.672020951
0.03477044636
-0.02024323735
0.008736466058
-0.6747986823
-0.3312016666
-0.2106284402
-0.1550438453
-0.6634255886
-0.5351446852
1.205290684
-0.1012872584
0.01630246467
1.303716785
0.3452702241
0.1691685319
1.19534806
1.641273496
-0.3293368176
-0.06723788157
2.016579568
1.860080153
-0.4866519719
-0.1404757144
-0.1410694761
0.1008840579
2.064849567
0.5339155063
0.5761751018
-0.5877785474
0.2756655785
0.7260001332
-0.5961935371
-0.1768521449
-0.5484950915
0.9441336304
0.1098421901
0.384199331
-0.6503851652
0.365881962
1.894127524
-0.2129879098
0.9807572201
-0.1230028094
-0.3465330943
-0.2519410796
-0.3525771625
-0.2190902669
1.127483004
-0.5500825599
-0.2791991506
-0.07984634284
-0.07478773389
-0.3960838124
-0.8422290146
2.027381665
-0.4060573518
-0.4868098214
0.800567992
-0.7906206995
0.1967023321
1.047198504
-0.5208029151
1.496258628
0.3606716977
0.2805327539
-0.2309267301
-0.09215206038
0.08863468487
0.3450608663
0.8433915094
-0.1800040236
-0.07283106549
0.6444184169
-0.2362400487
-0.5185831562
-0.1084892964
-0.1600750312
-0.04996428359
-0.05311154556
0.2537292289
1.613743567
-0.3953042895
0.07131779501
-0.5262231946
-0.2643899981
-0.1293231508
-0.487355116
0.3115042008
0.3647726178
1.090781078
-0.6940803647
-0.13564314
0.444917891
-0.242311825
-0.2024636403
0.5178790212
-0.003097023442
-0.04694418218
1.420433947
0.5710402062
-0.3115505412
-0.7281790525
-0.1537958845
-0.3006969607
-1.141682157
-0.3625980258
-0.2917984672
0.3207756959
-0.7487659335
-0.4291348688
0.9071088195
-0.4101783723
1.959079093
-0.8209669411
-0.4330565542
-0.1043528612
1.000673836
1.956352627
-0.1562988726
-0.08787121624
-0.5267553225
-0.09019285962
-0.6502118111
1.125756359
0.2822836301
0.9545353204
-0.3083541885
0.04608496227
-0.2600746837
2.410954744
-0.1366001394
-0.2705552068
0.1386628854
0.1648356937
-0.7433890909
-0.5204468191
0.166682434
-0.03960356358
1.230731305
0.1247616185
-0.3023984402
-0.3134745225
-0.3569925435
-0.4711516291
-0.2104405116
-0.2594027866
-0.4242285624
-0.2992178701
-0.1534572469
1.842423946
-0.3876160689
-0.0008216122165
0.5356377028
-0.5116578832
-0.7979720086
-0.8172089785
-0.6055098474
-0.2543938462
-0.332344605
-0.3152925357
-1.016278437
0.4572194635
-0.3506685346
0.1224186978
-0.04788943771
-0.1368000863
-0.3018686049
0.4852097511
-0.7763424724
-0.1505671844
0.03912583971
0.06694731442
-0.1330758074
-0.2456483837
1.209171727
-0.1552434459
0.7656626446
-0.1983625537
-0.4941949509
-0.369967486
-0.08164296378
-0.2614575557
-0.1103311402
0.3495893886
-0.4171646655
-0.09751979932
-0.5241262704
0.8811665833
-0.08624122981
-0.2576752005
0.863284006
-0.4309931964
0.7492997885
0.3028157706
0.1640450882
-0.5588284448
1.899813199
0.06236784561
-0.5239065558
-0.08540777424
-0.3142018452
0.4558781119
-0.5128816575
-0.6837299049
1.075040495
-0.2046260653
0.2311950833
-0.4352024108
-0.5966875955
2.25072614
1.369806206
-0.5008736074
0.9296930075
-0.0132742919
1.265491247
0.9707391635
-0.7574807435
-0.136862091
-0.4831112862
0.05053796433
1.259326679
0.2184552737
0.242613079
1.25285171
-0.424557434
-0.5475185186
-0.6258605659
-0.08559343554
-0.5282307833
0.01458870145
-0.3806786932
-0.06195652056
-0.09957665419
0.4024850711
-0.3131034672
1.022603932
-0.1383752311
-0.1341029353
-0.6043994859
-0.5226903871
-0.1330818091
0.79926164
-1.000242817
0.7125825286
-0.2284346111
-0.5942175165
-0.5076886684
-0.160483419
-0.1412597962
-0.4059227489
-0.1466699947
0.1239113344
-0.2340780118
-0.2826592118
-0.5084507316
-0.8657407463
0.1339406002
0.09454018869
-0.00333617907
-0.567416954
-0.8714655817
-0.05452753785
1.541752756
0.1524519305
-0.1926336441
-0.139493656
-0.6846321583
-0.007558100671
-0.3789172314
-1.048303264
1.359717426
-0.5654818222
0.408386898
-0.3357404381
0.6289221495
0.03999142488
-0.9159747154
2.234037369
2.623114598
1.245017749
-0.2414883604
-0.7771977276
1.557655436
-0.1115707974
-0.3607264608
0.03954374734
-0.1021262867
0.05729256915
-0.05237641986
-0.8746047616
-0.007392186485
-0.526957868
-0.5737075299
-0.002273539267
-0.09954690002
-0.1453461027
-0.293203526
-0.516752547
-0.5429413527
-0.4874275327
1.889360833
-0.1296346017
-0.3523446597
0.5370859824
-0.4641594917
-0.28151014
-0.5200092152
-0.7810531259
-0.1943196021
-0.4308171408
-0.8304132938
-0.7604421109
0.02970714103
-0.7493395805
0.3255437296
0.3016568964
1.4400841
-0.3956963986
2.282656485
-0.6111668497
-0.1579445079
-0.5086351573
-0.1238999533
-0.4139663931
0.01350253318
-0.672564584
-0.5040219054
-0.1382551264
-0.281392508
0.1353324506
-0.05624923604
0.7724267915
-0.6890593842
-0.04309902079
-0.2617218148
-0.4678593323
0.3438292198
-0.6766879588
-0.4706049874
2.417766291
-0.1217206353
0.5803888097
0.0211127928
-0.01768118152
1.030639071
-0.1824252751
1.257632387
0.6370607004
-0.1829172033
-0.07004312314
-0.6849342823
1.312243733
-0.07379589751
1.121417823
-0.5531253517
-0.7308736473
-0.8430308968
-0.6461412475
-0.4763962314
-0.7191169649
-0.4469346747
2.631486595
-0.171733244
-0.416502668
-0.02854807302
0.01960551552
0.1430868678
-0.4957342118
0.3332028527
-0.5929231584
1.194551089
0.005955111794
-0.4798130564
0.02719667135
-0.126835667
-0.2131932061
-0.5845781863
0.1260756347
-0.8664847732
-0.3421848953
-0.6897287175
-0.5331844062
-0.5878641605
-0.2692692582
-0.008196876198
-0.06726129875
-0.859566164
-0.04131527254
-0.502792488
-0.3372566439
1.905973032
0.4763398491
-0.4276017025
-0.277520949
2.047768211
-0.6294590592
-0.5056571558
0.6006306544
-0.3650993373
-0.6027095944
0.4228038169
-0.3790307626
-0.7169185922
-0.1524491925
-0.1258611951
-0.1413634222
0.5244954415
-0.2971519664
1.798526132
-0.085549021
-0.4986337706
0.02792097777
-0.03351370199
-0.3467361275
-0.1749149851
0.6941090584
-0.672446394
-0.2818800885
-0.04181644293
0.2570086397
-1.116186556
-0.5438667014
1.985677534
-0.2665385056
-0.3226389751
-0.6412447929
-0.1865674518
-0.4574056819
-0.1950414922
-0.4559518099
0.1540072162
-1.085319403
0.1098388287
-0.8175558448
-0.8331546515
-1.040641257
-0.3304611303
-0.5809772536
-0.3915164798
-0.6379710287
-0.2946308687
0.1625234142
-0.8716166317
1.139408809
0.501146701
-0.5368502945
-0.9228680968
2.139321458
-0.1615863141
-0.7396122515
-1.191389123
-0.2728545181
-0.8840573937
-0.2434991714
-0.3190133285
0.02324506161
-0.00837276727
0.3089400775
-0.4030060247
-0.3385584019
0.06086456594
-0.05945792305
1.751530224
0.3476842077
-0.1427932565
-0.1166530652
-0.0661180146
1.405477831
-0.6697749376
-0.1517845128
-0.6104802206
-0.1658126282
-0.2559853502
-0.3790709279
0.2552786352
0.5076548801
0.1521000229
-0.9113629729
-0.5394439653
-0.6143724576
-0.1711737005
-0.4689697087
-0.6268048763
-0.6380287915
-0.4987505287
-0.860914126
-0.8512522578
-0.2661747105
0.2633740362
-0.175963142
-0.3285684384
-0.4491530955
-0.8169572443
-0.2047143757
-0.2875231203
-0.2081807893
-0.8428058773
0.2228303758
-1.213318101
-0.3645635851
1.153197845
-0.3512448519
0.9499645889
-0.6684459418
0.3270088749
-0.1303875625
-0.2577098627
1.489323944
0.1744787671
-0.1680024541
-0.4018166624
-0.5499870166
-0.37866179
0.04782524165
1.085870257
-0.5401957631
-0.6898740143
1.048856461
-0.4215423554
-0.5251588717
-0.08184837794
0.2026150981
1.144236591
0.521139773
-0.6910745561
0.4131568953
-0.3456640609
-0.5123084046
-0.07150996141
-0.2376699753
-0.327425199
-0.07627703957
1.152170238
-0.09590835124
-0.4434330717
-0.1380941968
0.03598216875
-0.5626827598
-0.389810551
0.01402402353
-0.4077231392
-0.4469607562
-0.4885161012
-0.6437260255
-0.4130659938
0.05317568174
-0.49580663
-0.4834792569
-0.2949946702
0.1308179479
-0.4452615321
-0.1419448083
0.6896835983
0.369292156
1.771805406
-0.4612474114
0.3578190198
-0.3556940004
-0.03141582496
-0.4937552199
0.3658268549
0.5497411288
0.0178596681
-0.2107574973
0.07270668827
-0.3985823914
-0.2111339949
-0.4245028079
-0.3580736063
-0.1117280252
0.3359169671
-0.1954010189
0.4171723865
-0.3227857113
0.1864188111
-0.6449105471
-0.5637283847
-0.001694015134
-0.6632760838
-0.4696729407
0.1724510913
1.040232348
1.628335541
-0.6830288202
0.09757828205
-0.1080998991
-0.3646046057
-0.4981580943
-0.06775608175
-0.07266695499
-0.2204942804
0.04374712314
0.4477499994
0.2657804318
0.07181742862
-0.2646161586
-0.5336421385
-0.1062345242
-0.3550413974
0.3740479962
-0.4506832719
-0.4550889619
1.062159036
-0.2152615685
-0.01973414756
0.6683263302
-0.5911217794
1.844744092
-0.3553976364
-0.09977556765
-0.4236067668
0.6322356097
0.2564992016
-0.5271112129
-0.2860687237
0.1047843563
-0.3170445554
-0.005272431299
-0.2257008789
0.8468495607
-0.005934518017
0.4795446001
0.3761065416
0.3130694023
0.5439705491
0.3016708909
1.370626199
-0.3763263986
1.429126474
-0.7592444956
-0.3422571361
-0.2008212969
0.2956549183
-0.3035482369
-0.2073898777
0.8399800323
-0.1971251183
0.3513741563
-0.7722076952
-0.2729190357
-0.3593940135
-0.5376694605
-0.2009075209
0.01244467534
0.3450635087
1.635719615
0.02964502834
-0.5924147904
2.857047755
-0.3804448649
-0.1528170794
-0.1348040679
-0.4075287111
-0.9123999357
-0.4203730121
-0.2283915319
0.0622048609
0.6917291686
-0.3130403608
0.5222866017
-0.5491456091
3.747353142
-0.3782638483
0.1038728461
0.1923856587
1.519098169
0.08999557029
2.866306031
-0.5882129505
-0.2706601684
-0.3972735718
-0.09784410205
-0.2275296681
-0.6607136101
-0.1283220688
0.03098850101
-0.8142313957
1.428777689
0.2474100414
-0.2878132544
-0.2054252045
0.1924042557
-0.01370967217
-0.6955987841
-0.1946186751
0.3181409416
-0.08082874387
-0.5930971637
-0.6661307603
-0.4771307722
2.244708598
-0.3374034889
0.2031715752
0.1920749288
1.731314325
0.329407702
0.2528758137
-0.1583962373
-0.07084449008
0.9924386442
0.09420244461
-0.01389273889
0.3443010925
-0.1799980232
0.183772747
-0.3937115043
-0.04429359697
-0.5123830125
-0.5091094851
-0.3788986415
-0.7211047575
-0.5300514132
-0.08960161568
-0.1355448358
-0.1541984386
-0.2200805222
-0.7012612343
-0.267158889
0.4571981693
-0.1653255578
-0.1978301592
-0.1164134782
-0.4522809342
-0.4172178805
-0.2682841066
-0.356312561
-0.3065742753
1.518153027
-0.1410568043
-0.3270862542
-0.1428342873
1.038634862
-0.3314852655
0.1552316003
-0.07992377635
-0.08165315967
0.6947545826
-0.1926115271
-0.48298769
-0.7930727363
4.057962847
0.5097368866
-0.2603134751
-0.8360880136
-0.606320405
2.027532887
0.04255844951
0.009995101765
-0.540378724
-0.292295257
-0.1371356863
-1.142453453
-0.6154056504
0.04357492086
-0.004459280381
0.8057369798
-0.07036353927
-0.614925459
1.890268224
-0.9597421736
-0.4342573091
0.8808111377
0.1085462747
-0.1351056173
-0.6072930485
-0.8071119338
0.06203326401
-0.02122078743
-0.07201056005
-0.7463815153
-0.1095164425
-0.546767436
1.123473793
-0.4207160249
0.2509286599
0.4790294513
-0.3814626008
-0.2185533792
0.1829943762
-0.5857325897
0.4642160237
0.008589295018
-0.03442351697
1.073203985
-0.6407171309
1.761052322
-0.2061781635
0.3513352109
-0.3437921658
-0.9327325225
-0.08170540333
-0.622473456
-0.01882061698
0.6246253712
-0.1759080335
0.5807967231
0.5163688974
-0.1935539763
1.145097059
-0.4408892557
-0.04846071256
-0.6083254918
0.1093459429
-0.6439544335
1.264433989
-0.6915839672
-0.5542756483
0.4359757274
0.1530183256
-0.2417899922
-0.4005450398
-0.0677193325
0.01916223206
-0.02165097427
2.26561476
0.921731168
1.051035437
0.7807489611
0.7466773093
-0.02599203819
0.2231665976
-0.0894765215
-0.6877557367
0.6372362956
0.5275688404
0.09305854645
-0.7686546028
-0.05630226443
2.731344509
-0.4808000699
-0.05990923513
-0.7298287511
2.317833287
0.331616186
-0.2829736572
-0.556137231
-0.2170263551
0.6149289325
1.388116053
-0.2127576311
-0.2698656783
-0.6892037123
-0.468054983
-0.6010852277
-0.7042000562
0.8640208401
-0.2650046954
0.3617007822
-0.3989335723
0.8717146866
0.647176028
0.01823314615
-0.4392977104
-0.3241135836
0.671427989
-0.3725369327
-0.3671403028
-0.6805464804
-0.4527191892
-0.3194084123
0.1421387653
0.6558619425
-0.6194931418
-0.2298394095
-0.2041499607
-0.2323651906
-0.5300300345
0.6723465651
-0.2188635804
-0.2886155494
-0.8124071121
-0.7576790601
-0.6289305434
-0.6728891045
2.872029561
-0.6246228099
-0.3208776429
-0.3197859682
-0.4157162398
0.08887864398
0.1082132112
0.9995091572
-0.2348852998
-0.2327899177
-0.8510457814
0.294960833
-0.3191439405
-0.4630080149
0.7039120108
-0.4222962886
0.2464763854
-0.7231948018
-0.709723869
0.4373894811
0.2503354358
-0.6203625739
-0.2961399116
-1.017541367
-0.09732182454
0.3337833886
0.1246245555
-0.3424076363
-0.6251475215
0.43806585
-0.5418633088
0.04851639792
0.6092426419
0.1954736909
-0.05106359944
-0.3694345728
-0.475829415
-0.7037373841
-0.4811154269
-0.6418503195
-0.056302176
-0.02584572341
-0.6730978534
-0.1752038545
0.805217937
-0.4477708176
0.3195937995
-0.2258237297
-0.8218050331
0.122531973
-0.426487875
-1.187998673
-0.4529801637
-0.3594088711
-0.9056090891
2.673463923
-0.1791571004
-0.3265183136
-0.3392021015
-0.9839544207
-0.7083533615
-0.1460656831
-0.5313466281
-0.3873950839
-0.5131195635
-0.03372918693
1.140771574
-0.4074798271
-0.002365439758
-0.2525969706
-0.3231435359
0.1879983299
-0.006156706437
-0.7861481339
0.1703977777
-0.400202217
0.1098448514
-0.5480828509
-0.9653441548
0.1506477911
-0.427946116
-0.4146959804
0.5151490106
-0.7487242907
0.8586215585
0.05158845747
0.5257456783
-0.528147158
-0.199283056
-0.4492720827
-0.4580560431
-0.7424608499
-0.2029343936
1.31454905
-0.2737736229
-0.1239842886
0.141997017
-0.6371639147
-0.7833156735
-0.2920585878
-0.3302135415
-0.4651065826
-0.485565652
0.2800324886
0.03183790939
-0.1716634158
-0.8906541109
0.528020297
-0.4293567881
2.42311849
-1.096855947
-0.1121953657
1.180871639
-0.5947158992
0.1187019536
-0.160043845
-0.4744820908
-0.5305028602
-0.1000203608
-0.2026023619
-0.3545244098
-0.7284884274
-0.8154660791
0.01393931955
0.8151779115
0.2016720414
0.7212454647
0.1354012603
0.1495129305
-0.4101681039
-0.4739880294
0.2342285188
0.7707501158
-0.4935087293
1.770584124
-0.1040942363
-0.3933558598
-0.03395805843
-0.1446902032
-0.6317105979
-0.552822493
0.02744223028
-0.5674016297
2.854753566
-0.03929303307
0.579684541
0.0547668648
-0.02023472644
0.1246016859
-0.4226635247
-0.1334710087
-0.05038119582
-0.3453094184
-0.07444064021
-0.579568103
0.0002240275964
-0.1852382958
-0.2469875183
-0.9500166506
-0.3172614634
-0.08315336443
-0.253315711
-0.07598797437
-0.2019957568
-0.3009210348
-0.3565129697
1.724026978
-1.04482176
-0.426596348
-0.1934406996
-0.6462395206
-0.3827568322
0.6456599541
-0.170891932
-0.6392272055
-0.3825793914
-0.3538409211
-0.3480269663
0.05834849495
0.1019803324
0.1798601886
-0.363577012
-0.2084533976
-0.3057256203
1.075888735
0.9516596377
-0.7066061646
2.61031208
-0.8110735834
-0.8239753366
-0.6402327448
1.474114335
-0.1692824442
1.184703487
-0.8177581638
0.05408937484
-0.4947973736
-0.4082348123
-0.4300275154
0.2541018168
-0.624451828
0.05749892034
-0.4645347714
0.005307007208
0.7329431966
-1.083853149
0.3621128958
-0.1945878893
-0.8795604855
2.451794624
0.2364647705
0.1611542742
2.20205602
-0.3701252438
0.967729944
0.51068381
-0.1271395329
-0.1966159356
-0.1527892225
-0.3034752339
3.152739072
-0.8757112533
1.557264972
-0.6460435152
1.239940226
-0.2406397412
0.05014740396
0.7358384997
-0.01650022725
0.134068349
-0.8735349327
-0.8152674228
1.965732098
-0.3621651858
-0.08593074977
-0.227064636
-0.7352546394
0.8274664342
0.1518968843
1.58116433
0.1516269068
-0.3557607181
-0.3547911234
-0.2715648685
0.1221007819
-0.5491050541
-0.1463804536
0.3145166706
-0.2710878968
0.6733048528
-0.130896353
-0.08595418166
0.3858957577
0.1603577489
-0.3645583838
0.1855568537
-0.2009420544
0.8913531289
-0.1978905082
0.5220393084
0.6543188773
0.2246258848
-0.3064808384
-0.5878081813
0.8377178758
0.1783484132
1.420119348
-0.5776543602
2.153923798
-0.2057272501
1.766429374
-0.5008883581
-0.3381972522
-0.2711370181
-0.08983616545
0.4161274016
-0.4562606797
-0.4883643806
-0.1508816238
-0.5558538526
-0.3379325286
-0.4936888665
-0.09910763819
1.608318096
-0.4325102225
0.03084740248
-0.2332341
1.010790575
0.04203430437
-0.1530858468
-0.3690148652
-0.6754144162
0.05248899083
0.3652842915
-0.5711420387
-0.6674565107
-0.3825372159
-0.434683539
0.2421994808
0.2631877728
-0.24948854
-0.2741294712
0.44180464
-0.4496430308
0.4425792676
0.833552818
1.12213836
-0.5568080679
0.6767881669
0.248016157
-0.1527169235
-0.1759311544
-0.4779458463
-0.4351833507
1.233218116
-0.3965338171
1.167247014
1.551472551
1.498860121
-0.291641704
2.34401505
-0.1424408029
-0.2266305637
-0.2822581023
1.943760568
1.075438926
-0.1989157028
-0.4042626318
0.5608050704
-0.345159018
0.09174161633
0.1523197338
0.3967808641
-0.2114104077
0.3626480028
-0.3487885088
-0.455890511
0.04622642426
-0.1510811033
-0.0710134048
-0.2249108955
-0.03442036156
-0.8436003566
-0.1015629105
-0.184514302
-0.2464326397
2.044607288
-0.08982263729
-0.2217414811
0.3896845639
0.3907857424
0.3828898355
1.405695814
0.2742561013
0.7869543985
0.4845421463
2.135732806
-0.4108512777
-0.3095079161
-0.828393954
-0.02364841979
-0.121575601
-0.5424916416
-0.6321926773
-0.5011134654
2.840061742
0.410206439
0.7282716215
-0.4425122261
-0.003976465808
-1.236625972
-0.3438218236
0.136444419
1.622760773
-0.004689866304
-0.5204333007
-0.666445303
-0.4262221575
-0.1910634113
1.555933326
-0.5754373908
-0.06223438489
-0.4942604363
1.139809628
-0.4635916561
0.14920794
0.183217776
-0.3718325377
-0.5020627096
0.01334882556
1.77783823
-0.4416343413
-0.6582782716
-0.5791871697
2.176473045
-0.4053460762
0.9401160464
-0.3630915448
-0.2149696592
-0.4662507221
0.02676750049
-0.1038350657
-0.6445407376
0.1179462411
-0.2127387825
0.7896626592
-0.2556185566
0.02357295975
-0.145310344
-0.6231161088
-0.8269083112
-0.3488745049
-0.02915554086
-0.3706468776
-0.6812906191
-0.3008742802
2.087164086
0.4469050284
-0.4785272062
-0.4997173756
-0.4103060208
-0.3229850046
-0.1428405654
0.2458667815
-0.5431997925
-0.175150905
-0.2801466279
0.2601368164
-0.6678032368
1.110520044
0.3329172531
2.087456799
-0.05184393539
-0.1202180995
0.137131151
0.5619465038
0.6134713963
-0.6217951894
-0.3452146344
-0.3115397181
-0.04929751453
-0.4802519888
-0.901492846
0.6143970586
0.03927832469
-0.3132474259
1.958173823
-0.3225428887
-0.701726681
0.2811559702
0.2557118087
-0.2388893813
0.9833141461
2.167780876
-0.8032665044
1.493998811
-0.2618611734
-0.5239846379
-0.2475949712
-0.4011983484
0.7938157506
0.6199442074
-0.2229578689
-0.1758558318
-0.08778182529
-0.9709810674
-0.9118401647
-0.4648476943
-0.1170864101
-0.2785395175
-0.09073219337
-0.5167496786
1.621040097
-0.5579186291
0.4564739354
-0.1801771156
0.007468319498
-0.3404681057
0.206369298
-0.03140772805
-0.3409309439
0.9413868353
0.1393422388
-0.5510333359
-0.3997005925
-0.1448298916
-0.4581635177
0.2029577183
-0.02360767499
0.4049633108
-0.5940692022
-0.3808642477
3.604402947
-0.4193857133
-0.4747426927
-0.1330832016
0.770437856
0.2791286968
1.430301261
-0.2355991848
1.167954063
-0.7771035463
0.8708256021
-0.3045379639
0.2343638016
0.9535410255
1.208713937
0.2368269147
-0.3044656634
-0.3000873849
0.7063077755
-0.2248353355
0.1800953844
-0.4671165898
0.3939489431
1.145900017
-0.2621002294
-0.1134309709
-0.06844162075
1.769485337
-0.5677613765
-0.2562539771
-0.1459275201
0.5745194174
0.1435925197
-0.3170273945
-0.5036810234
-0.1127623363
-0.2011361569
1.050044701
-0.7189218074
-0.8442077309
-0.1841760326
-0.4786864325
-0.722937879
-0.3898036093
-0.5305177376
-0.5816795468
-0.3887853891
3.326903057
1.367147848
-0.1166526059
-0.2864728294
0.2293280236
0.6560835853
1.185280888
-0.334121684
0.7618851334
-0.1997795314
-0.1873591916
-0.05389841832
-0.4628424898
0.2639502355
-0.6727335423
0.7024929533
-0.2613723315
-0.04686002173
-0.07879032008
1.668399137
-0.3933024719
-0.143800766
2.660816836
-0.5327913299
-0.4631833136
-0.3917403638
0.48881713
0.1064333823
-0.4261814192
-0.2636472255
-0.1042316817
0.1680686414
-0.9520068765
-0.3176704347
-0.510081698
-0.3631414048
-0.6656513169
-0.1518752044
1.854058051
1.800705439
-0.1616382129
-0.05569331087
1.674280852
-0.2539616123
-0.1206308436
-0.2100514352
0.6541320249
-0.1690807864
0.4029528847
1.168046322
0.8260901421
-0.1089027416
3.054873693
0.6594342083
0.229535711
-0.3612497658
0.9664954364
-0.4132803738
-0.6345036775
0.6868780553
-0.5029734835
-0.1008405726
1.180121118
0.7115289018
0.03853222225
-0.4635718763
2.122330922
1.880415362
0.6265568331
1.083393478
-0.3443092585
0.2983958665
0.2887824288
-0.2392685112
0.06066812407
0.1598317669
-0.1410646044
-0.4662446126
-0.2592559502
-0.05305473581
-0.1261696652
0.2583170433
-0.4235641345
1.102161735
-0.1965025902
0.4415427401
2.934068513
0.1791623364
1.197883043
0.07833302282
1.030870505
-0.5872610852
-0.3759455755
3.214854717
0.3592030324
0.3153975353
-0.6068211555
0.6883890145
0.7277643993
1.234479383
-0.6017731696
0.1954544829
0.325237339
-0.5095767215
0.1294547912
0.2959111841
0.1694617708
0.2377683826
0.5778842211
-0.3368385702
1.393025509
-0.2077710986
0.4309027564
-0.2510483146
3.354798383
-0.2073119123
-0.5330329865
0.7332490936
-0.5656457484
-0.007506847754
-0.252606874
1.216776708
1.801191813
-0.0675511892
0.872168988
-0.265793246
-0.06088876072
-0.8069729328
0.2946216032
1.265402931
-0.5722846046
0.6445899904
0.5510168612
-0.07178133577
2.541877896
0.4004999459
0.1931837718
1.798529673
0.460039366
-0.8389704078
-0.1021804602
-0.5283537269
-0.05862896182
1.315994239
-0.6332406908
1.513534147
3.881896293
0.6775335751
-0.5474059746
0.0315388117
-0.03830945641
1.474221158
1.440430492
0.05262222039
0.0660446831
-0.616880013
-0.4242478177
0.8366652757
-0.2961439952
-0.05083348416
0.1616047779
0.3259986394
0.9061864793
0.3973968683
-0.4653236896
-0.6061418369
0.4077431977
0.5180093251
0.08920201343
0.1019893566
-0.3575042717
-0.505081813
-0.7456385165
1.6350936
-0.8226861387
0.284385225
0.2776156159
2.945967734
-0.2480547149
0.08831473049
2.466362494
1.400800115
2.475868618
-0.1691849507
0.00710280668
-0.009206615388
-0.21060456
-0.29996951
-0.0838844602
-0.4875814542
-0.2120939957
-0.2834068339
-0.2245502651
0.5871499673
-0.5533690304
-0.9149237573
-0.04148188704
-0.8917763114
-0.340327093
-0.9754939884
0.3221090869
1.465005514
-0.2632864557
0.1075710688
3.581648874
-0.2414886564
-0.4910332575
-0.4695612967
0.5599656746
-0.002075177105
-0.04387656599
-0.2518140599
-0.006152424403
1.281301987
-0.06940643126
0.755378291
-0.3007023089
-0.3176876716
-0.1601375107
0.07009903491
-0.1502761511
-0.2639739685
0.3281697109
-0.06879741699
-0.3553162977
-0.28713079
1.163831773
-0.5477337018
-0.61122998
0.7071446851
-0.6169635952
0.2075756112
-0.1855314814
0.2091092432
-0.1845274597
0.09563812562
-0.1332303982
-0.04915553406
-0.8021208704
0.2486758188
-0.5975160494
-0.02812518198
-0.1777132202
-0.3358351424
-0.7872295886
1.949908686
0.9004399538
-0.3575170577
0.1600016426
1.162215251
-0.133558242
1.918085009
-0.2513064533
0.3795469865
1.108020544
0.7147502556
0.862820518
-0.4338808522
-0.7417787343
-0.7705517024
0.370640027
1.14980121
0.001686606556
-0.3356918305
-0.4194043189
-0.2332185868
-0.1126381762
-0.3670404157
-0.1337872658
-0.3988728337
-0.6503335565
-0.9515936911
0.8039156519
-0.08558413871
0.2168296978
-0.1683336299
-0.07869199971
-0.2449005045
-0.1006070428
-0.1935603753
-0.1316646516
0.5483007364
-0.2268257771
-0.07920335568
-0.4210511521
0.001847857051
1.18028148
-0.174055155
-0.619598949
-0.7582763433
-0.4640183106
1.025328338
-0.08387055439
-0.7844958633
-0.3294738054
-0.4541275308
0.2644569553
0.1907765728
-0.0110994278
1.241866869
0.5406601513
-0.3210940145
-0.2845946249
-0.1103239486
-0.8084227622
-0.4366179362
-0.0995472163
-0.3716221541
-0.3157548212
0.4600059003
-0.4642496534
1.598395455
-0.2117624814
-0.7617120624
-0.2258189606
-0.1549508132
-0.1971648302
-0.6158857539
-0.227381463
0.3335480837
0.5759269476
0.002721103467
-0.2178578988
-0.884459582
-0.05192094743
0.1722246124
-0.4089642018
-0.07798414994
-0.3135117855
0.02621615096
-0.5133307785
0.1622053303
-0.9501315892
-0.7685929418
-0.901854679
-0.4368505344
-0.004078448843
-0.3093524747
0.4857856246
-0.7240317613
-0.3788697511
0.1246191506
-0.6281070232
0.5597526595
0.08476263713
-0.577245371
1.523390466
-0.4606629625
-0.2743113171
0.2348472315
0.5774974562
-0.08748351629
0.08520037932
-0.5097940058
1.841407788
-0.79368269
-0.02976230858
-0.5929017603
-0.1388440948
-0.5279088572
-0.393810536
0.2262740433
2.776770031
1.027470884
2.494733119
0.4540555317
1.379049939
-0.2887418337
-0.2131443933
0.06599266599
1.087969305
0.3295539182
0.8167840064
-0.007296375977
0.1973699583
0.04972125497
-0.2925369918
1.311152679
-0.5169928938
0.864582862
-0.4720874146
0.21501175
0.5824901942
0.3027572706
-0.4612701595
-0.1109154917
-0.588864018
-0.3477778941
-0.4194213793
-0.1765087183
0.1548216647
-0.02471883912
-0.3917683899
-0.1034137784
-0.4722073644
-0.4910758287
-0.8429371446
2.172119087
-0.6019238099
-0.4421188295
-0.09313464519
-0.1240210371
-0.3447526425
-0.2308037944
-0.31747078
-0.1735828195
-0.5296103269
-0.4384490132
-0.2663274527
-0.03256113688
-0.1520255115
1.779690284
-0.02416571733
-0.1139834743
-0.5687684283
-0.5538697571
0.04284108821
0.9859321535
-0.05581972552
-0.1986682922
-0.4524997309
-0.2913282625
-0.5363708824
-0.2692668244
0.5740621654
-0.1907688461
-0.2781824782
-0.07596744727
0.5519990213
1.442146879
-0.3653922461
0.5010253236
0.08498854451
-0.007765303925
1.740007365
-0.2429923218
0.5697196255
-0.03750100117
0.1647185304
-0.4718240917
0.09123344868
-0.3913581476
-0.1868358182
0.1294437159
0.04762843903
-0.4282594413
-0.7516917765
0.1487725524
-0.292352327
0.06568623763
-0.1614299387
0.1170134533
-0.08060774002
1.340311813
1.053348801
-0.5688158154
0.5247595549
1.377026278
0.02455490031
0.1265958266
0.9171761848
0.502466619
0.2721515518
-0.4939523339
0.5607317001
-0.4761917397
2.632060504
2.556151086
0.2922102716
-0.1084471244
1.384229019
0.9899535611
-0.1929923967
-0.6698705375
-0.8572576135
0.1531628386
0.6289484113
-0.03236136101
0.3501018461
1.74724831
-0.5642026335
-0.3400275007
0.1437152771
0.07202471551
-0.2225076102
-0.1445681231
-0.002353405766
-0.1218915563
-0.5998752549
0.6154391438
-0.2916597374
-0.3912171938
-0.8235718161
-0.01826818865
-0.4793123707
0.388902964
1.039792767
0.0789159995
-0.4396912724
-0.4606313407
-0.4480193555
-0.2336737834
-0.5730837867
-0.2502047114
0.07734835269
-0.0259022681
-0.02243429031
-0.3362598732
-0.2721215025
0.3729238572
-0.908631435
0.325132858
-0.2956434682
-0.5891075209
-0.5282228142
-0.144251072
0.1121480027
0.2432887802
0.7875079542
1.520686936
-0.1580020631
-0.3035972252
-0.4168042511
-0.4913166836
-0.2701884657
-0.4045007765
1.313132399
-0.02242100681
-0.3615079209
0.08798366357
-0.53043392
0.2221239835
-0.3692715488
0.8577867955
0.1725050874
1.063874057
0.3024031211
0.6019735277
-0.2526811399
0.2227103852
1.099955112
0.6786848381
-0.7998729885
0.6838844776
-0.4932923362
-0.2119981252
1.436349523
0.5635058075
-0.3354734764
-0.03205262069
-0.3264590062
-0.07893469259
0.4065591335
-0.3225061476
-0.2052136451
-0.3893107414
-0.01736748004
-0.1795658797
-0.4124265954
0.1158415779
-0.5128020853
-0.2813236907
0.1094198214
-0.2359244682
0.1488705698
-0.1621297479
0.3796916917
0.03394084261
-0.1910793625
-0.1011768006
-0.4663558409
-0.1694202922
0.4983345196
0.05988641279
-0.1557163581
0.2123898434
0.187618832
1.945165765
-0.1079041054
-0.3730512574
0.1313164556
-0.4336069688
-0.5776907757
-0.4728224769
-0.2429522827
0.4563684214
0.3934050966
-0.000416592136
0.3863608428
0.404080599
0.8539689034
0.3821359626
-0.4272542924
2.541560608
-0.5495007321
0.06637598984
-0.5753346592
-0.3027625654
0.2347549802
0.1381626069
-0.3955292553
-0.2933556227
-0.1073221324
-0.0700014336
0.1919993816
-0.1167015702
-0.422847718
-0.2140100285
0.8987822458
0.2768993448
-0.6834177762
-0.5210121259
-0.5490962505
-0.2703508884
-0.3139734663
2.643272495
0.2438632769
-0.3480401576
0.6194374114
-0.2656703785
-0.06335430052
2.276809132
1.000858834
0.2937905099
0.5752082743
0.06321090311
2.075146455
0.7609632447
-0.03297378439
0.2048467452
-0.5039267093
-0.01591772828
-0.5371035963
-0.2271070831
0.2807759255
0.08484058473
0.1214879808
-0.131168575
0.5257611066
0.05489641656
-0.6231396139
-0.821135959
-0.4105773643
1.581480622
-0.05136788208
-0.6448268637
0.4855575085
-0.01200197935
-0.1017406538
-0.3322551906
-0.1297689328
-0.6064266458
-0.6395103008
-0.3017951332
-0.4177626953
-0.5056179792
1.204948816
-0.1954816649
0.0489861215
0.3779398147
0.6466325447
-0.1581805233
0.04428829029
-0.1886897925
-0.06389197856
-0.229298076
-0.445391117
-0.2939255938
-0.3538015947
-0.1277589521
0.4386979392
-0.07256254647
-0.09891066235
-0.3034029394
0.7215948239
1.197332504
-0.448397354
-0.6509685814
-0.1001081303
0.008613647707
-0.5045709655
0.2426680978
0.5459973462
0.223560749
0.3360922996
-0.307948336
-0.0317701777
-0.5038037702
1.615862906
0.07335440889
2.318185705
0.1689664834
0.02291779947
-0.3748511285
-0.340107996
0.1855571026
0.1017186664
-0.5116244912
-0.344952362
-0.2178202746
1.170495525
-0.2121847127
-0.4797558039
0.7540174529
1.067144457
1.427290374
0.2669744741
-0.2391613128
0.3495139062
-0.08747775555
2.050744325
1.113168471
0.6250423513
1.242329094
0.1868851718
0.6458881155
0.1127687491
0.08654737109
0.8570408523
0.878748177
-0.01600307054
-0.2041205246
-0.09859697856
1.349201493
0.4767578557
-0.2016074475
-0.09196518529
0.04269259237
0.1629056139
2.296586925
0.1007794529
1.806722152
-0.3257587634
0.3993110031
-0.01105546728
-0.0248034481
0.2036546791
-0.03071436766
0.04189367923
-0.2616018988
0.453415045
-0.1105429911
-0.03968635956
-0.2331144787
-0.1839154564
1.302854329
-0.01551700663
-0.2870145962
-0.1887386467
-0.4114527218
1.065286726
-0.07286244798
2.028369951
0.2663481005
-0.1471587248
2.321943462
-0.1335023148
-0.151586346
0.09964709207
0.2609294087
0.8401011527
1.112481764
1.304579702
0.9805864036
0.8444314256
1.247622372
-0.2665552862
-0.6762589544
-0.08000591877
-0.06874863519
1.837577182
0.4834470406
0.1718601621
-0.1534223856
1.131935409
0.1443127728
0.2678088002
-0.4450755686
0.1518031464
-0.4634683773
-0.3811668858
1.46696102
-0.1103145357
-0.7335413635
0.2358460246
-1.075807685
-0.4712240323
-0.56971751
-0.6553260371
0.03734794967
-0.5996073261
0.05108374702
-0.6078672245
-0.3736876339
0.00387656251
-0.1772174001
1.125876784
-0.05365763046
-0.1763407946
-0.07045416329
-0.1955204807
0.02641178039
-0.4395860314
0.1792975391
0.0261423327
-0.1330237016
0.7360656276
-0.4881037518
0.6188597835
-0.1205900675
-0.02880401635
-0.04718707982
2.851066196
0.2836796878
-0.1337507594
-0.3235649049
-0.6186224416
-1.065630844
-0.4576608494
0.1249900183
0.1535131871
-0.3559676804
-0.2640671536
-0.474500379
1.38165696
-0.0006377223879
-0.5714904353
1.616948852
-0.2113303408
-0.04864352201
-0.190705296
-0.1220345246
-0.05009407494
-0.166536833
-0.1948956981
-0.4402545854
-0.09331761096
-0.115179855
-0.5853395358
-0.2553362817
0.2673924949
-0.3629717767
0.3099013187
0.08557439242
-0.2627394944
-0.3078248411
-0.686308454
2.253839236
1.07403352
0.5669681542
-0.1218899425
-0.0546826385
-0.4546537712
1.601368362
-0.1328216672
0.250764334
-0.5915038854
-0.2448323086
-0.243110631
1.376017982
0.6303987071
-0.2004253913
0.6876078412
0.7375974312
-0.1012800122
-0.01367700836
0.1628990802
-0.691492337
-0.2869121216
-0.3444835711
-0.4053330407
-0.116469929
-0.7500509351
-0.3479716904
0.02068934292
0.2944817992
-0.3736685336
-0.8459913701
-0.7419022888
-0.2191472646
0.4995047569
-0.3776221395
-0.9844763249
0.06992537314
0.1593023079
-0.1283433255
-0.08791033924
-0.1332505347
-0.3129817851
0.1404501967
0.005157638341
0.0221922351
-0.04944334384
-0.3629084468
1.457744509
-0.1239836022
1.322186857
-0.8113664061
-0.09592953511
-0.1680998823
-0.09439350292
0.7012776472
0.6577281877
-0.7655133516
-0.08378232233
3.394008398
-0.3911484614
0.5749591021
0.4988808013
0.2075485554
-0.3322717216
0.1514554486
0.3429462873
-0.0238114438
-0.292678389
-0.5175558314
-0.2692859627
0.4097669179
1.276291576
-0.166992633
0.6581130788
-0.4330494031
0.2942037277
-0.3342647575
4.095761466
1.083799663
0.7834730312
-0.4043082148
0.03301252085
0.09150491091
-0.4572442152
1.073608246
0.1660086364
-0.3264738601
-0.01344764833
-0.06520087244
-0.1431703689
-0.1374569051
-0.5293857723
0.2688574709
-0.1817389503
0.03397793695
-0.3023894936
-0.1585921687
0.7014385745
-0.6028614059
-0.4487688258
-0.2160330329
-0.3662797637
1.211578342
0.05733397715
-0.4941052467
0.6080584617
0.2376846777
-0.586724107
-0.3331005484
0.09155253274
-0.2182037115
-0.7299624115
-0.9186154515
0.4605471171
-0.02145517929
0.110637768
0.7972603672
-0.5148399979
-0.3277805857
2.008701885
-0.01494482104
-0.6608667031
-0.09881585483
0.3992893862
-0.5747730747
-0.5436463952
0.3024855271
0.7300038233
0.2449725008
-0.2913484134
-0.5688894689
-0.2464543415
-0.3089538321
-0.3061764609
-0.1214295667
-0.5590473488
-0.1535119463
0.04536528145
-0.1258328397
-0.2061792169
0.2567513421
-0.3000909165
2.068507397
-0.2253698319
-0.6380778015
0.06783354264
-0.6613928959
-0.3237940878
-0.3228857942
-0.7198488384
-0.6040803745
-0.2323400691
-0.1262840772
-0.1761672283
0.005226979591
-0.3470363211
-0.1156547395
1.127896604
1.137211281
-0.3282651998
-0.4812401205
-0.2886290811
0.3186101507
-0.1585137352
-0.1896831533
-0.602241309
-0.1738166436
-0.06647927593
-0.1618659997
-0.05905306274
-0.6830629081
1.763016969
-0.02161441483
-0.6102165386
-0.1707524745
-0.06840631757
1.456057885
-0.1346273748
1.030888438
-0.5045070127
-0.8275567263
0.02597527504
-0.3898211196
-0.3387038678
-0.2407272495
-0.7024759501
-0.5119792148
0.6245079562
-0.2148711413
-0.6961086839
-0.3028529955
0.1581643993
-0.2426141232
-0.3823076442
-0.2707654193
-0.4351154625
-0.5480822697
-0.3948760688
0.7069120511
0.7425787546
-0.273350329
1.607783097
0.3281236742
0.1299308081
-0.1924677661
-0.08777037049
-0.4325313732
-0.02092756722
0.5746268511
-0.02629229692
-0.5496021867
-0.2894345
-0.3091817193
-0.2072258798
-0.1330896689
0.8459318519
-0.1725935429
-0.1369315406
-0.5932059467
1.577087149
0.3601591665
-0.3384390153
0.09931950192
0.2851421852
0.04678776655
-0.4029966369
-0.8358761936
-0.3789805025
0.09683184577
2.170191967
-0.4689292043
-0.3603190981
0.07416818514
0.173693912
-0.05723661548
2.54536525
0.5185201734
-0.0725477987
-0.2608806044
-0.370014146
0.109641909
-0.297062131
-0.1542030022
-0.5024452254
-0.001049246918
0.7867923686
-0.002661484294
0.2729629243
2.024952298
4.193888855
-0.2722532637
0.2065029955
-0.22470994
0.1122050062
-0.2818433791
-0.03927915595
2.348694646
-0.08746705987
0.02725339942
-0.3232402235
0.5512179978
-0.1954596847
-0.1331945449
-0.5841238052
0.02298748456
-0.2722965315
-0.214336949
-0.6628744721
-0.1956292951
-0.6216999084
0.2640429218
0.1103996125
-0.3606831208
1.469091889
-0.3594147861
2.297094285
2.112668312
-0.1584600002
-0.3801239952
-0.3000957347
0.9839157209
-0.4315547019
2.475965041
0.2680763881
2.320618707
-0.196295394
-0.0009812517092
-0.2513337821
1.607232988
-0.1134793505
-0.3558308475
-0.1730412219
-0.1325243667
-0.04425629918
0.2220713248
-0.1715664156
-0.02041218695
0.4811081897
0.2415741533
-0.6727495611
-0.0509534521
0.9925666943
-0.0596541876
0.1062812086
-0.3022600554
-0.1994416133
1.999823165
-0.3369811848
-0.4344990045
0.8539623372
3.158630455
0.1562799294
0.4617509197
0.709055981
0.4138915479
-0.1118218927
0.9951145589
0.6463609785
-0.07044751486
0.1736603716
-0.4804474711
0.7169253096
-0.5466804296
0.0978134634
-0.5435035259
-0.3063468836
0.24817688
-0.3369033769
0.06906668041
-0.9462770224
0.1173431966
-0.2712154482
-0.2241865635
2.336135954
0.8318993334
-0.1924081795
0.6316859629
0.2302772686
1.359861931
-0.769041267
-0.06090344847
-0.526968874
0.01149016432
0.07165168775
0.1582709468
-0.7667438358
-0.1400399324
-0.06671693437
-0.4777999759
0.4173219126
0.01875697579
-0.06643658821
-0.007533959486
-0.1076750912
0.582713078
-0.02049735254
-0.005018146476
0.8139823914
-0.3601929575
0.09807898444
2.468501842
0.05309463814
0.3568056449
-0.006128382683
2.088644248
0.1352295571
0.2226898924
0.65938586
-0.424274227
1.100100499
-0.3572370395
-0.3204192162
0.07501899749
0.1461422032
-0.2550877057
-0.01357806828
-0.2267233595
0.2987639247
0.138182801
1.334754819
-0.06582665546
0.5812595055
-0.3069525987
-0.2475866724
-0.05694507011
0.5069972858
0.1151623394
-0.1651796422
1.736557966
1.045365095
-0.3551739879
2.999267322
0.1945631545
-0.1782533418
0.1188389326
0.2555669522
-0.4440716684
-0.1614886809
0.4926988944
0.3690472627
-0.5467543021
0.1515510245
0.3000140194
-0.1509798527
-0.1099157661
0.09964696798
-0.3457123592
-0.3792580135
-0.4404949516
-0.4016466171
-0.06948007606
-0.2544068616
0.7010853678
-0.3705084592
-0.3641504541
-0.1069669908
-0.8828164846
-0.6313950703
0.8945436388
-0.08402291946
-0.6800580442
-0.09692663569
0.05016785515
-0.3776820131
1.249810028
-0.02927999529
-0.5691616848
-0.1325747427
-0.3299411461
0.2614176383
1.487072927
1.080871931
0.3063128877
2.062696522
0.06790887713
0.0516833663
0.7075247271
-0.1714233518
-0.2476298854
0.8436611801
0.4528161012
-0.0997813331
-0.05792408269
2.697719717
-0.4121982142
-0.7202486634
-0.4163006097
-0.3437690161
-0.1160599129
-0.4851232097
1.135714012
0.05642288737
0.02116738916
0.07254240066
-0.390392606
-0.05617464613
-0.5548602045
-0.6458718583
-0.04258476626
1.969445261
0.1092406194
-0.3926420562
-0.4244326159
3.225608718
-0.2212044559
0.00771979345
0.1895352393
-0.5379383653
0.6923803877
-0.3410485238
0.08302789284
-0.341109091
-0.4141931072
0.06487719174
2.473826176
0.03555926019
1.486561882
0.06064093746
0.5599883649
0.3387487061
-0.3471442305
0.1184197821
-0.03777996497
-0.05162162539
-0.1901221292
2.46865409
-0.4649118915
-0.2177449603
-0.1293246884
-0.3399535134
-0.83015576
-0.0292963055
0.2162772804
-0.46344136
-0.1815477751
1.274308166
-0.2961505406
1.101712453
0.2843909815
0.07364461962
-0.1058370862
-0.5410076663
-0.1519824136
0.8825771615
-0.457207498
-0.5704657301
2.733395457
-0.3253316529
3.035255271
-0.2600106306
0.5450787969
-0.6490335763
0.8982962385
-0.05462623313
-0.1773358293
-0.8195546031
-0.3683516778
-0.5349749759
-0.2516849369
0.2295514291
0.1659738812
-0.5430841625
-0.3229710624
0.193379686
-0.2931550749
1.55369966
1.260975552
0.2008749202
-0.120837462
-0.400835447
3.349785554
2.08528164
-0.06461101286
-0.5184032351
-0.3177278116
2.47803148
-0.05229503233
-0.08622602206
0.8658215016
-0.2810704693
0.9740390331
0.1571236371
0.7938885882
-0.1891452789
-0.2414874516
1.017329101
1.138419329
2.163086712
-0.1783292975
-0.3835285351
0.287555447
0.6708287872
0.07893830948
1.515899038
0.6460855454
-0.2460771434
-0.4641996235
0.2409982427
-0.2567173302
-0.1352188976
0.3391683696
-0.202033896
-0.1742568374
2.450757444
2.35937658
0.3097689182
0.8110323668
0.1604561006
0.2042530999
-0.9037982941
-0.3707731828
0.9307680607
-0.04671341795
-0.17187787
0.4584411539
-0.229829137
-0.439112404
0.5394900532
2.416286564
-0.1526451236
0.3435104936
-0.7285806745
0.4028600102
1.97714802
1.102937648
-1.161558175
-0.03564007347
0.4624036834
0.5536635503
0.9414145529
-0.5725747705
-0.08868595175
0.4029186687
1.05281778
0.8753370553
-0.4601485983
-0.1780739285
0.06022652537
-0.4919561878
-0.6493373394
0.6609455239
0.9501748137
0.3916057924
0.03157357187
0.07489394634
-0.03062164988
-0.2411721706
0.2066032089
-0.1267619513
0.8252368331
0.754289189
0.1900633699
0.7399784364
-0.1992763046
-0.2663673252
-0.2061937518
-0.7414009184
0.3151007796
0.7117812049
0.08429625724
0.1577870429
0.4001382666
-0.08176708687
-0.5893866703
-0.0694790598
-0.01412414014
0.860350813
0.00694731758
0.1355560962
-0.1666365489
0.6305278055
-0.600366427
0.2131026462
-0.7663063258
1.409225529
-0.292500753
0.2893207815
0.2603107116
1.203857264
0.2710351254
-0.2826709725
-0.1199933846
0.05881151855
0.08093823511
-0.2766300723
-0.8146151587
-0.05103436187
0.3456838336
2.368097985
0.2371244829
-0.08840824882
-0.5676392078
-0.2398144864
0.4934219778
-0.3397620462
-0.5817682624
-0.6686326757
-0.5795125678
1.332035175
0.2919093503
-0.4625563607
-0.3099985011
0.3488311572
1.698698878
0.7512074411
-0.07402074337
-0.2054744489
-0.2091996323
-0.1771560153
-0.1773216978
-0.1874544911
-0.4413943343
0.8229371279
0.1111891136
-0.1530671893
0.1161366679
-0.6120649606
-0.0131497968
-0.07335574343
-0.701429294
0.8283140488
3.622026658
-0.02479865272
-0.724391076
-0.2275480457
2.157054728
-0.05102094407
-0.6616454437
-0.6580238283
-0.7623661458
-0.2874810055
-0.4600909844
-0.08732268615
-0.3118094802
-0.3270331427
-0.02142932201
-0.5342303067
-0.981107536
0.8321617745
-0.9280384287
-0.2770244882
1.198777637
0.4639697671
0.07408722322
0.715307273
-0.6825667828
0.8422792554
0.5064742447
-0.1779964916
0.6131601401
-0.3090595901
-0.3050857682
0.9302785486
0.3176440977
0.4787490621
0.1703423075
-0.7052408278
-0.4857297257
0.928826043
-0.3739674345
-0.2928993672
-0.1288650731
-0.4599431857
0.3639365114
0.2756722372
0.2919028931
-0.4471124321
-0.04342332464
-0.06253959574
-0.2443152785
-0.2755560748
0.03169964701
0.715570119
1.085380301
-0.3228581727
0.8664263785
-0.2158100713
-0.5699320972
-0.1822395699
-0.4968453214
-0.4504480794
-0.5664167777
1.275093991
1.249575239
0.5300182775
-0.5488320515
0.3942685469
-0.3083592907
-0.9568173766
1.498662353
0.2055770481
0.4755741014
-0.4302796856
1.170413068
-0.2699995629
-0.4119392931
-0.3873372182
-0.7352843374
-0.7159587026
-0.1063271876
0.2267421713
-0.2794171341
0.7300564185
-0.7096573263
0.201127385
0.2462500557
0.2126450527
0.2300395787
-0.2171779033
-0.02269110624
-0.05190186985
0.2973926652
-0.0993820345
-0.3717598952
-0.3699947104
0.3342868384
1.640159413
-0.4521280125
1.582500488
-0.4675420493
0.09396149758
0.4474929201
-0.08105235789
-0.5124353945
0.3232020983
0.2020251421
-0.5786161661
-0.3408011168
-0.05271223467
0.7639992058
-0.1784568014
-0.1995060947
0.3631668766
1.29405145
-0.4231783196
-0.6177635163
-0.4026877806
0.6104171202
0.005263096839
0.4433311597
0.4440234542
-0.5897155955
0.5644055903
-0.5432415396
-0.194672564
-0.4664803028
0.237872461
0.4913038522
-0.5425685421
-0.3693507031
1.953469527
-0.1494505018
-0.353329511
0.2279191168
-0.4256645694
-0.05862398297
-0.5467047572
-0.1816054078
0.8741726309
0.007365555968
-0.3645998709
-1.019907746
-0.3629517473
-0.1230977699
-1.117172399
-0.8696164936
-0.5524512962
0.299391154
0.5766632603
0.5353576094
-0.584051317
0.08180522504
0.08565050075
-0.2843466938
-0.23561869
-0.3188222982
0.002984569967
-0.2436231464
1.240571889
-0.8586398065
-0.6702339411
-0.9775286466
-0.3555776648
0.4358496655
2.812731993
-0.7681823194
-0.5698035941
0.786652714
0.6615648866
-0.5693192601
0.137770829
-0.07610201901
-0.5738507092
0.5100828542
-0.1863367869
-0.144558889
-0.4114569753
-0.7993329495
-0.2168778248
0.1644713806
-0.7221245587
-0.4524397247
0.1001487191
1.430001009
0.1244452788
0.8217415541
1.541292331
-0.3705244184
2.507908499
-0.1843856696
-0.6962890238
-0.303393013
1.085002562
-0.4164700747
-0.4355087444
-0.208370357
0.2051361904
-0.2195573144
0.1400004648
-0.09048540369
0.3782046767
-0.29873849
0.2694741011
-0.131029579
-0.3584197588
1.690660232
-0.354850778
-0.4409178212
0.4057641543
0.02190483483
0.0425421101
0.4746377636
0.006119990721
0.8686589465
-0.4288081139
0.2510629011
0.06595128998
-0.7172973186
-0.5167942524
-0.0847250096
2.113782698
1.661500883
-0.3755440563
1.987974864
-0.404413794
0.7613596581
-0.4548698977
-0.1711091571
1.585995185
0.2977275145
-0.08487030622
0.3434426226
0.4288551241
0.5586939845
-0.4858084887
0.2630016895
0.06999680335
0.07322006607
0.404066132
0.01441769348
1.016894899
0.4816984542
1.041598794
0.07107038666
0.2057949644
-0.4705107823
0.542817423
-0.2060492881
0.5994611658
-0.1816951919
-0.03640675945
0.6795326598
-0.2256743524
1.207281181
0.03416461591
0.004672934394
-0.1090771306
0.6967454553
0.4063972697
-0.3196088754
0.02439461756
0.03410443761
-0.1059319842
0.1440479949
-0.1620580804
0.3913145838
-0.2397626959
-0.2866594207
-0.6263260379
-0.3032430276
0.8047219425
0.2967439752
2.820209813
0.2034693007
2.342654181
0.2133660645
0.01823126897
-0.01040562559
-0.2002470337
-0.1855081698
-0.05890700594
0.08126699007
2.457385576
-0.5091505542
0.6234420188
3.416212821
-0.3421609223
-0.4068077251
1.108589756
0.06972715883
-0.2618174776
0.04066869933
0.09669164354
-0.1920798758
1.314052564
0.002078700066
-0.2156105921
0.1407407215
-0.598047851
-0.293338874
0.448420646
-0.05347332526
0.5069646737
1.596365237
-0.5487396553
-0.1294649012
0.2320466042
0.3807819944
-0.4861598462
-0.3130246624
0.593842078
0.2236329133
0.5939489923
-0.134828962
0.3769257862
0.2908494454
0.0765227926
0.6923785709
1.814589038
-0.1918082114
0.2840597851
-0.7169145852
-0.5624800771
2.95283277
-0.3632525012
-0.2583527599
-0.3601706028
0.2043636184
0.1122065686
0.09092638385
-0.1010189584
0.5090984851
-0.00723073706
1.46639111
0.706790188
2.153952754
0.1922601593
0.02624980062
1.418721691
-0.1668606173
0.2657867964
0.6699649528
0.8049497455
0.08294291794
-0.4198742315
1.277785659
0.1618457108
-0.3959223524
0.5018614382
0.7302894473
0.2267151589
-0.009578049695
0.2526909112
-0.1982332662
0.2075737953
-0.07041693395
-0.4956552073
0.3613241754
0.1510874567
1.501830968
-0.1315159942
-0.1481335167
-0.1337898741
0.6187209263
-0.4650359109
0.1095177371
-0.002521430841
0.8518189475
0.109826686
-0.1437770593
0.6322908416
-0.08548337929
-0.1135035606
0.1827665998
1.058157551
-0.09874720294
1.727341962
-0.06542872712
-0.02576368973
-0.3079939947
1.438610241
-0.1239631377
-0.02939872574
2.819167411
-0.2921091318
-0.566180402
1.237285241
1.481975865
-0.04995701015
0.4798540998
-0.1164620111
0.4120307703
-0.3642503373
0.2025763889
-0.5625446141
-0.05278361868
0.1283541011
-0.2573963881
0.08422762677
-0.2256642349
-0.3864751831
0.1235803942
-0.689519909
1.230169147
1.023913956
0.1760691393
0.596319741
0.02453886047
1.055732268
0.9254176855
-0.4939347222
-0.3076350346
1.178880554
0.3395207776
-0.0325401539
-0.0683946955
0.7221996069
0.6128948268
0.3415068178
0.3524443977
0.7986811101
0.6554974076
0.01307645352
-0.08621348133
1.991785079
-0.3251984686
0.02272500456
-0.3457939819
0.03490076938
-0.6043999016
1.552749443
2.442619753
0.1250615159
-0.2783723835
-0.7708887786
-0.1331286988
-0.4524855882
0.1753684219
-0.6676696226
3.54237361
-0.5020934165
1.755144623
0.08212321317
-0.07062983289
-0.7964624912
0.05146143879
0.5877443165
0.7366703078
0.04462523349
-0.2165599838
-0.4438235238
0.08574983357
0.04663815703
-0.4122429043
-0.4029293448
-0.4182185054
1.131896129
-0.2969259977
-0.2027153444
0.01827174341
-0.4908072948
-0.161940923
-0.7800498247
-0.779321602
-0.5977094367
1.694163364
-0.505953455
-0.09481628202
0.7251933016
-0.6484659463
-0.5038282022
-0.2410331987
-0.6660781205
-0.5407994747
-0.05677970219
0.3428261875
0.3357951667
0.5951869354
1.310474619
-1.198189199
-0.60322631
0.08284303742
-0.2631255537
-0.5298430949
0.4341177245
-0.4332365721
-0.06785337627
0.8696087092
-0.07648518104
-0.3202508166
-0.2645323321
-0.4323130131
2.486198425
-0.1926132645
-0.4036272958
-0.2871723194
-0.1180182251
-0.01330192955
2.009121639
2.119446874
1.229783484
-0.2622859031
0.6089615107
0.5385379561
1.141674556
1.47452217
0.9005071133
-0.1620173089
-0.4078294978
0.1848472338
-0.4711580649
0.2926865917
-0.1512860186
0.2494995099
-0.1746508479
0.4701741485
-0.1550997835
-0.264529838
0.003060839884
0.343226845
0.9501902848
-0.05249652397
-0.4243632726
-0.1828764345
0.8556567013
0.3463530043
-0.3360198006
-0.7278801531
1.142407374
0.3266284693
-0.1869437695
0.7933279648
0.00890247561
-0.2701474622
0.1447214685
-0.360747017
0.1642940769
-0.04927454535
-0.1958189115
0.388208138
-0.008633669745
-0.8735287368
-0.02594465874
0.721397756
-0.2840479694
-0.3247739173
-0.2498830855
-0.2078213681
0.033929672
0.1485330429
0.5832147695
0.2691312961
0.2149496291
-0.3525734827
-0.5823877633
-0.2821564376
0.5974609738
1.715407419
1.801064992
-0.5337573946
-0.3804762855
-0.4465091005
-0.1722470222
-0.1103716101
-0.7644992173
-0.4128395692
-0.2489980318
-0.2290469773
-0.6889780089
0.1545959905
-0.1937334787
-0.4633665673
-0.2103152189
-0.4484243408
0.4147973102
1.554892632
-0.8003323734
-0.2876421228
0.0311295182
-0.2605766408
-0.4432028145
0.2861455277
0.2875533132
0.9891845278
-0.3585742071
-0.3583328158
-0.4983236089
-0.188964602
1.67588501
0.0437649278
0.118158154
-0.5367875859
-0.7804578334
-0.2925704248
-0.3961411729
1.425548768
-0.8166839331
0.07013899107
-0.5126127049
-0.143395476
-0.6034337953
-0.2275611442
-0.8233688146
1.721220303
-0.3955861211
-0.606546849
0.008222617581
0.131968113
0.173797643
-0.8839359224
-0.8227901518
-0.1881322263
0.2799280345
1.041729409
-0.2956099104
-0.12646745
-0.4774671271
-0.5783731133
-0.002347160131
-0.265498957
0.4697983049
-0.361168991
-0.7303747058
0.6915698618
-0.3038648508
1.206210305
-0.5747084975
0.2679060217
-0.3140325624
-0.007446244359
0.1406653877
2.329184514
-0.05285277124
-0.3045149103
1.231028619
-0.004088938795
-1.059107706
-0.4322808124
-0.6321921021
-0.1285226693
-0.69784621
-0.8529587388
0.371936894
-0.7971272677
-0.3651016265
-0.693155852
0.5228874873
2.055939087
-0.578934218
0.1407903785
-0.5203112483
-0.2936309546
-0.4864359841
-0.04726274051
0.7280087408
-0.5428044863
-0.3089359343
-0.627842927
-0.05636843182
1.255656347
1.306343353
-0.5850608036
-0.4607045867
-0.0303885635
2.088176197
0.01880162647
-0.4172581613
-0.3603008494
-0.5085800543
-0.8029409945
-0.2238728212
-0.7685818136
-0.4417262107
0.8810400009
-0.5517123103
-0.03735208241
-0.04762695227
0.9447606415
-0.4377505198
-0.7483378023
1.755378485
0.8897192046
-0.3867360249
0.9775363326
-0.03182132542
-0.2876397856
0.0739258579
-0.4157733962
-0.151960822
-0.5028664306
-0.2390552823
-0.2132271614
-0.1755998954
0.206011484
-0.3656012304
-0.5255858839
-0.09755026139
-0.454184708
-0.2083178762
-0.1568503987
0.837337549
-0.3697017863
0.5374437414
1.043815863
-0.4185142569
1.609240538
-0.6867142618
-0.3600919634
-0.9432444692
-0.4723346204
0.003402413893
-0.1896520887
-0.6577061921
-0.5094671667
0.05608468428
-0.141504886
2.010603446
-0.3364793383
-0.2872201949
0.04179187478
-0.3779213741
-0.9728689641
-0.3343629025
0.52265424
-1.077483776
-0.7561855704
-0.01899741599
-0.7911604524
-0.6575338557
1.089302328
0.2712612213
0.5911789298
-0.4331928685
-0.2779668264
0.1017173994
-0.249698516
0.2295110913
1.236286271
-0.3027957615
-0.3232662462
2.87734766
0.7328759789
-0.267557504
-0.07071283776
1.185135403
0.03545076922
0.4862646416
0.8598867908
1.484409165
-0.1559017982
-0.3557193905
-0.4724591196
-0.2296963762
-0.07870602719
-0.3090964362
-0.825985983
-0.9402784973
-0.3483241804
-0.667610243
-0.7995585829
0.3162672758
-0.2590078484
-0.321026697
-0.6912329078
0.2703071864
-0.3200782994
-0.5350637823
0.6625226319
-0.6571044743
-0.1091416212
-0.4632988349
-0.6071255565
-0.6030296698
-0.1098671682
-0.5859866321
-0.7636629552
0.6887031168
-0.2584787786
-0.1164670721
1.124643639
-0.4994746596
-0.3635713547
1.063528594
0.8280910969
-0.251740906
-0.07653870694
-0.4990476623
-0.3279848874
0.2439954985
-0.4457044736
1.804931355
-0.5699396357
0.4602496767
-0.2762676701
-0.04986548945
-0.1600649744
-0.2945473131
-0.1076900177
-0.3572349608
-0.2208303951
-0.277415584
-0.2379211795
-0.5337026611
2.668783635
0.2000545086
0.2153338777
-0.5030652434
-0.01669638064
-0.02418823056
-0.4222854584
0.06862152852
-0.08263854822
-0.1495884888
-0.5892003089
-0.1481511138
-0.2751785781
-0.4039358795
0.2934568467
-0.1402863696
-0.1617129449
-0.8662256002
-0.03644112553
1.708900255
-0.09496245161
0.2980988121
-0.553872931
-0.3581863925
-0.1510928331
-0.3219991118
-0.4402390413
0.2150034603
-0.4602763981
-0.4655358657
-0.4368934572
0.05896068905
-0.6571013182
-0.3638101444
-0.3634519503
-0.4352757871
-0.004746289924
0.4831093658
-0.3219032146
-0.1965118796
-0.6196924388
-0.206269405
-0.014444267
-0.231087514
-0.4965798795
-0.5599612862
0.152082142
0.003153755143
0.287377096
-0.2954899173
-0.421662274
0.5276827268
-0.2932667337
-0.02439394216
-0.3333014153
-0.5168682262
-0.1928056695
-0.7397769988
1.810863334
0.6314983964
-0.2780575104
0.1831340495
0.1258933861
1.118512979
-0.5218143523
-0.2350029096
-0.6290457219
0.3270520526
0.01884284038
-0.05842088424
0.002340620197
0.2180187157
0.2054958901
0.05385167296
0.1408836352
0.1565075061
0.1509134563
1.207310122
-0.03158338591
-0.5828220457
-0.5249747649
-0.1844192252
-0.8093176961
-0.3326791376
0.7108120492
-0.2974577852
0.4247350302
0.08471558411
-0.04698319035
0.02256480679
-0.4009061933
-0.4543386444
1.805809027
1.553525221
3.209941888
-0.2628675014
0.3706174705
-0.05280484976
0.01446077805
-0.5901425034
-0.2244239766
0.01968808658
-0.4441776797
-0.1645950278
-0.2748731203
1.35822306
-0.2156250395
-0.2126472719
-0.4828141704
2.580460227
0.7664226592
3.043387508
-0.003562196111
-0.1252594181
-0.2054960404
-0.1854995009
-0.6102919325
0.2666622082
-0.451043345
-0.7579529673
-0.239895469
-0.00267657598
3.034774482
-0.7441648126
-0.4495677426
2.203893548
-0.3594663098
2.363995981
-0.2658360511
-0.7710178137
-0.188661157
0.0440190339
0.3591026677
1.866925439
0.1525492443
-0.5109737784
-0.4975766376
-0.6404519007
-0.3679666564
-0.664130339
0.6834233806
-0.1999584109
-0.7259694338
-0.2830623634
0.08557559708
-0.268666327
0.8136255398
0.04192264266
0.2187580597
0.4829834245
0.07537652366
0.2198370996
-0.2977268863
1.240487698
-0.4744959936
0.0156235652
-0.4244328752
0.06047449335
-0.2294432133
0.1580252113
1.80930478
-0.1412862541
-0.4038214803
-0.3392903283
-0.337220408
-0.3097276472
0.2282596182
-0.5401738361
-0.8900208712
2.384875327
-0.1338908624
0.01931044282
-0.06167298174
1.052487683
-0.3135453947
0.1057155227
-1.095356295
-0.6519912854
0.06162189525
-0.8949542701
-0.6222776905
-0.808394888
0.2792800255
1.113837034
-0.7951812476
-0.3431480661
-0.3882527784
-0.2025908209
-0.1877721021
0.4996114341
-0.2976036653
0.006527125835
-0.2953250676
-0.1768280316
-0.6356416821
-0.2456432059
0.7915227085
-0.3056037158
-0.03110365868
0.08396663219
-0.4794911876
-0.3931477532
1.109167811
-0.01855387967
0.03182364837
1.566701287
-0.7703546554
-0.621974504
-0.1833603391
0.3979165111
-0.2494265571
0.477866859
-0.2723631583
0.2998661386
-0.0777480511
0.1940151971
-0.07826590389
0.2664687913
-0.4427311748
0.0796162134
-0.4380271614
-0.08181994595
-0.4142574027
-0.06601348277
-0.3611307994
-0.6497099102
-0.4108409047
1.586093327
0.6742836222
1.733122024
0.230235154
-0.5038289443
0.1981651401
0.05587118156
0.06076472802
0.3016428584
0.4607121944
0.6062182672
0.2354323871
-0.3055879459
-0.3655853048
-0.3848929927
-0.1495580494
0.275132488
-0.1959031975
-0.0007572870702
-0.1551822506
0.007487391774
-0.08574503101
-0.1986943554
0.7644776285
-0.06289932067
-0.1684973907
0.7795253545
-0.2202285152
0.1932388984
-0.07186697158
0.4102689516
-0.7319892585
0.7791334331
-0.2318198651
1.880519032
-0.6444884643
-0.1513271134
-0.01874051131
-0.07547446857
0.2372330548
0.3182130741
1.639965209
0.3371460017
0.5817195579
0.3106817501
-0.1031389564
-0.08369204774
-0.6065795243
-0.07470879871
-0.5787705198
0.2891262481
-0.06280076988
-0.04712130688
0.6275979705
1.059165865
-0.02716016092
1.902397805
1.411337149
-0.2376275241
-0.6853109449
0.4206080794
0.7166263884
0.2567491708
2.117205572
-0.340392331
0.4625829875
0.6493261844
-1.111130777
0.6476745784
1.978388178
4.021027839
-0.0336773064
0.2556348624
-0.1058993235
0.7584712833
1.267118019
0.7026786447
0.03506196588
-0.4008248165
-0.8717903227
-0.3751049487
-0.6694267616
-0.5732600525
-0.05847382643
-0.02595525738
-0.3761629909
0.3531366697
-0.279393379
0.2904839803
0.5131831534
0.0304746598
0.8933544591
0.03641790175
0.9586506844
0.5654701978
-0.8244321704
0.07899050843
-0.4023598552
0.2607540239
0.1546179659
-0.1680005545
0.6969675764
0.9897990614
-0.3812219918
-0.01531882617
0.4456067411
-0.006768430024
-0.2808444053
-0.670397
-0.5374618724
-0.2496726472
-0.1207124673
-0.1362095226
-0.3083994895
-0.9632829577
1.128891087
-0.2455034435
0.1836244348
-0.3417697698
0.05923313582
0.6251677379
-0.1765628764
-0.0244252353
-0.3077157982
-0.2282647088
1.216173986
-0.09055905212
-0.3641250581
0.7565509692
-0.01221023593
-0.1871926274
-0.4230620235
-0.3039244778
0.2770324761
0.7607294589
0.9796380505
0.2287791053
-0.2856557615
-0.3248599514
-0.5432198972
2.067779851
-0.1330786327
-0.303916356
-0.02396128485
-0.5824834436
1.099621379
0.15329208
-0.2936634868
0.2119759259
-0.4732772559
1.329957104
-0.08006142005
0.9723443151
-0.3793285161
1.9726915
2.370271832e-05
1.123833075
0.2361696776
-0.1583714308
0.4213120244
0.9063399136
0.4796008911
1.041256547
-0.2777247727
-0.1234752819
-0.1639222298
-0.2379322825
1.235201004
-0.4367546394
-0.4351706564
-0.0752612656
0.9879803408
-0.293994049
0.1264614752
0.06882648133
-0.147530671
2.224823517
0.686199905
-0.1686229806
2.20004319
0.7833455414
-0.4209112778
-0.3209472254
-0.006419882923
1.438990498
-0.3619914411
-0.3027921773
0.04595194496
-0.4596874759
0.0004425628111
-0.07858308032
-0.3875652514
1.944408768
-0.597859098
-0.121002093
-0.2372360501
-0.08071704581
-0.4583990648
-0.0116866448
-0.005892053898
0.1949646626
-0.6519022375
1.122859737
-0.2091856211
0.117450652
0.2364211075
0.2241659297
0.04139898634
-0.08401146038
-0.2046623006
0.3882337373
0.4190124981
0.6952587329
0.1697555775
-0.07414179035
-0.0684412125
0.6220930651
-0.04201945034
1.554937595
-0.605966635
-0.1339809269
0.09380173674
-0.6039698943
-0.3627914086
0.383065635
-0.617841433
0.1368342126
0.007041737437
-0.155511472
-0.4206611007
-0.1060741192
-0.613192302
0.07260432355
0.2390836162
0.8450631902
0.2627111247
-0.306288103
-0.4723191723
0.0390715919
0.2395962359
0.7057636172
-0.454666166
-0.5039551422
-0.4317590758
-0.3210558735
0.7282394215
0.6844263166
-0.3933631018
0.03773650285
0.6170104299
-0.457159631
0.2427980796
-0.587239176
-0.668797937
-0.7028306305
-0.1594194235
-0.5226461262
1.248656559
1.88631267
0.07107621823
0.2180607969
-0.6017052978
-0.160885996
0.1384830516
0.2487886215
1.734266561
-0.0352321811
-0.04442942701
-0.4728828773
-0.1755308751
-0.3813719243
-0.9238848209
0.4503917392
-0.8338439435
-0.4576620758
-0.6708583549
-0.7011784792
0.8963026658
-0.7440363556
0.3969422182
0.01240902711
0.6876283526
2.75747323
-0.5190123782
2.108604962
0.3812696546
-0.07305452283
0.3543453433
0.04683551807
-0.1685168473
1.75222196
-0.1588628814
-0.5404521182
-0.0179818701
-0.2159623178
0.1859155836
-0.6316834226
0.1432427796
1.044597617
0.6819562986
0.455665246
0.4681182504
0.1884492282
-0.09786790293
0.3106324147
1.910336241
1.085835811
-0.3463607118
0.7251607642
-0.3892467141
-0.4352042034
-0.1655741744
-0.2627237722
0.08350485321
-0.4331607744
-0.007526053442
-0.1319008071
1.779746163
0.691961883
1.210414162
1.218355459
2.90370239
0.10653206
-0.03598026596
0.1105943426
0.1037139568
-0.3423832938
-0.09114356674
0.4461260937
0.2601890761
-0.1301169589
1.691266477
1.609366447
0.533732515
0.5228396121
0.6501735941
-0.07760779019
-0.5670860097
-0.005755673908
0.4724814281
-0.2130943067
0.01211666353
-0.483902666
3.409642684
-0.4823879704
0.4430162758
-0.5893091023
1.091160095
-0.2551048584
-0.5145874605
-0.2152028639
-0.102126646
-0.2071600683
-0.5301562965
-0.387450254
-0.1454277087
-0.1174412327
2.890013188
0.06021943893
-0.07795279473
-0.2646923795
0.1916684039
-0.4341257334
1.244846585
-0.3500838682
0.6253253568
-0.4057413861
-0.2981817264
-0.2885485141
-0.4024685174
0.7345787406
-0.2216072336
-0.3806351058
-0.2479665166
-0.2774697237
0.7887768582
-0.5637937754
-0.1258041142
-0.1672368728
-0.746117416
-0.4230221637
-0.8522876084
-0.2233670838
-0.1483002923
0.1979129525
0.5026788384
-0.04748467449
0.1794439348
1.985935211
0.2306426634
-0.05370329861
0.1682009915
-0.5320365801
-0.59350494
-0.526586245
0.2469527818
-0.1068843607
-0.3140554361
-0.8958198011
0.3396132951
-0.1971900031
-0.5342715919
-0.02586432621
-0.6357607931
-0.4812924564
-0.01620005257
-0.06563598327
0.02029319969
-0.7223134398
-0.1921797249
0.4909211725
0.5780531317
-0.2221434109
-0.6634892613
-0.0540605085
-0.5682876319
-0.1031131919
-0.2131612279
-0.05646764319
-0.7728831619
0.18495721
0.4066350297
0.3941057909
-0.5969154716
0.1050910185
-0.05356733352
0.4910172328
0.5221539166
-0.9577663839
0.2650792133
0.3752604092
-0.406072709
-0.2193164907
-0.0594653694
-0.6356035128
2.650045967
0.4327006757
-0.3354115922
-0.001163074747
0.3533829227
-0.2584378801
-0.7492468387
-0.2176690377
-0.3100724019
0.2088075709
0.0325793732
-0.4313294202
1.607990175
-0.3354750305
0.09703839794
1.587116283
-0.3386115581
0.1695283644
-0.03295562621
-0.4642965749
-0.1106785255
-0.05669344142
-0.3999530956
0.4244602066
-0.1434347318
0.3766972255
0.1446218471
-0.862069124
-0.4904571325
-0.1366041729
-0.1680840164
1.980315328
0.4225245073
-0.3886593297
1.344669634
-0.7596816063
1.4141918
-0.3384411544
-0.5918036863
-0.6903126866
1.237421745
-0.02377295261
-0.2431475759
-0.4417078286
-0.1126775119
-0.5695239902
0.3711937554
-0.1233070321
3.09057703
-0.07878806489
0.630977197
-0.2269173138
-0.007252397947
-0.7117901891
0.2354812534
-0.5317882195
-0.4614396438
-0.2765833668
-0.3778494731
0.3254838727
-0.1972792383
0.01228906792
0.5661880732
0.5425146274
-0.2048612304
1.007204938
-0.3682472989
-0.2352358572
0.5254968405
-0.5301026478
-0.1522395816
-0.1903878238
0.1025634153
-0.3214523949
-0.20845122
3.070064843
0.03874894939
2.779053044
0.4600256508
0.4520723879
1.311209059
-0.1527894745
0.1011153765
-0.1970255911
0.3401935061
-0.3062870733
-0.118479404
-0.2238946155
-0.1903726954
0.1937973593
-0.1303969979
2.213037753
-0.06566117443
-0.1176386036
0.9441246241
1.411883527
0.6104351014
0.100882907
0.102201582
0.1583615947
-0.0655123774
0.05535935964
0.1656833641
0.01586674657
0.3377452288
-0.5188034654
0.545513141
-0.106828985
-0.3772092409
-0.2442102075
-0.7304351151
-0.6193591341
2.194351429
-0.1979030211
0.226337482
-0.08251787871
0.225727934
-0.5412663519
0.4363296986
0.02952481788
-0.4269331336
-0.5424617469
0.2029696362
0.5280511826
0.6867778867
1.790306336
1.047785634
0.4870844956
-0.317120225
2.163212609
0.2880363084
-0.6611390434
0.156115299
0.1755596425
1.979237664
0.05334084691
1.130940416
0.3711124178
-0.4183869585
0.09803955052
0.1195855927
-0.2690698586
-0.1623073202
0.08323356379
0.3859126486
2.084718645
-0.008862663805
2.02677266
1.221924002
-0.2878376827
0.2876728151
-0.5337874785
-0.08800942181
-0.01380709782
-0.3850993007
0.7959879935
0.04440167062
-0.4637368158
-0.7326057762
0.6221349701
-0.1766651435
0.0596978168
0.5020155314
0.02195410132
0.116698562
-0.201914189
-0.3154111348
1.12581529
-0.07882609908
-0.1654905159
-0.07188809356
-0.3402220618
3.079983187
-0.4602306932
0.1586953286
-0.7028055072
-0.482875894
0.6170364358
0.7527460188
0.5329249047
1.901288038
0.731180273
-0.0904089151
-0.4477155417
-0.02227287069
-0.3447744332
-0.2058866102
2.576507139
0.02062486857
0.3888747886
1.706266701
-0.3135971785
0.1585622076
-0.2634116866
0.2906261093
-0.1730818998
0.1664500771
0.00391794499
-0.2513311341
0.8355750233
0.8258765191
-0.2467539079
0.8280749381
0.06790068964
0.1272829236
0.3337974653
0.147729983
-0.4016308188
-0.3557888024
0.2081866745
0.2281973987
0.5053956375
2.312868524
0.2283187067
-0.1773749977
-0.2742443353
-0.1395628463
-0.2890514314
-0.2760621678
0.2089079322
-0.2067692708
0.2306721309
0.6717441797
-0.1397473782
0.5936567828
0.692916479
-0.3947528943
0.04357227311
-0.1146516949
1.143665451
0.6824313931
