-0.2942310564
-0.10409218
-0.108822328
1.010743359
0.2108173035
-0.1091213685
-0.1824978933
-0.4042340882
-0.3604411155
-0.6472241908
-0.5423645809
-0.3918941207
0.2809946992
-0.4023257658
0.1185333692
-0.3291267274
0.05257336013
0.2375178153
0.2204878727
0.4153565649
1.01830501
-0.0600297878
0.2616500886
-0.2119915916
0.4343906015
0.5114478385
-0.05374866929
-0.1676264314
-0.616734983
-0.2454480331
0.1099775746
-0.3673652627
-0.3280019075
-0.1707178967
-0.8903211296
-0.265203261
-0.05595488474
-0.1587752119
-0.06528687645
-0.2330246679
-0.4477452435
-0.2953045763
-0.7045892984
-0.5944379061
-0.7738604024
0.8540988296
0.4222406819
-0.2683750965
0.2273396349
0.2627744365
-0.1418296084
-0.4021951526
0.9488684446
-0.1086761652
-0.2670015842
-0.3818376914
0.2166507995
-0.3718143389
0.2726575524
-0.2404808844
0.03395652473
-0.004535009712
0.5233126875
-0.4330476925
-0.05817719568
0.5633544818
0.1735579535
0.2173964649
-0.03790543433
0.5352634188
-0.2839939408
-0.2042667784
-0.09635729101
0.1301778433
0.1196633222
-0.42550935
0.2317957632
0.1478773069
0.1946632836
0.5564966448
-0.1364959098
-0.1742584355
0.02296296135
0.4853702772
0.2978658086
-0.05579200899
0.7442449342
0.7917288914
0.0827883862
0.1778873583
0.04415797591
-0.1172414241
-0.08806208186
0.3585342268
-0.03257708773
-0.3665074043
0.321959229
-0.1935184039
-0.09325547367
0.003843291104
0.3327903273
0.03723999616
-0.345567897
-0.5551247567
-0.1572110532
-0.04991209111
-0.2831568845
0.01678250413
-0.2382702572
0.9703561038
-0.1387926159
-0.1837651409
0.5487086259
-0.2721901998
0.866980017
0.6144996263
-0.122180488
0.7591981612
-0.373223006
0.1472714726
-0.5792017743
-0.3995200828
-0.1326120816
-0.08810428083
-0.05998801515
0.6476280376
-0.2905653294
0.1927699016
0.04435172211
-0.5567486212
0.2745299354
-0.2152384186
-0.07744661374
-0.2141945913
0.4846336152
-0.08642709143
0.1158004136
0.05564869605
1.692723661
-0.3978357781
0.1982296292
0.6278004188
-0.08259045333
0.08314267695
-0.4167525128
0.1415080972
0.1838536289
-0.02341121789
0.04182846565
0.03200746458
-0.4394214757
-0.3526487969
0.5160051048
-0.4962122366
0.2813898155
0.09099711254
-0.3535329141
1.253717539
0.01379782259
0.03143352401
-0.6338269889
-0.2805828981
0.09782131575
-0.1958665025
-0.4485517204
0.07238075389
0.1776444484
0.08761585765
0.659553799
-0.0776045654
0.1464935839
-0.4153771637
0.4568913281
-0.3303762719
-0.3076033384
-0.4483619086
0.4714223824
0.003653864749
0.3034670431
-0.08871751539
-0.2533918521
0.008562010434
-0.1417021371
-0.1221461017
0.5949191667
-0.158877231
-0.5974467859
0.52099423
-0.2737281047
0.09992060419
-0.2916508935
0.656267447
0.5830899343
-0.1144120273
-0.2819724645
-0.09062213544
-0.2622895271
-0.1005524959
-0.2847637257
-0.112344788
-0.4226689756
-0.1593960822
-0.4081377823
0.008004027791
-0.4177821256
0.2820197921
-0.05709907729
0.3137077171
-0.356054936
-0.2132698715
0.1988274861
-0.1493438153
-0.3999348432
-0.4160838708
-0.3219643097
-0.3598765776
-0.1268422092
-0.0563021522
-0.4084786564
-0.3009558514
0.1750521267
0.2706723522
-0.2300624561
0.1337846342
-0.1708257567
-0.2573738147
-0.4967734225
0.8650149718
-0.1775698731
0.09178178385
0.8581791595
-0.4269631192
0.3712281026
0.12925043
0.2298338098
0.7151264727
0.200917818
0.5038484156
0.1392326612
0.1470118902
0.2572880672
-0.08360284856
-0.2082964346
-0.1972131337
-0.3486942321
0.4027964666
0.187722272
0.2647616514
0.06857551411
-0.2112987686
-0.310979937
1.058713772
-0.3850414086
-0.062089701
-0.09524805937
0.7324345753
0.6856806144
0.2315050617
-0.3858985558
0.6235458165
0.1148574196
1.204260996
0.5183713302
0.1977336343
-0.004833994433
1.620759881
-0.05857151821
-0.3395503193
-0.353783074
0.3044073336
0.2479897611
-0.1052077475
0.707651256
0.8780415893
-0.4220852464
-0.3059907131
0.3200363806
-0.1804199025
0.1413445488
-0.06696082596
-0.4929989293
-0.3737953369
-0.3020442091
-0.03580411263
0.5687093358
0.08193166517
0.5245212682
0.4626902694
-0.2431975361
-0.3105235457
-0.5044428941
0.1598994892
0.3503529049
-0.2568644363
-0.1505162576
0.9299586259
-0.4323813543
-0.09301819727
-0.04981239932
-0.3235416204
0.6621648058
0.1713532723
0.1867303599
-0.2841087606
-0.002951882407
-0.3917539082
-0.2564681202
-0.101990347
-0.03347792327
0.1572128732
0.3336180225
0.05417062417
0.2196963634
-0.3853969432
0.1468208816
-0.4550157256
-0.4424425155
0.06255190505
-0.1355101295
-0.0119841475
0.03792450288
0.2892213605
-0.07495594663
-0.4664675562
-0.2197766732
0.313611567
-0.1628366565
-0.6229397878
0.2389141839
0.1021365169
-0.4095164677
-0.4302565669
-0.2434472539
-0.1011916544
1.818088657
0.2041628674
-0.09073349098
0.3279817168
-0.07085226262
0.02347527528
0.5028065991
-0.390068312
-0.0178075904
-0.1155103342
0.05773748402
0.2251476328
0.04750757676
-0.3098573565
-0.1957264345
0.01232604533
0.5490737289
0.02165934183
-0.5262761176
-0.1074534579
0.01034201756
0.1151337652
-0.4791072704
-0.1610066293
0.2149947971
-0.1073306866
1.34407942
0.7182182018
0.2796529904
0.001670978498
0.2178397585
0.6657031655
0.8493589267
-0.2632598266
-0.08715474736
0.05816473626
0.1571703877
0.3865871869
-0.4396527505
-0.09594817087
-0.1288844852
0.094719542
-0.1091557832
-0.1298127733
0.07035214566
-0.008637420088
0.3224551849
-0.2330558803
0.3752938695
0.2634785213
0.1693680454
0.7610518143
0.04930538149
-0.2934993484
-0.09642723068
-0.0743330962
-0.2567285789
-0.4476518184
-0.5475197464
0.48493587
-0.2791918516
-0.1308939196
0.04289756301
0.3221657934
0.2950618677
-0.6011083305
-0.2286834959
0.0705204457
0.3218324843
-0.4662859693
0.04807250202
0.5965918101
0.2248556968
-0.005805765931
0.1855182909
0.05792203806
0.3914998081
0.8857587252
0.842407918
0.4284495644
0.1209478665
0.2622427754
-0.3456954159
0.3681339063
0.3236549236
0.5237570241
0.9207739025
-0.2548585789
0.3195558858
0.1018273611
0.1944798982
0.5716409996
-0.1879874211
0.1254453642
0.900467544
-0.2622203957
0.4146146201
-0.2409245409
-0.09031046722
-0.5036232784
-0.07513947226
0.1625810299
-0.04327885327
-0.6288764693
0.3211668488
0.1384231608
-0.1970853288
-0.3502530307
0.07142947931
0.959452457
-0.258937851
-0.2489709646
-0.06373323761
-0.004325870611
-0.3352359027
0.2620417934
-0.1818669681
-0.005823328625
0.4507090772
0.361630417
-0.2531787559
0.9615423903
-0.04528898578
0.2585094711
0.02978571467
0.1541277172
0.166531593
0.6367981829
1.46784341
-0.06189253293
0.1347880063
0.9080449
0.3835078683
-0.1070368771
-0.1356547154
0.587598145
-0.1257285368
0.3138685912
0.009750227816
0.7346703205
-0.2904939644
-0.1603673572
0.0009460417088
-0.3292859316
0.2348378694
-0.5023928508
-0.3564711951
0.2529741082
-0.04316075463
-0.1037361629
0.08934487898
0.3983459405
0.4289439969
-0.1897635063
-0.3131951245
-0.3703354254
0.4972689271
-0.3559973944
0.3086877197
0.1674606263
-0.01279739914
-0.08379966896
0.1006885135
-0.1339626335
0.4598831039
0.09957129098
-0.3148668885
-0.195981821
-0.2541216582
0.03387874141
0.01859166212
0.141315111
-0.2746513959
0.005713083688
-0.01967278644
0.104783521
0.3531146716
1.545247151
0.2184323927
1.148801961
1.329321651
0.3360801166
0.4208304185
0.2016280267
0.3338450249
0.01823691875
0.4741297657
-0.1250428969
0.8135158733
0.7322186187
0.8410187289
-0.1355123146
0.3596305825
-0.01216317676
0.01170092854
0.08528973702
-0.1728190973
-0.3383981034
0.3569551464
0.2858411081
0.9026884645
-0.03024522681
0.9687494107
-0.07215357042
0.1596737665
1.294121993
0.06828429727
-0.1750994734
0.02056238875
0.1896185141
-0.4610030517
-0.1230441066
0.1495422401
-0.3008331757
0.2346700776
0.691704423
0.3592026325
-0.006136114057
0.02283895556
0.6519910567
0.03350320021
-0.3208021045
0.5673652209
1.55648213
-0.3453955509
0.5194202013
0.6804173127
-0.2218546495
1.341277012
-0.1158340789
0.04210358113
0.0220384011
0.8216222025
0.5243775964
0.3793831075
0.5834683347
0.7838626541
0.4096613618
0.8115285896
0.5885579817
0.6159330621
0.7901655659
0.966978091
-0.05347385248
0.1208322588
1.067541584
-0.5202738225
-0.4465455025
0.1387904464
-0.01558580287
-0.06088484395
0.3354571357
-0.3604074106
-0.1876558386
0.02513055075
-0.2741232097
-0.1119207082
-0.6390399352
0.3588240569
0.5059324354
-0.3703261852
-0.2409278527
1.117438477
0.1832104491
0.1914254913
0.2036595348
-0.3211550176
-0.3903241575
0.2066198496
-0.402705463
-0.1977917299
0.07422994599
-0.4423394486
-0.1324118793
-0.001800984144
0.1911681615
-0.01855354868
-0.1480820177
-0.1228054035
0.4848600447
0.4750878148
0.2205443341
0.4928407349
0.1695798505
0.1161458418
-0.1153729985
-0.01399192074
0.6411611147
0.1912699413
0.05174521189
0.1237187253
0.6796925854
1.161698979
-0.1303804567
-0.4014102746
0.5060575686
-0.04761427306
0.181832564
0.2208072565
-0.202655172
0.34269538
0.6431764543
0.2119498271
-0.2640623439
-0.1233218685
-0.2240584821
0.08777836114
1.073056072
0.8910552979
0.3464132007
-0.02699301932
-0.03465341497
0.4414630205
0.3594672672
0.1149964324
0.01367529072
0.2359050822
-0.3295754578
0.5632868888
0.4810179099
0.3074012842
0.2043775963
-0.008228410594
-0.2682473648
-0.1495375568
-0.009535331279
-0.262174622
-0.01141019296
1.057508017
-0.04759743819
-0.1679848999
-0.09273058018
-0.3330015657
-0.6091698907
-0.09730229164
0.1735841116
0.1548879234
-0.3420767419
0.1951604106
0.03732818589
-0.5114685968
-0.4975992799
0.1212080298
-0.2588341074
0.3614416622
0.3969396517
-0.4732625201
0.3303210009
-0.2587685883
0.4335957028
0.01012959825
0.2650806302
-0.2064557526
-0.1668630797
-0.2113535255
0.7367464796
0.1921191063
-0.1558881294
-0.2983021878
-0.1695925936
0.5493115004
-0.09961463101
-0.3900654554
0.6353796065
-0.5334436953
-0.132844829
0.4428412497
0.7002417572
0.3380384471
0.5327151291
0.1039930657
0.8380670696
0.0189550194
0.7533057556
0.4069601841
0.2511126656
-0.04185607787
0.5679968491
0.4347570524
0.1505776742
0.9709505901
0.6006055046
0.1836390518
-0.187890153
0.08223518096
0.4574144505
-0.1865274228
1.127192602
0.482681758
0.2032837986
0.6364305735
-0.3660754528
0.04484898727
0.7901838742
0.9270071447
1.498627459
0.3221025132
-0.2507615797
0.3198355446
-0.4071485834
0.146051624
0.4842966788
1.710773802
-0.007367328741
-0.1224490609
0.3892247021
0.3634076085
1.089829481
0.5468634583
0.2611777877
1.061257771
0.04661590233
0.4998848595
2.154332244
0.6876710922
0.4570290498
1.086134836
-0.3839101963
0.2096190872
-0.117039297
-0.04633669225
-0.06061713165
-0.1560754642
0.2551789925
0.7074997082
0.6387553584
0.1812066875
0.1904537478
0.7679333746
0.8756459296
0.04281804636
-0.08172827624
-0.42014402
-0.5119387805
0.001757510006
0.4772941154
0.3946560841
0.493880327
0.3405904646
-0.3079417977
0.715577019
0.2796913426
0.1094659903
-0.002175663784
-0.04965184067
0.07669252511
0.4047529446
0.3007815924
0.00998861948
0.001031845063
0.2234771034
-0.2904100902
-0.1253117558
0.1000640595
-0.03049219567
0.246042187
-0.517109143
0.2268619804
0.6188964561
0.3142781675
0.1791525558
0.4785876237
-0.03521083388
0.1389055779
0.02418530751
1.090588848
-0.07695674747
-0.2078246437
0.06349693332
-0.0529866077
-0.2801632846
0.1986103909
0.6829696581
1.073324725
-0.06241706591
-0.3188516159
0.2276482694
-0.1998850854
0.3581161927
-0.2223073717
0.003802835569
-0.2457066251
0.01484640324
-0.06389224669
-0.02013663249
0.6662614528
0.1294653614
0.5584733769
0.6156119645
0.4703021049
0.9148459904
-0.245883397
0.3631571114
-0.5024467185
-0.0854647263
-0.4665086925
0.5186934702
-0.2227818795
-0.2333436821
0.08686422464
-0.1790500548
0.01840568576
-0.5806485087
-0.3761552557
-0.09116366031
0.3273429403
0.2558596522
-0.1317372916
0.3192510406
0.1358282635
-0.09066010674
0.4608299252
-0.1676421694
-0.432393384
-0.2549629124
-0.2696325012
0.1416158127
0.1848502275
-0.2527572678
-0.3389498405
1.183224936
0.3661639739
-0.1550897423
0.1187377876
0.8185695522
-0.4900124077
0.6699043732
1.133380714
-0.1336811464
0.3797506884
-0.1240826856
0.2579016838
-0.3046581969
-0.3035065174
-0.2230076305
0.04078362342
0.2332312701
0.3584185306
0.4256821437
0.228604659
0.5874624304
0.06412678696
0.8378399938
0.6725062221
0.3498614993
0.09712269716
-0.3239035584
0.5410331279
0.1297585346
-0.3572573043
0.6687908366
0.07019141018
0.5017788461
-0.2700244308
0.2376513634
0.09312641611
0.1312609321
0.108426763
0.1663834851
0.04715869408
0.2661915822
0.1081088244
-0.09715247899
0.1597015906
0.1948684594
0.2864774257
0.3622510463
0.3254460765
0.3626555838
0.1363661841
0.1092285624
1.881328678
-0.5669968024
-0.4989743546
-0.06334817926
-0.07138738167
-0.4177250184
-0.2364658847
-0.5307859264
-0.04782231227
-0.4056278914
0.5107957065
-0.3392245367
-0.1490652625
0.3725339107
-0.1859128406
-0.02311363406
-0.04834740274
0.3424783312
0.003365690447
-0.2421687722
-0.3724739484
0.2751681063
0.02487114761
-0.0805247657
-0.04900124073
-0.3655974336
0.1660595751
-0.07402657196
0.3741955623
0.397831733
-0.09123581313
-0.177196894
-0.3883117259
-0.07615759876
0.07460804172
1.328142093
0.5389274105
0.1579084137
-0.173216977
0.08264248185
0.1217507343
0.6985458964
0.8110788077
0.09233653881
-0.2060534403
-0.08181213299
-0.06367727537
-0.5753233999
-0.4768885255
-0.2081078276
0.1692717178
-0.2144565031
0.5716065899
-0.2751192309
-0.2028300315
-0.2032998849
0.511459928
0.1855942799
-0.08227278348
0.2579954765
0.1297667498
0.3517499231
0.21453213
0.2088359801
0.04074065909
1.268120204
0.2385950059
-0.1236004842
0.2366054783
0.1027973855
-0.392226731
-0.001199408062
-0.2333331797
-0.5284495108
0.2863317668
-0.1147047538
0.2080077793
0.211761231
-0.2150609355
-0.1782430317
0.2569490656
-0.2660779983
-0.208141461
-0.1294120276
0.06970181074
0.4127331913
0.1361921765
0.2573272334
-0.5641721368
-0.03911137646
-0.5030623123
-0.5076030046
-0.08154606149
-0.1107698296
-0.3379779927
-0.5344119057
-0.01920238109
0.7743636698
0.3871061109
0.5664324827
-0.6433457285
-0.08537818342
-0.3363874499
-0.5034773685
0.4687804189
-0.4297628619
-0.3241977081
-0.09399298467
0.1550096758
-0.434631525
0.04649101198
-0.001855034661
-0.2957845222
0.6605573058
-0.4256208822
0.3515119601
-0.2351978211
0.1609988339
0.3873843797
0.02186944783
0.1166982009
0.2066017397
0.3692375865
-0.09091142034
0.2936559908
1.213779956
0.5486302711
0.8786942877
-0.3123806059
-0.01432148395
0.1022661831
0.2738548489
-0.07563918438
0.5960383713
0.2144602691
-0.03461987413
0.5836320765
0.4521483056
0.8055688493
-0.07741272283
-0.2140194308
0.4129969686
0.06250964627
0.08657439649
0.5142702853
0.03533324534
0.2783270567
0.247273789
0.06701663369
-0.03746918729
0.8614027262
0.7025827736
0.6954424277
0.5285192942
-0.267924653
1.044563097
0.4478811339
0.4573770598
0.2687977744
0.1443529278
0.1634836212
-0.1660937998
-0.5374456424
-0.001610613987
-0.3692044698
0.5108683703
-0.03662532102
-0.2968562342
-0.07889402211
0.5483949654
0.8743217895
0.07721604975
-0.1595254067
0.7079928629
-0.05108102877
-0.4599469431
-0.1596932797
0.2366670823
0.1947877262
0.08958976548
-0.3305244662
2.066735488
-0.4200692073
-0.07405153587
-0.4306603432
0.1209268228
0.492987185
-0.3966413083
0.1366537251
-0.1574236874
-0.2139551193
-0.3629904702
-0.360082433
0.6970865786
0.8039081819
-0.3904188581
0.02576654311
-0.07330825441
-0.107006981
-0.248421504
0.191190684
0.9302941054
-0.388693589
0.08434261261
0.1637295143
0.3196923273
0.09580944637
0.2216274545
-0.410441792
0.452294556
1.584391162
-0.1414782984
-0.1794677734
-0.1825361149
0.3115653686
0.2278915823
0.40666981
-0.1139440015
0.09391278196
0.4116937546
0.0951478526
1.755190989
0.3880797829
2.010987529
-0.007483524713
1.004525298
0.03891003467
-0.2946919538
0.3703340333
0.6206033856
0.8425977528
0.2124424055
0.04303435963
2.767592746
0.02355211573
0.6647655884
0.9437873617
-0.2625522058
0.01515625585
0.7816977128
-0.1534678224
-0.07481880588
0.2458969837
1.500778833
0.3889459267
0.2052016357
0.8756511211
0.1280693568
0.0655062817
-0.206795549
0.2714734416
-0.1975967567
-0.1295214627
-0.006251331232
0.3053540803
1.244589441
0.1509483078
0.7560872078
-0.3513878934
-0.3430771865
-0.03183317464
0.9867393672
0.7054116886
-0.345046825
0.5556593508
-0.113329413
0.7476895802
-0.04636140913
0.4933483079
-0.002295404486
0.5438665457
0.1171494463
0.4888418317
0.4348777808
-0.1005143463
-0.1378262326
-0.05310403537
0.2871586535
0.7738877073
-0.12740058
0.2040825555
-0.09832172822
1.115464064
1.186027083
0.8829353601
1.080726448
-0.1983331908
-0.1241970985
0.2666036301
0.1823130161
1.126619035
-0.1245786142
-0.03021855801
0.3204526568
0.4593965784
0.9928402439
0.8063514885
-0.05545285381
0.2117907837
-0.1429226458
0.8566495962
0.05096694101
0.5455808714
0.08839179985
1.137859748
0.1487750754
0.04476290089
0.8352818385
0.03052763287
0.8416437536
0.1957306784
0.6228105284
-0.06057445724
-0.3871342495
0.3490161654
0.9640396059
0.298798034
0.3814308584
-0.1934496284
0.3767825063
0.5194652975
0.8241846278
0.4749676479
0.7149438053
0.9187874973
0.5661872268
0.6699075633
0.489096407
0.2128928434
0.2939761139
0.4384561755
0.8003779575
0.4668119848
0.7973630838
0.9985477954
-0.3049330482
-0.1908949999
0.4969867811
-0.3832167864
-0.1603924645
-0.4051363125
-0.1995305829
-0.05624920353
-0.6698445559
-0.3085946273
-0.2409572624
-0.3266511559
0.005766678974
-0.4347228833
0.1820769973
0.3214526306
-0.07829814143
-0.358202941
-0.5069876447
-0.5565014243
-0.289443361
-0.2601355113
-0.4029609784
-0.1478435173
-0.4961907253
-0.5078677237
-0.5013443023
-0.2689570978
-0.5062647237
-0.2008419048
-0.2700076669
0.2449032761
-0.05718414849
-0.1967624538
0.3499247268
-0.03054193389
-0.6496322289
-0.1406295732
-0.3234530151
-0.0005968660116
-0.1432500402
0.03970456533
0.1547136202
-0.5320269451
-0.5116551369
-0.340173472
-0.0007151450031
0.05108529031
-0.4994458407
-0.1459642317
-0.1054003138
0.1814493343
-0.4998281822
-0.2912797913
-0.07789208693
0.03112874478
-0.2030137632
-0.5477465838
0.002469515987
-0.1241544729
-0.3489239722
-0.3488590561
-0.09556276994
0.0780123204
-0.2900368858
-0.4030231476
0.01108332798
0.2072551541
0.729715506
0.03489783145
-0.005509881303
0.2632861674
-0.03730844948
-0.05766680911
0.4394747864
0.2631454381
0.5816189632
-0.4318030804
0.4935895167
-0.264010895
-0.1129457136
-0.08663289919
-0.5742361292
-0.5481750414
-0.3153706238
-0.347723728
-0.1033522012
-0.3933261856
0.1410939284
0.1379488197
-0.4408531055
-0.2383208755
-0.5101910576
-0.4817097425
-0.3461954787
-0.4745407328
0.0912582241
-0.1554445464
-0.01365522929
0.06675626449
-0.4139850467
-0.3247363344
-0.01957370145
0.02302011773
-0.2906646714
-0.2999751199
0.3923301749
-0.1276419885
-0.6492148325
-0.1020580433
-0.01060789432
0.2490634652
0.149120084
0.2236485668
-0.109055317
-0.2454699484
-0.2421558164
-0.293283426
-0.3063800521
0.02917164024
0.3315776978
-0.1912964661
1.095203629
0.01917528184
0.1323730713
-0.2989900654
-0.3371762048
0.01961179804
-0.2480634931
-0.5278563112
-0.06005832888
-0.2879993051
-0.08700967003
-0.06908666193
-0.4784383822
0.2090354942
-0.3122102264
-0.02629713397
-0.3113764301
-0.2722730294
0.1721495807
-0.3914342329
0.02504827008
0.1957960285
0.1996136061
-0.02851026207
-0.3794565335
-0.2372235168
0.5711705416
0.6690477937
0.2243786251
0.5051891966
0.1978605886
0.01604152918
0.07289152225
-0.1301363476
-0.4351164252
-0.2086572365
-0.6508986652
-0.1499932891
-0.4365422517
-0.3116347216
0.1637269965
0.245172764
0.2082064927
-0.3112094872
0.1667585297
0.2026706249
-0.09404149195
-0.2507198691
-0.2920798913
-0.2218185358
0.6682490028
-0.3344234243
0.1085306652
-0.261277014
-0.4183022134
1.237220285
-0.238743392
-0.03720970126
-0.5527219713
-0.1954605321
0.5448557433
-0.0249066703
0.09710279331
0.1009604029
0.2825149063
0.8936929934
0.06002006019
0.2329782873
-0.2802128296
-0.3397680186
-0.1937851949
0.3547157191
-0.2181740142
0.005176476762
-0.2521153398
-0.0915910244
-0.4654541939
0.06605123151
-0.5452261716
-0.173178347
-0.389804399
0.8935835242
2.969710001
-0.3614895672
0.1023537237
0.3764551733
-0.2340725742
1.305725019
0.06525933417
-0.1907453816
-0.4503365129
0.03666415317
0.07279746514
-0.1159895085
0.3607367657
-0.2766625619
-0.0008118500933
-0.2909791991
-0.5487547755
-0.2588999391
-0.1864186302
-0.1575310264
-0.1194068668
0.2972752297
-0.1088402854
0.2076430909
-0.08960340954
-0.4022028923
0.2199363831
-0.2036116714
-0.0147630915
-0.2374041051
-0.1475021266
-0.463178166
-0.1995757651
0.01421768162
-0.03561279019
-0.1246909941
-0.2691754859
0.6109882686
-0.2974720433
0.1025857757
-0.5747349992
-0.0414215805
-0.3868965201
-0.7522277623
-0.3973281533
-0.3821892411
-0.2299515974
0.1062242817
0.1349018205
-0.7668530524
-0.1391434956
-0.6015593454
-0.2094321791
-0.3237756751
-0.1346764378
-0.4885272235
0.1144437131
-0.1980078794
-0.8648916245
-0.7598702848
-0.4030495755
-0.3981363982
-0.08052329049
-0.1462791828
-0.4909410283
-0.08745940467
-0.3019757023
-0.2219758123
-0.364242579
0.2703446245
0.1771336008
-0.1440073754
0.1404418841
-0.5194186985
0.5496688351
-0.2313634124
-0.2107339434
0.1335413475
-0.209099282
0.0526820479
-0.4135995835
0.8024556685
0.2392676814
-0.1782122627
-0.1225185834
0.2414787833
-0.02709577195
0.3250952777
-0.3615076527
0.4923817664
0.4595151626
-0.2910152778
-0.336825861
0.1504214776
0.1986198444
-0.2432043038
1.047680905
1.145650982
-0.3956655331
1.112222993
-0.2424148459
-0.1944945108
0.2734474817
-0.1739185158
0.1953779276
-0.2210742075
0.4013354479
-0.3221032269
-0.3409987312
-0.0648270987
0.2314028423
-0.3147704467
0.001442172192
0.4126260376
0.2228190027
0.6973923981
0.6652794383
-0.091156465
0.07663504183
0.09804694336
0.6005587593
0.5104859367
0.04394523725
-0.06176862963
-0.7481260926
-0.3083948313
-0.8153148204
-0.09247084744
0.1011466376
-0.2608207986
0.4910724603
-0.3318040684
0.03286261233
0.0331156604
-0.398142615
-0.3964683473
-0.4417358637
-0.3727339111
-0.515739651
-0.1990546897
-0.4799297303
-0.5027420238
-0.4803468399
-0.149261684
-0.4481719255
-0.327469445
-0.827761656
-0.3136687845
-0.03678280171
-0.05676709553
-0.616249907
-0.2716271959
0.7251137167
-0.3431823596
-0.3561491184
-0.5918388575
0.9538377225
0.05058055222
0.3259336929
-0.325053902
-0.6312559605
-0.06331759971
-0.009580384474
-0.3108060658
-0.08345582648
-0.7926599145
-0.3625599623
-0.09361087475
0.03652454908
-0.3872689009
-0.1637257963
-0.4576270923
-0.3748354033
0.02958986387
-0.3585859891
-0.262631363
-0.3820170343
-0.1561046213
-0.001795347128
-0.6246379092
-0.3190546572
-0.06278208084
0.5154477656
-0.4096924305
-0.7820649803
-0.3001118526
-0.04130489826
-0.262147785
-0.1716694072
-0.6218937144
-0.3918651596
-0.6262547553
-0.05328891389
-0.3931045368
0.1338046959
0.1709501255
0.6996762887
-0.08211822747
-0.5035803631
-0.3123070985
-0.01108091697
-0.221940212
-0.005960079096
-0.2266251575
-0.655613941
-0.2530765288
-0.4782489702
-0.4803730562
-0.2062237423
-0.3898687452
-0.09094025707
-0.7427756369
-0.7685173288
0.02171183107
-0.3694308512
-0.4058586925
-0.2740210522
-0.3467918679
0.1654988434
-0.2191541001
-0.2070543358
0.3023595031
-0.1880015135
0.01878088806
0.07421864551
-0.3565020591
0.01237298232
-0.2327974269
-0.1669822261
-0.5243238196
-0.5999136195
-0.1937966499
-0.3366846569
-0.1521673912
0.02759096399
-0.3695489235
-0.3671367772
-0.3752063349
-0.09075033981
0.03309619855
0.05618400555
0.1118358722
-0.5265184641
-0.1958642364
-0.2325992472
0.00612443164
-0.1375282284
0.04112930559
0.5022455849
0.5665408304
-0.5011123121
-0.384154211
-0.322747419
0.2417357139
-0.5187058911
-0.3190425165
-0.09353063544
-0.1841389086
-0.1507124111
-0.3388448872
0.6909511738
0.4640566641
-0.3717045739
-0.03455007374
-0.4746135771
0.1160004741
0.2929686985
0.08286277149
0.1265375115
-0.5110998079
-0.6813750967
0.04746779352
-0.2897733986
0.2898159146
-0.1774373565
0.01846761256
-0.2939237684
-0.4553522617
-0.4796943322
-0.1762130475
-0.1090131924
-0.4068209812
0.243291676
0.02011750396
-0.09539533705
-0.1458278745
-0.2173935574
0.3919593938
0.0040209461
0.3122322444
0.004523256421
-0.4218581915
-0.0446987099
0.2881156996
0.6001105618
0.3755716383
0.8441552117
-0.1594410015
1.467829898
-0.0002511644736
0.8676919952
-0.2118036918
-0.1376735928
0.6284166418
0.699128234
0.3518332891
0.8089136794
0.3211782385
-0.109134162
0.564878488
-0.3494570456
-0.4154701576
0.3086303793
0.5228436681
0.2738002202
0.05406835303
0.1475759281
-0.05430129692
-0.06757226605
-0.1011622173
0.7341713779
-0.07195148245
-0.146119217
-0.2597682476
0.5345623625
-0.1002985399
0.1445388526
-0.1492702469
0.2441818319
0.3530013319
0.1199095465
-0.2505065851
0.6696061105
0.8091093548
0.1553789626
0.3902133521
-0.270889999
-0.4208448157
0.5330105111
-0.08648104221
0.525666564
-0.5175821066
-0.3171681721
-0.2904814154
-0.7326608673
0.3139552385
0.1189882051
-0.2734909359
0.3556481648
0.562021441
-0.3675512332
0.2390372355
-0.3148329541
-0.07071659826
-0.04795999639
-0.1971854678
0.9870371059
-0.09320560005
-0.09546352972
-0.292967318
-0.1206302511
0.3812524412
1.153354093
0.1006685877
-0.08535020538
-0.3365167663
0.2440857442
-0.1661196774
0.1258025017
0.4325813044
-0.08085236419
-0.06628357079
0.290534069
0.6850100428
0.01092602462
-0.5429071352
0.3861026663
-0.1558400687
0.1024167256
-0.1899975255
0.5312461589
-0.6538800672
-0.1910156466
-0.2874661017
0.5652745008
-0.1452226229
-0.06484487448
0.2501747218
-0.09021169543
-0.4465107732
0.7466419861
-0.2205218032
-0.1956322781
-0.13880217
-0.2406000115
-0.3584238395
-0.1263776664
-0.4720043764
0.3177829516
0.2161796272
-0.558177036
-0.4493427902
-0.3159782076
1.04159521
-0.1688179933
1.259450415
0.003455070592
0.4079711753
-0.2145203635
0.0623028595
-0.1880903173
0.7906958707
-0.4038467512
-0.2295108609
0.2594269587
0.2476933666
0.2575587792
0.6139889583
0.3694737757
0.5022455424
0.3748668507
0.02430883134
-0.2502107661
0.4815619554
0.1972390469
-0.2112223706
0.07882012343
0.1071648879
-0.3463814765
-0.3456650559
0.2713470709
-0.2165651483
1.065082725
-0.3655052498
0.1931499522
-0.1084884686
-0.08938231263
0.3617403453
0.0493044734
0.6515941083
-0.02167142443
0.1987922585
-0.09384464547
-0.03061433975
0.3190351065
0.2476282386
0.1700239932
-0.09619546281
0.1843546931
-0.06805435978
-0.04077632437
-0.08898198549
-0.08722155169
-0.23822692
0.293194155
-0.1782883149
-0.08464526925
-0.01588912094
0.2582910934
-0.09472518377
0.2198099574
-0.2703880057
-0.445094578
0.06972029358
0.2508998297
-0.1824837349
-0.1502476266
-0.08025094336
-0.0820693139
-0.2235919284
-0.4556207061
-0.3542139605
-0.1578954861
-0.4631096497
0.1955596837
0.03656421229
-0.149214581
-0.01169083959
-0.4134781241
-0.3412097856
0.005618876778
0.1648652984
-0.1779608116
0.04565972263
-0.2154642357
-0.307573124
-0.2570028972
0.2813889448
-0.7366233289
-0.2233319955
-0.02980406284
0.1290706785
0.2671399294
0.4428174162
-0.2868486293
0.4506620963
0.5546408668
0.245832001
0.02199994321
-0.04924371466
-0.2942800239
1.253155437
0.006710035075
0.5764980791
-0.1192754168
-0.3512685664
0.006500605494
0.5582923114
0.08702074899
-0.1987880036
-0.0321484867
0.5494508382
0.2513197407
-0.154010977
0.4385079824
-0.2904252386
0.2940801615
-0.03476282246
-0.1259734333
-0.3137862854
-0.3789193235
-0.3099531151
0.01261768602
-0.0727430502
-0.1238447035
-0.1926763147
-0.3639294975
-0.01592829707
-0.2963480197
-0.8370127246
-0.5059180185
-0.203773196
-0.3235310793
-0.06014534803
0.1230684154
-0.08801246639
0.6507425817
0.1181087738
1.25286698
0.09226753861
0.5346907892
0.1078942057
0.8709244318
1.505154429
0.7757938817
-0.4109918177
0.05545070283
0.4157546483
1.050881571
0.04227967262
-0.2541651573
-0.1273169629
-0.3252685986
-0.4098197512
-0.1262328314
0.3357877495
-0.17265226
0.1488939513
0.4883068413
-0.3615378864
-0.5150793776
-0.3688847095
-0.4458949998
-0.6255089208
-0.3580415934
-0.2663694017
-0.4984025151
-0.700164254
-0.5070598856
-0.0001787748188
-0.2579791754
0.08102355674
-0.5080425948
-0.4505959779
0.5252880406
-0.216446612
-0.1482262863
0.001571179926
-0.368103566
0.08653442524
-0.1086838972
-0.08647311367
-0.37526889
0.04737918964
0.7098503001
0.8234284867
0.006031807978
-0.005835729092
-0.2774112917
0.01960786553
0.9866968274
0.04979342185
-0.1654221533
0.4374639995
-0.1750784317
0.527317936
-0.2477701262
-0.021637927
0.1955531403
0.5023035832
0.0755216334
0.6368001104
0.2445286173
2.132919684
-0.5359974056
0.8637346566
0.3031097246
0.2443779252
-0.2085201252
0.1772728117
1.310084811
0.1533881843
-0.3074332647
-0.04496634081
0.3471510313
0.5656354569
1.654496527
-0.09482769258
0.02777263448
-0.2900905222
0.5774406061
0.5233900007
1.107231985
-0.3062587839
-0.02116439417
0.2434651274
0.4702675048
0.09009406343
0.3569056429
-0.236079672
0.1314793915
0.08071995424
-0.9321110845
-0.02310264986
-0.3212194592
-0.2095900349
-0.1911378749
0.2358659403
0.3421423664
-0.4825425938
-0.2818010293
0.3005591512
-0.1215723262
0.0626084853
-0.2359596878
1.007828307
-0.2392797302
-0.441710797
0.02548275758
-0.002916336991
-0.4136854205
-0.2110561334
0.2447837105
0.2657659177
0.1413665645
-0.2383464895
0.1257965682
-0.3919570997
-0.1989716947
-0.1165275764
0.2599949468
1.390594341
-0.01766353138
-0.7453980863
-0.135909554
0.1678832399
-0.2474163283
-0.05713457391
0.2609449726
0.06266289819
-0.2462145187
0.468180619
-0.3363092922
0.1615129581
0.7331401028
-0.265032813
-0.1408195697
0.05908188969
-0.1803095989
0.1945784877
0.2239404153
-0.2689885989
1.791480977
0.4354177862
-0.06129322499
0.002969492227
-0.03787874058
-0.1339102754
-0.3598354325
0.26977263
-0.1830392331
0.07708800472
-0.06678588279
-0.3838863462
0.04996234993
-0.1053128486
0.7088516839
0.569836551
0.07032700069
0.03819390815
-0.3879292626
0.1579121593
0.03045448195
-0.2126733704
-0.02160483068
0.2531253841
0.06521837749
0.4209832013
0.3571456878
0.6842759803
0.4441329561
0.3838562474
-0.4154037885
0.5577347308
0.0302229696
-0.13411192
-0.221792616
0.1701464187
0.72969089
-0.5731944695
-0.6455062762
-0.4963689923
0.251347436
-0.2189258076
-0.4833927825
0.1176021196
-0.3792389624
-0.323498743
0.6379007326
-0.3343229339
-0.5070322379
-0.02939905389
-0.1374635689
-0.4358175203
0.4113726605
0.5991684366
-0.2231725801
-0.1655766632
-0.1815876719
-0.3354164876
0.326256806
-0.04975387631
-0.2929521136
-0.4452124111
0.2638199773
-0.4463185012
-0.3114679806
-0.1797526073
0.2022275409
0.464057431
0.2388948629
-0.06288912874
-0.4705230929
0.02621761393
0.3679083798
-0.2991177525
0.04179625558
0.0674253406
-0.3985751152
0.004336165078
-0.1679469466
0.3086965743
-0.5007350668
0.6090983048
-0.5537304103
0.5989206287
-0.3348023176
0.4275955025
-0.2347219766
0.1008410733
-0.2649125613
0.3511243008
-0.4803013548
-0.261011086
-0.2546403915
0.7295988142
-0.1180725871
-0.300016249
0.1647049773
-0.0982468348
0.3115585135
0.8959294613
0.1109122239
0.03616443481
0.1018357247
-0.2750215366
-0.1958568398
0.2924395464
-0.1513906054
0.373628021
0.6481256723
-0.4109342471
-0.430095847
-0.138266195
-0.2031375796
-0.3792822264
-0.3990514085
-0.1460045312
0.217118438
1.141573532
-0.4218571141
0.09357616045
-0.1546718093
0.2357558621
-0.1210975278
-0.1750930669
-0.06584484167
0.07358491421
-0.4660147741
-0.4059291959
0.2814623661
-0.6176897049
0.4888180606
-0.4475761488
-0.3287290744
-0.330025097
-0.4972171158
-0.1433590189
-0.4710532725
-0.2407775324
-0.0008705679327
-0.1562683497
-0.5138838619
-0.2808018751
-0.1050634262
-0.4028795138
0.3755238123
-0.2819666978
0.5750993451
-0.2630136613
0.1143126728
-0.3626345843
0.4629782316
0.451465928
-0.0480067838
0.353334092
-0.5748089641
0.1078008682
-0.2290806323
-0.2435012825
-0.2826181546
-0.2032518879
0.1026278734
0.2249643022
-0.544262436
-0.278795746
-0.3648540467
-0.2149970191
-0.2252797335
-0.2101906744
-0.2560364932
-0.3644337814
-0.1886432547
-0.1813493932
-0.1294823101
0.2904854741
-0.3715764701
-0.3082722694
-0.07969749831
-0.4943676926
-0.4332594477
-0.2726470828
0.1498499168
-0.05374439694
-0.3763538919
0.2123797916
-0.31827235
0.05469473861
0.03030407391
-0.4933704704
-0.5219730973
-0.4208357081
-0.05926243961
-0.2344001415
-0.1573722813
-0.03924377649
0.02358692735
-0.1677204842
-0.5124112561
0.70270169
0.001855019666
0.1805238787
-0.1139102227
-0.2908863872
-0.501609914
-0.6938693449
-0.2825849447
-0.1298336294
-0.4164185876
-0.04342262773
-0.3168357819
-0.3721869417
-0.04161806181
0.1557030644
-0.616356574
-0.2807264529
-0.2502471901
-0.06611366263
-0.08654267304
-0.2521604896
0.2286123825
-0.2707054816
-0.4154438421
0.1823577289
-0.6305916965
-0.3670981571
-0.3113028098
0.1616885034
-0.08121329099
0.2960105687
-0.5445253924
-0.003735333309
-0.3253106698
0.07421923801
0.4975040169
-0.1240358401
-0.2487745548
-0.1196674854
0.4903185241
-0.4459189549
-0.2214869767
-0.1295788702
-0.4029329836
-0.2764535019
-0.7621801659
-0.1512105472
1.974302013
0.05115412921
-0.5763101012
0.1343196207
-0.1901864655
-0.01431265697
0.06573358849
-0.2562993933
0.1190712369
0.1467925385
0.6201811366
0.2552303273
0.3774106406
-0.09763530241
-0.164725383
0.2123273537
0.7062477623
-0.4687212981
0.7213324845
-0.1106574068
0.4755506054
0.04167476818
-0.02460969659
-0.1674931221
-0.2784283355
-0.04354556249
0.6062502438
0.5615388695
0.03742681523
-0.07990397885
-0.449369508
0.08852606602
0.142440286
1.004703691
1.457186288
-0.04583256021
0.4670631589
-0.06802965533
-0.6176789984
0.3115092248
-0.2484338541
0.505899772
0.7349499442
0.08562645419
-0.1285343211
1.36390157
0.09590527005
0.2110359654
0.1536744779
-0.1078313371
-0.1972258924
-0.06665136889
0.2600613192
0.05462698881
0.3084955936
0.215287656
-0.1160621413
0.6021145176
-0.04587288499
0.2792438852
0.5939939126
1.518675941
0.7538685817
0.9516088128
-0.1781734888
-0.4965861514
0.751024729
0.4202355642
0.2074746625
0.3402532056
-0.1519075714
2.102045968
0.4793404385
0.2026007844
-0.1765309531
-0.1877125148
-0.1803796152
0.2982332924
0.063375952
-0.1132882714
-0.2664916042
-0.6304341793
0.06664417461
-0.2211460989
-0.3859006226
0.5867289022
-0.3579375435
0.5178265739
-0.2438019831
0.1444663582
0.01184727666
-0.1839060098
-0.3453945115
0.001872885413
-0.2045400031
0.04529313827
0.4852055795
0.2379191244
1.121987605
1.11330907
-0.564756535
0.1056986216
1.09739292
0.1610614659
-0.5134746686
-0.0894411305
0.3971940284
-0.1349550445
0.2704707028
-0.1964881569
-0.2279458027
-0.4410598725
0.3962109054
0.889078638
-0.01547512999
-0.06341922842
0.8160788499
0.08607140738
0.04438911267
-0.2771353789
-0.232950002
-0.3082389474
-0.1279155537
-0.02815049086
-0.06435388215
0.1988643672
-0.5339131363
0.4685963549
0.4884869419
0.316169426
-0.3771955633
0.1190558909
0.4612722963
1.637182016
0.6053405728
-0.06122656576
0.3629808076
0.3795230603
-0.4763249725
-0.2994253322
0.06894644145
1.124438645
0.09217679482
-0.2071942182
-0.0059479143
0.3071835408
0.009851835668
0.6125762399
-0.1779517053
-0.03291105693
-0.4940013163
0.9642173827
0.2601334575
0.571249254
-0.01597623676
0.8724522695
-0.1151870269
1.066655156
0.4217441075
0.6749537483
0.02171498723
0.09936278313
0.1004164664
0.2209428608
0.07700159028
-0.3604943626
0.4354151297
2.183615899
0.3530215856
0.3409488905
0.3580092061
0.3796378717
-0.08308407241
0.6287618726
-0.1510476576
0.6210040044
-0.08813739093
-0.1915181343
0.7160172567
-0.0716569786
-0.1587789379
-0.005899640732
0.5292716081
-0.4605041355
0.1451448755
-0.4956546985
-0.111454572
-0.1835378459
-0.2557321645
-0.1247035658
-0.3695949212
-0.1060951542
-0.4830849588
-0.4120954514
-0.6217520535
-0.2327354174
0.1942987327
-0.3349515587
-0.2447124265
-0.25399727
0.6145121577
-0.2404181466
-0.006215681694
0.470715097
0.1222662624
0.06914943876
0.1205692044
-0.2868405562
-0.3794312797
-0.2912214797
0.2433370031
-0.28932963
-0.1345656643
-0.1129160583
0.4320484534
-0.4910973772
-0.01110772211
0.197798837
-0.111013992
-0.04513176754
0.1022897601
-0.6554741576
-0.2416857187
-0.2839878887
-0.3321256258
-0.3304284066
1.572600324
-0.1309100814
-0.3847833671
0.2819491573
-0.3590968236
-0.5600306839
-0.2095570192
-0.1287412398
-0.413544631
-0.1421247277
-0.2385666735
-0.05320788175
-0.3019024536
-0.4709697872
-0.5258793913
-0.6383483537
-0.1932646468
-0.6928135127
0.5269844374
0.2404482208
-0.2612039044
-0.5744677998
-0.1355707873
0.243700631
-0.3122308459
0.4760374205
-0.4415713161
-0.3464760639
-0.4789606467
0.918769601
-0.07756046159
0.005894022994
-0.3172643736
-0.1378796307
-0.3558816589
-0.42256824
-0.3467046749
-0.5394969165
-0.3814066708
0.2118145729
-0.5961882845
-0.06323085083
-0.09143960755
-0.1686840631
0.1174630967
0.04884090126
-0.2437057246
-0.3939422876
-0.6015843004
-0.3248349279
-0.3376596756
-0.2246459804
-0.6205311224
-0.1632619523
-0.2768732421
0.03781007598
-0.5335631445
-0.2437198102
1.310849032
-0.532060352
-0.239317021
-0.7240375847
-0.5806611553
0.2639177192
-0.2444588706
-0.284895733
-0.3538191412
0.2637846144
-0.421331279
0.7933894396
-0.47157261
0.831215883
0.5093312658
-0.4190892398
-0.3800289012
-0.1575188437
0.2363865925
-0.3388822041
-0.3543845005
0.2679361343
-0.5125450872
0.1475801907
-0.143650236
-0.3642627403
-0.3260680676
-0.2095675714
-0.03879722599
0.08123212829
-0.3304703996
0.2763005747
-0.02460969742
-0.2067187116
0.4201193016
-0.2772117674
-0.2971357614
-0.3811054319
2.446222184
-0.05646178592
0.225338742
-0.3460053034
-0.2122379564
-0.2131701902
-0.2208723345
0.3201715633
0.5592783466
-0.0938345185
0.02865881845
-0.3755846575
0.09203549481
-0.5450233564
-0.2494461268
-0.3925823957
-0.6561696574
-0.03150460999
-0.4539452702
-0.772113204
0.3395336635
-0.2130205927
-0.0266754562
0.250280115
-0.05169910798
0.09536777921
-0.4303945169
-0.2922609963
-0.5391025871
0.5394102249
-0.4026439525
-0.2100753792
-0.2201320511
-0.537568102
0.1304247028
0.0211074478
-0.6800832734
0.1101478824
0.8729508042
-0.2247128427
-0.4083815321
-0.5038544297
-0.2915177627
-0.1739761565
-0.0407026818
0.09829509817
-0.2913481556
-0.5334186688
0.5712574955
-0.4399792418
-0.3809178308
0.02220526543
-0.1004131526
-0.1309572706
-0.1779812139
-0.3317067757
-0.3877519805
-0.132469089
-0.07836570535
0.3948428854
0.7537898533
-0.3984246776
-0.3959241211
-0.6331941247
-0.6460391134
-0.1022482997
-0.3538060084
-0.002876445279
-0.2239795748
-0.6391219437
-0.6779660538
-0.5812993973
0.4538369775
-0.225862696
-0.7392263725
-0.2926432088
0.1846250415
-0.4284812629
-0.1176317131
-0.09265402649
-0.2620819837
-0.1266311497
0.06760721486
-0.2011937782
0.06300251782
0.1074583828
0.1244682556
-0.1774392374
-0.1864199582
-0.1295511978
-0.3821327753
-0.283671964
0.2459159272
-0.06116648363
0.1172698646
0.1710181022
-0.4816288166
-0.2872318335
-0.9188459709
-0.5115922242
-0.552577056
-0.3041825891
-0.4722473077
-0.5400592268
-0.04311330561
-0.2361434627
-0.1779526312
0.1408896524
-0.1253534205
-0.02711108066
-0.007978380844
-0.05972938207
0.04971226901
-0.5024071395
0.3651051261
0.1024894504
0.2575549208
-0.1400625441
-0.2995890762
-0.1774965119
0.5318923991
0.2427764069
-0.392881497
-0.5129081905
0.03486641161
-0.3389554933
0.3932000842
-0.563303566
-0.2420024952
-0.5383264646
0.2868667253
-0.4399444267
-0.2335662162
0.2641076494
-0.4459902525
-0.513860853
-0.3605912186
-0.6342996925
1.874139944
-0.4514926545
-0.05893758507
-0.04356582779
-0.3487316079
-0.3585552126
0.06292069312
-0.2728080861
-0.2854844708
-0.1059408076
0.9074629605
0.4216097016
0.07030836716
0.2717393026
0.8706309438
-0.2301511608
-0.1947223254
-0.2998639338
-0.04516901383
0.03118563173
0.05510995788
0.03944976637
0.3338648614
0.3346375648
0.699902866
-0.2709501248
-0.2510318018
-0.19690396
-0.1830185141
-0.2039985472
-0.2820257872
-0.1767055156
-0.4670733817
-0.6417772859
-0.1596221082
-0.5328172952
0.1212411124
-0.3941846631
-0.2256919228
0.1629591212
-0.5380844623
-0.480965279
-0.2597277917
0.3766039722
-0.3203654103
-0.4648295268
-0.4633996047
-0.2605568368
-0.1915237498
-0.1607628742
-0.428846734
-0.6012071535
0.3222249961
-0.04196018074
-0.1222145155
-0.3445621477
-0.498493465
-0.2188979294
0.6001638761
-0.3234172106
-0.08219139539
-0.4211002603
0.2396484189
0.02162883077
0.1370984074
-0.7565756947
0.2722809015
0.08243551403
-0.06658764668
-0.1401265947
-0.6928473189
-0.279103823
-0.217654787
-0.2905124132
-0.3840051189
-0.8187773317
-0.7289610162
-0.5237657458
-0.4985636443
-0.3239794858
0.1886936495
0.2962357378
-0.01271630488
-0.322187148
-0.02020354662
0.324750744
-0.02693243474
-0.6029598117
0.0164295882
-0.09201306459
0.1542982258
0.02089777663
-0.4138116561
0.4596787522
0.2424548417
0.3883321758
-0.4514383085
-0.5556887999
-0.3430780932
-0.7585470945
-0.2455221349
-0.2019797307
-0.3913256973
0.6174960382
0.1162599199
-0.4295097396
-0.1469896711
-0.5064125091
-0.7021512941
-0.595259589
-0.3771556571
-0.03266805746
-0.2006048668
-0.2742892999
-0.08739950946
-0.03845692221
-0.09285544185
-0.3174874503
0.1548165202
-0.199687363
-0.1938135734
-0.3570673168
-0.3483121164
-0.3179593701
-0.51688511
1.059307957
-0.2360591792
-0.2527304329
-0.02625686601
0.02011282984
0.5999005888
0.03573800512
0.3353909913
-0.3323713422
0.2770691887
-0.4495813623
-0.3270338625
-0.0856336222
0.03104198799
0.4012399949
-0.3370708771
-0.1411375963
-0.1263204865
-0.413377592
-0.2862436948
3.478946164e-05
-0.5393926129
0.4544231229
-0.1217310101
-0.3422139034
-0.3163740329
-0.2332918733
-0.5112376034
0.02816252522
-0.5200710982
-0.3452986121
-0.09413814545
0.2821466232
-0.06381756738
0.06670786813
0.1925086383
-0.1609470587
-0.2594537996
-0.2989417687
-0.3797581241
-0.5153911069
1.037395251
0.4766221099
-0.312252143
-0.3796144575
0.01957236156
0.05234964583
-0.2605394159
-0.08075280995
-0.3467779949
-0.2110648239
-0.4540885493
0.1073943999
-0.3089613937
1.122962305
-0.5862576291
-0.4699679717
-0.06447715741
-0.2841095552
-0.1228658007
-0.0824941583
-0.7892659247
0.264971641
-0.322051771
0.05421757204
0.1452178515
0.7150812
-0.1115787245
0.1603002932
-0.34516716
-0.3740213394
-0.7195567682
0.6399191024
-0.1467048045
0.5914093368
-0.380325979
-0.2499519851
0.1808904275
-0.1332624743
-0.2260595176
0.007361027226
-0.5379704088
-0.1299008606
-0.3600485891
0.5750602372
0.03906407263
0.5840221735
-0.04228216577
-0.008351387642
-0.09051336274
-0.201896752
-0.2769786716
-0.08349116147
-0.2460336423
0.2840591673
-0.3336403675
-0.3057708897
0.4869005498
0.3457789496
-0.3626146823
0.6688213168
0.462811906
0.2729791872
0.363771781
0.334775442
0.001592258736
-0.07472632863
-0.6214812651
-0.5102135032
-0.5523206949
-0.1446529049
0.3300474086
-0.06670221351
0.2018361929
-0.1258798771
0.1628872557
0.8291904561
-0.4754702054
-0.506714344
-0.2169522624
-0.120851404
-0.2432774989
0.5064014204
0.3439788029
-0.04564818116
-0.1872435
0.06647910923
-0.3790782399
0.2186008293
0.2054983662
-0.194724486
0.1260561046
-0.3945021078
-0.232498445
0.486217251
1.10644834
-0.02178789964
-0.1593650451
-0.1440014739
1.123998083
-0.1386819238
0.4683473364
-0.1854650605
-0.0201985009
0.1379104981
-0.4525996171
0.02401757389
-0.3779812723
-0.03147631418
-0.05238330308
1.352499335
0.2198737409
-0.2222724847
0.2492091531
-0.1229141857
0.1034473212
0.08524526171
-0.527876848
-0.1266327988
0.1111646697
-0.2529122844
-0.3453850158
-0.4109205723
0.9906831831
0.2457253203
0.866067934
-0.07306324001
0.08820406683
-0.06461265888
-0.5772574261
-0.6288923144
0.8673569605
-0.4508066513
0.05903139655
0.2584303599
0.4229348529
0.1218677697
0.2533598782
-0.1250602557
0.4922939856
0.173496083
-0.3190273881
-0.2642973341
0.4326597245
-0.2545038886
-0.3294549391
0.2540653363
0.5747315962
0.4660395589
-0.4679521278
-0.04133646889
0.7832247078
-0.2727491729
-0.1175756571
-0.1812850736
-0.223348099
-0.1125087759
-0.2376481082
0.1338445283
0.2232433399
0.1255997939
-0.2768372763
0.3707604617
-0.2045286447
0.1852645349
-0.2222145155
-0.2690316744
-0.2625125699
0.4176925735
-0.3568298861
-0.1544262372
-0.1912442975
-0.2539436463
-0.117038068
0.03627103306
-0.3112364475
0.2282953091
-0.3441474587
0.3766038019
-0.3637527555
-0.2147048194
-0.1900245871
1.223860192
-0.3632979557
0.6967690691
0.6543362493
0.006142651848
-0.07599383099
1.337326905
-0.06108023115
-0.1368046222
1.179670572
0.08385634944
0.1108694546
0.1731494957
-0.1787322011
0.1191821246
-0.2654870845
0.4875371931
-0.07348821368
0.02011470143
-0.2975642361
0.07083097622
0.1741796423
-0.3172453068
0.04219881594
0.62249479
-0.1446088709
0.05864452645
-0.3692667387
-0.3743289098
-0.07969923802
0.002871634439
-0.3889166728
-0.1499313463
0.1398149285
0.3307722919
1.057173292
0.013228097
0.4193618275
0.165082703
0.6246701788
0.4030695718
0.3228425328
0.1402954008
-0.04139809902
0.1584519017
0.02848298959
0.668448998
-0.1017661539
0.07574591711
0.4386806887
0.9542796485
0.7272408709
0.1557637069
0.2756769707
0.001994905993
0.4840944199
0.6762226135
0.8769445147
-0.1217047542
0.87406758
-0.4459563166
0.01778191468
0.5860007584
-0.1121961808
-0.2438557968
-0.1377232587
0.7432336792
1.201298407
0.557485605
0.1566912923
0.0198433686
-0.3024876069
0.1808635365
0.5891077101
-0.2674129499
0.2134006939
0.8937493637
0.2238712139
-0.2439916559
0.1333489624
-0.03669413878
0.5370929755
-0.1934122637
0.2353903878
-0.2103264244
-0.005944012478
0.6113941476
1.041248457
0.02121360973
0.04600191899
-0.0125268064
0.2745150249
0.3279478252
-0.00499136867
0.346520089
-0.003583974834
-0.5604443416
-0.3924825706
-0.03782621492
-0.2944571998
0.3245449211
-0.04341209624
0.2574837908
0.1286021642
-0.08082047515
-0.08829978555
-0.2199989535
0.01113456562
-0.2300009393
-0.3171249729
-0.1195684806
-0.5737901121
-0.4007204488
0.2190168474
-0.3502346255
0.4331345541
0.9487238482
1.132411664
0.4384146225
-0.317943076
-0.3107413795
0.07232356817
-0.2468520179
-0.2534941941
0.4092171402
-0.06941279862
-0.3272743627
0.1682223981
-0.2518549614
0.06655674344
0.07711624727
-0.2758156922
0.7164911151
0.4885650765
0.2683462628
-0.08650936307
0.2527830057
0.3043721844
0.07108918102
0.02498464286
0.1606503983
1.407948387
-0.1603680592
0.2760008078
0.1746724804
0.9049721569
0.2489574879
-0.1143732893
-0.266788527
0.01658590771
-0.4342918649
-0.05091731027
0.415806599
0.392710565
0.721646297
0.4736597754
-0.3096472386
0.2333000672
-0.01293591149
0.03186289342
0.351658739
0.4819580384
0.2968575431
-0.3134995732
-0.1047511697
0.2858502939
0.4682336785
-0.1001652058
0.4870043673
0.01393008381
-0.4232019514
-0.2011952218
-0.06374552306
-0.05207223538
-0.1351853164
-0.6568221539
0.07314177742
-0.2415517382
0.5312364988
0.2874420248
0.05799708683
0.5967532121
0.2195413018
0.6828975268
0.3151496971
-0.4123571701
0.1659974366
0.5639500268
1.27116871
-0.2593746066
1.384465194
-0.001116959751
-0.2913702965
-0.4063790381
-0.5448960364
0.4794191062
-0.4516055018
0.6000372522
0.2162964039
-0.3819938799
0.6520215794
0.4185369916
0.421032712
0.4151445123
-0.3149545643
0.8990895718
0.2555689633
0.613315706
0.08474762812
-0.1114169406
1.325430524
-0.1420249633
-0.1408662003
-0.3435577899
-0.05703309625
0.113032701
-0.1605038473
0.252052165
0.1744817847
0.04647730812
-0.3321094126
0.5176401101
0.2918367352
0.6474588372
-0.2607082717
0.4205525152
0.2903265655
0.06509259213
-0.40456535
0.3136793151
0.4754412889
-0.007023270102
0.6431312203
0.08952210955
0.1573024796
0.171974002
0.303740057
-0.1449649967
0.2063577726
0.06742787724
-0.0190368522
-0.2661764719
0.2069534388
0.6744275197
0.4612205373
1.26767849
0.06578609645
0.07459459025
-0.009377523884
0.3030336902
0.9059427202
0.09744435996
0.09885250083
0.4888178028
0.2225012057
-0.3889337271
-0.1432679519
-0.3720774278
0.1651529621
0.6212280259
-0.4912872426
-0.6182777271
0.1020830019
-0.4180866912
-0.2541960582
-0.3341466203
0.03607237134
-0.3852342665
0.3535304531
-0.4889369503
-0.3478526004
-0.4807671845
0.7638804972
-0.4372758523
0.5599245906
0.4168252306
-0.59209373
-0.5274780579
-0.05890425667
0.4824003231
0.3292976664
-0.2043455347
-0.3053597122
0.02084361827
-0.1566481424
0.5507929649
-0.1029664401
-0.2352810171
0.4517960129
-0.3765053526
-0.2026868667
0.6420278542
0.1097883508
0.300206599
-0.005776394531
-0.2742789645
-0.03373625837
0.2840743087
0.2593994014
-0.1238134271
0.6429234929
0.02961337268
-0.08383235387
0.101261945
-0.2305602394
0.7973863199
-0.1671768636
0.2872989852
-0.3662632003
-0.1771363053
0.7213954195
0.320856965
0.3292810123
1.882100609
0.9211517796
0.3990409046
0.5450862545
-0.3210099027
-0.03662587907
-0.1405453615
-0.1728590079
-0.07142606489
0.0650011627
0.5018513419
-0.005365394242
0.7066590268
0.1947398838
0.1959669776
-0.2153652974
0.3923874563
0.467631031
0.4723507595
-0.3033934653
1.774619108
-0.4357433781
0.5542899787
-0.07790359966
-0.01451581307
0.1386559267
0.6850466028
0.04636807311
0.4344645798
0.7261388853
0.3342625678
0.1358333719
-0.3895485215
-0.4184496403
-0.3274758227
0.602041569
-0.2620070793
0.03962232396
-0.4514347553
-0.5223963007
-0.1908630639
-0.6038121492
-0.1987418868
0.1276131406
-0.1473039463
-0.1233963365
-0.2531161666
0.3302707836
0.4049868632
0.0182509318
-0.0658550851
-0.03705702499
-0.2014506126
0.1837658539
-0.1821840458
-0.3596051678
0.01711449018
-0.3099084571
0.2668032734
0.3982253322
-0.5446383208
0.03587415479
-0.2124138296
-0.3070683066
0.1675303101
-0.1638986168
-0.1043458834
0.05789179117
0.1529130815
-0.3032204702
-0.2138510633
-0.07541401163
0.2572072953
-0.3609616295
-0.1709895786
-0.1477091666
-0.3707834728
-0.1886547968
-0.3177205965
0.4749098716
0.604753856
-0.1140819855
-0.5530131727
0.5330076471
0.8014523029
-0.5240836009
-0.2310387086
0.05019962117
0.1698091723
-0.3480108887
-0.3127350397
0.1195262766
0.2593395617
0.6834395155
-0.5466101125
-0.07368348022
-0.2289297692
-0.1045210635
0.04533201363
-0.1932968814
0.08245648053
-0.3864150852
0.2951178545
0.5809390411
0.3080062182
0.08050040994
-0.159675595
-0.432127849
0.07497651303
0.2093902143
-0.3560788736
0.02507770546
-0.09282756988
-0.3835849658
-0.3217817023
0.4467599256
1.164241228
0.432112015
-0.3669164322
-0.08985244595
-0.2886410143
-0.003242345527
-0.179961719
-0.2612233572
0.6280838124
0.1738506997
0.04497634117
-0.08294468196
-0.54117053
-0.2397543244
-0.1512578735
-0.2785370097
-0.365306358
-0.4139833156
0.04299884941
-0.05282719694
0.01169869006
-0.6616094649
-0.06577649247
-0.04759316454
-0.08120750934
-0.2956948418
-0.2113736853
0.7772926237
-0.1924628206
0.02625319744
0.2318668058
-0.3679835655
-0.2735575914
-0.1465129323
0.1713282835
-0.2552242007
-0.2851269565
1.226351154
-0.1454479739
-0.1747215871
-0.3673089482
0.3614135522
0.5721317828
0.07168839145
0.4474216826
-0.2766693369
0.2059739381
0.04689429775
-0.3982967332
-0.3772123804
0.9201071046
0.4393929118
0.2668456029
0.230352995
-0.1786341062
-0.3109790079
-0.2867000207
0.2612987918
-0.3007732827
0.180020909
0.08961545601
0.3378443798
-0.5157994702
0.9705855332
0.3438462071
0.3782537607
0.1628295412
0.7331324801
0.3356120817
0.1262226717
-0.09314441085
-0.3841612592
0.1356108006
0.04701536885
0.3093387879
0.2394467574
-0.1308163039
0.01081441799
-0.1059634762
1.218347721
-0.01198164495
-0.2484144056
0.3278254796
0.3039206773
0.3465187572
0.07028216086
-0.1573799189
0.190243011
0.7498265617
-0.02087712698
0.2096260251
-0.1458964976
-0.1994003844
-0.1416163044
-0.1193054169
0.07890597172
-0.3002013043
0.9602226406
-0.3207658052
-0.2897239555
-0.1285374604
0.08673102204
0.2301126132
0.07073061238
1.205595201
-0.02404691977
0.377993088
0.2361621799
1.21111058
-0.02969514779
-0.220114962
0.5812905403
-0.1063460991
0.3649162859
0.3518148154
0.4346771315
0.0006804991513
-0.01868904121
-0.303339166
-0.1163498862
0.04069851898
0.142641533
-0.1605869133
-0.02151391841
0.2056685114
-0.0002439275384
0.1859078135
0.0202336181
0.1549675819
-0.1758672219
0.08833400668
0.04372650189
-0.0234109031
0.7388548212
0.6492420763
-0.1658621661
0.09820043473
0.934983176
0.112119369
-0.1115817284
0.1344154891
-0.08667642828
-0.08964436725
-0.004589394853
0.05647236481
0.338826853
0.1806131769
1.095074803
0.3830780655
-0.3492385872
-0.03305112496
0.057636052
1.319066015
0.2540641083
1.351004082
-0.02207622416
0.201376271
-0.1529736876
0.1341517879
0.3111603152
-0.2540062085
-0.02016797252
0.4312009452
-0.04960120842
0.04185707709
-0.2158846918
0.2840082739
0.5898672402
0.7797803947
0.1322649637
0.9082945108
0.6384511836
-0.2195367808
0.3153111577
0.4114131059
1.291389161
0.4686661616
0.6827232953
0.3585697092
0.4647313209
0.2587436926
0.5432385337
1.390010563
1.053500515
-0.03663991271
-0.17320154
0.3528715264
0.2504457685
-0.1410602404
-0.1317197118
-0.3576459706
0.3840108484
-0.3183657834
0.5995339923
0.7921900906
-0.1685355773
0.01768003441
0.1891594087
-0.1446907086
0.194026741
0.3240353569
0.01116185579
1.28748643
0.2098041298
-0.3230394851
-0.6251590699
0.03235461093
0.3604391908
0.2350155778
-0.1590034541
0.1248750883
-0.01305798935
0.9299449537
0.2954950202
0.6395964272
0.4815899082
-0.2140982967
0.4923324913
0.1629404049
0.8626409173
0.5463343261
-0.2547756543
1.462398905
0.02157531921
0.752851849
0.2903032891
0.3766394608
-0.2173670016
0.2987703873
0.04071308859
-0.01957726264
-0.1307659525
0.7543505922
1.359962083
0.6067326292
-0.2471747681
-0.1172324618
0.1991244139
0.3639778255
0.1129214661
0.3115445634
0.4026476655
-0.03991246466
0.2788819264
0.04652758837
0.5831450231
0.2856333178
0.1755794756
-0.2688216321
0.08635720359
-0.2469360027
0.8815658249
-0.4695430711
0.7114080012
0.1029682134
0.6657386355
-0.161692441
0.06725389599
0.2814053483
0.06307502529
-0.001632299426
-0.3768024653
1.050231971
-0.344514484
0.3184570618
-0.3971011683
-0.09590120129
0.01902414765
-0.3090970393
0.3186768109
-0.3113238912
0.3030685574
-0.3105370754
-0.329798934
-0.2388533842
-0.1343383525
-0.03924673665
0.0208659973
-0.2278440434
-0.2174786851
-0.1864034832
0.2034223098
0.09237740738
-0.05229964145
-0.1994669832
-0.1826679489
-0.4810040429
0.03084812295
0.7883120619
-0.2846091859
0.02370932987
-0.1308551964
-0.3500399888
-0.03776231073
-0.510636666
0.38845861
1.389011106
-0.5649692267
0.1344209995
-0.1789967328
-0.6973361149
-0.4595378853
0.2837201218
-0.1351546997
-0.04593241401
-0.04406597167
0.1752112724
-0.403647862
0.2807675898
0.2951475527
-0.03053951384
-0.07598903663
-0.2209801992
-0.2754017606
-0.3662968591
0.4373068511
0.1478306578
0.1025199998
-0.432274973
0.1403165244
-0.2183491752
-0.08670520168
-0.2667585373
1.140413488
0.5332638199
-0.403597191
-0.2173330713
-0.2865563968
-0.3133216098
0.3240208909
-0.1013586888
-0.3181265414
-0.4257873803
-0.3548635855
-0.4378305122
0.09515302004
-0.3484788869
-0.3109598525
-0.05474326648
-0.5303356893
-0.4447919399
-0.3284528214
-0.1668196925
-0.1423745954
-0.02161030155
-0.2220790416
-0.4161905363
0.1692324284
0.4104243642
-0.2427101396
-0.6259039104
-0.1316576285
-0.04059075955
-0.08717590421
0.2803638954
0.001890398934
-0.1097043846
-0.03158826791
0.1946040295
-0.114652814
-0.1445418907
0.3545057818
0.09974813601
-0.2935305148
-0.1679873811
0.4772320747
-0.01067054793
0.06941573913
0.2233544768
0.03318539113
0.2146252079
0.8137002498
0.9756443158
0.4635625578
-0.3176443571
-0.4047750521
0.171645057
0.02996259453
-0.1515829485
0.003712000046
-0.1237658773
-0.3957283646
0.1713213416
-0.03652733043
-0.2010161508
-0.4602959186
0.2412745453
-0.10750988
0.1906216489
0.1107243368
0.481608657
-0.2619714662
0.8640680323
1.75594779
0.3252485216
0.5882370532
0.2410931196
0.4697241984
0.1294822313
0.1105869998
0.3262736194
1.087229955
0.004168225266
0.04295235779
-0.2299115463
0.1605331813
0.08098382801
-0.6844410077
-0.3815032553
0.1177357135
-0.4615291983
0.0324891299
-0.09073508903
-0.177868418
0.03475703448
0.1006306589
0.3704278268
-0.0171822669
-0.04614747483
0.1746269205
0.2172652829
0.7078953177
-0.3099192234
0.03146292269
0.1044284068
2.477855878
-0.1708579974
0.04242656585
0.5255878329
0.9306332037
0.2822773232
0.3807884865
-0.08942526076
0.103959762
0.1022777608
2.007448149
-0.4473004475
0.3482958628
-0.1635105684
0.633903785
-0.05546017755
0.6319254443
0.6920836963
0.5033868656
-0.05361123243
-0.2644455515
-0.4530479796
0.3108546876
-0.04723865278
0.1012170807
-0.284707251
0.3637114033
0.02078392264
0.1193328103
1.743131289
1.692274246
0.1400637511
0.1199014597
0.2718489948
-0.1732212673
0.1225586533
0.06141379885
0.6208926193
0.7276371405
-0.3020222794
0.2253917743
0.7712016985
0.4205012806
0.3934149459
-0.0608081378
0.0868201822
-0.2241568638
-0.1675634831
-0.2170291655
0.2771428738
0.1855687188
0.3327516068
-0.2570997611
-0.1086315139
-0.2509229258
0.897666648
-0.5501764551
-0.2421741351
-0.3608659919
-0.03283673031
-0.0820757037
0.05762251001
-0.08399392422
-0.5307090785
-0.2425156076
0.2664237896
0.08194996677
-0.406793952
-0.1562921757
0.4698444124
1.535971135
0.01448614784
0.09060898144
-0.1427248899
0.04562468268
0.06355554098
-0.3260414217
-0.1044262727
0.07835241277
-0.2013092574
-0.3477341294
0.1339087034
-0.01278780773
-0.4189479455
-0.2652205206
0.1071480427
0.1206054196
0.4999628093
-0.3681697711
0.4345963847
-0.142686256
0.4093911018
-0.2996688105
0.8198232099
0.07671219409
0.2879445449
0.4372277267
-0.03074330911
-0.1929919511
0.9210307598
0.7254640058
-0.0447039783
-0.08309591524
0.02995494027
0.04887610357
-0.2193887766
0.8990533464
0.2738112542
0.4391851306
0.3355807925
1.177817938
0.0821301572
-0.07819828801
0.007722605392
1.525971699
1.290201542
-0.1774090219
0.1264755803
0.4654140823
0.5359850831
-0.05503234658
0.2853322569
0.388686214
0.4731529839
-0.1088712249
-0.5723582618
0.2360823505
0.3978663906
0.2082069067
0.06371474229
0.7398361184
0.5440818734
-0.1432318695
0.3733049279
-0.108647792
-0.1819864695
0.4681263108
-0.06406167261
-0.2632375637
0.2819447054
0.8521547168
-0.03105694916
0.1552626414
0.9469613969
-0.02388364123
1.51459707
0.4828856237
0.06433255225
0.3835108431
0.766068333
0.3642282702
0.7182724282
0.06832695883
-0.5133392572
-0.4266033426
0.2820051175
0.02081488036
-0.6314551204
0.2121388085
0.2249098645
-0.3671296224
-0.07537036259
0.4777193706
-0.186074993
-0.150250928
0.4481336884
-0.4135521349
0.1185931744
0.1198047686
0.0192447124
-0.1370535869
0.2923772709
-0.5146154389
-0.542315039
-0.7743688613
0.04945058273
-0.01737062447
-0.4029759571
-0.5026432537
-0.1819272278
0.08559889775
-0.127028628
0.0001116874162
-0.2985292997
-0.4060697436
0.1389912917
0.2383640658
0.2304687113
-0.1609506231
-0.09549704855
0.7924989976
-0.3936365783
-0.1606726566
0.5501768559
-0.1477815146
-0.3426832072
-0.2833008304
-0.041529461
0.1550539693
0.007954788208
-0.22791069
-0.4049626827
0.07444351986
-0.01625635102
-0.1920462843
-0.05084247381
0.3556678116
-0.236722306
-0.2853117246
-0.1061793996
-0.4020351663
-0.4353732333
-0.1105255064
-0.5200246245
-0.1797603831
0.1398610277
-0.362178456
-0.2928444607
-0.1171672616
0.2438644443
0.1253447991
0.8527163237
0.1400617428
0.124348611
-0.2826460944
0.05500850342
-0.4815974623
0.3825157613
-0.06124286978
0.5753558323
0.0006012769416
-0.3385312218
-0.1209145056
0.2605653804
-0.4724976212
-0.4423553184
-0.0721756028
0.1211788648
-0.02369897105
-0.3208979659
-0.3550637694
0.2013059763
0.04532114509
-0.4103429347
0.1778435357
0.07350669177
-0.3347802207
-0.7187905848
-0.3556585312
-0.09733089823
-0.4681270547
-0.454002464
1.298645517
-0.2571408123
0.3477046169
-0.4944420338
0.0704533169
-0.3678317387
0.6959468096
-0.04681264125
0.7820930034
-0.3037832286
-0.07082445994
-0.3358788498
-0.2945839258
0.4540341157
-0.1275429085
0.07037623506
-0.444912497
-0.2044374784
0.4891302396
-0.2037758265
-0.2997731332
-0.3329106592
0.3545268599
-0.5348755315
-0.3862528533
-2.724817023e-05
-0.3768553011
0.2960885679
-0.4773139298
0.005086522922
-0.2100494698
0.01087196823
-0.256961308
0.02720541432
-0.1294177074
0.3486049294
-0.02031517401
0.8743582077
-0.1604960473
-0.1323180247
-0.08660550863
0.4123862822
-0.1781706721
-0.3131745458
-0.004967213981
-0.4266119987
0.2984797731
-0.1587057656
0.231885007
-0.2298107572
0.004044877924
0.0942750603
-0.3139796145
0.3281901304
0.2292407546
0.6242009461
0.7079262093
0.7149675809
0.04782689437
0.5925480187
0.2136465117
0.6854900464
0.211827236
0.2153934356
0.2008595528
0.6118146122
-0.02803120352
-0.1796217432
-0.1785715654
0.1099063201
-0.2849737234
-0.258624193
-0.1990241848
0.1451636964
0.27929454
-0.005022380967
0.3344201103
-0.09444276281
-0.1202559527
0.2499863778
-0.01025543418
-0.04863376655
0.6241670661
0.5843741823
0.2698596189
-0.1182772232
0.2115991481
-0.3470239338
0.1670184644
0.05448169969
0.4310020291
0.2063817599
-0.06877922472
0.3856296703
0.02967415601
1.61402635
0.6705603242
-0.3115373233
0.3336597327
0.6377860449
0.3378404941
-0.08288558293
-0.2726296261
-0.357175345
0.5720446534
0.6815808803
-0.24804786
0.3668197062
0.6219189346
0.04643458612
-0.2525094684
0.04788567387
0.4201000113
0.5210600913
-0.03780165203
0.2049327702
0.6944359154
-0.08762374111
0.02437747428
-0.2597013481
0.8941732496
-0.2404977031
0.1340735484
0.4926152654
-0.4519053064
-0.1656569082
0.2894021384
0.7004335031
0.08058079509
0.5030952424
1.016348037
-0.2196831154
0.5706558406
0.4133683071
0.4722305018
0.2862976358
0.4763982143
0.4023144998
-0.0280871613
0.5708744191
0.08995863451
-0.06585042272
0.3353635505
0.5561306149
0.2441314284
0.1662677247
-0.001701911353
0.2497249775
0.1754006638
0.1189190458
0.08834477514
0.5470173799
-0.03099944266
0.7831854001
0.1068177735
-0.2147128248
-0.1346299361
-0.0869113002
0.512870346
1.080496198
-0.2248817414
0.3454107133
-0.3221232697
0.1145802714
0.5526293978
-0.1918900643
0.751060959
0.05059854621
-0.2826132059
0.7441769719
0.01788477562
0.6419446304
0.4010992662
0.3620321896
0.1238152781
-0.2254665677
0.691403975
0.2919319231
0.658214088
0.141944465
0.2726730794
0.4585895039
0.3444843069
0.4169947594
0.6193890899
0.6709339887
0.267179727
-0.2589090209
-0.07268093834
-0.3361610398
-0.2692690913
0.9691120759
-0.09871199131
0.4626636758
0.3553735392
0.3818477914
0.02794800196
0.509162239
0.03453546949
0.3376694959
-0.03927929662
0.480053002
-0.08263594545
0.4997427791
0.2209400123
0.3614691655
1.03722235
0.3529084744
0.383186461
0.0844581604
0.03509861703
1.553064144
-0.3291394077
0.6601406023
-0.03453045934
0.2460943867
1.044123678
0.4666252468
0.2989846546
0.6375181146
1.17586737
-0.3547660038
-0.3263610505
0.1476090243
0.2976216737
0.07487440649
-0.2495844483
-0.7132348344
-0.1162444076
-0.01629665988
-0.1259513419
0.2767692877
0.2990136527
0.2915346041
0.3942714111
-0.2260638697
-0.3001759969
-0.108575815
0.1908948363
0.5632651579
-0.1064161075
-0.389214915
-0.1792667121
-0.05408946909
-0.8335160911
-0.1575626527
0.5404646166
0.03707821937
-0.07141169179
-0.2151131511
-0.2298228726
0.0784900682
0.04054419436
-0.257119642
-0.04847192122
0.4177505152
-0.2937947996
0.06774526779
0.1483141832
0.1586855166
0.5572716642
-0.4811663844
0.1168402426
0.09001876172
0.2943616051
-0.2038763322
-0.203727233
-0.1178574075
-0.513887386
0.2850024112
0.02099390118
-0.05867095655
-0.4133557007
1.421086046
-0.003571549803
0.1930792237
-0.3983168676
-0.5153251141
0.0697632256
1.250547031
-0.314183037
-0.3099947257
-0.3396241574
-0.04056879962
0.643449305
0.3709638417
-0.4128249034
-0.509785381
0.0314240573
0.3242424842
0.01148262396
0.05345529909
-0.2721668165
0.04127688266
-0.3404142164
-0.05981162144
0.7478271052
1.022486447
0.6824119896
0.08485588431
0.2135805491
-0.6042073131
0.5269516759
0.2789029822
-0.08288894584
0.9478190988
-0.1717726078
1.327828711
-0.4461303383
0.2191334444
0.0998662089
0.2334405031
-0.3654834911
-0.3704518866
-0.3485288493
-0.114411509
-0.4007394277
0.2849768473
0.01692201369
0.2569416727
-0.04862034041
-0.2292121287
-0.1262645967
0.7303425293
-0.3815420926
-0.1098197103
-0.238445252
0.1542173023
-0.6052499205
1.086433789
-0.2351057276
0.2232774511
-0.1879490118
-0.04255894125
0.2559959326
-0.3664860219
-0.2339138316
-0.06830898467
-0.4102767475
-0.7613830611
0.2569186272
-0.1402559398
-0.5256161675
-0.01779759359
-0.3568245731
0.879924047
0.2119520748
0.2201869135
-0.2082210312
0.005398796871
-0.09984691553
0.4951169506
0.5730874859
0.003952332772
-0.4560360301
0.03739382327
0.5458185159
0.04940363886
1.450967558
-0.01002131123
0.3073548228
0.3338648899
-0.3652098075
-0.1898720633
-0.0148682557
-0.02551348247
-0.02285568509
-0.06064008195
0.1734138609
0.3310102668
0.4126376826
0.5390026987
0.310109251
0.4260132436
-0.2803187475
-0.1579823473
0.6181719318
-0.1069391317
-0.01037869267
0.6439846709
0.5631348718
0.4748591036
1.040684401
-0.0318044737
1.043517005
-0.3490770884
0.215138847
0.1820071639
0.4838411681
0.7663550526
-0.06756732315
-0.1677540508
-0.2164802462
-0.05776873268
-0.108768556
0.3606432185
-0.1195639945
0.1351594688
-0.07295778431
0.2838149613
0.2402534122
0.1352067033
0.1880852927
0.3143592135
-0.2570256963
0.5565168343
0.04768012185
0.7585765444
-0.04949217848
-0.2857510613
0.9290985838
-0.796142903
0.2113579441
0.04177776352
-0.3841195518
-0.4069146201
-0.4396865927
-0.4034011995
-0.5813173935
-0.8384409368
0.560443275
-0.3010848381
-0.1587476851
-0.01869515087
-0.01360727716
-0.1896834664
0.1490092222
-0.06826122114
-0.1028452011
0.8814355284
0.00168810226
0.4139865175
0.1955296603
0.002029348165
-0.1214081686
-0.09346881779
0.445682966
-0.11491496
0.0789997709
-0.1176305179
0.5528771423
-0.2773198564
0.6236545011
0.1586195
0.5212597132
0.1193546016
0.4377158135
0.03456828953
-0.3407403309
-0.285021505
-0.3182677962
-0.2583419461
0.360734215
0.4226604838
0.2000936169
0.2310509235
0.0866118094
0.3349445336
1.073583879
-0.01450083712
-0.3795567051
0.6767337784
1.066817972
-0.005212142318
-0.2207227888
-0.087939566
0.1667617209
0.1923105858
0.9434391707
0.1457506696
0.1159736672
0.6580263831
0.100373802
0.9710860401
0.2612040516
0.2487944908
0.3542613041
-0.2267311703
-0.06247817315
0.09130214341
-0.05620011762
0.2015660137
0.8861412749
-0.3912941575
0.7633368321
0.1273916404
0.8277504206
0.1087542172
0.4134447247
-0.3716509681
1.286894904
0.5693670087
1.247147951
-0.4923139835
-0.1627023194
0.5134023413
0.7029086828
0.02122321893
0.04563074429
-0.196801149
-0.008317164425
-0.5337550459
-0.1569560707
-0.2737360179
-0.2764800506
-0.1197672088
0.373890629
0.4378118594
-0.3739338651
-0.06024664398
0.3182053133
0.03871714566
0.6356027864
0.4577605449
-0.06750704423
-0.09820094295
0.03183412515
-0.190495404
0.4705884673
0.3756461095
-0.09941870738
0.403188657
-0.369630355
-0.1779439012
0.2851572745
0.3565463245
-0.05753114931
-0.05269223172
0.08564824909
-0.3300045662
-0.2560139194
-0.2568475662
0.02787146829
-0.02666436173
0.3980993845
-0.03046856876
-0.08934648484
0.207053796
-0.04926950559
-0.4408634931
0.8352973349
-0.1324618717
-0.008973236382
0.3450412488
0.4118765201
0.312778059
0.147646058
0.5145134322
0.3389134437
0.4701539494
0.9878621906
0.305043615
1.668895322
-0.2170249498
-0.03487237841
0.7616755679
1.53281706
0.7467008844
0.06451642066
-0.07013934646
-0.1740960576
0.7464860156
-0.3669301074
0.08443932468
-0.2703410706
-0.3354744337
0.1805598553
1.153270802
0.07091114186
0.05460232124
0.2854194296
1.177987652
0.7562424481
0.71636547
0.5115329131
0.385465461
0.7348566085
0.09835371822
-0.2050127517
0.471809569
-0.1198420286
-0.5071733847
0.4069481565
-0.2910118811
0.4005981091
-0.289448078
-0.3180552192
-0.696504046
0.04368448807
0.2326346744
-0.301507172
-0.1231091175
0.07995223049
0.5952978745
0.1900322296
-0.1298063301
-0.5536642253
-0.3444470614
-0.1778731434
-0.1406097628
0.1025049778
-0.0215193592
0.08106599301
-0.2119536467
-0.5738748431
0.3146097368
-0.3298014216
-0.2966963932
0.2699612401
0.6901404841
-0.1184243012
0.3133910185
0.4630022369
-0.3662657537
-0.1940681502
-0.008054388687
0.01433462873
0.04005330536
0.03706778418
-0.1959026687
-0.4202671617
-0.0281873404
-0.229334582
-0.04958824608
0.06972060949
0.3909781341
0.1175808218
0.4253031705
-0.3218297901
0.5142607819
0.4637578033
0.1184237603
-0.4440146081
0.01736186482
0.4207376733
-0.1152922444
0.4648185797
0.1869162777
0.1807728997
0.4983067952
0.203838354
1.467339611
0.1439878825
0.4345131453
-0.5756999239
0.2587706979
-0.2439668458
-0.2777163431
-0.33057428
-0.1173416285
-0.276380568
-0.2376013234
-0.6607116297
-0.1406219868
0.6463294458
-0.00957367532
-0.2080489751
1.063689445
-0.4552547857
0.360788665
0.6286616996
-0.1008159047
0.1870465312
1.375122243
0.371510308
-0.1590447379
0.6461569726
-0.5816843554
-0.3486526646
-0.6536780275
-0.4640549019
0.01561835706
-0.01921917144
-0.3812206103
0.3050547045
-0.09448092952
-0.2400340214
-0.09523903653
0.05429784432
-0.5704712547
-0.08847119343
-0.001824168675
0.03985350598
0.032192221
0.08311445741
-0.006753785023
-0.199955429
0.1589389987
0.3931996863
-0.2850334041
0.1715593832
-0.1634246255
0.8321833625
0.2536508135
0.5729589587
-0.2638814075
-0.2634278983
0.5915586105
-0.08083097059
0.267556467
0.4431259265
0.5509393919
-0.2122403644
0.06657295525
-0.1182805479
0.3960472718
-0.1159846941
-0.3162872344
0.5188729346
0.9250052005
0.3582386937
0.3686129563
0.4954221711
-0.1941312207
-0.2317130134
-0.01985033844
-0.2426076815
0.04623492379
0.4526915506
-0.0882004153
0.5752102289
-0.02598841991
-0.3318817521
2.593188614
-0.2508672446
0.30975579
0.2576967852
0.4307855524
-0.2090674631
0.3203390189
0.3288348868
0.3332156125
0.4681496877
0.7267732516
-0.1705946979
-0.1824507875
0.2251294721
-0.07854773551
-0.3694829747
0.6008157894
-0.1210074637
-0.02198472582
-0.04028559402
0.3582357743
-0.2411760174
0.1523091059
-0.3217066072
-0.2380248338
0.1314440612
-0.4350101829
0.5772809688
0.2326534804
-0.4443804704
0.1082003951
-0.2302665524
0.3646021159
0.0564060085
0.5606547751
1.112684554
-0.1042411645
-0.2420636745
-0.0870474143
-0.07358002495
-0.1652227163
0.1487457712
-0.3082484122
0.2596915085
0.7774422564
1.196470085
0.2407886617
0.0336425459
1.050700518
0.7347900599
-0.1089798744
-0.4716699383
0.2319923416
-0.09677378759
0.4042999625
0.4799084678
-0.1766246682
0.2713062327
-0.2229676651
-0.06691769641
0.3968361378
0.5018896353
0.1734302489
0.2190156497
0.1389944199
-0.3898221686
-0.2597831279
-0.3724732041
0.09380150456
0.3695045847
0.7637019619
-0.1249423068
1.77573455
1.074139646
0.6934459195
1.346413773
0.6908206172
-0.2537175927
0.1414158715
-0.3486563653
0.02859866172
-0.3614902928
-0.5156291202
-0.1174135001
-0.09699430168
0.876548472
-0.05372197311
-0.06586806886
0.2306529161
1.039934629
-0.1493322905
0.3234561376
0.269927814
0.5985951826
-0.07987991031
0.6624331132
0.2556653798
-0.257880871
-0.3470558114
-0.0692455072
0.5005914502
-0.01479692478
-0.0332558902
0.6577859446
-0.3563489817
-0.1045919349
0.5742246453
-0.3374288525
0.06966996612
0.02104115225
0.1743504357
0.04980780222
0.411944655
0.01919373143
0.1592192072
0.7213322788
0.2082014328
0.0190606365
1.398557958
-0.4621603776
0.49709405
0.7709103644
-0.08636764558
-0.242426173
0.1326603848
0.3018610459
0.05320532788
0.3242141917
0.2569957368
-0.09787708707
0.01708595138
-0.06962377541
0.2027336352
-0.1273438374
0.406058672
0.7531675898
-0.231232293
0.6942886427
0.3744581021
-0.1186554799
0.3894726519
0.4871384636
0.06005128268
0.8363914967
0.2332633274
-0.1614747986
-0.4276414867
-0.1728272237
0.4667892128
0.2908698656
0.09170886837
-0.1478550958
1.21559239
1.343817648
1.066092128
0.0001044167206
0.2264939671
-0.247637324
0.2750373457
0.4783838978
-0.06105529973
0.5171588577
1.221729581
0.3667017095
0.9472781509
-0.7498347074
-0.4843399271
0.2845225693
-0.1159702567
0.07206123471
-0.4082552776
-0.1664755931
-0.2338902127
-0.1859579241
-0.155017082
-0.3044670891
-0.3142472886
-0.01867794748
0.4031026283
-0.09178695865
-0.3072023716
0.3442172565
0.1079522826
-0.03274700479
-0.07741031237
-0.172052592
-0.01522165127
-0.1459223105
-0.3806417167
-0.2210998714
-0.1315177545
-0.1954614744
-0.244999364
-0.2423039112
-0.1192362446
-0.4793043539
-0.3359790886
0.1045713879
0.1932636955
-0.1818670841
1.039226136
0.05540199317
-0.1759039924
0.2701008312
-0.1052826786
-0.3745204657
-0.1077731775
-0.2445696123
-0.2226837877
0.1184126612
-0.4128318951
-0.3090883948
0.04409649102
-0.6419172332
-0.122159917
-0.4754476674
0.2400986267
0.2344789615
-0.1412098179
-0.3622639179
-0.07228848841
-0.4216964625
-0.3357111275
-0.5267004013
0.5067245342
0.128343212
-0.2068740109
0.34447259
0.1329617697
-0.6404210657
-0.212817907
-0.1552915886
-0.4034938335
-0.06562211588
-0.2937151968
0.1576132464
-0.3155106694
0.04802910239
-0.2455606759
0.2242333123
0.3067036623
-0.3456551559
-0.1321157161
0.4358305607
-0.2772400443
0.1011319337
0.009440851584
-0.1435304016
-0.186337883
0.360721781
-0.08624146637
0.5827698145
-0.02948311884
-0.3580220684
-0.1879567625
-0.4703899503
-0.473666928
-0.08711207598
-0.4830019459
0.1307365685
-0.4505678445
-0.2640695639
-0.5965669379
-0.221407558
-0.2948393187
-0.07943637632
-0.2204683937
0.2342519972
0.3577908294
-0.6483512193
-0.2772590794
-0.03829092588
-0.4654864237
-0.1477483992
0.2780348059
-0.1040508777
-0.06097612642
0.06230107406
-0.45548269
0.01597373309
-0.2154491935
-0.2803971544
-0.1746483739
-0.1885219857
-0.1925637774
-0.4184578918
-0.4563412666
0.08384575266
0.3023467287
0.1788182985
-0.4405496448
-0.2607693925
-0.3810343876
-0.2416051961
0.9074879691
0.002153560962
0.4700998016
0.2602039361
-0.4022800922
0.04541716427
-0.3870516732
1.552025666
-0.3872445352
-0.4428970024
0.0609573897
-0.3897613332
0.1995324429
0.143938595
0.5390178099
0.5021481842
0.1949314328
0.4180263743
-0.5074458927
0.2955005313
0.7881467611
-0.1288545663
0.3381876597
0.07472702954
0.3949879881
0.505415917
-0.4184865668
1.757155752
-0.4650046891
-0.5717540897
0.0247177586
0.07129142648
-0.207376314
-0.06066742092
-0.4523556963
1.320671666
0.8441561654
0.1480511729
0.06249197908
0.1334214149
-0.1073578786
-0.009151939116
-0.2305653157
-0.2459047731
-0.4673638746
-0.2622903986
0.2583349209
-0.1964781076
0.9010154352
0.2390547683
1.470748413
-0.2042046644
0.6890910327
-0.2800202578
-0.0225825239
0.175250553
-0.5529629946
-0.4321543843
-0.2098472807
0.1658791841
-0.1073466935
0.2832400816
0.1502148254
-0.009391660243
0.3575243233
0.6879334494
-0.1719460037
0.4549853064
0.1935097683
1.073761243
-0.03218951058
0.2930307969
-0.4163239926
0.6030731916
0.7111128598
-0.3332541026
0.5414998055
-0.02890065387
-0.4086844601
0.1447714627
-0.3769898631
-0.2962250091
-0.4554844137
-0.2060477737
0.6710134827
-0.0712081207
0.09964369573
-0.2483102014
-0.4034047008
0.2889077647
-0.1162084211
-0.182561136
-0.3565243362
-0.04884993471
-0.02172276806
0.248840161
-0.119236134
-0.3489077315
-0.2647843112
-0.1528237307
-0.1062484389
0.7245240465
0.02158256061
-0.2552525897
-0.3063699946
-0.08601237405
-0.2579977579
0.2352576364
-0.2604835628
0.4405677658
-0.2006266367
0.2746017374
-0.1678927036
-0.3436585329
0.3889024746
0.223025912
0.002403081581
0.8037223026
-0.1291622002
-0.09282031953
1.008348115
-0.1431310762
-0.5880716264
0.0534100065
0.7985707507
-0.430630108
0.6088927604
0.06135537922
-0.3513543829
-0.4164347202
-0.468779581
-0.1735012304
-0.4474595349
-0.2140924378
-0.2441908196
0.5410225783
-0.1931538261
-0.2401574204
-0.03242889345
-0.4410623372
-0.08738013692
-0.1925216345
0.3027308596
-0.1393400124
0.1721398443
0.3840027811
0.1227948856
0.02519092727
0.3811588265
-0.6295001132
0.06680792235
-0.2580340866
-0.1773255892
0.08228558302
0.4041067539
0.07954707379
0.3855517151
0.6705081999
-0.107812228
0.3610190749
0.2290493571
-0.3493096039
-0.07260735184
0.9343178004
0.9084884837
0.10360062
0.1410421598
-0.2552542804
0.3290513959
-0.1404670145
-0.2556377933
-0.3717165473
-0.06169649363
-0.2545240637
0.01751175951
0.7902381398
-0.02718883604
-0.3190635782
0.7049067147
0.1210777025
0.01210912541
0.6181846797
-0.08750118129
0.3418830385
-0.3871027552
-0.3577862814
0.3850482177
-0.3791235395
-0.06720363032
-0.07743673373
-0.2381162226
-0.2008263107
-0.04708256572
0.05685151014
-0.5107060656
-0.5550043538
-0.1228910979
-0.1728330888
-0.1239111872
-0.3224971797
-0.1946980685
-0.3770779483
0.1106963247
-0.1458974056
0.1082180159
-0.2771137111
-0.51380984
0.05106597189
0.115618138
0.21703287
0.08359874152
0.1233352052
0.164079377
-0.06549456101
0.09355362765
0.4336134881
-0.3308179215
0.3198974937
0.4557375729
0.2827875283
-0.06561403843
0.1765617171
0.689874582
-0.2015341654
-0.7178547442
-0.3700145692
0.4122155827
0.4001932211
-0.446324297
-0.5401413128
-0.243366123
-0.3887897827
-0.3649117097
-0.05107934996
-0.3365755349
0.4296487719
-0.5352557585
-0.01676514614
-0.1265722927
0.2976987176
-0.2301214404
-0.1980723793
0.74651559
0.3239215074
0.0164696807
-0.2700102545
0.04205883667
-0.3828749336
-0.3321261771
0.05807579271
-0.06007166356
0.01677223817
0.06868193727
-0.2429266263
-0.3733522762
-0.4070115302
0.05490055718
-0.1835021202
0.4996059477
0.3663014004
-0.1569211916
-0.1079975974
-0.1666528035
-0.19383932
-0.5402692162
-0.3911948517
-0.05153915118
-0.5218844511
0.3785381155
-0.2006502621
-0.3986872867
-0.3070758358
0.4147242906
-0.02447850239
-0.3744070366
0.4103929423
-0.2707092099
-0.4464000881
-0.1235125165
-0.442668803
-0.3313285194
-0.3106395045
-0.1427603981
-0.3967289362
-0.1983740069
1.345910144
0.3069597702
0.2505190335
-0.4015480176
-0.1663630212
0.08465934061
-0.4004193842
-0.5355686769
-0.1370594705
-0.5606121548
0.4344392911
2.22177251
-0.1171198189
0.5161123417
0.1626848098
0.6086606026
0.1367979329
0.1183153979
0.6938140586
-0.1554555614
-0.4364226066
0.1985608594
0.05985682467
-0.5186058268
0.1616651671
-0.3192511015
-0.3564429138
0.8632491142
0.1663882399
0.68230974
0.5798309311
-0.6630428851
0.2136441234
-0.01790316496
-0.01913799327
0.495474848
0.01031072265
1.040654126
-0.4864555687
-0.3840043649
-0.1888258312
0.2577858791
-0.2575357148
-0.09801212549
-0.3140098147
0.793583671
-0.09138544323
0.1254100269
-0.3301547706
-0.3959494263
-0.3189023238
-0.322048403
-0.3657962143
-0.2985900514
-0.2256660555
-0.04955525072
-0.06483311821
0.03480471261
0.7405130632
0.1260616168
-0.06720706131
0.02942540804
0.1490152854
-0.07253438346
-0.4034629449
-0.1778868256
-0.06575240768
-0.08861480877
-0.05549749676
0.04391589304
-0.2731144845
0.627231992
-0.144126929
-0.3480878755
0.3673497763
0.3443099186
-0.4370781515
-0.1935287289
0.9913801759
0.6268137921
0.2612278685
0.006174635142
0.1001171961
-0.2013590269
-0.1669500541
-0.03563763425
-0.2590729423
-0.1031637102
-0.2418422051
-0.2169551499
0.3871886721
-0.1590288233
-0.5781150416
-0.198848501
0.1803474987
0.9039816648
0.204031536
0.3878570862
0.921663484
0.1134786528
1.196934757
0.1848088209
1.301236245
0.5293297864
-0.4695777245
0.9685588643
0.0277391728
-0.2702738136
0.8394433528
0.222509037
-0.07510861815
-0.1359336659
-0.07026501847
-0.04915758856
0.02573955916
0.4061650464
-0.1380294009
0.130036181
-0.6145496383
-0.1484828493
-0.3316055812
0.1648843563
-0.1247903199
-0.1597084208
-0.01574351229
0.07308885623
-0.3918382861
-0.3059475455
0.3305694059
0.2138326302
0.1222684177
-0.09491427187
-0.04168022377
-0.1342837812
0.4354977757
0.4735773534
-0.2209860321
0.2968597564
0.2307019593
0.352262385
0.2211637039
-0.1281256457
-0.1920865003
-0.2671339296
-0.2446484234
-0.3139104519
-0.3261120237
-0.483484447
-0.03304524496
-0.3051677942
-0.008728818968
0.007194461487
0.4911227085
-0.08254329562
0.8434704304
-0.04601828326
-0.6003939331
-0.2955948323
0.417978872
0.4085012766
-0.3037860371
0.1711935502
-0.2975294948
1.453326625
-0.1072953799
-0.1059318174
-0.05631439695
-0.07815643065
0.8225142561
0.09432927389
0.5313508809
0.5353377029
0.1000332952
0.2203124098
0.02403766755
0.2484056544
0.1001485574
0.09562697124
0.05490960609
0.2908087034
0.3768467568
0.00553242485
-0.05234161718
0.3375644591
0.2550575726
0.1727908889
0.6024023347
0.2544619858
-0.4272026502
0.8108193383
0.889551571
0.1619686413
0.5152827397
-0.04774331711
-0.1968746027
0.2460188936
0.4523369193
-0.2029921527
-0.4841155149
-0.1339163676
-0.1325806823
-0.007948893681
0.06523329886
0.7170218676
0.1469227842
-0.06657722499
0.0008815171197
0.4191696208
2.2732445
0.1837405151
0.8118688673
0.2947473582
-0.08928161524
0.1789156154
0.7324039899
-0.3515551236
-0.08204807062
-0.0167297903
-0.2103145139
0.195036458
0.1247674414
-0.06321331356
0.1823988295
1.360246646
0.2246098112
0.05571626648
1.21598199
1.202874622
1.719814038
-0.1296441309
0.367081314
0.6192667365
0.4358000614
-0.2975458529
0.1130904432
-0.2383505579
-0.1474674044
-0.2009190159
-0.1433828063
0.2167766275
-0.5222030371
-0.2279129194
-0.2053135341
-0.3289307287
-0.35114711
-0.3065543298
0.01007062495
0.7286469445
0.09035491124
-0.2975260481
0.4858120427
-0.1233197477
0.1066391066
-0.6604220882
-0.3423427686
0.2254756529
-0.2846994951
0.820632942
-0.4895198196
-0.00888641905
0.4305764131
0.3545662146
0.1026460342
-0.5001088575
0.2690420095
0.2271425117
0.6191446453
0.4234357025
0.2430789301
0.3507403113
0.1855081903
0.3687339765
-0.1229279819
-0.008344194666
-0.01791862603
0.1514025122
0.1779323412
-0.0844207014
0.5231880657
0.505374822
0.09806534089
1.44146374
-0.1134998769
-0.2798801899
0.7136280946
-0.1985054437
0.1566268818
0.3168433256
0.2419670453
-0.0556880929
0.3293149373
0.3705254339
0.06414220035
0.9888114005
-0.257636979
0.1521936316
0.01836500652
0.01723795587
-0.4673257582
0.1015740342
-0.1814637907
0.2311337592
0.5704654902
0.1647919077
-0.2445815211
0.2981021967
0.03033954315
-0.02660438474
0.2717309677
-0.1527240664
0.245058556
1.373221003
1.038483596
0.1498496104
-0.1875246763
0.4717396311
1.447024709
-0.03327232548
-0.3218152629
0.06635371773
0.3395725172
-0.07652336061
-0.4253585517
-0.3961696684
0.05781147406
-0.1304372276
0.03796493392
0.3344568284
0.7986790091
0.5205026664
0.8086577561
-0.2305979203
0.2969524257
0.4651635371
-0.2884930123
-0.324412531
-0.1489723828
0.7767313957
0.1768396433
-0.4125842758
-0.08219345864
-0.4864049539
-0.6294520333
-0.703202042
0.3765896305
-0.3196963787
0.01039259695
-0.236165479
0.4725515606
-0.3332130436
0.2495890727
0.04507188965
0.2752937029
0.5113697432
-0.137368201
0.00578913074
0.2497273367
-0.245304184
0.7655304968
-0.06984649915
0.9268633172
0.02834371836
0.2587635484
-0.135053665
0.2046353647
0.6710355621
1.062691435
0.5866551638
0.3016938783
0.2118766947
-0.08178834226
0.5942589223
-0.0044649777
0.5638562143
0.6141445952
-0.1107003689
0.874232085
1.193347427
0.9386228189
0.5394392043
1.397222656
-0.09899578057
0.1620825131
-0.009366913512
0.1116721768
-0.1200253315
-0.07576057687
0.1810283627
0.5660991214
-0.145429579
0.1367686953
0.2518872053
0.5691095755
0.4959526606
0.4257731348
0.03190801218
-0.1129154006
0.7851063065
0.04780772319
0.9234529734
0.08225685675
1.545130646
1.213032752
0.1270812836
-0.4540188283
-0.0503972535
-0.3434906468
-0.1492195707
0.1921847638
0.01974834232
-0.1335311595
0.07724196743
0.2324220221
-0.2236356702
0.5170451567
0.7809155397
0.09665206419
0.4367397107
0.3735100746
0.2110705262
0.1681528956
0.5082989354
0.1046850337
0.05465341778
-0.1887092423
0.4641174313
-0.2406967314
-0.03425770737
-0.3291379608
0.1534152173
0.3744117111
0.2181646174
0.3209870532
0.2182052715
0.7571800068
-0.509708295
-0.365880578
0.2761616675
0.7485235564
0.2152225226
-0.1305708459
0.2764026276
-0.3147192478
0.4612316787
-0.4203492247
0.5902678967
-0.2781063018
-0.5186911404
0.522863768
0.345767865
-0.007635714579
0.2671963573
0.05200605523
0.6391496338
0.0281700369
0.2205819965
0.2233373303
-0.4368530363
0.1458296247
0.5755792007
0.1222106704
0.5629177839
0.1096212655
1.727139553
0.06109706201
1.356647921
0.005962533876
0.3412960127
0.5967515662
0.2263136413
0.4132834494
0.09380304608
0.2735380642
-0.305898187
0.8049042024
0.6179544747
0.04630424809
0.2849636154
-0.1893226332
1.092722163
0.7464450181
1.212364289
0.9269993216
0.4293475743
-0.1617769063
0.5719504252
-0.3818708055
0.002110228688
0.8832238197
-0.322343567
-0.05277394159
0.5202256545
0.4288396351
0.1090111559
-0.1132902082
0.3595084634
0.01608290989
0.5944079988
0.05375604108
0.7622750789
0.8563471302
0.1842306938
-0.2216780029
0.2409836829
-0.2291504361
0.0853740178
0.377844464
0.2847520337
0.03684438244
0.9712145567
-0.156072239
-0.3183392227
0.1047902821
0.8865710318
0.1775215074
0.7463851571
0.6692681938
-0.05715232454
0.3987872005
0.4362019643
-0.1309150236
0.1690247318
-0.2024448078
-0.3301605195
-0.08176313117
0.7329483137
-0.4095513314
-0.3236534551
0.05431511477
0.004239600524
0.4053094059
0.7781676918
0.3736047804
-0.02397692287
1.078781378
0.222394143
0.5180244334
0.2326621398
1.443949181
-0.1242072742
0.1334250912
0.01941674147
0.6907049671
0.7004044756
0.4048785187
0.8300647929
-0.3944935858
0.5012718245
0.4032952003
0.306223914
1.285846899
0.875024261
0.5309303856
0.1097586984
0.2770534681
0.6287038334
0.6117141068
0.481589482
0.3108753271
0.358306008
0.2189346872
0.4038644619
-0.1504911132
-0.2723439723
0.2286083138
-0.2172149997
0.1034612058
-0.04262026539
-0.02805761416
-0.3265139014
0.09324461538
-0.02719516633
-0.5765771672
0.09983412754
0.1594526353
-0.131162912
-0.3075140215
-0.4125398874
-0.02998140156
-0.04792546071
0.4977983024
-0.04090784099
-0.2653321866
-0.260039426
-0.2529804526
-0.3394766491
0.3338360332
-0.03103644662
-0.1171856783
0.5767565079
-0.04211172163
-0.287500298
-0.2732554808
0.003431646898
0.5297754832
0.09336935375
-0.4045507111
0.3374656675
0.4171626143
-0.1759970695
0.5244182777
0.5694732524
-0.2629056696
-0.1031147778
0.04115307638
-0.5046451852
-0.1958699036
0.2440637117
0.9882625446
1.536440596
0.08252156787
0.5901997976
-0.4913777664
0.4788256064
0.4424821049
-0.1139358914
-0.1329472658
0.06525231046
-0.08671548516
0.7856087644
-0.5170768149
-0.1438456856
0.5867281295
0.155835964
-0.1088276668
0.3441584494
0.3396829876
-0.01758293156
-0.1807341088
0.09910737593
-0.09207339995
0.5555651106
-0.1123448022
0.2669371975
-0.4018046834
-0.1130071265
-0.3624826461
0.1201383536
-0.03938023485
0.03048536992
-0.1128456872
-0.3596363408
-0.0190132916
-0.1414777029
0.2746469812
0.1552761067
-0.1431874214
0.08567553051
-0.2736360408
0.4438268168
0.1924458295
0.2748185288
0.08205306949
-0.05714636035
0.1582041036
-0.2924809311
-0.2221124452
-0.5867172256
0.004251890583
0.00331115257
-0.3395925146
0.5279069785
0.4020980105
0.1267452636
-0.2745928235
-0.3812972121
0.1502763921
0.763079977
0.8756418437
-0.1880006306
0.2110066389
-0.09907381237
-0.08988284692
0.1108411994
-0.1318915896
-0.3079764523
0.02107268833
-0.4099275462
-0.2840272993
1.006727275
0.09639680386
0.3213073393
-0.02120393245
0.3418615017
0.3046839093
-0.3674684267
-0.1620397326
0.06829819661
0.1878586121
0.5200637966
-0.2965495156
-0.09204566143
0.2442328275
0.9459500194
0.115455196
0.6394665152
-0.2519692559
1.016273508
0.5390558321
-0.1851117902
0.3484818042
0.4279035022
-0.224235696
-0.3278212409
-0.1766915362
0.8927779049
0.03847033549
-0.06915389374
0.6868949234
0.1641994046
0.8335182734
-0.08501381539
0.5954486564
0.7189080581
-0.05569809452
0.5857361294
0.347547899
-0.5824458346
0.3992859229
0.322007772
0.2657837963
0.1935295974
-0.4101111302
-0.08190682437
1.257034364
0.06041203528
0.2442857285
-0.1384580934
0.8749310434
-0.07675109995
-0.1445365855
0.9402407855
0.1419164985
0.008284186944
0.1835497554
-0.169374688
-0.04333781693
0.6346437954
0.2871063959
-0.01338881738
-0.1036663351
0.2363506738
-0.08792770915
0.1104004052
1.172377357
-0.1537433863
0.5324171484
-0.1844640048
-0.1861848799
0.04965966456
0.2894266393
-0.2593541272
-0.4726458326
-0.1183461344
-0.03691078871
-0.1251263721
0.5679379553
0.7620203864
0.4573461719
0.9862217337
0.4583552934
0.8133478492
0.4013398433
0.0349214267
0.1825818961
0.2205204843
-0.1647939978
0.9635516703
1.692585123
0.891183348
0.3687809221
0.1610973317
1.423076534
0.4602151535
0.829118517
-0.06134491954
0.008640837297
0.3053940475
0.6275817648
2.776172924
0.8409580752
0.1596435572
-0.1819684178
0.5359032411
0.4835182913
0.5198981345
0.3685020123
1.018812464
0.4369782135
0.8069673046
0.7913022891
0.5519624278
-0.06275570504
0.4267809879
0.3763517082
0.2198311961
-0.3214993943
-0.2568008393
-0.1798357621
0.3537556294
-0.2549237292
-0.1611478247
1.639919755
0.2159962842
-0.1390890927
0.3331621583
-0.1419619877
0.2563832296
0.7126413852
0.426244247
0.6098493889
0.2388047659
0.5525896817
1.366038907
0.2793025503
0.376061663
-0.1089048367
-0.3286802528
-0.07833192945
-0.08968210127
0.278159333
0.5252160341
0.1253705543
-0.01556898002
-0.1342998769
-0.2520438835
0.6427878693
0.3255867802
-0.3864346356
-0.06892323382
0.7419936337
0.387967648
0.1487204865
0.5423894681
0.5172033645
0.1025828347
1.037216288
0.08987747822
0.5625890695
0.6551366
-0.08401593436
-0.1215548011
0.1667361828
-0.6170954749
-0.3983771734
-0.280478673
0.1312301436
0.1157084714
-0.3649990745
-0.1879776815
1.09598451
0.2831825115
1.101015595
0.4277880631
-0.1406824838
0.5116947614
0.6934613034
0.8485113248
0.003447836824
0.1410926197
0.2288629074
-0.4555372544
-0.1171378786
-0.2321696185
0.3093181714
0.02194964867
0.2066702659
-0.06419847216
0.1369939357
-0.3955482159
0.7555007905
-0.2997436848
0.3396328654
0.2069457656
0.2312250124
-0.01584844515
-0.1889996575
-0.06146269925
0.9504023477
0.7646354601
0.4281326793
0.0815388089
0.7647618078
0.3483800769
0.7769808106
2.019021606
0.3492015637
0.7778933078
-0.4027303904
-0.3261321396
-0.138392025
0.1016188173
0.1356392808
-0.5443101898
-0.3228082879
-0.3382281072
-0.5491760969
0.3283771485
0.4629173858
0.6093675192
-0.4905690592
-0.03308951575
-0.5743259296
0.09209945453
-0.237385894
-0.3210291401
-0.1702077378
-0.3726633303
-0.2969826315
-0.1243026049
-0.4595291644
-0.1340296226
-0.001557397377
-0.1156276235
-0.3270331234
-0.4648365229
-0.2403451478
-0.3043790709
0.01746134618
-0.2502581045
0.2668774317
-0.2214080907
-0.1312602963
-0.2392370179
-0.4401226446
-0.4189881504
-0.2068895444
1.089145975
0.2468886314
0.9231122315
-0.159271615
0.1871793572
-0.01155625149
-0.05208803341
-0.006217402685
-0.01685595103
-0.3107298952
-0.227845376
-0.5035515502
-0.07316953223
-0.4330428764
-0.5439537957
-0.01127598779
-0.3937501661
0.06958917379
-0.2478956304
-0.263487044
1.012540908
-0.5019812003
0.05907129636
0.3581598692
-0.5678859815
-0.4123297468
-0.05594083685
-0.4167157628
0.2730244939
0.1651101906
-0.2043572834
-0.4168064475
0.001128651202
0.04186760299
0.4058249796
-0.2290278949
0.4725223353
-0.2986935236
0.7502234932
-0.247246936
0.1599863114
0.07269530706
-0.2634135954
-0.06955407821
0.06338754352
-0.006802730449
0.1947588468
-0.4149967484
0.1123344868
-0.4882287636
0.004488508124
-0.1446300918
-0.2929129884
-0.4221767724
-0.4318058401
-0.5858703434
-0.5152224898
-0.2904652372
-0.2811824262
0.1233192187
-0.4503653079
0.03217870668
-0.4551396608
-0.1235816497
-0.5307544
-0.3983085956
-0.150266003
0.7845459908
0.4646690905
-0.3320895128
-0.323802511
-0.10817161
-0.3531686448
0.3267467026
-0.5348989233
-0.1617289945
0.110268016
-0.2787347902
0.02734276019
-0.003771710582
-0.2051020592
-0.3035456456
-0.1796949292
-0.3000868119
0.2306157449
-0.3561113715
-0.4552199036
-0.1034941318
-0.1259196375
0.3464275405
-0.1429384913
-0.1754982151
0.05511763914
0.5581456766
-0.145541222
-0.09212547131
-0.2978675425
0.2935518546
0.03642022461
2.043938935
-0.5096825562
0.3610500898
-0.001589647308
1.338083158
1.644204743
1.137987264
-0.1376281577
0.1189915789
-0.1162571028
-0.02768472657
0.2104387946
0.4045488264
0.08486903012
0.2306986634
-0.2731481232
-0.1959312104
-0.03256710144
0.3048645809
-0.01431995095
0.2456613835
-0.2516806222
0.1084420072
-0.3732527085
-0.003621889092
-0.3690015957
-0.2641815599
-0.5108534276
0.3086675255
-0.0886870821
-0.3055539303
-0.2504949205
0.3166397061
-0.34619857
0.4821328692
0.2816841736
0.0273876423
0.3431028062
-0.04726172853
0.170345951
0.4087661117
-0.269798322
0.222299115
0.2765878074
-0.02023961693
-0.2430027407
0.001014680229
0.07298632339
0.06811148212
-0.6790478081
-0.3247606792
-0.2732017979
-0.08910534969
-0.04742076993
0.3222224008
-0.3680586986
-0.3293534387
-0.5229235068
0.09368001465
-0.1517153487
0.8483843016
-0.04714489207
0.140953725
0.06987263625
-0.1834271835
-0.4366887495
-0.006646366837
-0.3772976927
0.01191892689
-0.2045781877
-0.05404879227
0.3510764141
0.2883466086
-0.1686519013
1.031573367
-0.05055535287
-0.4115070954
-0.2537782062
0.968749512
-0.2535508506
0.3126961801
-0.555609341
-0.1228370309
-0.1800360315
-0.2751813956
0.2792223607
-0.04810583107
-0.4628595639
-0.3790998921
-0.3331293792
-0.1654283863
-0.2682195636
0.02109662378
0.5025991809
-0.02818638841
-0.3015462101
-0.3624718502
-0.1425960753
-0.003008416016
-0.08319377815
-0.4510567352
0.1336630316
-0.1812638694
-0.5661074892
-0.2344824884
-0.6855037794
0.5888492009
-0.3581572618
-0.04028256182
-0.215404948
0.1161033567
0.3336001188
-0.4774753973
-0.5079655588
-0.116043476
0.4330337759
0.02535421699
-0.1014231429
-0.09437368959
0.1546292022
-0.08007061779
-0.2436453423
0.3490251675
0.07111094799
0.2476436807
-0.3097660936
-0.3108181655
-0.1943173135
-0.263067935
-0.3493497536
-0.2534193382
-0.5063465238
-0.3060097285
-0.2624832701
-0.1793745192
-0.1553377075
-0.3820819527
-0.2747399237
-0.4284765109
-0.3483376906
-0.3987624586
-0.4057321485
-0.2304563545
-0.3025071278
-0.2750861483
-0.5151616588
-0.2216450961
-0.4177176371
-0.3237762019
-0.4112090617
-0.1379052314
-0.4945723012
-0.573543115
0.1575455403
0.1355071716
0.7764140666
-0.2256010249
0.6340178544
0.06116788294
-0.07986053172
-0.4077666268
0.04253347628
0.1316235747
-0.2916555624
-0.2658793584
-0.3205423698
-0.1044731108
0.5949415149
-0.4153177306
-0.07271010671
-0.4874669194
-0.4246615589
-0.1885206574
-0.6179674804
0.5090681558
0.4167930779
0.1832640739
0.4097570335
-0.05623164093
0.06408135672
-0.6262575701
0.8640181005
-0.1421470832
0.1437694043
0.07950898837
-0.08330297312
-0.1350950526
-0.1418285988
-0.3604418606
-0.3556849435
-0.2534615545
-0.1882660586
0.03821623586
0.2157281715
0.314802441
0.420619661
0.02029790375
0.1599331601
-0.1445481988
-0.4806118101
0.4211708703
-0.3537116669
0.05530773215
-0.04274184536
0.7233528249
-0.3773219168
0.02540635243
-0.2833711311
0.1081317756
0.02947994648
-0.5957581937
-0.6020493016
-0.08242164049
-0.5737988286
-0.3636970967
-0.1827188563
-0.2430600442
-0.3060480736
0.5572191138
-0.05850319075
-0.3765255079
-0.4081822053
-0.3772793077
-0.2293873705
0.1223724116
-0.1944294356
-0.3843747124
-0.4005427152
-0.2473417006
-0.1280831182
-0.4826465935
-0.1174093276
-0.3670039743
0.1814927105
-0.180385036
-0.373626557
-0.2076863877
0.4492526934
-0.1998648118
-0.5313970141
0.3548487591
-0.2039882101
-0.007100093365
-0.4916543379
-0.6694189176
0.4478761671
-0.03143210784
-0.1399267925
-0.4495244056
-0.2144974135
-0.1196895681
-0.3627702467
-0.2020532157
-0.6231691867
-0.2593835972
-0.5643516272
-0.6114729904
-0.2327963243
-0.4472398981
-0.6627041861
-0.227843718
1.378446072
-0.5348916478
-0.212111108
-0.1229472313
0.2612218749
-0.4031160362
-0.5402948722
-0.5817033857
-0.1749156551
-0.1444427136
-0.09128766805
-0.5322172821
-0.288864632
0.02635623263
-0.3355063006
-0.2518073872
-0.135148439
-0.2409605976
0.3245513864
0.05507538766
-0.3266610384
0.07272188254
0.1246740878
-0.4671466202
-0.2951322
-0.01276419526
-0.01424527746
-0.01769295279
0.3610232174
-0.2477021202
0.4771254007
-0.7395449609
-0.3412276156
-0.5009321764
-0.1226080207
-0.2711863775
-0.5578076497
-0.5480213806
0.297060257
-0.5074676558
-0.4557262108
-0.2315089665
-0.2519147888
-0.1328484595
0.05654124003
-0.303833577
-0.06369084539
-0.3570111156
0.04710972272
-0.26573053
1.238494004
-0.4417504609
-0.1022410356
0.6189484686
0.1664602986
0.1656829046
-0.4923541911
-0.5228396192
-0.2966979526
-0.05481410548
-0.4914423779
-0.3799899474
-0.3055072196
0.05434512906
-0.3649814881
-0.6104020238
-0.1467601053
-0.2377733843
-0.2881266244
-0.2017999621
-0.4582903355
0.1935010592
0.09821965881
-0.04910421036
0.007684188336
0.5607343249
0.5258383118
-0.3036117654
-0.2978071563
-0.3303366721
-0.2651800744
-0.4746477425
-0.3830571912
-0.03288877495
-0.2873836299
-0.08796257656
-0.2800210178
0.04587875791
-0.04558955766
0.12353248
1.396912551
-0.2515892811
0.7640108913
0.2320143232
-0.2630050506
-0.3567458034
0.03083408531
-0.03814853588
0.02666817531
0.3721071616
0.1076832321
0.1499123223
0.006961300969
0.05672855619
-0.02235200033
-0.1328263633
-0.09893132374
-0.3752715394
-0.1717119841
0.1876574442
0.8628452927
0.1189876888
-0.3478085667
-0.2620802857
0.8081416294
-0.3279493101
0.7860197861
-0.2147881404
-0.09629582167
-0.4331220418
-0.4886256859
-0.5063832596
-0.1065444419
-0.09526264211
0.0006073828787
-0.1358968833
0.2057384416
0.03069619387
1.560226271
0.2729967188
0.007492763549
-0.08844156824
-0.08185610175
0.1164114449
-0.2152368363
-0.1053758957
0.065246413
-0.3219569109
0.1522462845
-0.04228223097
-0.2294824429
-0.1865897089
-0.186471648
0.4598624829
0.9354763173
1.143959737
0.3478242674
-0.1593894185
-0.2171465024
-0.3678935774
-0.01390084028
0.1230724975
0.4773045518
0.02612512298
0.315738965
0.2543341503
-0.2701708555
-0.5173504937
-0.102711385
0.1113812343
-0.4506042466
-0.09254399659
-0.1223929755
-0.1782226173
0.9429287136
-0.1557045963
0.3299044229
0.5174002394
-0.3127349965
0.08826528583
-0.1787056845
-0.1841724772
0.6180094101
-0.3753032375
-0.1117632713
0.001505338773
-0.122575132
0.3845095657
-0.2619373331
-0.2864559801
-0.2688914742
0.3134437859
0.03554482982
-0.06859557964
-0.2590054377
0.6846967623
-0.2884188667
-0.09176357575
0.736101675
0.4422168672
0.1743582372
-0.45880014
-0.4639178544
0.00576036647
-0.5250712678
-0.07696048338
-0.2951918892
1.501645579
0.351536633
-0.08389668427
-0.2275470726
-0.2831272149
0.3464581054
0.2480914928
0.5037069499
-0.24659096
0.188189967
-0.3038108589
0.06414151676
0.5107218359
0.05921710972
0.2282998882
0.3857318573
-0.1482644215
0.01464443281
0.1030367723
0.1344734419
-0.1173329893
-0.2012616187
0.6289362971
-0.2960884739
0.2670156925
0.5827382263
-0.2242921039
-0.06169985067
0.9777871229
0.6269775406
-0.2227344327
-0.3784750711
0.2700901255
-0.4929775491
0.2890288509
1.699552149
0.03221633229
1.030051731
0.2954596793
0.1325912723
-0.08696198259
-0.2104577851
1.659118199
-0.06888260152
0.03713434367
-0.1162389673
0.05663944762
0.09648528472
-0.08512774892
0.04255659282
-0.03091897666
-0.1827908911
-0.1880380623
1.582166891
0.03955922173
0.7490200352
0.7513764739
0.05373363344
1.359247324
0.5299977448
-0.04799418375
-0.1021419087
0.5035755999
0.1012122843
0.05850156993
-0.2202669218
0.05692608543
0.07721261308
-0.2812402429
-0.194841028
-0.007002255321
-0.1729604447
-0.01269702446
-0.2193695057
0.1705594746
-0.1983005837
-0.4039593309
0.994271189
-0.137734521
-0.1704312202
-0.03881460261
-0.5469494231
-0.125430711
0.1089250989
-0.3553355902
-0.1314675188
-0.4829179242
-0.3527974248
-0.2509142451
-0.1097655214
-0.369582887
-0.3836420462
-0.4139133461
0.6421677861
0.4575665369
0.4797359034
-0.02817186378
0.05092693586
0.2289301871
0.432275366
0.05535301296
0.2510210341
0.3356636167
-0.05023600832
0.04416004643
0.3174952369
0.4375156887
0.2942069814
1.185652423
0.3264475066
0.5080313126
0.1185833843
0.2777735734
-0.1662025947
-0.137650191
0.3023060083
-0.01461969428
-0.2195588637
0.2865561759
0.108801291
0.3933306925
-0.09967847243
0.5628344364
0.0321298507
-0.4578713477
0.1472390987
0.04071518742
-0.733516407
-0.01841642112
-0.2600749075
0.1305629956
-0.5642625406
-0.2925383046
0.08033076169
0.09916047053
1.264960131
-0.6314943597
0.3948337667
1.403519571
-0.1745250925
-0.2549022432
0.4203041594
0.343415769
0.2618926056
-0.155900838
-0.1274243509
0.4882491948
0.307733281
0.397960937
-0.07997717187
-0.2266195398
-0.2053530004
0.01521061715
-0.2920535661
-0.5293303937
-0.09399335133
-0.1626504222
-0.4785317741
-0.09965766631
-0.3094219383
0.09325992987
0.1257648945
-0.2637580164
-0.1129205814
-0.07633417994
-0.3970291644
0.005054826103
-0.2375167768
-0.6687649831
0.09330035988
-0.3759051744
0.7603804449
-0.2117624603
-0.3346460186
0.3122960057
-0.01320190169
-0.2641655125
-0.4232550263
-0.4032227695
-0.09604844488
-0.3329651315
-0.04056354761
-0.1708986156
-0.01827718467
0.0327436951
0.5271005481
-0.2040795456
0.1671744458
0.0769160551
-0.2212510867
0.5282230034
-0.3600554764
0.06436569877
-0.01527284011
0.006844212301
0.5557753257
0.5989012435
0.8997714777
0.009896105994
-0.2820034482
0.04257683158
-0.07918784805
-0.3862293601
-0.02171661779
0.09230145235
0.261470167
0.6926907819
-0.2948131129
0.5081496092
0.2419523429
-0.05052865148
-0.5237085894
-0.5031128958
0.2534601729
0.05670616925
0.1390111086
-0.08463204214
-0.05258247117
0.1618958296
-0.1114242543
0.09346259087
-0.3623111896
-0.1170893271
0.4055884562
-0.04094606517
0.1874570437
-0.3107016845
-0.09902746901
0.5446261236
-0.05737790503
0.6516564429
-0.4238174096
0.04450452849
-0.01448304132
-0.2923206154
1.115959311
-0.4954442218
-0.0993902158
-0.3140709653
-0.3442921773
0.04509411231
-0.02132396363
0.6408718001
0.8778325617
-0.3223054193
0.2280303095
0.3749379143
-0.1253652739
0.01983557623
0.6763006568
-0.3148338839
-0.211278442
-0.3151009873
-0.2285138134
-0.2944792055
0.2105217922
0.2829822011
1.867034551
-0.2851357508
-0.3777158916
-0.4581390873
-0.4680785194
-0.5705673918
-0.1846894059
0.4662693642
-0.4135186747
0.3533198364
0.02339998204
-0.431577976
-0.3762145044
0.2614841837
0.3913767216
0.1849468919
0.5112344388
0.8726720598
0.4386220425
-0.06245789584
-0.09763774658
-0.6449669972
0.4772095837
0.5724501349
-0.08605036009
-0.2700370707
-0.5979633383
0.4972070649
0.3352245428
0.1265568365
-0.06952760257
-0.1633780994
-0.2725726173
-0.2385404471
-0.06396436319
-0.6010957949
0.2501975991
-0.1080745716
-0.2362896799
0.3578248143
0.9213031158
-0.05388454534
-0.4312234335
0.2193681331
0.2026795582
0.4824849498
0.1793713372
-0.3545184841
-0.3307059832
1.308937927
-0.09713951647
0.2967897486
0.2881375808
0.6541355059
0.3652221816
-0.4197965194
0.1662612071
-0.4205521934
0.01828686893
-0.1969300215
-0.4166940019
-0.1144259933
-0.04659250546
-0.5198504686
-0.4349828586
-0.2011180744
-0.4855789438
0.2954165004
-0.2710992184
0.356426822
-0.5404067829
-0.07083851583
0.01281122714
-0.3130304024
0.1936153822
-0.03564993441
-0.7232328653
-0.5352136597
-0.1121618411
-0.4664920665
-0.01913469993
-0.215699188
0.4083139829
-0.1142335476
-0.1288120806
-0.3242333084
-0.5010494731
-0.3139344692
0.09670904009
0.06322996728
0.2935499156
-0.4111772463
0.05615485869
-0.03899559248
0.3493039336
0.3949741514
0.04877637122
1.502088957
-0.1146396667
0.2506274477
-0.03638590258
-0.3704409324
0.1038015451
-0.3507144637
-0.0564800092
-0.2321529277
-0.2170536781
0.3082868464
0.1469249196
0.8698342174
-0.07802229933
0.1581398726
0.1583830664
0.8342521653
-0.2386711452
-0.1881940594
-0.2220283425
-0.310773956
-0.1670527138
0.8373353004
-0.3645247648
-0.2040188909
-0.02527204286
-0.06986092068
-0.05850422774
-0.2774292953
-0.007987434976
0.3176819256
-0.4072308257
0.05576443523
0.3418570237
0.2525495097
0.8354713656
-0.1630728379
1.033395635
-0.1464754272
-0.3376928248
1.570001698
-0.4678751789
-0.06984565714
2.3285815
1.229641663
-0.4179496691
-0.1308658537
-0.6776419282
-0.2157976203
-0.5948121086
-0.3965324245
-0.6597264543
-0.06782771423
-0.1728615105
-0.3298514396
-0.389239265
-0.06858280823
-0.447795862
0.03361887746
0.3100710778
-0.6853708699
-0.2772795822
-0.154602355
0.4088666983
-0.4752043962
-0.1862188555
0.1479186368
0.09406255037
-0.4342380241
-0.4236255243
0.07911711968
-0.7561566353
-0.0627480315
-0.04059160557
0.01299592014
-0.5789444685
0.1444024185
-0.2950270928
-0.06287417449
-0.3041134
0.2036031873
0.4558930837
-0.5683603242
0.1761698574
0.8057592109
-0.2561485935
-0.2592450179
-0.1729646023
-0.08031245694
-0.6928268895
-0.2196357891
-0.2121358715
-0.1118898893
-0.2202036388
-0.4847827479
-0.09281284623
0.04181505507
-0.1841497596
0.1972022904
0.2049991785
-0.7289391205
0.04497980326
-0.3830556311
-0.267943085
-0.6142119944
1.228420963
-0.04751422727
0.02779949233
-0.2303332951
0.09027284998
-0.258488097
-0.5962588593
-0.3185044721
-0.1507302566
-0.1464283614
-0.6847713754
-0.1998682179
-0.1988510676
-0.06789829154
-0.5393879876
0.8986987978
-0.2506928455
-0.1477430396
-0.3117716692
0.3159097049
0.1874709602
0.9944056451
0.1053594201
-0.2684837595
0.02141114995
0.116164459
-0.07225206606
-0.08873144006
-0.3225337662
-0.07501461096
0.1623102635
0.008420660719
-0.4199959859
-0.2665172167
-0.2870280862
0.3964091511
-0.03037962299
-0.05930275442
-0.4363780379
-0.2500984162
-0.5600772217
-0.2456289487
-0.4053159796
-0.4521609262
-0.008826540038
-0.2475305503
-0.2424426313
-0.3574355438
-0.4487897679
-0.8017793775
-0.2541693754
-0.142461475
0.01575637925
0.1814970061
0.3412581972
0.06453130525
-0.772356309
0.1181814967
-0.2143913321
-0.08936816379
-0.3612251038
-0.4257253274
-0.4631471097
-0.214997131
-0.06846006699
0.07345320079
0.48410055
-0.1775903411
-0.08047680077
0.1295001261
-0.5243805423
0.0497396607
0.136590488
-0.06699449373
1.037902521
-0.2552069541
-0.4730600908
-0.4745786145
-0.02316640168
-0.2351580575
-0.4957035393
0.2791294351
-0.1939965684
0.1375456968
0.1917185679
0.2503317211
0.415641382
-0.03204287812
-0.05484953504
-0.1317653343
-0.02708597425
-0.443531552
-0.3549617209
-0.2066864301
0.1742318114
0.6974964872
1.102619836
-0.2391475394
0.03520019297
0.5245809019
0.4009431846
-0.06755014937
0.09166018013
0.1758095535
-0.2186459981
-0.098756749
-0.0677854266
0.3188019421
-0.3565544493
0.4811987042
-0.2770665646
-0.0910604205
-0.2020560049
0.04375171182
-0.04726214781
0.5691480033
-0.1745624304
0.384821089
0.05580723137
-0.2033813596
-0.4996841475
-0.01744670384
0.4365611855
0.2568471327
0.3394557603
0.1708873079
0.2163991608
0.5306053013
-0.08183489037
-0.09302729443
0.04341659509
0.6235850576
0.1337732747
0.4935293972
0.3886641206
-0.2299120102
0.1239451781
-0.3734148398
-0.08950615991
-0.4156884357
-0.4435667098
0.1944900215
0.3915059427
-0.2226737425
-0.1131034078
-0.1298599634
0.2882514231
-0.2216214398
-0.1362466079
0.1678361451
-0.286219649
-0.2988125291
0.05425929651
0.222253209
-0.02860129289
0.1012137107
0.3682132833
0.02246665284
0.07726605199
0.1388445548
0.2333415786
-0.04391901195
0.6582755286
0.2254019218
-0.06967129428
-0.09757859744
0.6508942768
-0.1571446214
0.2855870212
-0.1112926714
-0.2587590551
0.02186681425
0.3613713585
-0.0658457581
-0.1993594736
0.2564975837
1.053554009
-0.133721769
0.1291951001
0.7129213125
0.3004687248
-0.1708224226
-0.01211088896
1.52650598
-0.4997808293
0.1878004637
0.5999269053
0.09297639942
1.349759057
0.4862778444
0.9944740772
-0.05345530706
-0.2335770842
-0.5567120671
0.5185780827
0.1479923669
0.2049603824
0.04290298857
0.04582489263
0.7324525714
-0.325249128
0.4252735134
-0.3991432063
0.2670924472
0.01310352031
-0.4805601418
-0.3239304438
0.07948185541
0.1850478934
0.01915541422
0.5590250701
-0.3685139738
0.2975442328
-0.2203913767
0.4165373068
0.1312777735
-0.1880409669
-0.4140560791
0.5952876404
0.03790224567
-0.08148816377
0.3865394346
-0.2166964535
-0.3468882084
-0.1425909145
0.831199058
-0.05283209858
0.1012944877
0.5327478528
0.3247462383
0.2887849735
0.07812705747
-0.1806340035
-0.1897386163
0.2082938243
0.2846317098
-0.1037704892
-0.08513502167
0.5335880198
0.4748555973
-0.455029209
0.4356847383
-0.1483811243
0.03893821575
-0.2424229331
0.5359713836
-0.2959016547
-0.4863085032
-0.3074856572
0.02026099246
0.4769161373
-0.2358240804
-0.4478651524
-0.1253775453
0.2071923701
-0.1011437997
0.317323631
0.6119670495
0.3340716787
0.9277349502
0.1601208229
0.9468617432
0.5126942188
0.3087125743
-0.1536022928
0.617782028
-0.174971039
-0.2776146322
-0.119582564
-0.06317488756
-0.2278849453
-0.1535778616
-0.2408382032
-0.2070996471
-0.432529296
-0.196624162
-0.1043768002
-0.3482919589
0.002200637572
-0.2628743742
-0.275376489
-0.4071192384
-0.05938658621
-0.06554757841
0.06333988458
0.5769536098
-0.1896447171
-0.07722627968
0.002739907894
0.5997317612
0.1992725221
0.1861618942
-0.3985167168
-0.2639716793
0.1282622874
0.233649875
-0.3085949853
-0.4160236016
-0.6391508237
0.3094605267
-0.1792417329
-0.1683279946
-0.01333627813
-0.1225736346
-0.3097243685
-0.148692218
0.03449768601
-0.4334822416
-0.2923313577
0.8834796056
-0.6210248321
-0.3125259846
-0.3836758181
0.05449534412
-0.272127375
-0.6122220352
-0.3402510095
-0.00817405805
0.03961931244
0.2552020647
0.1364815453
-0.1527975172
-0.294327163
-0.4046890497
-0.3237349831
0.5621667072
0.1356075678
0.3275887448
-0.08029709458
-0.348356929
-0.2082431337
-0.1238622637
0.05232038498
-0.1939362491
-0.09050358329
-0.4139197797
-0.1868303906
-0.3109597839
0.6717817333
-0.2180454247
-0.4555108696
-0.1082226923
-0.1972984202
-0.5262557834
-0.3714132199
0.2733823527
1.078246598
-0.01245973893
-0.5017355293
-0.1221972054
0.05674289316
0.08484600764
-0.195852403
0.05437095948
0.221634201
-0.4111371323
-0.1169911634
1.397603936
-0.0193389589
-0.1184398734
-0.2556403916
0.04935244992
-0.02471109983
-0.385691268
0.0540033238
-0.4564039461
-0.492327258
-0.6489223048
-0.3476724274
-0.4154367335
-0.4287463665
0.7732122406
0.06883568149
0.01750117913
0.1301766054
-0.2130640946
1.167897478
0.3727883924
-0.08592828959
0.0108131744
0.2536656421
-0.1200281315
0.02439623591
-0.200166069
-0.2883635499
-0.3744432718
-0.4145224139
-0.09362344965
0.4058124945
-0.2928504437
-0.3009360544
-0.09147956856
-0.2452035122
0.08425654806
0.6144643133
-0.4684606135
-0.3817027614
0.6102774261
-0.04915687488
-0.008548953198
-0.2428904641
-0.2387982987
-0.03464738932
0.9615396284
0.2425818434
0.1885707466
-0.2905057959
-0.2694803253
-0.4733106747
0.3127509013
-0.07407197393
0.2173794886
-0.03651221143
-0.07988445275
-0.3169986963
0.4552131183
-0.09686375391
-0.3035736203
-0.1480965359
-0.3413139977
0.1386140507
-0.4312144786
-0.3765460297
-0.1214731571
0.8522188092
-0.1134281829
-0.1810080193
0.2066491174
-0.02293396993
0.06120850667
0.2200840268
0.902384007
-0.09719887078
-0.05604028814
-0.6802345768
-0.3176836661
-0.07752257865
-0.3816536725
-0.03576291725
-0.3354493096
-0.1250854593
1.03454023
-0.1211842136
-0.08391768523
0.818868259
0.1013444567
0.2286564771
-0.3297243655
-0.6084760085
-0.1000723368
0.1503986836
-0.3879847109
0.2719721496
-0.4626420677
-0.2926662977
-0.629968217
-0.6308695033
0.2056348864
0.9996624947
-0.2916241042
0.2092803946
-0.5164663397
-0.02949331161
-0.06705110259
0.725027263
-0.374901177
-0.2695889719
0.4637128107
-0.1842417113
-0.4753788441
0.2513798712
0.3526867107
0.01921419241
-0.1283911052
-0.6955394447
-0.4045013189
-0.01955443118
0.08921895046
-0.3667263344
0.6687763661
1.731055383
-0.002646711469
0.4536316551
-0.4748587444
-0.337409332
-0.353146755
-0.2693066396
-0.207427042
-0.4427214265
-0.5456087012
-0.2023318917
-0.6111694083
-0.8576529115
-0.1335711921
-0.2634624701
0.01357601401
-0.243055319
-0.4204464477
-0.2283398551
-0.1440028504
-0.338511147
-0.2036712188
0.7272492602
-0.3949646145
0.9846405014
-0.268709749
-0.2798290689
0.5439356671
0.5192804772
0.1272266788
-0.1751235865
-0.3771167075
-0.2160492976
-0.5518870711
-0.2244263727
-0.2135713477
-0.4946486615
-0.1031468119
-0.3258558877
-0.009451743821
-0.1923366955
-0.513803719
-0.2639309086
-0.04677015133
-0.531049417
-0.4783253595
-0.1107211737
-0.3269938141
-0.2202730369
-0.4639912918
1.263771313
0.2326933017
-0.2212468125
-0.3088742722
-0.635987018
-0.3617430732
-0.4947708443
-0.2578253873
-0.3597369391
0.5606667615
0.941338414
-0.3640853867
0.2051196266
0.1404025606
-0.4434983268
-0.2159299409
0.08917983919
0.04721027398
-0.2872959033
0.007590679079
-0.02057452481
-0.2760465257
0.2161782969
0.006875631586
-0.4483697966
-0.09482108024
-0.07688471461
-0.08771298034
0.03693970661
-0.318651738
-0.6151171356
-0.1379926857
0.1488547737
0.2894435799
0.05932789259
0.1293348666
0.2738121716
-0.003102953732
-0.2470642004
-0.06297454797
0.02694574073
0.2189107267
0.6322104968
-0.1562775418
-0.260703139
-0.4928719223
-0.2959567077
-0.2116968647
-0.2257158497
0.2998579517
-0.5091885895
0.03038344712
0.02261855258
-0.1221092126
2.1632909
-0.455062715
0.9876196459
-0.3825710706
0.08528949416
-0.1666839465
-0.2655814961
-0.08160288408
0.0199192103
-0.1267451734
-0.1663859324
-0.09312775657
-0.4534258867
-0.2528318431
-0.1110096032
-0.6366848439
0.176645897
-0.5366798401
-0.1605075615
0.1684847154
-0.2119305588
-0.6421371534
0.03693853803
0.4134181436
0.1261889019
-0.08354261033
-0.2320823833
-0.3255343474
-0.4184130117
0.009716794733
0.210664548
-0.2112626469
0.03129149564
-0.1265377082
0.3275583768
-0.4673982859
-0.01740933591
0.08530684859
0.1512863768
-0.3669525653
-0.3481734291
0.7546704726
-0.3148540217
-0.4699292464
-0.2183154266
-0.1676039685
0.1735557782
-0.06603001319
-0.484439493
-0.131515697
-0.6562857911
-0.3572837591
-0.4737733267
-0.2149574779
-0.4393242374
1.080975726
-0.1252991577
-0.08766183071
1.220322898
-0.6078275904
-0.1391717173
-0.02817061283
-0.3099355496
-0.2293199271
0.6882105276
-0.07133558365
0.8223240256
-0.02438059058
-0.1162662102
0.164779729
-0.2026872496
0.04457552359
-0.4899091851
-0.1932942227
-0.08811007096
-0.1312962858
0.03778818818
-0.2042023506
0.04581541559
-0.04065855574
1.820343602
0.7959228531
0.05877804011
-0.01479455344
-0.598892238
-0.5726104915
0.1340700263
-0.4964756891
-0.339229665
0.008778169379
-0.2146573182
0.2782708153
-0.1904100731
-0.3481717743
0.221213232
0.2649659354
0.2466749565
0.1263049559
-0.08104662262
0.1806873389
0.5943436131
1.200555848
0.2408985566
0.7378793925
0.1397221865
1.042170599
0.1659887472
-0.3089956462
0.4249998778
-0.3562392361
-0.1816736829
0.8129937798
-0.1875047874
0.1571831148
-0.07146250042
0.3216412662
0.2150151521
-0.4659034945
0.5450500138
-0.2717156075
-0.07153237211
-0.2062705383
0.6077373657
-0.5086085737
0.2356683785
0.1631047651
0.2286471518
-0.03035009345
-0.09205975607
0.09788468853
0.001959302276
1.230247736
0.1372579833
0.319093575
-0.02111298796
0.5589290224
0.2650815756
0.6991718732
0.0909750253
-0.05218007374
-0.04216389558
0.9702138036
0.05909530465
0.4054601213
0.06100646015
-0.04725670666
0.3591667641
0.3415484272
-0.2082433429
-0.3608711228
-0.193336691
-0.0610745199
0.878110157
-0.4683620021
-0.3144672409
-0.180093655
0.2383488331
-0.0165529618
-0.2186487548
0.2542608354
-0.1373461409
-0.1319256768
0.6016550584
0.4885472363
0.3131972168
0.3978415804
-0.3353972979
-0.34799277
0.4561994782
-0.3172318429
0.05691796467
0.1821547538
0.5867384398
-0.09952871799
0.1904686861
0.6894839592
-0.3557554156
0.2953095226
-0.2403016541
0.3410498805
-0.1529320432
-0.6248658389
0.106367431
-0.2266251368
-0.006313450728
0.6413745098
-0.1320451833
0.4279978909
-0.1550165171
0.3526157273
0.1321956727
0.1669277558
0.2879375616
0.1359981189
0.4571812736
0.7200314701
0.2165955678
0.8109770425
0.1104679139
-0.198469533
0.2142782797
0.2084227312
-0.08667714056
1.136561015
0.1598550057
0.09048353694
0.401454201
-0.2236165371
-0.1939393744
0.6988276392
-0.1486834906
-0.6463132858
-0.1664499648
-0.003035194054
0.04932237081
-0.4380451396
-0.1387901299
-0.04191458449
-0.3140966952
0.04937329628
0.3062145375
-0.2907416098
-0.2657539427
0.2493680906
-0.5568191096
-0.1111583164
0.01689772662
-0.3784687072
0.4358484201
-0.1277671345
-0.1739240408
-0.05181515031
-0.2252775237
-0.1914752589
-0.3755772248
-0.07735225148
-0.3272124499
-0.1306299843
-0.134224394
-0.4258182317
-0.08359220903
-0.1347430279
-0.1070855517
-0.1675377034
-0.2106038831
-0.6183099627
-0.4401458815
0.4762315363
0.8463363636
-0.1141345341
0.1039316598
-0.5753692485
0.2048897834
-0.2371954635
-0.4425732031
0.3140447251
-0.1649435274
0.4660231501
0.02000287287
0.06658328101
-0.2066943001
0.7885058425
1.988519841
-0.1897429006
-0.5144851014
-0.02670746744
0.3998774745
-0.07349168584
0.5935036927
-0.211850566
1.122241509
1.537391634
1.894968282
0.4951719686
-0.1548716422
-0.02384351492
0.7531176239
0.3426086282
-0.3664706908
0.3432383487
0.09560377561
-0.09937561434
0.08399894387
0.1476100298
1.477649605
0.4964817688
0.05976711493
0.3125812225
0.1035800766
0.04395534247
0.03782341778
-0.1961176082
0.2397678558
0.2445126809
-0.2030632596
-0.1768195219
-0.6168174922
-0.02296775989
0.07473871149
-0.1336785769
0.6405267112
0.4087046538
-0.4246544898
0.04156082086
0.1207480024
0.1849445306
0.1901071077
0.4421339005
-0.07560526635
0.01395218335
0.4850283355
0.4477091596
-0.01650650501
0.3803766564
1.234494546
0.08621067517
0.04328579223
-0.001675809547
1.342174542
-0.3454888158
-0.09233735572
-0.1431468517
0.1276180143
-0.5026086032
-0.243446026
-0.03931010161
0.2326204777
-0.09638016075
-0.02848168164
0.245220688
0.1380075268
0.2979750255
0.06648838371
-0.01746008089
0.1210473156
0.8704931378
0.4659380978
0.02933081724
-0.5202538863
-0.07665584162
-0.3505043015
0.1949885257
-0.1431413926
0.1062892761
-0.2074128054
0.06045957841
0.563614624
-0.2537415057
-0.4969963491
-0.3032704141
0.2659313552
-0.3292424351
0.2138907278
-0.2798121987
-0.03480891343
-0.3360852703
0.03161413744
-0.3163073823
0.1758557877
0.01404049471
0.8239371531
-0.1278939433
-0.2730663788
-0.2202690899
0.4456729617
0.04981304649
0.3570032753
-0.2919233106
0.02962528598
-0.2161418721
-0.1095451888
0.2779271126
0.2507327167
0.5477237426
-0.3113704823
0.2014803665
0.3513736205
0.03905399106
0.9897702873
-0.261467319
-0.3576088943
0.1490509538
-0.4200742299
-0.2094308601
-0.04193518087
-0.4445365012
0.3796196528
-0.3434307858
-0.4011458591
-0.112616468
-0.0363280965
-0.01404702794
0.05789078604
0.08172488362
0.04273328949
0.2358962408
-0.1600000158
-0.06483670175
0.3434987143
0.2674839107
0.04465422519
-0.2249841683
0.3987743646
-0.2895475341
-0.3169687971
-0.07379128188
0.2322177
-0.4017254502
0.1830142211
1.272141086
-0.2141031057
0.1882928019
0.2482472939
-0.09434379898
-0.01822336428
0.7897627987
0.1749106115
-0.3080553576
0.24023677
0.1106364683
0.3052065931
-0.4499210253
0.04208081923
0.2799594449
0.2890649781
-0.4092686519
-0.1188930463
-0.2078113467
0.00248362571
-0.2409371629
0.104228659
-0.3126279406
-0.01176318098
0.6219177909
0.4825304585
-0.05432615504
-0.008799877483
-0.03658428825
0.07940071523
0.1817139369
-0.05597994141
0.8013550207
-0.07108730339
0.7390035912
-0.09885538742
-0.008328781091
0.04556374326
0.4334722297
-0.1722228795
0.4421205845
-0.1852051616
-0.1257239316
0.3877214309
-0.4855033413
0.7443919346
0.02773225401
2.518299006
0.07194350585
-0.3158347502
1.163001168
0.433552067
0.3871896177
0.7029133223
0.2657647297
0.03326473311
0.4901180064
-0.02600015597
0.3032739341
0.6320360675
0.1851787282
0.06341824662
-0.09922989402
0.2060455918
0.8561573535
-0.03337399177
-0.1407673277
0.3718046464
0.7778321266
0.7146986395
0.199839608
1.014573672
0.3127772389
0.2820895441
0.5760099007
-0.02886726372
0.2837311478
-0.2367177222
0.9651835091
-0.2321525004
-0.3790066548
0.3561797712
0.1499640234
-0.2816166148
-0.3628912821
0.3950046364
0.5930183381
0.1138116716
0.5829387391
0.6368914321
-0.05041354001
0.9663209304
0.03165385742
-0.001893201657
0.02459752383
0.1261417359
-0.05952543374
-0.09707174506
-0.3135662854
0.04132184479
-0.1419035546
-0.3362387583
0.102548405
1.375527176
0.1944632642
0.2051285382
0.3009895045
-0.1238259625
0.02344561461
0.3145615712
0.7983017109
-0.3720878724
-0.0625426596
0.5759933308
-0.062040448
0.2227171388
-0.04178919811
0.3310375281
0.07079109419
-0.3227227621
-0.3428277316
0.4244499756
0.5988074636
-0.4289704859
-0.1192858208
-0.3346850194
0.9145921573
0.4973783191
-0.4914093822
0.3806584366
0.986364466
0.9993820459
-0.237651897
-0.1133049877
0.5063702755
0.5163876757
0.7331796467
-0.01701018251
-0.09094441272
-0.3442937795
-0.04194750711
1.042135087
-0.1367503572
1.223672515
0.3129264303
0.4407274485
0.2127261587
1.037699376
0.3202010021
-0.1708885025
0.8749309421
1.213197809
0.4434535261
0.47006642
-0.3216795951
-0.29677644
-0.163243589
0.4560397908
-0.4009094745
0.1763506174
0.1719547356
-0.2219625954
-0.4937021613
0.3062109962
0.1082969308
0.2001759026
-0.03557262607
0.459528105
0.5957192801
0.01671683341
-0.08987421114
-0.4778027117
-0.100145518
0.05428090226
0.08895015642
-0.2269525386
0.01638057213
-0.3695708573
-0.2559985638
-0.4603210241
-0.1537544228
-0.5992747888
0.3381052844
-0.3024280325
0.2470151968
-0.2487699725
-0.1149413021
-0.3524221107
0.6657285996
0.09401308913
-0.1922847833
-0.1926367298
0.1947087873
-0.264664074
-0.2484637681
0.3295304745
-0.1311253885
1.308715655
-0.2485638602
-0.2025619864
0.1018356976
-0.09572289903
-0.004423265904
0.7122053117
1.141561207
0.02657056004
0.1749556199
0.4323459473
0.513838549
0.1911830813
0.9678224817
0.1212131631
0.1295760016
1.40279671
0.5041669361
0.6698840991
0.2952413978
0.4257743277
0.6315533444
0.7648801647
-0.0976565944
0.184688101
-0.5210420437
-0.1842678126
-0.4648197092
0.4623956624
0.03467896972
-0.03812008202
-0.3487290509
0.4974558637
0.07697436735
-0.307378909
-0.04981005602
0.2579140685
0.5470032744
0.5497042283
0.1954111682
0.07619285751
0.03895970602
0.6069565544
0.2165800132
-0.4640789412
-0.05266039632
-0.5271686509
0.1225325041
0.5749669611
0.01587025374
-0.01002647802
-0.3284251265
-0.5917399883
-0.2098321769
0.08030354828
0.1415432226
-0.479855217
-0.282094191
-0.675782977
-0.3496897981
-0.3025309168
0.7696577236
-0.02523692735
0.4851692945
0.02726406772
-0.16231537
0.8463975511
0.8476266004
1.395515692
-0.2564400561
0.2454801744
-0.06690592598
0.5953073651
-0.08211050555
0.1458352163
0.02173362616
-0.4608690009
-0.3979910105
1.759326395
0.9578067742
-0.406628266
-0.01166340373
0.5036507718
0.7798391834
-0.3192434654
0.624692861
-0.2990203358
0.3122613544
0.09070414435
-0.01973805642
0.02903656736
-0.1317786623
0.7207221635
-0.02928661145
0.3679106466
0.01701414753
0.0002354845405
-0.3557655193
0.4806518894
-0.06707318313
-0.3797901466
0.4125165021
0.8486199647
0.862050749
0.4183892619
-0.01734102126
0.5449948385
1.372859284
0.09164577085
0.07786633214
1.730473098
1.44264605
0.5112826753
0.1132325325
0.1076116666
-0.3889629893
0.2904562071
-0.3234548964
0.08837730624
-0.4611777293
-0.1698135048
-0.4890838116
-0.1953835845
-0.05906086694
-0.3414288603
-0.3182778038
-0.5811108008
0.2777099764
-0.2244436366
-0.4746075675
-0.1876639307
0.04666536311
0.06854858026
-0.004045024887
0.4880801257
-0.1449178662
0.1522840614
0.3818363959
0.4884910129
0.09879542519
-0.4206324637
-0.295702368
-0.1866899416
0.4406158587
-0.4723757498
-0.1127532756
0.5036266062
0.006618179195
-0.1935386572
0.09810427553
-0.03653883841
0.1849594053
0.6819995761
0.03611509725
0.3971283652
0.08198966342
0.3515333191
0.1383238025
0.8923611954
1.31299238
0.9239768878
0.2581398794
0.718354338
-0.06056527644
-0.2027987007
-0.284750618
-0.1969879575
0.2572793839
0.1991212493
-0.3085537039
0.07054828573
-0.182955825
0.3171243735
-0.4968886167
0.2701624086
0.156597583
0.3520337584
0.7657237589
0.9526029363
0.1109071974
1.090512875
-0.004981764406
0.1435024289
-0.575027746
0.1770083368
-0.1202310063
0.1987990404
-0.1460476801
0.2006342314
0.2192269539
0.1752837112
0.4959957518
0.1467594935
-0.3022625767
-0.1458263002
-0.2410155505
-0.3195617579
1.151690832
0.3114070091
-0.1871965446
0.5790578462
-0.03511431143
0.1710932259
0.09542239998
0.5213452432
1.179938868
-0.2152584849
-0.1492641754
-0.1233346215
-0.2729295507
-0.1801462688
-0.07150680032
-0.1599070743
-0.4461305499
-0.2144433714
-0.1104218137
-0.3835285246
-0.3725862339
0.4190136567
-0.2391470183
0.06742958482
0.755081998
-0.2545044214
0.4376974776
-0.1795097433
0.1453401595
0.2197126534
0.3612298675
-0.1140377466
-0.3294446059
0.4497858534
-0.1062127732
-0.09888145812
-0.4446141213
0.6647453256
-0.008645766787
-0.1033279231
0.1370860983
0.8789522603
0.1449047675
0.1002072334
0.02118850322
-0.4574903563
0.6014296766
0.3760252863
0.9839066297
0.6356979124
0.1662221655
0.5354234491
-0.02217288185
0.1559862295
0.6591583267
0.6788431423
0.1444869323
0.1493654801
0.3178501185
-0.1809816679
0.3967860635
0.1480454868
0.5025153033
-0.464248836
-0.3323666671
0.02915856354
-0.1095992528
1.176280448
0.5436610743
0.3773469813
-0.49071953
0.2547945347
1.326466164
-0.02240104005
1.013307644
0.2662228859
-0.06520520281
-0.09285605215
0.03840310727
0.3114323091
0.2109681912
-0.2883799881
0.06115107909
1.1954961
-0.3423438959
0.1663972907
0.01924667694
0.1152547797
-0.05906066224
-0.04943764694
0.2506117843
0.02019116934
-0.2986851327
-0.1347256795
0.4862258233
0.7376248986
1.463163057
-0.2403232939
0.7095335983
0.4503267288
-0.6292865798
0.1584491327
-0.06728048101
0.001621476561
-0.3037656225
0.2565176178
0.4491947345
0.6508436531
0.7583043477
0.04048432466
0.03993127309
-0.1052489996
-0.2322274305
0.1248358525
-0.1652653549
-0.02562635969
-0.1374956883
0.3192397602
-0.05288081877
0.4639615573
0.1707220923
0.05156704304
-0.2928859361
0.8143318452
1.881455109
0.2271333411
0.09686486311
0.00458809603
0.3899550205
0.7437815607
-0.04844598006
1.651405057
-0.07749902047
1.233530471
0.1343046378
0.1508898728
0.188076522
1.183579914
0.3559584193
0.6030121841
0.7607292295
0.2357743246
0.5530456126
0.1069417585
0.1234551959
-0.4176072508
0.2107670236
0.3194798561
-0.007802235801
0.2156926403
-0.07537602168
-0.05027111843
0.4537400151
0.2296135777
0.3793797731
0.3772634104
0.509147528
0.2781780062
0.5103460368
0.4734646983
0.3688585255
0.3029912543
0.385655841
0.0998885029
0.9222207993
0.3456145933
-0.3199913293
0.0847251527
0.1110692712
0.3715130871
1.446462667
-0.05932237618
0.1033041034
0.4013154918
-0.03667788785
0.8505941138
0.4838275194
1.076593515
0.9486911595
-0.04970374443
0.1125877105
-0.07959404662
0.002964716405
0.1325723303
-0.3507735491
-0.04764419999
-0.4177477639
-0.4751440033
0.2345969209
0.2396089058
-0.1908055902
0.09148168787
-0.1996186394
0.03522243425
1.341309461
0.0007425324991
0.2233866982
-0.3106485881
-0.2512128409
-0.0538762664
-0.2452305432
0.3154349379
-0.1212408964
-0.1299404228
-0.09057624172
0.3281230336
-0.1858844075
-0.1465400828
0.3000007736
-0.147109409
0.008416512609
-0.2827347368
1.170098546
-0.2548386503
-0.1339881547
0.3392492454
-0.009688438848
-0.161430084
-0.4049857706
-0.164322963
-0.2956833526
0.4517804446
-0.2862671785
0.5732610591
-0.2024040384
0.1278999515
0.04239990599
0.03118401761
-0.106704931
-0.06253229612
-0.4355913926
-0.352502273
1.160694212
0.3931742657
-0.1025079872
-0.3909310438
1.951926756
0.6638750762
-0.4533535287
-0.09358573388
-0.2426503927
-0.4616736233
-0.5524654478
-0.1703219958
-0.1591852508
-0.06132387514
0.2394602861
0.3432236478
0.3793760346
-0.1229437526
-0.265258446
-0.08706431687
-0.2952954084
0.06238638256
-0.07418362722
-0.02619255707
-0.4145064607
-0.02034713123
-0.2665313557
-0.1933183849
-0.1092144348
-0.1732691962
-0.05198589824
0.7947020225
0.4997541392
-0.1393489568
0.04018189088
-0.02230272014
0.2203717692
-0.1869408317
0.1317797212
0.6280705735
0.2246842068
-0.3822449163
-0.02005660273
-0.7856272027
-0.2473371852
-0.1463671565
0.1204879272
-0.2778878838
0.4875185981
-0.1511595212
-0.05823830515
-0.006266293675
-0.2325324504
-0.2209495611
-0.163150499
-0.02445583139
-0.158424245
-0.1633315556
-0.2827449955
-0.1959655117
-0.3485369503
-0.424948746
-0.3777897697
-0.00229243706
-0.1898765016
-0.4184295371
-0.08532557152
-0.0965411894
0.0001023836434
-0.1269031996
-0.4424680457
0.03375930423
-0.1162689079
-0.02016969658
-0.6115674958
-0.1248920057
0.1804756712
-0.02838000283
-0.1827381738
0.1729893563
0.3413121952
0.04107317328
0.1688878287
0.218958753
0.2293381285
-0.2921607822
0.8369964078
0.08971786313
0.1223928989
0.4986363411
0.07335999217
0.8806319818
0.1436317144
0.08634096663
1.176791579
-0.084121083
0.6648231439
0.2196798744
0.8686373442
0.1960498618
0.5724126883
0.3499812761
0.251153614
1.099335152
-0.2757577717
0.2282140195
0.1015325567
0.05669763125
0.4902027957
0.7570920274
0.03271365641
1.725723153
0.1891488813
0.392712041
-0.04072717298
0.7694707774
-0.006930496823
-0.288906724
0.5887904681
0.1046595689
0.7087331362
0.8173126176
0.07338008136
0.109021193
0.1450355317
-0.3619063675
-0.2739668347
0.04111688919
-0.06796897091
0.180976551
0.0690788947
0.5493952423
0.5390188869
0.02108370475
0.7413163915
0.7239296958
0.4099644976
-0.424470479
0.01915679043
0.3531933244
-0.2271285892
-0.2877277065
0.09927170873
-0.4130902797
0.03617318533
0.3197637817
-0.4301779106
-0.2846254349
-0.04466592204
0.1802260993
-0.271154217
0.445960241
0.05621322542
-0.03032606989
0.6109563597
-0.1695291182
-0.01000085361
0.3028421337
0.06456867009
-0.09677717946
0.04268493168
0.4673137307
-0.04700433463
0.233776376
0.3534709333
-0.01840953343
-0.2015981738
-0.01753559075
0.3425136875
0.231353889
0.0349214552
0.3905927755
-0.2417027228
-0.1603267625
0.8049929649
0.0750972148
0.2706069797
0.1915631857
0.2734649252
0.06021374781
0.8472338006
0.01045069732
0.06099466607
0.01689962158
0.4481611647
-0.09166461378
0.04602680076
0.2699881729
-0.04203198105
-0.04842344373
0.227321755
0.1633791104
0.3742262445
-0.1730964579
-0.2592889979
-0.301610624
-0.4206973895
0.6128054366
-0.08681201311
0.146060629
0.334248367
0.7727369875
-0.2553448834
0.2760055149
-0.529632844
0.494015529
0.8104159787
0.7356398426
0.2904069515
-0.2812018648
-0.1954698477
0.2822256373
-0.1328021221
-0.2210909917
-0.2632311806
0.9748363748
-0.212615563
-0.001492143795
-0.07511362601
-0.6114014998
-0.4490671858
0.3580816858
0.2476963228
0.08076010123
0.5568281926
-0.03788030371
0.7913055941
-0.4639840558
-0.117308102
0.4907063836
-0.4191390917
0.03563768417
-0.265319472
-0.1397129772
0.004757548682
-0.4830321029
-0.5132113755
0.09000248797
0.7693274252
-0.07560138609
-0.6122556016
-0.1395102687
0.7129906185
-0.210145982
0.1630439537
-0.08265978955
0.129786906
0.9436421447
-0.03315208964
0.2663268695
-0.2876115493
-0.01418090612
0.06863698401
0.4746643022
0.9886001237
-0.7313865244
-0.1264567778
-0.07586014122
-0.1651759453
1.098796472
0.9767341927
-0.2049435936
0.1426335942
0.8617779121
-0.1867835317
-0.2017618779
0.4655124202
0.3861226715
-0.3405862406
1.148068556
-0.07887401916
0.4569999682
0.004894022876
-0.1657491829
-0.1978142887
0.4940711148
0.3666313902
0.6016399585
-0.03451443668
-0.09553807788
0.2380162004
-0.1285689827
0.5697766528
0.6329733789
0.5003211625
-0.02640207428
1.237291026
0.01035992987
0.1841125339
2.118921614
0.8934653588
-0.09195365664
0.632490705
1.000986384
-0.01326624323
-0.1958959035
-0.3831101127
-0.1987538736
-0.4566738263
0.536949116
0.594185012
-0.05905376989
-0.4496047884
-0.5482990757
0.03945564218
-0.1224746348
1.039555676
-0.1293900637
-0.3864847802
-0.2041063372
-0.1291344643
-0.2661562882
0.0716239972
-0.3762227036
-0.2440090172
-0.01363616213
-0.5797973111
-0.6545817792
-0.00583921778
-0.2696555287
0.3796895036
0.07955812928
0.1324716866
-0.1772367667
-0.09741073828
0.7273103148
-0.3389126338
0.1999506496
0.3625726106
-0.263558526
-0.114338585
0.3074892677
0.1538715847
0.778499198
-0.07349086851
-0.2927650481
-0.3671354361
0.1294300633
-0.4073814433
-0.5900758997
-0.1643093575
0.1523479575
0.09562180676
0.08981518187
-0.0001288532279
-0.3441767052
0.0607156585
0.1802575438
0.1142260091
-0.3417695388
-0.1669596653
0.2216300201
-0.3136537924
-0.2380912021
-0.09319181368
-0.458735697
-0.05854045907
-0.2723758161
-0.3509425245
0.1339382259
-0.4253968306
-0.1591132789
-0.1411131773
0.08333234638
0.04730564654
-0.2623790495
0.3627621053
-0.1703382149
-0.2730921347
-0.1107262105
-0.4576889992
-0.3148839105
0.0862962503
0.3494399715
-0.4323627084
-0.3083451807
0.05902258684
0.4743206635
0.1621266874
-0.07349133044
0.177659855
0.1429941362
-0.3476830006
-0.3648619771
-0.0917414818
-0.4256340329
0.3585867533
-0.09421803877
-0.07203613669
-0.3440992557
-0.06501261964
0.3903281689
0.8724053597
0.1179995324
-0.3877511928
0.7499313146
-0.1162760038
-0.001040827483
-0.2753430817
0.01449300535
-0.2452844458
-0.2371179402
0.009104495309
-0.01998755205
-0.1510533903
-0.2500775769
-0.2880787715
0.01000065133
-0.1860202871
-0.0835299857
-0.1468134688
-0.09583255872
0.09702913575
0.8403876148
0.581160979
-0.585677366
-0.2393529832
0.1881320238
-0.3428189553
-0.2410433993
0.5768151045
0.1180529789
-0.0858935887
-0.1167363394
0.1435752427
-0.1837295968
-0.1745582324
0.4119390443
-0.05341322664
0.1183655525
0.06451721285
-0.5235689431
-0.1792162854
-0.24526418
0.2711568948
-0.5831732944
-0.1727859525
-0.01296668835
0.6437661424
-0.03572411723
-0.1209189935
1.855833837
-0.2994210772
-0.1029780427
-0.1072358154
0.4617012978
0.6327698499
-0.001851617172
0.1412698925
1.221527183
0.2039987736
0.03590451749
0.1630687613
0.05011719242
-0.1090028564
0.4075572364
0.09114072695
0.2099680357
-0.3613450393
-0.08633087743
0.2894416479
-0.05650186595
0.2447501957
-0.3566281836
-0.171791688
0.4477371231
0.413581156
-0.2714758158
-0.291803439
-0.5740372032
0.7597419389
-0.4194137976
-0.1871560782
0.2447612528
-0.2764815807
0.2085376397
2.329954961
-0.0737592971
0.4572286973
0.0008822922129
-0.07425278947
0.1701476289
0.254499829
0.06301067285
-0.1457003027
0.4916691951
0.08256043755
-0.03506290726
0.2339015048
-0.1481580883
-0.2259255569
0.2341492804
0.04582762476
0.2426092569
0.673791723
0.5057996206
0.2143529152
0.1478389405
1.094423121
0.4817650571
-0.01627778225
1.341131833
0.3313312724
0.1456871219
-0.3940913357
0.2929364072
-0.08427628763
-0.1086863603
0.6210275311
0.08804028332
0.1299313521
0.2689626027
0.4900814041
-0.3667216308
0.6845854267
-0.132299049
0.1591289605
0.8407676205
0.1231806267
0.2823184845
0.05714349602
0.1252066839
0.2477882911
-0.3020360015
1.331758921
-0.1883132778
0.03148054779
-0.1912396401
0.788924925
0.7022280142
0.2883382149
-0.1331860926
0.5790822983
0.3020192273
-0.5544287033
0.003006188944
-0.1724118734
-0.0474877947
-0.04774141051
-0.3206448235
-0.241368632
-0.1298698626
0.264784286
-0.02853504904
0.09031250197
-0.3450085182
0.07356790192
0.5943892941
0.0925166212
0.5861712925
0.4128072493
0.4341593623
0.4812952593
-0.2337970957
1.026256146
0.3076498104
0.113883361
-0.07555499971
1.268708523
1.096300709
0.6788659722
1.464093252
0.7033873953
0.0233151041
0.02360053211
0.07656662986
1.017582569
-0.1254305135
-0.03346541673
0.5915188905
0.5112357318
0.6038413353
0.2960831724
0.2827403232
0.7965564594
0.005466976762
0.5505691469
-0.1924962666
0.1545464052
0.5845561728
0.7349953838
0.3980219133
0.399828336
0.6415290266
1.049739
-0.0696540961
0.01159641296
0.3548530661
0.06754985536
0.3884390064
0.7183474928
0.4921878606
0.05363433473
0.3987089356
0.8415695027
0.4745333541
0.6168080345
0.4263096064
0.3988239657
0.8259715363
-0.1080633588
0.2737563755
0.369506052
0.7257690996
1.371049374
-0.3353834063
0.4202656373
0.2235252347
-0.1834703535
0.1354983178
0.3847363081
-0.02202691957
-0.3498090833
-0.3787691101
-0.1282739453
-0.1376448749
0.1592486255
0.6405616939
0.5612834662
-0.1915078953
0.0560457265
-0.4990315303
-0.4706681341
-0.008581653424
0.08750416376
-0.5292995408
1.360378535
-0.1008622659
-0.006305567175
0.457102887
-0.01435695514
-0.3800186232
0.3647713266
0.05806990899
0.8001325354
-0.3657490686
0.3821271796
1.049993134
-0.08877454735
-0.2020067494
-0.3093215376
-0.4753935322
-0.299979388
0.9160418212
0.4751780204
0.23528446
0.5789620072
0.2710645605
0.08196363524
-0.1665295662
-0.3475834034
0.4192453921
0.1841580558
0.2452168621
0.03454314452
0.6013953842
-0.1620818593
0.1230938101
0.2981735222
-0.333927121
0.9128230318
-0.5374826238
0.04872537032
0.02367301583
0.0703240172
0.460715124
-0.06896162089
0.2234672626
0.1508968946
0.3194533318
0.4546399705
1.200907862
0.007920254581
-0.2573341899
-0.2259025447
0.6514374532
1.421622528
0.2843366958
0.3988164462
0.9711490288
0.9771162927
-0.109290893
0.5041627773
0.4318336964
1.260449153
-0.09536264613
0.4111730866
0.3048974469
1.044821525
-0.04084009565
1.143739802
-0.2480120897
0.1837506758
0.301772566
0.1471639659
-0.4750962406
-0.2563603478
0.1737813804
-0.3344769388
0.1660617745
1.330322897
-0.251139196
0.03848343454
-0.1547232021
0.604574313
-0.005343553051
0.0362105187
-0.2900761791
-0.2651927687
-0.235270299
-0.255692549
1.008988856
-0.1107136309
1.034805419
-0.1456696093
0.1639190627
0.1584300803
0.8334774792
0.3437741891
-0.2514260679
-0.3515082747
-0.2668236777
-0.1104342688
-0.1397230832
0.2943380805
0.3004060915
-0.274730967
0.5217800295
0.05833718721
-0.09941246603
-0.306699637
-0.009635535441
0.6904932112
0.1629263043
0.07707745712
1.411495525
0.4220830917
0.2625859492
-0.3982499927
-0.04364422923
0.6527649842
-0.08216742165
0.7295159131
0.4062700525
0.1768789284
0.4011497287
0.08085678224
0.5014536986
-0.1883865077
0.2420337673
0.7353075482
0.3445112314
1.772990549
0.3899213195
0.3939253986
0.2719830383
1.42518256
0.2860845149
0.401233881
0.6361313298
0.1267847657
-0.145275135
0.1854765896
0.1089422763
-0.09910194874
-0.05277377255
0.07878023284
-0.03557688855
0.4181059424
0.6279194102
0.2607965369
-0.1552845037
2.506323928
0.3106560905
-0.4805499755
-0.3525385261
0.3110138068
-0.2440027416
-0.1277217023
0.05549608995
-0.09833726399
-0.2675811768
-0.2806219716
0.03258119142
0.08982224502
0.06996394899
-0.1879101796
1.438310793
0.3749162998
0.4422030516
-0.5001904689
-0.309817449
0.631328205
0.3942920087
1.152665697
-0.1754216544
0.2580517389
-0.4173888743
0.7289845102
0.585895792
0.09016076159
0.005030360259
-0.3403285138
-0.3674481496
-0.02883828916
-0.1230087686
-0.2399901435
0.1536273301
-0.01992280111
0.4558851019
0.0481409356
0.3003800115
-0.08973953295
0.1597431026
0.05485108569
0.9382448077
0.8469673604
-0.0005475869402
0.2146135604
0.267677432
0.3433257036
-0.2002486693
-0.0129593458
0.3210805245
0.2410015402
0.3436941431
0.2298074055
0.3513862066
-0.2896678794
0.7238863394
0.3271755595
-0.03309342824
1.013184291
0.3732384164
0.3856832527
0.2975829236
-0.1867170382
-0.1135130743
-0.4336783476
0.4875504717
-0.1434160458
0.2873571429
-0.181930387
0.139415028
0.9074329048
-0.3905658513
0.1829118007
0.236503768
0.3448944146
0.2715969084
-0.2071018834
0.7379707351
1.200294314
0.4884660654
0.8769622654
0.1071112692
-0.2191027779
0.201098685
0.5198837556
-0.2820550665
-0.5181501925
-0.32525733
-0.09643168151
0.7299589902
0.2205758506
-0.003444266878
-0.09421413541
0.05308288299
1.439669564
0.4249401836
0.2091025952
0.1375657307
0.3542588986
-0.2238301277
0.3117799429
-0.3708060265
-0.08585586194
0.2774650352
0.3564824089
0.05386453792
-0.08157317671
0.1209653873
0.6654719487
0.2771396614
-0.3964410324
-0.4966658145
0.3124681851
0.048496815
-0.5200448751
-0.2844191376
0.3406123824
0.4642421179
0.2253049929
0.1475696428
-0.1556617085
0.3327955037
-0.121855596
-0.03434303859
0.1282135187
0.3390310656
0.4962958835
-0.1975005208
-0.1380744152
0.398163911
-0.1315869976
-0.08612138904
0.2573702224
0.3065330327
0.3203724782
0.04476368837
-0.6296087101
1.221339121
-0.2595541224
0.2059862848
0.8056962639
0.2287049377
0.5219629668
0.2070339652
-0.03770360164
0.6586534068
1.423152217
-0.2511996001
0.1047554955
-0.1270054853
0.03527372777
1.107414402
0.9053261757
0.5128294922
0.7930155814
0.9437516242
0.64532305
-0.08431861103
-0.3135691412
0.8366160542
0.3240227796
-0.08623719588
0.6592652217
1.780251655
1.137721592
-0.1286563573
-0.09315237459
-0.2668835074
-0.5149055228
-0.3054139212
-0.1913345769
-0.4422971666
-0.6540622339
0.1293986183
0.7471795328
0.4839330096
0.1385333842
0.02859378736
-0.4012182042
-0.3557877328
-0.1603923339
-0.2307146084
1.009674226
-0.1796461128
0.02876298167
-0.3581408054
-0.00221292302
-0.4019725248
-0.4173719376
-0.5412339613
-0.2437810127
-0.1467179682
0.04798842631
-0.4118040964
-0.5286083907
-0.3137309715
0.02013652455
-0.2811279356
0.2475640662
-0.2910638072
-0.1882822908
1.275848849
-0.124552416
0.05960739441
-0.3694995612
0.3704808392
0.4603453115
0.2333482958
-0.4391984388
0.8664593786
-0.1357942831
-0.01778858881
0.2297365298
-0.1859460488
-0.235248672
0.05515538603
0.1257940667
-0.01981751509
-0.01020535743
0.2275170483
0.4550446134
-0.1227043979
0.1934227476
-0.2495714162
0.6913706452
0.08877682206
-0.2405402638
0.2480955123
-0.1067973161
-0.02026688512
-0.0138951689
0.4056404889
-0.2535861284
0.7565899707
-0.3119858852
0.2999955475
0.05247717989
-0.2768289305
0.1460333491
-0.138716827
0.2761800686
-0.1535092998
-0.1340696387
-0.4468537599
-0.06039486714
-0.3955802083
-0.09080169573
-0.3544061173
0.2116277853
0.3620832524
0.711114037
0.3018523252
-0.4591396213
-0.2668342829
0.2126695316
-0.4072957806
-0.3773611489
-0.2269514807
-0.1993979931
-0.2185708201
0.9309792623
-0.3288847379
0.866216965
-0.1446624998
-0.4698991716
-0.3527494952
0.07702583116
0.1923897689
0.1890308185
0.1990985099
-0.56184467
-0.2751962833
-0.5046438277
-0.06958393548
-0.0002450991422
0.08061818779
-0.4033260323
-0.1148833364
1.029349211
0.8715958372
-0.1297420252
-0.1974656751
0.3973107632
0.1488712281
-0.07226362433
-0.1849289045
0.6720419958
0.03302885555
-0.3719385862
-0.01496974025
1.268549532
-0.3644309178
-0.126262683
0.2008969504
-0.09945906457
-0.05425144779
0.1520276031
0.2603922239
-0.1887639225
1.270288914
0.4872936845
-0.2011252522
-0.2253367025
1.161158527
0.2059341421
0.1128610799
0.3187214458
0.2242507689
0.2351903819
0.7056894481
0.4693915319
-0.09887091555
-0.06745609175
0.5580662802
0.7420890749
0.05750366407
0.761724332
-0.1175610766
0.7318859786
0.1474370962
0.09984954484
-0.02379426975
0.5811532594
0.8416783422
0.726156494
0.03381452896
0.6648902468
1.004233333
-0.3542791486
-0.4567715928
0.2225035768
0.4651091108
-0.05179654062
0.1772187971
0.3652425032
-0.2541400135
0.5064185798
0.1425239669
-0.08340997621
-0.3230809994
0.207629161
0.5650354221
0.3891547695
0.1417701982
-0.1027025482
-0.4072124571
0.3471968912
0.02880444359
-0.09154875483
0.4123788539
0.5121207334
-0.3277153678
0.1439121541
0.7484913088
-0.3908996016
0.7640303098
-0.2083609484
-0.4227335408
0.02928945329
0.9542585798
-0.1585831724
-0.1048732322
0.07638843656
0.2860796148
0.9849327356
-0.2771738138
-0.2322823543
0.161694772
1.126209491
0.3499412894
0.09248287994
0.10656786
-0.1177562043
0.4803501509
0.6013307184
0.1290501601
0.3883071221
-0.03823676966
-0.6249350607
-0.3267643131
0.560694468
0.3840236019
0.00064435862
0.5110891566
0.4823507167
1.075382185
0.2584206367
0.02962184539
-0.1771361895
-0.08201997876
0.7162411228
0.213880576
1.557828757
0.003687778115
0.2104476482
0.6915068746
0.8951299012
0.05849799626
0.08074443582
1.098643531
-0.05116032604
0.03753358498
1.264976531
0.6779934421
0.9611154109
1.033437952
0.1984587289
0.7538702749
1.051752341
0.08324150816
-0.296149914
-0.07861736678
-0.05772199519
0.2313090311
-0.01484772293
-0.1132314114
0.5806969529
0.4452714771
0.6763410404
-0.1963188559
-0.164623536
0.6005149603
0.7859034449
0.4758602284
0.5172111548
1.055046752
-0.2951165572
0.3793225899
-0.3040491439
0.2202664927
0.01822829405
0.4705144793
-0.2340011721
-0.4212144993
0.1312705478
0.4451030226
0.1622684871
-0.08070280068
1.043219013
-0.02422438394
0.3679567136
0.2840879733
1.162533469
0.4244549811
0.2700727981
0.7363529973
0.7955666371
0.291416331
0.4083452411
0.5308147654
0.07038502675
-0.06368997302
0.8341487959
0.0622942213
0.6059522085
0.00834258683
0.7643413126
-0.01362017151
-0.1376166953
-0.1753056467
-0.07414419875
0.7602231935
0.7486751489
1.400755116
-0.03765048869
0.8277446643
0.3227056371
0.1599139291
0.8295610011
1.4257404
0.460868682
1.872195649
0.4120837327
-0.1870929286
0.5229725197
-0.08339454681
1.096908729
0.8757826388
0.14342802
1.008324055
0.5425826631
0.5766021669
0.05155551028
0.8659517258
0.6865336284
0.541822502
-0.04447589852
0.4442553407
0.3880458292
1.077049275
0.1275293989
0.9698832691
0.7145511597
0.467187386
-0.3639633402
0.08546937555
0.1258985519
-0.3808458194
-0.437257202
0.6060508221
0.4289970435
0.0336891124
0.0577567108
-0.407566902
-0.4677073479
-0.323719696
0.06165628098
0.1066492613
-0.09562851675
-0.2116968857
-0.2600747745
-0.0115178071
-0.09382159151
-0.5635391191
-0.0338012604
-0.0002683788538
0.1369452076
-0.1575404724
-0.1923149135
0.5051281227
0.3082890891
-0.01755453171
-0.2119886156
-0.4250600331
0.5712900013
0.2113034546
-0.01598539893
-0.1996255302
-0.04321501926
0.7438411191
0.1936039329
0.3920335013
0.4090976998
-0.1295446627
-0.2945535816
-0.3399474263
0.4754241474
0.664998474
-0.2416766293
0.6380818166
-0.4095335588
-0.1593262328
-0.3597785473
-0.3002303734
-0.1524855595
-0.5129126668
-0.1689979922
0.9975343138
0.5645162448
-0.3209329493
-0.4093797967
-0.4021395937
0.2314444873
-0.298155247
0.7891409829
-0.3079905845
-0.1664977778
0.626064197
0.2603878841
0.1903494393
-0.1800350897
-0.3024780199
-0.4216132354
-0.02697174679
-0.2968345314
-0.1116519753
0.3047646923
0.2430866193
-0.2315027343
-0.2280269757
-0.3268396109
-0.1880014922
0.1508141143
-0.3917273201
-0.4732760578
-0.06772804279
0.01325457375
-0.3746699825
0.2927378464
0.06953107063
-0.4832145616
-0.02287742067
-0.1337768039
-0.1262630656
0.009455630183
-0.4409238115
-0.1114939772
-0.1108028983
-0.2360171288
0.5695703136
-0.4667488825
-0.1801491067
0.5308587521
-0.1710056607
-0.2611447986
-0.1460225857
-0.3499473378
0.09958821796
0.8723969229
-0.4411682799
-0.2520569466
0.0690084463
-0.3033025309
-0.2795707792
-0.2116899274
-0.4335024588
-0.2410541786
-0.346112676
-0.254717005
0.6021931667
0.3080153588
-0.09992177878
-0.5894814432
-0.195804166
-0.2389847947
-0.1381230121
0.2827255808
0.2007962132
0.2457730154
1.224329813
0.5004534341
-0.2637835931
0.4119333908
-0.03975332621
0.3215059061
-0.03621058203
-0.1770540461
0.08793180026
0.2102263225
0.1225889057
0.3818778545
-0.02390165357
0.9757060841
-0.0320211051
0.1052681988
-0.0313955985
-0.3334634081
0.292576601
-0.4376560338
-0.1928184856
-0.02940274905
-0.3363231294
1.009851751
1.079946311
-0.3049253114
1.094802967
-0.04506992004
0.0810997026
0.3279523328
0.08225203976
0.9973664656
-0.2683529168
-0.4276464462
0.1714291915
-0.5379257739
-0.2680618428
0.04367129169
-0.1654334016
0.1897790447
-0.2809844702
0.2280024871
-0.3448283061
0.5440483822
0.3349706493
0.3124865703
-0.1740257015
0.1103228323
-0.3263506934
0.1791480246
0.3029108066
-0.4012816258
0.3875393704
-0.2608483471
0.04587113392
0.4015544515
-0.2483158126
-0.2384732731
-0.3311250396
-0.1962949377
-0.3737115778
-0.1913793821
0.07979761851
-0.3533982098
0.3651995108
-0.07347226404
0.6580160208
0.4219447775
-0.3272658255
0.312845334
-0.1286507191
0.4913199373
0.08796096928
-0.4546313085
-0.1039753058
-0.06613161359
0.1124373931
0.7049749017
-0.3151356123
-0.2974465862
0.2348609619
-0.1885891533
0.2578923378
-0.2687293388
-0.6563137293
-0.2986546673
-0.3473066889
0.2163863799
0.04108831547
0.4885622635
-0.3000202879
0.09613443147
-0.1943118431
-0.1474135457
-0.2011576165
-0.3601226389
-0.2559623532
-0.4059751049
-0.161029725
0.4519539233
-0.0536800433
-0.1465900205
-0.427975063
-0.236338881
0.5788955554
1.277526191
0.4190833695
-0.2923555568
0.2549875837
-0.2496229202
0.1385137908
0.2191079898
0.5926988766
0.01182280858
-0.5860263415
-0.03641291037
-0.3025699183
0.6881392106
-0.4406093851
0.5320822598
-0.1408872571
-0.1664603911
-0.3170049235
-0.2072305206
-0.373477526
-0.1908073917
-0.1700089177
-0.2614284586
-0.7035407558
0.2898680242
-0.2727990136
0.2444959637
-0.3991657495
-0.4007565811
0.2934386259
-0.2205697209
-0.03149880171
-0.1311198711
0.3721779648
-0.2325135514
-0.4118808985
0.374441357
-0.4355923101
0.1040844245
0.1089174113
0.2930069908
-0.2655785352
-0.163072484
-0.05008546226
-0.2852664437
0.4378470868
-0.04018367119
0.01212561047
0.06825559326
-0.5443873495
0.3431336172
-0.04128823411
-0.01492082151
-0.1695452528
-0.09452061858
-0.3500748979
0.8959515914
0.66210333
-0.6189490274
-0.2242150992
-0.07786672041
-0.3923839539
0.3037514138
0.1043358542
-0.1289678439
-0.2350713763
-0.3647622369
0.3563356578
0.141769428
0.1282210226
0.6805898346
0.5841903709
-0.2199312493
-0.02008458227
-0.06221512109
0.3492824765
-0.05584073551
-0.1310666943
0.006090915389
0.3825778455
-0.2713469997
-0.05374217778
-0.2298614658
0.4049970541
-0.2375130102
0.2427255277
0.08769477457
0.07215331439
-0.1258873928
0.5431258947
1.633198491
0.01809255555
-0.0003419021145
-0.1482340564
0.0192939043
-0.4061465636
0.05284282384
0.5340454236
-0.3080529526
-0.3313033283
-0.2462019235
0.3080965627
0.1014747674
0.1888333194
0.2263047263
-0.006015839987
0.1721798427
-0.3744420901
-0.5925358057
-0.4884580746
-0.07616096288
-0.6321828887
-0.4488552809
-0.07338250522
-0.540060167
-0.5538083896
1.417171672
0.0617298983
-0.2537562557
-0.1770960692
-0.1135218976
-0.03616930172
-0.09728895724
0.6950092509
-0.3137593359
-0.1959125109
-0.3408194035
-0.1574108976
-0.1999153517
0.2197054662
-0.1341594575
1.257002392
0.522826618
0.3216972582
0.3701604197
-0.3958788842
0.9134194955
-0.2661943458
-0.3337947607
0.2702539857
0.780210951
0.4727648661
-0.1685998652
-0.3281775363
-0.1377848718
0.5668576598
-0.4872927308
0.1809012124
0.1579690974
0.005988048017
-0.233233365
0.3439099355
-0.3262163572
0.5061988346
0.1218643907
-0.2508564249
-0.1542937268
0.09054747671
-0.1973985141
-0.1740070623
-0.173294431
0.04907284211
0.06744180266
0.3049953567
-0.339027144
0.6587500639
-0.003089455143
0.3558494771
0.5009446058
-0.0794202311
-0.5115651742
-0.2513807282
-0.1252990792
-0.1584408704
0.151611102
-0.1169642396
0.06042419933
-0.1036001254
0.2531478958
-0.03474594783
0.109287348
-0.03667885102
0.5315389439
0.3865289031
0.1446087167
-0.2731872432
0.02790057883
0.2877394589
-0.5581607983
-0.5468127154
0.3162878856
0.7218029551
0.2402677361
0.451805852
0.4934722356
0.1164459804
-0.06360312589
0.4535974249
0.7474252306
0.2045416219
-0.4839433834
-0.09692056626
-0.07289469
0.2352608941
0.9160614774
0.05774379559
0.3196563166
-0.4408253744
-0.127866222
-0.03768103654
0.6869907267
0.1950949882
-0.3544418495
-0.03640567977
-0.110583776
0.4973262154
-0.3391960025
0.3172986979
-0.06290339287
0.0732451899
-0.1228164084
0.4453854814
-0.2053691156
-0.2586674407
0.12960662
-0.05873462185
0.5705269188
-0.1558551189
-0.3358471975
0.10374883
-0.4153847709
0.4095953509
0.5421488479
0.2310415035
-0.1950233124
-0.2750085257
0.3001972329
0.03006152147
0.6995850831
0.1637072012
-0.1398356354
0.6622938894
0.1448643958
0.005446190387
-0.06149547528
-0.5006130219
0.687011829
-0.1495477345
0.03960720915
-0.2688679144
0.1137799138
0.1321155427
-0.1448976655
0.3460548302
-0.08377202246
0.4511652283
-0.1776789019
0.388334428
-0.5059049971
0.2167743711
0.0651492808
0.2653227666
0.2107969511
0.05359826498
0.7082145736
0.115067851
-0.1370445944
-0.09729534155
0.2394479532
-0.2582695808
-0.08569447603
0.4411741354
-0.460982348
0.02535164794
0.2182236474
0.08679891322
-0.4081790775
0.4854883982
-0.1270820115
0.2097758219
-0.1743110538
-0.03925190791
1.05730581
-0.4099442661
0.5321197346
0.4382205136
0.1098550538
0.03217377216
0.4379900968
-0.3231426403
0.001917008311
0.2217597682
0.1157664106
-0.2051696751
-0.1867531963
0.308615578
-0.5066645026
-0.00275353305
-0.1499127895
0.2178233799
1.262717286
0.7288676187
-0.09328223839
-0.09139748625
-0.4253320988
-0.05099148192
-0.2930462275
0.9018675506
-0.4107203089
-0.4575472906
0.1255106854
0.0582271615
0.4956278488
-0.3864615664
-0.002240831032
0.7877403736
-0.2725885283
1.002537519
-0.1055771913
-0.3840049475
-0.1804152956
-0.4446167253
-0.2313458763
0.4961068474
0.3155647738
-0.1076418862
-0.3608284825
0.08140802253
0.6506369866
-0.5612626582
0.1728308395
-0.05070496555
-0.1695312528
1.038953981
-0.06911011674
0.01844523121
0.4880059853
0.4399984166
1.778126507
1.630391884
0.5220463008
1.016771379
-0.3203979932
0.894218275
0.2855598669
0.157979339
-0.1805481285
1.021977878
-0.3066980153
-0.2167692177
0.1990593508
0.1488654127
0.3190302115
-0.06461518779
0.1945724514
-0.1315017253
-0.2854151241
-0.3292955145
-0.3596211072
-0.1100681752
0.1306831222
0.3003593434
0.3148436099
0.8786090128
-0.09134343155
-0.249091085
0.3646053251
-0.3502124816
0.1595110789
0.3050099976
0.3155638054
-0.267447219
-0.01334697194
-0.1118061498
-0.2231573282
0.08437670004
0.03409537189
0.2754363015
0.0852266551
0.2761748394
-0.1893445589
-0.2235676084
0.2864495754
0.3866907164
-0.2122800203
0.4271730796
-0.001561449096
1.935539885
0.7094083292
0.1777581636
-0.06856380068
-0.1610984057
0.9267452359
0.3804983817
0.5358925283
0.03956242576
-0.1651686937
-0.1189430397
-0.06551139913
0.6606154524
0.1868765123
0.4253019981
0.07158600371
0.4616173785
0.5528776079
0.5081249611
0.04482406694
0.5019715995
-0.008393017156
0.1488820672
0.1756459715
-0.06177627482
-0.03221787214
0.3277482327
-0.1094350653
0.09385191705
0.09340625964
0.1131366935
0.4855577543
-0.1919035908
1.110963598
-0.09984080344
0.3795799702
0.631381049
0.4744626649
0.4082302906
2.332517391
0.1548534775
-0.1035698108
-0.4888459608
-0.4302844666
-0.008460612036
-0.3463016473
0.07722144877
-0.2685003459
-0.1174999405
-0.5902862072
-0.282856331
0.570050475
0.07810728252
0.003666387126
0.04725429472
0.009161944734
-0.2890971605
0.1755423892
0.6483273096
0.1972275238
0.212926268
-0.364888135
0.1113802444
-0.3384265751
0.06502464134
-0.2552771691
0.1288374079
0.3025365949
0.392741791
0.6912415057
0.3529346641
-0.1111149302
0.4759403415
0.4206514314
0.1598782647
-0.09033003766
0.3728507088
-0.4401625678
0.6776526034
-0.02398234643
-0.03457449898
-0.2647138074
0.3954202369
1.453938639
0.3227328362
-0.134685752
0.7361491285
0.3243671626
-0.2463956647
-0.3263475224
0.8763194703
-0.331902083
0.5976942733
0.06108655445
-0.1109940328
0.3713305771
0.780242677
-0.3964782007
1.116288298
0.5168858692
0.4636917014
0.5048177712
0.07877298091
0.0593474393
1.085783054
0.4200396679
-0.2455536157
0.08573810305
-0.3627750006
-0.5513897106
1.868703082
-0.1332056189
-0.03836611956
0.00780602498
0.1718935491
-0.1734932451
1.476945519
0.2273815397
0.4538822584
0.6601515472
1.523905307
0.8458719157
0.4919552632
0.9292581461
0.6873454057
-0.2572619405
0.2476499277
-0.217382206
-0.1805574924
0.3734810386
-0.4095470905
-0.4787577406
-0.2858515583
-0.3328178171
0.3387477502
0.2612637091
0.1819115169
-0.03195892684
0.7289531901
-0.2485437959
-0.3143452607
0.2844280982
-0.1364090022
-0.4440729499
-0.4283594705
0.4255902395
0.04547653291
0.1238579813
-0.2125682019
-0.09172708355
0.3223749561
-0.01741472958
0.24800329
0.09172842279
0.2491676673
0.4187196117
0.2007380005
0.0006492134184
0.9573740453
0.3588101484
0.08487422951
-0.2390193615
-0.08202727195
0.6507904664
0.2469662622
0.14178892
0.0596467087
0.4800939769
-0.03144698869
-0.1843956653
0.6631059743
-0.2075567905
0.185661616
-0.02667983985
0.01336906776
-0.1597374544
0.4833204471
1.639443421
0.7477404669
-0.2485825848
-0.0878028851
0.3929853484
-0.01282677623
0.2263736669
0.5035666645
0.2268137369
0.5130288957
0.8841862902
0.2985763043
0.6268910989
0.818971581
-0.01517911032
0.2460876852
0.2643791292
0.1011818366
0.3918868735
0.3794985496
0.9947120979
-0.2826876678
-0.1008126732
0.7011745058
-0.09167954177
-0.0077652812
0.489806021
0.1167923633
0.3349225882
0.60412995
0.7784797214
0.2953320885
1.639738816
0.2447814375
-0.02072078502
-0.001709486172
-0.09868578408
0.9914132595
-0.2428414242
-0.03632501028
0.2712668753
0.04180651121
0.12836405
0.8812821522
-0.1440195633
0.06720375307
-0.2157284869
-0.07599938195
0.3513602741
-0.2141877143
-0.3760563791
0.4779486895
0.02921188921
0.2253018178
0.1427490346
0.5460725397
0.06449611168
0.9738226682
0.2599200111
0.5930975601
0.6495883808
0.2589976855
0.4982844368
0.6080464751
-0.2285866588
-0.1913479287
1.145378836
0.6758714728
-0.01182732116
0.1126254758
0.08730259589
-0.3016603366
-0.4153076168
0.5190063119
0.8772585422
-0.03271021787
0.4855693921
1.188469347
-0.0629119996
0.4513126761
0.2155007966
-0.0299064735
-0.03964531813
-0.1160973545
0.119236603
0.02266792934
-0.08260426698
0.800921908
0.6268719606
0.354692639
0.5391843252
-0.2018328559
0.4801739063
0.9723013595
-0.1195284935
0.007709750719
0.1481630903
0.6442345783
0.6540465623
0.7272131085
0.172984603
0.05087453127
0.1183127157
0.06000206992
-0.04841593653
-0.5408500001
-0.3859867528
-0.09299695976
-0.3613395199
-0.3427593455
0.3292560391
0.6337641686
0.3008451736
0.2818078625
0.009787512943
0.1925641678
0.4921832822
-0.1497060046
-0.06515871882
1.011675218
0.7427430108
-0.01958782915
0.7276099443
0.05557561144
-0.3246569347
0.8613665327
-0.6420461297
0.2266197613
-0.381778935
-0.3455907479
0.9303916723
-0.3671190038
1.581229386
1.187581597
-0.2023696393
0.3861495867
-0.02474937355
1.124623547
0.9103734404
0.5420359768
1.316651225
-0.1118694196
0.7643090308
1.1693369
0.3226210468
0.2486399565
0.7180293366
0.1204056511
1.079874772
-0.1719797134
0.5824483186
1.173149383
0.9708610147
0.6451133229
0.002742297761
0.7920839682
0.4510477811
1.061710453
0.2896963146
1.782130784
0.9487462573
0.8891049743
-0.4364338994
0.3213875845
0.2860679932
0.7368196018
0.2956959462
0.04335051458
0.9333456203
0.6357081249
0.4615262151
0.7401664384
0.2644479474
2.134441471
0.3438341897
-0.1006095015
-0.1175049413
0.1774110019
-0.1776288394
-0.0397757614
-0.2813665546
-0.1151938381
0.2187544512
-0.09467213973
0.1868759817
0.3494197525
-0.3536449112
0.5034364372
0.4291688383
-0.09168688841
0.04257048741
0.3039332659
-0.1004721792
0.1943463938
-0.3172385164
-0.2814836144
0.1493044995
-0.03631811105
-0.2572955631
-0.4152824685
-0.4966485918
2.186141093
-0.2518771306
-0.4673107386
-0.2096072532
0.09172498044
-0.2065688111
-0.2110545777
0.01352387965
0.06520277951
0.3740334138
0.4878235998
0.3501325786
-0.2231334686
0.001362523995
0.2706976207
0.5257312603
-0.06809895504
0.4123472817
0.2778011765
0.02558948733
-0.2579457313
-0.09559748806
1.059136838
0.3847895898
-0.1063072027
-0.2279933827
-0.300332959
0.3331276402
0.4208411746
0.3218827382
0.7024091065
0.01812905297
-0.5762228474
-0.2089670768
-0.2532599486
0.2682392392
0.4419080567
0.005570183322
0.7079820089
0.8270273909
0.9614100695
0.09676848059
-0.05110413916
-0.08842238542
0.2259793565
0.07787656989
-0.04918786027
1.17521542
-0.1982389055
-0.2107640244
-0.4503102377
0.5850932896
0.1344623495
-0.3152605437
0.6774949171
-0.181604749
0.1296552012
0.0333511529
-0.1685024695
0.7088556819
0.8610870138
0.2512197185
0.357167504
0.1199285675
0.110868543
0.5571240008
1.091893885
-0.1143314458
-0.4959653303
1.007873553
0.05585702905
-0.4180974528
0.2054288168
-0.3045924366
0.05663956087
-0.4418334603
0.194141392
-0.2598199077
0.5673875071
-0.07084473856
-0.3736571636
-0.1718444522
-0.3630336657
0.09104627129
0.1688007718
-0.156552854
-0.554056111
0.6697039589
0.9331910819
-0.2381184785
2.172713935
-0.05911637451
0.2230731551
-0.2117714573
0.5411065988
0.4266807362
0.4230188146
0.6952977255
-0.2220463835
1.135419676
0.1887175692
0.3658314323
0.7168915868
0.1728142735
1.638823994
0.645333799
0.06332227923
0.5427633643
-0.05796782169
-0.4601914145
0.7458463199
-0.2799676202
0.1250836618
2.153949176
0.4279812984
-0.01004002704
0.3229579903
-0.08641188107
0.1702272543
0.5404249758
0.004543444933
0.5729218036
-0.1316339891
1.039387545
0.3634617791
0.0155309394
-0.4199604914
0.6763849109
0.7131854989
0.7680276617
-0.07896233052
0.2680393927
-0.02803641986
0.4441598564
0.05560008809
-0.08826699443
0.2837203206
1.044086816
0.315124888
0.08689470179
-0.07915990055
-0.1620211737
-0.1690607542
-0.08436628617
0.8517805621
0.4148195576
1.167969516
0.3580938086
0.7733860731
0.158713834
0.6174598783
0.7513595298
0.876235798
0.09759119083
1.295209972
1.370575726
0.123973741
0.5106339406
0.135353284
0.6593811795
-0.2370964147
0.06986227203
0.04297332682
0.1891909318
0.8796548709
0.2773582101
0.1024455842
0.7002562255
0.1372046016
0.01736569386
-0.1162585575
0.1234743886
0.114250743
0.5439014219
0.2862191191
0.7406296834
-0.1515517589
0.3264228784
-0.1004197121
-0.04019971061
-0.2747271553
0.1391729017
0.6886403978
0.274969779
0.5421517417
1.290887696
1.274925765
-0.00423474703
0.1607043076
0.4402867679
0.6198254554
1.423337603
0.2978830356
0.8609955214
0.1913843479
0.2848868806
0.1807625735
0.007536283508
-0.1043890238
-0.05180180166
0.2572130587
0.6536837518
0.3141910668
0.4081768781
-0.05778734395
0.7324924655
0.04133736659
0.7007838778
-0.1749056302
1.054826453
1.026492216
1.564368299
-0.3497220233
0.4203950074
0.468960385
-0.1842579955
0.6035762928
0.8085827887
0.04389874488
1.088204879
0.1549516566
0.6352642611
0.5039220735
0.6640607014
0.80010456
0.271202926
-0.06914900597
0.6071831435
0.1657331917
0.2386236249
0.1013333324
0.1638227569
0.06259196009
0.933776626
0.3906719893
0.4034812361
0.4606485862
1.617975649
-0.0468483258
-0.2129185136
0.1483262811
0.2334689999
0.4888729591
0.2976271218
0.3753016151
-0.0649658557
0.3876899213
0.2371625911
0.4546963006
0.7773824722
0.3782732348
0.1163697159
-0.06828651782
0.9054546162
0.6017821424
0.7478230551
0.8133417696
-0.204966695
0.3576073248
0.8586173676
-0.3866814926
-0.0422893744
-0.4712435827
0.1733736033
0.2473040473
0.3475958873
1.200397995
0.1948427875
0.9512091227
0.2847370371
0.3142217238
0.09472848466
0.144771716
0.3363697527
0.7659180529
0.1928297097
1.303949654
1.017942485
-0.04323046333
1.245481259
-0.1534160912
0.3607043073
-0.01541278847
0.6815908164
0.2351474905
0.3937990315
1.514844477
0.5175595671
0.4425988056
1.060203382
-0.1157152414
0.1049763502
1.183438815
0.5618624717
-0.160541191
0.779368265
-0.1497312732
1.045421779
0.5623924717
0.1913499061
0.8921889961
0.469808469
0.4746987015
0.7505782716
0.2806943668
0.1905936917
0.9647005558
0.4143711749
-0.03814367303
0.5239415042
0.5967744231
0.9642244563
0.7306363955
-0.09275849871
-0.02763291225
0.3621579852
0.3817968264
1.214205199
