0.02866025604
0.2247999856
-0.1400087159
-0.2876999468
-0.152395414
-0.3171566859
-0.2167845927
-0.3855172947
-0.04553458132
-0.4376718558
-0.3694655284
-0.3443536151
0.2692233806
-0.09977178071
-0.3095535114
-0.2511190232
-0.01769183502
0.1841256198
0.4190575488
0.3026949879
0.2428880431
-0.1460139016
0.3330137285
-0.1698983001
0.08501202632
0.1058519218
-0.06813282892
-0.2389255378
-0.4737580501
-0.502050972
-0.1667914633
-0.1822707117
-0.2049351424
-0.05605026437
-0.5335145354
-0.1398899725
-0.1340211049
-0.0346146863
-0.09159493363
0.5112388648
-0.2843091428
0.03946679123
0.04870812781
-0.3933944598
-0.4527415421
0.2642113786
0.2375034663
-0.1533471783
0.440770029
0.8963869981
-0.2111143529
-0.2359288096
0.0832984223
-0.03695379831
-0.2999443918
-0.4636028633
0.2455772746
-0.3692609847
0.1009627665
0.3244216677
0.1635280189
-0.08794393204
1.503652738
-0.4686459005
0.06930523459
0.2177908401
-0.05866815839
-0.09315930428
0.1652048342
0.1725555086
-0.2281973436
-0.1925144386
-0.1485446399
-0.1087751716
0.06200634725
-0.2981269695
0.1388967825
-0.07286822982
-0.02923745885
0.4884996861
-0.3105888322
0.05994301587
0.252844839
0.01638687756
-0.06509691672
-0.01636462472
-0.02900692057
-0.0317082807
1.26531914
0.09192232746
-0.3067397766
0.0107474735
0.008119870164
-0.006874712533
0.1341499384
-0.2758901425
0.1494304564
-0.2878991053
-0.3279999197
-0.1385973442
0.04673349622
-0.05620248034
-0.1881692339
0.4205990851
-0.1206917902
-0.1658656236
0.1990917346
-0.09175588563
0.3693367417
-0.01279879045
-0.2201536991
-0.25779346
0.7753684253
-0.2518569212
-0.06195813864
-0.1938316863
-0.2552653495
0.4915658474
-0.3430376366
-0.04514128361
-0.5367296934
-0.3144576773
-0.1125379369
-0.2230796263
0.6469750799
0.0394177679
-0.2935743369
0.04611345988
0.01638437379
-0.3279848229
-0.05842434559
-0.3891278028
-0.08111041151
-0.09284035116
0.3845408157
-0.05996947568
-0.04188947007
-0.253462287
0.1523418909
-0.3955902793
-0.1827877343
-0.1112297151
-0.1885645523
0.01767717036
-0.2919129238
0.01002779449
-0.1858098798
0.07844380597
-0.1371971421
0.03780119221
-0.2765100345
-0.1108010873
0.1096573249
-0.3856200494
-0.1758043727
-0.3075503044
-0.1236023987
0.2190273125
-0.08504594881
-0.1240321564
-0.5015096366
0.754559876
0.8052466981
-0.291927322
-0.3623689108
-0.01603878886
0.03899685061
-0.02073164796
0.1290010862
-0.3087621443
-0.3276666805
-0.2771727275
-0.10608772
-0.3169352777
-0.2762419611
-0.3142644636
0.3371355966
-0.1411610102
0.07216111152
-0.2078759767
-0.1749298789
-0.09681770671
-0.01600151528
-0.07006705231
0.5461531604
-0.06319756825
-0.5070914045
0.29896981
-0.2902419595
0.0112962449
-0.2830089532
-0.1315511781
0.2351543663
-0.04649221692
-0.2481296886
-0.04226959511
-0.2367788848
-0.1031294463
-0.4056326188
-0.126751243
0.1494780421
-0.286288197
-0.393144986
-0.2843560137
-0.4057186693
0.03014715454
-0.2635367878
0.4590857102
-0.3732708119
-0.276561017
-0.1174764537
-0.1342073558
-0.3585123725
-0.1446590785
0.1236379288
0.1046084888
-0.07113474347
-0.12090347
-0.2905455872
1.233031291
0.2138396028
0.1326845412
-0.04714384121
0.1281861133
-0.2218841899
-0.2287522048
-0.3559746228
0.6284599021
0.2586933825
-0.1363984095
0.1221907666
-0.1491302821
0.009925730526
-0.06931910496
0.1105063714
0.2458106758
-0.07922500737
0.345928582
-0.2090220412
-0.06058693621
0.2150534032
-0.005146907456
-0.03231154664
-0.2510488339
-0.09942319468
0.1922455886
0.002100259811
-0.2165906075
0.2046815918
-0.1458501085
-0.1426627439
0.008410087856
-0.3057299718
0.4396056171
0.3338571803
0.2239644123
0.5705853663
-0.03765515732
-0.2734947644
0.04506834429
0.9642879713
0.1473808791
0.1173827847
0.3092437139
-0.0379586393
0.01679564193
-0.2940524504
-0.330330129
-0.1041749101
0.3745322671
0.4521694295
-0.3190980274
0.6622763366
0.02699690098
-0.3035882097
-0.2304052901
-0.07440769281
-0.1293363906
0.1224443562
0.1912775917
-0.05013240641
-0.3595691659
-0.2254174903
-0.08250922021
0.5226313476
0.1439261505
0.3865749169
-0.2094880205
1.199412709
0.005121386563
-0.4434227169
-0.04197974261
-0.1979921628
-0.2165387066
-0.05942018386
0.5486583404
-0.181553274
0.01505075768
0.3974107563
-0.2858509481
0.3898785844
0.1972934218
0.04223775482
0.0927576784
0.2877975598
-0.3268204778
0.05244346848
-0.09073834978
0.03576210774
-0.008392948192
-0.03171113008
-0.1019336159
0.02512805145
-0.211966601
-0.1419603838
-0.4210039094
-0.2884577164
0.0564563401
-0.1858860355
-0.001360098808
-0.06037726644
0.181874843
0.2046694921
-0.3347335592
-0.25834608
0.004159267247
-0.1411199316
-0.3381098345
-0.0284083508
0.02605434433
-0.4073230341
-0.3734550998
-0.05136509328
-0.1452872233
0.02608133294
-0.2838940024
-0.05414080117
0.1211524822
-0.1368907982
0.2836783738
0.6141478121
-0.1988045614
-0.2902005821
-0.1088636354
-0.05600746879
0.3001601215
0.1046363458
-0.1158647258
0.5029396235
-0.01162398199
0.1887892764
-0.2293608267
-0.1554392748
-0.112509796
-0.2338223513
0.007412025519
-0.3587275788
-0.2190308699
1.036537299
-0.2392921737
0.9024943456
0.1651278961
-0.1849234072
-0.1814959671
0.09827863039
-0.1506877925
0.5007116195
0.2022659767
-0.02005003318
0.1421932253
0.0543697427
0.3772527449
-0.2066745687
-0.1232685355
-0.1520802969
0.208752575
-0.02073643915
-0.1484937776
-0.2773442049
-0.2205050208
0.08890549652
-0.04590756074
1.09321702
0.6625498272
-0.3345782787
-0.05376347788
0.2626102097
-0.01052444912
-0.05376014244
-0.1336377372
-0.2348927159
-0.2234226122
-0.2214184955
0.1429428032
-0.2432423566
-0.4039327815
-0.129922235
-0.1919483811
0.205321284
0.9066108752
-0.2460914561
0.05792940017
-0.07680140585
-0.2596562259
-0.07066697776
0.3374365535
-0.1337996542
-0.04225589223
0.01153387497
-0.08540317093
0.3348820558
0.4935039558
-0.1482224594
0.1550293001
0.1758234487
0.2870821651
-0.0980392687
0.9349865492
0.1588806679
0.3776827484
0.3779607437
0.01161663321
-0.04354586713
0.008388029132
0.04540429562
0.2376637744
-0.2997781966
-0.05646274574
-0.1702159729
-0.1734700387
0.4605676082
0.09247998758
-0.06969856843
-0.4009792589
-0.127078763
-0.0678693926
0.1284185132
-0.3606178917
0.4504309632
0.2557697952
-0.177502365
-0.2010540839
-0.02075378764
0.236714328
-0.163938546
0.07590116058
-0.1728881805
0.02981083561
-0.2083725646
-0.04701580945
0.3592382483
0.02460541143
0.2656218795
0.04407565249
-0.04403149914
0.7211008016
0.3073226578
-0.04235832207
0.3280225283
-0.1077420235
1.058453885
0.09589895047
0.7044451207
-0.00682902988
-0.01828089152
0.8321870431
0.3729409114
-0.1545785634
-0.1800119488
0.3735493738
0.2257776357
0.0718822673
0.003011971898
0.8951757446
0.0906829156
-0.1284761154
0.004130278714
0.05465791523
0.7490957923
-0.127647559
-0.0285883693
0.4416806918
-0.160466465
-0.2649214685
0.03864964517
0.2980056893
-0.09726253916
0.913566488
-0.2942318281
-0.2954464115
0.3903005321
-0.2381573081
0.06321112774
0.1268291587
-0.1279065728
0.3400005579
0.0743311625
-0.2107604181
0.04940169742
0.04551356183
-0.1645128582
0.2897808466
0.07554584322
0.04139157329
0.09705070741
0.08257334884
-0.2606764887
-0.03661877522
0.05900585805
-0.05654246714
-0.1610543452
0.3002852978
0.6270755937
0.1706267336
0.3228915021
-0.1586121473
0.07168807676
-0.1293440294
-0.1252733178
-0.09991899861
-0.2201527186
0.6215151582
-0.0785242144
0.4323917935
0.2577731809
-0.3534226712
0.4250074677
0.02665985238
0.07549520489
0.3559231095
-0.01986176129
-0.3560757924
0.1293352824
-0.2240485065
0.3664778715
0.01372731971
0.3527432508
-0.2515274581
0.5129342027
0.558767575
0.5120044999
-0.2478542078
-0.1963778421
-0.07891462604
-0.356019032
0.08046424109
-0.196348298
0.5107832896
0.4544354014
0.3921397589
0.2455531441
-0.07687974246
0.0128497649
0.6697852492
0.6327684535
-0.1890038771
1.2842426
1.246808803
-0.2692016114
0.6583211806
0.227900089
0.353635683
0.3262835383
-0.1668402271
-0.1873884648
-0.2283107832
0.5552807704
0.4466867968
0.250733728
0.5123470034
0.2664312374
0.2781479213
0.6554317567
0.5933869347
0.295671781
0.5080195215
0.5119278923
-0.1233034097
0.005649336893
1.131759031
-0.3732421272
-0.2763565041
0.1317557927
-0.1147990609
-0.1490951393
0.01397864465
-0.1869416459
-0.2034954787
-0.1191637402
-0.2802808143
0.2010465903
-0.2038536213
0.4851681538
0.1724573837
-0.1596100494
-0.1331468459
0.510065474
0.1304056101
-0.07624578467
0.560665814
-0.2377745774
-0.3506638542
0.4038292889
-0.3892263412
-0.1939426132
-0.03605255447
-0.1116714612
-0.09190372881
0.02763853576
-0.0180619603
-0.2022909865
0.05859144814
-0.1882920505
0.4053261925
0.3266089372
0.0248853798
0.0247417355
0.01978672948
-0.07949953843
0.1680516889
0.2186405215
0.2344825345
0.04992273627
0.0870712385
0.06862263605
0.4171167638
0.665447966
-0.233604034
-0.1791639425
0.3218172988
-0.02366351597
0.07142668143
0.04945630054
-0.1410418756
0.08547549415
0.4650346825
1.005291623
-0.3822881915
-0.195976077
-0.01360844038
-0.154555353
0.581087308
0.8017820001
0.2662619759
-0.1573241655
-0.01140322834
0.2888839321
-0.03454781994
-0.03449381273
-0.1105526205
0.2281909365
-0.2506270669
0.2465787135
0.2699784682
0.053848074
0.05472009052
0.3817465588
-0.1538256623
0.3434723817
-0.116229029
-0.09277407327
-0.1626139872
0.5652171955
0.4407897996
0.01649393309
-0.0561206907
-0.2906962059
-0.5830697335
-0.06225114651
0.1539185774
-0.06718031019
-0.2547500879
-0.02437129123
-0.07967585549
-0.2409333855
0.8689194039
-0.04079176653
0.4073477603
-0.07031663246
0.07369719045
-0.3054505456
0.0273346155
-0.1453638058
0.1911360169
0.1159034276
-0.07740489431
0.1979495435
-0.174948772
-0.1721175045
1.080664221
0.2680757668
-0.07090322995
-0.194647789
-0.1260374575
0.6649432082
-0.05856729075
-0.1495013825
0.4546930982
-0.2223718442
0.01127683679
0.3748461448
0.2899959888
0.1156375375
0.02508129133
-0.007053139433
0.2116437897
0.01642180691
0.7310637958
0.1546017302
0.1974505197
0.03715900658
0.383805228
0.1126917729
0.6124557529
0.4364952188
-0.1164180379
0.08918140009
-0.02036758251
0.1340668609
0.02483271658
-0.05837101494
0.1766451424
0.3771068346
0.137633161
0.03638763055
-0.2744164757
0.2061681978
0.03497865237
0.4953396618
0.4613807216
0.2104247765
-0.2494373493
-0.03486103658
-0.3785805672
-0.1744920464
0.2227681491
0.2741535749
-0.120214359
-0.121658935
0.4084391579
0.1853777708
-0.1821456835
0.1984729753
-0.139402058
0.5015062153
-0.1598169152
0.5125178108
0.9576790214
0.1214202046
0.4181702714
0.4461369149
-0.3766075671
0.3244353842
-0.2194154344
-0.1496637302
-0.1153887552
0.0108687426
0.1241860439
-0.183897369
0.5411351055
0.04456440918
0.3348270502
0.3528379533
0.3075481053
-0.0874045508
-0.1183684746
-0.199106903
-0.2928878717
0.5294940613
0.3900308087
0.2050110573
0.3041140852
-0.1372704456
-0.2428547263
0.3826069996
-0.04341330994
-0.05885817946
-0.1382823629
-0.06611380577
0.04439226007
0.3647430483
0.2802174125
-0.06812500861
-0.06169878505
0.02944422662
-0.168948424
-0.08747911165
-0.1344286587
0.1796620072
-0.02920204746
-0.2653380804
0.190349661
0.3613380225
0.2327193013
0.3224559672
0.2085270879
0.3157883632
-0.01746611558
-0.1460984927
0.8435810514
0.4051245619
0.1347285386
-0.002551188227
-0.03217865638
-0.140569099
-0.100175509
0.06980405115
0.6425571114
-0.1727934027
-0.0699957246
0.3087251663
-0.2030923754
0.3931884728
-0.2576343969
0.08813670669
-0.1715631753
0.2479005876
0.1629345829
-0.1283143834
-0.02136878008
0.1309515714
0.01611228399
0.4426588967
0.3019375019
0.07082377709
-0.07824418498
0.3126405437
-0.243080201
0.05848688092
-0.217382047
0.2021282219
-0.1741712274
-0.1656300891
0.2068777625
-0.08617030531
-0.00627949629
-0.4277538419
-0.1622518936
-0.03073799238
1.173923916
0.3725008272
-0.1545754161
0.2690556478
-0.06329777651
0.06240696497
0.03511366099
-0.05530779045
-0.360076293
0.02043458344
-0.04810871631
-0.1624824943
0.2525834747
0.04546843152
0.2173687488
0.3318577169
0.04434254356
-0.05886380943
0.2277438924
0.683749333
-0.2633291662
0.3721060231
0.7404245347
-0.009760877304
0.2568503404
0.0795274714
0.3037030337
-0.1730766559
-0.1322922587
-0.2251118923
-0.2685022146
0.1216136545
0.3608700702
0.376177856
0.2170851872
0.3965924226
-0.01665364709
0.2906041938
0.4333407007
0.05355683959
-0.02003745064
-0.1303458825
0.4948382489
-0.04549423903
-0.2793874726
0.2774225879
0.1920975639
0.3399527861
-0.1794820571
-0.1517766848
-0.1450118609
-0.04255061243
0.06840235116
0.3553737674
-0.0981805101
0.4746651236
0.03093441334
-0.08279528394
0.0443329561
0.16474494
0.3578309941
0.30457037
0.201809974
0.1102935465
0.2990433753
0.173169231
0.7641957998
-0.4401576135
-0.2683075838
-0.135360596
-0.1411127945
-0.1911306288
-0.2129559275
-0.3288684629
-0.0528728405
-0.2293377534
0.5794064824
0.6827596672
0.5936817521
0.9720066834
-0.2364917953
0.1751025449
-0.1544046724
0.03511392404
-0.2056182742
-0.2207058061
-0.1337189427
-0.1854099348
-0.113430227
-0.1024367716
-0.2275026292
-0.1522894531
-0.05568081234
-0.03049783055
0.3402546644
-0.05922931517
-0.01776787303
-0.05301837996
-0.220042168
-0.1844556052
0.000583862327
0.04226315375
0.05115154311
0.2378940914
-0.2408872895
-0.2572952457
0.02613560576
0.2093250541
0.08046925459
0.1354192304
-0.2996582381
-0.2732009731
0.6228261098
-0.3079574525
-0.3890194774
-0.1240504945
0.06460222024
-0.05448181946
0.4475395076
0.651852422
-0.2731065996
-0.2414970122
-0.143354642
0.1324533552
-0.1957879558
-0.137391544
-0.03333938681
0.1943658613
0.1484583173
0.3227029052
0.1913031387
-0.1030884914
-0.09847813165
-0.2375746999
0.2795641847
0.1251190308
-0.2170019411
0.01719193384
-0.27507842
-0.2778958462
0.320501275
-0.2492024344
-0.0625743575
0.3844619565
0.03868287988
0.1619690659
-0.08823919329
-0.1164450713
-0.1729302884
0.1662475765
-0.005901157856
0.2192203861
0.13225889
-0.04281860301
-0.2138339981
1.350251494
-0.4116575092
-0.4361568511
0.2591909243
0.1307867341
-0.1807113551
-0.0170609124
-0.04737978736
0.7350640386
0.01426790189
0.01528011207
-0.4203797244
0.03886583168
-0.3258160111
-0.4940209761
-0.09348079171
-0.4283996329
-0.0278330938
0.007473801635
0.5941438749
-0.1175410435
-0.1152057576
-0.1093374803
-0.141993336
0.8350717545
-0.2235406097
0.1614399808
-0.2610227443
0.3641300125
0.02978633828
-0.06137019563
-0.05275826901
0.1686115919
0.1063835886
-0.05246240851
-0.03665425982
0.2820173043
0.1755428864
0.5077214092
-0.2804867301
-0.0631115675
0.1521860695
0.07482612319
0.01049298216
0.6139034685
0.07430217692
-0.1095236812
0.07717937217
0.07522192337
0.3939357482
0.0793122502
-0.1496711204
0.1647262289
0.01118685789
0.0361897869
0.3627137087
0.005820363015
0.123226361
0.2531300237
0.009758868627
0.00301267812
0.3002749858
0.3798320655
0.8958451333
0.3156716298
1.183889278
0.5469127694
0.37042243
0.4343705922
-0.02407797824
0.2127337307
-0.09905171264
-0.02912192233
-0.4770067289
0.01443360127
-0.2045756184
0.2888068307
0.006720857415
-0.1157422279
-0.2829289272
0.2858404241
0.571075666
0.0111932057
0.02447734363
0.4133956231
0.1386429806
-0.2282123748
0.09922139545
0.2430618127
0.3005297877
0.2309166471
-0.1546781365
0.9367712907
-0.2419935778
-0.03442027811
-0.4305527978
0.01556719365
0.01991755189
0.03767272122
0.05972747225
0.476792247
0.06885026507
-0.2235024948
-0.3687889084
0.6854890808
0.153377521
-0.09814285077
0.05512587111
-0.3076307181
-0.09319275152
-0.2116713982
0.2836937098
0.4541175298
-0.1749259293
0.7050387707
-0.01799888322
0.3665252661
0.2153556576
0.0556728269
-0.002200605907
0.07453477127
1.069353035
0.002348688431
-0.2659427039
-0.2238156069
-0.01725393049
0.1331031013
0.2901863832
-0.1392022975
0.03802393312
0.05648282329
0.6299865002
0.5443803489
0.548908579
1.462297612
-0.009027949694
0.5724846084
0.1523980533
-0.2332838491
0.1549731781
0.1985920299
0.3747052908
0.3589315418
0.01129392199
0.05790873691
0.3252126714
0.1869539233
0.5001163285
-0.007961491123
0.03371013775
0.6292382542
0.02896242784
-0.1275927646
0.2972550111
0.4500515331
0.318794026
0.37140317
0.5503779069
0.2593089851
0.07017940935
0.04477243796
0.2534566635
-0.1369473491
-0.07154696709
-0.1544333793
0.1023993263
0.5131063923
0.2707773015
0.4341515109
-0.3314159133
-0.2908648102
-0.04156842511
0.5093714964
0.5681827344
-0.0008881626651
0.3812391445
0.2361887738
0.2150308287
-0.1437232982
0.1901933204
-0.02505536359
0.2346812706
0.2870599627
0.4162127033
0.2138195876
-0.0135901588
0.1654650584
-0.06363472072
0.204270882
1.022066264
-0.06790582086
0.4500114977
0.0253163062
0.3349528022
0.4868855797
0.7044457681
0.02874768116
-0.1884186182
-0.1691029396
-0.05695028352
-0.09220585469
1.236451995
-0.115775739
-0.1415455431
0.2628514249
0.3331917142
0.6579637162
0.519551497
-0.08718707291
-0.04099904839
-0.1140289657
0.4346231116
0.2225430895
0.7259773634
-0.3237001173
0.8523133799
0.1374493344
0.3817757612
0.3091084424
0.5134075422
0.1289691979
0.06126701999
0.1110294689
-0.1726386417
-0.2141580194
0.03708575927
0.7498184877
0.5933524098
0.3980344549
-0.09345857948
0.2254357263
0.5111353762
0.6851462089
0.3403811824
0.1888820438
1.674174634
0.4040788367
0.7181823999
1.088406517
-0.2237016806
0.1590481538
-0.148636484
0.2172408544
0.3748134539
0.2281943588
0.164266405
-0.2482115047
-0.1758825228
-0.3041603535
-0.3321082808
0.006572044734
-0.2909770075
-0.002652516216
-0.3148802854
-0.4434365541
-0.2028654978
-0.1760110773
-0.3210954025
-0.2415511049
-0.02892157622
0.08778117746
-0.0187544995
0.1785887433
-0.05198022574
0.05923359692
-0.2162265059
-0.1539426208
-0.1401109267
-0.2649970489
0.2326495659
-0.2790005721
-0.2688335102
-0.2076027956
0.0845340238
-0.1747354552
0.1327591866
-0.261801111
-0.1651241083
-0.02024926189
-0.1363602631
0.1691767482
0.9120914472
-0.4915373728
-0.06546818279
-0.1106661612
0.3537794955
-0.1628591012
-0.2136557944
-0.02994401641
-0.4508010954
-0.2304491751
-0.01280678064
-0.0649161879
0.1400543012
-0.354583846
-0.02486964092
-0.007403259352
-0.3250605408
-0.3308620423
-0.347566998
-0.0408412965
0.1270732592
-0.208924778
-0.1180551199
0.1270195937
-0.2495263539
-0.3287934601
-0.2476995546
-0.1824613292
0.1803885605
-0.2107165102
-0.2597756362
-0.06746621057
-0.1820056316
0.00175662851
-0.2158146797
-0.3150664777
0.02733701561
-0.1560551703
0.3779914078
0.02372562829
-0.09722566362
0.02899655253
-0.3428620651
0.07534462716
-0.3305307783
0.07239652993
-0.1044087851
0.416999919
-0.4717213012
-0.2833438747
-0.2424258463
-0.08311890922
-0.1628599999
0.1350138457
-0.245416858
-0.1576695658
-0.1846290637
0.8434209678
-0.3753726773
-0.1870615264
-0.3928366259
-0.2834397099
-0.2088724062
-0.06053321324
-0.1545507994
-0.08777079582
1.631486063
0.04266634695
0.02046505478
-0.2489428766
-0.2634975329
-0.08957577664
-0.1127554953
-0.3867637649
-0.07119970713
0.3080902971
0.4349307042
-0.1009003478
0.07802870804
-0.23492117
-0.3908536896
-0.2738589708
0.001371002942
-0.3060692549
-0.2329452772
0.0207996374
-0.1988561299
-0.01361077949
0.1486324599
0.100699228
-0.4613879055
-0.3173541188
-0.1608612066
-0.02282254091
-0.3313378111
-0.1202953201
-0.3320817441
-0.2720807984
-0.175061374
-0.4349263579
0.3697970173
-0.1558508754
-0.2811015517
-0.1921279509
-0.008081361465
0.1584955701
-0.3787082374
-0.1893946048
0.0126756968
-0.09518083101
-0.08119888231
-0.1884882521
-0.3139918409
0.08857117593
0.2223732762
-0.2197924808
0.4501360887
-0.03297184566
0.003685885575
-0.06384675913
-0.01059171231
-0.1335472796
-0.2155817684
-0.327688951
-0.4080250278
-0.3565195158
-0.1611848288
-0.1132658511
0.05131331179
-0.09842313062
-0.1448693937
0.1693794038
-0.03990646582
-0.1414626606
-0.2083725559
-0.2098073235
-0.2341993522
-0.07098211627
-0.1248937618
-0.003000247665
-0.3035780288
-0.313308765
-0.143092321
-0.03625933211
-0.3223007135
-0.4988320485
-0.08899736861
0.3023724417
-0.1137930471
0.06778436229
-0.167818867
0.2686374903
0.1915190978
-0.1765699901
0.1277073652
-0.1561733061
-0.2540085897
-0.268663042
0.162565605
0.6324353104
0.298269961
0.1641585663
0.2717992688
-0.3760223493
-0.1579038847
-0.3070565589
0.1455908516
-0.3602086592
0.3331128992
0.4062537413
-0.214562327
0.4441720757
0.253551269
-0.3778677486
-0.1952404682
0.6587371521
-0.1086574802
-0.1739668716
-0.1011003595
0.6192100051
-0.1195453046
0.1058089308
0.1663465247
-0.03715149797
-0.1881093167
-0.4285117984
-0.20720126
-0.2429686304
-0.1868065739
-0.2730578281
0.1894309321
-0.1634546537
0.068612589
-0.2883270979
-0.242312658
0.1110133323
-0.06501314822
0.425472891
-0.156740023
-0.045019435
-0.4551907778
-0.02547449796
0.2889991064
-0.01714276536
-0.3032779172
-0.05918990392
-0.085053185
-0.172652065
-0.006209793501
-0.3662933648
0.4425423502
-0.1223788166
-0.3692737937
-0.1822189942
-0.433684206
-0.1380970929
0.09278292521
0.05000450192
-0.5318906367
-0.03739149384
0.119845967
-0.2455141228
-0.2568122344
-0.03100853488
-0.439942494
0.1457700521
-0.2826262109
-0.4318263531
-0.4853458114
-0.2590897076
-0.3646050908
-4.088673741e-05
-0.3821584448
-0.03285519127
-0.1587963032
-0.1257486187
-0.4084747121
-0.3022336505
-0.1412038516
-0.1287957679
-0.1126659436
0.1207170916
-0.4347972259
0.1449557484
-0.3433282614
-0.2103493899
-0.3061495364
-0.2148032807
0.02787111513
-0.2460142296
0.3845902566
0.6534461036
-0.09819607707
-0.05220660204
0.9344292495
1.059624725
0.03348399322
-0.258848048
-0.02789105074
0.1669189103
-0.2963030025
-0.2797305003
-0.1773859212
-0.05825303523
-0.350512588
-0.1355166834
0.09801867125
-0.3114794865
0.3988962753
-0.2087467991
0.1116985362
0.1134871642
-0.1921661302
-0.2200105581
-0.1221401701
0.0107222788
-0.3406716675
-0.2631236691
-0.269655643
-0.1054463324
-0.2290460873
-0.1811822202
0.02007629909
-0.02360639703
0.5459024193
0.4208020926
-0.3181873538
0.03100192901
-0.005485156598
0.02145593446
-0.08376070703
0.4398425025
-0.2066160405
-0.4660149787
-0.09181578755
-0.499533689
0.1290228721
0.1097589954
-0.1362990228
0.4212810926
-0.2422552098
0.06796633769
-0.08631757759
0.2100550711
-0.3968145996
-0.2936228294
-0.2317546487
-0.286517974
-0.219339563
-0.3870808475
-0.2580724683
-0.3564684235
-0.1396133717
-0.3592304748
-0.2028568099
-0.5052929893
-0.1695626045
-0.09626447819
0.2094616089
-0.4487215936
-0.2001528863
0.1193730673
-0.3099061348
-0.3976840913
-0.4761272356
-0.2615625314
-0.03831287818
-0.2318204835
-0.08019488752
-0.4843547493
0.0040288914
-0.3154898003
-0.3523021773
-0.1828268629
-0.5121540993
0.06677784007
-0.2244479427
-0.140596883
-0.3119852342
-0.2094315197
-0.5224285588
-0.1347722529
-0.007931296248
-0.3064297915
-0.2240316026
-0.4581814751
-0.4461304352
0.01700931704
-0.2744938523
-0.1807613796
-0.1884050757
-0.3696233824
0.02770635178
-0.506356781
-0.171996446
-0.001769864932
-0.2219107639
-0.02530969791
-0.2878132954
-0.4000874087
-0.4402794622
-0.01829943396
-0.3637486339
-0.1428468835
0.004622066487
0.07263746569
0.1389875505
-0.4693874061
-0.1159370773
-0.1476414876
-0.1337209023
0.2123474065
0.04786608741
-0.3173589911
0.1335087334
-0.3480663359
-0.004694733862
0.01308702119
-0.3783343121
-0.07365305014
-0.3342639763
-0.3464938059
-0.1971542309
-0.2259761531
-0.2283791749
-0.3708136626
-0.3229418375
0.09429901056
-0.1658985712
-0.06509850658
-0.1421255366
0.1239955321
0.5507142887
-0.1700924534
-0.2508285291
-0.08472805824
-0.2197297094
0.1325833231
0.5457946464
-0.1093889356
0.137455058
-0.2240919579
0.08244899381
0.1878452231
-0.1766192953
-0.04995512413
-0.2272128392
-0.2188028781
-0.177989196
0.06529423501
0.2860952358
-0.03219691887
-0.155335959
0.2781816147
0.3003410784
0.3299147218
0.04116890393
0.4206616141
-0.01387320497
-0.1401193574
-0.2133722894
0.1323001259
0.100164419
-0.01534841806
-0.1534519866
-0.1801444981
0.7767925283
-0.4791179202
-0.1925257348
-0.04970283753
0.2759108152
-0.3976021722
-0.1232991772
-0.2835708976
-0.0253628239
-0.274245061
0.1365133756
0.1428027037
-0.3495629415
-0.3942067146
0.06903134109
-0.18725647
0.2441832062
-0.03179587945
0.05769373123
-0.1478545334
-0.2894942991
-0.3905287631
-0.1590649476
-0.3504475214
-0.4144568212
0.0779159829
-0.08225726327
-0.2325655833
-0.3549357593
-0.03300209045
-0.1484161381
-0.007256924082
-0.1527477136
-0.1474733584
-0.1425486544
-0.2066308238
-0.1976418871
0.06082403678
0.2239389716
0.5722807135
-0.1217167914
0.1094283231
0.08235149235
0.3641869552
-0.2747661538
-0.2660536923
0.7356619023
0.07890750226
-0.2013838138
0.4576302148
0.1102999419
-0.06036341777
0.09411825538
-0.2149929859
-0.2941035099
-0.04764024215
-0.03162747393
0.1464574946
-0.08702519536
0.01926992275
0.07261622716
-0.1567507394
-0.07147926083
0.7072354004
-0.285835433
-0.1742155701
-0.4143949226
0.09021395375
-0.1657089942
-0.1189396314
0.4462987006
-0.04663338177
0.1142823183
-0.367329482
-0.3203708895
0.09070533738
0.3993294109
-0.1281861378
-0.1516574224
-0.1643086374
-0.3808732532
0.2882975588
-0.08494086545
0.3153245749
-0.3764701724
0.2165853512
-0.2828939237
-0.5814359069
0.3136135664
0.01709553208
-0.2705413029
0.005987984966
-0.08725751005
-0.445450063
-0.1973992318
-0.4107573561
-0.2442501388
-0.2624270983
-0.1964235047
0.5493095282
-0.1229516892
-0.1452786248
-0.1585481247
0.2008869518
0.1525801602
0.6230597824
-0.086834196
-0.1478886419
-0.2191963769
-0.3061077811
-0.09985012328
0.1668787602
-0.1336077631
-0.05833065789
-0.06340210224
0.03031126997
0.1108701042
0.4538633395
-0.5468860202
0.1779816903
-0.1009768426
0.008642787859
-0.273326198
0.1381120576
-0.5214024201
-0.2539770246
-0.3130295008
0.01310937731
-0.2942769077
0.03023772184
0.4968673125
-0.1133128755
-0.311711774
0.09874894675
-0.3161179408
0.00992379887
-0.3367023155
-0.2776397198
-0.1186995555
0.1484213559
-0.3719738387
-0.06005578302
0.1936436359
-0.3783901997
-0.3125500381
-0.2079646083
-0.1256298175
0.2850988356
0.3965040781
0.03841372412
0.380591749
-0.1022085597
-0.2398181055
-0.09637235599
0.4346302032
1.16866666
-0.01588682905
0.05739014503
0.1239862468
0.07943517361
0.01439163657
1.066896405
0.09701761836
0.1711155379
-0.177183108
-0.0342073964
0.3258077618
-0.09319907017
-0.07980100922
-0.05778308902
0.05968658291
-0.2943609741
-0.3287456917
-0.05075746421
-0.1439149957
0.05970193418
-0.1643216487
-0.1481578496
-0.2365644701
-0.173867996
0.1163933801
0.2086886546
0.06160299815
-0.06703908434
0.3070149966
-0.1562436402
-0.07032450922
0.1985006046
0.2244358322
0.15308097
-0.3120332334
0.3078145945
-0.04147073273
-0.01092319451
-0.2163275629
-0.03470681303
-0.190062812
-0.114341535
-0.1562372074
0.002117989212
-0.1172768279
0.5463017345
0.09617284723
0.3396552054
-0.2350813918
-0.02328341762
-0.02754742708
-0.2279715553
-0.1407219537
-0.2520045288
0.1236409886
0.04522047918
-0.1411470752
-0.3581387639
-0.2467272535
-0.05821488686
-0.3600539811
0.01394727901
-0.2456489287
-0.2389543023
0.007989855297
-0.2168396899
-0.08432910517
-0.2036987077
-0.002713022428
-0.05844940264
0.03296672115
0.2879113588
0.2100080065
-0.2105884984
0.08927816893
-0.3656765088
-0.2102591194
-0.06510144807
0.1141521195
0.2759492535
0.1092624349
-0.1446286379
0.2412034458
-0.1134846943
0.1810960453
-0.1710454183
-0.2329154193
-0.1779753223
0.03795309737
-0.1212360568
0.1438196109
-0.1857232794
-0.2948166847
-0.03029321795
0.1778580704
0.2050781328
-0.05119690057
-0.1317587771
0.3381048799
0.0473054667
0.8511237861
0.104120383
-0.2887649059
-0.04618723723
-0.008040004782
-0.2382579504
-0.2992665224
-0.3571225641
-0.2046882713
0.03062115293
-0.1690129327
-0.05603771098
-0.3327263042
-0.2407599382
0.2324099895
-0.06845407616
-0.5668582186
-0.2735855345
-0.1153632897
-0.2468496647
-0.07957293121
0.221871422
0.7418495619
0.3972270433
0.5011262702
0.06798139252
0.1537343115
0.3033217512
0.1128463775
0.254055926
0.5749522451
-0.04622128233
-0.2550769787
0.03293709336
-0.1432547111
-0.02537076734
0.2772031514
0.2623977944
0.37587877
-0.1752879617
-0.3442853481
-0.2913845874
0.1010036696
-0.0759625108
0.1543129418
0.1478029564
0.3264266178
-0.4543909103
0.02111131893
-0.2868776798
-0.4371774539
-0.1215706152
-0.1486987051
-0.3304516412
-0.3024272311
-0.2147147261
-0.1754415816
0.04689629935
0.8234984249
-0.4107928157
-0.4078196391
-0.255683323
0.1733359573
0.1931082796
0.07908730889
-0.1464381285
-0.08366603553
-0.2149218244
-0.1443038752
-0.425720451
0.1031308729
0.09292104533
0.5440371964
0.00163342189
0.04004681595
-0.08263779581
-0.1343569065
0.5158627838
0.6758966975
-0.254470703
-0.02804094162
-0.07652565353
0.2748976195
0.1589824699
-0.07704025935
0.1584117767
0.0764607653
-0.06978425364
0.4358237762
0.2509764291
0.5609975012
-0.2246838503
0.2780841636
0.003091880522
0.1035714991
-0.1060974935
0.07329226192
0.3435425339
0.3210986221
-0.2512987979
-0.02211605404
0.2152427154
0.8068788886
0.8873301812
-0.1537193391
0.1242987158
-0.2315418638
0.06012480003
0.5249173537
0.2958052274
-0.07577068526
0.03220822848
-0.1873381063
0.7159451514
0.08806181252
-0.1611855529
-0.1946597036
0.252627857
0.03593751974
-0.6085509866
-0.1247741244
-0.001915547065
-0.2887891017
-0.02531797662
0.04961780757
-0.126716445
-0.2954661153
-0.3231912732
0.05408799872
-0.2030041343
0.09718802525
-0.2631453108
0.3561903104
-0.2259392371
1.037248807
0.1733674143
-0.09869306365
-0.2529513638
-0.1903225005
0.1776305403
-0.1393812468
0.04926386289
-0.2993428633
0.4119997405
-0.05630967552
0.5357531577
0.3772921421
0.2635348294
0.3507692944
-0.2651492208
-0.5191485614
-0.1398267633
0.02110981923
-0.4076162979
0.08352297656
0.1090067395
0.8182459339
-0.3265773632
0.06017916128
-0.1176136903
-0.09046839364
0.3586811632
-0.4202346124
-0.2714805931
-0.08077872498
-0.3736099929
0.05634893849
0.1652105799
-0.2691519976
0.7100899369
-0.2776070703
-0.04993398823
-0.2890776798
-0.06569135597
-0.07578431852
-0.2584013388
0.4344603436
-0.03460903962
-0.1413404979
0.2041155273
0.3268361449
-0.001899662288
-0.02126073614
0.8985674933
0.4376028731
0.02010619061
0.2527290212
-0.1384750912
-0.321089188
-0.01787535679
-0.3256062835
-0.1679225952
0.2305571198
0.5551234476
0.5146415733
0.3026672371
-0.04071469177
-0.03143869583
0.3589580275
-0.3804762572
0.2212347935
0.05671469877
-0.07330215052
-0.257848905
0.001262034662
0.158317961
-0.2691150032
-0.1153595768
-0.03416042626
0.06164631387
-0.07214283585
-0.3102765173
0.1082810085
-0.3196192414
0.4688984385
0.449334053
-0.1950660785
-0.4144617394
-0.06919424627
-0.06343328282
-0.2614225782
0.4807146013
0.2369803234
-0.2063095942
-0.315323716
-0.2030214712
-0.2726975385
0.3864984877
0.04342783615
-0.06302835597
-0.3031275429
0.4090020103
-0.2982852861
-0.08121198993
-0.01359510869
-0.02655188851
0.7886421211
0.0937625533
0.00120126605
-0.15076012
-0.01853615176
-0.1036305632
-0.02022051141
-0.1492448758
0.3564798189
-0.3030006886
-0.1461429836
-0.1768155735
0.2307481848
-0.4286322273
0.3328247122
-0.3224476226
0.07736326847
-0.3685711697
-0.03106244318
-0.2182011098
0.03275395613
-0.1207518272
1.194448491
-0.2766266324
-0.3546666197
-0.1769965891
0.2858538166
0.1783310126
-0.1782270651
0.513992002
-0.144379364
0.171609715
1.438036275
0.1795437308
-0.071955451
-0.001125882287
-0.1904053334
-0.0816428896
-0.07123536319
-0.1014016887
0.004697030503
0.4902204517
-0.373911915
-0.2403589982
-0.2051549587
0.6873174641
-0.1289255725
-0.06575193591
-0.1864820231
0.7788745016
-0.2102446441
-0.2686212085
-0.1417635009
-0.1270904653
0.4764371935
0.00290550543
-0.005501728435
0.1550709536
0.4948817529
-0.06011490878
-0.4292843379
0.1685888605
-0.5413976714
0.1586603876
-0.2060659435
-0.2727725588
-0.3160208859
-0.30874191
-0.06938343793
-0.3684837274
-0.3597495362
0.118370638
-0.1878637634
-0.3081437521
-0.07689879443
-0.03253816403
-0.2938754246
-0.1871340219
-0.2280835133
0.194337605
-0.2559364632
-0.001570817456
-0.1923400778
0.1532812575
0.2839479678
-0.2961425625
0.01551693138
-0.1409648217
-0.107388691
-0.1727472007
0.05116184177
-0.1134989796
-0.1943947017
-0.2886440113
0.20515649
-0.4114438929
-0.1274841892
-0.3288537838
-0.01896502338
-0.1021663982
-0.1798229131
-0.3338927954
-0.3447604284
-0.2499256074
-0.1551877864
-0.3169214115
0.1314845163
0.3466983628
-0.3142140985
-0.1280014291
-0.3665032238
-0.07969924416
-0.269057332
0.03681683913
-0.1842188478
-0.4655451715
-0.1366427498
-0.1475147704
0.09176715072
0.1100345582
0.07564366776
-0.09867357761
-0.1765258512
-0.0245586168
-0.1106932361
-0.1624013234
0.2105110906
-0.2040120471
-0.1617577963
-0.265278041
0.3113000339
0.04837639462
0.003072285373
-0.1304520745
-0.09758360405
-0.3439220108
-0.4800104722
-0.2212739289
-0.08566202384
-0.2905159868
-0.04543598285
-0.1572450124
-0.1235538598
-0.2245076712
-0.172811939
-0.4364332877
-0.3494587541
-0.2423062049
-0.2388566636
-0.1308313649
-0.2144174583
0.07965683292
-0.01249485575
-0.1571153037
-0.07032423783
-0.4985343695
0.02848800346
0.1200175468
0.2263559554
-0.1345335992
0.1754524715
-0.110886996
-0.009109313693
-0.1909248423
0.06453849981
0.2235680504
-0.256662491
-0.2587882437
-0.2970473737
-0.0860432161
-0.2551687703
-0.2268181734
0.001790166087
-0.1485782854
0.1675474368
-0.5309156492
-0.1517802104
-0.1465513315
0.30549035
-0.05763138682
-0.2240538288
0.1002141891
-0.1354537498
-0.3130452409
0.1994165706
0.1880490347
0.04923294759
-0.1178157903
-0.1154021057
-0.1643438373
0.3477017563
-0.251841636
0.09840921215
0.4375887625
-0.1562404513
0.5643446267
-0.01542455065
0.7055422015
0.3102218085
0.03005676419
-0.08881010227
-0.03478132361
0.840177327
0.3406338861
0.1850522221
-0.09430515449
-0.06957376041
-0.3987471014
0.03864586679
-0.02812714103
0.7687624857
0.7371166378
-0.1487233655
0.4550403222
-0.1441272397
-0.4209129944
0.1744897572
-0.2536330722
0.09984790944
0.1293632218
0.001981880143
-0.1666487671
0.0939486728
-0.1652529847
0.1945123023
-0.1823908906
-0.215688736
-0.1432970131
-0.01036151256
-0.07188876122
-0.03007058706
0.1734422112
-0.1624630276
-0.1290484514
0.3928718552
-0.05739336796
-0.006544044986
0.2778702226
0.4741637491
0.429238848
0.1830031835
-0.1399301786
-0.3560649656
0.1390313807
0.01707751518
0.138032113
0.3548621096
-0.08917698963
-0.03208643617
-0.2311109304
0.03290831121
-0.339406199
0.22937138
-0.1399349667
0.1152009285
-0.1020193689
-0.03637523716
-0.1959473187
-0.2474126503
-0.1069004988
0.06481254697
-0.2904069759
0.5120186452
-0.08436545804
0.3411682915
-0.1814396162
0.0993963087
-0.1833957378
-0.1192646444
-0.09345930815
-0.02772006029
-0.290660248
-0.1704378221
0.152427366
0.4204193743
0.1222648822
0.178470429
-0.3373806253
-0.03205114179
0.2836548433
0.06269072553
-0.3886942148
-0.1643752445
0.1106584176
0.02483677827
0.01465433855
-0.1232293462
-0.08787177559
-0.1201695714
0.5438573439
0.165765792
-0.02064890116
-0.1328528407
0.3326806525
0.4596827488
0.001542361919
-0.1631665707
-0.2573073857
-0.2183666112
0.2230705759
0.1039043799
-0.3797271036
0.6563224323
-0.3560365655
0.6030283436
0.040643158
0.384277183
-0.3069800042
0.2016806456
0.7670850854
0.2746158458
0.3573202903
-0.07581216618
0.2252396625
0.3372887339
-0.2099941127
-0.05045679137
-0.01612667507
0.7101310208
-0.1417358137
0.02749765841
-0.01563244984
0.193814519
-0.07634423096
0.4238578327
0.2222304771
0.02454234259
-0.3735740796
0.8493647419
0.07409274066
0.2275068404
-0.08362169559
0.1568835784
0.1548979217
0.757652951
0.3950865988
0.4731283948
0.720397169
0.08725172747
-0.2479449913
0.4495428763
-0.0134220168
-0.2640071947
-0.01767090689
0.9432712093
0.0685126693
0.248538923
0.1831822626
0.1520706404
-0.0286417773
0.3175364977
-0.04751570099
0.2572203021
-0.1203666676
-0.1974781454
0.2807658536
-0.2307503454
-0.07753809197
-0.1993423481
-0.1481548899
-0.2134596575
0.2036965191
-0.3870368615
0.2778248847
-0.01574353059
-0.1977718607
-0.01956109777
-0.2184972074
0.1761682604
-0.213800793
0.4804857837
-0.3859974451
0.2678608544
0.2995032943
0.4456302674
-0.2583027069
-0.2860022262
0.1198290524
-0.2097181768
0.002857314143
-0.1435395982
0.1082646907
-0.172102163
0.08611287782
-0.3561298609
-0.3416261733
-0.17374571
0.2526900433
-0.03878316581
-0.1972327079
0.0466114739
-0.4341720298
-0.4276082605
-0.0744828688
0.3669451978
0.007330430858
-0.04016403267
0.1975010984
-0.1603436951
-0.1911029063
-0.1981285654
-0.1909256365
-0.2241087895
0.00535793025
0.2772603175
-0.2647020794
0.0003010753542
0.0391395417
-0.4098971188
-0.06215502899
-0.3530030094
-0.3417598546
-0.01010354608
-0.05960038565
-0.1211509921
0.2330808891
-0.08099875748
-0.2332561411
-0.4453677401
-0.1611110447
-0.4500641987
0.04088792317
-0.2039731011
-0.1722182373
-0.2859804444
-0.280335123
-0.09328941088
-0.1614977211
0.356556987
-0.09817882571
-0.3343252517
-0.2893081058
0.06871635132
-0.005030867085
-0.03935799189
-0.1929811981
-0.1644600036
-0.282726945
-0.09262614027
-0.1920773281
-0.4806173254
-0.06963200867
-0.03988220375
-0.3642758295
-0.1103652388
0.2367484499
-0.1236349419
-0.2452789295
0.236526059
-0.1083158465
-0.2738383587
-0.4513687804
0.1245088335
-0.02278860314
-0.176817061
-0.1003270127
-0.1730128832
-0.103369803
-0.07228239877
-0.1189743713
-0.2894464299
-0.2200465849
-0.4123216189
-0.1159116756
-0.5457036436
-0.2707765438
0.1360832079
-0.160610115
0.1253634548
-0.3523694739
0.5635324109
-0.297553901
0.2659359639
-0.2145702653
-0.421609883
0.3518488359
-0.3663417377
-0.337212275
1.361406323
-0.2488937983
-0.3368394464
-0.326647456
-0.123955399
-0.4292925142
-0.04054394765
-0.1696532451
-0.2387907781
-0.01983278543
0.1353062853
-0.1280017371
-0.08992510135
-0.01734739691
-0.05498327762
0.2892658006
-0.1728589464
-0.02878076397
-0.267405951
-0.3199048067
-0.3171293557
-0.02188134007
0.07359806802
-0.1517373474
-0.3003554307
-0.1302248735
-0.3297462769
-0.4081136093
-0.008912054542
0.3515643444
0.03092428278
-0.2744857267
-0.1229896128
0.2266003185
-0.320166282
-0.1720925666
0.1281495508
-0.4539243653
-0.2636798017
-0.3695074134
-0.3997246325
-0.4253555521
-0.1673106471
-0.1716416213
-0.02240920309
-0.02978057838
0.1131208245
-0.3419413947
-0.06464862954
-0.2973604865
-0.01481216601
-0.3842026144
-0.3488752961
-0.2877889872
-0.4025255062
-0.0481992336
0.02682778193
-0.5337249726
-0.211481183
-0.2095881537
-0.2083123308
-0.1673678819
0.2159128466
-0.259450417
0.2651846332
0.3939311136
0.07705659624
-0.2356157564
-0.3303682148
0.3077845363
-0.3964957148
-0.2712135889
-0.2305439815
0.07490077512
-0.2118332215
-0.2844705435
-0.2189469501
-0.2641554303
0.3276807901
-0.05952090975
-0.006754648685
-0.08269525599
-0.179086357
-0.2638926998
-0.4026853383
-0.3383407682
-0.1218011076
-0.2957567848
-0.04151198976
-0.06445359141
-0.3602965243
-0.4880373456
-0.2963263646
0.2390253592
-0.3011826247
-0.4416982681
0.1993153088
-0.04697172381
-0.1650256087
-0.2682376873
-0.09463935844
-0.1572626326
-0.1697264048
-0.178842386
-0.3487484984
-0.2846136078
0.1515275646
0.03991455622
-0.007443516888
-0.2474794358
0.3090199383
-0.3714738987
0.008462833613
0.09843334942
0.0495340649
0.2478114232
0.2343518762
-0.1684881523
-0.378384646
-0.6293429434
-0.4361908101
-0.4657777041
-0.2730391368
-0.351489222
-0.3330339327
0.6880654771
-0.1428366045
-0.1646135405
0.2710558485
0.850585401
0.03267995585
-0.2470099538
-0.03039686736
-0.06399123219
-0.376535131
0.245786993
-0.1382447269
0.165157795
0.01919391267
-0.2550826702
-0.1352300379
0.3464396264
0.2168860026
-0.2066301178
-0.3661637224
0.3046678282
-0.1622582525
0.3536869112
-0.324861113
-0.1634631967
-0.1830522109
-0.0574054921
0.1167017353
0.8817048237
-0.08069451936
-0.4594402835
-0.3569108129
0.2401489994
-0.4372387826
-0.1511894014
-0.3086477648
-0.1213042468
-0.3020257443
-0.1005571969
-0.214658301
-0.1811009839
-0.4557636842
-0.1103652077
-0.04860456651
0.5576562807
0.06973688975
0.4141004205
0.09253263939
0.4993317537
-0.2455339365
-0.2925042711
-0.2103312317
-0.1367262562
-0.09891482014
-0.1907188732
0.05128032155
0.2547404343
-0.02709811348
0.5146489095
-0.1114737209
-0.08959173085
-0.03356397315
-0.2098146752
-0.1999132123
-0.2610958204
0.6265342053
-0.2490837932
-0.351903338
0.0005751414225
-0.4862181798
0.1408387667
-0.2706730455
-0.007408766076
0.1537060997
-0.4331412643
-0.1939125136
-0.03133337237
0.4899847666
-0.2687662393
-0.3546332262
-0.4553566866
-0.263652534
0.0320020047
-0.171322187
-0.2655467577
-0.1632624201
-0.008770479076
-0.2000168841
-0.1740332216
-0.3194973886
-0.3018044673
0.0714704887
0.08166536065
-0.1251863204
-0.07137792632
-0.5019242361
-0.02061074513
-0.2742411382
-0.3203863062
-0.4345715411
0.09590929113
-0.4065210611
-0.4131555602
-0.1304898858
-0.5143754184
-0.05479204841
0.7680972502
-0.2969412982
-0.1491606362
-0.5517055005
-0.4765620753
-0.4116505578
-0.2219323181
-0.2833265267
-0.01722772823
0.4906795023
-0.04741064757
-0.2545340361
-0.07918542121
-0.06029227637
-0.05899060145
-0.3516917191
-0.1637634017
-0.19576816
-0.06396284923
0.1072793764
-0.3290858649
0.1635332953
-0.1521836791
0.4342916958
-0.1998406164
-0.3551452287
-0.1572302207
-0.4451289549
-0.3084286936
0.02010563361
-0.2854486149
-0.1233080121
0.1966871727
-0.1241082136
-0.1952913426
-0.2818622742
-0.5024392992
-0.4076906875
-0.008444006741
-0.2035852859
-0.3636509851
-0.09688316453
-0.1687321536
0.08357607557
0.05720085334
-0.1993532067
0.108868997
0.01658180244
0.3492141984
-0.05640175939
-0.2284023913
-0.1724101968
-0.08220337741
0.2443658232
1.29607213
-0.2360319255
0.3588374533
0.1282789013
0.8976982147
0.2147716995
0.128316832
0.05826039817
0.1501905813
-0.2705179065
-0.3003123768
-0.1908747055
0.1099719064
0.3395308925
0.1960543506
0.17238611
-0.1845151514
-0.2960712954
-0.1847207006
1.254644927
0.5876548812
0.2983971648
-0.2511944376
-0.3252320953
0.1332585722
0.007202902436
-0.2214379951
-0.3839424476
0.03752557281
0.4450756233
0.08364008833
0.1159635992
-0.0273640722
0.1012630979
0.01079038028
-0.1112562117
-0.328089793
0.4619311227
-0.5109654903
-0.4070791528
-0.07102994071
-0.1643477904
-0.1670434773
-0.4492715001
-0.2319404278
-0.08380080247
-0.1506361185
0.005153571535
-0.1833761234
0.3881102983
0.08034248129
0.1075277079
-0.1801279554
0.9642762646
0.7893108819
-0.2004064185
0.0772113286
-0.2114904027
-0.004491176922
0.1490696412
-0.4914548412
0.156950387
-0.1915182278
-0.2092108179
0.09036562471
0.20456603
-0.2133647097
0.0960183725
-0.3181199938
-0.241086394
-0.5327985972
0.05744393095
-0.223116681
0.5174323924
-0.3135617949
-0.05625776816
0.1433591513
1.043328104
-0.08461221978
-0.1698601764
-0.376839938
0.2919124637
-0.3311758988
0.7786719516
0.00728754187
0.5095525786
-0.1674507301
0.2306072611
-0.07650598474
-0.2129950857
-0.17669442
-0.09381121509
-0.3597224772
0.2162084103
-0.3955931909
0.060944214
-0.0575353628
0.2956031559
-0.2522858189
-0.09326815801
-0.1230653835
0.06065950263
0.0703574135
0.2323359581
-0.1342963297
-0.3260671198
-0.2968121622
-0.2676792925
-0.3741776139
-0.1293508239
-0.1855690117
-0.06212019264
-0.1021000739
0.01651965491
0.04317959426
0.003104034998
-0.2323416062
-0.3677229092
-0.348110491
-0.1028123023
-0.1088038445
-0.148792039
0.1310393997
-0.1581090607
-0.1483997267
-0.02209909465
-0.3417636126
-0.2053464226
0.06915689253
-0.251925455
0.5127467765
-0.2370896827
0.2930615116
-0.1480578806
-0.2576123901
-0.2428878818
0.008201058954
-0.1497854857
-0.05034000389
-0.1716740888
-0.1248575725
0.04368417691
-0.07381060068
-0.2179106101
-0.4000813931
0.2631600477
-0.2825911157
1.344107597
-0.2501519933
1.056976233
0.1234368775
-0.2125162236
-0.248782707
-0.1779751357
0.2604512816
0.2804569568
-0.4080239698
-0.04460362792
-0.2496901996
-0.2913325042
0.1306431017
-0.4520947434
0.5121431701
0.5102262825
0.43842328
-0.2039036978
-0.008815871691
0.04775310839
-0.2948389631
-0.4149755597
0.2121145548
-0.171343264
-0.07296473533
0.1285825895
0.2031615242
0.3220112964
0.09565781597
0.01445482674
0.2203862828
0.8436171181
-0.4717975274
-0.2322618388
-0.021308567
-0.1452830762
0.1277977954
0.2001978599
-0.2023669314
0.2984644096
-0.2696334612
-0.04371459447
0.4688679567
-0.06646193601
0.6531267801
-0.2090505416
-0.1133882819
-0.06371427346
0.05574560249
-0.06970725693
0.09741999507
-0.0320718009
0.07659008028
0.2285039382
-0.04249649411
0.3908133242
-0.09394172728
-0.1099867399
1.233129331
0.3574431073
-0.2658177465
-0.1351792859
-0.3575698659
-0.2486845851
0.008360312134
0.1983079254
-0.2469987378
-0.01420406997
-0.106941201
0.1183797294
-0.3091013372
-0.1473945454
-0.1191615522
0.9095067993
-0.2306056703
0.260573715
-0.1621587824
0.01663989536
0.1930176004
0.3533799432
0.2234825447
-0.1987499155
-0.1156890167
0.434990444
0.2334162366
1.193415079
-0.1822561576
0.4064586397
-0.1262086041
0.1308711457
-0.2942433782
0.05970104635
-0.2873079218
-0.02349082576
0.02912782086
-0.266675433
-0.08185223425
0.612267819
-0.16286827
0.273852043
-0.3162700489
-0.3220530927
-0.2864296071
0.05768699609
-0.1474989627
0.1721423094
0.1557844602
-0.2037275605
0.3145451788
-0.06854572967
-0.2403278988
0.08893220816
-0.01922077825
0.05125334188
0.8659616783
0.05627410561
-0.0974174276
0.1650259034
-0.05085726697
-0.06987094972
-0.202125321
0.04083167114
0.06425705524
0.5807566129
0.1882192487
0.1177008024
0.2894098908
0.2848845161
0.0006672809832
-0.3139371753
-0.2646169513
0.2559613382
0.8359692067
0.5721892841
-0.007927896082
0.09865834799
-0.1453693282
-0.1965142582
-0.05475709196
0.4528880835
0.3112745749
1.038187622
0.158628065
0.01151618147
-0.1408144314
-0.1482527858
0.2295803455
-0.2185705431
0.06243146583
0.505810371
0.2057136498
0.01303058695
0.15227072
-0.01505262088
0.8830461942
-0.2997093126
-0.09581925501
-0.1369656665
-0.1277906645
0.008232289366
0.6325908381
0.09857894629
-0.2566515978
-0.05254397755
0.1219598411
0.3047187394
-0.1324267574
0.2198017693
-0.07815700974
-0.3515577503
0.402859953
-0.06911791805
-0.2877529282
-0.09766720096
0.0588143006
0.03749942742
-0.06705549816
-0.04676392768
0.002468880452
-0.1558732029
-0.103541429
-0.08934153076
-0.0007900511846
0.0175791488
-0.4353989705
-0.3108108483
0.3637775589
-0.3537494011
0.3832015812
0.6809393272
0.1868546324
-0.07840228816
-0.01665949333
-0.1426477749
-0.1187962141
0.008817418851
-0.1853666361
0.3236336507
-0.05330827916
-0.2720808424
0.1973104405
-0.2163845763
1.155171594
0.3594247282
-0.1818768077
0.4288449973
0.3107048903
-0.02820810988
-0.1100007875
0.1644618237
-0.03562721554
0.05201918771
-0.01701317634
0.4978107305
0.6205126174
-0.2660668977
0.06917616422
0.17607048
0.1183801122
0.06799760945
-0.05432998128
-0.1764374331
0.3606575876
-0.2734978069
0.1365375753
0.3341252172
-0.002157956176
0.3611664161
0.462160955
-0.3252622634
0.1532326977
-0.1281806929
-0.135778911
0.1518936393
0.1794283482
0.1335742556
-0.1032771902
1.14937685
0.02018961143
0.5459966615
-0.1327103935
0.5056970205
0.05209730919
-0.4468188182
-0.1773654915
-0.33050474
0.1809225072
-0.1483292962
-0.4598376721
-0.1571439676
-0.09495513486
0.1629982548
-0.1062262427
0.0876564561
0.2885987118
0.2368550732
0.496957393
0.02685052417
-0.2354162544
0.1178298083
0.2788313253
-0.02303262204
-0.3567073718
0.6173814248
0.009391286736
-0.3744153067
-0.1684049319
-0.4002793163
0.2053427368
-0.3029701345
0.3474225776
-0.02451248448
-0.4847589657
0.05645324504
0.3380015858
0.191731526
0.05198525069
-0.1994599368
0.51487571
0.2360600879
0.5810997911
-0.06607301012
-0.2510060903
0.8369396642
-0.1681461509
-0.2014847994
-0.2075447243
-0.3875919327
0.05020695142
-0.1246268522
-0.1031236578
-0.1171014258
-0.01338872593
-0.2722735316
0.256571665
0.1910676906
0.2781427816
-0.2051922437
0.5146759786
0.1943596235
0.03735190262
-0.3192993023
0.2786252713
0.1920047469
0.4445233099
0.4711268501
-0.1128907207
-0.0749639038
0.03150861976
0.04586764844
-0.09023209661
-0.04610332702
0.3410140689
-0.1693662331
-0.138525651
0.005862438213
0.0005651093088
0.08804511387
0.434081874
-0.1295084231
-0.09366199858
0.05258723479
-0.009742766619
0.764427416
0.1945793921
0.109439116
-0.102598004
0.2396396926
-0.3269721642
-0.1740780368
-0.3224420756
0.08323090579
-0.1857676093
-0.339715381
-0.3113318197
0.07883906504
-0.2005730294
-0.2453292385
-0.3207128234
-0.06822075602
-0.345578739
0.1577543065
-0.3272202469
-0.3467203133
-0.3862037346
0.5260962762
-0.2247733217
0.5207629625
-0.0670085039
-0.4112777442
-0.35493074
-0.02084825449
0.1991311542
0.8096161282
0.1234171723
-0.2536878973
-0.1765431385
-0.250488013
-0.04334323686
0.4466954085
-0.09710238106
0.2063906354
-0.1358420579
-0.3028912961
0.2493492723
0.4957699046
-0.05908491192
-0.04791661939
-0.05748315994
-0.1235337839
-0.03263383051
0.3276350465
-0.0368719317
0.1104806194
-0.06539118141
0.0517438882
-0.1410954811
-0.2440658808
0.4441572085
-0.1640596963
0.03465183564
-0.2444836905
0.4882890513
0.6815270036
0.3356475898
0.1983992052
0.2195168602
-0.1524149075
-0.03514824109
0.1842007739
0.1126748955
-2.197138965e-05
-0.09757580273
0.02013500705
-0.3521183215
0.455804316
0.1672905337
-0.04660676792
0.675648737
0.1343823932
0.03596539553
-0.3573385991
0.1303102317
0.2541232247
0.1320306611
-0.2838277437
0.9425367132
-0.4455514625
0.1807810087
-0.1367890097
-0.03384464979
0.3643810736
0.3443828922
0.1211216604
0.2845528034
0.3550033743
0.4233677804
-0.120947651
-0.3600057401
-0.1842844161
-0.1525444551
0.5104766585
-0.2081141472
-0.1426430883
-0.1932421178
-0.436789646
0.3758901913
-0.1695186906
0.2017908987
0.1654247468
-0.1399670444
-0.3264826789
-0.1463104125
0.1440117814
-0.07029107213
-0.1184006697
-0.08749815142
-0.1217447786
-0.2804459948
-0.07458817661
-0.1033117367
-0.2521863878
-0.02764733676
-0.07353711966
0.01336365952
-0.08738446552
-0.3817107692
-0.09274139889
-0.1801565226
-0.2737571262
-0.04549557641
0.412337967
0.4361231001
-0.08668048382
0.4109014295
-0.2893742934
-0.1577694137
-0.1256779197
-0.08304494619
0.1199228963
0.04583023526
-0.1134286579
-0.3023820229
-0.2027972745
-0.3869639672
-0.0151323461
0.4734602861
-0.2418797046
-0.341985222
0.2001236983
0.3645626739
-0.3686025217
-0.2898566984
0.1669613985
0.1329246872
0.06093035899
-0.2253262416
-0.06020098357
0.03620791659
0.1311779414
-0.2393807501
0.07410441968
-0.1639499232
0.009982330119
-0.05206263792
-0.2758987606
-0.0865097899
1.48611564
0.2647458302
-0.1884644862
-0.1457480956
-0.06905054767
-0.2460505456
-0.3639701329
0.2013808757
-0.01168328687
-0.1189018603
0.1372227674
-0.1546772524
0.1737030374
-0.3157644212
0.5078693315
0.3935322046
0.7622647047
-0.2783469662
0.1640971763
-0.2613325495
0.1168262128
-0.0700268982
-0.1700187232
0.1432420141
-0.090672948
-0.220618603
-0.230332974
-0.3121171229
-0.08599055642
-0.2800233327
-0.1248233194
-0.01795819048
-0.251876045
0.06679367218
-0.2052306488
-0.1843060255
-0.3884855717
-0.02255710671
-0.01927072462
-0.2434955243
-0.1388337769
-0.2052211665
0.7630526066
-0.1837787241
-0.08161859922
0.6396761179
-0.3583934344
-0.1621507797
-0.1657711387
-0.02506683241
0.4813778616
-0.2780573897
-0.1705584608
-0.2880759224
-0.1084466146
-0.2306731358
0.1433790272
0.3567299232
0.02905148249
0.2284520829
-0.07985855415
0.2413668245
0.2185314296
-0.2021499343
-0.1380751984
1.001193798
0.02580217058
0.1900393787
-0.08318412602
-0.08248802088
-0.2731693871
-0.2183210038
-0.06369786477
-0.2690005779
0.1574651126
-0.08961583432
-0.2291122505
-0.2171144251
0.3178603942
0.2459465336
-0.2039609641
0.1014441609
0.469947964
0.3670537911
0.2227693235
-0.1308672571
-0.3100361057
-0.1368191884
0.07526695598
0.5792959921
-0.05673279595
-0.1563731395
-0.3290868811
0.01007676944
0.2279374981
0.005204815045
-0.3085162193
0.04249617113
-0.07405418959
0.4418995127
0.1186796533
-0.1103059647
0.2630555903
0.5204369068
-0.03660950568
0.2232560795
-0.2760742292
-0.1723509831
-0.2798158754
-0.05694127697
0.02262703218
-0.3529699221
0.1317325487
-0.1610679049
-0.1584653247
-0.2130135909
0.06246801317
0.4825729266
-0.1565467186
0.2264218463
0.1463758946
0.2723523917
0.706177175
-0.03059925195
-0.1208772334
-0.1245503463
0.3185857456
-0.105702368
-0.1770507377
0.1740124119
-0.06457453053
-0.1589257088
-0.01782476436
-0.1773880672
-0.2641346436
0.04699213933
-0.06403757189
0.2399814243
-0.1613278573
0.2726601591
-0.04592730342
-0.006235407572
-0.08370091184
0.07811033018
-0.2309925191
0.07843368608
-0.01188713573
0.0525434792
0.6339149237
0.09462903282
-0.0937472932
0.1315402064
0.6328692496
0.1523021715
-0.0193709909
-0.0632978173
0.02869726587
0.2464561272
-0.04360094331
-0.1387222411
0.2889297634
-0.115054262
0.6970769033
0.2354988854
-0.3160877533
0.04216936398
-0.08095110259
0.7711704664
-0.1870025078
0.8016994417
0.316370826
0.02941955654
-0.3013550386
0.02617717162
0.1567901595
-0.1506402701
0.1391414868
0.2236667484
0.2622158823
0.2482838309
-0.04631614126
-0.1852051187
0.3271213492
0.483266782
-0.07142290734
0.3433760278
0.05758275678
-0.2201740284
0.1075658701
0.09547339529
0.6722006284
0.338984194
0.7223996162
0.2002160295
0.0103398798
0.07914542598
0.3561873507
0.6920743063
0.4663216822
0.08960316675
0.002254385501
0.009163377248
0.01992343615
-0.07661955804
-0.2304541238
-0.03668112028
0.1507160963
-0.3345614061
0.1890536026
0.3700409393
-0.2049694661
-0.1798762664
0.1888278145
-0.06833580937
-0.09952933285
0.6681705128
0.1706726779
0.8360665649
0.4657229312
0.007600072026
-0.2152635448
0.2445730672
0.2900458999
0.08369127614
0.1859948279
0.009131747112
0.3190846307
0.8956133507
0.1086538833
0.2125114396
-0.1292322748
-0.211335627
0.166200547
0.1100076643
0.4116634469
0.3116852344
-0.2118316822
0.4948704533
-0.04359558618
0.3780566849
-0.002245180123
0.1552038367
-0.1748104945
-0.08870224156
0.007521441579
0.07495965306
0.1038487297
0.1166799505
0.7130667701
0.08692049123
-0.2385232955
0.03424873762
-0.1011604471
-0.2100906681
0.09563554721
0.1018638249
0.2414757887
-0.02669884041
0.3777372163
-0.1332526565
0.4023855414
0.3044432851
0.07746039731
0.5172067977
-0.02415031698
-0.05812673578
-0.01644531311
-0.3315926649
-0.1118524518
-0.1835324451
0.2119858251
0.9683706418
-0.1344014624
-0.01109471312
-0.1289107865
0.02063993271
0.07508296072
0.2965839086
-0.1887130473
0.005356674269
-0.1864123557
-0.04551725429
0.3062296454
-0.3161859818
-0.1337933905
-0.3275025725
0.3256248977
-0.3942381002
-0.05229967795
-0.180946378
-0.05559437806
0.09977935143
0.4206428345
-0.1792640793
-0.2228902299
-0.2167180649
-0.04430092499
0.09097589469
-0.1008803155
-0.3848548122
-0.1669675887
-0.2021963215
-0.1711306224
0.5801574022
-0.3382865667
0.1081409402
-0.0008965835907
-0.3215172
-0.01475127302
-0.3091270536
0.2116045997
0.3479195221
-0.4046716526
-0.2236147583
0.2779709715
-0.4910462506
-0.1454844027
-0.05058170476
0.03513726071
0.3231789757
-0.1201166235
0.3061548085
-0.2158422515
0.2161229047
0.2792051814
-0.09665020946
-0.09188479781
-0.17534994
-0.1694446282
-0.2203793153
0.2252223417
0.1629300161
-0.07648754101
-0.2047797237
-0.1114229564
-0.1745789178
-0.1979443735
-0.273750516
0.2115817465
0.1787865663
-0.2501367681
-0.1427004265
0.002728815749
-0.323692929
0.06063322308
0.04263335634
0.295658053
-0.2573417291
-0.2433366902
-0.444273743
0.0510531324
0.2927689605
0.2126067578
-0.05766631537
0.01203900538
-0.255027296
-0.09573505791
0.8114008542
0.07260957044
0.9092710085
-0.3019544661
-0.2375257771
-0.3024647057
0.04273645068
-0.2167137943
-0.3654229231
0.4082056835
-0.1896122716
-0.1832540048
0.4212182763
0.196928109
-0.09142876677
-0.1037210932
-0.02789071202
-0.06077359188
-0.04300821461
0.1428446922
0.08776244204
0.6824396387
-0.1597949781
0.04014800172
0.219272553
0.1922684876
0.0597240191
0.03129066685
0.4480820155
0.0868308479
0.499288721
0.1916643174
-0.3540851876
-0.3425121948
0.2439057229
-0.0195036673
-0.1295739142
-0.1390123572
-0.1776919959
0.02381537389
-0.1100595538
0.04701287653
-0.03145801611
-0.3727393635
0.06786701772
-0.1363111209
0.07341468569
0.1411468513
0.2427131275
-0.2390391242
0.1931194883
-0.02531954609
0.08822488962
0.4585892372
1.263616446
-0.01350601148
0.529789285
0.06529110856
0.2098663094
0.3702503253
-0.1170562096
-0.06080935774
-0.02309286995
0.05654361807
0.09218656514
-0.4336533591
-0.296092318
-0.005693374109
-0.3835018605
-0.1150763772
-0.09447842259
-0.1854267426
-0.001966281142
-0.05792854484
0.03448274694
0.02681706212
-0.05716813893
0.3292819362
0.01418795958
0.5526043878
-0.1759609757
0.09498239812
-0.1417780962
-0.02680590916
-0.3002198646
-0.1182370691
0.1195500886
0.2198522978
0.2921095891
0.5460922025
-0.005589766055
-0.130015408
0.1101735895
-0.08602193613
-0.3139899833
0.08755344842
-0.1234480878
0.3937725373
-0.2171940492
0.188205716
1.099149345
0.3946730973
-0.03373159063
0.0979976749
-0.3518707749
0.1647840312
-0.2033396665
0.2731784046
-0.2563346975
0.2140306696
-0.1154897843
-0.0106381773
0.3885557562
0.7184720188
0.8197288212
0.06765000941
0.6001876246
-0.2753711209
0.07751409663
-0.2248987813
-0.005736828782
0.4341411652
-0.2617136534
0.2057881171
0.2771354407
0.2855784
0.3126532802
-0.2561477993
0.2095791554
-0.1700193352
0.8221596056
-0.08090822473
0.1235147284
0.2112859841
0.3383487256
0.7493155125
-0.1384219307
-0.1241773786
0.1988264078
-0.265895316
0.05358567107
-0.2102843858
0.178985988
-0.1967354337
0.2757773491
0.138081184
-0.2287096789
-0.05935229678
0.1607058332
0.1536887059
-0.349061951
-0.3206763569
0.2620559806
-0.06834389847
-0.0953948671
0.08338483479
-0.1664860547
-0.05355046019
-0.1124297567
-0.3842103742
-0.02596936319
-0.09006363824
0.04751923028
-0.1718623374
0.1415680594
-0.1862002834
-0.202898952
0.2564666762
-0.380799599
0.05269600768
-0.0116085724
-0.2172432687
0.5540110791
-0.2043797582
0.09219835162
-0.287591045
0.2939553367
-0.00921710711
0.0964906001
0.7218595039
-0.2465708449
-0.2810498308
0.6353845231
0.3254831193
0.2442322432
-0.1654407237
0.0340891555
0.7310479056
-0.1239997534
0.03163401745
0.05084272996
0.2683000163
0.1420199793
0.3655764485
-0.03044846673
-0.1304281351
-0.2580378771
0.874971129
0.5305142917
-0.04831273891
0.2695763396
0.25468321
0.01109494912
-0.1177651322
0.04283452565
0.03885940369
0.6228811868
-0.1634158492
-0.4634592019
0.06212002113
0.4473460509
0.3105985418
0.1942943092
0.2994344426
0.5504614051
-0.1639305968
0.1304814537
-0.209746122
0.0110774735
0.1915156094
-0.09215671606
-0.2302478787
-0.1489236154
0.4732540186
0.3436697666
-0.007214310952
0.6908500075
-0.04961858355
0.8066129193
0.3977850081
0.05537389312
0.01002813308
0.4439536929
0.07780764271
0.2341603905
0.2120752398
-0.3231850058
-0.1707800094
0.1882216446
0.1263874851
-0.1647096904
0.06248254757
0.1996000834
-0.2860620156
-0.04368877131
0.7650646664
-0.1353212958
0.2088296674
0.5745367039
-0.4100228362
-0.05430602022
0.03871213244
-0.001068111882
-0.09970841557
0.181436027
-0.4212069102
-0.2764915079
-0.4528258204
0.3633243436
-0.05132012554
-0.07583673578
-0.2410693802
-0.03753676815
-0.2179508552
-0.2791466083
-0.1180316266
-0.2464642491
-0.2856485777
0.0945405175
-0.0274937355
0.00923134964
-0.03033100702
-0.3002641581
0.2246831279
-0.0271973256
0.09366679071
-0.05066345911
0.004313085601
-0.2099553317
-0.2349439908
-0.02547552949
-0.03548072102
-0.004273922276
-0.2533994518
-0.2722692341
0.1133646132
0.3071460826
-0.1468348152
-0.1594174314
0.2175177928
-0.160091744
-0.3619852871
-0.162788387
-0.246785064
-0.08339942228
0.005053371564
-0.3689415693
0.01527822078
0.2429029506
-0.01417081952
-0.2448926562
-0.1715825193
-0.01558216251
-0.1456556914
0.3724152505
0.2725545133
-0.02258627177
-0.2608095534
0.01401634514
-0.2236895248
0.1118042821
-0.08271459024
0.1245093884
-0.226314573
-0.3631124325
0.4258690193
0.3570856456
-0.2344460003
-0.1616549779
0.1516436774
0.5208839327
-0.03704809686
-0.06070495527
-0.3029822368
0.1144121181
0.3490734285
-0.2010034326
0.2643844929
0.1494257748
0.2462516775
-0.2917521812
-0.2274002712
-0.2988935024
-0.06987998821
-0.2618017487
0.4945110422
-0.2346387234
0.09362817528
0.00987525396
0.3508619223
-0.2355460396
0.04994944818
-0.261444803
-0.1430665912
0.003481016681
-0.2250480935
0.02476847451
0.03412961252
0.374000819
-0.03802389055
-0.05251757205
0.04217365049
-0.3165012822
-0.1731364641
-0.1031322623
-0.2281495102
0.4295716403
0.4538962141
-0.3695347548
-0.227022535
-0.05870859651
-0.2112885155
-0.1752088191
-0.1631116061
-0.2265620537
0.1862864923
-0.1107113533
-0.1849726096
-0.004626371618
-0.1091199818
-0.03742834399
0.2741099088
0.6219745032
-0.1336781338
-0.2462773629
-0.2026660446
-0.1332587244
-0.003444229811
-0.4721670508
0.01896275962
-0.3163054541
0.0565590634
-0.03047540514
-0.07074534437
-0.1566002615
-0.008254604507
-0.09777695881
-0.2654503226
0.7352808107
-0.1665966943
-0.400415165
0.2419739548
0.4913051836
0.09691266734
0.4557349855
0.1615677809
0.140364101
0.07131315283
0.1240613269
0.5628171988
0.3196712548
-0.08577698413
-0.06596800201
-0.2885944173
0.2747559419
-0.006383171864
-0.4311001077
-0.09779341705
-0.07845227215
0.3479768928
0.1473427627
0.2459114748
-0.1817893624
-0.2801986117
0.0542569764
-0.1459044598
-0.01603628201
0.0292864833
0.3950889818
0.06110514514
-0.03820864726
0.2948463628
-0.02790854238
0.2785449684
-0.1193563104
0.3245631171
0.1516490979
0.3032758564
0.2645865202
-0.05003530122
0.7929331362
0.1666248431
-0.325453613
0.02477237619
0.2705254652
0.1061132841
-0.2172950204
-0.3344236672
-0.1682186112
0.740325585
0.4445840932
-0.2020291548
-0.1432487506
0.3243493197
-0.05978401061
0.6403279159
0.2257957159
0.1886712426
0.3014035724
-0.1843382925
0.2049125552
0.5528940901
-0.2010453177
-0.2044323217
-0.2387159657
0.5905966401
-0.1227828456
-0.1066890281
-0.06756490895
-0.288624648
-0.07969161924
0.327015073
0.258953934
0.08947739992
-0.001888669282
0.5645085543
-0.255559038
0.3399752517
0.3345180704
0.2831459913
0.08927174741
0.3068991605
0.4433722809
-0.1629943177
-0.03123127269
0.6551247153
-0.0667516714
0.3355544575
0.5085774057
0.008316032682
-0.1118899425
-0.0393935401
0.1254723324
-0.06130491709
1.52586957
-0.2282768857
0.3438808817
-0.1324631814
0.4221329808
-0.01170402393
0.05455252687
-0.2144931253
-0.2075508479
-0.1119852096
0.07121386509
-0.281409118
0.145222669
-0.3156322628
0.02959485594
0.3557692339
0.09227740243
0.1588109475
0.08678860301
-0.2442882027
0.4839399058
0.04731510044
0.30142086
0.2707010038
0.05205556513
-0.00317698773
-0.1426103879
0.4064808123
0.04539218377
0.1038514375
-0.293485279
0.06443254948
0.1668919224
0.5411968421
0.2183884692
-0.07093479196
0.0138133985
0.153489661
-0.1322585907
-0.0994101068
-0.07457843293
-0.2295693263
0.3395564308
-0.1401586039
0.2781472461
0.1322164243
0.2590847583
0.09504414116
0.3832553849
0.1489840359
0.397118184
-0.09928051662
0.05040986296
0.1749212218
-0.04376561427
0.09487193953
0.5128268301
0.4389338173
0.05022467449
0.3613504913
0.2281663079
0.04293818874
1.078357083
-0.2600149833
0.3627613616
0.1269175259
0.478873682
0.5779357905
0.2550103538
0.1034623749
0.07153238617
1.098208122
-0.2323508866
-0.1032904735
0.1025667426
-0.01997822085
0.06129569653
-0.2100774033
-0.3873161852
0.1308333358
-0.00386108309
-0.004074879922
-0.324259273
0.05467639966
0.007599505689
0.3372273384
0.04557291176
-0.1338619959
-0.1048525896
0.009796366654
0.2694916328
-0.06886772756
-0.3174569406
-0.01797191892
-0.09410636611
-0.4279198028
0.2215806168
0.3745338649
0.1282818665
0.081420343
-0.2525583006
-0.1837682465
-0.05001877397
-0.2475963667
-0.2745942868
-0.1895243617
-0.02265197426
-0.3425589636
0.1080881509
-0.04014423238
0.3924813006
0.3946392193
-0.2459260676
-0.244734443
-0.3074320555
0.06674606204
-0.1383309186
-0.1809310604
-0.105263447
-0.2445933439
0.2569909917
0.2164632177
-0.2047538234
0.1476390079
0.8318189502
-0.06135502923
-0.02811741624
-0.1801900383
-0.3936259702
-0.00219333889
0.6053668179
-0.1748979066
-0.289740501
-0.07925209999
0.02952400843
1.079487862
0.06779435165
-0.3173055168
-0.2396842927
-0.07844545478
0.3996904299
0.606492611
-0.06296121739
-0.2690363698
0.04861817453
-0.2507900298
-0.1149846192
0.4081520881
1.450852553
0.3253285624
-0.005752481148
0.4362172753
-0.1804695915
0.04940536786
0.2528963219
-0.1653775502
0.3268273737
-0.2018286657
0.6823321439
0.000150681939
0.4563332479
0.1441325326
-0.09000853151
0.2161725808
-0.1931142841
0.3707178541
-0.2239187606
-0.2086889841
-0.1188475897
0.1656032375
0.00248826202
0.1212639519
-0.1293699585
-0.08602667155
0.3896623053
-0.2009743601
-0.1059659001
0.4751104773
-0.07114529591
-0.05788631514
0.1655525801
-0.1484486021
1.247947624
-0.2246486027
-0.1734843493
0.02860834319
-0.1126265207
-0.08610542063
-0.2654208399
-0.2381711159
-0.3685405351
0.4195229989
-0.2587279648
-0.3873063162
-0.2355380815
-0.2249689024
0.9881414711
-0.03155128881
0.1382813278
-0.294044105
0.264213317
-0.08609150965
0.8695245042
-0.03050775314
0.07175429426
-0.3070291579
-0.1323099541
0.6183872178
-0.008320372459
0.08067433035
0.0607428344
-0.06484120227
0.1299296482
-0.1335604531
-0.175687746
0.1917217171
0.1204726933
-0.2737722393
-0.1926136328
0.2401667818
0.2179731333
0.332709128
0.1710991271
0.0590227833
0.1427573506
-0.1896108348
0.1564971993
0.4315815479
-0.2874624867
0.1177793147
0.09714157516
-0.1888830401
0.05906174034
0.4709406223
-0.06719882498
0.8490170389
0.4445532469
0.2389895448
0.0926519623
0.2073591251
0.410593022
0.03393325526
0.02258424324
-0.2605680339
-0.2426769622
0.06087713484
0.4172322292
-0.1347731898
0.3276710302
-0.1181302216
0.1779810334
-0.03396512819
-0.2416729942
0.2360460896
0.008258393221
-0.244604966
0.3453083772
0.1615900998
0.0180101919
0.1410118381
-0.2666728694
0.6741020694
-0.4392844841
0.08037604755
0.7107303061
-0.3163942471
-0.1691834394
-0.1508425007
-0.2172978759
-0.2300017608
-0.403693483
0.4823175436
-0.1394592708
-0.1492578147
0.05090901565
0.1828224607
0.4917168673
0.2800985593
-0.04515361104
-0.1597100289
1.092917572
-0.03761164509
-0.0831128167
0.2205314536
-0.1935981985
-0.1594579108
-0.1680483542
0.4320408043
-0.03583268914
0.2545834107
-0.07146492954
0.6770416271
-0.3477644615
0.6448141156
0.03938405467
0.1585629017
-0.03856531717
0.02757411804
0.09713092316
-0.1555401612
0.007792412746
-0.328674899
-0.2046879625
0.6377807138
0.2124950923
0.113641269
-0.1478818391
0.04403913608
0.3822095715
0.7039349273
-0.0001640673727
-0.3877265684
0.5010711621
0.2412017654
0.03263095208
-0.1632020805
1.193867672
0.06176841613
0.01701488886
0.3105018051
0.01354442202
-0.08915073685
0.4412846297
-0.09303851388
0.4665746104
0.1342140865
0.2874217896
0.05222390313
0.1257871896
-0.2845118947
-0.06223376486
-0.02306668498
0.2142186437
0.805653841
-0.2690763913
0.156953617
0.2986620359
0.1557067489
0.1041614366
-0.0240511477
-0.231583349
0.5640244965
0.3252600907
0.9664158523
-0.3213892587
0.04885126539
0.4551626742
0.4021956902
0.007205980644
0.2235886028
-0.1778362226
0.0764807011
-0.2832635079
-0.04925027788
-0.143004906
-0.1444095686
-0.1103444324
0.05376181509
-0.1974175069
-0.2433353718
-0.07534572026
0.1446721232
-0.1028433329
0.3590587981
-0.03258215925
-0.2394292932
-0.233384332
-0.2135032612
-0.06913917613
0.5440678719
0.3984660491
-0.06319445614
0.07813915294
-0.178294463
-0.2880397089
0.6100464039
-0.1331949245
0.3786931677
0.4882128082
-0.06373477792
0.01419765726
-0.283163289
-0.06204640176
0.535227803
0.1655705338
0.8682638004
-0.001481242944
-0.2135839168
0.09163523652
0.04220833685
-0.2291608799
0.5809785567
0.3789139548
-0.2011729424
0.17613844
0.1092772702
0.5330480125
0.1064725596
0.07387694982
0.3033621799
0.2998673317
0.507964655
0.04585881121
1.009398432
-0.2300441779
0.0337839745
0.5352172576
1.015797743
0.7656922884
0.5511141047
-0.1001569699
-0.08763144221
0.3376927175
-0.1854081783
0.332231419
-0.3052207291
-0.2121617058
0.3756801896
0.5224961326
-0.2311843678
-0.09105549566
1.290322449
1.071941611
0.3549127433
0.5362869635
0.2147886941
-0.1245483885
1.252088342
0.2381537288
0.02878897786
0.04490439724
0.007747062296
-0.1563364938
0.09507396184
-0.3103463046
-0.1023882
-0.209654294
-0.4279108852
-0.4457905561
0.2145247184
0.3730891854
-0.1938678056
0.4872179072
0.2394128941
0.7796851635
0.4434823655
0.07682229802
-0.476158981
-0.2760757349
0.522858509
-0.2630638592
0.1959524836
-0.01448190957
0.06779862454
-0.1519100551
-0.3397785395
0.220061403
-0.2589028992
-0.1692470079
-0.2937532358
0.02524359785
-0.01926667616
-0.1411330531
0.4874073841
-0.4161614336
-0.2860646922
-0.2366497438
0.02761601321
-0.07460559085
0.3159068681
0.07231128979
-0.2651828736
-0.0328718699
0.0237369664
-0.1296648026
-0.2280483596
0.3817599831
-0.06113774963
0.3568452969
0.3281482197
-0.2939319238
0.2104082277
0.1744033264
-0.3467809327
-0.07499414594
0.1562982257
-0.1643634997
0.4432001151
0.1056431602
0.03638494629
-0.08273573928
0.2012034921
0.6900655687
0.2978508851
0.007448003441
-0.2188282775
-0.003307772055
0.2240143312
-0.03666804833
-0.2397890791
-0.02056359779
-0.09431021959
0.01385361189
-0.3913815275
-0.07728650086
0.06986162812
-0.1249939971
-0.2245842866
0.6279025886
-0.2014680918
-0.03608190571
-0.1494097713
-0.2351947576
0.2714910555
0.2816800633
0.07536441963
-0.1970581565
0.5014447916
-0.3526408136
0.05552732125
-0.2546816085
-0.1846640598
0.3109971508
-0.1040210225
-0.1913572926
0.2948541452
-0.1736203745
-0.2228664443
-0.3049373217
-0.08995965831
-0.3577959627
-0.004360731971
0.2679057639
0.2464993494
0.01981255403
-0.08403165974
-0.1314393365
-0.1145787228
-0.01018005777
0.559050208
-0.2432707869
0.02653761511
-0.1091682361
0.2349841173
-0.07665320076
0.5010115728
-0.1984069067
-0.2248786729
0.2585215636
-0.2910297714
0.0558465153
0.4565606829
0.681464228
0.02141041979
-0.02650969485
-0.109148486
0.3770259336
-0.1103923494
0.2127144136
0.229679675
0.04940366838
0.3325588672
0.08418516302
0.119814419
-0.1461763166
-0.1374774428
-0.19009092
-0.1430782178
-0.09635902047
-0.0904285945
-0.09594386257
0.4596116919
0.03882133584
-0.1786176912
0.3418892186
-0.2091691431
-0.1922980003
0.03614249015
0.8135860309
-0.1636600956
0.2078618255
-0.06469525415
0.2857294544
0.3588864291
0.6573151186
0.1000511251
-0.1376740504
-0.08960813433
-0.0807070314
-0.2373393115
0.09741019607
0.1367026378
0.0127777108
-0.001410642453
0.2351971291
-0.01554037766
0.07911686264
-0.126372491
-0.1674323697
0.035320195
-0.2129487828
0.2713555682
0.1636618933
-0.1111967666
0.1727352684
-0.2730342813
0.5480455741
-0.1379223546
0.4641971648
0.5840870649
-0.2916655235
-0.2117533624
0.06104286322
-0.0597758906
0.1037233043
-0.01350713484
-0.2912143879
0.9500049576
0.03132742383
0.4856385611
0.116526024
0.02893236019
0.7869568586
0.5243057385
-0.114995425
-0.3495548971
0.6221049789
0.02324992167
0.1766087296
0.384191685
-0.2550725346
0.01056611277
-0.18866097
-0.1959042002
0.1033803418
0.2702861357
0.8447267309
-0.09139490975
-0.02953752205
-0.08602380697
-0.183705125
-0.245804821
-0.1477612218
0.2168718448
0.2169854125
0.2128107032
0.3384444239
0.4293455327
0.3935223743
0.71989704
0.5292342544
0.08631297164
0.721926935
-0.2590332046
-0.05794376787
-0.1599755582
-0.1573294245
0.1626088828
0.5792378212
0.0268098142
-0.1895103581
-0.1143711578
-0.009767435677
0.7997167066
-0.2155405581
0.5150579102
-0.02697205751
0.3328039587
0.7342977196
0.3964740735
0.3008650277
-0.2014177117
-0.1971321486
0.09643696193
0.4519351199
-0.1373245863
-0.216409339
0.3317870349
-0.2482903324
0.08952691695
-0.007448797766
-0.2459351847
0.6676626518
-0.08726777392
0.6599488171
-0.3418027978
0.8805066809
-0.00879550348
0.2108920262
0.1794943226
0.1660325717
-0.01222611722
0.2777286623
-0.1896386307
0.1279363628
0.7192580093
-0.02184822892
-0.0608608814
0.2691326432
0.5744251698
0.1691156238
0.2063725637
0.215263481
-0.2523512263
-0.124581641
0.07954139281
0.1353420302
0.02968120165
0.1361767027
1.13847378
-0.01639092527
0.630527398
0.3913151961
-0.01967704557
0.1129808483
0.3530058375
0.150869119
0.4917327264
0.1744474948
0.272937436
-0.1972010273
-0.07115322547
0.3278920822
0.1760056203
0.05322345663
-0.1224098161
0.7122343227
1.12499835
0.5883525997
0.02396016009
0.5932562176
0.1298462454
0.1074193378
0.3939382281
-0.07636213526
0.3142221246
1.013219924
0.1950099098
0.635184668
-0.405398646
-0.1946344089
0.3139188696
-0.02424995992
-0.06965160863
-0.4021650575
0.3735332888
-0.1027459694
0.3608013026
-0.2708637415
-0.19883007
0.2550496977
0.2091811583
-0.1414991956
-0.01158914678
-0.2260791732
0.1417015338
-0.02835107354
-0.0804633603
-0.06406666311
0.1272691309
0.09725587168
-0.3034843549
-0.1858790781
-0.220571553
-0.1761001801
-0.1565500889
-0.107250993
-0.229044506
-0.01851615887
0.1763920773
0.3118240412
0.04712670315
-0.09931030087
-0.1947686527
0.1225528177
-0.05226111391
-0.1745409153
0.5007442407
0.001148077007
-0.05651302151
0.01334596286
0.01621109815
-0.2320233077
0.1404025519
-0.1976329377
-0.2507461987
0.03981842082
-0.4802755192
-0.1493032797
-0.3346598342
0.3467252627
0.1884913071
-0.1490887515
-0.2236119367
-0.1373773692
-0.3757676467
-0.06808316568
-0.1255384313
0.5313166957
0.2168859534
-0.01607478955
0.2770786259
0.1214401213
-0.4038359493
-0.1965832338
-0.1766940156
-0.2718031444
-0.006832506554
-0.1334619947
0.06169608312
-0.2531114139
0.1824436024
0.03620718867
-0.04778451007
0.1270154556
-0.1239863493
-0.1606978353
-0.04606245589
0.1435127052
0.2120176492
-0.06787876971
-0.08207960054
-0.1698152885
0.1853990495
0.4837887973
0.224077067
-0.2652848773
-0.1450154778
0.1857511418
-0.4341586448
-0.3238103636
-0.2020303696
-0.3102655463
-0.1282805979
-0.3258141629
-0.2037422396
-0.3635200836
-0.1795721529
-0.2163583251
-0.2018856205
-0.3030904215
-0.06682932824
0.4819334501
-0.4262714837
-0.3245007083
-0.1193934415
-0.341915971
-0.2075610861
0.0454100877
-0.1391477
0.02140185803
0.08444508724
-0.3547905788
0.287837328
-0.237993497
-0.1751539145
-0.1041248409
0.3980478458
0.05672422419
-0.3215284236
0.02890796103
-0.09011144359
0.3562269948
0.1725471359
-0.2426717646
-0.1952429786
-0.1840183746
-0.2998606734
0.09367595515
-0.1239741594
0.06882606559
0.1466840414
-0.3659912989
0.3677050561
-0.2121724334
0.7628362387
-0.4235723861
0.02190719023
0.1250146416
-0.3277879082
0.009925660212
-0.01589320749
0.0317839371
-0.07797862105
0.0732875891
0.279694414
-0.01895019244
-0.1607863517
0.4941836126
-0.1922586001
0.2862438802
-0.2421315677
0.1249544067
0.2207902968
-0.1970240936
0.6175487384
-0.3812040426
-0.4149127081
-0.06589840353
-0.1346513364
-0.06142594144
0.1514507765
-0.3607867368
-0.03058968009
0.1507086078
-0.2123548199
0.06747448593
0.1902057357
-0.219768016
-0.1763864815
-0.1514046386
0.1490835758
-0.2432494106
0.01082488392
0.1209629568
-0.1673441046
0.207660942
0.2699807711
0.1956932742
-0.2943693876
0.3960148122
-0.07552496307
-0.04715339188
-0.01163133318
-0.3212572046
-0.3670675091
-0.1733251717
0.2161119828
-0.1839154618
0.3772383839
0.07482877877
-0.03255078541
0.08278214317
0.5371134542
-0.1590472783
0.4359465696
0.3377788758
0.3678496771
-0.1867805883
0.1419960057
-0.2350401722
0.2283122204
0.4912257601
-0.1169352636
0.2011051773
-0.1094598803
-0.3847081751
-0.2762156729
-0.2067291481
-0.2296081796
-0.16639672
-0.2526872389
0.4715200596
-0.04626985518
-0.4157946229
-0.2534420907
-0.2363183573
0.4393796094
0.05410605015
-0.306641525
-0.2963658974
-0.03900715504
-0.09536026344
0.1330826478
0.05044090776
-0.2540248983
0.04053315381
-0.3218681455
0.02599375658
0.3658339394
-0.01701853052
-0.06265345812
-0.2778188325
-0.1356953764
-0.2365699865
0.02978838272
0.1596080691
0.1054490399
-0.124171539
0.09239226244
0.08223653324
-0.0763101317
0.05638962858
0.4061140168
-0.2442298546
0.9882560849
0.7935867805
-0.2760188863
0.8421584889
-0.3243572749
-0.501420252
0.08069112008
0.3303692261
-0.5106855288
0.2463553866
0.1881350601
-0.339433939
-0.2567988507
-0.3001406915
-0.1017667785
-0.3425366856
-0.01858771928
-0.1307412516
0.3319262106
-0.1494450033
-0.273775154
-0.0539343752
-0.221811093
-0.2184148338
-0.1031622841
0.008675915375
-0.1002141908
-0.1387717098
0.2779263396
-0.1323696974
-0.02423442798
-0.03813447226
-0.367123314
0.2607892513
-0.233586935
0.07703782129
-0.1305940602
-0.1317040326
0.01163143367
-0.1986416254
0.2685274958
-0.08924490232
0.02833272219
0.001827663928
-0.2538271353
-0.06624166509
0.7103458233
0.5773648266
0.3817191729
-0.00966367065
-0.3672028333
0.3402763231
-0.240807575
0.5305029016
-0.2442937199
0.08155408688
-0.271747192
-0.1731375821
0.02532817349
0.079368384
-0.1565006964
0.5713041008
0.3633878984
-0.1692460833
0.3136047097
-0.1794396519
-0.02282404602
0.007824904658
-0.177736601
-0.03472916605
-0.2020559259
0.1004114866
-0.1347556312
0.02153880643
0.06811070947
0.1093627186
0.03183536846
-0.3935404405
-0.2989057451
-0.1790172536
-0.1217597589
-0.2324240834
-0.1453416772
-0.330892849
-0.09600601131
0.1019564372
-0.2856629118
0.09738303013
-0.1858958125
-0.4569386654
0.1440362755
0.0357280015
0.38693537
0.05708187586
0.2173302542
0.05209022462
-0.1501262765
-0.315488515
-0.1706308454
-0.2347249776
0.3175125267
-0.2777859919
0.1839380762
-0.1633525632
-0.03404043522
0.3300350414
0.1015528577
-0.4998021036
-0.2585949812
-0.1331011066
0.2311988089
-0.4191566393
0.4053378895
-0.09672162104
-0.409618023
-0.2352509581
0.4767908879
-0.2596199475
0.2164100908
-0.4090656124
-0.1287867194
-0.06651332583
-0.04155251551
-0.4331911981
-0.1803597242
0.8222583547
0.3709030736
-0.1944116989
-0.0368729271
-0.2436938472
-0.280541526
-0.1889478274
0.02959890002
-0.2801340662
-0.2445947908
-0.1035713844
-0.1526256794
-0.1087686456
-0.4142961726
-0.01174899377
-0.3657999314
0.1506855549
0.03539889976
0.09478194248
0.1800495921
0.3704701897
-0.1159227347
-0.2770936199
-0.2650519907
0.004972496256
-0.3559965
0.1392357972
-0.196274545
-0.287175931
-0.2008197226
0.6369571649
-0.06512126597
-0.1950637516
0.3632097009
-0.2100340728
-0.2913283974
-0.1938039098
-0.1051167052
-0.2171134867
-0.1123224698
0.03773745219
-0.264484597
0.06439623199
0.7698428713
0.4968723739
0.2837834556
-0.23341747
-0.07343705948
-0.06016901657
0.256009822
-0.169929859
0.0006999019533
-0.08469446301
0.04983288934
0.7955429211
-0.01159905121
0.3179599549
1.072110693
0.6788243586
-0.03293153178
0.08154879408
0.1343902017
0.3864931658
-0.2575198619
0.2357243735
0.5014518388
-0.3556180708
0.4883741915
-0.2426975034
-0.286431488
0.1270963248
0.3415427968
0.08287111446
0.2518754283
-0.5543938011
0.05781805487
0.03638306139
0.06637733509
0.2368118137
0.1867713131
0.3245580498
-0.2731195443
-0.2667536706
-0.1623478692
0.09760442525
-0.1984475039
-0.2423815239
-0.144132239
0.2621498253
-0.0954451602
-0.05536033344
-0.2837694541
1.036065554
-0.2060765838
-0.2876190737
0.2209318336
-0.1349059653
-0.06855721073
0.1055996897
-0.03335378096
0.1522622554
-0.4253419295
0.1183495665
0.1621950068
-0.117760618
0.06204083189
-0.05286274105
-0.2235814199
-0.2862595424
1.094245175
0.07006273363
0.1427379366
0.002386765927
-0.1174242724
0.2792711454
-0.06721102931
-0.2318348758
0.03426321186
0.2114356423
-0.01213336587
0.01828337368
0.6225243539
0.2554547418
0.2613826048
-0.05973502323
0.09529688656
-0.2858058896
-0.2217239793
-0.2305464324
-0.1200557674
-0.1998674631
0.1219353054
-0.3050291188
0.3195985217
-0.2554931164
-0.2095440544
-0.2439549167
0.05180101572
0.3375988629
-0.08736394728
0.2540648496
0.6802729093
0.1358328754
0.6122978583
0.005274228193
0.4341248762
0.07631674241
-0.3993882127
0.4573850647
0.2329547266
-0.3528496414
0.7107317939
-0.01299857963
-0.2445378875
-0.03173909169
-0.2698101468
-0.04398805164
0.03292983808
0.1222870806
-0.0903526077
-0.1332218562
-0.2169546997
0.05486908145
-0.0418136796
-0.09081680831
-0.03186630439
-0.137637933
-0.1648383241
0.6831540529
-0.2278314045
-0.3235144921
0.2894179991
-0.0700989645
0.1908483623
-0.06300920732
-0.09683201499
0.1091354741
0.1964245316
0.08476121631
-0.0340706937
-0.1740454486
-0.009104682971
0.2710239824
0.2322400469
-0.0329804752
0.000789598655
-0.2819424935
-0.1397319738
-0.275717015
-0.1501402806
-0.3448817071
-0.1952566127
-0.359007515
-0.1792990533
0.04099850589
-0.1649591316
-0.1633128356
0.1912270604
-0.1130462076
-0.2913964566
-0.2475981086
0.1772128683
0.09545130404
-0.2881494105
0.5907311916
0.02437371258
0.234101137
-0.2085913908
-0.2695321302
-0.1867174521
-0.1226019718
0.1270176306
-0.065309902
0.3583657064
0.2131444499
0.1350583822
-0.07474467745
0.2354571175
0.1354076319
0.1319147042
-0.1231336192
0.01278116712
0.2864636127
0.1611486714
-0.1796484768
-0.1888901981
-0.1372298004
-0.004986924492
0.1275750933
0.4158859525
0.2570027336
-0.3511745438
0.1492533937
0.339852819
0.2603009291
0.2728169121
-0.04275855059
-0.2516363669
0.2109177023
0.5635714643
0.1313959051
-0.4137099497
0.05461783274
0.05366274398
-0.067296521
0.3704407105
0.9472388573
0.01126856199
-0.02170445733
0.0483633548
0.5186749853
0.4205149617
0.1458651742
1.184959641
0.1930814831
0.5489115437
0.3698889857
0.3346088879
-0.1980851248
-0.3207430944
-0.02291922881
-0.248375449
-0.1161741557
0.03667444186
-0.1978342701
0.07594468361
0.8851548463
0.1967740184
-0.01376896147
1.446954873
0.9258379564
0.4439243026
-0.0789791856
0.1652675096
0.2789259158
0.2324966058
-0.1207156807
-0.1825880434
-0.07627717089
0.04425769448
-0.05903026238
-0.2016940393
-0.1121225054
-0.4132922687
-0.2807562396
0.1144787981
-0.2978797838
-0.1790862836
-0.2488792211
0.0483170043
0.5835163515
0.01675262563
-0.2159933869
0.1137013667
-0.04583623437
-0.007050491124
-0.3084360883
0.007438991405
0.346844276
-0.2387572106
0.7239661671
-0.4099266261
-0.1392211897
0.3934417624
0.08991513737
0.1614938769
-0.0863440685
-0.07633201489
0.08282914348
0.2673509356
0.03343528602
-0.09630768001
0.2864962367
-0.01403458454
0.1502346603
-0.0691951286
0.1497798506
-0.06518349992
0.002673723921
0.2426491768
0.2892363789
-0.2110961489
0.2227094706
-0.1195120905
1.063016577
-0.08296648413
-0.256303617
0.4889437661
-0.2274659652
0.08629659954
0.1457910793
0.1947693542
-0.2168641228
0.5349726225
0.1377718252
-0.1612000739
-0.02889473881
-0.4249877959
0.1934241839
0.8410176396
-0.1785799354
-0.4543811768
0.05319005847
-0.144291481
0.03056101883
0.1922593596
0.06064748764
-0.1685231978
0.3021155465
-0.126603846
0.06648715419
0.329295312
-0.1288555725
0.0218040416
0.2773925003
0.2911619414
0.05395547496
-0.3373303421
0.1577264295
1.004580124
-0.06986479675
-0.2852609769
0.2399613304
0.4566099487
-0.2881551068
-0.2466101591
-0.1741030876
-0.1564291328
0.2179233426
0.03633326963
0.06308472548
0.7791541755
0.3424579198
0.1963496219
0.0298254678
-0.05969346948
0.2733350549
-0.2173838105
-0.266070783
-0.1989985056
0.5094205856
-0.2284093831
0.3318238281
-0.09974823259
-0.2016083743
-0.2637728143
-0.3561793715
0.1357265227
-0.1879438907
-0.1169574948
-0.1033270597
0.1062295079
-0.1607868971
0.02592354752
0.1620827354
0.5612554766
0.2623626561
0.9877912538
-0.01104524937
0.05219842531
-0.2322200606
0.3344789248
-0.1489089245
0.1041520131
0.1160985988
-0.07883416098
0.1502107604
0.1778299107
0.5532899126
0.01975377183
0.2433664141
0.4204101939
0.1221689695
0.2154817279
0.05323754335
-0.01012983592
0.2204777379
0.40594454
-0.2115537871
0.4407182518
0.6277576793
0.6600102946
0.4560161635
-0.058389733
-0.02711792495
0.02705758275
-0.1378257565
0.08500359599
0.009981907858
-0.1551354042
-0.1404766221
0.2490741856
-0.2413594387
-0.02707209606
0.050574899
0.315576319
0.04910461912
0.1284441294
0.03223617822
0.1558993612
0.5641387612
0.04700632244
0.4433306728
0.02649237961
0.7546762355
1.105494654
1.168284783
-0.4087314993
-0.2081296701
-0.2895115133
-0.05277478434
0.1446369177
-0.1596095596
-0.1923481107
-0.008975782886
0.1325657196
-0.1596907269
0.3096512562
-0.1138456911
0.3184452932
0.4625055747
-0.03609944587
0.1662896276
0.5269088484
0.2006635581
0.1058678448
0.03608956421
-0.1388745043
0.6807783429
0.2984069257
0.002031416073
0.04205352189
0.04167435779
0.2697284905
0.01093086619
-0.01318964269
0.001419772208
0.3380040608
-0.2894131709
-0.2516914882
0.0212038137
0.3858093031
0.3454636734
-0.200989579
0.2657266475
-0.3901605763
-0.0830133264
-0.3864934169
0.232301899
-0.2532027628
-0.3191475548
0.2122039281
-0.01646804642
-0.06142425649
-0.003715030558
-0.01502571758
0.2275958523
0.04377153255
0.5160431124
0.2443923028
-0.3170062207
-0.06421354897
0.1779382017
-0.1159481261
0.2392271167
0.07158500357
1.121247578
0.144953007
0.7599899665
0.05813724454
0.2316188334
0.1395561637
0.1952410743
-0.02449739641
0.005714800418
0.5023695704
-0.3019574672
0.3231905777
0.1763830861
0.07924265992
0.09817763884
-0.08721225876
0.522521569
0.2209983933
0.8095248654
0.5881321903
-0.1391976532
-0.2825357698
0.3724350747
-0.1364896903
0.2819981847
0.5471475486
-0.2775796795
-0.06523599671
0.1986513095
0.2830998017
0.05138110528
-0.06055976525
-0.09494601088
0.1552813446
0.1893980462
-0.02459574901
0.4191838874
0.4358362291
0.03789663622
-0.03971356675
0.3854159214
-0.04119794182
0.1956691293
0.2664009432
0.2481833307
0.1730606218
0.5594315201
0.277490357
-0.1682075067
0.01446777279
0.8438125387
0.1504363648
0.474230312
0.3273135668
0.00917738257
-0.09992493726
0.2581010763
-0.1530948292
0.260337783
-0.1634545602
0.02059968263
-0.2389833357
0.2093473807
-0.2286520854
-0.2222278453
-0.1392968636
0.1041352051
0.0988686285
0.3331454581
0.01202423237
0.05263851262
0.2034808708
-0.02145411596
0.1534909874
0.3371375434
0.8961567521
-0.07063738015
0.05851581097
0.02121427767
0.3987046093
0.290630727
0.03921636976
0.3243809746
0.4064476989
-0.02093517352
0.3037955988
1.633819164
0.0429253906
0.4660452165
0.569193339
0.1598479075
0.2130899956
0.6548971765
0.4565617897
0.4061761178
0.1164842428
0.2199697267
0.7995074846
0.23338452
-0.02420264389
-0.1189961785
0.007479751576
-0.2035562674
0.007495815493
-0.2158094771
0.05587335452
0.3329903441
0.09315327741
-0.09560444672
-0.3700062856
-0.1539003577
0.9277913166
-0.1192814279
-0.03878160361
-0.0978135936
0.4729599396
0.4958702413
0.1930826597
-0.0611849105
1.193187758
-0.1320264777
-0.1933820117
-0.2024561463
-0.008541431651
-0.09420138951
-0.2835800529
0.7362559125
-0.3527306892
-0.2410572913
0.0833311744
0.150574703
0.1971906282
-0.1390799411
-0.2984383114
0.2038014635
0.1166823857
-0.0525049611
0.09397699172
0.01115795337
-0.157701059
-0.1424977849
-0.05224046223
-0.428624177
0.3209383829
0.4185107626
0.01903705806
0.5417451233
-0.0814050639
0.3910140328
-0.32583405
-0.01661798581
0.2761709554
-0.1971658845
0.04355613152
0.1575445354
-0.2661230203
0.3686068408
-0.3818030275
-0.1804031199
0.2023318
-0.04085062812
0.08856011513
0.5172037132
0.4118491422
0.01271203496
-0.1711704697
0.1126831467
-0.114533768
0.4618566595
-0.03392244279
0.1986903925
-0.1491671637
-0.05112024071
0.4482464094
0.2933753663
-0.07418829696
0.1213615947
0.09132785071
-0.3300443128
0.022316413
-0.1480413578
-0.1527803309
0.01387399137
-0.05701014474
0.142876357
-0.3136259146
0.3914956625
0.1661228533
-0.08668290488
-0.09721015543
-0.2335797556
0.2293488836
0.2839492507
-0.2770984234
0.7134082034
-0.04362639189
0.1324261669
-0.0007726224139
-0.2271263529
0.7949964911
0.1447240604
-0.1885513002
-0.2326648645
0.009209554456
0.4778188404
1.039075251
0.3852951967
0.01195963882
-0.04431057745
-0.09930476062
0.0998457253
-0.1328934544
-0.2655898429
-0.04424219104
-0.2471703451
-0.3370226689
0.2906534147
0.04333900395
-0.09314630284
-0.1140886653
0.133701642
0.1954857122
-0.2904369038
0.1670094326
-0.003707459662
-0.09434698522
0.4349171313
-0.1660724919
0.06235973276
0.8271748081
0.3349619472
0.085248568
0.1193698593
-0.05688578072
-0.1407068707
-0.2046219416
0.8663876774
0.2019456516
0.2841678586
-0.2214354116
-0.1907755807
-0.3502416439
0.726354529
-0.04722913038
-0.128685107
1.137793034
-0.1917288235
0.1349608027
0.04144849014
0.1539248897
0.2004984534
-0.219071218
0.0833664
0.0281383025
-0.4147796579
0.3056444401
0.3862361047
0.07750723576
0.4324093118
-0.3211958103
-0.1356426781
0.2812502675
0.6481562182
0.2417142959
-0.03228445314
-0.0160433393
-0.1493316546
-0.08319472037
0.1618977385
-0.05719008837
-0.01867336817
0.02614426538
-0.1854035703
0.7893635057
0.3144712918
-0.07226503026
0.0193613356
-0.06195401088
0.1147443672
-0.2274637673
-0.0667330483
0.3357443647
-0.1301721608
0.2445574767
0.03825530969
0.6976164717
0.02043880811
0.3205429569
0.2834863437
-0.1751700979
0.06898603933
-0.2040715437
-0.009218678996
0.01959270844
0.5340969428
0.03535551103
0.5700474337
0.2973801002
0.3502533427
0.5717117913
0.103741584
-0.02657897659
0.1257986475
-0.1002316665
0.7283060327
0.01987458691
0.4180080546
0.1656791134
-0.02527399138
0.595541168
-0.05609443448
0.6034231968
-0.07359834984
0.3776154133
0.06828844063
0.2797622094
0.3860916667
0.3760716122
-0.01024760809
0.2574846803
0.4307240546
0.9876276745
0.4926485196
0.1925939823
0.6297354802
0.7517495319
0.008003170602
0.4964826569
0.03413322642
0.1329336943
0.1775769614
0.2248342611
0.07818164788
-0.2909789026
-0.2248890311
-0.1359218754
-0.09776515039
-0.2476985719
-0.1045480657
0.4290184375
0.1323249137
-0.208978208
0.3095125042
-0.1735308636
-0.04877596293
0.4744811455
0.2156395201
0.07440208849
0.139674882
0.5455338169
0.4844445791
0.5740123559
0.1377586274
0.03218106381
-0.3619078882
0.3760592718
-0.1731969015
0.319605837
0.5575050831
0.04056394361
-0.1578471947
-0.0932560151
-0.2655806441
1.002991629
0.2868902195
-0.1702416811
-0.0226509382
0.7630407386
0.1217780208
0.05656873612
-0.1263338124
0.5077135993
-0.09584103003
0.3278483724
0.416843892
0.1543347929
0.3307572057
-0.02053608652
0.656790998
0.2275724312
-0.1822430305
-0.2512201913
-0.08907863423
0.342536851
0.1675917048
0.6596372693
-0.02994923145
0.9244705766
0.06566347666
1.00739933
0.01988541894
0.05743561927
0.1624291869
0.5851659596
0.2510351534
-0.0564983448
0.06507843523
0.07008101139
-0.2451124039
-0.1657960474
-0.1956732016
0.4493801543
0.3996547865
0.1626668658
0.2965470791
0.3748280536
-0.1943054903
0.5037573624
0.1875307248
-0.181766112
-0.02501679827
0.2049952805
0.06511529118
-0.07992022028
-0.01928613624
0.7071172409
0.7436141908
0.1354485216
0.1658575717
0.5118118867
0.1286645905
0.2465029269
1.500022647
0.1400239103
0.4025737662
-0.3161921963
-0.3110706154
-0.2293345995
0.002029840788
-0.03979866074
-0.3272614107
-0.1559291827
-0.2994306214
-0.3715917796
0.2743362146
0.3205078831
0.7126811367
-0.3969781324
-0.1598465031
-0.3010311946
0.4606597904
-0.1462353297
-0.2166154839
-0.2861752219
-0.3190145046
0.123390802
-0.09065690781
-0.1521946421
-0.2274332207
0.06179547384
-0.1127592795
-0.1673434287
0.7699124191
-0.2815801077
-0.2624361575
-0.06996502653
-0.2508721523
-0.04758969332
-0.1273821449
-0.296714443
0.1788383012
-0.2396221362
-0.3054647096
-0.292939318
0.2586020824
1.051973263
0.2089794969
-0.2580800314
0.04390853681
0.1347069266
-0.2487204283
0.07579753753
-0.02085917983
-0.2335957834
0.3124410158
-0.1494928056
-0.09693023153
-0.3331488445
-0.3727475315
-0.1100435998
0.635107404
0.01664185403
-0.2630177163
-0.171104183
0.08859724561
-0.4229713455
0.1631840087
-0.1392894614
-0.2667723596
-0.07811325788
0.1919389008
-0.233142022
0.06753698625
-0.1481277805
-0.2419499233
-0.2934596788
-0.2437494881
-0.06147143957
0.6958898208
-0.1748306725
-0.1016146859
0.1395609183
1.04456926
-0.2100406777
0.1473530836
-0.2201544805
-0.2370253852
0.06016687201
0.1246273263
-0.1965949476
0.4786064181
-0.5492556274
0.04005312603
-0.4301530451
-0.1594400451
-0.4918731317
-0.1178266142
-0.3199185401
-0.264445471
-0.3586928748
-0.2205333747
-0.2236781128
-0.280179055
0.1456483338
-0.4450138345
-0.1506254863
-0.312022125
-0.09335212447
-0.3335662119
0.02680389881
-0.2347152852
0.2053053691
0.2313698992
0.02450679764
-0.04315796401
0.389075762
-0.2597348832
-0.1262410013
-0.06997660166
-0.02456038361
0.4469958707
-0.3087045439
-0.01386083858
0.5385104032
-0.02067873343
-0.2265785128
-0.1709674779
0.06834964147
-0.0762357044
0.6343452122
-0.1458338417
-0.1822715431
-0.1297858447
0.1025384245
-0.3312961828
-0.09997713668
-0.04259236697
0.1025350973
0.0806344416
1.21369245
-0.1783324038
0.2604455616
-0.2122212321
0.05041372981
-0.2890828371
0.3264320285
-0.2252526715
0.02972719073
0.09955230188
0.402632371
-0.007264765352
0.08441460207
-0.2267585114
0.1094565131
0.02570564179
-0.03168686479
-0.1201494342
0.1864589978
-0.1933041207
-0.1969925959
-0.3065656208
0.1316313623
-0.1292310787
0.002953394409
0.03536794931
-0.2553833157
-0.1102701137
-0.2203010306
-0.1873319466
-0.1498525745
-0.3293271862
0.1792970099
-0.09533841386
-0.1179943504
-0.2623624787
0.146938653
-0.3361300386
0.274463316
-0.2112220657
-0.2123214375
-0.1736699611
-0.07062471267
0.04787993152
0.01744637173
-0.2823786423
0.3369748864
-0.3139805391
-0.07652017474
-0.1529005745
0.05758741894
0.1865305423
0.01900134496
-0.4154498987
-0.06676446078
-0.1086538713
0.1540090535
-0.1199171357
-0.1112357128
-0.3560103126
-0.1847905796
-0.4192737937
0.05187840648
-0.2689881198
-0.04354801415
-0.03241035305
-0.3306799218
0.08645621184
-0.2120283481
-0.2006944992
-0.1926969476
-0.2312581189
-0.01542847604
0.2584322732
-0.2536410816
0.2142998562
0.1349481449
-0.08680742159
0.1219947178
-0.2387633368
-0.1541445833
0.03289881106
0.01570325699
-0.1192449722
-0.1630711131
-0.1856988601
0.1855610017
-0.07068912238
-0.06536911195
-0.242503337
-0.06147229001
-0.3178058948
-0.2519232661
-0.03318034597
-0.1700187251
-0.1522431718
-0.1352662969
0.1489468005
-0.09777003564
-0.06350184679
0.2687156022
0.2637938664
0.01437326828
0.2365673116
-0.2437704973
-0.06810685191
0.03996487008
0.007820633054
0.04240845395
0.4858678617
0.03859529179
1.00388214
-0.02695666505
-0.2414455283
-0.01070202962
0.1105102586
-0.2064244207
-0.3690893501
-0.01432124302
1.056366821
-0.03179523014
-0.3148867287
-0.3107490353
0.193314429
-0.1481667344
-0.1521972165
0.147546686
0.1547980076
0.4891041271
-0.1975127397
-0.164278741
0.115279738
0.3352751302
-0.1978808127
-0.16312683
-0.3676780343
-0.2447914861
0.02038748637
-0.01755045447
-0.141148738
-0.2016809478
-0.3210238598
-0.2798163608
-0.3085127482
-0.4184394956
-0.4714878142
-0.2673781984
-0.2085868165
-0.1022390697
-0.3019131728
-0.1006368173
-0.04951340109
-0.3117071867
-0.4358117923
-0.007627796568
-0.1339336894
-0.4463563524
0.2257223161
0.2357605599
0.1443657645
-0.3328027554
0.3159831891
-0.03030131669
-0.05187148154
-0.1810871366
-0.04420273351
0.268021458
-0.2782900691
-0.2648398131
-0.1757492479
-0.1415772853
0.4358680449
-0.2872675039
-0.09482641751
-0.3014895968
-0.1062839706
-0.1608398888
-0.5153230876
0.4418637648
0.2561689746
0.05029757377
0.601255171
-0.03450499717
-0.1389549246
-0.3656878702
0.1864348258
-0.275413242
-0.1483808035
-0.1001908652
0.1759074337
-0.1388285296
-0.310189493
-0.2851310894
-0.4792713575
-0.1793874808
-0.2246537007
-0.01258979933
0.281041372
0.4642869625
-0.03951251544
0.08628596077
-0.01683702301
-0.2677178919
-0.2736360006
0.4968125127
-0.2235955395
-0.01292567838
-0.1617816631
0.4052509315
0.4298971862
-0.08093094742
-0.3360058233
-0.07728911377
-0.1264997374
-0.2150405105
-0.3047051653
-0.07307748534
-0.4145989053
-0.3871662401
-0.1112820646
-0.04814657103
-0.3633623183
0.7344927843
0.02885199331
-0.1442695554
-0.3823017471
-0.02497192109
-0.1781456083
0.05888317721
-0.2179151379
-0.2738428779
-0.2604729168
-0.235302119
0.02316508312
-0.4007390492
-0.1070229976
0.5555817684
0.253950086
-0.1245799694
-0.1779147021
-0.169282301
0.2203167074
0.3010907989
-0.3176018536
0.1529216805
-0.2387498401
-0.2044056863
-0.08196250983
-0.3906543545
0.06756244581
-0.07001056615
-0.2274849969
0.3239149541
-0.4616887093
-0.269452248
-0.4594241992
-0.27853356
-0.2792495739
-0.1126505543
-0.445593667
-0.5307179183
-0.3011054829
-0.2826830022
-0.4672008105
-0.1129412495
-0.275264884
-0.5280804679
-0.08345618173
-0.1996545639
0.4443437219
0.05375582799
-0.5673573822
-0.2161045078
-0.1256080661
-0.08315624818
-0.3339043792
-0.3579106435
-0.141980402
-0.09247006376
-0.1988778582
-0.2469245229
0.03499717973
-0.1409246124
-0.3453464009
-0.2315054705
-0.1301867314
0.1039150732
-0.01366022015
-0.4201504871
-0.2418047789
-0.09433056843
-0.06682485128
0.6550431872
0.0248124728
-0.2370779611
-0.3058852352
-0.5728657588
-0.3121105932
-0.3074993223
-0.05576638728
-0.2914589837
-0.4956659883
-0.3609851636
0.1281210842
-0.2115885619
-0.3738382064
-0.08631570041
-0.2298837915
-0.1674933158
0.2061689479
-0.2002868176
-0.07265076675
-0.2851766217
-0.3332704715
0.1614837596
1.195574072
-0.2658523217
0.153210903
0.3066878181
0.8538073704
0.04497210598
0.05896434486
0.2404144526
-0.2920447074
-0.04068785124
-0.1965483634
-0.1998748314
0.03453015424
-0.08068894129
0.03119807653
-0.4130141445
0.08013621122
-0.2953924112
-0.2411874495
-0.1971191175
0.1879167488
-0.2491490263
-0.1173820466
-0.1774392585
-0.4181618616
3.624372184e-05
0.1134136371
-0.1748713408
0.07216069046
-0.2727716092
-0.03580786251
-0.3328536682
-0.1049800701
0.02581646694
-0.1149526183
-0.07497784873
-0.2713616911
0.5618709508
-0.1738506909
-0.1061834633
0.4685638309
-0.01764401742
0.4918455966
-0.1830851447
-0.1363778859
-0.2506136671
-0.1230046652
0.0479908864
-0.04491653517
-0.07852906026
0.5306407331
-0.06845619436
-0.08043263666
-0.1999305837
-0.1246098913
-0.1387639007
-0.2864057563
-0.2577961169
-0.2315341216
0.1656678277
0.2590600166
0.7905534569
-0.3944975346
-0.3520615987
0.3304666355
-0.3248795867
0.07875534717
0.1387683537
-0.2380461518
-0.1237435758
-0.3289129108
-0.3563368507
-0.2289634794
-0.2275134824
-0.3530888345
0.01614507316
0.5158688334
0.05276371278
0.2749170441
-0.07177876001
-0.1152550222
-0.249296939
0.1598773215
-0.07993423045
-0.1197078815
-0.07658725688
0.07739190566
-0.3067088701
-0.03947054427
-0.1887825368
-0.2340440646
-0.2529360635
0.03630245042
-0.08993388917
0.2668311514
0.6919186741
0.01778814835
0.4294351842
0.5845207311
-0.3006676413
0.02420442859
0.09733586558
0.2275354566
0.1904856114
0.506470225
0.289874772
-0.2776709851
-0.3120959446
0.5700076453
0.02748799566
-0.2278519329
0.02628733926
-0.1676773321
-0.04780653827
0.3265672907
-0.217321749
0.1930152669
0.1699635952
-0.1278217894
-0.2360765334
0.1478028545
0.006135884579
0.2344581291
-0.201698073
-0.0622235416
-0.2406756427
-0.1409495577
-0.3136812091
-0.3924904808
-0.1731704023
0.02847503378
-0.2471381925
-0.06693471558
-0.110118168
-0.2268638324
0.2816016676
-0.139226605
-0.336601384
0.1654257779
0.1113622051
0.7683558956
-0.3421334967
-0.3686386235
0.006057311594
-0.3092055783
-0.2719455026
-0.3299998239
0.002005133778
0.1468597619
-0.1840878703
-0.3068436943
0.3190609805
-0.01595205576
-0.001549172727
-0.272094449
-0.01497802632
-0.126648676
-0.1265785284
-0.01611233624
0.1184297587
-0.1710172914
0.2074929392
0.02998398254
-0.2429345906
-0.1564978762
0.1854136657
0.03263723105
-0.2993786752
-0.1895133261
0.5100541912
-0.3443022422
-0.05123742614
0.3299068954
-0.05586407669
0.2127527167
0.01125248205
0.2178651904
0.3708734181
-0.3705940176
0.3492818087
-0.2075016946
0.3620817542
1.161609712
-0.05265075788
0.4470760904
-0.03316345401
0.2004130573
-0.1997161143
-0.1716715828
0.3688435058
1.37748978
0.2823550379
-0.1221769784
-0.006557449698
0.07841570992
-0.1486333795
0.6206166695
-0.0941564858
-0.1978071705
-0.2854608923
0.9970493108
-0.2921367444
0.06427155687
0.08826344931
-0.1751613628
0.6157158129
0.3131547207
-0.2134541145
-0.3114500973
-0.04951749449
-0.1188564304
-0.2807336263
-0.1142971904
-0.3180068024
0.7068486355
-0.2567988973
-0.1120666666
-0.1906565826
-0.2725420922
-0.2452159316
-0.07584381371
0.1972975475
-0.240783206
-0.3915765397
-0.1557283796
-0.08386111353
-0.2803544849
-0.2064179379
-0.2720250793
-0.04669898404
-0.2085058779
-0.2872285441
-0.06353110727
-0.4199556731
-0.2327507254
-0.2501861408
-0.1497815329
-0.1549364306
0.4038033128
-0.3495607644
0.1124742879
0.2594175853
0.2417641622
-0.215615068
-0.173056405
0.1285096295
-0.04811087064
0.05758452804
0.2955785796
0.1239506666
-0.1001906819
-0.06515372875
-0.2216418229
0.4636869103
-0.004532248341
0.6416149851
0.6513307914
0.2730554113
-0.0700604666
-0.08420256376
-0.3061344907
-0.2843273649
-0.2406774871
0.01615556506
-0.1074872714
0.3120839781
-0.07139488999
0.1226536453
0.05952361058
1.093544308
0.08492991868
-0.3951179087
0.1354517646
-0.1669343911
-0.09853899144
-0.2171035161
-0.262889237
-0.07874619253
-0.5241684482
0.579989445
-0.2041850119
-0.1852021996
0.2055207368
-0.468470867
-0.07704957854
0.4710216399
-0.2745495498
0.3019773491
0.3421118099
0.1024793875
-0.1175276283
-0.2739581652
-0.3523724921
0.05102276267
0.2042921428
-0.1528166156
0.0152563029
-0.2364243455
-0.2330193754
-0.3346046835
-0.2540233072
-0.482831715
-0.06994758439
0.9387989307
-0.4821314812
-0.08244001754
-0.08273957986
-0.05761862081
0.0005519198254
-0.1302133655
-0.1934991026
-0.2149339914
-0.3294508584
-0.2090884019
-0.1916386336
-0.4611781195
0.1726321163
-0.238059542
0.5356239833
0.512278787
-0.303988678
0.2053037878
-0.1867707077
-0.3300481297
-0.3620870855
0.0008242689073
-0.1876616322
-0.2104515314
0.3563127402
-0.1316262489
-0.3108390935
0.09138605094
-0.05118646165
-0.2513121441
0.2071871249
0.1479197929
-0.1153284331
0.3509609789
-0.277611284
-0.03020117546
-0.2713728305
-0.1823647127
0.4307340842
0.1829178182
0.1528614877
-0.1162128069
-0.1752086904
0.0439975366
-0.2324797325
-0.326360504
0.01048900075
-0.07769831289
-0.1610324213
0.8263154678
-0.2063330621
0.4795042917
0.1111303084
-0.2522887312
-0.3415119745
-0.2759285361
0.08565773498
0.04074227475
0.172570492
-0.02290342613
-0.08678337727
-0.01855524769
0.05841781609
-0.0005213290453
-0.3335520595
-0.1647834923
0.1511276443
0.01118426248
0.2638321469
-0.2979233347
-0.268669755
0.1457590932
-0.1659412123
-0.05319642762
-0.3750862218
0.3392275131
-0.04302374832
-0.05555485878
0.4680283194
-0.302423672
-0.1372062624
-0.2893099658
-0.2217030644
-0.1583945369
-0.1362305263
0.3864996269
0.4080748457
-0.2966142006
0.1691166457
0.07358644339
-0.04433445907
-0.01886532251
-0.03907219199
-0.08669834509
-0.3285101004
-0.2194029756
-0.1906275414
-0.2099578053
0.03691642322
0.1253806303
-0.1741794381
0.01117761992
-0.366686558
-0.4256609559
-0.4430775382
-0.4157921456
-0.1445839368
0.0569401823
-0.346590393
0.503546305
-0.04133295342
-0.2936688654
-0.1406092659
0.09490932561
-0.07721753212
-0.02719110176
0.2281967839
0.2128478205
0.1201766189
-0.05740131764
-0.05518155433
-0.4284529053
0.1890013495
0.2506961063
0.01959760482
-0.03172894893
-0.5056267023
0.05800038716
-0.0431197213
-0.007413788885
0.08953991737
-0.06682783992
-0.2595717337
0.001998427883
0.03296046089
-0.5337445647
0.03656092165
-0.03956336156
-0.1730791757
0.1059283732
0.1514356456
-0.1614227839
0.7559132494
-0.07642374625
1.062165226
0.2709557144
-0.1170975465
-0.2740469754
-0.241685427
0.4564769626
-0.1477873296
-0.03199573131
0.4069758169
0.6964097589
0.265372639
-0.2107441232
0.1016644702
-0.2893771879
-0.02479380853
-0.03106232751
-0.1698072473
0.4272896707
-0.1513745951
-0.3589083679
-0.2457697213
-0.1040970294
0.4103382844
0.1316899911
0.07013188209
0.2916512134
-0.08345888425
-0.2044429071
-0.2401686955
-0.2293081149
-0.170860755
-0.2901294999
-0.305981566
-0.3477889217
0.01615937734
-0.2555903241
-0.008925758116
-0.104582113
0.480298442
-0.0523114285
0.1198292985
-0.2455318075
-0.4107645303
-0.1907447282
0.09971353747
0.04722083071
0.2419354659
-0.3124713786
-0.2464299746
0.1297084106
-0.04709170498
0.2640923034
0.1201828445
1.242121065
-0.03422051631
-0.06867523286
-0.07407432515
-0.4205354765
-0.09576582648
-0.2744283952
-0.02499673665
-0.3635103345
-0.2554877959
0.2601721788
0.148229262
0.4035701916
-0.123328146
0.09413960404
0.1650004435
0.3579795808
-0.1269790003
0.677528513
-0.2416673049
-0.1988538943
0.9234544571
0.4209158432
0.5165709497
-0.131472173
-0.2980936646
-0.2438876592
-0.07993740626
-0.2186260086
-0.1168045467
0.3484683346
-0.1199980345
-0.06538706142
0.1369771536
0.07283408474
0.6319527961
-0.1026906332
0.7463225
-0.02604643502
-0.3438118361
0.2955085866
-0.4671828695
0.4468781635
0.2737676783
0.09267300516
-0.2736857515
-0.410333655
-0.4086886168
-0.084748179
-0.22379326
-0.3453129396
-0.4675207088
-0.2079339601
-0.1215128992
-0.2897409469
-0.3244389623
-0.001313973404
-0.2025764931
0.1760365142
0.0547804066
-0.2671283256
-0.2351760656
-0.2213602144
-0.2287806906
-0.3147488009
-0.1046575177
0.09459909871
-0.1056963481
-0.1999005537
-0.1438216212
-0.2153526463
-0.4333002016
0.1465784317
-0.05200499455
-0.2301903214
-0.4318352908
0.09520731214
-0.2121244371
-0.1453640228
-0.1187793156
0.09453779431
0.2002111856
-0.4024929494
-0.2109940968
0.4228420097
-0.1704744216
-0.3433372751
-0.1603035543
-0.1468663041
-0.4507596418
-0.2143854048
-0.1314975236
-0.1854572145
-0.005399058759
-0.1989852078
-0.1910551898
-0.03271635808
-0.1830101192
-0.01168033388
0.2935959784
-0.2334866479
-0.3096563689
-0.1368762992
-0.4315482564
-0.4730327711
-0.006569245271
-0.140613491
-0.03411282189
-0.2178450648
-0.1322435234
-0.302717188
-0.4169488542
-0.1540184908
-0.01651594006
-0.1879933424
-0.4973201886
-0.2693928231
-0.2609442987
-0.2175940225
-0.3936389446
-0.09196781218
-0.3333125159
-0.1150528863
-0.2963746279
0.06291800933
-0.04547944032
0.4926049773
-0.07771839071
-0.3688287698
0.08596151643
0.03571405606
-0.1863959696
-0.1309262131
-0.04363175943
0.01218680181
0.2015201354
0.003556544241
-0.3178618841
-0.1871801134
-0.1450919153
0.1654570956
0.03287100373
-0.0888399287
-0.3095856339
-0.3582884938
-0.3459164694
-0.1723256916
-0.2098998588
-0.1240084946
-0.04551335406
-0.3019912586
0.1273761444
-0.2987114817
-0.2897287238
-0.3773584105
-0.08428069316
-0.002228317875
0.1215362418
0.6983247904
-0.1025640782
0.103144989
-0.4454297587
0.1882712794
-0.2416866137
-0.05255576558
-0.009997109324
-0.3005041489
-0.3850864217
-0.1699026033
0.155529999
-0.07846723925
0.7561348148
-0.07885472775
-0.07371655218
-0.3767395981
-0.1061461523
0.04037530841
-0.08952343799
-0.3942398697
-0.08793894295
-0.2542393327
-0.3060250081
-0.3557317112
-0.1484095205
-0.2779705197
-0.1527306786
0.1190469984
-0.09235173874
-0.3509923898
0.2698324947
0.2992913941
0.6020628378
-0.09478471931
-0.05711070076
-0.05251305914
-0.1187042832
-0.2833970694
-0.2796889417
0.009300273098
-0.1551823493
0.5842058197
-0.2143738125
0.1280585006
-0.1031262219
0.05736424439
-0.0009377529845
-0.07619192861
-0.07397911765
0.2077386944
-0.01221738253
-0.1445488185
0.2442089749
-0.08210233226
-0.1871256623
0.2778486979
-0.1084618663
0.6654065587
0.4310741506
0.1428628912
-0.2437708527
-0.11346632
-0.1626359671
0.9253103783
0.1361875819
-0.2773661174
-0.2727974102
-0.2335539486
-0.1770774465
0.1917138899
0.3139792234
0.05135020199
-0.07103448994
0.2493059583
-0.1353114335
-0.1139929812
0.236009956
-0.1380368223
0.03731836453
0.03029485182
0.1551058203
-0.03783454532
0.2606935381
-0.169877895
-0.2143189184
-0.3422230765
-0.2081901442
0.03840948595
-0.1915221099
-0.3419164911
0.01663591806
-0.1575783782
0.4488586508
-0.09667019192
-0.04824340641
0.3162922303
0.07352364901
-0.3506868027
-0.03550788537
-0.02722937185
-0.07450010832
0.1523268579
0.06885123346
0.3883851756
-0.1545646798
-0.2209878698
-0.1408118092
-0.1506631626
0.2268603288
-0.06286893226
0.8763756242
-0.07718424834
0.453903053
-0.1961949851
0.3247421049
-0.31885859
-0.1746204674
0.2185084676
0.06624244899
-0.2482681997
-0.2930999078
0.09147211537
0.4216285475
-0.2585112218
0.1532179924
0.3939491175
0.07273239437
-0.2072617371
-0.1746785261
0.9955971673
-0.3820478342
-0.1039280367
0.3790469274
-0.02782568336
0.447564462
0.2530232292
0.7898074504
0.06432796288
-0.1317508841
-0.3258743994
0.2127369209
0.6327690162
1.893227669
0.2194670606
-0.1713307587
-0.008731421921
-0.03794313846
0.1193008851
-0.16111596
0.1910090972
-0.06640990255
-0.3144711666
-0.2153686276
0.1018916499
0.2021910608
-0.1470821823
1.071771581
0.2707790367
-0.01383911241
-0.1860658498
0.0641316019
-0.05691671949
-0.2439795781
-0.3494566135
-0.07779672593
-0.1782256719
-0.1257413678
0.9236920105
-0.2788281053
-0.4563277937
-0.3284677707
0.1184274688
0.2841254098
0.07525252011
0.251167232
0.3338481667
0.1615964108
0.5476635173
-0.3179292955
-0.2441996805
-0.1682228833
0.08668000428
0.4140280049
-0.2538340755
0.0558532414
0.1243737688
-0.3307369202
0.3295264654
-0.08723173719
0.1042371279
-0.3013216075
-0.05165712107
-0.1370467669
-0.2119366564
0.0477685228
0.1280213121
0.3488904674
-0.1133309633
-0.4316538081
-0.09987696595
0.07357963743
0.07680585524
-0.151733559
0.2832660431
0.9180785779
0.5356725026
0.08664455349
0.5762230612
0.3455962189
0.170698804
0.1487668579
-0.03421007814
-0.2379039578
-0.3767218411
-0.001309137512
-0.1955781519
-0.3687261045
-0.2537059076
-0.1832216183
-0.07268294953
-0.2282249041
-0.08146131039
-0.1989186136
-0.2331980832
0.1871050414
-0.3301891766
-0.2844473571
-0.223582796
-0.1489329703
-0.1885539889
-0.0809280552
0.1552477431
-0.189280099
-0.06060001757
-0.1058712158
-0.007783763856
0.2267179904
0.08758415971
-0.2629894368
-0.1112841321
0.7199942436
0.2722158921
-0.2067283425
-0.3141900668
-0.4589096785
0.2278297161
0.1052332701
-0.002589568682
-0.2723610923
-0.1829274405
-0.2428122811
-0.1819661207
0.1783551091
-0.4192876577
-0.1697219663
0.2202894971
-0.2817803212
-0.3409419119
-0.3418498591
-0.08184578642
-0.244012535
-0.5098037258
-0.1790962147
0.05257953256
0.07061988227
-0.002780806832
0.2398465879
-0.2759791367
-0.3064742371
-0.3353352427
-0.2511571739
0.282711317
0.1561897722
-0.1053794305
-0.2556832366
-0.2929979458
-0.2835776094
-0.2289406486
-0.01946963435
-0.05207230542
-0.1760220259
-0.3060427949
-0.08471292555
-0.3119701594
0.6316398293
-0.1890782913
-0.3584983468
-0.03172205882
-0.2163350552
-0.3414796054
-0.2034620678
0.0346344295
-0.1237295663
-0.1547988158
-0.4206978925
0.2685968545
-0.1934803906
-0.03043013657
-0.1235540394
-0.3069997005
0.02043182515
-0.1760023303
-0.244692371
0.1228597842
0.08833718915
-0.04197066901
-0.1570576843
-0.2321965545
-0.1299669187
0.1973043082
0.598889162
-0.2769378662
-0.363611671
-0.3001333017
0.1210346343
-0.2925494395
-0.3383845016
0.1063315818
-0.08144215019
-0.08120489456
0.2667624813
0.13749597
0.2628111582
0.209669367
-0.005313352868
-0.1369976809
0.6307523459
-0.02363736294
-0.1160568591
-0.06743259411
-0.188172671
-0.205737406
-0.2345942527
-0.09852293022
-0.009155457839
0.2079987335
-0.3324409179
0.0490431007
-0.1482390914
-0.2077000909
0.344022515
-0.4691449955
-0.3391786218
0.218340556
0.13635973
-0.3084618509
-0.1440013979
-0.05240209009
-0.1450320711
0.0794801245
-0.1034214117
-0.1034019381
-0.06699442731
-0.3118756801
-0.2565057278
0.0581755694
-0.2795679279
0.04927092632
-0.01877298215
-0.1728656791
-0.2803993501
0.3619967006
-0.1983076934
-0.3586789206
-0.08135481654
-0.2277548209
-0.05443797875
-0.3478325516
-0.2015453957
0.1072900166
0.641149547
-0.03487255322
-0.2596685782
0.0583447522
-0.007634405792
0.02498611007
0.01479388755
0.05966620408
0.0004740381613
-0.2234035142
-0.3185757108
-0.2023112534
-0.1436211806
-0.3191439264
-0.1472865826
-0.4066999689
-0.1885255009
-0.1378154974
0.1601226691
-0.2351020806
0.2796228804
-0.05238565244
0.03982872814
-0.1132869866
-0.3168738268
-0.2175704688
0.04675209271
-0.02185613029
0.2917722393
-0.2092080362
-0.4235266581
-0.3124171101
-0.5012414828
0.3319743333
0.8493146509
-0.3106587589
0.03003399847
-0.3150411867
0.01338301518
-0.05527621754
0.4551938146
-0.1090741981
-0.2474040966
0.005379876494
-0.3458162673
-0.3637188032
0.06875840295
0.0985347149
-0.03557238028
-0.1070686381
-0.4537311092
-0.1176162413
-0.2444569558
-0.1245531017
-0.08340268806
0.6515839953
-0.1617294896
-0.25627812
-0.3199977182
-0.3416579649
-0.2484517956
-0.3629393307
-0.2943459168
-0.1682396945
-0.3464857005
-0.191092249
-0.3671389714
-0.489709428
-0.4532458544
0.0232889385
-0.1677354037
-0.05285673402
-0.2247809015
-0.1946840338
-0.1311817164
-0.2381226391
-0.3723316722
-0.1976097887
-0.04428881574
-0.2867794536
0.7367853694
-0.2595708866
-0.2450476464
0.1349627015
-0.1105846101
-0.1061324893
-0.1307316158
-0.1841270074
-0.2730847478
-0.273742095
-0.1138217475
-0.2929243386
-0.1844545856
0.2434508123
-0.288660726
-0.2449180871
-0.2610766828
-0.3265673347
-0.03904469418
-0.1327855421
-0.4373639435
-0.4250887617
-0.1278417069
-0.2932925768
-0.1142463842
-0.3406581081
-0.2814009927
0.1337416559
-0.1809904004
-0.2317672025
-0.4969496921
-0.2000711702
-0.2720315117
-0.04922274649
-0.2230667468
-0.1103336373
-0.1741518743
0.02961302418
0.2897535073
-0.04209237956
-0.3861938357
-0.08484057058
-0.1873586878
-0.06831655223
-0.2934854724
0.383781556
-0.06901884777
-0.09500555
0.1403735146
1.073150616
-0.3217737995
-0.175444825
-0.2487573173
-0.3045034029
-0.07313087042
-0.282618019
-0.304636468
-0.08170080744
0.1119858326
0.07283166274
-0.07686823561
-0.3047261536
0.5370294504
-0.1734378934
-0.2454290591
-0.1003530338
0.02538523441
0.03088383126
0.6554493494
-0.1925597202
0.03743313998
1.240216002
-0.2788801432
-0.1969782166
0.5061196717
0.1501853894
-0.4114420384
-0.1757074419
0.2400300086
-0.2251982186
0.2178245537
-0.2582230039
0.5038168043
-0.2562126976
-0.1034553185
-0.1147377447
0.0847803615
-0.1581839781
-0.2115363564
-0.0118949363
-0.1770206374
-0.1680648446
-0.2178059832
0.07400456117
0.1481417757
-0.3887742817
0.1098131016
-0.3268655062
0.01901587611
0.251905529
-0.3291133642
-0.4254353866
0.2205753202
0.2390978156
0.6477341779
-0.1003854625
-0.09599555749
-0.4976406679
-0.454211732
0.1432193251
-0.004745748825
-0.2318472572
0.07366027483
-0.3426863857
0.2402839819
-0.3366371673
-0.1466016371
-0.1808547776
0.1886650526
-0.3304381147
-0.4047467604
0.2575931979
-0.2078510076
-0.337510635
-0.355587998
-0.09677653341
-0.009352428932
0.0754909087
-0.4320653014
-0.05318370704
-0.3026232705
-0.2465621315
-0.4087240499
-0.05920687122
-0.2900761027
0.7655009218
-0.1737054467
-0.2151212823
0.04696489517
-0.4462715328
-0.3748389043
-0.1865308132
-0.2955270715
-0.3331228204
0.2103014138
0.2396601032
-0.0148438965
-0.1531188468
-0.04643355673
0.4000022981
-0.04504581839
-0.1423540154
-0.3642233938
-0.3368727632
1.00907536
-0.3237587795
-0.1396982789
-0.09901098087
-0.1814463686
-0.1511473734
0.4594758172
0.3003756877
-0.06893740892
-0.1427349443
-0.3745074645
-0.4467952058
-0.03399601188
-0.309928678
-0.1603008322
-0.1848114338
-0.1502396207
0.1764337005
-0.1854770051
-0.31093833
1.258671891
0.2347497797
-0.2561737619
0.6673500625
0.383533925
0.2134992901
0.2771671519
0.14684978
-0.05200165831
0.6572271429
0.6109556971
0.6263585731
0.1808835879
-0.2874522194
0.1559345866
0.03961502835
-0.2033007406
0.6299232315
-0.1173892712
0.07918059221
-0.1006943202
0.01093600187
-0.1031312257
0.1596711561
0.6098240837
1.214656139
0.1199528828
0.1809250228
-0.06054317243
-0.3127803557
0.3102041582
-0.1652017962
0.0003039408475
-0.1974728517
-0.1218811028
0.05243472131
-0.09540096167
0.05391056538
-0.07408861369
-0.1352485189
-0.06926912721
-0.01091037523
0.2369041752
-0.1237390842
0.1555993177
-0.0651030187
0.1462332256
0.579919751
-0.1045827344
0.5193399083
0.001084191026
-0.1002537251
0.356912081
0.2414877093
-0.2716121346
-0.159804232
-0.03943851506
-0.01890671775
0.4447163612
-0.3544481628
-0.03664455684
-0.2706645072
0.2516613126
-0.1931922905
-0.2343583554
-0.02119895313
0.01513417363
0.2052272234
0.7176531941
0.3983774181
0.4034448525
0.2178805564
0.1784895403
-0.236843507
0.5111360017
-0.08982755113
-0.09683407154
0.3312012622
0.3553888284
-0.254736755
0.05579793323
0.05730536547
-0.2254421838
0.08459632508
-0.09413150251
0.6149716958
0.05425372124
-0.3905178189
0.07275292836
0.1616490921
0.2527115906
0.5386731498
-0.09986288454
0.1044495381
-0.1629944887
0.1026271097
0.08680022848
0.02265130691
0.3553683026
0.03154794448
0.09045491265
-0.05240820274
-0.1729554854
0.2960064992
0.2759076312
-0.2144891404
0.1326327995
0.3850901537
-0.06013390105
0.6459124304
0.1270025081
0.198481746
-0.1830795625
-0.02805990232
-0.2202151693
0.184073659
-0.1395115225
-0.3929103255
-0.1855706267
-0.2056242399
0.1604549099
-0.2596674845
-0.3661318153
-0.2452557795
-0.1873399168
0.0268870784
0.01330232043
0.1003036475
-0.2044381661
0.0356937997
-0.4767212346
0.3343541196
0.2552348696
-0.07380570956
0.154227137
-0.3840037487
-0.2627921872
-0.07648053784
-0.1026084469
-0.07913708081
-0.3211599544
-0.1368141893
-0.2060662135
-0.2619270826
-0.03368385304
0.2484677479
-0.08375837803
-0.2325114531
-0.07469426971
-0.2153903276
-0.3989782013
-0.3982378237
-0.3694571137
0.09182469607
-0.02004660233
-0.1805367278
-0.1085193355
-0.3747082986
0.3128455346
-0.2348767564
-0.3290824249
-0.1629705265
-0.2283479443
-0.03047218481
0.02530726017
-0.02019883282
-0.3636744455
0.1969217619
0.3854339466
-0.1579000153
-0.3799872994
-0.09949920792
-0.0006608943455
-0.324399735
0.2059921863
-0.255750598
0.1060542175
0.832663184
-0.08021459766
-0.0482047121
-0.1321161082
0.004670767346
0.6153911456
-0.1582863847
-0.3690803856
-0.07304088641
-0.1325988136
0.05216624634
0.1759697246
-0.1884530425
0.387637949
0.9154113248
-0.05595544595
0.04557225094
0.1338105292
-0.03273034487
0.3562131584
-0.2703812379
0.008150367672
0.3629680349
-0.1338841802
-0.1405861482
-0.2239381135
0.7341870543
0.1277864545
-0.08940060306
0.3034164606
0.1980944265
-0.2090135656
-0.04148020009
0.1038979696
-0.1794153638
0.03686816934
0.2459053182
0.03030621791
-0.05569377001
0.3018747181
0.06440841369
0.01301005231
0.1522244826
0.3149167847
0.07280420633
0.04892124846
-0.1596025802
0.3669657204
-0.2818663009
-0.1969429664
-0.1697844757
0.1102637777
-0.2867203131
-0.05921922503
-0.287134859
-0.03850736022
-0.1252658473
0.2608579947
0.2529129911
-0.2351166099
1.543012363
0.002617845498
-0.04795883447
0.08345430931
0.4903150858
0.5339781962
0.01245623305
0.04660640024
-0.1562886443
-0.2988029808
0.1079800308
-0.2660622479
0.1259136988
-0.2780176388
-0.2283374161
0.3707711361
-0.0866095148
-0.3291237906
-0.3250485055
0.1834671427
-0.07314042607
-0.1872135488
0.02757391632
-0.05280163083
-0.3447565444
-0.1152165292
-0.2565673634
0.03262373731
-0.2825857379
0.5521413039
0.1284218342
-0.1208009839
-0.2469514105
0.2375047057
-0.2073904425
0.1884312251
-0.3017328434
-0.0134055024
-0.1336836095
0.2223639423
-0.04472301379
-0.009333308227
0.4813054714
-0.2530656688
0.6846653879
0.06990912575
-0.1325193685
0.7469023749
0.2509528473
-0.1827549145
0.01676863972
-0.3061841644
-0.0493634481
-0.06170311067
0.590334022
0.2332157439
-0.3118065573
-0.1868869828
-0.1148610018
-0.07550525442
-0.2014146067
0.1578460637
0.03129892084
-0.003884905204
0.2197582908
0.5287780764
0.3618887637
-0.06369095999
0.07049371614
0.1303303048
-0.337863484
0.2928970259
-0.1217483211
0.4045155637
-0.187797432
0.3621926911
-0.1580011696
-0.1938097425
0.1180539227
-0.2383245006
-0.1639265485
0.2304370668
0.1738353929
-0.07360960972
0.440387626
0.07647912577
-0.2062808879
-0.1661529291
0.2764921194
1.17252309
-0.3301590353
-0.2049800776
0.1362064744
0.1723216362
-0.3273906156
0.1203689737
-0.06837719083
0.03136224342
-0.2783044741
-0.1507134469
-0.1613543492
-0.03416807912
0.03011927977
0.3179736812
0.2202235157
0.4038400555
0.1276305111
-0.175093323
0.02651722208
-0.005845143273
0.3905068584
-0.1449333817
0.1430555423
0.04776310753
-0.0525465091
0.1967000002
0.3384261735
-0.06857051365
0.1580797409
-0.1284026206
-0.1776209168
-0.05777840605
-0.318537797
0.738044171
-0.1550748428
-0.08478773758
-0.1540300287
-0.3479574613
0.6612841122
0.1273735449
0.002788087353
0.547344017
0.6557678733
-0.03272573203
0.6018294964
-0.03156573363
-0.04221386584
0.3055876739
0.1601476988
-0.03214283269
0.08183281459
-0.1519838128
0.4892370056
0.01315022325
-0.1957191376
0.1777663526
0.34411554
0.482608141
0.1623600833
0.2669227321
-0.1121885665
0.3885490794
0.3202246866
-0.1713202499
-0.02246141778
0.1728218533
0.4013051685
-0.1556141231
-0.3660924293
0.008299897611
0.2042958908
-0.06681117387
-0.2976704843
0.03780534398
0.3306811266
0.2757878624
0.5242168628
0.3965918891
0.07050501611
1.182872837
0.02296324922
-0.03296395512
0.2746461362
0.06260168441
0.01638566721
-0.04510686528
0.1610689707
-0.04271085896
-0.2668658497
-0.2711178407
0.08107994716
0.3205388132
0.1178768843
0.1558141407
0.1703529842
0.04904356445
0.0002490516752
-0.1815636385
0.5486470118
-0.1891379611
-0.2294116102
-0.04057816137
-0.05583291668
-0.1739611514
-0.04614012474
0.6072629906
0.05814029453
-0.1679311208
-0.2168750197
0.2004937031
0.3171062604
-0.2811088957
-0.1889926814
-0.1180891022
0.2313367957
0.3369059162
-0.2517941494
0.5129473865
1.494641257
0.3018524932
0.5426463148
0.02965603005
0.405847571
0.7620464213
0.3340914257
0.2563013913
0.04468270028
-0.3180242747
-0.008775124885
0.4308323273
-0.003197977878
0.8056261823
0.2596127693
0.2212078532
-0.06438242234
0.3589249332
0.2451257817
-0.1560382891
0.4824197834
1.036093995
0.595343091
-0.13270997
-0.216392532
-0.3034859993
0.1184605712
0.3925619341
-0.2856414564
0.1201134983
0.08855510456
-0.01820952594
-0.334222555
-0.06656321231
-0.02273337711
0.05888579157
-0.1849353153
0.07753735594
0.1890018452
-0.004925231077
0.01975208707
-0.2650509913
-0.172479352
0.04806761127
-0.1412974866
-0.1666710537
-0.009127467452
-0.3542466819
-0.3306022473
0.2334337518
-0.2587202266
-0.241152722
-0.1354916969
-0.2136549242
0.2505065123
0.1265834685
-0.06835428458
-0.03470551074
0.3424019266
0.1684007528
0.3634812646
-0.1713764146
-0.02946435707
-0.2760600016
-0.09432904311
-0.0009477904066
-0.1800502334
0.4633095719
-0.1075521439
-0.1112141224
-0.07832557485
-0.05062164087
-0.1309891179
0.4420872292
0.4848125765
0.1060560932
-0.1287328893
0.2316443549
-0.002370636165
-0.02940937411
0.3462419519
0.22546038
-0.1739638634
0.2738612055
-0.09028639458
0.06484705112
0.1664172679
0.7882524759
0.3267266255
0.5318937525
0.2976005163
0.1037870556
-0.4912662402
-0.1740460984
-0.05427735699
0.5472769745
-0.008621303504
-0.2324195158
-0.09661897216
0.2964241104
-0.2501202926
-0.1874215163
-0.1726359479
-0.08761584181
0.3135110795
0.1923688669
-0.1713772152
0.477815374
0.07683923943
0.2979912467
0.1611992743
-0.3343324561
-0.02665342838
-0.4054394297
-0.02094551576
0.4892017942
-0.05113424566
-0.2011671543
-0.1305660799
-0.3813663304
-0.1910788879
-0.2363031186
0.01591990432
-0.2136594713
-0.2567023113
-0.192492881
1.243625407
0.02263374282
0.5517001264
-0.003082204517
0.2903546108
-0.1632377677
-0.1332381709
0.4379647389
0.3492138937
0.8827046677
-0.1452539781
0.02843912579
-0.2060009547
0.3195667945
0.07911625225
-0.07637618668
0.002586663887
-0.3525153086
-0.2586780928
-0.05587316435
0.2966842035
-0.3655877642
-0.2553831667
-0.2440355517
0.4708441064
-0.148895709
0.1143008872
-0.2422808111
0.445445987
0.2205558617
-0.09423381761
-0.0972192049
-0.1416865936
-0.03275613263
0.5350002157
0.06396194585
-0.1946248733
-0.006945210695
-0.4275018848
-0.04982096516
-0.3732451245
-0.1769334698
0.08178763986
0.2406710889
0.05485230461
-0.2500990756
1.031967646
0.02078753561
0.4389740706
-0.1049726486
-0.06108489856
-0.2821826592
0.6574819781
0.242410098
-0.07452856991
0.2335745989
-0.3242570601
0.2234962692
0.03943812372
0.1639329351
-0.2749218673
-0.288871745
-0.5225900069
-0.1629363701
0.02584956307
-0.06372794472
-0.2696280077
-0.4157708287
0.01092581097
-0.1787597522
-0.2249075206
-0.1774890933
0.08707496263
-0.09252339257
-0.03788404875
0.0894073708
-0.05137019083
-0.1456046665
-0.05626288541
0.01648410112
1.398636355
-0.2839946575
-0.2390822038
-0.1872782245
0.4722095419
-0.3287393175
-0.07898528334
-0.1357630353
1.223361634
-0.01491729319
0.2225881189
-0.06971147768
-0.06969140898
0.4193285167
0.1170204368
0.2825966939
0.05878688735
0.4253110632
0.2670503799
0.3723046357
0.09839987801
0.01355787707
-0.05641347319
0.3536495626
-0.01322595794
-0.1044515377
-0.2544359621
0.1010797868
0.04191861358
-0.06463002209
0.06547441185
0.2096139628
-0.153810247
-0.01279780418
-0.1369971767
0.2131291281
0.1760394491
0.09744838253
0.4629730087
-0.05061119818
-0.2004448663
0.1050815579
-0.1286318472
0.1660235438
-0.4548607886
-0.1564760422
0.3648087735
0.5311961968
0.0128805893
0.06509810053
0.1063708562
-0.06161429733
0.024448273
-0.09603570774
-0.1720812643
-0.1133382309
-0.05024419515
-0.02705361582
0.1035531156
0.6334770769
-0.1958569072
0.1819084805
-0.1329953754
0.1897920344
-0.1374772817
0.5578747876
0.5340419874
-0.1160316564
-0.1006987119
-0.1622310825
0.2615253121
0.06149410196
-0.1656441003
-0.1854316797
-0.1424321434
0.009318273142
-0.1303406127
-0.00465658661
-0.2989333674
-0.06412203796
-0.3349814869
0.02650619075
1.080447086
0.1924244607
-0.2057440728
-0.1851956807
0.2963598555
0.4944647878
0.3903197809
-0.1361374825
-0.1887464784
0.1467462773
-0.1615316687
0.0230893204
-0.295755963
0.6653926685
0.04322633334
0.01228737971
-0.05861210972
0.4731071444
-0.04483386562
0.0007123658434
0.06300793083
-0.2716577612
0.3559836114
0.121906662
0.6294853136
0.8151331566
0.0476356681
0.170367085
0.01223497321
-0.07625180651
0.1348309811
-0.1480319805
0.221978686
-0.05313092489
-0.1850417443
0.006888395268
0.1059547679
0.188144757
0.2089646576
-0.2609134756
0.08707326669
0.2409026426
0.6014378777
0.7108552389
0.468932445
0.4547933094
0.3352937497
0.008427512273
0.7533458531
-0.1076130547
0.06121860938
0.04472590238
0.01872170307
0.1028522642
0.02159134932
0.08088737782
-0.1523827815
-0.1453590121
-0.1887966424
0.7538179323
0.03440191699
0.0995241737
0.04421306029
0.0781543633
0.005631164834
-0.008702008799
-0.2287050284
-0.05013089795
-0.2383744285
-0.1838981576
1.580701428
0.08699766919
0.9506297544
0.09265393149
0.9182546914
0.2813151132
-0.3791751385
0.115290981
-0.1603257
0.0886663775
0.07864865661
0.2111271456
0.02978144009
0.240895975
-0.0796345599
0.2597876977
0.01612873627
-0.1208732169
-0.11900962
0.2600681508
-0.178690755
-0.1516732164
-0.2129537657
0.3060607065
-0.142926402
0.1627048424
-0.1551436046
-0.1108019087
0.01849763598
0.863923271
0.0888009578
0.3479244322
0.251472437
0.07768648788
0.3363519475
0.4304869555
0.3874147913
1.09873345
-0.0249181902
0.6899375781
0.09073967356
0.2577499551
-0.03078807518
0.9317439169
0.03779245336
0.3438607253
0.02659314163
0.3116952135
0.0562158864
-0.1456785552
0.08237389354
0.4759380177
0.002576559596
0.4185134841
0.07292411309
0.6641645974
-0.1651621012
-0.2228162877
0.2533267407
-0.02243070174
0.2251958877
-0.04147501811
0.4222578645
0.09133140836
0.1610740341
0.3037207223
-0.01530865352
0.007520682365
0.4812749013
0.08003001921
0.4916440191
0.3478774857
-0.3129091345
0.09688631832
-0.00891280584
-0.001180176809
0.399500506
-0.1799948687
-0.07528643124
0.06271910649
-0.01615773514
0.7483694777
0.1050587736
0.711646142
0.6074200662
-0.1377073523
-0.0110220389
-0.142845856
0.5314214548
0.09374924377
-0.3200535417
-0.04631859064
-0.3600837089
-0.4420640901
0.114072066
0.2940956177
-0.3020734869
-0.2590471976
-0.3088299267
-0.1869660018
0.3022005664
0.002094975673
-0.0667685125
0.5022250451
-0.09057403263
0.05586829185
-0.2550595798
-0.3889656514
-0.08646415323
-0.1428410657
-0.3292626023
0.2105436469
-0.02744807098
-0.1822907789
0.00699934708
0.1420678057
-0.3618372492
0.3293397654
1.306927855
-0.1210241266
-0.2334192034
0.1123412336
0.5344146136
0.4201803902
-0.3582172677
-0.222020391
0.08329494614
-0.161968898
-0.1727332566
-0.1152293868
-0.06911248397
0.01803633538
-0.07175942659
-0.1159693623
-0.1896529019
-0.1615123089
-0.3621046163
-0.3774808571
0.488455807
0.07159884758
0.336546961
-0.4627057284
0.8068734914
0.2655561382
-0.3296825603
-0.02406067643
-0.2262986623
-0.1934329998
-0.3610017508
0.1529137187
-0.1573246667
-0.0761144923
0.1413435215
0.3225499555
0.231316233
-0.1202432908
-0.2559010647
-0.01987581588
0.2056899071
-0.1196984533
-0.08838702627
0.0005923152901
-0.3417651176
-0.06405035425
-0.2802349262
-0.1945273075
0.04822728503
-0.1474264992
0.0350101673
0.1061313511
0.8220067367
-0.1623057492
-0.1335805116
-0.2444750711
0.05432459116
-0.1918276154
-0.1340179799
0.3860671044
-0.05514820497
-0.2471566224
0.157990299
-0.4854852885
-0.1689447884
-0.3174349882
0.3791894607
-0.2459030062
-0.03194859941
0.09385299459
0.02990566548
-0.329998222
-0.1679738719
-0.2245204918
-0.1854595412
-0.2818034351
-0.0821829984
-0.09764359947
-0.1857808646
-0.1779458091
0.2019564427
-0.088280873
-0.2352241967
-0.08657440394
0.1025311057
-0.03809492365
0.2040274104
0.7211425206
-0.06149527282
-0.1204802696
-0.4980769053
0.3798711367
-0.0494232174
0.005042023445
-0.4493887812
-0.1539124537
0.3213890053
-0.02392615797
-0.2780839279
0.0003296379
-0.1628774811
-0.01172211161
0.8841185151
-0.01696187798
0.2937476791
-0.2405655187
0.291641039
-0.07664993163
-0.1145187422
1.36191765
-0.1302355584
0.5944404721
-0.1714295134
0.1001722094
0.5115312446
-0.1080663648
0.4317561451
-0.1600603202
0.3057426685
-0.1715424255
-0.02526995447
0.1535548925
0.07122186488
0.5702458486
-0.1794244759
0.413537533
0.02964095846
-0.1147485537
0.4372474007
0.07940952554
-0.02689206619
0.2019455663
-0.015446922
0.1649490558
0.5436299033
0.332869531
0.2157895138
-0.1376901926
0.7213308103
0.02875609752
0.6735989556
0.4791108385
0.6502315545
0.07768465253
0.1005916344
-0.1506356709
-0.2803279921
0.05426483434
-0.2176592626
0.007285899064
-0.07346793041
0.1449102688
0.2543269573
0.01496676072
0.3109495361
-0.08559478745
-0.1644949805
-0.3922219068
0.2762771953
-0.1211715322
-0.2335452013
-0.1468545935
0.09311834611
-0.1548123851
0.1966385828
-0.1334517527
-0.325238242
-0.08615513761
-0.1083752081
-0.008657322824
-0.1927522374
-0.1248054795
-0.01942337696
-0.1759249162
0.3468508843
-0.1592616113
-0.2019960538
0.1500635609
-0.0665100852
-0.1721825805
-0.2449720629
0.2725014077
0.1612399908
0.08040464111
0.01708822083
0.06569366604
-0.2561117671
-0.1243115665
0.2517303213
-0.1983699642
0.2295920307
0.5946363965
0.1966942113
-0.2888094865
-0.158233978
-0.3005818546
0.03212905023
0.1966054238
0.0811540341
0.2407496328
0.04677077923
-0.00546555724
0.09945601062
0.02276433352
-0.06621912066
0.1293114651
-0.02270688117
0.1067692542
-0.4287659109
0.09372718092
0.1268837919
-0.1187670154
0.2862704145
-0.2054339975
-0.1461554635
-0.1822004423
-0.2911065079
0.1585916625
-0.01142336316
-0.05356376786
0.3096750129
0.398924198
-0.07740889657
0.1157692349
-0.3957848258
0.1990697602
0.3708454143
0.593727006
0.4032174291
-0.007189314021
0.1052669995
0.122451263
0.09413402602
-0.1522096482
-0.1111250786
-0.04923653118
0.05433872268
-0.1577423673
-0.1816744618
-0.09068019353
-0.3301506702
0.4867373265
-0.06205727067
0.04269045792
0.3463325799
-0.279892835
0.1311193686
-0.1707350358
-0.3097342722
0.2850446565
-0.3693068065
0.03150419146
-0.3511953823
0.1888741747
0.5245438123
-0.1166092534
-0.4465931013
-0.009681962663
0.5724636421
0.1103762711
-0.4275391124
-0.1648941144
0.4355541542
0.6683004536
-0.04261337686
-0.08762516296
-0.06828996497
0.3020241696
-0.02500585271
0.06620059237
-0.2802959912
-0.07792999726
-0.02051274106
0.3569358088
0.1285071945
-0.5640211552
-0.2495664231
0.1698959185
-0.1601363704
0.6382162191
0.6025893487
-0.275674466
0.6644054798
0.2197552713
-0.006062027207
-0.1236198889
0.2359592108
0.2588226266
-0.3112858623
0.4923155569
-0.1818976186
0.1143695407
0.0179565568
-0.1347038746
0.9072618647
-0.06404192708
0.4942645792
0.3234200597
0.1287833476
0.005402628053
-0.05057073287
-0.1359396731
0.1855977489
0.3630763832
0.2468453857
1.212375392
0.1449159063
-0.04985515396
0.02730916813
0.8052612573
0.2360934988
-0.09861279428
0.0709802432
0.2480545564
0.03658658527
-0.1845928203
-0.3281589225
0.01800914444
-0.2712102152
0.3829840688
0.02673963327
0.0337983219
-0.1035303058
-0.4850012988
-0.04058536533
0.4332282836
0.06544239316
-0.05274357889
-0.2497257695
-0.2194186721
-0.1410264209
0.125043043
-0.007238195464
-0.3211125717
-0.1882768247
-0.2476473756
-0.286358802
-0.4134468213
0.02548111901
0.04627579749
0.04096248597
-0.01992466301
-0.3217627704
0.0266790444
-0.0447711315
0.3351867106
-0.3681419924
0.02332004458
0.3441433126
-0.2239527471
0.04522843659
0.08246777086
-0.08743988257
0.4977859855
0.1334988412
-0.2708142579
-0.1926918764
-0.06821891423
-0.1843158465
-0.4116252184
0.06934933346
0.22924679
0.2752513802
0.0467196146
-0.06540860697
-0.3385407478
-0.04469505306
0.2473380703
-0.09979519472
-0.2884374216
-0.1156775847
-0.09901196864
-0.1719429617
-0.2391484216
0.6876772771
-0.3565787613
0.3207254807
0.02793319933
-0.2593080923
-0.1321670614
-0.3800660208
-0.2044232666
1.028827857
-0.02493033595
0.1377031116
-0.3131039515
0.451347076
-0.08686667979
-0.06987823229
-0.03468047916
0.6556760341
-0.2949168615
0.0004465704784
0.2162071427
-0.3550687909
-0.3265168168
-0.2410532333
0.03387363832
-0.1265701272
-0.1659255903
-0.04166353005
0.123994381
-0.1974995058
-0.2833518133
-0.03668361958
-0.2884178013
0.1935783213
-0.2018644679
-0.1812977431
-0.2712796191
-0.06039020736
0.01258356823
0.4315754898
0.06121475454
0.6735053822
-0.03268005811
-0.1853318796
0.2176971827
-0.2241654724
0.0631229436
0.1914285257
-0.0962673014
0.1942620339
0.06484167725
-0.01365223825
-0.1394416399
-0.0651167538
0.2391595803
-0.3029756099
0.04633946382
-0.02381819505
-0.04103341708
0.110353768
0.5499096811
0.1962755071
-0.2569083404
-0.2179874361
0.1771168873
-0.2953246959
-0.00968694929
0.4590279648
-0.02095840089
-0.03423426291
0.1664276116
-0.008867066726
-0.1740865305
0.005287865363
0.03870549388
-0.1079281577
-0.1537532847
-0.1667612642
-0.244024612
-0.1323508896
-0.3063978299
0.2028263345
-0.2622876678
-0.1496773649
-0.1688612275
0.6141210631
0.7578309288
-0.07427636459
1.344726071
0.3509943109
-0.2553838313
-0.2420606844
0.1742414955
-0.01871847231
-0.03665788057
-0.1440175297
0.7854109272
-0.06510200109
-0.04212109656
0.003102466837
0.0432652887
0.009865817428
0.01586566381
-0.03584660459
-0.1177893417
-0.1788180731
0.02000865568
0.1196331319
-0.2247241184
0.713403998
-0.1840755366
-0.1217110544
0.1337865049
0.08772001141
-0.1420671817
-0.327981241
-0.4081296101
-0.1452985223
-0.3278692655
-0.2672568589
-0.26606832
-0.2159625199
0.05074791005
0.07489305269
-0.280979332
0.4652719587
-0.06114566345
-0.1387289073
-0.111886375
0.2903343374
-0.06726235189
-0.1584040564
0.05025750594
-0.15592076
-0.1459459362
0.118999705
-0.30328134
-0.2111455377
0.468611189
-0.1083515971
0.2903316367
0.3838652777
0.1212961484
-0.1287092507
0.04855992729
0.103524979
0.3261043256
-0.05554462597
1.008204343
0.1831333481
0.08249160536
-0.3245466217
0.2531250961
-0.1008773986
0.04493019953
0.3417703087
-0.01840787972
0.006276425906
0.1228511343
0.2332047803
0.1883374114
0.1390318055
0.1503140345
0.8474371199
0.710366939
0.067930385
0.1268706522
-0.1334171651
0.4738753133
0.3794407178
-0.1362348935
0.7014250174
-0.07573662484
0.1253874758
-0.1513453707
0.4283583269
0.3682302125
0.06817428917
0.1319357245
0.291290009
0.2102248356
-0.2038399518
0.3554538187
-0.01470909975
0.7256735899
0.1428210082
-0.2987529941
0.01005847119
0.1671678999
-0.06899029426
0.04115026649
-0.1500536522
-0.1093194816
-0.09011599254
0.2984859042
0.1638521802
0.5340459414
-0.2970928118
-0.02458072547
0.175994275
-0.1666657947
0.3611675197
0.2978854194
0.09279110376
-0.06320717288
0.1319957592
0.2716402881
0.2524476538
0.4078765109
0.4532356426
0.02909085769
-0.1679564063
0.1129987486
0.2811280465
-0.1524710279
0.08430199195
0.251925282
0.06398879699
0.2588700332
-0.1362697957
0.4660378888
0.1514178408
0.07642154805
0.3053424258
0.114197919
0.3557760777
0.6048265524
0.208463075
0.3806125689
0.2731223322
1.37104948
0.8197353907
-0.1961855449
-0.07103014514
0.0771430742
-0.05847867429
0.07435010476
0.6388015119
0.5522738799
-0.06974414326
0.2214662863
0.4814598136
0.1054449687
0.2398315914
0.5625424735
0.3207544051
0.5071143724
-0.03141467571
-0.004360064492
0.388429185
0.4850652784
1.266075215
-0.1302831337
0.2316662161
0.4039208952
-0.2451862499
0.06562081426
0.1106589335
-0.1208556313
0.1215132117
-0.4116226807
-0.2975143909
0.1909917889
-0.276423803
0.4238112681
0.01300321668
-0.08047271539
0.098698217
-0.1467463654
-0.2391731076
-0.09667367972
-0.04433098156
-0.303786099
0.1635028578
-0.1128924668
-0.08770653214
-0.07412812049
0.1892202793
-0.2710271098
0.2729113586
-0.01432831101
0.3018229309
0.2183921333
0.5524770238
0.124490318
-0.0003260751721
0.1017011032
-0.2095026165
-0.3888742954
-0.1085819062
0.3703172093
0.1601720598
0.195733396
0.1872523208
-0.07179968636
-0.185989533
-0.2847021893
-0.2312749907
-0.1910349226
-0.1007112144
0.0890689088
-0.1655172147
0.426500019
0.007835097797
0.17968532
-0.03116001785
-0.04717747625
0.4959632717
-0.3320220299
0.07958239135
0.03224877482
0.1667141585
0.4491756525
-0.1708477303
0.03321015779
0.1130290075
0.1452807926
0.04594272245
0.4443147949
0.06323895352
-0.3271866038
-0.2656738728
0.09447061475
-0.1647705806
-0.0147581459
0.3782138055
0.672191602
0.3948917143
-0.06936313044
0.3905209407
0.3273539504
0.7460768994
-0.04049208462
0.4569528401
-0.1157259878
0.5092821597
-0.2284825094
0.9433070742
-0.2331615619
0.09458587933
0.1818202257
0.07377868164
-0.4336513311
-0.3524935424
-0.1200180655
-0.1648371793
0.0001754222438
0.6985808529
-0.2641910017
-0.02489533965
0.2456872027
0.6774173327
0.08498944547
0.2977132097
-0.01579871904
-0.06898960089
-0.1305561796
-0.3164052844
0.1118555855
-0.06421920261
0.4959039696
0.1459944751
-0.06549051143
-0.1082861304
0.3768626496
-0.1701167252
-0.1554485712
-0.3146974705
-0.1465486912
0.07120142914
0.04711714545
1.079807497
0.2650439432
-0.1228041468
-0.1399416156
0.08329900345
0.1431354864
-0.2426066421
-0.07952554482
0.4249708124
0.2758594144
0.03616735302
0.6840342432
0.1117915618
-0.07919473704
-0.356543728
-0.2601690285
0.7937005751
-0.2219788171
0.3295874804
0.1554223814
0.05777904298
0.3293636885
-0.1376682905
0.07736587655
-0.1615958244
0.1273696695
0.4171726655
0.0267890295
0.6198050372
0.4876546551
-0.2136968575
0.4366236702
0.6797345668
-0.08499033786
0.1897312056
0.2867081072
-0.07123249639
-0.02068397044
0.1636018666
-0.0552770549
-0.1065292314
0.008635569178
0.04815233238
-0.0890203651
0.2396507904
0.4106679145
-0.0355940409
-0.1134009674
0.5979573876
0.0835292466
-0.1856199529
-0.3316022463
0.3372757323
0.2128772944
0.07232349757
0.2379749253
-0.2581844166
0.2584005089
-0.2002519086
-0.08410411086
-0.01070062905
0.2406535916
-0.3010605134
0.4327284157
0.02875131294
0.6804672033
-0.3957559675
-0.291830948
0.6339450955
0.4509615444
0.6331022404
-0.1287862649
0.2182263521
-0.380796466
0.7203753784
0.3608753074
-0.2342425413
0.07232180182
-0.170297657
-0.1208247724
-0.2911347046
-0.07017019643
-0.1523407338
0.03052074842
0.3262205027
0.6066440731
0.2374159478
0.04698466361
-0.2130742505
0.1756187089
-0.0713450117
0.7379266933
0.3794630051
-0.05494558066
0.1852117218
0.8416274335
0.4013835363
-0.08774176035
-0.1061495239
0.4410536848
-0.05945999883
-0.1284435166
0.1146678753
0.6317183517
-0.1822736125
0.3129587244
-0.04745401107
-0.1826259851
0.510579966
0.5814227283
0.3086499888
0.7024244435
0.2628347382
-0.01859678784
-0.27982805
0.179553945
-0.1337267844
0.3088461678
-0.03178901505
0.3046304664
0.1737420024
-0.2001350263
0.148476553
0.1497361369
0.2366163541
-0.08946650568
-0.1115670208
0.3643599302
0.6007187471
0.1870854907
0.5146432623
0.2529399607
-0.1680437904
0.4348932881
0.4437789805
-0.05696030017
-0.3831023574
-0.3286701128
-0.2251460951
-0.08526214734
0.2593424534
0.005881396122
0.006356009468
-0.04203677867
0.9107322976
-0.08336278964
-0.04132067803
0.3649366084
0.1484978126
-0.04167853817
0.3037886808
-0.3372890346
-0.1079280151
0.01623156592
-0.01727795415
-0.1401611166
0.3389767213
0.05488059949
0.3882031018
0.4343688369
-0.2732407033
-0.2931558222
0.2881552603
-0.02676581033
0.1498268247
-0.2247167077
-0.0613796331
0.08044027733
-0.03436591774
-0.05227933135
-0.2148439437
-0.02557494398
0.205134861
-0.109810363
0.03042579405
0.1024956658
0.27013321
-0.1357818538
-0.2910098933
0.2687653551
-0.1340912201
-0.1814523673
0.11652904
0.3608519491
0.1249188967
-0.1949338257
-0.4486513376
0.7629880242
0.02397421151
0.1604354232
0.4302996527
-0.07043262683
0.5333172806
0.2086809956
-0.1054540343
0.3551356189
0.7540836593
-0.03576946789
-0.2119349038
0.09665671792
0.01089329626
0.2304916772
0.6483849339
0.154998232
0.402455502
0.3057830835
0.4241041724
-0.1298262479
-0.2020315133
0.5274071105
0.1742737218
0.106764459
0.2551434324
1.165327993
0.86383387
-0.2499697343
-0.02132523619
-0.1417867292
0.2680007868
0.2257587332
-0.2688329207
-0.3031519793
-0.3808372021
0.6436899818
0.5617226407
0.3707180452
-0.1164934443
0.08933001924
-0.2671631901
-0.2208039094
-0.1636150297
-0.00541242566
0.1359655173
-0.1016959336
0.05593033228
-0.2230668783
-0.2042776302
-0.2274959072
-0.3259391397
-0.4370896816
-0.1143795826
0.6939281259
-0.06171892881
-0.2400045052
-0.2718403734
-0.2955897436
-0.0628677953
-0.1925355405
0.7813530095
-0.1964264572
-0.1533872532
0.3136120953
-0.1889247743
-0.1496665422
-0.1962224444
-0.06063931324
0.3824937399
0.6801088385
-0.3142051324
0.02525309827
-0.2715099841
-0.09329906721
0.03761639548
0.03410686553
-0.2214795604
-0.01926972959
-0.298853559
-0.2551166527
0.001471430436
0.08312212364
0.1817195596
0.1020387389
-0.1087503871
-0.3434417546
0.01148416605
-0.1678594735
-0.2924024798
-0.003497117013
0.06954006813
0.02402371764
0.1916693212
0.5707435951
-0.2311466046
0.5470379315
-0.1395133013
0.3820011824
-0.190647611
-0.03565501627
0.534134382
-0.04196035359
0.06771470653
-0.07395090051
-0.0973858377
-0.2728798397
-0.03024472278
-0.1697271295
-0.1892782781
-0.01313587716
0.251566356
0.3231058234
0.3479595093
0.5008605605
-0.3314364649
-0.1319682259
0.2134360047
-0.3324657887
-0.1897384282
-0.2589396361
0.1436977229
-0.187900909
0.2313284663
-0.3120426737
0.4792139471
-0.002316402271
-0.2721910231
-0.09054012671
0.1270732304
0.05266258717
0.1875584735
0.371687755
-0.2937224075
-0.3249186642
0.1540085323
-0.3164628007
-0.2579876214
0.03356444072
-0.3650570929
0.167040126
0.3308344796
0.5769579165
-0.06292474139
0.2009402007
0.2443919568
-0.1466872582
0.1278504709
-0.3341848426
0.3494077712
0.1127614135
-0.2772999026
-0.2590563424
0.6469166338
-0.2368331864
0.2633132931
-0.01111411639
0.3720562045
-0.05316679599
0.07741283411
0.7383883663
0.02798650204
0.6644387089
0.1611073507
0.07633511499
-0.1819933023
0.2493850393
0.0811951383
-0.0009796123952
0.1636741068
0.1634804277
0.2428494871
0.07416417114
0.08919243775
-0.008471466042
0.08585216589
0.3156591795
0.4436196133
-0.03507497841
0.4680778846
-0.1178989679
0.06084282938
0.7796412915
-0.00655686236
0.03509365069
0.3998046484
0.2437592242
0.3076434831
0.02288246844
0.5246233523
0.5276065968
-0.176886992
-0.3237792566
0.0637902068
0.4224229522
0.3953701025
-0.04610021114
0.02566768117
0.07853854969
0.6474217989
-0.05309656542
-0.09014125206
-0.2633114159
0.1177095771
0.1998453613
0.3890596375
0.1905489728
-0.08495703167
-0.1327064777
0.1748172329
0.04906466883
0.04640720254
-0.0875568043
0.260046469
-0.274321945
0.1065372499
0.6979449224
-0.2256469652
0.4730942393
-0.3067194842
-0.1645359358
0.01217456367
0.9426730745
-0.1726245247
-0.07244266924
-0.08868601485
-0.002070254041
0.9594062107
-0.07957506217
0.02262911601
0.0402747781
0.362911131
0.2331882915
-0.09081689119
0.3180137187
-0.2649800112
0.1015312804
0.144717982
0.3148879535
0.1636594031
-0.03319654986
0.1299417779
-0.09910137709
0.9631388258
0.5159031413
-0.1528973069
0.2786484206
0.07220107801
1.223674254
0.230075097
0.7092234634
-0.0850866694
-0.3672409385
0.07332679802
-0.02583260145
0.6378043622
0.02017932446
-0.002652119845
0.2105133524
0.2935670843
-0.007099317946
0.07505687103
0.6561952502
0.05409210138
0.3103126973
0.689968564
0.3445233228
0.4973452456
0.931725423
0.2390855014
0.2324187897
0.5968720756
0.04955145158
-0.0926515216
-0.1216422817
0.1794337485
0.5561105937
0.02231757175
-0.1399374638
0.2682634162
0.3844950557
0.5551903643
-0.07119981404
-0.2597896978
0.2411812829
0.4894746393
0.522081678
0.22672706
0.6089837447
0.5799400304
0.3691089235
-0.0810670726
0.07072642706
0.1267995168
0.3449779876
-0.2109702574
-0.3400729805
0.2142254177
0.1061483527
-0.02867175061
-0.1387367172
0.3579452541
0.165374097
0.2872117445
-0.005768523552
0.5164867599
1.28388051
0.3525943317
0.3965880111
0.5279076647
0.09609777629
0.2455502626
0.4232563965
-0.02201137934
-0.09006655458
0.4492251061
-0.04788905103
0.3381445345
0.003924815916
0.5968748063
0.5380130775
-0.1414378818
0.3270620365
0.1001378573
0.6550784752
1.158393259
0.8315284923
-0.09699533805
0.7689876407
0.1849301482
1.286321867
0.2534038863
0.6991786703
0.3173709909
0.3054363117
0.1714618206
-0.2703546181
0.2489814967
-0.05785296429
0.2120924463
0.9835551351
0.3407178532
0.5927047163
0.4388197679
0.4138046278
0.05032681543
0.7442741379
0.5893945366
0.4960740015
0.01546210935
0.4004340328
1.070731668
0.6446328864
-0.03440300291
0.7680376582
0.6772224754
0.1206344182
-0.3247420974
0.03455507252
-0.174829717
-0.2283417299
-0.1718194813
-0.2630678935
0.4560473081
-0.1246246219
0.1649070705
-0.2447910599
-0.02929667607
-0.2186111666
-0.08332742951
0.3293847095
0.2754742479
-0.02468030062
0.1509771146
-0.0968777936
-0.1181220243
-0.3623964153
0.2890413605
-0.1662367014
-0.02540227901
-0.3059614114
-0.300051178
0.2884051003
0.3465865564
-0.1145288173
-0.1270167895
-0.4369683139
0.09826280032
-0.0603969017
-0.1793158948
0.04528499348
-0.1131844005
0.2926760375
-0.06314550303
0.2938845058
0.1033733111
-0.06060734689
-0.2731441729
0.01629272029
-0.2112959638
0.2145554977
-0.1250139654
0.3057583097
-0.3255304955
-0.1621717587
-0.3161243163
-0.3112893783
-0.1059814788
-0.2987180367
-0.2434904084
-0.09340260569
0.1553462539
-0.3492860407
-0.1826495724
0.02592784427
0.1428279009
1.607370041
0.06033440959
-0.09912631903
-0.03190569424
0.7513438754
0.6564371355
0.5151180264
-0.3094567806
-0.3605456553
-0.3478575256
0.785209335
-0.3090121292
-0.08270453326
0.05797248133
0.02494064523
-0.1442184774
-0.149794277
-0.2003406869
-0.3213506624
0.08303533313
-0.3521128006
-0.3263479903
-0.1751032749
-0.03026202768
-0.2611000896
0.4625371879
0.06282683173
-0.3581954952
0.06875930652
1.329454117
-0.3217962496
0.03433256969
-0.1965119973
0.1450983008
-0.1399756031
-0.1867786916
0.2563625395
-0.521774289
-0.2035823604
0.55901029
-0.160313008
0.04310584739
-0.1093647368
-0.1065267388
-0.305889298
0.3650990854
0.5267225754
-0.1748781513
-0.006718232855
-0.1869334076
0.560052464
0.2699697744
-0.3191554599
-0.2464656621
-0.1325872248
-0.2065426791
0.3067301499
0.09416541588
-0.01222604942
-0.3459135037
-0.06941202935
-0.2330277406
-0.2603349984
0.005246061925
0.5525529016
0.14670537
0.6131040564
0.2980632283
-0.1927428916
0.495282001
0.04382736441
0.3730784327
-0.07767981831
-0.1713296866
0.1218373844
-0.1689684749
-0.09081829153
0.2465910636
0.7926100872
0.0195958199
0.07860860284
0.6010334849
-0.2094259072
-0.3686421961
-0.1071943739
-0.4141971156
-0.2022083186
0.09214600883
-0.2578354493
0.0136168181
0.04836610816
-0.2198115118
0.5405238599
-0.1249158226
-0.007135317475
0.3341727454
-0.09548817165
0.7057676896
-0.3032652557
-0.377564235
0.11345761
-0.2823423184
-0.3117954105
-0.1726964954
-0.2876473963
0.2481343795
-0.286647933
0.06761510856
0.4089818813
0.0525497159
0.01514828289
0.1615063243
-0.1691716976
-0.1731156612
-0.2466932081
0.1702761812
-0.04429594763
-0.2297985367
0.0514765582
0.03345062677
-0.1536614249
0.3129230721
-0.1119421898
0.08615887053
-0.06577636953
-0.06713211164
-0.1490675226
-0.1651877552
-0.01200130973
-0.4384720832
0.1126337549
-0.04865038767
0.234963619
0.3584588725
-0.3139447883
0.1546798896
-0.2064001143
0.5350230679
0.03992401883
-0.2093374884
0.01620342359
-0.2269157819
0.691880776
0.2005952146
-0.3478505366
-0.0695179766
0.2494434698
-0.1327888057
0.007616073638
-0.2072434351
-0.3616039723
1.214583796
-0.4134417951
0.2044089532
-0.1075867122
0.1499055657
-0.271029105
0.06233718749
-0.1029519049
-0.07583081042
-0.2559440717
0.07665193453
0.01852554232
-0.2706983112
-0.2139789872
0.5074557845
-0.1672215942
0.3588509388
-0.3015028767
-0.1317097887
0.212498133
0.107301689
0.5360147264
-0.3708851866
-0.183716666
-0.2235333655
-0.2598513864
0.1753731603
0.2960560907
0.07774132257
-0.4882900752
-0.294419994
-0.1360439293
0.5779334202
-0.373783081
-0.0894684393
-0.03751609121
-0.1589702617
-0.2482430711
-0.08475884069
-0.3351768136
-0.07967437888
-0.1703295406
0.1208826266
-0.5053504884
-0.1752629362
-0.2966707602
0.1837356346
-0.2652190804
-0.3698397934
-0.01410531383
-0.2832509361
-0.07599323969
-0.08443941455
-0.07721191752
-0.1822003111
-0.2890618905
0.4157169163
-0.2773018695
0.07095240559
-0.1863119893
0.1547596454
-0.1575381471
-0.1975447511
0.2683686967
-0.1265887741
0.04629332498
-0.1091924263
0.3235113733
0.4286308054
-0.2935944095
0.2364195175
0.1580394998
-0.01921689752
-0.2049874041
-0.2305322289
-0.214763842
-0.1428674795
0.306128783
-0.04197854623
-0.2210302539
-0.1571948636
0.1329810634
0.5882333517
0.1105367256
-0.05233960915
-0.2869384535
-0.2888228662
0.6983687356
0.2018780354
-0.1351855364
0.3916861231
0.1635040665
-0.1127284402
-0.06327275704
-0.297656228
0.1634926002
0.1469359885
-0.2350835934
-0.09988882653
0.05559143964
-0.1661549754
-0.149163426
-0.08602097463
0.06337396484
-0.1106687421
0.006538578309
-0.02053920305
0.4364049193
-0.184836182
0.7766513295
1.002524087
0.03201797865
-0.1442325991
-0.26891503
-0.03880417803
-0.2164512224
-0.08860848639
0.5751063243
-0.1372414914
-0.1993977986
0.2975547381
-0.1581984455
0.1510653874
0.2386214815
0.1416022535
0.06355878282
0.08545719618
-0.3938302711
-0.2942269385
-0.3294117145
0.2177876803
-0.4189494848
-0.331885048
-0.1501750648
-0.2622569669
-0.279611063
0.3471575677
0.02174038719
-0.2427348375
-0.08545569312
0.2124268357
-0.1055933302
-0.2000019372
-0.2157762214
0.3378747731
-0.110589356
-0.1473454401
-0.1634434558
-0.2875441417
0.01121292589
-0.2602722093
0.7531174205
0.3771152684
0.4168289741
0.1898506051
-0.1750799015
0.5144163597
-0.22571213
-0.173568585
-0.04491613228
0.5277629115
0.1445222918
-0.2107278153
-0.3600489154
-0.1842488416
-0.247582864
-0.1805812297
0.6497166954
-0.05692706122
-0.03105119346
-0.1048752104
-0.08079006071
-0.3750017837
0.02203127188
-0.09460220728
-0.1844816007
-0.02617755439
0.04749435019
-0.2585620295
0.007995665073
0.006271440163
-0.1046800474
-0.002396629378
0.0001645663287
-0.4573498115
0.4165312497
0.381560652
-0.2513440289
0.1635226537
0.3159030082
-0.2937998526
0.3469740898
0.2820573568
0.1315518903
-0.2438453957
-0.1926717289
0.1089474571
-0.05764101315
-0.1621373788
-0.3237465993
-0.05646981332
-0.1323377153
-0.132122831
0.005999819096
-0.2022566037
-0.2241218992
-0.02262528725
0.1619148761
-0.2978000179
-0.3782058917
0.2765726453
0.5465337925
0.1265659245
-0.09397350177
0.1482585998
0.6420548089
0.1386819752
0.1411592743
0.1772879117
0.027192441
-0.2529390683
0.06192652863
0.3351596324
0.03964013867
0.5470389381
0.03492048029
0.2591356246
-0.1929001657
-0.1481832817
-0.04160040705
0.1569623848
-0.052523694
-0.1584353007
-0.1879843481
-0.1457196219
0.2141143404
-0.3748146497
0.03122893409
0.4025472465
0.07568723913
-0.1003283935
0.213665529
0.0556978554
-0.2367879838
0.08613113537
-0.01989521869
0.05910535157
-0.1441162013
-0.2557461619
-0.07864227071
-0.2953934133
-0.06869456004
0.4643892959
0.06461803848
-0.2885788724
-0.2138499673
0.3494182251
-0.01290254686
0.6151492037
-0.1216355655
-0.2265695699
0.4619806573
0.06557672974
0.09155434407
-0.03059827117
0.09223283306
0.2372151734
-0.273495432
-0.03467173353
-0.0775264876
0.3671790384
-0.03662283402
-0.1883996092
0.5647119775
-0.06851370111
0.4964591514
-0.3232646488
0.335240839
-0.2522345014
0.1297125286
-9.791944176e-05
0.2534260457
-0.06078036483
0.4571494875
0.2963924926
0.230118132
-0.2449485904
-0.07859237646
0.4239137143
-0.2591703415
-0.1910554681
0.08197443504
-0.1757895336
-0.02868904285
0.04497337267
-0.2049168333
-0.2926261619
0.1298659557
-0.1369305119
0.140686529
1.085745637
-0.1223759381
0.923979038
-0.2338128492
-0.09157677665
0.01746509224
0.05852032918
0.261720035
0.3945330098
0.2698416572
0.01583003239
0.09073548224
0.06221356485
-0.1384482078
-0.1441137446
0.1620570742
1.185116989
-0.01096579973
-0.09894051924
0.02913450422
1.332259281
-0.08456257116
-0.1457337379
-0.07585420986
-0.2738580368
0.1492311434
-0.2275734644
0.68208744
-0.3049486183
-0.3531049788
0.08305099197
0.2747870766
0.2354350043
-0.1918726772
-0.1689012494
0.3601523455
1.025929432
0.5432328843
0.2365282271
-0.1614504516
0.3713364601
-0.3599976093
-0.06859277766
0.3796639647
0.02546632006
-0.2574667513
0.176932613
-0.08275627438
-0.01547009405
-0.3284410104
0.3718778525
-0.1195121409
-0.06646434721
0.3204665468
-0.1774313644
-0.1168929448
0.2456462806
0.07066099793
1.36774861
0.8572626993
0.4090900814
0.3414475103
-0.1682968538
0.4726239229
-0.01476516835
0.2496264264
-0.09857121184
0.6690788314
-0.1081047699
-0.08282719105
-0.09852724578
0.05425783768
0.1664592796
-0.1190458672
-0.01072290801
-0.1544206684
-0.1649317056
-0.2315926932
-0.3000514701
-0.2383406579
0.04202689859
0.05352880415
0.387777422
0.2615442088
-0.1631001256
-0.1541405141
-0.386629726
-0.2627265371
0.08276280374
-0.2637357503
-0.09459904395
-0.3825451665
0.4563333027
-0.03454571567
-0.2283832148
0.1354170019
-0.1995434402
0.5974637106
-0.1752913341
-0.1693887115
-0.09530173941
-0.2748562392
0.021243852
0.3391958252
-0.1308165938
0.3083477363
-0.1846748073
0.1337919652
0.4315261154
0.05092601329
0.2471888132
-0.10446373
0.767038092
0.2485337038
0.4351359639
0.05421481612
-0.2736238122
-0.281633053
-0.1252510192
0.3151853507
-0.08456828669
0.1846374958
0.01279738443
0.3305833925
0.4894376189
0.5362021767
-0.1595562011
0.6941205159
-0.08288339712
-0.1042157676
0.3932206698
0.8381805129
-0.2084269866
0.2156806378
-0.04432163537
-0.1235319152
-0.02906134389
0.01653133994
0.9971288025
-0.05981530435
0.5440417454
-0.1050427495
0.3820695199
0.2685610029
0.3435429269
0.2524143773
0.3771091847
0.1568604389
-0.100437624
-0.06483893134
-0.372035265
0.4563905507
0.09911147878
0.06868180335
-0.08526190594
-0.08663034923
-0.2440118615
0.06609595846
-0.04634306561
0.008814579528
1.622119893
-0.1475220188
0.1479636613
-0.284288732
-0.09902575519
0.3814966995
0.3718020024
0.08293943061
-0.2924658477
0.03832398634
-0.3695879981
-0.1552225215
-0.3787060693
0.3840751674
-0.08142422903
0.2539823242
0.6810411915
0.2650307564
0.5042191938
0.2775309094
0.1468967801
0.1256214293
-0.157805223
0.1880223905
-0.2482449669
0.1843836728
-0.2315406471
-0.2271793626
-0.2262476742
-0.09673139043
0.5963100061
0.8171588048
-0.2292420104
0.5175466582
0.06058526766
0.4810373388
-0.1229723637
-0.03982509393
-0.3720276274
0.2327962174
0.0153887989
-0.1291878814
0.06936203782
0.00172289703
-0.2987635896
0.8829865173
0.4934817534
0.2959997275
0.1030921195
-0.04390697591
0.001322862878
0.01031339802
0.3432753339
-0.1776039248
-0.01172983311
-0.2398445413
-0.28390949
-0.1003659233
-0.1252548061
-0.04645909593
-0.05282603484
0.5028634712
0.4500100706
0.6777598783
-0.03527246136
0.1155032124
0.286096845
0.4166346874
0.5872879773
0.2640752172
0.2012744708
0.5870378464
-0.2197940342
0.1500122578
-0.04554565633
-0.2082541998
-0.2747795902
-0.1839223089
-0.383864288
-0.1242047301
-0.2033710059
0.2164103387
0.261226928
0.2920771316
-0.2225852378
-0.08940309915
-0.276949361
-0.01455759984
0.01947269575
-0.2110986408
-0.2380923338
-0.2648727462
0.4599241948
0.01886736052
0.05110404268
-0.2611720324
0.09282285036
0.3264331728
-0.0184693167
-0.02524197176
0.03549456736
0.04841610901
0.4246237516
-0.01756172045
-0.1293352179
0.5042232761
0.2703733289
0.1223731911
-0.1444202099
-0.2144392161
0.5211920436
0.640472284
-0.04077148903
0.2166137129
0.03818338588
0.09303939883
-0.07376081552
0.3023924982
-0.07831869535
0.1028408971
-0.1037415599
-0.1068795055
-0.005374658108
0.1453804318
0.2875689564
0.4009760527
-0.3642645136
-0.21886274
0.02046628017
-0.2171561092
-0.04222945436
0.4608422153
-0.04233662635
0.3961792931
0.4881080862
0.01728769145
0.2198651241
-0.030224544
-0.05072566215
0.1246073881
0.07549992781
-0.1397031775
0.308795232
0.1867036073
0.836901138
-0.1974889722
-0.2882542171
0.1082167666
0.1538813703
-0.09667601115
0.3241973301
0.01962437825
0.1180229398
0.3384238657
0.7339257941
0.03181673558
0.6507599846
0.1671315368
0.9140112467
0.003344500065
-0.0692297928
0.5302664965
-0.005947671458
-0.01758604664
0.6705145348
-0.02350640073
0.108536128
0.2858330894
-0.1277904849
-0.02203958686
0.3905455992
-0.1017783778
0.05601522718
-0.1217808301
-0.2746823244
0.104051801
-0.08486513007
0.07778486833
-0.1833518719
0.3649712671
0.3732717108
0.5477965686
0.1046350374
-0.2192835279
0.4725098569
0.5340785176
0.1307782584
0.2968785737
-0.1372998268
-0.2950848907
0.4815582439
0.2950839221
-0.1201681422
0.3148973607
0.005548707582
-0.1428991335
-0.05064855032
0.008316484094
0.4638457656
0.0133971747
0.02459131852
0.8068137094
-0.1000168927
0.3995371595
0.2149325153
0.2059890268
-0.2058338776
0.05320616504
0.2418319542
0.1521276774
0.04625185207
0.6401567355
0.3235366176
0.001119589433
0.05293876734
-0.1962311506
0.07383835223
0.4623494968
-0.007789400779
-0.005520504713
-0.02185762483
0.6402736083
0.3063949418
0.4809719462
-0.02341876272
0.06552692726
0.8757795602
-0.1506165629
-0.1517054595
-0.162135084
0.339798291
-0.264865692
-0.05608602576
0.3760247746
0.3169354469
0.08635433475
0.04637124259
0.331921545
-0.1695902951
0.2280685265
0.4125265822
-0.07745595537
0.4676160434
0.4109038172
0.5156425253
0.01062453315
0.2207371101
-0.1408547116
-0.2281323854
0.592215734
-0.3559429526
0.2635263955
-0.2830391802
0.04172836579
0.8566722859
-0.2027988475
0.107978345
0.2161100958
0.1403666973
-0.01591604538
0.06641872572
0.8000793397
0.6772982532
0.2297603763
1.114079171
-0.3399092607
0.6656420998
0.6361736
0.2324462403
0.226902522
0.4973576158
0.04779361393
0.535810509
-0.2779929861
0.2425157163
0.639433948
0.3050813398
0.3307533928
-0.08944209069
1.023345734
0.1557937587
0.5662949815
0.4321593294
1.030424786
-0.08466877304
0.7634504065
-0.3365496129
0.1326218029
0.07192078214
1.729184682
0.477997629
0.706657928
0.6825615142
0.3413671684
1.033735822
0.4222217225
0.1642616637
0.5161396984
0.5346038802
-0.06936322264
-0.2239862591
0.2626412227
-0.04142890889
-0.1446899816
-0.2927092709
0.02769145202
0.2997146923
0.1384105633
0.6437150396
0.3174517687
-0.1142319795
0.4712877169
0.40614191
-0.1255370039
-0.2480773292
0.3418101365
-0.0309318928
0.06402897015
0.2108836374
0.05648087971
0.009751847945
-0.06399146765
-0.02075757235
-0.222516416
-0.3630013421
-0.06927895825
0.2240468234
-0.4336134061
-0.2098779073
-0.09648331683
-0.2860686883
0.3528741453
0.1054902666
-0.1801000275
0.1612182091
0.03182671238
0.1690535342
-0.1814000018
-0.1417995647
-0.08183650225
0.4813405188
-0.04891986288
0.4967228226
-0.1634551235
-0.130384106
-0.2834069304
0.5255257789
0.5252728533
-0.06857181131
-0.07246119566
-0.08031145763
-0.215849404
0.3315814051
-0.0134184245
0.07861381071
0.2046499725
-0.1558296137
-0.3186694063
-0.2442022264
0.7207723541
0.1853156107
0.5757751659
-0.2573757157
0.5989188652
0.2269443333
0.225433252
-0.004096159153
0.1415454891
-0.2146118745
0.135279935
-0.1885481805
0.1552504919
0.4344573207
-0.1571105056
-0.1353569157
-0.2944818467
0.3912752006
0.07623346671
-0.1730777711
0.198054388
-0.1012007339
0.15072836
0.09248821847
0.1456226748
0.1386826515
-0.1851396225
0.1391341569
-0.1013696412
-0.06428785082
-0.04051707853
-0.2042805461
0.4278898433
-0.1722490154
0.04100639187
0.09088681317
-0.06196558643
0.312607976
0.7292074755
0.08996280804
-0.1159834458
-0.3499983862
0.3364906501
-0.125177177
0.6961106714
-0.1394391382
-0.1933533361
-0.1058840577
-0.1557074545
0.03925015349
0.02026760057
0.5262148164
-0.3203114174
0.2424414581
0.5404263757
-0.2950100489
0.2891328268
0.04982088073
0.7483180648
-0.08044316433
0.3588620542
0.3314532805
0.1593131755
0.6017461814
0.009452255256
0.8001196854
0.1597772968
0.2698026579
0.3390723955
0.1625864731
0.4498739257
0.2731936079
-0.01042732764
0.04307644535
0.08884739131
-0.3848100193
0.5700965781
-0.2879590832
-0.0462242119
0.5833058342
0.07361055799
0.2131117556
0.3877295785
-0.07960546296
0.0797061339
0.09226562665
0.07794374563
0.3227467198
-0.02765014078
0.9268977731
-0.00590070989
1.203321565
-0.1615309622
0.9280990615
0.4396670994
-0.1098704023
-0.09705604408
0.260836092
0.01990389545
-0.04314346174
0.2178440503
-0.1053607827
0.2715735
0.7456819043
0.2861585166
0.1235223342
-0.00325628221
0.03543398567
-0.182388328
-0.1954793446
0.1761358778
0.1796580676
0.4593753494
0.1028419206
0.1007055078
0.2906047381
0.5065944314
0.3899675805
0.5520470724
0.977357934
0.1483879676
0.4725159883
0.01164883804
0.3750183601
0.128963592
0.9948196635
-0.1284739695
-0.03244539071
0.02582232933
0.01738973185
0.2406846818
0.1256525338
0.125442135
0.05156047689
0.1770932479
-0.03194914348
-0.09586381475
0.06589639541
0.0264827773
0.2442663204
0.1449355487
-0.2264555864
-0.1316470925
0.5574720534
-0.07963611111
-0.1791526318
-0.04963473044
0.04514263151
0.4976256467
0.1105139751
0.2583973691
0.8578481883
0.3782704785
0.1593117798
0.2283913402
0.2162773186
0.2543019797
1.049360889
-0.1925414035
0.1669494268
0.2497585244
-0.02192010302
0.1069903079
-0.1872509163
0.02928509889
-0.04371857774
0.7413996421
0.1638889251
-0.007296913862
0.1663850501
-0.01405514348
0.4753468286
0.6538242936
0.01021739785
-0.1571961077
0.2282172695
0.6899621479
1.027502449
-0.1297174038
0.6587014003
-0.2019355353
-0.1540591311
0.5018733919
0.3490742125
-0.1227999573
0.7033013403
0.2314795103
2.261838502
0.1095707173
0.1550024115
0.5415670186
-0.01630465668
0.08104612837
0.3398846451
0.1081769189
0.01870726682
0.1526283523
0.0769997865
-0.05712287817
1.038598311
0.2070204226
0.1183254628
0.3765940271
0.8200676911
-0.1456503302
-0.0509164175
0.2701864937
0.1083567371
0.912285243
0.5125534859
-0.09784071464
-0.234851189
0.03119022511
0.05733995223
0.1004370562
0.4078821044
0.209565565
0.03309093341
-0.003749786317
0.178216736
0.7528287023
0.2423416527
0.285107388
-0.0008245319128
-0.1270132003
0.4572921349
-0.2833136082
-0.08160952479
-0.2267203119
0.00822940357
0.2033322509
-0.003203235008
1.121587791
0.1302315387
0.9352820918
0.3829667091
-0.09705034811
0.3031672669
0.07290951461
-0.04904008079
0.4565230042
0.1914539021
0.6055372447
0.7782416031
-0.01117619309
0.5830731615
0.3250958664
0.6285960101
0.01061147051
0.284963179
0.3686259415
-0.08980064914
0.6226324894
0.4527334291
0.1781590476
1.009305435
-0.07350075087
0.008721218957
0.6665728383
0.5296259861
-0.05414127577
0.2199670716
-0.146130955
0.9132894799
0.4857822202
0.1907083252
1.337341866
-0.1675216727
0.05574144386
0.2902878569
0.4436845265
0.04684218429
0.182646185
0.1054001029
0.07223323062
0.3866158314
0.2813007683
0.7466468342
0.6619176984
-0.01147260843
-9.685242549e-05
0.07210097965
1.517767803
1.18283492
