-0.2102565825
-0.09506424572
-0.0004918333143
-0.1245026874
0.2484281236
-0.2424575899
-0.3335181873
-0.4999738112
-0.3628896359
-0.8731540129
-0.7757825255
-0.5081492618
0.6428303279
-0.2632503803
-0.1514434147
-0.3925233707
0.2524473872
0.4331307862
0.6366754621
0.6756061837
0.5333969608
-0.1977364836
0.4467968553
-0.07880193251
0.6304164708
0.5888911605
0.1187057516
0.06589259459
-0.8485751033
-0.8443927571
0.04936111663
-0.1594060227
-0.2841003343
0.008225458628
-1.205725166
0.08482341729
-0.2911203977
-0.2733914606
0.04908018354
-0.1922233509
-0.5732330978
-0.06800375953
-0.8291466147
-0.6929313511
-0.8508761972
0.5003960855
0.4771562636
-0.3514566295
0.3213360284
0.3891740397
-0.2237092266
-0.3318669669
0.7257214971
0.1758532273
-0.4366554864
-0.5547726095
0.3535085738
-0.4406236216
0.2583612729
-0.4162087057
0.2970532894
0.3735768024
0.9091445982
-0.4310789391
0.0610916011
0.7420249313
0.5712634191
0.298752512
-0.2890169002
0.7512297444
-0.4224317379
-0.1765727285
0.2077424211
0.1696274597
0.3222622085
-0.3315868784
0.1409838628
0.004529896565
0.186617245
0.9185726479
-0.1890931886
-0.1019259
0.2002665102
0.3353646271
0.004580053315
0.02940636277
0.4386068325
0.08511071671
0.3036569957
0.4045333914
-0.1759897695
0.2115758236
-0.07662674077
0.8117551401
0.1731387861
-0.3497552257
0.8061681695
-0.2355233589
-0.2838391554
0.1220745705
0.4883992434
-0.06731219562
-0.4244369045
-0.6349792108
-0.1503024362
0.01719577638
-0.1160884831
0.2854728401
-0.008999432623
0.2459817205
-0.03629135564
-0.1494501103
0.7611760035
-0.2166306391
0.3057986666
-0.08143035658
-0.3547379985
0.3491193261
-0.5850243762
0.1912482539
-0.8105977319
-0.5719618395
-0.4225685947
-0.3103493828
-0.3695185286
0.5556035325
-0.2610753588
0.1721776165
0.3253613535
-0.6140687704
0.5211528011
-0.3731945049
-0.03973080143
-0.3276353195
0.6681711063
0.2804840598
-0.03497176599
-0.277276401
0.6652871624
-0.7442172676
0.1033477807
0.1594358813
-0.1733453304
-0.02906013783
-0.3219518255
0.1640580648
-0.1700071769
0.1181308212
-0.03195444867
0.04486907963
-0.5651821449
-0.1958253624
-0.1167568013
-0.5559311509
0.003355242312
-0.5902537428
-0.4664922927
0.4879411109
-0.07291117832
-0.04439140558
-1.038304913
-0.3215602219
0.05697005466
-0.3610395432
-0.7016440511
0.3358812891
0.3193897238
-0.1506323235
0.555401285
-0.6168893799
-0.1363314897
-0.6130503245
-0.1199584726
-0.3085070081
-0.3336464487
-0.5424780086
0.6470940515
-0.1040718833
0.1921279255
-0.1525683885
-0.4052479982
0.0580949991
-0.2569194317
-0.05319917705
0.4621051382
-0.1042943062
-0.7480261296
0.7413846567
0.118656959
0.1885252654
-0.2697570551
-0.1608471114
0.7656559616
0.09157337751
-0.418918483
0.05485185962
-0.3501277819
0.01958436575
-0.5243156537
-0.1569092516
-0.5220361724
-0.2095357571
-0.5474353045
-0.2252553182
-0.6385264397
-0.1388805547
-0.1561944707
0.4705207124
-0.5680766366
-0.2042252954
-0.02070490522
-0.05561035685
-0.3810261175
-0.6502382815
-0.3146688163
-0.3191325583
0.1346171726
-0.2502481166
-0.4640758589
-0.04373752233
0.08791684415
0.3944026921
-0.2231582955
0.2612745415
-0.1194458643
-0.39721132
-0.844612363
1.367208375
-0.3275055829
0.009216986317
0.5181183934
-0.4377189666
0.3035032969
0.1068051782
0.3524490681
0.8575232342
0.261517369
0.6055804044
-0.02081411444
0.06088603251
0.5114465557
0.07058088775
-0.2451218508
-0.2222445093
-0.4211164229
0.4092720233
0.4085138135
0.354996828
0.3563653849
-0.03783206064
-0.1253178778
0.1576683439
-0.6927329496
-0.1316580683
0.2541429315
0.5057560708
0.8300751373
0.5348947044
-0.3745811367
0.3241182663
0.1475525248
1.053098211
0.7839442208
0.2649318382
0.03697901489
0.1069775146
-0.1631263904
-0.4577236593
-0.2515380025
0.263544172
0.2930837579
-0.4691065658
0.9456157058
0.6162458396
-0.4635697931
-0.08295175675
0.404270076
-0.04257480986
0.4113471873
0.01658873335
-0.3745407112
-0.4055232421
-0.1579358149
0.2301077254
0.7682516247
0.08243748732
0.6476421997
-0.2451543115
-0.1459422311
-0.09963281639
-0.7217513427
-0.01199775543
0.0990091566
-0.2625833347
-0.3305829797
1.188889448
-0.3570091933
-0.1430156942
-0.1048295487
-0.3258951891
0.84469385
0.3638694432
0.2807893693
-0.1830863109
0.3080176268
-0.407828407
-0.1834525724
0.02313611507
0.01468339767
0.4134236764
0.01098968908
0.1422364828
0.346690502
-0.5409419969
0.1464218415
-0.5005942464
-0.426133845
0.2648341354
-0.09085429292
-0.0548971314
0.1631151211
0.5019436762
-0.09826575192
-0.7029300094
-0.1332410663
-0.04767969325
0.1780440159
-0.6828309834
-0.2426084723
-0.02328696726
-0.6368442237
-0.6934240848
-0.140338373
-0.1955975395
0.8281429868
-0.2916786779
-0.08954345239
0.8995521184
0.02696834924
0.3489842791
0.6699116081
-0.4023859382
-0.01316467728
-0.3418240935
0.1047685798
0.5281812638
0.2018939178
-0.05452435575
-0.02426351085
0.3620376803
0.4629478924
-0.1942564804
-0.6578291774
-0.3223836895
-0.1465333752
0.1434406927
-0.780614379
-0.1902430271
0.2655685529
-0.1726558654
1.360487485
0.0003277341835
-0.2660902023
-0.0839297221
0.0830924741
-0.1925310101
0.7457703963
-0.2210131472
-0.08952023964
0.1726756355
0.02613153923
0.4095779501
-0.6884440511
0.1975255836
0.02435956635
0.2220988486
-0.1357721284
-0.4016038686
-0.2648425784
-0.217216922
0.496444618
-0.4230947055
0.464527531
0.4051076923
-0.2890071847
0.2792760819
0.1416541417
-0.3051617034
-0.1741384802
0.03896593936
-0.415101799
-0.6140326113
-0.7774544619
0.4329544459
-0.2476560023
-0.5292656377
0.3011178123
0.027083412
0.5108013026
-0.7832819581
-0.3707029797
0.2200656801
0.09536711639
-0.5675706044
-0.1312388632
0.6592643209
0.372566624
0.168024347
0.0573890456
0.007916387171
0.2785061192
-0.1468167998
0.5897299785
0.1775591129
0.5097503792
0.8586630203
-0.5079025902
0.5377563983
0.3311860003
0.7799890861
0.8284744263
-0.3599744909
0.2398722726
0.1133331506
0.37714389
0.7200801536
-0.2220492352
0.2630265678
-0.0131949774
-0.1020865124
0.6973293521
-0.07167722918
-0.004503239226
-0.5034218118
-0.1268906058
0.1000683688
-0.0621973075
-0.9002308249
0.7253845379
0.5899235204
-0.08708998766
-0.2560524985
-0.1276164286
1.032703592
-0.02636570456
-0.1500289625
0.0006389010698
0.1829317843
-0.3514760025
0.3341372114
0.02122787368
0.211936583
0.6935730435
0.4709985819
-0.2272741962
0.9279747292
0.2688918531
0.1017541999
0.3568255447
0.005795790628
0.512212801
0.6638765879
1.812994862
-0.04636109602
0.09465913251
1.0385838
0.3463834662
0.1616378199
-0.1191536364
0.6425654516
0.0182586981
0.5334286068
0.2288314067
1.118214116
-0.2284195684
0.1070321515
0.139935184
-0.374066003
0.3974258639
-0.4848529212
-0.2094157599
0.2662103331
-0.2202520125
-0.3998230308
-0.03445503302
0.4736883864
0.04489716627
-0.1806104871
-0.490662618
-0.5584361956
0.64918264
-0.3002900887
0.3013982095
0.2238558734
-0.02877606889
-0.01880127471
0.1027830893
-0.2944333285
0.3107914551
0.1749603782
-0.2176968771
-0.3571004719
-0.2119607265
0.09405990075
0.2781554382
0.2887764361
-0.4338243682
0.1271295114
0.2237714099
0.2935342755
0.3995236657
1.032816827
-0.2078973591
0.7428280875
0.6858192697
-0.3759813242
0.411658603
0.03054244192
-0.207708
0.01513372026
-0.1068965577
-0.1106717478
0.2192151136
0.6898212656
0.4484409958
-0.2714544654
0.3014058955
0.4124028448
0.1500179093
0.2159869462
-0.1768219345
-0.467620489
0.1457894251
-0.05642631166
0.69565989
0.1490201836
0.97895125
-0.1126704069
0.1337666077
0.9813327804
0.3282280846
-0.1266054796
-0.02794581447
0.4018504888
-0.4431572795
0.1771004768
0.1221641561
-0.2388537897
0.4916679718
0.9115923315
0.5975879803
0.2146433163
0.1017558333
0.7636881277
0.3202625684
-0.3464065831
0.7521591693
1.405977347
-0.4901779767
0.6662136942
0.586590955
-0.167005978
0.837051709
-0.06955269696
-0.03576477803
-0.08725222498
1.182848269
0.6791455105
0.6759480506
0.84245601
0.7669282965
0.7277916666
0.9754673272
1.135729659
0.6115367621
0.6879349008
0.937969856
-0.148984887
0.1719193975
1.141179657
-0.5069855668
-0.4910233706
0.7343243461
-0.01909766197
0.2868731787
0.3787357084
-0.3806318082
-0.06056393627
0.2657981969
-0.2790283795
0.009937800094
-0.7264667124
0.6146604434
0.4792235993
-0.2222158726
-0.2497891143
1.374556684
0.3776029669
-0.08110951055
0.2865344116
-0.2761197984
-0.5194265209
0.541600322
-0.5969541982
-0.07578278501
0.5679708175
-0.3928701669
0.2583682042
-0.03368733209
0.5089274831
0.329402546
0.1505399805
-0.1071646318
0.6481252283
0.8471648358
0.5577210698
0.0319066633
0.371975277
0.108477927
-0.2259321276
0.1848322269
0.8047610804
0.4968355831
0.3071028013
0.4371031005
1.205839586
1.252484781
0.1556584924
-0.4250570551
0.9315720037
-0.0056332279
0.472774474
0.4389910087
0.06183486758
0.5287920915
0.5701103233
0.5659242202
-0.3807092279
-0.1209459729
-0.07852299903
-0.03950937837
0.9178304955
0.7334848166
0.5057591826
0.1801294544
0.03884139964
0.9146943003
0.3618359493
0.2631240355
0.1058469454
0.3659726411
-0.2581963187
0.6857040681
0.480405046
0.4972958118
0.6068294276
0.2005412403
-0.219752788
-0.07563421242
0.02913285084
-0.0841827048
0.03546173498
0.7678514987
0.01374351326
0.07466793023
-0.04007011876
-0.6125134751
-0.7064652991
-0.03706884459
0.3640980177
0.1911790314
-0.2997103252
0.3407885637
0.03841418363
-0.4418215828
-0.5507628575
-0.04833166488
-0.2784262974
0.3576397933
0.2510884848
-0.5230042398
0.1550950809
-0.2513728026
0.3881776281
0.2210209895
0.2837809149
-0.1433320888
-0.05121572288
0.0370777335
0.9835263625
0.4428133234
0.2426127661
-0.2688157499
-0.04913362227
0.9235064715
0.1969549198
-0.4377348676
0.7117312804
-0.4997137465
-0.2583566163
0.5557824358
0.3293070747
0.1052395355
-0.06683031693
0.239959712
0.3413722984
0.1983731655
1.28255351
0.518527478
0.468218426
0.3327508282
0.7059150994
0.6071321853
0.1924319524
1.375050327
0.1741252856
0.5708064999
0.1565157397
0.3648614917
0.4898494125
-0.2058077955
0.9943678975
1.052671005
0.3863261621
0.3366057539
-0.4314538375
0.08798724301
0.5111143809
1.372315758
0.6636022419
0.7131834034
-0.144901341
0.3868519966
-0.5606644742
0.282144974
0.2031202944
1.285617888
0.3056164598
-0.01506012357
0.4364878662
0.4888304733
0.3120509733
0.7677807286
0.4493804131
1.0219493
-0.1816635383
0.6264119979
1.732711792
0.7650110602
0.7601470098
0.6900769584
-0.6452399641
0.6963408224
0.05404462665
-0.01978582311
0.3205892704
0.02006607726
0.4114942372
0.05726285977
1.22481271
0.2975680802
0.4559511751
0.9503023878
0.6721103624
0.1331669867
-0.1110250261
-0.4121428989
-0.6273556978
0.35121172
0.9075305864
0.6074266769
0.9601200052
0.3189446367
-0.04363238513
0.6934215501
0.3820598219
0.3212886967
-0.008399669454
0.09950120896
0.3003107915
0.7907406047
0.4528402366
0.1303261963
0.1891069667
0.2959498346
-0.1528057719
0.04317044355
0.05120177465
0.1723489832
0.6495617747
-0.5537889838
0.2867663816
0.1348661218
0.4427449934
0.4402485477
0.596267496
0.2640781384
0.2059288818
0.0342319868
1.530573225
0.101891551
-0.5661189869
0.03951546298
-0.03331263778
-0.4408335745
0.0905010975
0.3664909441
1.173857102
-0.1567155706
-0.6614287227
0.3350056846
-0.3835641623
0.5676860236
-0.3970840894
0.08896946423
-0.4940300867
0.0415440958
0.1569020532
-0.1777784981
0.1437103258
0.5084504548
0.3240590457
0.8622541487
0.6401901044
0.2484743366
-0.005335530825
0.3443007916
-0.4591398671
0.1094395189
-0.5573579043
0.7013566189
-0.2098206051
-0.3296466447
0.4719089586
-0.2231620681
0.0632961303
-0.6652942009
-0.2678653263
-0.001794019435
0.502237533
0.3212750629
-0.08570745252
0.3353787085
0.1746774871
0.03050877233
0.2141156323
0.0156049747
-0.5975754172
-0.2628660727
-0.2688960485
-0.1628004462
0.6034073453
-0.3021388788
-0.217131044
0.8658282727
0.147980345
-0.08273525238
-0.01582586113
1.049349146
-0.654987368
0.9631670114
1.294688872
0.03564385921
0.6930917956
-0.09668886987
0.5772353999
-0.2189811155
-0.2827935796
-0.3552134294
-0.1117733121
-0.2265750255
0.5972012684
0.8569791228
0.4388064783
0.8334912717
0.1086083885
1.024534124
0.8268566564
0.4717448086
-0.03286624574
-0.1940863689
0.5868451849
0.06745161433
-0.5586768925
0.6546009578
0.3374875043
0.5360711992
-0.3150699251
-0.1798239689
-0.2436958898
-0.01239272226
0.3220017485
0.03818116887
0.09559799666
0.3268772616
0.3563535862
-0.05566773415
0.1370829602
0.2386565813
0.3461118069
0.3906374931
0.3189655114
0.5149193041
0.3177483894
0.05874923188
1.694811982
-0.8172982797
-0.4959561795
-0.09367957562
-0.1550947446
-0.2918266833
-0.2035374252
-0.5996596098
0.1639280573
-0.2630774193
0.7788009718
-0.4732571542
-0.2670178071
0.4897834785
0.09357967228
0.07623810172
0.01632795236
0.467886629
0.1096216369
-0.3281350322
-0.2842998771
-0.1953746386
0.004932285286
-0.0730690429
0.14685493
-0.1609908305
0.1128560785
0.1942642473
0.7860371023
0.5486542203
0.1928961981
0.02018244267
-0.3118044809
0.1306796806
0.3248304024
0.5741216425
0.5837387443
0.6416001718
-0.1797518429
-0.05385379493
0.107782379
0.6578755639
0.3566252628
0.2282295885
-0.5532992385
-0.1260770807
0.1987944974
-0.553482905
-0.4805719778
-0.1975513468
0.3632102109
0.04796363637
0.6957670473
-0.1208173212
-0.09190227203
-0.2318924733
0.2666788664
0.3019992143
-0.4353349552
0.2905718409
0.14612578
0.4206934795
0.147753926
0.5761121295
0.3933018472
0.1191121394
-0.01627253797
-0.5324507877
0.4685396511
-0.1000826754
-0.3995298885
0.08866149355
-0.1733620852
-0.8411419332
0.08733717073
-0.2924074845
0.06344006583
0.4860216931
-0.2960818047
-0.1550592785
0.1069047211
-0.2082509095
-0.2572844226
-0.05560759436
0.3333082568
0.7094949171
0.01151332967
0.2407446824
-0.5943790071
0.1543561895
-0.5335763454
-0.7206416398
0.1655952914
0.05705583729
-0.2105441853
-0.6980081379
-0.01149814008
0.9963313133
0.686974825
0.706361708
-0.7752670541
-0.2526972603
-0.5831408232
-0.5385717873
0.08969275709
-0.6637215361
-0.3738439463
0.01327037569
0.401570265
-0.4211089849
0.1781306151
-0.03344666846
-0.3044160971
1.007771957
-0.4134946339
0.3725956636
-0.3116654065
0.3842678905
0.4044114724
0.1192893445
0.1258155312
0.6203330982
0.5021321863
-0.03206006344
0.2108743597
1.205472577
0.563099961
0.4928439375
-0.3127460867
0.1043513294
0.3299485989
0.7345559627
0.3073525356
0.9872515261
0.2462544843
0.09483802542
0.7874241978
0.5823603339
0.391435153
0.05997400731
-0.1780607436
0.4798759744
0.001700755395
0.3452908717
0.7334847659
0.1769288764
0.1238259387
0.1855479136
-0.1261133367
0.1618427233
0.6787379205
0.5589345172
0.4188080437
0.6737624809
-0.141063793
0.8924305514
0.7596867725
0.5340636395
0.5060945347
0.1053106759
0.09856234854
-0.009874427132
-0.6826897085
0.1766499441
-0.1669165096
0.9216945052
0.2577981632
-0.09328518398
-0.2911215849
0.6790388301
1.290000215
0.3575207502
-0.08430524971
1.031141698
0.166825969
-0.4426072497
-0.2169453713
0.5481775954
0.5847148214
0.29070208
-0.2152401866
1.685041243
-0.2441476282
0.2174598727
-0.4531437725
0.2933383435
0.3878873184
-0.3898822337
0.256208111
-0.05853600986
0.0004670021124
-0.3004545167
-0.4703633785
0.4886131085
0.6235090846
-0.2938691363
-0.04730174094
-0.09080484677
0.04126730375
-0.05931059252
0.4173224837
1.055506411
-0.1950557847
0.3027485773
0.3845056579
0.1669454344
0.3672891334
0.1697052299
-0.4119198579
0.3959363142
1.51465213
-0.3064283993
-0.1948235512
-0.2983633775
0.3760967165
0.4262611434
0.8336078681
-0.1651775222
0.1945747759
0.3784378882
0.183313027
0.9224754572
0.02013168852
1.924046487
0.1296094719
0.7154531181
0.4232195158
-0.1577921933
1.098601221
0.3453253496
0.5755342573
0.3763481002
0.2171534646
0.3862172784
0.04108014926
0.6493453503
1.218513468
-0.3413122542
0.1003512096
0.782974714
-0.07305418076
-0.08896534899
0.5695704781
0.8355520457
0.4923664406
0.450369709
0.9658307672
0.3236106144
0.5204455152
-0.215416104
0.6785948791
-0.110794466
-0.07987043317
-0.01563092563
0.4399468012
1.264142959
0.4314463347
0.8452621816
-0.4631982885
-0.5465621691
-0.1375384454
0.7815643013
1.011538586
-0.2026447983
0.9236175485
0.07545088828
0.7749111496
-0.4418564934
0.4620848611
0.1038097084
0.758645758
0.1649700116
0.525297834
0.4531878587
-0.07943715956
-0.04700495582
0.1994867772
0.1907969438
0.9722621083
-0.07306510303
0.2851959984
-0.1622914527
1.081655043
1.05170206
0.6496706948
0.1700745977
-0.4626158591
0.06095020995
0.2324966215
-0.07972651469
1.338387498
0.01564279771
-0.0752929097
0.8210567392
0.4299522255
1.290406182
0.7985437082
-0.02102766577
0.05273488965
-0.4280241936
0.774117139
-0.07170882896
0.8302423984
-0.4089389898
1.009063497
-0.1255021395
0.1759708516
0.6574809544
0.1175832473
0.6033374757
0.1712448394
0.2439821183
-0.2089656275
-0.581657733
0.3324457774
0.7387677103
0.6509005103
0.4793728441
-0.3022330038
0.489473407
0.6597252116
1.198335204
0.4731426816
0.6089681938
0.9209729508
0.5694694631
1.070953283
0.2063014407
-0.169615712
0.4901189774
-0.2186815374
0.5455920793
0.60902417
0.6022947129
0.3829241417
-0.2109447531
-0.3048209775
-0.3600681603
-0.3751710489
-0.05550926849
-0.3848414391
-0.1469002433
-0.01425533481
-0.813965413
-0.1753627194
-0.024663876
-0.3372116394
0.1036168899
-0.1777375299
0.5717122629
0.105460096
0.1090191646
-0.1002081707
-0.2867796093
-0.5555180907
-0.2584920868
0.01906790873
-0.5768654585
0.1547197308
-0.4916708328
-0.645694872
-0.3684854448
-0.03628068315
-0.5843889311
-0.3332791099
-0.1438054041
0.2113970019
-0.02927087797
-0.07938804273
0.5594576076
-0.0814707838
-0.9306411803
-0.004507745616
-0.1510572679
0.0843541842
0.01847988591
-0.09854681771
0.2791933924
-0.6161281496
-0.4000922814
-0.233286895
0.2678213157
0.3814922228
-0.4364132822
0.09340393362
0.2109672606
-0.4140501946
-0.5802200764
-0.3664962772
0.1681827797
0.1645605134
-0.154068121
-0.5077134162
-0.06198353264
-0.3172683422
-0.3192953775
-0.2474247978
-0.100817886
0.3088185592
-0.04530497864
-0.2276698748
-0.3291478541
0.5762761179
0.3923387539
0.03333514836
-0.1886026591
0.4721667454
-0.05300891232
0.08805276928
0.5491722271
0.3011208773
0.6489814475
-0.3791129645
0.5738133162
-0.2226147655
0.1388822122
-0.5850850819
-0.6175190553
-0.6573147282
-0.3505171064
-0.1820278302
0.1528978677
-0.2826605804
0.4121007614
-0.2335557169
-0.5353844076
-0.2295514096
-0.7028458625
-0.3995441347
-0.1764851149
-0.3801749498
-0.02726546749
-0.1915099911
-0.1975540236
-0.1178753641
-0.3204955626
-0.1165943198
0.03955079708
0.08952088491
-0.1921119027
-0.1899672681
-0.1514091207
0.04015478976
-0.8170993119
-0.2206750799
0.2435508168
0.5835721016
0.2128499616
0.2991029173
-0.08230021847
-0.3831266239
-0.3160401665
-0.6776810914
-0.3883474156
-0.07402580623
0.4075855806
-0.0003433760256
0.3674559738
0.1234650541
0.08586481102
-0.5384736732
-0.34555002
0.0303109359
0.03762085661
-0.5459436662
-0.1018092068
-0.3283984516
-0.01657387298
0.1736790258
-0.5753803134
0.5655336073
-0.01445452552
-0.1356188014
-0.4657447398
-0.2162736077
0.4726067014
-0.3438973825
-0.03182599498
0.371635044
0.1827087221
0.114593604
-0.3910308912
-0.07331517898
0.6309912205
0.6225954182
-0.03121278789
0.6659996048
0.2958763461
0.3639519613
0.2493934842
0.06569077633
-0.2068955334
-0.2613779388
-0.6251777276
-0.1663395496
-0.454280426
-0.07145242393
0.1034354009
0.5233368643
0.3641031194
-0.1362631734
0.3885427993
0.1935651252
-0.2424681736
-0.1858236838
-0.2934505057
-0.04047732782
0.5685182257
-0.254133353
0.4064898126
-0.2211353566
-0.3824930757
0.1133349286
0.08175621368
-0.05042111399
-0.5799360201
-0.2517156862
1.068129513
0.03460050356
0.3126158822
0.3643612474
0.3834213391
1.000762096
0.4512281772
0.3709717084
-0.09209872461
-0.2122943621
-0.02129948437
0.254980275
-0.06522609349
0.1397748807
-0.2955734693
0.1829631316
-0.5846783087
0.08487946503
-0.6067022055
0.03673202107
-0.4891497005
0.907512632
0.7667653024
-0.3795815455
0.2439560439
0.5384634314
-0.582290455
0.09060280463
0.13076728
-0.2772380777
-0.5769841895
-0.09246502705
0.2276427392
0.1064268945
0.3204891959
-0.3476383731
-0.2928607412
-0.4682373434
-0.8149420053
-0.05288107172
-0.3629695971
-0.1149644909
-0.2189087579
0.3448150977
-0.1980254971
0.4904704839
-0.4253989566
-0.4233654365
0.3102385145
-0.2638103489
0.3865850132
-0.1511990106
0.08978375709
-0.6580831602
-0.2400666071
0.3228774402
0.02195367799
-0.1723555585
-0.2512593936
-0.0424419459
-0.08045741189
0.132715543
-0.7243177399
0.1760047754
-0.2296385985
-0.8544640273
-0.1921717053
-0.4170734465
-0.07644369416
0.5237911917
0.4943489559
-1.009263942
-0.1532948345
-0.6273575693
-0.1203692785
-0.3726925135
0.0183899302
-0.5191201463
0.4115313128
-0.4041780919
-1.130363423
-0.9293797463
-0.3503424332
-0.393406073
-0.4321851797
-0.639470055
-0.3840569064
-0.05638059359
0.006319885142
-0.7426130973
-0.3439412922
0.1260753723
0.1924815029
-0.05856332723
0.655056639
-0.66038118
0.632568723
-0.02214244474
0.005103292502
-0.03579557333
-0.01609651819
0.206840989
-0.3194177561
1.196706998
0.5652614888
0.06961199082
0.08775863014
0.7381543044
0.02930081859
0.5746274747
-0.3866210848
0.3425827561
0.7781287268
-0.297068698
-0.2658338234
-0.004964889027
0.2895813291
-0.4123784639
0.1972897736
0.4043762729
-0.4826056883
0.9003331184
-0.287118648
-0.243854353
0.7587667096
-0.2214848517
0.1699204842
-0.1784703469
0.4929420479
-0.4261328682
-0.2508954968
-0.3360428255
-0.1981996104
-0.1178767497
-0.02799828928
0.2626343654
0.1985241927
0.7569075555
1.162638077
-0.1952226784
0.3540355325
0.2571081301
0.5270430744
0.5694572646
0.1251523704
-0.2755262986
-0.861828959
-0.3753943846
-0.997918418
0.08523694873
0.4099725418
-0.1955972468
0.8056967296
-0.2908290619
0.2029859323
0.04466477111
-0.2046764152
-0.3429510389
-0.3220476624
-0.2566037539
-0.6050396711
0.005648380145
-0.5049666353
-0.3754102979
-0.3258215535
-0.1768216318
-0.1831862016
-0.0755453486
-1.125697556
-0.2593919478
0.3493917938
0.1307567168
-0.7834535733
-0.1263044272
0.895097284
-0.4950679958
-0.5133702509
-0.6198066816
-0.1175368451
0.1889071809
-0.1570797525
-0.304903537
-0.8614410013
0.284281031
0.3477086447
-0.3545338504
0.02385376506
-1.024818119
-0.06153447926
-0.07807170022
0.2557438457
-0.3554121573
0.06791063175
-0.7106731825
-0.1784466207
0.06111760233
-0.379618977
-0.08265296184
-0.4648896992
-0.400694111
-0.01322697382
-0.8207248926
-0.3157675982
-0.199482871
-0.5091328785
-0.3165533671
-1.021357286
-0.2376437694
0.4130721495
-0.2578188589
-0.328700088
-0.7087639764
-0.2233225886
-0.5835741237
0.2346942067
-0.4660133436
0.1136481222
0.4319922708
0.6821750358
0.02382086478
-0.55483381
-0.2352261629
0.06577747427
-0.1810998339
0.08326672502
-0.02707109079
-0.6820644155
-0.3352491882
-0.6477906078
-0.4589355305
-0.2060897095
-0.3734622534
-0.06665819427
-0.8962082207
-0.977384156
-0.151907571
-0.2998297065
-0.4842303857
-0.5904935136
-0.2392244518
0.3610276815
-0.196597885
0.1226938869
-0.4084203333
-0.2054444067
0.223204424
-0.1019731056
-0.2987610271
-0.023173525
-0.3580032021
0.002418605052
-0.5135473408
-0.6461920753
-0.1715027364
-0.3092925305
0.06063296068
0.3429712873
-0.3175942503
-0.2746068176
-0.3227569763
-0.2184183516
-0.2221367121
0.357025432
0.04496750683
-0.3393366518
-0.08041434996
-0.226824455
0.4339164052
-0.5389734343
0.5059457462
0.6872364968
0.6368604757
-0.3895920381
-0.3631865364
-0.05283564385
0.572663635
-0.7393886611
-0.1413467083
0.01596047264
0.0007058629766
-0.7788212895
-0.0310223788
0.1088109052
0.6656869724
-0.4999327205
0.1231074406
-0.6322366953
0.05899457019
-0.07323159128
0.3389543392
0.6043915559
-0.4927388847
-0.7954222918
0.1810895259
-0.3211078525
0.2775561303
-0.07408313993
-0.2163480436
-0.05059101395
-0.5741480634
-0.5724602133
-0.2245779113
-0.04622178227
-0.4110227853
0.3344273753
0.2262765769
-0.08913704026
-0.195060073
-0.01179972496
-0.04589990471
0.3763560124
0.445796465
0.1009944852
-0.5013846606
-0.1190226658
0.06821998386
0.5385632051
0.8986447226
0.6483819092
-0.2040925488
0.7157913204
-0.04487021584
0.9357840404
-0.2898081938
0.03677061237
0.8479960322
0.844949986
0.1757907899
1.072422707
0.3368499439
-0.0610339649
0.7977118343
-0.4044770956
-0.3521640122
0.4245462045
0.6547928963
0.5554484561
0.1123105815
0.3510948554
-0.0559755994
-0.02943170769
0.102974762
1.098320144
-0.1282165773
-0.2789463203
-0.4190376528
0.9083958626
-0.1925167342
-0.2160596689
-0.1524577372
0.2450562991
0.2047759335
-0.2802772712
-0.2172666034
0.5279384851
0.8113070309
0.0714838081
0.2709190795
-0.2620427907
-0.3551765107
0.5043364234
0.0133677491
0.8099373654
-0.5085839812
-0.1589960225
-0.55119057
-0.9241518527
0.4250424385
0.2125392165
-0.1274454284
0.2918547282
0.2365882037
-0.4377819113
0.4402230594
-0.4259196073
0.07197190188
0.1630994163
-0.2277897723
1.264894776
0.1655905258
-0.2475989789
-0.1058458705
0.1489503577
0.4539096567
1.32247315
0.1508937357
0.2967517532
-0.401200524
0.008144848328
-0.2031149196
0.1575785954
0.3578425199
0.2661762677
0.0420293374
0.5392267875
0.5717094623
-0.1768121354
-0.729559502
0.630452754
-0.0414491605
0.5721348502
-0.4564319029
0.5507118888
-0.888389156
-0.2134766681
-0.1917085521
0.7673600316
-0.2178804532
0.3731711797
-0.06443476528
0.01631420981
-0.5387266077
0.5611454308
-0.3007522778
0.2388566807
-0.2598690178
-0.1152216829
-0.3249025308
-0.1478610456
-0.4019022956
0.4218731178
0.3586178973
-0.6364646316
-0.3939740658
-0.342000116
0.3884248743
-0.05297364164
0.8713746116
0.1588881012
0.6276169848
-0.05330988206
0.1262837742
-0.03713279301
1.128073295
-0.434986186
-0.2065844491
0.4818512507
0.4456120513
0.4496071074
0.8412236176
0.7238291398
0.7514545366
0.8054840997
0.03270744905
-0.3110781401
0.7326902792
0.3631446347
-0.215703382
-0.06466006096
0.3443364561
-0.4566398293
-0.4607976668
0.3037307736
-0.004672472924
0.5766369831
-0.2479211703
-0.01988011412
-0.1747305984
-0.1791948861
0.3155226439
0.5137950595
0.4879789792
0.1658366069
0.2538163729
0.1892141497
0.0883047957
0.4140841901
0.5913558096
0.2888692327
-0.2497802638
0.3578107417
0.2092464965
0.1785194535
-0.2012449469
0.18721014
0.0009300507605
0.3622723877
-0.05553334262
0.101872917
0.04284312539
0.6161214232
0.1205640364
0.3261381565
-0.4459946521
-0.2692207038
0.4855390921
-0.07392382491
0.2078606147
-0.222669496
-0.07499172818
-0.03906940594
-0.2054449967
-0.5243354611
-0.1820732441
0.2364840478
-0.5212051198
0.3721546557
0.07712633498
-0.1107206925
0.05615918022
-0.2462493223
-0.145819867
0.02704343516
0.3389530655
0.1735646099
0.305141524
-0.2731486507
-0.1834129126
-0.1938896531
0.6175675418
-0.9966097504
-0.1955757782
0.2428125108
0.2531143768
0.5295821205
0.564122634
-0.1591636205
0.7578309953
0.221464438
0.4822874375
-0.06674337341
-0.05476635695
-0.08856741525
1.242357177
-0.07364585567
0.6086262114
0.09531292524
-0.3174480315
0.3163606592
0.4760570478
0.249169692
0.0481668652
-0.1639024684
0.5560940947
0.5672005504
-0.06270995792
0.7957819542
-0.5968198508
0.3415075596
0.1062889263
-0.1573865145
-0.3619824409
-0.4482667603
-0.1644064709
-0.009281595238
-0.1225280885
0.105608489
-0.2508907089
-0.5192450646
-0.007945031673
-0.03818367608
-0.9941182554
-0.6551714972
-0.2426396349
-0.2563647304
0.02963363091
0.7020699162
0.2200999646
1.242975187
0.2739360631
0.488148576
0.2959899709
0.8944457188
0.3484136701
0.974736394
0.9413554549
0.5771433886
-0.3454244509
0.4776706547
0.1118780538
0.1900135471
0.4105540052
-0.411942751
0.07785282219
-0.2935789797
-0.4422350927
-0.1939394996
0.4959396601
-0.09871062972
0.2944997117
0.4290520266
-0.2987511801
-0.4878945962
-0.2791288212
-0.4506057583
-0.8254131317
-0.2406364006
0.1013128482
-0.6251580507
-0.7962495774
-0.6820425466
-0.02559658289
0.05856693126
0.237850852
-0.6476752222
-0.6303446501
-0.007957363129
-0.1655145194
0.1659267731
-0.3122461706
-0.2718395509
-0.1336048992
0.01153952628
0.03642302863
-0.6037804648
0.150076553
0.366833844
0.8704828523
0.3248380572
0.1195868095
-0.1886981007
0.1941780489
1.388989063
0.3365750592
0.01800160203
0.7391933128
0.0383060162
0.8711417519
-0.1333095253
0.2613924289
0.3307178549
0.4447989516
-0.2839711204
0.8487255484
0.2165397294
0.8799561173
-0.5335745171
0.557406868
0.2042782552
0.784749902
-0.1436718477
0.3429300118
1.032624265
0.4672433682
-0.3737889908
-0.03863320984
0.552048032
0.8943479359
1.765499341
0.2574173933
0.4160874747
-0.2994195722
-0.1370063158
0.9954647243
1.399307048
-0.207907022
-0.02498304024
0.1615747968
0.9618750781
0.1181011512
0.396781569
-0.2328486066
0.6360066049
0.2548294583
-1.274958247
0.1587497033
-0.1336532136
-0.1220419722
-0.2811322976
0.339609547
0.4616457537
-0.3573129229
-0.2772173515
0.4658208068
-0.2046120714
0.2605886178
-0.02599398848
0.7633084409
-0.2008073065
-0.4838834766
0.2813517641
0.05148444977
-0.4746750414
-0.08686568029
0.5808662932
0.1643863997
0.4728826746
-0.2112712627
0.4450817652
-0.1225717851
0.05982648898
0.1114400603
0.2724141599
0.594097659
0.02855209708
-0.7711675972
-0.07523122784
-0.006143080071
-0.2624824384
0.2971929617
0.5105050091
0.4255462224
-0.3180597171
0.4832048327
-0.2501347918
0.07956964672
0.9521087646
-0.6188538954
-0.08648715746
0.4011960816
-0.2441759637
0.3496764438
0.177969608
-0.2825974341
1.158066852
-0.2485993385
0.1437379774
-0.1113499958
0.2036705451
-0.3237919673
-0.3896575086
0.3481468249
0.04824877307
-0.0720739481
0.01088329516
-0.3976126552
0.06272620987
-0.2112275565
0.7503463522
0.72451832
-0.2005906686
-0.3265888959
-0.6128205255
-0.4184548989
0.1693135608
-0.4783661604
0.001302659605
0.178492311
0.128597632
0.4836262077
0.7879247688
0.2779684199
0.248190441
0.4934978716
-0.491982764
0.6214461818
0.08445813796
-0.03937678169
-0.1683814866
0.09973436929
0.6870551068
-0.5228195474
-0.8729034424
-0.4442843676
0.4725706883
0.1411698792
-0.5681755051
0.3030725136
-0.3483736292
-0.100708973
1.023577707
-0.2594908666
-0.466859524
0.1068522845
-0.03697630013
-0.6702151425
0.9107214589
0.1907441944
-0.4685577892
-0.5334517464
-0.1796937767
-0.312289202
0.7397452444
0.1609497346
-0.3351494409
-0.5036939517
0.04194674613
-0.8425433308
-0.2247899959
0.01106166262
-0.123078208
1.055292364
0.2682981761
0.143140175
-0.5060641177
0.2109755026
0.1338746661
-0.1849192936
-0.02335737869
0.2633219568
-0.2631813385
-0.03103003222
-0.1705820721
0.6910453442
-0.5106951851
0.9073108733
-0.7155187309
0.4846296281
-0.5501629457
0.198930952
-0.3085602619
0.3463601805
-0.1363211349
0.6378585555
-0.4713988297
-0.07901443876
-0.3534552507
0.415503484
0.03701348491
-0.2104043726
0.3882414088
0.09179663071
0.5115141883
1.169975835
0.005862394394
0.1297133587
0.31816955
-0.1531227992
-0.3231717486
0.1618830826
-0.1454968579
0.3301434342
0.9658414513
-0.4097072612
-0.5374189153
-0.04672024194
-0.03603280243
-0.4025215268
-0.3192606024
-0.154861749
0.6952391919
0.3393561788
-0.3616923802
-0.09103768943
0.003513520211
0.4856981561
0.1101101512
-0.0869987037
-0.1446493322
0.2635132048
-0.3852559295
-0.5741308033
0.2270594738
-0.7225358009
0.1110271912
-0.3436778717
-0.2482723387
-0.1742309496
-0.4348946095
-0.1695306573
-0.5143109828
-0.3809255917
0.04930149615
-0.009785730951
-0.6192936495
-0.153459968
-0.1302430923
-0.4982762933
0.4322099573
-0.06990976119
1.446953768
-0.3430794731
0.2506416541
-0.1867706148
0.08904753793
0.4346397191
-0.2678035469
0.1158799702
-0.6032121256
-0.2660154434
0.081850731
-0.08764065988
-0.1957133107
-0.02366788583
0.09932528911
0.2374513522
-0.7683107018
-0.1814405674
-0.4788976595
-0.06474770065
-0.1109065797
-0.2348194133
-0.212326647
-0.6962326944
-0.1870967217
0.04722420247
-0.2137677051
0.855363965
-0.5464944214
-0.3592763297
-0.3604403779
-0.708491876
-0.5504515693
-0.3340726219
0.2875806369
-0.08665646687
-0.7040117219
0.511282371
-0.1604578249
0.03079934921
0.3100790408
-0.5848438665
-0.5196540259
-0.3564654931
0.198939538
-0.2394031413
0.05831802879
0.1302303134
0.2261618998
-0.2260649199
-0.5821351498
0.7415766135
0.1608985811
0.1622087222
0.01496131141
-0.2006389052
-0.4624760687
-0.8451758176
-0.2475647292
0.002510335296
-0.6172005281
0.2222490899
-0.2912496032
-0.4435767889
-0.2873245781
0.1338052332
-0.6727242291
-0.4985475399
-0.1583496511
-0.242953749
-0.5363434494
-0.191114806
0.1406546354
-0.1595959917
-0.5937573299
0.2657165756
-0.7754419118
-0.3905826516
-0.2748903055
0.6539066255
0.1961363407
0.2421678599
-0.6170041025
-0.03965396928
-0.1695848174
0.3775331575
0.9004994817
-0.2135391634
0.0313816458
-0.047819879
0.4140763748
-0.5752517134
-0.1231379516
-0.07997808512
-0.2872991193
-0.1317161781
-1.029154311
0.02536119968
0.08507065447
0.1165987214
-0.6639038771
-0.09966776613
-0.0811774414
-0.1131865472
-0.4432627961
-0.04273191746
0.3285821382
0.3894954488
0.1622781558
0.1220280603
-0.1019600462
0.290148286
-0.09395015854
0.421009456
1.074944524
-0.5662897706
0.563238357
0.1019785284
0.5450357959
0.4509935133
0.006909066066
-0.0196684232
-0.1384312093
0.2775448602
1.032170289
0.8748858064
0.1788841313
-0.1133027963
-0.4005629472
0.1968036443
0.2941262878
1.38582201
1.074994388
0.1367446106
0.763411814
-0.1298070896
-0.6836760685
0.7324763075
-0.3310084793
0.6608998433
0.7219544545
0.2141628567
-0.00401351694
0.6285841543
0.2417585753
0.3415207818
0.1222342199
-0.1625439325
-0.2364605954
-0.07870184891
0.2888614154
0.4046094529
0.4851526856
0.1740321014
-0.1792583564
0.8211608425
0.02270522732
0.274968135
0.9712495625
0.7529628627
1.18358174
1.273072018
-0.2321446242
-0.4215645395
0.6254393637
-0.04618797936
0.3261917695
0.5677691013
0.1276728977
1.383123673
0.5454127394
0.3114421863
-0.2736353882
-0.1893750419
0.05788034853
0.2880144952
-0.09328755885
-0.02523519611
-0.3191992681
-0.640625079
0.06530056838
-0.04188812748
-0.6791804031
0.6148167148
-0.3906476412
0.6479906425
-0.1723206186
0.5166308627
-0.09200878032
-0.1673459493
-0.3021162573
0.0004705801606
-0.1205601422
-0.02869989714
0.3660723515
0.3780747041
0.3115227869
1.051055756
-0.6143350333
0.2698378243
1.245043015
0.166809394
-0.6279488727
-0.09216568973
0.4059745115
0.05353314299
0.4482370019
-0.110614396
-0.06030881554
-0.507715017
0.675521487
0.2012708061
0.1065797195
0.07119680252
0.6789122552
0.6342752703
-0.4287942652
-0.2182084925
-0.279103661
-0.5304285206
0.008038829826
0.1678885713
-0.4250332661
0.705143005
-0.5759747915
0.638749519
0.7230920799
0.5104483977
-0.5273078121
0.1818251644
0.7918865934
0.1371026093
0.73255824
0.1535990626
0.2935053911
0.6841807302
-0.2935595892
-0.1912507996
0.09461550079
1.428633547
0.3140898315
0.01191107277
0.0964912978
0.4629889123
0.151999902
0.994620578
0.03526806487
0.05125969779
-0.6141413756
0.4841456529
0.2219098328
0.4897668678
-0.1353891193
0.7807300329
-0.1346690454
1.119398379
0.2857254215
0.7297764629
0.3650258504
0.4543779656
-0.1970282897
0.4255636431
0.2387759098
-0.2626719858
0.3135804661
1.614047453
0.4230847113
0.5874029573
0.5868010238
0.5236011088
0.05142162004
0.743218141
-0.04856709912
0.1415641386
-0.1359157195
-0.1753882909
0.8217852905
0.04754366186
0.1056059349
0.1187671665
0.1380988695
-0.4988087356
0.4803342778
-0.5026143581
0.1680999786
-0.06347244317
-0.2834521607
0.2173688196
-0.498810298
0.1877766751
-0.4555093438
-0.2920960097
-0.6604334086
-0.4509836718
0.3728887834
-0.02775883731
-0.2812898056
-0.338934724
0.555291814
-0.1533254921
0.2803257141
0.1564785885
0.4542730093
-0.0608872164
0.5324115854
-0.2581635777
-0.2271192394
-0.03945391988
0.5034944966
-0.3098374706
0.08680098448
0.1926382756
-0.6504618019
-0.5208806105
-0.07257983107
0.4466098681
0.2834360192
-0.02108562961
0.201747909
-0.6746054307
-0.1738908257
-0.2554856237
-0.09945132136
-0.3004638137
-0.007874124963
0.02323438842
-0.3496206954
0.3455741234
-0.112234786
-0.5843188658
-0.2662256688
-0.2063554162
-0.2857850386
-0.1541209329
-0.08941227002
0.0788418388
-0.2180987686
-0.7150817558
-0.623453185
-0.710580796
-0.1015326403
-0.8300269388
0.5942348167
0.3218095846
-0.1412672732
-0.6207491159
-0.1690212019
0.4090111233
-0.1459612127
0.5294718482
-0.3538647979
-0.2927200783
-0.5164830863
1.042921628
0.1760131767
0.2900631081
-0.168653311
-0.01280735657
-0.3304255098
-0.2976388946
-0.01592360847
-0.8208205849
-0.3110745765
0.3909263186
-0.6121040739
0.1097750403
0.1694869172
-0.1404599857
-0.5772143304
0.5388538592
0.07269365098
-0.2826706637
-0.7314850926
-0.2565693278
-0.2624330575
-0.2321795557
-0.8445812345
-0.4125459395
-0.2733451476
-0.2098503303
-0.4934940323
-0.219935365
0.2078107318
-0.597401768
0.05988456262
-0.8928034484
-0.5059132665
0.8408660319
-0.1117636999
-0.2826568004
-0.2492557252
0.7651192859
-0.4691568129
0.8219610885
-0.3705186665
-0.3571276739
0.6774863377
-0.3315973144
-0.3807088122
0.2382035054
-0.2590658955
-0.3700373411
-0.3924983524
-0.5098004773
-0.6567538708
0.3601107983
-0.1438081171
-0.3004620366
-0.2519970842
-0.1404100467
0.006644495577
0.1003728049
-0.2906357914
0.1565586103
0.08586119646
-0.263932715
0.5007252455
-0.22850905
-0.4762831338
-0.2141804157
0.226296833
0.2350909952
0.658668717
-0.2247709757
-0.03874097057
-0.4043489791
-0.2669164445
0.4484477736
0.8277456135
-0.08858371843
0.009235001355
-0.1156674962
0.4336144175
-0.5053005993
-0.06643335344
-0.2008262981
-0.8256807759
-0.1520021375
-0.7063194573
-0.8934910208
-0.6903329313
0.01349225538
0.1315723012
0.5933572255
0.1408899846
-0.05915384889
-0.3978557318
-0.372353516
-0.5598058015
0.5065824546
-0.5572173856
-0.2882769126
-0.1585025801
-0.7985020369
0.1294927442
0.2911833223
-0.7117291406
-0.03173889685
-0.3466038831
-0.1327360837
-0.2623079047
-0.4164593309
-0.3957522556
0.03926462885
0.3205949612
0.3824718758
-0.1553006124
-0.5593308344
0.9770175323
-0.3083449252
-0.3655474603
-0.1570753675
-0.01174425744
-0.1003437502
-0.1976734076
-0.2202458072
-0.6591364339
0.08783336971
-0.02874226049
0.3903922359
0.1348781642
-0.3953201771
-0.3230317535
-0.7004548222
-0.7290038258
-0.253141306
-0.3944944441
0.3307965081
-0.1467567096
-0.7463987559
-0.8496379603
-0.6855250061
0.7021184839
-0.3992249772
-0.8708782881
-0.5745593086
-0.03808929455
-0.2285007419
-0.2052427622
0.1898062261
-0.02534066513
-0.2037723851
-0.01807143213
-0.2637949483
-0.4833176821
0.3198500346
0.1782991692
-0.07582588308
-0.08909399882
-0.1936253455
-0.4221086293
-0.269158446
0.5185521577
0.02029306926
0.4496792361
0.1075362974
-0.5913166136
-0.3167698869
-1.287414867
-0.498264271
-0.6193903148
-0.2881489383
-0.6499348052
-0.5415864438
-0.09903798439
-0.2060475428
-0.2766299982
0.1341017952
-0.006186298281
0.2005744614
-0.07811244912
0.08738380373
0.2396904163
-0.6494397953
0.6825966254
0.06106062494
0.4425712764
-0.06421709619
-0.6757179186
-0.296942734
0.4950772122
0.1996617127
-0.09314842261
-0.3745617677
0.407668088
-0.1224739112
0.5230319493
-0.6768255383
-0.276937034
-0.6814356267
0.2512741023
-0.4039560117
-0.07543253526
0.4076515317
-0.479356309
-0.4527556941
-0.3078658674
-0.6985908687
0.1324999258
-0.6403970197
0.02439390644
-0.3540088087
-0.2000994513
-0.3256880306
0.03446903126
-0.4615110643
-0.3400171354
-0.1209456814
0.9168006182
0.4334502786
0.2257076256
0.6921122037
0.7877121225
-0.2413532611
-0.2273426451
-0.1473133069
0.01019770559
0.2406944671
0.05909714997
0.1335449319
0.5466816217
0.4194529204
0.5964324474
-0.3456187464
-0.1405704647
-0.17047143
-0.1729298558
-0.03514545932
-0.3742453188
-0.002476816438
-0.4631018342
-0.8611739442
0.01185779851
-0.7838093333
0.4484938756
-0.4040639661
-0.2469348282
0.6371240065
-0.5401628979
-0.6533080056
0.08460442824
0.8417853899
-0.355194062
-0.5674051419
-0.5216585467
-0.4541822504
-0.06258136909
-0.08295815401
-0.3736615002
-0.6090272449
0.4892709009
0.1838226747
-0.2520357739
-0.5613119721
-0.6723763466
-0.1125412192
1.105509835
-0.1288746396
0.1314994326
-0.5612151705
0.06499848161
-0.1855254527
-0.1636356808
-0.9862315387
0.4308854282
-0.2388574235
-0.4903228089
-0.00872694701
-0.9450699478
-0.1519144114
-0.06828662101
-0.6128643602
-0.4881146062
-0.9343032062
-0.8716723531
-0.727301693
-0.5774187103
-0.3846160181
0.04019387756
-0.009291311633
-0.01152803777
-0.2637034934
-0.03730488801
0.4939478546
0.2818369299
-0.513244313
0.05703824852
0.08139715083
0.1641849097
0.1914658317
-0.6721907854
0.6884262614
0.112293217
0.4383902922
-0.425011964
-0.5226592258
-0.1513313979
-0.9016606838
-0.2218751181
-0.02390144328
-0.469436349
0.1610399265
0.4076918423
-0.4323984534
-0.3168089285
-0.4965089351
-0.9477279589
-0.820870176
-0.4785816565
-0.188306962
-0.6371266313
-0.6185061648
-0.214528786
0.1778681844
-0.05354445046
-0.3176908437
-0.2045215903
-0.03535252325
-0.1907300945
-0.4474884108
-0.4775135983
-0.3733549289
-0.652008003
0.622044858
-0.2309659041
-0.5392388791
-0.1257048652
0.1525721094
0.447505983
0.1679034499
0.2969440408
-0.2576205462
0.2358916117
-0.6306976467
-0.3651859753
0.05296578966
0.5830369107
-0.01221035942
-0.1800257105
0.1372136446
0.03626882955
-0.7242162153
-0.04516403694
0.04512409209
-0.7065807551
0.2244399828
-0.003855482303
-0.2591284398
-0.4290943608
0.06034614118
-0.516489841
-0.7710887492
-0.5121454835
-0.2360030822
-0.2314389613
0.6236024283
0.06260354845
0.01081102304
0.08563514203
-0.1904952348
-0.2096267298
-0.0410876099
-0.3844293788
-0.4869032457
0.1923192173
-0.3172049552
-0.358573299
-0.7276955724
0.005784433987
0.2364276983
-0.2403927211
-0.2411239056
-0.4177229263
0.0789352363
-0.4813381538
0.4501462057
-0.3204154003
1.147357303
-0.8171310499
-0.7028188229
0.1160630027
-0.1428680686
0.09209088581
0.1683095198
-0.9955588132
0.1738404636
-0.1647581095
0.03922390854
0.1699172983
0.4493205212
0.04496101178
0.6242621407
-0.2138775585
-0.2883359917
-0.8562050447
0.6955137596
0.1075859211
0.7913669035
-0.3517693691
-0.1623212919
0.3928346917
-0.04315676261
-0.07622035732
-0.04079857841
-0.742718482
0.1009850556
-0.3605993614
0.8432325691
0.2972996987
0.7925135463
0.01141375229
0.04507637983
0.1806715498
-0.0004445834085
-0.4200645998
0.09813835546
-0.5678966723
0.2944295451
-0.4278151788
0.06336889602
0.5145232938
0.3234087693
-0.3936442316
-0.01688406216
-0.1687488502
0.8423850659
0.3360233322
0.7613314986
0.02162509672
-0.1036777736
-0.7441934124
-0.5429341212
-0.405845622
-0.07962396219
0.3827910937
0.1771833166
0.03580218633
0.3139903128
0.3105723053
0.3265282631
-0.6366373554
-0.5343781218
-0.2877384508
-0.368736206
-0.3200364828
0.08848424982
0.3625972424
-0.3898579918
-0.3353764743
0.2194031872
-0.4966896914
0.3350944765
0.4528273799
-0.1827807589
0.2643084565
-0.3103863865
-0.07763357032
0.04111082777
-0.2309337707
-0.230426513
-0.03165752832
-0.004262902588
0.3579877798
-0.04666600935
0.07295871545
0.1169026322
-0.1179793149
0.3488967277
-0.4324186012
-0.1503843069
-0.1602874726
0.3622637823
-0.05377161764
1.359073967
0.5748509973
-0.3235451996
-0.02326213755
-0.1678197555
0.1424493155
0.2432364261
-0.6826656252
0.03434906257
-0.04492577268
-0.590679878
-0.1350867018
-0.6385748714
1.232670808
0.648386772
0.823651867
-0.01822753102
0.2109695221
-0.06256957762
-0.5327728398
-0.7153239459
0.924458769
-0.5878508255
0.0221320983
0.5801304698
0.4360948905
0.4502871722
0.6157127112
0.237776603
0.932467255
0.1505622892
-0.4944981992
-0.4912724786
0.1410161083
-0.06582453083
-0.2019937016
0.5492358051
0.005177679472
0.6146392748
-0.4665538847
-0.1494051084
0.9383591548
-0.1348498294
0.1221395034
-0.1602414187
0.1194948506
-0.05917594135
0.0141647948
0.466469726
0.3211462323
-0.03970361436
-0.2970340908
0.3677176241
-0.06572318999
0.2562349331
-0.1063267242
-0.2158228846
-0.1105478693
0.9397462845
-0.3380214684
0.03659017198
-0.3475685433
-0.2700224951
0.07553083217
0.2975303072
-0.402472207
0.6699610651
-0.2623858785
0.3631251879
-0.5101352796
-0.1471657356
-0.02834316613
0.9602569804
-0.345848522
0.6000390798
0.02453629952
0.1933003971
0.3127899982
1.080774665
0.2555453267
-0.1034550879
0.8354386378
0.1091596937
0.3010944039
0.3186704572
-0.03581562052
0.6509564385
-0.1010180586
0.7861333527
-0.1023655633
0.356674622
-0.1880988903
0.07626520162
0.5517748872
-0.3163554899
0.2299496965
0.9149929628
-0.3551014787
0.353868949
-0.3497143626
-0.3543865778
-0.2018775428
0.2179914506
-0.1938876402
0.2906818356
-0.1134278681
-0.02593736649
0.87122944
0.3863211516
0.2052071918
0.100300852
0.8048430257
0.07055798993
0.6843071997
0.3945305899
0.01228960417
0.5537781373
0.4563175483
0.6618019882
-0.07727658097
0.255484358
0.4945837513
1.232676051
0.9155700415
0.4451780573
0.4624592461
0.2222652791
0.7355686314
-0.3392512497
-0.1525287021
0.1463939061
0.9308227301
-0.2966841739
0.3018849172
0.4706314783
-0.316887977
-0.3659471028
-0.04630683186
0.8869461596
1.063645002
0.5537932187
0.405916496
0.3230185837
-0.002853189409
0.2166909836
0.905920583
-0.3695566036
0.345693191
1.178284955
0.6794860721
-0.1908961277
0.2978674363
-0.03393899109
0.3911908552
-0.3751336992
0.3428728851
-0.09462723825
0.3657663733
0.4753709358
1.443729796
-0.1986936575
0.08731569611
0.2296554539
0.4429595985
0.4775861062
-0.1511252131
0.2994858035
-0.06176818609
-0.7042275876
-0.123826932
0.0448055103
-0.2089581253
0.3664941665
0.3388896678
0.6547492042
0.4499326525
0.1009762753
0.1405923758
-0.03652311005
0.3611021772
0.01213106327
-0.296075869
0.005457881093
-0.6046050727
-0.3712277483
0.5395969063
-0.5291018724
0.3940496016
1.412708324
0.4948968999
-0.0688773036
-0.3393891841
-0.1489642806
-0.0770271413
-0.1102437899
-0.2855288159
0.7991048485
0.07532820627
-0.3054742567
0.1903460965
-0.201000846
-0.008577549085
0.3205060508
-0.3493965484
1.30006554
0.7415931247
0.3845464663
0.3394460388
0.7414960053
0.3737150969
0.1656736983
0.2092822559
0.2480522839
1.393248373
-0.2587995645
0.4058752395
0.2772430137
0.8122859202
0.4204088882
-0.1903051956
-0.1816922043
0.2222424451
-0.5625064015
0.1511094756
0.3712957554
0.2555895807
1.093259658
0.651749742
-0.3670190379
-0.005219601654
0.2256952502
0.08237809688
0.5789122012
0.8032780975
0.5710003894
-0.1910569057
0.206607157
0.3252224226
0.8712513119
-0.3036111996
0.4254760481
-0.05396561846
-0.4364958972
-0.1178908696
-0.09618853685
0.2662762018
-0.08320596712
-0.704989031
-0.05742981564
-0.08555727545
0.0635288123
0.6294683777
0.1957716972
0.6494502082
0.426958885
1.012187114
0.2146944826
-0.4026620597
0.5978894748
0.6415103935
0.320278541
-0.2247603912
1.310937479
0.2387932003
-0.445857735
-0.4348215804
-0.5856123447
0.576980418
-0.2654845197
0.1955618706
0.5705069922
-0.5607871991
0.2218373016
0.5365584463
0.7885253623
0.8719764136
-0.1925356761
1.109438396
0.7089110531
0.811595495
0.3472513456
-0.2424444627
1.402825877
0.08810249679
-0.08692117445
-0.5049908847
-0.4680488683
0.4019340262
-0.1400081757
0.1696330455
0.02364478298
0.07404954024
-0.5226983733
0.6096921474
0.3366004897
1.136108267
-0.3396934796
0.3918524127
0.2235995873
0.1313026045
-0.6529137924
0.5857399676
0.7032861009
0.2110983081
0.754522099
0.1563642602
0.02555696722
0.1645519413
0.3670825019
-0.2839914158
0.2553153325
0.07180547602
0.2890499149
-0.1050781781
0.1536030108
0.6587091452
0.6404983595
1.187572522
0.09303478766
0.1501634637
-0.03576909564
0.0421497209
1.038568145
0.5308559299
0.4885058105
0.4420669485
0.4170680165
-0.4581088006
0.01847609561
-0.3289362423
0.2995143939
0.4474124876
-0.6670749187
-0.7315846726
0.4574229043
-0.3619114701
-0.1659892988
-0.4544160798
0.1601565797
-0.5032393798
0.3717251394
-0.5059263259
-0.2947943315
-0.3642321371
0.6641327351
-0.4053560749
0.7166850932
0.5321111053
-0.754950729
-0.6496672437
-0.02591488268
0.6225847963
0.4205571756
0.02958596931
-0.3427033648
-0.0274812365
-0.1861121904
-0.03497694153
0.0568087073
-0.4018856261
0.7536354586
-0.3327320505
-0.572039628
0.8812144194
0.5211147532
0.3301652212
0.06125326585
-0.2277077133
0.2655663259
0.4794985234
0.7297720551
0.2978487708
0.6048318552
0.1386364784
-0.08493880723
0.1424050536
-0.2815975865
0.6866633922
-0.2814022651
0.3545794614
-0.4053538695
-0.1611717971
0.5531735003
0.2191013591
0.56710013
0.8698330328
0.01079936996
0.1737254158
0.6517614029
-0.1693985104
-0.1316649048
-0.005016842857
-0.02408862561
-0.367994836
-0.007766252384
0.6096659988
0.01135661602
0.8970587656
0.3782337762
0.1761906185
-0.2947106667
0.2603890017
0.6437181264
0.8196949154
-0.3273273468
1.791321707
-0.6668342132
0.2829333967
-0.3302788965
0.07300489503
0.3956369348
0.5482975751
0.1663622316
0.6861182757
0.7875190794
0.5306668371
0.08246140052
-0.3388248444
-0.2674557393
-0.2605339661
0.8095123112
-0.4311095491
0.2856577131
-0.3355056249
-0.4429494645
-0.01987385694
-0.6931974713
-0.07448282689
0.4792996768
-0.09403959252
-0.2936315868
-0.2911052451
0.6024881113
0.2265228629
-0.0264195147
0.3990133978
0.02969668675
-0.2902804982
0.2831633043
-0.2977124412
-0.3557492834
-0.02447686046
-0.1791777249
0.1742638761
0.4168024447
-0.57944455
0.3927116781
-0.03171125082
-0.3451109506
0.3825307947
-0.05534239281
0.07205319367
0.04405634096
0.7276351169
-0.350351233
-0.2895659287
0.001764467079
0.1468861273
-0.1876911108
-0.3161097456
-0.02385205589
-0.3004862778
-0.3437282115
-0.4141533069
0.447849787
1.018681328
-0.1025179424
-0.6037823662
0.2829538874
0.7029153854
-0.6045801759
-0.4719770402
0.3579223698
0.503486545
-0.2839626327
-0.1944796138
0.2704638846
0.05771345962
0.1291491715
-0.6235204279
0.1894749735
-0.1592645539
-0.07358118184
0.244650843
-0.188724234
0.1341737906
-0.1274790136
0.779143934
0.3064728441
0.326190074
0.06862774715
-0.08484310843
-0.5447680801
0.1483479626
0.07930004112
-0.2030823383
0.2457940783
0.1026798784
-0.3229445342
-0.3554747783
0.7342001349
0.8093148686
0.9062056072
-0.2948143966
-0.05627209172
-0.266574464
0.2892776582
-0.1123320792
-0.2537904926
0.9247749038
0.2959589031
-0.01746072657
-0.1831012458
-0.4173567034
-0.2319701887
-0.2640560292
-0.3200851157
-0.3428926852
-0.4306292325
0.1713870721
0.01335036438
0.152553652
-1.042859158
0.0746924568
0.152759495
0.2243044317
-0.3998010002
0.04202579381
0.7983715728
-0.3602857411
-0.1152091723
0.5618515238
-0.3869772263
-0.2202288441
-0.04573621172
0.2803871945
-0.2940328285
-0.5754610322
-0.2651428457
-0.191814331
0.0005543040112
-0.4243452951
0.3568636879
0.5159620974
-0.0821489118
0.6537997689
-0.1718329029
0.3296292514
0.4738142926
-0.3984166577
-0.4694741592
1.381753096
0.5925776452
0.3859170198
-0.2054182701
0.1482865319
-0.1967647018
-0.1364536857
0.3506499263
-0.08119616238
0.5319371015
0.2725426331
0.1327620551
-0.3896934949
0.8833587795
0.9201911114
0.250139581
0.3819836371
0.9393328011
0.3915351827
0.3465478465
-0.03135717586
-0.4838975362
-0.04427905763
0.2154415062
0.7047116444
0.4461786158
-0.08907963894
-0.4030646928
-0.1009293597
0.5573747702
0.1794953177
-0.2537257735
0.6630338252
0.2053912964
0.3913400382
0.3513970014
-0.03067608885
0.08528487571
1.01805693
0.1894807979
0.5565236349
0.1060312198
-0.1886161605
-0.1618766952
0.1499546427
0.3998853832
-0.3424751155
0.9964061484
-0.2647599027
-0.2165349688
-0.3344767123
0.3491701663
0.4621280678
0.4241004512
1.180109333
0.1453267492
0.7014719322
0.6416013882
0.2204396889
0.1314000268
-0.03627881398
0.9051300481
0.05290981978
0.4030691668
0.3718501033
0.1892116696
0.07357529523
0.1380144216
-0.4009591535
-0.09011825128
0.1880148554
0.1012729743
-0.03488700846
0.06658422314
0.5586232595
0.418099995
0.2858914282
0.1788815044
0.4335430779
-0.09258233355
0.224136569
0.3282616977
0.2312072031
1.19953686
0.7379959241
-0.2082443707
0.02999836057
1.483928671
0.322568889
0.1163811803
0.09620017447
0.166907553
-0.2182648491
0.1127323406
0.04813603163
0.9161848418
0.2883914687
1.193146235
0.3542580456
-0.7158105619
0.08459963715
-0.1186110097
1.061934215
0.1531096272
1.339261097
-0.07994588548
0.1259644397
-0.3535291923
0.02083746595
0.3742772765
-0.3578744739
0.2577727148
0.8357872546
-0.03583851345
0.3983137831
-0.1463512844
0.06859584935
0.5947046921
1.093482739
0.2251547519
1.109845851
0.6050035201
-0.4003632545
0.1596715508
0.459560794
1.34792594
0.5356528684
0.6729673289
0.4562872723
0.3367228951
0.2350823183
0.8469714165
1.534438521
0.6167345643
0.2468016252
0.136472101
0.6196531236
0.2555441633
-0.01589358766
-0.2113796737
-0.3104760751
0.6935843527
-0.3620142564
0.6310315147
0.4792085677
-0.06297265291
0.07018363718
0.4197966021
0.07304578433
0.2513592441
0.6698204337
0.1399048084
1.329406422
0.4290915459
-0.2745469283
-0.8508987844
0.3359108137
0.704332846
0.4190655954
-0.4168848395
-0.04365983373
-0.02231946625
1.386638781
0.161029724
0.4903678186
-0.2900385156
-0.364678878
0.6441457011
0.3333657298
0.9898711503
0.5554796204
-0.3245613754
1.1205302
0.3620932352
0.980802922
0.3990983104
0.8583244979
-0.2468682709
0.1206502648
-0.2072898414
0.1491478046
0.07688016295
0.5569061261
1.373741867
0.5691409379
-0.4108775891
-0.03976539318
-0.06690525543
-0.2623848729
0.2356725845
0.6095861426
0.7212090909
0.0356399186
0.6440668147
-0.1361233942
0.8561399281
0.1188741803
0.1743557601
-0.2123318026
0.2147081707
-0.1962008052
0.5770310059
-0.4402418479
0.4945876852
0.05965969469
0.5287537634
0.02054609098
0.2578446591
0.2349959098
0.03289372623
-0.03605920188
-0.464601776
0.8875142574
-0.3225263163
0.5733397618
-0.3174976014
0.01133420765
0.3077351198
-0.2843069369
0.1757219842
-0.5992782906
0.5586766884
-0.7320348904
-0.6884793162
-0.1537484
-0.1492741564
-0.1941714455
0.2448674552
-0.2414489064
-0.284807533
-0.1200464491
0.4291545179
0.2566764344
-0.1051388543
-0.3102042918
0.0470164476
-0.499826017
0.1352242112
0.7954335928
-0.3111862499
0.1544783833
-0.1756025761
-0.3268350773
0.1469159639
-0.7130846873
0.4670884747
1.501301324
-0.611490038
-0.2721776947
0.07204161845
-0.9416436642
-0.3445091997
0.5115778673
-0.1300301507
0.07773552299
0.003443545476
0.416145793
-0.614208439
0.3464562662
0.5161668874
-0.1170049503
0.2761748217
-0.1062045285
-0.2170845404
-0.2956337053
0.8115265906
0.1542853022
-0.05960447192
-0.6854097158
0.1796673737
-0.2859792959
0.01289987592
-0.3809870616
0.4811357938
1.200281078
-0.2948256794
-0.05392720941
-0.3971947506
-0.3792040501
0.1439071201
0.1816250004
-0.1161216885
-0.5075867936
-0.1048876382
-0.4939489886
0.1014676964
-0.1806979481
-0.1888267718
-0.05333782742
-0.7169676676
-0.5423225105
-0.2513672633
-0.0238452686
0.1240333171
0.3414229434
-0.1518022165
-0.4305112928
-0.04124572091
0.522425063
-0.2510969266
-0.8254491121
0.1641079079
-0.4649008803
-0.445514515
0.616411224
0.1086704507
0.08289608927
-0.1330148587
0.2684915341
0.1013397044
0.09350916278
0.5119541824
-0.1046942575
-0.1613450646
-0.08813648112
0.5798897244
0.2012141999
0.1276679995
0.1189192526
0.215367505
0.2712936233
0.2316347435
1.331128761
0.8566735297
-0.3511418022
-0.3833114021
0.2649734087
0.02135134414
-0.02455397802
0.1564160923
-0.2504193347
-0.4015175439
0.1227737935
0.2620037254
-0.1396610901
-0.621183221
0.3070963911
-0.05670288587
0.4358920705
-0.1715567799
0.7475994606
-0.2365888666
1.155106287
0.2424540378
0.5548703149
0.2848688427
0.3421293642
0.5336840004
0.6332311329
0.161661624
0.3363284901
1.105930606
0.08629024923
0.240487236
-0.1926529918
0.2717589714
0.3404924139
-0.8074169025
-0.546714928
0.1099850927
-0.622514426
-0.1586678531
-0.1404671811
0.04521073159
0.1542137112
0.2195993014
0.2597772263
0.1903421211
0.1159595649
0.08464637902
0.3479179543
0.7367092624
-0.4870132282
-0.1391005509
0.09237337122
0.3852987377
-0.3513466273
-0.04764067866
0.3596918985
1.063895063
0.5647330198
0.6977488756
-0.06466692053
0.01521532908
0.2166215792
0.4008895241
-0.5062801171
0.04756412264
-0.327490671
0.6459093556
-0.003171515465
0.6478250399
0.495139686
0.4175868824
-0.180379624
0.02681654245
-0.587029171
0.3529784635
-0.5149876229
0.2412038079
-0.3471436806
0.5447110042
-0.1583390351
0.1628066307
0.8386468694
1.46131067
0.04571911376
0.3256909281
0.1942283208
-0.3439989433
0.1997013401
-0.193557677
0.5999221809
0.4569052994
-0.5423876986
0.4259025089
1.080106243
0.5427571196
0.6305134825
-0.1444873106
0.09524423853
-0.1009702584
-0.2773347519
-0.2040947579
0.252606656
0.1404142046
0.5668067757
-0.3708855143
-0.07925530327
-0.3004427925
0.8003671557
-0.6272448353
-0.1448602027
-0.6023089036
-0.003582992218
-0.01721933633
0.4841943398
0.2571614344
-0.6568243846
-0.03048491413
0.3619798504
0.3950012606
-0.4228617385
-0.4080437846
0.2161965788
0.001901661418
0.06265794002
0.09472306836
0.02872259244
0.199607186
-0.06207576357
-0.4504008085
-0.2777788348
-0.0957327554
0.001032725209
-0.2984229822
0.2192463834
-0.3187450318
-0.4416160241
-0.2250726193
-0.7914323881
0.3643681936
0.1544406323
-0.2502503127
0.571418906
-0.1151998581
0.4222976699
-0.4684378862
0.7594693013
-0.2258734725
0.4259572141
0.8263395969
0.03870372195
-0.2980769135
1.090734434
0.6744043738
0.2391363028
-0.02755338876
0.1601181625
-0.07717551328
-0.2000226188
0.3686011918
0.4462268572
0.7971948579
0.4220726728
0.3893860791
0.1076430386
0.1732640862
0.1081615493
1.739482474
1.517335238
-0.08236855417
0.2544577024
0.389743828
0.4220039435
-0.08237646762
0.2193182994
0.02191698793
0.6648710206
-0.1289103925
-0.8201402515
0.4348515231
0.5465180255
0.2267488567
0.1173890469
0.7294417314
0.5263963342
-0.06382616255
0.6008831412
-0.1065538596
-0.06004460631
0.3057148114
0.06732525323
-0.2765852712
-0.2871970056
0.8363285024
0.1909722671
0.4597817779
1.073511997
0.2362442121
1.404039156
0.6107694283
0.03401752617
0.3649795445
1.092717813
0.2294339765
0.4508297019
0.3290112428
-0.5277198583
-0.4361031748
0.5329109419
0.05305685177
-0.6875303909
0.3946101833
0.3919276275
-0.4680866241
-0.05953741558
0.8305097938
-0.01964179315
-0.05065509304
0.5709593728
-0.4208648972
0.4499465045
0.2379480526
0.1706822801
-0.4830153221
0.6278555453
-0.6907414712
-0.5510294616
-0.9091773331
0.1785041692
-0.1071925871
-0.3895943753
-0.415989573
-0.05376388077
-0.1564218024
-0.2891319297
0.1731712051
-0.326386911
-0.2564294979
0.06560435947
0.4764007404
0.3911297109
-0.1625878433
-0.3356887363
1.009671003
-0.2637509089
0.1216723969
0.3466343127
0.03009791486
-0.6272992186
-0.2891147723
0.2661300555
0.1265064964
-0.1841472257
-0.2326938387
-0.3201451119
0.3197489642
0.3821064863
-0.1321383152
-0.04185840823
0.6438404009
-0.06252050754
-0.4482098207
-0.4229956396
-0.4163135126
-0.4800957352
-0.4319986682
-0.6928847924
-0.02638598671
0.2428506009
-0.1438418893
-0.3234980801
-0.3640826806
0.1404079705
0.391575389
0.5207728118
0.2686164854
0.1472677353
-0.1853497054
-0.01561121903
-0.4879810855
0.8686968558
0.04097682592
0.4593439013
-0.0528287977
-0.5800389811
-0.1205550713
0.6622642554
-0.4029843837
-0.458729288
0.2978298966
0.3155410454
-0.1123998864
-0.2606664393
-0.5797639079
0.5044888817
0.2661410145
-0.3091100318
0.6786670685
0.2904540734
-0.2301305758
-0.8839707077
-0.3018736724
-0.4211737692
-0.5035563484
-0.8684485704
0.9778281301
-0.1901724949
0.3503520306
-0.4158928349
0.02282772996
-0.4458337724
0.8543604564
-0.1714200139
-0.1525449149
-0.2453329671
-0.4767190803
-0.2272685036
-0.370867759
0.3915693425
-0.06991528235
0.1133734822
-0.4014741279
-0.4693377361
-0.03085147813
-0.1313179111
-0.36284112
-0.4605177559
0.1228188818
-0.5866587177
-0.2309000788
0.1605271816
-0.3265373744
0.05753013771
-0.5023847148
-0.04548631907
-0.212634928
-0.07653571572
-0.2277198449
0.2793811571
-0.04036315922
0.3072625747
0.1138555842
0.8976276353
-0.1207280949
-0.4649381541
-0.02352996506
0.1722682599
-0.2230476975
-0.2865784429
0.1715144904
-0.5634063385
0.2733061746
0.04357584948
0.2262124341
-0.09370814357
0.2071343008
-0.1009833738
-0.519843629
0.6141787674
-0.05486231446
-0.4839083821
1.138579313
0.8828776494
0.1537732354
0.3445572361
0.01497832611
0.3348684631
0.2736228114
0.4996358689
0.1382056836
0.4678713094
-0.02814045362
-0.1743146833
-0.1758504066
0.4810826108
-0.2043051131
-0.5204735309
-0.1101433244
0.2381330338
0.5039109796
0.186373556
0.7303439826
0.01263600457
-0.1466676097
0.3791035734
-0.1984374376
0.1195571851
0.4846131351
0.807993257
0.1770503765
0.05707980525
0.1718744304
-0.2267877281
0.4223159336
0.2381201606
0.7580398649
0.2700160056
0.05449663233
0.6467135876
0.04377287887
1.402052957
0.8464067332
-0.3183212072
0.6964373149
0.902500511
0.5977284759
-0.1424256623
-0.0640981108
-0.274458457
0.9210938677
0.8177241653
-0.2181507237
-0.1636056185
0.7367850974
0.2528140885
-0.3717872873
0.2898747416
0.07042252757
0.550238207
-0.01101030204
0.3985212304
0.9057626538
-0.09905907512
-0.2203757579
-0.2564740382
1.02703827
-0.3407177195
0.1341871683
0.1401064331
-0.6246472597
0.1605935916
0.4291139234
0.9865163907
0.1630448715
0.38669958
1.079803735
-0.3371113282
0.7787348628
0.6621888198
0.7984763652
0.4730539665
0.9730601184
1.087102933
-0.138123852
0.3753733765
0.1766862603
0.04118807251
0.8802557744
0.5971204549
0.418680881
0.3157986194
0.08541658232
0.294961953
0.1370436364
0.3248516224
-0.4437268823
0.5645990901
0.1243271329
0.5937503621
-0.3410926354
-0.003676718101
0.02000267133
-0.03540213825
0.3866899953
0.4178018548
-0.2162540324
0.245580247
-0.4388422668
-0.03091194499
0.5200062513
-0.1188232966
0.8916668832
0.05942995846
-0.5458876148
0.8753794044
0.3197107058
0.5444451585
0.1294567328
0.4845775392
0.135251833
0.05970858745
0.1943725748
0.06034740084
0.5409717139
-0.4898577757
0.4352703698
0.3000804491
0.4499932982
0.6365399703
0.4642090218
0.5513108479
0.5347300701
0.01001848895
-0.01649357406
-0.1886076793
-0.2855799174
1.048474371
-0.008595410967
0.3182103466
0.3004219037
0.5709864818
0.17101494
0.7076956823
-0.113819575
0.8144394301
-0.1057904435
0.7100514345
0.1701108964
0.3778154399
-0.09174237223
0.7941982895
1.26717885
0.2345623065
0.5068833038
0.5798591062
0.01257211473
1.651148409
-0.3829994008
0.6478812531
0.05059752474
0.3743132979
1.032031161
0.8111500621
0.1934709931
0.3824572757
1.238685003
-0.3256817736
-0.1643881474
0.4890371256
0.2224588288
0.3922034753
-0.2459399235
-0.7108751742
0.02910399139
0.1938777955
0.0740631789
-0.4287393093
0.3859790154
0.2828197105
0.6803752575
-0.1677190274
-0.2840259142
-0.2013518447
0.1839666244
0.7412827112
-0.06563949138
-0.2582668662
0.1126308518
-0.02164698727
-1.149633668
-0.1713325779
0.7682194963
0.09028704539
-0.02318434212
-0.3993038021
-0.2271679908
0.09831235204
-0.1675493818
-0.237226712
-0.06703971354
0.5239725187
-0.5359719872
0.2034459928
0.3566108838
0.6782853633
0.8174549818
-0.5282876819
-0.4182581827
-0.1981483925
0.4101205111
-0.1779796027
-0.3944277063
-0.1197457351
-0.5671547994
0.6617919818
-0.2812928831
-0.04476460796
-0.4863201074
1.538760534
-0.3483966175
0.07523983754
-0.5173006654
-0.9335668385
0.06773926225
1.208936378
-0.2415699191
-0.5185221102
-0.4563952966
0.314500444
1.00986053
0.4053432282
-0.4707048059
-0.6600067481
0.04111597687
0.5573631648
0.3836915764
0.02434604224
-0.2897747874
0.009812133759
-0.2753788803
-0.04497537427
0.7918568924
1.383732095
0.5962314464
0.06109114429
-0.06107996777
-0.7322122306
0.3213195875
0.2581774481
-0.0004593338817
1.073526409
-0.2581903648
1.31664578
-0.5226552203
0.3471925747
0.25041309
0.3779545303
-0.3757877072
-0.4002823122
-0.5536347777
-0.3312909221
-0.4457355715
-0.1024753891
0.1773157094
0.1244262788
0.08314950094
-0.3752843991
-0.1399376336
0.882662677
-0.2410000585
0.01752917818
-0.118648184
0.1505098574
-0.7786583632
0.7586724728
-0.2652970634
0.6256352801
-0.3162432071
-0.2096986149
0.2132559823
-0.4209661029
-0.1613606766
-0.1629631259
-0.6253605351
-0.8594247192
0.2363677324
-0.1884814788
-0.5649434984
-0.264192469
-0.2194285728
1.46297843
0.3617067147
0.5861521684
-0.2551647048
0.3555657789
0.03767900318
0.701407595
-0.02652323432
0.2544897569
-0.790364033
-0.2910961673
0.8710494816
0.0916795698
0.4643630244
0.2102381153
0.331839383
0.1695240714
-0.3047041934
-0.1875223352
0.02713291142
0.07939569745
-0.2140973441
-0.04393615676
0.4366053537
0.4277981881
0.8267341323
0.4938749153
-0.0882347174
0.3600965463
-0.2119112376
-0.102501839
0.4628630662
-0.2030028489
0.2401011746
0.2289975885
0.08002561722
0.4739957497
1.092648146
-0.1433052576
1.01092985
-0.2152747488
0.378489963
0.2506289605
0.1832686851
0.9980265051
0.006173321512
-0.1745206578
-0.3421468437
-0.1982319344
-0.04691608511
0.6612385876
0.0548254054
0.1221992392
0.02268427676
0.570572906
0.4935998913
0.1212027373
0.4593880549
0.1860799232
-0.3409476534
0.6650075153
0.3778060976
0.5299236849
-0.07981259674
-0.344820917
1.193429667
-0.9639270306
0.5073129084
0.03690284751
-0.4698744237
-0.4202692248
-0.4402590171
-0.6384863369
-0.754639335
-1.002083594
0.7631564409
-0.2021006629
0.3317961134
0.1486136388
0.03591011595
-0.001606730558
0.5511613224
0.01032248824
-0.04038716368
0.9766952276
0.03592871102
0.3030071935
0.4815603826
-0.1490048364
-0.08497046307
-0.1488956869
0.7607560113
0.09468840966
0.1710928909
-0.1286201386
0.3698504258
-0.5400790319
0.5444789208
0.1201139634
0.5419610798
-0.08323422354
-0.07245024201
0.1369658379
-0.4550482176
-0.3780855635
-0.4849205494
-0.42573606
0.3590499651
0.2436493807
0.08551691771
-0.1034316214
-0.1241892388
0.3471548855
0.9805744782
-0.1893737093
-0.5561997965
0.4287896954
0.6280226588
-0.4331998739
-0.2899288978
-0.2313808637
-0.1628903642
-0.1240340561
0.5759703979
-0.01571508422
-0.1342126336
0.5742702801
0.04120292813
0.6534026906
0.03407275081
0.1498959668
0.02681475021
-0.06713558622
-0.1711222306
-0.1535179917
-0.2970731031
-0.06123884022
0.7647045374
-0.4804155864
0.295931907
0.1178985436
0.6961382966
0.1381600302
-0.239060544
-0.5521939293
1.049092546
0.4883540422
1.038496476
-0.6614930198
-0.6543707982
0.7159346446
0.4692493223
-0.0162466757
0.06500448361
-0.2424617738
0.06796902511
-0.662176697
-0.2466619859
-0.2966838907
-0.4253115837
0.006328496709
0.3637659341
0.05101411231
-0.63657704
0.03033981388
0.1656059658
0.003443638515
0.9442410745
0.1448429201
-0.2608830046
-0.1907215066
-0.09307286451
-0.1050048094
0.3032962892
0.334668852
-0.156836449
0.4559229657
-0.4958456874
-0.2000856284
0.4696958981
-0.3987294419
-0.3015276827
-0.05309270518
-0.1397446223
-0.3467218928
-0.2478513571
-0.2736431256
-0.2399041526
-0.1649988154
0.4451416407
0.04263502248
-0.28911223
0.1264066393
0.01151148751
-0.4865152434
1.061712331
-0.05683953757
0.06102967281
0.3602129098
0.3321295645
0.3256857494
0.2208902091
0.3041160177
0.421712691
0.701138638
0.7375821184
0.2957135306
1.380424345
-0.4974962816
-0.06426598616
0.8579429448
1.678985649
0.7768702552
0.009663686343
0.01738893325
-0.1570448975
0.6689723376
-0.4216024233
0.09660967086
-0.8029870391
-0.3704652175
0.4139423743
0.6262641847
-0.08428075537
0.03580711577
0.1421021217
1.045447429
0.7032102086
0.7725732148
0.5117840052
0.09346023649
0.6404592477
0.2177784007
-0.08945993083
0.08092651675
-0.2124257973
-0.5207093745
0.6365303282
-0.4120280579
0.3384209507
-0.2435931198
-0.5255530447
-0.735939756
0.168627953
0.3759654738
-0.4315869667
0.1110657156
0.315317397
0.7123544022
0.3148299318
0.1296934457
-0.7140396893
-0.3041032257
-0.1684948865
-0.3305075901
0.3487504812
0.1489941401
0.2699337184
-0.1873293649
-0.7204551816
0.7886667103
-0.1903456325
-0.5310587585
-0.5992998134
0.2978226528
-0.1164718332
-0.1730665729
0.3710647549
-0.5429102112
-0.3022384159
-0.2135990596
-0.007303858828
0.1436534036
0.004094517604
0.00422580624
-0.5445274994
0.1396512389
-0.1735763403
-0.1083146501
0.05021496322
0.6787021652
0.1563391333
0.5819684654
-0.2247095101
-0.1585403517
0.5243780132
0.3982607011
-0.5723831117
0.2515589708
0.5618102208
-0.04158109538
0.6675130166
0.3288231753
0.1028077848
-0.04577121288
0.5634350918
1.084338799
0.08417370655
0.48575362
-0.7482467785
0.3798125114
-0.3226174975
-0.2824768813
-0.2862290181
0.1067058165
-0.3608140036
-0.2853141218
-0.8348837167
-0.01665835883
0.2236019058
-0.07731550392
-0.3016890412
1.090465413
-0.5569948867
0.2433212977
-0.4033309877
-0.5816671357
0.3945925605
0.7744101316
0.1328430561
-0.1134986928
0.9436418075
-0.6857527778
-0.4584741712
-0.971065928
-0.3603799835
0.2384237779
0.02022849936
-0.5170415044
0.5765085395
-0.1482312331
-0.30976118
-0.2854136921
-0.3403953701
-0.6837995008
-0.01401701272
0.1883696443
-0.2526732884
-0.08544120584
0.08433875227
-0.1172384854
-0.3414775874
0.1097201319
0.2419662552
-0.3244873283
0.2149039366
-0.03794551287
0.5799912415
-0.2268418428
0.669272821
-0.3574409839
-0.4042846039
0.80683157
-0.3189886283
0.4539388798
0.6131166231
0.7390874393
0.09784842459
0.1351450264
-0.1622048166
0.3343953948
-0.08837568238
-0.4417116649
0.3819718763
0.155002049
0.5503838142
0.494747467
0.1403555617
-0.3664326333
-0.130270082
-0.2333506036
-0.3205002319
-0.04702035878
-0.07298574932
0.003526348434
0.7838767767
-0.1002429744
-0.3624229573
0.7021201104
-0.3718674071
0.01622614749
0.4215609521
0.7600063242
-0.4857916892
0.7290821254
0.07503979411
0.2293746799
0.3254176086
0.979451929
0.03574134819
-0.1014950316
0.3158065721
-0.07330567911
-0.2015337278
0.8356123354
-0.0422667332
0.1344508521
0.0119630266
0.5708492078
-0.09218433797
0.04447017526
-0.1289266136
-0.07092422806
0.04034325331
-0.5074555457
0.714921914
-0.1172692314
-0.5043731406
0.03937242944
-0.2952751942
0.7433893219
0.1325145176
0.5335440136
1.160327971
-0.3088259093
-0.1722227558
-0.104078713
-0.04865364563
-0.151382394
0.04537464613
-0.2013997912
0.4582631398
0.3156444848
1.228277057
0.2698258664
0.1162844579
1.121532524
1.056849971
-0.09833415532
-0.6633090071
0.3545884036
-0.1632304287
0.5410142507
0.4039623089
-0.9179008409
0.2222438917
-0.3005557589
-0.3548582993
0.1283080272
0.549381806
0.3841429088
0.0356137393
-0.1373336937
-0.506626147
-0.26386241
-0.5096675232
-0.002853391878
0.4086675912
0.4787462063
-0.06413397891
0.7711410597
0.9780344918
0.4537049539
0.8943947211
0.4404293485
-0.07084374428
0.4638742026
-0.275787361
-0.05648773722
-0.1896659294
-0.4477881558
-0.0002513766289
-0.4069424219
0.2755822994
-0.08416908477
-0.2837493584
0.3932746552
1.118898374
-0.2236126624
0.543346671
0.1138095402
0.5928969376
-0.1385935757
0.3573590633
0.419096376
-0.2622939702
-0.2129657529
-0.08044112846
0.6098838203
0.1369820118
-0.1478060376
0.7928905874
-0.3259000804
0.08083884278
0.1140603636
-0.3303093186
-0.03537620101
0.09312215969
0.02534074262
-0.07728674151
0.6804450139
-0.02591529042
0.5883818559
1.236976653
0.09358207667
0.02681965344
0.6736308761
-0.633543817
0.2758112249
0.2432134379
-0.1316443393
-0.3412123537
0.2965890734
0.7696361914
0.03135346472
0.5145219281
0.119590766
-0.3212493267
0.09044672642
0.08433962986
0.2148186374
0.0008705884218
0.4994627278
1.188107952
-0.4196611799
0.5055955581
0.4864647076
-0.2084475655
0.09705184773
0.2459335053
-0.19954466
0.5417276483
0.4166211125
-0.07057749555
-0.5525704518
-0.1525373377
0.4845704377
0.2929652214
0.027679497
-0.0548784893
1.02589775
1.614353499
1.067846641
0.0255239889
0.2993163163
-0.06218706537
0.2206603041
0.8173922762
-0.2304693621
0.5802846067
1.06905683
0.01551487092
1.02483035
-0.794636023
-0.388366092
0.5762007702
-0.0221879933
0.3405891463
-0.46992089
0.1455053592
-0.05442262227
0.1436884535
-0.2844813287
-0.2202137116
-0.2426349755
0.06048192354
-0.07704349719
-0.03976999857
-0.4446660135
0.2584968507
0.5337497767
0.1899686411
0.2821699403
-0.07107965797
0.3105944034
0.04993087258
-0.213812268
-0.3863483317
0.1240616247
-0.04180716993
-0.07051303796
-0.1215471383
0.1114803316
-0.4708420455
-0.3820600953
-0.2942485357
0.04404707197
0.03779495852
0.6719725614
0.4543217398
-0.2112760525
0.5154546395
0.1805877104
-0.3117292907
0.3858351875
0.004317143559
-0.246568032
0.4948749162
-0.3277944768
-0.1711219789
0.1677961936
-0.7389979511
-0.04953960702
-0.5831397116
0.6905894931
0.3318941537
0.0008846148616
-0.4044889688
0.07687530667
-0.45722524
-0.4041221194
-0.6054252625
0.738435895
0.07447773963
0.02056245394
0.1706861079
-0.1241475362
-0.7843556553
-0.1716210169
-0.1930494357
-0.3908963725
0.04738157503
-0.3077786557
0.3181409076
-0.2891033448
-0.5240120327
0.006713831052
0.2181254704
0.1235246248
-0.386966908
-0.1376451036
0.5513742432
-0.1892823193
0.2637292156
-0.1893137705
0.09556811005
-0.2987746462
0.514524132
-0.08377519166
0.7262420341
-0.02796325292
-0.3973435938
-0.2529358087
-0.5615766302
-0.4750405416
-0.2930358674
-0.5867566586
0.1235433199
-0.528722766
-0.1025718898
-0.6473733872
-0.2357560489
-0.2181302069
-0.07833640613
-0.3147117238
0.2696770061
0.5880483948
-0.782986176
-0.4367654637
-0.004133213032
-0.4854890998
-0.4807720959
0.4027814738
-0.1298768636
0.1872050457
0.3210591616
-0.6225989863
0.2773304678
-0.1823934615
-0.3704649791
-0.3336692836
0.09138540262
0.06668914109
-0.4106362192
-0.4088249188
-0.2783351297
0.5791786019
0.4855355687
-0.4009972557
-0.1486795773
-0.4346955657
-0.2609443098
0.5422245503
-0.003459485155
0.39282174
0.4127807934
-0.2907188244
0.3542024896
-0.3689288378
1.374354637
-0.4132026032
-0.3045266308
0.461204803
-0.3963654175
-0.148064062
0.1825817551
0.3562399317
0.2617705211
0.5682579219
0.6827016339
-0.718511907
0.2685840551
0.3977547541
-0.1291657008
1.030565266
-0.07369639371
0.3343902307
0.684373711
-0.2871738173
1.108028179
-0.6931566581
-0.8398998395
0.2203703193
0.1100176649
-0.124256726
-0.2088550324
-0.5438049361
0.2048894931
0.7542945042
-0.1790564567
-0.4692326978
0.278387903
-0.3204133682
-0.2231829884
-0.1877485346
-0.2979157664
-0.5417428955
-0.2886478341
0.4572302762
-0.1983094271
0.5261910722
0.3771192934
0.5498799048
-0.2268143296
0.6765822873
-0.1644112803
0.03571476061
0.1583347192
-0.7136952907
-0.6931220412
-0.3161592965
0.2743502615
-0.2275993285
0.5596484616
-0.1158491351
0.2240261666
0.5221096504
0.7909485698
-0.2681103531
0.8888406798
0.3297328256
0.6570625082
-0.1085940262
0.3911817688
-0.4545898736
0.7323849842
0.8402030289
-0.2323103406
0.5895374537
-0.2258224871
-0.5623465341
-0.2817763781
-0.33893824
-0.3464776315
-0.6667968646
-0.167391429
1.058680481
0.1342338805
-0.8968198314
-0.7181045353
-0.345882649
0.1685495799
-0.04775586734
-0.3325994156
-0.5979491815
-0.266184618
0.09719737582
0.413071486
0.06457709409
-0.2715518314
-0.3669702956
-0.2337105267
-0.3438324159
0.9105516478
0.08228223035
-0.3191571783
-0.4350777149
0.07023021262
-0.3931825623
0.1910666597
-0.1366817967
0.4684946828
-0.3055604495
0.2265233032
-0.1048657945
-0.2624562076
0.1930460901
-0.146380358
-0.2386127915
0.6573600449
0.1688998995
-0.2686029118
1.133397582
-0.2692342084
-0.7497058094
0.2682631578
0.8001080737
-0.7436791092
0.5784451023
0.1616638554
-0.5294326484
-0.5510002602
-0.5874083489
-0.1781697072
-0.6572501697
-0.3267414745
-0.3550889872
0.002746233717
-0.307824482
-0.4044947572
0.08913087174
-0.4719069257
-0.3298885547
-0.1335446178
-0.06190962279
0.06562305298
0.1853578366
0.7078137793
0.394747676
-0.1814763509
-0.05261184331
-0.9699842587
0.5212631758
-0.2243656633
-0.0003336834256
0.1346286414
-0.05849097017
0.0967730077
0.03692023642
0.509523993
-0.01786111686
0.08889819416
0.4299227204
-0.4228836402
-0.1435049206
0.957221058
0.6864431851
0.03926797244
0.3460179225
-0.5279953077
0.1196566759
-0.2685058914
-0.1834378395
-0.6511256464
0.09470107649
-0.4267700441
-0.1744118426
0.2226994583
0.1156201797
-0.4676293826
0.5498553887
0.240755716
-0.1235602699
0.5877964988
-0.2689452007
0.1639125242
-0.2044987619
-0.5754276864
0.06483040983
-0.2588038781
0.2768824062
-0.3436372416
-0.1310335046
-0.08603075873
-0.1111550122
0.3060268465
-0.72061349
-0.7969539851
-0.2447005023
-0.05345466454
-0.2818444625
-0.1322128378
-0.6054046482
-0.3092925824
0.3117103856
-0.4569184152
-0.06111803297
-0.2604190413
-0.5690851763
-0.01802883651
0.1704063866
0.4297279768
0.1603867358
0.1664558642
0.1299360856
0.03760384806
-0.08077452779
-0.3981813714
-0.3397896158
0.343805857
-0.5302641116
0.5754410081
-0.01171692219
0.4042262651
0.6411668301
-0.2382217787
-0.9079354137
-0.2096126316
0.4331523962
0.4990485035
-0.524926484
-0.4684332341
-0.1018707287
-0.6361698896
-0.4071459249
0.2778603258
-0.4237666521
0.6431396738
-0.5768676668
0.0450036102
-0.0546741697
0.08413359411
-0.4645014413
-0.5424139634
0.9484507382
0.2364466845
-0.07950566243
-0.1122088708
-0.2909787487
-0.4460579265
-0.5012304835
0.1051440025
-0.2657593556
-0.2518298522
-0.4120488111
-0.2628724739
-0.420624809
-0.5138896167
0.2789615091
-0.3919733472
0.3663160801
0.2886798956
-0.3977806926
-0.4262222262
-0.2093549494
-0.3609973423
-0.6468835145
-0.4836960003
0.02349237129
-0.779515072
0.2305787005
-0.345755177
-0.475404495
-0.2371902924
0.2064260845
0.06630891487
-0.2523626507
0.3418242369
-0.2117661767
-0.4692904711
-0.2868055481
-0.7127543166
-0.2706628834
-0.5977655292
-0.1100574659
-0.5009381622
-0.2072655123
1.017922986
-0.2695290098
0.3996910967
-0.3434438348
-0.1233476043
0.1455050459
-0.527203653
-0.6053585306
-0.1026230004
-0.8224342316
0.4829853263
0.7737229466
-0.1168388287
0.7251933023
0.4364716254
0.8169195361
0.0692386304
0.0179802943
0.5332534596
-0.06860086638
-0.4965829566
0.2815972609
0.1006083368
-0.7369024172
0.08321852246
-0.2881502286
-0.5054786682
0.4815633241
0.2108759249
-0.0210915871
0.09612472444
-0.9552902296
0.2984560266
-0.06352924407
0.08126505474
0.8131483413
0.3864012986
0.8277056806
-0.488545759
-0.3417748302
-0.4106331803
0.3390512623
-0.40215002
-0.3994135119
-0.2214946406
0.5223178212
-0.0180096006
-0.1409286093
-0.4445909292
-0.3109665427
-0.2005836241
-0.4057612184
-0.4303161375
-0.219962509
-0.1610386105
0.09164277073
0.05811049789
0.5177110478
-0.3446387991
0.2824340194
-0.01695557199
0.03634877289
0.004872051626
-0.1324605998
-0.322087175
-0.2958823748
0.1958896475
0.03367353333
0.03655364346
0.2221651573
-0.2340180572
0.6380301073
0.02927315794
-0.2845410928
0.2938598903
0.8419170897
-0.6874779746
-0.05929554636
0.8770112023
0.7901021972
0.5262243252
0.2182130571
0.0682396153
-0.2190784708
-0.07523398083
-0.163005574
-0.06618841905
-0.2582882728
-0.1949589994
-0.3688552335
0.8370227948
-0.2887340769
-0.5765866131
-0.1379534069
0.3194949489
0.7673789263
0.09952590764
0.4601612672
1.454530661
0.2697615504
1.110203394
0.5751669206
0.7244972304
0.437571615
-0.5490623072
0.9728406385
0.4228722475
-0.3575954683
0.9274517775
0.3488960482
-0.1260911725
-0.0463139113
-0.6527322397
-0.2081300031
-0.529102964
0.2048683076
-0.1210479142
-0.05688756164
-0.9384343252
-0.1617109351
-0.2808995083
0.00271618925
-0.2127363138
-0.2865361746
-0.3387785964
0.1311923198
-0.460502065
-0.2854791217
0.3464006953
-0.2512073986
0.2188267765
-0.1000662383
-0.1790472545
0.1398192333
0.6162356868
0.3265856121
-0.2307533555
-0.2333620656
-0.1056855261
0.4617405418
0.3917978674
-0.02215786474
-0.2329267432
-0.4163135489
-0.3360704839
-0.3675327294
-0.4070800051
-0.7209122568
-0.005128918402
-0.4518641748
-0.1107069512
0.2553868819
-0.10975566
-0.1377565514
0.5864697319
-0.1426332783
-0.6012334324
-0.3367734753
0.4812178269
0.1842087569
-0.1965234397
0.3130643861
-0.3488429219
1.114673683
-0.1928087398
-0.251277668
0.05472947545
0.0718882015
0.3688869879
0.04690636862
0.4822263166
0.6439554617
0.1293668177
0.4906619564
0.4864757396
0.3253968308
0.1602225089
-0.1721056107
0.1997974265
0.7087614432
0.4384389877
-0.04392407667
-0.0537689642
-0.5116687447
0.4337944325
0.2476688303
0.7048628408
0.1999861715
-0.5440467
0.7258804962
0.783344762
0.2314053821
0.5968123376
-0.2273044046
-0.3362214833
0.440612042
0.7806169722
-0.1675923262
-0.6531000391
-0.1237019178
-0.2821008977
-0.2312866251
0.04058277681
0.653355889
0.297554592
-0.1590526503
0.2742595773
0.7335349262
1.069511235
0.2608218193
0.6945151299
0.4722925827
-0.05763335228
0.3794741735
0.9609198749
-0.626333034
0.03931934424
0.2344504558
-0.2142301476
0.4066261579
0.2684583426
0.009518719092
0.1680077019
1.45592289
0.1848374819
-0.1473117914
1.046871872
1.265816697
1.251933651
-0.2164349822
0.1644914965
0.3105610257
0.5371646494
-0.1564699162
-0.08987687062
-0.2430161852
-0.09687829725
-0.269475586
-0.06291452656
0.5595949057
-0.5695612565
-0.297939454
0.04085919298
-0.5510764185
-0.1224992439
-0.3396552915
0.2274738625
0.866344133
0.1985360097
-0.2770968816
0.5318631582
0.06175808981
0.01275079129
-0.7561218947
-0.1796617653
0.609946008
-0.5027497523
1.372354111
-0.9295150399
0.1429666527
0.6521472976
0.6295785371
0.40975595
-0.6100419834
0.3675557945
0.4650913589
0.4288603783
0.3090285182
0.4013854159
0.3520695157
0.2112312326
0.6698768787
-0.104308046
0.3377576932
-0.03348601628
0.5101970881
0.464268443
0.139041473
0.3909075107
0.9028654665
0.2592825845
1.612974346
-0.2046973586
-0.4279563174
1.262908679
-0.2552933128
0.1689272238
0.4798565835
0.4314671993
-0.1802474806
0.419095711
0.5451353163
0.03283019587
0.2922072534
-0.3381600656
0.2938994166
0.2862304877
0.005449652486
-0.6016428813
0.5594242454
-0.2714425527
0.03584649917
0.6358186558
0.2473172273
-0.1090960819
0.7159119636
-0.005165555328
-0.06959939394
0.3920454096
-0.07857668046
0.3610504322
0.4991611011
0.8323438942
0.2496797066
-0.4752213702
0.7358923234
1.329373157
-0.05078416872
-0.5318101242
0.01155093191
0.4896264065
0.000885297358
-0.4842695549
-0.3527044848
0.07941047782
0.1202993816
0.2952760018
0.5605707094
0.8019332916
0.5651223488
0.9880455703
-0.2873040695
0.2526165292
0.414016825
-0.391712624
-0.3849165328
-0.04774869559
0.8617248759
0.3606184449
-0.3821378179
-0.0902579397
-0.3762106928
-0.6859809428
-0.8344546631
0.5254290447
-0.1157047486
-0.07125215884
-0.04269910697
0.3196906753
-0.4191819154
0.001960720215
0.2117965899
0.5380882453
0.383628138
0.1673307404
-0.09014170598
0.2845634669
-0.2695649639
0.8169791713
-0.07318309676
0.6400376737
0.1777122036
0.1978722487
-0.09287445806
0.5957935706
1.092907424
0.1622379368
0.6435230836
0.5750272632
0.1722179901
0.07844333379
0.6049456261
0.1460341442
0.5828357451
1.037028414
-0.08138506338
1.093736172
1.156740815
1.101563925
0.2019977869
0.2126862738
0.07434472125
0.2892787963
-0.09874043278
0.2303920878
0.1055732001
0.001605203096
-0.06306391396
0.3413346644
0.02017507665
0.2803649106
0.1731799839
0.8479120344
0.5149818059
0.6526746854
-0.1195892608
0.04814143796
1.054573941
0.3007427819
1.043595196
0.1845338531
1.419980812
1.483104792
0.005383784324
-0.406818042
-0.2666111656
-0.2781115109
-0.1904131688
0.6462577797
0.1359213891
-0.2632527433
0.2901617892
0.5034428904
-0.120884566
0.5629852034
-0.07552171797
0.2365003256
0.4794846997
0.374777551
0.3222797606
0.5522216126
0.5176234499
-0.1147012633
0.1294123159
-0.2206145035
0.4001934104
-0.2097268495
-0.007181873918
-0.2695733639
0.06653575739
0.712196435
0.4264520206
0.3841478635
0.5053436816
0.750434503
-0.5839165621
-0.4157673627
0.2102290217
0.6717959799
0.4447015855
-0.1338213868
0.4552605987
-0.3642074615
0.3088063782
-0.4532154098
0.7596624553
-0.4283988483
-0.8116150945
0.4311322238
0.2221746966
0.02223691801
0.3676411519
0.1789628446
0.8506836869
-0.1056367047
0.3798675701
0.3352697037
-0.5759848997
-0.1564399948
0.737829417
-0.1918509647
0.5245052278
0.160504684
1.634867481
-0.05233008768
1.238384958
-0.06670900937
0.1120606279
0.5699540675
0.2344394138
0.2464454157
0.2542321593
0.1841003429
-0.6845096126
0.7152150661
0.1633483125
-0.0008224643767
0.07585281925
-0.203642004
0.7905211404
0.5122878786
0.7719698772
1.199045539
0.8301111594
-0.1460889259
0.424043902
-0.3582146063
0.1813162206
0.8587401018
-0.403765624
-0.06291680038
0.7245444879
0.5718974292
0.1759489715
0.05876349807
0.3926067188
0.05772905527
0.5937593132
-0.08794175973
0.5296996742
0.8753105372
0.4487549976
-0.202324893
0.4670285005
-0.1341581685
0.0909199696
0.5053012311
0.6509191938
-0.01712898128
0.9340833187
-0.09434801061
-0.1963105295
0.08955106884
1.156769329
0.2698363396
0.7406508148
0.74519701
-0.1350854811
0.07795171123
0.4243092198
-0.08234221898
0.2522592481
-0.3839093667
-0.3145486895
-0.1201019458
0.685319677
-0.3633766919
-0.5250224426
-0.002270297706
-0.02319775522
0.3390913559
0.7961076796
0.4916042361
0.003770493995
0.4504659567
0.1938541796
0.2860105627
0.1571003404
1.328815767
0.06278238334
0.2589341652
0.04618773609
0.9853776067
0.6735343441
0.3461611994
0.5982957847
-0.4373724207
-0.09677856416
0.1738220561
0.4981288686
0.1286328299
0.9464748055
0.3609503895
0.2059227398
0.4878075503
0.7230454177
0.943853429
0.6178169515
0.2478042495
0.2314011801
0.2115523465
0.3242041368
-0.01243095342
-0.07700356711
0.316908931
-0.2378370984
0.3170518791
-0.02841549572
0.1636743462
-0.1872164859
0.3297565324
-0.03852364859
-0.6243678927
-0.007577963546
0.4314391267
-0.08851627428
-0.1762506958
-0.2803708229
-0.01687179431
0.3095845908
0.6595274568
-0.004209782742
-0.1019767189
-0.1459748406
-0.5146266688
-0.3198232315
0.4260344546
0.1175736737
0.01562534347
1.098457924
-0.3233357221
-0.3773127317
-0.2080089917
0.1903486727
0.8648507968
0.2560417924
-0.4526244268
0.469173684
0.6306036517
-0.124190486
0.4702154145
0.4931692936
-0.3924583286
-0.1780616201
0.03574878927
-0.670771493
-0.09649783131
0.5214214489
0.4105645157
1.104769436
-0.07047546823
0.6087893218
-0.7275627315
0.105453372
0.3507007241
-0.1698654328
-0.005470721051
0.0339843479
-0.6893411964
0.9440437168
-0.5670130968
-0.2021937603
0.6217946321
0.09602611237
-0.006291336752
0.5456619188
0.1100388933
0.02780137211
0.08539189361
0.290381135
-0.1719477686
0.8735881269
-0.1288261641
0.2436851025
-0.4657114856
-0.1340595198
-0.3282924203
0.4402900785
0.1048637459
-0.007387293689
-0.04806452692
-0.368975798
0.2173099987
-0.3172244564
0.2267490485
0.2382469986
-0.04810051881
0.4113660991
-0.4320939213
0.3242498768
-0.09683364928
0.1564875497
-0.02592494171
-0.2319722719
0.6327443622
-0.02911034003
-0.1649966929
-0.7110832006
0.2028777742
0.03369888701
-0.3323623493
-0.09932184257
0.9099396706
-0.01087354859
-0.2769172072
-0.3001124365
0.1717489609
0.8838125974
0.7488539398
-0.2080901664
0.1225128798
-0.1299716062
-0.08580422197
0.2635244498
-0.2173001066
-0.2918799214
-0.01921803942
-0.4259100549
-0.3983076163
0.2429936733
-0.1605222888
0.07239074581
-0.04228763236
0.4918803692
0.5274737917
-0.425838479
-0.141685076
0.2652160451
0.03182446137
0.4839350253
-0.2336080749
0.08160732929
0.5189354427
0.9818226237
0.01003183825
0.7634075262
-0.2155210746
0.1624435244
-0.4538437881
0.01157573764
0.4452554479
0.3501457915
-0.2812616631
-0.1981628319
-0.3179806173
0.9606120884
0.03154547242
-0.0507251991
0.7863953389
0.2049112017
0.8773732573
0.03647711128
0.3900071951
0.494542985
-0.1475600824
0.5796564348
0.3799025115
-0.6967677578
-0.06690160157
0.3853104565
0.428588637
0.3985255312
-0.6104912564
-0.1087103382
0.7156169221
0.2045715074
0.2917501466
-0.3805961937
0.04818878025
0.007934037689
-0.2124435592
0.8936931342
0.03286533058
0.06525456626
0.2658353319
-0.3370668102
-0.1776421691
0.9058484256
-0.06398148183
0.2580009069
0.1266054017
0.3919461004
-0.2583135501
-0.0408045182
0.8275128946
-0.2044400025
0.747705365
-0.2320044452
-0.1055058188
-0.04293863028
0.4644935176
-0.2276800703
-0.3743533716
-0.03498317003
-0.3460397959
0.02937760679
0.2285924002
1.113715349
0.6899715446
1.439590371
0.6906261981
0.7825946331
0.6653736733
0.07507969039
0.08511814214
0.4807275832
-0.1185844598
0.9472918957
0.5996152222
0.7254455537
0.1031606574
0.1077337744
0.9003667653
-0.0408527106
0.9123773456
-0.1396653701
0.1149508888
-0.01229578881
0.4676099911
0.4412275128
0.6154505327
0.2028382907
-0.2843428135
0.5108756535
0.3691045364
0.1771057977
0.177149994
1.182941821
0.9621065125
0.2514893584
0.8961162671
0.7361589096
-0.09508567825
0.3130290028
0.6810761452
0.2500695229
-0.5176683523
-0.4512772888
-0.3874837726
0.1900372066
-0.2807515601
-0.3446749922
1.012789311
0.212977632
-0.3301172048
0.1907183882
-0.3576757189
-0.02886764519
0.3700688541
0.3284751574
0.3575468093
0.01645777533
0.7448722117
1.242823547
0.2435928496
0.4339825757
-0.08276206404
-0.430987031
-0.0641756136
0.03739848882
0.4488759723
0.5069141611
0.2467764493
-0.1316402361
-0.3225063194
-0.2945081986
0.8144462824
0.23851015
-0.3691596729
-0.08887465484
0.6844105627
0.1518943153
0.07667304883
0.5092620047
0.7816799574
-0.1050938083
0.6318363957
0.1803124705
0.5278204914
0.1790342949
0.06148720076
0.05423800703
0.4233588524
-0.7211896732
-0.3903806008
-0.3564418338
0.3708084386
0.2161684638
-0.2362048622
0.08644113727
1.107410115
0.07778949644
1.135074592
0.04403623678
-0.1039083788
0.3594952352
0.9877497762
0.6826940626
-0.09769068807
0.4189423747
0.5058430169
-0.6120618388
0.2103556968
-0.6035457693
0.2723893467
0.1502226302
0.2510473816
0.02308378806
0.2259080868
-0.5179738149
0.7336253479
-0.158990521
0.02624276802
-0.002290682402
0.4816045158
0.0675139429
-0.3767327743
-0.1552714404
1.065167546
0.5646129511
0.2953132138
0.352709952
1.087339333
0.2064584247
0.5648211375
2.037319177
0.1952799209
0.6560200721
-0.4600007668
-0.3464535261
-0.3194552846
0.2665366784
0.4108713757
-0.4879768014
-0.08498620037
-0.07112730406
-0.6052447468
0.4281723246
0.5143352538
0.7034377113
-0.692780827
-0.1617741428
-0.5124490432
0.1125032268
-0.2609452389
-0.1916296106
-0.1881925358
-0.4124268323
-0.4680950842
0.1995563027
-0.4106081724
-0.2606648082
0.2468328018
0.1124884432
-0.1957855351
-0.5412159413
-0.1339310324
-0.08191690836
0.03068702184
-0.0228210438
0.4668421354
-0.07142772628
-0.3554549973
-0.05533695631
-0.3980206221
-0.3485810004
-0.4326431766
0.9167902753
0.288444005
0.8488413602
0.01254484951
0.3879987162
0.1268874429
0.09682832323
0.1296761548
0.04280317337
-0.2343263458
-0.1630008972
-0.4507668242
0.08008406088
-0.632553716
-0.6188267604
-0.005042829178
-0.4024577528
-0.272814912
-0.2788895652
-0.2182188092
1.173497854
-0.4574728727
0.07324122125
-0.02088220753
-0.6001648948
-0.1847273063
0.1040248767
-0.5679002613
0.4042140432
0.08845410757
-0.1158989889
-0.4154200196
-0.09888760867
0.1829082135
0.7130575411
0.05121160997
0.2702683752
-0.1918102857
1.100448614
-0.1872840598
-0.01466502501
-0.1151691139
-0.2181581665
0.2172575623
0.1892953366
-0.09501371868
0.3296962285
-0.8823800236
0.3056693442
-0.4919722706
-0.1075836837
0.04183194451
-0.1631969403
-0.4256044164
-0.4335839398
-0.6614806548
-0.4312827864
-0.07632193957
-0.2160162842
0.4433705468
-0.414194306
0.1675994007
-0.4905339867
-0.06584077254
-0.6709661335
-0.3801528074
-0.1402268378
0.8218240142
0.3603365794
-0.3488829508
-0.2820793167
-0.08079912476
-0.3901813116
0.7190301809
-0.4145143807
-0.004791608918
0.1514177192
-0.6368542805
0.320560405
0.2388036927
-0.1073826503
-0.3403988708
0.06178943478
-0.1810378708
0.1605128583
-0.1784273101
-0.4080916211
-0.02125842581
-0.003092290834
0.6200686812
0.00504025016
-0.03897352777
0.1279225462
0.2780552819
-0.08486109972
-0.0508595299
-0.09020930892
0.6186595276
-0.1757686768
0.1693397097
-0.6424491391
0.6180474207
0.00808390202
0.8228783026
0.6360117771
1.1251441
0.1383906422
0.3069930695
-0.3722807258
0.1458576567
0.4765842691
0.213811871
0.1034969723
0.6276160911
-0.1859232577
-0.08018493643
-0.05848545134
0.5209382284
-0.04277520357
0.2638551475
-0.162252235
0.1582986008
-0.3418082029
0.1293683168
-0.3031872056
-0.1496659158
-0.6940295607
0.7765597686
0.07236306285
-0.164529873
-0.1746535227
0.4599100135
-0.2646410944
0.9717760935
0.1536018699
-0.09279263718
0.2750610555
0.1074652324
0.4972390737
0.5030216724
-0.4227674142
0.4611128561
-0.08285372593
0.236160312
-0.1468328895
0.2411125179
0.3263704553
0.110941328
-0.8566747844
-0.2558178531
-0.09054819793
0.2771380123
-0.1171263367
0.2369863216
-0.5390784755
-0.1974931058
-0.7980614573
0.132301322
-0.1490595285
0.8373358697
0.3146423779
0.1482192013
0.1866311803
-0.128201797
-0.4671128571
-0.2079850133
-0.3528082069
0.1323488009
-0.008309145458
-0.1744169133
0.5167149417
0.6446500149
0.2121617392
0.07757522995
0.04558434598
-0.2699349999
-0.0841554964
0.3665531376
-0.1192283561
-0.3467044299
-0.7338159263
0.1441628687
0.1636991497
-0.04099301957
-0.1059006948
0.2348366408
-0.525953187
-0.3777851351
-0.2608040836
-0.3617828697
-0.4437835515
0.1252222233
0.2567387413
-0.385090743
-0.2998532251
-0.2714373592
-0.07729099891
0.05811960744
0.05110089928
-0.3829329319
-0.08223081045
-0.1514373718
-0.5313095309
-0.01863307618
-0.8043606818
-0.2677027658
-0.3818971686
0.07025466254
-0.2123910328
0.3508017641
0.4570216604
-0.4097884092
-0.5436568677
-0.1732623236
0.52003638
0.4433022674
-0.4785296679
-0.1012550974
0.2153474256
-0.09759336095
-0.249860453
0.3680305723
0.1089068288
0.629804644
-0.2377175916
-0.1980145562
-0.1336192181
-0.1485766578
-0.3086131657
0.05131060388
-0.3820016384
-0.2620982111
-0.0926457447
-0.1123169858
0.0216107782
-0.5055928692
-0.2812168386
-0.5767751165
-0.5580976009
-0.4170014139
-0.8722227663
-0.2050269535
-0.292953971
-0.3675708367
-0.5902102813
-0.2408182237
-0.5414498568
-0.6044711567
-0.6612906814
-0.1235063974
-0.6123315766
-0.6541605651
0.1902925281
0.3826952526
0.5057643481
-0.4113795385
1.009036605
-0.01655167136
0.1412510891
-0.3600423578
0.2792108595
0.284680023
-0.2665896574
-0.4957014605
-0.4724220052
0.0798591299
0.9317921877
-0.2352573115
-0.0239879122
-0.415050599
-0.2705877729
-0.01113919094
-0.7165844291
0.943750374
0.8182072695
0.4940172251
0.6396947518
-0.1958796091
0.1062192028
-0.8550988793
0.7824328691
-0.220212847
0.1804758705
0.08252335731
-0.1378007397
-0.05747357178
-0.5144039437
-0.3099409642
-0.5893332027
-0.3308632195
-0.1687879676
0.3640569059
0.4895673186
0.6615077108
0.5903964017
0.4381524079
0.3609114492
-0.07775663119
-0.4257170081
0.8392706305
-0.3704825036
0.1802020742
-0.2142080281
0.9663705796
-0.4276984721
0.378443516
-0.2253506962
-0.03547327546
-0.0819497887
-0.6056291893
-0.5406454399
0.223427493
-0.746735622
-0.288599148
0.2542221747
-0.144433341
-0.4710524909
0.1551400904
0.1564654412
-0.2324907683
-0.2840078369
-0.4561589625
0.1298110528
0.4642481834
-0.07874518009
-0.4882959545
-0.1719169959
-0.2864525728
0.1526702283
-0.4320980459
-0.0007382286713
-0.2512492654
0.4768355604
-0.02450582795
-0.1303072577
-0.3215205647
0.3835547
-0.1896501303
-0.658060205
0.6515610605
-0.2969933482
-0.02511180528
-0.6544813596
-0.7349213362
0.2738829801
0.1521492116
-0.3090644747
-0.4755963951
-0.4511819443
-0.07862752676
-0.8602161974
-0.2759113777
-0.791374521
-0.4086641341
-0.7763963565
-0.8487448476
-0.3877104543
-0.3525982186
-0.8122641414
0.02704407386
-0.2200041205
-0.9277328983
-0.08788413573
0.196159078
0.6018698469
-0.3075790809
-1.031396407
-0.667481336
-0.02108990774
-0.09640101241
-0.2629769556
-0.6324240893
-0.1770758501
0.1365551066
-0.2932681531
-0.4406873852
0.2373176746
-0.09874873236
0.02163964286
-0.1058932096
-0.3166393891
0.3849018689
0.4546922203
-0.5379035935
-0.3470920078
0.3992525842
0.09143897388
0.07970173368
-0.217936358
-0.3076125793
-0.1471676201
-0.9115863681
-0.2492829936
-0.3638706014
-0.1438513696
-0.4246934094
-0.8002503738
-0.6006857187
0.6029709555
-0.6681646377
-0.5283052623
-0.300014995
-0.2718158826
-0.1827761529
0.1533015801
-0.2179854132
0.1842923268
-0.1190362239
-0.3551652633
-0.09072235338
0.8366198137
-0.4107922539
-0.1625480151
0.4437575884
-0.05451711752
0.1291323423
-0.6120337358
-0.5364748433
-0.6792888559
-0.1509804996
-0.5469421022
-0.4092258178
-0.1975665212
-0.03621382564
-0.2790152565
-0.6589304209
0.1530578229
-0.1185223302
-0.2021440513
-0.1179248324
-0.4839576185
0.343857529
-0.00876589492
0.2158305969
-0.5553389236
0.2438939394
0.571445284
-0.04255403634
-0.1371355456
-0.2201500617
-0.211441917
-0.4266231418
-0.2578615958
0.2639891867
-0.4934630897
0.06140496572
-0.5211113252
0.4106730223
0.1760747047
0.08732716721
0.8841903377
-0.1357218525
0.9826159596
-0.1854114667
-0.145078723
-0.326217816
0.07563775368
0.2682492739
-0.02311031548
0.04545220658
0.054744865
0.3066154081
-0.04334865119
0.1699928362
0.1813992586
-0.004987224564
0.1116624037
-0.2642385961
-0.07965474986
0.3843101513
0.9379583567
0.3793906225
-0.3674512178
-0.4215609826
0.8759395242
-0.2692425605
0.7966447599
-0.07587432954
-0.04130343553
-0.3614223562
-0.4542672977
-0.4325352125
-0.01324725477
-0.002474997006
-0.5651982203
-0.05460996609
0.6661206387
0.2607535709
0.8731406737
0.3085188499
0.2846031822
-0.2248712616
0.2721630864
0.284351538
-0.2685485365
-0.005708499812
0.2040191388
-0.2525412655
0.44278972
-0.1508874619
-0.1587355923
0.04467521003
0.05203379355
0.3144244084
1.186767657
1.439135015
0.6402933352
-0.01535087451
-0.1332749616
-0.563705869
0.03720621523
0.4798950262
0.6835021555
0.2431447912
0.5552815482
0.1646031132
-0.395617339
-0.9121691883
0.1864755921
0.2978225905
-0.446935606
0.3052972354
-0.02537637223
-0.4536803484
0.7461523473
-0.1875168361
0.6279294841
0.4947794609
-0.1308818504
-0.06792911068
0.1303363528
-0.05144858733
0.6688653126
-0.4464970157
0.06399594862
0.1928490229
-0.01259052027
-0.1189876724
-0.3971934117
-0.1550821684
-0.2980653953
-0.2760529527
-0.05993630327
-0.1217839453
-0.1647101779
0.7492467374
-0.2227950323
-0.4152921874
0.77231251
0.1131817997
0.5251396514
-0.5672657937
-0.4809780687
0.3980643339
-0.5169484466
0.2175575603
-0.5319598362
-0.005017120577
0.4195005979
-0.1454921573
0.01569133885
-0.4736001849
0.494919055
0.4269478407
-0.1024690004
-0.1340934142
0.3495829325
-0.3504636757
-0.1138028082
0.796076481
0.07729800567
0.7843305476
0.585689865
-0.08442669474
0.1840041127
0.1870549768
0.1837526459
-0.08898078874
0.1399953512
0.9835897729
-0.2934082575
0.3557895441
0.7585933417
-0.2495180603
0.2308576625
0.3784963459
0.7221711621
-0.1698387064
-0.3991319902
0.707667847
-0.6796954021
-0.01011585873
1.640775968
0.002520717215
1.286221594
0.07789091002
0.3920759477
-0.01027115956
-0.3535210187
1.487002659
0.2957003165
0.147122304
0.16862038
0.2579688869
0.2275658339
0.04531853152
0.2284170479
0.04613233134
-0.2819196854
-0.1578186894
1.813394654
-0.01261140909
0.9561113819
0.1606446056
0.2274088597
1.303372988
0.7249995247
-0.3735496115
0.01170747001
0.144469999
-0.1193043448
-0.007742552832
-0.05827914476
-0.1791352723
0.1962420089
-0.4111621287
0.01935226489
0.02319423221
-0.1970870247
-0.2474644642
0.02317637932
0.5351083063
-0.1507534536
-0.6568861589
0.01828282638
-0.02959029349
0.007009157911
-0.08376525342
-0.6727977172
0.180259986
0.2220756778
-0.506498085
-0.1143103793
-0.5459766001
-0.3322265361
-0.198919408
-0.1265665151
-0.4673510388
-0.3156575687
-0.5022556886
0.5073396508
0.715236409
0.870675014
-0.04601545986
-0.1601400552
0.6235608831
0.4652510587
0.2790225536
0.401742363
0.3848607376
-0.003363154083
0.2442182604
-0.007437591814
-0.1657399287
0.07494892059
0.8368476331
0.1376314864
0.3942517433
-0.01978194891
0.2456741359
-0.4784351774
-0.4047244731
0.08970452491
-0.005031935778
-0.1081912765
0.3800232843
0.1961671155
0.4019987248
0.04133039862
0.6062370092
0.1174110748
-0.6213029295
0.3609119982
-0.261012237
-1.010933954
0.08885347331
-0.223123955
0.04850296071
-0.8242275
-0.3182849089
-0.07440694198
0.07850792226
0.607411056
-0.8226503983
-0.04062239788
1.083754699
-0.1061774405
-0.1079823315
0.7464824587
0.797013535
-0.224193731
-0.3199343674
-0.3109686092
0.515438322
0.3208397962
0.04950655354
-0.1049362963
-0.1472549712
-0.2918737825
-0.252656104
-0.4286470667
-0.5931286901
0.01009744126
0.1541667465
-0.5405771956
-0.01338353814
-0.07999895383
0.07384248022
0.3428541852
0.04351068856
-0.2839682437
-0.1309880761
-0.3431962939
0.002190022357
-0.100879799
-0.7664612249
-0.1323145371
-0.3854712483
1.018744268
-0.09164331388
-0.412612085
0.5189060863
-0.03479173342
-0.3414440356
-0.5836866632
-0.5592206456
-0.154833041
-0.55161919
0.006819635909
-0.3388588689
-0.6494631842
0.158346923
0.3458312832
0.07020789906
0.4164667051
0.2888338465
-0.1453012262
0.7385491922
-0.6015632376
0.2544669023
-0.0988627702
-0.03339439481
0.7849477947
0.3102513447
0.9022536874
0.02953750561
-0.4121078804
0.1386261491
-0.1755078755
-0.2622385206
0.07991910726
0.02951236907
0.3791172253
1.037339701
-0.1386974208
0.4857285231
0.04917539684
-0.2244807925
-0.4405314788
-0.5419566989
0.3096649643
-0.01247758009
0.336927595
-0.1122630715
0.2132286467
-0.1645043505
-0.02355741374
0.1392772844
-0.4369150564
0.1521652057
0.1648124289
0.1496582098
-0.06033332674
-0.5708589554
-0.1383975166
1.046681532
0.02619807469
0.1392202234
-0.5282136828
-0.08900693315
0.173293345
-0.1374687197
1.006649923
-0.4620719187
0.1180226461
-0.4256718028
-0.3989894204
-0.0514850758
-0.1534679439
0.6374118626
0.8712524194
-0.3889831141
0.4161107242
0.5775991097
0.020162623
-0.2754051007
0.2317161772
-0.343577449
-0.3838995515
-0.2546698276
-0.2477763131
-0.2225848012
0.4514993951
0.3705124967
-0.06812801249
-0.2368496273
-0.4586429462
-0.5892928496
-0.5232831374
-0.6244254172
-0.1050496612
0.2788572621
-0.6946158186
0.6150738269
0.05593054015
-0.3055078186
-0.6103113532
0.3408860162
0.4439829624
0.01204669364
0.386528286
0.7926749807
0.6133714274
0.1251672157
-0.1305590438
-0.8939886495
0.797685647
0.3995035999
0.157189854
-0.5991813585
-0.8780993372
0.3504228055
0.2717785903
0.1735048339
0.07914959341
-0.08524602028
-0.3942571275
-0.09522817656
-0.1619939128
-1.033928332
0.02570946636
-0.2937209364
-0.429778352
0.4001791269
0.8754412346
-0.3656014033
-0.7033568352
-0.2006792754
0.02935732482
0.6092633188
-0.1997129492
-0.720879443
-0.2823502433
0.7573991083
-0.1375636565
0.1824197039
0.5061156746
0.7211987171
0.2167920565
-0.704894647
0.3076074131
-0.509851063
-0.1254334062
-0.1189934853
-0.50967585
-0.04022802953
-0.006976547465
-0.6237546712
-0.4010737889
-0.09448406864
-0.5881462857
0.1606089915
-0.2322120924
0.5975496456
-0.5371847354
-0.1533937022
-0.2318238735
-0.6737444758
-0.1654765546
-0.3075429928
-0.9940813392
-0.5997584403
0.06706722346
-0.5699090898
0.07508613989
-0.1479770314
0.3570674002
-0.03027660102
0.01930544581
-0.3497805513
-0.5966140717
-0.2090636089
0.1160049364
0.1845974295
0.3556793675
-0.4998224214
-0.4875543229
0.04207197763
0.08414590824
0.6292107552
0.0005195910111
1.464272174
-0.5110373247
-0.1649386521
0.1287900718
-0.6448011905
-0.252527982
-0.3561639629
0.119448125
-0.3703013659
-0.215376398
0.797236393
0.2829843027
0.7439939257
0.181886684
0.2130070143
0.1735797439
0.8985046059
-0.4385440007
-0.2945826729
-0.5073660284
-0.3300480194
-0.4743358172
0.58869363
-0.4364887901
-0.3691120125
-0.4507099956
-0.3379715927
-0.04951410554
-0.3825492356
-0.03891206011
0.6307354074
-0.2760856859
0.06232863013
0.3702936959
0.5247754887
1.229993054
-0.0648369791
1.021201758
-0.3733680457
-0.3697448023
0.6690870613
-0.6343008228
0.1535433587
0.6726983707
0.3268661991
-0.4716099042
-0.1936981257
-0.8872679457
-0.2133570835
-0.7238527864
-0.4529651463
-0.7295907333
0.01260689963
-0.01567467758
-0.1971910698
-0.4829045892
0.1875617704
-0.4182628974
0.2338730432
0.3270928256
-0.7819361329
-0.3471409101
-0.1949404888
-0.04527604356
-0.3769521162
-0.2102861237
0.3264895152
-0.4900066398
-0.481561169
-0.3545850419
-0.1222493008
-0.9805215299
0.02900155112
0.1030925727
-0.2135520233
-0.765316084
0.3615325857
-0.3620074876
0.08545537796
-0.1578398731
0.431609052
0.6006688312
-0.7665408015
0.180576871
1.045196497
-0.3431539953
-0.3987608224
-0.2826862033
0.1328746065
-0.841230379
-0.2867180131
-0.2250397619
-0.1099080654
-0.1024886859
-0.5106519863
-0.08625126043
0.04623109028
-0.07724578381
-0.0310686931
0.3293751396
-0.9879731536
-0.1516932616
-0.6833490193
-0.7855562627
-0.8860136092
0.28488662
0.04487529043
-0.0800760801
-0.3868046835
0.06643538587
-0.2900189566
-0.6542024732
-0.2940022253
0.03825816847
-0.2859120369
-0.9489404917
-0.2104042273
-0.5217188656
-0.4232733913
-0.9531497195
-0.01452658009
-0.6088448405
-0.2635202087
-0.2800239563
0.2016886246
0.2828385793
0.9214772195
-0.005606975034
-0.3447543014
0.1874781923
0.05099856816
0.003512981907
0.03586231656
-0.09254748039
0.1776704577
0.1109004679
0.152755779
-0.607612291
-0.1410135932
-0.4916386068
0.4051655702
0.2847549871
0.02799582798
-0.4026271939
-0.4944094315
-0.73893812
-0.5588204384
-0.4058451459
-0.5355254054
0.2286515594
-0.5273384482
-0.2930311931
-0.3755239148
-0.4591340829
-1.08238996
-0.5908343717
0.02061910098
0.1750591557
0.07683226522
0.04352166355
0.1850793966
-0.9050277501
0.4782470617
-0.2406512046
-0.09721041368
-0.6365386259
-0.5908930458
-0.9463021919
-0.2531044753
0.02000086196
-0.0735477943
0.8739602454
-0.5218529582
-0.05217056237
-0.5608070116
-0.6617641345
0.2109803355
0.08104989957
-0.5943266705
-0.1539222866
-0.2879217669
-0.5809658997
-0.6538279291
0.02819576189
-0.2279459029
-0.4747124784
0.566571077
-0.0269386326
-0.2036376114
0.205188329
0.4576759107
0.4923820466
-0.08122839946
-0.1655795407
0.02095209351
-0.000389937032
-0.5244099542
-0.5002847075
-0.1053299833
-0.01330219209
0.795031482
-0.1945287962
0.08670057151
-0.1354348637
0.5348511234
0.3796006598
-0.05033960622
0.009847858083
0.1561024236
-0.1117654752
-0.1436738901
-0.06552159097
0.04743077811
-0.4765549786
0.5475532152
-0.1378522579
-0.2304835081
0.02403116692
0.4264503926
-0.0923622746
0.308508084
0.1495039197
0.8773775995
0.2811508758
-0.1394465148
-0.4128111765
0.1051723526
-0.03456316721
0.1808024166
0.7274035834
0.3105928392
0.3185567491
0.7962714806
-0.1843723979
0.1914293975
0.4779034503
-0.09521041214
0.2807935044
0.5574397448
0.9169680975
-0.05870725308
0.5053777479
-0.1502017751
-0.2895999439
-0.4601346813
-0.3124712376
0.5048739813
-0.1589032516
-0.19583329
0.2419526912
0.09722007196
0.6322831579
-0.3523122171
-0.08110392676
0.4386879552
-0.1823322384
-0.2928858578
-0.03394116503
0.1962938538
-0.01099400986
0.3653676962
0.4909892701
0.2704051478
0.02074813172
0.01857692651
-0.08940221351
-0.02373932423
0.5187525295
0.3407276366
0.02921127034
-0.0913971711
0.5027486391
-0.4108871207
0.07175671495
-0.2653307874
-0.3615001604
0.2434324214
0.05573813468
-0.2059779137
-0.06938762181
0.5341158874
1.033395705
-0.1928244224
0.06349082049
0.676532197
0.306515272
-0.3402723424
0.01106146239
1.923598194
-0.546529527
0.2346425187
0.8295465201
0.3838352215
1.213295609
0.4639646672
1.059691618
0.1797968946
-0.02206234019
-0.6057277348
0.2270189339
0.5192228533
0.1435154915
-0.1291555375
0.08815065497
0.09051515516
-0.2396057533
0.6953754976
-0.4181697085
0.0214877896
0.1866265828
-0.4094971411
-0.3573793039
0.01014004387
0.1422103772
0.002002641372
0.6587772533
-0.399004516
0.4455181111
-0.01938996781
0.3950256424
-0.06139156055
-0.2588189755
-0.5859373555
0.1393122025
0.1332805825
0.0425244139
0.552745191
-0.2967256449
-0.6923082784
-0.3974729594
0.7961607717
-0.1057174295
0.4479520053
0.63803242
0.6320421673
0.5353055175
0.4293333039
-0.3083345406
-0.1549303169
-0.076899301
0.3103340037
-0.3293591751
-0.4496327959
0.3919119369
0.2957384266
-0.5023323335
0.2332132639
0.08082848713
0.1296937404
-0.2092555372
0.0429082498
-0.289680028
-0.4083994282
-0.4260680437
0.2547406316
0.5628893465
-0.3308791436
-0.4897691309
-0.2859537054
0.3572996579
0.07038041782
0.07116718553
0.6777093843
0.3746390279
0.9473095119
0.366787881
0.8394827858
0.432434205
0.4345868114
0.0387896711
0.176187803
-0.1749737933
-0.3169248518
0.1197753495
-0.1801300701
-0.3231422484
-0.227693554
-0.05384937525
-0.01173215285
-0.5619722739
-0.2282100538
-0.113061709
-0.3713667989
0.07488347888
-0.277996923
-0.3586469084
-0.2924993943
-0.0387814749
0.1866226925
0.02351868544
0.8432683408
-0.1779274102
0.09142118692
0.1095239861
-0.09452658612
0.3606162284
0.1416637359
-0.2779943248
-0.02924823184
0.3933182448
0.8073148087
-0.1446186846
-0.5711140826
-0.6179964349
0.528188302
-0.02042852854
0.0248869258
-0.2644664779
-0.2641664684
-0.30663263
0.009895069432
-0.04406593917
-0.7590425029
-0.4311961129
0.2662575778
-0.7074839234
-0.291433008
-0.4950582452
0.1548820538
-0.432408195
-0.9685317487
-0.304021024
0.2783223493
0.4473365065
0.5197512239
0.2738708828
-0.276136128
-0.3894856635
-0.6318729788
-0.309660819
0.9045840561
0.5693276074
0.2827502973
-0.4196957909
-0.6524908043
-0.2201117903
-0.1779636022
0.2018856134
-0.1504793672
-0.06553712208
-0.6611391507
-0.005795308203
-0.366730484
1.059993775
-0.1127846722
-0.4346241325
0.2271945283
-0.3188542617
-0.6388922185
-0.4001356095
0.3116019979
0.2815813588
0.06631102506
-0.6337782517
0.0437722167
0.2081400309
0.03749523554
-0.1293658976
-0.5652754188
0.5762214325
-0.3629519813
-0.2706859027
0.5208737299
0.04936480559
0.252169632
-0.08164481837
0.09763394408
-0.07697579265
-0.4267827109
0.08512797616
-0.7171589702
-0.5235913031
-0.769393231
-0.1755445782
-0.4765230179
-0.5334010709
0.3057185343
0.04679469159
-0.001463325229
0.113407035
-0.3928500313
0.3066634815
0.6937153738
0.2839545324
0.04989334773
0.6547966525
0.3087292062
0.08703375589
-0.1549220241
-0.3602219842
-0.3427328467
-0.5637401462
0.03916847892
0.1799961954
-0.3653772865
-0.1477750219
-0.1357478851
-0.1343055771
-0.09352597818
0.8372231506
-0.527477668
-0.355226972
0.7032342426
0.1717453953
-0.2839444025
-0.207159454
-0.1136288401
0.1029202249
0.8574761271
0.3960501812
-0.03101598434
-0.124383921
-0.2950293653
-0.6925369918
0.7543421365
-0.2808816604
0.2787191266
-0.1312569864
-0.1413244083
-0.3686831344
0.4587022096
0.03130963072
-0.225386896
0.01363012576
-0.4281074151
0.2827349946
-0.3792728335
-0.3484718725
0.1112215065
1.133334389
0.09291743869
-0.28058565
0.3127193164
0.3015287489
0.04471809044
0.6012168389
0.4423168737
0.2339126505
-0.1615153112
-0.7074420184
-0.5259425435
-0.214749711
-0.5377897188
-0.04963323977
-0.4604577333
-0.03298464827
0.5085431956
-0.0876901716
-0.2626623124
0.5428564217
-0.04547068058
0.4497140735
-0.312923291
-0.7780454263
-0.115892474
0.282549559
-0.4881222103
0.7931192085
-0.3885573333
-0.4239863642
-0.6627825066
-0.8678263634
0.362027308
1.42540717
-0.3697710946
0.1625808644
-0.8169252582
0.1481687929
0.1563527973
1.022318746
-0.4056478694
-0.248821779
0.1763237495
-0.3288162015
-0.4129678182
0.5699076585
0.6539818767
0.4019684926
-0.1550988577
-0.7896534741
-0.3744281564
-0.08886001036
-0.09451389704
-0.1655987345
0.726905556
-0.3046081837
-0.1096205898
-0.2775395961
-0.5616528645
-0.4528580219
-0.3716363758
-0.6108240917
-0.1824561311
-0.4534703523
-0.9457988929
-0.3213526633
-0.7146544665
-1.15760121
0.1101131879
-0.2427219892
-0.1288166003
-0.2508834537
-0.7862797126
-0.4455635853
-0.1982908486
-0.4635440528
-0.2831982888
-0.1428196918
-0.3439297214
1.664558342
-0.3876812011
-0.2579573338
0.3481037907
0.4097067889
-0.003970566206
-0.2349620516
-0.6835029572
-0.3129288092
-0.6716127902
-0.1211107945
-0.0918301791
-0.6086090989
-0.04960618839
-0.3296289444
-0.4363740884
-0.562640056
-0.6519351363
-0.2660717255
0.02141909488
-0.7469380334
-0.570284903
-0.001145233586
-0.2859011301
-0.2062766911
-0.5994204298
-0.2465776287
0.4941336397
-0.2363066413
-0.4225483716
-0.9061190337
-0.5867934346
-0.583084473
-0.2598593997
-0.517754887
0.01733970027
-0.08972451817
-0.3297636079
0.543876487
0.1303750686
-0.4084063254
-0.2221530965
0.05177652948
0.2693133738
-0.9109000042
0.06608265899
0.106725677
-0.2563864518
0.3262039296
0.01093131099
-0.4662410885
-0.04984966703
-0.0005666777492
-0.08745608106
0.3802647091
-0.4768708646
-0.7640157014
0.1136688394
0.2016004434
0.1952103863
0.4209760927
-0.235957084
0.08187603951
-0.02575407512
-0.3312201377
-0.1909637236
0.1689974014
0.02442940213
1.013671583
-0.1134804791
-0.1108648758
-0.4309143469
-0.3091826258
-0.1009404475
-0.2058311967
0.3749186423
-0.6927364126
0.05564670824
0.2581634425
-0.1387810908
1.42759117
-0.8120940037
0.8547038287
-0.3449283487
0.1277639611
-0.05458803326
-0.3735510603
-0.3865136627
-0.1823334903
0.1608094513
-0.2201245882
-0.2320949212
-0.5169188183
-0.0178094713
-0.005597978178
-0.7143090263
0.4767811202
-0.8781224206
0.2177577531
0.4565383866
-0.3212880144
-0.8490960509
-0.09951952454
0.419982706
-0.3088608259
-0.07352978177
-0.06606443077
-0.4716963589
-0.5357837364
-0.02784243394
0.2841966376
-0.2657995194
0.2221120093
-0.07525952067
0.5672860473
-0.6224080317
0.1565757079
0.2775853381
-0.02704102453
-0.3087034598
-0.4199694071
0.7420537692
-0.1568997536
-0.7039466262
-0.3662554368
-0.1699588606
0.1560611647
-0.11409932
-0.6751043513
0.1039500024
-0.7716037065
-0.3257774562
-0.7126869276
-0.226934997
-0.4140869781
0.7704579517
-0.09795314502
-0.3670571044
0.2753675573
-0.9500263363
-0.1964908723
-0.09510994665
-0.708378233
-0.4539891422
0.2611223694
0.1671380918
0.2669158146
-0.08340318631
0.0727482412
-0.1689754535
-0.2754776944
-0.1273407992
-0.6069368124
-0.4150322385
0.006378891412
-0.4404089447
-0.1390957335
-0.372853373
-0.000573099684
0.01080161761
1.21508562
0.8210842252
0.02627184
-0.4754146002
-0.890315026
-0.6457505941
0.1037677711
-0.6705686972
-0.3347390085
-0.05672631338
-0.2243211946
0.1443183892
-0.184157077
-0.4378344439
0.2897656735
0.3612360928
-0.341693772
0.150136308
-0.0335150592
-0.2748984681
0.4798773795
0.9752690375
0.3882482029
0.8465139508
0.1250114327
0.776355128
0.2890522125
-0.4065122887
0.3085493524
-0.343121323
-0.01538786031
0.774904562
-0.1058771319
0.2192915961
-0.02062764615
0.4832545638
0.5138885228
-0.47618002
0.6913133353
-0.1545570316
-0.03481984753
-0.1705004998
-0.1175819719
-0.7853285611
0.2928505877
-0.38143453
-0.1061763873
-0.1360331075
-0.0605575779
0.3654258914
-0.3736481391
0.2280618458
0.1203260796
0.1268788019
0.1309924074
0.1328559602
0.4243366428
0.06695696777
-0.1680860355
-0.1580956569
0.09551001079
1.320925011
0.1519310672
0.4785579056
0.03675180096
-0.2325457567
0.5099138729
0.4234846831
-0.3930498056
-0.4557141945
-0.343488837
-0.06353989784
1.039282522
-0.3959204301
-0.1636528745
-0.04831550233
0.6303511024
-0.08066767026
-0.1809130009
0.6694915231
-0.03125196658
-0.01211317284
0.7576414624
0.8538920201
0.6113827974
0.004030079953
-0.4208235249
-0.3649508774
-0.003109327191
-0.1597798318
0.2760870025
0.1456288725
0.7885830715
-0.07906050989
0.3762128182
0.5599013939
-0.5079810597
0.3903491527
0.1262714589
0.4457906343
0.02362093208
-0.8263994634
0.2129303195
0.1130393015
0.09275276028
1.096790762
0.1870397869
0.5907932106
0.1221335581
0.3660284385
0.3055850826
0.2393264402
0.6961185023
0.3576974936
0.6008803219
0.54706767
-0.3307518542
0.9433136284
0.3539787307
-0.1222782813
0.4317017708
0.3337701589
0.06756680757
1.474880102
0.566852133
0.3214436732
-0.129472791
-0.1380882252
-0.1893586423
0.7368512746
-0.08073870465
-1.166910288
-0.2351056444
-0.3090305656
-0.03258220907
-0.3355364189
-0.3152773008
-0.3064968292
-0.4281163111
0.4151349738
0.2883842018
-0.3611435838
-0.2398397684
0.473843354
-1.042460415
-0.1306996675
0.2280523531
-0.2031246819
0.4524943605
-0.3226314873
-0.3755806804
0.03335987017
-0.3100661859
0.1089473773
-0.5284693882
-0.004098173231
-0.2070568927
-0.1286007868
-0.1325051127
-0.4218242399
-0.06490826067
-0.1150607925
-0.2286009267
-0.01867441805
-0.2083569385
-0.6337581068
-0.4950167298
0.1220660644
0.1534361636
-0.1408945926
-0.2450123012
-0.7533924967
0.4486926913
-0.2094665311
-0.6317846373
-0.01383143421
-0.4973206684
0.2571480233
-0.1317644722
0.0696615532
-0.3095609613
0.5641618438
0.09055261128
-0.4585827515
-0.6405470774
-0.006569546834
0.4580467749
-0.1487231731
-0.1387097098
-0.3704526134
0.707798776
0.6353421528
-0.01373639107
0.3549447002
-0.2140152164
0.2040954316
0.815027082
-0.3095816337
-0.4614083931
0.05551519394
-0.004448837601
0.04639981864
-0.3299507461
0.1198437538
0.8308641285
0.7245118216
0.1472492553
0.2078210311
0.3804199867
0.30183075
0.2243643394
-0.110039941
0.3042201731
-0.0979614377
-0.04498603782
-0.07257537581
-0.7937809706
0.2137762729
0.1844964439
0.06967144366
0.8124683283
0.4579382375
-0.5221162185
0.3587640181
0.1406700988
0.159641161
0.463652084
0.6875503018
-0.3536924906
0.1351303052
0.02110345736
0.1963633822
0.2467570413
0.2087627655
0.9655965447
0.5020766217
0.07152188551
0.005232063215
1.23350611
-0.5736963242
-0.4396079049
-0.385091573
0.2751183078
-0.4630376607
-0.1377129748
-0.04543459024
0.4186237361
-0.1632394645
0.3807469834
0.3844788864
-0.1860791542
0.3922519952
0.3835378736
0.31947878
0.1949278885
0.9675999045
0.8081316784
-0.2184117787
-0.4987166166
0.1480926802
-0.5118592694
0.4924001418
-0.1183183255
0.4227827236
-0.3428616062
0.04044108707
0.917141261
-0.2500995621
-0.6107157111
-0.2003514087
0.5175581925
-0.1538566761
0.107469214
-0.3990679175
-0.02002214082
-0.2449380141
0.2639010337
-0.2214453395
0.08428703081
-0.02968929484
0.659124203
0.06549270228
-0.03412621021
-0.2109532684
0.5969731785
0.02464435287
0.5466482311
-0.2581466425
-0.09420528337
-0.01080264905
0.08413647246
0.1560432926
0.294147939
0.7784064218
-0.396696043
0.2929718219
0.4546088219
0.1210581541
1.047081903
-0.1442843098
-0.3430302598
0.1935584988
-0.541546949
0.03582269317
-0.297483905
-0.4666745469
0.4286510047
-0.5366145819
-0.4271269783
-0.1394564249
-0.03241806272
-0.1758188781
0.3484338779
0.4872277744
0.580363445
0.1746072266
-0.1448046362
0.04485508557
0.2008153396
-0.03538151868
-0.04823774081
-0.302312554
0.4936834406
-0.1614093855
-0.3121969514
-0.05887475424
0.6282999696
-0.4138485298
0.00682306774
0.6102124199
-0.1444404446
0.1380940501
0.5139589079
0.07580818175
0.3058855401
0.5510533765
0.1209020223
-0.3359067902
0.1690061694
0.3868013434
0.6126736253
-0.4649276361
-0.2375563644
0.7075705037
0.3081797872
-0.4813875645
0.1847992077
-0.3836844653
-0.118640634
-0.3394067723
-0.245798506
-0.3827627078
0.1942482337
0.4176531903
0.724903436
0.320482697
0.2034855504
-0.009167336114
-0.0741711528
0.1801259164
0.1948322996
0.6634042308
0.03600231465
0.4499430448
0.06896864544
0.1124453454
0.3880606104
0.8141929083
0.04489646647
0.7158233315
-0.2054386638
-0.04596269801
0.2697133195
-0.5880924702
0.9997986481
0.08122416344
0.1417711362
0.3231784128
-0.3662489653
1.155816096
0.4823257186
0.2677072313
0.8991374344
0.4693396926
0.4618142581
0.9860436991
0.1204724379
0.5598434307
0.9806276083
0.5472332157
0.04574319869
-0.1263239376
0.2219624458
1.020692314
0.2311483324
-0.2467248376
0.7797431722
0.7794885501
0.7253697693
0.3760466173
1.189795431
0.2477802526
0.3374008611
0.7978512272
-0.0321701467
0.4410880281
-0.08741912171
1.306273231
-0.2004779655
-0.6038418978
0.2126372473
0.4847815193
-0.1215633145
-0.4574041605
0.3740841195
0.6740450002
0.1154841546
0.8048962802
0.5500877317
0.3547841292
1.092700973
0.06128394105
0.07860194407
0.2933142306
0.2054731529
-0.2354829226
0.0938298204
-0.3286636695
0.1976230409
-0.1917487754
-0.2493336871
0.02720227949
0.6676844418
0.3944685372
0.4169541623
0.3178430025
0.1834625876
0.001282672957
0.4164234184
0.8530602962
-0.4725773633
-0.2588745043
0.05737931095
-0.1620744221
0.3513661448
0.2461551491
0.5011988059
0.2981690362
-0.09038898051
-0.4853603214
0.4283817649
0.7814349115
-0.5107077733
-0.2792095229
-0.216945383
0.1610551015
0.951644022
-0.6182443053
0.5419929959
0.9720585614
0.7951074995
-0.1951518975
0.05599765461
0.7350485414
0.7088728376
0.641458942
0.04275577702
-0.1430129012
-0.3639165893
-0.1289001048
0.9380882323
0.005595108494
0.9635114737
0.623730579
0.437751418
0.06597583201
0.621299316
0.1753671102
-0.3412907675
0.9121832222
1.210103744
0.6884391844
0.1272825439
-0.2625743471
-0.4658379994
-0.2031288382
0.6493284248
-0.5102274507
0.3537084103
0.4638931403
-0.0265629543
-0.3455376461
0.1809617199
0.262030315
0.4694988258
-0.1481005866
0.3769742038
0.8422469318
0.3177617859
-0.1331420459
-0.4802750632
-0.06008791719
-0.03768724874
0.1328663938
-0.1298862495
0.2094575429
-0.3698792174
-0.3839999631
-0.6388478354
-0.2014723964
-0.7039181709
-0.2009785535
-0.414890936
0.5765849888
-0.2293592636
0.06931940354
-0.2027680289
0.637197715
0.05420428757
-0.2362946404
-0.08796337964
0.5360875316
-0.4050598994
-0.08442371469
0.7248842388
-0.2338940963
0.8276470535
-0.03375919992
-0.05564363934
0.03207616098
0.01849061479
0.01294343676
0.6178405702
0.8474647954
0.4342624836
0.2993623002
0.5576634262
0.3297033196
-0.01303623114
0.7814137191
-0.09775665477
0.1260833114
0.9822088152
-0.09494646396
0.6754641809
0.02075431421
0.5384998813
0.4634309381
0.7855258606
-0.0838015141
0.484429156
-0.5674002722
-0.1970806055
-0.5167763025
0.6116592884
0.1039734025
-0.02522348017
-0.4918594003
0.3205356007
0.2007377744
-0.3589681432
-0.3570575222
0.2040102335
0.6761969537
0.7889674231
0.05511326622
0.3271578746
0.2352495782
0.8608383961
0.4146451026
-0.5687700495
-0.3198847171
-0.6142008528
0.1573074477
0.8668871205
-0.02454704624
-0.09648246188
-0.250108007
-0.6463199884
0.05323949736
-0.2202294517
0.2162597943
-0.4809205055
-0.381709484
-0.866082263
-0.2346112497
-0.3511094622
0.8285959467
0.150408601
0.7516828313
-0.114137914
0.1496904911
1.118850195
1.048940703
1.659932369
-0.2231947128
0.563332241
-0.2272745699
0.8830732554
-0.08411445487
0.1660268091
-0.117362049
-0.7098483607
-0.3720979333
0.2892167419
0.513106459
-0.51957618
-0.1506501619
0.3761104491
0.8073476285
-0.3374175772
0.5577462383
-0.2349415965
0.1011961207
0.04833433945
-0.3001257733
-0.2672300393
-0.3645163959
-0.05463428646
0.1018647116
0.1318905408
0.151463633
0.1190638283
-0.4693387806
0.2131497499
-0.2717991911
-0.4979022697
-0.2188793771
0.3511235898
0.09864644036
-0.3086949918
-0.2005193239
0.4393224545
1.068080408
-0.03198360968
-0.02406702396
-0.6455461025
1.187332024
0.3520265974
0.05590385403
0.5798249446
-0.3936639056
0.4425523825
-0.1804815937
0.02144802827
-0.7342994273
-0.2986341465
-0.6788193211
-0.2391095538
0.03257590756
-0.3613597013
-0.3798386365
-0.7133852035
0.2791868722
-0.03544939309
-0.5549507499
-0.2327720225
-0.0313904956
-0.0936466353
0.1558998095
-0.06030875221
-0.04160597213
0.1434678381
0.03361046133
0.3338536088
0.1715968766
-0.5811486408
-0.2906546135
-0.4377204135
0.9289866358
-0.6181569073
-0.01280322256
-0.3124600425
0.001942305639
-0.06210771129
0.2785816964
0.1303022491
0.3674296439
0.8738810718
0.3027816653
0.4878432155
0.07372505348
0.5151853971
0.4977021642
0.7678132743
0.6841869272
0.7864190876
0.2963457219
0.8995357066
0.04975464912
-0.0402369177
-0.2160181019
-0.1581305012
0.02380243409
0.1724014424
-0.2563968502
-0.02472549528
-0.3594358414
0.01443279237
-0.5860522628
0.3676955383
0.4976136215
0.1945042366
0.9254413858
0.2205319017
-0.2253829319
0.5080051258
-0.3133777864
0.0356962542
-0.7240481704
-0.3092254799
-0.3193636924
0.1041468328
-0.1598441439
0.2413887693
-0.05281399265
0.4073754314
0.2783107816
0.0528672087
-0.1599183526
0.03874287792
-0.2650654674
-0.1433342434
0.5350757562
0.8504476421
-0.2201326624
0.6464492902
-0.1562444564
-0.05134883076
-0.0191417696
0.39626825
1.17453872
-0.1002495216
-0.0855148958
-0.1219009757
-0.2321980093
-0.2187924407
-0.2875903472
-0.1419748314
-0.3368898436
-0.05042288639
0.02770102303
-0.3776861429
-0.2978734538
0.5425042942
-0.2123621739
0.2600891851
1.117926425
-0.1345510848
-0.180170257
-0.09836520571
0.5747468188
0.3892717093
0.640120174
-0.09957457874
-0.2583531603
0.7809125636
0.1118379826
-0.006633181684
-0.4564914688
0.8903284416
-0.164233866
0.03332326878
0.4116902713
0.7607436635
0.4912316283
0.356661015
0.2043354653
-0.4716146201
1.151334564
0.5784176469
1.19303835
0.6204501256
0.4811623886
0.990847671
0.1138202553
0.187492638
0.55683209
0.03132701479
0.1144378277
0.06656644437
-0.2244739819
-0.02346224487
0.5731006324
0.453747062
0.6817458004
-0.6494996414
-0.5943733647
0.2324236205
-0.1797990015
0.8560318381
0.3198513478
0.3476914816
-0.4828387022
0.08256320776
0.9453085564
0.05241672378
0.5266167745
0.1912868427
-0.02061460242
-0.1309322644
-0.06220516209
0.157453802
0.3844573092
-0.3391224317
-0.03078103084
1.216223577
-0.2107454576
0.1287264207
0.04895376377
0.176619233
-0.2241721816
-0.1471188609
-0.03927681949
-0.2634653911
-0.475179106
-0.1011458091
0.5078310698
0.6437744401
1.243066746
-0.2437239453
0.3178294174
0.4924200844
-0.8747790605
0.519097767
-0.2504617892
-0.01615547426
-0.3569599018
0.491842021
0.2541847815
0.6912938073
0.07304242998
0.2410221515
0.04463297278
-0.0577485837
-0.1938269209
0.04180671535
-0.181243322
-0.03387175314
-0.2654513367
0.4922875389
0.01141173262
0.1507733865
0.0006521303207
-0.1797102563
-0.1274265157
1.01474781
0.4107110001
0.2074579795
0.3746888727
-0.004471134767
0.3059236553
1.042993516
0.1055802391
1.672549507
-0.2566237848
1.552169238
0.1414340344
0.438879719
0.0742397625
1.439562482
0.3735684976
0.7381276928
0.8179478854
0.5620553039
0.6215080619
0.07731507383
0.2917606756
-0.3820646934
0.2056287985
0.5672926515
-0.1505036246
0.3444663342
-0.09058523476
-0.34853701
0.8610494532
0.3052031964
0.8008436114
0.3435880965
0.9260136634
0.3921807617
-0.1467963805
0.4741258934
0.1945184726
0.1612725649
0.6760020316
0.128022931
0.6607022196
0.4484845053
-0.4142467245
0.3367441874
0.01405244279
0.2416902099
1.308219887
-0.04131321069
-0.1417880971
-0.09745816626
-0.035887165
1.039666003
0.3931753954
1.006394872
0.7278078742
-0.103847212
0.2418105135
-0.1537241902
-0.08267207537
0.0940605728
-0.3932316445
0.1263186337
-0.7486371726
-0.4942384005
0.4297174515
0.4338735983
-0.1790696032
-0.008368692547
-0.3187544815
-0.1156575277
1.060251129
0.08680282831
0.1982828448
-0.251171454
-0.0550292762
0.1261576807
-0.2523385469
-0.3580101632
0.08191710897
0.09077626672
-0.03120310586
0.7752461568
-0.1671402844
-0.1805653203
0.3558515709
-0.1215552472
0.007612322271
-0.08784079868
1.538792729
-0.1054442884
-0.02380600162
0.2873228028
0.2041075245
0.04903171621
-0.3261589609
0.03068049103
-0.5036433317
0.09628563728
-0.1615005329
-0.1392297713
0.05233637448
0.1562642131
0.4068186268
0.04587940644
-0.1768699035
-0.07439488284
-0.5158854306
-0.5917493433
0.2624728546
0.6135425098
0.2307565179
-0.5533776499
2.146558833
0.7331202656
-0.5100289837
0.1192026441
-0.2518661931
-0.3454643384
-0.6575025663
0.01562836207
0.06341982074
-0.1980768289
0.3905482553
0.5298140749
0.3995151319
-0.07130162828
-0.1640557671
-0.3566829145
-0.09316446334
0.05253023617
-0.04004289433
0.2810790323
-0.4606712908
-0.01215833016
-0.1014721265
-0.02762492802
0.3399125502
-0.2388639342
0.1955147546
0.1801305681
0.9778625593
0.04935172424
-0.1375161249
-0.5621167868
0.4226298332
-0.231072269
-0.006167067029
0.9051217765
0.1729206447
-0.3290457569
0.3634251241
-1.327583295
-0.1416764367
-0.3368879154
0.4042121835
-0.3501347274
0.4294287387
0.01544663068
0.02195211835
-0.1444801778
-0.1085795385
-0.2699410364
-0.01746916994
-0.2651453059
-0.2465993261
-0.1990627527
-0.2048422895
-0.1824440196
-0.3043477302
-0.3563552037
-0.4929532632
-0.165669908
-0.1187345998
-0.3299010776
0.0766879851
-0.02109140828
-0.06909600534
-0.06533610336
-0.5421654806
0.2394221041
-0.04023521552
0.2321075587
-0.7055483773
-0.1934078922
0.7380849101
0.08633458987
-0.02403201275
-0.0685343124
0.0320153581
0.325437329
0.3767402567
0.390506378
0.6011358827
-0.2888823319
0.8790758133
0.2099739831
0.3241341323
0.4278712332
0.1739340211
0.9835697919
0.1581607737
0.4388430474
1.265074101
0.1076021472
1.029876891
-0.1116995609
0.7074937031
0.2335060596
0.5012155693
0.4195881413
0.3636659455
1.455349666
-0.1977441333
0.08101134263
0.1478320953
0.008030494303
0.7397381701
0.3178311208
0.06059818938
0.7032748058
0.4343172044
0.590940173
-0.0002362481784
0.8774961069
0.2277064528
-0.06223862935
0.8223725513
0.1621969155
1.124447648
1.065443802
-0.01133909263
0.2138414561
0.3075999349
-0.4020052835
-0.2568456933
0.4065138087
-0.2774493387
0.246938541
0.2222772047
0.4290547103
0.9343343034
0.3907810641
1.015388018
0.1382034095
0.2845229529
-0.5846325606
0.06743971016
0.3888171151
-0.07103312584
-0.3261260811
0.4769092146
-0.8397003263
-0.05549184289
0.1546141554
-0.4400292892
-0.1089673821
-0.1700262468
0.2085904536
-0.4571772531
0.06963748001
0.3130247302
0.3624332309
0.7609787941
-0.02542856336
0.03858033344
0.6087597661
0.1856129775
0.1586467579
0.09217372835
0.8045246996
0.3022399232
0.1337149702
0.504597684
-0.1055774366
-0.2935519211
-0.04277184368
0.639111945
-0.4036144555
-0.02486187974
0.7460646421
-0.2849390164
-0.331186261
0.1319027804
-0.4555376302
-0.1187782038
0.1485546604
0.2077453323
0.08486183546
0.3852091476
-0.1059460977
0.1447035672
0.2429038925
-0.1354610053
0.01301090904
-0.02021800969
0.4082020946
-0.6702119961
0.2771146104
0.2044733807
-0.007490307279
0.3253249932
-0.199962729
-0.2799418857
-0.3728611194
-0.5270369872
0.4945751831
0.2339520872
0.2388300613
0.5226395033
0.7645363264
-0.2780694999
0.2635193042
-0.6513660386
0.5945456475
0.8505861133
1.028551686
0.2475259652
-0.2346076902
-0.212157714
0.2797986753
0.07356168218
-0.2731555235
-0.2940568669
0.3167337809
-0.07906722054
-0.05363260061
-0.1592286907
-0.6933420926
-0.4386200193
0.8358460687
0.2828729395
0.4320267886
0.730428946
-0.372796727
0.6337402917
-0.4243631326
-0.2165449299
0.7844466463
-0.6578152418
0.321649462
-0.463145718
-0.1732069293
0.1573650733
-0.5624149546
-0.7377516016
0.2069529405
1.25682883
0.07420439068
-0.7986489639
0.09557324294
0.7204356194
0.004384049959
0.1785340985
-0.2059777766
0.2626473805
0.9825023428
0.3320419218
0.2111491755
0.02336837053
0.0030112084
0.03139886223
0.7622931123
1.221559656
-0.9512043327
0.0340289399
0.1879419534
-0.1862801968
1.232870364
1.300843608
-0.5660822667
-0.04444955103
0.7656800464
-0.1124451127
0.02108409274
0.5307309806
0.5780870683
-0.4836906374
0.9545903891
0.02676958907
0.6766440708
0.06095236596
-0.2933724828
-0.1709166318
0.2989858147
0.7444025382
0.7362057067
0.09550792696
0.1319759447
0.2051201768
-0.2740205131
0.6573085278
0.8647113591
0.7105802089
0.2468524136
0.7171531498
0.05190578122
-0.1345672306
1.517780694
0.4989635587
-0.1119603343
0.3932811551
0.3763007313
-0.02072824538
-0.4917118639
-0.6154633433
0.1434833365
-0.4583670437
1.075927879
0.4282357439
0.1174147798
-0.3086824842
-0.6754325315
0.159299437
0.147701408
0.1976838276
-0.05785077102
-0.482565783
-0.04628445227
-0.01526015527
-0.07821632233
-0.0746910518
-0.4038330771
-0.1107324312
0.05650391486
-0.6044937626
-0.7747809887
0.185732954
-0.2101176899
0.1729966588
0.03377116011
-0.01552457325
0.1168691779
0.02049449105
0.8346915647
-0.5586645439
0.134365443
0.2450775877
-0.2689771147
-0.1274688389
0.5800155029
0.2164949276
0.9498865798
-0.1416168354
-0.319838278
-0.3596130051
0.403887713
-0.47285292
-0.5738675267
-0.08053712789
0.3259446025
0.1364197023
0.1154805632
0.1902444683
-0.4329487368
0.2813173108
0.1380202262
0.2583753128
-0.4135558542
0.1116699781
-0.03472596612
-0.3132544607
-0.3597525239
-0.2849658135
-0.4129140005
0.0684788275
-0.1301433753
-0.3859282091
0.1013220768
-0.497172989
0.1187462047
0.1158960196
0.1580251686
-0.2674799219
-0.2726035068
0.3171250653
-0.01761844894
-0.1830004439
0.01906441245
-0.4592563286
-0.2529371955
0.1552929712
0.4384594716
-0.4777975231
-0.3994427711
0.1922373425
0.1633081043
-0.08301720228
0.07366574947
0.2026068831
0.07745428216
-0.2368060056
-0.3417488299
0.05656704828
-0.6333217353
0.4581607856
-0.0686087592
0.04703555955
-0.4786380976
-0.2785631765
0.5201711204
1.280986907
0.08157982845
-0.5719154701
0.3601790566
-0.06644023973
0.4077474512
-0.5195158735
0.2944704603
-0.2350558907
-0.1623178067
0.007455043122
0.2837344125
0.06317507084
-0.007719683833
-0.07638738286
0.1344677784
0.08081218805
0.1767850066
0.111060733
0.05959180277
0.4625748653
1.036734366
0.7350169145
-0.582234785
-0.1931500988
0.1476455899
-0.3187990777
-0.06616445165
0.8335211501
0.1755709532
0.1521255743
-0.2168194244
-0.01338369735
-0.194379301
-0.03497986607
0.243583047
-0.09286808772
-0.3467856079
-0.2925487705
-0.8888278961
-0.3584036961
-0.3087634847
0.4103647307
-0.6929587424
-0.04388393611
-0.1880481273
0.6594213963
0.1735986615
-0.2239013225
1.696101427
-0.2705616347
-0.2973380297
-0.1177040994
0.5985075653
0.186561978
0.4715017725
0.03925172612
0.9398439772
0.1641058724
0.206131296
0.3160486318
0.4982515432
0.1589409245
0.4019607976
0.2472673591
0.2425632743
-0.1461603228
-0.1714355458
0.4027381442
-0.0762761483
0.5717864834
-0.345465441
-0.01085144877
0.4323967837
0.3598262899
0.002648699284
-0.3842251498
-0.7013505176
0.02753709182
-0.4365940183
-0.3375233196
-0.372093749
-0.250077033
0.3416607898
0.355057542
0.004072722793
0.7837681495
0.03923654584
0.302159835
0.1678206492
0.4206282295
-0.05252372576
-0.06255989186
0.4749412611
0.1041952718
0.250045862
0.2607891804
-0.3691195965
-0.2309864819
0.7080182098
0.08040934764
0.1203479402
0.4975936655
0.2172264744
0.1224260086
0.3159832262
0.4186141044
0.8520187512
0.2093038322
0.8405439019
0.6868680499
0.2517569274
-0.4234277979
0.4024221845
-0.06821596115
0.0756555316
0.6790864348
0.2374304337
0.3568914272
0.5710116133
0.5553478904
-0.3692790329
0.9496656612
-0.08485400248
0.2771266848
1.010407838
0.2742666353
0.5790473409
0.1007898249
0.7048638932
0.6485883899
-0.187183184
1.335285455
-0.1670384727
0.250348258
-0.2963487804
0.8729751527
0.01075046612
0.1632203967
0.03601773381
0.6547244005
0.6117270831
-0.788700369
0.1340355648
-0.05714765312
0.09715037448
0.02852157857
-0.3893109508
-0.2030644795
0.190273669
0.1615118939
0.2824876569
-0.3025990635
-0.3221371815
-0.1145316906
0.871687755
0.2983485168
0.9098809376
-0.2409481104
0.8931867555
0.6384096362
-0.15994156
1.165198821
0.5633389354
0.08258329127
0.2670802958
0.4451798625
1.050178096
0.5941641815
0.9211257055
1.226197135
0.1594777782
-0.03130844701
0.1182572719
1.175082451
-0.1617390059
0.2242387928
1.107026585
0.4761000078
0.5805673122
0.3262051843
0.1466527849
0.8915211961
-0.06556390058
0.479155308
-0.1144082623
0.150881019
0.4047346666
0.4620806247
0.4839708067
0.2209289065
0.8886528641
1.320863944
0.1798778828
0.06513678432
0.3133862361
0.1055287272
0.7572693281
0.7123808898
0.8842761859
0.009070974588
0.6770243421
1.034209013
0.2442829467
0.7725978322
0.6787820876
0.820191415
0.4380829692
-0.08643664233
0.1234334847
0.2385106567
0.8415186837
1.34674353
-0.2357832031
0.95599069
0.7447336599
-0.0773177457
0.2866291061
0.4617837012
0.05133719575
-0.4296319172
-0.4068813369
-0.1794713754
-0.4584651425
-0.04177605249
0.7489743218
0.1967093289
-0.3768389665
0.278699417
-0.8443919808
-0.6815405861
0.02411377802
-0.1237528284
-0.5742517412
0.4212507457
-0.04141807184
-0.1431795597
0.5074487485
0.2338851921
-0.3909900233
0.6580187798
0.05228511831
0.222652914
-0.3340141281
0.7561767086
0.3799048923
0.06235847827
-0.08130080551
-0.3858464867
-0.4950435415
-0.2798764437
0.6202911049
0.5502204999
0.5223234698
0.5929618761
0.1348103797
0.1055526588
-0.3212776542
-0.4529450588
0.4200095931
0.1757523207
0.3054272441
-0.327879706
0.8865255117
-0.2049113756
0.3834736399
-0.01557750013
-0.2964530133
1.041172858
-0.7292161852
-0.07212256603
0.2101201072
0.2486360962
0.7379229277
-0.1127005113
0.3852337976
0.5120384276
0.1845114817
0.5029283419
0.9076716214
-0.1825178197
-0.5354441844
-0.2114835963
0.4217870571
0.4333207712
0.207605415
0.8640229404
1.301100317
1.05174779
-0.02973408867
0.3739248533
0.6527369037
0.9303515881
-0.04792325087
0.3288714711
-0.08877878096
0.4997506514
-0.4300935369
1.262474543
-0.3291956408
0.1104354214
0.2844598275
-0.08167755641
-0.7151862323
-0.2650077395
-0.2134390313
-0.09692353103
0.2672663026
1.250169498
-0.1761673274
0.02155541796
-0.007951195166
0.6608260315
0.4123646215
-0.3019266803
-0.3512630805
-0.09244041629
-0.2136278804
-0.4106333129
0.0128251201
-0.03363958411
1.053724766
-0.1489761259
0.2329160232
-0.2131222855
0.5903983533
-0.130750525
-0.03328917874
-0.5782976434
-0.3272570997
0.03492487576
0.1454308677
0.6280379716
0.2024835641
-0.3410397165
-0.02597780172
0.398386538
-0.06756908558
-0.2286792945
0.1355094639
0.7841715902
0.4204343766
0.1782588155
1.247910237
0.422092887
0.2120460495
-0.4700168215
-0.1354124822
1.043227375
0.02897170484
0.7758313209
0.6526474446
-0.003662072681
0.5470452577
-0.01750852261
0.3259468293
-0.1420901559
0.4556704722
1.114373735
0.4867429391
0.7667074233
0.3274355978
0.1817563098
0.4892805658
1.311873236
0.01283153053
0.3703814067
0.5022039451
0.0870957287
-0.1720744284
0.06745149679
0.1124298849
0.08767971732
0.04965596236
0.07904095668
-0.09927180558
0.6794003725
0.8417353928
0.2857353631
-0.0432433024
1.876573902
0.3808736108
-0.6463739038
-0.4511577249
0.5211663559
-0.0402489543
0.1769481622
-0.006126666628
-0.2034983812
-0.2685026437
-0.2397850998
0.105921628
0.04563516895
0.1296315489
-0.3295382876
1.159418079
0.1437084466
0.6605604351
-0.9827802747
-0.4375429958
0.8555716768
0.8196592905
1.082987306
-0.1533068679
0.3831461363
-0.645533739
1.279553241
0.9498428643
-0.3439921215
0.2045907488
-0.2606693864
-0.2917965725
-0.5287495613
-0.4197169155
-0.377244705
0.2149015907
0.06654194482
0.2670785386
0.337366654
0.267855658
-0.1284148392
0.627528156
0.1339199001
1.474470028
1.087740281
0.1074799618
0.3975585211
0.2061351342
0.2244944008
-0.1827755652
0.06222357666
0.3373193681
0.3965788506
-0.01241295785
0.1424017372
0.4962956622
-0.3911683287
0.4125754632
0.0387264479
-0.2902802235
0.6936153874
0.2694392492
0.4098007463
-0.0849192271
-0.4094754513
-0.2431914151
-0.636655803
0.1758713104
-0.2836809911
0.3963301279
-0.2740335412
0.2228867266
0.4807317328
-0.5421702035
0.1439235404
0.3060038801
0.5570945449
0.03222543001
-0.5611218147
0.3580525063
0.6350642711
0.3762081545
0.5819562323
0.04572212175
-0.2818456426
0.396441089
0.6194556989
-0.2591473872
-0.5749970526
-0.4211152107
-0.3719838783
0.1598315263
0.4164043715
-0.0123200234
-0.188239939
0.1036470275
1.293495396
0.05442878641
0.469199919
0.2209560487
0.1188781206
-0.1986397758
0.5630574837
-0.38573661
-0.1117410474
0.2628093742
0.3684921615
-0.08333628867
-0.257901432
-0.3506083861
0.5505922712
0.1911363732
-0.6823700801
-0.5209999546
0.5350991048
0.0650381431
-0.7627378225
-0.5972778827
0.1982732981
0.2451619562
-0.3656797476
-0.08366007246
-0.3817106716
0.178033028
-0.1045005443
-0.05384908635
0.2177713051
0.2521942985
0.6277951449
-0.445107653
-0.6414572164
0.3469115887
-0.6908828437
-0.07476316839
0.2839668844
0.6666716866
0.1996448122
-0.1143293316
-0.7362840265
1.292495492
-0.5617886081
0.07646663934
0.6906245306
0.2230328197
0.171119952
0.4410604052
-0.155286089
0.8765093327
1.284745792
-0.2716214467
-0.2277086586
-0.3183639012
-0.07505433662
0.5170048289
0.8907889396
0.4841232412
0.9962721586
0.6019947596
0.5345016845
-0.2408748334
-0.4332652524
1.036901668
0.223063026
0.05076902965
0.5283280261
1.364268041
1.586156338
-0.3187466625
0.1280153635
-0.1807249058
-0.6682199091
-0.1543765422
-0.4178125344
-0.3654239789
-0.8318955749
0.5030563824
1.018608963
0.8052205771
-0.06656410019
0.2218793511
-0.5018424049
-0.6993798807
-0.1757274482
-0.02035996076
0.7340222841
-0.06814356763
0.2332840487
-0.3035010595
-0.1228244793
-0.3668046437
-0.4535927698
-0.8582052529
-0.08427820709
0.08418498337
0.3349547889
-0.3610204309
-0.5532972366
-0.2050046504
0.01566636357
-0.2195423007
0.3142225962
-0.1493512319
-0.03760225177
0.5915063225
-0.09606602676
0.1064220911
-0.4107225537
0.2713442164
0.427946385
0.3377814285
-0.5463083774
0.3798248887
-0.1693351217
0.005643365206
0.3786946492
-0.09562151991
-0.1885673929
0.1925680166
-0.2674368333
0.0004022367299
0.1638275828
0.06000558063
0.7349476829
-0.1874585357
0.03277875111
-0.5126531988
0.3652279694
-0.1348634094
-0.4037887424
0.0488744773
-0.1612075664
-0.02479927875
0.161484064
0.4282723095
-0.2063395914
0.8958782494
-0.4243136987
0.3057868218
-0.1386028852
-0.1692281013
0.1789921289
-0.2293807616
0.3642317481
0.08674111646
-0.08745010588
-0.6403805345
0.01424101167
-0.5203080684
-0.231546314
-0.4834676154
0.3927038997
0.2997773839
0.5060526326
0.2214912023
-0.7995009869
-0.231901478
0.5171466798
-0.7773453146
-0.7005502321
-0.09931417573
0.04791039079
-0.2685262185
0.7565689549
-0.4817047417
0.8970666647
-0.02124412376
-0.6582492769
-0.3459995024
-0.00158806406
0.2543000635
0.04029981974
0.5094213441
-0.9673811674
-0.4253951639
-0.6573463872
-0.1597111318
-0.2977622285
0.01838502698
-0.8384923145
-0.381169825
0.3569168095
0.9405843258
-0.2689974707
-0.1736745089
0.5812091932
-0.2857431471
-0.02550393823
-0.3545352772
0.986344517
0.09033590984
-0.6349670857
0.1842367794
1.451673838
-0.3084224239
0.02049015881
0.2681867205
0.0444837708
0.1645339625
0.4679346602
0.4185619339
-0.09777980018
1.486349089
0.3944092643
-0.308250599
-0.1708915785
0.4135868508
0.141689516
0.04061586317
0.1721501949
0.223139945
0.4049974989
0.53074109
0.3561252698
-0.1723493125
-0.06992747467
0.4504049813
0.5927392319
0.1593522966
0.6661409274
-0.325291428
0.4344493553
0.3253300503
0.1405507449
-0.05106570534
1.001628005
0.4982059352
0.6408619307
-0.1557691356
0.9191495568
1.030999538
-0.5157670721
-0.6098689273
0.4388963539
1.047246382
0.02160684364
0.04478918593
0.3720208265
-0.2261223048
0.903937377
-0.03060712013
-0.01258279532
-0.2542444274
0.04580699694
0.6492887735
0.4695213757
0.558199162
0.118708203
-0.3715961255
0.3995012015
0.05159961972
0.04979159096
0.5073402837
0.529357364
-0.3962528128
0.1879745772
0.8692058213
-0.2205279391
0.9094438106
-0.4520399719
-0.4583271727
0.1974650347
1.253331965
-0.05853858525
-0.1783935416
0.1740488613
0.1721149199
0.9647714168
-0.3838286892
-0.1964096487
0.3163566627
1.053312257
0.3884858787
-0.1540607996
0.2911499199
0.1307540014
0.2974265378
0.933850345
0.1327240009
0.3306985211
0.001200435311
-0.7442751676
-0.2412491223
0.1798435867
0.7567893475
-0.1089911329
0.4134381901
0.4353620984
1.272833762
0.2510977918
0.0975558687
-0.1393361155
-0.5595866293
-0.1185109999
0.06746288482
1.243111971
-0.01031768396
0.01429916695
0.3083249653
0.6838552669
-0.1166882079
0.125389551
1.401974204
-0.08601472359
-0.05295251086
0.9528556496
0.5713749662
0.6599949002
1.449949175
0.3441725019
0.4798907504
0.7615246929
-0.1809345402
-0.1459026728
-0.08251718488
0.2101526739
0.3082462702
0.01265135203
-0.2155734327
0.7060743824
0.719793953
0.8397429585
-0.1345139758
-0.2283500504
0.5708891377
0.8109085321
0.8157163665
0.5553950459
1.202665892
-0.2997355029
0.6066624075
-0.2117842613
0.3834698975
0.149859106
0.5748483166
-0.3564097326
-0.5319885135
0.3987647595
0.1653042158
0.09794865334
-0.026120428
1.051339483
0.2062930331
0.4044302421
0.40860039
1.051449507
0.6936210237
0.6177864503
0.8126504034
1.154872561
0.07929617874
0.6057384253
0.6597060971
0.01466075233
0.03732550703
1.078261194
0.04362453204
0.5804298677
0.03376078
0.8915340424
0.2770878319
-0.1081381001
-0.07525711264
-0.1946370609
0.5765852652
0.6026194483
1.268391752
-0.02269844096
0.6137293629
0.259230189
0.01316434927
0.5574185271
0.9926441163
0.5456718139
1.244016305
0.3886280715
-0.3466163963
0.6306904875
0.003806212731
0.7389789715
0.8566143185
0.3456805499
0.7573379457
0.5914827928
0.8993693098
0.007804177701
1.291607755
0.8543215543
0.6291209549
-0.01690091509
0.4341247067
0.5605152834
0.599395749
0.06894130185
0.974002555
0.6745933637
0.3523247369
-0.371718172
0.108990881
-0.272164499
-0.3944774888
-0.3263220452
-0.589760001
0.7914962396
0.07185738049
0.4434760686
-0.556779331
-0.6426516607
-0.3803526685
-0.1052445359
0.4162932515
0.1138728136
-0.1565842588
-0.1776098449
-0.1532086575
-0.1303018453
-0.7727457643
0.05616242755
-0.04738076553
0.5146888107
-0.1660451025
-0.03803903237
0.8164336301
0.7986568861
-0.2091051895
-0.3006254803
-0.6242733479
0.4218147827
0.1716523763
0.2950903121
0.03167503197
0.09835562222
1.072305819
0.4425489001
0.7383904256
0.5904127561
0.109041195
-0.1427845152
-0.1013821098
0.02862374168
0.7701485127
-0.1058079511
0.7733151503
-0.3622179911
-0.001839505322
-0.2953479812
-0.1215754222
0.0312501437
-0.6385394007
-0.03730837777
0.1109988345
0.952787663
-0.4065107174
-0.3047816243
-0.1313222148
0.6651572101
-0.345047801
0.1437891698
-0.4060869396
-0.05449104272
0.5193791829
0.463033554
0.1836703951
-0.3317511395
-0.3195926599
-0.5093486384
0.02427698188
-0.3107101861
-0.05675477739
0.1723768819
0.3319886282
-0.2579935659
-0.4295394629
-0.352088324
-0.1476967581
0.2920323342
-0.4426572591
-0.5737851396
-0.1110789478
0.3700374156
-0.289273262
0.5516632184
-0.09125083573
-0.4698122367
-0.00552722197
-0.0793404229
-0.3981606811
-0.2015301455
-0.3890177548
-0.158346959
0.07523914268
-0.1247258045
0.6068938717
-1.011101139
-0.3156847231
0.6558739573
-0.08063458167
-0.3222439535
-0.04220292545
-0.3025517106
-0.210087147
0.9640186071
-0.3081935674
-0.2788976155
0.1002093863
-0.2459995175
-0.1620327216
-0.1019071829
-0.5469025604
-0.3280626222
-0.4292481586
-0.1376775378
0.9342664123
0.4882360306
0.295602417
-0.6976011053
-0.3065285832
-0.2942654133
-0.04738670122
0.4401740298
0.5854089051
0.6733178448
-0.05329452511
0.6043642595
-0.3728037
0.3881950814
0.09237263687
0.7124533728
0.1967540372
-0.0701094741
0.3636703881
-0.0193427803
0.2618591119
0.4936623394
-0.04230488054
0.4873219341
0.01815464813
0.1247183729
-0.07023936026
-0.4247650862
-0.1322131369
-0.7298652261
-0.1260473587
0.4724957533
-0.3819021553
0.3810608611
0.3927492991
-0.4260401651
0.9615400963
-0.2051408656
0.1281260841
0.3873878218
0.3627325442
1.109129196
-0.3471358247
-0.5694644257
0.5195804432
-0.5504277438
-0.246177908
0.2296523736
-0.1838154865
0.4981222093
-0.2775495194
0.4337342784
-0.3543146349
0.5597700685
0.2830481764
0.2763238624
-0.3884382274
-0.04763166718
-0.6138636962
0.01168963835
0.8012029756
-0.4513694704
-0.09035110865
-0.1803786606
0.02244154741
0.1171876665
-0.4738545954
-0.2506278701
-0.1934562445
-0.103556376
-0.4098515287
-0.06560993083
0.06541785877
-0.6751752362
0.4702427231
-0.101642541
0.7151530802
0.757919972
-0.4885889377
0.5866819412
-0.1506104629
0.7186502501
0.03633159325
-0.549838011
-0.1745600877
-0.1782613378
-0.06008954383
0.488210848
-0.5164436728
-0.2527304651
0.367957266
-0.2632236328
0.2718526136
-0.2461322602
-1.026991737
-0.299556187
-0.6132560633
0.4353461593
-0.2200288989
0.4554919675
-0.3589521646
0.1623787828
-0.2301456701
-0.07693045991
-0.6284964293
-0.3433146864
-0.3321471535
-0.3883694582
-0.4562547892
0.2889673578
-0.05556957368
-0.5630226061
-0.6332928389
-0.149608567
0.6548406407
0.3000575611
0.3013096172
-0.3791511178
0.006205812097
-0.3310781077
-0.3008218139
0.4811283484
0.6194180906
-0.0990835838
-0.7752781793
-0.09636535011
-0.1142259523
0.8612756342
-0.5005363613
0.440728352
-0.3580718733
-0.2430260742
-0.2009173725
-0.05695260088
-0.5432070956
-0.1742183913
-0.03049800913
-0.1917147199
-1.087831104
-0.07319711018
-0.5563600279
0.5127631299
-0.6304075085
-0.6454186678
0.3352957629
-0.2700827628
-0.0397656966
-0.3336462148
0.09820534755
-0.40326031
-0.4139068648
0.5308453016
-0.4266377829
0.1111370032
-0.05178889502
0.2028926203
-0.2051786514
-0.4367042832
0.002612198982
-0.4439538866
0.1727260931
0.1837471439
0.254036491
-0.09386498462
-0.7138038591
0.4029591974
0.2936510608
0.3301958771
-0.2065668546
-0.2351623241
-0.8249614559
-0.4479532234
0.7125880107
-0.8394796848
-0.1824567474
0.1214291468
-0.3587878719
0.7590853326
0.07018320523
-0.01382784992
-0.26705065
-0.4319615379
0.7589270674
0.2633972447
0.164941776
0.7614053011
0.514305836
-0.1787099663
-0.05113951187
-0.3206124373
0.01078082398
-0.1136221286
-0.1641248144
0.02418376785
0.3714564817
-0.2787466403
-0.09338696692
-0.3116809256
-0.1026805144
-0.400807713
0.3532805748
0.3078696206
0.397220326
-0.3414549366
0.2443989206
1.842918637
-0.2114196131
-0.005733664799
-0.2955930982
-0.05340286046
-0.62250541
-0.01392816156
0.5350248404
-0.103794728
-0.3379497156
-0.2443315038
0.247532564
0.1556145307
0.5475137882
0.435434071
-0.1579899192
0.4374548584
-0.6715417203
-0.7613854483
-0.5176956937
0.2790724084
-1.023721915
-0.5985886633
0.09738597311
-0.5461579621
-0.6011218086
1.297126751
0.4170346782
-0.4136019513
-0.3730711833
-0.1385755392
0.03606711291
0.2150004039
-0.06667695213
-0.2064549614
0.03673439622
-0.226953434
0.1469202509
-0.1321923845
0.3945396652
-0.01691115797
1.634021184
0.5951032013
0.3656841233
0.6612109557
-0.2703846727
0.6166067973
-0.3046992965
-0.3642121479
0.225595085
0.7742116302
0.468622303
-0.5098854855
-0.7551243424
-0.09232277349
-0.4690235764
-0.7115208164
0.5691514894
-0.01966481041
0.162872183
-0.2925563909
-0.04982546512
-0.5084480472
0.1852231
-0.004492312856
-0.4708760008
0.009086655499
0.1010325054
-0.318582641
0.02012634389
-0.002468651906
-0.1332737057
-0.1567022372
0.1993493082
-0.6744118795
0.6235908486
0.2459033225
-0.2463137478
-0.016859271
-0.07509918436
-0.447468549
-0.2626469091
0.018163497
-0.03776410483
-0.1007311516
-0.06570062563
-0.2758753717
-0.1193093203
-0.131495278
-0.04059768505
0.5714093126
-0.2777658604
0.3269486681
0.1580465548
-0.06587085202
-0.1925292335
-0.2491096511
0.1971054239
-0.7861482382
-0.7470089197
-0.02974986229
0.5184238194
0.3394234606
-0.2361615589
0.4196200874
0.354966314
-0.1701908726
0.3091320083
0.6996283472
0.23085445
-0.5622716844
-0.04777330607
0.001958168531
0.008675522357
1.089855449
0.3710354246
0.4577362772
-0.5374419361
-0.1147796288
0.1297532806
1.28096547
0.3438737296
-0.2212546347
0.06172566712
-0.1460968403
0.7278974503
-0.6005827174
0.5232586637
-0.1787804309
0.1656487595
0.03610325698
0.7896669071
-0.3102143526
-0.3177344799
0.2194750861
-0.09618237517
0.1908015583
0.002438401617
-0.4012957521
0.1181347951
-0.5361014053
0.344234859
0.721686168
0.2889327448
-0.4973695531
-0.4855674177
0.5423206717
0.1071382226
0.80206884
-0.5977040127
-0.22549235
0.8146702677
0.4020512648
0.04155519065
-0.1051658297
-0.4344922259
0.6451840907
-0.3076047108
-0.07310702614
-0.3632402599
0.33937907
0.4163634056
-0.1688772827
0.5063381784
-0.2626342144
0.2368900642
-0.3772344485
0.7305738039
-0.4972365856
0.6066167597
0.3967970118
0.3826976739
0.1925286748
0.2661552982
0.6726952553
0.44030158
-0.08468979616
0.04368517995
0.6790918443
-0.2391646579
-0.1000371374
0.523015086
-0.5728495941
0.2083929684
0.2325294929
-0.03965047374
-0.4776552171
0.7205657937
-0.2308962718
0.5021056831
-0.11360019
-0.00142267365
0.9588725299
-0.3225999229
0.4437199347
0.5406714909
0.167175021
0.277310151
0.9097373724
-0.3202169023
0.1441005716
0.5889398172
0.2753507184
-0.03354387116
-0.1381061465
0.7124600731
-0.4361275144
0.4356148578
-0.02463380843
0.1320496488
1.334077701
0.4285482652
-0.1222824816
-0.1010826688
-0.4689574897
0.01462908164
-0.4550721437
1.12294893
-0.482542257
-0.6571544841
0.1466477668
0.2143017668
0.5556329444
-0.5274538681
-0.02075191732
0.6906560607
-0.3954383962
0.8039155871
-0.0971943073
-0.5976677105
-0.335074833
-0.5718644157
-0.2563628733
0.6541477278
0.1606745319
0.0241875235
-0.5581111968
-0.3121365339
0.2112986084
-0.6139588103
0.4183176689
-0.06580588948
-0.3351533212
0.5972239241
-0.04427451938
0.0404654949
0.5371778838
0.3397073515
0.8169248343
1.412991822
0.675789848
0.7797283024
-0.6166891575
1.217930511
0.3762195125
0.2340007478
-0.2470729165
1.106737149
-0.5028493732
0.1063112283
0.5979418263
0.2419522647
0.3595712658
-0.08932311125
0.1750113619
-0.2684033349
-0.1408541798
-0.3715791889
-0.7077512056
-0.2280469552
0.1854688045
0.2038778175
0.1782097198
0.1838244572
-0.005264744163
-0.3179752067
-0.724722673
-0.461778459
0.1632346641
-0.3669767562
-0.2859447148
-0.5799104191
0.04268803559
-0.03329718336
-0.5205354571
0.1964957681
0.07177131702
0.3964030147
0.1166506523
0.03679272942
-0.2011285404
-0.3742404811
0.2697390862
0.4246465556
-0.4266012631
0.6297106102
-0.5044167612
1.074827224
0.3822953762
-0.1474859796
-0.2383778881
-0.2264267508
1.079121506
0.2444440783
0.6776232034
0.3469196197
-0.3709514137
-0.009250279516
-0.007429637574
0.6131620869
0.2799770348
0.5171078451
0.337180192
0.9406201676
0.457657139
0.6322981432
-0.005137136206
0.9765193205
-0.0699441148
-0.2660640649
0.005448597251
0.06203910597
-0.42824864
0.3099693291
-0.06403005272
-0.1405284843
0.004802412167
-0.04837678596
0.694608289
-0.2048701074
1.187015164
-0.09422113057
0.4443852559
0.9650728419
0.6748636648
0.6225587741
0.6521093339
0.0927680226
-0.1410741918
-0.4519331232
-0.5193582416
-0.003487659525
-0.3013646424
-0.03892224301
-0.2368470594
-0.1142503893
-0.5413961679
-0.2103245318
0.184712676
-0.1115299692
-0.07928970084
0.03420368861
0.1635163452
-0.2683224207
-0.0343498176
0.9803516328
0.1573862582
0.2811554041
-0.6462698326
0.3284270898
-0.3875426136
-0.05192904575
-0.5049570194
-0.1423261141
-0.6255544364
0.5976627462
0.7773733869
0.7447568819
0.1617595255
0.6295053378
0.503655865
0.390916054
-0.0185181139
0.8805131637
-0.5372745588
0.7534653831
0.01235975288
-0.06982800215
-0.1991439931
0.09144109488
1.387857044
0.2285185711
-0.08364583272
1.335757875
0.3076154575
-0.283560149
-0.3258405253
0.05954386685
-0.4378072895
1.108017774
0.3116645705
-0.09996381663
0.3391677424
0.1833290961
-0.8025173232
0.9455297709
0.6833922192
0.5331254601
0.6889552724
0.2807445214
0.2537013441
0.9520147912
0.8327828363
-0.2134244181
0.09589371085
-0.5433328673
-0.6338272855
0.3036512829
-0.2557594713
-0.3774260771
0.2518830767
0.08292632103
-0.1491279153
1.271406636
0.09074168634
0.3215359624
0.8401062697
1.427689408
1.116573386
0.5414309233
0.7731171221
0.9470317312
-0.5310089082
0.5072701849
-0.2592118803
-0.3963806629
-0.2805208262
-0.356661424
-0.5343902409
-0.255592265
-0.1590669583
0.2623540174
0.5823803365
0.3626991533
-0.0946988387
-0.1059782239
-0.3121668562
-0.1695788907
0.2677842926
-0.1729387738
-0.2916356325
-0.5881787598
0.6007296026
-0.1726993829
0.5046292491
-0.1812089533
-0.05851098001
0.245990777
0.208529442
0.2919454483
0.3680220377
-0.07165730819
0.5410415515
0.01940208897
-0.154965277
0.9025254309
0.1557175739
0.2733049415
-0.276006596
-0.2054120978
1.189644396
0.470428345
0.3890196942
-0.03375877496
0.2004455969
0.06594582647
-0.2276395278
0.5084102914
-0.2311338089
0.05007702895
0.005391608551
0.4498951621
0.07077916805
0.5256277688
0.5689910725
1.058471936
-0.3984170698
-0.09203783711
0.3642250327
-0.06805416159
0.01581219584
0.8443644032
0.1201767944
0.9284125596
0.9017173201
0.2524312623
0.7314778201
0.1174325658
0.1615638822
0.6290599141
0.2992812276
0.05967676751
0.3132123664
0.2459455954
0.9621610224
-0.3793600358
-0.3443557844
0.168459644
-0.1196793737
0.02709466913
0.7498741977
0.4025310233
0.5174996369
0.7652268454
0.7094768979
0.6512928814
0.7892249733
0.3167635003
0.03788387179
0.001910080481
-0.190563722
1.2297784
-0.1974148775
0.07204661332
0.3543289136
-0.2424127903
0.4082996532
0.6165817752
-0.1983569432
0.002420911379
-0.3446224332
-0.183344374
0.3026025988
-0.3514019713
-0.3662067406
0.3505773447
0.2502260206
0.4731863156
-0.06228742599
0.5415201291
0.2295902984
0.7603522331
0.5016728655
-0.3685146466
0.6811289445
0.6064650558
0.4018197365
0.4429168649
-0.1599964429
-0.3530038342
1.056010056
0.7676384836
-0.1540398467
0.1220133524
-0.03266026205
-0.2107381817
-0.5322894022
0.2574577171
0.9607552171
0.01705402639
0.09693728499
0.9153223634
-0.2778215006
0.6781572849
0.3279286038
0.0143903675
-0.1617771467
-0.06464784406
-0.1775432415
0.1214273342
-0.003047411889
1.05702658
0.54458846
0.1077162405
-0.0147847116
-0.1751731792
0.391434446
1.205882251
-0.1558127584
-0.07057608217
0.03795148171
0.7145876765
0.6289638817
0.374730001
0.03197878664
0.171206852
0.3877504639
-0.1769749165
-0.3208700072
-0.5157824725
-0.5538578555
-0.3948633656
-0.2924670093
-0.3232666478
0.7531128567
0.6843896806
0.02401913032
0.6307021745
-0.1567531902
0.6945576187
0.8135598883
-0.07076232615
-0.02882041875
0.9753007144
0.6090634182
0.2102325391
0.3100514222
-0.1091376415
-0.5299318522
1.033103291
-0.8010792747
0.1143795017
-0.4917996839
-0.3792102262
0.7192482233
-0.4838122487
0.1085594366
0.3942231551
0.01232559569
0.1232486812
-0.1035588739
1.211055243
0.980661273
0.3973603088
1.321943206
-0.3057965763
0.9043192804
1.09594183
0.4525860317
0.1067380367
0.9864892915
0.02162271831
1.152673623
-0.4308755822
0.5659937806
1.225636861
0.5915996928
0.6758359358
0.1080605581
0.9598183632
0.2243143346
1.2267625
0.3639680561
1.628992894
0.05558241699
1.051712126
-0.6602449968
0.122394701
0.7008276887
0.7960253015
0.45276758
-0.05741928462
0.9806285441
0.5746157512
0.5316592701
0.8834447131
0.4017751008
0.9687658876
0.501937063
-0.1576105962
-0.05940929037
0.5943721816
-0.004773547128
-0.1106213273
-0.3807926655
-0.3628769025
0.7435539037
-0.02839624658
0.3004896894
0.5475608647
-0.3515275611
0.7632829934
0.7673239931
0.1166966441
-0.1192072092
0.6286019772
0.07049127966
0.4525148749
-0.1670668121
-0.3660476804
0.3892867737
0.009923264384
0.01982059963
-0.3575705379
-0.5582752749
0.1641927462
-0.2084899157
-0.6751243591
-0.3704513907
0.05224666875
-0.3797563177
-0.04481172711
0.2213512434
-0.2658388646
0.7571913958
0.3678372659
0.3757411959
-0.183700772
0.2008556381
0.1420772236
1.074651241
0.03908653539
0.6541136077
-0.1602692675
0.1111328561
-0.3424735636
0.1040055655
0.7006342992
0.1548267711
0.11516003
0.0867061628
-0.2559915319
0.568454989
0.4042247964
0.1589487392
0.5620877847
-0.08105915803
-0.6687369615
-0.3419165051
-0.1781769382
0.5326175034
0.8368703097
-0.1286551192
0.8746308267
0.4778866298
0.7742666975
-0.09685514793
0.07797640851
-0.2047804408
-0.03303214572
-0.1292468997
-0.2174269011
1.040283884
-0.09562297123
-0.003825395368
-0.4683225319
0.6515408784
0.3339542411
-0.3583909255
0.7919078171
-0.3349364884
-0.08573589586
0.02791789114
-0.2788439222
0.2898343481
-0.02570933327
0.0542050207
0.1337804962
-0.05427177045
0.1494109706
-0.3838405795
0.7074551508
-0.1541147679
-0.6048354596
0.0008104719222
-0.01563340016
-0.6900427982
0.34922354
-0.343237751
0.3774783136
-0.7196918249
0.548987535
-0.1612812787
0.8038754553
-0.04229271337
-0.6675163418
0.02565643843
-0.1900026914
0.1905370817
0.1152698128
0.1500324674
-0.8577019528
0.7006537855
0.7559808329
-0.2897185244
1.408535746
-0.03543844558
0.1622029316
-0.6024992123
0.2830732468
0.2835431729
0.4793776542
1.091761306
-0.1708206054
1.188550133
0.2551148748
0.4806065276
0.7697435617
0.04980843402
0.8747808635
0.9919580936
-0.05207818933
0.2992304198
0.1597871181
-0.6018948615
1.079494008
-0.2810871109
0.2655625135
0.8258910388
-0.2437622204
-0.06574307997
0.7420498751
0.02021910273
0.3221803769
0.4992224347
0.01303154882
0.7719582602
-0.4133159623
1.080079001
0.3904430397
-0.0892552888
-0.4418855086
0.4953432359
0.9724240333
0.1932737708
-0.2195249243
0.4540593725
-0.2140062898
0.4188190389
0.4004943214
0.1241942104
0.452770886
1.258822381
0.08205393329
0.04422771391
-0.3443457831
-0.01621436635
-0.2786006473
-0.1511384565
0.4670575239
0.2147927327
0.9117589012
0.009936518129
0.8706100941
0.2956211176
0.3445302118
0.5508751124
0.8840746015
0.2749570224
0.4286941476
1.092148218
0.01175130326
0.3985083871
0.2646342654
0.4616509624
-0.1514011972
0.099710894
0.1528554231
0.06262683887
-0.03245137446
0.2335486677
0.3826094314
0.416827672
0.2603796821
0.03391903527
0.003291059844
0.2847824238
0.1676909879
0.3736533709
-0.01877322681
-0.108018028
0.002970804321
0.1230194937
-0.1388288051
-0.07571969219
-0.1382487811
0.09827364013
0.75996553
0.2983481228
0.832284081
1.443709475
1.081947437
0.1705808413
0.3731731944
0.6484040588
1.032179284
1.471495089
0.2504775006
0.8582841799
0.2854432832
0.09661680851
0.1926687095
-0.3651149824
-0.1844073396
0.01516135558
0.270000474
0.835977529
0.3505494116
0.4610711411
-0.2935632523
0.8750731379
-0.05795304496
0.1496057032
-0.2824529864
0.4212816395
1.241002792
1.665506601
-0.3434178367
0.8565978378
-0.05074640661
-0.09781475049
0.7293381736
0.6970763132
-0.4372645499
1.366678399
0.3757053167
1.016288716
0.2478873689
0.4940256573
0.8205441922
0.0953425305
-0.008183702594
0.5520589374
-0.06497188434
0.006293494441
0.1171802234
0.230207089
0.1747964501
0.7999567568
0.5172513999
0.4189160019
0.3224527106
1.330162233
-0.155082537
-0.1976667387
0.02490212261
0.3297926851
0.9300673768
0.4039353199
0.1167179182
-0.3267528698
0.3361234337
0.4490728162
0.4893968381
0.5283922456
0.1534068177
-0.1047812764
-0.03740600049
0.8016203001
0.9137685835
0.8135575246
0.3626400925
0.02605844215
-0.08310047239
0.8443738952
-0.3731593192
-0.04556902368
-0.5199574322
-0.2124193627
0.2555209879
0.09121850729
1.072766808
0.4147658497
1.223911059
0.4843294509
-0.2509764694
0.0479488451
0.226295634
0.1359749762
1.129989463
0.4217635088
1.167977771
1.450882593
-0.0564015964
1.136136854
-0.1356615096
0.5856215477
0.1597188963
0.6202053487
0.2892891757
0.2017920285
1.314895257
0.5927049927
0.547453548
1.192638618
-0.09137352146
-0.1297970913
0.9028799161
0.5292736426
-0.1792651333
0.1810280051
-0.3946185991
0.9501651406
0.5689909108
0.6170423076
0.8559307575
0.3119316582
0.1463541324
0.7343044281
0.4826502241
-0.02441487899
0.9910881191
0.2473115735
0.1239927974
0.4302061979
0.328092433
0.6270720333
0.7169924676
-0.06011842974
-0.01235704506
0.2348133512
0.4237343933
1.200375026
