-0.2889532022
-0.02033854113
0.8772103786
-0.2673223063
0.277146106
-0.116534334
-0.08917974979
-0.2278025798
-0.057694236
-0.1039156154
0.2036044292
1.258614743
0.1890796483
-0.1147854311
-0.1807361883
0.7666245311
1.013809998
0.409738927
3.054451329
0.07141408846
0.1387417001
0.7661636315
0.2145997852
1.484791484
-0.00894798534
-0.2191263493
0.1941998573
-0.1645247646
0.4980421107
-0.4399318326
-0.4708446801
-0.2599574514
-0.3871900395
-0.353375607
-0.7651541442
-0.3416186959
-0.513547273
1.141614437
-0.2074889272
-0.2653062806
-0.3786561694
-0.1610002743
-0.4374349833
0.740392296
-0.2236552415
-0.2358056802
-0.1201496361
-0.5340231836
-0.03930843016
-0.3662654616
0.5044860076
-0.4891890258
1.268416142
-0.3961996317
-0.3015019216
-0.3522453979
0.9601184562
-0.3651961416
-0.08646861445
-0.3116807245
-0.246552372
-0.248526419
1.008302595
-0.3215925701
0.3255012682
3.799941146
-0.322628814
-0.3954606064
-0.3507690564
-0.05052888151
0.3345784027
-0.3731423035
-0.2878356285
0.03299711915
-0.1569280422
-0.1322432462
-0.2706627827
-0.3492118374
4.286456394
0.02011447409
-0.4438911274
0.0232855564
0.4715308201
0.8229682952
-0.003474339657
-0.1064043263
-0.1836365005
1.269559106
-0.0827935582
-0.2368587185
-0.3286189572
-0.1276939677
-0.2523065723
-0.05526258312
-0.2817675501
-0.3719595745
-0.2088769355
-0.1452624806
-0.3209703609
-0.2439900707
-0.06961239818
-0.08670197297
-0.3223701462
-0.1728914794
-0.3589492887
-0.2669226728
0.9389345154
0.5457216537
1.801289767
-0.425888595
-0.4208938926
-0.2517430261
0.03212811644
-0.1565738159
-0.3226979911
-0.05111255515
-0.4562681206
0.09507465987
-0.4545284435
0.1009525289
-0.4394964427
-0.5043165594
0.3068653813
-0.245867886
0.6431116757
-0.3518973116
-0.4269524768
-0.4031663559
-0.2450420426
-0.2121724941
-0.3271590531
-0.6303131416
-0.255130329
-0.5168066397
-0.1770410612
0.8766735613
-0.1314146942
-0.4934603378
-0.3395572573
-0.4258625194
0.03233889248
-0.2345486119
-0.2936408532
2.317800963
-0.346974837
-0.2290733289
-0.08036207529
0.6021281324
0.5979619394
-0.1962151214
-0.238149669
-0.07027925644
-0.1558760216
-0.2728038602
-0.2296712168
0.1805581618
-0.4757681593
-0.09323857171
0.8556162633
-0.04872960001
-0.3355255887
-0.5216800436
0.1293398533
-0.4360690206
-0.2443797566
-0.3448996842
-0.002016267739
-0.4056242675
0.2243855766
-0.5660764769
-0.4666020364
-0.1551027106
-0.3553931713
-0.4656619877
1.364840546
-0.03220471712
-0.16048634
-0.459350282
-0.2800986528
-0.3057464607
0.01685673296
-0.3616045587
-0.4023675323
-0.01365690082
0.4748876721
-0.4498546377
-0.5459269717
-0.1377225325
-0.3167951666
-0.3630864821
0.1788468531
-0.3940958187
0.08138089478
0.1683679631
-0.4364838764
-0.3685454085
-0.5527001709
-0.2990224257
-0.5172347993
-0.5333891287
-0.4485275865
-0.3730208874
-0.5243150517
-0.30004052
0.9139543928
-0.4475893084
-0.2702649526
0.1827231603
-0.4358017072
-0.2882597029
-0.2565098509
-0.3763833687
-0.3989166096
-0.4726988584
-0.3665306345
-0.3071651097
-0.1376647213
-0.4041878372
0.5173863567
-0.4080161124
-0.137166965
0.2170550667
0.6404539894
0.569250764
-0.003237253404
-0.4122987203
-0.3963159613
0.1049218008
-0.5563821226
-0.4782979906
-0.306201943
-0.2105033815
0.1910605073
-0.342268312
2.054544753
-0.1868920511
-0.2860649548
-0.3295721799
0.4309480313
-0.3064803869
-0.1375959296
-0.4243803129
-0.2221969698
-0.5123172835
0.05462105386
0.3170833001
0.4824215263
-0.4318958431
0.09480618523
0.4176244728
0.2736847762
-0.07171567157
-0.6328804716
-0.003617700376
0.9861468747
-0.2421856605
-0.05751650734
0.4188091459
0.9819101155
0.1788101047
-0.1351457319
-0.1030600707
-0.07799669001
0.8524223693
0.1312310227
-0.3064875469
-0.4584514171
-0.2114474513
0.2522968684
-0.1631162701
0.1427580951
0.2388108715
0.06177995848
-0.3116834134
-0.4561442554
-0.2767824069
-0.5169135883
-0.2529437348
2.136741936
-0.3372914247
-0.4288967192
-0.243108812
2.291306973
-0.2525215421
-0.3352145992
0.1058168758
-0.1659545921
-0.4698395595
0.2381365549
-0.1219296594
-0.5215254605
-0.07497012317
-0.4868294954
-0.2391788654
-0.3981064662
0.006446716795
-0.4661551833
0.1746589364
1.245689407
-0.04440647839
0.3080868373
-0.2254811354
-0.1798089106
-0.08146115327
0.03916517925
-0.3692929298
-0.1115505274
-0.3122928683
-0.2961172983
0.142198272
0.4936659779
-0.2172285153
0.2885801114
0.2779838335
-0.4169904649
-0.4822115541
0.7042471666
0.05266913502
-0.3511392124
-0.3440915354
-0.2066590514
-0.1935094956
-0.4446420684
-0.2034139553
0.1094641119
1.914777988
0.7792062864
-0.4375784457
0.225883171
-0.1894840229
-0.5478507444
-0.09755906425
1.332559186
0.3989874521
-0.2027026314
1.101388031
-0.3110136181
-0.177877488
-0.3578208297
0.1134614097
-0.1771729859
-0.2287446581
-0.09568339307
-0.1148517568
-0.3164930329
-0.2226641186
0.5506592326
0.06295918929
0.5623854442
2.577422118
0.1903654185
-0.1025796279
-0.5843484819
-0.5204956025
-0.08416502774
1.346833056
0.1899173249
0.5915610395
-0.0199243607
-0.5034299046
2.316344571
-0.2301982395
-0.6399898708
0.28595998
-0.1150611501
-0.5919950858
-0.1058216494
-0.1563024591
-0.2546965078
-0.1547460909
-0.2213745698
-0.1232893746
-0.5906554729
0.4632834882
-0.274793189
-0.4390682802
0.6097776689
-0.5589428425
0.1311100323
-0.5839422777
0.01479545592
-0.5133925453
-0.1001294917
0.03459022986
-0.4602146402
-0.3581844456
-0.1378931563
-0.3830288522
-0.3289256945
-0.2645560123
-0.4339280263
-0.5840007454
-0.2963583395
-0.2959804162
-0.2783642396
0.2866127509
-0.2082691838
-0.1825656932
-0.2944598794
-0.3108619414
-0.01180483922
-0.3857077703
0.07788241429
-0.2552610427
-0.1711816433
-0.05874261931
-0.4037579462
-0.3875677876
-0.4471426412
-0.1143821752
-0.241667616
-0.4120653458
-0.4764410466
-0.01722655827
0.2834278055
-0.03088893443
0.1229368223
-0.01112719122
0.1173216315
-0.205017373
-0.02426818423
0.09706788659
0.1608833855
-0.3442656532
-0.4262144379
-0.1279932447
-0.567141667
0.06272728094
0.681872955
-0.1908975817
-0.0433273972
-0.3231747888
-0.1744484331
-0.2290606815
-0.06123400703
-0.2139096282
-0.204934147
-0.6240113884
0.6504754305
0.3456080243
-0.44725141
-0.197702869
-0.4826466978
-0.1407699002
1.941165161
0.5766066279
-0.451993221
-0.2039965898
-0.4666872486
-0.3298902497
-0.08944898248
-0.1141631987
-0.170822785
0.00386546813
-0.2632425457
-0.1588225756
0.04934355561
1.443172738
1.362023622
-0.204504339
0.8014216676
-0.07684866935
-0.04566597827
0.7949239235
0.2487795038
0.6760734823
0.4098401627
-0.07999908403
-0.03652667284
1.523850876
1.608994108
0.8050815746
1.64295572
3.06149404
0.3959311944
-0.35107252
-0.297558777
-0.4551105052
-0.00847134348
-0.148007812
0.220117468
-0.2418643307
-0.298661916
-0.4277703777
-0.3563143715
-0.1041777011
-0.1049300161
-0.08896644511
-0.2197108373
-0.2755445309
2.219034326
1.679649216
-0.02942960402
0.224438922
0.7046134546
-0.1797181342
-0.07506365087
-0.3610222539
-0.1616906725
0.1144393753
-0.2940187167
-0.3500747371
-0.403061372
0.800187847
2.440503997
-0.03649346447
2.334324068
-0.1119648729
-0.264287588
0.09853876773
-0.3110696062
-0.05942453258
-0.3752647221
-0.1763727397
-0.1444413751
-0.3408665776
0.445190908
-0.341391257
-0.1613439165
-0.3689633727
-0.4753509194
-0.2292276375
-0.3500961062
-0.1928186046
-0.2065381054
1.020685775
-0.2930218153
-0.08717803573
1.4834391
-0.03102138415
-0.04791424638
-0.107012815
-0.4233801261
-0.29732337
-0.22339136
0.1290177403
0.02807491086
0.6754743048
-0.06856669448
0.02086783042
0.3846542565
0.5198125878
-0.33170987
0.1542904999
-0.4183594838
-0.2119195521
-0.4711307406
-0.3568186626
-0.2261041924
0.1543973094
-0.1008174593
-0.1102084799
-0.1343512326
1.014701313
1.57627703
-0.452696456
1.751595774
0.2643966622
-0.595068109
-0.1065377045
-0.1653106879
-0.2159716632
0.3187873948
-0.136357356
-0.4228250548
-0.03780211546
0.05217812778
0.3518162093
2.898282743
0.06334084086
-0.0765920639
0.2505705809
-0.01600336749
0.9621873021
-0.2357848055
-0.1969808061
0.6073557138
-0.4646613508
-0.1865638405
0.7442500815
-0.2161924592
-0.346497272
-0.09641222842
-0.3921624385
-0.2461376265
-0.1944092408
-0.109356283
-0.2087857364
-0.2225777902
-0.254978621
-0.1723170176
-0.501706779
0.343354517
-0.2912451088
-0.2903253198
-0.452588208
0.00811448954
-0.2129011061
-0.4260689065
-0.1896424506
-0.4111274794
-0.4781894237
-0.2070445851
-0.4298670597
-0.1175630488
-0.442053403
0.05579553843
-0.08562972303
-0.2033847731
4.176063025
-0.4237633407
-0.2503576301
-0.1635545735
1.785600442
-0.05475850278
0.1630352369
-0.05001840387
0.06688691787
-0.05290349629
-0.06542248074
-0.01386596002
0.06109351669
0.1932380483
0.158684952
0.3668437656
0.5378731806
-0.1616302214
-0.1866416503
1.002108979
-0.01036278015
-0.2631390154
-0.2767489795
-0.3784896225
0.4815910388
-0.2850131398
-0.2001097404
-0.1568472886
-0.3901274323
-0.4980420381
-0.3361646384
-0.2848948482
-0.1485380448
-0.008755224198
1.637201911
-0.2220588006
-0.2882410999
0.1165184545
-0.1415829422
-0.1762826381
-0.03534882031
0.7977519646
0.8805421025
-0.1395932207
-0.1645565731
0.370896661
0.3514941365
-0.4064157784
0.7956460347
-0.2996863484
-0.222689423
1.476522133
0.3226236634
-0.1525640335
0.7292608952
0.465253007
-0.3525986232
-0.6158062279
-0.5330458418
-0.3169546375
-0.3530205473
-0.1967054481
0.4087296745
-0.1558570322
0.07177436166
-0.3134342708
1.352008227
-0.3508178577
-0.488450782
-0.4607980892
-0.3441560172
0.4960628485
-0.1609902466
-0.4004423447
0.5465204567
-0.3367536534
0.2887095183
0.3959624987
-0.3868380666
0.2477530255
-0.03155286815
-0.3060435601
0.2865677815
-0.3549369663
-0.2687552301
-0.009233101364
-0.1230496125
-0.1021562797
-0.096690806
-0.3419352978
-0.1284127225
-0.1470688179
-0.2961676955
0.1899410189
0.4430813074
-0.3291909501
-0.1714615598
-0.2039840271
-0.1914572794
-0.07215597816
-0.2348248836
-0.05674487408
0.6494159549
0.1013401006
-0.2802999973
-0.1371515712
-0.2969954245
-0.02255038526
0.1038781177
-0.02842407078
-0.1943190813
-0.3550294682
-0.09853887223
0.1305777639
0.6313125089
-0.2813840911
-0.2245397643
-0.2169062568
-0.1558495408
0.04572076276
2.624206543
4.570996225
1.472080529
-0.3054709062
-0.4464715511
-0.1686398748
-0.1977176342
-0.1209936901
-0.1513497779
-0.1637333125
0.1309825019
0.1734939184
-0.274603425
-0.0499335069
0.4906062651
-0.2411292851
-0.1355793176
-0.008823166508
-0.08192898887
0.3237481642
-0.1337805614
-0.1762112254
-0.5303632557
-0.04851371385
-0.3230227426
-0.5566229075
-0.1932650208
-0.3465018973
-0.2380172083
-0.3861219786
0.5284733133
-0.2895068102
0.03330225367
0.2666002354
1.101091939
0.07854420142
0.1583399062
0.3390370436
-0.3135343775
-0.1977590684
-0.01091650231
-0.3865741521
1.168396649
-0.2110676147
3.351761758
-0.2176614936
-0.1371746007
2.054386395
-0.2687381819
-0.4088728458
2.24594698
-0.1885620391
-0.2821677841
0.2876452168
-0.1147756991
-0.2973060772
0.2893841246
1.535896623
-0.2393599865
0.3483596266
-0.2497562647
-0.3909412161
0.7030745894
-0.03700532857
-0.08925298098
0.0503090336
0.6345864385
2.246669942
0.7053375058
-0.03066905299
0.1505845681
0.4430488732
-0.604197523
-0.5073715433
-0.08217836954
-0.07734109163
-0.3532800853
-0.3548469141
0.05462390753
-0.2599651448
-0.5199615359
-0.2694776339
3.471880221
-0.1253566014
-0.439388454
-0.08282560688
-0.6024348348
0.6402974784
0.5813210554
-0.2514749665
0.01760491491
-0.1396272961
3.744082832
0.9782109946
-0.1943515333
-0.2801845171
0.07659007674
0.7072944954
0.7725987598
-0.2980534546
-0.3809469759
-0.07658250798
0.3339379542
0.2929769373
0.9838865086
0.1472265155
-0.183332675
-0.1324629771
0.3136326894
-0.3566448063
-0.08423670288
-0.07889098115
-0.1760433365
-0.1772725271
-0.2721480954
-0.3238571923
-0.3964265481
-0.09334520171
-0.5256258577
-0.211343196
3.577895868
-0.03909403309
0.2834375466
-0.433679451
-0.2847878829
-0.005423920648
-0.1993770987
-0.3606274456
-0.1989241419
2.254329258
-0.3780910224
-0.05594137143
0.1983951086
-0.1242546439
2.078472549
-0.09339685845
0.002332800254
-0.4466064885
-0.1538386941
0.1371809563
-0.3560162991
-0.2922966674
-0.05331199132
0.1962410999
2.767528272
0.2644705925
2.455284137
0.2841180021
-0.06650863253
-0.04504196253
-0.3231493115
-0.4231839299
-0.0849759215
0.6100419492
-0.5527655989
1.443535146
-0.325943847
-0.2012453562
-0.465181946
-0.5500948668
-0.50234299
-0.1300102717
0.06919720527
-0.2162420308
-0.2761250392
-0.05300817415
-0.3316666491
0.06141197858
-0.1965767784
-0.2430685453
-0.1478953119
-0.1830675919
2.034886968
-0.3104979627
-0.1039841006
-0.3599887986
0.1041040825
-0.4172758177
-0.3000963748
-0.4621532321
-0.5049887031
0.4441184342
-0.3700469524
-0.3391294874
-0.2980617918
-0.3674994372
-0.02487294376
-0.2573636543
-0.2262746148
-0.01801501568
0.8439193342
0.9794159472
3.65040825
0.5535921654
-0.3202859104
-0.4015411764
-0.4500604674
-0.4144865885
-0.3923516057
0.6990270197
-0.1064930305
-0.4450763047
-0.3741543502
0.1085166663
0.7579689689
-0.06529587489
0.2369168279
2.186151403
2.314485466
-0.2389817135
0.08773684173
-0.1348181972
-0.111223319
0.06208198266
-0.3630403966
-0.4318572253
-0.4942022733
-0.3274946839
-0.2226862103
0.7408005178
0.3012808583
-0.2749439262
-0.04125690386
4.763894606
-0.4768231869
-0.4266118109
-0.1996018883
0.1812301951
-0.06218953682
0.07050648364
-0.3010726199
0.1103818666
-0.4387475803
-0.345014637
-0.5198128179
-0.3305545308
-0.05401456757
0.08803058965
-0.1313597718
-0.1038201947
0.2269300338
-0.4854619235
-0.1951898469
-0.5880844042
-0.2848820753
0.3811148226
-0.5026745662
0.05597694945
2.23998903
-0.2141441062
-0.4262424305
-0.3879662916
-0.3783381201
0.6688452244
-0.2320785396
0.2161030797
1.787359518
-0.2239759993
0.02341128588
0.05632139798
-0.11514963
-0.06409672238
-0.1917736311
-0.4212863758
-0.4233384699
-0.1251075227
0.2622892043
-0.4410124496
1.370612079
-0.1184429829
-0.3111513831
-0.3207339421
-0.4366884455
-0.1876008708
-0.2211616935
0.05941838287
-0.2547134008
-0.01754011475
-0.4109797761
-0.447564736
-0.2349180166
-0.4075300619
0.09597472404
-0.4144357532
-0.02004623972
-0.1166775518
-0.0220008526
-0.3762510948
-0.2948981673
1.629608387
-0.2148843572
-0.1473493021
-0.3909757793
-0.1898747804
-0.2351940738
-0.4141545936
-0.4203133285
-0.02077923026
-0.1536733005
2.313644803
-0.1251860004
-0.1341987249
-0.251924485
-0.2492560729
0.9009233542
-0.1527234996
-0.003515103273
-0.344499445
0.1223024298
-0.09539313149
0.9799000114
1.18005631
1.3256708
2.472428805
1.953411472
-0.2041012187
-0.1965530522
0.5441249967
0.0438094886
-0.04713201453
1.911136997
1.798247683
0.1206172213
0.1152280771
-0.1151111608
-0.2386072159
-0.2105549589
2.81548472
-0.268514663
-0.008567861561
-0.1873136431
-0.2596952841
0.3522317219
-0.03837715313
-0.0661699086
0.487641722
-0.2953182958
0.2466570264
-0.5351472601
-0.2878372729
-0.4000383541
-0.06597308647
-0.2131877857
0.4084707746
-0.1021250787
-0.1283363933
0.03686932502
-0.1882861473
-0.3710616253
2.604823756
-0.3751853861
-0.4306030989
-0.2543498792
-0.2376869518
0.2712706788
-0.1270351063
-0.3638327345
0.2843774811
0.9107084602
2.011129349
-0.5636621788
0.4096987368
-0.3058330469
-0.2682969693
0.5574804947
0.3918074515
1.145758352
-0.3193843618
-0.5632682011
-0.342331022
-0.01392937116
-0.01697188346
0.2461490805
-0.4051610023
-0.1816068838
-0.303021317
0.04025317719
3.206163764
-0.4116437055
-0.07185964901
0.6744945437
-0.3143392853
-0.1065748781
-0.3275383212
-0.5016393423
0.5588965189
0.7956049681
-0.351128244
-0.4140408665
-0.4598654784
-0.1469755573
-0.1589652568
0.1020541509
-0.4062032953
-0.4920632526
-0.4485461041
-0.1162568837
-0.1272027297
-0.3744882211
0.122983139
-0.2402723722
-0.1538677635
-0.2752757467
0.8330293626
-0.04028752148
-0.223285066
-0.2159826577
-0.3031907097
-0.2881843146
0.1078625282
-0.2651353892
0.247722453
-0.1358431835
1.734506851
2.121469289
0.5636060663
-0.4385795578
-0.3779660467
3.422197139
-0.04661159581
-0.1595645769
0.6797500804
0.2043620318
4.170770228
3.932452881
-0.1375120834
0.7646614693
1.899358207
-0.4666060314
-0.2517339848
-0.1999653399
0.127052094
3.936803484
-0.1225767618
-0.5809963524
-0.5212094307
1.438241294
-0.02509071026
0.2813970372
0.8187818423
0.9564921886
0.488766579
-0.07666740492
-0.5126146674
-0.2132859871
-0.2664277591
-0.2020848341
-0.1724097205
0.6729010522
0.1215471223
-0.2936205871
-0.3405520093
-0.1940170899
3.125693691
0.7590694509
2.247326255
0.508231917
-0.1031439058
0.00869817026
0.03868135996
0.2258198883
-0.2715755034
-0.5025733709
-0.4491221115
-0.3830799736
-0.2997897282
0.8542431965
-0.1487993479
-0.359378906
2.268369862
-0.1901723072
0.7478542566
-0.04879315654
-0.3376739301
0.9896718547
-0.3971966214
-0.2374005463
1.103187057
-0.185801433
2.324674946
0.1322122181
0.5005436808
-0.1875522279
-0.02708172267
-0.3156450056
-0.07657938581
-0.2296714123
-0.02157869022
-0.05743847787
-0.4183098376
0.8769287437
-0.1970800914
-0.07761079594
-0.1812820729
0.02961667462
0.02069980009
3.262050426
2.332222199
-0.1704870314
-0.1639368927
1.675463554
-0.09499043254
0.2306520876
0.8677887335
0.3600969616
-0.09818766881
-0.4902926415
2.122888619
2.936507452
0.01285845349
-0.2357621578
-0.4480293721
-0.3247567244
-0.3849046752
-0.005236648396
-0.2679712396
1.714589614
0.6014042508
3.932350826
-0.4413725659
-0.5407186016
-0.4040537164
-0.3884440377
-0.2250650764
-0.1043956965
-0.1397622973
-0.319517649
-0.2289965332
-0.3298515253
-0.3664776474
-0.4803880572
-0.2385766841
-0.2661718488
-0.2028639911
-0.4800244749
-0.4364826269
-0.5756080091
0.0703494858
-0.3017809138
-0.4496542364
3.876651299
0.5037868999
-0.3120802775
0.3166787209
-0.5106813669
-0.07204567175
0.5685244855
-0.6037959114
-0.1600875895
0.2493987291
-0.29767792
-0.1184096346
-0.506628032
-0.2921611417
-0.09331032927
-0.3132261243
-0.2659378555
0.3755895189
-0.08125079474
-0.4693063937
-0.1223291457
-0.127445075
-0.3816794328
-0.2645498715
-0.4172098905
-0.153844632
0.3909271792
-0.4361138433
-0.3127893895
0.2527436025
-0.2614568625
-0.4107177719
-0.254555542
-0.443702431
-0.1692197304
-0.2684844561
-0.2554498669
-0.3138957404
-0.3968165651
-0.2294082843
-0.3756632864
-0.4712256894
-0.3347543262
-0.2445094027
-0.3140590765
-0.1204459343
3.717624199
0.6671568543
-0.5303466856
-0.2096045278
3.494849885
-0.07270749938
-0.4299241871
-0.2492557008
0.03176728755
-0.3263889678
-0.3146109782
-0.1336846342
2.709818757
1.480107826
-0.5888455719
-0.4012457445
-0.3977466255
-0.1845465101
-0.4024705678
-0.4703196272
-0.4312476411
-0.4361395672
-0.3860215753
-0.5211249575
-0.4640029326
0.1253877607
0.141246393
-0.363730891
0.6918395475
1.027245608
1.539441112
-0.1691277552
0.03966295947
-0.6248511344
-0.345880384
-0.1605531835
-0.09753544191
-0.01653661178
-0.2031958994
-0.4348863557
-0.545283635
-0.1453287527
-0.5345764682
-0.4879912272
-0.2537192147
-0.04818980359
1.097179091
-0.3742060304
-0.3380104139
-0.2802630953
-0.4086304352
-0.2104060438
-0.2997173535
-0.1587883987
-0.0337331512
-0.1446875531
0.01637745444
-0.4506045699
-0.3874909222
-0.5964982823
-0.1808144152
2.318953317
-0.1672209391
-0.04481986426
-0.2066659845
-0.1336514786
0.05382724963
-0.3351334579
2.359163547
1.269827418
-0.2192081567
-0.03534412328
-0.2343977742
-0.08916981816
0.2655116908
-0.2622992292
-0.06758405808
1.844702348
0.4745804613
-0.3502818875
-0.002335558226
-0.2045865212
-0.3572149493
-0.3424209617
-0.320373752
0.319088926
1.211917919
0.3801620042
-0.1253687629
0.7336228192
1.478212339
0.123874321
-0.01652674526
-0.2670726627
0.6110347958
0.9766741067
-0.2965105422
-0.3518153351
0.676261574
-0.2959494352
-0.3488298208
-0.3995455302
-0.3700880811
0.3882936206
-0.3011799
-0.2718472876
-0.2966440827
-0.05004214211
1.388508305
0.9736903921
-0.3521415535
-0.2366968833
0.6386135444
-0.2881225729
-0.01266935861
-0.0662592262
0.4964768041
-0.330151771
1.694279933
0.01502536088
-0.1261745472
0.289170623
-0.2239923265
-0.4459244207
-0.435039708
0.310530939
-0.1630730913
-0.3970699161
-0.07156890836
-0.1356766865
1.368229243
-0.2593627259
-0.4129198469
0.1247353455
-0.6145676419
-0.4017915055
-0.4038040832
-0.2240220457
-0.06340048607
-0.3116687294
-0.1334626231
-0.2358389404
-0.4736456379
-0.2535937808
-0.3579672843
-0.6531572953
-0.4913379908
-0.3509090483
-0.1625330563
-0.4710564792
-0.2116612986
-0.4452723235
-0.1511636451
-0.6293175593
-0.4416116431
0.09423761759
-0.4107038856
-0.1231041625
2.95734328
2.139534909
-0.3126349546
-0.2638270179
0.3087170985
-0.0944873767
-0.4723763764
-0.3042832762
1.56594632
-0.4530636072
-0.2928704385
-0.4257602483
-0.1949676804
-0.3730750605
-0.3810062096
0.5454849012
-0.3929737568
-0.3067112401
-0.05713351751
-0.1486306649
-0.5657979295
-0.3503364637
-0.4277878895
1.859847188
-0.4035045117
-0.3068717584
1.654976553
-0.2235889077
-0.4725829855
-0.08218214419
-0.5426212549
-0.4896524236
-0.4950411871
-0.2394250194
-0.695844616
0.1323365895
-0.1770120077
0.4991646376
-0.5598379865
-0.2152321439
-0.3642024159
0.2340743861
0.09295776752
1.878729922
-0.2705087665
-0.1844542622
-0.4305079132
0.3792805203
-0.4891145959
4.117183018
0.197726218
-0.3385908686
2.786423516
0.6168382496
1.863340425
-0.3021832839
-0.07332436359
-0.2345857657
-0.16434027
0.2304757765
-0.2221668843
-0.1906327613
-0.355429291
-0.1840641355
-0.3037019171
-0.3324510433
-0.2583997965
-0.3942798853
-0.1252939425
1.20301837
-0.1563262679
0.5134677142
4.032900095
0.560614292
-0.5027155384
-0.4169341333
0.1194837756
-0.1308829257
-0.5282655507
-0.3806988567
-0.2148075104
-0.4057870612
-0.384733738
-0.3706550308
-0.37800062
-0.322969918
-0.2455344759
1.069786432
-0.4215096846
-0.177600519
0.2031568807
-0.2684937216
-0.3485700116
0.4703439921
-0.4633040443
-0.5684343189
1.047217879
-0.44953731
-0.246343752
-0.2264556937
2.447726405
-0.09495279631
-0.5845265567
0.1592544362
-0.3473312028
0.0801594995
1.170285845
0.01787258908
0.1976089148
-0.416686134
-0.378427659
-0.6285757884
-0.2733174998
-0.4544035152
0.1808282965
-0.4832013294
-0.3364485718
-0.4080083862
-0.2373193339
0.3814838787
-0.1965134539
-0.2005829923
-0.5302930847
-0.06834818125
0.6286880299
-0.5078526899
-0.4979584157
-0.2852310613
0.1012905615
-0.06833742941
0.03144930555
-0.7230271637
0.02488908819
-0.4421429664
1.033579314
0.2243446802
-0.6091884896
-0.4460268721
-0.3324643634
-0.2892235965
-0.3968966037
-0.3748246178
-0.6653444782
-0.3012875997
-0.07260026075
-0.60423311
-0.4317829847
0.2236634817
-0.5378614247
-0.1071939731
-0.4926248342
-0.3460189126
-0.5275843307
-0.6418368578
-0.3722505748
-0.1571496175
-0.1629123544
-0.2818631373
-0.1826199636
-0.4854021922
-0.5695930481
-0.4782709017
-0.5793767512
0.1047755909
1.886000836
-0.287151055
0.7309986003
-0.1398228349
-0.4121227607
-0.1042610381
-0.4456566632
-0.355156333
1.276508316
-0.002782772947
0.1920962698
-0.552627413
-0.3521562688
1.725989354
-0.252719301
-0.4031979427
-0.4290867765
-0.1881245941
-0.03560537845
-0.5093154714
-0.6038291276
0.04506336821
-0.5172849342
-0.6224130988
-0.3180156395
-0.2082673669
-0.4743987754
-0.3913276777
-0.4316883564
-0.2967757985
-0.1153725373
-0.5993136793
-0.5727259129
-0.5164818808
-0.6812852651
-0.2820341043
-0.1905426051
1.402739382
-0.4685245007
-0.4629329905
-0.4509798154
-0.2284403127
-0.6214285791
0.06206941754
-0.2143917214
-0.3556262255
-0.4012411982
-0.2111883577
-0.389627099
-0.2756638899
-0.252533517
2.638107431
-0.04387992793
-0.2801446028
-0.2351959679
-0.2570303919
-0.3334233329
0.1220390218
0.5699555565
-0.4792074397
-0.270556996
-0.6127184585
-0.2615494706
-0.2834331438
-0.2880066447
-0.6294966593
-0.019068276
-0.03834171183
-0.07127683721
-0.4688691273
0.438714996
-0.5691242069
0.6045835696
-0.5268233195
0.4861144006
0.169533162
-0.2833647244
-0.5458345935
-0.2920695201
-0.2117278889
-0.441837316
-0.4631307989
-0.04615609106
-0.2136352472
0.03945597224
-0.280422774
-0.2564147674
-0.3922561049
0.4938459571
-0.3380194813
-0.133373175
-0.2202619851
-0.4286288485
-0.3140587792
-0.3764495589
-0.1903674569
2.315325242
0.2017186967
1.401442879
-0.4009043656
-0.4635547072
-0.2273927081
-0.1003735205
0.01138899568
-0.3426407434
4.373073971
0.7195455551
0.2602422381
0.534770764
-0.2961281344
-0.07943306845
0.06275348053
0.6221783653
-0.01147651067
0.3736458875
-0.2334539466
-0.002164624073
-0.1041451378
-0.5159059897
-0.204997509
-0.2221081454
-0.1184207641
-0.2625742454
-0.3253125399
-0.2523060191
0.06510856878
2.194819784
0.2543073783
-0.2542164542
0.2225928133
-0.4855117768
-0.2022206798
-0.3286926791
-0.2957197532
-0.3381208219
-0.2341480829
1.00974987
-0.3806206629
-0.4954801485
-0.03227037368
-0.1462998806
-0.5452573821
-0.1643535624
-0.3354231782
-0.4680631071
0.5306019031
-0.184721696
-0.03079895889
-0.3507225618
-0.1793456573
-0.3960210562
-0.4059688851
-0.195800259
0.02360733282
3.779814184
-0.4428613856
-0.2862842895
-0.4340000525
-0.3086933121
-0.4986007944
-0.4237750202
-0.158341281
-0.01823171936
0.3242588991
-0.1507078018
0.6407984567
-0.3686182775
2.208765697
-0.2395815793
0.3535701293
-0.2004500949
0.2219793997
0.340558299
0.01802230631
-0.4130142234
-0.4281794235
-0.2241877399
0.010487446
-0.1480894191
0.9638445809
1.792235357
-0.3732047856
-0.2865341991
0.7335784942
-0.1088103482
-0.2047952529
-0.2916743867
0.2935641596
-0.7622745857
-0.5582348764
0.677742707
-0.2888146527
-0.4296351701
0.8461078256
-0.3546978861
-0.1221053934
-0.3599974975
-0.0954711454
-0.5367906854
-0.3851733387
-0.3803713769
2.581972826
-0.3458477862
-0.3669534601
-0.4248351023
-0.3935040705
-0.2670547147
2.054324865
-0.2358214766
-0.3932837114
-0.3525218226
0.1903025082
-0.1935180588
-0.4828107916
0.4479139097
0.5389950052
-0.4362178206
5.022104883
2.302522135
-0.3712388262
-0.278756924
1.522041932
-0.1577228166
-0.2250286749
2.154037172
0.2097983396
2.185704136
0.5128023319
1.067697573
0.6901026528
3.510240924
-0.1617656338
-0.3504003763
0.08908286057
-0.2547426555
-0.430225642
-0.3497314047
-0.2881594125
-0.3033147633
0.1502206971
3.198966146
-0.3567438461
-0.1297092711
-0.3769732893
-0.2878665633
-0.2217618998
0.5453932151
-0.2558684111
0.1510746337
-0.02814934477
-0.2176893208
0.3878990194
0.139284538
-0.2474742584
0.6605419022
-0.2014036023
-0.3290641233
-0.3396553636
-0.4490487799
-0.1316878941
-0.3162267625
-0.3441402882
0.3470873139
-0.01451389045
-0.1310803901
-0.1218984812
-0.2845103458
-0.1287329016
-0.369133275
-0.1497895937
-0.2899524853
0.05581743855
0.04364657514
-0.3589449152
-0.3590566725
-0.4693332732
-0.2584543597
-0.3038362056
0.2699697144
-0.1228572404
-0.5059718028
-0.1632414434
-0.2506950885
-0.3020908467
-0.2825448472
1.126260585
0.145592818
-0.4740472078
-0.3768921033
-0.2499454865
-0.1096940823
-0.473568283
-0.4243427813
-0.3943543747
-0.07955310973
-0.4760834545
-0.3324918687
-0.4379624635
-0.35572225
-0.1268726888
-0.1386786192
2.547264624
0.005363986129
2.347079843
-0.1538858872
0.8228663456
-0.412448556
-0.3111308455
-0.2054057471
-0.1709827371
0.04786369032
-0.07471887283
-0.38605562
-0.1960957509
-0.07675552666
0.5975036709
0.4587322451
-0.2471196137
0.08291653264
-0.2664235599
0.2887914122
-0.1135159882
-0.6013527572
-0.1879388314
-0.2366936538
-0.3741637565
-0.276639168
-0.4304325029
-0.261494169
0.02056389768
-0.381840986
-0.005577159487
-0.3838800274
-0.462731871
-0.2725576472
0.3612600936
-0.6308646917
-0.4580670789
-0.2691292267
-0.1768743318
-0.2912691668
-0.128296118
-0.0748794781
-0.007575465087
-0.3356484316
-0.07330516116
-0.2150299538
-0.2068517413
0.9212926
0.0224644033
0.3660598693
1.198490533
-0.008436219767
0.1119985607
-0.3996445842
-0.15785325
-0.327818951
-0.4798088044
-0.01867570281
-0.1436839391
-0.6743740842
0.6431131107
-0.3723712623
-0.3603629723
0.05687667448
-0.389842125
-0.2013654891
-0.119138408
-0.135699249
-0.08869612943
-0.7099330023
-0.4886753917
-0.2723876327
4.027800655
-0.5567290083
-0.4100597132
-0.5744629294
2.434553587
0.05708150994
-0.6605937555
-0.5003570035
-0.6462756813
-0.1858461155
-0.01574938912
-0.2863630146
-0.3076595202
-0.5400976822
-0.2582415089
-0.3178860933
0.08301881328
-0.3390439153
-0.2691780917
0.05472966135
2.444084585
2.170754093
-0.2705356739
-0.3711920395
-0.0425246913
-0.1853893578
-0.2785655856
-0.1306473265
-0.2200602394
-0.2054270383
-0.4374332286
-0.09878254542
-0.245395321
-0.2223806672
-0.1817839243
-0.173032701
-0.30700275
-0.2388456523
0.008452260029
-0.05049109757
-0.332949537
3.963028443
0.4768675348
-0.2368002713
0.115024949
0.2801783309
-0.4613236971
-0.08651562762
0.1198709378
0.3421376369
-0.1789179906
-0.2535942338
0.2864846998
-0.4003874138
-0.1831125081
0.9299838811
-0.189065632
2.032927433
-0.2431783363
-0.2336545922
-0.08417262114
-0.1333964467
-0.1521681242
-0.2335960023
-0.05604062034
0.13763063
-0.5801515728
-0.4220246755
-0.2946970664
-0.4065099783
-0.3592053324
-0.2319091778
-0.3104348816
0.7868997961
-0.4636676401
-0.3944873765
-0.5066289842
-0.3240925029
0.6468354253
0.9278850108
2.010699898
-0.5162753418
0.5475065216
0.610291753
-0.4922184393
-0.3939006433
0.0731235195
-0.2615894606
-0.05683808587
1.940774947
-0.1120294761
-0.1927557468
0.5766308106
-0.4835966855
-0.08533849493
-0.2511679444
-0.475540112
-0.6699269459
-0.3380043101
-0.1755533468
-0.4612650916
0.9141127758
0.1254880041
-0.3100697342
-0.3022113338
-0.3655438267
-0.1894842919
-0.3129287615
-0.01915186662
0.2388996563
0.01049214862
0.2563099919
-0.5000572495
0.09282897525
-0.06357110161
0.5238854714
0.1429750448
-0.3823434353
0.2542382787
-0.4661726147
0.02349187499
-0.1842453917
-0.4609281316
1.041624931
-0.4415621966
-0.3426440232
-0.1908675073
-0.1906639788
-0.4030382328
-0.5219717443
0.06925558359
0.03183528965
-0.3773669496
-0.5482197523
0.1572068453
-0.5613560826
-0.4118700683
-0.4562087506
-0.3964538306
-0.08875007606
-0.1749752313
0.4383083027
0.2369318439
-0.4871731006
0.08590559317
-0.003963919356
-0.4495923713
0.1234249059
-0.3319664709
-0.3329645541
-0.5616465837
0.2676476161
-0.1141129687
-0.267345671
-0.1408063789
1.275595118
-0.1944347613
-0.2621341199
1.493989447
0.9519838765
-0.06729769944
1.515218812
-0.1270663626
-0.4465685546
-0.07367061693
-0.4052356228
-0.4292943202
-0.4734288096
0.1103399365
0.2288734235
-0.5564997941
-0.6677735806
-0.4573769748
-0.6167074755
0.02091133753
-0.0680288624
-0.3182269707
-0.5493176609
-0.2358543867
-0.4846000046
-0.4271404088
0.2883342855
-0.3984217048
-0.1993010566
-0.2428402998
-0.2961271938
-0.4946485177
0.3179041874
-0.1831968414
-0.339303679
0.07958764629
1.598347425
-0.4188208833
-0.467055729
-0.244921552
-0.09738182016
-0.2629797686
0.08111386471
-0.1931417333
-0.2734097898
-0.3338995576
-0.4340229914
-0.4451387927
-0.1569012417
0.1710740227
0.1090560267
-0.2262721568
-0.4257543191
-0.1545553116
-0.2303986624
2.905633003
1.523894665
2.969711673
-0.3331776991
-0.1855543466
-0.05639349911
-0.2643655919
0.1989571804
-0.2232692868
-0.3119713366
-0.2107428461
-0.05853870586
-0.1130631384
0.9233899962
-0.08554644538
-0.1805195948
-0.2994062029
-0.449586235
-0.424550119
-0.3800332963
-0.4022818014
-0.2753902033
0.3628636921
-0.361408937
-0.1467117924
-0.1222537857
-0.3584593445
0.9351614848
0.4388555942
1.386117271
-0.3950833634
0.3427369662
0.3728115761
-0.5240361601
0.3638698038
-0.5890673921
-0.3051805891
-0.3877672836
-0.4749771103
1.356914926
-0.5086253896
-0.4469861433
-0.4493661225
-0.4105952069
-0.2937248066
-0.4609427184
-0.07889398932
-0.3267326608
-0.3432152331
-0.238991107
-0.3292091116
-0.2759729605
0.4155085079
-0.3996492587
-0.2536489636
1.75954746
-0.4745224029
-0.35162639
1.013423236
-0.3181634419
-0.4901333496
-0.427632238
-0.3886642694
-0.2470004346
-0.2065922718
-0.3175568953
-0.2837554429
-0.2863977432
-0.1852828596
-0.5502211437
-0.6054939166
0.5361321818
2.422629982
-0.430409418
-0.2561071131
-0.2773565494
-0.5668284997
-0.3698741384
-0.1066945452
0.7021209591
-0.5085253581
-0.5168360054
-0.5163666844
-0.6833371907
-0.478002733
-0.3502814762
-0.1778901061
-0.5049509436
-0.6266620323
-0.2090174723
4.986230302
0.5641291892
0.09526932547
0.3319246215
0.0003491560929
0.01073599085
-0.3192304172
-0.04853456728
1.387456167
-0.306508293
-0.3052846417
-0.4643458143
-0.4597139567
-0.07394689173
1.845416641
-0.3264030542
-0.3643224806
-0.5745164633
0.6155224337
-0.5680198282
-0.3760128036
-0.3634030893
-0.09676509164
-0.319751066
-0.5042373091
-0.3936959982
-0.3022351386
-0.1484593317
0.10315254
-0.5045385212
-0.3897174716
-0.551218684
2.381568855
-0.547380124
-0.5104821116
1.177861902
0.04436097341
-0.4751685038
-0.6237301156
-0.3214679047
3.464880717
-0.2258779652
-0.4059482545
-0.05666426998
-0.5115443572
0.05800659196
-0.2688339941
0.1052266875
-0.1176882201
-0.534384492
-0.3357464179
-0.394041618
-0.4451815411
-0.2331707191
2.725893462
1.532645492
-0.1891303033
0.6823410351
0.3217822243
-0.1500969201
2.564802021
0.1051917596
-0.305854746
4.966172016
-0.2331045467
-0.2161954638
-0.4507950857
-0.08399075251
0.2360100431
-0.2824544106
0.8488383219
0.7847486779
-0.377162534
-0.08079543598
-0.1507414538
0.2364664115
-0.2085285734
-0.2552069653
0.06881566942
0.8406523801
0.2060153671
-0.06230101371
-0.3175783277
-0.06152985524
0.2161093798
2.361019039
-0.1722261466
-0.03460930036
1.430082217
1.660809839
1.228912237
-0.2424477612
-0.1778374517
0.5853335172
0.06655613305
-0.03616782101
0.3699984934
-0.3650580429
-0.102195764
0.1021256333
-0.3364572294
-0.04212398855
-0.1682124246
-0.3646529116
-0.2205654681
-0.07995991632
-0.1100670672
-0.3325537235
0.08859333787
1.110303637
-0.3195231065
0.1549487891
-0.2351703703
-0.2269886788
-0.2599815331
0.5502881646
0.4176797958
-0.1429296141
-0.4288492031
0.006118383817
-0.1548226953
-0.03077110276
-0.2298437193
-0.03045351431
-0.2862907484
-0.1159824017
-0.17489514
-0.275291669
-0.1350452729
-0.1581524903
0.1352493912
-0.2556791283
-0.4595458731
0.2261229068
-0.4510744914
-0.2557385672
-0.2523704454
-0.3201081574
-0.5446787789
1.895789039
-0.2671816446
-0.4256809205
-0.008586196974
-0.4491256684
-0.5240774184
-0.07618405577
-0.3971816987
0.0610990284
-0.2108258098
-0.08784546964
-0.2309576787
-0.3029441265
2.785758972
-0.3541898139
-0.4025063634
-0.3567318454
1.910667306
-0.0314335122
-0.2145125261
-0.2335958395
3.30139327
1.699235395
0.5515715834
0.1858729212
-0.5479813889
-0.111093461
-0.2320356916
0.2584532887
-0.207694125
-0.2299828993
0.8046000205
-0.5260328129
0.103909329
-0.2563356582
-0.3631678663
-0.1210777238
0.04664139478
-0.07443742836
-0.2997584172
-0.3183277838
-0.09826304689
-0.1837189449
-0.1428899614
0.470603371
-0.4307739392
0.559223523
-0.4191819325
-0.002286573127
0.1292215128
0.3229830502
0.08881989829
0.0002690995112
0.1161350182
-0.2438957237
-0.1104596596
-0.2796690617
1.652410725
-0.1222755171
-0.09826246817
0.3645203972
-0.2746367611
0.004919733759
-0.313931118
1.594510996
-0.03090675157
-0.09762719078
-0.2059193086
-0.0153222654
4.801669967
-0.2990229063
0.6907628551
-0.1721837584
-0.3978484407
-0.2307021884
-0.5558566138
-0.1038933328
-0.3189144753
-0.03133770823
-0.2798910998
-0.06146508697
-0.3202373609
1.745165718
-0.3668446347
-0.114931275
0.4273543285
0.03806645162
0.5918048105
0.02025186745
-0.1604250439
0.2990047798
-0.1600085452
-0.2262933737
-0.2470382951
-0.2679509448
-0.1593692949
-0.1659922978
-0.3533910885
-0.4067701131
-0.2231928386
-0.268808838
-0.2419016123
-0.4055604883
-0.4437697351
-0.3577606156
0.2663107561
-0.4061829321
0.09869117755
-0.3738234498
-0.2353125267
-0.02909802981
-0.5568475112
-0.09034493323
-0.3882493287
-0.4086954534
-0.566775766
-0.4223282695
-0.2373462789
1.397633187
-0.4961860016
-0.3469378851
-0.2567648109
-0.3226441115
-0.4205388479
-0.4163309157
0.4330838971
-0.3290279627
0.4084951885
0.2728556346
0.2412419828
0.2975420089
-0.03085303586
0.552994144
-0.1146603291
1.257947119
1.671835506
0.7470581144
0.3343888492
1.345180809
-0.2760877669
-0.04161635209
-0.1204102686
-0.374181655
0.02344659592
-0.2620300137
-0.3800678819
-0.3077652588
-0.3128460489
0.02747220378
-0.4466734335
0.8503578246
-0.3274509512
-0.4861091718
-0.2211047862
-0.2474968277
-0.1255069848
0.5653361209
-0.3253394879
-0.1601305148
0.3859953912
-0.4942566022
-0.06474808683
-0.07107439861
2.641361976
-0.05447011879
-0.1095197803
-0.2668379448
-0.3394137897
-0.2611262992
0.1928581
2.668452632
1.591744646
-0.2143174812
-0.09122999217
-0.4152841628
0.7558903314
0.7360346958
0.04593620552
-0.1912437689
-0.3876592249
3.652406657
4.256400776
-0.1225772148
-0.4935925499
-0.516323024
-0.2617601935
-0.272067117
0.4933579054
-0.4089133322
-0.06313867141
-0.399489665
-0.3916981876
-0.03099240679
0.5168519352
-0.511625272
-0.3693108283
0.7099275678
-0.3575727604
0.8316532418
-0.5342060119
-0.4774938926
-0.2633799209
-0.4816337213
-0.6157189026
-0.4508893773
-0.3753520995
-0.2661925524
0.1919122746
-0.3396764144
-0.3140074089
-0.1516833663
0.7445938917
0.02415875588
2.136571538
2.517653501
-0.4946357995
-0.1126083626
-0.2081858635
-0.5384129047
-0.1130745048
-0.2771619983
-0.3323647112
0.247376735
-0.2464842051
-0.4000358216
0.2657125449
-0.1396841367
-0.4783964291
0.4221476533
-0.4067760773
-0.2181966651
0.1932763819
-0.5361955017
-0.4099917293
-0.3710993581
-0.2277659982
-0.1489224046
0.2045323279
-0.3966839857
-0.3657873143
-0.3952378899
-0.4804158971
-0.184348725
-0.3214246996
0.559321633
0.05927945916
-0.4105465338
0.2215769961
-0.5299583688
-0.4843244374
-0.05675801435
-0.08534307117
-0.01943073682
-0.2114816915
-0.3953375384
0.01476682629
-0.1970768848
-0.1416113162
-0.4298013151
-0.5791677177
-0.5017436594
-0.62265625
-0.6691095412
-0.6606092334
-0.3080460452
-0.4639677733
-0.145193355
-0.1535725326
-0.3092034169
0.1080598102
-0.3733045787
-0.422842966
-0.01520605958
-0.2584971186
-0.321481403
-0.4006282642
-0.4076842513
-0.5035415024
0.5101349384
3.726185071
0.2968700873
-0.4813934535
-0.3182447664
-0.2136362575
-0.08276821505
0.330105244
0.1085012368
-0.2353870092
1.163058746
3.051545012
-0.2125035606
-0.05505584441
-0.09691052763
-0.07387988921
-0.5286193863
0.9498315558
-0.2227870379
-0.3240532763
-0.3150557935
-0.6047335386
-0.2368201673
-0.08020549826
-0.3095172808
-0.03381309099
-0.439969036
0.9156661347
-0.3399100423
-0.426441595
-0.3613558657
-0.2566752125
-0.4448837623
-0.1941548105
0.2094802555
-0.5879541829
-0.5676832661
-0.3212870799
-0.4944354445
-0.4351885036
-0.6459870055
-0.008708996698
3.661889315
0.1204814829
0.4072589947
-0.2390016131
-0.5090965346
-0.4647223353
-0.02769544236
-0.6351733014
0.02932057427
-0.02950503835
-0.2396633528
-0.3785866119
0.5029692413
-0.1020165873
-0.4239196032
-0.2882443741
0.5750685929
-0.2067580853
0.5764618006
-0.4828047276
0.03583236095
-0.3925411887
-0.5475068331
-0.7018482506
-0.5486618757
-0.7045165718
0.208047744
-0.4997798592
0.1475167486
0.01227903869
-0.3154567234
-0.1705839178
-0.3185448661
-0.4858138204
0.09067986368
-0.2684043117
0.5146470971
-0.1861403994
-0.3679335117
-0.003266673582
-0.01864315588
-0.3049709432
-0.4582765117
-0.1548367881
-0.3699430503
-0.06238205954
-0.1303611413
-0.2066710036
-0.02492337101
-0.2442223269
-0.5898836166
0.2102549722
-0.1720426962
-0.4891831964
-0.3346892893
-0.1668368243
-0.09481295915
0.5157860689
1.644577718
0.05698469598
1.057350375
1.962481794
0.4454508794
0.3077539075
-0.3878504738
-0.2089692354
-0.3114195265
-0.4100589022
-0.5926532835
-0.5611797884
-0.2371306084
-0.1916095216
-0.2419137083
-0.07025322346
-0.2900679469
-0.1965922114
-0.536998412
2.603948593
-0.2840350918
2.045996559
0.009743021848
1.493500233
-0.104225002
-0.1228239357
-0.04450604618
-0.06958955633
-0.4231069833
0.4224894161
-0.1281093946
-0.569217819
-0.3928738087
-0.3911235377
0.08851876142
-0.5601762339
-0.6441646457
-0.4419230506
-0.6085387215
-0.009151903074
-0.4394787788
-0.3237080619
-0.08168440666
-0.5515324995
-0.4785048291
-0.33506952
0.01146887261
-0.1183523665
-0.4853445724
0.8281773165
-0.645641993
-0.2142424375
-0.4449808791
-0.5712754384
-0.4135702267
-0.374074775
0.0457086747
1.405907112
-0.5676262885
-0.3644926399
-0.2053312749
-0.3776272386
-0.6091776252
-0.4589266151
-0.3367444046
0.03664185368
-0.4396755472
-0.4146967128
-0.5210738242
-0.2394425012
4.283193243
3.027406633
-0.2754248094
-0.7455136061
-0.4838606909
-0.279059843
-0.5962082461
-0.3908551782
0.05512746293
-0.2974332456
-0.5991443157
-0.4730701998
-0.41827095
-0.1466745907
-0.4669468999
-0.3132466778
-0.4752743751
0.02401988357
-0.4075596727
-0.05681805294
-0.4154888138
-0.4950942487
-0.3550732076
-0.453588219
-0.3453449234
-0.2437768731
-0.164059657
-0.3774868801
-0.2467168201
0.2597318111
-0.4221214443
-0.3927589536
-0.6557869166
-0.464736706
0.4544092436
-0.4380299956
-0.2938009419
-0.2316568233
-0.4125716709
-0.5551860407
-0.5067514122
-0.6839274138
0.0612237744
-0.5913712159
-0.4210820124
-0.7109343171
0.0953210922
-0.1937319893
-0.4108672678
-0.5228630006
-0.4617276266
-0.2444689274
-0.2971121553
-0.5759598777
-0.51407471
-0.6574790731
-0.4089465976
-0.5196301177
-0.2500384927
-0.2215436824
-0.6042169929
-0.2996803805
-0.2074968699
0.1077435417
2.173802042
-0.4429267317
-0.4193560138
-0.3223110646
-0.373594372
0.8012854427
-0.4448749818
2.280052322
-0.4637978584
-0.3487307236
-0.3270956039
-0.3914075285
-0.5044933707
-0.427097448
-0.3041206956
-0.3323708445
-0.3485520981
-0.3367705137
1.406637684
-0.5544789046
0.9482856333
-0.5400348961
-0.4996278986
-0.3959047243
0.08126271772
-0.5538937837
-0.3038507439
0.6204564378
0.4313361838
-0.1458334655
-0.4006328076
-0.4182434112
3.010915685
-0.4461687177
-0.5900041342
-0.3547541372
-0.4007376164
-0.1112856437
-0.6801030755
-0.5514845446
-0.2326495558
-0.4093392357
0.01628325954
-0.5391853943
0.8274391651
-0.5532708928
0.4905857984
-0.4085387856
-0.05709201172
-0.5893378064
-0.5840959772
0.01940324996
-0.3926722243
0.0879461538
-0.1573949161
-0.6102063373
-0.1693269302
-0.2480570387
-0.3991250463
-0.2933026131
1.397947198
-0.01764861178
-0.1220088433
-0.2978478588
-0.5497317418
-0.5961925983
0.03923654105
-0.02314989194
0.0528626279
-0.08911302444
-0.3753863916
0.1595078327
-0.2744132981
-0.3235499948
-0.2787606895
-0.5149288297
-0.21527206
-0.5229341522
0.03674546308
-0.2591628786
-0.3080813006
-0.2719036147
-0.2441387214
-0.5312907025
0.03328354103
-0.3108787268
-0.4029636301
-0.5110019088
-0.4089907132
-0.3629355237
-0.1654488955
-0.2055834573
-0.2325126471
2.40080384
-0.3034143876
-0.4014368922
-0.1020284363
-0.1954780698
0.8907056794
-0.3813808382
-0.4120649114
0.107871709
0.8161355957
-0.3815214291
-0.2889366649
-0.3251225691
-0.1763614396
-0.2496904578
0.00190531332
-0.1464284737
-0.2867271237
-0.5660278425
-0.3818732724
-0.5329452276
-0.5562911838
-0.2173008136
-0.4521484241
1.991536111
-0.5726429045
-0.0400343813
-0.2595191155
-0.357640858
-0.441425474
-0.2274181411
-0.3748544604
0.438714686
-0.3860088646
-0.2411180921
-0.5363227382
-0.3843805432
-0.4385112211
1.937178868
0.6516662607
-0.2500427745
-0.0510541223
-0.4808925226
-0.2391798403
0.632621488
-0.1366087581
-0.1446903413
-0.07484998517
1.035550162
-0.03018507003
-0.1530902077
-0.00836138546
-0.08552059419
-0.4590224445
-0.3144220136
1.200733709
0.04183913399
-0.1432493156
-0.4831647381
0.4574314622
-0.4729457393
-0.5333105743
-0.279969608
-0.5802043304
1.428156471
-0.1467011163
0.9029253513
-0.09272210393
-0.3887620836
0.005126362154
0.34597358
-0.4940255851
0.1846550831
1.789113688
-0.4734405428
-0.1466266002
-0.225852856
0.2812026817
-0.328860759
0.1128107033
-0.04122308949
-0.2636604592
-0.5588525742
-0.4415070429
1.274431546
0.01292961685
0.4420097642
0.3215787623
-0.3792661943
-0.1832712568
-0.5367400199
0.09326097853
0.1092484725
-0.1823081659
-0.2079457827
-0.3070455063
-0.213473
-0.4425853789
-0.1839816451
-0.1425716799
-0.260731563
-0.358443965
-0.04831836112
-0.0592584793
-0.3977296039
-0.133192361
-0.4388884716
-0.391604276
1.015506509
-0.001116750203
-0.270499552
-0.3219582178
-0.4229606077
-0.3802491799
-0.2746038258
-0.1077480391
1.011737676
-0.2096219521
-0.345576141
-0.09531824123
0.4792907868
-0.09721003156
-0.3469071493
-0.1372054243
-0.4016616531
-0.05742062442
-0.2969934896
-0.30649786
0.2630954282
-0.05427264944
-0.04148640707
0.3742839644
-0.4305419654
0.2379387864
-0.07202170156
0.01614777725
-0.2992553949
-0.2254332218
-0.3442669019
-0.1746198066
-0.1967950676
-0.07965339422
-0.3387833834
-0.3450778022
0.2198096003
-0.4426140085
-0.2391660981
-0.03616857179
-0.4449694753
2.230575973
0.1931021594
-0.3112805434
0.8576175436
0.228622876
0.4389714826
-0.3246941276
-0.5148659132
-0.1955083139
-0.05905717313
-0.1261349672
-0.4312180616
-0.433541134
-0.2309094327
-0.4513386406
0.03997573634
-0.2726301238
0.4918068841
-0.1303600606
-0.04523772546
-0.2095891219
0.2328151677
-0.2150096171
-0.2637653112
0.4656572446
0.585260728
0.9026170917
-0.3175467081
2.250564575
-0.2419313369
-0.459165056
-0.3962353036
0.514639955
-0.1133006779
-0.1637318235
-0.2214379171
-0.3091734525
-0.4296361312
-0.1624106294
-0.1393576695
0.02655090848
0.1224718747
-0.04781540129
-0.02016546084
-0.1423313163
-0.3053182831
-0.3328299522
-0.1701671548
-0.4499604791
-0.2453653354
0.1819422261
0.004060701281
-0.3531584412
-0.2104661673
-0.2758228526
-0.4042138338
-0.2792012844
-0.1265393462
0.2172642878
0.5012050944
-0.3937393099
0.02697505029
-0.2640120886
-0.2946721017
-0.3628718778
0.1958856871
-0.2191174462
-0.2903923847
-0.08844916224
0.3613491087
-0.4764761552
0.1808420178
-0.3280053295
1.273436666
-0.2631879456
0.3205653122
0.7464203626
-0.002596838446
-0.3610525712
-0.09477596628
0.4459133418
0.5498122014
-0.1568379416
0.9739005655
-0.4891939819
-0.4421311393
-0.5816402823
-0.2288651386
-0.4773068592
-0.1955471335
-0.03870635508
0.7816480719
-0.4177337736
-0.3580405399
-0.4603958428
-0.373979035
0.5815349124
-0.2526925281
0.6363308009
0.1988385743
-0.2804390512
2.730187517
-0.4830123603
-0.2142210399
0.8663636789
-0.5455157533
0.1718471401
-0.1474006672
-0.2657860644
0.0421874224
-0.01643015631
-0.01596770929
0.3853484653
-0.08749058228
-0.1470123245
-0.1750138417
-0.476419501
0.2078241434
1.033048123
-0.2191592624
-0.002916559484
-0.1609372127
-0.01206353442
-0.4095044333
-0.4197821334
0.2492715327
-0.06763970768
0.8066551834
1.302646077
-0.1435195803
-0.2243053958
0.7135874376
-0.1586082464
0.03176427726
-0.3895865001
-0.2358110446
-0.2197724834
0.317460621
1.734410006
0.3929851865
1.957776049
-0.2579640258
-0.08192689642
-0.3559416568
-0.4789364815
3.579161215
-0.3808087245
-0.1125043573
-0.2700052328
-0.3912879184
-0.4097392648
0.4580973102
-0.2183366263
2.425635087
-0.3096714288
-0.1169194845
0.03137339652
-0.05253452528
-0.3156452548
-0.1594280578
-0.01055391487
-0.2050438583
-0.1336231031
-0.3040197436
-0.08114617132
1.212279457
-0.1381814332
-0.2029781817
-0.3120777834
-0.2701395452
0.2803355956
-0.3522276886
-0.09922511801
-0.1985537816
-0.4016341738
0.08328007786
0.06308343001
-0.07618211936
-0.2593465872
-0.1443381691
0.07390073501
0.1884626481
-0.2437561247
-0.3772690929
0.2370023492
-0.3984850723
-0.3537598267
1.503982797
-0.4947802246
0.4340045229
0.6007224202
-0.3340378426
-0.4056284815
-0.4192800984
-0.4513428509
-0.1860567074
0.2693363131
3.21507014
0.4113846526
-0.1432574732
0.1664648104
-0.3024849966
-0.5439531237
1.571926582
-0.01751692621
-0.2582509983
1.427104405
-0.3736631326
0.6887106404
-0.1992431145
1.300481158
-0.3725613058
-0.3608704224
-0.23650054
-0.2345897883
2.526568568
-0.324093087
-0.2764349312
0.9888011767
-0.1479984656
2.741394144
-0.1849857613
0.1490392533
0.05607106271
0.1176309515
-0.09749452267
0.01525102053
-0.4115126476
-0.2188591281
1.129909928
-0.04222940449
-0.403300558
0.6327483241
-0.2611304916
-0.4889358982
-0.5799179435
3.123702192
-0.01776355733
0.2723157442
-0.5741486773
0.2573491247
-0.3735256284
0.4412799938
-0.4938892365
0.628325441
-0.2807181127
0.01297115139
-0.2489195522
0.258065057
-0.2999129578
-0.5596640468
-0.5161485612
-0.4986212358
0.009774805792
-0.2720391439
-0.2234633088
-0.4819099933
-0.323157398
1.670631021
0.1254647467
0.00724708694
-0.5725721017
0.1752994254
1.074090405
-0.5513838142
0.4830320571
3.452551138
-0.3500954315
-0.3649174981
-0.08228957299
-0.3942109697
-0.2265751379
2.59899615
-0.05969599038
0.410936708
-0.2856076222
0.08912981735
-0.2818420738
0.003977745958
-0.2492797084
-0.3468643337
-0.1477298029
0.1303859559
0.08204800542
-0.1894888375
0.1122491598
-0.2340796828
-0.01400401327
-0.05481968727
-0.4393189006
-0.2146809883
2.654121637
1.331217739
0.9308411419
-0.07313871561
-0.4252648816
-0.2179196354
1.04543494
-0.284718255
-0.05852861609
0.4796725735
-0.2986659972
-0.2881297749
1.425817332
0.09990345575
0.005609731004
1.367409515
0.1388353726
-0.5414004594
-0.326687824
-0.4618504405
-0.2294410873
-0.2145241607
0.5420553656
-0.3146333882
-0.1792337174
-0.08437247537
0.779691191
-0.1061403207
0.237309945
1.831291801
-0.09029772487
-0.09677521419
-0.4979705483
0.119813204
1.237336931
1.381886896
3.087363148
5.384002233
3.78807447
2.535298401
2.604129255
-0.3393080242
-0.3778683089
-0.2095669817
0.05994313303
-0.3022776939
-0.04117973549
-0.2907639837
0.1116978355
0.1933925394
-0.06212366018
0.1746145381
-0.1860113189
0.3228693215
-0.3101519242
-0.2037487009
1.870374924
0.2680450998
1.407894023
-0.3934892997
2.458968377
-0.1821806241
0.2090550337
-0.3659382261
-0.2122655506
2.020506865
-0.4071051076
-0.4143892452
-0.3834886245
0.2718301136
-0.4500101864
-0.4575428605
3.824168301
-0.3264012977
-0.50527284
-0.2311408561
0.3243262741
0.1405358218
-0.5078213796
-0.2778494485
-0.2555748791
-0.4533776626
-0.1859467041
-0.1853007497
1.951058155
-0.2968124405
-0.1871525662
-0.3270171911
-0.3362885959
-0.3511739641
-0.2863854636
-0.1495902275
-0.3739778683
2.628343487
-0.00102182054
-0.2638283134
-0.3776609376
0.03812238462
-0.1086256291
-0.4207252756
-0.5386823118
-0.275137832
-0.2772670135
-0.5697080135
-0.225019189
-0.2204899557
-0.3388943098
1.462483932
-0.4059008211
-0.2797080904
-0.4066332743
1.450632906
0.7783481836
-0.042854298
0.3117875759
-0.2822258037
-0.2931301169
-0.2768492065
-0.3237448998
-0.2712452492
-0.1024714997
0.1722153625
-0.1109927149
-0.3111914679
-0.2229957618
0.03632713128
-0.1006499048
0.7565807059
-0.5412430063
-0.4991395608
-0.3790087372
0.5621729719
-0.3183734789
-0.3984534748
2.319208002
-0.1929620123
0.2841571489
0.5396689527
-0.3646088153
3.552517033
-0.3781984612
-0.5636740968
3.980004346
-0.4661020562
-0.3918232903
-0.3532848582
-0.3259174101
1.522013959
-0.5468756229
-0.5668495089
-0.5046731248
-0.4083132349
-0.611196211
0.462287608
1.192589417
-0.3310236119
0.01102346086
-0.3275710881
-0.2853623055
0.1580727254
0.1008260863
-0.3478386961
0.3729072439
-0.3047147676
-0.2924973179
-0.1323066401
0.2658058647
-0.3391711183
0.583583831
-0.2374520056
-0.2297723562
-0.1590812588
-0.2150840066
0.1993116923
1.223210417
0.1096868816
-0.1520331835
2.172844005
1.15854367
1.755487564
0.06527255261
0.3582683019
-0.2580093816
-0.119349163
-0.1033530183
0.3877354501
0.5422567677
-0.115316915
-0.3204814091
-0.3167587146
0.1863916793
-0.03832596592
0.1386696608
-0.3354893643
0.3555466574
-0.2559106823
-0.2879654452
0.01389111122
-0.2748145584
-0.259747253
2.617336857
-0.2434148084
0.1347821688
-0.3415829316
0.1283676562
-0.471964407
-0.1558181039
-0.07020863649
-0.5059571654
0.01538013592
-0.3419298477
-0.2976050824
-0.2716673162
-0.1708467975
-0.09384654565
-0.344787088
-0.2275543928
-0.3524292439
0.08118248675
-0.08569179159
-0.2507368699
-0.05991974976
0.005162360892
-0.07704702914
-0.2848182715
0.06750952546
-0.009203092474
-0.1782641636
-0.2441659059
3.157275164
0.07035372388
-0.0574196849
-0.1235211976
-0.2247033015
-0.2772241145
-0.07219994357
-0.1381095714
-0.0838030532
0.02009443715
-0.3422322445
0.8855307113
0.5110881045
0.0304853444
2.585573411
0.04738530014
0.2564624785
0.3680402115
-0.07950235102
-0.2475548275
0.7644737445
-0.1333368637
-0.2408668779
0.2132138159
-0.04640759584
0.1497863316
-0.1676928755
-0.1006776424
0.1475065061
-0.1489643494
0.0507668193
-0.199934955
-0.4214778796
2.338727885
-0.3733982578
0.06634668028
-0.4134685427
2.13760193
0.1005399976
-0.2588767275
-0.3681397751
-0.2613527447
-0.0650301828
1.734433603
-0.4011649564
-0.06812920403
-0.2316223301
-0.1637884013
-0.2901545167
-0.2979161969
0.2173270409
0.1834207436
-0.02009109282
-0.08688737527
-0.1076462194
-0.06425254457
-0.248326176
-0.03639867827
-0.1158570817
-0.07541886684
0.3443519771
-0.3161605202
0.7675312084
-0.3715783536
-0.08081958462
0.950705348
-0.2104418606
-0.1186497014
2.148160243
-0.247289497
3.172664714
3.985950172
-0.03505692258
-0.366573105
-0.1737562682
3.481787467
0.3339886021
-0.3180078961
-0.3002224371
-0.3738057613
1.187276223
-0.1695561126
0.4608962174
-0.06775634699
-0.2066120178
0.1188936365
0.546427883
-0.4049042508
-0.4734524921
0.7026710205
1.64843877
-0.2771592945
-0.3459710941
-0.3005566843
-0.3477655165
1.205439979
0.2668618132
-0.003399846191
0.3890180595
-0.3291798957
0.002310087951
-0.1032565586
-0.01153910384
-0.1453562751
0.1972099541
-0.1421223316
-0.1813729558
0.2316647002
0.0576485185
0.07520741541
-0.4150350794
-0.2032523198
-0.2112450566
-0.1235192874
-0.2773365535
1.897153747
0.001630282123
-0.1449434653
3.032499993
-0.280000878
-0.2734740824
-0.3239654787
-0.1526719229
-0.1448577056
0.9911436081
2.676471233
-0.06176134525
-0.2687344491
-0.04802094186
-0.2817592837
0.005184733984
-0.5081158727
0.9331007451
-0.4893211886
-0.3129190452
-0.3851634786
-0.225270254
0.04131760709
0.1457309581
0.5540365152
-0.2186020311
-0.3512199175
-0.1578020021
0.5635830821
-0.3581302784
0.04026402798
-0.3649040759
-0.109163262
-0.3312136501
-0.3350324363
1.845008922
-0.5008580908
1.244341594
-0.5407942891
-0.01841703113
-0.4694485262
-0.273432903
-0.32743797
-0.1487349125
-0.5885018975
0.3563588149
-0.4649374619
-0.2800907679
-0.5140230983
-0.1809494885
-0.06411866581
-0.3696245492
-0.6155451834
2.908391583
0.02236575428
1.225441824
-0.09605544806
1.419677445
0.05584090399
0.2220969465
-0.3916794062
0.7962385371
-0.03107062932
-0.1136379529
0.3794885605
1.205163392
-0.4932117
0.1087590315
-0.5845954686
-0.130279842
-0.2205869958
-0.189222426
-0.4516315222
0.05237227147
-0.04355320688
-0.1614983484
0.5764699373
0.1591718674
5.327088618
-0.2356451211
-0.4600541845
1.364317483
-0.3671252117
0.3396979911
0.2330330794
1.569391951
-0.3585216755
-0.2008237909
-0.3950276032
-0.3073280573
-0.3663017958
-0.2883532388
0.07492280947
-0.08563875668
-0.3986831218
-0.3115277745
-0.532209596
0.158437691
-0.1688356432
-0.2812385406
-0.54484424
-0.1234061226
-0.4253304943
-0.3942113101
-0.425558795
-0.4538738668
-0.4778722033
-0.5847948104
-0.4324444979
-0.3546230882
0.1143398615
-0.3494994551
3.640926266
-0.532355167
0.06686089728
-0.4071781218
-0.3418031923
-3.943517804e-05
-0.5819160685
-0.2611033209
-0.4415794581
-0.3999312684
-0.2839962728
-0.2350907359
-0.3967139788
-0.470181115
-0.3413864493
-0.3532926999
1.829916912
-0.2414577615
-0.1344780357
-0.04312629122
-0.3812037908
-0.05201292234
0.5794131522
-0.05452824347
-0.1792138278
-0.1099752443
-0.1019521231
-0.104342418
0.01007051964
-0.04457361065
0.2359965665
1.452383125
-0.3332227476
-0.2987396806
0.5014841212
0.02964728288
-0.5012889206
-0.07821336929
-0.2563747477
1.383751339
0.3650578927
-0.4973627388
0.3585315086
-0.1490167219
-0.2589508876
-0.00990928039
-0.168210122
0.1323860711
-0.1267050051
1.008526382
-0.2715842806
-0.2737873074
-0.07845325526
0.3345266936
0.605318417
0.1389986914
-0.1629626419
0.5715091225
-0.2839850869
-0.1535694085
1.104995626
-0.08576260759
-0.07060497119
-0.5534741804
-0.3878065921
-0.3470714282
-0.5009873666
0.2563022489
0.01532782423
-0.2598824419
-0.311563292
-0.1631536961
-0.1341360212
2.929226905
-0.1092119121
-0.06588755585
-0.1389991755
0.1067356215
0.009177337028
-0.01949256219
-0.1393470984
-0.3733312894
-0.6171992779
0.08753073188
0.2856244147
-0.03138088714
0.3389812935
0.2952270474
3.001850379
3.50347693
-0.05088220532
-0.2214873231
0.04755369332
0.005897730775
-0.2125810008
-0.2094737754
-0.2893888652
-0.07109184489
-0.06961016525
0.08646826986
-0.269575008
-0.3129393242
-0.1537448395
-0.1166862368
-0.5408687398
-0.2584803617
-0.4807881393
1.134216714
0.1553364345
-0.2495481249
-0.09789280267
-0.1393718196
2.638715327
-0.292958552
-0.1578103362
-0.597929135
-0.4419191115
-0.08206086457
-0.2736991629
0.00849942565
-0.5723683104
-0.2870609082
-0.08377648313
0.7605224459
1.745878732
-0.2661711797
-0.3829406261
-0.3022115089
-0.1560405236
-0.4229309291
3.609425765
-0.3202153604
0.1617944711
-0.3243106574
0.7026494168
-0.3594654612
1.808835441
0.06978060091
0.1626362587
0.236021442
-0.1858074639
0.7967967346
-0.1956623565
-0.2849071242
-0.6514575824
-0.05012784125
-0.209820387
0.03941294886
-0.0392653035
-0.5910961613
0.01890941206
-0.4835331738
0.3129769012
-0.1109595532
-0.4707691938
-0.08566684583
-0.3528210778
-0.4714742318
-0.6078251734
-0.3550665356
-0.4802419826
-0.5367844805
-0.2922857024
-0.4301561899
-0.378777352
-0.2611308925
-0.614018324
-0.207903556
-0.2354155991
-0.491530782
-0.2271160191
-0.2536763593
-0.2524030033
1.730880046
2.191465062
1.258990765
0.2265503139
0.04122674856
-0.1836065631
-0.2659467913
0.5016708206
-0.1631760985
-0.01531267948
-0.1128497988
0.2891989207
-0.3355851762
1.373436522
-0.1583737839
-0.01564856698
-0.152529355
-0.3334781729
-0.1945710722
-0.2844585154
0.03892327345
0.5372604907
0.05185419517
0.1181670471
0.3495303437
-0.27049217
-0.1929945529
-0.1238922794
-0.3169089794
-0.1546718283
-0.1407008329
-0.08919793442
-0.1878896112
-0.5131623477
-0.1263864832
-0.04278792813
-0.3791491054
-0.1567745361
-0.2370969083
0.2845872074
-0.05050525218
0.03594275834
-0.2991307892
-0.2927112162
-0.1215361854
0.2512584759
0.177834188
-0.4011508726
0.2512905234
0.4014540265
-0.0638261063
-0.004497650079
-0.3867364984
-0.07121478934
-0.1546373302
0.06719550416
-0.1299580147
0.0260421393
-0.07741678283
0.02687186599
-0.2197409764
-0.5077908725
-0.3050060727
-0.2469808046
-0.3370261244
-0.2408386976
-0.3233067416
-0.1868068378
-0.4677203745
-0.4157111876
0.3470989581
-0.2549075469
0.3999859832
-0.2036098778
-0.101738913
0.773165888
-0.4579311982
-0.06525266701
-0.2609924756
-0.2794266919
0.3716525726
-0.1227676064
-0.5593421295
-0.3439342469
-0.4419053525
-0.5680835143
-0.3058790378
-0.1884715151
-0.5399087027
-0.4412346773
-0.243738874
0.7122756004
-0.4497076854
-0.244934915
-0.3728119284
-0.129728603
-0.1674974052
-0.3396570161
1.344627675
-0.2897363536
0.02208870454
-0.3795776226
-0.4016956717
-0.1103814952
-0.4474405736
-0.1111269973
0.1313079136
-0.3328012154
-0.2843448441
-0.609304598
-0.3513221085
0.07678632806
1.917606232
-0.004685586132
-0.2155466057
0.0942581879
-0.3105389796
-0.5815717876
2.239304954
-0.3636723071
-0.2128251912
-0.5160055801
-0.4198178127
-0.3607057333
-0.1098559823
-0.4398288816
0.0008436115459
-0.3283096887
-0.3855460212
-0.2870324217
1.805765772
-0.4274342641
-0.1944395714
-0.3911398493
-0.5248990804
-0.3160282515
-0.0968712315
-0.205070971
-0.4281248987
-0.6097583935
-0.4502132341
-0.2635398805
-0.2790453129
-0.5854991272
2.484695095
-0.3186641857
0.5343442552
-0.1864405602
-0.4848813325
-0.09960095133
-0.1045410335
0.4721704479
0.1931936961
-0.340069551
-0.4732872114
-0.0002444379032
0.611714166
-0.5424816146
-0.3873902552
-0.2964435965
0.1402553215
-0.5402150527
-0.3285431482
-0.3020173012
-0.3747475967
0.1814495019
0.06163822971
-0.4130365103
-0.510689576
1.488696221
-0.3945112824
-0.3584316432
-0.4667090401
2.744737294
-0.5313235566
-0.4824540168
-0.3750534907
-0.3096953805
-0.5125898749
-0.3341678828
1.246513718
-0.2153476283
-0.3149735555
-0.5100973293
-0.3741272345
0.3213184031
0.3833094249
1.216170636
-0.4941571862
-0.4953533143
-0.4857752845
-0.3584276251
0.2705640292
0.1701800037
-0.1165027926
-0.04716501161
0.3923589233
-0.03218841758
-0.4236065567
-0.5879724488
0.2673038694
-0.3315963987
-0.385770347
-0.4038758948
-0.1443125527
0.6450511247
0.009823969472
-0.1565203747
-0.1582182458
-0.3053775413
-0.3053119116
0.0638122296
-0.3961729214
2.015390605
-0.05320496056
-0.4817957968
3.090375996
0.01900940035
-0.01849236051
-0.3972228281
-0.2235387975
0.4693276685
-0.1486294723
0.403396856
0.1567652286
1.473376936
0.4077144753
-0.4117449135
-0.486375165
-0.1979420473
0.06155051147
-0.03505309271
-0.240649667
-0.2744947243
0.0167871628
-0.2176195145
0.04105902007
2.830040097
1.661557007
1.124945098
-0.3145444319
2.159198165
-0.262577147
0.2250523156
-0.2349857625
0.1855472965
-0.2413334947
-0.2157787878
0.6860431895
-0.07116467729
0.05596827157
-0.2449491359
-0.3584442362
-0.18716338
-0.4109895471
-0.06616934203
-0.128708058
-0.4939077616
-0.1661958788
-0.06474857789
1.226261157
-0.436144501
-0.3048697587
-0.2998200595
1.150189984
-0.05158711001
-0.3415615231
-0.1313335415
-0.02517584823
1.252042757
-0.153955083
-0.1099554088
-0.1027003806
-0.2117341166
-0.3769562915
0.1040299725
3.26706754
-0.5504590645
-0.455978319
-0.4426215
-0.06980143562
-0.1575365715
-0.1057796987
-0.3298685096
-0.4547117203
-0.2552234091
-0.08859391343
-0.1862585327
0.4225066308
0.2064286377
0.005903067859
-0.3546676099
-0.02955176232
3.188078678
-0.08992272876
3.398497236
3.247333419
2.155133516
1.104385507
-0.3773997694
-0.2128302238
-0.3107984185
1.10135669
-0.1592758272
-0.02357867947
-0.2990474038
0.1540460195
-0.2056108456
-0.1318375058
-0.05442420319
-0.4930202022
-0.2579118984
0.3939208888
-0.1977665601
-0.3926758587
-0.1423036445
0.3253878444
-0.1912353385
-0.1659554463
-0.1681494992
-0.1183862251
-0.05040181091
-0.4186100915
-0.08947795369
-0.1124293273
-0.3844219387
-0.2684172474
-0.241519035
-0.4399817258
-0.03091530369
2.819607615
0.1225756135
-0.233596966
0.06147627495
-0.04437526837
3.933519125
0.08759668916
-0.2371044409
-0.2785444342
-0.2865793824
-0.1336446997
-0.2207253747
-0.2143285241
0.4162364978
-0.1855246117
0.2843340551
-0.08733247509
-0.2139650915
-0.3110977083
-0.1125849454
-0.3314632036
0.02073959745
-0.2578848537
0.2172643017
1.675652191
0.3970455833
-0.2507530987
0.3185761658
-0.09827177711
0.1627991438
-0.3189854484
1.182861596
-0.1430676583
-0.08223770875
0.7904825553
-0.2156677641
0.1477108008
-0.01520788204
2.706353921
0.469848203
-0.07936435789
2.055430341
-0.406401892
0.1468156276
-0.2431268379
-0.02803181359
0.4748773269
-0.1056202896
-0.2046801619
-0.06875941278
0.08173951656
0.4828143129
-0.1781485911
-0.03967178185
-0.02168119485
-0.3775230564
0.10312698
-0.1375841118
5.580964684
-0.3047937412
2.069946682
-0.4074344322
-0.2674997952
-0.161333067
0.3772325695
-0.007957213442
-0.3546719268
-0.31321389
-0.1884863939
-0.09317027796
-0.2367274724
-0.3274121895
-0.3938143581
-0.2753044959
-0.7022150591
-0.1589136411
-0.0153121952
-0.3052491054
-0.447362493
-0.1964155354
-0.1931615375
-0.1602497892
-0.3710419908
-0.05776210884
-0.4891636163
0.4542084899
-0.1825495949
-0.2416409589
-0.3084604129
-0.2281654138
0.7138496794
-0.6468133539
-0.1888595968
-0.4588138536
-0.3747399863
-0.5662905306
-0.4259240955
-0.3898023412
-0.4415875107
-0.1490324825
-0.1203319429
-0.3824566066
-0.6072877839
0.07030091919
0.01297996389
-0.1929418329
-0.4250069298
-0.3728181351
1.456793588
-0.07202051096
0.3418690862
0.8870665312
-0.4048820529
0.05823557964
0.04279073579
-0.2941049449
-0.2401979528
-0.5166918293
-0.2841810301
-0.008551391494
-0.0914353583
0.03337527062
1.638920651
-0.3123438805
-0.2184357353
0.01874888856
-0.2513669917
2.117621255
-0.2350092281
-0.2626665413
-0.4632171646
-0.1814253781
-0.3681116052
-0.1839324388
-0.4050833307
-0.09915644629
-0.260061742
-0.0940802414
-0.4973277926
0.1800483301
0.3972520486
0.7463965334
-0.3389292687
-0.1879876688
-0.3695145845
-0.2563244984
-0.5808043987
-0.07077520546
-0.4147177696
-0.2335376073
-0.292931208
-0.5026750684
0.03473005872
-0.07029088363
-0.4132506028
0.2835042987
0.1839814951
-0.4610081464
-0.4396296203
-0.3312634043
-0.3356900342
-0.0165063425
-0.2772746118
-0.2326630376
-0.138531501
-0.3139494166
-0.150848617
2.745994109
-0.5501044065
-0.416625306
0.4339582138
-0.4524538681
-0.4561173335
-0.2071154839
-0.3744137496
-0.05823797658
-0.05586580513
-0.1555378452
-0.3724990919
-0.149184612
-0.2204365555
0.8349230036
-0.09003679873
-0.2005612858
-0.6801721051
-0.5740001127
0.137798917
0.1815126659
-0.1490076566
0.1166010313
-0.2540617412
-0.1365637859
-0.2211974114
-0.1386942182
-0.0003779664636
-0.2764455371
-0.3375197656
-0.3719793461
-0.242512871
-0.2917152153
-0.1226846858
0.2704427531
-0.329010848
0.6418362412
0.2263057539
0.7674236536
-0.132222552
-0.4149226919
0.1650483171
0.2947331561
-0.4706589259
-0.273319263
-0.01512867799
-0.3371476248
-0.1416955643
0.6128619418
-0.06136096297
-0.2251788059
-0.0681154131
1.696299541
0.2075739998
-0.2973059051
-0.4323819458
-0.2782732736
-0.2551036097
-0.04865287151
0.06014771117
-0.06425849958
-0.1588422181
-0.03627281971
-0.2562918633
-0.4265320502
0.03419341082
-0.2739166481
-0.2363113165
-0.1519781502
0.7187156223
-0.2293836378
-0.2047212504
-0.4150174111
0.07875782135
-0.6558122233
-0.1573292511
-0.1259881901
0.4465834003
-0.2980726354
0.3103523906
-0.4458392099
-0.3507584505
-0.4947581917
0.09397781845
-0.3089142799
-0.414846541
-0.2077677168
-0.33979486
-0.3238739774
4.795589328
0.1319291811
1.128680828
0.005658346415
-0.1804227866
-0.3016229976
-0.1181371896
-0.3807925031
-0.2645044394
-0.4244901199
1.241065031
-0.4471724063
0.5651688717
1.904127681
-0.1144388493
-0.4991569743
-0.09022861142
-0.2248025106
0.1383815486
-0.3299082794
-0.1546588223
-0.1035137177
-0.2168451406
-0.3979970202
-0.574187237
-0.4138615288
-0.3363351107
-0.297584518
-0.2314943272
0.0321630449
3.542375934
0.4443934117
0.4113232136
-0.3593236327
-0.7970532149
-0.2480205884
-0.1169311395
-0.4222689807
-0.4066195428
-0.4218738236
-0.5306946173
-0.03485765457
-0.144158619
-0.1491536612
2.064459985
0.4148024604
-0.07251073457
-0.01634578207
0.2605429385
-0.08383435551
-0.188019336
2.04970547
-0.4752961129
-0.3044855405
2.520717144
-0.1621357271
0.1222641585
-0.2295745846
-0.2677963464
-0.2231076395
-0.01210131552
0.00200807238
-0.4418192692
0.05041859993
0.009266001079
0.4322429664
1.079102159
0.04894324299
-0.2087473381
4.902388632
-0.0463603043
-0.3077015407
-0.008423730545
0.5501452776
-0.1950739514
-0.3540284671
-0.5258875608
-0.5422410399
0.1693668652
-0.1293206861
-0.2010133564
-0.3581633829
-0.4811769873
-0.5300228342
-0.3653938174
-0.3696567819
-0.1419911938
-0.3938994333
0.4138878973
-0.4053329542
-0.4652026892
-0.3205620423
1.088351288
-0.1343608957
-0.2483498499
-0.2501141738
-0.0345448453
-0.5178746238
0.251083231
-0.1035304699
-0.3675584614
-0.3692437574
-0.2166028094
-0.1985155765
-0.4648594365
1.563201702
0.8561065316
0.05340854898
-0.1725391071
0.1535256561
-0.3880410179
-0.2636826776
0.6933847528
-0.473399961
0.2768472914
-0.4327843264
-0.1893549162
-0.2035253521
0.06314814435
-0.1735471651
-0.1381482664
0.9690929964
3.085697281
0.1298007371
4.20122726
-0.2942609224
0.4182840817
-0.5400575563
-0.3635205686
-0.1739910778
0.3502369471
-0.2141475333
2.548631716
-0.4280009449
-0.435563311
-0.2169541562
0.408781147
-0.2064349841
-0.5751674488
-0.3306512021
-0.2396782838
1.542073238
-0.3971182719
-0.3601593591
-0.07541119289
0.5966003492
-0.2380790185
0.09022108149
-0.03490990018
-0.09187300727
-0.09342905972
-0.5011524349
0.9690730125
-0.2504794303
-0.1515288394
0.005675505847
-0.2113904845
-0.5825532854
-0.4496276677
-0.3028006807
-0.3022681817
-0.198056896
0.03879152806
-0.08820474623
-0.4905948669
-0.004301172309
-0.05705059357
-0.1202255636
-0.07315760432
3.098816633
-0.3503383497
-0.2666329566
-0.1510031405
-0.4480452776
-0.009127235413
1.774187312
1.123583329
-0.2285921212
0.3942387812
-0.2483383246
-0.5270586669
-0.4608925775
-0.5828997329
-0.3835643217
-0.03493465651
1.864137647
-0.2016798628
-0.5416979253
-0.3463811837
-0.4437124521
-0.3340568926
-0.4924745403
-0.121862956
-0.06200394966
-0.5796074137
-0.2869948439
-0.06489870716
-0.01880207695
-0.008959403238
1.049993253
-0.3372765966
-0.04112279825
-0.2781898484
-0.5857198365
-0.2703189392
0.6440425798
-0.4591303512
-0.2867349509
-0.222717141
-0.2364593871
-0.2559563957
-0.06056365562
0.04659180902
-0.3693759367
-0.2757630314
-0.1739324532
1.672645861
-0.2698155638
-0.5360129863
-0.3254357405
-0.3329346597
-0.3891772389
4.538730812
-0.08039649278
-0.3101627633
-0.3477978081
-0.4192488685
-0.3766220227
-0.3204830289
0.4909872372
0.1861147616
0.03220701553
-0.4350999877
-0.4435243845
-0.0209175678
-0.6410083413
-0.0679128712
-0.3082837801
-0.3197312936
-0.3683680534
0.880241397
-0.1178198739
0.405257909
-0.6067508027
-0.4844557509
-0.28966671
-0.3436348438
-0.4617771193
-0.08115518969
-0.2906196557
-0.2538804218
-0.5576331019
-0.1957269734
-0.5412733853
-0.06498754807
1.126056892
-0.4646458209
-0.2264140341
-0.4595902257
-0.5343987212
-0.02948351335
-0.5600515097
-0.2156082405
-0.1636516149
-0.2276014138
-0.5418611169
-0.07014171444
-0.3031115316
0.2068383418
-0.4138364568
-0.4596215241
0.09937296044
-0.3917076215
-0.4481464565
-0.1189681008
0.52365679
-0.2752586581
-0.1506290466
-0.3640062973
0.3091604453
0.8555240311
-0.1779004063
-0.1236261524
-0.3151694544
-0.1034698792
0.4954565294
-0.1322109247
0.1211892536
-0.4369291797
-0.4057369232
-0.3035285994
-0.06363971541
-0.2624698706
-0.443066138
2.131393749
-0.4748247355
0.05907332115
-0.2929416075
0.04357940294
-0.2798217436
-0.1807965511
-0.08330319319
-0.5108473554
1.556951475
-0.1025867615
-0.05889926404
-0.2277954828
0.05462534651
-0.4351700559
-0.4548768058
-0.3328878999
-0.4827513836
0.9130735219
-0.2720122315
-0.1184223445
-0.2391807336
0.09005649891
-0.2209882092
-0.2828549497
3.981397033
-0.2221639112
-0.2298783138
-0.2888096143
-0.4799647376
-0.07167876386
-0.3253941467
-0.5304422259
-0.4750626221
-0.4767010733
-0.1857500862
2.194618618
-0.3321035735
-0.07129512914
-0.4475872815
-0.4040197417
2.692575258
-0.2163779002
-0.2289591633
2.018285316
-0.1607569337
2.881239516
0.1171138253
0.6243908852
-0.161901667
0.8170367151
0.03582553733
0.6480810016
-0.3334250003
-0.3693741798
-0.2190940909
-0.4474014357
-0.0877473088
0.2687127374
1.88054496
1.345969737
-0.2081713393
0.02138753692
-0.2520086871
-0.2978543926
0.2082691923
-0.1225593995
-0.2337452602
-0.5018917039
-0.4182656839
-0.2418307714
0.3360385688
-0.2155885817
2.116033435
-0.3417267613
0.331227551
0.4921068709
0.2150853963
0.002061309759
-0.2011090413
-0.01145984419
0.3190015521
0.06574167577
-0.1673857126
3.12921952
2.698030543
2.34120608
-0.1127978332
-0.08375684209
-0.3391378805
0.08682368426
-0.3025061078
1.3688835
-0.3133533455
0.4184103187
-0.4095123038
-0.06602544188
0.3014964806
-0.1273578997
0.3690438326
-0.5445759222
-0.01906765718
-0.2315805849
-0.0009385548532
-0.1547625206
-0.5116065726
-0.15417802
-0.5095097974
-0.1946399387
-0.4600873649
-0.3247585654
0.356153269
-0.3175887153
-0.245522695
-0.3828284785
0.2977516945
-0.3468281291
0.007807164825
-0.06321771108
0.5579829924
1.171324205
-0.3245503977
-0.3214292489
2.288058376
-0.2874729978
0.02422415316
-0.2207877684
0.7930811942
0.4300195437
0.2358153137
0.9772999227
-0.1722985396
-0.4065626338
0.1586621469
-0.01615921217
-0.2536720082
-0.07258757334
-0.2093871824
-0.1343726609
-0.231347223
0.07330344762
-0.139102339
-0.4240270577
-0.4886992455
0.4519589776
-0.3078410454
0.3359032291
-0.3292274911
-0.1962884037
-0.08266366897
-0.5004884839
-0.193593864
-0.3795645073
-0.4297946811
-0.39516249
-0.02343873624
-0.002242907323
-0.1645802272
-0.3879074283
-0.3012910198
-0.382954172
-0.2818683043
0.03772537033
-0.4416214503
-0.256033684
0.04692621161
-0.3295419291
0.4464124851
-0.4530857325
1.948361117
-0.1311993701
-0.1656932235
0.348767484
-0.2988362953
0.3177021427
-0.1554198224
2.23541972
-0.2331850667
0.2436118282
-0.149129343
-0.3521332204
-0.2913019009
-0.4490766272
-0.3203119308
1.219284958
0.5210281515
-0.199876475
4.549096978
0.03709286298
-0.09876008071
-0.2136999398
0.9806528002
-0.5649838954
-0.2804354342
-0.1219019337
-0.4294619575
-0.2379900038
0.6502444178
0.4637561414
-0.4328315482
-0.567995213
-0.4629240647
-0.387947955
-0.3002529554
-0.2922727838
-0.277575811
-0.2542722864
-0.03634738866
0.7911655799
-0.1765500596
3.858377814
0.2899665158
0.199723764
0.3421438791
-0.0464857148
0.3026485804
1.522548929
1.11583862
0.08391963663
0.6396245606
1.996902609
0.08187152955
-0.4712226257
-0.3149175838
-0.3894608155
0.1393786678
0.1381696867
0.2328747159
0.2750602202
-0.02239058167
0.4459308324
0.1274230408
-0.4176930122
-0.3299234882
-0.4943310216
-0.3993512973
-0.06310591456
-0.3059172913
0.4706360755
-0.3193864383
-0.4722387627
3.205043256
0.8230471078
-0.2331631182
0.3643929289
-0.05282391738
0.2042866398
0.3893848542
-0.2718534134
-0.3008867707
-0.141409496
-0.1356831334
-0.1081860447
-0.3571536057
2.137368232
-0.3985830158
-0.3251539774
-0.3989680141
-0.6537044942
1.993587989
-0.511011824
-0.3213668935
-0.3481860705
-0.4134401053
-0.3938400984
-0.5104892522
-0.5588919982
-0.3738882363
-0.4073923111
0.09926778232
-0.3119112417
-0.18027969
-0.5309679657
-0.4849619552
-0.3851246327
-0.06107877381
-0.4895702034
-0.2408402409
-0.3391568311
-0.1263327971
-0.1576889081
-0.5455645651
2.957456601
-0.3744310983
-0.1641672626
0.653139545
0.2093876254
-0.2664609514
-0.4615127057
0.1708877496
-0.5475573897
-0.2020273368
-0.1346769452
-0.3901662812
-0.4212825745
-0.4150714219
-0.3521345355
-0.06105448157
-0.3752631478
-0.3581602082
0.823279658
-0.02490783971
-0.2223524712
-0.4127303645
0.2062213432
-0.355997432
-0.3349823847
-0.08236632515
-0.3935806006
-0.3756841213
0.461159458
-0.2675885968
-0.1556431506
-0.1731285783
0.6693362631
-0.6278141871
-0.3470722213
-0.3151089191
-0.2469576702
-0.1100023547
0.007251233794
0.1698885733
1.189306878
2.800914288
0.01608544625
-0.4955865279
-0.4186326429
4.978072929
-0.2341099791
-0.2239227951
0.6954558632
-0.5613347724
-0.2817276351
-0.3513661176
-0.1369799096
-0.5104361296
-0.1279037052
-0.3691354714
-0.4346196011
-0.3402077138
-0.1991212338
-0.5304637939
-0.2468040507
-0.1334084008
-0.3809741177
-0.2387836479
-0.2904062353
-0.1605092404
-0.2225113319
2.655965537
-0.1184775725
-0.2181143057
1.14781754
-0.5522424564
-0.5920449182
-0.1195614358
-0.2135324884
-0.451611568
-0.1282307867
-0.3551734958
-0.3846014842
0.5115520224
-0.140055697
-0.1604820674
-0.05868493263
-0.1182827057
0.7917988755
-0.3183368623
-0.05177640701
-0.3485556617
-0.03116944153
-0.1907357249
-0.4394605547
-0.1115501609
-0.1564347619
-0.01226728298
-0.4853080064
-0.3597733878
0.3884107858
-0.524891375
-0.3031068072
0.8730535656
0.1799021448
-0.6929744184
-0.386290025
-0.3118223295
0.2347015232
-0.3543960191
0.4507047608
-0.5427582696
-0.4837071098
-0.2522952694
-0.1106706487
-0.3132733345
-0.5914635777
-0.1891680112
-0.55354186
-0.606662102
-0.0129365189
-0.007208808605
0.2303668277
-0.226439447
0.1938737055
-0.3295979045
-0.239954626
2.961090302
-0.2865897391
1.764476615
-0.1889869275
-0.09128486873
-0.3848824777
-0.03477455135
0.7698208943
-0.367429179
-0.2201077497
-0.1261668418
-0.5384827554
3.187946558
-0.3624868803
-0.2118860837
-0.3749069802
-0.1682285383
-0.2290363796
-0.2410069764
0.2559666896
0.3285693662
-0.05710436571
-0.4563489497
-0.2939840039
-0.7191841394
-0.6130088419
0.3280451696
-0.3714828737
-0.3587603223
-0.4915354729
-0.3704404086
2.640305758
-0.206305879
-0.3743629366
0.1718942024
-0.3419598728
-0.2455679335
0.09173587067
-0.2519596629
-0.3852179125
-0.4643968225
-0.6463220641
1.710815251
0.5493827865
-0.3980933756
-0.2678931765
-0.4013306625
-0.2918175954
-0.3777647808
-0.3323747434
-0.5398022369
-0.5088710219
0.4574459599
-0.4676545352
-0.2347163143
0.1278318863
1.06005826
-0.2381610543
-0.2417245515
-0.3441849187
-0.3936241873
1.414385876
0.1722024519
0.3574654635
-0.3595888875
-0.3698713019
3.604717481
0.3087802254
0.03658360271
-0.5319174066
-0.1348644035
-0.2025858041
0.5111096889
0.1233938135
-0.3620634757
-0.3402398586
-0.1996946312
-0.5693556666
-0.3543991201
-0.1478452969
-0.2873740748
-0.4744662344
2.480771953
-0.1117415635
0.2539457805
-0.2373811983
-0.5142415226
-0.4616569474
0.7070266366
-0.415791212
-0.4177156836
-0.08665416632
-0.4726605192
-0.4517146096
-0.2341836328
-0.3698783576
-0.3480170578
-0.4283259585
-0.3518336259
0.03540402642
-0.2407412287
-0.3068405114
0.1496067503
-0.3189050563
-0.2298769802
1.122684759
-0.5535833865
1.519512659
-0.09002873125
-0.1934528388
-0.3810775533
3.884951317
-0.1642482787
-0.04700950142
-0.3438710764
-0.09871369712
-0.4058088273
-0.3725282617
-0.2888652317
0.8042277575
-0.3825446613
-0.4967941627
-0.4273658156
0.07031825073
-0.232671768
0.2180548698
-0.6355724379
0.4633695815
-0.2492586914
0.6176840844
-0.2833976626
-0.4708675653
-0.6150404409
-0.5655591801
0.1166407027
-0.4735463977
0.02590486128
0.07446398009
3.672468066
-0.4350211143
-0.5030813083
0.5535387106
-0.4960393384
-0.5931592405
-0.5741694018
-0.4820864007
-0.2119118936
-0.5035327896
-0.2889840618
-0.5983564213
-0.1514063343
-0.1228564491
-0.4694628745
-0.2138470719
0.3893180854
-0.628495416
0.07358934628
-0.4049600475
1.536169231
-0.5840805665
-0.3106257141
-0.288128408
-0.4442253113
-0.4234708294
-0.3173926361
-0.4728067294
2.055875701
-0.4127219185
0.914608638
1.627328992
-0.2407463886
-0.3861439161
-0.3978954136
-0.209451529
0.133593932
-0.03917361572
-0.524238947
-0.1053701926
1.472950929
0.5304626793
-0.410567759
-0.2579868972
-0.4817416787
-0.422171025
-0.6375589713
-0.1402769962
-0.2891264895
-0.4193590313
-0.04385475144
-0.1696718032
2.613323742
2.804887712
-0.3142661298
-0.3364998773
0.4420728661
-0.1650122337
0.1467184525
-0.4884214148
-0.1275473409
0.9272349834
-0.5616971865
3.252570683
1.465407062
-0.5252173394
-0.08864337592
-0.187185359
-0.2346793838
-0.3212390691
-0.6887348831
-0.176184856
1.73085295
-0.02672888828
-0.09050496649
-0.2502876483
-0.3642192006
-0.1194093589
1.068262816
-0.3261224583
-0.002631340316
-0.1337385474
0.2509252474
-0.3660617411
-0.282643009
-0.1219449611
-0.2963979669
-0.3441949092
-0.1735338327
-0.08847668804
-0.5108805075
-0.5456770867
0.8809715286
-0.1926564299
2.499987143
0.9292624205
-0.327498804
-0.549297601
-0.2004488416
0.0289585002
-0.3128892727
3.472452259
-0.3361875921
-0.4883851767
-0.1701366417
-0.03102784213
1.930189252
-0.1720280715
-0.1021998683
-0.1892696328
-0.164905359
-0.2948799446
0.6070566863
-0.3339038394
-0.1046765308
-0.4926626697
-0.2589642748
0.4456914909
-0.2986845657
-0.03291183989
-0.1806793846
0.04410590339
-0.3703201361
-0.3661190204
-0.6817411408
-0.4164678149
-0.3087415427
0.4133280862
-0.483198148
-0.05731360232
-0.4438851744
1.960549623
1.076275549
-0.2367169727
-0.1943423312
-0.2069968678
0.08196460558
0.7253205284
-0.1265214383
-0.0001876881346
0.04481814094
-0.09412970729
0.3603396462
-0.4553096518
-0.08997855522
0.3264870724
-0.2754071474
2.055935329
-0.08702795677
-0.3566951513
0.2082387952
-0.588094689
0.1018795894
-0.4630637869
-0.3241073687
3.786832678
-0.4731044382
-0.2334391724
-0.4485721752
-0.1209452767
-0.4922413394
-0.3225426927
-0.1710076497
-0.4456779823
-0.3008747362
-0.5258368388
-0.1629579443
-0.1159599008
-0.3794966578
-0.1856553316
-0.321783483
-0.4533505291
-0.1757658556
-0.1665384717
-0.3682167858
-0.185516616
-0.4431753874
-0.3942539915
1.286579069
0.1687791804
-0.4227011576
3.703773403
-0.2688340999
0.5008205801
-0.4765260845
-0.3234071597
-0.6468481272
-0.05460163578
-0.413455762
-0.1078332845
1.015934643
-0.252684734
-0.4194724753
-0.1897034254
-0.3530476987
-0.1373889774
-0.4582172662
-0.3146270063
-0.3431591876
3.649898136
0.854276216
-0.3120660037
0.1181246606
-0.3372043058
-0.4054360136
-0.3874963865
3.024615967
0.5495544143
0.01173868962
2.466745186
-0.1715986729
-0.06920825895
0.2496164071
0.1633138888
-0.2013305772
-0.03983358126
1.513820904
-0.1071158757
-0.06207845882
-0.1801113302
-0.4452991016
0.298584317
-0.3987928316
-0.4099571303
0.4597177535
-0.00144274747
-0.1977888857
0.9690210298
-0.1684781531
-0.1220314126
-0.2285045169
-0.01473776493
-0.1495584865
-0.4593532532
-0.163100674
1.585968995
0.02128748498
-0.2196247549
0.4887064293
-0.1777549754
-0.2551473837
-0.1257159416
-0.2673742939
-0.4818452865
-0.525172101
-0.1814376717
3.671544671
0.5140236359
-0.2157064341
-0.01960934082
0.1361552094
-0.1818479445
-0.206213716
-0.1795251628
-0.5391511813
-0.5106454387
-0.3384582527
0.003070095647
-0.2873656157
1.192250797
-0.3101412624
-0.27760159
0.2017464075
0.4479923192
-0.5154612236
1.448045391
0.06568494672
0.2216138883
0.1076101033
-0.2280846617
-0.3636453561
0.07575827735
-0.1612585301
-0.3751679756
-0.4012325734
-0.3085996598
-0.3706070945
-0.4516297236
-0.2664096933
-0.5252567887
-0.5153044745
0.1730275603
-0.5719848663
-0.3493812561
0.0321847938
0.913377358
3.396617055
3.404315627
-0.2666256234
-0.2076585729
-0.1420731356
0.459714742
-0.4431842178
-0.327278401
-0.1068641374
-0.4351550594
-0.0818430461
1.257475598
-0.3156910054
-0.1943107547
0.07653277656
0.5614005452
-0.4060608923
-0.234379543
-0.1912950411
-0.1138239533
-0.248962954
-0.4198817536
-0.1644526597
-0.1795353267
-0.1100468564
-0.3286301941
-0.238114202
1.170465741
0.3929787561
-0.1142514793
1.446474659
0.3679271882
-0.2242381455
-0.1653781414
0.2875663754
-0.5682329863
-0.437728563
0.06032832079
0.2017007769
-0.3466998018
-0.3268465005
0.8484040782
-0.5684878394
0.0792208421
-0.2624773666
-0.3818687782
-0.06049191114
0.4467342634
-0.05085611106
-0.02700917365
0.04013487669
-0.4869914889
-0.1433550183
-0.3779941291
-0.1587760853
0.02756098509
0.9321689218
-0.4475058779
-0.1044984646
0.07903867103
1.174899364
-0.1318379267
-0.4118913583
-0.2204265202
-0.1355581306
-0.1223658778
-0.3102728315
0.5299982779
-0.3164270461
0.0104724722
-0.3425400816
-0.4977240503
-0.4247574449
0.9237091012
-0.434600725
-0.3929284334
0.3963729208
-0.2829320252
0.7606102198
-0.1541606281
-0.2406063572
-0.05597526133
-0.170973701
-0.05118034203
-0.3166781262
0.008067023102
0.3602345316
0.3651801423
-0.540684247
0.5721278857
-0.3097196199
-0.3375155084
-0.2905688079
0.7191295616
-0.4791474715
-0.334120409
-0.4946568757
-0.1338507206
-0.4034408405
0.5883909553
-0.3715011358
-0.1050158017
-0.4366489083
-0.4442252785
-0.09093201738
-0.148476766
-0.4413575001
-0.03721872522
-0.3595833778
3.228162193
0.2320968036
-0.3153074559
0.1966802225
-0.1551505428
1.170027226
-0.4001774281
-0.2532249689
-0.1304535381
-0.1174606405
-0.05527863768
-0.1760225918
-0.0183717024
-0.1536379866
-0.3588174768
2.185055453
-0.3451103732
-0.1579673642
0.5472737573
-0.4688045777
-0.0216734902
0.05739240097
0.1275618831
-0.1877736391
-0.3924234882
-0.251711702
-0.1754429117
2.631557781
-0.06457060119
-0.08333755396
-0.2950101897
-0.417768535
-0.2275733944
0.1151870817
-0.3081865963
-0.1798843633
-0.2182566717
0.09212786253
-0.2457722586
-0.1927314155
2.062535849
0.5087817073
-0.319194002
0.2247751204
-0.2973163612
0.07365557272
0.6844397888
-0.4123349331
-0.3548138
-0.365390867
-0.3214096293
0.126107281
0.002498745732
2.33104769
-0.3519837841
-0.1959002424
-0.009426802304
-0.1719704529
-0.3016406305
-0.2425648596
-0.2144877415
0.07351367655
-0.2873836488
-0.05613151519
1.643226686
-0.1674803097
-0.4119359702
-0.3578373142
-0.2004681192
-0.2251694277
-0.1461185021
-0.6130989537
0.006369299744
-0.3222815007
0.9490934089
2.3490385
0.5310211249
0.2160737338
0.1943327317
-0.3982622087
-0.2735095426
2.091115999
-0.1532357182
-0.05421320181
0.08733376567
3.085564256
-0.3326002523
1.801457781
3.670086956
1.542767119
-0.4639786527
-0.3601959921
-0.3092810743
-0.3070227213
0.3987591906
0.517172369
-0.2680100933
0.3801365037
0.1982311178
-0.1881544204
-0.2125119048
-0.512854372
0.2159805652
-0.09820311759
0.4587733619
0.5423079476
-0.4164643213
0.3598520332
-0.2597644046
0.04223995768
-0.4437699944
-0.1109131446
0.7601112075
-0.03106833585
0.3539862255
-0.05424387297
-0.1143297662
-0.354008757
-0.08848053887
-0.3585538089
0.3645128484
-0.1499931302
-0.2114581853
0.03782780319
-0.1302113213
0.02537383577
-0.1664715448
2.611077142
-0.24505868
-0.05717090601
0.2361436147
-0.09734307583
0.7684228063
-0.2681455694
-0.3192337848
-0.218912676
-0.05410700534
-0.1966965735
0.4721623883
-0.3480016999
-0.1348023186
-0.3136052506
-0.4761794031
0.4348611644
0.1575888753
-0.3386131823
-0.3710598916
-0.2067957904
-0.09377753958
-0.101547029
-0.3512568995
-0.33582488
-0.1174515344
0.2413460042
-0.3674757734
0.7991250936
-0.2231937293
1.181143931
-0.04682313821
-0.09524412332
0.03328454047
3.94186765
-0.009299198305
0.1120672316
-0.404284618
-0.2520480011
-0.3894080102
-0.3309793778
1.036662224
-0.1745222054
-0.1356821759
-0.1201577067
-0.2298083341
-0.08796242978
-0.1545859928
-0.195680679
1.778482196
-0.1158231348
-0.2175015241
0.6471760869
-0.2673439834
0.02965768864
0.5135702014
-0.1974653419
-0.2955564432
1.815236706
-0.03520571673
-0.02558871158
-0.2385079086
-0.2822395153
-0.1683810785
-0.4464150369
-0.3840021774
0.1699456841
-0.4695402853
-0.01846011011
-0.1570328299
-0.1092198696
-0.1428967945
-0.1435478656
0.03918296918
-0.00861718785
0.5314596295
-0.07398183998
-0.1286995661
1.07453492
-0.2873430267
-0.1829859003
-0.1280241793
-0.2996920384
-0.2036179304
-0.4961697251
-0.2070535615
-0.3556088865
-0.04754905375
-0.2191645999
-0.2110988121
-0.2049736671
-0.1801659093
1.13056832
1.373522228
2.474587417
0.1076295011
2.36894334
1.040590191
1.678778869
0.5089448914
0.6090069249
-0.4214756846
-0.06664269343
-0.1337204762
-0.2630679816
-0.3060242124
-0.06645995434
-0.5632841691
-0.5896510631
-0.3209845655
-0.3549599625
0.7383019835
-0.4077325568
-0.28770696
-0.1079964832
0.04943898502
0.4453669537
-0.04256554358
0.004435968772
-0.0972783518
-0.08302633176
3.01307075
-0.4951246172
0.9927247524
-0.1583894284
-0.3302793853
-0.04022701234
0.07136569582
-0.01396014132
-0.2194633716
-0.2221682817
-0.2748251855
-0.3766318772
-0.3103393026
0.07952749468
-0.09705569595
0.3459708318
-0.2486798119
-0.2681764644
0.181538622
-0.3125102334
-0.4275445879
-0.2380517786
-0.1751150028
-0.3228976972
-0.1644510344
-0.2243623324
-0.08765932424
-0.02979846466
-0.2482888944
-0.4139156044
-0.2318932183
-0.1301071044
-0.1305509208
-0.2139261182
-0.3726844378
-0.1304595042
-0.03869704492
-0.4946248725
-0.1718300789
0.1326263912
-0.2334706806
-0.4518546648
-0.3806215689
0.9438279681
0.6788969515
0.1538965153
-0.3029967479
-0.2636980463
-0.5041547388
-0.4841061458
0.5657152377
0.07454320318
-0.4359836176
-0.3613732189
-0.2906891063
0.4772286646
-0.3728275411
-0.1700297801
0.2343910541
0.1823655031
-0.306874577
-0.06302489955
0.1624468262
-0.09772504158
-0.2083690083
-0.4296049073
-0.2607177079
-0.1974301714
-0.1913360793
2.304692167
-0.281461763
-0.3435561828
-0.3519418404
-0.3193938315
-0.5429161549
-0.06392707694
-0.3905219689
-0.529402332
-0.4241458014
2.445981866
-0.1127560356
2.131300652
-0.2755169325
0.09998387247
-0.1837617852
0.005881966092
0.3520000212
-0.08212587936
0.1351798302
-0.1434968742
-0.09434367623
-0.2084378175
-0.5176296003
-0.4599052846
-0.4178220183
1.67124268
1.643401173
-0.03820809815
-0.1985460259
-0.1944937984
-0.1808478358
0.4280461565
-0.1337165535
-0.2688693218
-0.1425333438
2.50323019
0.3905413944
2.103936633
1.921281415
-0.2484917767
-0.4298123166
-0.1860609256
-0.358104495
-0.3483748078
0.2533647304
1.857462382
-0.4007543117
1.513324633
-0.4110618249
-0.2232715439
0.4990507215
0.7137096971
-0.3895152207
-0.2456577749
0.382353379
-0.3641420268
0.3769780949
-0.2572511364
-0.173039411
0.2967650456
0.2512549515
0.1154960779
-0.06110222368
0.09102389086
0.1205711592
0.9988289416
-0.2309367332
-0.09109899011
-0.5704900533
0.403352548
-0.05955024697
-0.1636739673
-0.2047118841
-0.3319340639
-0.1315418981
-0.03619288802
-0.1824413471
-0.5241577208
0.2219603335
-0.2177238537
-0.5244845569
0.6553353071
-0.3818683967
-0.009531513508
0.2537393273
0.0719851492
-0.1425106097
-0.2218691241
0.6968620136
-0.2680113569
-0.1947369903
-0.1143179474
-0.08633783441
0.4336343214
-0.1182948181
0.05976478439
-0.3686668906
-0.297844319
0.06541057499
-0.4454546995
-0.1655635116
-0.3269477405
-0.01727818958
-0.2492542641
0.02435841355
1.566663724
-0.1668980494
-0.3425400808
2.371616358
-0.2477157179
0.7258324385
-0.3372897284
-0.209517901
-0.2730062101
0.7399758726
-0.3900714673
-0.1375437941
-0.2532886731
-0.004577445891
-0.3901736546
1.601407832
-0.29937176
0.2610994291
-0.1748619998
-0.3460832164
0.9699217275
0.2960281275
-0.1520110094
0.03505318128
-0.3251056358
-0.3685439996
-0.04766870886
-0.3245155513
-0.1303625884
-0.1697389027
0.06061995411
-0.07185166911
-0.2399852213
1.889710611
0.4477242702
-0.2261103541
-0.2252040811
-0.1015418744
-0.1313710172
1.812198126
0.1378768388
-0.02164012128
3.491171157
4.337350893
0.5411344692
-0.4464212701
-0.3008991443
0.212816542
0.3413520075
0.1253445921
-0.4450957105
-0.1114958834
-0.2864585668
-0.3105852172
0.2482426343
-0.04132260876
-0.3433891326
-0.09967817967
0.0777902903
-0.3130517129
-0.3472401457
3.216628331
-0.2064690338
-0.04515977679
-0.2251708552
-0.4856752604
-0.6032972306
-0.1072400138
0.05189031619
-0.2309959184
-0.1799420718
0.4563050288
0.2365342075
1.239833355
-0.1272076949
0.9818726897
-0.1435588652
1.36050992
-0.2320901319
-0.3190524757
-0.1885812666
-0.2043655612
-0.5840243444
-0.3530239824
-0.5733037427
-0.3525391616
-0.04961593905
-0.3623738911
-0.01957970019
-0.3283917345
0.1530127374
-0.1401428882
-0.3055474237
-0.1339104156
-0.3420720831
-0.141017938
-0.1272068232
-0.1841029013
0.2642376611
1.427391726
-0.1342929594
0.3750790834
-0.05978851961
-0.001549056638
-0.143019743
-0.04948478863
0.1978053974
0.1418620104
-0.09476098176
-0.4051245779
-0.3813013062
0.002756458521
-0.2850458466
0.01313111968
-0.503102003
-0.2053118017
-0.3221992098
0.2882988436
-0.2772175983
-0.1356328679
-0.02776093427
-0.4109286517
-0.4583536386
-0.423509115
-0.4793495551
-0.5485411867
0.1339110274
-0.5027126983
-0.1276385669
2.103034988
-0.2615641661
-0.346038954
1.369895411
-0.112779469
0.9795688629
0.08847082667
-0.439445743
-0.3927326992
-0.4116334543
-0.2024604887
-0.1746025821
3.857965302
0.6067036375
-0.399541036
0.0122159834
-0.3523499012
0.3056336827
-0.5392198205
-0.2775927381
-0.1672822049
-0.2510575972
-0.2829310197
0.2262632698
-0.3150421586
-0.450511989
-0.3519118391
-0.01722794357
-0.3710322283
-0.1884207606
-0.4242618427
-0.352441965
-0.5639209494
-0.4445398033
-0.3989658296
-0.4523169205
-0.4791636348
-0.5092181996
-0.4278434813
-0.2695805423
-0.3317562342
0.1511336318
-0.3969196469
0.7232395642
1.025973964
-0.3565428093
-0.3878307939
-0.2923484713
0.7343554854
-0.3627406642
-0.1850636145
-0.4282666177
0.1803301361
0.1355902935
3.589031732
-0.3581632428
-0.488219288
0.1160870848
-0.5513012081
-0.4816780761
-0.2120049939
0.7130141344
-0.1571518084
-0.1820053793
-0.460285297
0.5429462008
-0.4937709495
-0.4271665275
-0.253717369
-0.5072176948
-0.5192459702
-0.0612932659
2.712013125
-0.01201110566
-0.6852031961
-0.364564766
-0.2432229359
4.298680222
-0.2561251804
-0.41530772
-0.2761916071
-0.5927278027
-0.4326647997
-0.5886672422
-0.2750733331
-0.4250011444
0.07279708516
-0.2828041174
-0.4201055676
-0.3447097644
0.8396867186
-0.4407373115
1.973713398
0.04476455534
-0.3443547346
-0.1577030658
-0.5382403925
0.09224725366
-0.1746863715
-0.3872414455
-0.4717815533
-0.05139911892
1.300114523
0.804119283
0.1811009863
-0.508466512
-0.1765266325
-0.1831784882
-0.05394598488
-0.2135667462
-0.3515554398
-0.06571373967
-0.240322208
2.968011552
-0.3097485289
-0.2521067321
0.5124610252
-0.3036932692
-0.3724463969
-0.2655425001
-0.2306522973
-0.315005818
-0.2043878965
-0.1031453703
0.4051105684
-0.0627297475
0.4984319614
0.4678290185
0.2846573163
-0.3364859805
-0.3094247803
-0.02529234081
0.5234424107
0.2093067259
-0.2764997046
-0.1923134294
-0.1848534327
0.8158361703
0.04395110328
0.153507909
1.090901661
2.06347512
1.148100007
1.529540645
0.9145508189
1.331526923
0.7736242086
0.5919572216
1.066060421
0.3008313151
2.112022924
0.4862165555
0.4082446858
1.354747644
1.011758193
0.5295587951
2.665168911
0.8284249619
0.9967434168
0.6541872948
1.771757823
0.9160397559
1.872125059
0.7161356881
1.150581861
1.029365155
1.198582622
1.288800776
1.333583906
1.05736478
1.282224262
2.905366862
2.066905963
1.548606601
2.229663867
1.774298435
2.737455118
2.659009898
1.874795651
2.308484262
0.9708611444
2.018102664
2.030510458
0.6447547071
1.927462256
1.546362007
1.563230473
2.753868663
1.243061961
1.942930204
2.361592102
1.261402631
2.739281774
1.32623016
-0.1386206167
-0.2287363887
-0.3712921336
-0.261999001
-0.0135364335
-0.588601388
0.9329966202
-0.08301780634
4.6615592
-0.3477482684
-0.06780306699
0.4583147004
-0.5411764935
-0.302180893
-0.4639636278
-0.38003079
-0.5343307078
-0.2108306784
-0.5942207798
-0.21971973
-0.1796041925
-0.08409780841
-0.304186292
1.157344277
-0.5020567611
-0.2041199505
-0.2937915914
-0.51465372
0.2973863884
-0.4067023925
-0.2594329938
0.620715896
-0.0912522696
-0.4415094689
-0.3810021162
0.4714828376
-0.1089269402
-0.1859529814
-0.03029832901
1.944137314
-0.2111505397
-0.2631865937
-0.04164510332
-0.1949225545
-0.1114012102
1.079119429
-0.1032041386
-0.2684862603
-0.1438073479
0.1132971058
0.6844025746
0.05316625205
0.05882847728
1.316671571
-0.04418383685
-0.3708122052
1.609279281
1.474521416
0.7289750561
3.712122941
-0.06466051843
-0.2443267647
0.1173453514
-0.191988745
0.3275702124
-0.3082738746
-0.2936094061
3.428104722
0.3655781543
0.09040836953
0.4245082956
0.3104967278
0.2510744922
-0.2463023506
0.8129276294
0.3650366668
-0.2635260714
0.3971893577
0.8710519806
0.3433452063
0.1372860495
2.44098478
1.133648653
1.292365178
0.7751657564
0.6067137614
0.7205275342
0.6547437375
-0.3853547178
-0.5239263996
-0.07139083594
0.1896907838
0.2362153511
-0.1152956747
-0.2889924787
-0.2561745444
-0.1719219698
-0.2936619163
0.08131586835
0.3314484173
0.06281776242
0.1342324201
-0.07146786395
-0.1367439294
0.8498809079
0.3070315925
-0.3566710461
-0.2327287164
-0.1567168389
-0.178578867
-0.1737290755
-0.3220479701
-0.09230453949
-0.1552302402
0.206831646
-0.09190478176
-0.2213680468
0.6374882281
0.2682035299
0.2618581116
0.9288506622
0.03270488568
-0.22024097
-0.08416492054
0.7838788435
-0.05487368247
-0.2915770203
-0.226929479
0.2473382538
-0.4131519124
-0.00136697581
-0.4518916294
1.339018652
0.103165008
0.09210667461
0.06295108283
1.985258955
-0.4565755308
-0.4568583027
-0.2783014514
-0.417341347
-0.01527682841
-0.1416375101
-0.06720845797
0.06708769575
0.1621593273
-0.4398904294
-0.1419553053
0.7162047341
-0.429264757
-0.4696915329
-0.3136801384
-0.3248711199
1.636309305
-0.3630453199
-0.329345721
-0.4162745148
-0.01870024772
-0.2453266326
-0.2767784752
0.8107470199
-0.3265481189
1.080329841
0.5737802476
-0.06614495872
-0.3392309286
0.1251183011
-0.2545608204
0.0001533215865
-0.3427156493
-0.3990684092
-0.3056568763
-0.497813949
-0.6050655574
0.8764392614
-0.4996094599
-0.4771129802
-0.377377975
-0.1891860586
-0.3208303653
-0.621111834
-0.4144270584
-0.1780000104
-0.6001210406
-0.2648386206
-0.4797704145
-0.7005034551
-0.5192369759
-0.006515311822
-0.3509275056
0.5993099649
-0.6219952017
-0.4839752644
-0.2280437022
-0.2967286229
-0.4967550933
-0.5726914212
-0.3013159513
-0.3619799197
2.532013232
-0.4295901395
-0.4189703152
-0.6392562583
-0.3025491074
-0.1345410306
-0.3273114979
-0.1934197934
-0.1928538969
-0.3574845217
-0.376155898
1.765280846
-0.2793558531
-0.2569631338
0.821420081
-0.5072288215
-0.4803452745
-0.7095846623
-0.5382638991
-0.06566785779
-0.4244747937
-0.4884179577
-0.5599544927
0.05895613437
-0.372869543
-0.2677225336
-0.5553163052
-0.4345517561
-0.4548879266
-0.4436824873
-0.4064970553
-0.4328049332
-0.1959504355
-0.2567746066
-0.5034418121
2.636520332
-0.2237829555
-0.2565947104
-0.420952794
-0.007936767908
-0.3506904975
-0.2993085727
-0.5278369546
-0.3698091194
-0.318643216
-0.5624086946
-0.4495255753
-0.2889534794
-0.1953424564
0.264933827
-0.5559949309
-0.5920372739
-0.1735779459
-0.371791473
1.684520805
-0.3852289215
-0.2970266685
-0.09255613321
-0.1520037085
-0.2287408769
-0.5509356454
-0.2432597455
-0.2679951541
2.084039092
0.605783274
-0.3431279227
-0.4208659932
-0.5582441017
-0.4150089905
-0.299701573
-0.3879598096
-0.3561876871
-0.6078919426
-0.2119824823
-0.09444407532
-0.06457822723
-0.1714394698
-0.2925162002
0.6802604437
-0.3068287045
-0.1040459363
-0.08826238737
-0.389376989
-0.3482216284
1.185677344
0.166810404
-0.2818588831
-0.2605140205
-0.1998485741
0.08690125076
-0.05660380265
-0.07195148785
-0.1334184129
-0.04583568946
-0.01670793165
1.809350455
0.6651860394
-0.1647906292
-0.3653512485
-0.4403538078
0.1549741019
-0.3914388299
-0.1629661104
-0.2028062683
-0.241277892
-0.3544780739
-0.3022287141
-0.2231908483
-0.2834093451
-0.1260793772
-0.3967221811
-0.2122030821
-0.0625808401
3.180491912
-0.1971935769
-0.1714519108
-0.3486636043
-0.2553566251
0.02706143148
-0.1384609658
-0.3798792392
-0.1944290701
-0.224841916
0.07612131508
-0.1110080795
-0.3994229615
-0.04906553701
2.117672801
-0.09887346504
-0.3116734616
0.09046368077
-0.07495657522
-0.01025002906
-0.3730144888
0.5200242196
-0.6640062124
-0.2937627979
1.81563217
-0.09033005908
-0.08723764378
0.08052846491
0.5471417377
-0.10096798
-0.4877618819
-0.5041425556
-0.1708775684
-0.1732157931
-0.3302483894
0.7532222148
-0.1022932995
-0.220000606
0.2843265109
1.089660496
-0.12754815
1.091219321
-0.08435531054
0.6356837802
0.1160407433
1.243457985
0.3108780811
0.1571104437
-0.08669374753
-0.3288984478
-0.4578361422
-0.2764366709
0.07395670116
-0.2517898131
-0.2779620104
-0.1507824872
-0.3882275522
-0.1511617727
1.214237101
-0.09404900491
-0.5338286564
-0.2080171812
-0.410805067
2.159826657
-0.4658404171
-0.291995053
0.1617873583
1.421792495
-0.3157822512
-0.3718210779
-0.3380721331
-0.1363593098
-0.4406690449
1.605349642
0.06971728913
0.2022151382
0.09984863894
-0.1724410102
0.3674122086
0.332387599
-0.1464783022
-0.2060112372
-0.2429864299
-0.3982807249
0.08890693253
-0.07440326307
-0.4892966434
-0.1233618045
0.2379265817
2.055402941
-0.2728383407
-0.1697383676
0.05285603087
-0.1218092685
-0.2241988946
-0.2034045145
-0.4048123971
-0.339563439
-0.3402416468
-0.2827714384
-0.2601335332
0.6446661629
1.205474753
-0.2808883943
-0.01786249224
0.1704470781
0.9152531877
0.2356532387
0.0727889305
0.9768704653
2.215603903
0.02115186639
0.4489879344
1.154226473
1.116821781
2.42887339
0.8174578886
0.3266735831
-0.1836469708
0.007251759153
2.582052976
0.4912009188
-0.3433177352
0.7411342643
-0.2304743204
2.826916862
-0.2776686355
-0.2349625107
0.5023711341
0.4075942323
-0.09233037038
2.98090111
-0.02204621062
-0.4282601416
-0.5897648558
-0.4541746289
-0.5251823813
0.3305754667
-0.4774518684
-0.2710752722
-0.4167482227
-0.1104913894
-0.5229328021
1.445250452
0.124481036
0.8502235077
-0.7293963656
-0.4235658571
-0.1401083857
-0.4729469478
-0.2042880367
-0.4914042652
-0.195128244
-0.1570782747
-0.09950271193
-0.3173716839
-0.6087389335
-0.5762551829
-0.6134371966
-0.5233853042
-0.1562500734
-0.3516727656
0.2384193765
-0.3771105058
-0.3928390145
1.086092922
-0.3218777612
-0.2797890887
-0.1704105331
-0.2635290863
-0.2854072496
-0.1586660665
-0.1818317626
-0.3009721227
-0.3680918805
-0.1723865657
0.003266197257
-0.3069931876
0.228807258
-0.2882405244
-0.1834023006
-0.3427548185
-0.3343456134
0.0218211364
-0.4067392513
-0.4600046307
-0.1064883787
-0.4071639061
3.330035555
-0.4976758957
-0.2566259027
1.781819886
-0.087969045
-0.3875488207
-0.4925965443
-0.1847244894
-0.5322332606
-0.4413684946
-0.5448450103
-0.4205554247
0.6441878814
-0.5970002264
-0.3309219621
-0.5520774603
-0.4382320717
-0.1360694051
-0.5651095778
-0.2680251822
-0.1721452864
-0.3466418602
0.2509963421
-0.1646854879
-0.1293173591
-0.4065829627
-0.3543847039
0.5454024442
-0.00909489505
-0.1964093672
-0.4556807935
-0.5149815008
-0.366218181
-0.3507207416
-0.3946408615
-0.5454169333
-0.1863595214
-0.2788902089
0.2766523717
-0.5465195999
0.5021523185
1.100094593
-0.2725512981
-0.220780674
-0.3851364546
-0.6056227207
0.8800279409
-0.169059746
-0.5085924968
-0.5630016759
-0.6656499535
0.2088962212
-0.2557104982
-0.1596379032
-0.1492632926
-0.5116829082
-0.2477283821
-0.1848075384
-0.3700110346
0.00022874102
-0.4835288242
-0.6010196194
-0.5804436475
0.375022367
-0.3668943122
-0.3757684655
-0.363864176
-0.1973932688
-0.2765190817
0.01430379003
0.2520668873
0.3335265981
-0.2101271722
0.5550213516
-0.0001077358611
-0.3007894509
-0.2062107012
1.266635025
-0.01538554542
-0.2204658646
-0.1728465088
-0.3847456194
0.3172540063
-0.02904582918
-0.3534305386
-0.237870365
-0.3462883808
-0.2229884651
-0.004298221879
-0.3370274231
0.00886355564
-0.2147336397
-0.3960766815
-0.379983823
-0.5422775865
-0.3036967173
0.7532826662
-0.4228413261
-0.2374505732
-0.2319470596
1.724275902
0.08681933694
0.04697907288
-0.4608408138
-0.1618554297
0.6007367786
2.863530654
-0.004298347048
-0.2039977591
-0.4480735876
-0.2714848913
-0.3662161939
-0.2532836869
-0.3667754844
-0.3819133565
-0.06827913141
-0.2891329147
-0.15579575
0.06387034096
-0.4141098976
-0.325650166
0.09994179308
-0.4158573329
-0.55036093
1.448330289
-0.009979595244
-0.2154163999
0.2915048782
-0.2040931594
-0.3047304429
-0.4836169168
-0.2620259311
-0.3893897429
-0.1864291573
-0.1761794731
-0.2119631454
0.4228604142
0.1045077636
3.318772101
-0.1865732804
-0.2965822801
2.041900682
-0.4263011314
-0.4746077359
-0.2407735012
1.146119335
0.3108747687
-0.5533663929
1.111900143
-0.07091912734
-0.4569950193
-0.3141847584
0.9885985374
-0.3414868262
-0.04002654441
-0.2719281171
-0.2538080699
-0.114857151
0.2246232823
-0.4224418879
-0.4783601806
-0.1282550486
-0.07460959307
-0.1257160689
-0.3603933711
-0.5742799371
-0.2366119478
-0.4105946392
1.09911745
-0.1948798023
0.8168780565
1.602008811
-0.372869052
0.4389007911
-0.7099867508
-0.4693025932
0.7335820779
-0.5565392762
-0.2424651138
-0.1433596764
-0.3412891328
2.892345428
-0.4633062303
-0.2555470183
-0.2320910268
0.273762372
-0.6250725403
-0.3934400275
-0.02320147571
-0.345511502
-0.2445799343
-0.07839497011
-0.1155838728
-0.1622333685
-0.4630015567
3.568827379
-0.0001326370984
-0.4389512613
0.02785151172
-0.5896284819
-0.3187008001
-0.4594226301
-0.04453505129
1.061423343
0.02089095395
-0.588391766
-0.199716498
-0.005346844159
-0.2355673103
3.078982329
0.4520435821
-0.4088335536
-0.5509222463
-0.2909914665
-0.5209888965
-0.5312376171
-0.4045333467
0.5595134467
-0.23492833
-0.3327095583
-0.4547816962
-0.07986381119
-0.3972125761
-0.21199757
0.08358572312
-0.4096424386
3.340172064
-0.2213851545
-0.1513023742
-0.1346731625
-0.3596593648
0.1513414107
-0.4306928016
0.4005742336
-0.04178589787
0.1452101889
0.8224504814
-0.3939884059
-0.4555973254
-0.1556187451
-0.5262781337
-0.5330467284
-0.2567320272
-0.4005930237
-0.04764097538
-0.3245288514
-0.1862408642
0.5865011483
-0.281862862
0.2335791484
-0.2802456513
-0.2764662202
1.956443936
-0.4640448928
-0.2199944066
-0.306573879
-0.3072839573
-0.4360697731
-0.1116998674
-0.1291533021
-0.4140554726
0.07120078579
-0.4138915092
-0.2562555347
-0.2917762533
2.5799577
0.4973375663
-0.2188437408
0.04652749579
-0.34074216
1.08754281
0.03639431125
4.1872419
0.2422102559
-0.3812267818
-0.3596235819
-0.01256262441
-0.5585240155
0.9291871302
-0.2516915765
-0.3746211775
-0.08974188771
-0.5722926348
-0.3463970013
-0.3420222953
-0.4253245413
-0.4573643237
-0.6552359134
-0.5728776708
-0.1603700489
-0.2576464191
-0.02213504035
3.226294518
-0.2790596124
-0.3918972641
-0.3044815451
-0.4349653915
-0.288282422
-0.3026355047
-0.2967265427
-0.3564611815
-0.5579683289
0.05713800993
-0.339914906
-0.4243787512
0.6743264386
-0.4384829223
-0.697473982
-0.1725825367
-0.4184533753
-0.5069776699
-0.5248056695
-0.44992963
0.07035180072
0.8857302096
-0.04148990782
-0.1826220261
-0.1811547
1.016955613
-0.2706785508
-0.02337143454
-0.4300581962
-0.3787154213
-0.1287278052
-0.30558265
-0.591927141
-0.3219956346
-0.4086247921
-0.4106440529
-0.4018948048
0.2807675766
-0.3849196091
-0.5165891916
0.7272625014
-0.3908898048
0.01764373947
-0.7381352305
-0.5363871887
-0.3711268306
-0.6371194541
1.909279275
-0.4276561067
-0.2314194568
-0.3750106059
-0.4115607321
-0.3019598018
0.1699265687
-0.6071854711
-0.03212456722
0.002078986727
-0.2166742671
1.02574322
-0.2093911119
-0.2743245076
-0.4067404792
-0.752743268
-0.04374701809
-0.5111667752
-0.522007224
1.250023058
-0.3421542734
0.2109733585
0.1525304713
-0.4712663397
-0.4955997333
0.2000825583
-0.4230272695
-0.3146490622
-0.3874303684
-0.1610569606
-0.0930095138
1.314409959
-0.2071013298
-0.5400368735
-0.4199703828
-0.6145715863
3.431577814
-0.2653669585
-0.4757259712
-0.3036503285
0.5637290312
0.2969731348
-0.2843063105
-0.2413771167
-0.3783356249
-0.25155816
-0.5311780646
-0.5145726353
-0.5718445957
-0.4270857736
-0.5449547276
-0.3610190103
-0.2280866146
-0.1767293889
-0.1758018278
1.464577395
0.8020604253
-0.454632698
-0.1327483575
0.1139573589
-0.2566477723
-0.3550346158
-0.4821776941
-0.8152056277
-0.1599600218
-0.2094767459
1.36119279
0.4158747759
-0.4422465622
-0.435338828
-0.5784542039
-0.211709324
-0.2090161227
-0.3602378383
-0.3547128157
-0.1988778643
0.1934307434
-0.5886094481
1.812723023
1.123640209
-0.4810262948
-0.3528831311
-0.01080058385
0.02389972582
-0.4515895329
-0.05625915983
0.1806235477
0.1360577948
-0.3380856335
0.05271201795
-0.3925177738
-0.1735713039
-0.4186575606
0.3814365324
-0.1939275037
-0.3280968696
0.706090045
0.07662273953
0.8996762171
-0.3606591031
-0.3268547446
-0.2911153309
0.4025881188
-0.3195385635
-0.2547491886
-0.4395467728
-0.008065339364
-0.4220493481
-0.4542709596
-0.395369105
-0.3050815493
-0.36776696
-0.4419068635
2.21064986
2.154519814
-0.08557389199
-0.4375159092
0.2315740423
-0.0571699556
0.8615152031
-0.3621792406
-0.3544475272
-0.45430042
-0.4152022958
-0.3086374629
-0.2450884312
-0.3210577041
-0.249763412
-0.272246455
-0.2776497118
0.08689631461
-0.2735114597
-0.4260818943
-0.3359342914
-0.06495429147
-0.3494337492
-0.3122418672
1.034723416
-0.3150765926
-0.4871335104
-0.494982712
-0.4005458683
-0.2046987087
-0.4714287013
-0.5117396846
-0.1586515157
-0.2140250516
-0.1379043587
-0.1496699356
-0.07715002
-0.1367854864
-0.1774556234
-0.2852081239
-0.3037775531
-0.3437423617
-0.4518349037
0.2467597002
-0.2392910693
-0.2280349694
-0.4174662516
-0.07513176249
-0.3457498565
-0.3130443163
-0.332593181
-0.122036151
0.9438256845
-0.08758146372
-0.2713662278
-0.4998870596
0.305261918
-0.4925401077
-0.4340539306
-0.1679180836
-0.3721216276
-0.4353795573
-0.4688166708
0.7530518912
-0.1916047949
-0.376736822
-0.3336769901
-0.2228727909
0.4608767083
-0.394042477
-0.3104170486
0.4147319987
0.01916028429
-0.1728652095
0.3765665591
-0.235906487
-0.09936520304
-0.1445227712
0.2231798578
0.004850639869
0.5253735472
2.254493219
2.519705534
-0.1227504254
0.8375141852
-0.4366267487
-0.2753992185
-0.07824692316
-0.4147499248
-0.2333912304
-0.2847982584
-0.3243195206
-0.4185028084
4.478122532
0.9897801809
-0.3329070367
-0.1429216564
-0.4144788221
-0.2141671121
-0.5261176884
-0.2460465297
1.040573046
-0.2108574957
0.6372408316
0.5136047378
0.3129598502
-0.3015737619
-0.405067569
-0.3758931063
-0.09005524577
-0.4856201872
-0.6967926353
-0.1339607753
-0.1349289881
-0.1965785887
-0.1508862112
-0.1243685514
-0.1217111712
-0.1731407708
-0.262567158
-0.5605829686
-0.4478118122
-0.4981921807
0.8245796651
-0.3716311589
-0.697449626
-0.4018019475
-0.0163452493
-0.3840594262
-0.3520690046
-0.3217359155
0.2683802779
3.093166804
-0.3063758999
-0.3106001414
0.1197331375
-0.4149465859
0.3493609423
0.4370364331
0.01771500437
3.001006842
-0.3513371028
-0.1687537449
1.186382142
-0.4297045484
-0.1427525039
-0.2696474288
0.1933723778
-0.1254202627
-0.2971504783
0.3267247532
-0.2404716637
2.450012654
-0.159705213
-0.3905964479
-0.2903235979
-0.1486053174
-0.2842269525
-0.2959452286
-0.4117075473
-0.2335911555
-0.2854132339
-0.5115514398
-0.02630971055
-0.01266852953
-0.5612115607
-0.3831864826
1.0356785
-0.4797119781
-0.2790336397
-0.2422758184
0.04636269561
-0.2476592064
-0.1106162682
-0.5068569139
-0.3156009063
-0.1621097535
-0.3558459729
-0.2416943569
-0.1174492312
-0.337040139
1.504522517
3.646086502
0.9373477988
0.2279959656
2.419895935
-0.1006569002
0.8589681968
0.3940848801
-0.03871985134
-0.3650288418
-0.5762663603
-0.5582638085
-0.1611487605
0.4863480084
-0.7096001774
-0.4193196893
-0.3718062237
-0.02407204648
-0.5470776528
-0.5060270965
-0.4667186573
-0.3135353021
-0.4843890145
0.01686640522
0.3118728604
-0.2051098283
-0.1369924083
-0.005852780025
-0.4072341815
0.1361979648
-0.1613657949
-0.2614870742
-0.09737307448
-0.1958722293
-0.3484674156
0.5468088467
-0.425426589
-0.243716491
-0.507365723
0.6377971515
-0.2990177922
0.3392835982
-0.2558364253
-0.2814899363
-0.08200088628
0.1997302955
-0.2643308178
-0.5017062306
-0.4027983263
-0.3659436435
-0.1334992911
-0.3589438885
-0.4679298148
-0.2997726299
-0.2750416119
-0.4638970166
-0.07237388864
-0.1425420908
-0.4106408916
-0.3971698448
-0.3676700689
-0.1745363187
-0.3492849305
-0.5367628172
-0.3091173179
-0.522124669
0.1244966249
0.6802422605
-0.3629728675
-0.3427006811
-0.07586220205
0.6921866529
-0.595223777
0.8884768024
-0.6508222997
-0.5090699032
-0.3018103376
-0.6148578823
-0.3101535439
-0.2853502899
0.05234038848
-0.2801254019
-0.5274724975
-0.1617942808
0.2653180836
-0.1147243294
0.003288790956
0.4739006869
-0.3178726621
0.03903978979
-0.424995327
-0.4209194466
-0.5116660506
0.3580888705
-0.2997388981
-0.3975640237
-0.4221375823
-0.6504809782
-0.4025550514
1.721596774
-0.518065609
-0.1853498857
-0.07126705758
-0.4228883147
0.3133311966
-0.2652487371
-0.3998633303
0.2233079851
-0.3740911506
0.4811755158
-0.2501686852
-0.3639158078
-0.4509308264
-0.3854118451
-0.511114192
-0.4061456934
0.0491060568
-0.3938646294
0.04275959586
-0.2907743379
-0.1498319551
-0.380969356
0.04309591777
-0.2620987825
-0.3918241307
-0.2395478342
-0.3210262306
-0.2278473523
0.2598653225
-0.3681222439
1.677990779
-0.2673290703
0.1017889997
-0.5476482242
-0.2525542527
3.08675642
-0.4353675544
-0.4438813627
-0.2444936894
2.45605908
-0.3460973889
-0.01062198672
-0.39351737
0.6143028714
-0.4105087884
0.563839778
-0.1270708071
0.5140704593
-0.2063397532
-0.1465674113
-0.366405043
0.1391716437
-0.2857621841
-0.2038462617
0.636332611
0.1930196578
-0.2293251064
-0.2061356824
0.3314731257
0.1586982734
0.511775028
-0.3395203717
-0.4008978158
-0.1805362849
-0.1760132257
0.106029762
-0.2885961497
-0.3100495115
-0.4344579451
0.7154760661
-0.1542103994
0.8353115752
0.8564801861
-0.305087538
-0.08562136749
0.4871845359
-0.1736233152
0.1437465203
0.2645437811
-0.1560489673
0.3598683145
-0.598360081
-0.5291397259
1.5144853
-0.2841903523
0.3814995417
0.9740025371
-0.2408226307
0.03819905072
-0.3394069962
-0.4413512275
0.08165618107
-0.5089137137
-0.3235108897
1.844311392
0.4491390381
-0.3822198868
-0.4026064157
-0.2907668225
-0.6227195024
-0.1680030387
-0.3373636961
-0.2518982552
0.01412712391
-0.447071211
0.4622711677
-0.08346923036
-0.5827983677
0.0486534562
-0.4946386501
-0.149343304
-0.1038765248
-0.4303365245
-0.5453616962
-0.1507462602
-0.1501353551
0.09921132363
-0.5205314159
-0.5451909214
-0.4160622731
-0.3586016826
1.452544728
0.165273956
-0.09025489278
-0.475666669
-0.3114449121
-0.5136553615
-0.5586519152
-0.4948579416
-0.4623494431
2.500238585
-0.5295955524
-0.2556636922
-0.4841746092
-0.4673072129
-0.3801316991
-0.481636931
-0.570700413
0.003675098484
-0.1105772391
-0.3817826301
-0.4493837222
-0.5337633878
-0.05536317453
-0.4723441362
-0.3459688246
-0.4697718307
-0.3158841319
-0.3385418162
-0.2326770507
-0.2906682704
-0.5186282635
-0.2213474032
-0.2594540864
-0.166633566
-0.6273871496
-0.3791738093
-0.08954914697
1.751595342
-0.09949051612
-0.2909501925
-0.3987845592
-0.6227190822
-0.4556423336
-0.3841432437
-0.4322429582
3.039440542
-0.3545431353
-0.493330881
-0.1347168604
-0.3525090463
-0.2681084581
-0.4472780362
-0.3930200525
-0.3507240742
-0.3908862986
-0.479353413
-0.2760598809
-0.01333184331
-0.06152041117
-0.3904206008
0.09879208002
-0.3215718642
-0.2550809901
-0.4261137724
-0.09351972695
0.04848286825
-0.6294956729
-0.3092498586
-0.05569122164
-0.2107242545
-0.129953862
-0.399053897
-0.1064406719
-0.0603622606
-0.450992278
-0.1355910281
-0.3934040964
-0.5394715279
-0.5324104056
-0.2518498532
-0.4057596907
-0.3951782182
-0.4470634922
-0.08431881811
0.8045621008
-0.2532444041
-0.01223937201
-0.3280078057
-0.2412301987
0.07481482057
-0.4712954178
-0.3174354158
-0.4785437092
0.1074273236
-0.4815457016
-0.3415677197
1.248461786
-0.6008905396
-0.09203853551
-0.01968977787
0.4356748365
-0.04281772338
-0.2114900596
-0.4006467849
1.404597017
-0.426400654
-0.1529961903
-0.4233957276
-0.2511830695
-0.3383177653
0.3252377383
-0.20848042
-0.5663189575
-0.6261570856
-0.575447832
1.423927063
-0.2750945598
-0.3429870613
-0.536987187
-0.2769788176
0.1411974194
-0.6355937228
-0.6423509091
-0.2083708435
-0.1378358342
-0.2677680785
-0.3891441457
-0.462440449
-0.1407878275
-0.6503026158
-0.4499911614
-0.4576943785
-0.5958669469
-0.4495471984
-0.309045732
0.2166398125
-0.1506970953
1.339070523
-0.3970076308
-0.4186388463
-0.2352126688
1.744530603
0.01467125816
-0.6106572479
1.581162855
-0.1508985683
-0.00134046413
-0.3040561575
-0.1816552192
-0.5141337484
-0.2591984463
-0.2041465525
-0.396532397
-0.4899476469
-0.6789934635
-0.000491752266
-0.4304448545
-0.4502026796
-0.4804972813
-0.07947738897
-0.4337096527
-0.564691928
0.03908022675
-0.3658494867
-0.3145042442
-0.1170810587
-0.548853074
-0.3770302996
-0.3488755092
0.02158604041
-0.1386942388
-0.4284229428
-0.4017440215
0.03194678454
-0.06539155729
-0.1858478799
-0.1651767477
-0.2972281009
-0.3965048969
-0.02661886606
-0.1524728335
-0.1614392534
-0.2380246853
0.2001078157
-0.2712901838
-0.1470512781
-0.3879029468
-0.4056439131
1.498118246
1.33488965
-0.1546389341
-0.1101285163
-0.4238601938
-0.4054429188
-0.4317479894
-0.4727167889
-0.291150213
-0.4884578079
-0.3622314483
0.2285836786
0.1817802079
-0.4369239613
-0.3284517944
-0.4487620756
2.335111761
-0.4530976772
0.2593922066
-0.1087139238
-0.1785473917
-0.3412467007
-0.3964243844
0.233624066
-0.3701532245
-0.2951673947
-0.1010366447
-0.4432316273
1.134706587
-0.3536350027
1.553678918
-0.5016199514
-0.2004470222
-0.3967828751
0.2856187478
0.04911624482
-0.05858267639
-0.3529925019
-0.295408947
0.1137137044
-0.4123660535
-0.1036485418
-0.3448850594
0.0175371706
0.08699404476
0.996775268
0.1879952314
-0.4310341462
-0.2698456801
-0.4060747489
-0.3665290385
-0.4858957171
0.3340383068
-0.1448729623
1.122433677
-0.3596421517
-0.2750341648
-0.4213718057
-0.5493799105
-0.2475184597
0.2162582371
-0.08063377622
-0.4803008065
-0.5845956236
-0.3572670743
0.8987905741
0.0565624468
1.193264335
-0.3481748343
0.3431552475
-0.1283297671
0.4176642381
-0.2989783853
-0.2405748848
0.1132763539
-0.03542145863
-0.1406315744
-0.2127918916
-0.05771490075
0.3604324721
-0.3399787933
-0.2612518474
-0.4001970384
-0.02518692743
0.03414807264
0.2594985947
2.627503932
-0.1066598782
-0.2870337225
-0.2719475999
-0.3744837448
-0.1194161382
1.017791024
-0.6821221501
-0.4685584471
-0.4043006912
-0.3094980806
-0.2205712873
-0.5893586487
-0.509555985
-0.4802955091
-0.2841803484
-0.1274633737
-0.4031553134
-0.4278438464
-0.08564259298
-0.4034706727
-0.4466721386
-0.183382586
1.320450917
-0.2199478164
-0.5675132155
-0.6160023302
2.930896783
-0.4469892606
0.807521382
0.003655760549
-0.2636086524
-0.3405512273
-0.3085318819
0.01652297764
-0.1199997887
1.427761108
-0.2317990946
-0.222612437
-0.3218140326
-0.3381454214
1.547558871
-0.3365604274
0.1113385053
-0.1108203162
-0.1722358638
-0.4522763759
-0.4147420749
0.03558897432
-0.3580420405
-0.3176990651
-0.3040057793
-0.6470460296
-0.3479950815
-0.3052970052
2.872359115
-0.4608668968
0.2161109484
-0.2850016862
-0.4308276743
-0.5483087257
-0.3574338824
-0.3003120095
-0.3369137459
-0.3584980479
-0.3818057626
-0.1211897783
-0.4059196144
-0.3646252573
-0.3456459843
-0.3607655518
0.07839501016
-0.1156279227
-0.5172938317
-0.4164025508
-0.4526299983
-0.05551234176
2.076249927
-0.4747738808
-0.2802758485
0.2132818394
-0.08258835636
-0.1636801962
-0.4257218607
0.04424779722
-0.3154487833
-0.2670391142
-0.4176406473
0.1690764348
-0.4638637573
-0.2799554154
-0.1329537354
-0.6201395482
0.1532344415
0.3372820966
0.4557732316
-0.1257136366
-0.3040121723
-0.5120276377
-0.2280046083
-0.2820975069
0.3708616232
-0.3223959886
0.4891596481
-0.4007691473
-0.2428380936
1.206063727
-0.3069516405
-0.02791069234
-0.0137200281
0.157225797
0.4132102564
0.0623500607
-0.3717065275
0.9473662212
-0.5831577897
-0.3928131878
-0.4324989393
-0.0007344106212
-0.4493822917
-0.4582181007
-0.2535804592
-0.324027098
-0.4623103589
0.1861322828
-0.180790801
-0.5275989458
-0.08682907766
-0.1531684898
0.007784287632
-0.2741036497
-0.1657619748
0.5272265622
-0.08466941454
0.3151895673
0.3712884149
-0.5174997821
-0.3770865336
-0.5482886955
0.1281500241
-0.2932768539
2.908361924
-0.1078070574
-0.09701622333
-0.2401665412
0.5700824123
-0.1948700264
0.1421019666
-0.5457973868
-0.09367448315
0.02115834728
0.0460058691
-0.1888846219
-0.3562800318
-0.3591357894
-0.286326243
-0.081527091
0.07160238959
0.8829764962
-0.2584475972
-0.1057193972
-0.4092648983
-0.04209319241
-0.3945552781
-0.3137383059
-0.3412740842
-0.3976871043
-0.3471085757
-0.1930570221
-0.2971692912
-0.2867546156
-0.1253933977
-0.3986047417
-0.3099210426
2.810770881
0.2967514062
-0.3748236731
-0.3408112735
-0.4929683939
1.556641933
0.002798471972
-0.4464752123
-0.3523060277
-0.4526127532
-0.3796452731
-0.2912435576
1.507011017
-0.407299684
-0.1929301392
0.01822299864
-0.2250630379
0.06676596808
-0.2170239192
3.005767739
-0.3454779118
-0.03957398611
-0.1943982251
0.1984479475
-0.1411848005
-0.2463674596
-0.4010205626
0.1653259816
2.441328782
-0.5312820107
-0.4344325438
-0.254530786
0.1632183458
2.028171614
-0.1854488341
1.104338583
-0.2540514499
-0.1062461387
-0.3086371958
-0.3636811569
0.9909656579
0.1647099327
0.1130599608
1.247824284
-0.3295868516
-0.3046995282
-0.2195831247
-0.44324705
-0.1441685919
-0.2026995845
-0.3431182876
-0.5182634741
-0.3978868455
-0.6507540256
-0.4436754391
-0.4601847157
-0.09886184968
-0.2049984589
-0.1845997093
-0.05823389497
-0.3398542792
0.3990820342
-0.08684340604
1.134010132
1.096296963
-0.1740679309
-0.346492289
-0.2305890419
-0.2609413952
0.1476902446
0.2952909904
-0.2365169529
-0.2748260371
2.164175594
-0.2568103023
-0.2913184762
0.3354439516
-0.283023151
-0.2612246029
-0.2089034747
2.449533975
1.032487112
0.3424425095
-0.2489574254
-0.1728085306
-0.3105203032
-0.08430934902
0.03505876809
3.3829772
-0.1434401844
0.1915461546
-0.29777456
-0.1477719288
0.1412270756
-0.3521571949
1.456098282
-0.08960320204
1.676351815
-0.1875834715
-0.2812911436
-0.04038900151
-0.04781084824
-0.1973742139
-0.1844102409
0.2585514858
0.9206856892
-0.2040311247
1.409138754
-0.06287525382
1.535198137
-0.0989028411
0.06050563063
0.001294654887
0.9989400081
0.1818359312
-0.09508226253
0.09105568528
0.1835637536
1.481533074
1.458977196
0.2966203827
0.6848205322
0.7695734218
-0.007557618991
-0.2450291462
4.120865035
0.3873915995
0.3593522213
1.256824096
-0.02459301334
0.4729957785
0.1919325829
-0.2354499999
0.2250057523
0.8543482542
0.01590628605
0.2051855122
0.2934609607
0.5552783065
0.6393738046
-0.08735779212
0.1545024891
0.9866091527
0.2425811347
0.0002427960746
-0.02187061589
1.240197796
2.473647481
2.511715579
0.6425564151
0.04170093872
-0.5338034227
0.409494832
0.07051235018
0.9005087256
-0.1816813845
-0.3459946014
-0.1692450259
-0.02071774937
0.02958770301
1.211258146
0.3100412887
0.02416756358
-0.07635492191
0.290808083
-0.1592842609
1.64340238
-0.1992583867
-0.1959784936
-0.3209674791
0.02646928728
-0.4278012708
-0.1152833849
-0.1744318198
-0.07919280063
0.3204592004
0.1120829532
-0.2563376538
0.3404366881
-0.1927743345
-0.3740530103
-0.1864117634
0.02813537996
-0.06849106643
2.327936333
0.01346274451
0.1245138587
0.1874849472
1.720478949
-0.1644830249
-0.07025978416
1.471445748
0.1659398831
0.4699003825
-0.1939358924
0.02560859146
2.062424153
0.1683211884
0.09715033262
0.6498724241
0.6720966458
-0.265221253
-0.5266927272
-0.1671261486
0.1219735516
-0.3012673877
-0.1354840349
-0.1509002067
-0.3329256669
-0.3125300679
-0.08311304338
-0.3370228611
-0.3387227058
0.6695966452
0.04450134728
0.2282068867
0.389132737
-0.07852145673
2.700032908
0.2243247216
0.004527331889
-0.3140659846
0.6360841289
-0.13631253
-0.1649316449
-0.004008124396
0.02931539919
-0.4925645918
0.1309382664
-0.2418724276
-0.06009434718
-0.4341475636
-0.1596008807
0.004092217609
-0.04000474904
0.005259877443
-0.1021255484
0.1451021168
-0.08563346639
-0.3659886584
-0.3749100864
1.500204745
-0.2248509601
0.5908968024
-0.01056390926
-0.2518531606
-0.08856325783
-0.3124909729
0.165241006
0.09923261134
0.08912169491
-0.08481091484
-0.008826297428
-0.5834463686
-0.347505556
-0.425549376
0.0335497776
-0.1202516824
-0.230860633
-0.2343021724
-0.04528703094
-0.4758639008
-0.3250392243
-0.4741257727
-0.4632431611
0.05468130847
-0.1740558136
-0.3687271036
-0.2394362517
2.338540483
0.5639368095
0.4801162802
-0.05868952386
0.786766509
1.211465122
-0.2721749455
0.1916948473
0.4798973091
0.06810533311
0.6815944582
-0.3564797513
-0.2696861625
-0.2713185538
-0.1722486354
0.05118557517
-0.4489073783
-0.4815750986
-0.06870079823
-0.5084244788
0.323366894
-0.227946946
0.4495236229
-0.01595591605
0.1839192205
-0.1667635869
-0.0002627637237
0.3626087403
-0.304489363
-0.06569585092
-0.2923322804
0.6385721304
-0.3639869854
-0.1831193853
0.1800668666
-0.6924108088
4.693565619
-0.4506389245
-0.2895774439
-0.4823888019
-0.4653323367
-0.3269312482
-0.1881132793
-0.2568752117
-0.1740873095
0.09999681003
-0.3771892361
0.2118220929
-0.5919854775
-0.3340940669
-0.4627893284
0.4209004488
-0.2550642449
-0.2581550367
-0.5793480352
-0.01472303937
-0.397025308
-0.2443719268
-0.4720070258
0.1122626372
-0.1297319934
-0.4479225725
-0.248273582
-0.4122046098
-0.2782204673
-0.1606850628
0.01870122538
0.7059880076
-0.1194724756
-0.5744761884
-0.0239652345
1.734826982
0.2995082431
0.123040406
-0.472358942
-0.1822860144
-0.005725373141
-0.2888431042
-0.3222513571
-0.1210160177
-0.5549189135
-0.4348992735
-0.2015820444
-0.4248579279
-0.324005702
-0.0755464945
0.09547287379
-0.2968309022
1.834907973
-0.2822791494
-0.2656213634
-0.1125266518
1.038574874
-0.3720611557
-0.421495305
-0.2196717799
-0.5334117904
-0.2809807114
-0.3921559855
-0.5489979774
-0.4290114179
-0.3835792735
-0.07723838259
-0.2618065672
-0.3639330015
-0.3744606748
0.6261557326
0.7389861904
-0.2736210924
-0.4662434906
-0.3247228675
0.741370856
1.321853152
-0.3180761822
-0.2766648024
-0.1136213966
-0.001816984545
0.423485605
-0.192218145
-0.3083254941
-0.07156986678
3.558633101
0.7007323928
1.301484619
1.105548035
1.080980434
-0.1833835192
0.2372334788
-0.3253627554
-0.1044859411
-0.1661786195
0.2303565543
1.190030207
-0.1512921847
0.06702024923
0.5913135916
0.04312328193
-0.4200434797
-0.3757021755
-0.3987687394
-0.2890761152
-0.1323830407
-0.3067379255
-0.3117042527
-0.1303077561
-0.4266678005
-0.2567729801
-0.1250966255
1.23701524
-0.2863176823
-0.2019035919
0.6349175684
0.3599586934
-0.08403214142
-0.3968708903
-0.3197900489
-0.01335676573
0.2034081968
0.1208476931
1.396758673
0.0009904667735
-0.3790492371
-0.4042448044
0.01261932813
-0.1349450123
-0.2669282701
0.3522731225
0.4450417578
0.1010861933
-0.2810092986
-0.162604155
0.4561906995
-0.1791553447
-0.1994456146
1.42616246
-0.4091386646
3.44477824
-0.2393301003
-0.2896942116
-0.2966776282
0.3142173601
-0.0860340612
4.466233611
-0.05552131832
0.1083935207
-0.1338337373
0.268951998
-0.3736069724
-0.2392194413
-0.2208324648
-0.3163687527
0.4316226666
1.887641621
-0.0905276997
-0.2299106084
-0.2807994738
0.07243022635
-0.1576753963
0.4897645593
-0.1880350381
3.170238566
-0.5173867539
0.609077467
0.3530248821
3.92157414
0.4705791283
0.06306324946
0.4347572025
-0.4565579563
-0.2697034869
-0.161931685
1.513746981
-0.3079609148
-0.4516319305
-0.4745368823
0.05483219353
-0.3425821602
-0.3676320553
-0.1345910688
-0.5011459216
-0.5370944083
2.118133831
-0.3518374428
-0.2066398928
-0.3572176769
0.07618219014
-0.3057873547
1.236450469
0.07283585677
0.1091154825
0.1976574792
-0.3502759859
0.09008104401
-0.2321472343
-0.3725272432
-0.3770867996
-0.1473742094
0.2722947164
0.06859556558
0.012933686
-0.07090272738
-0.265364901
-0.4107586309
-0.420075281
-0.4407263607
-0.3646220699
-0.314853242
-0.4373241678
-0.06846007742
0.5737978525
0.0342369359
-0.159114401
0.09254343025
-0.1822075874
0.07791581191
-0.0445679239
-0.2572559066
0.3752888717
-0.1463142015
1.943472248
-0.3205061704
1.618097135
-0.09768008348
0.5779604435
-0.4331142917
-0.4325241864
-0.4426127225
0.318211855
-0.2404269703
-0.2609930113
-0.3818200722
-0.27038543
-0.4009175107
-0.1476277526
-0.4266496792
-0.5033785656
-0.1308334414
-0.2461245015
-0.2671517901
0.01187850004
-0.3901526283
-0.1210529655
-0.07625997122
0.1016689011
-0.1508740594
-0.05286912974
1.481813771
0.3593211086
-0.4075704396
-0.04218766014
-0.3938684627
0.05384492548
0.02012113556
1.272190031
0.8545694336
0.5503712991
-0.3002118673
0.359534924
0.03495027162
-0.196598082
-0.2897512592
-0.2998536222
-0.251953131
2.188311648
-0.4585920945
-0.06026553828
-0.4052384064
-0.4293307051
-0.2584797468
-0.2473095
-0.058761494
-0.1339386936
0.07370736548
4.445721257
-0.396303039
-0.2770534486
-0.04112701276
-0.1528320499
0.008761985041
0.04651926588
0.5141646549
0.2214315634
-0.438216646
-0.08925403995
0.3208435599
-0.245222605
-0.02540913858
0.3655945568
0.1277545706
-0.3271738037
-0.4048265234
1.829811782
-0.3296810374
0.1648678924
0.03179694181
-0.364371296
-0.2735866781
-0.4973629102
-0.315689303
-0.1449834447
2.746755016
-0.4292958662
0.2608080141
-0.4649495929
-0.1536404716
-0.2314576879
-0.3931594536
-0.575997068
-0.04582279397
-0.433495751
-0.2092717517
-0.328843876
0.03869449254
-0.1026968228
1.788525674
-0.3416820481
-0.2603375986
-0.4340419203
-0.2795545153
-0.3114924386
0.09735542908
0.004914029874
-0.3297491774
0.2181945171
-0.463554664
-0.2577251799
-0.4749839053
-0.2528052045
0.03182489555
-0.1796612183
-0.2668780155
-0.1652737815
-0.17113389
0.2091908151
-0.5322773308
-0.5161445647
-0.2717436753
-0.210432227
1.637165532
-0.2602691755
-0.09739503879
-0.1479638264
-0.07795446105
1.952959722
-0.2385013908
-0.1162854775
2.367068225
-0.2398425188
-0.1682741214
-0.06317308936
-0.2151184652
-0.3986027688
0.1040720573
-0.05671172473
0.375574108
1.462098986
-0.4620038673
-0.500556697
-0.2529120103
-0.2065246165
0.2468948883
-0.2251135215
-0.2254571646
-0.2778426684
-0.06034686482
-0.3754549295
-0.4521492198
0.6030412966
-0.2608359046
0.3820516009
-0.2808984842
-0.107869958
-0.01232430786
0.03941728286
-0.1549940143
0.09093294577
-0.2872600973
-0.3288781404
0.3370161965
-0.1675306628
-0.1155949408
-0.3354313008
-0.1970937999
-0.2940826222
-0.1254347199
-0.4205769062
-0.0892046418
0.1397062916
-0.2210444376
-0.1622975472
-0.2094526958
-0.4345231354
1.673153058
-0.4245165378
1.96070264
-0.4576801986
-0.2580286939
2.860230398
-0.2986329868
-0.3966068879
1.450115851
-0.409363915
-0.143094971
-0.4895187497
-0.4738240406
-0.3559111208
3.563968241
-0.4190168023
-0.3901168473
-0.327750396
0.04440636784
-0.1121495109
-0.331417409
-0.4983402103
-0.1393391145
-0.1418805357
-0.1273590986
-0.273570659
0.03869489282
-0.3837048136
-0.4301093668
-0.2362242848
5.143898988
-0.2973858625
0.8592264045
-0.01280885804
0.4284482362
-0.3331539273
-0.4253886312
-0.1730605442
-0.1595036507
-0.1496234282
0.6727759577
-0.0411474593
-0.007299380004
-0.2513416372
0.6520374537
-0.1555382678
-0.2629701272
0.02563508861
-0.3430914633
-0.2447056495
-0.02873971015
0.2086744979
-0.3040850386
-0.3712891772
-0.0979112485
-0.03976787813
-0.1615449443
-0.2099885985
-0.3432526156
-0.05141464062
-0.1974897791
-0.0936190119
-0.1962703049
-0.1808536656
1.40407342
-0.2546257179
-0.3434162527
-0.1931475241
-0.1571488254
0.0309455575
-0.2470661491
-0.2553376742
1.102889644
1.746800244
2.616831046
-0.03526581596
-0.1257913036
0.9093660295
0.2964562053
-0.2279198103
0.2758642448
-0.3101209581
-0.2123952854
-0.06782677579
0.02954543941
-0.2714847215
-0.2126984295
-0.03446354163
2.088250905
-0.3726456851
0.3161936019
-0.1960886151
-0.2809869245
-0.5106570661
-0.2789791398
-0.3247651875
-0.2661086217
1.23915374
0.197519398
-0.4888942972
-0.1557377541
-0.3877606943
4.249403715
-0.2557294467
0.3438719446
-0.07009202852
0.2321932466
1.148007122
0.01199289076
0.9567812588
0.4643168606
-0.2375354715
-0.206976131
0.05699924361
-0.07188422806
1.066866505
-0.4523853496
-0.004640020663
-0.08336059283
-0.186503499
-0.2064101841
-0.3361858763
1.399198803
-0.3379915491
-0.1825316593
-0.1781194355
-0.299522306
-0.06260309136
-0.3990201354
-0.414905557
-0.5332338572
-0.4084403485
-0.1014013007
-0.2652444154
3.200197971
0.1020107275
-0.3413995653
-0.4270775512
0.1887484374
0.7328222349
-0.394775077
-0.4151328117
-0.2988541491
0.2071838246
-0.4306616306
0.1574617635
2.354766285
-0.3425828472
0.08025340545
-0.4986823589
-0.1581282843
-0.4781578496
-0.4384262547
0.06498293336
3.025923097
-0.354378181
-0.2294459291
0.06570700463
-0.5242466182
-0.2427086255
-0.2784498356
1.790261817
0.2707905702
-0.088086145
-0.2756707318
-0.4788265035
-0.2975995898
-0.3423498273
2.137003079
0.6404911324
1.803271347
-0.08921603262
-0.4588235334
2.117891055
0.514678321
-0.5223909646
-0.422152935
0.4476224117
-0.4489025503
-0.08922010954
0.7169753656
0.985214752
-0.1896774102
-0.3626037925
-0.5265668944
0.5235774256
-0.006561626308
-0.04139355896
0.2882719792
-0.5172634766
1.302343118
-0.3103162736
-0.485526225
-0.2070570931
-0.04327840311
3.655674952
-0.1125125322
2.280599016
0.46204312
-0.210073413
0.7770227622
-0.2142537214
0.1430889147
-0.2739289343
0.292050871
-0.0630295096
-0.3395399675
0.08877421096
-0.03488143999
-0.1862577124
0.05325851422
-0.6275587469
1.00796583
0.6222271562
1.063430905
-0.01574218888
0.4839404829
-0.5767309353
-0.2819032509
-0.05762404241
-0.04698242899
-0.0968350376
-0.182798804
-0.1850616962
-0.5273994237
-0.04686249811
0.7630733132
0.1065408457
-0.2255705073
-0.4063086852
-0.1091751687
-0.2174046008
2.4358248
-0.234664645
-0.2145607345
0.8336708773
0.2454414013
-0.4271579295
-0.1176146414
0.2271826994
-0.1619532529
-0.2084002085
-0.1016735129
-0.353619124
-0.1957437261
0.4865196794
-0.2592000462
1.781844795
-0.2255004914
-0.09598425361
0.09940580446
-0.4145978436
-0.6003980398
-0.02887751656
-0.3978199109
0.243092758
-0.08598071225
0.6986427609
-0.1263981925
0.4976289149
0.5799917929
0.3220383513
0.3642334465
-0.3883180678
-0.4002645701
0.3986213995
-0.0616173882
2.205047643
0.08779946789
0.798687622
-0.2049427442
-0.1948312294
-0.5543208316
-0.03327632248
-0.2868197463
0.1657411695
3.546216786
-0.4570456997
3.029369962
-0.05733711869
-0.1495918192
-0.3479828119
-0.4111233786
0.2957118168
-0.3398479857
-0.2397416241
1.082969695
-0.06421258124
-0.09731379896
-0.1737138992
-0.4424074516
-0.5067058548
-0.08388243895
0.7941517867
-0.5943960607
-0.3974763408
0.002411202714
-0.1697056975
-0.0937301904
-0.4870557606
-0.2262855925
-0.1586920068
-0.4399668798
-0.2536937244
-0.3081854925
-0.2013444845
1.995737416
-0.4834700078
-0.3803802848
-0.5384879529
-0.4557440519
-0.03357182816
0.9223309293
-0.4040309787
-0.5675596491
-0.2617520154
-0.2736525018
-0.1661252318
0.02468531355
-0.2966097355
-0.4047815233
-0.399615854
-0.384862183
-0.415202044
-0.4606512174
-0.2974974938
0.1020110138
0.1545107732
-0.2577582009
-0.223967972
-0.4672867835
0.0002797385678
-0.07829273948
0.6846651495
-0.3044478223
-0.1853210982
-0.3335819706
-0.2982296355
0.4560046175
-0.2018861394
2.231274468
-0.5875470102
0.007810514327
-0.2480353527
-0.1401774876
-0.4411163211
-0.2562816348
-0.03353623836
-0.1157340797
-0.4631303661
-0.3671780467
-0.4081397861
-0.4359860808
-0.2797344908
-0.282530351
1.656931353
-0.3497869477
-0.2715529136
0.8598249853
-0.2087542266
-0.3659708291
-0.2748920307
1.057656726
2.399400622
-0.1895597652
-0.2630485594
1.744627434
0.6751105398
-0.2093104683
-0.09851297094
-0.3691853277
0.09598630574
0.2847155823
-0.0647365611
0.2954254217
0.2029202173
-0.1607927602
-0.2848037332
-0.173224761
-0.4741837457
-0.371788957
-0.230669
-0.2576786496
-0.2218912691
3.194142127
-0.533675006
-0.2835508205
2.151299542
0.1768185513
-0.4320104733
0.7618635982
-0.3974537089
-0.2790486753
-0.2740911555
-0.0394470945
0.01765676001
-0.3503505498
0.7353988379
-0.2924572632
1.418044847
-0.4987580866
-0.2074877784
-0.1911047019
-0.4452884063
0.8159557521
-0.06063985229
-0.2006010205
-0.2141452171
-0.2446620844
0.18708686
-0.1718140665
-0.285926567
1.660874176
-0.04537622686
0.03787003718
0.4134455334
1.130247678
-0.2217724524
-0.08152537849
-0.4229088798
1.296837658
-0.1829842376
1.175818238
0.04782203692
-0.3599133618
0.8164299067
-0.2349607833
-0.3291587323
-0.3796480104
-0.5095823452
-0.1802229514
0.2900392622
-0.4933457121
2.006959903
0.03450757805
-0.2710485205
-0.2061994296
-0.05437420951
4.020628881
-0.1956402648
-0.0814147871
0.1506069797
-0.1513545115
-0.2451494589
0.3950895349
-0.3507681891
1.263374257
2.53037529
-0.2943626165
0.1148339301
-0.1118900571
-0.3665012233
-0.2749632582
-0.2120382123
-0.1525279276
0.2758455329
-0.3609730467
-0.2235422764
1.226991251
3.239617109
-0.5215004697
0.202380668
-0.3144745775
-0.2927030623
-0.002605665848
-0.1710136947
-0.2668734953
0.01811171006
-0.1222030114
-0.1703711832
-0.1952289253
3.325474381
0.1151558582
0.9694509715
0.1436879859
0.4029909868
-0.1299625553
1.910873002
-0.05735473782
1.188954578
0.02634928245
-0.53357483
3.521855724
0.5159873355
0.02011382286
-0.388264823
-0.03070265483
-0.2788510986
1.530313018
0.9277962059
-0.1808537442
-0.3585880741
-0.3062980905
-0.1667715475
0.02877313849
0.1039376733
-0.3670426771
-0.1171275951
0.04887714763
0.6334447525
-0.4698893249
-0.263300962
0.08917747969
-0.02100236081
-0.3714247569
-0.007684040442
-0.1993099872
-0.1615187965
-0.2591990124
0.8044093236
2.929120755
1.964840525
-0.1974226207
-0.05663429089
-0.1807857167
0.5057291038
-0.1930780143
2.59571203
-0.03092390997
0.451636748
-0.2711629933
-0.1120119583
0.006031446345
-0.2758946367
-0.1888160877
-0.1082758864
-0.3556816399
1.434052223
-0.01270348839
-0.1243628152
-0.216084864
-0.3092690155
-0.252931349
-0.08172262814
-0.0842699172
-0.2549460068
-0.1037221681
0.3743312947
0.009008814022
1.340764478
1.731078267
3.860286641
-0.1632896855
-0.282250683
-0.324804531
-0.09959197342
-0.2046465037
1.03747631
-0.04487668909
2.588436615
-0.1096773842
-0.2927660592
-0.2192164462
-0.16814413
0.4646832116
-0.2054620098
-0.1147992145
-0.2307345085
-0.2498736329
-0.1144816007
0.1314048789
-0.523505199
-0.1658216428
0.1722096517
-0.4375774682
-0.2485518552
-0.1037620725
-0.3576425888
-0.2019245222
-0.4440749317
-0.489781855
0.2948194772
-0.4581915542
-0.1631248128
-0.2773860209
-0.2806025356
0.2931511621
0.2295048347
-0.1045976561
-0.4148875833
-0.3808221221
-0.5652360052
-0.03965330422
0.01921723583
-0.09929351099
0.2231000925
-0.1068715325
-0.05012017041
-0.05290711895
-0.3856696203
-0.2915983699
-0.1812587205
-0.02074624314
-0.1226365428
0.9969768971
-0.3439041257
-0.03992494773
0.9405497551
-0.4102312252
-0.1972780634
-0.239965976
-0.0364348622
-0.1005086243
-0.3611550763
-0.1844740648
-0.3450813606
-0.3776959673
-0.2291102052
-0.1206034463
-0.1199236121
-0.2761129625
-0.07541868961
-0.1820896275
-0.3069183618
-0.1339683061
-0.2728025973
0.1837028741
-0.513236104
-0.1336555067
0.301452839
-0.3599414438
-0.1117037
1.891230565
-0.2043200724
0.6187180668
0.02823825106
-0.1197717663
0.05702859722
-0.3342633903
-0.7280238837
-0.1593605511
0.1178882353
-0.2800964791
-0.282397119
-0.3797866508
0.2188706694
-0.1589518469
-0.3296482503
-0.05453874785
0.2264793894
-0.1546965312
0.743043977
-0.2047319584
-0.3975671753
-0.2032413412
-0.6028689981
-0.005671718903
-0.4431745067
0.8472782344
-0.298158519
-0.06411922686
-0.426072301
-0.5569617778
-0.1690595213
-0.2335926294
-0.1685521331
0.0007624607068
-0.3672381476
0.2654005256
-0.04413367915
-0.1470169485
0.2495548311
-0.03617662117
0.4253425752
-0.1994648464
-0.4953806132
-0.4842597693
-0.4111911714
-0.2637173312
0.387214683
0.4264088262
1.316732937
-0.2619554006
-0.1488904025
-0.5834303156
-0.2204182889
-0.6557218045
-0.02100068238
-0.3913138062
0.2451990172
0.7533021271
-0.4073800825
-0.2329016179
-0.3400346786
-0.1813492939
1.919136623
-0.3012180448
-0.1914033383
-0.07045518737
-0.1039456238
-0.007035907917
0.111173682
0.9770468995
0.713681376
-0.462185277
-0.1660344083
0.6366233334
-0.4505563378
0.05077769794
-0.2007872354
-0.184539967
0.001963948831
-0.3008832619
0.1825214718
-0.0664943371
-0.1706603054
0.01298896223
-0.2784628406
-0.2778446943
-0.1454960519
-0.4488035575
-0.2343719482
0.4699168853
-0.3434783593
1.427672854
-0.2300086435
-0.07239807779
-0.2886207908
0.04626363926
-0.3789333194
-0.2891610235
0.2139021847
-0.2037629176
-0.2212676428
-0.02724858876
1.283697376
-0.3543281786
-0.1213082228
-0.13409508
-0.05983667467
-0.656701979
-0.5336319223
-0.1575500146
-0.2052816497
-0.05008252226
-0.2340553001
0.216608071
-0.231507583
-0.3094246279
-0.262537615
-0.05519947819
-0.04976661108
-0.2691482469
-0.01685366454
-0.2250833277
0.07189440466
-0.7061953723
-0.4134775236
0.3644112024
-0.06414030455
0.328387998
1.663565248
0.3519518372
1.895172518
0.05329209464
-0.1483538885
-0.3698436081
-0.1406364899
-0.1172761369
0.3224227767
-0.5353796184
-0.4880669966
-0.3806584135
2.098681748
-0.1069782909
-0.2540333973
0.5703777812
-0.2290431216
-0.4738976583
-0.2422823112
-0.3292691961
1.293206
0.5285918493
-0.07890741546
0.004954105429
-0.194105266
0.1829297191
-0.08510455247
-0.02556235958
0.1866694067
-0.2048703983
-0.2152544588
-0.3659968995
-0.07852616925
-0.154657384
1.105273518
-0.3894489422
-0.4611611605
-0.2908036973
0.4985917732
-0.2546279237
-0.07480581906
-0.07234054692
-0.03217466995
-0.5846928507
0.3634613588
3.488953793
0.8876409277
-0.4207077011
-0.4475120321
-0.2921824284
-0.4586582229
0.9801316775
0.8624558419
3.548619354
-0.3797474951
-0.5561102971
-0.2877618246
-0.202927372
0.1244181398
0.3020943346
0.0143830331
-0.381789659
1.026657918
-0.09708909388
-0.3742781788
-0.2803900419
-0.450496237
-0.4418959334
-0.102326455
-0.1041415891
-0.1040802015
-0.3318829551
-0.3208733976
0.0447679244
-0.4554294169
-0.3214997485
-0.2343491655
0.1547447861
-0.1964263182
0.1187372927
-0.4500171721
2.302419734
-0.3469232373
-0.2619701974
-0.3804440632
-0.3287266582
-0.3315592512
-0.3049980052
-0.3194582313
-0.5232423112
-0.1245173344
-0.3756440826
-0.1187792238
-0.5243944898
-0.7050226301
-0.3525999166
-0.1432794698
-0.4539655566
-0.04458720256
0.04364182148
-0.4742878854
2.000007546
-0.3776662156
-0.08992316015
-0.3491940379
0.4857177294
-0.3167698458
-0.5246542871
-0.3735610202
-0.5427191883
-0.2665193945
0.539086768
1.008745626
-0.1383008536
-0.3489677563
-0.5339586377
-0.1090187088
0.3592502201
-0.4661726788
0.05747144357
-0.4371119767
-0.1910117846
-0.118867789
-0.1647661943
-0.07513409909
-0.1157493878
-0.1945038291
-0.3385421678
-0.392447871
-0.3631732166
0.4605408024
-0.2080078989
0.2836510707
-0.03863794897
-0.1037787767
0.1461353829
-0.3678692304
-0.3468209624
3.185603178
-0.2001957685
-0.2092497855
-0.1561100144
0.1568357831
0.746056205
-0.4992914781
-0.177177041
1.619580814
-0.05466810539
0.1659817796
-0.5415037528
-0.356803932
-0.5547912657
0.2251274629
0.7869852223
-0.2164385442
0.2090611601
0.02121696451
-0.2384294279
0.00412020199
0.7998550028
-0.3056008935
-0.02804962248
-0.2174123868
-0.1978148911
0.9639913678
-0.5881548256
1.244835284
-0.5543054223
-0.4641188562
-0.3630608901
-0.06233654954
0.8507101037
0.08811180498
-0.330987028
-0.4544527397
-0.1242312367
-0.2918032162
-0.1350808218
-0.362727806
0.1034935171
-0.1081907876
-0.4135171533
-0.3653086424
-0.1413562679
-0.4116677538
-0.1096925803
-0.1852095688
-0.4529534757
-0.3804320082
-0.4571971536
0.9193024337
-0.371367541
-0.5001307458
-0.4447311461
0.3202680787
-0.2878627382
1.515124395
-0.2688215688
-0.2065797761
0.05882501225
-0.2775965758
-0.4981664628
-0.5769344077
-0.410840784
-0.2370169573
-0.5481540054
-0.4854287893
-0.1968065962
-0.3013397992
0.1785362395
-0.2285033878
-0.4723245353
-0.1726877168
-0.3879922479
-0.2084346119
-0.5448912725
0.1033831635
0.3112387577
-0.2415577643
2.152427858
-0.2791019954
0.7013811283
-0.3802737489
-0.4900551654
-0.2493739367
-0.5428273872
-0.6246141583
0.8451584876
0.04270950221
0.9599458978
-0.3881262824
0.5173356321
-0.2605226643
-0.2038896773
-0.6634019434
-0.5864725485
0.3830079771
-0.2127816726
-0.338222906
-0.1050068412
-0.1353295568
-0.043692692
-0.1842871659
-0.5674434677
-0.1834389649
-0.1919774715
-0.03291696068
0.1711566734
0.4770848949
-0.6685677052
-0.6063736856
-0.6226220548
-0.4311116129
-0.5081977546
-0.1589989854
-0.2203610778
-0.6540070355
-0.4449948832
-0.1473515453
-0.13743411
-0.3089478899
-0.1541552356
-0.4383102536
-0.04608594943
-0.4117945716
3.391039479
-0.1267292287
-0.382007432
-0.4827190682
-0.0574937325
-0.1568495464
-0.3252523914
0.3512686562
-0.3733559772
-0.4471581265
1.887127471
-0.06256029196
-0.04874691591
0.1609912499
0.0704781048
-0.3409383386
-0.5367807865
0.1154606305
0.2589926889
-0.2732671864
-0.133454537
-0.05996399634
1.392929953
0.8190553002
-0.1524014719
-0.4164070323
-0.2282832511
0.6295022361
-0.1507032469
3.135890305
-0.004489484057
-0.02021763977
0.3944522304
1.09718626
-0.3383434959
-0.3716894612
0.1364915048
-0.2555682175
-0.2843300074
-0.4206080303
-0.07902690265
0.2598145725
-0.2286045305
-0.6337505445
-0.2341395967
0.2456564065
-0.2606829204
-0.1564623209
-0.05213513542
-0.1224220455
0.1426321996
-0.3998088226
2.519615513
-0.1111388106
-0.3568096593
-0.124124096
-0.2331226379
-0.1806023631
5.081900001
-0.2029457085
-0.03349864054
0.3047773993
0.3758261023
-0.3247400701
-0.2039692756
-0.1935226085
0.06363921892
0.4401949618
-0.2881259963
-0.04339898932
-0.4730170697
-0.3388946146
-0.354816404
0.4257222787
2.507972312
-0.37352743
-0.3565300837
-0.2763322398
-0.172445631
-0.1994211443
-0.3362569764
-0.1880508997
-0.1207673565
-0.2271806732
-0.2130446486
0.1237622069
0.7339191958
-0.01404529046
-0.1216142971
0.0394228233
-0.2001904607
0.6006155942
-0.2937024031
-0.04236723445
-0.14727639
-0.06394650023
-0.354066135
0.2627994444
0.628191426
-0.08161647208
-0.04332766589
1.990536076
-0.1343045056
-0.5972592264
-0.4140590325
-0.1204964427
-0.111243714
-0.3491024047
-0.09668681063
-0.354719425
0.05061930083
-0.01673363931
-0.3672094658
1.079557718
0.347411889
-0.2586958393
-0.1905393084
-0.2328483455
-0.2044142693
0.1003726674
-0.06130418051
-0.08330797981
0.4985690907
0.1986034187
-0.3548119053
-0.2543745302
4.340657842
0.3513670586
-0.4429016888
-0.4219286457
-0.002371875988
0.02534036767
1.582261762
-0.2478489645
-0.4272175148
0.08288240228
0.1319404131
-0.08849374801
-0.2544193432
0.07937699687
-0.1808620941
0.0864861933
-0.1185060561
-0.1132135699
-0.1960390143
-0.1469167648
-0.4564006478
-0.3966170549
0.2343885203
-0.09232829697
-0.2938088894
0.5729233071
-0.01369746141
2.076865089
-0.3520373471
-0.2191361692
0.002766986378
0.9245687628
0.113514738
-0.2239641234
0.5026000086
-0.2831952643
-0.1925391901
-0.2879511289
-0.01415135134
-0.1674956664
0.08884191988
-0.3673202947
-0.09018317724
-0.05836945977
0.07787141008
-0.01808657586
-0.2353948124
-0.4273165762
-0.2698489018
-0.2434339132
-0.2224126998
0.1022444399
-0.4606175587
0.05737869553
1.29512825
0.3838803116
-0.3170783143
-0.03370626764
0.02609060928
-0.1548229714
-0.003121085418
0.3468248221
-0.005616537482
0.8275016248
0.4077942844
0.03041614629
0.04040932832
-0.1380078204
-0.2216584228
3.24231528
-0.187246462
0.9383199304
0.2928885639
-0.1644427255
0.02407022752
1.798991457
-0.06296031866
0.146648895
-0.2906510383
0.08272908581
-0.003782445937
-0.2862241283
-0.3472809963
-0.3021354109
-0.00933878459
-0.2756677695
0.2942655878
-0.4744993523
-0.04661911381
-0.3300064318
0.1784652694
-0.433979331
-0.1484302916
-0.3427860007
-0.3342601977
0.1627561265
2.574404037
-0.1558689278
-0.1303280514
-0.2127435908
-0.3141049653
-0.3965011373
1.054022533
-0.1459417967
-0.2386820853
-0.1660444442
0.2094751358
0.08024851144
0.6142543321
-0.4722082898
-0.3658667922
-0.09689085069
-0.3978098363
-0.2357983492
-0.2883409843
0.05127273262
-0.4204569921
0.08137157755
-0.1848266019
1.192587855
-0.1142096346
-0.3224490479
2.360898787
1.317356998
1.535070986
1.518275693
1.891145679
4.696161187
3.045430815
0.9773201421
2.058019966
2.69341287
4.15961051
3.231374454
1.967273611
2.771663857
3.818948174
3.767353594
1.656161451
-0.2579421226
-0.02836037222
-0.3903084338
-0.1307213109
0.7921703974
0.8522451073
-0.01533395965
0.6228471473
0.3188699614
-0.2104980711
0.05668020714
0.5491257317
0.7037726682
0.1854146469
2.275981265
1.115219253
0.1319763288
0.02603418902
0.5350366173
0.4097427333
1.124758884
0.8660956919
0.9204946615
1.426602036
-0.1756110115
0.4310252795
0.3358104756
0.7433018088
-0.1348295651
-0.01097029261
0.2573508389
0.3836316951
-0.2034230247
-0.3905913666
-0.3091809042
-0.445590508
0.04274631767
0.6828649934
-0.1302083122
-0.5032239214
0.1125535995
-0.1284904636
-0.4062769204
-0.0297719501
-0.3920583233
1.762262028
-0.4117018022
0.07761371832
-0.3393546149
-0.4553128257
-0.4363818109
-0.3554982439
-0.3238005057
0.5244661547
-0.4186519653
-0.5655481398
-0.3965860158
-0.2752562605
-0.123794383
-0.1978218548
-0.3121139646
-0.2444668751
-0.2514033921
-0.08005733229
-0.2728074752
-0.08883608207
0.2232270837
-0.01648957562
-0.3081043944
-0.1021001052
-0.3794092655
-0.153484262
-0.002069915831
1.13850639
0.8011862189
-0.161231146
3.865323246
-0.2942621298
-0.2314261876
0.4203656252
-0.2775888041
0.2709181811
-0.2919552006
0.130023963
-0.3507989794
-0.2488980196
-0.07807924896
-0.4585900769
-0.4501155123
0.4827075545
-0.361184328
0.6604178794
-0.06381012527
-0.2378507145
-0.1219803046
-0.2868785214
0.7431206726
0.2003463279
0.003746923059
0.07721814066
-0.3880663559
-0.119434453
-0.2017842136
-0.3913035095
-0.5867856041
-0.4592329428
-0.01498982292
-0.3821215443
-0.3730430692
0.5243225709
-0.2628009781
-0.2177174121
0.2225067033
-0.3662970662
-0.1324155973
-0.3657772787
-0.3421839058
-0.4635175109
-0.205098811
-0.3004703015
-0.3935305759
-0.4760354564
-0.3383913077
-0.3929749548
-0.4042807981
-0.4548449323
0.7185566664
-0.3897829354
-0.2937927438
0.2530044269
-0.1753353182
-0.3616903424
-0.1243896481
-0.2284943394
-0.274777437
-0.06540030306
-0.3274094768
0.04644435346
1.209596476
0.9865210019
-0.295018582
0.05384732792
1.287299979
-0.1943635002
-0.1555970751
-0.1860966124
-0.4378120005
1.670375061
-0.06095734313
-0.1628168017
-0.3398266882
-0.500229995
-0.5492629096
-0.5385587692
0.6949385326
1.64862501
-0.1058174431
-0.2901656426
-0.2933066413
3.091491282
-0.4162377462
0.3370633066
-0.5605552062
-0.3202486776
-0.5371157452
-0.4827188417
-0.2882806346
-0.3509044111
-0.2928973742
-0.5070845619
0.9321559221
1.3018897
-0.03403333873
-0.3961055785
-0.2499115556
-0.4356747404
-0.5102966502
-0.1401904967
-0.4707979411
1.235041055
0.8500707597
-0.2545021184
-0.005436066352
-0.1447242998
-0.3672418982
-0.09925835077
1.408027646
0.1331954875
-0.3436287597
-0.4306958541
-0.5283909187
-0.1398746092
-0.1083947949
0.3315782679
3.133854711
-0.03432581462
-0.366059426
-0.5142293215
-0.4421108201
1.098747325
-0.5482181028
-0.5545404792
-0.1667646661
-0.4652475074
-0.3194583446
-0.3207442373
-0.3673034191
-0.2781298369
0.130444514
-0.192718653
2.020221758
0.6788440049
-0.4822416037
-0.3924273953
0.3737561535
-0.5632670447
-0.1653108748
-0.1444106456
-0.1919723064
-0.01009900272
2.14863894
-0.4138468198
-0.6909681946
-0.207990741
0.1474178307
0.7250139263
-0.2392396882
-0.3183764175
-0.2779316545
-0.3710969761
0.06395259285
-0.4654383421
-0.4089391038
-0.4209942535
-0.4635014549
0.5565241255
-0.3542953148
0.5404883251
-0.1907745862
-0.03307837164
-0.1990230698
0.01594366722
-0.4303151071
-0.1161887856
0.8602420777
-0.4055465817
1.810418701
0.05880972128
-0.4309265904
2.422553831
-0.08911457993
-0.1187398767
0.283849318
-0.5081021786
-0.4153086871
3.399483979
-0.312508145
0.1543193018
-0.0370979757
0.6110698484
4.35100255
0.2165065363
-0.1131499775
0.4826903306
-0.3489954174
-0.4036384314
-0.3117395058
-0.4751933753
0.1498127811
-0.2057750044
-0.1687308311
1.204934868
-0.1646039721
-0.529143621
0.09212106224
0.1701286911
0.8444629565
0.2769451995
0.3322753772
0.3583616313
-0.3449484773
-0.6167661905
-0.02110418365
-0.1499153365
-0.5078780189
-0.4917731687
-0.0005322640762
1.05399437
0.1703856349
0.9326067075
0.008773490542
-0.1459542584
-0.4882982165
0.9908844471
-0.4692356169
-0.3556835316
-0.4351020545
0.5403202448
-0.02781246486
0.2532316784
-0.1099369528
3.811929464
0.9976362437
-0.4022207379
0.3313197754
-0.227361716
1.135645139
-0.04250115138
-0.101289052
0.5880495682
0.6241491836
0.05852511348
-0.004597979831
0.3236699358
0.02958933441
-0.5586451903
-0.6395905226
-0.5085302576
-0.5585262656
1.00754344
0.5006498082
-0.2843347304
0.1651227101
-0.1325945957
1.645848924
-0.4299594179
0.3719430609
-0.3492241591
-0.5401350155
-0.2665361166
-0.07544354484
0.1424947759
-0.3147353776
-0.1792413354
-0.3349252872
-0.5750432968
-0.3396266751
-0.4395990282
0.5444562294
-0.12916371
-0.264177376
-0.4571191862
-0.3533668041
-0.2828359485
-0.2004324514
-0.1460093332
0.1267530622
-0.4403652966
1.51215651
-0.3360228635
0.1269130159
-0.3357909448
-0.4277485013
-0.2739211518
0.1184460103
-0.2232690189
-0.1966677073
-0.1554970983
-0.4166316658
-0.5390500039
-0.5295179173
-0.6340514421
-0.6312665343
-0.2863321349
-0.1897829091
0.1857479147
-0.3516256131
-0.239301832
-0.09248330425
-0.5975987703
-0.3298866525
-0.2700941168
-0.2217911724
-0.128432405
2.466876924
-0.2976728916
-0.3769922525
-0.1790209325
-0.2910883926
-0.3238653749
-0.2576876655
1.336487126
0.02808423173
-0.1427057825
-0.3473361865
-0.1391532667
-0.324124711
-0.0914256962
-0.1227770265
-0.5723291546
0.0003630317748
-0.2733213259
0.09754804876
0.0338906405
1.130462819
0.469511259
-0.3503081232
0.3405259682
-0.2186245926
-0.2504558221
-0.1233795257
-0.4908422858
-0.2657009717
-0.2458218027
-0.4266564339
0.1043740914
-0.1357489092
-0.5723616257
3.387802374
1.472358635
-0.4266883709
0.3724500515
-0.07390052453
0.5439080133
0.2927704513
-0.3427223727
2.11426847
1.178330389
1.483550346
-0.09557867288
0.1241138682
-0.3891944438
-0.409694618
3.568424177
2.835496289
-0.4325783357
1.128527601
0.02242657673
-0.1791709546
-0.1158395922
0.9176145867
-0.1873499889
2.26386162
-0.1755933296
-0.2692604043
-0.3149813145
0.3550995875
-0.2620705709
-0.1209268006
-0.1788500264
-0.3392712034
1.702095559
-0.1688625522
1.290117466
0.05571222208
-0.4781719878
0.1574058605
-0.337568251
-0.397491917
-0.5154115021
0.7612314239
-0.4279551178
0.3971143542
-0.1384520076
0.08737946488
-0.1156784244
-0.2732498527
-0.2160718136
-0.07318772431
0.3904334702
-0.2268738955
0.2234842367
0.4192054123
4.366667032
-0.2716122828
2.094319868
-0.03592280764
-0.1268369129
-0.1051678767
1.496975964
0.7857039578
1.327360907
1.328321515
1.363199598
0.3345306303
0.4305757802
1.167079577
0.006842816249
0.1094054443
0.4780361565
6.116593456
0.4862056628
0.4851559225
0.1321136802
0.9176359795
2.647771192
-0.1270770016
-0.06337328013
0.3263785486
-0.3353671759
-0.09898735899
-0.2408835322
-0.355887644
-0.3772930883
-0.1665215278
2.689812011
0.0008885177784
0.7543198742
0.121026448
-0.1681958916
-0.2089352227
-0.04458676036
-0.02971971277
0.06247139769
-0.1372058861
-0.1267649621
-0.1195869841
0.433783577
-0.2278030049
0.4015361336
-0.1461190715
-0.09373122342
0.8353237972
-0.08497963827
-0.1529525377
-0.3050895602
0.254915905
0.1624952616
0.04656385714
-0.2554885417
0.7147936314
-0.1414846927
0.6798322529
-0.2841398638
-0.1289734479
4.139304173
-0.3194222033
-0.1638948703
-0.4460184634
1.225431579
-0.20962396
-0.281890744
-0.07975707678
0.09912729822
-0.2941498429
0.1628456522
-0.2142494075
-0.1425924797
-0.3019456789
-0.6637753427
-0.4973196268
1.784757888
-0.6277105868
1.708114704
-0.3901803583
0.03374964995
-0.4193567991
-0.518189612
1.8205928
-0.05462538623
-0.1570205807
-0.2779880691
-0.3699697584
-0.4181568399
0.581129092
-0.09047619789
2.272930163
0.8387425743
0.02616849113
0.3873808191
-0.1445996564
-0.1166147456
-0.2221890207
0.8749034561
-0.02171444949
0.01449574325
-0.0592634866
0.1805143021
0.3528063426
1.648208266
-0.1669079807
0.05778294727
0.02451431879
-0.08270663731
0.1749037942
0.5278709441
0.2766969122
0.323824873
1.080269206
1.170641252
-0.1712546472
0.07819028459
-0.3169125006
0.03749587042
0.1751918798
-0.02579034008
-0.163538732
-0.2175523985
-0.5387593448
0.9124742255
-0.1426596368
0.1313845307
0.02407433158
-0.03495388869
-0.2598166861
0.8858552366
-0.00115903262
-0.2718534432
0.4644116521
-0.1784331247
0.4142061094
-0.2501734197
0.9261759609
-0.5374211133
-0.2587305546
-0.561569339
-0.3633509725
-0.03789002118
-0.1656583026
-0.3035245016
-0.1171796989
-0.3355493426
-0.4244309425
-0.1609438723
-0.1340967845
0.1644136202
-0.463596949
-0.3273855537
0.4509752795
-0.1438368704
-0.217494845
0.2626089172
0.531453722
4.487153304
-0.2254549062
-0.490255864
-0.3751976386
-0.3251336187
-0.04402087787
1.782600921
-0.1511669748
3.029092234
0.3167635709
-0.05985117368
0.0463915104
-0.4203666553
0.1323391305
0.3370019738
0.1179312421
-0.01385157364
-0.4175715864
1.097996858
-0.225327599
0.7631560564
0.07117747841
-0.3678259946
0.3699388891
-0.251515165
0.4241975453
0.8735935807
-0.2930641122
0.8352030478
-0.1196124822
-0.2035202727
1.833190215
-0.3458702743
-0.3020053163
-0.4521624967
0.4057633527
-0.09177941326
-0.01334207691
0.1531808913
-0.01188524291
0.04467787556
-0.1313628675
2.154095632
-0.3138498411
-0.1725829259
-0.4208113119
-0.07946060225
-0.4739890262
0.5876376759
-0.28655136
-0.2994102269
2.126500618
0.006377943465
0.03439631639
-0.4124036252
-0.3377213955
-0.2486356996
0.09598075198
0.9598376274
-0.2499182038
1.972716749
1.499937287
-0.2005762175
0.1586871684
-0.3669292584
-0.477908133
-0.3496446036
-0.3193664365
-0.191785704
-0.3093567379
-0.3329215474
-0.1327312412
-0.2472901255
-0.02348075733
2.704580688
-0.4389488921
-0.4190101966
0.8678203519
-0.2814059131
0.3483700242
-0.3347636491
-0.611248219
-0.1173060147
-0.5304463774
0.1379947968
0.1037983498
-0.1825913515
0.06849604733
0.09259656472
0.021552491
-0.1555312604
-0.3156869009
-0.1897208784
-0.2062590722
0.8541430563
-0.07660566177
-0.1981904611
-0.06678890772
-0.3024285056
0.06223475821
-0.1513646234
-0.1905563306
0.08384704012
0.0126714631
1.016173252
0.01851963438
-0.008918508328
-0.07296053711
0.786463882
-0.4014345214
-0.3510741815
-0.167697954
-0.1618582043
-0.1222385367
-0.1563285142
-0.05494443756
-0.1212635496
-0.2386104271
-0.3409237474
-0.2857131645
-0.1881404899
-0.1951222494
-0.226719093
0.1993348445
-0.01822229922
-0.362388882
-0.08429964725
-0.1604008886
0.2999228694
-0.09674264081
1.227359767
-0.258699308
-0.3366824508
-0.1634252552
0.9477603182
-0.308236181
0.3103590942
0.0513486417
-0.08551313551
-0.3468524359
-0.1227773763
-0.155300929
-0.1727057729
1.470499355
0.2746400783
-0.2482299279
0.6796386644
0.5407126047
1.769028747
0.09928568378
-0.3910322219
0.518076621
0.5492568605
0.940491119
0.6083793439
-0.343791005
-0.2475288287
-0.02948392965
-0.4284155563
-0.3658794276
-0.02965398296
-0.4716761008
0.0756435906
-0.3113131106
-0.2558044732
-0.3082645841
-0.1375473376
0.02258654633
1.399262875
-0.1721102227
0.5554966301
-0.0935671173
-0.13540355
-0.4555924043
-0.09579955582
-0.09799753278
-0.2088602994
0.04299646206
-0.3485279486
-0.37514157
1.253217895
0.3807925977
-0.3533319622
1.524406928
-0.4000038363
-0.4362366825
-0.2612201564
3.59885335
0.1383652033
1.930005497
-0.2087773383
-0.1331342682
-0.4220688745
0.01128173098
-0.01396547821
-0.350483121
0.2924419299
-0.132286465
-0.3092504993
0.3636516381
-0.1099899918
0.02662684317
-0.2425222151
-0.3300594218
-0.4663568601
-0.2725470454
-0.1604696099
0.1764378501
-0.1149823086
0.3880550559
-0.3459678315
-0.01457469007
-0.2231523547
-0.122687275
-0.3720850609
0.1888783032
-0.02942351564
-0.06767141353
-0.4941151589
0.1841919776
-0.4416010484
-0.3109203026
-0.1917566817
-0.4841581941
-0.02737045847
-0.2711949334
1.854483998
-0.02255526166
-0.4164855689
2.286274785
-0.03062838055
-0.3549452931
-0.3882579461
-0.01317886785
-0.2044959318
-0.3054362305
-0.1855524154
2.577001911
-0.3601648644
-0.08750284482
0.2142495794
-0.1622221172
-0.1033352558
-0.3378463179
-0.2465845503
-0.3140956752
-0.1995329447
-0.2882744856
0.7694067344
-0.1193020238
2.368129069
-0.052175151
0.4945991084
-0.1650731729
0.01691545434
-0.5231820971
0.2073098863
1.761347485
-0.04992514811
2.187150508
0.3423156947
-0.3491198763
-0.01549877925
-0.3601577014
0.5890417382
-0.04751125481
-0.2115700565
2.250674218
-0.3815619901
3.156069851
-0.3224517509
-0.03494064566
0.2005058711
0.2424255327
-0.4198447868
0.7193785846
-0.3526096344
0.1921883072
-0.2228786118
-0.1043778935
0.4926030308
-0.2330259502
-0.04299559966
1.185275799
0.6519850634
2.855642676
-0.1400921106
0.0078548708
-0.09088304751
0.1896244795
-0.1661940791
0.06018892936
-0.2071180366
0.03883328
-0.2981288917
2.905914855
0.6424545474
1.295847073
-0.1975631438
-0.1972304029
0.6224531572
-0.2085585108
0.03433427205
1.809442383
2.778248262
5.540893388
3.810083151
-0.1280742513
0.2186166888
0.700270066
1.001059534
3.384922814
0.3539521404
0.9037580863
0.9042613044
0.5840314694
0.8908805788
-0.1947283391
-0.3679106995
-0.1406039555
-0.4128140777
-0.08347394411
0.8547006786
-0.3102461852
0.102958469
-0.2823311798
-0.335897164
-0.4253736854
0.1210642723
3.373434603
0.2220504928
-0.2387034565
-0.127350999
-0.3205200143
0.38333316
-0.1456079697
0.2666965514
0.09372103796
-0.2447040759
0.540714816
-0.240970628
-0.5014176577
-0.1089903766
-0.2930054225
-0.2684222054
0.5357456103
0.5184907116
3.551354825
-0.4670883194
0.03820072049
0.3707738284
0.2316878607
-0.3683491029
0.04680840746
-0.1831183514
-0.03259068895
0.0592679359
-0.1816083778
-0.4207113177
-0.4713490076
-0.3176401041
-0.2477509227
-0.117468157
-0.2850115396
-0.1695045989
-0.4135528997
-0.2388677422
0.006846729293
-0.5093234718
0.9025796019
-0.04251450431
0.2878786993
-0.3784715384
-0.3104389399
-0.2248607358
-0.3448670283
-0.4584064618
-0.2064490292
0.5081852682
0.4696437756
-0.3216282509
-0.05903541837
-0.1718100812
-0.3660656273
-0.12496513
0.8845114149
-0.5132355258
-0.2797687367
-0.3415965132
-0.3872594178
-0.4286749557
-0.008831112646
-0.1283897577
0.6825275585
-0.3782192394
-0.2113736182
-0.05224748636
0.3685520186
-0.03100608857
-0.2565865081
-0.4759205297
0.199316065
-0.25536111
-0.1315545449
-0.38848961
-0.1269056214
-0.05685622832
-0.2236216389
0.05044689351
-0.2198462188
-0.4414155766
-0.09352534525
-0.1692085247
0.02118157446
-0.2178298127
-0.09931728039
0.05662866263
0.03255202286
-0.114269245
-0.3425649337
-0.1885206491
-0.3135974556
-0.1817269702
-0.443593514
-0.5417667001
3.089997578
-0.4339568719
-0.2768415913
-0.1627198968
-0.2984804377
-0.2433279753
0.2433029369
-0.2894229628
4.325353682
-0.1644528102
-0.2543477267
-0.01841040179
1.302931193
-0.06850824165
-0.1213321809
-0.2204938263
0.6325285207
0.1860091265
0.3372220529
-0.1458341926
0.2821971812
0.5732934564
0.0156728385
-0.02213112134
0.5066759564
-0.4432192862
-0.1328136135
2.159142736
-0.2837990589
-0.07574070413
0.2795050925
-0.2710713729
-0.1525552336
-0.4070469767
-0.1260696083
-0.1836752675
0.09304632093
0.04837615378
-0.1432027917
-0.3696187638
0.199107179
-0.3417883269
-0.005449384078
-0.1778826892
-0.2032156028
0.4914338106
-0.2042780187
-0.1761234004
0.815275085
-0.190537291
0.2545358502
-0.2524686269
0.124864167
-0.0872341631
-0.3042231716
-0.3584708847
0.07361514559
0.04098272976
-0.2303433135
-0.2903066278
-0.1402559709
-0.2795812301
0.4760541104
0.4403336486
-0.4340325356
-0.4681112528
-0.4222485736
0.3360074798
-0.02139630616
-0.4549697325
-0.0184096083
-0.330004821
-0.06583735552
-0.1895828839
0.2030656047
0.01095154099
-0.1862786215
2.589607304
-0.2659259982
-0.1564244585
0.1825238841
0.04591889419
-0.3356022544
0.3416879337
2.143369675
-0.3165703133
-0.2915846072
0.2596875004
0.08066145405
1.544078586
0.4595040711
2.6133515
-0.3137798496
-0.1400739178
-0.3857335076
-0.2040566709
-0.03324316479
2.625710106
-0.2475928716
-0.2284385704
0.9169266462
-0.09188304879
-0.3128268905
0.4184206577
-0.2962434925
0.6181882769
-0.1629698794
0.03335271357
-0.3375577129
1.233647537
0.563523896
0.1086059162
1.769575828
-0.1333634606
-0.02470983732
-0.3493340001
2.773459864
0.1209882095
-0.2800995529
-0.258419184
0.2408756942
2.488574016
-0.2697213583
0.002678081766
-0.2030025318
-0.04836101588
0.1551294805
0.4259772293
-0.2071139313
0.2465739094
-0.1354320159
0.04895169325
-0.0600554755
0.2644380121
-0.4110415794
-0.3082065441
-0.1106381848
0.4559905972
0.2611112159
0.06203139727
-0.2802777857
0.0004744393751
-0.1718536375
-0.3095072128
0.018005291
0.9111202091
-0.1493095573
1.272405452
-0.4299742997
1.041557509
-0.3472930178
0.5312027911
-0.2309793375
-0.2050987162
-0.3697072461
-0.3945375107
0.7017251089
-0.2491964757
0.8077767015
1.840326014
-0.0551634647
0.4512416855
0.01707839826
0.111335827
0.1374065027
1.075070998
0.01234570015
2.581557071
0.2093566072
-0.1287839385
-0.2675622806
1.667158499
4.078571272
0.8886334002
0.1561385304
-0.08815154806
0.7652406812
0.04775419906
1.472130388
0.3307004008
-0.3665720455
0.5847571932
-0.1504404975
-0.2805232778
-0.2462915905
-0.1295050891
-0.3954404637
0.5494143873
0.003484751843
0.7862313734
0.1116496429
-0.3849766068
-0.2670005195
0.06461344268
-0.1529505383
0.6271433573
-0.206175572
-0.02564463727
-0.130014385
0.2863648418
-0.2875025354
-0.06488132444
0.4612058531
3.226940584
-0.3585081786
-0.2964227423
-0.1782020733
-0.0115052592
