-0.2446693566
0.1721765415
-0.1430100854
0.2948277917
-0.04918871047
-0.005048940331
-0.2229035512
-0.5042144336
-0.2546454284
-0.4825443596
-0.5828083023
-0.3935266029
0.3796550058
-0.3861218557
-0.2133584738
-0.3207252901
0.04191330315
0.1467957499
0.3213513399
0.4258039557
0.9722095758
-0.2886623134
0.306530297
-0.2261023186
0.3432296015
0.3702854931
-0.07060877364
-0.1613305567
-0.6385533407
-0.2572717361
0.03346343022
-0.3135126207
-0.3608936854
-0.2129290391
-0.8972802207
-0.2373951795
-0.09763784222
-0.405390133
-0.1487309145
-0.3124735124
-0.4896932356
-0.2255405359
-0.6319078488
-0.6410511628
-0.7845803663
0.5626316098
0.4135357684
-0.1806381416
-0.03465648368
0.233070273
-0.2071727071
-0.4054994002
1.128367323
-0.1144539805
-0.5082667477
-0.5640019715
0.06612247834
-0.403490039
0.2176619507
-0.2639837535
0.07312231954
0.02391515747
0.7801194288
-0.366878501
-0.06911209284
0.5725329414
0.430937281
0.1922051703
-0.07282262426
0.3527266312
-0.3652693179
-0.2135419756
-0.1005895151
0.0414337947
0.1820450928
-0.4421417847
0.04923927058
0.1602671409
0.1463106604
0.70318977
-0.2820175707
-0.1640226293
0.1476330202
0.4220222361
0.01383941965
-0.09407727933
0.3164455138
0.4155408524
0.08733271929
0.1201752186
-0.09212472886
-0.05901817121
-0.2051022574
0.4668524668
0.003018486244
-0.1586245589
0.4355726417
-0.2446225785
0.01980887894
-0.1140436608
0.3514851209
0.05467903838
-0.326517418
-0.5477382839
-0.2024740417
-0.08933647145
-0.293644838
-0.01299330052
-0.2262989024
0.5304817453
-0.2923846565
-0.167839931
0.5275590025
-0.3173788458
0.5406479307
0.09525052179
-0.1777313612
0.5152050629
-0.4905424036
0.03266152535
-0.5116915962
-0.4360164918
-0.3366360217
-0.2600976866
-0.2191358093
0.2518594606
-0.259972569
0.1726854591
0.1553563053
-0.565672645
0.2105362788
-0.2358160332
-0.201239264
-0.2164679357
0.5749678539
-0.02694146819
-0.1581395333
-0.1888544947
1.041520676
-0.4927442694
0.03774140188
0.1418659871
-0.1516306065
0.06234531216
-0.439807938
0.07780523477
-0.02160179913
-0.02160624005
-0.1940202508
-0.1229027545
-0.3681142114
-0.3225907434
0.2582196118
-0.5375579268
-0.003218952753
0.2790856628
-0.07476610541
0.9218808025
-0.009196526371
-0.0477910012
-0.7394891948
-0.2521943279
0.08959077094
-0.1751365455
-0.4697288133
0.1389582674
0.2000747157
-0.02732267976
0.5317351349
-0.1888208292
0.2496240793
-0.4799765375
0.1015368788
-0.3675789639
-0.3167327367
-0.4699419267
0.4953312494
-0.1276888421
0.3156117751
-0.18479072
-0.2565264316
0.06990810931
-0.07765731364
-0.07404799173
0.4741165452
-0.09865418882
-0.6700477272
0.569213409
0.1744973879
0.003050995246
-0.3233333938
0.3012233766
0.6166495204
-0.07576495726
-0.2746561486
0.001729859784
-0.3081231453
-0.1510674686
-0.2907232523
-0.01327078752
-0.4094479874
-0.1813022811
-0.4560230382
-0.1493512385
-0.5198718771
0.02616925128
-0.1490165643
0.282516633
-0.4776142307
-0.288415255
0.1045471188
-0.1680237617
-0.4487792179
-0.3616855238
-0.2916775599
-0.3177630715
-0.10128054
-0.1845622846
-0.448491725
-0.2518881701
0.02749803485
0.2018129997
-0.230423421
0.1299996905
-0.1897091657
-0.3281286679
-0.5559207644
1.000996559
-0.2339138351
0.1578286875
0.4756656442
-0.4375896335
0.2304818574
0.09088201243
0.1282170739
0.64492843
0.1765443243
0.4925875541
-0.03164554778
0.1326210153
0.20175246
-0.1244109482
-0.3026227452
-0.117835243
-0.2319293298
0.3561671216
0.1671321522
0.2088135898
0.0835259188
-0.2040514996
-0.2829276569
0.5251537479
-0.4289714199
0.03212796832
-0.03360599577
0.6626542285
0.6849137357
0.3982241434
-0.3733298607
0.4190971134
0.1385954009
1.126597513
0.4504027829
0.2417650502
-0.06496734833
0.8397617802
-0.2436742526
-0.3975291349
-0.3301675618
0.2442827534
0.1961815387
-0.2857681448
0.788839145
1.030934867
-0.2507262863
-0.2950936824
0.3814253856
-0.2667339433
0.08862341419
-0.1053038916
-0.4656024411
-0.372816541
-0.2976916909
0.07170355693
0.609912039
-0.03781623673
0.5571701691
0.1630199762
-0.1135349024
-0.2567086119
-0.564553345
-0.04087692685
0.2073340923
-0.3127672128
-0.2140680499
1.068261192
-0.4455601394
-0.08309132755
-0.1243912755
-0.07089951523
0.6595920462
0.3138685454
0.1891340928
-0.2291792765
-0.00119336471
-0.4120835893
-0.2414657097
-0.06977548432
-0.1169792851
0.1368271351
0.1186802756
0.04079661723
0.1824249061
-0.3359774988
0.4191401862
-0.4729672
-0.4172769375
0.1782475155
-0.2088060454
0.3601863336
0.01820194223
0.2360996176
-0.09112629052
-0.4076321985
-0.2752625398
0.2342999754
-0.1300273335
-0.6313576281
-0.008852785826
0.05287109353
-0.2280938942
-0.412405129
-0.230999662
-0.1697575802
1.578772232
0.01649094149
-0.06196886571
0.4094072418
-0.1803244246
0.1632488098
0.5354230251
-0.4108665138
0.03340629541
-0.2169077545
0.2789764088
0.2712428004
0.15505739
-0.1403660536
-0.1606325408
0.02968039345
0.4554113414
-0.02770145172
-0.5464624882
-0.03464254399
0.03677244447
0.008321131021
-0.5716538407
-0.1660251177
0.186201174
0.08119850531
1.457512215
0.475033712
-0.08221852351
0.004116313905
0.2001216694
0.4461168
0.8908802122
-0.2369634368
-0.06224344485
0.002241533995
-0.03858372811
0.3232817236
-0.2941400871
-0.06485271454
-0.1742753971
-0.01626644018
-0.2062269499
0.01077163629
0.02807578705
-0.1334280644
0.2529227529
-0.3144502228
0.3040846245
0.0410954359
-0.160839558
0.5160734691
0.09008718617
-0.1763338633
0.0567172939
-0.1134915308
-0.2326264564
-0.3672319755
-0.4645170908
0.38415884
-0.186613445
-0.3571696788
0.2502188509
0.1072356822
0.3031974418
-0.6567296594
-0.2334608462
0.1205813386
0.1920673324
-0.3692113236
0.04292647615
0.7888683662
0.4057180179
0.01217320748
0.2187557127
0.06488738414
0.1243772388
0.4199517777
1.069902301
0.2253523741
0.1381411735
0.4358019026
-0.4009387061
0.4266734041
0.2280235615
0.586873075
0.7172643006
-0.3044489534
-0.05000372399
-0.04042971032
0.2005434082
0.5784188625
0.1924426414
0.2285193309
0.6227030449
-0.2772449307
0.4453138538
-0.2233119786
-0.1363490016
-0.4635688387
-0.2277244702
0.03498047935
-0.04836938451
-0.5775172886
0.3911464766
0.2815829474
-0.141853128
-0.3457395
-0.05437710118
0.7381615069
-0.2396749023
-0.2885063667
-0.1356292977
-0.04354128661
-0.3353355024
0.2594738214
-0.09581248481
-0.0214375475
0.37117908
0.3113647113
-0.2418737799
0.793049919
0.04009116585
0.0355165211
0.08963118009
0.03312336821
0.2329773977
0.6029559579
1.443591824
-0.06103622355
0.110892698
1.26088175
0.2469588017
-0.1102289166
-0.1124671115
0.49720289
0.3585472345
0.305221732
-0.03183259903
0.9286069896
-0.2778537489
0.07653233439
-0.03574585095
-0.3647381864
0.326841829
-0.4797807842
-0.3715565458
0.237705732
-0.1380387617
-0.2139268674
0.06053730887
0.3195205636
0.4189943483
-0.1680625712
-0.2620769229
-0.3647540268
0.4948931791
-0.3326915469
0.3160145214
0.1316777861
-0.09968705904
-0.1106486617
0.0917621782
-0.2059497027
0.1830482566
0.1164837079
-0.3036704771
0.01868390478
-0.2947704338
-0.05354460482
0.06539156809
0.1428942213
-0.3885633698
-0.0333075121
0.07473230609
0.03521916829
0.3243953075
1.208809736
0.1070623651
0.8450528096
0.868427927
0.02279051133
0.3012757741
-0.03116353955
0.04780540392
0.1446603349
0.1705563886
-0.1812532177
0.4837433245
0.5243550554
0.3143589284
-0.003478184715
0.03129531574
0.05895753503
0.05723815151
0.1723988133
-0.1393497288
-0.3588055685
0.2627743155
0.2032214668
0.7036597297
-0.03667269284
0.8462379059
-0.08985463018
0.07087073512
1.251322207
0.03889571605
-0.2297220431
0.07202156852
0.2879758369
-0.4565407947
-0.04887876511
-0.04946401007
-0.2977020562
0.2617184743
0.5232061692
0.320312875
-0.01453021616
0.04147190889
0.6917312412
0.08888039067
-0.306193747
0.7135748565
1.560757923
-0.01144520976
0.6012084987
0.5188177466
0.02645697482
0.8226080548
-0.02301831245
0.06209273031
0.03668256309
0.9000217877
0.5259338692
0.5396593153
0.5383478805
0.9143760063
0.4619067617
0.9118417099
0.7242510691
0.4603716001
0.5284118697
0.9217750832
-0.1435543644
0.1359225737
1.15846729
-0.5365728974
-0.4470378637
0.2994140208
0.02050471744
0.04397626333
0.3668592434
-0.3978798599
-0.1652618624
0.05936918713
-0.3283899084
-0.1427502954
-0.6287198097
0.3974828109
0.6802783415
-0.3566779546
-0.2837038085
1.180561453
0.2536700109
0.1692910381
0.1995785374
-0.3231836163
-0.4173685294
0.1954294553
-0.425964389
-0.2740319878
0.1169753298
-0.4456380341
-0.07577593392
0.09917412233
0.2366369471
0.2355566345
-0.1125020707
-0.1651632067
0.5504834607
0.5911800285
0.1978230394
0.1740956871
0.210542009
0.1791129462
-0.1846113673
0.06426147833
0.7029242821
0.2392774585
0.09152142052
0.1827868753
0.9314054087
0.9305613026
0.1349036015
-0.382448598
0.5877767161
0.1353383901
0.20675635
0.0696657626
-0.1316393779
0.2652943541
0.6779722821
0.3884297684
-0.2748736836
-0.08220647965
-0.3006915383
0.3154346824
0.79532899
0.7051067486
0.258440635
-0.1236420788
-0.1258636704
0.5386425911
0.2543921039
0.1721782891
0.1080483899
0.3179689951
-0.3847643234
0.5812342034
0.4721929371
0.3231149964
0.3137328938
-0.1190636745
-0.4109916419
-0.238263106
-0.1163307093
-0.2497330893
0.03591760881
0.7151565924
-0.09314802215
-0.1416894479
-0.1423198797
-0.293847535
-0.4303043269
0.2506789915
0.1636985302
0.1025926261
-0.3325530261
0.2313962992
-0.07161929794
-0.4665356107
-0.5322689265
0.1821134103
-0.2920910119
0.5805764303
0.3711056583
-0.4420125194
0.2273848645
-0.2770073891
0.3059382573
0.0951720966
-0.03678475088
-0.1229820877
-0.1582038414
-0.2328613497
0.8931839824
0.191535373
-0.1084515855
-0.2867447831
-0.1613592314
0.6825463356
-0.1255739421
-0.4272762287
0.964365679
-0.4974292397
-0.1824752409
0.4881016731
0.5154590139
0.3157243439
0.2661322046
0.05968822762
0.6175771322
0.07332163267
0.9418111907
0.3809488982
0.2823322317
0.04072144441
0.5581030907
0.3558547214
0.001718102023
1.004093615
0.2326846104
0.1980269233
-0.1279365942
0.2241038397
0.621620008
-0.1167078369
0.8561514586
0.6392294617
0.1828620147
0.6913740158
-0.3123643015
-0.02644737512
0.2775798652
0.9265580393
1.014715897
0.3783173224
-0.2323269591
0.2306737116
-0.4907598101
0.1962741058
0.4786567973
1.591122174
0.2554088083
-0.1546731513
0.4055425702
0.3723129442
0.697427924
0.6207660213
0.1763142202
1.115538836
-0.02223296128
0.485603112
2.019592464
0.6074705839
0.6380956337
1.116584137
-0.3836022386
0.3875247665
-0.1196192677
0.05604127981
-0.01941312812
-0.0274473466
0.2500425637
0.2283405378
0.8664377037
0.1906053271
0.1633324159
0.6268749663
0.6600223191
0.04035814274
-0.129004633
-0.4442215577
-0.484137734
0.08494481295
0.5244198598
0.3578116413
0.548357505
0.3661911212
-0.2875596225
0.5130103588
0.215155676
0.1052211549
-0.05290329768
-0.009558056295
0.1002865082
0.466462869
0.1427016955
0.01594419815
0.02358055394
0.1792499949
-0.3182618208
-0.1314375263
-0.0133994285
0.07221228015
0.2763800974
-0.5382691965
0.2245287595
0.2862846775
0.3351815097
0.2909514058
0.4383985631
0.02452586973
0.1374740764
-0.07172523867
1.248595425
-0.04669384202
-0.2724569755
-0.008741370961
-0.06829581875
-0.2341272839
0.0235475407
0.6244306192
1.242892057
0.06161336992
-0.2650098139
0.06666704901
-0.3378021342
0.4182186205
-0.3496055309
-0.01334562646
-0.2620267178
0.02721114364
-0.06178896176
-0.2022458177
0.3276666429
0.2221276071
0.7575262859
0.7622773588
0.4957212385
0.4369969402
-0.2230045535
0.1756527707
-0.489345172
-0.09368219087
-0.56133295
0.461374177
-0.2294657545
-0.227595868
0.2270187691
-0.2521229967
0.05284505691
-0.4949949324
-0.3679310713
-0.05045935186
0.40121185
0.2817231607
-0.1397292901
0.3790097326
0.06159001775
-0.1161564982
0.1725849785
-0.1911810745
-0.4990049794
-0.3065323815
-0.3208538227
0.05205057673
0.2551238509
-0.1576476097
-0.3409398183
0.9239124358
0.07475668909
-0.14320927
0.06691461802
0.8175972655
-0.5073209058
0.7905231591
1.116360348
-0.1534833551
0.251096141
-0.08199432902
0.3153405402
0.07883123383
-0.3739643455
-0.3188450299
0.01507232282
-0.01126629058
0.3359149136
0.4984663645
0.2083614297
0.5181436781
-0.0103348216
0.9667819634
0.5625557706
0.2379290752
-0.02142235395
-0.3337756548
0.4089682505
0.0348780904
-0.406846007
0.6308011346
0.2631345725
0.6234204631
-0.359635067
0.5316623569
-0.1272502279
0.09859595336
0.1825706467
0.2509183204
0.08211503886
0.2319393229
0.1165043246
-0.1405585543
0.1660259223
0.2364147818
0.3115858162
0.3140656885
0.290832191
0.2793627046
0.2268566233
0.1163587021
1.954160893
-0.7258094661
-0.4731497262
0.1284627229
-0.2345398307
-0.4011315756
-0.3125814874
-0.5656794325
0.1736563837
-0.3978849746
0.449909625
-0.4172034446
-0.232406708
0.4816072509
-0.1677275011
-0.08932018876
-0.04957308341
0.2856597755
-0.08800555943
-0.4141727574
-0.4006695062
0.1151035719
-0.06896416089
-0.06916017868
0.1125541355
-0.3147600509
-0.007685908116
-0.03423476685
0.4615344357
0.9419393446
0.002279932797
-0.1350271084
-0.3641629286
-0.1150864358
0.1042365864
1.213980384
0.4915441573
0.330080338
-0.2844159223
0.04985792078
0.1721796088
0.6252047546
0.5251750611
0.0762340703
-0.2425466388
-0.156841512
0.01905472055
-0.5943417162
-0.5373867571
-0.238900483
0.1451438389
-0.09407115923
0.7140899092
-0.2177873109
-0.1826380072
-0.2459725171
0.4979062278
0.2103995824
0.000227489695
0.08901131153
0.410494328
0.3407087959
0.1227669589
0.3302930209
0.1168104196
0.4679711718
0.001087338105
-0.03685645051
0.3837494336
0.1508719192
-0.03885789514
0.1154255196
-0.2536113674
-0.5777824461
0.07114219368
-0.1303334272
0.06949443575
0.2069224652
-0.3097740477
-0.3194810137
0.02424189206
-0.3239795595
-0.2786552694
-0.2459690284
0.1224291951
0.4410290893
0.1584414098
0.3053338168
-0.2551739171
-0.01559028225
-0.5426762879
-0.6083532542
-0.04587264694
-0.1083325393
-0.3583041988
-0.5254219081
-0.03735850789
0.8686178289
0.4003879428
0.695527117
-0.6468973458
-0.173922178
-0.4064346975
-0.4232611746
0.4976065841
-0.5359345982
-0.3426726263
-0.03138825297
0.1659972952
-0.4278967656
0.05866627879
-0.1506700693
-0.3138077263
0.8779513747
-0.4108794853
0.3711193011
-0.3137907106
0.1739638448
0.2848258593
-0.1475518286
-0.06658456922
0.2967078477
0.197462884
-0.1709639486
0.2545391066
1.466429797
0.3402022868
0.4386193283
-0.2090880729
-0.1450936846
0.08755683564
0.3199651942
-0.02817731127
0.6744616404
0.07134072641
-0.08880528202
0.7238991756
0.4509996058
0.5247750863
-0.09982891046
-0.229265504
0.3092379011
0.03786108634
0.1594283696
0.5174885597
0.06035448052
0.2694595251
0.2334586933
-0.1001219805
-0.03799547199
0.5847714556
0.5881079905
0.4584809927
0.3711972225
-0.2533835419
0.8972010359
0.4876408327
0.5361190408
0.2274047711
0.08663762189
0.07530706897
-0.1546245705
-0.5286210705
-0.09778893292
-0.3357270114
0.5133465391
0.03632956184
-0.2184928156
-0.1857555341
0.4671690946
0.9813413896
0.09778802842
-0.1503785755
0.7064742792
-0.0831440608
-0.4857652143
-0.09298111186
0.2979840344
0.3432133723
0.1186005519
-0.3372861214
1.638427022
-0.4116403453
-0.02096426189
-0.3802505866
0.2265398031
0.3386704694
-0.2759166509
0.09878053679
-0.1289581638
-0.1967311263
-0.3521594256
-0.03874152601
0.3695728345
0.7879334431
-0.4088115416
-0.05901183188
-0.1270219301
0.004307782836
-0.2027731432
0.4058889026
0.8116217792
-0.3438356675
0.3292082215
0.1448951968
0.07570936978
0.1859501362
0.09287434258
-0.425499139
0.1709855815
1.621008086
-0.1614311566
-0.3055946209
-0.2767168383
0.2293242767
0.2009532329
0.5699336663
-0.09942303281
0.2550041765
0.1766089677
0.1086233303
1.272299057
0.5127913784
1.790002117
-0.05088695474
0.8842092037
0.1270438641
-0.3411077827
0.8403509403
0.3996851578
0.7293943167
0.2026238707
0.1581383163
1.811996619
0.04370239899
0.7426084913
1.065439026
-0.2692266653
0.04056544015
0.7531859085
-0.1453755952
-0.07586701829
0.3222487048
0.9485193998
0.3395871669
0.2695636396
1.071577957
0.1621896025
0.197113828
-0.184550689
0.4237986686
-0.2442128092
-0.08793903599
-0.1074661785
0.2309352329
0.9028500676
0.1659056913
0.9222743236
-0.3968835354
-0.3947029606
-0.1915914194
0.8169282533
0.7784826187
-0.3342401423
0.6454025026
-0.1432645515
0.6109765563
0.0148206614
0.227575274
0.01738469265
0.5519216798
0.1121933211
0.3824532021
0.4731047645
0.06603174293
-0.172358365
-0.02965796767
0.243063204
0.8934879348
-0.1372438595
0.2450608335
-0.09672525451
1.00133494
1.229950663
0.8382880464
0.5615199959
-0.2386691201
0.1288630042
0.1447496571
0.08295473233
1.251084758
-0.1071788369
-0.03800275158
0.4589714215
0.5501196533
1.133878384
1.280806001
-0.08169841543
0.5702416705
-0.08451189213
0.7343597211
0.03682614965
0.5224522498
-0.1591255873
1.131482103
0.2011455178
0.06394948848
0.6166805852
0.09028674904
0.4703168303
0.0582312637
0.5457102556
-0.1789831582
-0.33513791
0.3322928146
0.8750728339
0.3541362826
0.4250841834
-0.300867936
0.6482775405
0.4666991869
0.947273197
0.666940891
0.8694483012
1.086746083
0.4924102518
0.8484153643
0.385488208
-0.00803020969
0.3836007647
0.3934516978
0.543065892
0.4725173159
0.9603394195
0.624779064
-0.3333832094
-0.1538693212
0.1765243791
-0.3770276919
-0.2372246586
-0.3917786419
-0.2585763231
-0.05197428986
-0.6867553011
-0.330992166
-0.1431462571
-0.3467154145
0.1326485979
-0.4049255095
0.4166299421
0.1879619837
-0.07318448378
-0.3169371665
-0.466901993
-0.5030951619
-0.3450927507
-0.2068664797
-0.3974065661
-0.1256349199
-0.5196070999
-0.4430198789
-0.4995032385
-0.20360456
-0.3876066417
-0.2601892814
-0.1722990885
0.1168895174
-0.1178122687
-0.2133252917
0.3434219323
-0.0194124796
-0.6370878238
-0.2089485295
-0.2738546954
-0.1157895796
-0.2006855119
0.2632037289
0.1704598626
-0.5669988155
-0.4519552305
-0.2144786814
0.03642196208
0.06007671691
-0.2771476462
-0.09990258478
-0.01370527074
0.1064048797
-0.4646247685
-0.3551298253
-0.05540075498
-0.01612414997
-0.1633789843
-0.5626197144
-0.01844841
-0.2303790394
-0.4806005836
-0.4030574933
0.2068289991
0.1786427128
-0.2702133544
-0.3417770945
-0.2727168793
0.664106328
0.5862978198
0.1268658593
-0.118833783
0.3072691929
0.01159140412
-0.1645997396
0.4968942486
0.2391862407
0.5676684108
-0.3944706395
0.5245419901
-0.320335827
-0.03065600079
-0.2739697535
-0.4294871934
-0.5487631634
-0.3618675128
-0.3631976888
-0.06824250873
-0.4016193971
0.2245900933
0.08675094824
-0.4388775773
-0.3717065856
-0.5510513902
-0.4801654354
-0.3156754285
-0.4692814216
0.1261941902
-0.2477434546
-0.2427011751
-0.3054949999
-0.4308552608
-0.2786133304
0.01801310629
-0.006345536374
-0.2831941642
-0.2944297113
0.0002085402608
-0.03955067964
-0.6363586202
-0.1052891476
0.2819692908
0.3887436399
0.1621371352
0.1385615107
0.04566888027
-0.3836927302
-0.2542635962
-0.3122250805
-0.320818869
-0.03667424284
0.06051787357
-0.2080646142
0.8998759016
0.1105689392
0.1667741749
-0.2709314175
-0.3484389737
-0.1927635897
-0.1796102923
-0.4322891518
-0.04662251454
-0.3416641127
-0.1151233995
-0.0930507706
-0.4357092515
0.2388991797
-0.2894136741
-0.1334790893
-0.1882994942
-0.2428058304
0.3042236315
-0.3913110964
-0.03049565256
0.1340820327
0.1266226858
0.0154671493
-0.3805531673
-0.01404082552
0.5768016279
0.6859718211
0.05531401671
0.4481921033
0.1202958867
0.063797371
0.07927899547
-0.1690441239
-0.3385498249
-0.2952413881
-0.6023596108
-0.1475830564
-0.1395247225
-0.3014883775
0.03727845009
0.2192816643
0.2959531039
-0.3144025348
0.1884044275
0.3230111002
-0.08886919171
-0.2807656709
-0.359193068
-0.2741659645
0.3362224386
-0.3557912923
0.2101024762
-0.327563116
-0.4678158537
0.5748699319
-0.1741305295
-0.1748128286
-0.5711986586
-0.2570332756
0.7149979144
-0.0427825287
0.06954323314
0.132179879
0.2934096709
0.9869040459
0.3781072685
0.2194971181
-0.2452526163
-0.3012362204
0.06393332519
0.2505614124
-0.02541626375
0.03261316272
-0.2857559778
-0.08738000076
-0.4185695292
0.3707073458
-0.5351439036
-0.1721236629
-0.2834662437
0.9312870741
2.01837749
-0.3699426908
0.2110457533
0.5699546014
-0.4232207105
0.5312815238
-0.006497449381
-0.2005986061
-0.4053584386
0.003967746161
0.2123496436
-0.07864710521
0.5677626744
-0.2513633102
-0.1468076617
-0.3648804929
-0.5450849831
-0.270561194
-0.3624936424
-0.146131612
0.1838004756
0.4479929943
-0.07911438863
0.2774945715
-0.3286889404
-0.3815344192
0.2327432059
0.1099519437
0.1671003316
-0.2588839747
-0.0576026842
-0.5190068528
-0.1734872166
0.1619644661
-0.01319781621
0.00483483579
-0.1843332274
0.3459501363
-0.2856897578
0.09469243884
-0.5382279374
-0.07953844015
-0.3916483276
-0.7223710746
-0.3597204212
-0.4479714252
-0.2407966537
0.2610251192
0.1288976427
-0.7777566791
-0.05332726315
-0.625284946
-0.2135517342
-0.2743818417
-0.1009304492
-0.5141040981
0.1563034706
-0.2749748483
-0.8012731031
-0.7917630494
-0.2402406007
-0.3805285573
-0.3723230274
-0.056498974
-0.4964472726
-0.04012101274
-0.2500887183
-0.3149473283
-0.2921119994
0.04370564315
-0.05742341839
0.1912165628
0.1899234762
-0.5034850217
0.4529500082
-0.2450323843
-0.2490107708
0.2759290576
-0.1751873305
0.05634204242
-0.3919268794
0.9277079467
0.4922151912
-0.09872592064
-0.06763029099
0.4544069095
0.09212687872
0.3501038603
-0.2949517652
0.3045456577
0.4423788661
-0.2817609688
-0.3255144097
-0.03861977644
0.01081784843
-0.4204757523
0.5158092787
0.6390773427
-0.4330238204
0.9975089416
-0.2645480883
-0.2790415086
0.3076924838
-0.2686227407
-0.1289792242
-0.2379983883
0.037362856
-0.4012119029
-0.302961858
-0.2292634007
0.02217225283
-0.2740675915
0.1666363791
0.07587009687
-0.1468402016
0.50681426
0.8299188076
-0.1774173129
0.07350010276
0.315084872
0.6505967505
0.5726639435
0.125649672
-0.1786814261
-0.796564433
-0.3174710266
-0.8628730208
-0.007485947385
0.202016272
-0.2401929893
0.5375220349
-0.3106030071
0.06276115365
-0.0836352028
-0.3270512698
-0.3301017366
-0.3718246967
-0.3348675879
-0.5125973523
-0.05090836473
-0.5372561529
-0.515304938
-0.4774942324
-0.1447533559
-0.257972306
-0.1899450932
-0.8074883163
-0.2502779618
-0.0002113200724
-0.1440251048
-0.624401556
-0.2781090543
0.8541688763
-0.3991388582
-0.3619394988
-0.6050542578
0.4019156499
0.005121325143
0.1311493458
-0.3123717345
-0.5349858271
-0.01609161831
0.2689345378
-0.4127202526
-0.03759842478
-0.8469879597
-0.2140261766
-0.1732126528
0.1002207678
-0.3464440282
-0.09860570505
-0.4294274122
-0.3550840735
-0.157768843
-0.04266334362
-0.2892412392
-0.2170755878
-0.1769531481
-0.1304945871
-0.6488562465
-0.2871101625
0.15638493
0.08297347911
-0.3893284053
-0.705949901
-0.3829111278
0.05185989924
-0.3381778494
-0.1146206204
-0.678916423
-0.3920858994
-0.6272069231
-0.1020699205
-0.4124721102
-0.02558745639
0.154691253
0.5864243537
-0.1505868583
-0.5587443799
-0.389038296
-0.04823564589
-0.270593024
-0.051600115
-0.2088797266
-0.6010654181
-0.2154455137
-0.5321340457
-0.4676482961
-0.2521793261
-0.4442645296
-0.2294425633
-0.7355203316
-0.7472148776
-0.1991860479
-0.3747451603
-0.4768886864
-0.3128309406
0.1399452303
0.2183537707
-0.3418544337
-0.09381363411
-0.04469242361
-0.1817512892
0.19573121
0.315625177
-0.4108385049
-0.07380505949
-0.2948496494
-0.2103703417
-0.1124162592
-0.5723849773
-0.2487784922
-0.3857604526
0.02538297847
0.09485513736
-0.3765421465
-0.3468014516
-0.4206602901
-0.1399821361
-0.1848767612
0.06285689622
-0.09123412184
-0.4954487234
-0.2046930235
-0.3643871531
0.1525867051
-0.2475869954
0.0988917849
0.5009969771
0.4606046295
-0.3477816444
-0.384753701
-0.2376209857
0.1884455708
-0.4682821974
-0.3258425005
-0.1205353001
-0.1453751666
-0.2404053308
-0.3293365102
0.3029427366
0.2502302181
-0.4765910804
-0.1184824811
-0.3301425353
0.01748372372
0.7369634733
0.09336570511
0.2339263707
-0.4626935378
-0.5876335241
-0.03390308507
-0.2890232075
0.3015762705
-0.1426112616
0.01656249445
-0.2782522317
-0.3631336004
-0.4357885703
-0.1643168312
-0.0986162575
-0.3798554197
0.1459569301
0.06294043418
-0.1445819966
-0.276327379
-0.1659121595
0.1498529682
0.199036102
0.0961069338
0.09282434322
-0.545407325
-0.2334646527
0.3018235847
0.3862049021
0.4060838037
1.0120122
-0.1169254181
0.63331342
-0.07865125705
0.8520491645
-0.2504974706
-0.1703969651
0.7998551928
0.5525635004
0.2598970707
0.8125463232
0.09555414012
-0.2200538836
0.6706793398
-0.3476010442
-0.4085959584
0.2610522656
0.2534762099
0.3551121883
0.01586580412
0.1659333566
-0.03943783529
-0.018212851
-0.1049901497
0.9899307776
-0.1572919276
-0.2201944746
-0.3200767301
0.5652244188
0.1159729894
0.1991159091
-0.2339025497
0.310759164
0.2540032776
0.0338738801
-0.2638216589
0.6129866645
0.627406309
0.1898593447
0.1047232904
-0.2892416693
-0.4089892738
0.4074425042
-0.1218751405
0.5942743253
-0.5116616435
-0.2531652167
-0.3681887291
-0.7720464781
0.4280488291
0.1915286485
-0.3234912284
0.3496943813
0.2604805626
-0.382219233
0.1421248786
-0.3933235794
-0.2014751892
0.01127558202
-0.05093487483
0.9349009268
-0.09345732704
-0.2072064674
-0.2910739221
-0.06694152551
0.8139399298
1.239093335
0.1482082745
0.192481059
-0.3516437322
0.07163343355
-0.0506871663
0.07337933332
0.2429323122
0.01186880097
-0.1680649555
0.3364776972
0.4677869059
-0.100287272
-0.6297141984
0.6560430683
-0.1228907453
0.2537231141
-0.1460981611
0.4395480659
-0.5200721398
-0.3720069744
-0.2416772924
0.5976620011
0.1256853435
0.07711601406
0.1724394729
-0.05638841223
-0.392791301
0.5128673758
-0.09321065913
-0.1696402334
-0.4078126073
-0.2684720866
-0.3041479096
-0.08040034324
-0.489665255
0.378637907
0.2203734402
-0.5857953653
-0.4695185289
-0.030074412
0.4705038052
-0.08364337012
1.124285324
0.07168869106
0.4688657261
-0.2182090394
0.06100225337
0.01110849641
1.232968242
-0.3586657524
-0.1769621054
0.2626351116
0.2884529963
0.3428611107
0.4788619528
0.7389774546
0.7332419664
0.4648321388
0.0567345297
-0.2160196522
0.6301170847
0.2072873523
-0.1940045424
0.4815760976
0.1690194979
-0.3565007146
-0.3468779098
0.2141433928
-0.1750952721
1.240774027
-0.3309646592
-0.005620388035
-0.1941546373
-0.1691070374
0.1455520047
0.1335717648
0.5613852322
-0.04739300534
0.2044717501
-0.0396918267
-0.002097563539
0.4267277305
0.3617568363
0.2042377666
-0.1780154889
0.2754471303
-0.096459621
-0.05137074636
-0.224406718
0.2044698574
-0.1922178352
0.8950556681
-0.2171240054
-0.0007456365973
-0.07644915264
0.7269322725
-0.1238698712
0.229717608
-0.3903209843
-0.4130614102
0.0389803201
0.04321310017
-0.1580382168
0.1199741339
-0.2680880754
-0.132045866
-0.1771525
-0.4023397669
-0.36334837
-0.03709732257
-0.5222852498
0.1108297117
0.1011046704
-0.1266128246
-0.005865866505
-0.3726750106
-0.3234579403
0.0665990416
0.1675110403
-0.1182839643
0.1223780813
-0.2052744213
-0.2266016988
-0.2586004503
0.1971303623
-0.7211018242
-0.1277050059
-0.1770072042
0.134064368
0.2216152634
0.5155884614
-0.2738554902
0.5588031754
0.3660876002
0.33155238
-0.03612874355
-0.1683493594
-0.3018332304
1.345294142
-0.1208902068
0.6039431367
-0.09600103023
-0.3963102117
0.01688931212
0.4799430586
0.1262808802
-0.1903801301
-0.05727896839
0.5141585439
0.230837154
-0.07046527481
0.8383695319
-0.2954562247
0.2760545546
-0.03807733115
0.05728517994
-0.3969277777
-0.4194950148
-0.2578121729
0.02586014112
-0.1620339025
-0.05891649853
-0.3664418838
-0.331812021
-0.06783499122
-0.3013642568
-0.8577803701
-0.494848017
-0.1318809174
-0.2642705604
-0.09085223041
0.2403636277
-0.03750118166
0.7829371898
0.1612147328
0.7276245959
0.02516944185
0.5417947425
0.2568226282
0.8074587302
1.292903799
0.6896018483
-0.4335847273
0.1534304507
0.08839546805
0.4034109868
0.1186219476
-0.3134082329
-0.1560233751
-0.3659689933
-0.4866448313
-0.2505024493
0.082522019
-0.1873924103
0.3208620738
0.3066187773
-0.2807917904
-0.4913354784
-0.4248347715
-0.3508309647
-0.6480113469
-0.3144689418
-0.2052518306
-0.5575239286
-0.7338396296
-0.5767152473
0.06416113302
-0.2114660874
0.08126403624
-0.3906743124
-0.2684608888
0.6663138188
-0.1044970971
-0.1051794868
-0.1764620848
-0.3464422934
-0.1768939571
0.03469026126
-0.1908440865
-0.4226175025
-0.05611633658
0.4424639925
0.7452285901
0.1661192801
0.07811987307
-0.1756363697
0.03505863138
1.131439781
0.08882541824
-0.05468165409
0.7354495332
-0.1551829064
0.6279807712
-0.2644262042
-0.01936508305
0.3294765666
0.2499922108
-0.1117259286
0.5725216041
0.2681266617
1.360588842
-0.5486633658
0.6382050507
0.3794307902
0.3335605051
-0.2284160841
0.05800522361
1.174961875
0.3074841411
-0.1898028161
-0.04417723063
0.290849511
0.6080488816
2.07806322
-0.1165852374
0.1214784039
-0.293017501
0.2816109546
0.6423817001
1.032839669
-0.3375036918
0.1419907991
0.3372854678
0.7732137123
0.1353880189
0.8121662132
-0.2812895902
0.09902570099
0.07873804476
-0.9108026475
-0.0711196525
-0.1163963996
-0.1877596949
-0.2376157425
0.2393966721
0.3952622209
-0.4859573126
-0.3407263264
0.4968841247
-0.1446704676
-0.02015179573
-0.1833368411
0.6473942928
-0.0185318429
-0.306950153
-0.02690401152
0.1024478431
-0.4031917132
-0.1993436843
0.2737488985
0.04651435316
0.1889125083
-0.2416203527
0.2162416237
-0.3209865794
-0.1554332887
-0.08733111136
-0.007272923924
0.894965478
-0.217534918
-0.6141270265
-0.09785947017
-0.1639787801
-0.2702027239
0.03905400201
0.2521957392
0.1928512564
-0.2564059451
0.7232632622
-0.3263700135
0.1117747067
0.5535370219
-0.02640270032
-0.1364352392
0.06573565751
-0.1563485458
0.2591872538
0.1519557427
-0.3623806059
1.457776733
0.129494801
-0.06864867471
-0.1752196975
0.002680785395
-0.1316864946
-0.442202089
0.1904343463
-0.2122830989
0.01091441885
-0.004610249959
-0.4025939338
0.05843700506
-0.1278416742
0.8039808035
0.7525047332
0.2883713527
-0.05313492334
-0.02658285387
-0.1080300114
0.04466268877
-0.2706526618
0.0523571901
0.3274092363
0.07753020385
0.4431740903
0.4690945401
0.3288788728
0.3986729931
0.4191304475
-0.436381048
0.5149335088
0.04920638632
-0.0408533439
-0.09106979398
0.06424621958
0.6290769219
-0.519057864
-0.6344859868
-0.4813185021
0.2320448454
-0.1661408762
-0.4700358614
0.1400826767
-0.3879200764
-0.3090165354
0.6508586392
-0.290686886
-0.5168727681
-0.06218612483
-0.167517063
-0.50979084
0.6018355139
0.2749239251
-0.08116755448
0.03243439235
-0.241657969
-0.3421424992
0.3327407306
0.01764338203
-0.3312778503
-0.4668075971
0.4303556666
-0.4968528636
-0.335909041
-0.2268428121
0.1917183771
0.6160523228
0.09662358835
-0.02721550949
-0.3837206453
-0.03146181758
0.1487712754
-0.2673202135
-0.1076219
0.113090403
-0.362420363
-0.1296092645
-0.001909931004
0.3914174013
-0.1009188473
0.6313739175
-0.5711940348
0.1989875874
-0.4497946024
0.322200245
-0.2937151076
0.1736885034
-0.2725311324
0.4173395963
-0.3593377285
-0.247548816
-0.2449715629
0.4841663532
-0.08328808434
-0.3018241391
0.194331361
-0.1206982222
0.4534540885
0.8395356718
0.1513622833
0.08040887648
0.04111577044
-0.2307114011
-0.1266206466
0.5765262276
-0.1368488465
0.1950379075
0.6193622258
-0.4910407439
-0.4786610074
-0.2167005159
0.01444654539
-0.3699851941
-0.2744959325
0.2608359233
0.4118698832
0.9771524563
-0.3066523056
0.1531741738
-0.1280675292
0.2881184723
-0.1438202152
-0.1305513827
-0.02464717813
0.2482406361
-0.4108978689
-0.5638768435
0.0342120789
-0.6896597639
0.220065289
-0.470631893
-0.3455518242
-0.3752956092
-0.5033297345
-0.1555345789
-0.5004760787
-0.3627222653
-0.06557856258
-0.03712678785
-0.5227209257
-0.2583448522
-0.1413346
-0.3973539427
0.4226452409
-0.2946937181
1.16473453
-0.3149173722
0.06424797419
-0.3238403216
0.07904070737
0.3151698971
-0.2629434727
0.177414903
-0.6265546799
0.08518268988
-0.1919758424
-0.2202073261
-0.2592608728
-0.1983961161
0.1357982495
0.1491400566
-0.4170580419
-0.001878419518
-0.3255529702
-0.2249616791
-0.2190395888
-0.2865501163
-0.2857339464
-0.4414180234
-0.2721356586
-0.08972493205
-0.2206853777
0.6038033891
-0.34845089
-0.328397158
-0.1713530334
-0.4631743576
-0.5139619403
-0.3104831871
0.1437394336
-0.1309765883
-0.5228964232
0.5193490662
-0.280604589
0.1352929594
0.09367089216
-0.3983092524
-0.5790183648
-0.3856365629
0.1034132177
-0.2483599223
-0.1997978121
-0.0005627479404
0.30723387
-0.2116310013
-0.5413935572
0.6072746456
-0.05331797404
0.3462429743
-0.08953517741
-0.2501793846
-0.5156562477
-0.7221621588
-0.2901789974
-0.07177018002
-0.3085635614
-0.02742306544
-0.3254463196
-0.4061738525
0.0325908944
-0.2459038097
-0.627577886
-0.3310662542
-0.1936244167
0.03131562043
-0.2453572962
-0.3262908697
0.01643529516
-0.3248869948
-0.4171658958
-0.08490811018
-0.6698588341
-0.3393200055
-0.3164346283
0.2948441386
-0.1402045441
0.3691297717
-0.5122803509
0.04497823326
-0.2953214958
0.3712969426
0.6281769793
-0.1161563713
-0.2249418819
0.1395246118
0.4914899588
-0.4696005933
-0.2450396348
-0.149027447
-0.3737777464
-0.2371301044
-0.7896195292
0.02302725893
1.281018493
-0.007516442123
-0.5367443237
0.03201635024
-0.1697346076
-0.07832364887
-0.1364773726
-0.2371047031
0.2053559088
0.1712479848
0.3275533172
-0.08241313342
0.1446090787
0.0536452844
-0.1958562458
0.2393975106
0.75185134
-0.4689095631
0.6062822595
-0.1604679367
0.5976311885
0.09232305735
-0.01686764983
-0.1507025325
-0.2376087323
-0.03681726595
0.7338676155
0.6541428678
0.4353913961
-0.06934092194
-0.3476349942
0.2614423543
0.1539617121
1.130063853
1.239334884
0.003354720399
0.5872112745
-0.1992635712
-0.4784514576
0.4251887294
-0.2985419802
0.5583132714
0.5342266729
0.150487052
-0.2504953001
0.9457702387
-0.0399757535
0.07406121772
-0.02378872586
-0.1596043203
0.02270770669
0.07153732646
0.2363740937
0.2716415101
0.2542974111
0.01572070196
-0.1475865629
0.4811349034
-0.2698919706
0.03772355234
0.7580004971
1.106733251
0.8700333316
1.035335633
-0.2607786493
-0.4973407477
0.5987738594
0.2090097602
0.288618321
0.3510865113
-0.07329044826
2.120368436
0.5181318127
0.105497139
-0.07450879626
-0.2399004018
-0.009392338991
0.2705576193
0.1929663248
-0.05380960889
-0.3106228627
-0.6087915599
-0.01694498211
-0.03752324861
-0.3750933791
0.5273044759
-0.3462501932
0.3731137183
-0.221542076
0.2243033535
-0.05501761474
-0.2074341567
-0.3335842822
0.009710800322
-0.1958059043
0.01554957274
0.4179420885
0.1183547253
0.7319144368
0.9633115135
-0.5573283523
-0.06594020966
1.156788374
0.1656958621
-0.543554002
-0.1615689501
0.1338313621
-0.1120386932
0.4345776785
-0.2046624508
-0.2426509343
-0.387464672
0.4432075612
0.4586310994
-0.07459484711
-0.08961297618
0.5025945876
0.2206406923
-0.09977272637
-0.2672844607
0.0295032803
-0.4848504942
0.196154909
-0.008200992271
-0.06592393587
0.3203027144
-0.4486817256
0.4701221989
0.6193307236
0.2098144714
-0.1667522576
0.02744613811
0.538782694
0.7217015214
0.6309113044
-0.09181014774
0.2876354475
0.4201381495
-0.4295587838
-0.2543739982
-0.01306209997
1.069679972
0.1516452868
-0.1713225671
-0.07245762125
0.2361782192
-0.01620035507
0.7095344618
-0.06884583142
-0.05355661865
-0.4885073408
0.9802233607
0.4027306074
0.794373484
0.3435446237
0.7040974751
-0.09030508487
1.15406571
0.4625868574
0.6006360922
0.1819759957
0.2989820149
0.04388962165
0.2254832048
0.1651369205
-0.3477668583
0.4798460595
2.253893858
0.2358917452
0.2825530957
0.4887352116
0.3008833785
-0.1434313266
0.8493074827
-0.1198813654
0.4575275254
-0.1415315782
-0.2860936623
0.7055534627
-0.02363032885
-0.1076271776
0.02884067977
0.1972416528
-0.4882368371
0.2060828036
-0.4964766651
-0.06969284248
-0.1235972388
-0.2598097086
-0.1257057443
-0.2300020929
0.0486977838
-0.5309387252
-0.4036187872
-0.6376749456
-0.2162288088
0.2418475695
-0.1859330523
-0.4217614479
-0.2438173309
0.4111587115
-0.1763311367
0.1103354948
0.1946521321
0.09964746842
0.00531733036
0.2087705864
-0.2814385932
-0.3723173685
-0.136159374
0.2288156142
-0.2237386694
-0.1562640445
-0.01836196734
-0.1419869818
-0.4732033342
-0.07990551684
0.2578485558
-0.02480376214
-0.06393467225
0.1538254226
-0.4270069137
-0.2295961246
-0.2338896818
-0.2431384869
-0.3285751425
0.8032600012
-0.09555638349
-0.3269141506
-0.001536991633
-0.3167847052
-0.4526187187
-0.05859118216
-0.1957448714
-0.4241757348
-0.2626892716
-0.2098041598
-0.02683178253
-0.255300427
-0.4092886135
-0.5168691188
-0.627282837
-0.2496504381
-0.4312651895
0.39959172
0.1543796774
-0.1109603062
-0.6031182766
-0.1987144351
0.1211018649
-0.270270897
0.3721616726
-0.4143542282
-0.3979165696
-0.5449066669
1.023919815
-0.07076884611
0.1034914294
-0.08929757606
-0.09275989775
-0.3957615748
-0.4610903993
-0.3162983503
-0.6094489425
-0.3756511316
0.1881730337
-0.5936848074
-0.2085711671
-0.1102100428
-0.1691340302
-0.1593815742
0.1425820097
-0.2287421953
-0.3875566781
-0.6061389118
-0.3538452052
-0.3516424373
-0.3528142728
-0.6640998289
-0.06007353961
-0.2966318801
-0.09379073679
-0.486933697
-0.3289427832
0.5902161522
-0.5535219073
-0.1931681819
-0.7372873589
-0.5355503201
0.3651493881
-0.263986223
-0.2272891983
0.08275906369
0.3823268272
-0.4458335474
0.8735385709
-0.4365990043
0.1940829143
0.4258084455
-0.4290212251
-0.3065525446
-0.004895899817
-0.04740697667
-0.3689923503
-0.3578657996
-0.1120055413
-0.4906963289
0.1239204776
-0.2526922703
-0.350908462
-0.3282983117
-0.2387363479
-0.1897336338
0.07139125615
-0.2893503509
0.02535392223
-0.09977468578
-0.2776939675
0.02197464027
-0.2568495363
-0.3760627639
-0.3922885992
1.322941296
0.02861777386
0.6127514692
-0.3684644759
-0.1624772925
-0.2771897431
0.1553559307
0.2211299611
0.7616498577
-0.1269213673
0.004464573786
-0.3154268075
0.104601245
-0.5188532576
-0.2551369974
-0.3780911237
-0.621831068
-0.1029738503
-0.616113881
-0.8075062022
-0.1294124007
-0.2779671256
0.02820804864
0.3922354985
0.03311872091
-0.1941757299
-0.416123049
-0.3520526104
-0.5667501852
0.2193179298
-0.4189043179
-0.2377232175
-0.06621526834
-0.4050005291
-0.1304932026
-0.007215901837
-0.6519837707
-0.04373975992
0.2663960867
-0.2104196269
-0.3768357515
-0.4539329439
-0.2421956386
-0.09131226595
0.04492431283
0.06792373583
-0.2751515348
-0.4714184567
0.7309488198
-0.3980540968
-0.4252159238
-0.1724954247
-0.123133852
-0.1750156783
-0.2424232384
-0.3137311678
-0.3973107941
-0.08552513495
-0.1320782334
0.1748653369
0.349251591
-0.3625074364
-0.3074522886
-0.4486817643
-0.6682230562
-0.2320288651
-0.3375323512
0.1918379322
-0.1525468707
-0.6825502917
-0.6055239623
-0.5884033814
0.560935688
-0.3949328758
-0.7593219429
-0.1473500662
0.1224333551
-0.3826780304
-0.08133034995
-0.05230586305
-0.2109168801
-0.3395888286
0.04017943759
-0.404064168
-0.1829970613
0.1731184296
-0.02882271381
-0.1678013913
-0.2406498369
-0.06079043467
-0.4054562602
-0.3604517691
0.1976010671
-0.1565064727
0.1927535541
-0.003830405325
-0.5172564209
-0.3289206408
-0.9321285993
-0.481620311
-0.5610097364
-0.3268284117
-0.5536926612
-0.4834482253
-0.03352988786
-0.151828612
-0.2325754037
-0.1410474736
-0.07276718337
-0.06885518767
-0.1427641563
-0.08268724838
0.004959326982
-0.5112637326
0.5195761406
-2.328609116e-05
0.3969753727
-0.1600529447
-0.3448561117
-0.01178657413
0.3688535174
0.06508798227
-0.3482619256
-0.2776352111
0.09634598382
-0.3161943726
0.3871257445
-0.6060737222
-0.1686717365
-0.5836036101
0.1613117935
-0.4650120057
-0.2135724638
0.1559886131
-0.5140771583
-0.4335086703
-0.3693109334
-0.6525244951
1.021462367
-0.1923715942
-0.1780458304
-0.3231029414
-0.3307833448
-0.3354461998
0.01567458259
-0.4592681482
-0.3149767011
-0.1238008145
0.9352660589
0.5833790377
0.06769465096
0.4586144742
0.8783657469
-0.3886995453
-0.2916061386
-0.2393801379
-0.1113380097
0.1010957286
0.5277624797
-0.08823732138
0.3587127117
0.2659093
0.8438387737
-0.3365894072
-0.2714796618
-0.2196999278
-0.2766609043
-0.2568619762
-0.3000034913
-0.1602335649
-0.4559076281
-0.6497513741
-0.2081749078
-0.4569505304
0.2100580148
-0.2825682566
-0.2936774008
0.2329189181
-0.4485324059
-0.5215560161
-0.25169957
0.5089117073
-0.3237860605
-0.4933692575
-0.5249587834
-0.2828714486
-0.09948818795
-0.1208714604
-0.4020459302
-0.5603029277
0.2425109707
-0.1882775536
-0.3293019719
-0.4423479918
-0.4987572491
-0.267466636
0.8403140213
-0.3535504974
-0.08005432263
-0.3204821259
0.07660344047
-0.1614159647
-0.05437853355
-0.6855923355
0.3011257045
0.01987059629
-0.2722411785
-0.2192413915
-0.7813392252
-0.2763859496
-0.1668241963
-0.2753515892
-0.4028342307
-0.8427906036
-0.7147308379
-0.5448013016
-0.5445367187
-0.207790437
0.2324612714
0.3371927859
-0.03082014285
-0.3184016332
0.02987004919
0.1059929211
-0.05708871819
-0.5967270404
-0.1582292411
-0.08211152805
0.1203506979
-0.05386617314
-0.49481915
0.6104693923
-0.1393749441
0.4978932709
-0.4887915514
-0.5319341943
-0.3861187577
-0.7327656448
-0.3281049363
-0.1925617676
-0.4220706731
0.6186986227
0.3161853448
-0.4085580468
-0.3700019099
-0.4826080695
-0.6792729408
-0.5451900817
-0.3744984999
0.08430997916
-0.1077136323
-0.08528679684
-0.2425955502
0.09242786588
-0.0330445271
-0.2974407591
0.09708976876
-0.0403765507
-0.1730495678
-0.3881564755
-0.3226072479
-0.3217604151
-0.4969676614
0.7026137106
-0.1975111665
-0.378588888
-0.01443434972
0.0813992653
0.4568080178
0.200921059
0.1694363268
-0.2927925952
0.2293778699
-0.5391920477
-0.4331714585
-0.02052866677
0.1760315865
0.5192466818
-0.3517357394
-0.07944012359
-0.2838158144
-0.4346423145
-0.2549557526
0.07051110305
-0.552085232
0.1740809755
0.1750993676
-0.1201509164
-0.2040998153
-0.2253911
-0.4699132919
-0.1245994665
-0.4854133695
-0.3388057701
-0.2663722351
0.204282403
-0.05849578604
-0.2025837123
0.1268609446
-0.1910377215
-0.3152797535
-0.2590347851
-0.3889697399
-0.5383979589
0.5479821932
0.01690660473
-0.334223523
-0.3982062841
-0.1120452274
0.094215259
-0.2543322772
-0.1607023351
-0.3531951703
-0.1354524922
-0.4186730534
0.1413164389
-0.3295253195
1.052612174
-0.4906604476
-0.5071894433
-0.07392050568
-0.3243245531
0.02532544667
0.0168261379
-0.7907838106
0.2188281172
-0.2627743427
0.07110508634
0.06760403784
0.601274388
0.2084291656
0.2264118305
-0.3612886719
-0.3764378708
-0.6474289522
0.5936179925
-0.1363831021
0.6267763644
-0.3908829972
-0.3924746994
0.0664974574
-0.0935825754
-0.1160898961
-0.05734980451
-0.5027023393
-0.1662940276
-0.4073354714
0.6635037206
0.01287130639
0.51055374
-0.08245414319
-0.2335245473
-0.1037848619
-0.1833841292
-0.3890954092
0.03955203057
-0.351176198
0.09942165278
-0.3991365874
-0.2137136489
0.5325280133
0.05342234373
-0.359533719
0.3723307127
0.120174455
0.412989052
0.347815939
0.4164252944
-0.1771778144
-0.2249540482
-0.6178886414
-0.5098842759
-0.5482380033
-0.1686797838
0.4012552632
-0.1185155584
0.1697374681
-0.003158149123
0.08382950481
0.4343154997
-0.4567048769
-0.5086729109
0.1493071448
0.1044301409
-0.1851697365
0.1537046382
0.3626112185
-0.2249603012
-0.2579682451
0.135297518
-0.3551248759
0.1734689601
0.1671759985
-0.3093450814
0.09753497206
-0.3676517874
-0.2066093571
0.4729494415
0.3895714212
0.02783909906
-0.2026614957
-0.1097439467
0.8247330993
-0.1284852259
0.1864791994
-0.1453247585
-0.01667005084
0.2644688977
-0.3836109534
0.09485198911
-0.3449241221
0.07737794667
0.04004021222
1.152925369
0.2279657476
-0.3953185946
-0.0196406384
-0.09677972812
0.105365805
0.1224981185
-0.5258911729
-0.0821918752
-0.1716313954
-0.1170726247
-0.3139504381
-0.6122095227
0.8997074451
0.2763283659
0.5049594481
0.050766607
-0.01862576678
-0.1644830972
-0.5521848977
-0.6498432577
0.9415706351
-0.4873298086
0.02232847698
0.3079873066
0.5835511908
0.1304089669
0.407184841
-0.01674328111
0.5051287517
0.09127759393
-0.2382268135
-0.3760142285
0.212663999
-0.2040131371
-0.2821388401
0.25571414
0.1428176414
0.4787079703
-0.3598111024
-0.2358229082
0.8251514524
-0.2525122831
-0.08235268639
-0.1921465529
-0.1108838804
-0.1969972796
-0.2195776632
0.1598827787
0.1391831298
-0.03211912913
-0.2500162847
0.2889309099
-0.1564566258
0.2185406579
-0.2551944323
-0.3007987186
-0.2287187014
0.5713901883
-0.3690849226
-0.1860488714
-0.3508348975
-0.3171592273
-0.09906308278
0.1298313191
-0.2886481959
0.2930023064
-0.3363819707
0.233485879
-0.4115992468
-0.1800534936
-0.2083306853
1.143039267
-0.3556944452
0.5323810071
0.1734707825
0.09048406351
0.03565834425
0.9869056195
0.1170293012
-0.1850154556
1.01106225
0.08142414521
0.1372653136
0.1652335165
0.118664708
0.1954802505
-0.2754142636
0.9588076953
0.004465936683
0.03476980291
-0.3062533259
0.07378855543
0.4284351995
-0.2177434942
0.003182746377
0.8470709525
-0.165715361
-0.00804330036
-0.4294939451
-0.3952360496
-0.2225208864
0.1967076031
-0.3119519092
-0.00592074357
0.2255905338
0.6124461057
0.8119028609
0.06325369203
0.3865673726
0.2029488958
0.5589027386
0.08897534404
0.4360552303
0.2289873984
-0.05918071754
0.211227806
0.1518931299
0.9050667554
0.07979569063
0.05588163091
0.3961399183
1.163109086
0.694675149
0.3273236609
0.2701963437
0.04026848003
0.494041324
0.1096095799
0.219120612
-0.03844634704
0.7909405418
-0.3905243561
0.0926781578
0.3257460244
-0.2203230031
-0.2418465676
-0.142120757
0.7130977485
1.326002876
0.5208313696
0.1766713589
0.08975682482
-0.2350652853
0.1966863895
0.8850398481
-0.2188971885
0.1517976938
0.8733137639
0.3636312582
-0.1842936303
0.2871981695
0.0962956978
0.4965726279
-0.3985299937
0.1331173031
-0.1492571026
-0.04529929832
0.8126765326
1.084112435
-0.06920300936
0.06994503159
0.04652942931
0.4024541437
0.3244178578
-0.09162917128
0.4565010011
-0.04943504208
-0.4715462647
-0.3257064559
0.01089532543
-0.2118284631
0.1987466376
0.06551238559
0.4083904434
0.1758687995
-0.0969229158
-0.04440477239
-0.20952016
0.0009846910834
-0.1817805264
-0.2654084563
-0.1976580609
-0.5886180043
-0.419764699
0.2838902671
-0.3604990028
0.5623500731
1.109632302
0.8360337116
0.3901359912
-0.2894539237
-0.2751820581
-0.05215508603
-0.2149687581
-0.2365270857
0.4964465346
-0.140638212
-0.3448792905
0.1053159871
-0.2627855189
-0.008665942028
0.1888737381
-0.2003411841
0.9719003465
0.6007502511
0.09838745557
0.03155688588
0.5005025174
0.2079061192
0.1422583563
0.1927331416
0.1010454816
1.244255592
-0.199232685
0.1502482977
0.1373305841
0.7460722528
0.07704550289
-0.0618198609
-0.2571710952
0.02058196906
-0.4553228237
0.001488365047
0.3200083234
0.2529967381
0.6745459629
0.4203762515
-0.2286450198
0.06859429386
0.08036523834
0.01576567572
0.3662517385
0.6922732353
0.3966297343
-0.3006484896
-0.06601019045
0.345646577
0.6495012816
-0.191677054
0.4247445561
-0.02700007334
-0.49498
-0.2434060104
-0.2222529147
0.0952705035
-0.2374565652
-0.6596402586
-0.09143956024
-0.2298554573
0.1929211098
0.5757904137
0.05979766902
0.6122346073
0.2723703366
0.736834033
0.2769683503
-0.4560772598
0.3421441616
0.4553180758
0.8026347533
-0.2907814983
1.166876173
-0.01372809485
-0.3581557132
-0.3502203979
-0.5491853848
0.5293498643
-0.4044162706
0.4202610334
0.220598926
-0.3969134104
0.3763417196
0.8633107603
0.5253298955
0.648498705
-0.3162205928
0.9236294515
0.3978063676
0.6884718494
0.09290088508
-0.06018119715
1.179500506
-0.1241499627
-0.2354547748
-0.4667452186
-0.1726215843
0.4070450389
-0.2135907756
0.1008715628
-0.0187269697
-0.1234318765
-0.3711608041
0.2900328759
0.231889427
1.000575529
-0.3164931454
0.3372107707
0.3049865805
-0.04375931313
-0.3858608164
0.3580088914
0.4025614761
0.03489277335
0.7338437762
-0.0195083552
-0.06754079238
0.1055922994
0.1956093146
-0.1677648918
0.2202446841
0.04294319749
-0.01436537877
-0.2556439057
0.2526943278
0.7970905788
0.4694407701
1.302233398
-0.09280467872
0.01877951147
0.01529751811
0.07443708051
0.9383698627
0.1776057128
0.180314713
0.361136831
0.220156521
-0.351070299
0.1025890922
-0.3562498957
0.2251622964
0.6060312279
-0.5265902773
-0.539654021
0.08548600152
-0.4175083429
-0.2446067046
-0.2340958375
-0.01604897678
-0.5027597293
0.4059190698
-0.5308886826
-0.3552665412
-0.5022072658
0.7457865074
-0.3626958091
0.6626937434
0.5339308988
-0.641996754
-0.46791244
-0.03376185503
0.3350171833
0.1399353121
-0.1937301274
-0.2783253305
-0.03383248597
-0.2685858477
0.2375753013
-0.04580658562
-0.3018094193
0.4668571994
-0.3343485549
-0.06852560267
0.6148200672
0.2311911695
0.1742542591
-0.07231089007
-0.1798656527
-0.04661273547
0.4020885652
0.3043421485
-0.09026631131
0.5218319004
0.03118463345
-0.1678059125
0.2316483513
-0.284030544
0.543507839
-0.2187766289
0.1093869791
-0.3268888406
-0.166837348
0.6072511703
0.1979302216
0.3232399248
1.337083548
0.4368048288
0.02930733212
0.4060938832
-0.2918745674
-0.1050492652
-0.1320456371
-0.1896805443
-0.1919791067
0.140909549
0.4140113793
-0.04146701903
0.6759329665
0.2503867004
0.09071724666
-0.2076464916
0.226937063
0.535767973
0.6278860163
-0.2948345087
1.763125068
-0.44476666
0.3775236428
-0.3323787052
-0.01883428607
0.2031196558
0.5509271085
-0.01300305072
0.4146376558
0.6128773108
0.4328472985
-0.0413909697
-0.3983678535
-0.3564251766
-0.2543614168
0.8083034432
-0.2959190389
0.07707780525
-0.437423116
-0.4258831251
-0.04841397423
-0.4510458082
-0.2440950681
0.1387106211
-0.1499416179
-0.01398146767
-0.3487929188
0.3840456666
0.589930298
-0.04776902162
0.03409932628
-0.2472522046
-0.257882008
0.05939029939
-0.3254657194
-0.3457041122
0.3114522269
-0.2623594156
0.2224194253
0.3662153475
-0.522884487
0.1491461569
-0.1622763073
-0.3360002017
0.1399133611
-0.08729837481
0.03574427925
-0.04310002783
0.2636850706
-0.3571236223
-0.2847921785
-0.1814326736
0.1197593121
-0.3591324329
-0.1141577095
0.04561295775
-0.3865648024
-0.1174185058
-0.3700206392
0.3300213855
0.6758003052
-0.1281738874
-0.5042316154
0.3018010847
0.7773895998
-0.4844006956
-0.3274652364
0.08667528257
0.2166276747
-0.3781619027
-0.3064526342
0.1190665601
0.23873218
0.4455790505
-0.5345909171
-2.491716295e-05
-0.1727895735
-0.0908229772
0.08343519559
-0.2426790081
0.008796875179
-0.3025616407
0.3121657358
0.6488165885
0.294771003
0.05051014367
-0.1148164803
-0.4550244801
0.0601716144
0.08290167851
-0.2956233103
0.06415283922
-0.1213846174
-0.3414275736
-0.4318173692
0.413153771
0.7655627519
0.587685927
-0.3703486949
-0.1368020751
-0.3230200885
0.1448883634
-0.2090592764
-0.2718309363
0.401140805
0.2577844702
-0.01347524002
-0.1053949337
-0.5128037691
-0.2077834126
-0.2426137954
-0.3487402111
-0.3528759535
-0.2801768206
0.03964359695
-0.1744079767
0.01607814236
-0.6558746457
-0.0253094641
0.1050262885
0.05253518
-0.1829650402
-0.2205159286
0.6519814081
-0.3333491441
0.07745941505
0.4330146177
-0.2814135272
-0.2469894508
-0.09060404804
0.05028399676
-0.2534432996
-0.2702232905
0.5790641997
-0.4418147892
-0.1938242661
-0.1748611402
0.2966004603
0.5951676503
-0.04044374339
0.5575835239
-0.2951861084
0.2538159173
0.09333442226
-0.3636031
-0.378373714
1.022415977
0.294465556
0.1315943576
0.0367448898
-0.100004312
-0.2852374559
-0.2666674275
0.01696491279
-0.3165243696
0.2178992162
0.06405611215
0.08326692907
-0.4959129706
0.7416473705
0.4394298182
0.3261013225
0.1209778951
0.9569894282
0.5260541663
0.1087155073
-0.179005162
-0.3414402701
-0.04618725292
0.05582659775
0.4496239172
0.1520392191
-0.2852970954
-0.1789623678
-0.09974568076
0.8290771447
0.02580486201
-0.1585555706
0.5544282575
-0.05616273936
0.3342227324
0.1306813721
-0.1860619521
0.05842712466
0.856191675
-0.07441477459
0.2712485116
0.336758339
-0.2671938013
-0.06041424032
-0.05075533874
0.2298885394
-0.316787985
1.047277542
-0.3376355767
-0.3109763823
-0.3001569465
0.2348508127
0.3700818844
0.6643501189
1.770716757
0.1350228947
0.4466509878
0.3939975561
0.7427209578
-0.0431657136
-0.1851807738
0.7076051854
-0.1048627896
0.4051980712
0.3487450227
0.2401712596
-0.08433129396
-0.1197027244
-0.3153247904
0.01702527478
0.2406392712
0.1358633256
-0.1235549219
-0.04998893365
0.2761731178
0.3222443296
0.09453332126
-0.0223182451
0.1631599521
-0.06604204997
0.07396422075
0.0002846889198
0.04435760491
0.9380941743
0.5088645659
-0.1698086865
0.0851939342
1.115588968
0.1093401255
-0.1248927919
0.04297027662
-0.002721413784
-0.1584752355
0.06165794265
-0.03548503835
0.482786951
0.0809173841
1.524862805
0.3756708376
-0.2189876569
0.1584667664
-0.1160331868
1.082321543
0.5836916141
1.458916393
-0.07527267309
0.09269565595
-0.1923493432
0.1519510517
0.2739649259
-0.2327754937
0.03263706714
0.515029453
-0.1271749196
0.1400151741
-0.2259985026
0.2680234705
0.486204177
0.8239415914
0.08395310771
1.136560845
0.420373752
-0.3173735475
0.1456734207
0.3085072421
1.184111835
0.548199733
0.6544348113
0.2776516972
0.2913429748
0.1163660106
0.6349204793
1.278459363
0.7646769375
0.01350112818
-0.1089993658
0.3593312413
0.1553646656
-0.1269479129
-0.3236339152
-0.368190093
0.4651301924
-0.355546876
0.505832237
0.504013817
-0.1452297326
0.2014797902
0.19114381
-0.1016958166
0.1439687004
0.2225516073
0.06802216396
1.289033526
0.2028791812
-0.3303050607
-0.5382478082
0.1678545503
0.5203139319
0.1277553407
-0.316065339
0.05494907498
0.01650877548
0.866750462
0.5473243864
0.5943627417
0.01743664257
-0.3379119433
0.4539896727
0.156024712
0.9633547097
0.5215551704
-0.2746549115
1.19309715
0.0660623908
0.8026432494
0.417802038
1.005476566
-0.2588915959
0.127349192
-0.003492095321
0.06445913538
-0.1101993582
0.8165893421
1.31270634
0.5144502204
-0.3096509632
-0.1058694043
0.20965352
0.09334424101
0.1680862434
0.4200605683
0.4580503618
-0.1062895359
0.3901817111
-0.04877605634
0.70537505
0.2374577892
0.0235949738
-0.2616854507
0.1110243184
-0.2012636252
0.8357580706
-0.456919001
1.035728207
0.01484196708
0.6548583534
-0.1312308074
0.08927431265
0.1866390066
-0.04085325282
-0.09092482198
-0.305219309
1.194181986
-0.305347836
0.2774533814
-0.3745641649
-0.04360817727
0.01353645083
-0.3153650772
0.3235614093
-0.3940123096
0.2590451399
-0.360070461
-0.3859705552
-0.1616746433
-0.2625861466
-0.2562184064
-0.01005144306
-0.04523275867
-0.283334779
-0.1312326482
0.292989306
0.1588979438
-0.2226429567
-0.4032140516
-0.1905417399
-0.4826367512
0.003965691943
0.5474995181
-0.3380511981
-0.001769236708
-0.138981872
-0.3716031604
-0.08195420094
-0.5413498826
0.4296081996
1.748684865
-0.5535462782
0.03372226302
-0.1454521565
-0.7391296357
-0.4148998059
0.205679662
-0.1824100599
-0.1094248721
-0.04752662578
0.228631594
-0.389067594
0.2525979743
0.3134178609
-0.04192714095
-0.02572845928
-0.2291490678
-0.2184122704
-0.3493721314
0.4363764115
0.07370272637
0.1024909568
-0.3453664314
-0.1813410353
-0.207131131
0.2245648216
-0.2452259663
0.7508168682
1.139359329
-0.3899747863
-0.19945694
-0.3495901473
-0.2632226311
0.09283161731
-0.09704084303
-0.2676241688
-0.4760306872
-0.3835640475
-0.5540120453
0.07896020049
-0.3515731476
-0.2875028722
-0.1553665392
-0.4410477377
-0.5010653481
-0.3872061744
-0.09672390092
-0.06743993498
0.1592488497
-0.2474435419
-0.4619439095
0.2716224033
0.1552453429
-0.2294521503
-0.6354623623
-0.1394593879
-0.2004128978
-0.08228978924
0.2588448713
0.1608049555
-0.08041188307
-0.2030555606
0.1071723586
-0.05220177341
-0.1498487292
0.4142355303
-0.1288659731
-0.1821515391
-0.2004747599
0.4536736045
-0.02271289921
-0.02914579762
0.2108674986
0.04553069314
0.1991344985
0.4280107828
1.001381311
0.6560852148
-0.3448015049
-0.4133424148
-0.0081205694
0.01024462441
-0.1356247447
-0.02302504964
-0.1808878878
-0.3511536147
0.141459441
-0.02650086591
-0.2069673091
-0.4944170944
0.3441116911
-0.1472056913
0.2376837043
0.1602841411
0.3822630752
-0.2359048557
0.7521588989
0.8880595529
0.3245632919
0.6178348716
0.3835746425
0.3815517701
0.2774098953
0.1663974814
0.2769257151
1.062089674
-0.1905239132
0.01914239228
-0.1663425736
0.2389560468
0.07767678797
-0.6561157539
-0.3163814425
0.03055129289
-0.403578414
0.02913549077
-0.07080717012
-0.198043273
0.03096417817
0.06405960321
0.9851901375
-0.01943393648
0.07624232983
0.148206827
0.2900122445
0.6284083594
-0.3685380872
0.08943430483
0.1828136241
1.439181185
-0.285876571
0.2120469457
0.3628100768
1.004378182
0.2001170918
0.3988740575
-0.184625839
-0.07337165959
0.09605235178
1.295613754
-0.4257510737
0.1732056924
-0.1468765538
0.6080797434
-0.09869639315
0.5442876223
0.651095368
0.52918428
-0.199955611
-0.2072304059
-0.4822585423
0.4313335568
0.1768270122
0.1578623511
-0.2496656962
0.3865850396
-0.2359604949
0.1600324854
1.188740997
2.006833595
0.04509752449
0.07637499981
0.2002592681
-0.2091672344
0.04851597622
0.1813994685
0.6594290167
0.4607700389
-0.3233119234
0.3940410748
0.9801587794
0.5390060984
0.3714072004
-0.1789212573
0.1395727057
-0.1463696711
-0.1534863375
-0.2358067229
0.2055622121
0.202720478
0.4718547679
-0.3209932484
-0.06602140982
-0.2611679202
1.093730482
-0.5797148049
-0.2094827542
-0.3916989479
-0.05729434756
-0.2756634161
0.1129013265
-0.1007388809
-0.1995025285
-0.1969552018
0.5026874617
0.1877866827
-0.4546696678
-0.1213082097
0.2612712204
1.056199849
-0.02112221196
0.1013430584
-0.2174412876
0.06021851702
-0.03796435967
-0.1820808455
-0.09447739348
-0.2058316488
-0.2557352595
-0.2971234582
0.08944275901
-0.1328407144
-0.4150159463
-0.337138658
-0.2278433943
0.1508435904
0.2373930369
-0.3953159437
0.4757750884
-0.2428212821
0.7368841082
-0.3570721235
0.9011020124
-0.09292547014
0.5318429098
0.4740476999
-0.1123908365
-0.2133696381
1.17836524
0.7782342717
-0.02029188462
-0.03981390819
0.03759617824
-0.09193478748
-0.2549989216
0.6181018822
0.2349872191
0.4828831954
0.1248230018
0.643706803
0.09475019369
-0.05802138792
0.04332232275
1.680384052
1.161563596
-0.1913900701
0.06181483814
0.3380026454
0.3663742397
-0.07096103765
0.06273210179
0.498251231
0.558526279
-0.3305741157
-0.618486654
0.2116614927
0.4072212305
0.08439438553
0.06416555615
0.4213868432
0.4758262224
-0.1708751753
0.3453530184
-0.0479618473
-0.1544059549
0.3683542363
-0.06991359657
-0.2135702357
0.0006145592779
1.182381538
-0.00410762988
0.2309069725
0.9846495286
0.08265655222
1.156503288
0.4195719333
0.01520767417
0.2041527437
0.823872219
0.279587513
0.5386473041
0.1581286068
-0.5104918525
-0.4441205621
0.2796834657
-0.110176261
-0.6514172859
0.1253564542
0.2309140524
-0.4364777602
-0.1400583298
0.6171525862
-0.1822886724
-0.1225649465
0.5460878164
-0.05198035426
0.5769718698
0.1548047874
0.02952057724
-0.29392929
0.3502895087
-0.5205183536
-0.592397064
-0.7741654083
-0.1662817206
0.02362576814
-0.3841010697
-0.5520106822
-0.1368663728
-0.210097363
-0.1399715294
-0.195567964
-0.3241221845
-0.3991039842
0.06184884179
0.3286764016
0.04423147496
-0.1559514437
-0.2141169419
1.045404783
-0.3959432893
-0.0887734401
0.4300994854
-0.1029594416
-0.3229294848
-0.3022751302
0.006516626105
-0.08508776561
-0.05924534909
-0.2231951712
-0.405571951
0.1770043602
0.07535642721
-0.2788101889
-0.148226472
0.2933386581
-0.2422181994
-0.2992448272
-0.2331526458
-0.3832093284
-0.4673000261
-0.2286951376
-0.5636880346
-0.1788749831
0.2590567961
-0.3236861929
-0.2390326066
-0.1726620523
0.1502796222
0.09380817264
0.6926755831
0.09697828321
0.03669721875
-0.3055251278
0.003094190545
-0.5022973835
0.5250224302
-0.09861754645
0.5449431077
-0.2068447731
-0.4321602926
0.08298695572
0.3372065406
-0.4415826783
-0.424650231
0.2996861016
0.1538268639
-0.152701092
-0.2841388393
-0.2025763657
0.2305705849
0.08006524444
-0.4083674185
0.3449790593
0.1032506783
-0.2720515627
-0.7179142773
-0.3540659619
-0.218958557
-0.499986128
-0.4264709977
1.43628782
-0.268594062
0.1896673221
-0.488350521
-0.06365754772
-0.008637279272
1.008261981
-0.02505066805
0.2566856079
-0.2627281327
-0.1202746265
-0.2856192976
-0.2516495265
0.3028166998
-0.1888909101
-0.01187433489
-0.4726425111
-0.342932359
0.1166738704
-0.2026712269
-0.2963490629
-0.3058734246
0.1475550352
-0.5376192324
-0.3811618257
0.03371659382
-0.3693941906
0.04511096701
-0.5314310819
-0.05730495136
-0.1546537528
-0.2679003403
-0.2320709679
0.06658989713
-0.1437826566
0.5199372351
-0.02438690253
0.8506924212
-0.222327507
-0.3438794614
-0.126263565
0.2040252833
-0.120843764
0.1537227042
-0.02044351604
-0.3823858067
0.110210352
-0.1440175043
0.1034317078
-0.2378103975
-0.02213023156
-0.1334106751
-0.3530828537
0.5697500192
0.06897309292
0.4378768824
1.316050901
1.054782866
0.02034220034
0.4822185228
0.08663499728
0.4106031084
0.1295547785
0.2421518669
0.1843562523
0.351978361
-0.0655416091
-0.1105931961
-0.1675828382
0.1606066763
-0.2295522987
-0.2811274027
-0.2649730347
0.02769693434
0.2946964654
-0.02776818126
0.4593401596
-0.1698991273
-0.230918679
0.2119396927
-0.153224119
0.00195088312
0.4208457932
0.5210538648
0.1298898529
-0.1243482256
0.1963829553
-0.04388584979
0.1674279807
-0.04583737813
0.4942926569
0.09076647162
-0.02587870322
0.4578889119
0.1068460846
1.267273638
0.9230384029
-0.4161134064
0.408540423
0.768304909
0.3545096923
-0.1443101928
-0.292969035
-0.3329447284
0.6170668229
0.6609645911
-0.1949480031
0.3644248489
0.6593298346
0.08796187714
-0.3185192093
0.1108918527
0.5999643765
0.489337505
-0.07484751511
0.1463715497
0.8022458434
-0.0831416728
0.5443232715
-0.2774057303
0.9546257138
-0.2926664775
0.1308458008
0.2787074669
-0.5073043734
-0.1031113183
0.3469504803
0.7520905001
0.09783760752
0.5686693875
0.8956361253
-0.2860628023
0.763502638
0.4912293565
0.5066129675
0.2399396127
0.5610624157
0.6298316188
-0.04570719842
0.4080330282
-0.03173447903
-0.03927385099
0.579322193
0.541713769
0.27992092
0.01954354781
0.04474850781
0.4320592031
-0.04328122679
0.4739314355
0.01928216182
0.4786824048
0.06418391964
0.4923046759
0.06801852323
-0.1163107339
-0.1293658275
-0.1271314226
0.5961354122
0.6307734033
-0.2922569789
0.1806398487
-0.3463842489
0.1587008099
0.4962682525
-0.233902169
0.9110318393
-0.04923022306
-0.3900498874
0.714970313
0.0632599513
0.3455497265
0.175578854
0.3014993675
0.09036276946
-0.2316587916
0.3820852432
0.1482318253
0.4022725869
-0.0300551679
0.3228407003
0.202109087
0.4013911463
0.4585192561
0.6401739445
0.6553239051
0.3779398125
-0.2208299868
-0.08886219971
-0.305188515
-0.2460741283
1.096080896
0.01139237341
0.3424829089
0.5686934292
0.5138705589
0.01113682091
0.6087724578
0.06724166153
0.4395823278
-0.1152142427
0.6630297706
-0.0111219056
0.6537068442
0.2582362927
0.5241990682
0.7443691466
0.0999067504
0.4347393572
0.1862070732
-0.06662355596
1.641492641
-0.3549212191
0.8593349844
-0.07872599473
0.3071799457
0.9642818943
0.5366510451
0.2643994305
0.5417832479
1.210343666
-0.3579982962
-0.3403723925
0.2931564411
0.1522994202
0.2093214162
-0.2399405636
-0.7290352032
-0.02904163804
-0.07206802722
-0.1498559184
-0.002471586317
0.2458327835
0.1661313933
0.3818592589
-0.2521424171
-0.2770658517
-0.3009273678
0.3254338317
0.5334229715
-0.1216630522
-0.4115840867
-0.1405934958
-0.07152884416
-0.7754836448
-0.173445629
0.6161002241
0.04854185469
-0.0458472088
-0.123266292
-0.2721676806
0.04162807548
-0.1651638354
-0.2633683865
-0.167359324
0.8276512198
-0.4250515494
-0.01233780854
0.2497572316
0.3138620762
0.5379287302
-0.3513771959
-0.07981796246
-0.1145757996
0.2440646231
-0.2397162914
-0.2410122877
-0.0689098211
-0.5289294943
0.3580848281
-0.09848879296
-0.1070023917
-0.380753772
1.604904419
0.2904887654
-0.03577574007
-0.3808835112
-0.2405868232
-0.07856079144
0.9855765671
-0.3134046704
-0.409212051
-0.129188887
0.03903606236
0.8100697014
0.3901600003
-0.4136393722
-0.5156806774
0.01023865314
0.3638228919
0.06198181179
0.2175500516
-0.2688554678
0.2429492041
-0.3461953886
-0.09247088358
0.8361864418
1.157748947
0.5610210948
0.0502943933
0.1407376301
-0.6371112399
0.4012999212
0.2441361699
-0.08644321938
1.105855894
-0.1623944935
1.588303295
-0.4863954142
0.2039159458
0.06603816915
0.3012208603
-0.3925295956
-0.3208444512
-0.4232402988
-0.2542637511
-0.4449419007
-0.01046648454
0.05727187553
0.08626006953
0.002992068976
-0.2573679015
-0.1882676567
0.7960238749
-0.4135985121
-0.0784394756
-0.2175278811
0.1530176954
-0.5998463295
0.9597673878
-0.2604677029
0.554609354
-0.2007685876
-0.1555689296
0.5119908847
-0.3967238098
-0.233822616
-0.09115802371
-0.3633330407
-0.7450462177
0.09110324401
0.04261909798
-0.5267554477
-0.008463541232
-0.3586985543
1.054045704
0.2157389104
0.2792302207
-0.2172956735
0.1058278464
-0.2102865642
0.6708267786
0.3469825411
0.05168719199
-0.2905346945
0.267637137
0.7642764645
0.05250957906
0.866714076
-0.02801728472
0.1839203188
0.1169211246
-0.3530912802
-0.1670573782
-0.01372119468
-0.04323322689
0.183689235
-0.05660026683
0.2510408253
0.2878934607
0.5410251308
0.4592987433
0.08720182925
0.171231753
-0.2686838374
-0.1907816196
0.5076896364
-0.1842865932
0.08964467645
0.4454990238
0.1096418753
0.5473747857
1.112607609
-0.02988019865
0.9765631914
-0.3490640879
0.240238734
0.1796680311
0.330961486
0.8152304888
-0.1167979196
-0.009016609192
-0.2415122431
-0.02981591485
-0.1018835679
0.4112392448
0.1403441753
0.1542399094
-0.1001169196
0.3722679984
0.2671563337
0.3178747959
0.1877964934
0.1313268345
-0.2607923128
0.5110479742
0.09808548
0.4480729014
-0.03633167334
-0.2963551365
1.1904165
-0.7271831617
0.293130813
0.1030014591
-0.3815648608
-0.3732667532
-0.3878125276
-0.06854351703
-0.6087956145
-0.847738272
0.6399976799
-0.3174041443
0.08057768047
0.05602225922
0.01531677525
-0.1256131548
0.2317140935
-0.112241043
0.1053417437
0.944466117
-0.07468619742
0.2969093528
0.2423810139
0.05700762682
-0.08726423159
-0.0995808363
0.5362248711
-0.1100948064
0.08659143467
-0.1075775107
0.484246657
-0.3739268001
0.5800035099
0.2126042272
0.4567784734
0.08022853248
0.1616336282
0.2072871326
-0.4027104113
-0.2431905543
-0.304613553
-0.2201366965
0.4699382428
0.3797026232
0.5727332778
0.5699938126
0.2662967257
0.6020515129
1.104411079
0.339444246
-0.1412950434
0.5699911863
1.261546996
0.04843313508
0.008345486969
-0.03015650716
0.1531900542
0.1535738188
0.8583713815
0.0853425567
0.1932530409
0.7738019764
0.2362298534
0.9406158462
0.3162940875
0.2882497486
0.2497950407
-0.2315717719
-0.1142794862
0.04954825453
-0.0828245719
0.02953120563
0.8040727586
-0.4450657684
0.5414477631
0.1014916517
0.82600732
0.2659821579
0.0652672343
-0.3637122147
1.300395179
0.4975362711
1.29192192
-0.4598905865
0.03367897309
0.6030181507
0.7603427246
0.02817917326
-0.05002854094
-0.2859981212
0.01249820511
-0.5075627886
-0.1839277305
-0.3394852024
-0.2458284661
-0.1578165263
0.2031373789
0.1906222247
-0.361132694
0.3081832029
0.5971614599
0.1498247318
1.058973196
0.5329170182
-0.04936654773
-0.1371642755
-0.05815401655
-0.2034656453
0.3115071464
0.4357698932
-0.1051442971
0.4179833308
-0.4135268457
-0.1869187504
0.3132078355
0.07972475514
0.0233200321
-0.1172156496
-0.05749391355
-0.2681263842
-0.3922106087
-0.2160978951
-0.1100617498
-0.1403628759
0.6292216584
0.3021484247
0.1934104564
0.3879004963
-0.01771749891
-0.3771691822
0.8124335811
-0.1284392616
0.1115517908
0.2322073113
0.2981294503
0.4580293649
0.1259079048
0.4898855247
0.2479402853
0.5291065473
1.49982619
0.2564266579
1.57754786
-0.1245960156
-0.1239421943
0.7148939148
1.517166671
0.8175654128
0.05671333969
-0.126493133
-0.1873178657
0.9310538262
-0.3556347951
0.2366708379
-0.1644164775
-0.3587092832
0.2260543305
0.9224804044
0.008265633415
-0.01163738668
0.3312526854
1.23214405
0.5920385148
0.7817979563
0.4967847199
0.2535277393
0.8180770412
0.2704411644
-0.1892502967
0.1940424501
-0.2074769376
-0.4359124474
0.4762661446
-0.2494031139
0.6623834759
-0.2076060124
-0.4544751488
-0.6941739038
0.1779401179
0.238578315
-0.3164131753
-0.07093097139
0.4912681364
0.6269058846
0.2441578718
-0.04319168571
-0.5611676097
-0.378698279
-0.1621340837
-0.5068429537
0.1046176245
-0.04236417115
0.02856930606
-0.3304814018
-0.6094939306
0.416791544
-0.4160430625
-0.4496192358
0.3011168092
0.180932301
-0.1428538326
-0.06210274734
0.2942230407
-0.2753268657
-0.1498701997
-0.1316748261
0.3811038865
0.05538550746
0.005047700927
-0.1199697217
-0.4624588653
-0.007113847509
-0.2921001822
-0.2513987161
-0.09415593781
0.4875155151
-0.03023673929
0.3796075407
-0.3256090609
0.5216871284
0.2085937712
0.1371140555
-0.4576223539
0.3330214117
0.4219107233
-0.2232652701
0.7193339154
0.1501179137
0.04614125621
0.1902320124
0.4503240675
1.241175863
-0.04651884325
0.2261805139
-0.6381988555
0.245439296
-0.2783774005
-0.230074355
-0.2482158566
-0.1279274289
-0.2682080241
-0.2062597476
-0.6973191135
-0.1252139225
0.3924088672
-0.1260105327
-0.2460179115
1.018645936
-0.4542752728
-0.0375485668
0.1476512469
-0.1592816001
0.282537807
0.9165684097
-0.01045366861
-0.2660350665
0.7632481435
-0.588089915
-0.3960249148
-0.6405020967
-0.4797864065
0.07321111923
-0.04585452061
-0.3934316233
0.2694309067
-0.1508403108
-0.1015557721
-0.2844373129
-0.1186597221
-0.6655186132
-0.06729019757
-0.02973878738
-0.03442660519
-0.04766551033
0.01202592412
0.07269739257
-0.1776051281
-0.06951624565
0.3233100396
-0.2498503104
0.2788912011
-0.3071029082
0.5666264607
-0.01934253052
0.6206492636
-0.3143965837
-0.3879305301
0.3937370468
-0.1809666902
0.2009836832
0.3412413755
0.5012582924
-0.1446125138
0.03384018671
-0.1514371209
0.3979704875
-0.1422742863
-0.1550536601
0.4340984523
0.4702464256
0.3389588773
0.5641695477
0.4551524006
-0.2801031336
-0.3149120845
-0.09342368776
-0.2740659494
-0.1012877718
0.4506167405
-0.1244086102
0.4992490551
-0.03607008168
-0.1854478102
1.459970391
-0.2573736828
0.3067865372
0.4263857722
0.4345835477
-0.281770676
0.5742793627
0.2802598095
0.3240028147
0.4548683301
0.8587233908
-0.1428098507
-0.09182569515
0.08704284104
-0.1634938879
-0.3413595907
1.096542586
-0.1116852764
-0.05662209913
-0.05675475635
0.5018739633
-0.1915483003
0.1152955216
-0.3215113178
-0.2308055826
0.01250717212
-0.48133443
0.5827670258
0.244543625
-0.2153370883
0.2909109179
-0.2582656339
0.4249938622
-0.06148961782
0.5316053398
1.129963633
-0.2154517606
-0.2757687304
-0.1366059812
-0.04695178419
-0.18967099
0.05630121636
-0.2104747884
0.3205920584
0.5620739449
1.315755954
0.07535412833
-0.05501845181
1.202954224
0.8706851475
-0.1407649092
-0.4947230831
0.1750867516
-0.07231079992
0.4777788486
0.4013411723
-0.3609975901
0.1766979671
-0.2376110273
-0.1385065207
0.1716586916
0.1774493419
0.1974475056
0.07444066405
-0.04355321676
-0.4403012194
-0.3140792813
-0.4221111747
-0.001652523968
0.446118998
0.5614115596
-0.1399470486
1.389449038
1.384217703
0.5794678677
1.169638309
0.5847703513
-0.2486997893
0.3390813424
-0.365841262
-0.003294141032
-0.3581755146
-0.502589415
-0.1146877371
-0.1292925689
0.4345828328
-0.1136503389
-0.2473597391
0.3454278048
1.033957867
-0.2230355848
0.4040076111
0.2720171994
0.6436489917
-0.1292570235
0.5580407389
0.2748652
-0.3049028352
-0.3369057983
-0.105095304
0.5620175658
0.01114849458
-0.1804802126
0.6600704832
-0.3518471286
-0.09984982666
0.1998789173
-0.3281719267
-0.03867546353
0.1748107295
0.1029450914
0.2965449162
0.601731631
-0.06502508018
0.4093183907
1.132428825
0.04387843246
0.01498351283
0.8652319796
-0.5223406181
0.4313129582
0.6545375377
0.06894808011
-0.2540252535
0.1311203513
0.4971153453
0.01724804677
0.4433518996
0.1985993896
-0.01371441074
-0.07815997889
-0.0976031024
0.1615609337
-0.08464124035
0.1695955317
0.8416760139
-0.2193804868
0.6241173208
0.4003432818
-0.1831153773
0.5504728779
0.2863286486
0.07205697671
0.8628244765
0.2836862177
-0.1523511674
-0.4476783041
-0.1717887886
0.5312547468
0.2184027318
0.03715571426
-0.09594778763
0.9798219055
1.34573821
1.044870801
-0.01594824754
0.2281020746
-0.2380421914
0.2243966613
0.5456580495
-0.1585048344
0.5032464907
1.191753897
0.1500634108
0.9558187358
-0.7109946072
-0.5107217506
0.2739663714
-0.06720584482
0.03828901649
-0.4334056914
-0.1136968955
-0.2300459066
-0.1199954517
-0.07244443558
-0.370436576
-0.2485203132
-0.05323804943
-0.02331844717
-0.1054292741
-0.3310310752
0.04284151765
0.2773351703
-0.005241617048
0.00871386379
-0.2095283594
0.02688815817
0.006775156874
-0.3503691249
-0.3310178824
-0.1001874726
-0.2395431872
-0.2775187142
-0.1829437975
-0.1398908974
-0.4765352175
-0.3198053913
0.1454842839
0.2165459014
-0.1160639193
0.6961936914
0.247813944
-0.2101491481
0.2939570261
-0.1118099588
-0.3639619306
0.008553382754
-0.2541741997
-0.1651743108
0.1960347278
-0.433459945
-0.3070139714
0.1613249699
-0.6810883269
-0.1458895551
-0.426286876
0.3996836632
0.2644419132
-0.08970171772
-0.2714708325
-0.05199601701
-0.3881768897
-0.3373940304
-0.4432700656
0.5032810511
0.02261064611
-0.1793677526
0.06173967142
-0.03410621118
-0.7292523906
-0.2468910795
-0.3611638762
-0.4448137473
-0.09687177278
-0.2848152999
0.1794222392
-0.3142909564
-0.2736868994
-0.1926933294
0.08712512678
0.1678915206
-0.3334842909
-0.2347922267
0.1812141982
-0.236142613
0.117503066
-0.1003705516
0.04553887472
-0.295279716
0.2435160194
-0.176275244
0.5255788511
0.03087655399
-0.4089836806
-0.2257297121
-0.5375705227
-0.5286141843
0.1350907859
-0.4863542698
0.3465049258
-0.5165366411
-0.0004774276167
-0.6420436352
-0.1695167013
-0.3283851061
-0.3295973174
-0.3102710132
0.2486858632
0.2947027402
-0.6377631247
-0.4405393198
-0.07878508165
-0.4878283203
0.155939112
0.366375795
-0.04572962378
-0.08895456847
0.1315009814
-0.5243909962
0.03033907246
-0.2740064524
-0.4625838727
-0.1889503386
-0.1654682413
-0.1160232972
-0.4391756006
-0.4696474083
-0.1440227389
0.8385688007
0.4135193944
-0.4851519331
-0.2915612422
-0.3606093371
-0.2688481329
0.8294119626
-0.05300354559
0.4019013487
0.2661306016
-0.3941870973
0.0195345507
-0.3718927704
1.357677215
-0.4514528155
-0.4090729482
0.1808973435
-0.3876379862
0.04831987433
0.08577862522
0.1892546019
0.3367982108
0.2670646258
0.5975048225
-0.1806976557
0.2048019607
0.357301669
-0.1713816013
0.4613831604
0.02328653773
0.1566489959
0.6509715997
-0.3906346172
1.689350671
-0.5082509266
-0.6039592253
0.1696894066
0.09936538478
-0.2147260573
-0.1142424911
-0.4802751213
0.7437897407
0.4988914475
-0.0801121518
0.1457395785
0.04586852812
-0.2516025862
-0.07020727675
-0.2592313189
-0.172461433
-0.5033476099
-0.3330883306
0.2794906266
-0.3006874636
0.8474540085
0.2405910343
0.9360475842
-0.1947682329
0.6520861454
-0.2744754069
0.0396773004
0.07912046872
-0.5798119172
-0.5211596894
-0.2192295138
0.1045210266
-0.2202150159
0.3600224216
0.08284772951
-0.0770739235
0.3690282673
0.5771069001
-0.1294926438
0.5825728184
0.2588600833
0.7578414336
0.09849425703
0.2335906683
-0.4434655778
0.6325589046
0.6318232683
-0.347307919
0.3312737266
0.08134328369
-0.4059857111
0.06359498873
-0.3976417899
-0.3278738022
-0.4701644093
-0.1836726474
0.8205625065
0.0185273651
-0.05736711547
-0.1588542806
-0.3837951785
0.3173882376
0.04764851583
-0.3040323304
-0.4376013801
-0.03145406321
0.02825491941
0.3069635704
-0.1270400035
-0.3890551627
-0.3400574826
-0.0983579387
-0.2252259664
0.792816405
0.06128034275
-0.253305129
-0.3726137802
0.0120841959
-0.2007134745
0.246230291
-0.2018809579
0.2440667532
-0.2270887053
0.1385607007
-0.1719954453
-0.3467314415
0.1157404871
0.1610215336
-0.1634209216
0.8970390469
-0.07709070742
-0.3474461835
1.044695449
-0.275795126
-0.6572214693
0.09952590242
0.8476554185
-0.5114790931
0.3634776227
-0.09990352811
-0.4367047781
-0.4553169027
-0.460531521
-0.1567754997
-0.2290630493
-0.2911498807
-0.2821983196
0.3784087043
-0.1213586194
-0.3312217504
-0.06552425092
-0.4709677335
-0.1638431616
-0.1612866361
0.3646561474
-0.07947314046
0.1282460609
0.5116674976
0.2538057532
-0.1421876859
0.03429106176
-0.3041644663
0.1221795911
-0.3260993388
-0.1141625376
0.04929513279
0.1393312031
0.1103827007
0.291054292
0.6820243686
-0.1703556687
0.3351481862
0.06882177405
-0.4454839448
-0.234994645
1.077212009
0.7428448588
0.07148367316
0.09370127358
-0.3869906437
0.06224409007
-0.2917969637
-0.2611671346
-0.3226565644
-0.1170585247
-0.3314179495
-0.2036338361
0.5465615451
-0.06758804917
-0.3503682211
0.6708568886
0.1642693141
-0.002269367315
0.4748601705
-0.1694804475
0.1218633986
-0.3766264498
-0.365750947
0.1791313841
-0.3861464113
0.2938885277
-0.1611156037
-0.2556222111
-0.2442323664
-0.02941789441
0.09862563545
-0.5240117863
-0.626211454
-0.196773842
-0.2216782719
-0.1616772247
-0.2815637544
-0.2530233696
-0.409503065
0.07831920534
-0.3953178752
-0.06290064305
-0.3420000784
-0.4463452905
0.2293681063
0.1130587093
0.1335357215
-0.0247887997
0.01624552533
0.08410238475
-0.1488858494
-0.08132700929
0.04562736526
-0.3554482199
0.248185866
0.1930867316
0.3288721712
-0.1747793818
0.1675003469
0.5667292565
-0.2534643538
-0.726676926
-0.3516552962
0.7902821066
0.3443269275
-0.3091793556
-0.4883366466
-0.07976580337
-0.523046831
-0.3696707461
0.1098066676
-0.4012529165
0.4853471063
-0.536323382
-0.0797555238
-0.132025687
0.7071565077
-0.3964583687
-0.2389491409
0.8176165789
0.2404518574
-0.1064411763
-0.2200654307
-0.129532953
-0.4392476419
-0.4255709762
0.09328074027
-0.1084280986
-0.2260421046
-0.1450239213
-0.26315194
-0.3838700749
-0.4487373997
0.01104683541
-0.02585337721
0.2870404733
0.2532347484
-0.1667056416
-0.3179711469
-0.1852653377
0.03225425705
-0.4347969521
-0.4304230273
-0.1574192179
-0.1910180777
0.6251788098
-0.3667789798
-0.461657732
-0.3482639521
0.1921737175
0.3443463307
-0.2884466726
0.3549192428
-0.2979939431
-0.3501567338
-0.1609444469
-0.520612766
-0.3621152207
-0.3741614252
-0.1828206116
-0.3867175817
-0.2548807561
1.323763508
0.1612769224
0.2768926566
-0.4312623769
-0.2294455508
0.008526500501
-0.4148443401
-0.5258082852
-0.1566578906
-0.5997219272
0.2440972748
1.717895296
-0.0974858135
0.5682796083
0.1690873191
0.6136898503
-0.01655958407
0.03209170885
0.5044470906
-0.1643520735
-0.4279672302
0.1368113011
0.03573601712
-0.4411616027
0.1796507895
-0.304433123
-0.3137418624
0.8966387987
0.1501551009
0.3491465552
0.4656846056
-0.6180905685
0.2403386138
0.005033870786
-0.009908137098
0.6030295245
0.08236030192
0.8421759099
-0.4840125721
-0.4102789104
-0.168176664
0.1759956565
-0.2893591378
-0.2729327496
-0.2420670852
0.3992937736
-0.1348871503
0.01392959002
-0.3683937006
-0.360222587
-0.2518074211
-0.1662283201
-0.3722890683
0.04726710366
-0.2391005397
-0.06019048644
-0.03235263233
0.1080154609
0.2205198158
0.1736753298
-0.1211042462
0.008808457665
-0.1063132312
-0.1665758211
-0.4124261878
-0.3109872743
0.0638140928
0.007456993498
-0.04433433563
0.07217825204
-0.2636629116
0.7075072497
-0.07955213413
-0.4508888647
0.3084391456
0.4466845473
-0.4838516552
-0.209965118
0.8633861423
0.3735898316
0.3759383684
-0.004513234645
-0.1877926337
-0.2370242767
-0.1538395571
0.3585930547
-0.2567870684
-0.01091462784
-0.2456712916
-0.4440966375
0.6068510045
-0.2273918828
-0.6078627363
-0.04327960256
0.1178802535
0.4620495416
-0.01284895572
0.4665381774
1.087240139
0.03813263485
1.050083464
0.271367763
0.9018512394
0.3675017467
-0.4872413561
0.7503694173
0.1094798196
-0.3282310829
0.9361358494
0.2699661456
-0.1145378523
-0.03536512367
-0.3845060412
-0.06876799199
0.1674433665
0.2807598406
-0.091239742
-0.1739903467
-0.6392934933
-0.1317614628
-0.3076520111
0.2785864178
-0.1769245882
-0.1394340892
-0.2087134
0.1871525744
-0.4112497902
-0.2955501817
0.2888512403
0.3197394017
0.1405069107
-0.1192670767
-0.0500699174
-0.1007832511
0.5676610294
0.3308060959
-0.3257933713
-0.01846261583
0.1459649665
0.2303767493
0.2777512303
-0.1682158668
-0.1834921783
-0.2624120772
-0.2697901595
-0.2287248164
-0.291721778
-0.4252230167
-0.01637792215
-0.3528458985
0.04681442361
0.03001789432
0.1856380572
-0.1611896221
0.7709222347
-0.2116870215
-0.6213130414
-0.3499354426
0.2299542454
0.2194935726
-0.3241262078
0.1712807517
-0.2282799151
1.434234866
-0.1540802035
0.002858086675
-0.05389549406
-0.02298004096
0.644865562
0.01746791378
0.2884153065
0.5069414586
0.009383049235
0.5052270308
0.1056580856
0.13919267
0.1088579383
-0.1113285209
0.3953289345
0.298242024
0.4353210999
-0.2399561677
-0.1222277572
-0.01993907467
0.170656761
0.1286106097
0.5631897755
0.206945751
-0.4588364195
0.8036458731
0.6701418635
0.1169146961
0.6201213263
-0.09865398649
-0.1646635942
0.3393396132
0.6138096988
-0.187164579
-0.5271099858
-0.1774027789
-0.1910073425
-0.1205602311
0.0884736592
0.6328917116
0.07882087715
-0.02691310421
0.04518986419
0.5327692125
1.626759487
0.02529993635
1.076452821
0.3284937216
-0.1657855274
0.1859160781
0.5733181395
-0.3276693917
-0.02638740614
0.004701002315
-0.2236870052
0.3019001842
0.09921221752
-0.06223124731
0.1643159814
1.344570374
0.258422032
0.244489409
1.315876615
1.435791171
1.629699108
-0.1588992232
0.160984097
0.5528021723
0.332163354
-0.2995384553
-0.003557728045
-0.3006859843
-0.153512883
-0.2005418825
-0.1519212198
0.9405943953
-0.474506779
-0.2217411349
-0.2415809792
-0.3431459829
-0.3433999006
-0.2679962093
0.1238941487
0.7476017805
0.07955994476
-0.3404871311
0.4785236506
-0.01447875411
0.0590688616
-0.6984542802
-0.3179056056
0.3662104158
-0.004764163494
1.289011079
-0.549508326
0.02061772363
0.3601601209
0.1476093724
0.3204431307
-0.4228954583
0.1953208478
0.1602842964
0.4449541517
0.3584865354
0.6883440763
0.3983628817
0.1970110532
0.4386714276
-0.1518267995
0.1726633172
-0.07560898028
0.1933066491
0.25959231
-0.05586450528
0.588417498
0.6117849376
0.1618008437
1.42392087
-0.01077992469
-0.3316795841
0.8649546083
-0.2708954087
0.02748342492
0.4887857504
0.3104208522
0.2262338426
0.3590808741
0.4071573138
0.006280480698
0.5831173569
-0.3367821448
0.2156138048
0.04831205467
0.1517368009
-0.5515098199
0.1510489613
-0.2020565564
0.2022386326
0.4739529302
0.1741260272
-0.2317317903
0.338652106
-0.07308643716
-0.08287724555
0.4813491285
-0.2160176184
0.2118317855
0.9086784631
0.9996711791
0.131496783
-0.2522090895
0.6172513239
1.396131313
-0.005700828601
-0.2913737532
0.1064809164
0.3592214919
0.35582697
-0.4197215542
-0.3647123069
-0.0560634871
-0.08500496391
0.02852973389
0.323595554
0.8529698566
0.5578876814
0.8402464554
-0.155618673
0.518551461
0.3480315208
-0.3441362716
-0.1858715814
-0.2069925271
0.7508795246
0.1908855995
-0.4378671475
-0.08729663864
-0.4734601468
-0.6530370235
-0.6797477782
0.3467138916
-0.2939633831
-0.03564567901
-0.1770854179
0.2186024131
-0.3848432899
0.1710757405
0.09417025507
0.2482682383
0.3702030461
-0.1208565029
-0.0492899837
0.2321606024
-0.1355345059
0.5763424912
-0.008882572316
0.879183659
0.02926171599
0.2566123202
-0.1389027725
0.3058710437
0.7021249648
0.5804898145
0.5433494546
0.38459915
0.3641108155
-0.073710655
0.6558233395
-0.05179863386
0.44762851
1.116541797
-0.1619933981
0.8412471451
1.444704479
0.7841586817
0.4189952925
0.6221434634
-0.1214838227
0.1446831794
0.05656132977
0.09358324632
-0.1756599075
-0.01724861013
0.002763745748
0.4051072709
-0.00422631558
0.02899405826
0.05162495035
0.5589529658
0.4305611748
0.679698725
-0.02828218481
-0.09749705587
0.9382287607
0.09858700931
1.06273897
0.02736263573
1.436573738
1.440369955
0.1649145175
-0.4567186505
-0.1459101533
-0.3458317757
-0.1645491986
0.4973110286
0.1552810865
-0.2829823941
0.01304227784
0.2359032755
-0.1563741907
0.6532043725
0.4975367602
0.1268934598
0.5008672252
0.396358205
0.1941185556
0.2482926349
0.2886620268
-0.03257115148
0.1663139522
-0.2492466733
0.4040375588
-0.2729575969
-0.0212625498
-0.318442351
0.1669314818
0.4374932092
0.2748905452
0.1179731776
0.4483613972
0.7567863777
-0.4899976186
-0.3100443836
0.152968423
0.4521923561
0.2732564021
-0.1270951941
0.2615144472
-0.3445435304
0.2858110115
-0.4603573456
0.6327108972
-0.3934346475
-0.6213802546
0.4013683565
0.1642451981
-0.1035694916
0.5788058832
-0.01348408461
0.7050389919
-0.08321818151
0.2873087483
0.1950184155
-0.5416013645
0.01433414966
0.5566998467
0.1094685283
0.545626986
0.07829303429
1.920071989
0.02767890431
1.260445859
0.0887214575
0.2932097157
0.799819462
0.2191179493
0.1317584324
-0.0426326381
0.2246266586
-0.3747827016
0.7852195755
0.9973357677
-0.02018733658
0.1312568649
-0.1972953705
0.8342447519
0.6092794217
1.12348447
1.021904073
1.295334967
-0.2585207826
0.276940134
-0.3542943697
0.01633034553
0.9175467655
-0.3576818898
-0.09226952968
0.6407165423
0.5202301558
0.1265054167
-0.08196089985
0.4852673404
-0.06699925121
0.4553082809
0.2453424376
0.4941930812
0.8426234558
0.1939036637
-0.2267723888
0.2622569871
-0.2835290723
-0.006816652976
0.4363651082
0.3767523341
-0.1296077468
0.7216762163
-0.1680661866
-0.3249501579
0.1100500822
0.8966887001
0.1382037304
0.9444923311
0.6789285742
-0.09136309102
0.1824640614
0.2357785988
-0.1643939773
0.1492369873
-0.3112207675
-0.4014545262
-0.1360941443
0.6410530649
-0.3936266482
-0.3867754497
-0.02031106614
-0.04663135558
0.4287775218
0.73419846
0.6263324805
-0.0232622236
0.8544494957
0.09860152844
0.4286484655
0.1099054303
1.420331824
-0.04954150356
0.2267169688
-0.02696327483
0.6967552589
0.7816823691
0.3543476269
0.793988131
-0.4491862461
0.2427329633
0.1605430374
0.3269007813
0.8611764334
0.7754011378
0.3218811361
0.06162458565
0.3444309276
0.5326097846
0.7016050315
0.5877050549
0.1905659247
0.4072312115
0.2782323016
0.435066263
-0.1639498158
-0.2823037159
0.2583503997
-0.2484677427
0.4644673966
-0.1658115335
-0.05194103066
-0.2416997641
0.07629578076
-0.01244078921
-0.5579635963
-0.230950956
0.2619160522
-0.1386450807
-0.3255682029
-0.365596468
0.0008904891089
0.009960048646
0.3788449023
-0.08016534983
-0.2666658863
-0.2862253422
-0.3695024705
-0.3350042991
0.1703803085
-0.02773451451
0.005833789892
0.8275862031
-0.405372335
-0.3452470988
-0.2146504015
-0.0807192063
0.6121002011
0.1617052365
-0.4304388002
0.2360024244
0.6966669619
-0.1906425275
0.2561623853
0.5104011267
-0.2728698211
-0.1189711076
-0.1950074041
-0.5928262092
-0.1146129213
0.2506828953
0.4287861716
1.441713548
0.03842604849
0.5217233121
-0.5252412453
0.2536832642
0.3201267351
-0.130566494
-0.1867603332
0.0570011233
-0.3939199973
0.5877410248
-0.4991737217
-0.2492721896
0.5052858099
0.05256963894
-0.1926820485
0.4412386768
0.4089463521
-0.03579992652
-0.17274452
0.2139671762
-0.2026020803
0.7203802828
-0.14165297
0.2223178708
-0.4147385597
-0.1628742046
-0.3253133655
0.2000228809
-0.05881654182
0.06150610419
-0.09236947577
-0.211767684
-0.03472013641
-0.2755219002
0.1499091724
0.4208394907
-0.1977590568
0.1493522134
-0.3600831654
0.5359898195
0.3754698724
0.4286804195
0.06514321826
-0.1170000745
0.259858522
-0.2120816689
0.1534875162
-0.6386737019
0.2325957594
-0.0424891999
-0.2542150479
0.160293616
0.5546506699
-0.006958062574
-0.2315397061
-0.4105019338
0.1281503838
0.5793014363
0.8192645535
-0.3312519968
0.108861828
-0.2227724969
-0.1033663996
0.1444555886
-0.2688553816
-0.3834647186
0.107304781
-0.3701894566
-0.3584254019
0.4766447539
0.2900792155
0.1071218325
-0.1464330088
0.2794043653
0.4295084633
-0.2939140901
-0.1273120789
0.08294031583
0.006643707305
0.3963843878
-0.3119952004
-0.03481777254
0.3307647612
1.231047234
0.1042202679
0.7477908062
-0.134729164
0.4145915866
0.1056883002
-0.09550248906
0.3001400076
0.2910540381
-0.2411427133
-0.2784057207
-0.312495104
0.8489286318
0.05009904886
-0.1241927247
0.7113803968
0.1811719595
0.6916839451
-0.07372301631
0.3886173718
0.5661633521
-0.07529430669
0.3713083372
0.1437752095
-0.6208228536
0.1591637574
0.253004602
0.2129787996
0.1364964843
-0.3845598189
-0.1062875892
1.115731299
0.1083308571
0.1403309612
-0.2791641023
0.5882706292
-0.1462459526
-0.2545266144
0.8517791182
0.07794088461
-0.04220061302
0.2338796984
-0.3300768536
0.01516349157
0.5350689148
0.4177428991
-0.00491205873
-0.08520201836
0.2073657393
0.09890640024
-0.1320061646
0.8196921621
-0.09762134291
0.6962679841
-0.155672993
-0.1570970599
0.03938522674
0.2072729844
-0.282549841
-0.4260772124
-0.003692651913
0.04005889799
-0.07110513747
0.3925400876
0.7458095437
0.6340361543
1.18100266
0.2715556419
0.6995168738
0.4451755624
-0.07703795657
0.0957138015
0.2178861778
-0.1822616551
0.8819388956
1.048811999
0.6036245637
0.1576906893
0.07966673058
1.064566697
0.5086269796
0.8577236503
-0.0857893005
-0.00117856469
0.2921765309
0.4068288855
1.712208491
0.69877709
0.4164269775
-0.1746495488
0.4335311598
0.643605727
0.3832787978
0.3265163488
0.9070389856
0.7348131131
0.4405246999
0.8760228354
0.5133995742
-0.1024534944
0.2697544741
0.4312966194
0.1796890322
-0.4034554072
-0.3091322161
-0.1603847258
0.2939805569
-0.3242794996
-0.2133831965
1.331432947
0.1535275987
-0.1438249876
0.2162440622
-0.192713342
-0.04609796442
0.7845633686
0.2575070513
0.3681946576
0.2341978541
0.563111525
1.288861039
0.2661874093
0.3594809938
-0.1076316133
-0.2726879677
-0.1353890378
0.004308768921
0.2878480974
0.488254489
0.1257496664
-0.09964176342
-0.183483476
-0.3420948319
0.8767604619
0.356239908
-0.3536420897
-0.1835038628
0.8041686162
0.2716600154
0.2664609652
0.5998094544
0.5266011976
-0.01653750669
1.237547819
-0.1099019519
0.6113573521
0.3753786838
-0.06947409324
-0.02827694677
0.2259934414
-0.6390176028
-0.3914809154
-0.1587957347
0.1140545029
0.1291263726
-0.3825584248
-0.1533575615
0.9035010919
0.145559245
1.086628853
0.2055295805
-0.06918810364
0.3553682823
0.7471328663
0.5215104774
0.319382849
0.1350498991
0.2571486052
-0.4776212256
-0.1145466976
-0.464274846
0.4860952954
0.03753543049
0.2854455421
-0.04309081766
0.100746382
-0.4043585621
0.6261084758
-0.2382241394
0.1923504308
-0.003156440891
0.3025817798
-0.06930668438
-0.05306200758
-0.1324303629
1.017905329
0.6480751473
0.2372932266
0.1414032161
1.021741916
0.2519634213
0.5646277614
2.040592712
0.1729574656
0.6792887837
-0.3963576891
-0.3686265275
-0.2448118595
0.04316160576
0.09153720494
-0.4985402301
-0.2321134499
-0.3514357293
-0.5344566464
0.1903261906
0.2786031671
0.6773705497
-0.4650296908
0.2812620508
-0.5838619173
0.2972310849
-0.02951275334
-0.305037149
-0.1480745267
-0.4113471508
-0.3472775269
-0.1263273256
-0.4393383175
-0.280622156
0.05347904004
-0.1746095106
-0.2529816279
-0.3413811445
-0.3059319574
-0.330767668
-0.07779027857
-0.2106265767
0.2185687834
-0.2441689776
-0.06319564916
-0.1827239458
-0.4270360395
-0.3909043908
-0.2310002316
1.24009514
0.2331217241
0.7576882467
-0.1309185158
0.4214608213
0.0846281399
-0.02176810745
-0.08996502273
-0.137493582
-0.2959500901
-0.2116967993
-0.4436525926
-0.1698100418
-0.1098376743
-0.5515121743
-0.1597160645
-0.2885274559
-0.2258741863
-0.2922651887
-0.2320234507
0.9970819443
-0.4935722187
-0.01378316078
0.1152044872
-0.567757605
-0.3799053803
-0.1350782245
-0.4880250037
0.09112451309
-0.08284634547
-0.2057090467
-0.4508439839
-0.05925226286
0.0236574728
0.3809498229
-0.2013762431
0.3614664093
-0.239769141
0.9436323181
-0.3084490046
0.01060197414
-0.2865320642
-0.2403128466
-0.03665107414
0.06827008948
0.02038696744
0.2711464949
-0.6093115062
-0.08185325731
-0.4441039741
-0.2066782631
0.1093230404
-0.2541266041
-0.4699431583
-0.4661189586
-0.6430480585
-0.5130804226
-0.2498877173
-0.1760981878
0.09161296263
-0.4961528257
0.01378070107
-0.4871493056
-0.1422551505
-0.4017707627
-0.3068895593
0.1957344361
0.954050573
0.4374049507
-0.3794896901
-0.330760932
-0.2154098768
-0.4047721133
0.6496323247
-0.4290030003
-0.1971646215
-0.020533155
-0.3987709207
-0.06294020042
-0.06361397952
-0.1889261842
-0.335824167
-0.08978172923
-0.3030918285
0.02472291663
-0.3494810909
-0.4749141097
-0.200652043
-0.1014604053
0.818156337
-0.1108962331
-0.2119062573
0.02870103954
0.3292260416
-0.1984011948
-0.1150121059
-0.2784454115
0.3409721837
0.07768222028
1.11144205
-0.4570282005
0.259754707
-0.07195437644
0.9955435123
0.9004361879
1.275093281
-0.02938539544
0.3422753881
-0.4389849775
2.1753693e-05
0.1774929415
0.2315351211
0.07482440043
0.3188193128
-0.2243890896
-0.2130629143
-0.07579098046
0.2892499194
0.02629341078
0.009285393683
-0.2679894704
0.1216947782
-0.3953817468
0.01358088795
-0.4063907892
-0.2979710244
-0.5097646981
0.4673170412
0.09886674928
-0.250923536
-0.132109374
0.4112571213
-0.3334966224
0.4555666793
0.4481184512
-0.07406157237
0.3366063338
0.003022660688
0.1226964783
0.3562890291
-0.2569586813
0.2919100955
0.1456387389
0.5001950216
-0.1773050092
0.08212847896
0.06488206573
-0.04176426269
-0.5709108412
-0.1032145478
0.07091909014
-0.02117433324
-0.02511599483
0.08671948295
-0.4105430376
0.2050052617
-0.3187499329
0.07748091286
-0.109624416
0.9894647609
0.08795719352
0.00837829411
0.0434710646
-0.2429256056
-0.4668271922
-0.1830882341
-0.3745575842
-0.01316538174
-0.2016841935
-0.1670867538
0.2236940144
0.3833194144
-0.07599566691
0.4705922171
-0.06386668719
-0.3366424765
-0.2340194542
0.7641550988
-0.134819909
0.03249972016
-0.5059328392
0.03316971683
-0.1323526186
-0.2896407589
0.05762890559
0.003417063504
-0.4058918223
-0.4408412226
-0.3304559495
-0.1714949563
-0.202807425
0.7948709898
0.8674985278
-0.2939364225
-0.2224316504
-0.2347484709
0.0234500628
-0.09193797945
-0.04929461628
-0.4212103017
-0.05007234551
-0.1366580345
-0.5769118801
-0.1738537371
-0.6654585004
0.1165968211
-0.3803793468
-0.0216091142
-0.2226629756
0.1810853137
0.3679114014
-0.4718272306
-0.5381071031
-0.1849906838
0.5275046447
0.0581297569
-0.2620801594
-0.05055319294
0.2035205277
-0.1368153967
-0.2575821407
0.2306988914
0.2155133113
0.3131604735
-0.3108646348
-0.2145659085
-0.2026682401
-0.2431613639
-0.3834534429
-0.2371672312
-0.4954099685
-0.3297783352
-0.2393737461
-0.0764120792
-0.1920467632
-0.3863300189
-0.2573597245
-0.3271706082
-0.2823191497
-0.359231469
-0.4658411436
-0.1507394882
-0.3205340575
-0.2583275408
-0.4327566616
-0.1820116373
-0.4214472063
-0.3279059857
-0.6203319818
-0.04035036918
-0.4752830133
-0.5646328256
0.07592783072
0.1466287617
0.4509094376
-0.5154588237
0.5824517481
0.06432314031
-0.07502603349
-0.3155141927
0.1151862644
0.1593406755
-0.3177986167
-0.3248122061
-0.4459045932
-0.01006934214
0.6651770603
-0.4117063701
-0.07572747208
-0.516533716
-0.3480831668
-0.1939375049
-0.6646229506
0.6109252462
0.3976047028
0.184184519
0.4326004378
-0.1065552484
-0.05624727223
-0.663472148
0.6964920625
-0.2388616685
-0.09376644548
-0.0366024103
-0.1553521411
-0.2100127108
-0.3222770706
-0.3744031645
-0.5244525716
-0.3320362575
-0.183899416
0.009048194438
0.2214012611
0.2869334178
0.4946816271
0.1097590826
0.2783786234
-0.1631409891
-0.4737284321
0.5271664556
-0.3605889607
0.02592473077
-0.06343964916
0.7494166121
-0.3861994285
0.07839048207
-0.394036974
-0.0366519656
-0.09552486883
-0.5803049311
-0.5923035488
-0.08481796253
-0.5930614464
-0.4293556102
-0.04731672481
-0.265290319
-0.3932466142
0.6076723393
-0.005346048623
-0.3525089242
-0.3406966329
-0.4306573972
-0.138627998
0.133997737
-0.2226316426
-0.435228046
-0.358398556
-0.2645140493
-0.04822586663
-0.5160873666
-0.2301466171
-0.3397610202
-0.0009959205985
-0.1314270819
-0.335060215
-0.2533385154
0.2093082743
-0.1414819883
-0.5226950198
0.4357216706
-0.2399573918
-0.184595526
-0.4771566067
-0.6447278336
0.3121518744
-0.1279399311
-0.3105053038
-0.4547268026
-0.2785090812
-0.130599343
-0.4186213918
-0.2679124754
-0.5864250168
-0.05358600505
-0.2708222724
-0.2210438039
-0.2844233222
-0.4725478426
-0.4244955868
-0.1760263532
0.6790198144
-0.5633662086
-0.2790272184
-0.01937194206
0.588269943
-0.4207070723
-0.6054093838
-0.5795156308
-0.07979105441
-0.1728966596
0.482590043
-0.5646236271
-0.2839153987
0.1713644259
-0.3228887916
-0.3551191604
-0.1051057059
-0.2594990097
0.02598968521
-0.09553690311
-0.3457099907
0.358077755
0.1966708846
-0.5310413539
-0.3649456467
0.1695114527
0.03042218788
-0.07798523959
0.1162254982
-0.3265053757
0.1713365914
-0.704566592
-0.2991267393
-0.5264715761
-0.09922265261
-0.4231503561
-0.5901635967
-0.5097779363
0.2585292751
-0.4795927195
-0.3537220687
-0.1392886857
-0.1270583741
-0.1471264442
0.006988040637
-0.3570373967
-0.0163730409
-0.3016292445
-0.2450862616
-0.2434298746
0.9036218245
-0.4561046571
0.1226465497
0.3702807672
0.2548430154
0.1476545852
-0.5597093493
-0.5814206585
-0.2608154804
-0.1908862684
-0.4229343686
-0.4185803175
-0.2714342996
-0.05202454031
-0.3522091664
-0.576779978
-0.05892426129
-0.2985282542
-0.2006693348
-0.1888286319
-0.4315577298
0.4070788551
-0.1714365937
-0.02302469611
-0.2753996976
0.1749538624
0.3768910607
-0.2872365326
-0.2082266198
-0.3129662357
-0.3494793527
-0.4098690264
-0.3350927506
0.01894417033
-0.2550139414
0.04977143332
-0.3734746046
0.1142059132
-0.09636034966
-0.1896091357
1.587747034
-0.2412254184
0.7154928535
-0.03670739736
-0.3173822001
-0.3824828565
-0.08528487347
0.02927196622
-0.01839191038
0.2000521166
0.0339109946
0.2957858281
-0.01237057429
0.1510511766
-0.1073741734
-0.1232185949
0.08127864823
-0.3403102621
-0.1842764091
0.01460130606
0.9227252141
0.2563040784
-0.3854219466
-0.2146995075
0.7019909181
-0.1784440545
0.6801072292
-0.2318069845
-0.3015100017
-0.4053316876
-0.4915909126
-0.5213434488
-0.2066697536
-0.09078205861
-0.1875385813
-0.1835385833
0.2542102821
0.06707915477
1.032665231
0.1550141212
0.05773493014
-0.1467754483
-0.01165376157
0.1575345799
-0.09207844734
-0.1241612472
0.07555122953
-0.2893154446
0.2312700622
-0.06572557827
-0.2688544497
-0.1668590491
-0.09213840589
0.4031101939
0.8094792018
1.043582147
0.4943739312
-0.1341419731
0.1542207908
-0.2971944101
-0.01372157875
0.2622653313
0.4278125109
0.06547326203
0.3959533557
0.1313762587
-0.1837808532
-0.5485106844
-0.1261256188
0.1356125034
-0.4557986617
-0.1085878042
-0.007399304956
-0.1986267086
0.6374472879
-0.007859494793
0.35286965
0.2842916934
-0.2844201121
0.2425948767
-0.09748845827
-0.0891189767
0.4973609794
-0.4309619302
-0.1209668407
0.1249497922
-0.221665566
0.1356365032
-0.4004426211
-0.294661431
-0.2770080931
-0.06724907625
0.06114498023
-0.06293887272
-0.2936277129
0.9432995871
-0.2696163133
-0.05902392939
0.607284045
0.554298991
0.3717623812
-0.4682696685
-0.4463891089
0.07665068973
-0.4641932741
0.01426235549
-0.2204990562
0.6722508132
0.7253197778
-0.1604335891
-0.134265516
-0.3052270639
0.3821156295
0.03749521635
0.06716505811
-0.2894942097
0.06169583928
-0.3407575756
-0.1155483448
0.5782316747
0.2407833557
0.369278925
0.4510334949
-0.2541697953
0.03694801088
0.06913835742
0.1711927329
-0.168457642
-0.1764634728
0.7501150738
-0.3062029265
0.2458767323
0.6049974667
-0.2468919465
-0.03456349466
0.5249821365
0.7153159171
-0.07698129639
-0.4313646451
0.589047127
-0.5666632295
0.09202267546
1.517764042
-0.115527547
0.8329820596
0.03351471815
-0.02216541693
-0.1406643927
-0.1986933693
1.572455627
0.06358746439
-0.02322707362
-0.07929401118
0.1988340262
0.05115841078
-0.07560554594
0.006856696308
0.003077479079
-0.2454131123
-0.06023338512
1.710717386
0.08351972178
0.8705065526
0.5723786041
0.4629601702
1.167593461
0.5166689947
-0.0613231726
-0.0356230706
0.3189226639
-0.05650547128
-0.3085251726
-0.2611321844
-0.07631154731
0.02707385719
-0.1741160614
-0.1928408252
0.0883034246
-0.1570853824
-0.2681182809
-0.1454937045
0.2139806459
-0.2231636848
-0.3564543638
0.4852320805
-0.08760005813
-0.1989065882
-0.1411683049
-0.5619669259
-0.06573717985
-0.02497586533
-0.2851757549
-0.1367612824
-0.4433343511
-0.2180013362
-0.01464571021
0.007622317597
-0.3183984496
-0.4417566523
-0.4587923467
0.4106924411
0.3934136335
0.5431146763
-0.1261905769
0.01236510053
0.3077484724
0.4304210357
0.0489964176
0.3927365768
0.5029773574
-0.08364186436
-0.03594099432
0.08326871628
0.04916351587
0.1430097638
0.853997463
0.1729690183
0.3686594956
-0.005704533961
0.1509658619
-0.2686520102
-0.1080845684
0.2563161986
-0.04145861687
-0.1826215781
0.2594755765
0.1782424944
0.402462047
-0.092905326
0.4790739946
0.01083606007
-0.4777079243
0.2293139037
0.1020206708
-0.7557282537
0.01704321392
-0.3018719338
0.024915314
-0.5895487443
-0.340921963
-0.008616504818
-0.003487246577
0.7385042742
-0.707446596
0.1537247099
1.205038142
-0.23371896
-0.2901587494
0.5276469185
0.4315073163
0.1349047117
-0.1754633192
-0.2484618727
0.2683274893
0.1937587861
0.1519440962
-0.08315110616
-0.1879596714
-0.02931234702
-0.05640918016
-0.3562960707
-0.5777312711
-0.1336931444
-0.1521706671
-0.5348854914
-0.163154621
-0.3115256827
0.07778343135
0.1314714719
-0.2487886634
-0.1802984059
-0.1097874193
-0.4270117685
-0.1111491474
-0.2551123936
-0.4212889507
-0.05866994448
-0.3946320258
0.5616973169
-0.2534963273
-0.4201786112
0.1194824136
0.1857172815
-0.3142196186
-0.5296933703
-0.3552888941
-0.1868554045
-0.1733233059
0.005448393896
-0.169416796
-0.2228913501
0.005012759939
0.2490233678
-0.137825828
0.1999297015
0.04663140681
-0.2207936764
0.5073769886
-0.3355676599
0.03639053218
-0.2093860584
-0.02060475517
0.5565154364
0.3532986522
0.549400394
-0.04736892954
-0.3611925596
0.0649309868
-0.08683691993
-0.3560614049
-0.04841977078
0.07296556341
0.3544085442
0.7015196331
-0.2008283423
0.3477880096
0.03911596895
-0.1216605067
-0.5182899818
-0.4443343993
0.2375892988
0.005094403867
0.08472446799
-0.1331430467
-0.09670511736
-0.05590548683
-0.09054490384
0.03213298616
-0.3842709966
-0.0570368465
0.2605915839
-0.04226070233
0.4185906913
-0.3813106183
-0.2234776504
0.6274849638
-0.105727128
0.4537802648
-0.4437518038
-0.03578675557
0.02157401349
-0.2872415878
0.9467507124
-0.4832766138
-0.08107608166
-0.08667093264
-0.4556878909
0.05510809738
-0.2221067216
0.4535923915
0.7673811376
-0.3515083648
0.2336777564
0.2715509472
-0.1518229207
-0.2946251072
0.5242609352
-0.2420433193
-0.3577005729
-0.3195751056
-0.292663273
-0.3958180979
0.3602044351
0.2859673955
0.978564183
-0.2573811918
-0.3959168769
-0.531335862
-0.4708937667
-0.5909605831
-0.2092347801
0.3959988013
-0.4340457259
0.4907714032
-0.08878412526
-0.4632713333
-0.4061445169
0.2199078092
0.4261751398
0.2393491487
0.4205418542
0.6206004122
0.4510050789
-0.049015739
-0.1128072851
-0.5460621469
0.4801046327
0.4758743994
-0.03038266785
-0.4864976961
-0.5486738637
0.5301130176
0.3954172544
0.2695825495
-0.07469638027
-0.1592256399
-0.2550486088
-0.2518675312
-0.001313182339
-0.3767743692
0.6056570046
0.2551590031
-0.0346345989
0.3666002221
1.250627545
0.07191532645
-0.3675124303
0.002113665268
0.2159078177
0.3047727887
0.1832940895
-0.4548607443
-0.3666168585
1.056677181
-0.1928873248
0.260463392
0.4458900027
0.5848049361
0.5028750043
-0.3415811997
0.1813715663
-0.4424009085
-0.06039806921
-0.1295012296
-0.4252527364
-0.1451125123
-0.1489194891
-0.5674745485
-0.4731438875
-0.2252010055
-0.5085094236
0.2054384492
-0.2658597875
0.3665515684
-0.5616949201
-0.07494924613
0.09119105143
-0.3561968502
-0.0745874133
-0.31177956
-0.5244667556
-0.5545116782
-0.1160814216
-0.5114476029
0.1668479088
-0.2640916944
0.3397141341
-0.195331031
-0.1622237505
-0.3621381383
-0.4880423978
-0.3356894948
0.04780907724
0.1768403102
0.314179744
-0.3941063933
-0.006378621608
-0.07372359075
0.103662293
0.46756244
-0.02498362055
1.506386209
-0.2130245339
-0.02183657996
0.01466245083
-0.267404633
-0.0883622814
-0.3618947588
0.002038602903
-0.2864228396
-0.2351798002
0.4394549753
0.100435999
0.7870114915
0.2098155683
0.1169860565
0.214833408
0.8648341537
-0.3246081145
-0.1132058473
-0.2544289697
-0.2907347579
-0.02809537258
0.7665710226
-0.29053928
-0.2025387926
-0.2088664692
-0.2442625174
-0.1788382044
-0.3631741829
-0.07019015271
0.4116683222
-0.386692021
-0.1190351078
0.3215343155
0.2251630759
1.015615902
-0.1326642977
1.047510065
-0.1344614225
-0.4051662587
1.004177058
-0.1977919925
-0.06789842611
1.532978274
0.9504950762
-0.4514734045
-0.1656629294
-0.7060163289
-0.234218251
-0.6142922536
-0.4049477987
-0.7208965167
-0.09823237583
0.2694382915
-0.3245955788
-0.376527166
-0.02262410875
-0.4548771396
0.2171513908
0.3181936014
-0.6693524048
-0.354405796
-0.2387208138
0.1542386651
-0.4021984205
-0.09811749533
0.1722970117
-0.0847659491
-0.4390348546
-0.4333725601
-0.2343000434
-0.6854939118
-0.06006255671
-0.106180281
-0.1537692856
-0.6090843387
0.1924258126
-0.3171235777
-0.09030823056
-0.2534426939
0.2904854625
0.5127761801
-0.6215222702
0.02870424427
0.9549807191
-0.2296482895
-0.2822032962
-0.2047728837
-0.05634869933
-0.581977617
-0.2922534756
-0.2110400867
-0.1230004963
-0.2072395228
-0.4614385456
-0.006383829005
-0.02568887305
-0.2069355927
0.05572755206
0.1649560994
-0.7651107773
0.1079531759
-0.3824135881
-0.5178977709
-0.6293404527
0.6523173973
0.1017458216
-0.0002238087356
-0.02020666795
-0.05098597519
-0.1528850043
-0.5747808352
-0.3197600646
-0.1374231977
-0.2104024298
-0.7432805009
-0.2744761616
-0.2840956042
-0.1085961942
-0.6796151246
0.2548585329
-0.2694610953
-0.295779549
-0.364993754
0.3654096721
0.1894740567
0.8308075694
0.07224434577
-0.3979989581
0.05536368862
0.02271474842
0.03534881212
-0.1040222618
-0.2908527486
-0.1181017591
0.1308084835
-0.01740899812
-0.3690066591
-0.3247314364
-0.4836768843
0.3035702182
-0.03550058529
-0.02072900301
-0.432966125
-0.4130394265
-0.5291320488
-0.3475256657
-0.4051728517
-0.3902647723
0.04246196412
-0.284346652
-0.2832259607
-0.4180752978
-0.4772958249
-0.8304591224
-0.164061518
-0.108464884
0.05854732785
0.04926628973
0.2953728396
0.08503885558
-0.7199350595
0.1743619744
-0.3634037808
0.06866449341
-0.3609721299
-0.421838899
-0.37976823
-0.2403341688
-0.06505366042
0.04305243064
0.5885732159
-0.2387599431
-0.1338527569
-0.2066602387
-0.5389880985
0.0629048042
0.06141896509
-0.2956930842
0.2969813671
-0.3068011638
-0.4403333697
-0.4570868276
-0.1463334214
-0.30410752
-0.5081407785
0.3075826794
-0.1913648273
-0.1166509312
0.1519820655
0.3039478557
0.3656095315
-0.03518388504
-0.08504504943
-0.03350452343
-0.1081302186
-0.4979227975
-0.3883511566
-0.1664792518
-0.0421470277
0.7189750968
0.4951980315
-0.1496864144
0.0004771524109
0.2719206048
0.3770105116
0.05632941201
0.0427901349
0.1658933427
-0.2208446048
-0.1823045533
-0.1131640151
0.09883548096
-0.4121844135
0.3362990513
-0.2385719836
-0.1481201477
-0.1707757888
0.1746486263
0.03293477036
0.5237705072
-0.133722933
0.5611973139
0.1043489008
-0.2243575431
-0.4722106278
-0.09537045956
0.1406143514
0.3009122979
0.4088916577
0.1175412461
0.217524364
0.5582304761
-0.1464897506
-0.09093990745
0.09529501423
0.2125401784
0.1203731433
0.4565592002
0.5208000667
-0.1678612333
0.2171126872
-0.3145088464
-0.2339570463
-0.4685577609
-0.4461504519
0.198576998
0.3199447803
-0.1481062144
0.01394841336
-0.1125975553
0.4301108928
-0.2895171405
-0.1119635497
0.1646018132
-0.2354185477
-0.3673642054
0.1781338582
0.02959666606
-0.1328529485
0.2221164275
0.3272508346
0.1239894997
-0.1273867839
-0.07597362045
0.2755890844
-0.01586197224
0.2688060327
0.2624634188
0.01839776384
-0.1523558967
0.6233017221
-0.1262056077
0.3168672562
-0.1806815519
-0.1837346392
0.01435240433
0.2028968072
-0.1696610967
-0.2790931962
0.3140469786
0.8387455665
-0.2612144081
-0.04100056272
0.7001084985
0.06439985018
-0.3287335308
-0.1884003498
1.66355266
-0.5347347528
0.1354101122
0.5723119682
0.0970514806
1.151536305
0.4188271429
1.045059066
-0.006104880758
-0.2491934255
-0.6062955394
0.3461292073
0.3776610134
0.03899313901
-0.04741138183
-0.03495186204
0.2891747735
-0.3243527144
0.5654515479
-0.4329710215
0.05609356016
-0.01744842567
-0.4801464632
-0.3664080929
-0.1546169329
0.02125298008
-0.0402287636
0.6321503744
-0.4044432573
0.05575254336
-0.2290478621
0.2557170086
-0.01839476675
-0.2425226446
-0.3780886298
0.6257053338
0.2182509081
-0.0936227629
0.3476563462
-0.2645038214
-0.5316539429
-0.265069399
0.5095449502
-0.1343944427
0.07923545437
0.623036813
0.4683749806
0.2728541683
0.07659247275
-0.2230465522
-0.1764661482
0.03009221097
0.2243589694
-0.1303614335
-0.1958278891
0.3575073317
0.1911201196
-0.5104932085
0.3850787067
-0.1455870643
-0.02522747032
0.2334400348
0.09968289938
-0.27860444
-0.4599095508
-0.3719525695
0.157918479
0.3589095935
-0.1766825098
-0.4338397026
-0.1889244847
0.2290856589
-0.07755768728
0.3782337863
0.9173280209
0.3412758742
1.00037375
0.1923853368
0.6686216332
0.4690581109
0.276067327
-0.1425529782
0.3124635778
-0.2115262419
-0.3127479576
-0.06236309204
-0.05551010184
-0.3998800784
-0.1997704834
-0.3311518893
-0.2194285983
-0.531934756
-0.2544576611
-0.08928568494
-0.3644628257
0.02194158733
-0.2735672995
-0.23282343
-0.3921924487
-0.1681530455
-0.02503665015
0.03669629442
0.5920842558
-0.2879549757
0.1405574491
0.06732966676
0.4649698887
0.1804885922
0.02932252134
-0.4445765212
-0.2274659028
0.2423109163
0.356511052
-0.2944724824
-0.4833029062
-0.6572886974
0.1955223366
-0.2869567614
-0.114689246
-0.1263855085
-0.2168987595
-0.07906266339
0.1810162602
-0.001805444993
-0.2800086867
-0.2429552555
0.6233451935
-0.6099449903
-0.3514518622
-0.2825690039
0.04794952134
-0.2400568752
-0.6714416906
-0.05864720419
0.02518549562
0.1049912483
0.01795812361
0.2013784814
-0.2936120827
-0.3724814944
-0.5044693984
-0.3336006746
0.6574903645
0.3685261182
0.1208818214
-0.2297330106
-0.2476881196
-0.1678694429
-0.05779994018
-0.01299720695
-0.2289825499
-0.2412836544
-0.4291268475
-0.2072177157
-0.2872332625
0.7952408865
-0.08908103909
-0.5131654933
-0.03144749999
-0.2418830903
-0.5969163924
-0.2537895273
0.043880426
0.670373337
-0.1039814366
-0.5921267316
-0.1252977718
0.08283613948
0.131229813
-0.229824294
-0.2537355933
0.2236813333
-0.3823957324
-0.1156772312
0.7088871263
-0.09287666157
-0.04497648207
-0.316520486
-0.02394721434
-0.1225843452
-0.3488685437
-0.012849236
-0.4841966905
-0.2076210238
-0.6031505197
-0.3146947205
-0.4698881984
-0.2859776706
0.6501724746
0.1926370412
-0.02295217244
0.061118
-0.3087846566
0.7837685466
0.4212057091
0.05306757912
-0.02859840225
0.3187582976
-0.1029240539
-0.1686008402
0.02941266112
-0.4182957336
-0.4097835861
-0.4807384621
-0.0491125931
0.3733269092
-0.1527038697
-0.3054049067
-0.03206161186
-0.2330374695
0.03942173123
0.3474959675
-0.5351055838
-0.4323901378
0.6953883402
-0.138963369
-0.2577097923
-0.3189881511
-0.04657061026
-0.06969943848
0.5682218321
0.2585676651
0.04417227311
-0.276225492
0.125201416
-0.6272393212
0.2913349099
-0.3025552904
0.1669319842
-0.06910288632
-0.1441708446
-0.3155861178
0.2893688427
-0.1288963038
-0.354335735
-0.1394331671
-0.4108351998
0.2167981607
-0.3892368421
-0.3674247734
-0.06660282221
0.6898007888
-0.1112794547
-0.2797111988
0.1284387873
-0.007142595947
-0.09613251267
0.5602171578
0.5085475564
-0.06906053517
-0.06107180864
-0.6806820557
-0.2862916414
-0.2392727718
-0.437141107
0.03561174059
-0.3599754423
-0.1484977303
0.5745685581
-0.1404130716
-0.02554221414
0.561858223
-0.0551418168
0.2996196845
-0.3369139649
-0.5674529567
-0.1403793026
0.104150846
-0.382682585
0.4298118599
-0.4619637348
-0.358841867
-0.5895565331
-0.6587000303
0.08680733945
1.551428045
-0.3214606918
0.1561845319
-0.4732887454
-0.06695817215
-0.0772075573
0.7258023962
-0.3742451765
-0.2913582236
0.2525877824
-0.1635081813
-0.4725482896
0.3756877962
0.4759398726
0.1124538589
-0.1262475446
-0.7462898791
-0.435535787
0.2843263531
-0.189129493
-0.3216241568
0.6929475792
0.9687154498
-0.2214095652
0.1673004879
-0.4875035867
-0.3938254468
-0.2955841899
-0.470540181
-0.2169178449
-0.4161868453
-0.3976501033
0.1279505365
-0.6079191729
-0.832842423
-0.1250095105
-0.2617988873
-0.0502483815
-0.3211481296
-0.3915401314
-0.2676075988
-0.06678081211
-0.3353116401
-0.2367547244
0.2277992677
-0.376309111
1.536666825
-0.2936687218
-0.2938249197
0.2940543016
0.7085454067
0.04501029029
-0.1599138543
-0.3739388451
-0.1484133426
-0.4988067105
-0.2308395945
-0.26247839
-0.5808444709
-0.2227197554
-0.3118140865
-0.2115621796
0.001791726984
-0.527537743
-0.2783367455
-0.1119009575
-0.545047158
-0.4993976787
-0.06215630444
-0.2476619501
-0.1699411868
-0.5181544408
0.6089949194
0.3087715786
-0.3233105525
-0.3247621281
-0.6180549778
-0.4161807284
-0.5007158756
-0.2727347605
-0.4528425205
0.1988986954
0.43403447
-0.3462380558
0.2438134013
0.1435454922
-0.246692735
-0.1843780044
0.1007585397
0.1359824017
-0.355185426
-0.05679767996
0.04043190321
-0.3159096979
0.1491041697
0.1096277501
-0.4796161771
-0.1351248443
0.01200802117
-0.1176916476
0.1126526198
-0.3923405439
-0.625234367
-0.1116091268
-0.06927086841
0.1952055635
0.3540186837
-0.1225073079
0.1403192291
-0.1148692755
-0.3184444383
-0.1472562293
-0.009260310978
0.1478697023
0.7390265226
-0.1948657271
-0.2938278787
-0.496102199
-0.2833592381
-0.2307364415
-0.2220198303
0.355381242
-0.4107334808
0.03321574621
0.03946108557
-0.1849704985
1.770696399
-0.4743496608
0.8788054721
-0.3648619637
0.4025763314
-0.1646693967
-0.2928816035
-0.2826373689
0.2105934166
-0.03445725441
-0.1484959635
-0.2688718814
-0.2622498691
-0.1838090984
-0.02785993414
-0.6267023876
0.2141253104
-0.5933510482
-0.1349771643
0.149928375
-0.2593353294
-0.6414892614
-0.1688030723
0.5918245275
0.04118947908
-0.1715434326
-0.2422374383
-0.3962492451
-0.4191290304
-0.0007601259276
0.003152852412
-0.3255989056
0.06190922689
-0.1575915737
0.2893333727
-0.4650166102
0.2174948584
0.0705276873
0.007030335441
-0.3806680247
-0.3782784738
0.6150372837
0.01198484115
-0.479114731
-0.2307937087
-0.1433833079
0.1795598272
-0.07811485976
-0.5242614537
-0.1035587415
-0.6592828929
-0.3316096008
-0.2597690336
-0.1674940066
-0.3622901484
1.266390013
-0.07076697573
-0.2439073937
0.6750780996
-0.5427784856
-0.2860923737
-0.2085930262
-0.3733885102
-0.3172425967
0.3650815558
-0.01102431836
0.5515377346
-0.1423249029
-0.1410213748
-0.07176591717
-0.2505051553
-0.00636106208
-0.5057637289
-0.2277915418
0.0297314303
-0.1658730437
-0.1078512446
-0.2330040228
-0.05106327534
-0.1629255757
1.878073013
0.5740532748
0.0585615823
-0.1873200819
-0.3077004202
-0.5543590218
0.1658385714
-0.4304948881
-0.3304772884
-0.05260074791
-0.1995769523
0.3539686345
-0.2050167874
-0.2127428658
0.7300964162
0.1970572956
0.145677316
-0.006126770936
-0.006933483481
0.03245061859
0.5922876649
1.196518276
0.2579073347
0.8438520938
0.009964938834
0.9555059388
0.2071604243
-0.3500558048
0.3400943086
-0.3271749526
-0.2438019734
1.03526025
-0.1580585621
0.06397328079
-0.1005166309
0.3800461827
0.652858898
-0.4714941576
0.4297701769
-0.2622363426
-0.1371369643
-0.2645895466
0.2858264986
-0.4924987715
0.3313743391
-0.09431089014
-0.0237990804
-0.1189871259
-0.1070331287
0.2016203441
-0.005662315153
1.069023771
0.2060473915
0.05396942776
0.06390675753
0.4949158378
0.2499851879
0.3824739901
0.0248782631
-0.07920087315
-0.04875518633
1.111725877
0.06179576516
0.4886460114
-0.0322637876
-0.03305586111
0.3210314184
0.6283097334
-0.2755741224
-0.3435966462
-0.2603517093
0.06876168884
0.8063576058
-0.4605565235
-0.3262072574
-0.2136776268
0.4957246728
-0.07445306256
-0.2039977843
0.4119857796
-0.04086264726
-0.1471884975
0.5439783499
0.4972404249
0.3740214216
0.4010298056
-0.3620909803
-0.3693346385
0.2737856578
-0.3325170815
0.07188551351
0.1299047179
0.5195575513
-0.07743705772
0.1573671512
0.482387089
-0.1090307146
0.3985606067
-0.1707735476
0.3141443763
-0.2047224596
-0.6884755462
0.1104602305
-0.1038135547
-0.05405938886
0.7984264594
-0.09043376893
0.3852236664
-0.1448565322
0.2744280219
0.09809137899
0.1394714268
0.3618693642
0.125938708
0.3915293524
0.247280623
-0.1227252148
0.9345248133
0.05773780178
-0.2563462175
0.1614782866
0.1509499531
-0.03514959123
1.392286158
0.5102967691
0.08868190758
0.1584702443
-0.2593862563
0.06175742559
0.8796919018
0.005625747936
-0.6555552058
0.1146154011
-0.1465499699
0.02490927563
-0.4123597905
0.3668434665
-0.0380073864
-0.3394940481
0.1675331485
0.06167121176
-0.3337393031
-0.282729619
0.4700411431
-0.5775926042
-0.2578288428
0.01215016097
-0.3356543794
0.2594189005
-0.4120777771
-0.2328619869
-0.07832830288
-0.2706757583
-0.1832435069
-0.5478254378
-0.1108161913
-0.2808144003
-0.1383359507
-0.1475689424
-0.3594939567
0.03896049224
-0.2203773059
-0.2124166209
-0.1955776185
-0.279677894
-0.6393655524
-0.2943670712
0.2985793546
0.3400126874
-0.09592363685
-0.09286078326
-0.2564198233
0.2097876687
-0.253274142
-0.4452706061
0.1983259643
-0.248261657
0.4552636705
-0.02403100505
0.1710509688
-0.3179981351
0.5915314414
1.022789963
-0.2067507138
-0.5026383579
-0.07119234093
0.2966625061
-0.09144049529
0.2367282394
-0.2865041509
0.8984056696
1.102953932
1.188601921
0.3768768409
-0.1937259473
-0.05028227456
0.8123517826
0.007824352384
-0.3735010549
0.3179374913
-0.1583976654
-0.03191505633
0.1223232277
0.1790344838
1.285151967
0.6419939093
-0.05004098993
0.2564116673
0.2043700714
0.00984866377
0.05905594602
-0.1834558256
0.1345486356
0.1249261752
-0.210756251
0.00994477421
-0.5187153846
-0.03090532068
-0.003003876098
-0.1687801551
0.5069615722
0.3161808134
-0.4121186271
0.004456136003
0.0515455097
0.2698579554
0.2024272474
0.6093914963
-0.09573778883
-0.05589156821
0.1612314248
0.2882222185
0.02927057808
0.2282130439
1.007005805
0.2234133374
0.01934600435
-0.1251978243
1.21172522
-0.3878059223
-0.1101243839
-0.2151922973
0.1862540137
-0.4786180228
0.2131805386
-0.06545452829
0.5200589128
-0.006703585386
0.08286382332
0.3665270263
0.03964300454
0.1451167686
0.09246306419
0.2385847628
0.1812834844
0.8513574928
0.5929045349
-0.1004705917
-0.5388197765
-0.1203168968
-0.4703744248
0.202918764
-0.1046686262
0.1885151286
-0.2359966341
-0.03445930965
0.9943813199
-0.3226233646
-0.5516792566
-0.3256907197
0.1739115305
-0.2984114788
-0.001566540077
-0.3519486122
-0.01554533523
-0.0192444412
0.07521310188
-0.3487047173
0.2120495128
0.001535484474
0.5807790317
-0.07311713453
-0.2469421392
-0.1183609989
0.2685677057
-0.07728845365
0.3690454457
-0.3280093834
-0.03623056244
-0.2227382757
-0.150321283
0.3320786476
0.4094769647
0.5466287594
-0.2523821797
0.1708786242
0.573398583
-0.005275673419
1.061011845
-0.2312589876
-0.3102608331
0.2011628859
-0.1572200425
-0.1778287868
-0.08946427926
-0.4088536158
0.4915477837
-0.4056307711
-0.3504982758
-0.07640002817
-0.1652157582
-0.01528200558
0.1008530222
0.0642582275
0.4860010717
0.1590213932
-0.2372958232
-0.1196996437
0.2917990722
0.1346500106
-0.03612240236
-0.331815362
0.697302492
-0.3512489261
-0.3733876817
-0.1069482697
0.3134566128
-0.4341289967
0.158363045
0.7112539336
-0.2451661505
0.2009766039
0.2618430968
0.004221836524
-0.006805772707
0.4972608507
-0.09961511176
-0.329955174
0.08152027708
0.05119642541
0.4433080427
-0.43763486
0.0132759653
0.593047471
0.06864701491
-0.3849156648
-0.06945042722
-0.384707991
0.01569961947
-0.2748553688
0.131641902
-0.1672084605
0.319339066
0.3808821557
0.4362103357
0.004163574334
0.07385140397
-0.070582995
-0.0007788294926
0.1097149486
0.008043822087
0.7020343959
-0.1500813124
0.590618946
-0.05472888015
0.05119162034
0.1770099513
0.6319417994
-0.1533308923
0.3766435025
-0.1711903075
-0.009549622098
0.3986063398
-0.5449418202
0.7962215031
0.004938284308
1.286877738
0.115054043
-0.3752023861
0.9044667386
0.2882025197
0.09467920614
0.9158268958
0.1547332045
0.2151155777
0.7000108436
-0.08074023919
0.1670683011
0.5808895338
0.2324592456
0.01749502849
-0.2146369642
0.03309640512
0.8688899368
0.01901328154
-0.06291053575
0.4359160124
1.141733885
0.6038096033
0.261614419
1.426445636
0.298990581
0.1488097246
0.5927751284
-0.05151788611
0.4698119935
-0.2331479632
1.085593121
-0.2538108926
-0.3363062199
0.2534276901
0.3111689155
-0.3056181841
-0.05690841898
0.1552115107
0.5227347061
0.06390682068
0.7371538483
0.7457200281
0.04171810001
1.405768095
-0.03574754614
0.1716594357
0.08533134386
0.1178736817
-0.1288762148
-0.09588479623
-0.3202849656
0.04142929371
-0.2918618893
-0.3716442049
-0.1386782724
0.9196746714
0.1800239133
0.3102592499
0.1142440937
-0.06129920231
-0.005165430531
0.1894157425
0.6969296359
-0.3516455367
0.1400324294
0.2562635232
-0.2739288539
0.3814237265
0.007633768395
0.3819869466
0.1198950212
0.05907703638
-0.4395071663
0.2066837035
0.5880807392
-0.4918366596
-0.1294397548
-0.3283693515
0.4053494969
0.7617991388
-0.4804868255
0.4089795474
1.210378748
1.303157222
-0.1876437247
-0.1515929382
0.5458526291
0.726452326
0.6159417368
-0.01844542604
0.1481759479
-0.1669458803
0.08184330203
1.07950002
-0.1134313043
1.083927235
0.3423562411
0.3467156939
0.01344417427
0.8682178672
0.167194799
-0.2593945317
0.8419605799
1.101856154
0.416298572
0.4914002039
-0.3176321395
-0.3061415337
-0.03791847061
0.5284057774
-0.444769302
0.1359862888
0.6562141629
-0.2044730378
-0.4988359556
0.1203088783
-0.03069686824
0.01583466716
-0.2402393004
0.2927482294
0.5700852439
0.06552332677
-0.09654619582
-0.4608882889
-0.1403887387
-0.04660961814
-0.05537350895
-0.2464902997
-0.03073023064
-0.4196643576
-0.3349453986
-0.5352705419
-0.2357500039
-0.5637747109
0.1158731483
-0.3158665113
0.3395207588
-0.2737888552
-0.06407107422
-0.3607771188
0.625667613
0.1243640179
-0.1954499148
-0.2148815157
0.2925846828
-0.33089808
-0.1827834486
0.6183565771
0.1751441646
1.166312319
-0.2301309276
-0.178237791
0.1511577342
-0.1502986989
-0.05153509229
0.7142895147
0.7316403486
0.07962518483
0.204949177
0.2209824353
0.1478449561
0.4707852393
0.7580169067
0.005248409137
0.03001970761
0.8722632021
0.3131415768
0.3232310928
-0.03899203427
0.8082998499
0.4077055715
0.7162094168
-0.1103860229
0.262328339
-0.4314727582
-0.09825241379
-0.3442036442
0.526192566
-0.01983281076
-0.1076348061
-0.423324671
0.7248391896
0.2402758481
-0.2974987656
-0.2324249454
0.2239057735
0.67731506
0.4717475288
0.0175540179
0.1175396351
0.03732667966
0.5082720093
0.1473071273
-0.4339822084
-0.1365187608
-0.5464993566
-0.01630567163
0.5586725943
0.05474618282
-0.1460392982
-0.3946410701
-0.6236380175
-0.2032185443
-0.1093098417
0.0909695602
-0.4848871291
-0.462627241
-0.6095170192
-0.3434498683
-0.3105056301
0.8229001373
-0.06715736184
0.4657481633
-0.1000950081
-0.131437859
0.962200357
0.6964545308
1.576943871
-0.2857573293
0.2583581923
-0.1385248947
0.6634030819
0.0344993297
0.07583825812
-0.1951204289
-0.6123823881
-0.4065038055
1.075813633
0.6387447089
-0.5004502937
0.06163997822
0.6229607377
0.6885747321
-0.3670332223
0.6385715418
-0.3229311377
0.3791551927
-0.0578467438
-0.2149306953
-0.2020914242
0.1532650801
0.2120305786
-0.02941232724
0.1722593734
0.2444178354
-0.03010420511
-0.3919846967
0.3371930324
-0.3445829645
-0.4219161257
0.08865765636
0.3902160035
0.4967762155
0.2402417623
-0.1648633653
0.3011035476
1.147784039
-0.03406571858
-0.05736136176
0.8736676469
1.318556713
0.3288961105
0.01820045374
0.4993726058
-0.3811649412
0.2468454715
-0.3190179124
0.2935845481
-0.5483371161
-0.3165431259
-0.3919237271
-0.186149453
-0.06574200019
-0.2784318708
-0.3559557974
-0.5943236306
0.1777277675
-0.2136491727
-0.4467725292
0.03687492274
-0.008245272189
0.1987958739
-0.1240793902
0.1370239499
0.4665389977
0.1725981991
0.3009500701
0.4249672797
0.05225398489
-0.4790413477
-0.2684774414
-0.04361613803
0.4783267075
-0.3655816987
-0.1808759738
0.1694222592
0.06539061982
-0.1270258818
0.09433389362
-0.03673406057
0.2447070034
0.8620496303
0.01281552017
0.4359841987
0.1315808097
0.279360435
0.1968099061
0.5698485039
0.9397150792
0.5805389632
0.1715561489
0.4680328321
0.02462073183
-0.1178041946
-0.2721447401
-0.2054375105
0.2845659465
0.08003731868
-0.2259625472
0.04074436543
-0.2050593942
0.1970469862
-0.5118055791
0.6589746471
0.2136277387
0.3140214249
0.7622181218
1.075302164
-0.1281751234
0.7854456119
-0.1810510129
0.07696011411
-0.6057882875
0.0384294048
-0.1301245978
0.08548153602
-0.1657193214
0.1456702948
0.05406648479
0.4323283859
0.2787437083
-0.01062393636
-0.2682985201
-0.182458974
-0.09730795585
-0.2929773141
0.6530785054
0.4281989677
-0.157726603
0.5390673518
-0.1185811926
0.04157925248
0.004971245909
0.2991136203
1.100370383
-0.1368636504
-0.2786216948
-0.1394503966
-0.1693659442
-0.1156971052
-0.1441051252
-0.2329561725
-0.420495218
-0.2152807323
-0.1405836554
-0.2208867714
-0.4377880245
0.4586731222
-0.230003645
0.1179474138
1.210847832
-0.1913437769
0.1271628961
0.1005998053
0.2667413265
0.2310924372
0.3316714335
-0.2104868792
-0.2883274235
0.450338945
-0.06344720349
-0.01259378251
-0.4748939678
0.7502494305
-0.0214770101
-0.1068709714
0.1624832265
0.6823833846
0.134349148
0.2061203536
0.0422207891
-0.4352124438
0.7038700923
0.3858042058
1.109847188
0.5285203952
0.1691060133
0.7658341788
-0.148048003
0.1078310302
0.5329578921
0.4305041797
0.02631874159
-0.01111224275
0.1720935989
-0.1637361963
0.3632700663
0.1962807097
0.5546467103
-0.4941574499
-0.3754405171
0.08767008632
-0.1485483091
1.166982275
0.6632643282
0.3980923742
-0.4497136697
0.06996626966
1.181356406
-0.002579779737
0.5955046095
-0.01070747096
-0.09272503331
-0.1469634285
0.03138252106
-0.05331443064
0.01890711524
-0.2906211875
-0.09272549246
1.066623086
-0.3406807154
0.241928713
-0.1200573966
0.0121290721
-0.2367164483
-0.1682361873
-0.01729993187
0.04336607661
-0.307498535
-0.2234669324
0.5939972341
0.6348871671
1.218547832
-0.2339665841
0.6817673571
0.4304975372
-0.6815282986
0.1805638805
-0.1294888807
0.3623685658
-0.2764875315
0.3951771135
0.21579185
0.5509401172
0.2802507874
0.03950396646
0.1261232283
-0.09889725745
-0.2351563849
0.1386952465
-0.2289877616
0.1252451255
-0.2532483101
0.2888332013
-0.09210079573
0.2498363755
0.1411856041
0.2439518491
-0.2119551303
0.8814210609
1.409476575
0.2758231124
0.1652618356
-0.0540249344
0.3993478909
0.8880603861
-0.0615534991
1.411106938
-0.2178017393
1.411084205
0.002283160668
0.188495844
0.08319351422
1.302595258
0.2447715569
0.7392865755
1.186170298
0.2611302096
0.5947544396
0.06954391859
0.1688635662
-0.370115447
0.3736121705
0.3918866005
-0.0711421838
0.3013987817
-0.1418604825
-0.06871509179
0.4924863797
0.1483111603
0.5079110047
0.2198162582
0.6209314041
0.2524481531
0.5904595042
0.3894298697
0.4770835921
0.1648376444
0.435213441
0.06011223868
0.7956055537
0.4021911044
-0.2020904008
0.07190066427
0.02132352302
0.09611969311
1.701921558
-0.09028572813
0.2267753623
0.04666175395
-0.06142394133
0.8502844907
0.4128138342
0.972390148
0.8226867177
-0.05512314141
0.1094606058
-0.2274010211
-0.01836159229
0.1817360618
-0.3882608749
-0.1083936295
-0.4889574748
-0.3827439118
0.2553104911
0.1679795869
-0.279569602
0.1040556181
-0.2122245792
-0.03811248867
1.070037923
-0.004817773029
0.373928377
-0.2868153088
-0.1953441668
0.02411145968
-0.2633203454
0.01936015263
-0.1489799825
-0.08794252537
-0.006994788721
0.4980595243
-0.1756821863
-0.1140246555
0.2583035185
-0.1421606621
0.2023040645
-0.259435302
1.488004947
-0.1888037533
-0.1566954848
0.2878655612
-0.001501289196
-0.09330039117
-0.440913029
0.1356411926
-0.307688823
0.2458266168
-0.1578908034
0.3119083416
-0.0981415581
0.1068294281
0.04129905626
0.0006273753941
0.2158438548
-0.02699171063
-0.4381216157
-0.3517973311
0.6085979501
0.3447890729
0.03537372202
-0.2611069717
2.385098958
0.6257523052
-0.5098362148
-0.1273302156
-0.3289139297
-0.4143064767
-0.5168715641
-0.1870957606
-0.1594042677
-0.0312631648
0.2622544469
0.3913173579
0.3584054794
-0.1078968052
-0.220015645
-0.1532852273
-0.2306745492
0.1341494109
-0.1143321071
0.1502755387
-0.4554277971
-0.0773297898
-0.3105299398
-0.2127659064
-0.03624129947
-0.1709850166
0.06181324311
0.5428830698
0.6852336999
0.01424130239
0.07424812987
-0.1837208645
0.2537835874
-0.1776972091
0.1415623656
0.9200419821
0.2286812298
-0.3910122678
0.131088613
-0.845291052
-0.2524771739
-0.2492419817
0.2087092355
-0.2459450021
0.4131168608
-0.1554860671
-0.07696907874
-0.01111596469
-0.2517504893
-0.205725503
-0.1814980391
-0.3803062484
-0.1140996601
-0.1561589964
-0.2335735999
-0.1439563137
-0.3796377733
-0.3910453409
-0.4541025177
0.172042603
-0.1535239205
-0.3490170017
-0.04075861312
-0.01602040362
-0.05114607699
-0.08152348213
-0.4679323412
-0.03544005174
-0.1711679764
0.01104884893
-0.5860698327
-0.1893156782
0.3712473556
-0.1650581179
0.1943631761
-0.1202738851
0.2714886138
0.06480840147
0.3639619779
0.3297014922
0.3972888999
-0.279905425
0.7794928975
0.2355320599
0.2193571541
0.4954474092
0.01662873402
0.8868693352
0.1043626681
0.1213967886
1.132295931
-0.09030332137
0.9322228983
0.1371682525
0.7244800083
0.06643275302
0.540599589
0.2845332064
0.3025473675
1.085381996
-0.2173042137
0.1634308936
0.1386999886
0.06452522911
0.7321049985
0.4334872548
0.1343807898
1.032325708
0.5587457057
0.4916551571
-0.0353956053
0.6892657839
0.1534880199
-0.1792181699
0.6619489893
0.07981723819
0.9267712422
0.9222198553
0.1735792553
0.1123125402
0.1641937554
-0.3190092307
-0.2602138586
0.04874203596
0.01092024669
0.2406255733
0.03949089982
0.3946391193
0.7513285259
0.06495667361
0.8106930695
0.4635660999
0.6563563891
-0.4328660868
-0.03303841446
0.5040166728
-0.1947003815
-0.3024202567
0.1908952698
-0.5416098353
-0.05735323876
0.5714869097
-0.3440156842
-0.2689839363
-0.1072031712
0.264276764
-0.3084598228
0.1487478517
0.1236825116
0.02178892717
0.6292746335
-0.1187746874
-0.04621901847
0.3069986654
0.06438283231
-0.008432710543
-0.04865587465
0.6309354916
0.0536407683
0.4596569151
0.4738249743
0.0164719671
-0.2294311713
0.005891063251
0.4492024321
-0.1503108077
0.0240070235
0.2677470624
-0.2911553018
-0.3239401352
0.6244829595
0.4549232028
0.1881300278
0.2872013522
0.2813437928
0.04031164125
0.763623035
-0.193010704
0.05213590693
0.04696295429
0.3661577865
-0.03850891292
0.1072402714
0.264896673
-0.2802078839
0.02722254135
0.1237691808
0.1802006866
0.3362077832
-0.1524858363
-0.2170996632
-0.1946361832
-0.393040856
0.5525427073
0.03759525381
0.1716746836
0.3641415074
1.038281032
-0.1907656536
0.2731797766
-0.4963247493
0.6696732759
0.7567239836
0.862434002
0.3180813203
-0.2560396444
-0.2285740379
0.01607901547
0.0143988668
-0.05363337658
-0.3072909355
0.5119852372
0.1755049706
0.2591374485
-0.1575797616
-0.5660532132
-0.3426648818
0.5424041934
0.284159827
0.352391059
0.6013954125
-0.1644967338
0.7924416088
-0.4333539732
-0.05345629994
0.5434660252
-0.4298567597
0.1085160304
-0.1820986599
-0.2063905612
0.07629760467
-0.4471984424
-0.4889949482
-0.006827456597
0.8023824278
-0.1062107534
-0.6529745653
-0.1743205371
0.5166152786
-0.1860934969
0.154655889
-0.1531711882
0.07158580609
0.5985898063
-0.01560566034
0.1625602504
0.04751585722
-0.08939222973
0.09839485809
0.4591339581
1.140771551
-0.7386728689
-0.08118777592
0.0238517195
-0.1867837664
1.10446701
1.073616338
0.1044997673
0.3144616269
0.6482022487
-0.1788958471
-0.1168326748
0.4294330601
0.3203972425
-0.3747840837
1.000772286
0.01003685063
0.3879604489
-0.05438749976
-0.2096527662
-0.1203259178
0.6031459812
0.3936393097
0.6211746
-0.05887453798
-0.00318232663
0.2546263484
-0.2079451665
0.7032318093
0.6489593819
0.4480832839
0.06622856501
0.9164813772
0.005917893909
0.2410136467
1.799125913
0.6049969107
-0.06530434731
0.531617181
0.5280247271
0.115428729
-0.2211686242
-0.5127243862
-0.1124866758
-0.402806288
0.7386641137
0.3085830778
-0.003127582185
-0.4435400724
-0.5382006913
-0.03253416829
-0.1126630541
0.6708791181
-0.08908150531
-0.3828406546
-0.2091746368
-0.1283236386
-0.2695692502
-0.05773111582
-0.4151555717
-0.2175527316
0.0418536365
-0.5437250495
-0.6734051839
0.1817048496
-0.2663360931
0.2124063864
-0.01001704782
0.01289854953
-0.08325384497
-0.09816224575
0.5048513357
-0.3409950323
-0.004765925556
0.1228751445
-0.1668685779
-0.1417516774
0.4219065811
0.186382092
0.6028943367
-0.0692107223
-0.2248710297
-0.4141157135
0.1570609447
-0.3749165826
-0.5998017207
-0.1875126621
0.1683018049
0.1749289967
0.06257275008
0.01578117777
-0.2932264321
0.07460749685
0.1003415682
0.1685574364
-0.1155208964
-0.1658487005
0.5972945035
-0.3031057328
-0.3098845124
-0.1991038674
-0.4743994802
-0.02279055379
-0.1908624053
-0.4044836536
-0.03030078122
-0.4228661329
-0.04957239153
-0.001786826737
0.05198321752
0.0752426859
-0.3662672155
0.036879039
-0.2094214886
-0.3259264838
-0.0898132775
-0.4606890246
-0.3143068239
0.02920522769
0.3157999024
-0.4053294659
-0.3557486005
0.1656986307
0.3403546108
-0.02699873634
-0.1123456514
0.06832956122
0.156670885
-0.3728652462
-0.4370933235
-0.08946166467
-0.4543177836
0.2178388443
-0.04157397691
-0.06376693575
-0.4107702509
-0.00541334413
0.9165492781
1.191352919
0.02473139539
-0.3376969825
0.4237960402
-0.2457684219
0.1217394121
-0.2982407426
0.1032670511
-0.1723401234
-0.2221527714
-0.03626664877
0.06064552031
-0.1294831768
-0.1779143551
-0.2085567454
-0.08291276861
-0.04836900569
-0.0424270222
-0.08958949
0.001837355504
0.3071077408
0.7555649765
0.684972892
-0.5716785267
-0.2872955114
0.116859067
-0.3309440039
-0.2412678376
0.6774571016
0.06949684341
-0.09061188083
-0.1023921397
-0.03648629729
-0.3207927726
-0.1237575229
0.1485704583
-0.09614812508
-0.1252997898
0.01429945827
-0.5540854085
-0.07731795385
-0.3922764666
0.1980558924
-0.636627318
-0.1481692983
0.1356438175
0.5192709893
0.2314912392
-0.1746555993
1.699330628
-0.2725853618
-0.2798040127
-0.1312058344
0.5704794198
0.3256608631
0.1236463986
0.2747461021
1.090033939
0.3126939991
0.06549613439
-0.001829389855
0.1189050406
-0.0009383196011
0.7264372766
-0.009277263284
0.1230719526
-0.3311356239
-0.04172081929
0.3424086479
-0.07012361418
0.4021386506
0.1068661537
-0.1661827348
0.3321153875
0.3047101513
-0.1914746393
-0.3371978067
-0.5770488977
0.4179522678
-0.4433984637
-0.1865531825
-0.01473845276
-0.244702284
0.1254155621
1.329656387
0.01521774735
0.4881438029
0.03373592012
0.1067830972
0.01826557871
0.3233286582
-0.04862153549
-0.2021898514
0.4340560056
0.1028131742
-0.00800902769
0.2277332377
-0.185155656
-0.2198720891
0.4365054756
-0.002642740123
0.1433675071
0.7386482798
0.7547146633
0.08610679861
0.1074572342
0.6386492595
0.5177123338
-0.009423628449
0.9470850438
0.4336507304
0.132635312
-0.3791005038
0.387014398
-0.1428286336
0.04204164445
0.4960484073
0.1062245473
0.1015593601
0.4055517729
0.521522674
-0.3802431613
0.8081388108
-0.04937699176
0.1332031999
1.003407473
0.03967228513
0.3667374041
0.1547828691
0.2681212593
0.3492801251
-0.3095016561
1.021799897
-0.2171191692
0.02596906424
-0.2243788749
0.7399531238
0.6769739291
0.2768026734
-0.06949637178
0.424615092
0.3567113508
-0.6161575675
0.191996512
-0.1955405638
0.1141049832
0.04086599424
-0.1830504436
-0.1889954299
-0.05092961229
0.0875233518
0.03098801775
-0.2003555978
-0.3396509938
0.02033840232
0.642308455
0.09018262066
0.7646630205
0.2439727399
0.5537514681
0.7433453798
-0.2572050974
1.227983086
0.3035035182
0.03452661969
-0.002891979739
0.6774674624
1.113540828
0.4591576191
1.136395881
0.8726760812
0.09933903702
0.05485902578
-0.1253009936
1.073035166
-0.1535810698
0.009533148073
0.7371447336
0.4976483293
0.8632175833
0.5129935469
0.3387238253
0.7296735361
0.05017676186
0.4170320474
-0.1929726735
0.1947761225
0.5677920729
0.5083990959
0.4596913129
0.4182121839
0.9293034315
1.206309332
-0.05350644886
0.05155368559
0.5835336417
-0.05612012949
0.6423670135
0.5512816399
0.631448932
0.1070148202
0.5103297498
0.8258989371
0.4986843057
0.8582354307
0.4708818868
0.7477243207
0.9305374697
-0.09401344061
0.2571905095
0.5945305534
0.8255124964
1.412402949
-0.2094955325
0.5446437082
0.5280291775
-0.1385337666
0.1930863252
0.5950692397
-0.09539146982
-0.350644904
0.04001683965
-0.2590485327
-0.2867399128
0.118330304
0.7603466272
0.3021038984
-0.2690623362
0.03418357093
-0.4629735976
-0.3673655871
0.3539070545
0.0110950131
-0.5175832078
0.7953853846
-0.03764535971
-0.07478765748
0.6607433274
0.128038983
-0.3871837154
0.4536760621
0.1464282203
0.586490679
-0.2980396427
0.5572964998
0.5541207695
-0.01882300787
-0.1582606105
-0.3053922372
-0.5364298776
-0.3593578905
0.8544858899
0.4759000191
0.3865605803
0.7176982164
0.1413338754
-0.03495958806
-0.1062225617
-0.3570586234
0.5289434709
0.08848413797
0.1972683659
-0.1010859875
0.7677559525
-0.0918321196
0.4226797391
0.226206628
-0.2555747464
0.8596597999
-0.6158211023
-0.05444884077
0.1882674061
-0.02591072945
0.4902853396
-0.1475853303
0.4762878355
0.3274041807
0.1825271915
0.4050047994
1.169545564
-0.1353290221
-0.3382133704
-0.2102974243
0.4821899801
0.9682889119
0.1144737441
0.8054812539
1.166444507
0.9241533399
-0.1659962356
0.5202444788
0.4889761005
0.962398538
-0.1254748734
0.3196340375
-0.08765399326
0.6729710951
-0.3113110095
1.220879453
0.1284597138
-0.03602666445
0.2813610666
0.2103156721
-0.6125280738
-0.3711684808
0.02713730931
-0.2748920836
0.06891503744
1.320753646
-0.2637390748
-0.08648600671
-0.1490478382
0.523074797
0.1272961512
-0.1617875993
-0.3575470552
-0.2209649425
-0.2479200142
-0.3990311556
0.447575786
-0.1780465242
1.352514499
-0.0800180342
-0.01285937224
-0.01128701102
0.7036365904
0.2029151556
-0.116766602
-0.1358910393
-0.1796632268
-0.1039712317
-0.05800298359
0.4482145945
0.3238942482
-0.2813358452
0.2752324499
0.1692806652
-0.1061344484
-0.178873558
-0.02932078317
0.5086448058
0.245994127
0.07430868037
1.335443786
0.4674314305
0.1594010171
-0.3864406131
-0.09194870871
0.768551771
-0.1383407636
0.6641715642
0.4745699475
0.03275667578
0.4264492724
-0.1397606716
0.3199599693
-0.2017812237
0.2771880433
0.7607836179
0.2912814442
1.13889716
0.3310483024
0.6378681712
0.3448779738
1.355983263
0.06932128388
0.2906281114
0.5045282841
0.01324926605
-0.138582661
0.1350853263
0.04048124999
-0.0551252211
0.0009278681129
0.08648557444
-0.04519053595
0.4990262125
0.8707919061
0.4671316963
-0.1835142389
2.592933714
0.2377438851
-0.3776294313
-0.3067117549
0.295573169
-0.1418659747
-0.0323196657
-0.07105089184
0.0240260331
-0.2515050087
0.258126137
0.2321182549
0.01261653607
0.05040710317
-0.145625855
1.159587646
0.2990062494
0.5336324804
-0.5055674769
-0.4045729324
0.7889247827
0.5261131492
1.027697184
-0.1967720788
0.2926679635
-0.4852388965
0.872244883
0.7842643999
-0.02268716842
0.09088150598
-0.3266185351
-0.2559998356
-0.2054612923
-0.06082533896
-0.1690099072
0.1924579082
0.03948444482
0.5766900338
0.1354432289
0.2046077407
-0.0201978974
0.3284235181
-0.01603315454
1.331922388
0.8114301927
-0.1245654826
0.2308183067
0.2393321646
0.3675278652
-0.191091413
-0.0246445071
0.4237548657
0.4205456034
0.5029046632
0.2070409799
0.4671612293
-0.3369245958
0.7924499467
0.3391084196
-0.1596940812
0.9163954616
0.4360376388
0.5432306588
0.3549303683
-0.188278232
-0.1047612872
-0.3594834592
0.4638522163
0.03196194805
0.5705892226
-0.2061673075
0.2371740172
0.959009622
-0.4538900353
0.131286869
0.1576221589
0.4476515021
0.02561637126
-0.2369754333
1.134979761
0.8880290233
0.5784296989
0.7464218035
0.12154004
-0.2216784947
0.2374925964
0.5891170748
-0.24677817
-0.4969967421
-0.3702271039
-0.2397587679
0.4922645738
0.1060160641
-0.02481782231
-0.126726421
-0.08342579193
1.311914966
0.14841136
0.2015498003
0.2280210629
0.5063377045
-0.2289539106
0.4017294317
-0.3907540917
-0.1734344956
0.1484340642
0.2610373273
0.08719683737
-0.1711383421
0.07662792206
0.5820795484
0.2128118688
-0.3613461386
-0.485763441
0.3486910816
0.1153146286
-0.577637127
-0.3117025748
0.7190133266
0.648323898
0.08211923018
-0.03374415841
-0.2621108152
0.4007567294
-0.01963544148
0.07524364479
-0.0199246332
0.2849316541
0.4935746014
-0.2127855046
-0.2351626568
0.2055659765
-0.1805785834
-0.09785412587
0.2912171536
0.4343025988
0.3280059516
0.03819517381
-0.6641524732
1.15813055
-0.1700962448
0.3954919972
0.7114616491
0.2218944026
0.4843209542
0.2581682614
-0.06568635609
0.8931661211
1.31847035
-0.2400594123
-0.02383741066
-0.07332350574
0.1698748862
0.7474693801
0.8938418292
0.4663606629
0.8244200371
1.077195597
0.4413258117
-0.109454022
-0.3281285118
0.8961430036
0.4079852454
-0.06287415475
0.4199080795
1.925513312
1.368408853
-0.1835078888
-0.03306604614
-0.3189262107
-0.5259520516
-0.2515465785
-0.1203230172
-0.4348856255
-0.5982685089
0.2273511976
0.8792285688
0.5281582598
-0.07408930808
0.131004706
-0.4467261478
-0.2776612379
-0.161045116
-0.248693441
0.8953219265
-0.1134333903
-0.02150846915
-0.3400420099
0.03019881397
-0.366835992
-0.3776520453
-0.5907155097
-0.2943225898
-0.05559686851
0.1159378015
-0.4283282652
-0.5253681056
-0.3384772249
0.0044082243
-0.3658283293
0.1780463873
-0.2678245351
-0.1871395599
0.7508008853
-0.1809875507
0.02634533606
-0.3191275686
0.1486482868
0.3100945376
0.2070543766
-0.5348953485
0.3912221918
-0.2606607042
-0.09655714016
0.2033332475
-0.1640217345
-0.2553564442
0.02802663501
0.09508022796
-0.04396574706
0.02791041378
0.03613748774
0.5065372858
0.01249565035
0.1112907456
-0.2536101663
0.4668443151
-0.08306646869
-0.303161861
0.1457333904
-0.154095237
-0.02018430941
0.04800488222
0.362541572
-0.2780968755
0.8868771054
-0.3628548563
0.4441607431
0.3138021376
-0.2517534859
0.1875115658
-0.2045192957
0.3083391565
-0.02474754639
-0.1248498935
-0.4155846864
-0.2101211058
-0.3944210833
0.06580293141
-0.4000248317
0.2407204241
0.3162508952
0.5593288638
0.1876299601
-0.5647013113
-0.3098466545
0.2425827399
-0.532162904
-0.1378994789
-0.1991434963
-0.1653380631
-0.262177697
0.9477397986
-0.3838887502
0.8353039859
-0.003721852787
-0.5839592338
-0.3265377872
0.05171850738
0.2396924498
0.05956552839
0.273975718
-0.6531086363
-0.4106785551
-0.5176540338
-0.3406096339
-0.2666182028
0.04606660232
-0.4132038578
-0.05290099028
1.067404756
0.9611213952
-0.1434641317
-0.1633948753
0.40917551
-0.05898201503
-0.09861924872
-0.1336747967
1.053281289
0.09356619949
-0.4251662068
0.2355555344
1.28397188
-0.4088199057
-0.04625045722
0.1404758017
-0.1197878879
-0.07207423421
0.2161743503
0.3156724047
-0.1456740513
1.149595394
0.7203500122
-0.2100958673
-0.1914867984
0.7076872516
0.1814847736
-0.01864302419
0.197715366
0.2130379101
0.1921200814
0.747790508
0.4367971662
0.1549639562
-0.1185798489
0.1780336623
0.6203714397
0.03518787064
0.7073749274
-0.02438597195
0.4446674995
0.2498526033
0.0112117799
-0.06495125312
0.6972617745
0.8638247922
0.614125073
-0.03196279779
0.7265602887
0.9257755689
-0.326018738
-0.441661682
0.2437191665
0.6728447505
-0.05216129441
0.1130647723
0.2909176372
-0.245665998
0.6088273332
0.05600329489
-0.09938765783
-0.2964755736
0.06748674549
0.670870769
0.3868101895
0.2105844956
-0.01407810468
-0.3232151996
0.2868453044
0.04423637222
-0.063545564
0.4715652095
0.5281784341
-0.3650736324
0.07641042592
0.7096182078
-0.3597417533
0.7624055162
-0.4068251153
-0.3706356984
0.03583786823
1.100331854
-0.1174994666
-0.03556966446
0.05399654591
0.005735775642
0.7388904579
-0.2432376888
-0.2597931188
-0.04322917396
1.142207208
0.3713677686
0.06441866793
0.136164685
-0.000267204456
0.2191049088
0.7395275742
0.06380405389
0.6302498952
-0.1871661421
-0.557369031
-0.05570466928
0.353050931
0.4650569092
-0.09506426267
0.484394291
0.3271772375
1.152857801
0.2063096747
0.07593040587
-0.211759685
-0.3023749216
0.2697587583
0.1806600838
1.344211012
-0.07491533384
0.07597955018
0.5900107451
0.5286021002
-0.04892360494
0.05275556948
1.101641072
-0.05083963163
-0.04074615147
0.9434487581
0.6172600687
0.8800246611
1.128348532
0.2008862216
0.7421445906
1.05569261
0.03242039494
-0.2109281249
-0.1437942695
-0.06762324432
0.264913496
0.1227901712
-0.2219721319
0.4539166547
0.4371330094
0.8186209172
-0.2358110808
-0.09781802204
0.4245559677
0.8118324727
0.6112178996
0.542481409
0.9740733661
-0.3320771731
0.4477393493
-0.2798712626
0.2963723872
0.0899992533
0.5117196329
-0.2727821691
-0.4977637351
0.1210349815
0.3773772404
0.1422033059
-0.0569630553
0.8743992619
0.0304093048
0.3062982664
0.3197276211
1.094439819
0.4848193251
0.2955567902
0.5763320379
0.8218140434
0.3311597455
0.4162465765
0.5539626286
0.03012617044
-0.05110370563
1.002395987
0.2184705101
0.6491636902
0.03107047104
0.8313079886
0.1059726898
-0.146547357
-0.2017192848
-0.01914273556
0.7100083001
0.6088388354
1.368059537
-0.08082882091
0.7994059592
0.2707777392
0.2237401225
0.6876964435
1.354593185
0.5285147905
2.28185944
0.4062589493
-0.2151205823
0.5087679327
-0.0918660555
0.8481487401
0.8112998813
0.2375474688
0.8061855279
0.6029973984
0.7279288922
0.01260416657
1.074357247
0.8088222399
0.4995148592
-0.07322646491
0.3928029299
0.5236262172
0.7262777835
0.02835136731
0.850243981
0.6593491584
0.4708500464
-0.06413254403
0.06692571659
-0.09596363362
-0.3808583125
-0.4374911502
0.1112540454
0.5319227515
0.09684956707
0.1878930751
-0.4402905926
-0.2843214542
-0.3464281172
0.2423521124
0.09819372818
-0.1038553334
-0.1969499558
-0.2968250968
-0.1034465116
-0.1518862708
-0.4914989673
0.156368871
0.3837228611
0.1796878047
-0.1276664745
-0.1792917632
0.6452417162
0.5517008513
-0.1181103311
-0.3169358253
-0.4627953704
0.175368043
0.009271152318
-0.08473259695
-0.1710560853
0.008415726945
0.717747464
0.1572087049
0.5199016243
0.450462546
-0.08036597259
-0.2749426648
-0.2551018924
0.2285024496
0.7912629738
-0.1576171685
1.089501567
-0.4361231804
-0.09788326509
-0.3816149294
-0.2774931405
-0.1177419139
-0.5560254946
-0.1862775218
0.6526795883
0.8283712156
-0.3477700427
-0.412579149
-0.3670995995
0.3398769218
-0.08252041079
0.4377600068
-0.3022330025
-0.2488184087
0.5738454238
0.417264536
0.109415023
-0.2499608133
-0.3272966355
-0.5029302362
-0.044362735
-0.2741542339
-0.111949883
0.1426719347
0.1350922354
-0.296172544
-0.2960163079
-0.364712204
-0.185267745
0.1400921101
-0.3851939645
-0.4560440782
-0.1246312154
0.119535232
-0.3914640635
0.4734797215
-0.01507868841
-0.4856475845
0.08241653508
-0.05104622822
-0.2327954479
-0.3117639046
-0.4297855422
-0.2221549269
-0.08471514983
-0.21151543
0.3706310164
-0.5599699154
-0.3476465121
0.5726527102
-0.2922121152
-0.3003011622
-0.1234224083
-0.4004130647
-0.1620700754
0.5982839461
-0.4146366805
-0.2604705397
0.04136428721
-0.2811723292
-0.2895587735
-0.08002968505
-0.4450369805
-0.3364153851
-0.2999559429
-0.2018766679
0.5764574476
0.2243223814
-0.00474318862
-0.6137988746
-0.2912272774
-0.2722438978
-0.1233035125
0.2175531939
0.2674609848
0.3513938826
0.7012358099
0.5189603385
-0.296894335
0.5671826817
-0.06393501293
0.2731557736
0.067660267
0.1747997375
0.1611685226
-0.05125362724
0.1914679259
0.32669416
-0.1104781035
0.6567602262
-0.1084308006
0.1116413403
-0.08229056895
-0.3244892508
0.03767034598
-0.5635522828
-0.08300732207
0.1402836405
-0.3943129636
0.6496453807
0.695915344
-0.2558159247
1.219449648
-0.1124192128
0.183660499
0.6179884396
0.1235516176
1.087339564
-0.2845829055
-0.4367272153
0.2049837982
-0.5339173645
-0.366289185
0.01304417588
-0.2387920808
0.2769343803
-0.3001108818
0.2388734315
-0.298285719
0.5242917951
0.1485744096
0.1108585414
-0.271129724
0.02796073239
-0.3973407354
0.1160455606
0.6729375962
-0.4450585052
0.2584676761
-0.2641818933
-0.09218340516
0.5780413516
-0.5116468556
-0.2722384464
-0.290564242
-0.1647946831
-0.3748575777
-0.1627096626
0.09371693004
-0.5271520108
0.3127964148
-0.05768893864
0.5374760427
0.4456000216
0.190092966
0.3123184497
-0.249922099
0.5468222111
-0.1046678776
-0.4708249614
-0.04046548451
-0.1529907407
0.1655735672
0.4898572423
-0.4122103661
-0.001029605605
0.2881687917
-0.1879012361
0.1213229891
-0.2610008094
-0.5867018789
-0.06115089357
-0.394003984
0.157020301
-0.08685007654
0.4650299288
-0.3129701005
0.07971293367
-0.1953884993
-0.1599619683
-0.2398743022
-0.3830783799
-0.2976358689
-0.4293311834
-0.2283552878
0.5608034134
-0.1396313831
-0.2542684071
-0.5003766432
-0.2166311692
0.5195888042
0.785121417
0.2034608992
-0.3846333846
-0.0207953101
-0.2716723815
0.0346922826
0.2513050821
0.5687408749
0.06973623158
-0.5179400936
-0.3789601773
-0.2604444146
0.7350799471
-0.4756934881
0.574699275
-0.2368271401
-0.1492794663
-0.3347914234
-0.1917067448
-0.4418410353
-0.2710275374
-0.1376897186
-0.2169401102
-0.7905764908
0.370086024
-0.3260590538
0.2988452841
-0.2247287333
-0.3852459759
0.2847231012
-0.1901792109
-0.08800819255
-0.2229790902
0.09652660452
-0.2913821552
-0.408104986
0.4622123167
-0.4009221524
0.1318442855
0.08875994822
0.207585457
-0.2352762647
-0.140710111
0.004801196884
0.1340778224
0.2247954448
-0.06631202428
0.07455547247
0.004034458473
-0.5595734552
0.2663463168
0.01002420858
0.2195155211
-0.1637928922
-0.07957799416
-0.1635834374
0.3542309612
0.3967708783
-0.6029379442
-0.2787362173
-0.02561330665
-0.3383958362
0.4140306471
0.09241530281
-0.1795440417
-0.2405138258
-0.4168853033
0.6569032002
0.09360438343
0.03629587889
0.5950479865
0.421381421
-0.2761890214
-0.09571237415
0.2023465488
0.2476467613
-0.07265411485
-0.1856902432
-0.07096293457
0.344537594
-0.2940197894
-0.1442413213
-0.143304209
0.3372847687
-0.2698014189
0.2390019855
0.08600515239
0.1623055257
-0.157663344
0.8620426968
1.743676662
0.115174645
-0.07431222696
-0.2056928411
0.1207648411
-0.4325657824
0.08076394703
0.5644767918
-0.2842743881
-0.3960756555
-0.2022148326
0.02436786862
0.06424185373
0.2433764379
0.2703532252
-0.09928690176
0.05783640705
-0.05686206073
-0.5046451338
-0.5259965181
-0.03805740774
-0.6699604705
-0.4137179717
-0.09253820246
-0.4575819649
-0.5243084922
1.638455793
0.1385282427
-0.2885605522
-0.2843050335
-0.1569168549
-0.1784441335
-0.1405094985
0.4314027021
-0.2612072149
-0.2127192549
-0.2960762337
-0.06968261451
-0.3075314678
0.3244812027
-0.1181261752
1.454045111
0.4879581571
0.2092528533
0.2446061321
-0.3714593261
0.7167929081
-0.2718792118
-0.3400911897
0.03218679614
0.7363557957
0.414365544
-0.05793190002
-0.4986204864
-0.1522992674
0.1415133305
-0.4351556368
0.3903297324
0.09487220934
-0.01031591687
-0.2456543837
0.0954407366
-0.1664099846
0.2078977816
0.06682530958
-0.3248904273
-0.0525179483
0.07925486397
-0.2350098401
-0.1672347575
-0.06582361143
-0.1118075069
0.1259828393
0.5903200973
-0.4242255058
0.661097233
0.02225638572
0.07805197183
0.1778442837
-0.1007097319
-0.4753099769
-0.2344097428
-0.07632444575
-0.1055443461
0.1528679861
-0.1479371935
0.1595249858
-0.1617394198
0.05104774125
0.02472988591
0.2377432525
0.07864785157
0.4199685227
0.6573318511
0.03967770748
-0.2550641678
-0.1505824488
0.2748625199
-0.4766767547
-0.5080623075
0.5360426627
0.7815109409
0.4201061204
0.1937036328
0.5457643524
0.3689415667
-0.1985524803
0.2806976605
0.3692525443
0.1421822721
-0.3811064158
-0.02970107794
-0.03082334734
0.2262246369
1.055189884
0.04686196605
0.2191226123
-0.4484176949
-0.115408038
0.03100822978
1.062150517
0.116112373
-0.06621139329
-0.07771955319
-0.1265882209
0.5247033596
-0.4978483051
0.3904939428
-0.133904836
-0.04462637277
0.2606127333
0.556466292
-0.2341820387
-0.244165666
0.262815746
0.161438044
0.6073279619
-0.1265586661
-0.3407367602
0.06799710933
-0.4118372984
0.1331418913
0.5565261312
0.1473509695
-0.3368037827
-0.3490823515
0.3782471038
-0.1347625211
0.5973325286
-0.118833079
-0.2558917604
0.7020665802
0.2348242637
0.0004304522648
-0.09082205016
-0.4809974134
0.6414892085
-0.2576122332
-0.1009983068
-0.1691964872
0.1275998494
0.145634624
-0.221181104
0.5040167976
-0.08922524825
0.279322679
-0.3064250797
0.4306023547
-0.2900291938
0.3216935365
0.03475658447
0.1705677943
0.1153462863
0.1197236925
0.5337231472
0.1312283464
-0.1631137095
-0.06531830896
0.4170426989
-0.2968926422
-0.1061585218
0.472481811
-0.4587618515
0.04278649315
0.1464015054
-0.03687677328
-0.3205818608
0.4274247458
-0.1917026602
0.3675382622
-0.1667433619
0.1495546076
1.070924115
-0.3814348698
0.7912044391
0.4235162228
-0.02360617891
0.08807270825
0.5959419655
-0.3204146639
0.03449972076
0.3067262333
0.08105760077
-0.2463726716
-0.1792048089
0.4534476602
-0.4767019615
0.1031877611
-0.1510758385
-0.03442594595
1.418338427
0.5264112048
-0.01137202531
-0.09092766456
-0.3602270354
-0.09227448422
-0.3454973785
0.9318950422
-0.3976182342
-0.4870423581
0.3828839993
0.04593757223
0.4358923703
-0.3450797735
-0.07859626245
0.6033852369
-0.2967850097
0.795971781
-0.1034396535
-0.3741844855
-0.2740459554
-0.5206238344
-0.2891991131
0.4954434872
0.1576066412
-0.08712070379
-0.3544764338
0.1600491546
0.623496886
-0.5417380258
0.1870593097
-0.08831854351
-0.1845939633
0.7787418194
-0.04225355908
-0.0560558388
0.6846507967
0.272245395
1.365706044
1.362246007
0.4752688207
0.7386243401
-0.3887788519
1.106429732
0.4029168306
0.2176565146
-0.2007465493
1.051713899
-0.4057099734
-0.1578479604
0.2549811803
0.1155884329
0.2282326924
-0.1247783443
0.07889983989
-0.1913157538
-0.20074632
-0.2389043771
-0.3822178882
-0.1929459225
0.1065744571
0.1316186026
0.1855457682
0.7997835502
-0.0830986999
-0.241380915
0.4067589244
-0.3926483139
0.05508323968
0.3326847844
0.1415182237
-0.421774786
-0.008388780616
-0.08858026713
-0.2210622523
0.09917538222
-0.003575832583
0.2918529749
-0.1613534059
-0.08542304914
-0.1791259598
-0.2264203455
0.2572317755
0.2778939344
-0.2679685116
0.5735471334
-0.07919769213
1.852816563
0.5034480851
0.1063596144
-0.07464988176
-0.1371541295
1.004196197
0.4690063491
0.5159430128
0.06797104962
-0.06435857695
0.02524773814
-0.130675802
0.5243195362
0.2728145849
0.4759150527
0.1030857746
0.6130470913
0.3954068713
0.5446722217
-0.11049823
0.6366462123
-0.09113405608
-0.02739509121
0.1982845284
0.02110953983
-0.08144707698
0.3018427946
-0.108326089
0.1918297889
0.05252995603
0.119585209
0.4573672578
-0.1812556539
0.9626392275
-0.1180974195
0.5437403992
0.7305443965
0.503635221
0.4095190018
1.324619842
0.03591789175
-0.1389372557
-0.4694195449
-0.3618648559
-0.04505417077
-0.259949157
0.1641125633
-0.279815026
-0.1041473269
-0.5588001072
-0.2476429634
0.3683065586
0.1985193056
0.02540642526
0.03511986937
0.08966385038
-0.2333573446
-0.03866728861
0.7131510992
0.1733404852
0.2376971567
-0.3762986314
0.1190227084
-0.3594026871
-0.001414131932
0.1583868057
-0.01065451913
-0.02579217013
0.5914127469
0.6244501889
0.4602713007
-0.0211335225
0.5334421821
0.5152304903
0.1848212186
-0.1243752806
0.4282386158
-0.4438318565
0.7676751852
-0.06703371257
-0.006672554463
-0.2571186632
0.1728250274
1.32023665
0.2634681352
-0.07097948091
0.9032724321
0.1866065895
-0.2009034589
-0.2502485912
0.3886343855
-0.3389070161
1.008992568
0.1223007765
-0.07054273915
0.2704397691
0.6819301426
-0.4036780532
1.157246888
0.571848689
0.639465031
0.7020775776
0.1764767338
0.06572928801
1.091253477
0.512330772
-0.2918532651
0.07195094135
-0.3333571244
-0.5789675117
1.505567408
-0.1205477726
0.01061127912
0.02432677094
0.08651521653
-0.09419317599
1.320602396
0.08694272246
0.22169199
0.7674342183
2.241327596
1.026889526
0.4689835301
0.8318892702
0.8112190232
-0.3079466522
0.2412889238
-0.1715441361
-0.08071731459
0.02693305761
-0.4297829434
-0.4954687148
-0.2814914588
-0.2990279052
0.2906688586
0.3580257518
0.1868048226
-0.09574599881
0.4750481161
-0.3073610701
-0.2778558917
0.1781183712
-0.103008521
-0.435781762
-0.4427433107
0.3855298918
0.05044385605
0.1862732422
-0.2591538429
-0.1514565039
0.04394962103
-0.006648097653
0.2568900295
-0.00938459849
-0.1465280915
0.435678082
0.0009397253394
-0.0697460426
0.8571718566
0.4386566175
0.09267817102
-0.2487325795
-0.1234819975
1.135136254
0.3428709388
0.1274650682
-0.06019869819
0.2664920095
0.09238898735
-0.1632065419
0.6570486158
-0.02947521135
0.2569377653
0.3025835849
0.2542654872
-0.06969446726
0.5577732942
1.000721142
0.5610698797
-0.3021151803
-0.1750883043
0.7258165598
-0.03015136365
0.1620097844
0.6027324148
0.3989819523
0.67664699
0.7484718695
0.2656666929
0.6162663713
0.5407848284
0.0206567917
0.3681115359
0.2256437592
0.1843349546
0.2591682693
0.2751910586
0.9334832557
-0.3234587934
-0.3398320548
0.4390029352
-0.2468177542
-0.01949318815
0.5583357424
0.2062557515
0.3195795093
0.6393993601
0.8188664675
0.5077475073
1.226355579
0.3461163372
-0.0123874452
-0.04146016757
-0.1479669876
1.000904781
-0.2298518054
-0.06849919762
0.3136913806
-0.0381446715
0.1628024356
0.7486808032
-0.2024934154
0.03670863695
-0.1778838944
-0.1178988587
0.06722886898
-0.08966040052
-0.3496954881
0.3754148204
0.07486007139
0.2696580691
0.2478269909
0.5280673817
0.1187712912
0.7741361782
0.2392105736
0.2704274304
0.6850354061
0.3210587069
0.4961412266
0.5729374103
-0.2244635083
-0.1984962381
1.011400803
0.7854494609
-0.05789470877
0.3911491802
0.05569201969
-0.2453524791
-0.406789064
0.3822335239
0.9569480039
0.05170061272
0.3274921849
1.195310637
-0.1780545723
0.6230400957
0.2788043905
-0.06950611938
-0.04223228097
-0.077420149
0.0575919427
0.01390966028
-0.02922104299
0.8611376554
0.5210431848
0.3231320009
0.6299086738
-0.2509092487
0.3708796613
1.126084855
-0.1806335025
-0.0247934103
-0.1041534744
0.5856001016
0.6603916794
0.5748432092
0.1901722405
0.04787127795
0.1755096639
-0.07035468817
-0.1077437136
-0.4683049321
0.1168178163
-0.2300178528
-0.3524909854
-0.3109353639
0.4785631608
0.4331219703
0.1350154066
0.3477661021
-0.04065019637
0.4222399498
0.595102448
-0.06615443937
0.1045075916
0.9166850179
0.6631448001
-0.08906615451
0.7180106729
0.05245955293
-0.3463039689
1.167045076
-0.5822370928
-0.003849427775
-0.4520899914
-0.3621351555
0.9156343788
-0.3853053126
0.8224849951
0.7536675274
-0.165096618
0.2097650547
-0.1124692885
1.033349114
0.8689276122
0.9516871393
1.28259477
-0.1512903489
0.6860748302
1.183349276
0.3620913024
0.2377674803
1.130902098
0.03878017575
1.04136793
-0.1968948767
0.5652987652
1.03155838
1.318145189
0.5564125665
-0.09409202999
0.8227251805
0.4765365675
1.034042793
0.3092369366
1.643171501
0.4355820488
0.9755153403
-0.4693878964
0.3383876208
0.5150868975
0.7169847719
0.2811552348
0.002937611192
0.9146375284
0.5682099264
0.7530465171
0.5323145162
0.2048924863
1.314197356
0.2891754422
-0.1321585119
-0.2011036314
0.2651674654
-0.1476680825
-0.05490791816
-0.2902731679
-0.2726021487
0.4459018713
0.001695679687
0.2103806425
0.7312092751
-0.1554074198
0.5239705253
0.6652771279
-0.1188667838
0.1298753431
0.494149599
-0.1184420327
0.4110100538
-0.2741829358
-0.2779419105
0.1580944095
-0.06791365929
-0.2013748478
-0.4113470461
-0.5015925676
1.230832819
-0.2845057748
-0.5361153916
-0.2042960901
-0.02152111065
-0.08175967745
-0.09059289247
0.07104328051
-0.112928468
0.4372047558
0.3242913449
0.4156550944
-0.2046130084
0.05111251138
0.2804621674
0.7217871848
-0.06829177067
0.6138469495
0.1044192759
0.3033672895
-0.1246138059
-0.1044989089
1.056729575
0.270059257
-0.1025631282
-0.1514468621
-0.3676795319
0.3872268878
0.7030030213
0.119507766
0.565899184
-0.1985181918
-0.5823885068
-0.04162931647
-0.2282245629
0.2814384321
0.5736804346
-0.009418765083
0.6961015157
0.6002040491
0.8196628615
0.1368028557
0.04589418378
-0.1566918502
0.5035367522
0.3691282723
-0.09008404333
1.255189493
-0.2139421165
-0.1948910818
-0.3339507863
0.558316813
0.5197474997
-0.368099357
0.6108911287
-0.008192160726
0.02367346194
-0.002089408226
-0.1617010739
0.7414172355
0.3692684423
0.1527457581
0.1809906904
0.01895503551
0.03340666392
0.1191705808
0.7469085485
-0.04466270655
-0.5722901881
0.5654201012
0.01889655655
-0.4757231824
0.206086687
-0.3055310503
0.01317076795
-0.4478036016
0.3050884334
-0.2271486122
0.5744274244
0.2303791564
-0.3835304614
-0.1033751179
-0.3227629349
-0.007514800504
0.2485068437
0.2240720503
-0.4733362421
0.6857313406
0.8984370515
-0.2412561059
2.11000976
-0.06161863795
-0.08662544601
-0.2214479059
0.605176501
0.5774699859
0.4877725407
0.995849859
-0.238610597
0.9714273103
0.2210582301
0.3683791634
0.6651000194
0.01712177135
1.176245862
0.7026719391
0.008894227631
0.290327042
-0.07564389594
-0.4528683629
0.7891867653
-0.4017812647
0.04279774288
1.520171723
0.6301855616
-0.003234792501
0.5229072062
-0.07295396011
0.2027457068
0.428972207
0.02454635799
0.6291235268
-0.1559142414
1.017522237
0.6566694796
-0.03192001395
-0.4164969653
0.8206839189
0.8597845092
0.4620694878
-0.1467352025
0.4804541757
-0.1114083178
0.35421701
0.1257053301
0.0006129838526
0.2837919764
0.9823435701
0.2023545025
0.1504500385
-0.01617003493
-0.1406096019
-0.1995538192
-0.1569826931
0.3777951122
0.3531748245
0.965721032
0.1876904912
1.10868229
0.2603846617
0.8320970222
0.5476786658
0.8143872157
0.1751863418
0.7880395308
1.290518951
0.1604042869
0.4553652883
0.259929271
0.5605052657
-0.2362633362
0.09048685925
-0.01024730597
0.05198193267
0.4642486833
0.2290472244
0.1962480646
0.5782549806
0.2428039166
0.06505741645
-0.09591475111
0.329659498
0.06220121155
0.2837254301
0.2079498062
0.2607983837
-0.0180997517
0.1116270671
-0.1774235234
0.06853821427
-0.199916169
0.1192047863
0.7149486177
0.2534565317
0.7045215331
1.424517667
0.9690588772
-0.01980735864
0.2651864931
0.4653436672
0.6985387521
1.705381146
0.5730861053
1.226099488
0.2260263345
0.1131988533
0.2586360324
-0.1034353465
-0.108207736
-0.003551839385
0.3592601124
0.9334345847
0.3135343455
0.4605638769
-0.134069314
0.7614203855
0.081250914
0.3786014182
-0.1825021485
0.7590802431
1.400144055
1.736998969
-0.3488877933
0.4721568972
0.06069995686
-0.2320790289
0.6487399943
0.6801430367
0.04293695688
1.13642653
0.1557959063
0.8981104895
0.2731088731
0.6533061862
1.019813702
0.3538411167
-0.08455369091
0.5773323298
0.08571074568
0.1307723433
0.1913751544
0.1675972447
0.0151358977
0.8990897842
0.472927326
0.4148359545
0.4703396216
1.746108907
-0.002241848409
-0.2372520298
0.1560993826
0.1965297867
0.6509838996
0.1924872607
0.147621857
-0.02748094723
0.2811700761
0.2298970379
0.6219829962
0.9420032114
0.2729971663
0.0796413593
-0.07555626966
0.7882375181
0.7202996932
0.6280279417
0.590812619
-0.2186293864
0.6072670504
0.9075921804
-0.384647271
-0.04638557471
-0.4877220005
0.06266604401
0.1256282756
0.3087880995
1.04452712
0.3050012606
1.06880514
0.3616578102
0.03422849774
0.1608856479
0.1354767388
0.2147645162
1.100679244
0.4477016134
1.241400358
1.269006512
-0.006277532503
1.207318148
-0.1263109345
0.3865123808
-0.06558308788
0.6274923675
0.2893460369
0.4063629504
1.322775695
0.5128703102
0.4822481669
1.147846659
-0.1946395621
0.1301276144
1.076941311
0.7350289792
-0.2136869766
0.5910490602
-0.04999736808
0.9111156248
0.4786526885
0.3772805266
0.7773157179
0.213760253
0.3775786135
0.7020215921
0.17641223
0.2386902197
0.8879630506
0.6554240882
-0.004851150513
0.4470104273
0.4159514204
0.8309846178
0.774770534
-0.07824803619
-0.02757257046
0.7944553249
0.4658036433
1.765935057
