-0.3216579899
0.9476878308
-0.1018528834
-0.3577474788
-0.2355933256
-0.4463352814
-0.2958057322
-0.5019423932
-0.3128243983
-0.6327502847
-0.6160656616
-0.2594971969
0.6131156862
-0.4230458513
-0.3649288192
-0.3997478783
-0.06340047987
1.006348553
0.7618644543
1.470435737
0.02594835572
-0.2080215119
0.6429402649
-0.1315753303
0.5140629232
0.0522766538
-0.06216113735
-0.1008828714
-0.6689841002
-0.6241640612
-0.3570992209
-0.1962964151
-0.3504237726
-0.1608780798
-0.8164634973
-0.2151399136
-0.4141721681
-0.4541777506
-0.269547157
-0.2998786718
-0.5140925989
0.01646260712
-0.5021294847
-0.4407631084
-0.6281081781
0.1467762709
0.4145481586
-0.4298283696
-0.2324973442
-0.100348816
-0.3022303469
-0.297679086
-0.08110314496
-0.06231817231
-0.4953255847
-0.5920224637
0.1242355046
-0.4265764512
-0.044753969
-0.351339709
2.191067404
0.007812038064
1.202453524
-0.6432288036
-0.2676537696
0.6284196198
-0.1252547506
-0.2045350939
-0.3877759054
-0.03889019918
-0.3709823266
-0.3951982439
0.4315106768
0.1650206317
0.1565370362
-0.2715407886
-0.1994691826
-0.2648492854
2.031882221
0.3434111692
-0.4041992441
-0.3462544158
0.06491127927
0.334526472
1.093091957
-0.2953181341
-0.1164264245
0.1589685493
-0.07900174556
0.4429170236
-0.3798239365
-0.008349594497
-0.3272259586
0.7697480474
0.06216850048
-0.4079378292
0.9262056023
-0.2425754849
-0.2509446368
0.06455908329
1.729812101
-0.07418125011
0.8394990034
-0.4198042423
0.1427434952
-0.1711590864
-0.1390783461
0.4000002488
-0.2306717169
-0.03178054821
-0.3633429155
-0.2852595776
0.1146935794
-0.0219671078
0.1099552264
-0.1531262727
-0.345023603
0.1078341948
-0.6098298594
-0.004692289699
-0.6699452892
0.7033749986
-0.4246556565
-0.4355194554
-0.343631731
1.001382824
-0.3696466774
0.03894767696
-0.08242374826
-0.5176119447
0.1193659868
-0.347584413
3.858049273
-0.4025290579
0.04566205982
0.6904303521
-0.1883202404
-0.4194624171
0.2921862002
-0.5968255177
0.0372309681
0.1619755131
-0.3301238209
-0.1157713504
-0.3083702512
-0.03565342985
-0.3421204254
-0.08636228666
0.619128005
-0.2929159038
-0.4049720287
3.405833381
-0.2287543053
-0.5081692636
-0.2394717835
-0.5597643837
-0.42187782
0.395980289
-0.158616152
-0.08285963396
-0.7323597372
-0.3625514567
1.081181952
-0.455558601
-0.5802539483
-0.06534011886
0.09341705032
-0.2508989029
0.3128846301
-0.5017222524
-0.3635237664
-0.5253251895
-0.3006423585
-0.4328353763
-0.1006146444
-0.3777176566
0.2964384096
-0.2477932706
-0.01139821541
-0.2701902427
-0.4158492401
-0.191189811
-0.1570355177
1.110583813
0.4549223587
0.08988355789
-0.4873958513
0.4804565594
-0.2361787282
-0.1085504938
-0.1997313153
-0.3701228827
2.230854255
0.2161428246
-0.4239241213
-0.2055342562
-0.462062639
0.1072111294
0.2092430139
-0.2401752569
-0.4721758813
-0.2710934281
-0.4522935808
0.1152031193
-0.4472948343
-0.286694967
-0.1110433906
-0.06911015483
-0.5598803148
0.07626217306
-0.2549720824
1.011893153
-0.1350815738
-0.5157201946
-0.3271370076
-0.3725861564
-0.1482673548
-0.3738977179
-0.3617608242
-0.1933327058
-0.11105446
0.07956270538
-0.3227117598
0.7233091503
-0.2127105301
-0.4351762906
-0.6338580132
1.096939188
-0.4021814391
-0.2570636783
-0.05102537097
-0.4786696807
-0.01541829393
-0.09827366155
0.03611817965
0.4419653386
-0.1871341415
0.07533740494
-0.1344088951
-0.1863171067
1.726521218
-0.06932820827
-0.3322107822
-0.3093563884
-0.4885933071
1.165536028
0.4791760158
-0.229219711
0.3120648773
-0.2824449338
0.2040273725
-0.2448361255
-0.5990851402
-0.364099966
-0.07219717959
0.03749179216
0.8198205188
0.5897871941
-0.1474617988
-0.1856879538
0.1981267235
1.030959179
1.495325476
0.2446953908
0.008101092558
0.5028151877
0.03315212484
-0.4875734851
-0.2615982786
-0.06616945509
0.06473663207
-0.4089668855
0.69868536
0.03274829648
-0.3899345621
0.760800197
-0.2675394118
-0.3370550305
0.09517211532
-0.1678993352
-0.3971346527
-0.3010773815
0.2266526297
-0.2767918907
0.6159000225
-0.1158160672
0.3381251723
-0.4250332355
0.3600778362
-0.01509321323
-0.5247194365
-0.03147522323
-0.4002716936
-0.3156476751
-0.4567774907
0.3491403406
-0.4708717734
-0.2983968362
-0.281853658
-0.4259480432
0.1168978564
0.003056992311
1.351759557
-0.2546896137
-0.1045391718
-0.4567244992
-0.1266946726
-0.2433611639
1.530164525
0.1997061389
-0.08716648594
-0.2250206485
0.08676492637
-0.458732599
-0.1634761959
-0.3632338718
-0.4599489465
0.5874570772
-0.07204018459
-0.222494676
0.4906377047
0.0244529244
-0.07808737028
1.089753023
-0.3028463021
-0.3088384792
0.1670095744
-0.4764111444
-0.3339549094
-0.2373815004
-0.6485634312
-0.4164870121
-0.217054547
-0.2084855061
0.3625655066
-0.375755614
-0.1463707697
0.3677923288
-0.09306900948
0.7035773486
0.31400677
-0.3904036254
-0.2346630193
-0.3727229618
0.213248035
0.7543155879
-0.1633910414
-0.1982177
1.922146165
0.04810287943
-0.01400906565
-0.2589261591
-0.5928763494
-0.2974593036
-0.5070803702
-0.1437180146
-0.6222983912
-0.1871490609
0.5359903127
-0.3704735123
0.7736882836
1.695214507
-0.3425381329
-0.152570485
-0.1621340213
-0.3464016929
0.1046034739
-0.2640287161
-0.1749206964
0.02757339105
-0.2945153981
1.286563519
-0.5922689691
0.9392178908
-0.2083255455
0.1171974335
-0.183163707
-0.4354687363
-0.4040493816
-0.4238310888
-0.02800181285
-0.4345049471
0.2422974068
0.3294482384
-0.4142291285
0.2334449708
-0.002838329109
-0.3528856069
-0.276583641
-0.1784935419
-0.3568195745
-0.5232632235
-0.4716201022
-0.0746452447
-0.304207743
-0.4880841658
-0.1865537241
-0.08659845227
2.34311986
-0.570213294
-0.3175294548
-0.2498096004
0.352347004
-0.5420241348
-0.1462099183
1.555178505
-0.208673995
-0.006890531699
0.7950172506
-0.2566017233
-0.04156253594
-0.2294872902
0.03384809569
0.2531654768
0.1693607631
0.6291970454
-0.4097154886
0.5276509181
-0.02108630612
0.1805371251
0.7240306199
-0.3766856551
-0.1679795505
-0.143940052
0.3155554727
0.4801394137
-0.2697780482
0.514439752
-0.05714703528
1.004246527
0.663174063
-0.2505958833
0.1201485082
-0.2772375375
-0.07103076074
-0.0004688627087
-0.2572134107
-0.6038182408
0.2732934071
0.5356194854
-0.2772370175
-0.3849097416
-0.1884280201
0.4851137355
1.221626046
-0.2520964056
-0.06468847981
-0.1279335208
-0.3547995612
-0.2551662291
0.3298092291
-0.2384610675
0.1744719673
0.3032925257
-0.3824162923
0.5528855592
5.346128845
-0.1133497443
0.07214158289
-0.1051839482
0.194954231
0.5117461059
1.246207517
0.06875123251
0.1875366261
0.9470643528
0.04713903796
-0.1736217264
-0.2152294919
0.104300197
-0.1966030248
0.5077140369
0.009752637893
1.067902094
-0.06086933347
0.4495288216
0.09810277638
-0.3180992186
1.682439888
-0.414593868
-0.2952156581
0.09599503949
-0.2694546625
-0.451026696
-0.02394856801
0.08698429107
-0.1090223255
-0.1995746687
-0.5102005914
-0.3709901333
0.289573174
-0.3606156237
0.005651583523
0.1519886767
-0.164727813
-0.2035015081
-0.0982005503
-0.3995368525
0.004367403314
0.02149594519
-0.07926362017
-0.3986783415
0.03702784423
-0.1696542852
0.328281216
-0.1918132506
-0.4704354018
0.02716730908
0.1213988688
0.06698959805
-0.04337493209
1.110123697
-0.2945966274
0.4935958311
0.3554179858
-0.3825579002
0.6632535651
-0.03304309361
-0.2164632767
-0.1689350091
-0.3348489575
-0.257714875
-0.006785145961
0.2675416887
0.1805344413
-0.4568880461
-0.04371488108
0.254169051
-0.07054200582
0.8252793729
-0.2396116596
0.6109777207
0.749962388
-0.2037355439
0.1787231322
-0.1370079969
0.5420666642
-0.08139755502
-0.1365047922
0.9241084576
0.6117888428
-0.04939305298
-0.1432800505
-0.09960823599
-0.145632744
-0.04557685312
-0.273434037
-0.1877885667
0.637848141
0.4741795674
0.3586491302
0.3254216917
0.2153241542
0.2608856278
0.3838909023
-0.3362621047
0.3992907591
2.031647629
-0.5640846476
1.17578809
0.2974106036
-0.2870032232
1.416178948
0.05449280106
-0.2807933873
-0.1547875423
2.074304807
0.4369834408
0.7694617443
2.407288659
1.559171525
1.785660434
2.411321384
1.427277873
0.8094406188
2.255449745
1.01994511
0.09562093848
0.1050033001
1.724437129
-0.3388043858
-0.2550494008
0.9877018183
-0.001975792367
0.1086526862
0.04487342583
-0.3912944525
-0.1716647971
0.01867648549
0.07279955479
0.08154237058
-0.6082226813
1.629773831
0.03457303513
-0.2304425448
-0.3709491648
0.9019683555
0.2334693516
-0.2633499105
0.3378002496
-0.3507987574
-0.5244876698
0.6092315689
-0.5593312517
-0.07579098195
0.2643027541
-0.3919361115
0.4634700157
-0.2388641845
0.3804773353
-0.1386173703
0.3518891737
-0.1138588026
0.4182204373
1.020979041
0.3503847403
0.4884130973
0.2043159343
0.2935371872
0.2835064519
-0.03963021592
0.1522355906
0.5736619547
0.8157765895
0.5552548729
0.8725067765
0.6341051266
-0.2416025117
-0.2552975513
5.797793698
-0.08638227778
0.07257935153
-0.002633287665
-0.2315118384
0.2084691077
-0.1442244144
0.2644795406
0.007870235667
-0.1950332671
1.040160847
-0.1863147594
0.3283026731
0.7544001371
0.5104085378
-0.1895555958
-0.1987053819
0.6115305319
0.4878309831
0.51193716
-0.2247327894
0.3521902532
-0.02795074906
0.6092357516
0.3811883263
0.4211345267
0.4033571988
0.4430656068
-0.1892083712
0.05578468852
-0.1452581972
-0.2504021693
-0.05903516011
0.1014162915
-0.2009642407
-0.07303999858
-0.2798752386
-0.5584903076
-0.5694797263
-0.2448651519
0.04010672427
0.03681567702
-0.2256586887
0.2150081867
-0.2374980569
-0.352745638
-0.450547494
-0.1187581792
-0.350976444
-0.04444979066
-0.07351949038
-0.4405661449
0.09818594866
-0.3985736653
-0.01276786644
-0.04144241046
-0.1473683093
-0.319206012
0.05492610577
0.09163046535
0.9849145681
0.00428081709
3.826240456
-0.2828932218
0.3555184521
0.7985127747
-0.08956273198
-0.463047801
0.5139325537
-0.5654519901
-0.1794484071
0.3290469016
-0.02276395047
-0.1105512897
-0.1169386599
0.192772587
0.4095758867
0.221869008
0.46148047
0.2527412497
0.08669182961
0.1001342074
0.292087296
0.8231670707
-0.1487746749
1.417010033
0.2773164529
0.7172406763
-0.05933931465
0.8367132854
0.08816348836
-0.3182385996
0.4664315603
0.8167544037
0.4745623849
-0.02350540813
-0.4467763759
-0.06235479154
0.5554680824
0.6206537396
0.3934935473
0.3834934674
-0.1887672413
-0.09900128311
-0.4633994468
-0.1782360234
0.313815533
1.002461103
0.05071336105
-0.166531854
0.3095273042
0.02868360896
-0.05889181951
0.1886182751
0.1567232342
0.597460559
0.1386785718
0.7972426414
1.012606782
1.857944137
0.5416490253
1.033897281
-0.4412232973
1.611601108
0.5841393705
-0.05661299769
1.071662206
-0.1558821914
2.867363042
-0.2065412343
1.41618748
0.1702466814
0.01335987039
0.5945008218
0.1199884752
0.07752937153
-0.3341324009
-0.3497060187
-0.5035941735
1.10675773
0.4484541386
-0.1235716727
0.4862794831
-0.1547240114
-0.1458669789
0.5141687989
0.02503597536
1.475229928
-0.1873410799
-0.1723992425
-0.002306560893
0.7133827433
-0.1091217288
-0.08327528462
-0.158742837
-0.02697645035
-0.1808014266
-0.2380862153
-0.1240085865
0.7624348566
-0.08441151548
-0.5163222268
-0.004444273468
-0.1456378272
0.2758557536
0.6297971696
0.3540060081
1.161373913
-0.01315761609
0.7694039524
0.8769493103
-0.1131337746
-0.5110670939
-0.171338018
-0.1130103236
-0.384319111
-0.1213960137
0.4864892322
1.434505361
0.2766298009
-0.5309070483
0.1222745958
0.3306068569
0.4248133689
-0.3836986125
1.216574098
-0.4196242131
0.4020553773
0.1293749777
-0.3530006468
1.024091034
0.4716031283
-0.001816180907
1.201968466
0.267457033
-0.1200301712
0.4688500352
0.03633249085
0.02335009873
-0.07720470326
-0.6071269095
0.2741171677
-0.3072486501
-0.3425058015
0.6524566047
-0.2539020836
-0.234743065
-0.5219052762
-0.3152687222
0.1209100849
-0.06803061375
0.4640915505
-0.2676061653
0.1111702624
0.4630523846
-0.2608558819
-0.1684263835
-0.2505041596
-0.4893220812
-0.2489018261
-0.349961029
-0.2165914448
0.1177193122
-0.3767327733
-0.4058211446
1.528801754
-0.1261311017
0.5702941656
0.02811286245
0.9980263785
-0.4311858878
1.436041808
0.8861237198
-0.1485037448
0.2706117047
-0.1192778149
0.2920103367
-0.3187013134
-0.3608970016
0.2171361253
-0.217480359
-0.270529332
0.1772401093
0.763342154
0.3560306825
0.1970305644
-0.1715560593
1.857864094
1.019708133
2.380392039
-0.1521405653
0.210919318
0.1178469937
0.08283317797
-0.4875125721
0.2859560999
1.014911453
0.03521183394
-0.2910548061
-0.1621556479
-0.3017642751
-0.03381815758
-0.09514135038
-0.1236494636
-0.05167463906
0.5870565042
0.1390423347
0.09463029038
0.02013511993
0.09770007934
0.264128572
0.5199073024
0.4640591955
0.008059203811
1.054024869
-0.04812771305
1.102305022
-0.6567213565
0.1710026007
0.6055529464
-0.414261955
-0.3657893762
0.04798551369
-0.486525318
-0.2021551091
-0.2699613623
0.6211162083
-0.4962995514
-0.2098300334
0.02394531276
-0.1851668164
-5.00259921e-05
-0.2617065661
-0.1124943859
-0.1616383487
-0.4253044665
0.4073993482
-0.3277878821
-0.2359725207
-0.152822796
-0.04639457501
0.94843124
-0.1814296992
0.09043932594
1.214775994
-0.05623658141
2.133300436
-0.0411146557
-0.222133687
0.4041308921
0.1515796954
0.1488817623
0.03142100265
1.104749495
-0.2369058259
0.3701458769
-0.3278981134
0.4636009006
-0.05054458166
0.1031740604
-0.4413971715
-0.248605343
0.1392794535
-0.5727616534
-0.4250585154
-0.1703060694
1.763090092
1.567534965
0.3550925635
-0.1938751251
-0.1753586026
-0.3410081193
-0.10717496
0.883474344
-0.4205098495
0.265834742
-0.1148740678
0.126463655
0.3275092304
0.6476237506
0.03822931675
-0.3141939685
-0.2287183508
2.050302783
1.504481795
0.1942238878
-0.4494432256
0.2443580222
-0.3289190516
-0.5640983671
1.70869208
-0.393051438
0.2003039393
0.1186468093
-0.2942001443
-0.2169414841
-0.1513392013
-0.3201539762
-0.1096072902
-0.3214321166
-0.09910983122
0.7932857394
0.09391307896
0.01458092928
-0.4131577149
-0.07113774456
-0.3877816051
-0.6652875006
-0.2665241532
-0.1888308495
-0.3563441515
-0.4833636239
-0.2722348176
0.08330087839
0.2352487224
0.2008324561
-0.6016736865
-0.2033835929
-0.4888498224
-0.4669473529
-0.09796727523
-0.5254630074
-0.3461019173
-0.2878896736
1.47574743
-0.3213352829
-0.1332885714
0.2731165253
-0.1289641523
0.8699373856
-0.4256733879
0.007729114592
-0.4451727018
1.373798171
0.08683366654
-0.324091091
-0.03760446198
1.563142747
-0.004203186417
0.1764533054
-0.006442802446
0.3238383312
0.2413451403
0.7216914199
-0.3577821359
0.9534825404
0.1400406485
0.6636670858
1.079826273
0.5485006854
0.01885481048
0.03643451864
0.1307085048
0.2732025645
-0.08029157966
-0.01243275246
0.0707037569
0.08144489178
0.007771940157
0.5880930007
0.9614117116
0.442231676
-0.0121072608
-0.09696862102
-0.1608042507
0.003974695876
0.4128614279
1.401019672
0.7119412646
1.290289605
-0.1408584518
0.2386063743
1.44955655
0.4451810808
1.146684244
0.1531601521
-0.1463165203
0.05779220117
-0.5127775103
0.9864367217
-0.2068356752
2.709448218
0.7349711716
0.1942842749
-0.1891796958
0.5617235973
2.143171746
0.1274721681
-0.05809576274
0.8956347644
1.483566999
-0.3534984797
-0.1630846441
0.6024166331
1.516508883
0.900749179
-0.3003772803
1.044248873
-0.2620774448
-0.03927891031
-0.4614194751
0.5020767182
-0.07098887693
-0.4433559395
0.2551511109
-0.05298604309
-0.168862614
-0.4069027647
-0.5640777871
1.921428192
0.1078217062
-0.3797083758
-0.1138332712
0.2780651849
0.5260881983
0.576058834
0.1608667003
0.8332796052
-0.1933858335
0.2602582976
1.401844837
0.6804116331
0.3482183409
2.338882136
-0.3534296766
-0.1725524362
1.772435969
-0.2948522421
-0.3600171976
-0.3126881696
-0.007164234668
0.1057417453
0.5133129828
-0.1663365165
0.5897811688
0.1105350807
0.05191095611
0.4195571367
-0.1270531988
1.376931745
0.04205092452
0.2956354432
0.1011469534
0.1209123909
2.350131479
3.256079376
0.1255878894
3.139297915
0.2426226673
0.1304999461
-0.004830148164
0.08257603962
1.004720631
-0.2135763485
-0.08289379869
0.8620422602
-0.2249852125
-0.004497183114
1.443823397
0.6245873086
1.06634365
1.056903119
0.8804153591
0.2122499602
1.0858217
-0.033061436
0.4420731012
-0.2462999005
-0.3236393884
-0.2040753763
0.04380008355
0.4183813864
0.03554681828
0.5981475428
-0.4777953699
-0.3415977567
-0.2188157927
0.5433759168
1.020003936
-0.3453642979
0.842032668
-0.2796258479
0.944388409
-0.4411716193
-0.06177436784
-0.3107543208
0.4291650787
-0.09805625733
0.2958002967
0.5481409267
-0.2109625164
-0.3147323094
0.9908039108
0.2382612791
1.009794909
-0.1984750416
0.1993684648
-0.1788694098
0.6025909215
2.323897046
0.9523964018
0.6110683404
0.021391939
-0.2898104694
0.06764358832
-0.05147376349
1.86873188
1.045037121
-0.1238288381
2.87131173
0.3220109798
1.039713082
0.6165891005
0.06349648698
0.3390637234
-0.3270728283
0.1712158781
-0.08660165463
0.1257442114
-0.3314578712
2.598036879
-0.05136094326
0.3933053069
1.25278433
-0.1870201796
0.112554556
-0.08099042228
0.1712884117
-0.3006451525
-0.2928417318
0.1377641167
0.4293040384
2.775295222
0.9630705103
-0.2696344553
0.8425594404
0.1358218585
2.009087765
0.08083517626
0.03516372889
0.6963508055
1.120438915
3.018121779
0.2741422979
-0.05845481269
0.263463128
-0.2084833134
0.7636113361
1.483724439
0.7775281578
1.337920462
1.342174242
0.2748640388
-0.376025784
-0.4801928103
-0.2550845068
0.05868056919
-0.04037545999
-0.2420202196
-0.4030770354
-0.2651589289
0.3336190363
-0.02218257925
-0.07880204953
-0.1353889935
0.357963147
-0.1593691524
-0.1062684571
-0.3054823697
-0.1815154951
-0.4385734677
-0.4312084377
-0.1745776715
-0.530399628
0.02374161668
-0.4345648944
-0.607934007
-0.3204946831
1.218410733
-0.4700535551
-0.3844220221
-0.2141769931
0.2941689588
-0.2220182464
-0.1563291958
0.1900884847
-0.2986778952
-0.6573576629
-0.2952280574
-0.08255424034
0.5014459506
0.161945357
-0.3788718954
0.06344707087
-0.02851721151
0.001022420079
0.3900321459
0.1618641637
0.7089828134
-0.3727186829
0.5346938809
0.6091440342
-0.4479654923
-0.359130273
-0.4586556226
0.5096312657
0.7165237486
-0.3073843874
-0.3201917045
-0.0008776319213
-0.3626012221
0.235500225
-0.3945281453
-0.3099893443
0.04648034833
-0.03837774126
-0.228300287
-0.4991341025
-0.1186733771
0.4206789881
0.3531161206
-0.3174999073
0.1052412407
-0.1479996886
0.3141054269
0.3034594394
-0.06575750466
0.2073006858
-0.439702487
0.2757959697
-0.3148014285
0.4970075048
-0.4853679389
-0.5902786374
-0.557753402
-0.432424967
-0.08298311215
1.512436485
-0.1868463419
0.4484913058
-0.3454405393
-0.4749414325
-0.2870357528
-0.4321607426
-0.3461660936
-0.1385697711
-0.46181674
-0.2426827192
-0.5036815658
-0.4676751092
-0.4942068845
-0.115124966
-0.06402965933
-0.170606013
-0.1903265987
-0.1536748132
-0.2845448233
-0.3300349429
-0.1378454644
-0.6095103726
-0.09216164369
-0.04001707742
1.841215745
0.4051825138
-0.0973030203
-0.2867617644
-0.3779289126
-0.2721865058
-0.4621975109
-0.2548366316
-0.1980149671
0.4434773568
0.6356021088
-0.02158156615
0.1333346236
-0.1745502613
-0.4130053356
-0.3000703231
-0.3865615085
0.2985449082
-0.4915054679
-0.2294659652
-0.3775816321
-0.2571842954
-0.1077587184
-0.6439857572
0.5096953515
0.3398054164
-0.02472153734
-0.3094735913
0.03719590269
0.2478116278
-0.3454780601
-0.06452978477
0.07324619447
-0.06230815263
-0.07034643041
-0.25267196
-0.3252655566
0.2410946439
0.09301054389
0.1010966429
0.9908342302
0.1767805923
2.394597524
0.2901159486
2.123297998
0.2706411711
-0.2753914766
-0.5263264641
0.05806728411
-0.4562432185
0.06013110508
-0.2701887101
0.4782544143
0.07455829699
-0.2968858488
0.01808728371
-0.09379793527
-0.2436097898
-0.1380919242
-0.3684968486
-0.2307752408
0.1159230405
-0.01747074295
0.04112991132
-0.4606663093
-0.2663090654
-0.2404859945
0.3235324074
-0.2962267421
-0.5803045705
-0.3395310886
0.715254502
-0.04615325378
0.08567456328
0.5929208875
-0.1131227318
1.417833686
-0.0455918611
0.1499501881
0.1867971446
-0.3598648325
-0.2717305757
0.8994384065
-0.2115806542
0.05147225987
-0.04539971864
-0.09467450641
0.3791385097
-0.1913570058
0.9517098337
0.2130497018
-0.3331842557
1.030813608
1.749314243
-0.4626292422
-0.04131469568
-0.06270929798
-0.4683060706
-0.4778530478
0.1443019252
-0.1228056189
-0.4209233776
-0.09740556814
0.095622297
0.6331277017
0.02718681097
-0.4707249537
-0.3154923588
-0.4062181562
-0.677701962
-0.3466323763
-0.4128928944
-0.09340342283
-0.3764075324
-0.009956130758
-0.1590091667
0.3273588054
-0.4234404191
-0.4221514702
0.1610256553
-0.3982562579
0.3207577229
-0.1172692802
0.1965881523
-0.6112752467
-0.1731990851
0.1260713698
-0.09053878337
-0.2808784261
-0.3202562816
-0.04278925583
0.2944927679
-0.1742597368
-0.5095938176
0.003313270211
-0.2699260421
-0.634187904
0.5468137063
-0.5863261089
-0.22281189
0.06306327023
0.8660570979
-0.6431900337
0.4574722292
-0.5534745097
-0.2802136697
-0.386113777
-0.10647307
-0.5455545202
0.2543706587
-0.544509469
-0.8274864346
-0.679453516
-0.3649889827
-0.4585387886
-0.4735240303
-0.6136146769
-0.4695226252
-0.1913769383
0.9902217641
-0.6001360849
-0.1386456953
-0.2019425549
0.1268047936
-0.2445361111
0.8391523749
-0.4814489752
0.2234162761
-0.1606114302
-0.1685635311
-0.07257139767
0.4244474377
0.1890107516
-0.4069679305
0.6317257307
0.2418083783
-0.06933004223
0.220997405
1.205934238
-0.1789443871
0.9671245426
-0.4114907071
-0.03407033607
0.3188740224
-0.2296421934
-0.3905717388
-0.2860608801
-0.133488779
-0.5236453652
-0.1541806437
0.1420877954
-0.4346740991
0.5909248471
-0.3242526665
-0.327433151
0.08645662325
-0.2377120577
0.07629685216
-0.3331412166
0.3676225195
-0.4567801192
-0.07667127792
-0.5073056281
-0.2306516677
0.1323571152
-0.2597945489
-0.1661990158
-0.2991254821
0.1057688788
2.313940212
1.100448868
0.3257727347
-0.04737071414
0.06809271863
0.5121734529
0.1798920282
-0.4002058171
-0.6239214361
-0.365376842
-0.6827104777
-0.2287343398
0.3157341292
-0.2633856066
1.509643748
-0.4752007112
2.050905734
-0.3703216262
-0.04857146386
-0.5122652352
-0.4212226629
0.138162118
0.3289024584
-0.1015056496
-0.5887263075
-0.5178080812
-0.1349614402
-0.1572289802
-0.4445208505
-0.2517750077
-0.8395917296
-0.1602826245
-0.04081074828
-0.1240603598
-0.6490218997
-0.3425325647
0.6831793591
-0.4131201878
-0.530599077
-0.6231787637
-0.09705270976
-0.3090729378
-0.3440505832
-0.5059738554
-0.6360607922
0.2302943249
-0.07141191131
-0.290574405
-0.06969058681
-0.6541620046
-0.3764136866
1.520650566
-0.1724065997
-0.3641869187
0.154271864
-0.584797886
-0.1584612103
-0.2898629814
-0.3629113168
0.07055153809
-0.5819267765
-0.5281540722
-0.2559708364
-0.5844155848
-0.3910735816
-0.3760201931
-0.5181367993
-0.293175225
-0.7874756426
-0.4213721827
1.48058514
-0.1779940526
-0.348659236
-0.4709099591
-0.4033602446
-0.5931604385
0.03621310163
-0.4523805007
0.056635697
-0.258718656
0.1698383197
-0.2191724889
2.392328188
0.2504088875
-0.4706304088
-0.1246675514
-0.1242710013
-0.1119288718
-0.472168842
-0.5302574128
-0.5188640326
-0.2614333637
-0.3358907662
0.05506054405
-0.3016595542
-0.7002678633
1.127520721
-0.407724911
-0.376233203
-0.5366082028
-0.5908777609
-0.3779831663
-0.02996125082
-0.4962452397
0.003249778412
-0.5667533517
-0.311751046
0.4847741887
-0.1290015867
-0.3741327412
-0.3087162554
-0.5950057387
-0.2293959523
-0.5676557064
-0.4953991577
0.1227711548
-0.4948939428
-0.2147812638
2.920073104
-0.4100364715
0.444983805
-0.08255607821
-0.2532913804
-0.1537842952
0.2548885373
-0.06164867915
-0.3488938227
-0.27841224
-0.182607187
1.238465038
-0.4296021029
1.045740184
0.3194336191
0.5490311563
-0.3531191394
-0.3108474031
-0.2330854617
0.1365734164
-0.6209250927
-0.3538304761
-0.1966039058
-0.2093299899
-0.6770867079
0.02919501588
-0.02374164257
-0.04173733033
-0.4984348401
-0.3591974005
-0.4823073179
-0.2040771317
-0.3489006266
-0.1453859968
0.3118736722
-0.5515965506
-0.5182421073
-0.1666972928
-0.385207954
0.09146042941
-0.2859434433
-0.2082503811
0.05319013982
-0.4550028428
0.09249001816
-0.2444729038
0.1625046012
-0.2425179243
1.389605248
-0.1238802167
-0.1240150394
-0.3887455255
-0.07306770096
0.3861145012
-0.2349060711
-0.0249360051
-0.0246752046
-0.4511185154
-0.3000195056
-0.2769509204
-0.06411811572
0.8972258955
0.02218414489
-0.2120532043
0.6470731139
-0.277068536
4.222123134
-0.2338351335
0.7806451917
1.072694734
0.5947442278
-0.05405167742
0.3445824202
-0.07451860495
0.7942563683
0.4509598784
-0.3373186752
-0.4831223905
1.913378796
0.1756466619
0.2093448898
1.019229752
-0.04113044566
-0.2452282071
-0.1843051203
-0.2017452963
0.9899633676
-0.3524312943
-0.1309182176
-0.3967668936
1.298953384
-0.1521874057
0.153867895
-0.3005157128
0.0241150979
-0.05326919891
-0.2882914431
-0.4298431173
0.1655689536
0.2640375502
-0.1074024413
-0.2607282288
-0.3229675844
0.01483229576
-0.04982898869
-0.09659633376
0.4821723528
-0.3462113649
-0.2956159115
-0.5282444835
-0.6136482567
-0.008971725032
-0.09560498083
-0.3094459094
-0.2810949162
1.36570884
-0.4933512852
-0.196318366
-0.4897607431
-0.1775843292
-0.1518105876
0.06404729569
0.9258414596
-0.2548486143
-0.2363648351
-0.1991185483
0.2371361125
-0.01172995621
0.8408232599
-0.006090501882
-0.1138431463
-0.3736634731
-0.2583360229
-0.3941133484
-0.2816737868
-0.2649762258
0.6351980403
0.06694319453
0.210025009
2.131649774
-0.3305829629
-0.4066689268
0.02860850119
-0.1772819497
0.2682800226
0.35635936
0.7627712101
-0.6987855583
0.0143283586
-0.3075861633
0.2599219494
-0.3447601102
0.2965356625
-0.2438767068
-0.2408184648
-0.378731741
-0.03244789685
-0.4546449877
0.3602528403
-0.5230693907
-0.231449556
-0.3012934491
-0.2408643067
-0.3544504233
-0.1248031545
0.09918936593
-0.4809651583
-0.3537469439
-0.399827604
0.2784176808
-0.3082207128
0.6090064898
0.5929671142
1.071131834
0.9438367516
-0.07325476855
-0.1951252423
0.6450968258
-0.4353534475
-0.2769293446
0.2340931277
0.20975958
0.1148193656
0.5777497679
0.8200258538
0.8067134172
0.6847858787
1.607979882
-0.3982111476
0.3452279605
0.3868769746
0.8450397775
-0.1003124056
-0.08390524797
0.2788504321
-0.3200771578
-0.2116919301
-0.1253684121
0.6945710421
1.904702738
-0.1612475816
-0.09618797475
-0.1962131612
-0.05418608328
0.5935676247
1.291373289
0.3146218073
0.04365905626
0.004493995197
0.1342097461
0.09832125623
1.201564419
0.2896687881
0.07799563012
1.525215524
0.8438825116
-0.2731413431
-0.3259324521
-0.1730138795
1.161753375
0.1602767886
-0.1817317568
0.005343813263
-0.1796171185
0.1781443704
0.9895313874
0.08515448887
-0.3222046718
-0.3989450261
-0.1741080318
1.698385075
-0.2088993557
-0.2652520649
-0.4090698086
0.2836596407
-0.2658565991
-0.4607415721
-0.2206188805
0.2091542763
-0.5524966747
0.09719566759
-0.1292257877
-0.2450488329
-0.05095426645
-0.3141732901
-0.2694333851
-0.3556751326
0.1276220008
-0.01890939195
-0.07069241088
0.05331216585
-0.3562781513
-0.3258134596
-0.09658246133
-0.5134102508
0.5511318777
-0.2249504901
0.1713126977
0.1455229654
0.4097633328
-0.03333077217
1.223365328
-0.3190085731
0.1312609484
-0.01923544295
-0.02156829401
-0.1712900682
0.6892234802
-0.2210630305
1.225283593
0.5550643176
-0.2706116676
0.1329197004
0.3480913955
0.1116556528
0.195794387
-0.05741207302
0.9201706976
0.939577426
-0.2414687194
0.2876901221
-0.5547814712
-0.1215108056
-0.03075802103
-0.15324766
-0.3520857193
-0.4354219981
-0.1631238367
-0.173607192
-0.2888565123
0.06219901722
-0.3479828946
-0.4563341141
-0.2112645708
1.214374217
-0.7316288367
-0.5441406846
-0.1960498964
-0.2976094075
-0.2341431797
0.5876218142
0.189346968
0.8812130153
0.3917409372
-0.1162798462
0.320931486
1.1676443
0.910793969
0.3736512735
0.5751521505
0.1651705895
-0.4647137567
0.515449363
-0.2056648672
0.3374121245
0.07909623198
-0.5348843053
-0.04813970271
-0.1945816468
-0.4968915775
-0.3937287614
-0.05691139922
-0.2719093151
-0.05074191624
-0.130818964
0.2311214948
-0.4131643295
-0.3803253546
-0.4077797413
-0.5686369359
-0.2205984276
0.7134041362
-0.5288203239
-0.6656827897
-0.7078216538
-0.4102027811
1.191969776
0.5250394866
-0.6383182317
-0.5903309211
-0.3800768375
-0.486935541
-0.04426573478
-0.2838526443
-0.4929109946
-0.410936673
-0.1431959702
-0.2506459046
-0.5315701991
-0.121454187
0.3020334756
0.9458604276
0.04920512801
0.3521338749
-0.2629803278
0.1086020342
0.7779210061
-0.01498977644
-0.2681235433
-0.009559758613
-0.1922611766
0.05882608928
-0.2239117816
2.299048942
0.09112405926
1.078532144
-0.2310129354
0.3988915965
0.1149534096
0.2502043822
-0.5320462763
0.06950303726
-0.08717431687
0.502654551
-0.1918885186
-8.208448999e-05
0.4403544061
0.7805515379
-0.3617321447
0.1798995439
0.2788600525
0.6575723588
0.7471703395
0.600462237
0.2087410798
-0.2244811729
-0.08103160812
2.123252356
0.6082552269
-0.3117117092
-0.3062169783
-0.1539997701
0.5782101586
-0.05542611019
-0.07845233157
-0.2754180938
0.9436388165
0.04937202632
-0.750935781
-0.005906955898
0.1445287561
1.620110616
-0.3548882633
0.728806442
-0.2728618026
-0.2302115038
-0.3515842557
-0.1383663656
-0.4707607195
0.2964998327
-0.2212665625
0.5949844316
-0.3915488347
-0.4454616681
0.2125784675
-0.1086426275
-0.4695778817
-0.1904342249
1.99683854
0.2727757525
0.799001959
-0.2859016828
0.1701582051
-0.2462806016
0.1367688173
-0.1301853371
-0.2277312294
0.06068837303
-0.3173109524
-0.7047759369
-0.2932686871
-0.1910226206
-0.3485178001
0.3862769298
0.6889035054
-0.09543724842
-0.2600738212
0.1284054674
0.1810202073
-0.0444564715
1.337543112
-0.6004514471
0.02319404855
0.1037561363
-0.4225812718
0.154043808
0.004193304572
-0.4477236718
2.132695335
-0.2347978111
0.4373219676
-0.4156128362
-0.1265236283
-0.2585088903
-0.4555577785
-0.01674395024
-0.2147555605
-0.1291907409
0.6161864246
-0.4258856237
-0.09944290817
-0.201590918
0.5554275513
0.9710528582
-0.2331962153
-0.2919364147
-0.4261282191
-0.3181699574
-0.1675294939
-0.1867593659
-0.1200137248
0.08494326873
-0.1174175933
0.01401694252
1.096690233
0.001102068648
-0.06875622738
4.907601774
-0.4598750725
0.138986673
-0.0169686785
-0.2480748329
-0.1319088522
-0.1878806589
0.3377748944
-0.427836515
-0.5587577656
-0.518980062
0.2559120253
0.3603189342
-0.500648208
-0.02871974045
-0.3642478988
-0.202138583
0.4900216639
-0.2169767838
-0.4610809386
0.6435001813
-0.3083324157
-0.2414930694
2.085620606
0.1581942524
-0.3974225491
-0.552825959
0.2485494222
-0.4316250339
0.7249988496
0.04070531279
-0.4066351667
-0.5281487107
0.01114712923
-0.5964817941
-0.3727714449
-0.2934131645
-0.2060772046
0.3825926408
0.783074449
-0.02022011448
-0.4700144976
0.4995661452
-0.03627039138
-0.2350136895
-0.2567209125
0.07671832871
-0.4678066179
-0.2456117623
-0.3049597144
0.5363341004
-0.4924771115
1.208383703
-0.5653020993
-0.1246683549
-0.4171639457
-0.2160709498
-0.4310027719
0.2018420197
-0.1447779022
0.1585732922
-0.497565116
-0.426168409
-0.2497218564
0.08116249535
-0.1206748459
-0.2937709242
0.3238326158
0.08509965483
0.6304074779
3.026412988
-0.09364274759
0.06993736923
0.06009794418
-0.004074961739
-0.3858992308
-0.07169946637
-0.1386111269
0.02377412301
0.3151246663
-0.3932280414
-0.4625735015
-0.04136382714
-0.1479195436
-0.5143226981
-0.4835729107
-0.3101807728
1.623485491
-0.07228946104
-0.3402538858
-0.3728298575
-0.3047579139
-0.06851218678
-0.2288825639
-0.02279970292
-0.2193492163
0.1943194669
-0.4476042658
-0.5369037047
-0.1053517468
-0.7143280476
-0.255208331
-0.3694865346
-0.3135852575
-0.2671787463
-0.484056069
-0.3520241484
-0.3573282927
-0.4426022977
0.2297666358
-0.379847157
-0.4008373126
-0.3512343705
-0.1959848726
-0.3518318355
1.112079555
0.6478715902
0.8919835538
-0.3814643875
0.1278580207
0.2899336118
-0.05897257412
-0.03301101928
-0.284805508
-0.1894855738
-0.6168446422
-0.03976836968
-0.07548215017
-0.2123708453
0.2224486798
-0.03304110337
0.211262533
-0.09618785195
-0.4966679394
-0.4748772331
-0.4648675829
-0.172006283
-0.1846235231
0.4128347426
-0.4101306394
-0.5795682549
-0.02057310482
0.3126053597
0.1310271594
0.2306871686
-0.5332898051
-0.3472422726
-0.3953882724
-0.6000747457
-0.393446666
0.09926444991
-0.05152467825
-0.3167337671
-0.5798288584
0.02155278809
-0.2154578775
-0.1763527473
0.5641045138
-0.5091436684
-0.4119518496
0.371438019
0.05174046531
0.1209013775
-0.3158587031
2.525299209
-0.1649900453
-0.412857087
-0.5751278207
0.2543742048
-0.05292498209
0.06994099999
-0.1390580731
-0.2409732409
-0.5215520233
-0.6589610696
-0.2680118337
-0.1129366234
-0.5679242328
-0.2004654815
0.4046139559
-0.008460317645
-0.4668233491
-0.2524749599
-0.309493449
-0.4294530883
-0.1590411369
-0.3929307237
-0.5679746792
-0.4168069363
-0.2678234525
-0.3286900431
-0.5271999791
-0.3510138869
-0.6636434019
-0.4656137511
-0.1371810379
-0.1879623923
-0.1395436112
0.04895216748
-0.4993323624
-0.2760717124
-0.1772128746
-0.1156882474
0.4421825787
-0.4911493935
0.001566422358
-0.1110655127
-0.2833905138
-0.4120520204
-0.2951118715
-0.03766742423
-0.2772116572
-0.1597247668
-0.6971643224
-0.2167969845
-0.2199530397
-0.07514173938
-0.5607524559
-0.269662419
0.5553382374
-0.2753592916
-0.2598528687
-0.2156883255
-0.161563534
0.1625854789
-0.1652516894
-0.2512875028
-0.3372662902
0.4838529937
-0.2174325019
0.3922385165
0.6506789118
-0.5358226269
0.1052082387
-0.04232396325
2.358995509
0.536243739
-0.2063063204
-0.09241943117
-0.2750020161
-0.1061405332
0.2743892472
1.287916049
0.07279454377
-0.1592746351
-0.4356467173
0.008778469451
-0.009316481557
1.172819272
0.4802354876
0.06414715992
0.8108632296
-0.1665229309
-0.6301613852
0.4405865565
-0.3556540988
0.05618560137
0.4316722997
-0.08973557167
-0.239230638
0.1866439641
-0.135162861
-0.09061059114
-0.07193609625
-0.2521441266
-0.3116352089
-0.1991451695
0.08203475419
3.398131722
0.08125390299
0.01735032853
-0.1645211311
1.238823807
-0.3399516329
-0.07588133253
0.8065962717
3.779975724
1.053499001
1.158492854
-0.37536195
-0.1854377132
0.1220987865
0.1378252228
0.1598635456
0.161721169
0.1592012764
0.06326499088
-0.07337721894
0.1629020525
-0.3413525324
-0.388907098
0.1744074849
-0.09815793633
-0.259538142
-0.2876928203
-0.3167264417
-0.3895577863
-0.2324630551
-0.3041014403
-0.5379184112
0.1905621856
-0.389642138
0.8147308886
-0.2175512969
4.157763326
-0.1424978331
0.03413428012
-0.3414501935
-0.2694997717
-0.2509136915
-0.04756860994
1.279891497
-0.0480262477
0.8244514391
0.5755314115
-0.4222632721
-0.21564622
1.171829116
-0.2011574352
-0.5964784682
-0.2847049378
0.396694835
0.3913529062
1.234699216
-0.2996739417
-0.2104900829
-0.5928957313
0.3443187188
-0.08845379017
0.3133656893
-0.0621992941
0.1789956668
0.5664906099
-0.2998334982
-0.3080460168
-0.4416773476
-0.5655968025
0.3121495821
0.05507855504
-0.4012022275
0.4303620972
-0.4138925023
0.3191286592
0.1565368511
0.1305513709
-0.5195615962
0.1482671378
0.1272662307
0.4533914294
0.7282182127
-0.1226676902
0.2232734488
0.7151627764
-0.07201731303
-0.2957294561
-0.1327665804
1.387456882
-0.1384998856
0.2933705127
0.04060911024
0.4284716856
0.03505472969
0.579623352
-0.03341250885
0.8875832111
-0.3306596458
0.5800197616
-0.1069649551
0.03484772779
-0.2676309027
0.1795560651
-0.2457011875
0.8051887617
0.07571302685
0.3865583099
-0.1055440574
0.07473298712
-0.3021689951
0.03890059208
-0.1898188824
-0.4194716647
0.01897874782
0.7582746014
1.187425458
1.774161959
0.8996327639
0.247750917
-0.165826197
0.4826836392
-0.09871168956
0.4405746908
-0.2425798535
0.06277956488
0.4866399586
-0.1771946806
0.1561700135
-0.2614307806
-0.2849956691
-0.4735510096
0.477200665
-0.3654839098
0.716810149
-0.1859838404
-0.2764846385
-0.08124086
-0.5239795424
0.00192566812
-0.4522714205
-0.6006678805
-0.6173683584
-0.3860891782
-0.2731625587
-0.09863131046
-0.4737275735
-0.1519786658
1.750102513
-0.2149651972
0.4373776115
0.132715668
0.06507873521
-0.1439981025
0.8874180019
-0.2859198175
-0.09253485994
-0.1861136615
0.7004937604
-0.2712000974
-0.1984403223
1.792065012
-0.6454329014
-0.4429145038
-0.100498011
0.7200186186
-0.09770240877
-0.1366127217
0.7272858722
-0.5624281183
-0.2827612981
-0.3097001918
-0.1549005438
-0.3294494316
-0.1862343319
0.8567283817
-0.4472925156
-0.09552963749
0.1852691437
-0.5287369549
-0.3086048499
0.02298324453
-0.3477321208
0.01220591823
-0.3974370509
-0.1843577834
0.03196655791
-0.5823057428
-0.5476666301
-0.6659409866
-0.3021302804
-0.5724302471
0.2007429738
-0.1417761577
-0.3987306595
-0.5954371452
-0.3149063066
-0.03977522161
0.06594070066
0.10938182
1.10372225
-0.4017419934
-0.6107275218
0.1092293572
-0.008217040263
0.08962465646
-0.443367999
-0.3161547922
-0.2133468673
-0.3428511217
0.3241171107
-0.6149196163
-0.3957188621
0.05422402304
-0.5102973819
0.1413192316
-0.1705729043
-0.307725881
-0.4733456478
0.6184380144
0.4880850342
0.002687201928
-0.3459926333
-0.4593917981
-0.2705874648
-0.4883499846
-0.5779616296
-0.1528143795
-0.5580483466
-0.3624438547
-0.5255332664
-0.4054856472
-0.2307293624
-0.516022259
0.2269637225
-0.5461794868
1.384073627
1.303811143
-0.06623909641
-0.2967882462
-0.2961544074
0.5551693425
-0.2786541391
0.1706618206
-0.03381990213
-0.5363937914
0.3398239281
-0.2798368078
-0.3981332727
1.174030963
0.01788119022
-0.4603504136
-0.4144633487
-0.4847971112
-0.5771032289
0.1496511134
-0.2638126202
-0.03687726976
-0.3349893548
-0.3947827175
-0.1987142872
-0.06935684979
-0.284673667
-0.1942027684
-0.1523428064
-0.07315043099
-0.2573419571
-0.3960107833
-0.5377034649
-0.2649374515
-0.09874487035
0.3350331623
0.5519614132
-0.2388874646
-0.2191621497
-0.4738864183
-0.3882194951
0.1277645428
0.1435201397
-0.03782195821
0.438357072
-0.1630124828
0.3516270792
-0.4138675153
0.08053296991
0.628798791
-0.6282803074
-0.3519699529
-0.6311570346
-0.6727165118
-0.5756105006
-0.08586910595
-0.2077341742
0.5046391435
-0.1462802812
-0.3399452768
-0.2271722013
-0.4028941065
0.2460893288
0.1616814597
-0.4308988169
-0.273158478
-0.4132082283
-0.5925363258
-0.3326929972
-0.01576133911
-0.481866245
-0.06490510721
-0.4213725165
0.2297970103
2.885218954
-0.416848439
-0.3684078455
-0.1226126344
-0.09713608827
0.06605621716
-0.1615863355
-0.5176292762
0.9515933007
-0.2742761157
-0.379634802
-0.423344598
-0.1921246633
-0.1209305566
-0.2577117532
-0.3236464694
-0.3525571339
-0.2756186269
-0.1360697413
-0.1442199796
0.1836919515
-0.3837349676
-0.4842943624
-0.5781697243
-0.353865774
-0.1907244248
-0.222908733
0.8680010319
0.1004470064
-0.5565470502
-0.5446987651
-0.540601103
0.4789050844
-0.193376511
-0.6453745365
-0.5793899402
-0.2315726927
-0.2711270064
-0.3036830015
-0.1515539316
-0.1963362858
-0.487843354
-0.06693505608
-0.4745679259
-0.5436925024
0.02419673838
-0.2284941629
-0.2163981259
0.2639178892
0.2677398719
-0.4907999486
0.2303496603
0.1259419458
0.4924699353
0.01310649812
-0.2211176094
-0.5441763684
-0.2980273366
-0.9154162884
-0.4899806127
-0.5607839808
-0.3669166677
-0.6048216909
-0.4818008363
-0.3064466968
-0.26641711
-0.4236167043
1.012436363
-0.1562293198
0.3042172976
-0.3499310404
0.0745773538
-0.03539855536
-0.5068025485
0.1017881741
-0.2719408736
1.141285656
-0.2124050993
-0.3180354103
-0.190944935
3.575901484
0.1138712638
-0.04246759955
-0.458888112
0.5052103586
0.3675573725
1.192436123
-0.5801758841
-0.2970711775
-0.5647398934
-0.2255905483
-0.4052831322
-0.3816675559
0.1075415025
-0.4055018127
-0.2869553283
-0.1381394366
-0.6088886872
-0.2285518467
-0.5265300795
-0.2804228991
-0.4497015685
-0.3007872246
-0.3732317388
-0.2615671679
-0.5727740705
-0.347450617
-0.3763837948
0.3628921755
0.4909522742
0.3623445094
-0.02827817101
0.06733964877
-0.459465611
-0.2049086237
0.04908199385
0.5236219551
0.7926623732
0.3606939431
0.1539892541
0.487840087
0.02126620533
0.4893206373
-0.3249547429
-0.2099841218
-0.1064236222
-0.4674133368
-0.1104610417
-0.4171347976
-0.2697742969
-0.442499131
-0.6398580894
-0.1544713713
-0.6406019986
2.824157286
-0.5799864665
-0.3677337661
0.9732861727
-0.5492652312
-0.5541306898
0.1097784489
0.4092641532
-0.3612210199
-0.6189767152
-0.5476500541
-0.4930795118
3.795867109
0.07044997625
-0.4281827882
-0.5720991179
-0.1269586815
0.02166331927
-0.3233869515
-0.6105142176
-0.4985929504
0.3583715757
0.02298132586
-0.3962385967
-0.1001907321
-0.55671442
-0.1674227726
-0.2088144751
-0.4221451193
-0.7333103314
0.4201055832
-0.4517616972
-0.5884801984
0.5949128926
-0.7059911162
-0.03656254057
-0.2587350897
-0.4956301123
-0.403082221
-0.7776016295
-0.6996477634
-0.5884613946
-0.4448338002
-0.3297505043
0.3394145703
-0.1972417653
-0.1941078855
-0.02454304751
-0.1389912046
0.2803872876
-0.05104837269
-0.4981969163
-0.3638099521
1.610990497
0.009034605138
0.002089039423
-0.5682797536
2.297715557
-0.2364614241
0.2395281225
-0.5206710771
-0.5309946015
-0.4211836442
-0.7070522845
-0.3776029557
-0.1227412306
-0.2416915912
-0.1065571113
1.137159029
-0.4616196558
-0.5138139173
-0.4586900085
-0.6713552296
-0.6627668023
-0.4925763443
0.2815563126
-0.56873454
-0.3238889944
-0.3397452667
1.141564205
-0.2740205809
-0.3886142895
-0.210211828
-0.06430477668
-0.406328617
-0.4494146079
-0.4881110683
-0.3544577971
-0.5796230063
0.3372368
0.4528149419
-0.4703981295
-0.3705437332
0.1689399839
-0.03539675996
0.3272114987
-0.07716159057
-0.2202329047
-0.2692679904
-0.5116327763
-0.4190796703
-0.261191719
1.027832981
-0.2772164263
0.52018083
-0.1520286504
-0.1850117143
-0.5039174169
2.424217439
-0.155748954
-0.5314062014
-0.007065161597
-0.06570629273
-0.278320422
-0.5253856033
-0.2630151019
-0.5664505213
-0.654896313
-0.4479939044
-0.1436389647
-0.4191080347
2.29640854
0.08392713983
-0.1124605749
-0.2302693978
-0.2744154446
-0.0897409413
-0.1016047144
-0.6295732036
-0.4090492263
-0.1759009486
-0.468265558
0.8373177394
-0.6107496649
-0.3523224868
-0.1462861691
-0.2195826312
-0.4331135914
-0.3908159971
-0.1891650397
-0.4781977803
0.02904943638
-0.3205955632
1.219025409
-0.598235704
-0.5928443447
0.2155023815
2.198743248
0.0639150762
-0.2335061386
-0.7412922591
0.7357545793
0.8181902587
0.8750101335
-0.08110022401
0.2360040681
-0.2541414488
0.4404112466
0.890707938
-0.448528938
-0.6479670137
1.084723358
-0.2083448546
1.124228054
-0.2048535995
-0.205722555
0.1620957064
0.4743815213
-0.1117209569
-0.1810734896
-0.5841737568
-0.1368184566
-0.3170272857
0.7797019929
1.903634995
0.6043850899
-0.1922480114
1.453129363
-0.1615041584
0.09672692143
-0.3420900732
-0.2070929233
-0.5505921423
-0.06021141056
-0.4970070779
0.05086764991
1.02665087
-0.1090040576
-0.4327170327
0.0288699179
-0.107579744
0.7907432884
0.06796138873
0.4480834259
-0.2673981369
-0.3408247627
-0.508922258
-0.3813995205
-0.3436504789
-0.4187210858
-0.09681356382
-0.2241904765
-0.1960175112
0.6771822348
0.01878513508
0.5562138084
-0.5000252187
0.4454950439
-0.4390213653
-0.4617710635
-0.2308148384
-0.2408230282
0.2688925922
-0.4198379219
-0.35065846
-0.07544652876
-0.08215527982
-0.0893411357
0.04642504891
-0.02090992965
1.176839787
-0.4472476706
-0.2573132068
-0.345503743
-0.2626450079
-0.3173180509
-0.1454489835
-0.256211514
0.1166383375
-0.2125377672
-0.1346550303
0.2678174084
1.186686812
0.1621178344
-0.4885499492
-0.3296123192
-0.3694966748
0.187409809
-0.3160722293
0.5935839847
0.7842904896
-0.309463089
0.5129306867
-0.1888283554
-0.1610912399
0.0007778412197
-0.5047066048
-0.06164953364
-0.3081705622
-0.4792123556
-0.3459079266
-0.5747577056
0.7334744588
0.4266579635
0.8853581309
0.3697701325
0.1188890025
-0.1248782579
-0.5559018776
-0.4841665179
1.31101968
-0.3907762878
-0.2930742942
-0.06068207063
0.1936063134
0.5489036374
0.3344412794
-0.1860667873
1.636699405
-0.1243218567
-0.3666834146
-0.403850311
0.4429980272
-0.3913466915
-0.2405725218
0.07715912149
-0.08953140229
1.461346895
-0.4716326572
-0.255356146
3.211956608
0.003155374713
0.02427002899
-0.01593304267
0.1551084867
-0.3322016545
-0.08347433307
-0.1182789097
0.4018630553
-0.1692948092
-0.326656238
0.08347906144
-0.2755957507
0.1626824846
-0.2445442393
-0.3297982149
2.361274648
0.4897419095
-0.3180587813
-0.1547477269
-0.3805509523
-0.417079144
-0.1464205571
0.1401691733
-0.4384353608
0.2488584577
-0.09058794565
0.1055724853
-0.3645724639
0.1790728595
0.329966913
0.431828906
-0.3068178363
0.6726381965
-0.003422803059
-0.06270001186
0.7787380457
0.2234829905
0.5949229389
0.2774350881
0.236933765
-0.00893297568
0.09118069615
0.3676510055
-0.3621064141
0.3373786226
3.139662194
2.814321667
-0.1266719289
2.364219004
-0.2146632447
0.008050522115
0.897947941
-0.1262585338
0.2548528202
0.2938740227
-0.2909320094
0.04430736173
-0.2423985217
-0.2962650232
-0.3928692698
-0.2614980623
-0.222015851
0.03417671993
-0.2904543124
-0.3494589262
0.8676589489
0.2292065442
-0.1211549837
0.03549042977
0.4163552709
-0.1395834615
0.8575331569
0.2411766181
0.03271931279
1.054020086
1.002294549
0.8054143578
-0.1598285858
0.5846107805
0.1117873664
0.7812934726
0.7678021923
0.3192977868
0.543013832
-0.04537451249
0.4259189442
-0.3813479602
-0.2982619904
0.05869309362
0.8303686574
0.2503284467
0.1386742149
0.8366078258
-0.3142444268
-0.364019613
-0.2569602102
0.4422889426
0.5467184339
0.08935741428
0.1990935882
0.05393279493
-0.1172252759
1.61856212
0.2498088497
-0.3953305021
0.09215798548
0.5359845489
0.3368684679
-0.2983032167
1.665660876
-0.2680346027
0.004456302151
-0.5077446431
0.5577812314
-0.1920220256
0.254445096
0.06949408771
0.6352300003
-0.2523725823
0.4108016634
0.1333163741
0.9295316935
0.1471287446
-0.1804312322
0.2974570759
-0.1705008369
-0.6015318871
0.1012382075
-0.106738163
-0.1709784344
0.4723336209
0.6491951525
0.4006917231
0.7359091666
0.2360577781
-0.09310845095
-0.2095366202
-0.03295017481
1.591450661
-0.4190205395
-0.2786590062
-0.5864609241
-0.5050183982
0.1682558142
-0.4683488086
-0.1591446999
2.785071808
0.6449806171
-0.3592911273
-0.3675817527
-0.3334055364
-0.3885244116
-0.3512867145
-0.3175341271
0.1236164786
-0.1656854304
0.09460707102
-0.1027840536
-0.3723022506
0.2657877777
2.118403816
-0.2097672202
1.849490809
0.5805268534
0.34846798
0.2639336495
1.835619181
0.4811472312
0.5387292668
0.0343810929
1.585619168
0.6723177537
-0.3482142389
0.006586515019
0.08648167886
0.3376421746
0.05938299317
-0.3091983058
-0.3128145643
-0.05269482024
-0.396575886
-0.1268511631
0.1022846378
0.1661431639
0.8903298132
0.3118280401
-0.3751905814
0.466917073
-0.09568221904
-0.1226336578
0.06884072842
0.6114629947
0.3930258028
-0.1738135036
2.361472636
1.598521397
0.4921292894
0.1066041712
0.4314336658
-0.01227826411
-0.4680314302
0.8019188751
-0.4228681728
0.003916715831
-0.1902121423
-0.4982636973
-0.3402841553
0.8220774658
0.02580065764
0.3758631743
-0.05620451956
0.3180714915
0.2744332315
0.8209652424
-0.05244705305
-0.4328518853
2.74217273
0.1217475732
-0.05136253247
-0.2954032779
0.5383526012
0.4838799223
-0.3466937482
-0.3901422456
-0.5263796777
0.1136213303
-0.3838529184
-0.1095391797
0.3080384135
-0.5369407684
-0.119083566
1.401048595
0.4661083825
1.171312851
-0.2100613575
0.5391297743
0.6056347325
0.2810331289
-0.1817630347
-0.3905470058
1.417983481
-0.1113532024
0.1385075841
-0.3503668047
-0.1654800624
0.1216778601
-0.2624700386
-0.1311054708
-0.213647395
-0.2923274461
-0.4301500455
0.1179884356
0.02746734151
0.4902678266
-0.316952496
0.1941317945
0.9475288048
0.195060647
-0.495089592
0.5794796973
0.3919600397
0.1279091839
0.4479127109
-0.220084836
-0.1723467329
-0.07323395517
0.2353829823
-0.1496051728
0.02703125449
-0.1482702847
-0.1201433372
-0.2124716587
-0.05041703377
0.1345746493
2.00164296
1.225548753
-0.1598583169
-0.2336675636
-0.1255369192
0.002847816003
0.7268905208
0.7482036442
0.7323391765
0.05182623286
0.06323276944
0.08745385017
-0.1868176749
3.957789445
0.3994390499
-0.06233013626
-0.4204754911
-0.6151928797
0.2449765492
-0.3852324769
-0.1290280664
-0.4938384131
-0.1957022122
-0.4853199556
0.2156633792
-0.4761753798
-0.4011457413
-0.4529595166
0.32130794
-0.4349239469
0.4365888584
0.5048362859
-0.4800727502
-0.6132358119
-0.08344049007
0.1098900319
1.300032537
-0.1769309521
-0.4549078323
-0.2829139687
-0.3888449565
-0.2761068225
-0.1197045744
-0.4648126811
0.408218712
-0.02414679434
-0.5439783633
0.7148701951
1.0455001
-0.1555916294
-0.2019386068
-0.1648313221
-0.1190960119
0.09119526912
0.3807593457
-0.04253235944
1.958979958
0.01057164101
0.210580149
3.056080073
-0.1393122891
0.5900996149
-0.2102956383
0.007876278553
-0.3438374177
-0.2676959641
0.01637953082
-0.04026460126
0.438726002
1.312174927
0.09346201727
-0.05800093957
0.414880722
-0.06179821317
-0.2184412263
0.2785469942
-0.2007357869
-0.1545216328
-0.2139981117
0.2494882407
-0.1424285166
0.9028117999
0.05434238296
-0.07991319951
-0.1705538714
0.0894697303
0.2507249264
0.6024675988
-0.06925776042
2.263614255
-0.5405664936
0.01080000736
-0.3736095056
0.1021634145
0.3408322572
0.628734694
0.1540237128
0.5180678554
2.283062142
0.7840187564
-0.07721328828
-0.4126780227
0.7089961385
-0.09294137266
0.507155814
-0.4020045608
0.3196105622
-0.3232046187
0.2025503078
-0.1622193176
-0.5848521799
-0.2791683391
0.1300977166
-0.2701234944
-0.3771777213
-0.2339490756
0.5661156103
-0.1529439058
0.1991315475
0.2110056902
-0.280316022
-0.3308386475
0.5557136863
-0.2873050578
-0.3342060566
-0.3289906256
-0.2923365302
-0.2218725953
0.1045930844
-0.3369779311
2.002432436
-0.1267898181
-0.2743232401
0.6928059712
-0.09237966919
-0.08110738304
-0.2021961839
0.1770561557
-0.3630472839
-0.321838516
0.1976891898
-0.1435111793
-0.2080481775
-0.350339511
-0.3810726762
-0.2737281326
-0.247798311
-0.01748865992
0.095030607
0.5396763176
-0.07446184494
-0.473768647
-0.01764933602
0.1016284198
-0.5193607971
-0.4031953409
2.308363515
0.4268612951
-0.1161644764
-0.3158129469
0.01951235505
-0.116522924
1.119571303
-0.5806174427
0.06836653766
-0.003931042273
-0.1913942412
0.3851333985
-0.2150333002
-0.1917517148
1.314416039
0.6648132011
-0.05763816163
-0.3180940598
0.005027893279
-0.3450676478
-0.507626161
-0.09010014152
-0.09219867503
0.1900728596
0.06495364457
-0.06662776526
-0.3607095629
-0.3423614956
0.2414443716
1.035683312
0.6242574573
-0.3433369026
-0.2791517891
-0.275988448
0.1211676282
-0.3899079949
-0.2373825535
0.5767969131
-0.2857511729
-0.1550887655
-0.1443098327
-0.4042085141
-0.4030975819
-0.02376681538
-0.4171466589
-0.4402524255
1.08564344
0.6096805185
-0.296964971
-0.1341555168
-0.675911656
-0.1689800213
-0.07826693207
-0.3051407225
-0.3362172998
-0.3633598641
2.853244007
-0.4480687559
-0.4003078863
0.5753339469
-0.3635917246
3.182919943
-0.08050058782
-0.2126126129
-0.4746537372
-0.4485072389
-0.3808064088
-0.0072736606
-0.005154310446
-0.5471273765
0.8372887676
0.1614122772
-0.2747221157
0.1278590895
-0.1455357531
0.4420246452
0.458590994
-0.3003785186
-0.3390549153
1.262338516
3.468146437
0.06244636234
-0.3362303406
0.1647173468
0.01055698898
0.05844500377
-0.002348793577
-0.2384523086
0.07197366431
-0.09198577064
-0.3473077945
-0.3510803938
0.3842581056
1.523085487
-0.104891137
0.3143228289
0.4404223748
0.2288521309
2.094343913
-0.2916254796
-0.370772469
-0.07735904139
-0.04148779903
1.114054111
-0.09305699244
-0.28021819
-0.4463319995
-0.1122555048
0.1374669054
-0.04282567631
1.000991489
0.7204788916
0.01394756911
0.07260472435
0.4253046457
0.3695345841
0.7395349234
3.789374804
0.1274200594
0.8615232646
-0.1169309027
-0.283284995
-0.2889624953
1.507688159
0.206990711
-0.5051296145
0.8462092251
-0.1152813738
0.1641946329
0.05533818593
-0.01790200402
1.045378092
-0.168067237
0.549815416
-0.1676968323
0.7955057174
1.097710517
0.07378620151
-0.1058890199
0.2601805071
0.952259402
0.5167641528
0.3398849271
0.1332045246
-0.01164718857
-0.08927379344
-0.1128488833
-0.2902181894
-0.2231208034
0.02389623066
-0.1369423244
0.2281215739
-0.08109390941
0.9570614323
0.07312241364
0.08514608261
0.7412955627
0.3565120935
-0.1475984437
-0.01865917826
0.1179270697
0.4934267148
1.427098206
1.052906978
-0.2940139376
-0.1596978918
2.326282477
0.2182653832
-0.134657087
-0.1237533445
-0.06671397672
-0.2041209035
0.08265285995
-0.1180344112
1.321975002
-0.07194836573
0.8182758555
0.02744328929
-0.4287035167
0.3169033147
-0.1099217907
0.497985917
-0.2638117701
0.9662319094
-0.1892033415
-0.1432328142
-0.364675796
-0.1715298282
-0.0372527821
-0.3717242084
-0.1852138244
0.5609508917
-0.208369806
0.02278383616
-0.2941290766
-0.1303429576
0.2012342869
2.261169571
0.2828935471
0.6264840841
1.097760744
-0.299520601
0.08776840279
0.3173297562
0.8967317045
0.2914505497
1.643963662
0.04042531829
0.3713504463
-0.0866921274
0.6233201131
1.318486196
0.8471007288
-0.1572884608
0.1849702104
1.380158836
0.3851197387
0.3905048047
0.4828874184
-0.3538326092
0.3378802456
-0.1309559657
2.966578186
0.8999087274
-0.3496122479
-0.1986146603
0.1436233399
0.08300333545
-0.09677683748
0.4494096699
0.5157030225
1.109943658
-0.04770871997
-0.4181698196
-0.5301548064
-0.05834728917
0.3170235489
0.03544212179
-0.2825992238
-0.1290712167
-0.04297673372
0.9394141868
0.1170524288
0.1057113417
-0.03706411999
0.8262967311
0.3506275583
0.6648652643
1.040395683
0.743861033
-0.1043590769
0.9147907972
0.2533739367
0.8600981548
0.1529100006
0.04883514652
-0.2481964443
-0.03836337561
-0.06749024764
0.1143465322
0.2812546425
0.1435962617
1.326098707
0.1055730209
-0.2786679316
0.9417657048
2.188113046
2.249014521
0.09969165828
0.408713989
1.823548192
0.03045905344
1.225242104
-0.05188083565
1.189111272
0.3601154272
1.979054511
1.201651529
0.8200451598
-0.2974613301
0.2399411973
-0.4145466805
0.4755393408
0.6977594383
1.802280486
0.1371725474
3.074295163
-0.1436346212
-0.006957165338
-0.09415177926
-0.3877600148
0.579365477
-0.250508371
0.1641780001
-0.4187364474
-0.1583757792
0.6940814137
-0.3143282741
-0.2811900284
-0.5267803773
0.2598523678
-0.5339982197
-0.5060141057
-0.2403763298
-0.2491302282
-0.383668305
-0.01115136859
-0.4482099846
-0.3588342905
-0.2604620516
0.1883517472
0.8116676813
-0.3394690454
-0.4417380363
0.7339239419
-0.4464508832
0.03641975578
0.3847648591
-0.3325931013
-0.0009884267114
-0.07155110002
0.1550715614
0.1371650418
-0.4416042775
0.2244729977
0.6040932521
-0.4382934883
-0.1120387081
0.1275236277
-0.6323270023
-0.3199238084
0.1140096785
0.0248587817
-0.2657100514
-0.09502951894
2.365651089
-0.434331724
0.3648652174
1.3826441
0.01013537273
-0.01679214053
-0.1785692319
-0.1649446093
-0.3266037807
0.6978098601
-0.01941400459
-0.342566444
-0.4845796034
-0.2169723962
-0.4645884618
-0.2605040632
0.09664210007
0.09834765447
0.3655830801
1.859249696
-0.1932241965
-0.441410245
-0.4708830744
0.2770409016
0.228537211
-0.08740589526
-0.4801505879
-0.2177507721
-0.488470602
-0.1204087472
-0.4012422174
-0.04716249201
-0.2545271471
-0.5625557974
-0.4604559064
-0.3248155601
0.5788078368
0.2349755723
0.5435496844
-0.4541877531
-0.2080651004
-0.2752698809
-0.0584338855
-0.2996522076
-0.6496339858
0.09581740061
-0.3978665143
-0.4134753771
0.1917253567
1.725750983
0.3901575804
-0.2346951082
-0.1184900343
0.8003560022
-0.02393115517
-0.0191765124
-0.2253061358
-0.2856024854
-0.1479337057
0.04257804537
0.05013919026
0.0546919703
-0.08081068452
-0.05669842791
-0.04015038889
-0.1464417748
3.570807433
0.1897259743
-0.2058110824
-0.4780698657
-0.2602381345
0.06518092924
-0.0325200215
0.1523652203
-0.3893310919
-0.3044706099
-0.2359844619
0.007876767777
-0.252286312
-0.4808548331
-0.02904492877
-0.2448045701
-0.1039165259
-0.1156425091
0.4693351269
-0.1247594068
0.1667209664
-5.109482445e-05
0.09017927945
-0.01367483195
0.0006934848614
0.7674261831
0.9433695361
0.1632939816
0.05823736228
0.5694476828
-0.02033917345
0.4719056897
-0.04055941179
0.7124725237
0.164478635
-0.6194808856
-0.4054213852
-0.1046224453
-0.4732695878
-0.1580368932
0.4238374732
0.04012990687
-0.09754758775
-0.07575798016
0.4884580571
-0.03197655566
0.2573943602
-0.07330585737
0.1400947353
1.377470398
-0.4879949108
-0.1894526059
-0.1052074187
-0.002075133007
-0.4457559213
0.4653191634
0.05988043016
0.1517590486
0.4544511646
0.2329147271
-0.2278112385
0.4290194683
0.4042528575
-0.09505161736
-0.3643530712
-0.06625506552
0.8737880819
0.6691925108
-0.1267966481
0.595908466
0.1510417049
0.1468021097
-0.3121606577
0.08726394242
-0.3800370187
0.2890124485
-0.4119747385
0.07795132473
-0.1600486343
0.02528406782
-0.2919814803
-0.09047261905
0.3860682819
0.7574202418
0.02986402158
0.1441002563
0.03694403656
-0.08572695274
0.005809535086
-0.3657555684
0.1920762772
0.5513419755
-0.5050495185
0.714600873
0.4526468955
3.38332752
1.361758998
-0.2563180193
0.01803996637
-0.305791234
-0.2403142132
-0.2760925882
-0.0415623581
-0.001579022128
1.009045136
-0.4682092898
-0.2314359169
-0.3669731855
0.5966904491
-0.5815616414
-0.2460798517
-0.4458349958
-0.09724025889
-0.3417572692
0.2128128906
-0.1846211661
-0.6328662559
0.5377176978
0.1803017913
0.677686213
0.3162093143
-0.4596636266
-0.1802526318
-0.2308516666
-0.1743842471
-0.0513158354
-0.2847578175
0.002424562164
-0.1784763902
-0.4288837083
-0.3999066051
-0.1990137853
-0.08893299485
-0.4530620053
-0.08488565171
-0.266280417
-0.2988270052
-0.3626803279
-0.6008044317
-0.04618985914
-0.09407797055
-0.233067828
-0.1675765257
3.634954
0.01532885693
-0.3892412931
0.4378170621
-0.3152833126
0.2732992787
0.744930993
-0.1735843461
-0.1452761144
0.2834221103
0.7901347637
0.7107606187
0.3038052288
0.06521516582
-0.320144707
-0.3626830518
0.1595439372
0.1092780648
0.6108568996
0.3250215719
0.3358713668
-0.07446793332
0.6148123875
0.05877590366
0.9486259788
1.262510055
0.08765498027
0.008088590717
0.4492539242
0.1103764271
-0.1572232509
1.714571854
-0.1760269212
0.554714556
-0.4084265694
-0.5514534816
1.141880432
0.2888605136
-0.07966855466
1.315018576
0.4322357811
0.2324554309
-0.4704239197
0.5050518956
-0.2674715832
-0.2538740994
-0.03839263543
0.1311972424
-0.2326372176
-0.1433751075
0.5274159417
0.2847096048
0.8868433215
2.876445884
-0.1602028424
0.6914991736
1.348238251
-0.07789144637
-0.0202466669
0.3116210187
-0.05132221505
0.7767934367
0.1108459311
-0.4933928132
-0.4956402764
0.6500861481
-0.2934375599
-0.5859412909
-0.05879050815
-0.1201036774
-0.4049840063
-0.4540605575
1.720855191
-0.0564919604
1.986439919
0.6292414904
-0.4899388477
0.01389470641
-0.1726902552
0.2671717331
-0.3837236263
0.6983069867
-0.5429890543
-0.4376858115
-0.7050062254
-0.2632936526
-0.5194927946
-0.5326840222
-0.1608959329
0.07461843556
-0.4119491939
-0.3033643978
-0.1637201501
-0.2776240475
-0.4110097766
0.02186131175
-0.03220597487
-0.09196560755
-0.2637274683
-0.274706234
0.6227740318
-0.3275015175
1.425648203
0.0803488927
-0.2459482498
-0.5203039855
-0.3379711226
0.2447621476
-0.2164891794
-0.3117955893
-0.2988767996
-0.4823448345
0.03453898244
0.1545681017
-0.394679597
-0.1165805735
0.2884522084
-0.2915199101
-0.1426367041
-0.3622861564
-0.4618781105
0.1410931254
-0.2803793669
-0.6388730586
0.05345234945
-0.1652307454
-0.3179941982
-0.2082709895
-0.3303500757
0.6277367041
0.08681084663
0.08446392207
-0.08173098108
-0.06033970658
-0.236370638
-0.2785234455
-0.5083155811
1.615994
0.6862990975
0.1873225581
0.3063901552
-0.5062046975
-0.3249112777
1.843877584
-0.4456556723
-0.4330834925
-0.1798553023
-0.0606011821
0.131866659
-0.3944364674
-0.5015264228
1.904935879
1.583251864
-0.2858847164
0.8716349781
1.924874532
-0.3409610331
-0.5375431925
-0.3451458901
-0.3553665996
-0.5453987107
-0.5905102909
0.3644140247
-0.2464947343
0.05589163299
-0.5543446377
-0.09071788271
-0.505760926
0.04901709547
-0.3503979616
-0.2027577844
-0.09388340786
-0.4139930308
-0.3126824573
-0.5319305554
1.505945459
-0.3055189323
-0.26873339
-0.22603646
-0.5791936606
-0.3460043952
0.5543683469
-0.4068128496
-0.3541507669
0.003060515784
-0.07683968781
-0.2288583882
0.1756634854
-0.2098304152
-0.1786943071
-0.5097345963
-0.3218235485
0.03956732745
-0.3849882588
-0.2300048076
0.3950533606
-0.3016427569
0.1378406356
-0.1581293982
0.470060128
1.050561242
-0.5054271907
-0.06798316054
-0.2132041398
-0.3848294392
-0.3436090857
0.4766223732
-0.4915836021
-0.03972992375
-0.1767366515
-0.1569569383
-0.07911445238
0.03598444546
-0.2951310873
-0.4063887969
0.2273744673
-0.07324854936
-0.4314694196
0.2937212843
0.4028720561
-0.02046539822
-0.008739067614
-0.08899778193
0.09505473226
0.03476495063
0.245270814
-0.0392406472
0.4045407122
-0.08621562384
0.06273007886
-0.2102118686
2.629228204
0.3020401925
-0.4410468459
-0.3369374841
0.0105056081
0.8205159061
-0.0009655995294
1.476634046
-0.1810740296
-0.08587956931
0.02508525709
-0.3714942858
0.03162803245
0.1032395606
0.4039506294
-0.04190943781
-0.1159056848
-0.04724455047
-0.3827588208
-0.03222785415
0.5407939821
0.6613622077
0.03757828213
1.492389476
0.2764292128
-0.1372877028
0.6825087622
0.2405399741
-0.4202044338
0.1002899541
1.135318506
0.5675063878
-0.2530329593
-0.2832632393
-0.3039825685
0.2773740026
0.3046552731
-0.2350060429
-0.2344851552
0.3270383591
0.007859416632
-0.2486748293
0.242821832
0.2340646585
0.2984046243
0.1450132932
1.505512419
0.4460952781
-0.2630123347
-0.1231677646
-0.3747650594
0.4106040135
-0.3562693745
-0.2199298262
-0.1605263452
-0.481773296
3.633973408
0.08681247067
0.5807320923
0.03957048468
0.3598863285
0.7735754743
-0.3100402325
0.3040003888
0.5189757019
1.149127862
0.5502332658
0.4377351999
2.344681025
0.3701339282
-0.130064233
0.06242048014
-0.1994886663
1.093466938
0.1591943423
0.5827930972
0.1324637182
-0.0964054117
0.0731881151
0.08404661845
-0.04884982724
-0.3562801881
0.1196179676
0.21228623
0.1723160345
-0.2779634722
0.2392801869
-0.3432054862
-0.1390145024
0.2065914057
-0.08451827615
-0.3623656809
-0.05399467712
-0.5042102113
-0.1241759729
0.1640330725
-0.2351288363
0.03873933703
-0.158415586
-0.5064829573
0.4800494976
0.1030625644
-0.04791779164
0.04602729976
0.01627239184
0.6168663569
1.791528893
-0.08080007061
-0.127757406
0.3185059339
-0.4026641071
0.4814825714
0.2097280224
0.1236593375
0.4276683204
0.1018235315
0.1600506481
0.3365437705
0.03026338043
0.5100497922
1.962257457
-0.1225219892
0.4187569965
0.9962768041
0.3775865421
0.3007434051
0.001072695293
0.1318648323
1.176331568
-0.09565647244
1.001264477
1.273981071
0.07050912324
-0.02663140725
0.05666286591
-0.06174065135
0.4395120602
1.347996259
-0.0137536508
0.3907914713
2.723997629
-0.1990553059
1.926459503
-0.3479242019
1.188218132
0.9368563116
0.1975924953
1.066737193
0.6355758309
0.05681703445
0.1883480716
1.066630557
-0.2448243849
-0.06763256984
1.626414782
1.387249077
0.601546777
-0.2690289736
-0.5444594443
0.06128050759
-0.09870597441
0.06935711447
-0.2257307522
0.9203945667
0.106937841
0.6418350279
-0.1619749043
-0.3729236394
-0.2612047873
-0.1472273957
1.21015324
-0.130182104
-0.5058925971
0.8562181979
0.274062253
-0.7434735909
-0.1995692186
0.1993542695
-0.05978016881
-0.2893269368
-0.4345003426
-0.3052704282
0.08951275256
-0.287610846
-0.1801869387
-0.1793886643
-0.0557514715
-0.5162031546
2.747017121
1.097670189
0.3293958403
0.7276281253
-0.5784223914
-0.2291081466
-0.2891412228
0.05393038644
-0.2962740652
-0.304674878
-0.3318910837
-0.6256297946
0.736482548
-0.2048115999
-0.1597652409
-0.4108439028
1.084504828
-0.3787283175
-0.190432483
-0.3575529218
-0.5608539283
0.2612862239
0.8652613997
-0.06215615775
-0.4637013033
-0.549917537
0.5390069664
1.714366347
0.2535792239
-0.3983174056
-0.4751261428
-0.1223037682
0.2508026913
0.222124975
-0.1298831291
-0.2560382165
-0.2097400159
-0.3818606593
-0.2181162046
0.4535829917
1.683547702
0.3253531823
0.3386287913
-0.303384167
-0.3959195793
0.0802554925
0.6082661793
0.004368570354
0.6048623227
-0.328939826
0.6001133963
-0.377820982
-0.008607852645
0.7687904418
-0.02551852493
-0.4417510614
-0.4046687536
-0.1672868233
-0.3715549305
-0.3175728902
-0.09160436112
-0.1932165286
0.01139897439
0.04563896079
-0.5163762927
-0.1294363312
1.869149542
1.282372585
-0.1402037255
0.2514820155
0.0999745009
-0.602892001
0.07743518227
0.07438256554
0.3368559455
-0.2185347397
-0.182607761
-0.1703671867
-0.4115911372
-0.2129138596
-0.2452277441
-0.4951005816
-0.6182423085
1.267580208
-0.3232044406
-0.5371781036
-0.3426462658
0.9115883172
1.735558626
0.4397024296
0.7097249642
-0.3007847123
0.6176627122
-0.05330583532
0.0924570465
0.2785568234
0.1797779718
-0.580776792
-0.3324158154
0.5662685469
-0.1579071095
0.8884272426
0.03254056685
0.4263177671
-0.01072083164
-0.3250857629
-0.2597870804
0.02962222327
0.1090976603
-0.2825967385
-0.1424599053
0.1269489893
0.2408916991
0.3757127861
0.09133706857
-0.01761855483
0.1815209159
-0.2978449024
-0.2195778932
0.2260878979
-0.1985796005
5.293209338
0.6490704775
-0.226719049
0.5377607428
1.264309701
0.01805776765
0.6646709204
-0.2138589222
0.05370825026
0.04183100211
1.727824128
0.6674911469
-0.06231735758
-0.3676107235
0.167632743
-0.2248275185
-0.15223709
1.416430593
0.01697084447
-0.01413880363
-0.00784978345
0.2348655779
0.810421817
0.02847753479
0.1633936077
-0.06853600908
-0.0938986931
1.36207507
0.7498529427
0.02393874489
-0.1121542454
-0.244979427
2.05813207
-0.7444757551
4.354760695
-0.1309965227
-0.2557965845
-0.1909253692
-0.3260256507
-0.4999214858
-0.5781493798
-0.6736456007
1.487202758
-0.05507014352
0.1384945303
-0.02816757532
-0.1406961839
-0.02047185171
1.873220766
0.02089485731
-0.1425591334
0.8896078959
-0.03515355755
-0.08318805629
0.8613543123
-0.2202135345
-0.3750137538
-0.2673143899
0.5522981837
-0.1542594787
0.3438513599
-0.140892354
0.129177101
-0.4364479125
0.2280821061
-0.1555440323
0.391455052
0.04175117016
0.07601373931
0.3503378153
2.08121902
-0.3133647606
-0.4688881442
0.01413135566
0.09259840026
0.2836337179
-0.1482150197
-0.05628935359
-0.1097592823
0.9240275666
0.9206297398
-0.1877104376
-0.5678297833
0.2859291783
0.3830567796
-0.3369819403
-0.2188968182
-0.2878623651
-0.2224007178
0.1520848772
0.5420756578
-0.04790858291
-0.1869609979
0.287086875
0.3911049211
2.045468909
-0.1066255656
0.1806775214
-0.03359049335
0.003336093947
-0.3519903041
-0.05300382338
-0.256430978
-0.1118925983
0.7788214222
-0.3754902072
0.1071398252
0.01223198622
0.7069298431
-0.1063919604
-0.2015699197
-0.3052329954
0.8757787853
1.524092123
0.6414695397
-0.4277319416
-0.4125830892
0.5130697634
0.4355348088
0.413595904
0.06915287971
-0.2566709228
-0.2484299988
-0.4596549228
-0.3913556218
-0.3216128476
-0.3538455129
-0.224956201
-0.09571828619
-0.2730131604
-0.4506178185
-0.1096784096
-0.148204962
-0.1637369627
0.708978264
-0.0455143841
-0.2627833739
-0.2506889854
-0.278773734
1.405345961
0.03682070221
0.1810848974
-0.1449843013
-0.1629750986
-0.4104222814
-0.4200250484
0.4155639686
-0.2698974095
-0.2374845417
-0.1578162497
-0.215461392
-0.1386472685
-0.1560595682
-0.13940454
-0.2128172152
-0.1869893232
0.2401843963
-0.1116171313
-0.324630357
-0.06545910053
-0.1479806654
-0.3847663768
1.298764682
-0.2975783013
-0.1698541097
0.2442246083
0.09810056062
0.01816787031
0.8528537497
-0.06311317645
0.4076844689
0.3391832694
0.4933905765
0.3945581038
1.054832938
-0.5224794418
-0.05717169568
0.2935844958
1.669062126
0.6086141691
1.023976223
0.188740488
0.3465093389
0.1997310169
-0.3645081565
-0.04035598347
-0.574151922
-0.5239780992
0.9298866764
0.3874153655
-0.4283377841
-0.1200961623
0.01462074574
1.093110594
0.4156793162
0.7245828405
0.8856304541
-0.03040904924
0.3449415279
0.1191673578
0.6287739336
0.03101515658
-0.3073586863
-0.4595310271
0.302513602
-0.5203679278
-0.1393092679
-0.2112862151
-0.5139280081
-0.6378492489
-0.07961269291
1.420023274
-0.4729576141
0.1186400622
-0.07245077863
0.196428337
0.04268760486
0.2335744672
-0.4834528103
-0.3411632396
-0.2523382397
-0.4639041618
0.3614542969
-0.01083725439
-0.02107746992
-0.3818875663
-0.6351776794
0.8118555158
-0.3944095999
-0.561507903
-0.5910432637
0.5576431047
-0.3593698047
-0.1502241873
2.141758263
-0.3535868086
0.01695434265
-0.2529037192
-0.178288877
0.6053027943
-0.1686271327
-0.03352094032
-0.5173380703
-0.0831045242
-0.1703210801
-0.2883507535
0.2949942123
0.3900132101
0.1022717335
0.6328853488
-0.3392092176
-0.3365779892
-0.03998241909
0.637969768
-0.4838103637
-0.2464702923
0.4656939924
1.008582772
0.05828159899
0.08215567525
0.1024773157
-0.06086698491
0.2129724532
0.3310860217
-0.2290591441
-0.1192035554
-0.45130281
0.1769860491
0.1988368391
0.05014982945
-0.2717839904
-0.03487326936
-0.284039747
-0.2348625802
-0.5062696785
1.877504167
0.06045947941
-0.3172070298
-0.1490497008
0.7278299659
-0.2887506302
-0.2220411643
-0.3770039134
-0.4314657301
2.815947467
0.2232034735
-0.2041208528
-0.3134302601
0.6844929561
-0.5583477139
-0.3276012935
-0.7099821717
-0.3119108967
-0.1139573932
-0.1616502604
-0.2335107367
0.3824487973
-0.2455321256
-0.4745662108
-0.4434102491
-0.2379755151
-0.0159631405
0.008437801432
-0.02408755636
-0.301846939
-0.1984945452
-0.2061003033
-0.3759789854
-0.1691774782
-0.1066032574
0.003873168305
-0.2439849421
-0.02175610522
-0.4336110488
0.0192598586
-0.2644136667
2.541707402
-0.2566281039
-0.4172649786
0.1419766731
-0.2053444536
-0.2262910964
0.02376627177
2.963850796
0.1771749135
-0.08404281363
-0.1497586003
1.005867109
-0.05875288844
-0.3303802844
0.1705752286
1.083448695
0.3309232533
0.1741354644
0.03316628113
-0.3855731487
-0.3207111426
-0.2797487538
-0.1025950423
-0.2298449226
0.3223264314
0.09772375328
0.635255545
-0.2749660131
-0.4124541618
0.02793479171
-0.2908967042
-0.1608696047
0.3730054475
0.1496060819
-0.5138771698
3.640705228
0.2471408142
0.09294692371
1.971768773
0.6407842547
0.5571037985
-0.2996295907
0.3626681653
-0.3095721748
0.002847868949
0.3508395206
-0.1597870741
0.9295133188
0.2957376257
0.1318766448
0.1569035859
0.2190445269
-0.3485971346
0.1351976876
-0.1091055378
-0.4621270701
0.5703812815
0.1613708515
-0.5004707396
-0.2357676819
0.09561729711
0.3592322532
-0.166818762
0.00849953983
1.114433452
-0.3337717347
-0.3516507171
-0.1039501395
-0.1143490195
-0.04389205007
-0.1124677179
4.464701223
0.3099139361
0.03447465748
0.7134555712
0.04892652747
-0.05701487614
0.6098124005
1.613063535
1.513749419
-0.4350528046
0.1775534926
-0.09841985069
0.1328598628
0.9719108224
-0.6615333274
0.09148895103
-0.3833836958
-0.3072607236
-0.06326594464
0.04105235822
0.1189526515
-0.01770494953
-0.2009228095
-0.4455329016
-0.3188157342
-0.3923369527
0.04937799405
0.1944019953
3.618443108
0.09737028591
0.5419541493
0.4956887685
0.1542810452
0.8191589579
0.05369652621
-0.009823968355
2.734965861
-0.2288982105
-0.2689081408
-0.2466848139
0.6206173602
1.168667743
-0.423898007
-0.0580971417
-0.04926838144
-0.2488287862
0.006113888603
0.7923980117
-0.3421219885
0.6538242176
-0.1096049555
0.6511308283
-0.1005246414
0.7252773449
0.1592192044
-0.3900398217
-0.2896472894
-0.2239496496
0.1482347794
-0.1138386235
-0.1710754554
2.018962365
-0.4191058129
-0.1872181478
0.3095488925
-0.176092409
0.6473693199
-0.1344598671
-0.2250856783
-0.3734904885
0.3529074193
-0.2682952501
0.6555816978
0.5614578217
-0.1572595721
-0.2158681784
0.04743138142
-0.521889323
1.538970053
0.3077320643
-0.07115428653
-0.388933336
0.7142113142
2.382723814
0.1878086038
0.07653782358
0.1869628684
-0.2849035699
-0.1612866146
0.3576915375
0.0007235642523
0.04557088292
0.2524673565
1.508811432
-0.1611422472
0.6128166959
0.5165112197
-0.3378028875
-0.2312035883
-0.005584974028
-0.09544688612
0.2043086901
0.07937414739
0.1642375205
0.8250448555
-0.2668319739
0.02943122797
0.4596521303
-0.1746518752
0.2707167502
0.5248003989
1.369632515
0.733196938
-0.08828140972
0.02848552959
-0.3268796287
0.05836700173
1.289065504
-0.1769664088
0.1407838711
0.9595211118
-0.05223562866
2.995218623
-0.2649613282
0.3239587121
0.4019631393
-0.1034933981
-0.06075078566
-0.3499422953
0.07284100065
0.1353748939
0.01706027351
-0.327134335
-0.4015745193
2.202662164
-0.2499512248
-0.1113237936
-0.3085528061
-0.4023966979
-0.1198976472
-0.1158938915
0.09394776216
0.8780843899
0.01070420602
0.3860105924
0.5807145976
-0.2990820937
-0.3754642159
0.3934936233
-0.2988633431
-0.2962280139
-0.170843908
-0.05523739224
-0.4654734522
-0.3419566609
-0.3467542267
-0.3152650587
-0.3338918895
0.4002271103
0.005078313593
-0.3326549217
0.2811752792
0.202386501
-0.2801852979
0.1776643955
0.06729198825
-0.1585654963
0.1981849297
2.856860518
-0.1654502299
0.5660005908
-0.5392210901
-0.1679354856
-0.4878228799
1.408090734
0.0004956668243
0.1064832695
-0.3796539761
-0.2794011034
-0.4902025171
-0.404377237
-0.5317721277
0.7106386572
-0.1673594721
0.06627570828
-0.123580701
-0.1643865556
-0.6647972047
-0.2542937897
-0.3833986014
-0.4481656566
0.01757835019
-0.3043388046
-0.1192935662
-0.2229843367
-0.3574759007
0.1167847917
-0.1714233551
-0.07750815935
-0.4237765916
-0.3293693148
0.2557185661
-0.1376303513
-0.1390502625
-0.2885345615
0.8887873411
-0.2279940903
0.1747678587
-0.3539676562
0.9196251571
-0.1548152655
-0.446631816
-0.4018714331
-0.5123234242
-0.3972864941
-0.2023697559
0.1685950618
-0.2900173903
-0.5623942092
-0.3989338458
-0.6243814126
-0.4181168124
-0.4246296778
-0.2592248768
-0.4110006034
-0.105794389
4.2416471
-0.5771684468
-0.5034062192
-0.3188584171
-0.1623376282
-0.4763818711
0.2526277103
-0.1981563347
0.2933583843
-0.140654844
-0.5342832685
0.02529488895
-0.2389843509
-0.5549659297
-0.3695283264
1.902313459
0.2945896592
-0.4691214547
-0.1772656962
-0.2303496815
0.3243721746
0.02962089125
-0.04092152826
0.1531196751
-0.410840214
-0.4467942163
1.098592128
-0.3089924954
-0.06590605993
0.08004065556
0.2205088433
-0.01645513689
-0.4377204865
2.259593177
-0.3970282912
-0.4442949712
1.838961551
-0.5199667498
-0.1569636323
-0.1144087641
-0.1737819001
-0.04135121405
0.232103499
1.583911014
-0.5913427219
-0.07207369395
0.4160030127
-0.1981325693
0.5188231431
0.0241676148
0.1774430378
0.1779720441
-0.07279848331
0.6731482849
-0.2896432012
-0.6933421627
0.9457977191
-0.08012031149
-0.2738773063
-0.304975518
-0.3941110179
-0.1178494342
-0.03956647776
0.3451713476
0.5058385778
-0.08926834445
0.08118105084
-0.4411496945
-0.2630149111
-0.1390785681
-0.5368816003
-0.2282133724
0.3514601514
-0.3924355254
0.1120629854
-0.02040808429
0.4782579452
-0.2036801614
0.7482527956
-0.006841639616
-0.1845835447
-0.05846985225
-0.1826055042
-0.5971579954
-0.4046340227
-0.05796915409
-0.277518414
0.3482815132
-0.2538586892
2.008321932
0.1228796055
0.1584680103
-0.2990667492
0.8679273069
0.2024390193
0.7755529374
-0.2053630758
-0.04868376898
-0.4793906108
0.3562211245
1.638699883
-0.1194140375
0.1615886348
-0.05010744371
-0.4843603894
-0.3080719844
-0.2796683628
-0.2952718958
-0.5033184767
0.3241810557
0.7285820469
0.2711586508
-0.6135489836
-0.4703503653
-0.4651633069
1.340354928
-0.2557673521
-0.3531880356
-0.4025063455
-0.3071926693
-0.09890056644
0.5568220764
-0.1468952157
-0.327396518
-0.1998463292
-0.4001563713
-0.3958009467
1.058606067
0.1937896505
-0.2093099769
-0.49792061
-0.07104368536
-0.2611291632
0.03609961839
0.3011686076
0.9807448015
-0.233877362
0.4457456551
-0.138015826
-0.3749332912
2.517786425
-0.3165685602
-0.1897881402
0.521932105
0.3820396926
-0.3110660084
1.711430407
-0.3558847681
-0.4962678879
1.109740373
0.10533399
-0.5178139403
0.07727141832
-0.03574052253
-0.4747013792
-0.4527171344
-0.4754795827
-0.2478398843
-0.6265608549
-0.3043803532
0.3468207141
-0.2784432519
-0.2465065356
-0.4475668058
-0.1225944016
-0.4586839288
-0.4350973085
-0.2184305185
0.0224949616
0.1170590558
-0.06375626987
0.5110764809
0.3075740489
-0.3186938331
-0.4128585115
-0.6392683804
-0.07720782161
-0.3676483579
-0.2584706467
-0.1606472399
-0.1667174481
-0.1038862308
-0.1643665908
0.0499630034
-0.2068402685
-0.1447656691
-0.02225480331
-0.4591674864
-0.152228645
0.4335086291
0.2361658913
-0.1287813671
0.05048363823
-0.4437647596
-0.2184721984
-0.1904260373
-0.1632212143
-0.5515751809
-0.05184768811
-0.382125847
-0.4069942154
0.5976925144
0.4620911136
-0.4326197207
0.612409004
4.268122518
-0.2723623369
0.3148416303
-0.3520817198
0.2134373906
-0.2707650408
-0.4489473678
-0.0574669882
-0.394778499
-0.1684220372
-0.3367173135
-0.2739207
0.05199206299
-0.1518046765
-0.01151657589
-0.4976627797
0.1234637784
-0.2162569072
-0.2357055306
-0.2497631997
-0.1312746059
-0.5485450163
-0.04547142838
0.3464525599
-0.4825913191
-0.2570472479
-0.4093898058
-0.4267807186
0.1181199225
-0.1199905293
-0.2113575885
-0.1685238808
-0.1607658334
1.196044081
-0.2062586389
-0.4835991412
-0.4726184845
-0.4329537854
0.561630933
-0.4712703407
0.3978016309
-0.2372187756
0.1262929552
0.2805065953
-0.3024526939
-0.61554849
-0.3593094721
-0.02972136512
0.4728982158
-0.2262570262
-0.4177642688
-0.1144137161
-0.5248269632
-0.3862842277
1.166896763
-0.2320318315
0.2488401743
-0.462040922
0.134906559
0.1565010887
-0.08529589176
-0.5618348509
-0.4243480951
0.7910071775
-0.06434793379
-0.2939531121
0.02947111949
-0.09075159691
-0.3476497501
-0.4615701273
-0.04679240235
-0.2750419475
-0.4171421662
-0.4836478919
-0.3079271629
-0.2572406091
-0.4777590252
-0.08436008762
-0.231458344
-0.0008221612312
0.05529384147
-0.4108545095
-0.419040592
-0.3007245682
-0.4817605808
-0.4750524104
-0.4086084902
-0.3048679717
-0.5897019237
-0.1341902978
-0.3738049872
-0.4192742512
-0.1026938034
-0.2117773633
-0.1804301415
1.042394385
2.683641231
0.01872527413
-0.4467155203
-0.3566764005
-0.5612513602
-0.4125434801
-0.5000473022
-0.3057903096
-0.4860004008
-0.434932825
0.6349630535
-0.1668709988
1.323312184
0.4215337262
0.004468149319
-0.05342428917
-0.4967176683
-0.6333971113
-0.2374471128
-0.6097418264
-0.04617550457
0.788633585
0.04160579164
0.5842604056
0.201161823
0.4737779923
-0.1616256177
-0.1503196515
-0.04659215454
-0.1630932739
-0.5643823743
0.1115778857
0.2192519904
-0.6500546619
-0.1497044481
-0.397680518
-0.4415367529
0.5060440701
0.2667289259
-0.1543078331
-0.03402089179
-0.7672239989
-0.1038943259
-0.2531344358
0.562835926
1.976350507
-0.01334302388
0.5208846912
-0.4366916284
-0.3738137841
-0.3719958946
-0.07291501593
-0.4467899993
-0.4266271889
-0.2460066114
2.37907148
-0.08340647109
-0.09843874499
-0.2731828563
-0.306503702
-0.04174736687
-0.2773503326
-0.4739739716
-0.4962652072
-0.0007350869477
-0.2216753565
0.1282745352
0.2032479667
-0.3176516965
0.03417811748
-0.2673206147
-0.149007095
0.6287367165
-0.2082038287
-0.2556819256
-0.3577501602
-0.2195581362
0.006373574585
0.7721419726
0.01218720423
-0.3637261555
0.4902027413
1.684882319
-0.2920602486
-0.1411129907
0.3368256383
-0.6385613635
-0.3720873326
0.6553198025
0.2353068996
0.0467010126
0.08798328028
-0.1560445804
-0.2733880416
-0.07289951546
-0.4160932258
-0.165399603
-0.4537197992
-0.226377444
-0.5530952439
0.3902958885
-0.3071688496
-0.5255285963
-0.2340026308
-0.1224731094
0.4563250635
-0.2471167196
-0.0436737054
1.682600749
0.4236756193
0.9280173689
2.142793149
0.4021743268
0.1216091242
-0.4855380327
0.164621047
0.5133975573
-0.2006037321
1.005340388
-0.06827422101
-0.2498380892
-0.09136979245
-0.4913589492
-0.2345822787
-0.3021414857
0.02901184317
-0.2844826385
-0.2809487253
-0.6510860041
-0.2118801646
-0.3349469088
-0.2299133183
-0.2796924852
-0.31822263
-0.4413291667
-0.171062691
-0.4669039056
-0.2250131524
-0.03132489556
-0.3538045209
-0.03030151315
-0.2680297997
-0.3170196578
0.03905584849
-0.0367279632
0.1283971754
0.5234772697
-0.4552930772
-0.1416791648
1.120443493
0.1684416316
0.05714678289
-0.3529293843
-0.4743222654
-0.4055167466
-0.3918691002
-0.4637406342
-0.6276668459
-0.1104064083
-0.3419371527
-0.1729511015
1.390052134
0.1908316776
-0.1851716254
0.0929702196
-0.296522706
-0.4577655241
-0.1987425648
-0.09023100156
-0.1397234028
-0.3477352664
0.2232296918
-0.3956487514
0.4906609595
-0.2166126214
-0.2365506906
0.0429070293
-0.1462649252
-0.04143959833
-0.1871726984
0.02064583059
0.2088605767
-0.1741579647
-0.05188340098
0.9764840342
0.193949465
-0.07017156929
-0.2135743644
-0.1479933126
0.1809576693
-0.02899379665
-0.2847859837
-0.2269334517
-0.3515719667
0.4350975432
-0.1044788021
1.732209074
-0.05085610189
0.03649995271
0.1249894799
3.412092078
0.9207195565
0.02677461468
-0.1392232873
-0.4233826518
0.06906373966
0.1318577998
-0.2549352318
-0.5005757213
-0.1727928989
-0.3608991861
-0.3687833657
0.3896863624
0.6484885342
2.183957458
-0.2057750223
0.1076518122
1.010739484
0.9122129664
-0.02035864675
0.4962886766
2.653525704
-0.206571185
0.09021888459
0.7632860094
-0.4129311673
-0.3584089667
-0.04941284722
3.94433217
-0.2072968891
2.176275164
0.03474137504
-0.03007117491
1.980235976
0.01213579616
-0.229387694
1.15656471
1.653276294
0.79074542
-0.1583595616
0.384234258
0.09433066677
0.6016003106
1.566759236
0.5532170806
-0.3443155088
0.08833588241
-0.2801195838
-0.1647983311
-0.09075731672
0.1478346314
-0.3866665632
-0.02524988456
-0.4535868421
-0.08873075005
-0.2758766674
0.06631735852
0.7222230777
0.189856496
-0.2506040506
-0.09450685224
0.9945940793
-0.1612271365
-0.5826887861
-0.27373918
0.3019541712
-0.3818373077
0.4652784929
-0.5904667601
0.07357316809
0.179363359
-0.03613304617
0.2064162372
-0.5018060625
-0.003061403241
0.6337361977
0.3345601229
0.08960293327
-0.142546377
0.5898154326
0.1212079974
0.01630336787
-0.2516591057
-0.01448265547
0.01281572804
0.1945256902
0.5575975329
-0.08694672585
-0.09694963787
1.151232815
4.058743596
1.148358655
-0.2801736325
-0.2829346538
1.05737237
-0.2685362421
-0.10417003
0.1341024333
0.04199034348
-0.3158310406
1.225807348
0.0683990676
-0.02533211475
-0.0628271942
-0.3324373797
0.2755890537
0.7433296204
-0.3304940596
-0.5858981416
0.5634000972
-0.3594914958
0.09586100839
0.9147808224
0.1388860054
-0.2179271102
2.107606232
-0.3851591095
-0.1511693504
0.1126808353
-0.3305812426
0.6419116326
0.1140273543
0.4101667956
0.270412714
-0.4857356519
0.07310681697
0.7457357109
-0.1096561786
-0.2302893016
-0.2148272524
-0.005305573903
-0.3270076761
-0.2033684157
-0.3422971234
-0.2451086655
0.1544847297
3.340292871
0.2134738006
0.6378989965
0.06193662342
0.3902095418
-0.3209857896
0.1869504275
-0.02967251446
-0.4278293125
-0.4884276867
-0.1046318608
0.2577615311
-0.09805783741
-0.5009911254
-0.1679463317
-0.3962995037
-0.5487678856
-0.6269708708
0.38623579
-0.07487558927
-0.07179694846
0.5031461109
0.1797589634
-0.4601868153
-0.4058381513
0.1751590963
0.8239048243
-0.08448384749
0.1472810473
-0.2678772878
-0.01997616049
-0.1412639184
0.6650293827
-0.1827504732
0.2856787744
-0.2102197066
1.194229129
-0.03865979654
0.5797068492
0.3861611113
1.446978346
0.2502038802
0.2647145253
-0.2029541954
-0.2472631726
0.217616261
0.2386289963
0.2342741566
0.9356907576
-0.1589076914
4.21078018
0.7093568057
0.7283603743
0.1906056904
-0.2080224503
-0.1935698718
0.3513194442
-0.2813831709
0.04521129765
-0.2179275848
-0.1813342155
-0.3181514718
-0.01246512467
0.267261447
0.1267982275
-0.03140013777
0.2551677075
0.161303319
0.2048188352
-0.07068031724
0.8579833612
1.120503464
0.4797227994
1.572188887
0.7613650739
2.141389328
1.423925596
-0.2351615159
-0.3734992474
-0.3794852518
-0.3989729002
-0.1495665437
1.369184792
-0.1251683237
-0.2968961418
-0.01951846564
0.6235587083
-0.07684809212
0.1083992547
-0.1082055707
0.3194263089
0.1172337124
0.1342400791
-0.0512608832
0.4362023309
0.06813069731
0.2397945251
-0.1398506634
-0.2074992988
-0.07336933608
-0.2883048918
-0.3072029367
-0.3615200773
-0.2187077524
0.6886055946
0.256029404
-0.07696470935
0.5211107243
0.5825719088
-0.4902987421
-0.3346157402
-0.04491882697
0.4410678752
0.2954746917
-0.2133550759
0.2549417453
-0.26890743
0.1668953503
-0.3678828165
0.9179620415
-0.3185673641
-0.5754469231
0.1109155852
-0.02007415686
0.01557071675
-0.0791654896
3.210605562
1.550955281
-0.1610569799
1.460792506
0.3388724545
-0.3865785778
-0.2353543099
0.1458551648
0.574245698
0.635208033
-0.07287603924
2.273229545
1.619487989
0.8572207898
-0.2634709476
0.4054552041
0.4345154554
0.1684971371
-0.09011998512
-0.04261630252
1.608852839
-0.5285634279
0.6437008433
0.02985607833
-0.05092708226
0.03405380007
-0.2821695372
0.5162628349
0.1479560282
0.3811923221
1.354274997
0.5279261835
-0.2542164579
0.633986932
-0.1904241905
0.279761479
0.6508018732
-0.3919136435
-0.04312680811
1.29603658
0.2135553729
0.1800502449
0.1317849475
-0.1502092479
-0.03244258389
0.2320502108
-0.297704499
0.1776681151
1.029183881
1.294847649
1.151373191
0.5214196987
-0.04227125738
0.04984411784
-0.1440582991
0.2736996911
-0.1508549713
0.639008756
-0.03538280502
0.1721204329
-0.1003364772
0.8970867753
0.0399704745
0.8880761713
0.7028082296
0.03669959232
-0.06984058954
-0.06805113256
-0.05142423725
0.1085796318
-0.4479586028
-0.3023268208
-0.1115184656
0.412177909
-0.1419742737
-0.5314178422
-0.2195404448
-0.07858947506
0.248851856
0.4368184879
0.6277604874
-0.1612243372
0.4300182834
-0.03697090601
0.3548514957
0.584724284
1.607663608
1.666432896
0.05261094943
-0.04879401103
0.9677898139
1.137582672
-0.07628666796
0.3045599077
-0.3364529997
-0.3047213778
-0.01095971707
0.9350602254
0.01920539644
0.7750345528
0.0642650947
0.06584148747
0.247432527
0.3497281954
0.8419344068
3.925543058
0.158764321
0.07243969552
-0.03061570302
0.06965468251
-0.1330239143
-0.1611063692
0.2040548085
-0.38918982
-0.1253446851
-0.136698422
0.03358554207
-0.5028126463
0.1353654381
-0.01785862334
-0.5707351044
-0.2470757641
1.744567707
1.928789449
-0.3809350923
0.1680593544
-0.1860986309
0.2351393542
0.287611392
-0.1122836588
-0.1000124641
-0.3488301508
-0.396724277
-0.009283254854
-0.1090588126
-0.2117259037
-0.2278793492
2.634866595
-0.42734771
-0.567790851
-0.3332921378
-0.07629701663
0.6135277934
-0.2485932752
-0.480539991
0.1626655053
0.4276005924
-0.1838125531
0.2228766724
0.1689145269
-0.3099559136
-0.2833916266
-0.3120809413
-0.4371093661
-0.2683801327
0.693489337
0.05969319167
0.6040591449
-0.1576832443
-0.005157523975
-0.5944355577
-0.1609068346
0.7872131638
-0.4144885048
-0.1622596296
0.03689702507
-0.4946695551
1.095250848
-0.2687364656
-0.2848036386
0.4587142646
-0.2457950542
-0.1821181491
0.6576567829
0.0937451873
-0.1711685244
-0.0141039541
1.055012786
-0.2995756637
0.5091643199
-0.2467226602
-0.08492074676
1.200840585
-0.1534060603
-0.1746379521
0.3049773872
3.097703946
-0.06244285516
0.2397543995
-0.4264047831
-0.01641266234
-0.3973233752
0.1751595973
-0.05843945965
0.3156947296
0.7507615343
-0.3769103318
0.1408981116
-0.08608430829
-0.01937198192
-0.2565595794
-0.4786024198
1.080156049
0.2428948148
-0.1028453717
-0.4464768767
-0.1447841249
-0.2421244256
-0.2254134007
-0.3827067733
1.209720159
-0.1113146055
-0.3552376747
-0.2887079448
-0.009812791459
0.4472017676
0.285578385
-0.3834364414
0.08652035114
-0.2427026659
0.4971571282
0.7880972058
-0.4245737165
-0.3069104522
-0.123694367
-0.4215462849
-0.487790671
-0.1464612503
-0.184017233
-0.2990786679
-0.3741272524
0.672068204
0.4038286164
-0.2853143793
-0.3711743243
0.02163825892
-0.2517450213
0.3238839952
-0.2748813119
-0.07302422281
2.040869051
0.3760949884
-0.1467319706
0.1561575756
0.01460298239
-0.2054979313
-0.2494956858
-0.2289711244
0.1566013843
0.907945019
-0.3013539366
-0.3420239963
-0.4072066799
0.5596616611
-0.1486501292
-0.2244164251
0.296035596
-0.1120623351
0.2143849423
-0.198877047
-0.1120563261
-0.03232584186
0.5374908661
0.3842075102
0.113938417
-0.5974447265
-0.07516295728
0.9115456149
-0.09086602833
0.7792189643
-0.4276122518
-0.1504901428
0.3441706924
0.02178411614
-0.06293914989
-0.2513366098
0.9085911229
0.1053326624
-0.1641851272
0.654405266
0.3122656686
0.05998569084
-0.03054405013
-0.2597432502
-0.04698310401
1.221138662
-0.08885941226
0.5526547056
-0.05103932889
0.07374829142
-0.3672197722
-0.05031806557
0.6424695149
-0.1115234341
0.7084265299
-0.2976066213
-0.02037147367
-0.2248127121
0.3102751695
-0.3839792758
-0.3437534474
0.8470711373
-0.4128158465
0.3982166782
0.07713877335
1.585379344
0.1350250384
0.9204365194
0.02680547116
0.5025055572
0.4218159743
0.1548282187
-0.05001263078
0.1627554947
0.1179093434
0.900528954
0.3061495282
0.2987188613
0.02818287024
0.1368806704
0.507561665
-0.1573981665
0.8165956497
-0.2521241112
-0.07618474974
-0.04018215816
0.2837296847
0.5636115391
0.3926322201
-0.0003385772929
-0.1722704988
0.400421083
0.1829380016
0.04753131643
0.242929491
0.5530466735
0.5685601607
0.2182162422
1.183465788
0.2117195281
-0.2411267951
-0.1121030738
0.3733565141
-0.03100126553
-0.4072801128
-0.4325752452
-0.3376795452
-0.1548298759
-0.3317863092
-0.2737120699
0.3708764635
0.03490530336
-0.125120781
0.09073712826
-0.296495504
-0.2347393116
0.2018457346
0.09013450658
0.6251290917
0.0696477687
1.382643837
0.8084450513
0.681942958
0.07311972966
-0.2116331002
-0.5071028844
-0.1464377582
0.508386407
0.164353447
0.2857072995
-0.06940380745
-0.2563938867
0.6011409249
-0.1518420316
0.3348435044
0.1307827612
-0.2321246808
-0.2800871067
3.493387455
0.3820514552
0.0229720477
0.08706187494
0.3216536774
-0.1534264871
0.1155535363
0.01690731011
0.660107851
0.1162309239
0.6533571325
-0.239512275
0.1961806942
-0.5541684881
-0.2857223589
-0.3922474645
1.587046769
0.4215355966
-0.2997799776
0.2818186674
0.8562529922
-0.1807950748
0.6303956047
-0.1140989428
0.04343944439
0.5305152331
3.868938076
1.095035653
0.06389571521
0.5861183017
0.8460845053
-0.5100373745
0.09044447644
-0.5077591985
0.145664474
0.06613929244
0.1562380505
0.2234211972
0.109507223
-0.4391903993
0.2936283487
-0.2300622173
-0.03534030979
-0.08884017002
1.23736558
-0.1713426585
-0.2677347526
-0.0637676564
1.874285299
0.7360089868
0.1653931035
1.989973375
0.3800259668
0.1576784297
0.21799883
2.643409395
-0.0123545262
0.5875153199
-0.4076455288
-0.1413050521
-0.05703691794
-0.1026616089
0.31813052
-0.3917421535
0.3895893525
-0.1470440898
-0.4741776392
-0.03277434185
0.2705413204
0.83501091
-0.5131675303
-0.2809288755
-0.5389391676
-0.2702206314
-0.4355854928
-0.236779806
-0.5007334307
-0.4921398818
-0.5189542711
0.3323651992
-0.3931206152
-0.2499656588
0.070933874
-0.05572332218
-0.2882723596
-0.5374734849
-0.2404281802
-0.2564343922
-0.3042737491
0.06981353033
-0.06279663341
-0.1684666913
-0.4663015135
-0.2293736232
-0.3608457953
-0.3743172228
-0.4980406567
0.5805089325
0.3987007521
0.3303473134
-0.3022409961
0.3663960262
-0.2636166677
-0.1951196209
-0.4071639925
0.1505426904
-0.2500492651
0.2878515162
-0.3935984835
-0.2126288816
-0.5556355149
-0.5793899521
-0.2395028546
-0.4930775627
-0.4356282771
-0.4167399734
-0.3932363965
0.6262477983
3.792131382
-0.121545326
-0.2709231071
-0.6092545122
2.163654265
0.4495695811
-0.4687345758
0.009568000585
1.166246906
-0.2358869873
-0.395174922
-0.3914148986
-0.2577262033
0.4362667337
-0.1620251006
-0.03141018208
-0.3740100875
1.175130957
-0.3200291216
-0.2882366139
-0.4274786651
-0.3502776973
0.6164785177
1.991958833
-0.354610797
-0.08451133883
-0.6177921489
0.9501522481
-0.4456880704
-0.3211001463
-0.336473655
-0.2135326717
-0.3527734607
-0.4631264433
-0.6136532992
-0.2690524727
0.1756971799
-0.3931937501
0.7024973184
-0.41595283
0.2186134334
-0.5835012168
-0.1910700247
-0.4490290329
-0.5411962554
-0.3660357907
0.4928541917
0.3625885393
-0.5136529863
-0.3903458461
0.02335990379
-0.5504926026
0.3587377506
-0.3140939161
0.5051417756
-0.06764856831
-0.5452531949
0.03421953116
0.184355169
-0.2727252699
-0.4248216018
0.07556066718
-0.2069879338
-0.03112316596
-0.4090261102
-0.4957649544
-0.03777581928
-0.2937963858
1.247892265
-0.08273248244
-0.3688108623
-0.1978259675
-0.02989841141
-0.05075078756
-0.3351624168
-0.08727254886
0.01325793089
-0.3682203397
0.06222407818
-0.4926764771
0.09387022238
0.2528095884
0.7552658401
0.1719446365
0.2081163756
0.5941841565
0.02322794599
-0.4327222526
1.330091874
-0.008860197105
-0.08552327659
0.1672864391
1.030683523
-0.2772051051
0.07780494932
0.432432694
1.291894248
-0.1718922671
-0.2546223216
-0.2833149835
-0.2730518289
-0.2977678418
-0.2563279629
-0.3547228545
-0.3043641374
-0.4494205251
0.3596065089
0.2910018407
0.6485462972
-0.1725026835
0.007952056546
-0.4268541962
2.666554171
0.04935373273
-0.2368048199
0.1692497406
-0.2161837012
0.1253395725
1.838992354
-0.5011061892
-0.02841478772
-0.3566648118
0.2098107704
0.005563660525
-0.02152145002
1.639367262
0.4752211057
-0.6344843373
-0.3376850717
-0.2393259779
-0.08807065245
-0.2662195049
0.2649807742
-0.5149611026
-0.3151104368
-0.5980986357
-0.08261848725
-0.3406929001
0.4079575524
0.08333462873
-0.2425224833
0.01525991149
-0.1361104224
-0.427896899
-0.2830932178
-0.3722491071
1.199949579
-0.1205796173
-0.1838818956
0.02249673968
0.4729044467
0.8149956331
-0.1359102285
1.113103145
-0.229223844
-0.1719537526
-0.2256189294
-0.3113849305
-0.143067482
-0.6137040243
0.3295180589
-0.0799363398
-0.3758105069
-0.1468856685
0.3292048635
-0.3794706658
-0.4745017245
-0.2992786162
-0.4122138068
0.7446531489
-0.3335866213
0.3217733454
-0.4565794364
-0.4209338278
-0.4304961123
-0.279964643
-0.1828048706
-0.1521250035
-0.4822078645
-0.3155461982
0.2136535702
-0.4562358037
0.0724796094
-0.6351433814
-0.259968625
-0.393581979
-0.07986072004
-0.3353785858
-0.08438871037
0.1358981152
-0.405069302
-0.4971747905
-0.1370989113
0.1735093613
0.2354973814
-0.4807901099
-0.4552044436
0.1172647886
-0.2399120465
-0.3209566794
1.479385649
0.06259753965
0.6831285454
-0.1294162509
-0.3316883281
0.3855186228
0.03022599062
-0.4229177997
-0.305603487
-0.4286084637
-0.3791797474
-0.3528688148
-0.0408216944
1.754286519
-0.229743518
-0.3278720684
-0.4291773543
-0.5072576061
-0.2858915411
-0.6545148671
-0.1181896467
-0.3498289965
-0.2055471431
-0.4293378763
-0.3224081263
-0.3497890182
-0.4338555001
-0.6349731565
-0.1846584149
-0.5639914736
-0.5715502009
0.6663117059
-0.07125944626
0.0242446932
-0.5298526555
0.3142283693
0.4546178829
0.7190032192
-0.3599235564
0.7255292995
-0.06788032055
-0.02208087975
-0.4005812794
-0.4155848756
-0.01725869998
0.482513243
-0.3382323608
-0.3107942984
-0.444895938
-0.3788672179
-0.3989895865
-0.6456571802
2.163463664
0.5879843079
-0.1145413775
0.3046793878
-0.1244876307
0.6813543618
-0.5546215385
0.2443291543
-0.3446499661
-0.1984255053
-0.2936206028
-0.4231296256
-0.4055704102
-0.4718594313
1.006256878
-0.6193442896
-0.3988912433
0.1763176895
0.8033837244
0.05963639547
0.4273363395
0.808246316
0.8989035152
1.10709438
-0.3038957052
-0.1968201168
0.3260648243
-0.251038193
0.007103840727
-0.3278791338
0.6937868237
-0.518774122
0.719218836
-0.3381325059
-0.1505902162
0.5118518563
-0.5202131689
-0.6143403098
0.09513756633
-0.6522289604
-0.3758260876
0.1104548469
-0.3526951469
-0.4114064172
-0.07456331477
0.4549468047
-0.2113669086
-0.3959424503
-0.5011104047
0.1446809509
0.1654224556
0.3873873835
-0.5946361944
-0.190159956
-0.1798912048
0.254092142
-0.519699426
-0.1079287749
-0.382570716
-0.1466133146
0.003179612383
3.067768812
-0.3215958595
-0.1222694851
-0.2878672276
-0.5768728733
0.496438472
-0.09916431904
-0.2798027068
-0.4079617046
-0.6320481688
-0.1585182033
-0.1850683283
-0.4639955938
-0.3176271945
-0.5116871864
-0.1296426451
-0.7289537176
-0.310391549
-0.6027922854
-0.2867978998
-0.6494231924
-0.6684809655
-0.499604167
-0.5084005341
-0.6407484502
-0.1512165058
0.8042726085
-0.626953122
-0.2002113957
-0.1630394535
-0.107022251
-0.2513428919
-0.7466108769
-0.5258779079
0.4776976682
0.1474130929
-0.4273076162
-0.4934643641
0.2816464356
-0.04181815335
-0.3686090425
-0.4521228909
-0.2305133365
-0.5475672171
-0.2856783915
-0.4260030076
-0.3518480211
-0.08523497228
0.6933481172
-0.4956596449
0.2072199212
1.906281936
-0.1361899829
0.008642891375
-0.1925369866
-0.3841552332
-0.3168335542
-0.6861950815
-0.253066792
-0.4171666235
-0.2810108282
-0.4804202914
-0.4453553975
-0.5245312467
0.03800554546
-0.5903924033
-0.5646676496
-0.43777778
-0.3073750108
-0.1003832921
-0.2660339974
-0.451324793
0.6517940149
-0.2251555756
-0.4622819901
-0.2714954585
0.6398226827
-0.3480605349
-0.3454813227
-0.1757123003
-0.1946102142
-0.2601361578
-0.5878731191
-0.4932238191
-0.5795897767
-0.3856768593
-0.5486064196
0.5280692641
-0.2656603694
-0.3131525233
-0.2779679507
-0.4807967499
0.2026326147
0.4301746959
0.1880590216
-0.3279206723
-0.4822110936
0.3062400116
-0.2395529941
-0.1600120813
-0.3401234619
-0.1715247903
-0.04282623744
1.147553675
-0.1512452826
-0.2694461472
-0.2719773624
-0.4204291821
2.241047519
-0.06550704818
-0.3161098005
-0.03047303041
-0.6325414091
0.9088485867
0.2480663765
-0.2018668976
0.2358233547
0.3358543416
0.9124392569
-0.1008005086
-0.2816547699
-0.4147287183
-0.1434409004
0.9935501859
-0.01255136533
-0.08306777403
-0.2403853551
0.1128194215
0.06287043029
0.09361355864
-0.2701192774
-0.002014271636
-0.1740413245
2.140748733
-0.3088989645
-0.1403857069
0.8082061082
0.4834332149
0.1480299916
-0.4475370392
0.4418423079
-0.4834907383
0.2845166579
-0.2140304685
-0.3122798361
-0.4695709571
-0.5195470795
0.04482552223
-0.2129411742
0.04936748748
-0.6081704959
-0.2325601786
0.794923079
0.02821124587
0.05869469512
-0.104426863
-0.03418838847
-0.2846241862
0.402056292
0.2139758301
-0.362129119
0.1002141546
0.1123506053
-0.363612549
0.5506524555
-0.1305080601
-0.3773806557
-0.1872117892
3.958005524
-0.08682745509
0.3698520791
0.5288773358
-0.07649143953
-0.2953807048
-0.4049159661
-0.5562716603
0.1155121556
0.8527087621
0.6615764201
0.1488090144
0.6969892398
-0.02355513573
-0.4134485245
-0.6305924207
-0.402340655
0.1530691763
-0.2055659499
0.06598097142
-0.2146870751
-0.01764642913
0.2109371779
-0.2649357505
3.399799275
0.3964911871
-0.280512765
-0.293464303
0.6031427801
-0.04641793156
0.09530494986
-0.460012491
-0.1524334602
-0.0742607438
0.4846326135
-0.3790312387
-0.4839942664
-0.3301165119
-0.3579034276
-0.4488073215
-0.2482285334
0.2078504361
-0.2023201808
0.2218346109
-0.2758310396
-0.5013099574
0.09642066285
0.03556915876
0.3517853886
-0.5277819261
-0.4810380891
0.3100182693
-0.4388463616
-0.1155519128
-0.3858606152
-0.3030461967
-0.0502559864
-0.394077903
-0.2523784824
-0.4084530294
-0.1310411757
0.1249533647
-0.3283199027
-0.1476552727
1.750668448
-0.2662792146
-0.0979494269
0.1305767641
-0.2077985648
0.6041746423
0.5435304057
-0.2684153661
0.5252359696
0.09710030123
0.1690354717
-0.07687979005
0.184836123
2.756519085
-0.2109492209
0.1462669604
1.800077593
-0.2678811431
0.572888992
0.2856525821
0.2619996378
-0.4160011224
-0.2401682269
0.1328551026
-0.4549634427
0.1151726129
0.9693059504
-0.1596299603
0.05655294033
-0.129862608
-0.1011235762
-0.1040478068
-0.471942912
0.6904214039
1.665710106
1.28629045
-0.07095198799
0.3590985246
0.1184328636
0.1190316895
-0.0972873034
-0.1941872798
-0.2240744304
-0.1516467394
1.434239239
-0.2842700981
1.074722174
-0.003287759051
-0.09407990836
1.76738171
0.3614134507
-0.1899332039
-0.2120943934
-0.004218866816
-0.2776667446
-0.2864296764
-0.2923897833
-0.4504031345
0.1366043597
-0.3970908448
-0.3708434798
0.2851376982
0.0224266123
-0.3228098445
-0.005859221146
1.001268947
-0.1847453739
-0.5797756866
0.1123425785
0.6771443695
-0.3940350227
0.3103777192
-0.5879279479
0.8219389394
-0.1036938831
-0.5617150605
-0.1182461711
-0.5654632777
-0.2028985798
-0.2163703568
-0.3363454096
-0.4422335654
-0.3143146977
-0.4049268261
0.3469673634
0.482692834
0.6403409861
0.2643023533
-0.1368310228
-0.1047076106
0.01059075017
0.8542799667
1.03853291
0.08361462269
-0.1422022417
0.1989254996
-0.2584582336
-0.1559314555
0.9429774545
0.7069941282
-0.07118703127
3.222507066
-0.268153806
-0.2245333605
-0.4124884233
-0.3211612448
-0.05830366053
-0.02916348688
-0.1913360886
0.2400961978
-0.3156518325
-0.00235830266
0.4263079148
0.07604891313
-0.2415346161
-0.4976596594
0.3360657865
-0.2961333431
-0.702674529
-0.3409330986
-0.3371240474
0.2121529754
-0.693650195
-0.3911403172
0.0587713938
-0.2099658564
0.167377997
-0.4914612412
-0.2246849131
0.2059962297
-0.3344828658
-0.3081990242
1.034346434
1.649312174
-0.1878287386
-0.3764259294
-0.3773281723
0.04662564066
0.2982205253
-0.2180700362
-0.218847131
0.2059748607
-0.3360712752
0.2416040492
-0.4535909839
-0.5249699533
0.250316914
-0.2429279726
-0.5483244941
0.09592401022
-0.1795693561
-0.1360323638
0.2298567567
-0.2049218379
-0.4026667774
-0.2668776281
-0.2220435057
-0.2694499992
-0.2592475794
-0.6537311479
-0.1428526081
-0.3227903232
0.3684746481
-0.1341298265
-0.2921469212
0.02453881316
-0.2276117772
-0.03668420278
-0.5468599036
-0.7018118978
-0.4367347836
-0.4961461119
-0.03114440637
-0.3541118324
-0.5772100404
-0.2628885351
-0.09542978965
0.5550759092
2.054762009
-0.03736256864
-0.3561082974
0.443672872
-0.5050293773
-0.2914736938
-0.326316607
-0.2604246812
0.4930159599
-0.1352983478
0.1667583896
-0.2020012833
-0.2056938641
0.1335638107
-0.4293454982
-0.1127919922
-0.09586336492
-0.1888975739
0.09884276376
1.800634551
-0.1803592253
0.5252163097
0.1913947831
-0.4165163487
-0.4952423334
-0.5153369665
-0.03856777363
-0.020046099
0.1081030622
-0.1860306315
0.1500733312
-0.1960303105
-0.133438825
-0.004981383588
-0.3891098969
0.06711129849
0.1085528332
-0.1383086899
-0.1449441135
-0.3621138081
-0.2804569699
0.8186478585
0.009179271944
0.3926711589
-0.4984824196
0.4505932073
-0.01907388652
-0.245860637
0.4177654833
-0.4833218738
-0.1808541032
-0.3024538428
-0.4806565486
-0.3750891656
-0.4900650799
0.6692156531
1.894057423
-0.3528293177
3.087791812
0.8849273711
-0.1942821752
-0.2459634516
0.07277194168
1.975136933
-0.4852014959
-0.2053385962
-0.2918489859
-0.1953294383
0.4643002128
0.1598992942
0.3051320346
-0.2146854116
-0.311459142
-0.5550053224
-0.4093030423
-0.5923940286
-0.145238433
0.180174447
-0.4966351897
1.185993099
-0.2732311375
-0.280802498
-0.4176063716
-0.006833209051
0.6735606089
0.01792576406
-0.1346416045
0.7406282559
0.1059606941
-0.06102009648
-0.1564285757
-0.6851177096
0.8589083001
0.4992308691
0.9278123736
-0.5324230835
-0.6466263294
0.3603456717
-0.1732981965
0.1311107007
0.05097489413
-0.06246726322
-0.3709249593
-0.2628586639
-0.1369226264
-0.6547631577
-0.04241337217
-0.1683457352
-0.4290249407
-0.06673369668
0.4819659009
-0.3208323441
-0.5338591531
-0.09536674507
-0.05299201924
0.05495557031
-0.1937180666
-0.5239982113
-0.2008437041
0.5626352645
-0.03302651617
0.6138283588
0.2967497587
1.658076742
0.1294444265
-0.5162734471
-0.026482167
-0.367595309
-0.3676909428
-0.1686242584
-0.5369561866
-0.28706728
-0.2530224323
-0.4717990279
-0.1926403601
-0.3243017823
-0.4240206122
0.4128866881
-0.2367492702
0.09602391329
-0.4838206708
-0.1973833846
-0.1876868751
-0.5125700817
0.04496211301
-0.1283307143
-0.7183817267
-0.5885584593
-0.001038155612
1.18814559
-0.007732555503
0.3503361275
0.07949337782
-0.3154929787
-0.02455609133
-0.3730432086
-0.4567245491
-0.2955666408
0.03192981463
-0.1117220835
1.425988239
-0.5540669754
-0.4109001875
-0.3527375907
0.05650538988
0.2320248783
0.7094156388
2.037139046
-0.3746343262
-0.2331602946
-0.0467265215
-0.6092413545
-0.3670059271
-0.2454639275
-0.2616096601
-0.2651939861
-0.2998339877
0.6812809132
0.01729083108
1.817886376
1.490961961
0.0157082465
0.00642718384
0.2236902977
-0.2126885371
-0.2673083741
-0.1789823545
-0.3207708597
-0.3309528014
0.6078757312
-0.3989605136
-0.3250931643
-0.4848658219
-0.3584601082
0.1782301204
-0.4340734936
0.170679214
2.624748403
2.338214779
-0.09570190273
0.2532675766
0.5097693205
0.7133323558
-0.1387807591
0.6601816401
-0.3094173715
-0.3191315912
0.2887382902
0.5661335543
0.4472373061
3.209785378
-0.1254351107
-0.4900077745
-0.4017958626
-0.4998159677
-0.2306344286
-0.6354393139
-0.4985740766
-0.5808634266
-0.2713544376
-0.2970359124
-0.2875636928
-0.4382312238
0.08426883835
0.1923116803
-0.1486495024
-0.1945858778
-0.6044565916
-0.3512636319
-0.3947586983
-0.3150290363
-0.3716859236
-0.3417452082
0.4614981174
-0.4830512621
-0.509158577
-0.5180817783
-0.439079158
-0.7068797857
-0.2194850683
-0.07391777709
-0.4271172464
-0.5995508969
0.6654547274
-0.3140205994
0.1442337355
-0.1724882808
0.2876667805
0.3032473592
-0.6060815603
0.09454340208
0.6912570499
-0.3724272981
-0.2276431127
-0.3054586835
1.296241084
-0.5222731903
-0.4058599621
-0.3317867443
-0.1908578303
-0.1724179547
0.03004350858
-0.1536041273
-0.2479650714
-0.0470930472
-0.185604446
0.079230351
-0.737947017
-0.3368492857
-0.4748847872
-0.3146486893
-0.5773731768
-0.1610408671
0.1105928599
-0.1656279549
-0.3475745179
-0.3184583396
-0.361462602
-0.2482805014
-0.3083315536
-0.1286166457
-0.2707075804
-0.6891508371
-0.3249844693
-0.4547539726
-0.379719846
-0.6067832068
-0.1844710348
-0.3929648168
-0.4236293182
-0.08651834503
-0.1256900209
0.1042734432
0.3503095777
-0.2961899742
-0.4727177277
-0.01970906239
-0.2333109166
-0.2195890103
1.219398294
-0.2573583692
1.477107108
0.3848928623
0.175480314
-0.526937069
-0.315043655
-0.5609912694
0.1656525303
0.8186822668
-0.2091677971
1.004899201
-0.4812913284
-0.477892679
-0.4378560781
-0.2675147146
-0.4987083063
0.2758819491
-0.3631001696
-0.4212532461
-0.4842528895
-0.4356643826
-0.6862443984
-0.4629353702
-0.3357195854
-0.0966080395
0.07714042547
-0.04945843332
0.1986975579
-0.6272813499
1.70229803
-0.3332575426
0.03855898939
-0.4858988762
-0.440935339
-0.7593532413
0.07994620055
0.04076796807
-0.2024749923
0.8628169343
-0.3961133033
-0.1710870188
-0.5259550944
-0.6042779505
1.013773143
1.281325927
-0.5557744175
-0.2063838419
-0.2517181676
-0.5298546985
-0.4077742875
-0.1376716733
-0.4618656233
-0.4534587204
1.211524388
0.2401991801
-0.3954557419
0.03207999342
-0.0334247421
0.2169238409
-0.1605982583
-0.05733492244
-0.2366521705
-0.1181661144
-0.5471313849
-0.5046397343
-0.1883571181
-0.349882175
0.6525105476
-0.252967222
0.1828593483
-0.3613274686
0.1781153111
-0.1115966728
-0.2472999394
-0.05447712308
0.05995499603
-0.34283145
1.562991777
-0.2913047232
-0.2598813951
-0.2710015852
1.755147684
-0.330305811
-0.3781788543
-0.2970251478
1.494205263
-0.2243618309
-0.2149418753
0.7490127772
0.2024007215
0.03254184509
0.0007627347484
-0.3346751437
-0.3792787969
-0.08959393445
-0.1478070427
0.2184547331
-0.06862678332
-0.06555479579
0.2506991518
-0.2360843718
0.01903768955
-0.1838049192
-0.2828555346
-0.1511217691
-0.07456391752
0.9073751494
-0.2459327534
1.273851278
-0.1038060823
-0.2630082689
-0.4943846554
-0.4320821151
1.482304129
-0.3739888921
-0.3911678694
0.03694613227
-0.1303324351
0.1264539008
-0.3867629491
-0.1778740864
0.05786155658
-0.1443930861
-0.2003839558
-0.1347984336
-0.08886806667
-0.1078041844
0.1481547156
0.0838737472
0.08623561347
0.2575738154
-0.04740870679
-0.2704366222
-0.09630647469
0.452491066
0.08141247625
-0.1239537899
-0.2562649176
0.02414647713
-0.3571648479
0.02431402262
-0.3898187652
-0.3003229246
1.531299682
0.06330962647
-0.00704483781
-0.2956967935
0.1142315214
0.240680345
-0.2557836063
-0.1122692136
0.1678905838
0.3067250039
-0.4554085433
-0.4182730198
2.805206627
-0.4448450327
-0.1252698554
0.1039228532
2.172031111
0.6965814009
0.5058920585
0.3406946335
0.1802785812
-0.1336204944
-0.5991998151
0.06706907731
-0.07786628921
0.2279622597
-0.3339566784
-0.1769984048
-0.01619636193
-0.4508298188
0.100413877
0.004956028797
-0.1275435384
-0.2463151906
-0.4688136637
-0.4022607028
-0.3257357895
-0.08074065074
-0.3069611475
0.2460124344
-0.4172246903
0.6761004932
-0.1849232759
2.264745128
-0.05172609803
-0.223382587
-0.5295912579
0.001425243728
-0.2914261289
-0.3071172848
1.373882848
-0.3101436473
-0.6261544779
-0.2719283544
0.5285745881
-0.1728507079
0.4314347811
0.3518647708
0.8168106198
0.3576104812
1.030388752
-0.4557275683
-0.3296419956
-0.2269715458
0.8188422784
-0.307441669
-0.3855285965
0.05091830932
0.1333004446
-0.4606390178
-0.04816978462
0.05720610265
-0.1350627613
-0.298903916
-0.07197403819
-0.01175331678
-0.2934055947
-0.4396125048
0.168181691
-0.0193388544
-0.3573038422
-0.4569093317
-0.1924949065
0.5929064043
-0.06648669401
-0.1958346315
0.4439722724
0.05216778181
0.8768527746
0.3306842696
0.37026604
0.2312809169
2.989000547
0.1780398832
-0.238033779
0.09740114994
-0.3866860554
-0.1121652292
-0.2447943076
-0.5157967597
-0.3827747002
-0.3722730383
-0.2475878423
-0.5780533716
-0.3588769734
-0.3554653421
-0.4656464338
-0.2203672225
-0.2986151181
-0.4865066707
-0.1119070789
-0.0646460481
-0.1900626207
-0.1557746762
0.1270624368
-0.2507102981
0.0522319071
0.08073806367
-0.331415686
-0.04272426516
0.6576508112
-0.2888218567
-0.07658239882
0.3868490376
0.8179186612
1.062746923
-0.5705500335
-0.5267473191
0.4261468954
-0.4386688635
1.267482696
-0.2499980643
-0.3951258332
-0.443879202
-0.2110531431
-0.1919755511
-0.5993067905
-0.4804323554
0.08397638053
-0.6403824359
-0.5020719334
-0.3841101795
-0.2237378947
-0.3956358567
-0.6721381381
-0.383643987
0.6865446135
0.4569480315
0.2291022706
0.4416625865
-0.3664983928
-0.3767465614
-0.466777955
-0.3488112465
0.4272142325
0.3722145386
-0.1176501492
-0.4607716084
-0.5514458239
-0.2081654876
-0.4045525119
4.997081041
-0.3772547901
0.5804009758
-0.5184751481
0.1136337661
-0.2159862846
1.814196926
-0.2397082411
-0.4914454162
1.064790189
-0.4542537794
-0.54824619
-0.5241670206
-0.1724602643
-0.05224559493
-0.3065106906
-0.5818408906
-0.1487451483
0.1514692523
-0.2594594315
-0.1040272372
-0.4330304012
2.444750589
-0.3698013596
-0.4126306988
-0.08495337125
-0.08102840018
-0.03526473287
-0.3521966144
-0.2571898364
0.499243946
-0.5086672425
-0.1963867676
-0.5652098358
-0.4541512221
-0.6183212414
-0.2920578826
-0.4329114974
-0.5030539364
-0.03623039275
1.124991708
-0.3548582956
-0.01287988573
-0.5609435797
-0.02013566121
0.550863464
0.2578996573
-0.2304939143
0.3169581734
0.4480233215
-0.2906895764
-0.3805484258
-0.228471823
-0.4172393784
-0.4448626846
0.009694758058
0.04713414125
-0.3902378023
-0.5560486987
-0.187245338
1.523608723
-0.2181400266
1.582252884
-0.5507376865
-0.5111148998
0.6516375154
-0.1434227362
-0.5336671397
1.503605486
-0.3467225969
-0.1654124904
0.2338798229
0.996730344
-0.4208083689
-0.2615702644
-0.4696000099
-0.5786423564
0.4002840327
-0.4124074966
0.1891467717
-0.1565848107
-0.2384068206
-0.3292951241
0.2176797637
-0.08398580831
-0.3314929567
-0.09334663539
-0.404605519
0.06075493614
-0.5043583512
-0.4336363077
-0.01592103941
1.031703032
-0.0247824532
-0.4069376811
0.1853695337
-0.01533867312
0.06144024027
-0.01512610149
1.133017923
0.08519017519
0.3100519951
-0.1788455255
-0.3763301939
-0.2800462037
-0.4155874744
-0.272305385
-0.4668224484
1.310492029
-0.1358546913
-0.07656228747
-0.3707748443
0.3512365906
-0.2647438638
0.6580776766
2.74793877
-0.5766120642
-0.2624967158
-0.1050632793
-0.5129633576
0.2384632735
-0.4141136631
1.488305631
-0.5730025783
-0.6483188838
-0.1545328442
0.6382388934
-0.3971153527
-0.21960169
-0.589605099
0.8028979242
0.2853643563
0.9503037624
-0.3562616803
0.2211294922
0.1770723611
-0.3673283599
-0.5346640527
0.9880369484
1.813000649
0.7823041581
-0.1348158751
-0.6915341347
-0.4187947705
-0.3437894672
0.1054608821
-0.2310876526
0.7290987119
-0.4848200023
0.06545451172
-0.1369347143
-0.396506235
-0.3123588718
-0.4740410119
-0.6167320028
-0.2302470297
-0.3559796013
-0.6643808663
-0.3157040745
-0.3660975963
-0.8192369431
0.07116002552
-0.2768757872
0.1571458239
-0.3298737355
-0.5515405923
0.6999910802
-0.2072690738
-0.4172284439
-0.2944328867
-0.3243189156
-0.2504386313
1.11719051
-0.2573344998
-0.2974840164
0.2103264732
0.1191847611
-0.1674590693
-0.5097989738
-0.5009186208
-0.4349863581
-0.6187911659
-0.2249785725
-0.3724218518
-0.4609700203
-0.2542364262
-0.3187567309
-0.4240581363
-0.4814892024
-0.4871541306
-0.445181112
-0.255507011
-0.6145284742
-0.5387000293
-0.1425437978
-0.3565995082
-0.3442748517
-0.4375017256
-0.3683212742
2.385350019
-0.3664589368
-0.3903184228
-0.6065886617
-0.4304420233
-0.2731526531
-0.3576792717
-0.5247107744
-0.2271544918
-0.3043977588
-0.2610113747
0.5341341034
0.3582974419
-0.4680720806
-0.1842921397
-0.2612289459
-0.04013664946
-0.6550839871
-0.1865956942
0.7189508416
1.228622603
0.9180412013
-0.3066913255
-0.3367558092
-0.4007828653
-0.2329935163
-0.1559430284
0.06420476809
-0.3714418039
-0.4353660628
-0.0369634578
1.227397951
-0.006267867424
0.2022250928
-0.2519307882
0.009384988993
-0.2127711393
-0.4020445809
-0.2211360525
0.1201818803
0.579955481
1.414316967
-0.1771042587
-0.1720524136
1.183474855
-0.3572628424
-0.2683205895
-0.2724045269
0.6333885029
-0.6673468247
-0.06255259737
0.2222965598
-0.2497922279
1.375138685
-0.5785587609
2.005643427
-0.3607567027
-0.1758191917
-0.06552197081
-0.410848812
-0.4241306067
-0.2984511934
1.215209584
-0.3338287733
-0.04925536523
-0.3521099001
0.3215943426
-0.1427270856
-0.6222223997
0.02849559654
-0.6384453893
-0.2038071856
-0.0504481066
0.2278355468
-0.7030990005
-0.4472196057
0.7459330782
-0.2196681939
0.3941427693
-0.1642321505
-0.5511297688
-0.5579196468
-0.1218502242
0.2198851455
-0.3070654161
1.174585316
-0.3063955538
0.1175842747
-0.523541747
4.309344447
-0.1104586627
-0.2622592166
-0.2152521703
-0.3345663853
0.309191417
-0.4122023731
-0.6129674271
-0.466144225
-0.3051327534
-0.1337699883
-0.2543507345
-0.5508993074
-0.197715782
-0.6792252362
-0.2075685754
-0.6068763733
-0.06266282052
-0.4596708179
0.5391325317
-0.3465789795
-0.5082334414
-0.004403049685
-0.6976556808
-0.4851605654
-0.3201484248
-0.207131996
-0.3465714507
-0.05238250899
-0.1385040473
-0.1492355585
-0.2086051691
-0.1914978255
-0.1537329627
-0.2193463594
-0.3489858024
-0.4966858774
-0.3660837695
0.002883036435
-0.3440074481
-0.321514596
-0.5674493805
-0.2771562718
-0.3006100699
0.5291739497
-0.03009521132
-0.2690298729
-0.4454248145
-0.5120280743
-0.4383641616
-0.1585412726
-0.4599743217
-0.4433319047
-0.2371062737
-0.3705442101
-0.2832863003
-0.2661335349
-0.5577006951
-0.2372504879
0.152949286
-0.3905096546
-0.1284785695
-0.2052540604
-0.3372886948
1.697698176
-0.130274909
0.01803491805
0.5901917197
-0.1705963835
0.5922144623
0.3245927613
-0.4295750618
0.07974826796
3.078829378
0.4087803856
0.2964484327
-0.2577862471
-0.08802645952
-0.375315775
0.8117633507
1.238727256
-0.4709182501
1.226003277
0.3979353866
-0.1082561012
-0.3924062788
-0.3314679131
-0.5692572638
1.099486701
-0.3442874402
-0.3137320817
-0.1002095271
-0.2754116595
0.4487893695
-0.4054596648
-0.2134022519
-0.200270864
-0.3089074612
-0.1402038841
-0.1057496572
0.07147660721
-0.226912909
-0.1614997316
-0.2562708281
0.3027109871
1.369279757
0.4278981449
0.1125709247
-0.03419663869
-0.3734178081
-0.05886960905
0.4391763397
-0.3602806002
-0.3501155078
-0.2803643279
0.006714005768
0.4915125996
1.544756348
0.03574251351
0.6494148947
2.328628537
2.471648002
0.6942618413
0.4466400973
-0.239697215
-0.2347243305
0.5962775663
0.1525543036
1.225534844
-0.1888266724
-0.4750357658
-0.2627950214
-0.2014409415
-0.378412655
-0.1196133684
0.04539279575
0.4141151393
-0.3350575909
1.070034644
-0.02622579113
-0.5011167958
0.1961645851
-0.08313110285
1.536884195
-0.113777139
-0.6770940721
-0.2628807709
-0.01458067019
-0.2139195986
0.671085605
0.4602610789
0.0508533251
0.2828770629
0.3608451448
0.01646013022
0.08520222064
4.810981655
-0.02752205525
0.04351401478
2.83317464
-0.5168613687
0.194788152
-0.09323982242
-0.1151233796
0.1734048691
0.01643306641
0.678308969
0.7923815176
0.2928686058
3.282096672
-0.2378963724
-0.2419656716
-0.247380193
0.8093300009
-0.2659061454
-0.7455114201
-0.3029529862
-0.2492604412
-0.04809673661
-0.2889983974
-0.4841074929
0.4892092273
-0.4637989059
0.4914214507
-0.1374343108
-0.455507049
-0.2229685549
0.1890412714
-0.7013171911
-0.2238315411
-0.07068138085
-0.2005607065
0.3797241511
-0.4442547962
-0.4879910961
-0.1646200005
-0.4052906126
-0.1972116578
-0.4706555724
0.2936967639
-0.3614359654
-0.1837687455
-0.1833688248
-0.3836152956
-0.1420774784
-0.4064652517
-0.3104566365
-0.2896030813
-0.1277265834
-0.4966138989
-0.3716966301
-0.2448563583
-0.1048291299
0.05259618461
-0.3815787852
-0.5747683793
1.494831041
-0.2939636983
-0.496873951
-0.1827748016
-0.3938546404
-0.1450997215
-0.2041941084
-0.3079414956
-0.3218143165
-0.03720676024
-0.1974137928
-0.3490416586
-0.4752378926
-0.2424736392
0.05503465049
-0.3893875778
-0.2629871238
-0.4316505916
0.1473572844
0.1747389149
-0.1744962294
-0.1752237476
-0.402906841
0.3005564589
0.2453097912
-0.2931706473
-0.3049440071
0.09153273487
-0.2016710032
0.05550183235
-0.1951558843
-0.04986518491
1.028974226
0.392851717
-0.1869826257
0.6200205402
2.10788309
0.6151613489
0.2637748148
-0.3324542895
0.0784657497
-0.154478664
-0.07206177879
-0.03448152989
-0.6359238863
0.8624235809
-0.1030326126
-0.2204674162
0.7255618051
0.4573881853
-0.475592339
-0.1402000804
-0.03677523816
-0.2479413301
0.05439199349
0.6815978914
-0.3497585103
0.03998509478
0.4127237886
-0.2197470941
-0.008657214791
0.1132427664
2.55188812
0.4311539195
0.004584528692
-0.1071140848
1.912971586
-0.4473978862
-0.0713974895
-0.2644076347
1.28544426
0.06586152799
-0.2806295782
1.620138839
0.2722733023
-0.1573415145
1.50211177
0.2102329783
-0.3314612463
1.99563801
0.9766137637
-0.02376781981
-0.2041693065
0.3524979703
0.3609160639
-0.141997074
-0.4889817193
-0.07784929806
-0.4585478872
-0.09929668829
-0.32370231
0.01679352969
-0.3766763106
0.5417611741
0.9164411426
-0.3159458965
-0.225345025
-0.177369589
0.8318600394
-0.14344413
-0.3047883861
-0.266651959
1.309688245
-0.2761577159
0.02306159046
-0.238750264
-0.1404089639
-0.1111957062
0.1630965581
-0.04495007256
-0.270513577
-0.3045449659
1.401037897
-0.1128921335
0.4951016247
-0.3927942127
-0.1633116584
0.2074751744
-0.2017449796
-0.3238179527
3.186633772
0.5367922803
-0.3934296384
-0.001860782504
-0.1408444038
-0.04127937695
0.8077611685
-0.3742353335
-0.4542518631
-0.0910655017
-0.5209898725
0.3911492763
-0.12384781
-0.5157829255
-0.08986079097
-0.3008924335
-0.3162597513
-0.3972393274
-0.2169352885
-0.4153062597
-0.05967649361
0.0006093084812
0.2656904452
-0.1174116962
-0.1890697464
-0.1550094493
-0.1463929124
-0.1567984596
-0.1580300596
-0.3953834921
-0.01539587802
0.3965921829
-0.3939567387
1.126688023
0.7392489493
-0.5098660022
-0.2293107674
0.01817123168
-0.2243602373
0.3619112894
2.392334574
-0.1383946517
-0.2119239133
-0.04135355032
-0.2958232202
-0.3836955532
-0.1071883529
0.08641490322
0.1201501307
-0.4593067184
-0.3175175056
0.1322263299
0.2206850328
-0.5703507617
1.170621577
-0.4869669244
-0.102133866
-0.4121093787
-0.0966756694
-0.5477305189
0.1902674239
-0.02794764703
0.4340563856
0.1620029599
0.2120382344
0.0173408702
-0.2419425473
-0.2048930731
0.6043163598
0.5393745627
-0.01315983776
1.241955869
-0.170046697
0.04219416119
0.01306407917
1.989030099
1.437675536
1.359820685
-0.1721478505
-0.1624242239
-0.05328224651
-0.5842530355
1.368297586
0.1550968988
-0.1348037135
0.01069554631
-0.3780245721
0.8142675415
0.6127378009
-0.01363882069
0.7155735761
0.08015304119
0.3687544428
0.4908289097
-0.1580569915
0.4500210702
1.454839173
0.3051123019
0.07872255789
-0.2994709924
0.2173758304
1.915053976
2.479749465
-0.1220401853
1.492205939
0.1000849349
0.4228651308
0.5936066538
0.7369512558
0.8991951391
0.07314146245
0.3342284158
-0.3061847746
0.2573330022
0.07634701319
0.9100765541
0.7758896492
-0.4376329005
0.05507692387
2.336914009
-0.04792849654
-0.3441972762
0.3137088409
0.5330248423
0.07278193217
0.6124527708
1.05938718
3.20116356
1.471409477
-0.1033711361
-0.1796801992
0.4893807312
0.1141165467
-0.2432276458
0.3414472327
-0.3257139735
-0.2807512946
-0.4169667527
-0.1118102809
-0.1625865009
0.617634365
0.1225322191
0.06715682074
0.7249187112
-0.03336645234
-0.05009510173
-0.09608404692
0.2505707409
-0.3309979923
-0.2849572618
-0.08075978123
-0.3969825238
-0.2479342535
0.3571210042
0.4516307063
0.7397752792
-0.3144881219
-0.5450595096
0.549449987
0.7246077605
-0.4848689541
0.2514170101
0.1671676979
0.02614053413
0.7281801447
-0.3644605875
0.1933182124
0.7394486561
0.9114748158
-0.1415892072
0.1301257044
1.679279822
0.4890243486
0.6110428499
0.1509091421
-0.1558017382
-0.4109579414
-0.1884510905
0.5423422545
-0.0700591919
0.6523739502
3.696723193
0.07074197931
0.3591778399
1.187802719
0.4921763442
-0.3717074171
0.3191667721
0.7662757427
0.4866377272
-0.1787037291
-0.2796973266
-0.3670152351
-0.3029810086
0.5052079357
-0.4643089235
0.6379271626
-0.00558562628
-0.2357721232
0.7268906379
0.006572290976
-0.05742036542
0.06003443026
-0.1115203987
0.1665628139
0.475484515
0.7046767339
-0.1931384906
-0.3550948918
-0.2638433211
0.08211779795
-0.1780221511
1.521982157
-0.03080806863
-0.4652615309
-0.3988393322
-0.5365763575
-0.2277613282
-0.46789051
-0.2394663211
-0.4163632423
1.75538398
-0.2557634547
-0.03529591374
1.768111116
0.1390079993
-0.01257650871
-0.3567966968
2.515566921
0.7980979823
-0.3676674038
-0.09690709338
0.4481055439
-0.3999025933
1.133594291
-0.1067080433
-0.1665017597
-0.2493734203
-0.1257863352
-0.07621737961
0.03309995383
1.1467317
1.69750464
0.0565314332
0.6684283011
-0.1096920479
-0.2432216499
0.6471502833
-0.1639125187
-0.1438561533
0.701530017
-0.2499935921
-0.002399959322
-0.2247204915
0.2099145572
0.1465938687
0.5105952159
-0.1793793
0.4562044099
-0.4685739234
-0.2336513415
-0.3840423256
1.56917682
0.1060872824
0.5608281165
0.08783790283
0.1033487229
-0.204573787
-0.2757324055
-0.4154705182
-0.12070277
-0.1220789785
0.15586816
-0.278784924
-0.007415057905
0.03705779593
0.3127055682
0.3522774361
-0.4978469878
-0.3001042917
-0.5341559425
-0.1365903392
0.3821376324
-0.09911887813
0.1973208405
0.594275745
-0.396613048
-0.2819547571
-0.1494609009
0.01601531189
-0.5110515878
-0.3443850115
-0.6724122465
-0.165408954
-0.2775880575
0.4691242564
0.1800036747
0.4721087754
-0.2736972958
0.04819919392
1.297784325
3.459038556
0.8263964236
-0.4237942606
-0.0245518554
-0.3369077452
0.463197767
-0.3027837314
-0.1547799803
-0.2857814297
-0.5857944623
-0.3804753527
0.05158749064
0.6651738711
-0.5841728717
-0.3329365149
-0.07990135653
0.3739852399
-0.3858897939
0.1250078168
-0.2780862994
-0.06824690104
0.06285374071
0.0004479087889
-0.2690214247
-0.2192385316
-0.2611223646
0.912381205
-0.02320215087
-0.3049191132
0.1072497939
-0.4326751158
0.1643220203
-0.47116258
-0.4207791954
-0.3070794486
-0.07914633285
-0.01307677403
-0.3223955408
-0.2213462211
0.04444265524
0.4420492411
-0.2029473979
-0.2157715753
-0.4972088233
1.213603152
0.1867296472
-0.08382174699
-0.05369743761
-0.3748773783
0.4150931716
0.01569360085
0.1552851561
-0.4407850564
-0.4114655808
-0.6437601656
-0.2447964877
0.6391433813
-0.1300860019
-0.5084491968
0.03840639852
1.039789292
0.1007086315
-0.4571480006
-0.4288233012
-0.1816157643
0.2893557504
0.01334489165
-0.1928145122
-0.2260645948
-0.142085433
-0.2487437332
0.04057234153
-0.2695108593
-0.5790997207
-0.4788746402
-0.5005698331
0.653541398
-0.2689102061
0.08927525505
-0.3655057982
-0.2008657038
0.7845109111
0.2280666354
0.3258956909
0.9227358453
1.504572682
1.35585447
0.1417079384
0.1537448855
0.895853132
1.670779474
0.5295608461
0.2706171542
0.4116824806
0.1585923359
0.748160582
0.003575251251
0.550526078
0.7569662001
-0.2188222267
0.01469953544
-0.09780326206
-0.3128594093
-0.02892520744
-0.3495751917
-0.2509646885
-0.4284904659
-0.1156141266
0.07304965369
0.2653518058
0.8940503478
-0.06013307385
-0.1509166639
-0.05511566936
-0.2035181597
0.0002329582348
-0.5282082349
-0.2518294409
-0.3444784258
-0.1587982498
-0.2715453178
-0.05139926504
0.112540172
1.041689724
0.809409003
0.1772203629
-0.2834062897
-0.192886268
-0.2074340791
-0.1217625592
0.3135625748
0.5195943609
-0.2516764775
1.501041111
-0.11219026
0.07562354309
0.4470345778
0.5876286827
0.8085186675
-0.03993635233
0.743337281
-0.0183507662
-0.05750459153
-0.2865434818
-0.08077871203
-0.1095465297
-0.2949112028
-0.1279564219
0.414876589
-0.373341243
-0.247308705
0.06381340045
-0.0955091239
-0.2764192164
1.009143807
-0.2475724429
-0.2162366154
-0.1871736079
0.4026679873
-0.03122026362
0.1641405482
-0.3375739783
-0.04195860205
0.96758257
0.6113383189
-0.1840271559
-0.4677702084
0.7218782932
-0.03065971094
3.505634785
0.167603208
0.488873449
0.152404134
1.105850895
-0.0391825953
-0.4379223391
2.533661717
0.6567407221
1.424837367
0.7536844507
0.3589828908
0.7142497428
1.729006428
-0.09101397051
0.09247509483
-0.08414344266
1.187196869
-0.2781587079
-0.3189858571
0.007341827452
0.1412885826
0.1917715895
0.4113240466
-0.365278744
-0.480394876
0.5936594279
-0.415234983
0.6258091345
0.1191220446
2.149877881
-0.490156202
-0.05927208494
1.777724262
-0.143458984
0.1791108828
0.008860369679
-0.1343570104
-0.2448166989
-0.1608383004
-0.2157359894
-0.1166853186
-0.1990804411
-0.3072651118
0.45343716
-0.3158261314
-0.129398125
-0.1776847061
-0.1722819148
-0.2992664315
-0.2418857038
-0.1765991248
-0.2724254355
-0.3572241217
0.2108628169
0.6596203431
0.3738860242
1.543021196
-0.1859178234
0.700915356
1.033148227
-0.6575920671
1.306779873
-0.008551475778
-0.002188531682
0.1086895986
2.392536369
0.1796372034
1.163705158
-0.04842773476
-0.005096377712
-0.1440527629
-0.2222220242
0.642622208
-0.113238947
-0.1639366414
0.2685753342
-0.3962790355
0.3372441642
-0.2257352427
-0.1026378732
-0.2130429313
-0.2403239921
-0.1674929691
1.764057297
0.1149112836
0.04886477012
0.2423597381
0.01152498946
0.05484560356
0.4670839325
0.1715293474
1.248732099
-0.2373267971
1.847777665
-0.04254458304
1.576139647
0.04740661588
1.220908213
0.2443297289
0.5374557301
0.1225822132
1.077464101
1.672867453
1.876101249
0.09119098936
2.535437065
0.6230723083
2.014864659
-0.2167111434
0.2554229666
0.04575373344
-0.1548278825
0.5382510588
0.6580212459
1.733752197
0.6037455488
1.48832688
0.4740718037
-0.04831681084
0.08658268265
0.07228934336
-0.0223730376
1.867947391
0.0429576857
0.8488169149
1.682098857
-0.397912237
0.4272421643
0.693586801
0.1132505871
1.187592082
0.1954386419
-0.08910766877
-0.03393533733
-0.1091336992
0.8944013789
0.1464586462
0.7718617469
0.937476024
-0.09942512289
-0.09666650463
-0.07257325761
2.387238717
0.2893481893
-0.2295211501
-0.0943309715
-0.4297044784
-0.4227787003
0.1444485234
-0.05295850057
-0.3354124665
-0.4005467422
0.03084902964
-0.3187337071
1.851744497
-0.0503118061
0.05180872716
-0.01790366271
1.376931555
0.07921491889
-0.2823364343
-0.4011780635
-0.2378317341
0.7963051856
-0.3696742877
0.6404213995
-0.2504476495
-0.1668063
0.03905320968
-0.1747459322
-0.4283817083
-0.2749417692
0.8505115375
0.3273074808
0.6792832559
0.7297613779
-0.006052058842
-0.04964770982
-0.3423748747
-0.2991163075
-0.372644335
-0.1554010816
-0.2579434648
-0.01644435069
2.911420536
0.5651426926
0.7390521452
-0.1505165717
-0.2334925458
-0.0461926382
-0.3663464606
-0.3522983208
0.2718099197
1.304650258
0.4908514753
-0.3723077536
1.777411598
0.9788056575
-0.3488304332
-0.02805215809
-0.2937432408
-0.4014472872
-0.5220707372
0.09407123842
-0.2687489785
0.617985547
0.9342124626
0.1044516082
0.0389596764
-0.3057882294
-0.3663697243
-0.4351821065
-0.1189905578
-0.1324980106
-0.01571944458
0.285857176
-0.173979759
-0.2453892741
-0.3578086093
-0.05294009731
0.02386989035
-0.2417586312
0.5750262916
0.7133529842
1.486141285
-0.130495742
-0.15825097
-0.3808837205
-0.09403820857
-0.3058164276
-0.03810860943
0.4912167221
0.1832217915
-0.2972363815
0.04258588788
-0.7223326147
-0.01966636367
-0.3379048184
0.08583023739
-0.4392202005
0.1148346689
-0.08797988519
-0.2022337414
-0.266104196
-0.1694680262
-0.2645541899
-0.2804231964
-0.1550013842
-0.2417838201
-0.3074430391
-0.2569685094
-0.3247836888
-0.2446500927
-0.1629624054
-0.2523104966
-0.4316875376
-0.1474081649
-0.4657207981
0.780230464
-0.1996208347
0.09004269349
-0.1229457842
-0.5478874683
-0.02675254159
-0.07207418382
-0.1523641128
-0.5279059336
-0.1728622455
1.981123751
-0.05592625197
0.3543644536
-0.1520457726
-0.01621655952
0.5457011756
0.3810336828
0.2131699305
0.8233715385
0.3090166902
0.4493763916
-0.1586106434
0.1435702033
0.1214422954
3.653569877
0.5915569738
-0.1048398977
0.25995834
0.3911906887
0.1705996126
0.07190603781
0.1421383302
0.2855163757
-0.1227340238
0.1051553347
0.0954871092
-0.1700239208
2.118784881
-0.2517086729
0.5060104495
0.3098699311
1.337370867
2.314812511
0.06869917368
-0.100612491
0.4300692681
-0.05420772969
0.3152021095
-0.1809467558
0.2052851752
0.1668498727
0.01363591738
0.5825928196
0.1014370725
0.8598004669
1.877074903
-0.0984708434
0.4478907719
0.4035349619
-0.2889714025
-0.3257104695
0.3801474385
-0.2995144457
0.009147569211
0.351583945
0.748394867
0.4950719714
-0.03221415207
1.250445558
0.1057008936
0.1363708275
-0.4556615531
-0.09669728894
-0.1739326686
-0.04449281767
-0.3183135025
0.3404944178
-0.5372496694
-0.2145872768
-0.004809137993
-0.3307687879
0.07902342752
-0.2301157765
0.3432613157
-0.3713747114
-0.2193291407
0.2775457688
0.005516455695
0.3019391291
-0.1550327934
0.4213423911
0.4505421408
1.112033321
0.006225215085
-0.1743704315
0.2001049558
1.982920825
0.0438612083
0.1679711122
-0.1851510089
-0.3246507376
-0.2053448103
0.4008752629
-0.4699242622
0.1486693963
0.3219437622
-0.2772309393
-0.4185124159
-0.185321768
-0.4588924251
-0.1928973392
1.043002515
0.06753639155
0.3357372932
0.5649752975
-0.2467372611
-0.1491683714
0.01954120016
-0.1630859401
-0.1233561523
0.4218294298
1.150033516
-0.6188401282
2.218627185
0.1016230557
-0.1364110332
0.223769339
-0.08663624711
-0.2566777658
0.4137226598
-0.3580155432
0.597198239
0.3624142095
0.4674512882
1.268248871
0.549545335
-0.3815987542
0.1086651666
-0.5245014504
0.1340930951
1.238187706
0.9941969231
0.4878405487
-0.1167236313
0.5322802965
-0.06509996718
-0.02300115684
-0.4633836076
-0.36479747
0.659615556
-0.5303708196
-0.2470599644
-0.2025768492
-0.5564731747
-0.5259101078
1.315515319
-0.02726059621
-0.1689395932
0.4004776619
-0.3863411412
0.3970148496
-0.4426382631
-0.3071784291
0.5734355509
-0.4241582602
0.4452520125
-0.3493190035
-0.2290850084
0.9004988499
-0.3945524305
-0.6283972427
-0.1032610182
1.267344454
-0.01255862648
-0.4726050407
0.2935088346
0.1399434985
-0.03922697399
0.004898958094
-0.2494161732
0.08849670095
0.2517870832
0.01493065306
0.09115644894
-0.2679068431
-0.2702755623
-0.06595854498
0.3676755406
1.171582311
-0.6734747797
0.02678140318
-0.04368522875
0.1611449126
1.301693638
1.480966631
-0.3974918701
-0.08534118119
0.3094579415
1.474280931
-0.1383472472
0.6605700776
0.2374872059
-0.4726013616
0.4888589442
-0.1586913958
0.3187508196
-0.1568409059
-0.2532982908
-0.2211152419
0.1049780857
0.3634714685
0.2181881282
0.2507412165
0.2293271527
-0.009749539522
-0.207645943
0.6076005928
0.8634640396
0.5750603952
0.01868851772
0.3207069119
-0.1350889111
-0.06640847512
1.301616812
0.05348712765
-0.09870018139
0.1767853015
0.2993517356
1.292682191
-0.4188413009
-0.5384519368
0.2912762258
-0.523285906
0.2965185144
0.07578935246
0.2992137738
-0.2270877024
-0.4266780466
-0.1322748408
0.01131105376
-0.171766182
-0.2285183754
-0.4579491675
-0.2938263312
-0.2045188766
-0.2647060089
0.03095908705
-0.4114594027
-0.3475894451
-0.1339361146
-0.4666339323
-0.2526174262
0.2728881456
-0.3071134031
0.03578425841
-0.3030634843
-0.3090220302
0.5138191655
-0.09144741818
0.2406626061
-0.5015226409
0.6926786527
-0.1497372
-0.1173370812
-0.1186670635
0.6114175662
2.858656275
0.7259434715
0.8086043745
-0.3011754192
-0.2846968472
0.09268351689
-0.517388697
-0.568940492
-0.2951751277
0.2771910658
0.1566287342
-0.1502721183
-0.1558542527
-0.2618196711
-0.06981098801
0.4404725226
-0.1569445159
-0.2243766442
1.687381043
0.7603729561
-0.3978863433
-0.2634835988
-0.3132004529
-0.0830987331
0.5995641178
0.1060312495
-0.5521754235
0.2270807142
-0.3900315836
0.0282511292
-0.02001285958
-0.03759236969
-0.1486478951
-0.4403289229
-0.2505915321
-0.09046473457
-0.4517680153
-0.2650727218
-0.4160870031
-0.3104364164
-0.127057441
0.1508773576
-0.4560358703
-0.428208825
-0.243827986
-0.2147089947
-0.3394606784
0.480758852
0.735960456
-0.1379537843
-0.3124070093
-0.4711775109
-0.03687572852
-0.5472762287
0.093456438
-0.2893265851
-0.1520147879
-0.4746972725
-0.1827470483
0.706306576
1.584984639
-0.1662954841
-0.5267573223
-0.3043978505
-0.1137479229
2.958590424
-0.3640678599
0.5034202583
-0.1543059271
-0.2285549261
-0.1407489656
0.2409400988
0.356675119
0.3129268086
-0.1160758939
0.7300862052
0.4126209799
0.007275288925
0.1685357232
-0.2397037804
0.4359531887
1.371715677
-0.02635172959
-0.429906249
0.02377265971
0.3380119249
-0.3911396369
-0.1363692814
0.6018223576
0.1441777358
-0.1286497861
-0.3789260238
-0.1726911154
1.787124833
-0.3758102417
-0.0562587617
-0.004999330454
-0.1879107416
-0.3552104712
-0.55058337
-0.2696882375
-0.4340046018
0.3284773525
-0.6134436548
0.1086918376
-0.2752610061
0.4004498526
0.1562367646
-0.254170166
1.494335204
-0.2963984475
-0.3600795507
-0.05090558063
0.9677298397
-0.001724892017
-0.1281700084
-0.03716544369
1.545121986
0.05430351738
0.5815623544
0.2556149118
0.0928837236
0.1735567844
0.1577721866
0.3928570427
-0.1904119007
0.1518842371
-0.200841989
0.1006251734
-0.1731615663
0.9587788388
-0.400320062
-0.02168652639
0.06379889953
0.4542865634
-0.05014034007
-0.2891959846
-0.4687841564
0.7348769672
-0.4030323878
-0.3352102101
-0.279224278
0.4176563643
2.356746018
0.005983391497
-0.09577074945
0.7684864327
0.2666965971
1.337472755
0.868545261
0.4343648359
-0.04623119486
-0.09802083969
0.2602695443
0.8702972338
0.00964749027
0.2127625316
-0.2445554271
1.562821823
0.8431128442
-0.0489839226
0.06911036093
1.136795303
0.3918296564
0.5234739859
0.1396246544
0.2711063385
0.3390429059
2.495490825
0.2634082505
0.2215591954
0.1654839601
-0.4930797413
0.8225750118
-0.1776545862
0.01856929376
0.394697129
0.01517303428
0.360247948
2.866255254
0.4113157038
0.1321127072
0.2329115793
-0.09813762717
0.07375515085
1.179822704
3.06079551
0.8801087707
0.1303252308
0.1740394728
0.5946555302
-0.03818136277
2.205247808
-0.3279729635
0.2839007223
-0.08635254772
0.426498761
-0.2212534703
0.6436427854
-0.05243225191
1.754752961
0.1265646493
-0.5890644759
-0.134810384
1.414285108
-0.2068044279
-0.02878441103
-0.2976105846
-0.224203027
0.08730804911
-0.07533863671
-0.02312548435
-0.3673558548
-0.422344096
0.4846776064
0.8963274598
-0.05650468078
3.668660748
-0.3095902219
0.2054259845
0.6035413522
-0.1299965479
4.096667624
0.1232671331
-0.1157334663
1.936925298
0.1737565318
0.765465647
0.4558871822
1.138192175
2.013289452
0.5869010754
0.3501417961
-0.0238255552
0.7758715764
-0.1493268367
0.1573625732
0.4973124474
0.2532516592
0.6160210304
0.6718966082
-0.05075619477
0.4692753926
0.0205487337
0.1249697402
-0.2718597904
0.05031015663
0.2783454118
0.5183437623
0.5391837627
0.1213757947
0.8983936206
1.429215354
1.017243122
0.283579516
0.2749563082
-0.1255060587
0.4758874677
0.3263706842
1.06752671
0.07439617328
1.018181702
1.636975247
0.2478490187
1.196873473
0.3968618907
0.4786849752
2.172421479
0.2851612881
0.1623196926
0.893647702
1.034554431
1.932709467
-0.4411070392
1.750759685
0.9058010459
0.1408762841
0.2722001066
0.1828128371
-0.08847468253
-0.3744845569
-0.3868213341
-0.4634456769
-0.4116439611
0.0299597485
1.05835769
0.004454191402
-0.2264460623
0.112474673
-0.5035745174
-0.5370851398
-0.2731294066
-0.0882933829
-0.3630526058
0.136999552
-0.01643153066
-0.104465206
-0.02651640773
-0.1707946997
-0.2797951505
0.6303937137
-0.05963859633
0.5416331677
-0.2895401031
0.264898506
0.3152367171
-0.04944088645
-0.03395240074
-0.3358343124
-0.4775477141
-0.3596579596
0.1303865797
0.2189862084
0.2143053252
0.3140018279
0.1183123833
0.2723909612
-0.3145151444
-0.4551199555
0.01929181349
-0.1122066895
-0.02800568417
-0.1483588867
0.8258879915
-0.1608758774
-0.01745947786
-0.06059457026
-0.4071991593
0.5687443696
-0.4735008851
-0.08682016768
0.1913818777
-0.1101251606
0.1855750546
-0.2102642499
-0.2312954172
0.08183366172
0.8474789038
0.008477018028
0.6060696229
-0.2602993168
-0.6285941839
-0.1216434155
-0.01640868294
0.170793655
-0.14047486
0.02324375156
1.469564211
0.8336558759
-0.15250089
0.3087656353
0.1842624892
0.3631017634
-0.2055148359
0.06604347224
-0.1816438135
0.202497353
-0.5401148021
0.5681212187
-0.3410799041
-0.1689557292
-0.07125491514
-0.2762022585
-0.5913948059
-0.08932491215
-0.2077128887
-0.1776251096
-0.0119848487
0.5413068242
-0.1180797171
-0.1137642842
0.004923067987
1.981462148
-0.02984739915
-0.3896995217
-0.3914021567
-0.2747551639
-0.3541912705
-0.5008501932
-0.2144121785
-0.2063184399
2.143415451
-0.2090206189
-0.001358936913
-0.1392340679
0.4081833549
-0.4621789813
1.372828601
-0.5290082186
-0.3724406227
-0.2517566431
-0.132644018
3.981474054
-0.02509417553
0.06290290225
-0.05872845622
0.07463052757
-0.1310747564
-0.389843981
-0.008952277154
0.7335369095
0.8704109445
0.217232785
2.01377396
0.176991364
-0.1350304805
-0.540702717
-0.2429643452
1.33184512
-0.2728047483
0.2417201975
0.2573827662
-0.05496448483
0.7793592021
-0.1150453195
0.3469940607
-0.200336659
0.04603412976
3.453251159
0.4295519516
0.5043770306
0.03985447232
-0.1844592787
0.2088044526
0.8978572965
-0.2458912097
0.009529167973
0.04435011856
-0.05271047745
-0.2152733885
-0.03993545673
-0.0975074321
-0.06994874952
-0.01726685641
2.609605396
0.6715359021
0.3895464189
0.2363611999
-0.1190716771
-0.05786268115
0.8413710624
0.1067977976
-0.5228781402
-0.4397701189
1.021688563
0.112915893
1.391057414
-0.1397664975
-0.3739712358
-0.2844132692
-0.2305882741
-0.0244373834
0.1147852374
0.3430976456
-0.2141416311
0.7568983421
-0.06006012876
0.7259386331
-0.6979768977
-0.2554555073
1.695492363
1.121066609
0.8066674992
-0.2864241943
0.8435033366
-0.4891911104
0.9606147557
0.6496321768
-0.2294623822
0.3043924712
-0.3203499749
-0.3923940897
-0.3339845225
-0.4567475528
-0.3739018574
-0.1776080988
-0.06031165216
0.6280568043
1.88942064
0.1855024222
-0.351263836
0.1655213792
0.4307084745
1.452023003
0.4282334946
1.010260044
0.2409819939
1.597542444
0.1163181668
-0.2844277371
-0.1126406185
0.2466490686
0.3632597381
-0.05306881294
0.08469929325
0.3484484591
-0.4036523685
0.5597113878
-0.01332335919
-0.2705967255
0.319936797
0.8162806399
0.1648483692
0.1630426183
0.2897769935
-0.07275881507
-0.4768475249
-0.01724394131
-0.194612254
0.264215445
-0.2313953869
0.7699632727
0.6153931281
-0.4075580582
0.3499842817
0.1216091427
2.239886135
-0.1511169447
-0.4484631114
0.2310730079
0.2467695082
0.1454567491
0.3464180827
-0.02706086095
-0.3403674491
0.4883216061
0.7930676416
-0.3381205797
-0.5993479148
-0.3979703411
-0.4875079542
-0.2109565374
0.0004865087569
-0.155946758
-0.2484265707
-0.1815474804
0.6644087091
-0.01541896369
0.09402778111
-0.09437008146
0.05013531465
0.1302004989
0.1935988797
-0.4027485475
-0.2753034629
0.1422524378
0.2066889357
-0.122403999
-0.1094891191
-0.2671107043
0.1753088573
0.0549607534
-0.5207450032
-0.3836179569
0.4818703864
0.005926209129
-0.546856074
-0.5087945774
-0.1097574446
0.0005982315168
-0.2690756693
0.3720709326
-0.4000120744
-0.06195186335
-0.2480842613
-0.2199891463
-0.1809588011
0.01868450008
0.4449917145
-0.3192912713
-0.4919628948
-0.1853057675
-0.4139345899
0.4735901827
0.316010108
0.7470457569
2.265574929
0.1564884812
-0.6138529569
1.469964013
-0.2408995342
-0.03796725636
0.302143654
0.03956889911
0.03119962132
0.3711618496
-0.08209210839
0.5339044094
1.168229148
-0.07107351478
-0.1854281783
-0.2552530617
-0.1665911034
1.454117586
0.4402539346
0.1790084708
1.075712827
0.4993900254
0.6569065101
-0.2042483799
0.110220136
0.8994383559
-0.03402431365
-0.05640018051
0.1420780061
1.777816051
2.080804145
-0.4431712776
0.002683723159
-0.3305689648
-0.5736876354
-0.09187200423
-0.4576181769
-0.3177324116
-0.6096345752
0.4606735684
0.8309232071
0.2771130402
-0.01132185785
0.07924995013
-0.4564183265
-0.4732230127
-0.349850373
-0.05327489423
0.2916488137
-0.2351462074
0.1005214635
-0.4041360363
-0.2494661644
-0.3534862801
-0.5584227204
-0.6252833545
-0.1948383708
-0.2087873871
0.5835114447
-0.4533748105
-0.283144927
-0.3570683509
-0.009429998603
0.08881540047
0.06591430255
0.843421869
-0.2663475342
0.3112454992
-0.1808016534
2.106361282
-0.244362317
0.7277356219
0.01150327148
-0.005614557397
-0.4999934912
-0.1481433317
-0.2445769615
-0.05726079261
0.2972529013
0.5354698105
-0.02596861906
-0.02747662123
-0.38994596
-0.05023850147
0.1052828804
1.103645399
0.5684563167
0.0516467439
-0.149586764
-0.487468265
0.021454489
-0.2011399567
-0.4050241463
-0.01695724186
-0.2724914625
0.2315197008
1.030299613
0.1166981547
0.520191627
1.137671565
-0.41068248
-0.1078790503
-0.2405794747
-0.2489001893
0.05164158377
0.6050034173
-0.0688191006
0.03224522881
-0.1320689894
-0.3901669577
-0.4025641859
0.2921798017
-0.4403409034
-0.4183716401
0.09761570171
0.0926448578
0.1615946854
-0.1222531678
-0.5086879686
-0.2602370009
1.309769511
-0.6658683091
-0.510841611
-0.0709064432
-0.0180082107
0.1995134626
0.4309934445
-0.4185300902
2.197003478
-0.2129537992
-0.2789275467
-0.1900491305
0.08087866418
1.870536703
0.7905954137
0.3456590306
-0.6795837224
-0.5523084894
-0.5098881543
-0.3243286192
-0.4832238972
-0.199954693
-0.599272424
-0.516458638
0.07486148477
1.186852208
0.1343636951
-0.3425188191
0.2621603649
-0.02806427483
-0.1357871067
-0.401262261
0.7164965197
-0.1437693734
-0.4491265595
-0.1734246492
0.9502078891
-0.2748233333
-0.282216467
0.02445215583
-0.2399011753
-0.2011639003
0.1250805259
0.05637544198
-0.1768958695
0.9582829416
0.4507036984
-0.2905042477
-0.4207738593
0.06060317233
0.09316942478
-0.1255649824
0.07948241183
2.756888241
0.2251787066
0.244398186
0.06882293709
-0.2711999457
-0.2401030198
-0.04758422021
0.8399642132
-0.137964428
0.2540876744
-0.3669887006
0.002255805582
0.2853688009
0.351872283
-0.1266537201
0.5059652381
0.361251692
0.9065258205
-0.1075869065
0.8949551612
2.192603344
-0.2772609107
-0.5179618821
-0.08756818343
2.557759738
0.749641192
-0.06391439475
0.2825212158
-0.1867544245
1.290921202
-0.1006843694
-0.2161822148
-0.3846406907
-0.2009759732
0.4787832446
0.3738276057
0.2981249772
-0.04336908329
-0.3534818158
1.158225645
0.1315236099
0.5948522486
0.173652924
0.2392301156
0.6677969916
-0.01435847227
0.3520581616
-0.3945702761
0.2865686668
-0.4826139525
-0.4070380144
0.1249111058
2.143476069
-0.01997797964
-0.2736618035
-0.02999378019
-0.1215686485
0.5328366861
-0.3425927665
-0.09558259584
0.7151299715
0.3990507558
0.1436561568
-0.07837654091
1.028234659
-0.2276672043
-0.02507440294
0.3797137164
-0.0797303617
1.081621204
-0.2339177296
-0.4093184829
-0.292217689
-0.1335663138
0.7937826812
-0.1182503149
0.2871980298
0.1776700003
0.6352023199
0.1508998943
0.01778588654
-0.1747226439
-0.5399649367
-0.1655778278
0.09134764327
0.780966945
-0.2854830172
-0.1311996318
0.09428915293
0.3086701962
-0.06483718641
-0.0797271369
1.132360134
-0.1534338536
-0.08365643397
0.4206268401
0.3425635917
0.1969476731
1.501591334
0.1976205337
0.3604661722
0.6636289507
-0.08447453137
-0.2321226969
-0.2468201235
-0.01465342897
0.108651321
-0.1914955284
-0.4265480742
0.3140680656
2.849419892
0.5727430627
-0.3206112213
-0.07932551354
0.1588610324
0.5248094354
0.3871874902
0.1977879199
1.298702842
-0.3910632432
0.9633062124
-0.333233203
0.2268297866
-0.08139184285
0.9184682876
-0.3293309286
-0.4895378456
0.1472984415
-0.0891926432
-0.03921925388
0.2417662923
0.5695761435
0.1763676055
0.00084326379
0.7618188336
0.7982513815
0.3354391996
3.261109495
0.3292680301
1.464735401
0.009564622864
0.2596235368
0.2724400669
-0.03735617716
1.23047258
0.8139788672
-0.1728502542
0.1868267969
-0.1422256511
0.5403102897
0.5925094903
-0.2112357561
-0.09647502676
-0.2546601139
0.575950934
0.4641950004
1.240410274
-0.2577167749
1.092034765
3.444625109
-0.1069256721
0.2658877842
0.6839867845
0.643139071
0.7057557877
0.2122038955
-0.3856331825
0.2824771918
-0.05632348126
0.4442491218
1.289988816
0.5052715272
1.946532565
2.205482519
0.6818856105
0.6448147133
1.578979874
0.7515636504
0.4245585628
1.541963396
1.913975269
0.08623596579
0.3665295443
-0.02929154476
0.655515343
0.4708692355
0.2141249171
-0.5070968404
-0.07976933951
-0.2499826699
-0.4050871715
0.08358207829
-0.597653164
0.7085777625
-0.4180331588
1.219188826
-0.5386603951
-0.5858815253
-0.4277576357
-0.2297801465
0.01882795393
0.04351139404
0.5468282931
-0.139228712
-0.2721835032
-0.3143451639
-0.6320422575
0.3126203813
-0.1260532774
0.3738198154
-0.3413477749
0.2762193901
0.6963330999
3.136539763
-0.2935116895
-0.2504047234
-0.5153059438
-0.172968128
-0.1361483555
-0.1071380387
1.095819312
-0.2712587908
2.498275304
0.120054449
0.8461647362
0.281545952
-0.2186328642
1.004232303
-0.03897801242
-0.112151804
0.2393511096
-0.1669844672
0.943673075
-0.1101003299
-0.2288352579
-0.4089114115
-0.2807916723
0.5897064395
-0.5292987764
-0.003691003565
0.01354118157
0.5578054413
-0.3223967686
-0.305431892
-0.4329647675
0.6908058926
-0.3465378776
-0.07775604315
-0.4313921213
-0.0807273604
0.1374512503
0.07829683181
0.02823162843
-0.3300122216
-0.3861445114
-0.5111261696
-0.05265218094
-0.40650637
-0.06598056853
0.08032507007
-0.004055757821
-0.4313711077
-0.4478714406
-0.423736383
-0.259239395
0.12432716
-0.2752456799
-0.443288748
-0.1020681782
0.1214305116
-0.3976013795
0.5987815008
-0.3622681633
-0.1532161979
0.6829254635
-0.1361641042
-0.4028380945
-0.3181652084
-0.3491241813
-0.2083418274
0.1114687603
-0.2125453666
0.04122461965
-0.6958319515
-0.501110898
0.1404283822
-0.4087695628
-0.3651630297
-0.1894121878
-0.3240435399
-0.2334443964
0.589510297
-0.4205901682
0.7694974169
-0.2189264929
-0.2079495635
1.270374469
-0.1190537909
-0.5591308638
-0.3915049404
-0.4377551354
-0.2210427657
1.92931236
-0.01698240964
0.008057273552
-0.4085650936
-0.3468582779
-0.1990815312
-0.3422692701
-0.05635614772
1.052396981
1.931029344
-0.1260557763
0.007496313378
-0.2113123007
-0.004683403485
0.1136785137
0.1930394202
0.5555017337
-0.2446673319
0.6500102997
-0.1770996716
-0.1547358185
0.2481250577
-0.2255713601
0.4753813386
-0.1554331932
-0.07084568348
-0.2956211001
-0.3658479393
-0.3249830373
-0.586461921
-0.3619567215
0.9234065518
0.4984705046
0.08085802277
0.1067378884
-0.3489336953
0.3342714619
-0.2687988691
0.06725047678
0.1587046873
0.2583516233
0.7031236008
0.1171075048
-0.3962613635
0.775924854
-0.4625701994
-0.3873610362
0.0966445094
-0.3281045571
0.02521936316
-0.200249061
0.7583463125
-0.3367854059
0.2918603729
0.7693468802
-0.2031311218
-0.392145735
-0.2521974303
-0.3375332445
-0.2119325951
0.8987429217
-0.4890439212
-0.1888423078
-0.3242907137
-0.2015230045
-0.1035077956
-0.5915435612
-0.3733370736
0.3804272567
-0.4146752998
-0.3394939199
0.2193273515
0.3371460861
-0.3194178283
0.1143785015
-0.1602431241
0.1198920672
0.5206042372
-0.4756040081
0.6455912597
-0.1548062142
0.1553998747
-0.1525848649
-0.5035597637
0.006895127799
-0.1992794476
0.02638573162
0.5578670219
-0.5752442673
-0.2468840338
-0.02181086559
-0.3149666913
0.290459094
-0.09283258431
-0.6235927969
-0.3680128172
-0.5386884212
0.6370500749
-0.2666904964
0.5360614741
1.529857163
0.03723973976
-0.2097903717
-0.07574360697
-0.4460119605
-0.3990383878
-0.1559269641
-0.3878626749
-0.193728441
0.3588682398
-0.165137323
-0.4367152132
-0.4225884989
-0.314981848
0.2631822741
-0.1352590054
-0.1753151629
-0.4569438979
-0.237996991
-0.3467832483
-0.37465958
0.314389083
0.444428537
0.4325925749
-0.4901072174
-0.4292744517
-0.2899826758
0.3376162758
-0.5052769691
0.1977520769
-0.2528275087
-0.3756830171
-0.3803216293
0.597883556
-0.4421575993
-0.09913154435
-0.0007118228823
0.2487251431
-0.7377895355
-0.1900110338
-0.4903461203
0.2079482272
-0.5209151313
-0.5154796496
0.5112584697
-0.4358374849
-0.2041183431
-0.2803384498
-0.1207827285
0.04932739604
-0.5176404282
0.04224029668
-0.393891336
0.07092011385
-0.1689217243
0.0651446125
-0.2666621283
-0.4448855102
-0.02885549925
-0.2539917018
-0.05692987926
0.0869298151
0.02411296591
-0.217817007
-0.6119076014
-0.03933715876
-0.1235198313
0.3933876075
-0.2925435856
-0.3139148146
-0.6097900018
-0.1140223935
1.446673512
-0.5437060863
-0.2979920737
-0.2367054939
-0.2066152416
0.4049588777
-0.2444127757
-0.2853358343
-0.2783474823
-0.4538294494
0.3392972194
0.6103154734
-0.2467302054
0.9268473968
0.2929911092
-0.01968859844
-0.1802304763
-0.2183980279
-0.04234215878
-0.1491037242
0.8476748295
0.06053478494
1.022702288
-0.2800873447
-0.1993353289
-0.306381353
-0.1185648233
-0.2188002914
0.002880773833
2.153189474
2.926608706
-0.2552511118
0.5286191937
2.064333636
-0.1822973598
-0.1416894622
-0.2381489452
-0.1435781466
-0.469697088
-0.009079518542
0.2614527438
0.08493213998
-0.4166820034
-0.3664029241
0.1148481803
0.983538875
0.5666146509
0.1572182661
0.3795891795
4.276635265
-0.5613535061
-0.623247996
-0.5051087439
-0.1610615065
-0.6995905101
-0.6180752978
0.04087743601
-0.3009274371
-0.525128524
0.5713460214
0.3472385194
0.2827379756
-0.3927107595
-0.2465177014
-0.2341316372
0.02193136811
-0.1102159293
-0.148679566
-0.2014375564
0.2118940473
-0.01102817077
-0.1309182401
0.02339466605
-0.2627680682
2.847372228
0.264228823
0.3259386137
0.324398382
-0.2714057766
0.8961450368
-0.3644217312
-0.4492237553
-0.1638856713
0.5355891719
0.2656768845
-0.3537544869
-0.5682445064
0.7598798692
-0.4962645516
-0.4244546428
0.9039005369
-0.1900434181
-0.04573309883
2.197795665
-0.2017130043
-0.598379539
-0.2260833349
-0.1860137351
-0.3185625792
-0.2464004301
0.4014450382
-0.3099486478
-0.1746675666
0.1100317225
-0.2674642868
-0.2852613203
-0.1811059136
-0.460703963
0.4535445154
0.007813445851
-0.3400702655
-0.2134342451
0.4756358017
-0.1730196154
-0.2856244147
-0.05645848457
-0.2299421411
-0.2524519876
0.2574712945
-0.3200450324
-0.2482012592
-0.1869374007
-0.1182149762
-0.1746039219
-0.3781608164
-0.2051932115
-0.21888755
-0.3341499195
-0.341689764
-0.1055168324
0.05313724857
-0.6095611393
-0.5898272336
-0.1673642421
0.1348341072
0.2163827043
0.03656335473
0.0201080244
0.1532320047
-0.471638228
-0.1097122297
0.08040142581
0.3917121677
-0.3543873563
-0.2148046181
-0.2710227922
-0.09145060144
1.000748715
-0.2273559604
0.0815945873
-0.504529196
-0.2945088759
-0.02151635033
0.5207068257
-0.1668273013
-0.3623262227
-0.2692940637
0.02025305554
0.1666281007
-0.5368149251
1.145171838
-0.1799797602
-0.1841773618
-0.2748316318
0.5026961736
-0.3464298904
-0.3654010445
0.03759822678
-0.04743286502
-0.05880072895
-0.1445082467
-0.3760280833
-0.09671371486
-0.3427530386
-0.2137805544
1.502352343
-0.1003922977
-0.4397730574
-0.4231130198
0.2491755717
0.03513654266
0.617570924
-0.5436073855
-0.3620033622
0.6852401033
-0.02808599547
-0.1981691208
-0.1395955339
-0.3973510325
0.3765325952
-0.1856028488
0.2880171226
-0.3429359287
0.3909407117
0.9496474445
-0.3244048968
0.3953674333
-0.2466038704
0.4199383557
-0.2405348726
2.619387472
-0.412944974
1.004340444
-0.03872665595
0.40852628
0.1697415535
0.4190002423
0.1674606871
0.02766935425
-0.09884036928
0.1798568306
0.6607549772
-0.3042374194
-0.1039258895
0.1569234146
-0.4789671734
0.13244444
-0.1924981076
0.03958962439
-0.5947026193
0.4432831757
0.3362671947
0.4524623893
-0.2756352834
-0.223063121
0.4966701448
0.01145241316
0.03363998719
0.5661791123
0.7688283809
0.287204507
1.288381156
-0.3085443765
0.01365427021
0.4109506985
0.1782023093
-0.05325310919
0.05063266521
3.128949338
-0.3063864157
1.023361299
-0.1708225425
0.733135739
1.002507591
0.1841810436
0.9517975107
-0.0004530745558
-0.4065748416
0.3721691102
-0.4482873328
0.9455975801
-0.3900430053
-0.4848239943
-0.09830718935
1.835914153
0.3933791779
-0.3997116581
-0.2549326118
0.7938831449
-0.1890590116
0.2324789909
-0.2071347598
-0.3082881615
-0.1377189659
-0.4571763128
-0.2318432771
0.601690232
0.00328748282
-0.2572139442
-0.3889436483
-0.3356691994
0.02446638066
-0.5127698973
-0.009284915077
-0.2182685181
-0.2941561624
0.2897231763
0.1245258738
-0.2806226909
0.2914028074
-0.03706696425
0.6598601557
0.7633045018
0.9880643144
0.406477578
-0.4095871195
0.9315424681
0.1492271295
0.05003743903
-0.2257155821
0.7843724892
-0.467588836
0.9548055016
1.732216078
0.8179631248
0.1242307493
-0.3603086561
-0.09338240344
-0.2252049819
-0.2931415543
-0.1335387756
-0.4462437019
0.2419657459
1.468431757
1.199938628
2.997414565
1.195912989
-0.175974232
-0.2422651805
-0.5228581414
-0.267390421
0.3368003936
-0.4585195526
-0.3120095536
-0.4407784551
0.01414112723
-0.2649042688
-0.3975463226
0.3138100611
0.03536094343
-0.09468891378
-0.3009955771
0.2617626419
-0.1691740543
-0.2896699846
1.141826478
0.2354129566
-0.3588934124
0.2369691091
-0.3184550798
0.7510647252
0.3906088658
0.2509312678
0.6890114313
0.04524073247
0.8302437454
0.5047933143
0.7702641398
0.8514695853
-0.2166161478
0.4709046964
-0.1476001237
0.47278184
0.1459452447
0.638004896
0.267041482
1.587758592
0.7822060004
0.4143021584
-0.190162684
0.5420354083
-0.1420052398
-0.1560632098
0.2257330613
0.1163035161
-0.2670034938
0.3921086796
1.777627403
-0.2311601155
-0.05523737203
0.03506243378
0.6535783269
-0.01144483555
0.7751653731
-0.0364506809
0.5561124131
1.2796882
1.355811182
1.045520347
0.4640708938
0.2338934301
-0.167913463
-0.3927403614
-0.4616282731
-0.1027013399
-0.4554041356
0.2280213531
-0.1618921489
0.143030906
-0.2558446445
-0.01004986893
0.2951308161
-0.180200595
-0.2756403316
-0.1084105752
0.03731188625
-0.2791924566
-0.1987211771
0.4278226979
0.0194361635
0.3946714897
-0.4440683976
2.367097622
-0.2622101575
-0.002516297065
-0.4220044896
-0.2904261544
-0.4530109525
0.1247153847
0.9782868654
3.338808367
0.6112599611
0.9753144518
1.049876295
2.331684121
-0.07307197824
0.4405482218
-0.1772666901
0.54925109
-0.1305446938
-0.2540764824
0.1036227798
-0.02963636313
1.22862457
0.1772449104
0.3039615957
1.218668556
0.1318248648
-0.155591272
-0.3913196832
-0.160205741
0.8464890331
0.8746706977
0.1106345402
-0.2069436591
1.1947983
-0.0009803311899
-0.4474283502
1.637141114
0.8461066425
0.3086045504
0.7833963297
0.492523364
0.6143751368
1.074945723
1.085411592
-0.3805578768
-0.04332708158
-0.534417446
-0.575247018
-0.00115422681
-0.2362152774
-0.2243593635
-0.07654896546
0.07982227495
-0.1576975988
0.5728850164
-0.1068821713
0.03543419056
0.3238008372
1.16504996
1.85371787
0.2254993653
1.130743207
1.603919861
-0.3630838983
0.1717082141
-0.2718829989
-0.3783032984
-0.4120617405
-0.01645946726
-0.3818680078
-0.3936515301
0.04211980533
0.1547408298
0.02698638532
0.3674349861
-0.3098186061
-0.1130267423
-0.4101310566
-0.259334676
-0.2698608063
-0.2475677036
-0.3378051922
-0.5117150359
0.248845432
-0.3227000587
0.6381287232
-0.004412466753
-0.09392540064
-0.06711507495
0.4699447526
1.603771448
-0.02808829565
-0.08826614879
0.4457576036
-0.145451786
-0.1375552334
0.9165044412
0.08765649986
2.860257423
2.304693258
-0.1243344923
0.3667693596
0.0519721359
0.1831250343
0.3874018921
0.1109530222
0.03011456169
-0.2058709625
0.2164302221
-0.04995922262
-0.003706561169
-0.1508233093
-0.0460625371
0.5039569825
0.2452919941
0.3103110898
0.7225196972
-0.285458634
-0.07295077061
-0.0236559758
0.6137207324
-0.05806968827
1.160892558
-0.09883700795
2.232769108
1.130902693
0.57169476
0.6179169722
0.4377102911
0.9740116447
1.166298196
1.729330939
0.05264552343
0.3387754336
0.7300432384
1.674829194
-0.2817243561
-0.3925835371
0.08313666638
-0.2128926478
-0.06203858797
0.2748979228
0.7846709818
0.4437437564
2.50088774
0.7985464349
0.05075949505
0.3872189106
-0.1560905395
-0.1121352151
-0.1071319818
-0.2504367918
1.207881668
-0.3022723116
0.07748926287
0.1069927399
-0.2917554751
0.4224026285
0.7492150664
-0.27777123
-0.1469067007
-0.3215312734
-0.2525849257
-0.02543760575
-0.2295295767
-0.3532174453
-0.02339914516
3.452117503
3.141426635
-0.1167018894
0.04790534768
0.3244894542
0.3123275105
1.111000332
-0.2920589872
0.2891043583
2.095560786
0.1365778137
0.2037511453
3.865066123
-0.2496201605
0.9745407715
1.537213135
-0.07947471552
0.1163584562
-0.06491416171
-0.2488285106
-0.4632360294
0.5171083815
0.7977863282
-0.1565179288
0.4330719501
0.4851689119
-0.3114962041
1.234083207
0.2252411637
0.7571719544
-0.1726786427
0.04519817489
-0.2291307621
-0.08211124744
-0.09526769165
1.059146473
0.4616332918
0.4636657216
-0.2672411721
-0.2404704109
-0.0154230712
0.8451908082
-0.2774917621
-0.03269994631
0.1858637014
0.2258541632
0.2537116019
0.3694608919
-0.05920706429
0.2738744557
-0.01602339875
-0.2868883952
-0.391510731
-0.4541876748
-0.4685895726
-0.3752433524
-0.3549143955
-0.3431010604
0.4632100493
0.631839937
-0.118658871
0.5534289174
-0.1492411423
0.2353307027
0.6546923526
0.04454618003
-0.02854849603
0.4452388576
0.3843746938
0.128855191
0.1025272569
-0.2202124268
-0.4951740548
0.8334768862
-0.5468203455
-0.02806006465
-0.3205979981
-0.02019338571
0.1828382432
-0.171817397
0.159913481
-0.03035760433
-0.003709633276
0.2451447684
0.02200252824
2.8018776
1.002009293
0.6671828598
1.619360334
-0.1759958547
0.7732363924
0.8545966014
0.5906344794
0.02399969082
0.8859357253
0.02215999505
1.030727103
-0.3039008372
0.6518828094
0.931700018
0.2897950027
0.3413846347
0.322911072
1.385831225
0.05770019894
0.8884479374
0.2801632892
1.324828649
-0.2303017456
0.7038031667
-0.4286697403
0.1646581331
0.0936495712
0.4107904136
0.1871416481
0.546550057
0.7423848048
0.3044246992
0.5558540866
1.301060528
0.8590898246
0.6070692271
0.640918424
0.1910086218
-0.1901294563
1.357501209
0.6859569937
-0.2740005411
-0.3297970042
-0.2544501457
0.9106874853
-0.01754343566
0.590304359
0.1300565931
-0.3367762446
1.253420915
1.316850543
0.1358914498
-0.3262573063
0.4192504749
-0.03750590095
-0.0137359648
-0.05831221193
-0.1719694208
0.02730556
-0.0857345893
0.1569488829
-0.3818520337
-0.4816000223
0.04185911026
-0.3304642007
-0.5353491366
-0.4254290253
-0.1559031576
-0.3972735703
-0.3619376302
0.1100045213
-0.09956950061
0.5805791944
0.3015241187
0.5429520965
0.02480396861
0.09358858336
-0.1161050323
1.391254464
-0.1490705673
0.2342155132
-0.1924714286
-0.2271959566
-0.2895473465
0.04280227185
0.5074438035
0.2457975159
0.3766781531
0.1287311921
-0.4068959907
0.9622307211
-0.03473803559
0.6292892398
0.1559046231
-0.3738836095
-0.511953263
-0.4443437956
-0.2529539898
1.466455679
2.472653997
-0.1223837985
0.7347835392
0.3376866847
0.08533829628
-0.1742059946
-0.007141539454
-0.2845682353
-0.09893671945
-0.176704751
-0.1819401231
0.7083148375
-0.2567999899
-0.01397265475
-0.5377971619
0.4950069636
0.2027102396
-0.3733888298
0.8667390779
-0.2492569625
-0.02201969335
-0.1654114518
-0.2420088314
0.07181682903
-0.3206487417
-0.1926522151
-0.1122643888
-0.2419105671
-0.01779179601
-0.2935733944
0.1774946874
-0.01133210752
-0.5215197399
-0.05194179364
-0.1671193473
-0.4788030058
-0.008169669285
-0.2937461227
0.6139281742
-0.4351715535
0.2659682445
-0.1836322382
0.4377748385
-0.1172386315
-0.3571727309
-0.02959075971
-0.2300388612
-0.2389156997
0.121745281
-0.2273016907
-0.4574108213
0.4230647959
0.6660146549
-0.356754978
0.5141555072
-0.2100498982
-0.144660957
-0.3957940996
0.06476859348
-0.09891970474
0.6797752023
0.2592229754
-0.1842265062
0.5866247892
-0.09327565804
0.09606567454
0.3461854199
-0.05565903671
0.298056937
1.011845233
-0.141419201
0.2659622129
-0.09838149045
-0.294153738
1.202684343
0.3401293003
0.1129005234
0.7376503415
-0.2662574507
-0.1305963233
0.9005160168
-0.1224632127
0.3375302784
0.6733330853
-0.09016671851
4.041818452
-0.2219487805
0.5282353915
0.2234006755
-0.2894376889
0.2930706142
0.2768711548
0.5808195971
0.002621850139
-0.2210452534
0.220707152
0.07802896518
0.2806669772
0.8619146466
-0.07751998501
0.4898097932
1.5423971
-0.02731433734
0.2603772175
-0.1720654208
-0.2005504616
-0.3163019501
0.6600474035
0.6016389929
0.5445222355
1.094846645
0.7042200111
1.33839729
0.05009534825
0.457883098
1.676397875
0.6977642909
0.1241570782
0.7726887494
2.399760979
0.1807047388
1.013704845
1.457487336
1.641353911
-0.2793452844
-0.1913485803
0.1601042489
-0.06141985767
-0.1209523663
-0.005318716913
0.1888908502
0.1241942398
0.06600341136
-0.08279097192
0.694809483
0.01264574081
-0.001519107819
0.05477315141
-0.2924340837
-0.3247232802
-0.1935340695
0.1756770779
-0.3266962707
2.065231419
-0.149435671
-0.08212937564
0.2007538391
0.3851914395
0.6482207492
1.818429464
0.4538893882
-0.05539365076
0.3112745117
1.465381843
2.311123133
1.144751826
-0.2257205538
1.532595578
0.1097116878
3.316582572
0.1733682979
-0.293297632
-0.2075889643
0.1545856399
0.1095281195
0.6311792508
-0.00448340266
0.5066913597
0.5804391064
0.6860210836
0.1016487442
0.329277146
-0.3408039838
0.2987263612
1.285409369
1.206366375
-0.3421879739
0.9114379868
-0.2131191824
-0.2574715421
0.3237956576
1.352496833
-0.305408255
3.397567004
0.2852103636
0.2452281618
0.2062161259
0.3955318868
1.135407215
-0.05846969299
1.619753751
0.204072446
-0.06761232521
-0.1528672438
-0.01404742016
0.3914452735
1.025279419
0.4775807254
0.6345931195
0.3607105121
0.2773397401
1.328150719
0.2191944029
-0.2518926352
-0.1753441971
-0.0009797727689
1.289443567
0.9771424145
0.2130945178
-0.1783159271
0.2590415573
-0.09108228218
0.8414242484
0.8800482526
0.326594154
-0.1853495128
-0.1190303374
1.216099445
0.6345232621
0.2957532261
1.71537047
0.287601159
-0.174712923
0.6204944417
-0.4065945506
0.08164419928
-0.4230387032
-0.0005537671968
0.08065085895
-0.2103852887
0.9426094353
0.341201167
1.872515965
0.3288476596
-0.05320834164
0.1563427632
-0.05549143814
3.751738989
4.229503036
0.562438979
0.7479995221
1.653435695
-0.07677880321
0.9564773202
0.0148850983
0.189560158
7.406882942e-05
0.497632096
0.1791975159
0.390621811
1.439579085
1.761174926
1.196752265
1.613898265
-0.1259780493
0.1977139555
1.274196957
0.1339236937
-0.1528637838
0.08080764841
-0.2711032726
0.7007311389
0.5280985676
2.795487642
0.8120688215
-0.0360689681
0.1365308123
1.097679491
0.6439280972
1.541939315
0.68711337
0.5182908364
0.5027357958
1.264024767
1.211034985
3.577591097
0.4289577009
0.4645191325
0.0662136307
0.1844933413
1.225586218
0.88804245
