-0.3623561457
-0.7022330135
1.066336434
-0.08886459284
0.1204797111
-0.703867957
-0.156231744
-0.3474590354
-0.2817545235
-1.363898593
-1.072188783
-0.04323324217
0.6825764287
-0.4175056055
-0.0892744449
-0.5735466957
0.5377681404
0.4224151077
0.6671515049
1.460659045
0.599063772
-0.2176371455
1.071054045
0.009659742098
1.317227758
0.9908574477
0.4591721043
0.3588705805
-1.025498688
-0.5598502755
-0.3069175817
0.5484930985
-0.4051386297
0.1151767445
-1.633599943
1.436119426
-0.372821565
-0.6383017123
-0.2731899276
-0.3499098904
-0.6716621473
0.1145986646
-0.4906532601
-0.5130705692
-0.8915814295
0.9373772897
0.6674859237
-0.5633889198
0.1755542791
0.4426667355
-0.3470485948
-0.6416638494
-0.04816757767
0.05069291312
-0.6819076598
-1.008314437
0.474920246
-0.5879057094
0.1073533076
-0.3095330045
0.4250110686
0.5985516135
1.390110426
-0.9402809352
0.6363659523
1.472081587
1.121851294
0.1455982428
-0.5981491268
1.040404014
-0.3816836998
-0.7539473489
1.018717619
0.1303794168
0.1489567218
-0.3871786836
0.02052774979
-0.4332761839
0.1855571808
1.649450988
-0.2848000458
-0.3601284742
0.4480435474
1.093174284
0.5560511108
-0.1052971581
-0.2786679342
-0.1365200451
0.2109414666
0.7362088572
-0.6747872069
0.0543676395
-0.1126141436
0.8732326843
0.2874156944
-0.5033504717
0.3169304421
0.4666696435
-1.320967111
0.1051855871
0.9610554829
-0.7300279733
0.3096393801
-0.8861850888
-0.158498022
-0.4257310197
0.1465225286
1.06317771
-0.1654484456
0.2414792581
-0.1085230902
0.04211797221
1.314490272
-0.3330787644
0.07929208893
-0.4680412874
-0.6334527716
-0.08638787763
-0.8210103035
0.1441721365
-0.4882857263
-0.1831560537
-0.6538459629
-0.6992952466
-0.02566732429
1.171965081
-0.417743656
-0.1174019188
0.7655134998
-0.7526339799
1.395077382
-0.5247437865
0.9122997686
-0.8166416675
0.6006615736
0.2909842028
-0.02809254546
-0.2870920576
1.846743317
-1.057700686
0.8808758471
0.5019714912
-0.101660639
-0.1179817136
-0.3182777144
0.2502430229
-0.03309174031
-0.03285419068
0.9676160317
-0.2275401816
-0.8035964966
0.2260575227
-0.08463200964
-0.6312355958
0.2510595184
-1.467669392
-0.9138086408
0.1325563706
-0.0434123544
-0.2447173461
-1.189649746
-0.5948112696
-0.2668697104
-0.6857566223
-1.415965036
0.7788401619
0.2133597599
-0.1820087902
1.542281212
0.003821473662
-0.8317054451
-0.3162181474
-0.2192506153
-0.1208531369
-0.453641044
-0.8823465809
1.731700678
-0.4135406703
-0.1132375434
0.1250377566
-0.5044282973
0.3915188232
-0.1202485194
0.08046189994
1.523061084
1.285617504
-0.6761820883
1.221050494
0.1554992005
0.4263382464
-0.5197861038
-0.7772342682
1.559453431
0.4953754743
0.09308898645
-0.1667488823
-0.4657473251
1.069091798
0.07718810346
-0.01925317459
-0.8357585192
-0.2260779265
-0.2487258852
0.01657986697
0.1590757797
0.9248171844
-0.212997438
0.1737063452
-0.7945317388
0.05914801322
-0.7305075884
0.7473407004
0.09019099157
-0.2151930209
0.6820496732
-0.2662246637
-0.1453724425
-0.3799010143
-0.3812799899
-0.31632681
-0.1560472362
0.4049314695
-0.595896697
0.2869010614
0.08562883083
-0.5276162565
-0.9780640095
1.216416674
-0.545896028
-0.7682119429
1.250569938
-0.3829987019
-0.03678692598
-0.2367236348
0.5820622934
0.5317194974
0.0005553713534
-0.3278030068
-0.5291541994
0.1161911076
0.2288749753
-0.1500566562
0.8466881067
-0.6331425756
-1.157128885
0.8833915181
1.141760428
-0.17204467
0.3343487857
0.1509186562
0.0009504304733
0.1877794107
-1.272342873
-0.6241544098
0.3754419897
0.2858541196
1.207152562
0.2170837562
0.01176891029
1.320071654
-0.1228684898
0.2248801976
0.9883922495
0.5037516415
-0.1831679551
-0.06740797893
-0.402337059
-0.6586125329
-0.2880004443
0.1096484065
0.4868088964
-0.683215791
1.33780561
-0.5498490766
-0.1611696184
0.5940854348
0.07870612675
-0.002442152053
0.2820551648
0.203075344
-0.2599441778
-0.5910243049
-0.09533254802
-0.0547082046
1.055101203
0.1599759249
0.6976353601
-0.7114245087
0.2649425067
-0.03163856976
-1.060901508
-0.04624287812
-0.4955460645
0.3411392922
-0.5651752606
1.232785925
-0.6951429307
-0.4030285679
-0.08983048834
-1.023476955
0.4589050848
1.076566654
1.540230256
-0.5072433271
0.1890179974
-0.3623379476
0.7392819837
-0.1232346821
0.5887032878
1.114622802
0.1028744517
0.651261433
0.7284982521
-0.4777389348
-0.6508906022
-0.286320316
-0.4106829301
0.7603483096
0.1192398128
-0.6218606025
1.89816976
0.9403181175
-0.2367878854
-0.4115010828
-0.4226137534
0.5221626148
0.7703250051
-1.140942594
-0.1290246647
-0.1211276598
-0.8372290134
-0.081274895
-0.2170645282
0.5096652135
1.872724852
-0.8160186261
-0.1015433356
0.7724411443
-0.1565706313
0.5842614941
0.6026207
-0.6456764102
-0.7224508822
-0.9434206352
0.1137166484
0.9237949476
-0.325835707
-0.378759785
1.037533674
0.6036771635
0.432940224
-0.4706366345
-0.9594203323
0.06752443574
-0.7533433914
0.003138358146
-1.010222712
-0.31561567
0.5039606376
-0.8083075345
1.197401429
1.134037864
-0.6097490966
0.4380734919
-0.06190548008
-0.4359572791
0.5197235412
-0.4899799772
-0.1634478901
-0.1058364594
-0.2978854598
0.7525842749
-1.451736367
0.2417911119
-0.03343101852
0.1325798808
-0.4439445138
-0.3500897117
-0.3674995758
-0.8840933889
0.5961588435
-0.03835592456
0.0677191983
0.1959830677
-0.5628913343
1.077667332
0.255424751
-0.4690895721
-0.6524292618
0.2978122103
-1.005875236
-0.9775415421
-0.9886989981
0.3325253787
-0.5840062052
0.9579036087
0.3733243672
0.4413047399
1.858424908
-1.057868236
-0.3393098298
-0.004710321687
0.3313397411
-0.8784086227
-0.1730534952
1.780370806
-0.5231736541
0.5020976935
-0.01348172631
-0.1518491291
0.185367273
-0.6464865625
1.234626468
-0.1689604059
1.112761001
0.9938851479
-0.3295271766
0.2248296893
0.962275739
0.7418675013
0.8242461029
-0.5286471556
0.2149262649
0.128177662
0.3299067907
0.4857447647
-0.9239328831
0.3442229729
-0.2579624951
0.3229043971
1.463688014
-0.3122499332
-0.05861185528
-0.5330500484
-0.3788556196
-0.1713453209
0.1714432705
-1.183426923
0.7782878637
0.2730387227
-0.2975834705
-0.2515050717
-0.1566827026
0.5621233262
0.3611803377
-0.2393640576
0.3836791924
0.4373104364
-0.3867579155
0.55050589
0.207146578
-0.1856723933
1.01481912
0.5229814066
-0.5115870386
1.007221115
1.250123337
-0.02470909506
0.1161206333
-0.2229756769
0.8759258047
0.0463262008
1.963946478
-0.1802475613
-0.1192438513
0.3385475744
0.5342956043
0.1384419308
-0.4233069152
0.2730390748
-0.2202072676
0.4217362199
0.8043907728
0.7404308371
-0.08145129485
-0.2000179082
0.1138588007
-0.6215556413
0.6450698182
-0.8712533534
-0.09359799419
0.1519228529
-0.7080773652
-0.3703852497
0.2623188427
-0.08028430268
-0.02677879333
-0.01032767538
-0.1635959403
-0.8213304281
0.9292788319
-0.2908020541
0.2145889197
-0.1247277646
0.30596316
0.5714636419
-0.2212074514
-0.7381054416
-0.0009969282895
0.2316362046
-0.4077206433
-1.075521106
0.09643658726
-0.05359616131
0.09309722483
0.5998804145
-0.5223955475
-0.02282657297
-0.227083852
1.233049148
0.918636943
2.645276481
-0.419964619
1.066435659
0.4897456251
-0.5180773035
0.2736948079
0.1022954468
-0.2630492863
-0.160856015
-0.8916646779
-0.3751333565
0.01872371212
0.6823625226
-0.06869870573
-0.9094443113
-0.1116652918
0.1983561042
0.05302128531
0.2795207342
-0.1175822722
-0.219953813
0.2288913467
-0.1435079955
0.5315072719
-0.07638597107
1.146403386
-0.1081247363
-0.759027569
1.419838233
0.5284630813
-0.01977313161
-0.4203750409
-0.390140187
-0.7434533522
0.03153486885
-0.1936828181
-0.3931309769
0.5345709106
1.257661434
0.6898055784
0.7913321156
0.1023752292
0.4690706913
0.382470467
-0.8103358284
0.7383973751
1.78256059
-1.657795268
0.6389738593
-0.4240016054
-0.8966802359
0.6199141413
-0.2268426582
-0.6066721126
0.2289191583
1.758306861
0.57089049
0.194262243
1.236912986
1.159852592
1.105974862
1.530829976
1.739699705
0.2954278666
0.5426118739
0.3804928984
-0.4390824407
-0.05372995771
1.56096991
-0.7904345572
-0.2724174291
1.193216234
-0.1936331972
1.388023652
1.006742561
0.03787837995
0.01400190592
0.4485669749
-0.1772090595
0.8874235764
-0.9457600921
0.9784960683
-0.2641370915
-0.1795894454
-0.2546968237
1.179027723
0.02196932361
-1.120452344
0.2705341089
-0.3605153583
-1.052675027
0.7327602755
-1.110640094
-0.1305458833
0.1072229216
-0.1853388391
0.3238681187
-0.3253636301
1.175541539
-0.2707931429
-0.0539156897
-0.4238528334
0.0279265089
1.097951025
0.2592089985
0.5393409453
0.2988128028
0.08443231136
0.03277050424
0.4992357992
0.3072039534
0.4853203065
0.2064321865
0.4611393438
0.6786392882
0.8964590326
-0.4418904841
-0.5989967979
2.750546396
-0.2475562785
0.2716905155
0.6417281158
0.6665762216
1.434909816
0.0770415355
0.7132225841
-0.2362110445
-0.09959212635
0.1682707123
-1.058083695
0.8013923084
0.8629975051
0.2189146198
0.1792444197
-0.09105813843
1.115139101
0.04680853002
0.3301125658
-0.4063112445
0.1072023421
-0.2915615845
0.6690374013
-0.2191592503
0.3903585443
0.7167305037
0.7762867771
-0.2562481992
0.3661014538
1.411502777
-0.1116045341
-0.1178811507
-0.05530843884
-0.02436603103
0.1216776251
0.2742101413
-0.7885130495
-1.516185066
-0.7555718035
0.2206821267
0.472990543
-0.372056061
1.91888111
0.1049301913
-0.6096691862
-1.01327889
0.1163819934
-0.6591177158
0.4377704442
0.1937646171
-0.5864446715
0.1006999196
-0.3965422608
0.5390514359
2.060233567
-0.1087012574
0.3330660801
0.04082989395
-0.07982106283
0.9969935231
1.010832394
1.079141711
-0.1673504988
0.4085289581
1.093701134
0.01329583153
-0.7664423794
0.4511709315
-0.8234525129
0.5934927955
1.638840604
0.01953641973
-0.01783519741
-0.260181072
0.00881540766
0.3709487697
0.1119178467
0.8560913648
1.285128043
0.2213179725
0.4928949919
0.2640819627
1.094771561
0.08114862533
1.613296845
-0.1686186727
0.4463641163
0.06439413354
-0.02992490344
-0.160262882
-0.545244503
0.704522099
0.7230324721
0.8563902669
-0.6965063959
-0.5094045624
0.4118155932
0.09265144644
1.294254804
0.3337479847
0.9446677603
0.1816209901
-0.292163188
-0.9191390246
-0.3388085231
-0.3595294941
1.536505142
0.03393600977
-0.1838035438
0.2117130789
0.5392534241
0.005506036058
0.4212236095
-0.08220318183
1.088671998
-0.1528419873
0.2710114887
0.3248872356
0.9537723824
0.12198462
0.02368008066
-0.6413622409
0.3430778382
-0.003183744196
-0.1111973993
1.34758509
-0.04990310362
0.8404120296
-0.06672508605
1.233304621
-0.3628638405
0.1188044874
1.656464861
0.2397675381
0.02510555796
-0.5653973967
-0.5096443228
-0.6949920982
0.9928134784
1.481188551
1.172570822
1.323443988
0.582534096
-0.1744287215
2.057994565
-0.1739360381
0.3334588198
0.4652268723
0.5807242863
0.9817026734
0.3769131475
0.544866734
0.008047199622
0.1089187557
0.4102603677
-0.1697661495
-0.3065095887
-0.1155157533
0.988413243
0.3809107968
-0.4698729351
0.06609042622
-0.1251663085
0.636357387
0.06243705768
-0.05377932452
0.1475001806
-0.2067885883
1.274917924
1.472862699
-0.2133989044
-0.4068044603
-0.2699588455
0.6459350169
-0.9710906535
0.06069907285
-0.1636794619
0.8218641199
0.2086356769
-1.335279346
0.5113469044
-0.1863752097
0.7152702197
-0.4166854847
0.4571276329
-0.9119287267
-0.251595467
0.06030236208
-0.8814251155
0.9700862005
0.5227510449
-0.9761312962
0.3858505683
0.5750920897
-0.2859178379
-0.08266986739
-0.1872871396
-0.1255824743
0.05234175362
-0.8654175594
1.439200187
-0.290917176
-0.5249488577
0.07246474028
-0.2325301934
0.3707659561
-1.200802061
-0.447324343
0.1617999508
0.1007487973
0.7229235977
-0.4808387473
-0.2398617297
-0.2052281085
-0.1749940919
0.2820194273
0.04434479903
-0.5967912197
-0.5619585648
-0.8113394856
-0.3902504802
0.8562330294
-0.7150437772
-0.4005456954
0.8950827494
-0.0781459488
0.8843440235
-0.1448922524
0.8036706254
-0.6624325141
1.420329479
1.395977966
0.06513579749
0.6400285587
-0.1314580605
0.2046734365
-0.4821070082
-0.5181135789
-0.2273404578
-0.05671998188
-0.7217403233
0.1817375484
0.881503211
1.023992096
2.468999669
-0.3356258389
0.6351207748
0.1903764993
1.097772444
-0.1541437777
-0.07373683266
0.1039954513
0.7793572441
-0.9374551982
0.09323906093
0.2666650642
-0.2494637087
-0.4262220729
-1.007342136
-0.5328183889
-0.466449374
0.2027138557
-0.3941728007
-0.140979423
-0.08269909946
0.5902422169
-0.02145999633
-0.08294272833
0.2904692264
0.02271253522
0.04969298616
-0.1468218714
0.6511651345
0.3925276449
-0.3685534157
1.320980263
-1.279491535
-0.6991174705
-0.159927837
-0.04124679267
-0.3586920064
-0.2562657423
-0.9835901886
-0.2518422397
0.1436664468
1.337881064
-0.974369368
-0.4727536082
-0.2210052639
0.478996221
-0.1852356462
-0.2182309821
0.07841986567
-0.2751891762
-0.4279544637
0.6411280047
-0.08445697743
0.2571568818
-0.03124601711
-0.03052674579
0.6327941239
-0.1480596989
0.06350462814
0.6208744124
-0.8021088287
1.015074457
0.05627633221
-0.2012344301
0.8273346297
0.9609893426
0.4916930836
0.5264508165
1.89028509
0.3651821014
-0.1741115198
-0.5227518007
1.599509543
0.7927634235
0.2452043832
-0.5381070249
-0.3809865385
0.5406585451
-0.8027136281
-0.3812533129
-0.1238089217
1.595025826
0.9601813987
0.7130002849
-0.21687454
-0.2839800373
-0.4176292121
-0.1047933472
1.762734631
0.05566021893
-0.2601448476
-0.2164881468
0.2246740532
0.1711581661
0.5645675167
0.1817535143
-0.3775012873
-0.03277025279
-0.2724794462
1.40398358
0.1202611819
-1.103858313
0.1212287647
0.1847085718
-0.3382750478
1.120761634
-0.5243457302
0.02478761845
0.05865427237
-0.4846198693
-0.4203738939
-0.09833720382
-0.4581003249
-0.4307993967
0.1191433299
0.4048915971
0.616804881
0.1016957447
-0.06169915383
-1.132884051
0.9203951553
-0.5052329406
-1.394818735
-0.1219991067
0.1602190341
-0.3324497614
-1.048494065
-0.02110943347
0.5009010887
1.985231817
0.7064199042
-0.9676371008
-0.4869956993
-0.806697759
-0.9495971158
-0.1084807068
-0.4590998456
-0.2868606474
-0.2630993895
1.142195579
-0.4119194105
0.2726936877
0.08633867796
-0.5063240938
1.060822383
-0.330543863
0.544472447
-0.5382477924
1.106330141
0.5091157146
0.0310887225
-0.07039547868
1.148958236
0.3071456831
-0.299248163
-0.5965927854
0.5473161015
0.189072824
-0.03253204376
-1.024029081
-0.1550801296
0.5015072424
0.5520038437
0.8698012948
0.8275382482
0.9938396208
0.07576482953
0.6961881578
-0.03764483072
-0.08548503518
-0.04706604127
0.02750046588
0.2154927506
-0.3010706648
0.1609350841
0.3401554498
-0.01412042119
-0.05952322558
0.5481811527
-0.3892912965
-0.07778944317
0.7348148108
0.4486442361
0.4992326144
1.072997981
-0.2047650076
0.2380325282
0.3700380139
0.5184012752
0.3742222443
-0.3149707749
0.761325191
-0.1841909926
-1.003892064
0.2459078792
-0.3211250961
1.852198211
1.142233498
-0.1738630231
-0.2569157343
0.5298926014
1.010141772
0.8993141629
-0.2879045397
1.363841115
1.441005553
-0.9618544571
-0.3846996427
0.7204640195
0.3629540008
0.08806976676
0.149970955
1.321760928
-0.244719502
0.2313923616
-0.7933228269
0.1524018897
-0.06362391859
-0.3877484027
0.3621405865
1.208720449
0.2007933836
-0.3206014358
-1.184967113
1.675943197
1.378633143
-0.4473526374
-0.3001234565
-0.08660587166
0.09594457746
0.8174525727
0.1464992907
0.2856402185
-0.2490897935
0.4304306656
0.5434356857
0.2364362639
0.1041100632
0.8705312252
-0.7865691438
0.2251506476
1.718572223
-0.5791304089
-0.6040195554
-0.389138788
0.8819306791
0.3055098852
0.4877737958
-0.05194066726
0.8488696709
0.7688174464
-0.1574648007
0.9553922594
-0.2390996804
1.626455386
-0.02702408237
0.189549483
0.7295566943
-0.07287572268
1.037644076
0.7886407435
0.383255234
1.65655448
0.7261122786
1.030164812
-0.2711535949
-0.03654343206
0.3535735768
-1.155105302
-0.1359644888
0.194858035
-0.3862409856
-0.4510443822
0.6350614309
0.562289542
0.02197853252
-0.09617616013
0.7045624092
0.4026037102
0.6906951405
-0.8211566672
0.8575189479
-0.2927033894
-0.220922965
-0.119719185
0.4553073142
0.4390010023
0.0119266402
-0.2215401754
-0.2214595806
-0.3222386368
-0.0360903576
0.1516321721
0.5238212235
-0.2697619498
1.335880409
-0.1743972881
1.611983483
-0.6616513729
0.2997382826
-0.04499181751
2.574927935
-0.0108300982
0.3170583162
1.075612758
-0.6934631407
-0.05863790959
0.467529523
-0.5779446203
0.6639414962
-0.465892785
0.04352627341
-0.6376344129
0.6814070487
1.31826466
0.2037798726
0.2163302096
-0.9665320016
-0.5451921631
0.1108559931
0.5234400559
1.469941343
0.1440182209
0.0001298637129
1.11213547
-0.09310191497
1.4509138
-0.3517238081
-0.06267663129
-0.9919644386
-1.037052506
0.0841340621
-0.6805973828
1.177383395
-0.5911425754
1.642660405
-0.422058057
0.2366361016
0.1269292869
-0.118387435
0.8316111457
0.7106060792
0.2975922493
-0.1692235829
-0.9796171308
0.2335993064
0.218710166
2.474713594
0.5749158725
-0.4940653406
0.1805714105
0.4869776566
1.025595254
0.1149138585
-0.1930836931
0.02374760434
-0.001229407918
1.323203136
-0.04442994539
-0.2378186179
0.6462910093
-0.5184501417
0.7361516751
0.6402431212
0.6747738075
0.1652773704
0.7516688501
-0.1534281141
-0.3110307394
-0.7588649675
-0.1375275437
0.4962825811
-0.281047705
0.2717926273
-0.2599686986
-0.1246682895
-0.05027847411
0.09850621875
-0.1647344928
0.04449706185
0.8484167784
0.2064291089
-0.1107091817
-0.001821859926
-0.3141393687
-0.668103756
-0.2558064371
0.3912669908
-0.772637631
0.8436833847
-0.5801608607
-1.117650914
-0.3862012774
1.216867054
-0.9046098351
-0.2305756766
-0.4667892389
0.8357687544
0.5801228883
0.4242684938
0.7200038195
-0.3627767503
-0.8349466324
0.4616933856
-0.001087536663
0.2090884535
-0.07404526947
-0.4941210791
-0.2074737556
-0.6926644735
-0.161492721
-0.1494951138
0.5635637313
0.4314763855
-0.8121005356
0.1639372534
0.6470348246
-0.7518302262
-0.7666051894
-1.027353275
0.08027212983
0.3244444216
-0.1128485195
-0.1969667692
-0.114122908
-0.1363297593
0.2415225789
-0.2278628327
-0.6657096744
0.1511551602
0.002026846912
0.3109340953
-0.6978033289
-0.3748373583
1.049593899
-0.3850531675
-0.14753899
0.6946261238
-0.1707052885
0.2816762473
2.190448005
-0.3120089468
0.2987343111
-0.7491409585
0.6872549336
-0.2603169624
0.2491623948
-0.728696011
-1.20798955
-0.854290086
-0.8571536481
0.1319967461
0.6322665326
0.1079121273
-0.06188445743
-0.06286734119
-0.203714893
0.2478534583
-0.6067970797
-0.4459850475
0.07621520888
-0.327476538
-0.1070180018
-0.6535818771
-0.5436285004
-0.5700039431
-0.2540980475
-0.07911899369
0.1035615961
0.04714063071
0.1163207582
-0.2388218282
-0.6449739024
0.2709022814
-0.9268004805
-0.3904965181
0.2179623623
0.5097648948
0.2282885
-0.1276580177
-0.5790079087
-0.8507980213
-0.2843038123
-0.7236747861
0.03098466694
-0.2344038442
-0.1498700504
0.5693997722
0.6816207699
-0.6258562066
-0.2163641714
-0.4814157575
-0.4072003417
0.01057498753
0.170067099
-0.8327954128
-0.3217278242
-0.4227184907
-0.5215291597
0.4173938795
-1.13129757
0.7408903081
-0.1036583303
0.2176343592
-0.656907092
-0.3935329419
0.1630455284
-0.4190348819
0.3406211875
0.7942445561
0.5096794292
0.05638984572
-0.3056404568
-0.1048012968
0.7087826822
0.1459730856
0.2801453741
0.6161657102
0.2679543286
1.393291742
-0.08444172302
1.815544471
-0.1707752611
-0.3136757247
-0.787009795
0.1462712474
-0.9885715365
-0.09751666528
0.3167566797
0.878287901
1.416234222
-0.2871219598
0.4619641803
0.3321009505
-0.6635599777
0.08825131035
-0.2069877513
0.5849311909
0.4400778238
-0.02166391052
0.4249679118
-0.152932778
-0.3151942685
0.260395765
1.291044006
-0.2575858312
-0.7804448336
0.1963718732
1.494363573
-0.03172078831
-0.03784449557
0.4467511997
0.3368597465
1.844078729
0.1611730848
0.03320587738
0.1725838241
-0.2900059357
-0.2217347186
0.1377272301
-0.2348453287
0.7345046912
-0.2371911004
-0.07367979065
-0.6149088375
-0.9216987208
-0.2912808686
0.5600285495
-0.3674149737
1.408630016
0.5652711615
-0.7457629487
1.080450789
-0.04293422885
-0.2274631675
-1.003475994
-0.2017045677
-0.6175439879
-0.9948258102
-0.5512653023
0.03436626773
0.9835780844
-0.614114508
-0.5710270271
-0.8523278296
0.3428864721
-0.9419144064
0.03410072699
-0.964634344
-0.2197555628
-0.8231419653
-0.4983645052
-0.1648341589
0.5201119952
-0.4655213624
-0.6378373548
0.9429093549
-0.9849242225
0.3871992867
0.3022269715
0.6681302615
-1.111287016
-0.4243957836
-0.007414855016
-0.2631580102
-0.7635754526
-0.5280631125
-0.03053993657
-0.06610782226
-0.260815301
-0.8691739187
0.09858056102
-0.2282868675
-1.229820094
-0.09390858896
-0.6732187539
1.116004214
0.7668244898
0.5028478609
-1.062988472
0.2266036037
-0.7298392922
-0.2661669821
-0.3810834523
0.6612397909
-0.5554250911
0.7474202842
-0.5312633619
-1.551352173
-0.7875194207
-0.4460302182
-0.6648068026
-0.6567744151
-0.8112924755
-0.6215124846
0.675020767
0.203200603
-1.096868557
-0.5195077874
-0.1021323054
0.9553922303
-0.4566697359
0.8459785029
-0.9948295623
0.6802865856
-0.05334768267
-0.2807609234
-0.01574966395
0.5178213961
0.5590009578
-0.4156912602
1.42448401
0.6064330343
0.0629417724
0.5648345914
1.3780092
-0.4582092017
0.3876826165
-0.4226276681
-0.000881932932
1.084041626
-0.4836272828
-0.1467256373
0.7339886259
1.926842178
-0.4390606895
1.359786105
0.3727750392
-0.9439837992
0.8814623754
0.04193293429
-0.7391577989
0.3716318888
-0.4290493041
0.4032723522
-0.3291103698
0.2990174143
-0.4880440891
0.4214203803
-0.6036279067
-0.3501556557
-0.158129558
-0.3210472815
-0.5714095302
-0.2195417341
0.3035078105
1.503211562
-0.008854154311
0.2130296817
-0.3907769583
0.01118566655
-0.1440946899
-0.2396285653
-0.6153732806
-0.9555462629
-0.06903793579
-1.247835585
-0.1909042329
0.1150375561
-0.4151224442
0.4889681697
0.6809036121
1.566176271
-0.4371221147
-0.3059626695
-0.8977595955
-0.2626960561
-0.2599125918
-0.4531550527
-0.2278534226
-0.5949830636
-0.307183506
-0.270174292
-0.0006276320899
-0.2083643753
0.2419192199
-1.579698995
0.411044208
0.353780124
0.09422002956
-0.8256941468
-0.1120825885
1.693068569
0.02101733955
-0.7638644487
-0.7517364025
-0.001684465632
0.7691100474
-0.3809245534
-0.6015342683
-0.8359947532
0.1285533275
-0.2303112071
-0.2547891006
-0.1152550623
-0.7315567628
-0.5889565155
0.2019551029
0.7127938569
0.1774774235
-0.04595007808
-1.162039867
-0.1780114459
-0.1660898414
-0.6975570112
1.132994307
-1.261610842
-0.8867711514
-0.5235459864
-0.7571696982
-0.5434100032
-0.5272005841
-0.4818025522
-0.06487920769
-1.462847164
-0.5796141997
1.12577201
-0.3850302402
-0.8034467638
-0.9000970557
-0.341638099
-0.5205424652
1.007851388
-0.4720770597
0.04509579418
-0.1182494782
1.266675559
-0.106262303
-0.3265965298
0.1001395478
-0.3709452383
-0.06189683778
-0.1230720844
0.7518146344
-0.9736680046
-1.111881
-0.5848754883
-0.2056826341
-0.01000282608
-0.06316524856
0.1383611951
-1.195929074
-0.02236857675
-0.2827217583
-0.5801895499
-0.9018213421
-0.8528374672
-0.7272070855
0.7273736749
-0.5497290194
0.2630882371
-0.7126989096
-0.2514979016
0.726328769
-0.1085335862
-0.5062810581
-0.7331329301
-0.7176791042
-0.1923820335
-0.9285978585
-0.7253240034
-0.2468519621
-0.174750071
0.2173470866
0.8297340114
-0.8015510514
0.2444689179
-0.4007793922
-0.1558197205
0.1519797415
0.2437681739
-0.1223827197
-0.4408353969
-0.04698522263
-0.379402101
0.3971000019
-0.7230600432
0.4285779374
0.3678604454
1.013135759
-0.5790416569
-0.245755372
1.299720696
0.838907587
-1.027378172
-0.02268525269
0.6263649382
-0.3815533031
-1.071425912
-0.1652406346
0.06998096015
0.05023200223
-0.7582603201
-0.1184228191
-1.022265989
-0.2248618513
-1.114867222
-0.3208878815
0.89021262
-0.6958299324
-0.9325141892
-0.061265257
-0.4347900547
0.6888226379
-0.1347333882
-0.383746583
-2.859719098e-05
-1.006753272
-0.5659841791
-0.2185148302
-0.1549637627
-0.3918237749
0.7460496202
0.2647404995
-0.1120678144
-0.1510949474
0.3359938633
-0.3924434632
-0.01520748399
0.2588108725
-0.7122905893
-0.7593654931
-0.5391841471
0.2066929493
-0.2085918486
1.122846253
0.78091833
-0.4033211976
1.106278556
-0.3002934057
1.976526695
-0.7200179249
0.5996561488
0.5421354126
1.240072165
0.02759732073
0.8623934038
0.1788012026
-0.1622536305
1.293447123
-0.6013419375
-0.6492817044
2.175784072
0.486931215
0.2013345915
0.08984828312
0.8658924025
0.128469594
-0.3632478893
-0.1598403263
0.921230353
-0.4445902705
-0.1076909728
-0.7081195354
0.1906895804
-0.668258515
-0.4994209543
-0.5640693411
-0.2025420055
0.8384133179
-0.4265720159
0.5548665211
0.3157453042
3.28567941
0.1944302907
-0.4490228295
-0.6363404706
-0.3631345574
0.2530767411
1.066691566
0.9854395393
-0.8601951815
-0.3893476665
-0.651568231
-0.6778101839
0.2779739289
0.439058784
-0.3568677135
0.622020188
1.890374926
-0.7173592329
1.387708977
-0.7084182948
-0.120754547
0.670443783
-0.669015995
0.7407566905
-0.1631476119
-0.5802767612
-0.1388858795
-0.1335055562
-0.4401628703
1.268238377
-0.1336963614
0.1271134026
-0.06473436398
0.1036143687
-0.7248626024
-0.05378392898
-0.1457094096
0.4603973962
-0.006289723655
0.3218062496
1.691132401
0.2065910136
-0.9228981107
0.1308075712
0.3973645613
0.5498425575
0.1540897383
2.217034305
-1.263881412
-0.334302862
0.2589692225
0.7071563374
-0.7473929644
-0.02447323781
-0.001347675314
-0.2789949154
-0.5627116725
0.7828791695
-0.5098238006
0.2223599077
-0.5707837269
0.002045600116
-0.5577895954
-0.4134898536
-0.09244261533
-0.09283943754
0.0686832562
-0.6323437035
-0.7266903915
-1.134265132
0.7302245852
-0.2138317076
1.539820634
0.03026436408
1.960233487
-0.009702486545
0.1042596902
-0.5501250029
-0.2317238953
-0.6029329926
-0.2144945536
0.5621206973
0.6063405421
-0.01892282078
0.2115058633
-0.03494230248
1.423336662
0.7942311518
-0.04486725666
-0.8522629291
0.1876584553
0.111814181
-0.06371796131
-0.6978682309
0.05155122336
-0.07269681729
-0.3456956949
-0.3710471883
-0.1152890706
-0.03762938697
0.6972423702
-0.7153775275
-0.4177832935
1.41440092
0.8295834996
1.078207117
0.8085795134
0.1001260264
0.3248551868
-0.1761968315
0.1692597417
-0.08977533318
1.061097924
0.1905632118
-0.330842502
0.3585599203
2.196739382
0.5882055894
0.04429136785
-0.1643202763
0.4382332103
-0.3603351917
0.09488191847
0.2320074829
-0.02594058458
-0.2666970136
-0.1059481595
-0.230779436
-0.6357149698
-0.2353366893
0.8773855984
0.2408722313
0.1921019758
-0.8466482446
0.6639225826
0.9332895294
-0.6139457703
-0.6883207589
-0.08711575698
0.6815028064
-0.4910843365
0.6421382248
0.008974242816
-0.2131833229
0.7221472487
-0.1455636138
-0.3140880316
0.07369175702
1.62591761
0.1126217594
0.4746499706
-0.3170457244
-0.3719052732
0.5412235878
0.9633168206
-1.304478106
-0.3812644221
0.1666235201
-0.01000636816
1.453563251
0.1197569763
-0.1735855343
1.09463475
0.1640471349
0.0897301544
0.6524116635
-0.2691083267
-0.2361881182
0.9728808321
0.300385258
2.398292092
0.56555783
-0.03357100179
0.6240042951
0.4723284774
0.424021164
0.2558157055
-0.2011016337
0.9328467488
1.271979161
-0.3587956794
0.08537500519
-0.812265113
0.1395608012
-0.3448521882
-0.4826681122
-0.08277077228
-0.4356836051
0.8666226052
-0.2284683481
-0.3135399893
0.8257482424
-0.1258496583
-0.5944179043
0.1716758873
-0.001476593688
-1.38869954
-0.8265540883
-0.02567866975
-0.706193617
0.6994852588
0.884446324
-0.03024785593
1.390764131
0.5596291214
0.6608748429
0.6408708669
1.266493394
1.773020862
1.151375194
0.3474932472
1.017081959
-0.4038531236
0.501910463
0.2942298857
1.458971747
0.2623992043
-0.7088012695
0.1851885583
0.04793760767
-0.1877497913
-0.107033674
0.6340117782
0.4668214127
-0.2536698427
0.04608732462
0.3275126592
-0.6717474759
-0.3210865149
-0.6422956789
-0.7963428214
-0.3010242382
0.1016551176
-0.712341097
-1.37404536
-1.351265013
-0.1236683616
0.976360184
2.065558815
-1.233531544
-0.9576606899
-0.6311956227
-0.5154321477
0.08606063568
-0.6243759081
-0.4192809574
0.1981451456
-0.2987963386
-0.01678261571
-0.7136241585
0.1939609239
0.2248480708
1.02400059
0.3146081693
0.07772720587
-0.3240059465
0.3852051413
1.23717984
0.2824352019
-0.6041683689
-0.5132696792
-0.0565607924
0.7518108636
-0.03506451808
0.6378161132
0.0974986623
2.60777432
-0.702155523
1.389043675
0.001213961048
0.7062794099
-0.8386566222
1.044080205
-0.6810033679
1.210615844
0.02546621424
0.2129572048
0.9167610317
0.6945365727
-0.4977959663
0.04128693175
0.438441771
0.5353333458
1.862885904
0.2502620156
0.4795231981
-0.168087006
-0.140363746
1.524480578
1.423463568
-0.2437160965
-0.5705003023
-0.5495845951
0.9790673032
-0.2881824074
-1.007605734
-0.3932137765
0.7521420538
1.475958669
-1.637757728
1.008277049
-0.3033563683
2.073506436
-0.3406545088
0.4915008048
-0.02337031886
-0.4114562675
-0.5421366647
-0.03820874272
-0.3733825952
0.5310705289
-0.05702996589
1.071708457
-0.7798979163
-0.2588235632
0.8530278355
-0.08748056628
-0.7735378832
0.3290048814
1.837638575
0.1235763889
0.1636801578
-0.2909547552
0.9541271362
0.5431334138
0.3879887833
-0.0723911088
-0.09649118446
0.8575183846
-0.4084249884
-1.211582807
-0.2960369438
-0.4812268774
-0.7925088331
1.227534978
0.9127767213
-0.1941859633
-0.4675215706
-0.07249916885
-0.2346384013
-0.08433675766
0.8498087279
-1.103949538
-0.3549147069
2.056781023
-0.8242105275
0.01290081022
-0.1535530735
-0.4623379454
1.14853543
-0.1665990794
0.5181158818
-0.8851489991
0.2870800273
-0.4786804706
-0.5843307674
0.3159204438
0.7016713973
-0.4392427254
-0.02429885566
-0.9496583521
0.6671084665
-0.799692896
0.3615839396
1.022866258
-0.8468059212
-0.409992186
-1.208247539
0.06055208324
0.3572062499
-0.4965433285
-0.08498317944
-0.5466541849
-0.1866467912
0.1301610356
0.703608115
-0.2516374165
-0.3108551145
1.841794431
-0.4922893345
-0.0267349632
0.9164302364
-0.1136410482
-0.2725711077
-0.3732082445
0.8830998983
-0.4983543523
-1.224023175
-0.746236518
0.5141187273
0.515371424
-0.6023850501
0.112663799
-0.6474357173
-0.03916746881
1.036357096
0.03919791728
-0.6159430787
0.7450743817
0.4246276021
-0.9272350699
2.135740671
0.07249156395
-0.8823380709
-0.6093317971
1.188315449
-0.385059724
0.8863050941
0.3188661113
-0.4866188809
-0.9726293355
-0.4653455578
-0.3903758675
-0.09728763327
-0.02382785212
-0.8864079893
1.350362927
0.78138614
1.070442688
-0.7101155892
0.6513459243
-0.3327177705
-0.3183017254
-0.2439292467
0.04040136486
-0.3914161041
-0.187321002
-0.5929680645
0.5609378573
-1.039050904
0.8974475533
-0.9689445227
1.581104847
-0.7637584135
0.4718412932
-0.2023861604
0.1116696123
0.2577883588
1.134759042
-0.9098363876
-0.2839807678
-0.6186161578
0.6625202484
0.08999074623
-0.3956089519
0.5502005709
-0.01229919028
0.622552238
1.980930454
-0.6003106967
0.2449894564
0.4105748437
0.09643270262
-0.6797873914
-0.4520503834
-0.65799876
0.0834895717
1.09064377
-0.4327450149
-0.6618155643
0.4781149402
0.4874983385
-0.4712745328
-0.3767162055
-0.8075896233
0.8340022556
0.001846043952
-0.3287734129
-0.5932896957
-0.1156845413
0.6587273102
0.670194076
0.07809009645
-0.2471866678
0.004447900131
-0.3058843963
-0.6087450951
0.06263645682
-0.6625333935
0.08769036904
-0.2516247541
-0.5330072358
-0.4021513879
-0.4536957122
-0.3644802645
-0.2962024894
-0.2049578149
0.4443171326
-0.3745567825
-0.7047279373
0.08544268692
0.07027304647
-0.5749537393
1.061392018
-0.01752369581
1.495214321
-0.6347892821
1.07399898
0.2481096366
0.01737626367
0.1594497856
-0.04192546462
-0.3453106364
-0.6941464603
-0.1449227632
-0.0441829307
0.1883043343
-0.3658192175
0.01192977838
0.2845523814
1.119663078
-0.3814765409
-1.027812523
-0.5723086715
0.6188300483
0.0823075437
-0.1132301522
-0.1580458716
-0.842407158
-0.1076278698
0.956700002
0.5464314327
0.8879159763
-0.4480007835
-0.1683750868
-0.6832806483
-0.7669403225
-0.6482887983
-0.2015905175
0.03846707749
-0.2127359129
-0.5099094808
0.314625302
-0.4672473446
-0.3419890694
0.8480321698
-0.9986623824
-0.1718913967
-0.02590517737
0.332036677
0.1287910476
0.07679268513
0.7451960474
-0.5177585065
-0.3487705514
-0.6011049911
0.7249874733
0.05292641269
0.2019182899
-0.06848506592
-0.1381884689
-0.3162962321
-1.146708366
-0.08478192333
0.9038377874
-0.7184228867
0.1435463744
0.4957312837
-0.2379397942
-0.5208599702
-0.4783862256
-0.5382719785
-0.6472600371
-0.02861752152
-0.3548035602
-0.9143524766
-0.4459368944
-0.8720552817
-0.4233793885
-0.6888559535
-0.1206261478
-1.111893377
-0.8042431802
-0.03125944491
0.6337694235
0.397783903
0.9310683038
-1.109300068
-0.08232697453
0.2903266192
-0.09588745181
0.8763694599
-0.7127490819
-0.09308390245
-0.3391405195
-0.5777301148
-0.9388869137
-0.2075536208
-0.275828791
-0.1774882102
-0.03555646092
-1.245511445
-0.4248559207
-0.5746825308
0.01754663498
-0.8779972315
-0.2603692604
0.4559798282
-0.04827200603
-0.6389598355
-0.1570251647
0.2485073559
0.5469005046
0.2168872117
-0.1860304855
0.06721575414
0.3812504806
-0.1052489256
0.3146434867
1.814942124
-0.7719910651
0.1088687597
-0.001840189565
1.487084772
0.5360458069
-0.291488127
0.0112075062
0.6716552109
0.001854874939
0.861322163
1.467369078
-0.5177710608
-0.4533195116
-0.6124481678
-0.07211699765
1.329903437
1.260305014
0.0405229996
-0.006727886805
1.678554799
0.8262410387
-1.126136494
0.8271118
-0.4391983151
0.4777543753
0.580015764
0.2065772523
-0.02189934389
0.7829563931
-0.1056047373
-0.1511219595
0.1951992098
-0.01670022234
-0.9013911903
-0.3884479176
0.05343108855
1.421830481
0.3670245527
0.2847143681
-0.3942403145
0.663649343
-0.1129557289
-0.1834804054
0.6977747198
1.165222701
1.414634411
1.472653344
-0.03160834368
-0.4355097495
0.3101162716
-0.06811600905
-0.1721810506
0.2698216341
0.1632878388
1.533411931
0.04549108148
0.1738782011
-0.9367159307
-0.2958269626
-0.1071362462
-0.1419414494
-0.7704039454
-0.5428981438
0.1122866962
-0.7068605088
0.1560867167
-0.2549744843
-0.1922498479
0.8952334665
-0.5812302321
0.6504585698
-0.4499150395
1.42899245
-0.3183449477
-0.466949895
-0.8899298519
-0.7013236672
-0.4418039083
-0.2965742022
0.09070674814
-0.3855977133
0.1626317107
2.082162561
-0.6590386927
-0.07987154387
0.9662452258
-0.3645566109
-0.7029753372
0.1821140858
0.09384245365
0.4633461121
0.2574932035
-0.512563616
-0.2509363089
-1.147037715
0.9464989744
-0.02771747224
-0.1092859294
0.1263141309
1.495740616
0.8430248553
-0.4516423807
-0.3762498394
-0.6637989074
-0.01404011659
-0.1176542457
0.09396391902
-0.5015627876
1.036488854
-1.307833499
0.6372090891
0.5781806938
0.01452539871
-0.8140556842
0.1984262563
0.8619966671
0.659144634
0.1788882721
0.03775975229
-0.1262384549
1.277477539
-0.2713255543
-0.4183470346
-0.1220990602
1.421770081
-0.3063503772
-0.1339650659
-0.1066754799
0.001854103059
0.02327824906
0.7749099605
0.2689940585
-0.1793413326
-1.024711648
-0.2749153554
-0.5140615135
-0.4484189011
-1.137653971
0.02159368275
-0.2838221975
0.6888930403
-0.473813344
-0.1510675612
0.2408158852
0.3464004302
-0.2082947467
0.07065043831
-0.1697652964
-0.3950871766
0.2510687729
1.974267535
0.4103699448
0.9742326587
0.3538127225
0.8442886196
-0.1989711476
-0.06212828588
-0.1777109277
0.04582327642
-0.08019488882
-0.2405858271
0.3672486499
1.085185173
0.6403916143
-0.2716105793
-0.03073248174
-0.4434047103
0.2980693657
-0.6437903315
0.9701265424
0.1871047772
-0.321980137
0.2056484834
-0.9406175315
-0.02880520653
0.2735989964
-0.809203431
-0.6082502037
-0.7208279297
-0.08803269453
-0.002589856274
-0.8012325346
-0.1424619483
1.615928182
0.08139504334
0.7008967271
2.263037784
0.1397367169
-0.1040268708
1.421375938
-0.2881063484
-0.1427756373
-0.03656306956
1.044129825
-0.3382270895
1.055181751
0.5802674167
-0.4765070289
-0.7176641315
-0.2557858428
0.5221980602
0.3074311078
0.6666481324
0.7624163777
-1.065515977
-0.02599143274
0.1794475062
0.2468318657
-0.1130366638
-0.1500634719
0.4238659605
-0.4547959611
0.1582350815
0.06594731095
-0.6018582836
-0.8300335646
0.9732262596
-0.1212479034
0.2332260454
-0.09912462989
0.9042829841
-0.1527832726
-0.9366391242
-0.9963882327
-1.1401097
-0.4404668152
-1.301692757
1.229770936
0.05581789361
-0.5948062629
-0.701571244
-0.1971353922
0.06549810525
0.220915371
0.712055685
-0.4117737263
-0.4583822295
-0.657245177
1.346984354
0.09123375127
0.5991274893
-0.2051506899
-0.4938423857
-0.3565593816
-0.4608244836
0.3519213723
-0.911892201
-0.1035638396
1.42537729
-0.7952428445
0.2868095268
0.196439887
-0.4102672189
-0.647140497
0.261924751
0.1470980581
-0.3481039602
-0.9903846569
-0.6640470207
0.3871688932
-0.4946794197
-0.8473331749
-0.2523302589
-0.3795253418
-0.317677597
-0.8099818766
-0.2195501294
-0.4430537
-0.92804102
-0.187414765
-1.10945534
-0.0204327736
2.458197571
-0.2424692307
-0.6278537095
-0.6792953461
0.588768258
-0.1579295723
0.3154805819
-0.3976387013
-0.547184515
0.8870921701
-0.2998211056
-0.3616316285
0.4597358964
0.2437533184
-0.6368715122
-0.816630958
-0.5451696709
-1.117672536
0.7720411383
0.1469998538
0.42771997
-0.4958942249
-0.539740096
-0.4864715263
1.030494854
0.08635239005
0.9366307538
0.1874987883
-0.4445981205
0.08570775241
-0.3354282893
-0.7603039891
-0.3699416354
0.1587678013
0.4472843231
0.7729865804
-0.4671267584
0.2437649906
-0.6826053232
-1.053480321
1.107664146
1.037429712
-0.04133333415
-0.3195326172
0.1377400663
0.7349391125
-0.6854019478
-0.04494386832
0.3896617584
-1.174748844
-0.5536114469
-0.6992068291
-0.9073030859
-0.8555060029
-0.23233093
-0.2497135885
1.41946777
0.04606750412
-0.5746699266
-0.5042416908
-0.5394042119
-0.6245143259
-0.008164248616
-0.773248373
-0.6393381447
-0.5939295128
-0.7573658407
-0.4497470506
0.566339829
-0.9247123227
-0.2517545794
-0.3220587135
0.09791978104
0.5735996626
-0.6701742858
-0.3669569526
-0.1387208374
0.1231102111
0.3989561745
-0.08717856822
-0.8426181376
0.9967120651
-0.3123449821
-0.6321263403
-0.0302379312
-0.2557876537
-0.2362242142
0.09803410834
-0.2475350901
-1.085843664
-0.1493103778
-0.1499176208
-0.197362446
0.4233970175
-0.560163492
-0.680339846
-1.659076142
-0.5855982408
-0.2777870105
-0.07576642372
2.440450206
-0.2473382901
-0.7779286295
-0.5292569764
-0.6982055336
0.8256182985
-0.3775351278
-0.3748129703
-1.265984762
-0.1695462603
-0.1400540352
-0.2900550678
-0.2479109898
0.3072696498
-0.5487230852
-0.0278551558
0.8558384761
-0.6559482574
-0.2184049305
0.01431026896
-0.03013229333
0.663930589
-0.37109861
-0.3691229112
-0.4593542822
0.9313836493
0.5338251888
0.7197160193
-0.06355609009
-0.6169699639
-0.3156824864
-1.452739522
-0.2101836042
-0.6109869927
-0.09199515656
-0.5426503567
-0.4749841109
-0.003220514208
-0.1735299021
-0.4491237216
0.1513729331
-0.06760350261
0.1839798036
-0.6436207652
-0.2287249235
0.8772376254
-0.634860608
0.05402285066
-0.0874657467
1.043787831
0.01223985264
-0.8000460744
-0.3264649
1.794728202
1.072300015
-0.1755334752
-0.7919180999
0.7772564463
0.1690773712
0.1181812139
-0.8136592656
-0.1159190621
-0.7814622566
-0.5124083057
-0.6529159084
-0.5891620114
0.5022269892
-0.3769584533
-0.2787177987
-0.4087139696
-0.5896676511
0.07370258076
-1.358629459
0.4011434
-0.6942859948
-0.2167494226
-0.2363863841
0.3295156166
-0.2005347766
-0.197881569
-0.2448793776
0.7733835377
0.8218610674
0.8914240371
0.7281327486
0.217309488
-0.5216348007
0.9057380393
0.1428251838
0.3280636798
0.09788613878
-0.5982225284
0.0387747894
0.3715177592
0.1033762479
0.2849743187
0.06566230208
-0.07098811539
0.08981656479
-0.4154846191
0.09793933965
-0.5440994352
-0.2812197704
0.147661766
-1.119600123
0.592871813
-1.218121836
0.8334384903
-0.8159020096
-0.4834541857
1.606815137
-0.8530763596
-0.9963265479
1.096701894
0.8502006769
-0.2085904758
-0.8470244527
-0.8046648577
-0.9186201811
0.9958013259
0.4435493201
-0.2849718582
-0.5422086112
0.4489159685
0.8608768031
-0.8288393721
-0.5794548519
-0.9693726331
0.4513589565
0.6090491392
-0.02782966588
1.412205238
-1.554048139
-0.1515093654
-0.1313348033
-0.2051268622
-1.387161934
-0.02727326844
0.4751262814
-0.9560902566
0.2434577261
-0.9938505322
0.7931178715
0.07838347154
-0.4166309729
-0.2936004084
-1.254856339
-1.0875166
-0.6226815656
-0.7676960051
-0.5831521571
-0.1870468603
1.150612222
0.3443337649
0.9071448535
0.1621517527
0.8856005199
0.0863641157
-0.7030034974
-0.1359657448
0.405818785
0.9289105311
0.3259338383
-0.8875586778
1.387878883
-0.2099235523
0.4735737258
-0.7019608632
-0.09928797632
-0.3377235867
-1.106335971
1.132499155
0.1006331401
0.4552918682
0.3343218992
0.8775334843
-0.5111982763
-0.8353830129
-0.5146228086
-1.45835633
-1.392402327
-0.7285477608
0.2194402219
-1.491292509
-0.9103115171
-0.7153090805
0.2055962616
-0.4668026432
-0.3904263444
0.1458011258
-0.0242785966
-0.4479084909
-0.7034966618
-0.4740441047
-0.6782952324
-1.06640349
1.088818655
-0.1457137673
-0.8813107491
-0.5595681697
0.1954411917
-0.07527052229
0.8574334204
-0.2728517083
-0.3700148202
-0.358161588
-0.1111272842
-0.5091236189
-0.2902437724
0.9684799954
-0.6693769053
0.1398432382
-0.4040625796
-0.03665171699
-1.015265326
0.4199749088
-0.1325316869
-0.8668029264
-0.1031093856
0.0596121867
-0.1980778806
-0.4793159872
-0.1346645758
-0.8060918212
-0.974139446
-0.6233430594
-0.1987721741
-0.573872149
1.449289146
-0.1785284939
-0.2887290064
-0.09780389825
-0.6570571631
-0.1311987869
0.2453860695
-0.5284896441
-0.6883733034
0.4945440454
-0.8804538921
-0.3042817496
-0.9244368017
-0.05912686326
0.8068446703
-0.2050704308
-0.6088682786
-0.1839126686
0.03985799886
-0.7183251739
0.2140069177
-0.958259432
1.152443605
-1.23012549
-0.2654850885
0.2138677271
0.6576635338
-0.1384074776
-0.1147802846
-1.12807067
0.7273809094
-0.09806755111
-0.1069614753
-0.009381920984
0.7468844093
-0.3229320224
0.8079883978
-0.1289571639
-0.5310999528
-0.6767679185
1.632181793
0.2706415847
1.09334712
-0.4322604451
-0.3344074875
0.4960402649
1.321671154
0.5299218461
1.892033422
-0.8135435641
-0.08681797208
-0.5088879235
0.7704444304
0.4550163016
1.608538283
-0.01114215199
0.16106029
-0.1604851536
0.8399068449
-0.5533546239
0.5315347597
-0.7769653231
0.3553496932
-0.5106934443
-0.166718683
1.60769492
-0.1473694813
-0.6452413306
-0.1449840566
-0.3288563147
0.7004009828
0.7369803049
0.9970553137
-0.1153791578
-0.05634571053
-1.153540003
-0.9877298579
-0.3914911263
-0.5518303409
0.6651160623
-0.1043682078
-0.7884712443
0.8526466638
0.2516484639
0.5891517252
-1.066810516
-0.3458374277
-1.017453763
-1.038293168
-0.3970919326
-0.1639377814
0.8509945035
-0.99070701
-0.9825396478
0.07056568041
-0.7147970974
-0.331542629
0.6520343911
-0.03280429859
0.2791350942
-0.3579895571
-0.2065946758
-0.5043865807
0.3746024591
-0.6083698533
-0.02039328776
-0.1922192514
0.8427110136
0.006852790155
-0.2010939429
0.4648919754
-0.6342554659
0.4441912934
-0.9124613702
-0.4701447845
0.1226446148
0.9410380214
-0.3666274304
0.902957356
1.085810279
-0.4554775383
0.264262267
-0.3903743356
-0.4735977054
0.1011296021
-0.7780500263
1.011438014
-0.2893386699
-1.316721466
0.04840332838
-1.484658679
1.275840781
1.025004188
0.346139315
-0.5936377391
0.97644444
-0.2243492825
-0.6785626367
-0.5756136715
1.664037355
-0.8484258622
-0.311728815
0.6529402368
-0.1697059609
0.5952472597
0.3438952188
0.04024834647
0.7651440136
0.4691148486
-1.176074153
0.03550413167
-0.04270953992
0.2775152108
-0.4874584705
0.05835413337
0.2372377554
1.109449402
-0.7266522646
-0.3586973596
2.068665493
-0.1811563807
-0.09353112411
-0.04541970761
-0.01496586539
-0.1787058316
0.9511941236
-0.07270357432
0.5811613329
-0.2965302904
-0.417364639
0.5841009215
-0.1960880548
0.05372192776
-0.217090187
-0.07195690833
0.6276185513
0.6834067129
-0.5913637564
0.1128763347
-0.5623481452
-0.2299455345
0.2107001599
0.3291663335
-0.7265844405
0.5558020592
-0.04181062896
0.06494141691
-0.6212262698
-0.1685241302
-0.216762393
0.4969898541
-0.6539851189
0.9349833675
0.6680211309
0.3225733033
-0.007607164606
0.6005275548
0.08408864159
-0.02346133459
0.6504763465
-0.3633145094
-0.04061317667
0.1328705201
-0.5934627891
0.2518863983
1.389302774
0.9551828915
0.02212319009
1.079227999
-0.1796008561
-0.05166113414
0.5565329958
-0.2034529259
1.441135293
1.182239797
-0.6757689565
0.6316731762
-0.2767060583
-0.1210093272
-0.4233591795
-0.3773245052
0.2208833949
0.4771782871
-0.385948506
-0.9159573466
1.200668861
0.8511226818
-0.5842861831
-0.4391687326
1.416016298
-0.4370237902
0.6175216764
0.3621839911
0.08768079272
1.416950601
0.564966172
-0.36773143
-0.2229375191
0.06702514719
1.006033394
1.918427755
0.2536867532
0.6395593069
1.148797726
0.4890193943
0.09994547628
-0.4348735753
-0.5878786623
-0.1944879714
1.152889386
-0.5390983224
1.095445811
0.3473135076
0.0590737476
-0.8121307328
0.1695669854
1.078583664
-0.08943358781
1.25968278
1.529411938
1.037238005
-0.2603327915
1.12049645
0.1360450184
-0.6109783337
-0.004699216783
1.068132854
1.293787394
-0.4466955066
0.2444925914
-0.2717571381
0.9038613431
-1.032428423
0.2012267777
-0.1960560111
0.3145515148
-0.6147402674
1.358295172
-0.331963814
-0.506905229
1.800807459
0.6474722195
0.1426090247
0.4214117913
-0.2575435683
-0.08366506554
-1.255683592
-0.2242143724
-0.2255290113
-0.03140133861
0.3975206254
0.8614306785
1.324838859
-0.0004832341801
0.7919164086
0.4189168076
0.285052678
0.7545632645
0.1749366316
-0.7788287237
0.8422550034
-0.7678326532
-0.534136948
1.163776004
-0.8437338695
0.04708591979
1.978042378
0.1253334338
-0.6032235816
-0.5737557098
-0.1248065559
-0.9419439733
-0.4900243312
-0.7344724417
0.7904986015
0.004023369192
-0.3297152959
0.09944048412
-0.3833239689
0.263674422
0.6547850486
-0.7182591237
1.578737286
0.890538739
0.2689570484
0.1776524903
0.8515523024
0.00987217268
-0.06095648091
0.5723423719
0.05598483905
0.2361399781
-0.8231534958
1.224080758
0.8212960437
0.5884494752
-0.09962310307
-0.6834768951
-0.4125410629
0.1425726482
-0.8661343455
-0.1119578294
0.3210458985
1.445846935
0.8616925135
0.7084254686
-0.7446898133
-0.282545571
-0.1089351611
-0.21595615
0.2438706838
-0.137540336
0.5577756714
-0.1861991486
0.4368093594
0.6048134752
0.3957461255
-0.5909211103
0.3635508832
-0.06838904987
-0.6392249897
-0.3613118634
1.111736105
0.501601946
-0.3169818539
-0.9529288173
-0.484810055
-0.2730828729
-0.08272744976
0.2228971155
0.4210098995
0.8517240524
0.3493360372
0.5500476658
-0.610339579
-0.3199134327
1.031359747
1.264921419
1.040497536
-0.7363903061
0.4300273374
0.04285891987
-0.7182975858
-0.6892927885
-0.4573965296
1.206198221
-0.1045224695
-0.9005196422
2.164305688
-1.044552004
-0.2587008186
-0.09778511114
0.7893996786
0.9935730696
-0.2759214953
1.360603414
0.8327403925
0.8824425058
0.0694374023
-0.2569122925
1.067682947
-0.02796985898
-0.07012689747
-0.8739753693
-0.498370441
-0.061603464
-0.1794645038
0.6602603048
-0.1846457146
-0.4813512325
-0.7731774077
1.01870306
-0.09617505893
0.5431742944
-0.2847867206
-0.1826884874
-0.1930597972
-0.05868414976
-1.129519999
1.364315233
0.4759350214
0.3363369362
1.824436164
0.5082159344
-0.3172379535
0.8212736297
0.7944158874
-0.0002280674875
0.5149265571
-0.2949228644
-0.08438760075
-0.2783966649
-0.1450660164
-0.01209693365
1.145366755
0.1406071494
0.0660043926
0.06740426684
-0.3679649636
0.6451427499
0.369116594
0.7389973149
0.8277439751
1.397763575
0.07666579378
-0.1894667653
-0.7926669836
0.7951715007
-0.06942784414
0.2321654595
-0.5740667135
-1.063965717
0.3878662576
-0.4867068619
-0.414266924
-0.7610216916
-0.02896262333
-0.8814795882
0.1142918438
-0.6461731568
-0.5803461686
0.007297021151
0.4687496357
-0.2550311804
0.882881311
1.205405732
-0.981263341
-1.021953416
0.2320218397
0.984527085
0.2953588864
-0.0747565751
-0.7314986438
-0.5279205933
-0.1527131453
-0.3726710752
-0.1006605356
-0.8983608663
1.414158517
-0.2550464164
-0.6915799402
1.501411709
0.4336755514
-0.248711291
-0.6463933423
-0.2209651021
0.3134878762
0.6616949115
0.3429430883
0.561794275
1.433886909
0.2649548571
-0.2397255506
0.2033122297
-0.5421504289
0.759278661
-0.7100435108
1.664877602
-0.4677604884
-0.4281032026
0.1892356111
0.149191447
0.384891817
2.782781674
-0.04843905268
-0.297822563
0.271233085
-0.2213469546
-0.3531130649
0.9882118881
-0.1063783217
-0.6046196505
-0.30909678
0.6882185474
-0.07095964365
1.152133784
1.628918847
-0.0592806939
-0.3400628425
-0.01246804055
0.8866452038
1.002759424
-0.4888931468
1.679643561
-1.297618313
0.5145931415
-0.8813706994
0.6457739536
1.4280716
0.5328738324
-0.2588240736
0.8453627937
1.654579723
0.5166858364
1.37860874
-0.1987696726
-0.06079302914
0.08534290958
0.4021762569
-0.2387257464
1.410012512
-0.1351841897
-0.4153862342
-0.3025888581
-1.498082355
-0.2423586778
2.095629366
-0.1690908196
-0.6106843501
-0.1611502204
0.0310242204
-0.8343740851
0.1002935669
0.4934223313
-0.3860100523
-0.5783490434
0.8926442403
0.4434685647
-0.2620931225
0.5209602516
-0.1412195947
0.4912764244
-0.2012893858
-0.7832614265
1.61838654
-0.09856666215
-0.6593167216
0.2028528289
-0.3571947016
-0.2559685357
0.1693275305
1.061420188
-0.3510064006
-0.2967780426
0.02407493396
0.7228452569
0.2264972339
-1.013148539
-0.5052046135
-0.3207204271
-0.01793466229
-0.5014169967
0.7356381387
1.934148353
-0.3373109773
-0.9140928864
0.2128996536
0.3875101274
-0.7174732417
-0.4559285
0.4817967542
1.161858156
-0.3872132801
-0.1447928112
1.124786818
0.2899532746
-0.36934117
-0.813674739
0.1534851684
-0.2044181433
-0.152347485
1.680820796
-0.2717387132
-0.1615652653
0.4709988363
0.916324836
0.1990580797
0.03514429415
0.2946133874
-0.5311565679
-0.5601526782
0.005511334306
-0.3246914033
-0.002326092776
-0.09260270149
-0.139156016
-0.6940896392
-0.1789412081
0.4608877617
1.069908079
0.7620835163
-0.09751507128
-0.1138956927
-0.1610658113
0.1201856882
-0.1047017135
0.02904791476
1.097543054
-0.3935668461
0.08534105876
0.30538863
-0.3453352265
-0.538191992
-0.3322448218
-0.4032786906
-0.4236560075
-0.2486789849
0.1724047577
0.06144197341
0.2752112912
-1.234605378
0.09481535526
-0.2661316678
-0.3766987521
-0.7303001314
0.1111196049
1.408753955
-0.9182193935
-0.5299390763
0.1601678242
-0.8029348239
0.4757407399
-0.03737628162
0.4776914354
-1.037791601
-0.7869822532
-0.6683388352
-0.229925809
0.2866477141
-0.9339904428
0.4497909904
-0.07175765741
-0.3199891903
0.2619092546
0.01129617225
0.2805784728
0.5391764183
-0.7825011402
-0.9222982526
1.159747877
0.8425398335
-0.007397795469
-0.01684938781
-0.06353315907
-0.662650615
-0.2819080368
0.2091305706
-0.2715323141
-0.1220602205
-0.0573158999
-0.2591669448
-0.491942969
0.9430232268
1.486459333
-0.06133286995
0.5677061621
0.6722026199
0.7950528147
1.031227019
-0.02536330409
-0.4445267737
-0.2744116783
0.2105362698
0.444422731
0.01853715433
-0.4029925585
-0.1199150242
0.08863251512
0.2188590766
-0.1407280322
-0.6343013868
-0.003990041278
0.2452950932
-0.08500019836
0.6326588079
-0.07558106259
-0.3002802938
2.109913653
0.5609441917
0.1992643571
-0.4006361615
-0.3812721111
-0.5302472979
0.04463248577
0.6523732886
-0.6974472165
1.850149926
-0.2670370124
0.05135715227
-0.2114071488
0.06698996061
0.6676781591
-0.8330648854
-0.3831957828
-0.08636209471
0.6455732144
1.256071997
0.5757248878
0.8307617113
-0.1069676341
1.753047155
0.1779719706
0.3535570659
-0.1463013332
-0.069997935
-0.247529557
-0.03602681796
-0.4489006281
-0.6059591845
-0.3946240477
-0.3613864847
-0.1298745364
-0.3589084506
0.4726320208
-0.007130865939
0.5132854402
-0.4586759239
-0.1769892195
-0.5460681878
-0.01794660809
0.2320240597
-0.1325804759
0.5174924365
0.4591212938
-0.3692121767
-0.3348357022
0.7224079534
0.3959829452
-0.126804122
0.1210060071
0.6819902219
-0.7656009033
-0.03672458511
-0.09020611485
0.8507515877
0.009824623819
0.8246735886
0.2968217157
-1.034555998
-0.3242590416
-0.3705253989
0.6237122938
-1.053400472
0.6033071227
-0.365059834
-0.2352724719
-0.7674547508
-0.2912900485
0.2937909685
-0.4354366511
-0.01133529246
1.402036401
-0.6436371416
1.172668282
-0.1541516416
-0.5292283475
0.2450706199
1.357332829
0.6048014663
0.974596788
0.7858457163
-0.5570220172
-0.1673099698
0.21038985
0.1558085293
-0.2747444523
0.06650201343
0.09746053126
0.9428741962
-0.06526281321
0.2224929557
1.044465411
-0.001523701102
0.1263366831
0.08504688949
1.376950273
0.3347453615
-0.03717445657
-0.5053909063
-0.5124200977
1.273897274
0.3060936244
2.043839523
0.5789098352
-0.4130257607
-0.2485425241
0.5597727269
0.9550919995
0.02823651694
0.09642751478
0.6326274727
0.6771860659
0.6664802983
-0.4865630105
-0.9614079207
-0.1360559363
0.681150078
0.2950562174
-0.5890239269
0.1012345734
-0.2641093414
1.381097812
-0.7694473267
0.7922733419
0.4962110106
0.3154265095
0.6317989523
0.8932450444
0.4414183756
0.3042285136
-0.2995801821
1.183036995
0.4127259113
1.098467579
-0.148183828
-0.192541277
-0.5667630933
-0.2491463995
-0.2142862264
0.06360099637
-0.1066261558
-0.007819891907
1.677270484
0.3545584083
-0.4453600422
-0.2021250712
0.21744611
0.4069809206
0.1331814284
0.3413922832
0.8869575143
-0.1749011083
0.5027294308
-0.06162554957
1.407676214
-0.5213354249
1.167143217
-0.06944696009
1.076869303
-0.1708497057
0.9897697043
-0.6796726808
0.7348556831
0.2061748184
0.8833934829
-0.1069076058
1.350958626
-0.06600425849
-0.4219631255
0.153650461
-0.4543856658
0.6382601198
-0.6903001904
1.389075325
-0.1961390099
0.9010375649
0.6526530199
0.2981149083
0.5885995112
-0.8379481256
0.6642861836
-0.5407433718
-0.6246900827
-0.04353330247
-0.8987692654
-0.4805935197
-0.01223171558
-0.7208614826
-0.4102768131
-0.02627631836
0.620336711
0.7727845218
-0.4069498755
-0.344445464
0.6163438141
-0.8405001789
-0.06592433807
0.3875841518
-0.4588713832
0.1337013669
-0.2347995553
-0.1413327286
1.184955889
-0.7696801707
0.3765746299
1.338505583
-0.6509475827
-0.3549273189
-0.07606048621
-1.134225255
-0.3755862102
2.162813203
0.4525114298
0.5462176837
0.1650084263
0.9337309539
-0.5419880763
1.055857975
1.640966513
-0.5428328574
0.09871285874
0.8489642501
0.1317152932
-0.1357174907
1.441956897
-0.1553845497
-0.3476585239
-1.167674834
-0.2346201822
-1.18596932
-0.7871378809
-0.9800768428
0.03335442955
0.8025515497
1.130550155
0.7129459856
-0.5653466225
-0.5062558837
0.004299992323
0.4669056781
0.1180615034
-0.3744718537
0.2677756212
-0.882106097
-0.2489209738
-0.2050998494
0.02554493807
-0.2654621482
-1.024137807
0.05147928549
-0.2087485576
0.4375311976
0.3396396367
0.4886115776
-0.2118979698
-0.7630881049
-0.3599426351
1.048883537
0.1350633033
-1.28693096
0.01935101887
-0.7959376991
-0.320834098
0.133003163
0.009063099511
-0.1224415097
-0.3449080501
-0.3016756799
0.5198560175
0.0568085453
-0.009872652777
-0.2812054671
-0.1776868702
-0.1506372873
0.5672269039
0.1975152079
0.008264239132
-0.05423903335
0.2974571335
0.3667983952
-0.09352422021
1.089043278
0.611445477
-0.1084342379
-0.3682701103
-0.1229915047
0.4706522144
0.07453621095
1.035943639
-0.1971957967
-0.05702636838
0.1617344692
0.09035949726
-0.1231540265
-0.2947318494
0.114056815
0.1803485594
0.2741975352
-0.06998478742
0.5877597
-0.169534079
1.023471554
-0.1665798666
0.8571386054
-0.1809537364
-0.1253004469
1.12048805
0.4352652498
0.7368286252
-0.120436133
0.1367726067
-0.1924334731
1.116499146
0.2228743162
0.5377447186
0.3725168746
-1.138332754
-1.076538676
0.2627260255
-1.169002354
-0.4584864788
-0.3024879239
0.4827212807
0.9793508202
0.5774778541
-0.5964981176
-0.05241340455
0.08571117772
-0.08650609553
0.7945114478
0.7730297282
-0.8169216394
-0.1296166934
0.5015515015
0.262537747
-0.8058879465
-0.4469212487
-0.09185021233
0.3261945158
1.328574586
1.828275536
0.05535729276
0.1657325534
0.408355838
-0.07271762844
-0.9660518646
-0.6719036557
0.2246895328
0.001343571767
-0.4545557655
1.909115505
0.2323476311
0.1964603065
-0.1879513834
-0.07975928355
-1.08514035
-0.02020642608
-1.100443232
1.591373054
-0.3213224851
0.8635217143
-0.2431336805
0.1067889512
0.736759337
-0.1638272927
-0.2463964809
0.4399841544
0.194572789
-0.2914053673
0.07647187265
-0.9370300204
-0.3706161648
0.2797249384
-1.101972774
0.6501987971
0.8016486727
1.203263932
0.813527067
-0.4188068494
-0.07025473416
-0.3972623054
-0.4895432502
-0.2574010508
-0.2681214143
-0.482596308
1.365409479
-0.6426543951
-0.6743043244
-0.96566744
-0.07592369718
-0.8980876282
-0.1066876547
-0.7199115708
-0.1481396176
-0.03184850118
0.524147914
0.1312489145
-0.9397234827
0.2916338937
-0.105401657
1.171614508
-0.1626975492
-0.5750961006
-0.05262129297
-0.2452158533
0.5148996633
-0.1255194567
0.7893492781
0.7577255294
-0.155949967
-0.6363027334
-0.5044213474
0.1787468377
0.49555567
-0.864659676
-0.2259889739
-0.3708314076
-0.5132712826
-0.1676499337
-0.8602443367
0.3694831086
0.07341581732
-0.1389038911
0.2803168907
1.110781367
-0.23285586
-0.4298850078
-0.1334675908
-0.3011713326
-0.4074081682
0.9318661895
-0.03930527857
-0.1472622951
0.9915685598
0.702804083
1.332452236
0.062431926
0.1146631792
-0.1988565616
-0.1948782068
0.3624488942
0.04032627787
0.9656267736
0.08814059957
0.04971093126
0.0129803285
0.3025933862
-0.2256627803
2.649655822
1.731750906
-0.135846472
-0.03503954839
-0.06664457079
-0.02117238669
-0.409540315
0.1601713281
-0.2578669228
0.2915182219
-0.5329411134
-0.9380520523
1.564609975
0.2702226106
0.1526884073
0.9650544502
0.7833715558
0.6659133192
-0.7058074489
0.7199106243
-0.06269794968
-0.2391341548
-0.3796530411
-0.07820550706
-0.5583659254
-0.3672796093
-0.1230222793
0.8662984341
0.6568842597
2.008596034
-0.1011382855
0.4298870499
1.306479232
-0.3621220253
0.2592582454
0.8585204795
-0.06120902672
0.5433415588
-0.1539427161
-0.2247176561
-0.7065475821
0.9181072611
0.2559687058
-0.9005091712
1.031971107
1.101015829
-0.5711498372
-0.6835742742
1.354002826
0.01451987568
0.5179607131
0.9788469538
-1.253613803
-0.1923025724
0.5588772938
0.9189387329
-0.3386216275
0.9250598039
-1.206196445
-0.7360550031
-1.16997613
-0.1071547333
-0.7462439373
-0.8148811176
-0.1970504213
-0.02115182523
-0.7004459471
-0.2055195589
0.1031541058
0.3929771536
-0.07433561515
0.4245776735
-0.0373640378
0.01559680905
0.1401090337
-0.281753956
1.030014766
-0.2144723911
0.9351933107
-0.4158214018
-0.2947836757
-0.7950286418
-0.3262921091
0.731315146
-0.2217620905
-0.6762647912
1.089767264
-0.3925661884
0.3699461662
0.4889141204
-0.5067860991
0.3981354218
0.5737706721
-0.03773934543
-0.5752499029
0.05479665836
-0.6946655944
-0.3535881506
-0.4890963599
-1.084801197
1.152382883
-0.1133974579
-0.170588929
0.3975773146
-0.3862405568
1.191939201
0.6094205622
0.997989383
0.7961910803
0.1822058496
-0.2098882154
-0.6986113787
-0.3018040132
1.014501651
0.3385302827
-0.4254485697
-0.1791691735
-0.6484537303
-0.6721843094
2.253182955
-0.5332235262
-0.5017148376
-0.2007769052
1.242188308
0.9167232508
-0.09626837
-0.3949678207
1.748604554
0.5353572506
-0.2707391974
1.350931731
2.954689272
-0.1240201358
-0.6004427064
-0.2256606599
-0.05881482363
-0.7538784087
-0.7125692397
1.075127906
-0.009118232504
0.03360518543
-0.4478379752
-0.06000258592
-1.278420824
0.3210991789
-0.5192256927
-0.00156534072
-0.2631553259
-0.2868324954
-0.3176591974
-0.5103108838
0.6177664109
-0.3064819165
-0.3798328243
-0.4613930233
-0.9628033936
-0.3093887638
0.104914811
-0.2485853422
-0.4712749707
-0.09315111861
-0.5814206162
-0.2612943986
0.7402053379
0.2065235633
0.1288438324
-0.5722376794
0.4921022087
-0.3755290978
-0.6008112103
-0.05567654334
0.304766776
-0.1856365699
0.767789413
0.5901240569
1.118008469
0.2331824472
-0.6887194455
0.5801334006
-0.05477424469
-0.6793587178
-1.336774543
0.1108084611
-1.073614866
0.0009379048133
-0.04821927994
-0.2553039625
0.5471829981
0.1223825609
-0.3358351372
-0.5112221032
0.3102792121
0.7481685512
-1.095210341
0.2406750094
0.08281127056
0.8916458204
0.9596861005
-0.5173420593
0.01908370759
0.4083826468
0.6844420653
-0.6328183517
-0.1676423168
-0.1241634235
-0.3994110217
0.5551402606
2.184187922
0.354720304
-0.6845544606
-0.21863936
0.2567646937
0.7305691503
0.01634412361
1.538312015
-0.06938910857
-0.1829577345
0.3375422128
-0.2980376981
0.184469112
0.8060841642
0.3708035257
-0.1703648446
-0.1495826808
0.1472157819
-0.799408859
0.2924340023
0.4458550595
0.5539240375
0.1168081921
1.046768076
0.2486645539
-0.2098000113
1.417315502
0.7094050497
-0.1883509062
0.8738807678
0.3112586182
0.6560637813
-0.0876538774
-0.2232156945
-0.04988523377
0.5596084747
0.396393859
-0.5280058257
-0.2503200103
-0.01576346848
0.1479158813
-0.2993976548
-0.268312091
-0.4712984264
1.472890984
0.268654043
0.6434388269
1.778790951
-0.2581239527
-0.4946185336
-0.4027284235
0.7864313222
-0.7386699229
-0.294817786
0.7340645224
-0.1163887147
1.722658405
0.0840570892
0.7972303286
0.6590300024
-0.2375666026
0.8360019498
-0.6781457201
0.6710289136
1.810253355
0.4155692257
1.404720166
1.515966921
2.058606237
0.5191511102
0.8927544456
0.234737237
-0.2458824813
1.246669304
0.265535531
0.1677619703
0.6372785024
1.209249967
0.9136817276
-0.01143748907
0.2315530719
-0.7427786358
0.7208015926
-0.07251351885
0.8158301514
-0.2883816399
0.2169605721
-0.5448737219
0.3355960563
0.4599044655
0.6435377408
-0.315956229
-0.07537873257
-0.7915372193
-0.2447893223
0.8416026205
-0.310450862
0.5691391237
-0.235979697
-0.4624899253
0.6794261221
0.005091389362
0.01533182655
-0.4640996873
0.463981671
0.8241166949
0.4828962274
-0.09080870785
0.01550912112
0.6459535344
-0.1079354323
0.0692490261
0.4125172227
0.08042368609
1.313892214
0.5242140092
0.7468817204
0.2198545017
-0.1705716532
-0.2542794194
0.0802708949
-0.7676104151
0.827939108
0.2266091381
0.5240264717
-0.3171985008
-0.04178638216
-0.2849110011
0.4431314902
-0.6740011305
0.4375097344
0.1922495721
-0.2544217806
0.005687870644
0.3322900513
-0.2350179404
1.010531977
1.317529852
0.09570220811
0.6863757018
2.013402489
-0.3565886762
1.934571822
-0.6973200709
0.406420761
0.7916168055
0.2191710141
0.9392003544
0.2676150179
-0.03427073937
0.01864859611
0.7341593683
0.008822989068
-0.02077465989
0.6733633637
1.184797782
0.5459341448
-0.413907972
-1.170241612
-0.1009908725
-0.01334476089
0.08148270091
-0.6301082805
0.2999383685
0.9901847523
0.6470091734
0.3852499176
-0.5017701954
-0.4354399949
-0.2066589762
0.8929986887
-0.1834352065
-0.5097289592
0.2443665164
0.5648316864
-1.662446588
-0.1536706215
1.615564614
0.169132894
-0.4880540818
-0.7004980057
-0.4387982726
-0.1498246407
-0.5764898226
-0.2650447365
-0.2866363928
-0.5748350725
-0.6205412835
0.9972192202
0.1456165566
0.5877988447
0.3832795211
-1.050959623
-0.3212579206
-0.4020448349
1.177522171
-0.09240194578
-0.7719078809
-0.1021374948
-0.8308000594
1.135948076
-0.5927229524
1.405623929
-0.457334289
1.389461842
-1.496045834
-0.1587547136
-0.9783813268
-1.719836131
-0.05402433764
1.475240354
-0.1401090801
-0.7878177255
-0.509678632
0.08893266488
2.184317619
2.571507213
-0.8072168663
-0.8084350809
0.104536672
0.9047623396
0.1776233868
0.1502131991
-0.2724181376
-0.3898416888
-0.4670766383
0.1793236434
1.95109535
1.640849167
-0.05000549126
0.4175959893
-0.4469890956
-1.106766365
0.9588176236
0.5356198542
0.5453341403
1.379831322
-0.7523995921
0.1746546881
-0.5180221826
-0.01347290743
0.8406418882
-0.2191364532
-0.3821431138
-0.3517115747
-0.5744514093
-0.5604085922
-0.5432320289
-0.1174864245
0.3882620767
1.689240225
0.7319474794
-0.5631658241
-0.1790489031
1.045156968
0.02008398138
0.1638131252
0.6797116734
0.1964852015
-1.156535596
0.5925263464
-0.05015064066
0.0263622921
-0.8571261138
-0.05695832595
-0.57572871
-1.001745525
-0.2447159607
-0.08824770115
-0.8672965512
-1.544691026
1.21967141
-0.5510303125
-0.8572040528
-0.1209037106
0.197327303
1.838514355
0.6142062351
0.6166464873
-0.1576216601
0.1239077718
0.9414350472
0.4784154825
0.2833398765
0.3335522088
-1.177407983
-0.7743574351
0.3156428412
-0.4969390288
0.3726767957
0.3430900183
0.6428101972
-0.269582545
-0.3399342488
-0.1782451987
-0.2152317112
-0.1853450145
-0.7225829169
-0.2638922721
0.3688317839
0.1157335336
0.7489137068
-0.149974549
-0.3932315797
0.017617507
0.07020096453
-0.2557934016
0.4060802573
0.4507164001
2.175151053
0.5647855304
-0.2020217497
0.628146024
0.98364297
-0.5143306985
0.01109199878
-0.2822551623
0.1223801492
0.3233344514
0.4928698011
0.4475195706
-0.1813653264
-0.9095170811
-0.2497245196
-1.035871008
-0.3949438527
0.8679702431
-0.3480178677
-0.2901698828
0.4318008358
0.9587169368
1.474329947
-0.7711910367
0.4603321843
-0.5358944386
0.1084303942
1.658750154
0.7223566815
0.3528255992
-0.123614543
-0.5902953371
1.678453261
-1.540513843
2.026225883
-0.07790276334
-0.3806596987
-0.2698942868
-0.1526595984
-1.234353092
-1.077857867
-1.001337549
1.161450435
-0.209427754
0.2080983017
0.04423603038
-0.0561918674
-0.03737173881
0.3296582156
-0.290293595
0.1701632142
1.319912357
-0.1338734858
-0.5939298972
0.736981751
-0.7786871731
-0.3690442659
-1.049623001
0.5112404143
-0.01098757591
0.8112967309
-0.3341442715
-0.6236515313
-0.9361524135
1.118648327
-0.326724666
0.4911470711
-0.4184426542
-0.02494951673
-0.1328532398
0.6319012716
-0.5252512552
-0.78274443
-0.8456322469
-0.2653046124
-0.27850575
-0.1337650854
-0.6484934002
-0.7256247714
0.05164094367
0.6348689198
-0.7150897399
-1.380282205
-0.3439573903
-0.2226592395
-1.265182495
-0.7586823732
-0.5403610088
-0.855546084
-0.5922720224
-0.2204011004
-0.1043294864
-0.7185505658
0.6036031755
-0.564859885
0.819572863
-0.2781998338
0.4847502645
-0.3085112099
-0.000382191129
-0.4562333941
-0.5025311738
-0.8529166341
-0.2397022016
-0.02528770859
-0.6458069399
-0.3247049946
-0.2656932764
-0.001359670516
-0.2864106383
-0.6199459106
-0.3883989472
1.374340945
0.2548971782
1.170562602
-0.7535723761
-0.6795776345
0.2972982613
-0.2280767747
0.912610209
-0.1055747543
-0.5650008738
0.6809217721
-1.05319899
-0.8901074409
-0.05959227122
-0.4486477152
0.6413516425
0.09157861583
-0.2660669059
-1.096383245
-0.1475551312
-0.5728424788
-0.5282076314
0.4975710548
-0.3579474384
-0.954001236
-0.3988849632
-0.1569989027
0.3851953849
0.2873533298
0.2910858504
-0.4052276127
-0.1508521937
-0.4450133473
-0.3848583013
0.8806766286
1.017085411
-0.2630042918
-0.458994399
-0.6277668387
-0.4568584576
-0.252714847
-0.5298412889
-0.2364629053
-0.07886582762
0.05730684707
-0.5437201612
-0.4605486251
0.00986254476
-0.5769110292
-0.6541160285
0.5212065209
-0.05327950027
-0.4293199606
-0.1590513343
0.01290683416
-0.2726359844
0.2567474342
-0.1681344861
0.3203430515
1.066846722
-0.4961111665
0.2923705895
0.5925653718
-0.9624530196
-0.3910448752
1.112094505
1.261714402
0.6225429565
-0.2181046873
0.7542300098
0.9612558983
0.1073378507
-0.6586674154
-0.3874195846
-0.620706661
-0.9127021879
0.2092335016
-0.5452406332
-1.144113338
-0.2206652964
-0.347002214
0.2156339451
0.1173574577
0.6669430368
0.6876302142
-0.6639487922
-0.1073446583
0.1964155618
0.3647041198
-0.09240143597
0.01862982549
-0.9043406233
0.3666038893
-0.7403204381
-0.1767929759
-0.2395623267
-0.4672995947
-0.8970954597
0.1097804125
0.7563406527
-0.8414734215
0.02493901039
0.5657016397
0.5222810823
-0.2246125734
-0.07944351248
-1.013070396
-0.4418678522
-0.152021225
-0.781067583
0.8012039732
0.4991085837
0.1979696499
-0.01993069183
-1.297326216
1.496211686
-0.5064349301
-0.5774912879
-0.923689568
0.5242257245
-0.4644817904
0.2407938607
0.3612052776
-0.9650263101
-0.9316283755
-0.7477897778
-0.9881604105
-0.04075570982
-0.5878357902
0.07998465886
-0.7827385217
1.30646503
-0.3489472445
-0.4702553757
0.8860669043
0.3349835494
-0.126839727
0.3541815058
-0.5655834749
-0.8432812348
0.2990389133
0.4676450065
-0.5931197464
-0.005940747261
1.076695602
-0.0008971441071
0.4706795201
0.7212243086
0.004272063496
0.03131860495
0.1103348775
0.1716784222
-0.415727368
0.3380970061
-0.8751593515
1.353084245
-0.3550566332
-0.4738819156
-0.2056550665
-0.0536747843
-0.3215733921
-0.8233292133
0.00806662906
0.6091651902
0.9014939763
-0.04067737143
-0.1619062142
1.715661259
-0.6340196401
-0.2482617103
-0.2302540343
-0.2007410932
1.450503564
2.414157228
-0.1608877614
-0.120994815
1.669200463
-1.023548055
-1.028835464
-1.538519937
-0.1002610393
0.05492148867
0.8769800596
-0.3370269798
0.7871184781
0.002926164959
-1.135542968
-0.755445154
-0.389761563
-0.6193472747
0.1513678957
0.2973234769
-0.4024548873
0.7650524173
-0.09173282385
-0.5893996343
-0.03468007524
-0.07836527508
-0.08560276339
-0.4392917458
-0.1543968584
-0.3936623409
0.577226036
-0.3321932539
2.142856152
0.0767116962
-0.3128784424
0.6921687659
-0.6731356665
-0.1253106963
0.4176247045
0.9241736881
0.4402351271
-0.06281635081
-0.4287623934
0.537383341
0.9981561431
-0.987520206
0.520713871
0.5211033205
-0.2016614816
0.1189245773
-0.4329729751
-1.001159735
-0.0006258083507
-0.4734476842
0.2335162081
-0.05387399867
0.32584722
2.030984649
0.4263786077
-0.8712023526
-0.9544171035
0.3871328844
-0.4636184305
-0.1915513722
0.6781754889
0.8365271091
-0.7746055737
1.089073893
1.581111728
-0.4846941054
1.39777335
0.9033218291
0.04897579332
0.603760463
0.6799392037
-0.04426433314
-0.1132621236
-0.1636930894
-0.08201132193
0.008075802727
0.3051970655
-0.02499796487
-0.09859496001
-0.3613746101
0.2964793627
-0.2196135759
-0.2634760998
0.1508369999
0.377246365
-0.3716153026
-1.088633397
0.1330627922
-0.1086911507
0.4354036
0.2432538625
0.009653699026
1.800309791
-0.2904569171
-0.2570971484
-0.2936298288
-0.08969263192
-0.2965315916
-0.1336254247
1.223160228
-0.08024105541
0.6582708031
0.6055674016
0.4118194595
-0.1918874461
0.3160609462
1.207196958
0.9253883474
-1.247333929
0.02345170742
-0.5079515591
0.2742534197
0.08203125093
-1.178440034
-0.1921530772
-0.2815975085
-0.08295510095
-0.01170194484
0.6115324337
0.5095076708
-0.2704096109
-0.3335487816
-0.6050479099
-0.3956547081
-0.5092074417
-0.17148582
-0.1239220436
1.53602533
-0.258722795
0.6280605849
0.002263571322
-0.3736874752
0.02852837872
0.04628348872
0.1699119658
0.7572646171
-0.1187625868
-0.8238921553
-0.0143115852
-0.3995276142
0.1773027226
-0.5720123768
-0.05472681187
-0.3297741052
-0.7922150835
-0.009088721161
1.388906259
-0.2516140086
0.3872928174
0.3428497723
1.172993354
-0.09943202101
0.3217030037
1.455962991
-0.5058278695
-0.2862549312
-0.164401627
1.108120763
-0.1293534249
-0.1416756602
1.190510516
-0.1799418874
-0.01914018516
1.000740716
-0.3840686245
0.9015750542
-0.3561036699
-0.9505500019
-0.900033474
0.4753101327
-0.1696963629
0.335145227
0.3893894069
-0.2717200225
-0.3332411081
-0.04639182533
-1.032795569
-0.007882852294
0.07902349047
-0.1600490144
-0.7980594605
0.1565599214
1.484939831
0.5729977593
-0.03117479458
-0.1682075094
-0.4374890335
1.189107515
-0.172323503
0.4038331854
-0.1050752133
0.2814776392
1.898178649
-0.9414627612
0.222492015
0.02688512737
-0.5256022148
-0.3376704127
0.1839493524
-0.9627113938
-0.6806078285
-0.2641132126
-0.01363164149
-0.5126403004
1.618112798
-0.08721997365
0.7565527104
-0.6482155621
-0.05244648661
1.991029645
1.415363476
1.156803001
0.2011237615
-0.4330233838
-0.3789729804
0.4409158848
1.029973617
-0.9108375445
0.4748504218
0.4898192777
-0.1893312663
1.235015115
-0.4542503975
-0.3437065657
0.6955794647
0.1154696137
0.07349932431
-0.07139394172
0.3457625784
-0.2556193262
0.07808309221
-0.7671450049
-0.3194757253
0.3084784247
0.1842879206
0.004537651036
-0.1336436067
-0.494275503
0.4279965207
0.5234628767
0.01918112598
0.7463595644
-0.02432428543
0.02511129712
-0.2593334779
0.5339271
-0.2103824386
0.5115789998
0.002934673429
0.2229935182
-0.3819459364
0.47495232
-0.5479836628
-0.09876814783
-0.3326900139
-1.019736141
0.02838249784
1.12487574
-0.3111246206
-0.1464881916
0.1512107829
-0.01388298608
-0.4759279557
0.09741411144
0.1908030128
-0.4901115675
1.230698656
0.3241734929
-0.263164321
0.8549392927
-0.8166422188
0.1059077563
-0.701043345
1.620465052
0.06738076871
-0.02943037574
-0.7359310657
0.1583297394
-0.6341376185
-0.9083851531
-0.9383881211
0.9081964966
-0.06664984189
-0.02344185747
-0.291500246
-0.2242718078
-1.126396027
-0.06585190091
-0.06789392838
-0.4728281349
0.1381280429
-0.1674601063
0.2554253384
-0.4432346374
-0.5795195743
0.6115586016
0.1213651052
-0.348825749
-0.6381851643
-0.7638086528
0.2785403188
-0.2280856982
0.6223120719
-0.5106658131
0.0563625725
-0.4782443583
0.6751102742
-0.2141275946
2.447520021
-0.9034005627
-0.6329238027
-0.4390704334
0.5011818707
-0.4834479332
-0.8420728624
-0.3663889594
-0.1598286379
-1.069324327
-0.2710756995
-0.7699390203
-0.6056363404
0.1181643012
-0.530567041
-0.2734406319
0.9592506684
2.140844303
-0.8931786582
-0.8009925306
0.3500884987
-0.5080088083
-1.314993769
0.09838378532
-0.1588080782
0.4806728594
0.1598521997
-0.5469027385
0.5626220819
1.461330113
-0.6532252699
-0.3614468511
1.468455142
-0.173449862
-0.6937802926
-0.582828353
-0.5454750486
-0.1612499993
-0.03520826786
-0.4037051521
0.07213317771
-0.9057389796
-0.1805687374
0.5355475198
-0.2916988414
0.8890083387
0.7531093044
0.1542897949
0.3178999411
-0.6382060468
1.739573306
-0.3371602356
-0.5207739741
0.8582538426
-0.7331796855
-0.2697682574
0.2785197661
-0.3107033733
0.2397261556
1.342230877
1.926395939
-1.443555307
0.1096241079
0.1939591491
-0.02165596904
1.392136566
0.196743814
0.2326934251
0.3375349816
-0.346797308
0.7987878546
-0.5092444643
-1.480484682
0.2981201456
0.2192074632
-0.1688527599
-0.165415591
-0.7437989578
0.4473869057
0.207023358
0.8438286051
-0.7845041275
0.1977977843
-0.2218695273
-0.5281533219
-0.3192188837
-0.4499256365
-0.9051411211
-0.1190211933
1.027113283
-0.2992048027
-0.03494715923
0.3642781273
1.370683825
-0.4376303375
0.4352908134
-0.2840439975
-0.08423502352
0.1324818049
-0.9173177183
-0.6611423433
-0.6320270345
0.8937900811
0.1637839911
0.7598306403
0.2430998865
0.6286239184
1.066138988
0.6148850441
-0.2565712966
1.379476284
0.7741771325
1.475069909
-0.3101482355
1.051539114
-0.6005288303
0.8075258687
1.536042135
0.202148548
1.089621164
-0.504765543
-0.6615454718
-0.2126023645
-0.3789468721
-0.5043150783
-0.8842061639
-0.726540266
1.900223264
0.3756386205
-1.142146078
-0.9773260623
-0.8669064611
0.1259439899
-0.4477561936
-0.2705667652
-0.8355620712
-0.6968125135
0.4705573069
0.4142279173
-0.02073416449
-0.4304843098
-0.4026320003
-0.6794794768
-0.5870397806
1.204914275
-0.2060206957
-0.5175665416
-1.046905977
0.2703839144
-0.7338903874
0.8020835809
0.2676592076
0.6660068333
-0.4321514741
-0.1129997382
-0.1854633544
-0.5641401425
1.495543757
-0.1353711989
-0.03636448588
-0.1530027578
0.1006630337
-0.5859339833
1.38486867
0.005895212479
-0.811128068
0.8505016185
0.4464730151
-0.9050418615
0.8020897979
-0.0440275345
-0.2232949104
-0.7098962426
-0.5851899728
-0.1884155411
-1.241789731
-0.4371735997
0.2636303032
-0.5899431452
-0.7126135692
-0.4434469499
0.1760644041
-0.5276513539
-0.6496835977
-0.5628450662
-0.02284976239
0.1234977607
0.2949393228
1.036027898
0.6612271018
-0.4728247151
-0.09201703072
-1.461817017
0.1804133047
-0.3493471793
0.03851218242
0.1328413121
0.02565909382
-0.07891519852
-0.3860089101
-0.3949775636
0.3094590683
-0.9225850135
0.2883617956
-0.6182347178
-0.2866615213
0.9421277028
-0.2953208089
0.2741747169
0.3179741422
-0.795295465
-0.06959001739
-0.06124475263
-0.3794786386
-0.7069091827
0.147291469
-0.8578454047
-0.8464672834
-0.4007466234
0.1245735081
-1.119642952
-0.0988669645
1.468890977
-0.3316194341
0.7095692541
-0.5667007118
-0.2726843875
-0.2341476809
-0.2199714862
-0.03024511952
-0.1645511724
-0.099316651
-0.2660780665
0.6025982238
-0.008199412562
0.4362934433
1.939862292
-0.8404286087
-0.2360312153
-0.270467156
0.005438164622
-0.5036003411
0.7284258947
-1.134343436
-0.05134956315
0.468886172
-0.1127216961
-0.4252708904
0.8332300942
-1.346716678
1.092146294
0.9721693579
-0.4235006496
-0.09864371791
-0.3482374884
0.5668449966
-0.07327949107
-0.2662295669
-0.5345731169
0.2041392215
2.163997097
-0.5086953109
1.849378947
-0.2127554797
1.207361501
0.2777588724
-0.8278445512
-1.177928817
-0.1627482664
-0.1910682226
0.4005316224
-0.6338826522
-0.5364313141
-0.3354869708
-0.9712707028
-0.793793273
0.345962834
0.09068032131
1.152932244
-0.8874982476
0.01463993639
0.9952601727
-0.6103205271
-0.01597304866
-0.642672354
1.344449773
-0.04613000047
-0.4729957826
-0.1158475639
-0.3165316125
-0.248916253
-0.5975722671
-0.02425755188
0.03104718283
-0.7089660197
-1.083918083
-0.4293107137
-0.3901607938
-0.3259600149
0.4206193177
-1.08412893
0.7988327056
1.259961246
-0.5211453579
-0.312847903
-0.6695664972
-1.063546929
-0.6848110735
-0.6355652422
-0.02717954286
-1.144076365
-0.2149531171
-0.4735161185
-0.4572483703
1.069105183
-0.1237346658
-0.2262772426
-0.04473435087
1.65059817
0.01548349448
-0.8490004301
-0.1633117462
-0.6206732541
-0.7081581831
-0.5849955052
-0.1273619547
-0.6312027723
-0.7868920147
1.281356165
-0.6482976049
0.2531168426
-0.3955516018
-0.2656581751
0.5272586584
-0.6377605483
-1.120493856
-0.2498541601
-1.387564898
0.6172739632
0.2398736687
-0.2031604629
0.1975437601
0.7483859466
0.2998184218
1.288616036
-0.01583496248
0.8537226327
-0.2070303813
-0.7538875148
0.05729156965
-0.07880058242
-1.22366206
-0.5426805452
-0.2180983901
-0.7843765944
-0.5489361256
-0.0941429859
-0.03544551637
-0.1618548112
-1.946279782
0.2689753363
-0.293897059
0.02843905222
1.004560551
0.518577468
2.078053997
-0.829255335
-0.4708405972
-0.4766362846
0.1275593018
-0.5523842283
-0.5479328513
-0.0418849593
0.9644347124
-0.2426687449
-0.6105434835
-0.5600291476
-0.2580149468
-0.2049654748
-0.5880706325
-0.7358329326
-1.135648614
-0.1313179656
-0.1096643699
0.0130822191
0.9850823447
-0.492670168
0.1991776869
-0.3702297017
-0.2451115739
-0.2485852288
-0.3393500853
-0.4836956188
-0.8763178959
0.1172181435
-0.1498840898
0.05123095429
0.4973917935
-0.7437855512
0.117546258
1.754129758
-0.4197854895
1.000612202
1.035553864
-0.9015832812
-0.36287986
0.2109371084
0.3190275332
1.224470544
0.3021136967
-0.2702114315
0.227393933
0.04742965642
-1.080517372
0.05279593309
-0.3062004063
-0.3802726701
-1.03420102
1.028847403
-0.4675628245
-0.8406511784
-0.4085627332
0.2385508765
0.9256727718
-0.2338077606
-0.01343648806
0.9590910271
0.6286454238
0.832167118
0.6113451093
0.2602163452
0.4398759213
-0.6421535283
0.7416770041
0.4997999299
-0.6118899211
0.995869318
0.8708992057
-0.03239298891
-0.2090400235
-1.084471858
-0.8188542858
-1.273896503
0.1621909773
-0.6500592083
0.2833077777
-1.452908856
-0.5508657902
-0.5266281158
-0.8620719418
-0.5997492939
-0.6659882843
-0.650426738
-0.1668488596
-0.6231643736
-0.5854562223
0.3467635211
-1.113529
0.2472960969
-0.1079353511
-0.8435090765
0.1346189258
1.011234009
0.6958655329
-0.1092689274
-0.5061695211
-0.8057910725
0.2416980834
0.9423588987
-0.1523607475
-0.3185528055
-0.4867131159
0.3788208292
-0.2524966727
-0.3015897233
-1.383045337
0.6248882324
-0.5500410646
-0.1961261347
0.6577143744
-0.2429628205
-0.2037853134
0.3062442143
-0.2612169905
-0.6490655944
-0.3256020326
-0.1200009974
-0.1857687693
-0.2361673385
0.1014145757
-0.2344053611
1.184644458
-0.2990618654
-0.6112869725
1.377016072
0.08848437862
0.2116008127
0.4632304491
0.108392547
0.958275025
0.01169986278
0.5382512279
0.5195870451
0.6276025802
0.4301416665
-0.1110299855
-0.3070712036
0.04287540745
-0.01951281205
0.3824681682
0.128200557
-0.3681578159
0.4229748497
-0.006047403067
0.6517660633
0.06024782024
-0.5883154638
0.9431068063
1.435268214
0.35838905
0.1118996614
-0.6287618168
-0.9049845308
0.2833372742
0.5298725344
-0.4665339619
-0.7794398159
-0.5429999068
-0.3522858694
-0.5844251499
0.009385159612
-0.1006167321
2.880416273
-0.1905630134
0.06845587753
0.3870496385
0.8249755822
0.617704902
-0.2024761748
0.6236136705
-0.1434950512
0.5451835552
1.318298499
-0.752482757
-0.4775130391
-0.01719987635
1.522446886
-0.01303364616
0.8339933485
-0.08877061852
0.2075821315
1.309365755
0.1129577594
-0.5322961688
0.4332425326
1.579142386
-0.1279717531
-0.4188923612
-0.04235540777
-0.3676241828
1.125056612
1.48485716
-0.1204658752
-0.3188258631
-0.1134556461
-0.429527963
-0.1881972533
-0.5119296059
-0.133865558
-0.7247311294
-0.2283435508
-0.8249860734
-0.2240240905
-0.2366068922
0.5628201146
0.8125518233
-0.1534972526
-0.3969004184
0.2026733886
0.599699752
-0.4149314296
-0.9373816863
-0.08871599454
0.5934056781
-1.032989198
0.4424552483
-1.311270118
0.02433552998
0.6935358182
1.497693321
0.5168968292
-1.042404249
0.2196199821
0.4968747497
0.5165601261
0.1705829278
-0.5118659161
-0.5101193439
-0.03235824918
0.94564244
-0.2389374765
-0.3978893396
-0.3091294378
0.4404948656
0.2466221899
0.0533956442
-0.3742763683
1.636615723
0.8197203875
1.767166509
-0.8965389967
-0.5517422277
1.677431127
-0.6210126042
-0.05569249522
0.3683910429
0.2937726576
-0.5712169867
1.181432121
0.7537937433
-0.1687093849
-0.04257770814
-0.8128692299
1.488140402
0.7282395259
-0.3859848931
-0.5289717317
0.5889777459
-0.4495650679
-0.06712650247
1.171858195
-0.04301553685
0.01227699891
0.8393687107
-0.6636314675
-0.297913947
-0.2009398452
-0.1037992259
0.07691841847
0.0246458495
-0.03661970571
-0.1820426824
-0.3024134925
0.1749918606
0.8087282337
-0.6593050078
-0.5582748592
-0.558603251
1.029427475
-1.474802049
-0.519880243
-0.2552564286
-0.2500827134
1.304279347
1.543923309
0.9459926262
0.249801559
-0.03175907098
1.796572963
-0.8645373106
-0.478291076
1.120932628
-0.1716439847
-0.8226547033
-0.2084291707
0.6749223173
-0.01679854281
-0.633961378
-0.396834939
-0.3237105768
-0.5763604149
-1.018383521
0.8793259874
-0.3207911497
0.3100365285
-0.4392508905
0.5503968872
-0.536645028
-0.01371523626
0.09783740076
1.399988528
0.3310868226
0.02428727625
-0.2404932395
0.5765855976
-0.1367258757
1.363240548
-0.2212735198
0.5928054802
-0.2327435374
-0.1404359376
-0.1542241767
0.6966158215
0.7396254644
0.2551240843
-0.0388797936
0.509515461
-0.4176338255
-0.09312335197
0.3059009092
-0.161936871
-0.2210560001
0.5645231508
0.00469999779
2.197711974
0.340107074
0.7784752082
-0.2900227108
1.221975418
0.04943781327
0.4747107171
-0.5637056261
0.3791022624
-0.1569072537
0.1099643377
-0.08395801336
-0.1238268409
-0.09027821906
0.4417010799
0.01572142132
1.184783069
0.9161858257
0.4056723285
-0.5953300841
0.01023731576
0.8229408979
1.018529728
0.4860642053
-0.1843067173
0.5204304026
1.386550198
-0.1881205887
-0.5577296823
-0.1386087086
-0.1211789757
0.02942613526
1.148826842
-0.1897225451
-0.5000081152
0.06032140767
0.007761342917
-0.3026372056
0.004823180102
-0.2158851698
0.5050190764
0.2003220145
0.5260954253
0.8728392251
0.2672703104
0.5803370483
-0.1564628709
-0.1590963968
0.8846776821
-0.0365609087
-0.338415993
-0.2098100325
-0.620889309
-0.1645791085
0.8239459716
0.4307764173
-0.02285113148
0.9222649783
0.2709000949
-0.9284035191
-0.8141973749
0.5895054437
0.3238749882
0.005069803819
0.6535595577
-0.1057710245
-0.7478592828
-0.3674472272
-0.6531469584
1.42019775
-0.347471305
-1.238329548
0.2633547228
0.002011718042
-0.2153383384
-0.5143817469
1.20993786
0.884465155
0.07257015891
-0.02892584903
0.4708973409
-0.7897107288
-0.4045733914
0.1153909374
-0.5339429677
0.7923425816
0.230909165
1.082119469
0.3286600176
0.8196542405
-0.998440215
0.01320810961
-0.2697904199
0.1493753653
0.8729586422
0.4387665801
0.337190282
-0.1731517184
0.1678909032
-1.193113984
-0.3067967737
0.02570187454
-0.4188981444
0.2941365551
-0.1704595398
0.2818391401
1.652251302
-0.6655258898
-0.18285182
0.1429842313
-0.1509791676
0.2582464999
1.162823821
-0.3152285459
-0.178981117
1.779357883
1.347737442
0.15343738
0.3085101425
-0.0294130546
-0.02504851818
0.7928388547
-0.4514332347
-0.2480121635
1.493582706
1.165803678
0.410794647
0.9601475924
-0.0003544811159
-0.3266118765
-0.2614892337
2.324064753
-0.04291691082
0.3470724171
1.46648898
-0.3799965218
-0.02333798669
1.137937315
0.188365439
0.3405272731
0.8134083197
-0.4847348288
-0.1221059695
-0.0831118538
0.1467984691
-0.1391897243
-1.014514025
-0.5033267722
-0.3031102542
-0.02591061965
-0.4537939092
-1.002404699
-0.07468814738
-0.4121871606
-0.04716003183
0.3734485336
-0.3890902949
-0.4705098674
-0.09769547321
0.1548251871
-0.1216613695
1.184478084
0.3872846913
0.4848454043
0.2926556103
-0.07116167014
1.461207747
0.7743343137
0.07459157128
0.3078666897
-0.5515077591
-0.0551693772
-0.07627708726
0.5067195924
0.4831715528
0.2835732276
-0.3554909229
0.1376581147
0.6278389268
0.5029250077
0.967508648
1.504091326
0.0259697713
-0.4902409181
0.1344449331
-0.498699595
-0.08478606418
-0.07541400101
0.83513126
0.3379558157
-0.696250537
-0.3834361669
0.2057387088
-0.5597209901
0.1262445552
-0.2433271699
-0.6968236208
0.1914910632
0.8329089504
0.07504672399
-0.2774089128
0.1304911609
-0.1209331203
0.185919051
0.9237820875
-0.181168765
-0.204722207
-0.3846488386
-0.5894909173
-0.3704061173
1.367813469
0.8619180575
-0.5067701571
1.633890611
-0.8570192993
-1.245352225
-0.2798957903
-0.1076737626
1.089642532
-0.2759776555
-0.7283558756
1.661754747
0.3181697826
-0.1184866067
0.369256953
0.8564770058
-0.7866435111
-0.03764147712
-0.1595446104
-0.8656384923
-0.2100670706
0.8593829527
0.1523809208
1.241399891
-0.2787981503
0.1043846296
-0.8728370249
-0.03902599229
0.2941105017
-0.5907201305
-0.1900030818
-0.05151137263
-0.8984853148
0.7723373018
-0.668570219
-0.2124154955
0.3919208817
-0.1445080586
-0.443770729
0.863388814
-0.7569286048
0.7267359421
0.2152026327
1.372372464
-0.08207042515
0.4154221384
-0.4598001242
0.3879844034
-0.1706076739
-0.04176610271
-0.320708354
0.2330700818
1.299550589
-0.1382528547
-0.1937579181
-0.9039606735
0.1406878791
-1.05237159
-0.2699442882
-0.7145570889
0.440038198
0.1219890377
-0.9893285021
-0.1409433316
-1.101710767
-0.4618255258
-0.4368769798
-0.7233642951
0.6958678827
-0.05177222467
-0.5142914504
-0.7973915786
-0.1476284426
-0.2026818428
-0.7499246985
-0.4126944773
0.9015092939
0.3158236407
-0.01246086415
-0.07094624266
1.151647993
1.399681311
0.06801831089
-0.5350807786
-0.07005809238
0.07874516062
-0.02465590574
1.04959103
-0.5131377846
-0.6608120739
-0.09954871703
-0.670837909
-0.7077624321
-0.2063729665
-0.06602679472
-0.2225098439
-0.5472796038
0.7906743899
0.4833268829
-0.5137880988
-0.6296545073
1.146991238
-0.5876770377
0.3098184985
-0.300035879
-0.5045478504
0.8799522325
-0.1258528307
-0.05897258054
-0.1317373265
-0.5368910216
0.1569754703
-0.7382008404
-0.1552221036
0.1111572408
0.03671597298
-0.529609707
-0.1168407232
-0.586073786
0.08178141424
-0.1286807694
0.03642105586
-0.05412206873
0.09901000513
1.29369728
-0.1527986644
0.08237102609
0.9081777692
1.694709402
0.6365508534
0.1460925154
-1.320730606
-0.5968334399
0.2888859339
-0.1116455294
0.5492959239
-0.9678140223
0.1784416398
1.235868851
-0.1327911261
0.006297014933
-0.910124217
0.1508437434
0.5678629424
-0.6948208585
0.679050573
-0.5518302696
0.1312731475
0.610814202
-0.2404149484
-0.5035849951
1.33739561
-0.8210708559
-0.05343065774
0.1520693919
-0.08784579076
-1.168372478
-0.1237096734
0.7606396042
-0.3153049104
0.4401823794
-0.4976982392
-0.0156840153
-0.4867979355
0.1644539188
-0.1017827228
-0.7417572007
0.1811432241
-1.063167384
-0.3393606864
0.5745057151
0.5326433862
0.3609201442
1.700774837
-0.1785088149
1.175912423
0.5187450487
0.03068539063
0.9624400519
0.6776020583
-0.3158840124
0.1420053879
1.178206281
-0.1145154331
0.1211797575
-0.01006201431
0.5511623232
-0.7065161571
0.7805728771
-0.2309625477
-0.2299459629
-0.5060278952
0.1394355646
-0.02150183138
-0.04894817467
-0.5330174655
-0.6299704373
0.5643897474
-0.4845015526
-0.04607696012
-0.1413460605
1.35896445
0.1566221956
-0.01182928979
1.128445748
-0.09178307988
-0.4163823172
0.9553007044
0.2631217383
0.1991731789
-0.8733091325
-1.000626537
-0.2095108856
-0.1133233238
-0.6371033743
-0.9089219511
1.419756474
0.2173316522
-0.916357284
-0.2161706686
-0.9354151875
-0.7099680766
-0.1072072878
0.04862930141
-0.7368031587
-0.4976639852
0.1972569485
0.6679328334
-0.159280532
0.04037770401
-0.01312911361
-1.074747297
-0.3189408764
1.084699999
0.8777238362
0.1292975049
0.08263251106
-0.3849440543
0.1484569333
-0.3327175215
0.2255365639
-0.4231661141
-0.3515041947
-0.3218133256
1.643992645
-0.100025954
-0.3871786453
-0.0612379685
0.3086176495
0.06577373799
-0.2105616041
0.007717360556
0.05445632786
-0.4069250882
0.2308880867
-0.1763325334
0.09421993974
-0.5918676361
-0.6666857868
-1.242722046
1.958912814
-0.1294190278
-0.3571064033
0.0420860596
0.9207404785
-0.375253379
0.6236389879
0.4294502098
-0.3878284968
-0.2205640864
1.503502446
-0.0357563219
-0.5889390051
0.02844480239
-0.06972605027
-0.414565975
-0.04324055957
-1.216175115
-0.03429681724
-0.06770099443
-0.2993398562
-0.2296939142
-0.4075195074
-1.098232262
0.2091180276
-0.4411102481
-0.215159921
-0.6499474958
0.7926040772
-0.1546880012
-0.5496425211
-0.4449767597
0.7337894738
0.04810012225
0.7692082372
1.35952856
0.2558916897
0.08747325111
0.6311770489
1.527031955
-0.2150596513
0.0641856459
-0.4459949017
0.9293529429
-0.02676258432
1.022351673
0.7992954675
-0.7023724236
0.1184146589
1.263943172
-0.7568408251
0.2472904079
-0.01595226843
0.5309120953
-0.9517211944
-1.000207785
-0.3332997572
-0.3951687731
-0.1229188205
-0.2720724717
-0.598911798
-0.3423533317
-0.5267791823
-0.008485959796
-0.5260711148
-0.2340931498
0.9068813846
0.1486187303
-0.3061633814
-1.077937153
-0.1840324068
0.2732535437
0.2681435019
-0.1808030233
0.7428814303
-0.3870538365
-1.37846216
-0.2811465379
-0.4134100847
-0.3536417373
-0.8195908129
0.6908388041
0.6825150594
2.03198742
-0.2806832328
0.02765327301
-0.2296902068
0.113102576
-0.2092072301
-0.1524643905
0.3190277811
-0.1429235823
-0.3959753372
-0.01071496541
-1.259817266
-0.5326986581
0.03136181342
-0.8034047127
0.3634349988
-0.2476797605
-0.2627324035
1.369888591
0.1428124038
0.5969910663
0.0836568309
-1.247095272
0.2933163507
0.4250695832
-0.7968372628
0.1325612263
0.4311640389
0.1734322693
-0.3097965956
-0.6840976521
0.04899767842
0.6053727329
0.1559550116
0.3876082757
-0.5416653141
0.4568941806
0.2822289949
-0.5448872462
-0.733630465
-0.7165620096
1.184968868
0.03389402069
-0.8508464634
0.05707804114
-0.7182061762
1.004319423
-0.5361679748
0.3845820041
-0.993167612
-0.4877381846
-0.6326164961
-0.5020575851
-0.7222107187
-0.2769287277
-0.1145567197
-0.4688648712
0.57398917
-0.7096480921
0.5078822291
-0.5381736979
0.4945144735
-1.066783732
-0.307718268
-0.3992529696
1.19039104
1.565453742
-0.772669515
-0.4883786559
-0.1325799573
-0.5701583549
-0.2504010605
-0.5491889857
0.3644707775
-0.32595906
-0.8752777487
0.05874078413
-0.141584827
-0.02396190381
-0.7142852604
0.6286662877
-0.1570275303
-0.132499072
-0.35945746
-0.3123972826
0.3663464837
0.1769182291
0.01745704077
0.09084151834
-0.1085410364
0.7382946394
0.2147971768
-0.102372038
-0.2982784905
0.106400983
0.7001549086
-0.8243099838
0.03534074994
-0.6385051459
0.4435040735
-0.01841000151
2.648873582
1.674283232
0.3541468473
0.9219018839
0.1510397488
-0.790927045
0.2445956765
1.287277753
0.3999513783
0.4314054552
0.1923240732
-0.415014293
-0.1450938817
0.3324706374
0.8196032129
0.8217350446
-0.02637715647
-0.5418484122
0.009516408481
-0.2276522063
-0.1763374638
-0.04865336688
-0.1799898015
-0.4770221487
1.036899
0.09724788885
0.1220924488
-0.2299688159
0.215184541
-0.2523519818
1.721087436
-0.3083696407
0.2449423491
0.02085439097
0.4190658057
1.488227292
2.804834986
-0.7608647823
0.003395482898
0.2490995308
-0.1244848999
-0.005380194634
0.1628008428
1.047132683
-0.4111092798
-0.9628125757
-0.7093051791
-0.2507753257
0.2827010913
-0.3696212251
0.1079380397
-0.9720226258
-1.028295586
-1.12926138
0.3615977407
0.0510552506
2.353502425
0.262444149
0.03816224178
0.1857631042
-0.1663291898
-0.5458288491
-0.3798326045
0.01757891122
0.5090282343
-0.1933797372
-0.4237680897
1.054904936
1.283474379
0.813304317
0.9336745443
1.023007008
-0.1381523116
-0.2862155039
-0.2856025916
-0.3142057817
-0.6811272904
-1.292967537
0.4115690723
0.0830194789
0.3105786644
0.01803466366
0.9376424283
-0.4746039286
0.1886995552
0.01674381699
-0.4983594999
0.004563365132
-0.7830809608
-0.7222130999
-0.9366236776
-0.3312071474
-0.4757785663
-0.6585184887
-0.03833523216
-0.04209570773
-0.7771693766
-0.6725185305
-0.1804381862
-0.7189857721
-0.02187937262
-0.9789876223
-0.470142591
-0.3222081494
0.5881162189
-0.1130531376
1.868209189
0.4279931808
-0.6026659325
-0.2523131609
-0.1341292597
-0.01489438787
0.7171362281
-0.3255024068
-0.0902711533
0.2284400563
-0.3707714967
0.05287813963
2.792184624
-0.4350683182
0.8716062225
-0.4193526948
-0.719387871
-0.04750223393
-0.0951984548
-0.247594009
0.1663816432
-0.4010356367
-0.4273327336
-0.221754705
0.2307084702
0.7740128644
-0.2770741381
-0.1315149106
-0.7821518987
-0.2983695276
-0.444229345
-0.738782379
-0.3769764852
-0.5364752591
-0.3328262851
-0.6812688336
-0.3911615007
-0.5166128293
0.1094274973
-0.81068694
-0.1420037176
-0.7307402432
-0.9368247598
0.2087437898
1.963153516
0.2215083899
-0.9117525607
2.020113389
-0.3418784291
2.01288556
-0.6903240591
1.440631604
0.1248652549
-0.1528954048
-0.7921424091
-0.406693729
0.2580442391
1.106760162
0.3920418292
-0.5304033816
-0.2518527951
-0.2706581602
0.5155536011
-1.177757117
1.226463249
0.6180062354
0.05541033442
0.6936054021
-0.4486569837
0.4555261005
-0.5591523122
0.3105270349
-0.4262430973
-0.02360631041
0.1452386688
-0.7030855402
-0.12942583
0.07510141954
0.3468078274
-0.6873137012
-0.5743760303
-0.1029991343
0.8765176244
0.052461066
0.9919622473
0.1331951815
0.4090069606
0.5056251623
-0.137895443
-0.3990849171
1.275109436
-0.4531351626
0.208013916
-0.4172407657
1.04333086
-1.036132702
0.8225802567
0.6116147436
0.04823998567
0.2478022696
-1.14404676
-0.5279540822
0.7289413344
-0.8894906968
-0.2917110734
0.7133285761
-0.09106483907
-0.7742700949
-0.09369542189
0.1662907721
-0.314044084
0.3211895047
-0.3565290347
0.3222900132
0.3347783459
-0.08060876476
-0.9169720799
0.1803049727
-0.1919261964
0.06824719431
-0.5766034231
-0.1882344764
-0.1805886221
0.5792529102
0.4753145803
0.8432471544
-0.4068635285
0.3938845141
-0.2230506647
-0.9262003571
0.3853720498
-0.4490317842
-0.3632253483
-0.7632358775
-1.116445249
-0.04464128017
-0.02099831086
-0.5537185073
-0.4852474004
-1.123872679
0.7059210882
-0.5297424451
-0.2029979913
-1.053278759
-0.6195907906
-1.285093674
-1.500422469
-0.6517539814
-0.5365545377
-1.306698653
0.2418372893
0.09594782274
-0.3070386561
0.1721289963
0.3619857123
-0.08306212164
-0.1528754965
-0.8441131502
-0.9559376061
0.2107237045
-0.09537082138
-0.923024565
-0.854786405
0.04948362657
-0.1080692421
-0.3835632056
-0.5465315796
-0.04186256109
-0.3238219861
-0.2149618374
-0.4962575391
-0.6564954638
0.01184153166
0.4048129816
-0.5376522183
-0.3068495076
0.6253910258
-0.04796393439
0.2585504976
-0.3311554346
-0.4684681177
-0.2847234473
-0.9611809254
0.07384891575
-0.3167369708
0.4969309047
-0.4727192536
-1.168515699
-0.8888252974
0.8498140812
-0.9849038631
-0.4376486406
-0.1569121132
0.2582892167
-0.3053897936
-0.2353747933
-0.4630005255
0.3547876202
-0.159093496
-0.5239903793
-0.006781814992
0.4721012056
-0.3575248942
-0.6211213633
0.140672156
-0.5026671156
-0.222012472
-0.9288670123
-0.5487303004
-0.9005176961
-0.4777150288
-0.7420269817
-0.2719045378
-0.2716133853
0.2008310085
-0.2166439839
-0.9962122768
1.151965385
-0.1458703049
-0.4408041015
1.235950201
-0.7761104956
0.1035148161
-0.2556685459
0.3235253666
-0.5841609903
-0.5184346378
0.05063166991
0.2805417599
-0.2980821542
-0.1650182668
-0.3466384318
-0.7018860057
0.05909891017
0.08045070339
-0.5804974422
0.2528977726
-0.4678983159
1.426802437
0.0416600314
-0.2087949749
0.2127455873
-0.03328106515
1.635497781
-0.2679946408
-0.2503385223
0.1727470189
-0.1259605784
0.3056628281
-0.08941446263
0.2902029246
-0.212423981
0.665444234
-0.2970094405
-0.1010911389
-0.1299334291
-0.1297809256
-0.1325372716
0.78017966
0.4328922
0.2014355973
1.242720619
1.505586053
-0.2918467462
-0.7235299155
1.194994116
-0.4961228147
0.8363983199
-0.2819288339
-0.2883737296
-0.7214895472
-0.6659145609
-0.470153828
0.5188948944
-0.1968849361
-0.6524034187
-0.1942850196
0.9895051211
0.148572008
1.265689892
0.1691139461
-0.1186916517
0.3566631142
-0.07913409509
1.464072428
-0.8080326274
-0.2508763693
-0.09896378592
-0.3430783652
0.9247336365
-0.5907385128
-0.2954138033
0.1173087081
1.536658025
0.5639910365
0.8652569972
1.384373273
0.2426603243
-0.16928188
-0.8711044073
-1.079604015
0.644041355
0.2031029359
1.093624849
0.4838473275
0.09434564882
-0.04117446281
0.3792586651
-1.093312076
0.04846328739
-0.1046538822
-0.4207807876
1.270823292
-0.4528678626
-0.4744105868
0.2058567358
-0.5195027195
1.374696046
0.01290072598
-0.06791065084
-0.4912757799
0.7406386906
0.2464246137
0.7619891681
-0.3753491282
0.1266382718
-0.01068976568
0.866844067
-0.2894243859
-0.3937185906
0.1195296997
0.07652244335
-0.1579066919
-0.2079509776
0.6861525096
0.7778614387
1.230108516
0.4655885007
-1.076801953
0.5798827916
-0.3162829198
0.6894907556
-0.4116541211
-0.880267629
1.536108673
-0.4926104099
-0.4343678504
-0.5501776621
-0.3975654747
-0.01540306369
-0.05358951911
-0.3005741283
-0.333598952
-0.4619254269
0.3867810881
-0.1297269899
-0.2092488199
0.4148601733
-0.1947768841
-0.4424023144
0.0325851975
-0.4755621269
1.172175455
0.1359059806
-0.2214832149
0.8155835062
-0.2355051473
-0.06665907884
-0.148796949
0.3876575209
0.9205631815
-0.2265516195
-0.05933451457
0.9252143431
0.08633331191
0.1953322113
0.5808386806
-0.1262708608
-1.16539664
-0.7694257043
0.3520121379
-0.9482110173
-0.003086968418
1.230753253
-0.2971970771
1.217779583
-0.01369088436
0.1844794763
-0.1487553753
-0.9629965484
1.825005593
0.07081796257
0.279505317
0.02831212664
-0.3151839603
-0.0406362406
0.06627640203
-0.07721149819
-0.5737969592
-0.4200997688
-0.9460843116
1.220895022
-0.6481926516
1.802321759
-0.1867475616
-0.5291174851
1.845647679
0.7937390693
-0.6101452306
-0.2171935603
-0.09765613955
1.133748337
-0.4541507535
-0.1464884348
-0.8187051266
0.506341842
-0.7187879488
-0.1286474615
0.005573132448
-0.3049491091
-0.4009206757
0.12450511
1.579090318
-0.08155212924
-0.9160177559
-0.1193036744
-0.05947512398
-0.240411175
0.4268406682
-1.02095556
0.3920679383
0.7036388362
-0.6290498793
-0.1675584961
-0.7899926841
-0.5683588341
-0.4961416423
-0.3614118185
-0.7704503596
-0.444450587
-0.1008803356
0.8803641811
1.163529449
1.323223969
1.243734627
-0.8821092248
1.251435945
0.07457670849
0.7200538784
0.2370351491
0.5561961032
0.5311299581
1.101495458
-0.1252545406
-0.2582438935
0.3778165963
0.6923166074
0.2807940676
1.59327336
-0.2171255995
0.07985266633
-0.4302902333
-0.7054655686
0.7724743959
-0.2316471859
-0.05189041197
1.018701172
-0.2592528574
0.4146862991
-0.1590297448
0.008807358705
-0.06242070254
-0.616124852
0.2689574422
-0.8313845307
-1.181671953
-0.3569835417
0.2254189912
0.1637170697
-1.356244373
-0.3806320291
0.1838305403
0.3641144972
1.865686832
-1.290881366
-0.4795485087
0.4620987505
-0.4920862913
-0.1907489419
1.027361166
1.246477373
-0.4942010101
-0.5799364954
-0.9323943049
0.3645505629
1.067534488
-0.08156968998
-0.2440468851
0.09816211136
-0.4866419084
-0.07823979883
-0.4298634944
-0.3589452542
0.3433662147
-0.05700712278
-0.4663658008
-0.1735745307
0.2309378336
0.4849380717
-0.06580145089
-0.07935187295
-0.4638295844
-0.0970140852
-0.1000829356
-0.09586259723
1.026504374
-0.5170275822
-0.5436621174
-0.4250554096
0.8010598302
-0.200907228
-0.169761068
0.3173713316
-0.1104089044
-0.1635358857
-0.5652066141
-1.312854594
0.1359495731
-0.6510699242
-0.1530566668
-0.7148512468
-0.8884338647
-0.1291053763
0.3332482011
0.02173369136
1.122061777
0.307968444
-0.468751847
0.716709213
-0.8280213267
0.01249015145
-0.1958351828
-0.4186570369
0.5611090308
0.7846094072
1.084665573
0.1772812434
-0.7015764296
0.9785183359
-0.3843664624
0.7313430868
0.2296109362
-0.02960670218
-0.1364099453
1.629267989
-0.3760087579
0.1151330245
0.5216173634
-0.8509050637
-0.6060184509
-0.9005300045
0.6780889398
0.3781138584
0.7236193627
-0.2341617803
0.1460049237
0.06817140467
-0.1342783042
1.159871247
-0.6083789781
0.2198559877
1.187620938
-0.04652867019
-0.6195111707
-0.1258567286
-0.2755462654
1.35019436
0.02355294467
-0.01726369164
-0.7957206219
-0.2639177132
0.1032756677
-0.1618627418
1.829505807
-0.6268358707
0.7015082169
0.03223929955
-0.7991683841
-0.4160643749
-0.4222537011
0.1217979688
1.398487449
0.0351428749
1.197950166
0.7183872908
0.002611601353
-0.06066826328
-0.40881804
-0.1971218659
-0.3113458559
-0.2858813548
1.296200788
-0.3216419932
0.5131314188
0.1332502045
-0.212076297
0.03987776423
-0.2462030929
-0.9873313546
-0.6082259625
-0.8712500453
-0.05975823347
0.8944755949
-0.2710692495
1.497556907
-0.1111729598
-0.3526331648
-0.7669839412
1.363094112
-0.2749215461
-0.9350350946
-0.5878921121
1.462325661
0.563591538
0.7142803617
0.008266700711
-1.553294098
0.9426908556
0.1210110551
1.837204109
-0.7198924154
-0.7977965847
-0.1489729275
-0.1605798841
0.6662778594
0.2284180752
-0.0792938957
-0.4342352457
-0.400873898
-0.4162695834
-1.246234751
-0.6369756147
-0.8621492118
-1.032871616
0.6370906629
-0.08975719977
-0.1751450349
-1.038867769
-0.4531008802
-0.5327182919
0.509898461
-0.6252801597
-0.898009482
0.001534600928
0.5665754065
1.00090673
0.4490970805
0.8039105162
0.9525669202
0.003871636093
-1.090127423
-0.01353022009
-0.8943460584
-0.5424208418
-0.1703020098
-0.9397818476
-0.3153456416
0.5676238913
-0.8420975894
-0.3606031053
-0.2376664749
-0.7709428489
0.3431838948
-0.2273095116
0.8981091663
-0.09642853327
-0.04733024233
0.07535245232
-0.707046634
0.1810047017
-0.8240018174
-1.3015021
-1.098764884
0.8068405841
1.256753907
-0.1479035221
2.218560344
-0.01863187756
-0.1829227671
-0.2064581521
-0.3647607386
-1.178205363
-0.3952190623
-0.2945695292
-0.3043785706
1.611899809
-0.9699315712
-0.8077654421
-0.4175973877
0.2368940156
0.6008985596
-0.1533880351
1.458759397
-0.8180529833
-0.2403065547
0.7981147762
-1.219511679
-0.496590472
0.005184847489
-0.04108798802
-0.5137013108
-0.1674527418
0.6065931372
-0.001354399882
0.786731723
0.1074848128
-0.1255291197
-0.2265463278
-0.125854676
-0.5670263529
-0.8047292933
-0.5188213855
-0.1341979107
-1.057316971
-0.1029224005
-0.9910074562
0.06254447438
-0.6797948986
0.09491416588
-0.1876640968
0.06283032186
0.09287810503
1.163043379
0.4238312941
0.2033521833
-0.1105721116
0.1724396852
1.635215769
0.01539815483
0.2232904394
-0.7539065793
-0.6201064683
0.3865611006
-1.114199443
0.3160775129
1.59784196
-0.09368168712
-0.2069323311
-0.335602688
-0.2213506147
-0.1697169833
-0.78243424
-0.7080385447
-0.4741950855
1.278810205
-0.4839602858
0.01962079052
-0.8163585484
0.286090438
-0.01922373017
-0.05245621912
0.2993312517
-1.039571899
-0.5919932991
0.6897285841
-0.2850178458
-0.40445593
-0.3534519374
1.120598812
-0.6070964783
-0.1647864124
-0.5160911784
-0.7337769121
-1.358007008
0.01498329043
-0.04639550615
0.003902852908
-0.9323190898
1.361442567
-0.6159055747
0.7934290405
-0.2405555185
0.775252749
1.099312423
-0.5355546996
0.5153028265
0.4086451153
-0.620625411
-0.4967265248
-0.8380183086
0.6381126314
-0.7935363285
-0.6560607091
-0.167390562
0.5008696551
-0.09915947085
-0.1123579387
0.4257048314
0.2131611811
0.3826625895
-0.02821856472
0.5043850455
-1.260212106
-0.3140431814
-0.8253597111
-0.7035042539
-0.6731511176
0.8730050243
0.1879221033
-0.327834668
-0.7617279708
0.1439874287
-0.7318128958
-0.6568775907
-0.2832945462
0.4551787142
-0.2584708853
-1.228921574
-0.2356064286
-0.5408765174
0.08427690668
-1.003824258
-0.1966018202
-0.669948256
-0.7091853306
-0.2298716912
-0.2641776783
0.0302769471
0.7718717102
0.7245557517
1.106091134
0.04577338356
0.4285104251
-0.3436575152
0.2387986909
-0.07957828678
0.7379241183
0.9410354637
0.02520118598
-0.6318432733
0.08232817571
-0.7888559103
1.157730515
0.9709431782
0.1101635378
0.08841300588
-0.861877133
-0.9741672426
-0.2741468435
-0.2847230915
-0.5933138892
1.077146806
-0.2175765228
-0.2055140674
-0.1108743072
-0.4862662047
-1.162297955
-1.083419439
-0.2142251667
0.5171528529
-0.2695263589
-0.1775652023
0.3272295387
-1.425956747
1.024376087
-0.3498773202
-0.3165843088
-1.350388095
-1.170622382
-1.641288966
-0.2696421836
-0.0185593145
0.1994394854
1.619926698
-0.606741035
-0.4332825765
-0.5680385388
-0.6105422884
0.4656845914
0.5425972651
-0.7490487307
-0.4160269089
-0.2163515938
-1.095906949
-0.794837606
-0.05006234171
-0.7687611073
-0.5011357933
0.7005083837
0.2935405861
-0.5181588143
-0.1738850325
0.1766423041
0.636349681
0.4456327379
-0.4339687131
0.2597016029
0.4150618097
-0.80660896
-0.5831157044
-0.02251128741
-0.677660045
1.488931615
-0.1105650125
-0.09573353417
-0.6738360435
0.3789972517
0.9998036355
-0.3334373392
-0.2291265207
-0.1207961147
-0.3699130177
0.7851362739
-0.1924240744
-0.06685792306
0.1101223306
0.4905322444
-0.2668842077
-0.1050504894
-0.1702921111
0.8193035305
0.2075504021
0.05655086348
0.02312148772
1.059370774
-0.159143154
-0.1761175912
-0.6135938048
-0.1897408132
-0.6760463204
-0.6489628538
0.4028387886
-0.5096157566
0.4446732178
0.6296850054
-0.2160411632
1.08808222
0.3076288812
-0.1121180736
0.02459819429
0.2264982605
1.710154961
-0.4461705796
0.9895214334
-0.1216475212
-0.128484777
-0.1470497422
-0.1773795826
1.080235963
-0.5097059533
-0.9283746302
-0.02396217086
-0.00598236993
0.4165890735
-0.624011451
-0.345944126
1.075507591
-0.06530109886
0.3859160447
-0.1045566874
-0.07263772115
-0.1387095723
0.4680881517
0.4431081092
-0.04293843191
0.006885889266
0.2668448459
-0.343022383
0.06645926116
1.065334485
0.5339016143
-0.1163099611
-0.5251730993
-0.3891774015
-0.8058216855
-0.4868487574
-0.8371606603
-0.1459120601
0.4295973204
-0.5888982952
-0.2663798839
0.1376720692
0.3549535178
1.235630733
-0.6056133054
0.6161236495
0.8854637295
0.08969612354
-0.574578324
-0.2106268097
1.665661296
-0.5686004817
0.2340198379
0.1817855218
0.04197187182
1.823523941
0.210975409
0.6525056846
-0.0694368748
0.01752792173
-1.208968258
0.6523771673
0.9584107473
0.02394743161
-0.5460705699
-0.1004649865
0.6831422523
-0.3329370534
0.9904170269
-0.1987751897
0.03540379759
0.1779284066
-0.2981361903
-0.3621489063
-0.3672417838
0.06506400452
-0.3973216169
0.815166571
-0.2441160992
-0.0141550526
0.0531401474
1.652031939
-0.02042450067
0.6834069528
-1.530538183
0.7250671059
-0.5832005367
-0.1894287109
1.589711776
-0.3858010121
-0.8065417916
-0.3191635907
0.1696505333
-0.4073268156
0.2449231246
0.7977560736
0.544946716
0.7170927212
1.2750528
-0.5488378316
-0.5366433933
-0.3041357577
-0.07049748302
-0.6869000033
-0.2233224556
1.375043268
0.1456478159
-0.6232712805
-0.5304742873
0.01151733426
0.1312206855
-0.7623952374
-0.1597971096
-0.2811295191
-0.5748450339
-0.7240846559
0.5703736141
0.2173754375
-0.4861059159
-0.8968437418
-0.4315640811
0.04446046986
0.03066543047
-0.5371739879
0.5220681574
-0.199859345
0.2410891273
0.07079981155
1.228247966
-0.1338307366
0.8026419215
0.1705884769
-0.2057988506
-0.2298191905
0.9176066902
0.9383080557
0.5146782778
-0.8347142652
0.1371317221
0.3916404951
-0.0007129315287
-1.0941854
-0.1560863713
-0.7053092852
-0.4399566226
0.4066827826
-0.3316226505
-0.6977819473
-0.089259075
-0.06324899271
1.01164512
-0.2238352727
0.8161767796
-0.3011519056
-0.5965400025
-0.1164678158
-0.5481201053
0.3051653421
0.4712567613
-0.2495653242
0.1490542472
0.8672001172
1.040802389
0.4936990067
-0.8039777517
-0.7452409253
0.8779763635
0.1361802125
0.1267967077
-0.02807079311
0.1464541361
-1.010038218
-0.6177457049
0.009372828342
-1.053295323
-1.010362011
0.6459509239
-1.024813098
-0.4331673954
-0.5021598153
0.241080103
-0.2503495933
-0.7720232397
-0.6966908649
0.2442385914
0.7255184285
0.5504907221
1.365417017
-0.1655024752
-0.3454330519
-0.5819404989
0.5784000407
0.3084381774
0.244170499
0.05537743564
-0.9032832503
-0.9931903005
-0.1479976578
-0.50875424
1.496512532
-0.001317835134
-0.1340911677
-0.8217805028
0.291925063
-0.558493868
0.90658838
0.1627048207
-0.5237263173
0.1400039416
-0.5887376502
-0.4293734469
-0.7143826455
0.5048010662
1.093775703
-0.2272166688
-0.7320475549
-0.1468973326
0.4840485618
-0.2826311529
0.0771268528
-0.1086747617
0.3911663051
0.1621306422
-0.27114052
1.052905007
0.2177502509
0.01056808531
-0.1373125721
-0.285183198
0.1760296383
-0.7702575117
0.0533143654
-0.09064192651
-0.5851017341
-1.1207885
-0.07267335337
-0.6735261351
-1.206915167
0.4130360775
0.1278159252
-0.5222700879
0.7127612248
-0.8921846986
0.07932396196
1.017286694
0.1381531719
0.3226730684
0.5648202708
0.3093481964
-0.1234497154
-0.4868812785
-0.5404013187
-0.4999024503
-0.8395684421
0.458048922
-0.02843133379
-0.6196249574
-0.3509951148
-0.5328947634
-0.2536638919
-0.2400652017
1.379562519
-0.6533707917
-0.721161817
0.4903530229
-0.04655032568
-0.5171037868
-0.06689472096
-0.5194962218
-0.2438436914
0.9379240144
1.88725525
-0.854134357
0.4543877384
-1.325301093
-1.069582713
1.107820693
-0.5382312641
0.218685868
-0.5469046324
-0.4011033662
-0.2948993819
1.896347337
0.8938384481
0.1144441557
-0.1686026787
-0.8279471889
0.2495180845
-0.7737136573
-0.5567213833
0.2264138654
1.039321944
-0.1173883943
-0.1953335308
0.04632920602
0.5402151279
-0.1002324824
1.415451086
0.4085413717
-0.1039297309
0.9408087514
-0.7341645651
-0.644407481
-0.1508169133
-0.9633367367
-0.6510445818
-0.7811037973
0.3126131024
0.1697725438
1.545863263
-0.574514091
2.328964149
-0.2373979423
0.5858459726
0.4519933768
-1.21042138
0.1411602854
0.3825929211
-1.016744915
0.8555375338
-0.4854829408
-0.3396800734
-0.9024239719
-0.8892509311
1.052737023
0.5556582831
-0.6078385741
1.509757803
-1.127918792
0.2148822353
0.3353654768
2.007229533
-0.4788599767
-0.1362301998
0.9141775433
-0.7569914907
-0.6246291712
0.5352439929
1.233185868
1.878017576
0.1486902341
-0.9116986513
-0.6360701337
-1.160943383
-0.1016336652
-0.2437273302
1.412216651
-0.6091557726
0.7482606012
-0.629857485
-0.1548584253
-0.5613894492
-0.4289820231
-0.7580325961
-0.2025069358
-0.1465773916
-1.235012516
-0.9772790372
-0.805726786
-1.51398274
0.1249386921
-0.06077712625
0.09304485619
2.034220186
-0.8425344795
0.04162196815
-0.6496203758
-0.4212640472
-0.3035613015
-0.2169556409
-0.2193804625
1.286529333
-0.1844997186
-0.4031599589
-0.5264987603
0.1741515413
-0.3138965454
-0.6985941306
-0.7342389569
-0.2813380681
-1.32454634
0.676133479
-0.368339593
-0.7386415392
-0.1929626855
-0.1838123329
-0.5946901083
-0.727662947
-0.6597405523
-0.4572871417
0.1977502551
-0.9702124387
-0.5194676563
0.2419020169
-0.3769704081
-0.649279654
-0.8197994679
-0.1359168014
1.05958606
-0.3674439259
0.5966565154
-0.920470953
-1.002497736
-0.7600524589
0.1869427442
-1.025953162
0.4370505787
-0.1529481851
-0.4264455661
1.026619704
0.4420994364
-0.8943179458
-0.3247937046
-0.04999539112
0.06684237309
-1.150321341
0.3948090162
0.2815396188
1.279237127
1.071832827
-0.3614726931
-0.4875565097
-0.09280497972
-0.1525823275
0.34563666
0.3556458081
-0.4777708501
-0.6289153278
-0.1754900416
0.7784556493
-0.4243077219
0.3686825984
-0.1053658985
-0.3979005273
-0.1094887363
-0.2448197551
-0.338035135
0.921141576
-0.1835860753
1.439727515
0.6495056726
-0.1739423085
-0.2120351328
-0.4959556386
0.007132507861
-0.2979353309
1.272434959
-1.447789523
-0.2186444215
0.1632453475
0.003816213645
1.192281249
-1.194283968
1.179101814
-0.3072255962
0.004833539762
-0.1074423566
-0.3693340346
-0.6211556852
-0.642612768
0.3303469557
-0.2776868254
-0.3480867306
-0.1137678195
0.05077389907
0.714079375
-0.8963083327
1.668097267
-1.124222624
1.023438973
0.7739174321
-0.3589592673
-1.141643474
-0.5081015334
0.4428007856
-0.3748302631
0.8875734866
-0.306884554
-0.9685155779
-0.8089958802
0.1722073846
1.41810471
-0.3427090012
1.815627711
-0.6146321774
0.4074069444
-0.9487217367
1.449620187
0.4956654675
-0.4134808704
-0.01042277236
-0.03170832079
0.4114958247
-0.6981856786
-0.5899305448
-0.4606622875
-0.351246354
-0.2242259797
-0.1300849102
-0.7182083338
0.176859118
-1.102902076
-0.5644899949
-1.284376425
-0.514373742
-0.6872730881
0.2562498748
-0.5512619019
-0.9337762952
0.01982063325
-0.847936669
-0.6712739959
-0.4469348922
-0.6604229778
-0.5803351827
0.3997924821
0.2956414887
0.4621153757
0.145670633
0.01342828162
0.7409584954
0.1130058693
-0.5051905748
-0.9135181263
-0.9147940621
0.3131329182
0.08664576681
-0.5023076504
-0.4318038415
1.113119656
-0.07766185589
1.817380715
1.0157608
-0.009268893488
-0.1010241318
-0.9739664078
-0.7470974952
0.02895686291
-0.686835371
-0.7503603816
-0.4690204635
-0.4937536933
-0.03469058964
0.8247245491
-0.9965367228
-0.5304668218
0.9828744099
-0.567305471
-0.315626514
-0.1337114813
-0.4441518322
1.296580382
0.4057185113
0.6829304755
1.28618511
-0.09617309254
0.878516029
0.1117228314
-0.6716071814
0.5381671779
0.735542734
0.2402670507
-0.1090254392
-0.1930717923
0.00574742984
-0.2245516764
0.7538922474
0.2183780775
-0.7108480155
1.295120719
0.02990989788
-0.2299176291
-0.2417492915
-0.1470992155
-0.6965580806
0.07165941205
-0.0222205434
-0.1487900905
-0.2839345641
-0.1914491916
0.3363402106
-0.6446362525
0.04274545675
-0.3879850999
-0.3692816317
-0.445960094
-0.2052258646
0.04327388876
-0.1823827415
-0.3129724309
-0.5981872946
0.1044814217
1.627209032
-0.04866151121
0.1415221685
0.5120997548
-0.9960922748
0.009573335759
0.03879472432
-0.5722311214
-0.4700675175
-0.7043584555
-0.5066978246
1.213417106
-0.07273728214
-0.15759243
-0.01278513148
0.7085920662
0.8545879334
0.09813909987
0.4173817609
-0.1370964263
0.02833739924
0.903118737
0.6850509048
1.37345225
-0.2879333703
-1.085585433
-0.59219044
-0.1642093755
-0.1245019734
0.3609912602
0.6760711234
0.36793863
0.2927083421
0.5128642589
1.720279443
-0.7658513829
0.6051205106
-0.141823595
0.7642996533
-0.1261497406
-1.245642382
-0.1929487584
0.04405917181
-0.06904787235
1.156927927
0.1003038724
0.8679109707
0.01021606936
0.2658311229
0.02678163163
0.2020740617
2.452393442
1.203221749
1.81446798
0.3655187473
-0.9837352753
1.126416656
0.6401951954
-0.01023015566
-0.02145054489
0.8961078711
0.2297855262
1.506995968
0.2456442099
1.214986199
-0.2699154817
-0.1447113189
-0.8898646206
0.02863615844
-0.7082843393
-1.055687958
-0.6457154527
-0.06975740027
-0.4861051604
-0.5499397919
-1.067290387
-0.5727716193
-0.812690714
0.1856477185
0.1747969568
-0.7006001323
0.05878897198
1.074213356
-1.005383313
0.6377566835
0.02894537561
-0.4572218999
0.1951267444
-0.1980835315
-0.8221992165
0.08272904437
-0.7338946819
0.09234210022
-0.9576327533
-0.4950434029
-0.06622706386
-0.5611051805
0.4644271288
-0.4946863189
0.2291779199
-0.2533940444
-0.2831326198
-0.2074662928
-0.2745951038
-0.7592319369
-0.7262789667
-0.2929808743
0.9002831265
-0.2741036182
-0.5606219754
-1.526086766
0.6589380063
-0.328337881
-0.9648622632
-0.1872474806
-0.3619701453
0.2883085616
-0.3705574378
-0.4559563905
0.3495943353
-0.5104839802
-0.3196999431
-0.4702792741
-0.8598322421
-0.2706035234
0.2216102436
-0.2912285715
-0.264002244
-0.6576045513
0.7724521339
0.7443495288
-0.2990451196
-0.1592293387
-0.4440678589
1.551402568
1.06538485
-0.7325519055
-0.1988880537
-0.3267008949
-0.1077017108
-0.2264428712
-0.3083568349
-0.2180849981
0.3239721553
0.6493509393
-0.2603588641
0.2182206228
0.5750564151
0.6913319573
-0.03492455743
0.4645880971
-0.04354428346
-0.2073601041
-0.2275749387
-0.5037018754
-1.151294675
-0.04705116227
0.003410801105
-0.06035236847
0.2021836012
1.443357673
-0.8200654835
0.09240996558
0.456938944
-0.3379863307
0.3958500035
0.3337977939
-0.6204376392
0.151348668
-0.1040900921
-0.5018837273
0.02229688502
0.203719258
1.242455748
0.2252728246
-0.2985232227
-0.1383944269
1.788931006
0.07244043676
-0.3990950748
-0.5428544082
0.3522378692
-0.4063618869
-0.7086737797
0.4701414356
-0.1193037659
-0.1705317717
0.625581111
-0.0602625031
-0.3025224172
1.048656127
0.9765523612
-0.2375097776
-0.3384039193
0.05224654181
0.58826776
-0.285447076
-0.3067943271
0.3695620527
-0.5620478436
0.1514936967
-0.2280358188
0.5545779031
-0.3225498028
0.6604181036
0.6011742257
-0.5259986371
-0.6240695797
-0.3103477959
0.4578310382
-0.2087838987
0.611769411
-0.3883682042
0.6698459126
-0.5670293704
1.058896558
0.0433957549
0.1693892717
-0.1785143556
-0.08316768203
-0.3051169515
-0.03541599978
-0.1305614203
0.7060685754
0.7059517778
0.4535644442
-0.8804783762
-0.2876717918
0.1051388733
-0.195377228
-0.8917876154
0.9181391902
0.2103493429
-0.1836228656
0.8423416242
0.1670486657
-0.09410079527
0.6393124416
-0.04058791818
-0.4742620185
-0.1214426466
-1.179490125
-0.1214481637
-0.3584574662
-0.8649068683
0.6863557987
-0.6178852536
-0.3754322149
-1.110291964
-0.03804842643
-0.9216626137
0.1616759976
0.5876202263
-0.3276466709
0.3199335732
-0.1127628892
-0.2270204769
-0.2999527998
-0.4419828609
0.0671377968
-0.4182083778
-0.2353731222
0.3342787303
-0.08899982553
0.6127912857
0.1725866296
-0.7057539687
-0.4346282795
0.5552622057
-0.2765091687
-0.1428863365
1.054971963
0.1323152842
-0.1398902075
0.3410598485
-0.1501416502
-0.1576853029
0.01328525189
0.1223568764
0.4791951343
-0.6674855947
-0.4328781098
1.361170799
0.1125095383
-0.7132433176
0.2675868301
-0.9757145226
-0.3615607329
-0.3691114046
-0.8886564322
-0.856765753
-0.6052612588
1.173343435
1.237870268
-0.1178354076
0.1307547719
-0.3794541564
-0.1426960368
-0.2174826693
0.2846155962
0.500842616
0.0482761452
0.9283052869
-0.2604245111
-0.1306246197
0.07849779571
1.656515762
0.4440147899
0.3432635856
-0.5535887837
-0.9074461594
0.02490856983
-0.7345130354
0.4751531444
0.07714678962
-0.08779252358
0.08191541717
-0.4987443298
0.7533169761
0.3138311411
-0.3359604396
0.9660547465
0.3008096242
0.2491781812
1.108713706
0.4903500065
0.4469602376
0.7754622169
0.6890096888
-0.08665383961
-0.4436722249
1.572658664
1.420311007
0.6720080636
-0.4606068036
0.7379551016
-0.4016432248
0.02371951924
0.4755682426
0.6766814191
-0.1045980468
0.2089715255
0.1468604474
-0.1576722104
-0.1832262117
-0.2467950139
1.304915672
0.02398262005
-0.3727485649
0.9980121903
0.5271103166
0.2287800895
-0.8242951512
0.436350596
0.04649611288
-0.07862102687
0.8528706182
0.3087539025
0.9891223356
0.4068285016
0.3340815647
-0.05535746031
0.03195184516
0.05801868849
-0.6091518313
-0.1536344115
-0.7905321568
-0.06778028831
-0.4803822927
-0.1373381123
-0.2617215537
1.069179502
0.4617916476
-0.08603902869
0.38147668
-0.008915996924
0.9380230851
-0.02107763104
0.327391405
0.2707250092
-1.320069128
-0.2202104783
-0.6592288703
-0.6118946657
0.6294665679
0.1572408903
0.5925644951
0.07308733091
-1.010939598
0.2756974687
0.8624915291
-0.730970265
-0.3618348163
0.4876116827
0.3343828421
1.320770416
-0.9474584907
0.3596171198
0.236128328
-0.1470936228
-0.03164070342
0.001888069417
1.014857031
0.1263008656
0.7029357962
0.130992188
-0.6455869436
-0.8346272379
-0.4188881651
1.661361817
-0.06549853273
-0.06190362554
1.179799437
-0.2112943947
0.5220437422
0.16418819
-0.1404472481
-0.5445468947
2.047164123
0.7883706678
0.4388107788
-0.2377260569
-0.4823838428
-0.3977735931
0.4435389455
0.5045427258
-0.7639016747
0.4741867296
0.412159206
-0.1127845736
-0.4041269869
0.6524941381
-0.08719473667
0.5947013751
-0.5691328049
0.9406269178
2.573869637
1.140846489
0.09081128598
-0.619289051
0.9762196876
0.06797604635
0.07295584255
0.2530215863
1.156724948
-0.440932928
-0.4752506569
-1.064509401
-0.229004604
-0.6191620767
-0.01013858691
-0.3736116768
1.570967746
-0.1810379047
-0.0552758798
0.005169289233
0.1630063893
-0.1778358184
-0.5883878306
1.284770167
0.5236365072
-0.5702489361
-0.1127054265
0.9577612024
-1.354638356
0.9761347264
-0.05081506607
-0.1465702744
-0.4557011247
-0.05779111721
0.04935139343
0.1536654666
0.7526887953
0.4681829577
0.8186715618
0.1625577212
-0.00208094269
-0.9562697977
0.4706916258
-0.4990758777
-0.6251181714
1.189122082
-0.5803462163
0.2702932341
-0.2833173949
0.3044050069
-0.294621367
0.4961116854
-0.4888115644
0.6234395862
-1.213467866
-0.3854093067
-0.827332525
1.363408324
0.2312427326
-0.3860213324
-0.2235439539
-0.5946349159
-0.4793813244
-0.6240277112
-0.5498281464
0.2621087238
0.1904563328
0.6806754984
1.246006853
0.5435575556
0.4326748928
0.9833093062
1.392804217
-0.4874699403
0.08911016192
-1.062061399
-0.4654517964
0.8048627689
0.9939267889
-0.1570277704
0.9567759246
-0.5774170022
-0.1013782457
0.5966812015
0.3959336411
-0.7175169051
-0.6575242028
-1.679754645
-0.1822844222
-0.6445222616
0.5214339945
-0.1703393359
1.177017898
-0.4971038826
0.03514537336
1.310256749
1.393637389
1.66323195
-0.5696294025
1.940240534
-0.6890282899
1.047491872
-0.2167970382
0.1512035297
0.007695253193
-0.7293965518
-0.4871888295
0.1505859192
0.6541073136
-0.7825904191
0.07240197379
-0.1038471188
1.404115935
-0.3428464264
1.303304018
-0.1919087401
-0.1269555341
0.6051034831
-0.5792699397
-0.2519001018
-0.916211088
0.4828485221
0.8333368886
0.01397230551
-0.642482619
-0.05508821174
-0.3519416999
1.331317279
-0.7186020181
-0.6753383636
-0.236034359
-0.2055587927
0.4473135387
-0.5724936455
-0.4345306076
0.08121611476
-0.1914724568
-0.4508807451
-0.2657660611
-0.9712740839
1.167015584
0.001066714246
-0.1937487572
-0.1305013981
-0.4405690849
0.1872189629
-0.1566019641
-0.1711670607
-0.1865807626
-0.01639109105
-0.5118938953
-0.2926528648
0.5471584234
-0.5128157696
-0.7808106303
-0.1311609016
0.89111965
0.4793664623
-0.4785290584
-0.5607088044
-0.34500245
-0.3273355847
0.03921217714
-0.1812380465
-0.6140578635
-0.0676420107
-0.1008713858
0.2036782968
-0.1805580408
-0.7745704561
-0.6100284457
-1.47495335
0.9989408117
-0.8174173981
0.5874752715
-0.3503627265
-0.2682271473
0.2683330005
-0.1581116034
-0.02652210835
0.2117100234
1.073387444
0.08392461967
0.5521414138
1.558365421
0.6190497961
0.6203106675
0.8886710316
1.667316121
0.874681513
0.2760940308
0.5994330958
-0.09345192146
-0.0971078584
-0.01947043855
-0.4399886981
-0.4504958868
-0.006305134669
-0.4215591453
-0.5951844662
-0.4353619546
0.4256737074
-0.8891562849
-0.786592856
0.2342426067
-0.09923878424
1.143371492
-0.9771566808
0.03172771998
0.2535576697
-0.7453806117
-0.3870208427
-0.8498926327
0.02034429368
-0.5593105361
0.1569099791
-0.4546129346
-0.06888996754
-0.1926697448
-0.1083298074
1.093516779
-0.3509013928
-0.3464571096
-0.06325570829
-0.7772771291
-0.3821524732
0.4706569254
0.907353659
-0.2390753595
0.9294990122
-0.07162365168
-0.3250529371
-0.01926988624
-0.1032937847
1.241154769
0.08775332188
-0.1004849508
-0.005793471634
-0.713271565
-0.6226644173
-0.574750039
0.0152693538
-0.4194595575
-0.3033030257
-0.2661298964
-0.6383972496
-0.3206328526
0.05275658052
-0.349664297
-0.3360284597
0.6437799748
-0.3928095624
-0.656697838
-0.3994507145
0.4896002799
-0.04232325982
0.1549475786
-0.3993956044
-0.2716198787
1.325778135
0.09416284636
-0.1569045212
-0.5207146063
0.4585951213
-0.4436512984
0.5682930276
0.2024583724
0.2482415635
0.6277639493
0.1117209597
-0.1023538608
-0.908897683
1.238236943
1.054413377
0.6930391997
0.7098652594
0.838941941
0.4020696665
1.24630952
0.2256353599
0.1876846458
-0.3430086713
0.6827659234
0.01417098995
0.5994855894
-0.03774158484
0.3152446499
0.5167130264
0.2212081117
-0.8974380538
-1.009498942
-0.0213973267
-0.6859251082
1.255176209
-0.6963068083
0.6860081799
-0.8276076794
-0.135766568
1.041746643
0.2416408604
0.4301384337
0.2329437671
-0.08475757837
-0.2970163949
-0.3343878331
-0.4070017248
0.03387816753
-0.5149207855
-0.7135168046
1.141758342
-0.3447229043
-0.48207881
0.3656285689
0.3263307229
-0.7987838104
-0.3942154318
-0.6775602967
-0.4394180782
-0.8638307065
-0.1673402268
1.141284475
0.1563668888
1.192332029
-0.4293493137
-0.334801688
0.5119094241
-1.144397485
0.185000369
-0.5754425626
0.008751434647
0.063051748
1.020404471
0.6064781934
0.7472073272
-0.09124214575
0.2654040594
-0.01970487975
-0.2960589252
0.5883119408
-0.2294972774
-0.3023319297
-0.06640707725
-0.485881944
0.6229257807
0.4227156166
-0.4145848349
-0.06527711973
-0.9123154461
-0.2457690759
1.403826421
0.09142196998
-0.03818210065
-0.006728019007
-0.3083631396
0.6012127385
1.291861514
-0.1417311929
1.281100366
-0.6662800655
1.679678257
-0.03461850518
0.7184160993
-0.2694501407
2.265454483
-0.09301289879
1.687945994
-0.4384313136
0.9326495484
0.8230500877
0.1841788156
-0.007341335109
-0.1769215658
-0.2742212024
0.9661927089
-0.3291562729
0.6905235201
1.566139564
-0.4867931649
0.3607855846
0.881780199
1.604631494
0.8243956147
1.1921332
0.1169828318
-0.8671961248
0.04748963299
-0.2343953528
-0.04474193044
0.3975525329
-0.06849723421
0.6347462025
0.5070762046
-0.7105294898
0.09791689627
0.2192513742
-0.4363070371
0.1426772594
0.5954555921
-0.9151305601
-0.4610016175
-0.1675797462
0.3669777466
0.03583779335
0.648139292
0.3329557229
-0.4128050998
-0.1108625066
-0.4677024513
0.1449500082
0.1035549462
-0.4459566761
-0.009878324345
-0.3600238085
-0.7907786787
-0.01665609269
0.07026977143
-0.1403971881
-0.9585170448
-0.2888800327
-0.2493554879
1.393521389
-0.1292827522
0.5274291262
-0.2895142622
0.3642523151
-0.0691708751
-0.1142176744
-0.5212597847
0.4535619326
1.113672687
-0.3772210151
0.2514719785
0.1906571977
0.2388058512
0.1607778464
-0.2790715545
-0.3309195817
-0.4665895864
2.807585092
-0.1412801873
-0.1220602807
0.7387773484
0.02376125064
-0.03722808529
-0.3123438969
-0.3527960749
-0.7527896941
-0.2677987754
-0.02505812021
-0.4657160502
1.183208345
-0.03158919215
0.7611864358
0.3640717424
-0.9142160207
-0.1660489006
-0.6691193849
0.1808830337
0.07675341181
0.7030171126
0.05979345981
-1.197605316
2.338710518
0.8575831339
-0.7506755784
-0.1571067646
-0.3531414784
-0.5823184997
-0.9718627989
-0.05268363208
-0.2673092492
-0.09667657577
0.5001526456
0.6220356189
0.9500798255
-0.5532793373
0.03109887764
-1.122546071
1.186008947
-0.1678041073
-0.05536126974
-0.001623484958
0.5862591468
-0.03032684098
-0.3282695442
0.3732510332
0.07107598595
-0.475972157
0.5879895575
-0.3336747494
1.140426986
-0.2743355235
-0.493755582
-0.4324003741
0.8652112901
0.13610418
0.2993440769
1.257246099
0.005280082533
-0.2632629022
0.5660706427
-1.60822936
0.07887929152
-0.3837210117
0.4470075946
-0.8031600654
0.2882919227
-0.06350817978
-0.0791133441
-0.1314577758
0.105400334
-0.4898874313
0.3561512306
-0.3655925976
-0.3688147448
0.08202668214
-0.2401053548
-0.846241039
0.5483111642
-0.5111826017
-0.8046812892
-0.8405185074
-0.2132428039
-0.4672560349
0.3729844594
-0.07630024827
0.006054986687
-0.0382790165
-0.9915652588
0.4521318986
-0.2523445114
0.04917603438
-1.279425427
-0.3278541718
1.130701271
-0.1089684672
-0.2670377523
-0.3978754193
-0.2987075627
0.2909621406
0.4690676235
0.1858684223
0.6860185266
-0.1846278556
0.8989517398
-0.01386999786
-0.009571825759
0.4876828387
1.433880836
0.7643450581
-0.4614894241
0.2474488745
1.328359959
-0.2238622021
0.6898600996
0.04880681881
0.4676985072
0.9208152601
0.9394923434
1.540297629
0.3159807984
0.980073306
-0.2787173145
-0.3031452775
0.2387768419
0.3258683305
0.4302432619
-0.09235230754
0.03208186161
0.2378364639
-0.3628771014
0.9994389966
-0.1833730072
1.655243918
-0.1050014759
-0.314340711
0.204838643
0.04177808012
0.5283191938
0.9997684523
0.1066918284
0.5171947382
1.057706988
-0.4883694209
-0.08937137472
0.6510109916
-0.6879797637
0.3672550771
0.1071566963
0.3581677544
1.315458333
0.2027357527
1.174346261
0.2159200049
0.2339815024
-0.9208627075
-0.01459910311
0.1074946489
0.03160765278
-0.6163047969
1.020449537
-1.150117105
-0.5213767931
-0.5646915458
-1.230674167
1.146218607
-0.2305194285
1.181415367
-0.6125410423
-0.082694095
0.9098403253
0.7760398291
1.101294931
-0.1364508722
1.632518394
0.4639409699
0.5044776158
0.7043836895
-0.1053867552
0.08531561466
0.7877370112
-0.5111270055
0.2583655916
-0.6048883006
-0.5100417569
-0.138248089
0.8459085718
-0.7406901211
-0.04117019284
0.4971068799
-0.9033096641
-0.3871193849
-0.2917466581
-1.125726198
-0.3526006456
-0.0998774359
1.088061137
0.159427078
0.08444012497
-0.3338528708
-0.2039082799
0.2113293871
-0.2499326353
-0.2081365719
-0.3753039408
1.287612963
-1.174895757
0.4572267041
-0.2082105748
-0.05091216732
1.076699579
0.6869498512
-0.1450003495
-0.2505033299
-0.787528713
0.6323768727
0.08732647803
1.134369542
0.6804991417
-0.4474005096
-1.013985959
0.01643009726
-0.9790930539
-0.1247278318
1.383109015
0.54963606
1.042224029
-0.1363956908
-0.2116747528
0.1176467093
0.08564872406
-0.8606041849
-0.4672185391
0.7495405242
-1.200997099
-0.4825103
-0.3409766257
-1.075524899
-0.8882661909
1.066668878
0.1937234975
0.04033527793
0.3875547451
-0.3402382299
0.4599690013
-0.7544722706
-0.5729417741
0.8634708129
-0.5183376595
1.321941829
-1.076400325
-0.5224739969
0.2000584237
-0.4799333058
-1.027387846
0.5984490946
1.506360017
-0.2431303069
-0.6089853887
0.7480492942
0.1547027503
-0.2142367553
-0.4241586864
-0.6997353941
0.1210510948
1.235310286
0.01506569665
-0.3883840278
-0.6461387739
-0.4600703299
-0.5439068198
0.9032699447
2.281599729
-1.351744068
-0.1319726915
-0.2629381903
-0.4617880613
0.8517840691
1.347277115
-1.482384339
-0.6871643677
0.6211458318
0.261828528
-0.1415292758
0.2645397529
0.5895756193
-1.027321693
0.3752053598
-0.3152449995
0.2560028117
-0.375278464
-0.3909804951
-0.4005330086
0.5719312027
0.9151976217
0.2374557021
0.02659342936
-0.02597484551
0.2597445276
-0.7780065566
0.5057118125
0.1896324634
0.2413496751
0.3018996457
0.5883613467
-0.3397307966
-0.9049268723
1.061555967
0.8250172466
-0.009905378707
-0.1147097657
0.1869695882
0.899831941
-0.6777326733
-0.8848410308
0.3419876168
-0.4268114105
0.8592036501
0.8103242671
1.090869623
-0.422735551
-0.5547831744
-0.07051475644
0.7552529022
-0.4584694147
-0.130609503
-0.8126995414
-0.1984785847
-0.004873111099
-0.2538927093
0.1318580869
-0.3707634933
-0.336007224
-0.2095952805
-0.6750938788
-0.2062896296
0.9377797468
-0.3882983789
-0.04788376102
0.3112081712
-0.3906104714
0.6408104669
0.3059050919
0.796833241
-0.8256399363
-0.1029129166
0.8442054667
-0.7160616964
-0.4333189003
1.297901648
0.7547754508
0.7590390541
-0.1845930571
-0.5401455611
-0.090665197
0.6584479548
-0.6841777116
-0.4936229214
-0.01502143927
0.8220504269
0.3247856278
0.2400189847
0.5241249755
-0.4674109466
0.2992719969
-0.3013283461
0.9336953819
-0.8098197311
0.62454115
-0.3553792324
-0.4780612975
-0.6404590994
-0.5018126577
-0.1725121953
0.3935330767
-0.2285916036
-0.838779068
1.149717449
-0.870106861
0.1360757686
-0.002394153108
0.01840674989
-1.013281041
-0.2186247766
-0.2325013008
-0.03303124513
-0.4275394253
-0.0355043238
-0.5667405322
-0.3971213523
0.3798774464
1.361126316
-0.655391705
-0.2666424923
-0.4575523794
0.3313727532
-0.3476412512
0.5398908744
0.4247895057
-0.1866791502
-0.3855875812
-0.6325746521
0.1081346736
-0.9873385966
0.02211009728
-0.1413160633
0.9648472719
-0.8301859796
0.3444532454
0.3814520558
1.034794615
-0.1203225292
-0.9651785433
0.2272587657
0.7076523829
1.439510616
-0.7103503406
0.5083373247
-0.8363816477
0.07199717574
0.06156552024
0.1961819626
-0.04394659568
0.0156655659
-0.2309705351
0.6991396748
0.03426710404
0.165203553
0.01326695974
-0.3663028494
0.5897429988
0.9781764746
-0.1680190239
-0.8669921547
-0.4951770052
0.2234924232
-0.6079687148
0.1156235681
0.8162990373
-0.1789911287
-0.1636121221
-0.6729484499
-0.3774482623
-0.1974618332
-0.6804924816
-0.5794783741
0.2297738073
-0.3499359708
-0.7215318233
-1.075515571
-0.4935280412
-0.625579083
0.06674908604
-1.056797066
0.1454562151
-0.7500555173
0.3244264986
0.05865671933
-0.6632653654
1.450781916
-0.4387093686
-0.4353803053
0.265983551
0.02930457257
1.161052068
0.2707587693
-0.3496630726
0.07205647733
-0.1908899896
0.1939185926
0.00712090102
0.2083012411
0.01480165645
-0.3460457698
-0.113010543
-0.1293200251
0.1140715524
-0.4210947789
-0.1648491403
-0.1201330895
0.3466611709
-0.9087509453
0.2680526357
0.6977671819
0.9571636017
1.439636202
-0.1953058524
-1.089046985
0.2932620887
-0.8558557644
-0.285057582
-0.4954102121
-0.05133362897
0.3214484934
0.2244286297
-0.2240981583
0.5501763619
0.4680195104
0.190847256
-0.394966279
0.04990612864
0.03122564368
0.06219875471
-0.009054642916
0.1078667566
-0.1908303678
0.5970139384
-0.5580812842
0.05575797544
0.5915374771
0.7840969883
-0.1366158418
0.03134165378
-0.2322637681
0.2136867519
0.1386650268
0.1869110186
0.7420754746
0.4654455304
0.5938948054
1.273004454
0.01243011355
-1.025207388
1.200807962
-0.393222338
-0.2132783338
1.063680176
0.01787446029
0.9721434787
1.200368237
0.03118901607
-0.05904140724
0.3666762889
-0.1509940449
0.6207074018
0.9292108305
2.230739841
0.3918731276
0.3608144935
0.8240408227
0.8175944421
-0.3352672309
0.990265435
-0.2226850688
0.06742493063
-0.3699861027
1.084256774
-0.1363456283
0.9593658626
0.08226235211
2.748155738
0.9237484232
-0.9369059265
-0.4926687822
0.2056933604
-0.5193356484
-0.08449483402
-0.8417204559
-0.542286779
-0.09101823438
0.6231680542
0.8334463532
-0.6543230936
-0.7473531395
-0.01679348424
1.1960131
0.3521186685
1.713336432
-0.4145233206
1.2673768
-0.06418178938
-0.2311587924
2.136141458
0.6560560998
0.9937547524
0.4658555947
-0.09975116942
0.9698696882
0.8427835435
1.482405613
1.365513307
-0.005478732847
-0.1176577318
0.4531997926
0.2304019633
-0.4495331019
-0.001234108396
0.7765713394
-0.5696660435
-0.3795014434
-0.6074453466
-0.8217643082
1.812444521
-0.3575904548
-0.04931193157
-0.4629230961
-0.3892876752
0.2661795527
0.4139182426
0.1776337612
-0.2152333854
1.012521275
1.372979546
0.01426927075
-0.05940966178
-0.2067740795
-0.07837769734
0.4347832523
0.3073349049
0.8650219753
-0.3586364314
0.2292000171
1.70055095
-0.2952697858
-0.01953330552
0.2915020959
-0.130989681
0.1629913726
-0.3035233065
-0.2460366689
-0.3216060653
0.3480220493
0.9105262294
-0.3506664559
3.068324038
0.2282242646
-0.1347317278
0.03918748847
0.344399336
0.400282478
-0.7688121438
-1.227228993
-0.372876244
-0.5582508788
-0.3453664836
1.854100689
0.4867302224
-0.2457817417
0.06872544666
-1.114152217
-1.239303389
-1.007192239
-0.4280220427
-0.4542834029
0.6019810328
0.5043875135
-0.4702317297
-0.3837256141
0.0296844881
-0.1939725152
1.124020759
-0.3196927913
0.239705722
-0.6010840237
0.3158012541
0.234893951
-0.07642997652
-0.2086904097
-0.02297964133
-0.5260191977
-0.1250015857
1.344890482
0.6282487188
0.0467304657
-0.1008562949
1.006699868
0.2879834078
-0.447967213
-0.4833246246
0.4062240347
0.2646497775
-0.1015225543
-0.4480724022
0.9936389683
-0.3985806048
1.24264162
-0.1157391144
-0.576846157
1.412517887
-1.017055276
-0.2475061052
-0.1468000639
-0.2412552372
0.9053430207
-0.09449588824
-0.1420915745
0.001660082489
1.038541649
0.8869344361
0.5316475943
-0.3305466471
-1.133732843
0.3770461049
0.455573887
0.6923860831
-0.2143570285
0.5319259286
1.054894499
2.24255648
-0.1683401776
-0.3244601935
0.2462140748
1.350560705
-0.03284887634
-0.1090845235
-0.8306139126
-0.141221747
-1.376268789
0.5839308623
-0.9536726028
-0.2800995529
0.1164755639
-0.2972919621
-0.01338353716
-0.3565363251
-0.002304926142
-0.2404701723
0.2508617928
0.5232574962
0.0003718368709
-0.1269266838
-0.1890758578
1.345005492
0.02188657564
-0.2620806523
-0.4675572351
-0.1612004004
0.1744009016
-0.4468681529
-0.01599991415
-0.01790551227
1.406539309
-0.0946113728
0.1407733839
0.01761628897
0.4312742711
-0.5797752246
1.194399105
-1.262064257
-0.2212723222
0.03156489041
0.1657357366
1.673296505
-0.1010833612
-0.4755644199
0.06730428971
0.1087463142
-0.1792966254
-0.9147249728
0.4195744343
0.7610780299
0.7175292581
0.4532873425
2.17930795
0.4835030213
-0.3627326764
-0.8629641414
0.913763658
0.999902162
-0.4880167693
0.4909532871
0.2524832321
-0.1750227991
0.4845046647
1.054791819
1.059303923
-0.1261928926
0.1869272891
1.407577889
0.1289952364
1.426886153
-0.1523784013
-1.067286286
0.7407661527
1.512027197
-0.6715774611
0.3080810832
-0.4001594208
0.7801681191
-0.2694605768
-0.5436018065
0.849980735
0.3733984563
-0.2513476193
0.3875448942
0.05222188048
0.8177545376
-0.09399845414
-0.07646472747
0.1111160573
1.121103333
0.05787003152
-1.196085358
-0.9086075723
1.26102331
1.062601209
1.233399874
-0.2464938559
-0.9961142242
-0.4199337333
-1.01795491
0.1243648889
-0.09260548241
-0.02746743448
-0.5423448741
1.108326245
1.245491903
1.238373131
-0.9903250426
-0.3553987183
0.9744342513
1.105790515
1.638400696
-0.0793803148
0.7789413247
-0.9165985405
1.076745013
0.4551611263
-0.0983537212
0.2925044446
-0.5060499385
-0.425518493
-0.5647811987
-1.204017788
-0.604417257
-0.1997291073
-0.123291439
-0.1794969623
0.5393942975
1.340528247
-0.6804313108
0.1996136487
0.1547151661
1.597665553
1.146333366
0.8906606928
0.209769777
0.2916265793
-0.328050708
-0.1531625928
0.4740523905
0.04486480239
-0.2201413028
-0.7672813058
-0.01051368378
0.4054999515
-0.7623541683
0.578304024
0.1456715769
-0.9384557873
0.4027087267
-0.1026094638
-0.2278164275
-1.008590202
-0.3464779349
-0.808402127
-0.9444106698
-0.6044608042
-0.818874675
0.2152677409
-0.8057022154
0.3013205066
-0.7122283414
-1.018405646
-0.06001333222
0.1997419829
0.2421657294
0.07059217151
-1.001067585
-0.9054161847
0.6317837449
0.3076596573
0.1693506344
-0.2237974573
-0.6470845088
0.3943402275
0.8382442802
-0.3159850091
-0.957964316
-0.6237531036
-0.7623878121
-0.4997032031
0.4386741979
0.4495808847
-0.5024759769
-0.1823044132
1.685836644
0.4138580972
0.2915420709
0.233204243
-0.9010362297
-0.1637652107
0.8450975783
-0.4082414854
-0.3298221827
-0.2529203016
0.4022727543
-0.02190100439
-0.1135043893
-0.5043500081
0.05715144537
-0.01490226761
-0.4817509174
-0.2143192802
-0.2098144807
0.2260480359
-0.9780330956
-0.9545628846
-0.9626732588
-0.1452552684
-0.3964095026
0.02295216471
-1.062921613
-0.3022309717
-0.3937812299
-0.431227193
0.5276122895
0.4580917411
0.4844948867
-1.028922221
-0.7771793395
-0.07602308113
-0.9645312816
0.03519373694
0.2886958117
0.05513284095
-0.1926853413
-0.2888780612
-1.128500018
0.4783919113
-0.3889998363
-0.7631116733
-0.214519982
0.5382915899
-0.324026873
0.4307768445
-0.2131096851
1.224845037
0.3887153855
-0.37914197
-0.3144762158
-0.5974012509
-0.4553694636
0.784125413
0.2230919362
0.210300862
1.396480086
0.7005466411
0.005480240192
-0.6018278286
-0.3807943773
1.13752298
-0.5451710433
-0.04717083331
-0.00863455208
0.1013612589
1.251437405
-0.8201151893
-0.1491168501
0.1695434215
-0.9961291134
-0.07091814782
-0.1955065917
-0.529273814
-1.430009305
0.1183028525
1.970153856
1.035962197
0.5264318947
0.04428214394
-0.939591077
-0.6279619768
-0.504399775
-0.2418025704
1.149172845
0.03809954014
-0.1151979176
-0.33165964
-0.3370489921
-0.3828643277
-0.6653941005
-0.8806403011
0.307901493
0.1023673229
0.778471449
-0.6391040459
-0.4738146342
-0.1021037482
-0.5108309805
-0.3765246375
0.5040156966
0.1968968178
-0.1075409245
0.9921386689
0.3532418221
0.1808754614
-0.4277801037
0.3205063283
-0.1505072251
-0.09510037974
-0.9139303446
-0.4008432284
1.016319328
0.6361562241
0.3036734774
0.2547675595
-0.194976373
0.2813407707
-0.133999283
-0.2425559641
0.01230798629
-0.1533198513
0.3968338285
-0.3024034716
0.02658444755
-1.152277306
1.01944396
-0.1907680392
-0.6862392738
-0.2003561147
-0.6115114674
-0.5575854875
1.362739889
0.1121861663
-0.04855598453
0.3083637314
-0.6254069179
0.1238403052
-0.8078916013
-0.2350615382
0.1641632774
-0.1213793457
0.1157769717
-0.1129264858
0.2898251106
-0.8701657459
-0.3267457053
-0.1121484162
-1.038356522
-0.916528973
0.01842073118
-0.1947648311
0.07076522221
1.141070221
-0.7349381298
0.4803275652
1.959753837
-0.8838841796
-1.09416227
-0.2356852487
0.0602715943
-0.05351720061
1.006646648
-0.6119271234
1.896112531
0.05837402418
-0.9782420769
-0.2882079609
0.172221591
0.6719248392
-0.367002067
0.6190282807
-1.021861255
-0.5465844885
-0.8676318854
-0.2953329019
-0.4905528978
-0.3618077591
-0.8254135072
-0.853314659
-0.3892033793
1.528970642
0.06061160378
-0.5703515381
0.9635354146
-0.612192741
0.168925292
-0.9880255282
0.6266823195
0.02713129111
-1.009039944
-0.6596843578
2.215410458
-0.6765857846
0.09269714281
0.5954814931
-0.2397459665
0.05311350841
0.9971371107
-0.01358960019
-0.1993872479
1.81343476
-0.06171030328
-0.5896945342
-0.4815878198
0.1323958888
-0.1539858134
-0.3365806162
-0.1731873225
0.341939579
1.078513853
0.03779290393
0.2165964657
-0.7826248854
-0.03069210052
0.5005390879
1.337955308
1.261060831
-0.004281329899
-0.7225113511
0.6650911227
0.05790552404
0.1949667915
-0.3811296634
1.211628184
-0.1007417416
0.6470721819
-0.4794203281
0.600007645
1.301660278
-0.428049244
-1.344422299
0.1962267992
1.882969201
0.1092211286
0.0742493365
0.5816110712
-0.4885700956
0.8135976464
-0.002076831833
0.01155653037
-0.7288293287
-0.6310699418
0.4673340611
0.3819786433
0.834789424
-0.09520323928
-0.5852525575
0.702781599
-0.3385961423
-0.08910068087
-0.2168858632
0.06564928386
0.02713186997
0.01202241655
0.07867079191
-0.2835634517
1.125899765
-0.8875447273
-0.5783209845
0.4483453872
1.41055837
0.07822055453
-1.168139255
0.4117795182
-0.06886777263
0.6551108193
-0.4998311069
-0.5092089906
0.7342403844
0.01197265461
0.291287376
-0.5742931515
0.1669858342
-0.01593650803
-0.5274926946
0.5072705068
-0.2803858573
0.07127037756
-0.226523266
-0.9260445133
-0.7080789611
-0.3566350535
0.4158077758
-0.203303881
0.7294607878
0.4154433057
1.207359948
-0.1015870472
-0.1848630581
-0.3594874755
-1.057719851
-0.5105599239
-0.582618694
1.227106988
-0.4477608606
-0.3567303337
0.8630074989
0.5550410334
-0.2413264416
-0.07977558542
0.8856339369
-0.4461812824
-0.3338815534
0.6110425403
0.3309003534
-0.4357926369
1.502120065
0.01959175058
-0.71255472
-0.2010239717
0.196525226
-0.1061116083
-0.3577610128
0.02291692812
0.2766803812
-0.3743392482
-0.750232783
0.1074795741
1.272856244
0.459715882
-0.3075246058
-0.3130094863
1.241248633
0.6302183453
1.096135077
0.6712141141
1.1776436
-0.8410125017
0.8751023695
-0.3237421036
0.2681490272
-0.1077686956
0.4391185526
-0.6125833213
-0.6368447244
0.2085317463
0.6176129252
0.4843395218
-0.09798022099
0.6094851613
0.1217270182
0.3831790703
0.3796852197
1.626494525
0.4129724301
1.375121405
0.4260685196
1.068175772
-0.5461918071
0.09607453732
0.1957620859
-0.270232049
0.09513095804
0.6891639113
-0.6172879443
0.5218225352
-0.1239841923
2.273328342
-0.0513024339
-0.4688894399
-0.06707975194
-0.768570751
0.2019649308
0.5001320668
0.7122197352
0.5108547848
0.7499360912
0.5685927201
-0.1325013304
-0.2788974464
0.6366986904
0.0364901342
-0.4827663861
0.3535047909
-0.6267367944
0.4804388061
0.6669236794
0.76545109
0.8084586129
-0.06875021309
0.442830719
1.436933541
0.74302302
-0.1110155538
0.842302914
1.168789257
1.081462731
0.2264183784
0.3896139946
0.3126731261
0.1539710351
-0.5777214929
0.7368647851
0.5879645301
-0.02576011615
-0.7474802569
0.3475552662
-0.3110458069
-0.4730667904
0.01194854816
-0.8289137095
0.8513845511
-0.4638333291
0.9864441358
-0.5654070199
-1.444574124
-0.305088114
-0.7725464344
0.196272029
-0.0151870437
-0.008743634634
0.1793446747
-0.301791282
-0.02569037224
-1.162756842
0.01758157238
-1.041381404
0.5280965136
-0.3199910484
-0.2490843564
0.8634408209
0.5765202828
-0.2214512378
-0.1977405267
-0.8434126198
-0.3464636099
-0.2004386615
0.6705432087
1.173451206
-0.5153788686
1.085458463
0.3614778761
0.9270958886
0.8931576025
0.994272171
0.7070830256
0.1452078006
0.2879319252
0.9133815859
-0.1590084225
0.1170245348
-0.1604880767
-0.2930484623
-0.5237262204
-0.1989443399
0.1933975156
-0.7469559193
-0.1304734223
0.1190092692
1.314040664
-0.6279268831
-0.6332531929
-0.283283826
0.3747489981
-1.005059338
0.699237296
-0.6209390938
-0.1581797704
-0.03027269826
0.07208681968
-0.05281656981
-0.4111672111
-0.204206435
-0.8986241311
0.00311391186
0.1523432227
-0.2579806283
0.2532673178
1.220815866
-0.217284346
-0.6845610127
-0.4033552207
-0.3042948753
0.7400158942
-0.5362366885
-0.8135248706
-0.417300202
0.1636518324
-0.4193211526
1.206861274
-0.7030708984
-0.1756638357
0.6493565172
-0.3741209537
-0.4050283201
-0.6190366939
-0.4263673589
-0.1101802413
-0.0572115561
-0.095536476
0.2961237775
-0.6517607778
-0.6038256392
0.2050072893
-0.2797188401
-0.7405854702
-0.08814165564
-0.331819687
-0.06434009243
0.5816354875
-0.3272206604
1.083979796
0.4571084842
-0.319872193
0.3450007506
-0.2830963913
-0.9596560597
-0.260625523
-0.4296565507
-0.2750025809
1.723616272
-0.00600279374
0.2011247028
-1.052973682
-0.5699433416
-0.5874923274
-0.3502628356
0.5807131827
0.5771319106
1.384628132
-0.2214130869
0.04997028923
-0.4237286568
-0.4022173271
1.158137092
0.8826700624
0.5770570248
-0.6683564425
0.06186207971
-0.1951051977
0.1518662713
-0.01530335136
-0.3982944235
1.21014981
-0.132833579
-0.2282362908
-0.3313070402
-0.2375819683
-0.3433988117
-0.9607066184
-0.4902250543
0.850613939
-0.2992021926
0.07930204952
0.2298108695
-0.4171049297
0.5326744907
-0.6577188671
0.1133748885
-0.5968289018
0.6978233948
0.473732649
-0.5808374055
0.05876407698
1.140655538
-0.7867530793
-0.3492916808
2.171960489
-0.4846120954
0.9091513991
-0.316670455
0.291344325
-0.6780939236
0.274113874
0.3816922233
0.6535069406
-0.6986635625
-0.01792264879
-0.992387715
0.3560789766
0.8852758527
0.1019978913
-0.4318774208
-0.3921921752
-0.2617978487
-0.3154446241
-1.023956844
-0.4861161247
-0.1010236604
-0.6907227755
-0.8436214387
0.3345274428
-0.2301547352
-0.4093224511
1.032914843
-0.2938792676
1.074952149
0.3444789762
-1.520639434
0.7004381664
-0.2154098883
0.4921259444
-0.2606284127
-0.8749520242
-0.1182391779
-0.5335010365
-0.3737634396
1.212391381
-0.9450846195
-0.7194906667
0.3198907929
-0.7225791335
0.213693573
-0.2102967884
-1.279957512
-0.5604782715
-0.7857333004
0.2850770261
-0.3150449798
0.04048937694
0.1048346996
0.1760753917
-0.2670465074
0.3729667025
-0.5135145009
-0.3337820016
-0.3397205302
-0.5351391509
-0.6397034317
0.7811607145
-0.0005795464851
-0.5583436206
-1.226826972
0.4755293226
0.5496563582
-0.1949774131
-0.6363223881
-0.491572842
0.6768122802
-0.432350719
-0.6296478689
0.0540678439
0.4794065207
-0.1913679689
-0.9020171672
-0.7749760479
-0.2564947501
1.474305908
-0.9210455954
0.6035338718
-0.4853989109
-0.2929749213
-0.1224504082
-0.08679685183
-0.7117086753
-0.05721059795
0.2258598874
0.1093435977
-1.253540149
-0.6183545347
-0.7119271427
0.9368132852
-1.334870407
-0.9726940483
1.138516121
-0.7252837434
0.08650887562
-0.4735881861
-0.2808035895
-0.3971762061
-0.5316270083
0.8507303543
-0.4871749774
0.1013982082
-0.4162965924
0.5531429373
-0.2510020286
-0.7045076251
-0.01996657569
-1.35613645
-0.3027587488
0.2703780357
0.1363472211
-0.2297941647
-1.279050454
0.3241525322
0.3068791739
0.8998081475
0.5577318098
-0.2051772349
-1.297168654
-0.658187741
0.666421055
-1.009061536
-0.4563097373
-0.1701877687
-0.4207957275
0.2996590691
-0.718759647
-0.07027523052
0.6768427638
-0.8537447155
0.7129511243
-0.01307433676
0.8591467625
1.403656736
0.8573078193
0.01027878486
-0.0485752441
-1.491415589
-0.8399373904
-0.2905946454
-0.03351046517
-0.04321854506
0.1242448209
-0.3522586614
0.1273623079
-0.4231395997
-0.9360602632
-0.7748497039
0.217050109
1.027810162
1.525720465
-0.6516745836
-0.4250744708
1.647180703
-0.5979417667
-0.1927876443
-0.2363967281
0.1463380391
-0.803428942
-0.1987734327
0.08623396112
0.04138516355
-0.4275720924
-0.3820649818
1.075537992
0.1218391365
1.280753085
0.5357140534
-0.1283996664
1.466006616
-0.9674879104
-1.155268627
-0.7916033864
0.2313833773
-0.9396466821
-0.755481565
0.2424672378
-0.3445643142
-1.066132268
1.222721907
1.142808138
-0.3317798384
0.1669728665
-0.0987796424
-0.2244271189
0.1517662427
0.03499827348
-0.2891891108
-0.3423191324
-0.05889078081
0.2482944325
-0.2275798999
0.8122110886
-0.2690394554
1.99640407
0.6001727644
0.2926704904
0.7863267772
-0.2954170048
1.517327376
-0.2223744977
-0.5216775656
0.1522558562
0.6635749586
0.05906273257
-1.193204889
-1.006796974
0.01999531556
-0.6139258742
-0.985123685
0.6861039579
-0.07533273366
0.7110022962
1.291785762
-0.3271242455
-1.004677972
0.408613769
-0.3982470915
-0.7462630436
-0.1452375174
0.4477819031
-0.6416429862
-0.03031953368
-0.001595287304
-0.3329218417
-0.9062076151
-0.9415889472
-0.5492431387
0.9172919795
0.435703012
-0.4853659615
-0.3243487068
-0.2147434834
-0.3375645146
-0.3576428905
0.9309443757
-0.08051290829
-0.5988964401
-0.216289388
-1.017963067
-0.426980032
0.8848716951
-0.09238424599
0.7760110385
-0.5442395078
0.3512627956
-0.8998207331
-0.7214193285
-0.1197177391
0.04080864806
1.322507554
-1.390198269
-0.8309210449
-0.1129476756
-0.01790996902
0.7671353005
-0.9550925955
-0.2480096199
-0.1964815848
-0.7419287384
-0.2725363009
0.8021098539
0.002074664133
-0.73586514
-0.04662139229
-0.282876046
0.1885040604
1.858331704
0.9717191383
0.6337004994
-1.187138507
-0.8858610421
0.3953501888
0.717643686
0.836719789
-0.7744069949
-0.2121923387
-0.2068446066
0.09929988906
-0.8365598202
1.350142065
-0.1418212859
0.009531710669
-0.5016047686
0.4475307394
-0.6706162825
-0.4685927503
0.4744094774
-0.07105594054
-0.1814598855
-0.2944506206
-0.5667308629
0.5219934467
-0.4851056486
0.05858311737
1.066476489
0.2097671928
-1.444705874
-1.124080721
0.670753574
-0.06960101873
0.6715626538
-0.6682878509
-0.6025586039
0.8079159059
0.3322932368
-0.330698587
-0.576592356
-0.9287437826
0.5787792072
0.02919881828
-0.09623059649
-0.9149861097
-0.1712196883
0.9349095613
0.07105256189
0.2431868684
0.02665338786
-0.1492867745
-0.3681670306
0.989985247
-0.9229950458
1.001201262
0.259844327
-0.01922501065
-0.1255080342
0.2443038415
0.5379126007
0.1093236197
0.1082869246
-0.2544899931
0.5573032827
-0.4761000767
-0.1492626727
1.319604294
-0.8783381432
-0.1511413489
-0.4491747163
-0.1204388212
-0.8772726089
0.5157488447
-0.4522141386
0.7216127608
-0.5324068978
-0.8573934779
0.2794624033
-0.1621957563
0.0470271321
1.079421518
0.0491857456
0.1393923628
1.23046286
-0.5277101625
-0.04670486674
0.7814391814
0.04075345979
-0.1108969916
-0.2844359487
0.1709893024
-0.4865753442
1.203502887
0.1026932435
-0.1244736305
1.444685259
1.476616307
-0.1808868427
-0.02385762595
-0.9548192829
0.8417156741
-1.072890246
1.511444437
-0.9252190113
-0.9890731454
-0.467628973
0.235060773
0.06801214032
-0.724608317
-0.3165737487
0.6025790025
-0.4642104149
0.07760143955
0.03164448198
-0.7449665248
-0.4937646016
-0.9520516932
-0.5066689119
0.0552785154
-0.2453527762
-0.6602636531
-0.6458823681
-0.7827176899
0.698301962
-0.8691580877
0.6229760919
0.5157835047
-0.7027832747
1.225029876
-0.2530183844
-0.3460041471
-0.1463647781
0.2480311122
1.033064159
0.4304198963
0.3097146386
0.4373811517
-0.5705354184
1.281380862
-0.03281939722
0.1642596539
-0.2971790189
1.714651832
-0.7463916346
0.6367060199
0.2615948096
0.9726339987
0.08095640829
-0.2599593338
0.2985086624
-0.5825477123
-0.4132588677
-0.3043235704
-0.9274497598
-0.3414665036
0.5743576623
0.06536353547
0.5462339848
-0.7168929592
0.1197609205
-0.5491306677
-0.9943423897
-0.6383409306
-0.1589529719
-1.262161401
-0.4958054975
-0.6564855844
-0.3414047882
-0.518948549
-0.9298130631
-0.1640391504
0.4439429097
0.2196654297
-0.06801853534
-0.2274815865
-0.2926473889
-0.8885313198
1.07385807
-0.1163619235
-0.6020314187
0.586435324
-1.225644338
0.6923159115
-0.04309741594
0.01385328881
-0.3599021003
-0.3917186879
1.471502306
-0.2931426894
0.4533710234
0.2585236929
-0.4812377378
0.4998229183
-0.07977923392
0.4481773224
0.3853404973
1.194969552
0.1928951149
1.60204002
0.1306274939
0.4160197094
-0.05988547653
0.9848334819
-0.2010348421
-0.3877017617
-0.0003826223314
-0.1113103151
-0.5939049442
1.019973193
0.6578681983
-0.6215869963
0.08455019332
-0.6607483581
0.4378680684
-0.4404397428
0.7901952703
-0.01622964758
0.5640170151
1.43526026
1.309996031
0.2381615925
0.93080796
0.006519422587
-0.2807458661
-0.6042631522
-0.7002160966
-0.2656430259
-0.4654746324
-0.2196537919
-0.5431461193
-0.3292988338
-0.6215612732
-0.4618521176
-0.293776552
-1.216151017
-0.4237385407
-0.04954795819
0.6565863229
-0.5849406585
-0.5782711148
0.5401215814
-0.1384577192
0.224647441
-0.6086825401
0.2204441203
-0.6470514476
-0.0497315269
-1.108249673
-0.7934394568
-0.8699195921
0.09607234863
0.8357920848
0.8883485407
-0.08391085323
1.401461181
1.579473239
1.135793081
-0.2005146833
0.4529849719
-0.6101994956
1.725526101
-0.2429765884
-0.5858883053
-0.1978239827
-0.3877197817
0.4938650595
-0.5169099867
0.2402987815
1.183229789
0.571454785
-0.2904381976
-0.7178874463
0.4347367193
0.07949726731
0.3911898244
0.3498103028
-0.7522181436
0.7127871484
0.2487272963
-0.7238340471
1.234358482
0.3519941662
0.1267087149
-0.3214847166
1.254685065
0.4504297115
1.572093622
0.7855103008
-0.6048195258
-0.1898401219
-0.9439544111
-1.011509076
0.1269063326
-0.7992559999
-0.4620034873
0.383759982
-0.1898497932
-0.5914354071
1.194458125
-0.3855099879
-0.3403326042
-0.06455489825
-0.08322305456
1.042320497
-0.06760428809
0.5773800164
0.273845675
-0.8387126863
0.8338432524
-0.1517029315
-0.3291852776
-0.2336879227
-0.4330274455
-0.7573968023
-0.529042387
-0.1775295053
0.5356459692
0.637786597
0.7332182858
-0.1789230552
-0.2069201656
-0.5982038021
-0.2398114145
-0.1764946342
-0.4418048084
-0.5719484374
-0.8126903743
0.6124863617
-1.089906827
0.8874804676
-0.1157895714
-0.07836745922
-0.2895534821
0.01757695414
0.2333297176
0.5064011526
-0.3371086694
0.007210909203
-0.3722922236
-0.3793642208
1.007996053
-0.4739305079
0.7824784324
0.894673048
-0.2803257886
0.0984724598
0.1343522769
0.5721396241
-0.3176574226
-0.1578554753
0.5327575564
-0.2460705332
0.08489316362
-0.08987120669
-0.5221012756
-0.4678307414
0.2745706254
0.1309099173
0.3890354783
1.039129821
1.018486477
-0.2846619155
0.0811383409
-0.004789398517
-0.1648144891
0.323042316
1.216942772
-0.3144367136
1.2681007
0.8029271483
0.3950199515
0.01565779531
0.6002548749
0.6467354491
0.2872466551
1.676756077
-0.3107203603
-0.1164263468
-0.06367678847
-0.009054664709
-0.6362883642
-0.7958172753
0.0498870369
-0.5363149684
-0.00994960377
0.3084969779
0.1241942186
0.4097239519
0.896742478
0.005776135717
-0.1769968288
0.1504988918
-0.2462674312
-0.02027429561
-0.007510905992
-0.5631116241
0.9191543501
-0.4156909317
-0.0429508782
0.9234245302
-0.3632383674
0.5737634454
0.4566722315
-0.2731218154
-0.1114727464
-0.8865136012
-0.0507882921
0.1078877024
-0.7251972973
-0.6187924325
0.6675310798
1.039173999
1.28054975
-0.04822419118
-0.06524087414
0.0539669726
0.08382474715
0.345750151
-0.5020522922
0.6349695548
0.5736563899
0.6350849919
1.167877272
0.8982371315
-0.932976751
1.834455661
0.8184079513
-0.4726878286
-0.1933737967
-0.3018241413
-0.4524158165
-0.972420457
-0.1068105657
0.4128863666
-0.4826449171
-0.110926519
-0.09890083335
-0.7348710805
1.363169047
1.408227341
-0.3541861758
-1.145844705
-0.2870847255
-0.5515512303
-0.1565877751
-0.2414678819
1.190022311
0.6963952832
-0.1292587638
-0.8492010444
-0.3447228327
-0.1755835423
0.998682294
-0.4379848659
-0.4000973485
0.6106289893
0.4990888324
0.3369527306
-0.5246066943
-0.09961659387
0.1611214741
0.08740138798
-0.3325769804
-0.731826368
-0.8339084417
-1.470091882
0.04054516004
-0.8072090179
-0.6976327747
1.102080491
0.5990200482
-0.07485056724
0.3693206113
0.08220004486
0.7745776124
1.080876692
-0.3934329152
-0.6001520649
0.3731137227
0.6837565139
0.2584310262
-0.03571268581
-0.3845334113
-0.4977204628
0.1018682955
-1.202205372
-0.06301830262
-0.9846507937
0.008042757958
0.5125419913
-0.4294296131
-0.343753751
0.07296369374
-0.2681195386
-0.2721244309
-0.5269618332
1.694813758
0.9725774795
-0.1820788667
1.668733701
0.1058629626
0.5857334066
0.6962640725
0.2176595274
0.1078785629
0.9699102253
1.092403875
1.864217216
-0.9547267646
0.06486897962
1.111108083
-0.43760617
0.02530904557
-0.102951612
0.1227514382
0.05102940481
0.8518632464
1.372000122
0.9231275477
0.1091482148
0.874872781
-1.230336258
-0.1962110426
1.136117201
0.1246112239
0.1411668032
-0.08604839556
1.030156887
0.4427463528
-0.06447426192
0.8819478929
-0.002923281025
0.6185946014
0.01664755871
0.3353826998
-0.252301307
1.335701647
0.4427351715
-0.4220084958
-0.4805686206
-0.3890068859
1.02442268
0.2961706709
0.03275762536
-0.3076695467
-0.9776934177
2.095263397
1.468077129
0.3014282697
-0.01123355031
0.9031463813
0.005307446927
-0.3080017142
-0.3502655745
-0.2481026893
0.5135297228
-0.01757229399
-0.1823542909
-0.5003363922
-0.9653874815
-0.07924712654
-0.4233489871
-0.8269943088
-0.7866004467
-0.06406950755
-0.8665215969
-0.4296798334
0.4488187481
-0.1835272335
0.6191348813
1.010242259
-0.02532145716
0.315902758
-0.3363099821
-0.3725877725
1.171542264
0.6768659431
1.084729692
0.6113569126
-0.6962346777
-0.3988418227
0.183475296
-0.1522018705
0.0404070151
0.5822260559
0.4295017652
-0.5105603501
0.1072403841
0.09084094837
0.070186783
0.4850151123
-0.5440629378
-0.9238251448
-1.241375411
-0.2155124757
1.221940437
1.325353488
-0.1202307686
0.876709469
0.1315242689
-0.1526212916
-0.3008439954
-0.2183861496
-0.7698456556
-0.339276186
-0.02464985922
-0.2530611083
1.399603838
-0.03480499554
-0.005318860337
-0.8968958318
0.7835568715
0.06927672848
-0.4592033774
0.3936908709
-0.8279889971
0.07056680508
-0.06747168927
-0.411977841
0.2053716874
-0.3322349682
-0.4632675812
-0.1917596867
-0.7570451945
-0.3433959849
0.1994102276
0.8617268328
-0.5146317557
-0.8427714974
-0.173367231
-0.4449323475
-0.5470492221
-0.04735709
-0.4911703244
0.7832559079
-0.1717147857
0.3662026938
-0.3714837462
1.285892439
-0.7918236241
-0.8013825983
0.7941950135
-0.1198770134
-0.2259524245
-0.2589727722
-0.413760858
-1.655175093
0.8675590515
0.6883793257
-0.5024522007
0.8939972207
-0.359421619
-0.2289860295
-0.3020175107
-0.343206279
-0.554421334
0.6286768779
1.276093665
-0.3908423021
0.7740991831
0.1349919349
0.07617390007
1.005719137
-0.1397354508
1.281879011
0.9168110222
-0.1870136499
0.256101012
-0.1539307568
-0.606292811
0.9743111968
-0.22854058
-0.07524354849
0.1551257027
-1.006250492
-0.2673209898
0.5111902744
0.3341312416
0.04847879242
0.6536468543
-0.3787238941
1.160313198
-0.4245323859
1.353817089
-0.3424169634
-0.3816719055
-0.1144716417
-0.1583994633
2.135747889
-0.1819599092
-0.09814476604
0.4044645077
-0.9264688641
0.06493357861
0.5520950355
-0.1677422577
0.3127684043
0.9545237534
0.1939227959
0.02460845243
-0.535649474
-0.1352693249
-0.5503030151
0.5946664032
0.4992894635
0.3736629856
1.221450695
0.3194116838
-0.2489203373
-0.09502602331
-0.4363386683
0.5121603012
0.4154744755
0.2172050137
0.6973992139
1.930996051
-0.4912125349
0.009666141775
0.2018786157
0.2646647334
-0.4082641348
-0.1069525614
-0.3268342651
-0.2864160992
-0.3545705825
0.9428316683
-0.05718419021
0.4841795817
-0.133736971
-0.301385973
-0.1208484231
-0.1307828112
-0.1909589473
-0.03660710342
-0.8976737469
-0.2293082371
-0.2350483857
0.1620325021
-0.2690002803
0.3533258144
-0.155901818
-0.3021033272
0.157776745
0.6413602162
0.2572644878
1.475094384
0.440975849
0.2465453824
0.07062270353
1.201439428
1.018889083
1.227877927
-0.6491896704
0.9716386348
-0.03419084065
1.495090798
0.2386648306
-0.6777783215
-0.1148702331
-0.3261373769
0.0352419327
0.5505551659
-0.2018256802
0.3939569315
-0.1242168333
0.6811706848
-0.2104245765
-0.009024660848
-0.4579627469
0.7596166784
0.6804663286
1.204257005
-0.6698456556
0.6332644224
-0.1972917493
-0.3359550975
0.7045355137
1.013988849
-0.9956097364
1.330149499
0.8501725752
0.7060252668
-0.2177173894
0.7244854238
1.263691541
-0.5842637144
0.3548338192
0.8572994277
-0.2167027187
-0.5805021018
-0.4386137828
-0.2147725519
0.4620473314
0.5041673541
0.1216326752
0.111108624
-0.4163799196
0.99991058
-0.2055552419
-0.4864672378
-0.3053506001
-0.06225450076
1.250766712
0.2967272511
0.112440773
-0.5615809217
0.130828974
0.09627446537
-0.0499577295
-0.09867393225
-0.1435088243
-0.1907045618
-0.2087501563
0.7797322303
0.1500166804
0.9770550497
0.8370788798
0.1928946591
0.1371788604
0.6317168467
-0.2527693421
-0.1698256956
-0.5887463592
0.4374707403
-0.1964805085
0.07274595434
0.4404394489
0.3153196323
1.350871818
0.1902417331
0.5860952906
-0.05445165057
-0.07304572519
1.343762337
2.433955693
0.01245949119
0.9455667242
1.21866294
-0.3147994764
0.2806441844
-0.175628571
0.4394591164
0.05781294401
0.6337895382
-0.02425515465
-0.3122838728
0.6835409969
0.07785860747
1.017064045
0.8500135034
-0.4546615124
-0.6244559288
0.7400859177
0.08884864096
-0.2685684621
-0.293926606
-0.9107847303
-0.02655383591
0.04832331664
0.879390521
0.3095169942
-0.3666277673
0.2156956742
0.4788652537
0.5451123849
-0.4073521793
2.679744059
-0.4240413081
-0.1481129115
0.05383268613
0.1896882752
0.8205726177
0.08908965206
-0.1650899284
-0.3651109006
-0.5003162041
0.2369766588
-0.01523198849
