-0.2518670451
-0.4697919875
0.4397782855
-0.09144871831
0.3986670468
-0.3834387448
1.181737618
0.4652156152
1.819791853
-0.812425521
-0.9673073143
1.177868551
0.8278046504
-0.1007105576
0.2333571091
-0.3696275629
0.2299118496
0.7149710745
0.3295150407
0.8133898109
0.0694623746
0.2724998076
0.7673975587
0.1184295736
0.5775073983
0.3074433483
-0.002090087254
0.07247194436
-0.5898699766
0.7935199706
-0.2374621175
0.2940619279
0.1133028693
0.1072172884
-1.381172049
0.2366921015
-0.7136293411
-0.4985636115
0.1159945678
-0.1912406798
-0.2638198137
0.09188784175
-0.2577858455
-0.1926377269
0.1363985002
0.235140205
0.06294744592
-0.7263793528
-0.04545649858
-0.3822851151
-0.2729824588
-0.1690523874
-0.4838627895
0.106454451
-0.2144054703
-0.6260898486
0.159621911
-0.1994872322
-0.04293925716
-0.1694742883
1.32147581
0.6691932335
0.8018709421
-0.8515142828
0.1665628498
0.9607178643
0.3222639685
0.08181989752
-0.7505391359
0.1205356456
0.02963874154
-0.362117352
1.138381442
0.7398820981
0.4903069535
-0.2283073775
-0.3908219546
-0.3372545475
0.7398239074
0.6519671857
0.06588639971
-0.360760098
-0.2267778598
0.6402452707
1.413204974
0.100353951
-0.06334041283
0.161598419
0.3857732825
0.8989281744
-0.08640902191
0.4466961041
-0.0688671099
1.490000582
0.2160836612
1.301025689
0.7775273904
0.7186680198
-0.6184087187
0.714082554
1.690933007
-0.1009446021
0.0381881712
-0.3880835636
0.1309616319
-0.1513271351
-0.01241843756
0.7039433017
-0.109973927
0.2340581208
-0.1719777118
0.02697717249
0.06306219534
0.4471255096
-0.03335759006
-0.2752846811
-0.6600371316
-0.2847358603
-0.9366342425
-0.1164469577
-0.540384452
-0.2262040755
-0.4658697367
-0.589678812
1.403528783
0.236900511
-0.3100826792
-0.4611365482
1.509004223
-0.859676379
0.7763019562
-0.3389986625
1.169406982
-0.8008414328
0.3996274028
0.4051048428
0.2091177611
-0.1319003701
0.3245482992
-0.5883343237
0.639819558
0.147715337
0.1682195969
-0.2201002954
-0.325903216
-0.101671963
-0.5693309933
-0.1217451816
1.625506705
-0.5565243497
-0.5617952168
1.071560825
-0.3355550751
-0.1725395947
-0.06495475154
-1.680169874
-1.118493104
-0.2112142909
1.045003442
-0.2911453232
-0.9926968545
-0.796039483
-0.4047437079
-0.5599844277
-1.152254465
0.0005039555952
0.03657494951
-0.005385750951
0.2361989069
-0.08872338906
-0.9924547404
-0.3365668081
-0.4604735687
-0.2561871219
0.1100383453
-0.2386280851
0.4010312736
-0.5451574847
-0.7014555782
-0.2492262147
-0.6916616008
0.1396443043
-0.3725766361
0.1105480269
2.125046712
-0.1168061016
-0.5267858118
0.0328620303
1.755641899
1.723154244
-0.1491416778
-0.7251803696
1.433004659
0.1821360738
0.1502850361
-0.4475877419
-0.5953157574
0.5713213228
-0.09088519011
-0.6748628184
-0.8959091544
-0.242731005
1.090909138
0.2953388197
0.3542742426
0.9358117968
-0.1622861955
-0.3349084377
-0.8695647687
0.2691248542
-0.8407045007
0.20378458
0.04631022643
-0.2849522099
0.8749309296
-0.3947647452
-0.09912362304
-0.6493106097
-0.1961561266
-0.3043867342
0.06106129726
0.1320815181
-0.1964220205
0.9426269352
0.01101695392
-0.5489559129
-0.6911747456
0.7606388122
-0.5019607283
-0.5820013776
0.8334821776
-0.5335405633
0.2456375088
0.4041460022
1.170439839
0.2993545616
0.08807608318
-0.05902002379
-0.3933818787
-0.4887033239
0.1067778016
-0.1132498818
-0.2959079433
-0.3325902808
-1.209586823
0.6130257577
1.478876308
-0.2160574533
0.3633653384
-0.2890065119
0.1240999274
0.2713606976
-1.194480431
-0.8122634619
-0.08006301951
0.5496819567
0.7318526581
0.9419216275
-0.00160885537
-0.09983257558
-0.09837931916
1.508990094
1.758946335
0.1081446152
0.1839037047
0.2051119721
-0.2945942901
-0.2778884606
-0.2476921059
0.7004094675
0.007421137951
-0.501101476
0.2607669637
-0.1841074895
1.146060301
1.736685872
0.05139038097
-0.1261779455
0.3889246687
1.054092064
-0.1614263244
-0.006803745776
0.3844521174
-0.09054532666
1.011723758
-0.08465358587
-0.1219946017
-0.6176572278
0.1211534619
-0.1347029064
-0.3151212119
-0.01640289258
-0.8839685172
-0.1482185696
-0.4609546758
-0.04067217354
-0.4626716092
-0.4023393229
0.06741189212
-0.5001619944
0.008743425133
-0.2796417635
0.4159942962
-0.3991157778
-0.1107208176
-0.4543933317
0.7270396262
-0.4013794899
0.2454031117
0.1435537382
0.1407875966
0.3087411983
0.1574391111
-0.591229938
-0.9469573736
-0.07979067061
-0.2547949996
-0.2737891342
-0.253821329
-1.085566929
0.5202918552
-0.1465985755
-0.5318751603
0.1776766296
-0.6226945192
-0.1590796361
0.3140993785
-0.6448761925
0.3420304632
-0.5738899335
-0.7295013919
0.1226998333
-0.2188153394
1.042201927
0.8235086042
-0.3477529712
-0.1050834255
0.3515898515
0.2573473362
0.3225914542
0.06798569476
-0.5461964831
-0.5241116583
-0.5483516604
-0.2039740972
0.5093071736
-0.3436060615
-0.2981513396
0.4919285353
0.2358724369
-0.4392298706
-0.5697565973
-1.024196383
0.008249382675
-0.7168668754
-0.3239037544
-0.8269591153
-0.438714169
0.08018958736
-0.694110617
0.151255844
0.5902081415
-0.8263819814
1.228481303
-0.5356462806
-0.5431410687
-0.2376901597
-0.7296197563
-0.5704831928
-0.3326995756
-0.4855305657
0.8086317211
-1.033047402
0.6656386957
-0.009033034649
-0.07557155956
0.2781616192
-0.565250989
-0.4817098707
-0.7227366865
0.2005429038
-0.4036225371
0.3043248273
0.5750508651
0.2860856062
0.09328298173
-0.1406003552
-0.1431740202
-0.8687053621
-0.2215051629
-0.8044247016
-0.6409050956
-0.8137123674
-0.1887749773
-0.3862111285
0.7284014255
-0.3755369652
2.174767536
0.7925624955
-0.5091720439
-0.1994062829
-0.460297896
-0.001796942437
-0.9687580734
-0.3027043032
0.4822322361
-0.5173550144
0.6062057391
0.214408182
-0.3103326596
0.08560571857
-0.596037288
0.11508759
0.3305467565
2.032001984
0.7030043095
0.7197949904
0.1225052287
0.9813354462
0.5519066557
0.34854642
-0.5916474387
1.37339693
0.219460568
0.6257046819
0.6162055448
-0.5660953164
1.143829328
-0.1445189902
0.9600003272
1.120692414
-0.2999158189
1.036542001
0.4469144635
0.4946829949
0.6702223822
-0.1246087219
-0.6484050602
0.2874178696
0.4342834137
0.5034189759
-0.03811867433
0.2167568004
0.4172034286
0.7818760931
-0.1809862515
0.8831359863
1.042092121
0.1554840432
-0.1651409201
0.1593773185
-0.07617303506
0.4440054268
0.3540753219
-0.3255152982
0.5812146634
2.973678982
1.13668555
0.6306756839
0.09061250528
2.428626108
0.677614563
1.855642277
0.2887836087
0.5269167528
0.2623634269
0.0651246612
0.7933249407
-0.06995461434
0.1391460302
-0.4979677692
0.6520283967
0.3884205192
1.129204908
1.026875049
0.3744105365
-0.1267888481
-0.3051073849
0.4233224683
-0.4324301735
-0.005928175431
0.1957407592
-0.4774205536
-0.4620614514
-0.06271204529
-0.1827926666
0.004418898188
-0.03529765178
0.5953572989
-0.4750970393
0.004408852383
0.2008273896
0.06081570415
0.3772519521
0.2560951925
0.04338299804
-0.2492460556
-0.5188445307
0.6820903949
0.2790187035
-0.09042865783
-0.6010218903
-0.02451008726
0.05539827868
0.8096568897
0.09248644486
-0.1090623884
-0.01085031666
0.02124272846
0.7012988642
0.8521618441
1.175198656
-0.3566664224
0.682892853
0.4379659303
-0.3422466915
0.3248720713
0.3137583449
-0.331977459
-0.2873459231
-0.8040632784
-0.2705819352
-0.3411641702
0.4496675342
0.1930662286
-0.641865316
-0.1616155095
0.4383042552
-0.09487178456
-0.09298483673
-0.3907373816
-0.2938027615
0.3532718468
0.451891857
-0.07280744147
-0.1672263918
0.6219337739
0.8941964835
-0.3226465307
0.227395816
0.802917175
1.41103738
0.07107622623
0.2961116023
-0.05796622522
0.1613742696
-0.1183147542
-0.08267435487
0.604474169
1.332721874
1.807339886
1.019892263
0.4180543849
0.2930283508
0.5288346902
-0.207671978
0.4355175685
1.288620207
-1.268178666
0.6902829751
0.2568800993
-0.589859958
1.290613797
0.1657869021
-0.186363533
0.4570412174
1.72118195
0.7677996576
1.043448719
1.785740536
1.238220182
1.217862138
0.8956678003
1.304815322
0.9592534721
1.321538392
0.8178070292
0.3334405107
0.3370899465
1.082208824
-0.1463436913
1.388398594
0.6131719038
0.08788450994
1.103613609
0.7457020059
0.5158851042
0.4412689017
0.2086769965
0.3203583729
0.8805828989
-0.5986829638
0.4858497024
-0.414594394
0.2864046382
-0.03574258815
1.107137725
0.4481970496
-0.640727061
0.4505295619
-0.2624337103
-0.6078745797
0.7178071961
-0.6902914368
0.2254165023
0.7536009058
0.9982038617
0.4677378949
-0.2432994891
0.8932135612
0.01709179692
0.6269723594
0.2507952336
0.4994277701
1.58676008
0.606194704
0.5630728081
1.454967189
0.9096984178
1.198517302
1.146766633
0.2162649446
0.8532441914
0.7754369766
0.8893949747
0.9679845124
0.4024461821
-0.4002446011
-0.07188422885
3.334102786
-0.4854527801
0.04783387715
0.2258909591
0.5460231349
0.7897840828
-0.2325289199
0.3041367161
0.7103693083
0.3807254368
0.6793704808
-0.4070544906
-0.01880042013
0.9343231529
0.6096110985
0.8025467083
0.4082298473
1.935944307
1.130547011
1.441223967
-0.1104074739
0.5580292106
0.2575509576
1.34165124
0.5242995478
0.6983748838
1.211618784
0.5409924537
-0.0002254565246
0.4158955596
1.026328921
-0.08603948206
0.04173234371
-0.3177867323
-0.09116968149
-0.003411641531
-0.2138792702
-0.4640897498
-0.3998212148
-0.6763395488
0.3865834141
0.5249514497
0.06900344416
1.464109519
-0.01047532391
-0.449376782
-0.5927768923
0.01895573381
-0.0493147634
-0.3809726179
0.1588733315
-0.4863961942
-0.08090215195
-0.2596005268
0.07702793162
0.3675703658
-0.01453824397
-0.2343219511
0.2190188829
0.2607071978
0.4278912965
0.3432228401
2.200881588
0.008545512706
1.746073008
0.7773151368
0.01783401519
-0.5822233558
0.09403195269
-0.5040712588
1.792484856
0.4143668324
0.1920182378
0.1811248237
0.009701611754
0.7553550646
0.4827951204
0.7356476918
1.359209853
1.023711434
0.4065605132
0.403798065
1.094721024
1.500820178
0.4696267758
1.795130491
0.9323761031
0.9885083258
0.2015754538
0.6247287586
0.007581630209
-0.3694933265
0.8824766338
1.425953096
1.117668015
-0.6291105747
-0.1480579589
0.3162818292
0.665398369
0.9108010158
0.8086984217
0.7379774675
1.968313688
0.1016649405
-0.3073324442
0.1128997523
0.0266554581
0.8003650844
0.3074266737
0.4759810463
0.2550601779
0.3274154888
0.4016853601
0.5522905968
1.399544841
0.7971173435
0.8189027578
1.431231666
0.7317372665
1.430171496
0.7051800802
0.9477376744
-0.4394978628
0.9776645482
0.8750016451
-0.1425054265
1.142742178
0.06688420381
2.327338988
0.1405167655
1.43851409
0.5267892074
0.2049262291
0.4086728767
0.2183180511
0.4352976024
-0.4779094011
0.4355537862
-0.3225634858
0.8507995218
1.046146399
0.09761287272
2.110116619
0.443627709
0.197715598
0.7004414454
0.2675689697
0.4452950947
0.1078823002
-0.07970187431
0.404964671
0.7478341281
0.1501470285
-0.005683735758
0.05245729759
0.5278524414
-0.07374586379
0.1391721215
0.177990936
0.9056121737
0.4627480673
-0.2485729091
0.306386034
0.08210300142
2.488338864
0.3902322792
0.3724174787
1.45257915
0.171258053
1.295430112
1.036639535
-0.1415862717
-0.5458506897
-0.3865279101
1.5161486
-0.8820124507
0.1337017845
0.1620343971
0.1643573217
-0.3193713307
-1.159353089
0.2741953185
0.04351373697
0.3444807749
1.375088083
0.2255800102
-0.8811341912
0.2325348891
0.2442530035
-0.4451174252
0.5212981425
1.10564011
-0.7919086039
0.6168616839
0.6109680953
0.1367401162
0.05989080169
0.1813215485
-0.03247363903
0.3143059641
-0.3665923394
1.162256682
0.1144670306
-0.3105112869
0.4670337513
-0.1988077499
0.3354411397
-0.789031139
-0.393573074
-0.06662576869
-0.3567796379
2.023326588
-0.4658508539
-0.3281942431
0.3501506213
-0.1298907442
-0.1819554947
-0.148039737
-0.1010705628
-0.2173635244
-0.6807186753
-0.4721962899
0.008514432516
-0.8446143568
-0.3504202124
0.7930698231
-0.1549245957
1.112519896
0.3795461059
0.8155009061
0.4610197292
0.7069753096
1.083895236
-0.1053915292
0.8824636891
-0.1720574688
0.4743937671
-0.01858774247
-0.2704007238
-0.007490843721
0.5440358568
-0.1371372461
0.415357095
1.235760471
1.153448489
1.248687544
-0.3637109399
1.652182013
0.3310387202
1.693377221
0.843212267
0.1057971869
0.3252954617
1.636502779
-0.5824963227
0.2125956765
0.6059413426
-0.2524170827
-0.1231593203
-0.9648492843
-0.5144185007
-0.01720936261
-0.1034768919
-0.206490661
0.5154496914
0.6336827517
0.6241601646
0.7944521427
0.3377126599
-0.007582159527
0.3859319326
0.8872799873
0.1778015539
0.2367388279
0.9796746314
0.3298581776
1.011858618
-0.7702087268
0.08162442576
0.0326325722
0.2393384912
-0.2617007017
0.08116254918
-0.2521730691
-0.3147502631
0.2055437779
0.651495029
-0.8252795458
-0.2317422647
-0.07756895814
1.881455702
0.07634493932
-0.2583574081
0.1159084309
0.3055644827
-0.111403881
-0.03570737466
-0.0757009618
-0.1257575028
-0.1324800164
0.4631202985
0.6153244257
0.02224962991
0.4585180372
1.224443924
-0.4169798836
2.488683623
0.2538559712
0.8028791495
0.8826691687
1.209323272
0.3129935358
0.3463069906
1.411190815
0.5923868358
0.2930080419
-0.8421368748
0.4885195419
0.01461532628
0.02452515615
0.01103276387
-0.3536508929
-0.07354450412
-0.4974812098
0.3961562204
0.3115707938
1.583224583
0.8276551671
0.2867265053
-0.2641334236
0.7337110072
-0.2912112314
0.4673729382
0.9563741863
-0.2940016152
-0.1773884697
-0.6352419481
0.08319189623
-0.1679457146
0.3856467109
0.1602023136
-0.2411248416
0.1076253243
0.1371786417
0.7206103198
1.502160403
-1.097613326
-0.1390443578
-0.1857088812
0.7872948324
1.44756881
-0.1176710857
0.7328594707
0.1349116554
-0.2160402298
-0.1085437989
-0.04202078013
-0.1770370401
0.1759061094
0.3026118243
-0.08359193271
0.8266571432
0.2004473677
0.369181513
-0.621988336
0.5185107581
-0.0362898875
-1.015389118
-0.2188344777
-0.01862741001
-0.2021934744
-0.5438945383
-0.4924691483
-0.01272800295
1.649863094
-0.1473255608
-0.8561297894
-0.4261846364
-0.8179772884
-0.3844516374
-0.5264733005
-0.273046593
-0.1904873382
0.1656700732
0.7033483461
0.08093885779
0.05970220268
0.3708779005
-0.2786146805
0.1331187528
-0.08059201259
-0.1334787203
-0.2496225715
0.910047704
0.4811494425
-0.07491121478
-0.1079298414
1.227955225
0.04704259848
0.5062186535
-0.3379066311
0.3104351062
0.846288088
0.143210597
-0.3681342762
0.9848247766
0.2845848092
0.5402970493
2.355114424
0.775706619
1.281878853
0.5024746306
0.7762263134
0.6259011701
0.1190444157
0.3904249974
0.3970312089
0.4545091875
0.3780294303
0.637723092
0.7790247738
1.272424534
0.2186299639
-0.03353910507
0.05726990234
0.1689350277
0.3695958067
1.584861964
0.8668126553
1.287065673
0.2561738776
0.1275681426
1.098983422
0.258792252
1.261634588
0.2724435856
0.2967711539
0.5194189742
-0.4760381803
0.7472998396
0.0966580933
1.90876537
1.527010286
0.4869008433
0.1508176388
0.77775525
1.669436094
0.802427128
1.155687612
1.218998501
1.150907692
-0.3335157335
-0.2326661132
1.244882867
0.7119739883
0.5527575493
0.05292716189
1.032835418
-0.1598125622
0.3830132075
-0.2292915724
0.6581324443
0.234866958
-0.4427602455
0.7960679382
1.447344445
-0.0516147427
-0.2197785029
-0.7705407009
1.715971524
0.1316417168
-0.2043680053
-0.01965868399
0.774509041
1.381298476
1.370947874
1.098106495
1.004262349
-0.05689484086
1.781635779
3.009591109
1.279683271
0.4207752291
1.735801953
-0.3209753819
0.1867717348
0.8615422368
-0.174902311
-0.213715828
0.3461431116
0.8934457779
0.3250491455
1.176037803
-0.01667977646
0.8734770507
0.249840785
0.06510628145
0.4407237779
-0.2578604616
0.5909314767
0.1491987496
-0.1815970369
0.2549220847
0.2211982043
1.854884541
1.55881376
-0.07731937869
1.167937049
0.1822776746
0.7668192506
-0.06773427781
0.247740836
0.8599241152
-0.363047383
1.151198335
0.3736705445
-0.1029602414
0.1578343252
1.126343882
1.059296709
0.9426578015
0.8092924386
1.031756896
0.3133680478
0.7508014679
-0.2121901242
0.3750288982
0.2117850133
-0.3484521065
0.4502214346
0.3049207176
0.2556851451
0.2941837272
0.2844666991
-0.4814005405
0.5715615213
0.4639102399
0.3714519659
0.7023966193
-0.1768929597
1.240410894
-0.193196727
1.580395317
-0.6511458665
-0.2397559922
0.007438350096
1.246183822
-0.09405868994
0.3475657262
0.4608803969
-0.3041545797
0.1534022769
0.9724335283
0.03785929726
0.4848000973
-0.008980213851
0.2031909727
-0.1888591507
0.7974468186
1.457823434
0.5173839681
0.9625913382
-0.2231495723
0.6214336555
0.5392995456
1.978372687
1.33726216
1.075335023
0.3588952467
1.98080706
-0.002443134598
1.154873368
-0.3907889631
0.6858374581
-0.7916645288
-0.6860867932
0.7085562617
-0.3935041077
0.7575606048
0.123205435
1.527907115
-0.2609655338
0.333856401
1.391251361
-0.2853724435
0.4080622144
0.3756458831
0.3811806224
-0.03609322682
-0.3943826638
0.3241769161
0.8905102566
3.770551074
1.031251413
-0.1237078473
0.3248848429
0.4547779705
1.446899557
-0.2736299377
-0.2161351174
0.5222797416
0.6253733709
1.295393762
1.254847682
0.6113494642
0.8382047594
-0.2852422718
0.8755005449
1.597374731
0.5058586493
1.443012768
1.689812425
-0.09128975943
-0.005236318521
-0.3769387506
-0.2239547906
0.5752291515
0.05550209703
-0.06274421997
1.494139031
-0.1033773581
0.3664401591
1.240338621
0.3298204339
0.356145972
0.4719791286
0.2321927227
-0.02816049401
0.3231600322
-0.007019064017
-0.5092723265
-0.2311263993
0.2028201954
0.3703732163
0.1710267279
-0.3581501506
-0.9556675404
-0.4062072314
0.5555952735
-0.964072305
-0.269637832
0.2413634598
0.9087574944
0.1706533715
-0.1516141895
0.03509231769
-0.4618761376
-0.2717648648
0.008945072815
0.4085478365
0.7715610273
0.4803153753
-0.4480257362
0.2657355004
-0.1221028246
0.3240160752
-0.2968959486
0.591910401
0.4118684638
-0.2956599791
0.4018389266
0.4156810444
-0.6093251884
-0.4396910653
-0.6366481349
0.1227427449
0.5960500017
-0.303164155
1.894680515
0.7019293085
-0.01754936948
0.2549739629
-0.2413596906
-0.6227711096
0.1476772
0.1453668808
0.4691380329
-0.4070129938
0.04571582377
0.557501325
0.09323170707
-0.1086536786
0.1219663728
0.1882257519
0.3988842167
1.290470314
-0.1184932955
0.04261925872
-0.3602351122
-0.04218393695
0.09978690352
0.4967394721
-0.4957373723
-0.8845651895
-0.4654002864
-0.6220431298
0.03457589243
0.7795769036
0.8803100348
-0.1583062287
-0.4419273734
-0.6676283658
0.4012476908
-0.2708331119
-0.09696088675
0.02164248312
0.4859462187
-0.02555417363
-0.7321682274
-0.6790930852
-0.6118674055
0.7229042172
-0.1204863327
-0.1406758813
0.2034375135
1.401371026
-0.1107682448
-0.3891773352
-0.1472588543
-0.6817842707
-0.02834602091
0.317854676
0.546889044
0.6837046217
0.1677519325
-0.4926921964
-0.124209963
0.01490064431
-0.1393133983
0.2495572943
0.01073389882
0.1843830109
0.7846819207
0.3820443969
-0.2440414054
0.3523563804
0.03090924062
0.4854080882
-0.2865763586
0.903659156
-0.5513329923
-0.3441745199
-0.07702640845
0.09116205527
0.4727567576
-0.971184364
0.6901499778
0.8165481627
1.478896689
-0.3021406773
0.3997908182
0.581139864
0.03898691628
0.4179103777
0.4667494044
2.043823141
0.2797142161
0.05974399671
0.1789277884
0.6102871686
0.3461318552
1.143320495
1.099888071
0.6891420767
1.883772701
0.2587063882
1.678210911
0.356949342
0.1546809944
-0.4833287075
0.280474977
-0.6491061568
0.1475263501
0.1228122577
0.7755740315
0.3837201949
-0.2928802002
0.4900625616
0.04467922617
-0.5604944929
0.232646913
-0.07905553319
0.1191463907
0.7109204855
-0.0604600586
0.1699431327
-0.1134468481
-0.0349280972
-0.1628222588
1.157491994
-0.1273971165
-0.5705408305
-0.03229872771
0.7797182441
0.3967285126
0.2290473445
0.5682709247
-0.08662693137
1.197834685
0.9477903932
0.2551848678
0.4119604796
0.178313371
0.393612262
0.0879526529
-0.2489636511
0.3600275293
0.4481073829
0.2310319122
0.01485012863
-0.9418803781
0.1350513833
1.800566682
-0.2787589241
0.6602271549
1.020944485
-0.4785479739
-0.2363111811
-0.6715100139
1.188377546
-1.017238182
-0.1508512031
-0.5913604245
-0.8743941039
-0.1627535857
-0.5729043931
0.1651113493
-0.9813753903
-0.7466416687
-0.7064582914
-0.001423005387
-0.6994070634
-0.2182536232
-0.8332107663
0.1203622523
-0.9367588818
-0.7641095579
-0.5037140265
0.4182449684
-0.5501424447
-0.6956439823
0.3777814448
0.2034395639
0.1763887411
0.6203293517
1.991382468
-0.8366698667
-0.5605994552
0.02050190857
-0.1924305186
-0.04923436362
-0.4248171106
0.7550748378
0.3066084497
-0.1433656503
-0.7428482026
0.0236860781
-0.08412382491
-0.7266983151
0.3033012602
-0.6488735974
0.1176101135
0.9441784233
0.8203617901
-0.572140158
0.1931370659
-0.6248151138
-0.03173480108
-0.3698627029
0.2307932131
-0.4298785731
0.6103959009
-0.4675777107
-1.296076858
-0.2913466883
-0.2082259942
-0.4757634439
-0.7309148192
-0.6472835019
-0.5770055741
-0.05706262495
0.6163630545
-0.962853691
0.6632569015
-0.1301051009
0.7524806589
-0.4219936743
0.9026620239
-0.5831495464
0.268544824
0.1482037155
0.1828266421
0.2488588534
1.798775935
0.4129958093
0.5940037983
0.7531789809
0.05238007437
0.3137779629
0.5650172971
1.437963811
-0.376088801
0.9780201584
-0.6884918988
-0.02539933082
0.6056686267
0.09341023304
0.7512324691
-0.02430052515
0.8989630699
-0.3788886588
0.1537072059
0.1013967717
-0.5369814709
0.5257106379
1.588697529
-0.2129756069
0.5931623384
0.2578518391
0.3078224972
-0.2902611986
-0.09031880163
-0.06316834558
0.4746636361
-0.4868356459
-0.4532722294
0.1951230418
-0.2326527983
-0.352422601
-0.152793193
0.1871078357
1.11878663
1.171396577
0.3325112488
-0.04157436844
-0.2726155706
0.5772352993
0.2403857164
-0.05829978399
-0.4213153841
0.1154974753
-0.7492192209
-0.3306264363
0.4230376238
-0.2966049712
0.5299127946
-0.2941148419
1.214695266
-0.2134368056
-0.1045009898
-0.67419447
-0.5289489657
0.514216375
-0.06415418796
0.1085049314
-0.7194758147
0.02059671432
-0.3025759861
0.5981614556
1.251294717
-0.07425370654
-1.243983823
0.05440851822
0.1063209864
-0.2039908428
-0.6122709498
-0.1373737359
0.498338391
0.9177464802
-0.8374254227
-0.6151566163
0.1699988686
0.7438375197
-0.2117312819
-0.4736017779
-0.1883390553
0.06607880201
0.3079014373
0.6154612914
0.217729827
0.4265566741
-0.4103593305
0.9572628051
-0.2732530003
-0.072561373
0.204802487
-0.6942790553
-0.04776231879
-0.3987287238
-0.8363693416
0.1802596679
-1.033997086
-0.8154396892
-0.474412185
-0.6524475738
-0.6097677797
-1.026678535
-0.6881238163
1.280224593
-1.370301256
-0.3958830021
0.8377167165
0.6185036987
-0.4116213918
-0.3389524825
-0.1122322381
-0.2721875384
0.2399073154
-0.4437112078
-0.2324696347
-0.3005356766
0.3765229784
-0.1541481562
0.3374402454
0.2472897529
-0.6446979016
0.2157601124
-0.1079250636
0.1853202535
-0.730388546
-1.094475695
-0.3577530291
1.100161371
-0.02209574338
-0.1051016222
0.1141351916
-1.120331636
0.6591460317
-0.4389327884
-0.2504512299
-0.8852934271
-0.6135316566
-1.138181251
0.006915997341
-0.7953583091
-0.1924672293
-0.6661248863
-0.1692258004
0.4012047678
-0.5928105071
-0.3582114451
-0.7050811172
-0.8057386488
-0.09052258395
-1.103709301
-0.7227847666
0.001033483446
-0.2055384669
0.4798058078
0.4297019511
-0.3035883669
1.160345846
0.1674790681
0.03275111588
0.5285911769
0.5055010073
0.3708577441
-0.418560005
-0.04707313096
-0.07452312922
0.5704081655
0.1383214351
1.549308926
0.5339884887
0.641897057
-0.2619790189
0.08348144004
0.2556627972
-0.02086288007
-0.7551990852
-0.3279562376
1.286880562
-0.1882622384
-0.785784626
0.1889677236
-0.01648601033
-0.0790600447
-0.4111966118
-0.2984571904
-1.092889985
-0.247495953
-1.041567546
-0.08304754663
0.657132636
-0.4875438437
-0.5844453782
0.2638236655
-0.3549913891
-0.01088920059
-0.1872277832
-0.207287195
1.281163117
-0.4657184899
0.1453133531
0.7836138487
0.5788272187
0.4330141224
1.627549976
0.0873847439
0.8521505833
0.5078341361
0.1639066346
0.666650074
0.01573668066
1.479679883
0.242083076
-0.1836821791
-0.177579809
0.4827142347
-0.04734117575
1.013511863
-0.1505878922
0.1936584875
0.8557761282
0.03295746204
1.901799697
-0.1787080912
1.014452401
0.8374028519
1.540090117
0.7106904283
0.7162580572
0.1952841543
0.5133882545
0.9702858388
0.02307650521
-0.3399903897
1.664732367
1.847287178
1.072324553
0.9560839117
0.2903991455
-0.04488534592
-0.1358324865
0.04882196933
0.481014663
-0.2594099443
0.8310609788
-0.3243143767
0.8912317514
-0.7612834319
-0.6631781936
-0.5875957713
-0.588628304
-0.138420995
0.3897856942
0.05869445968
0.02040226478
0.7281989038
0.2989236373
-0.3961832814
-0.309835314
0.02389401495
0.2966038121
0.2888891811
0.6205846131
-0.1139680985
-0.3157364056
-0.3712838301
0.3691357892
-0.2463979635
-0.02588418731
0.1111333983
-0.3279791638
1.914279225
-0.5088996708
0.7918318078
-0.1427451156
0.3906120416
0.7768321261
-0.2240684856
0.9189170703
0.07037525624
-0.02089138571
0.03193273246
0.3466125976
-0.3364990689
1.216154924
0.3776372567
0.00198585391
-0.181944239
1.591868579
-0.6289606407
-0.1442586405
-0.09397601569
0.8816440701
0.3681115547
0.2475222843
1.107298665
-0.07811954357
-0.3160836723
-0.2682491956
0.6068098284
0.6712331444
0.1890737787
1.11788608
-0.7939257175
0.4502584618
1.547733331
1.14215425
-0.8784612417
0.06562629091
-0.2362775056
-0.4007935867
-0.1308961503
0.2471009374
-0.5112129763
0.2417872712
-0.4745896891
0.1671594089
-0.1706740215
-0.4032901786
0.3308744412
-0.1562647609
0.28645024
0.2993029333
-0.2832533911
-0.7498412713
1.270207191
-0.03981925091
0.7673803091
0.208976088
1.664618954
1.237601748
1.586899358
-0.2047977902
0.6381086823
-0.2221031722
-0.3026815932
0.7835254483
0.6835832082
0.8587719247
1.001547012
0.5531405196
1.336627656
1.457109013
1.344203964
-0.5190584548
0.4813981745
0.709803848
0.2843632039
-0.4001176752
-0.06465645023
1.765894935
0.9708851807
-0.2841421753
0.1076620444
0.02867468093
1.54453568
-0.3640846573
0.3569298372
0.480742054
0.02052071411
0.9384551093
1.173819372
0.6146959238
0.7802668735
0.6498081148
0.6583500981
-0.1420664854
1.186970061
0.5536284029
0.7195605628
0.6934918247
1.36641975
-0.08695505373
0.2968182842
-0.2030154571
1.272836509
-0.6475982621
0.6795317963
-0.03045010008
-0.0110563688
0.05646297298
0.6502990246
0.2815451182
-0.06886897814
-0.2917695925
0.1767252164
1.398478061
0.3324309833
-0.7321747214
-0.1842265332
0.1841382123
-0.3976555422
-0.3749290273
0.06513352911
1.443065828
-0.4316995099
0.4004595958
-0.03946495131
-0.1378794834
0.2718599068
0.05131586755
-0.206899501
-0.05885580722
0.2376420228
0.3678091504
-0.07292455211
-0.5446671173
-0.3872948043
-0.06171307229
0.6573742539
-0.5696376666
1.033923498
0.2334649552
0.1981699323
0.5791795284
0.1800062519
0.3667158747
1.4606352
0.0506590452
0.5097260762
0.3084070075
0.7798575439
-0.0702742531
0.4877337828
-0.1053231854
2.299817616
1.021823245
-0.0327715327
0.2965565586
0.288041557
0.4656415999
0.346658694
0.3107816795
0.5974394843
1.062363462
-0.6067012087
-0.361407613
-0.5136897583
-0.1472051581
-0.2305867625
-0.541399245
-0.3523450516
-0.3698101047
-0.1228248862
0.02355608232
-0.2312330578
0.4965518236
0.1867481256
-0.437271665
-0.1664469503
0.1417677818
-0.9238606781
-0.6067254052
-0.3184714023
-0.1713881992
0.4268962249
0.6662104949
0.571641399
1.053355432
1.203934944
-0.006950556487
0.4311229736
1.031179187
0.5275398295
1.200046864
0.410471002
0.5880143449
-0.3959356122
0.3354161594
0.07353918627
0.976740098
0.04205988087
-0.6113427594
0.05859189965
0.4384451114
-0.08684808891
0.4525989201
0.4386414118
-0.2528226685
-0.4502481438
-0.1749223134
-0.1664622782
0.3056715656
-0.2704836763
-0.1100331608
-0.3269446464
-0.301275447
0.470072712
-0.6262609482
-0.8187206417
-1.092323488
-0.5545516208
0.9812028855
0.982067427
-1.125562054
-0.6745120427
-0.8508202359
-0.7846084148
0.03960999129
-0.3200852068
-0.3838510305
0.03770647943
-0.01760176225
-0.06989047881
-0.7030207545
0.196102838
0.8116018161
0.9615756154
0.4735746898
0.2956506327
0.05777560938
0.6554729901
0.417253992
0.4092737783
-0.07500164472
0.07027739678
0.26689118
0.4264488866
0.3604514173
1.76594739
0.2617486713
0.9177888095
-0.3677603193
0.6263071701
0.1876516396
0.3495286846
-0.4001258485
0.8427484155
-0.6868983671
0.8281354398
0.4318192743
0.3987231171
0.3936324876
0.3309682868
-0.3741006255
0.6980663434
0.3763822835
0.245614456
0.2437229792
0.5551334724
0.1813175218
0.3166529803
0.2634112014
2.063980359
1.272511026
-0.00493052043
-0.2981391832
-0.09592310861
0.6134560749
0.2241358228
-0.5177111998
0.178386768
1.2843187
1.06813269
-0.821265205
0.231945344
0.1104916602
1.305406728
-0.1503430761
1.390052533
-0.2998995151
-0.02424593419
-0.2135071551
-0.3200185068
-0.6683958739
0.741720368
0.07389954273
0.4457806032
-0.779867667
0.8374281198
0.2044834204
-0.2005805187
-0.7378322184
0.6554922149
1.588207003
1.192180851
0.5950050816
0.1134337663
0.1092567967
0.4640765145
1.060243255
-0.01778314235
-0.1274582034
0.03716978198
-0.3384281024
-0.9206971407
-0.3950747962
-0.1212414319
-0.4900275961
0.8233209938
1.197782248
0.1136123711
-0.3415659245
-0.4665305614
0.1887440286
0.327775602
0.8002583221
-1.147942346
0.1398015154
0.8459480107
-0.3769285968
0.7438641042
0.2036304981
-0.2795723531
1.392938155
1.046384352
0.9710545421
-0.6445279285
0.07997248247
-0.3047603413
-0.3573245827
-0.0692549115
-0.2743503749
-0.1311185074
0.2482711721
-0.7077148587
0.1483126607
-0.6987511426
-0.2875264727
0.1839843132
-0.9443438828
-0.9472003102
-1.090497506
0.1050266452
-0.09167835331
-0.5322091043
-0.525337784
-0.4296886809
-0.3740658864
-0.1794299658
0.5252041802
-0.4536067143
-0.5722355023
1.881951296
-0.4354541771
-0.0287082551
-0.09571566163
-0.3932815097
-0.6667400584
-0.2805562666
0.9851228058
-0.4574892193
-0.9372448653
-0.6855487227
0.7719529629
0.2731999405
-0.3715080224
-0.1304426573
-0.2628149996
-0.04542990113
0.3083423011
0.004761230946
-0.01092850827
0.5021531664
-0.3061382823
-0.3423046006
1.105293052
-0.059527044
-1.27656275
-0.298324962
0.4857105128
-0.5975925684
0.4630308509
-0.0008648257703
-0.4695601255
-0.5979038119
-0.6417251617
-0.3399221363
-0.09972712751
-0.5079699859
-0.8644102544
0.3808708347
0.6305397004
0.4363782547
-0.4116256839
0.460294807
-0.1509261228
0.09442145452
-0.3132000778
-0.07253610343
-0.458274433
-0.2326029848
-0.3434207249
0.7746634632
-0.7098002017
0.8099182427
-0.7430582851
0.351425097
-0.1596140138
0.04483953859
-0.4501828104
0.7018470936
2.023476824
0.570375827
-0.7651694626
-0.1125328347
-0.4386087477
-0.1374391381
-0.06800320828
-0.1427866912
0.3589765009
0.355684014
0.1668622093
1.224009156
-0.3218561932
1.892296016
0.4641841471
0.1390769782
-0.7871443152
-0.6277483895
0.3932471685
0.2999241274
0.4934347913
-0.1457599986
-0.61650967
0.3095531898
-0.09310158435
-0.4566137426
0.3399568945
-0.6696969882
0.9201086536
0.4759269051
-0.3149915278
-0.3397373702
0.1644797239
-0.07010628674
-0.1591931924
0.1203334246
-0.4073556714
-0.4076738812
0.3621177605
-0.3950239904
-0.01460224744
-0.473853467
-0.2672349192
-0.389378237
-0.2424468378
-0.007428508438
-0.3613481648
-0.2355202552
0.3700451788
-0.07356274519
0.8038421571
-0.3482751824
-0.1404440977
-0.3358555846
0.2178325988
-0.005606489675
1.187672582
0.4678145621
1.326114419
-0.2659075789
1.159238768
1.147173114
-0.07505725082
-0.1107711159
0.03261296991
-0.6611423478
-0.693196702
-0.4404965401
-0.06280505294
0.1868190975
0.2105663599
0.02616208168
0.5911255807
-0.100022302
-0.0045258414
-1.087657481
-0.7197619051
0.1071216261
-0.2593172133
0.1670565193
-0.5113907173
-0.8170055002
0.06843668167
0.1762232956
0.9824843884
0.3792039417
-0.5881983951
0.000538181141
-0.4299417593
-0.9365768313
-9.506586939e-05
0.6793502584
-0.1513579373
-0.2502801353
-0.4619382232
-0.02138134465
-0.02766484097
-0.5661892131
0.5208429545
-0.9571085185
-0.4608635385
0.2667748921
-0.2376221448
1.771488363
-0.1318352513
0.4328488611
-0.4673277467
-0.5219065115
-0.7164910242
0.2121541409
-0.08659356385
-0.103971865
-0.2204869565
-0.3730261277
-0.5737883434
-0.882944715
-0.2637738004
-0.09510447662
0.001434856653
0.1165702123
0.1723168198
-0.2894235004
-0.9090469152
-0.4357038118
-0.4473763913
-0.7234002322
-0.0267261235
-0.8160559058
-0.812118721
-0.07694165073
-0.6827841192
-0.1856084276
-0.2396138996
-0.5311912253
-0.6617009133
-0.9172117591
1.004566051
-0.06129109189
0.09720436055
-0.2219863588
-0.8863501549
-0.3613941126
0.311908482
-0.3341089204
0.4268472597
-0.7704528108
0.02925816793
-0.2650902033
-0.695476535
-0.3776917186
-0.09606959559
-0.2817549035
0.9112834528
-0.3227990307
-0.5547144108
0.07478192784
-0.3132244412
-0.2119907815
-0.583334934
-0.1863130949
0.02146572089
0.1017760525
-0.7267543048
-0.2967516407
-0.230919135
0.1297262086
-0.001095100679
-0.1394067004
-0.2503456928
0.5310162731
0.2739350016
0.5839488983
1.044249082
-0.75566881
0.3305132695
0.7583721772
1.330386671
0.7330169886
0.01514011808
0.2598468173
1.907201862
0.2175869636
0.5356116042
1.495695058
-0.07448224127
0.01876833076
-0.0500707522
0.4624993842
0.5131027766
1.074582085
-0.121972528
0.4115345787
0.8793114305
0.4156928584
-0.5840943903
0.4172289249
0.44874338
0.4536167398
0.9592313223
0.1839984879
0.02746534799
0.5212163359
0.2305787783
0.4225837128
0.5430901274
0.6200290829
-0.5874978587
-0.6726945341
0.569119652
1.140050855
0.7605064213
0.6780389935
0.4102492822
0.9875847712
-0.0142958411
0.3186724002
1.200971997
1.653173596
1.580779338
2.204804575
-0.1238398496
0.5250864923
0.298317711
0.08725848217
0.6368357614
-0.01535630478
0.8782991946
0.4445706533
0.6161406875
-0.03893617252
-0.2246285692
-0.4247619376
-0.1689182768
-0.4907232381
-1.007123247
-0.5491675779
0.3405162204
-0.2091895035
-0.1675083315
-0.0527753273
-0.4203696243
0.2498357777
-0.6662927553
0.6156819746
0.1029642331
2.35927335
0.2547847879
0.1923657457
-0.5503745735
-0.6932028875
-0.07706962246
0.06132118814
0.6837040201
0.1557950748
0.7761904299
1.030968976
-0.2500279659
0.1851084417
0.9194609493
-0.1543510674
-0.1248285923
0.2597871054
0.6360578032
1.420496905
1.047142757
-0.1732106984
-0.07976956107
-0.7587878741
0.3592759207
-0.2555646222
0.1623949911
0.472072115
0.8383084476
0.2548994172
-0.7479982346
-0.09410609808
-0.7640332431
-0.1793964863
-0.07717046347
0.4180150636
-0.6390292555
0.5630740523
-0.3368436679
1.06305947
0.2208556538
0.2189547928
-0.3060690121
0.4426078647
0.07657688563
0.4713502839
0.7738337874
0.4260847114
0.1994493611
0.8648108006
0.4556433272
0.006870249659
0.114846389
1.53588196
0.2863182269
0.4244602606
0.5337974735
0.727478148
0.8825350493
0.6662403688
0.5767572314
0.5623674646
-0.4171919692
-0.5026423395
-0.6263655186
-0.4078520708
-1.038694933
0.0978536698
0.4524979533
0.1503563032
-0.3314541098
0.08483821955
0.09376172107
0.4706111342
0.2573471436
0.2491557076
-0.2977762181
-0.2778857857
1.363719082
0.184728187
1.212375683
1.587422097
0.9327834219
0.7650083065
0.03287416324
0.4423253905
0.05149279833
1.587206614
0.01255503371
0.249672704
0.814511326
0.2534911569
0.5969380088
-0.2887729308
-0.2377941716
-0.3134632431
0.7417909771
-0.383048597
1.366077173
-0.2044368345
-0.3767877694
-0.04734763242
-0.8112264663
0.1607702725
1.864518094
-0.7693950236
-0.5357392848
-0.7916380823
-0.3306434724
1.056006102
-0.3294985961
0.7169301627
1.926143241
1.615083003
0.2511834914
0.7966512248
0.4283243857
-0.2373242587
1.123814303
-0.291575142
0.3927709835
-0.2873883698
0.3487201922
-0.3206852727
1.086349389
0.4815912765
-0.6905453742
-0.3973585077
0.2715094424
0.3599923499
-0.1218051654
0.3737029884
0.8788428351
-1.082517815
-0.03578550406
1.264280418
0.03955107313
-0.312884561
-0.3250851467
-0.09253316559
-0.5432305306
0.0258532532
0.3156735715
-0.2828389877
-0.8567450047
0.3535266251
-0.09882757682
0.3053994587
-0.5027190015
1.015691216
-0.3031104445
-1.104862785
-0.6798059732
-0.7736583501
-0.3645872399
-1.004811361
1.594025356
0.8636245713
-0.622008945
-0.4019933227
-0.20814055
-0.09863037672
0.8470164075
0.1505044983
-0.002350873221
-0.1985246418
-0.5423635952
-0.1712314716
-0.1432656346
-0.02751226258
0.8779272359
-0.3140473183
-0.08006462231
-0.2471823797
0.3235867605
-0.3447258215
-0.6231540009
0.1652428018
-0.5829856977
0.01204459239
-0.07854118962
-0.4261253655
0.3422798207
0.4135134421
-0.008829515241
-0.05455694674
-0.4190490264
-0.5236617327
1.443446338
-0.639976342
-0.7192091316
0.3803608432
-0.6368934333
-0.3888565063
-0.5053787045
-0.1488031855
-0.4194703385
-0.5414929733
0.296960667
-0.7538696766
0.688329342
1.447004071
0.007726158947
-0.2223037437
-0.3106918074
1.033532476
-0.309636268
-0.3211351074
-0.01830272432
-0.4948589906
0.4794690363
-0.01408945872
-0.3830919161
0.5936741352
1.504429111
-0.3225831438
-0.5780414276
-0.3176584926
-0.4841878138
0.7008859381
-0.09507929347
0.2905964991
-0.2425985083
-0.3140577186
-0.1460872779
-0.1290920394
-0.3432511732
0.03002765626
0.07140612137
-0.1926067654
-0.1998110898
-0.3595821179
-0.5847189128
0.2475316854
0.2076704614
0.4969938554
2.045376587
0.2103638351
1.015024674
-0.5412817746
-0.786641416
0.5996492431
0.2224974437
0.9443303823
0.7806195796
1.084866937
0.2445430087
-0.4708701223
0.1840382202
0.4578819506
-0.7600400686
-0.2693844263
-0.5333219916
-0.5577923976
-0.5570587233
0.03174809692
-0.2113250067
0.4488828611
-0.1594430666
-0.7074156776
-0.358315257
-0.5370255858
-0.2384380654
0.2519047704
-0.3374775104
-0.3016932976
-0.4735529348
-0.5709913395
-0.5307199106
0.1013566249
-0.485236413
-0.1553483516
-0.6935996026
-0.1149278767
0.8739365011
-0.7395480484
-0.3404365972
-0.2832640987
-0.0253978285
0.04089055061
0.2262557771
-0.7188683987
0.7617147341
0.434383609
-0.2340475766
-0.227940896
-0.2694313683
0.2977662676
0.9910516173
-0.3081200339
-1.002703235
-0.2415133238
-0.1420184594
-0.435441108
0.1057021941
-0.3830143191
-0.9739699364
-1.38524318
-0.6644206136
-0.3840108853
0.09573404156
0.6675584853
-0.1282603191
-0.6872633308
-0.5302128561
-0.897926569
0.01320651057
-0.3875516132
-0.5136791952
-1.316758609
-0.2075311919
-0.3000375584
-0.3001409344
-0.02520970115
-0.1582635964
-0.7152490795
-0.236911328
-0.4934019119
-0.7712321937
-0.3680265576
-0.2958250627
-0.01486961292
0.488806247
-0.287062538
-0.04694150696
-0.08777841125
0.1667694495
0.6310605302
-0.03110165489
-0.262493686
-0.824355498
0.01932863183
-1.051695204
-0.2676714485
-0.5073740423
-0.3757786095
-0.8897378772
-0.7196023762
-0.3520064499
-0.2321235619
-0.8151857078
0.09625439295
-0.2978218354
0.2448368728
-0.5616335467
0.8181310845
0.005480138399
-0.2601784162
0.108541188
-0.2740084261
0.05670227846
-0.09163668929
-0.3224304527
-0.4672367208
1.685170907
0.4722070619
-0.03822770566
0.01763590015
0.5562903978
0.2931823596
0.1349133866
-0.9781376362
-0.01009265389
-0.4798680786
-0.5141148731
-0.5984921485
-0.5588910788
0.1858450624
-0.07150992788
-0.2831372675
-0.3247345299
-0.5749427065
-0.09018767495
-1.10667074
-0.08949910756
-0.7283085436
-0.4545127019
0.4685522191
-0.1484264651
-0.5836448595
-0.4017779946
-0.6317302048
0.0415911112
0.0009682509117
1.127802768
-0.1065982491
-0.3989848033
-0.5540099859
1.191251355
-0.09915633909
0.7348536745
0.9237074509
-0.4569855765
0.2845440529
0.1808515452
0.3061258743
-0.05198921207
0.1327941872
-0.02263501324
0.2627813814
-0.6471313208
0.4678768035
-0.4757044345
-0.2500485071
0.6237069342
-1.01294429
0.1982286949
-0.8560730547
0.797402969
-0.6683412284
-0.5331601739
0.8120250463
-0.7649487913
-0.820589292
0.4902106009
0.2387840847
-0.1512880366
-0.7595882908
-0.6729891181
-1.095722052
1.923521337
0.5902079709
0.1115364201
-0.5849041164
-0.2466575192
0.709782739
-0.4884642392
-0.445842506
-0.4274463356
0.3585890453
0.4816335857
-0.3028614812
0.03810015153
-1.088962388
-0.604188779
-0.2088005254
-0.5226863056
-1.388705927
0.1363595098
-0.4942516476
-0.9172709554
0.8227258384
-0.6894873593
-0.1370632131
-0.4279911719
-0.6466081709
-0.6316003725
-1.178733075
-0.7969929695
-0.6189857855
-0.8303700864
-0.5558787555
-0.3697074488
-0.252988873
-0.5345852822
0.3485735387
-0.2322691984
-0.02054146407
-0.08410475431
-0.4658966079
-0.4616314024
0.3808204129
-0.2211164368
-0.05314486101
-0.2163675428
0.9128143921
-0.09549520127
0.07588022593
-0.5180315465
-0.2483381338
-0.4001944289
-0.6368582614
-0.0485466674
-0.2042224035
0.2297984513
-0.3231307559
0.1828841623
-0.6059847206
-0.7234420747
-0.7221449792
-1.221510905
-1.378978354
-0.8630508542
-0.1482678319
-1.293314621
-0.7488721281
-0.7562637866
-0.007361594122
-0.500122191
-0.5480932906
-0.09027000293
-0.2439457985
-0.4087792337
-0.6037672997
-0.9747562528
-0.5418267325
-0.9415142924
0.5257836096
-0.4341170669
-0.8306518078
-0.6801060289
0.2217025187
-0.4750054136
-0.3766285017
-0.1902101044
-0.3195370182
-0.6738118649
1.062588693
-0.3298618156
0.04692717092
0.7853195056
-0.3423241479
0.9890006512
-0.1515107535
-0.05446522851
-0.5363914058
1.809489071
-0.3605862878
-0.5737770423
-0.1467775475
0.4467394423
0.7194081273
-0.2803470932
-0.3568816535
-0.9635761797
-0.9009885818
-0.5772914365
-0.2775064073
-0.8161964774
1.239460304
-0.297701456
-0.5766173795
-0.3904259652
-0.3402754746
0.296765127
-0.03641468659
0.8597192749
-0.2751705613
0.000370532833
-0.7507257938
0.02140022982
-0.717016457
-0.406533514
-0.092164726
-0.4036297321
-0.6212338224
-0.1681580939
0.3438320413
-0.7461557716
0.2491769919
-0.1738311054
0.981598483
-1.175625643
-0.6477029264
-0.02364144521
1.338984296
0.1951440067
-0.3048742093
-0.6384103753
0.6303457193
0.375901914
0.4274753954
0.3494425818
0.4464189485
-0.6244672194
0.9390811026
0.8776712805
-0.2945177883
0.08578819782
1.099937192
1.887563831
1.10276905
-0.04979925435
0.117348619
0.5931399873
0.785073787
0.2122125704
1.856700993
-0.431465736
0.2116000482
-0.4142758675
0.5030985646
0.9885389134
1.008400053
-0.08596137799
1.018638642
0.4657971397
0.5104042023
-0.2411664858
-0.3663185701
-0.5975432202
-0.05686307177
-0.1193763275
0.593379866
0.6465807348
-0.0708303282
-0.2256691387
0.2061937753
0.2371806635
1.120152041
0.1772020513
1.006092599
-0.08505845591
-0.1662344476
-0.5808507264
-0.5026906624
-0.1548982762
-0.4378596172
0.07549593933
-0.2518401705
-0.5770422176
0.5840172518
0.3556574816
0.7213026747
-1.039233521
0.2597586129
-1.330365974
-1.298269883
-0.5111823231
-0.4736548305
0.009977709688
-0.8532575935
-0.6366022997
-0.2412673496
-0.3620435182
0.02117345128
0.4319978815
0.3096478436
0.7192965865
-0.5058511168
-0.1682088668
-0.6953556746
0.1750360028
-0.2439303625
0.09863164076
-0.3785017259
1.553495336
1.740580365
0.02017680807
0.191702101
-0.6913180292
0.9071641073
-0.5042342216
-0.5001466215
-0.0659096675
1.425162572
-0.1568073519
0.6093066908
0.4955841526
-0.0251910273
0.1421041443
-0.4619171038
-0.4852905855
-0.2682216041
-0.5222127408
-0.04451619331
0.01945730336
-0.9957886398
1.064567909
-1.072320744
0.5913551301
0.4219191499
0.3489721318
-0.2126583651
0.5282612704
-0.09660367519
-0.5584141076
-0.04459483288
0.6451439545
-0.5187380001
-0.5213722497
-0.03757719686
0.02701880876
0.5068766236
0.1283678111
0.04623096101
1.041886908
-0.1380654069
-0.418251783
1.317847162
0.4436535724
0.1249627497
-0.3359502234
0.15933752
0.2180345824
0.8672177598
-0.3852593929
-0.2560261736
2.421150386
0.1497334141
0.2116980646
1.586714607
0.4762111068
-0.2427314874
1.018046623
0.3735367417
0.689463529
0.1614881596
-0.4140483513
1.538085198
-0.1808364647
-0.0761544764
-0.1401720526
-0.2239127351
1.012434897
0.4551962532
-0.292819019
0.2399446476
-0.00335518457
-0.05992443003
-0.1264321623
-0.1160886524
-0.5979366481
0.5292283706
0.7151853003
0.5023379385
0.3631109171
0.4936965223
0.5188540861
0.07032277668
-0.002822458372
0.5235456403
0.8084224731
-0.007909987122
1.294670752
0.2144145712
1.064698863
1.981064838
0.7152994812
-0.1369603463
0.3433436422
0.5760914624
-0.3916332103
0.4479640141
2.004484367
1.587999162
0.648704727
0.8069710642
0.3423148341
0.1315555576
1.31825206
0.7089080758
0.9663728654
0.07962282114
0.003476177808
0.4618407177
0.7229361884
0.6438607201
-0.2680575492
-0.1542570432
0.6177343257
0.1288792199
0.02515175026
-0.5727667615
1.335057884
1.949144918
0.2056972207
0.06960920915
1.328690434
0.03365796581
0.9326028913
0.7228836536
0.8066172473
1.297590473
1.20766049
0.08049781118
-0.1356749052
0.6875257671
1.775554472
0.9982768282
0.7236015841
0.1422579635
0.4659182675
0.2796231821
0.8077530593
-0.2267523078
-0.1848983806
0.3053038165
0.6598096564
-0.1433062281
2.251883185
0.692508845
0.01390554104
-0.5494337544
0.2215015199
0.6903592795
-0.09556109607
0.4480276687
1.849719691
0.8618853763
0.1145979033
1.389516327
0.5382766388
-0.1148499809
0.6378125913
0.873663421
1.664546543
0.1146911342
1.155600271
-0.1243472537
-0.1370081303
-0.6268966779
1.32505472
-0.1246843976
0.7483022854
-0.6057024419
0.7983292773
0.5266234878
0.344650076
0.8804376245
1.308563215
0.5689437397
0.7055658534
0.5549105905
0.08688488267
-0.6131005153
0.1442252435
0.1338695366
0.4029570363
0.6645138845
0.4523643829
0.9028812796
0.9735097855
0.6518432721
0.2399482454
0.5333367296
0.3704161584
0.68213633
-0.7504467845
-0.08243527832
-0.3450203709
-0.4469186448
0.9284000725
0.2903953014
-0.3870682284
0.8728397071
0.4815015651
-0.5367658705
-0.3244231191
-0.160725439
-0.7127736554
-0.3630653374
-0.1340760622
0.5217915624
0.6004047394
0.4230933201
0.4301296681
0.1271128057
0.3913557472
1.238858104
-0.04994905852
1.585166186
0.9970367312
1.574113029
0.8964435488
1.720261675
1.008771038
0.8380522057
0.8503323257
0.6677463248
0.3511513215
-0.2730703536
1.023413619
2.087182111
0.4514945075
0.2648816028
-0.3244199786
0.07011697851
0.4926093578
-0.1282995272
0.4287159495
0.6468835205
1.475087288
1.353710875
0.6294021003
-0.02099044118
0.6282754496
0.663233267
0.2738592377
0.5783207444
0.3383539489
1.083883631
0.4117259175
1.502165121
1.835979539
0.9599368036
0.4589522466
1.073309365
0.5741784006
-0.2105430178
0.8960411757
0.01596097569
-0.117723674
0.172667023
-0.3259081349
-0.3385727808
0.7992173836
0.3886840228
0.725788603
0.1709106066
0.909464404
0.4403604569
0.9240064919
0.1030398145
-0.1829471452
0.9833275378
0.499417153
0.2697753662
-0.04473124836
0.2452715516
0.3687279917
-0.2518745834
-0.4205190673
-0.2793994855
-0.006917817146
-0.04906369625
-0.6783264697
1.191630834
-0.4515982449
-0.2661040179
0.1350824561
1.072147387
1.547667465
0.2026996918
1.038055807
0.7391155839
1.053724906
-0.1175054485
-0.07996838987
1.707682624
0.4440762725
0.6044560553
-0.1734571828
-0.008760245144
-0.3465327874
0.03914999068
0.8947202712
-0.1771845493
-0.4676683106
-0.3009090833
0.2996397724
-0.135451268
0.9872730047
0.108412566
-0.224068892
-0.2610238938
-0.06667540111
-0.9824118853
2.302076507
0.06031500399
-0.09196837135
0.6490209609
-0.07893478051
-0.3791873362
-0.1314191379
0.3305548605
0.5792544499
0.06105462122
-0.3736152574
0.1422988782
-0.03428459372
0.2550085593
0.2990996204
2.394577032
0.5077761635
0.1286436833
0.4169632591
-0.1658316478
0.2132638846
0.4839486476
0.3175018482
0.8074967563
1.032583377
0.2943860831
0.3986605683
-0.2254876707
1.34583258
0.3797175527
-0.092222986
0.2763688577
-1.072023487
0.4637302097
-0.2018413791
0.06919838036
-0.611141251
6.517004222e-05
-0.5437071458
0.2120508373
-0.3930582404
-0.1914842211
0.5917632043
-0.1013953765
0.2602726063
0.09969952069
0.3999182679
-0.4522116486
-0.9584868193
-0.1401794635
0.2265269063
0.02715266757
-0.04371922854
-0.6962282926
-0.5196743235
0.0608250658
-0.3261670841
-0.2164818164
-0.8246725559
0.6029791303
-0.4767751276
0.6499101359
1.070502001
0.8576329201
0.3431468718
0.01971205054
0.7241194904
0.521111057
0.6261408985
0.7873657882
0.5116133094
2.327528119
0.4066559497
0.4238664189
2.140180731
0.314949752
0.5894019574
-0.2469782485
0.2546285473
-0.2576425266
-0.2977587003
-0.3139180705
0.584772259
0.5659502231
1.340989867
1.30812645
0.2257144768
0.444994399
-0.01687346436
-0.03766976781
1.023343456
-0.02579497676
-0.2651691549
-0.4748224199
0.3656771101
0.06461703696
1.06419172
0.3202592
0.2218199128
0.746753037
0.9919448629
0.4813382633
1.06708442
0.2548502556
1.249521431
-0.8664482549
0.3717176136
-0.4755618013
1.6788472
1.015564984
0.138975135
0.6659138612
1.395584393
1.750432515
0.9381216079
0.6402320564
0.120148992
0.1899364121
-0.1291082512
0.3584275803
-0.3239903808
1.817263222
-0.08631236628
0.6255424321
-0.06247692853
-0.9994261771
0.04279080881
0.7829679854
-0.01613843665
-0.6137434155
0.2687156187
0.4678674042
-0.5841452077
0.5064956203
0.6938941196
-0.1986564888
-0.3155253081
0.5066898752
1.618203035
1.052914372
-0.4173784658
0.0611456071
-0.1298783097
0.195932043
0.3426612265
3.598802209
0.1950423699
0.347507395
1.486188161
0.3742184352
0.1280905542
-0.1476370592
0.3354412608
-0.180269447
-0.3978900537
-0.05916572157
0.09062165171
-0.22035334
-0.6860372126
-0.3423539169
0.4646922629
-0.07108487338
0.3984254133
0.4249194287
0.8585926816
-0.02445117086
-0.5620879889
-0.1859397354
-0.3875681225
-0.6414218634
-0.1059956232
0.8214361399
0.6016805112
0.07330392562
-0.2129674057
0.5296035588
-0.1174695832
0.1260441514
-0.6953203678
0.1377124528
0.2461704672
0.6547870316
0.8757476464
0.2202039569
0.0871782165
2.176515591
0.7832237169
0.05080112452
-0.4945984364
0.4449784504
0.4402596209
-0.5951261252
-0.209085327
-0.01149933767
-0.02503226884
0.26225635
0.157543245
-0.4660674855
0.130149466
0.149680857
0.4003335862
0.5733499996
0.4734998569
-0.1872060979
0.8134669952
0.07081305282
-0.07313916562
0.2999584097
0.6737445697
-0.321933396
1.328935221
0.5165515571
-0.3102380984
-0.6182989269
0.02823826671
-0.2556938093
-0.6283767968
0.03611370623
0.3320439722
-0.01500077192
0.05026136376
-1.050673652
0.3228501407
-0.1525903303
-0.08763940446
-0.3910932921
-0.194917425
1.143664637
-0.6764635623
-0.6738572538
0.0207125416
-0.5576965153
0.9246311277
0.1481197219
-0.1111121384
-0.6090934202
-0.505144006
-0.4406066947
0.3237983026
0.1502625928
-0.843259722
-0.09459287031
0.1660057902
-0.2358957512
-0.2575160574
0.4403069392
0.2731250614
0.8648005202
-0.3037382945
-0.2805027734
1.080727372
1.593063295
0.641587124
-0.09785615187
0.8894087389
0.4263913477
0.3373471035
0.8576926172
0.1510740804
0.5358780447
0.2099918224
-0.0379807774
-0.06770819668
0.887824513
1.553062731
0.268299683
0.4321690366
0.3117480595
0.6903084079
1.398601818
-0.02655480392
-0.1272437556
0.1169568542
0.8439202368
0.6418118402
0.04892120548
-0.1238585481
-0.07474861853
0.7546447918
0.3139915816
0.1820757611
0.6166252315
0.6412334695
0.5924089298
0.1513075238
0.6411346301
0.537001539
0.5204425175
2.528285867
1.602274129
0.9086018354
0.5117624164
0.1426595975
-0.1193249187
0.7312310468
0.5816716626
0.0368402265
0.7107619256
0.683416447
0.8138423651
0.6455718935
-0.02591262897
0.5617993362
-0.2635311805
-0.4513212282
-0.2715859756
0.9688591644
0.9187062144
1.092023101
0.5749927476
0.5225176349
1.205491573
0.9735178903
1.809255323
0.4082931845
0.3616738074
0.2784482412
0.2497980785
0.02902835757
-0.1759797685
-0.09679129161
-0.007092593983
0.3537750959
-0.1159913378
0.7063590258
1.754511988
0.8063807335
0.8874527939
0.7521195479
0.402912798
0.5255198356
0.8113432065
0.6754299194
1.186232942
1.361978838
0.4314456906
0.1149579471
1.635872507
0.3962518126
0.1811997665
0.4746483395
0.2492470842
-0.1382384002
-0.02031577732
0.0997808516
1.281588608
0.3219812058
-0.218921409
-0.1979416359
-0.8981108576
-0.1478767486
0.0823951887
0.5360551767
-0.9526374727
0.5799890757
-0.3414102681
-0.03242954891
0.036702136
-0.1509208241
0.06481595412
-0.2328582976
-0.1701725509
0.6233842254
-0.3017634019
0.561764095
-0.3050166309
-0.1046939969
0.4401490644
2.155798304
0.8566311941
1.112638712
0.6298958912
1.000183484
0.05583778601
0.9845035046
0.5485273298
0.6576124739
0.850669802
0.04608446471
2.087453139
0.2185525246
0.6187248036
1.169673869
1.369192447
0.04212509273
0.4062847458
1.559619173
0.7489333719
0.7473118901
0.4641860925
0.004735887796
0.8346512154
0.6323408499
2.399907666
0.9060848594
-0.2534614339
0.2196826316
1.123347124
0.9997230053
0.3711039791
0.6276264548
0.06919376259
0.7959202304
-0.1440017169
-0.4910660565
-0.5933069736
-0.03680761857
0.2738758243
0.3709565669
-0.09396662116
0.9178451553
0.3751347299
1.17764276
-0.714846912
0.3840936772
1.913962275
1.649381322
0.4727808759
0.9397936597
0.9200907618
0.7848075718
0.1023410002
0.4661393747
0.467011869
1.115131593
0.2570615064
0.3697571913
0.3966759024
0.09046739563
1.280963436
0.2007498359
0.1130144954
-0.1061317794
1.350531006
0.08007941428
0.2857306451
0.2920501072
0.5428099006
1.539989871
-0.1090048866
0.1997227394
1.385369268
0.2924614613
1.351724392
0.04286388066
2.369655049
0.04320335528
1.406248388
0.6404820304
1.206515017
-0.02961401902
0.198134473
0.5239042183
1.078301316
1.307686701
0.9093615487
-0.04720268277
1.958164144
-0.4367453814
0.03740217574
-0.0861387033
-0.3519789983
0.1506587759
-0.04990917053
0.7817563593
-0.4089276232
0.4777527928
0.8533684254
0.2111837756
-0.2890344553
-0.6365336239
0.4771081351
-0.3464182198
-0.1033922505
-0.0723409255
-0.5453955948
-0.3166102562
0.1820161935
-0.601791051
-0.3692083642
-0.3689892359
0.4293995941
2.842231202
-0.3007867817
-0.03427394051
1.250802818
-0.1435092196
0.392992557
1.024097216
-0.007218652032
0.3749634266
0.106094791
0.6283232756
0.3971163318
-0.6261580035
0.3073890643
-0.0384311581
-0.04860040415
-0.1631252531
-0.0749834273
-0.6612449482
-0.3866592959
1.307628709
0.1387807643
-0.06827261541
-0.04640234914
1.440072402
-0.5306504376
0.3639164872
1.090454201
0.03501717132
0.2917194217
0.4364197865
0.2108467426
-0.193251582
0.5572149649
-0.08824431859
-0.5097835451
-0.9103749007
-0.1531884237
-0.7876022846
-0.5246745788
-0.009390412644
0.0449916048
0.8053833067
1.439993443
0.2091843104
-0.3391534993
0.1337925769
0.1114024345
0.4804103523
-0.1269846858
0.04648088068
0.2348483526
-0.5390097231
-0.2725420898
-0.3897095986
1.362370473
-0.4113463521
-0.774598974
-0.1278606009
-0.000900644809
0.418293363
0.5308680788
0.09727094397
0.03875609729
-0.1194173802
-0.1599685319
0.3668494508
0.7714971179
-0.7618197471
0.2822449513
-0.7891437888
-0.4573613867
0.3529888757
1.063898003
0.5026602015
-0.09879486859
0.05339813586
0.6801568091
0.3167805515
-0.1084470352
-0.075939993
-0.4212033913
0.3308906909
0.4932333179
0.4234167159
0.2762621035
0.04041246213
0.02171450509
0.1295668375
0.1163780067
1.726844054
0.7370064884
0.2213809073
-0.2597981948
-0.2173539462
0.3153095163
0.394536315
0.8792740598
-0.1329548584
-0.3187593879
0.2485088523
0.01475357227
-0.1234793754
0.6056291284
-0.06650214866
0.2863772942
-0.1059561785
0.2660588242
0.8958935797
0.8887382552
0.6042579576
0.4288397893
0.4794550922
-0.09562678523
-0.1489408819
1.086547726
1.038839579
0.3213755097
0.3754860144
0.8893837374
0.01981897559
1.483899969
0.0199689867
0.7595123738
0.2278987635
-0.7894928187
-0.4860453308
0.09317777958
-0.6177257136
-0.5194171235
0.1452784219
0.2239394134
0.4964807482
0.2547150598
-0.7315238789
0.20957733
0.2741475979
0.09723604321
0.05564833526
0.9724116355
-0.775007382
-0.4540679708
-0.1719700119
0.2341267464
-0.6165037751
0.09486323558
0.0768133196
-0.09798632544
0.6759194434
0.7119185999
0.0708318281
0.277621068
0.6017809384
0.5649390191
-0.3839420067
-0.2015799358
0.3855055047
-0.0767864184
-0.1606583301
0.4296366759
-0.1963826711
0.3189340167
-0.6860409528
0.09836653257
-0.4423991114
0.03519681836
-1.414405537
0.0954132963
-0.5039018884
-0.2668496691
-0.2476133838
-0.2643571235
0.2197777016
-0.504095228
-0.1937275499
0.178565634
-0.0483919587
-0.2334851593
0.174603134
-0.9235878825
-0.009440516494
0.003673991095
-1.139565095
0.1896132067
1.206824046
0.4610982589
0.8444466636
-0.1578158587
-0.2864686802
-0.2134642698
-0.4309571415
-0.4595967472
-0.512403328
-0.3953760162
0.2382030944
-0.8345387369
-0.4993781269
-0.5706703678
-0.3539610326
-0.6529274642
0.281644186
-0.6124100536
-0.3416671835
-0.2709850144
0.3817083552
-0.1280626902
-1.043960832
0.3921049755
-0.2852636047
1.165959217
0.2850934018
-0.5764475212
-0.2021601002
-0.582688567
0.09634156576
-0.2089364249
0.2548349695
0.4532206476
-0.2582396518
-0.6559561759
-0.3201830115
1.078608268
-0.1039937604
-0.8398881167
-0.1781486614
0.008447281457
-0.5056287974
-0.4877833247
-0.3997675247
0.1887504704
-0.1372909915
-0.1971016075
-0.3415577076
1.952153116
-0.3946541429
-0.2528567329
-0.4701011881
-0.402357135
-0.4352743044
0.4341621369
0.009933011327
0.1649919894
0.2743050688
0.6653522864
1.106433308
0.5506518282
0.9898883313
0.1684449313
-0.2524705175
0.429971616
0.3944559783
0.9826271668
0.5102295518
0.5304702722
0.180877177
1.776015353
0.7584975034
1.137177014
1.324285209
0.2134593766
0.6554577708
0.5514373004
0.2202657992
-0.3761203945
0.2074651562
0.6507039756
0.335712409
-0.3957854912
-0.5970563084
1.162799174
0.01606312115
0.05438345801
0.744467847
0.6816819295
0.2747520344
-0.510843502
0.656725502
-0.2590123842
0.04887994183
-0.1285958268
0.1309939605
-0.1926360395
0.8546705186
0.4789993566
0.9793040037
0.6498929545
1.391635728
0.01999807032
0.563834583
1.214794931
-0.2942166258
0.01046261936
0.4192393817
-0.02259201016
0.9273491532
0.1480060291
-0.2037533037
-0.6313798144
0.3632997304
-0.2221015407
-0.4106887955
0.08809205778
1.100486207
-0.3654527139
-0.6679896176
0.986689423
0.0005431778729
0.8643903673
-0.03228976121
-0.9936852127
-0.5615695611
-0.4757922128
1.879925203
0.7215389937
0.4724015288
-0.7149087518
-0.1608290143
-0.8932944089
-0.2738930106
-0.6494202286
-0.6661012039
-0.4370335251
-0.02126467032
-0.3691372495
0.2070467776
0.0343155467
1.25321112
0.1628659077
0.5417747773
0.04808832668
0.2674027883
-0.152177991
0.1982148744
1.133755305
-0.0273103701
0.6367602959
-0.4138480946
-0.4979410574
-0.5508873194
-0.2627287913
0.1794129562
-0.351602909
-0.752802363
-0.3034136973
-0.5273130372
-0.1318388
0.2667234812
-0.3613195229
0.3145770146
0.6970901787
-0.2639876317
-0.3560923219
-0.8009481698
-0.8363793194
-0.07586818859
-0.2683839813
-0.9769625485
-0.09476889009
-0.5785468087
-0.3983379297
-0.2890720811
-0.08954960331
0.7760511532
0.09234267473
0.04116564319
0.2269950684
0.05683295317
-0.05765194371
-0.4079190224
-0.6152898967
1.054742858
0.3174346734
-0.3083884098
-0.01373740248
-0.6477642223
-0.6906070754
1.771850342
-0.4472837225
-0.5353198454
-0.6067409441
0.4446554035
0.1471829013
-0.4870598659
0.1980341358
1.462280348
1.208196682
-0.173689945
1.095529065
1.275492355
-0.5784201398
1.086376556
-0.4075693876
0.6751326427
-0.7201642036
-0.2968837492
-0.1733160246
0.05698901843
-0.003827931173
-0.5281583086
-0.4322085544
-1.296350589
-0.3093726289
-0.6578919783
-0.2668043248
-0.2046108834
-0.2586938372
-0.3195227895
-0.9606813848
0.4986654446
-0.2674713492
-0.5696241751
-0.3355631217
-0.9770098627
-0.2560955081
-0.06776906764
-0.3896126088
0.138842942
-0.334658305
0.009903513826
-0.05089504849
1.145909113
-0.01291815117
0.3416864496
-0.5682736546
0.9316160083
-0.1639904339
-0.1643759072
1.218489847
0.9535081774
-0.2547013467
-0.1137887854
-0.07286647372
0.264805568
0.7273162663
-0.7707618088
-0.1010083959
-0.1572803153
-0.6254750833
-0.6906466486
1.048031199
-0.796472919
0.4654957778
-0.01971356608
-0.1766487762
-0.01178054521
0.03586858111
-0.2006454019
-0.06007727589
0.1380637247
0.1350980377
-0.6147338293
0.2358297121
-0.1244361561
0.5574467428
0.4978912644
-0.4109277606
-0.07938323952
1.173551649
0.3733508967
0.1822334521
0.1681002468
0.0549364062
0.0203286184
0.4676686898
2.397926515
0.2907274962
-0.004192669876
0.01747796116
0.3725503627
0.6862579942
0.2369280739
1.285375756
0.3105062516
-0.0245897349
0.4704309206
-0.4484133154
-0.05492265206
0.5831610873
0.9639498129
0.01400963105
-0.07811155748
0.5436903174
-0.505057352
0.04169076085
0.744981055
0.8705827326
0.3027163702
1.796696049
0.8007097915
0.2484288909
1.668526676
0.3113732332
0.1621347515
0.655190821
0.5554255456
0.6613965198
0.3726754441
-0.1421067992
-0.1743907768
0.2106691551
0.1449547821
0.1031717187
0.1724183515
0.3514347935
0.4214089409
-0.2802938616
0.1833343346
-0.4774652153
0.1311058179
0.07569267824
0.4384491637
0.6003287792
-0.08364424389
-0.2050655745
-0.4163883179
-0.02802396361
-0.5184813365
0.02700101733
0.5328835092
-0.33201239
2.390463716
0.08284401139
0.9138742447
1.396370757
0.451518701
1.190358207
-0.145044072
0.2557335647
0.9856609583
1.142251045
2.273086172
0.8078033894
1.656771475
1.115985921
0.1336575457
0.5189168639
-0.2097537646
1.362331325
0.2023647513
0.5531298026
0.3512990652
0.9902884275
0.1339418076
0.1403763695
-0.2097880742
-0.6741391763
-0.1179233691
0.3645170802
0.05403639609
-0.297962163
0.0789992664
-0.1207856873
0.1359067408
0.1234975928
0.02164397212
-0.1188558344
-0.06045180243
-0.855787003
-0.5274000198
0.5636520252
-0.1990505353
-0.1211876946
-0.01553664245
-0.2234498763
0.8352471858
0.2561631552
-0.183913086
-0.4486254409
0.3003620052
0.7401063204
1.330752471
-0.2085532576
-0.07391394526
0.4743529473
0.2731404353
1.022390167
0.9868615925
-0.0473593967
1.463150954
0.03538245019
0.493225839
0.6361390084
0.1477065304
0.3822710626
1.00287313
0.2173084015
0.8550990999
1.394664717
1.464805266
-0.1298408065
-0.1040710023
0.4899083629
1.620913309
-0.476082176
1.050315353
1.271456245
0.2359759284
0.3587509224
0.096070778
0.3551503371
0.6432787865
1.250550431
0.02971397974
0.3038279887
1.874308091
-0.1363421943
1.560899445
0.1427113185
0.4251525894
0.9901189297
1.055279815
0.8039687917
1.19464317
0.3738543836
0.6605003178
0.8740425497
0.004863958992
-0.127749587
1.333359313
2.380458927
0.5460622087
-0.08893549824
-0.4840234622
-0.1108161391
0.1244967752
0.2893938642
-0.01190950684
0.7131598644
0.2867040463
0.4981702015
0.006709784409
-0.6583998293
-0.2942842061
-0.008282438852
1.246115208
0.0878860584
-0.3926834822
0.6446501672
1.191337922
-1.125795338
-0.3708835691
0.1584395112
0.02499687262
-0.4347593069
-0.6772848323
-0.2207361467
0.2011081167
-0.2281932618
0.1475372473
-0.1031173829
-0.5672781065
-0.6249493569
1.057260861
0.7879731849
0.6978024468
0.470295231
-0.9504036188
-0.03050160315
-0.2192959027
1.127406287
0.1528347443
-0.3094707764
-0.1944519758
-0.8452188969
0.6099629447
-0.4684592813
0.08046607003
-0.4245119765
0.2191918079
-1.470213312
-0.5682970345
-0.7288669422
-1.370643908
-0.09984513363
0.362485234
0.1205419184
-0.5137668118
-0.6878056079
0.6064932123
1.307134899
1.296408439
-0.3398528829
-0.2846776392
0.1154550259
0.5821441263
0.1429825718
-0.5834727913
-0.2332437392
0.3611246154
-0.1752721695
0.1703925068
0.5243917048
0.9133554608
0.1017243158
0.6721032172
-0.6722445056
-0.4991506152
0.3861179739
0.3422981732
0.2944099944
0.2828833584
-0.4056383465
-0.107545743
-0.3509879157
-0.1526391841
1.149587077
-0.1780048778
-0.3711611532
0.1383989869
-0.3530713396
-0.5793623835
-0.2139279313
0.000835397467
-0.3002938859
0.467128513
0.05981935477
-0.9030064523
0.1900171239
-0.01582161002
0.5010529868
0.0671139935
0.9290881082
-0.1106000828
-0.8411101609
-0.2682486244
-0.1972215949
0.08194903713
-0.429612818
0.9965041071
-0.5729483858
-0.6087997198
-0.3755949296
-0.1056995209
0.03313915655
-0.8596800998
1.327890274
-0.3151860777
-0.4775967453
-0.1009249393
0.8789342433
1.167419106
0.7165833637
0.9951474339
0.3128506325
0.3282279996
0.9524869442
0.008514796291
1.521206045
0.2569786658
-0.2466726609
-0.6316356167
0.4468494803
-0.03802446574
0.7987128556
0.1265637729
0.9628378481
-0.378089644
-0.2749487842
-0.04889022447
-0.1865089688
0.05214901939
-0.5972425766
0.07087174784
0.1253337624
0.3558001576
0.174591169
-0.002385899611
-0.06197630921
0.197905612
0.3510895044
-0.2306796625
-0.006977604423
0.5568417214
3.175061905
1.332457468
0.861498023
0.8502774328
1.153005946
0.4722129927
0.2800129432
-0.07994820699
-0.01702604126
0.7022291675
1.572209513
0.6785389826
-0.03626863621
-0.5573308915
0.4704685345
-0.1247234544
-0.08068243526
0.8602590322
-0.3312869832
-0.3803795442
0.3995098792
0.320735525
1.053312103
-0.3261170521
0.2855332407
-0.3742618173
-0.08819814203
1.057925889
0.4267412158
-0.06670243545
-0.5492487743
-0.3135018453
0.9084688045
-1.257563829
2.094384557
-0.3462732852
-0.2615740674
-0.3013675984
1.342253414
-1.239530104
-1.004042605
-0.4735505424
0.4930036983
-0.06487638131
0.2874712804
-0.3850958049
-0.5699009418
-0.1455942996
0.8866723031
0.2848532718
-0.01697908696
0.3482959844
-0.001438896731
-0.3726525486
0.4398939326
-0.36899838
-0.745462513
-0.5901987337
0.2432681046
0.4186548956
0.8569936007
-0.1476318356
-0.3566436887
-0.7366723031
0.8812828988
-0.3155014306
0.03891344918
-0.493924734
0.03875274137
-0.5110365361
0.9498458236
-0.08805931257
-0.8731322467
-0.6347358014
-0.3150123775
-0.5654477268
-1.034487188
-1.085788193
-1.231443533
-0.4952808872
-0.3700985637
-0.8199314713
-1.456173617
-0.4643851459
-0.7578695863
-1.409963548
-0.7950402409
-0.1314790424
-1.276578212
-0.6668608636
-0.8183970302
-0.6045626327
-1.141951442
-0.5465861656
-0.5995558195
0.04157113889
-0.305939436
-0.2973281002
-0.5755852714
-0.3128909595
-0.1946288774
-0.9000068873
-1.000841904
-0.757036224
-0.214116369
-0.5231862113
-0.68438586
-0.3938209936
0.4732339812
-0.664776817
-0.61104853
0.05495061819
-0.1568399856
0.4827591352
-0.2879928846
0.6201176573
-0.2117053136
-0.08200801602
-0.3311303988
0.2324943207
-0.179576689
-0.4227801248
-0.364580413
-0.8832429945
-0.7606420755
-0.003005867451
-0.5575338915
0.01866875794
-0.1592592492
-0.2274618238
-0.9247971773
-0.7571375102
-0.5787262768
-0.7523783654
-0.2763407944
-0.4739234969
-1.054477814
-0.4973619223
-0.5143933497
0.3335395163
-0.321379023
-0.07521593487
-0.4354604587
-0.5007119983
0.7597460944
-0.5263250872
-0.1033886506
0.3527417026
-0.1440090794
-0.3761326179
-0.346498929
-0.3071849879
0.2412373023
-0.4783394381
0.118064284
-0.247451926
-0.3145410776
0.4340528522
-0.09602210466
-0.830863741
-0.3237865608
-0.46086808
0.7300152019
-0.362445648
-0.3168802269
-0.05646741856
-0.01801185952
-0.3662948743
0.5253345214
-0.3342754275
0.03284846749
1.595909977
-0.9466602162
-0.3575700745
0.2977145664
-1.021788475
-0.3674113676
0.4011449292
0.6453935809
0.03717672825
-0.179147988
0.2176188548
0.2908336833
-0.6447599217
-0.6137081601
-0.7794425726
-0.6287935116
-0.901608032
0.6679433644
-0.6908987343
-0.9669719875
0.0482994033
-0.5897129029
-0.238497819
0.1039483166
0.3596076883
0.2783570212
-0.1799913819
-0.1519182999
0.052925085
1.719813377
-0.1490404977
-0.09127664547
-0.8382131517
0.7015277341
-0.9965782225
-0.7504149765
-0.4635532126
-0.3524093337
-0.7727376044
-0.5043556079
0.2334115768
-0.8833262682
-0.2460915525
-0.1577326446
-0.302455283
-0.2069110131
-0.01566663655
-0.7547801465
-0.4031012446
-0.4352195747
-0.6119467646
0.6494315282
0.1843146423
0.2015109306
-0.05473570507
-0.90036982
0.3573192032
-0.500352706
-0.6521552503
-0.9230018631
0.3099838492
-0.5265463442
0.3381996542
0.9546041071
-0.5464647233
-0.3245106794
-0.4557410564
-0.7924913362
0.1225049464
-0.5419456586
-0.2801482245
-0.5464537166
0.1347615317
-0.3028731138
-0.1291206054
1.010040092
0.1573155086
0.2319659475
0.5171229869
-0.4883265153
-0.8303911164
-0.29587804
0.296130944
-0.6229510546
-0.7451580882
0.0420546669
0.3144276977
-0.227046892
0.05363150518
-0.1699069656
-0.3646072559
-0.1045063866
-0.8386548012
-0.7705003977
-0.44958819
-0.9387026519
0.3511868395
-0.2180472909
-0.410309615
-0.3862340018
-0.1436764707
-0.3361042976
-0.3253751913
1.692482749
0.4969652966
0.8918016911
-0.3451011289
-0.3335206464
1.049301204
-0.6756434798
-0.5035395116
-0.2118229043
-0.07301166356
1.481061524
0.2556589097
-0.6070456043
-0.1693822009
0.1552773703
-0.7351526916
-0.443520166
-1.414668834
-0.2754396683
-0.4559340373
-0.1584967917
-0.3669097103
0.2972848298
0.04264597939
-1.124515131
-1.001271772
-0.7814174116
-0.6563757628
-0.2602714479
-0.01493423805
-1.031293544
-0.1722801272
-0.2856581897
-0.9198139697
-0.405362694
-0.3938007221
-0.1898574656
0.09863913078
0.4069944408
-0.5580354407
-0.1312911214
-0.3441633351
0.9914240599
-0.2637651951
0.6576784361
-0.04225221509
-0.3392602405
-0.2993535221
-0.01993805785
0.7821504086
0.1472089667
-0.08198575629
0.03280097814
0.04630996045
0.7056795649
-1.152396798
-0.1502993787
0.07422346389
0.3501549
1.199439859
-0.826822415
-0.5908196181
-0.1535995586
-0.5492637962
0.9060393617
-0.5267071426
-0.2397482453
0.3385554621
0.09886902701
-0.6739195123
-0.7315450951
-0.2965473399
-0.01530835927
0.1918943625
0.7599188209
0.3369741648
-0.5499017343
1.161430922
0.7014728114
-0.2003906687
0.3985508297
0.3972048141
0.1563988904
0.2388620767
0.6471941814
-0.2147654548
1.178539678
0.02376588602
0.005400892999
0.5219139203
0.6819780745
0.03055617167
0.6248968035
0.1404979168
0.04955285024
0.1772376308
-0.02389440117
0.05285788029
0.5070669517
-0.3638199419
-0.9700679421
0.01966386177
-0.002347187139
0.1895775635
0.3333734311
-0.04487725096
0.9500681758
0.1046394167
0.1404258758
-0.1385125307
-0.155554026
0.04528650595
-0.007143582543
3.170272398
0.3381100889
0.4834081553
0.6225867912
0.06247151755
-0.1197537305
0.1467957157
1.245434409
2.194525307
-0.8037976801
-0.0881504247
-0.7998511076
-0.2358856037
-0.07464559823
-0.9279216617
0.3395263092
-0.1786641538
0.7929002035
-0.1188042026
-0.01986401621
0.08190657292
-0.1804949412
-0.3362942391
-0.5018566415
-0.6055576339
-0.2823508885
0.3373504654
-0.2898627682
1.822908539
-0.2905188099
0.1308148657
-0.1048866302
-0.5119285882
-0.5725264728
-0.18299804
-0.02321305173
0.6224742945
0.3023483872
-0.5158026248
0.06500456817
0.0923096342
0.6278129384
-0.8087118864
-0.1145932661
0.2448725018
-0.4941960074
0.1255591347
0.8596031219
-0.2560651861
1.156608525
-0.3530360021
0.4363444448
-0.3332076997
0.4586284813
0.1678537346
-0.4563642234
0.1784315808
0.08394369781
0.265761329
0.06182638668
0.2186672226
1.488127622
-0.01620982178
-0.231972139
-0.008202278521
-0.1168929772
1.359261882
-0.02448199876
-1.000835636
-0.8595105976
0.4003304385
-0.2717423953
0.2713212151
0.8845670626
-0.2200193694
-0.4178124443
-0.2666247182
-0.7600619793
0.4679008693
-0.3040920779
-0.3489583172
-0.6472575977
0.2682319552
1.29941566
0.8204961285
0.1508112991
0.2659200436
-0.003923386335
0.3893998671
0.5554256931
0.392093531
0.06958829286
0.574894923
1.674588165
-0.2547793255
0.7324989855
0.65696989
-0.6263723373
-0.5472579874
-0.3050895642
-1.057970104
-0.7185869545
-0.13309923
0.140260068
0.1329392869
0.1219859927
-0.2673611864
0.9515898526
-0.6020788074
0.1676082897
0.6448157236
1.148046431
0.3531089082
0.3152751433
0.02190172579
-0.4063329741
1.021035239
0.9756039798
-0.3593758544
0.7072813615
0.3934278719
0.2513119579
2.063687319
-0.1243802605
0.1386730045
0.4759542361
0.6310997784
0.5889130171
1.609268632
0.2177555408
0.1484855811
0.1955987887
-0.5306517772
-0.283402976
0.867463284
-0.2270713624
0.1599403217
-0.5738371611
-0.5722621251
-0.3139769562
1.195502749
-0.1078545686
1.054750624
0.07617152892
0.1107904181
0.6974556878
1.140779787
-0.2964064077
0.5905117042
-0.1853017733
-0.05076912064
-0.1232148277
0.1514961245
-0.7499967128
-0.3855832338
-1.025918481
-0.7965555251
-0.3178865846
1.325281185
-0.0195331024
0.06836199723
0.2998564832
0.5118050441
-0.2753248923
0.4201166615
0.1793230395
-0.1195378957
0.1923396721
0.8669679329
-0.02174915876
0.1111272566
-0.4607919365
-0.0528468783
-0.1009535437
1.265656468
0.4496865943
0.0177497847
-0.7508575588
-0.4890888914
-0.7307698369
-0.6704319954
-0.9678611815
0.53236937
-0.4382552877
-0.007931785379
-0.4875454634
0.5504419917
-0.6491117075
-0.3274061866
-0.1448158678
-0.4409563914
-0.04168143142
0.03709871359
-0.05831742254
-0.2005174078
-0.4369107381
0.4283818264
0.132065625
-0.4709328823
-0.8888275117
-0.7103781044
0.4869815305
-0.4759676851
-0.395581013
-0.2976906274
0.5065051198
-0.2005932095
0.594986324
-0.4261355951
1.300196618
-0.2664955966
-0.6394112855
-0.5195479751
0.1305828608
-0.1900599539
-0.7284556687
-0.2185588205
-0.7707595974
-0.689501597
-0.131821223
-0.7797330648
-0.7192043751
-0.1002054374
-0.3905413255
-0.04595507719
0.4515591055
2.04776333
-0.7331619769
-0.831137228
0.09487071801
-0.4102162369
-1.548116261
-0.1601138419
-0.2059522805
-0.05032758992
-0.2498497043
-0.1525413573
-0.0766051868
-0.02999967318
-0.7914605945
0.2737940527
1.324803285
-0.1356066179
-0.4604053885
-0.1540525436
-0.6044283569
-0.4201463535
-0.06674235277
0.08473550882
1.083390853
-0.5056308612
-0.09324993454
0.4421503295
-0.01453468613
0.06403836645
0.1967668709
1.052394447
0.3600131486
-0.525138393
1.375552976
0.08128792611
-0.5259057403
1.140226787
-0.6208797604
-0.2609993406
-0.02420289759
-0.653055647
0.2730699768
0.5440215543
1.137084644
-1.314137393
0.2945535043
0.5661954932
0.2799040707
0.8235111684
0.4547491558
0.720534505
0.01791732162
0.1279255146
0.2473313771
-0.3554031689
-0.9581430495
0.6630489126
0.0106314512
-0.3160699092
-0.5296706498
-0.2730234399
0.2624613378
-0.3908925787
0.3176432896
-0.03142190687
-0.1825951962
-0.1875708787
-0.7636984378
-0.2903325379
-0.5995436519
-0.7020889029
0.2943106079
0.4424378492
-0.533538425
-0.2391865153
0.352567128
0.4211859211
-0.2360641064
0.1333670147
-0.1397638343
-0.3229494177
-0.2959417675
-0.730860278
-0.4796312168
-0.5932223126
-0.1129154795
0.8100929096
-0.01855875552
-0.2164618477
0.5059824347
1.860269052
0.452674675
-0.6317209929
0.3915301807
0.0909437432
0.6046394907
-0.2170751894
-0.01181391515
-0.3133920416
0.09638465401
1.101587962
-0.2485204486
0.02655559704
-0.4883721694
-0.6103135839
-0.266795963
-0.5121447057
-0.5995357364
-0.8942966282
-0.4294776112
0.4410195097
-0.1981740899
-1.218667859
-0.6439982533
-1.054003638
0.289564321
-0.6611749187
-0.4534775198
-0.5499375507
-0.9136514753
-0.3181674007
-0.06699275905
-0.3865377426
-0.3551075317
-0.5095192954
-1.07119337
-0.4810133398
0.6069611475
-0.194192734
-0.3691875197
-1.022231969
0.0297336068
-0.464334926
0.046901369
-0.03083192511
0.4412614487
-0.3837443814
-0.3316956416
-0.2833738249
-0.4998440489
1.344345269
-0.3765967846
0.2020119186
-0.5042359702
0.03203638792
-0.5305818692
0.8510491371
0.117920214
-0.7334361643
0.2265901443
-0.3710944831
-0.6713959992
-0.1044425757
-0.1568112722
-0.6815392286
-0.5802163929
-0.2838546403
-0.3161092743
-1.297761312
-0.5775872201
0.04598084395
-1.12704283
-0.8793198436
-0.7000873834
0.2262138116
-0.3634988017
-0.5658368826
-0.4319662519
-0.1188104959
0.1067643689
0.296721226
1.281014019
0.8400908917
-0.5588261142
-0.2549326349
-1.3726978
-0.08680389896
-0.304111094
0.2141207371
0.02633747924
-0.1190563841
-0.4558287293
-0.09255702095
-0.563726221
-0.3537173457
-1.047558731
-0.2340213079
-0.6896167517
-0.3270727508
-0.08562125778
-0.6851540253
-0.00771493772
0.0245202031
-0.6120045587
-0.4254174046
0.3769757427
-0.3019890167
-0.9248351783
-0.1800254072
-0.8092955887
-0.7476804242
-0.107447204
0.2072556209
-0.748952052
-0.05541314129
2.218145269
-0.2400623143
1.181020445
-0.1933487238
0.2696474321
-0.3422742739
-0.2423586516
-0.2514715686
-0.2934903988
0.4428808669
-0.06995346285
-0.3127850171
-0.07521483726
-0.484954007
0.4781021349
-0.6848171502
0.2178880088
-0.4532774851
-0.1768815339
-0.3458278008
1.636013037
-0.9149957031
-0.1961511054
0.6174103245
0.667895266
-0.4236169383
-0.08845919315
-0.7771781176
-0.2343905518
-0.3216611497
-0.702606988
-0.2141125042
-0.4782040924
1.021341097
-0.2454332694
-0.5405294865
-0.6307411626
0.0398889631
0.9438661069
-0.7474522129
0.868610768
-0.3163747393
0.3497629113
-0.07216911716
-0.6807562977
-0.6777932987
-0.3672092281
-0.5696667627
0.509323296
-0.3838349096
-0.6290441409
-0.4924256817
-0.9453866631
-1.006728917
-0.1313750925
-0.6514739037
-0.1295783014
-0.6042814955
0.2489818644
0.3107458483
-0.9934363574
-0.3941968229
-0.6375304237
0.1245561973
0.1097678673
-0.6367492363
-0.1767020846
0.01758444048
0.09140876532
-0.6227357149
-0.3752204396
0.8198064074
-0.9067968339
-1.292923278
-0.4756048992
-0.3328820441
-0.5734463215
-0.226894423
-0.7103603527
0.7711046308
-0.03118043859
-0.6414028987
-0.3226026922
-0.6819909036
-1.197356722
-0.720005995
-0.4971708283
-0.450251478
-1.346149009
-0.6104975939
-0.2261510197
-0.5677800819
0.006709005218
-0.7572650671
-0.8235303313
-0.5061938949
0.9199444428
-0.3645227097
-0.9639710575
-0.5702140722
0.3531221111
-0.7956878752
-1.005583858
-0.2963382281
-0.8150093943
-0.9135416925
-0.1791773632
-0.7842803746
0.2327361505
0.09940511351
-0.06904505966
-0.139346012
-0.4327165842
-1.27901659
-0.2545914849
-0.9279882014
-0.1245867923
-0.2886901116
0.3257685572
0.2391828888
-0.01715772999
0.1750067994
1.006635353
-0.2750164188
0.1846025994
-0.4581729591
-1.048669761
-0.1304936806
-0.2900339723
-1.203857753
-0.4608817719
-0.4782226443
-0.9143921047
-0.3927084938
-0.1863465253
-0.3617919311
-0.4658407435
-1.327940357
-0.2083311416
-0.5492204994
0.3312616302
0.5959072828
-0.1537442869
0.6288076699
-0.680401729
-0.137419939
-0.6149138168
-0.2933737805
-0.263389123
-0.463125433
-0.1676468756
1.341808498
0.02452344503
-0.4417852685
-0.00603545215
-0.2994957201
0.3220057022
-0.4622184813
-0.4993885025
-0.8939610481
-0.1710581362
-0.08717564158
0.5916408673
0.2229706415
-0.123352639
0.009482329711
-0.3283964328
-0.0241110852
0.2465704516
-0.05351717863
-0.2480075371
-0.3865515694
0.05841460042
-0.05817349576
0.2013481416
0.07431095401
-0.6761484355
-0.3509297863
1.347735053
-0.2305742025
0.9506135419
0.2918378055
-0.9677389562
-0.2899262387
-0.2337961774
0.2221710511
0.3787739895
0.672699374
-0.1778666873
0.3365616878
0.2900594815
-1.165060958
-0.1706870921
-0.5437986866
-0.01336257895
-0.8526675105
0.3898777142
-0.2598658003
-0.2677149728
-0.2964021258
0.0926601911
0.5998188451
-0.1884675955
0.006092380174
1.612930256
1.332571432
0.5721640535
1.217760992
0.5020673089
0.8189555898
-0.3265534053
0.2698134754
0.6897388458
-0.2360885389
1.264128688
-0.1743507029
0.1121593557
-0.1570009959
-0.6821884185
-0.8934008121
-1.390108123
-0.3311444916
-0.6462444365
0.3826167662
-1.329674906
-0.4518598676
-0.4061813623
-0.6907438949
-0.4195309326
-0.5083205536
-0.6302604273
-0.789129582
-0.6896880537
-0.299220461
-0.2347746864
-0.9622645825
-0.1287871564
-0.431190604
-0.5251716897
0.01834493233
-0.1760070506
0.2287867882
0.2432142291
-0.4989382759
-0.1311440712
0.6604898721
0.03077624813
0.4653748302
-0.3684355617
0.3977642355
-0.02338348087
0.6633684317
-0.5809516013
-1.141176981
1.292257392
0.2515055221
-0.254578742
0.6815568626
0.3375082918
0.1151173262
0.4467015415
-0.3414878815
-0.7819888085
-0.1414336245
-0.1552618621
-0.626418601
-0.1723237317
0.07677183221
-0.03111565784
0.1896359775
0.2776342027
-0.2230828099
0.4654719986
0.1150741328
-0.3664326869
-0.04748187587
-0.3980370484
0.4692671809
-0.3756851181
1.01941371
0.5503994331
0.7985221297
-0.0195177149
0.1060943092
-0.32523987
0.2246772943
-0.1953258352
-0.07662575822
0.2827984948
0.1488060092
0.7018902108
-0.1799149722
0.7439430147
-0.361690012
-0.01887298897
0.03988370895
1.985617942
1.22764101
0.157959851
-0.115407284
-0.6673974931
-0.05744163664
0.1974282211
-0.1440824274
-0.2204221135
-0.1424167803
-0.4565538913
-0.6416416585
-0.1628116965
0.1488235474
1.518855476
-0.8278495848
0.1913224163
0.8120340765
0.6647718608
0.3361129861
-0.4399610147
1.130564481
-0.2180963596
0.3078057939
0.6241999671
-0.343813251
-0.1021867212
-0.09195386823
1.709781659
-0.03609202802
2.260957313
0.167614422
0.08226634399
1.900595987
0.6015664533
-0.1657234656
1.024148375
0.9676544219
0.1272521451
0.4595734358
0.2885504019
-0.07534265649
1.095200107
1.00915674
0.7756225064
0.05204971461
0.02259584749
-0.08060155548
0.3236306982
-0.1293735052
0.5382269397
-0.4702016219
0.1740874279
-0.3584543351
0.09868196957
1.4228104
0.06395110996
0.4886025637
0.378522365
-0.3293001588
-0.1709400047
0.3464043818
-0.6653991953
-0.3179174118
0.227064999
0.182236997
-1.015126631
0.4125354566
-0.8235521898
0.2562662387
0.8252645627
1.404349846
0.03733907975
-0.6829130977
0.6458169192
0.6077834845
0.2654327232
-0.0500149617
-0.6414409816
0.1115618192
0.6797107071
0.3437700097
0.3015453849
0.5937867716
0.4020295564
0.7292000383
0.9901843846
0.02436585482
0.0706615299
1.007177803
2.166370773
0.9500126317
-0.639253968
-0.06726481356
1.351781672
-0.1743078711
0.176626012
0.04510440119
0.1089143121
-0.8753383756
1.192963931
0.139924515
0.09140510913
0.3705209561
-0.3174077652
1.466653284
0.7573648274
-0.5678791404
-0.03504071012
1.169379565
-0.04480548613
1.078036094
1.210592628
-0.049184178
0.1697499245
0.9706198156
-0.1785966204
-0.09484569728
-0.08096095063
-0.1951258637
0.8035321042
0.01596790738
0.162518301
0.0992128646
0.2284930877
0.1963023251
0.4461305924
-0.3158328459
-0.4502936423
-0.5831576511
0.1590145566
-0.9941658616
-0.1641058721
-0.2956622722
-0.2156745926
0.3454321839
1.590382165
1.182321227
0.01042311573
0.1395067444
0.5533081099
-1.009745571
-0.153442886
-0.1117807623
0.5386700524
-0.5081040118
0.3114027612
-0.1755173853
0.209074227
-0.5582526803
-0.1185224986
-0.1531077934
-0.2961321585
-0.5466507554
0.2231064388
0.2859555174
0.2966313618
0.1913361806
0.1232160892
-0.4680602454
-0.2321072964
-0.1341227088
0.3947405066
0.03562918669
0.6179691166
-0.1416548252
0.2051726464
0.5009647638
0.9033445865
-0.09956739182
-0.1049237477
0.4457579862
0.7859835356
0.890729107
0.8387784243
0.8457144886
1.657820266
0.6254965212
0.7577672958
-0.2776796337
-0.1832072441
0.5332943007
0.8508858368
0.683332704
0.7841595598
0.4112938903
2.783843839
0.04073359575
0.8658446401
-0.360615854
0.1526202531
0.0657223573
0.8704981789
-0.02948481292
1.41462951
0.3594393026
0.2814942645
-0.03147977404
0.1299148018
0.6078743771
0.1670549247
-4.485063255e-06
0.8885591745
2.397731972
0.2849617448
0.3792580768
0.4336781971
0.9444609195
1.343397862
1.02577223
0.6758718319
1.012330688
1.554262093
-0.4777646542
-0.2138668193
0.2927312134
-0.173707841
-0.176470919
1.067657945
-0.3246142536
-0.2912934825
0.353062509
0.5040546097
0.2787672303
0.1052125392
0.1057414155
0.01677075811
-0.001487800712
0.2243801234
0.02544361185
0.513717331
0.5302697986
-0.08924472183
-0.2937665619
0.2362071668
-0.1497722637
-0.3564302135
-0.4279064864
-0.4568878777
-0.2596700404
0.6844965994
0.9450559288
0.3790900043
1.651386225
0.8585194588
-0.4168898154
-0.2572949044
0.235366537
0.5670324661
0.7188947052
0.2890268845
0.5586251497
-0.1255532734
0.083066006
-0.2963400856
0.220099294
0.3672261402
-0.8089383841
-0.2210837726
0.00375187695
-0.1208718072
-0.6702670336
1.541266173
0.8653399974
0.7066482902
0.6415339507
0.3550671071
-0.4974783204
-0.1311682843
-0.1481066509
-0.4323537946
0.4688339435
-0.2773102392
0.4539685272
0.2741608575
-0.2529421189
-0.9729251742
0.2635810492
0.03246560879
-0.3735486403
-0.1463660277
-0.05797675131
0.1498774167
0.6168133268
-0.3011013791
-1.333810961
-0.3093330517
-0.09346499695
-0.2822461501
-0.01399259865
-0.4103271592
0.3788297892
1.269004738
0.04496860895
-0.09425772512
0.5217998207
0.6474345125
0.2126700683
0.7948147818
-0.0909257235
-0.01062150411
0.8859046519
1.297030136
0.2599940875
1.724777681
-0.3896286443
-0.2261153346
0.2163740725
-0.7831450418
-0.05316580106
1.067539623
0.7466493189
0.3190889847
0.2196817942
-0.0908471657
-0.1056883857
-0.4681047417
0.6998074785
-0.4139039591
0.01760142092
0.2211640157
0.09628106467
-0.33493907
0.477163291
0.1183627553
-0.2314438677
0.3079889703
-0.2584345106
-0.03659895277
-0.2603315473
0.1175981359
0.4998173557
-0.5209472097
-0.1517724944
0.2885160556
0.6166881654
0.06574891256
-0.6471151978
0.05898300689
0.1752553633
0.1609822543
0.847470966
-0.07736543342
-0.3204369821
-0.1334538555
0.5447693981
0.230530417
1.065140274
1.196845445
1.320489767
0.01270487243
-0.05404740199
0.7613875091
0.2862483002
0.2597684267
0.1000796007
-0.3307606768
-0.00163889844
0.05894769132
0.5252424538
-0.1944244921
0.4375527196
0.1900239201
0.4015447762
0.4426685274
0.363369235
1.092433625
1.293192233
0.3671437548
-0.2450318974
-0.03293989487
-0.2548537001
-0.09010550492
-0.2531938504
0.189773991
0.06978246365
-0.2288031679
-0.1040674075
0.1696478369
-0.6799932659
0.09110320965
-0.1897745669
-0.6909848332
0.415822326
0.4424098417
1.661553279
-0.3717203796
0.4635862453
-0.143863705
0.3923484236
1.89221651
-0.1869141677
-0.2006503358
-0.2066548962
-0.1289312251
-0.2213593461
1.23142148
-0.09507368691
0.316474447
0.5261680812
-0.5552682191
-1.006620714
-0.7244613528
-0.0029014498
0.6623754703
-0.1412477914
-0.451986751
1.437539133
0.03236485627
0.1218338769
0.8474165335
0.5907923773
-0.5268933833
0.02501962828
-0.2417361479
-0.1113490369
-0.4857843637
0.6583057344
0.1230053774
0.08394973669
-0.4719900995
-0.1400442604
0.07221988142
-0.08549597077
0.4356517125
-0.3154734518
0.01770629389
-0.06286942428
-0.5678383842
0.5663540065
-0.4460692912
-0.4016412109
0.5154455677
-0.596014218
-0.4911119089
0.1028305428
-0.676377283
1.228293028
0.04665247984
0.2637293346
0.07349375747
0.351547363
-0.4136040822
-0.2666485474
0.1337503371
0.7071366072
-0.1944333952
0.9088271111
1.405619538
-0.3314776063
-0.176365833
-0.570542467
0.125001577
-0.6591673449
0.3534753222
-0.7153084785
0.3293840711
0.3045389311
-0.3894308094
-0.07396507119
-0.7392785668
-0.1578682222
-0.04084708616
-0.6119864926
0.949327758
0.3835576151
-0.5052848473
-0.1144601397
-0.4810397215
-0.3093860976
-0.2762960499
-0.2648531849
0.6412806928
0.09449316547
0.03945259042
0.02532986663
0.3784199968
0.1758616189
-0.3052312735
-0.7210898966
-0.2002687786
-0.3436392896
0.5345331736
0.657375598
-0.6035521984
-0.2736908175
-0.1369972371
-0.4193807801
-0.80047566
-0.2632164257
-0.3876088683
-0.5423177391
-0.6135976091
0.7580109969
0.1619118392
0.4225937668
-0.582169503
1.388688317
-0.6161525548
0.3711907886
-0.1729000939
0.1157098138
0.9851379707
-0.16730709
-0.1750828454
0.6039143264
-0.08993071783
-0.1263083288
-0.1138374757
-0.1930585854
0.1812293751
0.3198343901
-0.5006283775
-0.3466511726
-0.3740479097
0.4875963911
0.2091697991
-0.03849713868
-0.01616330277
0.07019411512
0.2704961212
-0.04306275751
0.2505270664
0.184519135
0.2722749721
0.3483099926
-0.09645609064
-0.7670227394
-0.3241634041
0.6998183757
0.1074785428
0.9865768403
-0.2646903899
1.341637653
1.365241513
-0.1646572702
0.3788211146
-0.2792644214
0.3097051956
0.7996115088
-0.1589842396
0.8118316025
0.4070390961
0.3241412163
0.3716589481
0.214848724
0.3800579841
1.291843888
-0.5509409234
0.7144788459
0.7438075125
0.2900832228
-0.6290165514
0.4027778611
0.8005355641
-0.1632993339
0.4099240684
-0.3615010016
-0.05336947618
-0.5455626037
0.4058915795
-0.3780498959
-0.246648092
0.3633460704
-1.024786958
0.358293302
0.3362239598
1.411210749
0.2087398876
1.025633928
0.1499871176
0.7792449623
0.6289714858
0.3838257287
0.8233591646
0.5906233862
0.8804283947
0.6338227917
0.7463394433
-0.1024473801
-0.01987673342
0.2783473757
0.3722747877
0.09939622618
0.7409719899
0.3950233156
-0.1341054469
-0.242171995
0.1218850234
0.02271885406
0.06017727377
-0.3111709915
-0.4305411115
0.5032381848
-0.467934984
-0.5343619972
0.1251701877
1.107496643
0.3237751015
0.2546580369
0.6010047786
0.4708753033
-0.323025658
-0.3567615159
0.3391444094
-0.2214275218
-0.5761161581
-0.761170952
0.2363966689
-0.2282703772
-0.3159428723
-0.3294043317
0.9971579492
0.1899362393
-0.221566923
0.07945702719
-0.6534526929
-0.4419103604
-0.5100351185
-0.2006079627
0.2308064997
-0.32891481
1.028617743
1.037007846
0.5419519927
0.1495381948
-0.2839825783
-0.004860170931
0.2988224596
1.053348413
0.6632384881
0.3594888207
-0.05177299082
-0.3409044133
0.5423384607
-0.1113550227
0.06150275692
-0.1485962586
0.09488258474
-0.2695727989
1.697025609
0.1584967625
-0.2905727366
0.08155323742
0.8277215838
-0.06676483024
-0.507901394
0.2107893355
0.0824614157
-0.2501500875
0.4115659997
-0.3441098265
0.2647809139
0.05771531016
-0.1108135736
-0.7588614807
1.433867922
0.5606933206
-0.1042031301
0.8606404632
0.6633071303
-0.2253085576
0.4769321259
0.009406940825
0.399249116
0.5227183342
2.401363742
0.758519379
-0.2517066859
0.8954135925
0.8833895534
0.08977653179
0.5919632267
-0.7730271712
0.3544292048
-0.02985343859
-0.119701148
-0.06395750046
0.06762503125
-0.4256522611
0.1647336957
-0.288331138
0.5120934378
-0.1762658436
0.8689880863
-0.03790472969
-0.6235111892
0.1719856029
0.8676382676
0.626374653
0.8316273719
1.247268762
0.1714153614
0.9088588744
0.5872752845
1.894744188
-0.09192082919
0.6426265612
-0.188497778
1.618815938
0.1076766615
0.5348647922
1.189873523
-0.4084728986
0.5015558932
0.6468969345
-0.3815063693
0.2733805336
0.2505543165
0.4403678983
-0.5281914406
-1.12847513
0.6675974905
-0.2516506754
-0.6454098299
-0.01517428318
-0.5402758494
-0.3846791983
-0.5583705708
0.3735479917
-0.6612616062
0.1831303302
0.4031998828
0.1841414934
-0.2357069954
-0.9161024302
0.1072221531
0.1106927427
0.09516972252
0.6314967796
0.6165209845
0.08306968659
-1.159493002
-0.2678132284
-0.2027361818
0.2711285479
-0.5721657619
0.5780481238
1.381159788
0.586966005
0.2534758843
0.3448246347
-0.4631439865
0.6545545895
-0.3647756234
0.476754079
0.2711455628
0.4850675747
-0.1659841835
-0.102715884
-1.131496289
-0.4683129452
-0.2169436909
-0.7366348088
0.1655545551
-0.1309754182
-0.4940592468
0.8730746076
1.254904637
0.2051824789
-0.04140085652
-0.8657051846
0.6836183771
0.3169592328
-0.5897578254
-0.1941598237
0.6018198028
0.272365892
0.5953404333
-0.4527960703
0.1288794881
0.5010491604
0.2516079182
0.5819831105
-0.5985250309
0.8500175312
0.8037661403
-0.2312995166
-0.5602401398
-0.4587478761
0.5965859544
0.7786755636
-0.7258915335
-0.2417345325
-0.2461492015
0.3520655788
-0.2776884072
-0.01938948352
-0.2571020704
-0.2974941919
-0.5360224426
-0.4654482275
-0.4909123644
-0.1923155122
0.4992163718
-0.676625143
0.8091136932
-0.2695156163
0.2378773173
-0.5666873187
0.4576406322
-0.8964897633
-0.7507971853
-0.754772383
0.04165508412
-0.04058312867
-0.6260838866
-0.4083681531
0.01774644032
-0.6978076831
0.0533642082
-0.5639327958
0.2464404507
0.1433312008
-0.331956432
0.2644346019
0.3223261097
-0.1545153851
-0.2555368196
0.5496216983
-0.08237012848
0.3760942964
-0.1980690494
-0.3155005768
0.4636355622
-0.1778472863
0.9745024949
0.3325927783
-0.2711572014
-0.06454710048
0.04477066398
-0.05340388333
-0.5319997564
-0.1459844889
0.3274747483
-0.4962651178
0.1438037507
-0.527982901
0.6177186079
0.6413260423
1.116091648
0.4423416518
-0.02051226459
1.88999688
-0.1990734156
0.08421771415
1.218397647
0.6094950497
0.5872595437
1.038978937
0.730310069
-0.04367359485
0.4713066692
1.841717118
1.269449177
0.7320632622
-0.01461747307
-0.2786452487
0.03314392138
0.03933172673
-0.2902154615
-0.0230506476
-0.08545402596
0.2160918526
0.01853619991
-0.200498187
0.06259962423
0.00555392215
-0.06961717904
-0.09518295936
1.272903389
-0.01104057934
0.01223935438
0.3857720968
0.1879694035
0.7729364976
2.14724741
-0.9055155426
-0.09421287253
0.1286963211
0.06893755589
-0.06243981719
0.3103980921
0.9419331998
0.4390212468
-0.5542464379
-0.5859681085
-0.4927713424
-0.1023100013
-0.4287396781
-0.04998871218
-0.6139569819
-0.7999694675
-1.117628273
-0.1752618307
-0.1983397065
0.3866311613
0.08602598812
-0.1370162308
0.1245588513
0.04529898148
0.3122256923
0.05885553658
-0.0337940976
0.4844264369
0.2036552459
-0.1725301921
0.4528970785
0.6331624582
0.7569251895
0.2653444935
1.133223994
-0.260724259
-0.1489872932
-0.688864705
-0.5831920654
-0.3980047338
-1.25672006
-0.1709788685
0.05738837826
-0.107981756
0.1173472598
0.3011421578
-0.2095364498
-0.2701226778
-0.1945573956
-0.8671355635
0.2415410053
-1.397667721
-0.9235051185
-0.939365837
-0.7294694215
-0.8154312432
-0.9577407628
-0.2824423056
-0.4321877897
-0.4784155004
-0.4907255456
-0.286735497
-0.4371342346
-0.2307825733
-0.9424797207
-0.4841340244
-0.6607772648
0.6627457559
-0.5733937219
0.1280620016
-0.1336063856
-0.6514774293
-0.4884335756
-0.5631311461
-0.4165584363
0.1908673787
-0.4025075659
-0.3723221987
0.03584216265
-0.1438786646
1.069676503
1.707687828
-0.3759351976
0.3689618923
0.0614925798
-0.5744990453
0.1243290556
-0.0649144263
-0.4106626432
0.05264327787
-0.2365626158
-0.4314538904
-0.4255729832
1.554054835
1.408810538
0.0278664859
0.07445916124
-0.4298439257
-0.3342684116
-0.1736520028
-0.1153173674
-0.4071914919
-0.5031787172
-0.5486029208
-0.5663633667
-0.5225082517
-0.6218673602
1.388957065
-0.4309180677
-0.5749138162
-0.6109908387
-0.7841793507
0.5049412459
1.425039223
0.3750040308
-0.4798640773
0.941992195
-0.2817909969
0.7046220794
-0.5294432178
1.034167501
-0.07250540275
0.5678821996
-0.4275472775
-0.1601370305
0.2904302336
0.6667207465
-0.007002310269
-0.3208372749
-0.1852037406
-0.4321400896
-0.1902124027
-0.5786463067
1.550220445
0.892639564
-0.06584656257
-0.08327949671
-0.2507321395
0.9427195042
0.5807753591
0.4051959516
0.13296453
-0.07770829266
0.06382606775
-0.4838536017
-0.3281804143
0.0229526001
0.8804144591
-0.06344353259
-0.5010350421
-0.069598812
1.055107319
0.02344060726
0.5889765747
1.148631358
0.6282960057
0.8587727129
-0.07849305458
0.9116829403
0.2865567755
-0.1639699075
0.03898602147
-0.1954893479
0.8548326001
-0.7303096086
0.749267558
-0.01431412343
-0.1066613911
0.260896395
-0.7462281466
0.3733436538
0.2847856844
-0.6888819307
0.1396253482
0.6554304078
-0.1842485948
-0.3034240428
-0.4785615794
0.2724767242
-0.2488602344
1.47105819
-0.5727119572
0.236125182
0.1550031181
-0.05973277539
-0.9525271595
0.06057831598
0.1652032659
-0.2009687765
-0.5128566489
-0.2870232381
-0.3402536098
0.3288824502
-0.1827098714
1.222723818
-0.3439964771
0.1033181988
-0.2613585055
-0.5570589498
0.6005463764
-0.01125530228
-0.5319610387
-0.6837169975
-0.8139984399
0.05947758793
-0.212151321
-0.4306842625
-0.7752723336
-0.8321129918
0.3375554238
-0.08519227579
-0.5051263586
-0.8919173926
-0.8863057315
-1.251985186
-0.9272954464
-0.9159895658
-0.5241480023
-1.340443248
0.5041733071
-0.2644491207
-0.4018408149
-0.08245967338
0.1645819521
-0.5839819759
-0.4533750892
-0.6849103168
-1.019135606
0.167911654
-0.1137819484
-0.628188125
-0.5960775018
0.02257479271
-0.3281486988
0.1033150565
-0.4462475836
-0.02497403566
-0.3987159174
-0.2820470966
-0.00994297713
-0.3061065022
-0.2095587466
0.6923740745
-0.3755823757
0.007782274997
1.208361226
-0.3468606047
-0.3030372102
-0.4508626655
-0.5444032624
-0.2430756524
-0.5510894731
0.7036635071
-0.09341206644
-0.4326438516
-0.5060798749
-0.4793217167
-0.9690505177
-0.1450411765
-0.6413678437
-0.4586609181
-0.626623825
-0.1875557657
-0.2488690007
-0.5868823379
-0.4960866988
0.3019553106
-0.09649635907
-0.4710893832
-0.4929567501
0.1799380029
-0.709195739
-0.8739423484
-0.463808471
-0.7886134803
-0.5628123447
-0.5648826988
-0.4643724047
-0.8153743982
-0.7431215554
-0.820165047
-0.1004365958
-0.4369014859
-0.4565535665
-0.2589039832
-0.6152280174
1.231260517
0.3900025809
0.2415165357
0.2881999614
-0.4886322841
0.8832318291
-0.04960327316
-0.05208608378
0.16510913
-0.4268688254
-0.1696481327
0.8049591973
-0.02355939718
-0.3151143739
-0.4490438744
-0.2251262724
0.2450478841
0.003832681663
-0.7484092653
0.4205330573
-0.51581356
0.7042072326
0.7042882763
0.1219734025
-0.4780990317
0.1332872529
0.5886364557
-0.1454342699
-0.02171644252
0.1086731394
0.2795542995
0.1073647985
-0.1261776723
-0.1091071989
-0.3329374932
0.5839882717
0.007295216061
0.654288229
0.2693626423
0.5439371474
0.6040899951
2.217700118
0.4074751435
0.05459566149
0.8962524667
0.7624085197
0.5687833011
-0.5934821099
0.4404026583
-0.4658055499
0.5106358789
0.09817452859
0.006386015378
-0.2793139815
-0.4348151065
0.1820835817
0.4900114715
0.1901483516
-0.3496179834
0.00382408686
1.155416644
0.7392174594
1.101039293
0.1980039902
0.6815264169
0.1636580914
0.4532162807
1.466074803
-0.2315743655
0.7716257066
1.181766912
-0.1240696847
1.254261419
-0.1258340074
-0.3056587297
0.03336269446
2.115396953
-0.003856185265
0.9275357842
0.8210387483
-0.1053404951
-0.1881540872
-0.8190669656
-1.124841702
-0.007947756909
0.5633492522
0.6685401618
0.03943370618
0.1115748107
-0.05970212901
0.0766877044
-0.5427924763
-0.1639537521
0.3412619028
-0.098407517
0.8644494116
-0.2057678685
-0.5279075846
-0.1405640483
-0.4810748465
1.536320415
0.1886217766
0.277705795
-0.5067770213
0.4789182089
-0.1198185895
0.4679631879
-0.468298234
0.08912324253
0.4583067399
1.548994938
-0.4371574029
0.02755444162
0.1570377566
-0.05305034835
-0.2557161313
-0.4482496858
0.2527263181
0.2350601858
0.8680377513
-0.1621890552
-0.7305517733
-0.1171828822
-0.2882070251
0.07253767271
-0.3370858278
-0.2577615555
0.7223040074
-0.5245514318
-0.1907467011
-0.3495582737
-0.4590764254
-0.3174274206
-0.03945308886
0.2849476974
0.05693438686
-0.235621592
0.527866683
-0.1124984005
-0.01992023401
1.230835134
0.6556687228
-0.01099476498
0.4562693398
0.01927294359
1.194858409
0.9577871531
0.1222870138
2.583653021
0.4431707742
1.01906428
0.5562774546
0.5852568723
1.286465311
0.6914284147
0.8328380708
0.3992164887
0.1141562177
1.143171757
0.5256811962
0.6292771202
-0.439655412
0.17995205
1.565554622
-0.302666577
0.1467274778
1.087433183
-0.001980968751
0.2149435926
0.3914301492
0.08831321513
0.3779162634
-0.7564781576
1.163422629
0.4977077357
0.6842709109
0.2804210644
0.4826056702
0.1316796571
0.6826287009
0.3542725417
0.07815896664
0.7522277378
0.02414981201
1.321004316
-0.3783102743
1.272522122
-0.3800809786
0.1171197519
1.766475278
1.215050501
-0.1398122568
0.7372361958
0.3757666497
-0.03386648688
-0.1486181509
-0.09395312238
-0.8508655697
0.2315198395
-0.46678202
-0.3511705466
0.08051769882
0.5216310184
-0.1166088883
0.09839564031
1.543895096
0.1225910915
-0.9441119373
-0.07859900277
0.5717758507
-0.3970626175
0.9423134744
-0.3954761337
0.6279373057
0.9998333275
-0.5795638382
0.02487324923
-0.516802229
-0.3155772809
-0.6421612397
0.02176040336
-0.8092990458
-0.3915491566
0.7467027977
0.9435822695
0.4828674313
0.940431568
1.989255148
-0.3566693909
0.3894386003
-0.06978080207
1.091440961
0.5215302438
-0.09340826944
1.406557265
0.658180213
-0.2361753626
-0.1577618673
0.5860965788
0.7236975133
0.4634129614
1.947008213
-0.3074984591
0.03852760103
-0.1300785403
-0.6340136141
0.4579569596
-0.3459786423
-0.3548428282
0.5734164983
-0.2909492493
-0.142038676
-0.1162674285
-0.2301003918
-0.199404132
-0.4939095505
-0.1160743855
-1.181812489
-1.037985548
-0.4510185912
-0.3429383755
-0.1468760267
-1.043877542
-0.5666988745
0.6931805655
0.1478183307
1.043514459
-0.6139053747
-0.3932244338
-0.4084213361
-0.1471442003
-0.04007749083
0.7616753042
1.319357803
0.1219263533
-0.3843562022
-0.5015281752
0.9737248898
0.2935740599
-0.1801339757
0.02981227469
0.6172843486
-0.7632551342
0.09754117196
-0.4774795711
-0.1981677638
0.3744116232
-0.3134333439
-0.3460541606
0.06392311174
-0.0349992617
-0.2179585414
0.2088741671
-0.1872429091
-0.8318899632
-0.3761653855
-0.1211194815
-0.09059153013
-0.111826429
-0.8385530919
-0.4859018534
-0.3345403226
0.411526861
-0.05056472244
-0.1641654577
0.3777513526
-0.08855116628
-0.02812033868
-0.3989255913
-1.100377145
-0.6210025549
-0.4321496487
-0.5369771913
-0.7829651028
-0.7222718954
-0.2419304907
0.6889009498
0.454304482
0.8645728916
-0.1514991552
-0.4561957106
0.07435972588
-0.8642635316
-0.3128236208
-0.3623043321
-0.4446379781
0.6700249679
-0.1034836512
0.6692989312
-0.1475331478
-0.1443067621
0.8762085035
-0.5093116537
2.579818213
0.1386965597
-0.03611618113
0.2911273248
1.536800492
0.9007879406
0.05579565316
0.1227427345
-0.7385386348
-0.4513410941
-0.6134127244
-0.06709872689
1.187683076
0.4695372656
-0.09338418227
0.3499228429
0.5586305648
-0.2873855747
1.305136782
0.04660159536
1.75278762
1.138604879
0.1257400457
-0.5573872536
0.643686153
-0.1976763517
1.292974058
0.7965299778
0.6960062571
-0.5592671528
0.2490477189
-0.002750077657
-0.1838271521
0.6826674059
0.3333347633
0.1879227504
-0.3705622834
-0.7034983158
-0.7355774894
-0.8186031908
0.6346691348
0.9338419557
-0.309876977
1.759445578
0.9124921322
-0.2200483039
-0.3136886004
-0.3382725965
0.1020150247
-0.6911526918
-0.2337710455
0.6444529943
-0.07322125323
0.1733814167
-0.1234239442
0.005119235814
0.8189611778
1.020493664
-0.7377809301
-0.6106979758
-0.8213614792
-0.06217068462
-0.1090381173
-0.2228398822
0.1184482407
-0.2738743313
-0.3300860904
-0.7303248882
1.557487589
0.1235044464
-0.6152054057
-0.6506855205
0.6006688073
0.132389355
0.07621507831
0.171996785
-1.366841066
0.6065089136
0.4471859759
0.9874014392
-0.7748076499
-1.069320583
-0.1664625748
-0.5012384146
-0.3370284298
-0.2108390991
-0.1635660508
-0.6534966961
-0.3929736003
-0.516433315
-1.450104624
-1.222633502
-1.28051827
-1.303454489
-0.4634528965
-0.5281451933
-0.756973736
-0.9469989181
-0.7826770693
-0.7336723059
-0.2555972759
-0.7878787547
-1.107084459
-0.2820036773
0.3396930873
0.1522442732
0.1386355368
0.2282377508
0.7580559462
-0.2434340186
-0.590939489
-0.3174987771
-0.7203030109
-0.8183253616
0.2103742689
-1.020464119
-0.5448876619
0.021703602
-0.5910528198
-0.3168670855
-0.5104186639
-0.5134135932
0.06667723004
-0.4660693675
0.1371611082
-0.4589369625
0.06994835362
0.4566455297
-1.111490783
0.4066309541
-0.5795568049
-1.366707069
-0.9340040803
-0.1194339065
2.154653269
-0.6559944257
0.3951197144
-0.5282290652
-0.6267641947
-0.1559969226
-0.2936132923
-0.6506593391
-0.3804093689
0.04401084855
-0.06478168182
0.5880432062
-0.7741819024
-0.7790356368
-0.6972023904
-0.1225404939
0.006813678751
0.1426474599
0.8588235155
-0.4729163364
-0.4261763476
-0.09137558527
-1.070660943
-0.5310318202
1.896875584
-0.4831276432
-0.3030771665
-0.07549738195
0.7466251612
0.261178029
0.5349993203
0.4266674463
-0.1427643452
-0.5180060178
-0.4836913869
-0.5370628044
-0.9249608994
-0.6709269479
-0.4675116494
-0.9907149225
-0.2487687275
-0.8815805793
-0.1768783809
-0.5627423301
-0.1930145086
0.03864332167
0.6302452046
-0.04852368422
1.234890124
1.569840157
-0.00877924813
0.425351626
0.3187211771
1.026208213
-0.3102749258
0.05269534681
-0.6901253164
-0.3670224175
-0.07579469522
-0.5927628145
0.5894057378
1.610442823
-0.4049764469
-0.05482559763
-0.2099581197
0.09727245644
-0.4129996441
-0.7243336797
-0.4331426512
-0.4933543026
0.2554283015
-0.6849958748
-0.1017024577
-0.621563755
-0.0273012897
-0.02151586022
-0.4030876562
-0.3788498327
-0.9485642493
-0.4540316567
-0.4255368143
-0.5313538238
-0.2663009053
-0.5787764326
0.2519010061
-0.415981729
0.5835588947
-0.6540952742
-0.9766238183
-1.139886615
-0.497973083
0.0471559098
-0.2745023903
-0.7146835566
0.7649389803
-0.3911394313
0.5111727998
-0.1836202016
-0.07852225248
0.3479074687
-0.2941408174
0.4765695502
0.2389062976
-0.6029185593
-0.06733395159
-0.2866401464
0.8503722593
-0.2499056987
-0.6715354353
-0.6354988396
-0.4053559892
-0.5615796566
-0.0494232554
-0.4872102886
-0.1031124452
-0.007395952567
-0.2160079403
0.06716099624
-1.103016105
-0.2719886839
-0.8999495596
-0.5941648334
-0.7535878867
-0.3567522824
0.5818620443
-0.6301292568
-0.8167126566
-0.4230889812
-0.9267204463
-0.4993149132
-0.2867105296
-0.1850177676
-0.3304207392
-0.9238650382
-0.2234689895
-0.6260238722
-0.4805377003
-0.8610250741
-0.3927308306
-0.8227747381
-0.4387807943
-0.08691965565
-0.02060856
-0.1065478403
-0.005551803205
-0.6248033524
-0.1536594097
-0.2347156372
0.08203238808
-0.4166710272
0.8874948516
-0.4157752112
0.199656241
0.2627946861
-0.07393717067
-1.044347939
-0.3526594535
-1.060182261
-0.07260575835
0.7000140131
-0.3646992601
0.2679018447
-0.7775519162
-1.055175316
-0.6441518247
-0.2775097287
-0.8207587808
0.3130503662
0.001334128156
-0.6815557986
-0.6791633248
-0.5015904427
-1.02390708
-1.108645251
-0.6690869927
-0.03137375806
-0.4745697334
-0.5026982144
-0.2369128523
-1.003002489
0.7500354558
-0.2100315504
-0.5337808207
-1.148951331
-1.118261239
-1.489225686
-0.1054757337
-0.04526850665
0.01784882885
0.6912164375
-0.6136128023
-0.356436801
-0.6825584278
-0.6314612791
0.8983424261
0.7012405634
-0.5982954696
-0.3671922959
0.4180503558
-0.7254884452
-0.3415107079
-0.04316050373
-0.5566053718
-0.53183451
1.234815729
0.1845607039
-0.4995965451
0.08083946006
-0.00169179868
0.5167131497
-0.02199600656
-0.1452438917
-0.3463094771
0.183046921
-0.5605982661
-0.7746514499
-0.2320702795
-0.7977378935
0.5619882479
0.02523810379
0.04069231469
-0.8295152992
0.1118133464
0.1032928475
-0.7095660985
0.2564674951
-0.2832639098
-0.2636225831
2.752071023
-0.2777879771
-0.1534435736
1.067110771
1.037511033
-0.08070179392
-0.1238985236
-0.3088150211
2.505718923
0.5661806427
0.4484104352
0.7508329742
0.3666784056
0.1838051094
0.7303613976
-0.1455295827
-0.1420613244
-0.3278848425
-0.7481387496
0.2629033339
-0.09892780213
1.014250542
0.3211097807
-0.3758429717
0.5377673812
-0.1165739112
-0.06762397401
0.1316805432
0.1597676566
0.8280022889
-0.2678582456
1.306471679
-0.1739560357
0.4896500424
-0.1427156135
-0.1792185675
0.7055265576
-0.5015764236
0.7103877023
0.2505048331
0.1347604055
0.5277110778
-0.4345386893
-0.1341635775
0.8348593622
-0.2408513654
0.1301654542
0.3113990337
-0.1382953114
0.04289240278
-0.2028390947
0.1412952418
0.007972400682
0.3010514826
1.90215171
-0.622556825
-0.2238828186
0.5769888937
0.1032847434
1.420319155
-0.3471634731
-0.6715447634
-1.04162316
-0.881413281
-0.9233749568
-0.005819765665
0.06605288964
-0.2010898523
0.01380158924
0.599486284
0.04925535116
0.04662886362
-0.2668414731
-0.2486460298
-0.3064076398
-0.009956781473
-0.7321143836
-0.3701501802
1.415760994
0.0284064509
-0.02860653773
0.00125514199
0.6311311394
0.7807910025
0.05139149958
-0.195776608
-0.09118457465
0.1591948741
-0.7637207836
-0.1155261353
-0.2758005727
-0.188101528
-0.52010823
-0.3591114655
0.4454767652
-0.575746204
0.1020871816
-0.1145774103
-0.218828965
-0.130344967
-0.4526146755
-0.5455970436
-0.4660534553
-0.0635149477
-0.4656122833
-0.01550801573
-0.4902434856
0.3005516715
-0.07188276649
1.048855656
-0.1330441836
-0.005798845273
-0.8760591432
-0.1432870028
-0.4071325362
-0.2031676568
1.044799611
-0.1388263633
-0.5632624477
0.237039868
0.4709748698
-0.1485961473
0.2054918148
-0.04823772516
0.6998071581
0.1915228091
0.7303630218
-0.4209582135
-0.3082119256
-0.3203342147
0.3754061006
-0.5365685783
0.07630433887
0.3666803867
-0.01770677394
-0.2276714239
-0.4623380668
0.09520427063
0.2960912151
-0.5678573444
0.04707330111
-0.3031792089
-0.3237845164
-0.5770704269
-0.001275780797
-0.1238757236
-0.3853647828
0.2783408836
-0.2286668885
0.6018249732
0.53233753
-0.3014064597
0.03909568889
0.009392133541
0.4617515944
0.3066274617
0.1929979024
0.4334764281
1.712671742
0.4646219507
-0.3769337352
0.5009153724
-0.1489836036
0.4398017745
0.4207639888
-0.4555711187
-0.2390868764
-0.0742002368
-0.2439569987
-0.7185847431
-0.4413653165
-0.5760753438
-0.3674182266
-0.2338267824
-0.07279926147
-0.8049031079
-0.04889314864
0.2644804984
0.3639667481
0.1172285667
0.9735429496
0.07612365533
-0.1217471708
0.2339045067
-0.5601185948
-0.07111154804
0.6191796958
-0.1836362091
-0.02202041936
0.4282905571
0.6515986353
0.6782562017
-0.6542709276
-0.3525659651
0.3872906689
-0.3720196202
0.3461930014
0.07634462938
-0.2988165431
-0.9169109166
-0.6270631447
-0.5626963452
-1.321043572
-1.190052819
-0.2084314871
-1.052040479
-0.6304627381
-0.6100714996
0.3257677566
-0.8417197794
-0.7876767635
-0.9242616266
0.303666627
0.5414493144
0.6583822191
1.27664139
0.2242681203
-0.2048678571
-0.01520692725
-0.02251831517
-0.141127651
0.317711829
0.2553346437
-0.8879614204
-0.8610762596
0.1612686954
-0.7875772387
2.452839881
0.1625922084
0.06297769323
-0.5591086896
0.1555469535
0.4494027637
1.196177977
-0.2073310245
-0.1989859464
0.1122590793
-0.5982730493
1.004215788
-0.7762230754
-0.3223669007
0.1151858181
-0.1209581619
-0.4439709209
-0.1339111568
0.4887236349
-0.2963247124
-0.06599174775
0.2367826523
0.3372050926
0.1505504031
-0.58561804
0.2184537329
-0.115409932
0.1084206394
-0.3970886514
-0.1766824683
0.6540003464
-0.7767222673
0.1455919988
1.40617244
-0.9859166712
-1.037573937
-0.003813605197
-0.5302644774
-0.9778146356
-0.2713841114
-0.08952871282
-0.958828783
-0.06067762114
-1.025117823
-0.4214304127
0.308822353
0.3564958394
-0.325419496
0.1324653198
0.7463017985
-0.2352415761
-0.762539795
-0.3437811024
-0.3157139517
-0.527510339
-0.2282193018
-0.2041174654
-0.5692601383
-0.07942417152
-0.648187688
0.3723328579
0.08404948888
1.307474875
-0.05841572173
-0.4880158044
0.2122673558
-0.07369608358
-0.2093439609
1.404046398
-0.3792026408
0.6328200366
0.8874079883
1.819570363
-0.9473213851
-0.0424694729
-1.330103183
-0.7371297359
0.5874125421
-0.4622322857
0.7649723832
-0.3228168797
-0.1286675403
-0.05537701938
-0.03115419364
0.7063015968
0.3997608084
-0.1572149655
-0.5060786933
0.4148153678
-0.1743436096
-0.2300462786
0.06427327078
0.8741131678
-0.0007936521899
-0.3960551962
0.07106139841
0.4726531886
0.1312960243
0.6702104673
0.9533012666
0.3379142143
0.2707043765
-0.2674726211
-0.7773707569
-0.4450548083
-0.0575274691
-0.8901588887
-0.3482687632
0.5160599265
-0.07365548089
0.5481048696
-0.7633599058
1.370980251
-0.4542348757
0.3479819402
1.188475773
-1.159111196
0.04260913823
-0.07588327546
-0.8622340471
-0.01307427329
-0.1528665546
0.1728558933
-0.8454342276
-0.8085744858
0.2077864572
-0.1978074962
-0.5615684777
-0.2251812796
-0.2495387346
0.3406522814
0.6809011936
0.9830661565
-0.4265607625
0.03792656753
0.06156382198
-0.3408095673
-0.5610119015
0.8124091715
0.8862102449
1.037120801
-0.1949518722
-0.8066737831
-0.4085712556
-1.171037409
-0.2564293962
-0.5085888609
0.1371581125
-0.9770597368
0.1210043151
-0.3436012994
0.9213647261
-0.7371710449
-0.9009729028
-0.5327831328
-0.57882379
-0.1513041601
-1.122713098
-1.093305728
-0.6362110823
-1.544387305
-0.1722742375
-0.3679951608
-0.4433665276
0.5081081569
-0.9026911646
-0.2715131691
-0.4028398769
-0.2705357928
-0.7545042276
-0.4947193936
-0.1259095244
0.7281136334
0.08618476242
-0.5112186268
-0.4701705322
-0.3254379749
-0.6952353701
-0.9297849745
-0.7617039293
-0.4135122772
-1.064459071
-0.2292242434
0.06960639786
-0.2840345398
-0.125062602
-0.1134182533
-1.019253075
-0.7595764995
-0.6249245986
-0.6825602263
-0.3450340532
-0.9323002756
-0.191762042
-0.2779512033
-0.7436130404
-0.6627053708
-0.7721402615
-0.7241590157
0.6570461094
-0.6792789608
-0.3274958227
-0.8898194224
-0.8710415632
-0.7723584324
-0.3371953361
-1.181863183
-0.124326136
-0.5587917089
-0.1721727135
1.624083191
0.4329903075
-0.3983725198
-0.1773072481
-0.4198518097
0.04223453626
-1.217540228
-0.2498921335
0.82531735
0.4078521289
1.246004602
-0.01837250851
-0.1541061978
-0.4906356782
-0.3970619462
0.4170001961
-0.2782033753
0.09266355298
0.4276945539
-0.1113858935
0.8182225794
-0.2794099428
0.2893012088
-0.06949370978
-0.08263335722
-0.3825707629
-0.560100019
-0.9479762971
0.07890882846
0.06573276874
0.4053382032
-0.09927578308
-0.3772448979
0.05661210325
-0.5579565138
-0.04368585367
-0.2712389909
0.1491256907
-1.310333461
0.3845169883
0.131964696
-0.3231844518
0.6569444388
-1.059142795
0.4122563883
-0.468304871
-0.6468927443
0.2061082449
-0.6299590841
-0.6854035422
-0.4549292142
0.1678141542
-0.5898011416
-0.139675279
-0.3892593207
0.3982387073
-0.1943156351
-1.064692062
-0.04490577052
-0.8136146486
0.2190209758
1.603599262
-0.04460705705
-0.8954580188
-0.7165846974
-0.07725133095
-0.8351166189
0.9430812463
-0.2756582126
-0.9117524713
-0.6637924448
-0.39028842
0.4773346186
-0.4659856781
1.60183751
-0.0244458532
-0.09278386505
-1.038280678
1.683858252
-0.221608553
-0.5443639889
-0.2980105985
0.2857064895
-0.2532068545
-0.5360911712
-0.8073522061
-0.8073398829
-0.7466734111
-0.7220544919
-0.5210890397
-0.7724631935
-0.3122890793
-1.090884113
-0.6601712108
-1.33965174
-0.5445963874
-0.7542221397
-0.3947824828
-0.5949663565
-0.9250120521
-0.09700737726
-0.8272828251
-0.7332842141
-0.6345405027
-0.6522577345
-0.8426968753
0.780502937
-0.3890908659
-0.4354855902
-0.4308543965
-0.3651639186
-0.2134328216
-0.2915155195
-0.9283249497
-0.7362520307
-0.5047390768
-0.4667029902
1.257064083
-0.6834589034
-0.8226870686
-0.3028385332
-0.3947247177
-0.1617497586
-0.1373462906
-0.2461802222
-0.7939356118
-1.239628658
-0.5335146457
-0.6059805244
-0.6847876891
-0.6801137418
-0.5222117513
-0.1515008647
-0.6954973415
0.4368447628
-1.039077857
-1.04722037
1.219571739
-0.7480233371
-0.5253609344
-0.6608298719
-0.5182360396
0.9399883375
-0.5333830103
-0.1806277262
0.5019515499
-0.2422441132
0.1310333587
-0.07755650897
-0.5875737503
0.4966486648
1.222800379
0.04817009512
-0.5923932955
-0.341650413
-0.2180375174
-0.5679994062
0.6231286898
0.458036134
-0.4364247203
1.81871168
-0.03844396733
0.114648045
0.5125328429
-0.6843196481
-0.5255751416
0.1688762886
-0.4632884003
-0.1878993664
-0.07260570507
-0.406089595
0.39055487
0.7061107934
-0.2022687607
-0.5948453352
-0.6763565302
-0.374360764
-0.435104919
-0.1215577163
-0.2026559052
-0.598462455
-0.6210823074
0.0923386272
1.465852493
0.3294381231
-0.04059785511
-0.1883589678
-0.9641821861
-0.2774073567
0.0007067254744
-0.4555756062
-0.01907906905
-0.493725054
0.4711191732
0.4538655773
0.547038313
0.1853001535
0.769452624
0.4756276242
1.246719244
0.8590035111
0.5800091904
-0.2071544146
-0.1965662608
0.1949770132
0.03189693764
1.534428975
-0.5658434475
-0.9684166282
-0.00482565891
-0.2980908737
-0.1756205652
-0.05942922477
-0.1451122807
0.5382823259
-0.2080855023
0.3820145175
0.6952517748
-0.5582983758
1.697406355
-0.07060322622
1.079325113
0.05444592224
-0.8081162676
-0.4518087879
0.3907096788
-0.2081505919
0.8104977444
0.5904323161
0.4773180023
0.6653376661
0.4199715681
0.3154923331
0.4703477234
2.948780793
0.4943760276
0.7494940892
1.404085067
-0.7592251182
0.5413800556
0.4107009374
0.004741107486
0.4112661049
0.2758609612
0.6681948498
2.018732429
0.3273387136
2.094938466
-0.2630892701
-0.09120513014
-0.8532372177
1.243607572
-0.5340660527
-0.9494001091
-1.098497218
0.4120473223
-0.4779147327
-0.5951445043
-1.125122231
-0.5854920298
-0.8722562432
0.03548630308
0.6821179431
-0.5981978819
-0.3848441824
0.2841881141
-0.6258493155
-0.05871758414
-0.1659130195
-0.329459928
0.8448040791
-0.3846230194
-0.7172635972
-0.0514330063
-0.5114380449
0.4930740245
-0.5675286397
0.2998244837
-0.3729371101
-0.1318442198
0.9457148775
-0.6774441108
1.470354557
-0.3482130356
-0.4095096745
-0.3998824358
0.1702280961
-0.3135231912
0.1270097813
-0.6378027439
0.5192140413
0.2912466843
-0.4587275073
-1.05275231
0.7563892677
-0.3404062517
-0.7822125643
-0.5483328089
-0.6303392619
-0.4490088418
-0.01906181574
-0.3000804961
0.1131501855
-0.3678319715
-0.500195317
-0.04077320192
-0.4850055918
-0.4959979236
0.3039203971
-0.526845324
-0.2073798215
-0.6453379601
0.2283869533
0.08354740823
-0.2616618449
-0.3756648436
-0.6281243056
0.6596816629
-0.08773340136
-0.4602022022
1.680917567
-0.254719764
0.6651987277
-0.08871453721
-0.6036470234
0.7976872787
0.3665222184
-0.1358420194
0.03331451602
0.4457578672
1.239331332
1.003815457
0.406459723
-0.0568305973
0.135395324
-0.06882528812
0.3694303773
-0.1217794128
-1.00771853
0.6293607637
-0.1618550731
0.4934428696
0.503604874
0.6203426138
-0.8675415307
-0.04474534858
-0.04089996368
-0.5900629014
0.01344071007
-0.06128625125
-0.00854896605
0.2093606133
-0.07842151672
-0.4666301191
0.310960418
0.3507804483
1.278160229
0.4379490986
0.05867711138
0.3127518263
1.434901947
0.2989778563
-0.201703691
0.450875704
0.8551328063
-0.02834375054
-0.2960613064
1.255185091
0.006931762025
0.5221427158
0.8696651332
0.004399530962
-0.3638712516
1.265895227
0.8956756055
0.02796575055
-0.4483094707
0.2429965753
0.5614154533
0.3562810779
0.08080987632
1.626665714
-0.08741798811
0.384470864
-0.2198944654
0.6969163075
-0.06670709848
1.44081893
-0.03754230682
-0.2053260675
0.5397882156
0.2776794761
0.5916406728
-0.08907924872
0.04743304625
0.0423415958
1.032297266
1.178428305
0.9506484136
1.167446443
0.4562748976
1.004363072
0.3374651939
0.3789481637
-0.05396729074
-0.2486823797
1.140393665
1.170576823
0.6100253537
-0.3633151308
-0.08158504139
0.5886969991
-0.02767738011
-0.5623236209
2.62519809
0.3930757947
-0.3096698863
0.5070262838
-0.2089754542
0.2937193014
0.1844427908
-0.3761835918
-0.5680889651
-0.1982031703
-0.5524337158
0.2308615342
0.1071792353
-0.6774119213
-0.3354505345
0.5304251417
-0.3754893824
-0.6502912283
0.7178250223
-0.6094018966
0.2461600867
0.318601311
0.4231509421
0.3627071436
-0.05549934804
-0.07657373901
0.278043328
0.09924057927
0.5701387264
-0.2578823958
-0.4410694659
0.2367821928
-0.08411466051
0.8498618364
0.437568859
-0.4033603698
0.009798491746
0.2220233431
0.350694924
0.4766905025
0.6659488723
-0.273333209
-0.08346169256
0.6453607664
-0.3505597206
-0.1934139416
0.0832707508
0.5715024315
-0.0166414842
-0.5378244668
-0.2591915546
-0.1065704466
0.05647388436
0.1523471832
0.6608795568
-0.8811862946
-0.4167447641
-0.5523844667
-0.492986238
-1.093806544
-0.1252148252
0.6792307511
0.203398068
0.3962420989
0.2612513024
0.1889204223
-0.02033145931
-0.1598791273
1.200451308
0.3433502169
0.8902033627
1.282537884
0.03071796019
0.2609230623
0.5532810852
1.973738861
1.578030545
1.395646805
0.1460492583
-0.02690210505
0.142620467
-0.5018161133
1.704772288
1.465994298
0.1020673827
0.7788427003
0.1936005002
1.016066402
0.6986001462
-0.194544732
0.5937000453
0.5392500781
0.8975014046
0.7904659659
0.2890114803
0.7521502569
1.767950961
0.4562821217
-0.03032487556
-0.01692046598
1.169931453
1.181286335
1.926166683
0.4192759283
1.136530593
-0.4011090256
0.575229612
1.153048933
0.8979627907
0.7857215077
0.5076660499
0.5062571183
-0.35182599
-0.09296037648
-0.1205730781
0.8122781098
0.4311902061
-0.159631275
0.4256046496
0.9398560353
0.3688003529
-0.3627454393
0.467709868
-0.07522633662
-0.1062935475
0.5223028854
0.002113205567
1.191635936
0.1466776003
-0.3059315935
-0.3588089652
0.1729169667
0.2289823305
-0.09490503259
0.1305665916
-0.4535277158
-0.1941399617
-0.4223828033
0.3887291405
-0.2643089715
0.6697432861
0.5569352359
-0.06011979971
0.5965602055
0.5677993566
1.948447424
0.3728864364
0.4510644287
0.7420624182
-0.9811155766
-0.0839017326
-0.4555542976
-0.4056490421
0.417262416
0.3564794712
0.3035157192
0.2703967145
-0.5957665838
0.347930894
1.5174402
-0.5044789791
-0.1559547005
1.471446139
-0.0618087016
0.5181216881
-0.6092427224
0.01513136905
-0.0840961169
-0.5423000343
0.343612239
0.414797388
1.224634957
-0.1995318856
-0.06425908837
0.0592415181
-1.02842904
-1.05946756
-0.8982055604
0.3629767407
-0.2892386965
-0.3604481228
0.9687097058
-0.2135871232
0.4565447617
0.3229525706
0.2664417807
-0.2130549647
0.0585650133
0.3321256094
0.4273320585
-0.5281310886
-0.3747064464
0.1135638241
0.6564201519
0.07586731296
-0.3430591047
0.7798809797
-0.4093650617
-0.1602844719
0.3507839389
0.3188949757
-0.1264943356
0.4357269138
0.09200495817
0.4330725878
0.9795999914
0.885416019
-0.03171216864
-0.5013034448
0.3333337799
-0.1838730077
0.4659154834
0.8804892883
0.2811963992
-0.5632306993
-0.4795364663
-0.8191676587
-0.179197032
-0.8409555525
-0.4487932734
0.5025166012
1.385009947
-0.001177406916
0.7119660728
0.7512010254
-0.2612533864
0.2172981557
-0.118630494
2.934875524
1.469352645
-0.127242332
0.07963343142
0.8928948268
-1.194538522
0.5745714486
0.2325751258
-0.1351340082
-0.5014085844
0.1281786132
0.0113649182
-0.08186838031
1.425380057
1.328054628
1.091201237
0.5562271871
-0.1174036557
-0.7703230828
-0.01475533098
-0.6929187283
0.1939894529
0.6165622115
-0.2249364426
0.2473225699
-0.08781077489
-0.2385507315
0.06729431245
0.1117238667
-0.1389665283
0.4200254902
-0.4677288178
-0.4049484536
-0.258338356
1.205585676
0.6058648348
0.6566313773
-0.01417021845
-0.7057460785
-0.2942339949
-0.3006527819
-0.4838493839
-0.1641442055
-0.2805594457
0.3151009152
0.5515694134
-0.06122984933
0.08611967042
0.09033368332
2.148697811
0.5385783382
-0.2192305475
-0.5653722316
-0.0406090837
0.7384723857
0.4185937138
0.04059936646
0.4719301887
0.5982059713
-0.212184196
0.5495694369
0.09393402059
-0.695917365
-0.3214112874
-1.334349549
-0.03006749786
-0.3649090815
0.2253181598
0.5851271167
1.18961297
-0.3020857237
0.8418045998
0.8663148969
2.189809608
1.401494265
-0.2135900347
0.8690613091
-0.4133694258
0.8901771531
-0.3940686636
-0.1124966454
-0.2746899407
-0.3835924737
-0.4746707886
-0.2421753779
0.2255056613
-0.6638947099
0.04377722871
0.6076905821
0.5725771159
-0.2359489761
-0.02895606365
-0.3997964218
-0.6047987208
0.08169823214
-0.1364360794
-0.3757959291
-0.8901540935
-0.2902319349
0.5165245682
-0.1713202246
-0.5330434769
-0.1885725752
-0.2031727083
0.08477240223
-0.5699972555
-0.5030667365
-0.4842832789
-0.6272686884
0.4329632178
-0.6283392772
-0.1780203585
0.4094450403
-0.09301710799
-0.1818314474
-0.2341393434
-0.526043272
0.7491691813
0.4040534012
0.012371008
0.2325716572
-0.2976581156
0.5936141148
0.02412380343
-0.6607076913
1.901792306
-0.4930504009
-0.4857055411
-0.1901265051
1.747758442
-0.1513232104
-0.6658016577
0.2106291632
0.08635113575
-0.1549626816
-0.4550797775
-0.604923898
-0.338319736
-0.09333257414
-0.08000040837
-0.432954742
-0.9611356199
0.4929655464
-0.5245380297
0.1116973043
-0.3236132778
-0.7014645636
-0.6974663019
-1.034788907
0.7988099664
-0.5216086566
0.323825497
0.2218966018
-0.3767598689
0.7139629893
0.3929486722
0.3752043124
0.5604816064
2.157105523
1.12552456
-0.08230130803
0.8237073369
0.7956838861
1.076646164
0.9056462988
0.7991375148
0.5617158666
0.2992198262
0.6964796469
-0.2497168399
0.4423595704
0.9490922451
-0.3472173266
-0.2045697749
-0.04979667421
-0.4300302893
-0.2810459539
-0.3621700875
-0.0959017083
-0.2710301451
-0.3771987692
0.1872123572
0.2018990122
0.9111719087
-0.9484352961
-0.01461691619
-0.0005433933344
-0.1848267492
-0.2351399358
-0.2790157266
0.2404190084
-0.671322073
0.0568300996
-0.5134653971
0.08640399426
0.1469396225
0.6284451395
1.454132158
0.2875675973
-0.1438939927
0.1884457003
-0.4032987431
-0.02103518536
0.6784104615
0.8105429396
-0.4055661902
1.628095108
-0.08846094273
0.08116868436
0.5846701831
0.5378376634
0.6908502519
0.5559952827
0.4440041371
0.09932103502
-0.138813768
-0.4375839368
0.0162043035
1.289399502
-0.3438702524
0.1011776574
0.2063906495
-0.7473849118
0.03363913046
0.3494360611
0.5826683715
-0.03853815272
0.7877168432
-0.2653734248
-0.1635244194
1.146444431
0.6076188028
-0.06092282198
0.244781528
-0.1326077608
0.2518058285
1.409036219
0.5848688528
0.2553861849
-0.2641502265
0.7054247797
-0.0494026076
2.072604263
0.9488049388
0.9231495991
0.9320892423
0.9640759334
0.1892161222
-0.3552630924
2.016159141
1.098792773
1.460463026
1.177076116
1.050934821
0.8373277098
1.59478277
0.197134682
0.4125628363
0.0843411129
0.7439490959
-0.2027840698
-0.1337557945
0.3925773604
0.6486949563
0.2945722349
0.2596382613
-0.2341220392
-0.7481500745
-0.05326803653
-0.6284192234
-0.1557388853
-0.6563591242
0.752585227
-0.5348096848
0.4507508274
1.167752722
0.09829975776
0.6273005664
-0.004455809202
-0.1688425176
0.08286804296
-0.4620846212
-0.2749856744
0.3077718038
0.9994985161
-0.3395531461
0.3668185398
-0.1304978462
-0.245224284
0.3542650752
0.4026039194
-0.2934045453
-0.1093871591
-0.4645324349
-0.07797187679
-0.4507980019
0.03018965423
0.3574348994
0.7112620756
1.284058502
0.1522652511
0.2271478921
1.324025798
-0.3309255136
0.992654191
0.3928370707
0.1237593068
0.1336873264
2.96320684
0.5096871879
1.598633662
0.2607060093
0.2860444348
0.02433190811
-0.3694439024
0.7545216501
-0.2101590741
0.1818046195
-0.2912769035
-0.5550841361
0.6239912368
0.1279991922
-0.4560519069
-0.2294279598
-0.8709075689
-0.1352162601
0.5868537024
-0.3473027952
-0.1849359268
0.2872201785
0.05063767908
0.2547411967
0.7768575788
0.4746440992
1.190188399
0.359475676
1.474187523
0.2418710444
1.212736434
-0.07405987568
1.036466885
0.4303667713
0.8667846426
-0.3765706383
0.9421401173
1.356552017
1.444329357
0.9434075028
0.9142545938
0.3048945881
1.226859221
-0.1567720074
0.3941328362
1.20644927
0.0255486194
0.8959695078
2.655999291
1.624764574
1.080622277
1.549841976
1.057326752
-0.8675627738
0.04195549157
0.4094097411
0.1697355999
0.7566720665
0.01976905372
0.5900384426
1.163607907
-0.5324282587
0.2646762067
0.9795191199
0.2933825269
0.3080146909
0.4612255491
-0.3680808727
0.06723906323
-0.05436415616
0.7164825082
0.2392916018
0.3235475675
0.4177998662
0.01234567761
-0.01147466861
0.02166094016
2.160085112
0.6953337491
-0.0504592977
0.1365427017
1.373978824
-0.4604242757
-0.0419926092
0.2100661151
0.08288331404
-0.5887712389
0.5903256619
-0.1805243276
1.14085947
0.04008004814
0.5683641516
0.1889761897
0.6756595328
-0.09457417969
0.0364393888
-0.2072869227
-0.06588248396
0.6671276987
0.1060757302
0.6191726387
0.4196980078
0.282416405
-0.4046951696
-0.1165270085
0.5047209978
-0.003178778663
1.37590909
0.5939670144
0.5971486546
1.79171924
0.4615884755
0.08390549719
-0.04684810592
-0.07185370773
-0.4105196435
0.03478971235
0.8137357771
-0.06430816818
1.755624408
1.123596114
0.8292733431
0.228529259
-0.8299490064
0.1302013302
-0.04975573905
0.4948973265
0.3134898331
1.14866116
0.4891305368
-0.4802061543
0.9991603047
1.312615693
-0.1159497794
0.1873928415
-0.05920147803
-0.4685992375
-0.7236625463
0.2484308638
-0.1527775582
0.3854857739
1.616696143
0.2813745525
-0.09899230199
-0.1663806396
-0.1663772969
-0.3290802225
0.04367694622
-0.04418180734
0.527425196
0.5230359823
0.956837523
-0.1183820459
-0.2131989669
0.2352173105
0.1126423447
0.4186262324
1.371676126
0.7030585945
1.142834905
0.6869243309
-0.4753965735
0.4043314874
0.3238426059
0.6419123411
0.765023762
0.4052028283
0.5843778238
-0.119505626
0.5513504818
-0.9315795779
0.459985064
0.369437997
-0.07315415423
-0.5397886515
-0.1060033211
-0.1059063343
-0.01893515475
0.4180470679
1.149359408
-0.1369692525
0.01742467638
-0.08364845496
-0.6900588006
-0.3050065164
-0.3039714921
-0.3934248891
1.398683208
-0.4470052481
-0.328138347
-1.004440743
-0.1957460247
-0.5889597848
0.08587222639
-0.2392404553
0.08034531418
-0.0879272243
-0.4499199629
0.768135795
0.1396956556
-0.07442949731
-0.7438194394
0.07539465018
1.419450513
0.3293623321
0.7189858228
0.05134110022
1.059584159
0.6534359246
0.34397659
0.8678613909
3.106775951
1.757165527
0.8834318578
-0.2268005377
0.3924924087
0.02460514707
2.347050381
0.9147477947
-0.3191665068
0.4785175107
1.328912273
0.5004744783
0.05654240428
0.9927140102
0.2771065816
0.5293492585
0.4552943751
0.5704628229
0.005564275943
1.292182249
-0.1761356859
0.4796702981
0.8445098966
1.786634898
1.302911539
0.1950821925
0.3809880881
1.069027051
0.7204973821
2.068593007
-0.164617411
1.178231424
0.4438642615
0.4016591264
0.8062613592
0.3637948457
1.199305113
1.527655151
-0.0485354919
0.5568812668
0.9151647404
0.354480269
-0.2536183886
0.7075131923
-0.3391870409
0.8879578605
0.06696274672
1.105990019
0.5486431539
0.6356747888
1.289288884
0.3902411949
0.3844038673
-0.3919948764
-0.1885913251
-0.2438038273
0.4777333271
-0.03618027288
0.2315986495
-0.5456651881
-0.2633834369
-0.2595519256
-0.433774256
2.88427431
-0.05208386844
0.06091520581
-0.4924520209
-0.2328407146
0.7957209736
0.6154630184
0.1833682041
0.1445178297
1.652116629
1.218989611
0.3692318719
2.924107707
0.8268251956
0.7288292915
0.5979177289
-0.6000235841
0.3006570876
-0.4630241498
-0.15912285
-0.2912238903
0.3158394892
-0.4929592103
0.5179000191
0.2473135214
-0.3133761156
-0.2447296277
-0.5907811895
-0.5432965003
-0.6307478189
-0.443188379
0.1711869165
0.3435531795
0.8485301033
-0.4222047336
-0.2025796164
0.02269291189
-0.456990847
-0.3586247496
0.4201470345
1.018751308
-0.7787018552
0.7718509957
-0.1026764651
-0.1598410059
0.3364319287
0.2103433914
0.8595242649
-0.1516639188
-0.4533273295
0.07039274955
0.4405578446
0.5835900649
0.9485892221
-0.05895123333
-0.7779351205
0.2890028188
-0.7880644128
-0.1303390469
0.9685622245
0.5627251968
0.8273874223
-0.2225896481
0.1711523771
0.5382629253
-0.4789256647
-0.7100277632
-0.4523079738
0.3460171355
-1.035665715
-0.6003649279
0.179875649
-0.8098198056
-0.6918695524
0.7877727762
-0.2324476046
-0.2702414572
0.1805464838
-0.1863979854
0.1298167699
-0.4769201428
-0.04506608211
0.8227373794
-0.1479143757
2.048441947
-0.7981789857
-0.2929314777
0.03644074248
0.7938229851
-0.7308075204
0.9577111572
1.115122512
0.09010723876
0.1348944835
0.8635860473
0.312779549
0.2418444355
0.01177366697
-0.3178770602
0.2436958664
0.7261536628
0.1309106509
0.1272885178
-0.1665561222
0.00938817244
-0.2336452097
1.096285129
2.524190128
-0.7537103102
0.6346290953
0.5814674281
0.3383528587
1.251879543
1.592028549
-1.232134894
-0.3855321974
0.2456375089
0.3039136086
-0.001714883372
0.58452942
0.6757608905
-0.5978724286
0.240620829
0.113807499
0.6243772507
-0.1409027055
-0.1513571529
-0.2961745486
0.0755571872
0.9142282248
0.3435029689
0.4532907993
0.9685962543
0.2917633032
-0.1693875022
0.9327600002
0.9375098288
0.8213956997
0.7851501256
0.6867442727
0.09975520056
-0.516958718
0.7693616539
0.3803282872
0.285296827
0.3514301334
0.5723110303
0.791744709
-0.4588499978
-0.3749107786
-0.007907366566
-0.6354698449
0.3803595435
0.610380134
2.110918069
-0.1895489786
1.282202354
0.1863607377
0.06887824889
-0.4203520745
-0.5605262235
-0.6523383647
0.07654903275
0.9402624175
-0.1863959454
0.6523829333
1.19783615
-0.4318095058
-0.1109339526
-0.9628694087
0.35096035
-0.05581262624
0.1157608754
0.1271058895
-0.1391284985
-0.185937323
0.5960957617
1.210336715
1.139418209
-0.3612951443
0.5228615142
0.2134182877
0.1560071467
-0.2310400181
0.5989721626
1.635849997
1.026170452
0.2918678178
-0.2942943484
-0.1288787862
0.6066914663
-0.7345294535
-0.2120254483
-0.1134936996
0.5606986336
0.3759798642
0.2741108097
-0.06029062904
-0.4182756521
-0.1395439785
-0.2355142079
-0.3372713611
-0.5800497487
0.7216994122
-0.4611878049
-0.5176973015
-0.4907513618
-0.6653652161
1.657952315
0.6636975231
-0.017988439
-0.7946920529
0.591759824
-0.3267681494
0.3936602481
0.126445487
0.1117302937
-0.7216868982
-0.01650402877
-0.4273766413
0.1838032961
-0.3348882988
-0.3798063762
-0.4890094161
-0.3932246089
0.007862082496
0.3837941468
-0.346301166
0.7081157178
-0.4425575644
-0.3655240461
-0.5285097778
0.1921850322
0.2984403349
-0.4040153459
-0.2854141861
-0.6933297575
-0.1052455859
-0.77997486
-0.03734970493
-0.112005672
-0.08059912827
-0.7330065161
0.189433196
1.494701925
0.6754572347
-0.2912055835
-1.022887182
-0.4097073875
0.034669274
1.084538999
-0.5167350769
0.8989139736
0.2485575654
1.079114871
-0.1985325906
0.1698429864
0.3966759864
0.6746847719
-0.02539246231
1.225740622
0.5316232324
0.3078412857
0.1208260837
-0.2108317513
0.6940346807
1.29806748
-0.1465650406
-0.3895659517
0.217405675
0.3076056533
-0.4770835087
-0.01962586716
0.6259808704
0.1130396528
0.01352494676
-0.1224469714
-0.2842924561
0.3996252324
-0.507958585
-0.1726615351
1.500576192
0.2937923558
-0.5128111675
-0.7325865731
-0.1570673689
-0.1401221614
0.2470969206
-0.6384961501
0.09652458406
-0.7870839059
0.5235537611
0.01796250045
-0.4676943049
1.252883843
-0.03368971832
0.2132914234
0.7824534044
0.7321438059
0.6647657424
0.4073282667
-0.0002362655476
1.141309488
0.1316974175
0.6794545002
0.3523425534
0.8261928156
0.3343431514
-0.0009574314579
0.525748859
0.01677941028
0.5569748431
-0.2772285435
-0.03507948425
0.1437750271
1.207165539
-0.8160749823
1.727912959
0.3534732871
2.126888984
0.8069545835
1.190349329
-0.3789166138
1.23303857
-0.3231723934
0.8106859162
-0.1184836758
0.1668160498
0.9773854598
0.2425276197
0.756715811
0.916884283
1.648540726
1.233549985
0.9213579804
0.7895718738
0.4403510269
0.3802356772
0.5804089159
1.373292524
0.190273758
0.3664506461
0.06754686311
0.5030985422
0.6463980526
0.4068382107
-0.2412145164
0.08660445157
-0.2186477378
1.178567475
0.3643712938
0.675987646
0.5215459466
1.791615123
0.2780226363
1.957513785
0.5692166485
-0.6575669959
0.7734656349
-0.09068485331
0.03546107467
0.5275361083
0.3618722618
0.7917443097
1.684717855
0.8768325076
0.488708961
0.6904063754
0.1373657971
0.248138436
0.6581357263
1.78745895
0.7864278466
0.4966032408
0.51885598
0.3725728981
0.169464024
1.719794351
-0.2482071899
0.8510606617
-0.2846608859
0.4798501484
0.1698301151
0.7441631779
-0.0880158117
2.094311035
0.2159030985
-0.06231237296
-0.4114969298
1.261200628
-0.5880760625
-0.2500396386
-0.3772103138
-0.3074581452
0.3471914291
0.3367390681
0.1933401637
-0.5198843464
-0.4929715976
1.684235263
0.6542676613
-0.1546283994
2.122281051
1.097428593
1.405392042
0.2713298381
0.04896282982
1.753193736
0.3760551341
0.2782881415
0.9169972047
0.1583186423
0.548395633
0.9068674922
1.793169242
1.857166702
0.878594543
0.8506721631
1.171563993
0.8616762489
0.03886129372
0.8112113312
0.9430115536
0.360713017
0.4556407804
0.442427104
-0.3631354764
1.511881223
-0.07363204751
0.2564347263
-0.1241092958
0.5900368325
0.09154006429
1.056934884
1.163923711
0.04870269522
0.3037597511
1.217038146
1.233653843
1.022945267
-0.08026228948
0.4562673211
0.1793331219
0.3767478744
1.111407828
0.1022358323
0.9898047119
1.501798245
0.2129142628
0.4255493129
0.7152220979
0.4207580749
0.3916146107
0.08130295612
0.3500743322
0.9565830395
1.557464468
1.060306787
0.3468189257
1.691129634
0.4937024295
0.4715662725
0.326934237
0.01940199025
0.2062489288
-0.5261098132
-0.5993004665
-0.2609187808
-0.1910730634
-0.06722562052
0.4332720391
0.2727738725
-0.03412389345
0.1235252177
-0.6475632682
-1.028555849
-0.9390954167
-0.3439376134
-0.4431674741
0.4669437855
0.2228469191
-0.1119669253
-0.4112993553
-0.1257115299
0.06859777728
0.6096539155
-0.01125073768
-0.3438030168
-0.4143408477
0.1030256082
0.4528338119
0.04674515724
0.2587207284
-0.07618746776
0.04005417526
0.1543433091
0.8520404607
0.2352422985
0.3795708094
0.352169811
0.6947247237
0.7557769872
-0.347726929
-0.1345223065
0.6343025953
0.1733492739
-0.0318720853
-0.02021334935
0.2026316674
-0.3657360315
1.670820218
0.2824361914
-0.6283491254
0.5500585526
-0.4176523969
-0.1947724141
0.344913232
-0.2225980852
0.23165959
-0.06565767061
-0.4940437958
-0.139722714
1.019708769
0.5053027207
0.6480704412
-0.4024768561
-0.8433078408
0.3392745904
-0.02023406951
0.4827687576
0.1782040304
0.6704976141
0.7162825033
1.431892979
-0.1053543285
-0.3256985903
0.4997726455
0.6567790389
0.7904261112
-0.05087275691
-0.1280888535
0.1032446062
-1.034070644
0.4667639926
-0.4670801103
-0.3492419645
-0.456071391
-0.4547912657
-0.1728446763
-0.07333252747
-0.166511061
0.09578529252
0.4365668945
0.05820422433
0.1060402535
0.02021229332
-0.2915455095
1.10522489
0.2539621435
-0.5150191873
-0.3153136797
-0.3201025531
0.5390553448
-0.2571721144
0.0390492443
-0.05995195694
1.27493597
-0.4344225675
0.06607971899
0.09203316467
-0.03523468589
-0.6204272866
1.696613011
-0.9569725573
-0.139995956
-0.104053889
-0.112632253
1.673823342
0.08863793989
0.2158469254
-0.005865855329
0.004472794943
-0.3089894511
-0.4976220086
0.3679221833
0.7446327403
0.5553532943
0.9389799416
1.656617928
0.4221306309
0.2090706014
-0.6906542465
0.2933982961
1.286651918
0.2256222904
0.6544025704
0.5954499066
0.3134970032
0.6519763097
0.5833702587
0.444017946
-0.03673101179
0.7483306646
1.736567312
0.9487157762
0.3061458446
0.179371044
-0.8157113507
0.7817157179
1.101033756
-0.4215923917
0.1359887129
-0.3400680847
1.793211555
-0.1007141151
-0.1693684004
0.6100884773
0.621488899
0.1352863792
1.512090826
1.152266598
0.9755549848
0.6319554359
-0.2723501477
0.3444952605
0.04217771105
0.5640909426
-0.9464945912
-0.6762830764
0.8056666858
1.861106294
0.9656954944
-0.2086236939
-0.6668129355
-0.418454957
-0.9081638962
-0.31927533
0.2136889378
0.2697449394
-0.3251966855
0.1810500313
0.09329135437
1.531803799
-0.8688145727
0.1312836502
0.7681562662
0.7036170766
0.943323794
-0.3343269706
0.6070195287
-0.5023316532
0.6566140071
0.6282724142
0.5289333135
-0.1317651171
-0.4234694615
1.16344493
-0.06872910894
-1.118844196
-0.6934861213
-0.2710151926
-0.1280324293
-0.2277512401
0.8387660757
0.5251899973
-0.4268703461
0.8278689548
0.5543658607
1.398412317
1.271702382
0.9695348844
0.9250762373
1.298494563
-0.02640533373
-0.1267196405
0.1485264732
-0.1306515301
-0.1327415026
-0.6991306245
0.2488864902
0.07103181807
-0.6995046794
-0.26914482
-0.5890288338
-0.7874303862
-0.5865899444
-0.2223899216
-0.5747851551
-1.167960867
-0.3060312772
-0.6009474844
-1.065212712
-1.107750952
-0.9675025672
0.8511715077
-0.6771495461
-0.2164442506
-0.8190766022
-0.8032851517
0.153414934
-0.1744615095
1.008225718
-0.38181355
-0.9990056247
-1.241682801
-0.06668699887
-0.178224905
-0.3382277317
-0.2376422754
-0.4740211338
0.5451534733
0.1448169881
-0.6603519261
-0.8276213914
-0.07148746718
-0.7817871153
-0.4124829605
0.18940183
0.7940608323
-0.5381214187
-0.4073137239
0.5263908014
0.5173794366
0.04277036842
-0.4845261723
-1.152851695
-0.3571379527
-0.09541066345
-0.26758928
-0.1342428058
0.09613713101
0.01638257522
-0.4658582315
-0.2812236033
-0.7286835223
-0.2998470705
-0.5208887473
-0.5501503736
-0.0008417524397
-0.1247696402
-0.3565680593
-0.9101825744
-1.067145118
-0.8326862782
-0.7733888805
-0.4038358748
0.07657103445
-0.8417459846
-0.1961273644
-0.5723651811
-0.2389511174
0.07972204387
0.7231222227
0.6403357118
-0.6203972384
-0.4972801104
-0.2588688895
-0.5018194571
0.5191572934
0.1282291354
0.7066013813
0.8308563203
0.3657598771
-0.748961851
0.8103394434
1.214623479
-0.8822218716
-0.1033852553
-0.0007428854238
-0.4628941342
0.3288254723
-0.1338331012
0.6983396292
0.5717313111
-0.3657989278
-0.142415449
-0.6373187527
-0.4430278048
0.331217568
0.5203920174
0.1696624445
1.712728429
0.06206464972
0.2355374926
-0.2178115308
0.339793662
0.686431995
-0.4225523293
0.8799881354
0.4001218403
-0.1381962337
1.184869292
-0.6064948007
0.02391834352
1.861740178
-0.920181784
-0.06408634302
-0.5379660532
-0.05674982965
-0.7040750414
0.5802135199
0.9682025686
0.1414983277
0.1889066912
0.07115993658
-0.5558911443
0.2207282774
-0.5502760321
-0.09934617039
1.066933772
0.4132924087
-0.01465880945
-0.5150362998
-0.3509188257
-0.339315778
-0.6271991223
-0.6335918754
-0.01096557686
-0.268547789
0.8880243391
-0.2758591175
-0.09963936647
1.012008813
-0.07868392076
0.1048839651
1.041724573
0.8237092286
-0.1615550917
0.6285075724
0.2898592064
0.8797838718
-0.02276709853
0.135203312
-0.07801289726
0.08430027701
-0.5090162817
-0.459961383
0.4412306538
0.1881730501
0.07071012028
-0.2151992626
0.248856695
-0.1111656127
0.5631062316
0.06204019617
0.3392465472
0.2438064442
0.0318504069
-0.8757622182
-0.3897363856
-0.9902769327
-0.2284147713
-0.2176513255
-0.52889027
-0.3195313558
-0.8320575744
-0.3064788483
1.52443817
-0.03656226899
0.4781670429
0.587970674
-0.4113544032
0.3833307199
-0.2697836123
-0.3922929317
-0.2680064425
0.1921008151
0.09853557348
-0.1013239451
1.707733446
-0.4267575562
-0.4380552456
-0.01885490175
-0.833577618
-0.6765394241
0.1611693263
0.2252647198
-0.06423409898
0.6136720553
-0.05670995172
1.180232069
0.5189433008
-0.593750605
-0.8307838887
0.3665901732
-0.1104472695
0.7549575046
0.1199027796
-0.5590000108
1.176586638
-0.08037692141
-0.4315426953
-0.4044618726
-0.3833815321
0.5901624635
0.09872958194
0.1640862318
-0.9094172239
-0.5421530485
-0.5496052124
-0.2383925728
-0.4590561524
-0.4422542721
-0.5489735395
-0.9727750093
-1.011311755
0.3773695964
1.409819326
-0.7298889428
0.04190276135
-0.3760093033
-0.3338849232
-0.6487589091
0.1679505082
0.03797331862
-0.6180277377
0.1042766288
1.092682311
-0.02057184502
-0.3799989194
0.1292151147
-0.2003363159
0.07824832541
0.332614506
0.0624142793
-0.1075316753
1.172377038
-0.4862036936
-0.4875256777
-0.7378313333
0.05345985745
0.2550230246
-0.1389619352
0.2751099363
0.6664895799
1.144263998
-0.3374645792
-0.1686564883
-0.8931196719
-0.08602990136
0.2063875994
1.421459323
0.6630698532
-0.1316913236
-0.5546877921
0.685135828
0.6089735135
0.477254615
0.08359128889
0.9169467956
0.05115766227
0.731724041
0.2220941188
0.8394021034
1.410014299
0.07549837194
-0.7214313343
0.07051033871
1.795974246
0.6044114418
0.439553529
0.8158481598
-0.1768162515
1.008227485
-0.1179243781
0.270476189
-0.4056288607
-0.4457334705
0.8509721592
0.8854725361
0.5992257252
0.1300522525
0.1514276164
1.489957437
0.05738485456
0.3320436515
0.3959780984
0.1609496806
0.1766179925
-0.03308873083
0.2727368873
-0.1568826273
0.7243859768
-0.5183391705
-0.5590208665
0.5573346704
1.218661743
1.074102181
-0.6533920482
0.1159766433
-0.198269682
0.8628040805
-0.349379063
0.03806621754
1.179405573
0.3943916304
0.1418220675
0.1125884105
0.6564641044
1.530388483
-0.04443908297
0.9964140713
-0.06804883853
0.6281811491
-0.1029981603
-0.3269466326
-0.4895346612
-0.3875440933
0.4058992915
-0.02297913097
1.236056413
0.2466663282
0.4587471858
-0.1935945095
-0.3189489946
-0.1571477272
-0.8090489477
-0.277908285
-0.3477918185
0.3461288704
-0.4739620805
-0.1377711251
-0.03809896987
0.1389339954
-0.1158052888
-0.1027205151
0.930834505
-0.464855139
0.005401968583
0.8351299107
0.3382973928
-0.6666500211
1.086697257
0.2137376816
-0.1354909556
-0.2240301657
0.3683172915
-0.03717058189
-0.248971916
0.139886521
0.1683679085
-0.5356885523
-0.7074811995
0.4354661047
1.609840432
0.06875347467
-0.4029783994
0.07796320152
0.1823630239
0.8234479964
1.139305216
-0.218888264
1.16253809
-0.6024261609
0.3563050497
-0.4315948553
-0.04581278488
-0.3616952151
0.3495604226
-0.2792586096
-0.2985029083
-0.08416160755
0.1924862895
0.3183669135
0.5782782644
0.4237572338
0.07858407386
0.2333589472
1.457275772
0.9302956104
0.8513708681
1.677809882
0.04582190374
1.757455307
-0.1487563884
0.5085363477
0.6728105277
0.2010614509
1.218236113
0.9303847909
-0.3037771549
0.2771010555
0.1033328814
1.525169212
0.3037998565
-0.003013066761
0.03263091706
-0.5971458524
0.1541026657
-0.02801876729
0.3865107223
-0.07385904859
0.160895385
0.9930201232
0.1683986589
0.09119837694
0.1274816917
0.2892159365
-0.04398936145
0.4482625164
-0.2907627098
0.757362698
0.5886934653
0.7722840518
0.8478691727
0.5511493832
1.44332571
1.338685068
2.80365231
0.2881715018
1.006076908
0.7946933955
1.395986903
1.757397628
1.486046982
0.3362720013
0.6144403569
0.2574241439
0.6756100059
0.7533802018
0.4882663861
-0.653418225
0.6196091458
0.149239362
-0.2047911189
0.4346751098
-0.6675152391
0.737220493
-0.4794131711
0.9883711897
-0.06571406741
-1.233836013
-0.01010384411
-0.9240543425
0.2054898806
0.5059387855
0.3880564805
0.09194514058
-0.2064552836
-0.2938549802
-1.088640732
-0.4144065484
-0.616285646
0.8630540699
-0.2493585005
0.7039714862
0.4538530063
1.235614374
0.04414967764
-0.1945866786
-0.4098852172
-0.2355056375
-0.2296725191
0.978934142
0.9118912548
-0.1835355844
0.7213045567
2.063034946
0.9341300815
0.5099096622
0.4761200897
1.257117841
0.2282498903
-0.0446380436
0.9020604968
-0.1040608019
-0.1010329657
0.04412852274
-0.2171690527
-0.1967350833
-0.2307929171
0.2021755005
-0.5138203174
0.3453724984
0.2802577794
0.792618224
0.1254017439
-0.1325998288
-0.4744359985
0.1989247376
-0.9350029498
-0.1531607307
-0.8121638328
-0.07147785085
-0.2624325074
-0.409790279
0.1169565579
-0.03419802822
-0.062213948
-0.5609558031
-0.266649095
-0.1534019174
0.2550271168
1.322908482
1.263420874
-0.5204505041
-0.8547652513
-0.4005072072
0.426977852
1.699911559
-0.02001646645
-0.3279205367
-0.4624031335
0.3011970103
-0.2814386077
0.7669575438
-0.4089263409
1.026023653
2.207156074
-0.3196397603
0.03004309181
-0.3262520101
-0.3492782891
0.05052223885
0.2490292965
0.1533620406
0.1190704565
0.1684689965
-0.7535543412
-0.3312921196
-0.4610498488
-0.5945632488
-0.294758416
-0.2005047299
0.1708010886
0.08347176071
-0.4320221871
1.394805402
-0.396841073
-0.3909672946
0.4960833337
-0.6186472788
-0.9392180592
-0.2867642857
0.3997407625
-0.2472605072
1.689847544
0.06755286409
-0.01267273417
-0.3462438799
-0.3018997923
-0.1946937535
-0.4790672123
0.04577654302
0.6688175783
2.120147693
-0.06858067997
0.1623466982
-0.07067812942
-0.5079564571
2.353692645
0.7055966347
0.8571378663
-0.5435409293
0.8258333534
0.2231125765
-0.2647029214
0.3819251526
-0.3832215652
0.2193026504
0.2239155902
-0.2839229561
-0.0894209642
0.3703127203
-0.2373767778
-0.2888990663
-0.5891157016
0.9470313713
0.3290530289
0.4544491097
0.7218838863
0.2301635707
0.05260188412
-0.5207531393
1.593169269
-0.3069073364
1.879348475
0.4175910849
-0.02235631435
2.141844934
0.716083993
-0.6645696938
-0.3285483975
1.566106945
-0.177040996
-0.03835647963
-0.06736391094
0.6626328766
-0.3580032807
0.4338448718
0.5832323685
0.07187588839
-0.621863845
-0.2263687976
-0.330997584
-0.6936865255
0.9697802201
-0.1227407657
-0.2822504342
-0.356962017
-0.402371183
-0.7019464493
-0.8232491404
-0.5979224026
-0.1224659197
-0.6459270209
-0.4605192974
0.3264360691
0.2099729367
0.3402116911
0.5891999967
-0.1895956438
0.3047725324
0.591361317
-1.134773251
0.7345407471
0.003332060948
0.2081071872
-0.2933306113
-0.8439805388
0.8954487383
-0.2562806785
-0.2711325254
0.5896401152
-0.9728607893
-0.680706802
-0.2792314321
-0.5707622126
0.02337754406
-0.2932482474
-1.09378131
-0.9897061616
-0.8542236298
0.1426450273
-0.5826896116
-0.05349244364
0.9587597758
-0.1001606524
-0.3179204457
0.9405922145
-0.2836711079
-0.5227448046
-0.1516410122
-0.6798025399
-0.6277818158
-0.4943077214
0.8783212334
-0.4121951416
-0.6834844261
-0.1284985855
-0.05613003615
-0.1319059415
-0.7891600102
-0.5295900613
-0.06554590221
0.2227778235
-0.6339840591
0.2249107921
-0.1511078303
-0.569184114
-0.5773020834
-0.4802593768
-0.1322572131
-0.01182705984
-0.6011394918
-0.167528842
-0.3544474497
-0.7569444478
-0.4023548111
0.05091791828
-0.5390306458
-0.02544081602
0.235291096
0.3944083564
-0.7677420214
-0.1969791312
-0.5388220236
0.04481498008
-1.324362832
-1.02848275
0.4415354766
-0.5145161584
-0.2768659722
-0.3076291837
-0.3109447923
-0.1889301993
-0.6385066614
-0.3693987638
-0.8507794172
0.08636898585
-0.5943241119
1.321301204
-0.4239308923
-0.8266594827
0.05539951641
-1.197290796
-0.285910413
0.1795275514
-0.181182012
-0.4638419613
-0.8859116316
0.08266945472
0.06243908729
0.6149403945
0.2392822939
0.2012303939
-1.175286132
-0.2487163793
1.234173563
-0.2816506345
-0.006483628787
0.3027426464
-0.1582967643
0.7364750147
-0.6214635402
-0.2303610276
0.2563557258
-0.6400392801
0.1569101574
0.8469818249
0.2282700284
0.9958232433
1.417279807
-0.04977065492
-0.4163567588
-0.6719600797
-0.5274793014
-0.387073943
2.017331988
0.1942740532
0.4972920164
-0.2235626429
-0.006796042621
-0.6081181809
-0.77201958
-0.5145292714
0.02007728312
2.299883276
1.498003426
-0.4814061224
-0.4449680239
1.319421947
-0.2895327933
-0.1768216085
0.3962515712
-0.3342863768
-0.7318218589
0.06361460499
0.3077310119
0.964912504
-0.3144631986
-0.5324116468
0.8919916853
0.5656041525
0.7842142716
0.598277624
0.4481912404
1.907027882
-1.114276409
-1.151685706
-0.6806830853
-0.15672625
0.2419120416
-0.926163274
-0.05153683554
-0.3182389202
-0.3906472962
-0.2058751576
0.642987062
0.04392437823
-0.6635532349
-0.2720611125
-0.06034667073
0.4305114992
0.3383610638
0.1323381292
0.02121278024
0.2665810673
0.04987904597
0.3784604799
0.4993231699
0.5090293117
1.570943582
0.6043539278
0.2768580867
0.1844614288
-0.2903195282
1.390046579
-0.4373100922
-0.7225467771
-0.09105636314
0.4559023596
-0.1181767936
-1.259465748
-0.7877978563
0.02028998807
-0.5390330851
-0.351415842
0.4274704069
-0.3316646695
0.5226295933
0.7960246712
-0.5677313611
-0.8694988459
-0.1508028286
-0.6105656177
-0.777245003
0.02294796817
0.7524477452
-0.613312459
-0.3135835528
-0.340281783
-0.6435370862
-0.9779351234
-1.07205278
-0.6032959953
0.0545818368
-0.05692129796
-0.3361926164
-0.1551564619
0.1475293819
-0.2121807553
-0.2922487058
-0.02552886289
-0.3142783277
-0.8028102934
0.5606624708
-0.9855156153
-0.5038700223
0.3233215015
0.1764575597
-0.06578178867
-0.911992985
0.1801819192
-1.011652437
-0.8697411746
-0.2581881531
-0.05279972795
0.5621586658
-1.510568875
-1.12567547
-0.5514412045
-0.3995701291
-0.2143824857
-0.7135353893
-0.3753010117
-0.392552264
-0.8468644798
-0.3361576356
0.06722183293
0.4701285031
-0.7226767257
-0.5154531687
-0.5456185862
-0.381504412
1.064923191
1.308326074
0.1280813033
-0.670970118
-0.486083515
1.337144217
0.9387992769
-0.02525096228
-0.6104639456
0.05408440344
0.07455203421
0.4517695829
-0.6053927913
1.222333114
0.02059765793
-0.3313259467
-0.6343672574
0.6824795634
-0.9223560959
-0.455725351
-0.3989383757
-0.2877380729
-0.6955463678
-0.1613432221
-0.5810607135
0.1177367534
-0.1719994821
-0.4420229062
0.3649322174
0.0965567315
-1.008728382
-0.7187861532
0.03104220764
-0.09755917154
0.3175821224
-0.1842036299
-0.4955827758
0.4777240604
0.03195242323
-0.081643093
-0.02310552951
-0.3946554072
0.325457583
1.630890056
0.3767651998
-0.7161718965
0.1238960318
1.582524481
-0.05752698723
0.1051389985
0.01154570915
0.4709088538
0.2129613824
1.889954364
-0.6590649575
0.8317747474
0.4598251328
0.5036041841
0.3468731519
0.4770301484
0.4938522473
0.2865581031
0.9737715006
0.4350424871
0.3975425832
-0.01435253192
0.3145994812
1.220492157
-0.3534742862
0.4181106456
-0.1523870286
0.841631867
-0.7500741601
0.3433297938
0.1126564307
0.6256093979
-0.3975795411
-0.627488929
0.2554886023
0.2369319404
0.06333009899
1.977310067
1.268117571
0.9085825101
1.298375475
0.4697927903
0.5089640535
0.7542780027
1.28337054
0.3220212843
0.5923615754
1.171824068
0.2103876149
1.247861284
0.1605043957
0.4463656008
0.6025633901
0.8505213335
0.9064590454
1.473462066
-0.1780271748
0.3473485906
-0.6650571615
0.6380094096
-0.5007765621
-0.4642772302
-0.5045557074
0.9295376137
0.6079269931
-0.7767460406
-0.3328399837
0.4048993744
0.5170511339
-0.3874328353
-0.5378491715
-0.5034037665
-0.3236089051
-0.4787740231
-0.2305133753
0.3425882005
0.6662317641
-0.1584748015
-0.5960493103
-0.6537523106
0.2595249521
0.4800300211
0.676191555
0.2485909045
-0.6066004664
0.1220063562
0.2343568616
-0.03634679429
0.3190573709
0.1799877636
0.606976454
0.2013425807
0.4165489607
1.037172374
-0.02732154466
0.7114705637
0.01033350984
-0.1993497334
0.63967904
1.913819969
-0.4444029406
1.300782487
1.542813474
1.979229933
0.2742768571
-0.3695347913
0.4366431674
-0.2838662669
-0.2673427001
0.3588243615
-0.4796718821
0.7034084916
0.5335562691
0.2982130602
1.241509539
-0.8675502837
-0.04627016899
-0.4950457007
-0.9000794202
-0.1749320518
0.7073962554
-0.9619450301
-0.396495004
-0.2430991158
-0.1130725805
-0.3213869542
-0.6706340864
0.4386363015
1.111980435
-0.2134099629
-0.05219329167
-0.01884801071
0.3630258864
-0.1542031756
2.229210037
0.4693242446
-0.2585487198
0.9123851433
-0.5709001929
1.253463197
0.03692950793
-0.02593997568
0.3775096884
0.230882714
1.104667965
-0.1708293132
0.7602460653
1.11916184
-0.09366505514
0.8993954808
0.2047850056
0.6544101641
0.9358069181
2.394755042
0.818863517
2.030173993
0.8533992752
1.032142302
0.01216741558
0.6775968373
0.1435503937
0.00680338759
1.121267681
-0.03136306256
0.8542613864
1.024721125
1.80262675
-0.4029458418
-0.117116392
-0.2568535643
0.5670560502
0.3614651404
0.7131572664
0.9007548153
0.1913760018
1.686666191
1.395651537
0.928691718
0.8350667164
0.5444758058
-0.1668596618
-0.3626422532
0.4951511057
-0.01349741872
-0.5607690632
-0.5738617778
0.06928104348
0.3057178482
-0.3267202005
0.3413031287
0.05397056304
-1.004135653
-0.4351083204
0.5196222387
1.171696725
-0.211576825
-0.1206305793
0.8349183217
0.09797769208
0.8822420605
0.5899510413
0.9138172947
0.02099911701
-0.06556050885
-0.6708317991
-0.8840289414
-0.5693373278
-0.009132369235
0.9539811432
1.127049169
0.1552829096
1.039155319
1.59182021
1.580515738
0.3936922068
1.532702273
0.02117421031
1.932944572
0.4381591436
0.1276070271
0.8766433813
0.3183861928
0.6969758421
0.2093415063
0.7369816855
1.063428038
1.2838687
-0.2578481598
-0.4147650376
0.514293085
2.242294276
1.25535734
0.09784162138
-0.3442482308
1.148629829
-0.1760932431
0.1355684366
0.694779285
0.6136424258
-0.08073824085
0.4229936741
1.371185151
1.850242853
1.41451897
1.041816083
-0.4547541231
-0.1222129159
-0.5383238837
-0.7994270474
-0.2903969496
-0.5249420673
-0.224312254
0.3415747937
0.505401266
-0.2816926926
0.3245635569
-0.1659397836
0.117236756
0.4473550349
-0.4098232113
1.543956375
0.106675107
0.8872736424
1.097236617
-0.6561199248
0.2790699292
0.1332777566
-0.4103679769
0.1687493427
-0.1086163441
-0.2941434816
-0.4317693859
0.3588573275
1.269405881
-0.09834808074
0.516754359
-0.2869089544
-0.06567623988
-0.3697210655
-0.3106372736
-0.2390351608
-0.5688066021
-0.3102092586
-0.6029822327
0.3681362994
-0.7398267031
0.8686697334
0.4300244428
0.02909821123
0.1249880336
0.6743240371
0.4395317219
0.6518767282
0.3871558573
0.2157857512
-0.03818539251
0.1142170135
1.428767979
-0.4673633106
1.550502434
2.857649231
0.8574740484
0.5630742826
0.07617996298
0.4456461739
0.7402206764
0.5818761341
2.181084991
-0.1821974114
0.2880549401
0.8652853131
-0.1831845649
-0.4985436931
2.399971473
0.5500599854
0.7671919674
1.406045285
0.7816464335
0.4809297763
0.7498881131
-0.4736873731
0.2702595837
1.216113243
0.8951471865
0.2128793824
1.294568008
1.174549264
0.6468563035
0.6428968816
0.6655066162
1.47555638
0.9366999611
1.582188767
0.2727830283
0.7303016528
0.6899608709
0.9013081193
-0.417335391
-0.535343115
0.5041306108
-0.02573141605
0.3887121983
0.3342572
1.021359193
0.9083285391
1.380362725
0.4702296497
0.4915093206
-0.01949823122
-0.1181721855
-0.09414077699
-0.04548442131
-0.3381317154
0.9782215789
-0.3319126837
0.4184649274
0.1390582141
-0.170551979
0.5339922428
0.3848768644
-0.2838887755
-0.03425524365
-0.4666954041
0.07557056025
0.3373613082
-0.28859035
-0.3596124589
-0.1000763532
1.547455776
2.111943215
1.023545983
-0.1295351045
0.7682953976
0.147531073
0.6963941246
-0.3503352538
0.7682719156
1.825465411
0.403912171
0.2922036644
2.02293188
-0.3148159705
0.7967599183
1.409381622
0.3576425277
-0.2962846387
-0.3416016564
-0.4713256583
-0.8287045866
0.4711548962
0.6107189246
-0.2182656486
0.3458287414
-0.5136421785
-0.5687994495
1.618091178
0.4762955803
-0.2516116548
-0.5207876846
-0.06659903917
-0.8099351451
-0.2437732339
-0.2895934537
0.6613088489
0.4766295314
0.1726969909
-1.092732617
-0.1520344455
-0.2759113953
0.6548275344
-0.2620234229
-0.266654693
0.5390284136
0.02279173564
0.1607649362
-0.04802350281
-0.2491678158
0.8013538182
-0.04010393783
-0.252287399
-0.4971315175
-0.6667931974
-1.236583734
-0.08305880185
-0.3065351516
-0.6340477347
0.8935168713
0.3518573921
-0.2258492336
0.863070336
0.5356521294
0.2682105009
0.5402332313
-0.06328554843
-0.6015044004
0.0235072555
0.2859185293
0.1787922896
-0.3033903584
-0.06628160551
0.233102607
0.8017357633
-0.5168808535
-0.2950298712
-0.7050913617
-0.4437450066
-0.2730512761
-0.3099216849
-0.1652815942
0.05228675702
-0.1308617543
-0.09111776352
-0.07941736537
1.915710837
1.293480504
0.001005075313
1.40823729
0.9167912826
0.8938004419
1.664388674
-0.03261313969
0.4514814483
1.209003589
1.585119945
1.438682559
-0.2103956154
0.6569916904
0.5747610092
-0.9184123427
0.4181066878
0.1677335655
0.5152177524
-0.01278938744
0.6366761044
1.450200647
0.8490482375
0.1707702463
0.6117119685
-0.6171695173
-0.2596195456
0.6980064258
0.1462287037
0.2713310909
0.5810777292
0.5800318472
1.650771332
-0.2514504999
0.9292260528
0.08243707586
0.5316584021
0.6098156899
1.8012802
0.1758577701
1.275229403
0.2213388741
-0.2562643953
-0.2003929863
-0.2252586156
0.6244744554
-0.2774183441
0.07569711502
0.1681990303
-0.6404615074
1.212218994
1.130750307
0.4368186221
0.1927694533
0.1573646626
-0.09183333782
-0.258779414
-0.1841400305
-0.07437202856
0.01830582684
1.023048651
0.1228060178
-0.2948265918
-0.268607641
0.02910688501
0.1995553229
-0.4903814718
-0.8298688084
0.00193904927
-0.5655724823
-0.4034689963
0.5214360148
0.06597529175
0.3954425596
0.4274794616
0.2053769015
0.9357818626
0.2805888396
0.08443335784
1.045425212
0.3172964141
0.3102494866
0.2992410093
-0.5209122002
0.08219624422
0.4513144769
-0.2836915534
0.867771706
0.8142222136
0.4013863355
-0.3551831812
0.5231019013
-0.3239867575
0.2501968108
0.3208446037
-0.3846907333
-0.7376616657
-0.7616405435
-0.1982702993
1.602846983
1.131071547
-0.06088073198
0.8484220684
0.2717730392
-0.3213708512
-0.3744830668
-0.2948805131
-0.5511724561
-0.5821093142
0.9284562454
-0.4845767185
0.3472207174
-0.03227929128
0.04053914389
-0.5283561088
0.1766958389
-0.4574030712
-0.4066627041
0.1663941826
-0.6545935795
-0.2805438049
-0.243502124
0.3260048751
-0.1311179914
0.07136315443
-0.5824073136
-0.1792885564
-0.5120198578
-0.042247409
-0.2402024411
-0.07151021897
-0.1561890289
-0.6291321829
0.2181361984
-0.2648191918
-0.237481322
-0.1444167182
-0.3374501862
1.096400377
0.7008326381
0.3231326289
-0.2814782351
0.6761805072
-0.6749256849
-0.6927537918
0.5499940068
1.186979362
-0.3302481651
-0.3565780826
-0.2049905274
-0.8339381784
0.1547987249
-0.112918379
-0.1767045449
-0.1272692811
-0.6192877769
-0.1861101732
-0.0995268466
-0.3977564201
-0.7601569533
0.7236383498
0.3705583572
-0.2594277687
0.6876462035
-0.1912032671
0.3002731681
0.1733687913
-0.2727473393
0.2465713266
0.9623476505
0.2130007463
0.4253526986
0.2507061752
0.9780308932
1.80969069
0.5780798182
0.4774862455
0.4311190948
-0.9069798648
-0.0270005608
1.036430553
0.4299027026
0.6525822878
0.9558233187
-0.1956673952
2.840051842
-0.2934536457
0.5199684508
-0.008914807439
-0.3555493101
1.684530759
-0.04065368846
1.299819282
0.01486299247
0.1000700895
1.130452269
-0.05317416694
0.3422830623
0.3801026747
0.1125610174
0.8529533818
0.4719489723
0.2090087151
0.2379516684
-0.2077056326
-0.02122905403
-0.4312926739
0.9423148155
0.4823569652
0.6761846334
0.6992894381
2.736641544
0.788942644
-0.09551678561
-0.3177755402
1.180102323
0.4567586966
0.1795218254
0.9345558673
1.614657897
0.1417996498
0.8319605932
1.011299622
1.296829015
-0.3045380194
-0.03461440857
0.4212074421
0.5046442971
-0.01764270654
1.093970928
0.6446838282
0.6381429091
-0.08964604978
-0.02908283509
0.6461863577
-0.2396483887
0.1467914043
0.06904651807
-0.8185808003
0.2423453335
-0.3079926036
0.5990411311
-0.4756168664
1.676536658
-0.1367138704
-0.1529215988
0.2305051263
1.255802569
0.9615431041
1.300249153
0.2991910035
0.321591999
0.9641691819
1.486166948
2.3085509
0.1930130219
-0.5456535175
0.3212784776
-0.1665134463
2.093231112
0.0002882940695
-0.4276431844
0.7744461413
-0.2670287222
-0.1238294127
0.5885528572
-0.08804739416
0.833750391
0.3232811049
0.303182044
1.000617734
0.3335441831
-0.4979672164
0.3167565528
0.942425815
0.3534055226
-0.3593042806
0.7322381467
0.005760700442
-0.1399914144
-0.005216275714
1.018367532
-0.8290562391
1.690265706
1.472543451
0.006068710051
0.2786409501
0.795440346
1.107263508
-0.3051494449
1.317675403
0.2521209829
-0.00907697659
-0.2554407757
-0.3118314438
0.1679235142
1.476884684
0.1010341827
0.1022092588
0.6993171096
0.161471045
1.015909614
0.6866955675
-0.2714742914
-0.4395147756
0.1323650479
0.7372716457
0.6264343113
0.204884214
-0.2474491924
0.6183432773
0.1625277407
0.2140634904
-0.3160028163
-0.04888133463
-0.1102193438
0.03651629156
0.779979746
0.8081125006
0.3180672564
1.247392678
0.3372802988
0.5443486782
0.5974965334
0.02060198206
0.781172055
0.9951001512
1.275957519
0.2653269373
-0.3142712042
0.8853094846
0.3569305582
1.972976911
0.5827896178
1.280732885
-0.06511558294
0.4833847553
3.69689405
2.641542488
0.7789943106
0.8942552917
1.36120646
-0.01790782618
0.6682342477
0.2106677398
0.4821310312
0.1279626058
2.132620704
0.2851023734
0.5202444248
1.571996078
1.0346229
1.525071606
0.8376027942
0.03587666582
-0.06332546286
1.073030053
0.1817439074
0.2451490924
0.1014570169
-0.5399521753
0.4341319082
0.1447877046
1.358914762
0.1956419941
0.02615223564
0.3555443503
0.2893451169
1.254712892
0.4324562863
1.594666064
-0.05402673651
0.4099204071
0.9179631725
1.601334849
1.703319779
0.08874997762
0.1733081944
0.1545805894
-0.4465077043
1.118046056
0.07799738497
