-0.3048328854
-0.2340989921
-0.3254435733
-0.3741854072
-0.3364534035
-0.4474387363
-0.4879381955
-0.508042489
-0.42407296
-0.5302401677
-0.2195067331
-0.4660889551
1.29411974
-0.4296891943
0.3684605461
-0.4884802312
-0.3429533496
0.3921498296
0.2632703856
1.323180869
0.2195513573
-0.385240522
0.04545005502
0.02552796488
-0.1488013122
-0.2102735789
-0.04704121593
-0.3323194608
-0.6505727023
-0.6862244517
-0.2264603093
-0.3878187969
-0.3827127725
-0.464162147
-0.5027713016
-0.3440926604
0.04683676269
-0.4307510644
-0.3675346032
1.17387176
-0.402328293
-0.07055634269
-0.1144960122
-0.2416484319
0.3986282492
0.2166145207
0.126632352
-0.3420196794
-0.2991710864
0.2443198415
-0.3977738306
-0.4697405547
-0.2466658004
0.4881878078
0.08888303135
-0.56593301
0.5447513111
-0.3987090133
-0.114104021
-0.3560678869
-0.1084515953
-0.2865026541
0.1913767783
-0.2925447613
-0.1503711883
-0.1588660756
-0.2003673786
-0.3120788157
-0.2746700495
0.3261961374
0.9914104074
-0.4322476417
-0.2101435743
-0.3821689963
-0.1159305308
-0.2867952429
0.4693509255
-0.2975783046
-0.2769250177
3.907938647
-0.5682464913
-0.4480256706
-0.09625863452
-0.2428547921
-0.215546364
-0.05535396039
2.410361284
-0.2095129373
-0.3114538193
-0.06760838917
-0.4890111178
-0.09371870412
0.5907197446
-0.2054679964
-0.0693372108
-0.468738848
-0.08626095494
-0.4382836446
-0.351500155
-0.2984278664
-0.1680245901
-0.1609642483
-0.1688849255
-0.4718689233
0.6182718813
-0.3643773749
-0.3671165951
-0.2597705796
0.1427560153
-0.2726395912
-0.0622888709
-0.2484445475
0.3308408121
-0.469722648
0.5098209597
-0.316615542
-0.2183273016
0.2111121467
-0.454268302
-0.2722135954
-0.5379271939
-0.5022421554
-0.4573042005
0.1618316689
-0.4420320734
-0.199507154
-0.3413422301
-0.1241104927
0.6781139545
-0.39121328
-0.2065983504
-0.5513092697
0.8373610899
-0.353784883
0.01972673647
-0.1139648095
0.3522952996
1.207894921
-0.1143608786
-0.5956699073
-0.256071933
-0.2221874593
-0.38503187
-0.1772222813
-0.08025862332
-0.3527110532
-0.3444114789
-0.06163512114
-0.007723002695
2.257316446
-0.4277220398
0.2583564168
0.7267213776
-0.4723468244
-0.4147242323
0.3313533485
-0.4012064248
-0.06088353675
0.2845428728
-0.3914735749
-0.7145931453
-0.2448941149
0.01313440856
-0.5040906131
1.452495044
-0.2703730963
-0.2174821876
1.799351618
-0.1362133378
-0.5603303611
-0.5066155031
0.7880067661
-0.3576244339
-0.4498007938
-0.2512345392
-0.4073534384
-0.002054113243
-0.4015087441
-0.1561082449
0.02144131716
0.4235650212
-0.2482845783
-0.2702603512
-0.1664305666
0.06808866407
-0.1775789954
-0.4228675604
0.05927428491
-0.4335606813
1.019101501
-0.3679155663
-0.4225205578
0.09083890617
-0.1406436956
-0.4328015834
-0.03538245661
-0.2565210167
-0.3865496889
-0.4831335276
-0.2470817119
-0.4552288279
-0.5481314644
-0.5672201708
-0.2930539995
-0.6014238954
0.1507029347
-0.3337621301
0.1224550321
-0.5475139484
0.07991523091
-0.1310430774
-0.2564028509
-0.5399818644
-0.4004064515
-0.3595772974
-0.4663629428
-0.1923167564
-0.3647242285
-0.4948887601
-0.2494271457
-0.2897738114
-0.02940981071
-0.3403374061
-0.0299336019
-0.4748300835
-0.189993275
-0.4960806727
0.3943511944
-0.1957361542
-0.2431087421
1.767006087
-0.3080241412
-0.1673919724
-0.2158855774
-0.08657410219
-0.01415178059
-0.2675765768
0.9371976629
-0.1262111986
-0.1971281309
0.08573811874
-0.1567039628
-0.05392837394
-0.4384629533
1.114864087
0.08986286307
-0.06828912795
-0.3525559992
-0.08254563371
-0.3572015226
-0.1383470764
1.419664726
-0.6575065464
-0.5174688369
-0.3696415983
0.682666409
0.1133864759
-0.2695276275
-0.2852267437
-0.199974159
0.730694218
0.01534950025
-0.1919284303
0.2660113961
-0.007849022001
3.60430876
-0.4511200026
-0.3119800985
-0.2162390616
-0.2232898686
1.143980312
-0.2352227155
0.04049382452
0.3522630684
-0.3022700965
-0.323312106
-0.1482814107
-0.3672608137
0.2866977746
-0.2814788945
1.653173536
-0.3866549969
-0.3474058762
-0.2483343102
-0.06596421804
-0.2868436784
0.5687551118
-0.4723736882
0.002275628969
-0.1335221916
-0.4729730234
-0.253064058
-0.5051002264
0.195406092
-0.3815514199
0.3401751535
-0.3474213704
-0.3663744017
-0.07273407332
-0.4449676007
1.016843623
0.1963014763
-0.3431078926
3.595499969
-0.2902905989
-0.4414890945
-0.2935063884
-0.1141584914
-0.2361431651
-0.2317703031
-0.2325559974
-0.1458723947
0.07983355001
-0.538668935
-0.2653923534
-0.5680823594
-0.2841625966
-0.03182037473
-0.3166579805
-0.2283391565
-0.3078906819
0.2088250075
0.2449973414
-0.4399205476
-0.3113639198
-0.425094144
-0.3708048582
-0.3546727322
-0.1448163331
-0.1078645758
-0.6839306325
-0.4161645055
-0.3656430364
-0.5206571236
-0.2053040922
1.954013515
-0.2928583749
-0.2135359697
-0.2853838451
0.2702269297
2.466138226
-0.2053068995
-0.3588808335
1.428262706
-0.2111659778
0.5937806487
-0.3669760004
-0.3882849932
-0.2168211799
-0.2278729707
-0.2062820975
-0.4098371342
-0.3384931963
-0.2333812064
-0.2979794778
-0.2462254599
-0.6625985205
-0.0193898974
0.2792003194
-0.386111027
2.401049399
0.01652991665
-0.4496884443
-0.3605239578
0.1397317524
-0.4943463698
-0.04635542193
1.047648555
-0.2306893557
0.2054941656
0.01092781117
-0.103647045
-0.5070524096
-0.2180248113
0.6014248058
-0.1573127728
-0.3839761168
0.6534223662
-0.3989884809
-0.4571918875
-0.2385021452
-0.2193160737
0.05269896761
0.06205548458
-0.5963765681
-0.2724375255
0.7847802758
0.2307215413
-0.1734930068
-0.3143456839
-0.3529490925
-0.5703797802
-0.4806956038
-0.1743128482
1.003179559
-0.1684640416
-0.3297059007
-0.3321224466
-0.210849552
-0.5464608848
-0.2412913573
-0.2418016188
-0.3588184193
-0.4397722676
-0.317590004
0.5906741217
-0.2471564744
-0.3686056212
-0.3131444626
-0.3802910477
0.960640955
3.642209601
-0.2718416624
0.1145448706
-0.2550517425
0.02556514381
2.77450757
0.2195245791
0.5533301366
3.088040733
3.570182526
0.2305861719
0.6840836877
-0.05113662821
-0.1454161609
-0.07585567855
-0.2075951755
0.1345577294
-0.3650117651
-0.3025788724
-0.09211082961
-0.204745154
-0.2767944403
-0.4627475649
-0.3423040621
-0.2324229281
-0.3515492976
-0.4981211826
-0.04415688962
0.09873247705
-0.2575596666
-0.2408441771
0.2391041629
0.2223454824
-0.3010504942
-0.3512662843
-0.4337317742
-0.2400813704
-0.1435347848
-0.2928074278
0.2991866035
-0.2955087081
1.469425911
-0.2556033902
0.2376167187
0.1759569905
-0.2028411429
0.2562978219
-0.06382534057
0.1199959588
-0.034972254
0.1549276151
0.08304237761
-0.04854199332
-0.157942624
2.321792328
0.9709569335
-0.3248085812
-0.1877591019
0.3851374757
-0.2617514133
-0.0939037893
0.6159407273
1.31599012
-0.3649839178
-0.002380053746
-0.1587331366
-0.0848966226
0.1632513529
-0.07246036753
0.3684008606
-0.08286281396
-0.05175425727
-0.1773735734
0.1577843857
0.3340149379
0.3393510655
-0.3584308252
-0.6278491601
-0.4867476448
0.2180873655
-0.3118255973
0.1293154723
0.1615778337
-0.3551806822
0.007840448059
0.09655033299
-0.45786217
-0.3108395897
-0.1054476815
-0.1752629663
-0.4617762879
1.24750697
-0.1641880732
-0.05621226055
-0.3848665208
-0.4486415029
-0.1552325663
-0.242120973
-0.3547776669
-0.2618627854
1.582662475
-0.2887155015
0.04116331129
0.2203553051
-0.2747209415
0.6005932043
-0.4434368432
-0.408705239
-0.1197165314
-0.348950351
-0.06631461317
-0.2920128897
0.139312863
-0.1322786264
-0.3156740274
1.915204829
-0.1666458137
0.07816224881
0.3035091408
-0.176616081
-0.4064210609
-0.1258553242
-0.3255049035
-0.1435372749
-0.2078668805
0.5148094214
-0.4179028377
-0.3637328051
0.2273723863
-0.3770178646
-0.3984974504
0.2138403954
-0.1590178667
-0.2780056238
-0.1094039483
-0.5342412502
0.01351519115
0.05826670416
-0.02020457787
0.209363795
-0.1065646237
-0.2111196135
0.5040575065
0.01475656889
-0.4687617645
1.475193784
3.565503144
-0.04200492166
2.74323678
-0.1314273818
0.2991812728
-0.1248975176
-0.2750319719
1.10292123
-0.3196853675
0.2301764406
-0.07755422108
-0.2747995786
-0.05383755341
0.2085663579
0.07299852362
1.094623715
0.1189810712
1.580597258
0.019461085
0.211760929
-0.2348012336
-0.2401403392
0.9733749136
-0.4554820403
-0.3254317574
0.1913376695
-0.2951665364
-0.2711290695
-0.1340793984
-0.2349979887
-0.2650093131
-0.278417822
-0.3218351029
-0.3116168857
-0.1862867324
0.3512692761
1.353069907
-0.06229049629
-0.3685293794
2.33608675
0.2389752815
0.785242793
-0.1849019555
-0.3496875674
-0.5621140122
0.3497601785
-0.4172724515
-0.3952155381
-0.3573920146
0.03789421283
-0.1240206358
-0.2797130983
-0.3409397744
-0.4477189034
0.7608454302
0.3218987226
0.4655570567
0.2019941486
-0.03924254896
-0.2179443935
-0.07339896411
-0.1731705355
1.226119551
-0.1664446555
0.06132463065
-0.1577954855
-0.1719139662
0.1452493601
-0.03841453567
2.899281293
-0.3782400742
-0.2068883099
0.2487737546
0.03524798546
-0.02012813669
-0.3626408175
-0.1439624665
-0.1166648725
-0.1929892063
-0.2491011821
-0.5098808616
-0.3822153568
-0.3591380887
-0.3938546464
1.313608608
0.3021919563
0.03514763527
-0.4075570956
1.650934827
-0.06573461369
-0.1396844851
-0.1478331438
0.5001298541
0.4598393977
-0.06265109023
0.08338810811
3.942165089
-0.2252658457
0.129988335
-0.2860261299
1.40556211
-0.4614831209
-0.1950143384
-0.1749150313
-0.09548262227
2.587768084
-0.2225413628
0.08862292543
-0.3679873347
-0.4717465103
-0.5242532074
-0.1249963464
0.5071372265
-0.2088305015
-0.4129797556
-0.0828741
0.2388303524
-0.2092937499
-0.5674320862
-0.2817664325
-0.1082507437
-0.1722144712
0.1674822703
-0.4238801077
-0.08123775721
-0.3695672438
3.833106983
-0.3038020454
0.9495085932
-0.3185770914
-0.3337715715
-0.3480405599
0.2644552688
-0.3141545214
-0.1551657129
-0.531874983
-0.1842085935
0.850281933
0.5397358268
-0.0153024293
0.01224631108
-0.4920225695
-0.1305261405
-0.08724534381
1.269834608
-0.386549852
-0.09043810628
-0.187810408
-0.045829478
-0.1815510392
-0.01800841219
-0.1981452387
-0.2367119445
-0.115857042
2.903560048
-0.2037774666
0.7719445147
-0.009456262272
-0.1324400383
0.03556707669
-0.1000613123
0.2623176025
-0.09051385084
-0.3724264786
0.05866443077
-0.05555059332
0.1858023869
0.02454198264
-0.4374218374
-0.1491566448
-0.1468356443
-0.02281356575
-0.1231163355
0.02763321865
-0.388262786
-0.09965828343
-0.519784528
-0.4179363981
0.184500641
-0.06669042837
0.05832829173
-0.3229956187
0.4614368679
-0.08395341551
-0.3497289941
-0.1414782295
-0.0562311803
1.879440767
-0.3394290961
-0.07531939549
0.4082511472
0.4995116651
0.158421371
0.6002381176
-0.4487247035
0.1329253462
-0.3113446973
-0.3448179141
-0.1965545446
-0.09464654494
-0.1088765119
-0.3607616931
0.2131257514
0.2963147568
-0.1059643486
0.07905347617
0.3748119023
-0.305656714
-0.3283329025
-0.2918392271
-0.3226979431
0.1393620047
0.3285339776
-0.2587382369
0.09181465525
-0.2156711951
-0.3639699593
1.848018444
0.5269270869
-0.3500151545
-0.136046228
-0.3892671973
-0.04726799494
0.3308469493
-0.1732188758
-0.05795309674
-0.1086608991
-0.1842994519
-0.2083994865
-0.272321514
-0.258121784
0.7033681884
-0.1769972868
-0.5331346735
0.4246676303
-0.2532564934
1.032209672
2.273347074
0.607515363
0.04597976357
0.01417435063
-0.3148520276
2.930513817
0.007927377149
-0.4350622416
-0.2968928449
-0.1733150717
-0.2825766437
-0.2486860953
2.320791626
0.8198732316
-0.1131399302
-0.3584495068
0.1524884954
0.5803374976
0.4197814379
-0.3492730685
0.8010268003
-0.06084745899
0.4878122851
0.2429989178
-0.2529980391
-0.04433615336
0.1871213597
0.02356229522
0.9674863279
0.2064753048
-0.171973106
-0.1497423927
0.07786654783
-0.2858686686
0.1738248754
0.3191692676
-0.1524918403
-0.1086935267
-0.3030456111
0.6899684891
-0.1499797409
-0.4061689295
-0.4918157786
-0.07717030831
-0.3741093025
0.5631858483
0.2563774966
-0.2417739265
0.2477305623
0.09619788234
1.417584926
-0.2803911798
-0.08367848634
-0.2194468834
-0.370829618
-0.3797928877
-0.2682072535
-0.1023485862
2.259592742
-0.2606195629
0.2656909335
-0.2364370972
-0.3405950725
3.067743385
0.3690714009
-0.4441740975
0.08424902573
0.3955745995
-0.1996782533
0.1572408386
-0.02837609984
0.1004966978
0.7432147667
-0.1254061725
-0.3112193435
-0.3356529288
-0.06718069147
0.08100143448
-0.03512809896
-0.0166820501
0.518586861
-0.3852228194
0.2722387785
0.1228116184
-0.1439140581
-0.2746089049
0.483512266
1.574638635
-0.2018691452
-0.5037506804
0.1161812087
-0.03548625442
0.06971099433
-0.1338966213
-0.4001843825
-0.4087464899
-0.1323794633
-0.05030260901
-0.05077742389
-0.2843102045
1.31223084
-0.1898714786
-0.2546703428
-0.1021997575
0.6736573353
0.6897766337
0.3041064242
0.3105556883
-0.2217692144
0.3795880996
-0.06501557045
0.5426482759
-0.2247620847
-0.5244231239
1.955925667
-0.4993116215
-0.2552406549
-0.3187609516
-0.3100237623
-0.200693683
-0.2515989292
-0.004815283651
-0.3864211872
-0.2814075593
-0.2002106208
-0.3669545263
-0.2192585826
-0.214709346
-0.05557011338
-0.3361185595
0.6545183912
-0.196113451
-0.3417116597
-0.2404659711
-0.1887553137
-0.3707633026
0.01383775845
-0.378244482
-0.1293150596
0.3180093095
0.03768511657
-0.1078755573
-0.1978882477
-0.288344831
-0.4325244993
-0.1965169325
-0.05434594713
1.896189982
0.7956662491
-0.4091154784
-0.269513718
1.588494021
-0.06285859025
-0.1673096716
-0.2522797361
-0.4551483408
-0.4151445836
0.2910430019
-0.4823813856
-0.5739501923
-0.4466915384
0.07250455888
0.1142408533
0.1813762373
0.07765360866
-0.293659915
-0.3612380579
-0.3398819551
-0.1922939375
-0.1714716947
-0.1752452377
-0.1026471695
0.6566770568
0.3905187046
0.287934456
-0.09528292511
-0.4048416629
-0.3673560902
0.2888914154
0.2285744687
0.01061446797
-0.3200717963
0.2206381561
-0.4436291948
-0.5642968491
-0.2713344976
-0.02939119898
-0.3006731458
0.006767564965
-0.0943141683
-0.2972565636
-0.3740467995
-0.3915722214
-0.4146408096
-0.4378944427
-0.1527947193
0.102618035
-0.1837528803
-0.3549037829
-0.3824765012
-0.195289373
-0.5599082291
-0.6511427492
-0.06965130863
0.04503610525
-0.07263009441
-0.37856244
-0.04632001827
0.1191570176
-0.2544202879
-0.2240096055
-0.4911634624
-0.1427126585
-0.382982406
-0.6121466994
0.1287159243
-0.5371412322
-0.07454917729
-0.2254120745
0.3510246623
-0.3016468227
-0.4059933245
-0.3131559663
-0.1932471231
0.6414763153
-0.4270686895
-0.09858228173
-0.4558930218
-0.2207377829
-0.09238633178
-0.3445715845
-0.1013481184
0.115517316
-0.2004578106
-0.2293097619
0.168671375
0.04784815293
-0.04600946717
2.261892569
0.4308621153
-0.1705751322
0.08170403829
-0.2640062325
-0.2349234585
0.6673585728
0.503147871
-0.2632679895
-0.1452057555
-0.06963231042
-0.2189012486
-0.1480099544
-0.3222028211
-0.1886330939
-0.280977875
-0.184347558
0.3039675362
-0.2354278706
-0.1829405636
-0.1971682571
0.1269702744
-0.2114342388
-0.07099665552
-0.1249024068
-0.003820810094
-0.08959202254
-0.3491094172
2.641325277
0.8659413934
0.1053051976
-0.3449364558
2.684139788
-0.2247604981
1.011933075
-0.4771828011
-0.2376659289
-0.2804430589
-0.0574456932
0.01975100506
-0.2750369273
-0.4091030777
-0.02749598119
0.7794537365
-0.2397777919
0.8458613887
-0.04613257032
0.187528113
-0.3206790075
-0.2186418604
0.145108198
0.4951115198
0.02552525951
0.02383654546
0.5653571576
-0.4460391268
-0.2060611486
-0.3813660234
-0.2582531042
1.938133144
-0.4901895076
-0.1416260928
0.06120835668
-0.01738782506
-0.3340948656
-0.614398168
-0.1947328519
-0.224059115
0.07364124623
-0.131269492
-0.2637941413
-0.1238148311
-0.1696651407
-0.0869674447
0.1986427357
-0.2206858365
-0.08725015149
-0.2389563531
-0.3878317118
0.1015480241
1.750016835
-0.3627719834
0.5238101158
1.121332341
-0.2217526332
-0.4250099376
-0.4244843915
-0.1985331833
-0.2416898225
0.04577134876
-0.1401709331
-0.3282081231
-0.2495476946
0.4319925144
0.2341734394
1.433236745
2.168333977
0.7386519675
1.621069092
-0.2643226631
-0.4247739375
-0.0599685092
-0.1065495853
0.7635333538
-0.1637579734
-0.0922086915
-0.3016904749
-0.06548132801
-0.165696499
-0.006341071241
-0.2907436814
-0.1225173008
1.025162414
-0.1767555069
-0.1398875292
0.05466118781
0.3766028736
1.800276417
0.2400760612
0.3580364686
-0.1807548717
0.3427556425
-0.3371219665
-0.004087430192
0.3094282489
-0.3660245284
-0.367000629
-0.04659691583
0.09220896512
-0.1994825453
0.8295216061
-0.4419866517
-0.4236934602
0.2116613204
0.04080654904
0.4116502993
-0.1978990974
0.04323505685
1.019249071
-0.1741437966
-0.3182780579
-0.09132520985
-0.07540851161
-0.09768845188
-0.0442422987
1.639539427
0.09346051263
-0.3575589254
-0.3904123798
-0.2574296027
2.260383487
1.122268289
-0.3466294006
0.5164854005
2.328500193
0.2237723495
0.2650821865
0.1234141896
-0.09958227286
-0.5085922986
-0.4561268106
-0.3404458709
-0.3799297951
1.468713865
-0.2035399847
-0.2948576331
0.09496111502
0.2035109893
0.2384998181
0.5515297253
-0.03250700515
0.766946999
0.2256027438
1.778063631
3.420385271
0.187336332
-0.5276589096
0.9331707627
-0.1740695128
0.002564012166
0.3389159087
-0.2933797106
-0.2576642137
-0.2617530705
-0.02507537436
-0.3410420813
-0.4377739951
-0.2057103909
2.439054555
-0.09907745561
0.1142246288
2.164111596
0.6135678262
0.6144347645
3.942524064
-0.1349570252
0.07511247732
0.7806731284
0.4214217722
0.7514307797
-0.08541859314
-0.3370371632
0.1615517252
-0.2166202933
-0.1868452281
0.3899489082
0.1932340038
0.1318232587
-0.369955197
-0.06925442657
-0.385082306
-0.5199772462
0.3349489585
-0.2360385016
0.4281077217
-0.3744549565
-0.494157128
0.4887566298
-0.3002333358
-0.4534990162
-0.1225137576
-0.3299060881
0.0106170753
0.1474835579
1.220246804
-0.3443249792
-0.1780731301
-0.1160851736
-0.4387227386
-0.03235632838
1.190923661
0.1164892662
-0.3553299859
0.4107728459
-0.3169817142
0.002129881829
-0.2725939892
-0.4470282659
-0.3716097057
-0.3511621416
1.333899519
-0.1640729928
0.4077537693
0.4423116636
-0.6753272206
-0.190914615
-0.1243202677
0.1860646912
-0.1222133324
-0.1564658809
1.113184027
-0.4777668431
0.04442962306
0.2709337614
-0.2623332761
2.382674378
-0.3443713985
0.1006305029
-0.1474621084
-0.6205409825
-0.4727193788
-0.3735435963
-0.08309072047
-0.06653071614
-0.2469657397
-0.3910649642
3.805753398
-0.4005356357
-0.06864798469
-0.3206895411
-0.4093810245
-0.1172786919
-0.3244792208
-0.1713310868
1.041936126
-0.4227848984
-0.2898756795
-0.1290362313
-0.298612231
0.1149393381
-0.388551107
-0.227778339
-0.1480275761
-0.3096586369
0.102364631
-0.2444741651
0.3436997995
-0.2658860568
0.03218327314
1.012980382
-0.6141366512
-0.5801360607
-0.4640656769
-0.2364090413
-0.04527040357
0.7420077676
-0.001792174345
-0.4518853873
-0.3791203544
-0.4470313013
0.28824507
-0.09010453187
0.2008104021
-0.4126970202
-0.4094070211
-0.1798801165
-0.4236037351
-0.183750576
-0.4750601858
-0.2238491669
0.6519597165
-0.1678397531
-0.3235257439
-0.4700299844
-0.3169884279
-0.1836250953
-0.405573152
-0.3007740892
-0.3730674475
-0.0269770233
-0.08928337838
2.432136321
-0.1502909521
-0.4929098159
0.3022402529
-0.5541875958
-0.2792599179
-0.2215659101
0.4565392897
-0.3575765297
-0.1077202523
-0.3024779625
5.048851275
-0.3384544998
-0.4171316415
-0.1638687631
-0.1726050232
-0.4633538425
-0.2843947709
-0.4591454625
0.0449276492
-0.340302182
-0.3495819017
-0.2306247547
-0.3523541398
-0.2537547369
-0.3526460931
1.462975371
0.1990208833
-0.5090480834
-0.01771370405
-0.1166009879
0.01476237653
-0.2673128828
0.03784767799
-0.427856341
-0.02337665828
0.2310960066
-0.2900155172
-0.01935249337
-0.2478133142
-0.08010423798
-0.2027551783
1.256060049
0.0858983133
1.060760802
-0.3581323739
-0.4542859241
-0.434286885
-0.02439974288
0.9530144826
-0.1566549759
-0.2899188519
-0.4313778892
0.6925054893
0.05351098087
-0.3407120883
-0.1831418075
-0.4114965364
-0.305326128
-0.3803799056
-0.1850114238
-0.1858877503
-0.5225409284
-0.367699429
-0.06686306773
-0.0500296907
-0.5128512442
-0.6175519079
0.3481631856
-0.1969075326
-0.3057668
0.7768380702
-0.3509314507
0.6476520043
0.002035361435
-0.372902137
0.7189284921
-0.2569492139
-0.3076200493
-0.299658056
0.6131973837
-0.1560142104
-0.1854937147
-0.3854203954
-0.3254181683
-0.3833530575
-0.3347361214
-0.2592935644
-0.2303897336
-0.3370099455
0.7747379154
0.3340883195
-0.2926446732
-0.3958905376
0.4862523302
-0.4920921311
0.05440948047
-0.1810423262
0.8557426244
-0.3012665374
-0.3505055919
-0.1620988584
-0.3570309281
0.280022458
-0.4846387163
2.95599364
0.3362972256
-0.6221108496
-0.4865036607
-0.09792940496
-0.07331464249
-0.4252749562
0.2313260278
-0.2222104758
-0.09129691999
-0.4132770494
0.1723492382
-0.2891173124
0.4855419608
0.04588091206
-0.4185081735
-0.143574864
-0.5274172053
0.4279639512
0.1976603499
-0.2005343846
-0.5367046982
-0.3187651619
-0.2764949806
-0.3698171362
0.01379480436
-0.4722334981
-0.2305884734
-0.248073243
1.153665671
-0.2173050657
-0.6361639947
0.9380885296
-0.02277852721
1.35397459
-0.6433215111
0.06034316858
-0.5333102837
-0.4215141401
0.1188452628
-0.1543408033
-0.5732682899
-0.06532252552
-0.2034616932
-0.6875836641
1.182724845
-0.4915708348
-0.4247684509
1.501089215
-0.5851708844
0.09511370882
-0.1750562498
-0.06940877092
-0.437838909
-0.4443742469
0.6804504693
-0.2560622901
-0.170938554
-0.2597170621
-0.4532544643
-0.1639084172
-0.4421280473
-0.358492811
-0.4442160159
-0.4256600991
-0.2714655645
-0.1594814048
0.6285242092
0.3258242436
-0.2440663226
1.110569888
0.3255673073
-0.3951398998
0.04855958549
-0.4334678069
-0.07927949326
0.01949567744
-0.358578977
-0.3901146203
-0.2563255556
-0.343858739
-0.4928844795
-0.3592674136
-0.13014491
-0.4340781659
0.4949806169
-0.4434759408
1.481115815
-0.2758265257
-0.427001445
-0.3978351071
-0.4981529444
-0.2504871886
-0.302235394
-0.2259544283
-0.4339141726
-0.4150888368
-0.04749550626
-0.3273196265
4.079489183
-0.2665929914
3.586873591
0.1924134182
-0.4365052432
-0.1076234473
-0.2448506821
0.4864897074
-0.1624446677
0.2715264328
-0.4143329129
-0.2779639837
-0.4654188737
-0.5386966214
1.008380178
-0.0499145967
0.3614885052
2.071553802
-0.3489887168
0.2555145707
-0.3624990098
-0.00304211257
-0.4707711995
-0.4046126515
-0.3153637528
-0.4304794118
-0.3709798053
-0.5741575062
0.00118771866
-0.4057718694
-0.2595711745
-0.5200651675
-0.3154657148
-0.6665610194
-0.2153437074
-0.1472356731
0.54605758
-0.6878935009
-0.42525841
-0.09353252626
-0.5092493922
-0.4337890908
-0.5521360829
-0.3754573986
-0.3202341527
-0.3781931952
-0.5177514851
-0.5762742668
-0.1300691989
-0.3935660169
-0.3476214677
-0.07766735172
-0.5920680091
-0.0429373092
-0.3920577869
0.2096647278
-0.3835174575
-0.4375492871
-0.6298644468
-0.3003203094
0.6613795123
-0.5558114544
-0.3731815979
-0.4498892546
-0.6036740929
0.9872340411
-0.0790176861
0.3057755062
-0.3026280925
-0.5798502699
-0.2590313176
-0.5547256947
-0.4074249819
-0.04853210077
-0.38277542
-0.2917859487
-0.5307065308
-0.5042480424
0.1599223572
-0.3346431546
-0.4546987683
-0.1089835577
-0.2343193222
-0.1382827906
0.3882073902
-0.545366396
0.9106672898
-0.2562668644
-0.2366089076
0.672131075
-0.3940533325
-0.367534896
0.1901399235
-0.555415459
-0.167231912
1.065100083
-0.4516768545
-0.3180530086
-0.4681359589
-0.4904493809
0.8330390841
-0.341271773
-0.5206456095
0.782580594
-0.2554783098
0.1814466858
3.449623752
-0.3607510455
-0.3990346819
-0.3192119382
0.3359200483
-0.3858180895
-0.4334154785
2.833186734
-0.5343858853
1.643398565
1.113463703
-0.09138498232
0.666834194
-0.4445957392
0.608005219
-0.1801395105
-0.4074145555
-0.3327244088
-0.4274734557
-0.1210541133
-0.217060532
-0.006898769643
-0.006371910032
0.1265795536
-0.3381061122
-0.1624948192
0.7610698491
-0.5133820847
-0.03755704211
5.019531322
-0.2099912459
-0.5121244326
-0.412746802
-0.3185657777
0.419086845
-0.5980334103
-0.2829031527
-0.3459535405
-0.4266453311
-0.454490415
-0.3125864677
-0.2823929023
0.7107931927
-0.3307967901
-0.3232141726
-0.4652575791
0.03349149292
-0.4137408122
0.01872843313
0.07626997959
-0.4492083192
-0.4128354549
-0.05100210197
0.2776527932
0.6988032013
-0.1183489964
-0.2671074405
0.3653943685
-0.5081354156
0.2138109792
-0.2117296681
-0.3124794841
-0.4847980067
-0.3908763528
-0.2026743241
-0.3593643054
-0.4849951982
0.02901828005
-0.3808478355
-0.302594728
-0.2997091018
-0.2541344337
0.04142709281
0.4510347851
-0.3810382336
-0.2430584382
0.4332650989
-0.1866277061
1.564364496
-0.1442165465
-0.3086274322
0.8688721925
-0.4443843976
-0.06496946048
-0.01877503414
0.9709822953
-0.1897891369
0.9352796674
1.71591433
-0.1733338619
0.04532497162
-0.2575502921
-0.5145347551
-0.2563363351
-0.2233854108
0.1495293098
0.195608667
1.344240525
-0.3439588502
0.5157440247
-0.303246057
0.843484737
-0.3726284847
-0.3985647246
-0.5371463105
-0.125949008
-0.2168650329
-0.1992644384
0.17382427
-0.1226405423
1.034423684
-0.3447309181
-0.4658142105
0.5369313421
0.988369298
-0.319898013
-0.2378623039
-0.3407094628
-0.3698069014
1.029521413
-0.2366462216
0.2016158161
-0.04510047846
0.9881202251
0.1741207033
-0.6129077554
0.8763503209
-0.2109965079
-0.3930550814
-0.3068572626
-0.2101001836
-0.5316199824
-0.1165657124
-0.2776734792
-0.4027480885
-0.4172460333
-0.2594794967
0.6606403261
-0.3770590395
-0.352092126
-0.1552066177
0.08824642855
0.03041421105
0.7094326004
-0.09539331244
-0.1785179563
-0.4809730664
-0.5443272173
0.01657168809
-0.2541752741
-0.3996751338
-0.07660272699
-0.144735001
-0.09481702838
0.1268406041
-0.2207496688
-0.6231264353
0.22900226
-0.0839375623
0.1866495095
-0.3920653224
-0.117698577
-0.7708901912
0.159990222
-0.5132089764
-0.2218341328
0.627007056
0.3865188891
-0.3487525687
-0.3728278875
-0.3726300672
0.2277470965
-0.5616853103
-0.3267660744
-0.4586057529
-0.2527364202
-0.4572497576
3.706165946
-0.3550238058
-0.3740922898
2.528384411
-0.4225980178
-0.4158152387
-0.3345032223
-0.3454926252
-0.2763593614
0.528659765
-0.2570166719
1.984608707
-0.1390881279
-0.3447090499
-0.0139473184
0.8027538359
-0.4870982409
-0.3706742868
0.8187527984
0.1637830032
-0.2385290394
-0.1778776521
-0.1049731812
-0.1419076439
0.02336146841
0.06125860047
-0.1455578979
-0.1869013811
-0.3734196916
-0.09170052707
0.5881923653
0.6861459047
0.8165579753
0.6895849869
0.02341560712
-0.107702462
0.4318139046
-0.1090175038
0.9093952909
-0.3446606681
0.7983610243
0.04979035272
-0.2206430051
-0.004351584939
-0.2675870217
0.03363809757
-0.2227376755
-0.05785738025
2.205074018
0.09341842849
0.0576303334
-0.3373211257
1.880871549
1.906103808
0.5269237766
-0.3809375226
0.5070843354
-0.2105315298
-0.1364867989
-0.0447680396
0.01321633277
-0.2999053158
-0.1689021363
-0.174193052
2.156535172
0.5341798246
0.3023727637
0.08979689619
-0.2449085951
-0.3467959434
-0.4236762434
0.09231333844
-0.0754843811
-0.2655288797
-0.5463781714
-0.3284596473
-0.1142609089
-0.6593924522
0.0857163731
-0.3707266726
-0.2994592391
-0.3175276943
-0.2592079438
-0.3193430342
-0.1843725525
-0.3640705764
1.336825667
0.05481323823
-0.4253409043
-0.3439778611
-0.3783801034
-0.3194752231
-0.4873156592
-0.2839713439
-0.2965760432
4.201988256
3.645973444
0.5626345426
-0.4161827937
-0.0734058667
-0.3056800105
-0.2880408004
-0.2649237566
-0.3437108994
-0.2164734758
-0.1156427933
-0.3394088417
0.08579707579
-0.3076411791
-0.4763225123
-0.1892864317
3.239501268
-0.1061411336
-0.23359496
-0.1042783394
0.09844885315
-0.259846174
0.4171240538
0.2582023866
-0.45366171
-0.2095528889
1.328466433
-0.2379733127
-0.2974473558
0.1292809954
-0.08625395484
-0.27008214
-0.3146198265
-0.08065571524
-0.4411691919
-0.4534666404
0.3543634212
2.047899711
-0.6183184475
-0.1911248319
-0.1676011045
-0.4851603553
-0.4069430247
-0.113414277
-0.1334470738
-0.002769910032
-0.2387492381
1.078840972
1.471963659
1.350556454
0.4851067662
0.1869163199
0.6449059479
-0.02992779717
0.7166749656
-0.0169939664
-0.4241352305
-0.1383236181
2.064160806
-0.266133669
0.1881317344
0.2307272132
-0.4758323222
-0.4420969173
3.059802556
-0.3568003424
0.04949565055
0.7873042315
0.118040207
-0.4985040963
-0.3634034723
-0.5794214711
-0.6115510657
-0.3283462904
-0.1967880803
-0.5059687644
0.1609647919
-0.6009849638
-0.4266231298
-0.2512915112
-0.00139801288
-0.5305557489
-0.5698706195
-0.5014959648
-0.2379540171
-0.227205997
2.1201276
-0.4030041918
2.12473861
-0.2030746393
0.133354207
-0.60278126
-0.3500106111
-0.101097277
0.6879539847
-0.1739734516
-0.03798650587
-0.3196451671
-0.3897495255
0.05288705565
-0.2543385625
-0.3645805329
0.183002438
0.2376591025
-0.2108479735
-0.2931105882
-0.3223265588
1.406746882
2.305886847
1.319672706
2.175668228
-0.06910784943
3.199367869
-0.03410204798
1.064603686
0.4053533956
-0.1528911322
-0.39306169
-0.1229403631
0.6361726075
1.12364288
-0.2637239099
-0.2899571538
0.05520104351
1.817260569
0.08505392689
-0.3051934108
0.09696863042
-0.3717524871
-0.04770749956
0.1060405456
-0.001019597659
-0.2059024177
-0.2969311409
-0.3161782697
0.1258356093
-0.05961355958
-0.1421769511
0.07825601753
0.8735661551
-0.2643483013
-0.7083657473
-0.2842160523
0.009290712699
-0.309059535
0.237373038
-0.1874488719
-0.3227451436
-0.2562927686
-0.4677002192
0.01892775828
0.01861712448
0.06158228084
-0.3979461461
0.06841288609
-0.1531605175
-0.5171961412
-0.2520363376
-0.1718638316
-0.001717571868
-0.3038425311
-0.01775361891
-0.3041774783
0.1395298597
-0.3802638799
0.143515921
-0.204852608
0.0718005646
-0.4168819144
1.916152218
-0.2797823302
-0.4740102381
-0.6339786261
0.2485671675
0.1090014248
-0.4352737442
-0.1924448427
-0.2732300267
0.119017229
-0.3927181721
-0.0002785036108
0.1047569964
-0.3196808647
-0.1242671269
-0.4069548927
-0.3708730191
-0.3528798416
-0.4468780145
-0.1603049815
0.2016098974
-0.5216785416
0.7832733274
-0.3337840632
-0.3503474861
-0.1690304372
-0.2748752557
-0.3725189202
-0.3316828281
3.867153823
-0.3031409368
-0.3711537525
-0.1118093971
-0.3555789202
-0.1723025076
-0.2784474365
1.726241973
0.5803252689
0.2325241988
-0.2885340266
-0.4783659294
-0.1358544531
-0.2152606234
-0.4275126681
-0.3410441719
0.4857560962
-0.2839168124
0.2485188421
0.4618450142
-0.1437279223
-0.2372978915
0.3667098999
-0.4167398676
0.5992164254
-0.2043319494
-0.1935448155
-0.2737045877
-0.3459396675
0.0002931227908
0.06035115365
-0.2979913987
2.53186329
-0.1099795721
0.1169177099
-0.2944761328
0.9399036214
-0.491283603
-0.4570731997
0.1248907803
-0.2700717418
-0.4398597792
-0.1866472963
-0.2397286847
-0.288738605
0.5847351015
0.083624095
-0.3803519934
-0.4088073403
-0.2041766003
-0.4675656706
0.07471584952
-0.0428799646
-0.379291375
-0.5462123364
-0.1009668306
-0.5460071102
0.7981867857
-0.2352987669
-0.2929768361
0.00820976859
-0.08180593313
-0.08476287732
-0.127445415
-0.1208547716
0.0769161175
-0.3359189197
-0.3998668239
-0.1008601638
-0.4729053423
-0.4210413456
-0.4094548672
-0.09625506648
-0.5672184393
0.03532618098
-0.6183039188
-0.2621725067
-0.429518725
-0.08184356205
-0.3528565332
0.3423680253
-0.2899716303
-0.209119162
-0.4479607061
-0.4702928752
0.2478003358
-0.1131935416
0.8360265046
-0.4060182899
0.03231599219
-0.1970964766
0.6005771726
3.048138881
-0.1064010259
-0.03974063657
-0.2173536066
-0.2597998887
-0.2696056716
-0.3036973607
-0.3685007825
-0.2942110978
-0.07856320012
-0.2921257764
0.5933369264
-0.3705516666
-0.3253706351
-0.3567650668
-0.3221098058
-0.3228102341
0.5869887032
-0.4287372842
-0.4335846767
-0.3702203937
-0.2583623404
0.09199274294
-0.3907372236
1.473717639
0.8112710156
0.6033901215
-0.3825255573
-0.01488358453
4.920682955
-0.6697638959
1.46638011
-0.532858029
-0.4126463637
-0.4433977276
-0.2310025748
3.484454453
-0.6109686852
-0.5304619297
-0.1052470651
-0.3962100044
-0.4513900578
-0.1291566252
-0.3798092276
-0.2977453493
-0.3350857057
-0.3684148058
0.01067376584
-0.4037623808
0.02775059743
-0.3101975963
-0.2903839543
0.1090427009
-0.3864584669
-0.2497610107
-0.4755185664
-0.2514861967
-0.2318871178
0.2144757487
-0.2942077152
-0.3536477044
-0.3500838116
-0.02706379117
-0.6317340523
-0.3014731385
-0.3212506317
-0.06027914137
-0.1966153875
-0.2735310107
-0.4606948704
-0.5082800657
-0.4719423637
-0.2129099041
-0.4126251221
-0.02946786145
-0.5926079333
-0.4417073518
-0.3587685362
-0.5872544304
0.2406197552
-0.3537701473
-0.2302945025
1.812175146
-0.6114815086
-0.2979505755
-0.2903825067
-0.02845318262
0.2691018777
1.856718352
-0.2652006917
-0.3665196106
-0.2398104675
-0.2284828626
-0.4654029965
0.7051714242
-0.2854459677
2.201773226
0.1281804039
0.2132820496
0.02743079267
-0.239797907
-0.34871649
-0.3643107772
-0.4930526897
-0.5293916523
-0.3219438687
-0.1399934482
-0.3309966236
-0.06062682556
0.2613268074
-0.05526894461
-0.4464274794
0.4147441186
-0.5405691326
-0.5529023781
-0.352549769
-0.4635083675
-0.5722267449
-0.4868661016
-0.04118431024
-0.3656505421
-0.5728471085
0.5311910402
-0.6147187546
-0.4314627767
0.3782229101
-0.2849651605
-0.3828485489
0.1068002969
0.4761084132
-0.09045099355
-0.4121904135
0.0626929543
-0.02726517841
-0.3729887784
-0.3462890714
-0.4813572347
0.2512788123
0.8244881539
-0.4294715166
-0.08126990069
0.2916097816
0.4144813888
-0.7143113971
-0.2602195486
-0.3993530035
1.824283165
-0.37093523
-0.3110733204
-0.2183831241
-0.2915769234
-0.427479659
-0.1926662176
-0.2106357507
-0.1031533252
-0.2564183928
-0.2768295284
-0.2806948878
0.4514123492
-0.3549549639
-0.2058265522
0.1797019105
-0.2410029132
0.4062907115
-0.3587311313
0.469746124
-0.2145916104
-0.2628848627
-0.2182810143
0.007131259516
-0.3265300669
4.560272682
-0.1211925602
-0.3450535618
-0.1863963228
-0.4388413087
-0.1259197484
-0.1909333549
1.150498915
1.490989217
-0.2587597812
0.2889948644
-0.187869033
-0.4098182425
-0.05801483844
-0.4429009214
-0.1750555536
0.02330238502
0.003908095229
-0.06948656635
0.02407801975
-0.2984096766
1.61461392
-0.3347934827
-0.3893000573
-0.2310246706
0.07769192955
0.7175294891
-0.06559247002
1.773988962
-0.293280708
-0.1600153309
0.7816310078
1.418252416
-0.1887867749
-0.09008023292
1.088483912
0.6862597197
0.001741843671
0.3423177287
-0.4864453733
1.37056196
0.3921285346
-0.2005821276
0.5153122656
-0.09997528745
-0.3978586707
-0.3465115681
-0.2112931161
-0.5255424395
-0.2066816237
-0.09408459091
-0.04120768253
0.5935873671
-0.326675348
0.001423893124
0.4554022718
-0.3532437503
-0.3366043255
-0.3881445862
-0.05104290359
-0.4916694179
0.3107634906
-0.2522951141
0.1267243743
-0.3577216737
-0.3240182541
-0.2873360038
-0.3630855545
-0.3854470298
-0.3683749542
2.221816587
-0.2897312388
0.02548157726
-0.1487671716
-0.04825484967
-0.3520397425
0.137261147
-0.1763156418
-0.1680952983
-0.426112707
0.3155863013
-0.04754689694
-0.2545019634
-0.05653186403
-0.1314331365
-0.5346615717
3.511725032
0.3459033608
-0.1845732383
-0.2021099113
0.3409844797
0.3582426451
-0.4086753905
-0.2566585831
-0.4216410264
-0.2875947498
0.02695949334
0.504327175
-0.5534898341
0.006619056547
-0.5773712769
2.82632097
-0.1855814297
-0.1070783831
-0.5540876821
0.1175910156
1.323961642
-0.2797368929
-0.1644859653
-0.2224863943
-0.1989200935
0.2921637386
0.05478112306
-0.2323392253
0.07286836165
4.724407887
-0.1941664256
-0.07706453446
-0.1408877019
0.1361708481
0.1095163241
0.5752126314
0.2178350646
1.960928088
0.6450961992
4.643729401
2.441715419
3.285858834
-0.2690756276
0.5746815048
-0.08381928466
2.655089486
1.546928436
1.736681017
-0.2347477373
-0.2149411596
-0.253076449
2.414049584
-0.223138133
-0.4098209888
-0.3335930526
0.2451812945
-0.2053346084
-0.1974369198
-0.008380108699
-0.09035372157
-0.1856761664
0.5746922057
0.02929257583
-0.02845252398
-0.1793328494
-0.268089696
-0.03194761947
-0.1955388609
-0.2943585455
-0.2701980598
-0.4397575274
0.1146944322
0.2067022081
-0.2450608643
-0.1469615228
0.4459656375
-0.33443553
-0.1382362235
-0.4595358819
0.119405294
-0.2667312726
-0.2371538386
-0.4971415326
0.3045266591
-0.2004477572
0.07579415115
-0.4535429835
-0.1337984768
-0.1642271001
-0.3265197694
-0.1880042315
-0.2726134136
0.1831221027
-0.2740995917
-0.1123583632
-0.4589549392
-0.346410948
-0.009232297353
1.206716436
-0.1258629527
-0.4689728618
0.5959617987
-0.3403168797
-0.3388043299
1.252847119
5.249080324
-0.1989563797
-0.1859041106
-0.2579002902
0.1232109435
-0.487066479
-0.3466705233
-0.3980712205
-0.3509663805
-0.266788512
0.08461123193
-0.3731653556
-0.2203975499
-0.1063843101
-0.5679089084
0.3153762212
-0.3938113227
-0.3355933569
0.229667972
-0.3278789915
-0.319821918
2.706877518
-0.5807485878
-0.4071993098
-0.5255099595
-0.1659699929
-0.5253769815
-0.00111255981
-0.3249441817
-0.3531816229
-0.5344167024
-0.1075039744
-0.2254560754
-0.03046500674
1.660500893
0.2242062723
-0.4304279417
0.09427349756
-0.03070330834
0.9838976845
0.09559625569
2.248466152
-0.4233741239
-0.3621295244
0.1961520247
-0.3766088903
-0.4478839904
-0.3635815836
0.654715162
-0.3317868307
0.2318484187
-0.2175855018
-0.4313190386
0.5182614611
-0.06427390296
-0.3149944797
1.10821777
-0.58421866
-0.1502436136
-0.1687242173
0.656002773
-0.4865802974
-0.4697454318
-0.1277005747
-0.4513862535
-0.555269298
-0.3148173027
-0.2711542457
-0.5139334142
-0.2842038967
-0.5752337128
0.02471250184
0.09654231723
-0.4032122374
-0.2394787706
-0.413840951
1.236493427
-0.2612259492
0.3147275623
1.398553997
-0.5366187349
0.07779297903
-0.2956622265
-0.4811499387
0.5147989027
-0.4623607412
-0.3356705047
-0.4664924055
-0.5410868853
-0.6127203986
-0.1332996648
-0.2849308573
-0.3359211564
-0.4766916573
-0.4365442663
-0.3554794759
-0.1797999103
0.5395959325
-0.2545926191
-0.2174489819
-0.3038209163
-0.04566101599
-0.2925106265
-0.5704774037
-0.5202609375
-0.299096062
0.09305440541
-0.3428728953
-0.4173370019
-0.08698138334
0.1626851231
-0.5039805189
0.02245670892
-0.02420464302
0.1445996813
-0.4097215369
-0.09054913465
-0.1250412812
-0.3297397979
-0.04487169124
-0.2262695637
-0.6518626899
1.588574345
-0.438861917
-0.6076274887
-0.5074215114
-0.3221153989
0.5156897614
-0.008727991302
-0.1258050136
0.5668765321
-0.3903884083
-0.1651320374
-0.3174368735
0.1394116366
-0.5379887342
-0.4711280555
-0.3228098437
0.3975988824
-0.3378528148
-0.2524795435
-0.5185455605
-0.4382165283
-0.3973331526
-0.4363410503
-0.2606346723
0.0108833146
0.1485709139
0.07062531104
-0.08854513979
0.1189645832
-0.2162419984
-0.3533307202
0.2037389643
-0.4377239138
1.0551868
-0.5029270008
2.563209873
-0.2588071261
-0.3088232346
0.004513623798
-0.3293304563
-0.1667073522
-0.2726030871
-0.08140730485
-0.07049871041
-0.3828563437
-0.3507441208
-0.06025744081
-0.387601161
-0.4470627576
-0.478974174
-0.08370976984
-0.05797845148
-0.1340173204
-0.641459316
-0.5677662119
0.2656170448
-0.5039507702
0.5179337505
-0.3741713569
0.04534967011
-0.3024941623
-0.4256900564
-0.2262925962
-0.3646846488
-0.2900128687
-0.327639693
-0.3325800762
-0.3793031231
0.2961299261
-0.309206719
-0.2655896589
-0.4611631602
0.1789049651
0.3905805589
-0.329073903
-0.2104895521
-0.278888198
-0.1898635805
-0.2196229115
-0.4231376216
-0.5435681328
-0.778035447
-0.5937688455
0.6729227553
-0.4677474648
-0.3528950065
-0.4194183081
-0.2248806037
-0.1932280704
-0.311499092
0.001261292305
-0.1518623734
0.0579932455
0.183152635
-0.07448511347
0.06518782191
-0.2717612244
0.6629462674
-0.3163185276
-0.1214164011
0.9496866018
-0.5843662739
-0.4092108265
-0.1438701808
-0.4100776628
-0.2167075504
-0.4894867897
1.795220649
-0.3284790084
0.8581782043
-0.3693295933
-0.1576992501
3.299909604
0.1667367421
0.1746377548
-0.4493702888
-0.257676594
-0.5105129942
-0.4753273934
0.1700648066
-0.5599582478
-0.4084658921
-0.3592905194
1.318318498
-0.4405897528
-0.1006147868
-0.1699450497
-0.3213661119
1.137986824
3.010446393
-0.3714363232
1.773114261
0.08517736932
1.282853869
-0.1052211363
0.773582907
1.000233072
-0.3360262685
-0.2943696536
-0.3652224958
-0.1558336681
-0.297820808
0.003351807268
0.524783054
-0.3175421797
0.05531164333
-0.2650642253
-0.2544292331
-0.1365896631
-0.4220093124
-0.2346187547
0.2997701522
1.446754442
-0.4206918463
-0.3807951026
-0.219905135
-0.5472598314
1.412124825
-0.5369699985
0.8204497881
0.3067232487
-0.3571406983
-0.1526845112
-0.3584283456
0.6172043942
-0.4934545115
-0.4753833726
-0.6162748009
0.5503184147
-0.0695518313
-0.1846366137
-0.3941870436
-0.4491448611
1.024313203
-0.2882911883
1.743972573
-0.5685992807
-0.3999067351
-0.3112009749
-0.122644794
1.660000229
-0.3087695323
-0.5751179382
-0.193348179
-0.4279915571
-0.4699867427
-0.5648221448
0.06222832073
-0.6215655595
-0.5832912013
-0.2910686299
-0.68447465
-0.3289854392
0.5505580755
-0.4902468979
-0.2249175552
-0.5427612752
-0.5946500912
-0.457793434
-0.4536870331
-0.2890842095
0.3113553118
-0.4293326303
-0.2175126653
1.661042607
-0.02259621476
-0.1492374294
-0.1173038999
-0.2798189014
-0.3408921152
-0.3929691613
2.070060736
-0.3641946092
-0.4167450115
0.804258664
-0.3737206146
4.357176173
-0.4354247615
-0.3988062277
-0.3861110583
-0.5761089817
-0.4298674524
-0.2307292327
-0.2680628136
-0.002075131796
0.339346803
-0.3828407019
-0.3134708762
-0.4347553477
-0.7598170221
-0.588674739
-0.5168248385
-0.3449107341
-0.6054567486
-0.4573763132
-0.2453854438
-0.1714584704
0.1164950892
-0.2986432645
-0.5018376112
0.1963648517
-0.4045281902
-0.5518003747
-0.192166473
-0.3400281504
-0.1284614229
-0.2611075155
-0.4300541177
-0.09860589243
1.832077813
-0.2040065791
0.9099383086
-0.008201108826
-0.1607922013
-0.2266210429
-0.008646320738
-0.3236203536
-0.3069349367
-0.3924359113
-0.1608999828
-0.2330937175
-0.367253235
0.4718181953
-0.3897813827
-0.3748472825
-0.2169964679
-0.213686984
-0.4587463513
2.183183342
-0.3649767198
-0.3019850262
-0.5936567008
-0.02804207271
-0.4092768081
-0.231447782
0.487633842
-0.2435109328
-0.3804160267
0.3166450525
-0.07706275156
-0.2401981793
-0.1569212664
-0.3732853465
-0.3868481576
-0.2921438579
-0.6744130194
-0.5523793027
-0.4579832032
0.137920478
-0.01261812951
-0.6139890194
-0.4691100329
-0.2841243923
0.1087461997
-0.3405209005
-0.4020606704
-0.2886405416
-0.4523064777
-0.1144496465
0.2073078028
0.6915346786
0.3448234737
2.275077534
3.567368603
-0.2737405432
0.01069395966
-0.05630707573
-0.7193727702
-0.2447195716
-0.1016802593
-0.2926794372
2.1342197
-0.2631384458
-0.2945673883
-0.1498316575
-0.4790976286
-0.4592619732
-0.6568303168
0.09302749429
0.02371178027
1.780237854
-0.2936808098
-0.2812490948
0.1134767985
-0.2274020087
-0.1459485061
-0.3379366204
-0.4772617117
-0.2390738443
-0.3038959056
0.2676361091
0.2204736785
0.8901485786
-0.09111880399
0.8801500618
-0.1928450014
-0.3487698093
-0.2391829448
-0.3098757945
-0.2919241346
0.4227708315
-0.4493842199
-0.08727017604
0.002711769775
1.52945739
0.6905275777
0.5611258592
-0.2185339071
0.2501839161
-0.2267820682
-0.1651695516
-0.1138247307
-0.4801838607
-0.5448780224
1.396825889
-0.5045974746
-0.3525781408
-0.374090904
-0.1197777658
0.04441935564
-0.07278633253
-0.2181674883
-0.1168698303
-0.5056905121
-0.4617641911
-0.4232727475
0.1192083494
0.2339242779
-0.3116256922
0.05012260862
1.774262869
2.916918159
-0.05984148085
-0.399771902
-0.3932507649
0.1305519618
-0.4501478299
0.140453075
-0.3126827464
-0.2599569194
-0.5308505729
-0.4275766551
-0.4581967428
-0.2565116115
-0.4201070935
-0.2436957844
-0.3218551263
-0.3143538721
-0.2474503748
-0.3601777487
-0.3396930128
-0.5899017617
-0.4991091594
-0.4573512465
-0.1005258492
1.19116286
3.689852381
-0.04283736236
-0.3822381362
-0.293695458
-0.2473990344
-0.1098303005
0.5604997166
-0.546449405
-0.210818769
-0.458887516
-0.5473159507
-0.1297060456
-0.344809261
2.124537992
0.09760760269
-0.0798350614
0.3420977985
-0.07809746619
-0.410883972
-0.4117844775
-0.5875315428
0.2378423218
3.258085251
2.32439279
-0.1631297804
0.04060225477
-0.02902661832
-0.1246208245
-0.01268813135
0.2194498149
-0.2502049573
-0.1143327361
-0.4613262802
-0.4249873534
-0.3998738706
1.08483066
-0.1015585329
-0.4068892583
-0.072361416
-0.4969007581
0.5618574403
0.7043887794
0.6361738481
-0.2749319471
-0.2098659053
-0.01650982946
0.251643984
0.01107985936
0.1140770845
0.08401012318
-0.2050669312
0.03903730093
0.06264497004
0.7211007111
3.861770833
1.372918347
-0.2854093917
-0.2291857503
0.4161976591
-0.2916201957
0.03733552657
-0.5332636312
-0.4076398253
1.229249755
-0.1428937767
-0.1024573312
-0.2284153469
-0.4375342712
0.3836204622
0.02511936342
1.666095102
-0.2421275839
3.816761291
-0.29028081
1.322646405
-0.347212778
0.03674168866
0.02433152613
-0.1573328407
0.7359940678
-0.2317700252
-0.2843338579
1.59377875
0.2034024905
-0.1076522239
-0.2118756024
-0.008656560257
1.007594165
-0.03525424055
-0.1930893503
-0.1142230165
-0.3613767579
1.726376703
-0.1910380591
-0.5207650945
-0.1608595822
0.75378564
-0.3555380903
-0.2660591498
-0.3973736569
-0.4107684553
-0.5279204741
-0.3800034054
-0.1710921131
-0.2323927857
-0.4770457759
-0.3848302305
-0.04726775829
-0.2556842908
-0.3150803737
5.0210706
0.3693563111
3.041288364
-0.1558324751
-0.1108034031
-0.197395853
-0.2138777498
-0.2515688606
-0.2578770839
-0.1303780932
-0.1203532197
0.313101053
0.2686033512
0.8341487974
0.3516074359
-0.1787378561
-0.3227049105
-0.0546082329
-0.5299077556
-0.5108214244
0.7591200098
1.039034653
-0.1498732792
-0.03891964806
0.05227737334
0.7482432511
-0.297270765
-0.2113993317
-0.1105730687
0.2597645938
-0.1940446876
0.178123406
-0.2037099201
-0.2787746504
-0.2477726623
0.03672188129
-0.1095248462
0.152223155
0.3214308389
-0.03721566056
0.4791588955
-0.07794266213
-0.1273483165
-0.2267358154
-0.5436184824
-0.1938561089
-0.2392342489
0.01877508173
-0.08270911016
0.204566173
-0.5127804443
-0.4080491483
-0.3160429195
-0.1039845481
2.384444422
0.891219984
2.567780185
1.408351266
-0.4277402386
-0.03439530605
-0.1347137479
-0.3118298054
-0.06296909377
0.685232012
0.1447859401
-0.07421618495
-0.2783521503
-0.1804309737
-0.4162267849
-0.369908081
2.495851344
-0.3948056251
0.05011573301
-0.553750205
-0.4303799957
0.4130744427
-0.593252176
-0.261696294
0.6348514795
-0.1532471489
-0.4226472214
-0.3723291725
-0.1232255529
-0.4245155975
0.2551386518
0.1702076105
0.1820130234
-0.3513654441
-0.3699146792
-0.1753562575
-0.2826125301
0.1869877302
-0.05152911087
0.05789798312
0.349161125
-0.1318232022
-0.2272833299
-0.2497855999
-0.07106257752
0.09280316196
-0.07211946049
-0.3102938548
0.06192338308
1.618745127
-0.3919518068
-0.2455305506
-0.3256531432
-0.1461570949
-0.1119114354
0.6858843472
-0.3214475933
-0.2207455579
-0.02294802507
-0.2994659975
-0.09037716938
1.382480633
0.07673739167
0.3116697513
-0.5215828344
0.8559690725
-0.1805137467
2.751558483
-0.1061478099
-0.06018454842
-0.1723095865
-0.2453041255
-0.3649700016
-0.1215197241
0.2052856064
-0.1036180688
-0.01757478747
4.617684519
-0.6092651457
-0.3358782932
-0.2264553728
1.083195695
-0.2623354666
-0.3954082072
-0.231408092
-0.1374520116
0.2821399912
-0.3290279575
-0.1573427143
0.07920393939
-0.2341422662
1.390237403
0.3162271559
-0.1877815764
0.06906652562
-0.09459903077
-0.171263506
-0.4720254302
0.350678378
-0.2011557996
-0.4825560555
-0.3587037936
-0.4093856961
1.970592496
-0.3993891299
0.3455844816
-0.2331758328
-0.5310988098
-0.3187147997
0.4026121631
-0.02180106179
-0.122912953
-0.3891282916
0.9309853211
0.7462162331
0.2772286762
0.4359434981
-0.3365327552
0.307305827
-0.3301865973
-0.3417880878
-0.5362353191
-0.5050715223
0.3452693801
-0.1890126996
-0.4135250807
-0.2058499691
0.4030817728
0.7594516322
-0.2291649107
0.7048560977
-0.1080159968
-0.4108761936
1.231225692
0.06564694138
-0.3756215096
0.553778547
0.1744695149
0.4576059113
-0.241474406
0.1403603027
-0.4055824086
0.5309029654
-0.2443120759
-0.1899892472
-0.1610318257
-0.09263810227
2.419158548
-0.2608662225
-0.3169336848
-0.2760097377
-0.2422030383
-0.1514555277
0.2191692125
-0.3047509491
-0.2205229273
-0.2469276886
-0.1643310351
1.731927574
0.3804301076
-0.1280042423
-0.3094612107
0.4035020452
-0.4697032422
0.1431307651
-0.3932367504
1.777743289
-0.08450709898
-0.5647087812
-0.6255933195
-0.2260895632
-0.2519328266
0.3519045245
-0.4645852521
-0.2524866074
-0.5234803721
-0.284266904
-0.3299770601
-0.4885933787
-0.5161317796
1.073919421
-0.2834980577
-0.1630092617
-0.2566503834
-0.5012468368
-0.4397405714
-0.2441569194
-0.1198442025
-0.1424572965
-0.1635647174
-0.4766725466
-0.2620456498
-0.4826732427
-0.1219803102
0.9807768226
-0.2524038874
-0.09066582285
-0.01191895353
-0.6132855058
0.1276653653
0.58963276
-0.1462730721
-0.3661647052
-0.3095895976
-0.4121863574
-0.08726270706
-0.04225453716
1.637078708
-0.2730191857
-0.2042335922
-0.2915616661
-0.327175609
-0.4083081767
1.59270443
-0.145865583
-0.2542304814
-0.3254299819
0.08503815695
3.02288233
5.314854443
-0.2553225439
0.4886728093
-0.2983043171
1.854445446
0.4457693234
0.04983960874
1.697339162
-0.153833962
-0.1791072318
-0.3663250387
-0.317557577
0.05209451816
0.02426394499
5.16902405
0.7534585548
-0.1239909722
-0.425115785
-0.2584028862
-0.1084759468
-0.01692752335
-0.4301597059
0.5240942135
0.5618036374
-0.04521609517
-0.3757114977
2.669471157
-0.291503337
-0.08133861274
-0.224048645
-0.157629141
-0.07549337577
0.2101476541
-0.1949834911
-0.4933370501
-0.1372797359
1.027570288
3.116436875
-0.3003367268
-0.2884784203
1.948151323
-0.4770074964
-0.3512906969
-0.5631344631
-0.2209800515
1.082095297
-0.2654081188
-0.4387917817
-0.4637968421
-0.1383388965
-0.3071338393
1.326238242
-0.1592216603
-0.3486872219
-0.04548857547
-0.2792307504
-0.2360955991
-0.437877968
-0.3716126405
-0.3007887185
-0.2908515949
0.3963348977
-0.5202737555
-0.2808568515
-0.3443985566
-0.3975945689
-0.1493089014
-0.3897258222
-0.3159844294
-0.1308281676
0.1076221665
-0.3803311333
-0.2142976236
-0.3022357978
-0.2973553918
-0.1739431981
2.195235232
0.587624345
-0.4164609402
-0.03186829519
-0.598603262
-0.3294230163
0.4381780148
-0.150150872
-0.4978456184
0.3939599123
2.96129415
-0.5139654368
-0.441816479
-0.2579570226
-0.1678556647
-0.2473568406
-0.4378057867
-0.2352855146
1.327692401
-0.2038223628
0.1146978647
-0.1641485609
-0.131522241
-0.1681382613
-0.2272047371
-0.4289069071
-0.2686854765
0.04050151473
-0.1083614935
-0.2716048129
-0.05759705212
-0.3112449437
-0.3910379723
-0.4418391347
1.31873934
-0.2099261408
-0.07878276063
0.802279377
-0.3496217489
-0.03612048589
-0.3421501115
1.223822084
0.1586682586
0.3799865115
-0.3210238978
-0.2966475137
-0.3467055112
-0.0875069485
1.836232507
-0.3270160966
0.1695128972
-0.126001312
-0.2260638081
-0.3221791916
-0.4288142815
-0.2987904176
-0.1562452152
-0.3420652866
0.153846649
-0.5149247766
-0.1264711978
-0.4625330299
-0.270329617
-0.5353416279
-0.2416913137
-0.3973543584
-0.4204210594
-0.2475264631
-0.4746470973
0.3413501779
0.3305759979
-0.4738778517
1.031397086
-0.440984948
-0.1833444964
0.1612115958
-0.3745985597
-0.4835137919
-0.497194241
-0.4653919771
-0.3480402634
-0.3497152284
0.008557532728
-0.04792467309
0.1741688725
0.1490365968
-0.02220528675
0.4500278555
-0.1145987003
-0.07000694871
-0.3554488227
-0.2665555358
0.3411426008
0.7019119702
0.2166738797
-0.4467567086
-0.1094802428
-0.2945849866
-0.3443294838
-0.4468770176
-0.4514237314
0.177045491
-0.1663019196
-0.4636983514
-0.4149139896
-0.2682272956
1.074630286
-0.3225959718
-0.08911034111
0.561310865
-0.04075804958
-0.01489049708
-0.3780749336
-0.4569316819
-0.3845120832
-0.1555057704
0.4778995983
-0.3334662408
-0.398113066
0.01875446951
-0.3143567249
3.253495872
-0.08523882227
-0.3954098895
-0.1175552865
-0.1799544746
3.993111885
-0.02725385497
-0.2278966719
5.115188777
0.1984592365
-0.06785093378
0.1085672389
-0.3352326475
-0.4123246446
-0.3589138083
0.8541751981
0.1062273083
-0.5519342124
0.800546135
0.9309671447
0.8183834963
-0.09798035501
-0.1055006938
0.3980623273
-0.3705121979
0.3992238069
1.0157159
0.320660707
0.6063400105
-0.1898463801
-0.2228238486
0.09382938566
0.2314396862
-0.1091100598
-0.2742245317
1.047556705
-0.06462661829
0.0003075474873
0.01171308961
-0.4604314238
-0.3022137173
-0.06024363292
0.03521958552
0.6038237192
-0.1049285788
-0.001842662459
-0.0906897991
-0.3415919974
-0.2609413676
-0.1264728564
-0.2068220718
-0.2859310254
-0.2967526726
0.3742472267
0.3855885219
-0.2682135191
-0.5134640798
-0.4204852566
0.3543771185
0.2188388653
-0.2942043826
-0.08004543176
0.7274373129
2.337616026
-0.06445472538
-0.2855136752
0.0003650682047
-0.1318236668
0.2300352699
0.5354100347
-0.3409901239
0.6824016266
-0.2754929982
1.1571026
0.4634373796
2.48647939
0.06605874198
-0.1543882307
-0.388273719
0.3767169751
-0.1121497972
-0.2685342617
-0.2983466133
-0.1031392424
-0.286616138
0.003300494608
-0.2256144926
-0.2354539435
0.6958144411
0.2979648422
-0.2816334836
-0.01994580077
-0.3117631331
-0.3790040448
0.3418645413
-0.1946755461
0.3651380729
-0.08994068448
1.502193308
0.2615648762
0.4044151127
-0.04355513374
-0.07566989465
0.3934624121
0.128343639
0.4123987559
-0.1999726567
-0.2691890649
-0.332494887
-0.2526776426
-0.1961049404
-0.4394625515
-0.2305374142
-0.3917281434
-0.06820867034
-0.1922036764
-0.2419926181
0.02734675445
0.01724487413
-0.3602174923
-0.2493587265
0.5623406179
0.6955436468
2.531276554
-0.1122145522
-0.1386927061
-0.3944008648
-0.2493557233
-0.08620296414
-0.1807396548
-0.4866135791
0.6720139503
0.3004329102
0.06989393313
0.9329495966
0.7247909874
-0.244244384
-0.3467324466
0.1272381134
0.5096400231
0.1891083706
0.2857521042
-0.346314507
0.3014693573
-0.06591616329
1.213595757
-0.1365842263
-0.1726582365
-0.3404876798
-0.06844779383
4.176991665
0.2115949113
-0.1233024797
0.000394371897
0.4470508996
1.005933344
-0.3600374103
0.2970603293
0.006019644812
-0.1747523304
0.6972092479
0.05056565171
-0.04248757996
0.05391016006
0.1526276995
-0.3065332711
0.08256264715
1.837998855
2.025549805
-0.3526661113
-0.1649881284
0.0007267276756
-0.04881186713
-0.4444903091
-0.2176984414
-0.3381753124
0.4209297098
-0.1140557264
-0.385793978
-0.3294265918
-0.3150059775
-0.09232143369
-0.4724981129
1.112272799
0.1266847562
-0.223720282
0.04192230918
-0.08007236421
1.168362738
-0.4594091132
-0.04169047717
-0.537113528
0.09833317255
-0.5783049062
-0.3189807203
-0.3968932718
-0.3479572617
-0.4265044361
-0.2090053404
-0.4781170025
-0.3990829885
-0.3984933153
-0.06265888438
-0.1820708666
0.3032825978
-0.5334481761
-0.2894194685
-0.4573833764
-0.1401783343
0.6666416116
-0.3333384186
0.919844228
-0.2061937597
-0.3586282641
-0.1504723117
-0.5232048109
0.1827388946
0.07336658128
-0.4856731474
-0.3408642858
-0.02880740259
-0.6356312796
-0.1771002721
-0.2830979832
0.6795418218
-0.1787430495
-0.2555460453
1.30277577
-0.3752413616
-0.1393902227
0.5943468884
-0.3336599983
0.5882354468
-0.417238234
0.116048803
-0.5264626488
-0.0260881478
3.295742166
-0.3413523242
-0.3684313223
-0.1648828333
1.418835935
-0.264206481
0.5910983615
0.1594357825
0.0479973794
-0.1437703963
-0.366584079
-0.3466809422
-0.4670843303
-0.3079517901
-0.1878941309
-0.0984765714
-0.4062177226
0.4392097231
-0.6113854378
0.3264969833
-0.2005624633
-0.3132867366
-0.270512687
-0.4260457188
-0.4267949134
-0.302021338
0.4031904142
-0.2901617028
0.507011877
-0.5616424218
-0.4992224112
-0.4285104066
0.142177627
-0.4077814981
-0.5492863744
-0.02147996817
-0.3395580851
-0.2438684262
0.07794389329
-0.2678581033
-0.1841475837
0.02989868112
-0.2906821899
-0.3320292957
0.1535544164
0.01811299389
-0.2361776099
-0.06256343219
-0.1417824069
-0.2420962244
-0.2206683461
1.937445468
1.913628328
-0.1464461025
-0.166705768
1.090653926
0.02398848641
-0.05960173402
-0.3195818588
-0.519425343
1.18513934
-0.236008884
-0.2561971925
-0.366520752
-0.3459684551
-0.1561538581
-0.287548282
-0.1826602404
-0.06079445025
-0.5060410798
0.2392868587
-0.3356262907
-0.1914599892
0.5294417867
-0.1073820936
-0.3316120431
0.6089819945
0.3199607201
-0.2544833928
0.2457493979
-0.05680227298
-0.1919222187
0.1505804357
2.823134601
0.1134518726
0.3676495217
-0.2498102101
0.06007001456
-0.02609037058
0.02368645091
0.6286676869
0.6089194125
-0.3305695347
-0.1990082348
-0.3180547066
-0.2703247465
-0.06783312177
-0.2542082276
-0.2344575401
-0.25343845
0.1591847758
0.4965208681
0.1340174127
0.7419866756
0.1423086933
0.7011503547
0.06365105165
-0.2989522323
-0.2340446379
-0.1652167367
-0.2520363752
-0.2033858785
-0.1488921069
0.485825748
1.886547294
-0.06033757925
-0.277329722
-0.3784978539
-0.1995389717
-0.3569748543
-0.4375733674
3.808104742
-0.1469822044
0.1557739079
-0.2959363766
-0.00582885053
1.79808026
-0.03677406171
1.433297299
-0.09528740309
0.2272930849
0.7411944121
-0.3938247472
0.790872591
-0.3121494174
0.6340782329
-0.1445430746
-0.1443283277
-0.1758363354
0.2549990652
-0.313789627
0.002875670232
-0.03702770313
-0.4041209236
-0.2116193466
-0.4918242522
-0.2652506366
3.417043221
-0.4018956169
-0.1757436998
-0.09387881216
0.1871016169
-0.09172469471
-0.3104074508
0.6503309146
-0.2245044492
-0.3821661636
-0.4387623131
0.1650197974
-0.1223551414
-0.02856954634
-0.3467225775
-0.3152342878
-0.5139752999
0.0434969089
-0.3395503536
-0.382808727
-0.4844381675
1.602109754
-0.4254125312
1.855874734
-0.1634645473
-0.2959116504
-0.02923611957
0.06612691008
0.8374044955
-0.3456514925
-0.4944419369
1.115981317
-0.3994717553
-0.286598479
1.687668729
-0.3044733346
-0.2969265465
-0.3958666936
-0.4676753536
2.174638945
0.08563555032
-0.176736341
-0.2829496779
-0.1246722263
-0.4350445211
-0.3495682076
0.7683122635
-0.5397943184
0.000644215662
-0.1657344323
-0.4511202008
0.2637534329
-0.2664045721
-0.1031382207
-0.4187041469
0.2350286424
-0.3230011523
-0.1774136543
0.09924357885
-0.2362097926
-0.3327309594
0.1957547531
-0.05543181915
0.05364712551
-0.08423637077
-0.209920289
-0.4218300626
-0.3214809068
-0.02630419158
-0.1736964473
-0.2371515185
0.1761330586
-0.1522306144
-0.2626795344
-0.08048719745
-0.3511150457
0.6369717568
0.2073341856
0.2472613722
0.9502390943
1.243698624
-0.1552948006
-0.3015330203
1.112972954
0.1020690158
0.03864833796
-0.08223007051
-0.5379551262
-0.1215745287
0.4541166849
1.554939264
0.1190798704
0.2133729286
-0.1730672136
-0.1872799404
-0.01870512376
-0.465857736
-0.2693758748
0.2691462748
-0.3007227555
-0.4406761646
-0.0439072676
1.007965617
-0.1545417264
-0.121978738
2.818075109
-0.2120083794
1.252996728
1.257114752
-0.2103390455
-0.186501715
0.4680491723
-0.09947413895
0.1954639506
0.3025627136
-0.4085776776
-0.08938239082
0.5808328338
-0.04038104396
-0.5691264167
-0.00216567507
0.3174777992
0.2783468267
-0.3585837752
1.328999823
-0.07231029752
-0.1614125645
0.3200658556
-0.523636286
-0.02129521063
0.6994219713
1.470522735
-0.3597130336
-0.02347795074
-0.5037006095
-0.4563856885
-0.6032165274
-0.2478792518
-0.4437065065
-0.2589792319
-0.04134707674
-0.2585055165
1.378081191
-0.3709330961
-0.3046433315
-0.4991632506
-0.451400061
0.2531955027
-0.05647829671
-0.1263435684
-0.236786066
-0.3320541292
0.2895705849
-0.3646626353
0.1875421613
-0.2695099976
-0.1255116641
0.5991990421
-0.2380649995
-0.1064251153
-0.2721388735
0.2467957367
-0.3994607434
-0.5181507811
3.85263108
-0.02787422286
-0.4418994948
-0.3242847882
-0.1829154145
-0.4760797754
-0.4847873986
1.056130047
-0.5049014553
-0.2198326785
-0.4210342363
-0.4154040352
-0.397563453
-0.2317717835
-0.2760897532
-0.4225660324
-0.400694032
-0.3211055137
-0.3893667966
3.420689178
1.495932077
-0.162683377
-0.5200568005
0.7879470363
-0.3573617846
-0.1943588657
-0.1955339703
0.9303516656
-0.389827697
-0.4241256937
-0.1489404403
1.006442606
-0.3293846972
0.06682394855
0.03499591453
-0.06980172899
0.409921471
0.3043265663
-0.5387434676
-0.1348521415
-0.01853525266
-0.1729794018
0.4261964312
-0.1129979255
-0.2846201777
-0.5783303514
-0.3499709681
-0.6034223452
-0.1272809075
-0.57039188
0.1749490718
-0.3706662238
-0.1457008731
-0.2462038279
0.7772408441
0.0319862511
-0.1953155592
-0.4333515301
-0.3596752942
-0.3611702487
-0.4975307822
-0.2691263948
-0.4518773705
1.988918751
1.485454024
0.08741021454
-0.2632353716
-0.2925563805
-0.48204256
-0.117011844
-0.453310743
-0.2600623883
-0.1315415191
-0.3078260263
-0.336335782
0.09379964741
-0.4173771963
-0.4119294599
-0.4618407287
-0.3865909621
-0.4009719387
-0.01988317934
-0.4053908721
-0.07241101088
-0.4452097282
-0.2062769607
-0.3524126709
-0.00484489263
-0.2307138011
-0.08153593298
-0.2281892255
-0.2683199711
-0.2020721633
-0.5197619155
-0.1549380078
-0.4798582777
-0.1769540576
0.3998858802
-0.3186059721
-0.1609858617
0.4703082891
-0.3848300681
0.0603640262
-0.02879310139
-0.3763576582
-0.5821368158
1.737164098
0.5251478471
0.1298972011
4.168415833
0.4250576172
0.05705910288
0.1894972377
0.3431384046
4.675866055
0.9823519133
-0.2955226609
-0.2617201723
-0.3113437958
-0.03584782109
-0.1717388563
-0.5504950479
-0.2858878314
-0.3515892044
-0.01713118181
-0.3257452436
0.6220460698
-0.3924313143
-0.4441763759
0.4822048597
-0.3480844758
-0.08829390518
-0.2542739332
-0.06735066939
1.206452712
-0.09244712563
3.110112274
-0.4318797529
-0.1700107049
-0.346135278
-0.1621989124
0.6582004964
-0.3076836191
0.4963477977
-0.1007204118
3.540527463
-0.02319033486
-0.4730751827
-0.1378414741
0.7024792686
-0.09799866499
-0.3306188039
-0.5455305204
0.9860735625
0.3136025392
1.015639053
-0.3407440543
1.193966226
-0.116331058
-0.1138973895
-0.4490940288
-0.233279356
0.07878429266
0.0471060453
-0.2154412784
2.399276197
0.1835222706
-0.4541035384
-0.3742771342
-0.3302819759
0.6542489007
-0.3555724673
1.214321256
-0.2098082732
-0.3612614512
-0.308905115
0.1099402167
0.07142853681
-0.02370982761
-0.1215941655
2.039831716
-0.3790175706
-0.06573306806
1.505314919
0.01289536837
-0.1943484489
0.02027524617
0.05962580098
-0.2828381985
-0.3401004724
-0.246324718
-0.2382709202
0.9479076535
1.392110804
-0.07358965445
-0.3079793781
-0.2836247087
-0.09067587033
-0.02981479047
-0.107829295
-0.1855823841
0.07810747745
-0.2155279092
2.290265051
-0.2519503761
0.1814247519
-0.4150533438
-0.3448505461
-0.1852942377
-0.1443613963
-0.443912746
0.06473145857
-0.4779660925
0.9973940909
0.01092169303
-0.2492496599
-0.07392190469
0.7252763957
-0.3979827464
-0.08832507962
-0.2816260144
0.08074794197
0.1237683317
-0.1915641222
0.07449241155
-0.371956706
2.607191777
-0.07541734297
-0.2592378728
-0.3370328315
-0.2710000798
-0.3530808777
0.3930778317
0.1892544888
0.06862194603
0.01014490416
0.04048943203
-0.1006816794
-0.1979010388
0.04829783384
-0.1874152921
0.06109739204
-0.2621235654
-0.1208925128
-0.05535335392
0.7731847346
0.04061867688
0.5960028715
0.1131192643
0.01710165646
-0.1656058922
0.04694245793
-0.2165752875
-0.07617162708
-0.3068489313
-0.06282186806
-0.1421657791
-0.2811046861
-0.08030711897
-0.1150257599
-0.005478685722
0.602488254
-0.460929206
-0.01312209857
2.116124105
0.169792315
0.3741225934
0.1801374566
1.918372649
-0.2136466946
3.006313443
-0.1874273011
1.373764572
-0.1162417504
-0.1841482822
-0.06746253232
-0.2042165549
-0.4855694994
-0.1475118659
-0.3780472293
-0.2959264874
-0.4853793249
-0.1346274132
-0.2556807257
-0.03899066509
-0.2607918583
-0.2267634161
-0.1503350738
-0.1865520889
0.1250317099
0.03186733136
-0.4548586741
-0.2355155934
0.05726211169
-0.6543995619
0.1933404397
-0.03972587446
2.316382223
-0.3589753091
-0.3793336585
-0.2595756553
-0.1640167725
-0.4149855301
-0.3346120872
0.3832330137
1.343973949
-0.3786007926
-0.3194550768
-0.190076695
0.009996728599
-0.0025228329
0.4539342579
-0.2871918559
-0.4803347647
-0.3478958592
-0.01694147587
2.39507817
-0.4389262199
-0.3858201761
0.006961430795
2.22501204
-0.04801675268
-0.1735385811
1.262616587
2.193850678
0.544888705
-0.3406149909
-0.5402986795
-0.01410310911
0.4597311463
-0.1297794054
-0.4830964163
-0.6172045588
-0.1631114274
0.665172486
0.4697224821
-0.4655437514
-0.4690534413
-0.2520242497
-0.1651835937
0.5611390375
-0.1464010254
-0.3969958216
-0.05917785577
-0.4099417731
-0.2936893664
0.1862251671
0.4798075877
0.02819706639
0.7109814897
2.580534339
-0.5085472628
-0.3054602727
-0.02418143442
-0.3298919298
0.3153989723
0.1506721363
2.789360988
3.005209595
0.9867260437
-0.1321425207
-0.1812271208
0.03321526237
-0.2799980879
-0.4720681936
-0.3377002351
1.019656062
-0.0588867526
-0.2348515555
0.837072394
-0.1153470028
3.566957176
-0.3014084034
0.158086924
-0.3969669402
-0.2816310644
-0.03791529667
-0.251251841
-0.03888433347
1.694550931
-0.2820990868
-0.198599603
-0.1329196069
-0.1880974978
-0.2931860156
-0.52946738
-0.03777511213
-0.3939926982
-0.4883409873
-0.546973905
-0.2838559829
-0.43040355
-0.4221491635
-0.4617587298
-0.2509365402
0.2075670227
-0.2103007294
-0.1099937439
-0.3849861309
-0.1367775053
-0.3824043587
1.506390941
-0.0539390095
-0.1955742102
-0.615705651
-0.4293852516
2.830589938
-0.197495592
0.009494167194
0.2974251766
-0.2439153027
1.997177857
-0.3792398974
-0.2422358483
0.1831002129
-0.1028682678
-0.4125711948
-0.3320809603
-0.08738400573
-0.09515116867
0.1808204191
-0.0195323322
0.7868173234
0.1585265964
0.03314758698
-0.09883741979
0.6295132741
-0.4538230225
0.9533053041
-0.1217610322
-0.493812418
0.01177628515
0.3982943952
-0.2542556275
3.938013721
-0.4221844509
0.07027045451
0.3655814044
-0.1006678808
-0.1389958196
-0.0405803971
-0.2388618411
-0.3107763544
-0.1640863821
0.06537639671
0.3387404382
-0.3595100924
-0.1027055064
-0.307290256
0.05084322924
-0.2393241999
-0.3529062346
-0.02415714711
-0.208942786
-0.1416946666
-0.0803529148
0.1936229302
-0.1416579512
0.0514595815
-0.3175761707
0.4365880344
-0.5342155054
-0.2105078309
-0.0004541162401
-0.4330722749
-0.06927537248
-0.2078715578
-0.4601916522
1.251197955
-0.496259141
0.4167103743
-0.1109226156
-0.3498385392
-0.1801476983
0.9462000996
0.1031665907
-0.04973142184
-0.2784527659
-0.2802514322
0.3662637223
-0.2210900588
-0.1607783092
-0.2042069279
-0.4622741133
-0.2599474631
-0.4172047287
0.3438946925
-0.2587419622
-0.1189006235
-0.1914504446
0.714441748
-0.3947046742
1.183600941
-0.13804745
-0.1160971217
-0.31878337
-0.2714598805
0.3138742507
-0.2842540763
-0.2214601981
0.08848787695
-0.3163197979
-0.2982123166
0.8914632954
0.6910298459
-0.2972636707
-0.2879210502
0.00126081761
0.5735232085
-0.2110065236
-0.6702957749
4.362492824
0.02671441035
-0.347558289
-0.06550143501
-0.1039229031
-0.2150923815
0.2975894462
0.2952663513
-0.3252166666
-0.320134189
2.179666239
-0.1995117725
0.6459405601
-0.1824513072
-0.1959240442
-0.1498177897
-0.247528179
-0.5296164244
-0.3461237833
2.111364955
0.8637486219
0.6875030011
-0.4342097431
0.5375657938
0.00297966525
-0.05468167001
-0.3780446246
-0.2526218105
-0.2860014848
0.5330486044
1.194661883
2.117003566
-0.5408144817
2.137533677
0.1017905923
0.1609932359
1.028183427
1.510555696
-0.2634421431
-0.317957297
-0.3307584502
2.490055585
-0.4083186597
0.5895364877
-0.3167508215
-0.1877409857
-0.293468722
0.1374031745
-0.3199624188
-0.1769094199
-0.3702215716
0.1242856883
-0.2185717646
-0.2733056046
-0.254591509
-0.1898222019
-0.2899379075
-0.1191809859
0.7253432482
-0.2097055256
0.08241595356
-0.3607603505
-0.2242571529
0.3245194077
-0.01248854306
-0.2418966152
0.3715990372
-0.3228273347
-0.1785878964
-0.2846822582
1.392064559
-0.3974789694
0.2469213401
0.1829978768
-0.1984897479
-0.4811242253
1.683554867
-0.2484794669
-0.4491846278
0.3958913095
-0.3306161433
-0.03035995644
-0.1237092962
-0.0223054545
1.733960378
0.2091296133
-0.1509020839
-0.08845599387
0.08842645863
0.08789732782
-0.2705715067
0.773651804
-0.1952323695
0.08298683623
0.1066971943
1.105612245
1.349062589
-0.09156029359
-0.3267343491
0.8818184286
-0.09226381853
-0.1811272372
1.236431715
-0.5818875387
0.8862170458
1.358595735
0.1566445949
0.1040986154
-0.3766189232
0.6351129413
4.505470157
-0.04838712816
0.4557212286
-0.05943834735
-0.2849222124
0.03458235394
-0.3563999951
-0.3440346099
-0.0616830593
0.1972172413
-0.3413988411
-0.3037582047
-0.5384496808
-0.3213779762
-0.3058631457
-0.1636600465
-0.6321977913
-0.01340957694
0.1465691732
-0.4854412377
-0.02508526593
-0.1821926516
0.4841468669
2.184938911
0.192058064
-0.5095517546
-0.2475250393
-0.1501873916
-0.3989760764
0.03922378612
-0.1410232409
-0.2428767174
-0.3766479999
-0.5350269124
-0.06508606812
-0.4860285684
-0.6249395072
-0.6506791174
-0.2890209958
2.696953768
0.4538482651
-0.03530309834
-0.5486836523
-0.08828501347
1.307141474
-0.3266607016
-0.3337885618
-0.1748233658
-0.1786375629
-0.1995120432
-0.01469034497
1.546115011
-0.3491722748
-0.3933234498
0.04445769335
-0.2017219835
0.06808241569
-0.1089105304
-0.485071823
0.5741707698
0.1498459516
-0.4846940219
-0.1637465077
-0.08242608309
-0.3013241038
-0.1281069194
-0.08821905646
0.0141479996
-0.2859779194
0.1201238961
1.211979023
-0.1498706385
-0.2600515097
2.818335259
-0.03517865948
0.139663231
-0.2253464381
-0.3518363655
-0.2193981431
-0.3189252973
-0.3079216997
-0.5912090763
-0.1989571303
-0.0001549925655
-0.0301315872
0.2381644692
0.4747510426
-0.3831455871
-0.2409675181
-0.41175569
-0.5165183961
0.2654040903
-0.1748678077
0.5048196364
-0.3044504914
0.01708148494
-0.2102944881
0.2241088688
0.2439209685
0.08389709815
2.763138556
-0.2520402081
-0.4153617278
-0.09565933989
-0.3441331759
-0.4777538344
-0.3599404797
0.01905865003
-0.4405415758
-0.171676676
-0.1253899563
1.223804121
2.210349703
-0.1844930065
-0.3030516334
-0.09837951194
-0.3697131909
0.04592950083
-0.2685837269
-0.0923559207
0.5257173162
-0.06986285159
-0.3788491279
0.8561675131
-0.1876176447
-0.3475014746
-0.07832515277
-0.4996457338
-0.1694433776
-0.08215468861
0.9107876986
-0.1349346736
-0.03653111639
-0.2203234755
-0.111916415
0.1257168267
-0.0817025749
-0.07197893811
-0.0317557035
0.2568695474
-0.1735417604
2.001996887
-0.1064784565
-0.1183638852
-0.3562606007
-0.231825687
-0.02990597188
0.3804204956
-0.2816483602
0.06575132241
0.4942986999
-0.1718188586
0.03189752041
-0.2385436591
-0.3978870228
-0.2226480303
0.004387613479
-0.3156405933
-0.05243167588
-0.1552299391
0.08685315773
3.583333707
0.3722381815
-0.2687522404
2.275662279
-0.195310472
-0.3586247265
-0.2474329367
-0.2135207403
-0.1518184259
-0.195692483
-0.21119355
-0.1022127192
0.9182834908
0.1371147109
-0.2067837588
-0.3335452601
-0.3155744381
0.3392734397
1.38056086
0.9218062744
-0.4623895526
2.550139868
-0.4375624716
-0.08581795031
-0.3698697731
-0.07251230851
0.4251178333
-0.4110458046
-0.4091390774
-0.2622582711
0.3970392322
-0.131323983
-0.1674185097
-0.2173357848
0.7499741331
-0.1626504906
0.2004094466
-0.1730553489
-0.1208111117
0.3288530206
0.9422709167
-0.2822231241
-0.534849228
0.1864534353
-0.1155004759
-0.08473165724
0.1876022691
-0.6363136366
-0.2692604972
0.07777755912
-0.3623190843
-0.3206757564
0.2653182581
-0.09701157659
-0.2361673616
-0.2562016134
0.02526404541
-0.3315992646
-0.4979928553
-0.3875837259
0.3116182089
-0.1793124472
-0.3661788434
0.01803767737
0.010113593
0.01879057828
0.969765684
2.962863851
0.5294885248
0.9828602046
-0.3918549985
1.693160444
-0.2924708232
-0.0954981098
2.32473768
-0.4255054057
1.226852417
-0.3168046758
-0.3276872609
-0.1138181714
1.773398578
0.06240004897
0.5768381789
-0.2220530238
-0.152175978
0.1003817157
0.8327324674
0.187097311
-0.3189550713
-0.3569234803
0.0482054729
-0.07771003395
-0.2547442697
-0.3996890366
-0.001765354723
-0.4910960287
0.1409155236
-0.2066101365
-0.295006682
-0.2284488447
-0.2238043634
0.1738896655
-0.508941783
0.2602602355
-0.3149904206
0.3404640254
0.03083784757
-0.2547385573
0.3942613823
3.527061772
-0.5361869186
0.1885665136
-0.08440427873
-0.1155541301
-0.3272764556
-0.169145903
0.2757627059
-0.2879119404
0.0711177642
-0.01071391888
-0.3444964498
-0.3461047724
-0.2322293088
-0.1940594539
-0.2022769412
-0.1253372112
0.3257756928
0.1142204385
4.513554633
0.1403846636
0.161559977
-0.06452639168
0.7540514857
0.844047147
2.973226774
-0.1613148198
1.481404173
-0.2985826574
0.1205808297
0.08029723098
-0.231762328
-0.2943158984
-0.3368573472
1.904583293
0.9597673237
0.1665371101
-0.2003247131
-0.01040953137
-0.3626161113
0.08074147506
0.1044243617
-0.09790550759
-0.08980318476
1.202341214
-0.1615118461
0.07277055001
1.023565263
-0.4098703459
-0.07909857836
-0.3644328803
-0.1553146027
-0.4899425209
-0.2803881183
-0.06837445024
-0.1924342886
0.2505984462
-0.3479835555
-0.3847687952
0.4767732657
-0.3825133912
-0.001611533761
-0.3785363019
0.2507990034
-0.2602489829
-0.2347751867
-0.09159741551
-0.4435083002
0.6912638089
-0.3595721446
-0.3184003413
3.034806716
-0.0735905651
-0.1232240526
-0.4092097491
-0.3357960492
-0.1705503694
-0.3185029887
-0.308476951
0.7210845605
-0.2606478423
-0.3958762378
0.1741960349
0.6247596398
-0.1185200516
3.19199034
-0.04609304708
1.011384985
-0.009551144484
-0.2805971518
-0.3020802796
0.04740519109
-0.2605298391
-0.4517626464
-0.03710321113
-0.3445704617
-0.3531510726
-0.5308928937
0.4843878701
0.2403431192
-0.2579126298
-0.2874635555
-0.2606750697
-0.2480191339
-0.3469227083
-0.3537113741
0.5119686469
-0.005075963214
-0.1319696343
-0.1760008138
-0.4270846099
-0.4049326718
-0.4240029305
-0.2062556942
-0.3650308013
-0.2777794212
-0.4066652328
-0.3497171864
-0.1485047761
-0.5349470273
-0.05547734862
-0.3534479305
0.4157704713
-0.4096379176
-0.3981762677
-0.1347735353
0.07989304941
0.7048712492
2.968054116
-0.3639167711
-0.01652583992
-0.1357322549
-0.0449455509
0.1337353785
-0.03138529714
-0.3206387654
1.141708973
-0.5432214394
-0.3964470014
-0.180151178
-0.5258476362
-0.3191110805
0.1283965953
-0.3785795048
-0.4397050232
-0.346965757
-0.3411270496
-0.3895343557
-0.5624213427
-0.3183265083
4.133627439
-0.5022421226
-0.3870163247
0.5614203013
-0.5777666464
-0.09962245896
-0.001427880581
-0.1671653676
-0.2563522607
-0.03499777289
-0.4745769992
-0.08068925673
-0.177589892
-0.4562008709
-0.284808439
-0.1635432545
-0.1537747767
0.3531833702
0.02808288187
2.038903517
0.5865451902
0.2025882235
-0.2380567931
-0.1922170319
-0.4263394699
-0.3979794636
-0.02315022419
0.09263713658
1.019967672
-0.02596714506
-0.3993477404
-0.2743703604
-0.2353114612
0.2418112276
-0.4599844366
-0.3848249272
-0.0437238175
-0.3094955646
1.22234349
-0.2977108173
-0.1984084837
-0.2939396545
-0.2027440045
0.3953096144
-0.3418139279
-0.4156086966
0.1348247201
-0.3036774069
-0.07905894555
-0.261403041
-0.203121765
0.5358312264
-0.1472133826
1.61975266
-0.5663034812
-0.5996818408
-0.3056620374
-0.2256179631
1.229706976
-0.4230627939
0.904218886
0.02825105651
-0.1492251888
-0.338092684
-0.5269578636
-0.05100745391
-0.2781909056
-0.4235150024
-0.3822967082
-0.1216080059
1.323082173
-0.288621857
0.04807371181
-0.4888909057
0.03228622796
3.472277057
0.6561850071
-0.3995682046
3.857482553
0.03676833943
0.1801751976
-0.2342145134
-0.6083244145
0.01719560027
-0.2758013828
0.2844030336
-0.01439623162
-0.03268350456
-0.3932516351
-0.3109611966
-0.08888419066
0.2585346391
-0.4149019301
1.054106951
2.342028564
0.4368220881
-0.1024685401
-0.2182994805
-0.4937131777
0.3979437254
0.1372030113
-0.1616960294
-0.1167354316
-0.3586898297
-0.5212643787
-0.4717621565
0.3567695905
1.049109426
-0.5334581345
-0.4294676751
0.0559092829
-0.2198337778
-0.604473637
-0.5924818933
-0.4835422248
0.09758318588
-0.117148941
-0.3682775185
-0.5240431949
-0.3145323433
-0.2508400418
0.1218973201
-0.1822000474
-0.4381531641
1.079267779
-0.5186846122
-0.4706950083
0.1213702882
-0.09413666967
-0.2661006499
-0.5172575906
-0.1759898251
-0.4335457236
-0.07691903096
0.04610152952
-0.1864479919
-0.3125258863
0.00439701248
-0.1361163989
0.3094128124
0.140419874
-0.4150981173
-0.4335676417
1.374113455
-0.1959586579
-0.5020779386
2.712640893
-0.2652098827
-0.6401120067
-0.2383086387
0.1616733456
-0.5688210517
-0.1591868381
0.1233167559
-0.6190468609
-0.2974022456
-0.4601027265
-0.1195676718
-0.6258204147
-0.3931106448
-0.3026606292
-0.2787112005
-0.1063613767
-0.5246231735
-0.1856222826
-0.3312417936
-0.4420016989
1.502924407
1.184260412
0.06134312837
-0.2015726255
-0.08441882683
-0.2805457756
1.237260526
-0.2523386359
-0.08875904381
-0.2044246085
-0.4598807395
-0.2976812981
-0.2790255062
0.5518682346
-0.1990055634
-0.3968077451
5.21585412
-0.3658221945
-0.3439876959
-0.1498044532
-0.3432021879
-0.331590347
0.3850888506
0.03170616347
0.2488917024
-0.1748879783
-0.429616785
-0.03145365193
0.06355216969
-0.2319859099
0.8428364441
-0.1368604945
-0.4307235345
-0.4886838138
-0.2589278817
2.558376688
-0.3072805623
2.260022855
2.953030753
-0.4494624123
0.1746671987
-0.2834940843
-0.2762567267
0.08109584479
-0.2074940136
-0.1159230833
0.772432103
-0.4215127811
-0.3593327209
-0.3714926019
-0.1685855642
-0.04843951594
-0.1876307722
-0.4291243494
1.139794287
-0.2698311202
-0.2664739437
-0.4966797635
-0.3598911837
-0.4560324922
0.408188314
0.3388889035
-0.6067632824
3.621940517
-0.4130218789
-0.5374341711
0.103343436
-0.1901876032
0.1417240625
-0.1544180747
-0.0995109817
-0.006230721343
-0.3550782278
-0.475881885
-0.4805449352
-0.3929683089
-0.09505698299
-0.3882292554
0.1190250499
-0.2548460536
-0.009090976696
0.6639643654
2.135463512
-0.64327548
-0.3571900651
-0.3473363802
0.1421023417
-0.379874184
-0.2702077106
-0.2977869451
-0.6133038372
-0.5121194497
0.1887279627
-0.5101006567
-0.06368177636
0.3109701576
-0.3500960097
-0.203796795
-0.1586262658
-0.7133984119
2.57670632
2.097217807
1.03200807
-0.415021567
0.1250249522
-0.4290917173
-0.3438100725
-0.1246965274
-0.1494175782
-0.5497777805
-0.3400445141
1.894226463
-0.4884309083
0.8678604014
-0.5883610383
-0.1866433159
-0.3890956655
0.3165358371
-0.06840133206
2.158695197
-0.3294994909
-0.2713300573
-0.4423617631
-0.5468276247
-0.0711973682
-0.3588398591
-0.2472308584
2.169884372
-0.2384863932
-0.5227318093
-0.3229660898
-0.2641052382
-0.2654326137
-0.1993696358
-0.2049773786
-0.4514658436
-0.3216624513
-0.3895169586
-0.6229066879
-0.4428860158
-0.4741083756
-0.3567750931
-0.3627729781
-0.3976830572
0.07446115473
1.181781896
-0.08070250866
-0.3933223873
-0.2522059754
-0.3435724653
-0.4155670553
-0.3863537647
0.5355497897
-0.492550233
-0.1255913547
0.7505588517
-0.15939712
0.7243773982
2.553788471
0.8093888611
-0.3527317844
-0.1109925766
0.510850659
-0.2640575204
-0.4214982703
0.03377599912
0.005371054821
-0.3152590074
4.787400591
-0.3923041865
-0.2950825781
0.1179395817
0.4565354399
0.6070892474
0.07242389377
-0.547642909
0.4212724775
-0.1450580377
-0.06853115512
-0.02621340919
0.03499311153
-0.1312719678
-0.2698996428
-0.4395128787
1.557338822
-0.1155097992
-0.2536491271
-0.4455567837
-0.3452555686
0.3558257839
-0.186567428
-0.1754867204
-0.4204773992
-0.2150231808
-0.3172005787
-0.4307295442
-0.3085539311
-0.4539982632
0.1205644328
-0.2305306166
-0.2090612493
-0.2964402966
-0.4387001842
0.1921941292
0.1936978552
-0.1337757174
0.589640182
-0.3679618701
-0.1759140762
-0.5508430034
-0.3266111448
0.7538067028
-0.100028987
0.006641537184
0.08461341681
0.1331745326
-0.1011655482
-0.2450271238
1.127341579
-0.08169571813
-0.6689906836
-0.2771557212
0.3955028951
-0.1364405483
0.03385720896
-0.196018536
0.8928184763
-0.4280015066
-0.3465541996
-0.3871263996
-0.343390692
-0.5415033549
-0.4232738152
-0.4675289527
0.3924758077
-0.1853915099
-0.1698000211
-0.3809719294
-0.09331604466
0.2495480617
-0.07687337976
-0.001198300906
0.4351244226
-0.04221714828
0.4763283417
0.006679911329
4.303849757
-0.2226999968
-0.5297538415
1.376502538
-0.06570439176
-0.4895335928
0.1532142657
-0.1454039598
-0.401499176
-0.03333580606
-0.5953118622
-0.2696047105
0.5907793105
-0.1637360111
-0.2792061754
-0.03698676554
-0.3307949692
0.8171883412
-0.1547716673
-0.1280264097
-0.3722554266
0.1252662269
-0.2391703375
-0.171391692
0.05331538748
-0.4286377564
0.6030170899
-0.3369108707
0.1757201564
2.437532258
-0.1730436377
-0.1720357946
-0.06568758488
-0.2275021091
-0.2282433253
-0.3453776754
-0.3830964729
-0.1818004852
1.747944826
-0.4225837156
2.99174487
-0.4974846154
-0.4507608235
-0.4672400758
-0.4419753328
-0.5114923596
-0.3658357576
-0.5521918416
-0.3416498482
-0.2704051323
-0.2194761887
-0.3689180225
1.124357986
-0.2955209702
-0.2095172961
-0.4020901889
-0.2298723862
0.05160826091
-0.4606843308
0.01993102138
-0.1253916975
0.2395781613
-0.1221464293
-0.491980876
-0.2849733479
-0.2745352935
-0.06369769364
0.01477963803
0.1267584444
-0.1784909887
0.9485968672
-0.3494049549
0.04067509715
-0.3157360442
-0.03119703135
-0.3145599395
-0.1580332596
0.08468861179
0.2458176311
-0.3622778945
-0.388230861
-0.07791558038
-0.3235261127
-0.2801240817
0.2913563215
1.346420386
-0.5093482018
-0.1653522752
0.1278988084
-0.2467564646
1.63599661
-0.1799616214
-0.4198135242
-0.1306475433
0.1332723574
-0.1701064684
-0.471085678
-0.2595079571
-0.2411935184
-0.3950186104
2.081767112
0.6372498319
-0.2744011402
0.686355366
-0.04014860233
0.9163299263
0.2818446044
2.707903051
1.021789195
1.190546331
-0.1960277244
-0.204685498
0.2114265941
-0.1276653303
-0.3751623556
-0.2263939381
-0.4062246069
-0.1179041597
-0.2434203766
-0.206292307
-0.1745297406
0.5595216811
-0.1408382695
-0.3187988989
3.384541988
0.9023769408
0.2159715325
-0.3375297897
-0.2016555615
-0.09323773682
-0.05293567413
-0.3356308259
-0.3081049018
-0.3428595819
0.04023480713
2.622092885
-0.3533838905
-0.2639545377
-0.4725182831
-0.3999355346
-0.07600987633
-0.09076110125
-0.2576730404
0.1188212555
-0.1619090429
4.388597631
0.1931035472
-0.2546380132
0.08891444299
0.1483787517
-0.2177254771
-0.3587435476
-0.3526071891
-0.01758365454
0.009676771611
0.3088433664
-0.5719273865
-0.272172657
-0.1992713282
0.3483311849
0.02197146378
-0.07901047207
-0.319917997
-0.07511518225
-0.2169713393
0.04592311084
-0.09822716266
0.6954615921
-0.2262090411
-0.1600432511
-0.2979294688
-0.2903584413
-0.2286797948
-0.1709194019
0.0900117768
-0.2112057462
-0.398804839
0.1428893586
-0.1910441864
0.8131367512
-0.2261364579
-0.4464894146
0.2356052301
-0.3884124748
-0.113565533
-0.2161395624
-0.1116276868
-0.3425422139
-0.1026869407
0.4576873524
0.1564960118
-0.2477166533
-0.5085719198
0.3521609617
-0.1925710255
-0.2386518799
-0.5398515865
-0.2801600307
-0.2307304863
0.3387082634
-0.1250164079
-0.1718133919
0.350905834
0.03169921343
-0.3150054418
-0.1911163915
0.1553140121
0.9999719352
-0.2245537348
-0.1563678954
0.3121035278
-0.2592059929
-0.5387932748
-0.2513115175
2.292053741
-0.2227649316
-0.4300870806
-0.08389390707
0.06055639368
-0.5035750717
-0.2090654943
-0.2708439417
-0.2961698793
-0.3150732301
0.4965070508
-0.2701025341
3.167168295
2.82368474
0.2928847343
-0.2730024375
-0.2504117008
0.9228058606
-0.1940217003
-0.4389698505
-0.3517944954
-0.07081726156
-0.4057750121
-0.573528862
-0.2896147378
-0.2331449304
-0.4493328109
-0.5717620209
-0.1765134223
-0.2786323227
-0.2816119261
-0.234956228
-0.2651649505
0.4255580224
-0.3853825971
0.482916975
-0.230872364
3.587487864
-0.3846704692
0.1854130398
-0.215683569
-0.4693697497
-0.185222555
-0.3039887227
1.645952517
-0.4595975146
-0.1938243572
0.9795247465
-0.08953136355
-0.08512893161
-0.1658186002
0.07202494228
-0.1190731974
-0.1407087361
2.170475137
-0.2678386651
-0.3049739026
-0.03613873944
1.430658591
-0.4471336469
0.6790878266
1.680710825
0.1971002091
0.04175386634
-0.03901970237
-0.2990839623
-0.2768881235
1.798350257
-0.180837594
-0.3218297072
-0.3166299969
-0.2478510968
1.410281378
-0.3096550114
-0.2623798996
-0.02770872409
0.02776012244
-0.2562569633
-0.1556346127
-0.08448089762
-0.01363323107
0.6932905003
-0.246330522
0.1583377484
0.4050418874
0.8144472703
0.9208618939
-0.3197360165
-0.3943299294
-0.4347703993
-0.4041192353
-0.1898842547
-0.118479285
-0.190990186
0.7743493997
-0.1220052577
0.4725493444
-0.2376516484
-0.152728274
-0.4462476239
-0.03198682955
-0.06147744395
-0.2221246313
-0.2415872633
0.2178913066
0.1616320764
-0.3739067897
-0.1969033134
-0.2119693246
1.922238332
0.2438783122
-0.2840485536
-0.3237579934
-0.3155093253
-0.1041802507
0.01725454405
0.002608419582
-0.2462589364
1.214004892
-0.1604617654
-0.5076735467
-0.1162187835
-0.04399287256
0.08376263932
-0.3547912762
-0.1192215775
-0.5046400532
1.067627822
-0.4233786702
0.09015235864
0.6611396126
0.583659476
0.1181112128
-0.142323867
-0.1252292094
-0.1953512318
-0.2370110534
0.08575374447
0.07562848041
0.05413546795
-0.0061809876
-0.4860822618
-0.2514655996
-0.04695523493
1.068788749
-0.110911027
-0.3262859136
1.038121092
0.4503914382
0.42541067
-0.1806698421
-0.2071263056
-0.07569832271
-0.02930638939
-0.2477908179
-0.1671091205
2.260527676
-0.5164295256
0.2261563679
-0.1308686021
-0.01223272085
-0.2434689231
-0.171785406
1.486730787
0.0583831578
-0.02353457911
-0.009908124432
-0.2354940571
-0.4622455329
-0.1138140146
-0.2300877128
-0.01258246591
0.4571107082
-0.4946083784
-0.1742680576
0.1261339527
0.2875377163
-0.2345272858
-0.1372451525
-0.2643113121
-0.1841053724
-0.1009682372
0.4170980083
1.142130081
0.3311165661
-0.1924198775
-0.2106166458
-0.02926265411
-0.3119500905
-0.1209014563
-0.1711523735
-0.105392281
0.1081305971
0.56037305
-0.1844165824
-0.2960546687
-0.2503587276
0.6175332174
-0.1117826646
0.55077952
-0.1193654798
-0.09288469683
-0.1125495443
-0.266711852
-0.3978275485
-0.09257564126
-0.3706967235
1.489596587
-0.3670944571
0.09428984905
-0.2070707543
-0.6751326859
-0.37832807
-0.2973794602
-0.06213480737
0.04965076856
-0.2754744647
0.2143099383
-0.03050475493
-0.2968828157
-0.1412116392
0.01388701666
0.7284919441
-0.1837480161
-0.03027180387
-0.3208248161
-0.01426716181
0.2443994373
-0.239528472
-0.1648949375
-0.2904345334
-0.5455141902
-0.2937866107
0.3139637996
-0.4373686239
3.163302124
0.01382609531
-0.2081295989
-0.07443734882
0.08689811882
0.1052618384
0.3333710039
-0.1745519072
1.075834748
0.1700010065
0.072134323
-0.05377500821
-0.1618511979
-0.1580103785
-0.2591658294
-0.258742623
-0.4502440214
-0.2472309828
-0.5008670524
-0.1794978689
-0.387527588
-0.5888162136
-0.324080877
0.6136183146
-0.2009914193
-0.238104222
0.09508733638
-0.3319551483
-0.1683044657
-0.110441752
-0.2928362913
-0.1965753391
-0.3709120303
-0.2325037301
-0.4119514257
-0.279468938
-0.363013386
-0.5531493276
0.4134768963
-0.4793712854
-0.2854284845
-0.1088689073
0.04430250265
-0.1629966818
-0.3694807082
-0.2334985034
0.3445105251
0.4542201675
-0.2660023071
-0.1428390248
0.01406563167
0.3866699239
-0.1903608255
-0.06101684682
-0.440937981
-0.1292607669
-0.1639797246
-0.2051921774
0.006102000456
-0.0806252636
-0.1219343521
0.1576375112
-0.1608836814
1.403275838
-0.4151416197
-0.3124926619
-0.04865777139
-0.5847228885
0.1602180751
-0.5660268947
-0.07184449076
0.02722935621
-0.1882072948
-0.2638029553
-0.04230776411
0.3423672928
0.7240748253
-0.2814538635
0.05781695535
0.01119048079
0.8557660043
0.8980904195
-0.06295045814
-0.2000744534
-0.3174339533
-0.1588481591
0.3312932819
-0.4423105389
0.1873105858
0.2153674735
-0.4715137556
-0.1621360302
-0.5343050808
-0.3462604716
0.1807925203
-0.3042708404
-0.06020434559
-0.5152465671
1.433547759
3.851775527
-0.2782660201
-0.4162475392
-0.3190693837
-0.06702981163
-0.3421055153
-0.4539056003
-0.5707341745
-0.1670311999
-0.1140465707
-0.3106629513
0.08839517012
0.6221474797
1.543442756
-0.2303512834
-0.4821688265
-0.08812025022
0.770847699
1.625514907
-0.1201083867
1.32809464
1.886413008
-0.2606018536
-0.08266743831
-0.2307777315
-0.2895562325
-8.979719132e-05
-0.5305721313
-0.4832816571
-0.2934826985
-0.184276336
-0.4037164442
-0.258915847
-0.2519107223
-0.08202432822
-0.2231766395
-0.350365869
-0.2441570587
-0.3118501686
0.5152257007
-0.268786189
-0.3488188967
-0.1343195297
2.516017449
-0.3128427774
-0.2203025054
-0.2950524449
-0.2926878594
-0.4111304894
-0.3298069909
0.1885279697
0.04566345592
-0.3080429561
-0.3496763721
-0.4332126692
1.459176967
-0.3305546843
-0.1597334791
1.012824383
-0.252861733
0.07505433802
-0.2563658066
-0.3289926082
-0.3420181394
-0.2321571449
-0.1240365848
-0.2527240109
-0.6101162434
1.396632256
-0.01912758695
-0.1570405632
1.902275062
-0.4395838812
-0.4363659069
-0.01592902057
2.133495378
0.180119921
-0.1329557663
0.004608253576
-0.2933872789
-0.09084120486
-0.1134241693
-0.07592226146
-0.2812984243
-0.1809909182
-0.4183505893
-0.1138228796
0.6109651938
-0.3207282208
-0.2724528782
-0.2307507705
0.01531853117
-0.5190559968
-0.3000589758
0.2866595875
-0.2482777283
-0.01161357109
-0.08222160027
-0.2458653323
1.047047077
0.9372570157
-0.4326191917
-0.1291711171
-0.009787277039
1.222865236
0.1305865215
-0.2093923859
1.606574771
-0.2115067706
0.1671436339
-0.1188949123
0.6538406879
-0.0137758906
-0.2501411773
-0.2057695877
0.08503793534
0.02723759264
1.232983175
-0.1892425831
0.2445696763
0.50482646
-0.2154495766
0.994267045
-0.3673518375
-0.04328163299
-0.3239307575
0.3638390973
2.058446616
0.9515976772
0.9544466883
2.092925239
1.002953384
1.486121202
1.901652128
0.9143903762
1.133714432
1.046449688
2.018336368
0.1010318603
-0.2274935879
0.07177441269
0.05806252277
0.6482856924
0.1353403235
-0.1090844129
-0.2553286836
0.08540981002
-0.4401795402
-0.49142382
-0.1333761105
-0.3984107867
-0.3323761471
-0.01689764895
-0.1962278254
0.389196042
-0.1215101559
-0.1700160623
-0.2242083568
0.5377926802
-0.1121103509
-0.1410809728
1.580507365
0.3405966789
0.3024277836
0.2997652665
0.002869650675
0.2980034336
-0.3149409167
-0.4063918024
-0.1865978851
-0.0209412938
5.714128184
-0.1202139214
-0.3938720569
0.8358241856
0.1483927717
-0.1392590161
0.8664420456
-0.3544699244
0.3159485601
0.2009359523
-0.03649316942
-0.1116280259
0.2498775429
1.196738547
-0.2544551095
0.2680733373
-0.1848980645
-0.1443673996
0.1512570579
-0.04519386529
-0.3033407718
-0.01411192818
-0.6179120526
-0.4364958376
-0.4510420829
-0.1348066265
-0.1724576334
-0.4230538517
-0.3467776246
0.2031050468
-0.2758202324
0.3206301752
-0.2875026323
-0.2338819414
1.106476161
0.2301816978
0.4198418483
-0.215484426
-0.2219837904
-0.2266111337
-0.2368614399
-0.1209248242
0.4949985676
1.437472886
0.5945959195
-0.07749867626
0.183751031
-0.1138463484
-0.4189868927
3.069010305
-0.2910672765
-0.3968002364
0.02403101288
0.1932367386
-0.1278534055
-0.3797023281
-0.264903665
0.4481699422
1.577953532
1.298048903
0.3031867251
0.08428983055
-0.02960213441
-0.07082372885
1.034861541
1.699212882
0.2043110225
-0.315574532
-0.4128314465
-0.3893411413
-0.1491761893
-0.243121355
-0.31811992
1.241715378
-0.3139985181
-0.5056470335
2.412611771
0.339301664
1.460384986
-0.5373966947
-0.2873417616
-0.3386395149
-0.4163640499
-0.2780876845
-0.2959023587
0.348767923
-0.5437779367
-0.4993346214
-0.04674796741
-0.1328501198
0.6019826744
-0.0889710702
0.007760493271
-0.4009316877
-0.4099772796
-0.2863639772
-0.2974757038
0.2982724793
-0.3494103968
-0.1984686386
-0.296804782
-0.4076401934
1.846179894
-0.4338717312
-0.3482747197
-0.3702777117
2.022318125
-0.08318716548
-0.03267271449
-0.270494359
-0.1607704844
0.003415827081
-0.3890969761
-0.2487615697
-0.2682214238
-0.3235645086
-0.1762839947
-0.440325132
-0.2585672647
-0.5305976421
-0.5857887685
0.193148285
-0.399752517
1.036119172
-0.4843980208
-0.1382901808
-0.217281206
-0.4473994493
3.022266811
-0.2846747831
0.4571688171
-0.3884298041
0.5984950297
-0.4552838504
1.588850361
-0.3653744549
-0.1247096254
-0.5814123183
-0.3426367007
-0.3007488281
-0.2127201959
-0.2402259655
-0.2332562126
3.98612982
0.5501360558
-0.4871621117
4.298282611
0.0882527675
-0.3268093698
-0.2362943947
0.1434810081
2.622070354
-0.04527013861
-0.6202832818
0.5968405105
-0.433918637
-0.1973993357
-0.5345005363
-0.3953102797
-0.469666256
-0.4769402206
0.5835419632
-0.4189518303
-0.2017421026
-0.3958619826
-0.2752375662
-0.5755280077
-0.1407481761
-0.5205004275
-0.2997884855
-0.5378087997
-0.3878978364
-0.3860121161
0.3075019883
-0.1547287619
-0.4828054696
-0.2598709486
-0.3579512462
-0.364714276
-0.3476214007
-0.2381300211
-0.1939874414
-0.1235846506
-0.3280067444
-0.127158827
0.1068802471
-0.2368990034
2.531604475
-0.1033834695
-0.1861404788
-0.05198614709
-0.3594247699
0.9879682817
-0.4314472169
-0.3309960589
0.0484202981
-0.3032634996
1.485151774
-0.2496204562
-0.2526720591
3.713389027
0.2711012446
-0.2168954168
-0.04457742497
-0.327239801
-0.3745351732
-0.3705144227
-0.1798840355
-0.3381380498
0.1762686813
-0.04424909903
0.07724467991
-0.01947565051
-0.2296631522
-0.2334445156
-0.1301107034
-0.2655481756
0.09994449178
-0.2281917248
1.65294857
-0.164610259
-0.2755012624
-0.2970219865
-0.02270439882
-0.3475450873
1.036100969
-0.2815960065
-0.3882806242
-0.3852822036
-0.4184618369
-0.3855798915
0.5280859901
-0.504574348
-0.1640383024
-0.3305029429
-0.07591108866
-0.287731158
-0.2227016617
-0.5470015571
-0.0177207957
-0.1736206621
-0.2186972229
-0.3178395845
-0.3114108883
-0.2407857571
-0.1606662635
-0.4316420577
0.08273349232
-0.3440434709
-0.04817406451
-0.1244408321
0.03745307699
-0.2237107478
1.204487152
-0.5027951449
0.07266924214
0.1301319594
-0.1795217231
-0.2390812144
-0.2959800489
-0.468482171
-0.2362595778
-0.1446389407
-0.2229252391
-0.462179704
-0.1267434433
-0.02496119789
-0.472129184
0.6220938176
-0.2549306482
-0.1700170824
0.05362459436
-0.4348221809
0.5337363977
-0.3405122206
-0.1651557451
-0.1711391235
-0.05242599053
-0.1609112687
-0.3290748678
-0.3477960616
-0.03087397311
0.05031929519
-0.4151068814
-0.1414399624
-0.3045230791
-0.1806292376
0.47173893
-0.2631094441
-0.4533554152
-0.4334976226
-0.3259839915
-0.5372700527
-0.3599420644
-0.1584591635
-0.3562968224
-0.2906445891
-0.2338719159
-0.1396604937
-0.5726266369
-0.4455614343
-0.4451564953
-0.2503023244
0.108812294
0.09281104859
-0.2950829439
0.1540542137
0.1625824423
-0.380456651
0.2626770447
-0.08344823327
0.9577383131
-0.5401322111
-0.03964447863
-0.2755078956
-0.1035379794
-0.1190442211
-0.3210774779
-0.4460848764
0.05548645966
0.2152354013
-0.05886270441
-0.5061839119
-0.515897797
-0.02793996297
-0.3826232329
0.1262585087
-0.1625947319
-0.2572208568
-0.1749526929
-0.3865082771
-0.2118660696
-0.1380274978
-0.2839815617
-0.5059932783
-0.3890049666
-0.3407690227
-0.3200308017
-0.3316478275
-0.1722165704
-0.3375883356
0.05103081688
-0.4361850321
-0.3932486564
-0.5397370711
-0.4381571576
-0.6889851242
-0.3484614506
-0.3359209388
-0.3450516447
-0.557523492
0.0272100972
0.1149919478
-0.6319121897
-0.2581078598
0.003035766073
-0.5537471697
-0.5873004019
0.1407058503
-0.1765850138
-0.2468568776
-0.504736805
0.1451430666
-0.1307979424
0.09060333385
-0.3477889262
-0.1313426549
0.3798604075
-0.2915180884
-0.4690150753
0.6489730775
0.1691613103
0.667029053
-0.5122279525
0.02649340155
-0.4873504728
-0.2913459498
-0.3614119962
-0.5997327015
0.6454517141
-0.1933342274
-0.2221303839
0.1260000107
-0.2957308863
-0.3518663451
-0.595721218
0.02544059432
-0.5076326504
-0.1555122064
-0.2569236465
-0.3836879596
0.3960846879
-0.4968521953
-0.4013570935
-0.5316259593
0.380280377
-0.3016564198
-0.3519168057
-0.1272871543
-0.224267808
0.002117511258
-0.1481451672
-0.2395214982
-0.3791857257
-0.02773623103
-0.0592112951
-0.1297072379
1.280706379
-0.2694690377
1.276727366
-0.4380367652
-0.264893195
-0.4605525672
-0.1746066764
-0.3739182174
-0.404697603
-0.2380727552
-0.2394379888
-0.451795081
-0.4726912886
-0.1779088337
1.927065188
-0.5221315473
0.8151560053
0.02340290621
0.4007654443
-0.5976604298
-0.2770333208
-0.0875009561
-0.08410599139
-0.3415877178
-0.1569786633
-0.3042450361
-0.2905395843
0.1331270693
-0.4195601553
-0.3161971621
0.5086795604
-0.09181048274
-0.3218693018
-0.2051943485
0.03471134566
0.05361666968
-0.2942237556
-0.5928552225
-0.1186526321
-0.3362752587
-0.388031026
-0.4459591553
-0.5839128375
-0.3218776755
0.4361153203
0.1802078387
0.04177735075
-0.5414876178
-0.467326948
-0.6031025887
-0.4475074604
-0.4289239541
-0.2919941835
-0.6946193308
-0.7238189012
-0.465116927
-0.4738077462
-0.4486204028
-0.3828951158
-0.3243055925
-0.5758596852
-0.344553104
-0.3517739624
0.3050244404
-0.4962801367
-0.7773282021
-0.0698676425
-0.137741001
-0.0723605413
-0.416398859
-0.4303374454
0.3014277226
-0.2934082843
-0.3831340894
-0.5752467573
-0.1486884961
1.274712144
-0.5012672409
-0.1833384324
0.1114389237
-0.1575308993
-0.1945633244
-0.3911547303
-0.3419934541
-0.1967246734
0.6261384711
-0.3412127376
0.9369767834
1.949981511
-0.3330996588
-0.5300024658
-0.152719145
-0.3807097495
-0.3072671823
-0.475696367
-0.5361513153
-0.3744706541
0.3929864421
-0.5309083432
-0.491214776
-0.4016253397
-0.1670635576
3.269357371
1.64964149
-0.3443947472
-0.3384291664
-0.3542262852
-0.4562347889
-0.2320930272
-0.127638787
-0.2963032283
-0.3074142396
-0.1593067817
0.8067629442
-0.134705816
-0.6021032527
-0.4506093532
-0.5428617314
-0.3671932176
-0.5017842561
-0.05934655126
-0.177460825
-0.2775383413
-0.3506746411
-0.5862564042
-0.2183059148
-0.3388236441
-0.4218356624
-0.370382683
0.16520341
-0.2924756497
0.264927564
-0.2483196232
-0.4615701184
1.298057966
-0.1728598788
-0.2969313972
0.134232611
-0.3120487675
-0.2657670366
-0.3747342482
-0.1124729895
-0.1379079027
-0.3182794265
-0.2938424543
-0.4668580934
-0.08917430695
-0.2591264449
1.547505295
0.07751863576
-0.131618017
0.09758817274
-0.4119168147
-0.07746850229
-0.3371247873
-0.3639995396
1.220555184
1.348157802
-0.2657274403
0.9203895107
-0.2423638411
-0.1379440863
-0.2084909257
-0.02812678069
1.121932447
-0.4841807067
-0.3556276813
-0.3866214678
0.0421951497
0.3199918278
-0.0454094436
-0.5044092327
-0.2989196248
0.2577339148
-0.4241730511
-0.07259640368
0.07098562419
0.6087357253
1.497722703
-0.4111079052
-0.2314951848
0.1836488994
-0.1866225298
-0.4543306246
-0.2695094094
0.001327223238
-0.2635758355
-0.04279681724
-0.2866990186
-0.14447852
0.2527651447
-0.1662991283
0.4394824912
-0.4919706717
-0.1893737439
1.277035555
-0.4131576315
-0.2394758299
0.1224188195
-0.4815984562
-0.3911688536
-0.02235013936
-0.3637675826
1.503273532
1.460942098
-0.02753378954
2.038225538
-0.2657473296
-0.4149023801
0.883867161
0.0628472683
0.08813622356
-0.07535958029
2.773637986
0.1812433346
-0.4592944309
-0.5428043962
-0.5236245692
-0.1899170261
-0.2556675993
-0.1217714405
-0.2192825831
0.1385090007
-0.08010330945
-0.3288546868
0.02243426349
0.2412660945
-0.2162021399
0.5365444057
0.0805446021
-0.1361140988
0.1549069615
0.1942260355
-0.3412518725
-0.4049040243
0.08789559547
-0.4435118623
-0.6247615278
-0.324584065
-0.2158488152
-0.3364872888
-0.4189742878
-0.1670900684
-0.2080891449
0.5313930005
-0.4520923987
-0.5127541006
-0.01253488525
0.02382840142
0.1886758049
-0.5794888213
-0.4886502624
0.009572976269
-0.4271743745
-0.4784740925
-0.4681671962
0.5905183688
-0.1085928403
-0.4023562491
-0.5219883829
-0.05718435282
-0.3116638072
-0.2250930782
-0.3942042679
-0.2579719402
-0.4288043514
-0.3654994734
0.06777605768
-0.1748730462
-0.2695242725
0.3600488815
-0.1721444774
-0.4060706303
-0.3375850081
-0.1922648478
0.2664616439
-0.1663356544
-0.2800602391
0.4796544529
-0.4059522673
-0.07854449051
0.6176056102
-0.1333944373
-0.2340038177
-0.1544798872
0.4849019286
-0.1126252409
-0.5193739235
-0.1037868232
-0.3569794476
0.9285774037
4.571414566
1.550909078
-0.04826292098
-0.1389326997
-0.2111482918
-0.2188141178
-0.3976878457
0.4299286927
-0.0001669022255
-0.07903478183
-0.1859915346
-0.2176600059
-0.1620604121
-0.3219658151
0.780133649
-0.3333509125
-0.3161736228
-0.3352386177
5.145143819
-0.2992677703
0.1318058929
1.327090846
-0.1683292136
0.07546385918
0.1382041717
-0.2644600157
-0.3452181421
-0.1912573181
-0.2332676258
-0.3186514944
-0.3528538562
-0.4148156032
-0.1036127735
-0.196502102
-0.2742258191
-0.4059628338
-0.4304256439
0.477967855
-0.2051064041
0.003718296066
-0.3477609143
-0.5772866368
-0.3220619723
-0.2328650601
-0.4027814701
0.5332345352
-0.3232740331
-0.1050632205
-0.219642646
0.3743933462
-0.3408818275
-0.5364190608
-0.3251700699
-0.3830661878
-0.3346692346
-0.1955369536
-0.5090719044
-0.4864228353
4.093899453
1.323256335
1.087435275
-0.3946817875
-0.04303142019
-0.1945428811
0.13855475
-0.2305993099
0.4204445794
-0.2172304615
0.1330495889
-0.3571492508
-0.3995527849
1.397071981
-0.2821075827
1.027341428
1.867223531
0.08565650503
-0.1677875564
-0.2287588
-0.3721294165
-0.3777689829
-0.2358591468
-0.2279828757
-0.2611429501
-0.005593984062
-0.3404023752
1.444511345
-0.1899738241
0.04491545293
1.658832291
-0.5411241427
0.2014788393
-0.445922552
-0.4997127011
-0.03974646362
-0.3050001815
-0.3061744913
-0.5680534065
-0.3847036734
-0.3711360753
-0.4896055534
0.4300656755
0.3846163131
-0.2644172311
0.6026148157
-0.3878727615
-0.1516241997
0.4868888613
-0.0865008248
0.2102666996
-0.1615843963
-0.4371177793
0.03437726293
-0.1984372713
-0.2380218908
0.1067028737
-0.261846941
-0.3263307862
-0.399932918
-0.3530672908
-0.4844951063
-0.3387844414
-0.2367053211
-0.5209750444
-0.2813020006
-0.3291384071
-0.2616964959
0.4480359599
-0.2284023155
-0.2921833843
-0.4616998181
-0.3658822253
-0.3870272905
-0.1769137923
-0.4438076004
4.083661771
-0.4687214151
0.3496200107
0.392269212
-0.5147331953
0.4171305068
-0.1516206505
-0.3184015699
-0.3142170012
-0.5804056481
-0.3702639461
-0.4169601798
0.144269609
0.146558938
-0.5172521055
-0.315593037
-0.2882237799
-0.2075976094
0.3170608439
-0.328880769
-0.3729636401
-0.1640840877
-0.4016608581
0.2775282927
-0.4754879177
-0.321663579
1.675211632
-0.3083384238
0.3775168473
0.06173444465
1.348310876
1.245788833
-0.3227373913
-0.4188389838
-0.2668038443
-0.2658121347
-0.1681360774
0.06544181388
-0.4987303928
0.8192760855
1.791034976
0.08532754043
-0.3037969787
-0.4905202642
-0.2128890213
1.785013241
-0.1000231367
1.707156307
-0.4075829163
0.03811345515
1.645099515
-0.04420217685
-0.252628747
-0.3689724207
-0.1801142816
-0.1890756801
-0.2034762599
-0.4750767425
-0.3195701115
-0.1339749437
-0.3559308574
-0.2733727604
-0.4519081667
-0.2776052997
-0.08342853803
-0.3640874892
2.857157129
-0.4580364957
-0.3315397263
-0.2913803063
-0.4335473374
-0.3301250517
0.3397034675
2.479943502
0.03545967182
-0.3281465277
-0.0297010445
-0.146510423
-0.1172059866
0.4281280823
0.4209609993
-0.3744509995
-0.5289113075
-0.3479098096
-0.3729007408
-0.4364045054
-0.1291013643
-0.2596972588
-0.2653424092
0.08814337393
-0.4154892161
-0.5647974759
-0.4775786087
-0.5239839271
-0.3420877814
0.6219778307
-0.33270813
0.3471696291
-0.4276112825
-0.4560625702
0.3650801707
-0.2284339819
0.5222863812
-0.326008106
1.918320453
0.2022537662
-0.165475456
-0.1150591118
-0.3101942822
-0.4768587023
0.4353861529
0.3026710037
-0.05830463991
-0.02578827981
-0.5942358673
-0.1764622606
-0.3722413689
-0.1255444414
-0.2573104605
-0.3191534638
-0.3321886957
-0.2723016642
-0.2621774234
-0.1333018254
-0.04472355219
1.111857697
-0.3057957038
0.3874767777
-0.136942663
-0.3435458526
-0.361538361
-0.2605108529
-0.2237924912
-0.09548695721
-0.3286994837
-0.6110146493
-0.3089332141
0.6842297375
-0.03563767951
-0.1069513684
0.002380558476
0.1751408046
0.1109956708
-0.4692133859
-0.0002931982046
-0.3100993659
-0.1431650339
-0.09573650928
-0.5376200169
0.4423243305
-0.2565039732
-0.466201207
-0.3142971314
-0.2649273105
-0.4503347933
0.1060864302
0.9602108374
0.1139457062
-0.2009504192
-0.3676685467
-0.300787501
-0.5426964983
-0.2151459441
-0.280097425
-0.6166505903
-0.2390980747
0.4312693108
-0.07607427146
-0.1253843766
-0.2128483998
0.1675625338
-0.3882086098
-0.2643183701
-0.1022180317
-0.5644253641
-0.3641968712
-0.3314401031
-0.008908185409
-0.03118474921
-0.5434083968
-0.4711858511
-0.2890431844
0.4209805764
0.02604115538
-0.3045100108
1.638282955
-0.3929333255
-0.04137734659
-0.1720489604
-0.4751579672
-0.3444520645
-0.4272741288
-0.3048374295
-0.4946600094
-0.4019384757
0.0695873633
0.6794164039
2.448344284
-0.2920809396
0.4213147458
-0.2112216545
-0.0628015711
-0.07794283833
0.2342807992
-0.3735145517
-0.4631270453
-0.3201582201
0.721100606
-0.3956073925
0.5310261808
-0.5534452677
-0.2506271705
-0.2960599557
-0.1107611123
-0.2525299087
0.4087693706
-0.2860973291
-0.03842270607
0.1333163639
-0.1742545621
0.1253978522
-0.2827914447
0.9588106781
0.4076346989
-0.3697222047
1.086037107
-0.491699639
-0.2038841844
-0.1656717042
-0.09255668321
-0.3317797959
-0.4354130015
-0.251035594
-0.3465503424
-0.5610981405
-0.5373094186
-0.5159994692
-0.3566114105
-0.3885089129
-0.4269944042
-0.4761723861
0.1309519399
-0.2675693855
-0.3231913291
-0.1512238313
-0.04791654386
-0.404988119
-0.3098610319
-0.4016735435
-0.4498317182
-0.4558227271
0.1773996873
-0.4144866318
-0.4018697232
-0.3526564457
-0.3188635077
-0.609243758
-0.08181401622
0.2098552554
-0.3907528505
-0.5305112749
-0.156869746
-0.2791404858
-0.3317344695
-0.2179954797
-0.08151768427
-0.1857632034
-0.5013475835
-0.4106361389
0.1786554987
0.7932766676
-0.3923119321
0.3042247653
-0.3456978634
-0.6595316231
-0.1745449211
-0.2341399603
0.09700000323
-0.2425729714
-0.3710216522
-0.05387645308
-0.08925988059
-0.3081247926
2.055238667
-0.003171053738
-0.5446633846
-0.5063955992
1.903458919
-0.5705663413
-0.7139105856
-0.3524210483
-0.1311659355
-0.3797436923
-0.40794276
-0.3340067632
-0.5039185807
-0.6153875709
-0.3550582379
-0.1857428752
-0.2228078447
-0.649267292
0.2436999708
-0.4492470726
-0.4285740584
-0.5324977607
0.09593403423
-0.4616128653
-0.3694585264
-0.4146337479
-0.2365360498
0.01801824023
0.1416509245
-0.2411222345
-0.2383678805
-0.154196997
-0.1563103497
-0.2797168434
0.3068147674
0.06473899609
-0.2384346038
0.2084738765
0.02196597774
-0.3796402715
-0.2850372605
-0.3494008385
-0.2243452467
-0.2235133968
-0.2375582211
-0.4289081141
-0.4581907079
-0.521026665
-0.4446097478
-0.2987075768
-0.277699773
-0.09226977178
-0.2898119546
2.185666484
-0.4890182689
-0.3823849589
0.4485400015
-0.3040324196
-0.2131363288
0.2668742284
0.5952897474
-0.265933653
-0.2204733822
-0.5343530044
-0.08461724631
0.2604082362
0.7888332635
2.641075349
-0.2694589898
-0.6256412879
-0.2999350503
0.3654838555
-0.3207780369
0.1783432175
-0.3955760941
-0.2806897685
-0.6485045254
-0.5520143539
0.2602759596
-0.3015476145
-0.5443911001
-0.2515291199
-0.2736403011
-0.4989809185
0.5410006319
0.4193947859
-0.4799238831
-0.1592320634
0.01438474087
-0.202814763
-0.5071721554
-0.003264346346
3.046229923
0.3372843333
-0.3603161514
1.109381263
0.307624475
-0.3827841356
-0.1252631336
-0.4674808174
-0.2282087293
-0.3530631356
0.1036680281
-0.4144300535
-0.1416159578
0.1237635024
0.02020233739
-0.2302105822
-0.06407818273
-0.2288614864
0.31629627
-0.2690555282
-0.2114693694
0.8822933346
0.2525171922
-0.3973904997
0.6822001353
-0.2386970971
-0.4102960631
-0.3908952132
0.07593750311
-0.2881843157
-0.3688671827
-0.1474860685
0.3875451326
-0.1214653695
-0.4171693146
-0.3860823289
-0.4599943995
-0.07349477354
-0.1039453527
0.07099708561
0.06419627541
-0.1795531285
-0.1442793949
0.09562168168
-0.2840502493
-0.1956774006
1.178987841
1.068871421
-0.1113014124
0.07756012483
-0.1795633381
0.205781679
-0.3169210933
-0.453558138
-0.524810341
2.068994051
-0.06251001664
-0.561946243
-0.5760120556
-0.1525354677
-0.2151877519
1.019253221
-0.01634263895
0.4193127364
-0.2449572287
0.01220079267
-0.271094045
-0.132634673
-0.09664601297
-0.2966867104
-0.03733318914
-0.1274988655
-0.03110211473
-0.3287374198
-0.431991297
-0.1471731192
-0.1626977075
0.2681459655
-0.2598116443
-0.2724561192
-0.3170377322
2.684101254
1.301885469
1.928115767
-0.4897970751
-0.5233667433
0.1138411121
1.29703351
-0.2751633637
-0.470341298
-0.004402167536
1.112716815
0.4612167574
0.6749557421
0.2185133385
-0.2141389072
-0.5329739168
-0.5031988695
1.354255289
-0.5254201725
-0.2384912126
-0.05507496241
-0.184381314
0.04042111617
-0.03848538217
0.4868550028
-0.1457618936
-0.2608087257
-0.4842063293
0.8679314941
-0.352392824
0.1797107446
-0.4520469621
-0.2311784988
-0.2606280252
-0.3289370731
-0.007116853725
-0.4746597841
0.06931991493
-0.3919926152
-0.3609884024
0.419481713
-0.5274165705
-0.137418738
-0.3922800243
0.3710986879
-0.4326499462
0.2387438558
-0.04882165771
-0.1312258488
-0.02400527224
-0.3606777564
-0.463754265
1.399507114
-0.4388004407
-0.2967127159
-0.2220882267
-0.3890381947
-0.5412407413
-0.4429159448
-0.1765590103
-0.08611511886
-0.09979813588
1.607688755
0.1775967384
0.7891748056
0.3009528577
-0.4653741628
-0.1029853765
-0.2283489466
-0.1798555441
0.8112053889
2.246375132
-0.2442728341
0.05293649402
-0.5484775364
2.379129392
-0.2004914181
-0.2786946729
-0.3048416696
-0.09860846912
-0.2051824664
-0.2609244525
-0.1395649659
0.06472091507
1.739230949
0.06858773106
-0.5274341241
-0.3730471842
-0.166934952
-0.1127464013
-0.2745557219
0.1226431302
-0.016683756
1.940920442
-0.07863199064
2.596341318
0.7586832836
-0.1124016369
0.4528286643
-0.2546256684
-0.273145815
-0.3795786008
-0.1218373612
-0.3040707164
-0.5471505329
-0.4394338757
0.6377011277
-0.2187614627
-0.1674166483
-0.1677121356
-0.3487725727
0.1764626174
-0.2765008286
-0.4672154754
-0.4518826157
-0.2646865949
-0.1343728534
-0.3198673464
3.39358747
-0.2180182103
-0.4051374301
-0.1192095621
-0.2323326219
1.942507583
0.08561949227
-0.1202846672
-0.4659647539
-0.2427838959
-0.04945673903
0.2956022847
-0.3973279431
-0.5634385362
-0.5125837132
0.05573129496
-0.4197613448
0.1820226553
-0.3879456252
-0.08689957671
-0.5354736939
-0.3516838968
-0.1277781087
-0.6234710753
0.2091405768
0.002735232841
-0.6453873187
-0.3350756243
-0.4702600583
-0.3016532682
-0.3224574253
-0.6907701105
-0.4456637204
-0.02019410105
-0.005195532739
0.4705994368
-0.07499395949
-0.511085929
-0.5198925957
-0.5156179368
-0.2049067163
0.3976707101
0.04470802364
-0.2789077915
-0.5566945285
-0.515372397
-0.3438080825
-0.3877184689
0.1130006914
-0.2842427313
-0.4027553439
-0.449176681
0.1576910482
-0.5043974832
0.8882450327
-0.1798641516
-0.2951903589
-0.2671149217
-0.3815323219
-0.6540222347
-0.4713039339
0.05127058974
-0.158643065
-0.3875129029
-0.119148751
-0.1047263293
-0.2370203115
-0.3192078382
-0.1977955267
-0.5809697971
-0.2376442522
-0.2451371681
-0.20014708
-0.1866399728
-0.396497485
-0.0533626575
-0.1985496409
-0.4033580586
-0.1184076488
0.207158472
-0.2110055298
0.3748287633
-0.4145782277
1.062882842
-0.2014147626
-0.3464309134
-0.2301052557
1.023325118
-0.1385925294
-0.3055736631
-0.06911346186
-0.4871889099
-0.215440762
0.02465643217
0.4572056577
-0.3382788703
0.8475589827
-0.1168283057
0.4538232476
-0.3182818472
-0.4511618063
-0.3094052643
-0.4514305577
-0.2161722627
-0.1986262882
0.06541252034
-0.4569935858
2.110059601
-0.3642123789
-0.3608529344
1.346370256
-0.5298970267
-0.4949874863
0.4625027642
-0.2082271639
-0.5789429978
-0.4373920023
0.03965175869
-0.1830324793
-0.2429884356
-0.2639180779
0.2504967948
0.01456246939
-0.4179138452
-0.4481804892
-0.2232118629
0.102031539
-0.1188019253
-0.2385758564
-0.1148567855
0.1397404972
0.7037256181
-0.3914038196
-0.4116352066
-0.09885567594
-0.2891956031
-0.3117273703
0.01397391679
-0.2178582828
0.3321973331
1.064956126
0.4948064446
-0.4600000814
-0.08990550265
-0.07962854691
-0.3240992803
-0.1603993619
-0.27180935
-0.2673957609
-0.2735887639
-0.4280364305
-0.4937990144
2.192974278
-0.4796355769
-0.1901667662
-0.3968549147
-0.3861357659
-0.3964361295
-0.3688985288
-0.4805502728
-0.1570335042
-0.2024109297
-0.1403824866
-0.2965858273
-0.5010345921
-0.1225427574
-0.2330603596
-0.4038489044
0.2410902353
-0.3882148154
-0.5788110182
-0.4994060829
-0.6098511606
-0.2670980945
0.1443128286
-0.5625264347
-0.3126005746
-0.4958026871
-0.005221124738
-0.2195063263
0.02665197207
-0.05747532342
-0.4525083974
-0.1797348827
-0.3450038224
-0.4200439945
0.8829370692
-0.1840908546
-0.200705456
-0.134834066
-0.599726221
-0.5463777944
-0.5448884547
1.323283429
-0.1740522079
2.755635846
-0.2559793426
-0.4197565511
-0.3469755515
-0.5356215715
0.8113097787
-0.2073408125
0.03281898401
-0.4543350458
-0.4556383446
-0.6754684389
-0.4336303309
-0.5961491242
-0.5834641606
-0.2116307072
-0.1790425912
-0.286286483
-0.3941734791
-0.7049320728
-0.3338375688
-0.2055508524
-0.4358917311
-0.3249537736
-0.350460127
-0.3407606877
-0.04289369378
-0.3471094579
-0.4242498338
-0.2102416944
-0.1708675714
-0.3846618995
0.5411336843
-0.2075311929
-0.3426007614
-0.6037972346
2.086906135
-0.4221827298
-0.4972267866
0.2260059161
-0.3604313135
-0.3940534815
-0.6061221898
-0.2408852853
-0.1168729672
-0.4077737466
-0.6396609634
-0.6506226391
-0.3840646073
-0.4203993633
0.07218596376
-0.5557460144
-0.5146614656
-0.1414597459
-0.3126965314
-0.2339704633
-0.599198994
0.3979388144
-0.3727135003
-0.3833396494
0.0846217595
-0.4161253378
-0.2093515709
-0.2204093408
-0.1641975768
-0.2271525212
0.07491919715
-0.02942725755
-0.326974684
-0.2837365098
-0.6250387996
-0.2010032151
0.08491164695
0.08676323313
-0.1807622552
-0.5335577577
-0.4354047395
-0.4397426248
-0.2268510953
-0.406203106
-0.3358233847
-0.4890410855
-0.2817320734
-0.2011377338
1.558034521
0.5315328456
-0.3219103016
-0.4376000881
1.803606671
-0.3159239665
-0.5007243991
-0.2541421078
0.1364170531
-0.2371645615
0.009716456197
-0.1635407614
-0.2490943432
-0.3972394496
-0.3954717264
-0.1813116802
-0.2840869769
-0.1301429402
1.140859243
-0.2489644177
-0.2258630445
-0.3784313947
-0.0918036228
-0.4698013976
0.1362960499
-0.1947822986
-0.2501556262
-0.2201259737
-0.2046023156
1.242458415
-0.2987505637
0.1396822013
-0.3066618674
-0.1371406847
-0.4767052367
0.5379037514
-0.2540183336
-0.3381994016
-0.08526243828
-0.5057934046
0.6165237602
-0.2632536292
-0.3751073271
-0.6588200539
-0.1687115509
0.2280280717
-0.3392801143
-0.1924066987
-0.01831613649
-0.5416763574
-0.4605901837
-0.1670592053
-0.0843597874
-0.3635332279
0.5440560646
-0.5421182156
0.04006398721
-0.3249415606
-0.1627802983
-0.338107349
-0.3747774959
-0.3087863058
-0.5288384631
0.2143154155
-0.3767245457
-0.6187344134
-0.4712279201
1.299783757
-0.1975537159
0.0152216359
-0.2926421709
-0.1737849621
-0.3455138477
-0.4713390112
-0.3094934367
0.1984718379
-0.3249043584
0.4072170071
-0.4369909942
-0.4121731944
-0.2154245943
-0.6775760204
-0.5635995999
-0.5175769463
-0.4992349342
-0.3314760074
0.2068842662
0.1294046998
-0.3109692626
-0.4092794269
-0.1618768901
-0.1586992885
0.008064258809
-0.1268050842
-0.4283023134
-0.3344671659
-0.1093919687
-0.5573028445
-0.3848814398
-0.1005720686
-0.4049991012
-0.3610351264
0.9725765884
-0.279318177
-0.152437751
-0.3972464576
-0.5482184902
-0.5418898329
0.5380489245
-0.2248308599
-0.5023056284
-0.3783205256
-0.3345467389
-0.2802142397
-0.1398291456
-0.5191070199
-0.265557389
-0.2308377493
-0.3602720112
-0.006972780079
-0.3187658437
0.999929525
-0.04964477303
-0.08609187705
-0.3467697866
0.04641413363
-0.3830985039
0.1072615698
0.06024749912
-0.4221885711
-0.2809778184
-0.253565903
-0.3246255144
0.1439974355
-0.2281271107
-0.03379017878
-0.2765948091
-0.04279589741
-0.2633470528
-0.3787816696
-0.1005224933
-0.2748892531
-0.2847013585
-0.4604440764
-0.2453225136
-0.2529579755
-0.2776914425
-0.5267566577
-0.2656187899
-0.4079558998
1.024107282
-0.02330937819
-0.5408728033
-0.4083034053
1.311490968
-0.1088492803
-0.2699973978
-0.2324347898
0.1043575805
-0.25691083
0.4300138941
-0.2713753335
-0.2278373443
0.3849967413
-0.325209143
0.04022902306
0.5782845952
2.639754885
-0.01564926412
0.02877109572
-0.3346918747
-0.4949670821
-0.22769363
-0.1483697895
0.9418126747
-0.4803237468
-0.04584220797
-0.4234924957
-0.1479100425
-0.3976972744
-0.215650361
-0.1545431517
-0.1770095537
-0.3058265954
0.8674851149
-0.08061137106
0.2507875359
-0.2803520931
0.08392267674
-0.3297392584
2.586890677
-0.4659031019
-0.1959299594
-0.242025689
2.996287966
0.04688681494
-0.1576192293
-0.2217584558
-0.4266312867
-0.1640059214
-0.04169399086
0.3923188843
0.01480920948
-0.4246153176
-0.3199361838
-0.17123283
-0.3428996474
-0.002247087471
2.053664339
0.4010138171
-0.2062914826
-0.007445545681
0.1601931924
2.691978556
-0.0830556782
-0.1741164289
-0.205130332
-0.101853499
0.1955695651
0.8267091468
-0.3193614408
-0.2719443709
0.1476978404
-0.00266103344
0.07694668784
0.4690650091
-0.1897015166
0.08809372438
-0.3222819388
0.3588354668
-0.3299419299
-0.03932341803
-0.3621369317
-0.7016063929
-0.2810698979
-0.3110218994
0.09817082351
-0.2144091316
-0.5766894519
-0.3727162987
-0.03617636599
-0.1410271335
0.2229325363
0.9315922283
-0.1055685682
0.06947792191
-0.6651433617
-0.1722989254
-0.2374840133
-0.2184056774
0.8362314641
-0.4614003152
-0.2623256192
-0.2884514995
-0.3619444326
-0.2383268364
-0.4138017446
-0.2817324415
-0.2451010469
-0.260194537
-0.2435989331
-0.2463967323
0.06397842797
-0.3735456109
-0.3349362165
-0.3616675898
-0.4570616215
-0.5357539505
-0.5409094721
-0.2436030123
-0.1604747158
-0.4326072127
0.05335496799
-0.5061312228
-0.2181191944
-0.3047662593
-0.4947840735
-0.3700808808
-0.6010723352
-0.08672706755
1.072349214
-0.3991911784
-0.3676661685
-0.04263288919
-0.0151456262
0.0256320721
-0.4713549942
-0.2320355155
0.7000963755
-0.4801745847
-0.2947883226
0.5892141445
-0.02382934708
-0.1364592884
-0.1053130409
-0.2584176712
-0.02688165531
-0.2891922563
1.007800794
-0.4385262355
-0.4348768398
0.1306248781
-0.1966361474
0.1588256918
-0.2318584532
0.4649129309
-0.07919991445
1.343518662
-0.1025612716
-0.2445101609
0.3109514125
-0.2719303817
-0.2254853435
-0.379128474
0.8578759275
-0.358836332
-0.2715508252
-0.4085589021
-0.5832005873
-0.3034363255
0.1506868459
0.4019910134
-0.1515233707
1.765655166
-0.2745850928
-0.2700111404
-0.2523235112
-0.2194057986
-0.1128180144
1.216858533
0.9324379981
-0.261134214
1.113444504
1.400362149
-0.1576850684
-0.09210555772
0.07934872918
-0.1258116263
-0.2005567804
-0.4059133574
0.1430243033
-0.4432895988
-0.3773755386
0.7777055953
0.6408617891
-0.2539375216
-0.1990641002
-0.470284082
-0.151733331
-0.3213633761
0.3774490267
4.579672492
-0.3573376372
1.098663934
0.1927926193
-0.1311212588
-0.1530886
-0.1415123746
0.3635087453
0.04931850117
-0.1956492156
-0.3134412259
0.1663114613
-0.132935404
-0.08159789811
-0.2038414717
-0.4641947359
-0.3114975367
0.4716182806
-0.3679308459
-0.5577715889
-0.3639475986
0.254961171
0.2520325246
-0.49073264
-0.2012295365
-0.1740645513
-0.420615007
-0.287701115
-0.4265254527
1.010015878
-0.2681860574
1.351889941
0.3044135645
-0.3117508903
-0.3224385306
-0.1137356691
-0.141703491
-0.07311772909
-0.488288261
-0.01452972214
-0.2788836114
-0.2202481903
-0.3861647412
-0.2369500719
-0.1459340468
-0.2865600124
0.6217975117
0.2848851573
-0.3220455438
0.4766490407
1.310878477
-0.4582401022
-0.2524956495
-0.4974895939
-0.004755442776
-0.4336405158
-0.5230634004
-0.1928271502
-0.4293370306
-0.2831451058
2.051126558
0.8002495356
-0.4772875056
-0.004299174249
-0.1583874969
-0.2002410896
-0.3393135086
-0.260797558
-0.2633241497
-0.05803106464
-0.0002511834726
-0.1962932125
-0.4786288142
0.5407032648
-0.4099051252
-0.3141107552
-0.3063942999
0.8546611875
-0.1473571004
-0.3331047297
0.1194126943
-0.3867315412
-0.1617202181
0.005652152374
-0.208125829
-0.3024162397
0.4977633663
0.02701871898
-0.2017463868
-0.3471725568
-0.2112089574
3.16961832
-0.1859709375
-0.4124944553
-0.06119004781
0.792475386
-0.4631117269
0.1645897245
-0.5157006949
-0.3717761919
-0.3208616085
-0.2670326505
-0.4720559537
-0.4217898145
-0.00202299268
0.0547332936
0.3653990174
-0.1960654534
-0.04313308448
-0.3962453544
0.8640049711
-0.1727894776
1.050811169
-0.3091177046
0.1502527264
-0.2380201377
-0.1071950827
0.04157418497
1.826429617
-0.1659042031
0.2571496092
-0.3359272256
-0.2774877451
0.03799756418
-0.3793276578
1.580575162
-0.1270056954
-0.2526508167
-0.3106502101
-0.4535879254
0.775142473
0.1606437646
0.5530430734
0.11042691
0.7813185066
-0.1686896451
-0.1188197739
-0.2736321189
-0.3230080031
-0.1111151336
-0.2961866729
-0.3006377913
1.126264158
0.01246642396
1.632070124
0.09621919813
-0.01394855846
0.08237852408
1.541767886
0.9309684411
0.02117156181
-0.09882369265
-0.1771942586
-0.2989772014
5.038192844
-0.3800239176
-0.1171034722
-0.1060968691
0.1043558492
-0.4367144421
-0.4655232802
-0.09987369091
0.9414641559
-0.1175960455
-0.3290217116
-0.1391269624
0.7291709945
-0.01549010221
0.06277058106
-0.02497481704
-0.1577616517
2.071314728
-0.09720090074
-0.4163838983
-0.104294781
-0.1186608948
3.958058417
-0.1849730801
-0.3466997772
-0.4073089615
-0.2216370072
-0.447233887
-0.2359537385
0.04163175393
-0.2240126103
0.009058957081
-0.3122728556
-0.1638641529
-0.1688357975
-0.3959187463
1.061023593
-0.4890862897
-0.1971251398
-0.11018234
-0.2990481809
-0.4473890215
-0.1597522501
0.5351283789
2.043098259
-0.4050382927
-0.5320738345
-0.1366208396
0.1666072652
-0.5164058298
-0.006301245652
-0.3787027165
-0.09637600523
0.2853840156
-0.5234358445
0.1654580076
0.2649584681
0.6401806988
-0.1335907213
-0.2104660518
-0.1205397153
2.392206585
-0.2626480147
0.1832216594
0.01198866339
-0.3842259005
-0.1189923817
0.1418936228
-0.2512553342
1.761618671
0.01555912923
-0.1697447479
-0.3067177005
-0.09603827344
-0.1283707511
-0.2735065877
1.56347717
0.7156069525
1.540976843
-0.04579438856
-0.34954561
-0.4818312913
-0.4003071174
0.1582228899
-0.4230809242
0.4881633207
-0.05005942322
-0.2991703875
0.87187846
-0.1324145976
-0.01344157821
-0.3053919613
-0.3991089195
0.2523505505
-0.02360148421
-0.2015825879
1.129189032
-0.4519074917
-0.3227330647
-0.2554679193
-0.4166067287
-0.3159907423
-0.2942239642
-0.593565543
-0.3813868314
-0.5792911679
-0.419200179
-0.4448879257
-0.3271025099
-0.2891013972
0.1947505355
2.367321968
-0.03947994406
-0.03981312448
0.7239241183
-0.2478443988
-0.334923555
-0.4316015184
-0.09255258683
-0.3995931089
-0.06149600558
0.05079029724
-0.307719475
0.02488987525
-0.3030511402
-0.2645281784
-0.1793751618
0.9870036554
-0.1566250425
-0.1300844263
-0.1946986258
-0.2546981774
-0.3487776071
-0.04668411333
-0.2673908472
-0.340279454
0.1434469886
0.7048430532
-0.2654586129
-0.01348146964
-0.3585526958
-0.1457301296
1.411254981
0.1491901154
0.1113374315
1.813718933
0.5399821594
-0.14179307
-0.6401706353
-0.4664241195
-0.533596918
0.1093363978
-0.2227399215
-0.312646696
-0.003295138665
0.1550982431
-0.3024145737
-0.3157048598
-0.4956695467
-0.2741004318
-0.3313679308
-0.0109474279
-0.4141761944
-0.07567527099
0.0931139797
0.02009210885
-0.08022182025
-0.2920059539
1.099297027
-0.512948449
-0.2119518928
0.05059648375
-0.05884331828
-0.2659721117
-0.3460975066
-0.3260816775
-0.407739161
-0.02750264052
0.2049163193
-0.1659686588
0.5248767804
-0.1404703905
-0.460805656
1.476591909
0.4182765104
-0.1554289487
-0.003744319081
2.662481874
-0.2558661021
-0.1250224918
-0.08515490685
2.507437187
1.893398052
0.02144419104
-0.3456746601
-0.06120132091
-0.2157819174
-0.1446739286
1.115967709
-0.5544553682
-0.3002478391
-0.2014867082
-0.1375011094
-0.05604883605
-0.4983475342
-0.292858389
0.1605672395
1.055769205
1.816162014
-0.305475533
0.7054535158
-0.2881918743
-0.1935803466
0.2432637736
-0.4752578065
-0.4285024121
-0.07895442937
-0.1533427376
-0.4335473567
0.3143321514
-0.3628455922
-0.2161800645
-0.1516093681
-0.2441933356
0.2278055023
0.5189378414
0.4671601579
-0.3284412488
-0.3027084284
1.211980985
3.840333116
-0.1733030915
0.6621886037
-0.514351669
3.026839906
0.6431862473
-0.2506257452
2.843725932
-0.3025121592
0.7973324224
-0.01495080125
-0.1077889185
-0.3419326611
-0.5221643344
-0.6078837886
-0.2959401697
-0.2846760072
-0.5319944769
-0.4603305474
-0.4646251813
-0.3107559696
0.2120250052
1.310365704
-0.4157243043
2.263458085
-0.3985134289
-0.2330278702
-0.3357689239
-0.301098372
-0.1965246335
-0.1046770319
-0.2567121442
-0.234895172
-0.40878921
-0.3387685493
-0.02355833286
-0.004095551278
-0.4781984866
-0.2924080364
0.3663253324
-0.1183585632
0.1541715862
-0.08666001279
-0.2410324685
-0.2361630514
0.4049590549
-0.2744624794
-0.1616224658
-0.1484810634
0.249196782
-0.191083781
-0.2011646897
0.03021948249
-0.1852377934
-0.363118647
-0.06598435044
-0.1578123827
-0.08459403859
-0.3625087902
1.645680095
-0.1020319516
-0.343540895
-0.3255570672
1.982255048
-0.2186851718
-0.1788628392
3.320322061
1.743297212
-0.04157459112
-0.1396150112
0.1843772103
-0.2763305565
-0.3551317245
-0.1752391171
-0.2324151583
-0.2812810682
-0.5787642688
0.2592646578
-0.3215906851
-0.3423550144
-0.2274700969
1.307978693
0.0166800227
-0.24333722
-0.3400898248
-0.2458967254
-0.2131086797
-0.3764986113
-0.1524112903
-0.3202454388
-0.1282722984
0.07965686666
-0.239471253
0.0895868822
-0.490414907
-0.253188096
-0.3483025998
0.5347339943
0.4853086121
-0.03640434863
1.123456946
-0.2997675128
-0.3937145397
0.9844908863
-0.3129697159
-0.3960066497
-0.2684033096
-0.368394886
-0.1876742978
-0.2680635132
-0.4240289778
-0.1707695577
-0.3828496039
-0.5049925297
0.2669065953
0.2920598647
-0.3391053364
-0.2926696703
0.6339817286
2.082105404
3.88540653
2.770810735
-0.2269074693
-0.1600124545
-0.2277942628
-0.3611617073
-0.03806498423
1.202837217
1.702942236
-0.253694284
-0.271584069
2.276727098
-0.3849230185
0.02621481502
-0.1068971331
-0.2558621339
0.7590727724
-0.1372120295
0.1623409922
0.5943317905
-0.1385692012
-0.04809602178
-0.2964646645
-0.3125478573
-0.259329804
-0.3830438003
-0.180126936
-0.3354103461
-0.1265819543
0.7035453901
0.5065872826
-0.2014983609
0.1846133745
-0.2145752024
-0.4121347293
0.134713549
-0.1394124122
0.3057684479
2.009485909
0.6956296468
0.3749795516
1.189654428
2.674566722
-0.2727380827
-0.25073075
0.9234761588
-0.2529665031
-0.3443486445
-0.1145317551
3.352735472
-0.3343787223
1.964453226
-0.4346979648
1.143449485
-0.3381948382
-0.2579759561
0.2193096701
-0.3130476292
2.042684603
0.4359064031
-0.2927002802
-0.3858202338
-0.2966066033
-0.3142314449
0.3049252097
0.1469201405
0.7303159669
0.02135105524
0.2144294728
0.1061049595
-0.6319175735
-0.01931761932
-0.2283488728
-0.2088026717
-0.4181930438
2.85867846
-0.1205964873
0.6953039743
-0.3791474298
-0.1920836423
-0.05014180569
-0.2266225718
-0.2560008585
-0.1238439485
-0.2877292179
-0.1839289837
0.3811491907
3.10405041
-0.4039930537
-0.2467690494
-0.189029609
-0.3140501373
-0.2839029253
4.267153621
-0.1054019576
0.207171417
0.886851567
-0.08288341276
-0.322757145
-0.1333976455
0.05496561765
2.209452534
0.7492758755
0.09349850528
1.008342089
0.05598183293
0.08813369628
0.8499925196
-0.181778026
0.1717243271
-0.06961418148
3.631834859
-0.04229709487
-0.2463722255
-0.142915884
-0.394962351
-0.1436767776
1.334898487
2.06019111
-0.05163490251
-0.1864857316
-0.374536404
-0.2186316349
-0.2525892854
-0.05326408986
-0.3048904926
0.09012803938
-0.1628990445
2.146517286
2.474688834
-0.08167593256
0.1579827063
0.080644204
1.14603585
1.79560768
0.6282454148
0.439080046
0.1685552921
0.09315279499
1.366082141
1.064826822
-0.1334163982
-0.3306211323
0.00713516064
-0.2901318856
1.407285139
-0.2197910909
1.546620679
2.065757227
-0.223146677
-0.4068417504
-0.1605265057
0.04378601806
0.109309267
-0.1575167866
-0.2115952482
-0.2964927949
-0.4892631188
0.02180470191
-0.0914477108
-0.4742689356
0.3434741186
-0.3260779738
-0.3876642928
0.347287536
-0.3283326387
-0.3464748062
-0.3513673216
0.2081139854
-0.1323463913
-0.4273939401
-0.4230411693
-0.2401314363
-0.20661183
-0.3260846157
0.7806060866
0.4101357646
-0.2795301095
-0.3218125612
-0.2457460351
-0.5240523249
-0.3326887548
0.2919012745
0.6649089403
-0.2740793519
1.620550877
-0.2655048706
-0.02678566873
-0.4098537862
-0.2894582286
2.565616983
-0.3926460534
-0.3729356796
-0.15181596
0.378754212
0.2623634188
-0.2014442511
-0.2503706656
1.168384227
-0.3238338113
-0.5028930604
-0.5600111023
1.092997693
0.2317043852
0.01884954963
-0.4480485678
0.421490436
-0.07086531464
-0.3897704199
-0.09756253026
-0.3278573379
-0.3266215086
-0.0931798581
-0.3032933235
-0.3949670449
-0.2922051616
-0.08543859906
-0.1804829478
0.2362540333
0.5113706648
-0.3879382193
-0.4037859857
0.4481293548
-0.3051245794
-0.2717403978
-0.1483701907
-0.4945525706
-0.3009062126
-0.309432333
-0.4268457606
0.0215554297
-0.4349103183
0.1552416938
-0.04784491025
4.13348701
0.09388150498
-0.2499344721
-0.347368069
1.853826827
-0.3710454941
-0.3028778754
0.6918749869
0.2666711578
0.169886886
-0.2351335041
-0.5758115217
-0.3488179877
-0.4052309647
1.204366188
-0.4152435601
-0.2538362004
-0.332732214
-0.08633218519
-0.4277823612
-0.2860869229
-0.3134682789
-0.4301520482
-0.1013647275
0.171086402
-0.3769845933
-0.3717258528
-0.2934928663
-0.2717098128
-0.2367782593
-0.117255166
0.1389706686
-0.2790384017
0.2544148136
0.4615631628
-0.1176601207
-0.1467786569
-0.1161818057
-0.5911613658
-0.4361633599
-0.2176497389
-0.1537583191
-0.5703456447
-0.3484662473
0.5418552279
-0.07924281671
-0.4044479936
0.08166150767
-0.2625970386
0.04814079013
-0.255291912
-0.2493602894
0.09322859785
-0.320156467
0.3033764675
0.141490975
-0.2153511822
0.6273247173
-0.255424716
1.281136158
-0.08050277196
0.1322256314
0.4768681705
0.2552804224
3.367961133
-0.2922551349
0.7494707495
-0.3792735934
-0.2619708419
-0.3184633516
-0.2530931473
0.2017464023
-0.3921114668
-0.02875625328
-0.2201085322
-0.2959653653
2.58699764
0.745606444
-0.2192756347
0.3308699906
0.05793724521
0.1483251232
1.173429859
2.017975974
-0.125578058
1.934074524
1.960090703
-0.1407107782
0.3176578
0.3542385064
-0.2191126481
-0.2557420045
0.02029384859
0.2554518174
-0.3101354703
-0.2714604042
-0.4120348886
-0.2793651067
-0.05906005073
-0.1661621487
-0.04747160673
-0.344839716
-0.01511679767
0.06978705656
-0.3780452132
-0.5311850473
-0.02655660454
-0.3357250303
-0.2748355299
-0.4709236577
0.3392393976
-0.4110024795
2.251830731
-0.08690948277
-0.4594474822
0.7567925736
-0.2623937644
0.0107505244
-0.4152230397
-0.2673617095
0.1077413931
-0.2492827326
0.7838619493
-0.2135355227
-0.3312060311
-0.1081813505
-0.2326264173
-0.3017178386
-0.4723541826
0.09503448908
0.176212908
0.239621562
0.08088766523
1.713128394
-0.3333403975
-0.1729594287
-0.2211249202
-0.4424469322
-0.136550238
-0.1030054275
-0.2146400861
-0.2619834095
0.5591596082
-0.5962334141
-0.2540233739
3.387459624
0.02231991123
-0.07725261059
-0.2279632289
-0.01352533149
-0.1828735191
-0.2478393465
-0.1026190797
-0.1944802493
0.06950818817
-0.203228901
-0.5509301744
0.03576025385
0.4435243482
-0.2509336971
1.310979992
-0.3409522884
-0.3353263035
-0.4112055257
0.1656930942
-0.1369106609
-0.03324018028
-0.3505000234
-0.05756180752
0.45420039
-0.1565986864
2.069066989
-0.4432045251
-0.02180406898
0.7373310909
0.2847096995
-0.1008711521
-0.192051252
-0.2510360919
2.392462593
0.1068173832
-0.4855165347
-0.2622348413
-0.1918512005
-0.4824956402
-0.2903393112
-0.2942456901
-0.5126948148
-0.4320505708
0.06719711819
-0.2564511485
-0.3470602289
0.07190321721
-0.2498726904
-0.02897008471
-0.4267229617
-0.5481360897
0.6012703411
-0.5156733721
-0.1236361839
-0.5564086109
-0.3008731768
-0.02141878996
-0.3262091383
-0.6560186476
-0.3079279751
0.0432193419
-0.2330967471
-0.5798717409
-0.4106726408
0.7845436782
-0.2437356189
-0.174679626
0.2946372386
-0.1680522591
0.140151234
-0.2962005921
0.1740438543
-0.2795789696
-0.3440869808
-0.0585033881
1.120833158
-0.04292147998
-0.6653504491
-0.4122344255
1.158911994
-0.2216592446
2.317811358
0.5277986288
-0.4984964281
-0.3540723592
0.04376103235
-0.1654954288
-0.162005629
0.1649627616
-0.1425423771
-0.3709992498
2.610108042
-0.3206694618
-0.03543059733
-0.2797436588
0.79344313
-0.09146428178
-0.2532062193
-0.08931860877
-0.1513252676
-0.08328235336
-0.2455063187
-0.166500544
-0.267803432
-0.04511973159
0.3626114435
-0.1163364753
-0.09608604754
-0.07731866352
-0.1343549678
-0.1295803864
1.659717983
-0.27034958
-0.1115267605
0.1294440837
-0.06425499711
-0.2345394876
-0.3370218679
-0.5641501591
-0.02308982643
-0.3951546192
0.4342420481
-0.001996599697
0.05098746847
-0.2543976717
-0.6146584228
-0.09296646724
-0.04145328049
-0.150891402
-0.2704246253
-0.3757891901
0.2883239544
-0.3429127499
0.9693123907
-0.136367926
-0.4149380103
-0.2470499754
-0.425178282
-0.3739442781
-0.08604850378
-0.1520161036
-0.3945824578
-0.0802933767
1.995764887
-0.3448476166
-0.1447890893
0.5227494627
3.268977541
-0.559455514
1.358390006
-0.3246859983
-0.3299881428
0.5483766139
0.2312873857
-0.1059580533
0.1609104238
-0.2024126511
-0.2733829521
-0.4761147708
-0.2901243508
-0.2363373667
-0.5093316913
0.3412582343
-0.01660747789
0.3124133349
-0.299828279
-0.1718793441
-0.387499465
-0.255892396
0.1907110017
-0.3000092864
-0.4001176417
-0.2220011659
-0.3066154554
-0.2182553992
-0.4382583514
0.4518330157
-0.499806802
-0.1546978697
-0.2507581949
-0.3019445986
-0.2372712888
-0.5574153244
-0.240890038
-0.1998218951
0.05257064421
4.171202397
-0.3878963158
-0.2432090446
-0.04391252333
-0.4042797312
-0.1131941853
-0.4826724246
-0.4507954627
0.4945508927
0.06925779851
-0.4289301142
-0.4857514516
-0.40248909
-0.3104536846
1.269691841
-0.369638814
-0.292663198
-0.2106433973
-0.3826043233
-0.4895186692
-0.09223267958
-0.1857306473
-0.2018252186
-0.2370743047
-0.3647204608
-0.540571034
-0.3956846863
-0.1553499753
0.1490133829
-0.354546199
-0.2404395973
-0.239129002
-0.359330748
-0.1155870587
-0.1130695459
-0.1899489168
-0.353804785
-0.05280840341
0.5952663846
0.3121019311
0.148999225
-0.1891948409
0.2449314659
0.7792788506
-0.3776057974
0.1646114389
-0.3285637245
-0.2556641966
-0.06127477363
0.117622334
-0.1021898508
-0.3249841407
-0.434052144
0.01672837287
-0.3727337211
-0.2356223315
0.3280530293
-0.09049281278
-0.2728878334
-0.4881415054
1.051824331
-0.3956621706
0.837774986
-0.1825477118
-0.2910266533
-0.4401318878
-0.2599222418
-0.6215980202
-0.3483277857
-0.3531503052
-0.02431711419
-0.4200902045
-0.3401190937
-0.1531134658
-0.002332880069
-0.1841798775
0.2982296227
1.080895516
-0.2481869154
-0.3191203006
-0.3875877723
0.009096213197
0.05359713165
-0.211484359
-0.2332191113
0.6586265191
-0.1812546987
-0.1952631645
0.01343888836
-0.1540670518
0.4269939639
-0.1779886972
0.106984746
-0.2386816215
-0.3093733326
-0.08378996365
0.1304179523
-0.2644845828
1.02551901
-0.3234817423
-0.3349688321
0.9436488196
0.1363446698
-0.204644157
-0.3303344466
-0.4050740376
-0.1575889286
-0.3888264537
-0.2588955194
-0.3334520981
-0.4953188315
-0.08652374502
-0.2526025653
-0.3747638911
0.3981291912
-0.1524488065
-0.2449756477
-0.2819715694
-0.05502260914
-0.003868632391
-0.2980637118
-0.1202481784
-0.3243152849
-0.1479453713
-0.1241216525
-0.4436801508
-0.361068435
0.4162837356
0.04862067942
-0.06406700728
4.647866869
0.03546322808
-0.2602906853
-0.05677142437
0.02687025126
-0.03728722511
-0.1393569741
0.4715411451
0.04808509112
-0.1713026252
-0.4940476894
0.2847914823
-0.3923289567
0.02926791068
-0.2487950914
0.2214790121
-0.3370922476
-0.131819224
-0.1647536276
0.2440563831
-0.2084147196
-0.185378417
-0.1611111712
0.8273254395
-0.1042798757
0.2461125392
-0.2123777576
-0.115833953
-0.03129545879
-0.3125925072
2.570944321
0.13534075
3.175143898
-0.2846586742
0.0754780761
-0.3073186733
-0.2679710314
0.07149285646
1.173396735
0.1721920222
-0.0886686746
0.323440261
1.664839333
0.960309276
-0.06107833679
-0.5275569499
-0.1761711229
0.2336472495
-0.3472254679
-0.1092216864
0.4795313761
-0.3562430531
-0.1220940493
-0.01256761402
-0.2884847552
0.105644754
-0.5447473794
-0.04276566487
0.1584178413
-0.1935451496
0.1155841056
0.05143616376
0.04048936144
-0.1060773657
-0.1354830733
-0.009898272203
-0.1022915518
-0.01209985139
-0.02355326451
0.3871107215
-0.3352780983
-0.1628121134
-0.03286681492
-0.2919545986
0.3948959313
-0.0579406742
0.7218277317
5.069930005
-0.2572911181
0.7524547726
0.04559961986
0.1615462355
0.3909571365
-0.2018182885
-0.1928003445
-0.2081745919
-0.2096378401
0.1773980667
-0.01043244768
0.1022710485
0.4038471848
-0.3024530478
-0.2128406677
-0.1263284551
-0.1631373402
0.1374808038
1.423117489
0.5645469084
-0.1004231863
0.347674468
0.09557495592
1.985341758
0.3114618048
-0.0671416387
0.04316677731
0.3736681446
0.1738610135
-0.05263280123
1.815323627
0.6520960718
3.32563684
0.6904369026
-0.1774121933
0.2907387745
-0.3207691789
-0.03753869012
0.1385746756
-0.3310336158
0.04064600216
-0.4576360628
-0.5341756672
0.2700738732
-0.3522036672
-0.06236267257
0.4926906265
1.159353968
-0.04698651899
-0.5449779525
-0.4102669671
-0.1957692202
-0.3381667458
-0.5274759144
-0.1826916669
-0.08930430263
-0.2202328438
-0.2358495131
0.468133406
-0.4450575322
-0.1020146362
2.454157102
-0.212380356
-0.1909390226
0.6215746209
-0.1062412359
-0.1757333327
-0.1543742362
-0.3960425153
-0.6294267252
-0.3209825113
1.648817819
-0.01478760224
0.2636585807
-0.05872975606
-0.2503410161
0.5653595418
-0.1393367309
-0.3320762604
-0.2712361
-0.2979034767
-0.1183008713
-0.3275965817
0.09390134225
-0.12752757
-0.2082841054
-0.1770622154
-0.314768523
-0.04287689021
-0.3292501122
1.13321041
-0.2164795268
-0.2886620507
0.2892433662
-0.2132919677
-0.3179559998
0.03790583573
0.6020721301
0.3154474594
0.619586619
-0.3054977991
-0.4618357703
-0.3657635167
-0.1280676749
-0.356347011
-0.2329895213
-0.1772032168
0.8455260545
0.04208329841
-0.1370780196
0.1546091158
0.573500067
1.639911735
-0.2753170822
3.602903962
-0.3719132438
1.736179292
-0.2809800096
0.2303832842
-0.3788178042
0.1165772425
0.3850709327
-0.3171523996
-0.5161254376
-0.5553320214
0.5267385624
-0.2320878558
-0.2498481594
0.4022950999
-0.3905396253
-0.3082329169
0.2387421092
-0.04750433536
-0.2295938857
-0.2535776101
-0.3480055377
-0.1149418231
-0.2934622288
0.2027516298
-0.3471595094
-0.2913277291
0.4553674378
0.2823303312
-0.2363889724
-0.2938791655
-0.1732851399
-0.4138007209
-0.2550670758
-0.5288647681
0.4474488497
1.079291616
-0.1962781325
0.23929722
1.893256795
1.787188223
-0.2991164349
-0.05607366227
-0.09130146289
-0.3064201124
-0.2343180049
-0.04156519137
-0.03797665946
-0.2040015005
0.2781631606
0.1181438752
-0.2130236067
-0.577573052
-0.4232749581
-0.02177895079
-0.381949158
0.06656598197
-0.05444344725
1.856250483
-0.1029331632
-0.1873082031
-0.09318520576
-0.4510663718
-0.2406514831
0.5178548917
-0.16371921
0.3018584277
0.3071874734
-0.1559925519
-0.158459745
0.2674291894
0.5157209732
0.0793558035
-0.04894374218
-0.1638335463
-0.06551255612
3.825006843
-0.4247360036
-0.194926534
-0.2894443303
-0.2860772431
3.782147443
-0.09043826666
-0.03388239578
0.2667540554
-0.04639078602
0.03613572791
-0.04712259895
-0.2916163176
-0.5115675539
0.4904561661
0.3469286913
-0.006561620533
0.02453654259
-0.3818979129
-0.2674771793
-0.331992007
-0.2527864784
-0.2216029927
0.005687713576
-0.5067286178
0.2177280338
-0.04560545273
0.6805014357
-0.4616223879
-0.4603637114
0.8616518646
0.09708756059
0.1845417161
-0.213148801
-0.03399673423
-0.4329755783
0.7372968495
0.2124648608
-0.5133686975
0.3659139535
-0.3933996618
0.09600565135
-0.3670262948
-0.430258207
-0.3187034026
-0.2741731942
-0.1630911402
0.2043926427
0.04150145561
-0.2081664719
-0.3666347444
0.1602584589
-0.3315103754
1.535644418
-0.08765824046
-0.322693865
0.7076924264
-0.1837190911
0.3806407362
-0.1924426565
-0.2958575778
0.6094911039
-0.1075359619
-0.2842701193
0.3893293418
0.1692073651
-0.3221441343
0.619576098
-0.1479944464
0.01706930702
0.2108346062
0.8458675086
0.4333378255
0.2366067913
-0.01965313554
-0.2914347045
-0.4180082098
-0.0476320981
-0.02054053275
0.05468526836
1.296427279
-0.07750421492
0.3896607898
-0.01152896429
0.02279331079
-0.1670893714
0.2653379802
-0.357201311
-0.2189564444
0.7333192676
-0.01822518315
0.1889365803
0.2111009568
-0.1762613047
-0.2485964566
-0.1097151458
0.4055272982
0.2612860779
-0.4340294406
-0.4655931458
-0.5600519121
-0.3620726079
-0.2793160588
-0.2847500578
0.3382191543
-0.1744428278
1.211825448
-0.2051723378
-0.1420707244
0.02358996011
0.11256144
0.776726824
1.572284225
-0.4262173265
-0.2374974325
-0.05264365072
-0.09447370246
0.8247479767
-0.1822861407
0.823052603
3.705065501
0.1562594928
-0.3262641624
0.007097630482
3.242350054
0.01154064648
-0.1988133691
-0.5336624503
-0.2184067823
0.1804695541
-0.00454100864
-0.006152097322
-0.1502969158
-0.2399839684
-0.1367578582
-0.07813197579
-0.08939027889
3.665437937
0.08716160343
-0.1470491733
-0.4873421788
-0.2328367624
-0.2393722376
-0.2384356953
0.9901626185
0.411651022
0.06363776177
0.08312310725
0.2094806185
0.620866476
-0.02658235393
-0.06352528245
0.07947964231
-0.2886374824
0.09297620114
-0.07850435004
-0.2081241854
-0.03428660324
5.301688838
-0.1238191003
-0.2872134842
-0.04638927598
-0.1762684921
0.1939324144
1.906449193
-0.08494420364
0.5690708481
0.3228790123
0.6122079127
-0.2775295749
-0.258443098
0.2202994496
0.02464052206
0.2345520614
1.243344392
3.573872817
0.955191949
-0.4670232102
-0.03432384948
-0.3671571225
-0.5307071596
-0.305512163
0.9067606702
-0.277032169
-0.4233737692
0.3723997155
0.09608920813
0.2207681917
-0.05508506652
0.1218767797
-0.2869269669
-0.457326223
-0.056085994
-0.1297267079
0.4871085592
-0.01325352043
-0.1914620792
-0.2558478117
-0.5349408895
-0.35796047
-0.540213576
-0.5835865706
-0.3564764172
-0.1857333716
-0.08239444066
-0.2914784171
-0.4739084005
-0.4210227281
-0.266370175
-0.2840228781
-0.15915267
-0.3199612677
-0.3704621539
0.7295905694
-0.0555553345
-0.3745831877
0.04284749797
0.05104787713
-0.08778753439
-0.1375588126
-0.3539851159
-0.3301485524
-0.3880168155
-0.1635416545
-0.2726729132
-0.1140378598
-0.4581119791
-0.2988025583
-0.4602258608
-0.3982753128
-0.1402421542
-0.1241914309
0.03753129849
1.410858727
-0.2532743655
-0.5518987864
-0.1166183427
-0.3395598412
-0.4630384132
-0.3000773892
-0.2827119544
0.4649108306
0.2376210745
0.5035490379
-0.4444968835
0.157591307
-0.1914263804
-0.1073017882
2.676274133
-0.1286250796
-0.02346671186
0.7763841256
-0.3130129308
-0.3094508551
-0.2772439964
-0.5189803585
0.1884725261
-0.09594515339
-0.4688637108
0.5123914354
-0.08003623178
0.967512884
3.033690608
-0.2041528001
-0.5150274619
1.386062735
-0.2021848053
-0.6072332725
-0.5810012698
-0.54235228
0.1842248409
-0.4713104486
0.2862220287
-0.1216437086
0.1882956976
-0.2092861898
0.849162975
-0.3414264053
-0.1300616879
-0.1180125495
3.296091068
0.2342771366
-0.6197136924
-0.4486980602
-0.5616579413
-0.002260768786
-0.4808938816
-0.3184118927
-0.6014907151
-0.6408257335
1.082146847
0.2923447914
-0.3861321807
0.1532203438
0.01959051336
-0.04949424453
-0.3088013008
-0.4425383955
0.1198988076
-0.2705856413
-0.3776510954
-0.353090626
-0.03030757587
-0.4254706264
-0.3608849511
-0.1413359729
0.4399938628
0.1485172598
-0.1418998096
-0.2043571662
-0.2806503363
0.1668916588
0.0172403682
0.5317201495
-0.3913301259
-0.1878246557
-0.1741010688
0.04453152705
0.1926926104
0.3843491763
-0.03869923796
0.0561713866
0.221501555
1.409317195
-0.2770558976
2.223895398
-0.08820172697
-0.3528579578
-0.041285442
0.1867178089
-0.1280897427
0.4714743935
-0.3413696453
-0.2272287175
0.03650619239
3.205216843
3.783027482
-0.2168187473
0.7642175317
0.01462779008
-0.314374885
1.315577185
-0.1723514304
0.6524691433
-0.1424599998
-0.20839606
-0.3570053667
2.164543521
0.4481292203
-0.3328921765
-0.4148643628
-0.3772493079
1.030194694
0.8719288692
0.7701847643
-0.2558659136
0.0514674807
-0.03402557559
-0.1718522787
-0.03149722368
-0.09633005783
-0.2032869007
0.02715066727
-0.3903464049
-0.1369241379
0.2985854508
-0.3849858195
0.3357723307
-0.43492558
-0.2046909899
-0.2962527707
1.087569878
-0.2293793455
-0.2573980197
-0.1550785072
-0.4255710497
0.1367525291
-0.2627319477
-0.3047036715
-0.1531881973
0.6495911248
-0.03754036874
-0.3122745015
0.4303244285
0.01525885463
2.072550172
-0.210750127
0.1050938041
-0.2617360994
-0.4201863319
-0.5415440932
-0.08631579708
-0.2853848193
0.08898625243
-0.2551798843
0.3442041073
-0.08376333527
0.9000597537
-0.1108161263
-0.001512514567
-0.2624824256
-0.5710637018
0.9476454496
-0.1173456246
0.5058685184
-0.1890183259
0.1621765762
-0.119433482
0.4000569697
0.02919833381
0.6368916169
0.5080668002
1.990632939
-0.3126980212
0.8815625548
-0.07189318016
0.1142232367
0.2760168612
-0.1037090119
0.05934259929
0.2486497472
-0.2928498037
-0.3282265201
0.002104854397
-0.08839872107
0.1623623781
1.532628264
-0.4316672757
0.5014863797
0.3351355143
0.5112736255
-0.04954859633
-0.3598003671
-0.03372334894
0.1642109741
0.0385062892
0.5292685196
1.604658109
-0.2929562531
-0.07556192353
-0.3186281249
-0.03200021964
-0.12125903
-0.03284011912
0.05412964746
-0.02705518734
0.4696440101
-0.09112159591
-0.1921025079
-0.1964092381
0.2003117528
0.4524635237
-0.2194866061
-0.2075597808
0.009639462829
0.003111806884
-0.1191432778
0.1732639082
0.09423833983
-0.2205048192
-0.03096186407
0.2655285269
-0.1122975849
-0.1862885699
0.2090167905
-0.3107029721
-0.04105840493
-0.2803758763
0.8150647357
0.1865086063
-0.3163549885
-0.2311484158
-0.06031048186
1.681673002
2.961525261
2.891089678
-0.3104823619
0.6121039987
-0.2256965604
-0.08624658026
0.1675781123
1.009777814
0.5258018225
0.6595943771
0.300088051
-0.307472837
-0.03635720816
-0.2698324792
-0.07061715964
2.351972544
0.5184924692
0.1105608651
0.3185674432
0.3697368644
-0.1376184829
0.2542434633
0.304363536
0.008839862514
-0.2083459783
0.2618747879
-0.1065605283
0.03599264137
-0.2507585868
0.4592873432
0.09317703275
-0.1753472239
-0.4579700083
-0.1655037947
-0.5363737762
-0.3520211697
-0.09936021101
-0.1115377501
0.9099020705
-0.1461223833
0.8202748537
-0.5593197167
-0.3943429813
-0.336469458
-0.1853808314
-0.1674893666
-0.1983857274
-0.0270764119
-0.3362498567
0.2401481941
-0.41608264
-0.3667080432
0.4935432203
0.1213309683
-0.1017507821
-0.3112026244
-0.4167103827
0.02425326286
1.045850977
-0.3593076289
0.3162147388
-0.5443509281
-0.2642312855
-0.1285427495
-0.3914806247
0.1709380727
-0.4496546105
0.07776978519
-0.2988668621
0.4021635532
0.03967177365
-0.3604262471
-0.2684031151
-0.4038839027
-0.3552220508
1.183614737
-0.07639758065
0.09115003273
-0.4425649121
-0.3742333695
-0.4752625242
-0.4810342506
0.08299330622
-0.5657887056
-0.3653639361
-0.3170609526
-0.06968095861
-0.5941031873
-0.3271889299
-0.1666175287
-0.1459793177
-0.4822357357
-0.2293727413
-0.4225086182
-0.144121103
4.155518079
0.201588707
-0.2832430616
-0.4791106015
-0.4507203192
-0.3301283911
-0.07836118452
-0.5166487053
0.0004804665223
2.414451718
-0.3803462729
-0.4051464066
-0.1312460154
-0.1915883318
-0.441215156
-0.2307731409
-0.4638638258
-0.4165489689
0.5195130385
0.06131608821
-0.3603275612
0.1608611543
-0.3753360718
-0.4998576462
-0.1960521325
-0.246096015
-0.4390981302
1.286554891
-0.1746279255
0.739170488
-0.1699501812
-0.1821392681
2.289870453
-0.7556348085
-0.1480722103
0.1955137867
-0.4027824879
-0.4180094957
-0.2074847654
-0.192447082
-0.5303715914
1.118029553
-0.4803589821
-0.377329582
-0.2641887344
-0.2703054033
0.2141255314
0.399062467
-0.4700504035
-0.4349166662
0.5333658323
-0.1472549081
1.040994698
-0.06393683879
-0.20740484
-0.5811354756
0.5433043944
-0.3533017591
-0.3802006841
-0.3199132711
0.341833131
-0.09648767468
-0.2997892648
1.199525335
-0.3445670359
-0.00336641157
-0.3481585898
-0.06184752174
-0.08001056667
-0.3156107277
0.1835827523
1.529481976
-0.1739277247
0.05463631474
0.2530770622
-0.1834582936
0.3685790502
-0.1548040852
-0.3960458875
-0.2164361738
-0.4315802813
-0.639876999
-0.3472517177
0.1874933558
0.09142501354
-0.2822866969
-0.1859588772
-0.393951565
1.291069025
-0.3520772308
0.6453115135
0.5421785548
-0.1077085191
3.466290468
-0.379375948
-0.4894788578
-0.1273013622
-0.4667060077
-0.4717960373
-0.4010124072
-0.09541173857
1.25542874
-0.2371166267
-0.2024692506
-0.453687124
-0.1161419716
-0.1404741142
-0.3816185489
-0.4044624642
-0.2938727982
-0.3861071311
-0.2813088141
-0.2226141915
-0.3075872868
-0.2445447139
0.05911603197
-0.4298426956
-0.4054160774
-0.2302481122
-0.3251090452
-0.3480742902
-0.2054189093
-0.4948348492
-0.2618581429
-0.148510588
-0.4978867382
0.5148447931
2.304174173
1.863643599
0.07077007601
-0.4619372025
-0.1965248421
-0.4229657695
0.7748391889
0.7269805267
0.2778911917
-0.131497946
-0.3852580681
-0.1070235662
0.6533406354
-0.09129522182
-0.1996947248
-0.1441995667
-0.1222490417
-0.1708901852
-0.3605328694
0.3393704548
-0.4839907184
-0.6510731429
-0.2902340978
0.1666866131
-0.1555365719
-0.4466442421
-0.2411812514
-0.02073301189
-0.2848376974
-0.4383019537
-0.3728399619
-0.2887184471
-0.4498702556
-0.2545781069
2.501446915
-0.2830193035
-0.4274744853
-0.2319366742
-0.2413431685
0.0599795348
-0.218605914
-0.2475910515
-0.4474834993
-0.418563889
-0.4286886245
-0.4328949407
0.03349787369
0.2311944751
-0.2331506617
-0.4836295396
-0.261169982
-0.2281069085
0.05926815495
-0.3216314971
-0.06189149763
-0.149829673
-0.4458073899
-0.4301686391
-0.04461324839
-0.4416951105
-0.3072790705
-0.333045648
-0.232113196
-0.6741166264
0.1306324963
-0.4827169195
0.5777170606
0.5385146856
-0.5879127055
0.1192537232
-0.2273709811
-0.2823726878
0.4937160797
-0.2273511574
3.703212059
-0.3869792312
-0.01878425162
-0.4417932674
-0.02410340855
-0.3744006142
0.4328885123
-0.1915129501
-0.461413157
-0.09588656356
-0.1807055332
0.1724002961
-0.373525849
-0.1310061782
-0.3255995892
-0.3156368174
-0.06928079342
-0.1569809018
-0.1704482518
-0.3845472872
-0.5188207701
-0.5771536663
-0.3680592746
-0.02537565031
-0.592719844
-0.3565036878
-0.4434628353
-0.3879344895
0.1800166707
-0.3850573823
-0.2741763934
-0.309489195
-0.5388937831
-0.08107379656
-0.2797770575
-0.1887428086
-0.1136631409
1.262986434
-0.4271138981
0.2283754583
-0.5605182528
-0.1987324387
0.09037901624
-0.3529679045
-0.3596371219
-0.1244566215
-0.4406042829
-0.251715932
0.09977340517
0.5976316422
0.1274206337
-0.2615024708
-0.3081271946
-0.1751017287
-0.4826552004
-0.2140185475
0.7900682598
1.372805725
-0.3132825121
-0.5100717694
-0.3266179875
-0.5428147018
-0.1754895821
0.2397757262
-0.3416967943
-0.3058325022
-0.4333267108
-0.3094955079
-0.2696114235
0.02248489037
-0.2475044474
0.1204969274
-0.2472498126
-0.6245191291
-0.4870436564
-0.5020778194
-0.1451068457
-0.6039995342
-0.6478929281
-0.2937478408
-0.2335348003
-0.5625274658
-0.09083766863
0.004544221656
-0.4284374774
-0.2611486174
0.3301995371
0.5643294238
-0.3053687714
-0.3603980333
-0.3082882628
-0.1676665138
-0.225288219
-0.2654998943
-0.4364847496
-0.2288280271
-0.3804799438
1.280691734
0.5360983595
0.07203397499
-0.06780413296
-0.05303825326
0.3341339789
-0.1988116786
-0.4176784009
-0.009850196354
0.5970251642
-0.22997903
-0.1174918288
-0.5785338879
-0.4257794425
-0.5097987697
-0.5252895012
0.7133492395
-0.1522008657
-0.3973138794
-0.471354124
-0.3336388074
-0.5059762746
-0.04021302601
-0.3249574669
-0.3784812182
0.6780932054
-0.02370528542
-0.4646794006
2.642707735
0.8596414983
0.4106175113
0.3726315726
-0.2490732312
-0.4604849815
0.3182266925
-0.2886718094
-0.3138831601
1.631352273
-0.2231449932
-0.2799781926
-0.1495644972
0.5225837365
-0.1903123915
-0.4388317153
-0.2952928752
1.642280814
-0.07722334689
-0.1903851757
-0.3850640878
-0.1774929788
-0.2971182367
-0.4249323502
-0.3829686895
-0.3344287053
-0.3950254947
-0.4210939601
0.5454490917
-0.4996232256
-0.6191250667
-0.1942108091
-0.02939634686
-0.2780424334
-0.4946571708
-0.2537394188
3.765407598
-0.393722944
0.8453398213
-0.1291904798
0.3152118027
-0.2639518596
-0.2975428358
0.7725754336
-0.04239462623
0.03392986935
-0.2062010847
1.202876016
1.406636877
-0.3650593042
-0.2624396928
-0.001838533953
-0.3003472857
0.3165326871
-0.4179419115
-0.2582485951
-0.1356452511
-0.3112411134
-0.216231057
-0.1160341162
-0.1400930667
-0.2982565261
-0.06776891612
0.7194700763
-0.3437281102
-0.01365233129
0.2841867282
0.01747273188
-0.3201484494
-0.395068039
-0.3473827019
-0.398945874
-0.3559863374
0.04077432565
-0.07633945541
-0.4512060672
-0.4811558634
0.4943082087
-0.2534152612
0.034971519
-0.3615102962
-0.4548214227
0.8842672765
-0.1779028609
-0.3719608516
-0.09589635637
-0.4546016619
-0.2445972014
-0.3588453338
-0.2645789791
-0.2236162907
2.547028399
-0.2609727301
-0.484802188
0.1101582658
-0.2631744467
0.1171122178
-0.4889749691
0.4334469989
-0.1893774319
-0.1180439577
-0.3295144811
-0.2774619579
-0.1485688627
0.3715519965
0.2538109052
0.1335775333
-0.3184447356
-0.04352142778
0.1377860902
-0.4695406288
-0.3977656826
-0.06673726588
-0.4086373404
-0.1200177001
-0.3940060765
-0.3361384347
-0.4454575405
0.134787168
-0.2607441314
0.1168957341
-0.08212072384
0.1606970558
2.010521686
0.8041788645
-0.2829006944
-0.1348183535
-0.2913953051
-0.2288427696
0.08793073948
-0.2027963042
-0.1151880395
-0.111718573
-0.09288736922
-0.3033113971
0.9948107064
0.7230921149
-0.2599842481
-0.1238481563
-0.3256703123
-0.1442127973
0.432608138
-0.3204013988
-0.2823647238
-0.2958577611
-0.4767652303
-0.1955141135
-0.2633700892
3.065735471
-0.3856302425
-0.5018459275
-0.1643543199
0.04035809664
0.02285903348
-0.3651989847
-0.3712726295
0.2705978326
-0.3439680785
2.264114898
-0.02046363242
-0.2194441527
-0.104610362
-0.4326659217
-0.1172122447
0.01509334706
-0.2682784669
-0.3842688769
-0.4289859936
-0.394665911
-0.2556201868
-0.4221809909
0.1670745334
0.03269193005
-0.06732504666
-0.09480830948
-0.2665509924
-0.3007355794
0.2000353775
-0.1345960329
-0.08902070317
0.6164361373
0.7134367257
0.6508676203
-0.3248656571
0.3033230249
-0.1013899246
-0.152195029
1.877643448
0.2534881059
-0.509775269
-0.1662093066
-0.2659557417
-0.220875961
1.615103981
0.1632836444
-0.1883547083
0.9071376942
-0.1584720066
-0.4966695026
-0.3640126348
-0.3053424239
-0.03500319766
0.05955464784
0.2880881492
0.01303814519
-0.2625028096
-0.2807506166
-0.5954163745
-0.2630978845
-0.1640713706
-0.5737748772
-0.2062330332
-0.3474122502
0.3907018283
-0.253515128
-0.4015601113
-0.2864345983
-0.3606181771
-0.1528487526
-0.4422668487
-0.3104938135
-0.4745826691
-0.4679755315
-0.2202072605
-0.128745022
0.3969201392
-0.07754546981
-0.4447303012
-0.1040344834
1.072292605
0.08246039003
-0.1391672827
0.1100283804
0.8159801647
-0.08816266507
-0.06994053214
-0.2324630246
-0.503985554
-0.3729991615
-0.3308460563
0.5771553162
-0.2800560392
0.2220031273
0.04622954661
-0.08595096152
2.029114962
1.348459783
-0.2809034318
0.004677586537
-0.3198388681
-0.2423639812
0.5266549781
-0.03725501671
-0.4196743295
0.163702291
-0.181476631
-0.3122714415
-0.169414913
-0.2757129282
0.5374730155
-0.275289081
1.830641705
1.279946207
0.4479554571
0.1568331805
0.566227214
-0.01070359657
-0.1136314779
-0.2297459178
-0.2048083171
-0.2312165409
-0.5172260627
-0.2160961628
-0.1353352718
0.07084185416
-0.3304643229
0.4459110461
-0.01324223476
-0.1602543419
0.09485302269
-0.3235692814
1.508692735
-0.2505785249
0.1431958705
-0.3527525246
1.851459312
0.2211654812
3.221564949
0.06413329821
-0.5332231939
0.2384721006
-0.4204036355
-0.2500829615
0.2274176124
-0.2178833351
-0.4137775332
0.04682014799
0.0166168855
0.0435165395
0.5859447524
-0.02378718648
0.5514858782
-0.1288015131
-0.1316785017
0.3456644863
-0.2730975799
0.1088856747
-0.1971179657
-0.3850409314
-0.2784434855
-0.3235996842
0.7506246194
-0.171623796
-0.3966109842
0.156127359
-0.1818353813
1.55745419
-0.3160403989
-0.11061651
-0.4832347915
-0.01619729213
-0.07578057721
-0.3117547125
-0.2657702602
-0.1985202294
-0.5367849171
1.33624064
0.323426237
1.341815707
-0.1140906445
-0.2035625614
-0.2764913708
-0.05812572273
-0.06871092222
0.378294781
0.0970244403
-0.5165855557
-0.09436887912
-0.2943180898
-0.06642626072
0.4717076238
-0.212093943
-0.3496206596
-0.1328471307
0.1660312944
0.9735714257
0.1691157049
-0.08236513697
1.028005306
0.5912249938
1.710902297
-0.02733703787
0.6223112166
-0.5166244969
-0.06902365871
-0.4408915624
-0.5087550506
-0.4721288994
1.225537011
-0.2182738446
-0.1618794918
-0.0875536928
0.4134544283
-0.1007293329
0.7155983023
-0.4728031859
-0.4028128192
-0.2420629922
-0.1753267977
1.015212712
-0.2612974174
-0.2108395895
-0.4293503135
0.1242322786
0.8158046603
-0.1918439921
-0.3703574166
0.2340937124
0.6983427711
-0.1819830097
-0.1979158193
-0.2258925125
-0.05610911418
2.489976519
-0.1333641324
1.336166063
0.3306226216
3.038691306
0.3062996468
-0.244730588
-0.3803537771
1.123941182
0.005499274237
-0.2715287387
0.1345459475
3.038310158
-0.3220293283
-0.09135862524
-0.05455799848
-0.2348366022
3.485119295
-0.1743945196
-0.213842243
0.5977862179
0.01463592956
2.787477505
0.749560608
-0.3240191713
-0.3968460962
-0.2645326212
-0.1791878175
-0.3031630471
1.829758742
-0.2661579449
0.2211402234
3.339936662
-0.3036772318
0.05474738665
-0.1434681013
-0.2003178179
0.2653237468
-0.09027443649
-0.08828062229
0.6984407745
-0.1723630905
1.796990064
0.3142963697
-0.3916612342
1.16583166
-0.4041584745
-0.310241954
-0.1204688269
-0.1243064519
-0.1913516667
1.05432021
0.6259376734
-0.1596973315
-0.02053411915
-0.3028634638
0.02544503361
-0.07121969201
-0.1548014961
0.2074511614
1.607409644
0.1847245686
-0.1324147416
1.158058333
-0.06916867811
0.09094696995
-0.2788068615
0.03759341734
-0.3448759854
-0.4081101611
-0.1380738838
-0.3517160088
-0.2411524437
-0.2334892631
-0.1529049333
-0.185205153
-0.2578800373
0.3864038669
0.9449071199
0.1977051452
0.03385912515
-0.306324283
0.09035832109
-0.01515300162
0.1663280699
0.1024028343
-0.2529915586
-0.2922844365
0.1863706615
0.5012576878
-0.2113333415
1.46696724
-0.1904405598
-0.07840313949
0.1572029414
-0.06561896475
0.2853964217
0.07968801567
0.03378743157
1.340147412
-0.3671635672
0.3829103865
1.252183421
0.2123875601
-0.2750467777
-0.07514514802
0.7303611018
-0.1688457988
1.137867153
1.334642389
0.49344132
2.701502848
1.375970983
-0.3504692569
-0.05209279079
0.7028267093
0.9747314751
-0.1063873432
0.3164005075
0.5963878363
0.2338237738
1.787872994
-0.1647460029
-0.1032153957
-0.1973528765
-0.3457241803
-0.3953324795
-0.313286981
-0.5108408913
-0.4398934513
-0.2778505355
-0.3418827951
-0.02532545403
-0.01763423006
0.006789130997
0.005068110116
-0.2648563316
0.05274220305
0.479259371
-0.2681997947
0.06227475789
0.2371645521
1.090741187
-0.3711025998
-0.002987269498
-0.3388843335
-0.3609957412
0.06957806554
-0.4285542578
-0.1129632968
-0.5275814041
-0.1778366694
1.469612139
-0.4138009623
-0.08119825236
-0.08959543323
0.1697337027
-0.2244072929
-0.2058226533
0.1368093381
0.3291403085
0.03779824637
0.4502846114
-0.4841044873
1.99698638
0.9994263619
-0.02488542735
-0.01979548698
-0.01520440383
-0.1677395605
-0.03740687035
-0.4329988502
0.8941735551
0.3192788415
-0.05756423464
0.1554567139
-0.2597320989
0.709042269
-0.1496212248
0.8785761803
-0.1855758686
0.9105670124
-0.3151020005
0.2001825867
-0.5118466407
0.6541726902
-0.07955690734
-0.06704801819
0.06853801943
0.2758142542
0.4947496491
2.566983962
0.1413746181
0.573910024
1.821412244
0.8927740943
-0.1153309479
0.04014402917
-0.32548199
0.3461402468
-0.1846657474
-0.3254369363
-0.3662134409
0.7871358845
0.1191448592
-0.2060609169
0.3650816463
-0.2414906984
-0.3686713144
0.5432059675
0.1880843467
-0.2878954619
-0.5802130297
-0.05872056447
-0.2169409081
-0.3091559097
0.5216785148
-0.4145249143
-0.2042803425
-0.1762112379
0.2282760473
-0.3758698732
-0.4554046094
-0.2864998393
-0.4742101192
-0.5240601644
-0.1926675761
-0.3264228225
-0.6295283467
-0.2968980372
-0.2736529678
-0.409440589
-0.1295187235
-0.2930332482
-0.1935180932
-0.1273424644
-0.3728346258
-0.3292276926
0.4131117458
-0.2881110758
-0.02527273558
-0.4048088521
-0.4317769259
-0.5024053305
-0.2601525687
1.254838815
-0.2311732762
-0.2552141987
-0.06078008004
-0.3796504349
0.7406509534
-0.3051065773
-0.1077134276
1.63364
-0.5093510926
-0.508812952
-0.01003983188
-0.1572518572
-0.1816800028
0.1266603391
-0.3821147248
0.6614396259
0.03328773836
-0.1417104581
-0.3068239294
0.04726584486
-0.4590832964
-0.2652813025
-0.4669501543
0.6542620353
0.1574914682
-0.1881885582
-0.01820231518
-0.2013242546
0.2845707465
0.1995324731
-0.4901074469
0.0498548598
-0.2836509682
0.2839132525
0.3981093667
-0.2165205583
-0.1471130226
-0.3857956037
0.2455353178
-0.3041314751
0.04455380756
0.2000700314
-0.4071133405
0.2570219368
-0.3613242492
-0.4435537323
-0.1285462904
-0.3521427691
-0.2329154842
0.833530198
-0.261820434
-0.3794894934
-0.4734887466
0.01225736588
-0.2393729173
0.1668655434
-0.340387547
-0.4963984624
-0.215786659
-0.04501680303
0.01432951521
-0.2591291241
-0.2299616486
-0.5819146112
-0.03318154886
0.7611625679
-0.4834314033
0.08948789313
-0.1109840021
-0.2767612472
-0.3059912413
1.140213272
1.270074299
-0.04139000308
0.102255788
-0.2384851627
-0.0564152359
0.6124499798
-0.1514035825
-0.1483681984
1.591178805
0.02692904538
-0.0844019548
-0.4080912575
-0.2616324641
-0.2564227447
-0.5584627107
-0.02196968514
-0.4218187347
-0.1915932819
0.4007739041
-0.2169686751
-0.2283814177
-0.08660040908
-0.2727691986
0.2373884225
-0.04614570243
-0.3021742113
1.064075489
-0.134760638
2.421263704
-0.1403839715
-0.3744638622
-0.1835816642
0.1120871585
0.3487116098
-0.2198850237
0.2130068887
0.2986837782
-0.2728760295
-0.348725614
0.02252776697
-0.09096165374
-0.154100116
0.3417508475
-0.2865001209
0.3524079099
0.525789335
0.8577850401
-0.4567164764
-0.3047814742
-0.224243167
0.005398546159
0.4728870511
-0.1474834144
-0.1765593458
-0.04445351483
1.905371839
0.7552731574
1.010183775
-0.2030512162
-0.1454051748
0.00178443864
0.3133542471
0.2800496969
-0.008184585907
3.075391752
-0.2716024451
-0.2661191463
-0.2447483301
2.541272509
-0.008702675067
0.3405330278
0.00724853538
0.02487918199
-0.3283805229
-0.2535478868
-0.04265575651
-0.1971587032
-0.07881211955
0.7321605772
1.78345499
-0.3668521449
-0.3071104333
-0.1920421943
0.108289412
-0.3423073836
-0.08896453744
-0.2646449424
0.3735160276
-0.0394403195
-0.02485508826
2.469918978
0.04976882245
-0.2425383516
-0.15055742
-0.1366884187
0.02209923249
0.4824051209
-0.4582848132
0.08355094297
0.08284637602
1.607232159
0.5418106761
-0.4173583239
0.3761500858
-0.16321976
-0.08615918397
0.4221550122
-0.1766957989
0.1263062146
0.7997041069
0.4557938933
0.3873489209
-0.01101450548
0.4470721249
0.1515046943
1.090059048
0.8912241697
-0.1548356757
0.14404384
-0.4118581235
-0.394292216
0.03914795071
0.05336521864
-0.3907501742
0.3889921255
0.2485726926
0.0217673325
-0.1364897329
1.187792352
-0.002931306325
0.1769588023
0.3530377097
2.064923865
0.02204095032
-0.1872284211
0.00833089645
-0.001341335196
-0.2016592778
5.332093477
0.06924329568
0.04668244866
0.01870695474
1.68851487
0.7335169271
-0.1669589501
-0.2524906106
-0.2021992002
2.056094861
0.46882095
-0.3616969019
-0.5034194037
-0.03873417503
-0.3490608931
-0.1695156246
0.1016334149
-0.04880245887
-0.1438483398
0.01429392863
0.1453459083
0.1793698665
-0.1178498039
0.08559516734
-0.1923971705
-0.2722929277
0.9088275969
-0.3688924342
-0.3356889576
-0.3559734836
-0.2710633531
-0.1638872236
-0.4184477836
2.76611411
0.2944542078
0.08866145033
0.09679801548
-0.2410248168
0.9638466194
-0.2119814809
-0.1374866955
0.3394535894
0.19126576
0.316719576
0.745334816
0.2346916219
0.02675438505
0.9273826033
0.06150334682
-0.09580222964
-0.2217025749
-0.06455602665
-0.2744251944
0.1859653487
0.05544581115
0.018108257
1.034608415
-0.2378241681
1.104581809
1.008611266
0.682518138
-0.04545492642
0.4216832049
-0.2355805509
0.5947789073
0.1695413217
0.6948005393
0.746913369
-0.2847960025
-0.1981556918
0.0884403504
0.08109933832
-0.1378669862
-0.05686981641
0.03159488449
0.1991410937
0.2334016476
0.6618024252
1.388590068
1.544214797
0.5586801745
0.0262824839
-0.06994522
-0.03649649331
1.171932665
