-0.274650117
-0.5376816891
-0.1361610819
-0.5134512961
-0.5413291216
-0.7667529061
-0.1575224245
-0.7134516597
-0.5583057538
-1.131261328
0.03361688759
-0.714668633
1.30502277
-0.5043126851
0.06670304877
-0.6404975146
-0.1452192938
0.2327534128
1.174585649
2.202727455
-0.1067313377
-0.6026316002
0.05151507854
0.367203874
0.6033479266
0.07168834992
0.6684275776
1.576120174
-0.8793847024
-1.190064889
0.2962816925
0.4636287017
0.4224307593
-0.2830820618
-1.260336298
-0.1472532783
-0.6817002043
-0.348905902
-0.1880286539
0.1342893916
-0.7961907983
0.08798446143
-0.5460142776
-0.5273041129
-0.5000854164
0.1436157957
0.3735498463
0.7791560471
-0.4370352857
-0.1752115313
-0.2432931816
0.5271539304
-0.08436045218
-0.1874279153
-0.6624824941
-0.9625260979
0.3160856001
-0.7760774076
-0.1973559465
-0.5105136424
1.534767735
0.2223721003
1.518297318
-0.6416560039
-0.159012676
0.407310389
0.531262701
-0.1358407922
-0.5238879293
0.4762445986
-0.3586440988
-0.4397015184
1.368924791
-0.2807766205
0.2540098898
-0.4284473948
0.6374809213
-0.456042999
-0.07868066295
3.390364265
-0.7413898498
-0.3037333496
0.3887481838
-0.1672733828
-0.2603802703
-0.1595616689
-0.3424008029
0.03906503376
-0.2685660601
0.6637492135
-0.1454669155
1.595195258
0.3313281983
1.69948754
2.722734392
-0.6964077055
1.369195437
-0.02749746479
-0.4226368979
2.926038754
0.1374645803
-0.4178726286
-0.4506686524
-0.691213768
0.2918016819
-0.3143555701
-0.49311032
0.004808304086
-0.2228626498
-0.3229356129
-0.2889615186
1.762787032
3.04965812
1.378803149
-0.3765609086
0.17361889
-0.3788291305
1.038650654
-0.5673889987
-0.3809748391
-0.9869490534
-0.7433235943
-0.6814100206
-0.5351679206
-0.7295277253
0.2041492357
-0.1361547314
0.05100576431
1.118811533
-0.651136519
1.25849877
-0.7676053911
-0.3663819242
-0.3538817905
0.05942738196
0.624276828
-0.3381435424
-0.5993227363
0.6611507475
-0.7048952684
0.03267894723
0.5263834007
-0.512664631
-0.08325356394
-0.04279544484
0.8323722273
-0.477217111
-0.1199668439
-0.2486601443
-0.08362954641
-0.6872017518
0.0463033529
-0.4607005104
-0.571080479
-0.3201979712
-0.9800494611
-0.4539199792
0.7297666401
-0.3317834318
-0.09199941792
-1.059789008
0.4409798207
-0.2361353058
-0.06672262847
-0.9570204586
0.2123953247
0.02678051703
-0.4839805678
1.007795054
-0.7430967763
-0.325088241
-0.8491480023
-0.5869481772
-0.249447915
0.2763121573
-0.5631413803
0.5737230316
-0.650520812
-0.1591925759
0.01435942978
-0.415454217
-0.1861090055
-0.1776023649
-0.2866806984
1.06413984
-0.02765665511
-0.6561321527
2.199156803
-0.005999680236
-0.2388200997
-0.258008437
-0.6917284273
2.237817603
1.270853305
-0.4778805509
0.7572939798
-0.09823813438
0.8829339057
-0.6283211038
-0.08379909894
-0.6576025307
-0.5091781482
-0.8525040299
-0.4815005593
-0.8371728629
-0.6646573886
0.8721248299
-0.1036536837
-0.5717194661
-0.08133701552
-0.3793741971
-0.2160822081
-0.2659055885
-0.6109553784
-0.6491246179
0.6006665938
0.5611601673
0.03103935532
-0.4582533214
-0.275898033
0.9874116659
0.5914419539
-0.3838518858
0.2697673403
-0.6086796165
0.07596045556
-0.9988188028
0.9589568675
-0.4023711637
0.322973193
0.349951116
-0.4268605031
-0.0906273365
-0.04824694416
0.09186893664
1.140213239
-0.1163905308
0.3263929449
0.1722965829
0.02734845392
0.3152189728
0.09354637116
-0.3863974564
-0.347185415
-0.7595253944
0.09556019604
0.126843111
-0.3003238678
0.7810687065
0.5116912186
-0.1181576217
-0.2580829138
-0.8506371945
-0.7927284896
-0.226437024
0.2208145605
1.707128054
0.08405810669
-0.6094297811
-0.1026340791
0.07162479507
0.5106810838
0.2611808285
0.2930487361
-0.2034647148
0.03739097826
-0.6566885352
-0.7408072472
-0.3409493826
-0.3583854727
1.041061834
-0.7574175388
0.8714723021
-0.2634680636
-0.7522483975
-0.3382024523
-0.3845175251
-0.3334744461
0.6746358961
-0.478853716
-0.4094096914
0.2102848396
0.4544335529
0.0006074848585
0.2680803677
0.09667802961
0.5542356171
-0.709430477
-0.4241307713
1.440099686
-0.807015425
0.02006491991
-0.6389905185
-0.4447582304
-0.5553740874
1.725429434
-0.570454213
-0.5358329177
-0.3701497886
-0.726286228
1.15559842
2.462702227
0.2222948366
-0.362880379
-0.1856628403
-0.5153030068
-0.1658650888
-0.08562489292
0.2147245947
2.866261458
1.539715856
0.3548881792
1.205500889
-0.6092823416
0.09020140227
-0.5500349432
-0.5816322751
1.319296321
0.8649900347
1.352397394
-0.007660591602
0.04974017628
-0.04421491977
-0.0005462935194
-0.1702439815
-0.6283024862
-0.04364173859
-0.6595313847
-0.1341368541
-0.2215779912
-1.13331095
-0.575669764
-0.1980542354
-0.6545872644
0.1800738204
-0.8982104123
0.08231345746
2.356434149
0.5547070391
0.6328607008
1.641748434
-0.4541824773
0.3396141484
-0.4409748316
0.49932037
1.91465019
0.20608689
1.137267169
-0.1319790151
0.599427858
0.5487836137
-0.4109914802
-0.6364779517
-0.6601923391
-0.7602498487
2.120979446
-1.109893978
1.638628018
-0.2444910286
0.4851783362
0.7616396382
0.264822299
-0.5079351507
0.3647427388
0.172393879
-0.7456104785
0.2319230404
-0.38993688
0.6774972782
-0.05076958891
-0.3176774565
0.3677618697
-0.9288366705
0.8850472599
-0.2540713068
-0.2713690676
-0.0248532569
-0.8268759117
-0.3046825342
-0.7669732213
0.331546402
0.5547725542
0.1454566688
0.06302875541
-0.7210937291
0.1359978997
0.08960880665
-0.6902509838
-0.4708498858
-0.2920468925
-0.7795427889
-1.007582387
-0.7632081598
-0.1064719347
-0.3996429622
-0.9642722368
0.2704422448
0.008814133145
0.5755666152
-1.045559546
-0.2103931753
-0.2031436987
-0.005847966485
-0.5423229098
-0.5437655944
0.6867325962
1.567953527
1.063396603
-0.2606580585
-0.6565491974
-0.1889130492
-0.6029376596
0.01190958926
-0.2019832887
0.8055950403
1.317925698
-0.7443296447
0.3971900068
-0.2467815429
0.378852807
0.6797897875
-0.3346488893
-0.1298901754
-0.1864939148
1.313759831
-0.02054942837
-0.7184679657
-0.08878665045
-0.5022909254
0.6292492166
1.483583033
-0.1853907976
-0.1927348467
0.02724320684
-0.3975763455
0.1309013548
-0.1547699066
-1.104109314
0.02096585426
1.042339875
-0.3883476563
0.9454302117
-0.561086303
2.54101246
-0.2489108983
-0.4982507326
-0.3504596319
-0.196340478
-0.7461774901
-0.3463166396
1.16575895
-0.09661692195
0.4499166518
3.189107978
-0.6843015656
-0.04372484274
0.1911671385
-0.4901358083
0.1145018323
-0.1805523071
0.1223475525
1.12534931
1.10293431
0.08026471529
0.09855862968
0.5549931467
0.7090465918
-0.4428098254
0.2173451107
0.9138080388
-0.1770002428
1.148094797
0.1670784716
0.9987743765
-0.187943354
-0.3225886766
0.264170678
0.1390281916
1.516283226
-0.7593015447
-0.46609478
0.009634354361
0.3669879183
-0.4523384884
0.1661672916
0.3236385647
0.1049385898
-0.3609750122
-0.9295386165
-0.392757199
2.26269834
-0.5254189316
0.6502480388
-0.06709925449
-0.4424711434
-0.2068744382
2.681480265
-0.8040000632
-0.4601241104
-0.1017697854
1.522717583
-0.7868113667
-0.4818788163
-0.3635228321
0.6613259763
-0.4281049207
-0.8832201272
1.133055481
-0.3340240361
1.385428068
0.2946293887
1.067422557
1.138486481
3.085881031
0.2359885813
-0.456999068
0.1685144609
-0.1674439887
-0.6051337615
1.148929754
-0.5073785245
0.3969372548
0.7831315517
0.2099873666
0.6449200004
-0.6052234739
-0.02240146361
-0.004222649895
0.4277455516
0.1752818869
0.9805021405
-0.5965706706
0.05457506012
-0.3744991109
1.064039075
1.311081672
1.305199325
-0.1865399538
0.4169797882
1.354163718
0.4254081376
-0.376561705
0.8112717435
-0.3287577954
0.9633870006
-0.08139584269
-0.6741481602
-0.6003963813
0.8652763605
0.4737613231
-0.2757591201
0.3802025732
0.249640708
0.7364302933
0.03946570987
-0.6725593835
1.112724885
0.8484661996
-0.9729421437
0.8246390477
-0.05166265396
-0.5889994077
0.0710736163
-0.2421768907
-0.4755884662
-0.5394470602
1.597964931
-0.05597998556
0.2957281392
0.01057943925
0.8009340182
0.6095284425
4.628910172
0.5428420007
0.5318932891
0.158022338
1.09718377
1.855790776
3.174177229
1.535066533
-0.5144441433
-0.1669749242
2.048638231
-0.2773897026
-0.01215437967
0.9997840077
-0.2564651076
0.5452061586
1.165328798
0.7503009319
-0.3356906783
-0.6961155519
0.9492470235
0.3933644261
0.3984618161
-0.04271816909
0.6553421423
0.1154191878
-0.4896913245
0.519688157
-0.4368517473
-0.8017884821
0.00470300559
-0.6305115834
-0.2882936543
0.6216958756
-0.2999450659
-0.01457284624
0.1463674972
-0.06183852712
1.01464172
1.093769127
0.7247504443
0.262781097
1.077517182
2.158502614
-0.05881329048
1.607438961
1.585551393
-0.1608623255
1.128651923
0.1731332812
1.258191416
1.140438178
0.447009179
0.6089202851
0.3954764172
-0.1691783004
-0.6424081221
1.137744555
0.2527420355
2.416074562
0.1624995344
-0.1328434449
0.4567829024
2.07089169
-0.1000499748
-0.5500081167
-0.5266545944
-0.6487058043
-0.7622932941
0.1067156556
0.1498329884
-0.06263451986
-0.4263264235
-0.1692207422
2.590927804
-0.2226071741
4.234438157
0.01411972167
-0.02639113767
-0.5026744075
1.783264494
0.3773693567
2.143830788
0.7504885599
0.1639590045
-0.07229928076
0.211342982
-0.3305291276
-0.2700124817
0.7260636628
-0.1787291333
-0.1317208596
0.4911524318
-0.4216001891
-0.993025893
-0.8930455118
-0.1729281081
-0.1318411779
0.2903406027
-0.5431371674
0.7180081174
-0.4743795961
-0.3515942797
-0.7892644078
-0.107210869
-0.601040931
-0.1198942218
-0.1107177768
-0.6159788117
1.019526437
-0.5538631856
0.2844778018
0.3919301338
0.02200086974
-0.3762210887
-0.6047293618
-0.2617683645
2.476462871
-0.182139021
0.04659519605
-0.6350384623
-0.2082905391
0.4388155118
0.2174106633
-0.5565628201
0.8629635543
-0.6478214428
-0.3686773837
0.7447730944
0.4292335171
-0.05035230117
-0.253170513
-0.1662651882
0.405797065
1.146924028
0.2349329697
0.72553121
-0.1725870965
0.6101666272
0.06427785549
-0.01347889937
-0.2607628215
0.7437044248
1.768617713
0.05579946465
0.08433499383
1.329920444
0.002550240606
-0.3706872195
0.6491614856
2.181119114
1.109817396
0.6025809884
-0.6534974888
-0.250663903
0.02823173138
0.6671675801
0.1862386853
0.2101453517
1.149702036
-0.2802971669
-0.7956960559
-0.3795340151
0.01235638782
3.115489006
-0.1985508275
-0.3137378205
1.400234228
0.1453354804
2.569991004
0.2277830971
0.05921057481
0.9077810287
0.01567191333
0.3202390656
0.7463048935
1.903819543
-0.01188018927
0.01234941445
-0.3994352065
2.033404851
0.5545814373
-0.3187651347
0.4440043527
-0.2018092148
1.154101756
-0.1253706767
0.9345918417
0.8647261471
1.92334947
1.15265072
-0.1390332665
-0.1923519647
-0.6508695334
-0.682729888
-0.4336387023
0.1251181548
0.5680188522
-0.3123835968
0.8210616976
0.02278476637
-0.1895185158
0.371387697
1.471154612
-0.2678094979
0.265965105
0.07226273883
0.8213919222
0.4055521781
-0.1565819722
0.1725256767
-0.1217255275
0.1166437394
-0.3240184891
-0.17338113
0.2614023834
0.3295195842
-0.06765445024
-0.8017153412
-0.01332596764
-0.08849853994
2.458954108
0.2304317554
0.9741630033
0.255630282
-0.0421625603
0.01782268141
1.102544045
-0.02171757445
-0.8210790142
-0.04178632926
0.1615413683
-0.74831319
-0.347609891
0.9852346003
1.988643312
-0.06817835737
-0.9813747197
-0.3115316873
-0.6131422289
0.04199399669
-0.6859187171
0.2011545714
-0.6062467456
-0.2213003149
-0.08923543617
-0.4165077642
-0.2614645
1.069788751
-0.6749444276
0.1620312164
0.03399523702
-0.3640367724
-0.1567519527
-0.2181737493
-0.376710429
-0.1608070426
-0.9996323228
-0.04341059625
0.8584053665
-0.4702828564
0.293106933
-0.4695472419
-0.4776877768
-0.7825208038
-0.1618187457
0.2513929827
0.8028206095
-0.02979591438
0.03249405809
0.1922516145
-0.05861263312
-0.3358408634
-0.1722935488
0.1027458808
-0.6005408883
-0.3488342911
-0.7038948908
1.609613216
0.1157723334
-0.4478907168
-0.4234817997
1.068437585
-0.02332881484
-0.4006177232
-0.4506270424
0.9143215716
-0.7281093612
0.7599942535
0.5633003205
-0.04578480381
2.152398229e-05
-0.1239097386
-0.1012681947
-0.1404017919
-0.4112226732
-0.6730157256
-0.4693304233
-0.03131674752
0.1218719594
1.254286867
1.241694936
0.2941528898
-0.4905267507
1.23489905
0.3913136933
0.9477916166
-0.6044006035
0.0120792862
0.3161505837
-0.246930569
-0.9559742481
0.1748957751
0.5223114017
-0.09337136927
-0.5752783269
-0.7769160733
-0.656157206
0.008464646805
-0.07235729787
0.04267293084
0.08011370804
0.1517657316
-0.06598133799
0.2309004493
0.1340699294
0.4017406236
0.5792323202
-0.1045558488
0.4649557561
-0.1802840972
0.4475784443
-0.01068743169
0.499625954
-0.976014024
-0.7022458345
0.4686958633
-0.572029689
-0.5346436352
0.02822029218
-0.7442548037
0.6963361859
-0.287161231
0.7461420089
-0.6226568654
-0.240029756
0.8441628873
-0.2995332886
0.8555890083
-0.311586006
-0.2372513404
-0.2601467099
-0.5506715938
-0.527552361
-0.3795758337
-0.1217656727
0.4083122749
1.024033925
2.187106651
-0.2091079138
0.5975177273
2.908085728
-0.404771471
0.8306642234
-0.009483004408
0.07412117529
-0.1781219613
0.708028397
0.7871085957
0.952611652
1.648914221
-0.1444198471
-0.346365945
-0.4656839386
0.3793383114
0.6564473584
0.290946033
-0.8690468937
0.2638448846
0.6574467421
-0.8641079903
-0.8967411608
0.434047007
0.4932855114
0.1690469105
0.0433497536
-0.2018181015
-0.2654124431
-0.2966674842
-0.2296126783
0.2093354596
-0.6559773058
-0.4098559357
0.6596452728
0.4776177872
0.2523327129
1.612548047
1.45662508
-0.5806495592
-0.6129079193
-0.7533692941
0.6344616935
-0.5867976941
-0.6336029731
0.9666471422
-0.002055922523
-1.009093878
-0.2335246582
-0.6409677938
-0.2363066843
3.685189688
-0.2489387652
-0.4700205252
-0.1416413439
-0.4542647213
-0.6109000325
-0.6007256463
0.07258252529
0.09878572882
-0.2726740666
0.0344941834
-0.6928927317
1.244931245
-0.5729818642
-0.8183049083
-0.3399638858
-0.1095106052
0.5687911212
-0.6560941339
0.02912124861
-0.06166667324
1.678070748
0.1824972037
-0.8740812987
-0.4490151122
-0.489934998
-0.950654614
-0.4476102337
-0.8757311195
-0.4795771919
0.08943216596
1.677313644
-0.2502145275
3.810055614
-0.2128178142
-0.07537281346
2.594107902
-0.6942800909
0.7459469885
-0.5898201033
1.230730122
0.9193476766
-0.07220426798
-0.2708787222
0.5626748592
0.4786305383
-0.3050928127
-0.3092635542
0.4355843239
0.3652056843
-0.3470042203
-0.7604542881
-0.141666879
0.06567393765
0.9074620456
-0.1686994441
0.3247060853
-0.3200051595
-0.03189877123
0.04909050185
1.45355646
-0.3896580122
-0.15464127
-0.3187724084
0.2382596847
-0.3368907399
1.733415556
2.01361528
-0.1845658578
-0.3737803288
-0.04561077394
0.8078646734
-0.1522628112
0.4043528214
-0.03036458008
-0.3667069169
-0.03847302888
-0.4951284446
-0.2900025994
1.607091522
3.704506075
1.968403178
-0.2759732766
0.01785466848
0.1742566156
-0.7770999849
1.543450081
-0.08716141242
0.1747351877
0.4394199222
0.2509738673
0.1888995361
1.841235423
2.379846835
0.3207785359
-0.3300313178
0.505558674
-0.1606545895
0.5714528345
-0.3057792127
0.2988187477
1.264494488
2.436980611
-0.3649265707
0.5301137373
-0.3035525791
-0.1170908555
0.9366679028
-0.3291593485
-0.07309268275
-0.67746564
1.663890749
-0.1763858835
0.003055977728
-0.6602998197
-0.8974508315
0.05143284528
-0.1404222801
-0.4639752991
-0.4506360054
-0.2006418264
0.07110049373
0.1134277577
-0.0008889179677
0.4682533078
-0.03663621303
0.2911852082
0.1691824926
0.04734856263
2.207584095
0.04195767357
-0.3313848529
-0.08981743585
1.459746951
-0.7083529502
-0.4037386924
-0.5989514589
0.2642663755
0.001838742523
0.2930339321
0.3196006078
0.4867356367
-0.2708603967
-0.2265938057
0.1169366438
-0.2321820829
1.074096629
0.9834623247
0.5710173361
0.06475250293
-0.3561735012
0.5782528855
0.2503664307
1.371770743
-0.2207053695
-0.07134626415
-0.5015445352
0.03076098897
-0.2958176382
0.6051888958
-0.7575184196
-0.4439769104
0.7182409965
-0.4122336198
-0.1667668587
2.500447822
0.01688470263
0.3668491188
0.6441464335
1.095467398
-0.04564122371
0.674987936
-0.2191795222
1.662808508
-0.3872120239
-0.5032248072
-0.2099441524
0.7656710014
0.2366472691
0.2134466651
0.0601476931
-0.6543343484
-0.8223270059
-0.3908831626
-0.06567191817
1.7171049
-0.1990901398
0.0473408456
-0.3816410016
0.008528933115
-0.8310205281
0.05017792098
-0.05296339206
0.3267400801
-0.2505644252
-0.04632223845
0.4043209869
-0.5020217441
-0.4734187964
0.4008499843
-0.04626679339
0.9439015746
-0.5699919835
0.01829311093
-0.5331984252
0.07516234899
0.9957994491
-0.0009457012638
-0.4282081157
-0.6267563552
-0.5086523846
0.9601535767
-0.6013901249
1.026705074
0.7553388491
1.15039213
2.820745015
1.179967463
1.500661463
1.131982869
1.369772655
-0.2521364119
-0.6829097509
-0.1670667786
-0.1794076908
0.0442604064
-0.8170828938
0.8783817574
-0.2560000129
0.187230523
0.489845559
-0.1811819703
-0.09854783341
-0.3990593612
-0.05621894291
-0.5513974175
-0.5443223655
-0.374847459
0.06157211885
0.707813032
-0.2103942785
-0.5242471635
0.1580185441
0.09867699388
2.026306689
-0.3647122465
0.1671739057
0.4889400855
0.1447865831
0.9498152658
-0.3709193915
-0.6301278457
-0.01517367754
-0.700092797
0.2314815392
0.5248353437
0.02153771054
-0.01894013411
-0.2323980305
0.04664206104
-0.6500524029
-0.8064903855
0.6481832296
-0.5582967654
-0.1236228733
1.244093931
-0.858939597
-0.1647802299
1.075887844
-0.5913799584
-0.3540426925
0.07807906969
0.9835713506
-0.0519743219
0.02614024859
-0.2260590367
3.176935923
-0.3690730028
-0.5861514106
2.666937399
-0.9099458784
0.5580776453
-0.7106030658
-0.7127463102
-0.300187581
0.1992103515
-0.327953162
-0.3333483733
-0.2246423367
-0.1865594544
-0.04697243264
-0.3248146344
1.641690844
-0.2563089833
-0.7408331305
-0.1757893711
-0.204705479
1.249628443
2.23504864
0.579986304
0.5471209005
-0.7341186732
3.257876456
0.1883020351
0.4998821855
3.333522701
-0.4600759737
0.002899786551
0.07879908402
-0.5931661859
-0.5044642463
-0.6112619236
3.611249888
-0.1668528486
-0.1543358785
-0.4860246882
1.685557681
-0.5679743871
-0.1210345928
-0.1860449184
-0.4779850364
-0.0777392216
0.009106229432
-0.1358374808
-0.7158280209
-0.05242584907
-0.05134564526
-0.4529737458
-0.6093519896
-0.004849917023
-0.436323528
1.435063243
1.422074798
0.06154667893
-0.1044969187
-0.7095402554
0.6884406745
0.005857439712
1.34896419
-0.8533551246
-1.071693027
-0.8899436623
-0.3817812761
0.04654212585
0.1945517242
-0.102945075
1.404570016
-0.5279285237
-0.481893073
-0.4594674185
-0.8561769739
-0.07838430367
0.09968547979
-0.4824351877
-0.2439947627
-0.408069244
-0.6729383558
-0.4466072433
-0.5190353438
0.1960968879
1.118473855
-0.2811191931
0.1871489597
-0.02070289515
-0.6473556414
0.1163153459
-0.7941008091
-0.313674961
1.145088193
0.7451973751
1.136059874
-0.3319964759
-0.262122446
-0.714218533
-0.4006108552
-0.7199267998
-0.3341026597
0.06747490522
2.229650378
-0.002967426693
0.2114644825
-0.09870462783
-0.1290025383
-0.6861941576
0.01093126424
-0.3486932013
0.8420077011
-0.3313525885
1.852473253
-0.5918835983
0.03824535608
-0.1091508105
-0.6845015347
0.3566147923
-0.2004088523
-0.2438161202
-0.414059265
0.4284273423
1.131634302
0.7218624651
-0.2535865815
0.09335437706
0.07028003624
0.9710632443
-0.1604263166
-0.2625170873
0.9955370635
0.6170773908
0.07671006098
-0.03495595306
0.03746728553
0.2537090146
-0.1106060581
0.05627016211
0.6250851482
-0.5220000237
-0.7222198427
0.4139834384
-0.6462876305
0.8718858793
-0.3050819367
1.382478178
0.2717214487
0.06776664676
-0.1475483835
-0.06759682037
-0.2470899772
0.01643092902
-0.6075473726
-0.1583685592
-0.2214092657
-0.5278780431
0.1166115756
-0.561350061
0.4064425178
0.2168633921
2.649071062
0.1616960753
-0.5925121889
-0.4430665232
-0.2402187232
-0.2334691178
0.4311405532
-0.199277126
-0.2913247451
0.1288652252
-0.1809559058
0.1720725894
-0.02691776892
-0.3890711896
-0.6867374122
0.3571720481
-0.1580535141
0.2086728472
1.111183169
-0.1126330642
-0.3090687782
-0.3042739045
-0.611681436
-0.09617124572
0.224645921
1.07500456
2.723957396
-0.6530678764
-0.1668600267
-0.09002056457
-0.8550355107
-0.8802874088
-0.3059533514
-0.3456141345
-0.5769203536
-0.1926797852
1.177000555
1.050117895
0.01220888493
0.6165723369
-0.3390966289
-0.4122810148
-1.015656382
-0.2309500813
-0.5963096216
0.9962980568
-0.6463711292
0.1756679245
0.1361375924
-0.007075569965
-0.4401019655
-0.1647680515
1.220250344
-0.9150958866
0.9561471581
-0.01510627465
0.2914762015
-0.7956848294
-0.004432791658
0.5623789668
-0.03545448985
-0.5391257867
-0.08462642413
-0.3238435127
-0.4159163184
2.646706569
-0.5852409631
-0.2314536382
-0.28611233
-0.8991697073
1.745459157
-0.4806550816
-0.004223795421
0.5265549093
0.3253760875
-1.066160989
2.409919381
0.150198492
-0.133037176
-0.08616645578
0.04924468175
-0.5939645678
-0.0123878126
-0.7285171717
-1.289592856
-0.9207369357
-0.6128714561
-0.3148400281
-0.5604529753
-1.044532338
-0.5306903064
-0.2259171814
-0.1036807816
-0.9331344813
0.4674424335
1.262200949
-0.3091361549
-0.1933656383
0.8711436212
-0.5840579286
0.03496364839
0.6590782136
1.893643379
-0.3765812017
1.526798111
0.09499988593
-0.4776432924
0.9523649618
1.431975657
0.3554924346
0.3837423058
1.530825198
-0.3272345401
1.503640962
0.2901119653
-0.1663568154
0.7819549456
-0.2615890421
-0.1282136632
-0.1766745638
-0.2040236413
-0.7888250709
0.241319791
-0.08631871697
-0.6372297883
0.1653771949
-0.3112943958
-0.630850172
0.2060490206
-0.5595637694
-0.008704314381
-0.5107133776
-0.06663625147
-0.6299577728
-0.09445825573
-0.7316423118
-0.3409182936
0.4751894914
-0.2980144709
-0.3536433429
-0.2921058938
-0.1497290496
1.173667213
-0.07993854377
0.07501456835
-0.2187332127
0.05978060178
-0.09292284483
0.01381507507
-0.6350002274
-0.8543890923
-0.7583172604
-1.015176919
0.5213922903
0.6618889868
-0.1834454107
1.885080326
-0.5299836591
0.1113599328
0.4420622755
0.5875798598
-0.4410181694
-0.4308592029
1.867163634
-0.4707876027
1.449119806
-0.6361088261
-0.4674539227
-0.3127094828
-0.4803825364
-0.8415549263
-0.06947154999
-1.281891423
0.5770362154
0.008141697571
0.978954494
-0.7455922961
-0.06012677746
0.5240630016
-0.5046152219
0.8942336261
-0.5149182461
-0.3978913099
-0.1484436376
-0.4706095919
-0.4841718718
-0.9334074557
1.124953994
-0.1027414462
-0.2927355845
0.9345173419
-1.089951694
-0.5142775506
1.246820441
0.807351464
-0.5008102268
0.118012049
-1.015165129
-0.1357755434
-0.1958502561
-0.4594599962
-0.1784956189
-0.7903392404
-0.07116134651
0.798489581
-0.8111767262
-0.2758045264
-0.3664903685
-0.3307166096
-0.4586451098
-1.180494952
-0.5893312246
1.369469351
-0.3173604347
-0.1975590793
-0.9193418771
-0.173948271
-0.8131542534
1.170236471
-0.6712049402
-0.1359342713
-0.2805952504
-0.01680493541
-0.5570502013
-0.4171202227
-0.1118139433
-0.5920208141
-0.165981365
-0.1076557921
-0.05295518506
-0.6056338787
-0.7323580056
-0.9359556913
-0.5913173705
-0.4824497506
-0.371487265
0.567537985
-0.8794216186
-0.7681305707
-0.6133807793
-0.182357553
-0.8188759595
-0.9026391149
0.3568977199
-0.0704929173
-0.5846885726
0.7031067699
-0.4765377924
-0.1650431289
0.4892154176
-0.4584391266
-0.5576769933
-0.4460958689
-0.8228730649
0.5385389253
-0.7591214254
-0.6407780051
-0.5443289861
-0.1122328669
-0.181854848
-0.05668608956
-0.6370798305
-0.5032826677
-0.508988446
0.6031134918
-0.5577465042
0.1320570502
-0.4195041195
-0.4493287191
-0.324719277
-0.2363406762
0.8445206732
-0.7165849954
1.834784168
0.3803274296
0.5799844669
-0.3827456884
-0.3550017007
-0.2298271482
0.02374994522
-0.6560698852
-0.353020253
-0.283772189
0.32963086
-1.062148052
0.0367980462
-0.09409730025
0.6094161883
-0.5480342627
-0.4601855837
-0.4371905051
-0.06843349105
-0.06125273332
-0.160380513
1.619859838
-0.6029346794
-0.7633599639
0.4725563422
-0.5373067811
-0.2985965654
-0.2761113156
-0.3507802531
0.07583564986
-0.6565618843
-0.6476677954
-0.3564336151
0.630154565
0.2337641529
0.1131067952
0.2214614431
0.8824171811
-0.5201453939
0.1329359608
-0.5011556581
0.006194082787
-0.04227608657
0.3320263293
-0.4503688008
-0.3353481643
-0.2313467324
-0.01308542788
0.9090000615
-0.07756244298
-0.4160666898
-0.06066194195
-0.02857653527
1.552775386
0.02399099879
0.8704720721
0.2498960063
0.7524648279
-0.09920793176
0.3068374826
-0.2149903651
0.02257270738
0.4378652982
-0.3436377607
-0.482555614
1.669378966
0.1673239831
-0.03103005681
0.7211349055
-0.04211319466
-0.1577180866
-0.2999166861
0.7699933976
1.951021463
-0.1473200317
-0.08915675562
-0.3069482099
1.724221188
-0.07169196242
-0.2729481429
-0.3760418989
1.167777717
0.8129959375
2.784813154
-0.5407105491
0.2215980532
0.008551316708
0.2697653148
-0.2235479299
-0.5159426734
1.082108997
1.600288945
0.0551806502
1.059684171
-0.7486158013
-0.2718448438
-0.7131097198
-0.7057158023
0.2165942296
0.3002628433
0.1111609049
-0.1315305264
-0.09315155391
-0.4720534965
-0.2919730231
-0.7174397975
-0.2753541451
-0.002638665726
0.8874745682
0.8378827602
-0.3419764485
-0.4225177452
-0.06840279568
-0.09839305282
0.06816495862
0.8181063026
-0.2398424036
0.5236796934
-0.3770254277
-0.5097187921
-0.3816269938
-0.1331118068
-0.1756213099
0.4174798392
-0.09260501135
1.658388516
0.4887153737
-0.3404687427
-0.763436842
0.3684141963
1.748199964
1.552571127
-0.2415478237
0.07203890579
-0.9799064577
-0.3351003727
-0.589221105
0.7109704241
0.1459237998
0.6977513075
-0.3963261351
1.087227201
1.153325796
0.7415942356
-0.5639263779
1.465097943
-0.589741084
0.9393778563
-0.3933302447
0.6866004407
-0.3954207465
-0.2362175559
1.210475859
-0.7896910608
-0.4202015199
-0.5233757719
0.4548362665
-0.429654026
0.080210495
-0.3809344798
0.3176648298
0.2409775238
0.6065926984
1.315702884
0.8565103792
-0.1017408056
0.7054664603
2.74035514
0.693171015
0.6372739278
1.371564513
0.4914869994
1.835733747
1.76527878
0.799155394
-0.2747977272
0.353156364
2.517804039
-0.0310333604
-0.1197240315
0.199040031
-0.4031416349
-0.4439563647
-0.2168149767
-0.2424590506
0.3062516717
0.2889200393
0.1113717638
0.6140832923
0.2873901021
0.5566877417
1.689944065
0.7602217525
0.574928169
0.1963839643
1.195814699
0.2519292097
0.2965562099
0.5713385075
1.030115423
-0.2783380829
0.2910052048
0.2258645789
-0.1342028659
-0.2505777486
-0.1799261709
1.634051228
0.4393071788
-0.1398408554
-0.04039675724
-0.1061095882
-0.2820310906
1.30546006
1.431151816
-0.0003703454509
-0.1374060985
-0.3089418586
0.6690336466
-0.3488111607
-0.639440228
-0.4250459429
-0.2032870792
-0.5542966172
0.368566347
-0.2818112608
0.7979568228
-0.7945968062
-0.09233748782
1.204561922
1.921107692
0.3125009203
-0.3094813593
-0.2548867814
2.300513214
-0.2738266339
-0.1287002392
1.602677739
-0.06369837392
-0.5669941351
-0.4805576548
-0.1639508076
-0.9913385838
0.1514083991
-0.1404480379
0.1259443939
1.197869956
3.513192117
-0.1409232467
2.693636769
0.1485411029
2.814148533
-0.2275883043
1.03490485
1.189444807
0.1679377612
-0.4741868734
1.324018601
-0.1162221032
-0.5188757155
1.051984772
0.0818405855
0.4112926286
0.6318846256
-0.05942024291
0.2749901567
0.1938271703
-0.2684155494
0.2311416326
-0.9849772215
0.1159447039
-0.2425793416
0.05419816375
-0.2452696769
-0.6553270429
-0.2919241538
-0.3965887308
-0.4661513239
-0.05798680391
-0.652747573
-0.7964185685
-0.2803308137
0.01357589392
-1.060673031
-0.8064319581
-0.2607805708
-0.4433271632
-0.04986139312
1.620290774
0.7493464872
1.12221075
0.2384998731
0.5700249001
-0.1301948175
0.6528034076
0.4355475873
0.2598973807
0.8276929274
0.3692996241
-0.3009404731
2.220903593
-0.467126921
0.570328141
1.73722586
-0.8588245481
-0.2201035941
-0.5518343344
-0.7435217321
-0.6906496972
-0.03285576482
-0.1791860191
-0.1318439174
-0.4044354051
-0.2672692299
-0.2594965305
-0.4893937215
-0.6846775174
-1.027423844
1.146181241
0.02131441524
-0.7959850371
-1.093336856
-1.144499394
-0.3983399957
-0.2107933275
0.08756902004
-0.9445014179
-0.658540912
-0.6036957726
-0.6097871244
-0.08543818761
-0.6865338519
-0.3238013972
-0.5599760443
-0.323871465
0.7523906931
-0.4929741912
-0.2192437705
-0.24144651
0.9557707742
-0.03686368642
0.0866485538
-0.2658974715
0.1320309807
0.515366061
1.687745327
-0.5171543062
-0.3049988769
-0.1376386032
0.8267609179
-0.4435693605
0.3237275448
0.1796829464
-0.2590038155
-0.5038037196
0.1712669222
0.316092012
1.532521829
-0.6450477391
0.02010734286
0.6082096823
1.199839908
-0.1368799198
-0.0367355451
0.8195088737
1.112172839
-0.7094583511
-0.5924278259
0.3392250421
0.4801770508
1.358949465
0.3096160453
0.9378182203
1.097191781
-0.1126569428
0.7756232381
3.50709151
0.08111428078
-0.32453724
-0.1576683014
0.3677408226
-0.2691586949
-0.2855435409
-0.2989705577
0.2001834048
-0.009843363985
-1.253559709
0.06322657578
-0.07879441306
0.524360013
-0.2839352727
1.251544678
-0.2792493179
-0.1373107342
-0.1664472401
-0.04482395807
-0.6330650002
-0.2357598547
-0.1322679622
0.5504970238
-0.6216692254
-0.9436491728
-0.07009478002
0.140824173
-0.605420132
-0.3154970664
0.4482751451
-0.2844388705
2.633429646
0.3226159429
0.9476535499
0.06854515579
0.07229750715
-0.1603960183
-0.1307701204
-0.1727220224
-0.1664343819
-1.123310536
-0.2215116741
-0.2509179188
0.3195081886
-0.06213753913
1.042335036
-0.2501349736
-0.06428788118
-0.2596137371
-0.3037131792
-0.3538832694
1.020420775
-0.9098510921
-0.5229880288
0.06192422714
-0.7064003408
2.799337459
-0.2879060142
-0.6393923238
1.081744656
-0.5602702379
0.004058018699
-0.1680091787
0.2966356333
-0.5248858847
-0.3134229559
-0.1044199841
0.4606494881
-0.2738234084
0.9139894769
-0.4556016907
-0.1985002007
0.385964511
0.6222767174
2.747982633
-0.5171786174
-0.4961465292
-0.977837798
-0.5244954601
0.4990946032
-0.8172020674
-0.1122462104
0.05060929479
1.49192268
0.05159819941
1.339363384
-0.2751520917
-0.3443455085
1.32868281
-0.6344470903
-0.09300288176
-0.1741603903
1.2740715
-0.49408485
-0.5516462132
0.202913878
-0.3468351759
-0.8087487638
-0.708071062
-0.0939356029
0.7830891803
-0.574500367
1.009206051
-0.8242948055
-0.2831626229
0.5335048698
-0.3502321534
0.6459260345
-0.3029869534
-0.1718171559
-0.5932591096
1.377045658
0.02957663052
-0.5785045564
-1.07164399
0.6298877358
0.07545624487
0.1732535104
3.194056833
-0.2616759205
-0.8522179455
-0.3126577444
-1.070920458
0.1691967946
-0.255065009
-0.4654131398
0.4021767482
0.9002236128
-0.1307487178
-0.5853328899
4.072757614
-0.3971693717
-0.2231325733
0.06150127333
0.01141916756
-0.4523500629
-0.3722458068
-0.6108762935
0.3501582721
-0.8802236438
0.2889528895
-1.025444341
0.008871731255
-0.1978229762
-0.3402939215
-0.7125126123
1.216622567
-0.1790253721
0.04376888149
-0.6565332398
-0.409332224
-0.1404260751
1.263523096
-0.1085832074
-0.6728333771
0.9186808735
0.3673981838
1.741540346
1.9076316
-0.325042244
1.692577195
-0.03554069418
-0.4217392825
-0.4224228054
-0.1000150329
-0.6349519432
-0.3374077851
0.04570510658
-0.3031710097
-0.1770390756
-0.3253290378
-0.2086972706
-0.2146102598
-0.2933311955
-0.2526459176
0.7495918989
0.9560459405
0.2263096402
-0.2050824292
0.04258224806
-0.1288030976
-0.1767303234
0.2233493537
-0.06385361906
0.2997426603
-0.1306803726
-0.8502713323
0.1744309933
-0.8616880983
0.2331778778
-0.3428655092
-0.1232257836
0.8889911413
-0.4413990736
-0.2759413041
-0.4573071748
-0.744860068
1.844178849
0.4357224941
-0.5099340364
-0.1537578835
0.6424262568
0.03595292638
1.197514981
0.5251787364
1.873257977
0.6510785744
0.06694221757
-0.2170660175
-0.2448212569
-0.4106256075
-0.06086881198
-0.5687630489
-0.7280615583
-0.3359330535
-0.03751720805
-0.2588251969
0.03912535161
-0.2976633651
1.136628708
0.3726033598
-1.014494115
-0.6198977396
-0.5519300461
0.3529159799
-0.1510641607
-0.2706632074
-0.4541519523
-1.01574139
-0.5262712874
2.261353827
-0.2093301836
0.3096523477
-0.6993150204
0.06763063073
-0.7144486517
-0.5046075508
-0.5644183636
-0.4167303324
-0.1533820003
-0.2289226353
-0.6893936008
0.8697841808
0.9040347904
-0.1690238176
0.2816707443
-0.6212811753
-0.7983968511
0.7592200503
1.131213698
0.02967385799
-0.5371451929
0.9041825294
0.00759665519
-0.6625777155
-0.5834237725
1.051287857
-0.1121741811
-0.4352861628
-0.09777509551
0.1041294537
1.217039114
-1.037920839
1.130397198
0.5413196875
-0.9444288746
-0.2881170368
-0.4161864843
-0.6201906323
-0.7292732209
-0.3243657943
-0.8393868476
-0.6180526584
-0.3176677458
0.01604912151
-0.9007577717
0.07067885175
-0.5228635207
-0.6196781352
-0.9461608768
0.07412929758
-0.8251303166
-0.629828161
-0.360900417
-0.3577514014
-0.01934460187
-0.01496393054
-0.7307861462
1.028534943
-0.5256467588
0.5528414965
2.288139641
-0.1958316991
1.026833457
-0.109986718
-0.2922286116
-0.6565560579
-0.4668088432
-0.3273183718
-0.3903584838
0.04868494589
-1.25197621
-0.149220564
1.361333597
-0.1199496185
-0.6223316059
-0.3050341027
-0.2830946263
1.009672961
-0.526828295
-0.01311760005
-0.05827626791
0.7994640499
0.9381228119
-0.4379094221
-0.6628890306
0.3330935745
-0.3241597423
0.1027138412
0.8276973575
-0.8439782619
-0.3299668111
-0.3029195667
0.1782722657
0.5545946538
-0.514373377
-0.07491857372
-0.611731787
-0.1574034378
0.2753709376
0.7071853697
0.8338267609
0.3958970595
0.06070014536
0.967966792
-0.07276097741
1.266446799
0.1413621347
0.986763487
0.2320574289
-0.2087555593
-0.9026147455
0.2919029802
-0.5943869054
0.01592250001
0.8200855687
-0.1318530545
0.3505102489
0.4292649124
0.02457665633
0.05582741806
0.2467099773
0.05522149689
-0.5656603351
-0.3271504609
0.4796164066
1.168998685
-0.07988058273
3.16175462
-0.1219896823
2.812654984
-0.2970397919
-0.295679721
1.250209206
0.8920604885
4.212365639
0.6629844196
-0.5382949091
-0.6355147928
-0.1153425249
-0.4161694165
0.1670722753
0.9841552794
0.7379924268
-0.234038341
0.5790925369
-0.05620742701
-0.7597135931
-0.4796517432
1.109003529
0.6233399451
0.4434736551
-0.3930404663
-0.4783875547
-0.6534838974
-0.06864872333
-0.1429719725
-0.8573433682
-0.1012388926
-0.7345351785
-0.0222483106
-0.1760436086
0.1700351048
-0.3171241902
0.47310436
-0.5415965483
-0.31407464
-0.3108562142
1.475948107
-0.244717703
-0.2184580717
-0.2712838249
0.3675253024
0.02943930756
-0.07293853927
0.6442827076
-0.3641410418
-0.9919668317
-0.3247682544
0.345074372
-0.2050065251
-0.1492370231
-0.3095350606
0.4993096069
-0.9104145944
0.1762525575
1.003099102
0.9945523471
-0.04882369237
-0.0899135388
1.815968004
-0.728236416
4.125650477
-0.5704196855
-0.8900395274
0.3614651211
-0.1643086094
-0.3705976069
1.205639812
-0.7393168092
1.189405167
0.01239921283
-0.2017325021
-1.018984187
-0.06876367182
0.7495098531
-0.2395494265
-0.1052416675
1.638243788
-0.2995494366
1.845094949
0.1110686245
-0.2349526122
0.08571575419
2.477962583
-0.139936447
-0.1743488766
0.9152599722
1.834106553
0.5429462716
1.079155931
-0.2719110638
1.729181337
-0.7213462025
0.9194518983
-0.06574664265
-0.07431256454
-0.5488856852
-0.02077881545
-0.6346277192
0.5740224537
-0.3617238261
0.1866757672
-0.0854385294
1.284357062
-0.3866859045
0.01592242108
-0.1673551935
-0.4902699493
-0.5130336858
0.3065351363
1.533558774
0.02687861789
0.3060287952
0.1113472283
0.09713287661
0.2385627527
-0.1847364068
-0.2257876791
-0.5894377649
0.7465093911
0.2345139321
-0.08889699802
0.5378622711
0.040771008
-0.03861645646
-0.533443059
0.5430638686
-0.02107200287
0.1702308797
-0.02187237609
-0.1588290744
2.728229606
-0.3416418541
0.8654845387
-0.7168128997
-0.7489757627
-0.8161212891
-0.7019760013
-0.2610454356
-0.1276492579
-0.7356827199
0.3010421203
0.3067633114
0.177295625
0.2028940683
0.1027392547
-0.07954447409
0.1059019537
2.799128067
-0.3789472144
-0.1261480998
0.8211902678
-0.1294450603
-0.317614837
-0.5333838187
0.818451795
-0.8806673378
-0.6726835042
-0.2487207212
0.5670871273
2.076027584
0.3573966235
-0.1625615487
-0.7266262293
-0.5282857299
-0.3987761602
-0.2163264139
0.3866948828
-0.00449961517
0.4032507583
-0.05767012313
0.1749591768
0.05026883804
-0.4443951085
-0.6278428204
-0.1774410821
0.8396986097
-0.4862351388
-0.1831680711
-0.2352597086
1.052826309
-0.6503473729
-0.8433100045
-0.7859062254
-0.462910597
-0.8589797825
0.3724755727
-0.2515208676
-0.2411889923
-0.9981091291
-0.3333059512
0.6545611724
-0.1205065539
0.3258926036
-0.5831679448
-0.3685031649
-0.9463597834
0.435160983
0.2846603514
1.482179844
-0.6554626137
-0.6610193074
-0.4850662917
-0.5727313027
0.1563500619
-0.9902540684
-0.2569404459
-0.1500727104
-0.9113792926
-0.09054024648
0.4097119093
-0.3001312159
-0.9792409271
0.8599176288
2.68654145
-0.3085899376
-0.7870292187
-0.444305639
-0.1107369361
-0.5083989546
-0.981147173
-0.4956406914
-0.3146971304
-0.7404754668
0.09648128487
-0.5604092434
-0.2114954942
-0.6592233837
1.511023009
-0.7562810838
-0.6233591542
2.104282522
0.04784968458
-0.5136767164
0.518607676
1.988066071
-0.6159096166
0.3936256215
-0.3435460724
-0.8387520507
0.8805713058
-0.3933089159
-0.5456198215
0.04096945859
-0.5191497833
-0.3178915611
-0.1847543847
-0.7844100535
-0.9771772176
0.8969302118
-0.4695487395
-0.3225178871
0.526454632
-0.4498409003
-0.4489231437
0.01561872503
0.1256409403
-0.4102083549
-0.2517140824
-0.4560875066
-0.1667144082
-0.3166588908
-0.8893123001
-0.4768937372
-0.1165514249
0.1386167621
0.07049791329
-0.223901428
-0.192253565
-0.291621282
-0.6423032433
0.2028899681
0.2886738578
-0.1288647465
0.03644999675
-0.1932968412
0.04765310306
0.1275541382
2.299343282
-0.1502773482
-0.967531547
-0.5889901981
-0.8418542027
-0.9433540881
-0.817918852
0.01858803658
0.1046642712
4.079333758
0.6417438075
-0.2590903644
0.9602600187
-0.5653863259
0.3337311283
3.667519641
-0.4482767984
0.100022343
-0.5219218999
-1.016980878
-0.5728531078
0.04795872858
-0.452308099
1.105304983
-0.05054660905
0.03560707904
0.3172980912
-0.4970561236
-0.5532866612
-0.03364600353
-0.3479315134
0.9047594696
-0.2248835947
-0.5262558684
0.1179514474
-0.2837281652
-0.5026598439
-0.6091997951
-0.4709330782
0.1991567072
0.1391866131
-0.1659133228
-0.6530477375
-0.2749431736
-0.2519257452
-0.2124318156
1.115139562
0.1943321899
-0.45291695
-1.021376234
-0.835339874
-0.5527232841
-0.6539976373
0.1835788307
0.2591482652
-0.6918016568
-1.007197374
-0.659886311
0.2121626966
-0.2286116017
-0.8986932635
-1.071484759
-0.3856101915
-0.3314376377
-0.5727257863
1.002862862
-0.1516400445
-0.6703416273
-0.2367614733
-0.618455486
-0.5919723287
-0.02485096091
-0.2359107539
-0.1724944409
-0.4040732276
-0.1162135402
-0.2465892784
-0.2712736852
0.8462580446
-0.09436177099
0.6079496211
-0.4356075086
-0.7256333992
-0.372407268
-1.396066087
0.08348744046
-0.6639949039
0.6616267435
-0.685460645
-0.1216965975
-0.5395333558
-0.3273630217
-0.565638493
0.2876315169
0.2091060822
-0.06080809273
-0.5586004108
-0.2617116138
0.1253458343
-0.8877096444
0.05343448576
0.3986569889
0.9854680926
0.06474084705
-0.7707076848
-0.4530853719
0.5195590749
2.399946016
0.07014145125
-0.6572669029
0.4975219142
-0.5400956631
-0.0784450192
-0.5313362911
-0.1266031977
-0.8659812361
-0.2326029129
-0.5628071293
-0.3752626017
-0.07285038908
0.1291980512
-0.6102585077
0.3688738834
-0.3215913437
-0.09104948379
-0.4535265759
-0.2979476772
-0.4871435456
0.5165747479
-0.2105067585
-0.02743130326
-0.772429812
-0.6063505411
-0.365165811
0.3495803185
0.01991568469
0.9556423604
0.394029758
-0.08158611767
-0.7313744828
-0.2758156948
-0.1063124992
-0.07250954565
3.74119935
-0.5035540484
0.01687673628
0.2563254723
1.096184656
0.1898190785
-0.5582425758
-0.05142010078
-0.400590644
-0.4921482608
-0.1588465048
-0.06723716157
-0.3493394248
-0.6878495693
-0.9447012991
-0.5900809899
-0.8512229234
1.116248888
-0.5939551517
-0.3882938586
1.861447221
-0.8797499269
0.2059081087
-0.3037296759
0.8379525185
-0.6748856947
-0.8448548496
-0.6731090829
-0.5544163674
0.2833155065
-0.05568785369
-0.1900464015
-0.8064535677
1.09915114
-0.007108477876
-0.1939792579
-0.7318342626
-0.7552473038
-0.3252790101
0.7716939539
-0.3177553367
-0.3822121413
-0.8989070654
0.3302349048
0.6994009644
-0.5143390194
-0.9763286382
-0.04651174352
-0.5666393936
-0.8352112815
0.612000221
-1.036275133
0.05809713285
0.007386939041
-0.8384069473
-0.2206352454
-0.9600808024
-0.8350421518
-0.7733874291
-0.3236880403
-0.1580474883
0.7561570957
-0.3334184438
-0.2122357119
-0.303116703
0.322935921
0.759904094
-0.05074164313
-0.3846122283
-0.4755881652
0.4626538971
-0.03596161958
-0.1541266659
-0.9766896248
1.284235612
-0.278902762
0.3020601274
-0.6794245601
-0.38266114
-0.1829526648
-0.9155258387
-0.5754737839
0.3836556012
-0.3229158096
-0.401953017
3.244918847
2.024310178
-0.6430583656
-0.2277678981
-0.8881502211
-0.9313894749
0.01117928289
-0.4318633452
-0.9492383033
-0.5163143471
-0.481096296
0.5129058465
-0.3193866491
-0.4338876761
-0.3592912309
-0.03434173921
-0.7053695828
0.949962461
-0.7812269092
-0.366883605
-0.7598929226
0.4755131438
0.5457120657
-0.8808128566
-0.7031138882
-0.118776793
0.462113484
2.016626567
-0.1576330354
0.3226479895
0.04029371478
-0.9210373908
-0.3333525114
0.09789564516
3.824766338
-0.4627823934
-0.4512845583
-0.283810439
-0.4357871138
-0.6735599756
1.282141411
0.7638636485
-0.8628240526
-0.1011097236
0.8773423344
-0.3108710788
-0.809974882
-0.1676502382
1.135008189
-0.1436663343
-0.4031047031
1.250018117
0.04894284094
1.418007103
0.5289360754
0.2253034428
-0.2276107866
-0.5864967361
1.032357356
-0.08145008311
-0.8443405747
-0.4946792558
0.8279876262
-0.6861842409
-0.6002254829
-0.8660284311
-0.4730374306
0.4535024911
-0.48716221
-0.5567867294
-0.5406268597
2.953483701
-0.7468551517
0.06385854576
-0.3613694683
0.5849009871
-0.7023544267
-0.7003199071
-0.02073335936
-0.484460111
0.1712327071
0.2932256884
-1.283659744
-0.3445299409
-0.1102640271
-0.3936246559
0.1302284693
-0.1603031248
-0.2035858538
0.7178015128
-0.4305601768
-0.7620319083
-1.031366974
2.788176346
0.9128780872
2.34598434
1.087639776
-0.4511623144
-0.1009489223
-0.1988114107
-0.289513775
1.14849796
-0.7916297942
-0.02694787141
-0.2773445472
1.30631071
0.4997506857
0.05804827143
0.3472392917
-0.03623669799
0.7006573066
-0.02653309265
-0.7213844091
1.01597544
-0.8380419716
-0.2349201652
-0.734995316
0.06587293185
1.187936795
-0.1349957392
-0.5175633669
0.0636051449
-0.3920321003
3.137969112
0.2619277645
0.0572056504
-0.4354469262
0.5665059537
-0.9841842622
-0.7381139994
-0.5494496316
-0.4902619161
0.01062078848
-0.2647134189
-0.1390569977
0.7482631117
0.009442590363
0.6493310943
-0.9821701556
-0.2995454347
-0.1688334556
-0.8684799373
-0.2595633723
0.5757276878
0.4153186776
-0.7219301999
-0.5803659216
0.5933344394
-0.6289156675
-0.5022986777
-0.1407740673
-0.6134523317
-0.1251459299
-0.3845051549
-0.1897367202
-0.6001139149
-0.6436796501
-0.7897362068
-0.1639818113
-0.2970598165
-0.1188170003
-0.6110197946
-0.5261966653
-0.09672052097
-0.5761941604
1.283724222
-0.7913804203
-0.6194282427
2.587117147
0.8711984068
-0.3861807503
0.3795298118
0.193418401
0.2081460201
0.05075958315
0.7649587244
-0.390589799
1.566862479
-0.8789609432
2.066043067
-0.3391501229
-0.9963521123
-0.4089085884
-0.8366115987
0.9745986104
0.4168560773
-0.1160719657
-0.6364478067
-0.1013563136
-0.5988788441
-0.427632989
-0.859657833
0.3225716598
-0.645938623
-0.2938665979
-0.1565688595
0.02888728923
0.2016932574
2.208117938
-0.1154201515
2.040737379
-0.2943576617
-0.5224973828
-0.7199959695
-0.1618501961
-0.5237242639
-0.3030967094
0.2489410701
0.4820188306
0.5300027922
-0.6555035025
-0.3967710078
0.6566729926
0.8153127223
0.295477149
0.5180861071
0.3685906576
0.3783646144
-0.2764240282
-0.03303565839
0.0756150241
-0.3275951944
-0.06197160007
-0.1837664969
0.3738277406
-0.04230948929
-0.220572214
-0.4154816121
-0.417230019
4.477487147
-0.4755187631
-0.1802653223
-0.5721873879
-0.4907946482
-0.3426658666
0.4607419759
-0.5616135299
2.736255646
-0.5537526205
0.122786957
-0.8063644409
-0.2102559358
-0.02108365614
-0.0317854315
-0.4172038689
1.501676756
-0.4410589993
0.2594378896
-0.1507380383
-0.2048153397
0.06388577186
0.3728193209
1.493063736
-0.1719350152
-0.1357663601
-0.1719866788
-0.4131686039
1.214039844
0.3004396433
0.2236561507
-0.1288079886
0.3318984088
-0.1896489705
-0.01267712824
-0.05630652048
-0.7563730955
0.1602388305
1.076466668
-0.6569794416
-0.2302481763
-0.2312085256
-0.6415907457
-0.3875430509
-0.5736579791
-0.327566977
2.225040758
0.4292462402
-0.5576344877
0.264569658
-0.07410296444
0.1525208648
0.3329120085
3.913632941
1.478111118
0.1077950306
3.320165026
0.7642259121
0.7845104918
1.789257082
-0.3210850872
-0.5451307431
0.003681636229
-0.2939107866
0.9117941111
0.1737723534
0.4926838793
0.03576829517
-0.467492518
0.1354838402
-0.2870592784
-0.7867872462
0.166207317
0.23095978
-0.1842314154
0.3836529223
0.4701310933
-0.493379011
-0.6772257566
-0.1414582081
-0.1723045919
0.4626300599
-0.1520165771
0.9572196841
-0.2996822394
0.6149053499
0.1129949037
0.8435865551
-0.5768804565
0.06520306636
1.125720468
0.3851370253
-0.2326019256
-0.02890030663
-0.3210702494
-0.08714103159
-0.8267565995
0.5516405255
-0.3029448889
1.432015514
-0.244211993
0.7172235563
-0.6750972256
-0.0532523118
-0.3551455037
0.3826955754
0.3560397021
-0.4092451587
-0.101546621
-0.4183819905
-1.09267084
1.100657991
-0.2831592821
0.1430123083
0.2034082582
0.4830026824
0.9816723764
-0.02486917926
0.2277959805
0.03965059845
0.403044573
0.3353056584
1.778038955
-0.4268085569
0.0353446139
-0.7214035004
-0.5816764407
0.4080372103
-0.5367074378
0.6732153311
1.63548345
0.1849579675
-0.4498013601
-0.5598876104
-0.3520076927
-0.6806794032
-0.2154082999
-0.4350015149
0.7952024773
-0.4098421965
-0.3625134371
-0.2751204336
-0.3079972573
-0.3034944727
0.2453384334
-0.5149479866
3.344843519
0.2540470287
-0.2057681888
0.1380353825
1.33828021
0.1253899325
0.3171395347
1.542669865
0.3824441608
0.8544100314
-0.4911026418
-0.1743928663
-0.2529327691
0.143157014
0.04515665034
-0.5268065661
-0.341588071
-0.2004117846
-0.6295622081
0.02835019119
-0.1061146976
-0.06762394086
1.707736623
0.06672142386
-0.7300239325
-0.008742358815
-0.4880091682
-0.08663223209
-0.0944489792
0.9817108184
0.2283303931
-0.3088058412
-0.2563179448
0.1329838396
0.1855251541
-0.4920706764
-0.1259606859
-0.1576825228
-0.59670057
-0.2048137043
-0.1375974858
2.084186804
-0.3119986273
0.09159386009
-0.5088819355
-0.1507541018
-0.2737642292
-0.01807507547
0.5121993169
0.4475839987
2.065018123
1.438789526
0.6167947993
-0.4244747311
1.375673747
0.9844761401
-0.1350267539
0.8893717185
0.2891556166
0.3739602454
-0.2598678567
-0.4090775102
-0.474443841
1.477998549
-0.5861256033
-0.5951866582
0.2322626343
-0.8698267013
-0.1041858473
0.120735912
0.1913860298
1.693563509
0.4236264206
0.1062459751
1.409318307
0.3243685463
-0.008833506703
-0.3506856166
1.430864739
-0.1932016484
-0.2381609054
-0.3517613977
-0.4990782589
0.6127054758
-0.1240006458
-0.4813948661
-0.1992737141
-0.5253410891
-0.6954271585
0.04207064165
0.03184635146
0.6394480944
-0.707071133
0.1742204338
0.05459357396
-0.3334842304
-0.7621901184
1.671795449
1.463553324
-0.02773577953
0.9244498059
0.3736073457
-0.04607270826
-0.107022778
-0.3645220116
-0.4915885717
0.7236857072
-0.2099450924
-0.1837562162
-0.2443617893
-0.4278369248
1.714004743
1.869443387
0.9227613389
-0.5007749656
-0.1765164282
-0.3523205794
0.1843134067
0.4388204698
0.3879954359
0.4258806944
0.1768653505
0.5249843359
-0.7973428994
-0.3325449079
-0.1631653002
0.5154424876
-0.3050464489
-0.7742467433
-0.8013880908
-0.06827718932
0.01974476539
-0.3577166861
-0.9537136734
-0.2432222549
-0.4158357024
-0.2483151302
-0.7110886946
-0.2482998077
-0.5855546415
0.01317884363
-0.3274972871
0.6076717392
0.4920444325
-0.921405071
-0.8126152366
0.006012806389
0.3444375705
1.797599423
0.1443684194
-0.3570178546
-0.2757264894
-0.2321178332
-0.3769044794
0.01172039323
-0.7124664307
1.457037753
0.68517281
-1.038171881
0.1198621294
0.0560693827
-0.2615158252
-0.4936355025
-0.2968022406
-0.08322654497
0.4140876852
0.06479295786
-0.2111196104
-0.1379684232
0.05961755491
0.1505858908
-0.3874387026
0.5657627352
0.4401506171
-0.7288303256
-0.2821912176
-0.1994092849
-0.4396803439
0.3537876936
0.02433695956
-0.1984902486
0.602162315
-0.3256414752
-0.4687402919
-0.1038283607
-0.1167109324
-0.33993202
0.02389801005
0.1492437843
-0.6846370846
-0.5732082874
0.198692383
-0.1417951766
0.1911616224
0.9251582831
-0.1853854936
-0.5741608851
-0.1714465901
3.254877031
0.1117230669
-0.1694083681
0.8936913922
-0.9740514755
-0.1983187541
-0.695549345
-0.0860641662
-0.2682674675
-0.2833620675
0.7441930532
-0.1566030186
-0.01916287355
0.05191094298
0.4345600016
-0.5221135408
-0.2643697375
-0.3454256907
0.7635574356
-0.1561138853
0.7747067958
-0.2833639782
1.05446268
-0.3892192595
-0.907252574
-0.3658574812
1.231083375
-0.4103907049
-0.3323864542
-0.5141980365
0.06116985409
-0.4609143935
-0.07507363167
1.688434929
0.4871508636
-0.542431961
-0.1005903697
-0.4536145523
-0.5258520782
-0.3025911495
-0.1604583244
-0.322382728
-0.4072070867
-0.3472160384
1.095262951
-0.3106013201
-0.5923062727
0.1081269174
-0.08947786354
0.6458585575
0.218266442
0.3633813236
-0.3562742859
0.1632086486
1.323281208
-0.2192212081
-0.2447943382
-0.726354304
-0.6384705901
-0.4861838326
-0.4962769896
-0.6301738784
0.9074590206
1.494345981
0.523152788
-0.5471386746
0.1601972461
0.006653936394
-0.6249849454
-0.7804045051
0.7127352491
1.51605688
1.070608175
-0.4396943711
0.2373685751
0.006883709133
-0.6140934095
-0.7725601554
-0.2212008722
-0.5120866001
-0.5025502011
0.1286800494
-0.03030768838
0.3550541691
0.08092249669
0.4453616958
-0.3311714187
-0.3762440123
-0.3810606018
-0.8015177995
-0.844510743
-0.0833409626
-0.4631558977
0.06912579332
0.06295393538
0.1272206214
-0.463868358
-0.4652598307
1.224799606
0.6347247049
1.72066561
-0.4475168251
0.9852955043
-0.2459012818
-0.09411273021
-0.5138619483
-0.3859008178
0.8072863132
-0.4393282041
-0.3547311433
-0.5695757121
-0.3094673319
-0.4592115492
0.5942131445
-0.3468097925
-0.5892254561
-0.2622229949
0.9125249088
-0.4297984637
0.1796622179
-1.02282885
-0.1599162
-0.5420780748
-0.571600087
-0.6573992521
-0.5512581043
0.9260181755
-0.7693205774
-0.6777367562
0.6704995371
0.6903003201
0.1156029796
0.6042743061
-0.2614216901
-0.7304944128
-0.7879256412
-0.6618032008
-0.3647413004
-0.3031252281
-0.8768195271
0.6801252738
0.03766195867
-0.2179737121
3.273029304
-0.2908236038
-0.3488682404
1.146236837
-0.348336187
-0.6544151545
1.413779518
0.02517183991
-0.1820143223
-0.5366753012
2.154940528
0.5978761882
0.2859789906
0.7040959358
0.1899022525
0.08002824429
0.3354332566
-0.639389687
-0.7783850878
-0.2093215212
1.136310028
-0.3198016144
0.1219289526
0.833612211
0.5895959288
1.193371317
-0.4260282509
-0.3043429367
-0.4558784887
-0.1786676316
1.385441175
0.003079333063
-0.600419043
-0.8322296828
-0.0186781466
1.321736774
0.07554699779
0.2627300791
1.359776884
-0.3668171957
-0.2716329079
0.2218734363
-0.2194720443
0.2353269272
0.8844661087
-0.09463811927
1.728228879
0.714423278
0.3651697367
-0.1855547562
3.455402434
2.825458419
-0.6746764109
0.3737972682
0.3658445917
-0.4222504914
-0.4078307819
0.1962122921
1.544152355
-0.100832487
-0.1698333118
-0.0003529470414
0.6145038724
1.272687066
0.004675180651
-0.1861910358
0.8997715801
4.090850377
-0.3787045412
0.3451499091
0.1077730492
-0.07201712551
-0.215683607
0.2074099157
-0.5381715566
-0.1288581669
-0.08370199371
-0.4089224607
-0.2268257778
-0.3097191572
1.224103647
-0.2009339397
0.3769843608
0.3311031532
0.7319226786
-0.2918606944
1.079209998
-0.03008863972
1.050227723
1.822375059
-0.04058938697
-0.7864741147
-0.575665468
1.498674735
0.03064670926
-0.1578775402
-0.3493418142
-0.1414497036
-0.5277762055
0.04924942642
0.07326465915
0.5495548338
-0.09608999845
1.112218162
0.09034487326
-0.9066167921
-0.02230467331
-0.02300870791
2.791489398
-0.6895788446
0.176875176
-0.1952010799
-0.1767362837
-0.6977232248
-0.325850974
0.1015693417
-0.5408313334
-0.2145201202
0.4863609232
-0.3977985583
0.8704868108
-0.4445034362
-0.3560037807
0.017960303
0.6049857065
0.3424662851
0.4319370992
0.4096913161
-0.7840238094
0.1360385418
-0.1747067867
0.1724471655
0.9686684251
0.2032001389
-0.02086035288
-0.2427817911
-0.1536543012
0.03772647525
1.199397334
-0.1944043327
0.5727769449
0.2983020835
0.8980052829
-0.2423437573
-0.1591185452
0.3513829865
-0.3240894305
0.04812991305
-0.3815669224
0.1960687615
-0.1713903258
-0.2881793499
-0.3359724596
-0.1940580769
0.0690601768
-0.04654000755
0.2559833743
0.1960800107
1.26225791
-0.1448009182
-0.6875136837
-0.7136439972
0.1942624463
3.137273502
-0.1629091799
-0.7678387076
-0.1777329847
-0.1469565708
1.219709405
-0.2596193224
1.205353165
-0.3707227871
-0.5720411569
0.2474123735
-0.1288062982
1.334499934
0.1077433513
0.04072770625
0.946375224
1.284251755
0.1544711839
-0.01652363203
-0.0783552492
-0.5604938418
-0.1996016387
-0.365362088
-0.1355399085
0.1702594133
1.123897725
1.184469831
-0.1122279143
-0.5943986267
1.008894676
-0.1220316939
-0.1791375497
1.099926981
1.263361907
0.493484807
-0.2208248153
3.935429668
-0.3091246605
1.651434755
-0.3632557347
-0.1172164399
1.387773168
0.006120400736
-0.5602451965
-0.0580647218
1.115199178
2.181875628
0.04702137634
1.397422296
0.9528949916
-0.2893281795
-0.08838013783
0.5711546481
-0.2425718527
0.7805272222
0.001033360511
-0.2238887955
0.009823134914
-0.3432914324
-0.1565895191
-0.05887181722
-0.5172109887
0.7233386099
-0.7133879542
0.4230122775
-0.7537436366
-0.8692840382
1.709104335
-0.4042355562
-0.6726384521
-0.3149981402
-0.7352811277
-0.2736715019
-0.3649730138
0.4119331282
-0.05114572849
-0.4121273071
-0.6767809182
-0.006327479798
0.3974422812
1.684744394
0.2023717809
-0.2751520302
0.8194058999
-0.3237684451
-0.5174922124
0.3138290031
-0.9196695089
0.08646657337
0.252803899
-0.7911905974
0.2058392759
0.01179824863
-0.9685841501
-0.3085010447
0.604327774
0.01597896123
-0.4460479654
0.6525529161
1.565122938
-0.712608242
-0.1009954277
0.2773697235
-0.4138552293
0.3276928069
-0.1316889461
0.02549638022
0.2596033307
2.759336758
-0.150406229
-0.6891940445
-0.9237284809
-0.3144276746
-0.7704582006
-0.2377111822
-0.2456450544
-0.198601963
0.7249593422
-0.377738376
0.5530704439
-0.5909898251
-0.8664198607
1.730940872
-0.269919843
-0.07814112371
-0.6502967417
-0.3096970946
-0.6882199049
-0.3836205699
-0.4483928211
-0.3289968679
-0.002638027072
-0.8217391193
-0.7503332511
-0.1226604427
1.294743007
-0.1514481952
1.22342461
-0.106101691
-0.2031345945
-0.4672039859
0.865271908
0.6883453727
-1.07259281
1.361114568
-0.5736061499
-0.4899847284
0.4010742676
-0.2889811456
0.5375718631
-0.2797082502
-0.2879258528
1.421654981
-0.3430558864
0.217795838
-0.4728943624
0.648899585
-0.2044950951
0.1912148198
0.2372333023
0.2096327953
-0.2886301741
0.03219381943
-0.01123439558
-0.4148216665
0.8447699413
0.09486968657
-0.1199351525
-0.6070153683
-0.05610143328
0.4864527173
-0.2187285405
-0.1279672313
-0.5042923093
2.169798523
-0.4669892922
0.5691679843
-0.2474293664
-0.5316605806
0.4759272523
-0.302377755
0.2770197174
-0.2405213647
0.4804335192
0.4074949261
1.341955796
1.034988414
1.082400084
-0.2516373077
0.005890966952
0.05211881022
1.796383706
0.8990599323
-0.04491289686
0.5649994269
-0.2134577218
-0.09618662037
0.2376369249
1.402378935
0.5798275694
-0.6333328903
-0.7371403664
-0.4050900659
-0.802853629
-0.1762940966
3.896476567
0.07894393569
0.1476291022
0.2107911454
0.05569772562
-0.2567121827
0.8339046121
-0.2803986274
0.4972076356
0.6583706424
-0.7182277396
-0.2033079423
-0.1078114798
-0.1262043105
-0.7445122048
-0.04159975946
0.1680102484
0.5393404335
0.7795057297
1.447469038
-0.2102969062
0.02674263129
-0.1857560886
-0.1197665676
-0.3645854425
0.1070349639
-0.4946901128
1.328148669
-0.04589757817
0.04097885061
0.07460095026
-0.3459214173
-0.6130227968
-0.02066261335
-0.6596621886
1.192606524
-0.7743359089
0.4686064247
-0.3555486329
0.0955396126
-0.5485956043
0.9761695325
-0.09232698102
-0.03977207374
-0.4794300243
1.16337837
0.08664363511
-0.6793161422
-0.347410473
-0.8195347607
0.0466510186
0.1648020837
-0.6055967316
0.1932632224
0.0153747418
0.6916808546
0.2818504889
-0.3426617377
0.2227583513
-0.2224900078
0.3566762097
-0.5132295057
-0.147707817
0.2588642334
1.336976373
-0.05038327146
-0.4989063084
-0.7291303426
0.2157485941
-0.8256048858
-0.08227287494
-0.7999393925
-0.2436417993
-0.1666803366
0.4628300354
-0.1933209913
-0.9092027962
3.94903177
1.131389189
0.67275052
-0.3250596575
-0.8993347049
0.2256320911
-0.5113111578
-0.3525242455
0.1705789462
0.5458349146
0.1547653707
-0.2119592024
-0.3254090734
-0.7052512825
-0.01293945275
0.01239803154
-0.5125693679
0.4046061883
-0.5398106396
-0.2983831648
0.2449750055
-1.147231257
0.0495832406
0.2101259324
-0.4477343678
-0.3561660171
-0.2320572967
-0.09718362987
-0.5635229185
-0.176212208
-0.6475877985
0.3066028885
0.1576767789
0.6838775337
0.3723712567
0.5216403991
1.848952043
0.5353494462
1.603910643
-0.3835579449
-0.4240239274
0.4617873169
0.6587721094
-0.0376517931
-0.02352628633
0.8359849036
0.7563201874
0.01438107612
2.127294564
1.048624124
1.363715404
0.8570992589
0.7229485586
-0.2048908684
0.1524091616
0.7273019314
-0.6393220544
0.07797770812
-0.6989363611
1.331945801
-0.4871564895
-0.4195968436
0.6181542158
0.2131585391
0.08706030166
-0.0800856798
-0.01375646824
-0.04893904077
-0.45698222
0.8059688941
-0.6624316305
-0.4232698195
-0.484395574
0.2914049137
-0.3176992841
-0.583801049
-0.2325821437
0.1394960191
0.5902873732
1.329934236
-0.3693494707
0.7902069449
0.04706303636
-0.1565122183
-0.2836512227
3.183490551
-0.2141728438
-0.06514644749
-0.09559609126
-0.04835033286
-0.199558923
0.8155124918
-0.4294781581
-0.818006888
0.1133391761
-0.1383310376
-0.2158047156
-0.796996507
1.266204359
0.09995313259
0.7986154482
1.348329049
-0.8868929297
0.04698744975
-0.2922355544
0.05376967005
-0.708062622
1.181716612
-0.8560932398
-0.9062276751
-0.9904957145
-0.2759101789
-0.5924686611
-0.6626385748
-0.6198964059
0.3232542034
-0.5462871686
-0.5670100361
-0.1360466626
-0.5030871704
-0.4798729748
-0.2702865962
0.3117682151
0.9004299194
0.2342640869
0.09488241784
0.7647276849
-0.1156889811
0.3732999269
0.6112983987
-0.007428463176
-0.8794457316
0.6368988231
1.055738115
-0.3324328579
-0.728538236
-0.3922060117
0.9665786147
0.1390492083
0.88957133
-0.6832837462
-0.1397182487
0.0986054847
-0.4127251826
-0.4273730695
-0.2065363528
-0.7185567126
-0.6255535081
-0.7991217971
-0.6613352686
-0.4570696771
0.3348290324
-0.03834920032
-0.4943023995
-0.04702713806
-0.2217721641
3.899070096
0.5476964533
0.3546373703
1.027445525
-0.3198276632
-0.6907051742
-0.5649069101
0.9706715271
-0.1335134262
-0.1105744638
-0.4829158619
-0.6701284721
-0.5654844284
0.3096693079
-0.2312561866
-0.5821186289
0.2638271673
0.1758599891
-0.1649240412
0.1838396399
-0.8837229639
1.861432636
0.9900106698
-0.447166805
2.030558503
1.48996948
-0.5285547301
-0.8776755929
-0.3989437811
-0.9356458336
-0.6906609356
-1.077004251
0.4107888505
1.069091019
0.1444198971
-0.7037339211
-0.3029992424
-0.1426291108
0.650135912
-0.3187973943
0.3844744816
0.02772652842
-0.7354370579
-0.4818325408
-0.5704671472
0.05184695618
-0.1883310443
-0.6108891487
-0.1836638323
-0.7267843515
-0.7661535084
0.02645351812
-0.8098593891
-0.7450899795
-0.005633539148
-0.6684453711
-0.04256068561
-0.1692607865
-0.6264029577
-0.09243666492
-0.3505762344
1.841122806
-0.2737614069
-0.5924377397
-0.3405333295
0.07132306965
0.07460077722
-0.1647454552
0.2949713491
0.3271501735
-0.2458989838
-0.7700572222
0.3659346379
0.01265709326
0.04354090923
-0.877568683
1.501175249
-0.3989294365
-0.2973135591
0.0654569963
-0.1059713982
-0.3187155654
-0.07707546377
-0.3321051888
-0.4119521841
0.1067472212
1.104258233
-0.8439055383
0.3693415478
1.822697091
0.3560284626
-0.2091453222
-0.3305212945
0.1771088939
0.509756799
0.5370458439
-0.5006303817
-0.1832724007
-0.4093572393
0.801500994
-0.2879252339
0.1612855259
0.03337592687
-0.4007189639
-0.4534216903
0.05511391964
0.2091628686
0.03208499332
2.707028073
-0.3580737844
-0.4431011129
-0.1411749161
-0.4325144485
-0.08778380696
0.04037871258
0.1737348009
-0.07619205043
0.1339653044
0.004281735793
-0.56088496
-0.2416917041
-0.3082570374
0.8196621925
0.07395480415
-0.1255760688
3.451237702
-0.03237444125
0.9935280919
0.4578317128
-0.6033743128
0.2591104301
0.6857158095
0.6533610195
-0.4088224187
-0.6133290954
-0.363578295
0.07518214118
0.007178212702
-0.3621927984
-0.6412735879
0.02191751115
0.1266286468
-0.7486772776
-0.1193364131
-0.2468135204
0.03322496202
0.06171903601
0.967306149
1.109772465
-0.3642982546
-0.5652214363
-0.07608844126
0.4319314577
-0.4920844086
-0.4294076212
-0.2009025111
-0.4010840788
0.3630453404
0.3422977537
0.3687441994
-0.151009522
0.3669166707
0.1655400339
-0.7215607524
0.8890636757
0.4611228652
0.5585689008
0.05825356948
0.5095238084
1.348201406
-0.02880009608
0.8076126099
-0.158615905
2.606268871
3.173420572
0.3185248248
3.198886096
1.184127945
-0.1117525376
0.8617870659
-0.1117790477
0.1230851183
-0.8274028704
1.042265472
1.779172856
-0.1803825269
-0.3999415085
-0.04548607459
-0.7133117795
-0.2604155142
0.4529421672
0.125395399
-0.4593469091
-0.2093799901
-0.5243023634
0.5098804913
-0.108537953
-0.2179500705
0.1682863891
-0.04267777614
-0.6701091349
-0.1014595922
-0.1267756263
-0.1981650215
-0.4387218758
0.1911547873
0.0727199452
-0.108751775
0.04620326124
-0.07062241193
1.989826912
-0.7599879146
0.4569217291
-0.2781099055
0.08015642599
0.2233821783
0.1754497381
0.05128446538
1.555794394
-0.1708537289
-0.07499957131
0.03695333274
-0.110114147
1.429185188
-0.1272081494
0.5363002129
0.02519504372
0.009358073911
-0.3073651575
2.216832334
-0.3773151711
0.1314653802
-0.2687285122
-0.2407470107
0.1539871241
1.513950273
-0.5506744638
1.501849949
0.4591073692
-0.01599549763
1.023168412
1.614984891
-0.1922968561
1.120612976
-0.5966107011
-0.1225774439
-0.1415707044
0.1701068677
0.1320271084
0.8855505288
-0.2167561203
-0.07680923874
0.5242989898
-0.126152706
-0.217342438
0.3154561915
-0.07736277487
0.8920349464
-0.5189860359
-0.7715585262
-0.03179368125
-0.1048183981
1.017482342
0.2816603974
0.1038353202
0.2555202612
-0.04222635403
0.6630433783
-0.3320530266
-0.5399319232
-0.2908746444
1.251994196
-0.04526785146
-0.705614838
0.5955493972
-0.1045901852
-1.157924581
-0.3401175231
0.3595085628
-0.05854870668
1.38651123
-0.552796188
-0.186363784
1.163996258
0.06275467016
-0.5633777097
0.03300369475
-0.2176123464
-0.7091873944
-0.1596322518
1.445242524
2.344865429
1.43599585
-0.6867781147
-0.02869799477
-0.6853328973
-0.3970192447
-0.1773439483
-0.7966990218
-0.3324733272
-0.8228631526
0.4936033782
-0.5958014548
0.1881942775
-0.9839403421
1.055210066
-0.94094567
-0.313495452
-0.7047405645
-1.108504757
-0.213583634
0.1230375983
0.8674912557
-0.8768565923
-1.016458488
1.283860061
1.763198447
0.3009570774
-0.07423288766
-0.8956599474
-0.3165675215
1.067533642
0.3218420498
1.165748376
-0.3335882761
0.2297086332
-0.5293433383
-0.3367211036
0.2527826462
4.196305823
0.3137901324
-0.2084256679
-0.6417416781
-0.8060715139
-0.3578018643
-0.06943533421
0.8181894168
-0.1072302191
-0.6133460686
0.53473607
-0.6115912005
-0.01795647796
0.04713202585
0.003550088592
-0.5512909994
-0.6855699539
-0.6321400926
-0.2633983582
-0.5503361896
-0.3183428131
-0.01019467367
-0.2155596789
-0.01189168617
-0.480008547
-0.362131568
2.295499086
-0.09536927175
0.09036031272
-0.2555124857
0.4065838143
-0.8052319676
-0.1401624488
-0.09990694672
0.1492889078
-0.706189473
-0.3698147275
-0.6624279201
-0.6023946583
0.1471906636
-0.7519140929
-1.013170892
-0.9870351523
-0.2206838951
-0.6121755168
-0.8264492214
-0.6988744408
0.6941394016
0.7770895764
1.598928767
0.835256508
-0.3128882952
0.2850327974
1.235320726
-0.1857699137
2.325427043
1.340905899
-1.145012903
-0.7601882249
0.4671996817
-0.3290182412
0.1472435262
0.01425761534
0.2544809442
-0.3142957956
-0.2590371382
-0.2810380388
0.1230568266
-0.03589090463
-0.5357097909
1.248808372
1.326503608
0.2642580394
0.5555685714
-0.01369872047
-0.3292656414
0.2147841419
-0.2672814656
0.6136980705
0.4073886797
-0.4159061924
1.194241056
-0.3158107415
-0.7302781031
0.8072399139
1.129066291
-0.5230706051
-0.02531140654
-0.4813102953
0.3059245072
-0.06922962985
0.1454427241
0.202281104
0.08520569722
-0.5404974937
0.2070709514
-0.4197059512
0.4984226853
1.15769816
1.980699331
-0.2409364067
-0.282603193
0.3059327201
1.018135741
0.9423237681
0.927641812
0.3028275169
-0.226838975
0.6040685169
0.5653898641
3.093665779
-0.304024151
-0.4911978573
0.8817405522
-1.150081724
1.557288617
0.3115021706
-0.5931758538
-0.3475268573
-0.3244582906
-0.8838158518
-0.7350939214
-1.114702964
1.794377863
-0.4413572285
0.3688269263
0.9049174368
0.04524083529
0.437120723
1.058382975
0.8387438029
-0.3558706388
1.213852108
-0.1496085765
0.141607216
0.5882932901
0.3935781911
-0.4110661268
-0.7680189341
0.9265438408
-0.07298746621
0.9895213336
-0.33935377
-0.2126338616
0.2340174232
-0.06550401691
0.07548669833
0.0913241467
1.69007566
-0.2801666819
-0.0460841557
-0.5946671769
-0.7171619058
-0.778127107
-0.5550010353
-0.2691692866
0.25739513
0.1425723802
-0.6396729439
-0.4067880504
1.519607759
1.892813557
0.06031700764
-0.961558941
2.309068072
0.08042559475
-0.6858045682
-0.2850310922
-0.6507190228
-0.528674648
-0.1905922335
0.5972137421
-0.4591620982
-0.3372398034
0.3273739628
-0.316343382
0.5620987326
-0.4618327007
0.4458631739
-0.2814560421
-0.2607800789
-0.8034611106
0.9209266052
-0.4579602137
-0.2967749283
0.5602274656
-0.03881835788
-0.4938047551
-0.1972551657
0.2838768609
0.4335805267
0.2927995813
-0.876710397
2.762231708
3.751970446
0.463470808
-0.8162353009
-0.9954561353
0.6152372077
-0.2350860007
-0.0232596118
0.3872715939
-0.4626262158
-0.2461741989
-0.5300880224
-0.5626805291
-0.419647184
-0.2518997844
-0.1093551246
-0.2086122606
-0.3183540877
-0.6419027634
-0.03649597503
-0.5537073091
0.540373408
2.065149671
-0.2324451484
-0.2218813647
0.9885144919
-0.08924495699
-0.2242063511
0.03970977422
0.3926771583
0.03420555794
0.5990213484
-0.6633082688
-0.5484821215
1.277456957
-0.5256626993
-0.621455124
-0.4310110167
0.1490247486
-0.4675699234
-0.5812524989
-0.1275254578
-0.7613763675
-0.307502047
0.02465330986
-0.6570464075
-0.7732982397
0.4620755054
-0.3498782732
-0.6485390455
2.424646312
-0.3733908877
-0.180711367
-0.1966566357
0.3465158753
-0.3528229885
0.004086372256
0.7108230963
-0.1265733065
0.6606064796
0.01530931666
-0.02238246612
0.9401215732
-0.8584645063
-0.3646807283
0.2986446798
1.969772655
0.09457213446
-0.1311132271
-0.2336087551
-0.04292553104
1.195470563
-0.5249750532
0.3205481373
-0.9772571325
-0.8501809627
0.003648295626
0.2408578467
-0.6925154179
1.497428823
0.5032815348
0.4979804136
0.01468368378
0.6107478447
1.123659667
-0.03817833895
0.08577847518
-0.3992591262
-0.1349635273
-0.07443998633
-0.4292581335
-0.7461992681
0.1857469422
-0.3887268692
0.05304375421
-0.1516632486
-0.6881471246
-0.9533540249
0.03941514213
0.9075740844
-0.7960776359
0.1698948324
0.4845202103
0.04592673774
-0.04326777607
2.930263442
-0.811142996
0.6375768185
-0.2613323428
-0.8090002507
-0.016158944
0.3313009772
-0.1901917171
-0.5273045689
0.02242030501
-0.0553467432
-0.6244113147
-0.6485380411
-1.09197222
0.796616599
-0.2196478043
-0.3519954227
0.8102184102
-0.8145438135
-0.5834760815
0.3460658044
0.1347283321
-0.211091576
-0.2666091494
0.1323402597
-0.6481072605
-0.1213706579
-0.2465432249
-0.5535626799
-0.3046836104
0.0491451933
-0.105179075
0.9021868944
-0.145587616
-0.9159542039
0.03738053916
1.139281762
-0.3672680127
0.4106104091
0.9635186046
1.241677669
0.836287418
1.859345704
-0.02462702263
-0.1093935858
0.337031674
0.3784849048
-0.5017948762
0.9874895811
-0.4914347306
0.004947110452
1.182071596
0.1631143417
0.22942329
-0.2083360933
-0.41772549
-0.5188674688
-0.7691626087
0.4588325985
-0.02093966696
-0.4483662784
2.913875556
0.7962749258
-0.5880753174
-0.3248758294
-0.3199779209
-0.7600384459
0.1938881347
0.04375337502
-0.4112332761
-0.3572633911
0.4822126165
-0.8972178876
-0.5667221889
-1.020909467
-0.5251141444
0.3572954998
-0.03497372475
-0.5764966562
1.048055843
0.1194272384
-0.8547142863
-0.6960286379
0.1134619222
-0.9141340941
-0.150599258
-0.01610054392
-0.5649604544
-0.04237768995
-0.2498673361
-0.5648736238
-0.1600286946
-0.05766698625
0.8419213504
-0.2409599226
0.3197123259
-0.6133349568
0.1292486947
-0.4324335039
1.830144462
-0.6474347651
-0.6155889347
0.319534269
-0.8990635902
-0.464501752
0.143304116
0.7806984946
0.3648332585
0.1569270699
-0.2574693136
-0.09988518544
-0.146580901
-0.489158836
0.7245587111
-0.2197468724
0.4261136174
-0.1015761271
0.3117441868
-0.7396112949
0.9267323688
-0.1233967843
-0.3495648988
-0.008860276453
0.4909198649
0.660904327
0.8504883304
-0.710529533
-0.4499845698
0.04922831887
-0.1271561231
0.9265677661
0.4332648169
0.5911345959
-0.9988584042
1.543873453
-0.1968847878
-0.1087779719
2.883380783
2.268975317
0.3966213331
1.478273576
0.7457427427
-0.3806602569
0.5744299643
1.462972128
-0.09007316679
1.000168326
0.8567413241
-0.2787531897
-0.3075945005
-0.1708218541
-0.4735034265
-0.0678725468
-0.4712986544
-0.8374037087
0.216388621
-0.6261861689
-0.7389624417
-0.5124190681
-0.1105728172
0.6022275001
-0.3952505704
-0.1225253118
0.5764970258
-0.6290721357
-0.3932567351
-0.4367686488
-0.07288764846
-0.0979058465
-0.0614336919
-0.2890083022
-0.1008140163
-0.1699648581
0.5805363782
0.722137475
-0.138357584
0.2459661684
0.8041798472
-0.2766165659
-0.6207222745
1.533721071
-0.03453989034
0.1082777985
-0.01041325126
-1.246555656
-0.3768268675
-0.2331787322
-0.6712906227
-0.1079436619
0.2155812571
-0.06858224049
-0.1130927549
-0.6122238047
-0.5371029466
-0.4389142528
-0.7641248673
0.05990080461
-0.2198196676
-0.1686407663
-0.03002408575
0.8475319728
0.6707598731
-0.2553959325
0.2429409772
0.1773993121
0.3902690977
0.934513779
-0.1181777665
-0.4967491284
-0.2616306227
-0.395364888
-0.05886778515
-0.6436322674
0.8897844344
0.03413671497
0.03947831122
0.407639531
1.919101959
0.4891808778
0.6395702839
-0.168136788
0.0655773215
-0.3539324433
0.4751078375
3.013651931
2.668105543
-0.4683446929
-0.514934288
0.4381589245
-0.09109826665
-0.1000846026
0.1068747
-0.4599230021
1.317161727
0.4522669069
-0.1865027439
-0.2260225996
-0.2718768965
-0.6226679593
-0.1666386634
0.5587425247
-0.3579888439
3.49940995
0.1729289394
-0.3998221152
-0.3455593884
-0.04998486172
-0.9795298815
1.090196568
1.123522833
0.0348665813
-0.7817223787
-0.2568358372
0.7562525526
-0.2376797063
1.378142366
-0.4221577808
-0.7089148253
-0.2810510442
-0.2848023187
0.9028236911
-0.2740080464
0.05719547011
1.309557942
-0.2786653355
0.03155426118
0.01274794079
-0.6561618626
-0.5562177062
1.24727619
0.1608680561
-0.3196666971
0.3477925844
-0.3590297945
-0.6905076593
-0.1899915716
0.05565886628
0.01206796765
-0.4479647562
-0.110529172
0.3643482968
0.336831012
0.7392508924
0.5967976347
-0.2078544487
-0.3711441547
-0.2284854528
1.353931659
-0.6167831942
-0.1924705286
2.370089537
0.0002991765738
0.3386012176
-0.9268837094
-0.4125534857
0.5886002839
-0.3666509826
0.370292927
2.902491283
0.02791673876
0.5958586503
0.7309995934
-0.2747437343
-0.4648551114
0.754227896
-0.3783280976
-0.1785258297
-0.5156072021
-0.6929265201
-0.2068757707
0.08083125195
1.399610561
0.7763367295
0.146375333
0.3204527855
0.3080341995
-0.4529916972
-0.1167450029
3.505056667
-0.4180910096
-0.3089232437
1.637553632
0.03325487468
-0.07547917231
-0.4368552789
-0.634289442
-0.4806067392
-0.3150412387
0.5299773693
0.9398230821
-0.3232596576
0.3622581892
1.008048925
-0.3373928718
0.3328301847
-0.352777742
-0.1452740588
0.9806106329
-0.4548696853
-0.001153797284
1.033335984
-0.6918078184
-0.1870211776
-0.8888591021
1.15731841
0.1857715456
0.2911956178
0.1577514747
0.4855177544
-0.3649120301
-0.313617833
-0.7969943702
0.8127738282
-0.09903601054
-0.04543587882
-0.3486482367
0.4889704742
-0.9581642985
-0.2750670921
-0.3772760004
-0.08429712653
3.508485353
-0.4122508511
0.1200351471
-0.1145821603
-0.7938987553
-0.01266863495
-0.04297596384
-0.3429106273
-0.572992909
-0.3692878243
4.008650291
0.2805489208
0.8906539083
-0.5968053475
-0.3744710531
-0.2833748903
-0.03883217387
-0.310553151
0.5051849261
1.098283947
-0.3331849739
-0.4878748827
-0.7227614284
-0.6487076372
-0.002539409883
-0.4199429318
2.431436753
-0.8409933716
-0.2919003656
-0.7473230809
-0.5550008923
-0.5649973974
0.05947468784
0.6533600315
-0.3329051282
0.7193442509
-0.8462331861
-0.4905031085
-0.3386224091
-0.1990020065
-0.6515076078
0.382139777
1.05923399
0.06928530475
-0.1081464065
-0.9264362782
0.2095522424
1.076330584
-0.5795021921
-0.413757721
0.3565518625
0.03063744651
-0.6097923756
-0.5792268619
-0.5824531943
0.3355864912
-0.01797385367
-0.5528898343
-0.153033226
-0.4805952877
-0.5358138546
-0.1720815029
-0.1620800171
0.2082369796
-0.01209430005
-0.2770085388
1.214447471
-0.5334282383
1.09161827
-0.5750583515
-0.341913346
0.3915483531
-0.6749012142
-0.3280366387
-0.0502976604
-0.3925346702
1.552067506
1.4137537
1.425944686
-0.9529542536
-0.3177183006
-0.329375392
-0.1869909927
1.589509228
0.1142813776
0.1588690159
0.7621687533
-0.3714742854
0.3791038426
-0.6750022233
-0.888107729
0.5739051402
2.358094108
0.05611315863
-0.6032339334
0.2894997537
-0.007227706164
1.417185694
-0.255415659
-1.008289284
-0.1293380782
0.007401169837
-0.575217475
1.971161884
-0.2903102398
-0.622923775
-0.3035584707
2.47221458
-0.4426184106
-0.00516245421
-0.06910788231
0.254249078
0.8013383806
1.265716338
-0.3395597365
0.5738551959
0.08048331076
-0.5541346312
-0.9044566959
-0.5826370172
0.04784931829
-0.3040706933
0.4973228928
-0.5431799397
0.05440266635
0.1189825466
-0.04353637621
0.372468242
1.87332654
0.9397357211
0.2444357157
-0.6289326042
0.2773024037
-0.2856054094
0.8799165606
-0.1656471062
-0.3425736047
0.867260468
-0.6068235621
-0.8408691496
0.2541709421
-0.5854185358
-0.6381764412
-0.6596864671
0.05006084321
1.339602634
0.01049172785
-1.107599539
-0.9853697091
-0.5077298477
-0.07244297061
-0.0884194361
0.03532737307
-0.4972446591
-0.5095336139
0.6111188039
1.037864986
2.385286897
0.1601086762
-0.3443016559
-0.2765186215
-0.6014015496
1.697521135
0.658505474
-0.4414365262
-0.7941209763
3.090111184
-0.7670783594
-0.0384474555
0.2466574131
-0.003941406962
-0.4920623511
0.9451281384
-0.2867901646
0.2277734322
0.3994517542
-0.1772949992
-0.131718174
0.05561081781
2.789507222
-0.501535745
0.7223158464
-0.4953473389
-0.6031386718
0.05699032862
0.1620906447
-0.6325926468
0.4361624956
-0.3420474667
-0.7907933712
-0.5999106452
-0.5815263093
0.03395348722
-1.043378311
-0.8379137009
-0.4911565617
-0.5421150967
-0.421611315
-0.7528662294
-0.2765072927
-0.7005646378
-0.6209918357
-0.1537398995
-0.5496512786
1.35640735
0.4800228588
0.9328768179
2.791591239
-0.6168758631
-0.5935365498
-1.033989269
0.1601232614
-0.40026768
-0.2685123026
0.01456139581
-0.421628055
2.812540996
0.5970939983
-0.2249306418
0.08778949175
-0.6462011024
2.482153612
-0.4339585558
-0.571964021
2.152701735
-0.104235734
-0.4374466658
0.8874284595
-0.7826919973
-0.3752566367
3.186100745
-0.4494835526
-1.011009607
0.9395401061
-0.6035303637
-0.7710805207
-0.1328666544
0.1656147901
-0.5955561087
0.9643602729
0.1036188574
-0.3173875846
0.1620953305
-0.6295459569
-0.04283073433
0.3157302533
-0.952752015
-0.2032677468
-0.04241679013
-0.3510889515
-0.4876078859
-0.4916925684
-0.05168980006
0.08003228754
-0.04779140688
0.8361284554
-0.5923326686
-0.1365566287
0.1169588599
-0.6689201415
1.116728145
-0.194349822
-0.2715654046
1.184864911
-0.9900422484
-0.3607452773
-0.3662858859
-0.6477082834
0.2604145449
0.03339658044
0.09497812125
-0.1405376995
-0.1653205817
-0.126404393
0.3888606712
-0.6612290099
-0.6623982191
-0.284545584
0.6592898075
-0.7026155114
0.06278666183
0.5907624722
0.02978996523
0.1535950984
-0.463148202
-0.924885428
-0.188508312
3.262070048
1.493251511
-0.6563715577
0.06491041684
-0.3112293236
-0.7729809672
-0.5095688082
1.082593235
-0.6410869867
2.504191816
0.1806464329
0.09169853833
0.6519620031
-0.1581472177
-0.8842267871
-0.8774994642
2.044292802
-0.5157263324
-0.06945436411
1.086753657
-0.1922686534
-0.4483587489
-0.7649358422
0.3812226415
-0.6571777642
0.07483473243
-0.8778546214
-0.5538647711
-0.2486015756
-0.5478988469
0.8394795686
0.4662240857
-0.1086338399
0.7096934557
-0.6802265197
-0.6524111092
-0.005058456212
-0.6779272124
-0.8362298787
0.4483568653
0.1556581437
-0.7780116349
0.01443865374
-0.5905373171
-0.5904518917
0.0729671305
-0.4182740048
-0.1944617368
0.9695165396
-0.1266865462
-0.4422585689
-0.561622899
-0.4386464857
-1.084052497
-0.06972900964
-0.7320928618
-0.4926037878
-0.279868323
0.7593599349
0.424565471
-0.6701324813
0.9509286255
1.1481904
-0.003905502707
1.17044231
-0.7189971417
-0.8631904066
0.6281485751
-1.055992526
0.1469218327
0.1446783341
0.4797110647
1.626363254
0.7993419945
-0.04307070514
-0.4271212265
-0.4149635419
0.09585711714
0.08083618432
-0.5675700873
0.08644587132
1.536289972
-0.6838820755
-0.4175270699
-0.5834362954
-0.5923569307
-0.02242830656
0.4361582302
-0.2817790132
-0.110729268
-0.9330567211
0.1860566565
-0.506739977
1.133840278
2.854628038
0.2469793834
0.5436081268
-0.6138513185
-0.3296790503
-0.5807936542
0.7806496322
-0.8136679173
-0.623144193
0.6851016842
0.2056160953
-0.2567190524
0.2761197848
-0.5706228957
-0.3324454449
-0.2339833379
-0.2005351551
-0.6697946057
-0.8683713436
-0.3397107966
-0.1987454511
-0.067572961
1.121635547
-0.351452662
0.6046578422
-0.223128403
3.331484544
-0.310780935
-0.5883437157
-0.404578682
-0.7357917488
-0.2475469884
-0.1243141433
-0.1952468647
0.5183451489
-0.3220533676
0.5037417213
-0.01766204983
-0.259504823
0.6502098761
1.071530217
-0.9440193415
-0.3618212216
0.8320147924
0.009576204792
0.3954670651
2.021559209
0.3633021027
-0.05227713771
-0.1263605762
-0.7010803312
-0.1316583211
-0.7406508982
-0.4001420647
-0.7922749937
1.397350866
-0.580142118
-0.820547846
-0.09701709244
-0.005199127272
0.1005310922
-0.1060355021
-0.2298769981
2.149167138
-0.1502679434
0.6410891891
0.6139760301
0.3214428123
-0.08928332105
-0.3032545047
0.6459833026
0.730570966
0.9149868757
0.5134867325
0.5091702417
-0.5417278171
-0.1446965958
-0.9028883755
-0.4592067562
-0.5510982782
-0.2284947701
-0.1608633103
0.04202176332
-0.6527630761
-0.1126667347
0.9004039541
-0.5159241825
-0.4969462633
-0.4559797853
-0.5942457378
-0.06737369047
-0.6780879736
2.635878956
-0.08842899958
-0.8440267801
-0.3065514468
-0.2456635773
-0.6442305282
-0.2584286204
0.240381787
-0.06938888002
-0.3672568306
-0.6461125761
-0.6931924343
0.9031396374
1.545042571
-0.08778411923
-0.5967051223
-0.9371626258
-0.5291895226
-0.5644125015
-0.4720941931
-1.053230464
-0.2511917286
-0.7270625278
-0.4701727241
0.863927266
-0.5463479981
-0.2383066021
0.1747742621
-0.4567079104
-0.6333763286
-0.4727280259
-0.1279591817
-0.1875054874
-0.3747164203
-0.1379618309
-0.4177268662
0.7624088511
-0.3174181394
-0.3000938356
3.13590076
0.7113367528
0.3185475956
-0.06883184137
-0.1913358906
0.1682435893
-0.01110483948
0.331548585
1.032670382
1.779455119
0.06219289768
0.3355393082
-0.2518013174
0.7240289941
-0.1358541705
-0.4284043431
0.3111405296
-0.5895614982
0.116862623
-0.1582588213
0.5079227224
0.167874199
-0.6872002244
0.1488116888
1.001611385
-0.2535070905
-0.3200516932
-0.3880001031
-0.5777797326
0.03185386974
0.1342958017
-0.2582237937
-0.9220772117
-0.4286784608
-0.3175486609
-0.7739099354
0.05124196839
0.8129098743
-0.2215534475
0.1305497263
1.263459492
1.261906663
0.2888445713
0.4143522888
-0.16719089
0.410584075
-0.2322473243
3.754406261
1.663275275
-0.8021434218
-0.5675021142
0.9883818597
-0.499943763
-0.3283171449
-0.198986716
1.115671706
0.9374583393
1.479759324
-0.2509567328
-0.5773605675
0.2920558508
1.44435569
-0.01045096088
-0.6100398093
-0.2209459833
-0.3813376814
0.4119184896
0.01644863067
-0.3856293023
-0.349911917
1.285296738
-0.4980302781
3.046255028
-0.347656408
-0.6130323485
-0.3792140782
0.5200882778
-0.9188552499
-0.2712229762
-0.7011050344
0.3739362987
0.7176012993
0.4586995848
-0.5371020496
0.09253855441
0.5783190683
-0.2531562932
-0.8909653068
-0.4551010475
0.7039121702
-0.7906458825
0.5003367081
-1.042923632
1.289110512
0.6004191652
-0.2435901292
0.595510295
-0.6104834586
0.9756074369
0.318939242
0.1903337769
1.379647133
-0.3564773008
0.02900972837
0.6980255559
0.4587902844
-0.2055105031
-0.06681317855
3.44345392
1.23657836
0.5857568182
-0.2185716806
-0.5858889639
1.025341272
0.1434972254
0.6031256996
-0.7542000115
-0.3158706903
2.069708693
0.09848152557
-0.1133805964
-0.2233606106
-0.2682620749
-0.6182520479
-0.08041893209
0.952222617
0.4842533365
0.2630617504
0.1038531408
0.295378011
2.263027894
-0.399228739
-0.1087088391
0.5603219464
-0.5932515517
-0.1956661835
-0.008090932295
2.852477813
-0.5301384196
0.683524318
-0.6166571602
-0.192778863
0.3382615669
-0.2251086963
0.3226977076
-0.08171150647
0.5416377634
0.6594855756
-0.9419537216
0.04931901926
0.159169056
-0.2259836838
-0.4311730959
-0.3949283242
-0.1743058734
-0.8343507409
-0.3568639368
-0.2950850867
-0.08102308325
-0.1417891096
0.1536221037
0.6381597497
0.2792642914
-0.2259976208
0.8617680669
-0.5858356826
0.2587203838
-0.1658664161
-0.4398930177
-0.8740441978
0.3650461793
0.2796396585
-0.397845079
-0.5431243554
-0.3930107966
-0.6239509061
-0.8611803502
-1.035812896
0.07342072334
-0.2238854491
-0.01845488865
0.6459397838
2.431116831
-0.645631294
-0.6107143939
1.507833219
0.6354400918
-0.4887669444
-0.2072105346
-0.5518195018
-0.3090796735
-0.2318521544
0.05634095548
-0.09484577216
-0.08186364789
-0.6183006823
0.2199476949
-0.3913623892
0.867854178
0.689493084
-0.05498459889
0.2125201343
0.05116113569
0.02177024912
-0.276802963
-0.2757759646
0.2752526775
-0.0864374537
0.745897679
-0.2545557308
0.5378246784
1.772792137
0.314195608
0.1761935351
-0.1697868749
1.124360204
1.744128656
-0.5423278496
-0.04421322569
-0.3526828781
-0.2515662048
-0.4825209141
-0.42364503
-0.3022493742
0.7116778955
3.099679148
0.1378863174
-0.2072652112
0.03017283641
-0.4144248173
0.3049672946
1.392100519
0.9281100333
0.5591637127
2.902522302
1.698890525
1.051018775
-0.5191959679
-0.2917200071
-0.5544036254
1.143004915
-0.3594517268
0.6138922021
-0.0720012676
-0.3554723471
0.1735157488
1.093983948
-0.105253101
-0.03564599736
-0.7136261225
1.093345389
-0.09225468264
0.06475159321
0.5128029965
0.07426190241
0.09320553881
-0.6208768025
-0.1409566335
-0.3920828149
-0.3069800667
-0.3079544328
-0.0702882655
-0.2867803277
-0.2985231776
0.4362150092
0.5808719501
-0.1626641132
0.654754284
0.7482205153
-0.8067223728
0.07643143423
0.6410466954
2.003776193
0.8679401785
-0.282998883
0.5890920594
-0.5352906778
-0.2672031865
-0.3541368619
1.339170754
-0.3487578563
-0.5043457508
1.13500326
0.3438665807
-0.01813483229
-0.1063530352
0.881560722
1.046611455
-0.5846371949
1.486360851
0.3557515725
-0.7409390137
-0.7233440489
1.102443877
-0.3188349865
0.8223475307
-0.2211155695
1.143028834
-0.2288387774
0.6732879817
-0.639423161
-0.2462150907
0.0360938262
0.2580719527
1.034576166
0.2763347225
0.5857849866
-0.9785709977
3.278835106
-0.4505942613
-0.03656954635
-0.105881086
-0.05757070584
0.1288051534
-0.1545648387
1.007317588
0.06784773748
2.549873781
0.1032383107
0.2306472205
0.884780103
0.1511088615
3.607328439
-0.7199196547
-0.1033290605
0.8819650501
0.3185603203
0.3553875301
1.662185329
0.6097738877
0.8163931996
0.2531652233
-0.5283576891
-0.2617732804
2.504733539
0.7120807514
0.2452214997
0.8866230965
0.8535480291
-0.4875890195
0.02249301616
0.2133641012
-0.1945917372
0.3082334764
-0.009389665024
0.01734401137
0.3218679432
0.6531994462
0.09211993143
0.4507283613
1.980207574
-0.06085378416
0.2512850422
0.1627165465
-0.544382707
-0.09107571137
-0.7368404746
-0.5938776329
-0.3229029849
0.1753758868
-0.5355202362
-1.026648882
0.064907833
-0.3670078382
0.6472801685
0.5876063287
-0.1875379778
-0.1835121084
-0.14383609
-0.03549487703
0.3738129636
-0.009632039815
1.055527425
0.4542524923
-0.05256261174
-0.4081809001
1.765903705
0.2765711036
0.1780068988
0.2367421479
-0.4837225288
-0.7176866591
-0.08904345222
1.299742931
-0.6205706954
2.055555356
1.509611225
-0.1873355301
-0.0163952779
0.08635531934
0.2028953697
0.4892590769
-0.06958874371
-0.2859106492
0.09819447882
-0.08524753135
0.7331125185
0.05432751756
0.38354313
-0.4983065315
-0.1632171011
-0.4075471953
2.669316781
-0.5282950878
0.2442883664
-0.4470900893
0.060890627
0.8213550031
1.120920864
-0.2601477377
-0.3045347021
-0.2306905231
-0.4636475265
1.833959466
0.6151290476
-0.361326874
0.5287305653
0.02751529738
-0.7608119011
-0.5678107679
0.8465861022
-0.2291854113
0.1554075975
3.768063223
-0.5006334484
-0.7351219535
0.1304156613
-0.4428246725
2.038326335
0.2795912921
-0.6759191573
0.1914637353
0.165767871
-0.01180731785
-0.06576427128
0.725079979
-0.4703638777
0.1542898268
-0.3407474257
-0.6529248103
-0.1667865368
0.4584432572
0.6082997151
0.9769613206
1.655625644
0.05809956742
-1.073311794
-0.2375357717
0.5444143139
-0.8529113367
-0.1424959116
-0.1268514832
-1.10099712
1.608825243
-0.720869723
0.07402538285
0.8803997636
0.008991300687
0.6248029485
0.2430781644
0.04444662109
-0.1840836775
-0.1508113861
2.385246569
-0.469802735
0.6544315472
-0.2141364884
-0.1017477255
0.145900177
-0.4009614117
-0.2690322094
1.336394507
-0.1104698069
0.9708316177
-0.1809241619
-0.7119253874
-0.15307291
-0.8944908291
-0.2122578003
-0.4169050232
0.3106859468
2.070481461
-0.6920154452
-0.2659951713
-0.5463811502
-0.01562828142
-0.5462944701
-0.6444323614
1.14422991
3.168599236
-0.3166997515
-0.8262875706
0.2191378154
-0.3255415849
-0.1234109484
0.3849260105
1.745836446
-0.4991011441
-0.6471386731
-0.4933510587
0.01487030759
1.61850839
0.2177611359
-0.4714269906
-0.06739013754
-0.1490526532
0.4276447371
0.04339302946
-0.497675015
-0.6598417312
1.586908096
-0.2302327072
-0.3219628103
-0.4264595121
-0.3988594003
-0.2250510262
-0.5852007493
-0.2109257491
1.289309216
0.8143763974
-0.3747193404
1.163813192
-0.5505021483
-0.04221982043
-0.1749189306
-0.5266094238
1.445578519
-0.1156881958
-0.341413676
-0.05472376244
-0.5603515148
-0.2460194517
-0.35891103
0.6999116242
0.06943881726
0.3200700443
-0.3882815912
0.05935912523
-0.3052343599
0.180097159
0.7455558077
-0.2256679684
0.09145517601
1.979975742
1.984680474
-0.0682722833
0.1660868475
1.053581002
-0.4627743088
-0.09520785958
-0.04916208396
-1.063429457
-0.5641728088
0.4491500027
-0.5605262667
-0.1274412762
-0.7780677378
-0.5804591179
0.1246791045
0.9673310935
-0.4036601581
-0.7139447063
0.3437528623
-0.3454469994
-0.5213204324
0.7068651229
2.788295984
-0.2695908554
0.1166212491
-0.3083028136
0.07347771116
1.777094901
-0.5209912553
0.08142312076
0.1114255563
1.473615175
-0.7195938379
-0.2975345902
1.6831891
-0.07352295183
1.006786665
-0.5058905333
-0.1651513561
-0.1798332119
0.1280415593
-0.3896866567
-0.3839469291
-0.05505091478
-0.8203176677
0.6183470555
0.02004743596
2.030613643
0.9509721756
0.8489391476
-0.1721162345
0.1281628303
0.1332341065
-0.1282531321
0.3008642793
0.1167863483
0.2949800128
3.593784499
-0.07890366758
0.1403776286
-0.3893171459
-0.4240971401
0.1604646277
-0.7222809851
1.310044613
-0.3182452545
-0.1566761311
-0.5811839804
0.1271445715
-0.2421075464
0.05203281315
4.081303966
-0.5149525478
1.090754661
0.01118024178
-0.3942484312
-0.3339485809
0.09941932829
0.3016114546
-0.05146585507
0.7749842182
-0.1643471507
-0.2506320665
-0.18698132
1.539243013
0.07534254175
-0.3021520033
-0.7755289793
-0.5455944002
-0.3742914211
-0.5230440833
-0.256284309
0.2356865688
1.006434703
-0.6443319336
-0.263992935
-0.6825697511
-0.4909643106
0.03854712723
-0.06341827419
-0.5818287015
-0.2321017619
0.8442944974
0.5699853748
-0.02927107718
-0.1110825019
1.332258064
-0.8161891043
-0.3378223017
0.3751479696
1.316944104
0.1235552723
0.6430109531
-0.01674116589
-0.5048924536
-0.2410457872
0.967125684
-0.1824137267
-0.7072971985
-0.3052843416
0.3550781578
-0.1197922109
0.3518518578
-0.4277761646
0.1505412477
-0.16083341
-0.1941517686
-0.4315001294
0.888487643
-0.424876539
-0.1574617751
-0.08679021224
-0.1693134403
-1.064155537
-0.4898460306
-0.6016736791
-0.02168442998
0.420512142
-0.4161468282
-0.4660862178
0.5709263027
-0.4407543302
-0.01991269495
-0.4726832509
-0.6153357491
0.180200698
0.5885883689
0.9699903131
-0.3946333282
-0.2389114138
1.137905127
-0.8960549772
-0.0294676471
-0.9460658371
0.1082653382
-0.04214819912
-0.1969322249
0.7018094048
-0.3185845397
-0.7894097835
0.379078641
-0.4966687448
-0.3430108573
-0.44322877
0.8577849746
-0.3484342419
-0.4366799623
-0.5241927147
0.7135672942
-0.2800059378
-0.1719981903
1.353111994
-0.03148413198
-0.2282515937
-0.06609462239
1.109431371
-0.280569014
0.9226442218
-0.3856348217
-0.288256209
-0.6362024471
0.4065060688
0.1274626153
-0.5364548177
0.3086011328
-0.2082976941
-0.6278229028
0.02975285286
-0.09955995847
0.05380290169
-0.907717219
-0.5277786076
0.2083585519
-0.3630397946
-0.2803963609
0.9148624539
-0.4999458835
-0.6026121557
-0.530458656
4.28570919
-0.1759393858
-0.5326252341
-0.02906017462
-0.01970120317
0.7665858306
-0.820772773
1.125116557
0.2382568903
-0.3755340047
-0.06042824518
-0.01197607927
-0.1123532435
-0.8274077147
-0.3855763867
-0.5245624349
0.932041356
-0.6539013505
0.6539990306
0.8226277411
1.701657432
-0.05745691322
0.8919107631
-0.2604263026
-0.5093078762
-0.5209438875
0.5534586713
-0.1955818258
-0.08242005054
-0.0822845126
-0.18371279
-1.009008369
-0.8975282371
-0.3761890441
-0.5421858266
-0.5925825343
-0.6441935197
-0.2528015241
0.4695241939
0.9392826378
0.01117429119
-0.3073163319
-0.8745379955
-0.07923214901
-0.3748764064
-0.6776855737
0.4840839505
-0.3748715684
2.409303248
-0.4798940912
-0.4137016326
-0.211381795
0.7286531299
0.176479526
-0.3715256438
-0.4374947861
0.7038353056
-0.1680040665
-0.20520656
-0.7293083698
-0.4188872553
0.2501042916
1.29196505
-0.1012828892
0.1841007357
-0.9872535199
0.005137842987
-0.1460800519
-0.4519037545
-0.529429172
0.7897766024
-0.3500253178
-0.6517944172
-0.4178641174
-0.5008336615
1.547911495
-0.6384765923
0.8776527002
-0.6946442038
-0.02007042039
-0.5790022485
-0.2957510563
-0.7575864047
-0.6413377553
-0.001481600478
1.69949649
-0.4847581014
-0.8146632016
-0.4739381105
-0.5833233841
0.7740943484
1.114245629
-0.09691203069
1.23111006
0.6362285137
-0.9051911235
0.4323418874
-0.1285489166
-0.2651310522
-0.7574540406
0.8721040875
-0.2855830241
-0.3194645115
-0.6053456485
-0.6125648096
-0.1649562377
0.09054868245
0.3450325236
0.2064981386
-0.3849498469
-0.09776154513
0.1665254327
-0.007015797868
-0.269784623
-0.07271437403
0.04961850177
-0.303412731
-0.3042382307
-0.5428392857
0.1431468251
0.183023828
1.914093089
0.1103004753
0.1200533815
1.97534216
-0.2427409288
-0.8354707927
-0.1679552381
0.8433281481
0.209091348
0.07345425971
1.162012038
-0.3640185632
-0.09886631528
-0.2383070078
0.02994678607
-0.2623117492
0.1512553725
0.3595031343
-0.4623770416
-0.5656873986
-0.6226394862
-0.5500371411
-0.2509677049
-0.8572801769
1.451128751
-0.1309673006
0.4720769867
-0.2173419217
0.1420545259
-0.2183932053
0.8129717886
-0.1474785851
-0.6341972888
0.9824210852
0.2452948608
-0.01785588823
0.3568742685
-0.7348603725
0.8661461562
-0.1143899852
-0.3165034167
0.8104088619
-0.07693892643
0.3351442316
1.334076017
-1.060252994
-0.04886194421
-0.1081884243
0.4016940004
-0.33199872
1.378620514
-0.9589326113
-0.4465072051
-0.8029050022
-0.0656898682
-0.5667194173
0.4821208857
0.06723407265
-0.1990241149
-0.2254878815
-0.2286363546
-0.6149414629
-0.5084647462
-0.4571534485
0.57031864
0.09410793465
-0.2660020031
0.03051917115
0.394588035
-0.0212303564
0.2555661995
-0.326031607
-0.06768557467
-0.1105702627
-0.5122987792
-0.3434034474
-0.741746515
-0.7987803549
1.737414104
0.9485098094
-0.5732867956
0.9289021879
0.2419226198
-0.6752191946
-0.7002982453
-0.2988689236
-0.3883103758
-0.6614307284
-0.6552485131
0.7706148215
-0.827151382
-0.4880017877
0.03177174702
-0.3854729339
-0.1246934373
0.1736939495
0.30899381
-0.4139552161
1.340293592
-0.3417215182
1.829805088
-0.9802019089
-0.3846355811
-0.5919715703
-0.2466086712
-0.2450496398
-0.02193710916
0.7650342807
-0.5723251268
-0.4006739505
0.8506404623
0.006171467924
1.208565435
-0.838608557
-0.6773960769
1.814164588
-0.3439263053
-0.6259635061
-0.112047611
-0.3793983079
0.1603411699
1.442909193
0.6952541277
-0.05753037306
-0.4182313368
-0.6577749863
-0.4181600714
-0.6113134474
-0.4704102285
-0.2075857501
-0.3825165227
-0.03881968949
-0.5170888692
1.100784504
-0.8308273166
-0.6065192215
1.349212274
-1.10522435
-0.1240863539
-0.2785023659
-0.4533292264
-0.8862704843
0.07841944303
-0.4018870994
-0.9372686356
-0.8950991541
-0.2331754766
0.07349576727
0.1445062384
0.3537442274
-0.2078034978
-0.04543683659
-0.7623735487
0.7165135309
-0.1351840157
0.009784201533
-0.4519441724
1.5492378
-0.1683988725
-0.2361749556
-0.6045455605
-0.6927691117
0.6506635368
1.352481481
-0.7016791254
0.122782642
-0.7168357581
-0.1889444996
-0.5053199381
-0.8621809244
4.551496387
1.916433525
0.01021587262
2.859499854
-0.3866630726
-0.294004659
-0.7038903117
0.3100801252
-0.8487354249
-0.1805747017
-0.3968134731
-0.615852271
-0.445530013
-0.6874150336
-0.4691571832
-0.7738398597
-0.1740895661
-0.08782514352
0.244540127
-0.06877820455
0.4218458474
3.741595805
1.438103706
1.404034492
0.3734405391
0.2117298268
1.655696315
0.00910121277
-0.1526389841
-0.3358654596
1.879630506
-0.8000110418
2.05923
-0.2892456098
-0.2323446762
0.03875922356
-0.8701338381
-0.8893565357
1.544573516
-0.9757403761
-0.5327151075
-0.05482187951
-0.3187931177
-0.7595135182
-0.2550258543
1.130635637
0.03547647614
-0.7616204053
-0.7122104913
1.271807854
-0.006383604649
-0.1629088553
-0.9112372518
0.3097235369
-0.2290456478
1.077087986
-0.5258689329
0.5915245831
0.2789636061
-0.005245735496
-0.1593041033
-0.2871424105
-0.3080921393
0.1519487377
-0.009770245943
-1.014439157
1.463078746
-0.3652533054
-0.4589767866
-0.807678771
-0.9471088827
-0.3298445981
0.1042553551
-0.7144195914
-0.6378940701
-0.5535806775
-0.4557714894
-1.130436918
-0.6391578168
-0.8065850645
-0.1418271771
-1.122376713
-1.192641255
-0.7143449724
-0.1662275549
-0.8001497552
-0.1124614865
-0.4302619025
-0.8203015566
0.5147028074
0.9534379765
-0.1343670634
-0.6931797415
-1.257281673
-0.4313564286
-0.0363663746
3.678411222
-0.7173667192
-0.2736625286
0.1700680288
1.115232414
-0.1999797544
-0.8666480422
-0.08155735396
-0.6018035024
-0.449273856
-0.7316939205
-0.4195667669
0.7062167183
1.119864517
-0.3469806209
0.8376326226
1.537533239
1.063917786
0.05947871823
-0.425874497
-0.3481956162
-0.2950866126
-1.127518871
0.3325998833
-0.3471637441
-0.1017255489
-0.5362330399
-0.2810176283
-0.5516662776
0.2165772678
-0.8737936974
0.6449836213
-0.7329763204
-0.2840205416
-0.5157510325
-0.2332034983
-0.4347435743
-0.26735925
0.3172000363
-0.5601601765
0.07316722218
0.6361289844
0.03250076026
-0.2892516501
-0.246238615
-0.2637987345
-0.1138819414
-0.8554890424
-0.5486156851
-1.058101293
0.269141918
-0.5192468822
-0.8055047691
-0.1410188466
0.142259243
-0.2141990924
-0.8031686813
1.721405143
0.4883387268
-0.4179548323
-0.2073905028
-0.4253207922
0.02397509636
0.3136354201
1.620592785
-0.7699934721
-0.3337569304
-0.05580730643
0.1473401334
0.5074000642
0.3089133241
-0.7570327133
0.06733313408
0.6521382317
0.535015595
-0.5132908285
0.01730938847
-0.9168106794
0.198166772
1.913217211
-0.08308291286
-0.1025297038
0.2366563608
0.795595023
-0.390018411
-0.3150018189
-0.1596113155
0.2854158103
0.3408517662
0.647562106
0.05561260935
-0.06578896132
0.0698979238
-0.1550267538
1.461543119
-0.1407860776
1.680511761
-0.3559875958
-0.4149519786
-0.4016614363
-0.09867293257
1.681406295
1.992855084
-0.2193211438
0.1844904905
1.063269842
-0.7911663264
0.9836590052
-0.2318441402
-0.08158406625
-0.5954333216
0.02116718069
-0.4970044181
-0.3548223711
0.6690549403
-0.8918509811
-0.2833336446
0.1412108683
0.1378673854
0.06445438778
-0.0005327286664
0.1715225864
-0.469245974
3.707654262
0.5185668528
-0.4822617784
-0.3417065427
0.04239665661
-0.2784511164
0.09563737158
-0.01944491451
-0.1891244813
0.6970799223
0.08203161871
-0.4595322531
0.5358801782
0.5088743279
-0.1214947883
-0.2878754161
-0.5760743901
-0.8334327757
-0.2214709021
2.461379313
0.3307071831
3.651865768
1.760511452
-0.07176393997
-0.7803364396
-1.060190046
-0.5246040054
-0.05868168529
-0.4219993919
0.05118421121
0.5976840585
-0.008429279923
-0.1823468395
-0.07807202414
0.2041742362
1.013013965
-0.4025077567
-0.5605708703
1.260772958
1.156903434
0.3816624068
-0.2340115488
-0.2793196751
0.6117667913
0.1328256782
-0.6530731902
-0.3258423818
-0.5094175175
-0.4771613851
-0.5737368599
-0.5469368048
-0.1790089238
-0.2571464982
0.197541874
-0.006150538661
-0.8653367788
0.7222957358
-0.4739171572
0.15811534
-0.8529770792
-0.6277179047
0.7419565126
-0.4724942431
-0.2044375218
-0.486173185
-0.4796074033
0.006708705612
-0.3995825239
-0.3965932071
-0.6299535766
-0.3400463581
0.07561023948
-0.0982817363
-0.3807559556
-0.4273902232
-0.5971408918
-0.3336461671
-0.07337685572
0.1040716618
0.5534656808
3.83199929
1.044308931
0.9251159057
0.790816161
0.1604966227
-0.0177133997
0.9922270805
2.220980865
1.029398003
1.275365576
0.5949685067
-0.5070009798
0.4708988242
-0.2993668523
-0.09706977904
-0.666233559
-0.5938809797
4.393779075
-0.5386897728
0.3283652786
1.339679536
0.2380805086
0.2310716833
0.1479392424
0.2455775715
-0.1234296955
-0.4257006168
0.4214616396
2.70287236
0.01469269115
0.1340010691
1.423308572
0.2730498574
1.352083653
0.07225994277
1.405766433
-0.4973606974
-0.2568256086
0.8189347968
-0.6038525254
0.2604813226
-0.2129420687
0.03276221231
0.4136600353
1.464105713
-0.4810806215
-0.4518693507
-0.03344991049
-0.3073059753
-0.4630880065
-0.1886953265
-0.3477617355
0.01350757349
-0.5649910167
0.01498118723
0.9319948152
-0.3409291998
-0.3639978677
-0.1955521896
0.3689501997
-0.236525657
-1.012302095
1.801106185
-0.1218832251
-0.5731181934
-0.2328145709
-0.7833932012
1.48282215
-0.1592097862
-0.7208981007
0.6002209336
-0.6904277921
-0.07439072989
-0.2168668929
-0.5607623577
-0.457506144
-0.1025613377
-0.4082306944
0.6710711002
0.3317950301
0.548558788
1.478994623
-0.5116851166
1.51593473
0.1866376908
0.05071009044
0.1728898861
-0.1073789719
0.5751732647
-0.2020998918
-0.309307912
-0.5446548402
-0.03904127628
0.2989775338
-0.3779351413
0.02138917185
-0.1448061464
0.4695908144
-0.6187532365
-0.6653325073
-0.1103330266
0.1620646872
1.500557762
0.1801346356
-0.4213179596
0.5339881584
0.9272508323
0.02040838932
-0.3379928984
-0.5638049312
0.7557257205
1.387649882
-1.121870151
0.4081375573
0.4852856025
-0.1963611744
-0.9856864899
-0.4351484783
-0.3572891418
-0.2028861038
2.334790486
-0.9051003039
-0.1719123159
0.08121073209
-0.06069831178
0.5090002589
0.2097306106
0.8574558139
-0.3690300837
-0.3841014251
-0.239842307
-0.01229343461
0.222700511
-0.2842529695
0.2386482488
0.8184965611
-0.4856817231
0.4555924691
-0.5361655906
-0.5357193992
-0.1192997918
-0.03326656558
-0.7781706035
-0.1633265156
-0.298553168
0.9443026036
0.5652081683
0.01292620078
-0.6919268206
-0.1414446982
0.2439597764
-0.5479908228
0.09719799375
-0.7946971446
1.010783556
-0.688588509
0.2602719584
-0.2778310865
-0.4073155783
0.3562528316
0.09755777474
-0.4462200969
-0.8881907284
-1.116323322
-0.146775917
-0.3258364335
-0.2558793355
-0.4444850333
-1.047507834
-0.1222982185
-0.2116955591
1.162602505
1.077572092
0.8312580496
-0.5725204304
0.5896879688
-0.7080276698
-0.4113372741
-0.4189593822
-0.5025906116
1.101862124
0.1120060184
4.019738913
0.3873103891
-0.573186335
0.189709789
-0.5713152871
-0.4080795109
0.02891893107
0.07784421369
0.298376953
0.3168269731
-0.519177568
0.2848838793
-0.139430321
-0.6412993073
-0.5367819503
-0.754569751
1.502973986
-0.3617555708
-0.1154607179
-0.3314843524
-0.1922812015
-0.4825430885
0.1161822062
0.6398275673
-0.09623452146
1.471950483
-0.2959310032
0.0188292555
-0.3973096564
-0.8277904063
-0.3526436966
0.2561153583
0.7634443119
-0.1681141362
-0.8510950714
0.4523455709
1.465844274
-0.2806526467
0.7547855198
-0.8593231708
-0.0672985984
-0.3738853
-0.7150125638
-0.5031327084
-0.6154515103
1.803830731
1.379298902
-0.04739360968
0.7737314552
2.421479344
0.1764542772
-0.6192402139
-0.6343314543
2.509547275
-0.1955705684
0.6785991117
-0.7255933583
-0.02113423469
1.109736133
0.1816799784
-0.01354933241
0.4137273528
0.7394794092
-0.8404328376
-0.2363699915
-0.6372615784
-0.3698907875
0.7632868443
-0.9486047596
0.4114857793
-0.1989775252
-0.4336581266
0.1266562717
0.5419161946
-0.4300037101
-0.5792636499
-0.5010244861
0.3023008154
0.01784733096
-0.08682060279
-0.3709068164
-0.5475415282
2.023222893
0.4889784418
0.2460750058
-0.9487986326
-1.106067187
-0.235962154
0.2086684498
0.9739822268
-0.1672219548
-0.1492515502
-0.6127873607
0.06021512225
-0.337191768
-1.103227061
-0.04860193613
-0.5261566162
-0.6087849095
-0.1717017911
0.4806917796
-0.4905521587
-1.029192007
-0.1565875703
-0.2790932693
0.127297938
-0.1520917695
-0.535035789
-0.3239154224
0.543517039
0.1460575681
1.439698312
0.2613169935
0.1072042175
1.714294666
-0.9423573136
1.919679368
-0.5754394233
0.1308863705
-0.1467650979
-0.5228612855
-0.3658426225
-0.3945519954
-0.6968434483
-0.1421404572
-0.1380293829
-0.5053428307
0.5966028407
0.06024889462
0.2967041863
-0.7042983487
0.6587177888
-0.3865416858
-0.740400064
0.2070224326
-0.3146181829
-1.134662098
-0.7296009988
0.4843530647
-0.6183715805
0.6307508931
2.64844439
1.678738892
-0.598109515
-0.01456795409
-0.32678793
-0.7455960631
-0.2193140127
0.4427270398
-0.3734698854
0.576388482
-0.6449341461
-0.870141086
-0.1718782774
-0.08190682977
0.5382169217
0.8979471147
1.228670561
-0.8239604518
-0.4573281392
-0.0003162041306
-0.915996176
-0.6338163808
-0.6614496678
-0.1635799099
0.1734337432
0.3930428678
3.639977789
0.0906511751
0.2313645894
1.362154534
-0.2495373087
-0.2571425505
0.3000027055
-0.3830253787
-0.3868719324
-0.5824762695
0.3218646508
-0.63116972
0.3657170615
-0.7011595428
-0.6244938552
-0.8070104182
-0.6772303708
-0.4260587364
-0.5764219582
-0.2407039309
0.5156996682
-0.2913717919
-0.3230138972
0.7816760764
0.7413862228
0.8762916416
-0.3652899839
0.5095188759
-0.5376361236
0.005880333018
0.3281285095
-0.8924742997
0.6958966419
0.08745894344
0.5510518059
-0.7109257728
-0.3747203887
-0.9336182296
-0.3408776198
-0.7345015019
-0.7048329115
-0.2316332069
0.4831566714
-0.5398525134
-0.2698784769
-0.8690413743
0.4450537272
-0.2405803552
-0.2649814099
-0.02254477125
-0.5529250339
-0.77443735
-0.3540541217
-0.3154409692
-0.7118518919
-0.2627965815
0.2133353216
-0.516274523
-0.4521955833
-0.6766189098
-0.6603601158
-0.9137683332
0.2249587363
1.211615744
-0.5409945369
-0.7217600703
-0.2108346414
-0.2185734844
1.196058878
-0.2983761437
1.123823586
1.042523098
-0.8807994038
-0.3744364716
2.584244025
-0.4685078323
0.1298383608
-0.2507049933
0.490648964
-1.137679943
-0.3200930566
0.8709452748
0.361644705
-0.313697765
-0.6844085664
0.4719583564
0.01098866672
-0.08005314451
-0.01214506561
0.09283169114
-1.137822139
-0.5046240494
-0.3331385657
-0.9962030351
-0.7459861293
-0.08029598482
-0.3284530625
-0.001042510197
-0.5943426587
-0.4094477221
-0.01398773668
-0.9604856968
0.3385655262
2.627616131
-0.3149425209
-1.052975035
-0.06977325343
-0.7462610155
-0.5448407114
-1.162451008
-0.4382332847
-0.6020464063
-0.699454093
0.5286737829
-0.2553025667
0.5154687367
0.1104554106
-0.3811416849
-0.6027533397
0.5679311365
-0.1376549155
3.896069252
0.2704469332
-0.0659459712
0.3561483275
0.2449941338
1.614803863
-0.591773279
0.4896537184
-0.7942744434
-0.214386183
0.2367014058
-0.02606021836
2.765779507
-0.632595554
-0.6696798354
-0.7470036805
-0.3744328968
-0.06469843946
0.365907111
-0.4775017381
-0.4382314749
-0.6190619901
-0.5071168855
-1.013816693
-0.7053924441
0.02016289495
0.06870783474
-0.3272840051
-0.3519240536
-0.06577646364
-0.9999848932
0.3596750863
0.04174324572
-0.1898216994
-0.9500007063
-0.1746632667
-1.27113409
0.03047352917
0.1200420066
0.5217757866
2.776528895
-0.759919706
-0.4391799644
-0.9071477711
-0.9015594631
3.201140285
-0.3651280776
-0.9936697423
0.6686176479
-0.3498619743
-0.8042787254
-0.7538278729
-0.1339652706
-0.8626169384
-0.7774541751
1.699124151
0.04559617881
-0.4396016389
0.2384703428
0.01206273567
0.1575694041
-0.1159709157
-0.6017235085
0.5823451266
-0.3229524041
-0.6967451096
-0.7088416815
-0.1488112849
-0.7135960743
0.4948458109
-0.2405768525
0.04129627757
-0.3443250932
1.429888257
-0.09021828333
-0.4996129349
0.3745857894
0.3332000423
-0.2341843056
-0.3986213058
-0.5952407375
-0.6788462728
-0.3028599005
-0.1299450621
-0.4406754777
-0.5756353959
-0.3865877327
1.915997362
0.1578216907
0.409925646
3.588269651
2.779093981
1.723900285
-0.02836163342
-0.4032970995
-0.03581786882
-0.2525895163
-0.4708301306
1.851083243
-0.2411394596
-0.2962332591
-0.1028144235
-0.1507303245
0.05744580571
-0.06031327639
-0.5193110138
0.5679266147
0.3446662672
0.2575621489
-0.4603412226
2.899478722
0.2456667005
2.545247817
-0.6938883334
-0.304799006
0.5966011718
-0.7934011042
-0.4671013206
1.167178184
-0.119035623
3.306762934
-0.6345585942
-0.232837794
0.2652506146
-0.1882894373
-0.3669800428
-0.4125724949
-0.1417262378
-0.2100129642
0.9417997122
1.542705256
0.05039780408
1.281834856
-0.3228459461
-0.5583984032
-0.1752959337
-0.1247084364
0.03695464563
-0.5578220874
-0.6926016152
-0.1791582812
1.98112188
-0.2114875346
-0.7213048637
-0.3620840564
0.9097530484
0.05026420848
-0.3591453351
-0.2480046542
0.1905971309
0.7210118189
-0.3001034163
1.00304188
0.1937023502
-0.08141521178
-0.4904405035
-0.6191967815
1.982146585
-0.86537278
1.67417466
0.1260262862
0.6829497248
0.8381379753
0.2975883512
-0.06037049666
-0.08285883479
-0.07446697056
-0.9721161932
0.180676647
-0.1376308337
0.0277624392
-0.4223097719
-0.2978827864
0.1226221547
-0.3592551962
1.200175285
-0.6819010735
-0.2557584107
-0.5035328105
-0.5493073806
0.09451029841
-0.5752598263
0.01452963091
-0.3785483316
0.2806914572
-0.5530745536
3.785283101
-0.0979901677
-0.06624868866
-0.2225021321
-0.3600132152
-1.109112611
-0.07942614984
-0.383928217
-0.190625455
2.214174032
-0.5999973685
-0.5371960804
-0.5706490576
0.3990257166
-0.4276287094
0.7803901434
0.9168570668
0.5532636933
0.2632517328
1.276672366
-0.8025975198
-0.4364175975
-0.08074615207
0.3016405601
-0.554858695
-0.8717145771
0.02657069964
1.392728648
-0.9216919035
-0.4053463943
1.20177733
0.01951852441
0.5270424575
0.9010049582
-0.2207557316
-0.5961262122
-0.328497427
0.2803386215
0.07375906929
-0.5735275134
-0.6781598091
-0.3123059943
5.113774478
-0.1591457617
-0.7093828514
1.97337653
3.419797516
0.4154870905
0.30542082
0.06515378095
0.4006254811
0.4964652471
-0.03159719068
-0.4620799318
1.295567042
-0.399474103
1.61106537
0.5902029172
-0.6650823176
-0.4567220435
-0.3300014758
-0.08165175971
-0.7770748124
-0.5184262946
0.1015707288
-0.2661893608
0.1555404142
-0.4898396745
-0.7922806025
-0.3311889648
-0.1043974021
0.4899820313
-0.2294671392
0.4413315143
-0.3675004616
0.04146230258
-0.1612956002
-0.3821155742
-0.0686905277
0.1379307226
-0.3458262131
0.1966166
0.0880314895
2.218811321
0.6950135008
-0.1547587054
-0.4246142302
0.2092510609
-0.4990051493
0.4065671474
-0.5433033533
-0.7281020999
0.3141919654
1.870711285
0.6450678781
-1.060898271
-0.6309700318
-0.1959715143
-0.8573055655
-0.2918887399
-0.6376664132
-0.326762414
-0.04602686353
-1.127654803
-0.4874941513
1.61574626
1.030204445
1.109642717
0.3981459813
-0.4103959784
-0.08306308277
-0.7942119628
-0.5468495965
3.42449013
0.1877733827
-0.3377098829
-0.8324828088
-0.7699613184
2.412226444
0.7720138311
0.6574354798
-0.5612259895
-0.3600111224
-0.6659926981
-0.1632011319
-0.7400695518
0.1677547889
0.1936678426
-0.6107246757
0.1640984222
-0.3542198554
-0.7799289256
-0.1773637231
-0.2607541788
0.07172259777
-0.1066682344
-0.8706915587
0.0104743897
0.7314326614
0.09909465685
-0.02617897827
-0.8382114798
0.4456493944
-0.3499103814
-0.3070704371
0.333472541
-0.2671231072
1.028143698
-0.2844201565
0.236747151
0.001258631237
-0.5379748553
-0.1391654907
-0.9312284768
-0.07525629383
-1.030521032
-0.2439775663
-0.683904177
-0.8281187475
0.08354889406
1.014268064
-0.5553302884
-0.1245149009
-0.8782050014
-0.06194663467
0.8326788351
2.330598372
0.01346455864
1.528843582
-0.1021352958
-0.1251694928
-0.3949137837
-0.1664845617
-0.484825027
-0.8438019097
0.88456963
-0.02470443742
-0.7030486971
-0.864837268
-0.06170640811
0.2779467516
-0.4004153602
0.2202027583
-0.9003519475
-0.2974888146
1.784269619
-0.1763230026
-0.6390035547
-0.5135708332
-0.2715005159
0.1667275135
-0.02787392596
0.4001794994
-0.4808885969
-0.02776714489
-0.7762338549
-0.745163998
2.619345289
-0.5306581929
2.540183437
-0.36018354
-0.4428621285
-0.2760688052
0.1026982429
-0.2279827949
1.040296602
0.3719731376
-0.4843010575
-0.2790812455
-0.5229152828
-0.432867936
-0.04060362242
0.3340242699
0.02955836225
-0.3896384107
-0.02601643335
0.6578457177
0.2096420905
-0.3882207647
1.806055099
-0.2212679236
0.06564856023
-0.8880733937
-0.7412981078
-0.06970300972
-0.9046837121
1.203427455
-0.5575174332
-0.1443469459
0.2248233858
0.5568680927
0.5904310562
0.1592295083
0.6971611455
0.2438929302
-0.05097923353
-0.7547142029
0.443564276
0.5690960884
0.1371302996
1.953307205
-0.3919208057
0.1622202069
-0.7653247923
-0.6482988864
-0.07226965697
0.4903762098
-0.3507155709
0.09081270536
-0.7993781805
0.7359523058
-0.1593938337
0.5056485109
-0.5687658295
-0.2922662519
0.2033335138
-0.287633137
-0.3213668402
3.8629776
1.32606506
0.3430761594
0.007950092293
-0.9258867085
-0.6357341185
-0.7203042194
-0.4663595393
0.1825218974
0.5348265089
-0.7835939527
1.677265877
1.478476283
-0.7550900161
-0.3913355805
-0.5101411365
-0.9452415407
0.2442574853
-0.4468395531
-1.182493183
0.1819330543
0.1303867512
-1.141343889
2.447312254
-0.1303524546
-0.277206685
-0.1200596838
-1.105064303
-0.5678154022
1.51564357
-0.7615125149
0.09697929285
-0.09661810119
-0.1637319441
2.275440466
0.1116532753
-0.2888115197
0.1773559004
0.9971135318
-0.3948893264
-0.6837955698
-0.7196810052
-0.4300892919
-0.6809895545
1.021034279
-0.6595209867
-0.9417432249
0.7481752992
-0.05309635038
0.07588981278
-0.9481558412
-0.8096343994
-0.3954670541
0.0241181639
-0.8050054669
0.07381135896
0.121046639
-0.1183022968
-0.4386732861
-0.7831195593
-0.4042604581
1.54128617
-0.4761529669
-0.08400007184
-0.5361673445
-0.4486540154
-0.5414135605
0.09850345012
-0.7547128409
-0.210287565
-0.2860583261
-0.3833475426
0.5241053
0.0007280832157
-0.9279924542
-0.08231648756
-0.2731055632
0.3659503262
-1.1087338
-0.3909463018
0.8100888908
-0.2473661982
3.397503006
-0.5313211352
-0.4619375832
-0.5070725903
1.047101691
-0.4309891805
-0.2502421625
-0.5961078942
-0.6378438056
0.8613194674
0.2307250284
-0.1772198912
3.178257036
-0.4180251457
-0.04314851919
-0.147703525
-0.2380982205
-0.2347860813
2.204933578
-0.4695101924
1.146440035
0.2519931649
-0.4075994514
-0.4556794606
-0.5789532214
-0.5421673223
-0.2033489458
1.928956771
-1.042724147
0.4513918437
1.010414676
-0.2600248948
1.338644898
-0.9304639339
-0.01699229144
-0.07465079278
0.4575088207
0.562150842
-0.5619852945
-0.5864442065
-0.3997852907
0.5272703484
0.7653396945
-0.484344849
-0.7356686026
0.6734573789
0.806662263
-0.6679575861
0.2828399826
-0.8341794521
0.01395324096
-0.1910067447
0.6587161958
-1.120014355
-0.6242272049
0.233306142
-0.3277753931
0.3088767298
0.1107521525
0.1054451678
-0.8182526112
-0.3082419813
-0.2549873173
-0.4588429861
0.1459623999
-0.317388998
0.1245203056
-0.4993466251
0.2770033922
-0.2973692758
-0.3549141645
-0.123045497
-0.7139177084
1.735999125
-0.6637927711
-0.772943306
-0.5741993979
0.05354282609
0.2175629778
0.1576937533
-0.8758690447
-0.05410125274
-0.939999029
-0.5375103831
-0.8773004204
1.103290069
-0.4673936196
-0.007698989101
-0.5215414494
-0.7644387498
3.921020377
-1.091687945
-0.6207735628
-0.4911990136
-0.6328138158
1.429337329
-0.4060165212
1.611380288
0.6308769181
-0.03842323795
-0.1094643652
0.1283561256
-0.3342353806
-0.5234852187
-0.6404272392
-0.4440259054
1.020113638
-0.7830793589
-0.2882566899
-0.7427656159
-0.1178470132
-0.4591912456
0.4927682675
-0.1026727457
-0.1711963536
-0.5147452548
-0.7082173541
-0.8326829642
-0.07853061464
-0.6760731354
-0.6212649211
-0.2549148262
-0.4024218574
-0.558619225
0.08294636328
-0.7844022214
-0.4245646968
-0.182233928
0.5460367717
-0.343464309
0.001992071792
-0.8175908029
0.4864656858
1.798299688
-0.1331354484
0.6461450413
-0.2669160418
0.01831683442
0.5245805845
-0.5457154423
-0.0922491122
-0.4667718992
-0.1403877292
0.2882418588
-0.05130028278
-0.1609284585
-0.6158286378
0.03835727684
0.6000571311
-0.5999676391
0.1899072452
-0.1402787415
0.01686766231
-0.6729390621
0.1583651036
-0.713888213
0.1780262113
-0.5743680418
-0.5144508302
0.4035964519
-0.2309192915
1.322064567
-0.7460790589
-0.3848850429
-0.04116164241
-0.584945257
-0.1547694698
-0.3820176899
0.419150053
-0.3551901206
-0.5298643976
-0.5523614168
-0.08806220144
2.734417683
0.7638283148
0.372729101
-0.2321717421
-0.5880806252
-0.05063999109
2.009894043
-0.7579681724
-0.6981033906
-0.4667767555
-0.4370680213
0.9849413693
-0.4892735928
0.2531310999
0.2296914318
0.7756165147
-0.2473338027
0.9602959454
3.545145345
-0.1325002691
-0.4195064604
0.6589565791
1.550014371
0.03619060349
-0.5870475903
-0.591541779
-0.6204183102
-0.1966716016
-0.112057033
0.07749625593
0.161392123
0.6772120036
-0.5277323097
0.9104686081
-0.1231204947
-0.8135496095
0.2789906712
0.7351351991
0.1015759903
0.07772200201
-1.031237733
0.5696132272
-0.1882463641
-0.3884747267
0.8546584263
3.326762199
0.02836839156
1.131783721
-0.006955761276
-0.1323038127
0.6651540548
0.01525186724
-0.09716116562
-0.08829844259
0.4732323073
-0.8896502525
0.5154219367
-0.002132610604
0.6563878849
3.37989856
0.3639502147
-0.004952460248
1.210813701
0.6107133672
0.08490347492
-0.1934878174
-0.1190610599
-0.3062975705
1.126577443
-0.2888469063
-1.16883145
-0.2681833655
-0.7082930014
-0.2444327842
0.04446568852
-0.7194273189
-0.6288197473
0.0724049598
3.468444586
0.5721747354
-0.3549443647
-0.2968321089
0.4381989434
-1.131745061
-0.5935895905
0.05714149289
0.2145237806
0.4480762459
-0.6177287459
-0.8263641238
-0.4224150375
-0.5283125587
-0.3662277069
-0.8324463338
0.4230203696
-0.03692680635
0.03613756876
-0.1929046519
-0.5815595351
0.09389895443
-0.6445215553
-0.5017819434
-0.01018329505
-0.2947736472
-0.8590697646
-0.675061959
-0.4467385679
-0.1019574612
0.9942348659
-0.4620334104
-0.818661052
0.6527972862
-0.3884332567
-0.7121236026
-0.2175839834
-0.7723443955
2.382754165
-0.2353716005
-0.349875173
-0.05287783742
-0.2586045898
-0.4641154647
-0.4129083008
-0.7128820047
-0.4790601909
0.3496270904
-0.5394829705
-0.662252681
-0.4049202725
0.8197425961
0.2372043511
0.0432863187
-0.3353944793
-0.6141118914
-0.02802752871
0.1767951606
-0.7444963098
-0.7839000851
0.09533647075
-0.3469316766
-0.2622400396
-0.4463170812
-0.1534802359
-0.1751550026
0.9452369273
-0.4355702236
-0.03926868662
0.4185139753
0.06246353318
1.668104458
-0.5696464911
0.1696882792
-0.5866449356
0.1321114635
-0.4783461869
-1.050511509
0.4873351462
0.948052229
0.3090804528
1.817512578
0.1818705253
-0.3772739783
0.4080954432
1.218593717
-0.03210225143
1.553113759
1.066090262
-0.8389110476
0.1251463071
-0.02624874897
-0.5357624993
1.162946612
-0.08129706644
0.398039145
0.6265535161
0.08513442911
0.5632783294
-0.03708339557
-0.8450014055
-0.7379301652
-0.6901186705
0.7874307603
0.7176403344
-0.5820832595
-0.4027881056
0.1970771687
-0.3697220415
1.52110773
-0.06774159633
-0.6149333298
0.06008583996
1.788091576
0.3324462131
0.007590573281
0.6681401581
1.274997243
-0.5582316965
-0.6322136208
0.2287761715
-0.2546981558
-0.1425474046
-0.3986375362
1.540134087
-0.6099142358
-0.6539652795
2.410302162
-0.7404130459
-0.8618055195
0.8249844566
1.426268673
1.761967874
-0.4620017156
-0.5510364965
0.3726182587
-0.6262989029
0.5777905464
-0.2705749173
2.874898922
0.5270299025
2.861112791
2.094257247
-0.4561283857
-0.04026443157
1.088816136
-0.1282741595
1.589705193
-0.7560011476
0.9459546745
-0.05495679192
-0.4028200254
-0.512665911
0.06930213622
0.6187219128
-0.6047090143
0.0181823303
-0.4438675538
1.842087799
1.262212744
-0.289329195
-0.6244749993
-0.1392987955
-0.6287127733
0.2041214891
-0.7691953495
-0.8030676425
0.1353146555
-0.5676163614
-0.5557359211
-0.7651667818
-0.5693505153
-0.7623487234
0.08516363436
0.2707967943
0.03132680086
-0.3124348599
-0.210998771
-0.1822394047
-0.3050561234
-0.1934829704
-0.4500500023
-0.7242067873
0.06718610879
-0.5253630593
-0.6199893579
-0.1859483264
1.495857638
-0.7887368083
-0.4633835644
-0.2829128161
-0.1133762978
0.2412698027
0.08702828642
-0.01757252719
-0.07820357922
-0.005911344988
-0.5415796503
-0.1154211283
-0.3230061829
0.1446440348
0.2191224849
-0.5857679337
0.04828270134
0.6095366299
0.2584679537
-0.8657515377
-0.1759177476
-0.7605395883
-0.3252840981
-0.7560053945
-0.2248105861
-0.4901213169
0.3754609723
0.3268385552
0.3278108401
1.2492264
-0.2058391199
0.145812433
-0.5310625851
-0.1628841508
-0.1211947452
0.5417599238
0.01059624692
0.1627913121
0.1740752573
0.3813375287
1.031004056
1.705309039
-0.3742803991
-0.01129695904
-0.5702424988
-0.6954783142
0.2827346303
-0.8556246668
0.5184870943
-0.202909782
-0.2455131948
1.053412989
-0.6491738319
0.7810985759
0.2108932542
-0.2993936956
1.483373222
-0.2607763574
0.6019305333
0.9807614565
-0.224171561
0.4482162498
0.2152497159
-0.02663335782
-0.09229895603
-0.6941238225
0.1345584998
0.7422631353
1.56814993
-0.1441950325
1.029103535
-0.0761230459
0.2576483829
1.343779367
0.6544887468
-0.08993908167
-0.2577080853
1.680914873
-0.584841837
-0.2203647807
1.272973061
1.259262848
-0.3960331678
-0.6455374956
2.801381576
2.138113546
-0.3307740323
0.006385646295
-0.08924336247
0.4507022589
-0.4982894331
0.3345154094
0.2562775968
0.4127126228
1.005977267
-0.2523503184
-0.4130787194
0.786981906
-0.1400562197
-0.3571269855
-0.136451395
-0.333928401
-0.1497129541
-0.4716847405
-0.5773551077
-0.6088533461
0.6509599447
-0.2493227348
0.1511468297
-0.183950023
-0.1061777707
0.7726639673
-0.235131041
-0.143718048
-0.7126925185
-0.5891323373
3.01545589
-0.687713027
-0.5131685123
0.9253143966
0.6770072199
2.410607189
-0.3991308331
-0.8255694389
0.0111537816
0.5004422724
-0.8033250362
0.8577438593
-0.3468380645
0.9823685139
1.81050325
-0.8383936375
0.3306802029
0.6142763972
1.533469674
-0.4059084564
-0.03850564137
1.051109532
2.287618476
0.2338365
1.309709495
0.3711911891
-0.6219062805
-0.1035051353
0.7146583915
0.4919387516
0.1708175431
0.4635607101
0.1677434687
-0.4192804947
4.12924006
-0.2393277436
-0.1842503373
1.125716406
0.9045689046
0.7381167591
2.466173297
-0.1568166159
-0.756689927
-0.6416135177
0.2512188499
-0.6301071897
0.7092955872
1.020029634
0.1282557361
-0.2649061028
-0.07765056267
1.481697023
0.1179945623
-0.4261352956
0.7315869838
1.377475438
0.596275422
-0.02302348092
-0.539136897
-0.1210688848
-0.3718206622
0.00660421825
1.448674834
-0.1506901534
0.2230257006
-0.2379964307
-1.000174969
0.5043377442
-0.6141008914
-0.4257290155
-0.8400568292
0.5984727807
0.5242494091
0.348900314
-0.5417435303
1.186832023
-0.398918964
-0.5437259749
-0.4266338781
2.394440067
-0.6335867837
0.4955667786
-0.2666922152
-0.7561940163
0.481255517
-0.3801466852
-0.1021704085
-0.08813525625
-0.05886961129
-0.1556217745
-0.1043477768
0.1213726375
0.02768933363
-0.1042267449
0.6092705578
-0.1851101495
-0.6948879912
4.009334838
-0.1356331374
-0.682677418
0.8409216002
-0.5965166882
-0.2360166609
-0.5578493848
0.3873011664
-0.3016187534
0.1566710055
-0.2106962748
0.3132544708
-0.9452804357
-0.3755420223
-0.8151606649
0.2952746024
0.3286145841
0.08890491109
-0.8521485537
0.1866092983
3.666213775
-0.3695763148
-0.7041848928
0.08374032695
-0.4282227762
0.3342984274
-0.3163981989
0.1238573605
0.9838093102
3.681186056
0.06858667992
-0.7990434319
-0.6850740775
-0.792991662
-0.1435449058
1.480262053
0.1195708457
0.0760002356
-0.2436270613
0.1991349724
0.2793030325
-0.4249590337
0.2191008581
-0.5381103516
-0.4141651332
-1.094543937
-0.1907949513
-0.3063170873
0.3739589125
1.019197899
0.8749120414
-0.02512702849
0.2808718722
0.05500800153
0.4868743561
0.970682919
-0.2521429062
-0.1032380231
-0.6761702389
1.103692424
0.2923412174
0.1880634385
-0.5398191005
-0.9720499694
-0.4788549513
-0.1738767756
0.1349350018
-0.6935431302
0.4925333817
0.964380753
1.067404136
-0.4690738574
0.6256893527
-0.3711325824
0.7651411012
-0.292634216
-0.2989748113
-0.3192265794
-0.9049227506
-0.317573493
-0.00803413121
0.1715257742
0.3748240486
0.4963592082
-0.3303150989
0.6195624948
-0.5562022194
-0.655545561
0.3066493947
-0.4123541892
-0.4113760829
-0.5137363806
-0.1670438848
-0.1584892334
0.1072863355
-0.518076098
-0.5336082309
-0.989339298
0.6743485101
0.306508214
-0.4038826466
-0.03897704314
0.3041585548
0.07538050702
-0.2118224479
0.4156651692
-0.9217148632
-0.798359105
-1.06794638
-0.007846421842
1.162748772
-0.6203708082
-0.3908822022
-0.5500037
0.1722539261
0.01505381209
-0.4761911422
0.3236924835
-0.344659479
-0.629562825
0.02464087717
-0.09875001106
1.830717379
1.07707943
-0.06228545979
1.233309871
-0.4981883854
-0.8704067379
-0.4443169206
-0.9914328724
1.119806319
-0.3306172878
0.0001898091286
-0.4766625643
-0.3035183482
0.2617791869
1.400531131
0.1835584078
3.657172978
1.851563245
0.3534573976
0.1194818625
-0.352970463
0.3000322154
3.303960836
-0.1799194843
2.694904077
-0.1335077371
0.1699817667
0.2727307469
0.4662361726
0.05064833798
-0.2705976024
-0.06598362937
-0.4485717073
-0.2561983377
-0.3824832812
-0.2020431589
-0.2758559845
-0.3126323357
-0.7326403975
-0.3757714659
-0.148282177
-0.1079364331
1.335712847
0.4667077824
-0.4071713254
-0.03555652867
0.1114377595
-0.3633865222
-1.035927549
-0.3183170021
-0.7150029406
-0.420718357
-0.3846467324
-0.1160008885
-0.2037939392
-0.1477669294
-0.1885569699
-0.2288473368
-0.340309006
-0.4756105915
-0.4897964567
-0.372996901
-0.3304245383
0.4098280214
-0.3352258556
0.3224162634
-0.3508994684
-0.6759739831
0.08570424244
-0.08028963991
0.1228000679
0.6421227112
-0.2000515051
-0.218861109
-0.5461572781
-0.1170395859
-0.2414938956
-0.5172410429
-0.2786688395
1.11691196
0.07141334359
-0.3166117102
-0.371633929
0.2895121012
2.806367815
-0.5635236949
0.9859688357
-0.1569420621
-0.6699566662
0.2597969932
0.2102542546
-0.2705760688
0.0301696952
-0.3719058633
1.084900364
1.743184763
0.4480039522
-0.3521243468
-0.8198366135
-0.03675067644
-0.08062267937
-0.09220275916
0.169923985
-0.05850722394
0.1546061749
0.7780307069
-0.2534353953
-0.50856608
2.055193245
0.5808453888
0.4055327337
0.7373502553
1.295374432
1.574265978
-0.2308288597
-0.544518286
-0.211421477
-0.6838347524
-0.1443266312
-0.216120765
-0.6665001318
-0.1783660147
-0.01109338049
0.8548433229
0.2749103053
-0.8099223882
-0.8141821966
-0.1741223104
-0.2231873997
1.264653796
-0.1694199044
0.1572210295
-0.6465275675
-0.2018359274
0.6794657648
0.8184140354
-0.169638139
-0.3388175167
0.07981479671
0.1406865546
-0.2156777672
-0.2327391505
-0.2819187477
-0.2512486517
-0.819314301
0.1208743304
-0.4875625134
-0.2623196527
-0.1975486722
-0.05092698708
-0.5192048535
-0.4486776322
-0.5480894104
-0.5571231589
-0.5833695412
-0.03622007724
0.105342471
-0.203395611
0.03176459931
-0.6613511711
-0.2888354692
1.809073418
-1.012540224
0.3064963043
0.06674058018
-0.4207347319
-0.5870543748
-0.07352379132
0.1677955193
1.134520969
-0.1099158322
-0.04436890334
-0.1054330751
-0.4439132884
-0.4247798368
-0.6125701845
0.8371124506
-0.06331131714
-0.2459771082
0.164490851
-0.158044008
-0.3972271413
0.1045800122
-0.3218688235
-0.3633201897
2.154764545
-0.5078311842
0.107029456
0.8032866836
-0.3801450491
-0.1000993017
1.352006128
-0.1686887853
0.1633841248
-0.8646206915
1.278508911
-0.3117176816
0.2362677766
-0.03562518694
1.870951349
-0.1920519937
0.1592968415
-0.3552431464
1.748576736
1.146461406
0.2335474148
-0.2420769356
-0.07926114947
0.01562176063
0.003977755364
-0.622033748
-0.1952610191
-0.3318155125
-0.3909302175
0.019735457
-0.06410526913
1.180623338
0.2983841438
1.976810586
0.5231607117
-0.4661099352
-0.2340993658
-0.4657039352
0.4971914582
0.8398414552
0.1184544593
0.06496510063
0.9505436242
0.3351062097
0.8280122802
1.092262259
-0.4995209575
1.394047931
-0.3911915392
-0.5361305505
-0.2531524319
0.8929219842
0.7528323174
-0.2820449762
0.255399419
0.006715473533
-0.5422090128
-0.4813426942
-0.6280354813
-0.2044777788
0.7631657675
-0.4905317351
-0.1305168163
-0.6688562796
-0.5212609395
0.7431360349
0.0877835121
-0.4605484754
-0.7776918799
-0.4652750507
-0.403269583
0.1291030942
0.02657586494
-0.3406584457
-0.3794752702
0.1426318081
1.569346917
-0.6161171198
-0.5477721453
-0.2123666268
0.6267902166
-0.7906278759
2.40400238
-0.05783974137
-0.1147726506
-0.1447242461
-0.2193632803
-0.7718801349
-0.2132103432
0.782274124
0.8723731562
1.974086207
1.877603596
0.4629377194
1.290501806
-0.2332890596
-0.5662871182
-0.566622889
-0.1709616351
-0.4610534757
-0.2983089246
2.119274461
0.909412083
1.060669082
-0.09270426631
-0.1365921669
1.146430185
-0.6153272092
-0.6583730921
-0.3486885116
0.8295556709
-0.1713366568
-0.4111586064
0.895724909
0.04527867958
-0.5218066499
0.09246354168
-0.1241284892
-0.660680823
-0.5807350546
-0.2872616097
-0.06840923838
-0.3791945308
0.5875007823
-0.01004733201
0.09932178855
-0.3542804047
0.1027598989
-0.7585387737
2.713818181
-0.2002089694
1.01140019
0.01955713937
-0.7094578236
-0.3463058647
-0.337468265
0.7825028032
2.735887027
-0.4030391395
0.01567832846
-0.1499724347
2.343002236
0.4517013974
-0.1360436603
-0.5939466417
0.09652327006
-0.4035442889
-0.230111726
1.681638631
0.3098315278
-0.2391142029
0.3441450011
-1.240380859
-0.4412431002
-0.6734867394
1.598290712
-0.7000860512
0.4373134352
-0.3644568026
-0.1334763672
-0.2873451173
-0.2996206865
-0.3578740522
-0.2461925205
-0.005924934335
-0.1859333612
-0.1053927571
0.4202148311
-0.3839399025
-0.04990041349
0.02807760802
-0.4756021842
-0.6373755187
-0.6283642381
-0.404484392
0.6012113675
0.6944221035
-0.2584572747
-0.1685638446
-0.4140369043
-0.2840446092
0.532958962
-0.1226447243
-0.8124657691
0.9434155256
2.576933318
0.1583835604
0.4065668296
-0.234937527
-0.01781661538
1.625914532
0.3156428445
-0.01576031926
0.3542658892
0.5849726051
0.8774845868
0.4710122142
1.36424762
0.3196795497
-0.1597184882
0.3225164223
0.1708059013
0.3816262381
0.6601111114
0.04268771093
-0.04823379852
-0.1550272001
0.6514408827
0.6686286367
0.3051678026
0.07366680545
0.1136979565
1.23935782
-0.2286855195
-0.2182436176
0.3999200083
-0.1478608808
1.257286483
1.55516448
2.349800891
1.73680332
0.9347018659
1.132949188
0.02030192073
0.41888583
-0.01455984395
0.5695027322
2.916648519
2.44721542
0.9172818184
0.9667635351
-0.1717795838
0.462013799
0.1204883065
-0.4954807803
0.7140747711
0.3508407719
-0.5369684711
1.127376819
1.392290121
0.1762467936
1.373387259
0.9931965739
1.315885627
-0.5017405093
-0.2467961527
-0.5416391358
-0.07732499577
-0.16855096
0.4492338367
-0.8843707114
1.139306119
-1.006214353
-0.4051329866
-0.6115188316
-0.5127550557
-0.142299271
-0.4381288186
2.141941369
-0.3465184871
-0.2032716509
0.8494709104
1.519147849
0.7926504567
-0.2112204514
-0.3419461198
0.006172200339
0.08543034652
0.172964501
-0.254472914
2.101697022
0.8433981583
0.02689210959
4.100947499
-0.5462657258
-0.4119902626
-0.2754993558
1.104656744
-0.7278707653
0.1965594141
0.7990219489
-0.3269464284
-0.6055034101
-0.7620196342
-1.075351697
-0.5989735276
0.4173656352
0.2952090526
-0.2552367665
0.1214428676
-0.5416850671
1.216340789
-0.08774245381
-0.5267218955
-0.1016127536
-0.4034101352
0.4805044539
-0.9034269005
0.4505268618
-0.08602282959
-0.2972764544
0.4654674977
-0.2136297882
-0.2550506018
-0.4730460957
-0.6181244627
0.403362596
0.7185608797
-0.262775293
0.09261951195
1.091389576
-0.5576869845
-0.1511288494
-0.8684941798
0.06689501246
2.165132666
2.693146634
0.01404462829
-0.519683212
0.1913250752
0.6356485695
0.9281320155
-0.7361604333
-0.586803934
0.04816013454
-0.6728458732
-0.3755328462
1.397602543
-0.9041691691
-0.7654214501
0.6693684116
-0.4491098136
0.3051034378
0.7492121786
-0.3938508168
0.5923550442
-0.783836171
-0.6531196743
0.04837248083
-0.7606854707
0.1920510966
-0.8046747625
1.443053654
-0.226157303
-0.8226139039
-0.9413960248
0.2883836794
1.456113562
-0.363220942
-1.019494507
0.1267427842
-0.06771089714
-0.310874784
-0.02959407289
-0.4259422943
-0.2945772931
-0.003847385384
0.01010697493
-0.4070423111
-0.2403876577
-0.3938058749
-0.4062126309
-0.08803927912
4.081198382
-1.123138544
0.9241270393
-0.2887248144
-0.2838299908
1.214718978
1.7110028
-0.9749682486
-0.5193704635
0.4195787411
-0.1465128735
-0.1124108046
0.5758934349
1.855894214
-0.7511176348
0.2093454706
-0.2366018593
0.01643048655
-0.2507342376
0.2293158129
-0.09490579478
2.000246
0.7433691539
-0.1672552165
0.7980259016
-0.2762390591
0.3145962583
-0.5642192438
0.7725670427
1.092591649
-0.0398330769
-0.2590074092
0.483576414
0.8198041692
-0.492258656
1.401057795
-0.008729971666
-0.2936593324
0.08845449779
1.151653323
0.4678069241
-0.4091971695
-0.9529806703
0.5483855054
-0.7011005223
0.2721769896
0.4587633182
1.28646186
-0.3872930527
-0.7545444012
-0.534507291
0.0623435352
0.7467429563
-0.1097874183
-0.6104766428
0.08392418846
-0.2985795446
-0.227447122
-0.6422231838
-0.5200658694
-0.378254883
0.0267836798
-0.795808503
-0.9183405906
0.5708384648
-0.537903145
0.05657302826
-0.1474690327
-0.4782531112
-0.06196702514
0.4580191217
-0.1592452597
-0.6774120539
0.101521429
0.04997722786
-0.472270079
-0.3226360016
2.14997586
1.871793771
0.602621606
-0.4027505741
-0.5950281054
-0.21442632
-0.1865293415
-0.8489495456
-0.7532229602
-0.2628552176
0.04699900476
0.3138442451
-0.507691659
-0.1094065413
1.431294906
0.03944581249
0.5851889029
-0.06091490956
-0.3755718775
0.1946868703
-0.5500879303
-0.256690491
0.9518582672
-0.7860669881
-0.3681008413
0.9617985398
-0.1024747206
-0.7638582468
-0.07487072106
-0.6320192233
0.2197302243
2.3847193
0.2747165705
-0.5582731307
-0.4479975626
-0.1363333967
0.09535867102
-0.4738175943
-0.1106770228
-0.486724662
-0.01280689612
0.1046973635
0.2139724085
-0.5392998978
-0.7855598658
-0.3411296517
-0.471361886
-0.5879265487
0.1850884183
0.4004149396
-0.07486992758
-0.4175261289
-0.6625223458
0.169766246
-0.841331473
0.08183970076
-0.3157261953
0.04707318125
-0.1594059579
-0.5769817695
-0.2696724199
2.289882863
-0.1284588184
-0.8061228171
-0.3994479507
-0.2138734657
0.07592729451
1.163561019
-0.07572681867
-0.4471931711
-0.1979524992
0.5097447313
0.4799970284
-0.02252842383
0.8410099775
-0.1118875118
-0.007879406866
0.456869033
-0.04430834334
0.1079044281
0.2136714859
0.3156431697
0.4595848545
0.4154219687
-0.7743388563
-0.5129428223
0.2383420682
-0.5418773755
0.1442469199
0.5029954046
0.7559157133
0.1333324886
-0.6800006241
-0.4582525901
-0.549068065
-0.604098323
-0.2059571823
0.3454143286
-0.5590135008
-0.6231974348
-1.036921129
-0.5422185853
-0.4484907985
0.4669655353
-0.7378314286
-0.4479649246
-0.3696188845
-0.1570045322
0.2229271918
-0.1889358427
0.5712655947
-0.2587727502
-0.6113132343
0.4985808022
0.7450188711
0.1137828213
-0.252302637
-0.261002956
0.1157219719
-0.1442140643
0.3045921544
0.2301821336
3.210835779
3.521437931
-0.07071790854
1.315277681
-0.3286403731
-0.4784341335
-0.228521087
-0.0411572963
0.5819545165
0.1287101403
-0.4252710342
-0.3632692188
-0.1989607114
-0.1726715576
0.04308569906
-0.6281836107
-0.710362266
0.1612521313
-0.3819218338
-0.5871448085
-0.4520002335
-0.666107896
-0.102999882
-0.3036244914
-0.232331479
2.343881506
-0.2243677735
0.1382131054
0.2279767497
-0.03676305953
-0.1996584691
0.1347071502
0.2385921409
-0.1886594549
1.481460294
0.2595021615
-0.3714929357
-0.340701665
0.6990815237
0.6309111983
-0.1496125091
0.3289720418
0.4288785096
0.4606008731
0.5723017767
-0.07740458362
0.06764736464
0.2451643547
-0.0882047575
0.05265993197
-0.2328563735
-0.8439136595
1.359031621
-0.5066446632
-0.2331011914
0.1282607067
0.04662642963
0.07636936158
2.329043889
-0.2532882228
-0.482846722
0.05245304331
-0.1831986949
1.467321235
0.6017616414
0.7454197779
1.214616254
0.9280635104
0.915486528
2.500325447
0.4104455246
0.4780837707
-0.3417940378
-0.05237610061
-0.1180678779
0.205095163
-0.3987268619
-0.07310930565
-0.1786870345
0.08492848016
0.489400208
-0.9512114674
-0.3886120856
0.0008833836764
-0.26360282
1.272150844
-0.6938022524
-0.2329509467
-0.09448553636
-0.0858222872
1.376898491
-0.6290559754
-0.510563454
-0.2102845021
0.9374254614
-0.1205491487
0.7059147909
-0.860415107
0.1239407326
0.2750089503
-0.208088189
0.5220463563
-0.06906193998
-0.35290519
0.6462226942
-0.1239419676
1.824783331
0.09729092102
0.3998974986
1.652750605
0.07978807525
-0.1099551653
0.3022271752
0.8664455324
-0.2091234576
0.1498753818
0.4273453444
0.3033710457
0.3811648296
0.4553973265
-0.4192069046
0.1894616593
-0.2552415267
-0.3381290942
0.3744677201
-0.1528915957
-0.2262595288
-0.1007093672
-0.07833799715
-0.3248659715
2.216832149
0.8892214745
0.4204654705
1.832219136
-0.05320045631
0.3859759487
1.680752438
1.382715386
0.9155837893
0.1674830791
0.9109153792
0.7609589517
-0.38601785
3.276161182
0.006103502121
0.1219051205
0.6159002252
-0.119371593
-0.2301281404
-0.2391208938
0.05759433093
0.9689470381
-0.828813228
0.7195231579
0.8673607752
0.1072831807
0.1795300035
0.2166974396
-0.06219623741
0.2561830422
-0.7410596699
-0.8043393224
-0.8565055907
0.004807711113
1.421670783
-0.07100843405
-0.4971722186
0.5587446779
-1.058092317
-0.9365281403
-0.5212121412
-0.4927574664
-0.8230411857
0.1803116113
0.1037589384
-0.4949129909
0.0251195997
-0.1865104761
-0.6805191725
0.8057707489
-0.3767461315
-0.5712972596
1.327301526
0.4547542132
0.3009872793
0.645531103
0.3328087009
-0.5281396911
-0.6273277268
-0.4708669841
-0.1731630903
2.485816157
1.385079005
0.3588968761
-0.06580907032
1.923518044
0.04746188223
-0.9573836148
-0.2870513082
-0.3407447651
-0.1652661294
-0.2607749343
1.075980753
-0.2646024361
-0.09317846075
-0.3377327692
-0.6448564738
0.7964550138
-0.4938629135
-0.35836014
-0.02442675829
-0.1181013111
0.3529649619
-0.3683098525
-0.4820285454
3.237323034
0.9364088595
-0.03100256622
0.2661106789
-0.3332017638
-0.8728496403
-0.1819463771
0.1296192966
-0.4032478467
-0.3438255005
-0.1917302515
1.612567136
0.1874554452
-0.09870391749
-0.2587967467
0.07314363718
0.2830703348
-0.357575646
0.1242803519
-0.5592689931
-0.2110085089
-0.9432930022
0.3552692592
-0.4103388429
0.1468772079
0.1509573271
-0.431733489
-0.9346218258
0.2768992105
0.5690174552
-0.2625213906
0.1687760267
0.5871848881
-0.1709211923
-0.1676706221
0.664704749
1.126355848
0.004061545618
-0.6754986838
-0.5532880709
0.03069578521
-0.4803263947
-0.6893672377
-0.2418117397
-0.08701616768
0.789676699
-0.01738353632
1.810522878
-0.626369749
2.271517593
-0.783748126
-0.1342741556
-1.063635665
-0.3323333032
-0.2648394972
0.1541607533
1.684307635
-0.4491126373
-0.1926297061
-0.04366789665
0.02574663698
-0.05561281908
-0.5539361581
-0.05068980064
0.5362689346
0.5676944412
-0.1946731597
1.229299825
0.3379500877
-0.4226008072
-0.7889247298
-0.1531560836
1.564912787
-0.4657770962
-0.2500375554
0.3647768199
-0.08324033674
2.203564137
-0.4490686923
0.6019534148
-0.3348671602
-0.1305563405
1.184205091
2.512024689
0.07321701134
-0.03450827431
-0.7073340759
1.229474732
0.7585765362
-0.5589892551
0.5741084911
0.9736294448
0.2527449125
-0.3652134225
-0.1115795894
-0.2175335394
-0.2588888057
-0.1159572188
-0.004781099409
0.6031831976
0.3158119358
0.2269449029
-0.1917025641
2.208245552
0.1920722617
-0.06152867451
-0.9746010751
-0.6807179064
1.274153271
0.07030252665
0.09649538635
-0.2645486251
-0.8386082768
-0.4228954896
-0.4527303919
4.063169491
-0.1492858464
2.284329993
-0.7988752425
0.1263984181
0.9351051301
2.062380654
-1.046543548
-0.5609711587
0.8950048044
2.001976985
1.234432232
-0.5273594648
0.2625183672
-0.2398857046
2.407838732
0.493323563
0.9470781267
0.07240279559
-0.6602142274
-0.8417440623
-0.763393724
-0.416978012
-0.3093761571
-0.355140309
0.3034462024
-0.2254297741
0.4249903016
-0.04278787058
-0.5894496992
-0.1041946534
0.1504087068
1.842589641
0.7529284924
-0.08492791429
0.7539128542
-0.07878010087
-0.08712336719
-0.6888886854
2.792868149
1.899052066
0.5785886645
-0.6003989756
0.0405238552
1.098065072
-0.7564309031
0.4099316262
-0.3121862799
-0.6101124793
0.455381456
0.1937932197
-0.1180270132
-0.3336607691
-0.5245504662
-0.6720298409
-0.6172427073
-0.2485840544
-0.4744578809
0.2062688195
-0.3494564295
0.7560386404
-0.4063568935
-0.6251199603
0.2099893809
0.06843010192
0.3836213389
-0.5444123626
-0.8744170442
0.08471758987
-0.01562400106
1.287669125
0.242920686
-0.3041964859
-0.6555572927
0.001172116632
0.4371213779
-0.1665405709
-0.8841574252
-0.7828654468
-0.8224484682
-0.5039303094
-0.2652200066
-0.1989341415
-0.4268185884
-0.19568571
0.5928172335
-0.4737278461
0.15130974
-0.2047653146
0.4937008157
-0.248522073
0.8891809464
-0.5637105986
0.1424611977
0.66481902
0.2364032025
1.393237445
-0.4370104074
-0.5715453461
0.5741749674
-0.1454230171
-0.7609448895
0.3435262803
0.4143412452
1.542682028
-0.6986643478
-0.9969019681
-0.2085968813
0.09670855869
-0.6162769988
-0.358620055
-0.5829189315
-0.509573625
-0.3130164035
-0.4190165728
-0.3735957041
-0.3238706306
0.9234702617
-0.37279521
-0.949467063
-0.2756271377
-1.022474957
-0.06492691357
0.7432540283
1.828056258
0.4772914112
-0.03659707215
-0.841376546
0.9732525527
-0.6348219678
-0.3010765001
-0.1202358365
-0.5399700135
0.1620659998
0.3066976115
-0.4388020203
2.69386909
2.547692698
-0.7740828335
0.2501211811
-0.4081058368
0.1552605767
0.222067142
-0.1178439882
-0.3428755105
0.9960110694
1.439338824
-0.05394359138
-0.604293409
-0.6098776326
0.108505776
-0.08608038365
-0.4057158917
0.5079452738
1.040050831
2.515293652
-0.6878728509
0.4543626681
-0.5911809146
-0.7417436272
0.1019514417
-0.2981285542
-0.1656207986
-0.7201117635
2.229576659
1.392959329
0.8664756984
-0.2466758199
0.4328303989
-0.4395484477
-0.8705688402
-0.4006789684
-0.1951779753
0.2489817221
0.04043324459
0.236346342
0.6103515372
-0.6466349453
-0.3302996859
-0.8073959649
-0.9288717538
-0.2881400634
0.5433985725
0.06201074487
-0.7030860513
-0.8256097928
-0.7173175067
-0.08816459151
-0.05916072689
1.214700943
0.3845301095
0.8707931966
-0.02653052816
-0.4021748379
0.6309444323
-0.1465159537
-0.4532760754
-0.1253067158
2.873949957
-0.8793359578
-0.4709878579
-0.3406443752
0.3975816009
-0.06174872909
2.669563031
-0.4452767134
0.7103328936
-0.7189440235
-0.5013152674
-0.08967063949
-0.01844854541
0.9360892653
-0.1080663677
1.791458035
-0.7930275202
2.530539751
0.1096560251
-0.7230068743
-0.4678680867
-0.4406940907
0.4027630627
0.37903933
1.142252922
-0.5361093432
1.715443316
-0.5533027038
1.063164422
-0.6435035855
0.9899237037
2.718070841
-0.2187931191
-0.3095842041
0.5470463224
-0.2978381336
-0.3483534902
-0.4743912682
-0.330507943
-0.9105226308
-0.7944652259
1.107624474
-0.2372579757
0.02320951074
-0.1753804497
-1.06986562
0.3940559983
1.251977357
-1.049456605
-1.074054226
-0.4568356335
0.2698661709
-0.4801463187
2.142171198
-0.539506194
0.9575040996
-0.1456714232
-0.5465960488
-0.00411209669
0.4545321509
1.213437083
0.02279851893
0.605551596
-1.145649323
-0.8151033491
-1.035183594
-0.7099251524
1.829224288
0.5865290873
-0.8923949122
-1.012064853
-0.1718534097
2.915689075
-0.4443113282
-0.290170883
1.077214295
-0.4308074132
0.08997816071
-0.1889981253
0.6335596114
-0.2384566799
-0.7356526613
-0.2901414752
0.4761082739
-0.7172180921
-0.3038042337
0.3291654166
0.4077128675
-0.2722236775
2.911526561
3.473902524
-0.1709881738
0.8986655802
0.3918597363
-0.6446119308
-0.3809588328
-0.002223091293
0.04347303277
-0.3237234309
0.8687198669
0.854115203
-0.02431405494
0.02783338698
0.2476331938
-0.313511721
-0.1234430149
-0.275544158
1.57479164
-0.1980292939
0.1120297543
-0.6461123094
-0.3565900192
-0.08103418201
-0.3218484797
0.187212044
0.7846037135
0.2851248495
0.07473223191
-0.5984384224
0.6458249696
0.138666394
-0.44810654
-0.8500438392
0.8892738029
4.517176747
0.2733715843
-0.00686606057
-0.03599321544
-0.2541315034
0.9437659457
-0.1729298022
-0.46563306
-0.1778482743
-0.5159159154
0.2754192725
3.399562669
0.4741531547
-0.01342116222
-0.5247452341
0.903784585
0.2207655007
0.07858609408
1.421137008
-0.01592567563
-0.5743044004
0.5897653446
0.5654384159
-0.377463834
0.06497207307
-0.7114984989
-0.3468875527
-0.08431608751
1.503029776
0.9959864378
-0.7126369879
3.229379845
-0.3639234304
1.731368065
-0.5042243138
-0.475707145
-0.1235030461
0.5945799753
0.4978904243
0.1008618955
0.2767886028
-0.2816365935
-0.4035047725
0.7751736701
-0.1593785789
0.003610372823
-0.1489166813
-1.04165841
-0.3939823076
-0.3114984773
3.268680322
2.478805196
0.9870848894
-0.1418300737
1.012736177
0.8195413917
-0.07897455189
-0.09492100868
-0.9524209917
-0.5038708568
1.846967113
0.129407107
-0.100562841
-0.6321916193
-0.0646091938
0.4911873981
-0.2297202546
-0.1597352795
4.474337137
-0.1877601217
-0.4587168723
-0.06643448994
0.546763739
-0.09695632644
4.282231915
0.8049001306
-0.3418573223
0.1186440878
-0.5975680336
-0.296422337
0.9629175514
0.07164341528
0.5046193938
-0.09843241647
-0.5292096317
0.6418270633
0.5683768459
0.6802474961
-0.309986528
-0.3396033779
0.2700274386
0.4667722836
3.691625762
0.4658542037
2.143420535
-0.5696176246
0.7972102314
-0.3686536938
0.5835583612
-0.03622980304
0.6064094648
-0.459356337
-0.6000847787
0.2560921334
-0.3388222815
-0.2148881398
0.477349361
0.7524280325
0.1525290513
0.03553631939
0.4312423963
0.9164402932
-0.08850070611
1.097268212
0.132270531
1.302438664
-0.5796460733
0.234923378
1.400640929
0.1229875747
1.811044979
1.47146984
-0.3323997825
0.5082148746
-0.2244821079
0.2776093889
0.2888087336
-0.4914354667
0.6292449057
-0.5075722113
0.4023748972
0.4537542067
0.6040305793
-0.380019173
0.5378112547
0.5662884593
-0.4311133407
0.03458330147
0.8196165949
4.13044281
0.04331651554
-0.1564537384
0.3667326957
0.200813449
-0.1112642024
0.0189956665
0.04620751534
-0.03397505353
-0.07793306634
0.03172507016
0.08453548951
-0.276710356
0.2134109648
0.6296840236
-0.03557386082
0.0651969213
1.205734599
0.274726361
-0.004843223281
0.6090516001
1.110571086
-0.04218216594
-0.1805513026
-0.1698844189
-0.3503915168
-0.7757068008
-0.3133111864
-0.2064293034
-0.7675456315
0.1188833031
-0.6253190398
1.300516672
-0.7827896208
-0.6781854928
-0.7238170832
0.7119952612
0.006869923789
-0.1770706948
-0.1124948766
-0.5042705655
-0.4858451247
-0.3277455732
-0.9498244673
0.4247953705
-0.3423003867
0.118970444
0.683041589
1.53472901
2.66506325
2.234881121
-0.4844432831
-0.6096591324
-0.5084360912
-0.2540884901
-0.2849562421
0.1376471939
0.05415609386
0.0005181144923
0.7212998554
1.19747929
3.781993175
1.058598004
0.3148325468
1.473508295
1.585010356
-0.2947013289
0.1262937607
-0.1926304352
0.6801527753
-0.607698302
-0.1861248698
-0.4403927803
2.762016165
0.5842613101
-0.986349833
0.09373728577
-0.1943278264
1.343522847
-0.7898674488
-0.3023732595
-0.6327870861
2.891575587
1.335149559
-0.3159290701
-0.6935412511
-0.2621436339
3.486231637
0.2333305079
0.02523870394
-0.7184056729
-0.4873909041
-0.7437218696
-0.1703723449
-0.2252146341
-0.3831084371
-0.4689023331
-0.2026825018
-0.6693923652
-0.4290032685
-0.5688955948
0.3015873045
-0.190825215
-0.6349524841
-0.7682989314
-0.5712681979
0.7935272858
-0.4571665645
0.4209766712
-0.700196746
-0.6747426987
-0.5366270885
1.610605025
-0.4469365671
-0.6450776652
2.232946765
-0.2299869351
0.6827646419
1.059324971
0.6973064423
-1.329395026
-0.8092557281
0.4737730749
-0.4408646241
-0.5381643146
0.02961276416
-0.05493943449
-0.1806437261
0.671644561
-0.4766258508
-0.2714895615
-0.4504830942
-0.04652099609
-0.1161948799
0.2011728214
-0.7800735399
-0.7304636151
-0.4982005164
-0.2651420124
3.719604611
0.3103328194
0.2287364816
-0.4420081131
-0.5114243895
-0.4164735928
0.211381771
-0.2956414036
0.3418612912
0.4480890781
-0.5249251649
-0.1549998727
-0.5743265927
0.02470456474
-0.1286456762
-0.02338158488
0.1323083716
0.1096502734
0.3927187055
0.2418786101
1.108620554
0.07239056439
-0.3753481343
1.50260869
0.03478212887
1.478302178
1.538453442
-0.5829554975
-0.4644216806
-0.8608106434
-0.4441093698
0.8750063866
1.159453675
0.6759373859
0.7984122194
-0.5768963024
0.1353215257
-0.1290960971
0.7102278763
0.3426147735
0.3818679668
0.6609200902
-0.3858750239
-0.9140782773
0.2676608379
0.07693521939
-0.5224407539
-0.01958963219
1.065731463
0.3235055958
-0.1891919903
2.184292412
0.8924837515
-0.01676971018
-0.1164751239
-0.3805597946
-0.8880492628
-0.6084984019
-0.6521454319
-0.1127343887
0.3004110295
-0.4915423065
-0.4063645184
-0.5087163538
-0.5400508076
-0.02450198941
-0.8457034856
-0.5699464262
-0.03785100766
-0.5258995339
-0.8049502134
0.7512826309
-0.1652128391
-0.7440312624
0.7336319417
-0.4592520759
0.6074506849
0.2230739683
-0.8879436985
0.3840981394
-0.6287491828
0.04011786692
-0.3703574255
-0.6431273982
-0.2398922112
-0.2884171128
-0.1807907593
-0.1136370331
-0.5298749924
0.366268298
1.650815046
-0.3583645057
-0.3402640343
-0.3625385061
-1.100267079
-0.5407430902
-0.897519809
0.3226125311
-0.5857884869
0.3854252879
-0.06082517672
1.019852397
-0.1233159091
-0.2987124763
-0.7264671251
0.9521551877
-0.67889584
-0.3437520094
-0.3213284336
-0.3004417088
-0.1425953401
-0.9999136329
-0.8455982
-0.2805113211
0.7505834088
-0.2574659459
-0.5491081357
-0.428657952
-0.2550332867
0.0008401496336
-0.7726852566
-0.132184214
1.509143406
-0.1817131694
-0.5936532155
-0.4122300953
-0.2874760918
3.542764103
-0.7615883619
-0.0501752981
-0.6033683494
0.2939445503
-0.2554634232
0.4880490333
-0.7700284123
-0.1232392317
0.04409023405
-0.1356732178
-1.207545757
-0.5616197079
-0.7639499158
0.3449955434
-0.5930426776
-0.6904847175
3.293011594
-0.6667256847
-0.4168153301
-0.4640008166
-0.3832046166
-0.4179889768
-0.07940451577
0.2412187063
-0.3440029636
0.4098664666
-0.4197234347
-0.2178555876
-0.04674815172
-0.8325695559
0.03686589031
-0.6022261158
0.3125136929
0.07522631623
0.5486989513
-0.2716734663
-0.9674153805
0.02590633426
0.2374850295
0.6858722299
-0.3784558862
-0.7201683298
-1.027895889
-0.8087122843
0.2425627619
-0.7564028561
-0.3541300476
-0.232397636
-0.3765842631
0.1287337868
-0.6758955732
-0.225715632
-0.6377886787
-0.8851372272
1.089948088
2.145259619
-0.3539772645
0.04866662053
-0.0718802793
-0.2579000548
0.6281894669
-0.9005295455
-0.5022657886
-0.3645502791
0.2301007569
-0.534590973
-0.1957479652
-0.4957086638
-0.2340198305
-0.04407029375
-0.3243119385
0.0284008442
0.187698514
0.1541580597
0.2963379951
0.001338285208
-0.4378569841
2.820831168
-0.6757585287
0.0325550687
-0.546505402
0.7507706244
-0.7963783294
-0.2726432227
0.1925453813
0.8176289544
-0.6064129412
-0.7467989296
1.183276176
-0.2823643483
1.187615922
-0.1903950177
-0.0909781253
0.261760366
-0.9297508597
-0.8499770731
-0.3785408139
-0.0973348923
-1.14811326
-0.9498059213
1.031515196
-0.5257345036
-0.8583610415
0.0335576674
1.055447489
-0.6663843647
-0.4872655131
-0.3328033045
0.2563373633
0.2342470095
1.011507371
-0.2643973067
0.1786507627
0.8063315973
1.779823679
0.259508089
0.009775982331
-0.2250733864
2.291000879
0.1711575942
0.3089209739
2.431713212
3.011468267
0.5113993146
0.4150497705
-0.5153830409
-0.130937003
0.1362950806
-0.1430284638
-0.8227925748
-0.9963305771
-0.3236608244
-0.9033574343
-0.6421478048
2.616190344
0.2447700983
-0.1598144598
-0.450089395
2.475833571
-0.8195991307
-0.3539700419
-0.3290377676
-0.3665494144
-0.2998768345
0.2806827256
-0.4424608707
-0.2491244663
0.2687089462
-0.2998921815
-0.5889999375
-0.3263407148
-0.4391693719
0.3075111648
0.05098027289
-0.3853526637
-0.6633032531
0.08374391524
-0.06589668822
-0.4725530967
-0.03637765199
-0.3522756666
-0.6053185537
1.39454225
-0.5683720961
-0.1952640828
-0.2760529902
2.824590564
-0.05917148218
-0.5528023854
0.03503839541
-0.4286955282
-0.5558733061
-0.2254883468
-0.630022049
-0.07857831288
-0.8286185145
-0.7424943894
3.44341954
-0.2163125373
0.170452412
-0.916679281
1.443302768
1.020094159
-0.6801840633
-0.3900457699
0.3275257878
-0.008022070955
-0.6026178777
-0.2013383023
-0.1721609078
-0.1201933822
0.3248125747
-0.2319777418
-0.06372578423
-0.9153500021
0.8394495115
0.9066183254
0.3449853895
-0.1009416208
-0.5849062301
-0.4923480734
-0.2951219976
0.115244473
-0.7286571115
0.2744631127
-0.3705083176
-0.09929347746
-0.1774999421
1.718135536
-0.4768868491
0.1414981088
-0.1888528738
-0.03479048125
-0.3635355689
-0.1378060911
-0.5664695174
0.6070953846
-0.646500589
-0.4284329712
0.5652036406
-0.2960298978
-0.8109479815
-0.900463593
0.2336894187
-0.3299012423
0.2731174471
-0.8950888604
-0.6783758879
2.4084714
0.2046428371
-0.2066942681
0.3662057102
-0.7937492132
-0.2676153004
-0.5679500937
0.2424293173
-0.5841777936
-0.01180367209
3.472845197
-0.5254862204
0.5420467556
-0.7537496433
0.07968643121
-0.608197014
0.9240063429
-0.5480716586
0.8074178547
-0.2118263561
-0.1777284835
1.102583262
0.5443143561
0.03186808955
0.1770709517
0.1856702041
0.9139944464
0.1961101659
-0.5324987367
-0.3568288207
0.2117519965
-0.618869634
-0.009561085701
-0.4344593912
0.7122335821
-0.7055009812
1.829878676
0.1924549559
0.2518414656
-0.4115222096
-0.4052639186
0.2555154417
-0.2352422543
1.745530182
-0.2423217177
-0.4399086475
1.05606713
0.4605853349
-0.5895576134
-0.09564994406
1.05252308
-0.3048544265
-0.4160734832
-0.1450050203
0.6449083924
-0.7659187227
0.09772281004
-0.02337499782
0.1419319753
0.8200923994
0.7356639653
1.243923762
-0.1538009649
-0.7723794907
-0.03450441202
-0.8910499811
0.6530349329
-0.5653792009
-0.9477817982
-0.5600047141
-0.04955015369
0.1978792466
-0.6267017409
-0.5775594145
0.4279767297
-0.6249625742
0.2489625904
-0.4224786341
-0.4698478103
1.251290673
-0.337269412
-0.4943058759
4.511307609
-0.4457454234
-0.6005335689
-0.7719549179
-0.8210921288
0.786644277
-0.8487825826
0.2276127551
1.118286735
-0.3590264089
-0.04142811447
0.4164547466
-0.4604149744
0.9040404469
0.1576533226
-0.03460982232
1.00104377
0.06136069968
-0.1109946454
-0.7995329395
1.016391516
-0.2423972942
1.209042519
0.17749152
0.5166683666
-0.8733485222
1.612435728
0.5697265655
-0.02376096286
0.01007838622
-0.660362646
-0.3882074416
-0.3490090132
0.121100796
-0.5585230812
-0.8499199927
0.0701744535
0.4516336139
1.213391685
1.321529728
-0.3805465169
0.09534311807
0.0624233108
-0.9907577008
-0.5079269573
0.321939046
-1.001950288
-0.486072138
-0.8544422239
0.7520984501
-0.262735844
-0.8832774282
-0.375767982
-0.4135318935
0.06269913847
-0.5731657922
-0.2687762689
-0.6267032132
-0.6195878386
-0.2034342557
0.2212368916
-0.7736017153
-0.2570189647
0.4349766698
0.01810679501
-0.2654356979
-0.2112910543
-0.5935763925
-0.2569820672
1.256343442
1.055047867
0.3970474247
0.7519723356
-0.7048848122
-0.5498631209
-0.2426311515
0.1051798556
-0.19235375
2.007216579
-0.1376218691
0.9078228265
0.08093574094
0.1912337497
-0.3165875286
1.188221094
-0.4263235956
-0.6164655551
-0.06078893575
-0.08964926386
-0.8431358397
-0.1858753178
0.2097938637
-0.7558719262
-0.2870419167
2.163623816
0.2750119925
-0.2051756877
1.163814804
-0.2515319824
1.115425318
0.4226462066
0.8092318967
-0.1800100807
-0.1472606786
-0.4482796669
-0.2881542571
-0.525501816
-0.8128967911
-0.4415994257
-0.6530345112
-0.3950144574
-0.2238550391
0.2500124861
-0.5796670258
-0.1250630522
-0.2146718338
-0.6296225801
-0.3411840245
0.3933505356
0.06078558122
0.03665033244
0.5880227923
0.5564611677
-0.07161627915
1.702627748
-0.8931858033
1.756131452
-0.1739550903
1.40010412
-0.5400718316
-0.6675661236
-0.595549348
0.1205136623
0.5979309559
1.2854256
1.458645859
1.448756248
0.4142547999
0.6843374483
-0.05959821884
0.5947070792
-0.4245229706
0.6520163059
-0.3238931954
0.03575256541
2.020162332
0.2370532834
1.679389101
2.995355511
-0.4751150534
3.678029931
-0.167751763
-0.3248925343
-0.7110162497
-0.3677532814
-0.5178600922
1.829217958
0.8822238818
-0.4980255052
2.452492326
-0.2801411714
-1.102710599
1.182804695
0.6845112681
1.520491681
0.8658006877
0.748111701
-0.1770373877
0.8159964919
0.8637403741
-0.3851437137
-0.1114239018
-0.9137141645
-0.8977744043
-0.5965269119
-0.6510729477
-0.6274690375
0.4715868019
-0.1198004706
-0.4041895717
0.3474862769
0.2469481628
-0.2757414967
-0.1581230562
0.9046998672
1.828724056
0.5637832731
2.84349224
1.513492709
-0.7793546841
0.03806150369
-0.5289240763
-0.5030815884
-0.6231525123
-0.468253696
0.6143929876
-0.3707737088
-0.01790000778
1.088470888
0.4949836247
0.04538135529
-0.6560733408
-0.5336387835
-0.5660613731
-0.4220099866
-0.1082767937
0.2729672892
-0.6220965877
-0.9840679914
4.058847415
-0.5615121275
1.389597327
-0.4305930912
0.1344148676
0.1742387848
0.08107097447
-0.2754615359
-0.3853706226
-0.3868608683
0.4479273677
0.03958655386
-0.09083209187
0.2421757434
0.1941493697
0.1517068165
-0.1232587182
-0.3885883622
0.5338867962
-0.008337271539
0.9823496781
-0.114148021
-0.2588346742
-0.1699653117
-0.2123461872
0.1042296814
0.0208714148
-0.4257136866
-0.1516268272
-0.4321769997
1.067545643
0.981860356
-0.04785533287
2.012387884
-0.6607637733
0.1028975403
-0.05294632092
0.2231075128
-0.3943638861
0.6286849312
-0.3857205052
2.055560076
0.2245995099
-0.06747310106
2.131243795
0.9001158491
0.8863872498
1.092083769
-0.08213446271
-0.1698424947
0.171417312
-0.08522105962
1.262600663
-0.6431296766
-0.8828474402
-0.09318279438
0.4871981665
0.9857470512
0.1290186727
0.7281695589
-0.1336426696
0.4555891953
1.547463885
1.0196041
-0.06547348583
-0.4876985759
-0.2641665399
-0.06155463825
-0.392762471
4.168785012
-0.4585907608
0.276984125
0.5742119029
-0.5419314109
0.9518530965
0.03422317225
-0.4421234533
-0.09742598087
-0.71502278
-0.55029504
-0.1832391256
-0.6120792687
-0.31610514
-0.04758964051
0.5885647923
1.721005356
-0.5740756586
0.08003468607
-0.0904315345
-0.0572114354
2.507149482
-0.6008399442
0.03883344964
0.00193089298
-0.1331734058
0.5414000772
1.814112598
-0.2832063183
0.784894456
0.08080504497
-0.4959006146
1.156660813
0.3587543662
-0.3686269701
-0.514301607
0.1018581593
0.0428211268
-0.3979129359
-0.5123760521
0.3071267379
-0.5991375357
0.5059561265
0.01417924073
0.322912059
-0.6734702557
-0.003303005174
-0.5942636862
1.344078407
0.2696181173
1.203311947
0.1204021231
-0.4166123115
-0.6876825184
-0.4914822444
0.3403387763
1.871292752
-0.1431379866
-0.3277151138
-0.209716288
0.1780611565
0.1255328571
-0.3392553098
-0.2491218895
0.4895400338
0.2128843151
-0.1564998027
-0.7484352112
-0.7465823635
-0.9950282961
-0.6584594846
-0.3650430337
-0.6206000045
0.3883589294
1.260396287
1.191023898
1.044472969
-0.4797484383
0.4356253151
1.077050334
0.5527676165
-0.3028245464
0.5818125457
-0.1047927959
-0.4378404245
0.3285367031
-0.5210869595
-0.9555943221
0.1970881512
-0.9281986207
0.06509496374
-0.8095233679
-0.5850690857
1.033129072
-0.6595329612
-0.2931904707
-0.04889370613
-0.09476754442
0.6275100641
-0.4792545021
0.6890117392
0.3823142663
0.04479495585
0.4758614123
-0.196524303
0.01861818959
0.4339146603
0.2442846965
-0.4138772652
0.7364646167
-0.4164681301
1.368673098
-0.8020730704
0.8033511773
2.759168172
-0.1798101794
1.668667302
-0.1230888312
1.182560971
-0.03847618513
1.787562287
-0.02209986059
0.4708546281
-0.4575628012
1.673092273
-0.862447533
-0.179058294
-0.0008947916329
0.01127009001
0.2798568666
-0.3907355025
0.4967735879
0.1957380603
0.5533856653
2.970025504
1.104552251
0.2150095796
1.543695512
0.9219231516
0.8041712284
0.9731286243
0.07365805656
-0.5806820333
-0.4102937728
-0.4108357832
1.906606674
1.165391821
0.407125289
-0.03579428853
-0.7363482267
1.236826159
1.740881369
0.6968251392
-0.6137930259
0.2225138025
-0.2824488856
0.0323512577
0.152349448
-0.2701820061
2.057048821
-0.2540098257
1.786395741
-0.6603448763
-0.5794269696
-0.3181664899
-0.6262764424
-0.8843361199
-0.5284115046
-0.3205023527
-0.8009346932
-0.3462023228
0.8206917331
-0.4833007172
0.8957851782
0.05000897651
0.2851529997
-0.3632611647
1.386902028
-0.4427876033
1.877252173
-0.1959950857
1.344720209
-0.2484508324
-0.2456462629
-0.4451148123
-0.3657600969
1.733248228
-0.06220015734
-0.2875850067
0.001838019025
-0.3875859424
1.054434478
-0.2132663317
-0.09798916131
1.386785999
-0.6263585389
-0.7627628446
-0.8579300195
0.5325470682
0.002268604189
1.123958021
0.1035030445
0.561992722
0.4059921818
-0.07260121983
-0.4545263156
1.75196045
-0.3847217128
-0.639172484
-0.6531686351
0.1261302903
0.9210790724
0.3775045123
-0.1021624908
-0.9032290399
0.8112567753
0.3090214565
-0.7223630488
-0.2672978938
-0.1656361025
-0.4615496829
0.1591951205
-0.3478435684
-0.1923305951
-0.6986246198
-0.2564385034
0.4641806521
-0.5490839243
0.05213385513
-0.8806981534
0.2592643742
-0.4308560535
-0.8001913249
-0.2294173006
-0.2162101865
-0.9770333469
-0.1632435206
-0.3132116551
-0.1491561934
-0.5945964068
0.3653412551
-0.3683711588
0.476673593
-0.2719827667
-0.9791790038
0.2920279732
-0.3644829385
-0.3446665309
-0.1935355417
-0.3252347693
-0.6884102792
1.438171607
2.002060008
0.5692732014
0.1849404862
-0.09403416812
-0.449357
-0.8415587857
0.1887758985
-0.380713319
1.959102184
0.1005428849
-0.2361440364
2.150789773
0.4911879838
1.082457033
0.2490066206
-0.2008107405
0.2176708832
0.1440994902
-0.4425154269
0.2585679924
0.003278458305
-0.5683312863
1.135426581
-0.1196780676
0.3722622573
0.7004399121
-0.8592862919
-0.4139031127
-0.1928975906
0.001804826222
1.833145335
1.344848126
-0.4697948784
0.3871189434
-0.5066799879
0.03012694037
-0.1787121598
-0.6209660038
-0.7485705584
0.139962944
0.230489954
-0.3880693972
-0.3691035874
0.5148456214
-0.5327430725
1.271322337
0.280800711
0.197236559
-0.03834019974
1.264910862
0.4320191287
1.147973323
-0.5980437472
-0.3212876305
-0.5385115013
-0.4928085595
-0.325805977
-0.05044465004
3.688362706
0.6146235801
0.5793744311
1.444284785
-0.1214319929
-0.1384462709
0.07390728379
-0.1828708336
-0.1643628437
0.2446646878
-0.5381260142
0.1615030702
0.1646703679
0.1344412537
-0.379347384
-0.06992988475
0.563540487
-0.3937282585
0.1190202368
0.2925025377
2.019873148
0.02205762633
-0.07451311611
-0.371304661
0.1594360955
0.08660962563
0.02100966955
-0.106928337
-0.6613645405
-0.6965732664
1.44289127
-0.1710550446
-0.4141344741
-0.6177577287
0.5672831774
-0.2980570655
0.2980920227
0.1040558906
0.1668792833
0.4475202825
-0.03353347885
0.2452267323
-0.30247439
0.9618849456
1.342208883
1.341372669
-0.6885369793
1.787106395
0.3224460792
-0.1260459447
-0.06317911814
-0.8160780787
-0.3570337184
0.005980424024
-0.08447252773
0.04402018911
-0.3793918908
1.751007181
-0.312991856
1.233987755
-0.3231632285
-0.2758029521
-0.6508569658
-0.2152945183
1.069691478
0.5819296658
-0.4511146188
0.9709272504
-0.07891132124
-0.461226137
1.70389542
0.128266103
-0.7829203501
0.7666893005
0.1764091904
0.1972403363
-0.2240960415
0.7052261204
1.546347731
-0.5535025358
-0.1713699846
0.02234842405
-0.4621225789
-0.654422769
-0.2627488367
-0.01406814121
-0.00378470514
1.616876876
0.9178314298
1.139056236
-0.163814453
1.063973343
-0.2761586249
-0.07985581364
-0.1245807907
-0.2454756759
2.952499592
0.1780133971
-0.2446349762
-0.7421815336
0.730528675
-0.2968086101
0.3955864675
0.2829304313
-0.3192662526
-0.3734232724
-0.1385852184
-0.2032477871
1.353638437
0.2882489998
0.003321612347
1.465477046
-0.6994031087
0.8416663632
-0.5774554715
-0.4307976544
-0.7178627521
0.4282747492
-0.02003524043
-0.372921209
0.1296662554
0.6856595054
0.1163781528
-0.1239931382
-0.6403163612
-0.0138226347
-0.3546886697
-0.04067295562
1.912950099
0.0815786181
1.371279675
3.421360946
-0.145292988
-0.06809556801
-0.4027590558
0.5419774935
-0.1218882363
-0.1144537978
0.04244049704
-0.1670331471
0.6321876571
1.484357679
0.09273857586
0.8835763082
0.9815122366
0.978164205
1.020956577
-0.2019500375
-0.5926265836
-0.370887021
0.008141330816
0.5045041323
0.2796533328
4.231219172
1.066355568
-0.3966832973
0.1076586227
0.705420807
-0.03765990189
-0.1759716308
0.8120509237
0.03617688422
-0.128173894
0.15894049
0.4896093316
0.7515709594
0.4395919427
-0.3362799406
2.451523739
0.664885813
0.009139354341
0.5229076605
