-0.2858590186
0.1807568319
-0.187107677
-0.2619373314
-0.01041346989
0.06070534699
-0.3191146508
-0.5451046273
-0.2726233432
-0.5581487149
-0.6117630154
-0.3691074863
0.5611130282
-0.4263593674
-0.3234591428
-0.1767562924
0.08038716447
0.3167275924
0.3848474242
0.6410342231
1.02100423
-0.1601035897
0.4070208982
-0.2046425521
0.4614037998
0.2809502935
0.02082819659
-0.2053162316
-0.7360830963
-0.4959881298
0.1742324645
-0.3910151601
-0.3393499888
-0.2647541065
-0.9212406069
-0.1958187856
-0.06087162634
-0.3998759449
-0.04057393009
-0.3362949513
-0.45127666
-0.2261414796
-0.6808955744
-0.6447010458
-0.801097393
0.5444170102
0.6196264721
-0.2116797881
0.02393096797
0.2131804772
-0.2090825342
-0.3981363796
0.8362400226
-0.08007540517
-0.5238129988
-0.5618703678
0.03522023614
-0.4533048369
0.3283604324
-0.2510458903
0.1836699719
0.1251313785
0.7292760104
-0.398393061
-0.03894895036
0.8377489895
0.209968064
0.04173132833
-0.1085068466
0.3062434457
-0.4833688498
-0.15191686
-0.09464269895
0.09453247376
0.309634801
-0.4366730362
0.1835350196
0.1876032472
0.239882696
0.8412142903
-0.1452592947
-0.1280321354
0.1756392454
0.468655258
-0.1204953594
-0.1411270633
0.2955762256
0.02913108431
0.124310017
0.1669130269
-0.1580108792
-0.01853966163
-0.2010232706
0.4941370014
0.1446205213
-0.3345051788
0.5747800224
-0.2228161249
0.1976436745
0.04795026761
0.4179016676
0.1298941547
-0.380119212
-0.560890615
-0.2180900827
-0.1000308271
-0.3342523187
-0.002935029939
-0.2526368897
0.3456447275
-0.2946409576
-0.2930362269
0.6626813933
-0.3242764696
0.1356147971
-0.05696424283
-0.2121613837
0.3920592517
-0.4894480988
-0.06849744357
-0.5849891186
-0.5621030167
-0.4702151701
-0.3080145258
-0.3734788714
0.2701549893
-0.2858130701
0.1549494314
0.05880269557
-0.5667225882
0.3396691327
-0.313834995
-0.1756230531
-0.1721096987
0.450367599
0.0196080558
-0.1670763783
-0.374237819
0.4679664833
-0.5703983679
-0.03644387489
0.068960167
-0.1615755882
0.4019305758
-0.4143957213
0.05272969399
0.01216887347
0.05040063448
-0.2273106679
-0.005930894893
-0.1735454574
-0.2814738967
0.3154630482
-0.5545797765
-0.1125207854
0.2793537963
0.0007020097226
0.7587188393
0.01239575027
-0.01715246215
-0.7461995974
-0.2922371954
0.3059378285
-0.2518017322
-0.3747840032
0.2428037282
0.2927809816
0.08067185357
0.6124106005
-0.348102048
0.2531780625
-0.606986472
-0.1000418462
-0.2756928686
-0.2545269646
-0.4129409693
0.6728686929
-0.0607224484
0.5006790191
-0.1511695474
-0.2442998549
0.03954443717
-0.09373120572
-0.00871373117
0.5429330193
-0.09122500941
-0.728179872
0.6957589403
-0.1585956389
0.07671483289
-0.3503585517
0.1927393813
0.7586381987
0.00249857083
-0.3756984472
-0.09965186846
-0.343087969
-0.156010508
-0.3808970301
0.0212573627
-0.4949023724
-0.2885727763
-0.4550454602
-0.338462539
-0.6113761321
0.02075368771
-0.1058119392
0.3851021737
-0.5399903134
-0.377726756
0.249009059
-0.1907158855
-0.5137752116
-0.4263036462
-0.3345814064
-0.3824332483
0.02956307661
-0.1735029493
-0.4445506297
-0.2324973248
0.007263942808
0.3024181594
-0.2225880049
0.177164176
-0.1998366617
-0.3921222799
-0.6163590603
1.261288357
-0.2823227692
0.2003998606
0.4019059634
-0.469957529
0.2377850574
0.08160730568
0.2278630484
0.7225243971
0.1862233972
0.6033780575
0.1265655844
0.2719018571
0.3332169961
-0.02858810192
-0.3531722963
-0.2292405672
-0.2923537599
0.3249248162
0.2927595158
0.3444300331
0.1499244375
-0.1987853087
-0.3229001068
0.1472425565
-0.418667412
-0.0129582148
-0.02105589453
0.548091872
0.9189090744
0.3227840137
-0.3787922986
0.1503471902
0.2428475172
1.152949467
0.5883010048
0.2574399453
0.1052487974
0.3373162743
-0.2403140727
-0.4175821617
-0.3549699724
0.2587949146
0.2899435602
-0.2873307887
1.024064517
1.14871805
-0.2776112173
-0.2343736082
0.2742980059
-0.2735445902
0.1041039299
-0.06464242171
-0.4994411007
-0.3931212157
-0.3454749875
-0.1491505751
0.6075842321
-0.156667817
0.6913561657
-0.280106416
-0.2294951371
-0.2478160955
-0.5409016855
-0.1457344059
0.177059482
-0.2809399568
-0.3208641833
1.22612755
-0.4266737312
0.03577562831
-0.2321328601
-0.1810102988
0.7289091036
0.3244543619
0.3290703744
-0.09370890614
-0.01263618059
-0.3615966678
-0.2748523057
-0.006986287888
0.0310823312
0.125481964
0.07738995729
0.1249840002
0.3872186899
-0.1518513227
0.5057477951
-0.4742208615
-0.4117862269
0.326108044
-0.2035552293
0.2694381699
-0.03870184906
0.3177645402
-0.01455675419
-0.4366980724
-0.2980188325
0.1741849912
-0.1347719621
-0.6403786272
-0.2286152646
0.03951687478
-0.1392345514
-0.400093884
-0.236844055
-0.1285185899
1.10902155
-0.1362003263
-0.1065702291
0.5595920451
-0.09971287623
0.2286242627
0.6575995207
-0.4004023224
-0.07830752637
-0.1869360337
0.1132514302
0.4364993326
0.1120462921
-0.3526071869
-0.1539042951
-0.01226976998
0.4650053479
-0.04753093831
-0.5589632988
0.1083784886
-0.1212738574
-0.07593152979
-0.5805840388
-0.2656663563
0.2391528085
-0.06660792958
1.410965705
0.1543872247
-0.1313281717
-0.09767056946
0.2556561086
0.1415918791
0.8064285696
-0.2670605484
-0.04381831083
0.06146974582
-0.1647478076
0.4173874928
-0.4228485495
-0.03723879904
-0.2004533492
0.007267105393
-0.1739927075
0.04976839852
-0.1766505312
0.1438338974
0.5569683006
-0.1897957679
0.5401516996
0.1354202988
-0.09508251529
0.3651397616
0.07523256741
-0.2173627093
0.1286924761
-0.1876445265
-0.2313577597
-0.4404492788
-0.4046828926
0.483619038
-0.2244761426
-0.5286877826
0.249964099
-0.03008498703
0.3726720996
-0.7254915833
-0.1967698172
0.07201798521
0.09084664546
-0.4072099065
0.1952463821
0.8041561656
0.2759633917
0.009503515437
0.1193364418
-0.005102225766
0.1185527474
0.2042365018
0.8838013485
0.1986490482
0.2766986664
0.4901441816
-0.392831298
0.5022388745
0.33784537
0.6988780051
1.042738026
-0.2444143929
-0.0345123833
-0.06046202462
0.2686569281
0.7009473998
0.2723758336
0.1616509917
-0.01957037784
-0.2318884684
0.2984797499
-0.2148113171
-0.1195667233
-0.5220596403
-0.1663113214
0.1904255683
0.04592327997
-0.4580077955
0.5078243468
0.2707404165
-0.005261092447
-0.3819456354
-0.1462430321
0.9298546493
-0.1629900001
-0.3006176136
-0.07553682569
0.04250343079
-0.3060740821
0.1478549851
-0.1096958689
-0.004592915159
0.4800641015
0.2450118192
-0.2752025073
0.7937847435
0.06245187707
0.06636354262
0.08650604542
0.09746920383
0.3232599622
0.5465963408
1.763425386
-0.04807394482
0.2970434315
1.292337894
0.2154948389
0.05026341528
-0.06784674078
0.4701383792
0.003109664097
0.51373142
0.05688173436
1.18761951
-0.2502053417
-0.05670138486
-0.02202028567
-0.3971180364
0.4153876528
-0.4285754554
-0.3611156002
0.1809871877
-0.1143690873
-0.35569028
0.04566659853
0.4890587434
0.4371369503
-0.1373211421
-0.349181354
-0.365537212
0.5970375061
-0.319189522
0.382505957
0.34764286
-0.1441781042
-0.09531505276
0.1697946302
-0.07661927119
0.4675962314
0.2523558049
-0.2110184145
-0.104586298
-0.3615656525
0.05218644273
0.0682541173
0.2157555801
-0.3413893938
0.06952672526
0.1130538985
0.0815526369
0.1215325078
1.109824425
-0.1639926972
0.6058536209
0.7402449682
-0.2248066172
0.346786431
0.03232945967
-0.1153412985
0.05008190852
0.07833502833
-0.1540503627
0.5228303768
0.5629456937
0.4026244253
-0.2372210361
0.2164340712
0.08663441651
0.1177716009
0.2016730595
-0.08554054387
-0.3898256661
0.2119582899
0.07008376755
0.7876417123
0.07514565755
0.857777372
-0.09234158956
0.1272390854
1.407827955
0.01279586926
-0.1974189024
0.03603378125
0.09393401258
-0.4735733464
0.02522915807
0.04327437226
-0.3620201156
0.4055950556
0.6781983629
0.4179425361
0.09897590168
0.1698683701
0.7927530497
0.1601910459
-0.301644253
0.7571248487
1.921825242
-0.08440984599
0.7366105959
0.8090076685
0.05868766671
0.6601144016
-0.03788950304
-0.03586247182
0.0997057559
1.208901024
0.7263730191
0.5571702303
0.6752741724
0.8873690039
0.5827943534
1.177192634
0.9963384807
0.6411743119
0.70279264
1.090923235
-0.0158586652
0.1947699132
1.491883188
-0.4692165986
-0.4566305876
0.4378998767
-0.05524820194
-0.01456150375
0.4283250004
-0.3888535202
-0.1699010508
0.1952952638
-0.3106347278
-0.2134240989
-0.6061060354
0.5611692235
0.7786886901
-0.3482974201
-0.2711316496
1.244259873
0.4153703544
0.2198986977
0.2207137381
-0.3294009618
-0.3320852235
0.4087357841
-0.4381806552
-0.2134978294
0.27014159
-0.4223930344
-0.05042379722
-0.005836088583
0.241697638
0.09321619906
-0.1085505145
-0.08485457571
0.8559706032
0.6660989873
0.2327712567
0.006196669675
0.2112440024
0.1182635922
-0.2443370625
0.03424608158
0.9042813361
0.2589302992
0.1918337997
0.3737680107
0.9468025953
1.266687083
-0.04848697558
-0.3137933187
0.7846308678
0.2725905232
0.3767567679
0.1665180965
-0.1499081135
0.3838727295
0.3793555278
0.3132584099
-0.3670831848
-0.1519473079
-0.2218252853
0.3971590187
0.913382408
0.9261544734
0.4004809089
-0.1709610122
-0.05224173293
0.7276864626
0.3180805676
0.2239613337
0.08852450838
0.5048947021
-0.340130299
0.594251518
0.7912353054
0.4327685252
0.3999103613
-0.03137588296
-0.3934730217
-0.3462507904
-0.1674491156
-0.272868979
0.02680248665
1.077935669
-0.1206904028
-0.07186744399
-0.07576437965
-0.4290885221
-0.520059374
0.4128030661
0.2474542905
0.1461633956
-0.3111992441
0.1806727235
-0.008955421578
-0.4984321043
-0.482033965
0.3072280638
-0.2148000469
0.3774659906
0.4389541861
-0.5245568737
0.1478639631
-0.3365149066
0.2630252432
0.06793894516
0.07422267953
-0.1533170147
-0.04067207202
-0.1357045144
1.100099358
0.278108211
-0.05257761218
-0.3021547854
-0.1373754261
0.926587075
-0.06234432515
-0.3822695158
0.9765349254
-0.5235572092
-0.2749409752
0.5295116261
0.4139419816
0.3747440573
0.08353143297
0.1572922081
0.351023322
0.1789762274
1.155837676
0.5188224956
0.477501655
0.1217406981
0.6358217537
0.4087211912
-0.03276325976
1.167521515
0.1293347277
0.3330191927
-0.1304695373
0.2676767569
0.5947109617
-0.0800607536
1.149114433
0.7722758628
0.2637041748
0.7780991435
-0.3469948906
0.02837500125
0.3159834355
1.224804217
0.664926251
0.3885728993
-0.2046986908
0.3395094819
-0.3896037728
0.3424190741
0.6238895051
1.627248204
0.1037346194
-0.06178764394
0.5607030727
0.4960710438
0.3169391036
0.8456819683
0.3419437135
1.183733496
0.1438743398
0.4507370539
1.751751482
0.8015995592
0.8420755744
1.201339561
-0.3579874074
0.4863746883
-0.1036266437
0.07135899551
0.01312277969
0.006730825733
0.4769492559
-0.03034271915
1.11140914
0.2670874964
0.239247114
0.7565712094
0.7657838583
0.0849411686
-0.06135008987
-0.3971047238
-0.5372168154
0.08480948154
0.6116094708
0.5247779049
0.6463436782
0.2655273888
-0.1565360989
0.5669844538
0.3589073047
0.2234820252
-0.1106821224
-0.0334921984
0.04867880056
0.7378274158
0.3232160354
0.1588460344
0.139533882
0.2412892628
-0.2397758789
0.03693562336
0.08432920203
0.04734835513
0.4793799615
-0.5601942956
0.3741108216
0.1420513876
0.4159639835
0.4423063084
0.744836536
0.1529644392
0.2274071671
-0.05696655102
1.639717782
0.02549547162
-0.365687101
0.07209801059
-0.07982308455
-0.04332345389
0.1298140882
0.7929230019
1.603866643
0.03578349063
-0.2697374897
0.1633089855
-0.4092266172
0.6134702057
-0.369462236
0.1914940584
-0.3599395163
0.2326045588
-0.01038923394
-0.04194950238
0.04500844525
0.3820140921
0.835564521
0.9863451034
0.7731084652
0.28867119
-0.2392449945
0.2649516346
-0.5496632159
-0.08795026648
-0.5597518086
0.6005936533
-0.1748891421
-0.2184392657
0.2860230194
-0.3302244328
0.002140224352
-0.4172929838
-0.3790425181
0.005856690276
0.3061401473
0.4212589115
-0.05836885646
0.6067895442
0.2413019631
-0.05643733703
0.09949495178
-0.176738736
-0.5397059552
-0.2327391015
-0.3077483736
-0.1256996687
0.4866421238
-0.08813221548
-0.3195983633
0.7848383844
-0.05939859264
-0.212823059
0.1887089169
0.9470467687
-0.4237907656
0.962718156
1.47499584
-0.08447381593
0.2874298887
-0.08806054723
0.5211117417
-0.1162154265
-0.3017480955
-0.4570005536
-0.2127603134
-0.1470417237
0.413847575
0.6670332991
0.2100321211
0.7135520235
0.1521819968
1.079031464
0.8797253996
0.3973332636
0.0007059857249
-0.2999727257
0.6149787344
0.2424480764
-0.3157130966
0.876573655
0.1777933568
0.6803334057
-0.2936909564
0.6138874605
-0.1585997833
0.1693700819
0.1702836911
0.488758333
0.1700664442
0.5388219638
0.2608216622
-0.1057609163
0.2681558582
0.3866809214
0.5128932431
0.5754352148
0.5989072246
0.4068064339
0.3644491181
0.2685313708
1.991814727
-0.7137949407
-0.4853105634
-0.03678466096
-0.3591808185
-0.4005574703
-0.2380805232
-0.5793220073
0.07396949129
-0.3717352867
0.5658158511
-0.4040233005
-0.2086031415
0.4881079823
-0.1028236622
0.017312859
0.05782629643
0.3409306731
-0.09484829511
-0.3676642053
-0.4007068768
-0.05157449935
-0.09786364771
0.04001603771
0.01650160849
-0.3506933913
0.0524596883
0.03013024079
0.6104819953
0.7795713775
-0.09238987267
-0.04096876835
-0.3981051728
-0.04445835054
0.1416398031
0.4079584807
0.5185675479
0.4682280091
-0.2652685933
-0.1344068807
0.1832640637
0.456555368
0.2827961174
0.08297680356
-0.1776633222
-0.1328309475
0.06953721438
-0.6194410279
-0.5652154759
-0.2794339225
0.1318157066
-0.1360371549
0.7155781612
-0.2117859773
-0.03885777723
-0.1338368831
0.17718293
0.3046292778
-0.0575173283
0.2978115454
0.3767927207
0.5216161951
0.0576678189
0.4127080567
0.1626421433
-0.005738339759
0.03841146473
-0.2720358452
0.3208024628
0.2609823802
-0.0964624837
0.0581508968
-0.305262544
-0.4586535409
-0.02981701866
-0.08840427678
-0.0269377118
0.3875427352
-0.1668188771
-0.2727699254
0.05648530107
-0.2641717188
-0.3141448461
-0.2971900601
0.1169683567
0.5517931864
0.08028046256
0.3500317113
-0.3744552493
-0.02614850029
-0.5600962192
-0.6511796072
-0.1034307647
-0.1470897097
-0.2907077685
-0.5643362761
-0.02668320085
0.8255118787
0.4980519757
0.6133898534
-0.7086102903
-0.02302170508
-0.3773997772
-0.3317292523
0.588189321
-0.4399339452
-0.3124875713
-0.09601189438
0.1769582411
-0.4436945885
0.04565825593
-0.1691117093
-0.303154829
0.9798798263
-0.4306883872
0.3657833575
-0.2964480866
0.2255245754
0.5442058649
-0.1285578679
-0.03657203559
0.3976854496
0.3526192497
-0.1363690488
0.3805551072
1.334942779
0.4504778206
0.4023717952
-0.2652834423
-0.1311829103
0.1414104875
0.3186347403
0.05333476625
0.9147610068
0.2034693168
0.08460300583
0.4425607882
0.6880870432
0.3488974644
0.03108895998
-0.1712125503
0.487166936
-0.03989358069
0.1883383481
0.8237912655
0.1504432993
0.4555445082
0.1004613064
-0.05195472217
0.03183144093
0.6643892884
0.7096712612
0.4721058353
0.5379854426
-0.2616001844
0.9392885759
0.7232342444
0.7154016875
0.2530005032
0.1961236199
-0.006950002164
-0.1360857565
-0.5759346545
0.02694125548
-0.2798797112
0.6286028087
0.05149565693
-0.213288871
-0.2061544501
0.6516928405
1.2491449
0.2209062934
-0.01252185646
0.9416306049
0.01165898163
-0.4361463845
0.02603036584
0.4000060994
0.5329129614
0.1854367541
-0.3672678046
1.966184747
-0.4014861096
0.05933184624
-0.4625320941
0.2595105439
0.3314923886
-0.2355724644
0.1819008173
-0.2156520348
-0.1739357639
-0.4072785333
-0.2307092925
0.238265628
0.8503835104
-0.3591971979
0.09159035608
-0.1078302828
0.0578850681
-0.2244661076
0.3043498024
1.129243779
-0.3479999468
0.2950329199
0.292193985
0.04742142758
0.2459471181
0.1940232176
-0.4053921618
0.168468399
2.018291014
-0.07216377929
-0.105367065
-0.1987477983
0.2672374859
0.3158918127
0.8665527165
-0.0396582067
0.1110693371
0.2843669595
0.2181663991
1.009960663
0.282345498
2.340213078
0.134901412
1.229518834
0.173535477
-0.3720565304
0.6322462905
0.3834496625
0.6145427421
0.2512352064
0.3031372707
0.653170545
0.1297997426
0.7333296232
1.176934138
-0.1758886695
0.1451012886
1.033355287
-0.06815843713
0.03723101318
0.5446648993
0.97929928
0.6113271199
0.5727966577
1.157309499
0.2833757036
0.1809812851
-0.03678195197
0.4725691736
-0.1768148934
-0.1240297783
-0.1020624289
0.4305077784
1.227653253
0.2095705194
1.078770128
-0.4594206601
-0.4422709333
-0.1732251981
1.225800982
1.09604719
-0.3480329685
0.6952779667
-0.119700645
0.8042119518
-0.005046747625
0.3671804991
0.08582839705
0.6263677463
0.1281124437
0.628076265
0.64410794
0.02430910524
-0.207226599
-0.01480705086
0.4733446047
1.195943573
-0.1288402637
0.3743902031
0.008321884274
0.8443743497
1.51465438
0.9710708059
0.4745796084
-0.1919041701
-0.01876171995
0.2098725133
0.2423414972
1.494605404
-0.1011673203
0.04271134809
0.5412839435
0.7522680506
1.259698704
1.295612121
-0.007825627364
0.6226179738
0.003144216165
1.056960565
0.1936103784
0.7911216367
-0.3757114995
1.200689664
0.4436454374
0.1284547059
0.8723524719
0.1949246093
0.5475434972
0.2085309938
0.6195040852
-0.1751658062
-0.2390371431
0.4587458678
1.142764571
0.4340767089
0.5487828061
-0.2350710433
0.760419175
0.6530069187
1.119260603
0.675511593
0.8964420885
1.248781785
0.9175158069
1.156583813
0.4958874185
0.1070458028
0.5265435621
0.2340844757
0.6102892675
0.6593048856
1.327962536
0.7023164608
-0.3388287315
-0.2016460221
-0.3264116861
-0.4649046227
-0.1793019046
-0.4550783798
-0.2201291841
-0.2366897814
-0.7386762261
-0.3553612031
-0.2688761253
-0.346798934
0.02044342905
-0.4638891324
0.3213973843
0.06458520349
0.0004934351658
-0.3093476906
-0.4387603752
-0.4910055593
-0.3071594063
-0.185094436
-0.3808413379
-0.09572076872
-0.5385988325
-0.479282438
-0.4731102571
-0.2398093889
-0.3732404709
-0.3676069066
-0.2174392633
0.07526501184
-0.1227907423
-0.1473040462
0.624157238
0.006025616266
-0.6910234436
-0.1617062183
-0.2827715863
-0.1432069764
-0.1541905458
0.01320343344
0.07283228007
-0.5455906346
-0.4767554596
-0.1363851415
0.01862164875
0.1233274695
-0.4454624817
-0.02783905603
0.01695576571
-0.3186714407
-0.4599925697
-0.1992045701
0.01984849777
0.07198928008
-0.1530393632
-0.603960824
0.08851871882
-0.2680084627
-0.4969874516
-0.4363415614
0.1540672671
0.2216277075
-0.2398023229
-0.3656873137
-0.2568334142
0.3672910813
0.371524211
0.05461100219
-0.08357911706
0.3841197357
0.04783716742
-0.1825741917
0.3107859515
0.3133702662
0.7788550511
-0.3207564808
0.6873623922
-0.3567557976
0.02296356438
-0.3274542382
-0.4361215144
-0.5876763344
-0.3392461612
-0.3551894467
0.006882897951
-0.3925171569
0.4353976654
-0.0516749586
-0.3797906738
-0.4433564313
-0.6279964194
-0.4967779472
-0.3367533565
-0.4583174571
-0.08409717921
-0.3154914156
-0.332407634
-0.30075895
-0.438735643
-0.2985875264
-0.03961724974
0.0941262533
-0.2798554286
-0.3194322824
-0.1823546944
0.02204310615
-0.6540139541
-0.0762446627
0.01875661425
0.547832942
0.2711792639
0.1596835217
-0.02948370762
-0.2777359029
-0.2113565147
-0.5049310252
-0.3995882332
-0.0740341329
0.1865129385
-0.1790711608
0.4603796174
0.09059805237
0.2198376038
-0.339849709
-0.357945754
-0.1012305571
-0.1524183929
-0.4948845059
-0.01891704174
-0.2052771965
-0.1144613173
-0.1070137989
-0.4987303004
0.3126901285
-0.2584838148
-0.3433158278
-0.2760161057
-0.2473594226
0.3703427663
-0.4444788478
-0.02025434566
0.1113902002
0.1275699459
-0.003250699304
-0.4019075438
-0.2985108189
0.5878401369
0.7087667495
-0.00157457008
0.5333422989
0.2098583667
0.05625876132
0.1410164597
-0.1857949281
-0.3980448879
-0.2047802292
-0.6732692689
-0.199991023
-0.2723421328
-0.2616703592
0.08642092152
0.3475862624
0.2438612882
-0.1957351252
0.2064567678
0.3866439778
-0.09868503734
-0.2363809409
-0.4389018327
-0.2533095125
0.3936957993
-0.3388906434
0.1394120428
-0.3691398494
-0.4524044283
0.04775584079
-0.1872420909
-0.1997890565
-0.5996970788
-0.314178279
0.6846581995
0.04109992143
0.1572859127
0.251873046
0.3604648586
0.9980219215
0.2049856093
0.3743078813
-0.2206165189
-0.3331986636
0.02812633682
0.1626966953
0.007328461111
0.08566027191
-0.3836132213
-0.03837441839
-0.4105277926
0.4620686591
-0.5267741032
-0.1838392129
-0.2371148065
1.018547672
0.9978349581
-0.3840679869
0.1107111895
0.6174267896
-0.5930046484
0.1744866151
0.2157578591
-0.1100832625
-0.3781172313
0.1988076703
0.3876029007
-0.03105994333
0.6707093664
-0.2316742815
0.001895926427
-0.3361640446
-0.516087123
-0.1866049256
-0.2630784925
-0.1435302375
0.192232425
0.5748857126
-0.02774145845
0.4155332729
-0.4406978726
-0.3748617969
0.2488598965
0.1116005125
0.1060886123
-0.2884337842
0.05929943323
-0.5128720269
-0.08691701093
0.2189665971
0.121966107
0.01417045463
-0.301654423
0.06795618525
-0.1975924093
0.1409537867
-0.5563896276
-0.06790776914
-0.3923196331
-0.7937249124
-0.3751584277
-0.4744483471
-0.2646278717
0.2899601686
0.2046628792
-0.7392264038
0.0695983503
-0.6740976095
-0.275306236
-0.3262558922
-0.05588138849
-0.5149829403
0.25378637
-0.5242781714
-0.7768066496
-0.821944502
-0.3907521117
-0.4134674676
-0.3681088611
-0.2372866656
-0.5115343004
0.01447951356
-0.1774215526
-0.6512345046
-0.3109275244
0.06804298265
-0.006802235544
0.01796113644
0.2411775425
-0.5489137843
0.5624556247
-0.2532851448
-0.2327213157
-0.05178326219
-0.2249992399
0.1145148538
-0.3726999559
1.259425098
0.3606084786
-0.1179945696
-0.0251051235
0.4852438301
-0.03538236972
0.3976501867
-0.2756097713
0.6093832791
0.7274564505
-0.3116794318
-0.367754706
-0.1106928445
0.2496858615
-0.4039620161
0.1073693868
0.5712549739
-0.4091218196
1.288588852
-0.3490079664
-0.203704999
0.355485121
-0.2623328898
-0.06516400315
-0.1674475404
0.1945889466
-0.4166121438
-0.2974019418
-0.4053662404
-0.1217774486
-0.2613066599
0.1279107343
0.230339305
-0.1315655394
0.6902885064
1.028304847
-0.1829435529
0.2073100654
0.3976138696
0.6736388147
0.7439828351
0.2554139392
-0.2854690878
-0.8211213171
-0.3403335914
-0.8674918443
-0.001676505432
0.3394763429
-0.2367881559
0.7581352696
-0.3274055049
0.08957774104
-0.1587363698
-0.3847797096
-0.315160422
-0.4309580266
-0.3832855567
-0.4725018881
-0.03741896125
-0.5728029057
-0.603350386
-0.5039593428
-0.1474509541
-0.4828453869
-0.1286524128
-0.8383359045
-0.2468771487
0.005340766534
-0.09854166638
-0.664573355
-0.2476343898
0.7357372642
-0.4594524294
-0.3942511216
-0.6309245855
-0.08088940401
-0.1562409412
-0.1600529902
-0.3705565721
-0.5402136892
-0.03931382969
0.01521664318
-0.4994673178
-0.08003848856
-0.8999678791
-0.3039201904
-0.3277603652
0.07244495358
-0.3952115104
-0.1899882624
-0.3774066761
-0.4082689896
-0.1365718052
-0.2629315877
-0.3452768542
-0.4430137441
-0.3037406228
-0.04264046755
-0.6430609897
-0.2183786919
0.05596647728
-0.3852241069
-0.430738844
-0.7198211439
-0.3853863306
0.08899575751
-0.3244071275
-0.1797357067
-0.6860190749
-0.4099045724
-0.68078655
-0.05826700535
-0.3827922594
0.01145968223
0.3323341485
0.3543445705
-0.1822878815
-0.570839408
-0.3622437
-0.2099196687
-0.2845499657
0.0624762089
-0.1894419931
-0.6947013795
-0.1248700447
-0.5879959211
-0.4978358939
-0.325266955
-0.4665926635
-0.3033975977
-0.7525060534
-0.8030528039
-0.2720562235
-0.3937335148
-0.5116343811
-0.5501126349
-0.03567169458
0.3205715774
-0.3241054617
-0.2160128392
-0.5239562631
-0.1822993714
0.2516357798
0.2575403273
-0.3840934619
-0.03369031539
-0.3353183281
-0.2303009052
-0.3080286473
-0.5444252163
-0.2526193242
-0.4583291292
-0.1556189943
-0.00681112688
-0.3940375134
-0.4430280983
-0.4533965237
-0.1355375675
-0.3610088035
0.08442921191
-0.06172374999
-0.5232755512
-0.2358638309
-0.4528740674
0.2475466084
-0.5166631497
0.2305245796
0.7066490978
0.2752877712
-0.4917249501
-0.4080511637
-0.3067845318
0.2620617364
-0.4964569323
-0.3416552387
-0.1550194554
-0.0897653332
-0.5988952875
-0.2642013317
0.02935972922
0.4457651048
-0.5550483748
-0.07135347696
-0.4031754941
0.1469796563
0.381361467
0.1435963549
0.3915097695
-0.537717627
-0.5839231744
-0.008178566583
-0.2489217471
0.3425704584
-0.1168295057
0.03302884419
-0.097127074
-0.4981864527
-0.4374110729
-0.1636941672
-0.2235347917
-0.4359948412
0.0555495942
0.03240694143
-0.1265129968
-0.3393936828
-0.1667702856
0.01075330405
0.03211842533
0.04549612757
0.1319459189
-0.5514383003
-0.238401714
-0.07657681173
0.3815223612
0.4502863739
0.6191179596
-0.1091645856
0.3335926132
-0.261683429
0.6911689982
-0.2168446515
-0.1270356647
0.8696650088
0.5024285845
0.2403836422
1.021215144
0.1669444356
-0.09958350547
0.6225598656
-0.3045503375
-0.4088190123
0.1804723617
0.2915320799
0.4910807297
0.08067840636
0.1788774582
-0.1487666909
-0.002572864573
-0.1696774136
0.964143762
-0.08013560623
-0.2642157742
-0.3617668279
0.6422727734
0.1881935962
0.2853096437
-0.1641466521
0.5619311832
0.3894367136
-0.2596918024
-0.2655511867
0.7913163334
0.6352997936
0.4073094943
0.1702749369
-0.2738897257
-0.4795420162
0.3628762532
-0.03418953437
0.8497075588
-0.5617158473
-0.157116916
-0.5015437752
-0.7767836481
0.4201885827
0.2028611949
-0.3526705572
0.2307243533
0.09413038585
-0.3954036519
-0.0368576983
-0.3649355188
-0.1991354207
-0.09191081561
-0.1117162246
1.266684058
-0.07389724907
-0.1018072469
-0.1746878991
0.07047532415
0.8172154263
1.493939233
0.2987371339
0.1577220411
-0.3247954443
-0.2365332788
-0.1868319131
0.03831861094
0.1570301013
0.01524104457
-0.1370011267
0.4153529171
0.3363220571
-0.2586523855
-0.5049265504
0.7355956838
-0.01972733904
0.3137813046
-0.3275336271
0.4625349969
-0.6442209542
-0.1972457152
-0.1787808523
0.7209745299
0.06351203024
0.09905840494
-0.1034605365
-0.03649303485
-0.3798194222
0.3215859096
-0.2989558704
-0.1257906586
-0.4518491894
-0.2900608674
-0.3287172914
-0.1207762193
-0.4804104939
0.1637094596
0.3694825746
-0.5916843325
-0.4630090609
-0.1145555194
0.2158666179
-0.1586004881
0.9098850131
0.09039053805
0.6914164364
0.02259083875
0.1112277241
0.00441193562
1.12096523
-0.3435402546
-0.1318969579
0.4611368738
0.306546732
0.3261134122
0.6542266175
0.7295000568
0.677913484
0.7047187567
0.13042462
-0.2091506551
0.6749214351
0.1667837493
-0.1134616967
0.4995217822
0.3667216625
-0.2984765299
-0.2532624668
0.2332621429
-0.1672664599
1.060090213
-0.3287486978
0.09451929331
-0.06886762604
-0.2531986736
0.2824968093
0.130768157
0.4111272439
0.03499013837
0.1033787133
0.09041839615
-0.04856191734
0.6323803455
0.622582607
0.3819587737
-0.2123472769
0.3540028553
-0.07037194502
-0.06300178324
-0.3167408917
0.08303994164
-0.2076001003
0.7481156282
-0.1882442989
0.1001405294
-0.1064412825
0.7182778731
-0.02863869541
0.4163861446
-0.3967533402
-0.4623275191
0.1165603921
-0.133646776
-0.03337542899
0.2117425568
-0.313466656
-0.08480465859
-0.08171870671
-0.4488283187
-0.402979552
-0.1218222309
-0.5579917938
0.332312304
0.289694415
-0.1336605044
-0.02515867408
-0.3510810047
-0.325185065
-0.1525265429
0.1297087131
-0.06286729202
0.045748029
-0.3042342097
-0.2880062833
-0.2825904332
0.254999724
-0.7203105971
-0.02956560906
-0.09417004725
0.1920998832
0.3323319085
0.7263936937
-0.2888717666
0.6490436614
-0.0415552523
0.501174318
0.03513724646
-0.1310472848
-0.3303447094
1.297033682
-0.08447286356
0.4225207314
-0.1131053922
-0.4398985595
-0.02412728192
0.888341856
0.04207397215
-0.1299791079
0.09449532051
0.3452591044
0.2799869087
0.02747129053
0.8585567385
-0.2940608021
0.3518571934
0.166252582
0.07809555056
-0.372117424
-0.3896526769
-0.2904777527
0.08804156086
-0.04142863415
-0.05901174396
-0.3322528012
-0.3552140985
0.00733859241
-0.273255514
-0.8450709105
-0.4372771546
-0.228239521
-0.2645046145
-0.1025818627
0.258199
-0.003155165911
0.8511259198
0.2483197115
0.2950465105
0.03694184525
0.722663103
0.2416747403
0.7512339696
1.260959718
0.3025423423
-0.4526988208
0.13713944
-0.0006838805042
-0.04239156079
0.03849474713
-0.3538670465
-0.1578851424
-0.3654283449
-0.4885922894
-0.2954341896
0.1971051127
-0.2065527335
0.4202956783
0.4096790649
-0.2667977553
-0.5058056027
-0.4243102267
-0.4783295259
-0.7389238238
-0.3147922002
-0.1949901003
-0.5598808914
-0.7155727863
-0.5083961651
-0.1170970161
-0.2338101873
0.03764779856
-0.4307314694
-0.4052201228
0.2580331361
-0.1669261235
-0.04302676134
-0.1532991125
-0.4033524379
-0.2433705043
-0.09950000905
-0.1996345215
-0.525884743
-0.02189195715
0.256921649
0.8365998447
0.1044941712
0.1545229074
-0.2106025394
0.08196527846
1.379695719
0.1845110684
0.02614687309
0.559190473
-0.09902438177
0.6851671919
-0.2180836902
0.1179506565
0.2938776053
0.3047285362
-0.06314315777
0.5782996863
0.3544537339
0.9374328315
-0.5730776325
0.5306430577
0.65520477
0.4181849445
-0.1951841839
0.08265837813
1.23972432
0.4566295683
-0.1401881659
-0.1440249931
0.3043387879
0.804706499
1.612138397
-0.1451666246
0.2266669573
-0.3596285343
-0.07414380498
0.6365500703
1.171261722
-0.3358776644
0.0407064531
0.3565461831
0.7335771725
0.1541647075
0.7379630849
-0.2823745407
0.1898995057
0.07461078614
-0.8848916918
-0.0449271787
-0.2045422072
-0.2661760274
-0.205039468
0.3525995554
0.2314451095
-0.5018166721
-0.3279071614
0.4161487594
-0.1902207658
0.0385240145
-0.2869048949
0.75623817
-0.07655711547
-0.443657314
0.09004000127
0.3247664616
-0.4281393573
-0.2807928727
0.5485430509
0.2388980383
0.4652866468
-0.2160512082
0.2572561415
-0.3140422456
-0.1215010442
-0.2146901296
0.007488387171
0.5250120789
-0.1133335184
-0.7331813037
-0.1304548075
0.01801725496
-0.3558502607
0.02681348873
0.2082053619
0.2471661218
-0.1915838914
0.9561538935
-0.2810574472
0.2992111996
0.7992173821
-0.06744810753
-0.1333989963
0.07160003763
-0.1435428761
0.3226934366
0.2542799778
-0.3660139292
1.238940528
0.0001905977726
-0.03051805757
-0.2261109658
0.0795684495
0.04318198916
-0.4148797959
0.3122853592
-0.1366152266
0.3085222032
0.07978621591
-0.3661446854
0.1933324222
0.04346410558
1.095628113
1.121077561
0.3467103124
0.2949619696
0.1343903765
-0.1283360893
0.08127624281
-0.3235265143
0.1321679029
0.5896882169
0.147235644
0.5546295427
0.7339632481
0.4708680153
0.5621978819
0.5800140947
-0.4846128747
0.8238260001
0.1037544915
0.03800925743
-0.08149094218
0.1690664373
0.8246507794
-0.5365645453
-0.5967020005
-0.5279209867
0.3476035118
-0.1178534929
-0.5041203558
0.2443761884
-0.3573804766
-0.2642086975
0.9360619202
-0.3412045754
-0.5695776954
-0.04590648822
-0.1851072686
-0.3988276631
0.7579818353
0.1323398866
0.006161373481
-0.04881330915
-0.2471590217
-0.3558815323
0.3678524796
0.02443289198
-0.3761746183
-0.3834507585
0.5862323996
-0.5925589547
-0.3378930077
-0.1494704023
0.1265841449
0.7610864878
0.1142556187
0.02238835199
-0.3218926739
0.02786855306
0.1444430234
-0.2601626292
-0.05680305576
0.2611696642
-0.2990933871
-0.06984551847
-0.002312582545
0.5001202554
-0.2238801386
0.8973291427
-0.5177973941
0.09734346829
-0.4419958085
0.2690777386
-0.2098048069
0.2693847673
-0.2677455988
0.4747142538
-0.263812967
-0.1489545524
-0.2291213196
0.2117774064
-0.009041482769
-0.2465154147
0.3395926856
0.0005790177733
0.7357644975
1.002104852
0.3803373095
0.07972615804
0.1847108021
-0.1863392239
-0.1557639417
0.5485692948
-0.06472728793
0.3116692219
0.7352879256
-0.5185546547
-0.5310675338
-0.259012489
-0.1145513294
-0.4513781294
-0.4557362303
0.0307372462
0.477971065
0.1542740904
-0.3988454878
-0.1318059274
-0.2393306451
0.3077644788
-0.1526465788
-0.1481050609
0.01431347113
0.4709617689
-0.4402103186
-0.6017750621
0.154237064
-0.777853936
-0.04985229969
-0.5073576152
-0.3020730495
-0.3766003344
-0.5272224203
-0.1976161882
-0.512383391
-0.4537108555
-0.1118595081
-0.1582289301
-0.4735073403
-0.2553215377
-0.2541418517
-0.432296513
0.4078488054
-0.3363483224
0.809340632
-0.3723379463
0.08515161863
-0.3912069172
-0.1429220356
0.5634918395
-0.358578147
0.3039721794
-0.64190595
-0.0693268057
-0.2022305528
-0.2113314554
-0.2117152527
-0.1718118618
0.03207104281
0.0656503655
-0.492453023
-0.0874576468
-0.2864422701
-0.1412021616
-0.1859141369
-0.2209211947
-0.3203263663
-0.3946892321
-0.2858171079
-0.1369986068
-0.3530969344
0.4320011262
-0.3479581252
-0.3368498191
-0.2224842645
-0.4454502709
-0.4202562384
-0.2518580258
0.1176735967
-0.1100920871
-0.5830047965
0.3904692832
-0.2376800429
0.2427258182
0.3021949325
-0.4413681328
-0.6215834409
-0.4602988154
-0.1102939915
-0.2637024008
-0.1677152077
-0.0706153689
0.06249880586
-0.2611112341
-0.5640453368
0.7651104555
-0.06877344623
0.233885952
0.05615077419
-0.2985105343
-0.5354620457
-0.7060014337
-0.2870904423
-0.08913255017
-0.2726175472
0.05387835503
-0.4291003287
-0.4057974927
-0.08744832054
-0.2199355356
-0.692147328
-0.3347663894
-0.3011680931
-0.06513813315
-0.4890462175
-0.3418670997
0.248023003
-0.2888277657
-0.482247844
-0.01105623264
-0.7435598314
-0.357205187
-0.3467892654
0.1963184112
-0.1345925195
0.3955780134
-0.509040679
0.04317313936
-0.3828112096
0.3513205071
0.7747288361
-0.1650729522
-0.2564220259
0.04912183024
0.7223641075
-0.3999699205
-0.2947422446
-0.09443769809
-0.3308851577
-0.2107814316
-0.8226332501
-0.03374147937
0.1810945578
0.0360089846
-0.624219957
-0.2105408374
-0.1174455518
-0.1273897693
-0.2838396049
-0.2507743895
0.1463423805
0.1634003947
0.09236416779
0.02745862231
-0.07536176508
0.08563566776
-0.1703845058
0.333090244
0.9293238133
-0.4414744794
0.6966992289
-0.07305127243
0.6249253713
0.16133762
0.001623538742
-0.1035475774
-0.2897385512
0.0236748606
0.9681285918
0.552071014
0.288031048
-0.0974871668
-0.3507043548
0.1442134106
0.2127959142
1.59703148
1.593231612
-0.10135107
0.6906613544
-0.2681294942
-0.4895901382
0.431556844
-0.2652055423
0.5638932884
0.7936316133
0.3405113617
-0.3216761321
0.597635676
-0.01066872552
0.2113960685
-0.1630102452
-0.2635200744
0.04790139943
0.02041601948
0.3279468756
0.1507784129
0.2548776137
-0.08585595619
-0.04006058108
0.7371510178
-0.1740513291
0.2281832298
0.8147160754
0.8661258996
1.012886663
1.040772983
-0.2802842864
-0.5039749771
0.6516387463
0.01301472317
0.3963628385
0.5980938897
-0.03348434884
1.229049197
0.3328980906
0.2550901666
-0.009815554321
-0.2144835606
-0.02801614925
0.5207751885
0.4627007082
0.009970760904
-0.3814091511
-0.5797180429
0.08374270722
-0.06988064609
-0.4211450711
0.8104414225
-0.3258377399
0.631006828
-0.1026363395
0.208047908
0.115122051
-0.05757117625
-0.2418538064
0.1102441289
-0.2007379644
0.2121131323
0.4070386961
0.4107443113
0.5379765734
0.8015272811
-0.5738789365
-0.07787195034
1.267221138
0.1898708934
-0.4640144318
-0.2314662028
0.1380837906
-0.03608382009
0.5225691609
-0.09396895012
-0.2227594677
-0.4409087785
0.5943501413
0.3167594245
0.05693110712
-0.02648707479
0.6974705011
0.3398620198
-0.07545187119
-0.3341633946
0.03411079943
-0.4409567699
-0.01719300877
0.07082920894
-0.09027371667
0.3535290051
-0.4348262727
0.6787948951
0.5689264759
0.5241443396
-0.1933957793
0.1212853997
0.7516716659
0.09627513327
0.5432463996
0.02050949312
0.4682681669
0.4564128757
-0.4222484529
-0.2693788536
0.07543937983
1.419381797
0.1249060756
-0.1536786265
0.0443889983
0.4968561448
0.07905481737
0.9057415515
-0.07781883981
0.1239399872
-0.4342238262
1.051023911
0.4481378622
0.895267567
0.2944256835
0.7808439359
-0.003367826343
1.546037179
0.6750622921
0.9655969054
0.07460936392
0.1839559279
-0.2216945808
0.3357860778
0.2094303222
-0.2753897421
0.3653785452
2.01545189
0.2784702918
0.3325959618
0.5436699316
0.4735642028
-0.06176521359
0.9010212362
-0.03036981132
0.4392868677
-0.06971746497
-0.2000237145
0.7969009891
-0.02900896845
-0.1789360841
0.1065562366
-0.2395363685
-0.4846668944
0.2574818786
-0.5517459989
-0.1124233951
-0.06672069505
-0.1864039708
-0.1588196157
-0.412522544
-0.03677613484
-0.6047808498
-0.4148119695
-0.739143461
-0.3428170323
0.0207841007
-0.2808258995
-0.3202808037
-0.279750976
0.2412374891
-0.2253624551
0.04868495967
-0.09395044604
0.2173214905
-0.2092116786
0.2951835697
-0.3800723955
-0.3709252723
-0.07311913967
0.4010477096
-0.1524991376
-0.09377455469
0.006619223207
-0.6198724996
-0.4283560768
-0.1222903714
0.323063127
-0.01728893761
0.1168830771
0.1475351036
-0.4904730216
-0.225359267
-0.2354830677
-0.270777306
-0.2950540297
0.1210286269
-0.02359814998
-0.4221848115
0.07333343001
-0.2980204806
-0.4891931251
0.1582817817
-0.3056173142
-0.4494165659
-0.367444849
-0.211811512
-0.02575290538
-0.2460592613
-0.3548307389
-0.5002359003
-0.7142237067
-0.3491175435
-0.5622608237
0.4587360607
0.2148198988
-0.1822419304
-0.651525037
-0.2139515191
0.09965530145
-0.2764284847
0.4606832623
-0.3998855621
-0.4064074524
-0.6056052417
0.9556523308
-0.02322885394
0.08186481269
-0.2608592526
-0.2635505352
-0.3795459613
-0.4579437785
-0.2534126859
-0.7839734614
-0.3770513676
0.2486760981
-0.6148291886
-0.2373626536
-0.1581738288
-0.1908561595
-0.3920773201
0.2568143366
-0.229568045
-0.3980395228
-0.6153463274
-0.3758001804
-0.405958803
-0.425451237
-0.7275299117
-0.04355708882
-0.4201489381
-0.1080773622
-0.5709796578
-0.2830552481
0.1287919134
-0.5443631813
-0.1836418688
-0.7527474076
-0.6002371401
0.4827138323
-0.2578341939
-0.2503792401
-0.1684697887
0.4744230727
-0.4612265363
0.9679122388
-0.4463969789
-0.415352346
0.277091982
-0.4596980371
-0.3103551123
0.02320836997
-0.3456326071
-0.508468087
-0.3650986545
-0.4464786008
-0.4997920297
0.1705298338
-0.2172932841
-0.3882140175
-0.3634551585
-0.1987867732
-0.1315773467
0.1763582848
-0.3095495671
0.07454301547
-0.09733915254
-0.2587915175
0.08258862086
-0.3054269504
-0.3953408845
-0.4515226483
0.3361020967
0.06027635811
0.2131305296
-0.3567007527
-0.1894550279
-0.2657624381
0.1213822303
0.09494379982
0.8217140064
-0.146778355
-0.2063459074
-0.2803363141
0.2257199658
-0.5629731819
-0.2504945625
-0.4198913358
-0.6724933326
0.03586055003
-0.638767305
-0.8558405489
-0.5697069705
-0.2726051204
0.02804123256
0.4218008927
0.0410161485
-0.1221054172
-0.4695321165
-0.3496883251
-0.5913654029
0.2278304111
-0.3632285126
-0.2047538847
-0.2196570098
-0.4215243846
-0.0667251423
0.05679167081
-0.7035574377
-0.2162135635
-0.3405736797
-0.2471723004
-0.4158774637
-0.494115527
-0.3353174649
-0.07354972139
0.06762328083
0.08777788877
-0.3334088273
-0.4556056827
0.9623871461
-0.4735296339
-0.4524273336
-0.2016563863
0.005218195915
-0.07626956124
-0.1955578106
-0.3584221438
-0.3948780075
-0.220077466
-0.07651927359
0.3210026857
0.01277652076
-0.3786854371
-0.3448904686
-0.4471905932
-0.6563807517
-0.2568920529
-0.2417951841
0.1449953796
-0.1551027997
-0.7075682402
-0.6578669727
-0.6133270502
0.6282357991
-0.3989256777
-0.8029500127
-0.3551771328
0.09484287463
-0.4055193841
-0.1427248445
0.02906819656
-0.2036976166
-0.2690559562
0.257583648
-0.418591316
-0.4164648946
0.3502072478
0.01220266894
-0.167828181
-0.2169116172
0.09351807302
-0.4188397892
-0.3710033625
0.2290599884
-0.2358565924
0.1089074509
-0.07024683841
-0.4884796903
-0.3506562866
-0.9877652243
-0.5353115931
-0.6397512287
-0.3455571853
-0.6655391857
-0.5508029476
-0.1113744199
-0.2620900318
-0.2899010077
-0.07939360794
-0.1439972628
-0.005871389806
-0.1616491836
0.1919504868
0.02081704205
-0.6009189695
0.8030895501
-0.05602810252
0.5369767513
-0.1424459696
-0.5448803417
-0.07544536665
0.3086968588
0.02840862721
-0.3468581341
-0.4633239806
0.1419098619
-0.3509203713
0.5451605566
-0.5343040302
-0.08589203861
-0.645149532
0.3604542013
-0.4770392925
-0.1236878723
0.329794861
-0.4988926455
-0.4761065267
-0.3841846675
-0.6624846384
-0.006932024285
-0.4103302769
-0.2401407041
-0.1809319478
-0.3308209807
-0.2646662697
0.168284802
-0.5522409618
-0.2835905075
-0.1485792916
1.15522396
0.5095820546
0.05000528228
0.5591279641
0.9072823375
-0.346107398
-0.3656199031
-0.2236760458
-0.0290481003
0.2016961303
0.364829763
0.07368426593
0.5969979852
0.3481991187
0.9450845882
-0.4960382938
-0.3471404232
-0.1911855016
-0.1991960419
-0.2343728414
-0.2299896902
-0.1974616386
-0.5741635263
-0.6567476444
-0.2203127269
-0.3729745224
0.3247570675
-0.466176217
-0.312270131
0.2114455372
-0.4302577965
-0.4926541209
-0.3445333261
0.537220853
-0.3201516829
-0.5845843121
-0.5818828031
-0.2372139791
-0.1816168538
-0.2106920345
-0.4240071073
-0.6421611562
0.2731076894
-0.07657493725
-0.3359543882
-0.4554350752
-0.4877785087
-0.3044358045
0.5670729535
-0.2898479883
-0.04077999881
-0.3931057535
0.009213425592
-0.2903283022
-0.2297647189
-0.7891922623
0.2883142997
-0.3351662181
-0.3783403695
-0.1870872403
-0.7845661283
-0.2396911543
-0.2555718012
-0.3345717179
-0.4107280567
-0.8956265241
-0.7888044894
-0.6253979489
-0.5152021289
-0.184783585
0.1764578439
0.009668844566
-0.008779163659
-0.3352977298
0.05115787331
0.07159265839
0.172694168
-0.5707170397
-0.1061402052
-0.07590008073
0.1492297534
-0.1176054824
-0.5204204552
0.6144874182
-0.1405798525
0.6346777648
-0.5544901982
-0.6493719563
-0.4379980832
-0.7955159336
-0.359527009
-0.1705735924
-0.5098993212
0.406358327
0.3215760995
-0.4917956889
-0.3748773143
-0.4778583199
-0.717624864
-0.6193346605
-0.5056269452
-0.1845337262
-0.0944242429
-0.4834224537
-0.1626286363
0.02931408454
-0.09440504741
-0.3247793108
-0.06761703659
-0.1442103801
-0.2312520411
-0.4212495759
-0.3852626495
-0.3352890152
-0.490298602
0.2246327318
-0.2766434222
-0.4321462058
0.09815407395
0.1590404574
0.5446231201
0.2121143799
0.3388604373
-0.3590461142
0.3310096063
-0.5663179442
-0.4585580572
-0.0579252786
0.2062751563
0.2910703212
-0.3969265521
-0.04972686246
-0.3538684271
-0.5890247256
-0.2177272657
0.01561419647
-0.5486529604
0.293830607
0.05911208279
-0.2020109061
-0.3290786684
-0.2435519338
-0.5013351053
-0.4093130283
-0.528712146
-0.395084656
-0.2447965069
0.2220395705
-0.02801272105
-0.155820868
-0.09104976337
-0.187183948
-0.2871027581
-0.2256282207
-0.4951554857
-0.616404666
0.05956659652
-0.3621126384
-0.4503453046
-0.5751559019
-0.1924279435
0.1100135671
-0.2841446749
-0.3142118476
-0.3513424337
-0.1238479579
-0.4745347366
0.18784355
-0.2823508933
1.210703564
-0.4554254889
-0.5897543728
-0.09942935891
-0.2914405119
0.08191861748
0.03324346812
-0.8086722642
0.2253924046
-0.2722325614
0.007686392963
0.1591598324
0.2351933779
0.1598947618
0.2430493532
-0.3779431708
-0.4393172547
-0.6894554108
0.5169776514
-0.06767283157
0.8805600077
-0.3761545971
-0.3953732926
0.0561235629
-0.09071014521
-0.08586965948
-0.2793641808
-0.5925839305
-0.05930446666
-0.3691917673
0.9442267805
0.1810292639
0.7525923982
-0.1044959471
-0.1903762653
0.02284851596
-0.07471127305
-0.3610529557
0.1703666382
-0.4220948178
0.2510773078
-0.4816615731
-0.1109135024
0.2965016387
0.1737550485
-0.3939669415
0.007057101093
-0.2020138059
0.5044794926
0.3207315501
0.479217569
-0.08702689521
-0.1290903086
-0.607507576
-0.4725265563
-0.5802706361
-0.2168972608
0.2458145573
-0.02675433941
0.2430289561
-0.08229710776
0.2133799192
0.2715562414
-0.4075809682
-0.440495415
0.3151628777
0.09686178463
-0.2440835804
0.06862281412
0.3616928384
-0.1853228476
-0.2296043584
0.2468525205
-0.4119051144
-0.04237875417
0.234284832
-0.2750099167
0.1451548366
-0.3737447217
-0.1520083848
0.2347623838
-0.3311355628
-0.06269506253
-0.1755159941
-0.08738671429
0.562836761
-0.2558438431
0.2192956893
-0.1162142776
0.03662424982
0.08214375712
-0.3016647968
-0.05373128839
-0.45964237
0.03114885292
-0.1041683177
1.281902286
0.2805858584
-0.3511573531
-0.2391156932
-0.06370506119
0.2491568859
0.1636109307
-0.5428159431
-0.08171843507
-0.2126515273
-0.2048552588
-0.3397749774
-0.500600642
1.12304292
0.3433098759
0.543957404
0.0754462406
-0.01708829831
-0.1698486146
-0.5958640173
-0.6670474052
0.7826190591
-0.4749999814
-0.02887349292
0.3923474111
0.5051365882
0.2011763241
0.5770727582
0.008858820796
0.7324848309
0.04178723525
-0.3429290839
-0.4093721706
0.004557510186
-0.2186261486
-0.2462496221
0.3452642644
-0.09104201403
0.6264873073
-0.4416553542
-0.1246797707
1.073631886
-0.2377281658
-0.02677290738
-0.1597188994
-0.1607540641
-0.1512897747
-0.2197205797
0.2698472833
0.2069844995
-0.04819464651
-0.2962534383
0.4599164553
-0.1414128814
0.2992074188
-0.1391782109
-0.3095397785
-0.2829962641
0.8022071972
-0.3061000813
-0.1714075485
-0.2714396313
-0.2715403613
0.04806840643
0.2407235147
-0.3497797487
0.3237924197
-0.3361391611
0.4104079828
-0.4025442675
-0.1803117815
-0.1351859871
1.310623527
-0.3238114595
0.6329548985
-0.01960093454
0.2068790969
0.1842809225
1.144250605
0.1954225009
-0.07188454978
0.9119680293
0.1487174268
0.213624641
0.2608242497
0.0697219003
0.4097924761
-0.2448980118
0.891830653
-0.02172329361
0.1090273609
-0.2672386754
0.1946932081
0.2233288767
-0.2179567724
0.03309065886
1.100898361
-0.2510110512
0.02119249776
-0.4095829949
-0.4363442793
-0.1931080651
0.126909956
-0.3331006912
-0.04045997206
0.1221156631
0.2099559095
0.8504257709
0.09813725874
0.271211509
0.20641297
0.6028921835
0.07134595495
0.6294439375
0.3207198557
0.03873043312
0.2014228394
0.1336330995
0.9840659708
0.2912871402
0.09805416679
0.3136735767
1.363426009
1.019504327
0.3928088255
0.3413954969
-0.01319760662
0.4729859874
-0.3506738268
-0.1601036761
0.00537494123
0.8031990856
-0.3093191698
0.2732803449
0.5815612435
-0.03991146572
-0.1682656437
-0.09905503634
0.8075681716
1.59345234
0.6583095819
0.1816018684
0.2387642387
-0.2329105334
0.178180081
0.8486640692
-0.2322228521
0.2465138623
0.9924883723
0.4984274462
-0.2007639695
0.4935105303
-0.08522043917
0.3774036733
-0.4158473691
0.1922494022
-0.1414364461
0.01049892455
0.8920052707
1.409692687
-0.06885323338
0.01800646279
-0.03157072337
0.3813644189
0.6404621154
0.03506904286
0.5519369274
-0.03882417995
-0.5035863928
-0.3432177529
0.06015714929
-0.2435228772
0.1846251719
0.05481119798
0.4671168212
0.166121754
-0.1073805479
0.02758482024
-0.2624376131
0.07241616864
-0.2048435096
-0.2209516454
-0.1376290175
-0.6163526431
-0.4492665783
0.3776079508
-0.3593378421
0.2835598998
1.226896054
0.5022918873
0.1056051493
-0.360933762
-0.2691494964
-0.02649922175
-0.2210359074
-0.2631982945
0.6832574613
-0.0231817184
-0.2782006554
-0.01042607147
-0.2450280685
0.09535248913
0.1986095035
-0.2790265828
1.117888007
0.559882839
0.1713449626
0.1516565459
0.5425527722
0.3592271527
0.2500728846
0.09217511117
0.2419429772
1.630462992
-0.1765904451
0.3267111585
0.1251473658
0.8395439684
0.2376263244
-0.06784918718
-0.2225903034
0.2034561016
-0.4182478614
-0.06424907967
0.2870288822
0.1827525559
0.9159373716
0.6258577824
-0.1537754689
0.04820977924
0.1380155438
0.0737230886
0.498652174
0.9756343126
0.4646969393
-0.2869374007
0.04430781417
0.3867842861
0.8643772393
-0.2266800569
0.4824388541
-0.04199259793
-0.3751519866
-0.1316139184
-0.1814282458
0.1146110034
-0.2204535365
-0.6957265854
-0.1079450347
-0.2130415328
-0.01227975581
0.4058584799
0.1718630096
0.8629925534
0.4320253372
1.002713814
0.5887887463
-0.4805720583
0.4281205945
0.5147112072
0.2888571955
-0.2474006683
1.410504377
0.01974455304
-0.3192235067
-0.3080094568
-0.5061315149
0.6234406352
-0.3167699013
0.450984579
0.1823540652
-0.4914158769
0.2603984268
0.9242854059
0.7501009494
0.7156160641
-0.3148921367
1.103322187
0.5143867865
1.008086479
0.303859416
-0.09884179458
1.579943359
0.08841221621
-0.15779867
-0.4779665411
-0.2939135492
0.5881864935
-0.1397637121
0.1038915293
0.06906873472
-0.02869774774
-0.334595532
0.5156503446
0.4040620807
0.8777690217
-0.2124362769
0.6041899547
0.6446631461
0.0586278297
-0.3064710617
0.5625757784
0.5646476381
0.1000931199
0.8227553666
0.1131739553
0.06052218005
0.06155259963
0.2604129797
-0.09864857085
0.1671950322
0.1402924135
0.006092405505
-0.1625550482
0.3425288977
0.60401631
0.6233911872
1.464731079
-0.08548497725
0.07262884779
0.1506286284
0.1966462569
1.22276721
0.2701060169
0.1296555532
0.2714099756
0.3874612959
-0.2722282713
0.1979416422
-0.4639844015
0.359051621
0.2971165849
-0.5287205011
-0.5325794647
0.1958258471
-0.4918857843
-0.1533627462
-0.1994681159
0.004357845895
-0.4645548761
0.6184279561
-0.5536151171
-0.4206771865
-0.4874497041
0.7974602774
-0.4620277658
0.6867294699
0.4643357784
-0.6870809704
-0.4206202149
0.0181851808
0.4498836659
0.2252550231
-0.174661912
-0.268824428
0.1378132507
-0.4038070843
-0.0191573591
-0.01916189976
-0.2094652623
0.5140960224
-0.3131568848
-0.1269428425
0.6802288249
0.3823659053
0.3831658766
0.1049285522
-0.04036115874
-0.0238494087
0.471173466
0.4490604077
-0.04523393288
0.4904680893
0.1375674701
-0.1144538911
0.3001704063
-0.2154840782
0.8552514762
-0.2055400163
0.2843131871
-0.2909853201
-0.173900611
0.6845194072
0.3161204834
0.3599307926
0.9197864056
0.2502473332
0.1337259795
0.5517031908
-0.2301331319
-0.05869625341
-0.1526257712
-0.1414085723
-0.1585955761
0.1717243995
0.556605576
-0.006955144741
0.9100247979
0.2454501923
0.2453322882
-0.240128889
0.1293740809
0.6038736418
0.5716465026
-0.273830691
2.044817239
-0.4646385066
0.3393119058
-0.2213037584
0.004486488178
0.2944107812
0.6917271227
0.08336807229
0.6259214371
0.8336231321
0.6752170518
0.04900840162
-0.4371344253
-0.3581225604
-0.2982308224
0.843912302
-0.338205649
0.0227449595
-0.4269751437
-0.5322315305
-0.1908752361
-0.5231362686
-0.2269156002
0.1609249171
-0.1707219839
0.1497893102
-0.2568267547
0.5746918753
0.6893709764
-0.1185026167
0.0509838663
-0.1981701311
-0.2897920594
0.1776334302
-0.3708470553
-0.4063391373
0.108725662
-0.2439091451
0.1635926582
0.365958954
-0.50341205
0.1569247283
-0.1090523181
-0.2436062881
0.1311138866
-0.07584827095
-0.03016580641
0.06697067888
0.2399030669
-0.3906488426
-0.2999038681
-0.1786291644
0.09399164496
-0.3577078015
-0.07599507477
-0.06321851276
-0.3680467159
-0.2146546949
-0.3293314397
0.2122668408
0.9661158577
-0.1161449431
-0.4976669595
0.5710629955
0.9518411279
-0.4726131856
-0.3263685443
0.09496709518
0.3790944155
-0.3782599561
-0.3379867665
0.1465765879
0.2873091161
0.3307516098
-0.5689056605
0.02862958726
-0.2421966948
-0.09116918016
-0.03225341495
-0.2700809615
0.0446404255
-0.2349883858
0.4999259473
0.5228741317
0.4364425574
0.2401723281
0.06908373646
-0.4739711806
0.1578758383
0.07056068685
-0.2677949613
0.1506511958
0.01131590912
-0.3348775625
-0.3753582701
0.5715034217
0.5846887156
0.6849990532
-0.4045003831
-0.1626340687
-0.3403793514
0.1060437964
-0.2071880808
-0.2685423352
0.5039407872
0.245382322
-0.0456881566
-0.1000202656
-0.5608975366
-0.1711488197
-0.2288633607
-0.3195131235
-0.322423546
-0.4103039518
0.1734495316
-0.1736043148
-0.0624822991
-0.6568002444
-0.1223556945
0.1218268417
0.08226048946
-0.1792738948
-0.2427466154
0.6900657162
-0.2423368864
-0.0287928611
0.5516409636
-0.3602937847
-0.2024301998
-0.1643551666
0.137483114
-0.3614762828
-0.2723577258
-0.1275266716
-0.4444346353
-0.2415398849
-0.3379135899
0.2528040366
0.8143940344
-0.07172331521
0.6084843121
-0.3343295112
0.2222972808
0.249762816
-0.3073524114
-0.3015536493
1.177558276
0.1339659596
0.2913430647
-0.2147235773
-0.06893646251
-0.3098686062
-0.2598117091
0.248854252
-0.3422133122
0.220284982
0.1828255955
0.009900625423
-0.4816119745
0.4763161032
0.5226613769
0.05626839604
0.2331072207
1.036125895
0.4467027165
0.1531892469
-0.1315695373
-0.3009739511
-0.01541213198
0.09238716122
0.5564999565
0.1844818506
-0.1840117244
-0.2813607452
-0.1309268743
0.5252010997
0.05370452395
-0.07523475066
0.5061686642
0.09389330931
0.5260670498
0.309707053
0.0005322236568
0.1411612255
0.9830690473
0.08087007776
0.5890522406
0.06606419478
-0.3037442051
-0.02987356819
0.02228589877
0.3697221257
-0.3953571595
0.8995420143
-0.3387492061
-0.4002412103
-0.4018054545
0.258943231
0.5202197313
0.4319081919
1.652292863
0.336710136
0.600501807
0.4644486994
0.2812365512
-0.04824887714
-0.1193034285
0.8548050731
0.05440619532
0.3829650346
0.642526871
0.1599829528
-0.02162168827
-0.019932607
-0.2519697264
0.0544728833
0.4160347216
0.2477398412
-0.08231564723
0.05409387732
0.3186148813
0.0373631794
0.1299557749
0.07965552881
0.3753831066
-0.1359289968
0.1033300573
0.1396624552
0.1395072784
1.087484667
0.6731308509
-0.2547708564
0.02439880706
1.417772847
0.228629585
-0.07913295627
0.1272056244
-0.01619368521
-0.124717455
0.04518498955
-0.05986287845
0.5964282483
0.1769867666
1.805778831
0.4861049712
-0.07949706353
0.276106153
0.09324633908
1.30882296
0.6895745426
1.635065967
0.02523859572
0.2158436853
-0.09373842664
0.05984347495
0.3676487926
-0.2556011837
0.1189422613
0.6638026595
-0.02395422952
0.260658475
-0.2119438104
0.2285902686
0.6770959675
0.9413418859
0.1298306879
0.9853438616
0.5199539095
-0.2223520026
0.327896037
0.480138199
1.487829715
0.7098001495
1.063870785
0.4533062175
0.4391015576
0.2516499206
0.8065674484
1.721026331
1.086357397
0.1285187207
-0.0331169039
0.3689392274
0.1090363383
-0.03427649722
-0.2359754287
-0.3565073878
0.5097401462
-0.3706018448
0.4725692928
0.5372886732
-0.1912598755
0.08147160634
0.2377369924
-0.06252971375
0.1393291883
0.429396602
0.2148915056
1.526216537
0.2713175356
-0.3093676101
-0.5588294327
0.1397980452
0.5866631672
0.1887905735
-0.4878914759
0.2388510989
0.1625535355
1.144041015
0.6219051413
0.5879685938
-0.1530746037
-0.400304387
0.5473138213
0.2513330014
1.13105149
0.6863287002
-0.2573879607
1.245181137
0.1163458254
0.9611651093
0.3041797593
0.614230752
-0.1603233478
0.3817535602
0.1204709755
0.1767365497
0.003572913539
0.9102528602
1.344378042
0.678395997
-0.3462075774
-0.005967313796
0.1340298681
-0.1839915462
0.3170552634
0.5979032755
0.6137062684
-0.01040315907
0.4956481768
0.06337708216
0.8498468906
0.4746748216
0.1412709234
-0.2038686257
0.1038337899
-0.1846633691
0.5435340852
-0.4199020579
0.6549937993
-0.05062638987
0.539001593
-0.03555067768
0.1181861768
0.4718652435
0.07107523866
0.01858781539
-0.3711600244
0.9816808939
-0.2501228331
0.4943660662
-0.3872738197
0.01845132783
0.1251858534
-0.3784621507
0.03918633126
-0.417527474
0.3048062453
-0.497364774
-0.3514618378
-0.2113872486
-0.3506142803
-0.242677265
0.02461081743
-0.1236561514
-0.2941827756
-0.134539257
0.434443723
0.116872665
-0.1149098268
-0.3236157648
-0.2161809657
-0.504587093
0.02946228478
0.7221964821
-0.2612379216
0.04565847581
-0.07573517635
-0.3352146
-0.008354215045
-0.4873816371
0.5311952762
1.535582021
-0.5165908873
-0.04776480682
-0.1065718567
-0.7360166073
-0.4114442199
0.1650281399
-0.09969060272
-0.07413497148
-0.05767648984
0.4448269941
-0.3707867436
0.3795186713
0.4882541776
0.1059290066
0.1078967623
-0.2709077626
-0.1762077384
-0.3494153216
0.558660461
0.1479863466
-0.03916728795
-0.3893378573
-0.1006486401
-0.3007786095
0.1993427131
-0.1926441019
0.8597165555
0.7835778296
-0.4264864795
-0.2305453327
-0.4200268559
-0.3303894093
0.0662836317
-0.09318390964
-0.3062274784
-0.5232598424
-0.2784853116
-0.4653079718
0.2348068139
-0.3977959752
-0.2659022789
-0.03501411807
-0.4978382889
-0.5085151181
-0.3675661698
-0.1865516678
-0.1257413553
0.1684704147
-0.3701525226
-0.4893164888
-0.1027605522
0.2466541298
-0.1263280325
-0.66243494
-0.1202825911
-0.05616433173
-0.2787574984
0.3671817169
0.1367557961
0.007699736673
-0.1323702618
0.1956762541
-0.1184950635
-0.0276610665
0.60698044
-0.1822149221
-0.2182517085
-0.1946511433
0.2958597222
0.04111102056
0.08013831088
0.2537628403
0.08793660775
0.3583538027
0.468402013
1.324242544
0.8347891033
-0.4288474292
-0.3072622046
0.02742567044
0.1012689433
-0.04777112473
-0.09480415899
-0.2690703377
-0.3550545618
0.2461651001
0.01547134649
-0.1570032537
-0.5174198896
0.3176714435
-0.0436267186
0.3239455046
0.2978329852
0.498949679
-0.2132038057
0.5377958346
0.2755069073
0.3362670057
0.5679509066
0.4073545001
0.3480160743
0.4992009182
0.2838677995
0.4563557878
1.087449905
-0.0195673462
0.0169652693
-0.07094211765
0.4348789357
0.1405689154
-0.6960401088
-0.4028864704
0.1385625767
-0.4091924302
0.1043241911
0.03321510153
-0.1198033012
0.07200519303
0.1751566567
0.8984751105
0.09001073111
0.1114404242
0.1685184501
0.209940465
0.8249053016
-0.2986558484
0.147437864
0.2540486556
0.2798457105
-0.2687045297
0.105384144
0.50288141
1.152542746
0.3074953407
0.4381275952
-0.1621553119
-0.1501122448
0.09208257161
0.5179373913
-0.4531018764
0.2994759981
-0.02827408835
0.991825068
0.1408759836
0.8256718308
0.6773975223
0.6805937313
-0.1657035034
-0.02965242416
-0.3302427618
0.7265236467
0.250350783
0.3008071505
-0.2376947224
0.5207899973
-0.0477922108
0.3093851169
1.027970502
2.014230585
0.1062028286
0.120456258
0.3432282034
-0.1593055274
0.1453161627
0.1494808055
0.7675914958
0.6206603765
-0.2941583475
0.4484437019
0.9253742546
0.7782164365
0.5206318855
-0.1446725791
0.1696835129
-0.1858241914
-0.05230886582
-0.1887910068
0.4461056162
0.3506714821
0.5981262416
-0.3431391202
-0.01987335226
-0.2297174904
1.17924583
-0.5695954099
-0.1838686328
-0.4187468357
0.02166757965
-0.2590044346
0.16410832
-0.04216517415
-0.4893146154
-0.2339156266
0.5883058392
0.4171766356
-0.5103745833
-0.05237979162
0.1555181362
0.09819297735
0.0200610938
0.1618671804
-0.04377081171
0.140803872
-0.03764322661
-0.2920999836
-0.08204265609
-0.2649955116
-0.2661375273
-0.2803074704
0.1821529025
-0.3606750304
-0.4144811919
-0.337359257
-0.5252216675
0.2968399614
0.133486071
-0.3819166005
0.5138959944
-0.2458013689
0.6173345581
-0.3669208299
1.030557612
0.03171641994
0.4631720137
0.5649310954
-0.1381355092
-0.2171008483
1.062606773
0.8031553626
-0.02560744248
0.02035886198
0.119516873
-0.2038028913
-0.1144442352
0.4197828971
0.2637886463
0.5654538199
0.2739896458
0.3743689781
0.112577076
0.02941923644
0.008040756825
1.978283352
1.554105586
-0.09825698379
0.2468112106
0.7024616376
0.5249416873
-0.01675540656
0.3458664071
0.6412342623
0.7587158382
-0.3047289483
-0.5653753579
0.3835460223
0.5320285924
0.218673225
0.1277808879
0.5435790718
0.5846800014
0.02517225929
0.5101350591
0.01920263674
-0.07323490251
0.4917351022
0.02274023313
-0.1857539833
-0.1206209689
1.250890782
0.05967125902
0.3455707405
1.387303692
0.1375008018
1.605934709
0.78818831
0.2750148606
0.4456839398
1.1362674
0.5108910888
0.507283508
0.3416151926
-0.5177266009
-0.4708439946
0.4020550296
-0.04746492757
-0.6168361083
0.3000433408
0.3006435772
-0.4583857328
-0.1575670941
0.8250976175
-0.1025243253
-0.1539593224
0.7687326252
-0.05972969308
0.3441228282
0.1869600996
0.0840465758
-0.4840427808
0.5155335214
-0.5120213628
-0.5759066351
-0.7525360465
-0.1145117791
-0.2000117768
-0.4240214972
-0.5650076836
-0.1324474674
-0.1888689347
-0.1776393414
-0.04972578948
-0.3179799315
-0.3790192425
0.2673997764
0.2938286044
0.2367142214
-0.07735636327
-0.1760138901
1.066293019
-0.3256930761
-0.1270124152
0.3516465098
-0.03714283574
-0.2909801674
-0.3089228835
-0.07857556213
0.09579046853
0.08172879983
-0.1761107706
-0.4335464943
0.06922287149
0.1139370311
-0.1767916823
-0.1374728722
0.3409081202
-0.2239925344
-0.2002904415
-0.2664219934
-0.423993317
-0.504219462
-0.3525586691
-0.6221540496
-0.1435060889
0.2137819809
-0.3833635703
-0.2882545736
-0.3725261413
0.2031240225
0.1149549
0.7648590297
0.03395093121
0.07773653055
-0.2523107445
0.1598112555
-0.5086201919
0.6276016653
-0.01658574641
1.088421449
0.01812887751
-0.4137324955
-0.03609243017
0.2868249292
-0.4366914302
-0.4186351627
0.1775565088
0.1038515417
-0.2701365279
-0.323484832
-0.31155512
0.2654053602
0.09071548525
-0.4325865299
0.4062085591
0.1066379031
-0.339074276
-0.7590685159
-0.3606325649
-0.197438447
-0.569969441
-0.3594954398
1.12447577
-0.2476881685
0.4650776461
-0.5249230742
-0.09392324835
-0.07498839945
0.6794601321
-0.0462850228
-0.1420669794
-0.3135006897
-0.1619467724
-0.3097886525
-0.3237409929
0.3217981789
-0.1351319414
0.01118132696
-0.5043869644
-0.4431811601
-0.06367707001
-0.1644578328
-0.3623749442
-0.294229796
0.3938955162
-0.5664739117
-0.3852399319
0.01980272271
-0.3366690192
-0.1419236712
-0.5489426017
-0.1887521878
-0.1387684993
-0.2476263128
-0.2526428238
0.1842864737
-0.2331307318
0.6154164113
-0.008861228544
0.9225767761
-0.1414936723
-0.3313556038
-0.1273238368
0.1378568631
-0.1488998834
0.06596956663
0.1186361909
-0.3497512935
0.4362091646
-0.04238855126
0.2146455928
-0.1717996206
0.03669199049
-0.1553601157
-0.3089215159
0.3738379151
0.1211382014
0.07384599783
1.070116961
1.057903755
0.1351521873
0.2999779191
0.3606505722
0.7093553059
0.2875047477
0.2644216587
0.3282718934
0.5340184245
0.04374499726
-0.0838368807
-0.2249182458
0.2007921183
-0.177329915
-0.4677649736
-0.2151875012
0.1296645115
0.351949916
0.0401896446
0.6180140126
-0.0773811237
-0.3508836381
0.2613033693
-0.0847957857
-0.01866875091
0.2780992454
0.7070806906
0.2998249926
-0.02100381069
0.3300895038
-0.1170683898
0.2434195461
0.03160797227
0.6135852963
0.2685884943
-0.07158761993
0.4603176586
0.1461763514
1.512189719
0.8570724443
-0.3018524989
0.4861309446
0.7379117504
0.4979787961
-0.1144098973
-0.213955836
-0.3243733028
0.7069201976
1.065778139
-0.165331241
0.2174792133
0.9710004076
0.1911273368
-0.2288196942
0.2075436829
0.7154971574
0.7413690984
-0.06690420415
0.2111468963
1.087301409
-0.06131245159
0.2167449914
-0.2349942531
1.180281782
-0.2128437882
0.2260108782
0.05821837299
-0.5273523571
-0.1041003099
0.4200542361
1.139394349
0.2530571238
0.6239451583
1.109737307
-0.1604984026
0.8480041489
0.6789575115
0.6515632465
0.1293793869
0.6394372217
0.5806143578
0.03477226291
0.1304657137
-0.06196979159
-0.01637825603
0.6750271767
0.7134612456
0.4383317143
0.1945980292
0.08577743713
0.4447358146
0.1636552682
0.3902993549
0.2296847258
0.7900745451
0.04002707452
0.636361672
-0.1953240503
-0.0866341399
0.05352280531
-0.144007894
0.6173556414
0.1794288071
-0.2398670856
0.1758184902
-0.2961115883
0.2124260326
0.6992360234
-0.2400319729
0.7679841504
0.0006802269258
-0.4230029434
0.8093751654
0.06023431085
0.4749450371
0.4086943842
0.4054726515
0.1711718985
-0.23278945
0.187036119
0.1219974745
0.4106810909
-0.2294890411
0.3017330825
0.09259800874
0.4936335273
0.5786198795
0.5003792152
0.5873288386
0.4627125219
-0.149668008
-0.1055707354
-0.2678655267
-0.2033065612
1.48377403
0.03376786029
0.539740707
0.5715160549
0.6277536184
0.1129468842
0.8371769816
0.1906566329
0.5116726652
0.003403818049
0.6099196784
0.08710371945
0.6405446768
0.538471476
0.7003051966
1.014447477
0.04877660428
0.5541452363
0.2057254225
-0.01484432016
2.024617785
-0.3412425313
0.9661658585
0.06370955613
0.353708296
1.276899081
0.8072171926
0.4677774915
0.5247889109
1.550830519
-0.3412230663
-0.3180361424
0.301756797
0.08258727901
0.2399229555
-0.274069377
-0.7114214852
-0.107053801
0.01966186166
-0.08877432486
-0.3038123634
0.4055015638
0.3038818959
0.5064882889
-0.1952199861
-0.2403772404
-0.2658154106
0.1853789738
0.6271570832
-0.03788321801
-0.3595094528
-0.1423733743
-0.066337399
-0.7616134718
-0.09853439964
0.7846707657
-0.03891351633
-0.2496126436
-0.1488707593
-0.1814693144
0.2056082447
-0.1152548203
-0.1035590366
-0.08870936241
0.5953607894
-0.4082467936
0.0678612398
0.1965938911
0.309871283
0.7471297339
-0.4430848604
-0.2916168876
-0.1054920484
0.3174364474
-0.1916217588
-0.09942728896
-0.06910722181
-0.5575407445
0.4458743762
0.03138726763
-0.05302367876
-0.3317090411
1.962981975
0.217811865
0.1059128206
-0.3295006245
-0.3103419684
-0.006250896491
1.245500222
-0.3651287749
-0.4953306936
-0.1872613549
0.0109129006
0.8693285078
0.4259082153
-0.3652870011
-0.4881429553
0.02744286638
0.5330869749
0.20693582
0.3126926508
-0.2450682051
0.08605847117
-0.3520592548
-0.001322442107
0.9550258994
1.637372589
0.8578361183
0.1325600497
0.1219258299
-0.5966463611
0.3458381956
0.4900318101
-0.06688449299
0.964924109
-0.103348561
1.5658167
-0.4814607367
0.3333212057
0.1543156079
0.4307710491
-0.43692182
-0.2099631716
-0.4436267845
-0.3226511322
-0.4252051886
-0.09354098402
0.03848884776
0.3081467499
0.0753685141
-0.2623688737
-0.05541374292
0.9953539163
-0.3210402794
-0.01082431525
-0.240315769
0.2085379841
-0.5600268237
0.7606857657
-0.2609753662
0.4702810073
-0.02514284682
-0.1610797182
0.5000289515
-0.3420712318
-0.168337686
-0.1257832969
-0.3701918559
-0.7229356587
0.1193409054
0.159652628
-0.5782276377
-0.1351543233
-0.3115830973
1.364234763
0.1897441611
0.2944907557
-0.2600878237
0.1514195064
-0.1998934845
0.8013507992
0.214561295
0.1471562527
-0.3198502861
0.4028465275
0.9542442679
0.1546413123
0.5065196261
0.04342120644
0.2893616984
0.2298553261
-0.3244106366
-0.1136969117
0.1196309425
0.02662109323
0.1739239242
-0.001582334843
0.4112287559
0.4560544815
0.6750946775
0.6601287842
0.1552952351
0.4334132908
-0.3081517868
-0.1442996643
0.7573414766
-0.1181774322
0.1269088148
0.5608537138
-0.04175168723
0.6748855174
1.051712048
0.0914887093
1.228259286
-0.3437143698
0.441697637
0.2981685475
0.295218572
0.9986704528
0.04932136619
-0.1384820074
-0.2170508916
-0.007702704519
-0.01499385666
0.506630592
0.02453237809
0.3688929697
-0.008069617115
0.6398549192
0.2850533621
0.3288512455
0.3087348536
0.3241809256
-0.2095788945
0.6449379459
0.1528488787
0.6066010669
0.2448758632
-0.1700552336
1.462353861
-0.7639053747
0.400167118
0.1285755469
-0.2897451852
-0.3413680062
-0.3097972028
0.001375723258
-0.6055671841
-0.8797776639
0.8849813089
-0.2587016177
-0.1001055092
0.08341002394
0.09623336964
-0.1170326658
0.4238525718
0.03531701472
0.1438895244
1.152402443
-0.01390413763
0.6083708815
0.2917522047
0.115411533
-0.05620525796
0.09011559859
0.7732789308
-0.05630992381
0.2186656819
-0.02747062012
0.7630437993
-0.365400812
0.7330525041
0.2182936728
0.830884926
0.3543555317
0.2159652702
0.3064589242
-0.3942836031
-0.1387621764
-0.08055567183
-0.02222441584
0.5668096043
0.6339385737
0.5791437831
0.8999590844
0.4587090034
0.7597333834
1.56365422
0.1972615015
-0.1822446225
0.8259162262
1.591447219
0.240285854
-0.0723670016
-0.0231289383
0.3281367462
0.3823421776
1.198785013
0.2318047622
0.4606479634
0.8852392972
0.6262698784
1.282552174
0.2445799767
0.3304594213
0.563620745
-0.1190053334
0.05775988121
0.2219884517
-0.0868220184
0.07411742415
1.17388307
-0.430110611
0.6248553865
0.242966565
1.171833625
0.3568699174
-0.1401139686
-0.2874780826
1.57602309
0.739649412
1.56120685
-0.4046153285
0.08164820299
0.8657174304
1.0700863
0.1467989169
0.09291696623
-0.1663622917
0.01020008763
-0.5132577829
-0.035288902
-0.339112913
-0.2360647688
-0.05945303477
0.3749999203
0.05500345528
-0.2075290024
0.384242174
0.8730273098
0.1885073161
0.9840807408
0.2974570518
0.1043563814
-0.08530362407
-0.09317033961
-0.1644736287
0.3515995061
0.6066637203
0.004218707606
0.3231576035
-0.3560798891
-0.1816364594
0.4755724885
-0.1137878362
-0.202101323
-0.05167433117
-0.1301253736
-0.2734844148
-0.3714296944
-0.1439983931
-0.005317223072
-0.1729685683
0.6694115385
0.265415933
0.2305856951
0.6117754817
0.1228208028
-0.395506694
1.137089774
-0.1533019618
0.1602104014
0.2762935996
0.4995593686
0.4540643791
0.3743530463
0.3265973832
0.4579909811
0.7569381326
1.714444453
0.4713137206
2.026900727
-0.168118166
0.04144120142
0.8692409724
2.023267239
1.070400569
0.1587558875
-0.07521763332
-0.2383002006
1.037808298
-0.287102266
0.3250243243
-0.2220283858
-0.3366031282
0.3731435943
1.265278989
0.08539633919
0.1642698895
0.6424708014
1.526496246
0.8522254884
1.045735568
0.7667491704
0.186468076
1.042956153
0.0256145332
-0.1775825514
-0.1078025846
-0.2082138348
-0.4435371295
0.3448527873
-0.351433995
0.7384167217
-0.2505915634
-0.4777956843
-0.7211899132
0.2136176838
0.4431050166
-0.2178570049
-0.07890311647
0.4435349852
0.7379143938
0.3292336777
0.02577165579
-0.4737727568
-0.3771650031
-0.1003505062
-0.4846148118
0.2106854502
-0.08739048541
0.1712948695
-0.351576937
-0.5654399224
0.6646845952
-0.3759522796
-0.5370847687
-0.0569618132
0.09347203784
-0.09577092445
-0.2813351106
0.24270445
-0.3711325694
-0.1334094431
-0.2144240871
0.4127833806
0.1726197707
0.1477789696
-0.1191933103
-0.4255018778
0.003688095277
-0.2670551993
-0.1160800679
-0.02804770134
0.5519499637
0.1862599414
0.6628464952
-0.2106654461
0.5717423111
0.3360554386
0.2768261593
-0.4389758125
0.2758163683
0.5289414056
-0.1329747871
0.6736472309
0.3490742475
0.2015490685
-0.0543963436
0.4505684182
1.50131056
-0.006024110224
0.2557014871
-0.6093561113
0.6012686834
-0.2054471639
-0.2427698594
-0.2535289837
-0.06133129038
-0.2497705307
-0.1628889991
-0.6847732469
-0.1262724344
0.3545117121
-0.1321064064
-0.2626304202
1.279635841
-0.4630698606
0.04327064157
-0.2619438672
-0.2281644277
0.4252419323
0.7594467565
0.194182742
-0.2354968829
1.011005414
-0.5857944369
-0.3261974197
-0.6810290083
-0.462563844
0.1519862439
-0.06174404249
-0.4697841223
0.4379561637
-0.195595634
-0.2369605955
-0.3158560071
-0.3151407212
-0.6301438347
-0.09813442305
0.05610983428
0.07492754944
0.05728418855
-0.02075011339
0.07920890599
-0.3049158106
0.09868632965
0.4450895824
-0.1058400013
0.3384173467
-0.2838815752
0.5482678279
-0.0869497899
0.6408510908
-0.2252154344
-0.3701039166
0.4672526076
-0.09251402775
0.3950282265
0.484505035
0.6224325903
-0.07635534909
0.1402224351
-0.03561753184
0.4573314391
-0.1082936337
-0.1050634068
0.4847185172
0.2507360011
0.7541537166
0.6689441413
0.8397403285
-0.2680069812
-0.3084420793
-0.05721972547
-0.2425334478
-0.09161353633
0.1474307487
-0.1140006213
0.4900957805
0.04098278042
-0.1700042248
0.726193063
-0.2951905202
0.1340787631
0.4579976335
0.7162191033
-0.2723399498
0.6075542152
0.248598598
0.5368340943
0.5968811229
1.08688212
-0.08590044379
-0.2551888458
0.2569158502
-0.02691064365
-0.2875911139
0.9964620873
-0.04244108638
-0.01367870551
0.05934185553
0.5983956141
-0.1881837241
0.3732564026
-0.1714217961
-0.09843603969
0.205812824
-0.452476944
0.8062587202
0.4911040591
-0.3914704087
0.1986164266
-0.2590183936
0.6319112778
-0.04672936145
0.5349016011
1.383591905
-0.2166609257
-0.193052195
-0.05994706834
0.06249931343
-0.1154908739
0.1505677
-0.2919785935
0.4975889238
0.4472416125
1.565207464
0.3322333872
0.1135707351
1.344859281
1.086416733
-0.07871630467
-0.3736327752
0.3667255549
-0.009138303809
0.6996432185
0.6362742975
-0.4704955827
0.4807043772
-0.2443630477
-0.2531202927
0.3705015864
0.2970231404
0.2516074681
0.1665025841
0.1498619653
-0.4254498765
-0.246475355
-0.3793719377
0.09433672414
0.5411504835
0.521065091
-0.07292126976
1.139169404
1.394584993
0.832781215
1.647241849
0.6961460792
-0.1856101766
0.4017373912
-0.3749327123
0.04066747613
-0.3809852585
-0.4909414724
-0.02287818044
-0.1998966366
0.3004235294
-0.01114569623
-0.1442439716
0.361193081
1.411052224
-0.2086500876
0.5010832105
0.2413941789
0.8674950168
-0.146331414
0.4148208063
0.3156268008
-0.3533345327
-0.2658627246
-0.04697583583
0.6445033237
0.1086007725
-0.2299679626
0.7703298062
-0.3717982911
-0.0763760249
-0.08392768241
-0.2603013776
-0.05956478082
0.2308783263
0.3048816994
0.05482550412
0.7166592032
0.1194403131
0.3326279055
0.9670876905
0.1078949001
0.05935801696
1.101378476
-0.4807799034
0.4443263412
0.6924330954
0.07686764179
-0.2382693991
0.2975983266
0.7025440291
0.2074177323
0.6371302366
0.3474688557
0.1849578194
0.05484173438
0.08355857152
0.245823638
-0.08881208962
0.3205790186
0.9658150882
-0.09186520651
0.8262868471
0.4940428833
-0.04054131638
0.4333636172
0.3759388814
0.3012438387
1.159852371
0.5707277656
-0.08903181963
-0.3783244461
-0.1586346611
0.6264023282
0.3273812839
0.168779343
-0.06950651109
1.226421407
1.744426405
1.290084207
0.03162839259
0.3667986089
-0.1436597791
0.3321756275
0.888447535
0.05886734053
0.5798577085
1.394050705
0.05578790456
1.252520135
-0.7916822433
-0.5314758807
0.3994806409
-0.166215167
0.1454314057
-0.5505220816
-0.1984418589
-0.2284966988
-0.1714230124
-0.1275035815
-0.3882958151
-0.2822104291
-0.1335332619
-0.2110384773
-0.1037712552
-0.3219916716
0.09384514964
0.1853961941
-0.01471596062
-0.01914911866
-0.1929718991
0.07684311704
-0.06728428267
-0.3924235076
-0.41703678
-0.1399592431
-0.2618225841
-0.2894171208
-0.1562848716
-0.1511670787
-0.4750073664
-0.3166723009
0.08456495777
0.1548840296
-0.1786191743
0.4397332005
0.1990250589
-0.2850704167
0.3911212866
0.003967317939
-0.3426764317
0.009083302133
-0.2556258988
-0.2183827091
0.2365783429
-0.4281740934
-0.3317255549
0.1165950509
-0.6884323746
-0.101146409
-0.5223630607
0.4440077335
0.308301625
-0.08591054631
-0.1984118009
0.00123025775
-0.4620893523
-0.2626585711
-0.5182912439
0.5552916236
0.04693020899
-0.1349778507
0.1855679566
-0.05423767045
-0.7416690916
-0.2097542136
-0.4029112481
-0.428960681
-0.1620159293
-0.2587828118
0.252720679
-0.3103003867
-0.4480411805
-0.2880076367
0.1378743926
0.46430723
-0.3583716573
-0.1338214364
0.3317749787
-0.2244117229
0.134789347
-0.1674633861
-0.06191844633
-0.2138156089
0.3491795694
-0.1992803562
0.3260576902
0.006241218466
-0.3522289492
-0.1965312134
-0.593573235
-0.5677528262
0.1892144991
-0.5536365792
0.2807736065
-0.477216205
-0.03886796869
-0.6640640855
-0.2201504551
-0.3950595219
-0.318489968
-0.3437852981
0.3878041811
0.3608662133
-0.6944539338
-0.3970482618
-0.07137077749
-0.5464010656
0.1968877582
0.5654036537
-0.003410393093
-0.02813533638
0.2135662902
-0.6450017869
0.08543590768
-0.2613491677
-0.5173930973
-0.2337107185
-0.1402252381
-0.0799269374
-0.3972631976
-0.4812392287
-0.01603944451
0.8540930167
0.2891930565
-0.5269696191
-0.2905193817
-0.3211122761
-0.3119380939
0.630571416
0.08305398514
0.6805851817
0.4809838131
-0.4157391503
0.04966484979
-0.4092627443
1.215772748
-0.4551456153
-0.411074993
0.1317517798
-0.3924652241
0.2590837914
0.05952140875
0.3151039073
0.2461921329
0.3370257549
0.6667675227
-0.2594900586
0.001699977834
0.1427244777
-0.183635129
0.774857628
-0.004170370102
0.4143778875
0.7406379491
-0.3807259455
1.455494693
-0.4713377232
-0.6304975107
0.05639293678
0.09464160516
-0.1707662106
0.02385180313
-0.4435673222
0.1831852695
0.5754947893
-0.2708736278
-0.2381282806
0.1033815601
-0.2764706964
-0.2316803508
-0.1963507822
-0.1588969022
-0.4845985204
-0.2912255844
0.3377362806
-0.2776034214
0.9863124788
0.333800526
0.5327143148
-0.2069724653
0.8712506145
-0.2787840139
-0.00118067693
-0.01895033177
-0.6111779243
-0.5416657604
-0.08852643333
0.1690558812
-0.1972214391
0.5004957199
0.1428185932
-0.07110813875
0.4130746171
0.7058230311
-0.1247474533
0.8558867514
0.364788156
0.9634383738
0.1366239808
0.3440920301
-0.4516344104
0.9034291089
0.7902543992
-0.2705423489
0.5295965701
0.1449680511
-0.4313891739
-0.176309596
-0.3810080551
-0.2582852785
-0.3958204901
-0.1504949041
1.067461768
-0.05408925097
-0.1481810899
-0.09522624649
-0.3786631076
0.4045749696
-0.0620017387
-0.3146309607
-0.475908266
0.1074630007
0.1190777671
0.4335710332
0.0340424906
-0.3168266997
-0.3058062801
-0.07489540763
-0.3684097506
1.007616079
0.1883414855
-0.2327075403
-0.2868470337
0.02876205556
0.003895338252
0.4779926166
-0.1679372162
0.3878142804
-0.1500494562
0.3462187314
-0.1566647332
-0.2817268539
0.0796756167
-0.1812011167
-0.2679752179
0.9322325736
-0.1251409503
-0.2749795421
1.076802894
-0.335921225
-0.6436584294
0.1050785248
0.9709771276
-0.6147023246
0.5912841603
-0.1837460835
-0.415008493
-0.4410492528
-0.4617513791
-0.1772052929
-0.2422730304
-0.3189840298
-0.3496888412
0.3414660463
-0.06937420554
-0.2756332204
-0.1395570527
-0.4461731777
-0.3182033692
-0.07000218742
0.1211937692
-0.09984059352
0.03912633788
0.5571927428
0.2185689319
0.02260011956
-0.089744341
-0.346078987
0.1986482255
-0.259829737
-0.1003051767
0.1728858799
-0.0397660689
0.2675409356
0.2540183069
1.167804769
-0.09946698844
0.7597742841
0.2611832745
-0.3978838831
-0.1968421163
1.275177947
1.086535838
0.2573284369
0.2135140788
-0.3913425883
0.238346925
-0.2395246785
-0.2205195528
-0.2539916098
-0.0003481457941
-0.2675871432
-0.1204207297
0.4845236545
0.07137566879
-0.3033132927
1.127470225
0.1756129904
-0.05960393809
0.730945608
-0.1588410342
0.329521917
-0.35616889
-0.2939453542
0.006441201456
-0.3953443751
0.09850759655
-0.2266592447
-0.2631027676
-0.2284547456
-0.007846157998
0.1660333256
-0.5227668412
-0.6951311082
-0.2508289758
-0.1946042394
-0.1884056762
-0.2899343912
-0.3135973923
-0.3967063189
0.09913209006
-0.3975031512
-0.00369797051
-0.3272292383
-0.4192898437
-0.03137981566
0.07928994372
0.2286863334
0.07802662533
0.1530113166
0.2110872317
-0.1328304821
-0.1537645113
-0.3188931664
-0.3912051141
0.3289767385
-0.2859449595
0.4481844086
-0.1143092668
0.1664348256
0.8324696064
-0.1916752722
-0.6900705382
-0.4256143503
0.4296987511
0.5315630257
-0.3127333552
-0.5180829182
-0.09322073273
-0.4369334094
-0.4143223897
0.1772786469
-0.3958298018
0.647563833
-0.4951991439
0.00823424533
-0.09733241759
0.4910499826
-0.468559669
-0.2939648713
1.084917459
0.331060892
-0.02826345526
-0.2103268046
-0.2036603145
-0.4623261586
-0.4967939094
0.2048455058
-0.1652868405
-0.1645536043
0.01783264149
-0.1900880057
-0.3085800169
-0.423112176
0.07332668714
-0.01080442201
0.3756601859
0.07315531517
-0.1969246283
-0.4775838003
-0.1026986623
-0.2016396102
-0.3910806015
-0.4512101382
-0.1261254672
-0.2752998365
0.6764225259
-0.3973618098
-0.5196148992
-0.3394821629
0.2741614945
0.3595396936
-0.297145538
0.345530536
-0.3240809042
-0.456172695
-0.1965329193
-0.5708300367
-0.3253084712
-0.3311043318
-0.2776136264
-0.4845406726
-0.2586196966
1.273127532
0.1602784663
0.4176875293
-0.4036131017
-0.2121967427
0.04550303239
-0.4240873851
-0.5492478263
-0.2021603543
-0.4933501389
0.2140113965
1.274457464
-0.1465151487
0.7854530841
0.2255617306
0.8794414416
0.07373114554
0.07313716244
0.467947796
-0.1790946836
-0.3986943461
0.2148902786
0.04058636799
-0.4782576248
0.295373857
-0.2873250842
-0.3274004482
1.102632508
0.2479476253
-0.1756268632
0.4040589146
-0.7295459896
0.322316958
0.05616238005
0.09447248811
0.3869594628
0.1219378568
0.7155280903
-0.4709933475
-0.4556762069
-0.1650338422
0.4035943618
-0.1492635818
-0.2990084946
-0.2873820141
0.3258494732
-0.1792169666
0.2329429802
-0.3799872519
-0.348185843
-0.1894615289
-0.3447075883
-0.3714770582
-0.09246478751
-0.2258663058
-0.07610579822
0.001908980403
0.1753988402
-0.3321327634
0.1850254066
-0.06216537077
0.03269042373
-0.03433544636
-0.268385433
-0.3996564806
-0.2674341593
0.002101920824
0.09446536098
0.05151147675
0.205674582
-0.1935692228
1.051388383
-0.1306842998
-0.4730882049
0.3597102374
0.567410107
-0.4917674243
-0.1543544098
1.266470316
0.5858149573
0.5609646246
-0.03025196446
-0.2043006808
-0.1517208286
-0.1721275941
0.2912802521
-0.2047613289
-0.2215940017
-0.3337430345
-0.4354848146
0.6318129078
-0.2441496246
-0.621403861
-0.03941583056
0.02958470909
0.5320218101
0.06741587627
0.4896644875
1.424493074
0.0835925715
1.327953845
0.3847201541
0.8591802046
0.5129455864
-0.4675726984
0.9334950089
0.2465838092
-0.2935610443
1.227659708
0.2758918249
-0.03420109823
-0.03620210644
-0.5866168484
0.174334953
0.1275642896
0.5154338937
-0.03267072178
-0.18806348
-0.6430148393
-0.04015878714
-0.2942725502
0.2775986951
-0.07039003484
-0.1291791528
-0.1962821692
0.1884690072
-0.4740224564
-0.2460039601
0.3988241687
0.1208304685
0.1975822578
-0.03498849738
-0.1088331034
-0.07958822455
0.6115040898
0.3634535335
-0.3278272852
-0.3501187362
0.1792597753
0.4474532867
0.2937579557
-0.09876278397
-0.1814410556
-0.3410058267
-0.3367388472
-0.2862519328
-0.3859871954
-0.5426569402
-0.02695699893
-0.2997413412
0.2755386345
0.1097954649
0.02474295301
-0.2033698894
0.8432939753
-0.06941745356
-0.6227649555
-0.393720283
0.4332603063
0.5070744913
-0.2577407133
0.2665145207
-0.2376063684
1.307681528
-0.1371053552
0.02887303606
-0.0685722881
-0.0841168249
0.3983558731
-0.04072121605
0.4636257208
0.5796985522
0.1353769422
0.3820036169
0.1974545948
0.08111743042
0.1191189365
-0.1073426133
0.2834851747
0.5162861742
0.4628096581
-0.2131755286
-0.07902597934
-0.2287528176
0.1829836633
0.1060654456
0.6810592547
0.4397336274
-0.4545914233
0.8543803066
0.8581252664
0.2351620264
0.6750744283
-0.07403415469
-0.02493380867
0.3825873509
0.7160441324
-0.1674197752
-0.4862803653
-0.08179951869
-0.1593807196
-0.01501383055
0.117867767
0.9073485285
0.2012204342
0.04443829656
0.0980769176
0.8344774365
1.516861403
0.1486516343
1.05791218
0.4401205465
-0.07788448706
0.2182239221
0.7084826559
-0.229254291
-0.06495127953
0.065544842
-0.1321933836
0.4308014434
0.1707678761
0.008836431801
0.2595905218
1.516929591
0.2728687563
0.299736518
1.58175613
1.634815872
1.662588835
-0.05814387556
0.1795766548
0.8979625344
0.5554639742
-0.2604738414
-0.1438192274
-0.2562876288
-0.06948110741
-0.09587632827
-0.1119528335
0.7033416927
-0.4992306948
-0.2853289168
-0.1036329735
-0.2995412257
-0.3176681791
-0.2405151501
0.09552227585
0.9708897352
0.2186310283
-0.3194248114
0.3692985028
0.06288464814
0.2880345855
-0.6794799834
-0.2740142195
0.4578074835
0.2570200473
1.29465549
-0.5316061292
0.1002730712
0.5743134901
0.3913555983
0.257934729
-0.4973717228
0.3215653686
0.396412269
0.4447417095
0.3959003016
0.5545414343
0.4975320466
0.2882005326
0.4334635496
-0.1761081517
0.01622591047
0.03340761624
0.3413253309
0.3844475202
-0.01349985655
0.3539086659
0.7920646712
0.2765375048
1.710158563
-0.02495188341
-0.248376517
1.120168045
-0.1902797285
0.1463158723
0.6476702958
0.3871554866
0.3609354712
0.4814442724
0.4644082293
0.1600475297
0.2878636592
-0.3333051749
0.266813327
0.110878643
0.01507984819
-0.5481754243
0.2060010133
-0.1505012117
0.3554383211
0.6921147034
0.3332343929
-0.1683676966
0.4872631963
0.01567362472
-0.07654678272
0.5536448315
-0.1694173984
0.4413985197
0.7398598194
1.302010319
0.3243664581
-0.3304065326
0.733488062
1.834274554
0.1010590523
-0.3157064088
0.1686529582
0.4273114875
0.5093102403
-0.4175796323
-0.3204213573
0.1648184907
-0.05090810675
0.08169519063
0.3182355003
0.9973648742
0.6745779946
1.005492586
-0.07177550611
0.4857372589
0.3920554779
-0.3855639998
-0.1236310685
-0.09381570807
1.005630034
0.1073835466
-0.4364110507
0.01935335342
-0.4768798336
-0.6620187372
-0.672949174
0.283360251
-0.1702472694
-0.03986311629
-0.07311530635
0.03590574302
-0.395098912
-0.1101069562
0.1433956142
0.2912455015
0.5029548056
-0.05575825404
0.01703311335
0.2546333656
0.02253388949
0.4046504032
-0.007003216073
0.8486099616
-0.02763904259
0.2822127137
-0.1303745124
0.3290140726
0.9106195182
0.1680494796
0.6949773848
0.4931002803
0.2724817559
-0.01247318611
0.6881163284
0.04818194918
0.6272134334
1.078653529
-0.1242053279
1.026467112
1.625987601
0.9641702712
0.5967152948
0.1442815842
-0.06610833118
0.352002692
0.004899748974
0.2150238764
-0.009965490177
0.0207969347
-0.0514434766
0.4495976077
-0.2318859866
0.1149412386
0.2406296849
0.6682037696
0.5143766925
0.6612257555
0.1611698985
-0.1042478782
1.148432913
0.1162249523
1.381781846
0.1096837521
1.728820169
1.554357123
0.1479830874
-0.4977708265
-0.1686575932
-0.2979931239
-0.1806109363
0.4736120198
0.09751034267
-0.2020149216
0.1744201394
0.4670988284
-0.1335539658
0.6050820261
0.418256479
0.219264506
0.6559786629
0.4602817394
0.2725701364
0.3896033123
0.4058167335
-0.139441669
0.281302179
-0.236292214
0.1811606346
-0.2976507615
-0.0369288696
-0.318716085
0.1725265563
0.5875470608
0.3398882456
0.2423497414
0.4280850224
1.128117648
-0.4944335857
-0.2874178737
0.1570338942
0.6799697667
0.4385251179
-0.08718587048
0.4991393998
-0.3003924221
0.3876860984
-0.4448748782
0.8595784605
-0.3414919898
-0.6048157185
0.6478526369
0.0302871868
0.008153496124
0.5699604474
0.006605712604
0.7591048852
0.04924598932
0.2842012273
0.3490098016
-0.408398702
0.1757028304
0.8742069304
0.3064928882
0.8977396041
0.2338680426
2.337614387
0.1484138092
1.743362832
0.1175330024
0.3979045784
0.9432841972
0.4016389187
0.1980104845
0.1178278094
0.3819559637
-0.4667397991
0.9022790149
1.101676285
0.05409512706
0.2047879839
-0.07868017573
1.150034967
0.928107509
1.058731624
1.201972196
1.133560789
-0.293580851
0.3991642929
-0.4105953068
0.07816508636
1.03694391
-0.3085895039
-0.06995115001
0.7027323127
0.6478214681
0.2085518905
-0.03796975026
0.4290045373
0.1186307757
0.651455459
0.1403341198
0.8182207264
1.042411742
0.2593759749
-0.1414013896
0.3933497228
-0.1965104353
-0.07145066038
0.5216259971
0.6371153519
-0.1267295703
0.7225055039
-0.131006241
-0.2929161176
0.1476993429
1.100985503
0.2371582964
1.151933822
0.7283403471
0.1043562399
-0.00184958633
0.3991017092
-0.1397075448
0.3369219402
-0.2083323613
-0.3676814228
-0.06251728227
0.8969756186
-0.3425478414
-0.373685028
0.07878926173
0.1293857776
0.5503441889
0.9777289674
0.9309301585
0.0756550381
1.096475984
0.2666462783
0.57354511
0.2041583678
1.907323366
-0.0508657543
0.3283458002
0.06307450309
0.9662671417
1.022141087
0.2862370398
0.9384673119
-0.4745608121
-0.1418140199
0.3236968251
0.4937912673
0.4664888157
1.026573935
0.5016187832
0.2191103712
0.4935304143
0.737940748
0.9384363204
0.752316241
0.4860318044
0.5382374058
0.3609620463
0.6042312831
-0.06876783576
-0.2023376208
0.3411454789
-0.3049544161
0.3564592704
-0.09610938821
0.05640553664
-0.3152991273
0.2059148042
0.08972143289
-0.6020951986
-0.1470916923
0.3964111008
-0.1145538446
-0.2842959
-0.3910928264
0.1204985199
0.01556343213
0.608204937
-0.01382571273
-0.2197442368
-0.2329405881
-0.3218236582
-0.3162636377
0.1739180926
0.008212155849
0.1032073449
0.9856127277
-0.3731162954
-0.2811182465
-0.2344449461
-0.05471042302
0.6311131701
0.07336801579
-0.4791473746
0.2769150052
0.5994574338
-0.08981080465
0.5187038235
0.4579868764
-0.1934928007
-0.1235603917
-0.2220181994
-0.4954512805
-0.08250576947
0.326581216
0.4279739846
1.280486703
0.1526521424
0.7188176379
-0.6138946533
0.1152920286
0.4274116145
0.02446727771
-0.1039171429
0.147545667
-0.5854300857
0.8425985515
-0.4185889745
-0.1778076004
0.7488274604
0.4037076846
0.003193447227
0.5749489702
0.6799214758
0.03763614078
-0.06554361964
0.2671282176
-0.1758443907
0.843609716
-0.09657500563
0.2160255958
-0.3929751679
-0.1369254028
-0.3573253438
0.2529095531
-0.1013211345
0.178159046
-0.09702561945
-0.1129369622
0.08172853421
-0.166632526
0.3242249545
0.4172993373
-0.1509951465
0.1275816647
-0.2842303399
0.6369328713
0.5885955334
0.4724119775
0.09460702073
-0.2123614173
0.3135235704
-0.2740847062
-0.01157014072
-0.6803855076
0.3047869304
0.05973418192
-0.2431660905
-0.2217002809
0.8167708814
0.1780588138
-0.2040346337
-0.4158833876
0.3031901512
0.5316437855
0.9121447012
-0.3620716549
0.2567948908
-0.1580354121
0.0455100989
0.1705277073
-0.1805426236
-0.2859614514
-0.0266788024
-0.289927192
-0.3460467901
0.06923967227
-0.07984201405
0.1938662216
-0.01534656687
0.3785488615
0.3860933363
-0.1920844169
-0.03929981794
0.1303093657
0.1842976406
0.5497408178
-0.2555420954
-0.1044570737
0.3577098856
1.368518236
0.2328070552
0.5963445887
-0.1679726345
0.1632664161
-0.1868458197
0.007831083983
0.3836741451
0.5020632247
-0.1270542918
-0.2289086783
-0.2633611292
1.027376193
0.02997106239
-0.1548609099
0.9521073014
0.178193761
0.7262358308
0.01079044165
0.3729375628
0.3801137175
-0.1932795387
0.4993990608
0.185516442
-0.5657084018
0.2739426635
0.3184007693
0.5026777297
0.3026001103
-0.3356337987
-0.06361232959
0.8000591069
0.2633562851
0.3408309504
-0.07374839894
0.484604048
-0.1163590496
-0.03778521456
1.099618416
0.3130969149
0.08002438489
0.2105751791
-0.4145464279
0.1202583012
0.7863585599
0.6257680073
0.1998105372
0.01864345055
0.4304354258
0.03835007176
-0.07206029743
0.7227030233
-0.02544084229
1.089785853
-0.09527171329
-0.1886432167
0.1597023077
0.4799679033
-0.2369844779
-0.4551401839
0.08873560391
-0.1343989638
0.01628741995
0.4085195698
1.115579128
0.5747691751
1.390562987
0.5117137805
1.029924539
0.5949529886
0.09133542972
0.1607763459
0.3966337103
-0.0571962765
1.224917439
0.7952623621
0.927436009
0.2918833282
0.1649108069
1.257415971
0.458253797
0.9445542812
-0.00457000467
0.07860591598
0.6199853372
0.6369939446
0.877881451
0.9022085741
0.2196613122
-0.0808583485
0.50449965
0.9447305948
0.6452155737
0.4364456762
1.149246842
0.5338353466
0.3117868949
1.038045523
0.5583727702
-0.04698907044
0.4712045796
0.5880959004
0.2787893632
-0.4467616439
-0.2831778333
-0.1449287981
0.1775027841
-0.2944556989
-0.1871351751
1.197838083
0.2553570587
-0.07063351199
0.4971892888
-0.04281375371
0.07621669993
1.077657604
0.3518645452
0.517320439
0.4302970814
0.8674949676
1.595512921
0.5510370654
0.5134202451
0.01528919861
-0.1967695154
-0.1768285589
0.02695362521
0.3728850387
0.7588720292
0.1821424946
-0.07267818004
-0.3520403514
-0.3344820976
1.127830774
0.495990021
-0.3304981366
-0.1028044326
0.670532003
0.5246084481
0.4188643228
0.7231559202
0.7084964842
-0.2062092027
1.01281422
-0.08333675945
0.5597847663
0.4786655776
-0.08446216509
-0.03186573479
0.346015276
-0.6571468607
-0.3696355913
-0.1099212427
0.2506312137
0.2599813604
-0.403023009
0.03737022206
1.187743163
0.2129235615
1.370907801
0.3167578211
-0.06339311898
0.5028944663
1.031300282
0.8160383999
0.3087822024
0.2720032185
0.3540641951
-0.5171260372
0.02238256894
-0.405456512
0.5609874398
0.1466086463
0.4094161361
0.05484294184
0.2134487651
-0.342672809
0.8425164282
-0.1811762592
0.126127643
0.2829424009
0.5142204002
0.02402572818
-0.1020545991
0.04357944131
1.352136743
0.8853758931
0.4426642546
0.2775865009
1.135803533
0.4034283374
0.5027248271
2.446843684
0.3317583794
0.9429455489
-0.3645484388
-0.4427222118
-0.4387670256
0.1772253397
0.1032697903
-0.5497491583
-0.2745090947
-0.247452059
-0.5251414865
0.2708724845
0.5843745045
0.6428837821
-0.381152327
0.2637440411
-0.6110227197
0.0516546879
-0.1138605619
-0.3436225191
-0.3148951322
-0.4490697503
-0.499705556
-0.07392380238
-0.4498127535
-0.2577286556
0.02253234209
-0.09824710414
-0.3110054262
-0.5097157791
-0.3008829819
-0.3350181025
-0.1582704181
-0.2225579523
0.3124428146
-0.1892219163
0.03670382686
-0.1393871369
-0.5021395355
-0.3953598827
-0.3187744901
0.7427861527
0.2181831626
0.8801512927
-0.05337478034
0.2613314046
0.08955981433
-0.01878358815
-0.1222526299
-0.08598060533
-0.3300068457
-0.2440902781
-0.4908874348
-0.06958299801
-0.01489843819
-0.5196118191
-0.1059077683
-0.3571128886
-0.3636741653
-0.2541248009
-0.2541245595
0.9785046026
-0.5132309347
0.007357945759
-0.1045198788
-0.5618423998
-0.3482705086
-0.1533397276
-0.5048284128
0.2260375742
-0.1939499607
-0.2539479498
-0.4473751575
-0.01566464724
0.0220444236
0.5095482804
-0.2112305395
0.4736930683
-0.1309560379
1.069865346
-0.3830757022
0.06193585079
-0.1847943693
-0.3314754386
0.01960779354
-0.03075630367
-0.06327603105
0.1591649981
-0.7108517379
-0.01302923579
-0.4579587944
-0.2332247321
-0.03258627113
-0.2630008953
-0.4830512255
-0.4584622696
-0.6894510716
-0.5749170646
-0.2746316092
-0.2379672587
0.05763014369
-0.6302911565
-0.1603557309
-0.5348904461
-0.2191096745
-0.4559411682
-0.480666589
-0.0822281532
0.9447213039
0.382738027
-0.4419679284
-0.3826851547
-0.3686102122
-0.4382689521
0.5652976755
-0.4727754056
-0.1352496354
0.03228875492
-0.4450468652
0.04453181112
-0.1005189194
-0.1618646445
-0.2852332406
-0.08602577709
-0.2623890713
0.04806211824
-0.4132231504
-0.4665891096
-0.1895717366
-0.06535494472
0.6743343368
-0.2854427803
-0.2093972806
0.09228580669
0.2344225889
-0.1939167509
-0.1066122357
-0.2857978582
0.5340037012
-0.06370381191
0.05166901425
-0.4059806164
0.2766960351
-0.08908899864
0.6582065016
0.5045683127
1.059887365
0.04533352442
0.21750085
-0.4236167207
0.1401188316
0.3757185813
0.1426428786
-0.02984093213
0.4198312597
-0.161771223
-0.1532010676
-0.2236745205
0.2843420685
0.08769110646
-0.003785400465
-0.273517783
0.005288525671
-0.4482422873
0.04220363684
-0.4400867119
-0.3199581422
-0.5383188218
0.4376165211
0.04271368273
-0.3004612058
-0.2069655759
0.3801893726
-0.4002484538
0.5619742969
0.4631844863
-0.06643747427
0.2061903182
-0.1326529669
0.1402798919
0.6276789375
-0.1779941382
0.3632012757
0.006981739216
0.3880732317
-0.1441449616
0.1165319685
0.08827980533
0.120919548
-0.4775553301
0.04228175208
-0.07298117727
-0.1373676971
-0.04463704955
-0.06329916958
-0.3588191219
0.002049851976
-0.3343517624
0.113557905
-0.2975709263
0.7377820551
0.1139728272
-0.1851227904
-0.01141493088
-0.1782616354
-0.4591623083
-0.2716683432
-0.2766992129
0.04534140714
-0.2117675833
-0.1157511301
0.2279716193
0.3392751553
-0.09870566414
-0.09554162342
-0.06639047936
-0.3368305303
-0.1743342999
0.3850419216
0.001480977237
-0.09397588568
-0.4438296419
0.02176423743
-0.1246973561
-0.314697654
-0.2178677412
-0.07989195883
-0.4817195386
-0.392408438
-0.2944940383
-0.1266511582
-0.1038439589
0.6583346825
0.9526552349
-0.2449838003
-0.2956089303
-0.2963260308
-0.005105524883
-0.00244399244
0.08029129822
-0.4263164267
-0.1561619466
-0.0566139482
-0.6338976011
-0.1250134903
-0.7075996131
-0.1859949604
-0.3608179431
-0.03187556174
-0.2585426919
0.2173447542
0.6191313595
-0.4561641812
-0.5602247924
-0.02934653871
0.6924937613
0.05376852732
-0.4223468546
0.06621724069
0.2334747566
-0.03673576526
-0.2762090702
0.1766268128
0.2919662222
0.443609038
-0.284538617
-0.2068983555
-0.2630757801
-0.2489251912
-0.4311840177
-0.3415951837
-0.4886837482
-0.2951761492
-0.2136223227
-0.1981492624
-0.155377363
-0.4287950322
-0.2698228709
-0.2938870076
-0.3998364031
-0.4518973053
-0.5597065972
-0.1892231232
-0.3241290607
-0.2594953708
-0.472519166
-0.2812579334
-0.3560580976
-0.3123212241
-0.6267437547
-0.02762404457
-0.5156636417
-0.5755232692
0.2018106245
-0.01418869346
0.4544747125
-0.4653064057
0.7019762721
0.1998135479
0.01450828239
-0.3905093014
0.2083915493
0.2341481909
-0.3443271685
-0.2781862121
-0.4409730569
0.02324549537
0.7983074397
-0.4067912266
0.1141657606
-0.5331308648
-0.3794177763
-0.1827933863
-0.6789305508
0.8444042668
0.540540776
0.2915404467
0.4835605882
0.1339561217
-0.009413189255
-0.6751084656
0.7354862988
-0.05917227231
-0.078098654
0.008641978353
-0.1254114259
-0.2498436749
-0.463918519
-0.4124374978
-0.6591501802
-0.3147343799
-0.09620249942
0.003762945719
0.3306715148
0.5182027586
0.5955685508
0.1411551219
0.1616071433
-0.188648634
-0.4857408762
0.6731178939
-0.3797054734
0.06349379169
-0.09563510828
0.9450478196
-0.3443677165
0.1305056391
-0.3641737789
-0.1624299869
-0.09039614685
-0.5660976365
-0.6144174069
-0.08391617127
-0.6405756995
-0.4579593807
-0.057009375
-0.2633655488
-0.3175128985
0.3512364008
0.02145260107
-0.3400232509
-0.4788822785
-0.3901368026
-0.2509199167
0.1777722473
-0.1500740385
-0.477022814
-0.4131423727
-0.2472372286
-0.04069622681
-0.5290805444
-0.2492560882
-0.3995479435
0.03583319411
-0.07111961851
-0.2958836492
-0.3519122899
0.3207699878
-0.2663010351
-0.6131672531
0.5685558148
-0.2305983756
-0.1342107929
-0.4876993433
-0.6735147178
0.08250834532
-0.05071943346
-0.1175789315
-0.4807597071
-0.2267804261
-0.0563471226
-0.6688963529
-0.2549027707
-0.575708425
-0.2095781371
-0.3086819623
-0.2989199173
-0.376159513
-0.5143388152
-0.5351675674
-0.1548013833
-0.1724330373
-0.5283227935
-0.2509325158
-0.1345578337
0.6087518334
-0.4555678561
-0.7446005434
-0.5707361668
-0.1073513136
-0.2665819164
0.2082032941
-0.5573295355
-0.3069392882
0.1022314766
-0.3663216677
-0.3869109765
-0.004143054783
-0.19830842
-0.2254705839
-0.05599064119
-0.2642497972
0.2886260172
0.2422367129
-0.5459066756
-0.3878587529
0.06515379651
-0.03769039065
-0.02669627313
0.08384464909
-0.309363851
-0.1224423843
-0.7473253369
-0.4347915515
-0.5800752833
-0.135102449
-0.5187907651
-0.5703404099
-0.5404474065
0.4167739358
-0.4038554512
-0.3380035194
-0.04018869735
-0.1111350171
-0.1778138824
0.06813491322
-0.3922135413
-0.1334558445
-0.3179909013
-0.4047502927
-0.2502455302
0.6680432059
-0.4998413891
-0.09022379778
0.2323612561
0.184452985
0.06926512606
-0.6159891441
-0.6087742835
-0.4199123254
-0.108319629
-0.5535449252
-0.4932873532
-0.2458083831
-0.05065334588
-0.3898458347
-0.6224290326
-0.1326091064
-0.3212301372
-0.2344463654
-0.2923337966
-0.5098520443
0.2657986942
-0.1717954552
-0.06471449668
-0.3994392425
0.2844537614
0.4042492524
-0.2768596206
-0.2113120981
-0.351458057
-0.3940248296
-0.4299210891
-0.3323873743
0.03214906733
-0.1187695724
0.1831452793
-0.4966492757
0.1316283977
-0.05112264138
-0.171492495
1.249521109
-0.2844536841
0.923333919
-0.2295560762
-0.2937547628
-0.4489395261
-0.0103515632
0.1094327147
0.1078962782
0.2598586794
0.06041727997
0.06908240672
0.09888122194
-0.007759161852
-0.05232415535
-0.09302647803
-0.1074365493
-0.3541767761
-0.2525138316
0.01505848151
1.053414786
0.2251869493
-0.3998355836
-0.06994550452
0.8477761894
-0.2515763968
0.5805907875
-0.2182825372
-0.3181657642
-0.4328275114
-0.4920634404
-0.4961571537
-0.1863053818
-0.1241477488
-0.5591114916
-0.1828080986
0.2908340185
0.1005191376
0.4484426405
0.1544302318
0.09993732665
-0.1052284062
-0.02244293876
0.1181645386
-0.2053376134
0.0526243696
0.1331782563
-0.352449736
0.1872161324
-0.0348875165
-0.2436250076
-0.1901725713
-0.08581483942
0.3515581995
0.9333167627
1.195834401
0.6478282444
-0.2018834837
-0.07126163058
-0.3046459757
-0.100370637
0.3136656333
0.6146964371
0.081879141
0.6709355786
0.01223581415
-0.2573386952
-0.5108193498
-0.03065466769
0.1895734526
-0.4914677456
0.050953345
-0.07943226174
-0.07931102756
0.9909882039
0.003032214008
0.4428037181
0.5258927301
-0.2953992039
0.07639479227
-0.1170789951
-0.04968597442
0.4525155395
-0.3471274756
-0.08377147447
-0.01566780191
-0.1794023421
-0.04682533089
-0.4626292884
-0.1957941968
-0.2803976163
-0.3530783672
0.1297264091
-0.3169042204
-0.1714951057
0.9270053267
-0.2859763727
0.1543684212
0.8959410876
0.6900328919
0.351513435
-0.423451829
-0.4565885037
0.1465972833
-0.5528231859
-0.09901917269
-0.2944101645
-0.02343658125
0.8050112784
-0.221995872
-0.214811144
-0.2907193569
0.3638614886
0.09517704006
-0.1964498245
-0.340355777
0.04235502817
-0.3676371351
-0.008474740572
0.6861363232
0.2601248536
0.4368044777
0.4798020385
-0.2193383243
-0.07739669001
0.121552988
0.1740875911
-0.1961624159
-0.216182907
0.856489414
-0.2463947825
0.3876298047
1.024201998
-0.2277084196
-0.06305576675
0.2819892295
0.8041657746
-0.2219360199
-0.4138832852
0.5369200669
-0.527505146
-0.07655754555
1.638910821
-0.06864501983
1.12838895
0.004757727683
0.03234584425
-0.1393016839
-0.2312208259
1.399200276
0.09103093911
-0.1116238818
-0.01145390049
0.2534826048
0.1723472325
0.00383560108
0.04867408834
-0.03609981388
-0.2046545766
0.03402306065
1.830858594
0.09143646639
0.6936528429
0.3942987569
0.3367526829
1.264059174
0.729341051
0.147261272
0.01703058518
0.3330635559
-0.1410968802
-0.2293965571
-0.1971114556
-0.1928961359
0.03476538863
-0.3206429791
-0.2086471455
-0.02979711308
-0.2041638914
-0.2099190613
-0.05106207207
0.1861881852
-0.2004828405
-0.471927885
-0.01323980819
0.04166349191
-0.1346072465
-0.07012620848
-0.5493864387
-0.1125793161
0.1559278758
-0.2903068695
-0.289264787
-0.4846865237
-0.09614965841
-0.1688190633
-0.1643884711
-0.2857368462
-0.4893524759
-0.5390004285
0.3595012898
0.5372355163
0.6514501616
-0.1114153644
0.2573208397
0.287574907
0.4627171397
0.09150458071
0.3916525163
0.4960266583
0.004262629338
-0.04549242817
0.006605235254
-0.2796740443
0.2081315974
0.9194502264
-0.01206696425
0.2696740395
-0.02657831102
-0.04820469245
-0.3381882381
-0.151529176
0.1752007825
0.02134565506
-0.1442743842
0.3733089462
0.1540734388
0.4035146732
-0.02807443743
0.5963634685
-0.01591112111
-0.4809559487
0.2548552935
0.2481217155
-0.7312956423
0.08147706725
-0.2978159726
0.06878965646
-0.6267135605
-0.3637116842
-0.1082041287
-0.1784965295
0.4655356362
-0.7204664215
0.05151704606
1.43572104
-0.2596345201
-0.1875548147
0.5000596054
0.4879281979
0.3162435185
-0.2930522613
-0.1400480518
0.2842831969
0.1235745135
0.03485651258
-0.1137951809
-0.2787721578
-0.05254303273
-0.2341727719
-0.3231390931
-0.6318830639
-0.1444307437
-0.1905934053
-0.508353132
-0.1082227919
-0.3642342031
0.1785646196
0.2111261013
-0.1166512892
0.05781530589
-0.148085816
-0.4445620686
-0.1426053915
-0.2685513169
-0.603286542
0.1305208797
-0.411834085
0.6853570521
-0.2069424596
-0.4331114233
0.1436966024
0.1257246563
-0.3100376762
-0.5723713472
-0.4040039606
-0.238716127
-0.2765011076
0.05187582448
-0.1651689348
-0.4554701801
0.03319193288
0.009148068167
-0.1393323664
0.3983341843
-0.03744095759
-0.1884801757
0.6372918904
-0.3942754038
0.1998844873
-0.1887208141
-0.03725005202
0.6368060231
0.1701437171
0.6266883951
-0.05523597635
-0.3652936414
0.09916941337
-0.2015208263
-0.3951487541
-0.09256360177
0.1235770412
0.1910118049
0.7902678698
-0.210231616
0.5909637421
0.1780164529
-0.17255807
-0.5441929311
-0.4824058011
0.2416577622
0.0918342853
0.2892544493
-0.0482688807
-0.06616190588
-0.2083813995
-0.02089855205
0.107489443
-0.3817239203
-0.1164749108
0.1176844656
-0.06573087964
0.1677883308
-0.4146477288
-0.2057865325
0.7530264964
-0.02599173775
0.4448687956
-0.4191888686
0.08230820242
0.07003833633
-0.2527476251
1.199518058
-0.4123364329
0.03856944025
-0.1250036951
-0.3824049443
0.0428852811
-0.2913687855
0.5061423883
0.8948166192
-0.2631547134
0.3783217207
0.3659274837
-0.1389513309
-0.371532061
0.9228555813
-0.1508552123
-0.3603944579
-0.255210639
-0.3318898285
-0.3415041924
0.5352399006
0.4168753941
0.06309209983
-0.228368742
-0.3601864971
-0.4677851781
-0.4016315825
-0.5949799806
-0.2393637769
0.3549171418
-0.4883737534
0.7441625625
-0.04912099841
-0.4096573316
-0.3371003134
0.2311380722
0.3235319931
0.2513992172
0.6161261037
0.4264650574
0.6163397729
-0.01105096918
-0.07034653295
-0.5676681474
0.7961323768
0.8107720271
0.05516225081
-0.4140166515
-0.431904953
0.7479389533
0.4887953043
0.4659518219
-0.01239191187
-0.05537300427
-0.2171987232
-0.1358089576
0.11135044
-0.2653360888
0.7626177177
0.3446824485
0.03176366612
0.3658890545
1.421633798
-0.07764949691
-0.6159514174
0.02427315339
0.2610207428
0.5698158562
0.3847959902
-0.3666343933
-0.3529411256
0.8942172378
-0.172717355
0.2539640538
0.4742921025
0.5309651956
0.9397909865
-0.2263596293
0.2948103577
-0.3835697286
0.0103028466
-0.06356235463
-0.4358857222
-0.09570015436
-0.2252038214
-0.5520485893
-0.4828896686
-0.2553033434
-0.5271310493
0.4087589853
-0.2417039881
0.5633973569
-0.6246923983
0.0796286216
-0.151477661
-0.288734217
-0.2544989362
-0.2579549875
-0.6525282905
-0.554343158
-0.1095909711
-0.5419119403
0.1938665104
-0.2683071084
0.4912311465
-0.0401232738
-0.1235207581
-0.3647646844
-0.5149260603
-0.3093921758
0.03876191154
0.2098686024
0.4619094335
-0.4113662213
-0.1862033986
-0.03286485448
0.2162122484
0.5614134625
0.07307693455
1.807864213
-0.05637813415
-0.1020684729
0.1236151206
-0.2814189596
-0.2446346179
-0.3189812765
0.03081288151
-0.2331165679
-0.1947964139
0.4731456013
0.2176036252
0.9799446434
0.1087290377
0.2745758969
0.3912484857
1.170196658
-0.2690842323
-0.01885165516
-0.3189881299
-0.3468633138
0.04831247795
1.040572426
-0.2753180273
-0.1535103329
-0.308484225
-0.1229787275
-0.01803926267
-0.3623567924
-0.01038630204
0.4745799601
-0.3877385706
-0.02006816883
0.5231882647
0.4187332749
1.033332288
-0.1448606139
1.249551612
-0.1025895901
-0.3693109445
0.6942118689
-0.3288974032
-0.07232078733
0.75845716
0.4595046369
-0.5441258669
-0.2987589266
-0.7307083517
-0.2941247862
-0.6786914319
-0.4561658546
-0.7579588085
-0.1101872871
-0.1243517742
-0.3436690867
-0.3311882459
-0.04670452522
-0.4716887832
0.1816841614
0.2735448062
-0.6745659038
-0.3952837143
-0.2778250553
-0.109886875
-0.4989958927
-0.291953963
0.2797907606
-0.3989880346
-0.4551109098
-0.4522127733
-0.1893497031
-0.7581031457
-0.1288238129
-0.06813038401
-0.3989799898
-0.6733462542
0.3320298163
-0.336702586
-0.2097693486
-0.2708571829
0.459834639
0.2002677808
-0.6563090622
0.03525356576
1.13591373
-0.298974032
-0.2948581383
-0.2983896598
-0.09867158933
-0.6190844327
-0.2875513487
-0.2423519447
-0.1594837138
-0.2196303918
-0.5354086652
-0.01123081651
-0.0366133091
-0.2039832041
0.2130791813
0.1890413109
-0.771341528
-0.2289231526
-0.3554343522
-0.6730707139
-0.5818683699
0.1409667328
0.09577579871
0.05566475783
-0.09327916354
-0.1467508115
-0.2376283914
-0.6618955761
-0.3035923541
-0.1398550136
-0.2496906947
-0.7759909332
-0.3202967964
-0.3373203097
-0.09193929061
-0.7183095232
-0.0511257492
-0.410055647
-0.2972084925
-0.3694761962
0.3450718932
0.2812501024
1.096893689
-0.0323056018
-0.4508984819
0.1330627115
0.1063724978
-0.07491008285
-0.1816186703
-0.3008101441
-0.1212731145
0.08070108239
0.1095846209
-0.4473764338
-0.3136729591
-0.4897671819
0.2817624129
-0.06376863625
-0.05505965669
-0.4984255284
-0.4918972477
-0.6030013472
-0.3755621456
-0.3882326856
-0.3433316454
-0.06025028732
-0.4634897083
-0.3517028943
-0.4469293743
-0.4988956466
-0.8301016957
-0.2503856961
-0.06644917643
0.04856609264
-0.0609454798
0.3146767948
0.1310531108
-0.7999051362
0.2784164052
-0.3570535913
-0.08451278359
-0.3296183772
-0.3288615644
-0.4617021412
-0.2329121975
-0.03668986429
-0.1817466976
0.7325043529
-0.4000983797
-0.07724415977
-0.5161977738
-0.524511759
0.08233776884
0.1155976256
-0.3405580364
-0.08516342174
-0.3108552329
-0.4512340419
-0.4982987419
-0.1148232339
-0.2710419808
-0.5684916347
0.3522971913
-0.2462503744
-0.1538173901
0.2010073056
0.3924479134
0.4540945053
0.02255264372
-0.008762796223
-0.08321917504
-0.1430359744
-0.5280894712
-0.4055997752
-0.138978214
0.02163347993
0.9646617189
-0.1423089674
-0.1848273359
0.01082709245
0.3151566874
0.2926039329
-0.04152444694
0.2102239672
0.3466217343
-0.1995074837
-0.1155116659
-0.07169532068
0.1247358563
-0.4667090207
0.5087048665
-0.1899860571
-0.2045687971
-0.1007970218
0.2431046791
-0.01635330692
0.1963846825
-0.1132919703
0.7288485229
0.2956844509
-0.0475201007
-0.4350124195
-0.03085262515
0.1086596549
0.5348192856
0.6071836501
0.3559568286
0.2965788059
0.8111921489
-0.2227175442
-0.0955334451
0.1580842918
-0.1865400881
0.2526555235
0.5399275379
0.6815759517
-0.01183273457
0.2373532937
-0.3405092999
-0.4473257214
-0.5832942113
-0.4905260384
0.3314901633
0.04591838811
-0.2225273795
0.01557414625
-0.08185810912
0.4911403354
-0.2994834196
-0.07942511141
0.1731565304
-0.232951472
-0.2835124023
0.1190559942
0.1993374385
0.04340241384
0.3101250984
0.4041519213
0.04492094796
-0.1304030897
-0.1531243879
0.5758410849
-0.06834252877
0.4989953849
0.3082013175
0.06699292995
-0.01871387213
0.9224123791
-0.03479737174
0.4776638117
-0.008526411094
-0.09292990565
0.08998273481
0.4293522131
-0.08518093051
-0.1993710209
0.3547324127
0.8648225844
-0.2144668506
0.09569182703
1.022032338
0.2095154108
-0.2883772399
-0.2038659569
2.086448586
-0.5608827651
0.2347945053
0.7631751284
0.2934421038
1.37076059
0.4638310313
1.266008335
0.1671240786
-0.1643580832
-0.5530031934
0.2260978527
0.1302295838
-0.09054867532
-0.01311899722
0.1064190987
-0.007677523699
-0.3560766798
0.5940618478
-0.4398636907
0.1984015701
0.09900856726
-0.5237137794
-0.4473738894
-0.1373880081
0.1228288816
0.01882769549
0.716802007
-0.4427636102
0.1318663571
-0.1912785783
0.3540984685
-0.09147801036
-0.285355702
-0.3997957759
0.5703936353
0.01036076639
-0.02737135608
0.4649487369
-0.2096610243
-0.6482561558
-0.4011677206
0.7062482938
-0.07397142509
0.2217949418
0.610738045
0.5196754441
0.4195503108
0.1720903974
-0.2948868984
-0.1738843713
-0.1139406178
0.3614693208
-0.05949283876
-0.2018920157
0.2225461062
0.2294035262
-0.4871331081
0.6373473778
0.02510496788
-0.04163420927
0.08717682362
-0.03341114148
-0.255623511
-0.4342656277
-0.3833291598
0.1653686942
0.4188754521
-0.09416927677
-0.3399376683
-0.03348519672
0.323263121
-0.09972834252
0.3263443738
1.091780442
0.4965025673
1.141749403
0.277346326
0.8821577013
0.6671471372
0.4695142703
-0.1249185916
0.3188993568
-0.2645061601
-0.3662937388
-0.1266724449
-0.318144496
-0.3743144341
-0.2183562456
-0.2745506711
-0.2607155787
-0.5278867647
-0.1831928287
-0.1703189897
-0.3819300756
-0.05742984433
-0.3979170993
-0.2452961773
-0.4543785259
-0.1793106399
-0.05440575294
0.03088816078
0.5223678753
-0.2578565642
0.100982919
0.06104745027
0.1260325508
0.2467322543
-0.07695599049
-0.4480094537
-0.2323715579
0.1124777029
0.4917067097
-0.3890197963
-0.4869800374
-0.7058121562
0.2002346709
-0.3470559478
-0.1381703543
-0.3512596505
-0.2857912639
-0.195296165
-0.009698382393
0.1905853494
-0.3169919372
-0.1750493206
0.2227267522
-0.6180620044
-0.2291758943
-0.3376807854
0.002514238469
-0.2322439322
-0.6629029818
-0.2199755821
0.04684764389
0.1763576778
-0.06024273038
0.1060140914
-0.4128312141
-0.5204932302
-0.5806909695
-0.3819434606
0.9744559914
0.2482152723
0.1588012451
-0.1466029278
-0.2417735085
-0.2215520164
-0.1444102347
-0.05448147673
-0.3185396269
-0.1941081028
-0.414972192
-0.2026871875
-0.3671146538
0.7992397696
-0.1759375166
-0.5155615449
-0.1273219159
-0.2931815356
-0.6284193084
-0.3842312545
0.0126327591
0.188412378
-0.1190921046
-0.6366092905
-0.1323297808
0.1323209117
0.04467946459
-0.1669884321
-0.5241599899
0.2180550285
-0.4126299426
-0.2562425744
0.2757685613
0.01686535669
0.0180607466
-0.3372895963
-0.1308641186
-0.1571169065
-0.3157857988
0.02439795788
-0.4616240397
-0.4375803888
-0.6390736341
-0.3570400324
-0.3843516186
-0.3718126014
0.3176987533
0.09719112851
-0.007050373126
-0.02711768299
-0.3588784009
0.6213839419
0.3825698532
0.07346093897
0.09634192428
0.3706459202
-0.09997149073
-0.1990492083
-0.1522171222
-0.4777125657
-0.4333461702
-0.4290362284
-0.01107537365
0.4270862589
-0.3466282748
-0.1833181653
0.08528265618
-0.260137403
-0.2282027703
0.4792323148
-0.5878261179
-0.4745310202
0.7162211061
-0.1485760966
-0.4703223541
-0.4397245437
-0.1134846814
-0.09578501042
0.5493181504
0.00342836827
0.2302393451
-0.3298115104
-0.03018829245
-0.5993980736
0.4592808237
-0.2517968053
0.2413774388
0.07254953198
-0.02590952264
-0.3668580912
0.2646917258
-0.1882194694
-0.2377936859
-0.06539958231
-0.4017908469
0.2621896747
-0.4544496387
-0.4056032583
-0.02144983041
0.8724539563
-0.01690861965
-0.3128154114
0.12141166
0.02368060267
-0.01343126288
0.272353689
0.3121730637
0.02896132506
-0.2479897505
-0.7028709769
-0.2047103636
-0.2194467001
-0.4210249603
0.1041255161
-0.4304429442
-0.1853352873
0.3352552949
-0.1321276923
-0.05563190784
0.4118147211
-0.06447232645
0.1428200976
-0.3146509312
-0.567466116
-0.2082726408
0.0867389909
-0.305455707
0.5318220153
-0.5255057991
-0.3947931074
-0.6345237315
-0.6524746753
0.07520892359
1.346114059
-0.3583742857
-0.01415080773
-0.5110601285
-0.03841625829
-0.01615198948
0.7609400034
-0.400757467
-0.2582464851
0.2525327101
-0.1762801792
-0.5151478156
0.4158554656
0.5983771361
0.1019129012
-0.06569400057
-0.7389896452
-0.4570795268
0.3295760117
-0.1913989509
-0.2936742906
0.8585137919
-0.2141579509
-0.2342797317
-0.1783887148
-0.4896638215
-0.4052243933
-0.3176674269
-0.4286411703
-0.2064446388
-0.4220065042
-0.2777540669
0.1066365253
-0.6297547996
-0.880366239
-0.07135583991
-0.3091704562
-0.1048548643
-0.3283024572
-0.2671717741
-0.2274199981
-0.1499190817
-0.3270172916
-0.164516883
-0.17190875
-0.4206081212
1.2251863
-0.3058528647
-0.2278568491
0.4693497062
0.5527523208
0.2540317375
-0.1930581382
-0.3337172721
-0.3551953589
-0.5688265935
-0.2470249079
-0.1568695307
-0.6373520702
-0.2066546053
-0.3555003569
-0.2299074918
-0.1146557853
-0.5724057734
-0.4146903798
-0.1763956439
-0.6022669569
-0.503152591
-0.1035108207
-0.3454865776
-0.1477100287
-0.517978555
0.06156941876
0.3812266454
-0.3431185074
-0.3221816437
-0.617046304
-0.3972580373
-0.5630545944
-0.3562182814
-0.4548193567
-0.1079415094
0.04509250019
-0.4369558707
0.3172685292
0.2282282852
-0.4186521783
-0.1585457413
0.1423728425
0.08973886892
-0.4075745143
0.001743998379
0.04817175046
-0.3495063886
0.0616152849
-0.09144289233
-0.4272800148
-0.1467309678
0.03009425532
-0.1746138481
0.2788307527
-0.4022320338
-0.6706077605
0.05387177686
-0.012330491
0.3000116946
0.16905395
-0.3035566043
0.1880357459
-0.05516960593
-0.288362183
-0.009655186161
0.04031539429
0.401088791
0.9429733008
-0.153893301
-0.3422977522
-0.5284774631
-0.2910830274
-0.2203204552
-0.1675869397
0.5921403244
-0.418919114
0.1320031599
0.07715293551
-0.08965487909
1.584012523
-0.4822513655
1.021350431
-0.383444111
0.2163662206
-0.1455057168
-0.3285344698
-0.2284754675
0.1574225402
-0.08034648523
-0.1217231732
-0.2952323079
-0.1700176567
-0.1186000053
0.02086659656
-0.6726785541
0.2887501808
-0.7193924829
-0.07382157445
0.1320564959
-0.3300229326
-0.6374374315
-0.2332122866
0.4350242387
0.07404519059
-0.09439152032
-0.2428286523
-0.3861765794
-0.5204242826
0.01912210807
-0.01126832925
-0.2954625841
0.04578798939
-0.1234373329
0.4090047672
-0.449295333
0.1124203831
0.1883158932
0.06165253147
-0.4232444391
-0.4272959657
0.7099399894
-0.1941088919
-0.5167949364
-0.1326018445
-0.2454159702
0.2565831801
0.001563207246
-0.5455177255
-0.22268188
-0.6989496261
-0.4417600483
-0.410872696
-0.1310033681
-0.4579048485
0.9918139219
-0.1746212788
-0.3407713152
0.218303784
-0.6316706225
-0.3382743549
-0.1532578185
-0.4077972122
-0.2911890469
0.479379946
-0.01799431611
0.5515889406
-0.2032612123
-0.1525194694
-0.2339241829
-0.2219971837
0.02700346746
-0.527916187
-0.1249789361
0.09170566574
-0.2860551696
-0.07048649378
-0.3634370863
-0.1352973212
-0.1532255718
1.563836712
0.6607760735
0.02995377537
-0.2532099331
-0.4261524312
-0.6170829326
0.08882423555
-0.5420259148
-0.2357411142
-0.1581530584
-0.1198962208
0.178664902
-0.2814421624
-0.3534694865
0.5790229699
0.1071577054
-0.07114323527
-0.02111970205
-0.02755566128
-0.1258679433
0.4872295558
1.017828113
0.2912091915
0.8008642763
0.01910730274
1.168397717
0.3723840943
-0.3695219405
0.3154951546
-0.3994176038
-0.2386104424
1.155210635
-0.1255008174
0.01349446364
-0.1076290825
0.625777705
0.461647116
-0.4707507879
0.5162595749
-0.266860117
-0.1287603481
-0.3127724608
-0.04291321188
-0.551772356
0.2774757452
-0.4170385271
-0.09965566229
-0.2038824596
0.005865021609
0.17444735
-0.0291293148
0.0808172401
0.2577267125
-0.00219692681
0.0008126005996
0.3681513108
0.1999133933
0.167467346
-0.0773717802
-0.0487179568
-0.01634837054
1.2947918
0.08545788173
0.602056542
0.1001132073
0.06371067427
0.448664584
0.6116705418
-0.3226079717
-0.3241767094
-0.2860087298
0.1090866569
1.118579683
-0.4384371743
-0.3434531093
-0.1807508383
0.4717179112
-0.251714088
-0.2686221041
0.3351498114
-0.09241400175
-0.1962440342
0.4655070174
0.6794704922
0.320754607
0.277202601
-0.3453096345
-0.283086282
0.1086090324
-0.3451769665
0.1535561625
0.08792227758
0.6320403233
-0.1140722141
0.1960901876
0.2568837805
-0.2628849972
0.4850272074
-0.02045754604
0.5415723138
-0.1609168638
-0.6517637208
0.07713514846
-0.1819610929
0.02429043073
0.8958905607
-0.1330086865
0.2936679609
-0.102666004
0.3086174805
0.1857638333
0.1154507821
0.2770532314
0.1229691822
0.4177627079
0.2273827054
-0.05452860221
0.9137765884
0.09345134255
-0.1597158125
0.2761445059
0.2580536483
-0.01177025726
1.460549015
0.3190960731
0.2050736554
-0.05054940302
-0.2239195297
-0.08374281153
1.148679256
-0.1739643116
-0.7036797896
0.01403834615
0.06624003872
0.2067473132
-0.4458745211
0.439631555
-0.1652707662
-0.3309918679
0.2301808603
0.09875901327
-0.3496509694
-0.2743898965
0.2343460785
-0.7618267953
-0.2728722632
0.0342270229
-0.3390956596
0.4609568641
-0.5215301484
-0.1710423674
-0.1422115128
-0.282373333
-0.03885639384
-0.5181460872
0.2116142003
-0.2984590508
-0.09445072468
-0.07309204899
-0.3396415547
-0.04857987999
-0.2651264518
-0.1661870642
-0.1833478613
-0.265241307
-0.6511073977
-0.3626527153
0.261007124
0.1255249288
-0.08430717317
-0.275443992
-0.5114220679
0.2425015006
-0.2016972113
-0.4086914949
0.4142146315
-0.2914297454
0.2287287496
0.04930804651
-0.03830159232
-0.2989929579
0.7580664679
0.3311130024
-0.0860603841
-0.512001583
0.009095868655
0.354149849
-0.2001336174
0.1051827744
-0.264778802
0.6906072497
0.6368288882
0.167893577
0.1485991683
-0.1426050879
0.05493710395
0.9496044457
-0.1448953886
-0.3777541496
0.3455833521
-0.1048314612
-0.04382019974
-0.01137122172
0.1094153266
1.352589861
0.7141914472
0.04319204637
0.3834053015
0.2280984022
0.03897139523
0.03566167615
-0.05215959474
0.184168664
0.2289659523
-0.1321297616
-0.02052488644
-0.5629665866
-0.01436285265
0.1114536101
-0.1162711903
0.5967842102
0.3241820561
-0.4057352349
0.08535576556
0.1151244624
0.225235372
0.2930774931
0.7954660952
0.02997400369
0.1050669961
0.06585273487
0.1092664331
0.09656321574
0.3669031126
1.136672482
0.2973542541
0.1042722933
-0.008989520371
1.284758165
-0.350793362
-0.0492240563
-0.1181966281
0.3593092302
-0.4937707663
-0.04419465624
-0.06649393858
0.457013008
-0.05911486484
0.1893105693
0.3632899983
-0.2093717026
0.2601508769
0.3306389216
0.05875440091
0.3638867058
0.9331466556
0.7765585274
0.002769198641
-0.616751951
-0.07282882826
-0.5559868529
0.2567968711
-0.1606368417
0.2789999534
-0.2136060277
-0.05898333844
1.228361302
-0.377317626
-0.6414863959
-0.357780543
0.2493287088
-0.289664299
-0.1174482061
-0.417781499
0.1510214491
-0.04348800443
0.09616738749
-0.3230797835
0.1088693776
-0.02816536315
0.5499572165
-0.02852406632
-0.2686469816
-0.2254715808
0.4084095262
-0.01363536231
0.5498623937
-0.240431967
-0.08525830265
-0.2066412013
-0.08767032977
0.2318667043
0.268781504
0.7028783485
-0.3278840192
0.08451952711
0.5908687741
-0.01087147305
1.282136896
-0.2317040987
-0.3017339613
0.2246018823
-0.2678932097
-0.08322098218
0.05374539774
-0.3732727416
0.5438024253
-0.3585967965
-0.354657045
0.06291743293
-0.1838250063
-0.07347105797
0.2822174553
0.1896657016
0.3165144349
0.09639873002
-0.1609254505
-0.03077448192
0.4941268317
0.02889227802
-0.0245851595
-0.2698759504
0.7772980809
-0.3744788608
-0.4188228317
-0.1055720396
0.5237303987
-0.4016832098
-0.03180118501
0.3490340017
-0.3078812584
0.2335738378
0.4493507691
-0.04229793986
0.09925894514
0.4963897035
-0.03515710682
-0.3418692857
-0.1257509159
0.2266682157
0.6065146267
-0.4225870907
-0.1571999881
0.6287900619
0.05276358053
-0.314452856
0.02455786597
-0.3724748775
-0.0003423094749
-0.2947504759
0.2439460814
-0.2836160958
0.1476860613
0.1896371171
0.563685815
0.06624270771
0.05772107504
0.1157236505
0.2278406164
0.2076252186
0.08982411907
0.9212954462
-0.09753527958
0.3057178151
-0.03557943795
-0.00162577536
0.1756017774
0.7488430709
-0.1420594893
0.5478082001
-0.08397635035
0.1320825366
0.3438839819
-0.5713312402
0.9262887746
-0.01892981064
0.1506332487
0.09071544707
-0.3261673011
1.336878598
0.4508356184
0.249730262
0.9334468991
0.2141219452
0.1508170944
0.6409487322
-0.06000069678
0.1998513667
0.774493894
0.2325153528
0.04108688021
-0.1974081974
0.00912344344
1.048416254
0.1047697345
0.0373409057
0.5625945173
1.185022432
0.9276309997
0.3333746649
1.166916347
0.3011007707
0.373850875
0.8328775629
-0.1278845742
0.6254119076
-0.191920092
1.245176598
-0.2023403881
-0.27409909
0.3766294397
0.5111103617
-0.2699148118
-0.2094851509
0.1653155424
0.7441110015
0.1684658391
0.8748913258
1.015605111
0.02610767297
1.476686922
0.01431579427
0.1153362306
0.2360296403
0.2417195875
-0.09745664075
-0.05768125895
-0.2651766866
0.07438324466
-0.2295163564
-0.3090754807
-0.167160677
0.7774097718
0.3052832486
0.3287304297
0.2980992086
-0.04704871066
0.01621399438
0.1550140373
0.7371674776
-0.4131696418
0.1557950454
-0.008649861254
-0.1524856739
0.1817674804
0.09454287551
0.6210239232
0.1868436858
-0.180618228
-0.4140807509
0.3007570243
0.7307528272
-0.5201097637
-0.1117778283
-0.36138345
0.1847208378
0.7350076199
-0.4576167166
0.5610584676
1.400140482
1.69361217
-0.1810478572
-0.1148812114
0.6621881038
0.8594324008
0.6939784378
0.1340242241
0.1203392277
-0.21055291
0.1643265637
1.132657394
-0.04544597603
1.405116549
0.5906055421
0.5458847113
0.006683577318
0.6375103205
0.216073125
-0.2559671097
1.088943952
1.375963169
0.5478171609
0.2695114955
-0.3047284193
-0.3190498993
-0.06021277066
0.7228312552
-0.4179997623
0.2733557859
0.4848133974
-0.1864176091
-0.4361440122
0.1265209174
0.1539275441
0.09349738788
-0.2304697227
0.339926783
0.5928546995
0.1108862589
-0.06420775391
-0.4962070554
-0.179294391
0.02719406635
0.0378517624
-0.1955417931
0.005957368016
-0.4453583851
-0.2512270525
-0.4804966748
-0.3051499128
-0.5825501904
-0.02021094225
-0.2551909804
0.3955361947
-0.3316467315
-0.09562039133
-0.3058608912
0.9120192558
0.3116555779
-0.1997535624
-0.2084887009
0.3174031669
-0.3319380432
-0.2154612031
0.535025949
0.2410458712
1.005257103
-0.1704312006
-0.11871038
0.1582486285
-0.1149231194
-0.1700900951
0.6352850854
0.7335415423
0.1199274637
0.2637432763
0.3678714886
0.1984774484
0.4404876323
1.143218595
0.1770703487
0.07429799507
1.088823777
0.3368685199
0.5017433889
-0.01098867413
1.100305313
0.6624090359
0.9840543926
-0.1371887017
0.3538317181
-0.4154966265
-0.07838412151
-0.4376499459
0.7939696938
0.0005947088823
-0.02493691519
-0.375655894
0.9901416123
0.05948779844
-0.2667752624
-0.1524818055
0.10498426
0.4951635025
0.4690237559
-0.1523562679
0.07203392731
0.05022137659
0.6103828289
0.2703550724
-0.4984104604
-0.08644896653
-0.5248010516
0.1445739793
0.7363150224
-0.05763812624
-0.07652566172
-0.3950617321
-0.6483546153
-0.1243463781
-0.2017748324
0.1872806255
-0.4795023754
-0.4907916814
-0.4840154544
-0.4373071119
-0.3300538421
1.101381877
-0.05552908313
0.4682783209
-0.007558796369
-0.1385701729
1.068403643
0.7029791117
1.628838545
-0.3006904129
0.3236828251
-0.09353383705
0.7465029523
-0.1136540456
0.07149908971
-0.2508307546
-0.6184564054
-0.4689598352
0.5566432424
0.3617463075
-0.5696682215
-0.1791076995
0.4333660487
0.6669840485
-0.3617770955
0.6104287438
-0.3394061048
0.3641897213
-0.06423671292
-0.2357870363
-0.4348540246
-0.1233526669
-0.2036517419
-0.1251688352
0.2657747211
0.02992379665
0.02923861444
-0.436765033
0.1549926692
-0.3763661653
-0.4577810392
-0.203232187
0.4296180453
0.2390824352
0.05966544212
-0.1829638097
0.5113369517
1.403120774
-0.08851784449
0.02494086642
-0.1938109037
1.401612893
0.4863229103
0.1320034657
0.2039280503
-0.3988000661
0.3289049495
-0.3291103378
0.3940236077
-0.5652651861
-0.3898297496
-0.4011172175
-0.2216978364
-0.1576200826
-0.4015506014
-0.3785945445
-0.617904222
0.1315008344
-0.2317728829
-0.463144742
-0.2016164012
0.0478406426
0.01986497641
-0.04078050219
-0.05425941981
0.7100000191
0.1372840011
0.1553024411
0.4768293053
0.06104854755
-0.4510215089
-0.3171665631
0.01523578577
0.555540365
-0.4788266852
-0.08786168322
-0.3525406621
0.05124540925
-0.1092388518
0.2556580031
-0.05431062002
0.2516588853
0.9442872316
0.03548373599
0.4866145723
0.09031908512
0.3523781877
0.1968137398
0.5971138999
0.666985172
0.5546913527
0.1637224108
0.6913813688
0.2101455567
-0.1337621968
-0.2951476038
-0.1366841957
0.4690472446
0.1412216962
-0.2891199276
0.1617590617
-0.1630562082
0.08887985032
-0.5051742181
0.5450364187
0.3432836048
0.6193663662
1.121635258
0.8686087504
-0.2456839602
0.6434344485
-0.1795927083
0.2100263777
-0.6250432685
-0.1859953057
-0.1043944016
0.1184132811
-0.1151522582
0.2732715402
0.2434155559
0.3095609389
0.2822380476
0.1624822985
-0.2010979783
-0.166056446
-0.09214021154
-0.233470962
0.4857850283
0.4558571234
-0.06005554423
0.8104586661
-0.07955400273
0.1832779234
0.1401770934
0.4773339342
1.092033398
-0.1488786082
-0.2491057588
-0.2187523335
-0.1250625096
-0.1230617594
-0.1799309719
-0.2456071563
-0.377507928
-0.2396338005
-0.06727027614
-0.2725848019
-0.4415034115
0.5655653857
-0.210915615
0.0912172351
1.011878288
-0.1370694079
-0.1300669454
-0.006081673503
0.2741197336
0.2685761675
0.4626991123
-0.1126044225
-0.3006981835
0.5888569586
-0.04116168432
-0.09759667292
-0.5004541367
0.598460792
0.200561437
-0.04675455354
0.3317993766
0.9802960962
0.08237648718
0.3400107078
0.07123236842
-0.4348635346
0.9931304127
0.4951341093
1.210495982
0.6813340098
0.3449594446
0.7803373948
-0.08445798829
0.151766107
0.600833904
0.3771993808
-0.07359011602
-0.03335088026
-0.018573375
-0.1146638088
0.473537717
0.2815216344
0.8262714773
-0.398406253
-0.3029868662
0.1827599408
-0.07212649193
1.530212003
0.8842773139
0.569964242
-0.5041457176
0.1978395291
1.417234898
0.1095974411
0.2713203829
0.07335086558
-0.05028545409
-0.2041419463
0.1855574816
-0.08141720295
0.2295198983
-0.2451803025
0.06923853997
1.352123937
-0.3104056023
0.2563640926
-0.03659235537
0.07163330391
-0.1066539641
-0.05227535591
0.06489869338
-0.007401283039
-0.2417248771
-0.1529878184
0.5639772728
0.6618898377
1.659111029
-0.2150450476
1.084756065
0.4970439475
-0.729479301
0.2941381967
-0.03905137479
0.4102241769
-0.2633797295
0.4362769373
0.1433059197
0.8908115745
0.05526483413
0.0727133451
-0.03624230027
0.001576443762
-0.2458634935
-0.05983506087
-0.1920164185
0.2290703245
-0.2594934553
0.4814117931
-0.05929595865
0.2866565658
0.1195473697
0.3626686808
-0.2280395798
1.019232503
1.070669171
0.3475418804
0.3117414847
-0.002114249021
0.3991724208
0.8437967688
-0.03678908832
1.704894906
-0.223846592
1.700942445
0.1594579218
0.3954454921
0.2713403458
1.498223066
0.3918670114
0.7897980601
1.11712659
0.3332946509
0.6530861776
0.1580444127
0.2369018942
-0.4132543117
0.455127532
0.4242695346
-0.1087577103
0.1993901508
-0.0913044258
-0.06070117857
0.7369405895
0.1798400579
0.6419624522
0.4621069118
0.8737142622
0.3889172647
0.7353125334
0.629980205
0.5583000477
0.3265957061
0.6944208354
0.1644084917
1.023309124
0.7437058657
-0.3201823575
0.3158218302
0.1912114345
0.2698957831
1.890945578
-0.06035229713
0.2752508147
0.2260411236
0.05314934272
1.296537024
0.5161327735
1.324640039
1.185362631
0.05831468627
0.12762096
-0.0771511687
0.1006971624
0.2051192557
-0.3616091281
0.02458161954
-0.5678517342
-0.4115056157
0.3426260324
0.3243835011
-0.1941742887
0.0354503233
-0.09192847367
-0.07253528936
1.001309967
0.04778943425
0.276431729
-0.2644926921
-0.1329505756
0.1824089978
-0.2363126103
-0.2609108103
0.0711283505
-0.06328251725
-0.05223207865
0.7406004772
-0.1516195908
-0.1153140442
0.1811335638
-0.07241553646
0.01622634325
-0.1510762665
1.461719835
-0.1641732586
-0.0939611841
0.3822677307
0.1107341718
-0.04334179312
-0.502503249
-0.0590969868
-0.2219842438
0.247149229
-0.1693055421
0.08558756318
-0.03932005037
0.2660031499
0.01343038455
-0.02956330469
0.04850346278
-0.007950329781
-0.4811281726
-0.355561313
0.1242282109
0.4243705124
0.0915885373
-0.3408224776
2.137498868
0.6453634754
-0.527493012
-0.03376905303
-0.2735538367
-0.3996970221
-0.5281928256
-0.1004971106
-0.1478864718
0.1249213831
0.4628293023
0.471217458
0.4655590042
0.03133501112
-0.2320003435
-0.02933960594
-0.2751253627
0.009311567806
-0.05270006862
0.1230652142
-0.5114868969
-0.03509430122
-0.2427410087
-0.1969195146
0.07111361288
-0.1164104305
0.1198710681
0.7309088096
0.7882824644
0.07320988346
0.2574831763
-0.29860765
0.3360056737
-0.1797125276
0.01737065185
1.163265845
0.2489112383
-0.3615003154
0.03253822438
-0.7857328489
-0.2513070367
-0.2392850548
0.2438211046
-0.1807368964
0.5631874293
-0.1098502221
-0.05503343134
-0.2432299435
-0.2797417346
-0.1718677346
-0.1434199767
-0.3858257651
-0.1038462978
-0.1763991181
-0.2514906034
-0.08749323371
-0.4885754615
-0.3836780459
-0.4308983102
-0.1149469987
-0.3302259192
-0.4416232422
-0.05189947896
0.004359191284
-0.001156086475
-0.2273336804
-0.4801596195
0.1866304122
-0.09219329092
0.07166773533
-0.6108418807
-0.1705382772
0.4986170582
-0.001697189361
0.02765220385
-0.0370252816
0.1522763536
0.1826109421
0.2974398654
0.2645384517
0.4262141839
-0.2663706578
0.819465825
0.2455383066
0.3763187662
0.3972071283
0.06548212916
1.092126226
0.1284566691
0.2058500573
1.203772473
0.11184077
0.8948546067
0.08322451455
0.9051403344
0.1066753719
0.3224881645
0.1384940378
0.3487230964
1.410653386
-0.3454333767
0.1604883071
0.2334969958
0.1057390506
0.8511837617
0.4344979569
0.07615061626
0.699810534
0.2847968025
0.5082494877
0.05952706467
0.8519167185
0.2116709588
-0.1738486852
0.8561764687
0.1862892279
1.036020043
1.287867117
0.1485428199
0.2138534576
0.2304611422
-0.2328343131
-0.2593837649
0.1144395184
0.1763592623
0.3092669724
0.1831743021
0.350291555
0.7743049964
0.1606033614
0.9734859079
0.4802266607
0.451134479
-0.417936226
0.07830467373
0.3578248527
-0.1894589934
-0.280647409
0.2498866456
-0.6118090332
-0.03010140746
0.3987222075
-0.2741871029
-0.2027160861
0.004662848823
0.1853296506
-0.1776903749
-0.00898920428
0.2022540912
0.1211911269
0.7835760206
-0.1019122167
-0.05024930593
0.4785842128
0.06058766153
-0.03653854225
0.006122790463
0.8253948689
0.1830773871
0.5811703071
0.299646135
0.2587116878
-0.1729727447
0.1056063814
0.4516233064
-0.3404408291
0.160327242
0.3478485286
-0.2494437255
-0.2611599237
0.7045966703
0.4114879724
0.1146193601
0.589127906
0.4656783506
0.05749819521
0.7430875957
-0.1003959714
0.09325977406
0.1982871376
0.2118673014
0.02796499087
0.2749475028
0.3628276683
-0.4605858937
0.08371542133
0.313170612
0.2021746856
0.4860733509
-0.1155701876
-0.3256192103
-0.2359014884
-0.3756735422
0.7239954069
0.1381810956
0.27746036
0.3382403009
1.156556183
-0.1211871939
0.3557558279
-0.4956071958
1.010198113
1.124233922
1.155674767
0.0511325473
-0.2410389345
-0.294064948
0.07118757665
0.04195389263
-0.2633090205
-0.2783245593
0.2886412684
-0.03403817192
0.06940426067
-0.115768297
-0.6184618786
-0.4183269352
0.6454803348
0.09431621544
0.2541820744
0.7446572542
-0.3426432677
0.664716544
-0.4214750513
0.002228025906
0.6964941427
-0.4104897536
0.02816698821
-0.1886067498
-0.2688060164
0.1679983586
-0.3946291223
-0.5440994449
0.1129642438
0.9715178251
-0.02938153706
-0.5918727234
-0.1938856823
0.584682329
-0.1167866156
0.2357067248
-0.05786266793
0.158369157
0.7166430637
0.142152147
0.3772382088
-0.1945402607
-0.06129587144
0.360194562
0.6176973745
1.071914282
-0.7111587122
-0.1047641402
0.1373470416
-0.104996598
1.461164135
1.392229199
0.2482421003
0.3443426624
0.8738651872
-0.08684049733
-0.1104163639
0.6872606158
0.6351776309
-0.3291992832
1.262880149
0.02323817536
0.470969566
0.03977789953
-0.2396546993
-0.09931947715
0.6766815215
0.4744374732
0.7189669341
0.002776247635
0.06690297369
0.2341319388
-0.05271694921
0.6600429773
0.9051087201
0.5897522245
0.1525088908
0.7856868736
0.05550612472
0.4614157014
2.041831458
0.3238516308
-0.04416839145
0.540904054
0.3040788919
0.01401555827
-0.2908674303
-0.5174162209
-0.07471845616
-0.4522672132
1.154225042
0.3470551386
-0.05803064499
-0.4604899883
-0.5946992427
0.0665381724
-0.0908476322
0.2194211771
-0.04745648801
-0.4258120388
-0.08402995244
-0.09383424297
-0.2437301084
-0.03999435827
-0.4047675654
-0.2260293365
-0.05036004949
-0.5380838513
-0.7153098702
0.184105573
-0.3793645099
0.117136995
0.04530183654
-0.06375077777
-0.07755303569
-0.08765767403
0.6197433919
-0.3400422692
0.1434253871
-0.02457851134
-0.1420199228
-0.02051843815
0.4901425341
0.261609887
0.8045756817
-0.0644674018
-0.1633422177
-0.433982455
0.2676798869
-0.5263258845
-0.5757276967
-0.1602592282
0.2430331467
0.2549818955
0.2634982962
0.06503796112
-0.2887523241
0.195658261
0.204027047
0.1867811931
0.02242862247
-0.1498877244
0.6008480914
-0.3056854285
-0.3041592792
-0.2477621183
-0.387940193
0.03035794855
-0.1712345023
-0.3704169184
0.132165104
-0.4603830501
-0.02456850577
0.07984178457
0.1528438184
0.2235541549
-0.3393125504
0.2081513629
-0.2055698946
-0.3134668417
-0.04396405574
-0.5163918525
-0.2649913616
0.1583430916
0.4056885801
-0.4462161958
-0.5063051298
0.1122431001
0.1798236227
0.01374474131
-0.1660922393
0.02902346961
0.171721008
-0.3732425928
-0.4288712665
-0.1223790227
-0.4138373211
0.2410432236
-0.09295056686
-0.06731203813
-0.3700431705
0.1174266122
0.4213107549
1.138874438
-0.05359119494
-0.3611486942
0.2234173538
-0.1850919072
0.1530368296
-0.2480788134
0.1230442262
-0.1762717038
-0.2247855168
0.02310193367
0.2081191802
-0.0589619156
-0.1475199037
-0.1813621422
-0.06627020743
-0.2126613066
0.05482734069
-0.1015578816
-0.02910692245
0.2509114351
1.03007485
0.6145853758
-0.5943650976
-0.2619005702
0.06718471395
-0.3512566313
-0.2336620774
0.8733822435
0.2409290917
-0.007596875168
-0.179334308
0.08905841988
-0.2569851957
0.01578517817
0.3466994923
-0.1410762755
-0.07298990376
0.259166367
-0.4741911717
0.0254209986
-0.3465145685
0.3096489009
-0.662423794
-0.169023223
0.1405639108
0.5029310018
0.2152594235
-0.1150874663
2.135553277
-0.2720466554
-0.3900137171
-0.1092035757
0.7717697069
0.2904945422
0.2702375609
0.1936437821
1.207085851
0.4546609506
0.1301499057
0.04391595265
0.2807225306
0.0795206327
0.7225457728
0.1356337119
0.2272929747
-0.2220840059
0.04848807808
0.5582580313
-0.0447817944
0.3857012071
-0.1489636865
-0.158231202
0.3306822315
0.4326625846
-0.1838126648
-0.3870935634
-0.5445778385
0.1648302833
-0.3759413034
-0.3004954107
-0.292477607
-0.2926570326
0.2771047942
0.3871815034
0.02447355669
0.7014811069
0.1329883011
0.1621033457
0.2078148285
0.4565776713
0.04022801928
-0.1501145432
0.440375147
-0.006360206194
0.1541816359
0.4428237475
-0.01114090569
-0.1889199108
0.6428044081
0.1072824826
0.3031709533
1.076215747
0.9353895426
0.08262157841
0.3594883714
0.4980886986
0.8243161112
0.1559725568
0.9681194425
0.5525217369
0.1251114257
-0.3005458742
0.4449197207
-0.02222230919
0.08870115988
0.3527872805
0.1519540098
0.267798553
0.5324911997
0.6814361237
-0.3345730469
0.7860645488
-0.09764697771
0.2359020151
1.281096265
0.3245230678
0.5179639265
0.1269728018
0.4137923982
0.3917190142
-0.2968148369
1.145610335
-0.2132999282
0.1669125097
-0.1730907761
1.00422971
0.2645961026
0.06450792821
-0.07339445199
0.4106952056
0.4917701952
-0.6066790596
0.3192417203
-0.1696138063
0.1361870449
0.01196110342
-0.3085235447
-0.1407186544
0.006959945057
0.1493090408
0.1763229035
-0.05303861387
-0.2941521838
0.007010308467
0.9443646282
0.1086275123
0.9131369472
0.02823931575
0.6421942346
0.6829158068
-0.2139788587
1.192518499
0.3700921334
0.01767674852
0.1449098485
0.6243928269
0.855122678
0.4953578923
0.912449035
1.09263005
0.1822146282
-0.02959381244
-0.111835471
1.072517058
-0.01705237888
0.14962356
1.064256012
0.5538155839
0.987428534
0.4248335965
0.5363146544
0.7578153364
0.192789445
0.588357155
-0.1190957513
0.2392074969
0.5411812864
0.3573070958
0.6031543389
0.5690167706
1.12681514
1.350353521
0.09077631235
0.1368054168
0.6930923954
0.00383934211
0.6065018684
0.8356918156
0.7751553968
0.2526267199
0.7240317315
0.949774009
0.6917371169
0.8164432049
0.7871117353
0.714248921
0.8591689393
0.07210229635
0.4362195114
0.4527441399
1.102510703
1.837990117
-0.3725346766
0.6672755769
0.4283159539
-0.07146747783
0.3311278433
0.5882009745
-0.06625766763
-0.3173483133
-0.04534373544
-0.2329368114
-0.3040465131
0.0260742683
0.949436307
0.4169771235
-0.2363318853
0.144703751
-0.4573865078
-0.3133512333
0.3114659179
0.2555769447
-0.5136138976
0.3798053121
-0.002505741641
0.01058392767
0.4383410409
0.2137528526
-0.3728256568
0.564771983
0.2452323219
0.4109612096
-0.2985046051
0.607818982
0.2429926842
-0.03350078072
-0.1137163723
-0.341274409
-0.555469273
-0.3629928023
0.6988307565
0.723529923
0.409853518
0.8834018022
0.2634542383
0.06505625341
0.01375990137
-0.3646877453
0.3626745239
0.1801759487
0.3220430456
-0.145096275
1.050027576
-0.09458194487
0.3360202312
0.5252734713
-0.2504356705
0.9776526362
-0.5378150091
0.04596601427
0.1912733147
0.1939247718
0.6203228399
-0.08006355744
0.5099246915
0.2944085456
0.06454631314
0.3818980057
1.48776913
-0.03585222345
-0.4388089433
-0.1794457976
0.5025819831
0.2947554335
0.1661700158
0.5567184605
1.539390773
1.047983012
-0.01686937585
0.7535891805
0.7110930309
1.267178634
-0.08120502587
0.4489715289
0.1290144958
1.02406858
-0.2995417632
1.364600223
-0.09678621516
0.06304825637
0.3231269515
0.1811409828
-0.5915979117
-0.2846707985
-0.1368800674
-0.1644892253
0.164376021
1.514910519
-0.2461857665
0.04474121537
-0.02852681447
0.4294062417
0.1270220269
-0.363376531
-0.3972088143
-0.2372555438
-0.3149117805
-0.4397438258
-0.0648145223
-0.09776407778
1.425449622
-0.09078614414
0.007027249318
-0.2849387232
0.7475818247
-0.08647264829
-0.2312140375
-0.1239247728
-0.2752470262
-0.05815694034
-0.02903482448
0.6180528462
0.5003772955
-0.1511050485
-0.01441915771
0.1800090689
0.0120731201
-0.2147392489
0.009701766912
0.7646775231
0.3345444091
0.2265665157
1.610064185
0.3111741353
0.2400415879
-0.3891065165
-0.1089238573
0.8369216934
0.04840296251
0.8214659542
0.5187436506
0.136109776
0.6410437629
-0.09194718543
0.2540367734
-0.1660442166
0.3606275052
1.200058186
0.4838357046
0.9826352745
0.4825288737
0.584530865
0.3311539775
1.409842116
0.1480946785
0.2995749428
0.6575855024
-0.02437587418
-0.1290599123
0.354117484
0.08547360431
0.04909622297
-0.04347159546
0.1776599628
0.009686272591
0.5661769301
0.7159351975
0.4379267715
-0.1139542572
2.247465163
0.387316177
-0.2612429563
-0.3398279823
0.4897242494
-0.09288816452
0.01604120191
0.07030796483
-0.03927793819
-0.2285427384
0.4339704668
0.245903524
0.06423649332
0.1897194494
-0.1213893289
1.592292506
0.290360263
0.602130641
-0.4748917997
-0.4693329528
1.047864562
0.59766801
1.142585468
-0.1623652883
0.4021618553
-0.4589641005
1.254806533
0.7685061932
-0.2411523685
0.1371939922
-0.2746740872
-0.3768482894
-0.4253271902
0.1866504455
-0.2287258878
0.09291867209
0.1003055133
0.7291833073
0.3430825315
0.4261562224
-0.07840352748
0.4027643897
0.01527027879
1.569000906
1.116147941
0.03158101998
0.3817351617
0.4001043358
0.5756754505
-0.1039386056
0.05105439927
0.5568930067
0.5038320966
0.7805080384
0.4055026719
0.6641062781
-0.292806768
1.061762685
0.5351026669
-0.003815120459
1.291007897
0.6820062965
0.8245858997
0.6614854328
-0.01608642843
0.09264617711
-0.183985886
0.8816392466
0.04667696208
0.6433505684
-0.1079086019
0.2812717544
1.182404935
-0.3876875862
0.3247547109
0.3490022369
0.6380842745
0.2370244469
-0.1052214907
1.296534437
0.8038774356
0.5575680345
1.07451953
0.2633504726
-0.1613451935
0.4071112625
0.6840264022
-0.2632210128
-0.4970630288
-0.2769738644
-0.3221625373
0.4842998706
0.245890826
-0.04206092674
-0.05484468006
0.0226326555
1.412889659
0.2480237782
0.4199330978
0.3400379593
0.6482335862
-0.1532839226
0.4528878324
-0.4156255201
-0.1976550713
0.452044927
0.4626465864
0.04743566765
-0.1431994539
0.2533943109
0.8195441991
0.4874598933
-0.2539494753
-0.5302410141
0.5350085467
0.2280434168
-0.5459998906
-0.4471261449
0.5638029635
0.5432598323
-0.05562829413
0.05618888587
-0.105689686
0.3183636324
-0.006990753859
-0.02955582682
0.1170208361
0.4264554441
0.6987430379
-0.08443763033
-0.2376161439
0.1849582655
-0.134196911
-0.03941710368
0.570204889
0.612557169
0.6102270084
0.01700117085
-0.6318879351
1.593705034
0.0405006174
0.5065002706
0.9050956294
0.3505858619
0.6763873979
0.3822141513
-0.1037781179
0.9881063759
1.775105953
-0.2011037596
-0.07382086273
-0.05048269462
0.3295946777
0.6278338388
1.150806189
0.6151083954
1.155842489
1.24468475
0.6860871945
-0.02961229645
-0.2901736587
1.088853252
0.532021752
0.009245620109
0.5970616035
2.187047774
1.925021195
-0.1929516632
0.04187670317
-0.3482107043
-0.5501245573
-0.3174512178
-0.243745935
-0.4472767219
-0.5974322766
0.3005437031
1.003966504
0.6568418533
-0.04667880232
0.2339406416
-0.4029759899
-0.1652557414
-0.2177644266
-0.1828927432
0.7026515439
-0.03799187988
0.06814536657
-0.3128513955
0.1192758542
-0.3349956065
-0.4653210282
-0.6316473499
-0.3180936761
-0.1293558165
0.1046633748
-0.451054582
-0.5177137464
-0.3475871786
0.1229490962
-0.3040464841
0.2341658603
-0.2414644483
-0.08879720028
0.5052021496
-0.2599752828
0.07116026524
-0.3104958154
0.181751102
0.4647690508
0.2759762598
-0.4734817177
0.4896964937
-0.247931806
-0.04255399052
0.3642420824
-0.1072456667
-0.2141802883
0.1097908158
-0.01261501517
0.1106265277
0.1291070528
0.1058344196
0.7525120705
0.1038242247
-0.03195507694
-0.2245533116
0.6096222654
-0.1825186852
-0.2125940859
0.3737007875
-0.01590485233
0.1575552076
0.03884160542
0.4926553404
-0.274215588
0.8754329234
-0.415998137
0.3648505739
0.2917322472
-0.2329862464
0.2907597009
-0.273906742
0.1000922346
-0.1215546576
-0.0794998819
-0.3023086034
-0.2382213414
-0.3106190793
0.08634942342
-0.3318747785
0.3235839128
0.5910744861
0.7922167659
0.0447728985
-0.6383373514
-0.343907667
0.3356655877
-0.5541165724
-0.01457873322
-0.2100654529
-0.1249214862
-0.2354638947
0.5600190334
-0.398770231
1.020105892
-0.04354703408
-0.5458158851
-0.3568175286
0.2665758198
0.3675300986
0.266541675
0.3100735404
-0.6644646622
-0.474211897
-0.4662913021
-0.3389015302
-0.3063476577
0.05967919175
-0.4647770688
-0.1734104529
1.023866937
1.133951455
-0.143093239
-0.1709686081
0.5229605466
-0.1469142266
-0.03980022296
-0.2188275211
1.148089489
0.1017057362
-0.3837731361
0.3136104995
1.333022135
-0.243583652
0.01377461292
0.2463706315
-0.1190593563
-0.1039968584
0.2201857854
0.4451226518
-0.03466485795
1.304525119
0.9324784473
-0.1076396389
-0.1741593156
0.5066788189
0.4005097095
0.1346394762
0.3527222421
0.3428157251
0.2023741469
0.7974885792
0.4541643225
0.1338270562
-0.06694703829
0.2857065009
0.4392131999
0.02300628582
0.8330827147
-0.04685078468
0.4341580987
0.2353314562
0.1762584643
0.07985728476
0.8723602444
0.8526688382
0.8305997297
0.06901022308
0.8698306948
1.104150191
-0.2263144433
-0.4054180689
0.422139021
0.8416988626
-0.04889058471
0.06766450182
0.3684391905
-0.2256827783
0.8410643905
0.09593671877
0.01885283394
-0.2269947067
0.1863417044
0.9559621185
0.4697266944
0.2535561832
0.08081270866
-0.2718214042
0.5051435493
0.2432284193
0.06051565334
0.585423851
0.8894889459
-0.3516308472
0.2954302736
0.9610773206
-0.3669882588
0.9773157209
-0.3046922125
-0.2798602171
0.1418216775
1.401541901
-0.05835757926
0.08525135783
0.03043535291
0.07313687187
1.038690546
-0.0513121644
-0.2056858864
0.06926599471
1.480158693
0.5228510916
0.1712782374
0.2829685662
-0.1076942578
0.4054814234
0.7690274149
0.2584117499
0.3655787248
-0.1093810447
-0.5611114383
-0.12248968
0.32955656
0.7145021483
-0.07707464397
0.6423349261
0.5263406757
1.459817857
0.4207643723
0.2421818162
-0.14941645
-0.3795954682
0.0842459267
0.3286694025
1.602556249
0.00146764461
0.2801342473
0.6509634383
0.8810935974
0.1276418798
0.1244336936
1.37784541
0.08013249561
0.06861078609
1.259049878
0.9776283994
1.358569455
1.395814377
0.3046076687
1.124027157
1.522754535
0.1888955534
-0.1381690593
-0.05041514719
0.01226634607
0.4295782179
0.05108291311
-0.1168740347
0.4685613275
0.5795507759
0.994309032
-0.23921616
-0.0008346067742
0.7299663886
1.088388145
0.7396039635
0.6210431129
1.211193749
-0.2402195267
0.5575293481
-0.2175783928
0.3818282899
0.1547150544
0.5339611694
-0.1573395735
-0.4355978914
0.2788206983
0.4756148364
0.1021249974
0.08293778123
0.9258055747
0.22055632
0.4029500339
0.3853905253
1.202837265
0.6766067021
0.4186447151
0.8083630741
1.13607091
0.4012178699
0.5545507446
0.8185057372
0.1276028151
0.02928020898
1.178010887
0.1492255714
0.7621105239
0.1461980815
1.057509094
0.1268321679
-0.07313423865
-0.09384113736
-0.03976212032
0.9130088598
0.7322684333
1.594121236
-0.07025472373
1.165891865
0.4981756402
0.2610011517
0.974612537
1.576238316
0.8558969155
2.048165965
0.5066935942
-0.3102240443
0.8626181245
0.001606147643
0.7114776626
0.9712027997
0.4876069419
1.016754144
0.720991604
1.038390106
0.1852594884
1.498890272
0.947693792
0.6572822116
0.07678383254
0.616326046
0.520022177
0.6866034046
0.2270122614
0.9905814946
0.8970102862
0.448905734
-0.3104192004
0.07890967745
-0.1889304873
-0.3715979517
-0.4695710897
-0.4380634673
0.6464188993
-0.03593464401
0.3869547956
-0.4991939321
-0.4114966884
-0.4498817444
0.2128904846
0.2662735671
-0.08879258023
-0.1993567951
-0.3219889708
-0.07844807096
-0.1521383256
-0.5488810614
0.1033931976
0.3653520085
0.2464825831
-0.241474117
-0.2487572704
0.7320777074
0.7255852582
-0.1118443467
-0.3254801124
-0.4493415698
0.2611850351
0.2412106361
0.07852906659
-0.2139443412
-0.06101785209
0.8353439391
0.1737558715
0.5311942451
0.5209379695
-0.1355399845
-0.2368955463
-0.2630907312
-0.04673735946
0.5943612814
-0.133907022
1.119537291
-0.4952878788
-0.1331950795
-0.37527017
-0.3114230283
-0.1483463069
-0.5759321749
-0.2570394356
0.2539980253
0.8040029556
-0.3243896484
-0.2897700027
-0.4332432065
0.3669979647
-0.2169377811
0.2347903503
-0.2288293093
-0.1629984098
0.703172408
0.6886519462
0.155413647
-0.265398217
-0.4459115922
-0.5250499502
-0.114246355
-0.2645802122
-0.08106181775
0.1805917594
0.2501130636
-0.2785078846
-0.2237731397
-0.3615568273
-0.2459636822
0.1635298068
-0.3572729014
-0.37056012
-0.04184865598
0.2275845209
-0.3840725094
0.5216193229
0.0912891699
-0.3916706946
0.113121644
-0.02371626832
-0.3369882286
-0.242484396
-0.4602629021
-0.3649324581
-0.08092718022
-0.1439751681
0.4565877289
-0.6799919233
-0.2958043963
0.7673626959
-0.3100067854
-0.2831288755
-0.1470899198
-0.4200052351
-0.3041660726
0.9137826025
-0.4450702652
-0.3351256356
0.09618414119
-0.2584559847
-0.3199717306
-0.07378181051
-0.4373626485
-0.4173064172
-0.3662016608
-0.2554818686
0.759725114
0.24902084
0.07631386742
-0.5970847741
-0.3035169868
-0.2609010395
0.06636976567
0.3623206764
0.3839664035
0.3616718873
0.1825382695
0.4771076798
-0.1846837703
0.6306162059
-0.01620676713
0.3005239025
0.05396988075
0.01220183452
0.2568377849
-0.009564691968
0.2226859216
0.4351858318
-0.00774431657
0.2075254281
-0.0892132381
0.1715395248
-0.03642730191
-0.3489620492
-0.04497897923
-0.574586533
-0.1233572545
0.1952133685
-0.3307299897
0.3493425449
0.6130458131
-0.2624200381
1.43212719
-0.01567390426
0.2063201902
0.9424293697
0.3695003055
1.278899851
-0.2429330803
-0.4354747191
0.3055393409
-0.555268693
-0.31960577
-0.02104168795
-0.3476649933
0.3952063186
-0.2625339385
0.2939953744
-0.3295070142
0.3481031451
0.1343215521
0.06999043711
-0.2684707683
0.2096072298
-0.4371894315
0.07929819808
0.4312502209
-0.4148029327
-0.08430398004
-0.257547766
0.006932397559
0.4921494
-0.4733836561
-0.2934211992
-0.2676254153
-0.1701806266
-0.3965318739
-0.1595726401
0.1283312952
-0.5904505119
0.2933551963
-0.009725452028
0.655714421
0.5507223554
0.1147401474
0.2955528731
-0.2691091403
0.6669050798
0.02523798868
-0.473751764
0.08404999115
-0.002173053101
0.09901906638
0.5366035827
-0.4242099971
-0.1467384752
0.4433638588
-0.1503699107
0.1985065289
-0.1372503508
-0.5320581704
-0.01961220056
-0.3969394766
0.3553229097
-3.531649709e-05
0.7648591369
-0.2876342319
0.08875111109
-0.1635991383
-0.1784040622
-0.2809146222
-0.4206306517
-0.2921967164
-0.4193666369
-0.3295781925
0.6777196281
-0.1256012429
-0.1863555074
-0.421445021
-0.2738305576
0.7708266884
0.2861229481
0.4187459476
-0.3997988045
-0.05208871346
-0.1282546427
0.02846520804
0.3543474529
0.8325846344
0.2246167423
-0.5406039491
-0.3726102531
-0.1869630724
0.9269053668
-0.485159491
0.2766707845
-0.1282956224
-0.1386701994
-0.313420365
-0.1313924499
-0.4367472857
-0.2239895418
-0.1507219659
-0.2844983768
-0.8356157273
0.4139657492
-0.3768367887
0.3789163917
-0.3605458647
-0.3338455305
0.2672887748
-0.05804670788
-0.007395740785
-0.2058240615
0.2576910071
-0.3299699679
-0.502005823
0.6121107034
-0.4262469098
0.2937935933
0.1213268179
0.2750312371
-0.2263218436
-0.07910851575
0.1062331305
0.1552556038
0.3789892368
0.07701290995
0.173698904
-0.007187770214
-0.566963011
0.2978448533
0.03257423472
0.09587287079
-0.2332082927
-0.1742150633
-0.2007798672
-0.02771062106
0.5171155516
-0.6559399575
-0.1833826777
0.1533943618
-0.2921882555
0.6411518224
0.2963500479
-0.1877124228
-0.229588147
-0.3999276146
0.5989696518
0.299703325
0.1020751098
0.6807989717
0.6330541775
-0.2213553466
0.0555389246
-0.2280987807
0.5328974528
-0.05693639405
-0.05164123513
-0.006967830472
0.4686545499
-0.2979425862
-0.03587362841
-0.06796171181
0.363436575
-0.185622512
0.2234256744
0.2043265233
0.2112234766
-0.07473003278
0.8478787951
2.086062253
0.1832686227
0.07283635959
-0.06817051843
0.09990509134
-0.3376385853
0.05037715361
0.7037119865
-0.2601400997
-0.4182666466
-0.1630728889
0.04949821997
0.08523610253
0.3893205225
0.4726443101
-0.246620544
0.1034100297
-0.1121566862
-0.4749111459
-0.5402889296
-0.02972004395
-0.6958669871
-0.4794244021
-0.154594514
-0.4738299251
-0.5105436713
1.201938829
0.2496224046
-0.2912943806
-0.1783312665
-0.1922953833
-0.1394088395
-0.1731794294
0.01481883535
-0.3143262032
0.004411459342
-0.3571019277
-0.04160209429
-0.2455522226
0.3262781983
-0.07393479403
1.712062782
0.5137297839
0.2856926367
0.3698065283
-0.356618157
0.4417129382
-0.2256390791
-0.3664298408
0.1388914499
0.9881763399
0.455864501
-0.04721799865
-0.471887517
-0.1978955004
-0.0667698035
-0.5664690703
0.4218783475
0.06028926484
-0.001340226829
-0.3507004216
-0.08157047266
-0.3716606051
-0.0236891957
0.05293895183
-0.396594362
-0.1606596343
0.1762670983
-0.2187304661
-0.1150548084
0.01070011631
0.1044785161
0.1438418875
0.6598873124
-0.4026248515
0.7770943016
0.1477517271
-0.1081268255
-0.0128624897
-0.05475180894
-0.5117317811
-0.2709030371
-0.04634859012
-0.1370602138
0.02108360082
-0.1851425074
0.2045792885
-0.09309749566
-0.05494525582
-0.1863781756
0.3258490782
-0.07451701779
0.2472948892
0.4266750298
0.1720936559
-0.3158828154
-0.3232468516
0.1616825666
-0.5877408221
-0.5965033367
0.2280578732
0.7496248171
0.2995757014
-0.1297123015
0.4078771878
0.2336901255
-0.10630899
0.3715510454
0.5509293839
0.2755840555
-0.3966518767
0.01826274171
0.007018517703
0.224228213
1.028460866
0.009841717873
0.3952630429
-0.3771883793
-0.1222776912
0.07935321182
0.8647927791
0.2310187969
-0.1954488803
-0.1707323174
-0.05237154812
0.6066516802
-0.5015062273
0.4119420923
-0.1989833273
-0.01541507393
0.09995802105
0.6920631602
-0.1397777423
-0.2318824932
0.459858384
0.2490906875
0.5005848192
-0.118563647
-0.3380828701
0.1515458956
-0.3490131505
0.2047778693
0.6398866892
0.3475662123
-0.1834005199
-0.3301768512
0.4964846127
-0.1286548916
0.8530415982
-0.4054100689
-0.2109982183
0.9735145986
0.3638855562
-0.00582073871
-0.127109313
-0.4991094843
0.6175003968
-0.3856592938
0.0577987697
-0.2526008006
0.3408818195
0.2412313784
-0.1716088591
0.594862473
0.060699079
0.5422544213
-0.3417209163
0.4657317176
-0.3645234287
0.4949026175
0.09900847063
0.3116010007
0.2825511981
0.2496915957
0.7330453292
0.2352606021
-0.1130790267
0.0951168986
0.4931462087
-0.3125012927
-0.1199563103
0.6896080136
-0.4430822164
0.1791398503
0.07455568202
-0.1951104745
-0.4412602514
0.5748547889
-0.1646598946
0.4760930061
-0.1158548601
0.2555461792
1.201857278
-0.3693760961
0.6294154167
0.5061078466
0.01791339507
0.1113117837
0.6747831792
-0.3727674901
0.1041776313
0.459905728
0.1695436332
-0.1357859526
-0.1282655893
0.6273706846
-0.5006733984
0.3671309385
-0.04752950743
0.05073151551
1.71181581
0.4545951016
0.01631528009
0.007283120602
-0.2849126436
-0.09718098827
-0.2141776953
1.24712221
-0.3314827621
-0.443529956
0.1621358283
0.1115844258
0.7247844905
-0.2899728127
0.02416777182
0.7642445207
-0.2338388499
1.08916155
-0.006201012945
-0.2985252965
-0.2418341234
-0.4918717146
-0.2123223919
0.7621163338
0.2814940631
0.04648050405
-0.3195130814
0.260318441
0.3806866035
-0.5244945042
0.1564075418
-0.1290149506
-0.1322659919
0.7418486349
-0.01445375681
-0.004468208458
0.7593254119
0.2589357898
0.924735526
1.781817615
0.7748669654
0.9438128054
-0.3507052757
1.219680461
0.5077616341
0.3384640718
-0.2267748289
1.320437562
-0.3682209283
-0.06264060661
0.2908759438
0.180265783
0.2560663737
-0.1041491857
0.09931169283
-0.2469889611
-0.2871946059
-0.2128153633
-0.2203781817
-0.09646089431
0.05936433561
0.1342388567
0.1095487362
0.8659696147
-0.068150084
-0.2531605734
0.2082162734
-0.4494600907
0.3162762791
0.1069888091
-0.104302525
-0.4016592301
-0.01653294433
0.02268079482
-0.3061145898
0.2497680556
-0.01796485558
0.3194080153
-0.04310903396
-0.1269972141
-0.2199122712
-0.2862283267
0.3559532242
0.5737584278
-0.2080032937
0.6043915935
-0.1080472991
0.9773711979
0.8108855432
0.2286990881
-0.0003353245556
-0.0193968961
1.296103278
0.5442984082
0.6183314644
0.1689125887
0.1182447638
0.1090898167
-0.06968134567
0.7461768106
0.3589043051
0.5708602786
0.2532085959
0.8408545315
0.7187091753
0.7288084552
-0.04293026738
0.7518277563
0.004474555887
-0.05580629706
0.4348611705
0.114199215
-0.02795837689
0.4717058966
-0.04191986229
0.4866661783
0.08794339597
0.2566100119
0.6191618025
-0.09074683525
1.279469723
-0.001766361296
0.8315647513
0.8148816235
0.6828868307
0.6671522141
0.7809670232
0.2077455524
-0.2567489624
-0.4724617481
-0.3314318992
0.06008544285
-0.3082245991
0.2630174436
-0.2504776858
0.0329680915
-0.5604334161
-0.2138039231
0.5200374633
0.3845070619
0.1659321098
-0.09155704435
0.1839730842
-0.2848190311
0.01478072032
1.003863564
0.3191372477
0.3448803961
-0.3894693114
0.20391257
-0.2980912685
0.1209589564
0.1368181992
0.1310680427
-0.3485708371
0.8092936411
0.7628645062
0.6226868534
0.08759636506
0.5438790381
0.6422922075
0.383228492
-0.02707456369
0.6479255475
-0.3935515523
0.6907897905
0.2536272449
-0.111021886
-0.2205743685
0.2487798464
1.73007338
0.5669150412
-0.0963168649
1.105866611
0.3831885338
-0.182148239
-0.3178026125
0.08583634538
-0.342415636
0.922580193
0.2993276585
0.09758157888
0.2710380778
0.8318585634
-0.3000667647
1.518118972
0.7392518252
0.9142608404
0.6544470876
0.223571549
0.1398139315
0.9153541461
0.6800628603
-0.2982212439
0.1844475343
-0.3309081011
-0.5662325889
0.874973087
-0.05947948825
0.1424353458
0.1170961734
0.1920700512
-0.007871240005
1.581582224
0.2461133266
0.5058005262
0.6295783296
2.349851304
1.222111642
0.6633901522
0.9066619471
1.249835706
-0.1614498742
0.4950612694
-0.1740660982
-0.1515710231
-0.2906913556
-0.3983998805
-0.4750169277
-0.2348128311
-0.2756651446
0.4356362559
0.4179674791
0.3163611814
-0.09932886772
0.4196339216
-0.2987896159
-0.2693103746
0.1077591249
-0.05066067223
-0.4140726067
-0.4162631914
0.3479970358
0.005703145452
0.1904631315
-0.1894083992
-0.0666171575
0.1488409249
0.165813946
0.331344002
0.1769741096
-0.01731841671
0.5397242241
-0.06105667511
-0.07142463233
0.8780974388
0.7726542041
0.1747330045
-0.2515703298
-0.07391932197
0.9141695172
0.4093487531
0.1924408793
-0.1303510059
0.2903118471
0.07453016965
-0.1376737548
0.495464661
-0.0784035828
0.3352748472
0.1727892603
0.3917545935
-0.02865060521
0.6473601311
0.8273681432
0.8103794545
-0.3208241753
-0.1717366762
0.8477662817
-0.02241582209
0.1199030951
0.6191151425
0.2939831069
0.8829679251
0.9586705059
0.2580345482
0.852498287
0.3391488343
0.1137232045
0.4714764744
0.4731921518
0.1886310891
0.4841438144
0.2962179264
1.220317566
-0.3307515487
-0.2633657962
0.2012232951
-0.1487629458
0.09094046988
0.672090517
0.2987097614
0.475302276
0.7135447502
0.9694905043
0.3905425881
0.9227310687
0.2624338297
0.06458695028
0.008561162278
-0.03159857448
1.415342158
-0.1927266046
0.01296158135
0.4924382605
-0.03220612071
0.3780938482
0.8741603658
-0.1576167589
0.007582709566
-0.1994213562
-0.03249977231
0.2070781277
-0.03792059943
-0.3176902592
0.5497552462
0.2169535566
0.4369542152
0.1489663557
0.7011938639
0.2910343213
1.095339224
0.3326352978
0.07584931143
0.8073507696
0.3481287586
0.6287699424
0.5234394252
-0.1884633467
-0.2034617504
0.9348839968
0.7959695682
0.0901322823
0.3980307169
0.1228039869
-0.2587707378
-0.3690256491
0.3882656224
1.19795886
0.2238459248
0.3459953094
1.554241467
-0.09525636337
0.7764131129
0.4724963365
0.1777048096
0.1180211185
-0.00892202016
0.230932831
0.1152213602
0.0980548379
1.151264021
0.702831465
0.4679767145
0.5459385086
-0.1422269858
0.4822202753
1.368955457
-0.09788806718
0.1418678373
-0.1394304644
0.7263204917
0.8296279505
0.9319609731
0.2924874432
0.1420281949
0.1642522596
-0.1502679288
-0.1254087493
-0.4645843908
0.1560218968
-0.330282585
-0.3120954968
-0.3063079312
0.4156362519
0.6227857202
0.1156839715
0.3756736824
0.06218080446
0.4616120331
0.7518606693
-0.0731457293
0.08670758316
1.093339539
0.9470746741
0.02001217846
0.8777180046
-0.06279829405
-0.4962581247
1.170376945
-0.6328849778
0.02786431089
-0.3266216472
-0.3677980646
1.128465492
-0.3212363742
0.6058820827
0.4124805689
-0.07186884619
0.114932904
0.009621883556
1.101358417
1.146623157
1.088866073
1.521447873
-0.156145329
0.8902572647
1.399504647
0.4913725048
0.1891220767
1.145696607
0.1751078928
1.288106966
-0.03387300521
0.9148563802
1.377180707
1.737287903
0.7993137971
-0.03675198723
1.247328553
0.5611685067
1.439957529
0.3137740528
2.187221956
0.02623912711
1.140887535
-0.3629328854
0.5824979745
0.4867331147
0.8688605219
0.5108235896
-0.01634240095
1.244090605
0.7888268359
0.7248181283
0.8266322047
0.3897755142
1.253234407
0.4912265651
-0.04401273127
-0.1322968094
0.3790490547
-0.09692050517
0.03141076947
-0.2736874297
-0.2480577141
0.5048320949
0.11539904
0.3838398494
0.6349645391
-0.3468359783
0.7004225969
0.7235021457
-0.05317066237
-0.04110482736
0.6368259855
-0.014817762
0.4472735725
-0.2161924962
-0.2397032656
0.2225473225
-0.03757894854
-0.169242432
-0.3885650322
-0.498131907
0.2859773513
-0.382154876
-0.5796320036
-0.2116506629
-0.01581295729
-0.1342676522
-0.1295831712
0.1561467827
-0.2510292884
0.5751034789
0.3200895999
0.609045437
-0.179709179
-0.0003453595098
0.35045065
0.9531679481
-0.07715161042
0.7643511802
-0.00639546141
0.2398178654
-0.04227842018
-0.08050014302
1.408288294
0.2962688152
-0.03778912164
-0.1251390941
-0.3904703185
0.6235972233
0.6257937692
0.1936726501
0.7235847503
-0.2279859051
-0.6288745254
-0.02282485273
-0.2659263141
0.3405562598
0.6649134196
-0.04206959307
0.7666832879
0.8671214104
1.061016339
-0.04092051433
0.1210686984
0.006644891249
0.8692167208
0.4874615692
0.05815893877
1.252072531
-0.1664500512
-0.09191270806
-0.4836071223
0.8220401183
0.5822070137
-0.3822147757
0.987023443
0.06609358331
0.1160018953
0.0867049776
-0.139668723
0.8521717735
-0.0006132937968
0.3198330566
0.2985817529
0.1216549139
0.2022413623
-0.1611983042
0.8746138841
-0.018835821
-0.5641383857
0.2568083116
0.1876081749
-0.3995812245
0.313209111
-0.2509374505
0.00997303389
-0.4898136705
0.3585558986
-0.1480861956
0.8207597002
0.1644892367
-0.4839981049
-0.108276457
-0.2868760504
0.1039967114
0.3730684176
-0.1245472087
-0.4821544394
0.6931809925
0.8792517483
-0.2316777816
1.815996808
0.02303923201
-0.1408014197
-0.3718947677
0.8070012346
0.4819315229
0.6375006676
0.9145463347
-0.1846066516
1.332637525
0.3415915243
0.4632566512
0.7185232788
0.1217740122
0.7183680616
0.8328981772
-0.0004589937627
0.3099157721
0.1212361462
-0.4430545434
0.9186143339
-0.3443008177
0.1270491323
1.016229594
0.6163453788
0.05106897634
0.5604099266
0.1068295371
0.4340326294
0.5507398441
0.1422520453
0.8598538399
-0.0417896729
1.403940994
0.7417803422
-0.0661923632
-0.3787129983
0.7523535341
0.917286399
0.276075965
-0.1069281152
0.545032151
0.05451880284
0.4516245469
0.2032141127
-0.1840190899
0.4539197654
1.29092029
0.2453597113
0.2009234336
0.08597900663
-0.002413604688
-0.139898159
-0.1807190845
0.4399228768
0.5132000083
1.025466993
0.3797987852
1.02693193
0.4406381331
1.096609536
0.7984734669
1.117809448
0.242527011
0.5903101601
1.461204445
0.2814573807
0.8273813948
0.3812212843
0.8855435252
-0.2059112974
0.1258922622
0.1725845145
0.03990297178
0.144531242
0.4207979903
0.2583070993
0.3587738648
0.4038287207
0.2381630531
-0.03761795068
0.2883327074
0.1819621874
0.4042803722
0.2766323168
-0.05773873962
0.009667176753
0.05559481215
-0.1637289066
-0.1201041743
-0.1209175851
0.192035792
0.860445787
0.2507413253
1.040144125
1.581164443
1.394472975
0.001005239459
0.3661568528
0.6760352984
0.9525084242
1.824194705
0.3886757746
1.163433871
0.4562747646
0.02093164586
0.3996181201
-0.04070831463
-0.02587131243
0.1054269777
0.437191648
0.8159609772
0.6112118468
0.7819785342
-0.010545405
0.9698793903
0.3173086753
0.3469322046
-0.1574158296
0.8767396182
1.438613087
1.888451856
-0.2719197236
0.5027950929
0.0378856523
-0.1835255686
0.8312115267
0.9269917443
0.1830224603
1.400554919
0.2620644508
0.9128140301
0.2387548218
0.6938701421
1.150023377
0.7003165677
0.01186350621
0.6959282443
0.2947906982
0.1739505971
0.2965074301
0.3225881785
0.3092790239
1.135363555
0.6183112353
0.6441659689
0.7460338205
2.108588874
0.03797671627
-0.1314725868
0.1649031971
0.2013608096
0.9691263616
0.3711417004
0.1748499399
-0.01297112126
0.5267791547
0.3920083579
0.8005729631
1.170222044
0.4550278585
0.0574462153
-0.01490164809
0.9955372721
1.064971852
0.8539590269
0.7377755269
-0.02988003902
0.3476622164
1.119620118
-0.4004521042
0.09271714282
-0.4321618453
-0.04638830121
0.2999850981
0.1545884358
1.446185344
0.3384526877
1.083379501
0.5666623294
0.002364956588
0.2735115254
0.386671938
0.364045665
1.279786068
0.5631764818
1.45488025
1.540430349
0.07754613049
1.421053132
-0.07803830984
0.5689965144
0.06482266067
0.8247543991
0.4590314848
0.4545143045
1.599281365
0.7095207587
0.6143296704
1.522560725
-0.1109266134
0.2602438131
1.292158842
0.7915841907
-0.09183104709
0.749879849
-0.07902419344
1.334459561
0.807229054
0.5242389278
1.115339088
0.3044685585
0.4112619183
1.022477129
0.2814854059
0.5109581409
1.27255502
0.927481699
0.1390791291
0.4945886739
0.516941414
0.9483189821
1.089457011
0.003194835968
0.150209173
0.9108895361
0.6244711168
1.665175045
