-0.1553302845
0.1358636409
-0.03217990128
-0.3053140625
-0.2920740504
-0.8227702521
-0.3093786459
-0.5397091895
-0.5578281097
-1.230305913
-0.7700665772
-0.3347107977
1.209075064
-0.3852376804
-0.3005848169
-0.5536278937
0.1942593765
1.228187245
0.9890025109
1.745959154
0.09061639346
-0.2881904255
0.6891616382
0.2051915422
0.7809375964
0.5225276254
0.1746997306
0.3093084864
-1.007107174
-1.17771336
-0.4566080809
-0.0374349419
-0.1511786781
-0.01437910926
-1.374163517
-0.04588526357
-0.5932706727
-0.5047603086
-0.1858309962
-0.1956727229
-0.6284341857
0.3140237134
-0.5936775118
-0.5020778984
-0.8554819971
0.4521902468
0.6739828123
-0.4316717818
-0.1118817687
0.004061631579
-0.3408459395
-0.2198433153
-0.02240005042
0.07174113654
-0.5818314433
-0.8238954544
0.433144214
-0.3623591475
-0.03366778288
-0.2996962175
1.939040862
0.3686251782
1.463223758
-0.6727215588
-0.09057381619
1.086069056
0.1676987775
0.04828608818
-0.4905643091
0.3321119599
-0.2552309969
-0.4047989607
0.671519658
0.1847166939
0.5757594351
-0.206303685
-0.07062206673
-0.358066066
1.820577157
0.8079274058
-0.5398929343
-0.2746937346
0.2984229658
0.4413962845
0.6489559673
-0.05541402325
-0.002069251798
0.1235073978
0.1560944811
0.7330762252
-0.3490809143
0.4150200162
-0.143299605
1.039831671
0.3297312127
-0.5030560896
1.43865433
-0.03434105311
-0.6132367874
0.391321003
1.366682893
-0.02919582184
0.1418634184
-0.6701845258
0.07497777548
-0.1727926474
-0.03806157112
0.553853555
-0.05320536382
0.1928943351
-0.2884678975
-0.1212312629
0.4888042351
0.1858722391
-0.01196752172
-0.1088555185
-0.3450710788
0.06732609244
-0.7254207268
0.08178825076
-0.9415588617
-0.05336357169
-0.5215381414
-0.5452912331
-0.3972655334
1.063659494
-0.1979586199
0.08601488257
0.01569143627
-0.5861829549
0.3400787611
-0.4751611456
2.112425563
-0.5714636937
0.3446041118
0.5934351511
-0.06112965606
-0.4058684319
0.5827897068
-0.8485721231
0.4926176159
0.3338028018
-0.3007081311
-0.09537954293
-0.201407839
0.02814323958
-0.3757421333
0.1289945981
0.5124713868
-0.2770980306
-0.6964185178
1.904325268
-0.3572319791
-0.532449545
-0.1585507866
-1.332284199
-0.6790315539
0.2575921014
-0.3124265548
-0.0757695742
-1.314843029
-0.3592061549
0.4804756969
-0.7118536487
-1.108653018
0.1759682149
0.2584730111
-0.4470380731
0.681223633
-0.8908023
-0.7479417436
-0.7088342652
-0.38588994
-0.4807630673
-0.05197643898
-0.4526157126
0.5966691805
-0.3745903494
-0.188026895
-0.1566607039
-0.5687795024
-0.07809510371
-0.04566545859
0.2424934249
0.8091855019
0.3370119201
-0.5838419929
0.9675165053
-0.2539425686
-0.1175065683
-0.1229169687
-0.7119413733
2.310975051
0.3297941037
-0.5693095297
-0.0130297482
-0.5399738476
0.358895748
-0.005943796784
-0.1194707381
-0.6352403611
-0.5292261019
-0.835803476
-0.03315802496
-0.633506155
-0.483011568
-0.1081068274
-0.01104961033
-0.8814281777
-0.03490418568
-0.5844013132
0.3294696057
-0.1501681832
-0.738334325
-0.4468601041
-0.379865548
-0.06301236078
-0.518240115
-0.4156814687
-0.1338811307
0.03080890113
0.3241173569
-0.4004339941
0.5190399564
-0.3700630598
-0.6131158754
-1.108868389
1.429931766
-0.3793399468
-0.36793724
0.1611900287
-0.4850777835
0.1838021034
-0.09089012574
0.2521154112
0.7013604537
-0.0496592978
0.1717838505
-0.1982268414
-0.05582628138
1.27956775
-0.01757941823
-0.2092318987
-0.3326392815
-0.7625288293
1.234657711
0.3800079413
-0.2898579134
0.6409204158
-0.1892725967
0.1509545931
-0.1904336307
-1.126400647
-0.6567068998
0.01922491509
0.180205855
0.9364953876
0.7281315297
-0.07895594947
-0.04229506864
0.4168793193
1.121244445
1.454158995
0.4706559964
0.05999102574
0.09925755775
-0.2893020872
-0.5726244956
-0.2214840561
0.02376253102
0.2357019186
-0.5724071935
0.9988973007
-0.2845659833
-0.5177413449
0.4106006797
-0.2560628749
-0.2880618304
0.6328995857
-0.1880968824
-0.2767078988
-0.1192436748
0.1786481595
-0.02158480585
0.9345209658
-0.01226324774
0.7058077961
-0.5682189003
0.05539025292
0.2099884216
-0.7167949885
0.2109276067
-0.5635011815
-0.2943160139
-0.441148825
0.7429219194
-0.467917043
-0.3481573964
-0.1775410248
-0.7485183924
0.4222366795
0.3596493885
1.437018898
-0.216263909
0.09432956893
-0.5408717111
-0.002821590751
-0.2463316496
0.9242426604
0.3926423959
-0.006865990022
-0.1467767668
0.4148994893
-0.7369193718
-0.5120285546
-0.3551098406
-0.4760877132
0.8195523575
0.08861495219
-0.3681320295
0.4394559775
0.2559728035
-0.003896826506
0.1758194353
-0.3202205107
-0.5421045341
0.1770159565
-0.6387727469
-0.2812968962
-0.2597182009
-1.252354465
-0.5496484302
-0.1312521555
-0.3532065578
0.4559954364
-0.8392560672
-0.1377976106
0.4506136484
-0.02015730608
1.086977243
0.471098616
-0.3672697306
-0.3222925387
-0.6332375728
0.2880137123
0.9946909696
-0.2027629925
-0.1239138233
1.669383156
0.3952492585
0.1160420971
-0.3593632974
-0.859948653
-0.6762547463
-0.7558398813
-0.09908512416
-1.128544936
-0.05422748104
0.3353372565
-0.4675427124
1.043959332
1.342475168
-0.5652990114
-0.1335092746
-0.02438842431
-0.7051126242
0.2668468093
-0.2495756326
-0.02343034036
0.1155323997
-0.2719523385
1.072878319
-1.120868392
0.8572190017
-0.07843536697
0.01916748695
-0.1186031921
-0.8675530583
-0.3761740454
-0.6652255252
0.08580806181
-0.4883375198
0.611055742
0.5159676149
-0.5050882064
0.3884972313
0.1946429675
-0.4929535612
-0.4851411084
-0.01707213037
-0.7613728836
-0.9109284595
-0.8396610394
0.1033889167
-0.3765972778
-0.7199986875
-0.1457968164
-0.00937413089
2.524383366
-0.888881503
-0.2912597582
-0.09829344358
0.2871674665
-0.7022843167
-0.2626401324
1.513863423
-0.2879551716
0.05247980105
0.3048664885
-0.3101442475
-0.03075763658
-0.411867841
-0.0292235354
0.1749991671
0.2909779198
0.9257594198
-0.5743711077
0.7922378093
-0.05183391217
0.3527584992
0.8980640203
-0.3701976333
-0.1498626514
-0.09678287208
0.4241698714
0.766969724
-0.516756567
0.7118826799
-0.1374964018
1.022335556
0.9781115577
-0.1027609669
0.1993133508
-0.2348068856
-0.08981727324
0.2574068018
-0.1716629066
-1.097705203
0.5320744835
0.6596653998
-0.1868791495
-0.2913233053
-0.1609200123
0.644514538
0.4740924325
-0.1746449318
0.1270232184
0.01459656656
-0.3526416799
-0.1086921766
0.736299061
-0.1346393524
0.5944776498
0.2462650971
-0.4241841465
0.772715202
3.826248586
0.000630758889
0.4755169339
0.09179530218
0.6232779963
0.8222772378
1.758232743
0.3277572397
0.5103222448
0.6405287728
0.1565308565
-0.1194443641
-0.2464118309
0.1969545301
-0.1469948579
0.9032769561
0.1635251207
1.483093545
0.04962515254
0.3396180389
0.1769202719
-0.323558706
1.271448937
-0.5003754586
-0.2330190182
0.3846449159
-0.3246380016
-0.5290672779
0.02787793204
0.1174767187
-0.1118656188
-0.1307254482
-0.7894160613
-0.4708572686
0.5495786235
-0.3090044223
0.2099745203
0.2260633778
-0.03640814237
-0.007169862464
-0.03693406973
-0.5922122547
-0.03768184436
0.1842676256
0.006188378483
-0.71347645
-0.03820946291
-0.04631592631
0.5469002601
-0.1164890941
-0.6528356403
0.1652600298
-0.01991869193
0.3098575739
0.193168826
1.477245778
-0.3405248627
0.7843777116
0.7556943623
-0.451598651
0.6031335197
0.05934646986
-0.2839522511
-0.05712260008
-0.6075447433
-0.1623287622
0.08130591968
0.7099258408
0.2544816647
-0.47612793
0.07750037163
0.5498745484
0.1789092932
0.8734252244
-0.09627208617
0.245639383
0.4926847525
-0.1793075681
0.3610639207
0.04666111171
0.7186168045
0.06817180645
-0.1981661644
1.015592513
0.4085757967
-0.02025363902
-0.07401000196
0.01899032518
-0.01730082612
0.220066987
-0.3094332922
-0.2485810502
0.698576726
0.870032087
0.328607016
0.6533843324
0.4751698099
0.6781488433
0.4199050806
-0.3515123039
0.6888368137
1.89112792
-1.072289382
1.099870953
0.2388384443
-0.334038002
1.096034029
0.0924078898
-0.3169237435
-0.06983632818
2.185800606
0.7569342062
0.7270427287
2.135814714
1.639865065
1.869583237
2.469969529
1.670954376
0.9726979107
1.773557633
1.06834231
0.12263471
0.3265464425
2.113971901
-0.4052348733
-0.1573767919
1.644182555
-0.0527914837
0.1294678386
0.1892196735
-0.3025785152
0.214913433
0.2649725471
0.2320783135
0.1566021444
-0.7316946968
1.571728024
-0.06704395339
-0.02854287266
-0.1976612954
1.068435729
0.4516050268
-0.5336609837
0.5402862185
-0.2901640147
-0.7422443613
0.7552235186
-0.6663668483
0.04844506229
0.4631323017
-0.2821643509
0.6585842442
-0.1818012334
0.451732273
-0.05989806419
0.8446432039
0.04552118294
0.7128861435
1.369030839
0.9564782135
0.4365479479
0.5986473184
0.6698921409
0.1490211029
0.4326840222
0.3375717353
0.8684444807
1.037088001
0.8554076441
1.0103008
0.8130613744
-0.2420136359
-0.3313519888
4.660790884
0.09115895629
0.412752229
0.1178124011
-0.01456203274
0.5578445345
-0.1001681749
0.2134874329
-0.1342884755
-0.2193791231
0.2783204112
-0.5741751004
0.3437572043
1.165897807
0.5685316935
-0.06216448476
-0.006293084472
1.037800974
0.8793857872
1.013167404
-0.04236002862
0.6309107795
0.01861476451
0.9699934989
0.5901163355
0.6217664436
0.8250171579
0.4561729506
-0.0400912879
0.05181613732
0.1014467645
-0.07233088855
0.4307572022
0.04290667213
0.03501077415
0.2675589852
-0.09910512865
-0.7766817972
-0.8211308986
-0.1984655123
0.1518865303
0.445236443
-0.2844726521
0.4480384556
-0.1233738294
-0.244112784
-0.6781652689
-0.03287494648
-0.371016921
0.04278677125
0.02277695611
-0.4215642348
0.4127342977
-0.3852502644
0.06615283899
0.2180093907
-0.1507967626
-0.2170299012
-0.07480329238
0.06257315911
1.306284572
0.1775237323
2.807435685
-0.2397576069
0.2976894215
1.166189629
0.04278354682
-0.5127931766
0.4713209089
-0.6627004519
-0.007813013392
0.8154911693
0.07489065779
-0.06175232287
0.0437937066
0.4504661168
0.5732238501
0.5129914783
0.7360943496
0.4110830128
0.3502353507
0.588330612
0.7817393482
1.275837308
0.07954159472
1.558961552
0.6871332315
0.8052524462
0.2944373477
1.054218102
0.1550582029
-0.2828785812
0.7846614163
1.221551529
0.8282647744
-0.2220529638
-0.5062360235
0.1308224954
0.4543207899
0.9900246531
0.7576667011
0.8168729439
-0.04561791418
0.04772962281
-0.5531565756
-0.09172500046
0.3015003642
1.138127932
0.2960081036
-0.002445905656
0.3689552816
0.2420319906
0.2694697328
0.3347451404
0.5136115735
0.9748551995
0.2305563632
1.035208656
0.9938727438
2.165143627
0.6235058688
1.18164053
-0.5417548835
1.669751781
0.4819433324
-0.1412500061
1.297977003
0.0236781016
2.492515308
-0.06554341577
1.514013267
0.4226496071
0.2184186768
1.195916979
0.1458605454
0.4074444771
-0.4325825348
-0.3610277027
-0.5260733619
1.022503743
0.8976399202
-0.1126323062
0.9971244752
0.2048292547
-0.07307072505
0.7763353735
0.2592320593
0.9770844594
0.1022266235
-0.002053524181
0.3916810259
0.9677552462
-0.02165782042
0.1801543137
0.1996541332
0.2491543308
-0.06237873337
-0.1095456028
0.2002548061
0.8287304223
0.06055871025
-0.5681079403
0.1840709202
0.06901747491
0.596707906
1.080871686
0.6244624268
0.8472635329
0.3013760461
0.3720930021
1.032395568
0.03598465584
-0.730424194
-0.1992712136
0.05922859283
-0.7565869352
-0.02099524364
0.2823767358
1.130161978
0.05749149881
-1.063848722
0.2183916781
0.1923773956
0.6333422405
-0.6684286453
1.024581525
-0.7801442608
0.2794495041
0.5324820586
-0.4234193556
0.7388310149
0.5506019697
-0.512742427
1.105670214
0.3945340849
-0.1133292207
0.6639670268
0.2185680939
0.05944347922
0.1410488233
-0.7576681942
0.5486817591
-0.1560240481
-0.3179329183
1.001055006
-0.1113191064
-0.2395910747
-0.7316411048
-0.1906248625
0.2236676109
0.02559572514
0.5541476425
-0.2310122347
0.1702711051
0.2097754735
-0.2684027456
-0.09943198282
-0.04088516869
-0.5011686698
-0.2773777355
-0.5062386423
-0.0764313357
0.3116603922
-0.4715969935
-0.3682903171
1.465736714
-0.06609239243
0.1056346135
0.05541170524
1.299606204
-0.6742272776
1.523814747
1.158878401
0.1118475294
0.6737096488
0.1608733008
0.4397385338
-0.2911269516
-0.2755474195
0.1112070208
0.01664579585
-0.1682138141
0.5577438699
0.9977564424
0.7018525772
0.5380827948
-0.2075482752
1.508478913
0.8467561126
1.87262159
-0.2420058258
0.2427072469
0.2179213067
0.1986662706
-0.8012479391
0.5899395395
0.9953569949
0.007181322202
-0.2723449361
-0.7777409418
-0.4634617299
0.04769079648
0.05234063771
-0.2422039568
0.114757837
0.632706137
0.3235711665
0.2174090877
0.1065964725
0.207234572
0.5826842938
0.4540693646
0.4768254004
0.1448025137
0.889340426
-0.03302047364
1.320297027
-0.8175069183
-0.148557373
0.04101445861
-0.3376661085
-0.2607967399
0.1717702761
-0.5443369612
-0.08624374419
-0.06937278903
0.9450635165
-0.6003911018
-0.1789219186
0.09719618349
-0.09530989453
0.3683541771
-0.04383470323
0.03631465472
-0.03043654505
-0.2970625322
0.2450011233
-0.3096406244
-0.1038672529
0.03818675214
0.1189262658
0.9204969555
-0.03252178468
0.3521715872
1.707899418
-0.257447487
1.192884058
0.2631766213
-0.1518703358
0.2679474574
0.474729722
0.505612571
0.2087245489
1.35652813
-0.06333096921
0.06223819898
-0.5417103766
0.731257987
0.2689521594
0.3642289769
-0.7317284584
-0.1865167435
0.4954596892
-0.641771099
-0.5115283623
-0.0417835867
1.500658095
1.217234376
0.419279588
0.105892412
-0.1367915126
-0.2192888856
0.02905091271
1.156275275
-0.6082660671
0.0690837644
-0.1057852722
0.4557355247
0.4272223893
1.071484616
0.347474321
-0.3416458845
-0.2213800423
0.5040143646
1.38439422
0.06921665948
-0.7794044435
0.6746324327
-0.2160152107
-1.085290755
0.6695403919
-0.5291377485
0.08400352309
0.3823156096
-0.285049673
-0.2385094963
-0.09685444189
-0.2427114155
-0.09049166776
-0.2730997141
0.1853101401
0.8223249704
0.1664222224
0.1009518174
-0.5414867051
0.1674232831
-0.4385849342
-0.9450383037
-0.1522388186
0.04618829116
-0.2400444359
-0.5068128556
-0.2717553768
0.2376474027
0.7110844836
0.468286179
-0.8168167531
-0.2440660233
-0.6576942757
-0.7665736958
-0.4486709641
-0.7207843661
-0.3475600585
-0.1331361543
1.507675713
-0.3327895567
0.04115492292
0.2808661152
-0.07097301669
1.227461594
-0.5449550018
0.3446383454
-0.4505469024
0.7693555534
0.4394339599
-0.1396212644
-0.02620493078
1.558296278
0.2747664079
0.01497261897
-0.2544990906
0.4655266104
0.3127147258
0.4051808059
-0.4544196561
0.4674612015
0.5837467354
0.8541452646
0.7435214996
0.8282248943
0.08620967614
0.2022130549
0.4135705173
0.5083380057
0.00725490544
0.003645732161
0.04259413481
0.1498342742
0.3439656109
0.7516458049
1.159075323
0.5808569573
-0.01985053308
0.1261149434
-0.03876411077
0.06885731071
0.5429231505
1.405192882
0.4939755756
1.099982536
-0.06038545449
0.1417710435
1.624725062
0.7382367708
1.176650935
0.2976554152
0.111885915
0.2771675553
-0.5822347969
1.186010826
-0.09881692789
2.803162062
1.021244466
0.2622083277
-0.13027007
0.8967360571
2.090297961
0.2926107686
0.01698577204
0.8344914407
0.9606192008
-0.3579103004
-0.1500882063
0.7422567949
1.621437049
0.7709095567
-0.1339700274
1.243860498
-0.2472000878
0.1093326097
-0.4057611287
0.3621748404
0.06808584388
-0.556430278
0.6121390358
0.2077010477
0.07482284643
-0.4520713925
-0.8841395713
1.061814381
0.2224857979
-0.306976084
-0.09176478907
0.2193608968
0.8371114485
0.5907218829
0.4924133393
0.7787084073
-0.03699383102
0.5465044238
1.079573515
0.4247999521
0.9183690962
1.706448033
-0.3384578757
-0.011372431
2.052337843
-0.4077808226
-0.2728845675
-0.2579320807
0.3138762005
0.333273863
0.6778398618
-0.07054036688
0.7001300305
0.1672839513
0.234516088
0.5566567153
-0.235348247
1.407736516
0.2139857383
0.3783956394
0.3297045011
-0.05683011799
1.637393981
2.038406396
0.498915758
1.997538447
0.2659961915
0.103849184
0.004091487173
0.1404237325
0.9226159871
-0.3677129712
-0.06407632232
0.9035068795
-0.1955044635
-0.001081814617
1.459859204
0.8835588306
0.9335100144
1.168678221
1.031316626
0.2761936866
1.057101849
-0.1136275752
0.7445592552
-0.07229639981
-0.3069164392
-0.01882363725
0.3671282642
0.4463473417
0.2628957099
0.6232807852
-0.4790575355
-0.4929981075
-0.2435173284
0.3332784906
1.135326248
-0.1785936321
0.8489028633
-0.2105168618
1.097094861
-0.780761607
0.09194598645
-0.1794993909
0.6549769953
0.1017289314
0.4146174138
0.9295538612
-0.2622013867
-0.1741352974
0.7959113255
0.04191694949
1.183036995
-0.0921144763
0.5751707546
-0.1580285991
0.7184895277
2.211588687
1.081957009
0.6235283874
-0.2169011135
-0.338099895
0.3024526544
-0.1743019294
2.044397324
1.034856486
-0.02775884499
2.478518325
0.3365022111
1.572995061
0.2411671423
0.2003431572
-0.2511609726
-0.6748431345
0.2394597737
-0.1001700263
0.2526178744
-0.3830243912
2.564316446
-0.2999537988
0.4166164707
1.324711049
-0.1095028065
0.187009798
0.02825265992
0.3249841679
-0.1569314577
-0.4560781963
0.1441123428
0.3656300273
1.889289898
0.8255085558
-0.17074405
0.9695572346
0.3568550784
1.99879992
0.02393786144
0.06119182752
0.719276683
1.09577736
2.664820307
0.2818314738
-0.002712193504
0.7212842502
-0.4692301951
0.8210663885
1.517160422
0.6519388422
1.108638284
1.058854067
0.142104767
-0.2895133488
-0.5695633173
-0.244534922
0.07186101656
0.1297285428
-0.09361145082
-0.5430456772
-0.2458661117
0.5172230583
0.008083386067
-0.04928545021
0.004291889817
0.7580866724
0.04710185025
0.08169715735
-0.1747317875
-0.1039094438
-0.4466992229
-0.4330890942
0.04874778604
-0.7708507068
0.3297063211
-0.4522126421
-0.8579624891
-0.2912640994
1.307249159
-0.5627723575
-0.3159136645
-0.03977853507
0.4237913288
0.0890534143
-0.02608576706
0.5887740932
-0.2586150214
-0.869871825
-0.09167289026
0.08096921593
0.726154352
0.702384638
-0.3363147199
0.1970710755
-0.2433041032
0.1323979951
0.2872629412
0.4405838959
1.064108527
-0.5408356503
0.4524214379
0.6610699557
-0.5830297068
-0.353804867
-0.730440636
0.6268629402
0.5289210692
-0.1000227444
-0.3655111074
0.1394943073
-0.355230768
0.02650720058
-0.2498830147
-0.6274747621
0.07859857008
0.1259807218
0.04513924774
-0.572421363
-0.09513430912
0.8528247461
0.1541788656
-0.4148080662
0.1550152866
-0.05310720429
0.287685585
0.8124313539
-0.06038955022
0.1321416303
-0.4249953568
0.4963017978
-0.162242408
0.614718581
-0.5940961786
-1.001058058
-0.6416631892
-0.6315397099
0.229298415
0.9217323184
-0.1192846449
0.4261861991
-0.4381012492
-0.5883526541
-0.2363462862
-0.6438710794
-0.2725656599
-0.0259242435
-0.4155455686
-0.03031725474
-0.5524061516
-0.5308079049
-0.4969835639
-0.03042630181
0.1303863503
0.006381776696
-0.1250421992
-0.06482916195
-0.2145628296
-0.3312490486
0.1204841329
-0.8094780684
-0.04858649848
0.3446988434
1.599378932
0.6114300622
0.02555841133
-0.3531458013
-0.4242193699
-0.1311682079
-0.5411599934
-0.1407028306
0.1392980505
0.598763901
0.8363877006
0.3232618503
-0.009799042158
-0.001173761114
-0.5420001477
-0.2115942001
-0.3415154874
0.4725842387
-0.4245050043
0.01335055418
-0.3822824873
-0.2191003494
0.1016420612
-0.771940206
0.5481340418
0.1298484481
0.08860806888
-0.3108944304
0.3090621788
0.6242760494
-0.1637451461
0.2399280068
0.5952788115
0.1250776322
0.3922615454
-0.1469181806
-0.2663130522
0.7495994642
0.2564252001
0.514430337
0.8490049303
0.4838119444
1.563474748
0.3252964223
1.957916245
0.3896626972
-0.2566294795
-0.5366298601
0.2000248972
-0.5505520955
0.3636432631
-0.2356849989
0.6039582655
0.4732203828
-0.2812360741
0.176767826
0.0493220414
-0.4526843645
0.05231164861
-0.3205605395
-0.01692988724
0.5206782758
-0.03220183961
0.3284422744
-0.4402885199
-0.2323398978
-0.08735661842
0.5429661946
-0.1948034782
-0.6244184956
-0.2173950888
0.6925531782
0.2215747934
0.1874145948
0.5681464925
-0.05502742287
1.611320412
0.07344492413
0.5247589305
0.2914425769
-0.2494127764
-0.3138166416
0.7254786998
-0.06364557296
0.4257190926
0.1251514545
0.114047211
-0.08018697612
-0.6200501632
0.2192716256
0.4092675313
-0.2982671339
1.196020836
1.272460604
-0.4564981595
-0.0006310284138
-0.06375269275
-0.5625817716
-0.8864219427
-0.01336740088
-0.2084773161
-0.6324498847
-0.2606297726
0.006798406923
0.4933564611
-0.2387445208
-0.5716928929
-0.5133181442
-0.3123413809
-1.098933379
-0.2009529527
-0.5707752362
0.05981354355
-0.6745443255
-0.10154796
-0.06281756442
0.5583587609
-0.4773665652
-0.3703734741
0.5420655578
-0.9625121303
0.8424813823
0.1041354336
0.2455868563
-0.8323895559
-0.05644013882
0.3015361423
0.03351714946
-0.4729086433
-0.3029030912
-0.05345832072
0.218831505
-0.1348671753
-0.6175650969
0.04642614648
-0.2320704095
-0.7821109325
0.8269492581
-0.656186372
0.0268824717
0.4910106393
1.089001319
-0.996157454
0.5313434096
-0.6286448374
-0.10356858
-0.338460106
0.06188724544
-0.641656971
0.3036224161
-0.5110589981
-1.410052919
-0.8593232095
-0.4017965488
-0.426821813
-0.5049748719
-1.206955169
-0.4537548676
0.08240708262
0.7352524914
-0.8389933154
0.04430205394
-0.1857900072
0.1645775878
-0.2355281875
1.171151617
-0.6074167222
0.2931401286
0.1464232023
-0.04541781712
0.1271503552
0.7135492632
0.2102291151
-0.3462550828
1.157060179
0.7723469429
0.3333103478
0.5848105393
1.501535881
-0.105932316
1.220990139
-0.402551315
-0.09842116265
0.4873724744
0.1245892854
-0.2850185119
-0.1703829692
-0.04476196971
-0.6151201352
-0.01242350689
0.443043839
-0.572049275
0.6631497331
-0.208221798
-0.396989914
0.447172419
-0.3126501754
0.03210364096
-0.3256046936
0.3873778105
-0.4664282776
0.0438969072
-0.5604101852
-0.1670660285
0.3492009219
-0.3042568672
-0.2654609663
-0.2059121108
0.2230106955
2.019899184
0.8887337238
0.6051313542
-0.07567095244
0.1510527997
0.4133002855
0.2056407895
-0.4868033305
-0.7223148197
-0.258526415
-0.8586652696
-0.03718501292
0.4147484574
-0.1970138095
1.257301793
-0.4369652137
2.024860144
-0.2905020893
0.09811414406
-0.6241279215
-0.3794901252
0.4365616305
0.3286502082
0.02687304365
-0.6975101992
-0.5428155646
-0.2179370712
-0.1494390992
-0.5235679075
-0.1775402778
-1.365296671
0.2799592104
0.358665736
0.1725433029
-0.909902963
-0.4045932684
0.8192965299
-0.4505054623
-0.6201410174
-0.7209659576
0.1189454114
-0.06797206039
-0.1954110004
-0.4721421525
-1.059137866
0.7652069487
-0.07380631957
-0.2094502673
0.3358150203
-0.9373096764
-0.388692911
1.035177618
-0.05267620953
-0.2785810456
0.3479189176
-0.9587037295
0.06644322686
-0.3167573009
-0.5709009938
0.1745808871
-0.8377644777
-0.7441971242
-0.3234437458
-0.743044205
-0.3462346856
-0.5815837968
-0.6528240845
-0.3073731061
-1.333550881
-0.5091480538
1.471353567
-0.06478376724
-0.4296439305
-0.6246836722
-0.3230316006
-0.6233207971
0.1976819847
-0.5374871477
0.3041986968
-0.2586362813
0.4429940176
-0.2232872572
1.162080964
0.2305891018
-0.4718171962
0.02632319015
-0.02141281888
-0.02502651997
-0.5998155758
-0.8121550053
-0.7742565557
-0.272297328
-0.2097842984
-0.08295108061
-0.2016489046
-0.9217991203
0.5134180948
-0.4631972685
-0.3907525718
-0.7923143804
-0.8413407803
-0.4904359132
0.1470465016
-0.6320245996
0.2759350389
-0.6612820268
-0.3396341868
0.742936489
-0.2230105311
-0.608244288
-0.3810264282
-0.7162066042
-0.104058354
-0.7878083065
-0.5831280328
0.09666625056
-0.4192036495
-0.1505212618
1.953646326
-0.4827431612
0.2309928441
-0.140034472
-0.1661103054
-0.2168514594
0.5600618502
-0.0250493573
-0.2873914771
-0.1111041863
-0.1278064098
1.4624183
-0.445214507
0.9980340421
0.451075327
0.8182511399
-0.3829553366
-0.2021388989
-0.09804177172
0.4048592046
-1.024569935
-0.2146788538
0.01890850998
-0.1971127098
-1.011058424
0.150496893
0.2059678995
0.00892291069
-0.5778788954
-0.3422680795
-0.6866400972
-0.1958221965
-0.6565544188
-0.1052037429
0.714318745
-0.5700988755
-0.5940629214
-0.03878777418
-0.4487306088
0.09110306804
-0.2057748213
-0.1766398355
0.1478028015
-0.5745058864
-0.06409515757
-0.1190794652
0.4478447154
0.08992057964
1.072668527
0.2206602119
0.2476164158
-0.2039677586
0.3335727047
0.2508135687
0.04211916812
0.2296456682
0.04972007363
-0.377926863
-0.2556135699
-0.1024128355
0.2667285508
1.56791012
0.1177088197
-0.1296835266
0.6469360992
-0.005922764353
3.347200632
-0.296561908
1.00205121
1.242155787
1.069706282
0.4584470186
0.6785577744
0.2631196477
0.7146548949
0.9281225145
-0.1764814321
-0.3954836257
1.772117418
0.5210969143
0.610718412
1.413363275
0.1280076431
-0.1345508039
-0.1139330914
0.02834415492
1.428742337
-0.2756208537
-0.02651408867
-0.4069891281
1.357081991
-0.347444983
-0.3330692597
-0.3176492937
-0.005320548732
0.08722335296
-0.174146012
-0.3937855341
0.1277249452
0.657075081
-0.05717928912
-0.1532336656
-0.328597571
0.1847091444
0.2351239096
0.1829712015
0.8416185573
-0.4576650441
-0.1562110981
-0.5838716164
-0.8143590301
0.1465070685
0.1791141618
-0.1062915264
-0.07095878776
1.223714551
-0.4415324122
0.01039655767
-0.5517873153
0.1835533237
0.2055491474
0.1434961291
1.372491911
-0.06012163395
-0.1459777043
-0.1065402571
0.3856789753
-0.08705929909
1.218223974
0.2319253877
0.270135878
-0.2690741949
-0.2805381633
-0.3822571665
-0.1801191376
-0.1754620264
0.8809026688
0.2732627535
0.6812983986
1.837965328
-0.143057785
-0.6158431605
0.2174309271
0.06111124419
0.5225628294
-0.1115211863
1.23882122
-1.234932432
-0.01142964512
-0.3471959144
0.4676150318
-0.4568572722
0.4529807639
-0.1560447279
-0.2468652338
-0.1386812346
0.4940717831
-0.5480775014
0.2810059747
-0.4807838239
0.01089769769
-0.2604720898
-0.1837382998
-0.2142612198
-0.1037157117
0.3089098733
-0.5749304593
-0.2547250725
-0.5292818233
0.2993655488
-0.1363282811
1.069526091
0.1582901213
1.331575747
0.6724107981
0.2297996491
-0.1033521423
0.7971324652
-0.3493677348
-0.1203522027
0.7807204148
0.7077401366
0.4766758607
1.134524095
0.5677398451
1.208669221
1.066216557
1.656953886
-0.2952732181
0.5534543857
0.4541674152
0.2144059964
-0.2588045511
0.08811093704
0.03371299403
-0.3403661594
-0.1461876675
-0.01916637011
0.9380790193
1.532212147
-0.2421246625
0.1928373301
0.1600477133
0.05429886477
0.8551842555
1.351494655
0.5964199729
0.3711028308
0.4224190816
0.4059504084
0.3250138475
1.351155555
0.5660638496
0.1772954021
0.7628807142
0.9372504815
-0.07836425058
-0.09642384574
0.006260889024
0.8405757502
-0.0557098099
-0.05886260793
0.2907996669
0.05991806304
0.06993769123
0.8808046058
0.2635597213
-0.201639346
-0.2509126948
-0.01745639425
0.9936400592
-0.009314488247
-0.4844402596
-0.2782568386
0.1122570361
-0.2886540581
-0.511981678
-0.09419638971
0.6874450518
-0.648787193
0.3586744621
-0.005609171838
-0.03441073187
0.4487745989
-0.1202488374
-0.137826197
-0.1809162855
0.4007409539
0.2413787752
0.284670905
-0.1719128035
-0.3405375723
-0.1799868747
0.09044717252
-0.7355479315
0.6061248345
0.01133910497
0.3974675794
0.6467535377
0.4193740284
0.3013259748
1.667564839
-0.1847903236
0.233500527
0.225576194
0.2940931326
0.009551110864
0.5821628988
-0.1789229726
1.280816868
0.6288620979
-0.1485851752
0.562276026
0.4446301593
0.2848871706
0.3920290567
0.2330935795
0.8246597663
1.088487497
-0.1825282216
0.2774782605
-0.9863315165
-0.07795771193
-0.005699456483
-0.2055315121
-0.3082557522
-0.5320217669
-0.03325862698
-0.2055481547
-0.2712240323
0.4446628176
-0.3813075054
-0.658218208
-0.1989753671
0.6843765065
-0.9840343803
-0.7820303872
-0.07269670833
-0.2692509595
-0.1438765753
0.9951443315
0.5279375793
1.28016771
0.6860531747
0.2609545328
0.469655472
1.514006597
0.8395046405
0.6981620818
0.7831514299
0.8487048792
-0.3459788539
0.8420183212
-0.03272608593
0.5938523134
0.5095829353
-0.682866241
0.1929286789
-0.1557502555
-0.49192442
-0.3322185606
0.1265381284
-0.0564384961
0.03012766801
-0.1837809924
0.4226172078
-0.4133228205
-0.315610303
-0.5772884488
-0.8936277717
-0.1665025661
0.8607781023
-0.6283150345
-0.8771266103
-1.097234818
-0.3867022492
1.099623492
0.4803497292
-1.021294399
-0.9408670962
-0.8498346105
-0.4853669927
0.1223624926
-0.4121560842
-0.414736256
-0.3619254619
0.237999906
-0.04808697393
-0.6327944323
0.03701670859
0.4534299344
1.266574219
0.2903218476
0.5319133401
-0.1638368316
0.1872228784
0.8360976458
0.269005068
-0.1992651351
0.03437940739
0.09809491206
0.3835692622
-0.1565650925
1.503721905
0.3603802728
0.9477945536
-0.3315731039
0.8657268375
0.5747431412
0.4656413959
-0.4985254847
0.5327937732
-0.2443252914
0.9522046328
0.08771939822
0.1487119369
0.6740986839
1.358130276
-0.5095563658
-0.01550956834
0.6440508347
0.7790976793
1.009403107
0.7196798369
0.8030060612
-0.09640792441
0.1840633813
1.981412166
1.13862164
-0.1476225892
-0.2385543352
-0.09234990459
0.8601348817
0.2307612957
-0.3396620654
-0.07342833579
1.104856688
0.3928879635
-1.27855072
0.4075734518
0.03958771639
1.203440708
-0.3297252953
0.7751987487
-0.2082533717
-0.1049199
-0.3547829919
-0.04676707834
-0.5150198072
0.5536442496
-0.001833283529
1.120334697
-0.5466686979
-0.7464834079
0.251000095
-0.04066966157
-0.497011216
-0.1342742025
1.489873078
0.2457884062
0.8037063435
-0.1736428387
0.5130787384
-0.03824969456
0.2210770987
0.0479063361
-0.008520238474
0.1513091598
-0.3232518982
-1.092241362
-0.1313468332
0.001034773793
-0.2985072114
0.5735034168
1.207515049
0.1535308028
-0.2167850424
-0.009271762148
0.1004616983
-0.1136784802
1.558318585
-1.112849693
0.09501071945
0.5133048557
-0.4534294624
0.6479882956
0.09596109092
-0.3929133631
2.054100966
-0.2098625237
0.4091220796
-0.451082053
0.05602048375
-0.487314293
-0.3620577767
0.1881974849
-0.01815729178
-0.3133913597
0.5194122203
-0.4639365718
-0.1279303376
-0.4482662834
0.5071312055
1.037601897
-0.5379676849
-0.4321856111
-1.07019962
-0.4962928344
-0.09612984713
-0.3599617004
-0.09301055726
-0.06038777232
-0.07086280426
0.04343645629
1.487312326
-0.136915339
-0.1222034323
3.761589777
-0.5206015065
0.1672571736
0.090534316
-0.12473625
-0.2732413534
-0.2958055958
0.5631258881
-0.3064585082
-0.8734389722
-0.5530243084
0.3925817122
0.8059961036
-0.511684452
0.1930393532
-0.5118782043
-0.103676179
0.8871906519
-0.08904551584
-0.3814282492
0.6334828965
-0.157897909
-0.3434669934
2.57345348
0.3344372731
-0.8022502981
-1.17068761
0.1974333841
-0.4483220205
0.8881670743
0.3650306419
-0.4399565339
-0.8101488456
-0.2782189278
-1.004406251
-0.2910998031
-0.2014808658
-0.4689552845
0.656627436
0.7355634138
0.2484165166
-0.5439860284
0.7076170325
0.03559908047
-0.2342915043
-0.1936365907
0.2970270615
-0.5174893171
-0.1263983395
-0.4626722828
0.7779358476
-0.7780528128
1.061599705
-0.9066437781
0.150687363
-0.32496612
-0.1609136814
-0.5112978041
0.7434709996
-0.04947125744
0.5891532734
-0.6678969085
-0.3812566191
-0.3440634653
0.391117125
0.1373006403
-0.3853113063
0.4865351016
0.398375123
0.9597731769
2.834575284
-0.1133997187
0.4738269836
0.184216862
0.08262577951
-0.4424308643
-0.3364901296
-0.2499621931
0.1015662821
0.6756948203
-0.3558619775
-0.3079670666
-0.01950322054
-0.05684063043
-0.4147260115
-0.4039808676
-0.3852279335
1.620192656
0.1255256484
-0.2202885287
-0.274603989
-0.01598150479
0.09690255858
-0.1006565323
0.3658761244
-0.1642258
0.3114118204
-0.4463816717
-0.6294194341
-0.02420368101
-0.7903367132
-0.06278630234
-0.3848487176
-0.2577208601
-0.1979630165
-0.4078585982
-0.3307830125
-0.3853354521
-0.3776438683
0.414347885
-0.3523214839
-0.3746915974
-0.1340707788
0.1436619595
-0.3339196272
1.221075076
0.438715834
1.417591742
-0.3354585662
0.4314547032
0.1910017728
-0.1001982883
-0.1304651488
-0.198520904
-0.4425495107
-0.683842656
-0.0761467386
0.08578714957
-0.04375125673
0.2541143596
-0.07272805441
0.4017119292
0.1355907761
-0.9869103253
-0.7180614248
-0.5187011115
-0.05719401725
0.005363924615
0.1266843283
-0.4047465548
-1.037793678
-0.1784742327
0.5521606881
0.1202626451
0.4361950678
-0.8044997275
-0.3548648812
-0.6443707347
-0.9947870836
-0.6126206234
0.01444279836
0.2781070277
-0.2986467414
-0.8824209288
0.3785145749
-0.1207550751
-0.183770023
0.7487003028
-0.7375104442
-0.4432890922
0.2698838819
0.2685409328
-0.03391225021
-0.2733118627
1.597071806
-0.2172926217
-0.4636555046
-0.6202287227
0.4345950618
0.06915482171
-0.0002344543114
-0.1230722282
-0.1022315641
-0.5813170344
-0.988093856
-0.1445129515
0.2180249017
-1.044663943
-0.09848334827
0.1084437524
-0.1942654541
-0.7598899752
-0.2283375572
-0.4950840615
-0.768060793
-0.03532839678
-0.5492722414
-0.7862958714
-0.4409073398
-0.571891037
-0.4281891294
-0.8099231824
-0.344249098
-0.879847151
-0.6307620764
-0.0349784371
-0.127594089
0.01943441201
0.2169551026
-0.6963507742
-0.112228219
-0.1520946796
0.1671882398
0.924667564
-0.5203508049
0.5019104082
-0.2719719149
-0.48930787
-0.5227776453
-0.2810565386
-0.09396127108
-0.1882125686
0.1194624823
-1.163967425
-0.1864721278
-0.2031206992
-0.05045585176
-0.6629112497
-0.1403914709
0.1278473281
-0.173827085
-0.437348593
-0.05390586127
-0.06431333954
0.3626585865
0.09688463546
-0.2621576143
-0.3650975458
0.8087568201
-0.04682690501
0.7020070754
1.046751279
-0.7247774631
0.1473018459
0.02055923901
2.050100392
0.6211373888
-0.1775497969
0.1468369998
-0.2268508498
0.08420597101
0.5844496555
1.556555212
-0.06269452781
0.01331414832
-0.3244436346
0.4484597977
0.4010201182
1.595636216
0.3737774685
0.5411148193
1.147276729
0.02841806859
-0.8300078288
0.8614095598
-0.3345973562
0.4020349905
0.8471154749
0.1059638463
-0.01674670372
0.7825563066
0.1665111894
0.2053981736
0.2269949498
-0.1509173649
-0.4644543737
-0.127330647
0.5366397135
2.580316168
0.4464768447
0.3201527365
-0.06883572009
1.357249326
-0.1960822558
0.1484266672
1.144995472
3.21976105
1.206740713
1.672069868
-0.306905061
-0.2636361361
0.2588356504
0.08896446787
0.1373973696
0.4340308048
0.5882641708
0.1535379134
0.1480761038
0.2008207576
-0.6838327592
-0.4793240406
0.2705832108
-0.1518129617
-0.5290408123
-0.3378497511
-0.1990141492
-0.4022432908
-0.0837375788
-0.2550548943
-0.7738483757
0.2331151291
-0.4140636239
1.024039128
-0.1251011178
3.146955585
-0.03036872484
-0.06450194288
-0.3749499001
-0.4003615517
-0.1470287584
-0.01711159637
1.257527027
-0.0384312883
0.4709413204
1.059531593
-0.4236000955
-0.1484745342
1.018172684
-0.2234858818
-0.878234981
-0.1702492831
0.5589631517
0.4869573053
1.08247485
-0.1911690219
0.04546437431
-0.831130816
0.6057450682
-0.01023948062
0.1521079605
0.3805395946
0.3871566001
0.9702571288
-0.4777586523
-0.118874689
-0.5633017048
-0.7327970244
0.3530267997
0.2036299599
-0.6125042129
1.060819888
-0.6558731273
0.7155794188
0.6518088903
0.1274176677
-0.9076227427
0.4115770791
0.2580437636
0.294469802
0.8425148755
0.1045807192
0.1604502152
1.058300415
0.1413764037
-0.09940376952
0.1642596452
1.796715701
0.07387554348
0.3831920431
0.2684520341
0.7989103008
0.2089465113
1.113766295
0.1523942974
0.5448552892
-0.4492805112
0.08190004602
-0.2376114413
-0.1241144605
-0.7289189719
0.3787012383
-0.3060505511
0.8187050864
-0.1019916259
0.1873183951
0.06299748961
0.5453208011
-0.1646276169
0.1828231244
-0.07981313672
-0.3282375276
-0.02338066404
0.7783910379
1.423097709
1.483649001
1.229723236
0.4898012139
0.05966492631
0.564759919
0.1275158525
0.4469780155
-0.2406333137
0.09903721036
0.7894681782
0.1343645147
0.4317490049
-0.2097806396
-0.2338076048
-0.4463916481
0.9918021262
-0.3747617826
1.045293001
-0.09289733358
-0.1123995617
0.3510439828
-0.8123290941
0.2086155437
-0.4809540249
-0.6235636964
-0.6904616117
-0.4651162013
-0.1878016632
0.1957733134
-0.5822929054
0.09918122999
1.673711717
-0.0406844887
0.668800424
0.6247193545
0.2025608858
0.08177349791
0.7787076324
-0.1788630374
0.1145701997
0.03730029203
0.8443254292
-0.193411025
-0.1231520653
1.898176053
-0.7692935809
-0.4458747223
0.1667921953
0.959572982
0.2141899932
-0.03465744536
0.7205386057
-0.7817820773
-0.2837158151
-0.3485626332
-0.1062232401
-0.3180646285
-0.2096565217
0.6365486387
-0.3843712956
0.07613803912
0.2074166939
-0.7077867687
-0.6300763991
0.2125811302
-0.1978747068
-0.03203232326
-0.3868901353
-0.1144295542
0.2792783421
-0.965946126
-0.6879524052
-0.8206988037
-0.2722025879
-0.8988441765
0.592506814
-0.07657865807
-0.4581970774
-0.8119180098
-0.248790108
0.3260554526
0.3236359396
0.3415700696
0.3781479561
-0.2710671585
-0.7160759002
0.4718717091
0.01944043031
0.519424355
-0.5999665543
-0.3227776825
-0.003706706688
-0.3097990856
0.2332110716
-0.8103721827
-0.3460237712
0.07506222688
-0.6395386666
0.348464131
0.1419281363
-0.305827491
-0.7355906606
0.6937561303
0.5612880051
-0.02658809279
-0.5503370374
-0.4207326844
-0.15630555
-0.4473712608
-0.8694385827
-0.4535978142
-0.5889473841
-0.4574623585
-0.636143966
-0.3250613086
-0.2370745242
-0.5792455316
0.5502749193
-0.7050238863
0.427397918
1.758718938
0.03536869795
-0.204826808
-0.3046895236
1.168946192
-0.2196881793
0.04671556442
-0.0005619919859
-0.5785233155
0.9159967707
-0.1655018549
-0.3483959407
1.176046097
0.04274572376
-0.385887067
-0.4002273954
-0.4605396897
-0.7791443646
0.7288575049
-0.1145269737
0.01059472878
-0.2729003683
-0.3085620802
-0.1923161034
0.08244474744
-0.07925754052
-0.1474492717
-0.05865847878
-0.1213954698
-0.1448493581
-0.3322773926
-0.7451570123
-0.1937044565
0.0139664555
0.6920227304
0.9625788543
-0.09091496989
0.06164111272
-0.5824769139
-0.7038914703
0.5761465404
0.6052122876
0.05974448407
0.3082855185
0.009202037286
0.4078597204
-0.41828219
0.4599795897
0.3951848667
-0.936569117
-0.476583403
-0.8198799193
-0.8764459223
-0.7770883709
-0.01252768338
-0.08919332959
1.052711478
0.05827443227
-0.3433592342
-0.2718106471
-0.3992156997
0.1460240282
0.4338362459
-0.7325971931
-0.2769360569
-0.5783680648
-1.054216094
-0.4498351606
0.1701012839
-0.4659102589
-0.03642981378
-0.3770595171
0.09873664193
1.459920143
-0.3485215656
-0.4090925589
0.1531533141
0.05851500994
0.2527065248
0.1068208918
-0.5244083732
1.15460088
-0.09084858038
-0.3085135259
-0.5012681819
-0.1896937415
0.2329922207
0.0748583369
-0.03583064915
-0.7120441601
-0.08976477254
-0.03892723704
-0.1690115009
0.4974989284
-0.356814618
-0.5678411603
-1.050755203
-0.5616789311
-0.2968257519
-0.4758990865
0.5623426482
0.1862777254
-0.5684905395
-0.9300291479
-0.7233307675
0.2597291207
-0.2774892561
-0.8556243837
-1.085735105
-0.4142818712
-0.1790710084
-0.359779818
-0.04474608293
-0.03212652756
-0.6357365802
-0.001855702698
-0.5321144998
-0.6664785415
-0.006538135
-0.06824094532
-0.1110743921
0.04824797213
0.0221782269
-0.5633725062
-0.176905724
0.4423488349
0.4412916631
0.2286507227
-0.1899379313
-0.7360317171
-0.2242804702
-1.592322513
-0.6343677714
-0.8267350391
-0.3549370989
-0.7630601943
-0.5060078755
-0.3780529812
-0.286873582
-0.5046407089
0.446150893
-0.06131846756
0.5525427867
-0.4478196159
-0.01601878256
0.1435889715
-0.7129503906
0.1982157849
-0.3075669598
1.097320236
-0.1370986184
-0.5718196057
-0.3564164311
3.032566452
0.1310075719
0.05785760675
-0.6352851659
0.7272595689
0.200899272
0.5467524871
-0.7504132167
-0.2060966353
-0.7261312261
-0.3595584482
-0.4317044571
-0.374039571
0.3722253656
-0.323378313
-0.3751394004
-0.05366969742
-0.7262387648
-0.2160483096
-0.8605137601
-0.08976855893
-0.5596855447
-0.2758750884
-0.4623327196
-0.123478822
-0.7218564659
-0.3920969158
-0.3553308465
0.650501062
0.4399783177
0.7313270427
0.1344612481
0.1319756065
-0.5604674831
-0.07843794972
0.08419918302
0.4561894458
1.031176749
-0.1891155683
0.1684949504
0.5996692061
0.001957896259
0.7443050291
-0.2718091272
-0.0912869758
0.09619763307
-0.5699426338
-0.04506039899
-0.4436380692
-0.1577489141
-0.4822757125
-0.9097979173
-0.2755248755
-1.159398462
2.014141035
-0.6068472609
-0.398384776
1.224498492
-0.6784871519
-0.8205688596
0.1262590521
0.6133410109
-0.3850077718
-0.8078230709
-0.6403902099
-0.818735379
2.395442724
-0.04937219368
-0.4488967106
-0.6988280311
-0.01515523028
0.1929363059
-0.3113895945
-0.8371284351
-0.6731838763
0.4231824658
0.4297855293
-0.4304658167
-0.01464805678
-1.002893649
-0.1336959427
-0.1597252453
-0.4601049125
-1.174863848
0.2214442586
-0.4930237919
-0.8773673192
0.4393953752
-1.18337923
0.06501934342
-0.1259274244
-0.9848800749
-0.3775603414
-1.032593703
-0.8261919156
-0.7777201146
-0.5933135927
-0.4854822814
0.3196520982
-0.262238244
-0.02262002081
0.01848804634
0.2852602385
0.4446722785
0.05105215237
-0.4792302147
-0.4059289448
0.5858394466
0.08235851601
0.01317658974
-0.9607917324
1.843835449
-0.2409335326
0.2954084748
-0.5395467296
-0.5758402526
-0.3526061982
-0.965173763
-0.2719093144
-0.02313262997
-0.01972094364
-0.2094862157
1.482963908
-0.5426457748
-0.7652671129
-0.5564230338
-1.25532666
-1.165173891
-0.6743659243
0.09745686771
-1.291540453
-0.7524378195
-0.3837578572
1.124097544
-0.2731708756
-0.3258895427
-0.184324073
0.003686949797
-0.5454820529
-0.5199558914
-0.6095883019
-0.356674967
-0.8650771886
0.4133062106
-0.03701616926
-0.8814246848
-0.6852266688
0.2962467305
0.01171682617
0.6194341661
-0.0683573734
-0.1958531091
-0.3557696855
-0.6682944685
-0.4943852976
-0.2026983965
1.193384609
-0.4785843298
0.08370436742
-0.1312350826
-0.1914124023
-0.588203758
2.11860404
-0.1633210484
-0.7858929247
0.1430915478
0.09636118189
-0.1596425816
-0.7752904803
-0.1027505566
-0.675585115
-0.9145250499
-0.5498935297
-0.1264667049
-0.6075200729
1.737734741
0.225400072
-0.1623774951
-0.1125881804
-0.3446692958
0.209047927
-0.06867566723
-0.8868658453
-0.4573478043
-0.02266080827
-0.6707271427
0.2614975428
-1.004145442
-0.4220619157
-0.0194712989
-0.1672766082
-0.4827188134
-0.3705158032
0.03001347668
-0.6481711835
0.1823392864
-0.2686034311
1.49390083
-0.9477598116
-0.6714066893
0.5006471258
0.9342352591
0.3957360901
-0.1925955579
-1.202145347
0.8471797019
0.5349960692
0.6142622981
0.2816399716
0.3535224594
-0.3742001206
0.8691666275
0.8757840119
-0.5240666419
-0.9660672605
1.444862086
-0.1224300338
1.631327474
-0.03228006326
-0.1064284053
0.3415326681
0.6956981469
0.07530656662
0.03316737674
-0.7769556358
0.1784186099
-0.356087096
0.7804713145
1.356706992
0.9877560198
-0.02825647555
0.8876375914
0.1175346414
0.1133103253
-0.3258636475
-0.04184020143
-0.6433525935
-0.05081398543
-0.4613836609
0.4306244839
1.216385521
0.08210086543
-0.3901766792
0.3038262211
-0.07870119787
1.024706599
0.4402529202
0.6384293362
-0.09973025545
-0.2753911598
-0.7994798183
-0.5168802604
-0.2766991507
-0.3747129709
0.1332750352
-0.1417046785
-0.2565752482
0.9459449232
0.3386315078
0.5721178271
-0.8555055231
0.1948131682
-0.8068077795
-0.9486572295
-0.1999415908
-0.1685927469
0.7389742233
-0.6389647864
-0.4982651472
0.1498953138
-0.04820378385
-0.09359753607
0.2334910223
-0.04552827813
0.9866420239
-0.333864668
-0.1765857162
-0.6635236666
-0.2589716636
-0.4821214691
0.03618362695
-0.2661858492
0.429908739
-0.1724884368
-0.1925583929
0.3576251317
0.3372715913
0.495628275
-0.6123380646
-0.4449413978
-0.2158600312
0.592708792
-0.2866656531
0.8893020779
0.8497414902
-0.1655096264
0.390617789
-0.1557241559
-0.2904491879
0.182720669
-0.6765615359
0.2336076226
-0.317648856
-1.155655819
-0.1947863506
-0.8757163092
1.176469326
0.7971819162
0.6703291088
-0.09710860979
0.3344452616
-0.1588619287
-0.5733851641
-0.6936898917
1.519275096
-0.6427988812
-0.3296786256
0.2254116731
0.1798464468
0.7870786592
0.4000865981
-0.1260622113
1.904487491
-0.009953941684
-0.3840434626
-0.4375193305
0.2114851924
-0.2840293933
-0.09462043843
0.3659491681
0.02557177022
1.43438794
-0.6042588614
-0.1810877159
2.76792866
0.2577012889
0.3820386764
0.4190839127
0.4916885752
-0.2621196866
0.320112282
0.05934540266
0.6206167974
-0.07242121417
-0.3077991707
0.3212738385
-0.1334115942
0.4888322905
-0.1701974668
-0.1977836378
1.521786469
0.9538395792
-0.328252266
-0.04738019537
-0.3502465896
-0.2625972375
-0.04582085069
0.4420124673
-0.5131081689
0.6322099373
-0.08367986614
0.4101354375
-0.4104415663
0.2307664197
0.4837857202
0.4835341305
-0.2288819786
0.9284738794
0.18403515
0.1915600987
0.812626414
0.2413002436
0.7070963681
0.5879688824
0.396794555
0.1991184365
0.4018366613
0.5844933473
-0.288596411
0.765228644
2.08815954
1.794817093
0.2016416367
1.881891972
-0.003636111692
0.2024779981
0.7662981421
-0.1696937958
0.4855410554
0.6855475597
-0.2520741435
0.3998555979
-0.1135347761
-0.2245240193
-0.36926459
-0.3178695336
-0.1108661935
0.4367170684
-0.2742753055
-0.4295153067
1.153295961
0.6268352635
0.03515291549
0.1892140359
1.001458975
-0.04640213009
0.8758288756
0.6034685962
0.4800075546
1.165820992
1.144127795
0.1825194605
-0.1241763482
0.5024644278
0.3260485131
1.258927618
0.5585443057
0.8385878257
0.8310510904
0.07148093078
0.4282150008
-0.3042066172
-0.3244880024
0.3074481133
0.935288097
0.0004553155042
0.3676369065
1.142705396
-0.3500311699
-0.4647601552
-0.04427524209
0.5763465181
0.3152352098
0.378022185
0.628807117
0.3500444624
0.1071005292
1.497537297
0.4448092606
-0.5648754835
0.2701903667
1.001986873
0.8376043364
-0.1362288047
0.9832579672
-0.08414121792
0.08017788026
-0.6733852714
0.9310968369
0.01729623675
0.7172616951
-0.1084189821
1.114305249
-0.2701558841
0.3745163927
0.2542281017
1.269196002
0.3776505884
-0.03928168342
0.6446871072
-0.02758934051
-0.9165756404
0.3604407515
-0.01507624956
0.3508380387
0.7505281955
1.164005792
1.069262968
0.6132149115
0.5055001397
0.3058299817
-0.02773079742
0.2486397289
1.276208255
-0.5366777733
-0.08278558999
-0.5739806697
-0.5004903674
0.5647826002
-0.6731485695
0.06182206906
2.814147329
0.6607349634
-0.4394466173
-0.2838801775
-0.2195085723
-0.5376110077
-0.2520971751
-0.2783307271
0.4626767024
0.02162620607
0.0645209088
0.1547057522
-0.2134681401
0.3077829223
1.616515577
-0.1949050449
2.1533521
0.8461445302
0.5759835832
0.557179689
1.870752454
0.9027637325
0.9708180562
0.5430929709
1.513046771
0.4282348505
-0.371875523
0.3204359017
0.3987570168
0.6754339099
0.3554648709
-0.2793491
-0.1433949745
0.03357697129
-0.3176878229
0.1900769483
0.3836842061
0.2732140851
1.263221285
0.5827261701
-0.4876285098
0.7683972277
0.08426140975
0.06010209024
0.2320328312
0.454974632
1.091676942
0.1072904026
1.968910068
1.669270194
0.854985965
0.04950914457
0.8314986497
0.1656910579
-0.5057568952
0.6768725961
-0.3227952093
0.2633370593
0.009374903329
-0.4613954425
-0.3122243449
0.5407312118
0.05499155819
0.5931411441
0.1916457655
0.6706451505
0.4291479629
1.048515511
-0.03899026085
-0.3414244652
2.352256829
0.3948376536
0.2879082903
-0.1102922257
0.4964099592
0.6133010656
-0.2304980641
-0.3734604433
-0.5180030882
0.610932637
-0.2838531766
-0.3796915242
0.8239226539
-0.7226728737
-0.05017603841
0.8275586247
0.7637575477
1.622667733
-0.1313542033
0.8491115421
1.146705121
0.4972506672
0.02137446441
-0.2748495091
1.541061252
0.1291725311
0.4333813067
-0.4077535369
-0.2653297037
0.2063404885
-0.1196357898
0.002442805935
-0.04207106796
-0.3475703623
-0.424248299
0.2167310224
0.08587064669
0.5130815066
-0.3577890109
0.167219731
0.5223612256
0.1024289802
-0.776714091
0.8494750708
0.619831945
0.4056020696
1.016021375
-0.1808001045
-0.07626959793
0.2346170783
0.4116332378
-0.2381334756
0.2355874656
-0.05710133538
0.07207845207
-0.1940184806
-0.02622103505
0.4577033766
1.855962807
0.8351857975
-0.05910800062
-0.1495147194
-0.02188858688
0.2156771371
0.8019647211
0.921894215
0.7401345372
0.3091284757
0.3902639307
-0.1230512369
-0.2078345533
2.209021652
0.7514551435
0.1201702066
-0.5778702319
-0.8754115015
0.4761899576
-0.3375059366
-0.08306190642
-0.7900502458
-0.03382225716
-0.5462908551
0.2204893637
-0.472321181
-0.3836826861
-0.3658654079
0.5116928399
-0.3296278659
0.7102182165
0.6256186508
-0.6051749259
-0.8825936824
0.01840564492
0.3853667937
0.6204655446
-0.01461242493
-0.5158280909
-0.2881234936
-0.3375432625
-0.1971954919
0.1306209449
-0.7214938901
0.7871297911
0.1097753312
-0.9738336906
0.9275886863
0.8666765645
-0.09576128293
-0.1789039962
-0.1389845464
0.1491292276
0.5253187854
0.6758062433
0.2705890737
1.638524297
0.3545959797
0.4057715259
2.394677836
-0.02258368637
0.8084496245
-0.279363516
-0.003205234557
-0.303442689
-0.2073889131
0.151282149
0.1427531408
0.5616580665
1.362133268
0.1046366896
-0.04538943768
0.5237097867
0.08492265139
-0.2022965871
0.2089883792
-0.05216648262
-0.300398583
-0.3211591959
0.6973865184
0.03407770991
1.104143518
0.4350217958
0.07550099855
-0.1311630448
0.1937427718
0.6686050311
1.007192124
0.03749111556
2.216788304
-0.8425683171
0.3338648206
-0.4365821064
0.3906302732
0.3939654671
0.6800552681
0.4645512439
0.5851015732
1.915704191
0.9441042095
0.15251428
-0.2660553819
0.3860596759
0.1133556468
0.7564023587
-0.2465830756
0.7665990625
-0.1680290449
0.2120623467
-0.1565249108
-0.9407804281
-0.1926308069
0.4334757498
-0.1295134719
-0.613102302
-0.09151679445
0.4940431867
-0.354075264
0.408809788
0.8051983023
-0.2346184276
-0.2116540145
0.7761378063
-0.2269324532
-0.2746878941
-0.3357993841
-0.118318568
-0.1409103129
0.09382202169
-0.1620015338
1.89056358
-0.03220497416
-0.2944375776
0.6156883471
0.08361234926
0.1081357533
-0.01512901597
0.5843211804
-0.2543783125
-0.1814879244
0.2667684991
-0.01708444301
0.001082701422
-0.5598405644
-0.4592784837
-0.09286891874
-0.2077277897
-0.3597948086
0.2273741564
1.087447584
0.1210284662
-0.4940640286
0.08605656922
0.02556887614
-0.6354148284
-0.5695082761
1.759179026
0.7185767889
0.2111283312
-0.2932275981
0.3073598072
0.05992858745
0.1403862868
-0.7539113402
0.1532234939
-0.0359571401
-0.1402537208
0.5966122597
-0.002036388591
-0.1374586606
0.8695565909
0.8994922832
-0.1923179368
-0.2729814146
0.1002027953
-0.5326006971
-0.7110239282
0.1721238663
-0.07056190223
0.2564453498
0.4952645013
0.05536275823
-0.2361566268
-0.2388008945
0.5745245323
1.140233445
0.9256232783
-0.221590996
-0.1399230645
-0.1101026231
0.2440011699
-0.311107488
-0.0473393755
0.9167315573
-0.2465014368
0.04349019304
-0.0444697354
-0.3578861989
-0.369669608
0.03718405869
-0.4142666429
-0.5307843655
0.2451664286
0.5752491578
-0.1641184792
0.007212314522
-1.233822989
0.1614370575
-0.2439796438
-0.2736351656
-0.4025477037
-0.3084940881
1.994127959
-0.6118009649
-0.4767892137
0.9026964352
-0.4622980222
1.845761085
0.1483952885
-0.07572148144
-0.6053730249
-0.6580905005
-0.4664284237
-0.06016752459
0.07877994506
-0.8543937266
0.6539829038
0.1703180718
-0.1026780497
0.3515962137
-0.05065737721
0.7671192661
0.7274624106
-0.2754706152
-0.3834191436
1.548393205
2.336877644
0.3615450546
-0.2163393619
0.6796164587
0.2472392919
0.1800315242
0.05830593053
-0.09976191903
0.4595390262
0.10294252
-0.2488656189
-0.3273483485
0.5941266671
1.646146733
0.1278129131
0.5689592518
0.739627979
0.5698045833
1.534549052
-0.1835830385
-0.3687145911
0.05011954568
0.1838438047
1.208766997
0.02964270534
-0.3217519984
-0.5005724251
0.08227287102
0.3995672047
0.211577227
0.7011169896
0.9013705179
0.1382263142
0.1975774416
0.6984963089
0.411036082
0.6581210226
3.450258899
0.3140820484
1.024058066
-0.07390210181
-0.1213135256
-0.1942812622
1.520223325
0.6727752499
-0.4850911573
1.245921168
0.1446553748
0.2280239142
-0.02757705562
0.150903469
1.443884385
-0.2392350251
0.1196608126
-0.01919851
0.9295556992
1.338412693
0.3113925727
0.1156220529
0.6954409506
1.098363596
0.6833242528
0.6513019316
0.3576948294
0.2699280452
0.2388506039
0.1164596817
-0.1328189561
-0.076863629
0.03745289119
-0.1573712145
0.2888351923
-0.06440529712
1.312419125
0.3295188268
0.5291532943
0.7897105873
0.6237830803
0.005324014463
0.2469427316
0.6105997374
0.8974992947
1.925638509
0.8336754918
-0.3523447841
-0.1343922194
2.316201884
0.4446632694
0.1119538244
-0.03203995656
0.4040716209
-0.1646978959
0.192078093
0.1310081393
1.706384957
0.1524671046
0.7276077271
0.3413471546
-0.8817566574
0.1083533254
0.02174562817
0.7133650497
-0.5786113992
1.007355615
-0.1475437675
0.05787164923
-0.5693528228
-0.08869777089
0.07363262735
-0.2838301137
-0.1291746408
0.9420042083
-0.1372517236
0.4009662986
-0.2070057102
-0.09156106338
0.4541247049
2.318826354
0.554865592
1.122974256
0.6582520619
-0.4272025036
0.3342888169
0.6549001232
0.8070240974
0.5528508216
1.478309563
0.1624225223
0.3811853528
0.05624869354
0.8195634067
1.479862925
0.8383948043
0.02816390162
0.4255228408
1.774292046
0.46963397
0.8032735895
0.3668942805
-0.289498356
0.5703882419
0.1112233298
2.90404669
0.5949643411
-0.1924315769
-0.2003477164
0.3572958168
0.2421279839
0.1161504967
0.3739598382
0.7754018292
1.272331649
0.1273032759
-0.4745349713
-0.8043643504
0.1142626835
0.4577320877
0.3409805495
-0.4206643105
-0.09470466562
0.07239652574
1.163681674
-0.237450367
0.4228230113
0.03172334163
0.4630869549
0.7564772815
1.015954454
1.485537702
0.9179042935
0.06820686385
1.151730072
0.6562709909
1.369868803
0.2919875922
0.03964517266
-0.2253452864
0.1842415621
0.00339748906
0.5190203018
0.3668987989
0.3954574637
1.447698691
0.3206335947
-0.2515355252
0.930866085
1.528405976
1.134691396
0.3887015119
0.7227317289
1.97962966
0.2747857202
1.399874076
0.05976674501
1.367455715
0.3393487498
1.527386487
0.6766272742
0.8948396385
-0.3391308852
0.4173118625
-0.4250622213
1.039601118
0.4978353929
1.618618977
0.1128441116
2.239086831
-0.1891859461
0.05078210365
-0.006019340456
-0.41615794
0.7680933952
-0.1756268654
0.5947105892
-0.3262697041
-0.06609875746
0.8340021655
-0.2996020354
-0.06815559827
-0.6943434253
0.5595551934
-0.8290859103
-0.8921957117
-0.1390539054
-0.365987898
-0.47239502
0.01431308538
-0.6916927349
-0.2883510377
-0.2658645537
0.4890291687
0.7047711462
-0.2868853118
-0.4648415536
0.5255368814
-0.3820529372
0.5405030601
0.6346573263
-0.2592310593
0.2335237646
-0.04083389305
0.01873611808
0.5254987322
-0.6741866089
0.396415523
0.6910170354
-0.543026261
-0.2313600913
0.2001301217
-0.9096894369
-0.2047535524
0.4661763687
0.1660859037
-0.1689193226
0.07805277202
2.050523609
-0.6429372206
0.8292934865
1.270390272
-0.04366599536
0.1048919669
-0.04403097462
0.01569304913
-0.3184563234
0.9110414051
-0.01708442634
-0.425327792
-0.8484857932
-0.1571604952
-0.6906692713
-0.3138035912
-0.1287169881
0.1078678038
0.6861028038
1.157946858
-0.02149638887
-0.4069945015
-0.6817069963
0.1039397523
0.2971644511
0.1150340542
-0.52914363
-0.1564318262
-0.6488681495
-0.1924181061
-0.3664747559
-0.09302260922
-0.2673444681
-0.9042821556
-0.5091467589
-0.2435025312
0.3692317897
0.3827548535
0.7311102679
-0.3985266522
-0.2516096562
-0.2242342338
0.1895695474
-0.1629901495
-1.000143017
0.2125639705
-0.6655411337
-0.4449851714
0.2116269974
0.8749722406
0.6271202564
-0.04726142734
-0.1154896083
0.9251897961
0.1759918345
0.1219072632
-0.1646192725
-0.1256725012
0.03942638468
0.400250455
0.2253433601
0.1657327
-0.03187680757
0.2815300852
0.09016147265
-0.2050610859
2.981121218
0.4426187679
-0.01349425418
-0.379343595
-0.06917759655
0.2366826995
0.2928757489
0.3321070671
-0.2765659787
-0.1826219447
-0.2412499886
0.4087785425
0.05860058144
-0.4828773797
0.279776971
-0.2294143312
0.07519854642
-0.09794047307
0.853279981
0.1165549682
0.685533917
0.4515840575
0.5283820011
0.02699825
0.03823936265
0.9134762377
1.04180302
0.6552305074
0.1739715476
0.940954107
-0.01923946589
0.541032666
0.2077563895
0.8631906748
0.4489305262
-0.7273367584
-0.5824663684
-0.08630983811
-0.5838881403
-0.1917403374
0.5609079473
0.1922970269
0.1027978378
0.0405350782
-0.02055505011
-0.009284847602
0.4196206927
0.02538160249
0.4747258857
1.26827814
-0.6807699837
-0.05205336232
0.1428764978
0.2226377292
-0.5761676423
0.1622518975
0.2484760985
0.3008762307
0.7115204558
0.7516021347
-0.03345940318
0.3868240605
0.5204831149
0.02682942953
-0.3901357085
-0.09602277577
0.2811571486
0.3894628868
-0.1467464729
0.6931860492
0.327104162
0.04979164414
-0.3403852265
0.09273993131
-0.4812582765
0.4948617967
-1.160296243
0.1369486941
-0.4192436716
0.06734435223
-0.4172134884
0.000838447921
0.4756252234
0.3158492692
-0.1245913347
0.554213411
0.1580544638
-0.2476391584
0.05675458349
-0.8508527759
-0.03650995605
0.6417003661
-0.7518990327
0.5041457247
0.4291225256
2.365830797
1.782006162
-0.2120056532
0.08246994074
-0.3364496848
-0.3222721245
-0.2778317682
-0.09539392889
-0.111772608
1.328534997
-0.5060641646
-0.3909249105
-0.5286711745
0.2114879336
-0.669686988
-0.2034159094
-0.5650758326
-0.01467922665
-0.2128891993
0.6291947201
-0.0497082809
-1.05622278
0.5865111452
0.1692172466
0.8584308103
-0.04384787865
-0.853983669
-0.03852153393
-0.3920818202
-0.08937105071
0.06991232978
-0.1567839684
0.07111164238
-0.2128565751
-0.6222137637
-0.5960406989
-0.05326376203
0.05866016243
-0.622093555
-0.03676490909
-0.2975753367
-0.3361147985
-0.33697161
-1.163000305
0.09300023243
0.06951355729
-0.2687447093
-0.1566688588
2.142462924
-0.1417418426
-0.3828657065
0.09300095933
-0.6014578227
0.05738283619
0.9199876562
-0.0125720934
0.03603722956
0.5490956322
0.9119584903
0.8651010349
0.474789797
-0.02303899825
-0.2145055179
-0.2559606463
0.7224009639
0.3937370472
0.9074381649
0.4891150728
0.3985456343
0.1066926432
0.7658943351
0.3762046956
1.245496386
1.530986145
0.2279122997
0.01048161471
0.4168619931
0.4173339836
-0.2774756208
0.8420154214
-0.6468662526
0.4852789702
-0.4192450818
-0.8168384455
0.7655666292
0.4134585301
-0.02743357811
1.206068334
0.569268164
0.3077553999
-0.552496773
0.8045105785
-0.3287398841
-0.2514202267
-0.1565155519
0.101547067
-0.1207016677
-0.1787336037
0.4421770249
0.5274403049
0.8970963672
2.069402575
-0.130874187
0.7625671431
1.457400045
-0.03913374562
0.02965759765
0.6967429407
0.01450687684
0.8561824158
0.2402560415
-0.5328093693
-0.4670480743
1.146119206
-0.2363963388
-0.6770649582
0.1108637258
-0.06475410489
-0.315265413
-0.6046181545
1.776684597
0.0841005981
1.947979552
0.8625371244
-0.9064560547
0.05829323791
-0.0879499211
0.1816614298
-0.489066951
1.099339429
-0.7546685591
-0.6437377483
-1.031859088
-0.1918683287
-0.6355949715
-0.631646876
-0.255268917
0.01686526425
-0.463861315
-0.2924584948
0.005791298021
-0.2287261479
-0.3435108043
0.05576390736
0.03114203904
0.01130020693
-0.1161045223
-0.1418556351
1.081945062
-0.2258082129
1.322535041
-0.1364539243
-0.1431763701
-0.8863639414
-0.1973093055
0.6794769302
-0.2379456632
-0.6325127877
-0.2327867005
-0.5088433996
0.1417775623
0.4928513607
-0.4036392413
-0.0009825872257
0.6738802195
-0.2090460272
-0.2788784917
-0.4985376015
-0.6317709282
-0.1285625173
-0.4823491201
-0.8580907434
0.1429159923
-0.2015311342
-0.1976726187
-0.3068003528
-0.2910439834
0.8747400671
0.1849010093
0.3887854204
0.1132209768
0.04820890073
-0.2378493337
-0.4610156015
-0.5175231829
1.690681064
0.6570397556
-0.08119582552
0.07001229674
-0.7664544933
-0.4010254018
1.542775398
-0.4191643551
-0.3912789617
-0.1602327756
0.1364543654
0.1819555218
-0.2741507739
-0.9106811419
1.83079536
1.432289818
-0.1891177598
1.362349601
1.248379296
-0.3432746477
-0.7988099515
-0.2770717986
-0.6178347796
-0.6200260013
-1.176443505
0.6575347096
-0.08908064552
0.07709043752
-0.5935778901
0.01645881236
-0.85755153
0.2778313287
-0.4573093992
-0.1933106367
-0.1217563897
-0.8084691959
-0.2876597648
-0.6773466036
1.145369059
-0.2688487696
-0.5343345072
-0.2775633566
-0.7401270464
-0.5182205781
0.3635629985
-0.4690639324
-0.5382597983
-0.1174896661
-0.2575276168
-0.1695809983
0.3427857053
-0.1763851032
-0.04845953379
-0.5825294822
-0.201901803
0.02239888385
-0.3253671348
-0.1317569744
0.8473223964
-0.2262934256
0.4480910898
0.07176049147
0.6825266629
0.6335671887
-0.8308107503
0.06650446542
-0.03211358786
-0.3462730661
-0.7461606763
0.4997590527
-0.7023732021
0.0003810884431
0.06936667934
-0.1038247339
0.07517262548
0.3787915811
-0.1872372936
-0.5001494899
0.545934394
0.08458969239
-0.8679054931
0.4175525777
0.4596252352
0.2976752697
0.05185812642
-0.252919893
0.1031421057
0.3805079799
0.5880871829
-0.02213933803
0.1878893149
-0.002287489735
0.01422986537
-0.001621204056
2.319352847
0.5563174158
-0.4445190787
-0.2726376142
0.2899200812
0.9187621504
0.2812326683
1.894733095
-0.07914836407
-0.01233713087
0.2435220911
-0.3167527024
0.2554580726
0.3487040149
0.8211644754
0.1368753834
0.1984227555
0.06297153938
-0.4343976438
0.096481934
0.5649873868
1.104221389
0.2726036419
1.306251213
0.825754676
0.102262027
0.8283575907
0.7407357346
-0.3345087786
0.4182930596
0.8985507607
0.9512314923
-0.1223513962
-0.2158139533
-0.2049532335
0.5388035698
0.4338387914
-0.1603015309
-0.3798317073
0.3208940957
0.4548956659
-0.2296220683
0.3801435418
-0.1465775279
0.5228430353
0.1559346791
1.203483066
1.077594681
-0.223509384
-0.5214454457
-0.2704310011
0.6448518187
-0.3469112739
-0.2114993362
-0.05412264857
-0.5924520321
2.734365666
0.4387145467
0.9191375196
0.2885897417
0.6260614814
0.9503507733
-0.3533204488
0.4291518494
0.9117828697
1.161489466
0.7842817739
1.019493828
2.429240918
0.6325789332
-0.007454838604
0.1386138497
-0.08789779651
1.713247579
0.4937181026
0.8308218624
0.347335713
0.04696719651
0.4275648277
0.08116553696
0.2399116233
-0.764855477
0.3171025578
0.6016157739
0.4412637755
-0.3110133361
0.4459794563
-0.3972722702
-0.0314460963
0.5032760097
0.2531188319
-0.2681172099
0.0375240054
-0.6528946731
0.02439761609
0.3591870669
-0.1609573871
0.3494504876
0.01646107584
-0.6628850371
0.6433399037
0.1425183977
0.07221753281
-0.05885070376
0.2656248745
0.7839569673
1.293467852
0.1119318735
0.2227966039
0.5134714544
-0.5059631124
0.7980085075
0.1649399851
0.4157867275
0.9054231942
0.4601916716
0.5030296993
0.8112410516
0.2842293965
0.4035750426
1.531323019
0.03014231529
0.6342038855
0.4976276658
0.6932776615
0.2641684905
0.04821534157
0.2552520474
1.322445381
-0.2498593774
1.116251314
0.7119576395
0.1534207049
0.3377670016
0.3326121019
-0.2823156601
0.6931452185
1.755986828
0.1549775458
0.8159685627
2.43950699
-0.09157867674
2.19483068
-0.3138393559
0.5718299896
0.8101038843
0.271196774
1.014882961
0.8992982276
0.1281450853
0.3403407063
1.286969885
0.002716368204
-0.04246637272
1.272937769
1.041072214
0.5090287521
-0.1923422053
-0.7205739349
0.1423231284
-0.0001459643245
0.1533503765
-0.2670454785
0.7887501344
0.287423172
0.6982923627
-0.06365845306
-0.3666047566
-0.2136698178
-0.1039124854
1.0967778
0.01308397893
-0.520440495
0.7228279158
0.3221695038
-1.353353545
-0.1846039828
0.3841060531
0.09809062108
-0.3112175841
-0.6284536019
-0.2222162527
0.4872956021
-0.251268651
-0.2117267756
-0.1265446894
-0.2273788761
-0.6568177864
1.613645355
1.107593283
0.796408052
0.7734785981
-0.8386155069
-0.1547403503
-0.4769843418
0.08134278897
-0.304964539
-0.583443838
-0.402242157
-0.8046956033
0.7516682178
-0.4180487238
-0.1124570208
-0.7380717486
0.9974230081
-1.110105452
-0.2204484124
-0.5759269759
-1.340466994
0.06559623759
1.131980163
0.07866463438
-0.6387298599
-1.032690499
0.6826385021
1.823501104
0.2861593526
-0.3925389305
-0.7673885062
-0.07846286674
0.45935326
0.2527443786
-0.01139567047
-0.2216252666
-0.2736653067
-0.3780393161
-0.1412776835
0.9437895954
1.692322493
0.08029073486
0.3366166439
-0.4966755057
-0.6533885971
0.07955422308
0.8005132824
0.2161393854
0.5018772081
-0.4213058136
0.3572915882
-0.3725706026
0.05646318747
0.3450648969
-0.05491618561
-0.3230043858
-0.4836482018
-0.2858653475
-0.4114567071
-0.3674389698
-0.005177574512
-0.04004427902
0.02317142487
0.1702994488
-0.6295073818
-0.1550161842
1.638323659
0.4314009871
0.01061685774
0.2445837489
0.210140967
-0.9960973412
0.119984738
0.3279798603
0.3176607497
-0.4569254864
-0.03424789198
-0.5102360673
-0.5290813867
-0.04497099444
-0.2348617552
-0.9161605015
-0.9032537967
1.167193809
-0.4549229138
-0.6021569192
-0.527550249
0.4969135418
2.050861233
0.5771370925
1.158903036
-0.1960051125
0.5794425011
0.03559955526
0.1567781597
0.3472072251
0.2989078283
-1.240404247
-0.8398176916
0.7361327626
-0.1088162545
1.069253577
0.1545808338
0.6510191062
-0.1122780304
-0.2871221256
-0.2200703405
0.1293533055
0.1437795335
-0.6012920856
-0.0704849558
0.3461600505
0.344494186
0.8892419265
0.1053585943
-0.02511161957
0.3675590444
-0.1248956922
-0.05966616124
0.296417211
-0.08153517013
3.740748692
0.5823807554
-0.2543687101
1.110352132
1.7369183
-0.1105431816
0.4616413251
-0.1415465239
0.2059884154
0.4734700762
1.419884771
0.5696741626
0.1957411861
-0.4347707674
0.09829206523
-0.273142422
-0.1605481034
1.229845417
-0.1193009027
-0.1045017285
0.16425567
0.3498747192
0.9913575441
-0.1897659382
0.4697909296
-0.2044018544
-0.121225439
1.592634377
0.8032416046
0.1972845417
-0.1874159378
-0.3188209917
1.600837791
-1.248656371
3.01036036
0.01619018214
-0.3370289315
-0.1110997591
-0.3464031965
-1.127319667
-0.7824652135
-1.005869916
1.454537117
-0.1232384156
0.2237491038
-0.04509797134
-0.04210234322
0.08728156528
1.493865514
0.0508120073
-0.08164362963
0.8499948621
0.01588033279
-0.1003341585
0.8852048874
-0.4680717409
-0.3490814362
-0.5237694845
0.9059485495
-0.03574936911
0.5022108942
-0.1023477089
0.01982674077
-0.573311089
0.1762900215
-0.2030466958
0.2735041714
-0.1981202811
-0.0740810161
0.2854501253
1.190360333
-0.6088239267
-0.8816149883
-0.3294918038
-0.1780966591
0.0725405395
-0.2870781604
-0.6783211567
-0.5608312275
0.5171138801
1.045686519
-0.4558459468
-1.209966702
0.1156689528
-0.1059319075
-0.9592650328
-0.4230596095
-0.7681012385
-0.7242785573
-0.2648970805
0.07697508298
-0.1795523928
-0.62815504
0.3426551931
-0.2128191292
1.610388964
-0.3504580952
0.1456092729
-0.3196376123
-0.01913110726
-0.6405911343
-0.2932791058
-0.4621516027
-0.142013248
0.545879291
-0.4849345028
-0.1075154152
-0.01230320949
0.8216468945
-0.2523455668
-0.3679597214
-0.6403439306
0.8062195644
1.06994279
0.6137924127
-0.7999290235
-1.212679914
0.348790268
0.08259412982
0.492197416
0.09502319251
-0.2635776285
-0.1954241358
-0.6811485767
-0.5931646455
-0.3506715897
-0.2676892735
-0.06430323366
-0.08072219472
-0.2548246603
-0.7307981759
-0.1865330856
-0.529265039
-0.4226748943
0.6347942948
-0.2440735731
-0.5389101274
-0.2184855778
-0.2283454021
0.8848486349
0.0989133222
0.5430221051
-0.148576846
-0.2302639835
-0.6870948663
-0.582223447
0.896024394
-0.3540873706
-0.5353425615
-0.2925628111
-0.1954083487
-0.1441561401
-0.1501070246
-0.1300422249
-0.570844315
-0.09289693116
0.18531338
-0.3721188635
-0.7596456885
-0.1359300364
-0.1960536802
-0.5941282585
1.350229555
-0.3027584173
-0.1993539266
0.1831518376
0.1384713322
-0.01800622232
0.535527787
-0.04823918268
0.3272560433
0.5001001619
0.0008982278407
0.2328801492
0.6781422853
-0.8789560549
-0.1719038736
0.4746093102
1.933552402
0.5697066717
0.2939280331
0.1604341503
0.3418644545
0.02157752756
-0.393566912
-0.04178151824
-1.147467428
-0.8091395505
0.8551718861
-0.08262206037
-0.7539616071
-0.1418140245
-0.1459094573
0.8090733439
0.2889775076
1.040286934
1.059323424
-0.1126254528
0.1738684213
0.2599746814
0.1635762568
-0.07655945406
-0.3967117548
-0.6012982726
0.2244821113
-0.7524275146
-0.3943995196
-0.1301564322
-0.5671069026
-0.8631312728
-0.05461488906
1.394661018
-0.7782572418
0.314754067
0.07911037626
0.1574077074
-0.0518534245
0.5745648723
-0.7217748448
-0.3275311418
-0.1663114697
-0.6490827769
0.62356354
0.2858602259
0.05125555117
-0.4230567329
-1.013199121
0.8984695584
-0.5232323363
-0.7130317092
-1.315372231
0.775471174
-0.2820916481
-0.1223453478
1.440535736
-0.632138183
-0.2028910819
-0.2791098185
-0.420678737
0.2910775216
-0.3039675724
0.1649971489
-0.7499968678
0.1617427608
0.01978824735
-0.3351823598
0.3186114416
0.4448500842
0.2047968829
0.6561533913
-0.3435945757
-1.018318977
0.02040104419
0.8819483221
-0.6693314388
-0.1859264949
0.4575746377
0.457772994
0.06696613375
0.2904227767
0.1289608658
-0.06459966949
0.3553076311
0.1105716474
-0.3537741281
-0.051887073
-0.5807950884
0.235854754
0.2581749961
-0.1580331262
-0.3209031589
-0.03481209781
-0.4020170003
-0.3384410746
-0.7954543591
1.258021955
0.1355047813
-0.3605714452
0.02381587904
1.146533868
-0.3703915546
-0.2394992612
-0.4929433823
-0.8033938229
2.248412856
0.3684946604
-0.3243556477
-0.3638884507
0.9496949315
-0.7499732062
-0.5296506315
-1.187228149
-0.3325855337
0.03234765045
-0.03926443048
-0.4877514362
0.3920639888
-0.2070589762
-0.889350076
-0.6494905964
-0.2581366654
-0.3110736169
0.07231476251
0.0829623308
-0.6418190934
-0.1626610123
-0.3206814446
-0.5482185096
-0.209979945
-0.1072214141
-0.02607118264
-0.4528077487
-0.1186376864
-0.5265488744
0.1193836259
-0.3271608658
2.395359635
-0.2998875532
-0.5916842505
0.335321366
-0.5717436701
-0.269548706
0.1160985312
2.275117159
0.3797065094
0.04684400596
-0.07257415727
0.4855455734
-0.009426724305
-0.6236364786
0.3238585385
0.6175771844
0.3702031456
0.05809641667
-0.2123206522
-0.5590109952
-0.2367620859
-0.3802151524
-0.1456041586
-0.2371831585
0.4776511669
0.3998750441
0.8181599155
-0.5257718872
-0.6339296259
0.1324338947
-0.228238989
-0.1132136
0.6194081396
0.231606302
-0.8189638216
2.697946143
0.4329167649
0.05230434258
1.741244864
0.6163559934
0.4371705823
-0.1459339309
0.3802742258
-0.300758368
0.04968262613
0.1101720972
-0.09191076029
0.7560388014
0.300939638
0.01761745084
0.1021119375
0.2096073997
-0.2059524458
0.2217978632
-0.2111482377
-0.4824997038
0.844422695
-0.02788321264
-0.8683136672
-0.4521301709
0.02153652105
0.7233294994
-0.03924871776
0.2238099284
1.325066406
-0.3225341689
-0.2635155734
-0.0689908389
-0.01565863639
0.04416087763
-0.08685808405
2.683647442
0.4338663302
0.3687048997
0.9671815842
0.1418324396
0.01178581025
0.5103782026
1.800262898
0.7631100528
-0.7786589075
0.2220395497
-0.2566951931
0.1290058199
0.5577685051
-1.313941726
-0.1061930813
-0.5212872244
-0.3831226595
-0.1648318995
0.1638995327
0.2515091259
-0.07426541299
-0.4265468776
-0.5633791007
-0.3987178519
-0.6016123816
-0.003569264524
0.1088774237
2.048529047
0.07614579909
0.7842365965
0.3153538015
-0.1495954767
0.2931500766
0.08566101044
0.1215144983
2.300573593
-0.1677532444
-0.4204626698
-0.1997008427
0.08333501816
1.109420383
-0.6699988097
0.1558579616
0.08443421721
-0.2929038197
0.1187459469
1.003780654
-0.2936974648
0.8509028241
-0.08461018316
0.3678774618
-0.07387247924
0.3995452307
0.5056076802
-0.3765247498
-0.2432302664
-0.2286998551
0.3758165499
0.06196019761
-0.1855049054
1.594167536
-0.4531509697
0.02440096103
0.5602211546
-0.221257185
0.2581949244
-0.06707621701
-0.6178784713
-0.6042916052
0.7196365621
-0.2245145887
1.135157275
0.6477861345
-0.2164482575
-0.1823450089
-0.08198692612
-0.8001033679
1.098288879
0.1291324737
0.05408316646
-0.5720482886
0.54778038
2.213829607
0.3689299546
0.2259853469
0.08492549094
-0.540952123
0.009634250961
0.09952327302
0.2458225831
0.05257003009
0.3984733747
1.688839042
-0.2777540274
0.6218764111
0.5666330315
-0.4344462946
-0.4177693352
0.01482035741
-0.3821679272
-0.1851215508
-0.06163637768
0.1268369264
0.3053565035
-0.18226455
-0.01791430055
0.3557513978
-0.3841190211
0.3601007242
0.8550209433
1.560645154
0.9060968637
-0.001198284514
-0.05128498618
-0.349406866
0.03543473519
1.189591455
-0.4358328953
0.1904960006
0.9896193802
-0.1137222657
2.226146519
-0.47351574
0.2382027127
0.6363576714
-0.05098409057
0.1964210071
-0.2829625692
0.2237860594
0.4298942339
0.446448167
-0.2817596138
-0.3314693853
1.513484108
-0.1307364944
-0.08647202849
-0.3491210377
-0.5033450514
-0.1391590821
0.030020204
0.175917599
0.8069300398
0.03799934089
0.5905576751
0.5468542656
-0.2132321302
-0.2965030607
0.8080005817
-0.2081580263
-0.1037556998
-0.1067043304
0.126290532
-0.4528233781
-0.3330935948
-0.6931263374
-0.5602873795
-0.2759965211
0.7426294371
0.2221468516
-0.07214119229
0.5223856829
0.4403359376
-0.1567721627
0.5845540047
0.123176222
-0.1044073213
0.6750000374
1.456260771
-0.2026255326
0.4842479229
-0.5860241145
-0.1724797312
-0.6641809002
1.698285973
0.2656959111
0.1584831478
-0.4591061935
-0.1975063793
-0.5428838
-0.5333461262
-0.7673616678
0.893318285
0.01630419726
0.06552218255
-0.2208858395
-0.2020553314
-0.8292052984
-0.2326668181
-0.4044088259
-0.40305098
0.1270093318
-0.3077100638
-0.03883597348
-0.1223224644
-0.5383413807
0.2941659994
-0.05392029397
-0.3261347882
-0.5056454673
-0.4968263432
0.4083548518
-0.004701406881
0.2086094277
-0.3675940286
0.377128081
-0.07578127589
0.3277819391
-0.3135178357
1.313392645
-0.1984253727
-0.4407085076
-0.5156929377
-0.5597823173
-0.3761729121
-0.456116738
-0.100352259
-0.2701452337
-0.8116465569
-0.464667768
-0.7403538033
-0.5690497741
-0.293893468
-0.172947453
-0.3690029591
-0.06454229131
3.233408451
-0.8360840693
-0.6420100421
-0.2670014329
-0.338522055
-1.129904494
0.2691166778
-0.09330502283
0.2959223624
-0.02128109992
-0.7268470943
0.2627362551
-0.1383922216
-0.6783768713
-0.4906221338
1.63316986
0.2903816023
-0.5055449873
-0.2262765136
-0.3812134204
0.1667807022
0.158480162
-0.1410838718
0.2239207712
-0.4893350571
-0.3480960868
1.221725446
-0.2060085192
0.06146371709
0.2379561365
0.03793174229
0.2523927104
-0.3832050145
2.019215494
-0.3242349736
-0.4327699669
1.702498618
-0.5851346314
-0.2748662241
0.2014812224
-0.2805619635
0.239226485
0.6734756157
1.440129313
-1.160411063
0.07713954817
0.2333427064
0.06860769819
0.5953149807
0.09097933043
0.433364417
0.6192706198
-0.002415791713
0.7458022371
-0.3865635677
-1.152774957
0.7576419815
0.152370891
-0.1156368915
-0.5120278876
-0.3343831755
0.1010954786
-0.02369532175
0.1647090731
-0.4857193291
0.08940766323
0.3752767915
-0.5943164937
-0.2131521503
-0.166303708
-0.6421801358
-0.1852854665
0.7641846381
-0.403838864
-0.09109883877
-0.01662273835
0.6707367815
-0.119138512
0.7198336601
-0.02107141335
-0.02909242245
0.2097101452
-0.4141712092
-1.001127855
-0.6616406206
0.2964633241
-0.2655908294
0.7195084557
-0.51685066
1.598682609
0.4706454458
0.2514907997
-0.3963180231
1.24668003
0.6707491023
0.8712260053
-0.5358768143
0.08234194797
-0.5283971243
0.549297554
1.311366335
-0.08721517613
0.2732320696
-0.3601716027
-0.7126774639
-0.3461650126
-0.3349774288
-0.3817352712
-0.7884930477
0.1129864573
0.9185260743
0.2816388805
-1.383993773
-1.074207943
-0.6450171217
0.6318148077
-0.2811396133
-0.3226641811
-0.6742143765
-0.7933669373
-0.00562594384
0.6294174217
0.02675144249
-0.3316026315
-0.2288259634
-0.6436662573
-0.6855242804
0.8631314844
0.1628602866
-0.3538017895
-0.8936007276
0.1550116193
-0.5479998142
-0.07260146048
0.3718677092
0.5011242777
-0.2843359414
0.5252169661
-0.1398305561
-0.3370563611
1.319072047
-0.4048269067
-0.04346634857
0.1453930143
0.5864203811
-0.4169961523
1.611768264
-0.3525251493
-0.6018066466
0.8403262615
0.1108905618
-0.6879874066
0.2662752325
-0.01652866099
-0.7159186181
-0.5676140487
-0.6388066188
-0.1667638682
-1.347208855
-0.6562789276
0.0347995487
-0.7022986429
-0.3317594062
-0.6474238768
0.04727788819
-0.5491458818
-0.5852585196
-0.2732513584
-0.1170914964
0.4156732554
0.08666589167
0.6872282982
0.5286009249
-0.5345804065
-0.3874983042
-1.310721739
0.08450503303
-0.4143908665
-0.2945984732
-0.07149632815
-0.1218215767
-0.1159162639
-0.4020602405
-0.1619775705
-0.1513889581
-0.7334141839
0.2620745029
-0.5444437265
-0.1958684008
0.5200782578
-0.1048326122
-0.1834313333
0.2517663522
-0.6428141102
-0.3540975273
-0.05783071257
-0.2229597952
-1.104554938
-0.004448171332
-0.5932158813
-0.6632273812
0.367954817
0.3932508275
-0.7062258378
0.5153480444
2.667557305
-0.2942140019
0.4815520793
-0.4508062899
0.1229983903
-0.09034203924
-0.9321976708
0.03523630276
-0.3271504067
-0.1892689224
-0.457680231
-0.2719238788
0.05524586551
0.07035839371
0.163778765
-0.7139957085
-0.1847771395
-0.1777031012
-0.1041435333
-0.423474054
-0.0990854064
-0.8401988819
-0.1179132905
0.7149605006
-0.8790158406
-0.3172884125
-0.3443642125
-0.6534985095
0.3507084833
-0.04591793464
-0.215099331
-0.1308257281
-0.1771604283
1.20701765
-0.1022397718
-0.5297348127
-0.6628463745
-0.4004402913
0.9210386634
-0.7190857738
0.7318315737
-0.1669629853
0.5160081241
0.1903893135
-0.4011615247
-0.8588446945
-0.3111217126
-0.1206536441
0.7332658455
-0.2879807733
-0.3740260184
-0.128558253
-0.9756701998
-0.6454245739
1.217642754
-0.2837586377
0.3296713203
-0.5000892043
0.2518315017
0.441429162
-0.3918752786
-0.8649603754
-0.8916554824
1.212418064
-0.3040423647
-0.4091675185
0.2734023879
-0.1509095967
-0.3985041648
-0.5552050516
0.02647073269
-0.5965674981
-0.6229202479
-1.044138467
-0.3780544296
-0.2546771333
-0.6279819012
0.07398248799
-0.6192342516
-0.02942176983
0.4825684749
-0.603076791
-0.4681572258
-0.4144503023
-0.8742004886
-0.8595427051
-0.4171308413
-0.2857868981
-1.066117981
-0.06240121257
-0.3915338919
-0.4360672981
-0.01938088126
-0.3954384577
-0.3026277954
0.3092845771
1.885761583
-0.1708583033
-0.5780855417
-0.4331444075
-1.054103106
-0.5454861045
-0.8854866549
-0.3435709484
-0.638175635
-0.6003679737
0.8842769712
-0.4980295241
1.216131979
0.1925967067
-0.0722559562
-0.1372085066
-0.6593362913
-0.928401643
-0.1679384445
-1.135808942
0.01337942407
0.5241362773
0.0785356462
0.6862573434
0.412650218
0.4656010117
-0.1065019391
-0.0681868922
0.0475590555
-0.1885497699
-0.6502775244
0.1109124158
0.00940566007
-1.091803455
-0.3093329586
-0.5101034969
-0.5806602813
-0.008062759787
0.3824457303
-0.1974285576
-0.1057005059
-1.339032228
0.09634676613
-0.3286645964
0.5163068511
1.66853233
0.2460225463
0.7894238126
-0.4366840571
-0.3339436024
-0.49301465
-0.06484871311
-0.8163534753
-0.491488412
-0.2643463776
1.437828332
-0.08722809888
-0.3575009901
-0.3337940916
-0.2328806708
0.05226606433
-0.3975509472
-0.4986318767
-0.9429847717
0.003432321176
-0.06682655783
0.2936143463
0.5811287396
-0.2526063725
0.448191227
-0.2711974658
-0.006163845211
0.2557747258
-0.2270619027
-0.270452524
-0.4708362952
-0.1233610156
0.2612227004
0.409527953
0.2816507652
-0.375757917
0.3258587947
1.249290317
-0.2163827199
-0.04626297941
0.8777180313
-0.9792530864
-0.3145881966
0.7199112058
0.333320469
0.3692398023
0.452814508
-0.04586549946
-0.0906186725
0.009675711207
-0.820254394
-0.08957473859
-0.779281947
-0.2190340675
-0.7193330586
0.9847052354
-0.3285198808
-0.5664787218
-0.1637480851
0.239749879
0.6316933542
-0.2232952805
0.004195196182
2.032414806
0.5478923298
0.9992293358
1.99057796
0.6287857464
0.2666775937
-0.5286636062
0.1826230528
0.6911934137
-0.1951228753
1.01578736
0.2039521523
-0.2620682143
0.001018408686
-0.778837499
-0.4944599681
-0.9610112075
-0.1427275073
-0.3755058009
-0.1751222936
-1.104894497
-0.2334374873
-0.3517570652
-0.5891661823
-0.4519851178
-0.4776624406
-0.7094218628
-0.2650517788
-0.6446729138
-0.2241490267
0.02505575437
-0.9203461435
-0.102440402
-0.2585586093
-0.5324078152
0.09382534232
0.1168168256
0.3246515192
0.09506758275
-0.4482256249
-0.4504792057
0.9124107718
0.5914553843
0.2591573981
-0.404335545
-0.7210696995
-0.4142738871
-0.5146498099
-0.5521636292
-1.048908448
0.006290284172
-0.5729297489
-0.1588768836
1.367505375
0.2232154422
-0.1228762943
-0.0704290757
-0.2952501293
-0.5160912663
-0.236770813
0.014113627
-0.2785940759
-0.3149906382
0.3822255487
-0.4168454695
0.9020351648
-0.09496466331
-0.2957348742
0.3183067353
0.1431781461
0.1055080986
0.09159499239
-0.06712098159
0.5728903383
-0.08299468756
-0.01031752005
0.9630867332
0.3174764503
0.237635015
-0.1411262281
-0.150181508
0.4034682453
-0.01079217438
-0.3547683056
-0.164175086
-0.5142189816
0.3511157375
-0.07891219095
1.170933416
0.02420757543
-0.1891948828
0.277501555
2.865770197
0.7378064379
-0.03490499016
-0.1480505813
-0.6437578
0.1027574657
0.3399305716
-0.2290143169
-0.6353376403
-0.1957351103
-0.3592194293
-0.6325607091
0.3314859759
0.2197879575
1.115990451
-0.2502642095
0.3447206588
0.971137993
1.15904765
0.1276531746
0.2457211006
1.872639468
-0.1153928862
0.3455871213
0.9029541522
-0.7758810032
-0.4293663699
0.1356584463
2.22786963
-0.1492041746
1.481693825
0.07301741862
0.06824473664
2.146970481
0.1307571767
-0.5679831073
0.8729277313
1.612772316
0.4343640395
-0.2264476975
0.1698346099
-0.1045846749
0.8780186146
1.61434963
0.3979462545
-0.2982182955
0.06862188019
-0.2148581937
0.002294515446
-0.3084570602
-0.1056700992
-0.346097289
0.2251648052
-0.8410146132
0.0745752125
-0.3459639098
0.4312980615
0.681504041
0.3704029981
-0.4145014875
0.1990407199
0.8025577545
-0.2089017194
-0.745833309
-0.2430621754
0.7666401193
-0.8789417192
0.6702074945
-1.080025673
0.1587140946
0.4642647728
0.1077286351
0.5624863442
-0.5661396652
0.3271647304
0.9460164726
0.2839313554
0.2347717648
-0.3264007807
0.3179987799
0.3863083997
0.2781206578
-0.1240923379
0.1275800791
0.1694392441
0.6295151168
0.8478081994
0.03413778972
-0.145880485
1.374040881
3.300106621
1.459602344
-0.5540703554
-0.2028577555
1.436519158
-0.2286068574
-0.02647421267
0.1381499698
0.2514890339
-0.6760844378
0.9344397634
0.124794573
0.09857339486
0.1371042031
-0.3483644336
0.6353421032
0.6271402769
-0.3773006186
-0.7060656056
0.9382546067
-0.3478214484
0.05974211218
1.052264166
0.3566839207
-0.3039410675
1.861715543
-0.3734382343
-0.0391967712
0.2333864089
-0.2376924239
0.6446354449
0.1519248629
0.261175705
0.2276596108
-0.6452916376
0.3194243571
0.6380184934
-0.1330922361
-0.2943979048
-0.3581136558
0.1263803416
-0.9642087337
-0.2502035767
-0.2140492031
-0.1832644378
0.4088123114
2.459928906
0.42170115
0.6946744069
0.1164087547
0.6682904042
-0.5237531804
-0.1387745196
0.1021602179
-0.4258250464
-0.7817224272
0.1162696827
0.2062365857
-0.00454503037
-0.6097710282
-0.1039292241
-0.3888556644
-0.5821760684
-0.9546366394
0.6622220151
0.01138669197
0.04631191492
0.300620023
0.4138399279
-0.5492135987
-0.4391546231
0.4445401838
1.060574754
-0.1830798304
0.2409641997
-0.282801909
0.09230439295
-0.0795559071
0.7307660669
-0.07653774805
0.4707174165
-0.1806076426
0.8663032994
0.02015111633
0.9169531733
0.7593683839
1.100559846
0.381364068
0.6466963813
-0.09419877781
-0.1123865895
0.3869692434
0.3727779635
0.2023764851
1.21564483
-0.09600767535
3.763305902
0.705365669
1.117572838
0.05875914837
0.006449059304
-0.009072784521
0.4691655649
-0.2470132962
0.1557371346
-0.1262800522
0.03809908126
-0.3569539014
-0.05059792586
0.02821393041
0.3758867638
0.05727003962
0.5467721381
0.2741920693
0.379416777
-0.1438140903
0.7677693501
1.572729629
0.9706128098
1.3585365
0.8009162888
1.925565147
1.810665828
-0.3513627477
-0.3449887797
-0.3711605066
-0.3034768425
-0.07253074097
1.124394128
-0.03594679572
-0.2863490418
0.2314243577
0.7669407025
-0.02432310106
0.09320140947
-0.3784010604
0.6777525127
0.1320284465
0.2502954695
0.1950970747
0.4354291342
0.3803798374
0.1038116114
-0.08410902787
-0.06518118754
0.1914379023
-0.2322686912
-0.3052680973
-0.3048882201
-0.2946915641
0.9149278373
0.7364477949
0.07905447725
0.6720299482
0.6730392575
-0.5752111301
-0.3922596231
0.3015381616
0.6781198934
0.508021869
-0.09440144747
0.3620460276
-0.301888416
0.03021518737
-0.4055278219
1.2599773
-0.4076320216
-0.76445373
0.09801495597
0.06923905401
0.08212988265
-0.3176147431
2.250065547
1.479950321
-0.1939918015
1.107086477
0.4418852563
-0.6526937619
-0.5457283538
0.1365976802
0.07967137191
0.4293470465
-0.1224312676
1.917334354
1.218014808
0.692412281
-0.5797963329
0.2054331865
0.04787998684
0.1070771384
0.06123824585
0.1485615456
1.18721173
-0.9168544114
0.5718754258
-0.6892286055
-0.07271034224
0.05230215564
-0.2031090367
0.3875635833
0.02670202199
0.213376785
1.295301506
0.04679323863
-0.2109371435
0.8949150622
-0.1280397788
0.3378184846
0.8791338742
-0.5926652238
0.08043179093
1.198674989
0.5742446169
0.3891247652
0.2994795099
-0.08486294635
0.09853613935
0.462939845
-0.6172020264
-0.07678805795
1.519845256
1.179655504
0.5923335657
0.96078206
-0.02549435263
-0.01798784845
-0.2782862898
0.526796433
-0.08440606277
0.7011766508
0.1098711319
0.05771643915
-0.04481169339
0.8510248974
0.3250653151
0.6985350072
1.000848716
-0.03389985822
0.2292244125
-0.01775370813
-0.0598576542
0.1577098838
-0.7361582324
-0.3767975777
-0.01193941291
0.3242180999
-0.1610699404
-0.8651840091
-0.08568803295
-0.1056652267
0.4200108236
0.5458503276
0.1743055323
-0.09278310817
-0.03571967389
0.02754824068
0.06987564918
0.5916338041
1.586397988
1.798659953
0.2720625689
-0.04576625656
1.18415418
1.088875964
-0.1326384813
0.2943919171
-0.3302409008
-0.5194782898
-0.05272461409
1.063836473
-0.2636742748
0.9184180468
0.1327915356
0.0701116655
0.3673447206
0.4953987181
1.037767285
2.974788934
0.1668823221
0.008067994937
-0.02377338745
-0.04048403688
0.002458023652
0.07439688109
0.4193566754
-0.2484353133
-0.153733812
-0.151735035
0.3089116463
-0.6204157718
0.2076380312
-0.03857664093
-0.5997727543
-0.2207604002
1.786471754
1.506374198
-0.3155956484
0.249688562
-0.1390488323
0.6275889598
0.2716846865
-0.07023162851
0.05775214955
-0.2519060716
-0.5357820883
-0.2537082088
0.1354910394
0.02678638967
-0.3385746136
2.777469456
-0.6425142288
-0.852852831
-0.2792267416
-0.03867992125
0.9612742811
-0.2187680185
-0.465838246
0.4663587242
0.5821134079
-0.03971327078
0.4523237284
0.6745908204
-0.2676501788
-0.1540664145
-0.2435281765
-0.5160842657
-0.1736942623
0.7732831031
0.2772955241
0.6960206062
-0.1182093085
0.02626480609
-0.9489400491
-0.02315727845
0.8682391308
-0.6175817464
-0.1210793287
0.07962974794
-0.8785329595
1.116210508
-0.4729136378
-0.2642244771
0.8143085837
-0.2587717609
-0.2902835354
0.6082403526
-0.1308033362
-0.1411101681
0.1284362603
1.038999096
-0.2870562423
0.6671726465
-0.1570365426
0.01438904125
0.333387845
-0.1359596409
-0.13092557
0.6781900331
2.392126632
0.1045227371
0.1281367116
-0.6486920293
0.05182758663
-0.6809720773
0.1761320161
-0.4748740889
0.3816799449
0.877984713
-0.5478368379
0.06150350496
-0.6150279708
-0.05577359246
-0.4069569871
-0.515092513
1.222164696
0.5314236458
-0.2090609485
-0.5859693214
-0.04806527486
-0.1924460335
-0.2090046797
-0.3244390517
1.638949686
-0.1290129447
-0.305036068
-0.3308051534
0.1063616679
0.958257702
0.2257270545
-0.3756648168
0.1517996481
-0.2621791249
0.4091969037
0.9346583664
-0.4910193577
-0.2345783586
-0.05846599648
-0.6038195528
-0.5625788361
-0.1085332166
-0.3017255176
-0.3032476865
-0.443332237
0.7342668852
0.5212386895
-0.3684502043
-0.5075741459
0.1763890043
-0.3898364643
0.3605862611
-0.1720395925
-0.135674496
1.614136216
0.09381668046
-0.09894625954
0.1232761481
-0.1712113066
-0.1156761996
-0.2486632759
-0.2024756897
0.4963424098
1.043672445
-0.3441570941
-0.2323897645
-0.3795617618
0.6422413051
-0.111974404
-0.01965498496
0.2478206672
0.2036210194
0.6479713947
0.003402267396
-0.07902371474
0.1055230828
0.2837320776
0.3809406567
0.1145776191
-0.8825151369
-0.2465043984
0.8280097425
-0.08681723122
0.6342720106
-0.6763194766
-0.1103229251
0.5619662566
0.1142842866
-0.04487950234
-0.3945955694
1.133641087
-0.069642419
-0.2067134038
0.743849621
0.3715682141
0.1070401546
0.1185322103
-0.2465661928
0.1718180405
1.28585951
-0.4273229159
0.3514145538
0.07772666654
0.1277644828
-0.7601498324
-0.008426972758
1.055354239
-0.01700955564
0.3511807852
-0.3549367331
0.1610477144
-0.3205629073
0.4354650073
-0.3988742657
-0.3102196567
0.6991767704
-0.7431589395
0.6217091717
0.2912170954
1.461457711
0.5304905955
1.253328413
0.05988666695
0.7837579399
0.6757427603
0.3047712665
0.1778442752
0.4800273122
0.2945613466
0.9349993467
0.7218843516
0.2205771642
-0.02091674618
0.1448387645
0.6181165621
-0.5363670014
0.9330613583
-0.3177853834
-0.01973591009
-0.5318909891
0.306874363
0.2257044507
0.385875557
-0.0772076657
-0.310655994
0.481633725
0.06859546397
-0.1435735948
0.0309667116
0.5944610566
0.6031220414
0.192888396
1.314743131
0.3021945711
-0.2082860969
-0.1927370213
0.5317479014
0.03381814715
-0.4484068066
-0.6370655652
-0.6352608036
-0.115816395
-0.3698365472
-0.3277286932
0.6756292872
0.1379377496
-0.4071626771
0.03680577613
-0.525411625
-0.3845461361
0.1373651612
0.1484452415
0.2171176378
-0.03464925867
1.223558828
0.8716216147
0.2768850308
0.1616254351
0.0006935190409
-0.8168337412
-0.07351340917
0.8719784841
0.6464368172
0.4288562419
0.1312845618
-0.1817707565
0.07541340459
-0.2424092371
0.3097014754
0.03353222234
-0.2095037861
-0.2323227135
2.16563428
0.3367393665
-0.1076167955
0.118765966
0.6281779803
-0.01030331887
-0.004786802083
-0.07810851773
0.4388914116
-0.03001155164
0.4394812334
-0.2216012966
0.2238475401
-0.8268495947
-0.4378960546
-0.6733343624
1.514967108
0.3313838623
-0.234870404
0.3081973216
0.8833680332
-0.2346410442
0.6793870583
-0.107052592
-0.05883818418
0.2807457048
3.140488851
0.9745846391
-0.172291385
0.5162437826
0.9948551595
-0.6116345376
0.1023813961
-0.8027604287
0.1871506561
0.2077269473
0.01793133346
0.3285374681
-0.07712917486
-0.609625873
0.3124811184
-0.2177833645
0.02613645252
-0.1155710949
1.27497353
-0.0919947125
-0.4702443384
-0.07601639759
1.817666218
0.5301141802
0.2576358377
2.131735566
0.5160627708
0.1950715721
0.5130290676
2.600817478
-0.1621053196
0.4943556592
-0.3271643609
-0.08009674642
-0.1650620367
0.05495998682
0.5574819818
-0.3978500217
0.7013907433
0.01217174046
-0.4376669317
0.2436452197
0.2056865429
0.5934902772
-0.8863878377
-0.689142672
-0.527424185
-0.2506256968
-0.5047021843
0.0979760617
-0.4567192242
-0.5148422033
-0.5364362955
0.6597594537
-0.3434033632
-0.1294688167
0.4339764148
0.08431501752
-0.04320282359
-0.7072343975
-0.06463929391
-0.01575375376
-0.1081485813
0.2912894414
0.2591990352
-0.09033306204
-0.9163407311
-0.1987078815
-0.3229059853
-0.1526226356
-0.5545003727
0.9542748958
0.9646379322
0.7667951003
-0.05983063076
0.1543201821
-0.2800035276
-0.04073199295
-0.3772311665
0.5060796027
-0.02328924187
0.3631576546
-0.3690303572
-0.1595074836
-1.159301305
-0.8214118809
-0.1689963695
-0.5339222327
-0.3534937918
-0.421951206
-0.3152487829
0.9666004822
2.470524299
0.2003461268
-0.1718541522
-0.7403844029
1.09310804
0.2445366142
-0.5895639002
0.01641410738
0.2982767928
-0.07692495724
-0.2883454651
-0.5310674299
-0.1492826974
0.8425107747
0.1455538629
0.04152129097
-0.3393436082
1.404627877
-0.2253591355
-0.2289127866
-0.5528597295
-0.3583581068
0.8445407107
2.036849308
-0.4587135263
0.1993002085
-0.8656303316
1.102719635
-0.358449471
-0.2831216227
-0.5415555224
-0.2480771944
-0.5049229279
-0.4777671292
-0.7309337616
-0.300008738
0.4154708713
-0.4628454901
0.798764427
-0.4761393219
0.2779557884
-0.6299197763
-0.1370735001
-0.7809468046
-0.5717377782
-0.3886855084
0.8724030469
0.3445733011
-0.6137124091
-0.3357864253
-0.05071058925
-0.6415211059
0.1267405389
-0.2483923748
0.5575527258
0.1169684215
-0.7847587094
0.3836561233
0.3985204387
-0.1045391738
-0.5451265268
0.444268534
0.06069497466
0.06304013217
-0.2597311221
-0.4113817543
0.2105138156
-0.05209112121
0.7970068291
0.2837713764
-0.1943144533
0.02725464962
0.07533768229
-0.08517069668
-0.3037494127
0.1268985692
0.3069402322
-0.3621951036
-0.002254513651
-0.5484210938
0.4714945618
0.4460034672
1.103135788
0.6440738536
0.3967431255
0.67010566
0.202943377
-0.5234596401
1.34747096
0.458104207
0.4031981107
0.7260568269
1.021515587
-0.1467579933
0.4131825596
0.6749420155
1.3259296
-0.1399463652
-0.09577168748
-0.2933996305
-0.1938593817
-0.2303340944
-0.3375050025
-0.2851205356
-0.1703263614
-0.6398780748
0.721860414
0.1239482727
0.3515361708
-0.104109061
0.3686014242
-0.4322529376
2.218602157
-0.07530361973
-0.2563453119
0.09135288671
-0.08997171624
0.4793002404
1.591307706
-0.7155799091
0.1896216307
-0.3262977593
0.1111648167
0.1061107775
0.3306323875
1.146196988
0.3896677919
-0.9923769459
-0.3467636071
-0.3453702249
0.2309094179
-0.2595898513
0.3107362047
-0.8148114204
-0.5595321774
-1.019636634
0.1225256346
-0.3396682486
0.8575433925
0.3903807189
-0.1517419029
0.07576360675
-0.02542956148
-0.4538888767
-0.2320431528
-0.3222866945
0.8943597339
0.03359843176
-0.226647401
0.2986784158
0.7377171889
0.7352297872
0.336893367
0.7302844569
-0.03490096498
-0.01179638226
-0.3528465539
-0.2619854132
-0.4784283541
-1.03775806
0.685670199
0.2837808874
-0.2864311852
-0.1420944527
0.821047093
-0.5691184819
-0.5549466893
-0.1917958718
-0.5499065032
0.0003595462069
-0.7510835052
-0.1760598034
-0.8273549654
-0.4549270026
-0.4446959175
-0.4174654825
-0.1250956371
0.06223072745
-0.5772843398
-0.3304017588
0.5727852613
-0.462173672
0.4668820601
-0.9322497159
-0.1882660251
-0.5726218585
0.2209763128
-0.2950367853
-0.07333412338
0.3695863495
-0.4508731619
-0.5242390722
-0.02273677215
0.1377091449
0.6804078983
-0.6399613246
-0.6157503746
0.1636793341
-0.226028242
-0.3153671734
1.172527586
-0.01541595068
0.6595284969
0.1590520052
-0.3889057737
0.5199476451
-0.08947070939
-0.3525446638
-0.1993127335
-0.4003122509
-0.3063579582
-0.2458244704
-0.0687690584
1.038755663
-0.1900062446
-0.2650099926
-0.8399232894
-0.6713336274
-0.332943745
-1.227154553
-0.1532649105
-0.3832144096
-0.2176389579
-0.7835870937
-0.291097581
-0.3576816723
-0.8547664583
-0.8832881987
-0.1551608393
-0.7483975649
-0.7757219285
0.7729106456
0.1516361242
0.1062921401
-0.6705829278
0.7135005208
0.1104939336
0.4907149628
-0.4071843728
0.8821170479
0.09932455253
0.05387163498
-0.5650289439
-0.4216321789
0.3743507203
0.952743746
-0.3666927658
-0.2885464596
-0.4261362143
-0.2515905357
-0.3015596043
-0.7529848561
2.085177118
0.7927376732
0.01022290941
0.6751176037
-0.2584936582
0.2975120835
-0.8515017584
0.5527279168
-0.5073736932
-0.06646116576
-0.1557620008
-0.4238625351
-0.3144458711
-0.582672821
0.2338491212
-0.7434647501
-0.326498365
0.1203707868
0.9218626454
0.2275082186
0.6390636906
0.928877122
0.9845158398
1.283208221
-0.1881040931
0.002381354012
0.6306259125
-0.1399919361
0.2583797384
-0.2347828542
1.020990342
-0.6916885272
1.025185058
-0.19987242
0.05674651265
0.4667692137
-0.6296627313
-0.6558107227
0.3614912761
-0.8151584417
-0.3631261244
0.3925784744
-0.2101415321
-0.6214923382
-0.005877786502
1.027423467
-0.1587022686
-0.403162697
-0.5757138457
0.6319478855
0.3428102201
0.07484896965
-0.8180232957
0.02834464051
-0.001455035806
0.5639198599
-0.5450056314
-0.005325318221
-0.2755115233
0.1519271333
0.1760915052
1.734898636
-0.143552119
0.01538842963
-0.1135594595
-0.7780270576
0.8205879986
0.1083639096
-0.388706262
-0.6190572754
-0.850027746
0.005734433234
-0.1273357388
-0.7006476507
-0.5557678878
-1.109662773
-0.1499361916
-1.224902073
-0.3318210933
-0.7958422512
-0.417552729
-1.312513219
-1.524936141
-0.6615683749
-0.4512155443
-0.9902616769
-0.05303866602
0.5440889552
-1.068272921
-0.1419857413
0.02996749114
-0.1665198591
-0.3325930528
-1.261230186
-0.5614251748
0.5681444381
0.2636333156
-0.8124076433
-0.6817805246
0.4509439692
0.05421511363
-0.4231877238
-0.6714980617
-0.03944110498
-0.626704745
-0.2938833054
-0.504689417
-0.2512570634
0.1458091881
1.135143255
-0.5819583312
0.03104571402
0.9468882143
0.1283347324
0.2715532644
-0.1797494896
-0.4763165265
-0.2977648579
-1.011754826
-0.2515075386
-0.3151481517
-0.1009589601
-0.5209044307
-0.6082193658
-0.6339746743
0.2678998027
-0.8396171927
-0.6565333635
-0.6345970929
-0.2768280145
-0.1921822749
-0.2580873352
-0.3901279807
0.2620783329
-0.0707078441
-0.5003416419
-0.1503629833
0.7463879645
-0.3534466684
-0.4266708955
-0.1238365116
-0.4261984363
-0.1755090684
-0.7934556901
-0.5004389837
-1.050722933
-0.4636917472
-0.6950532943
-0.1662250282
-0.1704888001
-0.2054232098
-0.1931230046
-0.6432786599
0.4778392129
0.3454955615
0.02733617686
-0.2104385201
-0.3845640048
0.581072
-0.1833246045
0.2497801598
-0.3798703805
-0.2784209877
0.04832038539
0.9771360025
0.04875676576
-0.1134818943
-0.4339510143
-0.6087896526
1.693985587
0.2451777559
-0.5193184018
0.08741071234
-0.7691827744
1.098103362
0.4731803197
-0.02884722212
0.0129829105
0.256482425
1.319688576
-0.1483117804
-0.1248851846
-0.2481660128
0.006198396347
1.306743473
0.1653549353
0.1980038319
-0.115975925
0.2402313039
0.331059964
0.6527448945
-0.04877418596
0.5821600736
-0.08248782828
0.8397972539
-0.04942096043
0.1921177911
1.168978924
0.9072556615
-0.02015639381
-0.4496041633
1.07208097
-0.4865421087
0.8615668029
-0.003055113181
-0.1495000824
-0.4026695013
-0.5282383248
-0.08304927507
-0.1132990591
0.09912518561
-0.6643608227
-0.0283163039
1.010018209
0.4858207554
0.4524541125
0.07097103521
0.2667256451
-0.01751191579
0.6706317268
0.8397384919
-0.2996786654
0.2375832664
0.3965574289
-0.222499492
0.9136841238
-0.103106466
-0.3043202937
0.1653820209
2.925691319
0.0244233977
0.8800375462
1.184461832
0.1482505649
-0.2034808423
-0.4550426602
-0.940971981
0.6931409024
1.239078335
1.014540461
0.2160159302
0.5658885658
0.2964435846
-0.6623898346
-1.17805531
-0.3763011508
0.2406288087
-0.238984577
0.3398550808
0.02670576731
-0.001199646294
0.1096038276
-0.2388804451
3.164616954
0.487470869
-0.08910826799
-0.3211131621
1.076554719
0.4151686452
0.5433904511
-0.3705143556
-0.008456246834
0.2699576814
0.5906574473
-0.3552289758
-0.4807443351
-0.2321432415
-0.2195984604
-0.3574659474
-0.4085399739
0.3272376766
-0.1424463138
0.2245973954
-0.1021332938
-1.084152392
0.1688898566
-0.3559786111
0.7387991637
-0.697241357
-0.4371932119
0.8241637181
-0.496080257
-0.1684916677
-0.5510204092
-0.2430415127
-0.03925689273
-0.291343005
-0.2026578199
-0.4934667334
-0.1523610886
0.5928554289
-0.1998716112
-0.05811096691
0.9440601766
-0.1060695687
0.07301251553
0.2721857904
-0.1707678065
0.948701261
0.945236221
-0.1575693808
0.7769938141
0.4502226736
0.7653944592
0.3228419412
0.5703308772
2.282896197
0.1132445697
0.4467285976
1.452076644
-0.1441888586
0.5179791264
0.3364735566
0.4655275207
-0.4523812085
-0.2190239355
0.3723870366
-0.4679378092
0.3851578206
1.103053835
0.1762048598
0.2267334899
-0.001826107502
0.1874019647
0.2709415194
-0.5795405377
0.9549722955
1.32319129
0.661607153
0.2708566137
0.4680591665
0.3911713999
0.3091802411
0.267966483
-0.006652172189
-0.09371685162
-0.09691116028
1.71659385
-0.4007092087
1.482511342
0.08657086175
0.03664466487
2.077416658
0.689114438
-0.2065471087
-0.09827789329
0.2593239998
-0.1404424955
-0.2790299982
-0.209278775
-0.670769842
0.2614573067
-0.6494932681
-0.2854158223
0.2351987883
-0.04804614875
-0.2682373792
0.216183776
1.213467562
-0.0852984935
-0.9982868642
0.01672301851
0.223034279
-0.4145074472
0.2722423367
-0.9669517368
0.8155298114
0.1029104725
-0.7124423519
-0.138303782
-0.744511947
-0.2969002057
-0.3931797501
-0.4476467475
-0.4959260851
-0.3435323626
-0.4462687641
0.788166403
0.6953282267
0.8015576661
0.472060205
-0.3570147537
0.1630330473
0.2911633167
0.9402997315
1.168396288
0.2240851793
-0.1035286451
0.3963461224
-0.2733240612
-0.2398420386
0.5538620561
0.7434591897
0.0631753169
2.161151004
-0.1418400063
-0.01401744997
-0.3938080251
-0.5006744519
-0.05220683068
0.1115820583
-0.09577130545
0.5046987977
-0.2966612205
0.1652547508
0.1221869391
0.2327864948
-0.1442955013
-0.7132549912
0.3949949048
-0.5840248659
-1.191296443
-0.282453391
-0.2072345696
0.2824739173
-1.036903179
-0.4151873529
0.07162640244
-0.1915188309
0.3123028299
-0.7304165155
-0.2098276969
0.1243988503
-0.201502366
-0.212655551
1.119339725
1.759944588
-0.4074580859
-0.3332336411
-0.4038434364
0.2575550901
0.5158884902
-0.1721444458
-0.1313531563
0.3215501834
-0.4718227133
0.233787434
-0.5900906995
-0.4757499442
0.2253669704
-0.1420130019
-0.6056374118
0.07094691107
-0.01434832439
0.0391958015
0.6611576274
-0.1481694273
-0.6209627986
-0.2006647687
-0.1470515683
-0.3026336417
-0.1399995532
-0.9651780128
-0.1462818146
-0.3092059854
0.6955673173
-0.1391269248
-0.3635751672
0.2327172453
-0.2059667647
-0.1308244137
-0.6714469254
-1.200455555
-0.4310769096
-0.7774993747
0.05086913914
-0.4181309313
-0.8643551588
-0.1724268523
0.1249074101
0.787922518
1.502497593
0.08338953704
-0.3572444271
0.4155036069
-0.7259095713
-0.2677209795
-0.3135732561
-0.2464161916
0.6992573634
0.01124882568
0.5026255693
0.03722461332
-0.2606462055
0.6437816319
-0.3913330331
-0.07264921945
0.165360058
-0.07252640091
0.4305995505
1.233686736
-0.2145897415
0.3206946726
0.3914682684
-0.6565279096
-0.4394082949
-0.800971815
0.1584476685
0.01660712925
0.410790699
-0.08898683228
0.2733386307
-0.1214037657
0.2609279901
0.4242007297
-0.272743053
0.332989271
0.2704773912
0.06774153858
-0.2064218486
-0.4979164645
-0.1877331829
1.097210771
0.2286529299
0.2502639937
-0.6698459558
0.2715422485
0.4386410095
-0.2127264328
0.7135369137
-0.7020388573
-0.06041663364
-0.5207705937
-0.6221079767
-0.6605421307
-0.647427313
0.6599418506
1.720411658
-0.2391653456
2.018732983
1.074781901
-0.1055283275
-0.3409310386
-0.424375698
1.045207981
-0.5589690611
-0.1520405686
-0.344777599
-0.1512035426
0.5726653934
0.1764271251
0.1165262173
-0.1724388691
-0.2627877403
-0.8320955619
-0.5515687361
-0.7633860141
-0.07454559449
0.4882871792
-0.8733447388
1.062306613
-0.2506951183
-0.3235142432
-0.5796298251
0.2840713602
0.2164493386
-0.4831365852
-0.4261433974
0.9228334814
0.1899917947
0.1519975441
-0.05412550559
-1.13841638
0.8668058664
0.7479820423
0.8376319632
-0.9745706312
-1.234185225
0.07282062359
-0.2469276566
0.2279289432
0.1313694565
0.09806317706
-0.4841825604
-0.2166359045
-0.3660020053
-1.443898949
-0.5371178864
-0.6640922241
-0.8453103736
-0.06422383264
0.3642628044
-0.4819201127
-0.9455761492
-0.3088090163
-0.2444213497
0.02679890739
-0.6916210853
-0.9418623805
-0.1900035875
0.7670620516
-0.005152522307
0.2546070471
0.4639023837
1.390687296
0.02058187723
-1.114987496
0.01048407722
-0.5739871897
-0.5849293236
-0.09743542345
-0.7977593452
-0.3419650219
-0.1502452157
-0.5778892741
-0.2192852359
-0.2741790347
-0.5505566761
0.8046466518
-0.1347677948
0.3552480891
-0.6161648214
-0.2730063953
-0.3393529754
-0.9745493561
0.02957766168
-0.2416900957
-1.370614901
-0.8046609432
0.1028055618
0.29846761
-0.01066012811
0.330175188
0.2474204719
-0.468760502
-0.04171228604
-0.4525727317
-0.6939286277
-0.2480072752
0.3014828388
-0.1717749773
1.303168198
-0.8319856435
-0.8416155726
-0.43320143
0.1134214517
0.5834406793
0.6461069323
1.886074156
-0.8871273747
-0.223130783
0.1106487602
-1.098617271
-0.5188151676
-0.3722724598
-0.2266112371
-0.1020794492
-0.2163427057
0.9373045921
0.3511543091
1.128231183
1.113269466
0.01016087458
-0.1671398568
0.01540638674
-0.4932785582
-0.3900279131
-0.3599848725
-0.3842533484
-0.7930786926
0.2712834647
-0.684510529
-0.3889433719
-0.7683289379
-0.4662132613
0.02544446401
-0.594309251
0.235424443
2.059482616
1.752495649
0.06816375367
0.4256975386
0.4391270965
0.8878582716
-0.2239292393
0.6200375587
-0.4654921278
-0.3514519028
0.3852483237
-0.0597338967
0.5090831248
2.055239987
-0.1236941453
-0.6146516427
-0.2794325277
-0.7416311666
-0.2801087338
-0.8074949384
-0.5712680086
-0.7135805935
-0.1221440559
-0.5993299186
-0.1835597981
-0.7010828115
0.4744716393
0.0668398588
-0.164611895
-0.1251512673
-0.7416248545
-0.5939635605
-0.3997589558
-0.3265384644
-0.5948332921
-0.3757334761
0.6239141127
-0.6506338239
-0.6737106487
-0.7012270302
-0.6721699174
-1.078383616
0.01298662573
0.06556083066
-0.3919432506
-0.8129964322
0.8348784819
-0.3202806905
0.2033427509
-0.1041864823
0.4333568018
0.5882474782
-0.9288405344
0.2719414454
0.8805490538
-0.4449977294
-0.1346269216
-0.2314031065
1.149501601
-1.034318104
-0.4459871814
-0.2429780595
-0.07467898405
-0.1285707296
-0.1262749203
0.009863386862
-0.1681062546
0.09912219662
-0.1674297219
0.4258847095
-1.197422045
-0.4934027791
-0.8878330886
-0.6005269036
-1.026544832
-0.05279474282
0.05290641375
-0.2827507483
-0.7906989407
-0.3880356979
-0.5886480972
-0.588074334
-0.2778228126
0.09242079146
-0.2798472464
-1.099599244
-0.2997241229
-0.8105524778
-0.5608888377
-1.21547997
-0.1733504172
-0.6716619097
-0.6378800824
-0.1631279428
-0.3770598069
0.3167725591
0.4568474576
-0.3187307555
-0.4981304571
0.2216141794
-0.2055008981
-0.1654277066
0.5371359751
-0.1288418971
0.833812882
0.7120337609
0.4786842506
-0.7042287335
-0.2029103499
-0.8748776093
0.2849858889
1.001178554
-0.2190856753
0.3677949931
-0.6359676436
-0.7651788175
-0.7163126841
-0.2621921651
-0.6346738935
0.6037651064
-0.4360481724
-0.4265986905
-0.5487383895
-0.5295846134
-1.105947006
-0.8566067368
-0.2592624091
0.008938344265
-0.06343077179
-0.1852489389
0.03898155112
-0.9375323072
1.208862451
-0.3272594191
-0.1778721696
-1.000791259
-0.7400429606
-1.641557735
-0.02812364018
0.2587313242
-0.1797230775
1.24812322
-0.6457116932
-0.2467609007
-0.8314558536
-0.7923161328
1.280115193
0.8761801831
-0.953372395
-0.2972511515
-0.139380113
-0.8945405051
-0.6774000332
-0.09517546743
-0.7047909275
-0.5827259347
1.12842187
0.22940247
-0.5418652236
0.1724774728
0.07945627309
0.5098483257
-0.1130466007
-0.2191657489
-0.1218077168
-0.05529370848
-0.7656125516
-0.6769242376
0.04847080754
-0.6119804859
0.9649311692
-0.2335497063
0.3568017771
-0.4904897586
0.4558274485
0.09996802974
-0.430387567
0.09174494147
0.1997915429
-0.3753577344
1.054600233
-0.315171814
-0.3690273665
-0.3691678613
1.326905498
-0.2392235158
-0.430643484
-0.252881087
1.300632131
-0.1352916762
-0.116200166
0.675982599
0.5660916855
0.1226015227
0.1450412504
-0.1926665466
-0.3083825812
-0.1802605411
-0.4400417179
0.4830179531
-0.122309057
-0.08499051183
0.3027637311
-0.1186317686
0.2017591714
0.1023932668
-0.2214917887
0.107320575
0.07219014834
1.109882361
-0.2023670854
1.307295254
-0.03495747121
-0.2026606339
-0.4955126196
-0.4442939728
0.992357713
-0.6915995419
-0.5819239169
0.4645315865
-0.04806069024
0.46799898
-0.3624961421
0.03263438009
0.5129657824
0.2257547595
-0.07527774274
-0.1578036819
-0.05175819341
-0.09924488477
0.4408328034
0.3853196878
0.2817612825
0.2379011661
0.01510154502
-0.5480685122
-0.09616283849
0.4218256194
0.1653160938
-0.2464590749
-0.4572159812
-0.1987319261
-0.5426772431
-0.2273015726
-0.8167473845
-0.5489555892
0.9806295589
-0.09449752253
-0.09658920132
-0.2720601913
0.4392113023
0.7014487773
-0.2536076576
0.03657481391
0.2447737887
0.3647309009
-0.5597300276
-0.435588365
2.978124261
-0.52208464
-0.02806979436
0.2586251156
1.858659619
0.9412435651
0.5788929455
0.3568278974
0.3547591712
-0.06522689597
-0.8536237776
0.3949349963
-0.005496885441
0.3517565653
-0.3754025428
-0.2808468182
0.1961368777
-0.3826268986
0.377017523
-0.1957626231
-0.08790436983
-0.2892855018
-0.4698144674
-0.355449849
-0.5067662105
0.0456575403
-0.3829935897
0.6897709757
-0.4667842805
0.7114017203
-0.03066971218
2.008827442
0.09653868414
-0.2108043309
-1.023974045
0.1138851988
-0.4381006628
-0.2779019199
1.375980711
-0.3616730914
-0.8181049854
-0.2458478138
0.4761458538
-0.09435871746
0.7248650759
0.5987706718
0.802946952
0.525363267
1.112201893
-0.5520705454
-0.3197707575
-0.2040587489
0.4980091117
-0.5516232274
-0.8053583238
0.205516577
0.1896057591
-0.6586083859
-0.1983661398
0.07404573339
-0.0304839801
-0.388690849
0.01011423934
-0.002785723284
-0.3634369627
-0.5084693924
0.3625578715
0.03658346878
-0.4678085592
-0.7975619689
-0.2746239219
0.8279683903
0.05452777101
-0.4578515191
0.4582992665
0.1153301932
0.8852117479
0.6443800628
0.6453197978
0.2204427528
2.293788046
0.448247241
-0.3071208123
0.3747962808
-0.2427044887
0.335265491
-0.1259933629
-0.6663469985
-0.3099040408
-0.2809753247
-0.1486257328
-0.7298620671
-0.4096027199
-0.3417407781
-0.4949879602
0.03753636647
-0.3423131369
-0.6913534805
-0.1033780009
0.2948922658
0.05898426166
0.2666744964
0.6085367292
-0.2332976453
0.0474734975
0.5330288962
-0.2655746236
0.1983801137
0.6268392615
-0.2632042255
0.2772426516
0.6495670341
1.274009243
0.3237794335
-0.7696293399
-0.5635891274
0.6659570828
-0.3971186638
0.8582191497
-0.2199732497
-0.5017546266
-0.7591877624
-0.2499864508
-0.1628263412
-1.240433772
-0.7413043529
-0.01294095982
-0.983062914
-0.6797186196
-0.5611059189
-0.1686102592
-0.4495171443
-1.166269419
-0.5700752124
0.9234634131
0.9832434222
0.6860441519
0.6431804821
-0.4822009318
-0.4865947172
-0.732086131
-0.3320790619
0.3987570324
0.8310943402
-0.1148844901
-0.8171329565
-1.107321844
-0.1827241086
-0.4547073945
3.359434879
-0.2998001706
0.534958332
-0.7838676363
0.2018860582
-0.4173108183
1.765880245
-0.1407626337
-0.4785620719
1.110486996
-0.4806080714
-0.7623235241
-0.6089889288
-0.2153672125
0.2609457929
-0.1963088728
-0.6861184567
-0.107592733
0.5419953656
-0.206556797
0.04047562834
-0.595827423
1.811025143
-0.3284671597
-0.4120039687
0.0703578515
-0.180670719
0.124543537
-0.2241641035
-0.2384429045
0.7186580241
-0.5929298863
-0.09292412363
-1.00041725
-0.5953542769
-1.077790695
-0.2240694375
-0.5673215672
-0.926983279
0.09714703895
0.4372088097
-0.5403545357
0.1382371511
-0.8319952503
-0.01308693085
0.9090997636
0.7923062622
0.008757412061
0.5817324713
0.4343144707
-0.1283116058
-0.4726898178
-0.3437159956
-0.4016044304
-0.6583987758
0.1788472984
0.1735685792
-0.4260811642
-0.6130772874
-0.3030612577
0.7523994401
-0.07194624152
1.357734346
-0.5897640407
-0.5118058428
1.047871886
-0.01365530081
-0.5188333377
0.411662571
-0.289516858
0.1752455363
0.627248019
1.007803331
-0.5951922387
-0.05381975556
-0.9597977638
-0.8441939041
0.8198972097
-0.4958848998
0.7016672093
-0.2125115963
-0.1731321342
-0.2528454401
0.4943181246
0.1439909763
-0.1880027389
0.02017747313
-0.3835083559
0.3004556771
-0.4467043474
-0.3678291254
0.2498553738
0.9311120242
0.2568864143
-0.3541236319
0.3332251102
0.2315023011
0.2146862369
0.05413568364
0.9198769316
0.3490156274
0.1728488342
-0.3825750217
-0.8013775676
-0.2669377916
-0.7368037999
-0.4116667461
-0.481389764
0.8771455228
-0.03925896613
0.2235077612
-0.6212733857
0.5451618455
-0.2193260647
0.612555147
1.508399373
-0.8781297103
-0.1597157945
0.1109423212
-0.7285373256
0.4579521414
-0.4736335859
0.914185591
-0.8095031098
-0.9578303963
-0.1039528976
0.3647962078
-0.4787404142
-0.07987514148
-1.126575302
0.9245016143
0.4206597686
1.464611679
-0.3268827878
0.09076127177
0.5408357184
-0.2709958587
-0.479768762
0.9187730029
1.669139722
0.9232485533
0.1681968691
-0.9699884534
-0.5354487166
-0.9053190451
-0.03146030419
-0.1212929068
0.9893404946
-0.7053896412
0.2572318158
0.05409502275
-0.6369244345
-0.3592694692
-0.5956590861
-0.9934919775
-0.2565016098
-0.4399022236
-1.449494344
-0.7459691957
-0.4711007595
-1.381441799
0.2670215441
-0.1092238433
0.1152451371
-0.2575680561
-1.173677757
0.4334095404
-0.2199646905
-0.6345701665
-0.3586167688
-0.3210714966
-0.2718859017
1.461541227
-0.2373555761
-0.4606363986
-0.08357528942
0.3763163272
-0.4516880959
-0.7532733753
-0.8257497221
-0.501505509
-0.8820949614
-0.03736528764
-0.4120167941
-0.6529179975
-0.1688743446
-0.2076195085
-0.6086410701
-1.230229534
-0.6833750576
-0.4503469974
-0.1024097517
-1.028560391
-0.7289826527
-0.1931167238
-0.4822680444
-0.474099125
-0.6162920155
-0.7449057356
2.243378711
-0.4661779664
-0.3221773285
-0.9701115698
-0.6879127458
-0.5416503966
-0.3805707444
-0.8126103312
-0.2328255601
-0.2440328076
-0.2464428082
0.5243755065
0.5618857428
-0.7422296971
-0.1559668161
-0.3039833203
-0.09073715706
-1.349058086
-0.1508238271
0.8000735104
0.4889097203
0.7397825815
-0.5842174686
-0.3761543278
-0.4613622148
-0.1978078891
-0.03049521418
-0.01816925183
-0.5519251466
-0.5714190185
-0.005824726447
1.493343803
-0.05998224448
0.5638872487
-0.2480064683
0.04305331018
-0.1270240043
-0.4540010892
-0.3265733059
0.3790578766
0.3369237706
1.382240194
0.01254442111
-0.1542473686
0.4246350024
-0.3947082773
-0.2530300986
-0.1734171221
1.00290942
-1.23779887
-0.1037479021
0.2945158962
-0.3033082843
1.156241238
-0.9984472632
1.622171009
-0.3027652271
-0.1460799301
0.1458681086
-0.4252984248
-0.6371226296
-0.5944576934
0.5703043237
-0.2639005348
-0.1701454507
-0.6029857293
0.490434959
0.03056416623
-0.7732182339
0.3888533954
-1.018671067
-0.04241790976
0.05208086791
0.227675839
-1.244730176
-0.5493744373
0.5933027405
-0.3887096964
0.4051437456
0.004541837238
-0.7674625352
-0.7358666494
-0.09619871685
0.3200360531
-0.2422857367
1.173264223
-0.3290934592
0.3706582848
-0.7170985177
2.807459438
0.04923145324
-0.3842758756
-0.1681520797
-0.4232332185
0.434786595
-0.7393513143
-0.9991976157
-0.6429023996
-0.2906583153
-0.231842418
-0.2961886361
-0.7734557733
-0.05078455061
-1.038376659
-0.4886703819
-1.114804968
-0.05399465952
-0.4807485625
0.3785523083
-0.5296303913
-0.7702454016
0.116599662
-1.24410924
-0.656056425
-0.5155171145
-0.6595211715
-0.3858101331
-0.2468384976
-0.02892535636
-0.1635246704
-0.1603558827
-0.08542201063
-0.05812629815
-0.144737342
-0.5054869249
-0.5676995441
-0.4367337413
0.07264067251
-0.6428810358
-0.4339932606
-0.7388402596
-0.1809573486
-0.2896820843
0.5877947733
8.274335414e-05
-0.211276494
-0.6361496717
-1.036740264
-0.6371063605
-0.1888524594
-0.688123025
-0.6011944741
-0.2841786146
-0.5267521709
-0.480254592
-0.26823029
-0.9111393884
-0.5281880826
0.1212595626
-0.5546895862
-0.1743519639
-0.2184329294
-0.6189667717
1.538079152
-0.08919550944
0.1340493453
0.7939633057
-0.1511355067
0.6429193794
0.4708885662
-0.5970226377
0.0444247378
1.550281799
0.2316523517
0.036382965
-0.1758138776
-0.05755545944
-0.4639276654
0.8308972731
0.7601543278
-0.4843771845
0.9135757223
0.144135754
-0.07309187329
-0.4583052501
-0.4709610805
-0.9436976492
0.7368552014
-0.4848757647
-0.4698945865
-0.06842020508
-0.3047049321
0.6767553158
-0.9103870623
-0.3205576207
-0.1521507798
-0.4388517261
-0.1346739186
-0.1735252537
0.1252011334
-0.269912196
-0.2494164139
-0.4177150585
0.2435500622
1.840794507
0.5123464748
0.459650515
-0.02904050983
-0.5580567002
-0.02956292722
0.4729338462
-0.5131247059
-0.559464395
-0.3114846371
-0.1362194716
0.7573345348
0.3503613666
0.09197593033
0.6845786095
1.417443298
1.5719897
0.5737867288
0.7061709233
-0.2061373662
-0.2052348927
1.158871406
0.2057748023
1.394123149
-0.3334118322
-0.7109914571
-0.1289375698
-0.1394436931
-0.2947700411
0.1619957188
0.2414590765
0.6674799159
-0.2983556345
0.7164707556
0.2228033854
-0.8717479676
0.2536435462
0.1773875721
1.694396314
0.1028791778
-1.008833015
-0.288101504
0.1788617048
-0.2034305867
0.8957299858
0.916157411
0.4683616705
0.6177959211
0.7078221858
0.225060171
0.5308985917
3.518241096
0.2522205202
0.3494506933
2.161020648
-0.7944263428
0.6940917626
0.1295733276
-0.09257396543
0.4162017139
0.1777925948
0.909489987
1.031852046
0.2435490172
2.614387667
-0.1082725817
-0.172269446
-0.5374193609
0.4529309489
-0.3071056142
-1.444172525
-0.4820647821
-0.5021593787
-0.2071470678
-0.3235985763
-1.068695727
0.1167869233
-0.5272355467
0.697263518
0.0419874493
-0.4654239982
-0.1800678102
0.5292191405
-1.2812078
-0.2493980356
0.001953336922
-0.1739402816
0.467765066
-0.503336744
-0.7513751313
-0.05967741404
-0.4283852294
-0.1939282356
-0.5989603281
0.08551713112
-0.2979532907
-0.1053599911
-0.09183552396
-0.4700693399
-0.08460295685
-0.4173651904
-0.3688930057
-0.2106282733
-0.01054656059
-0.6822572008
-0.6645037502
-0.4182753228
0.08170600925
0.3127113953
-0.3334709585
-0.9603282303
1.303622329
-0.3694309503
-0.8772728413
-0.4945279934
-0.7819743484
-0.05691765342
-0.2405544903
-0.3086643949
-0.327447588
-0.2372547902
-0.3640345544
-0.565218173
-0.6506669968
-0.2329625763
0.2058958348
-0.3676280826
-0.5876994446
-0.4740845986
0.4665002324
0.4482566878
-0.1415644147
-0.233622811
-0.5106438294
0.6403557628
0.5294378713
-0.5501716241
-0.4349562883
-0.09682834325
0.03383226972
-0.005599313602
-0.3543524094
-0.01073973514
0.7821428195
0.5734946644
-0.191273351
0.4649508927
1.691046259
0.7473732203
0.5144387215
-0.2993846752
0.3114206709
-0.3414761037
0.1130708352
-0.2633751743
-1.054201251
0.7196059868
0.0609062871
-0.1132439835
0.8779099748
0.6176207781
-0.56876816
-0.02430643942
0.1321532417
-0.2117847525
0.1068827424
0.8113781959
-0.8263034537
0.1447251445
0.3394714072
-0.344557127
0.3048620537
0.2558970429
2.196081716
0.6391973421
0.1622006182
0.0002039177343
1.854705027
-0.7618281826
-0.434628956
-0.4685276091
1.2515237
-0.03709501624
-0.4006677628
0.5631889343
0.09766557151
-0.2017294429
1.610282823
0.03235048545
-0.2898658264
1.709003577
1.19630125
0.01780372858
-0.3159529999
0.2522421642
0.8662888616
-0.1951798148
-0.4648416214
0.0941129975
-0.4357761547
-0.03092103805
-0.2197910395
0.2492566967
-0.4263284177
0.3304391248
0.8883942306
-0.4179448508
-0.4736252055
-0.03177805766
0.9362773076
0.07592166588
-0.2420045651
-0.2363883751
1.252119493
-0.3732338481
0.3505279683
-0.1287458707
0.1543648485
0.1095112717
0.5397912083
0.2049825123
-0.1126826894
-0.1355872497
0.9328637451
0.04249901213
0.4757679671
-0.5568237513
0.03869557846
0.4011058584
-0.09499447253
-0.4032527551
2.203674108
0.3115026238
-0.3180446714
0.2435444364
-0.1527042665
0.04204939194
0.8511009291
-0.2647148147
-0.5029484734
0.2131205548
-0.7478061974
0.4141772456
-0.2740410786
-0.7294048086
-0.02602378856
-0.3427614644
-0.2798628882
-0.5578429639
-0.1181392901
-0.6351473495
0.1860072872
0.3774559319
0.2498457477
0.1273985054
-0.03316700673
-0.01563557275
-0.2762488514
-0.04916041233
0.07686030199
-0.4023704201
-0.05140056768
-0.01652214304
-0.2729603656
0.6331459045
1.058054115
-0.557864064
-0.177641334
0.1491304378
-0.1076903248
0.7718371689
1.751726452
0.2251657244
-0.1001684351
0.07770307809
-0.2928278901
-0.316437456
0.01377175804
0.2568162801
0.3978133116
-0.4052973285
-0.3666739509
0.4518118773
0.5251615159
-0.8073769122
0.656893678
-0.7310846478
-0.1532484815
-0.4627101425
-0.2746542996
-0.7224327743
0.01373150023
0.1762546174
0.9264841702
0.4685170464
0.3720713418
0.2353152059
-0.3045738377
-0.02824259326
0.7970514245
0.8950158
0.1917376773
1.191357166
0.06180073619
0.4546546601
0.3486773787
2.110251486
0.9206183434
0.8974106431
-0.1056152411
-0.2364896834
0.3768383272
-0.5963189483
1.705098772
0.3927995607
0.0625269914
0.4293646809
-0.268841932
1.145550245
0.6417540312
-0.04463073649
1.151544726
0.1717848524
0.5986851044
1.10950526
-0.001155587798
0.6514551148
1.233750686
0.5238777056
0.3459262323
-0.2718833927
0.3089583524
2.111800432
2.059406728
0.02630926389
1.638505247
0.001742335223
0.5817876302
0.8437977478
1.01810869
0.8815698974
0.1400692998
0.5235961277
-0.2893075276
0.1596820514
0.08827651734
1.450896773
0.2852512228
-0.5687615991
0.1846431296
2.305961823
-0.03712629061
-0.5223499715
0.2445276227
0.3013045017
0.1276824861
0.7433425814
0.5170229241
2.278334713
1.358240598
0.0304046826
-0.1369367503
0.3870697325
0.2834712083
-0.2790906966
0.2672183767
-0.3987819731
-0.1767314345
-0.3727289766
-0.1528915666
-0.2409913028
0.8556051865
0.2106854498
0.2871469568
0.2784305847
0.2485369381
0.2666391695
0.04313880522
0.2319670923
-0.4255321458
-0.6877094351
0.03220379651
-0.4964779451
-0.3223584563
0.4731045945
0.7582352176
1.01601077
-0.3810956061
-0.753424713
0.5003846966
0.7154354334
-0.6050627708
0.2571568005
0.1088853462
0.2631848536
1.078468028
-0.5512757748
0.4601761896
0.4762043059
0.4043208752
-0.1166871581
0.154225857
1.548949003
0.4769588977
0.4811058104
0.3020072676
-0.2900858492
-0.6080412567
-0.2379316922
0.6137859002
0.04628768801
0.3477474578
2.793813753
0.02258236562
0.1611188069
1.014660954
0.4121337734
-0.3474631913
0.5894986004
0.9449390084
0.6962121144
-0.07482747361
-0.1979118429
-0.5529210597
-0.5966907449
0.6276642516
-0.55403115
0.7292916685
0.07786312513
-0.1865772471
0.2572214613
0.1035634611
0.1319642307
0.4073523059
-0.07602560781
0.4748865001
0.8501009822
0.6009931006
-0.1557174082
-0.5358283311
-0.1683540018
0.1056319569
-0.2054673422
1.076835337
0.1021657275
-0.5381079882
-0.4096654788
-0.9312006533
-0.229975307
-0.6383626863
-0.2158305576
-0.7029065609
1.630215383
-0.06827460565
0.2535313237
0.6978768457
0.06165707614
-0.1268162582
-0.3508069418
1.393022531
1.13138302
-0.3574679732
0.06365246978
0.3544027411
-0.8780159935
1.242240065
-0.07408397291
-0.07461273931
-0.3986714259
0.02040662169
0.1979132557
0.155207335
1.117964908
1.532937485
0.4309588615
0.6379140675
-0.08148070723
-0.7191602509
0.6019051015
-0.1550181603
-0.3137599736
0.8905195147
-0.7044433352
0.08125650929
-0.2822891995
0.3026207309
0.1682067112
0.7397825882
-0.01660194453
0.6570052743
-0.8000664756
-0.3435215272
-0.6033363461
1.954684597
0.1735228168
0.2199105795
-0.07202060595
-0.07216854021
-0.2045701705
-0.326302173
-0.5885273382
-0.05692904796
-0.06960504949
0.5741143534
-0.1492333766
0.220618837
0.3432393197
0.515021427
0.4961281195
-0.6656630099
-0.43893172
-0.6453031197
-0.06823734399
0.7304969832
0.2124366041
0.1594187084
0.3829878383
-0.4105137043
-0.2010458712
-0.07376041245
0.4315007202
-0.5021100849
-0.3631426334
-1.270952496
-0.1700536348
-0.3556109302
0.5928045848
0.4075968077
0.7635024041
-0.2471005864
0.294210301
1.30037899
2.82835868
1.151712897
-0.2590907723
0.2536227401
-0.3690336011
0.7866078421
-0.2077925391
-0.002862246288
-0.2293118123
-0.8424748063
-0.3350565851
0.04189997241
0.6557772115
-0.6223075837
-0.3544219173
0.1429601833
0.8277291488
-0.430613859
0.4673196049
-0.2485581031
-0.08685955633
0.09943758342
-0.270668162
-0.2425074372
-0.7437396258
-0.2250043746
0.703833355
0.1059668286
-0.427003783
0.2943528041
-0.2988627523
0.4781775378
-0.5450998455
-0.4005549788
-0.2331309797
-0.25026218
-0.02954069544
-0.5683800146
-0.189140055
0.2002143234
0.2728009674
-0.1992468588
-0.2568658613
-0.9027412385
1.244504607
0.3272789007
-0.03548115119
0.1084972589
-0.4135236159
0.7217068121
0.06634615604
0.1594539757
-0.8418594673
-0.4643230967
-0.9598414242
-0.07982047852
0.7620749772
-0.2900327418
-0.6907579273
-0.1090351712
1.009990337
0.1483291754
-0.499981758
-0.6244269088
-0.145712455
-0.04920884855
0.145678314
-0.1848634571
-0.4122104615
-0.071125479
-0.2914341822
0.2402100533
-0.3369581655
-0.7255376071
-0.4838132039
-1.063678025
1.064054874
-0.48779338
0.2687527231
-0.4154644221
-0.1243795088
0.5367885217
0.1944731272
0.1835519834
0.6964622609
1.631622615
0.9513557419
0.3046636862
0.2921434227
0.9691274866
1.377940509
0.7536763817
0.6194307283
0.5672638126
0.375505478
0.8112860978
0.1361866474
0.4989013255
0.1314504402
-0.1579770515
-0.1658862414
0.02310787588
-0.3588371396
-0.1314172155
-0.3433636367
-0.1360250095
-0.45916664
-0.3295289531
0.4184362337
0.2942519714
1.121836346
-0.6230992639
-0.1868234888
-0.04978087004
-0.2463906698
0.007130385563
-0.7725544959
-0.249998909
-0.4392739624
-0.1668365933
-0.2859811919
0.2032094775
0.1508335836
0.725653401
0.8423916042
0.2729437411
-0.1650810773
-0.1104821591
-0.3184554458
-0.07532109227
0.2448639125
0.9426780269
-0.1843679186
1.615975523
-0.111000376
-0.02952531315
0.607736955
0.6574773327
1.042621392
0.009596742317
0.5322769195
0.04878763929
-0.2309617579
-0.2596385643
0.05192171261
-0.05371489245
-0.2347122759
-0.02866724897
0.3523183405
-0.3345149539
-0.1971302688
0.3239016354
0.1952885205
-0.3157200083
1.094563234
-0.1418628387
-0.2905385058
-0.1094054821
0.6608991101
0.02559363395
0.3803044578
-0.2800376631
0.1277110506
0.9334371209
0.7186161973
-0.1699414816
-0.5386072472
0.6987424836
0.1162035108
3.051059282
0.4790696367
0.5402712867
0.3223357076
1.378820395
0.1416561617
-0.4368838385
2.401507545
0.7590235904
1.519956365
0.932423225
0.5710256288
1.01141713
1.237126112
-0.0418836249
0.1761192456
-0.2758483864
0.4596055558
-0.2737217842
-0.3553391017
0.1394136047
0.2047578077
0.6024366818
0.461317916
-0.5821624734
-0.7781824648
0.3168381423
-0.4373482913
0.5068893179
-0.2682091065
1.348208284
-0.5185018778
0.02692212844
1.595842764
-0.04743661508
0.2048886563
0.07495347727
0.09860243164
-0.03333083908
-0.2212533357
-0.1724196848
0.002105685696
-0.3248686589
-0.518401143
0.6682160825
-0.2781342678
-0.1403574526
-0.08308370784
0.008162448928
-0.2871308714
-0.177097499
-0.3167243835
-0.4650721394
-0.4469543591
0.2494057454
0.7370728776
0.51897576
1.513439161
-0.1930078756
0.273505085
1.298826833
-0.9614605397
1.295945206
0.2068346271
-0.1487421475
-0.00395299904
1.569060083
0.6246168005
1.349507973
-0.00134642506
0.1848212726
-0.061170201
-0.160908146
0.3018845197
-0.0794449769
-0.1147829333
0.1290829679
-0.4459481567
0.5149600103
-0.1635757025
-0.2092345074
-0.1313751981
-0.4940281734
-0.1567631567
1.953204173
-0.2257989675
0.2318807267
0.5956572405
0.08227158301
0.1501903975
0.8001373678
0.2747900425
1.33803913
-0.2509789791
2.057872951
0.05595556945
1.460780102
0.253938167
1.659731749
0.5170129739
1.015689723
-0.1352502275
1.013715908
1.701808488
1.33602103
0.2194087451
1.478841005
0.3520818289
1.609348738
-0.1707699679
0.4338399784
0.3684688225
-0.2699437626
0.7429662392
0.7098500758
1.924330264
0.8055493623
1.847076744
0.6508249529
-0.4195520006
0.1810894268
-0.08560465667
0.1529542253
1.73697046
0.09246994667
0.9235591203
1.602969652
-0.4888794675
0.7353412248
0.8200930998
0.1098157027
0.880021666
0.2321853541
-0.2925639372
-0.007317097718
-0.005175684951
1.039279439
0.2349194427
1.071316481
0.8486357868
-0.1070741806
-0.05622125939
-0.1373812381
1.742337126
0.4621606436
-0.2549523387
-0.1092186658
-0.4908957884
-0.4726851791
0.2910057087
-0.002141672745
-0.2486148521
-0.711056526
-0.03499071598
-0.2533378899
1.744144666
0.08224832276
0.008105997276
-0.05594272586
0.8946175307
0.1642927576
-0.2803383991
-0.4100747257
-0.1558660433
0.5832156599
-0.5666878849
0.9655687347
-0.07858540583
0.09573857374
0.04138905946
-0.01450533904
-0.5458359435
-0.2350454889
1.5628025
0.6964394271
0.9096181408
0.7961756036
0.371711944
0.2563705174
-0.2845340714
-0.3798065677
-0.4661492214
-0.255732061
-0.1653680556
-0.1083167709
2.530131143
0.7709793851
1.037351499
0.06184459077
-0.4005710118
0.2189939644
-0.342963019
-0.4465805411
0.1329136351
1.310609069
0.4820724428
-0.5104355261
2.127830625
0.6900137648
-0.2950057991
0.288998837
-0.1221568981
-0.4441163048
-0.588297376
0.1054669957
-0.1764764847
0.5157710169
1.056627244
0.2778525203
0.1086186886
-0.2735291347
-0.3320711449
-0.7941556662
0.1071549302
-0.05555739161
0.1509955956
0.4877092309
-0.120204249
-0.1942739643
-0.2842028439
0.1256761752
0.222964933
-0.3200416163
0.5988066375
0.7089096822
1.669987398
-0.1456536707
-0.2767510198
-0.4714513004
0.1292992283
-0.2155582368
0.2312281987
1.033745721
0.6018820651
-0.1660709731
0.4485624116
-1.294151953
-0.09338512421
-0.4776358768
0.5906390682
-0.5793624416
0.3429098807
-0.1080259902
0.01930360608
-0.203963118
-0.05879968144
-0.244189427
-0.211476435
-0.04366847221
-0.1889534196
-0.2971100405
-0.1407011911
-0.4312580913
-0.1675450236
-0.167820661
-0.2831137985
-0.6418330222
-0.2838258453
-0.4830606401
0.6201616049
-0.06061595306
0.08581247292
0.174495497
-0.5721321166
0.02009202284
-0.04933050079
0.06111451685
-0.7758534521
-0.01122630835
1.952307642
0.1803663783
0.1889090653
-0.03965686625
0.3072508954
0.8201330692
0.4786343239
0.5554275818
1.263959104
0.543188471
0.9508135041
0.04389084075
0.5377951872
0.5242512727
2.470583886
0.7365341172
-0.1229850097
0.4507591598
0.8287927449
0.06223391686
0.1724926122
0.3491130389
0.640702375
0.1986870876
0.3758442657
0.2044803264
-0.04611979802
2.015345949
-0.1692155501
0.3339098517
0.7988204218
1.145641707
2.001344275
0.3071868084
-0.002465874888
0.8467842609
0.05622437932
0.7383842334
-0.1429759778
0.5831736907
0.4494779602
-0.01859283
0.7896250844
0.4287129961
1.091091552
1.725615808
0.1263857018
0.4334597349
0.8415656433
-0.3242453948
-0.1863628428
0.5051909715
-0.4670955077
0.2935440976
0.373409535
0.8406940594
0.7390821978
0.04212011369
1.211774546
-0.08299463927
-0.02379978951
-0.5679162174
-0.02807654105
-0.1403855648
0.2324945386
-0.4448363408
0.9488929462
-0.8254036516
-0.2079594854
-0.3873290723
-0.47147668
0.035473869
-0.2407950521
0.8448695034
-0.4791277319
-0.02729749046
0.6683873829
0.3888101168
0.581124644
0.01540563423
0.5115483642
0.8116878718
1.072677791
0.2442669583
-0.04107687473
0.4687440449
1.659963587
-0.155868851
0.4624617286
-0.3265835218
-0.3016939253
-0.04559737872
0.6814883843
-0.5576618299
0.3342101794
0.6029966347
-0.3615970612
-0.4130437836
-0.5255327046
-1.272180605
-0.4210756943
0.634521997
0.1705397151
0.2623305166
0.2316342643
-0.3496882081
-0.1685841143
0.041432417
-0.2881011501
-0.1591043256
0.265086641
1.222750482
-0.8176801533
1.425323474
0.07241032142
-0.09950642008
0.5451379836
-0.1429010926
-0.2270291716
0.1640970855
-0.3313863084
0.7067612603
0.5673013259
0.6274272285
1.393952999
0.3939220341
-0.6043193474
0.1601803143
-0.6695131764
0.1006569408
1.356394586
1.093431377
0.5451290421
-0.1213316539
0.3902061001
0.2180671651
0.09861423234
-0.6358670771
-0.3696664542
0.3412495567
-0.8136616319
-0.366155865
-0.008586138114
-0.799095726
-0.6562243983
1.529681024
-0.04736173514
-0.1563625149
0.5754268058
-0.3727987662
0.6370860562
-0.6158327252
-0.4787676647
0.5471757777
-0.6426335886
1.007977378
-0.7911185995
-0.2860065944
0.1919404637
-0.5888617083
-0.950224027
0.07849877793
1.344915327
0.02344200974
-0.7637136146
0.3347147666
0.1572650461
0.0028337745
0.04482803335
-0.3077282913
0.2036119316
0.5284069553
0.2965031059
0.08575500706
-0.2309461143
-0.2180808567
-0.2026313931
0.6898253977
1.493761176
-0.9844538391
0.2171145733
0.1254811433
0.181571679
1.00340685
1.755398053
-1.144993874
-0.303291256
0.6217297699
0.6180875599
-0.01987366527
0.7901037335
0.3750109695
-0.5785693884
0.6549368531
-0.1479387773
0.6354010373
-0.06654141843
-0.15639406
-0.1024659928
0.1290076375
0.7401962698
0.2998811584
0.3699334417
0.4940158948
0.06958328178
-0.2490027301
0.7765322804
0.908052218
0.7571694016
0.07783217493
0.6970143393
0.02686834075
-0.3405368641
1.326306549
0.3521816351
0.1118324758
0.2794819042
0.4315346676
1.336912808
-0.5541122407
-0.7292051449
0.6689414862
-0.5529378444
0.7496051103
0.3504956432
0.7213629339
-0.1834366437
-0.5113458887
-0.1015651926
0.1837886746
-0.2075572327
-0.2161062609
-0.5340257034
-0.1907756824
-0.2461986192
-0.1793554163
0.06971414145
-0.3419991106
-0.3707136378
-0.1219832923
-0.6349925727
-0.4430852696
0.6470792465
-0.2152002215
0.222336024
-0.2402034476
-0.1901203584
0.755466865
0.02150219791
0.4557330757
-0.6715304017
0.9480229989
0.1728141524
-0.03140138909
-0.1128449729
1.228369686
2.68689062
1.189220557
0.03063846575
-0.4093852565
-0.1771629795
0.1938261185
-0.7078958228
-0.5954104662
-0.1568331758
0.7031789377
0.4962848373
-0.2745490327
0.07676274292
-0.2186034434
-0.01704025548
0.2370936487
0.07502270937
-0.4184857264
0.9259298682
0.227991201
-0.2926706582
-0.2998503499
-0.5976742297
-0.2512830313
0.4539724961
0.01683768872
-0.6965164185
0.1306903086
-0.4313725978
0.2210526422
0.2350756548
0.2113839321
-0.5513815824
-0.4221096501
-0.2052758329
-0.02617212906
-0.5194596007
-0.1173506453
-0.4622022748
-0.2751721967
-0.008041109843
0.6044591462
-0.4731177479
-0.5270491585
-0.3699641749
-0.2561643835
-0.3887302637
0.5770147912
0.7594592586
-0.1105541162
-0.3376552373
-0.5456880525
0.1104992418
-0.7745248899
0.2089067092
-0.1544249184
0.007319859043
-0.6875992835
-0.2913070649
0.2685348651
1.551222533
-0.1939722886
-0.8743106246
-0.3660451993
0.05201006159
2.088680619
-0.5050247118
0.5941021591
-0.1381222596
-0.1079949941
0.1161708154
0.6304271411
0.3761389047
0.4749144671
0.1836032711
0.5987909071
0.5412745267
0.2378323179
0.1404490096
-0.1704709917
0.7349968135
1.652277374
-0.0163894942
-0.4771407887
-0.03946579359
0.6447096143
-0.3041515924
0.02615165827
0.8063935935
0.3564825444
0.08150941599
-0.4792385876
-0.3106138218
0.7692966076
-0.371278353
-0.1225053954
0.2310113888
-0.3162500482
-0.6205035493
-1.029849336
-0.3723775879
-0.5170538008
0.4344143584
-0.7172064483
-0.04347143122
-0.3928584933
0.5463961567
0.206621442
-0.336016003
1.483036482
-0.1683709204
-0.2920876808
0.2068845587
0.9700045943
0.5230084993
-0.03738535792
0.006252421439
1.436454645
0.2021132389
0.6693441611
0.6346228898
0.5020024808
0.5448099978
-0.006272350159
0.7341598354
-0.04857853539
0.1733586488
-0.06973821782
0.1453610678
0.1012675
0.8642741859
-0.5279406026
0.1390527902
0.3961183672
0.7793989629
0.2523984915
-0.2240379348
-0.4233294696
0.8708748415
-0.3364815831
-0.3069813721
-0.3333963543
-0.002163934521
1.366948602
0.06480681296
0.2389748218
1.183944327
0.4309477728
0.9797964692
0.9739690259
0.7395165533
0.1918528125
0.0776350867
0.3805985827
0.4424291647
0.2719763223
0.4924961463
-0.3668374382
0.931586802
1.02282996
0.206145454
0.02037223955
1.006082657
0.0943280072
0.7733807713
0.3721645755
0.4269510463
0.6457148671
1.692203507
0.4934845392
0.3365716666
0.4036375776
-0.6451824695
0.9888382912
-0.2255996324
0.1323093794
0.6196168143
0.3063399049
0.5953726389
2.440888345
0.4180836279
0.1613681456
0.6226019964
-0.02842433453
0.4296207145
1.307976916
1.955915391
1.330893275
0.5764928219
0.6061171219
1.128954491
0.01710978635
1.77553986
-0.2634884603
0.4087289548
-0.07895738389
0.8240382373
-0.2186542567
0.6166669689
0.2329144213
1.624176577
0.5185962727
-0.7935025021
-0.2007750191
1.085375379
-0.2909317791
0.1469581306
-0.5028440565
-0.1113171963
0.4345682203
0.02024851311
0.3275727537
-0.5302275226
-0.4561640039
0.2889890715
1.442721027
0.04187718388
3.176176941
-0.6383064896
0.576877429
0.2929226459
0.06314000599
3.130968624
0.4024606444
0.09443820692
1.928233594
0.173594992
0.8678532915
0.5899861455
1.25290007
2.017014647
0.6593025357
0.7231803715
0.1422346596
0.9700878829
-0.07343368288
0.5586857378
0.7191690654
0.2862706876
0.7220638826
0.717012284
-0.2102061667
0.7469283365
0.05578124919
0.0849010075
-0.1706118874
0.2158651985
0.4417824663
0.7520797513
0.6966537811
0.06743939691
1.179413748
1.684444684
1.226124385
0.5729929183
0.2384552608
0.05984874442
0.5079339106
0.4721469015
1.36497525
0.1654587535
1.074594855
1.694140053
0.003090344369
0.9342644915
0.5424408481
0.7088676944
1.201364747
0.4409112718
0.2327534914
0.8676305264
1.181931987
2.045170647
-0.5494879067
1.911986715
0.9330625802
0.2389476284
0.2715711739
0.4540525854
0.02691793814
-0.37518024
-0.6304288134
-0.4891178951
-0.6233195752
-0.0221983159
1.45389289
0.05589817278
-0.1927071527
0.3508385234
-1.014636332
-0.9553131014
-0.5964474916
-0.4103740495
-0.4830388054
0.3180268709
0.3939147022
-0.1203028368
0.01766229998
-0.01139197163
-0.3348522685
0.872263895
-0.1386508919
-0.003788063303
-0.1713316631
0.639320564
0.4857910402
0.1831224266
0.3170495702
-0.3678137764
-0.5153998986
-0.3189107649
0.3574322824
0.6310206216
0.6968345927
0.4674047045
0.2669799386
0.4331201654
-0.4346439853
-0.6417712778
0.06873997273
-0.05389442239
0.1446417296
-0.1376447722
0.8748250037
-0.0739035516
0.005300469697
-0.2544617351
-0.4627550885
0.7932445154
-0.647017087
-0.1082483426
0.3106950486
-0.1680805698
0.3583483834
-0.1233115122
-0.3433941964
0.3626885055
0.5580798105
0.3239322744
0.4763694253
-0.2541413203
-0.8823689729
0.02512749843
0.09259420391
0.1578645912
-0.1176488493
0.06857798309
1.738211212
0.9623483002
-0.07898891419
0.03254959397
0.4254642729
0.4484187409
-0.0795180222
0.1103668702
-0.4396412663
0.09339273619
-0.9485540628
0.7177505136
-0.5245713085
-0.1690548185
0.03073211033
-0.345210892
-0.8066124469
-0.2034637796
-0.114505912
-0.1418526113
0.2714181034
0.5366745543
-0.03461932894
-0.2020972572
0.1918546684
1.29996081
0.1691435995
-0.3967364632
-0.3525595352
-0.1136344821
-0.4111459494
-0.5486174434
-0.1710013494
-0.100876707
1.95169313
-0.1004650511
0.3028003223
-0.2014700007
0.5243745726
-0.6516063392
1.016267941
-1.215285593
-0.381888333
-0.2286251411
0.06907735281
3.051137406
-0.2435757354
0.02088952214
0.1392495925
0.4003442414
0.06171223074
-0.5148746312
0.1476061556
0.9347830728
0.849763006
0.2858602375
1.864837497
0.5116488263
0.02407343574
-0.6808836877
-0.07172133271
1.368188784
-0.16980967
0.4172380967
0.525069559
0.04943295382
0.9622354656
-0.04260730315
0.4785118618
-0.1789196219
0.2114297351
2.936765444
0.706196028
0.4306393206
0.2138033219
-0.6653344482
0.433086289
1.003311738
-0.4116385415
0.2259465585
-0.1264828742
0.2356473271
-0.1090817699
-0.08599781562
-0.00220808275
0.1144393414
0.1143550668
2.212643325
0.5453989297
0.6308041215
0.1848666833
-0.1700625971
0.1172972599
0.8450183377
0.3693548463
-0.9102810308
-0.6416733548
1.076516691
0.1432098532
1.175489613
-0.08944024146
-0.7728146136
-0.2377247915
-0.4690337107
0.1495414101
0.2169484567
0.6331465834
-0.4234979797
0.6018819075
0.1861208487
0.9497330487
-1.197426942
-0.2845001914
1.93166773
1.381395459
1.053809509
-0.2276633771
1.051461667
-0.6187066466
1.411115274
0.8536119983
-0.2128362499
0.4772924483
-0.4870517731
-0.5549114347
-0.448151958
-0.8939458236
-0.5950695217
-0.1025608663
0.06790056992
0.1631672342
1.497424385
0.3713316005
-0.4509931229
0.4070306603
0.4633748659
1.984772009
0.6250548929
0.7627528533
0.2369009929
1.370085531
0.1109760567
-0.3356479339
-0.07428811374
0.6253311117
0.1463821453
-0.583047371
0.1145698909
0.3871237144
-0.6209736735
0.4835365497
-0.2823532769
-0.6452925175
0.1064984231
0.3469496254
-0.1099932171
-0.4360260841
0.00456376411
-0.5179569662
-0.8840444639
-0.4955089759
-0.469815585
0.200722371
-0.3268934548
0.706072326
-0.2420367293
-0.561623615
0.3350174954
0.04782784581
1.975473469
-0.2850295588
-1.016326699
-0.40352205
0.2330360221
0.2249776948
0.09198214728
-0.1600452734
-0.449084942
0.7519638404
0.88174963
-0.2750190601
-0.8260198325
-0.5050727457
-0.7438218012
-0.5117123418
0.09861918241
-0.06300583836
-0.3200249936
-0.1628310703
0.9674789727
-0.1575115528
0.1178252297
-0.1620492004
-0.4778268797
0.09319933653
0.4541067183
-0.4912649438
-0.2909862198
0.05804833975
0.2624601567
0.0249847807
-0.1491765248
-0.6214207206
0.1312389608
-0.1301509952
-0.8259789929
-0.4263414294
0.09885967672
0.1640745796
-0.7293407768
-1.029083247
-0.3756962188
-0.1020953592
-0.5099448755
0.05280038589
-0.6916353777
-0.2482102562
-0.236819426
-0.1924709408
-0.1098504353
0.08732467657
0.4884583462
-0.410327132
-0.9632951289
-0.2729689896
-1.062675011
0.3261883881
0.5590610547
1.16206004
1.936709845
0.05835293857
-0.8270041376
1.211374375
-0.798207695
-0.3846301109
0.01182424948
0.004990150966
-0.1361259306
0.5958524053
-0.05687192753
0.5150655076
1.308276659
-0.270175653
-0.1967947617
-0.3641259402
-0.201114139
0.9374948651
0.5286342196
0.01758336145
1.079758564
0.5215008475
0.2898123063
-0.3304604039
-0.001574071124
0.8751490563
-0.1117848929
0.002371414704
0.201441066
1.280373232
2.059406477
-0.6353472486
0.2191338383
-0.2817564532
-0.7505227238
-0.1027578931
-0.4841770023
-0.1966585383
-0.9178590178
0.9101211794
1.134055953
0.4702887642
0.2492325883
0.3047187235
-0.475299035
-0.9937112361
-0.4179366723
-0.01008898134
0.5757405926
-0.07690625414
0.3264798831
-0.2769979089
-0.4912111748
-0.3943911985
-0.7553129375
-0.9704158425
-0.1182388254
-0.06264685094
0.6076071501
-0.5486218214
-0.4612410501
-0.3991594657
0.1117179135
0.2420335811
0.4457443318
0.6708660007
-0.1580462694
0.2977079032
-0.05990353683
1.778246912
-0.2044144854
0.409217063
0.0216900887
0.2581585421
-0.7316897079
-0.3414495617
-0.2171983106
0.2272581451
0.2917317241
0.1835699918
0.05267146807
0.05696240896
-0.5991551593
-0.101557614
0.2963268937
0.4914798386
0.6368498594
-0.11474838
-0.0425769113
-0.9635339171
-0.06621829476
-0.2217215315
-0.5982575074
-0.2865141869
-0.4313449636
-0.05756757166
1.232046565
0.2134718182
0.1276210278
1.021619646
-0.4478844628
-0.0934070807
-0.6951818943
-0.1226605458
0.08358469298
0.1841745298
-0.03350212239
0.07970006652
-0.1383728914
-0.6780173406
-0.4393233255
0.1467471182
-1.007025407
-0.7090708703
0.3341809973
0.03088372918
0.2213731628
-0.04894132838
-0.7267639726
-0.1813233219
1.610081708
-1.180747956
-1.166804086
-0.09840496052
0.1433299756
0.2386141464
0.6905945476
-0.4830451071
2.280636543
-0.07384879678
-0.5196139559
-0.2682900138
0.1733103916
1.649439338
0.698126597
0.6593756154
-1.29806914
-0.7290184021
-0.9791840568
-0.3260767294
-0.6373912841
-0.2051594064
-1.117279845
-1.120870748
-0.3718796574
1.480822203
-0.0237258913
-0.2491044637
0.6162015438
-0.1406194149
-0.07019580742
-0.4702831313
0.719247517
-0.1340021472
-0.6131964818
-0.3423066258
1.214412326
-0.3957194164
-0.1946830366
0.4564669341
-0.1282181824
-0.1220026654
0.5650214508
0.2541625176
-0.06630965262
1.272930908
0.1638228166
-0.4224709131
-0.5078439102
0.05685705608
0.2079384526
-0.2178481594
0.1195821021
2.01697377
0.4009967012
0.0448134494
0.3865312666
-0.4234403327
-0.1298800245
0.02933841478
0.863051942
-0.004795584269
0.1963899473
-0.6827066161
-0.009676524252
0.4696741275
0.3665598052
-0.07726788726
0.6401747674
0.3912631223
0.4713625379
-0.2115237162
1.059221768
1.500997297
-0.4329009131
-0.7457423478
-0.03771867547
2.497401047
0.6705248423
0.2276984245
0.4349525407
-0.1051219292
1.677387324
-0.04883012362
-0.2608188778
-0.4022490174
-0.3572063535
0.6441198006
0.3401827212
0.5590831004
0.2974947222
-0.334871617
0.9392465442
0.06642663851
0.31880804
0.4164341547
0.2496140854
0.02452490684
0.2131022491
0.6785493152
-0.3398427792
0.5153675199
-0.5347914904
-0.3705990702
0.09560759105
2.409939879
-0.004503702233
-0.5170743652
0.1724356066
-0.07914215364
0.5259280235
-0.432228427
-0.1029316407
0.7481201351
0.3123136322
0.3427981049
-0.04715688266
0.8591365173
-0.1244785242
-0.1942595959
0.7729381204
0.002733560652
1.015806371
-0.1817728758
-0.704194288
-0.3839649351
-0.1828203872
1.134503213
-0.02645220365
0.5373706758
0.2486515212
0.9464452624
0.1749176048
-0.01671409793
-0.1752007097
-0.8377402931
-0.3159013413
0.1805748845
0.7127053551
-0.238878864
-0.303004255
0.05271692728
0.2744051193
0.01010730192
-0.006312831305
1.450886372
-0.1117355034
-0.1316276414
0.4333257478
0.2759140421
-0.0703639552
1.811255008
0.5029605627
-0.005670300126
0.3346482869
-0.3269298218
-0.1154565116
-0.1399540601
0.2257577926
0.444688268
-0.259857738
-0.53200645
0.5359628618
2.650850821
0.5679446358
-0.1527828211
-0.09234087393
0.3711723261
0.5511398618
0.6532458339
0.3002643723
1.477634805
-0.4873896122
1.053959587
-0.3038872201
0.4827946796
-0.04279308096
0.8185632661
-0.5222892791
-0.5893771127
0.3214531673
-0.1407573953
-0.08371438626
0.128246332
0.8428621873
0.5498587199
0.101769658
0.9810700357
1.217031193
0.6514797371
2.45318498
0.3977217238
1.639438087
-0.1827353982
0.2809768185
0.539887625
0.06000238135
0.9915575951
1.050134754
-0.2452360723
0.5334094957
-0.07681299783
0.9157471165
0.8699187752
-0.2402049452
-0.06401674971
-0.4109099375
0.5804618925
0.487979243
1.186788975
-0.232828337
1.051062492
2.6373092
-0.1476542719
0.1545643239
0.6871653736
0.6329659108
0.2502404727
0.2405466189
-0.3761440098
0.4305688322
-0.01192309512
0.6833815731
1.356578368
0.6183569763
1.698223633
2.035909763
0.7534361407
0.3276779493
1.213881782
0.9594400346
0.5044567727
1.029269981
1.655587959
0.2514938047
0.6616110548
-0.05283035804
0.7699600279
0.6021622993
0.2147218324
-0.6059153944
0.02874745596
-0.4131003343
-0.335608387
0.06785025001
-0.6462351829
0.9175940394
-0.3963774562
1.457122537
-0.7305495411
-0.9155671328
-0.396543134
-0.4284778833
0.2569272976
0.1467171681
0.5347911306
-0.1142518144
-0.2744217906
-0.2113000043
-0.911640811
0.3713169916
-0.3326771162
0.646772781
-0.1575413492
0.6956943037
1.084672616
2.975366193
-0.2972362414
-0.2661814682
-0.5819612309
-0.1685824709
-0.03921831381
0.149065849
1.076971978
-0.2962023288
1.936881685
0.5547004173
1.140342407
0.8439619076
-0.0006291793659
0.8503321379
0.01897704098
0.1234533578
0.3825620362
-0.02782576778
0.3470827952
-0.174468773
-0.1554941606
-0.3752297759
-0.2813690737
0.4768191146
-0.711260277
0.2246661324
0.2963134019
0.6791982675
-0.3908648595
-0.2628261104
-0.5079803094
0.8574948594
-0.5714509085
-0.08761267215
-0.7218381613
-0.03678579601
0.2199643638
0.2213249171
0.1388936354
-0.5197787195
-0.2878363125
-0.6191229805
0.1436250551
-0.4540670976
-0.05662820898
-0.01026527812
-0.01719902921
-0.6312236696
-0.5726394266
-0.4190904863
-0.2269331578
0.2660419222
-0.3923040666
-0.5577441365
-0.1624374511
0.521222806
-0.3237140894
1.079075631
-0.6792904973
-0.2512934677
0.4668663792
-0.06848515063
-0.3575587697
-0.3137465939
-0.2506897949
-0.2002225824
0.4606202744
-0.07633878347
0.3523257937
-1.285345736
-0.659470126
0.279114744
-0.3825136825
-0.4611577667
-0.09138888884
-0.2743737109
-0.1301892206
0.722102347
-0.4500299677
0.4804961933
-0.1983260559
-0.2227275439
0.5091533583
-0.009565873956
-0.7891019702
-0.5152800471
-0.4889659673
-0.08437971696
2.254551262
0.07877346505
0.2711385095
-0.5920641735
-0.3553840041
-0.1832116423
-0.3874138981
-0.04293917315
0.796041663
1.783345574
-0.09691747166
0.06257472401
-0.2880400717
-0.07719056644
0.3261008111
0.5479491949
0.634382087
-0.2457012482
1.082265864
-0.04525608681
-0.02020560019
0.4284202939
-0.2717546679
0.7636440843
-0.1048052518
0.03440584075
-0.1591447756
-0.4205893017
-0.3168426711
-0.7181110859
-0.5036145747
1.349881789
0.7286578517
0.281057437
0.5323357381
-0.3477101192
0.2881078163
-0.3891124174
0.2026598487
-0.03948651841
0.6527908497
0.950790146
-0.02016555853
-0.7028804883
0.796119079
-0.5951219365
-0.3539597109
0.2379084012
-0.3140183747
0.155409124
0.01931588538
0.7201683387
-0.2914727248
0.3663156275
0.5839426078
-0.09404286835
-0.7170265116
-0.3841852397
-0.5985416591
-0.2277466476
1.033144122
-0.5006753594
-0.151223874
-0.3257082604
-0.3735753067
-0.4103251897
-0.7606713742
-0.4169356242
0.1825615577
-0.4934140995
-0.5313003421
0.4312488995
0.3690031277
-0.3410626382
0.5007231228
-0.1337671563
0.4201177892
0.6355045646
-1.030618411
0.5965979367
-0.1869246423
0.4168252647
-0.1398043753
-0.5575197473
-0.07889007549
-0.3390599936
-0.07992533287
0.8886347666
-0.7584849015
-0.2648703657
0.1007413946
-0.3194556266
0.1576896925
-0.2499239087
-1.218250355
-0.5708878264
-0.944848597
0.5206750631
-0.4029045701
0.2781870445
0.7833047748
0.1813912963
-0.2584238105
-0.07084499523
-0.8752667308
-0.409266109
-0.3539929628
-0.5123503074
-0.2829664737
0.2316280119
-0.08693827875
-0.9879440978
-0.6890494674
-0.2465584707
0.3607238162
-0.2202838914
-0.4741685666
-0.4577845588
-0.1981614694
-0.5658943295
-0.6425040737
0.4279020578
0.3221504454
0.2625755778
-0.6546517953
-0.4900909692
-0.2090478195
0.4231847607
-0.6661574662
0.2623961327
-0.3537029155
-0.4592897624
-0.387292067
0.5678855866
-0.5981320307
-0.172417029
0.122117199
0.02589263655
-1.25801588
-0.5607001573
-0.737221539
0.53134316
-0.798260814
-0.931451273
0.7905623011
-0.5973912865
-0.1408561093
-0.3351491764
-0.226261708
-0.1270170121
-0.5994929492
0.1695484387
-0.423688744
0.2627891578
-0.3545082629
0.02475860491
-0.1028124552
-0.9120304227
0.01662134549
-0.6599282324
-0.1931798521
0.1448002931
0.231699558
-0.2793967031
-1.034764716
0.2087075982
-0.001367773535
0.6395527855
-0.2524185084
-0.5225615814
-1.292687728
-0.4564005099
1.178500578
-0.8221058875
-0.250404501
-0.2923990794
-0.2063919529
0.6998654708
-0.6022547483
-0.2000310626
-0.2152072556
-0.6767346308
0.5654903769
0.7452650718
-0.173342305
0.9925085396
0.1921204346
-0.07805180438
-0.09376674797
-0.7157684542
-0.3999659598
-0.1459669506
0.3659138784
0.0401135508
0.7607679084
-0.278953255
-0.02848357223
-0.2537325747
-0.4392509498
-0.2432675049
0.1026071074
1.605854377
1.939934549
-0.4140068017
0.1843489174
2.267739958
-0.4537297681
-0.140857378
-0.3895373255
-0.09350469299
-0.8841510668
-0.02893466111
0.5401559412
0.05433545988
-0.4595000759
-0.5889701292
0.4394280135
0.6261485189
1.033764762
0.1423996646
0.4933275837
2.999885631
-1.241579361
-1.045327501
-0.6027772427
0.04916326012
-1.278437084
-0.9890498042
0.297990907
-0.3588118672
-0.7923273206
0.8255157813
0.7822907403
0.1977949321
-0.5175705329
-0.0889980495
-0.1297035903
0.3102434587
0.07072671019
0.08991101165
-0.2022780344
0.1862151565
0.3307791185
-0.01616758984
0.07286887979
-0.1478426319
2.985715258
0.396496195
0.4765930347
0.8535245825
-0.1320239432
1.15032399
-0.2772465382
-0.5310955241
-0.002532612439
0.7087326802
0.1512232481
-0.8159821831
-1.025397402
0.3676605359
-0.9125897527
-0.7466099679
1.120825362
-0.02585807983
0.01336591952
1.331053868
-0.2776942827
-0.9274039745
-0.1467417952
-0.4036378182
-0.4990238488
-0.2256751068
0.1952105582
-0.5968896918
-0.09430715553
0.375150381
-0.4040285408
-0.7541463122
-0.6548252985
-0.6425409451
0.8020282388
0.1268748164
-0.3561783358
-0.4333489601
0.2295128148
-0.1618316391
-0.2330228724
0.1900458341
-0.182133162
-0.4821341023
0.5430751882
-0.7565306939
-0.1744479425
-0.03522026837
-0.008962689154
-0.03733719327
-0.5632379523
-0.2798494875
-0.5488217883
-0.6653216317
-0.2458916568
-0.3488819674
0.06755169984
-1.098118934
-0.8648946732
-0.2461889129
-0.01722491868
0.1235847892
-0.5430853926
-0.002845607791
0.258118853
-0.7079826474
-0.1986580972
0.3390044563
0.6131050251
-0.5597763807
-0.1948497519
-0.207141218
-0.05853307671
1.134540817
-0.1505169615
0.1756992131
-0.7654040039
-0.4177846193
0.2178531885
0.8900721475
-0.08418340888
-0.3780351713
-0.2133185312
0.1111805607
0.1572774239
-0.6129288033
1.379254851
-0.1409899067
-0.1011885101
-0.4108183563
0.8468757361
-0.5255912557
-0.3296006948
0.1512266595
0.03165270053
-0.2514474683
-0.1139785107
-0.4918763593
-0.0698545659
-0.5150884762
-0.2401135318
1.052622765
-0.04989393055
-0.9195089892
-0.7690001294
0.5781105272
-0.00312580599
0.5375389352
-0.945978263
-0.4812956885
1.124328104
0.01834871601
-0.243561662
-0.1332615057
-0.5490073368
0.4958851784
-0.1929799583
0.4506760217
-0.4498361886
0.1611128532
0.6473507851
-0.3298413321
0.3257464632
-0.3897407152
0.6907337707
-0.3698272407
2.395367843
-0.3981896274
1.066621563
0.1249807497
0.2995713491
0.399262445
0.9074288443
0.2813192545
0.301611235
0.289304084
0.4678742871
0.8245610178
-0.2389299005
-0.06411759388
0.290294154
-0.6041136846
0.3351434108
-0.2698332161
0.2982761916
-0.7328510046
0.8095451206
0.2595045092
0.8641802587
-0.2945857912
-0.3006324947
0.6932297438
0.07941042036
0.07926088925
0.9719067648
0.4870044082
0.6625944838
1.354779065
-0.2107446425
0.2692698315
0.496564094
0.337150633
0.03538776226
0.07348055048
2.493275058
-0.3275236249
0.580159016
-0.1378514787
0.1045658428
0.8900698677
0.3614114758
0.6905769423
-0.004596237745
-0.6611577839
0.3674456291
-0.7772421658
1.333915406
-0.5622020558
-0.7743617892
-0.29731218
1.150767587
0.3674271755
-0.5218589395
-0.4032132
0.8392115474
-0.349480141
0.1425796485
-0.2012507513
-0.3940497011
-0.2197831526
-0.5114294246
-0.2620662011
0.7745800957
0.008441037452
-0.3128360733
-0.6078335598
-0.8315245256
0.1851555808
-0.7017543226
0.1909329756
-0.06315765753
-0.4635102302
0.4029270041
0.04148846501
-0.2589883775
0.3439501776
0.03475766797
0.8471900493
0.7254632086
0.9747241214
0.4393588342
-0.6025003567
1.271192506
0.2022782071
0.2116909306
-0.2649601281
1.08768741
-0.6771675661
0.5695839822
1.697552145
1.031039561
0.5002112716
-0.4281756878
-0.03931434955
-0.2682711259
-0.1709058311
-0.1782336876
-0.7351734027
0.2667859599
1.125580046
0.6359789237
2.274102104
0.03900750279
0.03987610079
-0.2999188028
-1.179512265
-0.3048852757
0.5280802331
-1.14071385
-0.2417890243
-0.6535749331
0.01184258721
-0.2928575173
-0.7519117206
0.2057046549
0.1777221107
-0.08349276772
-0.2548973195
-0.0331741462
-0.1841684494
-0.2833003305
0.9404752851
0.3767344862
-0.522822167
0.3865395498
-0.5281280771
0.8349424496
0.3343826487
0.2119936218
0.3376879981
-0.02235281263
1.121259174
0.1845830899
1.021716487
0.8180046394
-0.4386232585
0.1585895136
-0.05219885423
0.722921956
0.4027666335
1.093574563
0.5501026407
1.347417954
1.073016787
0.6418880925
-0.03665079251
0.8175345002
-0.04597316198
-0.2456034072
0.2115996398
0.2356490772
-0.5580875479
0.5240565516
1.427698809
-0.4626400843
0.06845271401
-0.002028450742
0.8034038812
-0.05218772534
0.9341145873
0.03428117405
0.8931962073
1.279076168
1.354683426
1.016686982
0.6107439145
0.2365152819
-0.06050672755
-0.3851717561
-0.6880310655
-0.1391112624
-0.5190163136
-0.09220858538
-0.1298792958
0.3154051185
-0.344369071
0.02113285735
-0.05747389477
-0.6397850163
-0.3169943228
0.2366834344
0.2667384367
-0.2344761373
-0.1026833262
0.8089822367
0.2444455402
0.5578931056
-0.7758625999
1.985736811
-0.155039195
0.2526488023
-0.9501188606
-0.6936511472
-0.5912306949
0.2834785524
1.030233268
2.399302843
0.8666844192
1.434833559
0.8369182885
1.918463343
0.09794364776
0.6715421855
-0.1845759023
0.9923797872
-0.1075638169
-0.28264281
0.2668771934
0.03349758554
1.223511603
0.1493696293
0.1671030189
1.632704124
0.2116205415
-0.0856842842
-0.4021804944
-0.07861313391
0.6157446014
0.7188756585
0.2231806552
-0.2869652271
0.676240921
-0.1743072145
-0.9687075406
1.521638975
0.8925990075
0.6511526737
0.6685019419
0.7987586901
0.5607362196
1.240764517
1.332750642
-0.4004571229
0.1016888428
-0.9682592541
-0.737316376
-0.3066784717
-0.3695827238
-0.5285010099
0.158369834
0.01832818943
-0.1056729816
0.5459319804
-0.1946402106
-0.02400075234
0.2664976817
0.8898594707
2.146936649
0.3995021202
1.311984262
1.538549048
-0.6071412742
0.3553610725
-0.3778803483
-0.6247562572
-0.4009080783
-0.06963519026
-0.3590406567
-0.300480599
0.3998306111
0.5869754322
0.2942971978
1.00444964
-0.4150252104
-0.4635255072
-0.4808684796
-0.1566929514
-0.2223423772
-0.2500552423
-0.3965856701
-0.8733986944
0.4598162614
-0.5550643675
1.027322756
-0.01530473009
0.09025125708
0.0554782236
0.8671157777
0.6008619573
0.1112047125
-0.07151943818
0.647103788
-0.03552330453
0.004223480448
1.250723377
0.01598362941
1.958901453
1.392740384
-0.04552260283
0.6309251323
0.2124367189
0.4536276758
0.4623916955
0.4183701374
0.261249833
-0.1744833499
0.4177414909
0.2264905609
-0.1024156615
-0.1924473219
-0.03693372589
0.631839335
0.4248839349
0.5343566671
1.103453001
-0.2084933728
-0.03827316621
-0.1703910049
0.1624185004
0.05164078933
1.204864383
-0.1671232171
2.227165037
1.486774316
0.4288199585
0.7460931808
0.7819763348
1.162584779
1.42213205
1.531784648
0.1901901093
0.1467742329
0.8166104883
1.338985816
-0.3104311854
-0.6370170638
0.3935554124
-0.05575942472
0.1750204755
0.3909099851
0.9716554418
0.5404389448
1.865195277
0.8570104599
0.3016692277
0.2239786332
-0.2795815647
0.1086840142
0.00142395955
-0.243160573
1.476368824
-0.2463645954
0.4252636731
0.2365618465
-0.3719330382
0.3823372597
0.636555995
-0.2060047105
-0.04761186554
-0.41254908
-0.2976331383
0.02527349298
-0.4477742337
-0.261926306
-0.02208079486
2.503212297
2.320687068
-0.1785747712
0.0929104133
0.6664600283
0.1952924832
1.42399205
-0.3778022803
0.5992197335
1.65318732
0.2132264
0.3821481384
2.52846185
-0.3049062252
1.168375072
1.194394851
-0.1478511732
0.1275784839
-0.1460800901
-0.2997424498
-0.5732471138
0.6744471341
0.8689761534
-0.2389933996
0.589099621
0.2386625158
-0.4703568161
1.135520568
0.4773700848
0.1057591945
-0.5170252129
0.002131526778
-0.5443150558
-0.03407091741
0.01866678251
1.20172756
0.3891550314
0.1520611314
-0.7527082548
-0.2489941798
-0.07682374301
1.170680329
-0.3463372573
-0.2001150113
0.09611616135
0.3633561645
0.2891992865
0.03405511454
-0.1585521735
0.5618805572
0.1352867212
-0.2016304638
-0.6000287369
-0.5701023266
-1.180263077
-0.4295482844
-0.3823808208
-0.3887040809
0.9292510509
0.8245329715
0.0296499256
0.8718065858
-0.2890468709
0.6298563608
1.135937592
0.04366916893
-0.2285896234
0.4727618322
0.3632252866
0.2893609108
-0.04174636155
-0.3530435294
-0.802378276
0.7002481773
-0.8915750608
-0.06062433608
-0.651424475
-0.1300252207
0.03557847966
-0.3839937054
0.03895247728
0.050016033
0.27828019
0.2155205667
-0.03384797545
2.48891328
1.285589397
0.4071942493
1.790095067
-0.1870034311
1.009631148
0.7569136843
0.4664960507
0.07559339665
0.8559692621
0.02100754506
1.411065939
-0.4545362353
0.7292608172
1.103643057
-0.2171278581
0.2787291675
0.02189655937
1.122241756
-0.128915303
1.109982881
0.3477194816
1.253266092
-0.2197255015
0.8920843426
-0.7145770445
-0.08171134014
0.255935432
0.1857111756
0.3487635875
0.1741322963
0.9520998791
0.3096457063
0.4359989617
1.179873064
0.5915682748
0.6610870868
0.5005929895
0.2325295783
-0.07831667997
1.381029972
0.9214172453
-0.3926897287
-0.3564841516
-0.227005263
1.138408838
0.1313690946
0.466515575
0.0312487097
-0.4934159659
1.819576395
1.564436096
0.3770072427
-0.4309984773
0.5332019486
-0.06738894582
-0.02806041781
-0.02578039933
-0.1450196452
0.1376618627
0.08840697389
0.524061605
-0.3589564964
-0.6211681351
0.202397817
-0.2807168797
-0.6803940237
-0.4772493824
0.03746726275
-0.9181623429
-0.243331784
0.2302647881
-0.05144663695
0.6955868259
0.3797759347
0.4905566968
0.05477747731
0.2782586155
-0.1037359141
1.890791154
0.01859966926
0.4551280726
-0.07763034347
-0.4155295201
-0.4429300494
0.1371893722
0.2696905632
0.3273295522
0.3984744912
0.3974931819
-0.3946285188
0.9647225976
-0.1047019126
0.2651955598
0.4211449757
-0.4507661238
-0.6654707551
-0.8474969596
-0.1322922653
1.31703544
2.207646012
-0.03386358488
1.161134398
0.6237780079
-0.07596382955
-0.1958413117
0.2461451733
-0.3604961485
-0.6115219563
-0.7172095619
-0.09711102191
0.8675713956
-0.199657461
0.1008504303
-0.801510641
0.9354479894
0.34449072
-0.5018202588
0.74424862
-0.4936904438
-0.08172002528
-0.1223487312
-0.310152448
-0.2166098293
-0.387305221
-0.3212584198
0.04958333224
-0.3882345796
0.1394724553
-0.6140455075
0.4203882486
-0.1385573976
-0.6377582014
0.1780684771
-0.2543446777
-0.6693735421
0.07756591663
-0.3292491928
0.6266437218
-0.6295621306
0.6472093482
-0.1913981918
0.7684728071
-0.3206307439
-0.8328530759
0.04721777393
-0.250051748
-0.29168452
-0.09081292599
-0.2330981137
-0.9128520727
0.7162311241
0.8039433315
-0.418070145
0.6097082078
-0.2308001716
-0.2293886475
-0.6296107978
-0.1181952296
-0.3097315006
0.9696276546
0.6349962331
-0.1158063706
0.4180018373
0.1790716216
0.1268921074
0.5246649656
-0.1114575088
0.4777324557
0.9090105563
-0.1645407353
0.4560629249
-0.047178974
-0.4474827245
1.156936961
0.2169609578
0.2599130833
0.6706321806
-0.7417926811
-0.1752673775
0.8621664107
0.02221018169
0.4590237288
0.825642705
-0.0714822486
3.39567709
-0.3133557618
0.6650810912
0.06432698034
-0.3399962552
-0.04668982998
0.2584502037
0.9017517582
0.01361055803
-0.09621833339
0.3490383504
-0.1487802869
0.4952315509
0.841631107
-0.1385418996
0.6949664667
1.613474533
0.05232517309
0.4840338454
-0.3498831734
-0.140461522
-0.4134287581
0.2676347457
0.3355751317
0.7739284158
1.263577425
0.5982587449
1.02393662
-0.01106532449
0.07379604466
1.185412616
0.7699511126
0.2421507725
0.832862474
2.159356779
0.1079675233
0.9401174173
1.205632144
1.494707093
-0.1957621826
-0.2541476019
0.3468097422
-0.06161470329
0.04704642165
0.0788843967
0.6570366072
0.3388304882
0.007967778109
-0.09431046546
0.588948366
0.06197538972
0.233262907
0.2440846846
-0.5749625511
-0.41589856
-0.1825276274
0.2060877476
-0.4014741525
0.771114029
-0.04312720541
-0.2178614043
0.3186693007
0.5748583104
0.7414767325
1.982986259
0.5553458802
0.04430067688
0.1337181469
1.478440765
2.251962489
1.238054049
-0.5065689452
1.271227595
0.1814960022
2.038510332
0.3036702526
-0.5824683383
-0.2946819365
0.02376571535
0.1102848254
0.7232198223
0.007545083202
0.7122436613
0.3121558879
0.7279053658
-0.06230552029
0.1089502681
-0.4398195177
0.2345650382
1.21875847
1.009588845
-0.3120904654
1.087030165
-0.3038416035
-0.1983406011
0.4859850675
1.548027676
-0.7463292137
2.937266386
0.4525488511
0.5065650001
0.1958944462
0.4737086497
1.229065865
-0.2708212495
1.251447362
0.5465328675
-0.2252858025
-0.3067161538
-0.03489395278
0.4884065371
0.7598679736
0.6707019925
0.6161246568
0.38499026
0.1459832435
1.426571837
0.301908586
-0.211673563
-0.1705669191
0.226157492
1.647732663
0.877226989
0.2101484073
-0.4787203226
0.6169390986
-0.01678311136
0.5237801261
0.3563365892
0.2797483455
-0.1947946727
0.04545577262
0.9901890799
0.9216977552
0.7453010738
1.836183947
0.2577033367
-0.4999035478
1.155634008
-0.329630024
0.1088794515
-0.5660232127
-0.09403636493
0.1377205927
-0.2446471117
0.9060624212
0.5606002197
1.478100169
0.4420315236
-0.1161112685
0.223480032
-0.04977899753
2.817504799
3.500846732
0.5228066497
1.081361724
1.72881543
0.05946354866
0.981056951
0.1236433763
0.3477812409
0.2289259747
0.7402392916
0.3566736622
0.4582931472
1.568540889
1.550001568
1.269398203
1.844223881
-0.0270110663
0.08599431682
0.9722924918
0.06626945417
-0.1741974052
0.02458588053
-0.4118790343
0.7286290601
0.5944718663
2.965889204
0.9124314144
-0.2266622543
0.08511685627
0.9481908366
0.7691458002
0.9175845191
0.9468528658
0.1289116809
0.552012293
1.03403471
1.102369204
2.65352959
0.5193685523
0.1136735899
0.1447249233
-0.07686270904
1.022812423
0.7338554874
