-0.3281046301
-0.5341736525
-0.06883977996
-0.5467732087
-0.5080644891
-0.9198190123
-0.4428772993
-0.7362624735
-0.5495528584
-1.155022734
-0.2033882117
-0.710607636
1.434248221
-0.4939797729
-0.01571273431
-0.7091817737
-0.05230211113
0.4190665059
0.9949428618
1.817384315
-0.2633503052
-0.6726680383
0.1669731481
0.2486397435
0.3974894961
0.07677349243
0.298960823
1.609948355
-1.019913834
-1.211090839
0.481995742
0.5329000287
0.09771167012
-0.2374654569
-1.308246601
-0.1725688063
-0.7558369517
-0.301861769
-0.2473183008
0.01497845491
-0.8657439858
0.2942194549
-0.7416398585
-0.6254483953
-0.2911814392
0.5395630054
0.7185574353
1.28646867
-0.3745432362
-0.1526198691
0.1882020035
0.7994574107
0.05906340033
-0.06479220521
-0.80730111
-0.9816335887
0.8655509219
-0.8437881768
-0.2847773474
-0.5842809156
0.9309897512
0.8912577718
2.751321423
-0.6100545079
0.0029661685
0.4816346429
0.2811284366
-0.2467513796
-0.6679043561
0.3568151764
-0.3395437256
-0.5539232388
1.268498668
-0.2588854946
0.3407878781
-0.3490150638
0.1173173423
-0.4320640884
-0.08736088555
2.463462448
-0.7915122002
-0.2037061043
0.701558245
0.07785850363
-0.1902795555
-0.1277104398
-0.3023385409
0.4372835799
-0.08481999561
1.106916612
-0.1395649604
1.499541512
0.8427859306
2.72341584
1.871701306
-0.7610858589
1.485489202
-0.190442799
-0.5130034801
2.60540607
0.394699997
-0.2715517856
-0.5006712198
-0.7220809773
0.5351253256
-0.1166925795
-0.4989833713
0.009121620189
-0.1094328696
-0.3430424571
-0.2331475429
1.10369918
2.323073757
1.511414474
-0.3436989479
-0.0308107838
-0.3915965597
0.5635909572
-0.8088569731
-0.3057541586
-1.031438982
-0.8845790803
-0.6958403498
-0.6240174785
-0.804207024
0.3971001036
-0.2886619113
0.2563162491
1.026080951
-0.7811383694
1.350161478
-0.8599071085
-0.3384422116
-0.4641157731
0.3559687807
0.5198327206
-0.4285929695
-0.6165081903
0.6237966754
-0.863269484
-0.08389994111
0.06302756262
-0.5573576778
-0.2445070628
0.1566529206
0.7534067124
-0.6533316687
0.006031188136
-0.2149941079
0.08834839566
-0.7869056344
0.3548972271
-0.5529644378
-0.5914150894
-0.4089670449
-0.9211893678
-0.6604037613
1.208172816
-0.433911255
-0.3835799836
-1.152452749
0.9219403952
-0.07555049621
0.1909991249
-1.047671682
-0.007117805933
0.2938992411
-0.4552544851
0.9429932654
-0.6964191571
-0.6153741002
-0.9287141323
-0.7039523125
-0.05502849459
0.2799112813
-0.6352890134
1.034858762
-0.5661572292
-0.2201500915
-0.3436082371
-0.6114868805
-0.2551465042
-0.2164072286
-0.2856265299
0.5662373833
-0.2501588263
-0.6257256031
3.06022892
0.5610602502
-0.2599369023
-0.2224253066
-0.7132654831
2.355080742
1.101343147
-0.7060424909
0.6994637132
-0.505154857
0.586093168
-0.6955425739
-0.2991801597
-0.8338110238
-0.7486531913
-0.8738745332
-0.6305517003
-0.9313094646
-0.6850131005
0.5057502958
-0.1047064287
-0.8785490692
-0.1145258962
-0.5513842925
-0.225993206
-0.006677373126
-0.8069076598
-0.7055058911
1.423685703
1.878577381
-0.5253718778
-0.5678059116
-0.1885383891
0.1069727174
0.3605769228
-0.3575482816
0.7144268394
-0.7172763675
0.1085964667
-1.07843613
1.426410463
-0.3101230033
0.2001996658
0.5267805539
-0.4916000962
0.4194362823
-0.2177433483
0.09739993624
1.613114196
-0.02521001585
0.5866399258
0.04048085324
-0.2277294952
1.138633505
0.2906553296
-0.5204499856
-0.3556627756
-0.8794280916
0.1668785941
0.07719325135
-0.1997947723
0.9691509277
0.0714135821
0.01315929864
-0.3620426632
-0.8762744248
-0.7995732427
-0.200389686
0.0838584363
1.486344922
0.2156233284
-0.6310254484
-0.08300208389
0.2325600829
1.069188789
0.6936372027
1.00525465
0.02921658233
0.1508446029
-0.730508405
-0.7627537072
-0.3632133022
-0.2153775163
0.4824619241
-0.7341467112
0.664498435
-0.1640178088
-0.8048694372
-0.1337268224
-0.3308328882
-0.3716799736
0.6818935946
-0.367194052
-0.3377170488
0.329011596
0.6421330407
0.08548459187
0.8445103072
-0.01243108688
1.12652708
-0.7138725549
-0.2806397274
1.618512708
-0.8685093269
0.02335831085
-0.6956687659
-0.4835703909
-0.5580658883
1.233392087
-0.5970847532
-0.5058485679
-0.3444118708
-0.6905765682
1.662985504
1.339253244
-0.2282017041
-0.3594394129
-0.1153539643
-0.6189167246
-0.4570861176
-0.00675250832
0.3602719327
1.930886883
0.32694152
0.2825553212
0.6573733807
-0.7784513921
-0.2578171574
-0.6813301772
-0.715769428
1.026529339
0.6482473761
0.349888926
0.1110946693
0.2417413987
-0.1384703954
-0.1313684456
-0.07626587069
-0.6337529644
-0.04273273125
-0.6637589306
-0.2728522073
-0.4281528041
-1.079626554
-0.5922014579
-0.1475020198
-0.7750739962
0.08459290136
-0.9041279644
0.2204058535
3.110016966
0.1173731348
0.9571226001
1.876614577
-0.5763448954
0.4169573464
-0.5071614306
0.260365335
1.70528571
-0.06833969327
0.8940134108
-0.1617385149
1.01775898
0.5548200913
-0.3648480907
-0.8577095479
-0.6483838096
-0.8460128903
0.7766203076
-1.091058072
1.295690224
-0.1534447365
0.1932152323
1.949173123
0.4959796314
-0.5521217406
0.02281873599
-0.02819231376
-0.7960380852
0.6830507815
-0.3443158261
-0.1016795732
0.2220992802
-0.4294759467
0.5451809205
-0.8953932822
0.876784274
-0.1996881727
-0.1306654134
0.121449335
-0.8383481354
-0.566780749
-0.7561855286
0.3584324451
-0.3357503131
0.3520557307
0.2948413957
-0.7587280467
0.02854962125
0.1824739818
-0.7431595638
-0.5582237646
-0.2950405002
-0.7770138919
-1.087948945
-0.7436048657
-0.1689872954
-0.4559026882
-1.066639498
-0.09200704461
-0.04139122525
0.2893237688
-1.077605909
-0.3549176808
-0.2653398335
-0.2568456527
-0.6983115971
-0.4983112372
0.8125969514
3.0036641
1.267866725
-0.3959967703
-0.5984575629
-0.07641382194
-0.5611854061
0.2469878944
-0.1051473502
1.632103491
1.477405244
-0.7989559025
0.576428251
-0.009279314335
0.6401701391
0.8070968747
-0.5287941094
-0.0418275048
-0.1512424698
1.116309509
0.286577368
-0.7909679204
-0.005938059743
-0.488831684
0.7377432019
1.76738652
0.009583593626
-0.1443227615
0.02804065198
-0.347232186
0.1669296827
-0.4753844842
-1.12524049
0.2848427873
0.9243036747
-0.3456493404
1.734959048
-0.6412180752
3.754330492
-0.4103881992
-0.5305815145
-0.3868421432
-0.2301334556
-0.7987951338
-0.1878417773
1.207601488
-0.07176377242
0.4719620131
2.2042436
-0.67072725
0.2312544361
0.9922781482
-0.529380843
0.429510273
-0.3434002362
0.3387798637
1.751560271
1.479911989
-0.06165576172
-0.01346597578
0.9025289774
0.8121403724
-0.4082786188
0.2629327696
0.9119978666
-0.05941744247
1.19121885
0.8025372475
1.857165891
-0.2089137784
-0.1801220991
0.1906742068
-0.02771151252
1.738282919
-0.8175835162
-0.4412398413
0.1801526484
0.2000633461
-0.5538039476
0.3952023953
0.4102026775
-0.1356476713
-0.4809411377
-0.9296130121
-0.5685366228
1.608553058
-0.5034296989
0.3019701255
0.5535985854
-0.3439063638
-0.142260479
1.930738175
-0.7598723635
-0.2092262139
-0.08800417241
1.089023328
-0.7771587193
-0.502208136
-0.3173564985
0.7391129106
-0.5502982765
-0.9021559149
2.476718736
-0.2294491168
1.613045102
0.02247039033
1.501779801
2.126730132
2.555497402
0.7373887829
-0.4043164268
0.2189051466
-0.1476116765
-0.6826940641
0.5872068301
-0.5841919996
0.6621257134
0.5135279551
0.4108725414
0.9090805143
-0.7233722448
0.06403414528
0.2433643422
0.1406272766
0.5757293344
0.4036800714
-0.6652474627
0.5238571204
-0.4005146317
0.5570172645
2.04764865
0.9182234541
-0.02856957074
0.03767027808
1.026380768
1.512984961
-0.2144915182
2.636719215
-0.2167336175
0.7532774374
0.1114204882
-0.7036891609
-0.5016867876
1.393057641
0.7685281038
0.03243070408
0.4658196343
0.3100078393
0.8134937324
0.1366738257
-0.5124612257
1.635838777
1.410105574
-1.002053893
1.070282017
0.2934594759
-0.4619929127
0.4405670077
-0.190335536
-0.3936455082
-0.4772265211
2.088169694
0.3653456323
1.483859366
0.3804268941
0.6864613837
0.84031533
4.27931298
0.8066100642
0.9122074276
0.4864062831
1.082926953
1.234666452
1.939344364
1.740052933
-0.3957160283
-0.05721895508
2.603445351
-0.2979951362
0.3086140249
0.6259188861
-0.22478902
0.7842659146
1.444148386
1.102035904
-0.2313996565
-0.7747707218
1.112169906
1.151247442
0.4232279882
0.2375761557
1.444811022
0.4254599266
-0.4041007964
0.9121535912
-0.4248399273
-0.7983155578
0.3005381411
-0.5939688273
-0.09083998669
1.087812164
-0.2332243215
0.04067069758
0.2734178002
0.04222886804
1.368658653
1.73471787
1.249368227
0.8002633795
2.092518252
3.039766133
0.5908149168
1.645815682
1.378741795
-0.1128299312
0.5975612238
0.05550112091
1.05022282
1.163632214
0.4446750589
1.056424996
0.6138618961
-0.1919216622
-0.7267315269
1.598060769
-0.02846893249
1.670561445
0.1155120671
0.02770701419
1.052900729
0.7577644914
-0.007013782766
-0.6243977919
-0.5703604162
-0.5599966317
-0.6482038975
0.3601880238
0.6394056931
0.2722972767
-0.2377279922
-0.09772559702
3.10692147
-0.04797652746
3.783620524
0.1239815769
0.4807736829
-0.3704791233
2.972778702
0.479221455
1.752705353
0.930249393
-0.0296831199
-0.1354960998
0.2201438858
-0.3309792712
-0.1361768207
0.4037496101
0.04252330153
-0.1010929359
0.3360676467
-0.4233489759
-1.038107267
-0.9534345329
-0.1979530009
0.2253759342
0.1301787045
-0.6500356421
0.4809365012
-0.4374396063
-0.4162039131
-0.9082859308
-0.3935009681
-0.5150922641
-0.08538389192
0.1539949154
-0.7001501173
1.107900733
-0.5977188542
0.382262826
0.8127077222
0.2347872145
-0.3645237982
-0.5929128706
-0.1635039881
2.225704628
-0.09888449367
0.3044506427
-0.6590266243
-0.06351793092
0.9821101278
0.2952196732
-0.6361366645
1.107870865
-0.385923719
-0.2272643942
1.211234814
1.86236304
-0.004911724385
-0.2044830024
-0.001452571526
0.691012653
0.6531870678
0.7955021232
0.5487661108
-0.04946240783
0.805102545
0.4035097405
0.1967943286
-0.07189490627
1.156404743
2.493912518
0.2891384847
0.1981176604
1.996594185
0.5402549293
-0.4028752692
0.9419746339
3.337566066
1.063605577
0.9519791976
-0.7441375345
-0.1325333666
-0.006538017839
0.975625664
0.8180348918
0.5629582618
2.213990998
-0.002241462562
-0.8254960865
-0.3191411849
0.4515131041
4.12041471
0.04903703537
-0.1852417942
1.591115817
0.5035297632
1.39446637
0.5707321223
0.3717357852
0.9564023584
-0.160109471
0.3790223159
0.9520442829
2.209510928
0.2805767942
0.2019052986
-0.3110764189
2.097042453
0.5922994897
-0.2953896592
0.5417760339
-0.241494897
1.350135729
-0.1773227356
1.261778799
1.521176124
1.024705026
1.313308752
0.02540929895
-0.1048739212
-0.7089959666
-0.6194148213
-0.4021022607
0.2117180549
0.768132928
-0.3038733274
1.250567573
0.1627757322
-0.1360218991
0.1086081516
1.320684102
-0.2384668589
-0.02246229723
-0.1310939396
0.7512540162
0.9365156621
-0.01256226189
0.1335113941
-0.1322963039
0.06089434447
-0.2302633565
-0.0810238461
0.5919261813
0.5257551824
0.1328566771
-0.8476605117
0.3760281228
0.1122850629
1.472800052
0.6431285918
1.092657432
0.6313359827
0.1529467262
0.2466991129
0.9271597937
0.2317219155
-0.8388566583
-0.05998855773
-0.1456307327
-0.7281252369
-0.2354183845
0.96058079
2.339418983
-0.1933601535
-0.8917785734
-0.1435742963
-0.6413116187
0.1162419662
-0.7698882744
0.2586486576
-0.7704249263
-0.2481498031
0.217310795
-0.4491970263
-0.2451360852
1.342095804
-0.5492486276
0.7778725266
0.3129136657
-0.2937564857
-0.1106462244
-0.1002232734
-0.3837121837
-0.05491532777
-0.9450662583
0.07973835147
0.08413902298
-0.4664952941
0.8319838598
-0.5066547379
-0.5166008621
-0.8288475633
-0.1715870806
-0.1648637107
1.005399334
0.1126941116
-0.1579536503
0.5885430605
0.0294432098
-0.3419790335
-0.1471014187
0.4821014725
-0.6981174171
-0.3488286647
-0.7174102858
0.8548779652
0.1797516929
-0.4609753504
-0.4110902265
1.499926382
0.04846812505
-0.4966247171
-0.2982283268
0.9872992873
-0.5986640364
1.105048756
1.093076181
0.09733159426
0.3479487248
-0.04848905047
0.1542504419
-0.1859072883
-0.3396545455
-0.5674328968
-0.4233770825
-0.08868911965
0.2948508516
1.449967495
0.7981876969
0.5832149826
-0.4184680514
1.716022807
0.5863126136
1.927928966
-0.5167807259
0.02910200274
1.001309361
-0.1733331071
-0.9514161766
0.5154407606
0.7300535336
0.1852839598
-0.674913913
-0.7527071416
-0.708144322
0.1025153658
-0.01510399091
-0.1791291196
0.7497813612
0.4922105566
0.1424731046
1.214943603
0.6361367777
0.3643473569
0.7727658957
0.3477998286
1.037436283
-0.1682229215
0.8730051234
0.2597933813
1.379580554
-0.9438515216
-0.6693501517
0.6278519154
-0.5358510137
-0.4655385688
0.1554301802
-0.7763743132
0.4226488125
-0.2106280178
1.094174543
-0.6720821783
-0.2370142929
1.276489234
-0.3226218298
1.158701268
-0.4334254473
0.0176166099
-0.2631689586
-0.646164152
-0.4938052252
-0.4948452279
-0.2810472965
-0.04528615633
2.144333637
1.14248049
-0.2117740121
1.539650577
2.671577883
-0.2509241052
0.6483330995
0.07874813764
0.7892914534
-0.1259113133
1.505180165
0.7865919307
0.8741243079
2.117942232
-0.2217530156
-0.2534193508
-0.4154194482
0.1449041601
0.1843462859
-0.02554236157
-0.7001215905
-0.0792751018
0.8117088556
-0.7902550191
-0.8623729169
0.4776019199
0.4953189701
0.1016455328
0.1041909616
-0.2315539982
-0.06918468736
-0.3287504546
-0.2113136878
0.06150827678
-0.787074703
-0.3125234742
0.9933350265
0.5780073829
0.2915559985
1.518765002
2.525165045
-0.6182376504
-0.6298677683
-0.8648727357
0.6118621118
-0.4337955084
-0.6743688017
1.027528363
-0.1234757064
-1.062270057
-0.3926729187
-0.7823178649
-0.4402365789
2.598317254
-0.3028725188
-0.4963140622
-0.2456128046
-0.4590333715
-0.6777926683
-0.6261740074
0.3957405299
0.4667063911
-0.353637483
0.8020367943
-0.7849241495
1.003176403
-0.5643877879
-0.8974605292
-0.3980387777
-0.1456868736
0.3372827601
-0.6736452818
-0.3478686662
0.0744260205
2.359703267
0.2391351137
-0.9456452668
-0.5051398445
-0.6756616503
-0.9256686449
-0.458964324
-0.9051865101
-0.6418392599
0.1977983721
2.440807736
-0.4748904422
2.842073643
-0.1311579814
0.01914813872
1.821946448
-0.7772751033
0.5204924632
-0.6346332118
2.212259787
1.990309322
-0.2689876731
-0.2529631361
0.8944703281
0.2662453029
-0.1801889164
-0.1972251105
0.6236888435
0.6107845932
-0.1929612607
-0.7612865955
-0.05420592707
0.1948171271
1.110573551
-0.08580879699
0.8801213607
-0.2461798467
0.3470383238
0.136238406
0.7998572648
-0.2126072742
-0.08169902153
-0.1866982719
0.4766018637
-0.2755915532
1.631380123
2.0687419
0.1347497143
-0.3298621647
-0.1559841654
-0.02296776851
-0.0217322113
0.7260921225
0.4811434858
-0.1218298217
0.2017037615
-0.3945779532
-0.04437747514
1.811332792
3.072977805
1.327659085
-0.07702358048
0.1706900862
0.5595058203
-0.5471089631
1.236620569
0.257590797
0.5613353468
0.8852663428
0.7447565481
1.494258684
1.961251402
2.416948074
0.349637291
-0.1493321806
0.9515066206
-0.09329000041
1.590322486
-0.3531281784
0.8865792543
1.488390392
1.930291796
-0.3519495472
1.328589559
-0.2503387555
0.1054494914
-0.2219639795
-0.2700956275
0.6694604911
-0.7198663175
1.051343819
-0.1300492579
-0.05392400417
-0.6173561066
-0.9136599392
0.0743278442
-0.1018886665
-0.2836887531
-0.3157725474
0.2600775406
0.3519411601
0.3702909453
0.2492084432
1.106350505
0.06626768252
0.4783017736
0.5116316363
0.2001236651
2.042870426
0.4470587254
-0.3879336476
-0.1263921531
2.139331895
-0.717513378
-0.4159353226
-0.6421129152
0.2016425915
0.2740590589
0.9551563203
0.6515879579
0.6661273979
-0.220129196
-0.02474751277
0.3057502246
-0.1858561426
1.792802605
1.513422212
0.6530647427
0.1275146017
-0.317513746
0.842816481
0.6378988802
0.8427906722
-0.06168701546
0.06250408525
-0.4486919776
0.4118369292
-0.1274377648
0.8800264806
-0.6214248464
-0.2930929139
0.8806778401
-0.2330548037
0.1201849868
2.052048302
0.3967990011
1.067823249
1.439809945
2.131703508
-0.008886215789
0.9214689597
-0.2648093419
1.414787668
-0.4370055765
-0.5417782232
-0.1301374223
0.8774199158
0.8969030634
0.6603129953
0.5609867811
-0.7505659461
-0.8909056008
-0.4913058147
0.1212936399
1.988141626
-0.1720693585
0.4211855412
-0.2907279216
0.2080046559
-0.7531417251
0.1970439804
-0.1074965741
0.6869150281
-0.1264361985
0.3236764895
0.3529989291
-0.4369684681
-0.3234399073
0.6894905895
0.2655237228
1.197283593
-0.4372442096
0.3519201276
-0.4466621689
0.663588877
1.120543137
0.1829715135
-0.2412970286
-0.4881560117
-0.3764641989
2.654911065
-0.5411390394
1.841354454
1.215549183
1.917896098
1.912227064
1.132938819
1.647067562
1.403823769
2.100286597
-0.09231398012
-0.6300908566
-0.04993287316
-0.158419311
0.3120994136
-0.8413618714
1.412773809
-0.4591694795
0.1265479336
0.7732389659
-0.1370611899
0.3520139193
-0.3102816489
-0.03962181676
-0.5085480988
-0.598127377
-0.180488475
0.4223798074
0.7829768181
-0.1262043643
-0.4410159938
0.7584904045
0.4177515864
2.85311445
-0.2113682389
0.8768056512
1.253610712
0.6751985162
1.225626287
-0.1738284077
-0.5502489015
0.2100992813
-0.6065935284
1.098666075
1.310373414
0.3362902484
0.3089045731
0.1270890249
0.4343986377
-0.6461245731
-0.7130465031
0.1223657335
-0.535896799
0.084239072
0.8730230436
-0.9107212394
-0.1148441866
0.8664360851
-0.6192166388
-0.2630056495
0.7344719708
0.7842775971
0.09053402785
0.3196814455
-0.359084969
2.444061524
-0.5076730818
-0.6411315888
2.007728428
-0.8585470855
0.352072224
-0.5530446336
-0.6922992349
-0.3929355673
0.2716800753
-0.4058704145
-0.510143283
-0.1467192203
-0.08261180744
0.03548259344
-0.347139271
1.156485251
-0.216449596
-0.6539034946
-0.04894914012
-0.03511741702
1.764415503
1.502886927
0.1384063037
0.552357316
-0.8312130541
2.367825651
0.1532419686
1.219393736
2.095732588
-0.4030560613
0.4596837286
0.05363522032
-0.7674365819
-0.6351109296
-0.5255110128
3.077996612
-0.04259378724
-0.2015960902
-0.5049420431
1.331763813
-0.6198242933
-0.1241585647
-0.1483719451
-0.5619566187
-0.09625711013
0.008651610836
-0.1118953675
-0.7318154573
0.2078494817
0.08487268956
-0.4628874727
-0.5547819778
0.2139534564
-0.410824237
1.199594635
0.5772481501
0.2528463455
0.08261194723
-0.6570134431
0.4331817165
-0.2924971513
1.471750081
-0.9197360873
-1.116839445
-0.9157424718
-0.1690424361
-0.09235729091
0.2933561077
0.4250922446
0.773487398
-0.5957047418
-0.6300000206
-0.5420758873
-0.9851632297
-0.2249545384
0.08383259652
-0.4947286949
-0.07628553333
-0.4134185463
-0.6723868847
-0.4994427308
-0.4002012029
0.1847236244
0.4422081672
-0.1637244234
-0.2992510267
-0.1962057772
-0.5686545908
0.1578754686
-0.8583739012
-0.3325643092
2.581158412
0.9295431972
1.336444005
-0.2436641304
-0.2437099909
-0.7418222129
-0.3902464703
-0.7743867308
-0.2162263839
-0.1827822503
1.989871359
0.1499142837
0.04725386165
0.03822902571
-0.02651956379
-0.660127309
-0.05165200746
-0.1949750779
1.356521609
0.06891104728
0.9933173656
-0.5821377993
0.1443813613
0.1752217634
-0.5901856914
1.264813091
0.2475368712
-0.1755460536
-0.4600567602
0.7600814342
1.242109793
0.4631262822
-0.2845351242
-0.05552761899
-0.06481341422
1.219931644
-0.3505763546
-0.489343676
0.498958917
0.3007340215
0.1416911429
0.2170175827
-0.02280166256
0.2611467956
-0.08347333651
0.093488333
0.892750141
-0.4417066878
-0.7158287674
0.7647899605
-0.7340345785
1.013100323
-0.4288636506
1.00896028
0.2337164164
-0.3359573126
0.0732201878
-0.340856456
-0.2798203431
0.009745678399
-0.6413674444
-0.2890929073
-0.1450964334
-0.5841744348
0.1434638757
-0.5236303002
-0.01776371803
0.2285383534
1.805674767
0.129304068
-0.5347034529
-0.5150299042
-0.02051511239
-0.3090302695
1.074833623
0.05850412953
-0.1598929901
0.6313005716
-0.09721585959
0.7577542774
0.2427005697
-0.4840191275
-0.752766037
0.2506151887
-0.1042585828
0.05144240595
0.8618075907
0.1238422444
-0.1688797045
-0.3620269313
-0.6952662766
0.2841673885
-0.3229963165
0.9248250023
2.191832554
-0.7169266209
-0.1101086583
-0.2131518338
-0.9398253411
-0.8372039318
-0.1131804708
-0.2422012683
-0.8151073903
-0.1667678805
0.4585984603
0.6264545202
0.4857103486
0.6255034714
-0.4276597887
-0.6126294494
-1.111670229
-0.2398454985
-0.6465506345
1.007561481
-0.7791174054
0.3319629595
0.01131547224
0.1757321943
-0.42001279
-0.2238004923
0.9649761043
-0.840316999
1.209486005
0.2171263003
0.6754572302
-0.8584686369
-0.1789004037
0.7639295369
0.01890051384
-0.505795073
-0.09644918833
-0.3979808252
-0.2619096875
1.228403401
-0.6393018544
-0.05593926162
-0.2262190998
-0.933618176
1.339005515
-0.6845488757
0.1420628902
0.7267900586
0.7245492265
-1.100253516
1.640380466
-0.3952148341
-0.2082047909
-0.2016230941
0.02666287888
-0.7654384404
0.2171963098
-0.7440042108
-1.298561215
-1.034424093
-0.598473765
-0.30985061
-0.649628824
-0.9731814742
-0.4563354447
-0.2219171852
-0.02369125681
-1.020518756
0.6259552374
1.88787424
-0.07487305608
-0.06470342129
0.947795175
-0.7364615977
0.3729987914
1.183861008
0.9580284566
-0.3651338086
2.204102576
-0.07891170438
-0.4760958761
1.104503359
1.394573182
1.020062774
0.7070334889
2.01126771
-0.3333848869
1.727674961
-0.3134307452
-0.07321633603
1.060092065
-0.2731870665
-0.1426383608
-0.05812338516
-0.1965950951
-0.9141857296
0.1201716768
0.2125311136
-0.646334672
0.4332133192
-0.4282890454
-0.5882285565
0.4775949471
-0.5318825275
0.1213407229
-0.5003957078
-0.07755891131
-0.7653096139
0.2354887784
-0.7440301329
-0.5032998726
0.8558811188
-0.2924785562
-0.1896970818
-0.1745299274
0.09582591457
1.000099498
0.1274324816
0.1185946979
-0.1423092466
-0.1508912664
0.05097441161
0.6075095721
-0.6986912072
-0.7719872028
-0.7995597392
-1.007142696
0.4286771238
0.6565977052
-0.2061047003
2.411197495
-0.5679957874
0.3248816844
1.079384848
0.6735974655
-0.3804455012
-0.4360490486
1.766475755
-0.5374027774
1.937930948
-0.6923625782
-0.4943997547
-0.3004812932
-0.2744500764
-0.855385837
0.170815401
-1.292338315
0.3823740803
0.4404794196
0.3225388534
-0.8192699075
0.004185086628
0.8142012805
-0.7322737634
-0.03325813822
-0.5525763094
-0.3571992144
-0.2246339295
-0.5652835861
-0.3665993024
-1.045008796
0.8276309937
-0.0132809734
-0.1296525849
0.601393272
-1.142432308
-0.5294017941
1.488001576
0.1051352375
-0.5926240548
0.3745123809
-1.049047732
-0.1801902791
-0.2440418014
-0.558529155
-0.2617809456
-0.7514877468
-0.3559198759
0.9009322196
-0.9389512956
-0.4590636551
-0.5930135861
-0.7083635956
-0.5278140575
-1.239054826
-0.5700099126
1.12623544
-0.2821138743
-0.3582964123
-0.8632934391
-0.2562606618
-0.7699937552
0.09133996828
-0.826532948
-0.08604129283
-0.3218360394
0.2359127002
-0.5567673311
-0.3763522714
-0.2020534731
-0.614121291
0.05662963996
-0.00299225077
-0.2633158026
-0.592012246
-0.7755467385
-0.9748118281
-0.6400386512
-0.5101225734
-0.4370313391
1.65669511
-0.9794810653
-0.8197863936
-0.6399765462
-0.4903084189
-0.8723118216
-0.9604309738
-0.1776478583
-0.09518366968
-0.5574249849
0.311339698
-0.4842350628
-0.3339968927
0.4802534997
-0.6147931784
-0.5798080906
-0.4693448126
-0.7168283731
0.9274033219
-0.8981724501
-0.7681418836
-0.4127114356
-0.4147568703
-0.3061064463
-0.01752377106
-0.5859296322
-0.5100512803
-0.4032771505
-0.2468345773
-0.5377843231
0.4991452471
-0.3231374372
-0.3904256731
-0.3937859558
-0.2809842922
1.015673673
-0.7754035413
2.113690734
0.8261551529
1.169218025
-0.3241812557
-0.3961135797
-0.180039316
0.1387916237
-0.5327194244
-0.2799340054
-0.4196201205
0.9289385229
-1.069844842
0.3429212302
-0.129222331
0.671274513
-0.5826987401
-0.4467095092
-0.6523956776
-0.2629430147
-0.5146278501
0.3183903037
1.703507537
-0.46917665
-0.8643910259
0.63034392
-0.5565604568
-0.1615738336
-0.1610064292
-0.4407692075
0.7464043364
-0.6820164919
-0.6945737764
-0.1505604882
0.6939262137
0.7042382039
0.2512781156
0.6178580232
1.376050383
-0.5608554199
0.09548459612
-0.4643756837
-0.01803239081
-0.1896674719
1.664412087
-0.5011647984
-0.3216246907
-0.3688631825
0.2862087307
1.095331295
0.2074466959
-0.3632035851
0.1418491308
-0.02236343008
1.744240153
0.1252557015
1.442746499
0.7449110776
0.9512289196
-0.07483186927
0.93887842
-0.09829959543
0.3311932314
0.4550216928
-0.3263414732
-0.4071843173
2.47405256
0.5463317148
0.311440851
0.9237717293
-0.07180280043
-0.1382764078
-0.2285587888
1.525190741
2.011359906
-0.2501288194
-0.316114277
-0.5215034992
2.358769077
-0.2277959771
-0.2338212579
-0.3719021633
0.5335638598
0.598401989
1.650410593
-0.6703879192
0.2997548625
0.2082292111
-0.1141990352
-0.3170152798
-0.4398681208
0.9381229132
1.940723902
-0.1849974313
1.624652982
-0.7427398115
-0.273455622
-0.7666493744
-0.8979485691
0.154000353
0.3238418864
0.08844821444
-0.2179840043
0.2386664711
-0.5640524
-0.08629771839
-0.724645184
-0.171628309
0.0843087648
1.057835686
1.595901567
-0.3574218705
-0.4848569721
0.1615119927
0.1766705387
0.1821625476
1.229804158
-0.1603061089
0.6508748088
-0.2412370754
-0.4999754459
-0.2930835456
-0.02947206665
-0.08052549213
0.8643149197
0.6328900263
1.443304929
0.94229213
-0.2671968959
-0.833610025
0.4844489051
1.384876019
1.667869651
-0.2908617064
0.3729377234
-1.089725199
-0.141001853
-0.5250821009
1.29895092
-0.1582660504
1.026454674
-0.3451072682
0.9885811716
1.162063654
1.247235465
-0.5318788379
2.340807515
-0.4675266683
0.5663713215
-0.1898022637
1.053994712
-0.1478164884
-0.03031873815
1.736845994
-0.836023584
-0.3300533779
-0.4830541119
0.5544570103
-0.3711701173
0.7566439457
-0.2082168329
1.260917079
0.5720321588
1.127579115
1.927523559
1.447441976
-0.1545674671
0.2134352455
2.078640872
0.7356872719
0.9755112603
1.356034482
1.207706633
2.289763182
1.616910294
1.240162262
-0.3233250078
0.5035592195
1.966988999
-0.2703365251
-0.3745344073
0.1642466867
-0.2648755863
-0.6182806164
-0.1929015337
-0.1794183772
0.2705085946
0.1226909951
-0.08114961879
0.6099262111
-0.01123260371
0.1241751234
1.398352626
0.8718412548
0.493241114
0.1722122397
1.353880119
0.4361903796
0.5476704342
0.7365900442
1.178849125
-0.1896327106
0.7329715103
0.2581737895
-0.09443515055
-0.2622582953
-0.01617360101
1.675328517
0.1582645525
0.05744149219
-0.1028425612
-0.2476308737
-0.1728998145
1.482099134
2.106932926
-0.1836162804
-0.1819054097
-0.3225022696
1.390073428
-0.2782189943
-0.5797207117
-0.5143747538
-0.1446812046
-0.5641815633
-0.09357313309
-0.3003515542
1.140944171
-0.8368258029
0.1121826317
0.315577675
2.456370401
-0.121466683
-0.2993636414
-0.3614666425
0.8405681118
-0.1572248379
-0.1119310312
1.823405826
-0.5254967943
-0.6097028673
-0.5349704862
-0.1686158127
-1.008476439
0.2062642465
-0.07503034836
0.6374233559
1.129751173
2.325662917
0.228522191
2.481969249
-0.2818098459
2.011340505
-0.3843771264
0.948617053
1.122052759
0.822045657
-0.5827590555
1.187479708
-0.0252666004
-0.5762652516
0.6858459637
-0.0993991103
1.419489509
0.8535344839
-0.1966595666
0.4575174781
0.5042302648
-0.2594603643
0.1292789612
-1.032542899
0.09632575372
-0.1096049527
0.09739595056
-0.4437231123
-0.7216253132
-0.2640553676
-0.5326042131
-0.5824670032
0.02943312651
-0.8300974816
-0.8619983524
-0.4334824942
0.04097713437
-1.151218894
-0.9500042737
-0.3927373618
-0.4789817661
0.0456007319
1.869389468
1.362447727
1.281689802
0.3972663671
0.5242129192
-0.02679851511
1.013664323
0.540824116
0.6896857385
1.002104276
0.4472498912
-0.3567308351
2.004908037
-0.3821350709
1.103431571
1.511087674
-0.9476939946
-0.2232028995
-0.6362334713
-0.7890309364
-0.79095231
0.1765245537
-0.3506046459
0.1103559281
-0.3608552687
-0.1334257883
-0.3308234762
-0.3970815275
-0.8689521521
-1.107388908
1.226032618
0.2563483264
-0.9115096658
-1.050776395
-1.170089239
-0.4600870341
-0.06532450952
0.269215352
-1.059876087
-0.9114054739
-0.6257170588
-0.6825405896
-0.07259821626
-0.6878163934
-0.453485465
-0.6075757995
-0.2774432093
0.705999621
-0.706049186
-0.2305200728
-0.2409662783
1.193811455
0.1134935852
-0.01861260878
-0.2424000327
0.06040784726
0.7467541009
1.799924833
-0.5275492892
-0.1691873739
-0.08283428412
0.8498794302
-0.3254237331
0.8054263055
0.7295781717
-0.09312753724
-0.6064746082
0.4740645286
0.2484401368
1.312956238
-0.6064196393
-0.1161292464
0.7666845612
0.9232410848
-0.2149851169
0.07745924224
0.9727136195
1.355352738
-0.7887388259
-0.6527274087
0.5813533962
0.7770352371
1.554780477
0.559144827
0.804338783
1.695420349
-0.2523754627
1.31319463
3.416919518
0.03229971137
-0.3417975932
0.1409979002
0.8873023286
-0.0974877255
-0.03784269905
-0.2965178184
0.3900983971
0.01735269809
-1.24486295
0.08367485534
0.0890181832
0.5093190875
-0.3856293667
1.478782836
-0.2114705376
-0.131062559
-0.1692151651
0.07411120725
-0.8173567504
-0.1557389682
-0.1807501249
0.5598314062
-0.564940089
-0.9255872011
-0.1295035427
0.02033406403
-0.580555746
-0.2638537921
0.8873139471
-0.2307632551
2.085949498
0.4212924482
0.2737568395
0.08536932906
0.09183776323
-0.1946037117
-0.0958586758
-0.1313607739
-0.1831028027
-1.193500423
-0.2688127929
-0.3303534474
0.1688193604
0.1533054932
1.325107011
-0.1487809774
-0.3942421135
-0.1669996603
-0.1367569533
-0.3195856823
1.179066196
-0.9544319272
-0.5215792641
0.3716130676
-0.7800692916
2.70889563
-0.2643187847
-0.6929749236
1.563080749
-0.6394990623
0.3341160025
-0.29080089
0.7067809998
-0.6020714208
-0.4911196537
0.02304724194
0.1465774674
-0.4362324644
1.250822791
-0.5107345328
-0.1727929117
0.2706758201
0.9884246215
1.871195805
-0.4588627294
-0.6413173676
-0.9486963511
-0.5145418731
0.5612001538
-0.7737365246
-0.3855203293
0.355581565
0.185162341
0.2022877324
1.465308625
-0.1428567888
-0.4069982022
1.229221731
-0.772910893
0.08615187733
0.05486014541
0.3401117964
-0.4869968906
-0.4174536161
0.1770835327
-0.2364736263
-0.8017904222
-0.7068501055
0.1457478433
0.8646798521
-0.6874956861
0.3981213132
-0.8875574142
0.08060658462
0.8453660965
-0.3477145649
0.9790088922
-0.3180614136
-0.1449713852
-0.5347948715
1.881972957
0.2415299876
-0.7105038047
-1.029840139
-0.04752641581
-0.420355197
0.3723007487
1.82075907
-0.2339758035
-0.9545245469
-0.3730981406
-1.074651548
-0.01185845905
-0.3240259185
-0.4027991753
0.6355491921
0.5717120543
-0.1460000742
-0.7448843658
3.660122132
-0.3296340823
0.3018266091
0.2489419782
-0.03141025687
-0.4155689657
-0.2777658626
-0.4800097939
0.7643805847
-0.9046229035
0.5877647117
-1.071564183
0.1556048625
-0.460903842
-0.5383934826
-0.8091049969
1.239949769
-0.07141043562
0.3295931096
-0.7908735842
-0.3135851309
-0.468526496
1.734686285
-0.1450751897
-0.592653811
1.008520666
0.3667536937
2.281906217
2.239670873
-0.2506189909
0.4787797347
0.3527126089
-0.3288973562
-0.5277480796
-0.3992420442
-0.641586493
-0.2170504693
0.4649630651
-0.06509933705
-0.08614016511
-0.3306748293
-0.1436211676
-0.542092447
-0.5487530574
-0.3424211401
1.09094685
1.161699355
-0.07330724783
-0.2000282087
-0.1352036871
0.2348794166
-0.1619380713
0.3988004938
-0.1837785199
0.3689631306
-0.1615508045
-0.9512807757
-0.01607677322
-0.9075407296
0.2451776372
-0.447393813
-0.1205302842
0.9152007334
-0.4514594644
-0.3123255327
-0.7844733804
-0.8032391608
1.168693528
0.525914854
-0.6405796453
-0.2093329262
1.339215437
0.0814787087
1.4703888
0.3280401248
1.918442571
0.6739451587
0.1092595229
-0.2528315566
-0.06027367665
-0.240880562
-0.2307404272
-0.5088440597
-0.8758431673
-0.501635021
-0.2070562508
-0.2396727711
0.4666339904
-0.2861460753
0.6404043674
0.1902015438
-1.075634798
-0.6742681682
-0.5878549099
0.1618846786
-0.328211455
-0.2526809197
-0.5535822242
-1.063909569
-0.5379514202
2.655146915
-0.3631102495
0.204941015
-0.7999932259
-0.1491553036
-0.7767607778
-0.8518272609
-0.787132971
-0.4925219744
-0.08190689171
-0.2774577525
-1.033734676
0.4500673793
1.924900597
-0.2370176068
0.7551093742
-0.7730543941
-0.8564338803
0.5166515395
1.102564639
-0.2429772772
-0.5834469914
1.160658157
0.2320404217
-0.5950934619
-0.7320711106
1.051544854
0.04298476856
-0.5510227978
-0.1558383712
-0.01790983481
0.0843950931
-1.10377785
1.306948116
0.1609334957
-0.9884003282
-0.2318070024
-0.3515244402
-0.7503755778
-0.7733753264
-0.3835533448
-0.9694877416
-0.7419452444
-0.366600167
-0.4611536223
-0.8873035699
-0.4398999035
-0.4897233367
-0.6328291476
-0.9625667959
-0.1351746978
-0.9814547777
-0.6045987502
-0.3848783478
-0.2807737045
0.2058594964
0.05692019425
-0.7872752458
0.6885881454
-0.3876687273
0.4825782731
2.489246261
-0.4978152558
0.9971974969
-0.2764107849
-0.4936370425
-0.659016107
-0.4837365329
-0.4667995274
-0.4507850796
-0.01452879757
-1.312810379
0.01093160864
-0.06088177431
-0.00822210731
-0.6110765859
-0.5055064291
-0.2845478237
0.1238848328
-0.7778162777
-0.07330653574
-0.07669403944
0.9560762137
0.3403549513
-0.4822312921
-0.763498497
1.131257385
-0.09751964062
0.07899648957
1.096459346
-0.9271452278
-0.09950257605
-0.1718521591
0.5119165421
0.955762963
-0.3839046121
0.01515328838
-0.4872610554
0.08951604469
0.5551862031
1.093584815
1.824942839
0.7681863129
1.187287846
0.7372259036
0.05622360427
1.822596002
0.3695322374
1.175984716
0.3373983173
-0.2249628972
-0.9784940481
0.507231725
-0.654318884
0.3154379802
1.035727605
-0.2459733592
0.1939834259
0.2935995255
0.3621688344
0.1413414126
0.46299247
-0.4416635096
-0.6299672842
-0.2158800505
0.7467616886
1.413210639
0.1955236058
2.632119942
-0.2352239437
2.001895529
-0.2717432423
-0.2446304597
1.678053701
1.585679722
4.050709152
1.039808102
-0.5133973598
-0.6681497231
-0.1433405068
-0.3504365068
0.6366340004
0.6170254454
1.03360509
-0.03736661337
1.064863716
0.08651712327
-0.7763148606
-0.5622941941
0.9006363735
0.4174928062
-0.116329423
-0.4543748662
-0.5696452066
-0.5732188657
-0.27083075
-0.3087670915
-0.9044274777
0.1055572316
-0.8020255953
0.4209203742
0.001201608218
0.6236091148
-0.3420370063
0.3235498337
-0.5561312646
-0.3871135019
-0.2208797626
0.9333048344
-0.1356692147
-0.1247893787
-0.02519955095
0.880430007
-0.2573870409
0.3654652439
0.8448058352
-0.2140982497
-1.034536403
-0.4268730968
0.6726256624
-0.2772429954
0.0983313967
-0.07630714905
1.042343727
-0.9228805989
0.3661305957
1.320836779
0.3586141338
-0.02015503515
0.02555220202
1.559584492
-0.732364282
3.455138791
-0.8121905208
-0.9632790595
1.013370965
0.1369247785
-0.4437820643
0.9953866869
-0.8031942874
1.466554677
0.1842184462
0.0927584799
-0.9399687976
-0.1020372357
0.4633533426
-0.354368484
0.4754895607
3.315418041
-0.2159205314
1.907484144
0.09224262461
0.01734167328
0.3292997591
3.021596265
0.07096710782
-0.05781278927
1.237976763
1.441772911
0.7120466441
1.520680252
-0.1775124537
2.650875461
-0.7271810889
1.365615866
-0.2155284682
-0.08666931726
-0.574530375
0.1811585228
-0.6158862442
0.9730362266
-0.2990882941
0.7331042483
0.3322759904
1.243017316
-0.5966017529
0.2695152416
-0.2405910015
-0.562857914
-0.4597578004
1.234770489
1.554290897
0.3099254604
0.7758598231
0.3242682207
-0.02287817667
0.9636122674
-0.1449603446
0.1797816617
-0.498800911
1.384703571
0.8432450712
-0.1596572444
0.511865233
0.1391475012
-0.135519909
-0.4830677688
0.8542791039
0.07340831868
0.2742520917
-0.09409750113
-0.2825557042
1.44104721
-0.3429808326
1.06000044
-0.6957515195
-0.8241948992
-0.8413093805
-0.6424960032
-0.2296818171
0.303972734
-0.7428203911
0.125196071
0.5616569377
-0.2206602743
0.03595096357
-0.1464987833
0.2368883992
0.08652492678
2.095645553
-0.4497407027
0.193865831
0.5285079591
0.0671039762
-0.475684765
-0.4996455029
0.9190943569
-1.014841452
-0.8384715796
-0.1964442583
0.5439755473
2.469981307
-0.04957434386
0.09162403489
-0.857627213
-0.5899739578
-0.4863400467
-0.1377579866
0.04510030523
-0.3410850897
0.250379543
-0.1779533023
0.4582863931
0.6891424403
-0.6627639331
-0.618157953
-0.3266152605
0.7221691653
-0.5024545804
-0.2346997514
-0.243277186
0.8490123212
-0.7277225554
-0.906193015
-0.9219037533
-0.3631366916
-0.9884716183
0.2771058838
-0.198938084
-0.245920768
-1.071642309
-0.2830594487
1.089399195
-0.1137337403
0.1389499449
-0.5025097758
-0.392339059
-0.9800493807
0.782001631
1.139764538
0.9766396761
-0.696558091
-0.6676428616
-0.5127314761
-0.6096387178
-0.1851474712
-0.9560286582
-0.456390471
-0.06539192069
-0.9893906862
-0.04691444235
0.3673198585
-0.2851742143
-1.018020588
1.66923418
2.065961474
-0.2871751018
-0.8290367424
-0.4633890808
-0.2065850668
-0.4895659551
-1.119592616
-0.566429086
-0.4356012031
-0.6730656967
0.5990000866
-0.6075894684
-0.1957969047
-0.7192729533
2.171210885
-0.8626212507
-0.5112638637
1.301948145
0.8085220128
-0.4914023891
0.08408935582
3.007228768
-0.7359758228
0.4619036969
-0.2366980948
-0.8398794621
1.093850653
-0.4038299426
-0.7276138842
0.216083124
-0.4928225845
-0.05554499645
-0.3043817703
-0.865598312
-0.9500368416
0.5431269966
-0.4005863778
-0.4329843357
0.350903542
-0.3511511351
-0.26660544
-0.04828390959
0.01306138467
-0.4436923616
0.008874916658
-0.4091431335
-0.002659886982
-0.3040584184
-0.8706959456
-0.380501283
-0.09623990506
0.2180180237
0.04475801867
-0.1718247002
-0.2698098756
-0.6280555457
-0.7664185867
0.1309715163
0.9839418858
0.0258902756
0.04812103678
-0.08491776912
0.2946820771
0.2225949088
2.69409188
-0.1361492712
-1.043937689
-0.6005728766
-1.014264786
-1.068076512
-0.7378956586
0.1102650765
0.04062079433
2.979892826
0.5093592405
-0.3192006558
0.4512358839
-0.573691763
0.5031431179
2.343137062
-0.4388667196
-0.09095653472
-0.6729564801
-1.09806436
-0.4712071508
-0.04636679073
-0.384555994
1.125469437
-0.2148679885
0.03002651148
0.6192858405
-0.4941831514
-0.5358071253
0.03995933486
-0.3031721026
1.256284937
-0.02017146535
-0.5863179401
0.5037064079
-0.1745365294
-0.5244505793
-0.7621073604
-0.3549611062
0.1352336177
-0.1240951348
-0.2070429388
-0.7152643919
-0.2032953769
-0.2061068261
-0.2190628156
1.118639007
-0.05705183931
-0.5498476937
-1.059047648
-0.9134838343
-0.7139257103
-0.7959544927
-0.05474932771
0.1650281572
-0.799404934
-1.092615563
-0.829236418
0.4035426736
-0.3619586095
-1.004978982
-0.9155217528
-0.5057231113
-0.2478745878
-0.6348939851
1.745291603
-0.1729043107
-0.7393188089
-0.2832352623
-0.7260075152
-0.7074516714
0.1295033645
-0.2719995655
-0.1712398455
-0.3087654926
-0.2040760545
-0.1485299453
-0.2365968354
0.5074096259
0.06374944742
0.4962131612
-0.4983679846
-0.8659130335
-0.5893736765
-1.394449824
-0.6426185921
-0.9112163126
-0.05329892449
-0.6975055039
-0.2714553189
-0.7027097672
-0.361843434
-0.5652569011
0.1121427512
0.00266554039
0.1672812449
-0.6329493806
-0.2664637681
0.1736394811
-0.9018193394
0.524959372
0.9020390213
0.7243617579
0.5214027412
-0.8092617989
-0.4984581485
0.458311367
1.922413629
-0.1057983316
-0.7339760154
0.7344062001
-0.6269777313
0.37092488
-0.7915353298
-0.3437875651
-0.9722652763
-0.2890871644
-0.6364785388
-0.4586364865
-0.03196760821
-0.1577891833
-0.6723730057
0.4768104747
-0.7003168613
-0.01519618034
-0.7755295992
-0.2979656238
-0.7154597118
-0.009605143685
-0.1513445562
-0.3023236044
-0.8001675576
-0.5926173434
-0.5449387938
0.3968472466
0.1322086592
1.377420935
0.5990346573
0.2835316472
-0.6870028496
-0.2632849552
-0.2153421516
-0.2280873563
3.345580232
-0.4646710038
0.2826420074
0.4823513072
1.050636306
0.4805913419
-0.5627014473
0.1299132117
-0.3153241977
-0.4965748787
-0.01210338394
-0.3596445072
-0.2853409104
-0.7724422693
-1.088852006
-0.4942876026
-0.8773219436
0.9760639966
-0.6853803277
-0.3569386445
1.237324512
-0.9286309987
-0.4982762735
-0.325576476
2.225958258
-0.7802915961
-0.9704300433
-0.6551128149
-0.5968710244
0.6912578098
0.09540614495
-0.2491280857
-0.8582374364
0.02590264804
-0.03720239229
0.3926947892
-0.8980698615
-0.7415481463
-0.3344475791
1.150484842
-0.3698906034
-0.3505524464
-0.9361005366
0.04958352055
0.6640079185
-0.7094081402
-0.9925905406
0.3941696959
-0.6049640402
-0.9868950635
0.3662726462
-1.159836817
-0.204864361
0.0811332278
-0.764782083
-0.4313392714
-1.064849153
-0.9056374699
-0.9382278383
-0.5915187821
-0.2734465174
1.226472422
-0.4781656072
-0.299126479
-0.300927493
-0.08101102766
0.5830179892
0.103737787
-0.2678638313
-0.5324360803
0.1214804646
-0.2173075799
-0.2091155447
-1.03449257
1.297142598
-0.1805716352
0.3726371057
-0.7160812348
-0.1909346957
-0.1110796486
-0.9604675442
-0.6362312943
0.2903481446
-0.3593852594
-0.2529304501
2.974426365
0.4691507293
-0.7657180488
-0.2947693095
-1.080582336
-0.9727513015
-0.1448856931
-0.5776607931
-0.7208797999
-0.8042528301
-0.4947690308
1.092137221
-0.1679925656
-0.3782292061
-0.4584249794
0.1895427484
-0.651380755
0.8111456171
-0.7261959732
-0.3729307808
-0.9078245163
1.420875865
-0.2245971315
-0.9754866064
-0.5939527661
-0.0448707833
1.161388063
2.418338668
0.2096544515
0.05275523078
-0.3247584313
-0.966828388
-0.2747236793
0.4081728371
3.638559651
-0.6402734563
-0.3349042565
-0.1455909972
-0.3340081193
-0.849591133
1.025293794
0.9858898401
-0.9370871365
0.2546068426
0.3171536371
-0.406517671
-0.832358548
-0.07314310838
1.272321999
-0.5102168627
-0.5488239735
1.12687602
0.3790883929
1.338955218
0.9353917703
-0.08835119046
-0.3810661152
-0.5416107818
1.248486373
-0.2297471926
-0.8034307778
-0.4933666885
0.3244046435
-0.8543769687
-0.6473111331
-0.9892194986
-0.6586716264
0.344683402
-0.3484849051
-0.6595882386
-0.5296341643
2.589083844
-0.7994528234
0.6117634006
-0.2273115695
1.212808996
-0.7715975165
-0.8147297949
0.1199429402
-0.4128892213
0.2331887325
0.8742802262
-1.265289822
-0.2274573088
0.1856299839
-0.173394029
0.6462952837
0.112506716
-0.1778315771
1.294357607
-0.2121327255
-0.7919930249
-1.132043189
2.300981534
1.937496907
2.369254661
0.6446852684
-0.436220023
0.2221428068
-0.2778064985
-0.2854837447
1.440358618
-0.8634245008
0.4704318359
-0.2845233411
1.17191644
0.6809649244
0.3878669225
0.8497035235
0.3800162893
0.3315552786
0.02885097374
-0.7935227126
0.06523949802
-0.8690505117
-0.1425391971
-0.7563473076
0.5704821162
0.9039993256
0.02220521793
-0.6865700588
0.1146021075
-0.3193535239
3.01474179
0.5496450745
0.2630392086
-0.4259961419
-0.4038219362
-0.942915222
-0.8030917943
-0.4871038824
-0.4641065635
0.1119223057
-0.1446469
-0.08345989641
0.2927098617
0.124621079
0.7411099494
-1.02565957
-0.249681103
-0.6304790989
-0.8532831997
-0.212019282
1.189133716
0.3789361648
-0.7591731519
-0.5096009694
0.4611960337
-0.627963464
-0.4725399077
-0.08223057529
-0.5288381517
0.1844208758
-0.3998987183
0.03137227315
-0.6495499611
-0.7360419869
-0.6335964978
-0.2346452173
-0.3473606616
-0.1653487552
-0.603748861
-0.1878158266
-0.1466407192
-0.6821351901
1.724183935
-0.8377867252
-0.6014751315
1.430807406
0.9766392469
-0.3763081457
1.048576725
0.4074056577
-0.1835040335
-0.08569962671
0.4224927485
-0.3410444647
0.5929687038
-0.9185059875
0.6801887795
-0.3419962876
-0.9663117617
-0.3937853292
-0.8425421119
1.104066965
0.3262751382
0.1112546371
-0.6582213432
-0.1155393145
-0.5783122897
-0.3758322023
-1.017156649
0.8020541579
-0.8324320734
-0.2014170155
-0.1531285315
0.3446563515
0.3059903918
1.943418789
0.1288506206
2.082614028
-0.414180021
-0.5362051055
-0.8729991615
-0.2131515985
-0.5362723276
-0.2307347827
0.4682901368
0.7151067644
0.7767684728
-0.5723945767
-0.4314911969
0.7528215572
1.368575084
1.72211684
0.1640919389
0.9046243668
-0.2580479752
-0.09897259986
0.3772919923
0.3183112749
-0.3826047078
0.130716789
0.03338005915
0.8946726337
-0.01979240892
-0.1247027002
-0.4829528645
-0.4418384418
3.185522616
-0.5770572394
-0.1921148822
-0.6303794906
-0.563311021
-0.3610365696
0.4280385405
-0.6704366595
2.903590584
-0.5246523768
0.2446524872
-0.8125596195
0.04385114042
0.1814630382
0.341868525
-0.2934938122
0.7902778178
-0.3674915023
0.2746275097
0.2976855285
-0.1015374824
0.547611111
0.4525926528
1.710938376
0.06005792245
0.1126060363
-0.01464913506
-0.3144241596
1.467303896
0.315759707
0.5335031696
-0.02753021875
0.6262278542
-0.218201992
0.2750439994
0.2145068504
-0.7817636371
0.03789141984
0.8493599802
-0.6480872408
-0.05560433585
-0.3342275728
-0.5556507915
-0.4369469613
-0.5668672428
-0.3224375196
3.320772767
0.5208488211
-0.5606450945
0.6428392135
0.1191758083
0.7484293714
0.7155015171
3.00241971
1.806039506
0.6386427879
2.815636683
1.067573075
0.8941427976
1.895763338
-0.2389789889
-0.5311726928
0.3145161688
-0.2274336623
0.9855862729
0.3818383433
0.5705663547
-0.04235046292
-0.4033386149
0.3599599242
-0.4618539691
-0.7420716971
0.7355128929
0.2918274067
-0.169512452
1.113098806
0.5022211973
-0.6650099456
-0.7306651384
-0.2315782346
0.2360547117
0.8318180323
0.001470519323
0.4908962216
-0.1885062278
1.262078872
0.6905673467
0.8365870446
-0.5414160013
0.08035719972
1.085782349
0.5339110889
-0.05557891922
0.07301874468
-0.379067307
0.02517796708
-0.8980767041
0.7860421941
-0.4956835747
1.186694169
-0.1213581357
0.8428393796
-0.6517416805
-0.1111041924
-0.3001984648
0.924415037
0.3095320066
-0.4775005907
-0.08601389322
-0.3585041717
-1.119307938
0.4465514336
-0.06245352924
0.1180591423
0.6991955191
0.6965174995
1.041129208
0.2347169828
0.02564714453
0.119045951
0.2568516553
-0.003975749202
1.804304063
-0.5987239912
-0.2282527167
-0.7217651755
-0.6475043938
0.9788728386
-0.7133560523
1.437587065
1.720261538
-0.08125230577
-0.5484091938
-0.543578431
-0.2483245462
-0.7296717525
-0.3059795119
-0.4318490386
0.7021574892
-0.2626960821
-0.2047060292
-0.1323269621
-0.175502581
-0.1360880151
0.5005053252
-0.2742823034
2.65364176
0.2382752605
-0.005180185847
0.278682429
1.711441594
0.1272538441
0.3076527573
0.6423161969
0.8051715232
1.524312627
-0.5555147722
-0.1234425185
-0.2503913412
0.4116165577
0.4446446083
-0.4829723552
-0.2924152896
-0.1807332094
-0.6765195012
0.7359865338
0.04985836121
0.2787605364
2.076971948
0.6611082107
-0.7914153814
0.1122514118
-0.3771374211
-0.01233199127
0.2669031821
1.228855766
0.5752823077
-0.216725772
-0.1911836714
0.1549100198
0.6557816662
-0.4101149343
0.1996408731
-0.07470595944
-0.7042377993
-0.2574414158
0.2910915086
1.073243663
-0.1498636637
0.01829215698
-0.4552198783
0.02007386973
-0.2903017711
0.3380345119
0.6052819312
0.648300992
1.181366175
1.652185559
0.1836618563
-0.4382174693
1.436319381
0.2722588338
-0.109753786
0.8503475353
0.8768284291
0.2062547098
-0.3446994148
-0.5886516601
-0.4617924467
0.3292248655
-0.5222603366
-0.4878037922
0.1840512629
-0.948603493
-0.2052640579
0.3944137894
0.702025117
1.567016286
0.4846655317
0.6562087744
1.328889745
0.4141354822
-0.03500050334
-0.3462697469
2.34337647
-0.1163667679
0.009487893991
-0.07773338854
-0.6901339859
0.7213300735
-0.2047014389
-0.4881797075
-0.2434662746
-0.3703041419
-0.6635965794
0.03370278096
0.1819235254
0.8524715513
-0.8039200604
0.5956887439
0.5375428066
-0.1872033525
-0.8317058742
1.513793731
1.796850795
0.01044652942
0.4966208361
0.7111810625
-0.1682162814
-0.2077281471
-0.4045424402
-0.5041883826
1.09477084
-0.2520538198
-0.1058116425
0.04381839382
-0.3063893687
1.897202498
1.809022701
1.289217886
-0.4007873058
0.01109749088
-0.2363514278
0.1215996868
1.392832798
0.3676429267
0.8951368377
-0.03840304008
0.4419921614
-0.8355554849
-0.2461594578
-0.2239357043
0.5216011249
-0.02320208587
-0.8156074196
-0.952862981
0.1627058284
-0.2878276341
-0.3737142242
-0.9651264518
-0.1414797192
-0.5956796318
-0.09691395378
-0.7195257306
-0.333188989
-0.5671780348
0.4461815046
-0.3765841953
0.3083855852
0.4157478414
-1.008855098
-0.978682515
-0.2575239722
0.5334020626
1.222658122
0.6201718859
-0.616600436
-0.1970849536
-0.3853055671
-0.4786630005
0.2846368037
-0.7060120553
1.458528993
0.8928248644
-1.075974891
0.3702404
0.6496991556
-0.1211054044
-0.3421526477
-0.4233209141
-0.1183078498
0.8530639827
0.3735803213
-0.1408738264
-0.02165820464
0.08257494904
0.03215874732
-0.2515826002
0.1784946896
0.5105490386
-0.7154066607
-0.1486843813
-0.572997953
-0.3343364559
0.893298915
0.0274858024
-0.03260678314
1.150556418
-0.3106277235
-0.2354614489
0.2948834572
0.04169652613
-0.4900891542
0.06396836657
-0.1295008991
-0.7138985604
-0.5850545019
0.4876681425
-0.1882528098
0.5196167272
0.530173678
-0.1220414371
-0.5747811735
0.05374353142
2.445789266
0.3883725711
-0.3041838445
1.332172969
-0.9242988288
-0.2188517833
-0.7880007267
-0.09435823094
-0.2168150315
-0.06861296417
0.5078864574
-0.02488229703
0.2085275158
0.4894715622
0.03371213716
-0.5414153546
-0.2877554186
-0.280261137
0.51359041
-0.4400460631
0.8059796259
-0.1442443276
1.531151402
-0.383099214
-0.960245949
-0.2889096726
0.9776278883
-0.4803404331
-0.5937797919
-0.54425717
0.1050040873
-0.411191956
-0.04202894522
1.583267838
0.7928170577
-0.4974689856
-0.1672219561
-0.6560352057
-0.6141340852
-0.4586001575
-0.1865629198
-0.2053962674
-0.3234574705
-0.123429013
1.545796433
-0.3029810928
-0.5682690978
0.2801589912
-0.0209802872
0.2776489249
0.003836253937
0.5038747972
-0.3539668899
-0.02161733117
1.221664608
-0.200314335
-0.297820513
-0.7094247729
-0.745536457
-0.4707599595
-0.3566273466
-0.6738437846
1.333401328
1.873859829
1.228506717
-0.6980089545
-0.04801696762
0.3332705883
-0.6899587795
-0.6985059202
0.9293201372
0.8953652948
0.128045895
-0.5400597185
0.403012453
-0.2642847735
-0.5179624125
-0.8793952048
0.008308525197
-0.5067494571
-0.5391062602
0.4241969232
0.2597467842
0.1068625221
1.020792201
0.4969953835
-0.2569310365
-0.3692349419
-0.4030143723
-0.7860102087
-0.9214971334
0.07664929554
-0.3681971185
0.007832874916
0.3240548562
0.3480678825
-0.3684229538
-0.3637958132
0.8260965645
0.7257943437
2.672974873
-0.5195452064
0.8237921119
-0.2092704268
0.03996665049
-0.5293932639
-0.4608159535
0.90666565
-0.3003799029
-0.3575832158
-0.5729787707
-0.3912286103
-0.4718744844
0.6662972793
-0.5832468152
-0.8052554965
-0.06020440347
0.4783613348
-0.4835826337
0.3429669201
-1.046581537
-0.2771616619
-0.4939527661
-0.5914054945
-0.651300481
-0.5434261665
0.7463506952
-0.7843651831
-0.6856836915
0.9859956175
0.3769033374
0.3222383697
0.9431373388
-0.161210613
-0.756685248
-0.7139182046
-0.6797315627
-0.3227319807
-0.259239687
-0.9442178994
0.3160546392
0.3436721038
-0.3517104503
2.651755154
-0.3116965711
-0.3180336803
0.8344488531
-0.4517613597
-0.6300490499
1.590188211
0.5043129295
0.02497037272
-0.580733481
1.631214827
0.7111951172
0.6127459064
0.1213671657
0.4020623572
0.2066007152
0.5736595638
-0.6447023809
-0.6973549008
-0.1298987626
1.12691344
-0.381672442
0.2741598483
1.284683952
0.3201091895
1.140882969
-0.4912550285
-0.2729845376
-0.4209987834
-0.02957786368
1.89083668
0.1483491885
-0.424437315
-0.9189674109
0.3022641674
1.57123844
0.3692458231
1.160074177
2.350868541
-0.2900764525
-0.1044575208
0.8110835701
-0.1758432264
1.372605237
1.269657415
0.173792425
3.225050247
0.2736659255
0.2622701005
-0.04819050003
2.879894066
1.953789705
-0.6294205055
1.121800306
0.7474223241
-0.3532256834
-0.3792691909
0.1155304591
1.976820618
-0.2322101366
0.1947066052
0.08591657057
1.170745012
1.209536976
0.1287485542
-0.03334616022
1.066421622
3.649976623
-0.1343869503
0.5567540683
0.2668131578
0.4165306613
-0.08499512295
0.08737238613
-0.5717918411
-0.169726578
0.1177630488
-0.3219134368
-0.1736377595
-0.2132880826
1.66563763
0.03070362313
0.4698535044
0.8534928113
1.449330044
-0.2720223391
1.341712719
0.3771188907
1.953839946
3.179989564
0.2495920522
-0.7702174515
-0.6164609194
1.862046725
0.3500580695
-0.04498388954
-0.3500452466
-0.1293797695
-0.4278080247
0.3335099632
0.2527668082
0.9430566698
-0.06324303746
1.09713591
0.2179720169
-0.871687606
0.3569314457
-0.08052595742
3.852109039
-0.6209627166
0.9268861413
-0.05008736001
-0.2680995033
-0.6874364942
-0.2343544682
0.2555331211
-0.6473713204
-0.1971813805
0.4580527801
-0.3280946458
0.2685752302
-0.4759081632
-0.2987696394
0.07265494894
0.9915524378
0.4716718681
0.756415464
0.5508062005
-0.7653344914
0.1209829538
-0.05254038312
0.8929467812
0.8915077835
0.9681007653
0.3666814836
-0.0244563682
-0.007558223885
0.4047916917
2.304151195
0.2590972879
0.008682399709
0.5543018803
0.9842609927
-0.2977668915
-0.2143637419
0.8111049294
-0.5427795172
0.6032533899
-0.2373316884
0.5294963099
-0.05418875562
-0.2770911917
-0.2581377354
0.05297795329
0.07654177137
-0.1101179452
0.6509103928
0.4797463574
1.487446973
-0.01164080463
-0.6537319243
-0.8436233282
0.04276941488
2.06703757
-0.05269334626
-0.7406966835
-0.4012729086
-0.06170681436
1.139297515
-0.2069408992
0.3419591226
-0.530468674
-0.5457793206
0.2371687805
-0.00637674816
1.242464206
0.4843103737
0.03130394639
1.327216014
2.32073555
0.7350103073
0.8695732072
0.06867054868
-0.4488626376
-0.2145445211
-0.3893862627
-0.06069301441
0.2688016422
0.5152504526
1.256702596
0.06928471923
-0.6467455417
0.9297778696
-0.2642877266
-0.2930081598
1.373045489
1.004935202
1.193928769
-0.1182731005
3.936796427
-0.2913055159
1.030782962
-0.09986573718
0.02728959117
1.351485088
0.3481687251
-0.560457471
0.4805479512
0.6598041937
1.519213217
-0.1489224186
2.184085912
0.4922815174
-0.2363595217
-0.1208964188
1.331837702
-0.2098567668
-0.1986760263
0.5152568277
-0.06761183925
0.1905000143
-0.335933727
0.03505007215
0.1251114098
-0.5247184396
0.2815209761
-0.8769079775
0.4066923581
-0.8730296016
-0.921683374
1.59883472
-0.4529859602
-0.710207212
-0.2206226952
-0.7586092845
-0.4049446791
-0.4411625504
0.4981972434
0.1406688301
-0.3142371885
-0.6605138823
0.20233461
0.1302994339
1.067011207
0.6310344674
-0.3773001105
0.1616926065
-0.4840374231
-0.5114528358
0.1846202121
-1.004308671
0.3222675981
0.7625955313
-0.9373446196
-0.2778557252
0.2335652716
-1.004149321
-0.4870570585
0.2082017772
-0.1616463549
-0.4376214981
0.9514293849
2.34526996
-0.8394572884
0.3568308987
0.6219011545
-0.3680680171
1.529255319
0.1275400054
-0.02051174846
-0.02793043684
1.784756154
-0.07621219954
-0.670472835
-0.9202677846
-0.2348925255
-0.7467772052
-0.2842151187
-0.04152923208
-0.07162419353
1.213746941
-0.3530095033
0.2423887732
-0.6486833557
-0.9201679319
1.099646932
-0.1000121004
-0.02260369761
-0.7471027076
-0.2508198433
-0.6661146015
-0.1975467075
-0.4943251267
-0.3379512921
-0.02352778502
-0.7804454386
-0.7842373013
-0.2084509
0.5435673714
-0.02616386544
1.292519316
0.04878448006
-0.06799126267
-0.4693787135
0.6161185578
-0.3814255306
-1.102435118
1.250483704
-0.6989788309
-0.6337613255
1.171240482
-0.1469360366
0.6912563711
-0.230684991
-0.1378659289
1.655674917
-0.3027653165
0.3484987197
-0.33434278
0.05142039668
-0.2214108033
0.2599918224
0.5095571101
0.1949933475
-0.2703803182
-0.02636980447
0.2506427685
-0.4408251114
1.309149298
0.4915578574
0.2160339177
-0.6531543136
0.1024530262
0.8688163847
-0.2216195188
-0.08082753867
-0.5270053148
0.5834552057
-0.5143231198
0.664590916
-0.2145792716
-0.524390389
0.5893511668
-0.1693844244
0.7445804209
-0.2875650346
0.7386322528
0.2151755676
1.037775512
0.5384924829
0.7561806351
-0.09491551407
0.1522955098
0.128370817
1.407944155
0.5776568137
0.1666967801
0.8292061836
-0.1202656347
0.04159112442
0.0984786652
1.357230881
0.9239746153
-0.5231038012
-0.809170258
-0.359127051
-0.8151724309
-0.3822743325
3.520252752
-0.02178960298
0.4896884074
0.1897848354
0.121550488
0.02317572664
0.8251724899
-0.2421900995
0.5433315083
0.9738274723
-0.8548380256
-0.2533966816
-0.09526724899
-0.1087627666
-0.65269759
-0.001554390974
0.08733638283
0.8082072876
0.4622566499
0.8625242785
-0.335980428
0.09483306408
-0.2043322855
-0.08775311273
-0.1775487397
-0.1667706208
-0.5011678949
1.23078742
-0.08220395017
0.1492347681
0.06348183444
-0.2600633461
-0.6728552103
-0.038347458
-0.7713630095
0.6857091203
-0.6912447393
0.5840174392
-0.3298389321
-0.05123616103
-0.5893991396
0.5578332782
-0.05945740044
0.7021253109
-0.4016076252
1.801902193
-0.03023667126
-0.7376085848
-0.2584762558
-0.7690229416
-0.0555928681
0.2711052012
-0.7642344311
0.5750038624
0.1427355645
0.802800177
0.3620822139
-0.2736065544
0.1537930954
-0.3143802498
0.2602119983
-0.4377966821
-0.0008198242635
0.3152970567
0.8905348763
-0.4715760186
-0.46606851
-0.6331395224
0.5468303978
-0.9252218604
-0.2553833544
-0.7110866517
-0.209081845
-0.2931740172
0.4166311152
-0.1700030937
-0.9617502779
4.030796087
1.561377436
0.8493671507
-0.2833536088
-0.9918441743
-0.1150017424
-0.6753359169
-0.3586791717
0.3870277399
-0.009080698248
0.3420334922
-0.2918960424
-0.2732317183
-0.7667252779
-0.193984179
-0.0518742973
-0.4931336924
0.2827452576
-0.3864874601
-0.3244676664
0.06455798997
-1.160964206
0.1151801361
0.5840690643
-0.3169164535
-0.3378170785
-0.2022417933
-0.1491954889
-0.6363699913
0.0006760055199
-0.704556337
0.09154360471
0.5319027163
1.723475015
0.09115490764
0.6707936376
1.878642076
0.6980593167
1.93551777
-0.2147141824
-0.360370031
0.002316525392
0.6289105162
0.1964234525
0.2104741968
0.7272925377
1.068994743
0.04025631314
2.535464489
1.4505059
1.551548034
1.25360058
0.8733194083
-0.07880912963
0.4391887434
0.3618939655
-0.6119186491
0.1245558731
-0.7001419887
1.900180715
-0.4153409123
-0.7788203374
0.5698419165
0.4277195835
0.2223393224
0.1132749425
0.421217376
0.1430643521
-0.5091561958
0.6617533982
-0.6709421009
-0.3535362922
-0.3813158367
0.08855340425
-0.3102502585
-0.5932887286
0.1102649324
0.3825771719
0.6795090869
1.196601787
-0.2724522058
1.043624359
0.3026143479
-0.2624539994
-0.1921114702
2.22957812
-0.2531096987
0.4326814517
0.1819416306
-0.4317903645
-0.1682932774
1.121609756
-0.3976433702
-0.8709989786
0.09204208655
-0.2343269624
-0.243008488
-0.7630205065
1.295931175
0.2210249716
0.9378893107
0.8594439402
-0.9251961589
-0.03313925248
-0.2739393055
0.05251302319
-0.8398848772
1.591861716
-0.8952654094
-0.9775606334
-1.049027407
-0.2054149866
-0.7285045221
-0.7291259348
-0.5939149544
1.06321789
-0.5782096535
-0.5805307657
-0.1166052788
-0.5060127839
-0.4227063224
-0.3221764507
0.07920098603
0.706075792
-0.2281387737
-0.3125645917
0.6529203333
-0.1864540726
0.5215886526
0.6475695908
0.01286688037
-0.9602547646
0.2913866616
1.154114139
-0.3815723762
-0.7295537561
-0.6577406481
1.167095214
0.1202371416
0.7917409137
-0.658811909
0.007824487705
0.3542319573
-0.44526494
-0.5357656226
-0.6214075834
-0.8056277961
-0.6068627119
-0.9008235663
-0.7968574911
-0.3987855971
0.333809711
-0.05118647935
-0.6680582598
-0.1144659575
-0.1599968345
3.727098644
0.3285380453
-0.03717873869
0.5591925971
-0.3877057806
-0.714622803
-0.6680000737
1.297931892
0.09539278224
0.05618051114
-0.5023714833
-0.6663254201
-0.5536672056
0.4822912645
-0.1900382882
-0.4813388988
0.5634510353
0.1376571101
-0.2413063504
0.339848958
-0.8355502248
0.8078592926
1.935916632
-0.4181024551
1.765487516
1.225116219
-0.603695184
-1.071752077
-0.4797779538
-0.986636436
-0.8278205931
-0.9362210244
1.006328645
0.0714199503
0.1696669664
-0.7366375238
-0.2915307444
-0.6697475657
0.270098
-0.2827088648
0.389956582
-0.1352829089
-0.7787127197
-0.317513787
-0.595499976
0.09103159765
-0.07673795726
-0.5783201739
-0.2346807379
-0.8695082307
-0.7941168219
0.2287057208
-0.8205789655
-0.6983242601
0.1220173804
-0.5902613267
0.3949358337
-0.1420840528
-0.6206919238
-0.1337238027
-0.5533353746
0.3952147868
-0.3271278579
-0.5763486236
-0.3793668337
0.2951217107
-0.1131492195
-0.05613009315
0.210233454
0.748121427
-0.1273354535
-0.8837217331
0.2129984045
-0.03833233491
0.9944046736
-0.8119699851
1.167680955
-0.6445663616
-0.244409354
-0.01148267537
-0.1888880001
-0.2676470965
0.02059835927
-0.3433206588
-0.3481488548
0.06018299349
0.02087096986
-0.9122843266
0.2666463375
1.4022302
0.4703840487
-0.2940522719
-0.4183797345
0.05227989107
0.2405855767
0.6897113457
-0.4071929142
0.0435270844
-0.4491368696
1.217856252
-0.3451214284
0.3786127836
0.0798248264
0.3500292167
-0.2582759812
0.1381650294
0.802527386
0.5482267052
1.669511437
-0.3180876911
-0.4449753687
-0.1445622095
-0.5334605485
-0.06444123737
0.02300514672
0.5151852809
-0.01550874598
0.1609235454
0.09048336348
-0.6519409657
-0.1429011717
-0.2336405564
1.016783977
0.2687033918
0.0556997994
2.457382369
-0.1260922842
1.221830699
0.8896618098
-0.5402868345
0.674326732
0.8414886802
0.9942636579
-0.434305349
-0.517748186
-0.301607272
0.4588824714
0.4420529258
-0.10980322
-0.5905949205
0.456972805
0.187504013
-0.7733836979
0.05220814757
-0.1830189206
0.1201510415
-0.03156547938
1.004247919
1.357362717
-0.4353534237
-0.6484860167
-0.1351544991
0.7209855288
-0.5706001773
-0.5234741241
-0.2501741149
-0.4404370228
0.1829192184
0.5306520171
0.851736787
-0.1817754075
0.4524499305
0.747626996
-0.7347270548
0.9721637845
0.7171950832
1.382187986
0.2649002589
0.715380694
1.259725603
-0.03575778855
0.2998954301
0.04902916364
1.591302803
3.971584165
0.4619985677
3.302277899
1.379327255
-0.2658983182
0.793903099
-0.03064130875
0.2275253721
-0.7342727512
0.3071400091
1.324284759
-0.1187842242
-0.5576257214
0.1955435363
-0.6707460463
-0.2013496317
0.3588424783
0.2214568716
-0.5074098945
-0.21430641
-0.7492923498
1.451342833
0.09207030386
-0.1830148453
0.3528509246
-0.1232435826
-0.7800611526
0.347624786
-0.03164340067
0.07261124924
-0.3756315257
0.1630624142
0.1210826132
-0.1351428647
0.4116841026
-0.07277284134
2.629089391
-0.8168943137
0.9439904198
-0.2302956026
0.4307591118
0.976266849
0.7237053415
0.9623763628
2.377157664
0.03475942947
0.4631295385
0.3009995123
0.1090937503
1.458428568
-0.1076487665
0.4355073124
-0.06559005994
0.1783993673
-0.03392360834
3.484744155
-0.3264279449
0.5033274446
-0.09094041809
-0.1214576079
0.640906319
0.7951934129
-0.4220960623
1.976039821
0.5903726488
0.1162901059
1.082573652
0.8786270812
0.004707520735
1.502128208
-0.5013111323
0.06299381508
0.008383050561
0.6782641336
0.7284465492
1.322079927
-0.04041888295
0.2914532667
1.253979424
-0.04843222145
-0.2377608097
0.6256377138
0.3676003207
1.333405146
-0.3922085233
-0.7964857787
0.2894783781
0.2685823877
1.157254526
-0.2789396906
0.4677917443
0.301612992
0.2364984417
0.1959937081
-0.3144815736
-0.5364123195
-0.3468390837
1.43841213
-0.03991837353
-0.6670688808
1.144495258
-0.1051317479
-1.188037467
-0.3332088172
0.4984443493
-0.1340597576
0.8168938428
-0.7221410349
-0.3912167549
1.074569941
-0.3154300764
-0.5216334909
-0.1932621409
-0.148324918
-0.7683682948
0.01184380245
1.182672158
1.644096965
1.060269123
-0.7452382326
-0.2394825853
-0.7640065879
-0.3999303058
-0.1727657791
-0.8010460243
-0.5160313383
-0.8521108657
1.012127182
-0.6253209934
-0.2143843878
-1.031685117
1.448906732
-0.7254684359
-0.3619292036
-0.7519831747
-1.018698496
-0.1144200297
0.5322062105
1.649366605
-0.9220932841
-1.047337082
1.658140901
1.554921961
0.003345446941
-0.2997914558
-0.9836369157
-0.3612324767
1.334680745
0.474187813
0.02487547565
-0.4049108431
0.2627206972
-0.5564071998
-0.4487242118
0.09745406732
3.734761751
0.5616742618
-0.1685455346
-0.7412546381
-0.8205663383
-0.336981117
0.4908480489
0.576595445
0.07761512361
-0.5781200051
0.9321266264
-0.6720510632
0.09233926358
0.3996405114
0.1983764835
-0.6214408636
-0.7642876059
-0.628519538
-0.4660294145
-0.5647882506
-0.2463985069
-0.07777597979
-0.14858713
-0.1146734051
-0.6977978185
-0.4161883302
1.566050863
0.05085682557
-0.03253893759
-0.2999135494
0.4916752666
-0.9485466182
-0.1353520993
0.0004189352039
0.2796037512
-0.7394936532
-0.3781879961
-0.6607194677
-0.6395508051
0.1690313083
-0.7424022079
-0.977963677
-1.041286054
-0.1333742759
-0.5854640499
-0.7760273039
-0.7920562476
0.7209007367
1.139579432
1.56759702
1.297043672
-0.3317448408
0.615887861
2.531851763
0.05169392433
1.148453513
1.392942554
-1.044654959
-0.768077603
0.7883117959
-0.1655043913
0.7813371539
0.2465941867
0.2881255899
-0.2992352366
-0.2870819416
-0.3470004067
0.5480011053
0.0679558394
-0.5244159438
1.814125943
1.179922187
0.4978083741
0.7002416715
0.1596202128
-0.2664274655
0.4170961067
-0.003720083833
0.1424493182
0.3345090879
-0.3737404816
0.8768114775
-0.2761710219
-0.7195718348
0.9226895601
1.824818242
-0.4656147659
0.4380110707
-0.359730728
0.6106327936
-0.02178089079
0.3852113828
0.7482739925
0.3544103077
-0.5402166322
0.6357296541
-0.2440624719
0.308142003
0.908150357
3.224805677
-0.2178303937
-0.2902259894
0.4646352321
0.9815823928
1.074785601
1.118217182
0.3394656236
-0.2047590235
0.7896205403
0.7192742437
1.323327172
-0.3626298883
-0.3475362198
1.071641129
-1.187330651
2.082466918
0.03529859558
-0.6997439802
-0.3485574089
-0.4080873825
-0.9413369179
-0.8738654912
-1.160856289
1.686048037
-0.395221696
0.4864392355
0.3026559494
-0.1829844445
0.2510067035
1.241801861
1.791024423
-0.3855583303
1.472547424
0.0990127841
0.06188731287
0.6189251289
0.2667857092
-0.4691022471
-0.7074690834
1.05846498
0.4289463714
1.835315871
-0.2591708243
0.04428287297
-0.2298955414
0.1293253815
0.157503403
0.3032739351
0.6516623861
-0.1612521693
0.111597701
-0.5664752051
-0.7065260887
-0.8828423321
-0.5748813845
-0.1217836131
1.071697959
0.1973554475
-0.5869193807
-0.2785870656
1.578212637
2.22103979
0.2415853348
-0.9881877661
1.597137254
0.1756474486
-0.7029248387
-0.1955235302
-0.4848164394
-0.4779867671
-0.1975590564
0.7410971195
-0.3632102013
-0.5080781579
0.3419258287
-0.2847476747
1.267698237
-0.4597960964
0.3055984315
-0.3243805388
-0.1725672482
-0.8072722763
0.5506028555
-0.4661357448
-0.361740604
1.361892861
0.2641856136
-0.3672468722
-0.05251469389
0.4914995253
0.04664419219
0.3033784946
-0.8769305587
2.834425986
3.740986311
0.9642982706
-0.8426900506
-0.9257956505
0.7812619328
0.1598593807
-0.05222891234
0.9283322185
-0.3972857043
-0.2090166049
-0.6273972049
-0.4943448506
-0.4661332414
-0.3464467142
-0.09940464674
-0.1189233667
-0.2964121614
-0.6851962924
-0.2466772178
-0.3646594942
0.1624482281
2.741415906
-0.2729740966
-0.3238409854
1.17555995
-0.1756207479
-0.2222026657
0.1501899101
0.4946581054
0.04781801989
0.2570526862
-0.7081740633
-0.5603125349
0.997716713
-0.6952786356
-0.707715793
-0.3099876858
0.4559920214
-0.4542595848
-0.5058982268
0.06361169945
-0.6516489476
-0.2868115343
0.3414027758
-0.5331087992
-0.821072115
-0.03628451116
-0.2332138611
-0.7909826934
3.18163873
-0.4507142723
-0.1162440483
0.1103574334
0.4473391578
-0.2942036962
0.0766542092
0.5723063208
0.05216390323
0.6091142282
0.2520384301
0.4066687435
1.5086018
-0.8713455439
-0.3103662521
0.6404672772
2.270218807
0.4905604973
-0.1166036393
-0.2159041259
0.0566254925
1.258902737
-0.49388991
0.06941251243
-0.9984155685
-0.8902363688
0.2552701306
0.3394331262
-0.7055037796
1.644346428
-0.04906886406
1.219146584
0.6691243663
0.9030150041
1.159233177
0.1101879987
0.07298426758
-0.3192256398
0.2267150846
0.0047033621
-0.595391044
-0.8292705625
0.4179913573
-0.5296696544
-0.3205633681
-0.1909231842
-0.7504254401
-0.9216367781
0.06404881729
1.625808364
-0.8783258319
0.3225770493
0.1193995757
0.3834516011
0.08890588824
2.182685369
-0.8547461718
0.4758260362
-0.3633074641
-0.8597335964
0.08292028047
0.2258455171
-0.1349106202
-0.4373843096
-0.1175928995
-0.04201097982
-0.717228654
-0.8560251892
-1.078390449
0.5841639757
-0.2039944788
-0.3581418425
0.6787141368
-0.8562707484
-0.6096473277
0.07803780753
0.1019558078
-0.1367049928
-0.2515519693
0.2545656172
-0.8385395616
0.0500675899
-0.1754046466
-0.4215647969
-0.1973348771
0.4021947097
-0.06042844178
1.292885488
-0.02264181264
-0.9094889611
0.07930669123
1.111558864
-0.4580720022
-0.003733911738
0.8189756751
0.9037955433
1.206982815
1.209085995
-0.05371998176
-0.1388574503
0.5179466158
0.755624786
-0.4676462643
1.27262145
-0.4847776398
-0.0277527242
0.3072029952
0.1578521077
0.7830186337
-0.1594327096
-0.5462192729
-0.6271884754
-0.9336954713
0.9867715195
-0.1343945907
-0.58712897
1.091554296
0.6459439669
-0.7142557621
-0.4160461172
-0.6421441898
-0.8101508766
0.3881495956
0.1221783416
-0.489219442
-0.2193286334
0.6161147449
-0.9309056222
-0.5676472321
-1.100981069
-0.5953843936
0.350798839
-0.1897380956
-0.7897458762
1.371353778
0.2475429381
-0.8525605619
-0.7404728234
-0.1023723504
-0.9402962476
-0.3115474112
0.1142846652
-0.4912094086
-0.07493950403
-0.271989058
-0.6655340433
-0.2853684708
-0.03211027719
0.1071449023
-0.1171109281
0.4281049557
-0.5606213987
0.1009205662
-0.5610864535
2.273704982
-0.6231359899
-0.7160434023
0.6653228343
-0.9814516276
-0.4524239719
0.4749000717
0.9629008323
0.2666289575
0.2943377511
-0.2341578621
-0.07337703705
0.2959062253
-0.5701240301
1.070061153
-0.2268375695
0.8513300747
-0.1965719961
0.1789895333
-0.738126716
1.073984995
-0.4177101374
-0.4842724875
-0.1163313277
0.5389847197
0.1743650648
1.398642018
-0.6408216476
-0.5829003766
0.02068135785
-0.240239466
1.0527291
0.9585828513
0.8654929712
-0.9238209367
1.584703484
-0.007142093312
0.1231608531
1.422535604
1.673922735
0.7432326764
0.9232004583
1.04726038
-0.2277263224
0.7933296978
1.605630302
0.05465081916
2.110820371
0.5878091544
-0.09489863701
-0.2360556222
0.03957066052
-0.4734184518
-0.000722117722
-0.5052215882
-0.8637826741
0.5277491663
-0.5192343449
-0.8116997212
-0.5516020328
-0.2148515346
0.7995385453
-0.3864547968
0.01195611963
0.611140452
-0.5839804113
-0.4707150325
-0.4323895842
-0.06336985901
0.101140242
0.2265614536
-0.137721029
0.3740921472
-0.1715241631
0.9743720293
0.7303591818
-0.006736616232
0.8850671262
1.348693544
-0.1708583638
-0.5107303329
1.028298673
0.1968895788
0.3789817326
0.3724736474
-1.243477383
-0.1991568808
-0.5406292424
-0.7546928436
-0.3215715453
0.6710517049
-0.03149172189
-0.1935480092
-0.6233404316
-0.5001836523
-0.294741156
-0.8864271075
0.4041030183
-0.03952724366
-0.01788897589
-0.03670339999
0.5960637525
0.6019393802
0.05077162776
0.5923446871
0.4258123588
0.2205732704
1.207365936
0.3140071083
-0.3566884026
-0.2802994452
-0.3219194435
0.1225286413
-0.6949182361
0.4093204555
0.4924250923
0.2952765964
0.6487292469
1.902151465
-0.06478048963
1.144894835
-0.09702977873
0.2340688162
-0.3968487218
0.4905586526
1.762339145
2.085555989
-0.3777836308
-0.4975273147
0.7940055296
0.08745136559
-0.08993312446
0.6166035786
-0.5295427293
0.9242689461
0.1258332111
-0.3047963938
-0.2755353268
-0.1575396289
-0.559385711
-0.007160031423
0.9492135391
-0.4174341679
3.277039933
0.6097230449
-0.4518328369
-0.2837502696
-0.0260725949
-1.004302633
2.05727945
0.7895403579
-0.0008577871136
-0.7616385579
-0.1310386704
0.9407279983
-0.166086787
1.39099611
-0.3089653192
-0.5426313475
-0.2434567096
-0.1722947348
0.3545872535
-0.1626665723
0.4057563968
1.784472275
-0.1522997858
0.4286213111
0.3685052097
-0.5000380725
-0.5239974543
0.6307921588
-0.108301522
-0.0553772239
0.5817580752
-0.1960839998
-0.6750367582
-0.177285433
0.5061726041
0.148290788
-0.3669499278
-0.09407225121
0.5030343642
1.023027737
1.083471006
0.934612
0.1255537555
-0.291658197
-0.08610507576
1.073017412
-0.5592727803
-0.04220696464
2.533493853
0.1378310029
0.7122538313
-0.7929840684
-0.06645213589
0.8403129667
-0.3416452885
0.3219411623
2.092217004
0.09684624532
0.8958855703
0.9012993097
-0.3074614808
-0.4021290004
0.003097793646
-0.4060359523
-0.1545001563
-0.4759445295
-0.7860679448
-0.2265865639
-0.08361616884
1.245284826
0.5521970339
0.8518272109
0.4473457426
0.4599462964
-0.4878175825
-0.0349733403
2.983873403
-0.419021672
-0.3573607206
2.591221058
-0.07369067678
0.008708011918
-0.5797821596
-0.6315164849
-0.4596606195
-0.3868897952
1.781714702
1.450920627
-0.3440514527
0.9299923599
0.903838703
-0.2230315267
0.6863337845
-0.2966020741
-0.2498244941
0.9252104551
-0.4522382319
-0.1561851563
1.565946203
-0.8014858723
-0.1518627616
-0.9748586118
1.278409979
0.4665335253
0.08438540499
-0.268122226
0.1058799206
-0.4886171326
-0.3618057936
-0.9301594913
1.39847573
-0.2282640235
0.1756507931
-0.2711700944
-0.1503424706
-0.9829331219
-0.3348894261
-0.5157727331
-0.4372733533
3.495398164
-0.4948902905
0.2413288537
-0.3133556962
-0.9315121263
0.3198543577
0.2977495513
-0.2042974308
-0.6763838381
-0.3666095197
3.804082263
0.1222080094
0.970733887
-0.492516467
-0.189103275
-0.3195064768
0.2659979028
-0.2922651377
0.844427295
1.532190591
-0.3854306433
-0.5831825942
-0.5760635674
-0.5994708925
-0.04358924087
-0.6583908379
0.8070463642
-0.9448194951
-0.6409597278
-0.8614003956
-0.6395595849
-0.6173348576
0.02153170006
0.04015571624
-0.3611836478
0.9810043931
-0.9343904823
-0.4625607312
-0.4191239834
-0.4278231148
-0.7349174857
0.4037242897
1.308461389
0.05342155024
0.08163943263
-1.006393573
0.4245261561
-0.003385210969
-0.5579544336
-0.5835304156
0.07177942628
0.3229436561
-0.6345661789
-0.5454082534
-0.6206097662
0.817144388
0.2415593441
-0.5042284131
0.03603027184
-0.4409749955
-0.5571322516
0.383977229
-0.1878740191
0.9069995664
0.02273784615
-0.2194146898
1.030247843
-0.5280922681
1.056555077
-0.6313082173
-0.2039100399
0.6521795481
-0.7323838204
-0.396029397
-0.1203258974
-0.3788798839
2.240974414
0.906838882
0.8525337711
-1.016480383
-0.0891192859
-0.1804694975
-0.2137477148
1.903390509
0.05531780124
0.06124196257
0.6077556498
-0.3012974925
0.4356910058
-0.721655117
-0.9977030039
0.2814001478
1.327781495
-0.00527950367
-0.7126486838
-0.1607139692
-0.09434136744
0.5619425781
-0.3467985123
-1.088482845
-0.1261548731
-0.1687451192
-0.6697041228
0.7263992839
-0.3796988316
-0.6286037773
-0.3235705607
3.085472405
-0.3726745009
-0.02718381174
0.04647705443
0.4973445795
1.305443093
1.732078403
-0.3468740769
0.647951594
-0.1538621748
-0.6868205011
-0.9938489586
-0.7777722865
-0.04901475646
-0.5667042598
0.5576173306
-0.595161321
0.2408779606
0.2019852811
0.0946435919
0.2334454593
1.814759648
0.8555553883
0.4238990759
-0.6841494575
0.16692642
-0.3380643293
0.9302283719
0.1189101125
-0.2547480903
0.755680719
-0.6868939012
-0.8966125399
0.491709144
-0.615767251
-0.727244541
-0.7063333675
0.0464968387
0.9562487811
-0.1808619371
-1.106732106
-0.9816512197
-0.5919037431
0.1481559774
-0.1728771694
-0.191767238
-0.5964180738
-0.5858986259
0.05908254581
0.9682221204
1.574423891
0.5709849011
-0.3234090663
-0.500254862
-0.6960219294
2.695222127
0.4593490828
-0.2912042663
-0.8777496606
2.466172034
-0.7745727867
-0.2409746172
0.1834141888
0.1659690227
-0.4744957089
0.6653811313
-0.08009653529
-0.2185092332
0.7268440902
-0.5231413066
0.3729991168
0.2291665211
1.966598672
-0.4775763161
1.079645279
-0.5650141507
-0.6270376787
0.1591210598
0.00541889444
-0.7512335539
0.353171563
-0.2260886326
-0.8971813053
-0.8024974331
-0.7060013652
-0.1189451184
-1.048650321
-0.8821772248
-0.5829171136
-0.554349269
-0.4258873824
-0.863006565
-0.2389443645
-0.7893956125
-0.7538461477
-0.05708525283
-0.4587589357
1.294424373
0.4402756648
1.246699169
2.591093802
-0.6505894125
-0.5289879397
-1.041852742
0.8492582932
-0.6078263626
-0.3653394632
0.3639567982
-0.435794621
1.10724754
0.4759019058
-0.03220689679
0.1792032097
-0.5837569058
1.751243907
-0.5258539259
-0.5998011425
2.535344875
0.1461544719
-0.4352635626
0.8929616958
-0.8271390021
-0.3713064931
2.451680779
-0.3987243682
-0.9544696063
0.4132121883
-0.7050059497
-0.8372576416
-0.1327596789
0.4953895919
-0.5549992695
0.8006739646
0.2330939703
-0.1782942494
0.2639359752
-0.6342059225
0.1921605504
0.09363105074
-0.9147277951
-0.2547869761
-0.2441142458
-0.4667423099
-0.6625636056
-0.4735493332
-0.01114765014
-0.3311813816
0.04349280917
-0.382926674
-0.8042446196
-0.3198192298
0.066507228
-0.6608740181
1.509981281
-0.4819793209
-0.3558475301
1.259495136
-1.018840906
-0.4845614806
-0.3803462952
-0.7234183818
0.1047689402
0.3262531385
-0.06129748104
-0.2984596387
0.01945434893
-0.06756094191
-0.02453368045
-0.7139506996
-0.7178303897
-0.4697301492
0.0325680553
-0.7154170722
0.4188094698
0.1643569216
0.03007190684
0.4291227303
-0.4082010753
-1.037969962
-0.1297584433
2.813240689
1.257988015
-0.6873589501
-0.1901790826
-0.2189527325
-0.8622272193
-0.485551101
1.064874977
-0.722784397
1.623842347
-0.33913326
-0.001420998573
0.5713275529
-0.07735602157
-0.9530556917
-0.9744015962
2.420284128
-0.5904362783
0.3091699928
1.35698384
-0.1715541169
-0.5306661651
-0.8852821618
0.3191881657
-0.7624427408
0.03082060553
-0.8208907127
-0.6850981742
-0.3712470666
-0.6626574427
0.3899782427
0.490250745
-0.192325932
0.8600395069
-0.7839387298
-0.6338068724
0.07712454484
-0.6514898777
-0.9584931076
0.3246644869
0.03512960142
-0.8617883235
-0.03475075159
-0.6793780059
-0.6252069175
-0.2075048693
-0.3618108865
-0.4410424352
1.04984296
0.1567186835
-0.5237260744
-0.6934839725
-0.6697224498
-1.149183664
-0.07504481953
-0.876178655
-0.6201508909
-0.6012623161
1.000001711
0.5888447627
-0.546246738
1.373260987
1.24849726
-0.2885931544
0.2943003114
-0.7636271372
-0.9105482101
0.226827668
-1.007613906
-0.05793278376
0.2516228048
0.3872229181
1.722100639
0.7042250395
0.3568429485
-0.5339307532
-0.3888777651
0.3219270252
-0.04928045766
-0.6878166199
0.1132803057
2.781896007
-0.9028874725
-0.3988870446
-0.6496355519
-0.6260862321
0.286162902
0.5413821638
-0.2826013055
-0.1091991914
-1.066849107
0.4376943612
-0.4414471455
1.304212704
2.121425861
0.568658419
0.8452134021
-0.6696121857
-0.2436253011
-0.6228709728
1.389650524
-0.8760820717
-0.7040408492
0.5356712446
0.3427212317
-0.03185425503
-0.2382601347
-0.6210319102
-0.2035339586
-0.1744890418
-0.26320845
-0.5112934396
-0.8961661994
-0.1263680682
-0.02708088576
0.08828226663
1.445725045
-0.1832671773
0.7504963487
-0.1931903636
2.608328724
-0.3434644431
-0.5515722826
-0.4681845143
-0.7517026916
-0.004711394524
-0.0346237842
-0.174408062
0.6780155733
-0.2428769968
0.395947649
0.1817890181
-0.1930857087
0.4303680543
0.9959508911
-0.9538460702
-0.1982666101
0.8195037071
0.1919946121
0.6306327701
1.935978013
0.2138395457
-0.344778353
-0.1125788782
-0.7464386076
-0.1924362194
-0.7710112959
-0.2885424145
-0.7857490629
1.872786951
-0.6565820515
-0.7209908575
-0.1253436114
0.02394859176
0.7111660004
-0.1559384897
-0.1816379301
3.020479268
0.1525643246
0.9420134753
0.7354344428
0.6086203903
-0.1238754291
-0.1018478788
1.016357341
1.053513744
0.7374520913
0.6885486081
0.2917552727
-0.5940471083
-0.01191616282
-1.011346588
-0.4932620578
-0.4352264799
-0.1765426278
-0.1651337767
0.2821974833
-0.5026065115
0.05685396809
0.754378809
-0.5889981762
-0.4128893562
-0.4398447111
-0.6860765457
-0.2543097431
-0.6555390432
1.698635155
-0.05032467376
-0.7768418595
-0.3246866874
-0.2589326093
-0.6329596564
-0.2015531931
0.5346384257
-0.06194300912
-0.2161175974
-0.626745601
-0.5353567779
1.072279832
1.141938642
0.3674656136
-0.642979309
-0.9718603551
-0.6333541811
-0.5332473516
-0.6806014925
-1.050914672
-0.3798719421
-0.7130538121
-0.4922092229
1.177441844
-0.4153808761
-0.1918960802
0.4004537803
-0.4260971837
-0.6648882389
-0.4325608134
-0.1826189738
-0.4285888167
-0.4112412021
0.02824522271
-0.4686920404
1.477228242
-0.3298132107
-0.4049643451
2.59137907
0.8701534003
0.3704338014
-0.1190513176
0.165664844
0.4247933194
-0.1783231951
0.5925872013
1.563124955
0.745085673
0.0382303969
-0.2623042919
-0.2531571947
1.135173821
-0.1582081325
-0.3980497561
0.266932412
-0.677058211
0.3133393742
-0.2899781063
0.7110521093
0.224658059
-0.6831618786
0.07518116264
1.5851771
-0.146380307
-0.2214415703
-0.3427887179
-0.6309056029
0.05375943296
0.5293315992
-0.2541942175
-0.8916388214
-0.2594968885
-0.1843825035
-0.753676641
0.3248884935
1.672297502
-0.165112967
0.1135791303
2.336989158
1.153750378
0.3813685514
0.9135559291
0.08914275207
0.8825303361
-0.2151484556
2.834922332
1.80613212
-0.7865392655
-0.4675682336
1.101647091
-0.513888523
-0.4053150333
-0.1424271975
2.292277879
0.63847211
2.158936894
-0.1136276874
-0.5069386184
0.7159227744
1.989272177
0.6364113979
-0.6225154117
-0.1762951061
-0.2120474491
0.5544564269
-0.143773992
-0.2865905562
-0.2432551915
1.401255351
-0.4483522043
2.142219985
-0.309680962
-0.6950269699
-0.06509595728
0.7286453992
-0.869110927
-0.1410674663
-0.6831528455
0.7840521187
1.246880022
0.8630168151
-0.4938880369
0.08106517992
0.7745267525
-0.3341100924
-0.8236121625
-0.2267620821
0.8088966817
-0.7803745821
1.102450159
-0.9202008843
1.189689991
0.695505105
-0.1625991052
0.5555765912
-0.5447170362
0.8578775793
0.7740371794
0.054814291
1.694651169
-0.3270742979
0.8500674084
1.102527621
0.7696579382
-0.1274221075
0.0123928139
2.795287442
1.069056386
0.9332648963
-0.2451894537
-0.6238892063
1.418372926
0.5124554042
1.051224262
-0.7024187341
-0.3430227604
2.128770137
0.4016844533
-0.2100568436
-0.01049555317
-0.1820734203
-0.6742257223
0.2321425917
0.2702648265
0.6625455804
1.331902489
-0.3389630929
0.917427662
1.503500897
-0.4255019426
-0.734823969
0.8921717405
-0.6684175149
-0.01391548617
0.01290144138
1.846888238
-0.4788605675
0.8759904012
-0.5445098728
0.09328662148
0.2455360624
-0.061915923
0.9558205456
0.01618298693
0.6582077175
1.000007498
-0.9470452994
0.1502055394
0.949568665
-0.2620647598
-0.4652853489
-0.4849678323
0.08538922193
-0.7478149131
-0.2134554876
-0.4236232504
-0.1576936173
-0.2765274636
0.3696458258
1.219776732
0.754087504
-0.03107016049
0.8694515735
-0.5505022451
-0.01528788465
-0.0788801454
-0.6143951192
-0.9021624684
0.9662251502
0.1198499091
-0.4246683106
-0.6802542672
-0.2908837269
-0.5110217407
-0.8278251082
-1.152221763
0.2331583507
-0.1659339765
-0.1631136005
1.073268625
1.330984294
-0.7176175982
-0.6422693446
1.203960955
0.2630942628
-0.3994964855
0.02578998194
-0.4726322308
-0.2570030343
-0.2825080967
0.2774375558
-0.1467045786
0.05530791357
-0.6317378819
0.7745000139
-0.229157831
1.110517997
1.454480636
0.2020499837
0.6757670507
0.6089217618
0.1451233296
-0.2308736671
-0.01158142406
0.08951528445
0.3612933412
1.671173891
-0.2928550109
1.321085918
1.589697382
0.7258054391
0.0911948944
-0.162009408
1.381594232
3.055598474
-0.5390715227
0.03624805957
-0.2112043957
-0.2884481307
-0.4781101421
-0.2959740335
-0.09627816081
0.910222128
2.127829736
0.3764908211
-0.1502873315
0.2042480916
-0.3866596218
0.3776019931
1.568264961
1.721836323
1.225716428
2.954928303
2.454015356
1.57433483
-0.3898430984
0.1574584175
-0.6420524403
0.5355874382
-0.321102494
0.425495326
0.08436506623
-0.2920364577
0.5016852289
1.006630236
0.2705280549
0.2893737996
-0.6955681711
0.2972911701
0.08159955461
0.241090974
0.08605357013
0.6489531621
0.187016907
-0.439564155
-0.1215921899
-0.2456101038
-0.1494989702
-0.3089660712
0.2816208012
-0.1787495979
-0.3654354118
0.7549638212
0.5486372173
0.2201545452
1.541751784
0.8083243445
-0.8246320814
0.4112740112
0.7911144495
2.496162939
0.8494463176
-0.2990197189
1.63797127
-0.5507854804
0.01970526199
-0.3509335309
1.126305497
-0.1271579122
-0.6805052325
0.6555630103
0.9995768964
0.17916264
-0.2312153168
1.286199933
1.251008427
-0.5419063747
2.311778903
1.037659088
-0.7868702665
-0.6802369416
0.7479409158
-0.3490351737
0.3069857122
-0.2063035555
1.741812146
-0.1831588767
1.063053057
-0.6236341342
-0.1488554463
0.7225715131
0.103730586
0.4615181752
0.4385330096
1.374258384
-0.971004197
2.502348357
-0.3424132432
0.08740652185
-0.1363391242
-0.1973684908
0.3857682984
0.02484968845
0.4221414678
0.4741891075
1.474368984
0.02800114141
0.4180962637
0.4238352127
0.1248762132
2.33009299
-0.8213370115
0.0151355952
1.054533425
0.6006138504
0.5346204802
1.211514053
0.07431002874
0.4743754655
0.5945783265
-0.6562579408
-0.06056624055
2.413321424
0.5254994839
-0.0766190459
1.192519769
1.294314021
-0.4100101978
0.23362185
0.3570437206
-0.26208755
0.5194590814
0.2431360578
0.8026438966
0.1242502564
1.070506784
0.2822605686
0.5285824379
2.093924713
-0.2785784874
0.1734280305
0.1965971838
-0.4588468969
0.2247935459
-0.5809062354
-0.3091318585
-0.3656982154
0.7069552287
-0.4069216311
-1.021454757
-0.1317046565
-0.1750506938
1.348062679
0.9147174925
-0.05649189744
-0.1053746545
-0.04640176259
-0.1771305589
0.0916511368
0.0336909702
1.704759556
0.8412192181
-0.08769826479
-0.2738081969
1.472602212
0.1960653058
0.6007956557
0.2350117086
-0.5266726151
-0.7577685118
0.005554341152
1.752802294
-0.5408019722
3.005305231
1.965629297
0.0140011698
0.1035355316
0.4777693503
0.6151957691
0.8256461218
0.2381223572
-0.07626993153
0.5721677683
0.1087261817
0.5442288712
0.08385457192
0.921949859
-0.474830322
-0.06266306452
-0.3035200238
1.99738906
-0.3851165272
0.3613252938
-0.3419925354
-0.5167651594
0.4569185026
0.9312456563
-0.01857422255
-0.3625416279
-0.1479809102
-0.4132286809
3.005552399
1.264990494
-0.3712455809
0.4555699602
0.1187550161
-0.7131713182
-0.5137480661
0.7175012618
-0.275401032
0.0441280379
2.975559062
-0.4373861961
-0.7438687667
-0.1055850537
-0.3060448579
2.570857418
0.650978215
-0.6437601238
0.6141757727
0.4883293182
-0.05712085646
0.1341101992
0.5834525146
-0.4459226578
-0.1808400393
0.1498090753
-0.6242277697
-0.1739433075
0.8580803216
0.938622573
1.088822436
0.08272370249
0.1891225439
-1.097121629
-0.3095342137
1.527009189
-0.8831515968
0.1308046289
-0.1447782658
-1.167712539
1.758675778
-0.7885504663
-0.1985889152
1.180987138
-0.1309064552
1.252733418
1.030922659
0.008184956387
-0.2339801114
-0.1790220402
1.500730193
-0.4047354355
1.071159196
-0.08528750376
-0.1244026873
-0.004129868746
-0.3559526809
-0.2683641318
1.964043206
-0.1447461365
0.5052017592
-0.02015276346
-0.6641260952
-0.002665982582
-0.8673215985
-0.05356997084
-0.4712130841
0.08089064467
1.610364699
-0.735827294
-0.1583487332
-0.4372508258
-0.1654837678
-0.4734335176
-0.6342393085
1.389044946
2.831443161
-0.399770847
-0.894860512
0.3054783594
-0.3075248405
0.009739362448
0.5957840607
1.917303431
-0.5105100743
-0.6335455567
-0.5084655717
0.1403374696
1.125044551
0.8145009533
-0.3968641013
-0.07177592795
-0.1773134515
0.2984094109
0.08350984706
-0.5499224201
-0.6482057586
0.8985348463
0.1851851065
-0.4194984898
-0.3906763054
-0.5330462396
-0.2811376832
-0.6342434078
-0.02499570348
0.8730199188
2.008050606
-0.5542114958
0.8063887492
-0.5572002411
0.1091876568
0.03150852947
-0.3883062929
1.466323715
0.1025947704
-0.361290019
0.5766257025
-0.6078797981
-0.2218063461
-0.5993385792
1.264120731
0.2241437379
0.8957386047
-0.6021798551
-0.09886761159
-0.205203055
0.6024966031
1.642239583
-0.1714435302
0.5384907097
1.00331513
1.13653979
0.007009061985
0.4506847829
1.487569898
-0.3496196158
0.02439077072
-0.06739504877
-0.9947948039
-0.491160359
0.4424791776
-0.4071882755
0.04107626467
-0.8376568526
-0.5742906898
0.48697492
1.741920793
-0.2526586156
-0.6548901923
0.4786586553
-0.3429564126
-0.4997278646
1.03175171
1.928469443
-0.1177454034
0.7779387221
-0.2763157569
0.1159116369
1.466559154
-0.4374918386
0.7488298878
0.6569006726
2.907324696
-0.702398935
-0.1381902169
1.68311792
-0.2884013075
0.6041605424
-0.5737822235
0.1143765016
-0.2377482422
0.3335049324
-0.229211076
-0.1713258736
-0.1650289807
-0.718540138
0.8102553532
0.1402662775
1.734578317
0.8482604504
1.287941104
0.2433953712
0.5727568664
0.394024498
0.1334834626
-0.11781261
0.4257501796
0.3439507727
3.32352432
0.1142291335
0.3977523968
-0.3356404047
-0.1795054052
0.4822748534
-0.5198830832
1.966345757
-0.4280638345
0.01166660497
-0.3697955947
0.1886867317
0.005138270976
0.5363731865
3.406741595
-0.5051266506
1.70762468
0.006440104637
-0.2498728748
-0.3056058936
0.5589402068
0.5594135851
0.01963404352
0.8897512734
-0.0375782473
-0.18432648
-0.2401576665
2.43203066
-0.01899623768
-0.1048449172
-0.8722103685
-0.5014223427
-0.1415176084
-0.4776513189
-0.5592191711
0.8546521887
0.6609748587
-0.4705592856
-0.01663127663
-0.6028576091
-0.5021890596
0.2784345555
0.05799383144
-0.3852161488
-0.1183750844
1.505058324
1.366188172
0.3940755183
0.1022742108
0.6362962723
-0.7403516889
-0.2534983709
0.4569268413
0.9311576992
0.4255074605
1.272281158
-0.3148162493
-0.5716867089
-0.3357605129
2.050085723
-0.0617799812
-0.7345141396
-0.2197251096
0.5311852843
-0.04877972919
-0.005891191354
-0.2107192812
0.8326654956
-0.156352818
0.03230047151
-0.3282947302
1.480387533
-0.2923674138
-0.08588600126
0.299451245
0.04905606571
-1.095823058
-0.4058808334
-0.6064529464
0.06710204198
1.708172292
-0.3246924624
-0.2551277678
0.7168582484
-0.4664121085
0.4501834348
-0.4479754444
-0.5341350958
0.6710256577
1.154325923
1.29730086
-0.2692225397
-0.01439403035
1.121554169
-0.8478394657
0.1698632397
-0.8748149455
1.093995891
0.1804803906
0.08169059977
0.8631803945
-0.2376068637
-0.7584370762
0.7863363892
-0.3481562845
-0.1868331308
-0.3366329201
0.8433972865
-0.1467422243
-0.4682166114
-0.3170944445
1.178481886
0.1385503776
-0.05744746774
1.144859275
0.3182869006
-0.07751273885
0.1540242688
1.946844852
-0.03938693898
0.7206399813
-0.416229674
-0.4466067284
-0.6562983721
1.05830031
0.3917261686
-0.4082666963
0.6259698771
-0.2439415168
-0.5633184388
0.1746674124
0.1086591731
0.3192711307
-0.9202864379
-0.512637832
0.4112919797
-0.2794973377
-0.4249445394
0.8024826467
-0.484710902
-0.469332014
-0.6083004132
4.222342753
-0.3893055979
-0.4210787475
-0.01446835082
-0.03898204044
0.7467313543
-0.7970112383
1.032819909
0.7647955567
-0.4000170827
0.01493372684
0.03473025472
0.08055874384
-0.7946544275
-0.1493045673
-0.4610208869
1.138920873
-0.701676771
0.3566149179
1.231772092
1.813626492
0.06289502326
1.051115415
-0.1728583936
-0.5426064819
-0.4022545032
0.9021977127
-0.4069470532
0.1383411012
0.2608838014
-0.201295514
-1.063712236
-0.9935629308
-0.2975567728
-0.5439525396
-0.5765303269
-0.6307777554
-0.4491984919
1.348301387
0.7369184002
0.01684842687
-0.3552572474
-0.9427645653
-0.2426903108
-0.1605909588
-0.7038845509
0.8818960235
-0.3140560692
0.6922133081
-0.5165016949
-0.5328131422
-0.2711209513
0.87817178
0.3515378498
-0.32568845
-0.3525733918
1.546504253
-0.1558268014
-0.1181704354
-0.7624219358
-0.2099423166
0.3405124392
1.650236785
-0.1723076408
0.6714113794
-1.025220892
0.06712033181
0.1706507212
-0.4937623069
-0.5046148047
1.767105103
-0.4690685079
-0.639319475
-0.6234105006
-0.6027738661
2.357366729
-0.6867604747
1.069946468
-0.6626286507
-0.04613661822
-0.6975893289
-0.336589177
-0.89944489
-0.821100238
-0.4880238563
1.802942669
-0.3807331622
-0.7902646631
-0.4503232628
-0.5518877149
-0.3432847712
1.389779469
0.1171654366
0.8078450844
0.5303866543
-0.8919268519
0.3106919706
0.3979864158
-0.2143436734
-0.7218820691
0.4567880776
-0.3530973643
-0.2211126164
-0.575615494
-0.6139524564
-0.1477878813
0.003082658048
0.4960219145
0.6875443012
-0.4170629665
-0.0767371159
0.6846410528
-0.2552810229
-0.3613682173
-0.2099212468
0.3490079192
-0.3174027085
-0.354109554
-0.7011412099
0.3654550111
1.049626538
1.711640787
0.3700318007
0.713514407
0.5924625674
-0.2600323766
-0.8203640193
0.1619953411
1.147727472
0.06314590052
0.04407165479
1.630726719
-0.2998529539
-0.03153887717
-0.1549350584
0.2057593195
-0.4065640539
-0.1017552197
0.5975732408
-0.3446937487
-0.6684041664
-0.6583009645
-0.6283730522
-0.1231064321
-0.9783587664
1.268170971
-0.1907370765
0.6885794625
-0.2845074406
0.09053782895
0.06080561141
1.247649312
-0.2540164191
-0.6575104535
0.0113876529
0.1326073844
0.03749400177
0.4829503253
-0.8625003397
0.7802665517
-0.3107349902
-0.4098315127
0.7947053701
0.1401018431
0.4905396149
1.616253716
-1.140369704
-0.1719516508
-0.2178450808
0.5762196422
-0.492144075
0.6604104817
-1.060583815
-0.2846082751
-1.01528312
-0.02417654796
-0.6689425796
1.151787984
0.1711238349
0.04202597905
0.07672158703
0.05259260833
-0.6915517718
-0.5794665143
-0.5877091601
0.7599851236
0.2909882832
-0.5027557641
0.2799485538
0.7696291104
0.07425935669
-0.0004026805982
-0.2740648821
-0.08385172123
0.2524517853
-0.4334742732
-0.480686143
-0.8072423071
-0.8856455922
1.866623181
0.5393024698
-0.5686166048
1.336726573
0.9992449418
-0.6820107803
-0.7326392591
-0.442335809
-0.4494305208
-0.6801058054
-0.6230866641
0.8614951774
-0.8586474508
-0.5111268282
-0.09347183686
-0.3619475842
-0.09145386759
0.03380495217
-0.08220287412
-0.3796945363
1.238457128
-0.2237853233
1.235099006
-1.036712947
-0.3969121411
-0.7882260054
-0.2510246621
-0.266249837
0.1622687154
0.7348848358
-0.665321669
-0.4828306541
0.7125819556
0.4094635576
1.682160777
-0.9313109398
-0.7671440035
2.490260577
-0.3001915012
-0.7564438581
-0.1433032546
-0.3487609811
0.4454965495
1.294715393
0.2736146651
0.09374661092
-0.4571386889
-0.7643119931
-0.390938177
-0.6051002592
-0.5748983622
-0.3813762955
-0.5284496099
-0.02781249005
-0.5934743434
0.30311498
-0.8626992583
-0.8517867327
0.8460579902
-1.082871258
-0.2759140804
-0.4556895316
-0.628785339
-1.017998275
-0.05727853198
-0.616840443
-1.061820295
-0.9881676286
-0.2414147155
0.6711147958
-0.4532385498
0.6448549099
-0.1526787337
0.09984280765
-0.8994559795
1.140252164
-0.2869291402
0.01218455392
-0.5771479845
1.070959574
-0.1197413349
-0.2421141643
-0.7611637115
-0.6016167894
0.8282345444
1.593520933
-0.6975310802
0.154445741
-0.6636523157
-0.2459360139
-0.4994639114
-0.9362293333
4.405875707
1.842059898
0.295893837
1.870432109
-0.413548791
-0.30304178
-0.9242120087
0.5515801221
-0.8108931541
-0.1092762299
-0.4349768773
-0.65322337
-0.4307538554
-0.85203619
-0.5270222962
-0.6617871955
-0.277640051
-0.06840502154
0.573071111
0.06001373455
0.6072877973
3.337272787
1.596994072
1.982339722
0.1456218448
0.5906660132
1.335386959
0.1936540008
0.2799928878
-0.3656102642
1.572775036
-0.7918814719
1.009417319
-0.1389194015
-0.2762772679
-0.1200198704
-0.91993424
-0.9191885084
0.903093338
-0.9674242496
-0.4409370065
0.07429861072
-0.3793577455
-0.8098359227
-0.009761438519
1.168628722
-0.2281630613
-0.8725886047
-0.7661734372
1.551780441
0.2239969309
-0.03140597399
-0.9171861827
0.1826039475
-0.1077864767
1.329472572
-0.6348113269
0.7094903663
0.4658516729
-0.01857306994
-0.275530646
-0.3149756521
-0.2600212954
0.7336409824
-0.1829736781
-0.9710466027
1.75045507
-0.252626726
-0.4338510588
-0.8159855545
-1.061792615
-0.2388087679
0.2161053423
-0.8086124539
-0.793283695
-0.7219226688
-0.6232245892
-1.181474206
-0.6347390264
-0.896217373
-0.1688944146
-1.14835802
-1.189861217
-0.7385895431
-0.00389327053
-0.9340515524
-0.04862723714
-0.5008873522
-0.7295773149
0.2395457632
0.8437947333
-0.1205617348
-0.7544519931
-1.283597481
-0.6344884843
0.03356064153
2.966441548
-0.8348092169
-0.4801516928
0.1652761003
1.088590994
-0.3718243852
-0.8658358663
-0.1112280129
-0.7826543778
-0.3671998397
-0.7385729045
-0.4514995575
1.014870805
1.449348608
-0.365345522
-0.0432424834
1.033753985
0.706733869
0.4628560066
-0.4119756907
-0.3847467445
-0.348379124
-1.196067411
0.3690176748
-0.3970286906
-0.1399464192
-0.4757384956
-0.3453814652
-0.7221850425
0.3893590214
-0.9465565473
0.2406005542
-0.7958402336
-0.3851536192
-0.5168050125
-0.339362561
-0.4708940253
-0.2736004278
0.6507062733
-0.5637137577
0.09136144444
1.032882848
-0.3290300205
-0.2171161357
-0.156655957
-0.3326040298
-0.09990600119
-0.8863305986
-0.5673132092
-1.065152982
0.7118359096
-0.687692827
-0.7229146719
-0.1328638192
-0.2520166259
-0.04734310741
-0.897083059
0.6577058628
1.282670557
-0.4136013031
-0.1678255117
-0.5021384239
0.223008037
0.9731264263
1.49124046
-0.8256102055
-0.2102201559
0.2205501771
0.09676723201
0.8257141963
-0.04767996389
-0.6511216283
0.07374659758
0.9831274003
0.6972959518
-0.5784929618
0.06526118061
-0.9108090639
0.3128817704
2.841239226
-0.00372257689
-0.1439676069
0.1062623111
1.223997352
-0.501541239
-0.1623748365
0.417253672
0.1811733253
0.2192632899
0.3539094307
-0.2591628361
-0.04448007131
-0.01439261297
-0.2330338102
1.095209333
-0.02349757613
1.758081108
-0.455328539
-0.3648655541
-0.4312611893
0.04462988898
1.923363417
3.669279349
-0.2958593942
-0.3486824259
1.55831449
-0.7728478968
1.367917517
-0.1464269759
0.1990068689
-0.629084903
-0.1314487254
-0.4177168377
-0.3824965328
0.7545473874
-0.933747825
-0.3072788902
0.2352793518
0.5575036347
0.3785643207
0.04206494763
0.2041659731
-0.5520918325
3.400884664
0.7131487921
-0.4294758588
-0.2277927011
0.1073618383
-0.3033483051
0.4134102069
-0.09533129409
-0.3178138629
0.6289656565
0.421589401
-0.427232353
1.056735474
0.9038652301
-0.06328694294
-0.4056512505
-0.6978692651
-0.8447142243
-0.2198910877
1.736433798
0.3858929213
3.064840853
1.234052867
0.1649389102
-0.8442903101
-1.063601688
-0.3789280064
0.09773880839
-0.4743830308
-0.04766409248
0.07451966032
-0.4394064598
0.05988691375
-0.2982959099
0.4022246469
0.5309025243
-0.3768262021
-0.4530671969
1.225194541
0.7942466617
0.6364480138
-0.4149497554
-0.1421515326
0.4756776728
0.6503023088
-0.6026885852
-0.3944773193
-0.5201222986
-0.5328515157
-0.517862387
-0.5512983039
-0.2636819892
-0.4107753009
0.4519618735
-0.438883613
-0.8806946933
0.4743578143
-0.3693882771
0.4157185532
-0.9347891062
-0.6199594423
0.8015746847
-0.5072253808
-0.1135136519
-0.4604915202
-0.4924019128
-0.1449484371
-0.4475914687
-0.468173486
-0.7518101096
-0.3161778036
0.2995146004
0.2059306556
-0.2583550751
-0.2956739523
-0.6038563311
-0.335900405
0.2730382328
0.5500980325
0.6366084456
3.918040049
1.791958493
1.217024529
0.8882125102
0.2254305186
-0.1057841045
1.119737542
2.313824487
0.3101444989
0.997107029
0.9487919241
-0.5577239186
0.2105661634
-0.2471337475
0.1593128274
-0.7205958903
-0.6094856799
3.755692875
-0.7340917289
0.3091113873
1.497414926
0.1437957399
0.4524036501
0.186947168
0.07052415507
-0.1109998205
-0.579153809
0.6905118853
2.850267732
-0.1095483742
0.1762572661
1.10719822
0.3508978639
1.392453933
0.5812617972
2.881101239
-0.4322887436
-0.2568612715
1.420777509
-0.5797763214
0.9103992984
-0.2527125686
-0.1013197575
0.6487806804
2.163100708
-0.5271256238
-0.4487148911
-0.05745100621
-0.2677168369
-0.3231728204
-0.08430812568
-0.3633967943
-0.1579448869
-0.6025470257
-0.1314219789
1.963221186
-0.1294720862
-0.396445914
-0.2832112238
0.6561845556
-0.2337181125
-0.9768539757
1.249408749
-0.1028944137
-0.521334447
-0.3397814956
-0.8653672636
1.202236515
-0.1454584317
-0.7761439115
2.091295439
-0.709088099
-0.02069936707
-0.2821517948
-0.6056238607
-0.6081486508
-0.0752729686
-0.5743685216
0.7530452833
0.4528899409
0.5310526896
0.7188362241
-0.4965085253
1.248371297
0.1878593279
0.3000686906
0.5577139944
-0.1335031146
0.3730501495
-0.01711911457
-0.3389211513
-0.4599078499
-0.02057854603
0.7908562675
-0.4584529996
0.4925244263
-0.227234422
0.217906132
-0.7091951191
-0.6808620274
-0.05223611919
-0.1717338186
0.2634541882
0.2050511094
-0.4214166686
0.1926035967
0.55937372
0.2202118469
-0.3753051728
-0.7907245457
0.9244104132
0.06538262377
-1.099525195
0.2386794582
-0.09134392291
-0.3305951685
-1.0652522
-0.3341964617
-0.3084415488
-0.119866675
1.49223083
-0.9197472841
-0.194564827
0.1327745194
0.01665044744
0.1756148117
0.4707960976
0.9202077389
-0.4504387043
-0.3983628266
-0.462831109
0.2631453803
0.2780768205
-0.2077711508
-0.02752742278
1.122988912
-0.47719942
0.1841154594
-0.590104264
-0.5170439065
-0.0761692693
0.1347986244
-0.7704488963
0.003380420851
-0.244631514
0.0393755123
0.9142421603
-0.05088114645
-0.6905137688
-0.3371858738
-0.02677743221
-0.5650510043
0.4388547711
-0.9999497861
0.1685050568
-0.7892934203
0.7216917455
-0.2474884465
-0.6205734074
0.4358135946
0.01940178797
-0.5426669151
-1.022140718
-1.12006889
-0.4875414252
-0.3355806777
-0.2309316471
-0.4678654209
-1.089040336
-0.1633051056
-0.1114742891
1.628469211
1.172550929
1.492138749
-0.6140714422
0.855836761
-0.7787476748
-0.3076254122
-0.528113389
-0.5260780267
1.229577816
0.9545108885
2.998488855
-0.08875302719
-0.462695878
0.4972288814
-0.6379426479
-0.4414271072
0.3471053805
0.08204599917
0.5504273996
0.8062213376
-0.5213923931
0.6682801083
-0.2362286128
-0.7127516955
-0.5692709491
-0.8982189178
0.341969051
-0.3930432856
0.03924085647
-0.2026577631
-0.05689937593
-0.4794932202
0.09944631648
0.1399686856
-0.1499624038
1.601579469
-0.4801714152
0.5067239098
-0.5315692782
-0.9430759519
-0.3779781252
0.7300267905
0.8566062368
-0.08445083108
-0.8895891219
0.7201670438
1.070450789
-0.1989428371
0.5017868575
-0.9000599116
-0.1627890151
-0.2614786894
-0.8110587269
-0.5078244582
-0.6431041688
1.89445281
1.567149991
-0.3500650689
1.84752295
1.791815728
0.04850841388
-0.672360459
-0.6060006946
0.9952098638
-0.6701230139
0.9446681976
-0.7320639521
0.111981869
0.3838281199
0.5275635347
-0.07836280068
0.8961479366
0.105723758
-0.9608351648
-0.5598664567
-0.5321068645
-0.391566658
0.4215110742
-1.016623643
0.7258408032
-0.07370208725
-0.2933261044
-0.2759982746
0.218922348
-0.448080343
-0.5903091609
-0.4485487342
0.3186305556
0.1567568657
-0.03558064755
-0.5343719482
-0.9101299882
1.958378512
1.118519256
0.3553803198
-1.007628721
-1.151381528
-0.1468075596
0.04455081765
0.4340116728
-0.1951242903
-0.05740574077
-0.7772331864
-0.04301677737
-0.3637299496
-1.134324017
0.267454406
-0.6392066881
-0.7848975182
-0.09185409527
0.5744760886
-0.493751654
-1.104427311
-0.1941337306
-0.2622124886
0.3483781757
-0.402951619
-0.8607620895
-0.1986805966
0.7995668754
-0.09306597002
2.026494336
0.4824046247
0.3892035022
0.8164588384
-0.91963211
2.236024505
-0.6136016607
-0.2329374105
0.05254715718
-0.6775780588
-0.1307583448
-0.3738815501
-0.7843488663
-0.1613139475
-0.1770006709
-0.5967201591
0.498137296
-0.07062654737
0.4861026973
-0.7232373834
0.3293749936
-0.4650354177
-0.8001130372
-0.01939167632
-0.3511182066
-1.213935563
-0.7884727657
0.6647613913
-0.7349955231
0.4619350851
1.474734908
1.484334266
-0.6657785594
0.3357372675
-0.3322349498
-0.7963420153
-0.1857938722
0.600148651
-0.3353693733
1.044594523
-0.6759996399
-0.8301944554
-0.4082406417
-0.2069947135
0.7477040544
0.8282940418
1.868338251
-0.7603682727
-0.47520134
0.1290304347
-0.9804733723
-0.6325024843
-0.7476660818
-0.2896807827
-0.1380882192
-0.1188003765
3.457236362
0.3115851443
0.7039631553
0.9971709669
0.06598612275
-0.2087226788
0.2518469799
-0.545966737
-0.3789141815
-0.7024271548
0.3062646985
-0.422857967
0.8345419258
-0.7408213675
-0.6323384941
-0.9270739317
-0.763497813
-0.4867205173
-0.670996511
-0.1665678514
0.8538259879
-0.181070365
-0.2516140507
0.7953334555
1.270024267
1.304374093
-0.3555119656
0.8713546753
-0.5127134919
0.103367101
0.6451243281
-0.9039551228
1.605109239
0.4676759418
0.5064494805
-0.7062799424
-0.3353839919
-1.055808944
-0.5033106908
-0.8946850032
-0.6147411853
-0.6623952612
0.3388079477
-0.6336545974
-0.3458838336
-0.9208390474
0.8364336133
-0.1616258835
-0.2448168106
-0.02158766855
-0.6972824901
-0.8735617995
-0.4404388666
-0.3361490525
-0.7985791653
-0.06960183922
0.3716509417
-0.4218168795
-0.7286862105
-0.6835379541
-0.6874740988
-1.046648359
0.006435845024
1.058146575
-0.6165315241
-0.7136417642
-0.05415815851
-0.2062675404
1.253267241
-0.2602558345
0.4900636114
0.9504233301
-0.9410949051
-0.32331682
3.226883137
-0.5358020961
-0.1996180248
-0.2881060679
0.6998875201
-1.222228909
-0.4897270992
-0.1146875192
-0.1111366686
-0.3364530534
-0.791943875
0.3137141805
-0.03647542372
-0.1834027186
-0.1565619087
0.2528032708
-1.177813005
-0.6227375954
-0.6970021427
-1.096533868
-0.8292716622
-0.2763000637
-0.4351544499
0.1789657491
-0.5682448998
-0.4129660785
-0.2964383267
-1.058152479
-0.1170147378
1.216424295
-0.5397389039
-1.127409783
-0.2370940052
-0.8470798612
-0.6901498273
-1.20246093
-0.3532028481
-0.7522287875
-0.7145679295
0.2575634188
-0.3126074888
0.404230215
0.2870069424
-0.469255586
-0.6322175488
0.8076900065
-0.3785175368
3.950564456
1.1916632
-0.06442124657
0.3426085707
0.04133787435
1.599193203
-0.8106270313
1.376963079
-0.8640730083
-0.1862247547
0.2634822281
0.16024554
2.111676246
-0.7026721865
-0.8588637561
-0.9355189711
-0.4131356537
-0.1930135664
0.3438138239
-0.5337183878
-0.5905889228
-0.6112795949
-0.6379407644
-1.100974637
-0.863615486
-0.2982569061
0.1742738442
-0.188300655
-0.2774223333
0.02673847517
-1.071629769
0.5421853587
0.1266811015
0.01504974775
-0.9160044104
-0.5215733536
-1.23795059
0.1271916057
0.3684979975
0.5126207978
2.163060075
-0.9195896477
-0.3756551877
-0.9811658412
-0.9413696498
2.644136482
-0.2967008378
-0.979401052
0.1267130996
-0.3056938954
-0.7471433967
-0.8589691818
-0.1418294592
-0.8641924709
-0.8674082398
2.095520115
-0.03782881047
-0.4814517684
0.5765384089
0.3314880032
0.4730458511
-0.4464866519
-0.5809976757
0.08934696717
-0.170906627
-0.7805609405
-0.8063095897
-0.2057286814
-0.7724707752
1.400441074
-0.3881109744
0.328150231
-0.4800406307
1.203179726
-0.1818245831
-0.5011918575
0.491145537
0.4195118207
-0.3193613209
-0.3559325844
-0.5308555126
-0.5719425216
-0.4379834622
0.2517274504
-0.4385672033
-0.4751680657
-0.2834141172
2.304329348
1.490240848
1.87039519
3.767558944
2.051855844
1.673824543
-0.004759878945
-0.3513033938
-0.1487295937
-0.1975051709
-0.3977994347
1.713363004
-0.1173859639
-0.3723826826
0.03109200639
-0.1760970175
0.02428412712
-0.07170626754
-0.5291086286
0.1187354839
0.7521713153
0.2212789603
-0.5040941313
1.721508259
0.04419576321
0.8864254877
-0.6822954714
-0.04972632658
0.532995085
-0.7732755423
-0.2525664238
1.641163325
-0.1240865555
2.369477564
-0.6117322713
-0.1176732825
0.2426754125
-0.1983284876
-0.3077369653
-0.3753464155
-0.00291493088
-0.1654109333
1.157001641
0.4901304226
0.2821283855
0.7752042085
-0.2426953338
-0.6263824075
-0.001138525503
0.1468555086
0.1010653058
-0.5056713797
-0.6420729652
-0.1356251495
1.385300761
0.06181233209
-0.7041925833
-0.4992973775
1.019644645
0.506851703
-0.3809575096
-0.186254419
0.4665424064
0.8977661692
-0.2735580755
0.4115396664
0.2727721349
0.06080286857
-0.5036140263
-0.5962949291
2.597858578
-0.8546937406
2.67088846
0.3999969783
1.396133232
1.057045528
0.6087395683
0.1914432076
0.0003029996995
0.04011167381
-0.953620854
0.3412769444
-0.3041356824
0.1828162782
-0.1926925961
-0.4335094184
-0.02937407615
-0.4294094011
1.836200851
-0.8171787828
-0.301918783
-0.3803795353
-0.6207101569
0.06377616972
-0.5887913436
-0.09190438446
-0.4274653882
0.5862673309
-0.426660677
3.348942721
0.07204664634
0.2327323789
-0.1437549697
-0.4228516281
-1.06115033
-0.2465333093
-0.3665107489
-0.1346992354
0.9272631973
-0.4669063419
-0.6233607769
-0.6016249582
0.7256744176
-0.2819615302
0.6118046477
1.02871747
1.001168023
0.545880194
1.222246915
-0.6946658522
-0.3910045631
-0.175327953
0.3701070162
-0.5187658459
-0.837720114
0.3007757805
0.5970668718
-0.9185256124
-0.2123925049
1.165647101
-0.0225234895
0.5851797476
-0.003784564231
-0.1355811887
-0.5580303237
-0.327779837
0.09873415027
-0.01941585708
-0.6292207912
-0.7230189204
-0.353710977
4.417599249
0.06180106448
-0.6144744113
1.575453025
2.959805155
0.9657844931
0.7718461901
0.3482220655
1.436955222
0.7626735084
0.2148635816
-0.4753752276
1.474451292
-0.4869417444
2.006946003
0.2028594858
-0.7951958686
-0.5754165843
-0.2824337788
-0.2104348306
-0.8161685079
-0.5741574511
0.4309340153
-0.1984863823
-0.005356046837
-0.5520863891
-0.8762273341
-0.2980791844
0.1518748702
0.5480241954
-0.2676143508
1.053768495
-0.2606195211
-0.1490125528
-0.09790860359
-0.5162722304
-0.006519725733
-0.04180532242
-0.2437576571
-0.00585899906
0.0853756655
2.106492925
0.4656676516
-0.4098687105
-0.3850039009
0.6097284861
-0.4855658278
0.4614207398
-0.6353383645
-0.798198092
-0.05042978181
2.573726618
0.2832803176
-0.9862817198
-0.7393494144
-0.162411539
-0.9965001285
-0.4850464299
-0.7373498261
-0.3020434357
-0.30753581
-1.15397104
-0.679886806
1.271246704
0.9976739585
0.8708247408
0.3489083821
-0.600571543
-0.09274849053
-0.9298963815
-0.5738619462
3.169873762
0.4719355345
-0.331123893
-0.9271171987
-0.7146046504
1.270241642
-0.1335660994
0.2664305608
-0.5755700424
-0.346620176
-0.6745496064
0.2380739588
-0.8146846354
0.6887203351
0.5716031745
-0.5728721216
0.1934663638
-0.3941858202
-0.8573934346
-0.110778394
-0.2799465882
0.07841042839
-0.1823804775
-0.8749883354
0.3817228795
0.4747598596
-0.1025530722
0.00985661638
-1.005013078
0.7649274513
-0.3173821278
-0.3642168075
0.4247634195
-0.1767943552
1.972398862
-0.2579992153
0.04209399689
-0.1896087963
-0.6768030107
-0.09910030216
-0.9683851361
-0.3369315118
-1.15791581
-0.1830821048
-0.7317919284
-0.8916168094
0.2635885132
1.568393728
-0.5910976291
-0.08094024253
-0.7975006223
-0.03094099835
0.8046730995
2.891533947
-0.01058038091
1.04912861
0.05251942044
-0.07703243941
-0.5357546553
-0.07229830306
-0.4017699897
-0.8193574548
0.3910016544
0.251301281
-0.6667196751
-0.8981731594
-0.2497315474
0.4241110235
-0.1282784536
0.7233245917
-0.9412603289
-0.1305145144
1.810871243
-0.1231658549
-0.5625095621
-0.4104185332
-0.1022857584
0.2832265853
0.1992669772
0.9244363964
-0.6467170298
-0.140278198
-0.8550276041
-0.7897321224
2.124497312
-0.5803002223
2.316687083
-0.3582449129
-0.5315788589
-0.1225850461
0.0602067586
-0.1568156939
0.6327569237
1.77443338
-0.4671845421
-0.1905337341
-0.3058998927
-0.3029448956
0.1667456564
0.8537259836
0.1257585075
-0.5456687495
0.225681385
0.7721946269
0.2481553249
-0.45986996
1.830121261
-0.1010738557
-0.2812512681
-0.8535075188
-0.7790017128
-0.2885023661
-0.8940777868
0.4061629223
-0.6927710861
-0.216246636
0.03008899973
0.9252326995
-0.2461403621
0.2545082848
0.3993169261
0.6291677736
0.1917973121
-0.8820126861
0.1249688515
0.5055948362
-0.1639153959
2.433892918
-0.2781481013
0.2881321616
-0.8391891718
-0.9493299544
0.1325873237
0.8330868363
-0.4068987772
0.07940915879
-0.917832467
0.6304018512
-0.08425423517
0.907381995
-0.5127960876
-0.3662813053
-0.09555612653
-0.1114331439
-0.274723307
4.36391871
1.875483167
0.6235153839
-0.1590235412
-1.037761745
-0.6300056502
-0.7066414773
-0.6099435732
0.3066833512
0.5779913552
-0.9033435822
0.233839072
1.407296696
-0.7958438635
-0.4568995535
-0.5806728929
-1.0230748
-0.02021403322
-0.5821968958
-1.101847485
-0.3730472911
0.1329067579
-1.195937955
1.658126819
-0.201129778
-0.4084656149
-0.2355900407
-1.126890618
-0.7044149548
2.191606963
-0.8379307479
-0.2376749031
-0.3345931314
0.4514974602
2.067792863
0.4399891131
-0.2280675948
0.2541325656
0.739072749
-0.4937883824
-0.7295662761
-0.7080611587
-0.3545337148
-0.7715659693
1.801279032
-0.7073513806
-1.022546536
0.02754370226
-0.2259822831
-0.5915836453
-0.9429244429
-0.899250868
-0.4667813763
0.209065347
-0.9528828233
-0.6469468027
0.3149187713
-0.004339987785
-0.5153658643
-0.8943271875
-0.3123318844
1.118677835
-0.4784045428
-0.3747775398
-0.8752275586
-0.5559275284
-0.5552423656
-0.01930756792
-0.7228059649
-0.1236351622
-0.4313395292
-0.3954756707
0.5483957924
0.1549894053
-0.9643800825
-0.01923446637
-0.2756774396
0.1875507258
-1.125074205
-0.2976089045
1.266394731
-0.4027835846
3.415906465
-0.5804541439
-0.4288422596
-0.5290881544
0.8374472529
-0.3884352803
-0.3748130858
-0.7551246285
-0.8629604757
0.7725765884
0.3439067161
-0.1185929738
2.384098709
-0.3027218226
0.2673735008
-0.08647597125
-0.2201274743
-0.2478581388
1.82288118
-0.405298876
1.080510868
0.7686313435
-0.4176004261
-0.3851248816
-0.629068774
-0.4928934902
-0.2049802697
1.712413484
-1.080041614
0.8953980595
0.9999844521
-0.365856912
1.474406362
-0.9493519157
0.1961924013
-0.2980467975
0.5829588085
1.187638059
-0.6030289769
-0.6652759016
-0.5116011128
0.5806168139
1.104862288
-0.3981673926
-0.763211897
0.855393593
0.1242516802
-0.7507148683
0.3738109782
-0.6907155782
0.2087979909
-0.1177587706
0.6560564533
-1.156841052
-0.6297257692
0.5257709354
-0.5301145926
0.3164593715
0.5007577401
0.3904626593
-0.7809155211
-0.3928268582
-0.16534825
-0.4713292092
0.615387762
-0.321882619
0.3920309149
-0.7193929002
0.2300881658
-0.1975525711
-0.4263335317
-0.2105298026
-0.7870634109
1.862082958
-0.7435451031
-0.9224942029
-0.6878389806
-0.09673994342
0.1990772648
-0.03063337374
-0.8659898996
-0.02701245155
-0.9965128392
-0.5704330802
-0.9671317041
0.5864443017
-0.5357533246
0.4481090736
-0.5883986503
-0.8125487983
3.638687801
-1.094719794
-0.617893289
-0.527081272
-0.8457514465
0.1474695631
-0.3192103909
1.694032967
0.313537476
0.01368150474
-0.1295757318
0.8962544054
-0.2482772339
-0.5424646191
-0.5931050748
-0.420000511
0.1391598607
-0.8530506641
-0.4334270746
-0.7094676867
-0.1421438929
-0.3624113686
1.023516317
0.1208561424
0.06886972748
-0.7157319114
-0.8202542841
-0.9362904698
-0.0666700243
-0.6041381046
-0.4885012671
-0.1995213412
-0.4313000828
-0.5281347752
0.6269157048
-0.8311539143
-0.4488398135
-0.03190508205
-0.2652294353
-0.1120101602
-0.04235047195
-0.7293162107
0.8749256298
0.8275902204
0.08643482514
1.148687428
-0.1376126561
0.3951855361
1.269613063
-0.4967227802
0.07718042815
-0.3555878922
-0.08622226492
0.6256677691
-0.1216727037
0.001402715687
-0.6011907309
-0.01230333848
0.4478722923
-0.494355312
0.486047966
-0.1541008737
0.104033546
-0.6939919978
0.0459721806
-0.8113961771
0.4814375453
-0.6096552685
-0.5121691436
1.091987473
-0.09583438616
1.332224509
-0.7604787737
-0.5119907901
0.06526970929
-0.5757651418
0.0544398027
-0.2628435284
0.6440968543
-0.4774390489
-0.401997532
-0.4640209936
-0.07862263219
2.763491976
0.8489632249
0.6287379146
-0.1787476365
-0.5818317324
0.2369905729
1.119106466
-0.7643827617
-0.5447820321
-0.3488194846
-0.3022750624
0.791278626
-0.5010931283
0.5158301093
0.4272863869
1.149957702
0.08899750113
1.457116288
3.781631649
-0.1800987759
-0.4539499089
1.074906401
2.792041504
0.2951026931
-0.3512846123
-0.6695356935
-0.5171565816
-0.234886011
-0.250491746
-0.054074009
0.05020056036
0.7287895314
-0.3685416624
1.125681376
-0.01874610591
-0.9030465454
0.2556894075
1.003891057
0.9696395546
0.308207649
-1.111371392
0.218037115
-0.03644786607
-0.3189983584
1.261602044
3.308320403
0.2522382159
1.019864491
0.2802371435
0.09261007756
0.6864980131
0.2651512865
0.09491326376
0.06796545805
1.167594978
-0.9015521437
0.4361067327
0.414410264
0.1935239386
3.126598275
0.3115039321
0.01478762468
1.324328104
0.3921388004
0.3446237519
-0.329422915
-0.08639437016
-0.3650689945
2.094589871
-0.344471468
-1.241496503
-0.3459333874
-0.8297931522
-0.280472403
0.07108203005
-0.8314610779
-0.5907621235
-0.3459791169
3.016311693
-0.05095901452
-0.2073877856
-0.4081691921
0.6719214357
-1.198276505
-0.5157520592
0.02130719712
1.005963817
1.220239818
-0.5748050556
-0.8785948813
-0.4272349633
-0.4066086777
-0.09682790097
-0.7825596452
1.248451734
-0.1101091959
0.1225096796
-0.3600895986
-0.7158346385
0.1643515775
-0.6655853212
-0.5808501899
0.001152017619
-0.3503940165
-0.9375076085
-0.6097665161
-0.5473788545
-0.08227109527
1.106558603
-0.3343592957
-0.8050866604
1.066983715
-0.4642063305
-0.7984494895
-0.5945304677
-0.8093088925
0.9745518461
-0.20505053
-0.2195132054
-0.1942457099
-0.1405465778
-0.4147192389
-0.6139540344
-0.7536718041
-0.3119118407
0.4150971971
-0.3518840274
-0.5993057266
-0.2308140898
1.149025577
0.5518389329
-0.01996169719
-0.3279094499
-0.610425438
-0.006834031921
0.2571535463
-0.7612776935
-0.6799981833
0.001014710031
-0.4562413692
-0.2479899885
-0.6060411513
-0.1738074957
0.1167130474
0.9123030081
-0.391190739
0.06131603024
0.9811240375
0.5586755693
2.854254949
-0.7274037838
0.3493975919
-0.3185460776
0.5651753686
-0.4044322111
-1.048049325
0.6319979131
0.0456279574
1.282035196
2.026785743
0.2094668053
-0.6311219752
0.5026817799
0.1909365949
-0.04123169184
1.482845742
1.88323406
-0.7939539313
0.2356537944
0.204246825
-0.4046033882
0.7298646763
-0.1853924558
0.7901574776
1.359502044
0.4699920468
0.3007467825
0.526373896
-0.8569259673
-0.7891037613
-0.6913832009
0.8810229957
0.5257651359
-0.442470786
-0.3802469119
0.044948065
-0.3859675944
0.9056462094
0.5078695968
-0.4672186919
0.3459993236
1.878872603
0.3510347553
-0.1473298185
0.687433894
1.542070913
-0.4532193288
-0.4370342597
0.2957404165
-0.07059037108
0.1047032245
-0.375157249
2.367136699
-0.6331252009
-0.5965598926
1.667206699
-0.7205005974
-0.8490854263
0.7822142154
1.870861322
1.47383225
-0.3850751609
-0.4525865301
0.3151822142
-0.6688903034
1.235956317
0.2554590275
2.650756764
0.6192339443
2.593225974
1.668880028
-0.4046815723
-0.4114193425
1.958492225
-0.2754731279
0.7422759071
-0.6899289817
0.326375556
0.02294419352
-0.3085188158
-0.5622500837
0.5267444693
0.9093602419
-0.7408205658
-0.06391414283
-0.4417699337
2.309329069
1.455522653
-0.2481488541
-0.6601884514
0.1116643013
-0.788168031
0.7369754732
-0.7109293804
-0.9058108658
-0.04935769159
-0.628749615
-0.7476201504
-0.7615191489
-0.5837494507
-0.7990705788
0.2129747244
0.1037541114
0.5030539126
0.05388752148
-0.2249736421
-0.1665389288
-0.485572359
-0.1025600452
-0.4335501477
-0.7493077815
-0.1371388871
-0.4257007852
-0.6056599319
-0.2238238078
1.722717464
-0.7947437108
-0.508197844
-0.1890018791
0.182925828
0.4247340988
0.2715557562
-0.1292099465
-0.2426458076
0.07380993795
-0.4887120932
-0.2072363719
-0.2749050017
0.4442585435
0.6491815887
-0.6686764389
0.1683342337
0.7580876052
0.1808167957
-0.9561234742
-0.1098233979
-0.8383110851
-0.5606259033
-0.7378523707
-0.1587182445
-0.7172248602
0.7317429706
0.2285243917
0.443307478
1.383453369
-0.14507677
0.9424233958
-0.5834100455
-0.2458147664
0.034256275
0.8617536604
0.1516390174
0.4223482877
0.2194869632
0.495655793
1.518036181
1.85607065
-0.2828595117
0.2761666389
-0.6165396303
-0.6727699727
0.1359808049
-0.8455921441
1.066141157
-0.1420735668
-0.08637801143
1.847707468
-0.6160453558
1.304647869
0.6580055304
-0.0690303253
1.874478781
-0.1015024683
0.8311148316
1.35299702
-0.1554410491
0.5722100079
0.7609697215
0.03572339201
-0.07520779157
-0.6879729807
0.4196575765
1.028198318
1.389425734
-0.111998279
0.9956201226
0.08761138269
0.5097433753
1.102077699
0.637691889
0.6851316243
-0.2478558086
1.455145714
-0.5491774142
-0.1646669472
1.206907248
1.834303546
-0.3707678586
-0.7068027496
2.264629304
2.099017757
-0.305585596
-0.2969640441
0.04872904401
0.4416981202
-0.4292937368
0.8113485232
0.6554064654
0.3341688946
0.7856819518
-0.1202184909
-0.3194824927
1.34114199
-0.1635117777
-0.3489074402
0.007098592538
-0.3809842765
-0.1192424051
-0.4877203897
-0.5008712262
-0.5725169927
0.4714113861
-0.1089869514
0.6242244326
-0.1298567003
0.1510585655
0.5598690681
-0.1116504967
0.04613187285
-0.7246362329
-0.6325374842
1.325421214
-0.7181428015
-0.483045432
0.7913084432
1.435325721
1.331421596
-0.5341906264
-0.9426496178
0.1385755773
0.8687059626
-0.7980135232
0.07538675168
-0.3014714971
1.073201594
1.939481691
-0.9324120402
0.63569379
0.9321997941
1.76997456
-0.2968412925
0.4618640922
1.353850111
2.988727969
0.4636536114
1.47737509
0.6844227679
-0.7008754194
-0.2760673031
1.480731186
0.03399666054
0.5424762927
0.6330567427
0.5411925733
-0.4327747062
3.733251595
-0.0288896787
-0.1964934431
0.7576207116
1.36839503
0.7878174104
0.5223460615
-0.002649677172
-0.9177057475
-0.7700801194
0.494914306
-0.7912789166
0.8716976717
1.171493328
-0.07572014425
-0.1848350655
0.09683684101
1.232676801
0.4263427163
-0.4924011469
0.4070849584
1.195291463
0.970640558
0.1031467427
-0.6060571223
-0.1790581369
-0.4573526666
-0.1301340946
1.331421593
-0.09018978486
-0.123540134
-0.4679208651
-1.071883482
-0.1562548045
-0.786640206
-0.4038357794
-0.9029199958
0.5756173819
0.2250932094
0.8102902591
-0.5661245868
0.6562603392
-0.3165056914
-0.3087489024
-0.2771419596
2.401129818
-0.5494900718
0.988093406
-0.1099676227
-0.6733741403
0.2640736442
-0.3334297001
-0.2005335912
-0.1713618927
0.03498178981
-0.09162898278
0.3162508325
0.4595521983
0.5138117958
-0.07375654061
0.9295102686
-0.1137950589
-0.7009110779
2.919809949
-0.2882523298
-0.6461306185
0.614650543
-0.5102938861
-0.1510338001
-0.6117853299
0.3623184582
-0.1970299322
0.7290316977
-0.05224268269
0.5662972681
-0.8840905756
-0.3296896741
-0.8864699364
0.5843639925
0.03478473239
0.4131332487
-0.769509533
0.4400486328
2.388612789
-0.4860508487
-0.8261541426
0.03671996593
-0.1634519104
0.6799192827
-0.2497853924
0.6168190718
0.8224814355
2.259715772
0.2137447443
-0.7206793398
-0.7433261067
-0.8479432225
0.01751117711
1.790837258
-0.06911223391
-0.03454254493
-0.2509706747
0.7634094499
0.2758043319
-0.5138342053
0.2533916295
-0.5361397952
-0.4511361971
-1.135658613
-0.2279338572
-0.1407158043
0.6614376619
1.22067678
0.8306314737
-0.2023142109
0.9269420177
0.2824027423
0.8843601912
1.514482236
-0.02551457658
-0.02767595351
-0.509290041
1.721204203
0.1773687377
-0.02357766479
-0.5076400205
-1.079630351
-0.5196215197
-0.07370913792
0.1833192702
-0.744983393
-0.147932903
0.1665587841
2.028048849
-0.6327285141
0.1715223193
-0.4343784913
1.539469934
-0.253423867
-0.3049735434
-0.3192565396
-0.962019062
-0.5908523023
0.01832135348
-0.1256201365
0.1841397159
0.3732536189
-0.4051705759
0.64426312
-0.5894167319
-0.7164219052
0.09569816059
-0.386720182
-0.4241694681
-0.6329595998
0.02385304216
-0.1353403674
0.4770931412
-0.3477743469
-0.4874924362
-1.02789984
0.9487495877
0.87008432
-0.4439408213
0.252223783
-0.01092486205
0.4628156297
-0.1685882274
0.07730017034
-0.9405184001
-0.905753687
-1.076105139
-0.2682741225
1.3431537
-0.5145047724
-0.4617227152
-0.7325013608
0.1330479026
0.1660091119
-0.5729901344
0.9442293644
-0.4070633456
-0.6007113889
0.2950947158
-0.1287385847
0.1099269886
0.5792605281
-0.2209825395
1.912775803
-0.2729891323
-0.9516050994
-0.5905127332
-0.87408351
1.146981531
-0.5693756849
0.004559198022
-0.5662396863
-0.3633335531
0.1823245682
1.812779731
0.6099499837
3.741953838
1.491445333
1.107701778
0.2676925068
-0.4015006199
0.4923661262
2.723407251
0.005646678386
1.489446247
-0.0483655706
0.4901125288
0.5572065599
0.2487630632
0.6851161078
-0.06759842327
-0.02781106615
-0.366877801
-0.2447090849
-0.3445228316
-0.1953541007
-0.5615995362
-0.3313744426
-0.8105632335
-0.1837838709
-0.08778432775
0.03839026308
1.15529691
0.07337984033
-0.2758441783
-0.08522486258
0.01858904473
-0.3866839275
-1.017164764
-0.5087466598
-0.7185880512
-0.4218843877
-0.2453249373
-0.02934132498
-0.04949173117
0.2227220731
-0.2996729076
-0.03178573111
-0.249751303
-0.4399506494
-0.3592662275
-0.252193547
-0.1874167239
0.9157280296
-0.4031003103
0.5411248341
-0.3670845246
-0.6726687014
-0.03430841863
0.08383176345
0.6004804835
0.9725235015
0.0799259997
-0.1742173128
-0.4305844247
0.417188523
-0.1344977623
-0.4357149303
-0.02584351124
0.6233200446
0.6370209694
-0.3359158963
-0.34330393
0.6080757193
3.121901906
-0.4765534222
1.074772501
-0.1799501359
-0.6777237624
-0.09114091042
0.411097797
-0.1511000113
0.6746858433
-0.3918489456
0.8540323853
1.303217855
0.5552042
-0.4039091751
-0.865608114
0.3625114717
-0.1841347385
0.4444233328
0.6174854413
0.5138104862
0.6775153354
1.152404028
-0.08073325083
-0.3368080944
2.585989887
0.6618172295
0.7684672847
0.7769495659
1.07953741
2.034925544
-0.1628979384
-0.5251977563
-0.07026847545
-0.6405719906
-0.1998685423
-0.2709646136
-0.6255383179
-0.2088195864
0.4842606157
1.486236811
0.5600862592
-0.7400281221
-0.8752997488
0.02489416031
-0.2101037974
0.7738353975
0.2060747392
0.2237828994
-0.6133185163
-0.1927215286
0.6852959163
0.6231194258
0.02173909051
-0.2461609758
0.3898610462
-0.1883147206
-0.4327531248
-0.03305202257
-0.1897744838
0.01009114124
-0.8190052599
0.4677912062
-0.3582017675
-0.008967930079
-0.05098488126
-0.1211534875
-0.4045429572
-0.3713065103
-0.4671258904
-0.4893453926
-0.6458918914
-0.03931570072
0.2711461108
-0.06805367656
0.6944668204
-0.5099043131
0.001926413924
2.127113855
-1.010179728
0.8161799945
0.006948405504
-0.5692163721
-0.5795511544
0.1604843246
0.030949402
1.619608611
-0.2863355983
0.2211265959
-0.1860796664
-0.4675164804
-0.4830730841
-0.4952728346
0.5779813476
-0.2765749812
-0.3275902458
0.7588723943
0.1478849743
-0.2752912406
-0.187374432
-0.5784142464
-0.3996435225
1.928943014
-0.2288382076
0.3114572301
1.007552361
-0.2728278287
-0.05063943374
1.834032941
-0.04634767864
0.6887589201
-0.8481473356
1.490597007
-0.2263375729
0.4586451232
0.05169902067
2.253017354
-0.04248788087
0.4669855285
-0.3369227633
0.9642907143
1.843513715
0.6162531421
0.1720352748
0.194689245
0.3352749944
0.1655272821
-0.4382546403
-0.1633692868
-0.2984918848
-0.3079817861
0.547297724
0.2996583462
1.445303088
0.7468363941
1.77209093
0.6432484567
-0.4972400576
0.02249597721
-0.2884483092
-0.03289954858
1.359943354
0.3665476147
0.1822482169
1.346234125
-0.4439088389
1.029698619
0.347652822
-0.3110038616
1.498735321
-0.3544740289
-0.492778638
-0.2171739047
1.504258937
0.88598634
-0.1520722046
0.6261000268
0.5183424637
-0.383154723
-0.3682608932
-0.3968807489
0.01261159726
1.39152624
-0.3605333768
0.3421673752
-0.6357928008
-0.5194375709
0.759544301
0.4052068919
-0.3665919535
-0.6159472942
-0.2527191956
-0.1580893444
1.393646631
0.6298735097
-0.3910133332
-0.2710581094
0.1400627188
2.467847484
-0.5465470687
-0.5852217704
-0.1647612989
0.6994674653
-0.6687767804
2.675158352
-0.2291829802
-0.3531507805
0.04227904887
-0.1008345021
-0.7290294915
0.01648877771
1.193613809
1.252189738
2.029970485
1.913357508
0.9230983078
1.274197215
0.1921702592
-0.4010927618
-0.4522507176
0.5427059799
-0.2617547147
-0.2982606865
1.677836698
1.224831456
1.157515484
-0.04434066708
-0.1243341697
1.979749507
-0.511213579
-0.7803179413
-0.2267282475
1.440965843
0.08110276125
-0.463708429
1.555275878
0.3167254351
-0.4927991077
0.2810396373
-0.08660889519
-0.6130636856
-0.6483778834
-0.1742865551
-0.2163445394
-0.2487228163
1.117459475
0.06871293793
0.2590312833
-0.3642225221
0.7639690582
-0.3868488204
1.825402462
-0.2666106366
1.437331775
0.496922547
-0.6643234581
-0.1618412666
-0.2860264793
1.688503152
1.453808981
-0.3006228402
0.7033743341
0.2902852581
2.867103392
1.23989282
-0.3372665629
-0.6207258075
0.2996008661
-0.4874382228
-0.3178089082
1.332693836
0.5157194581
-0.1691397991
0.5079455978
-1.176234844
-0.2985097967
-0.6652892351
1.006778032
-0.6871658653
0.4367602251
-0.2503858596
-0.02622483894
-0.4062147021
-0.2619507238
-0.2242814228
-0.2389500085
0.009879480954
-0.102781379
-0.2130038437
0.8471138775
-0.3558853462
-0.2667740189
0.3715997159
-0.4412894219
-0.530519852
-0.5142768472
-0.4560055062
0.4481430829
0.1674008768
-0.04937993884
-0.09946655575
-0.3077622518
-0.07913543023
-0.08759313393
-0.04897930417
-0.8178064048
0.6913013637
2.784278226
0.3060936579
0.4490562521
-0.06026935466
0.318676213
1.793795979
0.7310798481
0.4625009205
1.029514194
1.281028181
1.161943828
0.4839012787
2.31548208
0.7211969748
-0.0554483573
1.0716129
1.169361189
0.6211590478
1.137987459
0.6954715461
0.2884405679
0.1913937546
1.021442848
1.610210741
0.3743607599
0.9248639882
0.3970906526
2.132075256
0.3792324018
0.4290912243
1.041308236
0.6641065294
2.153112954
1.959907937
2.355852664
1.897363013
0.371854502
1.053793335
0.1627402626
0.6526564457
0.3552490065
0.9340819031
2.863779002
2.314375162
1.401563138
1.433887982
-0.2995869182
0.7027638607
0.1708736463
-0.5391895607
0.1195998441
0.1487726819
-0.5832883179
0.7255007818
0.8207675099
0.6447709642
0.8905429304
1.520508128
1.401852334
-0.4730900422
-0.4231490329
-0.6118167222
-0.107768571
-0.1315613681
0.2023441069
-0.8795295924
1.225429997
-1.053656483
-0.2821943924
-0.6393745869
-0.5177593529
0.291836258
-0.5042026117
0.7493931055
-0.5585984156
-0.1944393266
1.175287467
1.002708867
1.079675367
-0.1194683166
-0.1846058026
0.5235452026
0.3239002755
0.591949933
0.05208013933
2.738213265
1.6105506
0.1029887719
3.100813138
-0.5008801624
-0.4455870226
-0.1985397436
0.8562099054
-0.7977320731
0.3200315851
1.367860726
-0.2595155101
-0.5719670266
-0.7242949516
-0.9917163789
-0.5896756187
0.8585323751
-0.04882768411
-0.2383451257
0.1491616645
-0.5367196038
2.787278616
0.08248919384
-0.5741529942
-0.01662574708
-0.2070457055
0.2160980431
-0.9568858713
0.5344711579
0.198778853
-0.1665865849
0.7834394097
-0.2847509012
-0.3953002736
-0.4507078826
-0.6088350147
0.1122352791
1.409012473
-0.2100322753
0.431583368
1.552485842
-0.5030064091
-0.1173252782
-0.8728772968
0.4177637326
1.662886596
2.677706081
0.08142445162
-0.4239514843
-0.06939255074
0.2880636316
0.2842336898
-0.7989505947
-0.6294522822
0.3350942107
-0.6310476512
-0.4874584749
0.8872188419
-0.8986676008
-0.8548224866
1.184933725
-0.5032932594
0.4685859032
0.8825684041
-0.575094296
0.7124125049
-0.8442694783
-0.5216985181
0.221145786
-0.7483670861
0.22362931
-0.8269572884
2.732318246
-0.04538554884
-0.8032400787
-0.9785923272
0.4558386713
1.897512776
-0.07391652502
-1.056384352
1.02855183
0.3118596639
-0.1670646865
0.1266151459
-0.4870544478
-0.2401554607
0.04179553567
0.4035465714
-0.1364249777
-0.2219293316
-0.2695306621
-0.263314385
0.2604265857
3.513253474
-1.152718273
1.765547585
-0.04143789369
-0.1490090108
2.064168859
2.045007133
-0.9358965129
-0.409045665
0.6645258524
-0.1073554685
0.02696162295
0.9277306616
1.711133516
-0.6951580405
0.5402550377
-0.2119483387
0.4279878773
-0.1982526239
-0.1451077012
0.205635052
0.8328670502
1.407883066
0.03588365065
0.732598719
-0.04769505309
0.7200556472
-0.4932954356
0.9675130844
1.85410763
0.3896580834
-0.1342381044
0.6739606544
0.938398993
-0.3255206211
1.86355921
-0.08617316559
-0.2880993105
0.2947210914
0.9872309387
0.5058279324
-0.3489891034
-1.025402626
0.7014990702
-0.6880760342
0.6910285994
0.1790498452
0.8607843146
-0.3783489242
-0.7774937451
-0.4771649703
0.3984071476
0.05697782757
-0.2188857365
-0.6024402916
-0.1651592154
-0.2269062072
0.0375495458
-0.5072333664
-0.6009894103
-0.1942035457
0.3938301323
-0.8757072985
-0.9593784243
0.5005280405
-0.3754257306
0.4006282713
-0.2559738271
-0.4472316325
0.08681888022
1.609951508
0.05308494475
-0.8026450068
0.2455939591
0.09156757006
-0.4823705405
-0.2829997495
1.835685039
0.6826734111
1.195353872
-0.3138991371
-0.6152561054
-0.2927211124
-0.2096930508
-0.8140646517
-0.7811136365
-0.3417086303
0.2026608001
0.4063004829
-0.4258600518
-0.1025090918
2.077288085
0.02037885115
1.423387629
-0.1532685233
-0.5630652994
0.2550697792
-0.6291753069
-0.1047511473
0.8693981305
-0.8020521253
-0.4177218214
0.7723576367
-0.05640376192
-0.7488957077
-0.003296174528
-0.6866761118
0.5820453875
4.038451827
0.3122790337
-0.4983780548
-0.4614447638
-0.1996347554
-0.04440722587
-0.5459637299
-0.08882955108
-0.2579134434
-0.2645228598
0.1532955013
0.4158045843
-0.5595582247
-0.7050142705
-0.4119758531
-0.5017589733
-0.5859337568
0.03407154689
1.129488358
-0.1283736084
-0.369802288
-0.6639249384
-0.1584590106
-0.9435444027
0.5791416612
-0.2744483627
-0.2903534591
-0.4245370969
-0.6680301726
-0.3377038717
3.145981407
0.416668459
-0.772711727
-0.4045858875
-0.1938844889
0.3565031069
0.3380531808
0.1225886793
-0.2716237459
-0.2299782522
0.1219020784
0.6961722031
0.1190840126
0.4565959817
0.0697085225
0.3712157629
1.617095661
0.2911574692
0.104357093
-0.0319145998
0.8290018573
1.017975266
0.7570173711
-0.6920001745
-0.3090804525
0.1118245127
-0.5325367585
-0.007485521771
0.697092893
0.5853028432
0.8043546692
-0.6639836371
-0.3771275096
-0.4243982404
-0.4698604345
0.01228549778
1.11850318
-0.4960320964
-0.573195146
-1.013594845
-0.6900785655
-0.2966228724
0.6824962027
-0.7045373619
-0.3929358006
-0.364781227
0.03592349421
0.1476740054
-0.1709675051
1.512386107
-0.06177200179
-0.5953296721
0.4146637678
1.11887722
-0.03946985751
-0.1223959597
-0.3588565104
0.5181752238
0.06832057498
0.345797687
0.378290193
2.414602917
2.790683293
-0.09410787299
1.89868176
-0.3068414629
-0.4017453387
-0.3121443368
0.1200200346
0.4774616584
0.5627827309
-0.5625758857
-0.2295145843
-0.1009878799
0.09070391655
0.1274832014
-0.6834563822
-0.6289048046
0.6546772155
-0.4821284145
-0.6831307054
-0.4249958456
-0.6731552511
0.1515142173
-0.1843935525
-0.07363783838
2.393875718
0.08567362665
0.3036943172
0.3332424939
0.6198592462
-0.1858508561
0.07839711476
1.19299795
-0.1302714083
2.520217657
0.4429357
-0.5236698091
-0.3488859512
0.8152497724
1.491097897
-0.02590918173
0.4011694662
0.1621742363
0.264562806
0.8694866061
0.1768722988
0.3875422526
0.791627042
0.2315441664
0.1541036746
-0.155812237
-0.8204608828
1.048660266
-0.352518712
-0.1284756511
0.3018914677
0.2789754763
-0.01259832475
2.153509223
-0.01111737415
-0.4472137019
0.4991047755
-0.2261458278
0.6398951583
1.241541818
0.4885273971
1.28889319
0.4607678257
0.6745202065
2.339497459
0.5023050725
0.9687833995
-0.3964527503
0.1947242223
-0.1950373551
0.6373209961
-0.4745781496
0.0244320292
-0.1190359104
0.3082872072
0.3318622783
-0.9873015702
-0.2005133392
0.3840574354
-0.1404169404
0.3958464425
-0.7541967809
-0.1467724425
0.3192841757
0.2317358196
1.162279776
-0.6632662714
-0.4444723308
-0.08288956061
0.8189561442
-0.1355107561
1.306871313
-0.7566595078
0.8803900987
0.542684713
-0.2955283016
1.003972071
0.1857287965
-0.3152877308
1.115611601
-0.1684563097
2.617045045
0.3185802964
0.6217425942
1.811100763
0.4862154868
0.1265485615
0.7907245681
1.421795335
-0.1829357402
0.4634753771
0.623974286
0.8332503468
0.927622965
0.992088154
-0.2647817619
0.5446838006
-0.1998151712
-0.1801937904
0.1142851495
0.004872341221
-0.05807026206
0.183484162
0.2234945213
-0.06598158563
1.397980052
1.367299131
0.8932554334
3.021257055
-0.03785786824
0.3211986814
1.020089427
1.326190811
0.9089677393
0.24502322
1.504530159
0.9472429156
-0.3375585437
3.26378305
0.3550394028
0.6136530638
0.8578610674
0.009590699151
-0.2475327309
-0.04461467229
0.7999240592
1.622330603
-0.8114106983
0.6437754057
1.307843253
0.2113153698
0.3518320657
0.9184784144
-0.1443792054
-0.06594982613
-0.667619811
-0.794141531
-0.8462050587
-0.04456749503
1.550105578
-0.1040132308
-0.4831897199
0.2462460294
-0.8999393761
-1.019258299
-0.5825308204
-0.3920356192
-0.7907262981
0.4411360446
0.1678068278
-0.4840082563
0.2074716913
-0.2636199724
-0.6658900648
0.6016102165
-0.2491389856
-0.5135758996
0.5299385183
0.7237249501
0.4120078668
0.7477987766
0.4119001146
-0.5689872518
-0.4874752726
-0.3488179967
-0.0244593977
1.864123833
1.249041045
0.4284897938
0.08944363967
2.235179353
-0.1329554599
-0.9381305605
-0.1036700612
-0.3521371573
-0.05347813703
-0.4071155012
1.200203595
-0.2424936607
0.110640512
-0.3676866822
-0.6953268841
1.223670959
-0.7290585995
-0.3769163936
0.2346491504
0.05109604066
0.6798725426
-0.4404401302
-0.4586475939
2.301598454
0.4152056612
-0.05101116835
0.3980641142
-0.426653412
-0.8100444764
-0.2448172301
0.4247698952
-0.3104654297
-0.2570577532
-0.01926399888
1.70664804
0.362861559
-0.0341080863
-0.1131919686
0.4808485262
0.5167733662
-0.3093163785
0.2689555276
-0.4701045319
0.009099290892
-0.8999401122
0.9879361749
-0.4114813536
0.2350068533
0.2499969766
-0.5276860356
-1.000997207
0.7636519827
-0.1752286993
-0.2227360368
-0.03867003657
0.802798406
-0.1689229276
-0.06939792372
0.4548629577
1.00924693
0.5114011738
-0.689827624
-0.5822449669
0.2040793783
-0.5411634982
-0.8266404331
-0.2255728716
0.05290051885
1.097954947
0.02295428952
2.195504934
-0.6974763617
2.098269624
-0.8072779179
0.0021310037
-0.991128999
-0.3712584168
-0.2205116782
0.3378564551
1.60221613
-0.2726009302
-0.2333775952
0.2571412303
0.2646418639
-0.2167523522
-0.4040810548
0.2692643542
0.7304140404
0.7299146652
-0.161461141
1.687430203
0.3309824016
-0.3211411819
-0.7859864444
-0.2236294724
2.023579156
-0.427030924
0.01361878244
0.5542908117
-0.09146658368
2.063069367
-0.3937643595
0.732882309
-0.3642552815
0.1144251212
1.200883999
3.782788372
0.2366130685
0.08830384128
-0.5714455783
1.150109947
1.901276505
-0.4864717826
0.6475027829
1.613525888
0.2618283251
-0.2317638621
0.3325241769
-0.1718915015
-0.1084813094
0.04627534999
0.4107274458
1.384734541
0.3714621857
0.7329733908
-0.169460658
1.499787137
0.7279906362
0.1659363756
-0.938054806
-0.5267353635
1.58298431
-0.02098319922
0.3612162769
-0.1158809722
-0.7932979196
-0.4374693424
-0.5590536982
2.895848048
0.003359888261
2.735953164
-0.8242067695
0.4688861474
0.2449447772
1.703201389
-1.134930781
-0.5135039538
1.179994434
1.532085001
1.032074779
-0.5530520216
0.4537472084
-0.638825728
3.053855956
0.8858821005
0.5661512211
0.2521509297
-0.6786101043
-0.8700739652
-0.7242959023
-0.6705653816
-0.5072759017
-0.2130275819
0.03175912146
0.01744488589
0.5140957862
0.04174062088
-0.6279220179
0.1318096543
1.114322644
2.44560259
1.402067372
0.1245640498
0.9673962489
0.03703629561
-0.03902596794
-0.7403396368
2.162735617
1.179004484
0.7120523006
-0.5261113614
0.1603199493
1.164736748
-0.6848998919
0.5012198739
-0.2984438404
-0.5154834509
0.4799143195
0.6029106453
0.2746972123
-0.2331257004
-0.580388768
-0.6130294994
-0.8239574432
-0.1324696401
-0.3397601798
0.5994272653
-0.27327713
0.8234195471
-0.1416693063
-0.611265035
0.7579041228
0.04058856815
1.203098705
-0.550655666
-0.8519473076
0.16047807
0.3709015302
1.066619666
0.6268290639
0.02782735787
-0.6240102887
0.1685106091
0.9128959715
-0.1106460197
-0.9726778388
-0.8219398886
-0.7959824085
-0.6200877488
-0.1616962414
-0.2007562503
-0.476062043
-0.1967134833
1.295052195
-0.4706517875
0.3266167618
-0.1195426367
0.0002658706158
-0.1924310055
0.6203237832
-0.5441048503
-0.1081818677
1.06108633
0.2167332533
1.367695299
-0.6345409065
-0.6497879744
1.058853871
-0.04106217618
-0.8809997886
0.4317715463
0.7862889767
0.8839832932
-0.8789678812
-1.04016746
-0.2441614814
0.1765464356
-0.6084729061
-0.3782308742
-0.6123945698
-0.5461085811
-0.4138848655
-0.2713314865
-0.2953852616
-0.3182484932
0.7152335554
-0.431839034
-0.9268000036
-0.4431676164
-0.9179093361
-0.05963820741
1.175000235
1.915536916
0.7496324614
-0.0692091071
-0.7735039443
1.74370932
-0.7323972389
0.03330365308
0.4370548632
-0.499254258
0.3798440233
0.4884447463
-0.5583453029
1.413545117
2.363331658
-0.7481573433
-0.1122152227
-0.5647095263
0.04372302946
0.3972652167
0.2941054005
-0.3078540161
1.44854176
2.074837172
0.1440554199
-0.4963718921
-0.636363408
0.3594182285
-0.01756463218
-0.291521528
1.390183446
1.597021237
2.438321662
-0.6758185625
0.7170748465
-0.5974934548
-0.7551099598
0.2916359115
-0.4048739806
-0.04149933942
-0.5686873704
2.058959538
0.9564552516
0.992926839
-0.2900716856
0.7348892421
-0.4783997923
-0.9263170451
-0.3497541845
-0.1082628301
0.4807747558
0.3735267289
0.4234060328
-0.1782001786
-0.7154934496
-0.2854646586
-0.9657784879
-1.022726429
-0.08896253034
0.2456221416
0.05933916722
-0.6466110289
-0.9225263745
-0.6980565876
-0.03310220763
0.2509257
1.418258464
0.4246407995
1.034957495
0.1849213671
-0.4243224666
1.306307414
-0.130106632
-0.3751226753
0.05037141624
3.890989506
-0.9184880346
-0.496784921
-0.2404315688
-0.008893980552
0.01365727158
1.190738225
-0.4010200188
0.3445134297
-0.6229551956
-0.5195573524
0.005129581084
0.1134196673
1.534814954
-0.2230577197
1.03681089
-0.8100227475
0.9226782262
0.0917677898
-0.7323217392
-0.4169112071
-0.565829058
0.4151642419
0.4325754568
1.241446206
-0.5300378084
2.013264143
-0.6435636297
0.2792638652
-0.5928369761
0.153881906
1.30705004
-0.1952323645
-0.3639584884
0.6037117898
-0.2499587521
-0.4508975983
-0.4388461411
-0.3969510958
-0.795855093
-0.861889869
1.741588956
-0.09580236897
0.08034951538
-0.3025149934
-1.1025078
-0.09457838228
1.184200349
-1.090355021
-0.9964336932
-0.4362819716
0.3557477437
-0.5216590255
2.54082849
-0.5743859693
1.264360234
-0.3620737433
-0.7019933641
-0.2437775202
0.1951360444
1.088920967
0.3684527019
0.9647079378
-1.145579535
-0.9202925235
-1.08061108
-0.7376942158
-0.05321813077
0.5397837659
-0.9438334644
-0.9474008113
0.0450220813
2.867476833
-0.3915569022
-0.2540102772
1.140429425
-0.5496149734
-0.01008939687
-0.05710766143
0.5035540063
-0.2669554271
-0.800367865
-0.02824852485
1.040208524
-0.75702039
-0.2981335372
0.6077214092
0.3833579808
-0.1601611041
2.09158836
2.805185568
-0.2190964669
1.096002692
0.5116757158
-0.7179189026
-0.4274263173
0.15001492
0.1141506246
-0.2557375569
0.5845473059
1.098358837
-0.005971824005
0.1414079466
0.2161460554
-0.2880587794
-0.30663784
0.009034870472
1.162577799
-0.03748646802
0.3314873144
-0.6921447366
-0.3394288301
0.212550051
-0.1792559657
0.3873322457
1.087329009
1.493779808
0.8037851572
-0.5150934637
1.0593164
0.6703844272
-0.3871750459
-0.7960207075
1.243738845
4.444308221
0.5476997465
-0.05458209077
0.2205728819
-0.00137503352
1.370656952
-0.1761458598
-0.3507714786
-0.03606675249
-0.4884647056
0.8034703314
3.113062549
0.8978793532
0.1056481613
-0.490609166
1.021042809
0.6451627791
0.5749901384
1.629935938
0.3852003522
-0.6984137088
0.1814614302
1.148038185
-0.3214926928
0.5537983604
-0.7793081373
-0.4019882709
0.2484432637
1.741242048
0.8047856629
-0.6646595418
2.837515318
-0.369978641
1.357366133
-0.5431649774
-0.2877391376
0.1006048612
0.925911501
0.4201119997
0.571466893
0.6881509267
-0.08106497694
-0.1327311344
1.264092126
0.02344826744
0.1933344359
0.06932419706
-1.036003989
-0.4239237756
-0.2478847116
2.475179577
1.761777979
0.7985689491
0.03342459947
1.40535697
0.6792169936
0.4935872927
0.2427091808
-0.9077216953
-0.5383864939
1.865546012
0.5565689422
-0.1737443853
-0.5917846739
-0.1457310904
0.3371010415
-0.09339757189
-0.110759104
3.656103158
-0.1052699069
-0.3359542642
0.3353685746
0.3259886472
-0.02314862702
3.977291012
1.106607458
-0.1463787567
0.2369947996
-0.5173547074
-0.2610541813
0.6862469643
0.3024942502
0.3881068099
0.07101605255
-0.6656826943
0.5483413666
0.8901112765
1.388957781
-0.350534457
-0.3114081632
0.1289166712
1.217994273
3.118832719
0.3393408949
1.89844408
-0.6615333885
1.167325935
-0.4262209773
0.9362662941
0.06525994549
0.678221184
-0.620257543
-0.7427351415
0.8258615598
-0.2834249362
-0.07872507414
1.340151429
1.301178521
0.483461266
0.733125031
0.692741996
0.8188966647
0.1231109957
0.6397266626
0.607246457
1.556884176
-0.4278403647
0.5211747609
3.519419742
1.763761806
2.054725122
1.958127129
-0.14164067
0.585060548
-0.07613225458
0.8201996177
0.7518759511
-0.4313366979
0.1964690187
-0.2546061142
0.5142447248
0.3014337432
1.279766753
-0.329947532
0.798716601
0.9208820924
-0.4218324721
0.5905316256
1.384593374
3.899528444
0.2601689966
0.1123778159
0.9210647866
0.1532142464
-0.188871688
0.5107678361
0.5608104529
0.3773895033
0.3846583918
0.4369393412
0.744095242
-0.1292412806
0.7851281404
1.738516468
0.1771194761
1.11869835
1.281683168
0.4977111097
0.4375203855
0.5353458792
1.252030972
0.2916231826
0.3342657644
-0.1162332961
-0.2009677693
-0.7837518036
-0.2238786105
-0.2052029829
-0.8503722787
0.5550687291
-0.5512790605
1.322604075
-0.9212929785
-0.7460178345
-0.7886005461
-0.06387086906
0.4086977255
0.0150284715
-0.1330623224
-0.4044998765
-0.5486404821
-0.3558005817
-0.89045977
0.3161519065
-0.3100395866
0.4712548053
0.02845641286
1.655316401
3.4289469
2.525122881
-0.4795880109
-0.6037723601
-0.5938411161
-0.03531467095
-0.2627151832
0.4737636954
0.1320791274
0.9128791571
1.02033428
1.845015401
2.970253307
0.9958852246
0.03634884618
0.6639091015
2.317831606
-0.5320483103
0.319704859
-0.2528637342
0.9278342791
-0.5936563611
-0.1061252267
-0.5135964662
1.779861575
0.353173735
-1.008889624
0.7301904723
-0.3425037429
1.995394099
-0.816003412
-0.2638509966
-0.5913446218
2.960265005
0.31960569
-0.3406278245
-0.7511990637
-0.1266794108
2.353717566
0.205659752
0.1928897445
-0.7638483644
-0.4301030844
-0.7713836521
-0.139476521
-0.4163064748
-0.4077306002
-0.4223454297
-0.05532336198
-0.7600438744
-0.5622759476
-0.6690006763
-0.0805615549
0.1437165106
-0.6625755072
-0.84763605
-0.5757518798
0.8874610543
-0.3833344057
0.6869149655
-0.750223738
-0.6442229778
-0.4779534176
1.037538469
-0.4674182639
-0.6416638404
2.308969331
-0.1646181315
0.8695305631
0.5723508418
0.8398234002
-1.32025331
-0.8549703926
0.8885616951
-0.414149452
-0.560813494
0.3780621618
-0.2180286251
-0.1448906058
1.041777954
-0.2744992577
-0.05532102492
-0.4102434173
-0.08401545491
-0.1142648694
0.4739559237
-0.883805722
-0.7582172692
-0.4689899877
-0.334027943
3.178578269
0.9819433272
0.1893118807
-0.1777228318
-0.5676698044
-0.3154297575
-0.3483935155
-0.1745521545
0.7380104765
0.6080782466
-0.5874118328
0.06126317615
-0.5427015364
0.09585519787
0.07129041627
0.1303914452
0.6843775436
0.05400902443
0.8815118894
0.1094383403
0.1129733487
0.1955774056
-0.2716995351
1.492020428
0.375733895
0.16272622
2.343720764
-0.5012766168
-0.3908259854
-0.758486627
-0.323497422
0.9705169633
1.183780995
1.173286387
0.6474834025
-0.5640204817
0.4956235867
-0.2893476225
0.2924996682
0.1029770253
0.5017123595
1.059899247
-0.3290813833
-0.8773368806
0.3967509821
-0.001780983806
-0.4760299429
0.08992653787
0.9746636301
0.2336624552
-0.1308199754
1.902704895
0.4694160111
0.4006939992
0.04360894142
-0.2138340846
-0.9273305088
-0.5997531965
-0.7508936018
-0.2638548665
0.5628153639
-0.6979283363
-0.3755224362
-0.4338017866
-0.5428977728
-0.3440513857
-0.8247414023
-0.4630027875
0.1562071605
-0.5018622488
-0.7679080516
0.9222926617
-0.10147253
-0.654064101
1.056132278
-0.3806346342
0.4203554899
0.5086228408
-0.8887108207
0.2510761652
-0.6816571951
0.4720362309
-0.2854236297
-0.6154950842
-0.3217809033
-0.1383325998
-0.3543599576
0.004052729532
-0.4180180572
1.028604034
0.5558876961
-0.4235789135
-0.3137685552
-0.2973816499
-1.111893463
-0.5808191985
-0.9004522324
0.6696774669
-0.7239183992
0.8559830576
-0.1532060383
0.6703776024
-0.2197168637
-0.3072593674
-0.8315651238
1.437848788
-0.7305870116
-0.4642659143
-0.3006908074
-0.2250354201
-0.1186054964
-0.9395388335
-0.8476635367
-0.1853350356
0.7957760736
-0.01393720564
-0.4469559118
-0.5244667843
-0.215743332
-0.6102283031
-0.7639266521
0.2175010873
1.009855969
-0.3365922078
-0.6196023494
-0.3109913453
-0.1956192665
2.620468742
-0.7852468282
0.290420129
-0.6363889083
-0.1342344718
-0.5172390327
0.4611069024
-0.7574679315
0.1004951093
0.1188872246
-0.2629444495
-1.221780324
-0.5899554014
-0.7619046241
0.3575295079
-0.7394424558
-0.8810464174
2.674465656
-0.8247129142
-0.4428475276
-0.5401405632
-0.338378711
-0.4727207482
-0.2133896664
0.4036471501
-0.4392465711
0.6418789536
-0.4874252185
-0.2345219277
-0.04432984181
-0.7460066542
-0.05387435928
-0.6410666108
-0.131669132
0.1252784439
0.3064221041
-0.4084251285
-0.9579564571
0.1163927217
0.2384885333
0.924523747
-0.1871646098
-0.7192668915
-0.9709575206
-0.7948324174
0.6738890775
-0.7900632679
-0.05903256312
-0.1962870363
-0.3934747025
0.5438927554
-0.6288135275
-0.2571349945
-0.5106177464
-0.915718466
1.329719439
3.587174118
-0.4107877016
0.2839237191
0.1909015007
-0.4437646821
-0.1000685934
-0.8785310745
-0.270566101
-0.324080947
0.6886980981
-0.447257705
-0.100053551
-0.4849966317
-0.1817744594
-0.2247067809
-0.4061679259
-0.07869475363
0.4048826832
0.3504693441
1.205121538
-0.2991539109
-0.2865110572
3.296960306
-0.5556129768
0.174685514
-0.5809384197
0.07423472237
-0.8548181802
-0.1739627555
0.2398114193
0.5703585222
-0.631151396
-0.7500794947
1.086954269
0.06154907299
1.072010848
-0.2154197868
0.005251440546
0.3227736676
-1.015394557
-0.9853514433
-0.4670986637
0.04420599155
-1.146949011
-0.9718643606
1.789358044
-0.7576011032
-0.8687561363
0.3918978825
1.196341786
-0.5585212916
-0.6488090247
-0.3090766452
0.1281520351
0.1728172094
0.7515005179
-0.3610693634
0.6067390215
0.1318333573
1.969106293
0.2922158055
0.2526324234
0.05704461839
2.459738994
0.4824984193
0.529257971
1.508790195
2.263564241
0.7179143906
0.3428426332
-0.584914434
-0.05919162906
0.710121835
-0.07959966436
-0.9250402927
-1.026622632
-0.2760553606
-0.9236716032
-0.5911297739
2.635352224
-0.1841664493
-0.2108552041
-0.4452983737
1.755907607
-0.8623870134
-0.4042486057
-0.2520680614
-0.6001035526
-0.2858608223
0.02306833123
-0.6818601727
-0.2964624591
0.4571480803
-0.4798414201
-0.6232590407
-0.03465183238
-0.7454400986
0.609881945
0.1279447779
-0.2466213308
-0.5445232376
0.4495996758
0.004808937199
-0.3195576943
0.1353767049
-0.2860148147
-0.5582874894
0.4860234365
-0.5620477691
-0.06429135278
-0.3161521874
1.814960575
0.07405377883
-0.6084551558
-0.03153421506
-0.4280418262
-0.7117019832
0.02716642767
-0.6294967294
-0.1326959231
-0.9659369111
-0.7786007255
1.748762119
-0.03053229395
0.5505442888
-0.836716491
1.988673639
1.011582014
-0.6954299033
-0.3379240148
0.6605943531
0.3309599109
-0.7168865323
-0.3254350074
-0.07031901018
-0.1532688091
0.4531675741
-0.1428756213
0.2099229072
-0.9401334554
-0.02081641853
0.685819529
0.8319391578
0.06396245961
-0.6542985529
-0.4307967499
-0.2798219651
0.2949994888
-0.787528491
0.9214917749
-0.3429901525
-0.1098436186
-0.1618942512
1.795088232
-0.66073367
-0.1866694625
-0.1961011701
-0.1658121131
-0.4013745904
-0.02302629743
-0.5500382051
0.2301941751
-0.7355698913
-0.4464974552
0.8484952234
-0.2539942984
-0.7320887625
-0.8410620064
0.8610645592
-0.1774217813
0.7869094469
-1.005560938
-0.7279268056
1.914993203
0.2877368821
-0.0916319998
0.3766292952
-0.7946104318
-0.09844341949
-0.5347823232
0.4100673884
-0.5491659701
0.3415197335
3.175888371
-0.4331912696
0.6693984345
-0.6898248255
0.1994077429
-0.3680867832
1.171864402
-0.5782256737
0.7406260028
-0.1057884136
-0.044538737
1.723713094
0.7982662722
0.5972748697
0.5177430369
0.7575626865
1.259325483
0.4323546931
-0.4990780443
-0.3308113053
0.2214128975
-0.7592579097
0.2125638055
-0.3430169202
0.7973888241
-0.5310618281
1.923975229
0.3142872892
0.552549538
-0.4049686313
-0.3202575207
0.4915845096
-0.3012596074
0.9620760679
-0.1868173085
-0.2913902633
0.6474859633
0.894969286
-0.4599412382
0.2001334125
0.569262173
-0.1090815354
-0.1724540301
0.1105276853
1.17399323
-0.6815369606
0.2361211635
0.4343869179
0.2837875538
1.253619805
0.803257063
1.038716894
-0.008971943986
-0.7097437322
-0.01430585776
-0.8824035883
0.8804727405
-0.6652904391
-0.9946829259
-0.5158042192
0.278910644
0.5385630004
-0.6967541724
-0.4461744353
0.5608614169
-0.5981378481
0.3073376603
-0.3540573418
-0.5453683883
0.8096386075
-0.4757310912
-0.4445398569
4.822605526
-0.2243472274
-0.5491836071
-0.8105986059
-0.7813967526
0.3771073246
-0.8067388475
0.3239596708
1.365401518
-0.5733727768
0.1619947441
-0.1142976791
-0.3971309811
1.108470953
0.3795646209
0.513305103
1.393289009
0.5475356087
0.2172489479
-0.8210401729
1.012197274
-0.2300854482
0.8688365489
-0.09110870287
1.058979996
-0.8258689493
2.102096748
0.9727222189
0.1310496202
0.2018584513
-0.6682958901
-0.3314709254
-0.1858343311
0.3690317355
-0.6206591725
-0.9146458536
0.07481470513
0.8806480587
1.717735374
0.9145174682
-0.1689499427
0.1912429664
0.02715651989
-1.019876942
-0.4335438661
1.197220795
-0.9615524769
-0.5436907917
-0.9030696779
0.213412529
-0.1892762946
-0.892939657
-0.3094751552
-0.390978153
0.3376089215
-0.5394844234
-0.1093511691
-0.6330553502
-0.5698402926
-0.1348299488
0.7376772046
-0.7488383412
-0.0931716688
0.4192982119
0.145696794
-0.02010821439
-0.3684720151
-0.454931058
-0.005397068895
1.990108067
1.400667515
0.8659034207
1.734118205
-0.693455264
-0.4418616861
-0.2420417748
0.489669048
-0.1405704334
3.263254535
0.05706778113
1.225779027
0.7564227596
0.8397569358
-0.3715003461
1.338928592
-0.4062339067
-0.600224492
-0.2078787513
-0.0907480788
-0.832492575
0.08985371203
0.1958067819
-0.7754025578
-0.2681661896
0.353566117
0.5217398539
0.1028370043
1.502358389
-0.1640626155
0.9557653546
0.76311405
0.8757519335
0.1850973679
0.03831431195
-0.2062302947
-0.1555683367
-0.3862467378
-0.6846818417
-0.2117533501
-0.4757891268
-0.1589790612
-0.06209943565
0.6409551311
-0.4697719544
0.2569211036
-0.07715951018
-0.504573369
-0.3499769218
0.5280455604
0.2409635427
0.508655227
0.7922306448
1.23942849
0.3222189123
2.363993096
-0.8298028797
2.438251245
-0.1894304287
1.142889035
-0.7545565367
-0.5489328206
-0.483776319
0.3852566756
0.6161850788
1.465941545
2.428564662
2.080458868
1.015921903
0.9449557886
0.05533324089
0.9985349059
-0.008850926906
1.446396917
0.1063206621
1.425900912
2.417895085
0.3907085124
1.78794654
2.96373328
-0.393902839
3.330298042
-0.0686973548
-0.2672602128
-0.716171515
-0.3379524589
-0.5409408286
1.599260324
1.06837056
-0.447085388
1.643151516
-0.3570936948
-1.026385683
1.686138257
0.9616976976
1.273926553
0.6365610316
1.24421322
0.01657338589
1.526431772
0.9594042674
-0.280527427
0.04828162286
-0.7975450397
-0.9000161737
-0.3045334524
-0.5697678581
-0.5631530523
1.413176867
-0.02068174751
-0.3794609323
0.9727532923
0.001761022024
-0.07990754209
0.4604011621
1.111168678
2.130973357
0.9664084822
2.5828125
2.12358408
-0.8149913818
0.2846516207
-0.2912250102
-0.5224305719
-0.6428320318
-0.3452640265
1.111157756
-0.2526910331
0.2008981502
0.7754123881
0.4307836987
0.2416589165
-0.6081355244
-0.6010889784
-0.5780465499
-0.3647816896
0.02252470879
0.02002064735
-0.4556011558
-0.9975897223
3.532903612
-0.5509442955
1.783058369
-0.2967775397
0.04728868976
0.4660945937
0.903049171
-0.06917777527
-0.198366498
-0.2915337197
0.9314940497
0.212096583
-0.2178120159
0.8232057497
0.4265409693
0.4519779895
0.03004434193
-0.2024279054
1.113375992
0.3208556952
0.6389030602
0.2659082295
0.001839586254
-0.05862565804
-0.3386177815
0.6551677801
-0.06170669133
-0.1961889887
0.07128346348
-0.2797179423
1.423233715
0.9484283626
0.2614243111
1.469170737
-0.5487417415
0.01028478667
0.172105454
0.5489482023
-0.2624471761
1.106450897
-0.1730553763
2.500998312
1.039033943
0.5569154914
2.581881642
1.684283176
1.357888094
1.098966339
0.3541866601
0.2153128853
0.3309237845
0.2842754807
1.591336834
-0.4320702448
-0.8048408628
-0.01433705334
0.1712574741
0.6312424518
0.4933199868
1.067483231
0.3793631546
0.6010861821
1.71777755
1.044712737
0.114176695
-0.3504083544
-0.1917424586
-0.1667405598
-0.3758470356
3.506140327
-0.3940711215
0.2668896346
0.8948014021
-0.6138312727
1.108637181
0.3564058587
-0.387465249
-0.1104994349
-0.6724223852
-0.4183171183
-0.1437503211
-0.4859588876
-0.2749502376
0.3094904335
1.00842934
1.97861203
-0.4945949838
0.1471905902
0.3202588003
0.1723312638
2.752141333
-0.6136417925
0.4065573465
0.4180996802
0.004743715376
0.9913765609
0.9789324
-0.1562111454
0.8172092125
0.5519745491
-0.3629812166
2.344267333
0.07886496354
-0.3831689253
-0.6439900652
0.1454809966
0.5724169582
-0.3088834554
-0.2553003952
0.6337263502
-0.6266936928
0.7850674674
0.3445434656
0.8746269085
-0.4927759141
0.1368750503
-0.523851499
2.114132565
0.5557401158
1.888411921
0.2993000517
-0.2540887639
-0.5213596717
-0.4122161746
-0.01675474066
2.053797126
0.1196527557
-0.2717029847
-0.1232477644
0.5223671593
0.2497717135
-0.1362035006
-0.006661781343
1.201327404
0.7179152012
-0.1155211089
-0.58540387
-0.7578630984
-0.9222062737
-0.7023404568
-0.1369183697
-0.6785121024
0.6602005333
1.072693348
1.546833229
1.372921664
-0.5446260899
0.5554040596
1.793840408
0.3903391782
-0.2531447016
0.9175517142
0.32390732
-0.2968925584
-0.03449224085
-0.5335982338
-0.9871516764
0.5426574014
-0.8998718619
0.05055395809
-0.8337927192
-0.66431389
0.7914388999
-0.767007637
-0.301675725
-0.158393329
0.04946176135
0.6661423698
-0.4219167978
0.7882538214
0.7098935455
0.07387919128
1.139039612
0.1079440174
0.5391332455
1.131517321
0.4234909534
-0.3253069863
1.56875459
-0.2714554712
1.73313483
-0.6895661458
0.8792640209
1.934730858
0.01741581913
2.818309844
0.147748002
1.723734009
-0.2798448831
1.744023126
0.1446705572
1.383371761
-0.3721666023
3.209550071
-0.8416255236
-0.1412218269
0.3028819675
0.1891607482
0.4568700045
-0.06644512459
1.096857005
0.3070112083
0.8928109959
2.251938272
0.990446648
0.2421724163
3.125427616
1.415584099
1.764186192
1.39284229
0.3979871932
-0.5384366855
-0.3941800922
-0.4082120284
1.229622859
0.2093545643
0.4297009379
0.3166551946
-0.7655805022
1.056923938
2.122802788
0.4933421843
-0.7234897941
0.6826783858
-0.2450648285
0.3034135382
0.2966107134
-0.2226961367
1.662738407
-0.3028704196
2.839514387
-0.6029867753
-0.5342784122
-0.3178090185
-0.5262281522
-0.9262284666
-0.5832637385
-0.3045047931
-0.7890050292
-0.2844482824
0.2181766205
-0.4800587192
1.474995857
0.06193065168
0.6343142059
-0.206063867
1.574691266
-0.3643075123
2.099194866
0.002479257621
1.13329801
-0.2080825618
0.09489066405
-0.1788549846
-0.1352788199
1.2727759
0.2299481694
-0.1615587814
0.08220086489
-0.4309534356
1.400447178
-0.3437813856
-0.01857529543
0.9286583424
-0.5754031271
-0.8131446689
-0.8275240123
1.245690066
0.2575562896
1.104304224
-0.01209729062
1.071500765
0.623002214
0.1276759245
-0.4047949404
1.488859212
-0.4268623039
-0.5167209104
-0.6393667102
0.02481804863
1.153445145
0.04200101085
0.03589686938
-0.9984099686
0.8362163574
0.09553570268
-0.7921608597
-0.2132476579
-0.4226385921
-0.4542333841
0.4911202382
-0.4697349072
-0.1950568024
-0.6913552165
-0.1680161275
0.06158420136
-0.3830964237
0.1665591637
-0.8490860999
0.7254996553
-0.4151587293
-0.8534092993
-0.2483335294
-0.3139588617
-0.9812044412
0.1737996772
-0.2651932662
0.005899095908
-0.6727117568
0.6779733635
-0.243835482
0.7358142368
-0.1821968287
-1.055985838
0.2756337317
-0.4004500136
-0.2132292077
-0.2876648843
-0.1107322145
-0.5310817294
1.254935735
1.670990393
1.04507432
0.7048886441
-0.1863264214
-0.3492848195
-0.8459469557
0.06135221925
-0.3461986072
2.147506016
0.3563871747
-0.2008382808
2.027937043
0.107436825
1.314486724
0.3114840886
-0.1307003899
0.4061488695
0.4077237815
-0.4142545655
0.2016258076
0.4985095754
-0.3459402759
1.762334371
0.1325875459
0.6706580028
1.279652706
-0.8831895798
-0.3648227379
0.02644740278
0.5347226102
1.248878983
1.332652903
-0.3472734749
0.9137060896
-0.5986389369
0.6796562254
-0.1110380005
-0.5538116321
-0.7335748613
1.038645053
0.5010365218
-0.2777827188
-0.4604331419
0.6407340162
-0.4565770283
1.338429958
0.5591483131
0.4038073674
0.3406124223
1.288048851
0.09971008208
0.9885272324
-0.5503198594
-0.1394368976
-0.5079461902
-0.3693729624
-0.2060265545
0.01432426888
3.037284255
0.1870014343
1.218768275
1.233909568
-0.01721421657
0.1140927492
0.4308322564
-0.1260075906
-0.04178988263
0.6999998853
-0.4135751963
0.08293395098
0.4929473968
0.4925207566
-0.2024097881
0.3694126124
1.342392105
-0.2187984833
0.2966253962
0.328108231
3.176886463
0.2928638082
-0.09070444293
-0.3014302231
0.4892290607
0.1453535945
0.1417978033
0.08434873726
-0.4987467661
-0.744217068
0.5274301276
0.01067883419
-0.4014626175
-0.4582091659
0.487463028
-0.1959158307
0.826462844
0.1620212108
0.5107643366
1.069073039
0.4357944904
0.7312607825
0.1487828571
1.462966111
1.738034397
1.158694759
-0.6489290297
2.601508725
0.7723019063
0.2836919607
-0.05991614293
-0.7421490014
-0.2715290993
0.06324136648
0.127992072
0.8478981286
-0.2484240163
1.909826988
-0.2491580263
1.606118882
-0.3178901084
-0.2800182682
-0.6743498832
-0.1092591977
1.279140958
1.378745919
-0.4260113046
1.87021029
0.05827547954
-0.3322783619
0.967039755
0.5392557271
-0.5514594369
1.317665634
0.5967229627
0.3665606223
0.1350438249
1.755253196
1.608610559
-0.4325117141
0.1090708666
0.107642748
-0.357725136
-0.4470656611
0.02504862938
0.402716171
0.3061365103
1.40442166
1.179155385
1.112019645
0.06070002653
1.327514577
-0.2290920274
-0.1777505927
0.1349785829
-0.1571450606
2.202924722
0.3554185906
-0.3509170279
-0.761979416
0.8169970483
-0.09612887003
0.1249666892
0.3522605948
-0.332150761
-0.2958774477
-0.07202371685
-0.1113333911
1.785871911
0.2960506262
0.3915064976
1.939385915
-0.5788844451
1.381785902
-0.4949355319
-0.4443991333
-0.801341027
-0.1203627922
0.23105419
-0.3040360071
0.5030535154
0.9554980785
0.7698067963
0.1017587185
-0.5093713045
0.342202479
-0.2632155575
0.1052802483
2.196692497
1.006089339
1.781194228
2.56968224
0.04053394506
0.6372802228
-0.2341989085
0.5391131938
0.02661158824
0.3185319446
0.6262701884
0.1374375217
1.241218057
2.392829239
0.4844397107
1.447236815
2.087775254
0.5675596789
1.481666639
-0.02398759853
-0.4654119179
-0.2259462129
-0.1275727589
1.285218492
0.5262229457
4.07266438
1.11860958
-0.2522584148
0.2421618456
0.6162803039
0.4025619974
0.06968377642
1.397925639
0.1880100882
0.2403153142
0.9172515869
1.654811522
1.437513617
0.882532008
-0.0164187084
2.611773235
0.8480303168
0.8610774249
0.7290496334
