-0.3060625441
0.002482462954
0.9708313644
-0.2767316116
0.3291153193
-0.02684638053
-0.04528606124
-0.2135837687
-0.01428074427
-0.04589123614
0.2459681008
1.451674777
0.2093012501
-0.1015734229
-0.1559950305
0.8889907762
1.096959649
0.4500973001
2.941207647
0.1254603442
0.2044849183
0.8160441842
0.3472925438
1.530909091
-0.002388506569
-0.1708962282
0.234592563
-0.2013627979
0.5659163699
-0.4237014428
-0.4636159912
-0.1919728383
-0.4086586758
-0.3191551708
-0.8316417247
-0.3549977601
-0.5197039008
1.059056905
-0.2171743022
-0.2981404625
-0.3929500779
-0.1510981813
-0.4105581149
0.7426688015
-0.2091687389
-0.1902354494
-0.07575879782
-0.5681980893
0.07205544366
-0.3589228481
0.4727502991
-0.5316033453
1.113566989
-0.4124150984
-0.3159575135
-0.3732610475
1.064054331
-0.4096881285
-0.06728054043
-0.3348160341
-0.2219398528
-0.2453388982
0.8395376444
-0.4288877875
0.4050524261
3.705858529
-0.3307258971
-0.4124501511
-0.3498677701
0.00458174143
0.4157891698
-0.4182268262
-0.2871553195
0.04943905761
-0.1485728711
-0.1365783703
-0.2235193204
-0.382759013
4.176048958
0.1101788577
-0.4739558458
0.02671763226
0.6542972237
0.8006800711
0.06309345104
-0.09403386675
-0.2114888962
1.367612234
-0.04234814923
-0.2058088018
-0.3445747551
-0.1298723204
-0.2823689379
-0.04678398706
-0.2997069366
-0.42508104
-0.1817222305
-0.136762451
-0.4118578851
-0.2645869039
-0.05418553539
-0.1395386456
-0.2949147917
-0.1272771899
-0.3474295169
-0.3061653167
0.8337634459
0.7630867168
1.808338398
-0.4077295005
-0.4706514508
-0.2589626644
0.1498018865
-0.1672604626
-0.3131031655
-0.05136232739
-0.506257429
0.07578923227
-0.4667645045
0.1839522941
-0.4737669721
-0.5182757512
0.2805550078
-0.3028956689
0.7245875619
-0.3277234532
-0.4562895864
-0.3963652164
-0.1693054441
-0.198344044
-0.2820124917
-0.6416655391
-0.2382754616
-0.5498339072
-0.1709959842
0.7801314503
-0.100230455
-0.5193345606
-0.2915693596
-0.4655966029
0.06013075495
-0.1877983185
-0.2997723278
2.394610089
-0.4063470706
-0.2090707853
0.01822900753
0.7113234013
0.7094096206
-0.2153218906
-0.2210520942
-0.06633733613
-0.1414102055
-0.2914741203
-0.2367369033
0.329139683
-0.4927214772
-0.0723301895
0.954400517
0.01478893906
-0.2863674879
-0.5618310437
0.1424396588
-0.4671722114
-0.2607915867
-0.3250631422
0.03833733466
-0.4103337675
0.3135197273
-0.5685856715
-0.5381222531
-0.1008321548
-0.3456758037
-0.482685481
1.295305797
-0.04464454688
-0.1150095467
-0.4657297611
-0.2990405023
-0.3050314754
0.07945645265
-0.3544661947
-0.4078762323
0.04600970056
0.5956565656
-0.3960041136
-0.5955391094
-0.06547367219
-0.284740907
-0.3436116457
0.09200625569
-0.4008518651
0.1922931896
0.4228206914
-0.4581208572
-0.368945694
-0.5504540175
-0.3270208575
-0.5827160448
-0.4908516884
-0.4613233998
-0.3827359907
-0.5633741245
-0.2840164803
1.013495337
-0.4131934963
-0.2767825253
0.3314003875
-0.4640933722
-0.3064700954
-0.2416398205
-0.3549019367
-0.4254490361
-0.4610136747
-0.3333345614
-0.3474577747
-0.1668794178
-0.4131719396
0.6814240858
-0.3995326489
-0.1122907821
0.2582342873
0.6286943749
0.8695248991
0.03099760255
-0.4400843367
-0.4093505889
0.1453861152
-0.6236095488
-0.5341398358
-0.3075617827
-0.1935490107
0.1735985776
-0.3844460621
1.961837721
-0.1362302022
-0.3196012855
-0.3779976059
0.4095895786
-0.3027621612
-0.1180837972
-0.4422886759
-0.2038439691
-0.5761087939
0.1430325089
0.2692895986
0.601347087
-0.4679475144
0.1121417582
0.4395344622
0.3540737396
-0.008796566352
-0.6627285153
0.0968627004
1.019550197
-0.2279096944
-0.03761346992
0.4658792712
1.166612235
0.2601374654
-0.09659149479
-0.085360339
-0.07333315546
1.012129679
0.1612270697
-0.330963736
-0.4957102254
-0.2084324121
0.2478514796
-0.1098050274
0.1657622666
0.2785861136
0.121524203
-0.3103005523
-0.4640990004
-0.2424126096
-0.5214502156
-0.231509853
2.133328676
-0.3100097083
-0.4554469451
-0.2791018583
2.120087826
-0.2609642711
-0.2959185697
0.1326575581
-0.1044321286
-0.4875635073
0.2173417499
-0.1529034294
-0.5898173809
-0.01827998618
-0.5007216036
-0.2352370277
-0.4399017751
0.02510716524
-0.5059833482
0.2408531488
1.243654016
0.09150085822
0.317124768
-0.167877814
-0.1349092159
-0.0779740148
0.1151794412
-0.3809388772
0.005223103613
-0.3077855922
-0.3140846305
0.3782975715
0.5939879943
-0.1981052022
0.3482255145
0.3746655777
-0.4472554192
-0.4938931301
0.994486957
0.1927967694
-0.3770148315
-0.3757648841
-0.1773821954
-0.1030931918
-0.4430422813
-0.1656248163
0.06718320679
1.971272287
0.8183210894
-0.4719849437
0.2176262682
-0.1615524944
-0.5420093119
0.05545790996
1.3667954
0.6979852028
-0.1348142912
1.283409457
-0.31272709
-0.1651428774
-0.3787101723
0.140218396
-0.1572935021
-0.220305673
-0.1600202885
-0.1961646623
-0.2984668151
-0.2051801199
0.6975204036
0.105488208
0.7454505645
2.506261301
0.2724057085
-0.07322904477
-0.577740702
-0.5486394018
-0.00324447006
1.430294394
0.2309996719
0.5943922892
0.03768776581
-0.4901390612
2.349080992
-0.2022138778
-0.6603565365
0.3988697485
-0.07489463324
-0.619238013
-0.06504647415
-0.1533767836
-0.2102704167
-0.1356599159
-0.1765725924
-0.06450542063
-0.6731386274
0.3317485608
-0.259287639
-0.4239085674
0.6742612801
-0.5809040576
0.2672519965
-0.5982569918
0.06679085938
-0.5510199517
-0.09120412134
0.07750433031
-0.4988808051
-0.3300274514
-0.1404515671
-0.3735867113
-0.3451858401
-0.2660670646
-0.4619508818
-0.6251582474
-0.3008590681
-0.2851807304
-0.3470956348
0.458015728
-0.158509269
-0.1493504405
-0.245060715
-0.3403086402
-0.02300699353
-0.3854883656
0.2558258773
-0.2187898735
-0.1675662668
-0.03037374895
-0.4473121166
-0.3793597236
-0.4412830025
-0.09991625249
-0.2158747872
-0.393195045
-0.5275970861
0.1098975736
0.3335087953
0.007766266819
0.1644083823
0.01386601292
0.05563259441
-0.2093911817
-0.00967367664
0.05860655829
0.2353771855
-0.3381633796
-0.3976492882
-0.1181858169
-0.6179379389
0.07619723706
0.7046921849
-0.195303411
0.03395625157
-0.3468306601
-0.1712143343
-0.2495651204
-0.01374766156
-0.2204041449
-0.1927056247
-0.6708886117
0.8395710066
0.3466090576
-0.4618494168
-0.1701886982
-0.5215084657
-0.1348884029
1.924516499
0.5873464756
-0.4473832928
-0.1609610744
-0.4890924662
-0.3223008379
-0.03249557186
-0.1029158563
-0.1434940306
0.06737748012
-0.2885048292
-0.1234198689
0.09639001824
1.381405407
1.235306641
-0.1874283757
0.7961999752
-0.08055905625
0.01033441201
0.8965685695
0.2861051917
0.7700443767
0.5312731948
-0.05266648345
-0.04346425198
1.492639849
1.594825763
0.8660263956
1.463611761
2.946705174
0.327994038
-0.3949657455
-0.3236210674
-0.4959698811
0.09164213762
-0.122808953
0.332090145
-0.2313610703
-0.3329379924
-0.4117282048
-0.3866539679
-0.09807938486
-0.1135452967
-0.02245873827
-0.1913304023
-0.245110555
2.249853218
1.584700102
0.02148055509
0.1407045946
0.744102481
-0.1580624955
-0.07584333494
-0.3876907861
-0.1832780683
0.1695091248
-0.3272928361
-0.3785356544
-0.3986933976
0.8394011721
2.48450408
-0.04876144463
2.420199096
-0.07927793609
-0.298941046
0.08573344806
-0.3244349703
-0.01729695434
-0.383046072
-0.1213852484
-0.1041914565
-0.3536535531
0.5555266716
-0.3312829833
-0.1452889103
-0.3539782554
-0.5218464538
-0.2535366096
-0.382128413
-0.1670209242
-0.1970901435
1.011763887
-0.3097473353
-0.06132186991
1.527575421
-0.00388824828
-0.01837497102
-0.08362274356
-0.4217561886
-0.3057630405
-0.2047602776
0.08677269556
0.07534582508
0.6007243648
-0.1032499016
0.02266189787
0.4963229813
0.5891021626
-0.355399593
0.1671981821
-0.4825484283
-0.2037426069
-0.4786508873
-0.3786969759
-0.1810648248
0.15842578
-0.09032315919
-0.1126507645
-0.1557405438
1.169100529
1.502056098
-0.5040741414
1.734349933
0.3831858091
-0.6662828505
-0.05358844139
-0.2189580822
-0.2266278695
0.2663293824
-0.1429116873
-0.4406308845
-0.07834317759
0.0465235848
0.4763223179
2.655031586
0.1890296482
0.01524488134
0.2883468479
0.06917967834
1.255511335
-0.205676807
-0.1419808559
0.5142987043
-0.4933715537
-0.2142035909
0.9069015816
-0.2523097105
-0.3394843094
-0.06125978604
-0.4209795609
-0.2326481253
-0.1419508934
-0.09837651998
-0.225657966
-0.2174917646
-0.3022953697
-0.1172162383
-0.5604885086
0.2651890846
-0.2996077921
-0.3381954089
-0.4921322972
0.01949272901
-0.2199206196
-0.4761390612
-0.1808896065
-0.4073231339
-0.5236167237
-0.1326732371
-0.4914902285
-0.1660597501
-0.4155691899
0.08823464219
-0.0233606983
-0.1770122577
3.86829263
-0.4645242795
-0.2782823674
-0.1880440012
1.840180087
0.002374751866
0.03029675465
-0.0305077184
0.1070581739
-0.03253639173
-0.04272325467
0.01631192397
0.05773535199
0.3682145059
0.1933310233
0.3942901783
0.6087129192
-0.1275161326
-0.222646711
0.9130004957
0.03231424652
-0.2226601934
-0.2536035635
-0.3774742536
0.5390930034
-0.2595356405
-0.1747474039
-0.1148656011
-0.3896888599
-0.5045751408
-0.2603087187
-0.263134829
-0.08290933613
0.03514873981
1.719034344
-0.2027754977
-0.3167475086
0.1931345116
-0.1191574659
-0.1561727423
-0.0911884116
0.8195784599
0.8673685193
-0.1169674786
-0.1660618647
0.3873058878
0.3444606349
-0.4134035796
0.7442033427
-0.3407184951
-0.213842299
1.409022582
0.2520161996
-0.1234903326
0.6584199741
0.6716292627
-0.3299745936
-0.6545550346
-0.6370681763
-0.3125495786
-0.3905624062
-0.1959724713
0.5874771334
-0.1220814539
0.1888134213
-0.3112594105
1.313747653
-0.324795565
-0.540115422
-0.4826422974
-0.3475911416
0.6370204957
-0.135197575
-0.4013446249
0.7290070616
-0.3053501895
0.3002093598
0.6186994024
-0.3879333198
0.3421038937
0.05284929574
-0.2980564907
0.2384699922
-0.3703761816
-0.2564739322
0.04847007021
-0.1326887214
-0.1065905264
-0.07172220647
-0.4046756864
-0.1357382165
-0.1001427282
-0.2633098543
0.1998690654
0.4719442062
-0.3562038094
-0.1845152382
-0.1951232256
-0.1846829202
-0.06489160731
-0.2071490638
-0.03497348614
0.6997304887
0.1308471039
-0.2907451376
-0.1082499775
-0.3374263018
-0.04770712443
0.05572537957
-0.02093241606
-0.1909326317
-0.3548368201
-0.1001678392
0.135992467
0.6104798913
-0.3373514026
-0.212918293
-0.1843163211
-0.1472217429
0.09078119956
2.417809325
4.326097405
1.54744767
-0.3737666681
-0.5028895736
-0.1730262566
-0.2236522485
-0.1486496063
-0.1383191142
-0.1731032312
0.1510542019
0.2002369833
-0.30730028
-0.04155037766
0.3478143271
-0.2527176324
-0.130782953
0.0370830223
-0.09418272399
0.2054624531
-0.08625292666
-0.1943687087
-0.5733555496
-0.01041884897
-0.3614664145
-0.5358240917
-0.1783187311
-0.3470046401
-0.1976500694
-0.4287811354
0.6087727323
-0.3226326749
0.05317018861
0.3562965382
1.028259648
0.1821007023
0.2076132009
0.4319022151
-0.3641792573
-0.1838786144
0.07660277924
-0.3502545483
1.141085494
-0.2316288471
3.147675264
-0.2142988177
-0.1892632075
2.041021359
-0.2808462527
-0.3818825513
2.28364194
-0.1752544399
-0.3015019368
0.3781916875
-0.0960449012
-0.3196562476
0.2531902912
1.600029543
-0.257977902
0.3307998303
-0.2288177662
-0.4196840316
0.6557168752
-0.004160467722
-0.04316558307
0.02243308779
0.5736981466
2.075302863
0.636245621
-0.05513168368
0.2643780324
0.407854224
-0.6285251826
-0.5231308684
-0.03441120498
-0.0507308932
-0.357305558
-0.357459005
0.04780439883
-0.259646935
-0.5501581445
-0.239199286
3.201579952
-0.04383027572
-0.4380540848
-0.05995832291
-0.6121737897
0.7485030636
0.5658252813
-0.2574718706
0.07756622043
-0.09803910945
3.534591997
0.913464722
-0.1530416187
-0.291406478
0.06133786868
0.8670432046
0.7597134225
-0.2651032582
-0.3910953514
-0.0260424668
0.4421761282
0.3016427486
0.9431687646
0.0858859193
-0.1444032496
-0.1655964941
0.3891411241
-0.3219106868
-0.07267082622
-0.01401030589
-0.181130277
-0.1614163576
-0.3009157956
-0.3034881555
-0.4124844268
-0.05948410099
-0.5650638252
-0.1961647753
3.164506447
-0.09603448168
0.3668233525
-0.4783560932
-0.3293831639
0.05399714108
-0.1848968897
-0.32317129
-0.1666877984
2.361471748
-0.3929475725
-0.004758102354
0.198311192
-0.1596473217
2.020906776
-0.07897124775
0.1213390258
-0.5127756551
-0.1891421054
0.2146433925
-0.3959119514
-0.3514012992
-0.04038205892
0.1958807718
2.691678452
0.3955848329
2.376829046
0.2868300926
-0.0558259001
-0.01632126905
-0.3444439925
-0.4257732347
-0.01414884881
0.6603950017
-0.6087344572
1.305368993
-0.3435992807
-0.2204374753
-0.4913401112
-0.5764396936
-0.5151693821
-0.1725102372
0.07983095311
-0.1788873984
-0.2869349614
-0.02389962934
-0.3199710853
0.1265406519
-0.2023492159
-0.2393383125
-0.153886183
-0.1657577196
1.811273843
-0.3104729868
-0.06963723879
-0.3798372421
0.1420164163
-0.4699956447
-0.4088579744
-0.4852174342
-0.5503767759
0.5361661293
-0.4292288572
-0.4150097251
-0.3306892395
-0.3909119457
0.01388598378
-0.2879240727
-0.2529030092
-0.01647072546
0.9306001469
0.8991184287
3.57785148
0.5334327517
-0.3633847892
-0.4312128559
-0.4587547451
-0.4241419151
-0.4035870038
0.9132348977
-0.1069886908
-0.4711764187
-0.4060169712
0.04973676773
0.7014587291
-0.05638449518
0.2193016722
2.220891249
2.191158551
-0.2695073586
0.1439468423
-0.05406533666
-0.1441168096
0.09198624864
-0.3748702437
-0.4589057505
-0.5196829587
-0.2561814323
-0.1796354009
0.8084698498
0.4965060245
-0.3159931824
-0.004132348485
4.291573524
-0.5066172287
-0.4463762373
-0.1622212587
0.1882415081
-0.03532338226
0.1024955388
-0.3357468978
0.169695645
-0.4503426746
-0.2894302808
-0.5430362508
-0.3489314266
-0.05643450618
0.08461873806
-0.09454618655
-0.05322564114
0.2714933323
-0.5022813171
-0.1581655008
-0.5840210527
-0.2133134518
0.4886852808
-0.5580387622
0.04455082263
2.087626392
-0.131164261
-0.3932569101
-0.4091414839
-0.3961874567
0.7822357211
-0.2370990574
0.2122090572
1.795413262
-0.2606686689
0.1070538765
0.09985960601
-0.1120073725
-0.06224850733
-0.1725669704
-0.4715830654
-0.4859709918
-0.1182737406
0.2946058998
-0.4760946378
1.627039659
-0.1109446543
-0.3122689039
-0.3818579182
-0.4673816413
-0.1659630235
-0.1730551241
0.1176229593
-0.2561037732
0.02576581389
-0.4511521205
-0.4982049555
-0.2256653616
-0.4652114823
0.1600297318
-0.4607154429
0.04508900372
-0.1348955087
-0.002057517134
-0.35951887
-0.3192139506
1.670945299
-0.2231233352
-0.1551681548
-0.421554327
-0.1301005017
-0.1928768318
-0.4119184852
-0.4331852585
0.02815850005
-0.1488364615
2.203235835
-0.1235203629
-0.08369849585
-0.2677237401
-0.2284392321
1.047164319
-0.1702093765
0.05365327955
-0.3501844805
0.1806202255
-0.04182914775
0.9755138695
1.049133405
1.321554458
2.187715441
1.821029854
-0.2451285589
-0.1982278384
0.5070163794
0.03535212274
-0.005617010221
1.878028819
1.713602465
0.1467020542
0.1815935764
-0.07038844619
-0.2009338982
-0.2084729489
2.786229348
-0.2200672772
0.06555838715
-0.1874349607
-0.2490758019
0.2731006306
0.0158820238
-0.03518158235
0.5124657193
-0.2894110523
0.2464773964
-0.6280765668
-0.2726795422
-0.425807552
0.01255230792
-0.1770787162
0.3926215403
-0.1157510655
-0.1095720751
0.1584362581
-0.1330999704
-0.3667473629
2.480864006
-0.3533183485
-0.5104051292
-0.2816795256
-0.206536185
0.2254742444
-0.1137685172
-0.3717192635
0.3602303759
0.8726117268
2.088370383
-0.5992735162
0.5374928316
-0.3721832536
-0.2611253191
0.8264326513
0.4878991097
1.206000966
-0.3186820388
-0.6284291878
-0.3241840076
0.05334574208
-0.04867383912
0.2637286611
-0.4462506428
-0.1397304309
-0.3158913493
0.09503022078
3.057580686
-0.441546306
-0.03584595583
0.7395396505
-0.3215244509
-0.09667745549
-0.3728467874
-0.5441988632
0.6973854139
0.7910346419
-0.3537407581
-0.4768852279
-0.495305869
-0.1169980772
-0.1613983711
0.07777306861
-0.456182085
-0.5029721349
-0.4540393189
-0.09676972888
-0.1095083739
-0.3815781169
0.198293062
-0.2411730334
-0.124143588
-0.2495663272
0.787599121
0.0001145566814
-0.2161092013
-0.1987639572
-0.2575701453
-0.2560515784
0.148075803
-0.2430410616
0.4085773088
-0.1030383313
1.642197061
2.111511841
0.6558048144
-0.457980229
-0.4145475417
3.187876737
-0.02487732135
-0.1496574094
0.6207631603
0.2371315265
3.821158433
3.782803631
-0.1599977693
0.9773339853
2.000535172
-0.5056209803
-0.2554502174
-0.1478191115
0.1553450153
3.756946552
-0.1341745548
-0.6300863311
-0.5504500091
1.532116884
-0.02644666173
0.2591269903
0.8362294406
1.061846541
0.5207087353
0.04420283018
-0.5248936102
-0.1992424675
-0.2914607693
-0.1641572438
-0.1348763792
0.7429885335
0.1951344271
-0.3028674394
-0.3470134214
-0.1748473674
2.881917775
0.8541596338
2.062941551
0.5096702479
-0.1069837004
0.02434511911
0.06706679799
0.2952535842
-0.2753338613
-0.5715900064
-0.4816376105
-0.4382861681
-0.2914089307
0.8771146208
-0.1250710586
-0.3873041123
2.230990401
-0.2041196283
0.7069854066
-0.05992008904
-0.3764772639
0.7906718269
-0.4148155108
-0.2054134922
1.152082226
-0.1557500571
2.000580919
0.1828763286
0.7395696513
-0.09625593126
0.05276087504
-0.3188523374
-0.1145243034
-0.2093654726
-0.006494497694
-0.06560434736
-0.426991374
0.9860967994
-0.1914932154
0.007325476315
-0.1387898499
-0.00661663916
0.03571287785
3.181009674
2.351320153
-0.1570816157
-0.1872765314
1.670697814
-0.08593559451
0.219989033
1.065868376
0.4756995343
-0.05197201916
-0.5033028543
1.949707049
2.845892817
0.04147519851
-0.2623731658
-0.4523697034
-0.3267262638
-0.4064244911
-0.005123964604
-0.3000657652
1.571148109
0.7003272131
3.570181274
-0.4609971389
-0.5695472822
-0.4243754223
-0.4012351096
-0.2343160151
-0.07747825868
-0.05905389031
-0.2985941343
-0.2369910156
-0.3281695403
-0.3492715441
-0.4834210172
-0.2288981672
-0.2130369332
-0.2140523076
-0.4468411744
-0.4482267678
-0.6233256772
0.07375398241
-0.2729319423
-0.440882156
3.817200243
0.6520118088
-0.3269593783
0.3166100152
-0.4966807254
-0.05966992266
0.7008354485
-0.6551781401
-0.1483490145
0.2354079122
-0.2929907711
-0.1085023596
-0.5456808954
-0.3035438661
-0.07347234157
-0.2735748582
-0.2082330914
0.5050378837
-0.03424000675
-0.4963661104
-0.05665252395
-0.08610930881
-0.3796615452
-0.2434940603
-0.4465579599
-0.1069029871
0.4100034378
-0.4103694879
-0.3264303058
0.4180544108
-0.2234399527
-0.4439923316
-0.2709394809
-0.4449961871
-0.09209692441
-0.2777688548
-0.2653481467
-0.3209315736
-0.4335996076
-0.2178012829
-0.4076361269
-0.494830364
-0.3455910541
-0.2473145783
-0.2642822718
-0.05149399797
3.489322233
0.640465533
-0.5862172976
-0.197924431
3.115043342
-0.08825248741
-0.4361680008
-0.2422891796
0.0233818505
-0.3519426443
-0.3472048968
-0.1031305304
2.476225036
1.564142975
-0.5843237147
-0.4015077427
-0.4020887002
-0.1560611408
-0.4223135114
-0.4634165451
-0.4008324951
-0.4741404563
-0.4305148251
-0.5446267292
-0.4825513065
0.157759271
0.1469592531
-0.3630280331
0.7733274773
1.141493198
1.338789625
-0.1783471048
0.1565218586
-0.6775301084
-0.3771350011
-0.1886396782
-0.03192231664
0.03286721557
-0.1763944328
-0.4682457745
-0.5745049268
-0.1387299024
-0.5649830714
-0.5491613567
-0.2352223381
-0.01501128525
1.219168279
-0.3238803551
-0.3622554585
-0.3007205263
-0.4613556102
-0.2088430088
-0.3545742728
-0.1651148906
-0.03935097018
-0.1715928227
0.03650178686
-0.4977374107
-0.3696431383
-0.6797797278
-0.1424852989
2.276225358
-0.1428673737
0.07550856061
-0.2109541102
-0.07328576026
0.05731722368
-0.3784556448
2.308370221
1.284602226
-0.1927030057
0.02923243567
-0.2456028357
-0.05303002764
0.2909511936
-0.2605603211
-0.01183980312
1.832952797
0.5262888961
-0.3525884978
0.0493181938
-0.1796654176
-0.3686893865
-0.3402928099
-0.3573537603
0.4224452546
1.227116337
0.623042991
-0.1059162615
0.9861071661
1.531156209
0.2780248004
0.1475572257
-0.2354672913
0.7811867312
1.096443242
-0.2714082871
-0.3232688539
0.7964413159
-0.2965498939
-0.3764168605
-0.4256855376
-0.3669756614
0.4554241858
-0.3183714755
-0.3299927041
-0.3022310168
0.01710530482
1.564604115
0.9160750777
-0.3275922373
-0.2256349482
0.7851433188
-0.2465125542
0.01460783263
-0.03050035378
0.5697672449
-0.3323523834
1.761517477
0.07261406253
-0.09067784306
0.3485409578
-0.2001438359
-0.4646210387
-0.4740987614
0.3330458496
-0.1014943473
-0.3980868444
-0.007712325361
-0.1060171181
1.532857978
-0.2658879932
-0.3945932671
0.1554227175
-0.6584290385
-0.3861299574
-0.4119224519
-0.204313544
-0.07077052668
-0.2949792296
-0.120846323
-0.2594289303
-0.4930127621
-0.2470327944
-0.3569021285
-0.6728726298
-0.4757743865
-0.3957397163
-0.09638490826
-0.4641506165
-0.2171137918
-0.4430299774
-0.1107896297
-0.6536147356
-0.4622459754
0.1385571856
-0.4462851271
-0.1124272338
2.739424491
2.006637263
-0.3740170196
-0.2473281267
0.300037356
-0.06654288564
-0.503094618
-0.2997353628
1.477742165
-0.4823665455
-0.3237783678
-0.4357739955
-0.1803061202
-0.3944814742
-0.4409340121
0.5389929287
-0.4074269325
-0.293561244
0.007789211161
-0.1255723478
-0.5971160337
-0.2953053787
-0.4785342231
1.711447647
-0.3997484699
-0.2608446859
1.714622232
-0.1648701198
-0.5040147066
0.02618780322
-0.5779546499
-0.4983161941
-0.5261802271
-0.1962097697
-0.7203351527
0.08939764802
-0.1569940597
0.6076140121
-0.5862535596
-0.1955846202
-0.3480280437
0.3460221888
0.1101698674
1.949213248
-0.3174033999
-0.1565418465
-0.4754628673
0.3826257337
-0.513365595
3.742169762
0.2428592746
-0.3409453742
2.755600417
0.5981178503
1.835944766
-0.3320673905
-0.03025230132
-0.2532401852
-0.144380351
0.3231605817
-0.2507440768
-0.2040411759
-0.3860502198
-0.140014258
-0.2943925872
-0.3117908761
-0.2905235268
-0.4057958931
-0.119065287
1.178642574
-0.1508383393
0.6216589186
3.764838767
0.6533776253
-0.5112563938
-0.4058274083
0.1669916269
-0.1066048102
-0.5613972783
-0.3909563333
-0.2589833822
-0.3731045276
-0.4115219288
-0.4317193478
-0.4341662616
-0.3605393797
-0.2138157316
1.098265146
-0.4639005527
-0.19314229
0.2703124985
-0.2466416135
-0.3554569557
0.4688104016
-0.4867554516
-0.6455614001
1.071368796
-0.5028527617
-0.2490171347
-0.2282216102
2.365325862
-0.0378858204
-0.60574072
0.1320800293
-0.3693810716
0.1172831721
1.113556403
0.06905727144
0.2102334028
-0.4328163564
-0.4035158597
-0.6732116401
-0.2644887112
-0.481717971
0.3024667975
-0.5002393335
-0.3310888126
-0.3937547877
-0.2051774845
0.3478795387
-0.1564435953
-0.1594988931
-0.5541485637
-0.01394947506
0.718731853
-0.5523372963
-0.5224182621
-0.275588024
0.1180628042
-0.06072058501
0.04523022212
-0.7771838665
0.056025986
-0.4816155881
1.009218952
0.2059883038
-0.6505740672
-0.44995635
-0.3545897648
-0.2777725168
-0.4090082169
-0.3860062018
-0.7479221821
-0.3123451717
-0.04080922222
-0.650393413
-0.4228516534
0.3319492666
-0.6310001567
-0.05532500946
-0.5122233212
-0.3414311528
-0.5830485478
-0.6672814965
-0.3503807455
-0.04219967015
-0.1083975377
-0.2275919983
-0.1918960754
-0.5309572712
-0.6180223808
-0.5179851204
-0.6467188478
0.1242435888
1.987469393
-0.2610446371
0.7560263731
-0.07350032851
-0.381597352
-0.113076254
-0.4797352865
-0.3709256016
1.146500921
0.01056743087
0.2066033917
-0.5879717261
-0.3298549667
1.625360134
-0.2432100572
-0.392990575
-0.4229555316
-0.2047774453
-0.003602990042
-0.5340482518
-0.6342467412
0.09829865051
-0.5513968706
-0.634518078
-0.3152339734
-0.2033020642
-0.4986086726
-0.3233928315
-0.441941179
-0.3154131718
0.01448446168
-0.6249118999
-0.5913372412
-0.5462141499
-0.7219629854
-0.2916884027
-0.1785031926
1.463685551
-0.4476167284
-0.5005496338
-0.4348521799
-0.1953763936
-0.6784779221
0.1709923404
-0.2273091752
-0.3408871971
-0.4403867781
-0.1971972761
-0.3817605674
-0.2584215075
-0.2612004869
2.452502334
0.002478031907
-0.3100019976
-0.2019516736
-0.2250277393
-0.3388968736
0.05623702127
0.5808001224
-0.4596186012
-0.267918111
-0.6558142364
-0.2627090409
-0.2526600648
-0.3290054537
-0.6616924256
-0.00666971188
-0.01707589719
-0.07000829084
-0.4995341167
0.6369954608
-0.5935072869
0.733113106
-0.5887579009
0.4328073645
0.2844518596
-0.3373776384
-0.5830784187
-0.3155513309
-0.2590246156
-0.4679884836
-0.4997355387
-0.01659542564
-0.1778954463
0.1227731785
-0.3066172309
-0.2658109903
-0.4172826067
0.6577564389
-0.3455559477
-0.1338514095
-0.210354175
-0.4371280178
-0.284543021
-0.3773096316
-0.1994938398
2.27994346
0.2622456079
1.320452178
-0.4260062009
-0.4803797945
-0.2758743348
-0.05172924055
0.02359781666
-0.3409566782
4.156067336
0.7335097477
0.2306933697
0.5731008664
-0.3399894975
-0.06292634271
0.05469641527
0.7248453259
-0.002994530648
0.3130632672
-0.2448170261
0.06512033888
-0.1382807195
-0.5904947549
-0.2115850096
-0.2250258036
-0.1369241565
-0.2880894989
-0.3500742845
-0.2596974682
0.03452730966
2.134703642
0.2256309235
-0.2598386437
0.2715209424
-0.5136667356
-0.2118029136
-0.3241103798
-0.3046380699
-0.3346867219
-0.2502521154
1.089943638
-0.3956872016
-0.5204905391
0.001267750748
-0.08361650994
-0.5278228924
-0.1544508765
-0.338122113
-0.5257009193
0.6188993782
-0.09706278378
0.01433376763
-0.3876959518
-0.1951190764
-0.424834685
-0.4104990251
-0.1143417332
0.08231708212
3.406604648
-0.4627061114
-0.2681621656
-0.5052740946
-0.3611856669
-0.5707746923
-0.4390054479
-0.2050395902
-0.09865989983
0.3499064095
-0.1607085412
0.7214921091
-0.3960338011
2.074654204
-0.2508457415
0.3481371511
-0.1990913244
0.2592706434
0.3205970664
0.06137718637
-0.4353150219
-0.4682370424
-0.3020590302
-0.02007604335
-0.1286519769
0.9502415657
1.841409805
-0.3834234148
-0.2854403175
0.7917150468
-0.09453238565
-0.2126985307
-0.249729915
0.5092919052
-0.8052309453
-0.5747044429
0.8055631995
-0.2588611405
-0.4624451071
0.839603655
-0.3543563798
-0.08604750149
-0.4180860668
-0.03728040438
-0.5567050219
-0.3753290586
-0.4268629268
2.32262693
-0.3827368215
-0.396838145
-0.4744135991
-0.4129731253
-0.2316265643
2.089375567
-0.2823243197
-0.4651524171
-0.3501704372
0.2467195643
-0.2386353264
-0.5284576327
0.4686756544
0.5810030743
-0.4321181536
4.370950329
2.327269709
-0.4377881691
-0.2518122006
1.459276918
-0.1272686959
-0.2486269521
1.974509966
0.1749069716
2.086401516
0.4329647247
1.051681787
0.5282838335
3.33196584
-0.1617028475
-0.3548227511
0.06270611268
-0.2488579219
-0.481943658
-0.3530216239
-0.3067448892
-0.3380118951
0.1634116255
2.791075838
-0.4104617834
-0.1675895669
-0.407039839
-0.311227081
-0.1813366486
0.4613273993
-0.2786517121
0.2059945899
-0.1265291067
-0.2132215176
0.3749187969
0.1985423508
-0.2457305513
0.7753930965
-0.1760301519
-0.2861688837
-0.3337556385
-0.4777925581
-0.09713962413
-0.3014793795
-0.3501936667
0.3641775438
0.0671605669
-0.1134765815
-0.07065925812
-0.2781882625
-0.1366352591
-0.435313639
-0.1430121779
-0.2809398126
0.08391425051
0.05885146474
-0.3280878551
-0.3571293175
-0.4607525498
-0.2812148988
-0.3165375985
0.2262693796
-0.0963792339
-0.5336616769
-0.1667003393
-0.2939127333
-0.3247709036
-0.2645850796
1.052675495
0.1258784186
-0.4752017513
-0.3440098986
-0.1953438271
-0.05090679303
-0.4336852193
-0.4364799201
-0.3931507356
-0.02628803691
-0.5304353863
-0.3579429507
-0.4453675598
-0.3918538369
-0.1164987149
-0.08711829865
2.250458241
0.04694354497
2.464304346
-0.1586223364
0.8776852943
-0.4150204293
-0.3284049645
-0.2038992204
-0.1146618005
0.2357068472
-0.03666403601
-0.420025146
-0.1612150137
0.007468143944
0.6332955681
0.5602350891
-0.228948863
0.1482447378
-0.2164757259
0.4921667317
-0.08795134025
-0.6111277848
-0.1976292018
-0.2486261748
-0.3798312061
-0.2413143653
-0.4538822845
-0.2626813922
0.1287389707
-0.3721641518
0.04307104051
-0.3730710804
-0.4915104792
-0.2150149113
0.3350099251
-0.6921587765
-0.4462243572
-0.1975147244
-0.1082712522
-0.2986144535
-0.05426910147
-0.03308316641
0.07818518858
-0.3538862266
0.009227610333
-0.1618460698
-0.1336332206
0.9516423777
0.05376836509
0.5046860307
1.217385483
0.036122307
0.1821021907
-0.4182183474
-0.1205877135
-0.2576451391
-0.5171103865
0.06855154042
-0.1419470537
-0.7007361501
0.728645377
-0.3755332559
-0.3336333834
0.0488967509
-0.3777062021
-0.1585752469
-0.1263959218
-0.09722681008
-0.07756810989
-0.7480334401
-0.4583284721
-0.2696836241
3.905369723
-0.6321468979
-0.4085572626
-0.590541932
2.269275147
0.0831641471
-0.6952166438
-0.5175875485
-0.6911105275
-0.1410730983
0.05812069364
-0.2707666233
-0.3129476905
-0.5498703599
-0.266116596
-0.3235721171
0.1564162873
-0.3290791087
-0.2558029294
0.1218769405
2.46686877
2.280604833
-0.2700814083
-0.3644073151
0.004198274482
-0.2019296058
-0.2755675323
-0.1302313633
-0.2265055636
-0.1953740411
-0.46475389
-0.07429497736
-0.2207015406
-0.2049068857
-0.1700536299
-0.1270971365
-0.2535856562
-0.1862696291
0.07096113218
0.04687357601
-0.3469563741
3.731724286
0.5391411481
-0.2540280901
0.1935067604
0.2516212923
-0.4729850426
-0.05255219545
0.1664048042
0.350336688
-0.1348827974
-0.2033212662
0.4147304319
-0.3908502445
-0.1369319674
1.207729915
-0.1241118019
1.95038985
-0.2349088594
-0.2469094023
-0.05807632189
-0.1493398206
-0.1878513871
-0.2615719758
0.01684007868
0.2347450711
-0.6242339492
-0.4214703694
-0.3090273384
-0.3876042634
-0.3867732123
-0.1948421773
-0.3666716777
0.7668770939
-0.5034165427
-0.4107795104
-0.5535232127
-0.3269464675
0.6388266824
1.03069283
1.980414617
-0.5566552505
0.635612949
0.7477946579
-0.5433215216
-0.3670556262
0.0931670621
-0.2840064149
-0.03849125803
1.996999019
-0.05659811087
-0.1862133736
0.6810558237
-0.5067033261
-0.03580291588
-0.2176131353
-0.4797684208
-0.7353238136
-0.3404141255
-0.164913521
-0.5144948915
0.8489374204
0.1451565433
-0.327751112
-0.3223477587
-0.3429493735
-0.1965674341
-0.336091312
0.01381652541
0.331270064
0.01328938752
0.2993464965
-0.5208596781
0.03548952732
-0.01223372966
0.5712746531
0.1885692384
-0.3732075587
0.2664265986
-0.5077246979
0.02941887006
-0.2071171585
-0.5188605264
1.217015964
-0.4401503459
-0.355272349
-0.1702278137
-0.1951731421
-0.4007186867
-0.5489155382
0.1260303646
0.1419264401
-0.4049972147
-0.5526169494
0.2064048126
-0.5868609771
-0.369265186
-0.4993186519
-0.4007105306
-0.08515279125
-0.1170106634
0.5747646131
0.1927132559
-0.5121316165
0.1788708907
0.08500815993
-0.4804575831
0.1442016644
-0.2907799505
-0.3139115494
-0.6049513817
0.2981835067
-0.0423417734
-0.3098601259
-0.09227388985
1.260782249
-0.1525937883
-0.2378160331
1.45819546
1.039998621
-0.07290788935
1.502761155
-0.08814989515
-0.4930231616
-0.0835507622
-0.4288251013
-0.3883541681
-0.4862209678
0.182285767
0.3291239399
-0.5512437254
-0.6861024559
-0.4760227248
-0.6336894199
0.1510850657
-0.008638540562
-0.3102277033
-0.584591575
-0.2095593046
-0.4555707768
-0.4135023579
0.3505076673
-0.4322394058
-0.1063942436
-0.2493859276
-0.2826787353
-0.5057401001
0.4162824119
-0.1697576405
-0.3635830238
0.07879784503
1.70655196
-0.4521439806
-0.4832178533
-0.2493410511
-0.06902902331
-0.2661574613
0.09312934596
-0.1743964672
-0.2509221919
-0.3666662358
-0.4190377012
-0.4527091131
-0.1127457554
0.217584372
0.1409815427
-0.2343989292
-0.4678594828
-0.05236257119
-0.2010899579
2.817894399
1.418732059
2.97023145
-0.3439958185
-0.134475176
0.08598451847
-0.2659648975
0.206729484
-0.2210031874
-0.3493938357
-0.1937344681
-0.05847911034
-0.08770537646
0.886264237
-0.04524383154
-0.2171761638
-0.3277770989
-0.4598801062
-0.4239242643
-0.4033183232
-0.4006965473
-0.3206981018
0.4451831173
-0.3448500715
-0.1127988355
-0.1341073513
-0.3672258541
1.065020841
0.6738421038
1.481186777
-0.3864287622
0.3693897685
0.4513338931
-0.5543311894
0.4957133847
-0.652759558
-0.317050723
-0.4030722931
-0.5018347397
1.379888743
-0.5551387385
-0.4756397054
-0.4626217008
-0.4236552879
-0.2675350498
-0.483983624
-0.03042776519
-0.3277131431
-0.3553845234
-0.2130949266
-0.321146784
-0.2753651679
0.3197684456
-0.4432526305
-0.2419834167
1.712842792
-0.4832727253
-0.3458439566
1.01670941
-0.2989733174
-0.5082319528
-0.3589268312
-0.3684240222
-0.2200501448
-0.1839638798
-0.3413942948
-0.2832488
-0.2702696767
-0.09810356051
-0.5929346025
-0.6117802814
0.6014679115
2.408112466
-0.437073914
-0.2099435335
-0.2256305475
-0.5877045482
-0.3460162237
-0.03296324164
0.9537011266
-0.5102936178
-0.516717127
-0.5191255942
-0.6911387622
-0.4864985049
-0.3698879778
-0.1332804383
-0.5436454654
-0.6437840462
-0.1679490991
4.726522589
0.7291430973
0.09574894565
0.456065288
0.03855262473
0.06756518018
-0.3407723412
0.03510445869
1.443653995
-0.2506288424
-0.3402814642
-0.4741442397
-0.5064476132
-0.03110480076
1.948486316
-0.3104439054
-0.3645140499
-0.5871883348
0.7438731685
-0.6241802752
-0.3787139602
-0.3183032021
0.08069093376
-0.3120642066
-0.4855388358
-0.3827610195
-0.2696309081
-0.1287009638
0.2133252889
-0.5692062706
-0.385678564
-0.5593330234
2.360974431
-0.5807702482
-0.5647202983
1.199035648
0.2075224202
-0.5074359775
-0.6631117195
-0.3187533092
3.348217463
-0.1800307643
-0.4137843609
-0.0251275084
-0.5204629242
0.1129543962
-0.2405301347
0.1152505714
-0.04441952258
-0.5544768587
-0.3347203242
-0.4100749105
-0.4460752577
-0.2129666036
2.792868471
1.596272908
-0.168676731
0.8214064334
0.4354343213
-0.1390634486
2.472479677
0.2949981006
-0.3240186714
4.516564453
-0.2273736782
-0.19169944
-0.4462335125
-0.03580834158
0.2608460931
-0.2374100812
0.8170488372
0.7720028982
-0.3796121277
-0.02239200324
-0.1799644008
0.2237892009
-0.1629489466
-0.1823858462
0.09075881783
0.8748219341
0.2650272071
0.01099217162
-0.2683400854
-0.02009813213
0.3148047149
2.354546303
-0.1404831506
0.02831483632
1.355232558
1.492248756
1.120635583
-0.2470314048
-0.1359514305
0.6975376517
0.1082607396
-0.08873126172
0.3825074896
-0.3699707225
-0.109824194
0.1243737568
-0.3493530035
-0.07528691227
-0.1521119509
-0.3300633453
-0.1661797464
-0.02671442172
-0.1359458445
-0.3663199686
0.1234381323
1.238373595
-0.3328369174
0.186651527
-0.2624926172
-0.2387193602
-0.2613892037
0.4912246883
0.5051479049
-0.1480292993
-0.4462080315
0.03529433236
-0.1075478336
-0.009513581172
-0.1883769175
0.005098304152
-0.295172371
-0.1096510705
-0.1644642083
-0.2708479926
-0.1215503911
-0.1407189748
0.1587369425
-0.2595678078
-0.5248558611
0.1760200548
-0.5026565105
-0.2853414416
-0.2856039509
-0.3284639047
-0.5574175581
1.741117507
-0.2574179965
-0.4643128946
0.03277045712
-0.4484096035
-0.5543032601
-0.07846745774
-0.4265171185
0.07576259617
-0.1925724685
-0.03940654621
-0.26623438
-0.3260164695
2.755096358
-0.4041925021
-0.4373494655
-0.3868111335
1.786952206
0.0007258228492
-0.2133826618
-0.2166339861
3.102607244
1.760356599
0.5725274129
0.2688249975
-0.6160229087
-0.08586406149
-0.2133115517
0.3105498575
-0.1960311279
-0.245459654
0.8635973398
-0.5510095119
0.2177100876
-0.2520387325
-0.3918423802
-0.1046815278
0.117559469
-0.01077011954
-0.2519087467
-0.2884897619
-0.04045880875
-0.1242084403
-0.08564485973
0.4983692005
-0.5015080154
0.7273541227
-0.5014935866
0.04224156663
0.1081476353
0.3235992365
0.117423515
0.03775400668
0.2391898013
-0.2315910645
-0.06550164707
-0.3061834738
1.659252712
-0.04283305937
-0.1152143445
0.371859609
-0.2653856553
0.0573280748
-0.3213753916
1.662801489
-0.05593699822
-0.1212438282
-0.2377175909
0.005518540833
4.325312912
-0.3489352599
0.5413929466
-0.1612015244
-0.4252228707
-0.2419319339
-0.61856471
-0.1041681178
-0.3556329109
0.01792405024
-0.2593164247
-0.05823332481
-0.3501896635
1.754013473
-0.3514056131
-0.1128733531
0.368195359
0.06313592419
0.7211349532
0.06879867874
-0.1467405085
0.2868295953
-0.1337142566
-0.2157917295
-0.2612611532
-0.2610282952
-0.1661304936
-0.1771329083
-0.3720903091
-0.4662555501
-0.2177830536
-0.2373167746
-0.2104474548
-0.3685906753
-0.4909376919
-0.3388876013
0.3817350373
-0.4480364367
0.2032299757
-0.3591278538
-0.2690441869
-0.0285437312
-0.5852601752
-0.08030940089
-0.4135934874
-0.4530743957
-0.5915527403
-0.4623245761
-0.272711524
1.437202828
-0.5429402173
-0.3569589704
-0.218407185
-0.2893648654
-0.3995803341
-0.4145735934
0.4607508115
-0.3374824904
0.4626340158
0.2328888869
0.2458945201
0.3052429066
0.04866897436
0.5370245598
-0.08674766412
1.246363081
1.715347877
0.9300265551
0.4256214509
1.418955255
-0.215298574
0.1360142924
-0.07237287778
-0.3716801897
0.1030086909
-0.2470989779
-0.3627348572
-0.3348714828
-0.2978117056
0.1040456226
-0.4628241614
0.9249079168
-0.3408398658
-0.4695496447
-0.2413374037
-0.2385066457
-0.09203551502
0.6655588061
-0.3163541496
-0.1249216475
0.5103819337
-0.4725742236
0.009724620637
-0.06911279568
2.606193745
0.07756195422
-0.07159885354
-0.3043985114
-0.3924172178
-0.2408533782
0.2698867577
2.654088867
1.724375421
-0.1942184769
-0.09255630394
-0.4570599154
0.7581203133
0.8008501515
0.1232002698
-0.1466867249
-0.3925775498
3.425660717
3.893643868
-0.104033595
-0.4786675677
-0.5723274708
-0.2287171515
-0.264594618
0.7423946023
-0.4060295247
-0.01990044564
-0.3882699847
-0.3852238558
0.0488924861
0.4952640511
-0.5466037303
-0.4057545751
0.6836265609
-0.3292241851
0.7885997325
-0.5279098481
-0.4804111913
-0.2304309245
-0.5183413044
-0.6885048389
-0.4615097523
-0.4136071607
-0.3061173268
0.17366421
-0.334237054
-0.3400356054
-0.0570279723
0.8047332153
0.06099502593
2.031046975
2.46419338
-0.5031342238
-0.08846512027
-0.2612004258
-0.5888320774
-0.07405808596
-0.3262840763
-0.3357806206
0.2338617211
-0.2564410878
-0.4661492497
0.187988173
-0.1311314351
-0.5428370491
0.6119264059
-0.4298902988
-0.2280182745
0.1079653397
-0.5911049262
-0.4632359236
-0.3682857431
-0.2186197199
-0.1049392667
0.2378111744
-0.3931988925
-0.4024583191
-0.4285802849
-0.5188002035
-0.1764793277
-0.2935290068
0.5990000069
0.1753757702
-0.4540790662
0.4411101338
-0.579601419
-0.5587636933
-0.006725942437
-0.06524528544
0.03098965644
-0.1787832694
-0.3752846912
0.07809183784
-0.1351491027
-0.1070215872
-0.4117436364
-0.6376173258
-0.5342081234
-0.6706933588
-0.7274559468
-0.7110258132
-0.3053305056
-0.4982755244
-0.1035981338
-0.1596176427
-0.3253015965
0.09885146637
-0.3486727953
-0.4725437298
0.03515152074
-0.2755382784
-0.339308577
-0.4296870083
-0.3609487917
-0.5378575027
0.5724315558
3.33071723
0.4747567855
-0.4413345665
-0.2611169558
-0.1754786482
-0.05703299083
0.4816523938
0.1914258213
-0.2177301899
1.338607317
2.749821699
-0.2138965175
-0.005333830975
-0.1242732616
-0.07147741579
-0.5416750193
1.009336559
-0.2505702816
-0.3280936703
-0.3573989712
-0.6198975146
-0.1282045599
-0.02444988631
-0.2972554084
0.002088534459
-0.4629679635
1.060500857
-0.3900044899
-0.4289003432
-0.3247814693
-0.244724077
-0.3794826046
-0.1576947298
0.2482685659
-0.6197297424
-0.584284851
-0.2692135267
-0.4803390726
-0.4663158715
-0.7200607866
0.06333891936
3.511124241
0.2476143415
0.374492025
-0.2149776928
-0.5266461208
-0.4692518294
0.02994937301
-0.6668747887
0.03481480298
0.1018697518
-0.2056205131
-0.3807792038
0.68594072
-0.0151789872
-0.3829818949
-0.2570218429
0.6481428668
-0.1436330467
0.7654228911
-0.4808699667
0.06834498332
-0.3433726236
-0.5438568935
-0.7142536402
-0.540443939
-0.7405370563
0.2873405933
-0.4602834716
0.194223542
0.05959127955
-0.2859778419
-0.08683907865
-0.2835406497
-0.5191894546
0.1568270227
-0.2391357511
0.7023704022
-0.1663340237
-0.3866662093
0.1834130259
0.04748643725
-0.3357062265
-0.4358369365
-0.08924651537
-0.3781574264
-0.0129682675
-0.1367668439
-0.1110669009
0.01320504942
-0.2256718643
-0.6132166535
0.2700929292
-0.1338614177
-0.5261247352
-0.3505633697
-0.210566722
-0.06194235589
0.3980937781
1.59909128
0.07741483571
1.143381665
1.978861153
0.3821759311
0.4010365192
-0.4034193978
-0.1825667913
-0.2879372761
-0.3894261375
-0.649555856
-0.5958709881
-0.2022339098
-0.1713763058
-0.1825091098
0.01159450766
-0.2913061474
-0.2082321124
-0.6029185817
2.291993272
-0.2962735794
1.989221084
0.0495835213
1.466641009
-0.1290834575
-0.1291638101
-0.004046127014
-0.03970666425
-0.4501887262
0.3087092696
-0.1166615631
-0.5803250253
-0.4347840115
-0.3664258219
0.1070297952
-0.5802590504
-0.6560474247
-0.4325446278
-0.67877969
0.07082760455
-0.5044000313
-0.3321601536
0.009675793909
-0.5955255762
-0.511338757
-0.308185377
0.1284305904
-0.005027271714
-0.5045767769
0.7582673393
-0.6938592702
-0.223752255
-0.4807378098
-0.5991327912
-0.4339620978
-0.3581583142
0.07394926688
1.370946139
-0.6025953233
-0.3874259412
-0.1680284981
-0.3083764695
-0.6386642903
-0.441770108
-0.4056992576
0.08406164665
-0.4674846992
-0.4164537504
-0.5755694374
-0.2227792942
3.933386624
2.921855116
-0.2508888785
-0.7773620039
-0.4601932332
-0.2945232481
-0.5998652235
-0.3430541858
0.06188241169
-0.2952545976
-0.6169554293
-0.457166557
-0.4168338522
-0.1230208321
-0.4465794131
-0.2671940543
-0.4808753818
0.0747055118
-0.3589768279
0.005015032366
-0.4094882399
-0.500352779
-0.3433691204
-0.4669640556
-0.3034528904
-0.1730212305
-0.09230370112
-0.3747750811
-0.1967675354
0.3706451751
-0.4641250893
-0.4265914842
-0.7116366208
-0.4992109179
0.5976561939
-0.4543788895
-0.3170106962
-0.202002584
-0.3445134811
-0.6212293983
-0.5176082879
-0.7487755999
-0.01970401807
-0.6005109251
-0.4032061793
-0.7643622518
0.08158220537
-0.2086948685
-0.4062959149
-0.5543336362
-0.5066567585
-0.2202852763
-0.2565646321
-0.5811732963
-0.5641795531
-0.6644267812
-0.4632732227
-0.5329546645
-0.1706229255
-0.2469773866
-0.663538
-0.2998880547
-0.1382304786
0.01796030495
2.271666396
-0.4689962938
-0.4050913781
-0.3116452739
-0.4080830574
0.9354983777
-0.4548319533
2.156477833
-0.4643885449
-0.3572767302
-0.3385067955
-0.3930451155
-0.5419795275
-0.401813136
-0.3213136926
-0.3514833901
-0.3244466394
-0.3671417873
1.340274429
-0.5825342506
0.9927267611
-0.5809723467
-0.5162577882
-0.4176238999
0.1166563655
-0.582753399
-0.2614351252
0.5696708068
0.5004609421
-0.1023287959
-0.4491572604
-0.4541674912
2.839315867
-0.5010751382
-0.6587318733
-0.3884304136
-0.389823509
-0.1235308304
-0.7320622504
-0.5705233887
-0.2055957653
-0.4248875976
0.005091683194
-0.5888310403
0.8710184783
-0.5568608016
0.6516874939
-0.4667951882
0.0400251057
-0.6554978162
-0.6577914506
0.0569929352
-0.4013355017
0.04206219204
-0.1626089898
-0.6568129361
-0.1419651926
-0.2551328756
-0.4228289291
-0.2789130844
1.444828549
-0.03607727792
-0.0511801688
-0.3000950187
-0.5930666029
-0.6263851136
0.06359778717
-0.02249198603
0.1469688071
-0.07736790963
-0.4061574787
0.2666262977
-0.2699742869
-0.3462595075
-0.2544845257
-0.516419968
-0.2734670863
-0.5837579027
0.0728264452
-0.2468405649
-0.2941195309
-0.2876669921
-0.1997357342
-0.5520272881
0.1543634871
-0.3154856637
-0.3467676274
-0.5717654496
-0.4063507527
-0.4024229527
-0.1629241798
-0.1896652706
-0.2506777521
2.175845146
-0.3202642884
-0.4446074873
-0.06852129232
-0.2166935671
0.9864178836
-0.4082978413
-0.4049050122
0.2187259609
0.6791163206
-0.4190881133
-0.32031928
-0.3334876888
-0.1771195775
-0.2496693287
-0.01729795886
-0.1102237275
-0.2945246279
-0.5890728965
-0.4193618327
-0.5668179527
-0.5594401449
-0.2424607955
-0.4842453644
2.014767319
-0.6087889656
-0.03749629818
-0.256263927
-0.4235399738
-0.4718357414
-0.2178584861
-0.3885505974
0.4995666929
-0.4109805495
-0.2715626609
-0.558631213
-0.4029270142
-0.4784450263
1.863871902
0.845410005
-0.2132912368
-0.01662163734
-0.5368416697
-0.2174202062
0.6792421464
-0.155534354
-0.1959222753
-0.04416700378
1.075891153
0.0007111669518
-0.1745441836
0.07351836562
-0.06524465373
-0.4719239965
-0.3590535164
1.065918353
0.0855635297
-0.09868211569
-0.508207038
0.7247992381
-0.5056570008
-0.6070635125
-0.2668662012
-0.6723874569
1.53750928
-0.08882276258
1.076355845
0.05020607822
-0.3650385551
0.06496178675
0.350218042
-0.5129981935
0.1593041109
1.779075187
-0.4948059604
-0.08067010771
-0.2212737649
0.363925436
-0.2803047936
0.1583941286
-0.003822690714
-0.2649574757
-0.6660919249
-0.4454808563
1.183168714
0.04979678709
0.3707938096
0.2984498143
-0.4005018696
-0.1493670247
-0.5908524796
0.1372123349
0.208030122
-0.1424742244
-0.2079032131
-0.30315639
-0.2258394252
-0.4315058857
-0.1365415221
-0.1412385149
-0.2759303294
-0.3536289684
0.007951762341
-0.0280584537
-0.3806008384
-0.09826308107
-0.4489083782
-0.3914210036
1.020888056
0.07944659162
-0.3065676674
-0.3525382325
-0.4733571097
-0.3878449023
-0.2195020512
-0.0873008756
0.9499251924
-0.1920886498
-0.3438221686
-0.06989345755
0.4693706792
-0.154112422
-0.3832060315
-0.1139231738
-0.451045166
0.0004957074299
-0.3193144254
-0.3209271442
0.306199765
-0.009195115697
-0.06228337437
0.4455585297
-0.4587589815
0.3025813149
-0.06361607891
0.07468362581
-0.2942476459
-0.1861666987
-0.3292487532
-0.1627254188
-0.2025184282
-0.04914356014
-0.3702520534
-0.3570266668
0.3171940897
-0.4683205605
-0.2659332216
0.04447607333
-0.4489718318
2.253266579
0.1784047846
-0.3474329352
0.8353150949
0.2960652756
0.5610646223
-0.3192852013
-0.5485054329
-0.2020589255
-0.02807292631
-0.04564645663
-0.4684586614
-0.4873645887
-0.2466625303
-0.4735186994
0.06977439304
-0.2361531414
0.6241582647
-0.04122222289
-0.03722602651
-0.2194055878
0.3962905388
-0.1763483448
-0.2695664644
0.6381501287
0.5416434892
1.028911321
-0.2740752168
2.292199028
-0.2258874403
-0.4718390688
-0.4195605934
0.5818964019
-0.01657525524
-0.1935452193
-0.1604940429
-0.2995129462
-0.4561918765
-0.169250382
-0.1313231369
0.08371753171
0.1407676008
-0.01540748309
0.0406445317
-0.08770595342
-0.306059543
-0.30955351
-0.1449788461
-0.47595191
-0.2128584944
0.2630223168
0.08422422158
-0.3795537688
-0.1695619494
-0.2887369767
-0.3812362537
-0.2644109784
-0.08582698423
0.2208693624
0.2982648255
-0.4111070022
0.1126442868
-0.2479429573
-0.3314142443
-0.3426937789
0.2539014731
-0.2314040393
-0.3134765483
-0.07296104133
0.3980450577
-0.537824294
0.1345585203
-0.3737837791
1.24237799
-0.2589298861
0.3494182482
0.9318165123
-0.00619114018
-0.3676716506
-0.09072923446
0.6454248507
0.6270250082
-0.1546139203
0.9615867376
-0.481642431
-0.4725080945
-0.6135979384
-0.1700336276
-0.5098933473
-0.2484297581
0.04876190312
0.8266354311
-0.4401356727
-0.4026854582
-0.5108967677
-0.4197463274
0.5194615036
-0.2512667447
0.6549312472
0.2202881554
-0.3012181345
2.67255376
-0.5246471003
-0.2213327686
1.005668879
-0.6079278022
0.1799810026
-0.05787473507
-0.2740180783
-0.04555808366
-0.006823619828
0.0002110168803
0.3282345064
-0.06592821367
-0.1450318098
-0.1883826635
-0.5374330208
0.3517096958
1.004569165
-0.214428468
-0.003010837175
-0.1984254012
-0.04634316992
-0.4097719043
-0.4784378439
0.04907621685
-0.05225245748
0.8688508742
1.345156848
-0.09214040274
-0.211892134
0.6121828031
-0.1768329494
0.06990745394
-0.4149016462
-0.2698072795
-0.2362999555
0.2129255934
1.609488839
0.520579832
2.024244386
-0.3019365465
-0.06117622294
-0.3468321882
-0.5154602095
3.314273548
-0.4188340724
-0.07514838818
-0.3343240201
-0.4562881246
-0.4722295374
0.5500681214
-0.2078612862
2.207671767
-0.2909182765
-0.0996747816
0.04365606783
-0.04133416582
-0.3270809013
-0.1660183832
0.03405656526
-0.1570749171
-0.105541151
-0.3809570618
-0.07400926352
1.166064233
-0.1840500422
-0.2148265503
-0.3173778348
-0.2149042336
0.2899205362
-0.3774646163
-0.0374205051
-0.2229457532
-0.4282978054
0.01387752723
0.08094871864
-0.0651133284
-0.3059536353
-0.107618629
0.1140717791
0.2575090278
-0.2253285054
-0.3903425857
0.2093712461
-0.4408117913
-0.3791081399
1.479868165
-0.5617624864
0.4873518657
0.6151789015
-0.341078344
-0.37985164
-0.4604416817
-0.5282600433
-0.1628342777
0.29661102
3.214429319
0.5300348304
-0.06203159085
0.1833487263
-0.29786558
-0.6009491339
1.794962603
0.02146528438
-0.2550468214
1.643369663
-0.4080689088
0.7769897474
-0.1340370934
1.407728669
-0.3893455043
-0.3322106101
-0.2203604262
-0.2260070786
2.438701802
-0.31110554
-0.3334427252
0.9132149467
-0.1037970269
2.637246728
-0.2260003548
0.120952263
0.06570006236
0.0777271064
-0.04676528629
0.08738108948
-0.4128572762
-0.2157568365
1.2059816
-0.04293252528
-0.4354155712
0.6597655661
-0.285540133
-0.5611010194
-0.6200939327
2.978022766
0.02578101465
0.2773718018
-0.6107582897
0.2980364765
-0.4137412131
0.6638334384
-0.542508854
0.8697147064
-0.281679789
0.07301488793
-0.2371169068
0.3612344822
-0.3125751507
-0.600353539
-0.5500353783
-0.4979192048
0.1274009695
-0.279772491
-0.2199746331
-0.526489234
-0.3343175896
1.524704236
0.118857507
0.053734391
-0.613976486
0.1866177599
1.188164514
-0.5716249913
0.5513973743
3.238147795
-0.3643060476
-0.4147778697
-0.06303956397
-0.3964490935
-0.2265542421
2.578693247
-0.01204686891
0.5657892808
-0.25359687
0.0728426707
-0.3046755046
-0.002043902688
-0.1916830886
-0.361642547
-0.1507864246
0.3300733466
0.09095344851
-0.1636084558
0.1773774039
-0.1921225936
0.04044022013
-0.04345530653
-0.4967789829
-0.2361606837
2.4938685
1.256453976
0.8233538091
-0.1101201865
-0.4770770907
-0.2035170812
1.255835673
-0.3077731915
0.02040225454
0.6876781572
-0.2919955817
-0.3143206034
1.609381479
0.2186329458
0.06849917341
1.301826784
0.190288116
-0.6273974389
-0.3077315547
-0.4873577103
-0.2281787368
-0.1818365296
0.6205624677
-0.3689172741
-0.08514336441
-0.05139591987
0.7180536002
-0.144962199
0.2822477336
1.676381445
-0.05456347391
-0.0689536646
-0.5241023153
0.1509743195
1.076512975
1.141380063
2.788904536
4.717521691
3.406723177
2.56275726
2.464695132
-0.3658045299
-0.4097218603
-0.215800108
0.08883140692
-0.3067546539
-0.07973775566
-0.3221427603
0.04227124425
0.374849369
0.01608597767
0.3396467777
-0.1793682481
0.4176028479
-0.34755181
-0.2151104392
1.79948853
0.2652916908
1.282207496
-0.4317421064
2.145527762
-0.1931207161
0.2029167787
-0.3650987078
-0.1151814096
2.006155163
-0.414074757
-0.4414816156
-0.4045035362
0.2926623269
-0.4858269572
-0.4624478869
3.320602357
-0.3727321424
-0.523665905
-0.2323173136
0.4050530842
0.1047081957
-0.5474596724
-0.2667828329
-0.2744205475
-0.4941655383
-0.1670806793
-0.1788161088
2.003188574
-0.3194166891
-0.1817343967
-0.31867413
-0.301195614
-0.3586819947
-0.2819018576
-0.09538865965
-0.3692868456
2.738015211
0.0224521074
-0.3015553821
-0.3774778381
-0.004894208349
-0.1004457241
-0.4609789938
-0.5699164748
-0.2163255144
-0.268681626
-0.5909941971
-0.2232930146
-0.2301296655
-0.3265180223
1.348627695
-0.4299374111
-0.3306382626
-0.4820532456
1.524184552
0.8236550391
0.03957939455
0.4143555316
-0.2551980546
-0.2944280572
-0.2529497735
-0.3349915691
-0.2200063522
-0.008679968677
0.1684605194
-0.108600116
-0.2941547494
-0.2310074981
0.08633984737
-0.07723118365
0.7306925811
-0.5713577628
-0.5392340556
-0.3672115974
0.5713312745
-0.3031322751
-0.3827766128
2.489292866
-0.1970167559
0.26054899
0.6362673435
-0.3518501204
3.593884206
-0.4021458
-0.5872386485
3.861626256
-0.5175528347
-0.4285377204
-0.3890706323
-0.3630951136
1.32525239
-0.6053872883
-0.6080255657
-0.5533411965
-0.4129387349
-0.6727526471
0.4534741003
1.138521643
-0.3549191453
0.07706859559
-0.3408557713
-0.2403726362
0.1749096081
0.1116075682
-0.4007971957
0.516414869
-0.2790731553
-0.2959383231
-0.165278668
0.2574846007
-0.377005738
0.3883387145
-0.259771435
-0.2407805432
-0.1303240845
-0.1826227719
0.3619772586
1.167959554
0.166727259
-0.08566572256
2.05014019
1.093108377
1.750462806
0.1711627438
0.2316608312
-0.2441535998
-0.1304940429
-0.1054043848
0.3650986999
0.5941168319
-0.122643262
-0.3370187283
-0.3217609018
0.2376431476
-0.002206351981
0.1110538828
-0.3827539314
0.2365668706
-0.2557112265
-0.2246174168
0.0608060007
-0.2574659656
-0.2538215738
2.775394666
-0.269111836
0.07958005909
-0.3760639973
0.1014349515
-0.4923569739
-0.1451804317
-0.02763117086
-0.5598086327
0.02587012984
-0.3854755484
-0.2690087397
-0.3012692163
-0.1427748859
-0.04125665333
-0.3844841294
-0.2198315319
-0.3831492409
0.08864753116
0.03356094281
-0.2500595111
-0.01522845235
-0.06788924085
0.006766898558
-0.2901533708
0.01389323939
0.05719934241
-0.1924837335
-0.2767699622
2.782928216
0.09424645947
-0.1273920359
-0.1097688112
-0.2724120244
-0.2988118999
-0.08014535448
-0.1245101382
-0.1164428577
0.07524043582
-0.3774245389
0.8023338396
0.5584369436
0.04657020122
2.39696905
0.01408048049
0.1857978193
0.501880461
-0.06180340769
-0.2377114519
0.7049575217
-0.07714837268
-0.2417714983
0.2977140929
0.02184818136
0.1738856535
-0.1748081282
-0.08105828129
0.1335065968
-0.1422561993
0.09494528873
-0.1548940307
-0.4254231453
2.048077768
-0.3988158755
0.1040074993
-0.4584624812
2.105142647
0.09759987686
-0.2661266267
-0.4249776378
-0.293526822
-0.06436487911
1.754917163
-0.435109292
-0.04314846182
-0.2860988006
-0.1425440747
-0.287999557
-0.3212438555
0.2727689486
0.1649462977
-0.01281636637
-0.06304740231
-0.1258905586
-0.0869052073
-0.2502926469
-0.03547536992
-0.09748471482
-0.05092189796
0.3321847714
-0.3237312756
0.8478566192
-0.3867839187
-0.05567353936
0.9952805802
-0.2299409369
-0.1336716639
1.971835095
-0.2339511313
3.117418897
3.669346523
-0.04868284389
-0.3806237854
-0.1708872586
3.283993304
0.3638100063
-0.3180472806
-0.3403342865
-0.4311154261
1.292159477
-0.120056864
0.5068807356
-0.0139955204
-0.1623406119
0.1943214636
0.5348163297
-0.4471657082
-0.4965727404
0.760607928
1.805052167
-0.2736614969
-0.3927341301
-0.2665325062
-0.309861356
1.295575348
0.2342245895
0.009531965293
0.4794764172
-0.3445312604
0.02913099271
-0.05670391843
0.01876663156
-0.1280788854
0.2720306538
-0.1216787156
-0.1882631475
0.3153238077
0.01845342475
0.03105449583
-0.4750072077
-0.2021066295
-0.2166203808
-0.0927057609
-0.2771192405
1.89755286
0.08984359633
-0.1270608334
2.894425619
-0.3114955284
-0.2692607921
-0.350377053
-0.1794011237
-0.100813441
0.988803491
2.408434623
0.00902414564
-0.2565657336
0.005064756144
-0.3288555684
0.04405591423
-0.5469798476
1.102923521
-0.4974842668
-0.3392531298
-0.4204661086
-0.2265275301
0.1141968681
0.1325891025
0.6492386431
-0.1504115686
-0.3637927569
-0.1658376142
0.7194674238
-0.3884318046
0.02655352689
-0.4151886202
-0.05101539986
-0.3634966746
-0.301880154
1.694991201
-0.5199222013
1.17226707
-0.5636428282
0.04840009063
-0.4760694668
-0.2233721286
-0.3693285882
-0.1394575814
-0.6139658362
0.4644535795
-0.4932219848
-0.3115510508
-0.5412271008
-0.1618227873
-0.03547678189
-0.3934533373
-0.6736275032
2.782933289
0.0590000445
1.317627445
-0.0997005742
1.157916321
0.06352074314
0.3127663071
-0.3907893077
0.7335657135
0.06174995378
-0.05485358015
0.4056520756
1.378877833
-0.5266911775
0.1567558256
-0.6354433075
-0.1024631716
-0.1920541756
-0.1206271502
-0.4375333607
0.1117765307
0.019126203
-0.115401223
0.7599610746
0.2157598946
4.791223097
-0.2310725149
-0.4400329575
1.597862732
-0.3815235004
0.530154331
0.3352327674
1.757244426
-0.3687653363
-0.2197824532
-0.4574425414
-0.3387848511
-0.4141186252
-0.2877583219
0.07758634202
-0.06535661314
-0.3867899366
-0.3353564493
-0.5672363713
0.2184426154
-0.1355691738
-0.2684564497
-0.5790880084
-0.164138357
-0.5072678223
-0.3986008644
-0.4482309952
-0.4291674539
-0.5261626795
-0.5871055543
-0.4661667481
-0.3953615248
0.18896508
-0.3201468326
3.58070631
-0.5798327506
0.04218564704
-0.4493066967
-0.3409543164
0.08762207013
-0.6287583545
-0.2764187027
-0.4622843131
-0.4305227287
-0.2506864417
-0.2173224468
-0.4114808731
-0.5065825596
-0.3784826867
-0.4157088749
1.907597154
-0.2408960083
-0.1402186999
-0.07065381967
-0.3799126536
-0.07643962502
0.6273323536
-0.05624537822
-0.1867010321
-0.08800813016
-0.07438818868
-0.07059814408
0.0645316314
-0.02582893278
0.221208195
1.40176971
-0.3616734572
-0.2847136743
0.5794197065
0.06873709643
-0.5171106979
-0.01336380555
-0.2297108226
1.358330354
0.4446024984
-0.5159692913
0.458711734
-0.1097778189
-0.2417129513
0.09172562789
-0.1273060107
0.1038216268
-0.1184285058
1.072591383
-0.2510531351
-0.3232599441
-0.07010236233
0.4157118157
0.6179607194
0.14344835
-0.1541527124
0.4168339223
-0.3066039514
-0.09776161378
1.356484887
-0.07709481083
-0.08358996212
-0.6205800802
-0.4410946831
-0.335426338
-0.5366552219
0.3067795552
0.1023036544
-0.276093968
-0.2812865633
-0.1608248819
-0.1224841502
2.870645368
-0.1374902219
-0.05919001047
-0.09515123982
0.2052203797
0.02837954219
0.0514944816
-0.1047690163
-0.3963705752
-0.6527168408
0.08933196566
0.3631642189
0.0006940273568
0.4133868242
0.4161234456
2.830233359
3.202026725
0.04782338478
-0.2363769913
0.03601167649
-0.01486563263
-0.2198393423
-0.1736071734
-0.3212646246
0.06721958574
-0.008829008741
0.2696096925
-0.2755814925
-0.3089151353
-0.1754506996
-0.101050964
-0.5487428159
-0.2094005495
-0.4949364319
1.077936673
0.0927727988
-0.2421377778
-0.05956710526
-0.1332056427
2.585202265
-0.2761306018
-0.1195797422
-0.6029687703
-0.4427257761
-0.04463088233
-0.2697514761
0.08711558087
-0.613306427
-0.2722376928
-0.0219518356
0.8935404658
1.629708189
-0.2502050325
-0.3982974581
-0.3063176826
-0.1657020532
-0.4666655064
3.404640257
-0.3315375254
0.2206850151
-0.3515097596
0.8877751008
-0.3990505274
1.941403925
0.08719561584
0.2073394042
0.1958717444
-0.1302487733
0.8076457575
-0.1682854775
-0.2714530539
-0.7125881329
0.03041642387
-0.189711812
0.07480716351
-0.02299636714
-0.627565302
0.05035428167
-0.4634604529
0.3235275164
-0.02253427194
-0.4607513711
-0.1048320912
-0.3816154823
-0.4945666239
-0.6285475418
-0.3702179916
-0.5056502253
-0.5697449014
-0.2634734184
-0.4366640985
-0.4178025246
-0.252283591
-0.6475984737
-0.1637723993
-0.1938047215
-0.5008019045
-0.1851472262
-0.243371971
-0.1897696655
1.773943713
2.264046711
1.459016392
0.2706036083
0.1758329134
-0.2076268226
-0.2883026481
0.6747055985
-0.1130767049
0.03616051916
-0.08549612202
0.4706653882
-0.3835192397
1.419617227
-0.1610578582
0.02667324077
-0.1242475992
-0.3598834679
-0.1438764751
-0.2506571796
0.02876487803
0.4154114317
0.1149648179
0.1591207074
0.3875995345
-0.2749345038
-0.2216449823
-0.1610932937
-0.3512954518
-0.2015980508
-0.1330317533
-0.07529185521
-0.2059765531
-0.5943772405
-0.08695524056
-0.02067757407
-0.4029344678
-0.1463646254
-0.2326351546
0.2249607776
-0.003362192679
0.08547881851
-0.278892114
-0.2684800662
-0.08693959732
0.2706083443
0.1030948384
-0.4508488603
0.2793197443
0.2716650208
-0.03644321747
0.02772068884
-0.4015012965
-0.05491479598
-0.1122755574
0.06708311066
-0.1550834041
0.06290788166
-0.04801493008
0.0957456151
-0.2417241253
-0.5414082229
-0.3581110418
-0.1729843518
-0.3049077667
-0.2394690506
-0.2864568487
-0.1344518219
-0.5211639568
-0.4259765983
0.3783439785
-0.2587715447
0.3892555684
-0.1633864347
-0.1293262715
0.7946749736
-0.4463662192
-0.04208288193
-0.2693059199
-0.2428282648
0.4542843137
-0.1147315878
-0.5990735829
-0.3130260788
-0.502272822
-0.5907388896
-0.335149426
-0.1664638832
-0.59336887
-0.4132707603
-0.2539852563
0.7871525526
-0.4884329751
-0.2528092176
-0.3925535828
-0.126679795
-0.1707779316
-0.3646138825
1.372474864
-0.3019649759
0.05776281031
-0.3905178607
-0.3978153691
-0.04325852823
-0.4592740104
-0.07770991251
0.2613525952
-0.311467685
-0.244300355
-0.6342302561
-0.3607612729
0.1617241286
1.955963504
-0.01048548603
-0.1881815949
0.1576883279
-0.3111794341
-0.5730587125
2.236571431
-0.3809081092
-0.1562041558
-0.5723980367
-0.3730019942
-0.3638141446
-0.06789505116
-0.4275947422
0.01562933903
-0.3205874063
-0.3575605404
-0.2643598095
1.901302978
-0.4343847334
-0.1811321214
-0.4071605381
-0.56089928
-0.284533165
-0.06728968029
-0.2183501266
-0.4787731722
-0.6338380903
-0.476722835
-0.1719167039
-0.2683944382
-0.6121446878
2.402141809
-0.2811140064
0.5629103469
-0.1255215243
-0.4986558914
-0.001999563538
0.006119955517
0.4971343469
0.2036040436
-0.303038349
-0.4779914126
0.119486133
0.8516768374
-0.5135681912
-0.3803915016
-0.2614800613
0.1457651163
-0.5394685492
-0.3547668733
-0.2374599684
-0.3548721049
0.3389358724
0.1366369062
-0.4284164391
-0.5378912687
1.422931919
-0.3770573333
-0.3561296321
-0.5130124822
2.649062318
-0.5385022283
-0.5018362492
-0.4349717513
-0.3329661964
-0.5707615867
-0.3196685024
1.263811374
-0.2078023361
-0.3283084977
-0.5653496534
-0.4204127878
0.4514249556
0.4703704153
1.236912158
-0.5386389107
-0.4661490217
-0.4811254412
-0.3842237383
0.4173500484
0.2223028146
-0.0821567608
-0.02967855409
0.3442418259
-0.01427670084
-0.4091610581
-0.62287471
0.3106952015
-0.3668135561
-0.4233925954
-0.4720014244
-0.129661718
0.6974165019
0.04823526544
-0.1535592971
-0.1756414032
-0.312457733
-0.3288874038
0.1035488872
-0.4085499942
1.967322183
-0.01989103463
-0.5510874137
2.98856138
0.03986061355
0.02633693162
-0.3696092673
-0.2068811066
0.6075134702
-0.1246577653
0.334458413
0.2255569732
1.566077021
0.493077445
-0.4244373724
-0.4898161203
-0.1472190126
0.1078001762
-0.01219900195
-0.2581570581
-0.2758925129
0.01989196427
-0.2351893067
0.1407848866
2.715936989
1.653946906
1.170709968
-0.3150869906
2.154646301
-0.2515924655
0.144199053
-0.2668324167
0.1373657833
-0.2318990665
-0.2167825948
0.6399579242
-0.03309163358
0.06126078926
-0.282709568
-0.3873002008
-0.1313942354
-0.4417368021
-0.005602546781
-0.1271325603
-0.5442208976
-0.1797377834
-0.04040009673
1.309109107
-0.4758289173
-0.3248887647
-0.3016492821
1.274174756
-0.03842700841
-0.4070383772
-0.1157892443
-0.01097417097
1.153148763
-0.1781596648
-0.124788142
-0.07225758471
-0.1593090143
-0.3975998163
0.1030883309
3.302083564
-0.5806709871
-0.4848208666
-0.4584488735
-0.02226828095
-0.201857068
-0.07880305871
-0.3473340847
-0.5319872126
-0.2507004241
-0.05408017356
-0.1545695271
0.6270285264
0.07684302367
0.02006724365
-0.3633133687
0.0006992730778
2.991256356
-0.05368790794
3.313230669
3.204039383
2.219813365
1.261961225
-0.3746352293
-0.2427464284
-0.3547022432
1.186669952
-0.1625522951
-0.06915794294
-0.3221621409
0.39238465
-0.1669013269
-0.1571680037
-0.0002437736839
-0.5650474116
-0.2408599211
0.5164815679
-0.1535608839
-0.3972142339
-0.1720140845
0.3910468105
-0.2279750967
-0.1769701635
-0.155303387
-0.08859346709
-0.03284080587
-0.4305821121
-0.07621094082
-0.01965178289
-0.4330183551
-0.2495725613
-0.2314340504
-0.4783598632
0.01070904098
2.661624885
0.1553953527
-0.2308499238
0.1237446889
0.00534145413
3.503462815
0.1312851439
-0.2396406291
-0.278968098
-0.2911380306
-0.1464881102
-0.2001679512
-0.1976526519
0.5795330092
-0.2117294498
0.139533756
-0.1002693842
-0.2133316241
-0.3412448406
-0.1379568151
-0.3765748695
0.06226062756
-0.2402901357
0.2782194301
1.751669535
0.4196243316
-0.2725825623
0.3192116316
-0.06725804247
0.2926502056
-0.3352385499
1.276599994
-0.167073377
-0.1049103294
0.8673197463
-0.2069077872
0.1526608236
0.04662833596
2.524032336
0.5171257917
-0.1031818723
2.087863964
-0.4739820629
0.2104007365
-0.2474502275
0.01873080041
0.4174651742
-0.09078537133
-0.2201533732
-0.05461590774
0.1331635114
0.4738641292
-0.1513070941
0.008319604024
0.02956777886
-0.4017158851
0.1349580619
-0.138999806
5.018119979
-0.302708751
1.929160646
-0.4425855249
-0.232535113
-0.1739878394
0.562603854
0.1411532983
-0.3472812533
-0.3118370101
-0.1302741054
-0.03356678188
-0.2326954722
-0.3457750544
-0.3656930342
-0.2573728092
-0.7630337745
-0.1193863023
0.02861497803
-0.227253525
-0.4592077598
-0.1749802493
-0.1795443386
-0.1776281729
-0.4221697748
-0.05555737182
-0.5092035457
0.5331623297
-0.170682633
-0.2443730488
-0.3324783012
-0.1452139416
0.6253636554
-0.7069801897
-0.1490360932
-0.5015502915
-0.3375750657
-0.5501245201
-0.4704243436
-0.3840864792
-0.4651939183
-0.1281136649
-0.09813782703
-0.3826258004
-0.6172176406
0.1842243856
-0.01984995995
-0.1885855788
-0.4290158167
-0.4064440299
1.442176989
0.003078152426
0.2326063007
1.000643148
-0.3558042856
0.1616499683
0.1156864771
-0.2560374446
-0.2883809686
-0.5275855064
-0.2598267924
0.04652709113
-0.02983434433
0.2597288016
1.678604528
-0.362239641
-0.2185639441
0.02607738208
-0.1641776579
2.077144802
-0.2523309372
-0.2580214046
-0.4904559851
-0.1553807071
-0.3923394606
-0.1535382109
-0.411289914
-0.0432737329
-0.2836424258
-0.07580562048
-0.5446201995
0.203169797
0.4134967236
0.8750434417
-0.3257510006
-0.1799065875
-0.3959644988
-0.2251554899
-0.6011770904
-0.06469508361
-0.4065371379
-0.2347648963
-0.2453081001
-0.5438813016
0.06520313602
-0.002063672896
-0.4272142254
0.441101386
0.3294433812
-0.4367137298
-0.4560237885
-0.3513611078
-0.3822375827
0.03095737919
-0.2986588176
-0.2327372026
-0.08116383329
-0.359123449
-0.1466454748
2.683281863
-0.5645203963
-0.4979039922
0.6675324164
-0.5131466419
-0.5367791682
-0.1725187748
-0.4084904388
0.02608789075
-0.03353391569
-0.1356998868
-0.3680827022
-0.141067525
-0.2597101916
0.9329220623
-0.04208463086
-0.1600138471
-0.7151356757
-0.5825060785
0.141718906
0.187295489
-0.1660932416
0.1616355434
-0.2660589188
-0.05945917331
-0.226077028
-0.1642112173
-0.032515541
-0.2904246509
-0.3657015748
-0.4146757469
-0.2266106224
-0.2661445212
-0.1005603179
0.4641621245
-0.3706006028
0.6656273294
0.1482542404
0.6774795443
-0.1020127453
-0.4595611691
0.1744690925
0.5121499494
-0.4768667422
-0.2332777543
0.0263628101
-0.3612302929
-0.1396367589
0.4700389607
-0.05905236825
-0.2410818998
-0.01810322963
1.629858127
0.1409307935
-0.3435336526
-0.4433351517
-0.3430914532
-0.2785283267
-0.0270697454
0.04998276874
0.01277040672
-0.1244969854
0.01553590186
-0.2566164609
-0.4646695152
0.0383018611
-0.2508442206
-0.224705258
-0.0871908389
0.7594450988
-0.1801797122
-0.1793113189
-0.4424272448
0.1742945766
-0.7110494316
-0.1168360509
-0.07047528417
0.5311144106
-0.2781796411
0.4569622066
-0.464885658
-0.3909385748
-0.5185646087
0.1378839797
-0.3068668775
-0.4556778207
-0.193639109
-0.3366133362
-0.3173006892
4.591702032
0.121310074
1.111390099
0.1190407634
-0.1901576053
-0.3299059555
-0.14776545
-0.4208324134
-0.2676919609
-0.4568802193
1.344011256
-0.4836904854
0.3904077727
1.92561869
-0.1086486253
-0.5941279083
-0.06016851012
-0.2377283012
0.1407081861
-0.3385018864
-0.1165608197
-0.06707684565
-0.1963404607
-0.3781857952
-0.6168443948
-0.4297910623
-0.3323782541
-0.3065512285
-0.1751885034
0.1965694223
3.421134818
0.5097855605
0.5519505382
-0.348049213
-0.8482334673
-0.2636386923
-0.1184443215
-0.4321996786
-0.4356241345
-0.4666100219
-0.5487176299
-0.02057530433
-0.1536933564
-0.1258410208
2.063376039
0.5575538166
-0.1406107102
0.03762921086
0.3707118689
-0.03633915251
-0.2049814155
2.063256711
-0.4698153064
-0.294477962
2.478658348
-0.1048231119
0.2031868953
-0.2457316875
-0.2568443315
-0.2003766572
0.02191172019
0.2077900447
-0.4662997946
0.09154111408
0.04721086584
0.5140123703
1.191475457
0.1229017099
-0.1777171729
4.561430275
-0.03508469309
-0.2796093538
0.02260545045
0.5353999356
-0.1590975061
-0.3777483743
-0.5705739602
-0.5336457103
0.3275125839
-0.06829446894
-0.1787066422
-0.4116008118
-0.5044667304
-0.5285067514
-0.3873411708
-0.3765632123
-0.1171271868
-0.4056253381
0.4881636173
-0.4313876256
-0.4697749212
-0.3089024384
1.333746397
-0.0700086996
-0.2683814652
-0.2377841208
0.1167385034
-0.5802069604
0.2520656234
0.0224565885
-0.3478470828
-0.4018026069
-0.2611905567
-0.197236627
-0.4742960021
1.615250909
1.06997267
0.09325249074
-0.1515268424
0.193817253
-0.3864917886
-0.2115523353
0.8409530247
-0.5059666529
0.2542417064
-0.4241657436
-0.1892801086
-0.1510264345
0.04537742194
-0.1448094379
-0.1226014635
0.9105213866
2.93593716
0.2404664484
3.948220849
-0.2447684795
0.5653465375
-0.599216634
-0.358086668
-0.1449394194
0.4065844685
-0.1834941214
2.434051818
-0.4338759035
-0.4395328254
-0.213679228
0.5077073637
-0.218609957
-0.5634871438
-0.2849856421
-0.2320233454
1.642716914
-0.4476945683
-0.368967697
-0.04939281829
0.6332455784
-0.250242593
0.1146753814
-0.01494725156
-0.1398664579
-0.06522714905
-0.5191020429
1.073199204
-0.2213445278
-0.1108801657
0.0301994931
-0.1463973749
-0.6297490507
-0.477267696
-0.3137225322
-0.3775357932
-0.2414790541
0.08538089292
-0.006183707342
-0.4974574745
0.02451806981
-0.004297149694
-0.08985014502
-0.03455672953
3.159741747
-0.3581139689
-0.2823748153
-0.1324333334
-0.4725360304
0.08995611928
1.851713198
1.292970306
-0.2344792556
0.4224106502
-0.1599520989
-0.5710535407
-0.4706435278
-0.5940402076
-0.3902982138
-0.04594360562
1.885221291
-0.1491714882
-0.5823915035
-0.3592222981
-0.4744112775
-0.3773440599
-0.4986636281
-0.09375496479
-0.104194022
-0.6120417118
-0.2902593896
-0.04735539556
-0.02538355254
-0.008543117717
1.231432137
-0.3348828934
0.03527943539
-0.2861955456
-0.594259432
-0.2172023233
0.8832545266
-0.4678436026
-0.2624557879
-0.1844971819
-0.2427247286
-0.2276491025
-0.0725795812
0.1251354421
-0.3947037563
-0.2637280863
-0.1578578647
1.644850469
-0.275579223
-0.5645865217
-0.2870196877
-0.3049198367
-0.3802276149
4.105976164
-0.05835190415
-0.2945712917
-0.3418540731
-0.43390048
-0.3695712373
-0.3011613414
0.6887169072
0.2533547016
0.1394221206
-0.4561413929
-0.4430256762
0.02357546948
-0.6348946273
0.01167509612
-0.2888614178
-0.3202503942
-0.4169326335
1.2396525
-0.138205282
0.3313508693
-0.654145354
-0.4960401982
-0.2664423089
-0.3069214121
-0.4429950655
-0.0244420005
-0.2650628947
-0.2526552363
-0.5991600022
-0.2059820741
-0.5604304895
0.0151354759
1.237738371
-0.4483871683
-0.2139241265
-0.4851570874
-0.5527537093
0.03127352088
-0.5769510284
-0.2059361022
-0.1567250778
-0.2141735878
-0.5703237578
-0.02294503842
-0.3044795029
0.2741214585
-0.4463149339
-0.4473384351
0.1583778147
-0.415943519
-0.4568994597
-0.03747743201
0.5092006221
-0.23833469
-0.1392211176
-0.3844883934
0.4966222666
0.8995287806
-0.1501832258
-0.08316003494
-0.3009088792
-0.04837571178
0.6499608837
-0.1373215664
0.1098512065
-0.4669790313
-0.4161906347
-0.2890030794
-0.002232880844
-0.248508738
-0.4604634017
2.188664114
-0.4927591488
0.1111866675
-0.2748251121
0.09933565361
-0.2838550966
-0.1432369035
-0.04617142519
-0.5300006762
1.56627664
-0.09940060414
-0.06877718624
-0.2056880243
0.1516264383
-0.4437923729
-0.4692794204
-0.3393943146
-0.4839009404
0.8477852702
-0.2908389991
-0.0972475905
-0.2401018309
0.1614729648
-0.1906761184
-0.2856732257
3.663424861
-0.1834442064
-0.3055453226
-0.2783436164
-0.514031224
-0.02980151791
-0.3245699421
-0.5889824286
-0.5042584106
-0.504906857
-0.1771100115
2.138895255
-0.3630341753
-0.01649286393
-0.5207316369
-0.4204014003
2.463510358
-0.2325724824
-0.2054597467
2.000834316
-0.1657439655
2.918008947
0.1242105852
0.6223387405
-0.1828576386
0.7236483768
0.06831253963
0.6700052857
-0.3504788741
-0.4220568836
-0.2189825395
-0.4571350396
-0.06249345317
0.360214178
1.909475118
1.248240519
-0.1869351581
0.0481934784
-0.255766923
-0.2714708008
0.2882275414
-0.1186219189
-0.2045071429
-0.5328087553
-0.4672821224
-0.2041854274
0.3236649309
-0.2147242127
1.898552215
-0.336931292
0.2493531561
0.4587700773
0.2042525836
0.01851423914
-0.167001532
0.03113201112
0.2587074999
0.08045464493
-0.2065941624
2.864399719
2.523632425
2.298403996
-0.05280224849
-0.09185362197
-0.3816180021
0.0795237002
-0.3238733619
1.514980644
-0.3610581137
0.5170802526
-0.4092686221
-0.005831961334
0.4241673676
-0.0814433217
0.470980278
-0.5639537275
-0.00697623603
-0.2270571708
0.1478700387
-0.172296277
-0.5434007838
-0.1170464847
-0.5450463399
-0.1435191888
-0.4619033948
-0.3134096924
0.4255613648
-0.341217494
-0.2821845867
-0.4763249487
0.3329699397
-0.367294126
0.08819015268
-0.03318759855
0.7191934057
1.150815237
-0.3101780142
-0.3451516837
2.124123573
-0.278428795
0.06718340986
-0.245213772
0.8024522901
0.4384067889
0.1531067873
0.905908525
-0.1747973545
-0.475351803
0.1969908535
0.01342876181
-0.2273481343
-0.05671316367
-0.2090025457
-0.04446324706
-0.2333400626
0.07075921297
-0.1433412336
-0.4559989527
-0.5030195475
0.6153368127
-0.3219571255
0.4527018911
-0.3436512008
-0.1775100776
-0.1177976485
-0.4898988485
-0.1405611213
-0.3553508013
-0.4543936938
-0.4233456001
0.05064366423
0.05567435343
-0.1448217329
-0.4047148563
-0.293413863
-0.410037519
-0.2732300915
0.08730119332
-0.5015406683
-0.2445615794
0.09117363635
-0.3447899602
0.4675903194
-0.4964631394
1.808093989
-0.100044588
-0.1559521986
0.3127897788
-0.2858069334
0.3280896612
-0.1334854756
2.253211069
-0.3211312756
0.2782477362
-0.08253277838
-0.3227020629
-0.2961883165
-0.4618864894
-0.3135790028
1.242900473
0.7375069037
-0.111812721
4.243798733
0.01636750316
-0.06449821461
-0.2084645992
1.160353857
-0.6138857797
-0.258743261
-0.08309360798
-0.3925132483
-0.2259006742
0.716368641
0.5496007785
-0.4128593802
-0.6312088311
-0.5037859857
-0.4258931413
-0.2604913577
-0.328834063
-0.2991383933
-0.2540203308
-0.02941708965
0.7189638227
-0.1074974086
3.721564364
0.2066424364
0.3292847428
0.331346399
-0.003179289401
0.2527695186
1.404452249
1.272318876
0.1562172117
0.8307528891
2.214237189
0.1481472303
-0.4928813055
-0.2994664341
-0.4524576962
0.1354377344
0.2543396125
0.229864676
0.4678133905
0.04451075727
0.5478691574
0.1832297198
-0.49676397
-0.3403620355
-0.4872613907
-0.3763504103
0.09817295112
-0.2711074715
0.5038672213
-0.335179951
-0.5154336423
2.984436393
0.8731789959
-0.2306628673
0.4337745234
-0.1128018845
0.2769039037
0.5399328683
-0.2528604086
-0.2954892769
-0.1116495656
-0.1273465235
-0.08008641619
-0.3358410798
2.037456065
-0.4747021675
-0.3443692878
-0.422012414
-0.7118367761
1.775287557
-0.5474130213
-0.3389597677
-0.3560555756
-0.4491786763
-0.3672588222
-0.5776680514
-0.5822944522
-0.403822878
-0.4306971721
0.1681862675
-0.2856868654
-0.1287145222
-0.5801263526
-0.521561718
-0.3906708956
-0.03392207064
-0.5257642612
-0.2182417981
-0.3405796081
-0.05677266242
-0.1140102081
-0.5508364871
2.947915483
-0.3809031747
-0.1263198456
1.006798612
0.2414379172
-0.2410884857
-0.4744527355
0.2131096931
-0.5761101708
-0.1731200244
-0.122345983
-0.4018450782
-0.4377383292
-0.465783003
-0.3627801001
-0.03696837006
-0.3838772289
-0.3442129336
0.912604779
-0.01099564028
-0.2217277866
-0.4719056845
0.2821903035
-0.3865739331
-0.366988197
-0.03195050992
-0.4350162506
-0.3680326812
0.5660576925
-0.2652126066
-0.1166917562
-0.124186538
0.7517072126
-0.6790008798
-0.3974403694
-0.3153393868
-0.2626898095
-0.05429652371
0.01677307971
0.2327709517
1.251562396
2.621982265
0.003319486696
-0.4730294883
-0.4504688516
4.559226108
-0.2141810238
-0.1984971367
0.87158597
-0.6067050651
-0.2722331405
-0.3146102503
-0.08029363174
-0.5106607988
-0.1079475482
-0.3803899053
-0.4570805043
-0.3509704575
-0.1692490213
-0.5803760633
-0.2282333203
-0.08460278176
-0.3874372438
-0.2277226143
-0.2179542426
-0.103965022
-0.2050626392
2.651131517
-0.0714867603
-0.2099399311
1.288344574
-0.5635531276
-0.5732062951
-0.1085543722
-0.1413474517
-0.4361007288
-0.06441132762
-0.330595313
-0.3711488724
0.5708523072
-0.09243676886
-0.142761145
-0.002766697761
-0.09336890168
0.8551015735
-0.3457654521
0.000539651257
-0.3600417525
0.04665093552
-0.1047396775
-0.4499693751
-0.05957947588
-0.06121613998
0.0271974422
-0.4800073653
-0.3563549757
0.514315385
-0.5419486865
-0.3447174601
1.05169048
0.2386783975
-0.7155944586
-0.3732098199
-0.3399758115
0.2383657904
-0.3259980306
0.4596290782
-0.5618233025
-0.4903770983
-0.2670305297
-0.05947356094
-0.30132837
-0.5896421686
-0.1437806211
-0.5465766087
-0.6171906441
0.01333424952
0.02392601855
0.286107585
-0.2533697702
0.2709375686
-0.3104123205
-0.2202337176
2.836617255
-0.2812077813
1.611277658
-0.2202032567
-0.08845488355
-0.398367095
0.05147280535
0.9952043056
-0.3809474364
-0.2000147662
-0.1264298381
-0.5910177693
3.103296542
-0.3509074815
-0.1893639866
-0.3266199894
-0.1560433334
-0.1966763509
-0.209916066
0.2268881742
0.4704593739
0.0004318195395
-0.4962454319
-0.2242969702
-0.7731982589
-0.6175350234
0.4729163229
-0.3419067971
-0.3874185819
-0.5077595964
-0.3559944354
2.560010219
-0.2165623296
-0.398228585
0.2122823475
-0.3347381055
-0.2466132052
0.2496868057
-0.2354897212
-0.3855647117
-0.4322770849
-0.6720761538
1.885581774
0.5750995841
-0.3552167401
-0.2576492354
-0.3872134119
-0.2887007348
-0.3732300073
-0.3452534668
-0.5385854617
-0.5354125157
0.6122328918
-0.5166031495
-0.1975622724
0.219003972
1.116355547
-0.2382389542
-0.257472495
-0.3586555704
-0.4218280084
1.395717263
0.171309643
0.5334505662
-0.3663928419
-0.39908453
3.485405111
0.369974437
0.1023207059
-0.6020835757
-0.1100864774
-0.1341113679
0.7279252827
0.1953699837
-0.4116735727
-0.3613309257
-0.2032615752
-0.5822918817
-0.3928600222
-0.08486309871
-0.2904279508
-0.4592652455
2.270366919
-0.08586513479
0.5018904522
-0.2422896564
-0.5357932106
-0.4812021762
0.8743247092
-0.4185270876
-0.4376541644
0.06895109154
-0.5181317315
-0.4737457201
-0.2050883119
-0.3565402091
-0.3464638464
-0.4340465799
-0.3823316291
0.1221069694
-0.2108882226
-0.2800588957
0.2423227044
-0.347450386
-0.1857565485
1.115299568
-0.576820536
1.64368965
-0.07910020798
-0.1226588612
-0.4146374404
3.73790518
-0.1613295961
0.04292812077
-0.3542632744
-0.09691413306
-0.4130486198
-0.4016648695
-0.3129807625
0.9433209524
-0.4285839826
-0.522146669
-0.4235166714
0.2018659838
-0.2069968235
0.2301363473
-0.6434139132
0.4564479124
-0.2506406229
0.7314905714
-0.2651712313
-0.4608031839
-0.6581044987
-0.5654986069
0.216342495
-0.43427836
0.07606581356
0.1332605912
3.435288239
-0.4346311912
-0.5021867737
0.7217299774
-0.5035999477
-0.6204744607
-0.6123049021
-0.5076806694
-0.1980327826
-0.5279322863
-0.2669325076
-0.6397406682
-0.1144796894
-0.1202743964
-0.4812336594
-0.1581521514
0.4372596005
-0.661240153
0.3109480053
-0.3991254956
1.644523281
-0.6408267647
-0.3210201219
-0.2570347756
-0.4698022574
-0.442022346
-0.2966859121
-0.4502119839
1.906188697
-0.3792702205
1.068641633
1.828701687
-0.2221205767
-0.3486823037
-0.4180958956
-0.1182496678
0.396482617
0.03130061999
-0.6030529201
-0.0343687878
1.577549177
0.7368925691
-0.4370711707
-0.2534287035
-0.4951151714
-0.4316145375
-0.7055934489
-0.1108368279
-0.2950525485
-0.4037253603
0.01891182847
-0.1557956444
2.601601875
2.705498004
-0.290271778
-0.2821629845
0.595096045
-0.1655726777
0.2232455552
-0.4899379686
-0.1365517838
1.066318795
-0.6319433004
3.236261845
1.488017243
-0.5279174551
-0.05018365784
-0.1504375674
-0.2406726956
-0.3170693643
-0.7430630714
-0.1625334796
1.789931995
0.06991103636
0.01327403467
-0.1734739941
-0.3301622607
-0.0742328519
1.198236775
-0.329504516
0.02812983803
-0.1238831069
0.4849169411
-0.3575157344
-0.2338105008
-0.1123086017
-0.3130936272
-0.3459603377
-0.1498892728
-0.0934217779
-0.5737622142
-0.5930292949
0.9111394294
-0.1988088522
2.433137381
0.9102296174
-0.3170832403
-0.6292011723
-0.1883073444
0.07706980379
-0.3180739835
3.421677244
-0.3250543699
-0.5227760747
-0.191281575
-0.02546761823
1.875421655
-0.1136604927
-0.04747868543
-0.2024924934
-0.1080952317
-0.2918899156
0.6172794491
-0.321760688
-0.08583010258
-0.5021402091
-0.2599906713
0.5014127813
-0.2694509424
0.003863027366
-0.1671549965
0.1187290289
-0.3696006574
-0.3659379855
-0.7009588987
-0.4220875725
-0.3172528863
0.4861083191
-0.5173775673
-0.006568419933
-0.4940140352
1.936816275
0.9766839683
-0.2194113677
-0.1828724097
-0.2301112093
0.1697475607
0.7521595731
-0.1365850496
0.09103082502
0.09949221779
-0.1011480848
0.4397348627
-0.4815360889
-0.09310372788
0.3058580148
-0.2921917908
2.268619752
-0.06106998371
-0.3536483973
0.1953852361
-0.6547666237
0.1738901921
-0.5179573655
-0.3262159806
3.486364162
-0.5024960518
-0.2020748362
-0.4537803262
-0.1024356907
-0.5099571228
-0.3062728897
-0.1528921694
-0.4624723479
-0.2691485599
-0.5442130819
-0.1785052337
-0.05777851902
-0.3992817312
-0.1525928814
-0.3139657184
-0.5070652395
-0.1465235371
-0.1574609403
-0.3429524966
-0.1767294746
-0.5013605639
-0.4106527701
1.284714171
0.1465237945
-0.4744330496
3.536363864
-0.2693694882
0.4798892113
-0.5010961562
-0.3231992677
-0.7291543752
-0.01878284276
-0.4704191506
-0.1085880265
1.106932376
-0.2659926776
-0.4335922003
-0.1703797661
-0.3596942183
-0.1194729911
-0.4658520252
-0.2894710051
-0.3061755605
3.392310226
0.9114443619
-0.2810424305
0.1203261605
-0.3584401071
-0.4593062565
-0.4094801292
2.90402863
0.5846880078
0.1130250874
2.481259751
-0.1280709136
-0.03440568708
0.3727771869
0.1631041883
-0.09634132497
-0.04552237019
1.446399407
-0.09391407333
-0.03597905263
-0.1763631452
-0.4911083475
0.3614982949
-0.4134860799
-0.4148162037
0.4847848497
0.02834594031
-0.179632014
0.9481678993
-0.1506204374
-0.05363486595
-0.2062534951
0.1570670929
-0.1517495884
-0.5192023516
-0.1253642309
1.617538577
0.07557799062
-0.2385323672
0.3370725241
-0.1909151491
-0.2665775139
-0.07434876803
-0.2660554007
-0.4548988894
-0.5242663845
-0.180634423
3.285129476
0.4773988206
-0.2684024364
-0.0008991204202
0.1590779467
-0.1773949189
-0.1723254293
-0.138562881
-0.5595929757
-0.5500411853
-0.3539574504
0.06381623792
-0.2899069868
1.325948329
-0.3377185369
-0.2341185484
0.3005302738
0.5476886183
-0.4966768026
1.601857585
0.1482120503
0.1526706673
0.1697817892
-0.194246847
-0.4043104298
0.09519437402
-0.1000761794
-0.3851616129
-0.4112410232
-0.2826155392
-0.4068797484
-0.4707859606
-0.2761968024
-0.5508239612
-0.5980147362
0.2013974916
-0.6192285195
-0.3845895156
0.0691779539
0.8207281858
3.303465891
3.048877704
-0.2773039557
-0.1838264594
-0.0882440133
0.6551129952
-0.4825443834
-0.3165209845
-0.07769917278
-0.465963304
-0.01307114558
1.325409212
-0.384787187
-0.1669678675
0.1575942767
0.6269381985
-0.449260661
-0.2505960466
-0.174771307
-0.05502579715
-0.2637314846
-0.4545021936
-0.1553772479
-0.1618424376
-0.09138721135
-0.3349012256
-0.2617588518
1.174160299
0.3712616829
-0.08450742606
1.413403112
0.41771787
-0.1383320617
-0.08833471835
0.3918540403
-0.6107022971
-0.4918292165
0.165188669
0.2065733738
-0.3396755163
-0.3676066764
0.9933217168
-0.6015433565
0.09174884825
-0.2459696831
-0.4009064853
-0.03468967043
0.5341508374
-0.02245554877
0.05900940909
0.07415852398
-0.5442320749
-0.1300459236
-0.3509857625
-0.1415348867
0.1758724656
1.013166454
-0.4871259183
0.0105137961
0.2382732064
1.236258937
-0.1518978246
-0.4562231153
-0.2003931015
-0.1153581003
-0.138097561
-0.3684220478
0.5918607391
-0.3132987015
0.04409130812
-0.3731308319
-0.5081054822
-0.4457601875
1.021848421
-0.5238022432
-0.4197780296
0.5672404229
-0.309001423
1.003786975
-0.163295758
-0.2302274041
-0.04016857259
-0.139532727
-0.008500019833
-0.3329356231
0.01529104467
0.4256232031
0.3994857479
-0.5613903448
0.599982997
-0.2843175702
-0.3534259692
-0.2869467691
0.6328246281
-0.5091455191
-0.3643472909
-0.5211328179
-0.03686536252
-0.4001514271
0.7260049209
-0.3734770622
-0.05648152921
-0.4477149948
-0.4291576371
-0.0701348742
-0.08421156567
-0.4390619643
-0.02928675879
-0.3624008484
2.984818947
0.3036052558
-0.3107481621
0.1578974241
-0.1589014523
1.264173549
-0.4195545718
-0.2488012416
-0.08563817274
-0.1239970255
-0.01446911618
-0.1818812083
-0.02632222325
-0.1543727922
-0.3887501776
2.186664534
-0.3570774645
-0.2063701542
0.4499293365
-0.5086028539
0.0298243355
0.1024168031
0.175743458
-0.2139063075
-0.4019628614
-0.2282010194
-0.1590663681
2.508907557
0.005483521707
-0.09883327503
-0.2930804282
-0.4695118561
-0.231288081
0.1209036391
-0.3239935771
-0.1464871079
-0.1851017645
0.1060222827
-0.2082453948
-0.1909805967
1.883663464
0.3609552473
-0.3062538277
0.2011390135
-0.3286299773
0.1097653229
0.772135669
-0.4612637796
-0.4217104122
-0.3685636148
-0.2892183758
0.1486667869
-0.002645656094
2.201845008
-0.3980577871
-0.2338596712
-0.02056417256
-0.177104108
-0.2732267767
-0.2244912311
-0.1583731998
0.1895537594
-0.2619975299
0.06424413663
1.639890659
-0.1419391485
-0.4110268623
-0.347538022
-0.2412361193
-0.1935008381
-0.1401670468
-0.6238627255
-0.0368129578
-0.3423262503
0.8865071356
2.326097625
0.4859351408
0.2249067027
0.2080431807
-0.4585590482
-0.3398940817
2.152880388
-0.1356904695
-0.01751147518
0.07042920636
2.865089917
-0.3730974659
1.779824215
3.294456875
1.624222648
-0.4985027671
-0.375084712
-0.3261674896
-0.2970011123
0.3961448528
0.565604575
-0.2712732919
0.3783669006
0.3317464893
-0.1646527046
-0.1496092631
-0.5791999042
0.3558892226
-0.03305035699
0.5356582291
0.6263934121
-0.4254277393
0.3962672498
-0.2386121862
0.0864742361
-0.4790586308
-0.03993526176
0.7368929721
0.01402971819
0.3729088776
-0.08859322793
-0.07582136318
-0.3264170606
-0.06894484898
-0.400007461
0.3204151434
-0.1059476618
-0.2283819541
0.06759520806
-0.1338370053
0.04486623006
-0.07602244187
2.536029458
-0.2879998285
-0.02481585471
0.2530764314
-0.06638075747
0.9783598155
-0.247811255
-0.3139274478
-0.1916140029
-0.05422021728
-0.2037594846
0.7207501456
-0.3526170753
-0.1225407295
-0.2819897361
-0.4745611578
0.5434910066
0.1936656136
-0.2804444056
-0.3785746098
-0.16456821
-0.07566371188
-0.0674965119
-0.350082542
-0.286693367
-0.02190822943
0.2345688372
-0.3732015513
0.7627970096
-0.2284884863
1.381410149
-0.05709561585
-0.01351298522
0.1179737438
3.776750636
0.01224175394
0.06967281541
-0.4219776645
-0.2618948661
-0.4194287978
-0.3479040071
0.9993164271
-0.1851948913
-0.1231293892
-0.1294600837
-0.2688674409
-0.1169992015
-0.1702157507
-0.1855250049
1.614477873
-0.1238931293
-0.193691425
0.6756861463
-0.2871858962
0.1079747725
0.5043563835
-0.2214624453
-0.2897434177
1.909234677
0.005767867342
0.004881837638
-0.2185627779
-0.2793994476
-0.1537248015
-0.5088895917
-0.3825671665
0.1843266636
-0.479709585
-0.01912031136
-0.1627429523
-0.06665800605
-0.1043926677
-0.1407917991
0.1437898185
0.08308264166
0.4370041199
-0.09584563561
-0.1309754178
1.006358625
-0.283816465
-0.1534805918
-0.1286120894
-0.3305887397
-0.2485881809
-0.5659138277
-0.1914631607
-0.3970604822
-0.02820717623
-0.2442072924
-0.1992805146
-0.2209137151
-0.1791230032
1.059336202
1.354553559
2.327181065
0.1185620647
2.153008449
1.019505352
1.618707269
0.4366745107
0.3510517634
-0.4878602877
-0.02749326881
-0.06065328978
-0.2701380089
-0.351314263
-0.00270987181
-0.6499670297
-0.6484094828
-0.2983370133
-0.3629812531
0.789957419
-0.4448937401
-0.3450459346
-0.07627141771
0.05242588865
0.480503869
-0.02617730554
0.02159882062
-0.1294412304
-0.04677858949
2.643024999
-0.5728406265
1.060275757
-0.1040589197
-0.3314359825
-0.01498528318
0.1256668141
0.01776529141
-0.1970226933
-0.1698396211
-0.2620109601
-0.3545985557
-0.3617332302
0.1821852055
0.03095658291
0.4912361536
-0.2284500241
-0.2490936866
0.2000481196
-0.3108812075
-0.4576651514
-0.16892403
-0.1774008184
-0.3076274622
-0.138736269
-0.1382952429
-0.06980080586
-0.009892893396
-0.2922596648
-0.3864455178
-0.2101880282
-0.05943233147
-0.1335646149
-0.2164500348
-0.3268710136
-0.05521621462
0.001715991367
-0.5581852898
-0.09789958131
0.1558275856
-0.2590579286
-0.4914568156
-0.3985064089
0.9385073572
0.6425104819
0.1906100658
-0.297147562
-0.2893836409
-0.5334195465
-0.5213570908
0.7200504027
0.04624571595
-0.4899193257
-0.4276954606
-0.2961310901
0.5387539793
-0.381192755
-0.1506419145
0.2300353011
0.3269005325
-0.3328040913
-0.08047346976
0.186373821
0.002823186852
-0.1504908774
-0.4790170535
-0.235713508
-0.1873596065
-0.1879392875
2.345071942
-0.2738040455
-0.3321550757
-0.3475951467
-0.3421632502
-0.5637641147
-0.00632951688
-0.3864672035
-0.5630525634
-0.460176225
2.239406276
-0.04505516021
2.124029267
-0.2944984518
0.1744222358
-0.1665616221
0.05491258372
0.3155242497
-0.1144905301
-0.01601867415
-0.1204676684
-0.05853922516
-0.2692256287
-0.5433931231
-0.4847377703
-0.4408085339
1.532517144
1.575594795
-0.05022878498
-0.2208474909
-0.1731936494
-0.2439653125
0.5602027278
-0.1171536587
-0.2768059514
-0.1436128471
2.410525155
0.2811072687
1.92479645
1.958115593
-0.2193821769
-0.4554330245
-0.1709084039
-0.3485936079
-0.4256712474
0.3569175879
1.827661955
-0.4230822444
1.584872019
-0.4427796096
-0.2072233506
0.4911787908
0.7008616239
-0.3969361037
-0.2859475888
0.302157894
-0.3882152021
0.2646950924
-0.2442924988
-0.2126140315
0.3346956964
0.3586566864
0.1396714895
-0.06772104569
0.1259900372
0.1238633506
0.9467064098
-0.2575962093
-0.1175576939
-0.6081821561
0.4039938772
0.008738794737
-0.1267182216
-0.2272818822
-0.3160791434
-0.1188382314
-0.01833043639
-0.1550786406
-0.5668702304
0.1075352317
-0.1514434367
-0.5845592722
0.7363319084
-0.3671249885
0.02621167395
0.2263130261
0.1581344854
-0.1484449845
-0.2158522397
0.6349082418
-0.2789140932
-0.1957685007
-0.1260731082
-0.08818599712
0.3370390654
-0.1362858683
0.06735757496
-0.3706717029
-0.3121791109
0.08904342251
-0.4747153267
-0.1629264062
-0.3196811192
0.006831853744
-0.2512661519
0.125036163
1.655477321
-0.1675564602
-0.3573916785
2.427959251
-0.1990951126
0.7120752633
-0.3157978661
-0.1444865109
-0.2418925107
0.8482108667
-0.4145072356
-0.09560693707
-0.2289195307
-0.007258667424
-0.3770624019
1.702204531
-0.3100898452
0.1504216808
-0.1604336832
-0.3730219319
0.8905138627
0.2861987432
-0.1569798252
0.1408876096
-0.3327113505
-0.4166635379
-0.05153125189
-0.3348010615
-0.131086866
-0.1027631197
0.1310770901
-0.08774991799
-0.2653307047
1.723918438
0.5844862022
-0.2421684135
-0.2075863846
-0.04178708103
-0.2053613707
1.636507377
0.09539966948
0.03407807653
3.205321681
3.939011705
0.5496566717
-0.4620118737
-0.3212343849
0.1761042845
0.3608909809
0.2145139305
-0.4455796994
-0.02673082035
-0.2568744868
-0.3193810321
0.2225812425
0.004162123427
-0.3636152297
-0.1282118222
0.0535056252
-0.3123804491
-0.3607216313
3.017956829
-0.1973424546
0.0169061549
-0.1750373209
-0.5104318976
-0.6549797699
-0.04815926393
0.0933410896
-0.2316814389
-0.1905998852
0.5544716612
0.2450318024
1.230783963
-0.100170422
1.104715383
-0.1403932756
1.496917552
-0.1987496741
-0.3491775282
-0.1650161287
-0.1667404983
-0.6422672197
-0.4052340545
-0.6435449854
-0.3844181716
-0.08291336354
-0.3788557731
0.0005013011396
-0.3052172311
0.127230641
-0.1609735413
-0.3331005536
-0.1665190012
-0.3816329561
-0.1049320284
-0.121392886
-0.1510404173
0.1911939984
1.421564016
-0.1004779615
0.4424554281
-0.005395320896
0.1167400386
-0.08303604182
-0.01016970389
0.2475210812
0.1718672341
-0.1011314964
-0.4049183443
-0.363685631
0.0738564495
-0.2732923809
-0.003115844168
-0.5721489385
-0.1952878164
-0.3137349539
0.2944737652
-0.3018571191
-0.120956495
0.05293317586
-0.3619794209
-0.501474078
-0.4286581784
-0.520088616
-0.5733781427
0.2817447394
-0.5529729217
-0.145061478
2.009908307
-0.2529300776
-0.3782539502
1.482537541
-0.03626293903
1.05154787
0.08295375789
-0.5035668239
-0.4390347019
-0.4532355547
-0.1851830855
-0.1998814784
3.625668371
0.4063161455
-0.4773424193
0.05065472163
-0.3804479614
0.3772437976
-0.5828103289
-0.2823679334
-0.1320152052
-0.2299415505
-0.2547923617
0.1830969172
-0.2924778424
-0.4512682602
-0.364407818
0.03909341916
-0.3488238998
-0.1964029878
-0.4381626159
-0.3724151194
-0.5781628788
-0.4230871394
-0.3992203712
-0.4876804233
-0.4824876457
-0.5237642884
-0.4212567434
-0.2784829388
-0.3347252086
0.2159912851
-0.3919749752
0.7284426522
1.073097511
-0.336231938
-0.4224619105
-0.2831463963
0.844386363
-0.3346468046
-0.2230186712
-0.4712495744
0.2816295876
0.1469515529
3.316177678
-0.3914637983
-0.508223331
0.1501978801
-0.5789726704
-0.473628208
-0.2616838414
0.743927256
-0.09117806302
-0.1809788524
-0.5349951312
0.5691945702
-0.5650682583
-0.4101390287
-0.2380561233
-0.5246119171
-0.5951744586
-0.05988742746
2.347555101
0.05968328081
-0.7468132824
-0.3792167321
-0.231334402
3.898948503
-0.1775404157
-0.4870071799
-0.2774688251
-0.6397121787
-0.3852205381
-0.6143129349
-0.2856297731
-0.4321907461
0.07340556839
-0.285614188
-0.4629980773
-0.3530282594
0.8959531218
-0.4589189619
1.980862963
0.1153447272
-0.3374945451
-0.1936809756
-0.6065074503
0.1102993061
-0.1194187464
-0.4005877703
-0.5261241034
-0.05377895366
1.339647105
0.6836526975
0.2597389704
-0.5337327093
-0.1793744886
-0.1220896878
-0.01717468156
-0.2587455992
-0.3440565325
0.09005999947
-0.2548110478
2.798622042
-0.3222716331
-0.2759664416
0.7224192522
-0.354081881
-0.3907516822
-0.2553665178
-0.2074413354
-0.338125784
-0.208164425
-0.03649698496
0.4253158316
-0.008173880912
0.5434424646
0.5381524028
0.3007154807
-0.3341944858
-0.3077563323
0.03387266528
0.5609820127
0.2076499049
-0.3143170454
-0.1995336607
-0.162338772
1.094462052
0.1284683536
0.125989221
1.058155422
1.901136944
1.174622941
1.598862121
0.7939477397
1.424810548
0.8432752989
0.6016569136
1.005195946
0.3899412102
2.157340765
0.5725958183
0.5586571679
1.446305621
1.233214436
0.6545141295
2.722807431
1.01050846
1.072887981
0.7020488784
1.671491086
1.010702255
2.024195606
0.8600989684
1.283543658
0.9784504518
1.106673343
1.423401158
1.444328883
1.053807858
1.346190119
2.960455501
2.004343563
1.625510663
2.05545913
1.808156639
2.669315803
2.459345633
1.883685327
2.412204486
0.9578733832
2.06710149
1.927239811
0.7226237804
1.826775146
1.599873352
1.578470397
2.543129647
1.287935448
1.944590902
2.34925617
1.261427134
2.687616682
1.361390966
-0.1298859567
-0.2180178747
-0.4100211784
-0.2521099988
0.05106126256
-0.6071222961
1.01582866
-0.05470888019
4.447033322
-0.3756287344
-0.06365244584
0.4610103206
-0.5919769093
-0.2943949468
-0.4918174282
-0.4069419511
-0.5563280448
-0.1989026231
-0.6484124318
-0.2360151204
-0.2306212507
-0.1031796027
-0.3319664851
1.251233864
-0.5119747043
-0.1876989791
-0.3028880097
-0.5520059705
0.4287433853
-0.426865831
-0.2528572254
0.7425969817
-0.04159508422
-0.4164310098
-0.360250356
0.5279940873
-0.1177917404
-0.1661937315
0.04779601507
2.006067491
-0.1713405799
-0.2720320247
-0.01407782547
-0.1809004145
-0.1035530363
1.107012145
-0.06333242189
-0.2753925422
-0.1235679824
0.06140777683
0.6547108613
0.08408714794
0.1248305785
1.261675379
0.07813607026
-0.3687644728
1.585002068
1.48486591
1.013565031
3.287637699
-0.00952316625
-0.1955030536
0.33962253
-0.1422988314
0.3529968929
-0.2791407228
-0.2605736278
3.277848327
0.5449171886
0.3149460927
0.6488529272
0.4525398638
0.5586033711
-0.2458424903
0.8849307187
0.3879118234
-0.2539548233
0.5388250226
1.02019209
0.3638265993
0.1419470698
2.499827254
1.12507261
1.47187119
0.8715859437
0.7987589017
0.7861242592
0.68466608
-0.4052096479
-0.5352706611
-0.04258725438
0.3032138677
0.23121724
-0.08439152502
-0.3250942044
-0.2566528318
-0.2003322551
-0.3497681648
0.1305753113
0.3651340283
0.151583524
0.2073896252
0.01527596246
-0.08090946972
0.9523643399
0.3731608108
-0.3405611992
-0.2444727808
-0.1386985058
-0.1774621528
-0.1572912456
-0.2940595914
-0.05092233513
-0.1475250069
0.3152948488
-0.09181587528
-0.1399777526
0.670494768
0.3036732471
0.3567068988
0.9251317149
0.09179822206
-0.192595195
-0.1299281381
0.8244882882
-0.05971825309
-0.2935318395
-0.2006937479
0.2516708799
-0.4346091762
0.06036249148
-0.492028746
1.375626451
0.1532381154
0.01752769249
0.04578915229
1.982466066
-0.5145582199
-0.4941787854
-0.2747188769
-0.4258269772
0.02565855607
-0.1447347457
-0.02384919319
0.02184267817
0.2803713373
-0.4431730092
-0.1330901459
0.750809589
-0.4525259562
-0.4930493906
-0.3496937886
-0.2999248102
1.601774055
-0.3551228017
-0.3824852005
-0.4374390393
0.07256893655
-0.2375146607
-0.289583382
0.7789545923
-0.3254130252
1.07740356
0.616713699
-0.008700503781
-0.3955401577
0.1832665332
-0.2129626641
0.006260137819
-0.3054671988
-0.4025668822
-0.2811293088
-0.4812289357
-0.6556320876
1.133984715
-0.4662560403
-0.4948933125
-0.3730413452
-0.1877298318
-0.3253308542
-0.6611595184
-0.4456956744
-0.1342213517
-0.6226457432
-0.2261113061
-0.482363832
-0.7126408845
-0.5301723391
0.06852597557
-0.3268033914
0.6834470987
-0.6429629609
-0.5029841632
-0.196013017
-0.2673587438
-0.5028463081
-0.6058970481
-0.2899071749
-0.3777623519
2.523022479
-0.4060307947
-0.4096066311
-0.6374464259
-0.3290543683
-0.1370090369
-0.3649352007
-0.1719092924
-0.1941023966
-0.4287133679
-0.3951885067
1.716603613
-0.2449644193
-0.2366823416
0.9391863711
-0.5034799933
-0.5208084524
-0.7592849642
-0.5500904948
-0.0736331204
-0.4457761928
-0.5070267707
-0.6028306797
0.07618787289
-0.347893934
-0.2788864106
-0.5429486305
-0.4542252168
-0.4623227134
-0.4862289861
-0.4184881911
-0.4616430566
-0.1643128436
-0.2164789002
-0.5439752951
2.639967048
-0.1808588953
-0.2374241177
-0.4767822266
0.2479414918
-0.3475040443
-0.3102971617
-0.5548652709
-0.4088373914
-0.2919775099
-0.5631462485
-0.5058129087
-0.2835224416
-0.1926850067
0.3305785194
-0.5968631744
-0.6550530985
-0.1342180677
-0.3919599302
1.657640666
-0.4277267009
-0.3439603899
-0.1335876258
-0.1285112254
-0.2238773998
-0.6156659096
-0.2589863598
-0.2346515534
1.883419824
0.7107178366
-0.3643820703
-0.4517513871
-0.6030473441
-0.438678962
-0.2797370195
-0.3578068346
-0.302689293
-0.6434480637
-0.1710544612
-0.1175242878
-0.1125345545
-0.1341772066
-0.2955597609
0.6977309331
-0.2850621399
-0.09214602043
-0.05529569555
-0.4044255108
-0.3700223446
1.274473068
0.1897845082
-0.3011914209
-0.232408433
-0.2126360461
0.03526473064
-0.04662027527
-0.07972022034
-0.1333085403
-0.0112844625
0.0341350859
1.702211347
0.6767498642
-0.146576025
-0.3778221019
-0.4453217894
0.1569075133
-0.420719026
-0.1464877378
-0.2110007547
-0.2227752695
-0.3954090536
-0.3426618502
-0.2831167914
-0.317668172
-0.1506891422
-0.4708720893
-0.2643355712
-0.004621145874
3.056633931
-0.1763746824
-0.1486565866
-0.3698373266
-0.2671227686
0.02292999034
-0.1104838528
-0.4572174162
-0.1827520469
-0.2486415282
0.0334866446
-0.04352943692
-0.4538889542
-0.06843218165
2.132614821
-0.08675206006
-0.3354912624
0.1520162236
0.01016903426
-0.02482644338
-0.4014854431
0.5525474905
-0.7161080092
-0.2685106121
1.715405747
-0.0390655268
-0.009498491324
0.1305632025
0.6562138654
-0.07246926501
-0.5226011932
-0.5225253075
-0.1565458229
-0.1805713922
-0.3163607817
0.7400848836
-0.06355230175
-0.2118387703
0.2999856217
1.201643449
-0.1233276643
0.9421387234
-0.1217529617
0.5032904563
0.1046527307
1.368990123
0.3331262188
0.177285857
-0.108421763
-0.3110690854
-0.5268108621
-0.3291315831
0.1727963193
-0.2507340785
-0.2799720988
-0.123102586
-0.3734483242
-0.132911572
1.315463884
-0.01939310692
-0.5791051835
-0.2001377478
-0.4199917242
2.10993132
-0.4838130184
-0.3719488017
0.1938390413
1.475777322
-0.3563946232
-0.4202433161
-0.3653834864
-0.1101029957
-0.4593390048
1.55088042
0.1053775325
0.2363498609
0.1248975396
-0.1852502003
0.3957118995
0.2880901049
-0.1702875666
-0.2288127236
-0.2645053387
-0.4473886698
0.1678778884
-0.01125883749
-0.5058915317
-0.1118744213
0.2028606853
1.956785131
-0.3260927942
-0.1904418143
0.10515448
-0.1175522422
-0.2532124691
-0.1766193861
-0.4038140446
-0.2790091436
-0.3367140368
-0.2731655501
-0.3005512632
0.4435789198
1.291307659
-0.3023306526
0.00902103018
0.1762287673
0.8935648389
0.2564574433
0.1023815975
1.115363806
2.190688556
-0.01061167847
0.3568439237
1.063599357
1.301306102
2.322211468
0.8478340663
0.2507544925
-0.2227228157
-0.000774051249
2.270077521
0.490814119
-0.4142022952
0.7452387512
-0.2873512939
2.633914888
-0.3170338742
-0.2538611706
0.5617531575
0.3415513627
-0.07136899717
2.835676777
-0.01187020401
-0.4493529856
-0.6479244262
-0.4736086622
-0.5598954499
0.4523546726
-0.5615825713
-0.2614865497
-0.4408812448
-0.08494148003
-0.5910893321
1.532390901
0.1776696995
1.024691312
-0.7928910941
-0.4408083141
-0.1116904637
-0.5008504584
-0.1627879983
-0.5172114342
-0.1404200349
-0.1447679805
-0.1036113475
-0.3316221707
-0.6586609274
-0.5556684643
-0.6193966731
-0.5356090188
-0.148051339
-0.345830968
0.2723077569
-0.37505337
-0.378422359
1.206370404
-0.2857882425
-0.3062926747
-0.1073804061
-0.2769745918
-0.2417532325
-0.1221674629
-0.1509971065
-0.2742234096
-0.2890153863
-0.1743174811
-0.001381102949
-0.2518683102
0.3329474658
-0.2430356629
-0.1222299093
-0.3416404627
-0.3161674686
0.201989365
-0.4263029397
-0.4647721782
-0.0495919439
-0.3826988637
3.178198147
-0.5146675691
-0.2430272572
1.613639772
-0.04514527472
-0.3888962358
-0.4887491971
-0.1196771445
-0.5656250283
-0.4664483722
-0.5662536934
-0.4363709077
0.6546266638
-0.6443786338
-0.323450309
-0.5340131372
-0.3751817502
-0.09188816072
-0.6252185553
-0.2907267988
-0.1538337006
-0.3496510938
0.2909099026
-0.1066004254
-0.06418438498
-0.4305300862
-0.3817581877
0.5548651889
0.03903968437
-0.1809281491
-0.4505896509
-0.5257859826
-0.3804742023
-0.3761451021
-0.4414601445
-0.5493444979
-0.1937644906
-0.2388891757
0.3476260236
-0.5990736544
0.5315075934
1.110974509
-0.2597352972
-0.2334385406
-0.3885741688
-0.6254849821
0.9162969917
-0.1576410821
-0.5108741045
-0.5831923977
-0.7090013623
0.3409590647
-0.2373705525
-0.08445893396
-0.1252434336
-0.5485189006
-0.1759406056
-0.1914643629
-0.3764511675
0.04993510209
-0.4902702957
-0.6231074542
-0.5830179065
0.5606505821
-0.4213315174
-0.4015346348
-0.3488426693
-0.1423457524
-0.2985189229
0.1065769342
0.3329823748
0.4014198225
-0.1703430878
0.675979089
0.04945382811
-0.2855778828
-0.1806563296
1.364336735
0.03459154605
-0.1723776728
-0.1583193471
-0.420717866
0.5119823821
-0.00270996578
-0.3368030496
-0.1928260677
-0.3683922976
-0.2024568038
0.06655562688
-0.3822781861
0.07248469833
-0.1612177512
-0.4445859
-0.4257015392
-0.5457612902
-0.319286523
0.9152796872
-0.415177314
-0.2878106132
-0.2273746032
1.71882304
0.07400176916
0.08657676892
-0.4578075297
-0.1198827011
0.7277572677
2.695218235
-0.02915368583
-0.2009595983
-0.4820427969
-0.1902341343
-0.3963494934
-0.27545994
-0.3991795555
-0.4114035457
-0.07772884262
-0.3375927769
-0.1683732774
0.08530321922
-0.402918075
-0.361889166
0.2815821892
-0.4261373281
-0.5807841837
1.582995117
0.05968751842
-0.1812445868
0.4650292698
-0.1408218721
-0.2747078557
-0.483329159
-0.2185556425
-0.4110239595
-0.1304853695
-0.1570949474
-0.1611446662
0.2790522229
0.1953341145
3.127216828
-0.1615687776
-0.2636725592
2.095420414
-0.4647490606
-0.487521597
-0.2411075752
1.18707051
0.5128982209
-0.5723026246
1.47278197
-0.08659418607
-0.483384794
-0.2799828323
1.181009829
-0.3237545207
-0.008347495273
-0.2552868415
-0.1779959118
-0.07808096111
0.306844219
-0.4197075278
-0.5061967894
-0.09744793801
-0.03841489675
-0.06278857496
-0.3384071697
-0.5937587112
-0.2118790559
-0.4178675212
1.208569968
-0.152077861
0.9322196051
1.62450282
-0.3899229899
0.6897242844
-0.7705733031
-0.4744771928
0.9655414447
-0.5970300227
-0.2267517332
-0.1453317216
-0.3532706451
2.859183347
-0.5137648016
-0.2366781836
-0.2120046131
0.3544007672
-0.6512973309
-0.4307711586
0.04505995102
-0.3679303035
-0.1919007991
0.003196436167
-0.04708478339
-0.0769427883
-0.4288626373
3.384698141
0.1425413847
-0.4370900363
0.1503521526
-0.6220875487
-0.339481955
-0.4861156777
-0.01549172737
1.17924494
0.09196953773
-0.6315985054
-0.1729024636
0.06368907709
-0.2061017558
2.965145415
0.6726233274
-0.4047564015
-0.5590743259
-0.2455352761
-0.5864201188
-0.5651713967
-0.4166272908
0.4955011617
-0.2009861706
-0.3124630705
-0.4172111809
-0.06740722395
-0.4161449313
-0.1768560279
0.1839461992
-0.458261396
3.11525414
-0.2396064299
-0.1551523877
-0.04312296202
-0.375196331
0.2568764057
-0.4255756259
0.3951263117
-0.00414178716
0.1938752611
0.8893233508
-0.3917171761
-0.4718631633
-0.1072709031
-0.5713243425
-0.555104202
-0.2307451732
-0.4306302473
-0.06447677631
-0.3346837558
-0.123303082
0.5631232545
-0.2612984776
0.21793021
-0.290269951
-0.2801482543
2.045812678
-0.4559761897
-0.2364801779
-0.2817017186
-0.2990937419
-0.4661417276
-0.08183265273
-0.09720079079
-0.4201883666
0.1052506555
-0.4501241967
-0.2617051907
-0.2951704413
2.555171436
0.5417731952
-0.2439870264
0.0674989989
-0.3616225012
1.027626525
0.1368436133
4.059462738
0.2286702411
-0.4046223596
-0.431270206
0.00231528189
-0.6369667828
0.8626794718
-0.1959201713
-0.3798031494
-0.02894918621
-0.6161846742
-0.3122147106
-0.3710053787
-0.4508078791
-0.4948018134
-0.7012595475
-0.579439573
-0.1045372158
-0.2322387174
0.03638198357
3.095411134
-0.2954836719
-0.3659311391
-0.2922054999
-0.458396858
-0.2377952062
-0.2749053534
-0.3371957734
-0.3359180346
-0.5550546333
0.1257523992
-0.381440568
-0.4065028638
0.8294943511
-0.4677636907
-0.7539397955
-0.1162568352
-0.4374766178
-0.5187345028
-0.5923086062
-0.4351347044
0.08460559696
0.9056469366
-0.05144228898
-0.163503428
-0.1030659117
1.207321225
-0.2980621673
0.0244533007
-0.4366485141
-0.3952926099
-0.1753304716
-0.3332706653
-0.6044490844
-0.3563849233
-0.4145638153
-0.3989665911
-0.4015329733
0.3544969536
-0.4063822486
-0.5030017644
0.6147470467
-0.3374367058
0.03464659457
-0.7642686874
-0.5715311334
-0.3278210849
-0.6776387274
1.980161542
-0.4129673466
-0.1852509066
-0.3917563401
-0.421977111
-0.2768881273
0.3033060359
-0.6104180992
0.04668202791
0.1034788226
-0.2070209943
1.07601709
-0.2369491436
-0.1906724502
-0.3632391647
-0.7638757855
-0.03226951249
-0.503470163
-0.5623293474
1.449931288
-0.3345440522
0.1552625987
0.2519901695
-0.4857790172
-0.5654050156
0.2899333006
-0.3868465647
-0.340030149
-0.3620137759
-0.130237129
-0.04364350941
1.421799804
-0.1840216588
-0.5656158447
-0.4514284678
-0.6614612803
3.083314133
-0.2296458401
-0.5064929947
-0.2734408602
0.6080740327
0.3066168653
-0.2196723808
-0.1681515757
-0.3721235201
-0.2083561242
-0.5599450454
-0.5068942845
-0.6009642377
-0.4501606256
-0.5439694092
-0.3539839651
-0.2056431629
-0.1363867829
-0.176726744
1.498794696
0.9816641703
-0.465356794
-0.04297030466
0.1679799499
-0.2158213694
-0.3563144132
-0.5482657149
-0.8657198906
-0.1072729657
-0.1791692398
1.434188491
0.5871768133
-0.4249559015
-0.4502623424
-0.6150740176
-0.1961006213
-0.1639179949
-0.3530985497
-0.3510822879
-0.1611539155
0.2075087845
-0.6509131163
1.512965649
0.9433148146
-0.4982745767
-0.33835788
0.1233980779
0.05027806917
-0.4992899939
-0.02523255642
0.29139724
0.2304134483
-0.324143213
0.09136076001
-0.38884864
-0.1273259837
-0.4516041428
0.4341277771
-0.1590437741
-0.3073344171
0.8763343364
0.0137782638
0.8361307263
-0.3893235967
-0.3112657852
-0.2581147693
0.5628392067
-0.2986120604
-0.2347758271
-0.4387016371
0.0350939054
-0.4407593831
-0.4938015111
-0.4178060502
-0.2980573785
-0.3766489834
-0.4607964538
2.12724908
2.241920978
-0.02627049079
-0.4328953668
0.1634930512
0.04813461583
0.70905855
-0.3998592332
-0.405525732
-0.4817008168
-0.4535193458
-0.3224698626
-0.2211346813
-0.3660081059
-0.2224772178
-0.2599164989
-0.2608068086
0.1303017785
-0.2124568757
-0.4440674782
-0.3104554277
-0.002220010012
-0.2702273734
-0.3406387381
1.105578777
-0.3177990809
-0.4940773115
-0.5376188129
-0.3815800235
-0.1487145321
-0.4693320751
-0.542703107
-0.1534200954
-0.2212250657
-0.09023635872
-0.1714741435
-0.1184421003
-0.1115153007
-0.1769772451
-0.2910205454
-0.2898541261
-0.3443161786
-0.4844704032
0.3111293098
-0.2030978605
-0.2430005133
-0.4286112331
-0.06067521879
-0.3564095676
-0.3462174632
-0.3368364245
-0.1061786735
0.9418425947
-0.1068317461
-0.2710772999
-0.5499428034
0.3424520295
-0.5582802102
-0.4120856933
-0.1161887445
-0.4068894684
-0.4710347146
-0.5005928531
0.7973447151
-0.182777521
-0.4336013973
-0.3279633991
-0.1927195335
0.4286952667
-0.4231096253
-0.2924522758
0.4319198094
0.002598436922
-0.189310359
0.3785145775
-0.3033925012
-0.08026867341
-0.1053488253
0.3391867705
0.1006038256
0.5132304426
2.173715812
2.586332381
-0.08238554811
0.7529946715
-0.483680895
-0.2661606707
-0.02715675374
-0.4296778157
-0.1862865426
-0.2520316623
-0.3126490105
-0.4235528961
4.037173438
1.181453514
-0.360758774
-0.1249346144
-0.4243832856
-0.1731066115
-0.531392251
-0.2307126991
1.024295354
-0.2181939889
0.6950859472
0.4359949686
0.3156662781
-0.3010735847
-0.4193292141
-0.3770451836
-0.0147941126
-0.5247917935
-0.8042418927
-0.1044082804
-0.1626073955
-0.205667093
-0.1570300609
-0.08248281404
-0.065044179
-0.161128936
-0.2130157806
-0.6192537487
-0.4971657231
-0.5171504453
0.7894796193
-0.3998736233
-0.733547245
-0.3834850848
0.03740869495
-0.4187244385
-0.3891095214
-0.3553875677
0.3395261232
2.75637061
-0.2863216486
-0.316069971
0.1168780721
-0.4207491174
0.3691164119
0.5130465444
0.006700477935
2.723575437
-0.3755452152
-0.2015303075
1.344791061
-0.4688579723
-0.08560366407
-0.3138004683
0.1797349395
-0.06299455687
-0.2882036004
0.2413887579
-0.241953874
2.44617874
-0.142725022
-0.4062402055
-0.3041751593
-0.1541742122
-0.2645341486
-0.3194206439
-0.4112876423
-0.2202163296
-0.2521505274
-0.5319234505
0.009920975752
-0.01042551845
-0.5823371947
-0.3790869661
1.033857299
-0.503278476
-0.3210338391
-0.2586110592
0.1048215163
-0.2638969854
-0.09576753229
-0.5589922085
-0.3377877899
-0.1517678883
-0.3757181697
-0.2222044285
-0.1134311265
-0.3401000626
1.546188086
3.441184235
1.009459747
0.3396188628
2.312700325
-0.1249678778
0.9655245125
0.4370402934
0.04910686575
-0.3591789708
-0.6070179284
-0.6036152259
-0.1869043763
0.5806448549
-0.773848334
-0.4576085761
-0.3537757874
0.1019742325
-0.5670287341
-0.507777752
-0.4593995735
-0.2889593188
-0.5114340961
0.1642571146
0.3514427885
-0.1830537073
-0.08594114538
0.06132639684
-0.4008886054
0.2143618019
-0.08041700609
-0.2335532153
-0.07180697676
-0.1813027423
-0.3437305309
0.6840070497
-0.4000169978
-0.2418622846
-0.5377645612
0.7387889087
-0.2985918157
0.3443565909
-0.2300170794
-0.3001423202
-0.05291422568
0.302013557
-0.2709235884
-0.5322318688
-0.3854450449
-0.4087979361
-0.1063735843
-0.378524895
-0.4682072282
-0.2782856412
-0.2779854689
-0.540418309
-0.04472159771
-0.1513243523
-0.422538358
-0.3830710158
-0.3585487552
-0.1262539931
-0.3676575296
-0.5797281295
-0.3027082428
-0.5152266979
0.1518510116
0.659328033
-0.3541809671
-0.3324374527
-0.03453110717
0.81731188
-0.58941423
0.9645287752
-0.6917861253
-0.524816066
-0.3046199828
-0.6785202146
-0.3073011652
-0.3188589104
0.1813495662
-0.2599791218
-0.5916239396
-0.1595385611
0.3238598365
-0.06010881951
0.05507496186
0.6112015113
-0.2971062563
0.04154143147
-0.4596333861
-0.4906626821
-0.5428144768
0.4511141606
-0.2650920726
-0.3786973856
-0.4282156378
-0.6696408719
-0.4413522914
1.587237757
-0.5379036054
-0.1531064386
-0.07230831888
-0.4969850272
0.2296464855
-0.2693823991
-0.448935926
0.235142776
-0.3962826326
0.468523027
-0.2215798486
-0.3317482777
-0.4872340202
-0.3707865164
-0.5340693384
-0.3908050768
0.08413120089
-0.4437226251
0.09426892288
-0.3159272805
-0.1498199325
-0.4280201659
0.2186388353
-0.2489975438
-0.4420179933
-0.2743910871
-0.3619630173
-0.2460610591
0.1766437243
-0.3378792055
1.589161491
-0.2120627221
0.1251268772
-0.5882316485
-0.2217554398
3.09725973
-0.4597834148
-0.4459000841
-0.2360499993
2.339813972
-0.3259776928
0.05761279389
-0.3554099385
0.6720469728
-0.4244223654
0.6439414132
-0.09908261895
0.5456877843
-0.2003065257
-0.1136556915
-0.3823951319
0.2539538179
-0.2537255619
-0.1331247745
0.734413372
0.3509742081
-0.2172389098
-0.1311106567
0.4832790753
0.1828872692
0.5952521982
-0.3519058548
-0.421048972
-0.1105273079
-0.162575965
0.2926903924
-0.2698590655
-0.2635509267
-0.4444818363
0.6472841263
-0.1424331868
1.044580352
0.9093718957
-0.2838927217
0.008572100382
0.5667869348
-0.2197346158
0.2017261375
0.3418345558
-0.08817695677
0.486506163
-0.6563053623
-0.5275198013
1.508395082
-0.2712669514
0.4080971204
1.134596545
-0.1781138383
0.06892148731
-0.397611697
-0.4648914278
0.1436950453
-0.5683225572
-0.3337295309
1.725435781
0.5686425885
-0.3872943819
-0.4439467452
-0.288911733
-0.6476474285
-0.1388717964
-0.3557309553
-0.2595569901
0.05034055151
-0.4056755759
0.7940685965
-0.07096804362
-0.6329777285
0.1407169441
-0.5131426245
-0.1123434875
-0.03177912915
-0.41680554
-0.5502433583
-0.1398283272
-0.146092529
0.2671289886
-0.5176240861
-0.5413437769
-0.4440778241
-0.4199377373
1.441151685
0.2846949334
-0.04944857974
-0.4772835672
-0.2577270817
-0.5188967407
-0.6012461543
-0.4981653884
-0.4683999747
2.383333331
-0.6156157956
-0.2852659989
-0.4740280092
-0.4514486834
-0.3899459161
-0.5043885171
-0.5706444696
0.07972283028
-0.1633980578
-0.3675587319
-0.4498692483
-0.5465058059
0.001245859079
-0.4607674628
-0.3697174266
-0.4275657445
-0.3056950279
-0.2809651285
-0.1681305746
-0.2597061343
-0.5354413778
-0.2244009387
-0.248494748
-0.1470547979
-0.6220876887
-0.3685062706
-0.008337837551
1.702139217
0.009033105336
-0.2955939986
-0.4158546105
-0.6259445548
-0.482129018
-0.4020237833
-0.4283941701
2.934133446
-0.3106926233
-0.5121810585
-0.06741769342
-0.3894093648
-0.2950580005
-0.5032610953
-0.3912493706
-0.3383622259
-0.3840225637
-0.4736743644
-0.271342729
0.06866203854
-0.04322930835
-0.4147540331
0.2235319872
-0.3104269482
-0.2566330913
-0.4131135046
-0.1096143892
0.1529093378
-0.6964949369
-0.3255869642
-0.07299680966
-0.1581628948
-0.09427727652
-0.4747270018
-0.04038019478
-0.004182137502
-0.449626451
-0.1703533001
-0.3743556499
-0.6011423945
-0.5684891537
-0.1984452739
-0.3707648396
-0.3847800642
-0.4599134147
0.03739918862
0.9335785791
-0.254828215
0.1188030203
-0.312577589
-0.1915104818
0.2456116412
-0.5236454904
-0.2619843677
-0.4836557686
0.2244367483
-0.4894527555
-0.2984541886
1.311941493
-0.6709165469
-0.1145931743
0.1187500583
0.5151055045
-0.005316171981
-0.1732024264
-0.4273799449
1.519673526
-0.4328458369
-0.09467192264
-0.4230167016
-0.2281187262
-0.3499557801
0.4935829211
-0.1468265977
-0.553244321
-0.6393776491
-0.5898121923
1.392023635
-0.282825651
-0.3527313896
-0.5965303943
-0.2792989522
0.4399338577
-0.679958865
-0.6979982764
-0.2392519906
-0.1466926428
-0.2124469049
-0.3743659414
-0.5153803855
-0.05549498959
-0.6742347449
-0.5221330509
-0.4988216683
-0.5891102269
-0.4791457415
-0.2687241793
0.2340560568
-0.1063661069
1.609162295
-0.4057722867
-0.4301410481
-0.2258834135
1.736179048
0.03085709438
-0.678005062
1.598450449
-0.1128534057
0.1424512304
-0.2703169566
-0.1696639771
-0.5325190708
-0.2566908229
-0.1821811365
-0.3822414279
-0.4906022727
-0.6971767545
-0.007534345984
-0.4457815304
-0.4953866228
-0.4952147231
-0.04810580984
-0.4213680722
-0.5665513068
0.1193307164
-0.409078072
-0.3259065539
-0.06215469828
-0.59297674
-0.4031836241
-0.3464233391
0.02993634623
-0.09412645828
-0.3986644834
-0.3877065003
0.116620015
-0.04065913167
-0.1294189543
-0.1578549752
-0.3121929906
-0.3954103783
0.01251082364
-0.1436422937
-0.1702332268
-0.2281976102
0.2320761573
-0.2683363898
-0.06298025344
-0.3956934121
-0.4289737001
1.568281651
1.428314745
-0.1745114182
-0.09483706518
-0.426043877
-0.3879898161
-0.4213604689
-0.4602626011
-0.2960868202
-0.5391508207
-0.4138678119
0.148232035
0.3378194954
-0.4236066729
-0.3778934062
-0.4480119348
2.272717386
-0.5006229088
0.3646093398
-0.07774722958
-0.155396655
-0.3609599952
-0.3691340432
0.2575696688
-0.4004441813
-0.2878768295
-0.07388182022
-0.493619594
1.133775301
-0.3872588731
1.460887757
-0.5183466718
-0.1162075948
-0.4312339008
0.3377263002
0.1911721939
-0.01939034052
-0.3053273506
-0.3009688929
0.1960828412
-0.4547679186
-0.1073548229
-0.3536443368
0.09777950477
0.143141493
1.118046534
0.3517069992
-0.4772298038
-0.2915436789
-0.4227129892
-0.3497394413
-0.5005024806
0.3592154354
-0.1200699169
1.17054169
-0.4304392725
-0.2898090158
-0.4107287169
-0.5518895984
-0.1934339946
0.07490187883
-0.01627741866
-0.5138447449
-0.6348567203
-0.3930721201
1.001969427
0.1028593617
1.276529354
-0.3607602336
0.4525326833
-0.1381751345
0.4884007806
-0.3133963801
-0.2738002412
0.1238395432
0.01206594128
-0.1275340509
-0.1966715958
-0.0420040112
0.3150822751
-0.3411499802
-0.2659079991
-0.4008671157
0.01087176846
0.007206161506
0.2945514016
2.625475323
-0.03785723019
-0.2990761966
-0.2873056948
-0.407087104
-0.09661070965
0.8155482017
-0.7071427196
-0.4886469916
-0.3679030754
-0.3136527024
-0.2286036473
-0.6469571531
-0.5379609928
-0.5184845373
-0.2806704208
-0.1170126624
-0.4571541339
-0.4365176782
-0.009356118925
-0.3887980521
-0.4580427319
-0.1510502178
1.220092615
-0.2152958624
-0.6474613532
-0.6695839494
2.887652391
-0.5008264795
0.7817411244
-0.01309573948
-0.2793911107
-0.3627034426
-0.3607201159
0.08660365241
-0.1120199751
1.471129289
-0.1877937535
-0.220790121
-0.3632005267
-0.3974452227
1.461958882
-0.3438875645
0.2652501933
-0.07100160029
-0.1912686158
-0.4863425225
-0.4300817087
0.07006349014
-0.3480338573
-0.3108881779
-0.3091350377
-0.6951556474
-0.328577771
-0.27861045
2.727695179
-0.5140786856
0.2814498365
-0.2929653704
-0.4225135878
-0.5810423389
-0.3764534563
-0.3269106627
-0.3733937353
-0.3409532087
-0.4441722795
-0.07022520509
-0.4244180679
-0.3553716198
-0.3376455292
-0.3441708803
0.2026609775
-0.07670535948
-0.5433855578
-0.4174247548
-0.4465770438
0.0009561802261
1.976286709
-0.4752169758
-0.3011208668
0.262607259
-0.04693062603
-0.11965333
-0.4345310435
0.08420394715
-0.2623166308
-0.2362821908
-0.4272736266
0.2267144705
-0.4720952153
-0.3500061408
-0.1240966316
-0.6673600823
0.1582631432
0.283396291
0.5998377062
-0.1503975146
-0.2707818571
-0.5441932693
-0.2118244879
-0.2196728282
0.3508852836
-0.3660547078
0.3384831026
-0.3863145076
-0.2724144734
1.062945768
-0.3173688345
-0.02734796684
0.03858547285
0.2035468327
0.2905585267
0.08611030714
-0.3883236527
1.001233229
-0.5927294523
-0.3895456627
-0.5001993537
0.09958327888
-0.4636190459
-0.4924556762
-0.2454593413
-0.332766477
-0.4738207072
0.1643433407
-0.1647652965
-0.5760283232
-0.05311504314
-0.1239357414
0.03125317472
-0.2166789047
-0.1946962602
0.5204832844
-0.05090213809
0.4557324769
0.356019119
-0.5622022495
-0.3590488836
-0.5657372192
0.2400561798
-0.2822316863
2.803237355
-0.05824609995
-0.06975033022
-0.246299997
0.4341841053
-0.1765205825
0.09702578122
-0.5462457329
-0.1066591825
0.05306041036
0.05562540414
-0.197950577
-0.4213875502
-0.355894012
-0.3384652093
-0.067029275
0.06396620236
0.8771144539
-0.2361367889
-0.05190395638
-0.4314890936
0.01440836648
-0.4224760801
-0.3183700658
-0.3211632058
-0.3846335799
-0.4123997539
-0.1338853039
-0.2742300853
-0.2761301026
-0.0562071681
-0.3761129484
-0.3214244202
2.813250732
0.3999897595
-0.3883441836
-0.3837097406
-0.5547953963
1.453505245
0.06950748302
-0.4484826133
-0.3175457865
-0.4792824745
-0.3532187387
-0.3327465683
1.694569772
-0.4513039142
-0.1391114905
0.102494362
-0.2001718313
0.06086384971
-0.233902305
2.706540167
-0.354172571
-0.1032990882
-0.1935317185
0.2233623024
-0.1020996623
-0.2840288623
-0.4128702328
0.2289899713
2.474993163
-0.5587631419
-0.4751000524
-0.236052762
0.2532568073
1.931087747
-0.1650562325
1.287849253
-0.2669323422
-0.07582346108
-0.3001858018
-0.3905522019
1.030738378
0.2346968772
0.1048732992
1.382820791
-0.3456263989
-0.2432777949
-0.1839760661
-0.4519668072
-0.07825220264
-0.1721709888
-0.3415351748
-0.5487074077
-0.4623231798
-0.6549566478
-0.4954357773
-0.4895156726
-0.03081539581
-0.2005384641
-0.1477710759
-0.07779904064
-0.36129926
0.4769820835
-0.04255709238
1.127450216
1.138084023
-0.1421169046
-0.3556291305
-0.2531040743
-0.2827353492
0.1508029823
0.4963222183
-0.2021781842
-0.2862975433
2.227693981
-0.2861375205
-0.3193033878
0.3643278338
-0.3157041103
-0.3074120723
-0.2104825839
2.161346412
1.127848953
0.4978627577
-0.2599194575
-0.1463710535
-0.2570921235
-0.07278380552
0.02457210561
3.218496525
-0.1047186766
0.2478329925
-0.2996639512
-0.157704886
0.224353095
-0.3628313467
1.553535593
-0.06706383768
1.617438197
-0.1639792688
-0.2905568928
-0.05682322849
-0.00826983247
-0.1625379151
-0.2237813972
0.3512175831
0.9916423798
-0.182146243
1.431013221
-0.05449891062
1.474373743
-0.1139373869
0.07401186451
0.02652703933
0.9044383869
0.1751064179
-0.1079757132
0.1201558739
0.2238227811
1.579438543
1.412812683
0.4082447451
0.6871498153
0.8348576747
0.00392471645
-0.2374820564
4.013431609
0.4524180803
0.4672717486
1.11330483
-0.01813107487
0.522893063
0.1206854582
-0.2872380659
0.3844925605
0.8878941625
0.02696376476
0.2478526578
0.3402758405
0.4684676625
0.5412632219
-0.1052818028
0.200215051
0.8461758919
0.3273109522
-0.02819717722
-0.03610416055
1.236799631
2.425484425
2.410733536
0.5823433712
0.1083718978
-0.5863500655
0.3586122684
0.07854178119
0.9328876317
-0.1880081877
-0.3599694893
-0.171165131
0.09332609596
0.05539612547
1.272670257
0.3606434243
0.04793292144
-0.05476742503
0.323419028
-0.09696626067
1.584156942
-0.1571667228
-0.2049243195
-0.3203426763
0.1120694231
-0.4300338313
-0.1008991037
-0.1631905116
-0.07187910732
0.4477385167
0.1159852809
-0.2744718157
0.5521826353
-0.1002598444
-0.3629897431
-0.1508206535
0.06550103053
-0.04194143377
2.257146376
0.006266755518
0.2955719341
0.4173859645
1.799458304
-0.1886968687
-0.0488153738
1.546235874
0.1203102112
0.4359348031
-0.2059527412
-0.02514659744
2.049515337
0.1080851604
0.1057553383
0.7635213234
0.6375052638
-0.2308364965
-0.54301541
-0.1474606307
0.327744925
-0.2965361267
-0.1477247849
-0.129402629
-0.3735207036
-0.3336021021
-0.0318035081
-0.3551489949
-0.335170126
0.6977043986
0.2859491516
0.247536749
0.5293167934
-0.0847170799
2.504951185
0.3949926343
-0.001232233644
-0.3424480766
0.6306038521
-0.1181634258
-0.193884629
0.03883249294
0.02157905716
-0.5466961831
0.2163645268
-0.3004933365
-0.04072489045
-0.4310808435
-0.1933324602
0.01427241992
-0.05986099709
0.02777352091
-0.06506720297
0.1388969384
-0.03306738175
-0.368516627
-0.3936784282
1.602985501
-0.2069336072
0.555167916
0.019846089
-0.2594122998
-0.04647375513
-0.3062287398
0.2377607975
0.1593207869
0.06331159845
-0.0956474198
0.01924812235
-0.6250542492
-0.3431730829
-0.4409777269
0.1068578713
-0.06545717493
-0.2983884558
-0.2636955693
-0.03633267693
-0.5276887625
-0.367923075
-0.4972541243
-0.4872013241
0.06686734823
-0.1808742978
-0.3988541037
-0.250629741
2.251826733
0.6649257749
0.6082760267
-0.05615526736
1.090778624
1.248187822
-0.2643970765
0.332898023
0.5022645235
0.1107401552
0.6164513864
-0.3863541827
-0.2703214657
-0.2595049331
-0.1520851013
0.09753770968
-0.4911461487
-0.5218218818
-0.1193930028
-0.5415790096
0.4043105803
-0.2124143828
0.6018970571
-0.05503144301
0.2199056579
-0.140569815
0.0843521148
0.5547180384
-0.3684423402
-0.0287181892
-0.3472355761
0.8283739246
-0.4051529087
-0.1519738079
0.4039418403
-0.7191371113
4.45891943
-0.479627572
-0.2576651033
-0.5068779841
-0.4597590357
-0.2983610179
-0.122626242
-0.2710163325
-0.1104355056
0.2396293804
-0.3132307708
0.2738349359
-0.6095191672
-0.3093628466
-0.4572585374
0.5020807415
-0.2327832952
-0.234657824
-0.5881747425
0.0224158504
-0.4399741843
-0.2462218806
-0.5316881165
0.186210015
-0.1214101311
-0.4492235392
-0.2372475341
-0.4237090498
-0.3276913531
-0.1766005084
0.01673340742
0.7601599162
-0.1221188689
-0.6180389881
0.03949810639
1.65549041
0.4120335506
0.2823052898
-0.5203890324
-0.1351711676
0.03560670959
-0.2705604456
-0.2764636487
-0.05081488714
-0.6312757552
-0.4483261123
-0.2005725922
-0.4818056941
-0.3757662974
0.04151645135
0.1737119705
-0.2393052042
1.866851199
-0.2577628471
-0.259777125
0.02571999654
1.140169913
-0.3658304058
-0.4171695665
-0.2494605012
-0.5601501688
-0.2681192316
-0.4048892632
-0.602638039
-0.4661844149
-0.4018458098
0.0617752552
-0.2950514765
-0.3849818841
-0.3945118546
0.6769525716
0.9000669084
-0.2544760901
-0.49339111
-0.3384266771
0.8345936276
1.440182763
-0.3107669681
-0.2773087919
-0.0653749492
0.05801223237
0.5365148073
-0.135523295
-0.2886245564
-0.1090796066
3.444445813
0.7482174635
1.181672111
1.032532099
0.9359479904
-0.1781322982
0.3060821094
-0.3028811723
-0.08633396663
-0.1280867679
0.1436651587
1.152199069
-0.1589120509
0.1299628228
0.5324689329
0.1268794019
-0.4807416171
-0.3986195594
-0.406660217
-0.3120659277
-0.1127515703
-0.3189732915
-0.3134878688
-0.1192459337
-0.4203053176
-0.2914393157
-0.1432286491
1.150105679
-0.2525136858
-0.1284660509
0.586502149
0.3233250478
-0.07070815712
-0.4362711862
-0.3619368553
-0.01511168145
0.2299869251
0.1782402159
1.530722231
0.06436970206
-0.4078383356
-0.4213642657
0.04937147391
-0.1063137364
-0.2363277327
0.3513929006
0.4685284402
0.1180793777
-0.2837650314
-0.1791560274
0.6298408724
-0.1675195528
-0.2184974113
1.389779857
-0.3993035287
3.227384746
-0.2364850691
-0.3230888233
-0.3225977711
0.3714650899
-0.09308006782
4.033857346
-0.04208021569
0.2405746374
-0.08509216621
0.2586903249
-0.4199258253
-0.2638678268
-0.195041595
-0.3624711357
0.5330200192
2.028423303
-0.03882541861
-0.2174935456
-0.2963512719
0.06700920276
-0.1470786968
0.4896611363
-0.199351339
2.875371993
-0.5715657622
0.6983348496
0.3595015228
3.675594294
0.514208734
0.04350291546
0.4164092703
-0.4696813226
-0.2446111865
-0.1817768093
1.390687653
-0.2965072252
-0.4650144726
-0.485490039
0.04818152352
-0.3573445909
-0.3830356047
-0.09344966132
-0.5691949904
-0.5644301236
2.008092624
-0.4291303262
-0.1683465797
-0.3722209617
0.1522389984
-0.3555104777
1.132437545
0.1296016995
0.1558711108
0.2911423955
-0.3475533918
0.1731400901
-0.2673751235
-0.3605962083
-0.3905235633
-0.17681906
0.2827506003
0.1726072283
0.04973923881
-0.02362187672
-0.3335458927
-0.4194770217
-0.4439251155
-0.4882062644
-0.4188090503
-0.3483426765
-0.4799259484
-0.0847027462
0.673324047
0.05005482561
-0.1609528102
0.1510940569
-0.1527019555
0.1300733367
-0.05562016238
-0.2864906497
0.4037979417
-0.1872286359
1.987197506
-0.3298968583
1.621305302
-0.05133862291
0.471970176
-0.4392662495
-0.4720422313
-0.4334932581
0.3117800169
-0.2056228578
-0.2669691253
-0.4119894534
-0.2720907576
-0.4227316439
-0.1034566174
-0.4713346183
-0.5396542147
-0.1324108792
-0.2757587492
-0.2497615829
0.09547013547
-0.418331166
-0.09634022266
-0.0383462633
0.1225563771
-0.167844849
-0.01716606356
1.459249955
0.4577920333
-0.4401975855
0.04196521696
-0.4138217136
0.03571571745
-0.002600421384
1.294925615
0.7385677844
0.4737037692
-0.3084018968
0.4873824442
0.03195363414
-0.1819924835
-0.2922993742
-0.3467489094
-0.2725551533
2.247372848
-0.4961277589
0.009375793301
-0.3982768595
-0.4404642239
-0.2622626025
-0.2184455074
-0.02247258481
-0.1015240718
0.1144154627
4.151832747
-0.3960095339
-0.2725864694
-0.01853172183
-0.1288853031
0.04949605698
0.1197280952
0.6497166798
0.3494542874
-0.4592690989
-0.06665787743
0.3273653542
-0.2396763749
-0.01167315538
0.3867224146
0.1519048529
-0.3183146544
-0.4245864384
1.985153365
-0.3383730456
0.224915649
0.07009708053
-0.4035089776
-0.3138222933
-0.5510408819
-0.2861980699
-0.1543061487
2.745812941
-0.476333499
0.2750001242
-0.5079632446
-0.192932994
-0.2023284283
-0.4125413284
-0.6328055888
-0.09970215578
-0.477842547
-0.2094243437
-0.3569668338
0.1513056714
-0.08982238155
1.746483755
-0.3020320952
-0.2634659462
-0.47435233
-0.2647270165
-0.2287100187
0.1500674795
0.0602220742
-0.3329825737
0.3852476498
-0.4550687686
-0.2606470682
-0.5271895856
-0.232862014
0.1345755888
-0.1565141583
-0.3207008496
-0.1086545194
-0.1772187978
0.1471610231
-0.5850356236
-0.5764753044
-0.2641357649
-0.1839320455
1.884514949
-0.2720918424
-0.08020238169
-0.122832253
-0.04341229964
1.905256438
-0.2598949395
-0.04176439373
2.194393373
-0.2232206259
-0.1494166525
0.03253880311
-0.2050192883
-0.4202679396
0.210166269
-0.01875220351
0.3544870304
1.53096143
-0.4878284395
-0.5049610049
-0.2564508215
-0.2003442924
0.3429751948
-0.2110227562
-0.2348324809
-0.2400230784
-0.02099501104
-0.425371398
-0.4433728099
0.617299279
-0.2022883845
0.490829698
-0.2601417817
-0.107081222
0.03452628851
0.0966588255
-0.1709729617
0.1348557658
-0.2571801569
-0.3481366605
0.3516551871
-0.1518450098
0.002376635745
-0.3171784453
-0.1490942227
-0.2822800994
-0.1320685506
-0.4541733533
-0.02619283479
0.2036254939
-0.2403277565
-0.1719110712
-0.1926285194
-0.4714390829
1.631437516
-0.4481842265
1.990819085
-0.4664300129
-0.249792587
2.676626521
-0.3110712357
-0.4256963477
1.633250633
-0.4735433891
-0.1203170471
-0.5004284546
-0.4741910115
-0.3874504477
3.247542119
-0.4710554481
-0.336798729
-0.3846569926
0.05203622095
-0.08413411677
-0.3058954008
-0.5079530403
-0.1085560439
-0.1265564799
-0.1281589307
-0.2722315401
-0.02688818015
-0.4142619267
-0.4319211602
-0.2194419194
4.712127697
-0.298375842
0.8430191088
-0.02287287759
0.3779908443
-0.3579363503
-0.4439382374
-0.1833699735
-0.1365536276
-0.1456018358
0.750015378
-0.1033620141
0.0417403711
-0.2769535191
0.5957118273
-0.1361950103
-0.2269183379
0.1142828327
-0.3643722989
-0.2291510295
0.03789307456
0.2302584342
-0.321497003
-0.3772881433
-0.07099624686
-0.05904679364
-0.1202778209
-0.1811602343
-0.3568129808
-0.002771022171
-0.1995718293
-0.03326242995
-0.1859759767
-0.1795630716
1.268551797
-0.2231781155
-0.3746874209
-0.2065912385
-0.1630964052
0.08220217042
-0.2508933567
-0.1961011503
0.9869797252
1.523351152
2.604103911
-0.02052605134
-0.1047515431
0.9526883125
0.3519297916
-0.1705891427
0.4074484758
-0.3186923057
-0.2005717373
0.02264969628
0.1482122142
-0.2466486752
-0.2162824702
-0.006999557093
2.144834125
-0.3593168512
0.3083272299
-0.1826291699
-0.2589896962
-0.5335696816
-0.2500278249
-0.3227153406
-0.2344654348
1.377262715
0.1764354455
-0.5218903959
-0.1480614362
-0.4074624136
3.933498549
-0.2080235712
0.5141226015
0.05932338312
0.3567935808
1.168043184
0.02443899531
1.085276005
0.593625224
-0.2153970383
-0.219175994
0.1111397944
-0.04461868759
1.124377622
-0.4511392549
0.03697935976
-0.05498856269
-0.1774427321
-0.1831584804
-0.3684196666
1.227047992
-0.3253077149
-0.1398030112
-0.1631443717
-0.2851413414
-0.002701906674
-0.4462226033
-0.4733974919
-0.5596655771
-0.4069386058
-0.05858101267
-0.2612542465
2.918208301
0.163154619
-0.3405963533
-0.4337057248
0.2557250952
0.8553774744
-0.3684175074
-0.4793602064
-0.3274521627
0.3007327355
-0.4400461137
0.1081526667
2.299727613
-0.3345080838
0.226026151
-0.4772313237
-0.1398498323
-0.5112536803
-0.47706981
0.1441608509
2.693574709
-0.3099033728
-0.2061220873
0.09872425869
-0.5954978615
-0.2192472484
-0.3236863859
1.781131339
0.2935159124
-0.07789521851
-0.2224919785
-0.489180772
-0.2454107881
-0.3587591514
2.170450121
0.7575208467
1.849747312
-0.04275684357
-0.5262946919
2.09699389
0.4603189241
-0.5746752232
-0.4322791055
0.6101855539
-0.4231157422
-0.09892370552
0.794992128
1.195902473
-0.1359251337
-0.3726479843
-0.5533548325
0.69289551
0.07215333041
0.04539229292
0.3232823057
-0.5695890576
1.495418835
-0.2778832294
-0.5291979432
-0.1720639531
0.03130662795
3.529881775
-0.09826352205
2.20787707
0.6631973974
-0.2177080624
0.7957872012
-0.2040032959
0.2092636382
-0.2064134404
0.3664829915
-0.03913541399
-0.4073503934
0.1124589983
-0.02237876235
-0.1472082525
0.07779671317
-0.6896316797
0.9360127896
0.6373042963
1.069922233
0.006075220928
0.5064173311
-0.6155969188
-0.3354477324
-0.05450880397
-0.03945213538
-0.115549471
-0.1818226671
-0.1946940191
-0.5865874559
-0.003192632739
0.7953477897
0.1027634581
-0.2287099671
-0.4400619313
-0.0772015702
-0.2115727628
2.348596102
-0.221918172
-0.2265036933
0.8456749591
0.2852391705
-0.4536998436
-0.05437818952
0.2897926219
-0.1481924566
-0.1877940569
-0.04018162265
-0.3994170383
-0.1814645071
0.4592514589
-0.2436109398
1.811893338
-0.2273538496
-0.05116221607
0.1158333652
-0.4663050607
-0.6449331388
0.00379459504
-0.4379764378
0.3392043073
-0.05340964794
0.8400131548
-0.1144122908
0.5895351052
0.7117213398
0.495352577
0.4366431251
-0.3914365619
-0.4069629952
0.3976173597
-0.007445563702
2.068382484
0.1531023466
0.8968899213
-0.1937540438
-0.1861825928
-0.5588367879
0.06804730352
-0.2461937483
0.122915135
3.436098671
-0.4394521788
2.787892067
-0.0200781608
-0.08742211387
-0.3470799059
-0.4466357991
0.4083370166
-0.337813779
-0.2578137703
1.218362541
-0.03208304001
-0.07136369394
-0.1362770397
-0.4509639397
-0.5515246063
-0.07588282339
0.9834571481
-0.6281512231
-0.4428957835
0.1509621427
-0.1853324598
-0.06504238099
-0.4972216547
-0.1759857707
-0.1586829714
-0.4257272452
-0.2678772241
-0.3046547428
-0.1885627467
1.936170846
-0.4440654889
-0.4329276279
-0.5408567637
-0.4646027595
0.03936670162
1.103229848
-0.4445772111
-0.623487848
-0.2871263221
-0.3057928529
-0.1594220476
0.03361170739
-0.2745840043
-0.4422939807
-0.4455799922
-0.3960202262
-0.4321582407
-0.4960125014
-0.2934354089
0.136168538
0.1804315584
-0.2900023405
-0.1681399006
-0.5195726857
0.09089535624
-0.07014357187
0.8144462138
-0.2976911016
-0.1800827494
-0.296052802
-0.3290315256
0.5790521927
-0.1980221119
2.246714002
-0.6086154521
0.1127950113
-0.2397568919
-0.09694581181
-0.4584997863
-0.2213885019
0.008480726369
-0.07283392791
-0.4961794436
-0.3656879671
-0.4618351176
-0.4476606816
-0.2452457771
-0.3015114941
1.762021858
-0.3855912864
-0.2250343144
0.940526529
-0.1853589997
-0.370695518
-0.2559018183
1.044270691
2.277570057
-0.2330280904
-0.2441658484
1.864667165
0.7770004645
-0.2284130901
-0.09074717574
-0.372100503
0.07535203965
0.1938610928
-0.03104933519
0.2351286703
0.1660535205
-0.1175403275
-0.2943680085
-0.1284364901
-0.5170574084
-0.429229854
-0.2628434494
-0.2631374232
-0.232084341
3.079860806
-0.5602156252
-0.2682670377
2.21586428
0.3134940613
-0.4459492639
0.8514642604
-0.4439934433
-0.2751775473
-0.3107658569
0.05494892728
0.07762532081
-0.3961665064
0.8991007894
-0.3386870727
1.179547752
-0.5298366919
-0.2075779349
-0.2107807197
-0.4834382504
0.8866080672
0.03504940644
-0.2245748587
-0.1959579803
-0.2589285895
0.2567798093
-0.1739612356
-0.2730296422
1.456768918
0.001163029531
0.09794022646
0.4787290219
1.113730046
-0.2523367308
0.01009816658
-0.4482000843
1.286880401
-0.1555563274
1.276734847
0.1554639966
-0.3912160598
0.7855826769
-0.2399340123
-0.3808962137
-0.4026514813
-0.5509276718
-0.1445011986
0.2437067896
-0.5045739457
1.852172706
0.02827718053
-0.2993358083
-0.2358569138
-0.0904496856
3.636308658
-0.1879177567
-0.07759059165
0.1273987403
-0.1719119288
-0.2453037348
0.4048868112
-0.3928664029
1.329049367
2.447808635
-0.2964640118
0.1106806998
-0.0583267258
-0.3430633299
-0.2824435309
-0.1941030904
-0.1169205373
0.4755300909
-0.3904175654
-0.155721871
1.329667339
3.162341064
-0.5887895629
0.2438125225
-0.3621165186
-0.2950454324
0.1107533326
-0.2089133346
-0.2869965367
0.001334903389
-0.09872465669
-0.1533776186
-0.2292322092
2.99235934
0.08331626281
0.9756557524
0.1832012614
0.4131564528
-0.1365075298
1.858332062
-0.03102759626
1.015449537
0.03974177781
-0.5642359406
3.309042192
0.5438152678
0.0742607425
-0.3842135422
-0.02042385414
-0.2595048644
1.646637541
1.003633927
-0.1509089321
-0.3694824085
-0.3196921751
-0.1722986344
0.0403387472
0.115261915
-0.4044854298
-0.08754144274
0.1798747586
0.6575352736
-0.4705786616
-0.2978003941
0.2267864157
0.08343037423
-0.3551900864
0.03707005288
-0.1721792135
-0.1166942315
-0.2616413176
0.9823241115
2.674741995
1.898445845
-0.1911563355
-0.05628259443
-0.1783425134
0.6787504748
-0.1223330759
2.620104688
0.03322518249
0.5730637603
-0.3119610399
-0.09381802157
0.07009475492
-0.31543874
-0.2043781146
-0.09563972391
-0.3742792539
1.391465606
-0.09707875084
-0.1389035684
-0.2318717033
-0.314687214
-0.2839541249
-0.06560688186
-0.09624487888
-0.2089004144
-0.0775702646
0.4406649988
0.01208572071
1.466619998
1.769482678
3.417859197
-0.1629991151
-0.256407956
-0.346700421
-0.05962203825
-0.1643306037
1.09570656
-0.06415561587
2.560205883
-0.0438490476
-0.3080219775
-0.2574303757
-0.1630191239
0.3879386254
-0.2413374797
-0.09830646291
-0.2257142965
-0.2873883761
-0.0751480855
0.1308812656
-0.5613570005
-0.122202166
0.224062541
-0.4866804048
-0.2194452316
-0.1140198497
-0.3635967381
-0.2061663374
-0.5108915508
-0.5224948347
0.3360666517
-0.5074510887
-0.09562284546
-0.2813328177
-0.2713697359
0.4027652686
0.3213702681
-0.05022293739
-0.4619901478
-0.39539271
-0.5722790048
0.00466054026
0.05476511535
-0.09712389149
0.2567547476
-0.0590942923
-0.02572525963
0.002809545677
-0.4033610448
-0.2723129652
-0.1925430141
0.006355628558
-0.123547583
1.045598295
-0.3392442696
-0.03420985825
0.9200796396
-0.4602494851
-0.1535276603
-0.2176365621
-0.01570977103
-0.1101793155
-0.3628730036
-0.2056853186
-0.3481237851
-0.4050009593
-0.1963022914
-0.1405741919
-0.1098922703
-0.2629265845
-0.01718108803
-0.17579307
-0.2654727794
-0.09192264024
-0.2298367016
0.3765867453
-0.5626594782
-0.1040804472
0.2507474797
-0.4060066834
-0.03273147121
1.848028511
-0.1744415216
0.5478186579
0.09195850301
-0.07161616217
0.09662818238
-0.3175180838
-0.7880467892
-0.1767814185
0.154861354
-0.2784923717
-0.2773430198
-0.3612900972
0.2455822807
-0.1496863671
-0.3722396404
-0.03764305944
0.2345280055
-0.1125974522
0.9115328029
-0.1785047807
-0.4375584766
-0.1959080972
-0.6759379253
0.03634544406
-0.4892050564
0.9909367561
-0.2560607605
-0.02754981406
-0.4380181633
-0.6159796119
-0.1236609876
-0.2286701791
-0.1382496282
0.09240368735
-0.3569491163
0.2524978289
-0.04356529936
-0.06071536932
0.2842235304
0.0005573836155
0.5433421718
-0.2187610723
-0.5014891773
-0.5090569496
-0.4353131056
-0.2634127267
0.5582781583
0.4303509764
1.172919425
-0.1561774127
-0.143731273
-0.6437483341
-0.2005372994
-0.7189917117
0.01395970713
-0.3949712217
0.2499032436
0.8640762299
-0.4231138982
-0.2462522589
-0.3332521699
-0.1781967141
1.952242136
-0.3320480727
-0.1847466979
-0.05566724148
-0.05007033879
0.03244374823
0.1436689276
1.074965027
0.7911190957
-0.5122100666
-0.1769958811
0.5365317464
-0.4816898838
0.06796308886
-0.2066341385
-0.2161004506
0.008952580206
-0.360021174
0.2855511626
-0.05991075896
-0.1387617834
0.06387226526
-0.3029516309
-0.2874190152
-0.1471221657
-0.5058161974
-0.1779915322
0.3774021775
-0.3776180893
1.413745838
-0.2371343583
-0.06094222944
-0.3361694306
0.003147428297
-0.4168031946
-0.2511932712
0.1545782167
-0.2177373014
-0.2427650135
-0.003807246126
1.224251175
-0.395819661
-0.1118257512
-0.142313336
-0.04948364105
-0.719881627
-0.5874994501
-0.1068658475
-0.1778838681
0.001717555895
-0.2296892576
0.2755150752
-0.1944035072
-0.375556732
-0.264384038
-0.00980500374
-0.05100516714
-0.3038702592
0.007507608971
-0.1930401843
0.1963059681
-0.7422725499
-0.4387390822
0.3363224652
0.02646190375
0.3977753103
1.723371249
0.4775308207
1.885350031
0.1202704789
-0.1003199039
-0.3892008379
-0.1186998837
-0.1152453532
0.5041714367
-0.5858089566
-0.5274589851
-0.3819901779
2.138669908
-0.09911479093
-0.2553504264
0.6708851978
-0.2163383193
-0.5063600555
-0.2241439197
-0.3160434656
1.489984989
0.6076025005
-0.08610021593
0.06487183785
-0.2125503564
0.2644431073
-0.04228383824
-0.01928672525
0.1679834096
-0.2388195179
-0.2063828558
-0.3479556285
-0.04653817359
-0.126844164
1.120262319
-0.3803316176
-0.5133062363
-0.279268552
0.6017176159
-0.2335182212
-0.0653677525
0.04120509923
0.00655725915
-0.607048279
0.4190653078
3.341955268
0.890639187
-0.4694712415
-0.4671813652
-0.3320096485
-0.5301073909
1.099887426
0.8910396367
3.346816468
-0.3752604157
-0.5844106421
-0.2609707125
-0.1461424245
0.2043622483
0.2820456304
0.1084913304
-0.4125069186
1.162775201
0.0002259260044
-0.3827349618
-0.271216041
-0.4651852548
-0.4707758278
-0.04959210623
-0.07783762012
-0.05807743939
-0.3311554134
-0.3322847292
0.1072620651
-0.4882248387
-0.3144451454
-0.207834474
0.2831795374
-0.1794352878
0.2112451045
-0.5007091627
2.34278906
-0.3537227295
-0.2671076901
-0.4311301902
-0.291290386
-0.3269258536
-0.3028357364
-0.3135388002
-0.5400791124
-0.08238317948
-0.374745445
-0.09153649323
-0.5707571343
-0.7758091927
-0.3484263517
-0.1299681405
-0.4774093598
0.02141266661
0.06040157471
-0.4813400909
1.998866707
-0.458048518
-0.05704251584
-0.3501729734
0.6486611675
-0.3437378913
-0.5435836509
-0.3581643973
-0.5649947703
-0.2566163979
0.5161651269
0.8994562313
-0.1354233194
-0.3997038931
-0.6268857852
-0.1173507098
0.4808046684
-0.499716942
0.06454148516
-0.4309123173
-0.1707411183
-0.09336783588
-0.132001479
0.003179056011
-0.07603073474
-0.1823773818
-0.3172438309
-0.3934428871
-0.3612438962
0.4953039799
-0.1924003726
0.3363522649
0.005308248475
-0.1101262772
0.1651404804
-0.4055018716
-0.3959932297
3.203535497
-0.2100800492
-0.2122405894
-0.1780233073
0.1607721047
0.7340060666
-0.5184136599
-0.1846812598
1.691476327
-0.09049933748
0.1055517647
-0.5851095334
-0.4148774847
-0.6019898534
0.2789678613
1.058648282
-0.2084927355
0.1347577525
0.1065800399
-0.2850991353
0.244900809
0.8579543307
-0.3160780519
-0.00935450606
-0.2037127152
-0.2040109757
1.000999108
-0.6018961608
1.256038424
-0.5441226542
-0.4951400012
-0.369333148
-0.01117592864
1.076359108
0.06822702643
-0.3066929586
-0.4983355269
-0.1780008908
-0.3369565904
-0.1009917145
-0.4025771484
0.1705488494
-0.07196178436
-0.419196482
-0.3849285886
-0.1175589256
-0.4228475869
-0.1316541025
-0.2372184217
-0.5075940415
-0.399836877
-0.4775468417
1.012788351
-0.3774948642
-0.4825289503
-0.4375586838
0.518118774
-0.3260693058
1.400358182
-0.2801899225
-0.17922616
0.06702425671
-0.2483039737
-0.4953227773
-0.6417597875
-0.4394370303
-0.2229335234
-0.5977199823
-0.4955270916
-0.1763021715
-0.3176621392
0.2113019726
-0.1920663856
-0.4816065446
-0.1157977141
-0.4502955869
-0.1498832457
-0.6031698525
0.04878547695
0.4098379795
-0.2121452555
2.084139884
-0.2882930391
0.848123076
-0.3712917015
-0.5274856135
-0.2502441213
-0.5892497212
-0.6556580603
0.9213222116
0.1108897875
1.059258313
-0.3434065029
0.6184371803
-0.2389198028
-0.1381638897
-0.6859756529
-0.6459805131
0.3975075984
-0.170199753
-0.3539305851
-0.08141874894
-0.1169579048
0.06981740785
-0.126700227
-0.6133852944
-0.1328985321
-0.1658924446
0.03663136442
0.1593726641
0.5539814252
-0.6958561227
-0.6425263926
-0.6631921619
-0.4628597692
-0.5345093697
-0.1171926273
-0.2125273887
-0.6828644156
-0.4603302866
-0.09008992333
-0.07387097096
-0.331812267
-0.09225419741
-0.4629711032
-0.03805494434
-0.4403971031
3.409802163
-0.08145891093
-0.4146796718
-0.5443847388
0.02347727027
-0.1478457363
-0.3062450454
0.3184820473
-0.3813247472
-0.4617981225
1.870401326
-0.04674153272
-0.07178540546
0.2741738964
0.09930016575
-0.2982003696
-0.5526166007
0.2301740493
0.3463277984
-0.2792460389
-0.09737960231
-0.01059007309
1.527815604
0.9268739887
-0.1483589727
-0.4388425842
-0.2719785877
0.711470291
-0.04756872207
2.916457915
0.03430437632
-0.04409199776
0.4586232059
1.161150306
-0.3392763346
-0.3473491274
0.2378559947
-0.2936980121
-0.2908369981
-0.4453307807
0.01236110944
0.2852512548
-0.2240670212
-0.6965109229
-0.1701486213
0.3287184495
-0.2543642193
-0.1268441238
-0.06250467282
-0.131523912
0.1097303564
-0.3603600644
2.281075299
-0.129105939
-0.3636232957
-0.06404231824
-0.2214894295
-0.1184453921
4.697930837
-0.1845335416
0.007501864247
0.2528250688
0.454556853
-0.3551956773
-0.2229281221
-0.1500640841
0.02164133973
0.4902430959
-0.3329381175
-0.0250449934
-0.5371740639
-0.3436746344
-0.3675465934
0.4716362588
2.28203426
-0.4255253635
-0.370216985
-0.2664970703
-0.124111562
-0.2127735689
-0.3791091219
-0.1667067714
-0.1103980898
-0.1944170419
-0.236620649
0.1145166818
0.6501771899
-0.0005885019898
-0.1208742522
0.05497030788
-0.2563098364
0.5516943812
-0.328049548
-0.02110284567
-0.1501848675
-0.02344851755
-0.3485943571
0.1757076701
0.7325344581
-0.02724257745
-0.03218867853
2.150065279
-0.1471985649
-0.654831019
-0.4500854239
-0.1181926274
-0.06848815456
-0.3903822035
-0.08046321236
-0.3303743191
0.1289836429
-0.03515399639
-0.3780894279
1.297948861
0.2110713603
-0.2538204342
-0.1619539033
-0.2305398202
-0.2096609168
0.1920797424
-0.06212970158
-0.05609062258
0.5999656871
0.3911470611
-0.3781853899
-0.2953234002
4.082790661
0.543658711
-0.4853146106
-0.4464007422
0.03258015718
0.1141246846
1.558544505
-0.2345516548
-0.473314251
0.1410371725
0.1657490093
-0.03700998388
-0.2297426905
0.150800851
-0.2117616635
0.1193146452
-0.08946291395
-0.06083584055
-0.1923350789
-0.1126824353
-0.4793093875
-0.4232162029
0.265315043
-0.0574895544
-0.3084650218
0.572669683
0.04635349922
2.064759266
-0.3302196823
-0.1907791693
0.09490953386
0.972954905
0.1187848581
-0.2206947736
0.3539071325
-0.312510056
-0.1704496039
-0.2925576165
0.03462542966
-0.1783485008
0.1472534385
-0.4254878476
-0.05835765488
-0.04755566772
0.1275657637
0.006066786498
-0.253892009
-0.4621275634
-0.3045781925
-0.2354475707
-0.1841795191
0.1125585156
-0.5012088507
0.1252839767
1.243047124
0.5141183559
-0.3218959097
-0.01766777709
0.06838204749
-0.151161913
0.06904983623
0.3904529429
0.0321156526
0.9919095561
0.3603169374
0.09640664253
0.08479191791
-0.09994620569
-0.1707319714
3.146256757
-0.1671224013
1.09315359
0.1727540409
-0.1435218561
0.04420691114
1.737552026
-0.0430974524
0.1232513376
-0.302439481
0.1359471538
0.06790950708
-0.3069812126
-0.4296802208
-0.2536886618
0.04652970526
-0.2974096924
0.1814970965
-0.5348544091
0.01082976405
-0.3948894396
0.1247980561
-0.4408905908
-0.1922804901
-0.3468931407
-0.3568742447
0.2171334142
2.586125839
-0.1473220924
-0.09024275839
-0.2209925979
-0.3328650355
-0.4622430086
1.075687495
-0.2106444165
-0.223590792
-0.1957084309
0.09717966691
0.09012216683
0.5182306653
-0.4873834476
-0.3717081115
-0.1607817616
-0.4278878435
-0.2489344418
-0.2845171332
0.05384273329
-0.4771356344
0.08859997522
-0.1779039294
1.219006836
-0.1091852449
-0.3597766373
2.166810602
1.203592435
1.578794238
1.56010721
1.880787301
4.502418303
2.864733964
0.9494039014
1.894208297
2.44626475
3.855938303
3.026099539
2.0241395
2.737540793
3.544262242
3.398917401
1.617138186
-0.2364568044
-0.008892371505
-0.4283705994
-0.1293195864
0.9476797976
0.8778664589
-0.01558082029
0.6703763835
0.2166169437
-0.2209176131
0.07110002227
0.4289258875
0.618741307
0.234735756
2.133428669
1.284602239
0.1984248644
0.1774574239
0.5821329594
0.5220246812
1.196189551
1.0505061
0.9730594426
1.634115759
-0.1659257159
0.3436479364
0.4411460802
0.8356379651
-0.1560415082
0.005718158931
0.3797352371
0.4183250018
-0.176225752
-0.4047739521
-0.3529790916
-0.5127990067
0.1004905561
0.6462783348
-0.1386562322
-0.5121169418
0.1548843486
-0.05796860792
-0.4191048235
0.01901276689
-0.3920906812
1.738121867
-0.4312877476
0.1036248372
-0.3513745815
-0.4348984718
-0.4417259395
-0.375704737
-0.3402248785
0.6159072665
-0.4422082558
-0.6052064866
-0.3896611542
-0.2913003698
-0.07878288031
-0.2024002012
-0.3006199799
-0.2900319062
-0.2520037219
-0.07893788833
-0.2850747369
-0.09671318047
0.244173719
0.08493309999
-0.3104134358
-0.09298370928
-0.4126312524
-0.1823627098
0.05144971614
1.127823497
0.7760760874
-0.1882408284
3.729385805
-0.2882184375
-0.2167480014
0.443118933
-0.2727696501
0.319851674
-0.2790806942
0.1073677603
-0.4191140488
-0.3187439881
-0.06211050129
-0.5147850409
-0.5109855339
0.4422918504
-0.3783393413
0.5770164594
-0.07450004146
-0.2550295174
-0.1301890409
-0.3124383267
0.6964936376
0.2226086022
-0.0141682531
0.1344407164
-0.3886868596
-0.05789593216
-0.1784054803
-0.4230398357
-0.6358904421
-0.4429608375
0.02573656291
-0.3479599021
-0.3589125365
0.5762156211
-0.3077664971
-0.2074792078
0.3217647227
-0.3354485013
-0.08284853399
-0.4301507011
-0.3140092522
-0.4489973769
-0.1106552921
-0.3112371624
-0.4289043441
-0.4868209586
-0.36494615
-0.3902358353
-0.4169165686
-0.4768254876
0.6791151926
-0.4047957838
-0.3030508084
0.2248524931
-0.1940847185
-0.4149279758
-0.07941837255
-0.2228972085
-0.2800020576
0.00771324411
-0.3292323969
0.2019939553
1.269442952
1.059618115
-0.2943522204
0.04299248867
1.391644099
-0.185483557
-0.1218515763
-0.1339064868
-0.4819551006
1.621387291
-0.0359226801
-0.1552733395
-0.3170368619
-0.5315385342
-0.5737425297
-0.5556387395
0.744350348
1.742394835
-0.02722723493
-0.2830881402
-0.2933622301
3.199702156
-0.4009464443
0.4035203297
-0.5580190033
-0.3497474931
-0.5619944289
-0.5051139876
-0.2741065681
-0.3226078823
-0.296501936
-0.510166049
1.019609764
1.268390909
0.02665973264
-0.403186664
-0.2549807772
-0.4733550504
-0.5092418745
-0.1849064052
-0.5202040061
1.37816833
0.9547381341
-0.2463000566
0.05300196018
-0.152880303
-0.3949028045
-0.06485525239
1.361653426
0.1142023768
-0.3354017928
-0.3951108776
-0.5528387383
-0.1149841619
-0.1076219369
0.4214262829
3.082996011
0.03146730345
-0.331471388
-0.5435024768
-0.4217293039
1.302088866
-0.6077295348
-0.587610279
-0.0886397576
-0.4581766158
-0.3151223898
-0.3049553409
-0.3939346462
-0.3100114465
0.06398482509
-0.1526154701
2.141785651
1.102577978
-0.4971512392
-0.3499491379
0.3250478877
-0.5966709256
-0.1110617304
-0.1480057709
-0.2286925748
0.02605710104
2.127933264
-0.3961646281
-0.7407037586
-0.1414020922
0.2088318117
0.8162594929
-0.2753228776
-0.3617487878
-0.2695740089
-0.3727220356
0.1623841826
-0.4959975645
-0.4235461146
-0.425146766
-0.4712084293
0.5897822484
-0.3784845322
0.6354787825
-0.2282390177
0.04762856364
-0.175561933
0.002892297134
-0.4260008052
-0.02058380046
1.052182144
-0.4185718328
1.855369467
0.06661105901
-0.4527399331
2.471193361
-0.0490838008
-0.0598191849
0.3279917072
-0.5640811756
-0.431561847
3.287458754
-0.3047426812
0.1694622219
0.1270424291
0.6615509637
3.988921654
0.175718676
-0.09242458735
0.4956797771
-0.3548430681
-0.4188248143
-0.3234804645
-0.4746064246
0.1798815828
-0.1752104672
-0.1287724972
1.203252923
-0.1677945122
-0.5396695182
0.05316601954
0.2455874979
0.8081262477
0.5073607899
0.3632112592
0.4409925252
-0.3612294376
-0.6379947245
-0.1002433969
-0.1305714127
-0.5072891757
-0.4822525993
0.03440558761
1.157279811
0.1567628741
0.8963073999
0.0484060837
-0.1845344838
-0.5009749398
1.063262634
-0.5138173357
-0.3443253562
-0.4705594659
0.4633051699
-0.0250749148
0.2707275022
-0.1333156185
3.217138815
1.18326854
-0.4478352487
0.3544295371
-0.1498685259
1.108674781
0.01864142781
-0.1074115545
0.7051008621
0.7276113991
0.2598372994
0.03255062168
0.46994645
0.06401648265
-0.574204573
-0.69304865
-0.5284394175
-0.5973826483
1.099389534
0.5689363634
-0.2844281547
0.1348106273
-0.05353936981
1.601763362
-0.4488354132
0.4971821778
-0.345453465
-0.5861128286
-0.2628101349
0.0513172619
0.287095323
-0.2781972788
-0.180822695
-0.358334589
-0.5954724625
-0.3436504975
-0.4891077086
0.6656545565
-0.0714453157
-0.2892500833
-0.4673506588
-0.3495635852
-0.2932734527
-0.1464155097
-0.1649381454
0.2531980731
-0.5102727264
1.345642346
-0.3584179848
0.1633722642
-0.3530721992
-0.437075758
-0.2316110924
0.2565367317
-0.2537667423
-0.1868903248
-0.1091573577
-0.4440547794
-0.5359173417
-0.4941214651
-0.7053171486
-0.6715318769
-0.2487433746
-0.1547603766
0.2329610737
-0.3893681586
-0.1998272166
-0.05469712373
-0.6133029073
-0.3483060881
-0.2294882476
-0.2546230726
-0.05944667049
2.401058662
-0.3022242457
-0.3797473833
-0.08018612657
-0.2902318642
-0.2743489414
-0.239315097
1.204780251
0.1213435688
-0.09977594465
-0.3414720252
-0.1333088145
-0.3495588794
-0.08860238176
-0.0908358857
-0.6336125091
0.08050362002
-0.2514619714
0.1751599421
0.0729723556
1.200082368
0.5839588396
-0.3884064391
0.4758099195
-0.1829863764
-0.2469315223
-0.1199777883
-0.5526855245
-0.2575910658
-0.2600820042
-0.4338371009
0.1796132535
-0.1152293414
-0.6332219675
3.274322581
1.657615632
-0.4229100913
0.4741567526
0.05479057189
0.7408146352
0.2692837205
-0.3305980682
2.01715064
1.106339771
1.545713219
-0.07415783722
0.2056321543
-0.4197664499
-0.446049881
3.332402909
2.661009985
-0.4595935345
1.154222776
0.009228863008
-0.2079515399
-0.08014908005
0.9822100438
-0.1478175195
2.217590714
-0.1559147138
-0.2740139864
-0.341293969
0.3461620636
-0.2496653629
-0.1188277096
-0.1943862915
-0.384824717
1.641075259
-0.1431888681
1.217551979
0.1386766806
-0.4832672551
0.2692897797
-0.3493060783
-0.4054140426
-0.5476570815
0.8542065114
-0.453478992
0.4351564474
-0.1498266038
0.01636131201
-0.09347130889
-0.2842370674
-0.2382274535
-0.03080318477
0.3518074509
-0.2349816874
0.2802650586
0.3127473472
3.954549992
-0.2504816353
2.038625512
-0.006994183548
-0.1473091373
-0.08329185918
1.356038834
0.7190916441
1.40275436
1.192612843
1.378216568
0.3580896378
0.3634954133
1.099345155
-0.08467823714
0.154091037
0.4544875287
5.744969678
0.3083637312
0.5599221613
0.08925302392
0.8056832068
2.472856098
-0.1180861485
-0.02356184283
0.4086570494
-0.3508776203
-0.09890402737
-0.2256878175
-0.3834006444
-0.4010954186
-0.1657724719
2.551199818
0.0196002271
0.6310857169
0.03955204599
-0.1387367263
-0.1862113835
0.08296970194
-0.06834006393
0.08978653289
-0.1394529152
-0.04970595296
-0.08026580215
0.2631221743
-0.2642328255
0.4022972373
-0.1280827284
-0.06788264718
0.8287271395
-0.09469789173
-0.132789145
-0.3164600417
0.2138820626
0.2956677631
0.07905404856
-0.2436196771
0.7357803971
-0.187335762
0.6702128045
-0.2961729106
-0.07859940305
3.998617601
-0.3337151594
-0.1613936814
-0.4478948712
1.194327897
-0.1966369621
-0.2844680972
-0.1036813055
0.142953389
-0.2988384008
0.2373502925
-0.2469201617
-0.1319691787
-0.2979925066
-0.7095334202
-0.5079013512
1.720115986
-0.668349576
1.759241524
-0.4114958957
0.06767963525
-0.4315825954
-0.5549707413
1.708505556
-0.05907499781
-0.1132932264
-0.3220154434
-0.3778330922
-0.4441083521
0.5282656148
-0.05652161762
2.233715338
0.8428325772
0.07610734887
0.3197410882
-0.1196413115
-0.0685877258
-0.2113023102
0.8214236736
0.04513308699
0.09945364296
-0.08577385955
0.2835424606
0.3694823543
1.695817566
-0.1940726813
0.08689060924
0.05377425086
-0.04954373995
0.1683376018
0.4799926192
0.253715241
0.3599257151
1.24012394
1.250160559
-0.06785012968
0.2273129381
-0.3256782457
0.09162176484
0.262125521
0.02142760474
-0.1881019529
-0.1864708584
-0.5720963642
1.016733311
-0.1747487575
0.1604414668
0.08004622208
0.02764161285
-0.2901423439
0.8427552849
0.0145393271
-0.2543807134
0.5498548172
-0.188481978
0.3711786111
-0.2372287482
0.7918305047
-0.5806426734
-0.2422434598
-0.5990323335
-0.3964391187
-0.02736219782
-0.1916883737
-0.312721727
-0.09991738833
-0.3685518064
-0.4676248461
-0.1333666898
-0.1349851124
0.1990205555
-0.5210956052
-0.3276084393
0.4678687796
-0.1427978355
-0.211066352
0.4426730119
0.4985528753
3.967745352
-0.2261364046
-0.5701298937
-0.4037357308
-0.35621268
-0.004436309449
1.819658548
-0.1079451324
2.712897432
0.3369489979
-0.04442971013
0.08833231172
-0.4220892541
0.1692459263
0.3468046919
0.1803176809
0.007756825723
-0.4752674237
0.929075563
-0.2566521555
0.9184245676
0.08616226884
-0.3728936328
0.4225106742
-0.2736263752
0.4327616133
0.9623949699
-0.2767871074
0.9490918376
-0.08386407867
-0.1540666562
1.684951404
-0.314386183
-0.2483487375
-0.416277216
0.4999228895
-0.03613950629
0.0243097533
0.06954790074
0.06014745273
0.0946989947
-0.09124094211
2.282484192
-0.3312661216
-0.1632377934
-0.3800115496
0.02345380448
-0.498657687
0.7428055406
-0.2447045915
-0.2792186342
2.030052066
0.06840318353
0.1049333109
-0.4694733873
-0.3383112244
-0.2606067114
0.1064382302
0.9577598065
-0.2476052742
1.851113236
1.560678098
-0.165936549
0.107700474
-0.3783497855
-0.4910862043
-0.3984578013
-0.3576983504
-0.2462392326
-0.3198165655
-0.3637567945
-0.09768445548
-0.1860705107
0.0829631662
2.758178747
-0.4681337506
-0.4466220841
0.9509887312
-0.3146375433
0.2551376477
-0.3042222016
-0.654312551
-0.04748381842
-0.593152152
0.1156882362
0.138377298
-0.206245672
0.1839152398
0.08650178276
0.00641556317
-0.1312194433
-0.3292185433
-0.2060477853
-0.1805618433
0.9322530061
-0.02279029042
-0.1861368779
-0.0002589121461
-0.3052892268
0.1420323208
-0.131210588
-0.2163806576
0.07245855145
0.0417524823
1.14075892
0.04610133953
-0.01622646898
-0.03571619894
0.8541151389
-0.4368543983
-0.3894032538
-0.1391634962
-0.136930153
-0.1284455841
-0.08807696532
-0.001597299986
-0.1647898983
-0.2680638924
-0.3421585239
-0.3106767096
-0.1420889013
-0.1677687701
-0.2476315647
0.2854864117
0.04889861997
-0.3892512515
-0.06977444421
-0.1845287003
0.1370847657
-0.08355165068
1.132676697
-0.2823929716
-0.3311814502
-0.1810702941
0.9841863915
-0.358536689
0.3792357223
0.1147088908
-0.129742996
-0.3241063341
-0.08403468393
-0.1622869372
-0.1573186114
1.462599415
0.199748995
-0.2838364743
0.7523819529
0.5679848611
1.747226918
0.07908165623
-0.4282137647
0.5547024161
0.4759058051
0.9169504672
0.5890712954
-0.3438077532
-0.2333820123
0.01481609307
-0.4340303078
-0.394744321
0.02421208713
-0.4929920495
0.08452624585
-0.3217973813
-0.2972629018
-0.2906400137
-0.1241121914
0.04414746836
1.58024193
-0.1562150005
0.5818933904
-0.0744688306
-0.08530192971
-0.4952398002
-0.06982998103
-0.001108466461
-0.2215875976
0.1059327262
-0.3803173542
-0.4356709599
1.352932394
0.4912206538
-0.3731239572
1.517739093
-0.4172402814
-0.466744405
-0.2435005479
3.36282506
0.1998725262
1.872728246
-0.2285607919
-0.1091850322
-0.4388239503
0.1143179357
-0.01723974384
-0.3709297523
0.1929788718
-0.1575627256
-0.2944000818
0.4706575759
-0.09437981471
0.07807215955
-0.2306020789
-0.3604857914
-0.5154764265
-0.3048320279
-0.15445989
0.1884707142
-0.1170805549
0.4640866894
-0.3564541727
0.02291143239
-0.1914831031
-0.1273929443
-0.4025066935
0.1042201476
0.006562668458
-0.03522058036
-0.5627980813
0.1355425294
-0.4811707586
-0.360095863
-0.1836318176
-0.5035140589
0.03426097389
-0.2412195425
1.845715541
0.001981306076
-0.4146409333
2.348888445
0.01462483332
-0.3784088463
-0.4228752717
0.01805481631
-0.1887328602
-0.3039405487
-0.1324482931
2.443003821
-0.3750289716
-0.04828503933
0.2283827845
-0.06404358614
-0.1043150742
-0.3135299936
-0.2306873539
-0.3268897861
-0.1969053727
-0.2704995006
0.662039765
-0.1758621331
2.324076164
0.07595150047
0.5480230689
-0.1554715622
0.1227749027
-0.560181652
0.3114943532
1.907461494
-0.01282049865
2.016227573
0.3619040124
-0.3745098084
0.05163870286
-0.3971371591
0.4995963899
-0.02375915274
-0.1908922739
2.266243339
-0.3640710238
3.062052476
-0.3464909218
0.006354839029
0.2839932204
0.2422658119
-0.4491359413
0.7275277317
-0.3911103651
0.1758582123
-0.23433799
-0.02897530952
0.4481568575
-0.2218668859
-0.01794608776
1.20984472
0.7682673011
2.648848724
-0.1560120508
0.02927744174
-0.06423724759
0.2287643597
-0.1674171213
0.1244047914
-0.1585242141
0.08195936345
-0.3411218077
2.756806517
0.6920705132
1.434686142
-0.1548956841
-0.2033585835
0.6677932657
-0.1536783249
0.08477950492
1.738122717
2.507269174
4.974846327
3.4208444
-0.1258280009
0.08524139356
0.8234888244
0.9517532259
3.394454145
0.2211248122
0.8189130038
0.8448903665
0.5992880307
0.9871064618
-0.1904651772
-0.4124992698
-0.1003411833
-0.4582117736
-0.1253443921
0.9839026615
-0.324434533
0.09973800201
-0.2990605935
-0.3088814031
-0.4565405592
0.1046424903
3.178107488
0.2367387477
-0.2445283607
-0.09901876133
-0.341368378
0.3218898371
-0.175194908
0.3094859593
0.1392993098
-0.2328416623
0.5949812397
-0.2155007221
-0.4903304055
-0.05643171798
-0.2749617979
-0.2331859123
0.8271611482
0.6261653848
3.143495262
-0.5227129787
0.0769783441
0.4203055415
0.3272088271
-0.4178105116
0.1369313808
-0.1642556002
0.01825260036
0.09012516346
-0.1503679337
-0.462123841
-0.4287694141
-0.2923486151
-0.1997286156
-0.02612263858
-0.3337455533
-0.1516335379
-0.4258872211
-0.2008006915
0.06905623991
-0.5357864127
0.9682688251
0.03105678484
0.5169745158
-0.3759892449
-0.3370684586
-0.1929737469
-0.3291623272
-0.4925648548
-0.2048460629
0.4692996208
0.2887069738
-0.336297068
-0.0206389511
-0.148854493
-0.4212584838
-0.1167560199
0.8778069258
-0.5958607107
-0.312224932
-0.3543669075
-0.3518497987
-0.4278621644
0.04257801436
-0.1287008239
0.7100763567
-0.4113911375
-0.1575964734
-0.02225004868
0.3985144967
0.01479231296
-0.273972775
-0.5061101228
0.1336447636
-0.228588821
-0.07107300553
-0.4153321058
-0.1381868536
-0.04159221407
-0.2251056232
0.06933826115
-0.2133000288
-0.4745785713
-0.06936794855
-0.1295831893
0.05395609662
-0.2050727025
-0.05079306662
0.08022152036
0.06210787408
-0.04974526395
-0.3065271402
-0.1311738688
-0.2863536738
-0.1849078277
-0.4700160965
-0.5968672872
2.995313847
-0.4955138147
-0.3216904767
-0.1361475676
-0.2754599907
-0.244062515
0.3921078645
-0.3014156222
4.074826562
-0.1597273691
-0.2662290275
0.06197727965
1.280129614
-0.03955809977
-0.1510777583
-0.2400910653
0.5739804368
0.1176454116
0.277149763
-0.1352947079
0.242765539
0.6437023215
-0.01421430465
-0.04024630059
0.4279005423
-0.4849131986
-0.1475125661
2.223753673
-0.2471704692
-0.01108726035
0.4822287835
-0.3022052005
-0.08806318007
-0.4304326504
-0.09547727332
-0.1752438985
0.1689275643
0.05927868336
-0.1685024019
-0.3708841681
0.2684830308
-0.3438454479
0.03932185676
-0.1735299487
-0.1479458913
0.4970398583
-0.1966861144
-0.126105985
0.7198654473
-0.1580411781
0.3218995942
-0.2326841515
0.09027635995
-0.06329634944
-0.2911873959
-0.3170383763
0.03249786589
0.08286946178
-0.2285692409
-0.2921653934
-0.1365271257
-0.295414453
0.6489038981
0.4435432052
-0.4727044597
-0.4991420895
-0.4144959226
0.3345242927
-0.01826000363
-0.4750335068
-0.01003861774
-0.3410451703
-0.0531135207
-0.1664266841
0.201238532
0.09329027273
-0.1619411783
2.553475308
-0.2694196835
-0.1288501088
0.3130065935
0.1249452464
-0.3612085715
0.3216377286
2.178356367
-0.320973476
-0.296458485
0.3105746411
0.117795461
1.330123085
0.6759264544
2.427086568
-0.3465538673
-0.1312132172
-0.3861902371
-0.2008939676
0.04579357542
2.511666727
-0.2470123474
-0.2103102259
0.9092891708
-0.02207563869
-0.3636330143
0.5035722926
-0.3409584783
0.4793870736
-0.1317116877
0.06918976344
-0.3430071279
1.349826431
0.6992417619
0.07881219974
1.70912064
-0.09286352834
0.0385099249
-0.3895538285
2.398006994
0.09157535471
-0.2922483012
-0.2916057028
0.2064411796
2.217904913
-0.2862403214
0.07453652229
-0.1929177716
-0.05899476856
0.2591316288
0.5532827914
-0.2118012771
0.1876205327
-0.154007435
0.1199299301
0.02230122425
0.2505603991
-0.3978031509
-0.2953057632
-0.08518156018
0.3848333232
0.311789174
0.13624121
-0.2519963853
0.02739621773
-0.1675324427
-0.2360723928
0.09437479582
0.9123731464
-0.1136465691
1.300436971
-0.4512817591
0.9519387007
-0.3852563471
0.6943338655
-0.2353538169
-0.1757227872
-0.3774718836
-0.414981465
0.7940591827
-0.264863123
0.8234132804
1.728460467
-0.0647370724
0.5911543429
0.02559812963
0.1534112124
0.1001635567
1.206605443
0.06693426035
2.525503731
0.2564683249
-0.1153960973
-0.2637360096
1.643411404
3.827810001
0.9815567762
0.1330446225
-0.08995016981
0.7237549566
0.08994757701
1.594108987
0.3057978027
-0.415618901
0.3823927917
-0.138897153
-0.2742704658
-0.2557092115
-0.1142292384
-0.4692286581
0.6102929041
0.01677223723
0.706972681
0.1050353386
-0.4308165595
-0.2045232289
0.09574934654
-0.1110457335
0.6880885947
-0.1496098313
0.0008553935215
-0.1198716122
0.3926297097
-0.2942204222
-0.0201141255
0.381958656
3.03248114
-0.3688332722
-0.3206805766
-0.2152729459
-0.02307613883
