-0.3862389117
0.5978495849
-0.2385639619
-0.603169021
0.03384398855
1.368547809
-0.2716547456
-0.5840462893
-0.2544666719
-0.0572349377
-0.6622474104
-0.5038847849
0.1317034006
-0.5378313318
-0.3589348346
-0.3648664247
0.3163379084
0.04329391671
0.06886495017
0.4536228918
3.018904343
-0.3083339475
0.1402895537
-0.4417059593
1.95506635
0.2226886395
-0.1412857084
-0.2852125969
-0.7554511726
0.05369191691
1.072351811
-0.4216122001
-0.5288316891
-0.2695987634
-0.8075730234
-0.3202137947
0.04956727372
-0.4686734423
-0.1777487852
-0.5039834186
-0.6045092016
-0.3421614978
-0.6629923493
-0.6937165707
-0.7948386818
0.1684839766
0.3297656178
-0.1429560922
-0.2474372059
0.2008995865
-0.02182655986
-0.5275157526
1.17969442
-0.1838908974
-0.5904959545
-0.6674307108
-0.05316484231
-0.6735312536
0.8822661147
-0.4080132194
-0.1567368893
-0.2003736023
0.540394799
-0.4514012814
-0.05856127795
1.175876743
0.6081213389
-0.1743643394
-0.01783097181
0.1989910325
-0.6595925659
0.3015093191
-0.2508365974
-0.06548364069
0.03377140574
-0.5873121589
0.2681737209
0.48122623
-0.04627625886
0.7373186931
0.1688523415
-0.219273752
0.1972220661
0.493738775
-0.4831104979
-0.3234216727
-0.1543828268
-0.3867420156
-0.1748846225
0.01429427955
-0.4535914928
-0.2868197946
-0.2950134438
0.2810772553
-0.09705903344
-0.1170085922
0.235120256
-0.3921188161
1.605199615
-0.20647662
0.2714804724
-0.1960422436
-0.4746952742
-0.6765285179
-0.3217894506
-0.2409516532
-0.4726495862
-0.1672814656
-0.3982877972
0.5496770661
-0.4145389102
-0.4463466443
0.5076660678
-0.5442784712
0.2378863014
-0.154143187
-0.285151783
0.1535869217
-0.6134062514
-0.1378518179
-0.6043823272
-0.5884503335
-0.5660142809
-0.4042778865
-0.4762331381
0.06377648823
-0.3410777919
0.1654189295
0.2197787769
-0.6396685869
-0.07852854766
-0.4755115137
-0.2488266431
-0.07137490455
0.6527202591
-0.1153721352
-0.2650981009
-0.6144138396
0.0767620808
-0.6745748848
-0.2087249395
0.00978953205
-0.2707032926
0.6980766248
-0.5848602906
0.07770539587
-0.0986207908
-0.07077663033
-0.2624966472
-0.1731991488
-0.3325869739
-0.4959209725
-0.002294448763
-0.7058988571
-0.2057923332
2.041255476
0.6268231317
0.7944845453
0.2222240582
-0.09279283807
-0.7416909337
-0.1824455477
0.5095517322
-0.3345514342
-0.3621085487
0.2312319642
0.219444678
0.4510602228
0.646546825
-0.1097515892
2.906607592
-0.6764492437
-0.2899485059
-0.5454679221
-0.4057325788
-0.5787250534
0.5699599773
0.1414687386
0.8729527561
-0.2060465451
-0.2194345519
-0.08407148253
0.2805203957
0.6742803462
0.3627692645
-0.1099393104
-0.8211787552
0.6989930034
1.032821521
0.02720907861
-0.412793766
0.08191928035
0.411986842
-0.110925932
-0.2913029611
-0.1051204583
-0.4284999922
-0.2010456037
0.2711417645
1.893291416
-0.350342302
0.5903867634
-0.3157069197
-0.2940063231
-0.682234928
0.3177922049
0.6763024231
0.2311568294
-0.4888899639
-0.5055819206
1.404167578
-0.2714283422
-0.5821192861
-0.4402705498
-0.3024077555
-0.4390089735
-0.2760918133
-0.2650801808
-0.6168461353
-0.3896969944
-0.2164512791
0.06945261005
-0.3322328642
-0.01882934002
0.01103159152
-0.3800565168
-0.6967473626
0.9394882381
-0.3269126162
1.646955007
0.09760941453
-0.4567145899
-0.1409417443
0.01877576229
0.01960070431
0.3681413148
-0.1311675321
0.4673299737
-0.2139032336
0.1397672654
0.10522616
-0.2092428998
-0.5449984238
-0.04861166626
-0.2549351534
0.465789064
0.4543146327
0.813452971
-0.1064759236
-0.3263203353
-0.5160002716
-0.1437617019
-0.2416672817
0.249555679
-0.1625289258
0.2893109372
0.5974160895
0.1779822914
-0.5172643006
-0.07179474141
0.07321624197
1.749501681
0.170893562
0.1519368403
-0.2511448845
0.0156080185
-0.5353371054
-0.6030706391
-0.4927750587
0.001350069954
0.1064367673
-0.3404871769
0.7949845001
2.275552562
-0.400731086
-0.504848098
0.5537875604
-0.4094982862
-0.07831417462
-0.1682382442
-0.6612928867
-0.576027517
-0.5086851358
-0.2466462161
0.3634219477
-0.2160988655
0.8480630174
-0.3557962961
-0.3576620648
-0.3546288669
-0.6129716486
-0.311870434
0.1003954504
-0.2968317302
-0.4987970389
2.282349896
-0.6094594061
-0.1531460797
-0.4586805113
0.2368779161
0.4101484668
0.4159081981
0.5671188228
-0.3099199284
-0.233594925
-0.4119348235
-0.3118221447
-0.206530105
-0.1653689703
-0.04890392218
-0.1531108554
0.01745569091
0.001402546093
-0.363662068
2.461865489
-0.4967477649
-0.5605872408
1.457369716
-0.2282461636
2.104762276
-0.07387739583
0.1345697235
-0.0857146468
-0.2843535688
-0.349033343
0.4037049874
-0.3857455745
-0.7377171189
-0.3406964272
-0.018779389
-0.09391248897
-0.4429674296
-0.3160239311
-0.2142564647
1.85866937
-0.04946729662
-0.1095941011
0.4082075898
-0.3860842794
0.02060180157
0.5262577243
-0.5431507751
0.285370394
-0.1684807541
0.1987638829
0.2664711621
0.971719039
-0.217704583
-0.229972763
-0.08200808894
0.5518039234
-0.02136814725
-0.4996541783
0.8896213822
0.4263862237
-0.1835810776
-0.6661910266
-0.3901616819
0.1453025813
1.111663904
1.27401965
-0.1195623815
-0.07374297809
-0.1125509068
0.675640288
0.0873712128
0.6075624086
-0.3400830882
-0.1519455988
-0.1159807448
-0.1652541041
0.1676579721
-0.2931807341
-0.2855778497
-0.468729566
-0.2055593645
-0.420733197
1.133195136
-0.2729206882
-0.1381225158
0.1340734575
-0.2617661912
0.1570740735
-0.1198018387
-0.3673065007
0.3111750653
-0.003351530991
-0.2723099297
0.1371532026
-0.3087049453
-0.0639834255
-0.2031541847
-0.4773565859
0.9467473667
0.1410917711
-0.663869819
0.7658081125
-0.248564595
0.2623023903
-0.8066141874
-0.4227424331
-0.04408025527
0.1921691917
-0.4202580586
0.04990047663
0.541001969
0.5369609058
-0.09649528391
0.6643490091
-0.1451351075
0.02114497665
0.1132852286
2.137248415
0.04148015766
-0.06124252276
0.2056841119
-0.5426247284
0.1849463657
0.1832003186
0.3198736012
1.363296691
-0.4286205307
-0.1840111833
-0.3064931221
-0.07319452688
0.4482864756
1.08946087
-0.03217337616
-0.08228445705
-0.3993255973
0.1871048504
-0.4259291429
-0.2544926342
-0.6849227205
-0.3875005454
-0.1878106851
0.332346531
-0.5919932105
0.1267594515
0.04874495324
-0.3070138037
-0.4472235531
-0.2028546371
1.11911146
-0.3694684178
-0.4668400213
-0.2950979717
-0.2116870265
-0.4538998127
-0.0160696283
-0.2654441342
-0.2120352406
0.2145889699
0.1421519733
-0.4390135929
0.5580904484
-0.1508271215
-0.09662900586
-0.185467612
0.01667378824
-0.00581663223
0.3105597202
1.520083815
-0.2738567423
-0.05228743209
1.897064763
0.1330061225
-0.475091245
-0.2008591933
0.1527451889
0.2087158211
0.03959193132
-0.1610826664
0.5835970104
-0.5015889287
0.005913148075
-0.03977736216
-0.4301552713
0.4672341555
-0.6159290791
-0.4720922872
0.188286037
-0.270243974
-0.4879549563
-0.05670291465
0.2203557324
2.069331005
-0.1921593193
-0.3987891674
-0.1377822734
0.4560340907
-0.5360605635
0.1739244686
-0.06271611806
-0.3627056833
-0.3612608571
-0.07851655297
-0.392119414
0.2975073727
0.02210045382
-0.4685905375
0.4384807759
-0.5019102857
-0.1738778966
-0.09105059467
0.623627482
-0.3609739814
-0.163818356
-0.2546281833
-0.1440209936
0.1839854705
0.6503951684
0.03718565665
0.1755746085
0.201501892
-0.4144118533
-0.05195146371
-0.1847918391
-0.2040230572
-0.1752712358
0.4482673774
-0.3849162251
0.6984181032
0.1651581174
-0.02719745319
-0.2021428997
0.2477939654
-0.1767830042
-0.1208343413
-0.005826022802
-0.2926134754
-0.3034513028
0.1645696558
-0.1574172592
0.7070140511
-0.1550302738
0.7773370549
-0.2689821936
-0.003818174638
1.210310879
-0.1498715095
-0.4279293925
0.021039481
-0.2646833021
-0.5777448773
-0.1459268491
-0.1853749519
-0.49584153
0.1417552937
0.4137890033
0.1153966683
-0.2296475448
-0.135968737
0.6589006528
-0.2203291059
-0.4892946512
0.5422389321
1.876069045
0.1433643907
0.3742123403
1.190636879
-0.2179713706
0.239278692
-0.124788689
-0.05297463834
-0.1731208991
0.732147488
0.2783629083
1.001324276
0.2547569737
0.9240496308
0.1806534146
0.7432873324
0.6145823345
0.1432903929
0.1434895255
0.430069714
-0.3480160002
-0.09454826172
1.201155797
-0.4844965175
-0.5751971081
0.2531894507
0.4649053402
-0.01659035329
0.5838050008
-0.5367397547
-0.3814038545
0.0110147275
-0.4944462582
-0.4391589448
-0.6646475986
0.3115008134
2.426555234
-0.506153357
-0.3030733936
1.008911911
0.08584402418
1.252297457
0.1445558435
-0.4505004764
-0.2817272607
0.2006378488
-0.2195613462
-0.3594207726
-0.04893435193
-0.630580388
-0.23800894
0.0341325609
0.0276511047
0.03099539988
-0.2330142595
-0.3458479995
0.3645501744
0.3414908388
-0.02000969844
-0.1596063078
-0.04827679321
-0.05077910132
-0.2547148407
-0.1360632086
0.7635846794
-0.03487751698
-0.03122318527
0.04537006952
1.364802003
1.176416972
0.2664265584
-0.2038749121
0.4545118384
0.70947835
0.1499037201
-0.1004804771
-0.2248748675
0.1248255846
1.272164142
0.2394708772
-0.2934010031
0.08664299585
-0.4501496106
1.991880342
1.072248837
0.5173484374
0.01292147599
-0.3513015211
-0.2711763605
0.2589176813
-0.06892367806
0.02507859515
-0.0718217371
0.01089858264
-0.5009266898
0.2639755072
0.7290589809
0.1097816015
0.1517302608
-0.170601107
-0.5774008274
-0.4742954828
-0.3496196114
-0.4098618951
-0.151823496
1.200674009
-0.2364181856
-0.2339408673
-0.1324761856
-0.569969745
0.4893331468
0.4803663761
-0.02272723801
-0.06332647391
-0.2555930238
-0.04622380463
-0.2007767577
-0.6342754662
-0.5994022489
0.5276129413
-0.3716270152
0.7327051356
0.2172491297
-0.5043413565
0.03930234415
-0.3092540577
0.0968497904
0.0314378703
0.09347732086
-0.1816048808
0.2872290991
-0.3538072055
0.7075318396
0.19805859
-0.2811600424
-0.4211353503
-0.2770801272
0.6119218148
-0.2226882752
-0.4880556569
1.410043523
-0.5747635499
-0.4242521735
0.4872550996
0.4578365378
0.3488028968
-0.05767585086
-0.1732716331
0.1657049045
0.004422682151
0.726358892
0.3217624132
0.272326301
-0.01905650031
0.2393613183
0.2096682454
-0.2577870984
0.9440991089
-0.1117991377
0.01136513874
-0.2688908026
-0.08554699272
1.054525813
-0.1329301121
1.311752319
0.3024034037
-0.01427422147
1.217792147
-0.3581139658
-0.2727985673
0.03607087706
0.9185569316
0.5976728551
0.1253697089
-0.382990703
0.01423274018
-0.5814264715
1.136335439
0.3818067318
2.806889367
0.09743816685
-0.3054465678
0.2721685138
0.5086206004
-0.09163417583
0.6458105117
-0.1389428668
1.711635107
-0.0774937531
0.08546970785
2.067829919
0.2552354719
0.6788996264
1.271410891
-0.310882926
0.3380458524
-0.2472495727
0.6451099277
-0.1469156658
0.05515533807
0.09776494808
-0.2526044847
0.764796856
-0.001664575003
-0.004695794638
0.669843477
0.5145031016
0.1370218964
-0.1244005796
-0.5683385164
-0.5754459843
0.07457525739
0.2213266715
0.4869254913
0.2510549173
0.4285755396
-0.4200617403
0.4934316911
-0.0416714103
0.04563548844
-0.1894813662
-0.05423260266
-0.1262417519
0.2675713059
0.03375910092
-0.08540426511
-0.2569666829
0.02569562718
-0.4166841179
-0.3248632148
-0.1752800949
-0.1661269583
0.01341795083
-0.6938567162
0.09798719157
-0.2045438841
0.1358160714
0.06652510308
0.878188996
-0.270518899
-0.1007654263
-0.1953166939
1.288669229
-0.1442207279
-0.3035720509
0.02403751831
-0.1438023206
0.4454426501
0.3622802975
1.731316125
2.430513066
0.6500506194
-0.2798275501
0.2155467725
-0.4877960324
0.4057858318
-0.4668890014
-0.06284762323
-0.4322307989
-0.03305217251
-0.2052826747
-0.2824437693
-0.07973627334
0.05652318746
2.537886682
0.6702417418
0.3590701205
-0.09534556977
-0.4475131735
0.006822077418
-0.6974834412
-0.2422199335
-0.6673393816
0.4648700029
-0.3909607261
-0.2974981718
-0.004465967603
-0.4018447295
0.2976038458
-0.4728799239
-0.4405601233
0.1318920439
0.4767919466
0.08137799632
-0.2055537419
0.6673993126
-0.1531672861
-0.194717963
-0.05990499412
-0.3149978044
-0.5765802011
-0.3583520204
0.07375478726
-0.2639225645
0.2728473836
0.002927860571
-0.4634280756
0.3267256794
-0.1513004728
-0.128543314
-0.08248158861
0.4949081033
-0.5449260376
0.5004630059
0.9233498752
-0.2599314202
-0.01038915925
-0.2567464847
0.1842612213
0.7475487884
-0.505275622
-0.6311541975
-0.3629068948
-0.426200968
0.04564093286
0.2137653653
0.03062884058
0.5433533497
-0.02133117821
1.039558372
0.429591411
0.09935387075
-0.1136869773
-0.4326227121
0.237242577
-0.09611483309
-0.3878727999
0.3099270873
0.1733355006
0.6121977769
-0.5051016651
2.432285974
0.3987718269
-0.01381936818
0.09180658571
2.124093801
-0.147117625
0.03860915434
0.1250336347
-0.2595899337
-0.05920242337
0.08930780217
0.0941312762
0.1798227709
0.09230911657
0.2648354039
0.01343190484
-0.02491493162
1.899710691
-0.8869975895
-0.4752726987
0.4886204192
-0.4881077573
-0.5774699762
-0.4342444792
-0.6989498317
0.715002054
-0.53574588
0.6468341731
-0.4893521473
-0.3412936769
0.4808592975
-0.3680913165
0.7249985706
-0.2223338213
0.1052823501
-0.0376499081
-0.5877806664
-0.3679360613
-0.1982786056
-0.1408363852
-0.1574745385
-0.1316310367
-0.378062398
-0.2287460975
-0.1862372169
0.1906965458
2.275128233
-0.1950592155
-0.2450311847
-0.5010433584
-0.09891955666
-0.08222266724
0.1001485007
0.4237939455
0.06870298963
-0.4610862419
-0.3794952035
0.8933310434
0.4532018587
0.05171615467
-0.013561296
-0.1570568018
-0.1885489747
-0.1005368531
-0.7093888491
-0.6832076281
-0.4378400154
-0.1100556212
-0.2180578745
0.6632951848
-0.3530370235
-0.3213667184
-0.3299136639
1.334778441
0.4108933412
1.908921477
0.1364514404
0.8660692096
0.1867829814
-0.1435930504
0.2685771639
-0.07250065096
-0.1984066905
-0.07856968045
-0.01519496376
0.2181894626
-0.06777967773
0.3062093129
-0.1263242817
-0.4975169748
-0.5448615372
-0.1315117212
0.6403782509
-0.07102163099
-0.1039635446
-0.4448917203
-0.5529277205
-0.238491957
-0.4779379942
-0.4227863938
-0.3845190361
0.07103362493
0.2551718097
0.1526547995
0.1283034874
-0.2589168739
-0.1311835829
-0.69182401
-0.5526817843
-0.2526052564
-0.2231644911
-0.4770558521
-0.6303143591
0.03637458729
1.065903768
0.2348985255
1.046207596
-0.6649152428
-0.2683469109
-0.4137115002
-0.4917942241
2.887952912
-0.5258230731
-0.4728680134
-0.1660406982
0.06699330467
-0.4958682105
-0.1540717341
-0.2990673498
-0.5532919817
0.579240068
-0.4957577363
0.2579700299
-0.4816359147
0.01929186918
0.3273564495
-0.2393384941
-0.1564376445
0.09126485083
0.02629735386
-0.4738253877
1.017973737
2.398476177
0.0001311970875
0.1153277523
0.4586404186
-0.3867680557
-0.1532277444
0.08972901506
-0.2007855169
0.431986101
-0.05734948535
-0.3263516577
0.4055466764
0.264293623
-0.01269374024
-0.2026325259
-0.263422199
0.1984044364
-0.1886557072
0.03100410271
0.377838375
-0.1254206855
0.2072054476
-0.000527360756
-0.3273955986
-0.1845076755
0.1879920393
0.262669151
0.134094124
0.7365440644
-0.4792811111
0.8107854709
0.1655875782
0.3777797427
-0.07861571144
-0.05606411807
-0.195940458
-0.3549686353
-0.580647482
-0.1601235358
-0.4439487256
0.3111613557
-0.09950946746
-0.3496630726
-0.2690836804
0.2467228731
0.9271393672
0.1565922012
-0.2477726379
0.529250136
-0.1689062113
-0.5872386873
-0.05998296812
0.03913325276
0.1849127377
-0.06901239399
-0.5005149961
1.46452921
-0.4823917486
-0.1101714711
-0.4261500612
0.4702815305
0.5266015146
-0.3069611518
-0.0009346390143
-0.3579155238
-0.2909235314
-0.5424569905
0.7778791733
-0.1220435053
0.6578334991
-0.5457620576
-0.1009738542
-0.01152518243
0.06143323281
-0.3542387458
0.1011644663
1.126188895
-0.4906418383
0.4523036962
-0.09308934752
-0.2826644644
-0.06732540256
-0.12178336
-0.5484764084
-0.1459039858
1.529241312
-0.06098107863
-0.408034943
-0.3937717199
0.1110798483
0.05695423651
0.3458775267
-0.142818518
0.3600378489
0.1528058197
-0.1223464021
0.9007012516
0.472446583
2.239175159
-0.1590067104
1.176349548
0.03633714356
-0.4933483452
1.211596733
0.03695869725
0.5338108443
0.02941777194
0.2049998339
0.0793923676
-0.1111649932
0.3944150843
1.096998227
-0.3958261903
-0.1016951645
0.3604021683
-0.2905167066
-0.1670003491
0.1075735042
0.3124549963
0.09103832319
0.03322838387
0.5799604125
0.06515969038
-0.0007364174351
-0.1151452966
0.2935363326
-0.4615967005
0.05448198486
-0.3341994338
0.1218358585
1.189774296
-0.07038248591
1.155481397
-0.566866979
-0.5241684526
-0.2634524714
1.136454561
0.5029115871
-0.4842746079
0.1952910248
-0.3057174852
0.960982731
-0.03693293855
0.149790729
-0.180222884
0.2332884448
0.04084269516
0.1873711441
0.220200117
-0.06627498958
-0.4026601069
-0.234279329
1.320321141
0.8148012921
-0.409210873
0.02322463617
-0.3559943199
0.3608100723
1.645350778
0.4584660658
0.271152598
0.3897304116
0.6394160487
0.1529999519
1.352643214
0.989471066
-0.2801135171
-0.1636861374
0.2016993586
1.237460968
1.035841855
2.499935526
-0.2877590977
1.816771242
-0.1397032481
0.8109100282
-0.04007219262
0.1960798955
-0.5695815012
1.290071386
0.9854601666
-0.1364436865
0.4385098189
0.1112509242
0.3293992412
-0.05746730864
0.348148218
-0.4915277097
-0.3347599152
0.1552309973
0.8630376227
0.03740680683
0.4070815243
-0.5050865442
0.3768160827
0.2731455915
0.7873867124
0.9519156381
0.47650817
0.6135227419
0.2986061743
1.237958981
0.0542268008
-0.2813316979
0.1141727341
0.1491354783
0.1481115905
0.0982112987
3.76556735
0.05825269334
-0.4588449448
0.04360898398
-0.3360399082
-0.4072776169
-0.22930592
-0.6128120199
-0.4466656394
-0.4496117674
-0.744918853
-0.3476721041
-0.3794587623
-0.5287028536
0.1170655805
-0.4648806602
0.276206853
-0.09538404457
-0.1899598122
-0.3800435513
-0.608239314
-0.5937113866
-0.4140530199
-0.2774181232
-0.5028614245
-0.1138902448
-0.6151943713
-0.1515413006
-0.632821168
-0.2699049912
-0.2820831914
-0.4890899703
-0.279799933
-0.1546320911
-0.3577823296
-0.1484674508
0.7635534778
-0.1435057247
-0.5999114126
-0.1641054694
-0.357034342
-0.162159028
-0.3365653768
0.7239836842
0.008745138347
-0.5833905891
-0.619435899
-0.227980217
-0.1035761489
-0.02281472906
-0.1841168083
-0.1034089828
-0.08305503009
-0.3763623081
-0.5667336047
-0.3278167278
-0.1988647632
-0.1599796184
-0.1457224265
-0.7674341142
-0.1724570299
-0.3164540716
-0.630093649
-0.5351594776
1.363192356
0.148581907
-0.3477263385
-0.4534816757
-0.4672954477
1.677398688
0.3033675157
0.1755270181
0.1184687051
0.3712313745
-0.009794786386
-0.2613093152
0.228028124
1.010535675
0.4456665646
-0.5215473711
1.05222356
-0.4537364244
-0.1506727988
-0.4977947429
-0.09056040868
-0.7093526959
-0.2413573038
-0.4710304216
-0.1703827806
-0.5468859419
0.7252563983
0.8782987891
-0.4130667511
-0.5667175397
-0.6408533245
-0.5294634864
-0.4396720946
-0.5684598237
-0.1017301333
-0.4490595594
-0.2508824535
-0.383348196
-0.5294053152
-0.4316395365
-0.1597237488
-0.008442418044
-0.2839537209
-0.3952967942
-0.3671848897
-0.05553785758
-0.6715367824
-0.211847293
-0.05553930383
0.276931604
-0.1167554546
-0.07374690287
0.7370934024
-0.5515447795
-0.3951715291
-0.6349916458
-0.528117694
-0.1936640056
-0.04604349537
-0.3271356294
1.421708299
0.2378073718
0.1090819176
-0.08091891073
-0.5223647892
0.1714652629
-0.0699962955
-0.5510219485
-0.1714852305
-0.3600223783
-0.1382037496
-0.2614133306
-0.6181156516
-0.003404003661
-0.4792989157
-0.3355221331
-0.2833068988
-0.4143669993
0.0174949605
-0.5370524891
-0.09173947405
0.002123150416
0.6377341725
-0.137657778
-0.5541403398
-0.06936098225
0.4590201981
1.676084077
-0.2226168996
0.1829629157
0.03749386678
-0.09168757051
0.02933430923
-0.2362114597
-0.50270162
-0.2965678811
-0.7183045328
-0.2052093878
-0.09243429229
-0.3581612863
0.1853484422
0.2469283139
0.4802609831
-0.3765069619
0.07117300956
0.4517208502
0.2424330379
-0.3955239661
-0.516255188
-0.3371473532
-0.02266135514
-0.4452626824
-0.02152651227
-0.4958252355
-0.5827187866
0.05668988563
-0.3010351911
-0.332700542
-0.7376605779
-0.4486337051
0.9274107575
-0.165571388
-0.05615860596
-0.07587396149
0.3973039065
0.9801501453
1.12906732
-0.03606446898
-0.3576922573
-0.4745892785
0.2480584236
-0.04091547821
0.1969709452
0.0337068643
-0.4731559932
-0.2107140444
-0.3216201335
2.315636882
-0.5516814291
-0.2812189709
-0.4010769874
1.133214104
0.3136800897
-0.4799768597
0.2408888621
2.515089297
-0.6470454335
0.04772222228
0.7067541197
0.3665840085
-0.2958803635
0.2560599418
0.921489118
0.09538721535
1.357353371
-0.270345344
0.128591375
-0.4737353921
-0.5611419395
-0.3494073451
-0.2378785066
-0.1648782918
1.325539035
0.9293885738
1.207815117
0.2942704614
-0.5320352629
-0.3646261863
0.02372301212
0.9550579345
0.04666160941
-0.4868591979
-0.2257391207
-0.5111013919
-0.1620188497
0.01336193066
-0.02840014603
1.164167914
-0.2351395182
0.0337960423
-0.3084422588
-0.05552989133
-0.563904196
-0.1716325676
-0.5090934128
-0.8187486708
-0.460925862
-0.349138058
-0.3306307914
0.06623013876
-0.00808747327
-0.7255331725
0.5991224565
-0.7277101666
-0.3844250284
-0.245913903
-0.04718410019
-0.5876554191
0.1131214742
-0.5809007019
-0.8321952105
-0.9199490577
-0.2134377707
-0.5784828752
-0.4057910874
-0.2355134252
-0.5563273594
-0.1921305381
-0.3935461935
-0.7234752089
-0.3198609136
0.09794737827
-0.1783298347
1.139881612
0.008691068925
-0.4835923605
0.5188599162
-0.3241320811
-0.4007867619
-0.09495450705
-0.3273424573
0.006477516284
-0.4436285868
0.8938230753
0.200076697
-0.2776025459
-0.199775075
0.1963235355
0.03607615875
0.2549853576
-0.3206186272
1.053210807
0.414235243
-0.4172999084
-0.4683698639
-0.2242013364
0.0644533366
-0.3821722925
-0.07413862646
0.3407731466
-0.4432826877
1.718197998
-0.4222923458
-0.4554588735
0.009178249724
-0.3502003282
0.09938213304
-0.3273532376
0.1231404213
-0.6061900735
-0.2601229589
-0.5775359675
-0.2149272902
-0.4324616006
1.146937875
0.1599818954
-0.2441126091
0.5714324765
0.8359244347
-0.4545777164
0.01603545919
1.073728943
0.6173359372
1.353578451
-0.07139324602
-0.3415646777
-0.9880545378
-0.6305284292
-0.8547894031
-0.1837034342
0.03135186019
-0.3904609646
0.6762644932
-0.2905706249
-0.1638255266
-0.3212309122
-0.4430201359
-0.2085297741
-0.4959609866
-0.5253949121
-0.5160974517
0.04947847016
-0.6075243056
-0.660254243
-0.5117709219
-0.03290154617
0.1726562407
-0.1624411738
-0.8692635149
-0.2083177298
-0.1438025742
-0.2658101283
-0.6601631194
0.161925105
0.7749392115
-0.5919412583
-0.3112580281
-0.7540496856
-0.3031858787
-0.09575355202
-0.1219389912
-0.4444197394
0.2882359233
-0.07905226219
0.8887788627
-0.7203018934
-0.2354628837
-0.8867255509
-0.4863071159
-0.351339893
0.08101510359
-0.4974900693
-0.2392666422
1.477140992
-0.5168992609
-0.111007094
0.2017213002
-0.4183141589
-0.160962946
0.124974417
-0.2450849831
-0.6849882469
-0.3787107132
0.8899886072
-0.4110490188
-0.4921270102
-0.4326681301
-0.5426215276
-0.08626315873
-0.4182473496
0.6821711384
-0.7418807507
-0.5531552836
-0.7474868476
-0.05076999005
-0.4562792055
-0.1455142453
0.01086573892
0.1096151735
-0.3024647661
-0.6938205332
-0.5516245544
-0.380080571
-0.3242305223
0.645921159
-0.3660520285
-0.8528750598
-0.2529417526
-0.6540103376
-0.6322368816
-0.4163768753
-0.546084702
-0.4029304594
-0.8132316887
-0.8110563934
-0.3141428277
-0.5022956267
-0.4415404946
-0.6069577515
0.2298266018
0.3436125125
-0.3194945976
-0.2457180143
-0.6587043837
-0.3897340551
0.2869839655
1.61432585
-0.4399094775
-0.05791952088
-0.3842147343
-0.3105049776
-0.2525727868
-0.6064832479
-0.3573892273
-0.5270336449
-0.02790575605
0.2855814395
-0.4761383981
-0.5523023546
-0.5997203127
0.7179059856
-0.4804411829
-0.1392182393
-0.2571926966
-0.6491499454
-0.2859190352
-0.6266586542
-0.009352724813
-0.5861995816
-0.04199276231
0.4263469413
-0.02426830409
-0.4367505133
-0.524029386
-0.2086377054
0.300343666
-0.4439012069
-0.3464505084
-0.2225837994
0.6440088518
-0.5059949338
-0.4636368137
-0.1786340123
0.1551846441
-0.6822743058
-0.2205601227
-0.1445629485
-0.06694744211
1.979329687
0.3761099897
0.08528474839
-0.6034877181
-0.6425445706
-0.1501962066
-0.3406363182
0.1723347891
-0.1993592161
0.1829296803
-0.3959835712
-0.617781496
-0.2647520237
-0.04877449628
-0.2875674963
-0.5601267025
-0.1470696352
-0.08312049927
-0.3314774401
-0.3409812525
-0.1719260577
0.1391030645
0.005483291298
-0.05067110318
0.5471250027
-0.6754039034
-0.2706568165
0.5081981245
0.6385121673
0.1846261673
1.221897468
-0.1059426211
0.08991088681
-0.4861690782
0.3565186117
-0.2767055824
-0.2807631958
1.002603886
0.230636655
0.2301769435
0.7498392999
-0.0002634880133
-0.2858851166
0.7662231207
-0.4854300402
-0.5428043246
0.02547146156
0.1612214423
0.04701706469
-0.1868709344
0.2217650973
-0.2543171192
0.6515780047
-0.299373965
0.6519130781
-0.3559274286
-0.3217609115
-0.4116924353
0.3534289706
0.8567134507
1.283992381
-0.1000277285
0.8637561247
0.792143251
-0.2891955279
-0.02395709185
1.44816308
0.7987990096
2.476529869
-0.09087093528
-0.3424410731
-0.4979841754
0.1352082324
-0.1458267298
0.721722373
-0.5775070816
-0.266862794
-0.4684539169
-0.7782385647
0.86430296
0.04301881213
-0.5241336189
0.5417567715
-0.07014104514
-0.3370189391
0.07644078918
-0.5662242785
-0.3407702506
-0.202140712
-0.09893880934
0.766766353
-0.2114526026
-0.3514597885
-0.332951384
-0.2245464154
1.233905786
1.368157896
-0.004595571291
0.5620256305
-0.390279115
-0.326310394
-0.2429153353
-0.06434102654
0.1078177487
-0.1013074599
-0.2841685422
0.0601451084
-0.02566686776
-0.4286884606
-0.6271634609
1.448458117
-0.151002842
0.1021749118
-0.2880186833
0.7154760014
0.04950475842
-0.4416970298
-0.3583010048
1.712195334
1.773948702
-0.07314509787
-0.2583632197
-0.2087015383
-0.4794001594
0.01333506508
-0.2261613255
-0.241786466
-0.5807378411
-0.4118506767
-0.4041958034
-0.2035422765
-0.6327834353
0.1549859591
0.2408129301
-0.6306390092
-0.6078837588
0.3355182447
-0.1177083539
-0.3489514694
1.128350703
-0.1045975585
0.2003371892
-0.4122340523
-0.1383820331
-0.06595163643
1.832797712
-0.4222691998
-0.1274061935
0.1596962537
0.1478282627
0.2258904412
0.2987847563
0.664697741
0.5771169752
0.4674233278
-0.001331650466
-0.2666499706
0.6702299207
-0.01147924252
-0.2674744751
1.128589693
0.1274782215
-0.4566129118
0.0987867007
0.001921836287
-0.2852688149
1.360503611
-0.5324011207
1.317219244
-0.2925513031
-0.4126573343
0.2543423387
0.0173282533
0.1848794211
-0.1401809884
-0.0639391413
-0.2472110556
-0.2084940869
0.6846544862
0.3047628787
0.1011697298
-0.4351062909
0.1016958017
-0.1942455685
-0.1420577176
-0.4544149905
0.3875102647
-0.3401179083
2.96882385
-0.334609035
0.03476000801
-0.2016026434
1.58052265
-0.2134072527
0.007830181811
-0.4822067127
-0.5853542879
-0.01527675856
-0.2995927565
-0.1338843989
1.119219383
-0.3868859326
-0.107760461
-0.1331762541
-0.4140517429
-0.4398729235
-0.1863949332
-0.5806027457
0.0470556587
1.153378923
0.004270442948
-0.05926285982
-0.4694514111
-0.4763980836
-0.3413523238
0.1192997658
-0.296753753
-0.0003661619499
-0.3088574827
-0.2851222314
-0.3743663497
0.1857295737
-0.7263786107
0.1894732639
-0.2122940198
0.07866411898
0.1048190996
2.141343534
-0.4188151874
0.4190017935
-0.2024286151
1.651537701
-0.07906483114
-0.3556171652
-0.4580424674
1.742607743
-0.1511423465
0.5185004823
-0.163789238
-0.4581627451
-0.2437642122
0.556241316
-0.1060036898
-0.3221780216
0.02119006673
0.07611321313
0.01844499568
0.2005563981
2.541045535
-0.3120794043
0.7159252305
-0.03968618605
0.8354237266
-0.477111198
-0.4657106265
-0.4392458841
0.1508151001
0.08184834644
-0.2439889818
-0.2055793721
-0.3495576769
0.07310315929
-0.4597266331
-0.8068117142
-0.4452351496
-0.2285899892
-0.2542756967
-0.2076070543
0.08709299974
-0.222171919
1.0076601
0.2580143047
0.1680006118
-0.1636114923
0.3259504508
-0.007202027924
0.6552652799
1.316237739
0.08617372718
-0.6174066991
-0.0271432098
-0.2252726138
-0.32640476
0.1104825824
-0.5231832623
-0.4139285594
-0.3886864141
-0.5796212256
-0.4633867368
-0.03512277687
-0.2290283289
0.3845298801
1.020149304
-0.358490476
-0.6912579209
-0.5417346343
-0.3430092968
-0.7008867264
-0.389079282
-0.3332444213
-0.6552750438
-0.7445258409
-0.5768603161
0.1218811499
-0.442135983
-0.1073844852
0.05025116242
0.1795684107
1.738729358
-0.3152757562
-0.1660758376
-0.2556930505
-0.3485907681
-0.3641967662
-0.1011935595
-0.3056002133
-0.5688333347
-0.2718419917
-0.1063709937
0.3966211993
0.07891976442
0.001976686716
-0.2995502222
0.199713474
2.395233202
0.0382252112
-0.1939653203
2.375447476
-0.2913617801
0.7993315622
-0.3406956483
-0.1251005619
0.107312776
0.1177904893
0.1103092048
0.4101414094
0.3812099498
0.3657857634
-0.7344745159
0.5089345345
1.781572554
0.05962161068
-0.2836424623
-0.06916198377
1.3347197
0.06269632839
0.3936543766
-0.2563778775
-0.04166973755
0.4309238922
2.387182528
-0.3169919312
0.01270160945
-0.3993498877
-0.2845680764
0.2529155356
0.6593668271
-0.4853339717
-0.04938563369
0.9027875174
0.4484579854
-0.1078152284
2.477131706
-0.4313534938
-0.07519447976
0.0665738014
-0.8916410685
-0.1271412394
-0.2073515527
-0.3299225658
-0.3875319231
0.144885374
0.2876528494
-0.6933077261
-0.4043678463
0.2971581903
-0.4255032718
-0.1954621455
-0.3944242246
0.3619921101
0.6607572351
-0.1662896996
0.1521210456
1.500095579
-0.3465913709
-0.3308921382
0.1488062238
-0.003360521607
0.1426770514
-0.2526926921
0.09368668701
-0.3933783628
-0.32350673
-0.2881481957
-0.149768937
0.7121816799
-0.1843966249
-0.4851247668
-0.2741261106
-0.2925839923
-0.5211750612
-0.09787062109
0.002700841241
-0.02990921605
-0.2637607558
3.445745111
-0.4471487863
0.5958981164
0.4662809052
0.6859860368
-0.2373607375
-0.0952538548
0.07713832557
-1.110583544e-05
0.06398068257
-0.5334159642
0.5449280959
-0.2778108278
-0.216307262
0.2262156421
0.0171735255
0.7957023731
-0.5581396505
0.2074281828
-0.1297069324
0.4663625913
-0.003116599005
-0.4969856799
0.6205596655
0.8331385747
1.164758715
1.410126597
1.830525319
2.183063158
0.5143980348
0.7188233376
-0.02270809859
-0.213261275
0.1630306714
0.8343309358
0.02064647414
0.4713041954
0.2410485018
0.8207030848
0.6772232287
0.3277834317
-0.5267948672
0.3330055837
0.07990875114
0.05203978596
-0.09569325577
0.04450091552
0.2186387401
-0.6648569107
-0.6213910058
-0.5848565266
0.02890557363
-0.2990184251
-0.5918958977
0.1163706255
-0.2578361005
-0.3697039403
0.3647294078
-0.3077159211
-0.6653159976
-0.1650261356
-0.2196186196
-0.4006593175
0.3346765675
-0.140658669
0.3594860274
1.39676506
-0.219709627
-0.3534660503
0.1943502522
-0.1047143532
-0.3733595058
0.08934647813
1.277287757
-0.5456153333
-0.4061409846
-0.3548537306
0.2820015138
0.517498295
-0.1268784044
-0.09922311325
-0.449873092
-0.09110073149
-0.07263700599
-0.3506140109
-0.1628210938
0.01633712295
-0.3894296989
-0.3140660855
0.3040322681
0.3564627551
0.3995581113
0.4826090746
-0.4629381046
-0.1267833211
-0.653134948
0.5705839373
-0.3491904736
-0.0775891399
-0.3731086612
0.3096269645
-0.4414392896
-0.4888984874
-0.1763058994
0.09529012516
-0.2118774468
-0.3179899283
0.01218915749
-0.2259056695
0.4274938054
1.228145993
1.088880198
-0.08659400977
-0.01006117589
-0.4021175131
-0.2060094191
2.391255191
-0.1846677985
-0.1177557357
0.5144600429
-0.6135718852
-0.6642152488
-0.2325093225
-0.1260148145
-0.2333719393
-0.4286009774
0.6436708225
0.07012678813
0.1338810303
-0.430714716
-0.3996008366
-0.4390656039
0.2677167904
-0.1730014725
-0.2619516078
0.03900373839
0.3718926499
-0.4127231583
-0.604204303
-0.07700471058
-0.8370491296
-0.1643401867
-0.5139267385
-0.417140045
-0.4783028483
-0.5769833788
-0.2352838194
-0.5334637105
-0.6103854865
-0.2471244369
0.0548962744
-0.6513623327
-0.2603535566
-0.3208304763
-0.4434091866
0.2812884765
-0.4446094884
1.630175623
-0.5005653441
0.02010510862
-0.5043424293
-0.2555954743
0.3875875063
-0.4808021158
0.3268094067
-0.6960170716
0.1359978123
-0.3195173603
-0.2666319973
-0.3197690293
-0.1558865759
-0.1541673317
-0.01623745337
-0.2721050337
0.6979247279
0.6716499187
-0.2993227314
-0.2692759492
-0.3563380616
-0.1866704877
0.6235943913
-0.2186243263
-0.08015217092
-0.4018948168
1.114980261
-0.3508732937
-0.2981261984
-0.2410390455
-0.3413709313
-0.5076312944
-0.3634852789
-0.08658866063
-0.06099803289
-0.5172183052
0.9107330158
-0.4221956246
0.8086896941
-0.03351069372
-0.4608374432
-0.7072561055
-0.581847544
-0.1876329634
-0.3456600234
-0.3271012574
-0.09858050535
0.6607066119
-0.2042102078
-0.5661934927
0.5075712048
-0.2487470973
1.057472461
0.1845727539
-0.1107330609
-0.5806803539
-0.6585558727
-0.2882200897
-0.1300937011
-0.05477309991
-0.1508488903
-0.5099127144
-0.4857795879
0.2194025921
-0.234248092
-0.7177228332
0.7651651345
-0.3227990881
0.2024926696
-0.6073164061
-0.4476152837
0.505123058
-0.4477717951
-0.5321226686
-0.05055560246
-0.6425783828
-0.3224371368
-0.5189475283
0.2676225986
-0.3073557865
0.8238221824
-0.4892900527
-0.2159314243
-0.3170598261
2.049289045
1.18737317
0.08024289943
-0.3186237052
0.8242996894
1.129416741
-0.5242782146
-0.3473433733
-0.2421357173
-0.4665800057
-0.2824418992
-0.7361865878
1.016994689
-0.1193386113
-0.07226830954
-0.6628920719
-0.218755956
0.07465919685
-0.3513500661
-0.3560849294
-0.4020701557
0.08981161076
-0.05298886029
-0.1149409474
-0.09165359568
-0.141594207
-0.159126927
-0.3684467003
0.1527167757
0.5721434616
-0.4536336139
0.6615000844
-0.2849658161
0.5211382158
-0.02215062315
-0.1077727182
-0.2993074317
-0.3597687855
-0.1238275845
0.5131912172
0.5031724319
1.008355635
-0.1403653579
-0.2560334314
-0.02497799331
-0.0210343237
0.9596118659
1.386579084
-0.2411626623
0.5646406136
-0.3561602589
-0.4985875484
0.2037087576
-0.3079335885
0.2269273127
0.2168741393
0.6600616999
-0.4200143352
0.2846728478
-0.158854557
0.1281542814
-0.3465514597
-0.4460732102
0.9405738711
0.1707871465
0.2805349112
0.2175391149
0.01731116269
-0.2354893483
-0.2469547447
0.3303740881
-0.3535205647
-0.1051306792
0.4604648443
0.3292574782
0.7985011458
0.6105090722
-0.3822170809
-0.6816556126
1.028672427
-0.03733738475
0.3440895271
0.4078204535
-0.2477171361
2.081747743
0.3243546426
0.2363033108
0.8706099909
-0.232112194
-0.1131220058
0.7455333695
1.145845343
-0.07814287106
-0.4182111964
-0.7440185428
-0.1197250492
0.07522133468
-0.4193880826
0.6778295606
-0.4136766925
0.2519241059
-0.3232035093
-0.01745587569
-0.08352074765
-0.3321879171
-0.3519463524
0.08545354903
-0.3383924924
0.232989246
-0.01989929006
-0.02959017544
0.04927006671
0.9134557277
-0.6187463239
-0.2162522741
2.311424911
0.1456266601
0.3686820038
-0.2361261792
-0.0563412983
-0.220499694
1.343258309
-0.3281812523
-0.4136408826
-0.3935689759
0.3709529802
0.1774789014
-0.08600309873
-0.2224852098
0.4601669043
0.3650791459
-0.1236443523
-0.4133479208
0.07552331826
-0.5241478443
0.1261028744
-0.2119648352
0.2767221637
0.1874669833
0.403663373
0.241545879
0.3681339664
0.1451150076
-0.02928113118
-0.137556316
0.9330467865
-0.2559209745
0.2641442791
-0.2547228556
0.292026093
0.4049402367
-0.5995656908
-0.4370618448
-0.0434466701
1.102692249
0.9773584326
-0.4047563504
-0.2145059504
0.01231260281
-0.1719747961
0.4760830887
-0.121039253
-0.1996930584
-0.4164876174
2.410754606
1.365845442
1.443272358
1.502231167
1.303985116
0.05139875747
1.536223745
0.4344756901
0.8577693582
0.07924177647
0.1714077232
-0.3095236674
0.061090934
0.3709770944
-0.4693346262
0.192828762
2.858139086
-0.09165330864
-0.0349249294
0.4467867233
0.16270367
-0.3284794986
1.284464175
-0.3304886393
-0.02137084398
-0.1611800916
-0.4120291284
0.3210662875
-0.2310792472
-0.2599565469
-0.02691253293
-0.4016533025
-0.6056901559
0.03305396875
-0.6521655589
-0.2795675438
-0.05981721859
-0.2589920811
-0.2172870923
0.02893880457
0.02439148929
-0.7017640591
-0.6721070409
-0.8397867322
-0.240431032
-0.02949812133
-0.2860213201
-0.467554155
-0.2950870115
-0.0177599851
-0.3459438808
-0.02565975115
-0.1390550374
0.1366103194
0.3047923252
0.2393197199
-0.4274468951
-0.6226221219
-0.1118004315
0.2805573009
-0.09225879312
-0.2678351864
-0.14244074
-0.6640245497
-0.4274803855
-0.2546568256
-0.02423559595
-0.1342255959
0.7816080079
0.2075221794
-0.4186666861
-0.2711525392
-0.09758264273
-0.2999021716
-0.3890807502
-0.02073428705
-0.2612894323
-0.4876601413
-0.03982644519
-0.4043688998
-0.3035030274
1.154802517
-0.2454690874
-0.5700819135
-0.4872659758
-0.1655970709
0.2956474944
-0.4090018593
-0.006741544791
-0.5810852036
-0.736748004
-0.4339592129
-0.05542611713
0.09331985209
0.5183676967
-0.1799852295
-0.704806
-0.2371399632
-0.1428714516
-0.4524125688
0.3883535657
-0.5533012137
-0.5103690624
-0.7010409981
1.384110004
-0.08835561052
1.090268642
0.4747471459
-0.2554916419
-0.5420794427
-0.650713101
-0.360766843
-0.9149674118
-0.4531324163
0.1685784465
-0.7247242987
-0.3249244923
-0.2593422705
0.03943814896
-0.445473519
0.08036213983
-0.2625693146
-0.5306953743
-0.5720631376
-0.4217231557
-0.4444332808
-0.5281524569
-0.7958238572
1.858608367
-0.4726245597
-0.2607953586
-0.5832670882
-0.4700649761
-0.05034086555
-0.6592387527
-0.3355745576
-0.770102793
-0.7405986995
0.09016888589
-0.2994181208
0.1137692206
0.6722301982
0.07540376717
-0.4938417643
1.498023072
-0.5484921783
-0.5439032525
-0.0005816696212
-0.5975287959
-0.1316762346
-0.2869602326
-0.3445662417
-0.6336538881
-0.1813731045
-0.5048477799
-0.5040015608
-0.04982586941
-0.372609707
-0.3603768602
-0.395189625
-0.2746277735
-0.3007259056
0.5678542264
-0.4380654082
0.07632410759
-0.1064182574
-0.4146058276
-0.008157157409
-0.3849898644
-0.2688116897
-0.5345639467
-0.1149972598
-0.1482355517
1.297099899
-0.5232553229
-0.2699269004
-0.3000283696
2.060657639
-0.1264824421
0.737949197
-0.2689599294
-0.1438586093
-0.3645533979
0.1746450419
-0.6689672247
-0.3948941704
-0.4691560566
-0.7176539332
-0.1041717676
-0.5669851139
-0.8904043585
-0.7081330597
-0.3266376324
0.03876348175
0.5349026693
-0.0345943029
-0.2337643046
-0.6234053135
-0.5246328443
-0.7055131733
0.05378355458
-0.279028729
-0.2248704044
0.4709115349
0.1235663088
-0.04566670677
-0.0756188808
-0.7179669082
-0.2922463052
-0.5024906844
-0.3130536627
-0.4779826462
-0.6257730097
-0.0901497066
-0.186205443
-0.1651352664
-0.01690094746
-0.4870084442
-0.5538123339
0.7919363603
-0.6102281153
-0.5935601279
-0.1894553345
-0.1954494832
-0.2178359598
-0.3753177159
-0.519580118
-0.314068266
-0.3519731022
-0.2976363331
0.4629757293
-0.1600034518
-0.3910640739
-0.3864915639
-0.04010737203
-0.7116534323
-0.2721441541
-0.1886138104
0.07623340348
-0.2468326669
-0.6923497975
-0.5619103253
-0.5740123346
0.9816340923
-0.4627274528
-0.8327676177
0.003685749695
0.1751714821
-0.486100623
-0.2496961728
-0.2634379888
-0.1508454917
-0.4302170843
0.8497025788
-0.4024002358
-0.551377064
-0.0008441094309
-0.08665153906
-0.1988012179
-0.339160344
-0.08683415456
-0.5900108919
-0.3636233225
0.4454456089
-0.4141868986
0.1512994779
-0.2148618761
-0.4164205283
0.03846850321
-0.9334802389
-0.3804574229
-0.6070281953
-0.3261444122
-0.6605378747
-0.5983138189
0.5977913588
-0.3252825718
-0.1495321104
-0.2226922749
-0.2058102155
-0.1691709082
0.1756930972
0.2366388053
-0.07263754793
-0.5795168266
0.195903625
-0.02693759911
0.5646286815
-0.304992944
-0.6068416759
0.1032198304
0.05323975496
-0.1377599917
-0.521631065
0.463758792
-0.09706188608
-0.4967698604
0.8083914474
-0.538627848
-0.3617687777
-0.6759288669
-0.0355804326
-0.6177000865
-0.4159371249
0.07602893468
-0.67137191
-0.464569293
-0.5212747827
-0.7216381967
-0.2606972791
-0.1620705925
-0.3083967779
-0.3038948767
-0.463679859
-0.4251689255
0.1869263212
-0.3958873123
-0.1725585571
-0.3190028772
1.273906052
0.581458161
-0.07490852713
0.595788233
0.878568095
-0.3885897204
-0.5496897087
-0.2661883008
-0.2596829221
-0.06932479432
1.768800337
-0.1512108895
0.1722747313
0.02970295083
0.9017061457
-0.6124264568
-0.4854627788
-0.3355797745
0.1335268755
-0.3711089633
-0.110891007
-0.268145005
-0.5666374773
-0.6655844733
-0.2290961979
-0.07991907299
0.02748880931
-0.4537450075
-0.2534874041
0.0632752738
-0.5331596509
-0.5801683173
-0.3768238541
0.2479734669
-0.3532862589
-0.5447093815
-0.5835938841
0.1182749725
-0.3468751019
-0.2128627019
-0.3565247595
-0.7321582079
0.7044242149
-0.2791977726
-0.4513209328
-0.5360905878
-0.5211522058
-0.465348009
1.225645903
-0.4170306861
-0.1119798452
0.697271657
-0.05926314723
-0.3971349448
-0.2727317505
-0.7132518977
0.2956348565
-0.2423978906
-0.479688175
-0.3312601317
-0.5815709755
-0.2999218281
-0.196523468
-0.1120489297
-0.5156291083
-0.8734479368
-0.824489072
-0.6362189442
-0.6344133139
-0.3032072052
0.2588664751
0.5295176961
-0.00675007347
-0.4315585285
0.6662592151
0.5137883652
-0.223480718
-0.8044832408
-0.2391818516
-0.2197770925
0.5044190723
-0.1812130369
-0.5316003919
0.4041280976
-0.2553617261
1.587523988
-0.6783649594
-0.7813454509
-0.5830138385
-0.8570013523
-0.3763028741
-0.3814017378
-0.6595278651
0.6533523344
0.5573644955
-0.5006419688
-0.2635790441
-0.4082000554
-0.4345012732
-0.3669816975
-0.4514451146
-0.1316476014
0.08134412095
0.116718645
-0.2677532785
-0.03725813851
0.8576221019
-0.4405937836
-0.2581601534
-0.2568031643
-0.3625057589
-0.5064374715
-0.3866931826
-0.5268964523
-0.5042960986
0.09832614455
-0.3413724057
-0.0895668434
-0.127940454
0.1076182778
0.2700496573
0.07327650459
-0.1585044736
-0.5090638153
-0.009895940311
-0.5908185154
-0.428279236
0.1600075487
0.0950215742
2.391570711
-0.5774730518
-0.2777748264
-0.4765958175
-0.5655659273
-0.383699293
-0.07917087227
-0.6110726714
0.4090655401
0.09056755789
-0.2330628142
-0.1658502614
-0.3412944373
-0.5862944663
-0.5334529623
-0.6364536151
-0.4568701252
-0.318081373
0.06168900505
-0.02728035711
-0.2114089383
0.0171531626
-0.1355114305
-0.4965111546
-0.4093614958
-0.6426262975
-0.7029103428
-0.193695702
-0.2097039454
-0.446338211
-0.519772476
-0.2550627872
0.1045375225
-0.4064000968
-0.4645817302
-0.4394307271
-0.3451334676
-0.4366032951
0.01035011867
-0.3026030824
0.8934593678
-0.3476413831
-0.5878692046
-0.2415344637
-0.5283451691
-0.09569356083
-0.2038213218
-0.8728562623
0.1215255749
-0.338917332
-0.1480222842
-0.1145227706
0.02532351231
1.12973333
-0.00810548123
-0.4874152511
-0.4374107674
-0.6083927169
0.1992063446
-0.3957078576
0.7541093886
-0.5648098037
-0.5852438718
-0.1399733793
-0.2248575099
-0.3063836038
-0.2904513743
-0.5363553762
-0.233610506
-0.4782388493
1.23904433
-0.05269368198
0.5059183717
-0.1516111018
-0.4077099785
-0.09437282067
-0.270742787
-0.4960370496
1.517492676
-0.495250652
0.1436815871
-0.6422237724
-0.411523483
0.3751011129
-0.1096580405
-0.4931494989
-0.3486192731
-0.4894522354
0.1199703563
0.6193755388
0.1299421092
-0.2589351423
-0.2421906181
-0.6320119649
-0.5553088114
-0.6291560739
-0.2953134082
0.05921777505
-0.2258424647
0.4895761702
-0.1684623939
-0.07683836138
0.1042967062
-0.3132947348
-0.5901617527
1.419899904
1.739780365
-0.2260040759
0.03673834009
0.5554324038
-0.2421399307
-0.03881418072
0.1316007009
-0.321515182
-0.1488392849
0.3975181339
-0.4228893444
-0.08744558296
-0.4908889398
-0.2362261025
0.2652883641
-0.5252534717
0.2750047576
-0.3135149645
-0.1038418357
0.2449632561
-0.4295827366
0.01979397051
-0.195019989
0.3325130681
-0.05495306137
-0.341911475
0.1794646447
-0.5016368121
-0.09789672848
-0.09159700819
0.8822955936
0.09377906611
-0.5630619645
-0.3921089858
0.3815055244
0.1401990267
0.07164797978
-0.5097409755
-0.06275137644
-0.2233168302
0.6863430167
-0.5419981137
-0.5969336689
0.6784581631
0.07606612025
0.6111426957
2.450594383
0.4717292661
-0.2243861381
-0.6076258883
-0.7694720149
0.559122014
-0.4902996555
0.1570000101
0.1770387689
1.588342565
-0.01112739919
0.6960283253
-0.204427097
0.2262198312
-0.04873422412
0.2250810975
-0.4594395339
-0.2798307974
-0.3972713917
-0.4458965134
0.01799971517
-0.31489048
0.307066519
-0.4852537885
-0.3356360712
0.6018632293
-0.4111079449
-0.1763143983
-0.3112919308
-0.2275491685
-0.2572839405
-0.4592539594
-0.200270775
-0.06932916548
-0.1199002227
-0.3316648789
0.2150167794
-0.2372611521
0.09356074054
-0.3619416729
-0.4223764833
-0.4164580226
0.3693338405
-0.4602896631
-0.2804966217
-0.373920045
-0.3063251212
0.3395692665
0.01956111668
-0.2428495936
0.05863551227
-0.4109545887
0.2259190278
-0.5327260897
-0.4344439133
-0.3857944854
0.9525938973
-0.5363300681
0.7889780909
-0.3053911749
0.05605317652
-0.2349796019
1.628036237
0.01013343744
-0.3548494507
1.330603883
-0.1041703179
-0.1093519216
-0.0433431929
0.09013702534
0.1544141564
-0.4112152055
2.10460996
-0.09299263917
0.02769828429
-0.4623901878
0.2045920167
0.2203485385
-0.423252362
-0.06606229469
1.517097387
-0.2697066672
-0.1542947853
-0.6097134069
-0.5934003726
-0.3497126855
1.141720538
-0.471209801
-0.1240502463
-0.006645589042
2.674093813
0.3867356872
-0.1315956267
0.7988420978
0.2869114861
0.994615934
-0.2290565528
0.2570773576
0.03597050635
-0.1414542572
0.03225957667
0.02675935216
3.333276671
0.4198826898
-0.141706676
0.1852673234
1.260147673
1.90992415
0.2262676543
0.2956545878
-0.2026361914
0.9955495059
-0.5120127678
-0.3981111653
-0.2236388244
0.9528569221
-0.5512304249
0.1601291516
1.110028371
-0.2206963062
-0.08696439541
-0.220088527
0.7950029753
3.422810352
0.526773794
0.2358459108
-0.06592185404
-0.351800398
0.0555913494
1.27912873
-0.1479551491
0.1447279109
0.865892157
0.1797892515
-0.3119603137
1.088638803
0.02292465242
0.6435724914
-0.5080839366
0.001041274145
-0.2160526531
-0.1821749534
2.338983941
1.024505764
-0.1686210506
-0.07439164696
-0.0502735809
0.01205399334
0.9040906459
-0.2657482814
0.1582647522
-0.197744355
0.3637987044
-0.4378294174
-0.08493484613
-0.4186452985
0.1280571004
-0.1342382617
0.2492959142
0.08135977574
-0.247748795
-0.1045561343
-0.3550708458
-0.07684839703
-0.3746161619
0.02607008889
-0.226389617
-0.7710363835
-0.5323038667
0.1375786235
-0.201640369
0.7194277495
1.327910987
0.4185311612
0.9213910565
-0.5561311156
-0.4020125836
0.2236570287
-0.4025439806
-0.2679375257
0.6693095828
-0.2877583392
-0.4955180362
-0.3315535001
-0.49548942
0.1734171338
-0.06055828612
-0.4120626543
1.044573897
0.3143357556
-0.118046427
-0.1890730696
0.2845775508
0.6870424185
0.2242181636
0.002904046816
0.1231211154
1.244322437
-0.1104093435
0.0146004064
0.06092546117
1.062867457
-0.09083964862
-0.2805030003
-0.3686021633
0.04882757687
-0.5769716233
-0.2697421942
-0.09696331285
0.09153862838
0.4352710105
0.3392505169
0.7355051726
-0.315023502
-0.1232264595
-0.008390401956
0.3569055889
0.5586489104
0.09456985043
-0.4638050929
-0.2433810316
0.1080321272
0.1818310048
-0.485304492
0.07475716276
-0.2204846844
-0.5719004467
-0.3740987111
-0.3048046894
0.002274272777
-0.3796906203
-0.8679348499
-0.3362027021
-0.5023558358
-0.2588232972
0.1881351884
0.01141453194
0.7168726921
0.3035761212
0.3402663395
1.950991783
-0.5981669426
0.1706802154
0.9685123168
-0.01428498747
-0.3710441604
1.349572149
-0.2065049864
-0.5284239039
-0.4484376647
-0.6542831987
0.9197899878
-0.6361109272
0.6431169227
0.01488804892
-0.4712332033
0.04213571213
2.301802403
0.3936476404
0.8692831282
-0.4662862509
0.9425973818
0.15594899
1.644601917
0.03889778219
-0.2884185769
1.526156509
-0.2846622519
-0.3623853885
-0.4908746511
-0.4187068671
2.084097648
-0.2707194235
0.5156443195
-0.1227696377
-0.1955374835
-0.5779360086
0.4617859669
0.1753279645
1.58858878
0.5087710334
0.3755619496
0.9803747043
-0.03450487982
-0.3066839918
0.3438091634
0.5498293575
-0.05184960314
0.9580761224
0.04930388518
-0.02193697779
0.3820574224
0.07911699826
-0.08038874082
0.1400039468
-0.04204144543
-0.03795166593
-0.4148805991
0.7513188038
1.088960643
0.2013529769
1.994208521
-0.3426700166
-0.1994418684
-0.1110214852
0.1320886994
0.7395020038
0.03624455929
-0.09709760416
-0.08780689035
0.05332568707
-0.3544791706
0.1100417589
-0.521358107
0.09914354058
0.7090085231
-0.508074379
-0.4380620375
-0.01414008192
-0.6068218604
-0.4063366808
-0.2693939678
-0.1630074898
-0.5769504309
1.500725473
-0.6196620837
-0.3489027753
-0.5991142049
0.5983277038
-0.5038006075
0.9149230555
0.7491725557
-0.7805079371
1.030012653
0.2312125421
0.237407323
0.09526644265
-0.3450115379
-0.1915733639
0.118940105
-0.6077556476
-0.2862736654
-0.258575424
-0.2649357758
0.3156351465
-0.4192676917
-0.0324965328
0.2812701125
0.009519985784
0.05203289716
-0.3051142704
-0.1623457897
-0.184141444
0.9323876388
0.04751721555
-0.1962341625
0.03238456314
-0.08442459777
-0.3986843351
0.6623084798
-0.4359797001
0.9181962863
-0.2659080714
0.2292992469
-0.3504876956
-0.4053217489
0.5471006855
0.02732937122
0.1319663853
0.494113934
0.02606224706
-0.1746595361
0.1715844035
-0.4576287054
-0.02904195618
-0.3166584596
-0.379005646
0.1636011196
0.5412971504
0.2779145094
-0.2177736811
0.4774891891
0.05243911487
-0.07311570626
-0.1861161996
-0.1859720599
0.4565291099
0.4944267484
-0.5028224036
1.971566248
-0.01859377474
0.390587672
-0.3654957049
-0.1907934282
0.1740380853
1.137497993
-0.2049906783
0.2120520327
0.690019986
0.09036386404
-0.1330901381
-0.564175947
-0.5582284406
-0.383411856
0.8326015577
-0.2975770742
-0.2533246223
-0.6393033788
-0.658063592
-0.1665568585
-0.1891830433
-0.2762165276
0.3776251461
-0.2726148576
1.274085738
-0.4409976155
1.641288453
2.157161853
-0.2482815017
-0.07530165194
-0.3219754044
-0.4240398943
-0.09946642998
-0.333472205
-0.4698078796
1.117260012
-0.2642080925
0.2552087047
1.719949737
-0.5257419631
-0.0814330983
-0.2800505444
-0.4195813365
-0.05315017048
-0.2618572004
-0.1800839471
-0.0492003344
0.03124534376
-0.4852418907
-0.3906626035
-0.278402533
-0.03858105652
-0.4131432496
0.2566397366
0.5631632153
-0.5900609568
-0.1855127418
-0.3026729478
-0.09091456216
0.6958224803
-0.2127138815
-0.5125267699
0.5457136754
1.108809406
-0.5279926136
-0.3743477531
0.2944092311
0.2866572879
-0.5214243099
-0.4111521229
0.06352525961
0.4337698206
1.382557294
-0.5478160873
-0.1650235876
-0.2809396818
-0.2368884619
-0.1425514685
-0.4179883309
0.08627305105
-0.5165555693
0.2878248189
2.584513462
0.6442963351
0.1088589075
0.2505624129
-0.5121361092
-0.02516853274
-0.09889913145
-0.3578950128
-0.1465830904
-0.1138889711
-0.5161019884
-0.5281248689
0.2942285798
0.2523270112
0.2488306553
-0.4740682274
-0.2424019178
-0.4430402428
0.06491309367
-0.1773200361
-0.4241693087
0.2832378848
0.04002966266
-0.1854159759
-0.2617179401
-0.6604521841
-0.3735544831
-0.387062642
-0.4375936039
-0.3278542772
-0.2403916329
0.09749172525
-0.293124279
-0.03903322536
-0.6388474256
-0.255637791
0.3680739694
-0.1422950204
-0.1870479453
-0.3733125344
0.2214069424
-0.4151915208
-0.08516273126
0.1741241883
-0.2085292161
-0.340050891
-0.2285949476
0.008812008891
-0.5057618707
-0.2303023361
-0.4067630032
-0.6321852952
-0.3292192213
-0.106680306
0.05145108253
1.525863642
-0.2473083831
0.3377800673
-0.4897437423
0.05324206166
-0.1229888245
-0.4813875243
-0.4762425125
0.7790787846
-0.0465191232
-0.03190577487
-0.3510945126
-0.3637177408
-0.4462937437
-0.4588828256
-0.07342638839
-0.4911843989
-0.06342470106
0.04717131294
-0.2480984088
-0.6822290719
0.2141710022
0.1970374867
-0.1312885312
0.07038501417
0.8294581458
0.8210980535
-0.02353945207
-0.226681973
-0.3439373568
-0.1908519715
-0.09147652816
0.2068239802
0.09716127645
-0.2983579762
-0.3959725298
-0.1861573966
0.06465650704
-0.1371062385
-0.3580549121
0.2274711074
-0.007556657959
0.1261898769
0.01111982791
-0.4110411685
-0.1193616147
0.7468160957
-0.14324743
0.2175675435
1.214134373
-0.4247731409
-0.2489171458
-0.1917831594
0.2402047899
-0.2019790053
0.8297694884
-0.5476640791
-0.4224018678
-0.5739651412
0.1909437494
0.1500627922
2.272529882
3.842385602
0.5443649963
0.1911496544
0.2264470696
0.03987711584
-0.2300753433
-0.2661852907
0.8080631703
-0.2906639026
0.3342679173
0.2675187776
-0.1477889206
-0.2935489924
-0.2745880896
-0.4040540591
0.3935065027
1.008470826
0.142628648
-0.2978928372
0.08141819919
0.08918172307
0.2364527669
-0.01308956896
-0.08111860789
-0.05608098209
-0.3110737674
-0.07128478321
-0.1118243022
-0.1184806723
0.5823041856
0.1828085172
-0.2744977484
0.03967826869
1.119197689
-0.1209449092
-0.244675136
-0.02155342475
-0.283433564
-0.3654831853
-0.06610541791
-0.338626389
0.1597233425
-0.07817718927
2.587046385
0.6670965023
0.04796094233
0.1300530603
-0.03873104285
1.015436634
2.307976023
1.190538225
-0.1036780676
-0.01130809169
-0.3115850944
-0.17990271
0.1145047111
-0.2743751384
-0.004704813287
0.5052569486
-0.2309089207
-0.01048987396
-0.3566539466
0.7274015889
0.4243752308
0.3346257787
-0.1774869986
0.977047646
0.7245025508
-0.4426821396
0.05901448457
0.09120522505
1.035292499
0.2921660937
0.2999989389
0.1183239306
0.2084461431
-0.05182118388
0.5881283358
1.073635796
0.3600640753
-0.05038159341
-0.2201233672
0.1593856295
-0.1255531974
-0.2706430487
-0.4698810101
-0.4653930284
0.5031693432
-0.5630185962
0.05860159649
0.5353808191
-0.2739302959
0.5031766705
-0.03358413223
-0.1762162765
-0.02311518714
-0.1367471963
-0.04718263904
1.653083986
0.155595836
-0.3377221961
-0.4294056371
0.168231236
0.4052584816
-0.06736149751
-0.5956801713
0.4936685324
-0.04785566628
0.8981793404
1.94565554
0.272468007
-0.3522323303
-0.6469325021
0.1638797315
-0.07859601472
0.7724727467
0.236363266
-0.4755882233
1.096492609
-0.0928151235
0.584388876
0.1336285621
1.828685808
-0.3715071043
0.004110889463
-0.03894188367
-0.1332214667
-0.2211158209
0.9423916727
0.8294678688
0.2366725812
-0.4961487085
-0.2890616338
-0.1110512197
-0.1932527591
0.08222749922
0.1351466993
0.1454315871
-0.2791171135
0.09538912699
-0.1921463529
0.3399434842
0.2412872003
-0.09126860276
-0.1681371786
-0.1866621189
-0.2402274735
0.387422968
-0.5690242067
2.339423227
-0.3035760514
0.1508405548
-0.1974203605
0.03561433945
1.260685267
-0.2044095367
-0.1031036584
-0.1967694584
1.210849035
-0.4551381283
0.3758763298
-0.442552647
0.0753860591
-0.1165039567
-0.4962382689
-0.1952142054
-0.4056447841
-0.0473923672
-0.4585124061
-0.3924897395
-0.2797192588
-0.137568166
-0.3096046582
-0.1428068686
1.148002909
-0.3914914325
-0.144359788
0.8696980521
-0.0353450967
-0.3611644959
-0.616363959
-0.4478484187
-0.6658609644
-0.2046917062
0.4660541639
-0.5173658371
-0.1046023516
0.04970275927
-0.5493682593
-0.1766293515
-0.5577705212
0.9269952282
1.817305082
-0.6371316567
1.083782626
-0.1880983016
-0.7927055508
-0.5209354252
-0.005698802881
-0.2973697897
-0.1499340414
-0.0265033301
0.06382393879
-0.2748036899
0.2509080413
0.1105933473
-0.05615271903
-0.1974900359
-0.3348356105
-0.3271921281
-0.3650700197
0.3310754109
-0.06443027183
-0.1248427197
0.05103176953
-0.1877261251
-0.2684592761
1.360241455
-0.0968189219
0.4746851807
1.499282274
-0.4993702903
-0.3155585751
-0.4678318195
-0.07288441844
-0.1680247638
-0.2685562719
-0.4900710933
-0.495039399
-0.5124119788
-0.6504757062
0.8312069193
-0.4933474571
-0.3278901681
-0.03823358975
-0.419599656
-0.6215063572
-0.5446580917
-0.3079350048
-0.2710613772
-0.02336688796
-0.56132406
-0.6875879377
-0.1277570534
-0.05762233604
-0.2249695554
-0.6651336148
-0.2525893319
0.7585411705
-0.2956260644
-0.001432456914
1.276524399
-0.03598630922
-0.3287092561
-0.0575301446
-0.2582277904
-0.3828592455
1.27147139
-0.4042674504
-0.3405857861
-0.3369126119
0.0511916304
-0.1341851804
-0.2265369702
0.2782480624
-0.03328373693
0.1709443799
0.4113274992
1.195512566
1.60663906
-0.6253576607
-0.5132970288
-0.141034295
-0.02520171138
-0.244805765
-0.2133314645
-0.3386844091
-0.4472750023
0.2046558812
-0.1847109694
-0.3523538861
-0.6372316867
0.2573086238
-0.1810565117
0.0624312846
1.069073943
0.05814510696
-0.5122921124
0.3685930008
-0.133286475
0.1400213794
0.5675887784
0.4619255234
0.06394146024
0.05801574234
0.07855913751
0.04534019995
0.8068950981
-0.3489564691
0.002081825305
-0.2499338336
0.3055636702
-0.04948118627
-0.7463566065
-0.06356203631
0.02213865817
-0.2445715928
0.2887247579
-0.2300653189
-0.2811152402
-0.02741413668
0.0002322198823
2.454336524
0.04948860388
-0.2269416254
0.0827363167
0.03543698946
0.3331155732
-0.5068738405
0.2444848605
0.09895328246
-0.1714950806
-0.2566826299
1.073738141
0.2169790361
2.794514006
0.1227596171
0.1043293489
-0.3433584789
-0.3498565059
-0.174986049
0.2489609425
-0.6353456169
0.08470793441
0.1849454899
0.6292045675
0.7575431379
1.101822713
0.4378990479
0.7229363874
-0.2497968994
-0.3517226845
-0.4801649082
0.3746776907
1.657629912
0.7799990363
-0.1806958243
0.3843179941
-0.224330299
0.1944000408
1.110418949
3.566201091
-0.1208447533
-0.05771802124
0.1163777081
-0.08242295925
-0.108254636
1.145941205
0.6171338692
0.2712053168
-0.3764329612
0.6645707488
1.780349082
1.622108158
0.1036476813
-0.3089176923
0.01922395779
-0.182752952
-0.1499372594
-0.2668915212
0.2294107633
0.3134837225
0.9494960591
-0.5052408084
0.1706115412
-0.1161295817
2.871702209
-0.7124565572
-0.3102613278
-0.4229553506
-0.1559486715
-0.3812542811
0.003954569437
-0.2060469781
-0.1735778753
-0.4093422282
0.6518189613
-0.107998484
-0.5627019882
1.169872391
-0.02078489072
0.2023689328
-0.05974585004
-0.008787719533
-0.3229358047
0.02310296283
-0.1617933244
-0.1805864904
0.01349837948
-0.2412020871
-0.3016044274
-0.2215731469
0.3217103906
-0.3948618755
-0.5427403763
-0.4565701485
-0.5010434166
-0.08238369264
-0.2169706071
-0.4894468665
0.6991324961
-0.4519031331
2.353158796
-0.5018579796
1.873620456
0.3795511313
1.077419239
0.3754357703
-0.2477646047
-0.377820069
1.358776712
0.5633188419
-0.2234727077
-0.3427215159
-0.1782852987
-0.402278721
-0.3546641149
0.006743395608
-0.02882919312
0.2924165439
-0.01386412233
-0.003893121704
-0.06151490267
-0.2524466496
-0.2795552794
1.623048481
0.6737211615
-0.3582349364
-0.05733324829
0.1631992484
0.1181661036
-0.02726212405
-0.0413973623
1.501790345
0.320659177
-0.4919593871
-0.2239034794
0.04268648867
0.2876996042
-0.09595951997
-0.1651727488
0.1696973318
1.206139448
-0.4684267618
0.04324994292
-0.1298680494
-0.3115579511
1.005241801
-0.1847009087
-0.3894566668
-0.4451896876
2.066211247
-0.1956331143
0.08607075363
1.020115867
0.07236162871
0.9596156299
0.2685560437
0.1258241048
0.0956298572
0.5279384464
0.08930579498
0.06841525994
-0.03343302682
-0.6071842641
-0.6382539362
0.3185916634
-0.09562227447
-0.78837419
0.01331440322
0.4149951439
-0.5763889328
-0.2523966833
0.9569847047
-0.2003657101
-0.335754995
1.148736897
1.139772807
1.67286694
0.1060136601
-0.02730843611
-0.433404512
0.4170519537
-0.6415012777
-0.7047361553
-0.83923769
-0.3239655552
-0.3867317811
-0.4630029321
-0.6251784697
-0.1946633384
-0.4252806894
-0.3582287734
-0.2831108145
-0.430601117
-0.570709163
0.7848526299
0.2445513231
-0.07499994356
-0.2041978545
-0.4273217082
2.261579299
-0.5750233844
-0.2998457022
0.8592093885
-0.1621715913
-0.2577837668
-0.4237294093
-0.2024998857
-0.09870724087
-0.1493146516
-0.2540142324
-0.5500562131
0.3265028607
-0.09855958372
-0.3534517832
-0.2154899985
0.04570352407
-0.418442551
-0.19638578
-0.332157143
-0.3947291061
-0.6647302404
-0.4248495445
-0.5517704397
-0.031410712
0.167216384
-0.5431366578
-0.3229181487
-0.5061249077
0.04841637984
-0.06028128061
0.8281525239
-0.06849090494
-0.07764258925
-0.4510180831
-0.2331048355
-0.4887662679
0.2653457935
-0.252558806
1.189136285
-0.2320556723
-0.5044304147
1.425057609
0.08099512877
-0.6089982033
-0.5270092562
1.427329986
0.1411974879
-0.38666628
-0.406279666
-0.183339023
0.04144006195
-0.1539082419
-0.6217757165
0.2334410761
0.008177712187
-0.3338474296
-0.7720919043
-0.4064835325
-0.17593216
-0.6302580461
-0.182108852
1.512931651
-0.3655190762
0.2522849676
-0.6296918213
-0.1914502777
0.4521313414
1.590873253
0.130586243
-0.2762382877
-0.341009238
-0.1205646507
-0.460399083
-0.4789514422
-0.001391095482
-0.3014491232
0.05106367618
-0.6630895913
-0.5222874254
-0.168738604
-0.2156561671
-0.2925237948
-0.4578300405
0.7571367446
-0.6106119245
-0.4763082281
-0.2187214255
-0.4676858947
-0.3455130398
-0.7190568626
-0.2458879311
-0.2939431077
-0.4814346105
-0.3739189098
-0.1829979371
-0.402449137
0.9379895084
-0.1265603451
0.7077114962
-0.3158638404
-0.3606582299
-0.2057855301
-0.1464862481
-0.2020866092
0.8752344936
-0.06765380725
-0.2561340744
1.329473287
-0.3348889908
-0.05311146677
-0.3719014879
-0.1553277354
-0.2152459558
-0.4263046116
0.8022258192
-0.1620162781
1.81608969
3.560661626
1.906276628
-0.1526432482
0.5295079108
0.07403168064
0.670545385
-0.02100588316
-0.04971508291
0.1396557671
0.1856776518
-0.2195686307
-0.2464278035
-0.3042454027
-0.07914403118
-0.3053745944
-0.5150973886
-0.3725715302
-0.1227239681
-0.02239993475
-0.1004052588
0.399071398
-0.2641494308
-0.5413384303
0.05398016255
-0.2593451789
-0.1881368542
0.004163797107
0.1695917249
0.23029313
-0.2696240395
0.1892282691
0.1221942157
-0.03190966435
0.2153243266
0.2073426276
-0.1074206086
-0.2384961132
0.2059270719
0.01775180944
1.264185274
0.893970713
-0.603092175
0.2566890769
1.447712734
0.1149596463
-0.1637678668
-0.3979423702
-0.5116286203
0.2251841078
0.8415705934
-0.3649821408
0.2029917731
0.7154051282
-0.1627367144
-0.3643531531
-0.06249033939
1.035897402
1.207846552
-0.1862197159
-0.03412334267
1.346979803
-0.3140676696
1.998780364
-0.3513093036
1.052053538
-0.4632041924
0.1318048815
-0.1488512901
-0.6824324623
-0.2841121774
0.005875421781
0.7265360162
0.004278467223
0.5426066831
0.57755391
-0.2811281718
0.5010589175
0.2424901515
0.31139489
-0.06822384913
0.336048886
0.6020814538
-0.1596181892
-0.1475925449
-0.1624921844
-0.1470195266
0.3647490693
0.6193201542
0.1483572355
-0.04736540737
0.004198293574
0.5298866928
-0.1105885902
0.7506632484
1.93256883
1.118265939
-0.2097452678
0.5371167257
-0.1248294607
-0.1974008244
-0.1949225273
-0.2385419965
0.9974564597
-0.1901313998
-0.4510001943
-0.08968123505
-0.2967062451
0.1338929798
0.4215647154
-0.3294578664
1.033601169
-0.215052538
-0.5131826267
0.839732638
0.0211962577
0.3081559908
0.1474663099
0.07570452075
0.01285383832
-0.4223373909
-0.1028877348
-0.1214617362
0.08949790327
-0.4094327673
0.06692014206
-0.1738029886
0.1021048475
0.2912602853
0.4562392376
0.4327916972
0.121298719
-0.3908251331
-0.2700066037
-0.5331774658
-0.4471417598
1.325806549
0.02955452437
0.258555621
1.091383657
0.524312719
-0.2275786132
0.2749745399
0.02220731787
0.1541800334
-0.2602403494
1.026515132
-0.2395677732
0.7946702167
1.389414977
0.6585503839
0.6034352377
-0.1450037412
0.2714315338
-0.006723204441
-0.3378203999
1.722298485
-0.574222485
1.648347023
-0.248196693
0.1115063366
0.8593068942
0.1588200532
0.2296937573
0.1258739106
1.199712372
-0.5745823011
-0.4163591102
0.03272058647
-0.2341211282
0.01803707657
-0.4574331738
-0.844151476
-0.2195658391
-0.2136047106
-0.2703756377
-0.4534884289
0.2875072429
0.1472075769
0.1392347967
-0.3697148725
-0.4317139976
-0.348904331
0.2995522119
0.2353520738
-0.2732257321
-0.7066845044
-0.3121905137
-0.178256702
-0.7478989944
-0.1785474397
1.052646065
-0.1657772601
-0.3729976971
0.1772504494
-0.358987199
-0.09098049439
-0.3600852348
-0.373244331
-0.1054264548
3.053862971
-0.4971459538
-0.1800990058
0.1685829798
0.0008809400722
0.3084489174
-0.4356236899
-0.5224864796
-0.01474932535
0.2448546553
-0.2941091396
-0.3018946383
-0.04702791721
-0.5897945046
0.111790666
-0.1673136614
-0.1425444338
-0.4522211157
2.984943402
0.8266388409
0.1333207204
-0.3651608098
0.5276373394
-0.1648128515
1.10584316
-0.5620111465
-0.598411265
0.2165686551
-0.1667797881
0.8443859547
0.7579644255
-0.5380409673
-0.3818983242
-0.1317337822
0.5334213406
-0.06849633351
0.6220206246
-0.3982528031
0.3191188578
-0.4219962761
-0.2152334265
1.173358682
1.711717683
0.7923107997
0.0116980501
0.02738812994
-0.629348135
0.4941208473
0.3559235366
-0.2242261079
0.9391892672
-0.2997310389
2.494746304
-0.5831553802
0.0702083813
-0.07836219268
1.03616282
-0.6239649072
-0.3328726057
-0.5632633567
-0.489153716
-0.5882156774
-0.3253320508
-0.04426552672
0.07097892277
-0.09347200282
-0.3899722651
-0.3153423736
0.8273597419
-0.5967651933
-0.2409328938
-0.3226034716
0.4961828038
-0.6186022624
0.9794173956
-0.3985604593
0.6648459397
-0.2131568987
-0.4563077107
2.389282157
-0.4452751622
-0.3814734887
-0.4169130087
-0.4695399698
-0.8331694961
-0.06789850444
0.8933775127
-0.8002540261
-0.01974293124
-0.5052091159
1.096454257
-0.0265347831
0.03388580754
-0.3938303158
-0.07690412588
-0.3413543098
0.6394617036
0.007295911515
-0.0120797893
0.0297682167
2.346359068
0.4986621253
0.174128508
0.03142615431
-0.153724429
-0.04828114575
0.06229826547
-0.5288766354
-0.2124528913
-0.1786603193
-0.2447913487
1.137918365
-0.1107877171
0.1133556051
0.03351377212
0.472159097
0.9801740408
0.01613903046
0.03405409828
-0.3855367996
-0.3709862547
0.3988718688
-0.1466736231
-0.09352523256
0.1379014283
-0.1690276103
0.8788866431
0.4386470143
-0.06836537123
0.7014612809
-0.4631353214
0.6185989417
0.0137495378
-0.07007106468
0.6364002407
-0.3224125706
-0.2884827389
-0.4171218872
-0.1052908718
-0.2909230385
0.1548938883
0.2819871767
0.2591536615
-0.2080307056
0.3275201385
0.1140761111
2.346604802
0.017126738
0.2623182437
-0.202193848
0.717004168
0.07126842774
0.2666586176
0.7286946096
-0.2008973792
2.05446783
-0.6194240853
1.002977841
0.1413590559
-0.2755747721
-0.4492957503
-0.5465039983
0.4262032108
-0.7092058554
-0.8606736004
0.7111389622
-0.3531268667
-0.09505358264
0.157447096
-0.03909764495
-0.3141663179
0.04102535155
-0.2786773901
0.4477772073
1.130244255
-0.1509362346
0.6158930302
0.0821534113
-0.07319990695
-0.1755886437
-0.03598660771
0.3372270547
-0.2861533713
-0.03010091111
-0.2705034953
0.3770951573
-0.4245166503
0.5790004276
0.4355075251
1.805367276
0.7681349073
0.1501142638
0.5532057079
-0.4819911882
0.05991789009
0.4993409812
0.6826007962
0.7979819402
0.6433988098
1.738411954
3.5218656
1.637346172
1.15093379
1.96710563
0.5195868075
1.100274779
0.7930696175
4.172311127
1.176967778
0.4626341678
0.1182818677
0.6368696116
1.101037696
1.945582229
0.3495096719
1.083835697
1.103471628
0.7640276749
1.660401601
0.4796857418
0.2110380003
1.257414542
-0.2294978496
-0.1014153473
0.2562057201
-0.1945114952
-0.08434703746
0.8455639318
-0.4833347231
0.9678295135
-0.02205410507
1.858593217
0.6769490995
-0.2031348489
-0.2635070864
1.718245059
0.7488790736
1.76900253
-0.4450125746
0.04044262581
0.4397205688
1.53693864
0.09387117429
-0.0876489725
0.01193518918
-0.1120714437
-0.6264908329
-0.3229033336
-0.4387265459
-0.4052315533
-0.247335954
0.1135293046
-0.1946453266
-0.3215442449
1.393358219
1.506890573
1.000722417
1.994149995
0.7599832222
0.5948719308
-0.1778108127
-0.2146005012
-0.1779959492
0.1078357155
0.3867510285
-0.1072371827
1.149150193
-0.4544264199
-0.1186874861
0.1976945765
-0.2892657451
0.124045694
-0.3690803811
-0.2967431642
-0.3960342482
-0.5471830636
-0.307466278
-0.1760878157
-0.4681728527
0.4187343329
2.1504842
0.8431567132
1.279584944
-0.05645367038
-0.5067306668
1.287260984
-0.2490559272
0.6187365957
-0.01687898077
0.1189657948
0.2587069028
-0.03857608959
0.01407761946
0.1243999118
0.5253353521
3.66597544
0.6217505872
1.893714374
-0.1790083157
-0.1224778768
0.82897048
1.543795776
0.7899028644
-0.1026019972
-0.2201317149
-0.3464297816
2.047052333
-0.4428405754
0.2997026175
-0.435083659
-0.4516982809
0.01169368252
2.322109592
0.2094413225
-0.1393263128
0.3787365743
1.18223902
0.3150548259
0.5830253579
0.4204184873
-0.1313414779
0.5353431519
-0.03915509791
-0.2781622656
-0.07986771986
-0.1516167404
-0.5263665527
2.209340963
-0.0419355059
3.00006566
-0.266835542
-0.5883689612
-0.8237797648
0.07735569254
0.2033566203
-0.2163534962
-0.1784810195
0.4465550179
0.6061037958
0.005767339421
-0.2010298703
-0.6611345187
-0.4836631253
-0.1586553744
-0.5652674437
-0.02536057113
-0.2660503498
-0.1806318285
-0.4533306673
-0.6336515442
0.3648531068
-0.473621355
-0.595323357
0.1820042366
-0.1648074612
-0.1843365186
-0.5406898066
-0.08280101661
-0.3232722899
-0.001425903291
-0.1045357965
2.107744569
0.6366391454
-0.1205724966
-0.2879567128
-0.4563457087
-0.2060104161
-0.475785064
-0.3640206635
-0.08330207057
0.2359660231
-0.1143174451
0.8891994551
-0.467804125
1.791778722
0.1084616472
-0.01365087871
-0.4455404669
0.9331112195
0.510416045
-0.3305606131
0.988813439
0.3921495011
-0.04987508804
-0.1875620946
0.4922170045
2.411489791
0.0399031017
0.01146760639
-0.5895214021
2.196231642
-0.3454711027
-0.2362320816
-0.2464948973
-0.1559288567
-0.3009977838
-0.2405022243
-0.7223761231
-0.1652170883
0.5601258781
-0.2535651077
-0.3637356982
1.146628144
-0.5060973391
-0.1636565775
-0.4360212222
-0.143679475
0.08814719759
0.7776460007
-0.02099647503
-0.3108124088
1.222231591
-0.72865071
-0.5366588324
-0.7196303934
-0.6033609107
-0.09703949075
-0.1322199548
-0.4815418333
0.1590705813
-0.2282136895
0.3123025135
-0.4336813733
-0.4333448865
-0.728300634
-0.185438112
-0.1182787158
-0.0599357564
-0.06060572378
0.2589167991
0.1351167471
-0.3518880315
-0.1108514795
0.1579935331
-0.1052115548
0.1625074998
-0.3598864958
0.5712617762
-0.246163873
0.2562178718
-0.3651055992
-0.2565614745
0.3289006997
0.1585556062
-0.05895795263
0.2505882684
0.150625251
-0.2140785725
0.1484052805
-0.2311865849
0.206387007
-0.252053548
-0.06697409581
0.2941346812
-0.04831635561
0.01331365039
1.42947655
2.623236886
-0.3698348626
-0.3890422113
-0.1900082823
-0.367679402
-0.2206035592
-0.0273487756
-0.1654307324
0.1326998121
-0.06216178685
0.4766613832
0.3500579022
-0.5014256768
-0.0008942820132
0.48833552
0.3048720355
-0.4502002712
0.524552083
0.3389966441
0.1240775716
0.2975293815
0.6830386385
-0.2414598851
-0.2673203412
-0.1016103193
-0.1661308385
-0.5308398217
2.203543717
-0.1939962853
-0.2128332227
-0.09896253869
0.6131713584
-0.3658372565
0.06551702842
-0.4482625708
-0.4243932717
-0.03745058794
-0.6783338666
0.2664706017
0.8470249578
-0.02423952073
0.8305979401
-0.3475329623
0.3382515319
-0.3944262728
0.3136463501
2.146764559
-0.3221510049
-0.4236950994
-0.242043659
-0.06041584909
-0.3439668391
-0.06647191579
-0.2540013067
0.1248982769
0.373962824
1.17324295
-0.03521733508
-0.1652931819
0.8432549074
0.5375463679
-0.3719124079
-0.4323492333
0.09633030673
-0.09404582549
0.684956111
0.5344365081
-0.5280123621
0.1207214173
-0.3279878166
-0.3144643009
0.2017820482
0.05054109432
0.04152120012
0.8518311409
-0.1772691339
-0.5268305361
-0.388301532
-0.5099067248
-0.156122414
0.2336971507
0.3527076393
-0.1919082168
0.8424504936
1.889171222
0.7646461323
1.626427442
0.2714546546
-0.2973883148
0.04121979233
-0.5742845729
-0.1438322883
-0.4924713045
-0.6826376349
-0.3009828568
-0.241324468
-0.03609219105
-0.284407389
-0.2974009655
0.3367543411
1.025387242
-0.2932691723
0.09143551975
0.1730470533
1.873854712
-0.3415269881
0.1408554848
0.0553251937
-0.4411314428
-0.5022479966
-0.2585925873
0.6010098077
-0.138068945
-0.4162509255
0.3439345485
-0.4273527384
-0.225856607
-0.2885201931
-0.391570016
-0.1632697359
-0.03861052319
0.5989834785
0.5024092056
0.2607356599
-0.182258535
0.1103241746
2.542597336
-0.0916243
-0.06507933885
0.7746702835
-0.6640685856
0.6749440804
0.6913117319
-0.02778726667
-0.4241351347
-0.08239232379
0.2200611532
-0.1342655167
0.1125996635
0.1140100076
0.308104503
-0.07841488374
-0.2198787127
-0.008083399897
-0.3509545047
0.01720784137
0.7964704268
-0.3483799528
0.478531752
0.1948256241
-0.1898009315
0.648063891
0.05822473112
0.01454890911
0.7193171963
0.06812618636
-0.3690435577
-0.6393381298
-0.2679570891
0.3423926551
0.04315314828
0.4749222096
-0.2757583928
0.9883439004
1.312296891
1.300330964
-0.1902844233
0.1741175216
-0.3289741382
0.04327987256
0.4916581407
-0.2855719
0.2454508644
0.9999816969
-0.275279057
0.6407397233
-0.8822443664
-0.7604029745
0.3416367661
-0.3080873379
-0.2862060875
-0.6411528811
-0.3975279357
-0.4001560494
-0.2966421951
0.002225750312
-0.5466436952
-0.05614570491
-0.280044538
-0.428971836
-0.1261536948
-0.1939732824
0.01308779754
0.2148320224
-0.1406096045
-0.270412422
-0.3719112176
-0.1061581196
0.2937683497
-0.4701988727
-0.5067445934
-0.1487600216
-0.4736583613
-0.4686264232
-0.2631825902
-0.2807289287
-0.5029864445
-0.3763038119
0.680224216
1.914836083
-0.1207471734
0.07778593749
0.2752451141
-0.472152026
0.1049138275
-0.31381994
-0.5992549874
-0.2228753805
-0.4026357912
-0.3147514865
0.05454297317
-0.5559468865
-0.4699229673
0.1252611734
-0.8656115144
-0.3103153363
-0.1991168477
0.1571235467
0.08990453836
-0.1956897713
-0.09800420292
-0.1156549148
-0.4305596024
-0.3802760258
-0.5198539808
0.3116638344
-0.2281205978
-0.2602234909
0.03083434664
-0.2758576598
-0.8372804016
-0.2176700957
-0.5189263135
-0.623678644
-0.198126474
-0.3604814611
0.388240565
-0.4005230337
-0.6192969784
-0.4217404658
-0.2069101596
0.32764479
-0.4646243207
-0.3069415174
-0.07279626317
-0.3323196627
0.04655001126
-0.2052779086
0.1392851755
-0.4922203407
0.2113528218
-0.3508700535
0.01220525876
0.002407225966
-0.5506270319
-0.3036610186
-0.6623510599
-0.7853044838
1.295260033
-0.5934881493
0.8947800979
-0.2230955601
2.575373927
-0.7690738022
-0.2210551005
-0.4710508958
-0.4292796539
-0.3719737783
1.603582383
0.2072263942
-0.7460949808
-0.6095081031
-0.1766970119
-0.5951935038
1.953218277
1.162203576
0.05401533544
-0.1459445816
-0.01078094859
-0.6420183539
-0.06115363166
-0.4210955665
-0.5833100319
-0.3617785878
-0.391021141
-0.2595659766
-0.6125384077
-0.6641008124
-0.08625796791
1.044902196
0.02755987439
-0.7196113572
-0.4818532884
-0.3907467943
-0.3908134386
0.4016364666
-0.2835625827
2.476723483
0.2069727968
-0.5443769202
-0.1015621392
-0.5315423407
0.8776813284
-0.5262223899
-0.5441172734
-0.07974834312
-0.5817989618
1.028396186
-0.1146865847
0.2725495245
0.03468427649
0.1606652241
0.3321671382
0.08293656409
-0.2083660688
-0.04872177728
-0.4089577638
0.6148938907
-0.1811461587
0.1011098035
0.4490398183
-0.5950420663
1.27900489
-0.5092748523
-0.4142102703
0.03257262968
-0.03685940169
-0.4025255846
0.05071570054
-0.5791827068
-0.152484365
0.3611515391
-0.4685975105
0.05417552646
-0.0510917637
-0.4187247165
-0.09068295956
-0.4660975665
0.0134009311
-0.656491293
-0.4697544463
0.07661797339
-0.3937106587
2.527099109
0.1361866388
0.3330922304
-0.291187115
1.454323915
-0.4621728096
-0.1037301283
-0.2233644955
-0.6233922094
-0.5294167966
-0.1597144868
-0.02846682407
-0.4459760062
0.3287485735
0.4634364313
-0.1353396812
0.1566303828
0.7974695295
-0.1189314303
0.6803326949
0.1261905584
0.9067632034
0.9683167665
0.2246608037
-0.5614962578
1.31257948
1.050517282
-0.2574996412
0.3612000061
0.2316218549
-0.2939896449
-0.1410280575
-0.4609911427
-0.4786457404
-0.50845837
-0.141434719
1.671274439
-0.05533632394
0.8541592009
-0.1695777662
-0.3770264149
1.384416332
0.07548437081
-0.4118213609
-0.4905573443
0.1948510937
0.1785080438
0.1930936747
-0.2392512277
-0.5118839934
-0.5130549297
-0.002575709857
-0.342729196
1.219571456
-0.005818091147
-0.4366850801
-0.3642193791
0.2830193641
-0.1463335214
0.8646528341
-0.3265952419
0.0960314516
-0.3387003163
0.09630920487
-0.247606684
-0.4346110955
-0.0762550991
-0.06208262816
-0.2327601877
1.6888722
-0.2270122306
-0.3477035817
0.8819158882
-0.4566026121
-0.7322828382
-0.04107844196
1.473518112
-0.577391538
0.4469850298
-0.1277308263
-0.5183602303
-0.4698993899
-0.4738483563
-0.3241216425
0.3220127447
-0.2993802063
-0.3415695459
0.6851728186
-0.1180909732
-0.3795370948
-0.2229049786
-0.5637646824
-0.4013797611
-0.06095363349
0.341056452
-0.2073160161
-0.2763020248
0.5276001982
0.0843887995
-0.1681767732
-0.4324563876
-0.02975537814
-0.03104051575
-0.4613639057
-0.2542833097
-0.1426107427
-0.2244400971
0.2576976107
0.5780628711
1.887903664
-0.2061859529
1.871806167
-0.03311212361
-0.5271449536
-0.4545203656
1.232787225
1.089704537
0.8046650478
0.08689207956
-0.3525777735
0.02742489185
-0.4719862938
-0.3138105877
-0.3467239235
-0.2702926749
-0.3710011728
-0.3104198284
0.1878422958
-0.1971640365
-0.4471270725
1.424972203
-0.03208255265
-0.2158547696
0.2844174489
-0.333181984
0.01697070291
-0.574216263
-0.2948798034
-0.1648800191
-0.5113310963
1.909049682
-0.3290330309
-0.313856104
-0.3557510398
-0.01038617138
0.05048406594
-0.5750917852
-0.7349732876
-0.3544541385
-0.2865913738
0.5528913587
-0.413741006
-0.3211912103
-0.4911606461
-0.07699361984
-0.4486008782
-0.1982731206
-0.5138747558
-0.4237611916
-0.03062607562
0.07151428862
0.1476454865
-0.1401284846
-0.03152498472
-0.04228733396
-0.2517004911
-0.3602941997
-0.4566723242
-0.4679596782
0.1376771765
-0.2555357937
0.0299783404
-0.3642511964
0.04342280002
0.9555697978
-0.3733650431
-0.7788080722
-0.4869926974
1.304843086
0.2283416506
-0.3305918348
-0.6380524293
-0.04278072668
-0.3664358031
-0.2907548837
-0.00386332646
-0.3966528386
0.6169927895
-0.4842533305
-0.2295228034
-0.242867693
1.874315909
-0.5091693595
-0.3244126033
1.009266512
0.977131398
-0.2985241432
-0.4038014323
-0.4371978655
-0.6353927135
-0.5911813587
0.3462009482
0.2886335626
-0.2888387248
-0.2135620054
-0.4105017267
-0.5058442391
-0.5292329773
-0.1542177949
0.6793413699
0.2371395194
-0.09977495968
0.3803830411
-0.6274631485
-0.2401982456
0.4591147125
-0.3635030217
-0.5510099143
-0.1409065226
0.7619422391
1.119512425
-0.5829774842
-0.6562165797
-0.4339507535
0.4827695463
0.4465967543
-0.1513279138
0.2996882203
-0.4714677714
-0.1806013241
-0.1729392938
-0.549630107
-0.285450637
-0.4225742169
-0.3743882895
-0.4962638125
-0.4381457932
1.487558496
-0.02869389467
0.1076392012
-0.5835468188
-0.3564884305
-0.1879310254
-0.5238007426
-0.5782180637
-0.3322201599
-0.6724485055
0.1114517304
1.184057921
-0.2440934174
0.4705103651
-0.02413397133
0.7004926011
0.1700559631
-0.1790984359
0.1134243872
-0.3165503658
-0.455365032
0.03664403073
0.04369645175
-0.4449242411
-0.008559286688
-0.3122688953
-0.2986000348
2.165437952
0.09600297278
-0.3623158
0.3652714215
-0.3598442216
-0.07924864516
-0.05192916226
-0.2282244164
0.04665162042
-0.09934139736
0.5810962453
-0.6366113499
-0.5852633521
-0.04341965932
0.1152080266
-0.3819496106
-0.5876519442
-0.3750612386
0.05180557463
-0.3194933463
0.04672278408
-0.5774194315
-0.485311491
-0.3057345368
-0.2102928258
-0.5826375768
1.176009625
-0.3471775999
-0.2481720455
-0.3233492438
0.02675389722
-0.456994985
-0.04487866862
-0.09002636224
-0.2050809243
-0.2601715796
-0.398286745
-0.5300069287
-0.4918834478
-0.003229855746
-0.09698479287
-0.2614021938
-0.08711844059
-0.3146971216
1.251542768
-0.2404761419
-0.6675182953
1.710809609
0.1784686239
-0.4813484296
-0.3787295535
1.147963256
0.06630676715
0.3947480326
-0.1882437985
-0.281777771
-0.3092533384
-0.334421628
1.352200425
-0.3340850756
-0.201505477
-0.5118997525
-0.5406585872
0.3036433503
-0.3269627344
-0.7998404741
-0.1535797982
-0.2122875592
0.114307159
0.2396469655
1.57560586
0.9125554264
-0.2059055641
1.149377763
-0.02133023296
0.2746564836
0.1097826737
-0.535014154
0.4157450151
-0.07891291268
-0.4724682704
1.038965267
0.1455289377
-0.3171625182
-0.1918451767
-0.6994406074
1.522409911
0.2827816635
0.6520189032
-0.1388279188
-0.3044737257
-0.6098850287
-0.1861135995
-0.4110739693
1.422374556
-0.1644913634
0.05152577879
-0.2396552496
0.2298118752
-0.5140026733
-0.5233143076
0.3239608087
0.6396032395
0.4859708279
-0.2230607938
-0.2360798351
-0.2725374293
0.6412159063
0.04658069201
-0.5579596832
-0.5822420195
0.1395788999
0.04234666415
0.2247404389
-0.03825851241
-0.4480614252
-0.5489661098
0.1049727557
-0.3273791729
-0.4290849581
-0.5188982263
-0.03251159899
-0.3958943084
0.2431976195
-0.06697245864
-0.212761539
-0.4006567536
0.9376953632
-0.318196886
-0.7511106372
-0.5104877315
-0.08682278814
0.2712758755
-0.5853381529
-0.1064988051
-0.2905652774
1.499422804
-0.1807695175
1.205164555
-0.2112225385
-0.2830975834
0.7213291675
-0.1754966803
0.983222869
0.4133914888
-0.1212964661
1.550665957
-0.05892071221
-0.1336697292
-0.136214231
-0.3752414793
0.9170626789
-0.03905822923
1.283661708
-0.3191932753
-0.3160373144
-0.3894942716
-0.151145497
-0.05043141078
0.6163985878
0.4050096773
-0.6120826796
0.6377084762
0.2676207177
-0.144710541
1.032829142
-0.3354343945
-0.1373907715
0.2723581512
0.4011811228
-0.3504838657
-0.5601198077
-0.3627804237
-0.3383809164
-0.1847149424
-0.1705837747
0.773888737
-0.05678755851
0.0840562555
-0.07924999166
0.3175145783
1.185246485
-0.09084781315
1.361166668
0.07449269826
-0.2710215065
0.009618099127
0.3260732219
-0.2568833545
0.3429614991
-0.1479524955
-0.4463973731
0.1623769653
-0.1461903704
-0.1822598524
0.06333877379
0.720063062
0.2778598772
0.8520263878
1.062896794
1.342105535
1.438008943
-0.4059669137
0.07001036424
0.9933533549
-0.02179075535
-0.287101803
-0.4108008006
-0.5060507014
-0.1847014716
-0.3037093867
-0.148210585
3.580183899
-0.4777895845
-0.4697927598
-0.3635847241
-0.08347715556
-0.4798990525
-0.07702770829
-0.1233614242
0.6740739323
-0.08640269432
-0.4699020118
0.02164125852
-0.1733342461
0.008902924508
-0.8435795546
-0.4708254814
0.2272541771
1.380282352
1.7967343
-0.58419891
1.024571472
0.1506367621
0.007931829989
0.1080651834
-0.6684675872
0.003082254995
0.01061200034
0.3106582159
0.1781765418
2.247021109
0.9797287762
0.165966793
0.171548273
-0.3893262912
0.05222007968
-0.1798795853
0.04656091072
0.07927830331
-0.2161368281
0.26594987
0.5768969223
-0.1542287387
1.548383352
0.0212987815
-0.4734733999
0.6678658791
-0.4248072451
-0.1045233453
0.802479437
0.4938751109
1.378526936
0.2042011134
0.374869732
-0.0487367725
0.02792490502
-0.4634895131
-0.09245288614
-0.03339158613
0.2595799739
-0.6350606531
-0.01903995415
-0.3239866067
0.0534767298
0.3951698557
0.1218653211
-0.3138353325
0.1940791271
-0.4631080464
-0.2004011318
0.2590230736
-0.3443889283
0.03167047314
0.2772930976
0.8765950203
-0.08372283503
-0.4320728876
2.589174286
1.62665112
0.07432825072
-0.1623137046
0.6779236898
0.1262598239
2.847020033
-0.506962131
-0.480929327
-0.2014648609
-0.07646049894
-0.009843071736
0.2058612476
0.6827693194
0.5649813764
0.4871438779
0.0670036573
1.475314072
0.04500455149
-0.3905527972
-0.0239355769
-0.404531257
1.503387398
-0.04438245464
-0.5820844933
-0.2260485386
-0.6332127422
-0.7636179835
-0.574519147
0.03794927178
-0.4982136503
-0.03815416489
-0.2645471489
-0.1635451136
-0.543951571
-0.1083437536
0.007771119475
0.1287830139
0.2024474436
-0.3081649475
0.344873669
-0.00221064752
-0.1645672895
0.4395011902
-0.1103027382
1.055923763
-0.1532902427
0.04280693103
-0.4134365067
0.02244720012
0.4104425553
-0.1654437255
0.4236579657
0.1453212678
0.3207262548
-0.2105341002
0.6367774785
-0.2311142711
0.1029246766
1.778147477
-0.3382448014
0.7368288919
3.219703376
0.4677612282
0.4283673402
-0.09945275262
-0.2778568045
0.05672968854
-0.3376383431
-0.01517931609
-0.4601728123
0.05701558422
-0.1753088942
0.2380068614
-0.2789780121
-0.1281130448
0.2412667821
0.3651976489
0.1489125123
0.644029206
-0.1546428821
-0.3713990079
0.4948761344
-0.06680670418
1.656477457
-0.1157167406
1.747093445
1.138606736
0.03770449664
-0.6055605739
-0.3640734904
-0.4622518703
-0.1612293608
0.6857489608
-0.1464909345
-0.4248228639
-0.07258390998
-0.02916194499
-0.2801887772
1.275507778
0.6727037901
-0.004612840153
0.3774746076
0.07933922298
0.05577250971
0.05731898025
0.07560932813
-0.1852477293
0.07155210115
-0.4615275103
0.04007510655
-0.489061752
-0.1917050536
-0.5225655079
0.1395215291
0.2538745681
-0.005759690329
0.4174076963
0.1946386232
0.9648773402
-0.62889155
-0.4883004799
-0.06856287885
0.2101173566
-0.005530618131
-0.2957625017
-0.004291833565
-0.4098312601
1.079435516
-0.5483389199
0.7336190462
-0.3926167116
-0.7210543409
1.0681292
-0.1495707541
-0.208645072
1.702195171
-0.1308467214
0.3847169243
-0.1682645846
0.02879887931
0.04826505119
-0.6549353614
0.1718871212
1.101117902
0.1439037685
1.79357903
0.2597125795
2.629338449
-0.06446334664
1.761253202
0.1253928207
0.3033973184
1.02174263
0.2123014234
-0.05717832744
-0.1823888993
0.4669424709
-0.3259338241
1.290911385
3.013496953
-0.1961683039
-0.07373053096
-0.3447435193
1.258410895
0.760948956
1.113903415
1.333803803
3.834962669
-0.4754397996
0.09943088512
-0.5488639623
-0.125508053
1.181933305
-0.3050481334
-0.3136165746
0.5215783298
0.2277129957
0.1111560948
-0.194745104
1.116918352
-0.2014710331
0.6942016006
1.064261256
0.4480235215
0.5427517876
0.06685224194
-0.3133108839
0.1778300206
-0.373365815
0.3243181558
0.3115518408
0.5701696575
-0.2810309429
0.4000236627
-0.2928501174
-0.4687713161
0.01653513946
0.9010000318
-0.1254715599
1.397478184
0.3076576814
-0.2437203007
-0.2330227885
0.06321368311
-0.3205896199
-0.08765605316
-0.3726291154
-0.5567138419
-0.07546104034
0.2519278251
-0.5785785392
-0.4643970713
-0.1389321089
-0.153328936
0.07470437959
0.4342335554
1.540025729
-0.1668681622
1.886751658
-0.05747581534
0.768921525
0.005231996346
1.356354666
-0.2567691801
0.1141691905
-0.1653083649
0.5959645554
1.6014714
0.2669344394
0.9036861658
-0.6833579585
-0.00801334884
0.01915815212
0.1340971593
1.021897819
0.5582084477
0.1942906948
-0.1268534512
0.1056702936
0.3046963613
0.4762825616
0.3574424639
-0.06631687265
0.153081242
0.2354587427
0.1917803962
-0.2006974041
-0.3498195987
0.08956731847
-0.4316158548
1.816554177
-0.2657560974
-0.07233447777
-0.1467140937
0.1470546346
-0.05450326544
-0.6353388727
-0.2716187455
0.4216783084
-0.3866592169
-0.4829467736
-0.5888528988
0.1745290036
-0.1364575844
0.1879895953
-0.211412216
-0.4591049064
-0.4392488904
-0.3517535094
-0.334882988
0.1582094552
-0.052033854
1.85976468
0.9802031875
-0.2275263965
-0.2518679764
-0.3114781463
-0.3353956772
0.4343934398
0.2044658948
-0.6557669818
0.008557939809
0.887230885
-0.2936590824
0.001401303057
0.3959968988
-0.3600520656
-0.2337665763
-0.3640203238
-0.5334618792
-0.1784736823
0.2453043584
0.1280678122
1.496255571
-0.02672450896
0.1682893153
-0.6714555502
-0.06222310737
0.6502879843
-0.2607628673
-0.247751839
-0.03312656842
-0.6770711049
0.4576321989
-0.5622821108
-0.2464743908
0.2035158642
0.8077448949
-0.1397218512
0.5196377233
1.596083111
0.02315959213
-0.2313726369
0.3450639904
-0.3342923142
0.524691686
-0.3154059939
0.1142201372
-0.649558109
-0.2583235927
-0.5180507176
-0.04031445198
-0.2375046438
0.3674041505
-0.2844515763
-0.2928908166
-0.3121270232
-0.3523152284
0.06204265668
0.9216332868
-0.3485060364
-0.09434559233
-0.521690385
0.3155817181
1.325325596
0.6326790549
0.03413996212
-0.4283010542
0.0527732078
-0.4026268438
0.08331402559
-0.8313122809
0.7831971087
-0.04907948356
-0.3605827583
-0.1859200034
0.4298944265
-0.1629070204
-0.4327764213
-0.598834984
0.08614194905
0.4297493104
0.8011205435
-0.3687402435
0.2407492768
-0.1860306947
-0.1994327318
-0.05742937699
-0.3818071648
-0.5169981718
-0.06260273927
-0.3245332848
-0.4232721478
-0.2398893166
0.05395910703
0.2984386602
-0.2101401933
0.02361352695
0.06993962787
-0.3514267482
0.4592529266
-0.09749805257
-0.08517957246
0.2205818121
-0.4761893582
-0.1819881012
0.1590264261
2.524431425
0.06275676172
0.580007112
0.04323311709
0.0410668524
-0.4974069811
-0.2602909719
-0.003786333092
0.04099256694
-0.2783653256
-0.3937076319
-0.4124169245
0.8309548527
-0.1251901861
-0.4506217033
0.7616520315
-0.06837465391
0.4489613332
-0.2874242711
0.1347893142
0.3436650388
-0.2297778364
0.6882981613
0.01269388599
-0.7477071315
0.01742110029
-0.02899257476
-0.1697639573
-0.04844721016
-0.4320038553
-0.2526549637
0.6958654873
-0.06927817883
-0.09858275689
-0.2450727498
0.03888033153
-0.4145910207
-0.421644306
0.4666367214
-0.1318994053
-0.2267596157
0.1287108419
-0.6269652113
-0.2675791971
0.5035034545
2.671522827
-0.1774607707
-0.3111505473
0.1028387301
1.053048076
-0.4561992042
0.2437777704
-0.1443821019
1.006376145
-0.2814068954
-0.3463966459
-0.0621088583
0.06174100656
-0.234067034
-0.6623468325
0.02030553855
0.01377233397
-0.2308321003
0.1490656692
0.5701275192
0.1294550463
1.360521644
0.2156206584
0.9782154202
0.1237959681
-0.2251461107
0.005471287854
0.01243667761
-0.354754293
0.5610342402
0.3250774325
0.6147159174
0.3795681439
-0.1696726251
0.7714631587
0.6803699234
0.6587374389
-0.1754519964
-0.2576817121
0.6745496104
0.1303538941
0.1596205097
1.160414237
0.5289744548
-0.2640536632
0.1299549849
0.5681844588
0.4731445655
0.09592628889
0.5958058644
0.8418194875
-0.04152557477
1.33290211
1.487295911
-0.2673276069
0.2091980098
0.2167321071
0.1073317908
-0.6064051926
-0.3172107793
-0.1560836652
-0.01261553988
-0.5827691168
-0.3492545784
0.7827014148
0.04728152836
-0.1543681002
0.02908937894
-0.1485789208
-0.1584991537
1.079779449
0.05840000445
0.4520865599
0.08550994173
0.2110314421
0.7227507584
0.04953485169
0.1902756939
-0.168160875
0.02144035026
-0.3426583655
-0.129976006
0.02492409013
0.4178064603
-0.124120895
-0.2714662189
-0.4666342735
-0.4957359105
2.43879869
0.2300075924
-0.4473276988
-0.4335361183
0.7923271134
0.5569880582
0.6321441144
0.4297824983
0.2369471832
-0.4288776098
1.253311892
-0.2391499568
1.01583387
0.1394967306
-0.3188810268
-0.03962405776
0.05426209392
-0.6659184247
-0.5458593503
0.2933258984
-0.01674198769
-0.1144030929
-0.5620921463
-0.3448502634
0.8691823572
0.02663638396
1.121644169
0.02480354104
-0.2345774072
0.197388324
0.4378734052
0.2859848829
1.463604522
-0.1255082577
0.005079286359
-0.6034251511
-0.1534569129
-0.5703680009
0.2987436544
-0.1961132896
0.2169391226
-0.1914997883
-0.2013462922
-0.5134102024
0.558900987
-0.3784683459
-0.05131022362
-0.08839228004
0.08270398118
-0.2278385816
-0.1956007481
-0.3869087242
0.7459630817
0.5757883102
-0.01403374113
-0.005107736681
0.8517628148
0.1544471433
0.05740133608
1.758822966
0.1129382887
1.067403613
-0.4529478237
-0.4323784992
-0.6208947495
0.08320349781
-0.06054612268
-0.6099302113
-0.453076154
-0.5185619891
-0.5428485692
0.07531954532
0.5190429188
1.093862459
-0.1894868508
1.457862701
-0.7818165243
0.1174283085
0.9477757897
-0.4907316908
-0.2654811695
-0.4592325211
-0.6233810827
-0.2338242721
-0.4779227726
-0.4388225943
0.01312509626
-0.3111788761
-0.3410426479
-0.3278259836
-0.4438679695
-0.5775933355
-0.2121315893
-0.3237587124
-0.09895830117
-0.3103556328
2.008224494
-0.1646031457
-0.592112568
-0.5410546482
-0.3949442022
1.540714428
0.4101559497
0.8128119022
-0.4780829169
0.4879578408
0.1137305445
-0.2449709736
-0.2305482792
-0.2859692008
-0.3837518483
-0.3727900811
-0.5759995148
-0.2207177129
1.114630893
-0.6063111693
-0.1350663209
-0.4868227467
-0.4734341279
-0.303774282
-0.2828864403
1.698684399
-0.6077409714
-0.2446601073
-0.2355648972
-0.7148518622
-0.5093813747
-0.2370459314
-0.5932663769
0.1747071682
-0.4232026149
-0.3112746745
-0.6053410247
-0.06696042065
0.06932373582
0.2544429895
-0.3668134443
0.8258366475
-0.3431348242
0.5982104063
-0.4251734152
-0.1351927166
-0.1206594007
-0.2616655719
-0.06685522376
-0.2241889761
0.06485207202
0.12603024
-0.714456448
-0.1383983079
-0.7000681728
-0.3154410057
2.05920261
0.259782974
-0.4456150629
-0.5601564214
-0.6290608287
-0.5762796015
-0.3619991049
-0.237275885
-0.07816854008
-0.7234265372
-0.2772595793
-0.5864709631
-0.1863205783
-0.3265269458
-0.4334788114
0.5586097043
0.6749709316
0.142980268
-0.5045652881
-0.5622887239
-0.5832107693
-0.5008291289
2.151988062
-0.5725101128
-0.2150263438
0.006108462322
-0.5697469577
-0.1566063954
-0.313527789
-0.2430838756
-0.2883979455
-0.2430774912
-0.3690309539
-0.2237102285
-0.5152442962
-0.531186536
-0.3400892213
-0.1852065658
1.399571729
-0.4529959187
-0.389813963
0.1695168894
0.06869959524
-0.3794259928
-0.1921831083
-0.2933460344
0.8247201078
1.22592605
-0.2753018901
-0.4606842875
-0.06658793427
-0.1795447502
0.4322990466
0.1893061358
1.005850047
-0.08964435477
0.2615903667
-0.4840718657
-0.1562645659
0.196917481
0.2456238966
-0.2549866587
0.1015522787
-0.3696477644
-0.3354639504
-0.3948042504
0.06628886145
0.2743679872
-0.2957085021
-0.4092526238
0.6302249117
-0.5699566975
0.6209285557
-0.5235929966
-0.4155169241
-0.4883308426
0.3538274735
0.6003168799
-0.5114913471
-0.2065202866
0.172891367
-0.4868830368
0.2584427673
1.139998441
0.6098783221
1.047165583
-0.2537904773
0.01184611407
1.804291162
-0.02583701415
0.3299176428
-0.2115379531
1.077261904
-0.1942341333
-0.1207066709
-0.09503507377
-0.1937097777
-0.6432507008
0.5001321949
0.1047205541
-0.2555770151
0.4910957124
-0.2042084396
-0.1837911043
0.7455345538
0.504412511
-0.05448066238
-0.3197465945
1.771055329
0.1652889085
-0.189055858
-0.1374193251
-0.3245851922
-0.6024617642
-0.331556686
-0.5237417102
-0.1808890172
-0.3872734062
-0.1901815467
0.11655563
0.02451016661
-0.1749563882
-0.307949106
-0.3422458503
-0.4952598527
-0.2880135916
1.133359528
1.158953537
0.1638079155
-0.3266830571
0.03429813553
-0.3100406462
-0.4588722199
-0.1698882896
-0.1664084658
-0.4327258404
-0.4588631004
-0.3949667081
-0.02360631577
0.1910450956
1.609787553
2.188946322
-0.01040134593
-0.2486996561
-0.2491833914
-0.005365998182
-0.2011932869
0.1018584241
-0.4305362672
-0.1811418154
-0.0598267585
-0.7812647104
-0.2525810845
-0.7706371814
-0.2724059969
-0.2433894601
0.1763469346
-0.2445560943
0.5436902089
0.7812479705
-0.5194158539
-0.6832101464
-0.1859780755
0.4716739431
-0.06753972936
-0.4728723988
-0.1704788998
0.1016419336
-0.2575304825
0.02662669569
0.0746260643
0.5545416037
0.1995235721
-0.4210268319
-0.3238381792
-0.3441571437
-0.3576885566
-0.5320162311
-0.4764945731
-0.6431122854
-0.3550718717
0.4666067716
0.1149980813
-0.4037813649
-0.4756570637
-0.2613372825
0.6190409116
-0.1486289105
-0.4192289636
0.01486759037
-0.1939549735
-0.4548287749
-0.4314636886
0.08019297533
-0.3912067473
-0.4059086144
-0.4643128891
-0.60542797
-0.1004916269
-0.5727970526
-0.6656190217
-0.06194679216
-0.173827059
0.4628369953
-0.6110695928
0.2668037583
0.7137959294
-0.2475926571
-0.4772800639
0.2312724855
0.002219203115
-0.541739513
0.122321097
-0.5540824741
-0.1722538801
0.5659462765
-0.5223250479
-0.1981936293
-0.6196992755
-0.4410395257
-0.2721889824
-0.714640069
0.7470082968
0.1379043233
0.08154005073
0.2526733819
0.003069878137
-0.07738075424
-0.6882108152
0.3412328128
-0.4657567106
-0.1724271791
-0.2719266467
-0.3355411664
-0.2962573338
-0.6145752594
-0.5381226838
-0.8476728022
-0.5007543877
-0.1849884442
-0.1610425939
0.04677083241
0.1398521835
0.2124946669
-0.08946840884
-0.02309809849
-0.3023845166
-0.675033471
0.708156693
-0.541236183
-0.05488271168
-0.3382167935
0.6458912924
-0.5294536263
0.01209951611
-0.4833903074
-0.3685441274
-0.1509529792
-0.5860354058
-0.733557272
-0.2492360702
-0.7190755665
-0.5580358893
-0.2354043148
-0.3555592634
-0.2778510492
0.5379745243
-0.1922953326
-0.4853160635
-0.4733545929
-0.4140810877
-0.3096294317
0.3904743312
-0.2287265912
-0.5338769689
-0.4605157316
-0.3139691934
-0.1426821407
-0.657439813
-0.4258277841
-0.4019851834
-0.1973992642
0.4296994412
-0.4945189491
-0.5596712515
0.1134325296
-0.2865726236
-0.5565945774
0.3166984338
-0.4082821324
0.7017385525
-0.5365245417
-0.2273865603
0.1671099852
-0.1448783992
-0.3896504425
-0.4267007098
0.7523737013
0.1263210986
-0.4690155648
-0.2829426318
-0.5835114822
0.2514109154
0.525104361
2.124476406
-0.3272869287
-0.6237732574
0.7304514527
0.2851899777
-0.1296149446
-0.5533641398
-0.3052281037
0.3746963246
1.714253846
-0.4501169652
-0.7176348701
-0.6621025369
-0.09560415633
-0.3884349719
1.395354668
-0.5707939401
-0.4086769819
0.854738076
-0.5373243004
-0.5021727636
-0.2268435437
0.6633707994
-0.372722809
-0.3460553162
-0.3927972242
0.4284351155
-0.004404630791
-0.6729476482
-0.4786300793
0.1513534661
-0.1691321027
-0.1115171505
-0.1062914525
-0.366997692
-0.241465552
-0.6936770797
-0.4456730351
-0.7028861076
0.3097551089
-0.6250928834
-0.6335150242
-0.5693607897
0.4585246954
0.5781183769
-0.4451068655
0.6508138359
1.021582447
-0.2572942406
-0.04952615593
-0.4171071917
-0.1893642298
-0.5069394767
-0.4848631471
-0.3502307657
0.4023773605
-0.5264025092
0.02928904742
0.2180320024
0.3271674242
0.01304912046
-0.7452327877
-0.7724528342
-0.3339837
0.6759284812
-0.4768092319
-0.6161625266
-0.3352701247
-0.1767550047
-0.44054261
-0.628703621
-0.2685731914
-0.4374890264
0.001490704343
-0.3055146977
-0.6531989753
0.7250061765
-0.27233143
-0.1196746409
-0.603826052
0.3979415305
0.6973447189
-0.425231532
-0.3485869559
-0.2941314839
-0.3799772345
-0.2420104736
-0.4278969839
-0.09030254306
-0.1225586688
0.2403612403
-0.6601187199
0.1740242977
-0.2436680604
-0.2520062821
2.914490193
-0.4480459534
0.8170494989
-0.2705374999
-0.5071146265
-0.4422375455
-0.2210259013
0.3051481845
-0.0693939127
0.05670332555
-0.06830829633
0.1269767774
-0.1957007129
-0.1902271356
-0.3617898308
-0.3192626122
0.825885085
-0.5026170611
-0.3467876323
-0.1913375205
1.181273799
0.1959702985
-0.5469785064
-0.2177013243
0.7844600305
-0.2422242336
0.3498082951
-0.4009161828
-0.4940271892
-0.531355904
-0.6240914628
-0.7307573348
-0.3963707317
-0.1249849916
-0.6033396602
-0.3842390894
0.1119488556
-0.07005350422
0.127463914
-0.01020911681
-0.1063266288
-0.1609019045
-0.1844354646
0.01522472431
-0.1754596844
-0.1669330162
-0.1139144151
-0.4294545472
0.1020713823
0.06814570557
-0.3025084548
-0.3162444666
-0.1850820897
0.7010075366
0.4593744755
0.8784822389
0.3576679163
-0.03653563922
-0.08233638313
0.04001464024
-0.2412071798
0.02476203647
0.5432322606
-0.01240439741
0.2446699251
-0.2025602669
0.09123711325
-0.4810570307
-0.302938588
-0.01806796063
-0.6108937979
-0.1118652408
-0.1603551589
-0.3211292017
1.609769386
-0.02112308815
0.1440734198
0.2388197444
-0.4479219705
0.2094759467
-0.2823642906
-0.1426640412
0.4198949046
-0.4205643222
-0.2461006433
0.1211531009
-0.3637344338
0.1490495495
-0.5082821652
-0.4206726417
-0.4139505178
-0.5185706675
0.577135399
-0.2978844747
-0.1916978475
1.918617624
-0.2923171885
1.639750253
1.256622759
2.314750934
0.1309785122
-0.5579802305
-0.5278317958
-0.04617223218
-0.5796694309
0.04316764264
-0.2178080872
-0.3608248726
3.711511943
-0.4374188185
-0.3476219483
-0.3407974806
0.9970007002
-0.1619019024
-0.41619853
-0.4453717694
-0.07937178398
-0.5912189633
-0.1384874285
0.9080169834
0.7336472005
0.1006830102
0.3010515712
-0.394739987
-0.2319210147
-0.1256574154
0.03527175635
-0.3965257214
-0.395329461
0.4709548071
-0.4774817735
0.008423549309
1.438754299
-0.3341701947
-0.2194736237
0.006220708229
0.4763930187
-0.2357844617
-0.5494694158
0.4451793328
-0.7143848836
-0.3349183396
1.139374626
-0.3177400955
1.25576103
-0.2333518676
-0.1218087744
-0.4029585652
-0.3074054912
1.63305645
-0.05891177505
-0.3064123355
-0.2462816849
0.1193984561
-0.1164507106
-0.2305306811
-0.1951882777
-0.2414640998
-0.4328292772
0.01104277484
1.754669413
0.03558642073
0.7106175717
0.2020441819
1.026806514
0.9035867304
0.3881901223
-0.05763061643
-0.2346927986
-0.01063375361
-0.3118865635
-0.1523869948
-0.3067342479
0.4419139173
-0.1625494072
-0.1354589839
-0.3508616928
-0.07721140869
-0.327933456
-0.4711600408
-0.3542114675
-0.06420794595
-0.3035877433
-0.1036369591
-0.3066935621
-0.2672770514
-0.4071066491
0.326138229
-0.4983368844
-0.1414190214
-0.194986305
-0.259792392
-0.4429245077
-0.6061385915
-0.2231970683
0.5049462674
-0.02826291928
-0.3730888791
-0.6048220471
-0.7036659151
0.1958296381
0.3716764273
0.2680422109
-0.178019173
0.5795379341
0.0392540371
0.2147493898
-0.1174757415
0.4465197645
1.084844835
-0.2222576652
-0.2113515318
-0.1657410963
-0.4330052331
0.1286614728
0.3232214924
-0.2172956657
-0.06956774313
-0.2689180531
-0.2454945726
-0.5265314117
-0.2304261059
1.014985764
-0.2231225982
-0.2343349543
0.04669283386
-0.163159791
0.3202174619
-0.2222614841
0.3351402037
-0.1328414979
-0.5067865223
0.02314303983
0.7270126224
-0.6792402938
-0.3389250595
-0.34614508
0.4338493101
-0.513053064
-0.4318940923
-0.286563547
-0.2438541714
0.3087860283
-0.8628612936
-0.1419845797
2.15097729
-0.4088625174
-0.5365512058
0.1924966255
0.1420535183
0.5108688004
-0.4407082871
-0.4804298945
-0.04907695204
-0.1248349464
-0.174689356
-0.1003806177
-0.05133828148
0.3812707398
-0.2643617261
-0.4693082869
-0.7489257991
-0.2487402555
-0.3739614688
-0.692737633
-0.3013735441
-0.4836244196
0.1567688322
-0.1013329717
-0.3970419012
0.7337131972
-0.3117824487
-0.5241446361
-0.3085260332
-0.2871099133
-0.554069826
-0.2216947503
-0.5700516462
0.3320849193
-0.4204963967
-0.5984329998
-0.07015622798
0.5437085013
-0.396718359
-0.6313995332
-0.521727106
-0.4226602957
-0.1574191418
-0.09656597544
-0.2984451808
-0.6280681372
-0.1231775153
-0.1988002963
-0.3263526637
0.06591993617
-0.1286902633
-0.3803910524
0.6656534359
-0.296635285
-0.1308410007
-0.3993948713
-0.1677747319
0.3180180147
0.04396196939
0.4143923132
-0.249396041
-0.483166647
-0.1929325121
-0.3551695809
-0.538247788
-0.1737777662
-0.03685976658
-0.113495736
0.6271883987
-0.392780593
0.3823260061
-0.03819556721
-0.0743447423
-0.7165562764
-0.3150491539
0.185215687
-0.1873484381
-0.04580682963
-0.2919796646
-0.2367910659
-0.3528557166
-0.2520865478
-0.1542092519
-0.5905123338
-0.2271204898
-0.2059288878
-0.3330609009
0.1454172022
-0.5861728251
-0.3478547208
0.1010192256
-0.2617190044
0.644200607
-0.3863128804
-0.1102328327
-0.1671245145
-0.3767309532
1.310100052
-0.5144035488
-0.1757625202
0.5713386837
-0.4648072273
0.1269040503
-0.2327348851
0.07711937902
0.5662765943
-0.3152277194
0.06755851479
0.3566665533
-0.1806779638
-0.366026473
3.4540229
0.1433542688
-0.3587704115
-0.3420453161
-0.3690433998
-0.4458410986
0.8081022248
0.2617035025
-0.4266334154
-0.2729782128
-0.5301227704
-0.5213593408
-0.5905371577
-0.6989652306
-0.4375909209
0.07267437563
-0.5237427041
0.5149850383
-0.2925139599
-0.5977948964
-0.4676313035
0.1074046713
2.071793327
1.394687583
0.2824544597
0.1542366637
0.6613404304
-0.1753010694
-0.1024700696
-0.5190858498
0.3774666645
0.8504401088
-0.1286250833
-0.3719225792
0.5872126054
1.786355561
1.234579543
1.241178068
-0.1442022873
-0.2098984212
-0.2705982262
-0.4053558365
0.1354091906
1.094656392
3.294539845
1.977943489
1.278620364
0.5385375828
3.455481303
-0.05063949414
-0.4954454377
0.3596632214
0.187179211
0.3651153725
1.518707481
-0.4196149439
-0.4653830498
0.9273816019
-0.3283492886
0.2092573888
0.460149385
0.2648522489
1.786393785
-0.004974899068
0.2087906547
-0.4115500554
-0.1140454181
-0.2602182872
-0.3353191651
-0.1587839449
-0.3586651981
-0.6359761924
-0.5562826395
-0.3832517624
-0.5769866258
0.1311047104
-0.3413319409
0.4441393279
-0.6549139678
0.04909241479
0.3242137313
-0.3518077046
-0.2835370667
-0.3254200682
-0.3387261292
-0.6096292704
-0.245709908
-0.5981982946
0.4126094986
-0.3763536274
0.2312346461
-0.2027481332
-0.3318968076
-0.5385802135
-0.5678848594
-0.4970509395
-0.1099255518
0.3925232548
0.517742255
-0.2824022848
-0.3585024208
-0.2035747675
1.647019039
0.4220423721
-0.1026119844
1.496694177
-0.2375864606
-0.3707134619
0.4385903314
0.1529766185
-0.3469267368
-0.434228313
0.07078057304
-0.3347818285
-0.4616939586
0.2319662452
-0.06408073725
1.457785499
0.1494077499
0.03055635449
0.5081484923
2.100013241
-0.1895335738
0.2115870262
-0.4325089823
-0.357829839
0.160347482
0.8433430731
-0.2806910019
-0.2698293403
-0.2823733084
-0.3784796201
-0.3260772955
-0.4355400398
-0.1751244225
0.1239509811
-0.5702997617
-0.2554475982
0.2448912879
0.03325350676
0.8542521924
-0.3179836825
1.433089882
-0.1665793497
-0.4744746089
0.6369378962
0.5679218411
-0.2594478555
0.2349192443
0.1045024656
-0.5442197695
-0.3324493837
-0.77443735
-0.3619850025
-0.740044719
-0.4831391461
-0.8255577087
-0.05755943386
1.198862767
-0.3811076745
-0.3851861238
-0.2181419205
-0.6135435045
0.7665353522
1.009795377
-0.7895117432
-0.2880854446
-0.2989021173
-0.1330295065
-0.3949283406
-0.3057267461
0.09431024101
-0.5589233562
-0.4271273002
-0.4916343182
-0.1763042541
-0.6959259778
-0.2678540416
-0.1659847033
-0.5335323244
-0.7948137254
0.7801173352
-0.3973386943
-0.3343731493
-0.1988730472
0.3402824887
0.04249158637
-0.6869310051
-0.2581989791
1.298599899
-0.4825150326
-0.4887321398
-0.5328132361
-0.2321594217
-0.4783871844
-0.3311932247
-0.2484320069
-0.1750940181
-0.1819456823
-0.574602288
-0.0135412775
-0.1362715764
-0.3355456591
0.2819991119
-0.01056395692
-0.8226487249
-0.2464212146
-0.2579928316
-0.7836059481
-0.5303796187
-0.02494001004
0.3509317148
0.5697066236
0.3977408309
-0.03144264836
0.1900285073
-0.488349399
-0.4472038671
-0.2090277661
-0.2792352378
-0.8525152683
-0.3876810119
-0.3408261344
-0.06758598629
-0.7706842959
-0.2038804085
-0.1183493223
-0.395352675
-0.4532602802
0.4486070951
0.03972638054
0.878694573
0.08777295742
-0.5397506073
-0.09659188595
0.03002069844
-0.109405986
-0.3053398581
-0.39301119
-0.1701512167
-0.07248751651
-0.1972382259
-0.4796295732
-0.3650670514
-0.4610926643
0.7179251593
-0.1630111817
-0.1275215387
-0.575065355
-0.6004563376
-0.3085763467
-0.2725520542
-0.4423584856
-0.5499267012
-0.1182025451
-0.3712656215
-0.3663833074
-0.4862678438
-0.5988541201
-0.8722165823
0.5304575654
-0.2698224474
-0.06146863975
-0.240854032
0.5132533358
0.06434990116
-0.6237202048
-0.02777095586
-0.6530082554
0.1771669412
-0.1219143292
-0.05393483844
-0.2534454923
-0.4022967607
-0.2223376719
-0.3681771189
0.632006056
-0.3529770628
-0.2426911458
-0.5704576954
-0.6246231318
-0.122008381
-0.07803836148
-0.4845407471
-0.2456539018
-0.3989232771
-0.4700240716
-0.432769068
-0.2360986032
-0.3948610134
-0.6394842923
0.12064965
-0.3564761847
-0.2384905146
-0.09157589404
0.3711675305
0.1312335746
1.773311749
-0.1628883839
-0.08573847432
-0.2703484505
-0.5694472939
-0.4434030816
-0.2676255846
0.1357435532
0.6372214735
-0.4350127324
-0.2994079478
-0.04360940596
0.5068985797
-0.0281486311
0.277396002
0.01478593675
0.06356268534
-0.3889502935
-0.4123831756
-0.268348168
-0.21006342
-0.5793782249
0.2162341548
-0.379096736
-0.2471809097
-0.2221436488
-0.05764058735
-0.1696024245
0.02212300906
-0.3801488891
0.6872783065
0.5235036544
-0.2785814039
-0.5123509079
-0.2686730836
0.8073930241
0.7871373221
0.2018604498
-0.0402685144
0.6208911013
0.5319573298
-0.2621056406
-0.3232845869
-0.1333786577
-0.4544392481
-0.06969931927
0.7046930157
0.4437590193
0.4428686522
-0.06100565204
-0.4518454328
-0.6116406009
-0.7422544032
-0.5806790158
-0.03880310985
0.7905477971
-0.09561218694
-0.1521917548
-0.3659441848
0.1096318373
-0.5114245713
-0.2995637752
-0.06230219807
-0.4077124195
-0.4337718591
0.3073523316
-0.09411434289
-0.2029424306
0.1052627055
0.1021088262
-0.2405317061
-0.2988128871
-0.1915197945
1.941674396
-0.0594273184
0.0580327794
0.2084443764
0.08710024944
-0.1851480605
1.415164119
0.5400799964
0.7451100133
0.2256466638
0.4037073649
-0.1019673929
0.1800529986
-0.2919499397
-0.4639594823
0.5871898651
0.883740437
-0.4385897413
-0.09450920597
1.273082894
-0.04388947119
-0.4722087979
-0.4212041318
1.54638595
-0.6598917514
-0.0801986096
0.4048070958
-0.09431662336
1.144765259
0.1013460632
2.901998407
-0.1947540105
-0.3638593905
-0.7146458089
-0.02333573969
0.7531359479
-0.2582660024
0.2982456857
0.7917120586
-0.2142230018
-0.4318772674
0.6038603192
-0.4929146558
-0.0434206903
0.03155450802
-0.6086766869
-0.4585300356
-0.1316461879
-0.1333699379
-0.1746164154
0.6077840313
-0.5446919635
-0.06560282465
-0.3998357944
0.09859252241
-0.3537667625
-0.3653812692
-0.3755460553
0.5982616216
0.04587872396
0.07619711645
0.1828486291
-0.3988571942
-0.6975601226
-0.5120064214
0.6689266048
-0.2559838869
-0.04695387837
0.5358225629
0.1545626272
0.3340155344
-0.01352884369
-0.4272380918
-0.2211402472
-0.3211981872
0.1587046806
-0.09370753579
-0.1706642961
0.1067638098
-0.05867295517
-0.6201381564
0.2267100107
-0.2181880305
-0.1590589995
0.7678116582
-0.3972902202
-0.4756445259
-0.5429686919
-0.4824012458
0.01506615784
0.4196620563
0.01960386266
-0.272178904
-0.04878847636
0.06241296306
-0.2808783107
0.1372591108
1.298431522
0.05042730886
0.6249128714
0.1880825222
0.8210689083
0.1086516462
0.05216460135
-0.3528890682
0.465028719
-0.3978903838
-0.5189567447
-0.2213844747
-0.3921053007
-0.540765211
-0.2587420736
-0.4369198993
-0.3882020257
-0.6723689109
-0.3176938143
-0.3325572677
-0.4859680697
-0.1270905064
-0.1601533355
-0.02716222443
-0.5924239084
-0.4246869408
-0.242601648
-0.1934680181
0.5139828648
-0.410196732
0.3972163948
-0.09492808683
-0.1165166767
0.1910967961
-0.2361675251
-0.4777886227
-0.3862185881
-0.1415114336
0.1805824421
-0.4596648738
-0.4741246521
-0.7969587177
0.0384905573
-0.4106305644
-0.2884023115
-0.444196482
-0.3005303264
0.551118435
0.8443987772
0.3125888357
-0.03580754474
0.09026799295
0.2121988103
-0.6359974563
-0.4370203175
-0.2363344008
-0.1066740991
-0.1943477407
-0.6994081318
0.07884712182
-0.1843043742
-0.06240905356
-0.2181749206
-0.03939406336
-0.4897057295
-0.6282949418
-0.6507444233
-0.5267035723
0.8328020692
-0.02570376787
0.02446476566
-0.3357541032
0.2217113171
-0.07982278951
-0.1674674809
-0.3252232328
-0.4311877199
-0.3400523826
-0.4829133257
-0.383987394
-0.2849574793
0.4625779934
-0.1353587158
-0.6729478076
-0.1625427412
-0.4412523896
-0.6711401641
-0.3850672029
-0.01111149574
-0.1736658989
-0.2695097059
-0.7852713168
-0.3250501595
0.2036329438
-0.1016066866
-0.3033942897
-0.6522839502
0.08392793648
-0.4912692189
-0.1693550291
0.1295512855
1.209020425
-0.2112674156
-0.5026031077
-0.3144135911
-0.3672323018
-0.53117854
-0.2423127327
-0.6147159621
-0.3893138709
-0.6639932573
-0.4347295836
-0.5325549737
0.3497460356
0.3354347469
0.001998300292
0.1010516424
-0.3097479014
-0.4018575042
0.4806729779
0.1515632333
-0.1641159093
-0.08364649471
0.3537621845
-0.2842696045
-0.3293667927
0.4202987187
-0.5867383398
-0.5694839269
-0.5055693313
-0.1498374923
0.454966432
-0.4478281379
-0.5140397608
0.06111137364
-0.4820857912
-0.3639196001
0.1927090762
-0.7256946713
-0.6386394292
0.4015123866
-0.3289817834
-0.5626374096
-0.6069753408
0.08189201541
-0.3264461633
0.1379953267
-0.1334545283
-0.115985184
-0.4254694737
1.631018061
-0.6975385308
0.1054952482
-0.4026641384
-0.1031002365
-0.1709045628
0.8775495023
-0.3219027102
0.287806268
-0.3585990787
-0.5445152253
-0.2624374863
-0.5740427718
0.05980107605
-0.6710439488
-0.5076126248
-0.2260539379
0.6317165874
-0.2659854475
-0.4495844886
-0.1810389552
-0.1673534004
-0.2095860424
1.180499142
-0.1285111669
-0.2668347076
-0.4013083622
-0.7709049106
-0.1470885193
-0.3448173188
-0.4479225434
0.1802445652
-0.6047690585
-0.0233660053
-0.07470719935
-0.1232102463
0.1536737166
0.1373631376
-0.1556785256
0.2114415499
-0.5309499994
-0.5594537094
-0.3446589248
-0.02940308489
-0.4156737909
0.3195415856
-0.6856420159
-0.4803890631
-0.6724860176
-0.6952085763
-0.02573422343
2.634028536
-0.3690223731
-0.1651526781
-0.1471953459
-0.2799519703
-0.2335429091
0.7025119208
-0.6032819189
-0.4968457952
-0.01886107791
-0.494442749
-0.5496996582
0.1997760506
0.3035918627
-0.08803257127
-0.3018136784
-0.8519514591
-0.5775707185
1.511005325
-0.2756453514
-0.4203089595
0.6691601217
-0.3674647644
-0.2378039103
-0.333060737
-0.456355074
-0.3589573488
0.1862639757
0.8346782278
-0.1473083518
-0.4081271816
-0.04809118987
0.9968101472
-0.5713876411
-0.8280034363
-0.1896237598
-0.3798272334
-0.1414923403
-0.4397054091
-0.4069587156
-0.1668253109
0.2907035206
0.1174652874
-0.240885178
-0.2478734363
-0.3908446364
1.94958002
-0.3515413783
-0.1795618067
0.1878051262
0.8004174553
0.4605776005
-0.3247802906
-0.4112684533
-0.2490136556
-0.2714429043
-0.4456280969
-0.5215435058
-0.7276349425
-0.4022510253
-0.476607576
-0.2405345894
0.2055418061
-0.5077376738
-0.5314710185
-0.2885851398
-0.6327087462
-0.5126114488
-0.004005361302
-0.242448552
-0.1671258642
-0.5563171402
0.8799159087
0.1200140043
-0.4148686767
-0.3430924334
-0.6168191507
-0.574738954
-0.6615951508
-0.4004152782
-0.4179707721
-0.175328947
-0.2289617412
-0.5815183416
0.3623607971
-0.004697709484
0.1112234015
-0.2568001105
-0.06107780244
0.1280149786
-0.4685710698
-0.1199882102
-0.04325278569
-0.5103253871
-0.1833532777
0.2635976393
-0.5918352306
-0.2473366737
0.0228618368
-0.4764693573
0.1770946084
-0.5908806473
-0.6472609833
-0.2428411413
-0.2406546053
0.04583644457
0.1685731906
-0.4848851725
-0.1888525348
0.04744437896
-0.4488132842
-0.02682131995
-0.2013785344
-0.02392720426
0.8797697887
-0.2869142905
-0.5069449514
-0.7251094431
-0.4027255602
-0.2583329115
-0.3145125229
0.6076245114
-0.3354866125
0.2896814465
-0.07955434099
-0.1874181205
1.217668301
-0.5651936233
0.8862134755
-0.5669272155
0.934396565
-0.1723495045
-0.4367114589
0.7802892551
1.53526713
-0.1462459
-0.2059003266
-0.4133997709
-0.1943987269
-0.3064500209
-0.04894061368
-0.635377565
0.1089375407
-0.770375672
-0.3298268899
-0.1408176845
-0.3939184666
-0.6810198367
-0.4070471898
0.3015414521
0.02174981292
-0.3433241218
-0.4719941996
-0.3213740114
-0.4628264189
0.01215847791
-0.1766289007
-0.4946086772
-0.05081393132
-0.1233521732
0.1388674509
-0.449333626
1.225889539
-0.1312614838
-0.1507442074
-0.5373130411
-0.5910347506
0.6490235224
1.022505314
-0.5089552373
-0.2344976664
-0.2113997672
0.4441608986
-0.03400381366
-0.6373970926
-0.2672751231
-0.7385417223
-0.3632046714
0.03285615612
-0.2130990926
-0.3964083098
1.08299711
-0.1002217673
-0.3778582066
0.05602170615
-0.6574512213
-0.4096025452
-0.2693984095
-0.4131696856
-0.3539604783
0.1367294869
-0.1365728973
1.644480833
-0.3211837605
-0.25157617
-0.3190398268
-0.3531160281
-0.1790947929
-0.6110211685
-0.02672761772
0.01388379252
-0.3272136264
-0.1794057272
-0.41102941
-0.2924622893
-0.2831586368
1.790140593
0.4368295521
-0.1644245986
-0.4219211131
0.1503360346
-0.5790998623
0.06529111848
-0.5691781998
-0.5647835687
-0.2267160188
-0.1941653692
0.2555781682
-0.3591469295
-0.05600454379
0.9254010886
0.2235211574
-0.2133842729
-0.1379001964
-0.1557726057
-0.1802461249
0.1113357719
0.7007361166
-0.1327080475
0.42760085
-0.1368901007
0.7482613713
0.05386890434
-0.5062479243
0.2011675436
-0.4307645865
-0.3137277439
1.778042296
-0.3067033678
-0.06359974388
-0.08730941713
0.1290661732
1.855919337
-0.6521299422
0.1244732579
-0.4124163404
-0.3776404928
-0.5472286522
-0.1191124698
-0.6077078834
0.2528400183
-0.4641585931
-0.2115096161
-0.3017362898
-0.18134326
-0.1774416685
0.5469680633
0.2198371116
0.5418156283
-0.1819365084
-0.1633875603
0.3701556302
-0.0689221032
-0.1079666061
-0.206132935
-0.3030717179
-0.2224853672
1.065132955
-0.02506603505
0.1501438655
-0.1158548724
-0.1282569472
0.0338843816
1.537325755
-0.4469165765
-0.482900703
-0.4840569392
0.4177220831
0.7625242636
-0.6883321166
-0.5157375552
-0.4450213492
0.8734565087
-0.433026886
-0.4206309833
0.06636766759
0.0763918607
-0.2552309204
0.1423822803
0.5876203604
0.01472495547
0.3862307789
-0.3350013591
-0.5882968083
-0.01988394428
-0.5113959536
-0.01502158451
0.05301655272
0.05611839537
-0.2942390144
0.007729738578
0.1383382216
0.2073872134
0.5021710888
-0.3557280902
0.03567360044
-0.2755638942
-0.7175300986
-0.04448064212
-0.1942350533
-0.2094429515
0.4803418241
-0.2136055879
-0.04915157147
-0.3554011345
0.06061217375
0.3811164748
-0.09759561531
-0.08833439182
-0.1505018514
0.0915561012
-0.05567462258
-0.3831963345
1.035024711
-0.124935957
-0.3834882371
0.05362583129
0.06621244601
-0.2585448533
1.770207804
1.296660483
-0.09640367907
-0.3202437714
-0.4222996533
0.118082995
2.480885646
-0.1969949171
-0.6020708919
1.063017671
0.2634460223
-0.004744335264
-0.547896339
2.414867139
0.1164793889
-0.4632437408
0.03909035046
-0.08582993206
-0.4917246088
-0.4433013633
0.2060835538
-0.673817566
-0.4459666044
-0.2125010826
-0.4791371375
0.07222895455
-0.6037373722
-0.3918773994
-0.3180947304
-0.4200874791
-0.3581877233
-0.7140366822
-0.3092868395
-0.3555570405
-0.271027117
-0.2398215424
-0.3497149438
-0.2601883214
-0.3816925257
-0.3244268402
-0.2843501769
-0.3422631547
-0.8017936081
0.4097362414
0.3422517309
-0.1726310816
-0.3314608596
-0.5367231995
-0.1522948757
-0.05295573119
-0.38695499
-0.5046410918
1.870088296
-0.04353493191
0.5890515883
-0.1880232669
-0.1501654441
-0.5104104921
0.2342336517
-0.07785344869
-0.3031136103
-0.6701336429
-0.2243908495
0.0208821842
-0.3572798356
-0.001507484261
-0.3792807128
0.5337122617
0.2567376523
-0.104352469
0.179342193
-0.2451432578
-0.1455001401
0.7832711443
-0.3524960175
-0.5023409754
1.492651562
-0.3520003825
-0.2198357567
-0.09985752478
-0.007918369398
1.058052467
0.626876726
-0.23806355
0.04195337063
-0.1137793086
-0.194726117
-0.1951652516
-0.3433290012
0.09034718536
0.2874275947
-0.45960158
0.1947782407
-0.6268865034
-0.2860889733
-0.09027511952
-0.3854825489
0.1245605236
0.1363099386
-0.4458887681
-0.1157651719
0.0002647869289
0.9653968602
0.254302166
0.5677436568
0.2024824744
-0.2253057465
-0.2967901178
0.006617510319
-0.259050104
0.1002814206
0.9994863898
-0.01106972322
-0.1485186804
-0.3364845142
1.171203947
-0.3666976526
0.1434258174
0.6364066409
-0.02047304027
-0.6134818435
0.3373085488
0.3119294779
1.677248633
0.4766182613
-0.02571988348
0.23429108
-0.2035432231
-0.1278426323
-0.02610415574
0.413342699
1.886592937
0.9186921418
0.3959154751
-0.2277689565
-0.7439251602
-0.1671782043
-0.7082645893
0.008210154437
-0.2226381194
-0.01567444429
-0.4384427175
-0.24031424
2.353143752
-0.5439659208
-0.7966537923
-0.5595320784
0.007988877967
-0.4152462877
-0.2683284685
-0.5738707751
0.1607213724
0.5483605742
-0.1461692799
-0.5390946582
0.04892858937
-0.2342178994
0.2520829257
-0.3252541812
-0.3453739012
0.01366623929
-0.01415674891
-0.3232565168
0.287337419
-0.3869712986
-0.09787907563
-0.3381944589
-0.3026832685
0.002931176871
0.6659840211
0.504119847
-0.371828486
-0.1587364428
0.7586642772
-0.2783548052
1.258186209
-0.3053844258
-0.406382367
0.05425840956
-0.01988188028
-0.2805867929
-0.02674831338
-0.4842129529
0.6964693621
-0.4623995304
-0.2144287027
-0.09605822265
-0.3433525302
0.4343527433
-0.07960343361
-0.1120827617
1.072211847
0.04096007706
-0.3726403832
-0.2784326028
0.6654199854
-0.2965680338
-0.2841723315
-0.4813323125
2.276318145
-0.4668775007
-0.6377733976
-0.1577390924
0.1106410961
-0.5937501997
0.2751203973
0.1427923912
-0.494606021
-0.03576445151
0.4832928166
-0.07618975602
0.6849373963
0.09855575971
-0.2167618196
-0.4811919972
-0.3735344153
-0.1799018789
0.3231793255
-0.6087074712
0.05986656016
0.7805391937
-0.115136531
-0.3505621433
-0.4119578362
-0.424636817
-0.08666531611
-0.2285330188
0.1675113231
-0.1961674744
0.6699217606
0.01736354893
0.3657988638
-0.1855547421
-0.156918982
-0.2262738191
1.504126697
-0.1147679824
-0.2014227003
0.6470779341
-0.3191912875
-0.1235926837
-0.211273714
-0.1493361384
-0.05334897228
0.7327470593
-0.4570528764
0.2652008051
-0.2369155351
1.146882599
0.1539341135
-0.7341665983
0.3869997617
-0.2066872615
-0.4219939806
-0.1574916884
-0.5454058036
0.7512612835
0.6009736918
0.2988984548
0.7879788265
-0.05532581238
-0.01923239343
0.4941940088
-0.1726374944
-0.1422803987
0.1771149863
-0.03955439907
-0.2098542411
-0.4019215241
-0.3932881654
0.5967437074
-0.1197451841
-0.0781574009
0.2727200404
3.220407218
0.4680218935
0.05675304122
2.794912565
0.01878059395
0.3620314954
0.444396051
-0.07144333348
1.802303851
-0.2977498945
0.9116168946
-0.3535936415
-0.04128539246
0.6503983207
0.1251194399
-0.4402579427
0.6792623077
-0.02464310434
0.7170639135
0.03460869417
1.450974056
2.266023821
-0.1101239929
2.431786013
-0.08397220299
0.05430508051
-0.0744886979
-0.07558618928
-0.3482929751
-0.3012460314
-0.4840059236
0.02994210017
-0.4005788088
-0.5248456001
-0.2891426831
0.3666820184
0.04153214497
0.09878641535
0.01015166275
-0.298291032
-0.05878054509
0.03141881144
0.4049453296
-0.476594153
1.178034943
-0.2344086416
-0.3146271825
0.9741321124
-0.1447513022
0.2741132804
0.0272462951
0.2791323692
-0.5512256652
0.1606003623
0.3762626238
-0.5566735879
-0.2530729882
-0.5248164877
-0.06645300221
0.6526615202
-0.5628429115
0.2256912924
2.256662697
2.90608241
-0.341519177
-0.3373295009
0.2750516567
0.7651497215
1.627678937
-0.07988299858
0.412292516
-0.09667220749
1.013797102
1.025386131
-0.1411820818
1.539710939
0.1795300552
0.2288705975
0.196013993
0.243801906
-0.1517491113
-0.3492564924
1.312360904
0.9457938313
0.150990981
0.3617935274
-0.4299634963
-0.274092827
0.5105893876
0.5092982024
-0.63079063
0.03580859862
0.4170459904
-0.2901543766
-0.7275055915
-0.1210595539
-0.1119111191
-0.09946034793
-0.5194982573
0.1952977003
0.2819218157
-0.1024061747
-0.1808993906
-0.4614656165
-0.3028258033
-0.1286527071
-0.1257100027
-0.3770159312
-0.1216928266
-0.3795451142
-0.4645664752
-0.5636875927
-0.3614291228
-0.5826959938
-0.09004619904
-0.425442788
0.3408845715
-0.5298695609
-0.2693319116
-0.5435478494
0.9735343128
0.1383948119
-0.3751317218
-0.4064730607
0.01251509385
-0.4246022031
-0.3825391151
0.7121625483
1.458014563
1.369248456
-0.3194803305
-0.2348608248
0.3828253393
-0.3067016892
-0.3100323919
0.3818331332
0.1632067474
-0.1393813115
0.1233462694
0.01298379339
0.1576110883
1.916221295
1.956982666
-0.0514389162
0.3509631224
0.9857612446
1.282557841
0.1007773697
-0.1136569431
1.684704924
1.004954091
0.6041470945
-0.4945383005
0.0246523682
-0.3325009387
0.1297378118
-0.3565001972
0.5499701679
-0.2059464894
-0.03309640381
-0.6371253759
2.375561753
0.02530461592
-0.3882258862
-0.1509562429
0.09542621542
0.3802449618
0.1382228276
-0.3287158092
-0.08455201648
0.04289029958
0.4980532691
0.08734602523
-0.4271069929
-0.1915067039
-0.6758670509
-0.06924902988
0.6391060794
-0.08614691813
-0.2667898662
-0.4920915022
-0.8239964664
-0.374293809
-0.4214800976
-0.02744867764
-0.584366399
-0.6157452241
-0.5658215821
-0.5536876395
-0.4576962575
1.009654588
-0.2861823298
0.1451165273
-0.1119709656
-0.3817142539
0.7752628624
0.3269085485
1.90526793
-0.4901638523
-0.05669292388
-0.1702116124
0.5129379503
-0.1666123219
-0.2390102524
-0.3241586238
-0.7286875308
-0.6157582581
0.6474177822
0.2008335175
-0.6852912545
-0.1539238924
1.611920848
0.5578078933
-0.3421710767
0.9306833021
-0.4854863808
1.754674193
-0.1650756352
-0.3208044365
-0.5579658359
1.550428997
-0.2904166296
-0.1382571924
0.01760088094
0.3310283046
-0.1977459602
-0.6079844758
-0.09515061602
-0.3781052187
-0.5724936202
-0.3989957489
0.6209265001
0.007794513367
0.4365730358
-0.3380704485
0.003967389907
0.9881693587
-0.4003464609
-0.1724662572
-0.5173795387
1.046568613
-0.02410230935
-0.2624587893
0.5679253768
-0.4189293668
0.08166030953
-0.5348133847
0.6617045417
-0.5147937
-0.4661541
-0.5629347578
-0.3254226703
-0.3733307585
-0.2002960682
-0.5695431456
-0.7158379853
0.05869116094
-0.3551532537
-0.6014327839
0.02037373744
-0.208708198
0.1684428554
-0.1972407995
-0.2355917718
2.686773315
0.2750389716
0.3443229955
0.3666468471
-0.1286324687
-0.4201633394
-0.5377249002
0.5422727093
0.1588500632
-0.4761756085
-0.2672250107
-0.5419741958
-0.2065279042
-0.3484711766
-0.1062065728
-0.2743441693
0.6003245678
1.951340231
-0.2292008236
0.3402100889
0.02787905438
-0.08416208439
-0.08594181556
0.534168583
0.3252390493
0.8564717881
-0.06261848523
0.3221848233
1.279157258
-0.3449493533
-0.4135032177
-0.3801750511
0.6783985183
-0.07787863929
-0.3639915459
-0.05659250021
-0.1761020436
-0.03259230815
-0.7238100737
1.436863601
-0.04829605892
0.1081419796
0.6249947697
2.292723101
-0.4257657036
0.5619641781
-0.5058096781
0.2235407086
-0.7141371995
-0.2390695922
-0.2664453404
0.03274208764
-0.2513737034
-0.112925227
-0.1348692765
0.8804202691
0.1094503568
-0.2341373354
-0.5295510113
-0.4086592138
-0.02951674722
-0.4921499327
0.01885736659
0.1636957671
-0.1373515427
0.1870346377
-0.251034034
-0.06930005383
-0.04585552644
0.02535483744
0.6887233183
-0.222485204
-0.4051384173
-0.04177687299
0.8945097499
-0.1148692003
-0.4836731523
-0.4955606699
-0.551248765
-0.4363116369
-0.2347495317
-0.2617591232
-0.6374807507
0.5373494158
-0.460134244
1.468449144
1.565012071
-0.100020482
-0.2253994962
0.1874015084
0.1821698505
0.05487347702
0.1520869046
-0.3623555988
-0.4611456752
0.1461560462
-0.2485100113
-0.1486858916
-0.6307690382
1.184287834
-0.1664328917
-0.2468208868
-0.00654330533
0.5336409815
-0.1371147245
-0.007131849602
-0.1701699186
-0.5550436884
0.5823739231
0.2605678976
0.9735464096
0.2911017292
-0.0141827764
1.006662571
-0.2372534782
0.4057340184
0.3535273867
0.7999081859
-0.2530177951
-0.2337146834
-0.1616961215
-0.3250195147
0.077812661
0.2420449745
1.295214933
-0.5379002526
-0.3822582193
-0.07388354894
-0.3239971474
2.414987522
1.455178577
0.1557474613
-0.6518011421
-0.1880793369
1.492225111
-0.01740791816
0.1048180538
-0.07026524302
-0.2946330123
-0.4453083277
-0.02559463773
-0.227980458
-0.1630854916
-0.2194097232
-0.2032958932
1.016184786
-0.5101647764
-0.05048430804
-0.2166925736
-0.185403374
-0.4078824118
-0.3569551691
-0.2476659223
-0.1248572063
-0.4309505865
-0.3784705751
0.8108124956
0.1311877826
1.155461887
-0.4511372454
0.8669408113
0.2865736052
-0.8081307113
-0.03597278502
-0.2570435621
0.88449977
-0.3325442292
0.5034504114
-0.1071446482
0.2471273443
-0.237640851
-0.02513989033
-0.08344554715
-0.146960197
-0.4179092437
-0.1445101988
-0.2257832512
0.4724975921
-0.3633467495
0.1138914379
-0.03034327384
0.2084762366
-0.1014650271
1.636792937
-0.4287565507
0.8781705931
1.453498346
0.07111632079
-0.04705209127
-0.238241012
0.2757340068
0.8522038043
-0.3314924989
1.412649289
-0.1676040515
2.737660885
-0.01272780094
0.003613778763
-0.02662142925
1.645488226
-0.01872065887
0.4508945838
4.411841238
-0.06250558421
0.4711330356
-0.152813966
0.09676050283
-0.5538387805
0.7615122274
0.135938199
-0.2162417233
-0.1131392572
-0.2825152799
-0.216309048
0.2249413809
0.01034731064
0.3934349559
0.1016230927
0.351687517
0.06867427044
1.581107432
0.07582890727
1.30529152
-0.06399055012
0.2276187478
-0.07743147612
0.6613804653
0.1385885693
-0.3562558778
-0.07534951437
-0.1662757486
-0.1223195951
3.216739291
-0.3150276624
1.175657915
0.298208281
-0.1682159718
0.6578555726
1.060035782
0.8627481349
0.8760351911
-0.2071036551
0.2025735158
-0.3709036276
-0.1958096795
-0.02119696885
-0.3901309803
-0.1719984995
-0.8029134184
-0.601809229
0.4688706778
0.02828098703
-0.3503681466
1.544045883
-0.1217723653
-0.1954932258
1.140319392
-0.070636319
1.621728134
-0.4713822693
-0.2640991673
0.07806205284
-0.4559635177
-0.5273149505
-0.2357161541
-0.2025988735
0.8074421844
0.3097240027
-0.26656394
-0.2312656261
0.09410709087
-0.275365907
3.252616096
-0.487664929
1.507346797
-0.367984817
-0.3074145794
0.29036901
-0.1348453935
-0.1979060486
-0.614908272
0.4749296434
-0.4025619403
0.2430208372
0.04732415089
-0.05176874753
-0.2713449396
0.05237799664
-0.156363919
-0.2105807712
0.2666104361
-0.1591113206
-0.67233935
-0.5873160124
-0.1916935578
-0.04347218685
-0.1467324389
-0.008998566307
2.662402403
0.321125919
-0.7465142608
-0.2638385285
-0.454866232
-0.5739003599
-0.6038511395
-0.3208564617
-0.2827484839
-0.1165070657
0.1477305779
0.2365121109
0.3479776857
-0.2989456756
-0.3581313953
1.299121553
-0.3606345519
0.03981600553
-0.1880880896
0.0307504084
-0.6158528566
-0.2249997444
-0.5116258875
-0.2909305304
-0.1909672586
-0.2643086843
-0.1256063826
1.094955687
0.3959341384
-0.01834871946
0.5179444797
-0.4585315809
-0.06276896968
-0.4002027795
-0.1193926826
0.8545015514
-0.03516543228
-0.5465704575
-0.004050887004
-0.8216926426
-0.4241849065
-0.2105711173
0.1819948121
-0.2465257235
0.5879096419
-0.1915832534
-0.2542041298
-0.3292801887
-0.4760310352
-0.03932435997
-0.281467557
-0.4938170314
-0.03204337358
-0.3023782268
-0.3493823186
0.2415478894
-0.5917105272
-0.5390270293
-0.588903445
0.04144002646
-0.3989581853
-0.4660895199
-0.2057475831
0.08320501652
-0.3280749001
-0.4521832049
-0.6567166314
-0.1412481651
-0.2493672416
-0.1955520112
-0.734589079
-0.4559832945
0.09895353951
-0.3018314786
0.1930569589
-0.1444360729
0.02118516862
-0.1158059346
0.3499334902
-0.05778533025
0.09789685253
-0.4780187726
0.543773295
-0.01098531135
0.0370548822
0.4051550977
-0.1456465503
0.9046575502
0.06127861291
0.2496441316
1.19179838
-0.2822029136
1.794890094
0.3349871665
0.3998631693
-0.1281637517
0.3293230703
0.06039595306
0.4125704512
1.083206359
-0.4158990838
0.01864281651
-0.0536629891
-0.05073251599
0.6677930966
0.02750536213
-0.06430399232
0.2922773982
1.00488224
0.2056418598
-0.1003095727
0.8339251369
-0.0978172563
-0.3771948542
0.4843568482
-0.05131568587
0.6679150112
1.324093303
-0.1816609614
-0.01628925484
0.007897910662
-0.4219813794
-0.4109488055
-0.08496941309
1.236074045
0.1785700923
0.1346564757
0.01600542967
0.7290878892
-0.1531628085
0.6820873469
1.694370297
1.581460732
-0.4682333842
-0.09283160567
0.9878870919
-0.291900792
-0.4395307407
0.0687607158
-0.7063227981
-0.1964252807
0.8260713801
-0.4453958824
-0.413737759
-0.140795951
0.3128369004
-0.2513995469
-0.3248820815
-0.0899036793
-0.2459173627
0.5469532415
-0.3076753102
-0.224084584
0.04367566705
-0.1008629816
-0.2650535509
-0.1054483985
0.3386768226
-0.1502514243
0.9800278232
0.1487892102
0.6264613356
-0.2772139672
-0.1599235473
0.3199518926
-0.4677104011
-0.1023924923
0.04576138295
-0.312272808
-0.458626087
1.398788977
2.361658365
0.5645698372
0.9509121004
1.628118755
-0.02349926438
2.006646809
-0.2245968744
-0.1477097243
0.01363918632
0.1113596849
0.03136050553
0.2497336198
0.08468159018
-0.6249317855
-0.1217431691
0.01702997293
-0.1263619673
0.5226736506
-0.1879224747
-0.3027940147
-0.204907782
-0.4470311716
0.424811355
-0.1763333183
0.1288852612
-0.01595235858
1.722241816
-0.3333478751
0.09298706055
-0.6174007758
1.865034041
1.079507963
0.6464052282
0.02748675148
-0.4044822872
-0.4700337052
-0.0908282171
0.1039479074
-0.1482829623
-0.3947063647
-0.07149870023
1.256882522
0.2218103763
-0.3031012394
-0.4914693579
-0.3724277616
0.5484144278
0.4105991
1.078450802
0.5712689668
-0.3734970868
1.350388658
-0.4158648223
-0.005170463771
0.2413525899
-0.4856936216
-0.08802366462
0.3852374636
-0.317555549
0.5905989446
-0.5290360704
-0.5575433418
-0.1927982066
0.8939369455
-0.348423234
-0.6615053385
-0.3903772689
0.4900278591
-0.3965558827
-0.006145362789
-0.200554366
-0.1643949121
0.6695248783
-0.08658138048
-0.0439560337
0.01090639047
-0.3675797373
1.551326754
0.3643211566
0.9288824894
-0.7138792962
-0.2000612739
-0.1385447456
-0.3722009102
0.9231112599
0.9012768582
2.073360364
1.37109417
0.5338830214
-0.3540038586
-0.2446290582
0.2367540764
0.1321651068
-0.5243460432
1.180095267
0.3182639617
0.1541043455
-0.2175488429
-0.4265095308
-0.2968487635
0.9400097251
-0.002125819214
0.2751999858
-0.2750738075
-0.2458237648
0.1897322675
-0.3614906266
0.8919990927
0.3515286094
-0.01044518501
-0.168098288
0.1980672811
-0.2654769711
0.05381336212
1.561775297
0.1717134454
-0.2513343513
0.1813312405
-0.1197128929
0.0359289892
-0.2997008972
-0.5878312632
-0.1951177929
-0.3914756179
0.9544873342
0.712902572
-0.2109153464
-0.6601108938
-0.6652150154
-0.07902737334
-0.09692487121
0.3673234514
0.02422510865
-0.4288720638
-0.3108727828
-0.01356164459
-0.209729825
-0.226557176
-0.6181634009
-0.1612687815
-0.1124688686
-0.3975248277
-0.8425236821
0.2215021422
-0.6602408871
-0.2089161694
0.1499738694
-0.3789809003
-0.2611308869
-0.2267104097
0.4688527539
-0.1289948365
-0.08820726089
-0.2415420219
0.1889711287
-0.08960753419
0.5274291649
0.03842227925
0.4393304683
-0.2005926725
0.1244666429
-0.5565567136
0.1042508279
-0.4467697293
-0.7840376139
-0.291662474
-0.03999904338
0.1723235128
1.626664039
-0.1504460093
-0.3154274642
0.101636452
0.07026114259
0.1548787057
1.138561581
-0.3748731734
2.256447442
-0.4498362079
-0.3946773544
-0.2469723318
-0.5281610698
-0.1758844851
-0.3075847402
-0.3637207538
-0.03540113047
-0.5681911364
-0.1309793064
-0.06164626442
-0.1226782139
0.2283896461
-0.4261264876
0.4568742499
-0.350821469
-0.4575339928
-0.1959512096
-0.6017908186
-0.4238539249
0.09624402919
0.4383454349
-0.5093016297
-0.5866832122
1.049762253
0.2708321389
-0.0179765455
-0.2877590705
-0.1414033184
0.1141672438
-0.4680694222
-0.5547472
-0.3023651905
-0.5567865655
0.1250051314
-0.2543937363
-0.09310365934
-0.4486242905
-0.1053429876
2.293571919
0.9383998007
-0.2236131962
-0.4907527193
-0.02530241795
-0.3132242672
0.01588121634
-0.3580258206
-0.1067519661
-0.1082519498
-0.4210385516
-0.2045240752
-0.1315448567
-0.2094847389
-0.3786268204
-0.3901830286
-0.3115499184
-0.3540715545
-0.1714365695
-0.2089904713
-0.1670273785
0.04896152429
0.6927626222
1.008771959
-0.7861785322
-0.4817459971
-0.1814523235
-0.5101675674
-0.2449532848
0.5412262119
-0.09773230962
-0.3230575845
-0.2427475255
-0.03613625169
-0.5174863428
-0.3893366471
0.0628878627
-0.3241216525
-0.3042247914
-0.1296180146
-0.5705287889
-0.2808551572
-0.6099180371
0.004298837297
-0.8391363263
-0.1551999453
0.2939658105
0.08924753703
0.08457363024
-0.08915513717
1.893467718
-0.5039146766
-0.5580488399
-0.2669885993
0.5780502118
-0.1551233813
-0.005382672977
0.2026941495
1.232382521
1.376397309
-0.1452578649
-0.1284241196
-0.1376127329
-0.1342922155
1.111120161
-0.114562121
-0.170050645
-0.4728217497
-0.1960025109
0.2339055566
-0.06710823225
0.1572956717
0.2904812387
-0.4274214473
0.2578794908
0.3041271016
-0.2877729259
-0.4865660742
-0.7143516183
-0.02965069022
-0.4770871729
-0.4585699476
-0.6207735926
-0.4101455495
-0.08157370985
-0.03952965895
-0.2800882921
0.4623229358
0.1297903378
0.4343921486
-0.1170539454
0.04520833883
-0.1871091027
-0.3902393363
0.1481705764
-0.2060855873
-0.2447229568
0.3764995145
1.003034203
-0.3486569658
0.2022469433
-0.1824645687
0.2438739808
0.8142383546
2.074138969
-0.1368065318
-0.04814417022
-0.07153293411
0.7363014176
-0.2649050504
0.5780185595
0.2161647156
-0.1289923919
-0.4628761619
0.1797063325
-0.3062234163
-0.1118128274
0.1279141726
-0.1348716483
0.04314713798
0.1474074952
0.4102707557
-0.6023727894
0.871689219
-0.1718104236
0.1201737799
0.8266185701
-0.09692349508
0.2736649156
-0.02568117511
0.2197484719
0.2244818432
-0.5565202177
0.3992820293
-0.3297910176
-0.219110734
-0.2999109596
1.039281178
1.534260657
-0.1040847681
-0.2362689473
0.04656794388
0.1983331546
-0.714584446
0.7675992519
-0.3665021475
-0.0159295531
-0.1837962219
-0.2520803452
-0.3134885021
-0.3536868133
-0.2041954365
-0.02028930606
-0.2023438286
-0.4667331636
-0.1069568785
0.5635594122
-0.06600223528
0.4174606822
-0.09232694949
0.1218239252
0.9410251379
-0.3357899427
0.9519897759
0.1239509895
-0.118822445
-0.1340086218
0.3250903293
0.9799938217
0.03620440066
0.5063130017
0.716333361
-0.0821211936
-0.1004966505
-0.3552767364
0.8675947979
-0.2776726499
-0.1670183424
0.5262430629
0.5361478597
1.393501309
0.9039000571
0.09923096299
0.1412872034
-0.05611642338
0.1870298305
-0.3645355977
-0.02014842294
0.293393244
0.01428029798
0.03138660174
0.1522048509
1.271560419
1.101628309
-0.3056283846
-0.1922042161
1.01309014
-0.2544157598
0.8777040005
0.3016024674
0.385820403
-0.01779169701
0.1154153768
0.7720921233
1.389399768
0.4443968721
0.4158778962
0.2694748439
0.822799632
-0.2579013918
-0.01487772688
0.7297462791
0.5137114931
1.328593206
-0.1365694904
0.6551713973
0.321111642
-0.2582728967
0.1111518444
0.578753753
-0.2479990821
-0.4449089229
2.10517094
-0.3938583501
-0.2985918768
-0.3357070364
1.327757615
0.2977835499
-0.4291942745
-0.1174383115
-0.139220994
-0.2882485993
2.232054473
0.3038472161
-0.5959555387
-0.05648106448
-0.2391752683
-0.3328134216
0.6539190382
0.4455410773
-0.4007834457
0.4524935812
0.2938532796
0.7496101119
-0.463148354
0.3055844501
-0.05892038289
-0.167379861
-0.3129372716
-0.3543936007
-0.8031816393
-0.5340742782
0.6791117899
0.4385876771
0.05198257882
0.876097849
0.4914815947
-0.2217474572
0.3347248212
-0.3882430039
0.4376111308
-0.08195329192
0.04713079301
-0.2837743789
0.8558714408
-0.1959424827
1.091939096
1.655904615
-0.3952592611
0.6680623166
-0.7216079235
-0.1120228019
-0.03280694252
-0.09836182073
0.366993089
-0.3292789988
0.9455022909
0.07786925584
-0.1564142801
0.09591601402
1.388086501
-0.2897762246
-0.5678077221
-0.3838218123
0.268447496
-0.1076693109
-0.1165448178
1.377518305
1.236503986
1.230149281
-0.3030487861
0.516045953
0.1320624039
1.06732294
-0.3603083953
0.0449446246
-0.1296820609
0.4202539638
-0.3441639371
0.8183157548
1.478899968
-0.1180638462
0.5293065108
-0.01499017142
-0.6876612604
-0.4549093321
-0.3081391573
-0.4515444726
-0.1233210407
2.216822231
-0.3908493385
-0.005897807889
-0.3300340265
0.0836701531
-0.08284053169
-0.4724706993
-0.6728260607
-0.4039026767
-0.4204821564
-0.4766160578
-0.3066888329
-0.3237547264
2.189644593
-0.2165758483
-0.1724295609
-0.3956750266
0.5228749764
-0.0663137746
-0.2348638164
0.4403429411
-0.4252862416
-0.2240417305
-0.1914890427
0.2082723549
0.2153623218
-0.4411587998
-0.2465050891
-0.05901398342
-0.2177496728
-0.2435496785
-0.1950406484
0.2990558062
0.08929080861
-0.1041869272
1.641292119
0.04846262485
-0.2527550861
-0.5870666876
-0.283690308
0.3121442709
-0.2453405127
0.4138944522
0.1190719699
-0.005244657397
0.3706651058
-0.3024734162
-0.04431484602
-0.2709490858
0.1226163629
0.9001672089
-0.02438296676
0.5708602078
0.1726922749
1.344662952
0.01996410284
0.8616461128
0.1118732769
0.1095094067
0.8306894749
-0.2551054858
-0.3640492998
0.1938963871
-0.1093957489
-0.3324703349
-0.2848996164
-0.1257098835
-0.2802255193
0.334505666
0.3728414997
0.8893150881
-0.3255504742
2.895247233
-0.1205606448
-0.3752123371
-0.3487878926
0.1342492242
-0.1865085993
-0.1696033169
-0.2285767794
0.3045705778
-0.3484461606
1.03198313
0.01975069977
-0.2218780617
0.003351899423
-0.06490923855
1.693588448
0.6659141973
0.5230623767
-0.5933527768
-0.5010254934
0.5604779586
0.3334632717
0.9138504162
-0.4170029923
0.09269937053
-0.671852681
1.037388842
0.7647588104
-0.4050470173
0.3527935877
-0.4307356462
-0.3690818489
-0.5766192183
0.583724393
-0.3300632752
-0.09252470396
-0.09510792568
1.457101616
-0.05578226075
0.1254407821
0.1053532366
0.08712192886
-0.1513458056
1.169846755
0.4427926486
-0.2783769576
-0.04784961436
-0.01698689125
0.1464520875
-0.3435759146
-0.1375372753
0.3340497
1.169812283
3.088315625
0.3372650549
0.2773224428
-0.4365976647
2.903716332
1.674717264
0.10903652
1.506615266
0.7736273371
1.757749608
1.883363259
0.2141417313
0.7442059195
0.2380956162
1.90137139
0.08142225686
1.305510069
-0.2214580258
0.1222853901
2.46532688
-0.5647973716
-0.0149850484
0.2366025623
0.180074775
0.1203212865
-0.1567068754
2.348318425
0.5806029081
0.6488921128
0.8386423767
-0.00855033379
-0.08461893816
0.07803338086
0.4285731949
-0.2487834588
-0.5087089896
-0.3981687263
-0.3812883124
0.6607340768
-0.05375796929
-0.03979775964
-0.149466759
-0.1656772465
1.387320471
-0.1256814066
-0.0447355181
0.6045413494
1.084118032
-0.2929078531
0.634038993
-0.4916306958
0.1642437372
0.1090440336
0.1669024255
0.1034224759
-0.2148860808
0.7376858972
0.4766711919
0.2751236691
0.3028061829
-0.5418001711
0.4104207212
0.1637979655
-0.6855526835
-0.3758507296
3.004024699
0.4921137709
-0.2974022022
-0.2794499654
-0.192354547
0.4389852218
-0.1649932172
-0.02937335484
-0.3249519743
0.1420589671
0.5143863695
-0.2608646519
-0.2184095757
0.0005719231442
-0.1638898693
-0.1921144053
0.1548374373
0.1532199744
0.09597745799
-0.08294830387
-0.749479872
2.15726296
1.017815864
1.152611703
0.4599218462
0.27956503
0.6912456349
0.144658608
-0.2599621627
1.054363772
1.08870939
-0.4256296381
-0.2918071508
-0.1242343105
0.2186790578
0.2865022037
0.6836380437
0.09527997756
0.7869436935
1.400430927
0.2586357476
-0.3222166516
-0.536972262
0.7365460381
0.4518103704
-0.3407857388
0.1061455544
2.541603136
1.199026573
-0.2570208095
-0.1359467782
-0.4872224465
-0.6617112786
-0.4246856317
-0.00377643723
-0.5755546823
-0.6043944716
-0.04472357072
0.9398485795
0.4641969569
-0.08961732052
-0.03253099285
-0.5672671333
0.2127605697
-0.1728421871
-0.3408609249
0.2630119154
-0.3532216862
-0.1304478731
-0.5132689506
0.2147444907
-0.4737662211
-0.481878306
-0.7513840914
-0.3803876944
-0.1523016645
-0.06561339572
-0.5878462404
-0.6087987795
-0.4587436214
0.7558459044
-0.4684994936
0.1104343633
-0.4307656378
-0.30534482
0.01209072452
-0.3428627729
0.1871500048
-0.4431420684
0.0204326909
0.1684987633
-0.00327889584
-0.6220521957
0.1290498231
-0.4091749951
-0.1138534687
0.1599507688
-0.2538291559
-0.3541433424
0.03167821206
0.03080419805
-0.1040042438
-0.1541153513
-0.08874593321
0.8644689441
0.1494160162
-0.09335444681
-0.178101521
0.5786682263
-0.3778733782
-0.3934381545
0.840679808
-0.2244718928
-0.08941601068
-0.1785594199
0.3090932183
-0.2745590767
0.5886951037
-0.5540548578
0.4491269918
0.820929103
-0.419855459
0.1483326676
-0.3649550036
0.07491539
-0.1660556059
-0.1877187293
-0.3585642993
-0.3483181313
-0.5357745424
0.1370493894
-0.465625383
0.006679512979
0.09597335085
0.3662903765
0.008772091754
-0.734273988
-0.4660080701
0.4144949716
-0.371273157
1.083063564
-0.1491017804
-0.235972235
-0.1859486718
0.2109974661
-0.4771121532
0.5938994683
-0.2005044334
-0.581413202
-0.3170638062
0.1506723177
0.1323443979
-0.1394391596
0.05345167741
-0.6270941123
-0.5525408849
-0.3380112533
-0.4862709105
-0.5371036395
-0.1251487382
-0.5449848101
0.4007553374
2.336373305
1.086538598
-0.3322631516
-0.2991362914
0.2021852156
-0.4094941288
-0.1956560414
-0.1814299934
2.397315466
0.01899240073
-0.5706320897
0.9473096862
1.641093481
-0.6033735111
-0.01713310755
0.0752499749
-0.2617433682
-0.2464735707
0.03047371805
0.1574011283
-0.2654902406
1.387879699
1.785483143
-0.2672291562
-0.1253663246
0.1890206184
0.1293577455
-0.1152873365
0.06939966828
-0.003606653027
0.01982545499
1.89953953
0.1199996121
1.413498345
-0.3236439914
0.1141179703
0.5298613146
-0.2318213284
1.461744532
0.4051458206
0.264742896
-0.02170563266
-0.1345685029
0.01533458899
0.5359663025
0.8323597044
0.9499606416
0.0947726028
0.2953228969
1.026952723
-0.4188477665
-0.568693012
0.07700550621
0.8298853166
-0.2193742923
-0.2058080737
0.3948119316
-0.4600892421
0.4947653569
-0.1410908613
-0.2108502887
-0.4057437196
-0.05868663243
1.518813032
0.02608501595
0.101335063
-0.1304041192
-0.3361890838
0.2753986769
-0.03674929887
-0.1764259059
0.8395880751
0.5239848342
-0.4795131862
-0.02800910966
0.3169605289
-0.543529126
0.6157163553
-0.5338082135
-0.447709699
-0.02020920375
0.8678278089
-0.3865495563
0.8616829634
-0.08583655395
-0.07006372474
0.5803340368
-0.2284322243
-0.4851931728
-0.2082232341
1.406504321
0.2140721587
-0.2105033673
-0.1057182312
0.09447924923
0.02234353237
0.3471763317
-0.1136327145
0.3989259202
-0.3215095997
-0.6114366308
0.3218789923
-0.007215236127
0.3153875669
-0.3730518818
0.4207034003
0.2190914541
0.9046499923
0.07786526103
0.008025104599
-0.4030119911
-0.5027866572
-0.1106225263
0.08861012422
1.378331393
-0.3556691423
0.02710374612
0.5658450318
0.5605718516
-0.09903351702
-0.1019152251
0.8271101743
-0.2850831129
-0.3454462808
0.56503678
0.3958252576
1.203517643
1.005529594
-0.06310700774
1.193340391
1.584933224
-0.0368958436
-0.3575974435
-0.3178019978
-0.1932870831
0.2365711858
-0.02879858091
-0.4228767306
0.159827623
0.198297468
0.7241762638
-0.4897523835
-0.1302264788
0.329607716
0.7178585172
0.4432404287
0.6335173652
0.7283375502
-0.3444134191
0.2636262331
-0.4206922904
0.1193075931
-0.08507314213
0.1654007768
-0.3297010377
-0.6203602314
0.004343579896
0.5356933691
-0.0875676028
-0.3368217267
0.5750528648
-0.1030432399
0.2016036105
0.1533581026
1.061791268
0.3986181028
0.08767967895
0.533432807
0.489054301
0.2200086344
0.3460270049
0.1713794194
-0.1494407844
-0.2554468632
0.5763386071
0.1362251954
0.3533628585
-0.1757607415
0.6139007762
-0.1791846029
-0.2541177318
-0.3350637183
-0.1766342901
0.5366324991
0.5571258724
0.9315544754
-0.1664789815
0.6169700496
0.1653336003
0.04227540493
0.6036390886
1.3505045
0.3597478218
4.101844567
0.1617959684
-0.541533038
0.7638668135
-0.2665252596
0.5256760746
0.4792069018
-0.09172173045
0.3205461001
0.5762832627
0.3080767592
-0.2230733279
0.8363829806
0.5059848782
0.2009887839
-0.2580984175
0.0260269532
0.2668540481
0.07909921482
-0.150659645
0.5542373881
0.3949804926
0.004931535572
-0.2710018232
0.08030240387
-0.3266246162
-0.4742304057
-0.6248651236
-0.6809585437
0.2039456481
-0.243951422
0.03333692779
-0.5528418958
-0.2207080092
-0.6089201421
0.8223850898
0.01707240879
-0.3467632413
-0.3553614706
-0.4687164366
-0.2020221118
-0.2912619479
-0.6428502202
-0.1367726063
1.770826668
-0.05180982687
-0.3894157425
-0.3773430184
0.408476267
0.3499020962
-0.2659274653
-0.4974955335
-0.5379096061
0.02574234009
-0.08183046617
-0.2027549516
-0.34331109
0.3235135544
0.3102019101
-0.1347908132
0.1868744536
0.1041195175
-0.3977959398
-0.3699915849
-0.3866693567
-0.2262125578
0.8607416242
-0.2657402337
1.695664075
-0.6609291613
-0.209990821
-0.5652689055
-0.2973108411
-0.2764064111
-0.7922196195
-0.4384007804
-0.05012842864
0.4468041845
-0.388315098
-0.6245415568
-0.515907833
0.1664173219
-0.142191254
0.1941444535
-0.3324606627
-0.3877641767
0.6270585477
0.4538751535
-0.08880331996
-0.2820563771
-0.5510946095
-0.6670810387
-0.2905620977
-0.2653647192
-0.2139656175
0.310746558
0.2511268988
-0.2266215671
-0.09505505376
-0.4662348047
-0.2624984872
0.03914702106
-0.5933596939
-0.6559302062
-0.05608879547
-0.1261793084
-0.5570235416
0.3463726705
0.8802332953
-0.7207104355
-0.02317597121
-0.2144155569
-0.4790588185
-0.4283538774
-0.6150628731
-0.4861296386
-0.2089439556
-0.3882202201
0.1259913092
-0.6304001838
-0.2289096013
1.017597359
-0.4028587595
-0.3360530123
-0.2524233498
-0.5724374011
-0.5107537627
0.7623136878
-0.5261248529
-0.277819835
0.004148394614
-0.38440191
-0.4153695412
-0.2408613656
-0.5332594946
-0.4809649229
-0.4090205878
-0.3892521963
0.6022251345
0.1513539574
0.4079321437
-0.6716482848
-0.3599050224
-0.4126879379
-0.1047703136
0.2519339748
0.1476514349
0.06140237041
-0.1080701989
0.3212737314
-0.3450707525
1.605133519
-0.1322886529
0.03826108593
-0.1637731194
0.1032221511
-0.1392206483
0.05861873813
0.1180666315
0.1953107554
-0.1420185662
-0.017720039
-0.2077074887
-0.03277224079
-0.2239882544
-0.4906988144
-0.1146936387
-0.7231028855
0.1407224365
-0.1119906109
-0.4886318982
0.006917983666
0.443717248
-0.3782011211
1.448631784
0.1299619576
0.2771804154
1.827537686
-0.1404306959
0.9156490564
-0.4000770815
-0.491048415
0.04554726873
-0.7197012991
-0.4740445033
-0.1414755495
-0.4379230425
0.1780616992
-0.4695963308
0.1205983019
-0.5046552241
0.6773398687
-0.1065057579
-0.1589987844
-0.4163882986
-0.04073232096
-0.4278039053
0.3366880959
1.951576804
-0.6171303049
-0.06107952781
-0.361133191
-0.04391400064
1.92485847
-0.5963521123
-0.4223098144
-0.4351220816
-0.3068075243
-0.5161620364
-0.3765641328
-0.09922506623
-0.8005925655
0.1585174963
-0.2290246382
0.674359259
0.03202077504
0.6604782769
0.1404985981
-0.5250084639
0.3050458897
0.2015963849
-0.6057631731
0.04210723788
-0.1949706905
-0.04506441876
0.2929537348
-0.5144702137
-0.1654965408
0.6134290598
-0.2468597971
0.2515947462
-0.1545860987
0.3364602979
0.97980619
-0.4209531046
0.1013636814
-0.257419223
0.6010676652
-0.470221445
0.05386856608
-0.3447556511
-0.3010424137
-0.3455418453
-0.4346798234
-0.402693072
-0.5016716346
-0.5072605401
0.8085350171
-0.2043701537
-0.2348113623
-0.5057066321
-0.3900847211
1.085008034
0.01241421141
0.6493028007
-0.5650442928
-0.125121117
-0.2004234694
-0.2147683538
-0.0633203214
0.5158943854
0.05964191975
-0.5808639511
-0.5756679788
-0.3865654267
0.7819104999
-0.6635040462
0.3305096433
-0.2284703795
-0.155325757
-0.4220718011
-0.3050313082
-0.537180388
-0.4372264951
-0.3346361801
-0.3624715373
-0.7951112658
2.131374429
-0.3037921648
0.2766149986
0.7668030852
-0.3077869445
0.03818079447
-0.3225094512
-0.1566898357
-0.3568270795
0.2221745066
-0.421074599
-0.527911444
0.6842298433
-0.4753076896
0.01195324142
1.049513306
0.2937106926
-0.3155600555
0.04507433055
0.1904302739
0.5767486027
0.2438939518
-0.2070171896
-0.06931685847
-0.1149804955
-0.5718270943
-0.07476120815
-0.1164170645
0.06372015649
-0.3307604615
0.004852178646
0.1380320832
-0.2887972645
0.1734666929
-0.72702865
-0.06451514848
0.2520175141
-0.4206036299
0.08212966644
-0.009223266132
-0.3758215562
-0.4276169553
-0.4746765196
0.7394054011
-0.02152080126
-0.05120546827
0.4075233841
0.156329287
-0.4076821402
-0.1681617245
-0.03105990887
0.134236664
-0.2011713501
-0.3322629742
-0.332457719
0.05828325292
-0.3309029564
-0.2578205824
-0.1474270929
1.516645357
-0.3784618475
-0.0004303053021
-0.08620704841
-0.01404057173
-0.1577652734
1.638929342
1.694641954
-0.07598120254
-0.2259313077
0.002431576513
0.2244101407
-0.4859025523
-0.1651142826
0.312158194
-0.5343541816
-0.5473587781
-0.08953953106
-0.2506546326
-0.1792078268
0.04140690025
0.234459158
-0.3887194838
-0.03634958426
1.324997551
-0.4605214655
-0.6810328037
-0.1567498768
-0.7154304534
-0.4506498486
-0.2556766866
-0.588650091
-0.4575610101
1.863628533
-0.04015657883
-0.4674008414
-0.3127657913
-0.392336116
-0.3154298946
-0.3205356736
-0.2370043527
-0.3996234715
-0.3067595504
-0.5462756604
-0.07000417337
-0.5228292126
0.3934965034
-0.2884798273
1.360110173
0.05053943116
0.0255825107
0.2037305976
-0.5225178316
0.05115316324
-0.4203613907
-0.4409630001
-0.1571924057
0.4973599605
0.1822754429
0.2632127898
-0.4362138748
-0.2041164722
-0.342009284
-0.433640568
0.05187079553
-0.02333681788
-0.02932440438
-0.3148203455
0.02460760809
-0.3666029245
-0.234616293
0.2381477661
-0.4891508862
-0.1366670945
0.09503780771
0.227026582
-0.409310858
-0.1650370073
0.05164481504
0.2790644657
1.436858439
-0.5079376623
0.6030652732
-0.003469983535
-0.5195398763
-0.2029358085
-0.2444443393
-0.6432235122
-0.3465252038
-0.2056446016
-0.280191949
0.1066485152
-0.3387686901
0.6663708995
-0.2420057073
-0.2672613177
-0.2156916725
0.005095154233
0.1555236422
0.8801220978
1.892643353
0.5350431748
-0.4499747753
-0.3873688102
0.02970931157
-0.505208239
-0.554131639
0.7740145549
0.7303298771
0.189206662
-0.130493588
0.250922383
0.1584920499
-0.2074486174
0.01512142797
0.3299263608
-0.1239055786
-0.4903501302
-0.1035825517
-0.1781702768
0.554475639
1.167210715
-0.00840476919
0.1111052595
-0.6175682962
-0.2298773907
-0.06113039572
1.296076861
-0.009955559624
0.3790451533
-0.4547446351
-0.2716532212
0.4567347798
-0.6824644402
0.4065514404
-0.3346520178
-0.1884909637
0.8767844453
0.7046984971
-0.2427817531
-0.2917985298
0.4419401444
0.6971052639
0.6415491309
-0.2258766089
-0.363087194
0.5357304569
-0.5427147761
0.05159665932
0.2319431376
-0.05496088974
-0.2920168646
-0.4359981924
0.2007533322
-0.2487620875
0.5467244923
-0.5861719146
-0.4692013592
0.5210165538
0.0994034613
-0.1460761638
-0.3277336143
-0.6329680353
0.5902402781
-0.5542998865
-0.2666732902
-0.395888079
-0.1024044752
0.3090480253
-0.401970619
0.2127088401
-0.3049804389
0.0679638166
-0.3585961141
0.04285519551
-0.5117572837
0.1856449363
-0.09024457252
0.06848399099
0.01077467632
-0.0720397206
0.4712572627
-0.05501246341
-0.3315346204
-0.1610062215
0.194683122
-0.4786088049
0.009917536844
0.5246161608
-0.5528744832
-0.1984413076
0.07563683074
-0.2363154437
-0.5500982866
0.1517301552
-0.4101281293
0.07769623008
-0.2911178276
0.8323694929
0.7760435313
-0.5731525257
1.250278804
0.1722901471
-0.3608633481
-0.2223156333
0.5651986256
-0.6476174295
0.1950653251
0.1083685907
-0.1763007663
-0.3934190741
-0.3128786825
0.2731642243
-0.7054709285
-0.1880620081
-0.373285421
-0.3053338354
1.688261282
0.3626894914
-0.2641191699
-0.2247901067
-0.3598571427
-0.2857983679
-0.3882430211
0.8976559341
-0.5627673581
-0.6262199059
0.04491036348
-0.1297623672
0.1587073637
-0.3740838856
-0.1466868553
0.8139729233
-0.3968076438
0.9691652
0.1212942977
-0.4054279327
-0.3437699519
-0.6867411405
-0.4232391372
0.290965569
-0.09739390179
0.4313835938
-0.455982995
0.1176622583
0.3465236759
-0.7015200034
-0.09971148409
-0.2850549817
-0.2892122708
0.455500493
-0.006587245502
-0.2879442088
0.9893535018
-0.1412294421
0.9203167006
1.352616084
0.305963248
0.7474718511
-0.4829423107
1.39976908
1.543083552
0.1634423508
-0.3640222386
1.043848369
-0.4778520301
-0.229668114
0.5968230993
-0.07223631404
-0.06570717953
-0.06735257581
0.1740690657
-0.3928701252
-0.3825266153
-0.1928943265
0.08681617063
-0.3780378453
-0.1046281544
-0.1176554617
-0.0438377412
1.737482446
-0.01766017601
-0.4040801756
3.144801044
-0.5924932301
-0.137558059
1.617083393
-0.4039300319
-0.3839969888
-0.1105512477
-0.3075570308
-0.3820367586
1.21789919
-0.2180734299
0.1878502293
-0.3491631478
-0.4369619399
-0.2585897379
-0.4562195934
0.7940403683
0.01976503637
-0.443207188
0.6672835641
-0.09328290299
1.532591432
0.3127869993
-0.004890606552
-0.3895358138
-0.2460293684
1.351823151
1.232874727
0.3392610237
-0.1047592873
2.344679651
0.3168850692
-0.3774909854
0.2061551463
0.3382589204
0.4941869195
-0.1252450969
0.7491336167
0.2793157689
0.2795600843
-0.3295351848
0.2788465569
-0.1933839254
-0.251991161
0.1015566218
-0.1576355886
0.8511794014
0.0385437726
-0.2309772702
1.695601258
-0.1630515873
-6.235279143e-05
0.2406796282
-0.3435656846
1.135183495
-0.3639203385
1.115532073
0.2664995605
0.1428842383
0.1208733676
0.1984259235
-0.06614068132
-0.4609584361
-0.6686956689
-0.2622394919
-0.2171241604
-0.4473666102
0.9562520474
-0.4660472736
-0.2010508368
-0.7139830619
-0.4476215109
0.8138971969
1.886638173
-0.01234689946
-0.2307730198
0.3345993917
-0.4104274675
-0.3101378433
0.5254190661
-0.006236100197
0.05177138336
-0.3607322354
-0.1399059922
-0.5493025467
0.02053155303
2.18844935
0.4786022685
-0.5823913366
0.6184292432
0.3714989685
0.3595223963
-0.1560168661
0.441862122
1.967179155
0.2795585943
-0.3083123483
0.1492472773
-0.5711307734
0.409163899
-0.2986220114
-0.1887904231
-0.4799645241
-0.008224723488
1.456858099
0.2897167085
0.07992112301
0.9678493425
0.2163031571
-0.3766899146
-0.4945175245
-0.1950028535
-0.4702018306
1.209512788
0.06455604732
-0.0902192004
0.009716299549
1.970464704
-0.4839002028
1.264340302
0.365918133
0.9407338664
0.8345729716
-0.07306782641
-0.1013810921
1.442673643
0.4833288794
-0.4847259313
0.1626970347
-0.4259543642
-0.7204925835
1.4812749
-0.300941148
0.05454681367
-0.1585905716
-0.03414807208
-0.3038681146
1.497690058
0.0111131778
0.1086084144
1.029522356
4.575911218
0.5182026818
0.2178686278
0.4181899291
0.5025599658
-0.2318033185
0.05493635423
-0.249667801
0.5477356143
-0.4576321676
-0.5657215357
-0.7155795276
-0.4648843005
-0.4592115562
0.2458230728
0.2326616263
-0.02849920243
-0.318904243
1.351852566
-0.4963988855
-0.4199841559
-0.0292470444
0.594908949
-0.5556926757
-0.4553599462
0.05059798202
0.08417152055
-0.0368050823
-0.4169642538
-0.2667526238
-0.09016509484
-0.2547664598
0.2008693526
-0.06745354217
-0.3196693271
0.2442788195
-0.327901268
-0.3329900265
0.5169669557
2.285932213
-0.1059133727
-0.4136181995
-0.3414620481
1.79243418
0.3165962485
-0.0877151818
-0.4536581337
-0.06183793992
0.2293242217
-0.3038649518
0.1638094282
-0.2417093815
0.07713371515
0.3596912829
0.1595517497
-0.209061031
0.2436276969
0.2665621653
0.4257716782
-0.4791188568
-0.2162824083
2.767576742
-0.1796156939
-0.06128458083
0.3990568649
0.1537780358
0.5738130659
0.3929817624
0.1166839847
0.4897147745
0.1063143279
-0.1857684031
0.1400736695
-0.002207352966
0.1524548369
-0.0319002911
-0.004751147982
0.7462171212
-0.5798204631
-0.3585772678
-0.1450727813
-0.2739452377
-0.1590178153
0.3728935538
-0.1134804364
0.1066402388
0.3108341429
0.7081480145
0.4290283816
0.6904411703
0.5714422673
-0.1680392699
-0.1814837649
-0.3422048848
0.8080801979
-0.1452069167
-0.2866784044
0.2172054043
-0.263960373
-0.02445236556
0.6778988138
-0.3097044379
-0.1446745504
-0.4033628128
-0.2118391395
-0.1796027336
-0.1784194741
-0.5856653377
0.4868078068
-0.1173208389
0.1049827458
0.3056891389
0.3218277408
-0.1230678359
0.6020924456
0.08838800751
0.05777081917
0.3340573158
-0.00875114752
0.7737571284
0.2496998107
-0.3420106724
-0.5207471177
0.5947775997
0.6057940252
-0.1596497227
0.1253676832
-0.05181305595
-0.4134631947
-0.4990483679
0.01463575177
0.7251193509
-0.1708220975
-0.1407533821
1.256872779
-0.2135605417
0.5944702104
0.08643900268
-0.1399388831
-0.2045439418
-0.2496412769
-0.03139342032
-0.06817921344
-0.2006351359
0.7526202634
0.397176832
0.4578444026
1.119651611
-0.318042241
0.3787496049
0.742379453
-0.3771554284
-0.09343820922
-0.2806975126
0.3114372646
0.4282201039
0.6462815985
0.01578874905
-0.1252184235
-0.06033612341
-0.4665569156
-0.2430382147
-0.5217807293
1.328461337
-0.5340040788
-0.5811946571
-0.4453636304
0.1144736202
0.5999192744
-0.1389512837
0.3103447635
-0.1960547959
0.49423083
0.3598358728
-0.2361430623
0.4999818578
0.8726445973
0.6892118542
-0.1707876772
1.193150532
-0.1033750279
-0.04747528713
1.431872457
-0.6751745969
-0.02258777134
-0.5199342132
-0.4269838654
1.385846701
-0.5181806281
-0.02526880354
0.02619607896
-0.3263853014
-0.1461860858
-0.2492250517
0.7656681687
0.6148147054
1.566214195
1.211943853
-0.3445719823
0.3705198698
0.9735381454
0.05712406775
0.1459350772
2.415300936
-0.01399571444
0.8007824555
-0.1378758542
0.2684486827
1.067574131
3.494556218
0.4701337209
-0.1699511196
0.645567058
1.752637653
0.8114486933
0.2033303229
1.53407312
-0.3054716781
0.7853751928
-0.5118446991
0.9222476214
0.2770721497
0.2770410743
0.03491581841
-0.3025859104
0.7642445907
0.3651360146
0.5509636562
0.2841070047
0.1092125589
0.8719256461
0.01489258958
-0.3467366621
-0.3346055739
0.07299768939
-0.2541790746
-0.120442576
-0.384269882
-0.3918940656
0.2994385473
0.2525814265
0.1640372117
1.23268252
0.04524116139
0.6073772751
0.5798127063
-0.232212873
0.7912046589
1.215967487
-0.1714565825
0.9740597412
-0.4022156477
-0.431308344
0.03501912057
-0.2405742869
-0.3479194634
-0.5772679642
-0.5949667633
-0.1957265254
-0.4865416795
-0.7166936666
-0.08928315341
-0.03625497073
0.3605983769
-0.3675215155
-0.1012424849
-0.4999430656
0.1953087999
0.1333634499
1.302363637
-0.3315686047
-0.06098838449
0.7318423986
0.5291354969
-0.2742710168
1.001988155
-0.216783718
1.154040518
0.6630694233
-0.4265402518
2.432138878
0.08569939327
-0.2739825442
-0.305420715
-0.5272432566
0.1848837964
1.719149634
-0.1889981158
0.3673644433
-0.3943140298
-0.7224622846
0.3119198532
-0.4570634529
0.05742248138
0.2674295777
-0.3020462558
0.25146659
0.706670329
1.110171255
0.2550805151
-0.1115741301
0.3112452427
2.726535624
1.795633871
-0.01492953282
1.353974545
-0.3026793879
-0.2998356478
0.2607506778
0.6113822281
1.721896601
-0.4749374449
0.3957207318
0.5277680311
0.1641617602
-0.07707394883
-0.3142726339
1.639007169
-0.3388686903
0.0668575081
-0.08457102161
-0.2177814791
-0.1407957052
-0.3345352113
0.8179561898
-0.2654153951
-0.6909662336
-0.03373094406
0.3676170859
-0.5844216391
0.06475930214
-0.4075826384
-0.2621747829
-0.5827570006
-0.005716988072
-0.3047136731
0.3491007763
0.3389305277
-0.3949354462
-0.2493220985
-0.4109840527
-0.06474254387
0.587127196
0.09095681999
-0.2373284185
0.5975731112
0.7397605509
-0.4016644366
1.865642685
-0.1767757569
-0.2486492589
-0.5638370186
1.384346679
0.4258456074
0.4465811402
0.9451662987
-0.3641530238
1.407569677
0.1015747323
0.1747450555
0.7670127757
-0.04092877768
0.3805449357
0.5389717501
-0.1531019978
0.1877177461
-0.2567083187
-0.5786875948
0.4095549025
-0.5131562725
-0.1396187659
0.2941797536
1.865734418
-0.157610603
0.5380734012
-0.01171305515
-0.04422801174
0.545918072
-0.1051092579
0.5642113492
-0.185039315
0.9422715366
2.739323175
-0.2142297491
-0.6321279287
0.3446745675
0.3540482864
0.02955375388
-0.358436875
0.5620505109
-0.2331036001
0.2482218834
-0.1001195285
-0.1666910976
0.1859345503
1.055758744
0.05581320412
-0.03078460228
-0.1169056553
-0.2876833454
-0.2950766701
-0.4240440428
0.1960129621
0.1467065984
0.5923297398
0.06216858076
2.460076964
0.070266979
2.057606804
0.426718602
0.7113833666
-0.03369187727
0.05667388085
1.006944719
0.2133373629
0.2012354491
-0.07218306772
0.214179603
-0.4211962864
0.483390598
-0.1606818896
-0.1769725375
-0.177461719
0.2017180595
-0.08990536407
0.03201502054
1.270391935
-0.1730705988
-0.3131006107
0.366340467
-0.01060065962
0.007867116854
0.3435083829
-0.3056017905
-0.1477773853
-0.2849275265
-0.3396486782
-0.2460417278
-0.33138032
0.1415001995
0.4309070587
-0.03517085947
1.101939803
1.522912341
1.636155224
-0.1968261521
0.1039304912
0.7062793883
0.1379625548
2.274350744
0.6030055664
1.324885669
0.229879567
-0.330571153
0.1569805688
-0.2486519299
-0.1260040414
-0.08908192739
0.06711574085
0.5929708723
1.017917243
0.1958150914
-0.2094790231
0.5589221105
0.2740274316
-0.08936415985
-0.3846969247
0.7869848073
1.12145372
2.115575737
-0.5574843958
0.1188229404
-0.2556334596
-0.4212277912
0.7251590207
0.4058249732
0.04946960211
0.7246678054
-0.09683651477
0.7066116408
-0.2538200263
1.382826003
1.218880704
1.3885767
-0.2984098729
0.4652442746
0.02558983173
-0.0893974822
0.02069547903
-0.09009443372
-0.1738418255
0.7797063127
0.3196585149
0.243191655
0.4937325438
2.405790931
-0.2002052398
-0.3748800844
0.2879418965
-0.1470463175
0.9253903225
0.2092429049
-0.1850762708
0.8384692162
0.03335314039
-0.007350430684
1.895626846
2.199107781
0.1788447054
-0.1411529742
-0.2823503651
0.2473716726
0.3431479571
0.2575047636
0.2775883545
-0.3589409165
0.9642761201
1.138896671
-0.6184634805
-0.2526360948
-0.6123794287
-0.1618380826
-0.02978999605
0.1614808865
0.8819399953
0.1038553135
0.5039020732
0.1494239427
-0.2742754132
0.07352745607
-0.09319781624
0.513188526
0.95324433
0.1217298284
1.086110154
1.342716572
-0.1756783277
0.7690109238
-0.2981450073
0.1435349033
-0.2158482008
1.065726529
0.06300337501
-0.03923241589
1.327026969
0.2371545173
0.2511312418
0.8006711818
-0.3121163277
0.04678047383
1.123512475
0.6177164957
-0.4083504379
0.6450454608
-0.1651171414
0.6039700717
0.6350838616
0.1421149209
0.8718268737
0.186516461
0.1024102515
0.3667343978
-0.01131451223
0.3263669677
1.044486877
1.67119021
-0.0721968608
-0.002828555927
0.02676434945
0.7548059583
0.4373771152
-0.1137784292
-0.2537411295
1.72409597
0.1572203703
3.454570323
