0.5976538386
-0.1616339291
-0.08516575182
-0.3162552733
0.4478950541
-0.3745877277
0.157372261
-0.3242035784
-0.5728532881
-1.057812649
-0.6002732083
-0.7554720297
0.7024490535
0.05470723305
-0.2063527079
-0.6311258301
0.3099708226
1.155929831
0.4159463003
0.2740127735
-0.002594637312
-0.5030110598
0.04743057583
0.3530923054
1.661856908
1.507854246
-0.08979670014
1.096177466
-0.9086786509
-0.9939275086
-0.2197346932
-0.192977968
-0.006596481428
0.2618664249
-1.257534552
0.117288862
-0.5941884443
-0.3087841365
1.341207805
-0.2524096085
-0.5502309725
0.1377242325
-0.8769773662
-0.7743738189
-0.9247697838
0.2473074161
1.7615064
-0.4413075767
0.4519283414
-0.1471033268
-0.2277199363
-0.01859572884
0.8714854039
0.2566220501
-0.1760624215
-0.9183603227
0.1391053502
-0.4516188204
0.1211452011
-0.4657820884
0.0388354633
0.05443978617
0.8760833442
-0.3302024163
0.8046305314
1.38568906
0.1826386238
0.6766236516
-0.00596895311
2.063042721
-0.2543170188
-0.1583658628
1.254905942
0.0004524435382
0.3497813785
0.1617786594
0.7687465802
-0.1918004073
0.5017029703
1.184736231
-0.2651243808
0.03126594536
0.049266541
-0.04583252892
-0.1683464024
-0.1906597259
-0.3015507082
-0.225137569
0.1231550555
0.5737350374
-0.3788951747
0.2194204994
-0.2183977451
0.9431759894
0.2490654578
-0.921350123
1.994527924
-0.3749730825
-0.5905746117
0.3958911791
0.9161131024
-0.2205458665
-0.5653260693
-0.7726671338
-0.05374759501
-0.3745282724
-0.3109394476
-0.05015087556
-0.2046843754
0.08034830112
0.4039844338
-0.514148955
0.4686790928
-0.02287990395
-0.4283445969
0.8638837244
-0.5167730376
-0.1661750298
-0.3033812473
-0.1475573152
-1.105171803
-0.8551024497
-0.694989115
-0.4536288269
-0.6807281062
1.489163983
-0.3117512623
0.04575319812
0.1642290267
-0.6897036552
0.2519744691
-0.6828258455
-0.1820074772
-0.5539429441
0.2895140611
0.09044828974
0.2931984404
-0.3753268152
0.5972365106
-0.7106114529
-0.07029301375
0.6233803146
-0.4990222842
0.002708372474
0.006705505447
0.3596052675
-0.5672226608
-0.04280374674
-0.3606810823
-0.1066032045
-0.7272845
-0.1125319063
-0.5411584273
-0.573268643
-0.01153450981
-0.9963589936
-0.469298853
0.1818733708
0.6093291014
-0.3537624113
-1.022971946
-0.1470657546
-0.2957095669
-0.8509530634
-0.8869770676
0.235433359
-0.01798734404
-0.5557700917
0.3886258595
-1.034947067
-0.5753874436
-0.9106954753
-0.6805036396
-0.6210384041
0.1492723411
-0.6374571461
1.292188527
-0.5155060291
-0.3278967083
-0.1945991743
-0.7028340638
-0.1963421668
-0.4232139012
-0.1364115999
0.06388835683
-0.1604301354
-0.8118056759
1.208217102
-0.2998000167
-0.07779283165
-0.1755335333
-0.6860022664
0.6935702026
-0.01397753721
-0.6673051089
-0.0515624404
-0.5935345501
-0.03882056279
-0.5649760604
0.358061947
-0.4811298266
-0.3916377097
-0.9063708842
0.3801883049
-0.4792857461
-0.6495876715
0.1564778861
-0.1701239696
-0.7876141489
-0.2717267962
-0.6234803692
-0.1655219238
-0.1489476718
-0.471554742
-0.6448641658
-0.3687478907
0.2924039166
-0.6057761542
-0.3222657971
-0.2796781272
1.935425266
0.2802784869
-0.488389045
-0.1387881018
-0.5783663213
-0.7025153011
-1.155201596
0.9812159687
-0.4244457901
-0.175716779
0.479004541
-0.3958032355
0.3039282314
-0.03696001871
1.450495473
0.2897606857
-0.1509834368
0.6532157399
-0.4171478808
0.3349063136
0.2585216756
-0.1645878627
-0.4419786215
-0.1915649537
-0.8486125857
0.2533999907
0.1530395783
-0.3904162675
0.8870371327
-0.1018479126
0.6687279977
-0.1722518326
-1.085680524
-0.3625883482
0.1985537879
0.38345218
0.3542475794
0.2674225159
-0.6842978824
0.00991531238
1.18301229
1.096196276
1.696784613
0.509602356
-0.01500140689
-0.2905752633
-0.5797843218
-0.7546401799
-0.3119425446
-0.2153328456
-0.005821072683
-0.4908638876
0.3760498799
0.9376602368
-0.3306966569
-0.2700186145
0.007732624747
0.5126167314
0.6503214478
-0.452437979
-0.2741220459
0.1358920525
-0.16390865
1.376209904
0.1206308535
0.4143273253
1.384558237
-0.6345484018
-0.2170144346
-0.05987485498
-0.7723038249
0.5612586062
-0.6264101475
-0.1677027134
-0.2808214659
1.193047553
-0.2206641212
-0.3571262944
1.344217563
-0.6064085245
1.728600413
-0.09084343575
-0.08044345565
-0.4990636043
0.2785969631
-0.6761553541
-0.4318701539
-0.1368940614
-0.03555619605
0.03727915287
-0.5039510921
0.4499285843
0.35253838
-0.7141290396
-0.5868322179
-0.1491434915
-0.7009633943
1.889590508
0.2053498602
-0.2994569331
0.06015209667
1.464613467
-0.2788566848
-0.7947441809
0.6618438844
-0.6455071293
-0.09235108662
-0.605828172
-0.3252481572
0.6748209529
-1.030592969
-0.8373798862
-0.0003078890033
-0.6488000035
-0.151313098
-0.7831121087
-0.1864982568
1.273083991
-0.02665035464
0.7911435708
0.2486883655
-0.2749491692
0.8783687849
0.2000111794
-0.1715838345
0.3374855416
0.3009858102
0.1663043537
0.1797285812
1.699157238
1.256269064
0.1758216206
-0.4068508171
-0.6457058236
-0.7917474926
0.159990792
-1.007785544
-0.1906556142
-0.2575273497
-0.4715023667
1.210232538
0.03369085519
0.09495666847
-0.1802174851
2.383421871
-0.8599183053
2.103052691
0.138508022
-0.3888024136
0.5538602144
0.8741972553
0.8965448856
-0.4290862739
0.267186285
0.4050068967
0.1483975941
-0.0550927911
-0.6306427464
-0.3477351777
-0.5888816833
0.2000886715
-0.567054306
0.1169027419
0.426312051
-0.5940657012
-0.08697039718
-0.04665372213
-0.6698056459
-0.5491541609
-0.1893773962
-0.7718746781
-0.8424306512
-0.85943188
-0.1657743439
-0.2422879927
-0.8634573609
-0.1122856821
0.1377847966
0.5617187291
-0.8472560823
0.04850195311
0.1709064867
-0.308548972
-0.6581655741
-0.3681852423
0.3994720632
-0.2997190313
0.01827267925
0.07207767051
-0.144445877
-0.1671186302
-0.4817678936
-0.001820982248
-0.1259696588
0.1642833251
1.134992698
-0.6541601673
0.3742292408
-0.0872736061
1.419532038
0.4548438378
0.4373340172
1.126242172
0.5578140032
0.09973363047
0.2927272553
-0.5616707638
-0.02462563114
0.312700166
0.3343219019
0.5271068245
0.08043234283
-0.1095989194
-0.447929351
0.01132135857
0.2431120358
-0.3094407864
-0.93975012
0.06386089819
0.6973947465
-0.3548681512
-0.3767559279
0.1697962314
0.7222488537
-0.2045717217
-0.09660834391
0.3211295526
0.05322644841
-0.444719065
-0.1908846147
0.2481446864
-0.07483316585
1.277287063
0.1897134362
-0.5092575476
0.2582985492
0.2789661635
0.0386989804
1.343861794
0.9639242891
0.1785566632
2.234316951
2.339763212
-0.1750697529
0.1581045737
0.5688960508
0.08478595074
0.02249121862
-0.271718581
0.2604982039
-0.07814132553
0.9329811752
0.1002686549
0.8244707912
-0.2169773858
0.1646072063
0.3361393273
-0.457282038
0.660076578
-0.4999339588
-0.2962204486
0.166532033
-0.3246957533
-0.7134266287
-0.2605534911
1.304253724
-0.4117163442
-0.1554558525
-0.8599202305
-0.5018877238
1.620626438
-0.1526552536
-0.08492564149
0.1603842657
-0.2223448789
-0.1340635037
-0.1577686742
-0.7144139796
-0.3290083494
-0.173296759
-0.1990379736
-0.8362379804
-0.02483517732
-0.07033800334
0.07968670176
-0.2158990446
-0.7712048724
0.4109048225
0.08204841968
0.1339511745
0.3281475918
0.4466734208
-0.1942947451
1.08666248
0.6944165565
-0.6222134575
1.008130875
0.2738379672
-0.6239864007
-0.2242986202
-0.297210031
-0.2045466963
-0.1414272234
0.5906516671
0.1991666417
-0.835680294
-0.0196674915
0.7652933896
0.6684557974
0.123888067
0.193878749
-0.8005195975
-0.2102618158
-0.5312016219
0.911972028
-0.000512278825
1.359094921
-0.1268935889
-0.1805035789
0.6979838505
0.3257115901
0.08373680674
-0.4531326994
0.1475565411
-0.006903552986
0.1037447101
-0.3838492766
-0.112661414
1.113185246
1.431455588
0.9564419426
0.2484388061
-0.1558560088
0.7281396843
0.1593117999
-0.715958064
0.3970908919
0.9069611616
-0.8067595005
0.7608456001
0.6108783187
-0.5376174614
0.2063868094
1.922720539
-0.5870282147
-0.405216679
0.816359517
1.031290628
1.26056084
0.9621805623
0.4499263644
1.127753416
1.038640982
0.2343904927
0.8815551221
0.3346840299
0.3672791714
-0.1022229018
0.3150200611
1.385458323
-0.636436303
-0.4669048987
0.7810874745
0.04956074487
0.09453174286
0.3528696526
-0.4728305534
0.4187811736
0.4384028146
-0.18705827
-0.08844690844
-0.5769042708
1.63104367
-0.1517617835
0.3310695998
-0.3138969049
0.9874784276
0.09867036771
-0.2799190216
-0.09459932819
0.09947195947
-0.2974846788
1.606575546
-0.6692976482
-0.002702020481
0.4581923783
0.09428527318
1.601105878
-0.3560081668
0.3917739652
0.05670087105
0.2392046252
0.5671262778
1.410372645
1.052120897
1.020470425
-0.1214204376
0.3139809962
-0.1078753075
-0.503616228
-0.2772200959
0.5938248022
0.3795499105
0.2666958963
0.2641584113
1.475612834
0.426963418
0.01477920078
-0.2456471995
1.15206632
0.1944597851
0.2337127988
0.0383557111
0.1139547427
0.07860306613
-0.1956548005
0.1775255088
-0.3231933406
-0.4188828886
-0.4511474028
-0.7746842235
0.566167313
0.5238177583
0.2075542822
-0.3461407932
1.287189984
0.4566097489
0.007750430517
0.1922554683
-0.1328694999
0.1269036203
0.1839775607
1.825921553
0.02715436239
0.1672256711
0.4538530998
-0.04036204331
-0.134559774
-0.01095290557
1.061709236
0.6618566701
-0.0005873017013
0.875382594
-0.02549696304
0.1429570157
-0.2671594966
-0.861216411
-0.8050994217
0.5218877876
0.05663848966
1.160978766
-0.4621998988
-0.08464314733
0.473713788
-0.4960947946
-0.9064186975
-0.1436522746
-0.3206177596
-0.08037564792
0.02084947554
-0.6103239864
0.1641991641
-0.5637342617
-0.08946647123
-0.1450330072
1.153852851
-0.3849950962
-0.3155105494
0.3127854526
1.093953478
-0.08968301765
-0.05262212539
-0.6116281465
-0.2453717414
1.477748948
0.7423765041
-0.6065982848
0.2132363727
-0.7786391422
0.1888924521
1.324791844
-0.2111580921
-0.180252526
0.09574333206
0.5255284309
0.05684267767
0.7654077657
0.9345430985
1.34919863
0.8097356811
1.20317148
0.6609312929
1.25441055
0.9199791841
0.9155044228
1.126375625
0.722121004
0.50799734
1.248678842
1.17723664
-0.2883058023
0.4386605144
1.195843416
0.9986171335
-0.01521005519
-0.6269965708
-0.07455937257
1.033028546
2.002555203
-0.02033364112
0.9417018145
-0.3781419978
-0.01127988901
-0.6702050433
0.1247967076
-0.002091486007
1.207045138
-0.2479788966
-0.1617060849
0.1834771813
0.7728623196
-0.04371099528
1.288091145
0.9998605773
0.3640214335
-0.4587788008
0.4390547246
1.239962064
0.9267792538
0.2988903865
0.2495028254
-0.7517238826
0.9307218671
1.003570865
-0.1194019588
0.8890488468
-0.1478086683
0.2557624195
-0.4096705727
0.7888055176
0.275529357
1.158809882
1.629525954
-0.08338509127
0.03379100077
-0.322723642
-0.4600566216
-0.363357095
0.9143441632
1.302592725
-0.1189301644
1.495937178
-0.02740771323
-0.2599727549
-0.01582727004
0.4323689021
0.2186549583
-0.3602292746
0.3262611903
0.4223402858
0.1058751732
0.40259501
0.02087965999
0.6634027034
-0.1611568628
0.1471363442
0.01878666878
0.3369973109
-0.03334327266
-0.1272330277
-0.7783250481
-0.05839382131
-0.117745877
0.2458643483
0.6506746918
0.9574282527
0.7341893837
0.3567978475
0.4707613401
0.4269150801
-0.0777771771
-0.9527292997
-0.22472893
-0.1270915839
-0.7446243882
-0.1922430305
0.07472832317
1.378707927
-0.2483661775
-0.9899831086
0.1718973762
-0.5709031135
0.1725899743
-0.6094658092
0.09026915934
-0.7425723433
-0.2818736538
0.3515740424
0.07541334983
-0.1076369498
0.3344217557
-0.4410665128
0.4440302588
0.08414240927
-0.270522128
0.5959804416
0.5393349193
-0.4653970331
-0.1389157669
-0.8340437233
1.445132419
0.5928228943
-0.1276676032
1.497799578
-0.5326004505
-0.4522355214
-0.3867302593
-0.2615805835
-0.1899366394
0.110453548
0.007199784648
-0.3007926233
0.1081784225
-0.04307148065
-0.3961391315
0.427022896
1.453958444
-0.5183235638
-0.497442051
-0.4564487007
-0.2044990577
0.1669055965
-0.5312598616
-0.3313696697
0.6866570882
-0.006987144146
-0.4540422618
-0.347339645
0.7070838585
-0.781571801
0.9211008176
0.671816884
0.2540423554
2.349362028
-0.1232727978
0.1111017593
-0.4155179337
-0.06685308688
-0.5061041102
-0.5442414954
0.1937514303
0.972854659
2.135303915
1.275422868
1.409074429
-0.266395452
1.178230155
1.855689543
1.501870922
-0.5256152526
-0.04792810325
1.264023496
-0.2536423925
-0.927204904
0.6931009993
0.9209409177
0.9075122245
-0.02922860347
-0.5869861312
-0.6068438873
0.5426384635
0.4712520041
0.2662117945
-0.2631888278
0.0001850172877
0.2114136973
-0.1861761446
0.4521616235
-0.07647654973
0.2955998088
0.5408821486
0.4103770566
0.08048783243
0.7792612836
-0.09298309162
0.8558729321
-0.2437575974
-0.6265587047
-0.2782272711
-0.4875566646
-0.1669275377
-0.2121319397
-0.5533305734
-0.09887446724
-0.1667094402
0.2023330189
-0.6266601488
-0.3127613805
0.6036492269
0.006120593892
-0.02812907659
0.9147370212
0.8499565231
0.6118536666
-0.394337732
-0.216236423
-0.5054308563
-0.2169648716
-0.3145598724
-0.4278730392
-0.1371762903
-0.1525056332
0.1773777921
1.897723961
2.049234572
0.7408977434
0.3782192796
-0.1193940008
0.3638499321
-0.02907407191
0.0735752468
0.0760006858
0.7752534986
-0.05502572078
-0.2544008449
0.3348371118
0.09014387252
0.3789130263
-0.2764127623
-0.8071907192
-0.03427315569
0.4070019731
-0.6735437214
-0.8059011042
-0.2572432378
0.1493511427
-0.08323530555
0.733285043
-0.3911752257
-0.247035194
-0.3207132904
-0.4719901189
-0.06394822989
-0.7845683202
0.6765694976
0.3608157774
0.3844646396
0.5585237332
0.8366538569
0.2067277852
-0.4915083289
0.5734960482
-0.8526986867
0.2920201022
-0.5105336357
-0.6887836576
0.8357309118
-0.03158122702
-1.059688303
-0.04048861554
-0.469425258
-0.1271417703
0.1793924253
0.001961013302
-0.3974158436
-0.1209810589
0.5848631673
0.1279285586
-0.1531102959
1.19200922
1.994960353
-0.4066598251
0.01115333531
-0.7229073778
-0.0205986375
-0.6470195247
-0.8101563543
0.4372313399
0.8664974585
-0.07076902036
-0.1078147368
-0.4952504337
0.8794398665
0.2623026244
-0.07305929903
-0.5565068856
-0.6383948162
-0.4778799072
-0.8841114849
-0.4311905071
-0.7998469114
-0.6136639461
-0.2845880836
0.6440845996
-0.3255624857
-0.01887750346
0.0431724912
-0.1368672896
0.7143277869
-0.622890082
0.6106357023
0.6168205166
1.064138159
0.190221924
0.557364365
0.3803816818
1.307634479
0.1839733016
-0.1106550913
0.2246569894
1.603428754
1.092959339
-0.1377545802
0.1746117661
-0.08143237
0.8505237654
0.6562028989
0.8415221542
0.9990210354
-0.213077171
-0.1196101014
0.2470216143
0.1303566651
-0.1525437901
-0.05849961005
-0.3492207699
0.1162696507
-0.103967043
0.4504803863
2.147819275
-0.08344996274
-0.4588949408
0.08928370941
-0.3536236299
-0.1325193731
0.2375467722
0.329516127
-0.07131456761
0.422616436
-0.2950500268
1.200474972
1.811408716
0.7884983718
1.326062818
-0.2262142787
0.1534003322
0.165858034
-0.7598749995
-0.09247670993
-0.002498957328
1.016924897
0.3447018941
0.2220493086
-0.4582637817
0.4814703276
1.850643826
0.3928072138
-0.2245909933
0.8014642857
0.656866397
-0.2299663037
-0.1037609476
0.2049774824
0.4888505409
0.5479054704
-0.2480425213
0.6831270143
-0.2238842787
0.2001554862
-0.8076546922
-0.3477061644
0.02954801209
-0.6356741682
0.08181009628
-0.3209334983
0.8951611489
-0.6470169127
-0.8719552398
0.09287919719
-0.2700552918
0.5577466048
-0.4625588335
-0.3566768728
0.8737862483
-0.1028392326
0.5643804908
0.7890473559
0.5100266114
-0.02705351687
0.4306423362
-0.05667154081
0.5151732827
-0.05997267049
-0.4224134654
0.9084059779
1.137801039
-0.6426411092
-0.3817150015
0.5427516524
0.241544475
0.9727648467
0.3825185772
-0.104027413
-0.2301657248
-0.03027193453
0.7762775695
0.6584996281
-0.2598705463
2.46181193
0.9456053719
0.06335804015
0.3538327307
0.1197627483
0.9143124774
0.3243442487
-0.0113378562
-0.03484516842
-0.2469299692
-0.3987323709
-0.01185215316
-0.3417880025
0.3300246003
-0.513536562
-0.01859975141
0.6825857595
-0.3307996098
-0.2328357879
0.9698085204
0.8798660778
0.6127771527
0.9343857348
0.5312303387
0.1362940213
0.4540926954
0.1200091278
1.139405133
-0.384381333
-0.3585214943
-0.3734634867
0.221467646
3.245537475
0.3767254958
0.4862120079
-0.3487483457
-0.7710542649
-0.1904323238
0.07469329648
0.9950429499
-0.1171348117
0.2019655541
0.4252870016
1.805338126
-0.8487820536
0.02347217649
-0.3446015567
0.4983155506
0.05592561485
0.08731083572
0.5245263927
-0.1317521702
-0.1267687386
0.002928635851
-0.2252688549
1.043883373
-0.3320751652
0.1416446477
-0.3654745366
0.9961265951
0.6263852239
0.1389219804
-0.3274783775
-0.5840378985
-0.5763320908
0.605555943
-0.6127087586
1.194124943
0.2914841436
-0.2048416525
1.424095082
0.2431760019
1.510186407
1.037740074
-0.1430123162
0.759965742
-0.826886344
0.1810793126
0.24836157
0.730189281
-0.2736249385
0.5715092532
-0.4003453434
0.04683800358
0.4832064793
-0.01611829624
1.030428901
-0.2361187341
-0.2903122815
-0.3244579116
-0.7790808946
0.1949416693
0.02376275472
0.6744934462
-0.08331922535
-0.1344940106
0.1664887014
2.108091065
1.311459187
0.1165418457
0.04807369243
0.6350295961
0.264649985
1.075582184
-0.2054366713
-0.6870281503
0.6256429486
-0.6484070629
0.02368061594
1.237685198
0.1473242194
0.2294551801
-0.2655498721
-0.1252182734
-0.7664110065
-0.5741952628
-0.3086247936
-0.1850800976
-0.1720017254
-0.1454352662
-0.9001316547
-0.1324101519
0.03899308741
0.0570478518
0.4420053551
-0.147246534
0.812670055
-0.2242656387
0.1574072009
0.8439536747
0.09024091586
0.2540077906
-0.585555844
0.05160007626
-0.7774354011
0.4557035347
-0.5882445097
-0.5924793363
-0.4331900068
-0.008760931715
-0.7494930118
-0.5172141522
0.2550143313
-0.1096684724
0.3122765712
0.8587788746
1.387816146
-0.04665636774
-1.009068212
0.6718061816
0.1568219842
0.9135516673
0.4693708331
-0.3811244361
1.301558039
-0.7076223671
-0.1293235077
0.2459430035
0.04406091608
0.4055330813
-0.4337532848
0.2111757111
0.1574139787
-0.4045606138
-0.3639838904
-0.7076508127
0.6545974582
0.113679379
-0.2710219767
-0.4419970874
-0.1791137367
-0.6530254886
-0.3064828333
0.02668994199
-0.6424614951
0.07802815661
-0.01500020567
-0.2961711407
-0.6248008966
0.5593590233
0.6089047536
-0.403345193
-0.4569669396
1.040797707
-0.4306771174
0.1386501784
0.6689033568
0.299812028
0.1187300749
-0.4109230302
0.71274295
0.1089818569
0.5790813364
-0.8042726845
-0.9362657636
-0.3608924389
-0.3800456665
0.05848494023
0.09893304091
-0.1580497023
0.5734559357
-0.6901991248
-0.744413045
0.0195346633
-0.8463381946
0.2967148656
-0.3914982662
-0.1338140609
0.5591758944
1.129614461
-0.4435984924
0.4625956185
-0.2786227619
-0.287913084
0.8757594293
-0.1979553414
-0.4327672226
-0.4490960006
-0.4553907037
0.9848241501
-0.8407925248
-0.5504094452
0.3108546441
0.5297585934
0.321320435
1.727803809
-0.1240070671
-0.5740201905
0.1216211069
-0.5623583138
-0.1300263291
0.3872000102
0.5369121626
0.8396010712
0.005364829954
-0.08887374848
0.1238221584
-0.7293810897
-0.4313502438
0.1781183787
0.3974476472
-0.5626251906
-0.0854620412
-0.7590441704
0.5093591917
1.799270621
-0.7872923702
-0.02465959536
-0.2099952534
-0.2303881325
-0.6139693737
0.551965683
1.265475723
-0.54037266
-0.3710869871
1.085599037
-0.2950534508
-0.004109705612
-0.4989571393
-0.5890494183
0.5665309675
0.09805111964
0.8591624057
0.0819184823
-0.0960819453
0.5031166244
0.6689124428
0.2538553286
-0.1315535598
-0.4320070285
-0.7047998533
0.1135658415
-0.2354720484
0.5382608958
-0.4166487768
0.6616517857
0.554428208
-0.1876605149
0.04829771668
0.3976709606
-0.488487123
-0.01957273521
-0.5594373897
0.7255409015
0.5688503189
-0.4934563294
0.6492876917
-0.383230979
-0.2530995376
-0.2295821015
0.3114969969
-0.06253071204
-0.2719362266
-0.4689859174
0.7948449437
-0.3243945386
0.9815034151
0.6798166975
-0.2364267122
0.204569957
0.00765248891
0.1516186561
-0.2642742585
-0.4878519371
-0.6856970981
0.1104820921
-0.3593596281
-0.129759939
-0.4427134618
0.5293277301
-0.9239234984
-0.5404763326
-0.4181721032
0.3703921992
-0.602853594
1.587331961
0.2750204518
-0.5930655733
0.3719469662
-0.2857059635
-0.6878229737
-0.675993377
-0.2315068316
-0.05828064717
-0.581746991
-0.09588336479
-0.01896158629
0.06481302343
0.1790834472
-0.3291877776
-0.5383457854
-0.228857859
-1.076470837
0.3224616259
0.3801243501
0.9208771393
-0.6516602963
-0.2004553264
-0.1205052822
0.8735561773
-0.4412595429
-0.1308166329
0.2832167136
-0.9024467558
0.2440306305
-0.3205197142
-0.1328825954
-0.5354576766
-0.2924818818
0.1899009977
-0.03801941946
-0.7428121306
-0.4887909412
-0.5079007618
-0.2938001506
0.132886334
-0.8512255192
0.1216969749
-0.4229742769
-1.00315733
0.3105918782
-0.5964232147
0.2714075152
1.708434108
1.651583397
-1.121337134
0.1166718815
-0.5979363412
-0.1151229329
-0.4897565514
-0.1145020928
-0.6000756532
0.1925489631
-0.5963352293
-1.377889135
-0.8295051545
-0.4120229853
-0.2142114278
-0.6114671171
-0.9136536866
-0.4810056143
-0.1610690515
-0.2572549505
-1.033707467
-0.2709496539
-0.2410306334
-0.2216246832
-0.02412048504
0.2798141656
-0.7715526864
-0.009226588253
0.3459379941
0.08806773629
-0.6184906937
0.3202065136
-0.1828723123
-0.5929082394
0.4570036054
0.8746704638
0.009389730264
0.3231669337
0.5395212211
-0.3501077563
1.18082369
-0.2964894325
-0.07406533696
0.6975908674
-0.3657057784
0.1616056791
-0.2875289476
-0.1224570358
-0.3840680547
-0.3144927561
-0.08284099661
-0.7383563265
0.1319064547
-0.1141963192
-0.4300788589
2.758226144
-0.4613940433
-0.1649753554
-0.593023923
0.4568752978
-0.7340688467
-0.3520472996
-0.6564627409
-0.1375813251
-0.1339607154
-0.3292411678
0.7378174074
0.03221636536
-0.06274957526
0.787279506
-0.0528868366
0.8473771304
-0.3194100497
-0.02417709501
0.1930375254
0.1957358668
-0.426095508
-0.5326815512
-0.4483862601
-0.9434562892
-0.05571559118
0.0581462441
-0.08620730937
0.6219352379
-0.3601096429
-0.003498407174
-0.2859553665
0.2000564592
-0.2093858171
-0.116134853
0.7632710956
-0.2578205705
0.02403182159
-0.3055084962
0.2948410183
-0.4235101625
-0.0100255372
-0.2923088951
-0.06771119628
-1.181722152
0.006813419238
0.329867843
-0.05515422001
-0.8492582887
-0.2073479129
0.5036061242
-0.7001825184
-0.4577319372
-0.8453669727
-0.3465048428
0.0974896403
-0.2380329853
-0.05237374147
-1.038145941
0.4313098574
-0.1097076617
-0.1946949918
-0.02688291445
-1.070093513
-0.3511760585
0.1808450048
0.3756608978
-0.1698162518
0.4677120943
-0.8046142399
0.2010454861
0.4135395247
-0.484861204
0.2932727642
-0.855779916
-0.7307017192
-0.1443298504
-0.7519046992
-0.211967436
-0.1417793425
-0.8137680665
-0.2218336316
-1.043111679
-0.6061302364
0.3208140643
0.1865465532
-0.4131103996
-0.8289802492
-0.1333825309
-0.7823149115
0.001390903443
-0.6263182342
0.8440421242
0.1973274421
0.2233842342
-0.3791257709
-0.3599291079
-0.2562792979
-0.4585700274
-0.0405364763
-0.05779946055
-0.1987192806
-0.7320630744
-0.7279721498
-0.799413535
-0.00227461122
1.313179249
-0.006807898358
-0.2423406586
-0.9545238137
-0.9637988389
-0.6479689762
-0.1336630553
-0.710567227
-1.054271907
-0.4970362261
-0.1033473143
-0.3687214322
0.5543782979
-0.7888126411
-0.02837776011
0.07230207068
-0.6319791809
-0.7399971515
0.08230882594
-0.5873900354
0.4046389781
-0.5545713112
-0.6721790537
-0.3346049186
-0.3977988912
-0.2409579635
0.8024010418
0.1091351751
-0.1094007738
-0.1688481949
-0.5190543473
-0.5106293827
0.1684379817
-0.3170940392
-0.2505334768
-0.2664884349
-0.2465997811
0.383178816
-0.229777989
0.8896368653
0.2705237257
0.1611495953
-0.4177094944
-0.5684072822
-0.2832303265
1.060373874
-1.026667249
-0.3944708005
0.2987549726
-0.135588773
-1.152026212
1.741752201
-0.1383071411
0.9303072039
-0.6401134029
-0.2442287222
-0.4288575202
-0.08052326292
-0.8278860539
0.9583989628
1.523330468
-0.6287982091
-0.9139690012
0.02961176997
-0.3788662825
-0.2946629658
-0.205504624
0.1028619185
-0.2487407666
-0.8448875993
-0.7244516771
-0.2472732833
0.2784076715
-0.3746178515
0.3132715729
0.5180620804
0.05052817054
0.6194235694
0.4197618295
-0.2468709081
0.04494460607
0.9707441334
0.9597014286
-0.216301924
0.5723127913
-0.3350807182
1.461697754
1.794106337
0.1970379792
-0.4398846574
0.04453122169
0.3731837824
1.062115902
-0.561792621
0.2644845814
0.3753641218
0.4890347034
0.8994767204
1.260720953
0.2561126761
0.4936177291
0.9020527437
-0.07107065683
-0.1944964822
0.7651984692
0.7935908139
0.05037883283
0.05653781686
0.2136418644
-0.2551044233
0.04727003071
0.3415969998
0.823650451
-0.3667776011
-0.3812850963
-0.2041503418
2.166370529
-0.2250779867
-0.319922033
-0.2520865355
0.04278267669
0.510979595
-0.2150726043
-0.4467314348
1.484737584
0.413807394
-0.2159819304
-0.2854390111
-0.4497167602
-0.1826942779
0.1676352389
-0.252562996
0.839589408
-0.6702118605
-0.3380644607
-0.8015852362
-0.8264383107
0.125045684
0.4881257504
0.5140233526
-0.211583182
-0.1960144334
-0.3976004541
0.1348306363
-0.6171641335
0.7318310179
0.8670176208
0.549805136
1.637512964
-0.2206305288
-0.3947390623
-0.0849816978
-0.08381039612
0.3121776246
1.189791545
-0.1088899836
0.09278708864
-0.4920380145
0.02656902336
-0.546528317
-0.03338524755
0.1415463185
1.140889253
1.215551498
0.2892956794
-0.007040787023
-0.3827897549
-0.894473356
0.2110623401
0.4992199369
0.6187450398
-0.8174653649
0.03120370246
-1.246820793
-0.4574951783
-0.6644763112
0.2669222021
-0.6229410782
0.7995175004
-0.06801434495
0.03474589754
-0.1082580088
0.8993846565
-0.7121771485
0.1136070453
-0.171232629
0.1717668138
-0.4344438821
-0.1983529158
0.0414041996
-0.1894089332
0.1621393327
-0.6794597939
0.3049559057
-0.5908076853
-0.01751619969
-0.130884226
0.1866135402
-0.3801148857
0.3428606093
-0.2826456182
-0.2701863226
-0.08562143324
0.2950671405
-0.2784964155
-0.1283042751
0.2703259401
-0.08409271985
0.9337752268
0.8547053739
1.283550932
0.3962374778
1.537301949
0.1781944342
-0.5615904033
0.7724505138
-0.06298422683
-0.1996103347
-0.5959907308
0.2971646239
-0.5422811195
-0.7873854369
-0.2299699355
-0.2711094053
0.6556117546
0.361368417
-0.1774779914
0.3017498588
-0.04353570417
-0.1751359381
1.764715037
0.2187708773
0.066117098
-0.2824191665
0.5665781528
0.0132323185
0.1287164376
0.3205761807
-0.04781999663
-0.6195953116
0.4119167294
0.3437963456
0.3177503429
-0.2290501105
-0.1359367251
0.149367689
-0.02899462008
0.4661586478
-0.09492804985
-0.0225947883
0.7344406091
0.9180885658
0.1415463802
-0.5491934918
-0.06138704917
0.005485038087
-0.3777595321
-0.1702999726
-0.661378473
-0.3124585271
0.06276766974
-0.5774887636
-0.6641031787
0.176903127
0.6231682301
-0.7467751056
0.8215507865
-0.2143795509
0.7987634897
0.6457373865
-0.3350495707
0.3955775373
-0.3021361977
-0.1058718413
-0.01560692396
0.2133281571
-0.5514883488
-0.4443225428
-0.3781384945
0.04776700772
-1.141834024
-0.3117287486
0.1474097897
0.05421629781
0.1940009301
0.6718472302
-0.1758232761
1.669923064
-0.2422862712
0.5586485766
-0.1644235861
-0.008857385069
0.473877598
0.5470758729
-0.09118491169
0.4030458936
0.05912449546
-0.2488799088
0.6168289378
0.3062817698
-0.03673446272
0.2530598504
-0.1863330064
0.8203042641
0.1749554499
-0.1764993388
0.561417463
-0.8408780575
0.6449422359
0.2595792873
-0.2169025805
-0.3097976789
-0.6477511108
-0.2108681779
-0.3178842276
-0.1632707777
0.1981124319
-0.2077810956
-0.5690486923
-0.269545606
0.3063930348
-0.880632022
-0.7448748022
-0.07618973684
-0.3845956931
-0.2956368664
0.7947813064
0.2468361657
1.717408884
0.2273221917
-0.1529450303
0.239074997
0.8227564931
0.383078704
0.7398656465
0.4009257905
1.92190744
-0.4217717506
0.3389416521
0.2428519223
0.5075097781
0.3091085151
-0.7680762857
-0.01968322936
-0.2472865637
-0.509825461
-0.5020490348
0.5590981748
-0.3565794166
0.1056958819
0.3345500037
-0.3963836215
0.02473221347
-0.1771082019
-0.6374775901
-0.9080803454
0.1307923887
0.02656785427
-0.7904229492
-0.9225767404
-0.9756802946
0.2801279616
0.2556464549
0.1054005768
-0.1249413166
-0.7982688248
-0.849114725
-0.2617568716
0.003644160554
-0.5842620626
-0.5759089723
-0.4870565876
0.105109698
0.7456548534
-0.6779913753
0.07496448606
-0.006157465652
0.3844778929
-0.1477752447
-0.1664112812
-0.2134402171
-0.1595341511
0.6686792091
0.3187229075
-0.3220947936
0.4286908183
-0.1719148304
-0.02336867591
-0.2731264114
0.08052237704
0.3395343892
0.03558735512
-0.5090276942
0.7851011664
-0.06911284532
0.1589238132
-0.6782288298
-0.06511285119
-0.07959952503
1.141129571
-0.3419273108
0.6820762038
0.5146371994
1.413935426
-0.4066498265
-0.5256102726
0.418907894
0.8508130036
0.5168497577
1.466744103
0.6781439811
-0.3943369418
-0.2002828786
0.4238027282
0.7676022366
-0.2987406999
-0.5390645429
-0.4688825279
0.6334292617
-0.08635644219
0.2514188569
-0.2857473463
0.2598347224
0.3860826317
-1.329029256
0.04545426127
-0.01297892574
-0.0461736517
-0.09727521148
0.1542430786
0.06721855327
-0.24686429
-0.4783917151
-0.1226298492
-0.513871932
0.1817055068
-0.02881329609
0.4629568802
-0.6251234382
-0.8324598759
-0.2032571945
0.5593350716
-0.5856197998
-0.3292590404
0.3914585136
-0.2592588464
0.5954985023
-0.3775200889
0.3502817821
-0.09437748548
0.4562137913
0.05114709027
1.209591448
0.2012873406
-0.2467968732
-1.100861838
-0.391227489
0.2085001903
-0.2487759732
0.2883027994
1.22520887
-0.1457304984
-0.4747400209
-0.0415090194
-0.2924420535
-0.2774887886
2.048599347
-1.011837155
-0.4793660499
0.9240224104
-0.4217611987
0.01732322611
0.1495874397
-0.2891500127
0.7110124018
-0.736200957
0.3718552068
1.341166548
0.03157891687
-0.6522268727
-0.2855729667
0.4147938322
0.555276827
-0.3904372334
0.1135281204
-0.5432077497
-0.279378185
-0.1591566326
0.4076715924
1.319549289
-0.4692338303
-0.525736706
-0.8332674652
-0.7563102618
-0.0803761756
-0.5382590979
-0.4256010503
-0.03538383013
-0.112928198
0.2030936355
1.152997798
-0.2787181213
0.2907339506
1.014751413
-0.7337000251
-0.01842934731
-0.03804858048
-0.07574742492
-0.4120903708
-0.3270314652
0.01950380243
-0.5566015676
-0.9176580608
-0.6649085492
0.9771565363
1.020465215
-0.6828994393
-0.1683985317
-0.6404640764
-0.3297478266
1.504393548
-0.5008525297
-0.3633530185
-0.2459843218
0.06022437103
-0.8004701361
1.086250669
-0.120780113
-0.5317784369
-1.120680633
-0.02206558194
-0.2881162915
1.27134843
0.04836653015
-0.5372085944
-0.6937578648
-0.5160089925
-1.092172074
-0.04970966205
-0.1395704778
-0.1525238054
1.244645016
0.1210980684
0.001956297457
-0.5925780103
0.2461783917
-0.1963607252
-0.3042451687
0.3968331864
-0.2124961844
-0.3234615713
0.2831747865
-0.5023589149
1.346168381
-0.6805896759
1.617178103
-1.010917217
1.089173582
-0.63991528
-0.1756307382
-0.5995616972
1.274467543
-0.223258095
0.5370118685
-0.6519861624
-0.4022377156
-0.4965911195
0.9626989663
0.05014804006
-0.4630197451
0.04661910911
0.1939604362
0.6831086084
1.232346657
-0.366977711
-0.0534845259
-0.02291022278
-0.369768085
-0.2048514428
0.1473795464
-0.5474758014
-0.03129387083
2.157309121
-0.4235290755
-0.3276853953
-0.1180568097
-0.2717756346
-0.1223248465
-0.5709747493
-0.3206015589
0.6903909117
-0.3614716701
-0.3149621541
-0.1259195674
-0.224827153
0.8538999937
0.01629841644
-0.1181842953
-0.2409460288
-0.03498147558
-0.5110306278
-0.4402549535
-0.2173086185
-0.691982235
-0.115928652
-0.08594569415
-0.2869807443
-0.2193890437
-0.5122426912
-0.544399026
-0.2614500541
-0.1752933022
0.8066431295
-0.2818033242
0.8940779626
-0.04515797291
-0.3451440662
-0.5411403209
0.2806309749
0.4934087353
1.483015844
-0.320306427
0.09962483458
-0.08370257309
-0.1996189222
-0.2025074583
-0.2342671074
-0.3884496689
-0.7067270398
-0.05155392475
0.3099603403
-0.356909848
-0.30484113
0.1012503256
0.01619309485
-0.08759422526
-1.152419618
-0.1643726027
-0.4853719398
-0.1871805202
-0.05422410658
-0.1909962156
-0.373680684
-0.8994082719
-0.3730810903
0.2242032639
0.1026664989
0.2726942618
-0.7698138386
-0.5313589975
-0.6630967021
-0.9992646456
-0.6772815168
-0.60913001
-0.0001511085778
-0.3156051718
-0.9577973008
0.01376788728
-0.2455018565
-0.09871529583
0.5470927089
-0.7459878266
-0.580855383
-0.2426730588
-0.07240314856
-0.1599693483
-0.1588265472
0.2392124664
0.152524317
-0.4650192231
-0.5284469351
0.3578348406
-0.05531905387
-0.6393931985
-0.3118695812
0.06744972151
-0.4447332855
-0.9273333699
0.6993709825
0.03622727371
-0.9946660876
0.6503095727
-0.4286451563
-0.3056548521
-0.5978463918
1.24903475
-0.8861096591
-0.4340666875
0.01638132476
-0.5306216061
-0.868621543
-0.5555496886
0.7351972489
-0.5806059599
-0.9378048062
-0.2839947827
-0.686092186
-0.4035680324
-0.3390987424
0.7755212247
0.03667594474
-0.1403555032
-0.7133556455
0.02740242817
-0.4737073489
0.7767033368
1.541161224
-0.2580593698
1.688428733
0.05965253245
0.5066190451
-0.4845465951
-0.3332249094
-0.3611330718
-0.3598429034
-0.06405832348
-1.216146323
-0.3017021433
-0.4695899107
-0.09207234357
-0.6316376928
-0.3976330765
-0.02560020061
-0.426004158
-0.5069798276
-0.105214235
-0.1769329669
0.8882731616
0.6468592361
-0.06909433901
-0.6332873434
0.3344526806
-0.3169021279
0.4505959027
0.5989952669
-0.8725182503
-0.139141129
-0.1509382471
0.3615420043
0.05155874975
-0.1996146174
0.6940073445
-0.5045115694
-0.1176448271
0.7434731804
0.9467303485
0.1108909036
-0.2718580429
-0.5488848895
-0.1942034731
0.006387263909
1.09710058
0.2692915555
0.8061159827
0.9182672769
-0.462489336
-0.6191228315
0.6760410547
-0.5884493083
0.6967410445
0.9344590992
-0.2392755067
0.9462524403
0.11555553
1.574693586
0.09408289287
0.1980122659
-0.5408757687
-0.5534760043
-0.2832231887
0.5548951648
0.4249290779
0.6731496409
0.1349155972
-0.1439702822
0.9063551843
0.7707817674
-0.116662547
0.9009075075
0.5348117769
0.7585301295
1.995653552
-0.4947011523
-0.5941328041
-0.1919881761
-0.3788244326
-0.1457457162
0.6888717026
0.9158722341
-0.2168468567
0.09481780552
0.08713709377
-0.4580275938
-0.3482231881
0.1680245494
0.1536178954
-0.35310091
-0.254034083
-0.5167340368
-0.5793986857
-0.1264937853
-0.3029040799
-0.7985505491
-0.01053459719
-0.4556825064
0.7986658558
-0.2876413606
1.09484259
0.1497747667
-0.1824549355
-0.4876119599
-0.4254604906
0.03898342568
-0.09102195203
0.2433535095
-0.2523161248
0.0003010425717
0.4237059765
-0.515364904
-0.1595977455
0.3039274514
-0.3293548172
-0.8774662852
-0.3716270134
0.4046044794
0.9295096442
1.556616446
-0.07894320423
0.3764516244
-0.8886066079
0.3363701412
-0.1887792809
0.2157685293
2.172627062
0.1271184313
1.021124649
-0.7302559078
-0.2153865067
-0.6027119502
-0.7756628126
-0.102299157
0.1193043755
-0.6526861414
0.8445226565
-0.8740290098
0.1874219744
1.695867686
0.0002967402339
-0.9928678215
-0.08694863245
0.06162545085
-0.2840019472
0.4085938962
0.06561770737
0.5302908853
0.7423385672
-0.2648945536
0.02697153613
0.6406747118
1.624907917
0.2121263986
-0.1783578839
0.7932089195
0.3593310071
0.09043417899
1.867872408
-0.2665421776
0.05859991116
-0.9074652165
0.03376444709
1.278358245
-0.04617995257
-0.8210383922
0.1332585371
-0.5408021122
1.241500233
-0.4077055614
0.1792764409
0.4818149194
0.9656619087
-0.4817916021
0.3577749078
-0.3007280115
-0.3652862228
-0.3049184553
0.3751196936
0.464978219
1.138137793
0.4869199723
0.1372053299
-0.1584717957
1.12848184
-0.2452645604
-0.3192698965
-0.3487198025
-0.1156426579
0.35470058
-0.235993157
-0.1301171232
0.04078803826
0.1105504185
-0.2906467449
0.7841548651
-0.3932090051
1.057614955
-0.09887395389
-0.2180147499
1.219442025
-0.7623412952
0.3869269118
-0.2810885474
-0.6043273121
-0.8549147725
-0.6046428651
-0.1528155921
-0.06076837778
-0.5238176376
-0.3595663441
0.2145104777
-0.3243985027
-0.07856596112
-0.1316729497
0.1155076846
0.202355285
0.2008859689
0.5847417772
-0.07506321725
0.2650362666
0.348556596
0.3425638735
-0.104640254
0.5644054964
-0.9276152849
-0.6873666987
-0.1911664602
0.2604336413
0.2398265652
0.06181107163
-0.05748761995
-0.6104874745
0.377499396
-0.4581956066
0.6588328544
0.5118902914
-0.36388852
0.05971215293
-0.2160480218
0.2579075575
0.08790654484
-0.778868717
-0.4074299157
0.03521647826
0.2546010938
0.4907628847
-0.1249124728
-0.05956938826
0.2602957159
-0.9535457879
-0.5800604343
-0.08571744226
-0.4508526281
-1.039525759
0.04253953062
-0.1373054575
-0.3106403224
-0.9069193721
-0.4369139373
-0.006432950962
-0.1445049673
0.209064707
-0.4620675787
-0.3643224293
-0.6215393186
1.054442334
-0.1675731532
0.08386640167
-0.4756551385
0.3432919525
-0.3430637032
0.3805749377
-0.2134680074
-1.006180105
-0.3138230652
0.5598462015
-0.7149864644
0.4262037495
0.3625264548
0.02284603966
-0.8820500165
0.5042242981
0.3706475198
-0.1641710093
-0.8549870551
-0.004719670862
-0.2400653049
0.6475034051
-0.9014138371
-0.4770495184
-0.2563426567
-0.6699164778
-0.5846861869
0.2451179214
-0.4447908118
-0.7655849397
0.169550466
-0.9098111451
-0.5688042328
0.3753720772
0.2496119797
-0.3108517054
-0.1021468735
1.084786478
-0.2673312046
0.9860500999
-0.2009279622
-0.4157272182
0.4627488159
0.03674256802
-0.5418703809
0.3543501176
-0.3248725839
-0.3337545261
-0.4497450693
-0.5791862383
-0.7431789204
0.2999021333
-0.1197826754
-0.4280190453
-0.315291268
-0.243344818
-0.2651789581
-0.0348866161
-0.09820916951
-0.3087304518
-0.2258790063
-0.4250445083
1.166834121
-0.167321223
-0.1748570256
-0.03215441667
-0.06723031588
0.2479565376
-0.02014935035
0.04919152106
-0.380063187
-0.3952764427
-0.5767938673
0.09799401965
0.5395234637
-0.2564608113
0.1391813274
-0.1481205668
0.1338207134
-0.6484768704
0.3877727304
-0.3467509499
-1.107958239
-0.7019316688
-0.6204272494
-0.7341033578
-0.8823342323
0.3350509926
-0.1855887612
0.5941923872
0.4979075953
0.0609430857
-0.5639773235
-0.6018775314
-0.1745679305
2.304413062
-0.8110458344
-0.1747559525
0.04921899326
-1.111479127
-0.02711394317
0.09622106254
-0.5992470011
-0.1051086126
-0.442471607
-0.08388674371
-0.1235758593
-0.4819192536
-0.6768556744
-0.1338349804
-0.1326392304
0.09788405383
0.1665690022
-0.6530934349
1.7078504
-0.02866498167
-0.1681462687
-0.4617587417
-0.3083299965
-0.1402230646
-0.2004211204
0.3712144677
-0.444109343
0.3242191477
0.2407066667
0.196725437
-0.004975618795
-0.09504217915
-0.3919962391
-0.6901489601
-0.782756108
-0.6664259076
-0.8508704513
0.2522284709
-0.285749294
-0.5084213756
-1.026939118
-0.6340719894
0.887274462
-0.3006847557
-0.9090536982
-0.8201903641
-0.5273982376
-0.3023482688
-0.4455115423
0.01074418817
0.2965496048
-0.3666846439
-0.4784163177
-0.3516068436
-0.06154920813
-0.1075596102
0.3436009586
-0.1436313856
-0.448795411
-0.2748235457
-0.8341784999
0.2305879286
0.3823786482
0.8084173076
0.1655094091
-0.2768866561
-0.442331342
-0.5839250043
-1.389757338
-0.8574545622
-0.7960911959
-0.06815968007
-0.7705889761
-0.5982179459
-0.6255540878
-0.4854190499
-0.4910751611
-0.01574515039
-0.1272316871
0.08680961896
0.05497827064
-0.2096055829
0.2182990833
-0.9475267947
-0.01868643835
-0.06060292143
-0.06716687968
-0.3205125585
-0.9622583315
-0.7155977726
0.1252731515
-0.08337690448
-0.1895748656
-0.7161346048
1.726634683
-0.5236792937
0.5772972077
-0.7757977575
-0.2893274803
-0.8676828325
-0.3769198813
-0.5350549549
-0.01752314754
0.839037516
-0.2849541873
-0.6142688937
-0.1773911335
-0.7230184197
-0.4315563709
-0.631389761
0.4370848157
0.1913524598
-0.3215401217
-0.7030539334
-0.2291351482
-0.4413718447
-0.5788450167
-0.2611121584
0.2320569501
0.3052915681
0.1962374374
0.3212182939
1.072036684
-0.4475428268
-0.1578042097
-0.1689397493
-0.3149309743
0.5636809953
-0.0253017012
0.04249577858
0.1977943784
-0.02015474569
0.2716968143
-0.2988338381
-0.2057766162
-0.328737198
-0.532245779
-0.1090479773
0.0913208886
-0.3685484275
-0.436004255
-0.9175845355
-0.3591726735
-0.6601286925
0.3315307841
-0.6500846386
-0.4037853405
0.2936613541
-0.9118965894
-0.6260089755
0.7119657177
0.2059023529
-0.6947316408
0.4281819314
-0.4634178042
-0.7448881626
0.2351261186
-0.2041148171
0.02425377928
-0.669686377
0.5930847252
0.7972631646
-0.1474729834
-0.7008779764
-0.584372136
-0.1844429253
1.372672704
-0.5082377091
0.006683300901
-0.842233339
0.02132092444
-0.2864769854
-0.3679710645
-1.093341485
0.1371953312
-0.5989004597
-0.7200160295
0.4858208163
-0.9981400192
-0.4179178685
0.2953067495
-0.9680813581
-0.4246491782
-0.7872405171
-0.8595302582
-0.7928231835
-0.724330619
-0.5562915653
-0.002412343398
0.03559392355
0.2107232053
-0.3569625422
-0.239445534
1.802138489
-0.2204339533
-0.5811827868
-0.0180130085
-0.09141961168
0.5385800857
0.1222382495
-0.9937634498
0.7619257465
0.616835678
0.03869393077
-0.7784730613
-0.504886812
0.1792440364
-0.9910563648
-0.380596206
-0.1634940021
-0.4937906206
-0.1184929252
0.786213107
-0.7331458956
-0.05970903262
-0.3859609045
-0.7227728441
-0.7827332675
-0.6350193262
-0.4099169649
-1.084332147
-0.9772986293
-0.3397863999
1.088378222
-0.2245539952
0.3943796687
-0.3577408031
-0.1890392941
0.06277053664
0.01562958658
-0.6552212298
-0.2819212511
-0.386511164
0.6968114801
-0.156755124
-0.3756749082
-0.5912138537
0.03480837513
0.3213776469
0.1246232798
0.01345846076
-0.2370306566
0.1138370292
-0.8229962438
-0.1683320661
-0.2642809175
1.081738105
-0.369144129
-0.2913108997
-0.2721486911
0.2485168092
-0.4597208716
0.006186493114
0.100843958
-0.9143860728
0.2586381145
0.9082856297
-0.05159846037
-0.7982938468
0.5091243023
-0.6285600811
-1.001771268
-0.6279548511
-0.1522664865
-0.4070417732
0.9197438776
0.2561472377
-0.04860107806
-0.3269440725
0.1670033921
0.3089566147
-0.1445574478
-0.5773450047
-0.1926689824
-0.2859608218
-0.3410614777
-0.1947774649
-0.9709207952
-0.4451951638
-0.006658815406
-0.3891852826
-0.4750242934
-0.3918431416
0.03361333534
-0.7049268156
0.02649780326
0.07074773069
0.5250198053
-1.011043599
-0.7504556984
0.955124975
-0.1544651122
0.04367970754
-0.1051987858
-1.281572828
-0.2254237775
0.00389766274
0.2471855177
-0.232999058
0.03706645169
0.1134322133
1.447092882
-0.02659851965
-0.304005051
-1.194042566
0.5454939286
-0.1143582553
0.8023730814
0.06838213205
0.1563664484
0.4342729468
0.281060919
-0.1291583784
-0.06257197252
-0.9061946303
0.5199389216
-0.4239759304
0.5821267031
0.319958213
0.3821191244
0.5761797629
0.6566712804
-0.3360817842
-0.3038343337
-0.5518255338
-0.3191584099
-0.7577749103
0.06222549165
-0.8080832735
0.07023626659
0.5512554422
1.107989009
-0.2482501945
-0.08051798698
-0.3730663672
0.4181626081
0.6277334303
0.2389612557
0.5097507473
0.02500492353
-0.8061545193
-0.6926158816
-0.06406705177
0.2462257036
-0.2801793896
0.6855178421
0.1239875445
1.146406835
-0.006793533918
-0.1255815074
-1.037229776
-0.6828563564
-0.2272406749
-0.7576867312
-0.4219955003
-0.233064026
0.3771180265
0.4974787198
-0.5504965328
0.7331689477
-0.6223126858
-0.3353654474
0.9583261266
-0.3421767753
-0.05616729148
-0.3828647189
-0.1584935539
-0.7339203984
-0.7227876768
-0.7733420372
-0.2077082971
-0.3999416411
0.391375318
-0.2895191818
-0.3246230405
-0.02923672404
-0.4378864706
0.4176423024
-0.767392664
-0.506270878
-0.2711117677
0.8073364466
0.4630270611
2.48186751
1.882346272
-0.2830466688
-0.1118097436
-0.2528198417
-0.395258154
0.04903848739
-0.5921880335
0.5206575781
0.6198799513
-0.9334649116
0.004581190646
-0.9248625189
0.6476355314
0.3291944148
0.6798996158
-0.5296856239
0.1775504161
-0.1948025323
-0.5514184877
-0.9119448781
0.5565097533
-0.7929752409
-0.2547058735
0.2835313745
0.04735531732
1.927614284
0.08091393653
0.4422401883
1.223610824
-0.2803800181
-0.4280832946
-0.7382086411
0.1229647391
-0.1850101531
-0.2076001536
1.065252091
0.01300996449
0.3339667693
-0.4245873846
-0.0560659457
0.6220814146
0.2441328891
-0.1941724728
-0.1210444321
0.7653073192
0.2675825583
0.441513649
0.2538942605
0.4808300011
-0.3186706819
-0.3997626625
0.04378785342
0.0568932279
-0.04385067848
-0.2575852718
-0.3698507972
-0.2928645745
2.42057147
-0.400206048
0.2505938068
-0.1426702065
0.2535552397
-0.1779136308
0.2878198745
-0.2396762006
0.861371021
-0.4560706079
1.452774106
-0.8494188711
-0.08079946274
0.7931974787
0.163142771
0.001227795612
0.2396799156
-0.2714138217
-0.0319014525
0.7882364184
-0.08193580545
0.216355364
-0.2350385018
-0.08666477744
-0.0502655115
0.3100093292
0.1147572983
-0.11518017
1.49001863
-0.08098065238
0.6379822493
0.3021194909
0.4709095106
0.2942478441
0.222089723
-0.06101097334
-0.6573334701
-0.101594444
0.8393450759
-0.601600381
-0.1035337755
-0.4017447129
-0.3647066534
-0.2977693472
-0.08745934945
-0.3139308132
0.5236545449
-0.572185399
-0.6826551586
0.4862454154
1.566020429
-0.04994117785
0.01077273637
0.8360216945
0.1234274132
0.5829805017
0.2885406101
-0.09760256149
1.098486328
0.4615707291
0.06544791842
-0.262219841
0.4334011992
-0.05615911167
1.178991103
0.1020931587
0.2773802117
0.2012230849
-0.1426776495
1.605762597
-0.3125109751
-0.5196323246
0.006748553691
0.5237328999
-0.1379969269
0.7865347132
1.737665242
-0.2998337956
-0.3517609995
0.6735787265
0.3521270998
1.086592515
0.1002464265
0.01773604639
-0.1394002791
1.593068621
-0.1705782471
0.4304804124
-0.6526102901
0.8149998926
2.721490759
1.89964613
0.02399475072
0.6180661418
-0.2903867893
0.4361377288
-0.5561238438
1.950796214
-0.3304662962
1.863017806
0.08107012194
1.827164447
-0.4334174007
0.2494561365
0.06278957967
0.2378601996
0.03841473963
-0.1377110041
0.4587361254
-0.2133105386
-0.9161217719
0.1964285161
-0.08411963396
-0.1123023165
1.462221454
0.2976171035
0.6601411827
1.455340012
0.1273779131
0.6455989808
-0.2655431133
1.068769167
0.4492088258
-0.05324008176
0.2791977035
-0.2538685162
-0.5584431335
0.1116180267
-0.6692339756
0.6694145203
2.535012883
-0.1532683637
-0.3525586285
-0.4317692176
-0.2159942266
-0.5830916658
0.1199459419
-0.5492537446
0.4192461753
-0.2707325023
-0.4215935662
-0.1769620726
-0.2095514597
0.1917675545
0.04081371464
-0.1349705502
1.205222103
1.242547666
1.556352772
0.1114294352
2.102987593
1.922591469
0.6018009599
-0.1190100947
1.216043419
1.345638762
-0.2506278911
0.1494670983
0.1032732148
0.846686561
2.378095591
-0.2586830035
-0.07445173757
-0.03125096299
-0.501685524
0.3061190899
0.03530129236
-0.1952533856
2.17025376
0.8532126471
-0.2414460741
-0.1499623002
0.1794436133
-0.2712668933
0.5627824321
0.3835446279
1.090001178
-0.289515065
-0.1624216672
0.008964711055
0.254536734
-0.2985616527
0.1905175935
-0.3678201513
-0.5314732149
-0.1901462536
-0.3583407156
0.2002901701
-0.02388643362
-0.2595306309
-0.3396661453
-0.1243403651
-0.04685053667
1.197540989
-0.07681536782
0.3291659566
0.3955239512
0.3383979097
0.5722779932
-0.1519556016
1.11499266
1.22946762
0.6255087696
-0.1265064802
2.132972774
0.7633305982
-0.1932635123
-0.4265588351
-0.5493856683
1.374559317
-0.3840087976
-0.2512824412
0.2962227326
-0.6397235706
-0.03252716213
0.1872822788
0.887572898
1.46871058
-0.05094793811
1.058399606
2.018051448
0.2258259702
0.4829179659
-0.2690035067
1.612533462
-0.1655286307
0.5812159702
-0.7068111241
-0.492193228
0.1620312662
-0.09609371861
-0.1815655616
-0.1816967607
0.6262499783
-0.4731330022
0.2857634153
0.1418783472
0.9343782946
-0.4989385158
1.62754589
0.7364006631
0.6124851553
-0.6741241232
0.409587827
1.855748475
-0.01757496167
0.6896119207
0.1826780122
-0.1768744439
0.9137299739
-0.0991034803
-0.3568634294
0.7152987681
-0.1201751916
1.907646155
0.1128000181
-0.3760278434
0.3359840686
0.7448026225
1.056199566
-0.2171268342
0.9515342824
-0.1337124432
-0.02329203375
0.4542688086
1.231241032
0.04807797018
-0.05769350007
0.06657200484
-0.4968812481
-0.4590787515
-0.289290284
0.2859130128
-0.246483195
-0.909921813
-0.6903889254
0.169866354
-0.3703187197
-0.4538316496
-0.8275760114
0.03957893299
0.3385231055
-0.174127456
-0.3433969662
-0.5137932822
-0.07501767064
0.22154217
-0.1466534836
0.434817443
0.3123321407
-0.5858414859
-0.4424881263
-0.2564852204
1.472806545
0.6692098878
0.4715621866
-0.11123586
-0.3440597475
-0.4587189622
-0.1546122286
-0.0246454265
-0.4742532536
1.404068792
-0.2750880189
-0.9497951031
0.416083007
0.1324048487
0.182259131
-0.2886825651
-0.2716098517
0.156321306
-0.1258348102
0.3408457757
1.219133413
0.411126177
0.9333726637
-0.2442817457
-0.2365764929
-0.248196258
0.1955649039
-0.5802580193
0.01044915114
-0.5231902927
-0.2747525262
1.464749736
0.3581798653
1.158814146
0.6854563117
-0.2690888707
-0.1583584248
0.1449066196
-0.02336349841
0.8112036102
0.03727185181
0.1378739546
-0.4921445236
-0.3595375493
0.9261759266
0.08559938115
0.9478634819
-0.07458878495
0.3724572323
-0.5490821913
-0.1479573118
1.001128018
0.905496151
-0.2511741273
1.507523486
-0.711663416
-0.1585566089
-0.2318323802
0.04395309179
-0.1222848756
-0.06105520905
0.2437079439
0.7961776972
0.2916679554
0.0767666785
0.3630880784
0.2409716964
-0.3012802076
-0.03355105929
0.9149687052
-0.2137916153
0.2066837056
-0.4388004258
-0.2842106871
0.1156328289
-0.9048427224
0.2253456166
0.4248750225
-0.389631347
-0.5348585889
-0.2124218704
0.0302114265
-0.3813567384
-0.1912216414
1.36653381
0.7233998075
-0.2397556603
-0.0505358154
-0.1272594932
-0.3325678922
-0.2432138348
-0.2711869173
-0.09726490937
1.959253589
-0.1806642003
1.60286288
0.4768743569
-0.07843556311
1.382666311
1.536206329
-0.06772642597
0.1050015595
0.1702543107
-0.3146261683
0.4721139491
0.06429014634
-0.174975962
-0.0423023805
-0.6661738932
-0.569216305
-0.1441443063
-0.5158460841
-0.5665942907
0.1869073804
1.199717623
-0.1168725926
-0.7637269944
0.2060440216
0.3126566794
-0.807958129
-0.7839525789
0.6759760201
0.214575904
-0.3011937901
-0.4324603692
0.2205176285
-0.1931757819
-0.3405436955
-0.8820561141
0.08965049926
-0.2184577409
-0.4779081866
-0.08254565522
0.07199024158
-0.224567933
-0.1105449859
0.1876067843
-0.5426947698
0.2294828221
-0.3351200998
-0.5443828091
-0.8170877516
0.5097693712
0.1186186201
-0.06688719802
0.08514686842
0.8407554939
-0.3482394736
-0.1427390634
0.7158272415
0.4135302294
0.5230290551
-0.228356465
-0.1802063964
-0.07908520028
0.1508125087
-0.2590821073
-0.3770825926
2.124305522
0.5591783416
0.3050575715
-0.5724744245
-0.3208197333
-0.4201091342
-0.4100759521
-0.292208194
-0.6953971907
-0.6334827468
-0.0521239196
-0.127646343
0.02292293203
-1.122342595
-0.229028501
-0.1297912961
-0.4421254918
-0.6231699169
0.1823991608
0.4794264674
-0.5371252209
-0.5864368543
0.4918358356
-0.5045132622
0.04049964659
0.7087238304
0.1330828626
0.5466340225
-0.591580791
-0.4486417934
0.3143442035
-0.1481429936
-0.7242214769
-0.08187800525
0.01134559903
-0.1924968574
0.4059897199
0.1627138002
-0.1823361931
1.683869953
-0.4517096251
-0.6261504844
1.093074161
1.518132122
0.3098048789
-0.5521241412
0.6452873677
-0.2015250172
-0.1577481173
-0.1040369924
0.3895524301
1.072556783
1.167221089
0.2419131216
-0.6056205764
0.8419305861
0.6181384936
-0.2989021834
0.7053567864
0.6191778734
-0.1666579431
0.03698309162
1.446652906
-0.4349626511
-0.3337162904
-0.07639058549
0.1692664491
1.3536498
-0.1676510064
-0.6479056537
-0.4287613288
0.1855477693
0.1726149881
-0.3697879896
0.2334697298
0.5537345616
-0.05689231753
0.04166458417
-0.07404509801
0.7501856558
0.4354617499
0.2916933421
0.4969745345
-0.295877834
-0.4642518103
0.1733370775
0.4549649764
0.1946610019
-0.06816147547
1.490805337
0.597224012
-0.1125650063
0.2070928112
0.3395677453
0.6434427537
-0.40290595
0.8296989772
-0.142034292
0.4891243413
0.476675177
0.211434629
0.02192584928
-0.009840942314
1.617199296
-0.295152048
-0.2791873727
0.4104834728
-0.1752009701
0.6591538835
0.05706731938
-0.3818478294
0.2085303893
-0.198881191
-0.3937208414
0.1336777246
-0.3082624458
1.547980142
-0.1835719474
0.0198970452
0.6213969229
0.9023425318
-0.3467659086
-0.1549774371
0.1936854735
0.2474554063
0.5025631953
0.7622285567
-0.5647463098
-0.4488347918
1.59800851
1.486682163
0.05495443405
-0.2711869732
0.3075783587
-0.5475000821
-0.08714513332
-0.007448270824
1.816997036
-0.2742947403
1.292138398
0.226886202
-1.007838589
-0.1735740252
0.5934646457
1.418944782
0.2594420172
0.8635898024
-0.2988498278
0.4064689144
-0.7914491624
-0.4002588503
0.1847641882
-0.5016382575
-0.04700414781
1.439644115
0.2418081647
0.7650753453
-0.2882793963
-0.3828003131
0.1263582814
1.69479636
0.1921947982
1.008597955
0.1180790886
-0.6513185695
-0.01528502591
0.3031351745
1.140504301
0.3319981034
0.3084689055
0.01022011354
-0.09629443455
0.3840379983
1.371295883
0.8290912628
0.004157873429
-0.1501964459
0.5343687512
0.5196294025
-0.1317679919
1.033378088
0.1397162152
-0.3215017281
0.2309275554
-0.372206521
0.7029581279
0.01281292615
0.2444474936
-0.07559089437
0.6342141613
0.1093754804
0.02356944853
0.06503961962
0.7787058696
1.034323931
0.7134165468
-0.571416837
-0.922133249
0.5309424177
0.536144267
0.7921242774
-0.7364094019
-0.3671500117
0.1171330013
0.7007244639
-0.2270125862
0.075581552
-0.4936880611
-0.4891858354
1.91191569
1.157182103
0.3120504193
0.01259180927
-0.4399539344
0.8432390302
0.459032701
0.5268012695
0.05597932669
1.197218744
-0.08144087885
-0.2945291691
-0.441229482
-0.1548894678
-0.07398911621
-0.1139370759
0.4202476813
0.7564219341
-0.4668975219
0.1028717726
-0.2940034
-0.3289327189
0.3234587105
0.8822964162
1.023497529
0.1451968016
0.6635336891
-0.5295914263
0.9757216781
-0.1933361928
-0.05039219577
-0.1584562185
-0.1049339306
-0.4187251642
0.2495746462
-0.4173321933
0.291347375
-0.4199548468
0.7249202937
-0.1326393712
-0.07700845604
0.2588866822
-0.09414784517
-0.130613086
-0.5143526994
0.9245784111
-0.3996840619
0.2872387597
0.2391126387
-0.08710823003
0.6500340678
-0.4372924447
-0.2484333871
-0.681910497
0.1200199962
-1.078933606
-0.9349625766
0.04444985064
-0.1098087279
-0.604389745
0.2007357271
-0.8207988471
-0.02982080132
-0.2154686598
0.3809873692
0.1087928982
1.38455256
-0.2554609675
-0.1376641182
-0.4050646584
0.2974488029
0.5862343237
-0.497322683
-0.0005227011628
-0.40957537
-0.4237634845
0.6481775314
-0.8112462342
1.396088825
1.635125531
-0.8257063389
-0.5108369678
-0.06676397631
-0.7814763099
-0.4276959796
0.03214698974
-0.2962347263
0.01679610787
0.1524729179
1.077721533
-0.7360674471
0.05021115388
0.6390955746
-0.08287191112
0.2861841623
-0.2826642811
-0.2795559252
-0.1956068939
1.131180286
0.8481658712
-0.4710498437
-0.9260652065
0.622674885
-0.5414509684
0.3873419775
-0.6052259751
-0.0258925186
0.6101271331
-0.1957431009
-0.1829152042
-0.4196202815
-0.7087217271
0.09979286348
0.7297013171
0.4709913425
-0.4365575701
-0.0680007454
-0.6127887756
-0.3707395162
-0.489033553
-0.3025245279
-0.1819882272
-0.7374197513
-0.7112818539
0.272158666
-0.04746328145
1.014443795
0.4801357657
-0.6026929706
-0.1605716834
0.3357295116
1.097478863
-0.4566863656
-1.084007493
0.2687591594
-0.5796398222
-0.5802591026
-0.1076690448
-0.05074086152
0.06525425706
-0.2576746345
-0.1534864798
0.1482868649
0.3127844902
1.371037835
-0.2757086273
-0.3245259117
0.3892275259
0.6103221662
0.0879263036
-0.09701322541
-0.07340083532
0.8858237833
-0.05498154946
-0.4482402548
0.8558884963
0.320822777
-0.3738549359
-0.4587280571
0.9957163461
0.02127782637
-0.2399905877
0.9836265091
-0.5641578823
-0.4139929458
-0.5860952541
0.4326167934
-0.2944142865
-0.7954441816
0.02798253149
-0.4760341629
2.321596703
-0.5279208615
1.302253497
-0.3806619957
1.533965835
0.01380192228
0.8659742907
-0.237618605
0.003673630767
0.09870561548
0.7829572871
0.008362317644
0.1041427223
-0.02157514989
0.04407503251
1.069964214
-0.08737786785
0.5928664848
0.9277191639
-0.8699647754
-0.2276127368
-0.2826287339
-0.7626141444
0.4405102836
0.2299634486
0.001111577079
0.01384613849
0.4316494642
-0.2602297053
0.4151851162
0.1674390475
-0.2375588361
0.149757874
1.230246893
1.011957865
-0.3470514767
0.06131683011
0.02203446687
-0.4427032322
-0.2151654383
0.7251178276
0.2437866587
1.152278833
0.7420272142
1.116072199
-0.1504862998
0.03190002516
-0.1905386247
-0.8149740964
0.1172782611
-0.5439570546
0.3522626937
-0.07889041053
-0.08380001928
0.1547251455
-0.06563749872
-0.158706294
0.2662843142
-0.6499026313
-0.06543858722
-1.010676616
-0.002752288058
-0.5437842473
0.1572024042
0.03899788577
0.09586027153
0.01376666324
0.3264217887
-0.429810112
0.3353454605
-0.1638697058
0.02612592578
0.1948619325
-0.8758488417
1.069101781
0.0377574631
-0.6994537503
0.130826308
0.1425366472
0.1499695566
0.6617340237
0.1890493825
-0.3771569446
-0.5101542339
-0.4658184201
-0.2290463693
-0.0001540406374
-0.01977913301
0.9244848818
-0.5246681079
-0.4615039043
-0.6399819151
1.13397646
-0.8307590872
-0.1500851247
-0.7561109856
-0.1490065631
0.7185573477
1.262403822
0.8282652691
-0.9765082181
0.264404011
1.544162843
0.4196227152
-0.4077915795
-0.9222833127
0.01773375496
-0.7019855604
0.4328980038
-0.0173830919
0.006631075777
0.4226205505
-0.260642105
-0.8377748519
-0.3727374703
0.2506255219
0.3225985516
-0.3515467599
0.1523790303
-0.7285639226
-0.3671131276
0.05255541578
-1.004126725
0.3783893256
0.686569836
-0.1801984597
-0.0695799618
-0.3276994366
0.1341131997
-0.6284769371
0.3423275057
-0.6305955917
-0.1957819644
0.4513884902
0.3037758981
-0.2355320858
0.1810118575
0.9461076871
0.9711435527
0.0705807671
-0.1750842499
-0.4788666397
-0.4484030858
0.1545245055
1.391666436
0.2109441635
0.9961330593
0.3152849439
0.05049688229
0.3733302653
0.7135330364
1.001260337
0.824257119
0.08906405158
0.1530387364
0.09895277917
-0.006435918249
-0.5411266714
0.09236362698
-0.5700037882
0.7237255335
-0.1720184587
-1.054263106
0.5961542875
0.8228806719
-0.2059615932
0.01455553444
1.093223035
0.007051890623
-0.563353093
2.309021047
-0.5639640927
-0.4597460635
-0.3603712316
-0.2312536918
-0.0969483383
-0.5157800391
0.2590154193
0.1261293849
1.164196488
0.3607467266
-0.2179120306
1.354569706
0.266212061
-0.2667704364
-0.08656837922
1.127882719
-0.1553983252
0.2887015344
0.02534538321
-0.4998002764
-0.401126644
0.4820128238
0.9321760372
-0.5934735542
0.2537350701
-0.2456900451
-0.2067122148
-0.1511869724
1.637085512
0.152141512
0.3466759458
0.3063881388
-0.5040954031
-0.1927382344
0.4171988077
0.1642234194
-0.7625814706
0.5964377373
-0.8306369781
-0.7516617715
-0.9359659702
0.3054908145
-0.7861220032
-0.3220038742
-0.5007014871
-0.05923641715
-0.3672746643
-0.7082214072
-0.0285482496
-0.5474567302
-0.1794386104
-0.2323564027
0.5185148351
0.06249939553
-0.3693943825
-0.4046627317
0.2446464832
-0.2759720322
-0.03924521618
0.6933912955
0.06829473376
-0.9043928415
-0.3788330559
1.56427075
-0.1224369537
-0.5147399679
-0.5239306092
-0.4805040829
-0.001050472539
1.773789093
-0.4766661078
-0.2879125684
1.732905537
-0.2331830084
-0.3937087497
-0.5363181561
-0.6115496874
-0.3303634569
-0.8646185398
-0.3837273186
-0.3781241499
0.2313878952
0.05141354576
-0.6375132173
-0.2146568783
-0.2451370873
0.3216569327
0.05398159288
0.06197150387
-0.1237372816
0.002986590611
-0.6414648235
-0.6595559165
0.5884227023
-0.1681240307
0.0242452452
-0.5516940802
-0.8086203665
-0.4124734148
0.3781677894
-0.4119535156
-0.4573398128
0.09613831956
0.2258854248
-0.004275916237
-0.3069455031
-0.7290076077
0.2507336425
1.68168219
0.4241911335
1.337067914
-0.1019282933
-0.5252065107
-0.9359065413
-0.5727602452
-0.8660028875
-0.5772164151
-1.112100497
1.421875998
-0.5593238667
0.02487000176
-0.492456501
-0.2107033506
-0.7268941849
0.4414706696
-0.5287534297
-0.3955919184
0.2089370586
-0.8105079979
-0.2031952873
-0.6023899078
0.7795456864
0.2174372081
0.3632656865
-0.2346984237
-0.5171427563
-0.6407852635
-0.04726398718
-0.4519498914
-0.6902002811
-0.08523031566
-0.2958941102
0.2402220458
-0.1462394519
-0.4691672429
-0.3886720655
-0.3441569965
-0.1451228203
-0.1500017457
0.7329621583
-0.544274988
0.9264985353
-0.2430036651
-0.1472413871
-0.1038528044
0.07988906
0.1104228048
-0.2801738439
-0.1345249996
-0.1163594157
-0.07738942355
-0.5282093123
-0.005959172733
-0.3032863133
-0.1323403573
1.27826734
0.8967768455
-0.01674406007
1.025077048
0.4105582075
-0.7358502179
0.5807162978
-0.303416039
-0.9295581013
0.5900506727
0.5890722096
0.2108334363
-0.1766423848
-0.3700037889
-0.07421587482
0.1013875175
0.5123823702
-0.2538013678
0.08404800086
-0.160856186
-0.08063588664
-0.4701180585
0.1171625052
-0.1863517037
-0.8336709607
-0.3111176319
0.1582111729
0.1680912448
1.034176987
0.6920795701
0.4399518073
-0.4109617949
0.3792690724
-0.1188392288
0.1250131491
0.0005923633464
0.8188766286
0.04860473089
0.3792605281
-0.2156798374
0.1765362605
1.246420025
0.7071193147
0.8561103702
0.2020921936
-0.01487134313
1.654277599
0.1221842065
1.60930939
1.25429419
-0.4551686987
0.1181794563
0.4394797456
0.8722157419
-0.1994286023
0.1718915895
-0.3568084303
0.439089752
0.34489196
-0.4401476962
-0.6661546409
0.2458408173
1.338457511
-0.568201068
0.01111519868
-0.2767510252
0.270204702
0.4065693169
0.5323853269
0.578808124
-0.08199769128
-0.8040024877
-0.2599295594
0.7010121129
-0.4907405168
-0.2230654258
0.02606518101
-0.5810418803
0.6413336765
0.7470292561
1.014736626
0.008537117625
0.6994623393
1.684057611
-0.5604204491
1.340590817
0.5288810305
1.52988295
0.642457813
1.405563366
1.631156266
-0.251735986
-0.06794650797
-0.07522462755
0.358313693
1.516147226
0.5926209163
0.5814238891
0.5677953355
-0.3089232773
-0.112102117
0.333942756
0.1860478818
-0.8082279712
-0.07361298595
-0.2125063106
0.5053123888
-0.7902765334
0.1143257345
-0.5729777619
0.3319432532
0.08523200536
-0.09018594343
0.7009528034
-0.2879892625
-0.5806839868
-0.02969891476
-0.1612046391
0.1132383239
1.409112392
1.204816166
-0.6505641609
0.3458647482
-0.06118868543
1.139692697
-0.3244391751
0.2488260088
0.04970628424
0.4684208382
0.09656700208
-0.05992581118
0.2755046422
-0.8133261979
0.2242738059
-0.1618328283
-0.005824927986
0.3122301484
0.06116181323
-0.03378958292
0.6273349106
0.7831951223
-0.02226979639
0.6069812573
0.3318594061
0.7419031575
-0.4784686811
-0.2867186654
-0.2497460568
0.01678435039
-0.09672474768
0.8704014063
-0.07438912429
0.6605958566
-0.2332891673
0.5223055426
-0.006812673621
-0.07679005302
-0.5519073464
0.7007240757
1.061195382
0.4971416224
-0.01222386118
0.9448196217
-0.236212036
1.478881545
-0.5484905839
1.073292451
-0.1517137077
0.3605546877
0.8663576387
0.3329655325
-0.244318373
0.2573073043
1.169239399
-0.3191390133
-0.3219622863
0.1608382105
-0.1446079896
0.3265383537
-0.4813837603
-0.9861712664
0.2435475936
0.2590502035
0.2011168743
-0.7852969795
0.9209105134
0.3719734499
0.6002993323
-0.4979666963
-0.4482802808
-0.3996497907
0.4903821809
1.636687952
0.1062287503
-0.3755308874
-0.05157142393
-0.2646764345
-1.195785555
-0.4439043269
0.45035384
-0.002036982402
-0.2922747962
-0.6346047312
0.199167309
0.5397466665
-0.3362957705
-0.5727169931
0.04829610139
-0.1231791825
-0.6633340031
-0.01182410084
0.1862292424
0.412784582
0.4676335111
-0.59984411
-0.5664618641
-0.2691917241
-0.266129018
-0.2191064576
-0.757225734
-0.08301114165
-0.8388357669
0.2869779279
-0.6046562359
0.06516400389
-0.8515576988
2.740110514
-0.844276464
-0.02397673205
0.1318760496
-1.072282645
-0.03894249909
1.407257205
0.3891072134
-0.9354865611
-0.806132856
0.615029265
0.5665668406
-0.1812227624
-0.3649750401
-0.8668927968
0.2910017392
0.6725839183
0.5942419678
-0.3477319498
-0.4696515732
-0.2677749654
-0.1953350389
-0.4861263588
1.113719051
0.8929253206
0.1931445367
-0.2650500624
-0.6907745779
-1.019868806
0.1314116419
0.1488054056
-0.1316428369
0.3219488099
-0.6193064854
0.4423380304
-0.6832063287
-0.003828621656
1.27929002
-0.1620783407
-0.3613317214
-0.7040478393
-0.6283505589
-0.5188269585
-0.3587912656
-0.4018564167
0.08246684857
0.009571132809
-0.1303896158
-0.1978801157
-0.5395067096
0.4069726543
0.3597058062
-0.253001016
0.05667761061
-0.03359350767
-0.7792388052
0.2229117666
0.1343281152
1.49355541
-0.5673989236
-0.3710420586
-0.5432410583
-0.3921730615
0.1357323823
-0.6868222699
-0.9977282822
-1.003221306
-0.177674618
-0.5430337168
-0.5123250417
-0.6916455552
-0.02737912219
2.139824432
0.2637710068
0.6697588407
-0.3556487545
0.3021251909
-0.07804006841
0.9046499912
-0.3285018243
0.2067147397
-1.064439896
-0.7857960671
0.8611190125
0.5095645338
0.04012734136
0.5742334843
0.2154626582
-0.306311373
0.1632052343
-0.02570624808
-0.03082070462
0.2594676781
-0.7145063058
-0.2298926143
0.7988723502
-0.01740252748
1.369769521
-0.09246812835
-0.3393464431
0.1267677226
-0.1746314252
0.00231354367
-0.06738626733
-0.2531443942
0.2036825681
-0.3689971779
-0.4267605256
0.00358238928
0.992080164
-0.5517678879
0.2405754799
-0.2448087532
0.2911682887
-0.0989898365
0.0617716725
0.485726673
1.182658112
-0.30330205
-0.3404625043
-0.090734124
-0.2605648089
0.3656095676
0.05997221014
-0.1864994396
-0.2727349358
0.2125925766
0.5956993207
-0.1926901175
2.686948803
0.2277677914
-0.5034548312
1.001423252
0.3343067273
-0.09390716515
-0.4167431667
-0.5807655439
1.498060665
-1.019469953
0.1750326278
-0.3241604183
-0.7283827871
-0.4691728964
-0.3017896261
-0.8740083128
-0.6892050892
-1.078012678
0.7891452134
-0.407479886
0.7294301577
0.1412738254
-0.2813221185
-0.04356296873
0.2390117365
0.182720739
-0.3396982156
1.665425962
-0.06797676403
-0.1495210771
0.2076344485
-0.449764812
-0.4166241094
-0.5727614507
0.9511387169
0.3498603539
0.383433475
0.06569987061
1.166485136
-0.4645248398
-0.0176439086
-0.5076390542
0.06446407642
-0.2912811361
-0.3695231676
-0.1586916391
-0.6114302054
-0.5641723588
-0.711533016
-0.5322567016
-0.02763209753
0.2462791665
-0.2238711119
-0.03419347145
-0.3611380216
0.8217074186
1.461876327
-0.4549319513
-0.8743376583
0.9256202772
-0.1244090677
-0.6282695368
0.009004420787
-0.7274785861
-0.4388596825
-0.4232974261
1.149340748
-0.01282556448
-0.5068891987
0.6618726619
-0.3989262886
1.082365482
-0.1662093191
1.162232402
-0.2884652097
-0.2875884414
-0.6863082498
-0.1488642514
-0.3484482311
0.629605053
0.3430621594
-0.5616312958
-0.3496295951
0.00208304883
1.426564546
-0.2192126043
-0.4574942291
-0.7430797487
0.7593158439
0.8743237201
1.24229427
-0.6710135162
-1.001177979
0.6361600503
0.06831584093
-0.2459739424
0.07206506077
-0.2417739388
-0.2669368729
-0.930357787
-0.5998373762
-0.4602814987
-0.4214378184
0.9235398777
1.479858972
0.1600859733
-0.7562721372
-0.4019098282
-0.4803202763
-0.1015522033
0.7973767012
-0.388629818
0.09781440478
0.7987708986
-0.3067698998
-0.3095348679
-0.007787900232
0.08505122438
-0.4352110744
-0.09030013997
-0.6451857507
-0.5511938199
1.541367689
-0.6044291914
-0.6668298751
-0.2597064026
-0.2195518116
-0.4365826406
0.4714282006
-0.3705188118
-0.6611290082
-0.09226226695
0.3257257889
-0.4382190436
-0.8459740639
0.6729580402
-0.1601639368
-0.7637769669
1.282572332
-0.2450365314
-0.3712052093
0.4535851285
0.8025252119
-0.1419635229
0.2463387065
-0.04756327523
0.06304413127
0.3054180324
0.1081928492
-0.0276009798
0.4919799443
-0.5588325277
-0.4153665513
0.2095811067
3.597432214
0.3190683763
-0.08604494631
0.5440308683
-0.2606199771
1.098734804
-0.5730620131
-0.08091417458
-1.075030354
-0.7855441839
1.113066979
1.455605959
-0.5863771334
0.4139936652
-0.2407656379
0.7810080193
1.364123639
0.5564308554
0.274492573
-0.2090343468
-0.1099365612
-0.3971118458
-0.1691744793
-0.2173623877
-0.3939583898
-0.6928901061
0.3599267163
-0.8794211864
-0.4778375223
-0.4412100539
-0.4864290103
-0.8759972125
1.451191039
0.9520935237
-0.5075198784
0.1907791641
1.41821119
0.1574006579
-0.1048023329
0.108690213
-0.9722429693
-0.208638227
-0.1603915659
-0.11277538
0.6247071952
0.3968762385
0.03026154269
-0.4317674249
-0.6392765228
0.05881956182
-0.551852116
0.7021013912
-1.151993948
0.1307528809
-0.1984071437
-0.4064184591
0.2197903911
-0.9442713618
1.275405313
0.1646974254
-0.1054135434
1.652638267
1.143773425
0.2934462875
-0.6388540536
1.227569135
0.5092614572
-0.01750862245
-0.4083571259
0.13796515
1.035728369
1.464397468
-0.5474455185
-0.9221944213
1.956121269
1.500090042
-0.8188414782
1.952379426
0.393246929
0.4815746699
0.925202807
0.3811848916
-0.1409683469
-0.2225672692
0.4201787379
0.5015203405
-0.2898210019
-0.2084286476
-0.6330009133
1.148233666
-0.2844733006
-0.06249319706
-0.3374580488
0.01794361984
-0.3641392425
0.1587843476
-0.5281098777
0.228962866
-0.07050711592
0.02431854606
-0.3917587355
1.706618358
-0.4574239194
0.2478383935
-0.4499569353
-0.9686651766
-0.03944825139
-0.01627079658
0.3602795307
-0.05241024876
0.6476335496
-0.6315772384
-0.534764149
-0.9828356594
-0.4110710949
0.140745651
-0.3166328222
-0.7793101102
0.9682657301
-0.4191160804
-0.9028135896
-0.2114290306
-0.06431150846
-0.71748721
0.08303490896
0.4249731902
-0.5652026102
-0.3588895231
0.4124895714
0.2856120672
-0.4616516177
0.2552891134
-0.2070754481
-0.4781037115
-0.2380099487
0.179813339
1.200363486
-0.4962427258
1.796041846
-0.6149818867
-0.7568746835
0.319330816
-0.4250202894
-0.3109434426
0.09380271402
0.7582959585
0.4185352851
0.5067739666
0.3737164808
0.07935484517
-0.1535791684
-0.07584604858
0.2165171168
-0.1683575361
0.5488094635
0.9527831994
0.4264328726
-0.7212262571
0.2838856125
-0.4449401528
-0.4716986582
0.6096956015
-0.2450554043
0.1139841953
0.829355146
-0.5275700435
-0.7474811494
0.5025361027
-0.4158771148
-0.2081785932
0.3797513742
0.2391556708
-0.9465531945
1.416758397
0.01474341415
0.1167544123
0.006224110723
0.7327233046
-0.0719572084
-0.3340351
0.107005362
-0.3441395883
-0.2010708623
0.95124688
0.1020982664
0.2353222474
-0.09648755863
0.2564588929
-0.2280607451
-0.02965047034
-0.3244764611
0.09493444515
-0.4449017189
-0.6658878669
0.2986925028
-0.4730513453
-0.7374400973
-0.686116451
-0.398891063
1.438264295
0.6068664351
0.3606247386
0.6840311259
-0.2097441772
0.6850888498
0.3508592848
-0.2135755256
-0.2283634657
0.1332670249
-0.3932464484
-0.009441145696
0.4521433987
1.041067415
0.9807792738
0.06400235863
0.3375646943
1.689362648
-0.5025363356
-0.8758592933
0.4767475724
-0.1026970254
0.01615106734
0.4571663074
-1.139164498
0.1229089936
-0.315849153
-0.6425389364
-0.2850246366
1.098769049
0.8203932099
-0.0472615544
-0.141128006
-0.4526302673
-0.5787468478
-0.8713797897
-0.1801411057
1.667712433
0.004995535407
-0.345102703
0.248148117
0.04086915646
-0.02728533577
0.5891455106
-0.08177442886
-0.186008409
0.6476502307
0.5669110712
-0.1988494354
-0.1540958595
-0.446816716
0.03348260019
-0.6491039917
0.3382756131
0.237678416
0.07410215484
0.3291466366
0.5558237733
0.349064411
0.2195984773
-0.3854237471
0.0793408839
-0.06697649788
0.1197708216
0.7729068235
0.3037742557
-0.05653709248
-0.06405859469
-0.03017890602
0.856550068
-0.401772093
1.155266443
-0.1924654629
0.7565368071
0.4265809381
-0.2055015033
0.02463247362
-0.2393461253
-0.504331556
0.3714606076
0.4497962438
-0.1730218902
0.7512075827
1.133766031
-0.3390276682
-0.1500488104
-0.1354250379
-0.9100096226
-0.04778317809
0.08442693446
-0.3358730659
-0.6700199589
-0.1248886387
0.8489041209
-0.2500810988
0.2783370698
-0.41222328
-0.6943236042
1.111141146
-0.215324802
-0.1428069837
0.7728781871
1.297199424
0.6346009135
-0.3228216887
-0.08146001846
0.2137321794
-0.4338822827
-0.477082175
0.2735819743
-0.2146699935
0.2500582453
-0.1459437611
0.3217426501
-0.396899011
-0.1915083211
0.4964980736
-0.1096580341
-0.2317284083
0.06819213675
1.018016391
2.153263703
0.494513943
-0.06560882498
-0.2155162668
0.1161825052
-0.3776496712
1.164060363
-0.6745604903
1.299460738
0.6623848766
-0.239462467
1.313996461
-0.910084638
-0.349058789
0.3412097675
-0.3958951313
0.4548589107
-0.2515029397
0.240480642
0.1845403433
0.2229980007
0.0612799257
-0.3335536715
-0.4055475637
-0.3333592275
-0.343994328
-0.3590910181
-0.7501340002
-0.00746901799
0.0266736947
0.6761496112
0.06080122786
-0.06973460689
0.5121208221
0.332489195
-0.09552008882
-0.5874398232
0.562766397
-0.2995171357
0.8953066818
-0.1795151297
0.8876833878
-0.59253411
-0.4126297455
-0.7687654752
1.258934866
0.5877693651
-0.03640717119
0.6425130695
-0.02566394275
0.1518141737
1.796542166
0.1057799946
0.791324985
0.04908834491
-0.2929200083
0.4048712339
-0.4073879579
-0.2868532345
0.1466134541
-0.8488367528
-0.3085455656
-0.8804174989
0.428790753
1.666025282
-0.2396692067
-0.3345271006
-0.1661490312
-0.4302677318
-0.1117640024
-0.6747987926
0.6503507242
-0.2465898477
-0.3104129992
-0.1825785933
-0.1592229417
-0.9319832444
-0.1675513593
-0.2082275931
-0.347806916
0.1802665331
-0.4467810646
0.8304417897
-0.5486930199
-0.790335983
0.0607757505
0.05853641238
-0.3413164249
-0.08243739288
-0.1892351069
1.455697283
-0.08386104126
0.790895655
-0.5364875525
0.4513956957
0.3284722656
0.637394166
-0.3533227786
0.5189577304
-0.01735095624
-0.3611340582
-0.3907093048
-0.6322563559
0.1889333589
-0.3706585363
-0.2922820114
-0.288010521
-0.3100973492
-0.5335316226
-0.3391430549
-0.04677651487
-0.2018001232
0.4412081838
-0.3392975539
0.3974660177
1.059221503
-0.801129958
-0.2338293725
-0.4148862325
-0.4406318597
-0.7341359258
2.175310349
-0.2018015582
0.0485245049
-0.1265296884
-0.765066871
-0.0631862022
-0.2806980036
-0.5514791995
-0.7592809945
0.02235890012
0.3743928581
-0.6283654556
-0.2128550475
-0.381492953
0.2313954625
-0.02816604283
-0.2284815427
-0.1373613963
-0.1488708348
0.01711041369
0.03164747446
0.2303570049
0.1551303951
0.8315793641
0.2558590233
0.3832878668
-0.1503652277
0.9375024274
0.2370810449
-0.2121020161
0.8833061486
-0.3163911995
0.2295488391
-0.101569343
1.085055106
-0.08700486179
1.599893945
0.3048670355
-0.9048570096
0.2686706953
-0.1299070518
-0.003669342212
0.3642510358
-0.4746190533
0.4129698791
0.0619082164
-0.06885761023
0.1001811694
-0.9005054206
-1.195909697
0.03909537131
-0.1263543975
0.3011672162
-0.5042939484
-0.5611094594
-0.2982724529
-0.04305192474
-0.3762589224
-0.6664897665
0.3705678942
1.117861331
-0.5803621426
-0.3959719449
-0.4265486509
-0.5154355854
-0.3155418176
0.8670422494
0.1103535433
0.008293048199
-0.08843251206
1.438897584
0.178783655
0.5784300707
0.03887120383
-0.08943628622
-0.01491368297
-0.5496563748
-1.050577676
-0.7262732029
0.7197474737
0.1585683212
0.7448819064
-0.6070054442
0.4920171777
1.060926785
1.423949309
-0.5518047214
1.388675752
0.5524796471
0.5146648172
-0.5609552413
0.01817046991
-0.3829034172
1.246347857
0.4646694615
0.1136593605
0.5868591279
-0.7130109578
-0.9284202576
-0.6315725118
-0.6230528027
-0.5516129494
-0.3471309602
-0.3362068931
0.6459271044
0.5484177884
-1.013790029
-1.008222768
-0.5729665488
-0.1384598921
-0.521708788
-0.368379502
-0.7318147093
-0.5931159243
0.211244187
1.219800523
0.09214217365
-0.2103034385
-0.376574567
-0.4030426636
-0.6135828614
1.48694222
0.2547130182
-0.4501871273
-0.8085689187
0.1842341769
-0.4906340808
-0.3719347514
-0.1736377295
0.229267635
-0.1501776729
1.083473639
-0.2144580826
-0.2149940126
0.4545261905
-0.517580419
-0.4793701701
1.25474906
0.4308514051
-0.3544718876
1.198278737
0.02285100147
-0.5509810343
0.7996197999
0.579549044
-0.7174797177
1.763929591
1.112068223
-0.6443690062
-0.3108322985
-0.1130679529
0.3516212206
-1.010966006
-0.581075637
-0.1783477245
-0.6762242466
-0.5286404841
-0.6817146406
-0.1262095051
-0.559545438
-0.5673258021
-0.1192895286
-0.5564717487
0.6771260999
0.2996162631
0.6351259381
0.4737721199
-0.112457864
-0.4630221799
-1.164181966
-0.1150790621
-0.3786682352
-0.4049051411
-0.06966601089
-0.474775821
0.1283094654
-0.6034559011
-0.1721432995
0.3447852263
-0.5993625998
0.2750322919
-0.1170368247
-0.5246470302
0.5878558144
0.1117301498
-0.04762466783
0.2704699891
-0.7069764614
-0.2304774549
0.04584090482
-0.4444535561
-1.016348055
1.361374564
0.494121835
-0.3712292142
-0.07783585368
1.913013337
-0.6839934915
0.08216761239
0.25422628
-0.3640373215
0.09025204452
-0.3492870286
-0.2175084092
1.052863617
-0.9610021502
0.4416794864
0.1291322267
0.3573341826
-0.5111070393
-0.1835545335
0.2548409514
0.1138577724
-0.1657822594
-0.7771359816
-0.7976200432
-0.3848322488
0.2302150819
-0.5227661893
-0.2167938048
-0.8263172448
-0.1955937898
0.491430524
-0.7508008689
-0.4944156736
-0.3753711753
-0.9361212358
0.3082870618
1.220292915
0.161424512
-0.1400918955
0.04319441048
-0.03353697192
0.4062073831
-0.1494160553
-0.7060233489
-0.2644235667
0.6966970526
-0.7910021484
0.1716385471
0.02125034686
0.1017951811
0.7731274717
-0.5457054138
-1.049838051
0.779761637
-0.06818424892
0.3447299493
-0.3006677769
-0.4728880838
0.3076742873
-0.9016705647
-0.8544119149
1.066263807
-0.4037772223
0.4916243263
0.4979758
0.1013290106
0.138391638
-0.4813311949
-0.8880868435
-0.8308499664
1.324922252
-0.3868876286
0.04803750487
0.02679560361
-0.5166448653
-0.3012258641
-0.7880193532
0.9411135107
-0.4121714693
-0.1577147434
-0.7735027075
-0.1394608613
-0.2314081304
-0.7518211663
0.3501583748
-0.5752605796
0.1816385656
0.5900094938
-0.6295875996
-0.4618088819
-0.6191635981
-0.8384939998
-0.9213911861
0.1179731879
-0.3445320599
-0.8751235276
-0.2445194706
0.8617068268
-0.09539185148
-0.1206796391
0.02784253415
-0.6171078011
-0.265554463
0.8252857387
-0.4919202209
-0.8425764591
-0.3191666208
-0.9664081305
-0.514977292
-0.7100937605
-0.4314636201
-0.7623217851
-0.2880676672
0.3499410991
-0.4143940076
0.7089618161
-0.3710377604
-0.2138081802
-0.04675338976
-0.7030323759
-0.6237862617
0.1273451053
-0.9047086626
0.5138365637
0.05814317465
-0.2242774317
0.4437125888
0.1050724575
0.09190337565
-0.09961248226
-0.2287601441
1.729044615
-0.3471252039
-0.5256910235
0.5760771215
-0.01491569933
-0.6708991617
-0.3817691095
-0.5431032702
-0.6654237837
0.3239080947
0.1361250692
0.03551711384
-0.09814719316
-1.199233797
0.2584919296
-0.1253809279
0.7831719913
0.5079137057
-0.01306408234
0.2889181472
-0.6098387882
-0.194969737
-0.6080474079
0.1012669948
-0.7360892132
-0.7750811785
-0.249100655
1.49756166
-0.0300477542
-0.4309566379
0.05679689925
-0.3190053148
-0.3612999529
-0.6003134161
-0.6527531475
-0.004229192343
0.03938046489
0.7803604774
0.3776413361
0.09815070685
-0.6014874712
0.7712450981
0.3286082521
-0.2976621006
0.4808843159
-0.5204281747
-0.3311539277
-0.1890878788
-0.1782927601
-0.1677012686
-0.3500818539
0.1979234822
0.0838948465
0.03393731825
-0.1877229232
-0.03811597042
-0.2424482888
1.035538781
-1.005417153
0.07129885759
0.6710486703
0.179005626
0.5860661581
0.01677317191
0.896446589
-0.219213878
-0.1731162127
-0.7023468018
-0.2105183722
-0.8383962631
-0.1044500841
-0.483962021
0.8513029337
-0.6750993446
-0.6279092595
0.5064193115
1.412169427
1.632390817
0.2043114128
0.6055162523
1.6798778
0.02369485274
2.275061864
0.260361369
0.6281995729
1.09018071
-0.6838027462
0.1277498523
0.7389545038
-0.2168199368
0.2519803822
0.1139810011
-0.5216293827
-0.2427533265
-0.6467294291
-0.6734734118
-0.7748740494
-0.3275488361
-0.5017508239
0.2137157183
-1.056103766
-0.4034459248
-0.2586997684
-0.4624829531
-0.4917922094
-0.3853787363
-0.2109880041
0.4210495804
-0.6291887626
-0.4479325667
0.9612259943
-0.832079795
0.3421757258
-0.4045613177
-0.08923339378
0.5127834372
0.5998081412
0.1181553073
0.6682968035
-0.3514602669
-0.3947910301
0.9095250852
0.3757297531
0.5874477101
-0.1833716329
-0.7946736485
0.009113125876
-0.5192390189
-0.5042164028
-1.012709835
-0.1640930275
-0.1253468279
0.6589387961
0.4174721187
-0.5679770276
-0.2659667253
0.006186444126
-0.3153609484
-0.5658223912
-0.2390021384
-0.1568896282
-0.2797712928
0.6114131674
0.2612701511
-0.535062167
0.9055529848
-0.0605875806
-0.6353120774
-0.003598979115
0.1883319356
0.4753184482
-0.1386347255
0.2466278356
0.6315218978
-0.1677064664
-0.2518177727
0.3801037122
0.9263287725
0.6763463616
-0.357576688
-0.2351596799
1.584766936
-0.2689975802
-0.1535884494
-0.1360141737
-0.5780421272
0.1035401942
0.9452936489
0.3557295684
-0.1092929067
-0.6149114892
0.00366574619
1.039113018
-0.08145691939
-0.1666609872
-0.353770151
-0.6990327835
-0.1681216143
1.246465413
-0.3828444585
-0.7783567339
-0.4321114824
-0.03477534098
-0.7360013932
0.1913856101
0.08222834868
-0.223234397
-0.1870431768
0.5657730177
1.461843127
0.04045026116
0.9208322182
0.3527139306
1.759601662
0.4526224725
1.291587219
1.075237745
-0.8524284661
-0.4574458212
0.5148417965
-0.4406571075
-0.1510694738
0.03483434105
0.4129849855
-0.1571539309
1.363951156
0.3151758946
-0.666270791
0.2638580186
0.8420654222
-0.01655205693
-0.6074252024
-0.1751941111
-0.2519791305
-0.05477424413
0.09204159454
0.1996916385
-0.3319282778
1.311348833
-0.3714681251
0.0321520349
-0.4488607824
-0.8291458085
-0.1028304265
0.1963101015
-0.8184096307
0.07309048409
-0.5698536478
0.1753641598
0.5565484688
0.05013968977
-0.525061325
0.9644379318
0.05254365858
-0.3449871538
-0.7343874723
-0.3148086272
1.200725791
-0.6929956734
0.3389696149
-1.033728127
0.4474552725
0.3406454217
0.4848099355
0.1998378543
-0.7289324299
0.03152092863
0.6294445992
0.4584581109
0.2605807312
-0.2416374678
-0.1733738881
0.0191442553
1.226218118
0.3141497937
1.731021603
0.05767699508
0.8178525299
0.2977332704
-0.004706607014
-0.5175839826
0.7963796452
-0.01003686935
1.158525102
-0.5944612667
-0.07688876186
1.85500111
-0.2532073349
-0.06091865408
0.7343608392
0.3279951192
-0.3959468689
0.07806899659
0.6421424158
-0.3539282896
-0.2008390158
-0.5472658031
0.1304807586
-0.1318057754
-0.4907571137
-0.6890661985
3.010630071
-0.4364332959
-0.3688839681
0.4114175126
0.1000560001
-0.2752371334
1.386844924
-0.6621625438
-0.2288426191
-0.03997943336
0.02948724385
0.2680051535
-0.1339257495
1.010281506
0.4250388779
-0.9546909004
0.2313728366
0.5000621533
-0.1744052818
-0.6933718637
-0.1738409353
-0.01070572496
-0.4523838632
0.2714640614
-0.2990429781
-0.09057181515
-0.2096244857
0.2854717512
0.4306513488
0.5054200946
0.1785552582
0.3430762605
-0.5699760675
0.1699119654
-0.1029341459
-0.5780016497
-0.5498072714
-0.1219081413
0.3793334678
-0.2522414686
-0.2430527709
-0.4170629069
-0.3537183143
-0.7027026951
-1.060361755
0.1223374316
1.182755852
-0.06570526138
0.7602499753
0.3285842188
-0.6594414622
-0.5274763942
0.824025397
0.2660834007
-0.4316437766
1.083967251
-0.4509954631
-0.1747449864
-0.2450412538
1.064391175
0.1793938668
0.701649984
-0.2192469381
0.7467055069
-0.1587325778
1.429439446
0.3936758511
0.3161164176
0.5695073582
0.75880142
-0.2454801792
-0.1665277332
0.04320050003
0.04791767816
0.8368306376
0.5817710146
-0.2172561743
0.5672689434
1.368496576
1.950511062
0.1489242934
-0.06762284078
0.9169052824
0.2142067271
-0.3731563024
0.685978511
-0.1859679151
0.03585122451
-0.4137672536
0.2395421535
-0.4725093557
1.577690649
0.8429387599
0.4711435832
-0.1150519311
-0.1404133797
-0.2193573613
0.245904841
1.279597479
0.1564783246
0.2513917167
0.361713099
2.593776691
0.8944691569
-0.4623740718
-0.5630953856
-0.32348064
-0.5125296161
0.1142789926
0.5180387102
0.7647896931
-0.2783408946
0.07835729532
0.7412379831
-0.3886914566
-0.1348014087
-0.6023142621
0.0007833804935
-0.1456047256
0.1176389663
0.03564283978
0.1043578262
0.659579704
-0.4430617109
-0.07393440083
-0.3177225672
-0.1156722641
-0.2733421475
0.01248545037
-0.2443163939
-0.1607087525
0.4383198999
0.3560825988
0.6061199715
0.3178134424
0.3164078675
-0.8539526641
-0.433132036
0.3904792864
0.4028564317
0.08478050269
-0.1781906478
0.1991591724
-0.3758358773
0.1544495657
-0.2028912842
1.582071695
-0.7153022986
-0.6786349684
0.869557815
-0.1443171787
0.2774158588
1.013603221
0.2187744885
1.2230362
-0.563041544
0.154500352
-0.08606109321
-0.7696786106
-0.6455015004
0.08954217937
-0.4478095606
-0.04667784823
0.2495929509
1.695486638
-0.1791768256
0.9488182351
-0.5578760311
-0.200625141
0.06645753137
-0.05873656161
0.1702761363
0.2338628078
0.2145919362
-0.9635134518
1.035174924
-0.3982274532
-0.18251247
-0.2751968183
-0.03226129408
0.6261121478
-0.1067005472
-0.0597574858
0.2089593324
-0.2868289828
0.4539502233
0.6003716752
-0.4327316787
0.03931267336
0.4363858249
-0.8323871732
-0.06631543711
0.5912577175
0.4377506457
0.8135546014
0.0297110647
0.08736210875
0.005064748973
0.411719384
-0.5224491648
0.6865786791
0.6564091206
0.6573962644
-0.22421243
0.6314028412
-0.03995443992
0.2431312303
-0.2718011174
0.9858291775
0.808687824
1.154257186
-0.1037227258
-0.08462576997
0.347916582
1.189611778
0.3999772295
0.1404398764
0.6433265394
0.3358405631
-0.2440203363
-0.03904335238
-0.3572130039
-0.04056230467
-0.707275188
-0.08753683064
0.95090326
0.4793613765
-0.4225906909
-0.7808751643
0.2825701131
-0.09762114612
0.2871481345
0.1087424676
0.002594884112
-0.0665133561
0.09170906916
-0.1831747939
-0.2686047543
0.08139762599
1.567597353
-0.08291402273
-0.03382974565
-0.2665673047
1.182505459
0.5440802181
-0.2471267182
0.6373590894
-0.2023622807
-0.407820954
0.00107942191
0.09193559568
-0.5884672686
1.813761762
1.994683683
0.2090274012
0.5198003523
1.495904556
0.3083982887
0.5515957735
0.02765610851
-0.04856283329
-0.1727898445
0.1070118839
1.093444373
0.6442674041
0.6313724242
-0.3786668517
-0.3237966184
0.1042640112
0.1309413612
-0.4290367298
0.2578468941
-0.3073691607
-0.6400366932
-0.3345516659
0.2450018709
1.307086736
2.298565133
-0.07953359727
-0.07505132146
0.5200166717
1.386752537
0.1735895915
-0.1267633269
0.3489853872
-0.09026666414
-0.1675770242
1.175729814
-0.209264718
0.004253310896
1.771996689
-0.7058508426
-0.6385941148
1.012599648
0.7952434505
1.328390992
-0.4038755164
-0.6055432782
0.3696014352
0.2954834208
0.04116916172
1.488302763
1.640267408
-0.08315559272
0.4670155115
0.9328354741
-0.4727680603
-0.07464754004
0.2818358187
0.9803727478
1.331575117
-0.3723077603
-0.06305567119
-1.003098914
-0.0003855334129
0.3775055474
-0.5808334082
-0.200934813
-0.1661741618
-1.00604012
1.448971877
-0.7802256882
-0.2720371526
0.3667526864
-0.2833041126
-0.1121337224
0.04787547514
-0.04666968863
-0.2490502963
0.254678364
0.1593547423
-0.3332151569
0.9344091862
-0.2903356254
0.05181651013
-0.5152061895
-0.1762503507
-0.4059606787
0.3127229793
-0.1587972036
0.4650403149
-0.03876829697
-0.8493949123
-0.06084841276
-0.7430180863
0.03004137357
-0.6122733057
-0.1361113109
0.6727210596
0.2157894306
-0.2724144399
-0.6009866893
0.2641560894
-0.467960652
-0.3808649749
1.407921596
0.3648253452
1.09716774
-0.8921381146
1.205340214
-0.1444350727
0.346814261
-0.2823933419
2.02479077
0.674656043
-0.4731725886
-0.5354146019
-0.0298859356
2.128738943
0.1635651085
-0.1025617772
0.4459602816
-0.3334406607
-0.3804246396
0.2249660414
-0.133647862
-0.05896399394
-0.04552093856
-0.6687544867
-0.1065804804
-0.2139636401
-0.5240277968
-0.1541063443
-0.3685384445
0.7394057713
0.3280312277
-0.6280805111
-0.4280784801
-0.2171165621
0.6691229865
0.004978352785
-0.3269959837
-0.3904751457
1.256367579
0.1128157622
0.1151575482
-0.04112092005
-0.3645979587
-0.3680840671
-0.4526460283
-0.04534116732
0.65638946
0.3263113765
-0.2064351108
-0.2738799211
-0.481851425
0.802263964
-0.1018298032
-0.2069040427
0.08930245079
0.08013731516
1.368237242
0.8971624285
0.072380553
-0.00792122297
-0.4819161221
0.06956963558
1.828656514
-0.9517216682
-0.3661002662
0.8542199492
-0.23688352
0.1320093275
-0.6257279605
-0.4079329014
0.01059708074
-0.0416314431
-0.3029615473
-0.6665229738
0.1634885103
-0.3505518503
-0.2539482385
0.02748933733
-0.2196048327
0.1793810777
0.451118559
-0.4363072358
-0.4224583708
0.8245723441
-0.4349996246
-0.03466473334
-0.01664267126
0.1969990842
-0.7024942338
-0.2851733372
2.051825327
-0.04974400029
0.5622579381
-0.5534386754
-0.1944771871
-0.2441309458
0.4663803816
-0.2437676609
0.1030006519
-0.2466635868
-0.8265742093
0.02081568167
1.26315119
1.581229699
1.571860927
1.47320329
2.472596373
0.1333477119
2.655364448
0.950432238
-0.1190878064
0.054140657
-0.157266894
0.7517514318
0.260804902
0.2315399085
-0.2897414349
-0.2312046204
0.9816274658
-0.6241439059
0.6065628409
-0.6463381097
-0.3059726151
-0.6727138251
-0.00711029321
-0.1823017592
0.390699596
-0.3210604871
-0.3374230564
0.852834706
0.5998433582
-0.2282930328
-0.2958928593
0.5193151578
1.525754744
-0.2189136601
1.242254212
1.776602046
-0.02117833155
-0.1881275162
1.218699768
-0.08329266831
-0.2741249943
1.539464438
-0.6125032455
0.6796759348
-0.3355366036
-0.6332591832
1.223880947
0.02926293723
-0.7692723081
-0.005431407876
-0.480055277
-0.284600345
0.06625266373
0.4229729429
0.2206531428
-0.4077174317
0.6079617143
0.9041125134
0.3003048621
0.2308275813
0.1551469658
-0.7828659326
-0.3341689639
-0.01745035481
1.057453825
0.7792901047
1.132641314
-0.3885780238
-0.573297435
0.3759453256
0.7662230775
0.1022740135
-0.7565265581
-0.06377770323
0.1526676148
-0.03778168
0.1372468595
-0.1907307599
0.7739614241
-0.2748406183
-0.138474017
-0.07017606487
0.3510469884
-0.3809631623
0.5932301909
0.08528409582
0.186239545
-0.9878879875
-0.4382693097
-0.6050462022
-0.05163159538
-0.0265248483
-0.1900849098
0.08844655412
0.9158143222
0.1631337076
1.43121122
-0.4211061671
-0.3569646891
0.800583373
1.541933046
0.9947015166
-0.295571712
0.01181564443
1.133903259
-0.8768330634
1.090686545
-0.7339353621
0.08830208359
1.464692748
-0.07342478596
0.3575515347
0.5108160209
-0.6968377948
0.8610064089
-0.2597758355
-0.3289758058
-0.1302042494
0.7563318044
-0.3239698347
-0.7269416839
-0.3965720631
1.598143002
0.2479584314
0.2932779539
0.8588756844
1.040177982
-0.02540435065
1.16360467
1.100242084
-0.106877061
1.519493172
0.08698300887
-0.2232384756
-0.4764916152
-0.01221600287
0.1611558883
-0.3267208409
0.02279057391
0.09473685622
-0.7129907683
0.4121438045
1.224828178
0.1979648277
-0.9029552162
-0.04729230665
0.03268697876
0.2232717324
-0.3373102754
-0.1341119349
-0.1375078879
-0.5325885162
-0.449375996
0.5784459315
-0.3131977491
-0.4608987249
0.1019591809
-0.02015475091
-0.1641281988
-0.8127306044
-0.1254096117
0.0106911175
-0.2361667097
-0.1873303754
0.1451489976
0.07595012328
-0.4775728375
-0.4006139085
-0.2932906531
-0.2958857459
-0.4845467106
-0.1827714151
0.2132199668
0.1377238691
-0.2329150934
0.3798844382
-0.1028616928
0.6361803181
0.94451565
0.527708073
-0.2423569161
0.100968608
-0.3631648809
0.09236381846
-0.9655055344
-0.7476734072
0.4451693881
-0.5622384727
-0.564159596
-0.4953352585
0.1399470123
0.6238386912
-0.2719063919
0.03029474765
-0.3281420395
-0.6508609891
-0.2429173131
0.4031197542
-0.3168682508
0.8374922791
0.2799663426
-0.1579680808
-0.2878262423
-0.691223377
-0.2461347083
0.4747393519
0.5887838457
-0.1129177126
-0.4017323487
1.187741606
-0.2150525451
-0.4034478012
-0.5501571208
-0.4659943983
0.6338816836
0.701017857
-0.3117912188
0.5281667046
-0.9969323039
-0.08125377465
-0.436252407
-0.1846885748
-0.7133403644
-0.2856596036
-0.5581238702
-0.6651056498
-0.7132672563
-0.4029416405
0.3552833971
-0.4913006596
0.1712992509
-0.2517345477
-0.07010920746
-0.5945530951
-0.4438361496
-0.8016201705
-0.4617025167
-0.382411854
0.5682734542
-0.2992791913
-0.710637188
-0.5290552795
-0.2824106939
-0.7937040806
0.2946893686
-0.6298598975
-0.01510211993
0.1477865753
-0.9347480655
0.1840924339
-0.05307882503
-0.3817172568
-0.504728885
0.3044910315
0.08643129002
0.2748041745
-0.3097899586
-0.420368655
-0.1746476986
-0.2518942891
0.09842567509
0.2551794566
0.1901016461
0.03256323445
0.1581002353
-0.01798199005
0.09165783953
0.1603557
0.5006751008
-0.1721140552
0.2040037654
-0.6043306857
0.7744928658
-0.1179141022
0.6591528594
0.7730140343
0.5721103959
-0.08822526261
-0.03681907486
-0.4836585388
-0.05779962055
0.1076687433
0.2091068294
-0.3990385078
0.2154446603
-0.3512594678
-0.2615870435
-0.1014506551
0.8633013688
-0.2444468362
-0.3208704185
0.09291603565
-0.4006181039
-0.4328194343
-0.4867234379
-0.5799591705
-0.03681764491
-0.982001853
1.028076464
0.02109266696
-0.1276861763
-0.1471534545
0.1762621695
-0.5380994439
0.5935122259
-0.5015151873
-0.41229579
-0.4479079142
-0.1486772407
0.1920880672
1.370645799
0.6006768689
1.302886835
-0.5333834216
0.1631927351
-0.1743966073
-0.01116911713
0.6504070304
1.009540337
-1.030563304
0.2041557626
0.04509948175
0.3290669475
-0.2992527179
0.08478607889
-0.3391788445
-0.3465757132
-0.5340458229
0.1755390543
-0.6121473044
0.3300643392
-0.01083860341
-0.2289343491
-0.3014515694
0.02152614314
-0.5250993803
-0.2853923075
-0.351580397
0.9901893049
-0.08188776672
-0.1134127961
1.098369271
0.2165387036
0.1230545247
-0.2883939527
-0.3251328051
0.2321053822
-0.1706553915
-0.3890092641
-0.3762396552
-0.5782235146
-0.6483861044
0.1341999737
0.3700748419
-0.3058832888
-0.5193087712
0.02506851638
-0.8409925491
-0.5270920128
-0.2145479809
-0.4587787703
-0.6196434408
-0.5287449777
0.1319610594
-0.6660012484
-0.3428425215
0.7336017609
-0.2470174581
-0.0802366362
0.05939946305
-0.5161948681
1.373089002
0.09082543962
-0.3322918404
0.4600762512
-0.821866256
-0.2379698822
-0.572947754
0.6271679483
-0.3820920467
-0.08506562058
0.005394603498
-0.4602002427
-0.6190972166
-0.07182401363
1.097931618
1.552350023
-0.773691836
-0.5644829676
0.02098739911
-0.3974063747
-0.4679121837
-0.1089470806
-0.0820721935
0.1386954799
0.001122393832
-0.232571426
-0.2637992915
-0.4442008808
-0.5377514213
-0.2339519426
0.1440955646
-0.343838241
-0.2682074472
-0.4864898369
-0.1105399998
-0.6900479019
-0.4985034183
-0.9373777717
-0.8361263901
-0.638402532
-1.163024047
-0.2456438012
-0.3131535329
-0.3757721364
-0.7131240159
-0.3397405654
-0.3419476695
-1.107128736
-0.2801924359
-0.3059906088
-0.2056835504
-0.9295849353
-0.0006980748847
-0.1632686943
0.3783621045
-0.0356201401
1.112912676
0.04839032665
-0.07444422673
-0.6938056603
0.007006236166
-0.1069962014
-0.007345550973
-0.6463344663
-0.6249621913
0.6970623851
1.741346413
-0.520373325
-0.3694696002
-0.5027454786
-0.006846570969
-0.3687443823
-0.9212659091
1.225500858
0.927635888
0.06576531418
0.3573715951
-0.6524504423
-0.3352850996
-1.055913281
0.9614468202
-0.5964875355
0.7197250709
-0.1197681736
-0.5571588516
0.3625583652
-0.7694805235
-0.5078821495
-0.8711180627
-0.4213390425
-0.306776914
-0.06146977358
0.8226292476
0.05623711487
0.2249943666
0.4040216858
0.1129550996
-0.260541448
-0.150994537
0.6637001321
-0.3244173398
-0.09349938557
-0.2976146063
0.8217576087
-0.7367185384
0.1894013871
-0.3564089604
-0.2630603045
-0.1791391568
-0.6658010423
-0.5323484242
0.4152372736
-0.8492233485
-0.2825970612
0.1934383364
0.3199093489
-0.490619421
-0.392421375
0.4983033441
-0.2458743617
-0.2836409513
-0.6261634469
1.183827807
1.347833772
0.5281529879
-0.3797650542
-0.02972817756
-0.2906283159
0.6521268852
1.36033446
0.4910955062
-0.29947377
2.106767647
1.024129839
0.1534824878
-0.2061554965
0.1483258324
0.5373226674
-0.8647086889
0.2293802669
-0.3773205765
0.7286189258
-0.8265915424
-0.9994852632
-0.06972252456
0.7684522204
-0.7082834259
-0.6449991688
-0.6963975281
-0.2085492074
-1.17954317
-0.4028036311
-0.5378345326
-0.5304418892
-1.010040075
-1.08090165
-0.6081219852
0.1469252698
-0.7494043857
-0.1499917861
-0.5250707939
-1.081227645
0.2808768975
-0.01243640594
-0.2427103404
-0.5126034141
-1.209745643
0.006503058691
-0.04695614353
0.07388430648
-0.5060935646
-0.6244035095
1.543727291
0.6136781566
-0.3044506371
-0.8027383149
-0.1789713584
-0.5069232523
-0.1033179361
-0.5750551939
-0.4180726208
0.2654913668
0.3186995862
-0.2962779474
1.181593998
0.0139696883
0.1248889293
0.5482024595
-0.382721632
1.012226383
-0.5178911299
-1.204966161
-0.05936021842
0.3778776053
-0.2215579525
-0.4156175599
-0.6909699611
-0.7567104757
0.3499896712
-0.3891073983
-0.6118293177
-0.5426097602
-0.1310557749
0.2028699659
0.3834255943
-0.1552217895
1.804405571
0.04014057107
0.1319636937
-0.1939298094
1.273159516
-0.2590996288
-0.5286600307
0.3749577457
0.09320552573
1.965949926
-0.8872579247
-0.5324593041
-1.035741818
0.08421128355
-0.870131284
-0.747973755
-0.3006472819
0.09697633684
-0.2725474615
-0.8124726593
-0.1735077549
-0.08852206375
0.2776627846
-0.2886118829
-0.07045283858
-0.1204808917
-0.08830855042
0.9569610208
-0.5407660961
0.5732553497
1.120109797
0.4614643561
-0.1984568955
-0.03143578293
-0.5564568862
-0.6249830306
0.3337177918
0.8710875377
-0.707435292
-0.2257132202
-0.8098402113
0.07732282765
1.64217716
-0.02512723142
0.1287078345
-0.02873828225
2.254363292
-0.5798502281
-0.1983965786
-0.2960641593
-0.1180324804
0.3717911161
-0.08314337321
-0.1118002374
-0.2215015627
-0.1054890675
0.3654108468
0.004250904452
1.001236798
0.3600841889
-0.3388335384
-0.2610288858
-0.1923929192
1.03850774
0.615108297
0.68266939
-0.1863064855
0.6414690632
1.629119202
-0.06733098365
1.420492893
0.03677350357
0.1818594261
-0.4915597245
-0.4765442669
0.03093661908
-0.05904550403
0.02951239925
-0.775282824
-0.08125574414
0.6476667665
-0.04476142814
0.4313267894
-0.001736198831
0.05243116897
0.107966016
0.5268628092
0.6870440885
-0.3574963674
1.420481072
0.6650170758
-0.3185754191
0.2217010501
0.4761385605
-0.2082116874
0.243652188
1.141686954
-0.2082831951
2.729368484
1.858838868
0.2872408934
-0.1903164692
-0.0614568647
-0.578140682
-0.001567680947
1.054576865
0.8230304882
0.368458648
0.5254949488
0.2044211034
-0.6762420699
-0.8483865261
-0.361041192
0.1521892726
-0.3901325472
1.157221942
-0.2382363474
-0.4064531103
0.3348865807
-0.3763304159
1.552477594
0.554137307
-0.4006603541
-0.634215112
0.2984358136
0.8151924804
0.8439310014
-0.1970343219
0.004610601626
0.2270720882
1.145372014
0.2079754759
-0.3970820069
-0.3205944784
-0.4298325107
-0.5068530485
-0.51874374
0.1833352076
0.1157485039
0.5386778474
-0.5092433527
-0.7332401603
0.4278424598
-0.5399452314
0.4237249285
-0.9121952057
-0.1125821516
0.7258120775
-0.6343805715
-0.2004238728
-0.7445048511
-0.4570347011
-0.001880009333
-0.4282483026
0.1316059289
-0.5251324832
-0.2106372421
0.6302174106
-0.373518493
-0.2385342792
0.9579872167
-0.5989868075
0.6565295383
0.185354654
-0.1569974653
0.3650178663
1.360099864
-0.04882736187
0.5086146172
0.54491698
-0.07905832976
0.3949200478
0.1912893049
1.657112843
-0.1546529882
0.01372536849
1.37426796
-0.4204033524
-0.1434009142
-0.1562344812
0.6179545686
-0.659399334
-0.3447467737
0.4754160296
-0.6199524278
-0.08428359088
1.044484289
0.3978714481
0.4232826017
-0.2700190509
1.412953767
0.01413104106
-0.5143504664
0.8262551613
0.6397159025
-0.09386999756
-0.101631726
-0.09875370916
0.1138060762
-0.1520147882
-0.05845452957
0.1011443561
-0.578179165
-0.4438926045
1.47660422
-0.5560604021
0.2248219784
-0.2960652284
-0.201006952
1.291786113
0.7876887701
-0.698821637
-0.3300489187
0.03933280464
-0.03073557233
0.6967701225
-9.995696601e-05
-0.04911319762
0.0009528918192
-0.7803003982
-0.09853150379
-0.1949849544
-0.4982817106
-0.3707389697
-0.09274468087
0.7248882189
0.2759226725
-1.030219257
-0.3397476716
-0.150165599
-0.4904605493
-0.2591052681
-0.4397982091
0.215155596
-0.0935955008
-0.5207169458
-0.4712282356
-0.6159853965
-0.01719843317
0.3403089937
-0.2519753903
-0.3787692321
-0.1976110205
-0.8854264736
0.7249908201
1.44660808
0.9773195043
-0.05932532642
0.07192809582
0.1619432767
-0.09070651978
0.1286345586
0.9296287835
-0.2693968646
-0.3897453934
1.133820061
-0.2348173492
-0.6624778852
-0.02100297706
1.332345249
-0.3372427022
0.2312813774
-0.244921251
0.1929617809
-0.7447550952
-0.7780176491
0.8856056367
-0.2364572529
-0.2223146418
0.7801996499
-0.3624791019
-0.1648383062
0.2923218785
0.4261759669
-0.3456728101
-0.7565269381
1.16329442
-0.2290621754
-1.11566225
-0.1383906979
-0.405551482
-0.4110828824
-1.010875016
-0.2935151413
-0.2712965056
-0.4408423852
0.3816314563
-0.8016391441
-0.1460769661
0.2843359876
0.6768548621
-0.2546806788
1.143895473
1.652915299
-0.4806922048
-0.3417769194
-0.5170253783
0.491356729
0.05190893747
-0.3285310932
-0.1142201148
-0.03852021489
-0.4557209551
-0.206992998
-0.6043954656
-0.7026925221
-0.1254608806
0.009518648311
-0.005063047819
0.4725221217
-0.226239752
-0.09555205544
0.4560511276
-0.04038526099
-0.4484915078
-0.4840517856
-0.2322643984
-0.3745322973
-0.3036003163
-0.5998367876
-0.5206775516
-0.6463166893
1.939540085
0.6260239538
-0.6476546213
0.9047441944
1.741955803
-0.3182884663
-0.7313606888
-0.8024131447
-0.2581931076
-0.6289439753
-0.3254146982
-0.5788135424
-1.057195604
0.1216671307
-0.2154067542
0.0695681707
1.26833629
0.7840545848
-0.4431842268
1.04100817
-0.6749762729
-0.2757305048
-0.4198034748
-0.103814389
0.3839749596
0.07523179296
1.418528378
0.1338074132
-0.438855058
0.04603986451
-0.3252246886
-0.4402915347
0.1819459486
-0.0884781112
-0.02476333887
1.310891329
-0.04183933372
1.610590371
-0.08444040231
-0.4758232892
-0.4017686203
-0.8618924379
0.5046473008
-0.1886198243
0.1302523475
-0.3988146771
-0.09777300358
-0.4901671425
0.6099216357
0.2259462731
0.2457551811
0.1998461523
0.03213691507
0.2728674762
-0.378618449
-0.7362534612
-0.1692245333
0.3390496857
0.08387503354
-0.3830077641
-0.8336979389
-0.08197551854
0.9166061252
-0.1574561171
0.1825518999
-0.6548916757
-0.2581543829
-0.4573582396
-0.5986297414
-0.4643087506
0.2026562016
0.4429821678
0.2978436885
-0.2976185557
0.1905807108
1.387845172
-0.03859583233
-0.4240943685
0.2617816236
-0.2217084492
-0.6195179552
-0.03783749603
-0.6596804202
0.3361645833
-0.1220374048
0.02537048003
-0.168855245
-0.2848605733
-0.6440909192
-0.6687518299
-0.2743716925
-0.6178837806
-0.3239254512
0.07526632547
-0.9326310158
0.183527228
-0.04977620319
0.7455076959
-0.7995803446
0.6275476329
1.281974415
-0.2705014337
-0.4020097375
1.174078023
-0.1239997174
0.02351181936
-0.4028023347
-0.8345644861
1.170937711
-0.1213231996
-0.04496516809
-0.8787510723
-0.9915790677
0.08523842655
-0.1751297237
-0.1588404963
-0.02702909354
-0.363099048
-0.7029488802
0.07881190702
-0.4374339789
-1.146565202
1.13388163
-0.6886276901
-0.2298677221
-0.00380576076
0.1763920771
-0.8142986715
-0.9162330955
-0.3883039415
-0.3890669569
1.827940883
-0.610364446
-0.94956159
-0.1004777871
0.7427746937
0.5039846752
1.344757839
0.909004616
1.535530385
-0.1517011622
-1.043079761
1.297356644
-0.8647816271
-0.3290736841
-0.04975543991
-0.7504997104
-0.3702024296
0.3684855264
-0.6993326694
-0.1683880704
0.2675713042
-0.8368894219
0.02929181494
-0.3552242249
0.0894887533
-0.6275598034
-0.4610377237
-0.6191635743
-0.6733767062
-0.08827426117
0.2450445983
-1.115213662
-0.3612574026
0.1221064799
-0.6887927085
0.4304389805
-0.03254081942
0.6078675605
-0.488714011
0.01678622365
-0.3554740444
-0.8297620267
-0.3567035045
0.8557745803
-0.1767144311
0.2941428077
-0.6409090132
-0.9403595805
-0.04554542424
-0.1384110602
1.578728253
0.608895079
1.54042449
-0.8430918276
-0.4659529045
-0.03438959792
-0.6491183966
-0.7134574115
-0.351261352
-0.2018873557
-0.1843999825
-0.4142351396
0.5685482164
1.075858758
0.5889230443
0.5186036909
0.06947893612
-0.1960937705
0.02796616321
-0.7513672143
-0.499093575
-0.8474993229
-0.3989481911
-0.7243256077
-0.03257049909
-0.4741268739
-0.4869301409
-0.3999776632
-0.4574489057
-0.3767930701
-0.670540598
0.1591454499
0.9184060946
0.06651457548
0.0869387608
0.05756960064
2.540223211
0.5268482208
-0.3599473298
0.7009149693
-0.4266398042
-0.1998635157
1.026714513
-0.9143558502
0.41530039
-0.1563778564
-0.1559277745
-0.7268594682
-0.4520911723
-0.8332583696
-0.1789657706
-0.7058967382
-0.3658040538
-0.7269521266
-0.1984393481
-0.1989093984
-0.4523093283
-0.6446070358
0.1810779594
-0.06513050711
-0.1708260354
0.02106191777
-0.609936662
-0.7102581829
0.9289809098
-0.1627195437
-0.6509838462
-0.2948645271
0.2423912965
-0.7824365526
-0.8051477909
-0.7499379396
0.138707958
-0.6875768498
1.08837781
0.7632930284
-0.1177019209
-0.9698868841
0.0745422069
-0.3748697758
0.2312150227
0.7559076015
0.8032352526
0.6907285675
-0.9770590752
0.06794021726
1.3897277
-0.5318582192
-0.4564674225
0.02681623623
1.290479847
-1.16937637
1.089376302
-0.382890201
-0.3039499998
-0.218986174
-0.7369847372
-0.3215780243
0.2180033304
-0.06653706525
0.980980505
0.3224320802
-1.069001934
-0.6363816649
-0.9591682374
-0.9540757924
-0.8151595056
-0.2905032095
0.7758054543
-0.2662948692
-0.86228275
-0.1171051715
-0.3782468501
-0.8940586299
-0.2564389788
1.010400078
-0.4999389306
-1.053466304
-0.06124967127
-0.9470338851
-0.6788448334
-1.092327288
-0.03381912936
-0.6310413301
-0.6305647656
-0.5005326565
-0.3876606543
0.3175834601
0.3682572413
-0.4812046751
-0.321007463
0.2631461295
0.4913233057
0.2503383155
0.1392158145
0.1099206263
0.6878475446
0.2102719162
0.4078377556
-0.3418291539
0.6320342846
-0.4895370871
0.3868967902
0.9802054435
-0.08778010421
-0.388580627
-0.2573732682
-0.955145517
-0.7771297634
-0.2313931424
-0.468693196
0.5599879116
-0.5346693307
-0.08880694862
-0.3478696384
-0.6159816667
-0.9388910532
-0.6039289474
0.04694844121
0.159763787
0.1773071565
-0.009953968087
-0.160531107
-1.224425539
0.0621954341
-0.2235606819
-0.1579829186
-0.9091684818
-0.3047833316
-1.161624089
0.5357389521
0.7684609577
0.3083194505
0.4941432364
-0.706288366
0.0037885
-0.9245650113
-0.8363999367
0.3566514079
-0.2955113394
-0.9267084867
-0.3653766476
0.6484941237
-0.9024137527
-0.7559102222
1.206653043
-0.5771048889
-0.8202649415
1.075924878
1.123274388
0.6104757465
-0.06016428154
-0.01691428293
0.2628544137
-0.3540175356
-0.4499901697
-0.3202388691
-0.4013851218
-0.4038598947
-0.6187552929
-0.08143134303
-0.6098773718
0.387576117
-0.4017688163
0.02439494133
-0.1082900297
0.9574262634
-0.03871748485
-0.1895636637
-0.06564261876
0.6685662225
-0.5006781362
0.2750714103
-0.5191026211
-0.444434388
-0.2877611786
1.280636479
-0.4121484511
-0.5300237715
-0.1832294876
0.2630281592
-0.4203269228
-0.3220053051
0.7166405857
0.4767712668
0.4670551494
-0.05789406672
-0.4086920183
-0.292522062
0.496182733
-0.2623824401
1.601183882
-0.2819917155
0.258096341
0.01517808735
0.09904763689
0.8376832709
0.6515723422
-0.4034615457
-0.1532750584
-0.1831312936
1.368782999
-0.4003043264
0.517662143
0.3616066918
-0.4848954916
-0.4626696706
-0.4610490672
0.1526836509
-0.8984439075
-0.7677856252
1.042020141
0.3301368292
0.3771445043
-0.3484117944
-0.06358524514
0.9371596865
-0.1680094786
-0.4565303564
-0.5485398389
0.0009327463806
-0.1256696224
0.324325946
-0.09060458876
0.5660089523
0.1271715764
-0.1444496382
-0.7377898932
0.1959212219
0.170788759
0.5775139615
-0.1675006311
-0.5682936028
-0.2464765656
-0.5740214147
-0.1415251813
-0.6535310283
-0.7654836327
1.198482949
-0.543147862
-0.5177611217
-0.1155906466
1.240066103
0.9635885708
0.5027037773
-0.1296377189
0.07103443444
-0.01019814149
-0.4371209294
-0.6215184048
2.433750594
-0.5091791257
0.04552254975
0.05537720043
0.3438289057
0.5062955201
0.2739794983
0.05913064908
-0.237540238
-0.05974114481
-0.08653346412
-0.05707513914
-0.07838361603
-0.08287412515
-0.02517352179
-0.1886336635
0.1224565718
-0.4072439745
0.118043006
-0.757919094
-0.005868374836
-0.369187193
-0.3717927024
-0.4397376657
-0.4054480202
-0.1294221794
-0.4386961363
0.9182338819
-0.6363826632
1.313331409
0.9241210348
0.5432722881
-0.07610201333
-0.2019692233
-0.9181090415
-0.3321626964
-0.6796774566
0.9114027018
0.1208887581
-0.4239508707
-0.7315579131
-0.6776692405
1.247923004
-0.367448763
1.550803208
0.144282952
0.1561490963
1.522472782
1.205831611
-0.6207752302
0.5424755216
-0.3993934691
1.091241867
-0.6490277067
-0.8190494001
0.002027479373
-0.174509091
-0.7541759521
-0.3571724407
0.202591299
0.3914872629
-0.297853779
-0.3587849408
-0.4823252812
-0.7108624816
-0.3240579553
-0.06241062409
0.4741471823
-0.7039531529
-0.4375012778
-0.4254346289
0.3788579056
-0.1670363419
-0.6977653787
0.5665627778
0.05107829366
1.065991467
0.9292477995
1.363382737
-0.1681161486
0.2808350502
-0.1280305462
-0.3282198597
-0.02290104907
-0.5395487562
0.1034000084
-0.4717548892
-0.7335513771
-0.3552316234
-0.3620962478
1.541047501
-0.3569650754
-0.5957628697
-0.6102710813
-0.3447493963
0.2181356114
-0.6712669969
-0.6506220356
-0.4244441397
-0.135754285
0.1364741622
0.2282778181
0.6461886838
0.1180866941
-0.3117288098
0.06221835855
-0.427442769
0.1313938892
-0.2343467375
-0.01055056546
0.2548666526
0.2104521999
1.938874418
-0.1366163839
-0.692454803
-0.6651383156
0.8263615832
0.8378737532
0.254526528
-0.4920688383
-0.7267127812
-0.8226420924
-0.1311732579
-0.1474848209
-1.128847948
-0.6011013955
0.0405434696
-0.9364979267
-0.6902313888
-0.773947522
-0.3196075447
-0.4310947064
-1.083664742
-0.6881736189
0.5455634072
0.9863540038
2.096911919
0.3213371549
-0.5905025601
-0.411384736
-0.9246300399
-0.5477655426
0.7345713481
0.7389126778
-0.09078268437
-0.8180441797
-1.058083081
-0.2591737863
-0.3251311906
0.719877018
-0.03945555296
-0.2709849015
-0.8733118623
-0.2233077209
-0.7099163044
1.424487674
-0.3663817964
0.2849737428
0.3253959589
0.04118301105
-0.7771237195
-0.6981647164
-0.103369977
-0.1318543937
1.004304034
-0.4844325513
-0.04219873883
1.411582942
-0.1461667752
-0.03450064911
-0.9357244939
0.6105848752
-0.2016659992
-0.1332528554
0.640003559
-0.1366748224
0.4250015616
0.8012327626
-0.1782733381
-0.3458587646
0.7370549284
-0.2272668969
-1.065882847
-0.6930002272
-1.125303772
-0.07249140386
-0.7922182143
-0.9543558389
-0.015581646
0.5164470181
-0.3515397079
-0.1729440246
-0.08055121358
0.07872075122
0.7439497948
1.700378129
-0.2121913414
0.0958469375
0.3601738237
1.244275143
-0.1140151849
-0.3578362077
-0.05118608959
-0.6159068748
0.0230679648
0.7675108984
-0.6963461652
-0.7266705066
-0.5932814628
0.1631256811
-0.1319034081
1.652108446
-0.3980624732
-0.2660681866
0.8075343266
1.881148516
0.02888827659
-0.3445868112
0.4004007591
1.636797588
1.093086688
0.3121169552
0.9949131589
0.1285538152
-0.5312394291
-0.8140377969
2.642027032
0.3417582728
0.7722685412
-0.04440593049
-0.5117299907
-0.163204415
0.4793734137
0.01896796655
-0.1139979646
0.05268523693
0.3667750839
-0.1751842273
0.007447188487
-0.3233631134
0.05056586526
0.2589623609
0.2660578851
-0.4648754627
-0.09355548304
0.3849357348
0.2153123986
-0.1311605599
0.3188621935
0.011826941
-0.4297027811
-0.8435268313
-0.743188414
-0.1950150564
-0.7633033663
-0.3576184545
-0.4126014616
-0.3192062594
0.3105941484
-0.002570555499
-0.6168908328
0.1606047867
-0.1844020441
0.6042909697
-0.1738028858
-0.6874402225
0.02544598542
0.06150483526
-0.7001303315
0.6910850614
-0.5908767775
-0.3363146685
-0.8515988499
-1.091954598
-0.106193799
1.313795502
0.1892218094
-0.1920817921
-0.996086511
1.530388868
0.08739553811
1.226796752
-0.264435564
-0.4250224262
0.02322805114
-0.2032274693
-0.2921812594
0.9142396953
0.3121732628
0.9432609439
-0.1421385001
-0.9647295028
-0.6249996781
-0.318631296
0.2007707749
0.3784773534
1.5436711
-0.3161525261
-0.3105602391
-0.2793503296
-0.7995416939
-0.4728378654
-0.0009479292668
-0.8955346882
-0.154823455
-0.4885362998
-1.122873077
0.3783610463
-0.482539358
-1.201126105
0.09021833437
0.3906941734
-0.2717214271
-0.3950045519
-1.209079182
-0.5998122498
-0.3941141617
-0.2660728417
0.03829148803
-0.3970212311
-0.5319115773
1.105902082
-0.4217227571
-0.4131011382
0.7971401431
0.3902072571
-0.318130859
-0.3635068201
-0.8843759
-0.4139050297
-0.6721350543
1.260796112
-0.5015969247
-0.2699579347
-0.324525144
-0.1007729627
-0.7466409057
-0.8652870983
-0.8029974431
-0.308270663
0.1488097856
-0.7673668891
-0.4479548343
-0.2726651967
-0.08127918821
-0.4356263593
-0.7060442239
-0.7605639249
1.198682559
-0.374947767
-0.06736649387
-0.6178746417
-0.3902271114
-0.4475671209
-0.4213009804
-0.7473000318
-0.2080696004
-0.3670046236
-0.4160496712
0.9710897103
-0.1824826023
-0.8195882738
-0.2460312597
-0.2479607297
0.03721569646
-1.23382836
-0.3359814871
0.1300182763
-0.3114993326
0.8083377473
-0.3692844478
-0.4240520157
-0.418922931
-0.2255003555
-0.4934806436
-0.294695463
-0.8261905223
-0.7910745621
-0.08671563072
1.032922494
-0.08648750111
0.3078753076
-0.463100889
-0.2998500545
-0.3105549023
-0.5102133073
-0.007514449675
0.1929764545
-0.4440569617
1.645115149
-0.2641326822
-0.1759137236
-0.2732708652
0.4805716585
0.02607124643
0.1941536037
0.7652746901
0.3488668472
-0.1340006813
0.1522092378
-0.2867646113
0.6112861827
-0.9000061333
0.1442930555
-0.567647095
0.04823549176
0.0510222408
-0.5013877615
-0.536212308
-0.5687791884
-0.003005714668
-0.05451379418
-0.06811626526
-0.7670425713
-0.03290152326
0.1937609751
-0.7704701364
0.7311906368
-1.117215717
-0.119581826
0.08875436587
0.3962579109
-1.032449365
-0.3342959844
0.09822022803
-0.5274278879
0.2696519356
0.2022482459
-0.4365991428
-0.6211014211
0.5121661291
0.6181496879
0.09802300557
0.1032059222
-0.2433946535
0.9303951144
-0.5138237365
0.10116987
-0.1025724299
-0.5649866223
1.058878456
-0.6760433227
1.18378166
-0.7935894936
-0.7586414278
-0.3968888186
-0.1600210376
-0.1230787669
-0.2255852513
-0.8187855273
-0.03301894106
-0.5275192358
-0.1335489035
-0.8634769082
-0.1091412468
-0.4508471452
0.1523953646
-0.1897119471
-0.7146337122
0.3203354705
-1.163701731
0.1555559603
-0.01185079124
-0.7433702201
-0.5812658958
-0.4138009332
0.3996299721
0.150948777
-0.3449505892
-0.1618053474
-0.2295129512
0.468086024
-0.02508235238
-0.2679252885
-0.5638531268
-0.1965100556
-0.1775403984
0.152261675
-0.7724550724
-0.3034583099
0.442961382
0.8778223291
0.4005559796
-0.2455090269
-0.6677015886
-0.915799886
-0.5977187634
0.1403311422
-0.7855930448
-0.5994596392
1.823208962
-0.1400014251
-0.5427839324
0.2312635025
-0.8179851353
0.07313215304
1.199888451
-0.822350356
0.6346840754
1.660611063
-0.7403167754
0.5865927041
-0.1201925648
0.1084084753
0.8952764288
0.9215725698
0.4209253434
0.5371878341
-0.4676536292
-0.005079547502
-0.2059875982
-0.006676077796
0.3228570366
-0.01121090986
0.3052142605
-0.4985823154
-0.08077627732
0.7761381198
-0.1643638926
0.5533729095
0.1538423836
-0.159312975
-0.6155894339
-0.6186068878
-0.9932146013
-0.06157996822
-0.6146930531
-0.5813842356
0.08308664914
-0.09909693636
0.8082779467
-0.7482867181
-0.3291642137
0.6909028642
-0.287689775
1.884309402
0.6063808784
0.3365707293
-0.4712882265
-0.2350242734
-0.4476933062
0.373035977
1.502620283
0.2666794585
-0.004235524312
-0.2208083846
-0.3678468794
0.4854079084
0.9096145652
-0.6388263494
-0.7290671498
-0.5022024669
-0.4208800539
0.6198036937
-0.61849498
0.1248413677
-0.1288003013
0.295987168
-0.04360414483
0.01717153452
0.8962173969
-0.3289439254
-0.2620254308
1.484029245
0.44537111
0.03078045379
-0.4465231709
-0.4537783846
-0.5643173054
-0.4277179316
-0.268371211
0.3711246587
0.4735237956
1.80216046
0.04860430174
0.3935074758
0.4077929929
-0.7586469173
0.1794539051
1.551805396
0.2501412886
0.08256447483
-0.8551016539
-0.07245304734
-0.1160464719
-0.08197721913
0.9788870007
0.2843779381
1.34471214
0.2099301767
1.139505564
1.472982562
0.7557188779
0.7326229274
0.9964162812
0.7864624776
0.7290596731
-0.3945897885
0.8632534787
0.8059810907
-0.3183209404
0.3561071578
0.18214465
1.023511611
1.107516383
1.495668365
0.6320423305
-0.385133563
-0.144696762
-0.4073474236
0.249051434
-0.02140566777
-1.342065218
-0.5572743908
-0.3326659432
-0.463834393
-0.09448808562
-0.6457051888
-0.7467392683
-0.4909866191
0.2104491073
0.3564968888
-0.3513014935
0.2357714944
-0.0527210502
-0.9728221238
0.1065321814
0.236421736
-0.1217075268
-0.01431939136
-0.5161039293
-0.8065968126
-0.2285206828
0.000645592995
-0.03781517781
-0.4531394348
-0.3501988456
0.5415972712
0.02823585644
-0.2310225759
-0.6177012876
-0.2418273168
-0.3344575599
0.6589553947
-0.1133750156
-0.02485765386
-0.786597982
-0.6943406671
1.338967908
-0.07137295119
-0.02445831001
-0.4387033135
-0.7781506896
0.321588124
-0.4429636568
-0.9573178887
-0.5611174501
-0.9583990455
0.3285836827
-0.5169327751
-0.4368967086
-0.3101431958
-0.3594458245
-0.5751459882
-0.4086881783
-0.4735735431
-0.2221456948
0.2634083059
0.02344000116
-0.6437541664
0.3373570334
1.366951263
0.5047669396
-0.4036178889
-0.06506308569
-0.2167654205
0.3369951405
0.8318108417
-0.670097363
-0.5127498299
0.5228511762
1.341691953
0.0960551966
-0.4252420604
-0.3999697849
0.07411183268
0.2378876807
0.1958568068
-0.06814083811
0.4322775405
0.627444832
0.162168128
-0.6444537997
0.4795396462
-0.3357454106
0.07103977315
-0.2734435342
-1.02435568
0.1099529933
0.5942261286
-0.3145068243
0.6164176298
0.8292570412
-0.4992976144
1.275267264
-0.3269548848
1.268403964
0.1655268752
0.5071533352
-0.7590706617
0.2133413419
0.4850165263
-0.1188044705
0.9558342665
-0.01000782703
0.2909880866
0.3022882948
0.3973490641
-0.07936315089
0.366881136
-0.7561550885
-0.8427717775
-0.7152641773
0.02444166862
-0.4224551581
-0.3668269955
0.0884451434
-0.179363741
-0.05792050622
0.8213663608
-0.02904207446
-0.6570713878
0.4799523462
0.5610589694
-0.01264793272
-0.2347702712
0.5569193957
0.3189915843
-0.5242351085
-0.7020079136
0.00621234756
-0.4191043438
0.13361343
-0.1795081375
0.03354957104
-0.6947667539
-0.4961238012
2.302255952
-0.3680688843
-0.9130036503
-0.2093514875
1.142794627
-0.1679995041
-0.03890052103
-0.4844293013
-0.2959682308
-0.3901933953
0.2089768011
-0.4432540998
-0.05473272596
-0.357543546
1.998293719
-0.1971599679
-0.2090491366
-0.328051804
1.759029832
-0.1000759516
0.5704884008
-0.6297845766
-0.1850198302
0.02574143354
-0.1862004824
0.0871450711
0.1250555241
1.35762206
-0.4670469686
0.1420346007
-0.4113121592
0.308110939
0.5374578366
-0.2064774729
-0.4984212294
0.1244023144
-0.8103322685
0.1622550345
-0.5744372711
-0.5763520032
-0.1925047576
-0.3122122653
-0.6003560409
-0.6731061593
-0.4383370593
-0.1510070389
0.03672314752
0.1632385319
-0.09340379108
-0.1396971598
-0.1251709908
0.1496293606
-0.4326435477
0.27648593
-0.4396522939
-0.5613902822
0.02962195463
-0.3264536068
0.4006852902
-0.2280923486
1.312393981
-0.5425610617
0.8141118933
0.6096106295
0.05752303582
0.03011993263
0.3326008961
1.302585381
-0.2099228591
0.020802968
-0.3156815596
-0.3948341399
0.03247047123
0.8692413248
0.8396454662
-0.1965782924
-0.3503369689
0.5974843115
0.7153429523
-0.07262880821
0.005180329131
-0.729806754
-0.5375850663
-0.4603656173
-0.3725644726
0.183981359
0.619169984
-0.1848198101
1.403186419
0.9634380132
-0.2395567179
-0.08697313368
-0.4916818976
0.8157380059
-0.07709497362
0.271430842
-0.05297352783
0.2910615277
0.2110636545
0.2256967003
0.197884703
1.326673657
0.932503055
1.065558904
0.005468515493
-0.2552475698
0.4124596983
-0.169861573
1.196033004
-0.1207501986
-0.1230935622
0.6992880896
0.9333642172
1.182388074
0.4405796632
0.9143227175
0.4760335321
0.09388198815
0.1946715311
0.8669631451
-0.1638856906
1.357556459
0.8564567894
1.474187197
0.3870901957
-0.2146258036
-0.1443054348
0.5076996446
0.4413754102
-0.214487043
1.513174525
0.09072100334
0.83183995
0.2660406687
0.6912549675
-0.05545954704
-0.1959851444
-0.05664530639
-0.1853744123
0.540399237
0.4881588966
1.610574311
0.1040986294
-0.8155232549
0.1938215002
0.7630788535
0.2289818261
-0.4220631748
0.6516589329
0.2529796571
-0.3602557093
0.60259808
0.4763424061
0.06533234157
1.558775762
0.60265026
0.005329113267
0.07509543635
-0.1517925374
-0.6271754205
0.1060331851
-0.6124379933
0.3390835343
0.0627851937
-0.4414074473
0.4360022292
0.2299022029
-0.005724483915
0.1518220476
1.163224476
0.2073335698
0.4212844709
0.2174159568
1.028068411
-0.660854397
-0.1318705406
-0.3686070129
-0.4783720911
-0.297087165
-0.0494269507
0.3285871254
0.1219397405
-0.4137508899
-0.242739515
0.7103340916
0.5901021868
-0.6595069408
-0.5418372616
-0.212504348
-0.03485011682
0.8724171758
-0.9943772882
0.4429097496
0.9422134712
0.5777728036
-0.5469543636
-0.04801254589
0.3880707118
0.4109660497
0.608119791
0.2319511877
0.3516094916
-0.3378027603
0.2797679417
0.7639387563
-0.1189869
1.053921068
0.4999829188
-0.06840632111
-0.2278862733
0.2083636558
-0.2733400851
0.5566400303
0.2797114251
0.8640800372
0.2852263297
-0.3574798286
-0.01982110385
-0.8840342462
-0.6038256571
0.37843787
-0.659636113
0.3347066294
0.1595796924
0.05508081876
-0.3367968529
0.5413038395
1.526569797
1.02780394
-0.3603747122
0.8891573444
1.25286862
0.08668901753
-0.5435148999
-0.6082556188
-0.2959070764
-0.322747821
-0.1899087685
0.03080796646
0.5931892194
-0.3060760289
-0.2862478673
-0.697849372
-0.489074026
-0.9116329163
-0.445140411
-0.6794222593
0.07030882239
-0.1498191565
-0.107830517
-0.5481948853
0.1244366621
-0.2988091454
-0.5616456091
-0.1799160782
0.5946782149
-0.605218567
0.1512704076
-0.05916967676
-0.5952890873
0.03757690161
-0.2956363574
-0.230845394
-0.2199798509
0.1673480526
-0.2550103039
0.01215585805
1.350802219
0.4072512856
2.000781085
1.153939614
0.2229505055
-0.7116428018
0.4848922592
-0.0533262867
-0.4114216447
0.2396246614
-0.6667232186
1.019407239
-0.4433999136
0.2833480645
-0.2119502094
0.6840245068
-0.2411827073
0.7833296895
-0.9312926918
-0.1218842981
-0.9045184404
0.4271058071
-0.06487052455
-0.3111451983
-0.6986200213
-0.01995315962
-0.3182027183
-0.1613681711
-0.7641384304
0.7336310856
1.077014931
0.2821323998
0.9475605138
0.009278909303
0.878389363
0.6196586713
1.240007181
-0.7545147359
-0.4916832075
-0.2302639641
1.473192525
1.053775185
0.8174753197
-0.2333740003
-0.1054661946
-0.5880833432
0.6712217946
-0.379449816
1.101888661
-0.5842526913
0.1017285779
-0.7680465177
-0.1749372061
-0.490132378
0.2937540106
1.479017593
1.900833663
0.4412003005
1.526746941
1.384030086
2.475563717
2.07480098
0.5188165439
0.004313863255
-0.3961183283
0.3851856982
-0.2426263824
-0.1151680928
-0.4977013573
-0.9529609561
-0.4579110712
-0.2227923093
0.847872293
-0.7190381199
-0.5695408441
-0.3955221638
0.3553011734
-0.5305872008
0.05446882006
-0.5335782804
-0.1309934231
0.2181123246
-0.34360651
-0.4568359822
-0.6911494195
-0.4951879278
-0.1578416394
0.5781465195
-0.3800853476
0.1543307799
-0.1960441742
0.1373590143
0.7915000327
-0.4212661281
0.1427881747
-0.2903907142
-0.3639682576
-0.3151610916
0.3146729177
0.7397826027
0.5690282464
-0.3710616484
-0.4195709243
-0.9644067973
0.2940994879
0.5476200886
-0.4486222774
-0.06309608258
-0.277453845
0.7772046808
-0.221593166
0.2840490207
-0.9977981597
-0.7341451377
-1.098684391
0.5324422285
0.7027138688
-0.3816154033
-0.7151913077
-0.8631038129
-0.03728544218
0.1550169478
-0.618809475
-0.3727119096
-0.248399771
-0.1866331823
0.8180853598
-0.2519957518
-0.4611267164
0.2888378426
-0.4698081037
1.134655456
0.5485125009
-0.3558171324
-0.4312014371
-0.9011164233
1.901457506
-0.764397797
-0.1150645021
-0.4904663235
-0.3712395966
-0.09857338574
0.8968593389
-0.2373979375
0.3462960165
0.37819639
0.7538134262
0.02573105786
-0.2203135476
0.9114341415
0.2877763875
0.8560120665
0.05117385909
0.2865762273
1.393889049
0.462722124
0.1759580487
0.3286544822
-0.2716610312
-0.03324040133
-0.1429175217
-0.2220351629
-0.5847547203
-0.4306238428
-0.2793615192
-0.05231191684
-0.8248659253
-0.2060328484
1.27303788
0.02160260817
0.4839552192
-0.2745451733
-0.5106622308
0.6096424662
-0.2886209458
-0.1900359821
-1.058288604
-0.603002952
-0.6124648795
-0.4427270919
-0.2390147455
0.7819960847
-0.1141706562
-0.08817500621
-0.06581053343
1.521859682
0.01268981327
0.2704296879
0.1771252295
-0.2746869683
-0.1667115388
1.23896859
-0.3779743284
0.6358388372
-0.5152255788
-0.5038731784
-0.2983454734
-0.03741248311
1.961784409
-0.2042180436
-0.1116976425
-0.2879663046
-0.5954122022
-0.6310285389
-0.1901091293
-0.3670336574
-0.1581764039
-0.1248571288
0.3647703592
-0.08344890196
-0.2864429563
0.7138620108
-0.0003395510837
0.3482974797
0.7879826412
0.1323968112
-0.5823409155
0.0223080378
0.6755069017
-0.1908597765
0.5378156893
0.02650333997
-0.05743506141
0.9455533549
0.1449252581
-0.1953052219
-0.3405743521
0.1846422892
-0.05139478641
-0.1156344324
0.08728927081
1.745324427
0.4400613613
0.4301380336
0.08474528957
-0.5118407443
1.807366657
0.1802042687
0.5807161085
1.22442011
0.5246776223
0.5014242873
-0.2060599847
-0.434183149
-0.07878627032
-0.5552250668
-0.05376160983
-0.2455605775
-0.6182868928
-0.202164764
0.01058672583
0.1866605725
0.1295809372
-0.723088339
-0.5675120175
0.05143941133
-0.3904550537
0.2855954185
-0.2879411843
-0.132217437
-0.5310608149
-0.236143931
0.1889363326
-0.2820106857
-0.1484897014
-0.3265123948
-0.09779007584
-0.04660056531
-0.2391980425
0.7801705062
1.679472497
-0.6111206949
-0.4017582618
0.9798862383
-0.4149985313
0.01930430774
0.663609422
0.8009901106
-0.3047734447
0.4015662529
-0.5057858616
-0.7505680203
-0.4936716318
0.006556009501
0.04284643875
-0.1265146589
1.033766188
-0.4985251978
-0.2882148851
1.707647903
-1.035475296
1.006957495
-0.284653502
-0.4071444362
-0.5966878697
-0.09871749878
1.606907272
0.4738424152
-0.3931469023
0.1148354698
-0.3509360796
-0.2361563014
-0.5073192194
-0.4019473903
-0.2565256819
-0.5003036246
0.3889246419
0.04855141174
-0.08487432674
-0.1249899138
-0.4624267608
-0.3018685654
-0.3591999128
1.111560655
-0.3870819263
0.1190276643
0.2550585385
-0.26009674
-0.09239122258
1.268723586
0.2616309088
0.7841036618
-0.2473074444
1.457812351
-0.1838687077
1.025371048
0.1690837204
1.235953316
0.5963825831
0.1779858148
1.530836409
0.4790794715
0.460942268
-0.004958574474
-0.03093722071
-0.4639471069
0.7124827109
-0.0295904282
-0.4124952421
0.08702386934
0.04458327945
-0.7159961239
1.632769349
0.4430849195
1.662931046
-0.02883133385
1.958157271
0.0438193501
-0.6226335585
0.03177205916
-0.3466345496
0.2171707015
1.208514941
0.571891319
-0.0387542069
0.4665951356
-0.8317045301
0.7483810708
-0.01531229876
-0.1936135646
1.076270643
-0.1596642202
-0.4981039092
0.8308173612
0.01951809209
0.4962365001
-0.06493974291
1.992530638
0.2931447238
-0.4911232084
0.1143202044
-0.2133588538
-0.2072857581
0.03640311901
-0.4461072922
-0.1714398395
-0.8079988241
-0.2681727253
0.5557265349
0.6851680784
-0.08005787265
0.2133835018
-0.02010838296
-0.1294409953
0.1899424084
-0.1487347998
-0.3519508936
-0.2477284759
0.06800801735
0.2961227588
-0.2725025624
-0.3519683503
-0.3279602364
-0.08406908382
-0.5768435985
0.977414003
-0.09965110421
-0.4347203135
0.2457251303
0.00873901071
-0.653252849
-0.3443594746
2.276866567
0.4071921209
0.322567283
0.1198950625
0.9576338947
-0.02458049431
0.3245417671
-0.5655617952
-0.6645928949
-0.3538412996
-0.5212341249
-0.5691099226
0.01136910841
-0.04231778011
1.196944213
0.2219991365
-0.4980503924
0.266229288
-0.4419133753
-0.6724752367
-0.2939924315
0.3819381037
0.04547572769
-0.2031583901
2.204536599
0.8272148252
-0.4520325527
1.22892459
0.5461931005
-0.5555062622
-0.6851401865
-0.2455379855
-0.03911925703
-0.3611872248
0.6321462415
1.985867772
1.626050648
-0.1105959804
-0.374250374
-0.5889689267
-0.04264781382
1.03257148
0.3894581352
1.269280306
-0.681314981
-0.1538676871
0.005750510469
-0.3411446564
0.1114006321
-0.4620416537
0.068028065
-0.2859966576
0.964761731
-0.1877008997
-0.5140269868
-0.7694313139
0.5217076257
-0.4085140273
-0.3739547789
0.566641514
0.06320940163
-0.07721248772
1.196148832
-1.181277835
-0.2595146917
-0.3837191612
0.7384849712
1.009880257
0.2364942349
-0.2109522907
0.07944260426
0.6119123027
0.006450866815
-0.1855790272
-0.4378989413
-0.147792702
0.2265136137
-0.1578259027
-0.2454209015
-0.1777968366
-0.1183448538
0.08010424459
-0.6790389985
-0.5875427723
0.3136967324
-0.07910082713
-0.09178993925
1.270723132
-0.1598759655
-0.1616768388
-0.6182415232
0.5788410708
-0.3214508906
0.8216537163
-0.8968674183
-0.06606160849
0.9437934309
0.6958642296
-0.1697878867
1.920453355
0.1067850666
0.9646440864
0.07606841866
1.102809645
0.9205700055
0.3002886578
0.7509591088
0.4765626792
0.2360065509
1.548617756
1.126664483
1.562783054
0.8038875002
0.03216264527
1.56631304
-0.04180507623
0.2697133766
0.1808411979
0.5762396123
1.17656896
-0.06531030759
0.1254964968
0.3310180288
1.622500613
-0.3053444877
0.1251193315
-0.08485245779
-0.4439319007
0.460813456
0.01805631262
-0.08246082682
0.7056490988
-0.326318951
1.222970225
-0.2734451942
0.45445996
-0.03123553116
-0.3697905138
0.2212780274
0.05651263688
0.9414162546
0.4259700879
-0.2859043255
0.6188180692
0.1352855569
-0.669146201
0.4513898663
0.1223019799
-0.6340161175
-0.2843063414
0.01741927136
0.2196528549
0.5947620377
0.01508577056
1.357661512
-0.2040480601
-0.4592645586
-0.6549644887
-0.04865179174
0.03630093504
-0.0006415896118
-0.7515617341
2.248838437
-0.8561183751
0.4418170974
-0.3799187601
-0.6426213443
-0.2400003802
0.142038166
0.3375904523
0.4087637015
-0.3252356254
0.7263655499
0.1198636539
0.9542276904
0.2492669845
-0.1145013221
0.3767425679
0.1336260685
0.7326685511
-0.171418003
0.5056907661
0.7847186491
0.2186086655
1.515985468
-0.5598871797
0.00541632399
0.008593093418
0.09737868826
-0.7154566735
-0.1623722091
1.365063685
-0.04063914688
-0.2349961987
-0.5718806759
-1.08426463
0.01186692081
0.05214958368
-0.1774738055
-0.1592781344
-0.3139763542
0.5146653157
-0.01311685932
0.5255908206
-0.5924022973
-0.2233901851
-0.4302190259
0.01614008043
-0.9724061459
0.2406797881
1.491691078
-0.4859694749
0.06323076114
-0.3904351145
-0.2233042076
-0.4846316636
-0.3340802493
0.2842221776
0.7950425252
-0.2472433724
0.6495006219
0.7487853669
-0.3678707846
0.04371501766
-0.7024439424
0.2049466712
0.1961806272
0.8096150063
-0.2040271575
-0.3280111767
-0.01440768018
-0.08045227472
-0.0965474885
-0.7871726871
-0.4534775913
-0.1367996812
-0.7350342542
-0.45264984
0.4663218979
-0.894577539
-0.7402681082
1.525783995
0.1484109174
-0.1898403902
0.2932496703
-0.4538977474
0.7962888487
-0.5546220496
-0.6212143257
0.4434327953
-0.8437523544
0.9685493372
-0.815226844
0.05972359623
-0.04622169724
-0.8110777855
-1.058555701
0.005348771811
1.926447448
-0.03607156952
-1.000069529
0.1366872888
0.8705337249
-0.2472212464
-0.3771336377
-0.633843717
0.122693308
1.12214061
1.265144952
-0.1489475207
-0.3083518207
-0.01113316165
-0.3809724532
0.9915456146
1.07794309
-1.107194167
0.2803796709
-0.1175517865
0.4279768322
0.4147773467
2.923759925
-1.030665833
-0.2643061936
0.4831276156
-0.199819319
-0.1322542882
0.8887501374
0.5290970377
-0.5753283709
0.7402054772
-0.3171204403
0.7800649926
1.329443339
-0.5052621379
-0.3377113789
-0.3868438423
1.320498219
0.02888270635
0.01398948766
0.3491204943
-0.1159975823
-0.4645438462
0.03706580987
0.2126456561
0.5929036297
0.09749812577
0.054077214
-0.05611849874
-0.6431807861
1.09402343
0.09751839899
-0.3914080797
-0.1839238439
0.1214277375
-0.3047258161
-0.7802792341
-0.861150986
0.6616222695
-0.542692773
1.035439298
0.8077874765
0.06535644159
-0.3443973288
-0.4637495145
0.1056997948
-0.05635730699
-0.4856407464
0.4556093857
-0.09865841176
-0.3564390026
-0.083858081
-0.1032966036
-0.3609565057
-0.5341886044
-0.3991823584
-0.4092778787
-0.6546617314
-0.8879914105
0.6075494245
-0.2950514654
-0.006817831937
-0.334636797
0.5742664583
0.4925464153
0.6487869471
1.32215934
-0.2914130852
0.1235695941
0.6908315867
-0.4330003113
0.3672508884
0.5448415078
0.1029257125
1.168683814
-0.4063412569
-0.6662067652
-0.1370187666
-0.1156038437
-0.7001165658
-0.7869740635
-0.02965189274
-0.04504192621
0.1041523878
-0.2891638204
-0.2201533418
-0.1994369745
0.05815003221
0.5714072049
0.7615881123
-0.4089295801
0.4374707274
-0.5643921927
0.4248543337
0.234652922
-0.7460334718
-0.3619378479
-0.05559819136
-0.1549636342
0.04889453091
-0.02894547782
-0.2893202558
0.2301032314
0.2423242172
-0.02222027071
-0.6021242961
-0.1542511512
-0.147925232
-0.2599510998
-0.03328628866
1.115877076
-0.5617892146
-0.3472304776
0.532764484
0.9414499521
-0.4263422012
-0.7027332842
0.4711980207
-0.5514785379
-0.3312505485
0.5796768516
-0.112396658
-0.1806425844
0.8811564052
-0.4984818205
-0.2338527396
0.1504449744
2.106985599
-0.1832764246
-0.2700094583
-0.5799386278
-0.4875072479
0.3196260862
1.586845315
1.204061575
-0.7885706395
0.76331826
-0.07639866546
0.2925492431
-0.4225292198
0.1047280431
0.1838998765
0.004630094161
0.406171602
0.7609877862
0.1483768102
0.5171363208
-0.01645146324
0.01577432584
0.99513172
1.210278499
-0.3057377629
-0.1561551377
0.5250271656
1.164068189
0.5814134043
-0.6065722212
-0.2559675567
-0.1459572736
-0.4462983251
0.05906666312
0.3414584402
-0.03672993891
-0.1408290777
-0.4289947852
-0.3590528712
-0.2991982915
-0.5004049391
1.504329634
-0.3752888992
-0.6399972558
-0.687522921
-1.051665625
-0.6833705723
-0.6715774387
0.4321197182
-0.9089740843
-0.3994156018
-0.6812191971
0.2410871804
1.048798522
-0.267887789
1.120777497
-0.3444680694
-0.2691283733
0.1798623936
0.7159478873
-0.1014379844
0.1861251773
-0.3911026902
1.557595059
-0.05214190949
1.147074465
1.20834375
0.05964468457
0.4011794493
0.1033353166
0.4499013688
0.0680464061
-0.2578028969
0.5724527009
1.307894115
0.444042786
0.3867276795
-0.5684661835
0.2686058167
1.041670811
0.237630677
0.3612043869
-0.5902560309
-0.5828345954
0.08901472948
-0.2735140242
-0.4760673672
-0.4885695502
-0.5867595956
0.07031630762
-0.2417124018
-0.2125914842
0.778828977
0.09881407474
0.864074266
2.058249891
0.5665400386
-0.1464477116
-0.04345080182
0.1462615798
-0.1438432164
0.4924442314
0.5512358727
-0.6385450378
-0.4634630233
0.5958941348
-0.08175924616
0.0652458509
0.365678519
-0.2083305515
0.05725221056
0.6004578143
0.01876767296
0.6550169691
0.2049095002
0.4289329125
1.349376271
-0.1073067889
-0.6813362956
0.3780291119
-0.1656854326
0.179315858
0.4741117425
0.05865914146
0.07085914891
0.7681807548
0.196294543
-0.08023271374
0.09650091869
-0.1537600372
0.1741741818
1.030595964
-0.0688992843
0.9241611794
0.3269048668
0.9048515111
1.096641195
-0.1952315997
1.05242188
-0.1670493633
0.5548790142
0.3395295862
0.8274075903
-0.3147717185
-0.3033220693
-0.07030979954
1.110256213
0.2277646979
-0.7326477826
-0.2320285261
0.0488875173
-0.009886757005
0.8573392428
0.8560115557
-0.3814354323
0.9133219659
-0.1990445571
0.022420647
0.06568271108
-0.5267220393
-0.1349822477
0.9767288804
-0.1577146332
0.6667815357
-0.779329142
0.369795844
0.1915610293
-0.2071613533
2.02935544
0.8037331991
0.111348924
0.3792579235
0.2347911645
0.5859697387
0.4387720384
0.1179039938
2.019759753
-0.1442187965
0.2566422231
0.2727629622
1.530403724
-0.1738838132
0.229697165
0.5301714638
0.796519196
0.9101659864
0.7343543984
-0.3709099144
0.1901959675
-0.2553444935
-0.015205146
-0.0438129345
0.04518310167
-0.01558559141
0.1176152032
0.2087640494
-0.285777434
1.149300013
0.6965616086
0.8616138287
0.1761841595
-0.100383082
0.4855038965
0.04805059843
0.4589917086
1.184909366
-0.09846603796
0.545235002
2.131901747
-0.3108114384
0.4062152317
1.569519815
1.244333576
-0.117937405
0.1725541204
-0.3436379187
-0.3567067444
0.4399132419
1.378397095
-0.2578219613
1.659336182
1.120983708
-0.1570828516
0.5614784114
0.5756629117
0.126022605
-0.6795836404
-0.8281796306
0.002495681867
-0.8950785458
-0.3405471936
0.1792113744
-0.2732627764
-0.5263031252
-0.0583035972
-1.051091239
-0.8681505442
-0.2260294742
-0.5285326228
-0.5765306547
-0.1899936721
-0.1810120407
-0.5471688449
-0.3749377124
-0.2468365222
-0.489328821
0.6055373356
-0.4073502131
-0.3681653321
-0.4630184188
1.873754624
0.4020317852
-0.1655761905
0.6955152102
-0.4471997842
-0.7238701403
-0.4424446166
-0.1667659026
1.106616488
1.777912015
0.02957801875
0.04890927523
0.06033139173
-0.6098211184
-0.9181353301
-0.3515848361
-0.2907443449
-0.1605646003
-0.4816934571
1.784583688
0.5404990638
-0.2941804681
-0.3166646473
-0.6672823757
0.4343715258
-0.4463142097
0.007420906005
0.1654616154
0.1919262575
0.03306225445
-0.2406534832
-0.3150492683
1.050389558
-0.08615644462
0.2139034696
0.2202766467
-0.02943558851
-0.6940455854
-0.06724386066
-0.02658606023
0.2974035878
-0.04769664956
-0.1071750019
1.262634847
1.116402127
0.0140221348
-0.1440258317
0.7166759163
1.160399216
-0.2174896769
0.1384105261
-0.5772562727
-0.02476061359
-0.7025126502
0.9362309992
-0.7346995503
0.05392268444
0.04010993289
-0.5085295498
-0.7708647937
-0.4892943695
-0.290553857
0.01901824307
0.3532099085
1.441684888
-0.09531174265
0.2246822806
0.4333674474
0.1956920005
0.02511353437
-0.3888126247
-0.5272181019
0.2814444892
-0.5767546251
-0.4031801745
-0.2193795158
-0.1633012732
0.5310517766
-0.2181743078
0.9203526333
-0.4925808884
0.4019602865
-0.01145547945
-0.1600523833
-0.7903011978
-0.4144239664
0.05086849127
0.1509033334
0.4578271816
-0.5412855536
-0.5058369175
-0.04684970304
0.6826202832
-0.1743757201
-0.04610060612
-0.1024833079
0.8397434905
0.1764147115
-0.2512638446
1.207085285
0.4254568063
-0.2815893933
-0.7228132278
-0.2203882113
1.570832798
0.1019737486
0.1676482374
0.3802349547
0.1855581463
0.4463735038
-0.2950230621
0.07860969435
-0.4058687612
-0.01471325681
1.243549013
0.9210732915
0.2281837683
0.1913920168
-0.7123380631
0.05903389528
0.6702283941
0.1241076026
0.6465024717
2.144485496
0.8630325697
0.0911814658
-0.3038561642
-0.1542943113
0.07312820461
0.05317396643
0.1103011463
-0.0842900699
1.095177242
0.130715609
-0.2857195966
-0.05468469262
0.5682837293
0.7386832014
-0.8465048581
-0.5671901882
0.9122060463
0.08991773017
-0.06081135832
0.08299459172
-0.760962522
-0.2344925895
-0.5977710098
0.3350246638
-0.07951336298
0.2160128249
-0.8358008683
0.6179395128
-0.164716582
0.6295840532
-0.8375671774
-0.3281886399
1.121137783
1.250385442
0.3851374138
-0.3397530273
0.162618141
-0.6453637302
1.802422613
2.291935647
-0.4281829044
1.360695873
-0.4478571311
-0.7881659806
-0.7572852314
-0.3451850545
-0.5424163699
0.07786770463
-0.2010398591
0.2710225515
0.4142448094
-0.02671010457
-0.4531689242
0.03619236965
0.09539555963
1.807135034
0.2793261679
-0.167478735
-0.008578637242
-0.1359316491
-0.2035353094
-0.6524916351
-0.06080170814
0.1779612645
0.02527098134
-0.5722121328
-0.1900073508
0.1413006255
-0.02183042616
1.142759429
-0.4925931856
0.3858733234
0.453936623
0.2334498284
0.1174826801
-0.2018896144
-0.6080773935
-0.555175668
-0.4267248079
-0.3156329892
-0.3459500656
0.1124136722
-0.1830696868
-0.02695648409
0.1153929982
-0.160878527
-0.07408395968
0.7222773656
0.7539863482
0.1006137885
-0.8496393144
-0.1551896734
-0.007302803174
0.9334475422
1.422767346
-0.3257021815
-0.4204936475
-0.02750362894
1.051130389
-0.2005581614
-0.6396324158
-0.396623823
-0.9062041163
-0.6478294551
-0.1018773969
0.1001552073
-0.2667801496
0.3520383611
0.50301475
-0.3140209798
0.00253401231
-0.2585220639
-0.3677676093
-0.1605952622
1.330855244
-0.2969905347
-0.1830828894
0.2477014511
0.3312240861
-0.3094785661
-0.4496764168
-0.6491547421
0.2271139998
-0.1791449498
-0.6209301278
-0.3547906891
0.1331924644
0.24315715
-0.9056804717
-1.027478948
0.2544537384
0.02665916821
-0.5613745123
-0.3663139306
-0.6480898246
-0.3033865049
-0.2126158628
-0.09690879174
-0.1408693176
0.1629831722
0.2649871466
-0.7325930893
-1.049533731
1.698527682
-1.053501442
-0.1774887215
0.2886562077
1.62534968
-0.1144071952
-0.3885923877
-0.6500338048
1.088647041
-0.8314118683
-0.01489172019
0.4657769637
-0.4189934194
-0.2614894208
1.380501992
-0.501121065
0.2601120044
0.3212250525
-0.4153267577
-0.5224735692
-0.5307541892
0.09688026588
0.2764594696
1.414795114
-0.4055431202
0.349808652
-0.09874095786
-0.0438976327
-0.5020359963
-0.476827611
0.5912564702
-0.1018603448
0.172354915
1.14722856
0.8102695279
1.253862628
-0.528559009
0.2345287405
-0.4540712997
-0.6631927177
-0.2593319172
-0.6143727943
0.4113062954
-0.8422504947
0.7735334635
0.8489974402
0.6809522018
-0.006261231378
-0.1164775554
0.243471762
-0.9958689928
-0.03695569648
0.03782009459
0.06425406709
-0.38782905
0.1836361862
-0.1928192019
-0.6261846215
-0.5249478981
-0.7180592611
-0.9760801494
-0.09975617323
0.2240955919
0.1487291146
-0.4881525129
-0.7938993365
-0.5390030578
-0.05676577818
1.017807639
0.8837312013
0.200914447
1.287114375
0.1292585474
0.3352069005
-0.04493581131
-0.3951568127
0.2600116502
0.6305275545
0.6259541161
-0.7082535267
-0.4336684734
0.8817864738
-0.02454229929
0.5787015572
-0.09129150324
-0.1556425564
-0.08952129148
-0.7556728333
-0.4846402273
-0.1353172395
0.1839598261
0.2187001609
-0.3281992674
-0.06822566334
-0.5858790934
-0.00988033209
-0.4525053501
-0.6883623868
-0.2414380219
-0.4302335277
-0.03251809999
0.2850483181
0.5304567277
0.3805130713
0.6364246324
-0.6078965083
-0.1670662995
-0.6589267239
0.09809971226
-0.179737089
-0.2273828356
0.954272807
0.2753069118
-0.08894702764
-0.752875343
1.204728203
-0.351380391
-0.8198036462
-0.6044431835
-0.04080417589
-0.2243949957
0.2203868331
0.9984117985
-0.9693946511
0.17577892
0.462647003
-1.051690736
-1.080492789
0.1654318357
0.3079149993
-0.3145545878
0.616079852
-0.5402601674
0.9815237701
-0.4141088173
-0.6496418267
-0.4273905648
-0.1472480793
0.06273723114
-0.09170695804
1.760905164
-1.271876761
-0.7650611758
-0.9414645106
0.1898919687
-0.6358810142
0.3639622796
-1.025332415
-0.8722102642
-0.06571323536
1.358557594
-0.4150774255
-0.1107738256
0.2708327148
-0.3262990901
-0.2561300166
-0.4375433028
2.526411441
0.07369568078
-0.3232772853
-0.1965052921
1.665472832
-0.7151299626
0.1289091855
0.3252329243
-0.2039208524
1.345274816
1.388822973
0.8157387614
-0.1896872103
1.313646421
0.4073632931
-0.5197150901
-0.1249763189
-0.0794845413
-0.05414321665
-0.2606897119
-0.2779875398
0.1232600989
-0.03237115182
0.6005614422
0.7235912934
0.1438095074
-0.2750068754
0.7379092526
0.3753229447
0.2693037763
0.1845890973
-0.5365285978
0.2331024084
0.4065345708
1.108652204
0.9073011696
1.308445296
-0.01817112118
0.1193452743
-0.3346921625
0.4349927366
1.209336101
-0.6240590721
-0.9040439159
0.278220494
1.746789473
0.0242525721
-0.1491475958
-0.03779368494
-0.3571217151
0.5580238765
-0.3925817341
-0.2921832487
0.2156382872
-0.4217207849
1.594277921
0.0006559405476
1.392787966
0.06081645228
-0.4898731768
0.5521878362
0.08626218624
0.1296727825
-0.01492439061
0.8056370817
-0.7027908832
0.1736795416
1.638621625
0.1238184858
0.5809560776
-0.1003037995
-0.4929733824
0.1932631014
1.588430256
-0.08075305074
-0.4536835477
0.08289899379
-0.2973485775
0.5239491008
-0.4334050998
-0.005756850913
0.2281234924
1.096118367
0.8125065185
0.139379767
0.7559429109
0.7968290824
-0.1861640304
0.9390901357
-0.08055301309
-0.2266035615
0.631168953
-1.092909902
-0.552981481
-0.3036295056
0.7385156408
-0.3965316378
0.3587946035
-0.1339943144
1.451266649
1.238371768
-0.07495560683
-0.001130986027
-0.7798769593
-0.6129317582
0.7101538956
1.139656305
-0.2830271456
-0.5513393551
-0.2339037966
0.8064599603
-0.1720157798
0.05565369576
2.445092881
-0.0524017252
-0.500596939
0.09423658159
0.3273775578
0.01064519659
1.301227963
0.8216475964
-0.2577813331
0.01004310986
-0.6132373482
0.1628756497
0.6239862323
0.4904260393
0.3139532736
-0.1986960832
-0.5451172799
2.49326767
2.764233378
0.9512437806
1.245537833
-0.1082796434
0.9320584126
0.8938558117
1.040712419
0.2241859529
1.932477722
-0.2287632689
0.7471526727
-0.5558888555
0.5820641778
-0.1956625894
0.2901496295
-0.586613135
-0.6875672698
0.6405380532
-0.118607093
-0.3237938806
-0.1323820632
2.635292688
0.3433728375
0.1968176742
1.381047663
0.4469636382
0.09658994731
0.3913896278
0.7949256137
2.2739999
-0.5237190306
0.5857103728
0.195732554
-0.2681582242
0.02479678243
0.6524451487
0.03931538565
0.466160202
-0.1640615767
0.6261451848
0.5551249221
-0.5619331077
-0.3603837624
-0.273415048
-0.008858117554
0.08686875124
0.9698150843
-0.2780535311
0.0606645925
0.1157727558
-0.4723876379
0.5796195149
0.3848092332
0.8848294571
0.6807436056
0.1544973473
-0.5186666563
1.927463606
0.105674577
0.3565928433
0.2560321482
1.017909395
0.115716893
0.5393299736
0.701765649
0.08706804607
1.101784387
0.9893957362
1.051541732
0.01101236418
0.3885427922
0.1306540958
0.941244407
0.1167101045
0.4714971796
0.2832814619
-0.1957487896
-0.3991410851
-0.02982358458
-0.316745805
-0.5027918115
-0.08316750601
-0.8391264409
0.8324992143
-0.2382001767
0.7337130398
-0.8489803612
-0.4857099757
-0.6938512832
-0.2986066401
0.7183029175
0.1400985727
0.1382142827
-0.1083226401
-0.3574251361
0.1618646245
-0.6734251887
-0.03356422782
-0.5986313149
0.6621863142
-0.2079997547
-0.03181231879
1.060742491
1.471213806
-0.07268316671
-0.322331471
-0.6313463226
0.7584806196
0.5773425335
0.1429924524
-0.1670074139
0.2116587074
0.2436008554
0.8905038357
1.486713558
0.6483239412
1.222290364
-0.07386388816
-0.1420194726
-0.2461770315
0.624188935
0.4187530814
1.506365986
-0.372979106
1.354241961
-0.1574733706
-0.181754449
0.5146375407
-0.7154593498
-0.1415743489
-0.1946189906
1.405359685
-0.5847208381
-0.5236902729
-0.6313705012
1.474792576
-0.4581762284
-0.3175901413
-0.6857323527
0.2824246604
0.4663210206
0.3513721675
-0.2006032512
-0.4514257953
-0.5873117208
-0.6911262184
-0.139709818
-0.3657992586
-0.1282035794
-0.3951320976
-0.07286402248
-0.6787698627
-0.251455277
-0.2113238201
-0.3608137928
0.0006425178144
-0.4084072217
-0.8416116804
0.2111971539
0.4952974059
-0.06110118441
0.5428905211
-0.5234406009
-0.5205355093
-0.5401458025
-0.2276304111
-0.5739328481
-0.434702304
-0.1464288406
-0.1947030846
1.731884426
-0.2126579072
0.3320756037
-1.222153696
-0.5823827893
0.2288591281
0.48265919
0.07964958847
0.09472353365
-0.3807402924
-0.202296243
1.621917731
-0.4236876667
-0.4416397616
-0.1072059833
0.2554656606
0.04954832513
-0.1902170219
-0.5536953017
-0.664037399
-0.2917308947
-0.1940204352
0.8564832121
0.7868581921
0.8219640337
-0.658717145
-0.5338089094
-0.1408029515
-0.4169055142
-0.06484356625
0.3153116046
0.7444868177
-0.3193101533
0.1451125333
-0.5058367848
0.8454868183
0.3347988926
2.329895374
0.1973737479
0.8063709132
1.980685362
1.626637086
-0.006938821077
1.043756547
0.2937233895
1.112291211
1.099835688
0.07934304066
-0.1872218728
-0.4723099455
-0.4420063883
-0.5272965267
-0.2194063526
1.480611964
1.005800971
0.1715694513
0.6542849168
-0.6737641126
0.6574283376
-0.1150489133
0.1351662328
-0.01537029222
0.327708461
0.4225459624
-0.4303620726
-1.008403203
0.8797644526
-0.5525945067
-0.4399678558
0.2011283007
-0.2549226239
0.9544983566
0.01251151916
0.5015007257
-0.5861861348
0.9916012891
-0.0272025276
-0.2038367771
-0.7524417758
-0.5561418235
-0.7704249442
-0.2104020644
1.053415722
-0.4004503548
-0.251146546
0.08002682384
1.117173669
-0.3243281122
-0.3588483021
-0.2930740692
0.1100313716
-0.3326829575
-0.6406936735
0.2575045597
0.186124148
-0.8031324089
0.9055229425
-0.3482856542
0.4952025689
0.8232841238
-0.7351050422
0.64529742
-0.5529231414
0.7612507686
-0.1378999006
-0.5486005321
-0.4336589687
-0.5029465452
-0.2960476607
-0.09387503751
-0.3066537706
-0.3771083519
-0.106579132
0.1719608454
0.02691120561
-0.4271689206
-1.194576815
-0.5428207055
-0.8058014989
0.8277175967
-0.511437583
0.3470404379
0.06403102363
-0.131542097
-0.1161280783
-0.3025160845
-1.053315744
-0.0615240037
-0.4499271363
-0.4285279378
-0.6136767879
-0.2949205883
0.8708709724
-1.067062804
-0.4949369282
0.03604816538
1.538635663
-0.2826217908
-0.3954915054
0.7971558988
0.1058156073
-0.477847977
-0.7676429391
-0.01649007956
0.171358932
-0.4607230678
-0.8622753233
-0.08475822378
1.27005607
0.3854817867
-0.7523039877
0.01177310608
-0.6041822225
-0.1099920623
-0.4293967277
0.5749121845
-0.6147842884
-0.4186740935
0.102623494
-0.2153877202
-1.16810846
-0.2796261948
-0.857556203
0.3899580657
-0.05686577102
-0.8650452256
0.3119706325
-0.2886147246
-0.2816012039
-0.2804489329
-0.0530593561
-0.55662046
-0.4326380529
0.06161158485
-0.533430618
-0.1270655192
-0.4753474727
0.07637146292
-0.1857560657
-0.8184302688
-0.05971933901
-0.4886509016
-0.4599458009
1.230161656
0.5137495205
-0.1539182644
-0.9422785848
0.6359103978
0.1259775006
0.2243550483
0.1526590447
-0.8121005833
-1.246458703
-0.7295910209
1.510096689
-0.9583184898
-0.368190407
-0.476015684
-0.4444194362
0.6225672811
-0.5368684337
0.4576873399
-0.4657246292
-0.786054498
0.5921538919
0.8335919883
-0.3934898734
0.2059613585
0.08033600785
-0.410135524
0.4896719433
-0.7646626562
-0.5829510018
-0.2833770491
-0.2747289002
-0.4008639663
-0.1586021196
0.1205823821
-0.1314467087
-0.2998243984
-0.6171513855
-0.2502179854
-0.1718064114
0.7062440887
0.1347051151
-0.5724824227
-0.3375243768
1.938674706
-0.5703186601
-0.180700252
-0.3941014275
0.0376527804
-0.8235664338
-0.3301440462
0.1119649299
-0.166451725
-0.5926107019
-0.7235116392
1.796521767
-0.1371942317
0.4590651914
1.080864365
0.05982702486
1.686074394
-0.9897529423
-1.042606613
-0.4866287902
1.880974384
-0.9088513166
-0.6653714582
0.852413626
-0.7486933768
-0.8954136282
-0.04680016208
0.2457298666
-0.4668214396
-0.5971570909
-0.3395423137
0.1376955068
0.6329934545
0.03432647567
0.3949906323
0.1572365209
-0.2202756632
1.208124852
0.6078701291
-0.09289296023
-0.1782813413
1.725940657
-0.05492994427
0.4681510478
0.7138476253
0.04696720694
0.7163577847
-0.02443765872
-0.5612081632
0.3792582445
0.4050020941
0.6131096087
0.09609166458
-0.7239651293
0.3657740027
-0.8329488665
-0.8146276951
0.3623810085
0.9318223
-0.2202375911
-0.6215816855
-0.4073893912
-0.8557593614
0.6910422429
0.184387425
-0.45571367
-0.002183650434
-0.1770892041
-0.7529005557
0.3732483502
0.3336712983
-0.2338315334
-0.5145878643
-0.1494989743
-0.7151765406
0.1822468214
-0.1532349247
-0.4736213177
-0.5096528962
-0.08988645226
-0.1887163192
-0.1932027705
-0.1213607449
-0.1640378585
-0.5782661945
1.081740689
-0.09542341921
0.4496351017
-0.3143176794
-0.3830233142
1.076394066
-0.123900361
0.2175553476
-0.6197685853
-0.724236843
-0.1317482457
-0.6066814184
0.2649873335
-0.9236918539
-0.94646184
-0.3420784544
-0.03808087828
0.6665901177
-0.7189887822
1.211875476
0.2627377575
-0.5576619953
-0.01050234353
1.065094188
0.2041732959
-0.8446798444
0.1819680673
-0.253700982
-0.1318085017
0.8183864176
0.747527758
0.7952184409
-0.8316955566
-0.3232808024
0.8199015364
1.060308605
-0.1262310002
-0.2548320476
0.2647307269
-0.2713682324
1.931300028
0.1438457593
1.382538706
-0.4378644083
-0.002318286523
-0.3524355292
1.059312811
-0.4340096042
-0.5795652002
-0.2065875642
-0.3743887544
-0.4465739712
0.2491912844
-0.4581504032
-0.3163576663
-0.4597088993
1.353585259
0.7951492816
-0.1932435744
-0.7169138283
-0.6222905904
0.571133209
0.2404192165
0.5548666321
-1.032188386
-0.750907743
1.393340865
0.2266022788
-0.1823338233
-0.1493830346
-0.6565000892
0.211406914
-0.5530188322
0.03370474465
-0.6301270574
0.430769331
0.2571157491
-0.3712038219
0.004925538413
-0.7782929748
0.4095931005
-0.5013305917
0.7097080067
-0.1037094297
0.2919014901
-0.06484050918
-0.08345701173
0.2243481604
0.7901274428
0.9653049231
0.4419873968
-0.2362084642
-0.02823656462
1.437990338
-0.1805804979
-0.3913115948
-0.04011780508
-0.522488068
-0.1558468461
0.257051662
0.4809779398
-0.7537876487
1.473630819
0.07939718068
0.08115747478
-0.3713053256
-0.3616144784
0.1171705549
-0.2288560104
-0.127009193
0.7046667211
0.1313300452
0.03978677411
2.2994463
-0.2798783734
0.404243448
0.24682191
-0.0379021219
-0.1951863103
-0.1768779639
1.174495074
-0.472452271
-0.1022002323
-0.3512764603
-0.2262522671
1.135655586
0.01903413963
-0.2531725995
-0.4529127285
-0.7403167844
-0.0973515749
-0.8340807676
1.134132004
-0.6394736707
-0.8138902068
-0.2428049138
-0.06316644247
0.1186870558
-0.3974724434
-0.2694725297
0.4052402928
-0.7369348228
0.2797444951
-0.4057490662
-0.7516710073
-0.2493345842
-0.5732617483
-0.1724413597
0.5260752702
0.2464019686
-0.3511611141
-0.8357658386
-0.7130699992
0.05254175947
-0.8476988941
0.593499551
0.03997378182
-0.7040077329
0.2339017455
-0.4280866086
-0.2478233002
1.272268471
1.760782383
0.09947804548
0.8157686986
0.1766880926
0.3114374796
-0.7111493111
1.282710925
-0.2218782146
0.2840500772
-0.489040266
0.473922348
-0.6819700897
0.1374097622
1.15041277
0.7112594098
0.968701265
-0.1141185086
-0.1699065946
0.0400974175
0.2177777441
0.0653626807
0.1105645875
-0.02142853998
0.7415702626
0.2211962315
0.6154758818
-0.3696998167
-0.1004904391
-0.3621887404
-1.044521177
-0.5248504683
0.2327459215
-0.993326816
-0.5760610446
-0.3059415847
-0.3370215632
-0.2164630391
-0.7499061197
-0.1427151373
0.687268959
-0.1874810576
0.5349494673
0.3193617426
-0.7385479867
-0.4093394905
-0.1597951565
0.7192531327
-0.6946815908
-0.06852194034
-0.6565407276
0.5497808933
-0.004418529756
-0.4024392258
-0.5131947353
-0.3910009339
1.25966979
-0.01290444173
0.5265235581
0.3833920773
-0.7393201888
-0.3256989308
-0.1712287165
0.2436729414
0.1908187096
0.9367883548
0.4503124349
0.8610296771
0.1073452611
0.336301147
-0.08684304077
1.484341119
-0.3712671444
-0.6914218873
-0.09513028432
0.7878826043
-0.603885299
-0.008462744206
0.3172779073
-0.6007245973
0.4251475396
-0.3443488523
0.2933038278
-0.1715361083
1.287017983
-0.1279002724
1.704330075
1.152726772
0.2670032453
0.0833435853
0.09455419481
-0.2116582654
-0.2799317047
0.2768651424
-0.9006796956
0.06784235798
-0.5361359656
-0.2690271869
0.08453879403
-0.1667571612
-0.4352200657
0.5297844503
-0.09988010349
-0.4041642874
-0.07022277582
1.115762302
0.2538639275
0.270625443
0.5876109883
1.043744905
0.9418929085
1.222524692
-0.7431364417
0.5381629065
-0.1726785846
0.1117913024
-0.8818139166
-0.558005318
-0.71217314
0.2874669127
0.4660186902
0.8985166967
0.3056330219
0.9444546625
0.8851988122
0.2484162627
0.9016373351
1.939182076
-0.5204458684
1.181724001
-0.1473131623
-0.06202033758
-0.1525732957
0.02620387673
0.7042753801
-0.1676883815
-0.4135305345
1.679598284
-0.02827485427
0.08949049367
-0.5067188874
-0.3258492216
-0.6314606279
0.3641240109
0.06849680077
-0.4147685662
0.05000515468
-0.2622830469
-0.8231114149
0.5585477039
0.3414524524
0.183230385
0.4554847684
0.4066586867
0.5686718531
1.195764107
0.8113000423
-0.1132650727
-0.1923372995
-0.9375036538
-0.5863707289
-0.6297263667
-0.4665307254
-0.4481079802
0.1214656765
-0.3093940459
-0.3251854043
0.5022521906
-0.3272583134
0.9010784253
0.4415843684
0.8097352833
1.078799051
0.9582532674
0.2704762192
0.6891288787
-0.3968804419
2.678975162
-0.5560225308
-0.8137134552
-0.4107185498
0.05115746669
-0.1652831972
-0.236230319
0.2319912733
0.7929719001
0.4491795301
0.141986862
-0.5017364502
-0.5264991894
-0.5602241427
-0.1404329769
0.7674987637
0.3992029086
-0.5557494968
-0.9482800007
0.3809855545
-0.4695928335
0.3471188559
-0.4016610295
0.01814385029
1.308265923
0.1061525182
-0.1598496035
2.3883738
-0.086395346
1.341887647
0.1605905849
-0.3716439538
0.6753186628
1.126794493
0.5205950161
0.1317228109
-0.3084607221
0.7041194983
0.3380461708
0.6546366274
0.0875619255
-0.223588457
0.7700659357
-0.1591535732
0.2401005017
-0.070791981
-0.006969796866
0.05097412108
-0.273977511
0.1212404994
0.2176177755
0.08259717841
1.804652146
-0.511881496
0.5534712691
0.9540679656
-0.2114006188
-0.3515268683
0.6424820736
-0.6017899588
1.498802349
0.6763958454
0.6321140923
1.4045809
-0.02356630862
0.5119832985
1.020684516
0.5316480715
-0.2792787289
-0.1083102375
-0.03304563053
0.4181081934
-0.3647932142
-0.6775703847
-0.2655295894
1.037836154
-0.2748181805
0.9971307173
0.5207668826
0.05243989285
0.2553470338
0.5038281299
0.3107072175
-0.02745902841
-0.3198190652
-0.1164004829
-0.2913929351
-0.413352789
1.61523861
-0.3534945741
1.162421524
0.8557760194
-0.5312289983
0.02880198509
0.1911429038
0.5615768075
-0.1600185016
-0.6280570343
-0.4662459955
-0.07256793045
-0.6939484298
0.02672846224
-0.1495434456
0.07807649467
0.529886226
-0.5291068345
-0.02999478281
0.2630044024
0.8693573527
0.648235447
-0.6539386749
0.224496568
0.254487088
-0.06431547739
0.1808564398
-0.1730937414
-0.6676657289
0.6968559682
0.2448598959
-0.3582392603
-0.118273579
-0.09735911153
-0.155090417
-0.7176213652
-0.05636428632
0.2767718598
-0.3437689207
-0.4746580124
0.1437750358
0.3864250546
1.078003523
0.3680178668
-0.07690303903
-0.535899803
-0.05549741238
-0.4179157451
0.3178755454
0.2628059276
1.764113042
-0.09836090133
-0.2887366757
-0.5713317245
-0.4538652197
0.1055765321
1.275329766
-0.09023203216
0.1626174138
0.1309696524
0.8668748841
0.3964575121
-0.3452072009
-0.2112225231
0.7023741789
0.3073133552
-0.1894466719
-0.6877073526
-0.7940679461
-0.8263130635
-0.6245921105
-0.6530237451
-0.5612634316
1.509526131
1.277347893
0.3395242022
0.6102382429
-0.6687372535
0.3322664194
0.4618318283
-0.1167208364
-0.5123039395
1.140056607
0.7106167912
0.5461853314
-0.1103969324
-0.5794628695
-0.8810843021
0.1160377114
-1.047256178
0.05510524102
-0.7904882848
-0.6962737635
0.07709168368
-0.4985617265
0.05820427649
0.6032830119
0.1470553537
0.4308059841
-0.4403649986
1.451034634
0.9589696959
0.3239618039
2.136272702
-0.5966504022
1.033260688
0.5598520992
0.7854454078
-0.1368517814
1.533077279
-0.1242105533
0.7997073412
-0.6751205325
0.05897246581
0.7125537632
-0.1417013022
0.0933018079
0.3155064877
0.6241254658
-0.2979569487
1.498357874
-0.1417280858
1.064784987
-0.4236920327
0.6280390449
-0.7062270552
0.4540898103
0.1687081758
0.01370090079
1.131152752
-0.1052680775
0.5058651682
0.6257207997
0.9670936234
1.651223823
1.077490947
0.2136162728
0.1464188097
-0.1884318862
1.487708387
0.5253616214
-0.09010567851
-0.4275287688
-0.3214230156
-0.03353640568
0.6636052936
-0.1410285249
0.4923919618
0.2307329061
-0.07057966217
0.9797429472
0.6773510218
0.7608706027
-0.2750923095
1.433227967
0.5401177946
1.097646252
-0.1211291436
-0.2148845609
1.075726147
0.2186275452
0.351797531
-0.617766647
-0.6460125566
-0.4419973135
-0.4823871389
-0.8279543906
-0.02391475625
0.6750168659
-0.8040358275
-0.04770824872
0.4402605057
-0.1052911015
2.352100471
-0.1546466492
1.476757047
-0.2499918312
0.2321469955
-0.1153072925
2.206044632
1.108492052
0.6181121245
-0.1696911264
0.154169043
-0.7339010984
-0.1366641549
0.4470759246
-0.04776649624
0.01973357536
0.1166659867
-0.0544658422
1.368667746
-0.1808405905
0.02634967919
-0.1820049118
-0.6487886667
-0.69736031
-0.7647968024
-0.2470761213
0.2565194033
1.734856328
-0.4591574505
1.63412632
0.05745958965
-0.1560372462
-0.5747217968
0.2695055622
0.3911268633
-0.6906777218
-0.7975127235
0.1382994333
0.7034851179
0.232668984
0.1597848229
-0.3944828399
0.6088984817
-0.2186091259
-0.6694007307
-0.1001593792
-0.2968633782
-0.3495768227
0.008786738664
-0.5376901612
-0.5208640262
-0.6274807379
-0.4303093024
0.05204912238
0.3825174399
0.8727073066
-0.7592793733
1.741388899
-0.4760737643
-0.640363729
-0.1503243295
-0.4358360618
-0.8058605492
0.2135945685
-0.4854432851
0.8641533867
-0.8379436225
0.8425520867
0.357322922
0.8150956467
0.4135377361
-0.9549069613
0.09871144537
-0.3040996693
-0.3446873881
0.5405523693
-0.3590575928
-0.703940466
0.1637683176
1.11907011
-0.4002107032
0.871024023
0.4433050282
-0.3155493543
-0.8778461605
-0.09868593141
-0.3398715973
0.4530336844
0.5056954615
-0.1113781437
0.7160991408
-0.198784269
0.5016098514
0.1398064857
-0.08142196313
0.4548733242
0.853468734
-0.20231441
-0.1259414917
-0.2099975131
-0.78399795
0.9375265896
-0.3101844937
0.9895047702
0.08399879932
-0.7171611339
-0.2323131941
-0.0779012728
0.1738475634
-0.02510169912
0.729879149
-0.1209899304
0.4484011263
-0.03103741631
0.2961363966
0.6777834356
-0.5589830786
-0.5522965357
0.04362165467
0.1959738115
-0.0565575501
0.5387628354
0.147618503
-0.08249188904
0.1809519568
0.8914870664
0.006072656903
0.9839464486
1.721326125
-0.1646145348
-0.1712490911
-0.6467281252
-0.1867645854
-0.6301683664
-0.4245948896
-0.01686990596
-0.2347633429
1.736976275
1.201058027
0.6713218512
-0.009930108488
-0.1303119099
0.7120251544
1.021558753
0.4680947229
-0.1148726773
0.3552621374
0.3444388084
-0.1308634888
1.045710601
0.2289100135
0.3845197674
1.398100642
0.4692291033
-0.2876160108
-0.1196276952
-0.06497546136
0.9102349557
0.4267389514
-0.1279010158
-0.3314752452
0.07560745124
0.2232150508
1.04911337
0.06817806382
-0.4767767712
-0.5964517206
-0.2598105505
0.07486106604
-0.3871737182
-0.4722546279
-0.05863858741
-0.2493419699
0.3282646053
-0.01753513794
1.275651796
1.23352631
0.6496545896
0.2696279993
-0.07961120643
0.4447687594
1.221702352
0.9619524792
-0.4404408485
0.03489827216
-0.06996821463
-0.2561940743
0.1984966729
-0.6718551427
-0.506911473
-0.07103054468
0.363868643
0.1478963785
-0.1192675706
-0.005390204862
0.9685235007
0.5526744805
-0.2957369342
-0.3985174388
-0.5982531801
-0.1150546055
2.093718791
2.132879606
-0.4651783451
0.9213966072
-0.5549153626
0.4406221448
0.1262641542
0.5575182304
-0.4453936873
0.6256477289
1.015343583
0.868405655
-0.08053702596
0.2106474
0.4429881787
-0.4068477258
-0.1114507876
0.2074866046
-0.3568001449
0.5190650184
-0.1892075319
0.1224917799
0.007288152538
1.16723724
0.8510840297
0.5372842923
-0.1617453333
0.7207177654
-0.3106140599
-0.2009502776
0.3768391833
0.5282716848
0.6098917857
2.154441625
0.4368890679
-0.7744464934
0.5656194225
-0.09162201453
-0.1672362026
0.2900624047
0.6388779849
-0.5225959182
-0.1844071083
-0.08349516913
1.147574949
1.514856072
0.05170307457
0.2590480593
-0.7296534896
0.8433494106
0.03031341881
-0.0007847526576
-0.7934017688
-0.3882366896
0.4025521275
-0.4187973186
0.3746280299
0.3216634078
0.6060018435
0.2704597792
-0.5010836825
-0.01430633403
0.02396790874
0.8664553583
1.143747768
0.2046445968
1.279860806
2.114611536
0.1940112476
0.5610657869
-0.3791540757
0.2944591137
0.3044820294
0.6055677317
0.2422433972
0.1102938497
1.645049432
0.6538245
-0.03039454948
1.122083053
1.31621669
-0.3523640141
0.2634392887
-0.06196483169
0.04619064536
-0.2241734397
-0.653378126
1.00394391
1.707670183
1.06267665
1.813353473
-0.2964334927
-0.3067943871
0.2878804429
0.8237577036
-0.4023261175
0.3094689088
0.3374436989
1.002053062
0.1675172951
0.8705397278
0.5080307797
1.120628597
-0.3528857395
-0.07163018193
-0.1814982191
0.6340048641
0.210192745
