query_protein,train_protein,similarity_score
protein_0006,protein_0000,0.36363636363636365
protein_0006,protein_0001,0.1348314606741573
protein_0006,protein_0002,0.23958333333333334
protein_0006,protein_0003,0.32954545454545453
protein_0006,protein_0004,0.2727272727272727
protein_0006,protein_0005,0.15625
protein_0006,protein_0007,0.1590909090909091
protein_0006,protein_0008,0.18446601941747573
protein_0006,protein_0009,0.29545454545454547
protein_0006,protein_0011,0.4659090909090909
protein_0006,protein_0012,0.5113636363636364
protein_0006,protein_0013,0.17045454545454544
protein_0006,protein_0014,0.16666666666666666
protein_0006,protein_0015,0.1308411214953271
protein_0006,protein_0016,0.15384615384615385
protein_0006,protein_0018,0.3111111111111111
protein_0006,protein_0019,0.17045454545454544
protein_0006,protein_0020,0.2840909090909091
protein_0006,protein_0021,0.1326530612244898
protein_0006,protein_0022,0.14563106796116504
protein_0006,protein_0023,0.18095238095238095
protein_0006,protein_0025,0.25
protein_0006,protein_0026,0.16923076923076924
protein_0006,protein_0027,0.12962962962962962
protein_0006,protein_0028,0.1574074074074074
protein_0006,protein_0029,0.14444444444444443
protein_0006,protein_0030,0.1
protein_0006,protein_0031,0.1485148514851485
protein_0006,protein_0032,0.29545454545454547
protein_0006,protein_0033,0.5
protein_0006,protein_0034,0.5454545454545454
protein_0006,protein_0035,0.16521739130434782
protein_0006,protein_0037,0.23863636363636365
protein_0006,protein_0038,0.23863636363636365
protein_0006,protein_0039,0.29545454545454547
protein_0006,protein_0040,0.1
protein_0006,protein_0041,0.2840909090909091
protein_0006,protein_0042,0.1702127659574468
protein_0006,protein_0043,0.2840909090909091
protein_0006,protein_0044,0.29213483146067415
protein_0006,protein_0045,0.33707865168539325
protein_0006,protein_0046,0.18181818181818182
protein_0006,protein_0047,0.5
protein_0006,protein_0048,0.5
protein_0006,protein_0049,0.5568181818181818
protein_0006,protein_0050,0.14018691588785046
protein_0006,protein_0051,0.17045454545454544
protein_0006,protein_0052,0.26136363636363635
protein_0006,protein_0053,0.32954545454545453
protein_0006,protein_0054,0.125
protein_0006,protein_0055,0.14049586776859505
protein_0006,protein_0056,0.16822429906542055
protein_0006,protein_0057,0.1590909090909091
protein_0006,protein_0058,0.18181818181818182
protein_0006,protein_0060,0.1346153846153846
protein_0006,protein_0061,0.16483516483516483
protein_0006,protein_0062,0.36363636363636365
protein_0006,protein_0063,0.10232558139534884
protein_0006,protein_0064,0.23863636363636365
protein_0006,protein_0065,0.2079207920792079
protein_0006,protein_0066,0.1553398058252427
protein_0006,protein_0067,0.5113636363636364
protein_0006,protein_0068,0.3068181818181818
protein_0006,protein_0069,0.4090909090909091
protein_0006,protein_0070,0.29545454545454547
protein_0006,protein_0071,0.3068181818181818
protein_0006,protein_0072,0.16304347826086957
protein_0006,protein_0073,0.3181818181818182
protein_0006,protein_0074,0.13541666666666666
protein_0006,protein_0075,0.21904761904761905
protein_0006,protein_0076,0.1875
protein_0006,protein_0077,0.3181818181818182
protein_0006,protein_0078,0.13513513513513514
protein_0006,protein_0079,0.13513513513513514
protein_0006,protein_0080,0.34065934065934067
protein_0006,protein_0082,0.13
protein_0006,protein_0083,0.4659090909090909
protein_0006,protein_0084,0.3409090909090909
protein_0006,protein_0085,0.13592233009708737
protein_0006,protein_0086,0.11
protein_0006,protein_0087,0.15730337078651685
protein_0006,protein_0088,0.29545454545454547
protein_0006,protein_0089,0.22033898305084745
protein_0006,protein_0090,0.22033898305084745
protein_0006,protein_0091,0.11403508771929824
protein_0006,protein_0092,0.11403508771929824
protein_0006,protein_0093,0.4659090909090909
protein_0006,protein_0094,0.152
protein_0006,protein_0095,0.2033898305084746
protein_0006,protein_0096,0.14545454545454545
protein_0006,protein_0097,0.4090909090909091
protein_0006,protein_0098,0.30434782608695654
protein_0006,protein_0099,0.11538461538461539
protein_0006,protein_0100,0.13636363636363635
protein_0006,protein_0101,0.3181818181818182
protein_0006,protein_0102,0.3146067415730337
protein_0006,protein_0104,0.13675213675213677
protein_0006,protein_0105,0.11224489795918367
protein_0006,protein_0106,0.14285714285714285
protein_0006,protein_0107,0.32954545454545453
protein_0006,protein_0108,0.21348314606741572
protein_0006,protein_0110,0.4659090909090909
protein_0006,protein_0112,0.14150943396226415
protein_0006,protein_0113,0.4772727272727273
protein_0006,protein_0114,0.3522727272727273
protein_0006,protein_0115,0.29545454545454547
protein_0006,protein_0116,0.15702479338842976
protein_0006,protein_0117,0.15702479338842976
protein_0006,protein_0118,0.17582417582417584
protein_0006,protein_0120,0.30337078651685395
protein_0006,protein_0121,0.30337078651685395
protein_0006,protein_0122,0.25
protein_0006,protein_0123,0.13636363636363635
protein_0006,protein_0124,0.2840909090909091
protein_0006,protein_0125,0.19
protein_0006,protein_0126,0.1782178217821782
protein_0006,protein_0127,0.29213483146067415
protein_0006,protein_0128,0.3707865168539326
protein_0006,protein_0129,0.23863636363636365
protein_0006,protein_0130,0.22950819672131148
protein_0006,protein_0131,0.125
protein_0006,protein_0132,0.22321428571428573
protein_0006,protein_0133,0.22321428571428573
protein_0006,protein_0134,0.34444444444444444
protein_0006,protein_0135,0.2840909090909091
protein_0006,protein_0136,0.14285714285714285
protein_0006,protein_0137,0.15702479338842976
protein_0006,protein_0138,0.15702479338842976
protein_0006,protein_0140,0.4318181818181818
protein_0006,protein_0141,0.24719101123595505
protein_0006,protein_0142,0.4606741573033708
protein_0006,protein_0143,0.3146067415730337
protein_0006,protein_0144,0.29545454545454547
protein_0006,protein_0146,0.14772727272727273
protein_0006,protein_0147,0.3409090909090909
protein_0006,protein_0148,0.3522727272727273
protein_0006,protein_0149,0.19318181818181818
protein_0006,protein_0151,0.2
protein_0006,protein_0152,0.14772727272727273
protein_0006,protein_0153,0.20224719101123595
protein_0006,protein_0154,0.17045454545454544
protein_0006,protein_0156,0.102803738317757
protein_0006,protein_0158,0.1590909090909091
protein_0006,protein_0159,0.3409090909090909
protein_0006,protein_0160,0.3258426966292135
protein_0006,protein_0161,0.1721311475409836
protein_0006,protein_0162,0.29545454545454547
protein_0006,protein_0163,0.14285714285714285
protein_0006,protein_0164,0.25
protein_0006,protein_0166,0.25
protein_0006,protein_0168,0.18181818181818182
protein_0006,protein_0169,0.11965811965811966
protein_0006,protein_0170,0.3
protein_0006,protein_0171,0.3181818181818182
protein_0006,protein_0172,0.125
protein_0006,protein_0173,0.3068181818181818
protein_0006,protein_0174,0.3181818181818182
protein_0006,protein_0176,0.17204301075268819
protein_0006,protein_0178,0.15789473684210525
protein_0006,protein_0179,0.12389380530973451
protein_0006,protein_0180,0.25
protein_0006,protein_0181,0.5113636363636364
protein_0006,protein_0182,0.3333333333333333
protein_0006,protein_0183,0.14018691588785046
protein_0006,protein_0184,0.3068181818181818
protein_0006,protein_0185,0.21359223300970873
protein_0006,protein_0186,0.14150943396226415
protein_0006,protein_0187,0.3068181818181818
protein_0006,protein_0188,0.17045454545454544
protein_0006,protein_0189,0.3409090909090909
protein_0006,protein_0190,0.4772727272727273
protein_0006,protein_0191,0.2840909090909091
protein_0006,protein_0193,0.3595505617977528
protein_0006,protein_0195,0.4431818181818182
protein_0006,protein_0197,0.4888888888888889
protein_0006,protein_0198,0.2727272727272727
protein_0006,protein_0199,0.24175824175824176
protein_0006,protein_0200,0.4318181818181818
protein_0006,protein_0201,0.14285714285714285
protein_0006,protein_0202,0.38461538461538464
protein_0006,protein_0203,0.11965811965811966
protein_0006,protein_0204,0.20454545454545456
protein_0006,protein_0205,0.10900473933649289
protein_0006,protein_0206,0.5113636363636364
protein_0006,protein_0207,0.16666666666666666
protein_0006,protein_0208,0.1694915254237288
protein_0006,protein_0209,0.29213483146067415
protein_0006,protein_0210,0.32222222222222224
protein_0006,protein_0211,0.16842105263157894
protein_0006,protein_0212,0.11235955056179775
protein_0006,protein_0213,0.375
protein_0006,protein_0214,0.10526315789473684
protein_0006,protein_0215,0.0898876404494382
protein_0006,protein_0216,0.125
protein_0006,protein_0217,0.16494845360824742
protein_0006,protein_0219,0.1652892561983471
protein_0006,protein_0220,0.22727272727272727
protein_0006,protein_0221,0.1702127659574468
protein_0006,protein_0222,0.5568181818181818
protein_0006,protein_0223,0.14583333333333334
protein_0006,protein_0224,0.14772727272727273
protein_0006,protein_0225,0.14444444444444443
protein_0006,protein_0226,0.18947368421052632
protein_0006,protein_0227,0.1590909090909091
protein_0006,protein_0228,0.20652173913043478
protein_0006,protein_0230,0.20212765957446807
protein_0006,protein_0231,0.35555555555555557
protein_0006,protein_0232,0.18181818181818182
protein_0006,protein_0233,0.1732283464566929
protein_0006,protein_0234,0.21153846153846154
protein_0006,protein_0235,0.16494845360824742
protein_0006,protein_0236,0.5168539325842697
protein_0006,protein_0237,0.5168539325842697
protein_0006,protein_0238,0.1297709923664122
protein_0006,protein_0239,0.2857142857142857
protein_0006,protein_0240,0.29545454545454547
protein_0006,protein_0241,0.26136363636363635
protein_0006,protein_0242,0.13636363636363635
protein_0006,protein_0243,0.2840909090909091
protein_0006,protein_0244,0.14772727272727273
protein_0006,protein_0246,0.16494845360824742
protein_0006,protein_0247,0.17894736842105263
protein_0006,protein_0248,0.3181818181818182
protein_0006,protein_0249,0.26136363636363635
protein_0006,protein_0250,0.21212121212121213
protein_0006,protein_0251,0.14285714285714285
protein_0006,protein_0252,0.15625
protein_0006,protein_0253,0.17699115044247787
protein_0006,protein_0254,0.16483516483516483
protein_0006,protein_0255,0.1111111111111111
protein_0006,protein_0256,0.10256410256410256
protein_0006,protein_0257,0.1452991452991453
protein_0006,protein_0259,0.17045454545454544
protein_0006,protein_0260,0.17045454545454544
protein_0006,protein_0261,0.19801980198019803
protein_0006,protein_0262,0.11594202898550725
protein_0006,protein_0263,0.13970588235294118
protein_0006,protein_0264,0.32954545454545453
protein_0006,protein_0266,0.18556701030927836
protein_0006,protein_0267,0.18181818181818182
protein_0006,protein_0268,0.19101123595505617
protein_0006,protein_0269,0.1
protein_0006,protein_0270,0.14772727272727273
protein_0006,protein_0271,0.17777777777777778
protein_0006,protein_0272,0.48863636363636365
protein_0006,protein_0273,0.5
protein_0006,protein_0274,0.24444444444444444
protein_0006,protein_0276,0.2840909090909091
protein_0006,protein_0277,0.13541666666666666
protein_0006,protein_0278,0.35555555555555557
protein_0006,protein_0279,0.2840909090909091
protein_0006,protein_0280,0.29213483146067415
protein_0006,protein_0281,0.125
protein_0006,protein_0282,0.14772727272727273
protein_0006,protein_0283,0.10091743119266056
protein_0006,protein_0285,0.5113636363636364
protein_0006,protein_0286,0.18181818181818182
protein_0006,protein_0287,0.21621621621621623
protein_0006,protein_0288,0.2840909090909091
protein_0006,protein_0289,0.13861386138613863
protein_0006,protein_0290,0.14018691588785046
protein_0006,protein_0292,0.15730337078651685
protein_0006,protein_0293,0.2087912087912088
protein_0006,protein_0294,0.21978021978021978
protein_0006,protein_0295,0.125
protein_0006,protein_0296,0.15789473684210525
protein_0006,protein_0297,0.14772727272727273
protein_0006,protein_0298,0.17045454545454544
protein_0006,protein_0299,0.17525773195876287
protein_0006,protein_0300,0.1414141414141414
protein_0006,protein_0301,0.13
protein_0006,protein_0302,0.0963302752293578
protein_0006,protein_0303,0.22727272727272727
protein_0006,protein_0304,0.13725490196078433
protein_0006,protein_0305,0.17204301075268819
protein_0006,protein_0306,0.14049586776859505
protein_0006,protein_0308,0.1391304347826087
protein_0006,protein_0309,0.16494845360824742
protein_0006,protein_0310,0.17543859649122806
protein_0006,protein_0312,0.32954545454545453
protein_0006,protein_0313,0.2159090909090909
protein_0006,protein_0314,0.12962962962962962
protein_0006,protein_0315,0.13157894736842105
protein_0006,protein_0317,0.14018691588785046
protein_0006,protein_0318,0.125
protein_0006,protein_0319,0.5454545454545454
protein_0006,protein_0320,0.25
protein_0006,protein_0321,0.21978021978021978
protein_0006,protein_0322,0.24175824175824176
protein_0006,protein_0323,0.3157894736842105
protein_0006,protein_0324,0.14606741573033707
protein_0006,protein_0325,0.16260162601626016
protein_0006,protein_0326,0.15730337078651685
protein_0006,protein_0327,0.35555555555555557
protein_0006,protein_0328,0.1504424778761062
protein_0006,protein_0329,0.1504424778761062
protein_0006,protein_0330,0.4772727272727273
protein_0006,protein_0331,0.13636363636363635
protein_0006,protein_0334,0.19791666666666666
protein_0006,protein_0335,0.1415929203539823
protein_0006,protein_0336,0.13636363636363635
protein_0006,protein_0337,0.42045454545454547
protein_0006,protein_0338,0.29545454545454547
protein_0006,protein_0339,0.18181818181818182
protein_0006,protein_0340,0.13592233009708737
protein_0006,protein_0341,0.20388349514563106
protein_0006,protein_0342,0.13636363636363635
protein_0006,protein_0343,0.13861386138613863
protein_0006,protein_0344,0.3068181818181818
protein_0006,protein_0345,0.15517241379310345
protein_0006,protein_0346,0.15517241379310345
protein_0006,protein_0348,0.14634146341463414
protein_0006,protein_0349,0.1619047619047619
protein_0006,protein_0350,0.3181818181818182
protein_0006,protein_0352,0.18181818181818182
protein_0006,protein_0353,0.18584070796460178
protein_0006,protein_0354,0.3258426966292135
protein_0006,protein_0355,0.42045454545454547
protein_0006,protein_0356,0.14444444444444443
protein_0006,protein_0357,0.144
protein_0006,protein_0358,0.3181818181818182
protein_0006,protein_0359,0.109375
protein_0006,protein_0360,0.2696629213483146
protein_0006,protein_0361,0.15447154471544716
protein_0006,protein_0362,0.2111111111111111
protein_0006,protein_0364,0.2111111111111111
protein_0006,protein_0365,0.2
protein_0006,protein_0366,0.20618556701030927
protein_0006,protein_0367,0.2079207920792079
protein_0006,protein_0368,0.12222222222222222
protein_0006,protein_0369,0.12087912087912088
protein_0006,protein_0370,0.3068181818181818
protein_0006,protein_0371,0.2727272727272727
protein_0006,protein_0372,0.10550458715596331
protein_0006,protein_0373,0.12149532710280374
protein_0006,protein_0374,0.09401709401709402
protein_0006,protein_0375,0.3068181818181818
protein_0006,protein_0376,0.1743119266055046
protein_0006,protein_0377,0.26136363636363635
protein_0006,protein_0378,0.17699115044247787
protein_0006,protein_0379,0.14893617021276595
protein_0006,protein_0380,0.14893617021276595
protein_0006,protein_0381,0.14893617021276595
protein_0006,protein_0382,0.20454545454545456
protein_0006,protein_0383,0.1590909090909091
protein_0006,protein_0384,0.42391304347826086
protein_0006,protein_0385,0.1111111111111111
protein_0006,protein_0386,0.14814814814814814
protein_0006,protein_0387,0.10810810810810811
protein_0006,protein_0388,0.13636363636363635
protein_0006,protein_0389,0.1590909090909091
protein_0006,protein_0390,0.5454545454545454
protein_0006,protein_0391,0.18681318681318682
protein_0006,protein_0392,0.2727272727272727
protein_0006,protein_0393,0.2727272727272727
protein_0006,protein_0394,0.1774193548387097
protein_0006,protein_0395,0.20833333333333334
protein_0006,protein_0396,0.14912280701754385
protein_0006,protein_0397,0.2840909090909091
protein_0006,protein_0399,0.4090909090909091
protein_0010,protein_0000,0.3103448275862069
protein_0010,protein_0001,0.15730337078651685
protein_0010,protein_0002,0.2079207920792079
protein_0010,protein_0003,0.2988505747126437
protein_0010,protein_0004,0.2777777777777778
protein_0010,protein_0005,0.17525773195876287
protein_0010,protein_0007,0.18181818181818182
protein_0010,protein_0008,0.14705882352941177
protein_0010,protein_0009,0.28888888888888886
protein_0010,protein_0011,0.45977011494252873
protein_0010,protein_0012,0.5172413793103449
protein_0010,protein_0013,0.1346153846153846
protein_0010,protein_0014,0.16831683168316833
protein_0010,protein_0015,0.13636363636363635
protein_0010,protein_0016,0.13725490196078433
protein_0010,protein_0018,0.26436781609195403
protein_0010,protein_0019,0.16304347826086957
protein_0010,protein_0020,0.3448275862068966
protein_0010,protein_0021,0.16483516483516483
protein_0010,protein_0022,0.13636363636363635
protein_0010,protein_0023,0.13978494623655913
protein_0010,protein_0025,0.2988505747126437
protein_0010,protein_0026,0.14814814814814814
protein_0010,protein_0027,0.17582417582417584
protein_0010,protein_0028,0.12149532710280374
protein_0010,protein_0029,0.13829787234042554
protein_0010,protein_0030,0.1557377049180328
protein_0010,protein_0031,0.16666666666666666
protein_0010,protein_0032,0.28735632183908044
protein_0010,protein_0033,0.4482758620689655
protein_0010,protein_0034,0.5057471264367817
protein_0010,protein_0035,0.14423076923076922
protein_0010,protein_0037,0.22988505747126436
protein_0010,protein_0038,0.22988505747126436
protein_0010,protein_0039,0.3
protein_0010,protein_0040,0.12087912087912088
protein_0010,protein_0041,0.3181818181818182
protein_0010,protein_0042,0.21839080459770116
protein_0010,protein_0043,0.26436781609195403
protein_0010,protein_0044,0.2413793103448276
protein_0010,protein_0045,0.2988505747126437
protein_0010,protein_0046,0.19318181818181818
protein_0010,protein_0047,0.4835164835164835
protein_0010,protein_0048,0.45977011494252873
protein_0010,protein_0049,0.4482758620689655
protein_0010,protein_0050,0.1485148514851485
protein_0010,protein_0051,0.15384615384615385
protein_0010,protein_0052,0.28888888888888886
protein_0010,protein_0053,0.3793103448275862
protein_0010,protein_0054,0.16535433070866143
protein_0010,protein_0055,0.14960629921259844
protein_0010,protein_0056,0.15833333333333333
protein_0010,protein_0057,0.18181818181818182
protein_0010,protein_0058,0.16091954022988506
protein_0010,protein_0060,0.11650485436893204
protein_0010,protein_0061,0.1958762886597938
protein_0010,protein_0062,0.3218390804597701
protein_0010,protein_0063,0.09859154929577464
protein_0010,protein_0064,0.26436781609195403
protein_0010,protein_0065,0.21359223300970873
protein_0010,protein_0066,0.14
protein_0010,protein_0067,0.8505747126436781
protein_0010,protein_0068,0.25287356321839083
protein_0010,protein_0069,0.4827586206896552
protein_0010,protein_0070,0.2988505747126437
protein_0010,protein_0071,0.367816091954023
protein_0010,protein_0072,0.16666666666666666
protein_0010,protein_0073,0.2988505747126437
protein_0010,protein_0074,0.17346938775510204
protein_0010,protein_0075,0.1388888888888889
protein_0010,protein_0076,0.14942528735632185
protein_0010,protein_0077,0.38636363636363635
protein_0010,protein_0078,0.1346153846153846
protein_0010,protein_0079,0.1346153846153846
protein_0010,protein_0080,0.375
protein_0010,protein_0082,0.1346153846153846
protein_0010,protein_0083,0.43478260869565216
protein_0010,protein_0084,0.3333333333333333
protein_0010,protein_0085,0.14423076923076922
protein_0010,protein_0086,0.1346153846153846
protein_0010,protein_0087,0.16091954022988506
protein_0010,protein_0088,0.3218390804597701
protein_0010,protein_0089,0.192
protein_0010,protein_0090,0.18604651162790697
protein_0010,protein_0091,0.15789473684210525
protein_0010,protein_0092,0.15789473684210525
protein_0010,protein_0093,0.6781609195402298
protein_0010,protein_0094,0.14049586776859505
protein_0010,protein_0095,0.184
protein_0010,protein_0096,0.13
protein_0010,protein_0097,0.34782608695652173
protein_0010,protein_0098,0.3181818181818182
protein_0010,protein_0099,0.1388888888888889
protein_0010,protein_0100,0.14606741573033707
protein_0010,protein_0101,0.28735632183908044
protein_0010,protein_0102,0.3076923076923077
protein_0010,protein_0104,0.14173228346456693
protein_0010,protein_0105,0.09195402298850575
protein_0010,protein_0106,0.1623931623931624
protein_0010,protein_0107,0.3448275862068966
protein_0010,protein_0108,0.2826086956521739
protein_0010,protein_0110,0.41379310344827586
protein_0010,protein_0112,0.17647058823529413
protein_0010,protein_0113,0.47126436781609193
protein_0010,protein_0114,0.2988505747126437
protein_0010,protein_0115,0.28735632183908044
protein_0010,protein_0116,0.14393939393939395
protein_0010,protein_0117,0.14393939393939395
protein_0010,protein_0118,0.14606741573033707
protein_0010,protein_0120,0.367816091954023
protein_0010,protein_0121,0.367816091954023
protein_0010,protein_0122,0.22988505747126436
protein_0010,protein_0123,0.19540229885057472
protein_0010,protein_0124,0.40229885057471265
protein_0010,protein_0125,0.21568627450980393
protein_0010,protein_0126,0.14705882352941177
protein_0010,protein_0127,0.3218390804597701
protein_0010,protein_0128,0.34375
protein_0010,protein_0129,0.20689655172413793
protein_0010,protein_0130,0.192
protein_0010,protein_0131,0.1797752808988764
protein_0010,protein_0132,0.23148148148148148
protein_0010,protein_0133,0.23148148148148148
protein_0010,protein_0134,0.28735632183908044
protein_0010,protein_0135,0.30337078651685395
protein_0010,protein_0136,0.15748031496062992
protein_0010,protein_0137,0.1484375
protein_0010,protein_0138,0.1484375
protein_0010,protein_0140,0.4482758620689655
protein_0010,protein_0141,0.25
protein_0010,protein_0142,0.45977011494252873
protein_0010,protein_0143,0.3218390804597701
protein_0010,protein_0144,0.32222222222222224
protein_0010,protein_0146,0.11494252873563218
protein_0010,protein_0147,0.3448275862068966
protein_0010,protein_0148,0.2988505747126437
protein_0010,protein_0149,0.16666666666666666
protein_0010,protein_0151,0.21505376344086022
protein_0010,protein_0152,0.18085106382978725
protein_0010,protein_0153,0.1956521739130435
protein_0010,protein_0154,0.16666666666666666
protein_0010,protein_0156,0.15
protein_0010,protein_0158,0.1595744680851064
protein_0010,protein_0159,0.3146067415730337
protein_0010,protein_0160,0.32954545454545453
protein_0010,protein_0161,0.11016949152542373
protein_0010,protein_0162,0.3103448275862069
protein_0010,protein_0163,0.1559633027522936
protein_0010,protein_0164,0.2988505747126437
protein_0010,protein_0166,0.2988505747126437
protein_0010,protein_0168,0.15789473684210525
protein_0010,protein_0169,0.1271186440677966
protein_0010,protein_0170,0.2988505747126437
protein_0010,protein_0171,0.25287356321839083
protein_0010,protein_0172,0.16806722689075632
protein_0010,protein_0173,0.3793103448275862
protein_0010,protein_0174,0.3218390804597701
protein_0010,protein_0176,0.14444444444444443
protein_0010,protein_0178,0.1694915254237288
protein_0010,protein_0179,0.09734513274336283
protein_0010,protein_0180,0.25806451612903225
protein_0010,protein_0181,0.8505747126436781
protein_0010,protein_0182,0.2988505747126437
protein_0010,protein_0183,0.14545454545454545
protein_0010,protein_0184,0.29347826086956524
protein_0010,protein_0185,0.16326530612244897
protein_0010,protein_0186,0.1619047619047619
protein_0010,protein_0187,0.3333333333333333
protein_0010,protein_0188,0.14444444444444443
protein_0010,protein_0189,0.3218390804597701
protein_0010,protein_0190,0.42528735632183906
protein_0010,protein_0191,0.26436781609195403
protein_0010,protein_0193,0.34408602150537637
protein_0010,protein_0195,0.39080459770114945
protein_0010,protein_0197,0.47191011235955055
protein_0010,protein_0198,0.25287356321839083
protein_0010,protein_0199,0.2553191489361702
protein_0010,protein_0200,0.40229885057471265
protein_0010,protein_0201,0.13
protein_0010,protein_0202,0.38202247191011235
protein_0010,protein_0203,0.15254237288135594
protein_0010,protein_0204,0.1839080459770115
protein_0010,protein_0205,0.10648148148148148
protein_0010,protein_0206,0.5172413793103449
protein_0010,protein_0207,0.15748031496062992
protein_0010,protein_0208,0.14035087719298245
protein_0010,protein_0209,0.25287356321839083
protein_0010,protein_0210,0.2988505747126437
protein_0010,protein_0211,0.15517241379310345
protein_0010,protein_0212,0.16091954022988506
protein_0010,protein_0213,0.3563218390804598
protein_0010,protein_0214,0.12371134020618557
protein_0010,protein_0215,0.12643678160919541
protein_0010,protein_0216,0.15517241379310345
protein_0010,protein_0217,0.1368421052631579
protein_0010,protein_0219,0.1015625
protein_0010,protein_0220,0.2717391304347826
protein_0010,protein_0221,0.14772727272727273
protein_0010,protein_0222,0.45977011494252873
protein_0010,protein_0223,0.12643678160919541
protein_0010,protein_0224,0.1724137931034483
protein_0010,protein_0225,0.14893617021276595
protein_0010,protein_0226,0.15151515151515152
protein_0010,protein_0227,0.13793103448275862
protein_0010,protein_0228,0.22641509433962265
protein_0010,protein_0230,0.1956521739130435
protein_0010,protein_0231,0.3563218390804598
protein_0010,protein_0232,0.16666666666666666
protein_0010,protein_0233,0.1417910447761194
protein_0010,protein_0234,0.17
protein_0010,protein_0235,0.14772727272727273
protein_0010,protein_0236,0.367816091954023
protein_0010,protein_0237,0.367816091954023
protein_0010,protein_0238,0.15037593984962405
protein_0010,protein_0239,0.3218390804597701
protein_0010,protein_0240,0.3103448275862069
protein_0010,protein_0241,0.3404255319148936
protein_0010,protein_0242,0.1839080459770115
protein_0010,protein_0243,0.3218390804597701
protein_0010,protein_0244,0.17582417582417584
protein_0010,protein_0246,0.15306122448979592
protein_0010,protein_0247,0.15555555555555556
protein_0010,protein_0248,0.3563218390804598
protein_0010,protein_0249,0.2988505747126437
protein_0010,protein_0250,0.17592592592592593
protein_0010,protein_0251,0.18181818181818182
protein_0010,protein_0252,0.18947368421052632
protein_0010,protein_0253,0.168141592920354
protein_0010,protein_0254,0.21839080459770116
protein_0010,protein_0255,0.10982658959537572
protein_0010,protein_0256,0.13934426229508196
protein_0010,protein_0257,0.13934426229508196
protein_0010,protein_0259,0.22727272727272727
protein_0010,protein_0260,0.22727272727272727
protein_0010,protein_0261,0.22330097087378642
protein_0010,protein_0262,0.11724137931034483
protein_0010,protein_0263,0.13768115942028986
protein_0010,protein_0264,0.27586206896551724
protein_0010,protein_0266,0.12389380530973451
protein_0010,protein_0267,0.23333333333333334
protein_0010,protein_0268,0.1702127659574468
protein_0010,protein_0269,0.1111111111111111
protein_0010,protein_0270,0.13793103448275862
protein_0010,protein_0271,0.14583333333333334
protein_0010,protein_0272,0.47126436781609193
protein_0010,protein_0273,0.4827586206896552
protein_0010,protein_0274,0.21505376344086022
protein_0010,protein_0276,0.3333333333333333
protein_0010,protein_0277,0.16666666666666666
protein_0010,protein_0278,0.28888888888888886
protein_0010,protein_0279,0.25287356321839083
protein_0010,protein_0280,0.27586206896551724
protein_0010,protein_0281,0.1652892561983471
protein_0010,protein_0282,0.09782608695652174
protein_0010,protein_0283,0.11926605504587157
protein_0010,protein_0285,0.4827586206896552
protein_0010,protein_0286,0.1702127659574468
protein_0010,protein_0287,0.23148148148148148
protein_0010,protein_0288,0.2988505747126437
protein_0010,protein_0289,0.12643678160919541
protein_0010,protein_0290,0.14705882352941177
protein_0010,protein_0292,0.16853932584269662
protein_0010,protein_0293,0.21739130434782608
protein_0010,protein_0294,0.2413793103448276
protein_0010,protein_0295,0.1595744680851064
protein_0010,protein_0296,0.1415929203539823
protein_0010,protein_0297,0.15217391304347827
protein_0010,protein_0298,0.14444444444444443
protein_0010,protein_0299,0.18947368421052632
protein_0010,protein_0300,0.15306122448979592
protein_0010,protein_0301,0.15306122448979592
protein_0010,protein_0302,0.11059907834101383
protein_0010,protein_0303,0.2696629213483146
protein_0010,protein_0304,0.15384615384615385
protein_0010,protein_0305,0.16091954022988506
protein_0010,protein_0306,0.14960629921259844
protein_0010,protein_0308,0.15966386554621848
protein_0010,protein_0309,0.16666666666666666
protein_0010,protein_0310,0.19230769230769232
protein_0010,protein_0312,0.367816091954023
protein_0010,protein_0313,0.21839080459770116
protein_0010,protein_0314,0.10679611650485436
protein_0010,protein_0315,0.14516129032258066
protein_0010,protein_0317,0.14
protein_0010,protein_0318,0.14912280701754385
protein_0010,protein_0319,0.4942528735632184
protein_0010,protein_0320,0.28735632183908044
protein_0010,protein_0321,0.23333333333333334
protein_0010,protein_0322,0.2413793103448276
protein_0010,protein_0323,0.3
protein_0010,protein_0324,0.1590909090909091
protein_0010,protein_0325,0.16
protein_0010,protein_0326,0.17045454545454544
protein_0010,protein_0327,0.3068181818181818
protein_0010,protein_0328,0.1724137931034483
protein_0010,protein_0329,0.1724137931034483
protein_0010,protein_0330,0.4725274725274725
protein_0010,protein_0331,0.1595744680851064
protein_0010,protein_0334,0.2631578947368421
protein_0010,protein_0335,0.09345794392523364
protein_0010,protein_0336,0.1724137931034483
protein_0010,protein_0337,0.39080459770114945
protein_0010,protein_0338,0.27586206896551724
protein_0010,protein_0339,0.14606741573033707
protein_0010,protein_0340,0.175
protein_0010,protein_0341,0.2549019607843137
protein_0010,protein_0342,0.11827956989247312
protein_0010,protein_0343,0.13186813186813187
protein_0010,protein_0344,0.3409090909090909
protein_0010,protein_0345,0.15079365079365079
protein_0010,protein_0346,0.15079365079365079
protein_0010,protein_0348,0.14960629921259844
protein_0010,protein_0349,0.16822429906542055
protein_0010,protein_0350,0.3218390804597701
protein_0010,protein_0352,0.14444444444444443
protein_0010,protein_0353,0.17699115044247787
protein_0010,protein_0354,0.2553191489361702
protein_0010,protein_0355,0.3793103448275862
protein_0010,protein_0356,0.15555555555555556
protein_0010,protein_0357,0.14634146341463414
protein_0010,protein_0358,0.3218390804597701
protein_0010,protein_0359,0.13008130081300814
protein_0010,protein_0360,0.29347826086956524
protein_0010,protein_0361,0.1746031746031746
protein_0010,protein_0362,0.2967032967032967
protein_0010,protein_0364,0.2727272727272727
protein_0010,protein_0365,0.23595505617977527
protein_0010,protein_0366,0.2247191011235955
protein_0010,protein_0367,0.18269230769230768
protein_0010,protein_0368,0.14444444444444443
protein_0010,protein_0369,0.10227272727272728
protein_0010,protein_0370,0.3409090909090909
protein_0010,protein_0371,0.25287356321839083
protein_0010,protein_0372,0.13302752293577982
protein_0010,protein_0373,0.09322033898305085
protein_0010,protein_0374,0.18181818181818182
protein_0010,protein_0375,0.2988505747126437
protein_0010,protein_0376,0.23076923076923078
protein_0010,protein_0377,0.26436781609195403
protein_0010,protein_0378,0.15702479338842976
protein_0010,protein_0379,0.20408163265306123
protein_0010,protein_0380,0.20408163265306123
protein_0010,protein_0381,0.20408163265306123
protein_0010,protein_0382,0.20689655172413793
protein_0010,protein_0383,0.16129032258064516
protein_0010,protein_0384,0.32954545454545453
protein_0010,protein_0385,0.1346153846153846
protein_0010,protein_0386,0.1568627450980392
protein_0010,protein_0387,0.15126050420168066
protein_0010,protein_0388,0.15555555555555556
protein_0010,protein_0389,0.14942528735632185
protein_0010,protein_0390,0.8390804597701149
protein_0010,protein_0391,0.1958762886597938
protein_0010,protein_0392,0.2988505747126437
protein_0010,protein_0393,0.2988505747126437
protein_0010,protein_0394,0.10434782608695652
protein_0010,protein_0395,0.27956989247311825
protein_0010,protein_0396,0.15789473684210525
protein_0010,protein_0397,0.32608695652173914
protein_0010,protein_0399,0.3448275862068966
protein_0017,protein_0000,0.18382352941176472
protein_0017,protein_0001,0.1171875
protein_0017,protein_0002,0.140625
protein_0017,protein_0003,0.11363636363636363
protein_0017,protein_0004,0.15862068965517243
protein_0017,protein_0005,0.1328125
protein_0017,protein_0007,0.1450381679389313
protein_0017,protein_0008,0.15714285714285714
protein_0017,protein_0009,0.14492753623188406
protein_0017,protein_0011,0.1015625
protein_0017,protein_0012,0.15384615384615385
protein_0017,protein_0013,0.08208955223880597
protein_0017,protein_0014,0.15625
protein_0017,protein_0015,0.1450381679389313
protein_0017,protein_0016,0.1223021582733813
protein_0017,protein_0018,0.19852941176470587
protein_0017,protein_0019,0.140625
protein_0017,protein_0020,0.1171875
protein_0017,protein_0021,0.15625
protein_0017,protein_0022,0.1450381679389313
protein_0017,protein_0023,0.140625
protein_0017,protein_0025,0.1484375
protein_0017,protein_0026,0.36153846153846153
protein_0017,protein_0027,0.16058394160583941
protein_0017,protein_0028,0.16923076923076924
protein_0017,protein_0029,0.13846153846153847
protein_0017,protein_0030,0.2028985507246377
protein_0017,protein_0031,0.19230769230769232
protein_0017,protein_0032,0.13768115942028986
protein_0017,protein_0033,0.1171875
protein_0017,protein_0034,0.15503875968992248
protein_0017,protein_0035,0.15267175572519084
protein_0017,protein_0037,0.1323529411764706
protein_0017,protein_0038,0.1323529411764706
protein_0017,protein_0039,0.13768115942028986
protein_0017,protein_0040,0.1015625
protein_0017,protein_0041,0.15217391304347827
protein_0017,protein_0042,0.13740458015267176
protein_0017,protein_0043,0.13533834586466165
protein_0017,protein_0044,0.16541353383458646
protein_0017,protein_0045,0.183206106870229
protein_0017,protein_0046,0.1450381679389313
protein_0017,protein_0047,0.17054263565891473
protein_0017,protein_0048,0.16279069767441862
protein_0017,protein_0049,0.15503875968992248
protein_0017,protein_0050,0.10869565217391304
protein_0017,protein_0051,0.1297709923664122
protein_0017,protein_0052,0.10606060606060606
protein_0017,protein_0053,0.13846153846153847
protein_0017,protein_0054,0.13138686131386862
protein_0017,protein_0055,0.16083916083916083
protein_0017,protein_0056,0.14615384615384616
protein_0017,protein_0057,0.1450381679389313
protein_0017,protein_0058,0.11428571428571428
protein_0017,protein_0060,0.13178294573643412
protein_0017,protein_0061,0.1328125
protein_0017,protein_0062,0.13953488372093023
protein_0017,protein_0063,0.1261682242990654
protein_0017,protein_0064,0.16030534351145037
protein_0017,protein_0065,0.15503875968992248
protein_0017,protein_0066,0.13043478260869565
protein_0017,protein_0067,0.13768115942028986
protein_0017,protein_0068,0.12403100775193798
protein_0017,protein_0069,0.13793103448275862
protein_0017,protein_0070,0.12307692307692308
protein_0017,protein_0071,0.15328467153284672
protein_0017,protein_0072,0.13636363636363635
protein_0017,protein_0073,0.13740458015267176
protein_0017,protein_0074,0.12307692307692308
protein_0017,protein_0075,0.13953488372093023
protein_0017,protein_0076,0.125
protein_0017,protein_0077,0.1015625
protein_0017,protein_0078,0.15625
protein_0017,protein_0079,0.15625
protein_0017,protein_0080,0.16666666666666666
protein_0017,protein_0082,0.15714285714285714
protein_0017,protein_0083,0.17037037037037037
protein_0017,protein_0084,0.13953488372093023
protein_0017,protein_0085,0.1702127659574468
protein_0017,protein_0086,0.14184397163120568
protein_0017,protein_0087,0.1171875
protein_0017,protein_0088,0.18604651162790697
protein_0017,protein_0089,0.21739130434782608
protein_0017,protein_0090,0.2206896551724138
protein_0017,protein_0091,0.18115942028985507
protein_0017,protein_0092,0.18115942028985507
protein_0017,protein_0093,0.13768115942028986
protein_0017,protein_0094,0.14285714285714285
protein_0017,protein_0095,0.21379310344827587
protein_0017,protein_0096,0.16153846153846155
protein_0017,protein_0097,0.1328125
protein_0017,protein_0098,0.15602836879432624
protein_0017,protein_0099,0.17692307692307693
protein_0017,protein_0100,0.140625
protein_0017,protein_0101,0.13740458015267176
protein_0017,protein_0102,0.21875
protein_0017,protein_0104,0.16993464052287582
protein_0017,protein_0105,0.125
protein_0017,protein_0106,0.1619718309859155
protein_0017,protein_0107,0.12781954887218044
protein_0017,protein_0108,0.16923076923076924
protein_0017,protein_0110,0.17037037037037037
protein_0017,protein_0112,0.12213740458015267
protein_0017,protein_0113,0.10852713178294573
protein_0017,protein_0114,0.16030534351145037
protein_0017,protein_0115,0.12403100775193798
protein_0017,protein_0116,0.16666666666666666
protein_0017,protein_0117,0.16666666666666666
protein_0017,protein_0118,0.1417910447761194
protein_0017,protein_0120,0.11627906976744186
protein_0017,protein_0121,0.11627906976744186
protein_0017,protein_0122,0.15328467153284672
protein_0017,protein_0123,0.1171875
protein_0017,protein_0124,0.12403100775193798
protein_0017,protein_0125,0.12121212121212122
protein_0017,protein_0126,0.140625
protein_0017,protein_0127,0.15384615384615385
protein_0017,protein_0128,0.09923664122137404
protein_0017,protein_0129,0.0859375
protein_0017,protein_0130,0.17985611510791366
protein_0017,protein_0131,0.140625
protein_0017,protein_0132,0.13768115942028986
protein_0017,protein_0133,0.13768115942028986
protein_0017,protein_0134,0.140625
protein_0017,protein_0135,0.12403100775193798
protein_0017,protein_0136,0.17518248175182483
protein_0017,protein_0137,0.15827338129496402
protein_0017,protein_0138,0.15827338129496402
protein_0017,protein_0140,0.17692307692307693
protein_0017,protein_0141,0.1323529411764706
protein_0017,protein_0142,0.1388888888888889
protein_0017,protein_0143,0.1366906474820144
protein_0017,protein_0144,0.1328125
protein_0017,protein_0146,0.0859375
protein_0017,protein_0147,0.15827338129496402
protein_0017,protein_0148,0.15328467153284672
protein_0017,protein_0149,0.13533834586466165
protein_0017,protein_0151,0.171875
protein_0017,protein_0152,0.1640625
protein_0017,protein_0153,0.1796875
protein_0017,protein_0154,0.17054263565891473
protein_0017,protein_0156,0.14705882352941177
protein_0017,protein_0158,0.125
protein_0017,protein_0159,0.14814814814814814
protein_0017,protein_0160,0.1171875
protein_0017,protein_0161,0.1836734693877551
protein_0017,protein_0162,0.13953488372093023
protein_0017,protein_0163,0.13333333333333333
protein_0017,protein_0164,0.12121212121212122
protein_0017,protein_0166,0.14285714285714285
protein_0017,protein_0168,0.1937984496124031
protein_0017,protein_0169,0.17333333333333334
protein_0017,protein_0170,0.13636363636363635
protein_0017,protein_0171,0.1328125
protein_0017,protein_0172,0.18309859154929578
protein_0017,protein_0173,0.15503875968992248
protein_0017,protein_0174,0.1328125
protein_0017,protein_0176,0.12403100775193798
protein_0017,protein_0178,0.14666666666666667
protein_0017,protein_0179,0.14666666666666667
protein_0017,protein_0180,0.17293233082706766
protein_0017,protein_0181,0.13768115942028986
protein_0017,protein_0182,0.125
protein_0017,protein_0183,0.10852713178294573
protein_0017,protein_0184,0.109375
protein_0017,protein_0185,0.16541353383458646
protein_0017,protein_0186,0.11940298507462686
protein_0017,protein_0187,0.13178294573643412
protein_0017,protein_0188,0.1484375
protein_0017,protein_0189,0.1640625
protein_0017,protein_0190,0.1527777777777778
protein_0017,protein_0191,0.13138686131386862
protein_0017,protein_0193,0.17164179104477612
protein_0017,protein_0195,0.17054263565891473
protein_0017,protein_0197,0.13953488372093023
protein_0017,protein_0198,0.15172413793103448
protein_0017,protein_0199,0.1796875
protein_0017,protein_0200,0.15942028985507245
protein_0017,protein_0201,0.13333333333333333
protein_0017,protein_0202,0.13380281690140844
protein_0017,protein_0203,0.13380281690140844
protein_0017,protein_0204,0.1171875
protein_0017,protein_0205,0.11981566820276497
protein_0017,protein_0206,0.14615384615384616
protein_0017,protein_0207,0.16083916083916083
protein_0017,protein_0208,0.1702127659574468
protein_0017,protein_0209,0.17293233082706766
protein_0017,protein_0210,0.16666666666666666
protein_0017,protein_0211,0.17164179104477612
protein_0017,protein_0212,0.125
protein_0017,protein_0213,0.17777777777777778
protein_0017,protein_0214,0.13178294573643412
protein_0017,protein_0215,0.12307692307692308
protein_0017,protein_0216,0.11538461538461539
protein_0017,protein_0217,0.13178294573643412
protein_0017,protein_0219,0.1836734693877551
protein_0017,protein_0220,0.11363636363636363
protein_0017,protein_0221,0.08695652173913043
protein_0017,protein_0222,0.15503875968992248
protein_0017,protein_0223,0.1
protein_0017,protein_0224,0.1328125
protein_0017,protein_0225,0.16417910447761194
protein_0017,protein_0226,0.13076923076923078
protein_0017,protein_0227,0.1328125
protein_0017,protein_0228,0.15503875968992248
protein_0017,protein_0230,0.1450381679389313
protein_0017,protein_0231,0.140625
protein_0017,protein_0232,0.1328125
protein_0017,protein_0233,0.359375
protein_0017,protein_0234,0.1590909090909091
protein_0017,protein_0235,0.15503875968992248
protein_0017,protein_0236,0.16560509554140126
protein_0017,protein_0237,0.16560509554140126
protein_0017,protein_0238,0.15492957746478872
protein_0017,protein_0239,0.125
protein_0017,protein_0240,0.12408759124087591
protein_0017,protein_0241,0.1171875
protein_0017,protein_0242,0.1484375
protein_0017,protein_0243,0.11627906976744186
protein_0017,protein_0244,0.15384615384615385
protein_0017,protein_0246,0.13636363636363635
protein_0017,protein_0247,0.15625
protein_0017,protein_0248,0.12408759124087591
protein_0017,protein_0249,0.11363636363636363
protein_0017,protein_0250,0.13636363636363635
protein_0017,protein_0251,0.0962962962962963
protein_0017,protein_0252,0.140625
protein_0017,protein_0253,0.15217391304347827
protein_0017,protein_0254,0.125
protein_0017,protein_0255,0.1724137931034483
protein_0017,protein_0256,0.16541353383458646
protein_0017,protein_0257,0.17293233082706766
protein_0017,protein_0259,0.15625
protein_0017,protein_0260,0.15625
protein_0017,protein_0261,0.12781954887218044
protein_0017,protein_0262,0.5703703703703704
protein_0017,protein_0263,0.36764705882352944
protein_0017,protein_0264,0.15384615384615385
protein_0017,protein_0266,0.1328125
protein_0017,protein_0267,0.14492753623188406
protein_0017,protein_0268,0.1417910447761194
protein_0017,protein_0269,0.20567375886524822
protein_0017,protein_0270,0.1171875
protein_0017,protein_0271,0.12213740458015267
protein_0017,protein_0272,0.171875
protein_0017,protein_0273,0.16417910447761194
protein_0017,protein_0274,0.16923076923076924
protein_0017,protein_0276,0.17164179104477612
protein_0017,protein_0277,0.125
protein_0017,protein_0278,0.12403100775193798
protein_0017,protein_0279,0.13953488372093023
protein_0017,protein_0280,0.12213740458015267
protein_0017,protein_0281,0.15384615384615385
protein_0017,protein_0282,0.15037593984962405
protein_0017,protein_0283,0.18181818181818182
protein_0017,protein_0285,0.15555555555555556
protein_0017,protein_0286,0.140625
protein_0017,protein_0287,0.14492753623188406
protein_0017,protein_0288,0.14728682170542637
protein_0017,protein_0289,0.11627906976744186
protein_0017,protein_0290,0.14814814814814814
protein_0017,protein_0292,0.12878787878787878
protein_0017,protein_0293,0.16153846153846155
protein_0017,protein_0294,0.1640625
protein_0017,protein_0295,0.1450381679389313
protein_0017,protein_0296,0.152317880794702
protein_0017,protein_0297,0.13333333333333333
protein_0017,protein_0298,0.109375
protein_0017,protein_0299,0.15267175572519084
protein_0017,protein_0300,0.13076923076923078
protein_0017,protein_0301,0.13076923076923078
protein_0017,protein_0302,0.13777777777777778
protein_0017,protein_0303,0.1328125
protein_0017,protein_0304,0.12307692307692308
protein_0017,protein_0305,0.1510791366906475
protein_0017,protein_0306,0.16083916083916083
protein_0017,protein_0308,0.17880794701986755
protein_0017,protein_0309,0.140625
protein_0017,protein_0310,0.14728682170542637
protein_0017,protein_0312,0.140625
protein_0017,protein_0313,0.1893939393939394
protein_0017,protein_0314,0.125
protein_0017,protein_0315,0.17266187050359713
protein_0017,protein_0317,0.13953488372093023
protein_0017,protein_0318,0.15384615384615385
protein_0017,protein_0319,0.11940298507462686
protein_0017,protein_0320,0.1328125
protein_0017,protein_0321,0.15625
protein_0017,protein_0322,0.12307692307692308
protein_0017,protein_0323,0.1328125
protein_0017,protein_0324,0.10852713178294573
protein_0017,protein_0325,0.1897810218978102
protein_0017,protein_0326,0.11450381679389313
protein_0017,protein_0327,0.16541353383458646
protein_0017,protein_0328,0.1328125
protein_0017,protein_0329,0.1328125
protein_0017,protein_0330,0.125
protein_0017,protein_0331,0.15384615384615385
protein_0017,protein_0334,0.17037037037037037
protein_0017,protein_0335,0.1
protein_0017,protein_0336,0.1328125
protein_0017,protein_0337,0.1640625
protein_0017,protein_0338,0.1276595744680851
protein_0017,protein_0339,0.1640625
protein_0017,protein_0340,0.14492753623188406
protein_0017,protein_0341,0.15217391304347827
protein_0017,protein_0342,0.11627906976744186
protein_0017,protein_0343,0.12307692307692308
protein_0017,protein_0344,0.09230769230769231
protein_0017,protein_0345,0.14184397163120568
protein_0017,protein_0346,0.14184397163120568
protein_0017,protein_0348,0.13333333333333333
protein_0017,protein_0349,0.12408759124087591
protein_0017,protein_0350,0.10077519379844961
protein_0017,protein_0352,0.11450381679389313
protein_0017,protein_0353,0.1736111111111111
protein_0017,protein_0354,0.13533834586466165
protein_0017,protein_0355,0.1640625
protein_0017,protein_0356,0.1328125
protein_0017,protein_0357,0.14492753623188406
protein_0017,protein_0358,0.1
protein_0017,protein_0359,0.16783216783216784
protein_0017,protein_0360,0.14728682170542637
protein_0017,protein_0361,0.13071895424836602
protein_0017,protein_0362,0.2
protein_0017,protein_0364,0.19230769230769232
protein_0017,protein_0365,0.1328125
protein_0017,protein_0366,0.1328125
protein_0017,protein_0367,0.14393939393939395
protein_0017,protein_0368,0.14728682170542637
protein_0017,protein_0369,0.125
protein_0017,protein_0370,0.09230769230769231
protein_0017,protein_0371,0.14492753623188406
protein_0017,protein_0372,0.15384615384615385
protein_0017,protein_0373,0.14285714285714285
protein_0017,protein_0374,0.13071895424836602
protein_0017,protein_0375,0.15384615384615385
protein_0017,protein_0376,0.13076923076923078
protein_0017,protein_0377,0.13953488372093023
protein_0017,protein_0378,0.15602836879432624
protein_0017,protein_0379,0.11627906976744186
protein_0017,protein_0380,0.11627906976744186
protein_0017,protein_0381,0.11627906976744186
protein_0017,protein_0382,0.16666666666666666
protein_0017,protein_0383,0.140625
protein_0017,protein_0384,0.14285714285714285
protein_0017,protein_0385,0.1232876712328767
protein_0017,protein_0386,0.20300751879699247
protein_0017,protein_0387,0.13076923076923078
protein_0017,protein_0388,0.1171875
protein_0017,protein_0389,0.1171875
protein_0017,protein_0390,0.13636363636363635
protein_0017,protein_0391,0.140625
protein_0017,protein_0392,0.14285714285714285
protein_0017,protein_0393,0.14285714285714285
protein_0017,protein_0394,0.16901408450704225
protein_0017,protein_0395,0.14925373134328357
protein_0017,protein_0396,0.14705882352941177
protein_0017,protein_0397,0.15267175572519084
protein_0017,protein_0399,0.18796992481203006
protein_0024,protein_0000,0.1774193548387097
protein_0024,protein_0001,0.13675213675213677
protein_0024,protein_0002,0.10743801652892562
protein_0024,protein_0003,0.11965811965811966
protein_0024,protein_0004,0.11965811965811966
protein_0024,protein_0005,0.15384615384615385
protein_0024,protein_0007,0.15254237288135594
protein_0024,protein_0008,0.15
protein_0024,protein_0009,0.18181818181818182
protein_0024,protein_0011,0.1092436974789916
protein_0024,protein_0012,0.1076923076923077
protein_0024,protein_0013,0.1440677966101695
protein_0024,protein_0014,0.2
protein_0024,protein_0015,0.16260162601626016
protein_0024,protein_0016,0.14615384615384616
protein_0024,protein_0018,0.1452991452991453
protein_0024,protein_0019,0.13675213675213677
protein_0024,protein_0020,0.16296296296296298
protein_0024,protein_0021,0.1440677966101695
protein_0024,protein_0022,0.1322314049586777
protein_0024,protein_0023,0.14393939393939395
protein_0024,protein_0025,0.17424242424242425
protein_0024,protein_0026,0.13986013986013987
protein_0024,protein_0027,0.1322314049586777
protein_0024,protein_0028,0.08
protein_0024,protein_0029,0.13675213675213677
protein_0024,protein_0030,0.3359375
protein_0024,protein_0031,0.17355371900826447
protein_0024,protein_0032,0.14285714285714285
protein_0024,protein_0033,0.14705882352941177
protein_0024,protein_0034,0.09230769230769231
protein_0024,protein_0035,0.4358974358974359
protein_0024,protein_0037,0.145985401459854
protein_0024,protein_0038,0.145985401459854
protein_0024,protein_0039,0.18181818181818182
protein_0024,protein_0040,0.15384615384615385
protein_0024,protein_0041,0.152
protein_0024,protein_0042,0.10256410256410256
protein_0024,protein_0043,0.104
protein_0024,protein_0044,0.13333333333333333
protein_0024,protein_0045,0.16153846153846155
protein_0024,protein_0046,0.16101694915254236
protein_0024,protein_0047,0.13008130081300814
protein_0024,protein_0048,0.15267175572519084
protein_0024,protein_0049,0.13385826771653545
protein_0024,protein_0050,0.12096774193548387
protein_0024,protein_0051,0.1440677966101695
protein_0024,protein_0052,0.12
protein_0024,protein_0053,0.1271186440677966
protein_0024,protein_0054,0.4330708661417323
protein_0024,protein_0055,0.46153846153846156
protein_0024,protein_0056,0.11842105263157894
protein_0024,protein_0057,0.16101694915254236
protein_0024,protein_0058,0.1794871794871795
protein_0024,protein_0060,0.1721311475409836
protein_0024,protein_0061,0.1721311475409836
protein_0024,protein_0062,0.13675213675213677
protein_0024,protein_0063,0.15
protein_0024,protein_0064,0.14049586776859505
protein_0024,protein_0065,0.15441176470588236
protein_0024,protein_0066,0.1693548387096774
protein_0024,protein_0067,0.14393939393939395
protein_0024,protein_0068,0.16129032258064516
protein_0024,protein_0069,0.1885245901639344
protein_0024,protein_0070,0.15702479338842976
protein_0024,protein_0071,0.13636363636363635
protein_0024,protein_0072,0.10084033613445378
protein_0024,protein_0073,0.10569105691056911
protein_0024,protein_0074,0.12295081967213115
protein_0024,protein_0075,0.1171875
protein_0024,protein_0076,0.11864406779661017
protein_0024,protein_0077,0.14166666666666666
protein_0024,protein_0078,0.1889763779527559
protein_0024,protein_0079,0.1889763779527559
protein_0024,protein_0080,0.13675213675213677
protein_0024,protein_0082,0.1875
protein_0024,protein_0083,0.11278195488721804
protein_0024,protein_0084,0.13559322033898305
protein_0024,protein_0085,0.20610687022900764
protein_0024,protein_0086,0.20454545454545456
protein_0024,protein_0087,0.11965811965811966
protein_0024,protein_0088,0.16153846153846155
protein_0024,protein_0089,0.1487603305785124
protein_0024,protein_0090,0.1487603305785124
protein_0024,protein_0091,0.14788732394366197
protein_0024,protein_0092,0.14788732394366197
protein_0024,protein_0093,0.15151515151515152
protein_0024,protein_0094,0.3559322033898305
protein_0024,protein_0095,0.168
protein_0024,protein_0096,0.11382113821138211
protein_0024,protein_0097,0.13953488372093023
protein_0024,protein_0098,0.13675213675213677
protein_0024,protein_0099,0.13533834586466165
protein_0024,protein_0100,0.1623931623931624
protein_0024,protein_0101,0.11382113821138211
protein_0024,protein_0102,0.1111111111111111
protein_0024,protein_0104,0.6495726495726496
protein_0024,protein_0105,0.1452991452991453
protein_0024,protein_0106,0.13385826771653545
protein_0024,protein_0107,0.144
protein_0024,protein_0108,0.14173228346456693
protein_0024,protein_0110,0.12605042016806722
protein_0024,protein_0112,0.14634146341463414
protein_0024,protein_0113,0.11764705882352941
protein_0024,protein_0114,0.1417910447761194
protein_0024,protein_0115,0.15702479338842976
protein_0024,protein_0116,0.1328125
protein_0024,protein_0117,0.1328125
protein_0024,protein_0118,0.1452991452991453
protein_0024,protein_0120,0.13636363636363635
protein_0024,protein_0121,0.13636363636363635
protein_0024,protein_0122,0.1532258064516129
protein_0024,protein_0123,0.08264462809917356
protein_0024,protein_0124,0.12307692307692308
protein_0024,protein_0125,0.16666666666666666
protein_0024,protein_0126,0.1417910447761194
protein_0024,protein_0127,0.140625
protein_0024,protein_0128,0.13445378151260504
protein_0024,protein_0129,0.176
protein_0024,protein_0130,0.14049586776859505
protein_0024,protein_0131,0.08547008547008547
protein_0024,protein_0132,0.13636363636363635
protein_0024,protein_0133,0.13636363636363635
protein_0024,protein_0134,0.11965811965811966
protein_0024,protein_0135,0.17073170731707318
protein_0024,protein_0136,0.42016806722689076
protein_0024,protein_0137,0.3951612903225806
protein_0024,protein_0138,0.3951612903225806
protein_0024,protein_0140,0.15
protein_0024,protein_0141,0.168
protein_0024,protein_0142,0.16393442622950818
protein_0024,protein_0143,0.17355371900826447
protein_0024,protein_0144,0.13675213675213677
protein_0024,protein_0146,0.11965811965811966
protein_0024,protein_0147,0.14285714285714285
protein_0024,protein_0148,0.14960629921259844
protein_0024,protein_0149,0.13559322033898305
protein_0024,protein_0151,0.16666666666666666
protein_0024,protein_0152,0.15384615384615385
protein_0024,protein_0153,0.1652892561983471
protein_0024,protein_0154,0.1452991452991453
protein_0024,protein_0156,0.2542372881355932
protein_0024,protein_0158,0.13675213675213677
protein_0024,protein_0159,0.14166666666666666
protein_0024,protein_0160,0.15126050420168066
protein_0024,protein_0161,0.3333333333333333
protein_0024,protein_0162,0.16129032258064516
protein_0024,protein_0163,0.15126050420168066
protein_0024,protein_0164,0.1452991452991453
protein_0024,protein_0166,0.15384615384615385
protein_0024,protein_0168,0.14634146341463414
protein_0024,protein_0169,0.358974358974359
protein_0024,protein_0170,0.1452991452991453
protein_0024,protein_0171,0.1532258064516129
protein_0024,protein_0172,0.5555555555555556
protein_0024,protein_0173,0.15151515151515152
protein_0024,protein_0174,0.13333333333333333
protein_0024,protein_0176,0.1282051282051282
protein_0024,protein_0178,0.3305084745762712
protein_0024,protein_0179,0.35294117647058826
protein_0024,protein_0180,0.1791044776119403
protein_0024,protein_0181,0.14285714285714285
protein_0024,protein_0182,0.16535433070866143
protein_0024,protein_0183,0.1532258064516129
protein_0024,protein_0184,0.12605042016806722
protein_0024,protein_0185,0.125
protein_0024,protein_0186,0.1774193548387097
protein_0024,protein_0187,0.1282051282051282
protein_0024,protein_0188,0.1282051282051282
protein_0024,protein_0189,0.14285714285714285
protein_0024,protein_0190,0.15267175572519084
protein_0024,protein_0191,0.128
protein_0024,protein_0193,0.15384615384615385
protein_0024,protein_0195,0.1282051282051282
protein_0024,protein_0197,0.13076923076923078
protein_0024,protein_0198,0.11965811965811966
protein_0024,protein_0199,0.15789473684210525
protein_0024,protein_0200,0.09322033898305085
protein_0024,protein_0201,0.15126050420168066
protein_0024,protein_0202,0.14173228346456693
protein_0024,protein_0203,0.452991452991453
protein_0024,protein_0204,0.1282051282051282
protein_0024,protein_0205,0.12796208530805686
protein_0024,protein_0206,0.11538461538461539
protein_0024,protein_0207,0.635593220338983
protein_0024,protein_0208,0.152
protein_0024,protein_0209,0.11666666666666667
protein_0024,protein_0210,0.15384615384615385
protein_0024,protein_0211,0.14634146341463414
protein_0024,protein_0212,0.11965811965811966
protein_0024,protein_0213,0.16541353383458646
protein_0024,protein_0214,0.17094017094017094
protein_0024,protein_0215,0.11965811965811966
protein_0024,protein_0216,0.13559322033898305
protein_0024,protein_0217,0.1111111111111111
protein_0024,protein_0219,0.3064516129032258
protein_0024,protein_0220,0.1557377049180328
protein_0024,protein_0221,0.10833333333333334
protein_0024,protein_0222,0.1349206349206349
protein_0024,protein_0223,0.1111111111111111
protein_0024,protein_0224,0.15254237288135594
protein_0024,protein_0225,0.11016949152542373
protein_0024,protein_0226,0.12605042016806722
protein_0024,protein_0227,0.11965811965811966
protein_0024,protein_0228,0.12
protein_0024,protein_0230,0.11965811965811966
protein_0024,protein_0231,0.12
protein_0024,protein_0232,0.1452991452991453
protein_0024,protein_0233,0.11678832116788321
protein_0024,protein_0234,0.1693548387096774
protein_0024,protein_0235,0.17886178861788618
protein_0024,protein_0236,0.1092436974789916
protein_0024,protein_0237,0.1092436974789916
protein_0024,protein_0238,0.18439716312056736
protein_0024,protein_0239,0.12307692307692308
protein_0024,protein_0240,0.1111111111111111
protein_0024,protein_0241,0.13076923076923078
protein_0024,protein_0242,0.13675213675213677
protein_0024,protein_0243,0.13846153846153847
protein_0024,protein_0244,0.15748031496062992
protein_0024,protein_0246,0.16393442622950818
protein_0024,protein_0247,0.15254237288135594
protein_0024,protein_0248,0.16129032258064516
protein_0024,protein_0249,0.14615384615384616
protein_0024,protein_0250,0.144
protein_0024,protein_0251,0.15384615384615385
protein_0024,protein_0252,0.10655737704918032
protein_0024,protein_0253,0.11570247933884298
protein_0024,protein_0254,0.11764705882352941
protein_0024,protein_0255,0.13953488372093023
protein_0024,protein_0256,0.3559322033898305
protein_0024,protein_0257,0.3389830508474576
protein_0024,protein_0259,0.15384615384615385
protein_0024,protein_0260,0.15384615384615385
protein_0024,protein_0261,0.18253968253968253
protein_0024,protein_0262,0.1564625850340136
protein_0024,protein_0263,0.0958904109589041
protein_0024,protein_0264,0.14173228346456693
protein_0024,protein_0266,0.11864406779661017
protein_0024,protein_0267,0.14049586776859505
protein_0024,protein_0268,0.14516129032258066
protein_0024,protein_0269,0.3790322580645161
protein_0024,protein_0270,0.1322314049586777
protein_0024,protein_0271,0.1111111111111111
protein_0024,protein_0272,0.14743589743589744
protein_0024,protein_0273,0.14743589743589744
protein_0024,protein_0274,0.15151515151515152
protein_0024,protein_0276,0.12307692307692308
protein_0024,protein_0277,0.11864406779661017
protein_0024,protein_0278,0.11023622047244094
protein_0024,protein_0279,0.14285714285714285
protein_0024,protein_0280,0.1487603305785124
protein_0024,protein_0281,0.11888111888111888
protein_0024,protein_0282,0.15254237288135594
protein_0024,protein_0283,0.0958904109589041
protein_0024,protein_0285,0.1623931623931624
protein_0024,protein_0286,0.16260162601626016
protein_0024,protein_0287,0.14173228346456693
protein_0024,protein_0288,0.15447154471544716
protein_0024,protein_0289,0.1282051282051282
protein_0024,protein_0290,0.152
protein_0024,protein_0292,0.1623931623931624
protein_0024,protein_0293,0.17424242424242425
protein_0024,protein_0294,0.14705882352941177
protein_0024,protein_0295,0.1282051282051282
protein_0024,protein_0296,0.3504273504273504
protein_0024,protein_0297,0.15126050420168066
protein_0024,protein_0298,0.1282051282051282
protein_0024,protein_0299,0.17073170731707318
protein_0024,protein_0300,0.10569105691056911
protein_0024,protein_0301,0.11570247933884298
protein_0024,protein_0302,0.13122171945701358
protein_0024,protein_0303,0.15873015873015872
protein_0024,protein_0304,0.15254237288135594
protein_0024,protein_0305,0.136
protein_0024,protein_0306,0.46153846153846156
protein_0024,protein_0308,0.3178294573643411
protein_0024,protein_0309,0.13445378151260504
protein_0024,protein_0310,0.1774193548387097
protein_0024,protein_0312,0.1092436974789916
protein_0024,protein_0313,0.1721311475409836
protein_0024,protein_0314,0.14634146341463414
protein_0024,protein_0315,0.5811965811965812
protein_0024,protein_0317,0.1487603305785124
protein_0024,protein_0318,0.14893617021276595
protein_0024,protein_0319,0.12096774193548387
protein_0024,protein_0320,0.1590909090909091
protein_0024,protein_0321,0.1282051282051282
protein_0024,protein_0322,0.13934426229508196
protein_0024,protein_0323,0.136
protein_0024,protein_0324,0.13675213675213677
protein_0024,protein_0325,0.1323529411764706
protein_0024,protein_0326,0.11965811965811966
protein_0024,protein_0327,0.1452991452991453
protein_0024,protein_0328,0.16129032258064516
protein_0024,protein_0329,0.16129032258064516
protein_0024,protein_0330,0.10084033613445378
protein_0024,protein_0331,0.13675213675213677
protein_0024,protein_0334,0.13114754098360656
protein_0024,protein_0335,0.15966386554621848
protein_0024,protein_0336,0.11965811965811966
protein_0024,protein_0337,0.14285714285714285
protein_0024,protein_0338,0.11570247933884298
protein_0024,protein_0339,0.13675213675213677
protein_0024,protein_0340,0.1487603305785124
protein_0024,protein_0341,0.13846153846153847
protein_0024,protein_0342,0.12
protein_0024,protein_0343,0.14285714285714285
protein_0024,protein_0344,0.1452991452991453
protein_0024,protein_0345,0.12857142857142856
protein_0024,protein_0346,0.12857142857142856
protein_0024,protein_0348,0.3305785123966942
protein_0024,protein_0349,0.1864406779661017
protein_0024,protein_0350,0.13675213675213677
protein_0024,protein_0352,0.1452991452991453
protein_0024,protein_0353,0.14788732394366197
protein_0024,protein_0354,0.13636363636363635
protein_0024,protein_0355,0.14960629921259844
protein_0024,protein_0356,0.1282051282051282
protein_0024,protein_0357,0.26229508196721313
protein_0024,protein_0358,0.1623931623931624
protein_0024,protein_0359,0.35833333333333334
protein_0024,protein_0360,0.144
protein_0024,protein_0361,0.9152542372881356
protein_0024,protein_0362,0.1417910447761194
protein_0024,protein_0364,0.14393939393939395
protein_0024,protein_0365,0.12
protein_0024,protein_0366,0.140625
protein_0024,protein_0367,0.14516129032258066
protein_0024,protein_0368,0.08547008547008547
protein_0024,protein_0369,0.1452991452991453
protein_0024,protein_0370,0.1452991452991453
protein_0024,protein_0371,0.136
protein_0024,protein_0372,0.10091743119266056
protein_0024,protein_0373,0.13333333333333333
protein_0024,protein_0374,0.4700854700854701
protein_0024,protein_0375,0.11904761904761904
protein_0024,protein_0376,0.1532258064516129
protein_0024,protein_0377,0.13114754098360656
protein_0024,protein_0378,0.13953488372093023
protein_0024,protein_0379,0.1532258064516129
protein_0024,protein_0380,0.1532258064516129
protein_0024,protein_0381,0.1532258064516129
protein_0024,protein_0382,0.1721311475409836
protein_0024,protein_0383,0.13675213675213677
protein_0024,protein_0384,0.14173228346456693
protein_0024,protein_0385,0.1532258064516129
protein_0024,protein_0386,0.1532258064516129
protein_0024,protein_0387,0.40336134453781514
protein_0024,protein_0388,0.09401709401709402
protein_0024,protein_0389,0.07563025210084033
protein_0024,protein_0390,0.1590909090909091
protein_0024,protein_0391,0.13445378151260504
protein_0024,protein_0392,0.15966386554621848
protein_0024,protein_0393,0.1590909090909091
protein_0024,protein_0394,0.3140495867768595
protein_0024,protein_0395,0.15384615384615385
protein_0024,protein_0396,0.2857142857142857
protein_0024,protein_0397,0.1640625
protein_0024,protein_0399,0.1510791366906475
protein_0036,protein_0000,0.1839080459770115
protein_0036,protein_0001,0.2469593894493244
protein_0036,protein_0002,0.14634146341463414
protein_0036,protein_0003,0.15217391304347827
protein_0036,protein_0004,0.14942528735632185
protein_0036,protein_0005,0.14942528735632185
protein_0036,protein_0007,0.3049173395738962
protein_0036,protein_0008,0.20202020202020202
protein_0036,protein_0009,0.1724137931034483
protein_0036,protein_0011,0.1724137931034483
protein_0036,protein_0012,0.19767441860465115
protein_0036,protein_0013,0.16883116883116883
protein_0036,protein_0014,0.14657180062589922
protein_0036,protein_0015,0.14
protein_0036,protein_0016,0.1782178217821782
protein_0036,protein_0018,0.14130434782608695
protein_0036,protein_0019,0.27523212674313247
protein_0036,protein_0020,0.16483516483516483
protein_0036,protein_0021,0.15476190476190477
protein_0036,protein_0022,0.16535947712418303
protein_0036,protein_0023,0.13169934640522876
protein_0036,protein_0025,0.1595744680851064
protein_0036,protein_0026,0.13178294573643412
protein_0036,protein_0027,0.1437074829931973
protein_0036,protein_0028,0.13761467889908258
protein_0036,protein_0029,0.381271539194728
protein_0036,protein_0030,0.12605042016806722
protein_0036,protein_0031,0.13131313131313133
protein_0036,protein_0032,0.17391304347826086
protein_0036,protein_0033,0.18181818181818182
protein_0036,protein_0034,0.16853932584269662
protein_0036,protein_0035,0.14285714285714285
protein_0036,protein_0037,0.13837561332080595
protein_0036,protein_0038,0.13837561332080595
protein_0036,protein_0039,0.1724137931034483
protein_0036,protein_0040,0.18571428571428572
protein_0036,protein_0041,0.15730337078651685
protein_0036,protein_0042,0.17647058823529413
protein_0036,protein_0043,0.15053763440860216
protein_0036,protein_0044,0.17894736842105263
protein_0036,protein_0045,0.17582417582417584
protein_0036,protein_0046,0.29586850438508827
protein_0036,protein_0047,0.15053763440860216
protein_0036,protein_0048,0.13829787234042554
protein_0036,protein_0049,0.14942528735632185
protein_0036,protein_0050,0.18181818181818182
protein_0036,protein_0051,0.37804794349605675
protein_0036,protein_0052,0.14772727272727273
protein_0036,protein_0053,0.17045454545454544
protein_0036,protein_0054,0.11864406779661017
protein_0036,protein_0055,0.13675213675213677
protein_0036,protein_0056,0.1411904761904762
protein_0036,protein_0057,0.2999340354998596
protein_0036,protein_0058,0.2191780821917808
protein_0036,protein_0060,0.1659051970302684
protein_0036,protein_0061,0.23863636363636365
protein_0036,protein_0062,0.15217391304347827
protein_0036,protein_0063,0.09389671361502347
protein_0036,protein_0064,0.16853932584269662
protein_0036,protein_0065,0.1717171717171717
protein_0036,protein_0066,0.18627450980392157
protein_0036,protein_0067,0.16279069767441862
protein_0036,protein_0068,0.17045454545454544
protein_0036,protein_0069,0.125
protein_0036,protein_0070,0.14772727272727273
protein_0036,protein_0071,0.14942528735632185
protein_0036,protein_0072,0.3677645451585629
protein_0036,protein_0073,0.1724137931034483
protein_0036,protein_0074,0.18181818181818182
protein_0036,protein_0075,0.11602991712148777
protein_0036,protein_0076,0.1780821917808219
protein_0036,protein_0077,0.19101123595505617
protein_0036,protein_0078,0.1485148514851485
protein_0036,protein_0079,0.1485148514851485
protein_0036,protein_0080,0.125
protein_0036,protein_0082,0.1792452830188679
protein_0036,protein_0083,0.1797752808988764
protein_0036,protein_0084,0.14985344406448461
protein_0036,protein_0085,0.1619047619047619
protein_0036,protein_0086,0.16037735849056603
protein_0036,protein_0087,0.36177248677248675
protein_0036,protein_0088,0.15217391304347827
protein_0036,protein_0089,0.1596394984326019
protein_0036,protein_0090,0.18092463092463093
protein_0036,protein_0091,0.17699115044247787
protein_0036,protein_0092,0.17699115044247787
protein_0036,protein_0093,0.15294117647058825
protein_0036,protein_0094,0.13157894736842105
protein_0036,protein_0095,0.15987460815047022
protein_0036,protein_0096,0.1414141414141414
protein_0036,protein_0097,0.1511627906976744
protein_0036,protein_0098,0.14942528735632185
protein_0036,protein_0099,0.13663620788121073
protein_0036,protein_0100,0.2926139980192241
protein_0036,protein_0101,0.14942528735632185
protein_0036,protein_0102,0.1590909090909091
protein_0036,protein_0104,0.11965811965811966
protein_0036,protein_0105,0.18461538461538463
protein_0036,protein_0106,0.11853448275862069
protein_0036,protein_0107,0.16304347826086957
protein_0036,protein_0108,0.15853658536585366
protein_0036,protein_0110,0.20454545454545456
protein_0036,protein_0112,0.15454545454545454
protein_0036,protein_0113,0.14772727272727273
protein_0036,protein_0114,0.16483516483516483
protein_0036,protein_0115,0.17073170731707318
protein_0036,protein_0116,0.129585326953748
protein_0036,protein_0117,0.129585326953748
protein_0036,protein_0118,0.29187457486241003
protein_0036,protein_0120,0.14942528735632185
protein_0036,protein_0121,0.14942528735632185
protein_0036,protein_0122,0.13928329952670723
protein_0036,protein_0123,0.4033589214949006
protein_0036,protein_0124,0.14942528735632185
protein_0036,protein_0125,0.1836734693877551
protein_0036,protein_0126,0.1414141414141414
protein_0036,protein_0127,0.15384615384615385
protein_0036,protein_0128,0.1839080459770115
protein_0036,protein_0129,0.14942528735632185
protein_0036,protein_0130,0.17183372183372184
protein_0036,protein_0131,0.174455205811138
protein_0036,protein_0132,0.14414414414414414
protein_0036,protein_0133,0.14414414414414414
protein_0036,protein_0134,0.1511627906976744
protein_0036,protein_0135,0.15476190476190477
protein_0036,protein_0136,0.12931034482758622
protein_0036,protein_0137,0.11965811965811966
protein_0036,protein_0138,0.11965811965811966
protein_0036,protein_0140,0.1797752808988764
protein_0036,protein_0141,0.13873626373626374
protein_0036,protein_0142,0.16279069767441862
protein_0036,protein_0143,0.14942528735632185
protein_0036,protein_0144,0.15384615384615385
protein_0036,protein_0146,0.18055555555555555
protein_0036,protein_0147,0.1590909090909091
protein_0036,protein_0148,0.1724137931034483
protein_0036,protein_0149,0.39594456251295873
protein_0036,protein_0151,0.16494845360824742
protein_0036,protein_0152,0.32427145393932233
protein_0036,protein_0153,0.1508036404609421
protein_0036,protein_0154,0.15875449690169416
protein_0036,protein_0156,0.16822429906542055
protein_0036,protein_0158,0.37474272594939556
protein_0036,protein_0159,0.20224719101123595
protein_0036,protein_0160,0.1744186046511628
protein_0036,protein_0161,0.1623931623931624
protein_0036,protein_0162,0.19753086419753085
protein_0036,protein_0163,0.2079207920792079
protein_0036,protein_0164,0.16091954022988506
protein_0036,protein_0166,0.16091954022988506
protein_0036,protein_0168,0.13681942812377595
protein_0036,protein_0169,0.14655172413793102
protein_0036,protein_0170,0.1951219512195122
protein_0036,protein_0171,0.14942528735632185
protein_0036,protein_0172,0.13675213675213677
protein_0036,protein_0173,0.13793103448275862
protein_0036,protein_0174,0.1839080459770115
protein_0036,protein_0176,0.28367290531469636
protein_0036,protein_0178,0.1415929203539823
protein_0036,protein_0179,0.1415929203539823
protein_0036,protein_0180,0.14942528735632185
protein_0036,protein_0181,0.16091954022988506
protein_0036,protein_0182,0.13636363636363635
protein_0036,protein_0183,0.15151515151515152
protein_0036,protein_0184,0.13793103448275862
protein_0036,protein_0185,0.18947368421052632
protein_0036,protein_0186,0.15151515151515152
protein_0036,protein_0187,0.1839080459770115
protein_0036,protein_0188,0.32666923058017583
protein_0036,protein_0189,0.15555555555555556
protein_0036,protein_0190,0.17777777777777778
protein_0036,protein_0191,0.17045454545454544
protein_0036,protein_0193,0.14942528735632185
protein_0036,protein_0195,0.15463917525773196
protein_0036,protein_0197,0.1744186046511628
protein_0036,protein_0198,0.18888888888888888
protein_0036,protein_0199,0.14285714285714285
protein_0036,protein_0200,0.19318181818181818
protein_0036,protein_0201,0.19047619047619047
protein_0036,protein_0202,0.17777777777777778
protein_0036,protein_0203,0.13559322033898305
protein_0036,protein_0204,0.3627478276412033
protein_0036,protein_0205,0.11374407582938388
protein_0036,protein_0206,0.17777777777777778
protein_0036,protein_0207,0.14166666666666666
protein_0036,protein_0208,0.12719959778783307
protein_0036,protein_0209,0.15053763440860216
protein_0036,protein_0210,0.17647058823529413
protein_0036,protein_0211,0.15746478873239436
protein_0036,protein_0212,0.1527777777777778
protein_0036,protein_0213,0.19318181818181818
protein_0036,protein_0214,0.2153846153846154
protein_0036,protein_0215,0.2
protein_0036,protein_0216,0.18947368421052632
protein_0036,protein_0217,0.1511627906976744
protein_0036,protein_0219,0.13445378151260504
protein_0036,protein_0220,0.16853932584269662
protein_0036,protein_0221,0.23529411764705882
protein_0036,protein_0222,0.16279069767441862
protein_0036,protein_0223,0.1728395061728395
protein_0036,protein_0224,0.237778496377321
protein_0036,protein_0225,0.17073170731707318
protein_0036,protein_0226,0.1595744680851064
protein_0036,protein_0227,0.19444444444444445
protein_0036,protein_0228,0.14757347915242652
protein_0036,protein_0230,0.18181818181818182
protein_0036,protein_0231,0.14772727272727273
protein_0036,protein_0232,0.3914925876010782
protein_0036,protein_0233,0.15748031496062992
protein_0036,protein_0234,0.16
protein_0036,protein_0235,0.13063355798031664
protein_0036,protein_0236,0.13065669962221688
protein_0036,protein_0237,0.13065669962221688
protein_0036,protein_0238,0.1450381679389313
protein_0036,protein_0239,0.18681318681318682
protein_0036,protein_0240,0.1839080459770115
protein_0036,protein_0241,0.1724137931034483
protein_0036,protein_0242,0.3680907442341017
protein_0036,protein_0243,0.18181818181818182
protein_0036,protein_0244,0.14974182444061962
protein_0036,protein_0246,0.17204301075268819
protein_0036,protein_0247,0.1485170495071485
protein_0036,protein_0248,0.16091954022988506
protein_0036,protein_0249,0.1724137931034483
protein_0036,protein_0250,0.13291666666666668
protein_0036,protein_0251,0.19101123595505617
protein_0036,protein_0252,0.1411764705882353
protein_0036,protein_0253,0.1415929203539823
protein_0036,protein_0254,0.15789473684210525
protein_0036,protein_0255,0.11046511627906977
protein_0036,protein_0256,0.15151515151515152
protein_0036,protein_0257,0.1414141414141414
protein_0036,protein_0259,0.34485370950888194
protein_0036,protein_0260,0.34485370950888194
protein_0036,protein_0261,0.1717171717171717
protein_0036,protein_0262,0.1259259259259259
protein_0036,protein_0263,0.125
protein_0036,protein_0264,0.16091954022988506
protein_0036,protein_0266,0.1474910394265233
protein_0036,protein_0267,0.1590909090909091
protein_0036,protein_0268,0.17073170731707318
protein_0036,protein_0269,0.12931034482758622
protein_0036,protein_0270,0.19480519480519481
protein_0036,protein_0271,0.34686541500139423
protein_0036,protein_0272,0.13549257759784075
protein_0036,protein_0273,0.14135720601237842
protein_0036,protein_0274,0.14606741573033707
protein_0036,protein_0276,0.13793103448275862
protein_0036,protein_0277,0.30715069301216275
protein_0036,protein_0278,0.15217391304347827
protein_0036,protein_0279,0.1411764705882353
protein_0036,protein_0280,0.17073170731707318
protein_0036,protein_0281,0.11304347826086956
protein_0036,protein_0282,0.2191780821917808
protein_0036,protein_0283,0.0958904109589041
protein_0036,protein_0285,0.15730337078651685
protein_0036,protein_0286,0.301701191377668
protein_0036,protein_0287,0.1588785046728972
protein_0036,protein_0288,0.1625
protein_0036,protein_0289,0.21287046287046288
protein_0036,protein_0290,0.14953271028037382
protein_0036,protein_0292,0.30822655589974657
protein_0036,protein_0293,0.1590909090909091
protein_0036,protein_0294,0.15086782376502
protein_0036,protein_0295,0.37911636678093485
protein_0036,protein_0296,0.1504424778761062
protein_0036,protein_0297,0.39298977225610626
protein_0036,protein_0298,0.36928081352609654
protein_0036,protein_0299,0.1286945812807882
protein_0036,protein_0300,0.13877005347593582
protein_0036,protein_0301,0.14074074074074072
protein_0036,protein_0302,0.10138248847926268
protein_0036,protein_0303,0.1794871794871795
protein_0036,protein_0304,0.1968121968121968
protein_0036,protein_0305,0.13201482840327142
protein_0036,protein_0306,0.13675213675213677
protein_0036,protein_0308,0.1794871794871795
protein_0036,protein_0309,0.14365079365079364
protein_0036,protein_0310,0.14
protein_0036,protein_0312,0.1797752808988764
protein_0036,protein_0313,0.12617220801364024
protein_0036,protein_0314,0.16161616161616163
protein_0036,protein_0315,0.1504424778761062
protein_0036,protein_0317,0.16831683168316833
protein_0036,protein_0318,0.11607142857142858
protein_0036,protein_0319,0.18888888888888888
protein_0036,protein_0320,0.13829787234042554
protein_0036,protein_0321,0.14772727272727273
protein_0036,protein_0322,0.14285714285714285
protein_0036,protein_0323,0.19101123595505617
protein_0036,protein_0324,0.16216216216216217
protein_0036,protein_0325,0.13961385836385837
protein_0036,protein_0326,0.16455696202531644
protein_0036,protein_0327,0.11494252873563218
protein_0036,protein_0328,0.12962962962962962
protein_0036,protein_0329,0.12962962962962962
protein_0036,protein_0330,0.17045454545454544
protein_0036,protein_0331,0.3869507505344363
protein_0036,protein_0334,0.17045454545454544
protein_0036,protein_0335,0.16666666666666666
protein_0036,protein_0336,0.39371953572343943
protein_0036,protein_0337,0.12390483080138252
protein_0036,protein_0338,0.15555555555555556
protein_0036,protein_0339,0.3077062810063016
protein_0036,protein_0340,0.17117117117117117
protein_0036,protein_0341,0.14705882352941177
protein_0036,protein_0342,0.14492753623188406
protein_0036,protein_0343,0.21153846153846154
protein_0036,protein_0344,0.14606741573033707
protein_0036,protein_0345,0.15625
protein_0036,protein_0346,0.15625
protein_0036,protein_0348,0.12931034482758622
protein_0036,protein_0349,0.19801980198019803
protein_0036,protein_0350,0.14772727272727273
protein_0036,protein_0352,0.33903405876676324
protein_0036,protein_0353,0.14122257053291537
protein_0036,protein_0354,0.15555555555555556
protein_0036,protein_0355,0.14483892730645978
protein_0036,protein_0356,0.38448435859059826
protein_0036,protein_0357,0.1487603305785124
protein_0036,protein_0358,0.13043478260869565
protein_0036,protein_0359,0.15126050420168066
protein_0036,protein_0360,0.13793103448275862
protein_0036,protein_0361,0.13559322033898305
protein_0036,protein_0362,0.16666666666666666
protein_0036,protein_0364,0.16666666666666666
protein_0036,protein_0365,0.1411764705882353
protein_0036,protein_0366,0.1744186046511628
protein_0036,protein_0367,0.1717171717171717
protein_0036,protein_0368,0.16666666666666666
protein_0036,protein_0369,0.17333333333333334
protein_0036,protein_0370,0.14606741573033707
protein_0036,protein_0371,0.14942528735632185
protein_0036,protein_0372,0.0871559633027523
protein_0036,protein_0373,0.1523809523809524
protein_0036,protein_0374,0.14634146341463414
protein_0036,protein_0375,0.17391304347826086
protein_0036,protein_0376,0.16161616161616163
protein_0036,protein_0377,0.1348314606741573
protein_0036,protein_0378,0.17592592592592593
protein_0036,protein_0379,0.15237033455118562
protein_0036,protein_0380,0.15237033455118562
protein_0036,protein_0381,0.15237033455118562
protein_0036,protein_0382,0.16219053934571176
protein_0036,protein_0383,0.36017520215633425
protein_0036,protein_0384,0.1956521739130435
protein_0036,protein_0385,0.13861386138613863
protein_0036,protein_0386,0.15841584158415842
protein_0036,protein_0387,0.1368421052631579
protein_0036,protein_0388,0.45352301244623955
protein_0036,protein_0389,0.19753086419753085
protein_0036,protein_0390,0.16091954022988506
protein_0036,protein_0391,0.20224719101123595
protein_0036,protein_0392,0.14942528735632185
protein_0036,protein_0393,0.1724137931034483
protein_0036,protein_0394,0.1452991452991453
protein_0036,protein_0395,0.15730337078651685
protein_0036,protein_0396,0.15254237288135594
protein_0036,protein_0397,0.14457831325301204
protein_0036,protein_0399,0.18681318681318682
protein_0059,protein_0000,0.2413793103448276
protein_0059,protein_0001,0.14942528735632185
protein_0059,protein_0002,0.22826086956521738
protein_0059,protein_0003,0.25555555555555554
protein_0059,protein_0004,0.2727272727272727
protein_0059,protein_0005,0.1276595744680851
protein_0059,protein_0007,0.21348314606741572
protein_0059,protein_0008,0.1
protein_0059,protein_0009,0.26436781609195403
protein_0059,protein_0011,0.2413793103448276
protein_0059,protein_0012,0.26436781609195403
protein_0059,protein_0013,0.15730337078651685
protein_0059,protein_0014,0.2079207920792079
protein_0059,protein_0015,0.1559633027522936
protein_0059,protein_0016,0.14705882352941177
protein_0059,protein_0018,0.2988505747126437
protein_0059,protein_0019,0.1724137931034483
protein_0059,protein_0020,0.21839080459770116
protein_0059,protein_0021,0.13592233009708737
protein_0059,protein_0022,0.12222222222222222
protein_0059,protein_0023,0.12643678160919541
protein_0059,protein_0025,0.23076923076923078
protein_0059,protein_0026,0.13953488372093023
protein_0059,protein_0027,0.22448979591836735
protein_0059,protein_0028,0.11009174311926606
protein_0059,protein_0029,0.15384615384615385
protein_0059,protein_0030,0.14634146341463414
protein_0059,protein_0031,0.12389380530973451
protein_0059,protein_0032,0.2413793103448276
protein_0059,protein_0033,0.28735632183908044
protein_0059,protein_0034,0.26436781609195403
protein_0059,protein_0035,0.18518518518518517
protein_0059,protein_0037,0.25287356321839083
protein_0059,protein_0038,0.25287356321839083
protein_0059,protein_0039,0.26436781609195403
protein_0059,protein_0040,0.13043478260869565
protein_0059,protein_0041,0.2413793103448276
protein_0059,protein_0042,0.6210526315789474
protein_0059,protein_0043,0.8850574712643678
protein_0059,protein_0044,0.8505747126436781
protein_0059,protein_0045,0.32608695652173914
protein_0059,protein_0046,0.19101123595505617
protein_0059,protein_0047,0.27586206896551724
protein_0059,protein_0048,0.26436781609195403
protein_0059,protein_0049,0.3103448275862069
protein_0059,protein_0050,0.1188118811881188
protein_0059,protein_0051,0.14772727272727273
protein_0059,protein_0052,0.27586206896551724
protein_0059,protein_0053,0.2988505747126437
protein_0059,protein_0054,0.1452991452991453
protein_0059,protein_0055,0.1452991452991453
protein_0059,protein_0056,0.11538461538461539
protein_0059,protein_0057,0.1797752808988764
protein_0059,protein_0058,0.14444444444444443
protein_0059,protein_0060,0.11428571428571428
protein_0059,protein_0061,0.21978021978021978
protein_0059,protein_0062,0.26436781609195403
protein_0059,protein_0063,0.09859154929577464
protein_0059,protein_0064,0.27586206896551724
protein_0059,protein_0065,0.17475728155339806
protein_0059,protein_0066,0.15126050420168066
protein_0059,protein_0067,0.2413793103448276
protein_0059,protein_0068,0.19540229885057472
protein_0059,protein_0069,0.26436781609195403
protein_0059,protein_0070,0.21839080459770116
protein_0059,protein_0071,0.3103448275862069
protein_0059,protein_0072,0.15555555555555556
protein_0059,protein_0073,0.27586206896551724
protein_0059,protein_0074,0.18811881188118812
protein_0059,protein_0075,0.19811320754716982
protein_0059,protein_0076,0.2159090909090909
protein_0059,protein_0077,0.2808988764044944
protein_0059,protein_0078,0.15384615384615385
protein_0059,protein_0079,0.15384615384615385
protein_0059,protein_0080,0.26436781609195403
protein_0059,protein_0082,0.14166666666666666
protein_0059,protein_0083,0.27586206896551724
protein_0059,protein_0084,0.22988505747126436
protein_0059,protein_0085,0.1322314049586777
protein_0059,protein_0086,0.15
protein_0059,protein_0087,0.16304347826086957
protein_0059,protein_0088,0.2988505747126437
protein_0059,protein_0089,0.16521739130434782
protein_0059,protein_0090,0.15517241379310345
protein_0059,protein_0091,0.18421052631578946
protein_0059,protein_0092,0.18421052631578946
protein_0059,protein_0093,0.2413793103448276
protein_0059,protein_0094,0.18803418803418803
protein_0059,protein_0095,0.15384615384615385
protein_0059,protein_0096,0.16
protein_0059,protein_0097,0.21839080459770116
protein_0059,protein_0098,0.3076923076923077
protein_0059,protein_0099,0.13333333333333333
protein_0059,protein_0100,0.16304347826086957
protein_0059,protein_0101,0.27586206896551724
protein_0059,protein_0102,0.28735632183908044
protein_0059,protein_0104,0.14634146341463414
protein_0059,protein_0105,0.10752688172043011
protein_0059,protein_0106,0.1206896551724138
protein_0059,protein_0107,0.25287356321839083
protein_0059,protein_0108,0.25
protein_0059,protein_0110,0.26136363636363635
protein_0059,protein_0112,0.1509433962264151
protein_0059,protein_0113,0.25287356321839083
protein_0059,protein_0114,0.23595505617977527
protein_0059,protein_0115,0.25287356321839083
protein_0059,protein_0116,0.14285714285714285
protein_0059,protein_0117,0.14285714285714285
protein_0059,protein_0118,0.19318181818181818
protein_0059,protein_0120,0.30337078651685395
protein_0059,protein_0121,0.30337078651685395
protein_0059,protein_0122,0.27586206896551724
protein_0059,protein_0123,0.17582417582417584
protein_0059,protein_0124,0.25287356321839083
protein_0059,protein_0125,0.1650485436893204
protein_0059,protein_0126,0.1
protein_0059,protein_0127,0.26136363636363635
protein_0059,protein_0128,0.25287356321839083
protein_0059,protein_0129,0.2413793103448276
protein_0059,protein_0130,0.14655172413793102
protein_0059,protein_0131,0.14942528735632185
protein_0059,protein_0132,0.18018018018018017
protein_0059,protein_0133,0.18018018018018017
protein_0059,protein_0134,0.27586206896551724
protein_0059,protein_0135,0.26436781609195403
protein_0059,protein_0136,0.1875
protein_0059,protein_0137,0.152
protein_0059,protein_0138,0.152
protein_0059,protein_0140,0.29545454545454547
protein_0059,protein_0141,0.25287356321839083
protein_0059,protein_0142,0.2808988764044944
protein_0059,protein_0143,0.2413793103448276
protein_0059,protein_0144,0.2808988764044944
protein_0059,protein_0146,0.19318181818181818
protein_0059,protein_0147,0.25287356321839083
protein_0059,protein_0148,0.25287356321839083
protein_0059,protein_0149,0.2222222222222222
protein_0059,protein_0151,0.23157894736842105
protein_0059,protein_0152,0.1590909090909091
protein_0059,protein_0153,0.18478260869565216
protein_0059,protein_0154,0.21875
protein_0059,protein_0156,0.1574074074074074
protein_0059,protein_0158,0.19101123595505617
protein_0059,protein_0159,0.24719101123595505
protein_0059,protein_0160,0.26666666666666666
protein_0059,protein_0161,0.18333333333333332
protein_0059,protein_0162,0.28735632183908044
protein_0059,protein_0163,0.22123893805309736
protein_0059,protein_0164,0.27586206896551724
protein_0059,protein_0166,0.28735632183908044
protein_0059,protein_0168,0.18018018018018017
protein_0059,protein_0169,0.15503875968992248
protein_0059,protein_0170,0.25287356321839083
protein_0059,protein_0171,0.20689655172413793
protein_0059,protein_0172,0.14285714285714285
protein_0059,protein_0173,0.26436781609195403
protein_0059,protein_0174,0.2727272727272727
protein_0059,protein_0176,0.2087912087912088
protein_0059,protein_0178,0.1415929203539823
protein_0059,protein_0179,0.1592920353982301
protein_0059,protein_0180,0.26373626373626374
protein_0059,protein_0181,0.22988505747126436
protein_0059,protein_0182,0.2988505747126437
protein_0059,protein_0183,0.1415929203539823
protein_0059,protein_0184,0.32978723404255317
protein_0059,protein_0185,0.1368421052631579
protein_0059,protein_0186,0.17699115044247787
protein_0059,protein_0187,0.3068181818181818
protein_0059,protein_0188,0.1348314606741573
protein_0059,protein_0189,0.26666666666666666
protein_0059,protein_0190,0.26436781609195403
protein_0059,protein_0191,0.25287356321839083
protein_0059,protein_0193,0.25287356321839083
protein_0059,protein_0195,0.26436781609195403
protein_0059,protein_0197,0.2988505747126437
protein_0059,protein_0198,0.26436781609195403
protein_0059,protein_0199,0.22340425531914893
protein_0059,protein_0200,0.25842696629213485
protein_0059,protein_0201,0.18269230769230768
protein_0059,protein_0202,0.22988505747126436
protein_0059,protein_0203,0.13559322033898305
protein_0059,protein_0204,0.16091954022988506
protein_0059,protein_0205,0.08530805687203792
protein_0059,protein_0206,0.25287356321839083
protein_0059,protein_0207,0.1015625
protein_0059,protein_0208,0.17475728155339806
protein_0059,protein_0209,0.8735632183908046
protein_0059,protein_0210,0.3
protein_0059,protein_0211,0.16981132075471697
protein_0059,protein_0212,0.2111111111111111
protein_0059,protein_0213,0.2840909090909091
protein_0059,protein_0214,0.12903225806451613
protein_0059,protein_0215,0.16326530612244897
protein_0059,protein_0216,0.11224489795918367
protein_0059,protein_0217,0.14705882352941177
protein_0059,protein_0219,0.17647058823529413
protein_0059,protein_0220,0.29545454545454547
protein_0059,protein_0221,0.17045454545454544
protein_0059,protein_0222,0.3218390804597701
protein_0059,protein_0223,0.0967741935483871
protein_0059,protein_0224,0.15555555555555556
protein_0059,protein_0225,0.12087912087912088
protein_0059,protein_0226,0.13829787234042554
protein_0059,protein_0227,0.1724137931034483
protein_0059,protein_0228,0.21978021978021978
protein_0059,protein_0230,0.18888888888888888
protein_0059,protein_0231,0.28735632183908044
protein_0059,protein_0232,0.13793103448275862
protein_0059,protein_0233,0.171875
protein_0059,protein_0234,0.14285714285714285
protein_0059,protein_0235,0.17272727272727273
protein_0059,protein_0236,0.3068181818181818
protein_0059,protein_0237,0.3068181818181818
protein_0059,protein_0238,0.14492753623188406
protein_0059,protein_0239,0.3181818181818182
protein_0059,protein_0240,0.29545454545454547
protein_0059,protein_0241,0.29213483146067415
protein_0059,protein_0242,0.14772727272727273
protein_0059,protein_0243,0.26136363636363635
protein_0059,protein_0244,0.12643678160919541
protein_0059,protein_0246,0.17525773195876287
protein_0059,protein_0247,0.1941747572815534
protein_0059,protein_0248,0.1724137931034483
protein_0059,protein_0249,0.3
protein_0059,protein_0250,0.18181818181818182
protein_0059,protein_0251,0.08888888888888889
protein_0059,protein_0252,0.1595744680851064
protein_0059,protein_0253,0.11278195488721804
protein_0059,protein_0254,0.14942528735632185
protein_0059,protein_0255,0.09941520467836257
protein_0059,protein_0256,0.18867924528301888
protein_0059,protein_0257,0.20754716981132076
protein_0059,protein_0259,0.15730337078651685
protein_0059,protein_0260,0.15730337078651685
protein_0059,protein_0261,0.16981132075471697
protein_0059,protein_0262,0.1357142857142857
protein_0059,protein_0263,0.13768115942028986
protein_0059,protein_0264,0.21839080459770116
protein_0059,protein_0266,0.17142857142857143
protein_0059,protein_0267,0.20212765957446807
protein_0059,protein_0268,0.14444444444444443
protein_0059,protein_0269,0.17094017094017094
protein_0059,protein_0270,0.1590909090909091
protein_0059,protein_0271,0.17045454545454544
protein_0059,protein_0272,0.26436781609195403
protein_0059,protein_0273,0.28735632183908044
protein_0059,protein_0274,0.26595744680851063
protein_0059,protein_0276,0.28735632183908044
protein_0059,protein_0277,0.14942528735632185
protein_0059,protein_0278,0.24444444444444444
protein_0059,protein_0279,0.2413793103448276
protein_0059,protein_0280,0.21839080459770116
protein_0059,protein_0281,0.19166666666666668
protein_0059,protein_0282,0.16129032258064516
protein_0059,protein_0283,0.1050228310502283
protein_0059,protein_0285,0.26436781609195403
protein_0059,protein_0286,0.16842105263157894
protein_0059,protein_0287,0.17592592592592593
protein_0059,protein_0288,0.28735632183908044
protein_0059,protein_0289,0.11827956989247312
protein_0059,protein_0290,0.15315315315315314
protein_0059,protein_0292,0.14942528735632185
protein_0059,protein_0293,0.25263157894736843
protein_0059,protein_0294,0.21839080459770116
protein_0059,protein_0295,0.14285714285714285
protein_0059,protein_0296,0.17037037037037037
protein_0059,protein_0297,0.125
protein_0059,protein_0298,0.15384615384615385
protein_0059,protein_0299,0.1782178217821782
protein_0059,protein_0300,0.19
protein_0059,protein_0301,0.19
protein_0059,protein_0302,0.09174311926605505
protein_0059,protein_0303,0.25274725274725274
protein_0059,protein_0304,0.12643678160919541
protein_0059,protein_0305,0.20430107526881722
protein_0059,protein_0306,0.17073170731707318
protein_0059,protein_0308,0.12173913043478261
protein_0059,protein_0309,0.17582417582417584
protein_0059,protein_0310,0.1619047619047619
protein_0059,protein_0312,0.26436781609195403
protein_0059,protein_0313,0.25287356321839083
protein_0059,protein_0314,0.12
protein_0059,protein_0315,0.15
protein_0059,protein_0317,0.1619047619047619
protein_0059,protein_0318,0.19491525423728814
protein_0059,protein_0319,0.25287356321839083
protein_0059,protein_0320,0.2777777777777778
protein_0059,protein_0321,0.22826086956521738
protein_0059,protein_0322,0.25287356321839083
protein_0059,protein_0323,0.5057471264367817
protein_0059,protein_0324,0.13793103448275862
protein_0059,protein_0325,0.18584070796460178
protein_0059,protein_0326,0.16129032258064516
protein_0059,protein_0327,0.2727272727272727
protein_0059,protein_0328,0.1574074074074074
protein_0059,protein_0329,0.1574074074074074
protein_0059,protein_0330,0.25287356321839083
protein_0059,protein_0331,0.14285714285714285
protein_0059,protein_0334,0.20408163265306123
protein_0059,protein_0335,0.15841584158415842
protein_0059,protein_0336,0.1724137931034483
protein_0059,protein_0337,0.2840909090909091
protein_0059,protein_0338,0.24444444444444444
protein_0059,protein_0339,0.1839080459770115
protein_0059,protein_0340,0.1308411214953271
protein_0059,protein_0341,0.2403846153846154
protein_0059,protein_0342,0.13793103448275862
protein_0059,protein_0343,0.13829787234042554
protein_0059,protein_0344,0.2777777777777778
protein_0059,protein_0345,0.1391304347826087
protein_0059,protein_0346,0.1391304347826087
protein_0059,protein_0348,0.13138686131386862
protein_0059,protein_0349,0.1926605504587156
protein_0059,protein_0350,0.26136363636363635
protein_0059,protein_0352,0.16091954022988506
protein_0059,protein_0353,0.15315315315315314
protein_0059,protein_0354,0.20652173913043478
protein_0059,protein_0355,0.25287356321839083
protein_0059,protein_0356,0.14942528735632185
protein_0059,protein_0357,0.15
protein_0059,protein_0358,0.2777777777777778
protein_0059,protein_0359,0.12295081967213115
protein_0059,protein_0360,0.25842696629213485
protein_0059,protein_0361,0.176
protein_0059,protein_0362,0.25287356321839083
protein_0059,protein_0364,0.25287356321839083
protein_0059,protein_0365,0.19540229885057472
protein_0059,protein_0366,0.21875
protein_0059,protein_0367,0.16216216216216217
protein_0059,protein_0368,0.125
protein_0059,protein_0369,0.18478260869565216
protein_0059,protein_0370,0.2777777777777778
protein_0059,protein_0371,0.25287356321839083
protein_0059,protein_0372,0.0958904109589041
protein_0059,protein_0373,0.16037735849056603
protein_0059,protein_0374,0.09401709401709402
protein_0059,protein_0375,0.25287356321839083
protein_0059,protein_0376,0.14018691588785046
protein_0059,protein_0377,0.25287356321839083
protein_0059,protein_0378,0.15517241379310345
protein_0059,protein_0379,0.1827956989247312
protein_0059,protein_0380,0.1827956989247312
protein_0059,protein_0381,0.1827956989247312
protein_0059,protein_0382,0.26136363636363635
protein_0059,protein_0383,0.1839080459770115
protein_0059,protein_0384,0.25555555555555554
protein_0059,protein_0385,0.12844036697247707
protein_0059,protein_0386,0.14285714285714285
protein_0059,protein_0387,0.1958762886597938
protein_0059,protein_0388,0.15730337078651685
protein_0059,protein_0389,0.12643678160919541
protein_0059,protein_0390,0.22988505747126436
protein_0059,protein_0391,0.1978021978021978
protein_0059,protein_0392,0.23076923076923078
protein_0059,protein_0393,0.21839080459770116
protein_0059,protein_0394,0.15254237288135594
protein_0059,protein_0395,0.21649484536082475
protein_0059,protein_0396,0.1565217391304348
protein_0059,protein_0397,0.27586206896551724
protein_0059,protein_0399,0.2413793103448276
protein_0081,protein_0000,0.367816091954023
protein_0081,protein_0001,0.14606741573033707
protein_0081,protein_0002,0.15555555555555556
protein_0081,protein_0003,0.39080459770114945
protein_0081,protein_0004,0.4222222222222222
protein_0081,protein_0005,0.10576923076923077
protein_0081,protein_0007,0.14772727272727273
protein_0081,protein_0008,0.15384615384615385
protein_0081,protein_0009,0.25274725274725274
protein_0081,protein_0011,0.39325842696629215
protein_0081,protein_0012,0.3448275862068966
protein_0081,protein_0013,0.16304347826086957
protein_0081,protein_0014,0.16161616161616163
protein_0081,protein_0015,0.11764705882352941
protein_0081,protein_0016,0.17757009345794392
protein_0081,protein_0018,0.3448275862068966
protein_0081,protein_0019,0.15555555555555556
protein_0081,protein_0020,0.39080459770114945
protein_0081,protein_0021,0.12631578947368421
protein_0081,protein_0022,0.17708333333333334
protein_0081,protein_0023,0.15730337078651685
protein_0081,protein_0025,0.3258426966292135
protein_0081,protein_0026,0.13953488372093023
protein_0081,protein_0027,0.17894736842105263
protein_0081,protein_0028,0.12844036697247707
protein_0081,protein_0029,0.13636363636363635
protein_0081,protein_0030,0.16
protein_0081,protein_0031,0.15
protein_0081,protein_0032,0.4318181818181818
protein_0081,protein_0033,0.3181818181818182
protein_0081,protein_0034,0.3218390804597701
protein_0081,protein_0035,0.12745098039215685
protein_0081,protein_0037,0.26436781609195403
protein_0081,protein_0038,0.26436781609195403
protein_0081,protein_0039,0.22988505747126436
protein_0081,protein_0040,0.09195402298850575
protein_0081,protein_0041,0.4431818181818182
protein_0081,protein_0042,0.20454545454545456
protein_0081,protein_0043,0.2413793103448276
protein_0081,protein_0044,0.21839080459770116
protein_0081,protein_0045,0.3793103448275862
protein_0081,protein_0046,0.1590909090909091
protein_0081,protein_0047,0.26436781609195403
protein_0081,protein_0048,0.27586206896551724
protein_0081,protein_0049,0.27586206896551724
protein_0081,protein_0050,0.16346153846153846
protein_0081,protein_0051,0.12643678160919541
protein_0081,protein_0052,0.3977272727272727
protein_0081,protein_0053,0.367816091954023
protein_0081,protein_0054,0.125
protein_0081,protein_0055,0.16
protein_0081,protein_0056,0.11320754716981132
protein_0081,protein_0057,0.13333333333333333
protein_0081,protein_0058,0.1724137931034483
protein_0081,protein_0060,0.11764705882352941
protein_0081,protein_0061,0.1702127659574468
protein_0081,protein_0062,0.39080459770114945
protein_0081,protein_0063,0.12149532710280374
protein_0081,protein_0064,0.3218390804597701
protein_0081,protein_0065,0.14285714285714285
protein_0081,protein_0066,0.14
protein_0081,protein_0067,0.3218390804597701
protein_0081,protein_0068,0.24742268041237114
protein_0081,protein_0069,0.32954545454545453
protein_0081,protein_0070,0.21839080459770116
protein_0081,protein_0071,0.25287356321839083
protein_0081,protein_0072,0.16091954022988506
protein_0081,protein_0073,0.22988505747126436
protein_0081,protein_0074,0.13402061855670103
protein_0081,protein_0075,0.15
protein_0081,protein_0076,0.12643678160919541
protein_0081,protein_0077,0.39080459770114945
protein_0081,protein_0078,0.13725490196078433
protein_0081,protein_0079,0.13725490196078433
protein_0081,protein_0080,0.9195402298850575
protein_0081,protein_0082,0.1721311475409836
protein_0081,protein_0083,0.33707865168539325
protein_0081,protein_0084,0.21839080459770116
protein_0081,protein_0085,0.17699115044247787
protein_0081,protein_0086,0.168141592920354
protein_0081,protein_0087,0.16091954022988506
protein_0081,protein_0088,0.40229885057471265
protein_0081,protein_0089,0.14414414414414414
protein_0081,protein_0090,0.10810810810810811
protein_0081,protein_0091,0.168141592920354
protein_0081,protein_0092,0.168141592920354
protein_0081,protein_0093,0.28735632183908044
protein_0081,protein_0094,0.14912280701754385
protein_0081,protein_0095,0.16216216216216217
protein_0081,protein_0096,0.20192307692307693
protein_0081,protein_0097,0.33707865168539325
protein_0081,protein_0098,0.42528735632183906
protein_0081,protein_0099,0.10101010101010101
protein_0081,protein_0100,0.17204301075268819
protein_0081,protein_0101,0.21839080459770116
protein_0081,protein_0102,0.26373626373626374
protein_0081,protein_0104,0.13953488372093023
protein_0081,protein_0105,0.10344827586206896
protein_0081,protein_0106,0.17647058823529413
protein_0081,protein_0107,0.4482758620689655
protein_0081,protein_0108,0.23863636363636365
protein_0081,protein_0110,0.3333333333333333
protein_0081,protein_0112,0.1346153846153846
protein_0081,protein_0113,0.3563218390804598
protein_0081,protein_0114,0.42696629213483145
protein_0081,protein_0115,0.25287356321839083
protein_0081,protein_0116,0.19491525423728814
protein_0081,protein_0117,0.19491525423728814
protein_0081,protein_0118,0.15555555555555556
protein_0081,protein_0120,0.3522727272727273
protein_0081,protein_0121,0.3522727272727273
protein_0081,protein_0122,0.27586206896551724
protein_0081,protein_0123,0.12643678160919541
protein_0081,protein_0124,0.3522727272727273
protein_0081,protein_0125,0.12121212121212122
protein_0081,protein_0126,0.15384615384615385
protein_0081,protein_0127,0.4431818181818182
protein_0081,protein_0128,0.39080459770114945
protein_0081,protein_0129,0.22988505747126436
protein_0081,protein_0130,0.16521739130434782
protein_0081,protein_0131,0.11494252873563218
protein_0081,protein_0132,0.18518518518518517
protein_0081,protein_0133,0.18518518518518517
protein_0081,protein_0134,0.35555555555555557
protein_0081,protein_0135,0.36666666666666664
protein_0081,protein_0136,0.12030075187969924
protein_0081,protein_0137,0.11666666666666667
protein_0081,protein_0138,0.11666666666666667
protein_0081,protein_0140,0.3333333333333333
protein_0081,protein_0141,0.28735632183908044
protein_0081,protein_0142,0.39080459770114945
protein_0081,protein_0143,0.3218390804597701
protein_0081,protein_0144,0.2988505747126437
protein_0081,protein_0146,0.19318181818181818
protein_0081,protein_0147,0.4318181818181818
protein_0081,protein_0148,0.367816091954023
protein_0081,protein_0149,0.16091954022988506
protein_0081,protein_0151,0.20430107526881722
protein_0081,protein_0152,0.17777777777777778
protein_0081,protein_0153,0.16666666666666666
protein_0081,protein_0154,0.19101123595505617
protein_0081,protein_0156,0.14035087719298245
protein_0081,protein_0158,0.11494252873563218
protein_0081,protein_0159,0.3333333333333333
protein_0081,protein_0160,0.3103448275862069
protein_0081,protein_0161,0.14728682170542637
protein_0081,protein_0162,0.3218390804597701
protein_0081,protein_0163,0.12
protein_0081,protein_0164,0.3103448275862069
protein_0081,protein_0166,0.3333333333333333
protein_0081,protein_0168,0.15789473684210525
protein_0081,protein_0169,0.15503875968992248
protein_0081,protein_0170,0.27586206896551724
protein_0081,protein_0171,0.25773195876288657
protein_0081,protein_0172,0.11965811965811966
protein_0081,protein_0173,0.3218390804597701
protein_0081,protein_0174,0.3103448275862069
protein_0081,protein_0176,0.14444444444444443
protein_0081,protein_0178,0.1623931623931624
protein_0081,protein_0179,0.18803418803418803
protein_0081,protein_0180,0.25287356321839083
protein_0081,protein_0181,0.3103448275862069
protein_0081,protein_0182,0.27586206896551724
protein_0081,protein_0183,0.12
protein_0081,protein_0184,0.2988505747126437
protein_0081,protein_0185,0.15789473684210525
protein_0081,protein_0186,0.17592592592592593
protein_0081,protein_0187,0.3218390804597701
protein_0081,protein_0188,0.16129032258064516
protein_0081,protein_0189,0.3333333333333333
protein_0081,protein_0190,0.34444444444444444
protein_0081,protein_0191,0.42528735632183906
protein_0081,protein_0193,0.47126436781609193
protein_0081,protein_0195,0.3218390804597701
protein_0081,protein_0197,0.3218390804597701
protein_0081,protein_0198,0.39080459770114945
protein_0081,protein_0199,0.2
protein_0081,protein_0200,0.2988505747126437
protein_0081,protein_0201,0.1320754716981132
protein_0081,protein_0202,0.3793103448275862
protein_0081,protein_0203,0.11965811965811966
protein_0081,protein_0204,0.1724137931034483
protein_0081,protein_0205,0.10426540284360189
protein_0081,protein_0206,0.3333333333333333
protein_0081,protein_0207,0.1259259259259259
protein_0081,protein_0208,0.1619047619047619
protein_0081,protein_0209,0.2413793103448276
protein_0081,protein_0210,0.38636363636363635
protein_0081,protein_0211,0.1839080459770115
protein_0081,protein_0212,0.16091954022988506
protein_0081,protein_0213,0.4482758620689655
protein_0081,protein_0214,0.1590909090909091
protein_0081,protein_0215,0.18446601941747573
protein_0081,protein_0216,0.15151515151515152
protein_0081,protein_0217,0.13333333333333333
protein_0081,protein_0219,0.15
protein_0081,protein_0220,0.3333333333333333
protein_0081,protein_0221,0.13636363636363635
protein_0081,protein_0222,0.28735632183908044
protein_0081,protein_0223,0.12643678160919541
protein_0081,protein_0224,0.12643678160919541
protein_0081,protein_0225,0.17582417582417584
protein_0081,protein_0226,0.1782178217821782
protein_0081,protein_0227,0.14606741573033707
protein_0081,protein_0228,0.2553191489361702
protein_0081,protein_0230,0.1875
protein_0081,protein_0231,0.41379310344827586
protein_0081,protein_0232,0.14942528735632185
protein_0081,protein_0233,0.13385826771653545
protein_0081,protein_0234,0.14423076923076922
protein_0081,protein_0235,0.16
protein_0081,protein_0236,0.27586206896551724
protein_0081,protein_0237,0.27586206896551724
protein_0081,protein_0238,0.15037593984962405
protein_0081,protein_0239,0.2988505747126437
protein_0081,protein_0240,0.28735632183908044
protein_0081,protein_0241,0.3218390804597701
protein_0081,protein_0242,0.12643678160919541
protein_0081,protein_0243,0.3218390804597701
protein_0081,protein_0244,0.1839080459770115
protein_0081,protein_0246,0.12371134020618557
protein_0081,protein_0247,0.15841584158415842
protein_0081,protein_0248,0.3448275862068966
protein_0081,protein_0249,0.3103448275862069
protein_0081,protein_0250,0.19801980198019803
protein_0081,protein_0251,0.12244897959183673
protein_0081,protein_0252,0.13402061855670103
protein_0081,protein_0253,0.12173913043478261
protein_0081,protein_0254,0.19101123595505617
protein_0081,protein_0255,0.12280701754385964
protein_0081,protein_0256,0.11428571428571428
protein_0081,protein_0257,0.11320754716981132
protein_0081,protein_0259,0.17045454545454544
protein_0081,protein_0260,0.17045454545454544
protein_0081,protein_0261,0.1523809523809524
protein_0081,protein_0262,0.1259259259259259
protein_0081,protein_0263,0.13970588235294118
protein_0081,protein_0264,0.4318181818181818
protein_0081,protein_0266,0.15841584158415842
protein_0081,protein_0267,0.1958762886597938
protein_0081,protein_0268,0.1590909090909091
protein_0081,protein_0269,0.12121212121212122
protein_0081,protein_0270,0.14942528735632185
protein_0081,protein_0271,0.19540229885057472
protein_0081,protein_0272,0.3103448275862069
protein_0081,protein_0273,0.34444444444444444
protein_0081,protein_0274,0.19101123595505617
protein_0081,protein_0276,0.4367816091954023
protein_0081,protein_0277,0.13793103448275862
protein_0081,protein_0278,0.3010752688172043
protein_0081,protein_0279,0.25287356321839083
protein_0081,protein_0280,0.2988505747126437
protein_0081,protein_0281,0.11965811965811966
protein_0081,protein_0282,0.125
protein_0081,protein_0283,0.11926605504587157
protein_0081,protein_0285,0.3409090909090909
protein_0081,protein_0286,0.16091954022988506
protein_0081,protein_0287,0.17592592592592593
protein_0081,protein_0288,0.3103448275862069
protein_0081,protein_0289,0.14772727272727273
protein_0081,protein_0290,0.1188118811881188
protein_0081,protein_0292,0.14444444444444443
protein_0081,protein_0293,0.1956521739130435
protein_0081,protein_0294,0.19540229885057472
protein_0081,protein_0295,0.13793103448275862
protein_0081,protein_0296,0.175
protein_0081,protein_0297,0.13793103448275862
protein_0081,protein_0298,0.16091954022988506
protein_0081,protein_0299,0.15625
protein_0081,protein_0300,0.16842105263157894
protein_0081,protein_0301,0.16842105263157894
protein_0081,protein_0302,0.1382488479262673
protein_0081,protein_0303,0.19540229885057472
protein_0081,protein_0304,0.125
protein_0081,protein_0305,0.16666666666666666
protein_0081,protein_0306,0.16
protein_0081,protein_0308,0.1565217391304348
protein_0081,protein_0309,0.2524271844660194
protein_0081,protein_0310,0.205607476635514
protein_0081,protein_0312,0.3793103448275862
protein_0081,protein_0313,0.22988505747126436
protein_0081,protein_0314,0.12244897959183673
protein_0081,protein_0315,0.1484375
protein_0081,protein_0317,0.14563106796116504
protein_0081,protein_0318,0.15966386554621848
protein_0081,protein_0319,0.2988505747126437
protein_0081,protein_0320,0.2988505747126437
protein_0081,protein_0321,0.1978021978021978
protein_0081,protein_0322,0.29213483146067415
protein_0081,protein_0323,0.27586206896551724
protein_0081,protein_0324,0.1724137931034483
protein_0081,protein_0325,0.1282051282051282
protein_0081,protein_0326,0.1935483870967742
protein_0081,protein_0327,0.39325842696629215
protein_0081,protein_0328,0.13043478260869565
protein_0081,protein_0329,0.13043478260869565
protein_0081,protein_0330,0.3563218390804598
protein_0081,protein_0331,0.13793103448275862
protein_0081,protein_0334,0.21739130434782608
protein_0081,protein_0335,0.1346153846153846
protein_0081,protein_0336,0.16091954022988506
protein_0081,protein_0337,0.2988505747126437
protein_0081,protein_0338,0.21839080459770116
protein_0081,protein_0339,0.1839080459770115
protein_0081,protein_0340,0.11428571428571428
protein_0081,protein_0341,0.19607843137254902
protein_0081,protein_0342,0.16091954022988506
protein_0081,protein_0343,0.16831683168316833
protein_0081,protein_0344,0.41379310344827586
protein_0081,protein_0345,0.15447154471544716
protein_0081,protein_0346,0.15447154471544716
protein_0081,protein_0348,0.1640625
protein_0081,protein_0349,0.16
protein_0081,protein_0350,0.42528735632183906
protein_0081,protein_0352,0.14942528735632185
protein_0081,protein_0353,0.18699186991869918
protein_0081,protein_0354,0.20689655172413793
protein_0081,protein_0355,0.2988505747126437
protein_0081,protein_0356,0.12643678160919541
protein_0081,protein_0357,0.15
protein_0081,protein_0358,0.42857142857142855
protein_0081,protein_0359,0.16806722689075632
protein_0081,protein_0360,0.36363636363636365
protein_0081,protein_0361,0.12605042016806722
protein_0081,protein_0362,0.19540229885057472
protein_0081,protein_0364,0.23863636363636365
protein_0081,protein_0365,0.23863636363636365
protein_0081,protein_0366,0.23863636363636365
protein_0081,protein_0367,0.14414414414414414
protein_0081,protein_0368,0.16483516483516483
protein_0081,protein_0369,0.13541666666666666
protein_0081,protein_0370,0.41379310344827586
protein_0081,protein_0371,0.41379310344827586
protein_0081,protein_0372,0.09174311926605505
protein_0081,protein_0373,0.14678899082568808
protein_0081,protein_0374,0.17094017094017094
protein_0081,protein_0375,0.367816091954023
protein_0081,protein_0376,0.168141592920354
protein_0081,protein_0377,0.3103448275862069
protein_0081,protein_0378,0.17094017094017094
protein_0081,protein_0379,0.1590909090909091
protein_0081,protein_0380,0.1590909090909091
protein_0081,protein_0381,0.1590909090909091
protein_0081,protein_0382,0.20689655172413793
protein_0081,protein_0383,0.14772727272727273
protein_0081,protein_0384,0.367816091954023
protein_0081,protein_0385,0.14150943396226415
protein_0081,protein_0386,0.11650485436893204
protein_0081,protein_0387,0.14
protein_0081,protein_0388,0.16091954022988506
protein_0081,protein_0389,0.19101123595505617
protein_0081,protein_0390,0.3103448275862069
protein_0081,protein_0391,0.19148936170212766
protein_0081,protein_0392,0.29213483146067415
protein_0081,protein_0393,0.2808988764044944
protein_0081,protein_0394,0.14782608695652175
protein_0081,protein_0395,0.2391304347826087
protein_0081,protein_0396,0.15625
protein_0081,protein_0397,0.3258426966292135
protein_0081,protein_0399,0.4482758620689655
protein_0103,protein_0000,0.21839080459770116
protein_0103,protein_0001,0.11494252873563218
protein_0103,protein_0002,0.21649484536082475
protein_0103,protein_0003,0.27472527472527475
protein_0103,protein_0004,0.21839080459770116
protein_0103,protein_0005,0.17391304347826086
protein_0103,protein_0007,0.17582417582417584
protein_0103,protein_0008,0.1875
protein_0103,protein_0009,0.25842696629213485
protein_0103,protein_0011,0.24444444444444444
protein_0103,protein_0012,0.27472527472527475
protein_0103,protein_0013,0.1590909090909091
protein_0103,protein_0014,0.19047619047619047
protein_0103,protein_0015,0.1792452830188679
protein_0103,protein_0016,0.18
protein_0103,protein_0018,0.29347826086956524
protein_0103,protein_0019,0.1724137931034483
protein_0103,protein_0020,0.1956521739130435
protein_0103,protein_0021,0.16842105263157894
protein_0103,protein_0022,0.17346938775510204
protein_0103,protein_0023,0.17525773195876287
protein_0103,protein_0025,0.1978021978021978
protein_0103,protein_0026,0.14615384615384616
protein_0103,protein_0027,0.15306122448979592
protein_0103,protein_0028,0.11504424778761062
protein_0103,protein_0029,0.1839080459770115
protein_0103,protein_0030,0.1557377049180328
protein_0103,protein_0031,0.16346153846153846
protein_0103,protein_0032,0.25
protein_0103,protein_0033,0.27586206896551724
protein_0103,protein_0034,0.19540229885057472
protein_0103,protein_0035,0.15315315315315314
protein_0103,protein_0037,0.2808988764044944
protein_0103,protein_0038,0.2808988764044944
protein_0103,protein_0039,0.25842696629213485
protein_0103,protein_0040,0.13793103448275862
protein_0103,protein_0041,0.23595505617977527
protein_0103,protein_0042,0.22988505747126436
protein_0103,protein_0043,0.3103448275862069
protein_0103,protein_0044,0.3103448275862069
protein_0103,protein_0045,0.25555555555555554
protein_0103,protein_0046,0.16483516483516483
protein_0103,protein_0047,0.26436781609195403
protein_0103,protein_0048,0.2413793103448276
protein_0103,protein_0049,0.25
protein_0103,protein_0050,0.18446601941747573
protein_0103,protein_0051,0.20224719101123595
protein_0103,protein_0052,0.22988505747126436
protein_0103,protein_0053,0.25287356321839083
protein_0103,protein_0054,0.15702479338842976
protein_0103,protein_0055,0.152
protein_0103,protein_0056,0.17647058823529413
protein_0103,protein_0057,0.17582417582417584
protein_0103,protein_0058,0.15555555555555556
protein_0103,protein_0060,0.14705882352941177
protein_0103,protein_0061,0.2127659574468085
protein_0103,protein_0062,0.2413793103448276
protein_0103,protein_0063,0.07981220657276995
protein_0103,protein_0064,0.2413793103448276
protein_0103,protein_0065,0.21296296296296297
protein_0103,protein_0066,0.14912280701754385
protein_0103,protein_0067,0.21839080459770116
protein_0103,protein_0068,0.19318181818181818
protein_0103,protein_0069,0.21839080459770116
protein_0103,protein_0070,0.1839080459770115
protein_0103,protein_0071,0.1724137931034483
protein_0103,protein_0072,0.15384615384615385
protein_0103,protein_0073,0.25555555555555554
protein_0103,protein_0074,0.18556701030927836
protein_0103,protein_0075,0.15306122448979592
protein_0103,protein_0076,0.16853932584269662
protein_0103,protein_0077,0.26436781609195403
protein_0103,protein_0078,0.17142857142857143
protein_0103,protein_0079,0.17142857142857143
protein_0103,protein_0080,0.22988505747126436
protein_0103,protein_0082,0.16379310344827586
protein_0103,protein_0083,0.22105263157894736
protein_0103,protein_0084,0.21505376344086022
protein_0103,protein_0085,0.17796610169491525
protein_0103,protein_0086,0.14655172413793102
protein_0103,protein_0087,0.15730337078651685
protein_0103,protein_0088,0.22988505747126436
protein_0103,protein_0089,0.168
protein_0103,protein_0090,0.168
protein_0103,protein_0091,0.15517241379310345
protein_0103,protein_0092,0.15517241379310345
protein_0103,protein_0093,0.1839080459770115
protein_0103,protein_0094,0.19298245614035087
protein_0103,protein_0095,0.1652892561983471
protein_0103,protein_0096,0.21153846153846154
protein_0103,protein_0097,0.23863636363636365
protein_0103,protein_0098,0.25287356321839083
protein_0103,protein_0099,0.16161616161616163
protein_0103,protein_0100,0.19318181818181818
protein_0103,protein_0101,0.23333333333333334
protein_0103,protein_0102,0.25287356321839083
protein_0103,protein_0104,0.14960629921259844
protein_0103,protein_0105,0.13636363636363635
protein_0103,protein_0106,0.15126050420168066
protein_0103,protein_0107,0.29213483146067415
protein_0103,protein_0108,0.23076923076923078
protein_0103,protein_0110,0.2777777777777778
protein_0103,protein_0112,0.1834862385321101
protein_0103,protein_0113,0.24731182795698925
protein_0103,protein_0114,0.2413793103448276
protein_0103,protein_0115,0.2222222222222222
protein_0103,protein_0116,0.17543859649122806
protein_0103,protein_0117,0.17543859649122806
protein_0103,protein_0118,0.14942528735632185
protein_0103,protein_0120,0.24719101123595505
protein_0103,protein_0121,0.24719101123595505
protein_0103,protein_0122,0.25555555555555554
protein_0103,protein_0123,0.13793103448275862
protein_0103,protein_0124,0.2696629213483146
protein_0103,protein_0125,0.18269230769230768
protein_0103,protein_0126,0.17647058823529413
protein_0103,protein_0127,0.26373626373626374
protein_0103,protein_0128,0.25274725274725274
protein_0103,protein_0129,0.21839080459770116
protein_0103,protein_0130,0.15702479338842976
protein_0103,protein_0131,0.1724137931034483
protein_0103,protein_0132,0.1981981981981982
protein_0103,protein_0133,0.1981981981981982
protein_0103,protein_0134,0.2988505747126437
protein_0103,protein_0135,0.1839080459770115
protein_0103,protein_0136,0.13333333333333333
protein_0103,protein_0137,0.1282051282051282
protein_0103,protein_0138,0.1282051282051282
protein_0103,protein_0140,0.2247191011235955
protein_0103,protein_0141,0.2717391304347826
protein_0103,protein_0142,0.2413793103448276
protein_0103,protein_0143,0.27586206896551724
protein_0103,protein_0144,0.22988505747126436
protein_0103,protein_0146,0.11494252873563218
protein_0103,protein_0147,0.21839080459770116
protein_0103,protein_0148,0.25274725274725274
protein_0103,protein_0149,0.1724137931034483
protein_0103,protein_0151,0.23076923076923078
protein_0103,protein_0152,0.19540229885057472
protein_0103,protein_0153,0.2
protein_0103,protein_0154,0.2
protein_0103,protein_0156,0.12727272727272726
protein_0103,protein_0158,0.14942528735632185
protein_0103,protein_0159,0.2808988764044944
protein_0103,protein_0160,0.2840909090909091
protein_0103,protein_0161,0.15966386554621848
protein_0103,protein_0162,0.22988505747126436
protein_0103,protein_0163,0.16666666666666666
protein_0103,protein_0164,0.19540229885057472
protein_0103,protein_0166,0.1839080459770115
protein_0103,protein_0168,0.16153846153846155
protein_0103,protein_0169,0.15126050420168066
protein_0103,protein_0170,0.22727272727272727
protein_0103,protein_0171,0.1839080459770115
protein_0103,protein_0172,0.13821138211382114
protein_0103,protein_0173,0.20689655172413793
protein_0103,protein_0174,0.23863636363636365
protein_0103,protein_0176,0.16304347826086957
protein_0103,protein_0178,0.1592920353982301
protein_0103,protein_0179,0.19130434782608696
protein_0103,protein_0180,0.20689655172413793
protein_0103,protein_0181,0.19540229885057472
protein_0103,protein_0182,0.2988505747126437
protein_0103,protein_0183,0.15384615384615385
protein_0103,protein_0184,0.2413793103448276
protein_0103,protein_0185,0.18181818181818182
protein_0103,protein_0186,0.1523809523809524
protein_0103,protein_0187,0.30337078651685395
protein_0103,protein_0188,0.14942528735632185
protein_0103,protein_0189,0.26436781609195403
protein_0103,protein_0190,0.2696629213483146
protein_0103,protein_0191,0.2413793103448276
protein_0103,protein_0193,0.27472527472527475
protein_0103,protein_0195,0.2
protein_0103,protein_0197,0.21839080459770116
protein_0103,protein_0198,0.21839080459770116
protein_0103,protein_0199,0.23958333333333334
protein_0103,protein_0200,0.2247191011235955
protein_0103,protein_0201,0.15
protein_0103,protein_0202,0.24719101123595505
protein_0103,protein_0203,0.13821138211382114
protein_0103,protein_0204,0.1839080459770115
protein_0103,protein_0205,0.09090909090909091
protein_0103,protein_0206,0.25274725274725274
protein_0103,protein_0207,0.12903225806451613
protein_0103,protein_0208,0.17307692307692307
protein_0103,protein_0209,0.3218390804597701
protein_0103,protein_0210,0.2696629213483146
protein_0103,protein_0211,0.1415929203539823
protein_0103,protein_0212,0.13793103448275862
protein_0103,protein_0213,0.27472527472527475
protein_0103,protein_0214,0.16666666666666666
protein_0103,protein_0215,0.10227272727272728
protein_0103,protein_0216,0.14583333333333334
protein_0103,protein_0217,0.1414141414141414
protein_0103,protein_0219,0.15447154471544716
protein_0103,protein_0220,0.2840909090909091
protein_0103,protein_0221,0.1724137931034483
protein_0103,protein_0222,0.2608695652173913
protein_0103,protein_0223,0.16091954022988506
protein_0103,protein_0224,0.18181818181818182
protein_0103,protein_0225,0.12359550561797752
protein_0103,protein_0226,0.15
protein_0103,protein_0227,0.13793103448275862
protein_0103,protein_0228,0.2
protein_0103,protein_0230,0.18478260869565216
protein_0103,protein_0231,0.25287356321839083
protein_0103,protein_0232,0.1724137931034483
protein_0103,protein_0233,0.171875
protein_0103,protein_0234,0.18181818181818182
protein_0103,protein_0235,0.15625
protein_0103,protein_0236,0.24444444444444444
protein_0103,protein_0237,0.24444444444444444
protein_0103,protein_0238,0.17424242424242425
protein_0103,protein_0239,0.20689655172413793
protein_0103,protein_0240,0.21839080459770116
protein_0103,protein_0241,0.22988505747126436
protein_0103,protein_0242,0.12643678160919541
protein_0103,protein_0243,0.22727272727272727
protein_0103,protein_0244,0.16666666666666666
protein_0103,protein_0246,0.19387755102040816
protein_0103,protein_0247,0.2403846153846154
protein_0103,protein_0248,0.25
protein_0103,protein_0249,0.20689655172413793
protein_0103,protein_0250,0.1782178217821782
protein_0103,protein_0251,0.1935483870967742
protein_0103,protein_0252,0.16521739130434782
protein_0103,protein_0253,0.1504424778761062
protein_0103,protein_0254,0.18888888888888888
protein_0103,protein_0255,0.1286549707602339
protein_0103,protein_0256,0.16806722689075632
protein_0103,protein_0257,0.15254237288135594
protein_0103,protein_0259,0.14772727272727273
protein_0103,protein_0260,0.14772727272727273
protein_0103,protein_0261,0.15384615384615385
protein_0103,protein_0262,0.1357142857142857
protein_0103,protein_0263,0.1678832116788321
protein_0103,protein_0264,0.26136363636363635
protein_0103,protein_0266,0.15306122448979592
protein_0103,protein_0267,0.1797752808988764
protein_0103,protein_0268,0.13793103448275862
protein_0103,protein_0269,0.175
protein_0103,protein_0270,0.17777777777777778
protein_0103,protein_0271,0.18181818181818182
protein_0103,protein_0272,0.21839080459770116
protein_0103,protein_0273,0.23595505617977527
protein_0103,protein_0274,0.24444444444444444
protein_0103,protein_0276,0.25287356321839083
protein_0103,protein_0277,0.13793103448275862
protein_0103,protein_0278,0.1956521739130435
protein_0103,protein_0279,0.21839080459770116
protein_0103,protein_0280,0.17777777777777778
protein_0103,protein_0281,0.16521739130434782
protein_0103,protein_0282,0.10869565217391304
protein_0103,protein_0283,0.09865470852017937
protein_0103,protein_0285,0.2222222222222222
protein_0103,protein_0286,0.1724137931034483
protein_0103,protein_0287,0.19090909090909092
protein_0103,protein_0288,0.21839080459770116
protein_0103,protein_0289,0.1485148514851485
protein_0103,protein_0290,0.12931034482758622
protein_0103,protein_0292,0.16091954022988506
protein_0103,protein_0293,0.2222222222222222
protein_0103,protein_0294,0.20689655172413793
protein_0103,protein_0295,0.1724137931034483
protein_0103,protein_0296,0.1794871794871795
protein_0103,protein_0297,0.15730337078651685
protein_0103,protein_0298,0.14772727272727273
protein_0103,protein_0299,0.18085106382978725
protein_0103,protein_0300,0.20833333333333334
protein_0103,protein_0301,0.20833333333333334
protein_0103,protein_0302,0.11363636363636363
protein_0103,protein_0303,0.25842696629213485
protein_0103,protein_0304,0.1839080459770115
protein_0103,protein_0305,0.13793103448275862
protein_0103,protein_0306,0.152
protein_0103,protein_0308,0.1565217391304348
protein_0103,protein_0309,0.17708333333333334
protein_0103,protein_0310,0.23809523809523808
protein_0103,protein_0312,0.2988505747126437
protein_0103,protein_0313,0.21839080459770116
protein_0103,protein_0314,0.11926605504587157
protein_0103,protein_0315,0.16666666666666666
protein_0103,protein_0317,0.15384615384615385
protein_0103,protein_0318,0.17391304347826086
protein_0103,protein_0319,0.20689655172413793
protein_0103,protein_0320,0.19540229885057472
protein_0103,protein_0321,0.24175824175824176
protein_0103,protein_0322,0.23076923076923078
protein_0103,protein_0323,0.3218390804597701
protein_0103,protein_0324,0.23076923076923078
protein_0103,protein_0325,0.1875
protein_0103,protein_0326,0.16483516483516483
protein_0103,protein_0327,0.27472527472527475
protein_0103,protein_0328,0.21621621621621623
protein_0103,protein_0329,0.21621621621621623
protein_0103,protein_0330,0.20689655172413793
protein_0103,protein_0331,0.1839080459770115
protein_0103,protein_0334,0.17391304347826086
protein_0103,protein_0335,0.11764705882352941
protein_0103,protein_0336,0.1590909090909091
protein_0103,protein_0337,0.22727272727272727
protein_0103,protein_0338,0.27586206896551724
protein_0103,protein_0339,0.1839080459770115
protein_0103,protein_0340,0.19298245614035087
protein_0103,protein_0341,0.17647058823529413
protein_0103,protein_0342,0.14942528735632185
protein_0103,protein_0343,0.13793103448275862
protein_0103,protein_0344,0.2727272727272727
protein_0103,protein_0345,0.21739130434782608
protein_0103,protein_0346,0.21739130434782608
protein_0103,protein_0348,0.13043478260869565
protein_0103,protein_0349,0.1588785046728972
protein_0103,protein_0350,0.26136363636363635
protein_0103,protein_0352,0.14942528735632185
protein_0103,protein_0353,0.12389380530973451
protein_0103,protein_0354,0.14942528735632185
protein_0103,protein_0355,0.20689655172413793
protein_0103,protein_0356,0.14772727272727273
protein_0103,protein_0357,0.11382113821138211
protein_0103,protein_0358,0.26136363636363635
protein_0103,protein_0359,0.11475409836065574
protein_0103,protein_0360,0.28735632183908044
protein_0103,protein_0361,0.15833333333333333
protein_0103,protein_0362,0.19540229885057472
protein_0103,protein_0364,0.20689655172413793
protein_0103,protein_0365,0.1956521739130435
protein_0103,protein_0366,0.18478260869565216
protein_0103,protein_0367,0.18095238095238095
protein_0103,protein_0368,0.1797752808988764
protein_0103,protein_0369,0.15730337078651685
protein_0103,protein_0370,0.2727272727272727
protein_0103,protein_0371,0.26136363636363635
protein_0103,protein_0372,0.09174311926605505
protein_0103,protein_0373,0.18018018018018017
protein_0103,protein_0374,0.140625
protein_0103,protein_0375,0.2808988764044944
protein_0103,protein_0376,0.20192307692307693
protein_0103,protein_0377,0.23595505617977527
protein_0103,protein_0378,0.1926605504587156
protein_0103,protein_0379,0.14583333333333334
protein_0103,protein_0380,0.14583333333333334
protein_0103,protein_0381,0.14583333333333334
protein_0103,protein_0382,0.2413793103448276
protein_0103,protein_0383,0.16853932584269662
protein_0103,protein_0384,0.1839080459770115
protein_0103,protein_0385,0.1553398058252427
protein_0103,protein_0386,0.21568627450980393
protein_0103,protein_0387,0.15789473684210525
protein_0103,protein_0388,0.18181818181818182
protein_0103,protein_0389,0.14444444444444443
protein_0103,protein_0390,0.21839080459770116
protein_0103,protein_0391,0.24242424242424243
protein_0103,protein_0392,0.23076923076923078
protein_0103,protein_0393,0.26666666666666666
protein_0103,protein_0394,0.14912280701754385
protein_0103,protein_0395,0.2717391304347826
protein_0103,protein_0396,0.12931034482758622
protein_0103,protein_0397,0.22988505747126436
protein_0103,protein_0399,0.24175824175824176
protein_0109,protein_0000,0.13636363636363635
protein_0109,protein_0001,0.23118399543159554
protein_0109,protein_0002,0.16049382716049382
protein_0109,protein_0003,0.12643678160919541
protein_0109,protein_0004,0.1590909090909091
protein_0109,protein_0005,0.16666666666666666
protein_0109,protein_0007,0.270985912721295
protein_0109,protein_0008,0.15151515151515152
protein_0109,protein_0009,0.1590909090909091
protein_0109,protein_0011,0.16091954022988506
protein_0109,protein_0012,0.14772727272727273
protein_0109,protein_0013,0.2054794520547945
protein_0109,protein_0014,0.13682207718710265
protein_0109,protein_0015,0.13725490196078433
protein_0109,protein_0016,0.16161616161616163
protein_0109,protein_0018,0.18181818181818182
protein_0109,protein_0019,0.22487285510383337
protein_0109,protein_0020,0.13829787234042554
protein_0109,protein_0021,0.2
protein_0109,protein_0022,0.1365223012281836
protein_0109,protein_0023,0.13214285714285715
protein_0109,protein_0025,0.16304347826086957
protein_0109,protein_0026,0.13740458015267176
protein_0109,protein_0027,0.15122991967871485
protein_0109,protein_0028,0.17
protein_0109,protein_0029,0.25834387793947894
protein_0109,protein_0030,0.1092436974789916
protein_0109,protein_0031,0.1308411214953271
protein_0109,protein_0032,0.16091954022988506
protein_0109,protein_0033,0.14285714285714285
protein_0109,protein_0034,0.14893617021276595
protein_0109,protein_0035,0.15306122448979592
protein_0109,protein_0037,0.1519607843137255
protein_0109,protein_0038,0.1519607843137255
protein_0109,protein_0039,0.1590909090909091
protein_0109,protein_0040,0.20987654320987653
protein_0109,protein_0041,0.16091954022988506
protein_0109,protein_0042,0.1511627906976744
protein_0109,protein_0043,0.1590909090909091
protein_0109,protein_0044,0.13636363636363635
protein_0109,protein_0045,0.15555555555555556
protein_0109,protein_0046,0.25436656443926653
protein_0109,protein_0047,0.12643678160919541
protein_0109,protein_0048,0.13793103448275862
protein_0109,protein_0049,0.12643678160919541
protein_0109,protein_0050,0.13
protein_0109,protein_0051,0.28135889779677264
protein_0109,protein_0052,0.14444444444444443
protein_0109,protein_0053,0.12359550561797752
protein_0109,protein_0054,0.15126050420168066
protein_0109,protein_0055,0.15
protein_0109,protein_0056,0.11632075471698114
protein_0109,protein_0057,0.27679402057213154
protein_0109,protein_0058,0.20588235294117646
protein_0109,protein_0060,0.13746034797654522
protein_0109,protein_0061,0.16304347826086957
protein_0109,protein_0062,0.13333333333333333
protein_0109,protein_0063,0.0794392523364486
protein_0109,protein_0064,0.18181818181818182
protein_0109,protein_0065,0.12871287128712872
protein_0109,protein_0066,0.1320754716981132
protein_0109,protein_0067,0.12790697674418605
protein_0109,protein_0068,0.12643678160919541
protein_0109,protein_0069,0.13333333333333333
protein_0109,protein_0070,0.14942528735632185
protein_0109,protein_0071,0.14942528735632185
protein_0109,protein_0072,0.248955894420535
protein_0109,protein_0073,0.11494252873563218
protein_0109,protein_0074,0.18478260869565216
protein_0109,protein_0075,0.15544458762886598
protein_0109,protein_0076,0.2054794520547945
protein_0109,protein_0077,0.1724137931034483
protein_0109,protein_0078,0.14705882352941177
protein_0109,protein_0079,0.14705882352941177
protein_0109,protein_0080,0.15217391304347827
protein_0109,protein_0082,0.16
protein_0109,protein_0083,0.15730337078651685
protein_0109,protein_0084,0.14367816091954022
protein_0109,protein_0085,0.16
protein_0109,protein_0086,0.16
protein_0109,protein_0087,0.2604166666666667
protein_0109,protein_0088,0.12643678160919541
protein_0109,protein_0089,0.12348602484472049
protein_0109,protein_0090,0.1292490118577075
protein_0109,protein_0091,0.1415929203539823
protein_0109,protein_0092,0.1415929203539823
protein_0109,protein_0093,0.1927710843373494
protein_0109,protein_0094,0.1565217391304348
protein_0109,protein_0095,0.12974481658692183
protein_0109,protein_0096,0.14705882352941177
protein_0109,protein_0097,0.15730337078651685
protein_0109,protein_0098,0.13793103448275862
protein_0109,protein_0099,0.1396103896103896
protein_0109,protein_0100,0.3017687279956313
protein_0109,protein_0101,0.11494252873563218
protein_0109,protein_0102,0.11494252873563218
protein_0109,protein_0104,0.15384615384615385
protein_0109,protein_0105,0.17647058823529413
protein_0109,protein_0106,0.13143913143913144
protein_0109,protein_0107,0.15555555555555556
protein_0109,protein_0108,0.19540229885057472
protein_0109,protein_0110,0.13953488372093023
protein_0109,protein_0112,0.15384615384615385
protein_0109,protein_0113,0.13978494623655913
protein_0109,protein_0114,0.1348314606741573
protein_0109,protein_0115,0.1590909090909091
protein_0109,protein_0116,0.1280564263322884
protein_0109,protein_0117,0.1280564263322884
protein_0109,protein_0118,0.2249831424288731
protein_0109,protein_0120,0.14942528735632185
protein_0109,protein_0121,0.14942528735632185
protein_0109,protein_0122,0.15653953889248007
protein_0109,protein_0123,0.28931702898550726
protein_0109,protein_0124,0.14942528735632185
protein_0109,protein_0125,0.12244897959183673
protein_0109,protein_0126,0.15151515151515152
protein_0109,protein_0127,0.11494252873563218
protein_0109,protein_0128,0.18888888888888888
protein_0109,protein_0129,0.14942528735632185
protein_0109,protein_0130,0.13359683794466404
protein_0109,protein_0131,0.1584107327141383
protein_0109,protein_0132,0.13274336283185842
protein_0109,protein_0133,0.13274336283185842
protein_0109,protein_0134,0.13953488372093023
protein_0109,protein_0135,0.1566265060240964
protein_0109,protein_0136,0.1724137931034483
protein_0109,protein_0137,0.16101694915254236
protein_0109,protein_0138,0.16101694915254236
protein_0109,protein_0140,0.15789473684210525
protein_0109,protein_0141,0.15653953889248007
protein_0109,protein_0142,0.13953488372093023
protein_0109,protein_0143,0.1590909090909091
protein_0109,protein_0144,0.1326530612244898
protein_0109,protein_0146,0.1875
protein_0109,protein_0147,0.16091954022988506
protein_0109,protein_0148,0.14772727272727273
protein_0109,protein_0149,0.3120780493923692
protein_0109,protein_0151,0.15730337078651685
protein_0109,protein_0152,0.34086074930243687
protein_0109,protein_0153,0.14107142857142857
protein_0109,protein_0154,0.13854608718273906
protein_0109,protein_0156,0.1308411214953271
protein_0109,protein_0158,0.318740772938674
protein_0109,protein_0159,0.15217391304347827
protein_0109,protein_0160,0.16853932584269662
protein_0109,protein_0161,0.15384615384615385
protein_0109,protein_0162,0.15853658536585366
protein_0109,protein_0163,0.1485148514851485
protein_0109,protein_0164,0.14444444444444443
protein_0109,protein_0166,0.13186813186813187
protein_0109,protein_0168,0.15416860735910573
protein_0109,protein_0169,0.12396694214876033
protein_0109,protein_0170,0.1724137931034483
protein_0109,protein_0171,0.13978494623655913
protein_0109,protein_0172,0.125
protein_0109,protein_0173,0.1724137931034483
protein_0109,protein_0174,0.18888888888888888
protein_0109,protein_0176,0.2518912024338745
protein_0109,protein_0178,0.13274336283185842
protein_0109,protein_0179,0.1592920353982301
protein_0109,protein_0180,0.16091954022988506
protein_0109,protein_0181,0.12643678160919541
protein_0109,protein_0182,0.1797752808988764
protein_0109,protein_0183,0.12121212121212122
protein_0109,protein_0184,0.11494252873563218
protein_0109,protein_0185,0.19101123595505617
protein_0109,protein_0186,0.15151515151515152
protein_0109,protein_0187,0.17777777777777778
protein_0109,protein_0188,0.26990055011799735
protein_0109,protein_0189,0.15384615384615385
protein_0109,protein_0190,0.17346938775510204
protein_0109,protein_0191,0.13333333333333333
protein_0109,protein_0193,0.14772727272727273
protein_0109,protein_0195,0.18181818181818182
protein_0109,protein_0197,0.1797752808988764
protein_0109,protein_0198,0.13793103448275862
protein_0109,protein_0199,0.15555555555555556
protein_0109,protein_0200,0.16091954022988506
protein_0109,protein_0201,0.12380952380952381
protein_0109,protein_0202,0.10344827586206896
protein_0109,protein_0203,0.125
protein_0109,protein_0204,0.2664150269498019
protein_0109,protein_0205,0.09004739336492891
protein_0109,protein_0206,0.14606741573033707
protein_0109,protein_0207,0.15
protein_0109,protein_0208,0.11155157715260017
protein_0109,protein_0209,0.14772727272727273
protein_0109,protein_0210,0.14772727272727273
protein_0109,protein_0211,0.14210526315789473
protein_0109,protein_0212,0.1643835616438356
protein_0109,protein_0213,0.17045454545454544
protein_0109,protein_0214,0.21212121212121213
protein_0109,protein_0215,0.19696969696969696
protein_0109,protein_0216,0.16831683168316833
protein_0109,protein_0217,0.1686746987951807
protein_0109,protein_0219,0.12396694214876033
protein_0109,protein_0220,0.17045454545454544
protein_0109,protein_0221,0.18840579710144928
protein_0109,protein_0222,0.1511627906976744
protein_0109,protein_0223,0.17647058823529413
protein_0109,protein_0224,0.19544637613127097
protein_0109,protein_0225,0.1686746987951807
protein_0109,protein_0226,0.14285714285714285
protein_0109,protein_0227,0.17142857142857143
protein_0109,protein_0228,0.136441647597254
protein_0109,protein_0230,0.15053763440860216
protein_0109,protein_0231,0.20454545454545456
protein_0109,protein_0232,0.30155904034357767
protein_0109,protein_0233,0.14960629921259844
protein_0109,protein_0234,0.1414141414141414
protein_0109,protein_0235,0.1208495493476238
protein_0109,protein_0236,0.11669580419580419
protein_0109,protein_0237,0.11669580419580419
protein_0109,protein_0238,0.1450381679389313
protein_0109,protein_0239,0.12643678160919541
protein_0109,protein_0240,0.14130434782608695
protein_0109,protein_0241,0.11494252873563218
protein_0109,protein_0242,0.25124189191853474
protein_0109,protein_0243,0.15217391304347827
protein_0109,protein_0244,0.14745011086474502
protein_0109,protein_0246,0.14285714285714285
protein_0109,protein_0247,0.14181898325007347
protein_0109,protein_0248,0.16161616161616163
protein_0109,protein_0249,0.1111111111111111
protein_0109,protein_0250,0.20030968468468469
protein_0109,protein_0251,0.16853932584269662
protein_0109,protein_0252,0.16853932584269662
protein_0109,protein_0253,0.1504424778761062
protein_0109,protein_0254,0.16447368421052633
protein_0109,protein_0255,0.10526315789473684
protein_0109,protein_0256,0.1619047619047619
protein_0109,protein_0257,0.1619047619047619
protein_0109,protein_0259,0.2489975710716903
protein_0109,protein_0260,0.2489975710716903
protein_0109,protein_0261,0.13131313131313133
protein_0109,protein_0262,0.14074074074074075
protein_0109,protein_0263,0.14184397163120568
protein_0109,protein_0264,0.14942528735632185
protein_0109,protein_0266,0.12101063829787234
protein_0109,protein_0267,0.18181818181818182
protein_0109,protein_0268,0.1686746987951807
protein_0109,protein_0269,0.12096774193548387
protein_0109,protein_0270,0.16901408450704225
protein_0109,protein_0271,0.2833391887883819
protein_0109,protein_0272,0.134946949602122
protein_0109,protein_0273,0.14135720601237842
protein_0109,protein_0274,0.15730337078651685
protein_0109,protein_0276,0.13793103448275862
protein_0109,protein_0277,0.2678878090455608
protein_0109,protein_0278,0.16666666666666666
protein_0109,protein_0279,0.1411764705882353
protein_0109,protein_0280,0.1511627906976744
protein_0109,protein_0281,0.15789473684210525
protein_0109,protein_0282,0.17647058823529413
protein_0109,protein_0283,0.0963302752293578
protein_0109,protein_0285,0.16091954022988506
protein_0109,protein_0286,0.31213209706090767
protein_0109,protein_0287,0.14018691588785046
protein_0109,protein_0288,0.12195121951219512
protein_0109,protein_0289,0.1778972783143108
protein_0109,protein_0290,0.12871287128712872
protein_0109,protein_0292,0.2514799603501963
protein_0109,protein_0293,0.16853932584269662
protein_0109,protein_0294,0.14424352019288728
protein_0109,protein_0295,0.2584159811913356
protein_0109,protein_0296,0.13559322033898305
protein_0109,protein_0297,0.2479440386126194
protein_0109,protein_0298,0.2465255064755884
protein_0109,protein_0299,0.1582009857612267
protein_0109,protein_0300,0.13951310861423222
protein_0109,protein_0301,0.13325830795710314
protein_0109,protein_0302,0.09216589861751152
protein_0109,protein_0303,0.21333333333333335
protein_0109,protein_0304,0.16721014492753622
protein_0109,protein_0305,0.14968623108157988
protein_0109,protein_0306,0.15
protein_0109,protein_0308,0.17391304347826086
protein_0109,protein_0309,0.15980392156862744
protein_0109,protein_0310,0.15151515151515152
protein_0109,protein_0312,0.19318181818181818
protein_0109,protein_0313,0.15130718954248368
protein_0109,protein_0314,0.15306122448979592
protein_0109,protein_0315,0.12389380530973451
protein_0109,protein_0317,0.14
protein_0109,protein_0318,0.14912280701754385
protein_0109,protein_0319,0.14444444444444443
protein_0109,protein_0320,0.10227272727272728
protein_0109,protein_0321,0.16842105263157894
protein_0109,protein_0322,0.1744186046511628
protein_0109,protein_0323,0.1724137931034483
protein_0109,protein_0324,0.18055555555555555
protein_0109,protein_0325,0.15949862906384646
protein_0109,protein_0326,0.1794871794871795
protein_0109,protein_0327,0.14772727272727273
protein_0109,protein_0328,0.11926605504587157
protein_0109,protein_0329,0.11926605504587157
protein_0109,protein_0330,0.11494252873563218
protein_0109,protein_0331,0.2638617431588367
protein_0109,protein_0334,0.15730337078651685
protein_0109,protein_0335,0.16346153846153846
protein_0109,protein_0336,0.2591003199698852
protein_0109,protein_0337,0.14588859416445624
protein_0109,protein_0338,0.1348314606741573
protein_0109,protein_0339,0.37891365922684983
protein_0109,protein_0340,0.13861386138613863
protein_0109,protein_0341,0.125
protein_0109,protein_0342,0.2112676056338028
protein_0109,protein_0343,0.18752594437525943
protein_0109,protein_0344,0.1702127659574468
protein_0109,protein_0345,0.16981995727799817
protein_0109,protein_0346,0.16981995727799817
protein_0109,protein_0348,0.17094017094017094
protein_0109,protein_0349,0.13725490196078433
protein_0109,protein_0350,0.15730337078651685
protein_0109,protein_0352,0.22879902152999979
protein_0109,protein_0353,0.1139105206901817
protein_0109,protein_0354,0.19540229885057472
protein_0109,protein_0355,0.1596264367816092
protein_0109,protein_0356,0.2878430166481572
protein_0109,protein_0357,0.16666666666666666
protein_0109,protein_0358,0.15789473684210525
protein_0109,protein_0359,0.11764705882352941
protein_0109,protein_0360,0.13793103448275862
protein_0109,protein_0361,0.1623931623931624
protein_0109,protein_0362,0.18181818181818182
protein_0109,protein_0364,0.20454545454545456
protein_0109,protein_0365,0.1744186046511628
protein_0109,protein_0366,0.16279069767441862
protein_0109,protein_0367,0.15151515151515152
protein_0109,protein_0368,0.17073170731707318
protein_0109,protein_0369,0.18666666666666668
protein_0109,protein_0370,0.1702127659574468
protein_0109,protein_0371,0.12643678160919541
protein_0109,protein_0372,0.0963302752293578
protein_0109,protein_0373,0.16822429906542055
protein_0109,protein_0374,0.13675213675213677
protein_0109,protein_0375,0.1724137931034483
protein_0109,protein_0376,0.1414141414141414
protein_0109,protein_0377,0.17045454545454544
protein_0109,protein_0378,0.1834862385321101
protein_0109,protein_0379,0.16502758968149922
protein_0109,protein_0380,0.16502758968149922
protein_0109,protein_0381,0.16502758968149922
protein_0109,protein_0382,0.13691051670426468
protein_0109,protein_0383,0.28835316401142863
protein_0109,protein_0384,0.16666666666666666
protein_0109,protein_0385,0.12121212121212122
protein_0109,protein_0386,0.14
protein_0109,protein_0387,0.16161616161616163
protein_0109,protein_0388,0.2633627017074095
protein_0109,protein_0389,0.22535211267605634
protein_0109,protein_0390,0.12643678160919541
protein_0109,protein_0391,0.16483516483516483
protein_0109,protein_0392,0.16666666666666666
protein_0109,protein_0393,0.16666666666666666
protein_0109,protein_0394,0.12280701754385964
protein_0109,protein_0395,0.17204301075268819
protein_0109,protein_0396,0.16666666666666666
protein_0109,protein_0397,0.19047619047619047
protein_0109,protein_0399,0.14942528735632185
protein_0111,protein_0000,0.27586206896551724
protein_0111,protein_0001,0.18181818181818182
protein_0111,protein_0002,0.1875
protein_0111,protein_0003,0.27586206896551724
protein_0111,protein_0004,0.3118279569892473
protein_0111,protein_0005,0.16666666666666666
protein_0111,protein_0007,0.14942528735632185
protein_0111,protein_0008,0.18691588785046728
protein_0111,protein_0009,0.3333333333333333
protein_0111,protein_0011,0.3333333333333333
protein_0111,protein_0012,0.3333333333333333
protein_0111,protein_0013,0.14942528735632185
protein_0111,protein_0014,0.18421052631578946
protein_0111,protein_0015,0.16666666666666666
protein_0111,protein_0016,0.13333333333333333
protein_0111,protein_0018,0.26436781609195403
protein_0111,protein_0019,0.16091954022988506
protein_0111,protein_0020,0.26436781609195403
protein_0111,protein_0021,0.14772727272727273
protein_0111,protein_0022,0.19230769230769232
protein_0111,protein_0023,0.1650485436893204
protein_0111,protein_0025,0.24444444444444444
protein_0111,protein_0026,0.14074074074074075
protein_0111,protein_0027,0.15841584158415842
protein_0111,protein_0028,0.17142857142857143
protein_0111,protein_0029,0.17894736842105263
protein_0111,protein_0030,0.1487603305785124
protein_0111,protein_0031,0.1574074074074074
protein_0111,protein_0032,0.2608695652173913
protein_0111,protein_0033,0.3103448275862069
protein_0111,protein_0034,0.3333333333333333
protein_0111,protein_0035,0.14563106796116504
protein_0111,protein_0037,0.22988505747126436
protein_0111,protein_0038,0.22988505747126436
protein_0111,protein_0039,0.3333333333333333
protein_0111,protein_0040,0.08045977011494253
protein_0111,protein_0041,0.20689655172413793
protein_0111,protein_0042,0.13793103448275862
protein_0111,protein_0043,0.21839080459770116
protein_0111,protein_0044,0.20689655172413793
protein_0111,protein_0045,0.26436781609195403
protein_0111,protein_0046,0.14942528735632185
protein_0111,protein_0047,0.27586206896551724
protein_0111,protein_0048,0.29347826086956524
protein_0111,protein_0049,0.3103448275862069
protein_0111,protein_0050,0.1320754716981132
protein_0111,protein_0051,0.15730337078651685
protein_0111,protein_0052,0.22988505747126436
protein_0111,protein_0053,0.28735632183908044
protein_0111,protein_0054,0.10569105691056911
protein_0111,protein_0055,0.12903225806451613
protein_0111,protein_0056,0.13274336283185842
protein_0111,protein_0057,0.14942528735632185
protein_0111,protein_0058,0.17582417582417584
protein_0111,protein_0060,0.14
protein_0111,protein_0061,0.20652173913043478
protein_0111,protein_0062,0.26436781609195403
protein_0111,protein_0063,0.11214953271028037
protein_0111,protein_0064,0.28735632183908044
protein_0111,protein_0065,0.1485148514851485
protein_0111,protein_0066,0.12871287128712872
protein_0111,protein_0067,0.367816091954023
protein_0111,protein_0068,0.41379310344827586
protein_0111,protein_0069,0.3103448275862069
protein_0111,protein_0070,0.3522727272727273
protein_0111,protein_0071,0.19540229885057472
protein_0111,protein_0072,0.16091954022988506
protein_0111,protein_0073,0.3448275862068966
protein_0111,protein_0074,0.1414141414141414
protein_0111,protein_0075,0.19047619047619047
protein_0111,protein_0076,0.13793103448275862
protein_0111,protein_0077,0.22988505747126436
protein_0111,protein_0078,0.168141592920354
protein_0111,protein_0079,0.168141592920354
protein_0111,protein_0080,0.25287356321839083
protein_0111,protein_0082,0.16379310344827586
protein_0111,protein_0083,0.28735632183908044
protein_0111,protein_0084,0.27586206896551724
protein_0111,protein_0085,0.16379310344827586
protein_0111,protein_0086,0.15517241379310345
protein_0111,protein_0087,0.14942528735632185
protein_0111,protein_0088,0.28735632183908044
protein_0111,protein_0089,0.15966386554621848
protein_0111,protein_0090,0.16806722689075632
protein_0111,protein_0091,0.17796610169491525
protein_0111,protein_0092,0.17796610169491525
protein_0111,protein_0093,0.3103448275862069
protein_0111,protein_0094,0.16521739130434782
protein_0111,protein_0095,0.15702479338842976
protein_0111,protein_0096,0.13131313131313133
protein_0111,protein_0097,0.2988505747126437
protein_0111,protein_0098,0.19540229885057472
protein_0111,protein_0099,0.15
protein_0111,protein_0100,0.1839080459770115
protein_0111,protein_0101,0.3333333333333333
protein_0111,protein_0102,0.22988505747126436
protein_0111,protein_0104,0.13559322033898305
protein_0111,protein_0105,0.14942528735632185
protein_0111,protein_0106,0.1452991452991453
protein_0111,protein_0107,0.27586206896551724
protein_0111,protein_0108,0.22727272727272727
protein_0111,protein_0110,0.3333333333333333
protein_0111,protein_0112,0.1941747572815534
protein_0111,protein_0113,0.3218390804597701
protein_0111,protein_0114,0.20689655172413793
protein_0111,protein_0115,0.22988505747126436
protein_0111,protein_0116,0.1452991452991453
protein_0111,protein_0117,0.1452991452991453
protein_0111,protein_0118,0.1724137931034483
protein_0111,protein_0120,0.2413793103448276
protein_0111,protein_0121,0.2413793103448276
protein_0111,protein_0122,0.2413793103448276
protein_0111,protein_0123,0.14942528735632185
protein_0111,protein_0124,0.27586206896551724
protein_0111,protein_0125,0.17
protein_0111,protein_0126,0.16037735849056603
protein_0111,protein_0127,0.22988505747126436
protein_0111,protein_0128,0.26436781609195403
protein_0111,protein_0129,0.21839080459770116
protein_0111,protein_0130,0.14754098360655737
protein_0111,protein_0131,0.1590909090909091
protein_0111,protein_0132,0.20909090909090908
protein_0111,protein_0133,0.20909090909090908
protein_0111,protein_0134,0.22988505747126436
protein_0111,protein_0135,0.25287356321839083
protein_0111,protein_0136,0.15702479338842976
protein_0111,protein_0137,0.1557377049180328
protein_0111,protein_0138,0.1557377049180328
protein_0111,protein_0140,0.3103448275862069
protein_0111,protein_0141,0.21839080459770116
protein_0111,protein_0142,0.3333333333333333
protein_0111,protein_0143,0.28735632183908044
protein_0111,protein_0144,0.3103448275862069
protein_0111,protein_0146,0.1935483870967742
protein_0111,protein_0147,0.2413793103448276
protein_0111,protein_0148,0.2413793103448276
protein_0111,protein_0149,0.1348314606741573
protein_0111,protein_0151,0.1797752808988764
protein_0111,protein_0152,0.17045454545454544
protein_0111,protein_0153,0.20224719101123595
protein_0111,protein_0154,0.16091954022988506
protein_0111,protein_0156,0.11711711711711711
protein_0111,protein_0158,0.15306122448979592
protein_0111,protein_0159,0.2413793103448276
protein_0111,protein_0160,0.29213483146067415
protein_0111,protein_0161,0.16101694915254236
protein_0111,protein_0162,0.21839080459770116
protein_0111,protein_0163,0.13861386138613863
protein_0111,protein_0164,0.21839080459770116
protein_0111,protein_0166,0.22988505747126436
protein_0111,protein_0168,0.12605042016806722
protein_0111,protein_0169,0.09482758620689655
protein_0111,protein_0170,0.22988505747126436
protein_0111,protein_0171,0.42528735632183906
protein_0111,protein_0172,0.16260162601626016
protein_0111,protein_0173,0.2413793103448276
protein_0111,protein_0174,0.28735632183908044
protein_0111,protein_0176,0.17204301075268819
protein_0111,protein_0178,0.16521739130434782
protein_0111,protein_0179,0.13157894736842105
protein_0111,protein_0180,0.2696629213483146
protein_0111,protein_0181,0.3448275862068966
protein_0111,protein_0182,0.3448275862068966
protein_0111,protein_0183,0.1592920353982301
protein_0111,protein_0184,0.22988505747126436
protein_0111,protein_0185,0.15730337078651685
protein_0111,protein_0186,0.17592592592592593
protein_0111,protein_0187,0.26436781609195403
protein_0111,protein_0188,0.17777777777777778
protein_0111,protein_0189,0.29545454545454547
protein_0111,protein_0190,0.3103448275862069
protein_0111,protein_0191,0.22988505747126436
protein_0111,protein_0193,0.28735632183908044
protein_0111,protein_0195,0.2988505747126437
protein_0111,protein_0197,0.3181818181818182
protein_0111,protein_0198,0.32608695652173914
protein_0111,protein_0199,0.2
protein_0111,protein_0200,0.3409090909090909
protein_0111,protein_0201,0.1782178217821782
protein_0111,protein_0202,0.22988505747126436
protein_0111,protein_0203,0.11764705882352941
protein_0111,protein_0204,0.1724137931034483
protein_0111,protein_0205,0.11574074074074074
protein_0111,protein_0206,0.3103448275862069
protein_0111,protein_0207,0.12096774193548387
protein_0111,protein_0208,0.1724137931034483
protein_0111,protein_0209,0.21839080459770116
protein_0111,protein_0210,0.27586206896551724
protein_0111,protein_0211,0.14423076923076922
protein_0111,protein_0212,0.19540229885057472
protein_0111,protein_0213,0.2413793103448276
protein_0111,protein_0214,0.11494252873563218
protein_0111,protein_0215,0.1797752808988764
protein_0111,protein_0216,0.15625
protein_0111,protein_0217,0.16494845360824742
protein_0111,protein_0219,0.14285714285714285
protein_0111,protein_0220,0.25287356321839083
protein_0111,protein_0221,0.1590909090909091
protein_0111,protein_0222,0.3103448275862069
protein_0111,protein_0223,0.16091954022988506
protein_0111,protein_0224,0.13793103448275862
protein_0111,protein_0225,0.18478260869565216
protein_0111,protein_0226,0.1368421052631579
protein_0111,protein_0227,0.20689655172413793
protein_0111,protein_0228,0.21978021978021978
protein_0111,protein_0230,0.1702127659574468
protein_0111,protein_0231,0.25287356321839083
protein_0111,protein_0232,0.15730337078651685
protein_0111,protein_0233,0.1171875
protein_0111,protein_0234,0.18
protein_0111,protein_0235,0.12631578947368421
protein_0111,protein_0236,0.2988505747126437
protein_0111,protein_0237,0.2988505747126437
protein_0111,protein_0238,0.14925373134328357
protein_0111,protein_0239,0.21839080459770116
protein_0111,protein_0240,0.21839080459770116
protein_0111,protein_0241,0.20689655172413793
protein_0111,protein_0242,0.13793103448275862
protein_0111,protein_0243,0.26436781609195403
protein_0111,protein_0244,0.16091954022988506
protein_0111,protein_0246,0.1836734693877551
protein_0111,protein_0247,0.13793103448275862
protein_0111,protein_0248,0.25287356321839083
protein_0111,protein_0249,0.21839080459770116
protein_0111,protein_0250,0.2222222222222222
protein_0111,protein_0251,0.15053763440860216
protein_0111,protein_0252,0.1836734693877551
protein_0111,protein_0253,0.168141592920354
protein_0111,protein_0254,0.15730337078651685
protein_0111,protein_0255,0.12280701754385964
protein_0111,protein_0256,0.16037735849056603
protein_0111,protein_0257,0.1509433962264151
protein_0111,protein_0259,0.15730337078651685
protein_0111,protein_0260,0.15730337078651685
protein_0111,protein_0261,0.18811881188118812
protein_0111,protein_0262,0.1111111111111111
protein_0111,protein_0263,0.1323529411764706
protein_0111,protein_0264,0.22988505747126436
protein_0111,protein_0266,0.16666666666666666
protein_0111,protein_0267,0.1839080459770115
protein_0111,protein_0268,0.2
protein_0111,protein_0269,0.18181818181818182
protein_0111,protein_0270,0.12643678160919541
protein_0111,protein_0271,0.16666666666666666
protein_0111,protein_0272,0.28735632183908044
protein_0111,protein_0273,0.2988505747126437
protein_0111,protein_0274,0.1935483870967742
protein_0111,protein_0276,0.2413793103448276
protein_0111,protein_0277,0.14772727272727273
protein_0111,protein_0278,0.18888888888888888
protein_0111,protein_0279,0.2413793103448276
protein_0111,protein_0280,0.22988505747126436
protein_0111,protein_0281,0.21666666666666667
protein_0111,protein_0282,0.13043478260869565
protein_0111,protein_0283,0.11009174311926606
protein_0111,protein_0285,0.3333333333333333
protein_0111,protein_0286,0.1724137931034483
protein_0111,protein_0287,0.20535714285714285
protein_0111,protein_0288,0.2413793103448276
protein_0111,protein_0289,0.1348314606741573
protein_0111,protein_0290,0.18811881188118812
protein_0111,protein_0292,0.1839080459770115
protein_0111,protein_0293,0.2222222222222222
protein_0111,protein_0294,0.2413793103448276
protein_0111,protein_0295,0.18947368421052632
protein_0111,protein_0296,0.14166666666666666
protein_0111,protein_0297,0.14942528735632185
protein_0111,protein_0298,0.16666666666666666
protein_0111,protein_0299,0.14953271028037382
protein_0111,protein_0300,0.17647058823529413
protein_0111,protein_0301,0.17647058823529413
protein_0111,protein_0302,0.10599078341013825
protein_0111,protein_0303,0.23595505617977527
protein_0111,protein_0304,0.15555555555555556
protein_0111,protein_0305,0.16091954022988506
protein_0111,protein_0306,0.12903225806451613
protein_0111,protein_0308,0.1565217391304348
protein_0111,protein_0309,0.18085106382978725
protein_0111,protein_0310,0.1891891891891892
protein_0111,protein_0312,0.2413793103448276
protein_0111,protein_0313,0.25842696629213485
protein_0111,protein_0314,0.10679611650485436
protein_0111,protein_0315,0.11016949152542373
protein_0111,protein_0317,0.20192307692307693
protein_0111,protein_0318,0.2
protein_0111,protein_0319,0.38202247191011235
protein_0111,protein_0320,0.20689655172413793
protein_0111,protein_0321,0.24444444444444444
protein_0111,protein_0322,0.22988505747126436
protein_0111,protein_0323,0.2413793103448276
protein_0111,protein_0324,0.19540229885057472
protein_0111,protein_0325,0.14545454545454545
protein_0111,protein_0326,0.16842105263157894
protein_0111,protein_0327,0.2777777777777778
protein_0111,protein_0328,0.12280701754385964
protein_0111,protein_0329,0.12280701754385964
protein_0111,protein_0330,0.2988505747126437
protein_0111,protein_0331,0.18947368421052632
protein_0111,protein_0334,0.22826086956521738
protein_0111,protein_0335,0.1523809523809524
protein_0111,protein_0336,0.20689655172413793
protein_0111,protein_0337,0.27586206896551724
protein_0111,protein_0338,0.26136363636363635
protein_0111,protein_0339,0.14942528735632185
protein_0111,protein_0340,0.13592233009708737
protein_0111,protein_0341,0.1553398058252427
protein_0111,protein_0342,0.1724137931034483
protein_0111,protein_0343,0.1348314606741573
protein_0111,protein_0344,0.26436781609195403
protein_0111,protein_0345,0.14516129032258066
protein_0111,protein_0346,0.14516129032258066
protein_0111,protein_0348,0.11206896551724138
protein_0111,protein_0349,0.15841584158415842
protein_0111,protein_0350,0.25287356321839083
protein_0111,protein_0352,0.16091954022988506
protein_0111,protein_0353,0.15126050420168066
protein_0111,protein_0354,0.3218390804597701
protein_0111,protein_0355,0.26436781609195403
protein_0111,protein_0356,0.14942528735632185
protein_0111,protein_0357,0.18032786885245902
protein_0111,protein_0358,0.25287356321839083
protein_0111,protein_0359,0.09090909090909091
protein_0111,protein_0360,0.20689655172413793
protein_0111,protein_0361,0.11023622047244094
protein_0111,protein_0362,0.22916666666666666
protein_0111,protein_0364,0.21875
protein_0111,protein_0365,0.16483516483516483
protein_0111,protein_0366,0.16666666666666666
protein_0111,protein_0367,0.18181818181818182
protein_0111,protein_0368,0.16666666666666666
protein_0111,protein_0369,0.16129032258064516
protein_0111,protein_0370,0.26436781609195403
protein_0111,protein_0371,0.25287356321839083
protein_0111,protein_0372,0.0963302752293578
protein_0111,protein_0373,0.15384615384615385
protein_0111,protein_0374,0.11016949152542373
protein_0111,protein_0375,0.2413793103448276
protein_0111,protein_0376,0.16161616161616163
protein_0111,protein_0377,0.26436781609195403
protein_0111,protein_0378,0.15384615384615385
protein_0111,protein_0379,0.14583333333333334
protein_0111,protein_0380,0.14583333333333334
protein_0111,protein_0381,0.14583333333333334
protein_0111,protein_0382,0.25
protein_0111,protein_0383,0.15384615384615385
protein_0111,protein_0384,0.3103448275862069
protein_0111,protein_0385,0.16666666666666666
protein_0111,protein_0386,0.1565217391304348
protein_0111,protein_0387,0.14285714285714285
protein_0111,protein_0388,0.14606741573033707
protein_0111,protein_0389,0.12643678160919541
protein_0111,protein_0390,0.3563218390804598
protein_0111,protein_0391,0.1956521739130435
protein_0111,protein_0392,0.24444444444444444
protein_0111,protein_0393,0.24444444444444444
protein_0111,protein_0394,0.1282051282051282
protein_0111,protein_0395,0.29591836734693877
protein_0111,protein_0396,0.10743801652892562
protein_0111,protein_0397,0.27586206896551724
protein_0111,protein_0399,0.25287356321839083
protein_0119,protein_0000,0.14035087719298245
protein_0119,protein_0001,0.14150943396226415
protein_0119,protein_0002,0.16346153846153846
protein_0119,protein_0003,0.10679611650485436
protein_0119,protein_0004,0.18
protein_0119,protein_0005,0.13592233009708737
protein_0119,protein_0007,0.15
protein_0119,protein_0008,0.13385826771653545
protein_0119,protein_0009,0.1485148514851485
protein_0119,protein_0011,0.12871287128712872
protein_0119,protein_0012,0.12264150943396226
protein_0119,protein_0013,0.14
protein_0119,protein_0014,0.17272727272727273
protein_0119,protein_0015,0.14150943396226415
protein_0119,protein_0016,0.1440677966101695
protein_0119,protein_0018,0.10891089108910891
protein_0119,protein_0019,0.14
protein_0119,protein_0020,0.13761467889908258
protein_0119,protein_0021,0.18811881188118812
protein_0119,protein_0022,0.11214953271028037
protein_0119,protein_0023,0.16822429906542055
protein_0119,protein_0025,0.16981132075471697
protein_0119,protein_0026,0.14925373134328357
protein_0119,protein_0027,0.19090909090909092
protein_0119,protein_0028,0.13513513513513514
protein_0119,protein_0029,0.17
protein_0119,protein_0030,0.2
protein_0119,protein_0031,0.1452991452991453
protein_0119,protein_0032,0.1553398058252427
protein_0119,protein_0033,0.12871287128712872
protein_0119,protein_0034,0.12871287128712872
protein_0119,protein_0035,0.1415929203539823
protein_0119,protein_0037,0.17886178861788618
protein_0119,protein_0038,0.17886178861788618
protein_0119,protein_0039,0.1485148514851485
protein_0119,protein_0040,0.13
protein_0119,protein_0041,0.16
protein_0119,protein_0042,0.1574074074074074
protein_0119,protein_0043,0.11764705882352941
protein_0119,protein_0044,0.11965811965811966
protein_0119,protein_0045,0.1485148514851485
protein_0119,protein_0046,0.13
protein_0119,protein_0047,0.13
protein_0119,protein_0048,0.13
protein_0119,protein_0049,0.13
protein_0119,protein_0050,0.1532258064516129
protein_0119,protein_0051,0.17
protein_0119,protein_0052,0.13513513513513514
protein_0119,protein_0053,0.12149532710280374
protein_0119,protein_0054,0.12698412698412698
protein_0119,protein_0055,0.11904761904761904
protein_0119,protein_0056,0.13675213675213677
protein_0119,protein_0057,0.15
protein_0119,protein_0058,0.13392857142857142
protein_0119,protein_0060,0.1346153846153846
protein_0119,protein_0061,0.17117117117117117
protein_0119,protein_0062,0.12
protein_0119,protein_0063,0.10138248847926268
protein_0119,protein_0064,0.18269230769230768
protein_0119,protein_0065,0.15833333333333333
protein_0119,protein_0066,0.79
protein_0119,protein_0067,0.11
protein_0119,protein_0068,0.15384615384615385
protein_0119,protein_0069,0.13
protein_0119,protein_0070,0.14
protein_0119,protein_0071,0.15841584158415842
protein_0119,protein_0072,0.19
protein_0119,protein_0073,0.18269230769230768
protein_0119,protein_0074,0.12605042016806722
protein_0119,protein_0075,0.19298245614035087
protein_0119,protein_0076,0.1485148514851485
protein_0119,protein_0077,0.14545454545454545
protein_0119,protein_0078,0.1834862385321101
protein_0119,protein_0079,0.1834862385321101
protein_0119,protein_0080,0.2
protein_0119,protein_0082,0.39814814814814814
protein_0119,protein_0083,0.16346153846153846
protein_0119,protein_0084,0.14953271028037382
protein_0119,protein_0085,0.41
protein_0119,protein_0086,0.43
protein_0119,protein_0087,0.15384615384615385
protein_0119,protein_0088,0.1485148514851485
protein_0119,protein_0089,0.18181818181818182
protein_0119,protein_0090,0.18181818181818182
protein_0119,protein_0091,0.19834710743801653
protein_0119,protein_0092,0.19834710743801653
protein_0119,protein_0093,0.1
protein_0119,protein_0094,0.16393442622950818
protein_0119,protein_0095,0.1640625
protein_0119,protein_0096,0.11304347826086956
protein_0119,protein_0097,0.1485148514851485
protein_0119,protein_0098,0.15
protein_0119,protein_0099,0.15315315315315314
protein_0119,protein_0100,0.16
protein_0119,protein_0101,0.14705882352941177
protein_0119,protein_0102,0.11009174311926606
protein_0119,protein_0104,0.16666666666666666
protein_0119,protein_0105,0.15
protein_0119,protein_0106,0.17073170731707318
protein_0119,protein_0107,0.14912280701754385
protein_0119,protein_0108,0.1559633027522936
protein_0119,protein_0110,0.11
protein_0119,protein_0112,0.39622641509433965
protein_0119,protein_0113,0.13
protein_0119,protein_0114,0.14705882352941177
protein_0119,protein_0115,0.14285714285714285
protein_0119,protein_0116,0.136
protein_0119,protein_0117,0.136
protein_0119,protein_0118,0.18269230769230768
protein_0119,protein_0120,0.13761467889908258
protein_0119,protein_0121,0.13761467889908258
protein_0119,protein_0122,0.16216216216216217
protein_0119,protein_0123,0.17
protein_0119,protein_0124,0.19811320754716982
protein_0119,protein_0125,0.14285714285714285
protein_0119,protein_0126,0.12598425196850394
protein_0119,protein_0127,0.17
protein_0119,protein_0128,0.14814814814814814
protein_0119,protein_0129,0.1650485436893204
protein_0119,protein_0130,0.1640625
protein_0119,protein_0131,0.14
protein_0119,protein_0132,0.140625
protein_0119,protein_0133,0.140625
protein_0119,protein_0134,0.14018691588785046
protein_0119,protein_0135,0.14018691588785046
protein_0119,protein_0136,0.1487603305785124
protein_0119,protein_0137,0.13114754098360656
protein_0119,protein_0138,0.13114754098360656
protein_0119,protein_0140,0.1206896551724138
protein_0119,protein_0141,0.15315315315315314
protein_0119,protein_0142,0.14782608695652175
protein_0119,protein_0143,0.1111111111111111
protein_0119,protein_0144,0.13
protein_0119,protein_0146,0.1
protein_0119,protein_0147,0.16831683168316833
protein_0119,protein_0148,0.16521739130434782
protein_0119,protein_0149,0.17
protein_0119,protein_0151,0.18269230769230768
protein_0119,protein_0152,0.1891891891891892
protein_0119,protein_0153,0.18
protein_0119,protein_0154,0.18
protein_0119,protein_0156,0.17699115044247787
protein_0119,protein_0158,0.18811881188118812
protein_0119,protein_0159,0.14
protein_0119,protein_0160,0.1509433962264151
protein_0119,protein_0161,0.15789473684210525
protein_0119,protein_0162,0.10784313725490197
protein_0119,protein_0163,0.45
protein_0119,protein_0164,0.1941747572815534
protein_0119,protein_0166,0.18446601941747573
protein_0119,protein_0168,0.15625
protein_0119,protein_0169,0.1557377049180328
protein_0119,protein_0170,0.13761467889908258
protein_0119,protein_0171,0.14423076923076922
protein_0119,protein_0172,0.1484375
protein_0119,protein_0173,0.1485148514851485
protein_0119,protein_0174,0.15178571428571427
protein_0119,protein_0176,0.16666666666666666
protein_0119,protein_0178,0.1557377049180328
protein_0119,protein_0179,0.14049586776859505
protein_0119,protein_0180,0.1559633027522936
protein_0119,protein_0181,0.11
protein_0119,protein_0182,0.17647058823529413
protein_0119,protein_0183,0.1559633027522936
protein_0119,protein_0184,0.14953271028037382
protein_0119,protein_0185,0.14545454545454545
protein_0119,protein_0186,0.1509433962264151
protein_0119,protein_0187,0.12727272727272726
protein_0119,protein_0188,0.1523809523809524
protein_0119,protein_0189,0.14
protein_0119,protein_0190,0.11764705882352941
protein_0119,protein_0191,0.1388888888888889
protein_0119,protein_0193,0.11
protein_0119,protein_0195,0.0970873786407767
protein_0119,protein_0197,0.12
protein_0119,protein_0198,0.16
protein_0119,protein_0199,0.18095238095238095
protein_0119,protein_0200,0.16346153846153846
protein_0119,protein_0201,0.43
protein_0119,protein_0202,0.14678899082568808
protein_0119,protein_0203,0.176
protein_0119,protein_0204,0.19607843137254902
protein_0119,protein_0205,0.13302752293577982
protein_0119,protein_0206,0.14150943396226415
protein_0119,protein_0207,0.15254237288135594
protein_0119,protein_0208,0.1693548387096774
protein_0119,protein_0209,0.13675213675213677
protein_0119,protein_0210,0.14655172413793102
protein_0119,protein_0211,0.40384615384615385
protein_0119,protein_0212,0.18
protein_0119,protein_0213,0.1782178217821782
protein_0119,protein_0214,0.13
protein_0119,protein_0215,0.15
protein_0119,protein_0216,0.5
protein_0119,protein_0217,0.20175438596491227
protein_0119,protein_0219,0.2066115702479339
protein_0119,protein_0220,0.14705882352941177
protein_0119,protein_0221,0.18269230769230768
protein_0119,protein_0222,0.14814814814814814
protein_0119,protein_0223,0.14
protein_0119,protein_0224,0.11
protein_0119,protein_0225,0.1623931623931624
protein_0119,protein_0226,0.1557377049180328
protein_0119,protein_0227,0.17475728155339806
protein_0119,protein_0228,0.18518518518518517
protein_0119,protein_0230,0.15315315315315314
protein_0119,protein_0231,0.14563106796116504
protein_0119,protein_0232,0.1619047619047619
protein_0119,protein_0233,0.13970588235294118
protein_0119,protein_0234,0.1834862385321101
protein_0119,protein_0235,0.1553398058252427
protein_0119,protein_0236,0.17567567567567569
protein_0119,protein_0237,0.17567567567567569
protein_0119,protein_0238,0.15441176470588236
protein_0119,protein_0239,0.13761467889908258
protein_0119,protein_0240,0.12727272727272726
protein_0119,protein_0241,0.22330097087378642
protein_0119,protein_0242,0.15
protein_0119,protein_0243,0.1559633027522936
protein_0119,protein_0244,0.14
protein_0119,protein_0246,0.1282051282051282
protein_0119,protein_0247,0.19626168224299065
protein_0119,protein_0248,0.1792452830188679
protein_0119,protein_0249,0.17543859649122806
protein_0119,protein_0250,0.16666666666666666
protein_0119,protein_0251,0.07920792079207921
protein_0119,protein_0252,0.16666666666666666
protein_0119,protein_0253,0.1440677966101695
protein_0119,protein_0254,0.14678899082568808
protein_0119,protein_0255,0.13559322033898305
protein_0119,protein_0256,0.1092436974789916
protein_0119,protein_0257,0.11764705882352941
protein_0119,protein_0259,0.18
protein_0119,protein_0260,0.18
protein_0119,protein_0261,0.15384615384615385
protein_0119,protein_0262,0.13768115942028986
protein_0119,protein_0263,0.16901408450704225
protein_0119,protein_0264,0.18811881188118812
protein_0119,protein_0266,0.15267175572519084
protein_0119,protein_0267,0.16666666666666666
protein_0119,protein_0268,0.17142857142857143
protein_0119,protein_0269,0.13114754098360656
protein_0119,protein_0270,0.20754716981132076
protein_0119,protein_0271,0.16346153846153846
protein_0119,protein_0272,0.1651376146788991
protein_0119,protein_0273,0.17307692307692307
protein_0119,protein_0274,0.20192307692307693
protein_0119,protein_0276,0.12844036697247707
protein_0119,protein_0277,0.15
protein_0119,protein_0278,0.1559633027522936
protein_0119,protein_0279,0.13333333333333333
protein_0119,protein_0280,0.15315315315315314
protein_0119,protein_0281,0.1504424778761062
protein_0119,protein_0282,0.16
protein_0119,protein_0283,0.10909090909090909
protein_0119,protein_0285,0.1485148514851485
protein_0119,protein_0286,0.18018018018018017
protein_0119,protein_0287,0.1484375
protein_0119,protein_0288,0.10891089108910891
protein_0119,protein_0289,0.18
protein_0119,protein_0290,0.36633663366336633
protein_0119,protein_0292,0.1834862385321101
protein_0119,protein_0293,0.14563106796116504
protein_0119,protein_0294,0.16981132075471697
protein_0119,protein_0295,0.16
protein_0119,protein_0296,0.1532258064516129
protein_0119,protein_0297,0.1650485436893204
protein_0119,protein_0298,0.1346153846153846
protein_0119,protein_0299,0.15178571428571427
protein_0119,protein_0300,0.1650485436893204
protein_0119,protein_0301,0.17475728155339806
protein_0119,protein_0302,0.12727272727272726
protein_0119,protein_0303,0.12871287128712872
protein_0119,protein_0304,0.2079207920792079
protein_0119,protein_0305,0.1875
protein_0119,protein_0306,0.11904761904761904
protein_0119,protein_0308,0.16
protein_0119,protein_0309,0.15384615384615385
protein_0119,protein_0310,0.1794871794871795
protein_0119,protein_0312,0.17757009345794392
protein_0119,protein_0313,0.1652892561983471
protein_0119,protein_0314,0.36
protein_0119,protein_0315,0.17391304347826086
protein_0119,protein_0317,0.39
protein_0119,protein_0318,0.1565217391304348
protein_0119,protein_0319,0.10891089108910891
protein_0119,protein_0320,0.1574074074074074
protein_0119,protein_0321,0.1588785046728972
protein_0119,protein_0322,0.17543859649122806
protein_0119,protein_0323,0.16037735849056603
protein_0119,protein_0324,0.20754716981132076
protein_0119,protein_0325,0.16417910447761194
protein_0119,protein_0326,0.14423076923076922
protein_0119,protein_0327,0.15454545454545454
protein_0119,protein_0328,0.1388888888888889
protein_0119,protein_0329,0.1388888888888889
protein_0119,protein_0330,0.15
protein_0119,protein_0331,0.17
protein_0119,protein_0334,0.1875
protein_0119,protein_0335,0.42
protein_0119,protein_0336,0.15
protein_0119,protein_0337,0.17272727272727273
protein_0119,protein_0338,0.11214953271028037
protein_0119,protein_0339,0.15454545454545454
protein_0119,protein_0340,0.4
protein_0119,protein_0341,0.16216216216216217
protein_0119,protein_0342,0.17647058823529413
protein_0119,protein_0343,0.16831683168316833
protein_0119,protein_0344,0.16
protein_0119,protein_0345,0.11764705882352941
protein_0119,protein_0346,0.11764705882352941
protein_0119,protein_0348,0.16279069767441862
protein_0119,protein_0349,0.46
protein_0119,protein_0350,0.13
protein_0119,protein_0352,0.16346153846153846
protein_0119,protein_0353,0.16666666666666666
protein_0119,protein_0354,0.09
protein_0119,protein_0355,0.184
protein_0119,protein_0356,0.14
protein_0119,protein_0357,0.15503875968992248
protein_0119,protein_0358,0.14
protein_0119,protein_0359,0.13178294573643412
protein_0119,protein_0360,0.17
protein_0119,protein_0361,0.15254237288135594
protein_0119,protein_0362,0.14545454545454545
protein_0119,protein_0364,0.14545454545454545
protein_0119,protein_0365,0.1111111111111111
protein_0119,protein_0366,0.12962962962962962
protein_0119,protein_0367,0.16806722689075632
protein_0119,protein_0368,0.14705882352941177
protein_0119,protein_0369,0.16346153846153846
protein_0119,protein_0370,0.16
protein_0119,protein_0371,0.12037037037037036
protein_0119,protein_0372,0.10909090909090909
protein_0119,protein_0373,0.42
protein_0119,protein_0374,0.11290322580645161
protein_0119,protein_0375,0.20952380952380953
protein_0119,protein_0376,0.18487394957983194
protein_0119,protein_0377,0.17307692307692307
protein_0119,protein_0378,0.14285714285714285
protein_0119,protein_0379,0.1650485436893204
protein_0119,protein_0380,0.1650485436893204
protein_0119,protein_0381,0.1650485436893204
protein_0119,protein_0382,0.17592592592592593
protein_0119,protein_0383,0.16
protein_0119,protein_0384,0.13
protein_0119,protein_0385,0.17475728155339806
protein_0119,protein_0386,0.3627450980392157
protein_0119,protein_0387,0.10377358490566038
protein_0119,protein_0388,0.17
protein_0119,protein_0389,0.13725490196078433
protein_0119,protein_0390,0.15
protein_0119,protein_0391,0.16216216216216217
protein_0119,protein_0392,0.14545454545454545
protein_0119,protein_0393,0.13636363636363635
protein_0119,protein_0394,0.15254237288135594
protein_0119,protein_0395,0.12264150943396226
protein_0119,protein_0396,0.12605042016806722
protein_0119,protein_0397,0.14563106796116504
protein_0119,protein_0399,0.15841584158415842
protein_0139,protein_0000,0.12643678160919541
protein_0139,protein_0001,0.20880154190821054
protein_0139,protein_0002,0.18518518518518517
protein_0139,protein_0003,0.1590909090909091
protein_0139,protein_0004,0.15730337078651685
protein_0139,protein_0005,0.1411764705882353
protein_0139,protein_0007,0.24885420923729545
protein_0139,protein_0008,0.15151515151515152
protein_0139,protein_0009,0.14942528735632185
protein_0139,protein_0011,0.16091954022988506
protein_0139,protein_0012,0.1511627906976744
protein_0139,protein_0013,0.16901408450704225
protein_0139,protein_0014,0.12125536518435126
protein_0139,protein_0015,0.10891089108910891
protein_0139,protein_0016,0.13131313131313133
protein_0139,protein_0018,0.1724137931034483
protein_0139,protein_0019,0.28761947536902166
protein_0139,protein_0020,0.14942528735632185
protein_0139,protein_0021,0.16470588235294117
protein_0139,protein_0022,0.13917870518994113
protein_0139,protein_0023,0.1341991341991342
protein_0139,protein_0025,0.14942528735632185
protein_0139,protein_0026,0.15503875968992248
protein_0139,protein_0027,0.15894481503941782
protein_0139,protein_0028,0.14
protein_0139,protein_0029,0.28860635566624676
protein_0139,protein_0030,0.15966386554621848
protein_0139,protein_0031,0.14
protein_0139,protein_0032,0.16304347826086957
protein_0139,protein_0033,0.19318181818181818
protein_0139,protein_0034,0.15555555555555556
protein_0139,protein_0035,0.15306122448979592
protein_0139,protein_0037,0.14588859416445624
protein_0139,protein_0038,0.14588859416445624
protein_0139,protein_0039,0.13793103448275862
protein_0139,protein_0040,0.19402985074626866
protein_0139,protein_0041,0.14942528735632185
protein_0139,protein_0042,0.16470588235294117
protein_0139,protein_0043,0.12643678160919541
protein_0139,protein_0044,0.1590909090909091
protein_0139,protein_0045,0.15384615384615385
protein_0139,protein_0046,0.25229700584746495
protein_0139,protein_0047,0.13793103448275862
protein_0139,protein_0048,0.14285714285714285
protein_0139,protein_0049,0.14606741573033707
protein_0139,protein_0050,0.16
protein_0139,protein_0051,0.30394751619615074
protein_0139,protein_0052,0.17045454545454544
protein_0139,protein_0053,0.16091954022988506
protein_0139,protein_0054,0.15254237288135594
protein_0139,protein_0055,0.13675213675213677
protein_0139,protein_0056,0.1201923076923077
protein_0139,protein_0057,0.2508958828617423
protein_0139,protein_0058,0.1780821917808219
protein_0139,protein_0060,0.11325242718446601
protein_0139,protein_0061,0.18181818181818182
protein_0139,protein_0062,0.14942528735632185
protein_0139,protein_0063,0.09859154929577464
protein_0139,protein_0064,0.19101123595505617
protein_0139,protein_0065,0.18
protein_0139,protein_0066,0.17
protein_0139,protein_0067,0.1511627906976744
protein_0139,protein_0068,0.1724137931034483
protein_0139,protein_0069,0.14942528735632185
protein_0139,protein_0070,0.15053763440860216
protein_0139,protein_0071,0.14942528735632185
protein_0139,protein_0072,0.2725710844855282
protein_0139,protein_0073,0.20689655172413793
protein_0139,protein_0074,0.16304347826086957
protein_0139,protein_0075,0.1494392523364486
protein_0139,protein_0076,0.19736842105263158
protein_0139,protein_0077,0.16853932584269662
protein_0139,protein_0078,0.1941747572815534
protein_0139,protein_0079,0.1941747572815534
protein_0139,protein_0080,0.14772727272727273
protein_0139,protein_0082,0.17
protein_0139,protein_0083,0.16091954022988506
protein_0139,protein_0084,0.14323467230443976
protein_0139,protein_0085,0.17
protein_0139,protein_0086,0.1782178217821782
protein_0139,protein_0087,0.29247376916868445
protein_0139,protein_0088,0.14606741573033707
protein_0139,protein_0089,0.1292490118577075
protein_0139,protein_0090,0.1292490118577075
protein_0139,protein_0091,0.1504424778761062
protein_0139,protein_0092,0.1504424778761062
protein_0139,protein_0093,0.15294117647058825
protein_0139,protein_0094,0.1565217391304348
protein_0139,protein_0095,0.11872110939907549
protein_0139,protein_0096,0.1485148514851485
protein_0139,protein_0097,0.16279069767441862
protein_0139,protein_0098,0.16091954022988506
protein_0139,protein_0099,0.1310272536687631
protein_0139,protein_0100,0.25639429003106506
protein_0139,protein_0101,0.16091954022988506
protein_0139,protein_0102,0.14130434782608695
protein_0139,protein_0104,0.13675213675213677
protein_0139,protein_0105,0.19117647058823528
protein_0139,protein_0106,0.12182395644283121
protein_0139,protein_0107,0.17045454545454544
protein_0139,protein_0108,0.1566265060240964
protein_0139,protein_0110,0.1511627906976744
protein_0139,protein_0112,0.17
protein_0139,protein_0113,0.14942528735632185
protein_0139,protein_0114,0.14942528735632185
protein_0139,protein_0115,0.16470588235294117
protein_0139,protein_0116,0.1559873949579832
protein_0139,protein_0117,0.1559873949579832
protein_0139,protein_0118,0.2865029727121118
protein_0139,protein_0120,0.14772727272727273
protein_0139,protein_0121,0.14772727272727273
protein_0139,protein_0122,0.1614177489177489
protein_0139,protein_0123,0.27300019903468176
protein_0139,protein_0124,0.14942528735632185
protein_0139,protein_0125,0.15306122448979592
protein_0139,protein_0126,0.13131313131313133
protein_0139,protein_0127,0.14942528735632185
protein_0139,protein_0128,0.14942528735632185
protein_0139,protein_0129,0.16853932584269662
protein_0139,protein_0130,0.1267165090021361
protein_0139,protein_0131,0.1761528326745718
protein_0139,protein_0132,0.14150943396226415
protein_0139,protein_0133,0.14150943396226415
protein_0139,protein_0134,0.17045454545454544
protein_0139,protein_0135,0.1566265060240964
protein_0139,protein_0136,0.13793103448275862
protein_0139,protein_0137,0.15833333333333333
protein_0139,protein_0138,0.15833333333333333
protein_0139,protein_0140,0.1797752808988764
protein_0139,protein_0141,0.1466791703442189
protein_0139,protein_0142,0.12790697674418605
protein_0139,protein_0143,0.14942528735632185
protein_0139,protein_0144,0.1590909090909091
protein_0139,protein_0146,0.14084507042253522
protein_0139,protein_0147,0.15555555555555556
protein_0139,protein_0148,0.13793103448275862
protein_0139,protein_0149,0.325616764001198
protein_0139,protein_0151,0.1827956989247312
protein_0139,protein_0152,0.34885132049895984
protein_0139,protein_0153,0.16402425817630495
protein_0139,protein_0154,0.16480903063181543
protein_0139,protein_0156,0.1588785046728972
protein_0139,protein_0158,0.28618547631705527
protein_0139,protein_0159,0.13793103448275862
protein_0139,protein_0160,0.12790697674418605
protein_0139,protein_0161,0.11764705882352941
protein_0139,protein_0162,0.1728395061728395
protein_0139,protein_0163,0.16666666666666666
protein_0139,protein_0164,0.1590909090909091
protein_0139,protein_0166,0.16853932584269662
protein_0139,protein_0168,0.15215311004784687
protein_0139,protein_0169,0.11965811965811966
protein_0139,protein_0170,0.1686746987951807
protein_0139,protein_0171,0.16666666666666666
protein_0139,protein_0172,0.17094017094017094
protein_0139,protein_0173,0.16091954022988506
protein_0139,protein_0174,0.14772727272727273
protein_0139,protein_0176,0.24866237089307536
protein_0139,protein_0178,0.16379310344827586
protein_0139,protein_0179,0.1415929203539823
protein_0139,protein_0180,0.17045454545454544
protein_0139,protein_0181,0.12643678160919541
protein_0139,protein_0182,0.16091954022988506
protein_0139,protein_0183,0.1188118811881188
protein_0139,protein_0184,0.14942528735632185
protein_0139,protein_0185,0.16279069767441862
protein_0139,protein_0186,0.12121212121212122
protein_0139,protein_0187,0.13793103448275862
protein_0139,protein_0188,0.23738923512630408
protein_0139,protein_0189,0.15730337078651685
protein_0139,protein_0190,0.16091954022988506
protein_0139,protein_0191,0.1590909090909091
protein_0139,protein_0193,0.18181818181818182
protein_0139,protein_0195,0.1839080459770115
protein_0139,protein_0197,0.1511627906976744
protein_0139,protein_0198,0.14942528735632185
protein_0139,protein_0199,0.1702127659574468
protein_0139,protein_0200,0.14942528735632185
protein_0139,protein_0201,0.18
protein_0139,protein_0202,0.14772727272727273
protein_0139,protein_0203,0.11965811965811966
protein_0139,protein_0204,0.2640952021910949
protein_0139,protein_0205,0.08530805687203792
protein_0139,protein_0206,0.1839080459770115
protein_0139,protein_0207,0.13333333333333333
protein_0139,protein_0208,0.13009717161200762
protein_0139,protein_0209,0.13793103448275862
protein_0139,protein_0210,0.1839080459770115
protein_0139,protein_0211,0.14641990291262136
protein_0139,protein_0212,0.20833333333333334
protein_0139,protein_0213,0.17582417582417584
protein_0139,protein_0214,0.19718309859154928
protein_0139,protein_0215,0.15942028985507245
protein_0139,protein_0216,0.16326530612244897
protein_0139,protein_0217,0.17647058823529413
protein_0139,protein_0219,0.15
protein_0139,protein_0220,0.1590909090909091
protein_0139,protein_0221,0.16901408450704225
protein_0139,protein_0222,0.13953488372093023
protein_0139,protein_0223,0.15714285714285714
protein_0139,protein_0224,0.207213265862789
protein_0139,protein_0225,0.15853658536585366
protein_0139,protein_0226,0.14444444444444443
protein_0139,protein_0227,0.17567567567567569
protein_0139,protein_0228,0.1427536231884058
protein_0139,protein_0230,0.13636363636363635
protein_0139,protein_0231,0.17045454545454544
protein_0139,protein_0232,0.3251805737065171
protein_0139,protein_0233,0.12403100775193798
protein_0139,protein_0234,0.1650485436893204
protein_0139,protein_0235,0.1488997113997114
protein_0139,protein_0236,0.14614672529507058
protein_0139,protein_0237,0.14614672529507058
protein_0139,protein_0238,0.12781954887218044
protein_0139,protein_0239,0.13186813186813187
protein_0139,protein_0240,0.14130434782608695
protein_0139,protein_0241,0.12643678160919541
protein_0139,protein_0242,0.25638417989203865
protein_0139,protein_0243,0.14772727272727273
protein_0139,protein_0244,0.15354767184035478
protein_0139,protein_0246,0.15384615384615385
protein_0139,protein_0247,0.14244393670136246
protein_0139,protein_0248,0.16304347826086957
protein_0139,protein_0249,0.14130434782608695
protein_0139,protein_0250,0.12426859849540262
protein_0139,protein_0251,0.1348314606741573
protein_0139,protein_0252,0.15294117647058825
protein_0139,protein_0253,0.168141592920354
protein_0139,protein_0254,0.14198867421718853
protein_0139,protein_0255,0.14035087719298245
protein_0139,protein_0256,0.15
protein_0139,protein_0257,0.15
protein_0139,protein_0259,0.25007056820362367
protein_0139,protein_0260,0.25007056820362367
protein_0139,protein_0261,0.15151515151515152
protein_0139,protein_0262,0.11764705882352941
protein_0139,protein_0263,0.1323529411764706
protein_0139,protein_0264,0.14444444444444443
protein_0139,protein_0266,0.15679055633473588
protein_0139,protein_0267,0.16091954022988506
protein_0139,protein_0268,0.16470588235294117
protein_0139,protein_0269,0.1623931623931624
protein_0139,protein_0270,0.21621621621621623
protein_0139,protein_0271,0.2532055957458527
protein_0139,protein_0272,0.14927886375283694
protein_0139,protein_0273,0.14135720601237842
protein_0139,protein_0274,0.1935483870967742
protein_0139,protein_0276,0.14942528735632185
protein_0139,protein_0277,0.27655838692643553
protein_0139,protein_0278,0.15053763440860216
protein_0139,protein_0279,0.16470588235294117
protein_0139,protein_0280,0.16470588235294117
protein_0139,protein_0281,0.11607142857142858
protein_0139,protein_0282,0.16901408450704225
protein_0139,protein_0283,0.0963302752293578
protein_0139,protein_0285,0.17045454545454544
protein_0139,protein_0286,0.3177880781499203
protein_0139,protein_0287,0.14953271028037382
protein_0139,protein_0288,0.18072289156626506
protein_0139,protein_0289,0.17747252747252748
protein_0139,protein_0290,0.1782178217821782
protein_0139,protein_0292,0.2710864892835564
protein_0139,protein_0293,0.1956521739130435
protein_0139,protein_0294,0.1619047619047619
protein_0139,protein_0295,0.28860635566624676
protein_0139,protein_0296,0.1592920353982301
protein_0139,protein_0297,0.27008737884418466
protein_0139,protein_0298,0.2719393572751104
protein_0139,protein_0299,0.15094084201976443
protein_0139,protein_0300,0.13133490073145246
protein_0139,protein_0301,0.1461527929901424
protein_0139,protein_0302,0.08755760368663594
protein_0139,protein_0303,0.1875
protein_0139,protein_0304,0.16233766233766234
protein_0139,protein_0305,0.15101132444935791
protein_0139,protein_0306,0.1452991452991453
protein_0139,protein_0308,0.13043478260869565
protein_0139,protein_0309,0.15247252747252746
protein_0139,protein_0310,0.1717171717171717
protein_0139,protein_0312,0.1724137931034483
protein_0139,protein_0313,0.14377880184331798
protein_0139,protein_0314,0.14285714285714285
protein_0139,protein_0315,0.12389380530973451
protein_0139,protein_0317,0.1941747572815534
protein_0139,protein_0318,0.13157894736842105
protein_0139,protein_0319,0.16091954022988506
protein_0139,protein_0320,0.14942528735632185
protein_0139,protein_0321,0.16666666666666666
protein_0139,protein_0322,0.18072289156626506
protein_0139,protein_0323,0.1724137931034483
protein_0139,protein_0324,0.15384615384615385
protein_0139,protein_0325,0.1419506462984724
protein_0139,protein_0326,0.12643678160919541
protein_0139,protein_0327,0.12643678160919541
protein_0139,protein_0328,0.1574074074074074
protein_0139,protein_0329,0.1574074074074074
protein_0139,protein_0330,0.16853932584269662
protein_0139,protein_0331,0.28860635566624676
protein_0139,protein_0334,0.19101123595505617
protein_0139,protein_0335,0.15
protein_0139,protein_0336,0.28385347730175314
protein_0139,protein_0337,0.13022533022533023
protein_0139,protein_0338,0.14942528735632185
protein_0139,protein_0339,0.2531080820981667
protein_0139,protein_0340,0.18269230769230768
protein_0139,protein_0341,0.12745098039215685
protein_0139,protein_0342,0.16901408450704225
protein_0139,protein_0343,0.17181818181818181
protein_0139,protein_0344,0.14942528735632185
protein_0139,protein_0345,0.14160401002506265
protein_0139,protein_0346,0.14160401002506265
protein_0139,protein_0348,0.14782608695652175
protein_0139,protein_0349,0.16831683168316833
protein_0139,protein_0350,0.14942528735632185
protein_0139,protein_0352,0.2930894672039988
protein_0139,protein_0353,0.13379446640316206
protein_0139,protein_0354,0.16091954022988506
protein_0139,protein_0355,0.1297973894408728
protein_0139,protein_0356,0.25506899868968835
protein_0139,protein_0357,0.13333333333333333
protein_0139,protein_0358,0.14942528735632185
protein_0139,protein_0359,0.10743801652892562
protein_0139,protein_0360,0.1839080459770115
protein_0139,protein_0361,0.13675213675213677
protein_0139,protein_0362,0.17777777777777778
protein_0139,protein_0364,0.14942528735632185
protein_0139,protein_0365,0.17647058823529413
protein_0139,protein_0366,0.1797752808988764
protein_0139,protein_0367,0.1553398058252427
protein_0139,protein_0368,0.16470588235294117
protein_0139,protein_0369,0.2077922077922078
protein_0139,protein_0370,0.14942528735632185
protein_0139,protein_0371,0.13953488372093023
protein_0139,protein_0372,0.09174311926605505
protein_0139,protein_0373,0.16037735849056603
protein_0139,protein_0374,0.1452991452991453
protein_0139,protein_0375,0.14942528735632185
protein_0139,protein_0376,0.18
protein_0139,protein_0377,0.16091954022988506
protein_0139,protein_0378,0.1559633027522936
protein_0139,protein_0379,0.11460535588442566
protein_0139,protein_0380,0.11460535588442566
protein_0139,protein_0381,0.11460535588442566
protein_0139,protein_0382,0.15677609427609426
protein_0139,protein_0383,0.2980839256528617
protein_0139,protein_0384,0.1724137931034483
protein_0139,protein_0385,0.12871287128712872
protein_0139,protein_0386,0.16666666666666666
protein_0139,protein_0387,0.16161616161616163
protein_0139,protein_0388,0.29682303983574404
protein_0139,protein_0389,0.1728395061728395
protein_0139,protein_0390,0.14942528735632185
protein_0139,protein_0391,0.1590909090909091
protein_0139,protein_0392,0.16091954022988506
protein_0139,protein_0393,0.16091954022988506
protein_0139,protein_0394,0.1391304347826087
protein_0139,protein_0395,0.17582417582417584
protein_0139,protein_0396,0.14912280701754385
protein_0139,protein_0397,0.17045454545454544
protein_0139,protein_0399,0.14942528735632185
protein_0145,protein_0000,0.16666666666666666
protein_0145,protein_0001,0.2600923108734992
protein_0145,protein_0002,0.1728395061728395
protein_0145,protein_0003,0.16853932584269662
protein_0145,protein_0004,0.14942528735632185
protein_0145,protein_0005,0.14893617021276595
protein_0145,protein_0007,0.34846200494456875
protein_0145,protein_0008,0.18181818181818182
protein_0145,protein_0009,0.1978021978021978
protein_0145,protein_0011,0.16304347826086957
protein_0145,protein_0012,0.17582417582417584
protein_0145,protein_0013,0.1917808219178082
protein_0145,protein_0014,0.14270803708017354
protein_0145,protein_0015,0.16
protein_0145,protein_0016,0.19
protein_0145,protein_0018,0.19540229885057472
protein_0145,protein_0019,0.27523666794991664
protein_0145,protein_0020,0.1511627906976744
protein_0145,protein_0021,0.17647058823529413
protein_0145,protein_0022,0.15485789821546597
protein_0145,protein_0023,0.1498414376321353
protein_0145,protein_0025,0.16091954022988506
protein_0145,protein_0026,0.14728682170542637
protein_0145,protein_0027,0.15041415662650603
protein_0145,protein_0028,0.17142857142857143
protein_0145,protein_0029,0.39488383793848986
protein_0145,protein_0030,0.1487603305785124
protein_0145,protein_0031,0.1717171717171717
protein_0145,protein_0032,0.17391304347826086
protein_0145,protein_0033,0.16666666666666666
protein_0145,protein_0034,0.1590909090909091
protein_0145,protein_0035,0.14285714285714285
protein_0145,protein_0037,0.14739304812834225
protein_0145,protein_0038,0.14739304812834225
protein_0145,protein_0039,0.1839080459770115
protein_0145,protein_0040,0.17142857142857143
protein_0145,protein_0041,0.16666666666666666
protein_0145,protein_0042,0.19540229885057472
protein_0145,protein_0043,0.1839080459770115
protein_0145,protein_0044,0.1839080459770115
protein_0145,protein_0045,0.16304347826086957
protein_0145,protein_0046,0.3654490021410228
protein_0145,protein_0047,0.12643678160919541
protein_0145,protein_0048,0.15730337078651685
protein_0145,protein_0049,0.14942528735632185
protein_0145,protein_0050,0.1553398058252427
protein_0145,protein_0051,0.33783736378563967
protein_0145,protein_0052,0.1724137931034483
protein_0145,protein_0053,0.15730337078651685
protein_0145,protein_0054,0.11965811965811966
protein_0145,protein_0055,0.1282051282051282
protein_0145,protein_0056,0.14009345794392525
protein_0145,protein_0057,0.3447334219056409
protein_0145,protein_0058,0.19444444444444445
protein_0145,protein_0060,0.15173076923076922
protein_0145,protein_0061,0.18681318681318682
protein_0145,protein_0062,0.2159090909090909
protein_0145,protein_0063,0.10328638497652583
protein_0145,protein_0064,0.13793103448275862
protein_0145,protein_0065,0.15841584158415842
protein_0145,protein_0066,0.16822429906542055
protein_0145,protein_0067,0.1590909090909091
protein_0145,protein_0068,0.1724137931034483
protein_0145,protein_0069,0.13793103448275862
protein_0145,protein_0070,0.1797752808988764
protein_0145,protein_0071,0.1724137931034483
protein_0145,protein_0072,0.3669633527392147
protein_0145,protein_0073,0.16666666666666666
protein_0145,protein_0074,0.20689655172413793
protein_0145,protein_0075,0.14216494845360825
protein_0145,protein_0076,0.1891891891891892
protein_0145,protein_0077,0.1839080459770115
protein_0145,protein_0078,0.1650485436893204
protein_0145,protein_0079,0.1650485436893204
protein_0145,protein_0080,0.16666666666666666
protein_0145,protein_0082,0.1568627450980392
protein_0145,protein_0083,0.17045454545454544
protein_0145,protein_0084,0.15218502427804753
protein_0145,protein_0085,0.16666666666666666
protein_0145,protein_0086,0.15841584158415842
protein_0145,protein_0087,0.3585796387520525
protein_0145,protein_0088,0.16091954022988506
protein_0145,protein_0089,0.1308596732325546
protein_0145,protein_0090,0.1308596732325546
protein_0145,protein_0091,0.15789473684210525
protein_0145,protein_0092,0.15789473684210525
protein_0145,protein_0093,0.1566265060240964
protein_0145,protein_0094,0.15517241379310345
protein_0145,protein_0095,0.1251993620414673
protein_0145,protein_0096,0.12871287128712872
protein_0145,protein_0097,0.1590909090909091
protein_0145,protein_0098,0.17045454545454544
protein_0145,protein_0099,0.12837108953613807
protein_0145,protein_0100,0.27790092322159765
protein_0145,protein_0101,0.17777777777777778
protein_0145,protein_0102,0.1590909090909091
protein_0145,protein_0104,0.1452991452991453
protein_0145,protein_0105,0.18461538461538463
protein_0145,protein_0106,0.13520157325467058
protein_0145,protein_0107,0.18556701030927836
protein_0145,protein_0108,0.17857142857142858
protein_0145,protein_0110,0.16129032258064516
protein_0145,protein_0112,0.1941747572815534
protein_0145,protein_0113,0.19318181818181818
protein_0145,protein_0114,0.22727272727272727
protein_0145,protein_0115,0.1566265060240964
protein_0145,protein_0116,0.14486340900346287
protein_0145,protein_0117,0.14486340900346287
protein_0145,protein_0118,0.3039411613110377
protein_0145,protein_0120,0.17582417582417584
protein_0145,protein_0121,0.17582417582417584
protein_0145,protein_0122,0.13928329952670723
protein_0145,protein_0123,0.3700368476049056
protein_0145,protein_0124,0.17582417582417584
protein_0145,protein_0125,0.1836734693877551
protein_0145,protein_0126,0.16666666666666666
protein_0145,protein_0127,0.16483516483516483
protein_0145,protein_0128,0.21839080459770116
protein_0145,protein_0129,0.1839080459770115
protein_0145,protein_0130,0.133201581027668
protein_0145,protein_0131,0.19971570717839374
protein_0145,protein_0132,0.16037735849056603
protein_0145,protein_0133,0.16037735849056603
protein_0145,protein_0134,0.15730337078651685
protein_0145,protein_0135,0.17857142857142858
protein_0145,protein_0136,0.12931034482758622
protein_0145,protein_0137,0.1452991452991453
protein_0145,protein_0138,0.1452991452991453
protein_0145,protein_0140,0.1839080459770115
protein_0145,protein_0141,0.1587566844919786
protein_0145,protein_0142,0.17045454545454544
protein_0145,protein_0143,0.1590909090909091
protein_0145,protein_0144,0.14772727272727273
protein_0145,protein_0146,0.19753086419753085
protein_0145,protein_0147,0.14942528735632185
protein_0145,protein_0148,0.15555555555555556
protein_0145,protein_0149,0.37617176777040495
protein_0145,protein_0151,0.15730337078651685
protein_0145,protein_0152,0.3377971710817875
protein_0145,protein_0153,0.15734188960427245
protein_0145,protein_0154,0.16327294105071882
protein_0145,protein_0156,0.1388888888888889
protein_0145,protein_0158,0.36588296760710554
protein_0145,protein_0159,0.1590909090909091
protein_0145,protein_0160,0.1511627906976744
protein_0145,protein_0161,0.15384615384615385
protein_0145,protein_0162,0.16049382716049382
protein_0145,protein_0163,0.16
protein_0145,protein_0164,0.14606741573033707
protein_0145,protein_0166,0.16091954022988506
protein_0145,protein_0168,0.14168233082706766
protein_0145,protein_0169,0.1440677966101695
protein_0145,protein_0170,0.18292682926829268
protein_0145,protein_0171,0.15730337078651685
protein_0145,protein_0172,0.13709677419354838
protein_0145,protein_0173,0.16853932584269662
protein_0145,protein_0174,0.1590909090909091
protein_0145,protein_0176,0.27300184306593667
protein_0145,protein_0178,0.13274336283185842
protein_0145,protein_0179,0.13274336283185842
protein_0145,protein_0180,0.16304347826086957
protein_0145,protein_0181,0.17582417582417584
protein_0145,protein_0182,0.17045454545454544
protein_0145,protein_0183,0.19
protein_0145,protein_0184,0.14942528735632185
protein_0145,protein_0185,0.15730337078651685
protein_0145,protein_0186,0.18181818181818182
protein_0145,protein_0187,0.15730337078651685
protein_0145,protein_0188,0.2990389878055962
protein_0145,protein_0189,0.1590909090909091
protein_0145,protein_0190,0.16091954022988506
protein_0145,protein_0191,0.15730337078651685
protein_0145,protein_0193,0.1935483870967742
protein_0145,protein_0195,0.1827956989247312
protein_0145,protein_0197,0.1839080459770115
protein_0145,protein_0198,0.17045454545454544
protein_0145,protein_0199,0.16666666666666666
protein_0145,protein_0200,0.17391304347826086
protein_0145,protein_0201,0.1485148514851485
protein_0145,protein_0202,0.14942528735632185
protein_0145,protein_0203,0.15
protein_0145,protein_0204,0.4269905956112853
protein_0145,protein_0205,0.0995260663507109
protein_0145,protein_0206,0.17391304347826086
protein_0145,protein_0207,0.17647058823529413
protein_0145,protein_0208,0.12961998958875587
protein_0145,protein_0209,0.1839080459770115
protein_0145,protein_0210,0.18181818181818182
protein_0145,protein_0211,0.16338418862690707
protein_0145,protein_0212,0.17105263157894737
protein_0145,protein_0213,0.1590909090909091
protein_0145,protein_0214,0.2236842105263158
protein_0145,protein_0215,0.16666666666666666
protein_0145,protein_0216,0.2
protein_0145,protein_0217,0.16666666666666666
protein_0145,protein_0219,0.14754098360655737
protein_0145,protein_0220,0.12643678160919541
protein_0145,protein_0221,0.2236842105263158
protein_0145,protein_0222,0.1511627906976744
protein_0145,protein_0223,0.2361111111111111
protein_0145,protein_0224,0.20711090077788813
protein_0145,protein_0225,0.17647058823529413
protein_0145,protein_0226,0.13978494623655913
protein_0145,protein_0227,0.1791044776119403
protein_0145,protein_0228,0.15745007680491552
protein_0145,protein_0230,0.1590909090909091
protein_0145,protein_0231,0.14942528735632185
protein_0145,protein_0232,0.40521589061670565
protein_0145,protein_0233,0.140625
protein_0145,protein_0234,0.16037735849056603
protein_0145,protein_0235,0.14509200439143857
protein_0145,protein_0236,0.14014146772767463
protein_0145,protein_0237,0.14014146772767463
protein_0145,protein_0238,0.13740458015267176
protein_0145,protein_0239,0.14942528735632185
protein_0145,protein_0240,0.1724137931034483
protein_0145,protein_0241,0.19540229885057472
protein_0145,protein_0242,0.3418181818181818
protein_0145,protein_0243,0.14942528735632185
protein_0145,protein_0244,0.1634908536585366
protein_0145,protein_0246,0.18681318681318682
protein_0145,protein_0247,0.1369398178991783
protein_0145,protein_0248,0.16666666666666666
protein_0145,protein_0249,0.16091954022988506
protein_0145,protein_0250,0.17291666666666666
protein_0145,protein_0251,0.1348314606741573
protein_0145,protein_0252,0.13095238095238096
protein_0145,protein_0253,0.1415929203539823
protein_0145,protein_0254,0.14567307692307693
protein_0145,protein_0255,0.09941520467836257
protein_0145,protein_0256,0.15151515151515152
protein_0145,protein_0257,0.1414141414141414
protein_0145,protein_0259,0.366258624484808
protein_0145,protein_0260,0.366258624484808
protein_0145,protein_0261,0.1717171717171717
protein_0145,protein_0262,0.14074074074074075
protein_0145,protein_0263,0.15217391304347827
protein_0145,protein_0264,0.1956521739130435
protein_0145,protein_0266,0.16515426497277677
protein_0145,protein_0267,0.17045454545454544
protein_0145,protein_0268,0.14634146341463414
protein_0145,protein_0269,0.15384615384615385
protein_0145,protein_0270,0.2
protein_0145,protein_0271,0.34452530228392303
protein_0145,protein_0272,0.13461538461538464
protein_0145,protein_0273,0.12334497308307872
protein_0145,protein_0274,0.16483516483516483
protein_0145,protein_0276,0.13793103448275862
protein_0145,protein_0277,0.2981636978643958
protein_0145,protein_0278,0.1368421052631579
protein_0145,protein_0279,0.14772727272727273
protein_0145,protein_0280,0.13580246913580246
protein_0145,protein_0281,0.13392857142857142
protein_0145,protein_0282,0.17391304347826086
protein_0145,protein_0283,0.11467889908256881
protein_0145,protein_0285,0.20224719101123595
protein_0145,protein_0286,0.3089893883315487
protein_0145,protein_0287,0.14678899082568808
protein_0145,protein_0288,0.1625
protein_0145,protein_0289,0.19285714285714287
protein_0145,protein_0290,0.205607476635514
protein_0145,protein_0292,0.3129192673428037
protein_0145,protein_0293,0.17045454545454544
protein_0145,protein_0294,0.1386904761904762
protein_0145,protein_0295,0.4102144244095823
protein_0145,protein_0296,0.15384615384615385
protein_0145,protein_0297,0.3776907001044932
protein_0145,protein_0298,0.34238244514106586
protein_0145,protein_0299,0.14820572613032776
protein_0145,protein_0300,0.1655241935483871
protein_0145,protein_0301,0.16467542811628832
protein_0145,protein_0302,0.09216589861751152
protein_0145,protein_0303,0.1728395061728395
protein_0145,protein_0304,0.2148648648648649
protein_0145,protein_0305,0.15363927324060214
protein_0145,protein_0306,0.1282051282051282
protein_0145,protein_0308,0.14782608695652175
protein_0145,protein_0309,0.12148962148962149
protein_0145,protein_0310,0.1782178217821782
protein_0145,protein_0312,0.1839080459770115
protein_0145,protein_0313,0.14503042596348886
protein_0145,protein_0314,0.15306122448979592
protein_0145,protein_0315,0.1415929203539823
protein_0145,protein_0317,0.16
protein_0145,protein_0318,0.1504424778761062
protein_0145,protein_0319,0.1797752808988764
protein_0145,protein_0320,0.14942528735632185
protein_0145,protein_0321,0.1590909090909091
protein_0145,protein_0322,0.18823529411764706
protein_0145,protein_0323,0.2
protein_0145,protein_0324,0.21052631578947367
protein_0145,protein_0325,0.15509404388714731
protein_0145,protein_0326,0.19753086419753085
protein_0145,protein_0327,0.16091954022988506
protein_0145,protein_0328,0.15315315315315314
protein_0145,protein_0329,0.15315315315315314
protein_0145,protein_0330,0.16483516483516483
protein_0145,protein_0331,0.40183319235043374
protein_0145,protein_0334,0.19318181818181818
protein_0145,protein_0335,0.1919191919191919
protein_0145,protein_0336,0.44018698784578997
protein_0145,protein_0337,0.1417624521072797
protein_0145,protein_0338,0.16304347826086957
protein_0145,protein_0339,0.3221373519583127
protein_0145,protein_0340,0.20192307692307693
protein_0145,protein_0341,0.17647058823529413
protein_0145,protein_0342,0.18840579710144928
protein_0145,protein_0343,0.1897089397089397
protein_0145,protein_0344,0.19101123595505617
protein_0145,protein_0345,0.15861801242236026
protein_0145,protein_0346,0.15861801242236026
protein_0145,protein_0348,0.15966386554621848
protein_0145,protein_0349,0.17475728155339806
protein_0145,protein_0350,0.16853932584269662
protein_0145,protein_0352,0.36170447152067187
protein_0145,protein_0353,0.11998538545853124
protein_0145,protein_0354,0.18181818181818182
protein_0145,protein_0355,0.15551334502240405
protein_0145,protein_0356,0.38626554757811704
protein_0145,protein_0357,0.14049586776859505
protein_0145,protein_0358,0.1797752808988764
protein_0145,protein_0359,0.14166666666666666
protein_0145,protein_0360,0.16666666666666666
protein_0145,protein_0361,0.13675213675213677
protein_0145,protein_0362,0.17391304347826086
protein_0145,protein_0364,0.1839080459770115
protein_0145,protein_0365,0.17045454545454544
protein_0145,protein_0366,0.1724137931034483
protein_0145,protein_0367,0.16161616161616163
protein_0145,protein_0368,0.15476190476190477
protein_0145,protein_0369,0.1875
protein_0145,protein_0370,0.19101123595505617
protein_0145,protein_0371,0.16853932584269662
protein_0145,protein_0372,0.11818181818181818
protein_0145,protein_0373,0.17
protein_0145,protein_0374,0.1440677966101695
protein_0145,protein_0375,0.16091954022988506
protein_0145,protein_0376,0.16831683168316833
protein_0145,protein_0377,0.13793103448275862
protein_0145,protein_0378,0.17592592592592593
protein_0145,protein_0379,0.1641500034357177
protein_0145,protein_0380,0.1641500034357177
protein_0145,protein_0381,0.1641500034357177
protein_0145,protein_0382,0.14871116986120292
protein_0145,protein_0383,0.3083737656834599
protein_0145,protein_0384,0.16853932584269662
protein_0145,protein_0385,0.15384615384615385
protein_0145,protein_0386,0.1650485436893204
protein_0145,protein_0387,0.1368421052631579
protein_0145,protein_0388,0.3836990595611285
protein_0145,protein_0389,0.19444444444444445
protein_0145,protein_0390,0.17045454545454544
protein_0145,protein_0391,0.1590909090909091
protein_0145,protein_0392,0.1724137931034483
protein_0145,protein_0393,0.1724137931034483
protein_0145,protein_0394,0.15
protein_0145,protein_0395,0.15217391304347827
protein_0145,protein_0396,0.1565217391304348
protein_0145,protein_0397,0.1566265060240964
protein_0145,protein_0399,0.14772727272727273
protein_0150,protein_0000,0.2988505747126437
protein_0150,protein_0001,0.16853932584269662
protein_0150,protein_0002,0.1958762886597938
protein_0150,protein_0003,0.34444444444444444
protein_0150,protein_0004,0.4148936170212766
protein_0150,protein_0005,0.0967741935483871
protein_0150,protein_0007,0.15730337078651685
protein_0150,protein_0008,0.21296296296296297
protein_0150,protein_0009,0.24444444444444444
protein_0150,protein_0011,0.3218390804597701
protein_0150,protein_0012,0.29347826086956524
protein_0150,protein_0013,0.19148936170212766
protein_0150,protein_0014,0.1792452830188679
protein_0150,protein_0015,0.16666666666666666
protein_0150,protein_0016,0.19444444444444445
protein_0150,protein_0018,0.34444444444444444
protein_0150,protein_0019,0.18181818181818182
protein_0150,protein_0020,0.36046511627906974
protein_0150,protein_0021,0.19540229885057472
protein_0150,protein_0022,0.12371134020618557
protein_0150,protein_0023,0.1568627450980392
protein_0150,protein_0025,0.3111111111111111
protein_0150,protein_0026,0.16279069767441862
protein_0150,protein_0027,0.18269230769230768
protein_0150,protein_0028,0.09917355371900827
protein_0150,protein_0029,0.16091954022988506
protein_0150,protein_0030,0.16129032258064516
protein_0150,protein_0031,0.18095238095238095
protein_0150,protein_0032,0.39080459770114945
protein_0150,protein_0033,0.29213483146067415
protein_0150,protein_0034,0.3
protein_0150,protein_0035,0.1262135922330097
protein_0150,protein_0037,0.24210526315789474
protein_0150,protein_0038,0.24210526315789474
protein_0150,protein_0039,0.2608695652173913
protein_0150,protein_0040,0.13186813186813187
protein_0150,protein_0041,0.39080459770114945
protein_0150,protein_0042,0.21978021978021978
protein_0150,protein_0043,0.25274725274725274
protein_0150,protein_0044,0.28421052631578947
protein_0150,protein_0045,0.3448275862068966
protein_0150,protein_0046,0.16483516483516483
protein_0150,protein_0047,0.27586206896551724
protein_0150,protein_0048,0.2857142857142857
protein_0150,protein_0049,0.27586206896551724
protein_0150,protein_0050,0.1568627450980392
protein_0150,protein_0051,0.16279069767441862
protein_0150,protein_0052,0.3333333333333333
protein_0150,protein_0053,0.30337078651685395
protein_0150,protein_0054,0.15079365079365079
protein_0150,protein_0055,0.13675213675213677
protein_0150,protein_0056,0.15384615384615385
protein_0150,protein_0057,0.15730337078651685
protein_0150,protein_0058,0.13333333333333333
protein_0150,protein_0060,0.1553398058252427
protein_0150,protein_0061,0.23655913978494625
protein_0150,protein_0062,0.375
protein_0150,protein_0063,0.09345794392523364
protein_0150,protein_0064,0.3333333333333333
protein_0150,protein_0065,0.19801980198019803
protein_0150,protein_0066,0.15
protein_0150,protein_0067,0.29213483146067415
protein_0150,protein_0068,0.22988505747126436
protein_0150,protein_0069,0.32222222222222224
protein_0150,protein_0070,0.19540229885057472
protein_0150,protein_0071,0.2087912087912088
protein_0150,protein_0072,0.13186813186813187
protein_0150,protein_0073,0.2826086956521739
protein_0150,protein_0074,0.17708333333333334
protein_0150,protein_0075,0.2079207920792079
protein_0150,protein_0076,0.1797752808988764
protein_0150,protein_0077,0.3956043956043956
protein_0150,protein_0078,0.10891089108910891
protein_0150,protein_0079,0.10891089108910891
protein_0150,protein_0080,0.391304347826087
protein_0150,protein_0082,0.17543859649122806
protein_0150,protein_0083,0.3333333333333333
protein_0150,protein_0084,0.29545454545454547
protein_0150,protein_0085,0.16666666666666666
protein_0150,protein_0086,0.13793103448275862
protein_0150,protein_0087,0.14444444444444443
protein_0150,protein_0088,0.3448275862068966
protein_0150,protein_0089,0.12280701754385964
protein_0150,protein_0090,0.14912280701754385
protein_0150,protein_0091,0.1794871794871795
protein_0150,protein_0092,0.1794871794871795
protein_0150,protein_0093,0.26744186046511625
protein_0150,protein_0094,0.19298245614035087
protein_0150,protein_0095,0.16666666666666666
protein_0150,protein_0096,0.13333333333333333
protein_0150,protein_0097,0.29069767441860467
protein_0150,protein_0098,0.3595505617977528
protein_0150,protein_0099,0.14
protein_0150,protein_0100,0.18604651162790697
protein_0150,protein_0101,0.2826086956521739
protein_0150,protein_0102,0.2727272727272727
protein_0150,protein_0104,0.15966386554621848
protein_0150,protein_0105,0.1724137931034483
protein_0150,protein_0106,0.175
protein_0150,protein_0107,0.3977272727272727
protein_0150,protein_0108,0.25274725274725274
protein_0150,protein_0110,0.3563218390804598
protein_0150,protein_0112,0.1782178217821782
protein_0150,protein_0113,0.3068181818181818
protein_0150,protein_0114,0.38202247191011235
protein_0150,protein_0115,0.2857142857142857
protein_0150,protein_0116,0.12280701754385964
protein_0150,protein_0117,0.12280701754385964
protein_0150,protein_0118,0.1839080459770115
protein_0150,protein_0120,0.34444444444444444
protein_0150,protein_0121,0.34444444444444444
protein_0150,protein_0122,0.25555555555555554
protein_0150,protein_0123,0.1590909090909091
protein_0150,protein_0124,0.3068181818181818
protein_0150,protein_0125,0.16
protein_0150,protein_0126,0.21296296296296297
protein_0150,protein_0127,0.35555555555555557
protein_0150,protein_0128,0.3409090909090909
protein_0150,protein_0129,0.26436781609195403
protein_0150,protein_0130,0.1826086956521739
protein_0150,protein_0131,0.13953488372093023
protein_0150,protein_0132,0.18518518518518517
protein_0150,protein_0133,0.18518518518518517
protein_0150,protein_0134,0.6976744186046512
protein_0150,protein_0135,0.3626373626373626
protein_0150,protein_0136,0.14960629921259844
protein_0150,protein_0137,0.10569105691056911
protein_0150,protein_0138,0.10569105691056911
protein_0150,protein_0140,0.2988505747126437
protein_0150,protein_0141,0.2736842105263158
protein_0150,protein_0142,0.3181818181818182
protein_0150,protein_0143,0.28735632183908044
protein_0150,protein_0144,0.28735632183908044
protein_0150,protein_0146,0.13953488372093023
protein_0150,protein_0147,0.34444444444444444
protein_0150,protein_0148,0.3
protein_0150,protein_0149,0.1744186046511628
protein_0150,protein_0151,0.21739130434782608
protein_0150,protein_0152,0.16483516483516483
protein_0150,protein_0153,0.20224719101123595
protein_0150,protein_0154,0.2087912087912088
protein_0150,protein_0156,0.16071428571428573
protein_0150,protein_0158,0.13793103448275862
protein_0150,protein_0159,0.39080459770114945
protein_0150,protein_0160,0.30337078651685395
protein_0150,protein_0161,0.12598425196850394
protein_0150,protein_0162,0.3181818181818182
protein_0150,protein_0163,0.15
protein_0150,protein_0164,0.3125
protein_0150,protein_0166,0.28735632183908044
protein_0150,protein_0168,0.13392857142857142
protein_0150,protein_0169,0.15625
protein_0150,protein_0170,0.3111111111111111
protein_0150,protein_0171,0.22988505747126436
protein_0150,protein_0172,0.11475409836065574
protein_0150,protein_0173,0.3563218390804598
protein_0150,protein_0174,0.3
protein_0150,protein_0176,0.1724137931034483
protein_0150,protein_0178,0.1271186440677966
protein_0150,protein_0179,0.13559322033898305
protein_0150,protein_0180,0.23157894736842105
protein_0150,protein_0181,0.2967032967032967
protein_0150,protein_0182,0.3793103448275862
protein_0150,protein_0183,0.1111111111111111
protein_0150,protein_0184,0.3333333333333333
protein_0150,protein_0185,0.16494845360824742
protein_0150,protein_0186,0.12844036697247707
protein_0150,protein_0187,0.35106382978723405
protein_0150,protein_0188,0.14942528735632185
protein_0150,protein_0189,0.4
protein_0150,protein_0190,0.31521739130434784
protein_0150,protein_0191,0.3563218390804598
protein_0150,protein_0193,0.4148936170212766
protein_0150,protein_0195,0.2988505747126437
protein_0150,protein_0197,0.26744186046511625
protein_0150,protein_0198,0.3707865168539326
protein_0150,protein_0199,0.25
protein_0150,protein_0200,0.3181818181818182
protein_0150,protein_0201,0.16
protein_0150,protein_0202,0.3333333333333333
protein_0150,protein_0203,0.11475409836065574
protein_0150,protein_0204,0.1724137931034483
protein_0150,protein_0205,0.12264150943396226
protein_0150,protein_0206,0.3103448275862069
protein_0150,protein_0207,0.11278195488721804
protein_0150,protein_0208,0.1694915254237288
protein_0150,protein_0209,0.29473684210526313
protein_0150,protein_0210,0.32558139534883723
protein_0150,protein_0211,0.15384615384615385
protein_0150,protein_0212,0.13829787234042554
protein_0150,protein_0213,0.3655913978494624
protein_0150,protein_0214,0.12790697674418605
protein_0150,protein_0215,0.12359550561797752
protein_0150,protein_0216,0.11578947368421053
protein_0150,protein_0217,0.15730337078651685
protein_0150,protein_0219,0.145985401459854
protein_0150,protein_0220,0.375
protein_0150,protein_0221,0.13953488372093023
protein_0150,protein_0222,0.27906976744186046
protein_0150,protein_0223,0.1511627906976744
protein_0150,protein_0224,0.13953488372093023
protein_0150,protein_0225,0.13186813186813187
protein_0150,protein_0226,0.19
protein_0150,protein_0227,0.16091954022988506
protein_0150,protein_0228,0.24444444444444444
protein_0150,protein_0230,0.1956521739130435
protein_0150,protein_0231,0.3888888888888889
protein_0150,protein_0232,0.16279069767441862
protein_0150,protein_0233,0.1796875
protein_0150,protein_0234,0.16346153846153846
protein_0150,protein_0235,0.19230769230769232
protein_0150,protein_0236,0.2988505747126437
protein_0150,protein_0237,0.2988505747126437
protein_0150,protein_0238,0.12213740458015267
protein_0150,protein_0239,0.358695652173913
protein_0150,protein_0240,0.3695652173913043
protein_0150,protein_0241,0.34831460674157305
protein_0150,protein_0242,0.1511627906976744
protein_0150,protein_0243,0.3068181818181818
protein_0150,protein_0244,0.15555555555555556
protein_0150,protein_0246,0.18
protein_0150,protein_0247,0.17777777777777778
protein_0150,protein_0248,0.28735632183908044
protein_0150,protein_0249,0.3956043956043956
protein_0150,protein_0250,0.18446601941747573
protein_0150,protein_0251,0.16326530612244897
protein_0150,protein_0252,0.11702127659574468
protein_0150,protein_0253,0.13157894736842105
protein_0150,protein_0254,0.16666666666666666
protein_0150,protein_0255,0.08771929824561403
protein_0150,protein_0256,0.08333333333333333
protein_0150,protein_0257,0.09259259259259259
protein_0150,protein_0259,0.1590909090909091
protein_0150,protein_0260,0.1590909090909091
protein_0150,protein_0261,0.21568627450980393
protein_0150,protein_0262,0.14814814814814814
protein_0150,protein_0263,0.15441176470588236
protein_0150,protein_0264,0.3870967741935484
protein_0150,protein_0266,0.18947368421052632
protein_0150,protein_0267,0.1724137931034483
protein_0150,protein_0268,0.23333333333333334
protein_0150,protein_0269,0.16379310344827586
protein_0150,protein_0270,0.13793103448275862
protein_0150,protein_0271,0.1839080459770115
protein_0150,protein_0272,0.28888888888888886
protein_0150,protein_0273,0.3
protein_0150,protein_0274,0.21348314606741572
protein_0150,protein_0276,0.3977272727272727
protein_0150,protein_0277,0.1511627906976744
protein_0150,protein_0278,0.23333333333333334
protein_0150,protein_0279,0.32222222222222224
protein_0150,protein_0280,0.3181818181818182
protein_0150,protein_0281,0.14912280701754385
protein_0150,protein_0282,0.17045454545454544
protein_0150,protein_0283,0.10091743119266056
protein_0150,protein_0285,0.35555555555555557
protein_0150,protein_0286,0.1797752808988764
protein_0150,protein_0287,0.2
protein_0150,protein_0288,0.3103448275862069
protein_0150,protein_0289,0.18604651162790697
protein_0150,protein_0290,0.11965811965811966
protein_0150,protein_0292,0.16279069767441862
protein_0150,protein_0293,0.2
protein_0150,protein_0294,0.24719101123595505
protein_0150,protein_0295,0.16279069767441862
protein_0150,protein_0296,0.10619469026548672
protein_0150,protein_0297,0.13953488372093023
protein_0150,protein_0298,0.14942528735632185
protein_0150,protein_0299,0.16666666666666666
protein_0150,protein_0300,0.15789473684210525
protein_0150,protein_0301,0.15555555555555556
protein_0150,protein_0302,0.1187214611872146
protein_0150,protein_0303,0.2696629213483146
protein_0150,protein_0304,0.14772727272727273
protein_0150,protein_0305,0.16304347826086957
protein_0150,protein_0306,0.15384615384615385
protein_0150,protein_0308,0.16521739130434782
protein_0150,protein_0309,0.20212765957446807
protein_0150,protein_0310,0.19
protein_0150,protein_0312,0.4
protein_0150,protein_0313,0.2967032967032967
protein_0150,protein_0314,0.1941747572815534
protein_0150,protein_0315,0.128
protein_0150,protein_0317,0.16071428571428573
protein_0150,protein_0318,0.15517241379310345
protein_0150,protein_0319,0.32608695652173914
protein_0150,protein_0320,0.3626373626373626
protein_0150,protein_0321,0.2553191489361702
protein_0150,protein_0322,0.28735632183908044
protein_0150,protein_0323,0.2413793103448276
protein_0150,protein_0324,0.11627906976744186
protein_0150,protein_0325,0.14655172413793102
protein_0150,protein_0326,0.16091954022988506
protein_0150,protein_0327,0.4942528735632184
protein_0150,protein_0328,0.1574074074074074
protein_0150,protein_0329,0.1574074074074074
protein_0150,protein_0330,0.2988505747126437
protein_0150,protein_0331,0.16091954022988506
protein_0150,protein_0334,0.26804123711340205
protein_0150,protein_0335,0.11764705882352941
protein_0150,protein_0336,0.13793103448275862
protein_0150,protein_0337,0.3563218390804598
protein_0150,protein_0338,0.23595505617977527
protein_0150,protein_0339,0.18478260869565216
protein_0150,protein_0340,0.13592233009708737
protein_0150,protein_0341,0.24761904761904763
protein_0150,protein_0342,0.1511627906976744
protein_0150,protein_0343,0.17045454545454544
protein_0150,protein_0344,0.3448275862068966
protein_0150,protein_0345,0.16071428571428573
protein_0150,protein_0346,0.16071428571428573
protein_0150,protein_0348,0.19130434782608696
protein_0150,protein_0349,0.19
protein_0150,protein_0350,0.3333333333333333
protein_0150,protein_0352,0.18181818181818182
protein_0150,protein_0353,0.14285714285714285
protein_0150,protein_0354,0.21505376344086022
protein_0150,protein_0355,0.3563218390804598
protein_0150,protein_0356,0.13636363636363635
protein_0150,protein_0357,0.168
protein_0150,protein_0358,0.3448275862068966
protein_0150,protein_0359,0.11940298507462686
protein_0150,protein_0360,0.37362637362637363
protein_0150,protein_0361,0.09016393442622951
protein_0150,protein_0362,0.2391304347826087
protein_0150,protein_0364,0.2391304347826087
protein_0150,protein_0365,0.26666666666666666
protein_0150,protein_0366,0.25555555555555554
protein_0150,protein_0367,0.18584070796460178
protein_0150,protein_0368,0.2222222222222222
protein_0150,protein_0369,0.13953488372093023
protein_0150,protein_0370,0.3448275862068966
protein_0150,protein_0371,0.3488372093023256
protein_0150,protein_0372,0.0871559633027523
protein_0150,protein_0373,0.13761467889908258
protein_0150,protein_0374,0.1623931623931624
protein_0150,protein_0375,0.3563218390804598
protein_0150,protein_0376,0.16666666666666666
protein_0150,protein_0377,0.3333333333333333
protein_0150,protein_0378,0.16071428571428573
protein_0150,protein_0379,0.16129032258064516
protein_0150,protein_0380,0.16129032258064516
protein_0150,protein_0381,0.16129032258064516
protein_0150,protein_0382,0.26666666666666666
protein_0150,protein_0383,0.14942528735632185
protein_0150,protein_0384,0.3
protein_0150,protein_0385,0.11009174311926606
protein_0150,protein_0386,0.09090909090909091
protein_0150,protein_0387,0.1532258064516129
protein_0150,protein_0388,0.1590909090909091
protein_0150,protein_0389,0.1744186046511628
protein_0150,protein_0390,0.30526315789473685
protein_0150,protein_0391,0.26881720430107525
protein_0150,protein_0392,0.3
protein_0150,protein_0393,0.3
protein_0150,protein_0394,0.14035087719298245
protein_0150,protein_0395,0.21978021978021978
protein_0150,protein_0396,0.14728682170542637
protein_0150,protein_0397,0.34444444444444444
protein_0150,protein_0399,0.3541666666666667
protein_0155,protein_0000,0.15126050420168066
protein_0155,protein_0001,0.10256410256410256
protein_0155,protein_0002,0.1440677966101695
protein_0155,protein_0003,0.19672131147540983
protein_0155,protein_0004,0.17647058823529413
protein_0155,protein_0005,0.15
protein_0155,protein_0007,0.13445378151260504
protein_0155,protein_0008,0.171875
protein_0155,protein_0009,0.1652892561983471
protein_0155,protein_0011,0.17094017094017094
protein_0155,protein_0012,0.1282051282051282
protein_0155,protein_0013,0.14049586776859505
protein_0155,protein_0014,0.18181818181818182
protein_0155,protein_0015,0.1322314049586777
protein_0155,protein_0016,0.1623931623931624
protein_0155,protein_0018,0.16666666666666666
protein_0155,protein_0019,0.1282051282051282
protein_0155,protein_0020,0.18181818181818182
protein_0155,protein_0021,0.13559322033898305
protein_0155,protein_0022,0.1440677966101695
protein_0155,protein_0023,0.1440677966101695
protein_0155,protein_0025,0.11864406779661017
protein_0155,protein_0026,0.13432835820895522
protein_0155,protein_0027,0.18032786885245902
protein_0155,protein_0028,0.1694915254237288
protein_0155,protein_0029,0.1282051282051282
protein_0155,protein_0030,0.12
protein_0155,protein_0031,0.12295081967213115
protein_0155,protein_0032,0.15833333333333333
protein_0155,protein_0033,0.14516129032258066
protein_0155,protein_0034,0.1794871794871795
protein_0155,protein_0035,0.15625
protein_0155,protein_0037,0.1794871794871795
protein_0155,protein_0038,0.1794871794871795
protein_0155,protein_0039,0.1652892561983471
protein_0155,protein_0040,0.12396694214876033
protein_0155,protein_0041,0.18333333333333332
protein_0155,protein_0042,0.2066115702479339
protein_0155,protein_0043,0.175
protein_0155,protein_0044,0.184
protein_0155,protein_0045,0.1452991452991453
protein_0155,protein_0046,0.13445378151260504
protein_0155,protein_0047,0.15
protein_0155,protein_0048,0.13675213675213677
protein_0155,protein_0049,0.16666666666666666
protein_0155,protein_0050,0.13675213675213677
protein_0155,protein_0051,0.1282051282051282
protein_0155,protein_0052,0.17094017094017094
protein_0155,protein_0053,0.15328467153284672
protein_0155,protein_0054,0.1349206349206349
protein_0155,protein_0055,0.1619718309859155
protein_0155,protein_0056,0.17094017094017094
protein_0155,protein_0057,0.1282051282051282
protein_0155,protein_0058,0.1282051282051282
protein_0155,protein_0060,0.14615384615384616
protein_0155,protein_0061,0.16806722689075632
protein_0155,protein_0062,0.14754098360655737
protein_0155,protein_0063,0.12962962962962962
protein_0155,protein_0064,0.17094017094017094
protein_0155,protein_0065,0.14960629921259844
protein_0155,protein_0066,0.17796610169491525
protein_0155,protein_0067,0.13675213675213677
protein_0155,protein_0068,0.1623931623931624
protein_0155,protein_0069,0.1774193548387097
protein_0155,protein_0070,0.16806722689075632
protein_0155,protein_0071,0.14393939393939395
protein_0155,protein_0072,0.13675213675213677
protein_0155,protein_0073,0.18333333333333332
protein_0155,protein_0074,0.15625
protein_0155,protein_0075,0.21367521367521367
protein_0155,protein_0076,0.11864406779661017
protein_0155,protein_0077,0.13114754098360656
protein_0155,protein_0078,0.12903225806451613
protein_0155,protein_0079,0.12903225806451613
protein_0155,protein_0080,0.125
protein_0155,protein_0082,0.112
protein_0155,protein_0083,0.1623931623931624
protein_0155,protein_0084,0.15702479338842976
protein_0155,protein_0085,0.136
protein_0155,protein_0086,0.096
protein_0155,protein_0087,0.12396694214876033
protein_0155,protein_0088,0.18032786885245902
protein_0155,protein_0089,0.1780821917808219
protein_0155,protein_0090,0.16541353383458646
protein_0155,protein_0091,0.14960629921259844
protein_0155,protein_0092,0.14960629921259844
protein_0155,protein_0093,0.1452991452991453
protein_0155,protein_0094,0.16666666666666666
protein_0155,protein_0095,0.16541353383458646
protein_0155,protein_0096,0.15
protein_0155,protein_0097,0.1623931623931624
protein_0155,protein_0098,0.1282051282051282
protein_0155,protein_0099,0.13076923076923078
protein_0155,protein_0100,0.1623931623931624
protein_0155,protein_0101,0.19166666666666668
protein_0155,protein_0102,0.17073170731707318
protein_0155,protein_0104,0.14516129032258066
protein_0155,protein_0105,0.14049586776859505
protein_0155,protein_0106,0.15555555555555556
protein_0155,protein_0107,0.13333333333333333
protein_0155,protein_0108,0.13076923076923078
protein_0155,protein_0110,0.136
protein_0155,protein_0112,0.152
protein_0155,protein_0113,0.15384615384615385
protein_0155,protein_0114,0.1452991452991453
protein_0155,protein_0115,0.15384615384615385
protein_0155,protein_0116,0.14049586776859505
protein_0155,protein_0117,0.14049586776859505
protein_0155,protein_0118,0.1322314049586777
protein_0155,protein_0120,0.11475409836065574
protein_0155,protein_0121,0.11475409836065574
protein_0155,protein_0122,0.1623931623931624
protein_0155,protein_0123,0.1282051282051282
protein_0155,protein_0124,0.11475409836065574
protein_0155,protein_0125,0.14960629921259844
protein_0155,protein_0126,0.171875
protein_0155,protein_0127,0.15
protein_0155,protein_0128,0.16535433070866143
protein_0155,protein_0129,0.1721311475409836
protein_0155,protein_0130,0.19708029197080293
protein_0155,protein_0131,0.11965811965811966
protein_0155,protein_0132,0.1889763779527559
protein_0155,protein_0133,0.1889763779527559
protein_0155,protein_0134,0.17094017094017094
protein_0155,protein_0135,0.1864406779661017
protein_0155,protein_0136,0.1693548387096774
protein_0155,protein_0137,0.12295081967213115
protein_0155,protein_0138,0.12295081967213115
protein_0155,protein_0140,0.13333333333333333
protein_0155,protein_0141,0.1623931623931624
protein_0155,protein_0142,0.17796610169491525
protein_0155,protein_0143,0.11450381679389313
protein_0155,protein_0144,0.1297709923664122
protein_0155,protein_0146,0.1452991452991453
protein_0155,protein_0147,0.12295081967213115
protein_0155,protein_0148,0.14285714285714285
protein_0155,protein_0149,0.13675213675213677
protein_0155,protein_0151,0.13445378151260504
protein_0155,protein_0152,0.15966386554621848
protein_0155,protein_0153,0.1694915254237288
protein_0155,protein_0154,0.16666666666666666
protein_0155,protein_0156,0.1328125
protein_0155,protein_0158,0.11965811965811966
protein_0155,protein_0159,0.16393442622950818
protein_0155,protein_0160,0.15833333333333333
protein_0155,protein_0161,0.1111111111111111
protein_0155,protein_0162,0.1694915254237288
protein_0155,protein_0163,0.11194029850746269
protein_0155,protein_0164,0.2
protein_0155,protein_0166,0.19166666666666668
protein_0155,protein_0168,0.17557251908396945
protein_0155,protein_0169,0.16129032258064516
protein_0155,protein_0170,0.13675213675213677
protein_0155,protein_0171,0.1452991452991453
protein_0155,protein_0172,0.15217391304347827
protein_0155,protein_0173,0.15384615384615385
protein_0155,protein_0174,0.15833333333333333
protein_0155,protein_0176,0.12195121951219512
protein_0155,protein_0178,0.13385826771653545
protein_0155,protein_0179,0.14393939393939395
protein_0155,protein_0180,0.1652892561983471
protein_0155,protein_0181,0.1452991452991453
protein_0155,protein_0182,0.13934426229508196
protein_0155,protein_0183,0.13559322033898305
protein_0155,protein_0184,0.15254237288135594
protein_0155,protein_0185,0.192
protein_0155,protein_0186,0.14285714285714285
protein_0155,protein_0187,0.1452991452991453
protein_0155,protein_0188,0.1092436974789916
protein_0155,protein_0189,0.15384615384615385
protein_0155,protein_0190,0.13559322033898305
protein_0155,protein_0191,0.14634146341463414
protein_0155,protein_0193,0.13333333333333333
protein_0155,protein_0195,0.15126050420168066
protein_0155,protein_0197,0.15384615384615385
protein_0155,protein_0198,0.17796610169491525
protein_0155,protein_0199,0.14166666666666666
protein_0155,protein_0200,0.15254237288135594
protein_0155,protein_0201,0.13385826771653545
protein_0155,protein_0202,0.15873015873015872
protein_0155,protein_0203,0.13385826771653545
protein_0155,protein_0204,0.1282051282051282
protein_0155,protein_0205,0.1320754716981132
protein_0155,protein_0206,0.13675213675213677
protein_0155,protein_0207,0.1276595744680851
protein_0155,protein_0208,0.15384615384615385
protein_0155,protein_0209,0.1935483870967742
protein_0155,protein_0210,0.14516129032258066
protein_0155,protein_0211,0.11570247933884298
protein_0155,protein_0212,0.17094017094017094
protein_0155,protein_0213,0.15966386554621848
protein_0155,protein_0214,0.11965811965811966
protein_0155,protein_0215,0.1532258064516129
protein_0155,protein_0216,0.15447154471544716
protein_0155,protein_0217,0.1623931623931624
protein_0155,protein_0219,0.12295081967213115
protein_0155,protein_0220,0.19658119658119658
protein_0155,protein_0221,0.11570247933884298
protein_0155,protein_0222,0.15833333333333333
protein_0155,protein_0223,0.11016949152542373
protein_0155,protein_0224,0.12605042016806722
protein_0155,protein_0225,0.1282051282051282
protein_0155,protein_0226,0.1984126984126984
protein_0155,protein_0227,0.1452991452991453
protein_0155,protein_0228,0.1623931623931624
protein_0155,protein_0230,0.17886178861788618
protein_0155,protein_0231,0.1487603305785124
protein_0155,protein_0232,0.13559322033898305
protein_0155,protein_0233,0.16296296296296298
protein_0155,protein_0234,0.1794871794871795
protein_0155,protein_0235,0.12
protein_0155,protein_0236,0.15384615384615385
protein_0155,protein_0237,0.15384615384615385
protein_0155,protein_0238,0.14285714285714285
protein_0155,protein_0239,0.09322033898305085
protein_0155,protein_0240,0.15126050420168066
protein_0155,protein_0241,0.11764705882352941
protein_0155,protein_0242,0.08547008547008547
protein_0155,protein_0243,0.1282051282051282
protein_0155,protein_0244,0.13445378151260504
protein_0155,protein_0246,0.14960629921259844
protein_0155,protein_0247,0.18181818181818182
protein_0155,protein_0248,0.09322033898305085
protein_0155,protein_0249,0.1440677966101695
protein_0155,protein_0250,0.22131147540983606
protein_0155,protein_0251,0.15384615384615385
protein_0155,protein_0252,0.19658119658119658
protein_0155,protein_0253,0.11363636363636363
protein_0155,protein_0254,0.1487603305785124
protein_0155,protein_0255,0.15591397849462366
protein_0155,protein_0256,0.12295081967213115
protein_0155,protein_0257,0.12295081967213115
protein_0155,protein_0259,0.11965811965811966
protein_0155,protein_0260,0.11965811965811966
protein_0155,protein_0261,0.14960629921259844
protein_0155,protein_0262,0.16901408450704225
protein_0155,protein_0263,0.15714285714285714
protein_0155,protein_0264,0.13333333333333333
protein_0155,protein_0266,0.1623931623931624
protein_0155,protein_0267,0.175
protein_0155,protein_0268,0.1111111111111111
protein_0155,protein_0269,0.13445378151260504
protein_0155,protein_0270,0.11016949152542373
protein_0155,protein_0271,0.10256410256410256
protein_0155,protein_0272,0.15873015873015872
protein_0155,protein_0273,0.1623931623931624
protein_0155,protein_0274,0.13934426229508196
protein_0155,protein_0276,0.1794871794871795
protein_0155,protein_0277,0.11965811965811966
protein_0155,protein_0278,0.14049586776859505
protein_0155,protein_0279,0.15384615384615385
protein_0155,protein_0280,0.1440677966101695
protein_0155,protein_0281,0.1796875
protein_0155,protein_0282,0.1111111111111111
protein_0155,protein_0283,0.11312217194570136
protein_0155,protein_0285,0.15966386554621848
protein_0155,protein_0286,0.17355371900826447
protein_0155,protein_0287,0.17557251908396945
protein_0155,protein_0288,0.16101694915254236
protein_0155,protein_0289,0.11965811965811966
protein_0155,protein_0290,0.12
protein_0155,protein_0292,0.14173228346456693
protein_0155,protein_0293,0.12295081967213115
protein_0155,protein_0294,0.1652892561983471
protein_0155,protein_0295,0.11382113821138211
protein_0155,protein_0296,0.14634146341463414
protein_0155,protein_0297,0.13559322033898305
protein_0155,protein_0298,0.11965811965811966
protein_0155,protein_0299,0.1652892561983471
protein_0155,protein_0300,0.17886178861788618
protein_0155,protein_0301,0.17886178861788618
protein_0155,protein_0302,0.1336405529953917
protein_0155,protein_0303,0.125
protein_0155,protein_0304,0.125
protein_0155,protein_0305,0.19658119658119658
protein_0155,protein_0306,0.1619718309859155
protein_0155,protein_0308,0.1652892561983471
protein_0155,protein_0309,0.1694915254237288
protein_0155,protein_0310,0.18803418803418803
protein_0155,protein_0312,0.12295081967213115
protein_0155,protein_0313,0.1796875
protein_0155,protein_0314,0.15702479338842976
protein_0155,protein_0315,0.14285714285714285
protein_0155,protein_0317,0.1171875
protein_0155,protein_0318,0.144
protein_0155,protein_0319,0.15966386554621848
protein_0155,protein_0320,0.1694915254237288
protein_0155,protein_0321,0.1623931623931624
protein_0155,protein_0322,0.15384615384615385
protein_0155,protein_0323,0.14285714285714285
protein_0155,protein_0324,0.14166666666666666
protein_0155,protein_0325,0.16666666666666666
protein_0155,protein_0326,0.19834710743801653
protein_0155,protein_0327,0.11764705882352941
protein_0155,protein_0328,0.12295081967213115
protein_0155,protein_0329,0.12295081967213115
protein_0155,protein_0330,0.1623931623931624
protein_0155,protein_0331,0.11965811965811966
protein_0155,protein_0334,0.1440677966101695
protein_0155,protein_0335,0.152
protein_0155,protein_0336,0.11965811965811966
protein_0155,protein_0337,0.14465408805031446
protein_0155,protein_0338,0.1732283464566929
protein_0155,protein_0339,0.1452991452991453
protein_0155,protein_0340,0.10833333333333334
protein_0155,protein_0341,0.16666666666666666
protein_0155,protein_0342,0.1484375
protein_0155,protein_0343,0.1111111111111111
protein_0155,protein_0344,0.1452991452991453
protein_0155,protein_0345,0.136
protein_0155,protein_0346,0.136
protein_0155,protein_0348,0.15503875968992248
protein_0155,protein_0349,0.144
protein_0155,protein_0350,0.15384615384615385
protein_0155,protein_0352,0.1452991452991453
protein_0155,protein_0353,0.16296296296296298
protein_0155,protein_0354,0.1623931623931624
protein_0155,protein_0355,0.14383561643835616
protein_0155,protein_0356,0.1452991452991453
protein_0155,protein_0357,0.17054263565891473
protein_0155,protein_0358,0.15384615384615385
protein_0155,protein_0359,0.13953488372093023
protein_0155,protein_0360,0.21666666666666667
protein_0155,protein_0361,0.13846153846153847
protein_0155,protein_0362,0.16129032258064516
protein_0155,protein_0364,0.16129032258064516
protein_0155,protein_0365,0.15
protein_0155,protein_0366,0.15
protein_0155,protein_0367,0.17094017094017094
protein_0155,protein_0368,0.06818181818181818
protein_0155,protein_0369,0.16
protein_0155,protein_0370,0.1452991452991453
protein_0155,protein_0371,0.13821138211382114
protein_0155,protein_0372,0.091324200913242
protein_0155,protein_0373,0.14754098360655737
protein_0155,protein_0374,0.16083916083916083
protein_0155,protein_0375,0.15966386554621848
protein_0155,protein_0376,0.15384615384615385
protein_0155,protein_0377,0.17094017094017094
protein_0155,protein_0378,0.15079365079365079
protein_0155,protein_0379,0.20161290322580644
protein_0155,protein_0380,0.20161290322580644
protein_0155,protein_0381,0.20161290322580644
protein_0155,protein_0382,0.1951219512195122
protein_0155,protein_0383,0.13675213675213677
protein_0155,protein_0384,0.211864406779661
protein_0155,protein_0385,0.1271186440677966
protein_0155,protein_0386,0.1623931623931624
protein_0155,protein_0387,0.15625
protein_0155,protein_0388,0.1282051282051282
protein_0155,protein_0389,0.1694915254237288
protein_0155,protein_0390,0.13709677419354838
protein_0155,protein_0391,0.15126050420168066
protein_0155,protein_0392,0.1282051282051282
protein_0155,protein_0393,0.13675213675213677
protein_0155,protein_0394,0.16417910447761194
protein_0155,protein_0395,0.15384615384615385
protein_0155,protein_0396,0.096
protein_0155,protein_0397,0.1694915254237288
protein_0155,protein_0399,0.13821138211382114
protein_0157,protein_0000,0.1590909090909091
protein_0157,protein_0001,0.16666666666666666
protein_0157,protein_0002,0.21839080459770116
protein_0157,protein_0003,0.1827956989247312
protein_0157,protein_0004,0.15053763440860216
protein_0157,protein_0005,0.23809523809523808
protein_0157,protein_0007,0.14285714285714285
protein_0157,protein_0008,0.1650485436893204
protein_0157,protein_0009,0.12359550561797752
protein_0157,protein_0011,0.16666666666666666
protein_0157,protein_0012,0.14130434782608695
protein_0157,protein_0013,0.16470588235294117
protein_0157,protein_0014,0.1595744680851064
protein_0157,protein_0015,0.13131313131313133
protein_0157,protein_0016,0.16981132075471697
protein_0157,protein_0018,0.13333333333333333
protein_0157,protein_0019,0.19047619047619047
protein_0157,protein_0020,0.1702127659574468
protein_0157,protein_0021,0.2988505747126437
protein_0157,protein_0022,0.21978021978021978
protein_0157,protein_0023,0.2127659574468085
protein_0157,protein_0025,0.14606741573033707
protein_0157,protein_0026,0.10852713178294573
protein_0157,protein_0027,0.21782178217821782
protein_0157,protein_0028,0.11538461538461539
protein_0157,protein_0029,0.16279069767441862
protein_0157,protein_0030,0.12396694214876033
protein_0157,protein_0031,0.18181818181818182
protein_0157,protein_0032,0.1797752808988764
protein_0157,protein_0033,0.16831683168316833
protein_0157,protein_0034,0.11956521739130435
protein_0157,protein_0035,0.1326530612244898
protein_0157,protein_0037,0.14563106796116504
protein_0157,protein_0038,0.14563106796116504
protein_0157,protein_0039,0.14736842105263157
protein_0157,protein_0040,0.15294117647058825
protein_0157,protein_0041,0.17391304347826086
protein_0157,protein_0042,0.17391304347826086
protein_0157,protein_0043,0.1919191919191919
protein_0157,protein_0044,0.13043478260869565
protein_0157,protein_0045,0.19607843137254902
protein_0157,protein_0046,0.15476190476190477
protein_0157,protein_0047,0.17777777777777778
protein_0157,protein_0048,0.16483516483516483
protein_0157,protein_0049,0.09090909090909091
protein_0157,protein_0050,0.17475728155339806
protein_0157,protein_0051,0.16666666666666666
protein_0157,protein_0052,0.16129032258064516
protein_0157,protein_0053,0.15841584158415842
protein_0157,protein_0054,0.10852713178294573
protein_0157,protein_0055,0.09322033898305085
protein_0157,protein_0056,0.16
protein_0157,protein_0057,0.14285714285714285
protein_0157,protein_0058,0.1348314606741573
protein_0157,protein_0060,0.1619047619047619
protein_0157,protein_0061,0.2111111111111111
protein_0157,protein_0062,0.12903225806451613
protein_0157,protein_0063,0.107981220657277
protein_0157,protein_0064,0.1368421052631579
protein_0157,protein_0065,0.15
protein_0157,protein_0066,0.13592233009708737
protein_0157,protein_0067,0.14606741573033707
protein_0157,protein_0068,0.12087912087912088
protein_0157,protein_0069,0.1956521739130435
protein_0157,protein_0070,0.1111111111111111
protein_0157,protein_0071,0.18947368421052632
protein_0157,protein_0072,0.12941176470588237
protein_0157,protein_0073,0.1348314606741573
protein_0157,protein_0074,0.17204301075268819
protein_0157,protein_0075,0.24242424242424243
protein_0157,protein_0076,0.1797752808988764
protein_0157,protein_0077,0.12631578947368421
protein_0157,protein_0078,0.16346153846153846
protein_0157,protein_0079,0.16346153846153846
protein_0157,protein_0080,0.16842105263157894
protein_0157,protein_0082,0.1346153846153846
protein_0157,protein_0083,0.17391304347826086
protein_0157,protein_0084,0.18085106382978725
protein_0157,protein_0085,0.1346153846153846
protein_0157,protein_0086,0.14285714285714285
protein_0157,protein_0087,0.11904761904761904
protein_0157,protein_0088,0.20588235294117646
protein_0157,protein_0089,0.15517241379310345
protein_0157,protein_0090,0.15517241379310345
protein_0157,protein_0091,0.09649122807017543
protein_0157,protein_0092,0.09649122807017543
protein_0157,protein_0093,0.18888888888888888
protein_0157,protein_0094,0.13793103448275862
protein_0157,protein_0095,0.12931034482758622
protein_0157,protein_0096,0.17857142857142858
protein_0157,protein_0097,0.2222222222222222
protein_0157,protein_0098,0.15384615384615385
protein_0157,protein_0099,0.17142857142857143
protein_0157,protein_0100,0.15476190476190477
protein_0157,protein_0101,0.14606741573033707
protein_0157,protein_0102,0.17708333333333334
protein_0157,protein_0104,0.13114754098360656
protein_0157,protein_0105,0.12643678160919541
protein_0157,protein_0106,0.16071428571428573
protein_0157,protein_0107,0.1724137931034483
protein_0157,protein_0108,0.13186813186813187
protein_0157,protein_0110,0.1978021978021978
protein_0157,protein_0112,0.14814814814814814
protein_0157,protein_0113,0.24
protein_0157,protein_0114,0.17582417582417584
protein_0157,protein_0115,0.13043478260869565
protein_0157,protein_0116,0.16101694915254236
protein_0157,protein_0117,0.16101694915254236
protein_0157,protein_0118,0.19318181818181818
protein_0157,protein_0120,0.0989010989010989
protein_0157,protein_0121,0.0989010989010989
protein_0157,protein_0122,0.15151515151515152
protein_0157,protein_0123,0.12359550561797752
protein_0157,protein_0124,0.09782608695652174
protein_0157,protein_0125,0.1485148514851485
protein_0157,protein_0126,0.1553398058252427
protein_0157,protein_0127,0.14130434782608695
protein_0157,protein_0128,0.15730337078651685
protein_0157,protein_0129,0.1553398058252427
protein_0157,protein_0130,0.15833333333333333
protein_0157,protein_0131,0.15294117647058825
protein_0157,protein_0132,0.18584070796460178
protein_0157,protein_0133,0.18584070796460178
protein_0157,protein_0134,0.17391304347826086
protein_0157,protein_0135,0.1188118811881188
protein_0157,protein_0136,0.1092436974789916
protein_0157,protein_0137,0.08943089430894309
protein_0157,protein_0138,0.08943089430894309
protein_0157,protein_0140,0.14130434782608695
protein_0157,protein_0141,0.14285714285714285
protein_0157,protein_0142,0.17777777777777778
protein_0157,protein_0143,0.17204301075268819
protein_0157,protein_0144,0.19791666666666666
protein_0157,protein_0146,0.14444444444444443
protein_0157,protein_0147,0.16304347826086957
protein_0157,protein_0148,0.1590909090909091
protein_0157,protein_0149,0.16666666666666666
protein_0157,protein_0151,0.12903225806451613
protein_0157,protein_0152,0.15476190476190477
protein_0157,protein_0153,0.17204301075268819
protein_0157,protein_0154,0.17894736842105263
protein_0157,protein_0156,0.14018691588785046
protein_0157,protein_0158,0.12941176470588237
protein_0157,protein_0159,0.09090909090909091
protein_0157,protein_0160,0.14772727272727273
protein_0157,protein_0161,0.1111111111111111
protein_0157,protein_0162,0.14942528735632185
protein_0157,protein_0163,0.13333333333333333
protein_0157,protein_0164,0.13392857142857142
protein_0157,protein_0166,0.14942528735632185
protein_0157,protein_0168,0.15384615384615385
protein_0157,protein_0169,0.13793103448275862
protein_0157,protein_0170,0.09090909090909091
protein_0157,protein_0171,0.12903225806451613
protein_0157,protein_0172,0.1322314049586777
protein_0157,protein_0173,0.11235955056179775
protein_0157,protein_0174,0.14606741573033707
protein_0157,protein_0176,0.16666666666666666
protein_0157,protein_0178,0.17391304347826086
protein_0157,protein_0179,0.1565217391304348
protein_0157,protein_0180,0.15217391304347827
protein_0157,protein_0181,0.14606741573033707
protein_0157,protein_0182,0.1827956989247312
protein_0157,protein_0183,0.15151515151515152
protein_0157,protein_0184,0.2
protein_0157,protein_0185,0.1511627906976744
protein_0157,protein_0186,0.1717171717171717
protein_0157,protein_0187,0.1348314606741573
protein_0157,protein_0188,0.13953488372093023
protein_0157,protein_0189,0.12222222222222222
protein_0157,protein_0190,0.15555555555555556
protein_0157,protein_0191,0.14130434782608695
protein_0157,protein_0193,0.1650485436893204
protein_0157,protein_0195,0.1875
protein_0157,protein_0197,0.18888888888888888
protein_0157,protein_0198,0.15384615384615385
protein_0157,protein_0199,0.14893617021276595
protein_0157,protein_0200,0.18681318681318682
protein_0157,protein_0201,0.1308411214953271
protein_0157,protein_0202,0.13043478260869565
protein_0157,protein_0203,0.1452991452991453
protein_0157,protein_0204,0.1744186046511628
protein_0157,protein_0205,0.12796208530805686
protein_0157,protein_0206,0.14130434782608695
protein_0157,protein_0207,0.14173228346456693
protein_0157,protein_0208,0.15384615384615385
protein_0157,protein_0209,0.1568627450980392
protein_0157,protein_0210,0.2
protein_0157,protein_0211,0.11764705882352941
protein_0157,protein_0212,0.13095238095238096
protein_0157,protein_0213,0.16483516483516483
protein_0157,protein_0214,0.15294117647058825
protein_0157,protein_0215,0.09523809523809523
protein_0157,protein_0216,0.1326530612244898
protein_0157,protein_0217,0.25
protein_0157,protein_0219,0.12903225806451613
protein_0157,protein_0220,0.14285714285714285
protein_0157,protein_0221,0.12643678160919541
protein_0157,protein_0222,0.10227272727272728
protein_0157,protein_0223,0.1411764705882353
protein_0157,protein_0224,0.11904761904761904
protein_0157,protein_0225,0.2619047619047619
protein_0157,protein_0226,0.23333333333333334
protein_0157,protein_0227,0.09523809523809523
protein_0157,protein_0228,0.16494845360824742
protein_0157,protein_0230,0.1326530612244898
protein_0157,protein_0231,0.14130434782608695
protein_0157,protein_0232,0.16666666666666666
protein_0157,protein_0233,0.13846153846153847
protein_0157,protein_0234,0.14563106796116504
protein_0157,protein_0235,0.19540229885057472
protein_0157,protein_0236,0.15384615384615385
protein_0157,protein_0237,0.15384615384615385
protein_0157,protein_0238,0.09923664122137404
protein_0157,protein_0239,0.11827956989247312
protein_0157,protein_0240,0.13541666666666666
protein_0157,protein_0241,0.12903225806451613
protein_0157,protein_0242,0.1276595744680851
protein_0157,protein_0243,0.1348314606741573
protein_0157,protein_0244,0.21428571428571427
protein_0157,protein_0246,0.20202020202020202
protein_0157,protein_0247,0.18
protein_0157,protein_0248,0.15555555555555556
protein_0157,protein_0249,0.1941747572815534
protein_0157,protein_0250,0.17525773195876287
protein_0157,protein_0251,0.19101123595505617
protein_0157,protein_0252,0.26744186046511625
protein_0157,protein_0253,0.10526315789473684
protein_0157,protein_0254,0.1411764705882353
protein_0157,protein_0255,0.0872093023255814
protein_0157,protein_0256,0.12380952380952381
protein_0157,protein_0257,0.09734513274336283
protein_0157,protein_0259,0.17647058823529413
protein_0157,protein_0260,0.17647058823529413
protein_0157,protein_0261,0.1834862385321101
protein_0157,protein_0262,0.1111111111111111
protein_0157,protein_0263,0.10638297872340426
protein_0157,protein_0264,0.1702127659574468
protein_0157,protein_0266,0.22105263157894736
protein_0157,protein_0267,0.1276595744680851
protein_0157,protein_0268,0.25882352941176473
protein_0157,protein_0269,0.15079365079365079
protein_0157,protein_0270,0.12790697674418605
protein_0157,protein_0271,0.13636363636363635
protein_0157,protein_0272,0.16842105263157894
protein_0157,protein_0273,0.19101123595505617
protein_0157,protein_0274,0.16304347826086957
protein_0157,protein_0276,0.15217391304347827
protein_0157,protein_0277,0.1511627906976744
protein_0157,protein_0278,0.17525773195876287
protein_0157,protein_0279,0.16279069767441862
protein_0157,protein_0280,0.1590909090909091
protein_0157,protein_0281,0.09821428571428571
protein_0157,protein_0282,0.11363636363636363
protein_0157,protein_0283,0.0963302752293578
protein_0157,protein_0285,0.15789473684210525
protein_0157,protein_0286,0.16470588235294117
protein_0157,protein_0287,0.168141592920354
protein_0157,protein_0288,0.13953488372093023
protein_0157,protein_0289,0.15476190476190477
protein_0157,protein_0290,0.17142857142857143
protein_0157,protein_0292,0.15476190476190477
protein_0157,protein_0293,0.15217391304347827
protein_0157,protein_0294,0.2
protein_0157,protein_0295,0.16279069767441862
protein_0157,protein_0296,0.12389380530973451
protein_0157,protein_0297,0.15476190476190477
protein_0157,protein_0298,0.14285714285714285
protein_0157,protein_0299,0.1744186046511628
protein_0157,protein_0300,0.20454545454545456
protein_0157,protein_0301,0.2159090909090909
protein_0157,protein_0302,0.1382488479262673
protein_0157,protein_0303,0.12359550561797752
protein_0157,protein_0304,0.15476190476190477
protein_0157,protein_0305,0.18823529411764706
protein_0157,protein_0306,0.09243697478991597
protein_0157,protein_0308,0.12173913043478261
protein_0157,protein_0309,0.18947368421052632
protein_0157,protein_0310,0.20202020202020202
protein_0157,protein_0312,0.15789473684210525
protein_0157,protein_0313,0.2
protein_0157,protein_0314,0.0970873786407767
protein_0157,protein_0315,0.10714285714285714
protein_0157,protein_0317,0.1553398058252427
protein_0157,protein_0318,0.09322033898305085
protein_0157,protein_0319,0.12631578947368421
protein_0157,protein_0320,0.08888888888888889
protein_0157,protein_0321,0.17204301075268819
protein_0157,protein_0322,0.125
protein_0157,protein_0323,0.14736842105263157
protein_0157,protein_0324,0.1595744680851064
protein_0157,protein_0325,0.09836065573770492
protein_0157,protein_0326,0.19540229885057472
protein_0157,protein_0327,0.16666666666666666
protein_0157,protein_0328,0.1743119266055046
protein_0157,protein_0329,0.1743119266055046
protein_0157,protein_0330,0.2087912087912088
protein_0157,protein_0331,0.16279069767441862
protein_0157,protein_0334,0.20618556701030927
protein_0157,protein_0335,0.13333333333333333
protein_0157,protein_0336,0.14285714285714285
protein_0157,protein_0337,0.11188811188811189
protein_0157,protein_0338,0.13861386138613863
protein_0157,protein_0339,0.16470588235294117
protein_0157,protein_0340,0.10784313725490197
protein_0157,protein_0341,0.15384615384615385
protein_0157,protein_0342,0.15476190476190477
protein_0157,protein_0343,0.14285714285714285
protein_0157,protein_0344,0.125
protein_0157,protein_0345,0.14166666666666666
protein_0157,protein_0346,0.14166666666666666
protein_0157,protein_0348,0.15873015873015872
protein_0157,protein_0349,0.11538461538461539
protein_0157,protein_0350,0.11363636363636363
protein_0157,protein_0352,0.16483516483516483
protein_0157,protein_0353,0.175
protein_0157,protein_0354,0.17647058823529413
protein_0157,protein_0355,0.13559322033898305
protein_0157,protein_0356,0.13095238095238096
protein_0157,protein_0357,0.075
protein_0157,protein_0358,0.125
protein_0157,protein_0359,0.14285714285714285
protein_0157,protein_0360,0.14285714285714285
protein_0157,protein_0361,0.11538461538461539
protein_0157,protein_0362,0.14285714285714285
protein_0157,protein_0364,0.13978494623655913
protein_0157,protein_0365,0.12359550561797752
protein_0157,protein_0366,0.12359550561797752
protein_0157,protein_0367,0.13592233009708737
protein_0157,protein_0368,0.23809523809523808
protein_0157,protein_0369,0.15476190476190477
protein_0157,protein_0370,0.125
protein_0157,protein_0371,0.15053763440860216
protein_0157,protein_0372,0.10550458715596331
protein_0157,protein_0373,0.10784313725490197
protein_0157,protein_0374,0.12605042016806722
protein_0157,protein_0375,0.17204301075268819
protein_0157,protein_0376,0.15151515151515152
protein_0157,protein_0377,0.14285714285714285
protein_0157,protein_0378,0.14953271028037382
protein_0157,protein_0379,0.22772277227722773
protein_0157,protein_0380,0.22772277227722773
protein_0157,protein_0381,0.22772277227722773
protein_0157,protein_0382,0.19801980198019803
protein_0157,protein_0383,0.16091954022988506
protein_0157,protein_0384,0.1590909090909091
protein_0157,protein_0385,0.16161616161616163
protein_0157,protein_0386,0.16037735849056603
protein_0157,protein_0387,0.13392857142857142
protein_0157,protein_0388,0.15476190476190477
protein_0157,protein_0389,0.12941176470588237
protein_0157,protein_0390,0.16666666666666666
protein_0157,protein_0391,0.2222222222222222
protein_0157,protein_0392,0.12222222222222222
protein_0157,protein_0393,0.11956521739130435
protein_0157,protein_0394,0.10344827586206896
protein_0157,protein_0395,0.13333333333333333
protein_0157,protein_0396,0.1322314049586777
protein_0157,protein_0397,0.11627906976744186
protein_0157,protein_0399,0.17708333333333334
protein_0165,protein_0000,0.16666666666666666
protein_0165,protein_0001,0.32267825617502877
protein_0165,protein_0002,0.1728395061728395
protein_0165,protein_0003,0.1724137931034483
protein_0165,protein_0004,0.12643678160919541
protein_0165,protein_0005,0.16470588235294117
protein_0165,protein_0007,0.32604670315073586
protein_0165,protein_0008,0.1717171717171717
protein_0165,protein_0009,0.19540229885057472
protein_0165,protein_0011,0.15217391304347827
protein_0165,protein_0012,0.18181818181818182
protein_0165,protein_0013,0.17073170731707318
protein_0165,protein_0014,0.10678471534859468
protein_0165,protein_0015,0.13861386138613863
protein_0165,protein_0016,0.13131313131313133
protein_0165,protein_0018,0.18181818181818182
protein_0165,protein_0019,0.31484028381260054
protein_0165,protein_0020,0.11363636363636363
protein_0165,protein_0021,0.15853658536585366
protein_0165,protein_0022,0.15944272445820434
protein_0165,protein_0023,0.14855072463768115
protein_0165,protein_0025,0.1590909090909091
protein_0165,protein_0026,0.11627906976744186
protein_0165,protein_0027,0.18112244897959184
protein_0165,protein_0028,0.12
protein_0165,protein_0029,0.3667711598746081
protein_0165,protein_0030,0.125
protein_0165,protein_0031,0.16
protein_0165,protein_0032,0.15217391304347827
protein_0165,protein_0033,0.1724137931034483
protein_0165,protein_0034,0.18888888888888888
protein_0165,protein_0035,0.11
protein_0165,protein_0037,0.13675919806124698
protein_0165,protein_0038,0.13675919806124698
protein_0165,protein_0039,0.19101123595505617
protein_0165,protein_0040,0.15492957746478872
protein_0165,protein_0041,0.16091954022988506
protein_0165,protein_0042,0.17647058823529413
protein_0165,protein_0043,0.1724137931034483
protein_0165,protein_0044,0.1590909090909091
protein_0165,protein_0045,0.17391304347826086
protein_0165,protein_0046,0.3085702141225227
protein_0165,protein_0047,0.1724137931034483
protein_0165,protein_0048,0.19540229885057472
protein_0165,protein_0049,0.12643678160919541
protein_0165,protein_0050,0.16
protein_0165,protein_0051,0.37749575721273837
protein_0165,protein_0052,0.15555555555555556
protein_0165,protein_0053,0.12359550561797752
protein_0165,protein_0054,0.1111111111111111
protein_0165,protein_0055,0.1282051282051282
protein_0165,protein_0056,0.1125
protein_0165,protein_0057,0.3086432708145157
protein_0165,protein_0058,0.1780821917808219
protein_0165,protein_0060,0.1278155339805825
protein_0165,protein_0061,0.18181818181818182
protein_0165,protein_0062,0.1839080459770115
protein_0165,protein_0063,0.10328638497652583
protein_0165,protein_0064,0.14942528735632185
protein_0165,protein_0065,0.15841584158415842
protein_0165,protein_0066,0.13
protein_0165,protein_0067,0.1511627906976744
protein_0165,protein_0068,0.14772727272727273
protein_0165,protein_0069,0.14942528735632185
protein_0165,protein_0070,0.17777777777777778
protein_0165,protein_0071,0.1956521739130435
protein_0165,protein_0072,0.31870034499344846
protein_0165,protein_0073,0.17777777777777778
protein_0165,protein_0074,0.12643678160919541
protein_0165,protein_0075,0.16328230761220452
protein_0165,protein_0076,0.20481927710843373
protein_0165,protein_0077,0.17045454545454544
protein_0165,protein_0078,0.12871287128712872
protein_0165,protein_0079,0.12871287128712872
protein_0165,protein_0080,0.1956521739130435
protein_0165,protein_0082,0.16831683168316833
protein_0165,protein_0083,0.14130434782608695
protein_0165,protein_0084,0.1468973442288049
protein_0165,protein_0085,0.15
protein_0165,protein_0086,0.14
protein_0165,protein_0087,0.3913139329805997
protein_0165,protein_0088,0.13793103448275862
protein_0165,protein_0089,0.11106719367588933
protein_0165,protein_0090,0.1103448275862069
protein_0165,protein_0091,0.13274336283185842
protein_0165,protein_0092,0.13274336283185842
protein_0165,protein_0093,0.14457831325301204
protein_0165,protein_0094,0.14035087719298245
protein_0165,protein_0095,0.10279106858054227
protein_0165,protein_0096,0.14563106796116504
protein_0165,protein_0097,0.17582417582417584
protein_0165,protein_0098,0.13793103448275862
protein_0165,protein_0099,0.13106796116504854
protein_0165,protein_0100,0.29954926937685555
protein_0165,protein_0101,0.16666666666666666
protein_0165,protein_0102,0.16091954022988506
protein_0165,protein_0104,0.11965811965811966
protein_0165,protein_0105,0.23076923076923078
protein_0165,protein_0106,0.11420472196334266
protein_0165,protein_0107,0.14942528735632185
protein_0165,protein_0108,0.1728395061728395
protein_0165,protein_0110,0.16279069767441862
protein_0165,protein_0112,0.17142857142857143
protein_0165,protein_0113,0.1839080459770115
protein_0165,protein_0114,0.16091954022988506
protein_0165,protein_0115,0.13095238095238096
protein_0165,protein_0116,0.12065390749601275
protein_0165,protein_0117,0.12065390749601275
protein_0165,protein_0118,0.37702683102659906
protein_0165,protein_0120,0.18478260869565216
protein_0165,protein_0121,0.18478260869565216
protein_0165,protein_0122,0.14418526031102097
protein_0165,protein_0123,0.36009168035030104
protein_0165,protein_0124,0.14942528735632185
protein_0165,protein_0125,0.1485148514851485
protein_0165,protein_0126,0.15151515151515152
protein_0165,protein_0127,0.16129032258064516
protein_0165,protein_0128,0.2247191011235955
protein_0165,protein_0129,0.1724137931034483
protein_0165,protein_0130,0.10622796709753232
protein_0165,protein_0131,0.1375
protein_0165,protein_0132,0.1509433962264151
protein_0165,protein_0133,0.1509433962264151
protein_0165,protein_0134,0.1839080459770115
protein_0165,protein_0135,0.1927710843373494
protein_0165,protein_0136,0.12931034482758622
protein_0165,protein_0137,0.1111111111111111
protein_0165,protein_0138,0.1111111111111111
protein_0165,protein_0140,0.1839080459770115
protein_0165,protein_0141,0.13675919806124698
protein_0165,protein_0142,0.16279069767441862
protein_0165,protein_0143,0.17045454545454544
protein_0165,protein_0144,0.1590909090909091
protein_0165,protein_0146,0.1527777777777778
protein_0165,protein_0147,0.17045454545454544
protein_0165,protein_0148,0.16666666666666666
protein_0165,protein_0149,0.3172820155578776
protein_0165,protein_0151,0.12359550561797752
protein_0165,protein_0152,0.3096689575090767
protein_0165,protein_0153,0.13741813741813744
protein_0165,protein_0154,0.12504162504162505
protein_0165,protein_0156,0.14953271028037382
protein_0165,protein_0158,0.3236434051429514
protein_0165,protein_0159,0.1839080459770115
protein_0165,protein_0160,0.17777777777777778
protein_0165,protein_0161,0.1282051282051282
protein_0165,protein_0162,0.16049382716049382
protein_0165,protein_0163,0.15
protein_0165,protein_0164,0.12643678160919541
protein_0165,protein_0166,0.13793103448275862
protein_0165,protein_0168,0.11350114416475973
protein_0165,protein_0169,0.14285714285714285
protein_0165,protein_0170,0.16470588235294117
protein_0165,protein_0171,0.1590909090909091
protein_0165,protein_0172,0.1271186440677966
protein_0165,protein_0173,0.1956521739130435
protein_0165,protein_0174,0.17391304347826086
protein_0165,protein_0176,0.3123075998075998
protein_0165,protein_0178,0.13274336283185842
protein_0165,protein_0179,0.1504424778761062
protein_0165,protein_0180,0.14285714285714285
protein_0165,protein_0181,0.13186813186813187
protein_0165,protein_0182,0.13793103448275862
protein_0165,protein_0183,0.1485148514851485
protein_0165,protein_0184,0.1724137931034483
protein_0165,protein_0185,0.16304347826086957
protein_0165,protein_0186,0.1414141414141414
protein_0165,protein_0187,0.18478260869565216
protein_0165,protein_0188,0.42688345582241544
protein_0165,protein_0189,0.18478260869565216
protein_0165,protein_0190,0.1797752808988764
protein_0165,protein_0191,0.14942528735632185
protein_0165,protein_0193,0.14285714285714285
protein_0165,protein_0195,0.15730337078651685
protein_0165,protein_0197,0.17204301075268819
protein_0165,protein_0198,0.12643678160919541
protein_0165,protein_0199,0.14444444444444443
protein_0165,protein_0200,0.19540229885057472
protein_0165,protein_0201,0.16
protein_0165,protein_0202,0.16129032258064516
protein_0165,protein_0203,0.1282051282051282
protein_0165,protein_0204,0.31613030420879784
protein_0165,protein_0205,0.09004739336492891
protein_0165,protein_0206,0.1797752808988764
protein_0165,protein_0207,0.13675213675213677
protein_0165,protein_0208,0.13270122208175306
protein_0165,protein_0209,0.13636363636363635
protein_0165,protein_0210,0.18823529411764706
protein_0165,protein_0211,0.1529220779220779
protein_0165,protein_0212,0.18823529411764706
protein_0165,protein_0213,0.14942528735632185
protein_0165,protein_0214,0.1791044776119403
protein_0165,protein_0215,0.19444444444444445
protein_0165,protein_0216,0.15789473684210525
protein_0165,protein_0217,0.12790697674418605
protein_0165,protein_0219,0.11764705882352941
protein_0165,protein_0220,0.12643678160919541
protein_0165,protein_0221,0.1891891891891892
protein_0165,protein_0222,0.12903225806451613
protein_0165,protein_0223,0.1506849315068493
protein_0165,protein_0224,0.24952352883387366
protein_0165,protein_0225,0.20481927710843373
protein_0165,protein_0226,0.12222222222222222
protein_0165,protein_0227,0.22388059701492538
protein_0165,protein_0228,0.13644688644688646
protein_0165,protein_0230,0.15555555555555556
protein_0165,protein_0231,0.16091954022988506
protein_0165,protein_0232,0.3318783068783069
protein_0165,protein_0233,0.12598425196850394
protein_0165,protein_0234,0.1619047619047619
protein_0165,protein_0235,0.13231399661812032
protein_0165,protein_0236,0.13940407418668288
protein_0165,protein_0237,0.13940407418668288
protein_0165,protein_0238,0.1450381679389313
protein_0165,protein_0239,0.16853932584269662
protein_0165,protein_0240,0.16091954022988506
protein_0165,protein_0241,0.1590909090909091
protein_0165,protein_0242,0.4154058230318803
protein_0165,protein_0243,0.17045454545454544
protein_0165,protein_0244,0.14204545454545456
protein_0165,protein_0246,0.18478260869565216
protein_0165,protein_0247,0.13584795321637425
protein_0165,protein_0248,0.19318181818181818
protein_0165,protein_0249,0.16853932584269662
protein_0165,protein_0250,0.1625
protein_0165,protein_0251,0.16483516483516483
protein_0165,protein_0252,0.11904761904761904
protein_0165,protein_0253,0.1504424778761062
protein_0165,protein_0254,0.1858974358974359
protein_0165,protein_0255,0.10526315789473684
protein_0165,protein_0256,0.15841584158415842
protein_0165,protein_0257,0.16161616161616163
protein_0165,protein_0259,0.3041088222122704
protein_0165,protein_0260,0.3041088222122704
protein_0165,protein_0261,0.16666666666666666
protein_0165,protein_0262,0.1037037037037037
protein_0165,protein_0263,0.11029411764705882
protein_0165,protein_0264,0.16091954022988506
protein_0165,protein_0266,0.1272884710539337
protein_0165,protein_0267,0.16483516483516483
protein_0165,protein_0268,0.12941176470588237
protein_0165,protein_0269,0.11764705882352941
protein_0165,protein_0270,0.18421052631578946
protein_0165,protein_0271,0.4422654289432103
protein_0165,protein_0272,0.13772878241820366
protein_0165,protein_0273,0.14963606812239416
protein_0165,protein_0274,0.12359550561797752
protein_0165,protein_0276,0.14942528735632185
protein_0165,protein_0277,0.2894500139236981
protein_0165,protein_0278,0.16304347826086957
protein_0165,protein_0279,0.1839080459770115
protein_0165,protein_0280,0.13953488372093023
protein_0165,protein_0281,0.13392857142857142
protein_0165,protein_0282,0.14492753623188406
protein_0165,protein_0283,0.09174311926605505
protein_0165,protein_0285,0.19101123595505617
protein_0165,protein_0286,0.2958580610330859
protein_0165,protein_0287,0.1308411214953271
protein_0165,protein_0288,0.1951219512195122
protein_0165,protein_0289,0.2027582159624413
protein_0165,protein_0290,0.18095238095238095
protein_0165,protein_0292,0.31357507015401753
protein_0165,protein_0293,0.14772727272727273
protein_0165,protein_0294,0.14689298043728422
protein_0165,protein_0295,0.3652659600935463
protein_0165,protein_0296,0.1391304347826087
protein_0165,protein_0297,0.3043266102797658
protein_0165,protein_0298,0.4521847532116295
protein_0165,protein_0299,0.14755574020218806
protein_0165,protein_0300,0.13567073170731708
protein_0165,protein_0301,0.1408132530120482
protein_0165,protein_0302,0.06912442396313365
protein_0165,protein_0303,0.18518518518518517
protein_0165,protein_0304,0.18672014260249553
protein_0165,protein_0305,0.1420406121938648
protein_0165,protein_0306,0.11965811965811966
protein_0165,protein_0308,0.13793103448275862
protein_0165,protein_0309,0.15476190476190477
protein_0165,protein_0310,0.14
protein_0165,protein_0312,0.16853932584269662
protein_0165,protein_0313,0.13759296822177147
protein_0165,protein_0314,0.14705882352941177
protein_0165,protein_0315,0.11504424778761062
protein_0165,protein_0317,0.16
protein_0165,protein_0318,0.125
protein_0165,protein_0319,0.16853932584269662
protein_0165,protein_0320,0.17582417582417584
protein_0165,protein_0321,0.14444444444444443
protein_0165,protein_0322,0.13953488372093023
protein_0165,protein_0323,0.1839080459770115
protein_0165,protein_0324,0.18666666666666668
protein_0165,protein_0325,0.10711462450592885
protein_0165,protein_0326,0.1794871794871795
protein_0165,protein_0327,0.14942528735632185
protein_0165,protein_0328,0.1743119266055046
protein_0165,protein_0329,0.1743119266055046
protein_0165,protein_0330,0.1839080459770115
protein_0165,protein_0331,0.3667711598746081
protein_0165,protein_0334,0.17391304347826086
protein_0165,protein_0335,0.13592233009708737
protein_0165,protein_0336,0.3258627946127946
protein_0165,protein_0337,0.1413793103448276
protein_0165,protein_0338,0.14942528735632185
protein_0165,protein_0339,0.33588514765999977
protein_0165,protein_0340,0.16
protein_0165,protein_0341,0.11764705882352941
protein_0165,protein_0342,0.19718309859154928
protein_0165,protein_0343,0.18877151799687011
protein_0165,protein_0344,0.1724137931034483
protein_0165,protein_0345,0.1595568783068783
protein_0165,protein_0346,0.1595568783068783
protein_0165,protein_0348,0.11304347826086956
protein_0165,protein_0349,0.17
protein_0165,protein_0350,0.1839080459770115
protein_0165,protein_0352,0.3567099567099567
protein_0165,protein_0353,0.10556426332288402
protein_0165,protein_0354,0.18181818181818182
protein_0165,protein_0355,0.1601205699671173
protein_0165,protein_0356,0.34141922094508304
protein_0165,protein_0357,0.11666666666666667
protein_0165,protein_0358,0.16091954022988506
protein_0165,protein_0359,0.1092436974789916
protein_0165,protein_0360,0.13793103448275862
protein_0165,protein_0361,0.1282051282051282
protein_0165,protein_0362,0.1839080459770115
protein_0165,protein_0364,0.1839080459770115
protein_0165,protein_0365,0.16470588235294117
protein_0165,protein_0366,0.1411764705882353
protein_0165,protein_0367,0.14953271028037382
protein_0165,protein_0368,0.1927710843373494
protein_0165,protein_0369,0.14666666666666667
protein_0165,protein_0370,0.1724137931034483
protein_0165,protein_0371,0.1724137931034483
protein_0165,protein_0372,0.10550458715596331
protein_0165,protein_0373,0.15
protein_0165,protein_0374,0.11016949152542373
protein_0165,protein_0375,0.16091954022988506
protein_0165,protein_0376,0.13131313131313133
protein_0165,protein_0377,0.12222222222222222
protein_0165,protein_0378,0.14018691588785046
protein_0165,protein_0379,0.13091783046771796
protein_0165,protein_0380,0.13091783046771796
protein_0165,protein_0381,0.13091783046771796
protein_0165,protein_0382,0.1304611650485437
protein_0165,protein_0383,0.3109844054580897
protein_0165,protein_0384,0.18181818181818182
protein_0165,protein_0385,0.13861386138613863
protein_0165,protein_0386,0.13592233009708737
protein_0165,protein_0387,0.12745098039215685
protein_0165,protein_0388,0.3240269070010449
protein_0165,protein_0389,0.23943661971830985
protein_0165,protein_0390,0.14942528735632185
protein_0165,protein_0391,0.18181818181818182
protein_0165,protein_0392,0.16091954022988506
protein_0165,protein_0393,0.1724137931034483
protein_0165,protein_0394,0.13157894736842105
protein_0165,protein_0395,0.15555555555555556
protein_0165,protein_0396,0.12173913043478261
protein_0165,protein_0397,0.14285714285714285
protein_0165,protein_0399,0.13793103448275862
protein_0167,protein_0000,0.1623931623931624
protein_0167,protein_0001,0.12065390749601275
protein_0167,protein_0002,0.1875
protein_0167,protein_0003,0.17272727272727273
protein_0167,protein_0004,0.12612612612612611
protein_0167,protein_0005,0.16535433070866143
protein_0167,protein_0007,0.14783726557773744
protein_0167,protein_0008,0.1452991452991453
protein_0167,protein_0009,0.14035087719298245
protein_0167,protein_0011,0.11965811965811966
protein_0167,protein_0012,0.15178571428571427
protein_0167,protein_0013,0.08181818181818182
protein_0167,protein_0014,0.1706021251475797
protein_0167,protein_0015,0.1565217391304348
protein_0167,protein_0016,0.15966386554621848
protein_0167,protein_0018,0.14655172413793102
protein_0167,protein_0019,0.13365231259968102
protein_0167,protein_0020,0.14782608695652175
protein_0167,protein_0021,0.16216216216216217
protein_0167,protein_0022,0.12520661157024793
protein_0167,protein_0023,0.14584256387535077
protein_0167,protein_0025,0.13636363636363635
protein_0167,protein_0026,0.16279069767441862
protein_0167,protein_0027,0.13906533575317603
protein_0167,protein_0028,0.15966386554621848
protein_0167,protein_0029,0.13457207207207206
protein_0167,protein_0030,0.1417910447761194
protein_0167,protein_0031,0.1640625
protein_0167,protein_0032,0.13636363636363635
protein_0167,protein_0033,0.12173913043478261
protein_0167,protein_0034,0.16216216216216217
protein_0167,protein_0035,0.13274336283185842
protein_0167,protein_0037,0.1333732057416268
protein_0167,protein_0038,0.1333732057416268
protein_0167,protein_0039,0.13636363636363635
protein_0167,protein_0040,0.11304347826086956
protein_0167,protein_0041,0.13675213675213677
protein_0167,protein_0042,0.18333333333333332
protein_0167,protein_0043,0.16216216216216217
protein_0167,protein_0044,0.1391304347826087
protein_0167,protein_0045,0.11403508771929824
protein_0167,protein_0046,0.17105263157894735
protein_0167,protein_0047,0.16964285714285715
protein_0167,protein_0048,0.1724137931034483
protein_0167,protein_0049,0.21551724137931033
protein_0167,protein_0050,0.17424242424242425
protein_0167,protein_0051,0.13740232935279373
protein_0167,protein_0052,0.10810810810810811
protein_0167,protein_0053,0.13445378151260504
protein_0167,protein_0054,0.15151515151515152
protein_0167,protein_0055,0.15441176470588236
protein_0167,protein_0056,0.4514688601645124
protein_0167,protein_0057,0.15214761040532365
protein_0167,protein_0058,0.12727272727272726
protein_0167,protein_0060,0.46443381180223287
protein_0167,protein_0061,0.11607142857142858
protein_0167,protein_0062,0.13392857142857142
protein_0167,protein_0063,0.09859154929577464
protein_0167,protein_0064,0.1565217391304348
protein_0167,protein_0065,0.1875
protein_0167,protein_0066,0.16153846153846155
protein_0167,protein_0067,0.13157894736842105
protein_0167,protein_0068,0.12280701754385964
protein_0167,protein_0069,0.16806722689075632
protein_0167,protein_0070,0.15789473684210525
protein_0167,protein_0071,0.12280701754385964
protein_0167,protein_0072,0.13452754781615758
protein_0167,protein_0073,0.12173913043478261
protein_0167,protein_0074,0.1452991452991453
protein_0167,protein_0075,0.16956521739130437
protein_0167,protein_0076,0.14545454545454545
protein_0167,protein_0077,0.168141592920354
protein_0167,protein_0078,0.40350877192982454
protein_0167,protein_0079,0.40350877192982454
protein_0167,protein_0080,0.16379310344827586
protein_0167,protein_0082,0.19008264462809918
protein_0167,protein_0083,0.14285714285714285
protein_0167,protein_0084,0.13869264519967278
protein_0167,protein_0085,0.17886178861788618
protein_0167,protein_0086,0.19834710743801653
protein_0167,protein_0087,0.10217391304347825
protein_0167,protein_0088,0.09482758620689655
protein_0167,protein_0089,0.47162471395881006
protein_0167,protein_0090,0.4787280701754386
protein_0167,protein_0091,0.2903225806451613
protein_0167,protein_0092,0.2903225806451613
protein_0167,protein_0093,0.15454545454545454
protein_0167,protein_0094,0.16
protein_0167,protein_0095,0.4958713920350749
protein_0167,protein_0096,0.15789473684210525
protein_0167,protein_0097,0.14912280701754385
protein_0167,protein_0098,0.10909090909090909
protein_0167,protein_0099,0.4688197767145136
protein_0167,protein_0100,0.13365231259968102
protein_0167,protein_0101,0.11304347826086956
protein_0167,protein_0102,0.15454545454545454
protein_0167,protein_0104,0.14960629921259844
protein_0167,protein_0105,0.12605042016806722
protein_0167,protein_0106,0.49351574212893556
protein_0167,protein_0107,0.15254237288135594
protein_0167,protein_0108,0.1391304347826087
protein_0167,protein_0110,0.17117117117117117
protein_0167,protein_0112,0.19658119658119658
protein_0167,protein_0113,0.17117117117117117
protein_0167,protein_0114,0.1565217391304348
protein_0167,protein_0115,0.1111111111111111
protein_0167,protein_0116,0.4868781825303564
protein_0167,protein_0117,0.4868781825303564
protein_0167,protein_0118,0.1292663476874003
protein_0167,protein_0120,0.13636363636363635
protein_0167,protein_0121,0.13636363636363635
protein_0167,protein_0122,0.161701731521132
protein_0167,protein_0123,0.12605868118572294
protein_0167,protein_0124,0.17699115044247787
protein_0167,protein_0125,0.18253968253968253
protein_0167,protein_0126,0.16666666666666666
protein_0167,protein_0127,0.12727272727272726
protein_0167,protein_0128,0.13636363636363635
protein_0167,protein_0129,0.14545454545454545
protein_0167,protein_0130,0.47017543859649125
protein_0167,protein_0131,0.14306220095693778
protein_0167,protein_0132,0.1774193548387097
protein_0167,protein_0133,0.1774193548387097
protein_0167,protein_0134,0.10909090909090909
protein_0167,protein_0135,0.15454545454545454
protein_0167,protein_0136,0.14173228346456693
protein_0167,protein_0137,0.16535433070866143
protein_0167,protein_0138,0.16535433070866143
protein_0167,protein_0140,0.1504424778761062
protein_0167,protein_0141,0.15914249684741488
protein_0167,protein_0142,0.17796610169491525
protein_0167,protein_0143,0.13793103448275862
protein_0167,protein_0144,0.15789473684210525
protein_0167,protein_0146,0.11711711711711711
protein_0167,protein_0147,0.17857142857142858
protein_0167,protein_0148,0.17391304347826086
protein_0167,protein_0149,0.1359784283513097
protein_0167,protein_0151,0.14035087719298245
protein_0167,protein_0152,0.12446657183499288
protein_0167,protein_0153,0.13472116119174943
protein_0167,protein_0154,0.12393262828045437
protein_0167,protein_0156,0.1532258064516129
protein_0167,protein_0158,0.13398080095995202
protein_0167,protein_0159,0.13675213675213677
protein_0167,protein_0160,0.11206896551724138
protein_0167,protein_0161,0.1640625
protein_0167,protein_0162,0.12280701754385964
protein_0167,protein_0163,0.19130434782608696
protein_0167,protein_0164,0.14049586776859505
protein_0167,protein_0166,0.1694915254237288
protein_0167,protein_0168,0.950956937799043
protein_0167,protein_0169,0.13138686131386862
protein_0167,protein_0170,0.11864406779661017
protein_0167,protein_0171,0.11304347826086956
protein_0167,protein_0172,0.1693548387096774
protein_0167,protein_0173,0.09649122807017543
protein_0167,protein_0174,0.10833333333333334
protein_0167,protein_0176,0.13218167701863354
protein_0167,protein_0178,0.1746031746031746
protein_0167,protein_0179,0.15447154471544716
protein_0167,protein_0180,0.1282051282051282
protein_0167,protein_0181,0.13157894736842105
protein_0167,protein_0182,0.12727272727272726
protein_0167,protein_0183,0.19658119658119658
protein_0167,protein_0184,0.17094017094017094
protein_0167,protein_0185,0.12280701754385964
protein_0167,protein_0186,0.1794871794871795
protein_0167,protein_0187,0.1
protein_0167,protein_0188,0.1325971177944862
protein_0167,protein_0189,0.1440677966101695
protein_0167,protein_0190,0.15384615384615385
protein_0167,protein_0191,0.1810344827586207
protein_0167,protein_0193,0.1440677966101695
protein_0167,protein_0195,0.16379310344827586
protein_0167,protein_0197,0.14414414414414414
protein_0167,protein_0198,0.14912280701754385
protein_0167,protein_0199,0.1724137931034483
protein_0167,protein_0200,0.18421052631578946
protein_0167,protein_0201,0.1504424778761062
protein_0167,protein_0202,0.13076923076923078
protein_0167,protein_0203,0.16129032258064516
protein_0167,protein_0204,0.13278495887191538
protein_0167,protein_0205,0.12206572769953052
protein_0167,protein_0206,0.15178571428571427
protein_0167,protein_0207,0.15384615384615385
protein_0167,protein_0208,0.17360114777618366
protein_0167,protein_0209,0.1391304347826087
protein_0167,protein_0210,0.19130434782608696
protein_0167,protein_0211,0.1755129348795718
protein_0167,protein_0212,0.10909090909090909
protein_0167,protein_0213,0.1623931623931624
protein_0167,protein_0214,0.14414414414414414
protein_0167,protein_0215,0.11403508771929824
protein_0167,protein_0216,0.16101694915254236
protein_0167,protein_0217,0.15254237288135594
protein_0167,protein_0219,0.13008130081300814
protein_0167,protein_0220,0.13675213675213677
protein_0167,protein_0221,0.15178571428571427
protein_0167,protein_0222,0.1891891891891892
protein_0167,protein_0223,0.14285714285714285
protein_0167,protein_0224,0.1292663476874003
protein_0167,protein_0225,0.1864406779661017
protein_0167,protein_0226,0.13636363636363635
protein_0167,protein_0227,0.14782608695652175
protein_0167,protein_0228,0.16140215716486903
protein_0167,protein_0230,0.1391304347826087
protein_0167,protein_0231,0.1452991452991453
protein_0167,protein_0232,0.12746305418719212
protein_0167,protein_0233,0.15625
protein_0167,protein_0234,0.1391304347826087
protein_0167,protein_0235,0.15462384775498067
protein_0167,protein_0236,0.1417753960857409
protein_0167,protein_0237,0.1417753960857409
protein_0167,protein_0238,0.1836734693877551
protein_0167,protein_0239,0.09565217391304348
protein_0167,protein_0240,0.15254237288135594
protein_0167,protein_0241,0.14074074074074075
protein_0167,protein_0242,0.11391625615763547
protein_0167,protein_0243,0.11206896551724138
protein_0167,protein_0244,0.13021778584392013
protein_0167,protein_0246,0.15079365079365079
protein_0167,protein_0247,0.1410375893134514
protein_0167,protein_0248,0.1694915254237288
protein_0167,protein_0249,0.11403508771929824
protein_0167,protein_0250,0.1355821470325287
protein_0167,protein_0251,0.11016949152542373
protein_0167,protein_0252,0.16153846153846155
protein_0167,protein_0253,0.16260162601626016
protein_0167,protein_0254,0.1204944178628389
protein_0167,protein_0255,0.13142857142857142
protein_0167,protein_0256,0.15079365079365079
protein_0167,protein_0257,0.152
protein_0167,protein_0259,0.14269227905591542
protein_0167,protein_0260,0.14269227905591542
protein_0167,protein_0261,0.1746031746031746
protein_0167,protein_0262,0.15862068965517243
protein_0167,protein_0263,0.1386861313868613
protein_0167,protein_0264,0.16806722689075632
protein_0167,protein_0266,0.1387963209810717
protein_0167,protein_0267,0.17391304347826086
protein_0167,protein_0268,0.16393442622950818
protein_0167,protein_0269,0.136
protein_0167,protein_0270,0.16666666666666666
protein_0167,protein_0271,0.12430830039525692
protein_0167,protein_0272,0.14223850766155896
protein_0167,protein_0273,0.14905599656726026
protein_0167,protein_0274,0.11764705882352941
protein_0167,protein_0276,0.11818181818181818
protein_0167,protein_0277,0.11561264822134387
protein_0167,protein_0278,0.18487394957983194
protein_0167,protein_0279,0.12931034482758622
protein_0167,protein_0280,0.14035087719298245
protein_0167,protein_0281,0.34513274336283184
protein_0167,protein_0282,0.10569105691056911
protein_0167,protein_0283,0.11926605504587157
protein_0167,protein_0285,0.16964285714285715
protein_0167,protein_0286,0.13309831570701136
protein_0167,protein_0287,0.1391304347826087
protein_0167,protein_0288,0.1297709923664122
protein_0167,protein_0289,0.10148902821316615
protein_0167,protein_0290,0.17543859649122806
protein_0167,protein_0292,0.15553359683794465
protein_0167,protein_0293,0.1565217391304348
protein_0167,protein_0294,0.12578369905956113
protein_0167,protein_0295,0.14393939393939392
protein_0167,protein_0296,0.1328125
protein_0167,protein_0297,0.14152568922305764
protein_0167,protein_0298,0.10263157894736842
protein_0167,protein_0299,0.11757066462948815
protein_0167,protein_0300,0.10634057971014493
protein_0167,protein_0301,0.09384057971014492
protein_0167,protein_0302,0.11926605504587157
protein_0167,protein_0303,0.13636363636363635
protein_0167,protein_0304,0.16985645933014354
protein_0167,protein_0305,0.17391304347826086
protein_0167,protein_0306,0.16176470588235295
protein_0167,protein_0308,0.1323529411764706
protein_0167,protein_0309,0.15416278347312828
protein_0167,protein_0310,0.16521739130434782
protein_0167,protein_0312,0.1592920353982301
protein_0167,protein_0313,0.14850016852039097
protein_0167,protein_0314,0.1694915254237288
protein_0167,protein_0315,0.17692307692307693
protein_0167,protein_0317,0.19672131147540983
protein_0167,protein_0318,0.35714285714285715
protein_0167,protein_0319,0.15315315315315314
protein_0167,protein_0320,0.14166666666666666
protein_0167,protein_0321,0.11016949152542373
protein_0167,protein_0322,0.13392857142857142
protein_0167,protein_0323,0.15966386554621848
protein_0167,protein_0324,0.1452991452991453
protein_0167,protein_0325,0.5502288329519451
protein_0167,protein_0326,0.1810344827586207
protein_0167,protein_0327,0.16521739130434782
protein_0167,protein_0328,0.3482142857142857
protein_0167,protein_0329,0.3482142857142857
protein_0167,protein_0330,0.14912280701754385
protein_0167,protein_0331,0.13522727272727272
protein_0167,protein_0334,0.11304347826086956
protein_0167,protein_0335,0.16666666666666666
protein_0167,protein_0336,0.13283208020050125
protein_0167,protein_0337,0.1394353158990974
protein_0167,protein_0338,0.15789473684210525
protein_0167,protein_0339,0.14274322169059012
protein_0167,protein_0340,0.23275862068965517
protein_0167,protein_0341,0.20161290322580644
protein_0167,protein_0342,0.16363636363636364
protein_0167,protein_0343,0.14224751066856328
protein_0167,protein_0344,0.15254237288135594
protein_0167,protein_0345,0.20995297805642632
protein_0167,protein_0346,0.20995297805642632
protein_0167,protein_0348,0.15702479338842976
protein_0167,protein_0349,0.19827586206896552
protein_0167,protein_0350,0.13392857142857142
protein_0167,protein_0352,0.11610845295055822
protein_0167,protein_0353,0.5021739130434782
protein_0167,protein_0354,0.16216216216216217
protein_0167,protein_0355,0.16295206055508832
protein_0167,protein_0356,0.11810477657935284
protein_0167,protein_0357,0.17293233082706766
protein_0167,protein_0358,0.18487394957983194
protein_0167,protein_0359,0.13445378151260504
protein_0167,protein_0360,0.1623931623931624
protein_0167,protein_0361,0.14285714285714285
protein_0167,protein_0362,0.14782608695652175
protein_0167,protein_0364,0.14166666666666666
protein_0167,protein_0365,0.12931034482758622
protein_0167,protein_0366,0.13793103448275862
protein_0167,protein_0367,0.18248175182481752
protein_0167,protein_0368,0.16521739130434782
protein_0167,protein_0369,0.11304347826086956
protein_0167,protein_0370,0.15254237288135594
protein_0167,protein_0371,0.16379310344827586
protein_0167,protein_0372,0.13636363636363635
protein_0167,protein_0373,0.1774193548387097
protein_0167,protein_0374,0.14960629921259844
protein_0167,protein_0375,0.16521739130434782
protein_0167,protein_0376,0.140625
protein_0167,protein_0377,0.13675213675213677
protein_0167,protein_0378,0.3157894736842105
protein_0167,protein_0379,0.14598997493734334
protein_0167,protein_0380,0.14598997493734334
protein_0167,protein_0381,0.14598997493734334
protein_0167,protein_0382,0.1554054054054054
protein_0167,protein_0383,0.15358030444237342
protein_0167,protein_0384,0.12727272727272726
protein_0167,protein_0385,0.13821138211382114
protein_0167,protein_0386,0.14285714285714285
protein_0167,protein_0387,0.13513513513513514
protein_0167,protein_0388,0.1271950271950272
protein_0167,protein_0389,0.1452991452991453
protein_0167,protein_0390,0.14285714285714285
protein_0167,protein_0391,0.13445378151260504
protein_0167,protein_0392,0.11382113821138211
protein_0167,protein_0393,0.10655737704918032
protein_0167,protein_0394,0.1893939393939394
protein_0167,protein_0395,0.11023622047244094
protein_0167,protein_0396,0.16923076923076924
protein_0167,protein_0397,0.14655172413793102
protein_0167,protein_0399,0.15315315315315314
protein_0175,protein_0000,0.3793103448275862
protein_0175,protein_0001,0.1724137931034483
protein_0175,protein_0002,0.16853932584269662
protein_0175,protein_0003,0.367816091954023
protein_0175,protein_0004,0.26436781609195403
protein_0175,protein_0005,0.13333333333333333
protein_0175,protein_0007,0.16091954022988506
protein_0175,protein_0008,0.18867924528301888
protein_0175,protein_0009,0.25
protein_0175,protein_0011,0.27586206896551724
protein_0175,protein_0012,0.3103448275862069
protein_0175,protein_0013,0.13186813186813187
protein_0175,protein_0014,0.1926605504587156
protein_0175,protein_0015,0.1941747572815534
protein_0175,protein_0016,0.17647058823529413
protein_0175,protein_0018,0.26436781609195403
protein_0175,protein_0019,0.1839080459770115
protein_0175,protein_0020,0.4482758620689655
protein_0175,protein_0021,0.14893617021276595
protein_0175,protein_0022,0.17307692307692307
protein_0175,protein_0023,0.16964285714285715
protein_0175,protein_0025,0.6091954022988506
protein_0175,protein_0026,0.1076923076923077
protein_0175,protein_0027,0.17592592592592593
protein_0175,protein_0028,0.12173913043478261
protein_0175,protein_0029,0.1724137931034483
protein_0175,protein_0030,0.15384615384615385
protein_0175,protein_0031,0.18446601941747573
protein_0175,protein_0032,0.3218390804597701
protein_0175,protein_0033,0.2988505747126437
protein_0175,protein_0034,0.3103448275862069
protein_0175,protein_0035,0.1619047619047619
protein_0175,protein_0037,0.19540229885057472
protein_0175,protein_0038,0.19540229885057472
protein_0175,protein_0039,0.23863636363636365
protein_0175,protein_0040,0.06818181818181818
protein_0175,protein_0041,0.3103448275862069
protein_0175,protein_0042,0.1797752808988764
protein_0175,protein_0043,0.26666666666666666
protein_0175,protein_0044,0.2413793103448276
protein_0175,protein_0045,0.358695652173913
protein_0175,protein_0046,0.16853932584269662
protein_0175,protein_0047,0.26436781609195403
protein_0175,protein_0048,0.3068181818181818
protein_0175,protein_0049,0.29213483146067415
protein_0175,protein_0050,0.1619047619047619
protein_0175,protein_0051,0.14444444444444443
protein_0175,protein_0052,0.2988505747126437
protein_0175,protein_0053,0.43010752688172044
protein_0175,protein_0054,0.1452991452991453
protein_0175,protein_0055,0.15384615384615385
protein_0175,protein_0056,0.1188118811881188
protein_0175,protein_0057,0.17777777777777778
protein_0175,protein_0058,0.1590909090909091
protein_0175,protein_0060,0.14018691588785046
protein_0175,protein_0061,0.1875
protein_0175,protein_0062,0.39080459770114945
protein_0175,protein_0063,0.08878504672897196
protein_0175,protein_0064,0.3448275862068966
protein_0175,protein_0065,0.18095238095238095
protein_0175,protein_0066,0.21904761904761905
protein_0175,protein_0067,0.3448275862068966
protein_0175,protein_0068,0.21839080459770116
protein_0175,protein_0069,0.28735632183908044
protein_0175,protein_0070,0.3111111111111111
protein_0175,protein_0071,0.2988505747126437
protein_0175,protein_0072,0.21839080459770116
protein_0175,protein_0073,0.29545454545454547
protein_0175,protein_0074,0.19801980198019803
protein_0175,protein_0075,0.15625
protein_0175,protein_0076,0.11363636363636363
protein_0175,protein_0077,0.4772727272727273
protein_0175,protein_0078,0.17757009345794392
protein_0175,protein_0079,0.17757009345794392
protein_0175,protein_0080,0.3563218390804598
protein_0175,protein_0082,0.1574074074074074
protein_0175,protein_0083,0.2988505747126437
protein_0175,protein_0084,0.3111111111111111
protein_0175,protein_0085,0.1320754716981132
protein_0175,protein_0086,0.13392857142857142
protein_0175,protein_0087,0.14942528735632185
protein_0175,protein_0088,0.3103448275862069
protein_0175,protein_0089,0.1415929203539823
protein_0175,protein_0090,0.1415929203539823
protein_0175,protein_0091,0.12295081967213115
protein_0175,protein_0092,0.12295081967213115
protein_0175,protein_0093,0.3563218390804598
protein_0175,protein_0094,0.1391304347826087
protein_0175,protein_0095,0.13675213675213677
protein_0175,protein_0096,0.16666666666666666
protein_0175,protein_0097,0.3333333333333333
protein_0175,protein_0098,0.3563218390804598
protein_0175,protein_0099,0.125
protein_0175,protein_0100,0.1827956989247312
protein_0175,protein_0101,0.2840909090909091
protein_0175,protein_0102,0.26436781609195403
protein_0175,protein_0104,0.15833333333333333
protein_0175,protein_0105,0.125
protein_0175,protein_0106,0.1557377049180328
protein_0175,protein_0107,0.367816091954023
protein_0175,protein_0108,0.19318181818181818
protein_0175,protein_0110,0.3111111111111111
protein_0175,protein_0112,0.1792452830188679
protein_0175,protein_0113,0.26436781609195403
protein_0175,protein_0114,0.36363636363636365
protein_0175,protein_0115,0.3516483516483517
protein_0175,protein_0116,0.1694915254237288
protein_0175,protein_0117,0.1694915254237288
protein_0175,protein_0118,0.18681318681318682
protein_0175,protein_0120,0.5057471264367817
protein_0175,protein_0121,0.5057471264367817
protein_0175,protein_0122,0.2
protein_0175,protein_0123,0.1590909090909091
protein_0175,protein_0124,0.5287356321839081
protein_0175,protein_0125,0.1568627450980392
protein_0175,protein_0126,0.20754716981132076
protein_0175,protein_0127,0.4090909090909091
protein_0175,protein_0128,0.4827586206896552
protein_0175,protein_0129,0.1839080459770115
protein_0175,protein_0130,0.15384615384615385
protein_0175,protein_0131,0.17708333333333334
protein_0175,protein_0132,0.18518518518518517
protein_0175,protein_0133,0.18518518518518517
protein_0175,protein_0134,0.3218390804597701
protein_0175,protein_0135,0.36363636363636365
protein_0175,protein_0136,0.14285714285714285
protein_0175,protein_0137,0.13333333333333333
protein_0175,protein_0138,0.13333333333333333
protein_0175,protein_0140,0.3595505617977528
protein_0175,protein_0141,0.20689655172413793
protein_0175,protein_0142,0.3103448275862069
protein_0175,protein_0143,0.41379310344827586
protein_0175,protein_0144,0.40229885057471265
protein_0175,protein_0146,0.15384615384615385
protein_0175,protein_0147,0.40229885057471265
protein_0175,protein_0148,0.4318181818181818
protein_0175,protein_0149,0.14942528735632185
protein_0175,protein_0151,0.23333333333333334
protein_0175,protein_0152,0.1702127659574468
protein_0175,protein_0153,0.1797752808988764
protein_0175,protein_0154,0.20224719101123595
protein_0175,protein_0156,0.17543859649122806
protein_0175,protein_0158,0.1724137931034483
protein_0175,protein_0159,0.3218390804597701
protein_0175,protein_0160,0.9770114942528736
protein_0175,protein_0161,0.1652892561983471
protein_0175,protein_0162,0.45555555555555555
protein_0175,protein_0163,0.16037735849056603
protein_0175,protein_0164,0.42528735632183906
protein_0175,protein_0166,0.4367816091954023
protein_0175,protein_0168,0.14655172413793102
protein_0175,protein_0169,0.19166666666666668
protein_0175,protein_0170,0.6206896551724138
protein_0175,protein_0171,0.22988505747126436
protein_0175,protein_0172,0.1452991452991453
protein_0175,protein_0173,0.4835164835164835
protein_0175,protein_0174,0.8735632183908046
protein_0175,protein_0176,0.15217391304347827
protein_0175,protein_0178,0.13793103448275862
protein_0175,protein_0179,0.16666666666666666
protein_0175,protein_0180,0.22988505747126436
protein_0175,protein_0181,0.3409090909090909
protein_0175,protein_0182,0.40229885057471265
protein_0175,protein_0183,0.205607476635514
protein_0175,protein_0184,0.550561797752809
protein_0175,protein_0185,0.12631578947368421
protein_0175,protein_0186,0.20192307692307693
protein_0175,protein_0187,0.896551724137931
protein_0175,protein_0188,0.16091954022988506
protein_0175,protein_0189,0.32954545454545453
protein_0175,protein_0190,0.3218390804597701
protein_0175,protein_0191,0.2988505747126437
protein_0175,protein_0193,0.3793103448275862
protein_0175,protein_0195,0.3103448275862069
protein_0175,protein_0197,0.2988505747126437
protein_0175,protein_0198,0.27586206896551724
protein_0175,protein_0199,0.21739130434782608
protein_0175,protein_0200,0.28735632183908044
protein_0175,protein_0201,0.14150943396226415
protein_0175,protein_0202,0.3793103448275862
protein_0175,protein_0203,0.1794871794871795
protein_0175,protein_0204,0.1839080459770115
protein_0175,protein_0205,0.08530805687203792
protein_0175,protein_0206,0.3103448275862069
protein_0175,protein_0207,0.14728682170542637
protein_0175,protein_0208,0.1440677966101695
protein_0175,protein_0209,0.26436781609195403
protein_0175,protein_0210,0.367816091954023
protein_0175,protein_0211,0.13513513513513514
protein_0175,protein_0212,0.14942528735632185
protein_0175,protein_0213,0.39080459770114945
protein_0175,protein_0214,0.1
protein_0175,protein_0215,0.12643678160919541
protein_0175,protein_0216,0.12264150943396226
protein_0175,protein_0217,0.15555555555555556
protein_0175,protein_0219,0.17073170731707318
protein_0175,protein_0220,0.3448275862068966
protein_0175,protein_0221,0.1702127659574468
protein_0175,protein_0222,0.30337078651685395
protein_0175,protein_0223,0.18681318681318682
protein_0175,protein_0224,0.12643678160919541
protein_0175,protein_0225,0.15789473684210525
protein_0175,protein_0226,0.18691588785046728
protein_0175,protein_0227,0.13186813186813187
protein_0175,protein_0228,0.25
protein_0175,protein_0230,0.26881720430107525
protein_0175,protein_0231,0.4482758620689655
protein_0175,protein_0232,0.1724137931034483
protein_0175,protein_0233,0.15748031496062992
protein_0175,protein_0234,0.1875
protein_0175,protein_0235,0.16091954022988506
protein_0175,protein_0236,0.28735632183908044
protein_0175,protein_0237,0.28735632183908044
protein_0175,protein_0238,0.12213740458015267
protein_0175,protein_0239,0.5862068965517241
protein_0175,protein_0240,0.6206896551724138
protein_0175,protein_0241,0.5747126436781609
protein_0175,protein_0242,0.17045454545454544
protein_0175,protein_0243,0.6781609195402298
protein_0175,protein_0244,0.13978494623655913
protein_0175,protein_0246,0.19387755102040816
protein_0175,protein_0247,0.20430107526881722
protein_0175,protein_0248,0.4482758620689655
protein_0175,protein_0249,0.4772727272727273
protein_0175,protein_0250,0.16831683168316833
protein_0175,protein_0251,0.12871287128712872
protein_0175,protein_0252,0.11702127659574468
protein_0175,protein_0253,0.13274336283185842
protein_0175,protein_0254,0.22826086956521738
protein_0175,protein_0255,0.11428571428571428
protein_0175,protein_0256,0.14953271028037382
protein_0175,protein_0257,0.14678899082568808
protein_0175,protein_0259,0.1724137931034483
protein_0175,protein_0260,0.1724137931034483
protein_0175,protein_0261,0.1574074074074074
protein_0175,protein_0262,0.15827338129496402
protein_0175,protein_0263,0.08823529411764706
protein_0175,protein_0264,0.3563218390804598
protein_0175,protein_0266,0.16494845360824742
protein_0175,protein_0267,0.1595744680851064
protein_0175,protein_0268,0.1276595744680851
protein_0175,protein_0269,0.14049586776859505
protein_0175,protein_0270,0.15730337078651685
protein_0175,protein_0271,0.19540229885057472
protein_0175,protein_0272,0.26436781609195403
protein_0175,protein_0273,0.28735632183908044
protein_0175,protein_0274,0.1797752808988764
protein_0175,protein_0276,0.39080459770114945
protein_0175,protein_0277,0.16091954022988506
protein_0175,protein_0278,0.21739130434782608
protein_0175,protein_0279,0.35555555555555557
protein_0175,protein_0280,0.3522727272727273
protein_0175,protein_0281,0.11864406779661017
protein_0175,protein_0282,0.07954545454545454
protein_0175,protein_0283,0.0958904109589041
protein_0175,protein_0285,0.28735632183908044
protein_0175,protein_0286,0.17045454545454544
protein_0175,protein_0287,0.19444444444444445
protein_0175,protein_0288,0.4666666666666667
protein_0175,protein_0289,0.14772727272727273
protein_0175,protein_0290,0.1574074074074074
protein_0175,protein_0292,0.16091954022988506
protein_0175,protein_0293,0.23333333333333334
protein_0175,protein_0294,0.22988505747126436
protein_0175,protein_0295,0.16853932584269662
protein_0175,protein_0296,0.18333333333333332
protein_0175,protein_0297,0.1590909090909091
protein_0175,protein_0298,0.15053763440860216
protein_0175,protein_0299,0.2
protein_0175,protein_0300,0.12359550561797752
protein_0175,protein_0301,0.125
protein_0175,protein_0302,0.11981566820276497
protein_0175,protein_0303,0.21739130434782608
protein_0175,protein_0304,0.17045454545454544
protein_0175,protein_0305,0.16483516483516483
protein_0175,protein_0306,0.15384615384615385
protein_0175,protein_0308,0.2
protein_0175,protein_0309,0.17475728155339806
protein_0175,protein_0310,0.18018018018018017
protein_0175,protein_0312,0.4431818181818182
protein_0175,protein_0313,0.26373626373626374
protein_0175,protein_0314,0.12121212121212122
protein_0175,protein_0315,0.15789473684210525
protein_0175,protein_0317,0.13861386138613863
protein_0175,protein_0318,0.1271186440677966
protein_0175,protein_0319,0.3103448275862069
protein_0175,protein_0320,0.4772727272727273
protein_0175,protein_0321,0.13333333333333333
protein_0175,protein_0322,0.35555555555555557
protein_0175,protein_0323,0.3191489361702128
protein_0175,protein_0324,0.13333333333333333
protein_0175,protein_0325,0.12931034482758622
protein_0175,protein_0326,0.16666666666666666
protein_0175,protein_0327,0.2988505747126437
protein_0175,protein_0328,0.14035087719298245
protein_0175,protein_0329,0.14035087719298245
protein_0175,protein_0330,0.22988505747126436
protein_0175,protein_0331,0.16853932584269662
protein_0175,protein_0334,0.17777777777777778
protein_0175,protein_0335,0.1559633027522936
protein_0175,protein_0336,0.1724137931034483
protein_0175,protein_0337,0.2840909090909091
protein_0175,protein_0338,0.23863636363636365
protein_0175,protein_0339,0.16494845360824742
protein_0175,protein_0340,0.13513513513513514
protein_0175,protein_0341,0.21153846153846154
protein_0175,protein_0342,0.1839080459770115
protein_0175,protein_0343,0.16842105263157894
protein_0175,protein_0344,0.3448275862068966
protein_0175,protein_0345,0.16091954022988506
protein_0175,protein_0346,0.16091954022988506
protein_0175,protein_0348,0.16521739130434782
protein_0175,protein_0349,0.1826086956521739
protein_0175,protein_0350,0.36363636363636365
protein_0175,protein_0352,0.16666666666666666
protein_0175,protein_0353,0.1440677966101695
protein_0175,protein_0354,0.21839080459770116
protein_0175,protein_0355,0.27586206896551724
protein_0175,protein_0356,0.16091954022988506
protein_0175,protein_0357,0.1721311475409836
protein_0175,protein_0358,0.34444444444444444
protein_0175,protein_0359,0.16260162601626016
protein_0175,protein_0360,0.358695652173913
protein_0175,protein_0361,0.15126050420168066
protein_0175,protein_0362,0.17045454545454544
protein_0175,protein_0364,0.18181818181818182
protein_0175,protein_0365,0.19101123595505617
protein_0175,protein_0366,0.19101123595505617
protein_0175,protein_0367,0.1794871794871795
protein_0175,protein_0368,0.17647058823529413
protein_0175,protein_0369,0.18181818181818182
protein_0175,protein_0370,0.3448275862068966
protein_0175,protein_0371,0.2988505747126437
protein_0175,protein_0372,0.11467889908256881
protein_0175,protein_0373,0.14953271028037382
protein_0175,protein_0374,0.16666666666666666
protein_0175,protein_0375,0.367816091954023
protein_0175,protein_0376,0.17475728155339806
protein_0175,protein_0377,0.3563218390804598
protein_0175,protein_0378,0.18333333333333332
protein_0175,protein_0379,0.18181818181818182
protein_0175,protein_0380,0.18181818181818182
protein_0175,protein_0381,0.18181818181818182
protein_0175,protein_0382,0.2413793103448276
protein_0175,protein_0383,0.14444444444444443
protein_0175,protein_0384,0.3977272727272727
protein_0175,protein_0385,0.1941747572815534
protein_0175,protein_0386,0.13793103448275862
protein_0175,protein_0387,0.15789473684210525
protein_0175,protein_0388,0.14942528735632185
protein_0175,protein_0389,0.16666666666666666
protein_0175,protein_0390,0.3333333333333333
protein_0175,protein_0391,0.19791666666666666
protein_0175,protein_0392,0.5977011494252874
protein_0175,protein_0393,0.5977011494252874
protein_0175,protein_0394,0.14912280701754385
protein_0175,protein_0395,0.0989010989010989
protein_0175,protein_0396,0.1794871794871795
protein_0175,protein_0397,0.3448275862068966
protein_0175,protein_0399,0.39080459770114945
protein_0177,protein_0000,0.13333333333333333
protein_0177,protein_0001,0.2494079551989589
protein_0177,protein_0002,0.16049382716049382
protein_0177,protein_0003,0.13793103448275862
protein_0177,protein_0004,0.13793103448275862
protein_0177,protein_0005,0.16666666666666666
protein_0177,protein_0007,0.3008048747916938
protein_0177,protein_0008,0.1717171717171717
protein_0177,protein_0009,0.16853932584269662
protein_0177,protein_0011,0.13793103448275862
protein_0177,protein_0012,0.1511627906976744
protein_0177,protein_0013,0.19047619047619047
protein_0177,protein_0014,0.1426933811802233
protein_0177,protein_0015,0.15151515151515152
protein_0177,protein_0016,0.13131313131313133
protein_0177,protein_0018,0.1590909090909091
protein_0177,protein_0019,0.30285868290254253
protein_0177,protein_0020,0.13953488372093023
protein_0177,protein_0021,0.15853658536585366
protein_0177,protein_0022,0.14442355889724312
protein_0177,protein_0023,0.14727342549923195
protein_0177,protein_0025,0.15555555555555556
protein_0177,protein_0026,0.14615384615384616
protein_0177,protein_0027,0.16950153555398062
protein_0177,protein_0028,0.13592233009708737
protein_0177,protein_0029,0.31113575891814366
protein_0177,protein_0030,0.1322314049586777
protein_0177,protein_0031,0.13
protein_0177,protein_0032,0.16666666666666666
protein_0177,protein_0033,0.12643678160919541
protein_0177,protein_0034,0.125
protein_0177,protein_0035,0.15306122448979592
protein_0177,protein_0037,0.13871219729940854
protein_0177,protein_0038,0.13871219729940854
protein_0177,protein_0039,0.15730337078651685
protein_0177,protein_0040,0.15714285714285714
protein_0177,protein_0041,0.1724137931034483
protein_0177,protein_0042,0.1744186046511628
protein_0177,protein_0043,0.1724137931034483
protein_0177,protein_0044,0.16091954022988506
protein_0177,protein_0045,0.1724137931034483
protein_0177,protein_0046,0.29566228346489193
protein_0177,protein_0047,0.14444444444444443
protein_0177,protein_0048,0.15555555555555556
protein_0177,protein_0049,0.12222222222222222
protein_0177,protein_0050,0.12121212121212122
protein_0177,protein_0051,0.38341606549567486
protein_0177,protein_0052,0.1595744680851064
protein_0177,protein_0053,0.1590909090909091
protein_0177,protein_0054,0.1282051282051282
protein_0177,protein_0055,0.15384615384615385
protein_0177,protein_0056,0.1225
protein_0177,protein_0057,0.3028952299900345
protein_0177,protein_0058,0.18309859154929578
protein_0177,protein_0060,0.11341571050308914
protein_0177,protein_0061,0.1590909090909091
protein_0177,protein_0062,0.14772727272727273
protein_0177,protein_0063,0.107981220657277
protein_0177,protein_0064,0.13333333333333333
protein_0177,protein_0065,0.14563106796116504
protein_0177,protein_0066,0.16
protein_0177,protein_0067,0.14444444444444443
protein_0177,protein_0068,0.14772727272727273
protein_0177,protein_0069,0.10344827586206896
protein_0177,protein_0070,0.15730337078651685
protein_0177,protein_0071,0.18181818181818182
protein_0177,protein_0072,0.26323267869846906
protein_0177,protein_0073,0.19318181818181818
protein_0177,protein_0074,0.16091954022988506
protein_0177,protein_0075,0.12886597938144329
protein_0177,protein_0076,0.18518518518518517
protein_0177,protein_0077,0.16853932584269662
protein_0177,protein_0078,0.11818181818181818
protein_0177,protein_0079,0.11818181818181818
protein_0177,protein_0080,0.14942528735632185
protein_0177,protein_0082,0.17
protein_0177,protein_0083,0.13793103448275862
protein_0177,protein_0084,0.1611825828797625
protein_0177,protein_0085,0.17
protein_0177,protein_0086,0.18
protein_0177,protein_0087,0.3430335097001764
protein_0177,protein_0088,0.14942528735632185
protein_0177,protein_0089,0.11956521739130435
protein_0177,protein_0090,0.11976284584980237
protein_0177,protein_0091,0.11504424778761062
protein_0177,protein_0092,0.11504424778761062
protein_0177,protein_0093,0.12048192771084337
protein_0177,protein_0094,0.14782608695652175
protein_0177,protein_0095,0.12366854636591479
protein_0177,protein_0096,0.16
protein_0177,protein_0097,0.1511627906976744
protein_0177,protein_0098,0.15730337078651685
protein_0177,protein_0099,0.1273076923076923
protein_0177,protein_0100,0.32044675167833353
protein_0177,protein_0101,0.20454545454545456
protein_0177,protein_0102,0.13043478260869565
protein_0177,protein_0104,0.11965811965811966
protein_0177,protein_0105,0.15584415584415584
protein_0177,protein_0106,0.1341888106593989
protein_0177,protein_0107,0.17045454545454544
protein_0177,protein_0108,0.20987654320987653
protein_0177,protein_0110,0.12790697674418605
protein_0177,protein_0112,0.1919191919191919
protein_0177,protein_0113,0.14606741573033707
protein_0177,protein_0114,0.125
protein_0177,protein_0115,0.1411764705882353
protein_0177,protein_0116,0.13381180223285485
protein_0177,protein_0117,0.13381180223285485
protein_0177,protein_0118,0.3335017969451932
protein_0177,protein_0120,0.1839080459770115
protein_0177,protein_0121,0.1839080459770115
protein_0177,protein_0122,0.140973630831643
protein_0177,protein_0123,0.3633295136236313
protein_0177,protein_0124,0.1839080459770115
protein_0177,protein_0125,0.16326530612244897
protein_0177,protein_0126,0.13131313131313133
protein_0177,protein_0127,0.15555555555555556
protein_0177,protein_0128,0.16483516483516483
protein_0177,protein_0129,0.13186813186813187
protein_0177,protein_0130,0.11976284584980237
protein_0177,protein_0131,0.16439393939393937
protein_0177,protein_0132,0.14150943396226415
protein_0177,protein_0133,0.14150943396226415
protein_0177,protein_0134,0.23595505617977527
protein_0177,protein_0135,0.1566265060240964
protein_0177,protein_0136,0.13793103448275862
protein_0177,protein_0137,0.1440677966101695
protein_0177,protein_0138,0.1440677966101695
protein_0177,protein_0140,0.13793103448275862
protein_0177,protein_0141,0.140973630831643
protein_0177,protein_0142,0.14606741573033707
protein_0177,protein_0143,0.18681318681318682
protein_0177,protein_0144,0.1839080459770115
protein_0177,protein_0146,0.16666666666666666
protein_0177,protein_0147,0.16091954022988506
protein_0177,protein_0148,0.12087912087912088
protein_0177,protein_0149,0.4295880193326518
protein_0177,protein_0151,0.14130434782608695
protein_0177,protein_0152,0.3196956197818131
protein_0177,protein_0153,0.14808362369337977
protein_0177,protein_0154,0.15446890507866115
protein_0177,protein_0156,0.1588785046728972
protein_0177,protein_0158,0.3488320912442578
protein_0177,protein_0159,0.1724137931034483
protein_0177,protein_0160,0.16853932584269662
protein_0177,protein_0161,0.13675213675213677
protein_0177,protein_0162,0.19753086419753085
protein_0177,protein_0163,0.16
protein_0177,protein_0164,0.13793103448275862
protein_0177,protein_0166,0.13793103448275862
protein_0177,protein_0168,0.14534793414103758
protein_0177,protein_0169,0.13793103448275862
protein_0177,protein_0170,0.18604651162790697
protein_0177,protein_0171,0.19540229885057472
protein_0177,protein_0172,0.13675213675213677
protein_0177,protein_0173,0.14942528735632185
protein_0177,protein_0174,0.14942528735632185
protein_0177,protein_0176,0.30489196318601924
protein_0177,protein_0178,0.1415929203539823
protein_0177,protein_0179,0.1415929203539823
protein_0177,protein_0180,0.16091954022988506
protein_0177,protein_0181,0.14444444444444443
protein_0177,protein_0182,0.1839080459770115
protein_0177,protein_0183,0.15151515151515152
protein_0177,protein_0184,0.17045454545454544
protein_0177,protein_0185,0.15730337078651685
protein_0177,protein_0186,0.15841584158415842
protein_0177,protein_0187,0.14942528735632185
protein_0177,protein_0188,0.36377447132977386
protein_0177,protein_0189,0.19540229885057472
protein_0177,protein_0190,0.16091954022988506
protein_0177,protein_0191,0.16666666666666666
protein_0177,protein_0193,0.13793103448275862
protein_0177,protein_0195,0.1590909090909091
protein_0177,protein_0197,0.1511627906976744
protein_0177,protein_0198,0.13793103448275862
protein_0177,protein_0199,0.14444444444444443
protein_0177,protein_0200,0.14772727272727273
protein_0177,protein_0201,0.17647058823529413
protein_0177,protein_0202,0.14444444444444443
protein_0177,protein_0203,0.13675213675213677
protein_0177,protein_0204,0.34666947541266957
protein_0177,protein_0205,0.08056872037914692
protein_0177,protein_0206,0.14942528735632185
protein_0177,protein_0207,0.13675213675213677
protein_0177,protein_0208,0.13119683821634162
protein_0177,protein_0209,0.1724137931034483
protein_0177,protein_0210,0.18604651162790697
protein_0177,protein_0211,0.15064631463146316
protein_0177,protein_0212,0.16666666666666666
protein_0177,protein_0213,0.16091954022988506
protein_0177,protein_0214,0.14666666666666667
protein_0177,protein_0215,0.22388059701492538
protein_0177,protein_0216,0.17894736842105263
protein_0177,protein_0217,0.12048192771084337
protein_0177,protein_0219,0.13445378151260504
protein_0177,protein_0220,0.1724137931034483
protein_0177,protein_0221,0.2
protein_0177,protein_0222,0.13953488372093023
protein_0177,protein_0223,0.19753086419753085
protein_0177,protein_0224,0.23285442213719343
protein_0177,protein_0225,0.18292682926829268
protein_0177,protein_0226,0.20652173913043478
protein_0177,protein_0227,0.19718309859154928
protein_0177,protein_0228,0.12043956043956044
protein_0177,protein_0230,0.15730337078651685
protein_0177,protein_0231,0.14942528735632185
protein_0177,protein_0232,0.4112571129080564
protein_0177,protein_0233,0.14173228346456693
protein_0177,protein_0234,0.13861386138613863
protein_0177,protein_0235,0.14422043010752686
protein_0177,protein_0236,0.12141306968893176
protein_0177,protein_0237,0.12141306968893176
protein_0177,protein_0238,0.11450381679389313
protein_0177,protein_0239,0.1590909090909091
protein_0177,protein_0240,0.12643678160919541
protein_0177,protein_0241,0.1724137931034483
protein_0177,protein_0242,0.2999521789413676
protein_0177,protein_0243,0.1590909090909091
protein_0177,protein_0244,0.15677668539325842
protein_0177,protein_0246,0.17204301075268819
protein_0177,protein_0247,0.13263009845288323
protein_0177,protein_0248,0.14736842105263157
protein_0177,protein_0249,0.18888888888888888
protein_0177,protein_0250,0.1388235294117647
protein_0177,protein_0251,0.14606741573033707
protein_0177,protein_0252,0.15294117647058825
protein_0177,protein_0253,0.14035087719298245
protein_0177,protein_0254,0.19483805668016196
protein_0177,protein_0255,0.09941520467836257
protein_0177,protein_0256,0.18811881188118812
protein_0177,protein_0257,0.19801980198019803
protein_0177,protein_0259,0.31691048415186346
protein_0177,protein_0260,0.31691048415186346
protein_0177,protein_0261,0.15151515151515152
protein_0177,protein_0262,0.1111111111111111
protein_0177,protein_0263,0.11678832116788321
protein_0177,protein_0264,0.15555555555555556
protein_0177,protein_0266,0.14149272612270714
protein_0177,protein_0267,0.16091954022988506
protein_0177,protein_0268,0.16666666666666666
protein_0177,protein_0269,0.11206896551724138
protein_0177,protein_0270,0.16901408450704225
protein_0177,protein_0271,0.2940818680343729
protein_0177,protein_0272,0.10851648351648352
protein_0177,protein_0273,0.11401098901098902
protein_0177,protein_0274,0.14432989690721648
protein_0177,protein_0276,0.14942528735632185
protein_0177,protein_0277,0.32523230245424883
protein_0177,protein_0278,0.14444444444444443
protein_0177,protein_0279,0.15294117647058825
protein_0177,protein_0280,0.1728395061728395
protein_0177,protein_0281,0.13392857142857142
protein_0177,protein_0282,0.19480519480519481
protein_0177,protein_0283,0.08256880733944955
protein_0177,protein_0285,0.16091954022988506
protein_0177,protein_0286,0.3503261220139809
protein_0177,protein_0287,0.16822429906542055
protein_0177,protein_0288,0.1927710843373494
protein_0177,protein_0289,0.17769607843137256
protein_0177,protein_0290,0.13861386138613863
protein_0177,protein_0292,0.32159655094959255
protein_0177,protein_0293,0.1590909090909091
protein_0177,protein_0294,0.13922018348623855
protein_0177,protein_0295,0.3141890777099488
protein_0177,protein_0296,0.1592920353982301
protein_0177,protein_0297,0.28373977749329254
protein_0177,protein_0298,0.2834257999645117
protein_0177,protein_0299,0.129206481096801
protein_0177,protein_0300,0.13212025316455694
protein_0177,protein_0301,0.125
protein_0177,protein_0302,0.10091743119266056
protein_0177,protein_0303,0.16216216216216217
protein_0177,protein_0304,0.17543859649122806
protein_0177,protein_0305,0.13605442176870747
protein_0177,protein_0306,0.15384615384615385
protein_0177,protein_0308,0.12173913043478261
protein_0177,protein_0309,0.18968253968253967
protein_0177,protein_0310,0.1509433962264151
protein_0177,protein_0312,0.16091954022988506
protein_0177,protein_0313,0.14603174603174604
protein_0177,protein_0314,0.17
protein_0177,protein_0315,0.13392857142857142
protein_0177,protein_0317,0.16
protein_0177,protein_0318,0.13392857142857142
protein_0177,protein_0319,0.13793103448275862
protein_0177,protein_0320,0.17777777777777778
protein_0177,protein_0321,0.16666666666666666
protein_0177,protein_0322,0.18681318681318682
protein_0177,protein_0323,0.16853932584269662
protein_0177,protein_0324,0.16455696202531644
protein_0177,protein_0325,0.12266112266112265
protein_0177,protein_0326,0.2375
protein_0177,protein_0327,0.16666666666666666
protein_0177,protein_0328,0.12962962962962962
protein_0177,protein_0329,0.12962962962962962
protein_0177,protein_0330,0.16091954022988506
protein_0177,protein_0331,0.30799110483009334
protein_0177,protein_0334,0.125
protein_0177,protein_0335,0.19
protein_0177,protein_0336,0.3794443441364991
protein_0177,protein_0337,0.12615545374166065
protein_0177,protein_0338,0.11494252873563218
protein_0177,protein_0339,0.3287600867962966
protein_0177,protein_0340,0.16346153846153846
protein_0177,protein_0341,0.1262135922330097
protein_0177,protein_0342,0.1780821917808219
protein_0177,protein_0343,0.16647531572904706
protein_0177,protein_0344,0.1724137931034483
protein_0177,protein_0345,0.15851575842260518
protein_0177,protein_0346,0.15851575842260518
protein_0177,protein_0348,0.11304347826086956
protein_0177,protein_0349,0.15384615384615385
protein_0177,protein_0350,0.1724137931034483
protein_0177,protein_0352,0.9321653189577718
protein_0177,protein_0353,0.12773892773892773
protein_0177,protein_0354,0.15555555555555556
protein_0177,protein_0355,0.1225404247029028
protein_0177,protein_0356,0.36317136886102397
protein_0177,protein_0357,0.125
protein_0177,protein_0358,0.1724137931034483
protein_0177,protein_0359,0.15
protein_0177,protein_0360,0.1724137931034483
protein_0177,protein_0361,0.1282051282051282
protein_0177,protein_0362,0.19540229885057472
protein_0177,protein_0364,0.18181818181818182
protein_0177,protein_0365,0.15294117647058825
protein_0177,protein_0366,0.16091954022988506
protein_0177,protein_0367,0.16161616161616163
protein_0177,protein_0368,0.15853658536585366
protein_0177,protein_0369,0.16883116883116883
protein_0177,protein_0370,0.1724137931034483
protein_0177,protein_0371,0.14130434782608695
protein_0177,protein_0372,0.0779816513761468
protein_0177,protein_0373,0.16831683168316833
protein_0177,protein_0374,0.1282051282051282
protein_0177,protein_0375,0.15730337078651685
protein_0177,protein_0376,0.1553398058252427
protein_0177,protein_0377,0.1724137931034483
protein_0177,protein_0378,0.1308411214953271
protein_0177,protein_0379,0.13933325433503177
protein_0177,protein_0380,0.13933325433503177
protein_0177,protein_0381,0.13933325433503177
protein_0177,protein_0382,0.14705882352941174
protein_0177,protein_0383,0.3962529608756024
protein_0177,protein_0384,0.1724137931034483
protein_0177,protein_0385,0.14423076923076922
protein_0177,protein_0386,0.16161616161616163
protein_0177,protein_0387,0.19
protein_0177,protein_0388,0.3552700139616975
protein_0177,protein_0389,0.22535211267605634
protein_0177,protein_0390,0.14130434782608695
protein_0177,protein_0391,0.15053763440860216
protein_0177,protein_0392,0.17582417582417584
protein_0177,protein_0393,0.1797752808988764
protein_0177,protein_0394,0.15789473684210525
protein_0177,protein_0395,0.17777777777777778
protein_0177,protein_0396,0.1452991452991453
protein_0177,protein_0397,0.13253012048192772
protein_0177,protein_0399,0.16091954022988506
protein_0192,protein_0000,0.3563218390804598
protein_0192,protein_0001,0.14457831325301204
protein_0192,protein_0002,0.12790697674418605
protein_0192,protein_0003,0.367816091954023
protein_0192,protein_0004,0.3793103448275862
protein_0192,protein_0005,0.18085106382978725
protein_0192,protein_0007,0.17045454545454544
protein_0192,protein_0008,0.1574074074074074
protein_0192,protein_0009,0.21839080459770116
protein_0192,protein_0011,0.2988505747126437
protein_0192,protein_0012,0.3333333333333333
protein_0192,protein_0013,0.0963855421686747
protein_0192,protein_0014,0.18556701030927836
protein_0192,protein_0015,0.18095238095238095
protein_0192,protein_0016,0.20192307692307693
protein_0192,protein_0018,0.3333333333333333
protein_0192,protein_0019,0.1686746987951807
protein_0192,protein_0020,0.42528735632183906
protein_0192,protein_0021,0.16091954022988506
protein_0192,protein_0022,0.15625
protein_0192,protein_0023,0.17204301075268819
protein_0192,protein_0025,0.5393258426966292
protein_0192,protein_0026,0.08888888888888889
protein_0192,protein_0027,0.2169811320754717
protein_0192,protein_0028,0.12745098039215685
protein_0192,protein_0029,0.18823529411764706
protein_0192,protein_0030,0.14049586776859505
protein_0192,protein_0031,0.14285714285714285
protein_0192,protein_0032,0.3448275862068966
protein_0192,protein_0033,0.2988505747126437
protein_0192,protein_0034,0.27586206896551724
protein_0192,protein_0035,0.1414141414141414
protein_0192,protein_0037,0.21839080459770116
protein_0192,protein_0038,0.21839080459770116
protein_0192,protein_0039,0.20689655172413793
protein_0192,protein_0040,0.13978494623655913
protein_0192,protein_0041,0.367816091954023
protein_0192,protein_0042,0.2235294117647059
protein_0192,protein_0043,0.2988505747126437
protein_0192,protein_0044,0.28735632183908044
protein_0192,protein_0045,0.38636363636363635
protein_0192,protein_0046,0.14457831325301204
protein_0192,protein_0047,0.28735632183908044
protein_0192,protein_0048,0.3103448275862069
protein_0192,protein_0049,0.2988505747126437
protein_0192,protein_0050,0.12
protein_0192,protein_0051,0.14285714285714285
protein_0192,protein_0052,0.3793103448275862
protein_0192,protein_0053,0.42528735632183906
protein_0192,protein_0054,0.13675213675213677
protein_0192,protein_0055,0.12605042016806722
protein_0192,protein_0056,0.17647058823529413
protein_0192,protein_0057,0.16470588235294117
protein_0192,protein_0058,0.1956521739130435
protein_0192,protein_0060,0.12612612612612611
protein_0192,protein_0061,0.21348314606741572
protein_0192,protein_0062,0.367816091954023
protein_0192,protein_0063,0.08450704225352113
protein_0192,protein_0064,0.47126436781609193
protein_0192,protein_0065,0.1485148514851485
protein_0192,protein_0066,0.1941747572815534
protein_0192,protein_0067,0.3118279569892473
protein_0192,protein_0068,0.22988505747126436
protein_0192,protein_0069,0.27586206896551724
protein_0192,protein_0070,0.1724137931034483
protein_0192,protein_0071,0.28735632183908044
protein_0192,protein_0072,0.16666666666666666
protein_0192,protein_0073,0.26666666666666666
protein_0192,protein_0074,0.1650485436893204
protein_0192,protein_0075,0.14423076923076922
protein_0192,protein_0076,0.15294117647058825
protein_0192,protein_0077,0.38202247191011235
protein_0192,protein_0078,0.12380952380952381
protein_0192,protein_0079,0.12380952380952381
protein_0192,protein_0080,0.3218390804597701
protein_0192,protein_0082,0.16666666666666666
protein_0192,protein_0083,0.28735632183908044
protein_0192,protein_0084,0.27906976744186046
protein_0192,protein_0085,0.14423076923076922
protein_0192,protein_0086,0.1568627450980392
protein_0192,protein_0087,0.16279069767441862
protein_0192,protein_0088,0.367816091954023
protein_0192,protein_0089,0.1391304347826087
protein_0192,protein_0090,0.1452991452991453
protein_0192,protein_0091,0.12396694214876033
protein_0192,protein_0092,0.12396694214876033
protein_0192,protein_0093,0.3218390804597701
protein_0192,protein_0094,0.17094017094017094
protein_0192,protein_0095,0.1328125
protein_0192,protein_0096,0.17647058823529413
protein_0192,protein_0097,0.3146067415730337
protein_0192,protein_0098,0.3218390804597701
protein_0192,protein_0099,0.14953271028037382
protein_0192,protein_0100,0.2222222222222222
protein_0192,protein_0101,0.26666666666666666
protein_0192,protein_0102,0.30337078651685395
protein_0192,protein_0104,0.16260162601626016
protein_0192,protein_0105,0.14893617021276595
protein_0192,protein_0106,0.17796610169491525
protein_0192,protein_0107,0.375
protein_0192,protein_0108,0.26436781609195403
protein_0192,protein_0110,0.2727272727272727
protein_0192,protein_0112,0.17142857142857143
protein_0192,protein_0113,0.28735632183908044
protein_0192,protein_0114,0.3707865168539326
protein_0192,protein_0115,0.42168674698795183
protein_0192,protein_0116,0.16666666666666666
protein_0192,protein_0117,0.16666666666666666
protein_0192,protein_0118,0.1927710843373494
protein_0192,protein_0120,0.4942528735632184
protein_0192,protein_0121,0.4942528735632184
protein_0192,protein_0122,0.22988505747126436
protein_0192,protein_0123,0.18072289156626506
protein_0192,protein_0124,0.45977011494252873
protein_0192,protein_0125,0.1568627450980392
protein_0192,protein_0126,0.17475728155339806
protein_0192,protein_0127,0.32967032967032966
protein_0192,protein_0128,0.4482758620689655
protein_0192,protein_0129,0.1839080459770115
protein_0192,protein_0130,0.12903225806451613
protein_0192,protein_0131,0.13333333333333333
protein_0192,protein_0132,0.16216216216216217
protein_0192,protein_0133,0.16216216216216217
protein_0192,protein_0134,0.3522727272727273
protein_0192,protein_0135,0.49411764705882355
protein_0192,protein_0136,0.14754098360655737
protein_0192,protein_0137,0.13008130081300814
protein_0192,protein_0138,0.13008130081300814
protein_0192,protein_0140,0.28735632183908044
protein_0192,protein_0141,0.21839080459770116
protein_0192,protein_0142,0.3333333333333333
protein_0192,protein_0143,0.3333333333333333
protein_0192,protein_0144,0.3103448275862069
protein_0192,protein_0146,0.16279069767441862
protein_0192,protein_0147,0.3333333333333333
protein_0192,protein_0148,0.3563218390804598
protein_0192,protein_0149,0.1686746987951807
protein_0192,protein_0151,0.23595505617977527
protein_0192,protein_0152,0.16304347826086957
protein_0192,protein_0153,0.2111111111111111
protein_0192,protein_0154,0.2
protein_0192,protein_0156,0.12149532710280374
protein_0192,protein_0158,0.20238095238095238
protein_0192,protein_0159,0.3258426966292135
protein_0192,protein_0160,0.48314606741573035
protein_0192,protein_0161,0.11864406779661017
protein_0192,protein_0162,0.8313253012048193
protein_0192,protein_0163,0.1188118811881188
protein_0192,protein_0164,0.632183908045977
protein_0192,protein_0166,0.6206896551724138
protein_0192,protein_0168,0.12280701754385964
protein_0192,protein_0169,0.12605042016806722
protein_0192,protein_0170,0.5542168674698795
protein_0192,protein_0171,0.26136363636363635
protein_0192,protein_0172,0.15
protein_0192,protein_0173,0.47126436781609193
protein_0192,protein_0174,0.4942528735632184
protein_0192,protein_0176,0.13636363636363635
protein_0192,protein_0178,0.13274336283185842
protein_0192,protein_0179,0.13274336283185842
protein_0192,protein_0180,0.2413793103448276
protein_0192,protein_0181,0.2988505747126437
protein_0192,protein_0182,0.42528735632183906
protein_0192,protein_0183,0.1650485436893204
protein_0192,protein_0184,0.5340909090909091
protein_0192,protein_0185,0.18681318681318682
protein_0192,protein_0186,0.17475728155339806
protein_0192,protein_0187,0.47126436781609193
protein_0192,protein_0188,0.20481927710843373
protein_0192,protein_0189,0.32954545454545453
protein_0192,protein_0190,0.33707865168539325
protein_0192,protein_0191,0.39080459770114945
protein_0192,protein_0193,0.3103448275862069
protein_0192,protein_0195,0.3103448275862069
protein_0192,protein_0197,0.28735632183908044
protein_0192,protein_0198,0.38636363636363635
protein_0192,protein_0199,0.25555555555555554
protein_0192,protein_0200,0.2413793103448276
protein_0192,protein_0201,0.15841584158415842
protein_0192,protein_0202,0.3448275862068966
protein_0192,protein_0203,0.1
protein_0192,protein_0204,0.1566265060240964
protein_0192,protein_0205,0.10426540284360189
protein_0192,protein_0206,0.3218390804597701
protein_0192,protein_0207,0.1487603305785124
protein_0192,protein_0208,0.13392857142857142
protein_0192,protein_0209,0.2988505747126437
protein_0192,protein_0210,0.29545454545454547
protein_0192,protein_0211,0.14814814814814814
protein_0192,protein_0212,0.12941176470588237
protein_0192,protein_0213,0.3333333333333333
protein_0192,protein_0214,0.1348314606741573
protein_0192,protein_0215,0.11363636363636363
protein_0192,protein_0216,0.11650485436893204
protein_0192,protein_0217,0.14414414414414414
protein_0192,protein_0219,0.125
protein_0192,protein_0220,0.4606741573033708
protein_0192,protein_0221,0.15384615384615385
protein_0192,protein_0222,0.3010752688172043
protein_0192,protein_0223,0.13978494623655913
protein_0192,protein_0224,0.12941176470588237
protein_0192,protein_0225,0.10843373493975904
protein_0192,protein_0226,0.08421052631578947
protein_0192,protein_0227,0.16666666666666666
protein_0192,protein_0228,0.23404255319148937
protein_0192,protein_0230,0.23711340206185566
protein_0192,protein_0231,0.4367816091954023
protein_0192,protein_0232,0.1566265060240964
protein_0192,protein_0233,0.15151515151515152
protein_0192,protein_0234,0.18867924528301888
protein_0192,protein_0235,0.13793103448275862
protein_0192,protein_0236,0.26436781609195403
protein_0192,protein_0237,0.26436781609195403
protein_0192,protein_0238,0.15267175572519084
protein_0192,protein_0239,0.5517241379310345
protein_0192,protein_0240,0.5172413793103449
protein_0192,protein_0241,0.4827586206896552
protein_0192,protein_0242,0.1686746987951807
protein_0192,protein_0243,0.5057471264367817
protein_0192,protein_0244,0.16091954022988506
protein_0192,protein_0246,0.17894736842105263
protein_0192,protein_0247,0.16279069767441862
protein_0192,protein_0248,0.42528735632183906
protein_0192,protein_0249,0.5747126436781609
protein_0192,protein_0250,0.16161616161616163
protein_0192,protein_0251,0.16161616161616163
protein_0192,protein_0252,0.11702127659574468
protein_0192,protein_0253,0.09734513274336283
protein_0192,protein_0254,0.1411764705882353
protein_0192,protein_0255,0.10857142857142857
protein_0192,protein_0256,0.09433962264150944
protein_0192,protein_0257,0.10377358490566038
protein_0192,protein_0259,0.1686746987951807
protein_0192,protein_0260,0.1686746987951807
protein_0192,protein_0261,0.17475728155339806
protein_0192,protein_0262,0.12318840579710146
protein_0192,protein_0263,0.125
protein_0192,protein_0264,0.3218390804597701
protein_0192,protein_0266,0.15151515151515152
protein_0192,protein_0267,0.18681318681318682
protein_0192,protein_0268,0.13253012048192772
protein_0192,protein_0269,0.12931034482758622
protein_0192,protein_0270,0.17647058823529413
protein_0192,protein_0271,0.20481927710843373
protein_0192,protein_0272,0.27586206896551724
protein_0192,protein_0273,0.27586206896551724
protein_0192,protein_0274,0.24719101123595505
protein_0192,protein_0276,0.2988505747126437
protein_0192,protein_0277,0.1566265060240964
protein_0192,protein_0278,0.2608695652173913
protein_0192,protein_0279,0.4367816091954023
protein_0192,protein_0280,0.4642857142857143
protein_0192,protein_0281,0.17391304347826086
protein_0192,protein_0282,0.08235294117647059
protein_0192,protein_0283,0.0779816513761468
protein_0192,protein_0285,0.29213483146067415
protein_0192,protein_0286,0.1511627906976744
protein_0192,protein_0287,0.14953271028037382
protein_0192,protein_0288,0.7710843373493976
protein_0192,protein_0289,0.19767441860465115
protein_0192,protein_0290,0.17142857142857143
protein_0192,protein_0292,0.17857142857142858
protein_0192,protein_0293,0.25555555555555554
protein_0192,protein_0294,0.1927710843373494
protein_0192,protein_0295,0.21686746987951808
protein_0192,protein_0296,0.12931034482758622
protein_0192,protein_0297,0.18604651162790697
protein_0192,protein_0298,0.1566265060240964
protein_0192,protein_0299,0.15555555555555556
protein_0192,protein_0300,0.15217391304347827
protein_0192,protein_0301,0.16304347826086957
protein_0192,protein_0302,0.1152073732718894
protein_0192,protein_0303,0.23255813953488372
protein_0192,protein_0304,0.1927710843373494
protein_0192,protein_0305,0.15730337078651685
protein_0192,protein_0306,0.12605042016806722
protein_0192,protein_0308,0.16521739130434782
protein_0192,protein_0309,0.17204301075268819
protein_0192,protein_0310,0.1553398058252427
protein_0192,protein_0312,0.3793103448275862
protein_0192,protein_0313,0.26666666666666666
protein_0192,protein_0314,0.1919191919191919
protein_0192,protein_0315,0.13392857142857142
protein_0192,protein_0317,0.14705882352941177
protein_0192,protein_0318,0.18421052631578946
protein_0192,protein_0319,0.3103448275862069
protein_0192,protein_0320,0.5517241379310345
protein_0192,protein_0321,0.20224719101123595
protein_0192,protein_0322,0.37349397590361444
protein_0192,protein_0323,0.25287356321839083
protein_0192,protein_0324,0.14285714285714285
protein_0192,protein_0325,0.12598425196850394
protein_0192,protein_0326,0.1919191919191919
protein_0192,protein_0327,0.3409090909090909
protein_0192,protein_0328,0.13157894736842105
protein_0192,protein_0329,0.13157894736842105
protein_0192,protein_0330,0.2988505747126437
protein_0192,protein_0331,0.20481927710843373
protein_0192,protein_0334,0.24175824175824176
protein_0192,protein_0335,0.11538461538461539
protein_0192,protein_0336,0.21686746987951808
protein_0192,protein_0337,0.25287356321839083
protein_0192,protein_0338,0.2727272727272727
protein_0192,protein_0339,0.16470588235294117
protein_0192,protein_0340,0.17307692307692307
protein_0192,protein_0341,0.22549019607843138
protein_0192,protein_0342,0.18604651162790697
protein_0192,protein_0343,0.1839080459770115
protein_0192,protein_0344,0.39080459770114945
protein_0192,protein_0345,0.13114754098360656
protein_0192,protein_0346,0.13114754098360656
protein_0192,protein_0348,0.1935483870967742
protein_0192,protein_0349,0.17272727272727273
protein_0192,protein_0350,0.3793103448275862
protein_0192,protein_0352,0.20238095238095238
protein_0192,protein_0353,0.15178571428571427
protein_0192,protein_0354,0.21839080459770116
protein_0192,protein_0355,0.25287356321839083
protein_0192,protein_0356,0.18072289156626506
protein_0192,protein_0357,0.1487603305785124
protein_0192,protein_0358,0.3793103448275862
protein_0192,protein_0359,0.14166666666666666
protein_0192,protein_0360,0.4044943820224719
protein_0192,protein_0361,0.1557377049180328
protein_0192,protein_0362,0.25
protein_0192,protein_0364,0.25
protein_0192,protein_0365,0.25287356321839083
protein_0192,protein_0366,0.25287356321839083
protein_0192,protein_0367,0.17142857142857143
protein_0192,protein_0368,0.17582417582417584
protein_0192,protein_0369,0.13953488372093023
protein_0192,protein_0370,0.39080459770114945
protein_0192,protein_0371,0.39080459770114945
protein_0192,protein_0372,0.0779816513761468
protein_0192,protein_0373,0.14285714285714285
protein_0192,protein_0374,0.13445378151260504
protein_0192,protein_0375,0.36363636363636365
protein_0192,protein_0376,0.17592592592592593
protein_0192,protein_0377,0.47126436781609193
protein_0192,protein_0378,0.1875
protein_0192,protein_0379,0.11702127659574468
protein_0192,protein_0380,0.11702127659574468
protein_0192,protein_0381,0.11702127659574468
protein_0192,protein_0382,0.25
protein_0192,protein_0383,0.1686746987951807
protein_0192,protein_0384,0.3218390804597701
protein_0192,protein_0385,0.14545454545454545
protein_0192,protein_0386,0.2
protein_0192,protein_0387,0.11428571428571428
protein_0192,protein_0388,0.16666666666666666
protein_0192,protein_0389,0.13953488372093023
protein_0192,protein_0390,0.30337078651685395
protein_0192,protein_0391,0.2247191011235955
protein_0192,protein_0392,0.5280898876404494
protein_0192,protein_0393,0.5393258426966292
protein_0192,protein_0394,0.1565217391304348
protein_0192,protein_0395,0.19148936170212766
protein_0192,protein_0396,0.1271186440677966
protein_0192,protein_0397,0.44047619047619047
protein_0192,protein_0399,0.3448275862068966
protein_0194,protein_0000,0.27586206896551724
protein_0194,protein_0001,0.13793103448275862
protein_0194,protein_0002,0.13636363636363635
protein_0194,protein_0003,0.21839080459770116
protein_0194,protein_0004,0.20689655172413793
protein_0194,protein_0005,0.14285714285714285
protein_0194,protein_0007,0.16304347826086957
protein_0194,protein_0008,0.21568627450980393
protein_0194,protein_0009,0.367816091954023
protein_0194,protein_0011,0.27586206896551724
protein_0194,protein_0012,0.3103448275862069
protein_0194,protein_0013,0.14606741573033707
protein_0194,protein_0014,0.16346153846153846
protein_0194,protein_0015,0.12121212121212122
protein_0194,protein_0016,0.16161616161616163
protein_0194,protein_0018,0.27586206896551724
protein_0194,protein_0019,0.12643678160919541
protein_0194,protein_0020,0.20689655172413793
protein_0194,protein_0021,0.17391304347826086
protein_0194,protein_0022,0.15625
protein_0194,protein_0023,0.14432989690721648
protein_0194,protein_0025,0.2413793103448276
protein_0194,protein_0026,0.15384615384615385
protein_0194,protein_0027,0.13978494623655913
protein_0194,protein_0028,0.0990990990990991
protein_0194,protein_0029,0.17582417582417584
protein_0194,protein_0030,0.15126050420168066
protein_0194,protein_0031,0.16831683168316833
protein_0194,protein_0032,0.24719101123595505
protein_0194,protein_0033,0.3707865168539326
protein_0194,protein_0034,0.27586206896551724
protein_0194,protein_0035,0.1271186440677966
protein_0194,protein_0037,0.25287356321839083
protein_0194,protein_0038,0.25287356321839083
protein_0194,protein_0039,0.38461538461538464
protein_0194,protein_0040,0.12244897959183673
protein_0194,protein_0041,0.20689655172413793
protein_0194,protein_0042,0.15730337078651685
protein_0194,protein_0043,0.20689655172413793
protein_0194,protein_0044,0.2222222222222222
protein_0194,protein_0045,0.2413793103448276
protein_0194,protein_0046,0.17204301075268819
protein_0194,protein_0047,0.27586206896551724
protein_0194,protein_0048,0.26436781609195403
protein_0194,protein_0049,0.32967032967032966
protein_0194,protein_0050,0.14705882352941177
protein_0194,protein_0051,0.15730337078651685
protein_0194,protein_0052,0.1839080459770115
protein_0194,protein_0053,0.2988505747126437
protein_0194,protein_0054,0.16806722689075632
protein_0194,protein_0055,0.11382113821138211
protein_0194,protein_0056,0.1509433962264151
protein_0194,protein_0057,0.1724137931034483
protein_0194,protein_0058,0.10344827586206896
protein_0194,protein_0060,0.1509433962264151
protein_0194,protein_0061,0.18478260869565216
protein_0194,protein_0062,0.22988505747126436
protein_0194,protein_0063,0.09859154929577464
protein_0194,protein_0064,0.2413793103448276
protein_0194,protein_0065,0.21
protein_0194,protein_0066,0.14
protein_0194,protein_0067,0.3218390804597701
protein_0194,protein_0068,0.3103448275862069
protein_0194,protein_0069,0.3409090909090909
protein_0194,protein_0070,0.7692307692307693
protein_0194,protein_0071,0.2413793103448276
protein_0194,protein_0072,0.13978494623655913
protein_0194,protein_0073,0.34831460674157305
protein_0194,protein_0074,0.1595744680851064
protein_0194,protein_0075,0.13131313131313133
protein_0194,protein_0076,0.14942528735632185
protein_0194,protein_0077,0.26436781609195403
protein_0194,protein_0078,0.2072072072072072
protein_0194,protein_0079,0.2072072072072072
protein_0194,protein_0080,0.25555555555555554
protein_0194,protein_0082,0.15966386554621848
protein_0194,protein_0083,0.2988505747126437
protein_0194,protein_0084,0.3333333333333333
protein_0194,protein_0085,0.14423076923076922
protein_0194,protein_0086,0.1346153846153846
protein_0194,protein_0087,0.19101123595505617
protein_0194,protein_0088,0.26436781609195403
protein_0194,protein_0089,0.15254237288135594
protein_0194,protein_0090,0.15254237288135594
protein_0194,protein_0091,0.1532258064516129
protein_0194,protein_0092,0.1532258064516129
protein_0194,protein_0093,0.2988505747126437
protein_0194,protein_0094,0.20689655172413793
protein_0194,protein_0095,0.16101694915254236
protein_0194,protein_0096,0.19230769230769232
protein_0194,protein_0097,0.25287356321839083
protein_0194,protein_0098,0.1839080459770115
protein_0194,protein_0099,0.125
protein_0194,protein_0100,0.14942528735632185
protein_0194,protein_0101,0.28735632183908044
protein_0194,protein_0102,0.30337078651685395
protein_0194,protein_0104,0.168
protein_0194,protein_0105,0.06521739130434782
protein_0194,protein_0106,0.16806722689075632
protein_0194,protein_0107,0.25287356321839083
protein_0194,protein_0108,0.1839080459770115
protein_0194,protein_0110,0.3333333333333333
protein_0194,protein_0112,0.16981132075471697
protein_0194,protein_0113,0.2988505747126437
protein_0194,protein_0114,0.20689655172413793
protein_0194,protein_0115,0.20689655172413793
protein_0194,protein_0116,0.11965811965811966
protein_0194,protein_0117,0.11965811965811966
protein_0194,protein_0118,0.1839080459770115
protein_0194,protein_0120,0.25287356321839083
protein_0194,protein_0121,0.25287356321839083
protein_0194,protein_0122,0.21839080459770116
protein_0194,protein_0123,0.1590909090909091
protein_0194,protein_0124,0.27586206896551724
protein_0194,protein_0125,0.16326530612244897
protein_0194,protein_0126,0.1717171717171717
protein_0194,protein_0127,0.23863636363636365
protein_0194,protein_0128,0.2413793103448276
protein_0194,protein_0129,0.2087912087912088
protein_0194,protein_0130,0.15966386554621848
protein_0194,protein_0131,0.16483516483516483
protein_0194,protein_0132,0.1875
protein_0194,protein_0133,0.1875
protein_0194,protein_0134,0.1839080459770115
protein_0194,protein_0135,0.1839080459770115
protein_0194,protein_0136,0.13445378151260504
protein_0194,protein_0137,0.13333333333333333
protein_0194,protein_0138,0.13333333333333333
protein_0194,protein_0140,0.3218390804597701
protein_0194,protein_0141,0.2413793103448276
protein_0194,protein_0142,0.2988505747126437
protein_0194,protein_0143,0.3333333333333333
protein_0194,protein_0144,0.3333333333333333
protein_0194,protein_0146,0.10344827586206896
protein_0194,protein_0147,0.3068181818181818
protein_0194,protein_0148,0.27586206896551724
protein_0194,protein_0149,0.1590909090909091
protein_0194,protein_0151,0.20430107526881722
protein_0194,protein_0152,0.16129032258064516
protein_0194,protein_0153,0.17777777777777778
protein_0194,protein_0154,0.2
protein_0194,protein_0156,0.15789473684210525
protein_0194,protein_0158,0.16129032258064516
protein_0194,protein_0159,0.22988505747126436
protein_0194,protein_0160,0.29347826086956524
protein_0194,protein_0161,0.1557377049180328
protein_0194,protein_0162,0.1839080459770115
protein_0194,protein_0163,0.13675213675213677
protein_0194,protein_0164,0.16091954022988506
protein_0194,protein_0166,0.19540229885057472
protein_0194,protein_0168,0.14912280701754385
protein_0194,protein_0169,0.1171875
protein_0194,protein_0170,0.22988505747126436
protein_0194,protein_0171,0.3103448275862069
protein_0194,protein_0172,0.1328125
protein_0194,protein_0173,0.25287356321839083
protein_0194,protein_0174,0.2222222222222222
protein_0194,protein_0176,0.13793103448275862
protein_0194,protein_0178,0.11475409836065574
protein_0194,protein_0179,0.1271186440677966
protein_0194,protein_0180,0.19540229885057472
protein_0194,protein_0181,0.3103448275862069
protein_0194,protein_0182,0.19540229885057472
protein_0194,protein_0183,0.1111111111111111
protein_0194,protein_0184,0.19540229885057472
protein_0194,protein_0185,0.15384615384615385
protein_0194,protein_0186,0.13131313131313133
protein_0194,protein_0187,0.23333333333333334
protein_0194,protein_0188,0.14130434782608695
protein_0194,protein_0189,0.2
protein_0194,protein_0190,0.28735632183908044
protein_0194,protein_0191,0.21839080459770116
protein_0194,protein_0193,0.2988505747126437
protein_0194,protein_0195,0.3111111111111111
protein_0194,protein_0197,0.2857142857142857
protein_0194,protein_0198,0.22727272727272727
protein_0194,protein_0199,0.2127659574468085
protein_0194,protein_0200,0.3218390804597701
protein_0194,protein_0201,0.12605042016806722
protein_0194,protein_0202,0.2840909090909091
protein_0194,protein_0203,0.1694915254237288
protein_0194,protein_0204,0.16091954022988506
protein_0194,protein_0205,0.0995260663507109
protein_0194,protein_0206,0.2988505747126437
protein_0194,protein_0207,0.1532258064516129
protein_0194,protein_0208,0.10526315789473684
protein_0194,protein_0209,0.23333333333333334
protein_0194,protein_0210,0.30337078651685395
protein_0194,protein_0211,0.15
protein_0194,protein_0212,0.12643678160919541
protein_0194,protein_0213,0.26436781609195403
protein_0194,protein_0214,0.09195402298850575
protein_0194,protein_0215,0.13829787234042554
protein_0194,protein_0216,0.1368421052631579
protein_0194,protein_0217,0.15384615384615385
protein_0194,protein_0219,0.13445378151260504
protein_0194,protein_0220,0.2391304347826087
protein_0194,protein_0221,0.16091954022988506
protein_0194,protein_0222,0.32967032967032966
protein_0194,protein_0223,0.09195402298850575
protein_0194,protein_0224,0.13829787234042554
protein_0194,protein_0225,0.15555555555555556
protein_0194,protein_0226,0.16666666666666666
protein_0194,protein_0227,0.14772727272727273
protein_0194,protein_0228,0.18947368421052632
protein_0194,protein_0230,0.2222222222222222
protein_0194,protein_0231,0.21839080459770116
protein_0194,protein_0232,0.17777777777777778
protein_0194,protein_0233,0.14615384615384616
protein_0194,protein_0234,0.1919191919191919
protein_0194,protein_0235,0.17708333333333334
protein_0194,protein_0236,0.25287356321839083
protein_0194,protein_0237,0.25287356321839083
protein_0194,protein_0238,0.13286713286713286
protein_0194,protein_0239,0.1839080459770115
protein_0194,protein_0240,0.20689655172413793
protein_0194,protein_0241,0.1839080459770115
protein_0194,protein_0242,0.15730337078651685
protein_0194,protein_0243,0.25287356321839083
protein_0194,protein_0244,0.17045454545454544
protein_0194,protein_0246,0.1595744680851064
protein_0194,protein_0247,0.16304347826086957
protein_0194,protein_0248,0.25287356321839083
protein_0194,protein_0249,0.19540229885057472
protein_0194,protein_0250,0.1724137931034483
protein_0194,protein_0251,0.18
protein_0194,protein_0252,0.1836734693877551
protein_0194,protein_0253,0.14285714285714285
protein_0194,protein_0254,0.13636363636363635
protein_0194,protein_0255,0.12280701754385964
protein_0194,protein_0256,0.13761467889908258
protein_0194,protein_0257,0.12962962962962962
protein_0194,protein_0259,0.16666666666666666
protein_0194,protein_0260,0.16666666666666666
protein_0194,protein_0261,0.17142857142857143
protein_0194,protein_0262,0.14388489208633093
protein_0194,protein_0263,0.16176470588235295
protein_0194,protein_0264,0.21839080459770116
protein_0194,protein_0266,0.14444444444444443
protein_0194,protein_0267,0.2696629213483146
protein_0194,protein_0268,0.1326530612244898
protein_0194,protein_0269,0.09243697478991597
protein_0194,protein_0270,0.10344827586206896
protein_0194,protein_0271,0.13793103448275862
protein_0194,protein_0272,0.31521739130434784
protein_0194,protein_0273,0.3522727272727273
protein_0194,protein_0274,0.2222222222222222
protein_0194,protein_0276,0.21839080459770116
protein_0194,protein_0277,0.18181818181818182
protein_0194,protein_0278,0.2111111111111111
protein_0194,protein_0279,0.23863636363636365
protein_0194,protein_0280,0.20689655172413793
protein_0194,protein_0281,0.13934426229508196
protein_0194,protein_0282,0.18085106382978725
protein_0194,protein_0283,0.11467889908256881
protein_0194,protein_0285,0.3181818181818182
protein_0194,protein_0286,0.16483516483516483
protein_0194,protein_0287,0.1574074074074074
protein_0194,protein_0288,0.21839080459770116
protein_0194,protein_0289,0.15217391304347827
protein_0194,protein_0290,0.10891089108910891
protein_0194,protein_0292,0.14444444444444443
protein_0194,protein_0293,0.25
protein_0194,protein_0294,0.2553191489361702
protein_0194,protein_0295,0.15217391304347827
protein_0194,protein_0296,0.16666666666666666
protein_0194,protein_0297,0.18478260869565216
protein_0194,protein_0298,0.1590909090909091
protein_0194,protein_0299,0.13541666666666666
protein_0194,protein_0300,0.13541666666666666
protein_0194,protein_0301,0.13541666666666666
protein_0194,protein_0302,0.11009174311926606
protein_0194,protein_0303,0.1978021978021978
protein_0194,protein_0304,0.16091954022988506
protein_0194,protein_0305,0.13793103448275862
protein_0194,protein_0306,0.11382113821138211
protein_0194,protein_0308,0.1810344827586207
protein_0194,protein_0309,0.18947368421052632
protein_0194,protein_0310,0.16666666666666666
protein_0194,protein_0312,0.2413793103448276
protein_0194,protein_0313,0.20689655172413793
protein_0194,protein_0314,0.125
protein_0194,protein_0315,0.1440677966101695
protein_0194,protein_0317,0.15
protein_0194,protein_0318,0.16071428571428573
protein_0194,protein_0319,0.27586206896551724
protein_0194,protein_0320,0.1839080459770115
protein_0194,protein_0321,0.2111111111111111
protein_0194,protein_0322,0.2413793103448276
protein_0194,protein_0323,0.2696629213483146
protein_0194,protein_0324,0.13186813186813187
protein_0194,protein_0325,0.1322314049586777
protein_0194,protein_0326,0.14736842105263157
protein_0194,protein_0327,0.2087912087912088
protein_0194,protein_0328,0.10743801652892562
protein_0194,protein_0329,0.10743801652892562
protein_0194,protein_0330,0.25287356321839083
protein_0194,protein_0331,0.17045454545454544
protein_0194,protein_0334,0.2111111111111111
protein_0194,protein_0335,0.16161616161616163
protein_0194,protein_0336,0.17045454545454544
protein_0194,protein_0337,0.22988505747126436
protein_0194,protein_0338,0.2696629213483146
protein_0194,protein_0339,0.1839080459770115
protein_0194,protein_0340,0.13
protein_0194,protein_0341,0.17647058823529413
protein_0194,protein_0342,0.15555555555555556
protein_0194,protein_0343,0.10344827586206896
protein_0194,protein_0344,0.21839080459770116
protein_0194,protein_0345,0.1504424778761062
protein_0194,protein_0346,0.1504424778761062
protein_0194,protein_0348,0.12
protein_0194,protein_0349,0.16831683168316833
protein_0194,protein_0350,0.20689655172413793
protein_0194,protein_0352,0.17777777777777778
protein_0194,protein_0353,0.16666666666666666
protein_0194,protein_0354,0.3218390804597701
protein_0194,protein_0355,0.22988505747126436
protein_0194,protein_0356,0.15789473684210525
protein_0194,protein_0357,0.1111111111111111
protein_0194,protein_0358,0.21839080459770116
protein_0194,protein_0359,0.13445378151260504
protein_0194,protein_0360,0.16091954022988506
protein_0194,protein_0361,0.15966386554621848
protein_0194,protein_0362,0.16091954022988506
protein_0194,protein_0364,0.1724137931034483
protein_0194,protein_0365,0.1724137931034483
protein_0194,protein_0366,0.1724137931034483
protein_0194,protein_0367,0.15
protein_0194,protein_0368,0.16483516483516483
protein_0194,protein_0369,0.15384615384615385
protein_0194,protein_0370,0.21839080459770116
protein_0194,protein_0371,0.21839080459770116
protein_0194,protein_0372,0.0871559633027523
protein_0194,protein_0373,0.13761467889908258
protein_0194,protein_0374,0.17647058823529413
protein_0194,protein_0375,0.26136363636363635
protein_0194,protein_0376,0.18446601941747573
protein_0194,protein_0377,0.20689655172413793
protein_0194,protein_0378,0.11666666666666667
protein_0194,protein_0379,0.20192307692307693
protein_0194,protein_0380,0.20192307692307693
protein_0194,protein_0381,0.20192307692307693
protein_0194,protein_0382,0.21839080459770116
protein_0194,protein_0383,0.13793103448275862
protein_0194,protein_0384,0.33707865168539325
protein_0194,protein_0385,0.1111111111111111
protein_0194,protein_0386,0.1485148514851485
protein_0194,protein_0387,0.17857142857142858
protein_0194,protein_0388,0.1827956989247312
protein_0194,protein_0389,0.13333333333333333
protein_0194,protein_0390,0.2988505747126437
protein_0194,protein_0391,0.1956521739130435
protein_0194,protein_0392,0.21839080459770116
protein_0194,protein_0393,0.21839080459770116
protein_0194,protein_0394,0.125
protein_0194,protein_0395,0.2087912087912088
protein_0194,protein_0396,0.140625
protein_0194,protein_0397,0.1839080459770115
protein_0194,protein_0399,0.25287356321839083
protein_0196,protein_0000,0.3333333333333333
protein_0196,protein_0001,0.16091954022988506
protein_0196,protein_0002,0.1875
protein_0196,protein_0003,0.34831460674157305
protein_0196,protein_0004,0.3333333333333333
protein_0196,protein_0005,0.15789473684210525
protein_0196,protein_0007,0.15555555555555556
protein_0196,protein_0008,0.19047619047619047
protein_0196,protein_0009,0.3103448275862069
protein_0196,protein_0011,0.5057471264367817
protein_0196,protein_0012,0.4942528735632184
protein_0196,protein_0013,0.11494252873563218
protein_0196,protein_0014,0.1619047619047619
protein_0196,protein_0015,0.14
protein_0196,protein_0016,0.16346153846153846
protein_0196,protein_0018,0.3103448275862069
protein_0196,protein_0019,0.1724137931034483
protein_0196,protein_0020,0.3333333333333333
protein_0196,protein_0021,0.15789473684210525
protein_0196,protein_0022,0.15841584158415842
protein_0196,protein_0023,0.14432989690721648
protein_0196,protein_0025,0.3218390804597701
protein_0196,protein_0026,0.10416666666666667
protein_0196,protein_0027,0.18478260869565216
protein_0196,protein_0028,0.19090909090909092
protein_0196,protein_0029,0.1839080459770115
protein_0196,protein_0030,0.15126050420168066
protein_0196,protein_0031,0.17
protein_0196,protein_0032,0.28735632183908044
protein_0196,protein_0033,0.45977011494252873
protein_0196,protein_0034,0.5172413793103449
protein_0196,protein_0035,0.10784313725490197
protein_0196,protein_0037,0.22988505747126436
protein_0196,protein_0038,0.22988505747126436
protein_0196,protein_0039,0.28735632183908044
protein_0196,protein_0040,0.16129032258064516
protein_0196,protein_0041,0.2988505747126437
protein_0196,protein_0042,0.19540229885057472
protein_0196,protein_0043,0.26436781609195403
protein_0196,protein_0044,0.2413793103448276
protein_0196,protein_0045,0.3448275862068966
protein_0196,protein_0046,0.14444444444444443
protein_0196,protein_0047,0.42528735632183906
protein_0196,protein_0048,0.45977011494252873
protein_0196,protein_0049,0.4431818181818182
protein_0196,protein_0050,0.15841584158415842
protein_0196,protein_0051,0.14942528735632185
protein_0196,protein_0052,0.28735632183908044
protein_0196,protein_0053,0.3333333333333333
protein_0196,protein_0054,0.125
protein_0196,protein_0055,0.15126050420168066
protein_0196,protein_0056,0.14953271028037382
protein_0196,protein_0057,0.14606741573033707
protein_0196,protein_0058,0.13793103448275862
protein_0196,protein_0060,0.1559633027522936
protein_0196,protein_0061,0.2
protein_0196,protein_0062,0.2988505747126437
protein_0196,protein_0063,0.107981220657277
protein_0196,protein_0064,0.28735632183908044
protein_0196,protein_0065,0.14705882352941177
protein_0196,protein_0066,0.10679611650485436
protein_0196,protein_0067,0.4367816091954023
protein_0196,protein_0068,0.3218390804597701
protein_0196,protein_0069,0.4659090909090909
protein_0196,protein_0070,0.2988505747126437
protein_0196,protein_0071,0.3103448275862069
protein_0196,protein_0072,0.14942528735632185
protein_0196,protein_0073,0.3103448275862069
protein_0196,protein_0074,0.22448979591836735
protein_0196,protein_0075,0.13541666666666666
protein_0196,protein_0076,0.16129032258064516
protein_0196,protein_0077,0.4431818181818182
protein_0196,protein_0078,0.125
protein_0196,protein_0079,0.125
protein_0196,protein_0080,0.3103448275862069
protein_0196,protein_0082,0.11320754716981132
protein_0196,protein_0083,0.47126436781609193
protein_0196,protein_0084,0.3448275862068966
protein_0196,protein_0085,0.11320754716981132
protein_0196,protein_0086,0.10679611650485436
protein_0196,protein_0087,0.13793103448275862
protein_0196,protein_0088,0.28735632183908044
protein_0196,protein_0089,0.11965811965811966
protein_0196,protein_0090,0.11965811965811966
protein_0196,protein_0091,0.1565217391304348
protein_0196,protein_0092,0.1565217391304348
protein_0196,protein_0093,0.4606741573033708
protein_0196,protein_0094,0.15789473684210525
protein_0196,protein_0095,0.11965811965811966
protein_0196,protein_0096,0.1588785046728972
protein_0196,protein_0097,0.3563218390804598
protein_0196,protein_0098,0.3146067415730337
protein_0196,protein_0099,0.1262135922330097
protein_0196,protein_0100,0.1724137931034483
protein_0196,protein_0101,0.3103448275862069
protein_0196,protein_0102,0.28735632183908044
protein_0196,protein_0104,0.16101694915254236
protein_0196,protein_0105,0.11956521739130435
protein_0196,protein_0106,0.15254237288135594
protein_0196,protein_0107,0.3103448275862069
protein_0196,protein_0108,0.23333333333333334
protein_0196,protein_0110,0.42528735632183906
protein_0196,protein_0112,0.13592233009708737
protein_0196,protein_0113,0.47126436781609193
protein_0196,protein_0114,0.27586206896551724
protein_0196,protein_0115,0.25287356321839083
protein_0196,protein_0116,0.13559322033898305
protein_0196,protein_0117,0.13559322033898305
protein_0196,protein_0118,0.18181818181818182
protein_0196,protein_0120,0.3448275862068966
protein_0196,protein_0121,0.3448275862068966
protein_0196,protein_0122,0.21839080459770116
protein_0196,protein_0123,0.12643678160919541
protein_0196,protein_0124,0.3448275862068966
protein_0196,protein_0125,0.125
protein_0196,protein_0126,0.1792452830188679
protein_0196,protein_0127,0.3103448275862069
protein_0196,protein_0128,0.3103448275862069
protein_0196,protein_0129,0.20689655172413793
protein_0196,protein_0130,0.1487603305785124
protein_0196,protein_0131,0.14606741573033707
protein_0196,protein_0132,0.17857142857142858
protein_0196,protein_0133,0.17857142857142858
protein_0196,protein_0134,0.3333333333333333
protein_0196,protein_0135,0.26436781609195403
protein_0196,protein_0136,0.14285714285714285
protein_0196,protein_0137,0.15702479338842976
protein_0196,protein_0138,0.15702479338842976
protein_0196,protein_0140,0.48314606741573035
protein_0196,protein_0141,0.21839080459770116
protein_0196,protein_0142,0.4367816091954023
protein_0196,protein_0143,0.3448275862068966
protein_0196,protein_0144,0.3448275862068966
protein_0196,protein_0146,0.14772727272727273
protein_0196,protein_0147,0.367816091954023
protein_0196,protein_0148,0.3333333333333333
protein_0196,protein_0149,0.17045454545454544
protein_0196,protein_0151,0.22580645161290322
protein_0196,protein_0152,0.1590909090909091
protein_0196,protein_0153,0.21739130434782608
protein_0196,protein_0154,0.2087912087912088
protein_0196,protein_0156,0.13559322033898305
protein_0196,protein_0158,0.12643678160919541
protein_0196,protein_0159,0.3522727272727273
protein_0196,protein_0160,0.3218390804597701
protein_0196,protein_0161,0.136
protein_0196,protein_0162,0.3103448275862069
protein_0196,protein_0163,0.12264150943396226
protein_0196,protein_0164,0.28735632183908044
protein_0196,protein_0166,0.27586206896551724
protein_0196,protein_0168,0.11764705882352941
protein_0196,protein_0169,0.1487603305785124
protein_0196,protein_0170,0.3218390804597701
protein_0196,protein_0171,0.3218390804597701
protein_0196,protein_0172,0.15126050420168066
protein_0196,protein_0173,0.367816091954023
protein_0196,protein_0174,0.3333333333333333
protein_0196,protein_0176,0.18947368421052632
protein_0196,protein_0178,0.11504424778761062
protein_0196,protein_0179,0.1415929203539823
protein_0196,protein_0180,0.25287356321839083
protein_0196,protein_0181,0.41379310344827586
protein_0196,protein_0182,0.3793103448275862
protein_0196,protein_0183,0.1504424778761062
protein_0196,protein_0184,0.3103448275862069
protein_0196,protein_0185,0.16326530612244897
protein_0196,protein_0186,0.19298245614035087
protein_0196,protein_0187,0.3218390804597701
protein_0196,protein_0188,0.18181818181818182
protein_0196,protein_0189,0.3409090909090909
protein_0196,protein_0190,0.42528735632183906
protein_0196,protein_0191,0.27586206896551724
protein_0196,protein_0193,0.36363636363636365
protein_0196,protein_0195,0.8390804597701149
protein_0196,protein_0197,0.4942528735632184
protein_0196,protein_0198,0.2988505747126437
protein_0196,protein_0199,0.22826086956521738
protein_0196,protein_0200,0.42528735632183906
protein_0196,protein_0201,0.11320754716981132
protein_0196,protein_0202,0.3103448275862069
protein_0196,protein_0203,0.1111111111111111
protein_0196,protein_0204,0.17582417582417584
protein_0196,protein_0205,0.11574074074074074
protein_0196,protein_0206,0.4942528735632184
protein_0196,protein_0207,0.09243697478991597
protein_0196,protein_0208,0.16346153846153846
protein_0196,protein_0209,0.2413793103448276
protein_0196,protein_0210,0.3103448275862069
protein_0196,protein_0211,0.16964285714285715
protein_0196,protein_0212,0.16853932584269662
protein_0196,protein_0213,0.39080459770114945
protein_0196,protein_0214,0.12087912087912088
protein_0196,protein_0215,0.15053763440860216
protein_0196,protein_0216,0.12244897959183673
protein_0196,protein_0217,0.15789473684210525
protein_0196,protein_0219,0.12295081967213115
protein_0196,protein_0220,0.28735632183908044
protein_0196,protein_0221,0.1111111111111111
protein_0196,protein_0222,0.4482758620689655
protein_0196,protein_0223,0.13793103448275862
protein_0196,protein_0224,0.14942528735632185
protein_0196,protein_0225,0.12222222222222222
protein_0196,protein_0226,0.13402061855670103
protein_0196,protein_0227,0.1724137931034483
protein_0196,protein_0228,0.20652173913043478
protein_0196,protein_0230,0.21978021978021978
protein_0196,protein_0231,0.3595505617977528
protein_0196,protein_0232,0.19318181818181818
protein_0196,protein_0233,0.1590909090909091
protein_0196,protein_0234,0.17475728155339806
protein_0196,protein_0235,0.15625
protein_0196,protein_0236,0.4367816091954023
protein_0196,protein_0237,0.4367816091954023
protein_0196,protein_0238,0.16417910447761194
protein_0196,protein_0239,0.3448275862068966
protein_0196,protein_0240,0.3448275862068966
protein_0196,protein_0241,0.3103448275862069
protein_0196,protein_0242,0.14942528735632185
protein_0196,protein_0243,0.3333333333333333
protein_0196,protein_0244,0.1839080459770115
protein_0196,protein_0246,0.14285714285714285
protein_0196,protein_0247,0.1978021978021978
protein_0196,protein_0248,0.3218390804597701
protein_0196,protein_0249,0.32954545454545453
protein_0196,protein_0250,0.16666666666666666
protein_0196,protein_0251,0.20618556701030927
protein_0196,protein_0252,0.15789473684210525
protein_0196,protein_0253,0.11504424778761062
protein_0196,protein_0254,0.15217391304347827
protein_0196,protein_0255,0.10982658959537572
protein_0196,protein_0256,0.1509433962264151
protein_0196,protein_0257,0.14814814814814814
protein_0196,protein_0259,0.17045454545454544
protein_0196,protein_0260,0.17045454545454544
protein_0196,protein_0261,0.12380952380952381
protein_0196,protein_0262,0.15555555555555556
protein_0196,protein_0263,0.125
protein_0196,protein_0264,0.3103448275862069
protein_0196,protein_0266,0.22549019607843138
protein_0196,protein_0267,0.20408163265306123
protein_0196,protein_0268,0.11363636363636363
protein_0196,protein_0269,0.1452991452991453
protein_0196,protein_0270,0.13793103448275862
protein_0196,protein_0271,0.15217391304347827
protein_0196,protein_0272,0.4827586206896552
protein_0196,protein_0273,0.4942528735632184
protein_0196,protein_0274,0.23655913978494625
protein_0196,protein_0276,0.28735632183908044
protein_0196,protein_0277,0.14942528735632185
protein_0196,protein_0278,0.28888888888888886
protein_0196,protein_0279,0.28735632183908044
protein_0196,protein_0280,0.2413793103448276
protein_0196,protein_0281,0.11607142857142858
protein_0196,protein_0282,0.16853932584269662
protein_0196,protein_0283,0.10550458715596331
protein_0196,protein_0285,0.5287356321839081
protein_0196,protein_0286,0.1590909090909091
protein_0196,protein_0287,0.17592592592592593
protein_0196,protein_0288,0.2988505747126437
protein_0196,protein_0289,0.14583333333333334
protein_0196,protein_0290,0.16831683168316833
protein_0196,protein_0292,0.14942528735632185
protein_0196,protein_0293,0.2391304347826087
protein_0196,protein_0294,0.19540229885057472
protein_0196,protein_0295,0.1724137931034483
protein_0196,protein_0296,0.13274336283185842
protein_0196,protein_0297,0.15555555555555556
protein_0196,protein_0298,0.16129032258064516
protein_0196,protein_0299,0.16666666666666666
protein_0196,protein_0300,0.16666666666666666
protein_0196,protein_0301,0.16666666666666666
protein_0196,protein_0302,0.14220183486238533
protein_0196,protein_0303,0.21348314606741572
protein_0196,protein_0304,0.13829787234042554
protein_0196,protein_0305,0.2
protein_0196,protein_0306,0.15126050420168066
protein_0196,protein_0308,0.2
protein_0196,protein_0309,0.14736842105263157
protein_0196,protein_0310,0.18518518518518517
protein_0196,protein_0312,0.42045454545454547
protein_0196,protein_0313,0.20689655172413793
protein_0196,protein_0314,0.09433962264150944
protein_0196,protein_0315,0.16071428571428573
protein_0196,protein_0317,0.0970873786407767
protein_0196,protein_0318,0.12389380530973451
protein_0196,protein_0319,0.5057471264367817
protein_0196,protein_0320,0.32954545454545453
protein_0196,protein_0321,0.23333333333333334
protein_0196,protein_0322,0.24719101123595505
protein_0196,protein_0323,0.27586206896551724
protein_0196,protein_0324,0.10344827586206896
protein_0196,protein_0325,0.1282051282051282
protein_0196,protein_0326,0.15217391304347827
protein_0196,protein_0327,0.2988505747126437
protein_0196,protein_0328,0.1452991452991453
protein_0196,protein_0329,0.1452991452991453
protein_0196,protein_0330,0.4482758620689655
protein_0196,protein_0331,0.19540229885057472
protein_0196,protein_0334,0.2872340425531915
protein_0196,protein_0335,0.16666666666666666
protein_0196,protein_0336,0.13333333333333333
protein_0196,protein_0337,0.3763440860215054
protein_0196,protein_0338,0.27586206896551724
protein_0196,protein_0339,0.14942528735632185
protein_0196,protein_0340,0.16964285714285715
protein_0196,protein_0341,0.19607843137254902
protein_0196,protein_0342,0.09195402298850575
protein_0196,protein_0343,0.19387755102040816
protein_0196,protein_0344,0.3333333333333333
protein_0196,protein_0345,0.18548387096774194
protein_0196,protein_0346,0.18548387096774194
protein_0196,protein_0348,0.13533834586466165
protein_0196,protein_0349,0.1650485436893204
protein_0196,protein_0350,0.3333333333333333
protein_0196,protein_0352,0.12643678160919541
protein_0196,protein_0353,0.14782608695652175
protein_0196,protein_0354,0.2413793103448276
protein_0196,protein_0355,0.37777777777777777
protein_0196,protein_0356,0.14606741573033707
protein_0196,protein_0357,0.15833333333333333
protein_0196,protein_0358,0.3218390804597701
protein_0196,protein_0359,0.14166666666666666
protein_0196,protein_0360,0.27586206896551724
protein_0196,protein_0361,0.1111111111111111
protein_0196,protein_0362,0.21052631578947367
protein_0196,protein_0364,0.21052631578947367
protein_0196,protein_0365,0.1978021978021978
protein_0196,protein_0366,0.1978021978021978
protein_0196,protein_0367,0.18269230769230768
protein_0196,protein_0368,0.15730337078651685
protein_0196,protein_0369,0.08045977011494253
protein_0196,protein_0370,0.3333333333333333
protein_0196,protein_0371,0.3522727272727273
protein_0196,protein_0372,0.09174311926605505
protein_0196,protein_0373,0.14563106796116504
protein_0196,protein_0374,0.21367521367521367
protein_0196,protein_0375,0.28735632183908044
protein_0196,protein_0376,0.1619047619047619
protein_0196,protein_0377,0.28735632183908044
protein_0196,protein_0378,0.16071428571428573
protein_0196,protein_0379,0.17592592592592593
protein_0196,protein_0380,0.17592592592592593
protein_0196,protein_0381,0.17592592592592593
protein_0196,protein_0382,0.20689655172413793
protein_0196,protein_0383,0.15730337078651685
protein_0196,protein_0384,0.3103448275862069
protein_0196,protein_0385,0.17699115044247787
protein_0196,protein_0386,0.13131313131313133
protein_0196,protein_0387,0.17307692307692307
protein_0196,protein_0388,0.13333333333333333
protein_0196,protein_0389,0.1262135922330097
protein_0196,protein_0390,0.42528735632183906
protein_0196,protein_0391,0.2222222222222222
protein_0196,protein_0392,0.3103448275862069
protein_0196,protein_0393,0.3103448275862069
protein_0196,protein_0394,0.1391304347826087
protein_0196,protein_0395,0.22916666666666666
protein_0196,protein_0396,0.17543859649122806
protein_0196,protein_0397,0.26436781609195403
protein_0196,protein_0399,0.3793103448275862
protein_0218,protein_0000,0.112
protein_0218,protein_0001,0.104
protein_0218,protein_0002,0.144
protein_0218,protein_0003,0.1937984496124031
protein_0218,protein_0004,0.16535433070866143
protein_0218,protein_0005,0.12121212121212122
protein_0218,protein_0007,0.144
protein_0218,protein_0008,0.14728682170542637
protein_0218,protein_0009,0.112
protein_0218,protein_0011,0.144
protein_0218,protein_0012,0.13740458015267176
protein_0218,protein_0013,0.1328125
protein_0218,protein_0014,0.15625
protein_0218,protein_0015,0.1347517730496454
protein_0218,protein_0016,0.13970588235294118
protein_0218,protein_0018,0.18518518518518517
protein_0218,protein_0019,0.176
protein_0218,protein_0020,0.13533834586466165
protein_0218,protein_0021,0.16
protein_0218,protein_0022,0.136
protein_0218,protein_0023,0.1328125
protein_0218,protein_0025,0.144
protein_0218,protein_0026,0.2923076923076923
protein_0218,protein_0027,0.18110236220472442
protein_0218,protein_0028,0.1640625
protein_0218,protein_0029,0.12
protein_0218,protein_0030,0.17293233082706766
protein_0218,protein_0031,0.15217391304347827
protein_0218,protein_0032,0.16666666666666666
protein_0218,protein_0033,0.144
protein_0218,protein_0034,0.14925373134328357
protein_0218,protein_0035,0.15625
protein_0218,protein_0037,0.15671641791044777
protein_0218,protein_0038,0.15671641791044777
protein_0218,protein_0039,0.136
protein_0218,protein_0040,0.08661417322834646
protein_0218,protein_0041,0.17142857142857143
protein_0218,protein_0042,0.136
protein_0218,protein_0043,0.152
protein_0218,protein_0044,0.128
protein_0218,protein_0045,0.184
protein_0218,protein_0046,0.136
protein_0218,protein_0047,0.1417910447761194
protein_0218,protein_0048,0.16176470588235295
protein_0218,protein_0049,0.16
protein_0218,protein_0050,0.136
protein_0218,protein_0051,0.152
protein_0218,protein_0052,0.13768115942028986
protein_0218,protein_0053,0.16666666666666666
protein_0218,protein_0054,0.14189189189189189
protein_0218,protein_0055,0.19424460431654678
protein_0218,protein_0056,0.14615384615384616
protein_0218,protein_0057,0.14173228346456693
protein_0218,protein_0058,0.128
protein_0218,protein_0060,0.2
protein_0218,protein_0061,0.18115942028985507
protein_0218,protein_0062,0.14388489208633093
protein_0218,protein_0063,0.15348837209302327
protein_0218,protein_0064,0.14285714285714285
protein_0218,protein_0065,0.14893617021276595
protein_0218,protein_0066,0.11940298507462686
protein_0218,protein_0067,0.15079365079365079
protein_0218,protein_0068,0.16666666666666666
protein_0218,protein_0069,0.1865671641791045
protein_0218,protein_0070,0.16279069767441862
protein_0218,protein_0071,0.15873015873015872
protein_0218,protein_0072,0.136
protein_0218,protein_0073,0.145985401459854
protein_0218,protein_0074,0.17054263565891473
protein_0218,protein_0075,0.1450381679389313
protein_0218,protein_0076,0.144
protein_0218,protein_0077,0.128
protein_0218,protein_0078,0.18115942028985507
protein_0218,protein_0079,0.18115942028985507
protein_0218,protein_0080,0.14705882352941177
protein_0218,protein_0082,0.18110236220472442
protein_0218,protein_0083,0.14173228346456693
protein_0218,protein_0084,0.144
protein_0218,protein_0085,0.18045112781954886
protein_0218,protein_0086,0.13432835820895522
protein_0218,protein_0087,0.128
protein_0218,protein_0088,0.1746031746031746
protein_0218,protein_0089,0.19696969696969696
protein_0218,protein_0090,0.18796992481203006
protein_0218,protein_0091,0.16546762589928057
protein_0218,protein_0092,0.16546762589928057
protein_0218,protein_0093,0.144
protein_0218,protein_0094,0.17391304347826086
protein_0218,protein_0095,0.20610687022900764
protein_0218,protein_0096,0.14925373134328357
protein_0218,protein_0097,0.15555555555555556
protein_0218,protein_0098,0.1746031746031746
protein_0218,protein_0099,0.18604651162790697
protein_0218,protein_0100,0.144
protein_0218,protein_0101,0.145985401459854
protein_0218,protein_0102,0.18518518518518517
protein_0218,protein_0104,0.16176470588235295
protein_0218,protein_0105,0.096
protein_0218,protein_0106,0.1732283464566929
protein_0218,protein_0107,0.1746031746031746
protein_0218,protein_0108,0.16666666666666666
protein_0218,protein_0110,0.203125
protein_0218,protein_0112,0.14925373134328357
protein_0218,protein_0113,0.1349206349206349
protein_0218,protein_0114,0.14285714285714285
protein_0218,protein_0115,0.1171875
protein_0218,protein_0116,0.19402985074626866
protein_0218,protein_0117,0.19402985074626866
protein_0218,protein_0118,0.136
protein_0218,protein_0120,0.088
protein_0218,protein_0121,0.088
protein_0218,protein_0122,0.16030534351145037
protein_0218,protein_0123,0.136
protein_0218,protein_0124,0.104
protein_0218,protein_0125,0.14814814814814814
protein_0218,protein_0126,0.15
protein_0218,protein_0127,0.15217391304347827
protein_0218,protein_0128,0.096
protein_0218,protein_0129,0.13076923076923078
protein_0218,protein_0130,0.19083969465648856
protein_0218,protein_0131,0.1076923076923077
protein_0218,protein_0132,0.16541353383458646
protein_0218,protein_0133,0.16541353383458646
protein_0218,protein_0134,0.15079365079365079
protein_0218,protein_0135,0.16058394160583941
protein_0218,protein_0136,0.17006802721088435
protein_0218,protein_0137,0.16666666666666666
protein_0218,protein_0138,0.16666666666666666
protein_0218,protein_0140,0.152
protein_0218,protein_0141,0.171875
protein_0218,protein_0142,0.18705035971223022
protein_0218,protein_0143,0.136
protein_0218,protein_0144,0.12
protein_0218,protein_0146,0.112
protein_0218,protein_0147,0.12
protein_0218,protein_0148,0.12
protein_0218,protein_0149,0.12
protein_0218,protein_0151,0.16030534351145037
protein_0218,protein_0152,0.12
protein_0218,protein_0153,0.140625
protein_0218,protein_0154,0.13385826771653545
protein_0218,protein_0156,0.1968503937007874
protein_0218,protein_0158,0.14615384615384616
protein_0218,protein_0159,0.15079365079365079
protein_0218,protein_0160,0.12
protein_0218,protein_0161,0.16216216216216217
protein_0218,protein_0162,0.13846153846153847
protein_0218,protein_0163,0.1349206349206349
protein_0218,protein_0164,0.14925373134328357
protein_0218,protein_0166,0.15267175572519084
protein_0218,protein_0168,0.1796875
protein_0218,protein_0169,0.16025641025641027
protein_0218,protein_0170,0.104
protein_0218,protein_0171,0.15748031496062992
protein_0218,protein_0172,0.16312056737588654
protein_0218,protein_0173,0.11627906976744186
protein_0218,protein_0174,0.12
protein_0218,protein_0176,0.11904761904761904
protein_0218,protein_0178,0.14393939393939395
protein_0218,protein_0179,0.12121212121212122
protein_0218,protein_0180,0.17391304347826086
protein_0218,protein_0181,0.1590909090909091
protein_0218,protein_0182,0.136
protein_0218,protein_0183,0.14393939393939395
protein_0218,protein_0184,0.1349206349206349
protein_0218,protein_0185,0.1349206349206349
protein_0218,protein_0186,0.15151515151515152
protein_0218,protein_0187,0.112
protein_0218,protein_0188,0.13385826771653545
protein_0218,protein_0189,0.14925373134328357
protein_0218,protein_0190,0.15748031496062992
protein_0218,protein_0191,0.17518248175182483
protein_0218,protein_0193,0.14925373134328357
protein_0218,protein_0195,0.14285714285714285
protein_0218,protein_0197,0.1590909090909091
protein_0218,protein_0198,0.14285714285714285
protein_0218,protein_0199,0.13768115942028986
protein_0218,protein_0200,0.1953125
protein_0218,protein_0201,0.14728682170542637
protein_0218,protein_0202,0.13178294573643412
protein_0218,protein_0203,0.12142857142857143
protein_0218,protein_0204,0.1328125
protein_0218,protein_0205,0.17757009345794392
protein_0218,protein_0206,0.1297709923664122
protein_0218,protein_0207,0.13636363636363635
protein_0218,protein_0208,0.15492957746478872
protein_0218,protein_0209,0.16
protein_0218,protein_0210,0.10852713178294573
protein_0218,protein_0211,0.17266187050359713
protein_0218,protein_0212,0.112
protein_0218,protein_0213,0.128
protein_0218,protein_0214,0.09375
protein_0218,protein_0215,0.12403100775193798
protein_0218,protein_0216,0.16296296296296298
protein_0218,protein_0217,0.15873015873015872
protein_0218,protein_0219,0.13768115942028986
protein_0218,protein_0220,0.14960629921259844
protein_0218,protein_0221,0.11627906976744186
protein_0218,protein_0222,0.16
protein_0218,protein_0223,0.11904761904761904
protein_0218,protein_0224,0.136
protein_0218,protein_0225,0.1796875
protein_0218,protein_0226,0.16
protein_0218,protein_0227,0.144
protein_0218,protein_0228,0.16666666666666666
protein_0218,protein_0230,0.109375
protein_0218,protein_0231,0.13953488372093023
protein_0218,protein_0232,0.12
protein_0218,protein_0233,0.31496062992125984
protein_0218,protein_0234,0.2125984251968504
protein_0218,protein_0235,0.1968503937007874
protein_0218,protein_0236,0.1610738255033557
protein_0218,protein_0237,0.1610738255033557
protein_0218,protein_0238,0.145985401459854
protein_0218,protein_0239,0.0916030534351145
protein_0218,protein_0240,0.112
protein_0218,protein_0241,0.09375
protein_0218,protein_0242,0.12
protein_0218,protein_0243,0.12
protein_0218,protein_0244,0.13953488372093023
protein_0218,protein_0246,0.144
protein_0218,protein_0247,0.1640625
protein_0218,protein_0248,0.104
protein_0218,protein_0249,0.152
protein_0218,protein_0250,0.15503875968992248
protein_0218,protein_0251,0.144
protein_0218,protein_0252,0.14960629921259844
protein_0218,protein_0253,0.18181818181818182
protein_0218,protein_0254,0.136
protein_0218,protein_0255,0.15789473684210525
protein_0218,protein_0256,0.18796992481203006
protein_0218,protein_0257,0.18796992481203006
protein_0218,protein_0259,0.128
protein_0218,protein_0260,0.128
protein_0218,protein_0261,0.15555555555555556
protein_0218,protein_0262,0.34074074074074073
protein_0218,protein_0263,0.3382352941176471
protein_0218,protein_0264,0.128
protein_0218,protein_0266,0.144
protein_0218,protein_0267,0.15503875968992248
protein_0218,protein_0268,0.144
protein_0218,protein_0269,0.14864864864864866
protein_0218,protein_0270,0.1349206349206349
protein_0218,protein_0271,0.12
protein_0218,protein_0272,0.16049382716049382
protein_0218,protein_0273,0.1592356687898089
protein_0218,protein_0274,0.14492753623188406
protein_0218,protein_0276,0.1746031746031746
protein_0218,protein_0277,0.11904761904761904
protein_0218,protein_0278,0.2
protein_0218,protein_0279,0.176
protein_0218,protein_0280,0.12598425196850394
protein_0218,protein_0281,0.17037037037037037
protein_0218,protein_0282,0.104
protein_0218,protein_0283,0.1583710407239819
protein_0218,protein_0285,0.136
protein_0218,protein_0286,0.15079365079365079
protein_0218,protein_0287,0.11278195488721804
protein_0218,protein_0288,0.11538461538461539
protein_0218,protein_0289,0.12698412698412698
protein_0218,protein_0290,0.13768115942028986
protein_0218,protein_0292,0.152
protein_0218,protein_0293,0.15217391304347827
protein_0218,protein_0294,0.183206106870229
protein_0218,protein_0295,0.136
protein_0218,protein_0296,0.1984732824427481
protein_0218,protein_0297,0.12
protein_0218,protein_0298,0.12
protein_0218,protein_0299,0.14285714285714285
protein_0218,protein_0300,0.15625
protein_0218,protein_0301,0.15625
protein_0218,protein_0302,0.13839285714285715
protein_0218,protein_0303,0.16535433070866143
protein_0218,protein_0304,0.13076923076923078
protein_0218,protein_0305,0.16030534351145037
protein_0218,protein_0306,0.19424460431654678
protein_0218,protein_0308,0.13333333333333333
protein_0218,protein_0309,0.152
protein_0218,protein_0310,0.15748031496062992
protein_0218,protein_0312,0.128
protein_0218,protein_0313,0.21804511278195488
protein_0218,protein_0314,0.1450381679389313
protein_0218,protein_0315,0.11851851851851852
protein_0218,protein_0317,0.15942028985507245
protein_0218,protein_0318,0.17054263565891473
protein_0218,protein_0319,0.144
protein_0218,protein_0320,0.144
protein_0218,protein_0321,0.1510791366906475
protein_0218,protein_0322,0.17054263565891473
protein_0218,protein_0323,0.12
protein_0218,protein_0324,0.12698412698412698
protein_0218,protein_0325,0.20454545454545456
protein_0218,protein_0326,0.15873015873015872
protein_0218,protein_0327,0.13740458015267176
protein_0218,protein_0328,0.17985611510791366
protein_0218,protein_0329,0.17985611510791366
protein_0218,protein_0330,0.136
protein_0218,protein_0331,0.12
protein_0218,protein_0334,0.13043478260869565
protein_0218,protein_0335,0.16793893129770993
protein_0218,protein_0336,0.12698412698412698
protein_0218,protein_0337,0.18253968253968253
protein_0218,protein_0338,0.15151515151515152
protein_0218,protein_0339,0.12698412698412698
protein_0218,protein_0340,0.17985611510791366
protein_0218,protein_0341,0.19230769230769232
protein_0218,protein_0342,0.104
protein_0218,protein_0343,0.128
protein_0218,protein_0344,0.152
protein_0218,protein_0345,0.18181818181818182
protein_0218,protein_0346,0.18181818181818182
protein_0218,protein_0348,0.17006802721088435
protein_0218,protein_0349,0.14960629921259844
protein_0218,protein_0350,0.145985401459854
protein_0218,protein_0352,0.136
protein_0218,protein_0353,0.17054263565891473
protein_0218,protein_0354,0.1349206349206349
protein_0218,protein_0355,0.19205298013245034
protein_0218,protein_0356,0.12403100775193798
protein_0218,protein_0357,0.14965986394557823
protein_0218,protein_0358,0.136
protein_0218,protein_0359,0.12857142857142856
protein_0218,protein_0360,0.17164179104477612
protein_0218,protein_0361,0.15441176470588236
protein_0218,protein_0362,0.16279069767441862
protein_0218,protein_0364,0.1875
protein_0218,protein_0365,0.18604651162790697
protein_0218,protein_0366,0.18604651162790697
protein_0218,protein_0367,0.15748031496062992
protein_0218,protein_0368,0.112
protein_0218,protein_0369,0.104
protein_0218,protein_0370,0.152
protein_0218,protein_0371,0.18382352941176472
protein_0218,protein_0372,0.1504424778761062
protein_0218,protein_0373,0.12121212121212122
protein_0218,protein_0374,0.22058823529411764
protein_0218,protein_0375,0.136
protein_0218,protein_0376,0.144
protein_0218,protein_0377,0.1484375
protein_0218,protein_0378,0.15079365079365079
protein_0218,protein_0379,0.16541353383458646
protein_0218,protein_0380,0.16541353383458646
protein_0218,protein_0381,0.16541353383458646
protein_0218,protein_0382,0.2
protein_0218,protein_0383,0.140625
protein_0218,protein_0384,0.184
protein_0218,protein_0385,0.15602836879432624
protein_0218,protein_0386,0.16923076923076924
protein_0218,protein_0387,0.18253968253968253
protein_0218,protein_0388,0.14925373134328357
protein_0218,protein_0389,0.16
protein_0218,protein_0390,0.144
protein_0218,protein_0391,0.168
protein_0218,protein_0392,0.144
protein_0218,protein_0393,0.136
protein_0218,protein_0394,0.109375
protein_0218,protein_0395,0.14388489208633093
protein_0218,protein_0396,0.19402985074626866
protein_0218,protein_0397,0.176
protein_0218,protein_0399,0.12
protein_0229,protein_0000,0.1348314606741573
protein_0229,protein_0001,0.13414634146341464
protein_0229,protein_0002,0.21951219512195122
protein_0229,protein_0003,0.1875
protein_0229,protein_0004,0.13636363636363635
protein_0229,protein_0005,0.23809523809523808
protein_0229,protein_0007,0.18292682926829268
protein_0229,protein_0008,0.16
protein_0229,protein_0009,0.125
protein_0229,protein_0011,0.1590909090909091
protein_0229,protein_0012,0.13636363636363635
protein_0229,protein_0013,0.2441860465116279
protein_0229,protein_0014,0.18181818181818182
protein_0229,protein_0015,0.1717171717171717
protein_0229,protein_0016,0.1320754716981132
protein_0229,protein_0018,0.13636363636363635
protein_0229,protein_0019,0.16666666666666666
protein_0229,protein_0020,0.09090909090909091
protein_0229,protein_0021,0.19767441860465115
protein_0229,protein_0022,0.19
protein_0229,protein_0023,0.17204301075268819
protein_0229,protein_0025,0.13541666666666666
protein_0229,protein_0026,0.14615384615384616
protein_0229,protein_0027,0.18888888888888888
protein_0229,protein_0028,0.16666666666666666
protein_0229,protein_0029,0.1951219512195122
protein_0229,protein_0030,0.13445378151260504
protein_0229,protein_0031,0.15841584158415842
protein_0229,protein_0032,0.10989010989010989
protein_0229,protein_0033,0.17894736842105263
protein_0229,protein_0034,0.125
protein_0229,protein_0035,0.18811881188118812
protein_0229,protein_0037,0.1743119266055046
protein_0229,protein_0038,0.1743119266055046
protein_0229,protein_0039,0.14285714285714285
protein_0229,protein_0040,0.1411764705882353
protein_0229,protein_0041,0.11827956989247312
protein_0229,protein_0042,0.1978021978021978
protein_0229,protein_0043,0.20833333333333334
protein_0229,protein_0044,0.18085106382978725
protein_0229,protein_0045,0.11578947368421053
protein_0229,protein_0046,0.18292682926829268
protein_0229,protein_0047,0.16129032258064516
protein_0229,protein_0048,0.18478260869565216
protein_0229,protein_0049,0.1368421052631579
protein_0229,protein_0050,0.13131313131313133
protein_0229,protein_0051,0.15853658536585366
protein_0229,protein_0052,0.19101123595505617
protein_0229,protein_0053,0.20408163265306123
protein_0229,protein_0054,0.13445378151260504
protein_0229,protein_0055,0.14049586776859505
protein_0229,protein_0056,0.19444444444444445
protein_0229,protein_0057,0.14634146341463414
protein_0229,protein_0058,0.17045454545454544
protein_0229,protein_0060,0.14
protein_0229,protein_0061,0.14285714285714285
protein_0229,protein_0062,0.11363636363636363
protein_0229,protein_0063,0.08450704225352113
protein_0229,protein_0064,0.12264150943396226
protein_0229,protein_0065,0.16666666666666666
protein_0229,protein_0066,0.14150943396226415
protein_0229,protein_0067,0.14893617021276595
protein_0229,protein_0068,0.1368421052631579
protein_0229,protein_0069,0.1414141414141414
protein_0229,protein_0070,0.10869565217391304
protein_0229,protein_0071,0.12903225806451613
protein_0229,protein_0072,0.13953488372093023
protein_0229,protein_0073,0.15053763440860216
protein_0229,protein_0074,0.1935483870967742
protein_0229,protein_0075,0.1782178217821782
protein_0229,protein_0076,0.17647058823529413
protein_0229,protein_0077,0.17525773195876287
protein_0229,protein_0078,0.16981132075471697
protein_0229,protein_0079,0.16981132075471697
protein_0229,protein_0080,0.14772727272727273
protein_0229,protein_0082,0.12745098039215685
protein_0229,protein_0083,0.13636363636363635
protein_0229,protein_0084,0.16842105263157894
protein_0229,protein_0085,0.11764705882352941
protein_0229,protein_0086,0.1568627450980392
protein_0229,protein_0087,0.15853658536585366
protein_0229,protein_0088,0.10526315789473684
protein_0229,protein_0089,0.15315315315315314
protein_0229,protein_0090,0.14782608695652175
protein_0229,protein_0091,0.10619469026548672
protein_0229,protein_0092,0.10619469026548672
protein_0229,protein_0093,0.11224489795918367
protein_0229,protein_0094,0.16666666666666666
protein_0229,protein_0095,0.1391304347826087
protein_0229,protein_0096,0.13131313131313133
protein_0229,protein_0097,0.14736842105263157
protein_0229,protein_0098,0.16304347826086957
protein_0229,protein_0099,0.16831683168316833
protein_0229,protein_0100,0.14457831325301204
protein_0229,protein_0101,0.15463917525773196
protein_0229,protein_0102,0.18681318681318682
protein_0229,protein_0104,0.13821138211382114
protein_0229,protein_0105,0.16666666666666666
protein_0229,protein_0106,0.14782608695652175
protein_0229,protein_0107,0.14285714285714285
protein_0229,protein_0108,0.17391304347826086
protein_0229,protein_0110,0.14130434782608695
protein_0229,protein_0112,0.11
protein_0229,protein_0113,0.16483516483516483
protein_0229,protein_0114,0.12222222222222222
protein_0229,protein_0115,0.13095238095238096
protein_0229,protein_0116,0.17117117117117117
protein_0229,protein_0117,0.17117117117117117
protein_0229,protein_0118,0.15853658536585366
protein_0229,protein_0120,0.1348314606741573
protein_0229,protein_0121,0.1348314606741573
protein_0229,protein_0122,0.2018348623853211
protein_0229,protein_0123,0.12195121951219512
protein_0229,protein_0124,0.14772727272727273
protein_0229,protein_0125,0.18
protein_0229,protein_0126,0.14150943396226415
protein_0229,protein_0127,0.13402061855670103
protein_0229,protein_0128,0.13131313131313133
protein_0229,protein_0129,0.15
protein_0229,protein_0130,0.16521739130434782
protein_0229,protein_0131,0.1951219512195122
protein_0229,protein_0132,0.1588785046728972
protein_0229,protein_0133,0.1588785046728972
protein_0229,protein_0134,0.16483516483516483
protein_0229,protein_0135,0.14606741573033707
protein_0229,protein_0136,0.15966386554621848
protein_0229,protein_0137,0.14166666666666666
protein_0229,protein_0138,0.14166666666666666
protein_0229,protein_0140,0.13186813186813187
protein_0229,protein_0141,0.1926605504587156
protein_0229,protein_0142,0.17894736842105263
protein_0229,protein_0143,0.17045454545454544
protein_0229,protein_0144,0.15384615384615385
protein_0229,protein_0146,0.14772727272727273
protein_0229,protein_0147,0.1827956989247312
protein_0229,protein_0148,0.12359550561797752
protein_0229,protein_0149,0.15853658536585366
protein_0229,protein_0151,0.17204301075268819
protein_0229,protein_0152,0.15853658536585366
protein_0229,protein_0153,0.21348314606741572
protein_0229,protein_0154,0.18823529411764706
protein_0229,protein_0156,0.1111111111111111
protein_0229,protein_0158,0.17073170731707318
protein_0229,protein_0159,0.10227272727272728
protein_0229,protein_0160,0.13592233009708737
protein_0229,protein_0161,0.14285714285714285
protein_0229,protein_0162,0.1566265060240964
protein_0229,protein_0163,0.10891089108910891
protein_0229,protein_0164,0.14130434782608695
protein_0229,protein_0166,0.13636363636363635
protein_0229,protein_0168,0.1565217391304348
protein_0229,protein_0169,0.13709677419354838
protein_0229,protein_0170,0.17582417582417584
protein_0229,protein_0171,0.14736842105263157
protein_0229,protein_0172,0.1694915254237288
protein_0229,protein_0173,0.14444444444444443
protein_0229,protein_0174,0.1276595744680851
protein_0229,protein_0176,0.14634146341463414
protein_0229,protein_0178,0.12389380530973451
protein_0229,protein_0179,0.13274336283185842
protein_0229,protein_0180,0.19148936170212766
protein_0229,protein_0181,0.14736842105263157
protein_0229,protein_0182,0.16129032258064516
protein_0229,protein_0183,0.18181818181818182
protein_0229,protein_0184,0.18
protein_0229,protein_0185,0.13333333333333333
protein_0229,protein_0186,0.16161616161616163
protein_0229,protein_0187,0.14893617021276595
protein_0229,protein_0188,0.17073170731707318
protein_0229,protein_0189,0.14444444444444443
protein_0229,protein_0190,0.13636363636363635
protein_0229,protein_0191,0.1348314606741573
protein_0229,protein_0193,0.1590909090909091
protein_0229,protein_0195,0.09090909090909091
protein_0229,protein_0197,0.10989010989010989
protein_0229,protein_0198,0.13636363636363635
protein_0229,protein_0199,0.21428571428571427
protein_0229,protein_0200,0.14130434782608695
protein_0229,protein_0201,0.10891089108910891
protein_0229,protein_0202,0.14772727272727273
protein_0229,protein_0203,0.16
protein_0229,protein_0204,0.16470588235294117
protein_0229,protein_0205,0.09004739336492891
protein_0229,protein_0206,0.13636363636363635
protein_0229,protein_0207,0.11627906976744186
protein_0229,protein_0208,0.14782608695652175
protein_0229,protein_0209,0.20212765957446807
protein_0229,protein_0210,0.16470588235294117
protein_0229,protein_0211,0.15841584158415842
protein_0229,protein_0212,0.11235955056179775
protein_0229,protein_0213,0.17582417582417584
protein_0229,protein_0214,0.15294117647058825
protein_0229,protein_0215,0.13636363636363635
protein_0229,protein_0216,0.10101010101010101
protein_0229,protein_0217,0.3103448275862069
protein_0229,protein_0219,0.16129032258064516
protein_0229,protein_0220,0.12264150943396226
protein_0229,protein_0221,0.17582417582417584
protein_0229,protein_0222,0.14285714285714285
protein_0229,protein_0223,0.22988505747126436
protein_0229,protein_0224,0.14634146341463414
protein_0229,protein_0225,0.5365853658536586
protein_0229,protein_0226,0.18181818181818182
protein_0229,protein_0227,0.15476190476190477
protein_0229,protein_0228,0.14583333333333334
protein_0229,protein_0230,0.14893617021276595
protein_0229,protein_0231,0.14772727272727273
protein_0229,protein_0232,0.15853658536585366
protein_0229,protein_0233,0.1484375
protein_0229,protein_0234,0.18095238095238095
protein_0229,protein_0235,0.20212765957446807
protein_0229,protein_0236,0.17204301075268819
protein_0229,protein_0237,0.17204301075268819
protein_0229,protein_0238,0.10687022900763359
protein_0229,protein_0239,0.1782178217821782
protein_0229,protein_0240,0.13829787234042554
protein_0229,protein_0241,0.1485148514851485
protein_0229,protein_0242,0.13253012048192772
protein_0229,protein_0243,0.1650485436893204
protein_0229,protein_0244,0.15853658536585366
protein_0229,protein_0246,0.16494845360824742
protein_0229,protein_0247,0.17582417582417584
protein_0229,protein_0248,0.12
protein_0229,protein_0249,0.13829787234042554
protein_0229,protein_0250,0.15625
protein_0229,protein_0251,0.20224719101123595
protein_0229,protein_0252,0.19767441860465115
protein_0229,protein_0253,0.13114754098360656
protein_0229,protein_0254,0.16666666666666666
protein_0229,protein_0255,0.06432748538011696
protein_0229,protein_0256,0.13761467889908258
protein_0229,protein_0257,0.13761467889908258
protein_0229,protein_0259,0.17073170731707318
protein_0229,protein_0260,0.17073170731707318
protein_0229,protein_0261,0.17307692307692307
protein_0229,protein_0262,0.13333333333333333
protein_0229,protein_0263,0.11678832116788321
protein_0229,protein_0264,0.0898876404494382
protein_0229,protein_0266,0.17708333333333334
protein_0229,protein_0267,0.2
protein_0229,protein_0268,0.8953488372093024
protein_0229,protein_0269,0.1440677966101695
protein_0229,protein_0270,0.23255813953488372
protein_0229,protein_0271,0.14634146341463414
protein_0229,protein_0272,0.13836477987421383
protein_0229,protein_0273,0.13836477987421383
protein_0229,protein_0274,0.20652173913043478
protein_0229,protein_0276,0.13636363636363635
protein_0229,protein_0277,0.17073170731707318
protein_0229,protein_0278,0.16666666666666666
protein_0229,protein_0279,0.14606741573033707
protein_0229,protein_0280,0.19607843137254902
protein_0229,protein_0281,0.14285714285714285
protein_0229,protein_0282,0.15476190476190477
protein_0229,protein_0283,0.07339449541284404
protein_0229,protein_0285,0.125
protein_0229,protein_0286,0.18
protein_0229,protein_0287,0.1574074074074074
protein_0229,protein_0288,0.18604651162790697
protein_0229,protein_0289,0.1511627906976744
protein_0229,protein_0290,0.17592592592592593
protein_0229,protein_0292,0.16853932584269662
protein_0229,protein_0293,0.18478260869565216
protein_0229,protein_0294,0.19101123595505617
protein_0229,protein_0295,0.1839080459770115
protein_0229,protein_0296,0.15126050420168066
protein_0229,protein_0297,0.1744186046511628
protein_0229,protein_0298,0.13953488372093023
protein_0229,protein_0299,0.20454545454545456
protein_0229,protein_0300,0.25
protein_0229,protein_0301,0.25
protein_0229,protein_0302,0.0967741935483871
protein_0229,protein_0303,0.09523809523809523
protein_0229,protein_0304,0.18604651162790697
protein_0229,protein_0305,0.18292682926829268
protein_0229,protein_0306,0.14049586776859505
protein_0229,protein_0308,0.13559322033898305
protein_0229,protein_0309,0.21505376344086022
protein_0229,protein_0310,0.17142857142857143
protein_0229,protein_0312,0.1590909090909091
protein_0229,protein_0313,0.13636363636363635
protein_0229,protein_0314,0.16161616161616163
protein_0229,protein_0315,0.1452991452991453
protein_0229,protein_0317,0.1485148514851485
protein_0229,protein_0318,0.19469026548672566
protein_0229,protein_0319,0.11363636363636363
protein_0229,protein_0320,0.16494845360824742
protein_0229,protein_0321,0.18085106382978725
protein_0229,protein_0322,0.1724137931034483
protein_0229,protein_0323,0.16483516483516483
protein_0229,protein_0324,0.18072289156626506
protein_0229,protein_0325,0.14035087719298245
protein_0229,protein_0326,0.14942528735632185
protein_0229,protein_0327,0.16494845360824742
protein_0229,protein_0328,0.20535714285714285
protein_0229,protein_0329,0.20535714285714285
protein_0229,protein_0330,0.15384615384615385
protein_0229,protein_0331,0.1951219512195122
protein_0229,protein_0334,0.14583333333333334
protein_0229,protein_0335,0.1262135922330097
protein_0229,protein_0336,0.17073170731707318
protein_0229,protein_0337,0.14685314685314685
protein_0229,protein_0338,0.17708333333333334
protein_0229,protein_0339,0.1686746987951807
protein_0229,protein_0340,0.16831683168316833
protein_0229,protein_0341,0.14018691588785046
protein_0229,protein_0342,0.15853658536585366
protein_0229,protein_0343,0.15294117647058825
protein_0229,protein_0344,0.15555555555555556
protein_0229,protein_0345,0.18292682926829268
protein_0229,protein_0346,0.18292682926829268
protein_0229,protein_0348,0.10743801652892562
protein_0229,protein_0349,0.12871287128712872
protein_0229,protein_0350,0.125
protein_0229,protein_0352,0.15476190476190477
protein_0229,protein_0353,0.14912280701754385
protein_0229,protein_0354,0.1836734693877551
protein_0229,protein_0355,0.17796610169491525
protein_0229,protein_0356,0.18604651162790697
protein_0229,protein_0357,0.128
protein_0229,protein_0358,0.13861386138613863
protein_0229,protein_0359,0.1484375
protein_0229,protein_0360,0.10227272727272728
protein_0229,protein_0361,0.13709677419354838
protein_0229,protein_0362,0.20618556701030927
protein_0229,protein_0364,0.20618556701030927
protein_0229,protein_0365,0.15053763440860216
protein_0229,protein_0366,0.15463917525773196
protein_0229,protein_0367,0.23076923076923078
protein_0229,protein_0368,0.2073170731707317
protein_0229,protein_0369,0.16470588235294117
protein_0229,protein_0370,0.15555555555555556
protein_0229,protein_0371,0.1590909090909091
protein_0229,protein_0372,0.10091743119266056
protein_0229,protein_0373,0.1619047619047619
protein_0229,protein_0374,0.14285714285714285
protein_0229,protein_0375,0.09090909090909091
protein_0229,protein_0376,0.20192307692307693
protein_0229,protein_0377,0.16037735849056603
protein_0229,protein_0378,0.1588785046728972
protein_0229,protein_0379,0.19791666666666666
protein_0229,protein_0380,0.19791666666666666
protein_0229,protein_0381,0.19791666666666666
protein_0229,protein_0382,0.17045454545454544
protein_0229,protein_0383,0.14634146341463414
protein_0229,protein_0384,0.13541666666666666
protein_0229,protein_0385,0.16161616161616163
protein_0229,protein_0386,0.13861386138613863
protein_0229,protein_0387,0.1388888888888889
protein_0229,protein_0388,0.12941176470588237
protein_0229,protein_0389,0.15476190476190477
protein_0229,protein_0390,0.15384615384615385
protein_0229,protein_0391,0.13978494623655913
protein_0229,protein_0392,0.14583333333333334
protein_0229,protein_0393,0.15789473684210525
protein_0229,protein_0394,0.13793103448275862
protein_0229,protein_0395,0.1836734693877551
protein_0229,protein_0396,0.11965811965811966
protein_0229,protein_0397,0.17391304347826086
protein_0229,protein_0399,0.1797752808988764
protein_0245,protein_0000,0.15789473684210525
protein_0245,protein_0001,0.13616600790513833
protein_0245,protein_0002,0.17796610169491525
protein_0245,protein_0003,0.12962962962962962
protein_0245,protein_0004,0.14414414414414414
protein_0245,protein_0005,0.17592592592592593
protein_0245,protein_0007,0.12542087542087543
protein_0245,protein_0008,0.14814814814814814
protein_0245,protein_0009,0.13675213675213677
protein_0245,protein_0011,0.14814814814814814
protein_0245,protein_0012,0.1724137931034483
protein_0245,protein_0013,0.12280701754385964
protein_0245,protein_0014,0.1484041865874144
protein_0245,protein_0015,0.16058394160583941
protein_0245,protein_0016,0.18055555555555555
protein_0245,protein_0018,0.11666666666666667
protein_0245,protein_0019,0.17045454545454547
protein_0245,protein_0020,0.17543859649122806
protein_0245,protein_0021,0.12037037037037036
protein_0245,protein_0022,0.13762626262626262
protein_0245,protein_0023,0.13846801346801346
protein_0245,protein_0025,0.14782608695652175
protein_0245,protein_0026,0.18620689655172415
protein_0245,protein_0027,0.11011198945981554
protein_0245,protein_0028,0.18055555555555555
protein_0245,protein_0029,0.12762762762762764
protein_0245,protein_0030,0.18840579710144928
protein_0245,protein_0031,0.16535433070866143
protein_0245,protein_0032,0.14655172413793102
protein_0245,protein_0033,0.1310344827586207
protein_0245,protein_0034,0.15254237288135594
protein_0245,protein_0035,0.168
protein_0245,protein_0037,0.13327969965138106
protein_0245,protein_0038,0.13327969965138106
protein_0245,protein_0039,0.13675213675213677
protein_0245,protein_0040,0.1574074074074074
protein_0245,protein_0041,0.1724137931034483
protein_0245,protein_0042,0.1590909090909091
protein_0245,protein_0043,0.17293233082706766
protein_0245,protein_0044,0.1826086956521739
protein_0245,protein_0045,0.17272727272727273
protein_0245,protein_0046,0.1270053475935829
protein_0245,protein_0047,0.19658119658119658
protein_0245,protein_0048,0.19658119658119658
protein_0245,protein_0049,0.17094017094017094
protein_0245,protein_0050,0.17355371900826447
protein_0245,protein_0051,0.11959586466165413
protein_0245,protein_0052,0.15126050420168066
protein_0245,protein_0053,0.16666666666666666
protein_0245,protein_0054,0.16666666666666666
protein_0245,protein_0055,0.16312056737588654
protein_0245,protein_0056,0.1590126291618829
protein_0245,protein_0057,0.125
protein_0245,protein_0058,0.16541353383458646
protein_0245,protein_0060,0.1245727956254272
protein_0245,protein_0061,0.13333333333333333
protein_0245,protein_0062,0.11510791366906475
protein_0245,protein_0063,0.1572052401746725
protein_0245,protein_0064,0.14912280701754385
protein_0245,protein_0065,0.13636363636363635
protein_0245,protein_0066,0.14393939393939395
protein_0245,protein_0067,0.14655172413793102
protein_0245,protein_0068,0.1504424778761062
protein_0245,protein_0069,0.14049586776859505
protein_0245,protein_0070,0.1417910447761194
protein_0245,protein_0071,0.1282051282051282
protein_0245,protein_0072,0.14225589225589225
protein_0245,protein_0073,0.19130434782608696
protein_0245,protein_0074,0.16071428571428573
protein_0245,protein_0075,0.12907268170426064
protein_0245,protein_0076,0.12962962962962962
protein_0245,protein_0077,0.15789473684210525
protein_0245,protein_0078,0.168141592920354
protein_0245,protein_0079,0.168141592920354
protein_0245,protein_0080,0.18181818181818182
protein_0245,protein_0082,0.16521739130434782
protein_0245,protein_0083,0.17424242424242425
protein_0245,protein_0084,0.14604377104377103
protein_0245,protein_0085,0.16521739130434782
protein_0245,protein_0086,0.14516129032258066
protein_0245,protein_0087,0.12824765063571034
protein_0245,protein_0088,0.13636363636363635
protein_0245,protein_0089,0.14966475095785442
protein_0245,protein_0090,0.14966475095785442
protein_0245,protein_0091,0.16901408450704225
protein_0245,protein_0092,0.16901408450704225
protein_0245,protein_0093,0.1592920353982301
protein_0245,protein_0094,0.176056338028169
protein_0245,protein_0095,0.1463963963963964
protein_0245,protein_0096,0.1773049645390071
protein_0245,protein_0097,0.14655172413793102
protein_0245,protein_0098,0.1111111111111111
protein_0245,protein_0099,0.15936227951153326
protein_0245,protein_0100,0.1424037674037674
protein_0245,protein_0101,0.19130434782608696
protein_0245,protein_0102,0.1651376146788991
protein_0245,protein_0104,0.18439716312056736
protein_0245,protein_0105,0.10185185185185185
protein_0245,protein_0106,0.1431652661064426
protein_0245,protein_0107,0.14678899082568808
protein_0245,protein_0108,0.13392857142857142
protein_0245,protein_0110,0.15517241379310345
protein_0245,protein_0112,0.1891891891891892
protein_0245,protein_0113,0.14084507042253522
protein_0245,protein_0114,0.1559633027522936
protein_0245,protein_0115,0.11864406779661017
protein_0245,protein_0116,0.1607619725832295
protein_0245,protein_0117,0.1607619725832295
protein_0245,protein_0118,0.12626262626262627
protein_0245,protein_0120,0.16363636363636364
protein_0245,protein_0121,0.16363636363636364
protein_0245,protein_0122,0.13284242504292695
protein_0245,protein_0123,0.1165761626287942
protein_0245,protein_0124,0.1651376146788991
protein_0245,protein_0125,0.1417910447761194
protein_0245,protein_0126,0.12686567164179105
protein_0245,protein_0127,0.12030075187969924
protein_0245,protein_0128,0.14678899082568808
protein_0245,protein_0129,0.1794871794871795
protein_0245,protein_0130,0.1646068738229755
protein_0245,protein_0131,0.14225589225589225
protein_0245,protein_0132,0.18548387096774194
protein_0245,protein_0133,0.18548387096774194
protein_0245,protein_0134,0.16417910447761194
protein_0245,protein_0135,0.16176470588235295
protein_0245,protein_0136,0.1865671641791045
protein_0245,protein_0137,0.1875
protein_0245,protein_0138,0.1875
protein_0245,protein_0140,0.18045112781954886
protein_0245,protein_0141,0.12949182086350228
protein_0245,protein_0142,0.15671641791044777
protein_0245,protein_0143,0.12878787878787878
protein_0245,protein_0144,0.15789473684210525
protein_0245,protein_0146,0.11194029850746269
protein_0245,protein_0147,0.17094017094017094
protein_0245,protein_0148,0.15789473684210525
protein_0245,protein_0149,0.12869742198100406
protein_0245,protein_0151,0.16806722689075632
protein_0245,protein_0152,0.14520202020202022
protein_0245,protein_0153,0.13923105636431504
protein_0245,protein_0154,0.13655487438394037
protein_0245,protein_0156,0.18045112781954886
protein_0245,protein_0158,0.1402359108781127
protein_0245,protein_0159,0.16666666666666666
protein_0245,protein_0160,0.1864406779661017
protein_0245,protein_0161,0.2323943661971831
protein_0245,protein_0162,0.11363636363636363
protein_0245,protein_0163,0.17647058823529413
protein_0245,protein_0164,0.11504424778761062
protein_0245,protein_0166,0.12389380530973451
protein_0245,protein_0168,0.16607750720083791
protein_0245,protein_0169,0.2127659574468085
protein_0245,protein_0170,0.11504424778761062
protein_0245,protein_0171,0.1826086956521739
protein_0245,protein_0172,0.17518248175182483
protein_0245,protein_0173,0.15151515151515152
protein_0245,protein_0174,0.15441176470588236
protein_0245,protein_0176,0.13711361737677527
protein_0245,protein_0178,0.1937984496124031
protein_0245,protein_0179,0.19083969465648856
protein_0245,protein_0180,0.15454545454545454
protein_0245,protein_0181,0.15702479338842976
protein_0245,protein_0182,0.16964285714285715
protein_0245,protein_0183,0.1415929203539823
protein_0245,protein_0184,0.18018018018018017
protein_0245,protein_0185,0.13392857142857142
protein_0245,protein_0186,0.16216216216216217
protein_0245,protein_0187,0.15441176470588236
protein_0245,protein_0188,0.1374231032125769
protein_0245,protein_0189,0.14285714285714285
protein_0245,protein_0190,0.17293233082706766
protein_0245,protein_0191,0.14912280701754385
protein_0245,protein_0193,0.1574074074074074
protein_0245,protein_0195,0.16901408450704225
protein_0245,protein_0197,0.12931034482758622
protein_0245,protein_0198,0.15315315315315314
protein_0245,protein_0199,0.175
protein_0245,protein_0200,0.15862068965517243
protein_0245,protein_0201,0.15555555555555556
protein_0245,protein_0202,0.2
protein_0245,protein_0203,0.18110236220472442
protein_0245,protein_0204,0.1417432470064049
protein_0245,protein_0205,0.13145539906103287
protein_0245,protein_0206,0.1794871794871795
protein_0245,protein_0207,0.15384615384615385
protein_0245,protein_0208,0.14443095072866063
protein_0245,protein_0209,0.15966386554621848
protein_0245,protein_0210,0.16964285714285715
protein_0245,protein_0211,0.14060606060606062
protein_0245,protein_0212,0.11278195488721804
protein_0245,protein_0213,0.15441176470588236
protein_0245,protein_0214,0.14393939393939395
protein_0245,protein_0215,0.10526315789473684
protein_0245,protein_0216,0.19469026548672566
protein_0245,protein_0217,0.17272727272727273
protein_0245,protein_0219,0.17293233082706766
protein_0245,protein_0220,0.1574074074074074
protein_0245,protein_0221,0.10606060606060606
protein_0245,protein_0222,0.16379310344827586
protein_0245,protein_0223,0.1574074074074074
protein_0245,protein_0224,0.13873873873873874
protein_0245,protein_0225,0.16666666666666666
protein_0245,protein_0226,0.15151515151515152
protein_0245,protein_0227,0.12037037037037036
protein_0245,protein_0228,0.17003367003367004
protein_0245,protein_0230,0.15037593984962405
protein_0245,protein_0231,0.168141592920354
protein_0245,protein_0232,0.15277417682136374
protein_0245,protein_0233,0.16551724137931034
protein_0245,protein_0234,0.19491525423728814
protein_0245,protein_0235,0.1412124060150376
protein_0245,protein_0236,0.15229885057471265
protein_0245,protein_0237,0.15229885057471265
protein_0245,protein_0238,0.2765957446808511
protein_0245,protein_0239,0.11851851851851852
protein_0245,protein_0240,0.15441176470588236
protein_0245,protein_0241,0.12121212121212122
protein_0245,protein_0242,0.11724452554744526
protein_0245,protein_0243,0.1893939393939394
protein_0245,protein_0244,0.12761464199517297
protein_0245,protein_0246,0.15037593984962405
protein_0245,protein_0247,0.12717864923747277
protein_0245,protein_0248,0.15671641791044777
protein_0245,protein_0249,0.1590909090909091
protein_0245,protein_0250,0.10163288288288289
protein_0245,protein_0251,0.12173913043478261
protein_0245,protein_0252,0.1559633027522936
protein_0245,protein_0253,0.14960629921259844
protein_0245,protein_0254,0.11845655693470049
protein_0245,protein_0255,0.26011560693641617
protein_0245,protein_0256,0.224
protein_0245,protein_0257,0.224
protein_0245,protein_0259,0.1458678828081813
protein_0245,protein_0260,0.1458678828081813
protein_0245,protein_0261,0.1590909090909091
protein_0245,protein_0262,0.174496644295302
protein_0245,protein_0263,0.18666666666666668
protein_0245,protein_0264,0.1452991452991453
protein_0245,protein_0266,0.13188892279523956
protein_0245,protein_0267,0.17164179104477612
protein_0245,protein_0268,0.13636363636363635
protein_0245,protein_0269,0.21379310344827587
protein_0245,protein_0270,0.17117117117117117
protein_0245,protein_0271,0.11999458874458874
protein_0245,protein_0272,0.14144392033542977
protein_0245,protein_0273,0.14426100628930816
protein_0245,protein_0274,0.16806722689075632
protein_0245,protein_0276,0.12686567164179105
protein_0245,protein_0277,0.12252374491180462
protein_0245,protein_0278,0.11965811965811966
protein_0245,protein_0279,0.14912280701754385
protein_0245,protein_0280,0.16666666666666666
protein_0245,protein_0281,0.17796610169491525
protein_0245,protein_0282,0.1111111111111111
protein_0245,protein_0283,0.16363636363636364
protein_0245,protein_0285,0.15384615384615385
protein_0245,protein_0286,0.15824915824915825
protein_0245,protein_0287,0.16891891891891891
protein_0245,protein_0288,0.1440677966101695
protein_0245,protein_0289,0.10727813852813853
protein_0245,protein_0290,0.14285714285714285
protein_0245,protein_0292,0.13930976430976433
protein_0245,protein_0293,0.1440677966101695
protein_0245,protein_0294,0.15569828722002635
protein_0245,protein_0295,0.13583583583583583
protein_0245,protein_0296,0.1875
protein_0245,protein_0297,0.148005148005148
protein_0245,protein_0298,0.1294134000556019
protein_0245,protein_0299,0.15299901671583088
protein_0245,protein_0300,0.14817764750860202
protein_0245,protein_0301,0.14750110570544006
protein_0245,protein_0302,0.1511111111111111
protein_0245,protein_0303,0.1875
protein_0245,protein_0304,0.1340909090909091
protein_0245,protein_0305,0.1602809706257982
protein_0245,protein_0306,0.16312056737588654
protein_0245,protein_0308,0.15217391304347827
protein_0245,protein_0309,0.20722775013819789
protein_0245,protein_0310,0.1693548387096774
protein_0245,protein_0312,0.1875
protein_0245,protein_0313,0.161034255599473
protein_0245,protein_0314,0.1694915254237288
protein_0245,protein_0315,0.16176470588235295
protein_0245,protein_0317,0.17073170731707318
protein_0245,protein_0318,0.17699115044247787
protein_0245,protein_0319,0.15254237288135594
protein_0245,protein_0320,0.17424242424242425
protein_0245,protein_0321,0.14788732394366197
protein_0245,protein_0322,0.1417910447761194
protein_0245,protein_0323,0.1590909090909091
protein_0245,protein_0324,0.16071428571428573
protein_0245,protein_0325,0.16572310859495626
protein_0245,protein_0326,0.12878787878787878
protein_0245,protein_0327,0.1111111111111111
protein_0245,protein_0328,0.13793103448275862
protein_0245,protein_0329,0.13793103448275862
protein_0245,protein_0330,0.13559322033898305
protein_0245,protein_0331,0.13173400673400673
protein_0245,protein_0334,0.16260162601626016
protein_0245,protein_0335,0.15254237288135594
protein_0245,protein_0336,0.12542087542087543
protein_0245,protein_0337,0.1343262276360868
protein_0245,protein_0338,0.15151515151515152
protein_0245,protein_0339,0.14169198256505083
protein_0245,protein_0340,0.1678832116788321
protein_0245,protein_0341,0.18487394957983194
protein_0245,protein_0342,0.17117117117117117
protein_0245,protein_0343,0.10887545176536002
protein_0245,protein_0344,0.15151515151515152
protein_0245,protein_0345,0.1367572608579803
protein_0245,protein_0346,0.1367572608579803
protein_0245,protein_0348,0.1623931623931624
protein_0245,protein_0349,0.15966386554621848
protein_0245,protein_0350,0.16666666666666666
protein_0245,protein_0352,0.12803030303030302
protein_0245,protein_0353,0.19226190476190477
protein_0245,protein_0354,0.13761467889908258
protein_0245,protein_0355,0.15743006993006992
protein_0245,protein_0356,0.11405723905723905
protein_0245,protein_0357,0.18493150684931506
protein_0245,protein_0358,0.12878787878787878
protein_0245,protein_0359,0.18120805369127516
protein_0245,protein_0360,0.1388888888888889
protein_0245,protein_0361,0.16129032258064516
protein_0245,protein_0362,0.15384615384615385
protein_0245,protein_0364,0.14912280701754385
protein_0245,protein_0365,0.17391304347826086
protein_0245,protein_0366,0.17391304347826086
protein_0245,protein_0367,0.1391304347826087
protein_0245,protein_0368,0.14393939393939395
protein_0245,protein_0369,0.13761467889908258
protein_0245,protein_0370,0.15151515151515152
protein_0245,protein_0371,0.14912280701754385
protein_0245,protein_0372,0.13901345291479822
protein_0245,protein_0373,0.17699115044247787
protein_0245,protein_0374,0.18110236220472442
protein_0245,protein_0375,0.13533834586466165
protein_0245,protein_0376,0.18699186991869918
protein_0245,protein_0377,0.15217391304347827
protein_0245,protein_0378,0.16783216783216784
protein_0245,protein_0379,0.13606747046644746
protein_0245,protein_0380,0.13606747046644746
protein_0245,protein_0381,0.13606747046644746
protein_0245,protein_0382,0.14077703641923828
protein_0245,protein_0383,0.13468013468013468
protein_0245,protein_0384,0.13157894736842105
protein_0245,protein_0385,0.15315315315315314
protein_0245,protein_0386,0.18439716312056736
protein_0245,protein_0387,0.1897810218978102
protein_0245,protein_0388,0.1316137566137566
protein_0245,protein_0389,0.15315315315315314
protein_0245,protein_0390,0.1623931623931624
protein_0245,protein_0391,0.15833333333333333
protein_0245,protein_0392,0.15671641791044777
protein_0245,protein_0393,0.1590909090909091
protein_0245,protein_0394,0.18181818181818182
protein_0245,protein_0395,0.14912280701754385
protein_0245,protein_0396,0.19310344827586207
protein_0245,protein_0397,0.17592592592592593
protein_0245,protein_0399,0.14814814814814814
protein_0258,protein_0000,0.3448275862068966
protein_0258,protein_0001,0.13636363636363635
protein_0258,protein_0002,0.16842105263157894
protein_0258,protein_0003,0.3522727272727273
protein_0258,protein_0004,0.28735632183908044
protein_0258,protein_0005,0.14736842105263157
protein_0258,protein_0007,0.19767441860465115
protein_0258,protein_0008,0.14423076923076922
protein_0258,protein_0009,0.3563218390804598
protein_0258,protein_0011,0.5517241379310345
protein_0258,protein_0012,0.5348837209302325
protein_0258,protein_0013,0.11494252873563218
protein_0258,protein_0014,0.1590909090909091
protein_0258,protein_0015,0.17307692307692307
protein_0258,protein_0016,0.1568627450980392
protein_0258,protein_0018,0.2988505747126437
protein_0258,protein_0019,0.16304347826086957
protein_0258,protein_0020,0.3023255813953488
protein_0258,protein_0021,0.12903225806451613
protein_0258,protein_0022,0.16
protein_0258,protein_0023,0.2
protein_0258,protein_0025,0.3068181818181818
protein_0258,protein_0026,0.14685314685314685
protein_0258,protein_0027,0.16326530612244897
protein_0258,protein_0028,0.12612612612612611
protein_0258,protein_0029,0.19318181818181818
protein_0258,protein_0030,0.1386861313868613
protein_0258,protein_0031,0.15151515151515152
protein_0258,protein_0032,0.2808988764044944
protein_0258,protein_0033,0.4659090909090909
protein_0258,protein_0034,0.5517241379310345
protein_0258,protein_0035,0.1487603305785124
protein_0258,protein_0037,0.2717391304347826
protein_0258,protein_0038,0.2717391304347826
protein_0258,protein_0039,0.367816091954023
protein_0258,protein_0040,0.11827956989247312
protein_0258,protein_0041,0.2413793103448276
protein_0258,protein_0042,0.26136363636363635
protein_0258,protein_0043,0.2988505747126437
protein_0258,protein_0044,0.28735632183908044
protein_0258,protein_0045,0.28888888888888886
protein_0258,protein_0046,0.18604651162790697
protein_0258,protein_0047,0.4
protein_0258,protein_0048,0.4111111111111111
protein_0258,protein_0049,0.47126436781609193
protein_0258,protein_0050,0.14423076923076922
protein_0258,protein_0051,0.17777777777777778
protein_0258,protein_0052,0.2988505747126437
protein_0258,protein_0053,0.3888888888888889
protein_0258,protein_0054,0.11475409836065574
protein_0258,protein_0055,0.1323529411764706
protein_0258,protein_0056,0.1523809523809524
protein_0258,protein_0057,0.19767441860465115
protein_0258,protein_0058,0.1511627906976744
protein_0258,protein_0060,0.1262135922330097
protein_0258,protein_0061,0.23333333333333334
protein_0258,protein_0062,0.3103448275862069
protein_0258,protein_0063,0.13145539906103287
protein_0258,protein_0064,0.26373626373626374
protein_0258,protein_0065,0.17647058823529413
protein_0258,protein_0066,0.13
protein_0258,protein_0067,0.46511627906976744
protein_0258,protein_0068,0.34782608695652173
protein_0258,protein_0069,0.40229885057471265
protein_0258,protein_0070,0.3333333333333333
protein_0258,protein_0071,0.40229885057471265
protein_0258,protein_0072,0.18181818181818182
protein_0258,protein_0073,0.3448275862068966
protein_0258,protein_0074,0.19626168224299065
protein_0258,protein_0075,0.2524271844660194
protein_0258,protein_0076,0.16853932584269662
protein_0258,protein_0077,0.4090909090909091
protein_0258,protein_0078,0.14563106796116504
protein_0258,protein_0079,0.14563106796116504
protein_0258,protein_0080,0.34831460674157305
protein_0258,protein_0082,0.1523809523809524
protein_0258,protein_0083,0.9195402298850575
protein_0258,protein_0084,0.3333333333333333
protein_0258,protein_0085,0.1619047619047619
protein_0258,protein_0086,0.11538461538461539
protein_0258,protein_0087,0.16279069767441862
protein_0258,protein_0088,0.2988505747126437
protein_0258,protein_0089,0.14655172413793102
protein_0258,protein_0090,0.1724137931034483
protein_0258,protein_0091,0.15126050420168066
protein_0258,protein_0092,0.15126050420168066
protein_0258,protein_0093,0.4606741573033708
protein_0258,protein_0094,0.10833333333333334
protein_0258,protein_0095,0.14655172413793102
protein_0258,protein_0096,0.11650485436893204
protein_0258,protein_0097,0.3953488372093023
protein_0258,protein_0098,0.32954545454545453
protein_0258,protein_0099,0.15454545454545454
protein_0258,protein_0100,0.16842105263157894
protein_0258,protein_0101,0.3448275862068966
protein_0258,protein_0102,0.3146067415730337
protein_0258,protein_0104,0.12
protein_0258,protein_0105,0.12903225806451613
protein_0258,protein_0106,0.19827586206896552
protein_0258,protein_0107,0.3218390804597701
protein_0258,protein_0108,0.2413793103448276
protein_0258,protein_0110,0.4777777777777778
protein_0258,protein_0112,0.1568627450980392
protein_0258,protein_0113,0.42696629213483145
protein_0258,protein_0114,0.25842696629213485
protein_0258,protein_0115,0.26436781609195403
protein_0258,protein_0116,0.17073170731707318
protein_0258,protein_0117,0.17073170731707318
protein_0258,protein_0118,0.19318181818181818
protein_0258,protein_0120,0.33707865168539325
protein_0258,protein_0121,0.33707865168539325
protein_0258,protein_0122,0.23076923076923078
protein_0258,protein_0123,0.16666666666666666
protein_0258,protein_0124,0.34831460674157305
protein_0258,protein_0125,0.12
protein_0258,protein_0126,0.2
protein_0258,protein_0127,0.28735632183908044
protein_0258,protein_0128,0.2988505747126437
protein_0258,protein_0129,0.26373626373626374
protein_0258,protein_0130,0.14655172413793102
protein_0258,protein_0131,0.1839080459770115
protein_0258,protein_0132,0.21238938053097345
protein_0258,protein_0133,0.21238938053097345
protein_0258,protein_0134,0.32558139534883723
protein_0258,protein_0135,0.2413793103448276
protein_0258,protein_0136,0.13076923076923078
protein_0258,protein_0137,0.15126050420168066
protein_0258,protein_0138,0.15126050420168066
protein_0258,protein_0140,0.47126436781609193
protein_0258,protein_0141,0.29347826086956524
protein_0258,protein_0142,0.45348837209302323
protein_0258,protein_0143,0.3103448275862069
protein_0258,protein_0144,0.3103448275862069
protein_0258,protein_0146,0.1511627906976744
protein_0258,protein_0147,0.367816091954023
protein_0258,protein_0148,0.3103448275862069
protein_0258,protein_0149,0.1511627906976744
protein_0258,protein_0151,0.21348314606741572
protein_0258,protein_0152,0.16279069767441862
protein_0258,protein_0153,0.22727272727272727
protein_0258,protein_0154,0.2159090909090909
protein_0258,protein_0156,0.1592920353982301
protein_0258,protein_0158,0.18604651162790697
protein_0258,protein_0159,0.367816091954023
protein_0258,protein_0160,0.313953488372093
protein_0258,protein_0161,0.14285714285714285
protein_0258,protein_0162,0.3218390804597701
protein_0258,protein_0163,0.18018018018018017
protein_0258,protein_0164,0.2777777777777778
protein_0258,protein_0166,0.28735632183908044
protein_0258,protein_0168,0.13445378151260504
protein_0258,protein_0169,0.13114754098360656
protein_0258,protein_0170,0.2988505747126437
protein_0258,protein_0171,0.375
protein_0258,protein_0172,0.12403100775193798
protein_0258,protein_0173,0.367816091954023
protein_0258,protein_0174,0.2988505747126437
protein_0258,protein_0176,0.1744186046511628
protein_0258,protein_0178,0.11504424778761062
protein_0258,protein_0179,0.1415929203539823
protein_0258,protein_0180,0.24175824175824176
protein_0258,protein_0181,0.47126436781609193
protein_0258,protein_0182,0.34444444444444444
protein_0258,protein_0183,0.1523809523809524
protein_0258,protein_0184,0.3103448275862069
protein_0258,protein_0185,0.13333333333333333
protein_0258,protein_0186,0.1485148514851485
protein_0258,protein_0187,0.3225806451612903
protein_0258,protein_0188,0.20930232558139536
protein_0258,protein_0189,0.3333333333333333
protein_0258,protein_0190,0.5444444444444444
protein_0258,protein_0191,0.32954545454545453
protein_0258,protein_0193,0.3563218390804598
protein_0258,protein_0195,0.4943820224719101
protein_0258,protein_0197,0.5116279069767442
protein_0258,protein_0198,0.27586206896551724
protein_0258,protein_0199,0.2087912087912088
protein_0258,protein_0200,0.4827586206896552
protein_0258,protein_0201,0.1792452830188679
protein_0258,protein_0202,0.37777777777777777
protein_0258,protein_0203,0.13934426229508196
protein_0258,protein_0204,0.1956521739130435
protein_0258,protein_0205,0.125
protein_0258,protein_0206,0.5402298850574713
protein_0258,protein_0207,0.11363636363636363
protein_0258,protein_0208,0.16216216216216217
protein_0258,protein_0209,0.2988505747126437
protein_0258,protein_0210,0.2988505747126437
protein_0258,protein_0211,0.1348314606741573
protein_0258,protein_0212,0.1956521739130435
protein_0258,protein_0213,0.367816091954023
protein_0258,protein_0214,0.16842105263157894
protein_0258,protein_0215,0.18604651162790697
protein_0258,protein_0216,0.16161616161616163
protein_0258,protein_0217,0.18085106382978725
protein_0258,protein_0219,0.13953488372093023
protein_0258,protein_0220,0.24175824175824176
protein_0258,protein_0221,0.14444444444444443
protein_0258,protein_0222,0.45348837209302323
protein_0258,protein_0223,0.20833333333333334
protein_0258,protein_0224,0.1827956989247312
protein_0258,protein_0225,0.18085106382978725
protein_0258,protein_0226,0.13131313131313133
protein_0258,protein_0227,0.16279069767441862
protein_0258,protein_0228,0.22105263157894736
protein_0258,protein_0230,0.18681318681318682
protein_0258,protein_0231,0.3707865168539326
protein_0258,protein_0232,0.1744186046511628
protein_0258,protein_0233,0.14728682170542637
protein_0258,protein_0234,0.12745098039215685
protein_0258,protein_0235,0.1744186046511628
protein_0258,protein_0236,0.5172413793103449
protein_0258,protein_0237,0.5172413793103449
protein_0258,protein_0238,0.125
protein_0258,protein_0239,0.32954545454545453
protein_0258,protein_0240,0.3522727272727273
protein_0258,protein_0241,0.2988505747126437
protein_0258,protein_0242,0.1744186046511628
protein_0258,protein_0243,0.3563218390804598
protein_0258,protein_0244,0.13333333333333333
protein_0258,protein_0246,0.10526315789473684
protein_0258,protein_0247,0.23711340206185566
protein_0258,protein_0248,0.3218390804597701
protein_0258,protein_0249,0.28888888888888886
protein_0258,protein_0250,0.19230769230769232
protein_0258,protein_0251,0.16129032258064516
protein_0258,protein_0252,0.16842105263157894
protein_0258,protein_0253,0.14912280701754385
protein_0258,protein_0254,0.14130434782608695
protein_0258,protein_0255,0.09195402298850575
protein_0258,protein_0256,0.11538461538461539
protein_0258,protein_0257,0.11538461538461539
protein_0258,protein_0259,0.1511627906976744
protein_0258,protein_0260,0.1511627906976744
protein_0258,protein_0261,0.13
protein_0258,protein_0262,0.13138686131386862
protein_0258,protein_0263,0.16176470588235295
protein_0258,protein_0264,0.2988505747126437
protein_0258,protein_0266,0.1875
protein_0258,protein_0267,0.2
protein_0258,protein_0268,0.14772727272727273
protein_0258,protein_0269,0.1487603305785124
protein_0258,protein_0270,0.1839080459770115
protein_0258,protein_0271,0.18888888888888888
protein_0258,protein_0272,0.5222222222222223
protein_0258,protein_0273,0.5274725274725275
protein_0258,protein_0274,0.22826086956521738
protein_0258,protein_0276,0.3068181818181818
protein_0258,protein_0277,0.1744186046511628
protein_0258,protein_0278,0.2777777777777778
protein_0258,protein_0279,0.26436781609195403
protein_0258,protein_0280,0.26436781609195403
protein_0258,protein_0281,0.09821428571428571
protein_0258,protein_0282,0.125
protein_0258,protein_0283,0.11261261261261261
protein_0258,protein_0285,0.5280898876404494
protein_0258,protein_0286,0.1511627906976744
protein_0258,protein_0287,0.2
protein_0258,protein_0288,0.2988505747126437
protein_0258,protein_0289,0.16853932584269662
protein_0258,protein_0290,0.13761467889908258
protein_0258,protein_0292,0.1511627906976744
protein_0258,protein_0293,0.17045454545454544
protein_0258,protein_0294,0.2840909090909091
protein_0258,protein_0295,0.1590909090909091
protein_0258,protein_0296,0.15384615384615385
protein_0258,protein_0297,0.14942528735632185
protein_0258,protein_0298,0.16483516483516483
protein_0258,protein_0299,0.16
protein_0258,protein_0300,0.14285714285714285
protein_0258,protein_0301,0.1368421052631579
protein_0258,protein_0302,0.1152073732718894
protein_0258,protein_0303,0.22727272727272727
protein_0258,protein_0304,0.1956521739130435
protein_0258,protein_0305,0.21153846153846154
protein_0258,protein_0306,0.1323529411764706
protein_0258,protein_0308,0.16153846153846155
protein_0258,protein_0309,0.17647058823529413
protein_0258,protein_0310,0.17475728155339806
protein_0258,protein_0312,0.3977272727272727
protein_0258,protein_0313,0.25842696629213485
protein_0258,protein_0314,0.1308411214953271
protein_0258,protein_0315,0.1271186440677966
protein_0258,protein_0317,0.14
protein_0258,protein_0318,0.10714285714285714
protein_0258,protein_0319,0.5747126436781609
protein_0258,protein_0320,0.2717391304347826
protein_0258,protein_0321,0.17777777777777778
protein_0258,protein_0322,0.26436781609195403
protein_0258,protein_0323,0.3595505617977528
protein_0258,protein_0324,0.1511627906976744
protein_0258,protein_0325,0.14035087719298245
protein_0258,protein_0326,0.17708333333333334
protein_0258,protein_0327,0.3448275862068966
protein_0258,protein_0328,0.16071428571428573
protein_0258,protein_0329,0.16071428571428573
protein_0258,protein_0330,0.4482758620689655
protein_0258,protein_0331,0.16279069767441862
protein_0258,protein_0334,0.1978021978021978
protein_0258,protein_0335,0.16216216216216217
protein_0258,protein_0336,0.1744186046511628
protein_0258,protein_0337,0.4090909090909091
protein_0258,protein_0338,0.27586206896551724
protein_0258,protein_0339,0.17582417582417584
protein_0258,protein_0340,0.1
protein_0258,protein_0341,0.21904761904761905
protein_0258,protein_0342,0.12790697674418605
protein_0258,protein_0343,0.15789473684210525
protein_0258,protein_0344,0.3103448275862069
protein_0258,protein_0345,0.18548387096774194
protein_0258,protein_0346,0.18548387096774194
protein_0258,protein_0348,0.13533834586466165
protein_0258,protein_0349,0.1792452830188679
protein_0258,protein_0350,0.3218390804597701
protein_0258,protein_0352,0.12790697674418605
protein_0258,protein_0353,0.17391304347826086
protein_0258,protein_0354,0.27586206896551724
protein_0258,protein_0355,0.40229885057471265
protein_0258,protein_0356,0.16279069767441862
protein_0258,protein_0357,0.1557377049180328
protein_0258,protein_0358,0.3218390804597701
protein_0258,protein_0359,0.15873015873015872
protein_0258,protein_0360,0.2988505747126437
protein_0258,protein_0361,0.13114754098360656
protein_0258,protein_0362,0.21348314606741572
protein_0258,protein_0364,0.20224719101123595
protein_0258,protein_0365,0.21052631578947367
protein_0258,protein_0366,0.21052631578947367
protein_0258,protein_0367,0.12745098039215685
protein_0258,protein_0368,0.14130434782608695
protein_0258,protein_0369,0.12790697674418605
protein_0258,protein_0370,0.3103448275862069
protein_0258,protein_0371,0.27906976744186046
protein_0258,protein_0372,0.0990990990990991
protein_0258,protein_0373,0.14423076923076922
protein_0258,protein_0374,0.16666666666666666
protein_0258,protein_0375,0.26436781609195403
protein_0258,protein_0376,0.18269230769230768
protein_0258,protein_0377,0.2717391304347826
protein_0258,protein_0378,0.19491525423728814
protein_0258,protein_0379,0.1958762886597938
protein_0258,protein_0380,0.1958762886597938
protein_0258,protein_0381,0.1958762886597938
protein_0258,protein_0382,0.26373626373626374
protein_0258,protein_0383,0.16091954022988506
protein_0258,protein_0384,0.3103448275862069
protein_0258,protein_0385,0.1414141414141414
protein_0258,protein_0386,0.1553398058252427
protein_0258,protein_0387,0.11016949152542373
protein_0258,protein_0388,0.16279069767441862
protein_0258,protein_0389,0.1511627906976744
protein_0258,protein_0390,0.4659090909090909
protein_0258,protein_0391,0.2111111111111111
protein_0258,protein_0392,0.3181818181818182
protein_0258,protein_0393,0.3181818181818182
protein_0258,protein_0394,0.1565217391304348
protein_0258,protein_0395,0.21875
protein_0258,protein_0396,0.14035087719298245
protein_0258,protein_0397,0.25274725274725274
protein_0258,protein_0399,0.3333333333333333
protein_0265,protein_0000,0.3563218390804598
protein_0265,protein_0001,0.16091954022988506
protein_0265,protein_0002,0.1935483870967742
protein_0265,protein_0003,0.39080459770114945
protein_0265,protein_0004,0.4827586206896552
protein_0265,protein_0005,0.12222222222222222
protein_0265,protein_0007,0.1875
protein_0265,protein_0008,0.21568627450980393
protein_0265,protein_0009,0.27586206896551724
protein_0265,protein_0011,0.3333333333333333
protein_0265,protein_0012,0.3516483516483517
protein_0265,protein_0013,0.1724137931034483
protein_0265,protein_0014,0.19101123595505617
protein_0265,protein_0015,0.1891891891891892
protein_0265,protein_0016,0.19047619047619047
protein_0265,protein_0018,0.4090909090909091
protein_0265,protein_0019,0.19540229885057472
protein_0265,protein_0020,0.367816091954023
protein_0265,protein_0021,0.18478260869565216
protein_0265,protein_0022,0.21
protein_0265,protein_0023,0.15151515151515152
protein_0265,protein_0025,0.3218390804597701
protein_0265,protein_0026,0.16279069767441862
protein_0265,protein_0027,0.1956521739130435
protein_0265,protein_0028,0.12931034482758622
protein_0265,protein_0029,0.16091954022988506
protein_0265,protein_0030,0.16260162601626016
protein_0265,protein_0031,0.18627450980392157
protein_0265,protein_0032,0.4827586206896552
protein_0265,protein_0033,0.3563218390804598
protein_0265,protein_0034,0.29545454545454547
protein_0265,protein_0035,0.15841584158415842
protein_0265,protein_0037,0.3068181818181818
protein_0265,protein_0038,0.3068181818181818
protein_0265,protein_0039,0.28735632183908044
protein_0265,protein_0040,0.15730337078651685
protein_0265,protein_0041,0.4942528735632184
protein_0265,protein_0042,0.2247191011235955
protein_0265,protein_0043,0.20689655172413793
protein_0265,protein_0044,0.1839080459770115
protein_0265,protein_0045,0.3804347826086957
protein_0265,protein_0046,0.1875
protein_0265,protein_0047,0.28735632183908044
protein_0265,protein_0048,0.26436781609195403
protein_0265,protein_0049,0.25287356321839083
protein_0265,protein_0050,0.17142857142857143
protein_0265,protein_0051,0.16091954022988506
protein_0265,protein_0052,0.4482758620689655
protein_0265,protein_0053,0.3448275862068966
protein_0265,protein_0054,0.1452991452991453
protein_0265,protein_0055,0.13821138211382114
protein_0265,protein_0056,0.1509433962264151
protein_0265,protein_0057,0.16666666666666666
protein_0265,protein_0058,0.19540229885057472
protein_0265,protein_0060,0.17142857142857143
protein_0265,protein_0061,0.2087912087912088
protein_0265,protein_0062,0.39325842696629215
protein_0265,protein_0063,0.12558139534883722
protein_0265,protein_0064,0.3595505617977528
protein_0265,protein_0065,0.17307692307692307
protein_0265,protein_0066,0.16
protein_0265,protein_0067,0.27586206896551724
protein_0265,protein_0068,0.24719101123595505
protein_0265,protein_0069,0.32222222222222224
protein_0265,protein_0070,0.20689655172413793
protein_0265,protein_0071,0.32967032967032966
protein_0265,protein_0072,0.15555555555555556
protein_0265,protein_0073,0.2727272727272727
protein_0265,protein_0074,0.1782178217821782
protein_0265,protein_0075,0.15306122448979592
protein_0265,protein_0076,0.1839080459770115
protein_0265,protein_0077,0.39080459770114945
protein_0265,protein_0078,0.1262135922330097
protein_0265,protein_0079,0.1262135922330097
protein_0265,protein_0080,0.42045454545454547
protein_0265,protein_0082,0.14
protein_0265,protein_0083,0.26436781609195403
protein_0265,protein_0084,0.22826086956521738
protein_0265,protein_0085,0.12962962962962962
protein_0265,protein_0086,0.13
protein_0265,protein_0087,0.14942528735632185
protein_0265,protein_0088,0.39325842696629215
protein_0265,protein_0089,0.16216216216216217
protein_0265,protein_0090,0.1565217391304348
protein_0265,protein_0091,0.17699115044247787
protein_0265,protein_0092,0.17699115044247787
protein_0265,protein_0093,0.2808988764044944
protein_0265,protein_0094,0.2066115702479339
protein_0265,protein_0095,0.144
protein_0265,protein_0096,0.13
protein_0265,protein_0097,0.3218390804597701
protein_0265,protein_0098,0.45454545454545453
protein_0265,protein_0099,0.1619047619047619
protein_0265,protein_0100,0.20454545454545456
protein_0265,protein_0101,0.26136363636363635
protein_0265,protein_0102,0.31521739130434784
protein_0265,protein_0104,0.1640625
protein_0265,protein_0105,0.10344827586206896
protein_0265,protein_0106,0.13675213675213677
protein_0265,protein_0107,0.391304347826087
protein_0265,protein_0108,0.23333333333333334
protein_0265,protein_0110,0.32967032967032966
protein_0265,protein_0112,0.1262135922330097
protein_0265,protein_0113,0.2988505747126437
protein_0265,protein_0114,0.45977011494252873
protein_0265,protein_0115,0.25287356321839083
protein_0265,protein_0116,0.12727272727272726
protein_0265,protein_0117,0.12727272727272726
protein_0265,protein_0118,0.2247191011235955
protein_0265,protein_0120,0.3448275862068966
protein_0265,protein_0121,0.3448275862068966
protein_0265,protein_0122,0.2826086956521739
protein_0265,protein_0123,0.14772727272727273
protein_0265,protein_0124,0.3563218390804598
protein_0265,protein_0125,0.16346153846153846
protein_0265,protein_0126,0.2336448598130841
protein_0265,protein_0127,0.6091954022988506
protein_0265,protein_0128,0.367816091954023
protein_0265,protein_0129,0.20689655172413793
protein_0265,protein_0130,0.176
protein_0265,protein_0131,0.13793103448275862
protein_0265,protein_0132,0.2543859649122807
protein_0265,protein_0133,0.2543859649122807
protein_0265,protein_0134,0.3793103448275862
protein_0265,protein_0135,0.2988505747126437
protein_0265,protein_0136,0.14285714285714285
protein_0265,protein_0137,0.15447154471544716
protein_0265,protein_0138,0.15447154471544716
protein_0265,protein_0140,0.3448275862068966
protein_0265,protein_0141,0.3
protein_0265,protein_0142,0.367816091954023
protein_0265,protein_0143,0.3103448275862069
protein_0265,protein_0144,0.3103448275862069
protein_0265,protein_0146,0.20454545454545456
protein_0265,protein_0147,0.40229885057471265
protein_0265,protein_0148,0.3448275862068966
protein_0265,protein_0149,0.1724137931034483
protein_0265,protein_0151,0.25
protein_0265,protein_0152,0.16091954022988506
protein_0265,protein_0153,0.20224719101123595
protein_0265,protein_0154,0.16853932584269662
protein_0265,protein_0156,0.19090909090909092
protein_0265,protein_0158,0.1724137931034483
protein_0265,protein_0159,0.367816091954023
protein_0265,protein_0160,0.3563218390804598
protein_0265,protein_0161,0.18487394957983194
protein_0265,protein_0162,0.3218390804597701
protein_0265,protein_0163,0.14705882352941177
protein_0265,protein_0164,0.3103448275862069
protein_0265,protein_0166,0.3218390804597701
protein_0265,protein_0168,0.15254237288135594
protein_0265,protein_0169,0.14754098360655737
protein_0265,protein_0170,0.3448275862068966
protein_0265,protein_0171,0.23595505617977527
protein_0265,protein_0172,0.18032786885245902
protein_0265,protein_0173,0.3563218390804598
protein_0265,protein_0174,0.367816091954023
protein_0265,protein_0176,0.1839080459770115
protein_0265,protein_0178,0.1724137931034483
protein_0265,protein_0179,0.17796610169491525
protein_0265,protein_0180,0.25
protein_0265,protein_0181,0.27586206896551724
protein_0265,protein_0182,0.2988505747126437
protein_0265,protein_0183,0.18518518518518517
protein_0265,protein_0184,0.375
protein_0265,protein_0185,0.15217391304347827
protein_0265,protein_0186,0.17592592592592593
protein_0265,protein_0187,0.3448275862068966
protein_0265,protein_0188,0.1724137931034483
protein_0265,protein_0189,0.39080459770114945
protein_0265,protein_0190,0.27586206896551724
protein_0265,protein_0191,0.42528735632183906
protein_0265,protein_0193,0.375
protein_0265,protein_0195,0.3103448275862069
protein_0265,protein_0197,0.3076923076923077
protein_0265,protein_0198,0.48314606741573035
protein_0265,protein_0199,0.17777777777777778
protein_0265,protein_0200,0.2727272727272727
protein_0265,protein_0201,0.17475728155339806
protein_0265,protein_0202,0.32954545454545453
protein_0265,protein_0203,0.16260162601626016
protein_0265,protein_0204,0.19540229885057472
protein_0265,protein_0205,0.13513513513513514
protein_0265,protein_0206,0.34065934065934067
protein_0265,protein_0207,0.15748031496062992
protein_0265,protein_0208,0.18627450980392157
protein_0265,protein_0209,0.21839080459770116
protein_0265,protein_0210,0.40229885057471265
protein_0265,protein_0211,0.1590909090909091
protein_0265,protein_0212,0.13186813186813187
protein_0265,protein_0213,0.40229885057471265
protein_0265,protein_0214,0.12643678160919541
protein_0265,protein_0215,0.12643678160919541
protein_0265,protein_0216,0.1523809523809524
protein_0265,protein_0217,0.15730337078651685
protein_0265,protein_0219,0.1889763779527559
protein_0265,protein_0220,0.34831460674157305
protein_0265,protein_0221,0.18181818181818182
protein_0265,protein_0222,0.25287356321839083
protein_0265,protein_0223,0.1724137931034483
protein_0265,protein_0224,0.19318181818181818
protein_0265,protein_0225,0.14772727272727273
protein_0265,protein_0226,0.1919191919191919
protein_0265,protein_0227,0.13186813186813187
protein_0265,protein_0228,0.20212765957446807
protein_0265,protein_0230,0.20652173913043478
protein_0265,protein_0231,0.42528735632183906
protein_0265,protein_0232,0.1590909090909091
protein_0265,protein_0233,0.13385826771653545
protein_0265,protein_0234,0.19230769230769232
protein_0265,protein_0235,0.1619047619047619
protein_0265,protein_0236,0.28735632183908044
protein_0265,protein_0237,0.28735632183908044
protein_0265,protein_0238,0.1417910447761194
protein_0265,protein_0239,0.3218390804597701
protein_0265,protein_0240,0.32954545454545453
protein_0265,protein_0241,0.3103448275862069
protein_0265,protein_0242,0.13636363636363635
protein_0265,protein_0243,0.3218390804597701
protein_0265,protein_0244,0.21649484536082475
protein_0265,protein_0246,0.1958762886597938
protein_0265,protein_0247,0.18085106382978725
protein_0265,protein_0248,0.3956043956043956
protein_0265,protein_0249,0.3103448275862069
protein_0265,protein_0250,0.20833333333333334
protein_0265,protein_0251,0.18556701030927836
protein_0265,protein_0252,0.17346938775510204
protein_0265,protein_0253,0.168141592920354
protein_0265,protein_0254,0.18888888888888888
protein_0265,protein_0255,0.1111111111111111
protein_0265,protein_0256,0.16521739130434782
protein_0265,protein_0257,0.17391304347826086
protein_0265,protein_0259,0.1839080459770115
protein_0265,protein_0260,0.1839080459770115
protein_0265,protein_0261,0.18095238095238095
protein_0265,protein_0262,0.14492753623188406
protein_0265,protein_0263,0.14583333333333334
protein_0265,protein_0264,1.0
protein_0265,protein_0266,0.1134020618556701
protein_0265,protein_0267,0.21505376344086022
protein_0265,protein_0268,0.11235955056179775
protein_0265,protein_0269,0.16379310344827586
protein_0265,protein_0270,0.1724137931034483
protein_0265,protein_0271,0.1839080459770115
protein_0265,protein_0272,0.3522727272727273
protein_0265,protein_0273,0.3409090909090909
protein_0265,protein_0274,0.2247191011235955
protein_0265,protein_0276,0.45454545454545453
protein_0265,protein_0277,0.1839080459770115
protein_0265,protein_0278,0.29347826086956524
protein_0265,protein_0279,0.29213483146067415
protein_0265,protein_0280,0.29213483146067415
protein_0265,protein_0281,0.13821138211382114
protein_0265,protein_0282,0.23404255319148937
protein_0265,protein_0283,0.1085972850678733
protein_0265,protein_0285,0.3146067415730337
protein_0265,protein_0286,0.1839080459770115
protein_0265,protein_0287,0.22727272727272727
protein_0265,protein_0288,0.3218390804597701
protein_0265,protein_0289,0.15730337078651685
protein_0265,protein_0290,0.1565217391304348
protein_0265,protein_0292,0.14942528735632185
protein_0265,protein_0293,0.2247191011235955
protein_0265,protein_0294,0.2413793103448276
protein_0265,protein_0295,0.13793103448275862
protein_0265,protein_0296,0.125
protein_0265,protein_0297,0.11363636363636363
protein_0265,protein_0298,0.15217391304347827
protein_0265,protein_0299,0.21875
protein_0265,protein_0300,0.1595744680851064
protein_0265,protein_0301,0.15789473684210525
protein_0265,protein_0302,0.13574660633484162
protein_0265,protein_0303,0.25287356321839083
protein_0265,protein_0304,0.15789473684210525
protein_0265,protein_0305,0.19230769230769232
protein_0265,protein_0306,0.13821138211382114
protein_0265,protein_0308,0.13559322033898305
protein_0265,protein_0309,0.1935483870967742
protein_0265,protein_0310,0.18691588785046728
protein_0265,protein_0312,0.40229885057471265
protein_0265,protein_0313,0.17592592592592593
protein_0265,protein_0314,0.1485148514851485
protein_0265,protein_0315,0.14960629921259844
protein_0265,protein_0317,0.11926605504587157
protein_0265,protein_0318,0.12389380530973451
protein_0265,protein_0319,0.27586206896551724
protein_0265,protein_0320,0.3103448275862069
protein_0265,protein_0321,0.2087912087912088
protein_0265,protein_0322,0.28735632183908044
protein_0265,protein_0323,0.25287356321839083
protein_0265,protein_0324,0.16494845360824742
protein_0265,protein_0325,0.1652892561983471
protein_0265,protein_0326,0.1368421052631579
protein_0265,protein_0327,0.3793103448275862
protein_0265,protein_0328,0.11504424778761062
protein_0265,protein_0329,0.11504424778761062
protein_0265,protein_0330,0.34444444444444444
protein_0265,protein_0331,0.16091954022988506
protein_0265,protein_0334,0.2222222222222222
protein_0265,protein_0335,0.1391304347826087
protein_0265,protein_0336,0.1724137931034483
protein_0265,protein_0337,0.27586206896551724
protein_0265,protein_0338,0.27586206896551724
protein_0265,protein_0339,0.20224719101123595
protein_0265,protein_0340,0.1792452830188679
protein_0265,protein_0341,0.22115384615384615
protein_0265,protein_0342,0.16091954022988506
protein_0265,protein_0343,0.1485148514851485
protein_0265,protein_0344,0.43333333333333335
protein_0265,protein_0345,0.18803418803418803
protein_0265,protein_0346,0.18803418803418803
protein_0265,protein_0348,0.15789473684210525
protein_0265,protein_0349,0.15841584158415842
protein_0265,protein_0350,0.40229885057471265
protein_0265,protein_0352,0.14444444444444443
protein_0265,protein_0353,0.16666666666666666
protein_0265,protein_0354,0.23595505617977527
protein_0265,protein_0355,0.27586206896551724
protein_0265,protein_0356,0.1348314606741573
protein_0265,protein_0357,0.14754098360655737
protein_0265,protein_0358,0.43333333333333335
protein_0265,protein_0359,0.08403361344537816
protein_0265,protein_0360,0.367816091954023
protein_0265,protein_0361,0.140625
protein_0265,protein_0362,0.21052631578947367
protein_0265,protein_0364,0.21052631578947367
protein_0265,protein_0365,0.24731182795698925
protein_0265,protein_0366,0.24731182795698925
protein_0265,protein_0367,0.18269230769230768
protein_0265,protein_0368,0.16161616161616163
protein_0265,protein_0369,0.13186813186813187
protein_0265,protein_0370,0.43333333333333335
protein_0265,protein_0371,0.45977011494252873
protein_0265,protein_0372,0.1278538812785388
protein_0265,protein_0373,0.14678899082568808
protein_0265,protein_0374,0.15126050420168066
protein_0265,protein_0375,0.5747126436781609
protein_0265,protein_0376,0.15384615384615385
protein_0265,protein_0377,0.3258426966292135
protein_0265,protein_0378,0.1623931623931624
protein_0265,protein_0379,0.18085106382978725
protein_0265,protein_0380,0.18085106382978725
protein_0265,protein_0381,0.18085106382978725
protein_0265,protein_0382,0.1839080459770115
protein_0265,protein_0383,0.1724137931034483
protein_0265,protein_0384,0.3333333333333333
protein_0265,protein_0385,0.16666666666666666
protein_0265,protein_0386,0.1414141414141414
protein_0265,protein_0387,0.16161616161616163
protein_0265,protein_0388,0.15730337078651685
protein_0265,protein_0389,0.13793103448275862
protein_0265,protein_0390,0.3
protein_0265,protein_0391,0.25
protein_0265,protein_0392,0.3218390804597701
protein_0265,protein_0393,0.3218390804597701
protein_0265,protein_0394,0.14035087719298245
protein_0265,protein_0395,0.24468085106382978
protein_0265,protein_0396,0.1452991452991453
protein_0265,protein_0397,0.2988505747126437
protein_0265,protein_0399,0.41379310344827586
protein_0275,protein_0000,0.1919191919191919
protein_0275,protein_0001,0.1111111111111111
protein_0275,protein_0002,0.2336448598130841
protein_0275,protein_0003,0.15384615384615385
protein_0275,protein_0004,0.18095238095238095
protein_0275,protein_0005,0.16666666666666666
protein_0275,protein_0007,0.16161616161616163
protein_0275,protein_0008,0.5757575757575758
protein_0275,protein_0009,0.16666666666666666
protein_0275,protein_0011,0.15841584158415842
protein_0275,protein_0012,0.19811320754716982
protein_0275,protein_0013,0.1262135922330097
protein_0275,protein_0014,0.2727272727272727
protein_0275,protein_0015,0.25252525252525254
protein_0275,protein_0016,0.5353535353535354
protein_0275,protein_0018,0.14814814814814814
protein_0275,protein_0019,0.14423076923076922
protein_0275,protein_0020,0.14285714285714285
protein_0275,protein_0021,0.21
protein_0275,protein_0022,0.1619047619047619
protein_0275,protein_0023,0.17272727272727273
protein_0275,protein_0025,0.1941747572815534
protein_0275,protein_0026,0.17293233082706766
protein_0275,protein_0027,0.17647058823529413
protein_0275,protein_0028,0.125
protein_0275,protein_0029,0.1568627450980392
protein_0275,protein_0030,0.16129032258064516
protein_0275,protein_0031,0.40404040404040403
protein_0275,protein_0032,0.17142857142857143
protein_0275,protein_0033,0.18095238095238095
protein_0275,protein_0034,0.14705882352941177
protein_0275,protein_0035,0.15454545454545454
protein_0275,protein_0037,0.17
protein_0275,protein_0038,0.17
protein_0275,protein_0039,0.1782178217821782
protein_0275,protein_0040,0.1559633027522936
protein_0275,protein_0041,0.17272727272727273
protein_0275,protein_0042,0.15841584158415842
protein_0275,protein_0043,0.14678899082568808
protein_0275,protein_0044,0.16666666666666666
protein_0275,protein_0045,0.12745098039215685
protein_0275,protein_0046,0.18181818181818182
protein_0275,protein_0047,0.1650485436893204
protein_0275,protein_0048,0.17
protein_0275,protein_0049,0.16
protein_0275,protein_0050,0.48484848484848486
protein_0275,protein_0051,0.17307692307692307
protein_0275,protein_0052,0.1619047619047619
protein_0275,protein_0053,0.16981132075471697
protein_0275,protein_0054,0.18487394957983194
protein_0275,protein_0055,0.12396694214876033
protein_0275,protein_0056,0.144
protein_0275,protein_0057,0.16161616161616163
protein_0275,protein_0058,0.17475728155339806
protein_0275,protein_0060,0.2
protein_0275,protein_0061,0.15454545454545454
protein_0275,protein_0062,0.18269230769230768
protein_0275,protein_0063,0.14084507042253522
protein_0275,protein_0064,0.18584070796460178
protein_0275,protein_0065,0.6262626262626263
protein_0275,protein_0066,0.15254237288135594
protein_0275,protein_0067,0.18811881188118812
protein_0275,protein_0068,0.1504424778761062
protein_0275,protein_0069,0.1415929203539823
protein_0275,protein_0070,0.1553398058252427
protein_0275,protein_0071,0.1619047619047619
protein_0275,protein_0072,0.1717171717171717
protein_0275,protein_0073,0.1504424778761062
protein_0275,protein_0074,0.494949494949495
protein_0275,protein_0075,0.1523809523809524
protein_0275,protein_0076,0.19
protein_0275,protein_0077,0.19811320754716982
protein_0275,protein_0078,0.12380952380952381
protein_0275,protein_0079,0.12380952380952381
protein_0275,protein_0080,0.14018691588785046
protein_0275,protein_0082,0.1792452830188679
protein_0275,protein_0083,0.13592233009708737
protein_0275,protein_0084,0.16666666666666666
protein_0275,protein_0085,0.16981132075471697
protein_0275,protein_0086,0.11538461538461539
protein_0275,protein_0087,0.20202020202020202
protein_0275,protein_0088,0.16666666666666666
protein_0275,protein_0089,0.17355371900826447
protein_0275,protein_0090,0.20155038759689922
protein_0275,protein_0091,0.18803418803418803
protein_0275,protein_0092,0.18803418803418803
protein_0275,protein_0093,0.21359223300970873
protein_0275,protein_0094,0.15126050420168066
protein_0275,protein_0095,0.175
protein_0275,protein_0096,0.2727272727272727
protein_0275,protein_0097,0.16831683168316833
protein_0275,protein_0098,0.14
protein_0275,protein_0099,0.18584070796460178
protein_0275,protein_0100,0.1717171717171717
protein_0275,protein_0101,0.1504424778761062
protein_0275,protein_0102,0.18181818181818182
protein_0275,protein_0104,0.1746031746031746
protein_0275,protein_0105,0.15
protein_0275,protein_0106,0.17647058823529413
protein_0275,protein_0107,0.16
protein_0275,protein_0108,0.19642857142857142
protein_0275,protein_0110,0.19
protein_0275,protein_0112,0.09433962264150944
protein_0275,protein_0113,0.16346153846153846
protein_0275,protein_0114,0.19047619047619047
protein_0275,protein_0115,0.17307692307692307
protein_0275,protein_0116,0.1590909090909091
protein_0275,protein_0117,0.1590909090909091
protein_0275,protein_0118,0.16161616161616163
protein_0275,protein_0120,0.18095238095238095
protein_0275,protein_0121,0.18095238095238095
protein_0275,protein_0122,0.17307692307692307
protein_0275,protein_0123,0.16831683168316833
protein_0275,protein_0124,0.18095238095238095
protein_0275,protein_0125,0.797979797979798
protein_0275,protein_0126,0.5454545454545454
protein_0275,protein_0127,0.17142857142857143
protein_0275,protein_0128,0.14
protein_0275,protein_0129,0.12121212121212122
protein_0275,protein_0130,0.1937984496124031
protein_0275,protein_0131,0.14563106796116504
protein_0275,protein_0132,0.15454545454545454
protein_0275,protein_0133,0.15454545454545454
protein_0275,protein_0134,0.19
protein_0275,protein_0135,0.18691588785046728
protein_0275,protein_0136,0.16
protein_0275,protein_0137,0.13709677419354838
protein_0275,protein_0138,0.13709677419354838
protein_0275,protein_0140,0.18627450980392157
protein_0275,protein_0141,0.125
protein_0275,protein_0142,0.16
protein_0275,protein_0143,0.19444444444444445
protein_0275,protein_0144,0.1717171717171717
protein_0275,protein_0146,0.14423076923076922
protein_0275,protein_0147,0.14
protein_0275,protein_0148,0.19
protein_0275,protein_0149,0.15151515151515152
protein_0275,protein_0151,0.1414141414141414
protein_0275,protein_0152,0.14705882352941177
protein_0275,protein_0153,0.1782178217821782
protein_0275,protein_0154,0.1650485436893204
protein_0275,protein_0156,0.17355371900826447
protein_0275,protein_0158,0.16161616161616163
protein_0275,protein_0159,0.0970873786407767
protein_0275,protein_0160,0.16666666666666666
protein_0275,protein_0161,0.136
protein_0275,protein_0162,0.20588235294117646
protein_0275,protein_0163,0.1415929203539823
protein_0275,protein_0164,0.12871287128712872
protein_0275,protein_0166,0.14814814814814814
protein_0275,protein_0168,0.1774193548387097
protein_0275,protein_0169,0.17391304347826086
protein_0275,protein_0170,0.17647058823529413
protein_0275,protein_0171,0.15178571428571427
protein_0275,protein_0172,0.144
protein_0275,protein_0173,0.1919191919191919
protein_0275,protein_0174,0.18446601941747573
protein_0275,protein_0176,0.13861386138613863
protein_0275,protein_0178,0.1623931623931624
protein_0275,protein_0179,0.15517241379310345
protein_0275,protein_0180,0.16
protein_0275,protein_0181,0.2079207920792079
protein_0275,protein_0182,0.1619047619047619
protein_0275,protein_0183,0.26262626262626265
protein_0275,protein_0184,0.1504424778761062
protein_0275,protein_0185,0.13861386138613863
protein_0275,protein_0186,0.26262626262626265
protein_0275,protein_0187,0.16666666666666666
protein_0275,protein_0188,0.16
protein_0275,protein_0189,0.11764705882352941
protein_0275,protein_0190,0.21782178217821782
protein_0275,protein_0191,0.20952380952380953
protein_0275,protein_0193,0.16822429906542055
protein_0275,protein_0195,0.1568627450980392
protein_0275,protein_0197,0.14563106796116504
protein_0275,protein_0198,0.2
protein_0275,protein_0199,0.14150943396226415
protein_0275,protein_0200,0.1523809523809524
protein_0275,protein_0201,0.17272727272727273
protein_0275,protein_0202,0.16666666666666666
protein_0275,protein_0203,0.125
protein_0275,protein_0204,0.16161616161616163
protein_0275,protein_0205,0.1232876712328767
protein_0275,protein_0206,0.19811320754716982
protein_0275,protein_0207,0.16
protein_0275,protein_0208,0.1504424778761062
protein_0275,protein_0209,0.19230769230769232
protein_0275,protein_0210,0.1941747572815534
protein_0275,protein_0211,0.1523809523809524
protein_0275,protein_0212,0.16161616161616163
protein_0275,protein_0213,0.15
protein_0275,protein_0214,0.102803738317757
protein_0275,protein_0215,0.11
protein_0275,protein_0216,0.12389380530973451
protein_0275,protein_0217,0.18269230769230768
protein_0275,protein_0219,0.14049586776859505
protein_0275,protein_0220,0.2072072072072072
protein_0275,protein_0221,0.10891089108910891
protein_0275,protein_0222,0.15
protein_0275,protein_0223,0.1
protein_0275,protein_0224,0.16666666666666666
protein_0275,protein_0225,0.17
protein_0275,protein_0226,0.18181818181818182
protein_0275,protein_0227,0.09090909090909091
protein_0275,protein_0228,0.14678899082568808
protein_0275,protein_0230,0.16037735849056603
protein_0275,protein_0231,0.16666666666666666
protein_0275,protein_0232,0.15151515151515152
protein_0275,protein_0233,0.17692307692307693
protein_0275,protein_0234,0.5151515151515151
protein_0275,protein_0235,0.16666666666666666
protein_0275,protein_0236,0.19811320754716982
protein_0275,protein_0237,0.19811320754716982
protein_0275,protein_0238,0.13380281690140844
protein_0275,protein_0239,0.17757009345794392
protein_0275,protein_0240,0.16037735849056603
protein_0275,protein_0241,0.1509433962264151
protein_0275,protein_0242,0.1717171717171717
protein_0275,protein_0243,0.1523809523809524
protein_0275,protein_0244,0.2079207920792079
protein_0275,protein_0246,0.8383838383838383
protein_0275,protein_0247,0.2
protein_0275,protein_0248,0.18
protein_0275,protein_0249,0.19047619047619047
protein_0275,protein_0250,0.21359223300970873
protein_0275,protein_0251,0.11538461538461539
protein_0275,protein_0252,0.12962962962962962
protein_0275,protein_0253,0.16379310344827586
protein_0275,protein_0254,0.17647058823529413
protein_0275,protein_0255,0.12643678160919541
protein_0275,protein_0256,0.17699115044247787
protein_0275,protein_0257,0.16666666666666666
protein_0275,protein_0259,0.17
protein_0275,protein_0260,0.17
protein_0275,protein_0261,0.7575757575757576
protein_0275,protein_0262,0.14705882352941177
protein_0275,protein_0263,0.19424460431654678
protein_0275,protein_0264,0.2
protein_0275,protein_0266,0.2336448598130841
protein_0275,protein_0267,0.1346153846153846
protein_0275,protein_0268,0.15384615384615385
protein_0275,protein_0269,0.14285714285714285
protein_0275,protein_0270,0.15384615384615385
protein_0275,protein_0271,0.21212121212121213
protein_0275,protein_0272,0.1553398058252427
protein_0275,protein_0273,0.1553398058252427
protein_0275,protein_0274,0.1694915254237288
protein_0275,protein_0276,0.14
protein_0275,protein_0277,0.1414141414141414
protein_0275,protein_0278,0.13131313131313133
protein_0275,protein_0279,0.17757009345794392
protein_0275,protein_0280,0.18181818181818182
protein_0275,protein_0281,0.13392857142857142
protein_0275,protein_0282,0.12264150943396226
protein_0275,protein_0283,0.11009174311926606
protein_0275,protein_0285,0.20388349514563106
protein_0275,protein_0286,0.1553398058252427
protein_0275,protein_0287,0.15315315315315314
protein_0275,protein_0288,0.15151515151515152
protein_0275,protein_0289,0.16
protein_0275,protein_0290,0.13043478260869565
protein_0275,protein_0292,0.16161616161616163
protein_0275,protein_0293,0.1619047619047619
protein_0275,protein_0294,0.1826086956521739
protein_0275,protein_0295,0.1568627450980392
protein_0275,protein_0296,0.16
protein_0275,protein_0297,0.16161616161616163
protein_0275,protein_0298,0.18181818181818182
protein_0275,protein_0299,0.17757009345794392
protein_0275,protein_0300,0.17757009345794392
protein_0275,protein_0301,0.17757009345794392
protein_0275,protein_0302,0.10599078341013825
protein_0275,protein_0303,0.13592233009708737
protein_0275,protein_0304,0.16
protein_0275,protein_0305,0.1523809523809524
protein_0275,protein_0306,0.12396694214876033
protein_0275,protein_0308,0.2066115702479339
protein_0275,protein_0309,0.20952380952380953
protein_0275,protein_0310,0.52
protein_0275,protein_0312,0.20754716981132076
protein_0275,protein_0313,0.13761467889908258
protein_0275,protein_0314,0.12149532710280374
protein_0275,protein_0315,0.16535433070866143
protein_0275,protein_0317,0.0673076923076923
protein_0275,protein_0318,0.16071428571428573
protein_0275,protein_0319,0.16666666666666666
protein_0275,protein_0320,0.18095238095238095
protein_0275,protein_0321,0.15151515151515152
protein_0275,protein_0322,0.205607476635514
protein_0275,protein_0323,0.1414141414141414
protein_0275,protein_0324,0.15151515151515152
protein_0275,protein_0325,0.21008403361344538
protein_0275,protein_0326,0.1485148514851485
protein_0275,protein_0327,0.19801980198019803
protein_0275,protein_0328,0.16393442622950818
protein_0275,protein_0329,0.16393442622950818
protein_0275,protein_0330,0.1650485436893204
protein_0275,protein_0331,0.1568627450980392
protein_0275,protein_0334,0.12844036697247707
protein_0275,protein_0335,0.168141592920354
protein_0275,protein_0336,0.1485148514851485
protein_0275,protein_0337,0.16346153846153846
protein_0275,protein_0338,0.1592920353982301
protein_0275,protein_0339,0.19
protein_0275,protein_0340,0.125
protein_0275,protein_0341,0.14814814814814814
protein_0275,protein_0342,0.18181818181818182
protein_0275,protein_0343,0.15151515151515152
protein_0275,protein_0344,0.20388349514563106
protein_0275,protein_0345,0.1623931623931624
protein_0275,protein_0346,0.1623931623931624
protein_0275,protein_0348,0.17647058823529413
protein_0275,protein_0349,0.12844036697247707
protein_0275,protein_0350,0.15841584158415842
protein_0275,protein_0352,0.15
protein_0275,protein_0353,0.15254237288135594
protein_0275,protein_0354,0.16161616161616163
protein_0275,protein_0355,0.20454545454545456
protein_0275,protein_0356,0.18811881188118812
protein_0275,protein_0357,0.1724137931034483
protein_0275,protein_0358,0.16831683168316833
protein_0275,protein_0359,0.15748031496062992
protein_0275,protein_0360,0.22641509433962265
protein_0275,protein_0361,0.1557377049180328
protein_0275,protein_0362,0.18584070796460178
protein_0275,protein_0364,0.18584070796460178
protein_0275,protein_0365,0.2
protein_0275,protein_0366,0.21
protein_0275,protein_0367,0.46464646464646464
protein_0275,protein_0368,0.14953271028037382
protein_0275,protein_0369,0.10101010101010101
protein_0275,protein_0370,0.20388349514563106
protein_0275,protein_0371,0.20952380952380953
protein_0275,protein_0372,0.11467889908256881
protein_0275,protein_0373,0.1092436974789916
protein_0275,protein_0374,0.13675213675213677
protein_0275,protein_0375,0.17307692307692307
protein_0275,protein_0376,0.53
protein_0275,protein_0377,0.19298245614035087
protein_0275,protein_0378,0.12149532710280374
protein_0275,protein_0379,0.1926605504587156
protein_0275,protein_0380,0.1926605504587156
protein_0275,protein_0381,0.1926605504587156
protein_0275,protein_0382,0.17117117117117117
protein_0275,protein_0383,0.18
protein_0275,protein_0384,0.14285714285714285
protein_0275,protein_0385,0.29292929292929293
protein_0275,protein_0386,0.16981132075471697
protein_0275,protein_0387,0.12612612612612611
protein_0275,protein_0388,0.17
protein_0275,protein_0389,0.13131313131313133
protein_0275,protein_0390,0.22115384615384615
protein_0275,protein_0391,0.1717171717171717
protein_0275,protein_0392,0.1523809523809524
protein_0275,protein_0393,0.14563106796116504
protein_0275,protein_0394,0.08620689655172414
protein_0275,protein_0395,0.18627450980392157
protein_0275,protein_0396,0.1896551724137931
protein_0275,protein_0397,0.1588785046728972
protein_0275,protein_0399,0.12
protein_0284,protein_0000,0.26436781609195403
protein_0284,protein_0001,0.14080459770114942
protein_0284,protein_0002,0.15384615384615385
protein_0284,protein_0003,0.28735632183908044
protein_0284,protein_0004,0.26436781609195403
protein_0284,protein_0005,0.13978494623655913
protein_0284,protein_0007,0.14445932373619016
protein_0284,protein_0008,0.17543859649122806
protein_0284,protein_0009,0.23863636363636365
protein_0284,protein_0011,0.25287356321839083
protein_0284,protein_0012,0.27586206896551724
protein_0284,protein_0013,0.19607843137254902
protein_0284,protein_0014,0.17857142857142855
protein_0284,protein_0015,0.14678899082568808
protein_0284,protein_0016,0.19327731092436976
protein_0284,protein_0018,0.25
protein_0284,protein_0019,0.13836898395721925
protein_0284,protein_0020,0.25842696629213485
protein_0284,protein_0021,0.20754716981132076
protein_0284,protein_0022,0.12368421052631579
protein_0284,protein_0023,0.14722875048962003
protein_0284,protein_0025,0.19318181818181818
protein_0284,protein_0026,0.14388489208633093
protein_0284,protein_0027,0.1975231646471846
protein_0284,protein_0028,0.1532258064516129
protein_0284,protein_0029,0.14817290552584672
protein_0284,protein_0030,0.1721311475409836
protein_0284,protein_0031,0.1782178217821782
protein_0284,protein_0032,0.2857142857142857
protein_0284,protein_0033,0.2413793103448276
protein_0284,protein_0034,0.2413793103448276
protein_0284,protein_0035,0.175
protein_0284,protein_0037,0.8008789722785665
protein_0284,protein_0038,0.8008789722785665
protein_0284,protein_0039,0.2413793103448276
protein_0284,protein_0040,0.13978494623655913
protein_0284,protein_0041,0.3
protein_0284,protein_0042,0.1839080459770115
protein_0284,protein_0043,0.26436781609195403
protein_0284,protein_0044,0.26436781609195403
protein_0284,protein_0045,0.27586206896551724
protein_0284,protein_0046,0.14870689655172414
protein_0284,protein_0047,0.22988505747126436
protein_0284,protein_0048,0.22522522522522523
protein_0284,protein_0049,0.22988505747126436
protein_0284,protein_0050,0.16216216216216217
protein_0284,protein_0051,0.16566231447383106
protein_0284,protein_0052,0.27586206896551724
protein_0284,protein_0053,0.2413793103448276
protein_0284,protein_0054,0.21008403361344538
protein_0284,protein_0055,0.1937984496124031
protein_0284,protein_0056,0.13333333333333333
protein_0284,protein_0057,0.14445932373619016
protein_0284,protein_0058,0.1724137931034483
protein_0284,protein_0060,0.13449163449163448
protein_0284,protein_0061,0.21739130434782608
protein_0284,protein_0062,0.25287356321839083
protein_0284,protein_0063,0.11267605633802817
protein_0284,protein_0064,0.25555555555555554
protein_0284,protein_0065,0.18421052631578946
protein_0284,protein_0066,0.1346153846153846
protein_0284,protein_0067,0.22988505747126436
protein_0284,protein_0068,0.28735632183908044
protein_0284,protein_0069,0.22988505747126436
protein_0284,protein_0070,0.21839080459770116
protein_0284,protein_0071,0.20454545454545456
protein_0284,protein_0072,0.1605814739688979
protein_0284,protein_0073,0.3103448275862069
protein_0284,protein_0074,0.17391304347826086
protein_0284,protein_0075,0.17631917631917632
protein_0284,protein_0076,0.17045454545454544
protein_0284,protein_0077,0.2967032967032967
protein_0284,protein_0078,0.14150943396226415
protein_0284,protein_0079,0.14150943396226415
protein_0284,protein_0080,0.26436781609195403
protein_0284,protein_0082,0.1724137931034483
protein_0284,protein_0083,0.22988505747126436
protein_0284,protein_0084,0.19086021505376344
protein_0284,protein_0085,0.13793103448275862
protein_0284,protein_0086,0.14634146341463414
protein_0284,protein_0087,0.12832418742085266
protein_0284,protein_0088,0.26373626373626374
protein_0284,protein_0089,0.15205570291777187
protein_0284,protein_0090,0.15322299651567944
protein_0284,protein_0091,0.1452991452991453
protein_0284,protein_0092,0.1452991452991453
protein_0284,protein_0093,0.28735632183908044
protein_0284,protein_0094,0.16101694915254236
protein_0284,protein_0095,0.1617752326413744
protein_0284,protein_0096,0.17272727272727273
protein_0284,protein_0097,0.25287356321839083
protein_0284,protein_0098,0.2988505747126437
protein_0284,protein_0099,0.13333333333333333
protein_0284,protein_0100,0.15146508041418816
protein_0284,protein_0101,0.28735632183908044
protein_0284,protein_0102,0.19540229885057472
protein_0284,protein_0104,0.15384615384615385
protein_0284,protein_0105,0.14563106796116504
protein_0284,protein_0106,0.1450719822812846
protein_0284,protein_0107,0.27586206896551724
protein_0284,protein_0108,0.24468085106382978
protein_0284,protein_0110,0.2413793103448276
protein_0284,protein_0112,0.12264150943396226
protein_0284,protein_0113,0.27586206896551724
protein_0284,protein_0114,0.30526315789473685
protein_0284,protein_0115,0.2159090909090909
protein_0284,protein_0116,0.14122440866626915
protein_0284,protein_0117,0.14122440866626915
protein_0284,protein_0118,0.15652467883705207
protein_0284,protein_0120,0.23076923076923078
protein_0284,protein_0121,0.23076923076923078
protein_0284,protein_0122,0.8492224475997295
protein_0284,protein_0123,0.11765644955300128
protein_0284,protein_0124,0.3010752688172043
protein_0284,protein_0125,0.19090909090909092
protein_0284,protein_0126,0.1891891891891892
protein_0284,protein_0127,0.2988505747126437
protein_0284,protein_0128,0.2967032967032967
protein_0284,protein_0129,0.22988505747126436
protein_0284,protein_0130,0.16523577235772358
protein_0284,protein_0131,0.1318840579710145
protein_0284,protein_0132,0.21621621621621623
protein_0284,protein_0133,0.21621621621621623
protein_0284,protein_0134,0.26436781609195403
protein_0284,protein_0135,0.27586206896551724
protein_0284,protein_0136,0.17094017094017094
protein_0284,protein_0137,0.1721311475409836
protein_0284,protein_0138,0.1721311475409836
protein_0284,protein_0140,0.25287356321839083
protein_0284,protein_0141,0.8616310160427807
protein_0284,protein_0142,0.2988505747126437
protein_0284,protein_0143,0.1839080459770115
protein_0284,protein_0144,0.19540229885057472
protein_0284,protein_0146,0.20454545454545456
protein_0284,protein_0147,0.27586206896551724
protein_0284,protein_0148,0.27586206896551724
protein_0284,protein_0149,0.14535208124093293
protein_0284,protein_0151,0.18888888888888888
protein_0284,protein_0152,0.15222984562607206
protein_0284,protein_0153,0.16405386393327304
protein_0284,protein_0154,0.15330117576123004
protein_0284,protein_0156,0.12903225806451613
protein_0284,protein_0158,0.13597612958226768
protein_0284,protein_0159,0.25
protein_0284,protein_0160,0.2222222222222222
protein_0284,protein_0161,0.17829457364341086
protein_0284,protein_0162,0.26373626373626374
protein_0284,protein_0163,0.21153846153846154
protein_0284,protein_0164,0.20689655172413793
protein_0284,protein_0166,0.25806451612903225
protein_0284,protein_0168,0.14657114253535228
protein_0284,protein_0169,0.16666666666666666
protein_0284,protein_0170,0.1839080459770115
protein_0284,protein_0171,0.2988505747126437
protein_0284,protein_0172,0.15625
protein_0284,protein_0173,0.2413793103448276
protein_0284,protein_0174,0.19540229885057472
protein_0284,protein_0176,0.14130655305335768
protein_0284,protein_0178,0.1440677966101695
protein_0284,protein_0179,0.15
protein_0284,protein_0180,0.3
protein_0284,protein_0181,0.22988505747126436
protein_0284,protein_0182,0.21839080459770116
protein_0284,protein_0183,0.14678899082568808
protein_0284,protein_0184,0.20689655172413793
protein_0284,protein_0185,0.21495327102803738
protein_0284,protein_0186,0.13761467889908258
protein_0284,protein_0187,0.19540229885057472
protein_0284,protein_0188,0.13834900731452454
protein_0284,protein_0189,0.25287356321839083
protein_0284,protein_0190,0.2840909090909091
protein_0284,protein_0191,0.29545454545454547
protein_0284,protein_0193,0.2840909090909091
protein_0284,protein_0195,0.2413793103448276
protein_0284,protein_0197,0.25287356321839083
protein_0284,protein_0198,0.26436781609195403
protein_0284,protein_0199,0.21739130434782608
protein_0284,protein_0200,0.2413793103448276
protein_0284,protein_0201,0.15841584158415842
protein_0284,protein_0202,0.28735632183908044
protein_0284,protein_0203,0.1282051282051282
protein_0284,protein_0204,0.1448306595365419
protein_0284,protein_0205,0.12206572769953052
protein_0284,protein_0206,0.27586206896551724
protein_0284,protein_0207,0.15702479338842976
protein_0284,protein_0208,0.1505952380952381
protein_0284,protein_0209,0.27586206896551724
protein_0284,protein_0210,0.26436781609195403
protein_0284,protein_0211,0.16073890267438656
protein_0284,protein_0212,0.18181818181818182
protein_0284,protein_0213,0.2988505747126437
protein_0284,protein_0214,0.14893617021276595
protein_0284,protein_0215,0.15217391304347827
protein_0284,protein_0216,0.14678899082568808
protein_0284,protein_0217,0.18947368421052632
protein_0284,protein_0219,0.18181818181818182
protein_0284,protein_0220,0.24444444444444444
protein_0284,protein_0221,0.16483516483516483
protein_0284,protein_0222,0.22988505747126436
protein_0284,protein_0223,0.13592233009708737
protein_0284,protein_0224,0.1338578283673697
protein_0284,protein_0225,0.16666666666666666
protein_0284,protein_0226,0.1792452830188679
protein_0284,protein_0227,0.13043478260869565
protein_0284,protein_0228,0.1940283991441354
protein_0284,protein_0230,0.1935483870967742
protein_0284,protein_0231,0.25287356321839083
protein_0284,protein_0232,0.15652467883705207
protein_0284,protein_0233,0.14388489208633093
protein_0284,protein_0234,0.18803418803418803
protein_0284,protein_0235,0.13641251221896383
protein_0284,protein_0236,0.19370965202330342
protein_0284,protein_0237,0.19370965202330342
protein_0284,protein_0238,0.15037593984962405
protein_0284,protein_0239,0.1839080459770115
protein_0284,protein_0240,0.1797752808988764
protein_0284,protein_0241,0.18888888888888888
protein_0284,protein_0242,0.1286342123056119
protein_0284,protein_0243,0.2159090909090909
protein_0284,protein_0244,0.14654802744425385
protein_0284,protein_0246,0.17475728155339806
protein_0284,protein_0247,0.1610762800417973
protein_0284,protein_0248,0.25
protein_0284,protein_0249,0.24719101123595505
protein_0284,protein_0250,0.15154950869236583
protein_0284,protein_0251,0.15315315315315314
protein_0284,protein_0252,0.17647058823529413
protein_0284,protein_0253,0.1694915254237288
protein_0284,protein_0254,0.1567813765182186
protein_0284,protein_0255,0.15168539325842698
protein_0284,protein_0256,0.14563106796116504
protein_0284,protein_0257,0.14563106796116504
protein_0284,protein_0259,0.1510450333979746
protein_0284,protein_0260,0.1510450333979746
protein_0284,protein_0261,0.17757009345794392
protein_0284,protein_0262,0.14084507042253522
protein_0284,protein_0263,0.1554054054054054
protein_0284,protein_0264,0.2840909090909091
protein_0284,protein_0266,0.1443139097744361
protein_0284,protein_0267,0.2111111111111111
protein_0284,protein_0268,0.2222222222222222
protein_0284,protein_0269,0.16379310344827586
protein_0284,protein_0270,0.2
protein_0284,protein_0271,0.13353617308992563
protein_0284,protein_0272,0.16457023060796644
protein_0284,protein_0273,0.15123456790123457
protein_0284,protein_0274,0.28125
protein_0284,protein_0276,0.35555555555555557
protein_0284,protein_0277,0.1590909090909091
protein_0284,protein_0278,0.23333333333333334
protein_0284,protein_0279,0.21839080459770116
protein_0284,protein_0280,0.19540229885057472
protein_0284,protein_0281,0.15966386554621848
protein_0284,protein_0282,0.16666666666666666
protein_0284,protein_0283,0.11009174311926606
protein_0284,protein_0285,0.25287356321839083
protein_0284,protein_0286,0.17502124044180117
protein_0284,protein_0287,0.22935779816513763
protein_0284,protein_0288,0.2777777777777778
protein_0284,protein_0289,0.12054367201426025
protein_0284,protein_0290,0.1557377049180328
protein_0284,protein_0292,0.1518939393939394
protein_0284,protein_0293,0.21348314606741572
protein_0284,protein_0294,0.4071223316912972
protein_0284,protein_0295,0.14895276292335113
protein_0284,protein_0296,0.18253968253968253
protein_0284,protein_0297,0.14541852905323038
protein_0284,protein_0298,0.13240495137046862
protein_0284,protein_0299,0.11642156862745098
protein_0284,protein_0300,0.13529411764705884
protein_0284,protein_0301,0.14509803921568626
protein_0284,protein_0302,0.1382488479262673
protein_0284,protein_0303,0.24719101123595505
protein_0284,protein_0304,0.13532716457369465
protein_0284,protein_0305,0.1606529209621993
protein_0284,protein_0306,0.1937984496124031
protein_0284,protein_0308,0.1623931623931624
protein_0284,protein_0309,0.16204453441295547
protein_0284,protein_0310,0.16666666666666666
protein_0284,protein_0312,0.2727272727272727
protein_0284,protein_0313,0.524454725710509
protein_0284,protein_0314,0.12844036697247707
protein_0284,protein_0315,0.16129032258064516
protein_0284,protein_0317,0.14634146341463414
protein_0284,protein_0318,0.16071428571428573
protein_0284,protein_0319,0.25287356321839083
protein_0284,protein_0320,0.23863636363636365
protein_0284,protein_0321,0.2111111111111111
protein_0284,protein_0322,0.21839080459770116
protein_0284,protein_0323,0.25287356321839083
protein_0284,protein_0324,0.1797752808988764
protein_0284,protein_0325,0.14737956251202772
protein_0284,protein_0326,0.15217391304347827
protein_0284,protein_0327,0.24444444444444444
protein_0284,protein_0328,0.14655172413793102
protein_0284,protein_0329,0.14655172413793102
protein_0284,protein_0330,0.26436781609195403
protein_0284,protein_0331,0.14817290552584672
protein_0284,protein_0334,0.16666666666666666
protein_0284,protein_0335,0.16981132075471697
protein_0284,protein_0336,0.1528971139017405
protein_0284,protein_0337,0.2195636875439831
protein_0284,protein_0338,0.2413793103448276
protein_0284,protein_0339,0.1497326203208556
protein_0284,protein_0340,0.18333333333333332
protein_0284,protein_0341,0.21568627450980393
protein_0284,protein_0342,0.13793103448275862
protein_0284,protein_0343,0.13114122053315708
protein_0284,protein_0344,0.26436781609195403
protein_0284,protein_0345,0.11104678091709125
protein_0284,protein_0346,0.11104678091709125
protein_0284,protein_0348,0.1774193548387097
protein_0284,protein_0349,0.17307692307692307
protein_0284,protein_0350,0.29545454545454547
protein_0284,protein_0352,0.15077755240027046
protein_0284,protein_0353,0.15197340197340198
protein_0284,protein_0354,0.23595505617977527
protein_0284,protein_0355,0.19618390804597702
protein_0284,protein_0356,0.13404321954274975
protein_0284,protein_0357,0.1640625
protein_0284,protein_0358,0.26436781609195403
protein_0284,protein_0359,0.19672131147540983
protein_0284,protein_0360,0.2413793103448276
protein_0284,protein_0361,0.18548387096774194
protein_0284,protein_0362,0.1724137931034483
protein_0284,protein_0364,0.1839080459770115
protein_0284,protein_0365,0.19540229885057472
protein_0284,protein_0366,0.20689655172413793
protein_0284,protein_0367,0.168141592920354
protein_0284,protein_0368,0.19148936170212766
protein_0284,protein_0369,0.14285714285714285
protein_0284,protein_0370,0.26436781609195403
protein_0284,protein_0371,0.28735632183908044
protein_0284,protein_0372,0.11926605504587157
protein_0284,protein_0373,0.17592592592592593
protein_0284,protein_0374,0.1322314049586777
protein_0284,protein_0375,0.2727272727272727
protein_0284,protein_0376,0.18518518518518517
protein_0284,protein_0377,0.2696629213483146
protein_0284,protein_0378,0.1565217391304348
protein_0284,protein_0379,0.17655502392344496
protein_0284,protein_0380,0.17655502392344496
protein_0284,protein_0381,0.17655502392344496
protein_0284,protein_0382,0.5379202921903534
protein_0284,protein_0383,0.13785363816682325
protein_0284,protein_0384,0.28735632183908044
protein_0284,protein_0385,0.14953271028037382
protein_0284,protein_0386,0.16666666666666666
protein_0284,protein_0387,0.14563106796116504
protein_0284,protein_0388,0.13269100743745774
protein_0284,protein_0389,0.1839080459770115
protein_0284,protein_0390,0.24444444444444444
protein_0284,protein_0391,0.2553191489361702
protein_0284,protein_0392,0.22727272727272727
protein_0284,protein_0393,0.23863636363636365
protein_0284,protein_0394,0.13793103448275862
protein_0284,protein_0395,0.21978021978021978
protein_0284,protein_0396,0.12903225806451613
protein_0284,protein_0397,0.2988505747126437
protein_0284,protein_0399,0.28735632183908044
protein_0291,protein_0000,0.21839080459770116
protein_0291,protein_0001,0.1351190476190476
protein_0291,protein_0002,0.22727272727272727
protein_0291,protein_0003,0.2727272727272727
protein_0291,protein_0004,0.2413793103448276
protein_0291,protein_0005,0.1619047619047619
protein_0291,protein_0007,0.13628691983122362
protein_0291,protein_0008,0.18181818181818182
protein_0291,protein_0009,0.28735632183908044
protein_0291,protein_0011,0.2413793103448276
protein_0291,protein_0012,0.28735632183908044
protein_0291,protein_0013,0.14150943396226415
protein_0291,protein_0014,0.16063936063936063
protein_0291,protein_0015,0.17272727272727273
protein_0291,protein_0016,0.18181818181818182
protein_0291,protein_0018,0.19540229885057472
protein_0291,protein_0019,0.14721744119334482
protein_0291,protein_0020,0.2413793103448276
protein_0291,protein_0021,0.19047619047619047
protein_0291,protein_0022,0.17349896480331262
protein_0291,protein_0023,0.21550671550671552
protein_0291,protein_0025,0.21839080459770116
protein_0291,protein_0026,0.16058394160583941
protein_0291,protein_0027,0.18452380952380953
protein_0291,protein_0028,0.1553398058252427
protein_0291,protein_0029,0.1421832884097035
protein_0291,protein_0030,0.15966386554621848
protein_0291,protein_0031,0.14814814814814814
protein_0291,protein_0032,0.22988505747126436
protein_0291,protein_0033,0.22988505747126436
protein_0291,protein_0034,0.22988505747126436
protein_0291,protein_0035,0.18181818181818182
protein_0291,protein_0037,0.4215043695380774
protein_0291,protein_0038,0.4215043695380774
protein_0291,protein_0039,0.28735632183908044
protein_0291,protein_0040,0.12962962962962962
protein_0291,protein_0041,0.21839080459770116
protein_0291,protein_0042,0.15294117647058825
protein_0291,protein_0043,0.20689655172413793
protein_0291,protein_0044,0.19540229885057472
protein_0291,protein_0045,0.23595505617977527
protein_0291,protein_0046,0.1464285714285714
protein_0291,protein_0047,0.2413793103448276
protein_0291,protein_0048,0.2413793103448276
protein_0291,protein_0049,0.26436781609195403
protein_0291,protein_0050,0.1717171717171717
protein_0291,protein_0051,0.145750452079566
protein_0291,protein_0052,0.19540229885057472
protein_0291,protein_0053,0.28735632183908044
protein_0291,protein_0054,0.17094017094017094
protein_0291,protein_0055,0.15079365079365079
protein_0291,protein_0056,0.13893653516295024
protein_0291,protein_0057,0.1473176612417119
protein_0291,protein_0058,0.17699115044247787
protein_0291,protein_0060,0.12380952380952381
protein_0291,protein_0061,0.17272727272727273
protein_0291,protein_0062,0.2413793103448276
protein_0291,protein_0063,0.11682242990654206
protein_0291,protein_0064,0.21839080459770116
protein_0291,protein_0065,0.1414141414141414
protein_0291,protein_0066,0.15384615384615385
protein_0291,protein_0067,0.22988505747126436
protein_0291,protein_0068,0.26436781609195403
protein_0291,protein_0069,0.21839080459770116
protein_0291,protein_0070,0.25
protein_0291,protein_0071,0.21839080459770116
protein_0291,protein_0072,0.15069686411149824
protein_0291,protein_0073,0.2988505747126437
protein_0291,protein_0074,0.19827586206896552
protein_0291,protein_0075,0.18822393822393824
protein_0291,protein_0076,0.21176470588235294
protein_0291,protein_0077,0.25287356321839083
protein_0291,protein_0078,0.13445378151260504
protein_0291,protein_0079,0.13445378151260504
protein_0291,protein_0080,0.19540229885057472
protein_0291,protein_0082,0.14285714285714285
protein_0291,protein_0083,0.2840909090909091
protein_0291,protein_0084,0.16605758582502766
protein_0291,protein_0085,0.1388888888888889
protein_0291,protein_0086,0.16666666666666666
protein_0291,protein_0087,0.155026455026455
protein_0291,protein_0088,0.2631578947368421
protein_0291,protein_0089,0.14150521609538003
protein_0291,protein_0090,0.13740685543964232
protein_0291,protein_0091,0.1504424778761062
protein_0291,protein_0092,0.1504424778761062
protein_0291,protein_0093,0.25287356321839083
protein_0291,protein_0094,0.14655172413793102
protein_0291,protein_0095,0.12466547725245317
protein_0291,protein_0096,0.17647058823529413
protein_0291,protein_0097,0.25287356321839083
protein_0291,protein_0098,0.26436781609195403
protein_0291,protein_0099,0.12916666666666665
protein_0291,protein_0100,0.1523809523809524
protein_0291,protein_0101,0.3103448275862069
protein_0291,protein_0102,0.2
protein_0291,protein_0104,0.17355371900826447
protein_0291,protein_0105,0.11428571428571428
protein_0291,protein_0106,0.14646946564885496
protein_0291,protein_0107,0.22988505747126436
protein_0291,protein_0108,0.2
protein_0291,protein_0110,0.2087912087912088
protein_0291,protein_0112,0.1864406779661017
protein_0291,protein_0113,0.24175824175824176
protein_0291,protein_0114,0.1839080459770115
protein_0291,protein_0115,0.21951219512195122
protein_0291,protein_0116,0.1289872408293461
protein_0291,protein_0117,0.1289872408293461
protein_0291,protein_0118,0.15105309346204476
protein_0291,protein_0120,0.1839080459770115
protein_0291,protein_0121,0.1839080459770115
protein_0291,protein_0122,0.40583949096880134
protein_0291,protein_0123,0.1314647377938517
protein_0291,protein_0124,0.1839080459770115
protein_0291,protein_0125,0.1568627450980392
protein_0291,protein_0126,0.17117117117117117
protein_0291,protein_0127,0.2413793103448276
protein_0291,protein_0128,0.26666666666666666
protein_0291,protein_0129,0.22988505747126436
protein_0291,protein_0130,0.14586776859504133
protein_0291,protein_0131,0.12449247671363745
protein_0291,protein_0132,0.1792452830188679
protein_0291,protein_0133,0.1792452830188679
protein_0291,protein_0134,0.2608695652173913
protein_0291,protein_0135,0.21686746987951808
protein_0291,protein_0136,0.1484375
protein_0291,protein_0137,0.1532258064516129
protein_0291,protein_0138,0.1532258064516129
protein_0291,protein_0140,0.22988505747126436
protein_0291,protein_0141,0.41135328562134027
protein_0291,protein_0142,0.24175824175824176
protein_0291,protein_0143,0.23863636363636365
protein_0291,protein_0144,0.21839080459770116
protein_0291,protein_0146,0.13333333333333333
protein_0291,protein_0147,0.25
protein_0291,protein_0148,0.20689655172413793
protein_0291,protein_0149,0.17700471698113207
protein_0291,protein_0151,0.2391304347826087
protein_0291,protein_0152,0.15378151260504203
protein_0291,protein_0153,0.18984348609390833
protein_0291,protein_0154,0.17261904761904762
protein_0291,protein_0156,0.17647058823529413
protein_0291,protein_0158,0.14468885343059038
protein_0291,protein_0159,0.2247191011235955
protein_0291,protein_0160,0.2413793103448276
protein_0291,protein_0161,0.171875
protein_0291,protein_0162,0.19753086419753085
protein_0291,protein_0163,0.16666666666666666
protein_0291,protein_0164,0.20689655172413793
protein_0291,protein_0166,0.1839080459770115
protein_0291,protein_0168,0.14553752535496958
protein_0291,protein_0169,0.14049586776859505
protein_0291,protein_0170,0.25609756097560976
protein_0291,protein_0171,0.25287356321839083
protein_0291,protein_0172,0.1794871794871795
protein_0291,protein_0173,0.21839080459770116
protein_0291,protein_0174,0.26436781609195403
protein_0291,protein_0176,0.1455131103074141
protein_0291,protein_0178,0.1826086956521739
protein_0291,protein_0179,0.1810344827586207
protein_0291,protein_0180,0.27586206896551724
protein_0291,protein_0181,0.2413793103448276
protein_0291,protein_0182,0.1724137931034483
protein_0291,protein_0183,0.16666666666666666
protein_0291,protein_0184,0.19318181818181818
protein_0291,protein_0185,0.1978021978021978
protein_0291,protein_0186,0.16363636363636364
protein_0291,protein_0187,0.21839080459770116
protein_0291,protein_0188,0.14672897196261683
protein_0291,protein_0189,0.20689655172413793
protein_0291,protein_0190,0.2413793103448276
protein_0291,protein_0191,0.21839080459770116
protein_0291,protein_0193,0.21839080459770116
protein_0291,protein_0195,0.23863636363636365
protein_0291,protein_0197,0.25274725274725274
protein_0291,protein_0198,0.19540229885057472
protein_0291,protein_0199,0.23655913978494625
protein_0291,protein_0200,0.21839080459770116
protein_0291,protein_0201,0.14423076923076922
protein_0291,protein_0202,0.26436781609195403
protein_0291,protein_0203,0.13333333333333333
protein_0291,protein_0204,0.14947089947089948
protein_0291,protein_0205,0.12093023255813953
protein_0291,protein_0206,0.26436781609195403
protein_0291,protein_0207,0.15827338129496402
protein_0291,protein_0208,0.12682406951959335
protein_0291,protein_0209,0.19540229885057472
protein_0291,protein_0210,0.2413793103448276
protein_0291,protein_0211,0.146374829001368
protein_0291,protein_0212,0.18292682926829268
protein_0291,protein_0213,0.20909090909090908
protein_0291,protein_0214,0.12380952380952381
protein_0291,protein_0215,0.16853932584269662
protein_0291,protein_0216,0.16326530612244897
protein_0291,protein_0217,0.1619047619047619
protein_0291,protein_0219,0.19834710743801653
protein_0291,protein_0220,0.2413793103448276
protein_0291,protein_0221,0.18292682926829268
protein_0291,protein_0222,0.26436781609195403
protein_0291,protein_0223,0.18823529411764706
protein_0291,protein_0224,0.14261603375527426
protein_0291,protein_0225,0.14285714285714285
protein_0291,protein_0226,0.1926605504587156
protein_0291,protein_0227,0.13924050632911392
protein_0291,protein_0228,0.19646691391762638
protein_0291,protein_0230,0.16964285714285715
protein_0291,protein_0231,0.22988505747126436
protein_0291,protein_0232,0.12700471698113208
protein_0291,protein_0233,0.14285714285714285
protein_0291,protein_0234,0.15178571428571427
protein_0291,protein_0235,0.16631823461091755
protein_0291,protein_0236,0.18918280585734532
protein_0291,protein_0237,0.18918280585734532
protein_0291,protein_0238,0.1450381679389313
protein_0291,protein_0239,0.2413793103448276
protein_0291,protein_0240,0.22988505747126436
protein_0291,protein_0241,0.21839080459770116
protein_0291,protein_0242,0.10458107293550331
protein_0291,protein_0243,0.2413793103448276
protein_0291,protein_0244,0.1511904761904762
protein_0291,protein_0246,0.16666666666666666
protein_0291,protein_0247,0.13278360819590207
protein_0291,protein_0248,0.22988505747126436
protein_0291,protein_0249,0.21348314606741572
protein_0291,protein_0250,0.16181752873563218
protein_0291,protein_0251,0.1834862385321101
protein_0291,protein_0252,0.14285714285714285
protein_0291,protein_0253,0.15079365079365079
protein_0291,protein_0254,0.12932049224184056
protein_0291,protein_0255,0.14035087719298245
protein_0291,protein_0256,0.18446601941747573
protein_0291,protein_0257,0.18095238095238095
protein_0291,protein_0259,0.15114638447971782
protein_0291,protein_0260,0.15114638447971782
protein_0291,protein_0261,0.19090909090909092
protein_0291,protein_0262,0.15436241610738255
protein_0291,protein_0263,0.14705882352941177
protein_0291,protein_0264,0.2413793103448276
protein_0291,protein_0266,0.1849289627634878
protein_0291,protein_0267,0.16363636363636364
protein_0291,protein_0268,0.17582417582417584
protein_0291,protein_0269,0.175
protein_0291,protein_0270,0.17857142857142858
protein_0291,protein_0271,0.12989752863170584
protein_0291,protein_0272,0.18139822493816382
protein_0291,protein_0273,0.1724865415393569
protein_0291,protein_0274,0.2391304347826087
protein_0291,protein_0276,0.26436781609195403
protein_0291,protein_0277,0.1332566168009206
protein_0291,protein_0278,0.16666666666666666
protein_0291,protein_0279,0.21176470588235294
protein_0291,protein_0280,0.19753086419753085
protein_0291,protein_0281,0.14173228346456693
protein_0291,protein_0282,0.14772727272727273
protein_0291,protein_0283,0.12385321100917432
protein_0291,protein_0285,0.25287356321839083
protein_0291,protein_0286,0.15527426160337554
protein_0291,protein_0287,0.18691588785046728
protein_0291,protein_0288,0.225
protein_0291,protein_0289,0.15672169811320755
protein_0291,protein_0290,0.18548387096774194
protein_0291,protein_0292,0.16221813161527843
protein_0291,protein_0293,0.2111111111111111
protein_0291,protein_0294,0.9936708860759493
protein_0291,protein_0295,0.14791666666666667
protein_0291,protein_0296,0.1592920353982301
protein_0291,protein_0297,0.1419871029376642
protein_0291,protein_0298,0.14359923572963934
protein_0291,protein_0299,0.15932311621966794
protein_0291,protein_0300,0.15683962264150944
protein_0291,protein_0301,0.16063084112149534
protein_0291,protein_0302,0.13392857142857142
protein_0291,protein_0303,0.1951219512195122
protein_0291,protein_0304,0.1511904761904762
protein_0291,protein_0305,0.17559206315340303
protein_0291,protein_0306,0.15079365079365079
protein_0291,protein_0308,0.17829457364341086
protein_0291,protein_0309,0.15836213517665132
protein_0291,protein_0310,0.23008849557522124
protein_0291,protein_0312,0.22988505747126436
protein_0291,protein_0313,0.39985903274777707
protein_0291,protein_0314,0.14563106796116504
protein_0291,protein_0315,0.15789473684210525
protein_0291,protein_0317,0.1415929203539823
protein_0291,protein_0318,0.14960629921259844
protein_0291,protein_0319,0.22988505747126436
protein_0291,protein_0320,0.2247191011235955
protein_0291,protein_0321,0.2087912087912088
protein_0291,protein_0322,0.21686746987951808
protein_0291,protein_0323,0.22988505747126436
protein_0291,protein_0324,0.14942528735632185
protein_0291,protein_0325,0.12826183104820876
protein_0291,protein_0326,0.09259259259259259
protein_0291,protein_0327,0.24175824175824176
protein_0291,protein_0328,0.16964285714285715
protein_0291,protein_0329,0.16964285714285715
protein_0291,protein_0330,0.21839080459770116
protein_0291,protein_0331,0.14166666666666666
protein_0291,protein_0334,0.20454545454545456
protein_0291,protein_0335,0.17073170731707318
protein_0291,protein_0336,0.15456973638369528
protein_0291,protein_0337,0.18199233716475097
protein_0291,protein_0338,0.20689655172413793
protein_0291,protein_0339,0.14119601328903653
protein_0291,protein_0340,0.17796610169491525
protein_0291,protein_0341,0.22429906542056074
protein_0291,protein_0342,0.16455696202531644
protein_0291,protein_0343,0.14583333333333331
protein_0291,protein_0344,0.22988505747126436
protein_0291,protein_0345,0.13850931677018635
protein_0291,protein_0346,0.13850931677018635
protein_0291,protein_0348,0.16260162601626016
protein_0291,protein_0349,0.15384615384615385
protein_0291,protein_0350,0.22988505747126436
protein_0291,protein_0352,0.12563410685375068
protein_0291,protein_0353,0.17964601769911503
protein_0291,protein_0354,0.22988505747126436
protein_0291,protein_0355,0.19310344827586207
protein_0291,protein_0356,0.13628691983122362
protein_0291,protein_0357,0.1746031746031746
protein_0291,protein_0358,0.2413793103448276
protein_0291,protein_0359,0.17142857142857143
protein_0291,protein_0360,0.21839080459770116
protein_0291,protein_0361,0.1623931623931624
protein_0291,protein_0362,0.1935483870967742
protein_0291,protein_0364,0.20430107526881722
protein_0291,protein_0365,0.28888888888888886
protein_0291,protein_0366,0.25555555555555554
protein_0291,protein_0367,0.18095238095238095
protein_0291,protein_0368,0.18691588785046728
protein_0291,protein_0369,0.18823529411764706
protein_0291,protein_0370,0.22988505747126436
protein_0291,protein_0371,0.2413793103448276
protein_0291,protein_0372,0.1461187214611872
protein_0291,protein_0373,0.16666666666666666
protein_0291,protein_0374,0.16129032258064516
protein_0291,protein_0375,0.26436781609195403
protein_0291,protein_0376,0.18181818181818182
protein_0291,protein_0377,0.25287356321839083
protein_0291,protein_0378,0.1623931623931624
protein_0291,protein_0379,0.16775019700551616
protein_0291,protein_0380,0.16775019700551616
protein_0291,protein_0381,0.16775019700551616
protein_0291,protein_0382,0.4246031746031746
protein_0291,protein_0383,0.14894514767932487
protein_0291,protein_0384,0.25287356321839083
protein_0291,protein_0385,0.1891891891891892
protein_0291,protein_0386,0.1391304347826087
protein_0291,protein_0387,0.16
protein_0291,protein_0388,0.119376026272578
protein_0291,protein_0389,0.18292682926829268
protein_0291,protein_0390,0.2413793103448276
protein_0291,protein_0391,0.17045454545454544
protein_0291,protein_0392,0.20689655172413793
protein_0291,protein_0393,0.21839080459770116
protein_0291,protein_0394,0.19298245614035087
protein_0291,protein_0395,0.1926605504587156
protein_0291,protein_0396,0.15037593984962405
protein_0291,protein_0397,0.2413793103448276
protein_0291,protein_0399,0.20689655172413793
protein_0307,protein_0000,0.11016949152542373
protein_0307,protein_0001,0.15254237288135594
protein_0307,protein_0002,0.09322033898305085
protein_0307,protein_0003,0.1092436974789916
protein_0307,protein_0004,0.125
protein_0307,protein_0005,0.1092436974789916
protein_0307,protein_0007,0.1440677966101695
protein_0307,protein_0008,0.14634146341463414
protein_0307,protein_0009,0.15
protein_0307,protein_0011,0.14166666666666666
protein_0307,protein_0012,0.13934426229508196
protein_0307,protein_0013,0.13445378151260504
protein_0307,protein_0014,0.19834710743801653
protein_0307,protein_0015,0.18333333333333332
protein_0307,protein_0016,0.15
protein_0307,protein_0018,0.14285714285714285
protein_0307,protein_0019,0.16101694915254236
protein_0307,protein_0020,0.1440677966101695
protein_0307,protein_0021,0.09322033898305085
protein_0307,protein_0022,0.175
protein_0307,protein_0023,0.1322314049586777
protein_0307,protein_0025,0.13333333333333333
protein_0307,protein_0026,0.18115942028985507
protein_0307,protein_0027,0.17073170731707318
protein_0307,protein_0028,0.1092436974789916
protein_0307,protein_0029,0.16101694915254236
protein_0307,protein_0030,0.3333333333333333
protein_0307,protein_0031,0.15151515151515152
protein_0307,protein_0032,0.1440677966101695
protein_0307,protein_0033,0.15966386554621848
protein_0307,protein_0034,0.14754098360655737
protein_0307,protein_0035,0.6694915254237288
protein_0307,protein_0037,0.19166666666666668
protein_0307,protein_0038,0.19166666666666668
protein_0307,protein_0039,0.168
protein_0307,protein_0040,0.17073170731707318
protein_0307,protein_0041,0.12096774193548387
protein_0307,protein_0042,0.15126050420168066
protein_0307,protein_0043,0.13333333333333333
protein_0307,protein_0044,0.15217391304347827
protein_0307,protein_0045,0.15254237288135594
protein_0307,protein_0046,0.1271186440677966
protein_0307,protein_0047,0.12
protein_0307,protein_0048,0.16
protein_0307,protein_0049,0.16279069767441862
protein_0307,protein_0050,0.13559322033898305
protein_0307,protein_0051,0.13559322033898305
protein_0307,protein_0052,0.1271186440677966
protein_0307,protein_0053,0.1652892561983471
protein_0307,protein_0054,0.6
protein_0307,protein_0055,0.7457627118644068
protein_0307,protein_0056,0.1590909090909091
protein_0307,protein_0057,0.1440677966101695
protein_0307,protein_0058,0.15126050420168066
protein_0307,protein_0060,0.21311475409836064
protein_0307,protein_0061,0.15126050420168066
protein_0307,protein_0062,0.176
protein_0307,protein_0063,0.1574074074074074
protein_0307,protein_0064,0.14285714285714285
protein_0307,protein_0065,0.13559322033898305
protein_0307,protein_0066,0.12396694214876033
protein_0307,protein_0067,0.13953488372093023
protein_0307,protein_0068,0.14166666666666666
protein_0307,protein_0069,0.1487603305785124
protein_0307,protein_0070,0.18181818181818182
protein_0307,protein_0071,0.16101694915254236
protein_0307,protein_0072,0.13333333333333333
protein_0307,protein_0073,0.14516129032258066
protein_0307,protein_0074,0.13559322033898305
protein_0307,protein_0075,0.184
protein_0307,protein_0076,0.1016949152542373
protein_0307,protein_0077,0.13934426229508196
protein_0307,protein_0078,0.1774193548387097
protein_0307,protein_0079,0.1774193548387097
protein_0307,protein_0080,0.13559322033898305
protein_0307,protein_0082,0.13178294573643412
protein_0307,protein_0083,0.12698412698412698
protein_0307,protein_0084,0.1487603305785124
protein_0307,protein_0085,0.14960629921259844
protein_0307,protein_0086,0.11023622047244094
protein_0307,protein_0087,0.1440677966101695
protein_0307,protein_0088,0.17886178861788618
protein_0307,protein_0089,0.18045112781954886
protein_0307,protein_0090,0.171875
protein_0307,protein_0091,0.13709677419354838
protein_0307,protein_0092,0.13709677419354838
protein_0307,protein_0093,0.16666666666666666
protein_0307,protein_0094,0.4180327868852459
protein_0307,protein_0095,0.1693548387096774
protein_0307,protein_0096,0.14285714285714285
protein_0307,protein_0097,0.14285714285714285
protein_0307,protein_0098,0.15254237288135594
protein_0307,protein_0099,0.192
protein_0307,protein_0100,0.13559322033898305
protein_0307,protein_0101,0.12903225806451613
protein_0307,protein_0102,0.1271186440677966
protein_0307,protein_0104,0.4016393442622951
protein_0307,protein_0105,0.1271186440677966
protein_0307,protein_0106,0.14728682170542637
protein_0307,protein_0107,0.1652892561983471
protein_0307,protein_0108,0.10743801652892562
protein_0307,protein_0110,0.1440677966101695
protein_0307,protein_0112,0.1557377049180328
protein_0307,protein_0113,0.16666666666666666
protein_0307,protein_0114,0.112
protein_0307,protein_0115,0.15702479338842976
protein_0307,protein_0116,0.171875
protein_0307,protein_0117,0.171875
protein_0307,protein_0118,0.1440677966101695
protein_0307,protein_0120,0.15
protein_0307,protein_0121,0.15
protein_0307,protein_0122,0.17692307692307693
protein_0307,protein_0123,0.1016949152542373
protein_0307,protein_0124,0.15254237288135594
protein_0307,protein_0125,0.144
protein_0307,protein_0126,0.15833333333333333
protein_0307,protein_0127,0.13008130081300814
protein_0307,protein_0128,0.15254237288135594
protein_0307,protein_0129,0.16393442622950818
protein_0307,protein_0130,0.18604651162790697
protein_0307,protein_0131,0.15254237288135594
protein_0307,protein_0132,0.10483870967741936
protein_0307,protein_0133,0.10483870967741936
protein_0307,protein_0134,0.14285714285714285
protein_0307,protein_0135,0.18181818181818182
protein_0307,protein_0136,0.4322033898305085
protein_0307,protein_0137,0.6864406779661016
protein_0307,protein_0138,0.6864406779661016
protein_0307,protein_0140,0.14754098360655737
protein_0307,protein_0141,0.16923076923076924
protein_0307,protein_0142,0.12096774193548387
protein_0307,protein_0143,0.16260162601626016
protein_0307,protein_0144,0.1440677966101695
protein_0307,protein_0146,0.11864406779661017
protein_0307,protein_0147,0.13114754098360656
protein_0307,protein_0148,0.125
protein_0307,protein_0149,0.15254237288135594
protein_0307,protein_0151,0.1693548387096774
protein_0307,protein_0152,0.15254237288135594
protein_0307,protein_0153,0.16101694915254236
protein_0307,protein_0154,0.1694915254237288
protein_0307,protein_0156,0.2231404958677686
protein_0307,protein_0158,0.11666666666666667
protein_0307,protein_0159,0.1322314049586777
protein_0307,protein_0160,0.15254237288135594
protein_0307,protein_0161,0.375
protein_0307,protein_0162,0.125
protein_0307,protein_0163,0.14634146341463414
protein_0307,protein_0164,0.175
protein_0307,protein_0166,0.13008130081300814
protein_0307,protein_0168,0.171875
protein_0307,protein_0169,0.3474576271186441
protein_0307,protein_0170,0.15
protein_0307,protein_0171,0.16129032258064516
protein_0307,protein_0172,0.4322033898305085
protein_0307,protein_0173,0.13114754098360656
protein_0307,protein_0174,0.13821138211382114
protein_0307,protein_0176,0.16101694915254236
protein_0307,protein_0178,0.4083333333333333
protein_0307,protein_0179,0.40336134453781514
protein_0307,protein_0180,0.16260162601626016
protein_0307,protein_0181,0.1450381679389313
protein_0307,protein_0182,0.14285714285714285
protein_0307,protein_0183,0.15254237288135594
protein_0307,protein_0184,0.1322314049586777
protein_0307,protein_0185,0.12605042016806722
protein_0307,protein_0186,0.16101694915254236
protein_0307,protein_0187,0.13333333333333333
protein_0307,protein_0188,0.1440677966101695
protein_0307,protein_0189,0.1322314049586777
protein_0307,protein_0190,0.14285714285714285
protein_0307,protein_0191,0.13333333333333333
protein_0307,protein_0193,0.11016949152542373
protein_0307,protein_0195,0.1016949152542373
protein_0307,protein_0197,0.15447154471544716
protein_0307,protein_0198,0.12598425196850394
protein_0307,protein_0199,0.16260162601626016
protein_0307,protein_0200,0.1271186440677966
protein_0307,protein_0201,0.13709677419354838
protein_0307,protein_0202,0.125
protein_0307,protein_0203,0.4406779661016949
protein_0307,protein_0204,0.15126050420168066
protein_0307,protein_0205,0.16355140186915887
protein_0307,protein_0206,0.12396694214876033
protein_0307,protein_0207,0.4462809917355372
protein_0307,protein_0208,0.17054263565891473
protein_0307,protein_0209,0.15942028985507245
protein_0307,protein_0210,0.16546762589928057
protein_0307,protein_0211,0.14516129032258066
protein_0307,protein_0212,0.13333333333333333
protein_0307,protein_0213,0.15748031496062992
protein_0307,protein_0214,0.175
protein_0307,protein_0215,0.17796610169491525
protein_0307,protein_0216,0.11904761904761904
protein_0307,protein_0217,0.15966386554621848
protein_0307,protein_0219,0.3821138211382114
protein_0307,protein_0220,0.1271186440677966
protein_0307,protein_0221,0.14285714285714285
protein_0307,protein_0222,0.13953488372093023
protein_0307,protein_0223,0.15702479338842976
protein_0307,protein_0224,0.12605042016806722
protein_0307,protein_0225,0.1487603305785124
protein_0307,protein_0226,0.15833333333333333
protein_0307,protein_0227,0.1557377049180328
protein_0307,protein_0228,0.12096774193548387
protein_0307,protein_0230,0.125
protein_0307,protein_0231,0.14634146341463414
protein_0307,protein_0232,0.1440677966101695
protein_0307,protein_0233,0.1597222222222222
protein_0307,protein_0234,0.15267175572519084
protein_0307,protein_0235,0.19008264462809918
protein_0307,protein_0236,0.18125
protein_0307,protein_0237,0.18125
protein_0307,protein_0238,0.1377245508982036
protein_0307,protein_0239,0.11764705882352941
protein_0307,protein_0240,0.13333333333333333
protein_0307,protein_0241,0.14166666666666666
protein_0307,protein_0242,0.13559322033898305
protein_0307,protein_0243,0.11016949152542373
protein_0307,protein_0244,0.13934426229508196
protein_0307,protein_0246,0.13333333333333333
protein_0307,protein_0247,0.20454545454545456
protein_0307,protein_0248,0.13821138211382114
protein_0307,protein_0249,0.14754098360655737
protein_0307,protein_0250,0.12403100775193798
protein_0307,protein_0251,0.10084033613445378
protein_0307,protein_0252,0.1092436974789916
protein_0307,protein_0253,0.13740458015267176
protein_0307,protein_0254,0.1271186440677966
protein_0307,protein_0255,0.15789473684210525
protein_0307,protein_0256,0.4322033898305085
protein_0307,protein_0257,0.4830508474576271
protein_0307,protein_0259,0.1694915254237288
protein_0307,protein_0260,0.1694915254237288
protein_0307,protein_0261,0.1532258064516129
protein_0307,protein_0262,0.17197452229299362
protein_0307,protein_0263,0.1724137931034483
protein_0307,protein_0264,0.15
protein_0307,protein_0266,0.17886178861788618
protein_0307,protein_0267,0.13114754098360656
protein_0307,protein_0268,0.11811023622047244
protein_0307,protein_0269,0.4745762711864407
protein_0307,protein_0270,0.1
protein_0307,protein_0271,0.11764705882352941
protein_0307,protein_0272,0.15
protein_0307,protein_0273,0.1375
protein_0307,protein_0274,0.13709677419354838
protein_0307,protein_0276,0.13934426229508196
protein_0307,protein_0277,0.1271186440677966
protein_0307,protein_0278,0.0967741935483871
protein_0307,protein_0279,0.1694915254237288
protein_0307,protein_0280,0.15254237288135594
protein_0307,protein_0281,0.12903225806451613
protein_0307,protein_0282,0.11016949152542373
protein_0307,protein_0283,0.1210762331838565
protein_0307,protein_0285,0.13559322033898305
protein_0307,protein_0286,0.16
protein_0307,protein_0287,0.152
protein_0307,protein_0288,0.11666666666666667
protein_0307,protein_0289,0.1694915254237288
protein_0307,protein_0290,0.16666666666666666
protein_0307,protein_0292,0.15833333333333333
protein_0307,protein_0293,0.14049586776859505
protein_0307,protein_0294,0.1694915254237288
protein_0307,protein_0295,0.16101694915254236
protein_0307,protein_0296,0.4152542372881356
protein_0307,protein_0297,0.1440677966101695
protein_0307,protein_0298,0.15254237288135594
protein_0307,protein_0299,0.17796610169491525
protein_0307,protein_0300,0.192
protein_0307,protein_0301,0.17073170731707318
protein_0307,protein_0302,0.13636363636363635
protein_0307,protein_0303,0.14166666666666666
protein_0307,protein_0304,0.19327731092436976
protein_0307,protein_0305,0.14166666666666666
protein_0307,protein_0306,0.7457627118644068
protein_0307,protein_0308,0.3253968253968254
protein_0307,protein_0309,0.12903225806451613
protein_0307,protein_0310,0.11016949152542373
protein_0307,protein_0312,0.13333333333333333
protein_0307,protein_0313,0.18333333333333332
protein_0307,protein_0314,0.12903225806451613
protein_0307,protein_0315,0.4067796610169492
protein_0307,protein_0317,0.13821138211382114
protein_0307,protein_0318,0.17829457364341086
protein_0307,protein_0319,0.11570247933884298
protein_0307,protein_0320,0.144
protein_0307,protein_0321,0.11764705882352941
protein_0307,protein_0322,0.176
protein_0307,protein_0323,0.13333333333333333
protein_0307,protein_0324,0.1092436974789916
protein_0307,protein_0325,0.140625
protein_0307,protein_0326,0.14285714285714285
protein_0307,protein_0327,0.12195121951219512
protein_0307,protein_0328,0.18699186991869918
protein_0307,protein_0329,0.18699186991869918
protein_0307,protein_0330,0.18333333333333332
protein_0307,protein_0331,0.17796610169491525
protein_0307,protein_0334,0.16101694915254236
protein_0307,protein_0335,0.18461538461538463
protein_0307,protein_0336,0.11016949152542373
protein_0307,protein_0337,0.16463414634146342
protein_0307,protein_0338,0.14173228346456693
protein_0307,protein_0339,0.1557377049180328
protein_0307,protein_0340,0.1796875
protein_0307,protein_0341,0.13385826771653545
protein_0307,protein_0342,0.11016949152542373
protein_0307,protein_0343,0.15126050420168066
protein_0307,protein_0344,0.13114754098360656
protein_0307,protein_0345,0.16129032258064516
protein_0307,protein_0346,0.16129032258064516
protein_0307,protein_0348,0.2857142857142857
protein_0307,protein_0349,0.15079365079365079
protein_0307,protein_0350,0.11666666666666667
protein_0307,protein_0352,0.13559322033898305
protein_0307,protein_0353,0.171875
protein_0307,protein_0354,0.15254237288135594
protein_0307,protein_0355,0.13138686131386862
protein_0307,protein_0356,0.1271186440677966
protein_0307,protein_0357,0.2540983606557377
protein_0307,protein_0358,0.13114754098360656
protein_0307,protein_0359,0.4583333333333333
protein_0307,protein_0360,0.1487603305785124
protein_0307,protein_0361,0.4344262295081967
protein_0307,protein_0362,0.11904761904761904
protein_0307,protein_0364,0.11904761904761904
protein_0307,protein_0365,0.152
protein_0307,protein_0366,0.136
protein_0307,protein_0367,0.1322314049586777
protein_0307,protein_0368,0.1016949152542373
protein_0307,protein_0369,0.15254237288135594
protein_0307,protein_0370,0.13114754098360656
protein_0307,protein_0371,0.11570247933884298
protein_0307,protein_0372,0.1210762331838565
protein_0307,protein_0373,0.15789473684210525
protein_0307,protein_0374,0.4369747899159664
protein_0307,protein_0375,0.10833333333333334
protein_0307,protein_0376,0.13333333333333333
protein_0307,protein_0377,0.1349206349206349
protein_0307,protein_0378,0.12195121951219512
protein_0307,protein_0379,0.17073170731707318
protein_0307,protein_0380,0.17073170731707318
protein_0307,protein_0381,0.17073170731707318
protein_0307,protein_0382,0.16923076923076924
protein_0307,protein_0383,0.14285714285714285
protein_0307,protein_0384,0.11864406779661017
protein_0307,protein_0385,0.15254237288135594
protein_0307,protein_0386,0.14516129032258066
protein_0307,protein_0387,0.4915254237288136
protein_0307,protein_0388,0.1271186440677966
protein_0307,protein_0389,0.17647058823529413
protein_0307,protein_0390,0.16129032258064516
protein_0307,protein_0391,0.15833333333333333
protein_0307,protein_0392,0.14166666666666666
protein_0307,protein_0393,0.14166666666666666
protein_0307,protein_0394,0.3543307086614173
protein_0307,protein_0395,0.13445378151260504
protein_0307,protein_0396,0.27419354838709675
protein_0307,protein_0397,0.1487603305785124
protein_0307,protein_0399,0.13333333333333333
protein_0311,protein_0000,0.4318181818181818
protein_0311,protein_0001,0.13636363636363635
protein_0311,protein_0002,0.11458333333333333
protein_0311,protein_0003,0.3563218390804598
protein_0311,protein_0004,0.2988505747126437
protein_0311,protein_0005,0.17582417582417584
protein_0311,protein_0007,0.17391304347826086
protein_0311,protein_0008,0.16666666666666666
protein_0311,protein_0009,0.2087912087912088
protein_0311,protein_0011,0.3333333333333333
protein_0311,protein_0012,0.3977272727272727
protein_0311,protein_0013,0.1839080459770115
protein_0311,protein_0014,0.21649484536082475
protein_0311,protein_0015,0.22018348623853212
protein_0311,protein_0016,0.1568627450980392
protein_0311,protein_0018,0.3103448275862069
protein_0311,protein_0019,0.15555555555555556
protein_0311,protein_0020,0.7126436781609196
protein_0311,protein_0021,0.12
protein_0311,protein_0022,0.17475728155339806
protein_0311,protein_0023,0.18446601941747573
protein_0311,protein_0025,0.449438202247191
protein_0311,protein_0026,0.17692307692307693
protein_0311,protein_0027,0.13541666666666666
protein_0311,protein_0028,0.13725490196078433
protein_0311,protein_0029,0.15384615384615385
protein_0311,protein_0030,0.11666666666666667
protein_0311,protein_0031,0.2018348623853211
protein_0311,protein_0032,0.39080459770114945
protein_0311,protein_0033,0.3333333333333333
protein_0311,protein_0034,0.3333333333333333
protein_0311,protein_0035,0.16071428571428573
protein_0311,protein_0037,0.25842696629213485
protein_0311,protein_0038,0.25842696629213485
protein_0311,protein_0039,0.2
protein_0311,protein_0040,0.08045977011494253
protein_0311,protein_0041,0.3448275862068966
protein_0311,protein_0042,0.1839080459770115
protein_0311,protein_0043,0.23076923076923078
protein_0311,protein_0044,0.22988505747126436
protein_0311,protein_0045,0.40217391304347827
protein_0311,protein_0046,0.15217391304347827
protein_0311,protein_0047,0.28735632183908044
protein_0311,protein_0048,0.28735632183908044
protein_0311,protein_0049,0.28735632183908044
protein_0311,protein_0050,0.0707070707070707
protein_0311,protein_0051,0.13333333333333333
protein_0311,protein_0052,0.3448275862068966
protein_0311,protein_0053,0.449438202247191
protein_0311,protein_0054,0.17094017094017094
protein_0311,protein_0055,0.18181818181818182
protein_0311,protein_0056,0.12037037037037036
protein_0311,protein_0057,0.17391304347826086
protein_0311,protein_0058,0.14942528735632185
protein_0311,protein_0060,0.12121212121212122
protein_0311,protein_0061,0.18085106382978725
protein_0311,protein_0062,0.3563218390804598
protein_0311,protein_0063,0.09813084112149532
protein_0311,protein_0064,0.3563218390804598
protein_0311,protein_0065,0.16666666666666666
protein_0311,protein_0066,0.11926605504587157
protein_0311,protein_0067,0.3333333333333333
protein_0311,protein_0068,0.26136363636363635
protein_0311,protein_0069,0.2988505747126437
protein_0311,protein_0070,0.20689655172413793
protein_0311,protein_0071,0.26436781609195403
protein_0311,protein_0072,0.14285714285714285
protein_0311,protein_0073,0.2413793103448276
protein_0311,protein_0074,0.16304347826086957
protein_0311,protein_0075,0.1559633027522936
protein_0311,protein_0076,0.10869565217391304
protein_0311,protein_0077,0.42528735632183906
protein_0311,protein_0078,0.19626168224299065
protein_0311,protein_0079,0.19626168224299065
protein_0311,protein_0080,0.39080459770114945
protein_0311,protein_0082,0.1452991452991453
protein_0311,protein_0083,0.3448275862068966
protein_0311,protein_0084,0.23863636363636365
protein_0311,protein_0085,0.17094017094017094
protein_0311,protein_0086,0.16379310344827586
protein_0311,protein_0087,0.17045454545454544
protein_0311,protein_0088,0.4065934065934066
protein_0311,protein_0089,0.15384615384615385
protein_0311,protein_0090,0.16806722689075632
protein_0311,protein_0091,0.1592920353982301
protein_0311,protein_0092,0.1592920353982301
protein_0311,protein_0093,0.36363636363636365
protein_0311,protein_0094,0.17543859649122806
protein_0311,protein_0095,0.13274336283185842
protein_0311,protein_0096,0.1391304347826087
protein_0311,protein_0097,0.2988505747126437
protein_0311,protein_0098,0.38202247191011235
protein_0311,protein_0099,0.1388888888888889
protein_0311,protein_0100,0.18681318681318682
protein_0311,protein_0101,0.25287356321839083
protein_0311,protein_0102,0.3146067415730337
protein_0311,protein_0104,0.168
protein_0311,protein_0105,0.16483516483516483
protein_0311,protein_0106,0.14754098360655737
protein_0311,protein_0107,0.41379310344827586
protein_0311,protein_0108,0.21978021978021978
protein_0311,protein_0110,0.3333333333333333
protein_0311,protein_0112,0.17647058823529413
protein_0311,protein_0113,0.3146067415730337
protein_0311,protein_0114,0.3409090909090909
protein_0311,protein_0115,0.3218390804597701
protein_0311,protein_0116,0.16071428571428573
protein_0311,protein_0117,0.16071428571428573
protein_0311,protein_0118,0.19101123595505617
protein_0311,protein_0120,0.48314606741573035
protein_0311,protein_0121,0.48314606741573035
protein_0311,protein_0122,0.2413793103448276
protein_0311,protein_0123,0.12222222222222222
protein_0311,protein_0124,0.5056179775280899
protein_0311,protein_0125,0.17307692307692307
protein_0311,protein_0126,0.1346153846153846
protein_0311,protein_0127,0.367816091954023
protein_0311,protein_0128,0.5057471264367817
protein_0311,protein_0129,0.14942528735632185
protein_0311,protein_0130,0.1282051282051282
protein_0311,protein_0131,0.13793103448275862
protein_0311,protein_0132,0.21296296296296297
protein_0311,protein_0133,0.21296296296296297
protein_0311,protein_0134,0.32967032967032966
protein_0311,protein_0135,0.367816091954023
protein_0311,protein_0136,0.1557377049180328
protein_0311,protein_0137,0.14285714285714285
protein_0311,protein_0138,0.14285714285714285
protein_0311,protein_0140,0.367816091954023
protein_0311,protein_0141,0.22988505747126436
protein_0311,protein_0142,0.32954545454545453
protein_0311,protein_0143,0.3793103448275862
protein_0311,protein_0144,0.4157303370786517
protein_0311,protein_0146,0.14942528735632185
protein_0311,protein_0147,0.47191011235955055
protein_0311,protein_0148,0.4090909090909091
protein_0311,protein_0149,0.16091954022988506
protein_0311,protein_0151,0.3076923076923077
protein_0311,protein_0152,0.14130434782608695
protein_0311,protein_0153,0.19318181818181818
protein_0311,protein_0154,0.2127659574468085
protein_0311,protein_0156,0.15789473684210525
protein_0311,protein_0158,0.17777777777777778
protein_0311,protein_0159,0.3707865168539326
protein_0311,protein_0160,0.4942528735632184
protein_0311,protein_0161,0.13675213675213677
protein_0311,protein_0162,0.4367816091954023
protein_0311,protein_0163,0.14
protein_0311,protein_0164,0.41379310344827586
protein_0311,protein_0166,0.42528735632183906
protein_0311,protein_0168,0.13636363636363635
protein_0311,protein_0169,0.12903225806451613
protein_0311,protein_0170,0.4782608695652174
protein_0311,protein_0171,0.22988505747126436
protein_0311,protein_0172,0.19491525423728814
protein_0311,protein_0173,0.45555555555555555
protein_0311,protein_0174,0.4942528735632184
protein_0311,protein_0176,0.14736842105263157
protein_0311,protein_0178,0.17094017094017094
protein_0311,protein_0179,0.168141592920354
protein_0311,protein_0180,0.21839080459770116
protein_0311,protein_0181,0.3218390804597701
protein_0311,protein_0182,0.40229885057471265
protein_0311,protein_0183,0.2018348623853211
protein_0311,protein_0184,0.4318181818181818
protein_0311,protein_0185,0.20408163265306123
protein_0311,protein_0186,0.1926605504587156
protein_0311,protein_0187,0.4942528735632184
protein_0311,protein_0188,0.13793103448275862
protein_0311,protein_0189,0.32954545454545453
protein_0311,protein_0190,0.367816091954023
protein_0311,protein_0191,0.3103448275862069
protein_0311,protein_0193,0.4318181818181818
protein_0311,protein_0195,0.41379310344827586
protein_0311,protein_0197,0.3333333333333333
protein_0311,protein_0198,0.31868131868131866
protein_0311,protein_0199,0.26373626373626374
protein_0311,protein_0200,0.3218390804597701
protein_0311,protein_0201,0.13513513513513514
protein_0311,protein_0202,0.3793103448275862
protein_0311,protein_0203,0.15447154471544716
protein_0311,protein_0204,0.1797752808988764
protein_0311,protein_0205,0.125
protein_0311,protein_0206,0.3977272727272727
protein_0311,protein_0207,0.1937984496124031
protein_0311,protein_0208,0.1504424778761062
protein_0311,protein_0209,0.24175824175824176
protein_0311,protein_0210,0.3563218390804598
protein_0311,protein_0211,0.17272727272727273
protein_0311,protein_0212,0.15384615384615385
protein_0311,protein_0213,0.41379310344827586
protein_0311,protein_0214,0.12
protein_0311,protein_0215,0.07777777777777778
protein_0311,protein_0216,0.16363636363636364
protein_0311,protein_0217,0.12087912087912088
protein_0311,protein_0219,0.16666666666666666
protein_0311,protein_0220,0.3804347826086957
protein_0311,protein_0221,0.1276595744680851
protein_0311,protein_0222,0.28888888888888886
protein_0311,protein_0223,0.06818181818181818
protein_0311,protein_0224,0.14942528735632185
protein_0311,protein_0225,0.1111111111111111
protein_0311,protein_0226,0.15306122448979592
protein_0311,protein_0227,0.10227272727272728
protein_0311,protein_0228,0.2
protein_0311,protein_0230,0.2111111111111111
protein_0311,protein_0231,0.45977011494252873
protein_0311,protein_0232,0.1724137931034483
protein_0311,protein_0233,0.18461538461538463
protein_0311,protein_0234,0.17307692307692307
protein_0311,protein_0235,0.1590909090909091
protein_0311,protein_0236,0.28735632183908044
protein_0311,protein_0237,0.28735632183908044
protein_0311,protein_0238,0.12213740458015267
protein_0311,protein_0239,0.4482758620689655
protein_0311,protein_0240,0.4606741573033708
protein_0311,protein_0241,0.4367816091954023
protein_0311,protein_0242,0.14942528735632185
protein_0311,protein_0243,0.48314606741573035
protein_0311,protein_0244,0.14942528735632185
protein_0311,protein_0246,0.1559633027522936
protein_0311,protein_0247,0.16129032258064516
protein_0311,protein_0248,0.4367816091954023
protein_0311,protein_0249,0.41379310344827586
protein_0311,protein_0250,0.1724137931034483
protein_0311,protein_0251,0.11458333333333333
protein_0311,protein_0252,0.13592233009708737
protein_0311,protein_0253,0.19469026548672566
protein_0311,protein_0254,0.11494252873563218
protein_0311,protein_0255,0.12280701754385964
protein_0311,protein_0256,0.1568627450980392
protein_0311,protein_0257,0.13725490196078433
protein_0311,protein_0259,0.13043478260869565
protein_0311,protein_0260,0.13043478260869565
protein_0311,protein_0261,0.1619047619047619
protein_0311,protein_0262,0.12318840579710146
protein_0311,protein_0263,0.14084507042253522
protein_0311,protein_0264,0.39325842696629215
protein_0311,protein_0266,0.11494252873563218
protein_0311,protein_0267,0.17045454545454544
protein_0311,protein_0268,0.13829787234042554
protein_0311,protein_0269,0.16379310344827586
protein_0311,protein_0270,0.1797752808988764
protein_0311,protein_0271,0.19540229885057472
protein_0311,protein_0272,0.28735632183908044
protein_0311,protein_0273,0.2988505747126437
protein_0311,protein_0274,0.2696629213483146
protein_0311,protein_0276,0.40229885057471265
protein_0311,protein_0277,0.13793103448275862
protein_0311,protein_0278,0.24444444444444444
protein_0311,protein_0279,0.3563218390804598
protein_0311,protein_0280,0.3333333333333333
protein_0311,protein_0281,0.11864406779661017
protein_0311,protein_0282,0.13793103448275862
protein_0311,protein_0283,0.10091743119266056
protein_0311,protein_0285,0.3218390804597701
protein_0311,protein_0286,0.1702127659574468
protein_0311,protein_0287,0.19444444444444445
protein_0311,protein_0288,0.4367816091954023
protein_0311,protein_0289,0.12643678160919541
protein_0311,protein_0290,0.1574074074074074
protein_0311,protein_0292,0.1724137931034483
protein_0311,protein_0293,0.2808988764044944
protein_0311,protein_0294,0.20689655172413793
protein_0311,protein_0295,0.16483516483516483
protein_0311,protein_0296,0.1592920353982301
protein_0311,protein_0297,0.14942528735632185
protein_0311,protein_0298,0.14285714285714285
protein_0311,protein_0299,0.17708333333333334
protein_0311,protein_0300,0.14423076923076922
protein_0311,protein_0301,0.14423076923076922
protein_0311,protein_0302,0.11981566820276497
protein_0311,protein_0303,0.2222222222222222
protein_0311,protein_0304,0.19318181818181818
protein_0311,protein_0305,0.16091954022988506
protein_0311,protein_0306,0.18181818181818182
protein_0311,protein_0308,0.16521739130434782
protein_0311,protein_0309,0.1875
protein_0311,protein_0310,0.2018348623853211
protein_0311,protein_0312,0.4659090909090909
protein_0311,protein_0313,0.25274725274725274
protein_0311,protein_0314,0.11320754716981132
protein_0311,protein_0315,0.1652892561983471
protein_0311,protein_0317,0.08737864077669903
protein_0311,protein_0318,0.14035087719298245
protein_0311,protein_0319,0.3448275862068966
protein_0311,protein_0320,0.40860215053763443
protein_0311,protein_0321,0.20430107526881722
protein_0311,protein_0322,0.3333333333333333
protein_0311,protein_0323,0.2413793103448276
protein_0311,protein_0324,0.17346938775510204
protein_0311,protein_0325,0.16101694915254236
protein_0311,protein_0326,0.18478260869565216
protein_0311,protein_0327,0.3218390804597701
protein_0311,protein_0328,0.1271186440677966
protein_0311,protein_0329,0.1271186440677966
protein_0311,protein_0330,0.27586206896551724
protein_0311,protein_0331,0.15384615384615385
protein_0311,protein_0334,0.20212765957446807
protein_0311,protein_0335,0.14035087719298245
protein_0311,protein_0336,0.13636363636363635
protein_0311,protein_0337,0.2988505747126437
protein_0311,protein_0338,0.2413793103448276
protein_0311,protein_0339,0.2
protein_0311,protein_0340,0.16666666666666666
protein_0311,protein_0341,0.22549019607843138
protein_0311,protein_0342,0.10344827586206896
protein_0311,protein_0343,0.13636363636363635
protein_0311,protein_0344,0.4222222222222222
protein_0311,protein_0345,0.15178571428571427
protein_0311,protein_0346,0.15178571428571427
protein_0311,protein_0348,0.11278195488721804
protein_0311,protein_0349,0.13559322033898305
protein_0311,protein_0350,0.4222222222222222
protein_0311,protein_0352,0.1348314606741573
protein_0311,protein_0353,0.1322314049586777
protein_0311,protein_0354,0.19540229885057472
protein_0311,protein_0355,0.28735632183908044
protein_0311,protein_0356,0.13333333333333333
protein_0311,protein_0357,0.08333333333333333
protein_0311,protein_0358,0.4111111111111111
protein_0311,protein_0359,0.11627906976744186
protein_0311,protein_0360,0.3563218390804598
protein_0311,protein_0361,0.16923076923076924
protein_0311,protein_0362,0.20833333333333334
protein_0311,protein_0364,0.21875
protein_0311,protein_0365,0.20689655172413793
protein_0311,protein_0366,0.20689655172413793
protein_0311,protein_0367,0.17757009345794392
protein_0311,protein_0368,0.11764705882352941
protein_0311,protein_0369,0.15625
protein_0311,protein_0370,0.4222222222222222
protein_0311,protein_0371,0.3068181818181818
protein_0311,protein_0372,0.10091743119266056
protein_0311,protein_0373,0.14414414414414414
protein_0311,protein_0374,0.14754098360655737
protein_0311,protein_0375,0.3333333333333333
protein_0311,protein_0376,0.22018348623853212
protein_0311,protein_0377,0.39325842696629215
protein_0311,protein_0378,0.1623931623931624
protein_0311,protein_0379,0.14942528735632185
protein_0311,protein_0380,0.14942528735632185
protein_0311,protein_0381,0.14942528735632185
protein_0311,protein_0382,0.27586206896551724
protein_0311,protein_0383,0.14444444444444443
protein_0311,protein_0384,0.3793103448275862
protein_0311,protein_0385,0.1743119266055046
protein_0311,protein_0386,0.1504424778761062
protein_0311,protein_0387,0.15841584158415842
protein_0311,protein_0388,0.12222222222222222
protein_0311,protein_0389,0.12222222222222222
protein_0311,protein_0390,0.3333333333333333
protein_0311,protein_0391,0.18478260869565216
protein_0311,protein_0392,0.42696629213483145
protein_0311,protein_0393,0.43478260869565216
protein_0311,protein_0394,0.12173913043478261
protein_0311,protein_0395,0.21649484536082475
protein_0311,protein_0396,0.1652892561983471
protein_0311,protein_0397,0.375
protein_0311,protein_0399,0.3793103448275862
protein_0316,protein_0000,0.1839080459770115
protein_0316,protein_0001,0.2700535429482798
protein_0316,protein_0002,0.1728395061728395
protein_0316,protein_0003,0.16853932584269662
protein_0316,protein_0004,0.12903225806451613
protein_0316,protein_0005,0.14285714285714285
protein_0316,protein_0007,0.3205097775787431
protein_0316,protein_0008,0.2
protein_0316,protein_0009,0.19318181818181818
protein_0316,protein_0011,0.14942528735632185
protein_0316,protein_0012,0.17045454545454544
protein_0316,protein_0013,0.22535211267605634
protein_0316,protein_0014,0.11636122679765942
protein_0316,protein_0015,0.14563106796116504
protein_0316,protein_0016,0.14
protein_0316,protein_0018,0.13793103448275862
protein_0316,protein_0019,0.28879580407037336
protein_0316,protein_0020,0.13953488372093023
protein_0316,protein_0021,0.21839080459770116
protein_0316,protein_0022,0.13497474747474747
protein_0316,protein_0023,0.1261892177589852
protein_0316,protein_0025,0.18478260869565216
protein_0316,protein_0026,0.12307692307692308
protein_0316,protein_0027,0.13109184629803186
protein_0316,protein_0028,0.17
protein_0316,protein_0029,0.3878611890227135
protein_0316,protein_0030,0.14285714285714285
protein_0316,protein_0031,0.15
protein_0316,protein_0032,0.14130434782608695
protein_0316,protein_0033,0.16666666666666666
protein_0316,protein_0034,0.1797752808988764
protein_0316,protein_0035,0.15384615384615385
protein_0316,protein_0037,0.14663542015400066
protein_0316,protein_0038,0.14663542015400066
protein_0316,protein_0039,0.20454545454545456
protein_0316,protein_0040,0.17567567567567569
protein_0316,protein_0041,0.15730337078651685
protein_0316,protein_0042,0.15294117647058825
protein_0316,protein_0043,0.14444444444444443
protein_0316,protein_0044,0.14285714285714285
protein_0316,protein_0045,0.13636363636363635
protein_0316,protein_0046,0.3318913523647597
protein_0316,protein_0047,0.11494252873563218
protein_0316,protein_0048,0.12643678160919541
protein_0316,protein_0049,0.14772727272727273
protein_0316,protein_0050,0.16
protein_0316,protein_0051,0.37820091424515623
protein_0316,protein_0052,0.1590909090909091
protein_0316,protein_0053,0.14606741573033707
protein_0316,protein_0054,0.1282051282051282
protein_0316,protein_0055,0.11864406779661017
protein_0316,protein_0056,0.13564875491480996
protein_0316,protein_0057,0.3205097775787431
protein_0316,protein_0058,0.17647058823529413
protein_0316,protein_0060,0.10202020202020202
protein_0316,protein_0061,0.18181818181818182
protein_0316,protein_0062,0.14942528735632185
protein_0316,protein_0063,0.0892018779342723
protein_0316,protein_0064,0.12643678160919541
protein_0316,protein_0065,0.15151515151515152
protein_0316,protein_0066,0.18
protein_0316,protein_0067,0.12790697674418605
protein_0316,protein_0068,0.14606741573033707
protein_0316,protein_0069,0.14606741573033707
protein_0316,protein_0070,0.14606741573033707
protein_0316,protein_0071,0.15789473684210525
protein_0316,protein_0072,0.5142923049624416
protein_0316,protein_0073,0.18888888888888888
protein_0316,protein_0074,0.19540229885057472
protein_0316,protein_0075,0.13935643564356437
protein_0316,protein_0076,0.1780821917808219
protein_0316,protein_0077,0.14942528735632185
protein_0316,protein_0078,0.15841584158415842
protein_0316,protein_0079,0.15841584158415842
protein_0316,protein_0080,0.15730337078651685
protein_0316,protein_0082,0.15
protein_0316,protein_0083,0.13793103448275862
protein_0316,protein_0084,0.14279250161603102
protein_0316,protein_0085,0.16
protein_0316,protein_0086,0.16
protein_0316,protein_0087,0.3791887125220459
protein_0316,protein_0088,0.13793103448275862
protein_0316,protein_0089,0.13478260869565217
protein_0316,protein_0090,0.13043478260869565
protein_0316,protein_0091,0.14035087719298245
protein_0316,protein_0092,0.14035087719298245
protein_0316,protein_0093,0.13095238095238096
protein_0316,protein_0094,0.12280701754385964
protein_0316,protein_0095,0.17862838915470494
protein_0316,protein_0096,0.14705882352941177
protein_0316,protein_0097,0.1511627906976744
protein_0316,protein_0098,0.15555555555555556
protein_0316,protein_0099,0.13310679611650486
protein_0316,protein_0100,0.3177336279339322
protein_0316,protein_0101,0.16666666666666666
protein_0316,protein_0102,0.13829787234042554
protein_0316,protein_0104,0.112
protein_0316,protein_0105,0.18666666666666668
protein_0316,protein_0106,0.11853448275862069
protein_0316,protein_0107,0.14942528735632185
protein_0316,protein_0108,0.17073170731707318
protein_0316,protein_0110,0.13953488372093023
protein_0316,protein_0112,0.15151515151515152
protein_0316,protein_0113,0.1724137931034483
protein_0316,protein_0114,0.13636363636363635
protein_0316,protein_0115,0.14634146341463414
protein_0316,protein_0116,0.1513750592697961
protein_0316,protein_0117,0.1513750592697961
protein_0316,protein_0118,0.3411255773869204
protein_0316,protein_0120,0.17582417582417584
protein_0316,protein_0121,0.17582417582417584
protein_0316,protein_0122,0.14039408866995073
protein_0316,protein_0123,0.7488128873945399
protein_0316,protein_0124,0.16853932584269662
protein_0316,protein_0125,0.14
protein_0316,protein_0126,0.15
protein_0316,protein_0127,0.16853932584269662
protein_0316,protein_0128,0.14606741573033707
protein_0316,protein_0129,0.14285714285714285
protein_0316,protein_0130,0.15462382445141065
protein_0316,protein_0131,0.1657250470809793
protein_0316,protein_0132,0.14018691588785046
protein_0316,protein_0133,0.14018691588785046
protein_0316,protein_0134,0.11627906976744186
protein_0316,protein_0135,0.1566265060240964
protein_0316,protein_0136,0.1206896551724138
protein_0316,protein_0137,0.11965811965811966
protein_0316,protein_0138,0.11965811965811966
protein_0316,protein_0140,0.15555555555555556
protein_0316,protein_0141,0.14752817765874343
protein_0316,protein_0142,0.13953488372093023
protein_0316,protein_0143,0.125
protein_0316,protein_0144,0.14772727272727273
protein_0316,protein_0146,0.16216216216216217
protein_0316,protein_0147,0.14606741573033707
protein_0316,protein_0148,0.16091954022988506
protein_0316,protein_0149,0.36692118226600984
protein_0316,protein_0151,0.16853932584269662
protein_0316,protein_0152,0.3787729836380511
protein_0316,protein_0153,0.13646452827391026
protein_0316,protein_0154,0.14196982736139363
protein_0316,protein_0156,0.1308411214953271
protein_0316,protein_0158,0.5399777775900092
protein_0316,protein_0159,0.1797752808988764
protein_0316,protein_0160,0.16853932584269662
protein_0316,protein_0161,0.15384615384615385
protein_0316,protein_0162,0.16049382716049382
protein_0316,protein_0163,0.16
protein_0316,protein_0164,0.14942528735632185
protein_0316,protein_0166,0.14942528735632185
protein_0316,protein_0168,0.10539291217257318
protein_0316,protein_0169,0.15126050420168066
protein_0316,protein_0170,0.17073170731707318
protein_0316,protein_0171,0.1590909090909091
protein_0316,protein_0172,0.1271186440677966
protein_0316,protein_0173,0.14942528735632185
protein_0316,protein_0174,0.17777777777777778
protein_0316,protein_0176,0.3172942849984592
protein_0316,protein_0178,0.12280701754385964
protein_0316,protein_0179,0.13157894736842105
protein_0316,protein_0180,0.14772727272727273
protein_0316,protein_0181,0.11494252873563218
protein_0316,protein_0182,0.11363636363636363
protein_0316,protein_0183,0.14150943396226415
protein_0316,protein_0184,0.15217391304347827
protein_0316,protein_0185,0.16483516483516483
protein_0316,protein_0186,0.1262135922330097
protein_0316,protein_0187,0.17777777777777778
protein_0316,protein_0188,0.40997711101159373
protein_0316,protein_0189,0.17391304347826086
protein_0316,protein_0190,0.15555555555555556
protein_0316,protein_0191,0.16129032258064516
protein_0316,protein_0193,0.13793103448275862
protein_0316,protein_0195,0.13793103448275862
protein_0316,protein_0197,0.13953488372093023
protein_0316,protein_0198,0.12903225806451613
protein_0316,protein_0199,0.17777777777777778
protein_0316,protein_0200,0.1348314606741573
protein_0316,protein_0201,0.1619047619047619
protein_0316,protein_0202,0.14942528735632185
protein_0316,protein_0203,0.1282051282051282
protein_0316,protein_0204,0.4298432601880878
protein_0316,protein_0205,0.07582938388625593
protein_0316,protein_0206,0.16091954022988506
protein_0316,protein_0207,0.11965811965811966
protein_0316,protein_0208,0.13009717161200762
protein_0316,protein_0209,0.14444444444444443
protein_0316,protein_0210,0.17391304347826086
protein_0316,protein_0211,0.15252100840336136
protein_0316,protein_0212,0.17567567567567569
protein_0316,protein_0213,0.16091954022988506
protein_0316,protein_0214,0.20588235294117646
protein_0316,protein_0215,0.15151515151515152
protein_0316,protein_0216,0.18947368421052632
protein_0316,protein_0217,0.1686746987951807
protein_0316,protein_0219,0.12605042016806722
protein_0316,protein_0220,0.11494252873563218
protein_0316,protein_0221,0.2
protein_0316,protein_0222,0.14942528735632185
protein_0316,protein_0223,0.1891891891891892
protein_0316,protein_0224,0.20566138605219517
protein_0316,protein_0225,0.14634146341463414
protein_0316,protein_0226,0.13333333333333333
protein_0316,protein_0227,0.22058823529411764
protein_0316,protein_0228,0.16860215053763442
protein_0316,protein_0230,0.1797752808988764
protein_0316,protein_0231,0.1368421052631579
protein_0316,protein_0232,0.3816632586671624
protein_0316,protein_0233,0.125
protein_0316,protein_0234,0.14
protein_0316,protein_0235,0.10822548173712972
protein_0316,protein_0236,0.14222222222222222
protein_0316,protein_0237,0.14222222222222222
protein_0316,protein_0238,0.12213740458015267
protein_0316,protein_0239,0.13043478260869565
protein_0316,protein_0240,0.14942528735632185
protein_0316,protein_0241,0.12643678160919541
protein_0316,protein_0242,0.25123817749437494
protein_0316,protein_0243,0.14942528735632185
protein_0316,protein_0244,0.15286144578313254
protein_0316,protein_0246,0.17204301075268819
protein_0316,protein_0247,0.1546935520619731
protein_0316,protein_0248,0.13793103448275862
protein_0316,protein_0249,0.15384615384615385
protein_0316,protein_0250,0.12852233676975944
protein_0316,protein_0251,0.12359550561797752
protein_0316,protein_0252,0.15294117647058825
protein_0316,protein_0253,0.13043478260869565
protein_0316,protein_0254,0.16211201079622134
protein_0316,protein_0255,0.08771929824561403
protein_0316,protein_0256,0.1568627450980392
protein_0316,protein_0257,0.15151515151515152
protein_0316,protein_0259,0.3418181818181818
protein_0316,protein_0260,0.3418181818181818
protein_0316,protein_0261,0.12121212121212122
protein_0316,protein_0262,0.15217391304347827
protein_0316,protein_0263,0.11764705882352941
protein_0316,protein_0264,0.13793103448275862
protein_0316,protein_0266,0.14754784688995215
protein_0316,protein_0267,0.19318181818181818
protein_0316,protein_0268,0.15853658536585366
protein_0316,protein_0269,0.10833333333333334
protein_0316,protein_0270,0.21621621621621623
protein_0316,protein_0271,0.2579159668967224
protein_0316,protein_0272,0.14716599190283403
protein_0316,protein_0273,0.12756410256410255
protein_0316,protein_0274,0.1797752808988764
protein_0316,protein_0276,0.15730337078651685
protein_0316,protein_0277,0.30243021346469623
protein_0316,protein_0278,0.16483516483516483
protein_0316,protein_0279,0.12941176470588237
protein_0316,protein_0280,0.1411764705882353
protein_0316,protein_0281,0.11607142857142858
protein_0316,protein_0282,0.1643835616438356
protein_0316,protein_0283,0.09174311926605505
protein_0316,protein_0285,0.14942528735632185
protein_0316,protein_0286,0.37587443291341344
protein_0316,protein_0287,0.14953271028037382
protein_0316,protein_0288,0.1625
protein_0316,protein_0289,0.20192307692307693
protein_0316,protein_0290,0.21100917431192662
protein_0316,protein_0292,0.3406252798925213
protein_0316,protein_0293,0.19318181818181818
protein_0316,protein_0294,0.12916666666666665
protein_0316,protein_0295,0.3911945223560468
protein_0316,protein_0296,0.13157894736842105
protein_0316,protein_0297,0.3094043887147335
protein_0316,protein_0298,0.26796778556542744
protein_0316,protein_0299,0.10570607553366174
protein_0316,protein_0300,0.14567307692307693
protein_0316,protein_0301,0.14567307692307693
protein_0316,protein_0302,0.10138248847926268
protein_0316,protein_0303,0.16883116883116883
protein_0316,protein_0304,0.2057109557109557
protein_0316,protein_0305,0.15631057020509354
protein_0316,protein_0306,0.11864406779661017
protein_0316,protein_0308,0.12173913043478261
protein_0316,protein_0309,0.12698412698412698
protein_0316,protein_0310,0.16981132075471697
protein_0316,protein_0312,0.14606741573033707
protein_0316,protein_0313,0.12204192021636241
protein_0316,protein_0314,0.17346938775510204
protein_0316,protein_0315,0.1271186440677966
protein_0316,protein_0317,0.19801980198019803
protein_0316,protein_0318,0.11607142857142858
protein_0316,protein_0319,0.13793103448275862
protein_0316,protein_0320,0.14444444444444443
protein_0316,protein_0321,0.13829787234042554
protein_0316,protein_0322,0.18072289156626506
protein_0316,protein_0323,0.13793103448275862
protein_0316,protein_0324,0.19718309859154928
protein_0316,protein_0325,0.17537028553977707
protein_0316,protein_0326,0.1875
protein_0316,protein_0327,0.13793103448275862
protein_0316,protein_0328,0.12962962962962962
protein_0316,protein_0329,0.12962962962962962
protein_0316,protein_0330,0.11494252873563218
protein_0316,protein_0331,0.3844129131606445
protein_0316,protein_0334,0.17582417582417584
protein_0316,protein_0335,0.18811881188118812
protein_0316,protein_0336,0.596242888205825
protein_0316,protein_0337,0.13033248476432924
protein_0316,protein_0338,0.13793103448275862
protein_0316,protein_0339,0.32078231874377167
protein_0316,protein_0340,0.14953271028037382
protein_0316,protein_0341,0.13725490196078433
protein_0316,protein_0342,0.18571428571428572
protein_0316,protein_0343,0.18140068886337543
protein_0316,protein_0344,0.16853932584269662
protein_0316,protein_0345,0.17721139430284857
protein_0316,protein_0346,0.17721139430284857
protein_0316,protein_0348,0.11304347826086956
protein_0316,protein_0349,0.1782178217821782
protein_0316,protein_0350,0.16853932584269662
protein_0316,protein_0352,0.3527898841561821
protein_0316,protein_0353,0.11008853681267475
protein_0316,protein_0354,0.17045454545454544
protein_0316,protein_0355,0.16029170288805178
protein_0316,protein_0356,0.7002721920636134
protein_0316,protein_0357,0.125
protein_0316,protein_0358,0.16853932584269662
protein_0316,protein_0359,0.17647058823529413
protein_0316,protein_0360,0.13636363636363635
protein_0316,protein_0361,0.1111111111111111
protein_0316,protein_0362,0.17045454545454544
protein_0316,protein_0364,0.16091954022988506
protein_0316,protein_0365,0.15555555555555556
protein_0316,protein_0366,0.1411764705882353
protein_0316,protein_0367,0.1414141414141414
protein_0316,protein_0368,0.18292682926829268
protein_0316,protein_0369,0.14473684210526316
protein_0316,protein_0370,0.16853932584269662
protein_0316,protein_0371,0.16304347826086957
protein_0316,protein_0372,0.10091743119266056
protein_0316,protein_0373,0.15
protein_0316,protein_0374,0.1452991452991453
protein_0316,protein_0375,0.19540229885057472
protein_0316,protein_0376,0.16161616161616163
protein_0316,protein_0377,0.12643678160919541
protein_0316,protein_0378,0.1388888888888889
protein_0316,protein_0379,0.12676006219068892
protein_0316,protein_0380,0.12676006219068892
protein_0316,protein_0381,0.12676006219068892
protein_0316,protein_0382,0.12694388100067613
protein_0316,protein_0383,0.3610999520092183
protein_0316,protein_0384,0.125
protein_0316,protein_0385,0.12121212121212122
protein_0316,protein_0386,0.19801980198019803
protein_0316,protein_0387,0.125
protein_0316,protein_0388,0.8794660381908267
protein_0316,protein_0389,0.1917808219178082
protein_0316,protein_0390,0.13333333333333333
protein_0316,protein_0391,0.2111111111111111
protein_0316,protein_0392,0.17777777777777778
protein_0316,protein_0393,0.16666666666666666
protein_0316,protein_0394,0.13157894736842105
protein_0316,protein_0395,0.11702127659574468
protein_0316,protein_0396,0.13445378151260504
protein_0316,protein_0397,0.1566265060240964
protein_0316,protein_0399,0.1839080459770115
protein_0332,protein_0000,0.21839080459770116
protein_0332,protein_0001,0.12030034572169404
protein_0332,protein_0002,0.1941747572815534
protein_0332,protein_0003,0.25287356321839083
protein_0332,protein_0004,0.26436781609195403
protein_0332,protein_0005,0.18556701030927836
protein_0332,protein_0007,0.16142663962136578
protein_0332,protein_0008,0.17757009345794392
protein_0332,protein_0009,0.19101123595505617
protein_0332,protein_0011,0.25287356321839083
protein_0332,protein_0012,0.2727272727272727
protein_0332,protein_0013,0.1368421052631579
protein_0332,protein_0014,0.17623035566583956
protein_0332,protein_0015,0.17592592592592593
protein_0332,protein_0016,0.17592592592592593
protein_0332,protein_0018,0.2222222222222222
protein_0332,protein_0019,0.14027777777777778
protein_0332,protein_0020,0.25
protein_0332,protein_0021,0.22641509433962265
protein_0332,protein_0022,0.18341167254210733
protein_0332,protein_0023,0.2079178300757878
protein_0332,protein_0025,0.2159090909090909
protein_0332,protein_0026,0.1619718309859155
protein_0332,protein_0027,0.17045340806726053
protein_0332,protein_0028,0.1826086956521739
protein_0332,protein_0029,0.1577246283128636
protein_0332,protein_0030,0.15126050420168066
protein_0332,protein_0031,0.1743119266055046
protein_0332,protein_0032,0.26436781609195403
protein_0332,protein_0033,0.21839080459770116
protein_0332,protein_0034,0.2608695652173913
protein_0332,protein_0035,0.18548387096774194
protein_0332,protein_0037,0.5000552608311228
protein_0332,protein_0038,0.5000552608311228
protein_0332,protein_0039,0.19101123595505617
protein_0332,protein_0040,0.14772727272727273
protein_0332,protein_0041,0.27586206896551724
protein_0332,protein_0042,0.2222222222222222
protein_0332,protein_0043,0.25842696629213485
protein_0332,protein_0044,0.20689655172413793
protein_0332,protein_0045,0.25287356321839083
protein_0332,protein_0046,0.17051615701583173
protein_0332,protein_0047,0.28888888888888886
protein_0332,protein_0048,0.3111111111111111
protein_0332,protein_0049,0.22988505747126436
protein_0332,protein_0050,0.19607843137254902
protein_0332,protein_0051,0.15416806160026783
protein_0332,protein_0052,0.26436781609195403
protein_0332,protein_0053,0.27586206896551724
protein_0332,protein_0054,0.1652892561983471
protein_0332,protein_0055,0.17355371900826447
protein_0332,protein_0056,0.12556306306306306
protein_0332,protein_0057,0.16142663962136578
protein_0332,protein_0058,0.18181818181818182
protein_0332,protein_0060,0.1309034062859964
protein_0332,protein_0061,0.23076923076923078
protein_0332,protein_0062,0.2413793103448276
protein_0332,protein_0063,0.107981220657277
protein_0332,protein_0064,0.26436781609195403
protein_0332,protein_0065,0.17647058823529413
protein_0332,protein_0066,0.16346153846153846
protein_0332,protein_0067,0.2696629213483146
protein_0332,protein_0068,0.2413793103448276
protein_0332,protein_0069,0.20454545454545456
protein_0332,protein_0070,0.21839080459770116
protein_0332,protein_0071,0.22727272727272727
protein_0332,protein_0072,0.16142663962136578
protein_0332,protein_0073,0.27586206896551724
protein_0332,protein_0074,0.1792452830188679
protein_0332,protein_0075,0.18962264150943398
protein_0332,protein_0076,0.17045454545454544
protein_0332,protein_0077,0.25287356321839083
protein_0332,protein_0078,0.1794871794871795
protein_0332,protein_0079,0.1794871794871795
protein_0332,protein_0080,0.26436781609195403
protein_0332,protein_0082,0.1509433962264151
protein_0332,protein_0083,0.21839080459770116
protein_0332,protein_0084,0.15501423600126543
protein_0332,protein_0085,0.1509433962264151
protein_0332,protein_0086,0.16037735849056603
protein_0332,protein_0087,0.14237717558933685
protein_0332,protein_0088,0.26436781609195403
protein_0332,protein_0089,0.14398455493835524
protein_0332,protein_0090,0.13556116015132408
protein_0332,protein_0091,0.152
protein_0332,protein_0092,0.152
protein_0332,protein_0093,0.2840909090909091
protein_0332,protein_0094,0.1864406779661017
protein_0332,protein_0095,0.1361601176156108
protein_0332,protein_0096,0.1826086956521739
protein_0332,protein_0097,0.26666666666666666
protein_0332,protein_0098,0.2717391304347826
protein_0332,protein_0099,0.15490472829922372
protein_0332,protein_0100,0.16287878787878787
protein_0332,protein_0101,0.27586206896551724
protein_0332,protein_0102,0.16822429906542055
protein_0332,protein_0104,0.16279069767441862
protein_0332,protein_0105,0.12371134020618557
protein_0332,protein_0106,0.16165795586527293
protein_0332,protein_0107,0.26436781609195403
protein_0332,protein_0108,0.22826086956521738
protein_0332,protein_0110,0.27586206896551724
protein_0332,protein_0112,0.1623931623931624
protein_0332,protein_0113,0.2413793103448276
protein_0332,protein_0114,0.25287356321839083
protein_0332,protein_0115,0.21839080459770116
protein_0332,protein_0116,0.15727586206896552
protein_0332,protein_0117,0.15727586206896552
protein_0332,protein_0118,0.15464895635673626
protein_0332,protein_0120,0.20689655172413793
protein_0332,protein_0121,0.20689655172413793
protein_0332,protein_0122,0.5009946949602122
protein_0332,protein_0123,0.14776746242263483
protein_0332,protein_0124,0.21839080459770116
protein_0332,protein_0125,0.14423076923076922
protein_0332,protein_0126,0.18518518518518517
protein_0332,protein_0127,0.26436781609195403
protein_0332,protein_0128,0.2857142857142857
protein_0332,protein_0129,0.2413793103448276
protein_0332,protein_0130,0.1347457627118644
protein_0332,protein_0131,0.1636586452762923
protein_0332,protein_0132,0.21621621621621623
protein_0332,protein_0133,0.21621621621621623
protein_0332,protein_0134,0.2413793103448276
protein_0332,protein_0135,0.26436781609195403
protein_0332,protein_0136,0.176
protein_0332,protein_0137,0.16666666666666666
protein_0332,protein_0138,0.16666666666666666
protein_0332,protein_0140,0.22988505747126436
protein_0332,protein_0141,0.4961870026525199
protein_0332,protein_0142,0.3333333333333333
protein_0332,protein_0143,0.19540229885057472
protein_0332,protein_0144,0.22727272727272727
protein_0332,protein_0146,0.1650485436893204
protein_0332,protein_0147,0.22988505747126436
protein_0332,protein_0148,0.2413793103448276
protein_0332,protein_0149,0.15051247771836007
protein_0332,protein_0151,0.23958333333333334
protein_0332,protein_0152,0.15077755240027046
protein_0332,protein_0153,0.13065810593900481
protein_0332,protein_0154,0.15949616421314536
protein_0332,protein_0156,0.14545454545454545
protein_0332,protein_0158,0.13747521480502312
protein_0332,protein_0159,0.21839080459770116
protein_0332,protein_0160,0.22988505747126436
protein_0332,protein_0161,0.15126050420168066
protein_0332,protein_0162,0.21978021978021978
protein_0332,protein_0163,0.1452991452991453
protein_0332,protein_0164,0.1724137931034483
protein_0332,protein_0166,0.1724137931034483
protein_0332,protein_0168,0.16916996047430832
protein_0332,protein_0169,0.136
protein_0332,protein_0170,0.1724137931034483
protein_0332,protein_0171,0.25287356321839083
protein_0332,protein_0172,0.15126050420168066
protein_0332,protein_0173,0.23333333333333334
protein_0332,protein_0174,0.23863636363636365
protein_0332,protein_0176,0.14640522875816994
protein_0332,protein_0178,0.1652892561983471
protein_0332,protein_0179,0.1951219512195122
protein_0332,protein_0180,0.2727272727272727
protein_0332,protein_0181,0.2717391304347826
protein_0332,protein_0182,0.2111111111111111
protein_0332,protein_0183,0.1504424778761062
protein_0332,protein_0184,0.22988505747126436
protein_0332,protein_0185,0.2
protein_0332,protein_0186,0.17142857142857143
protein_0332,protein_0187,0.23863636363636365
protein_0332,protein_0188,0.15947712418300652
protein_0332,protein_0189,0.23333333333333334
protein_0332,protein_0190,0.21839080459770116
protein_0332,protein_0191,0.2840909090909091
protein_0332,protein_0193,0.21839080459770116
protein_0332,protein_0195,0.21839080459770116
protein_0332,protein_0197,0.2696629213483146
protein_0332,protein_0198,0.2727272727272727
protein_0332,protein_0199,0.2222222222222222
protein_0332,protein_0200,0.26436781609195403
protein_0332,protein_0201,0.15
protein_0332,protein_0202,0.22988505747126436
protein_0332,protein_0203,0.15126050420168066
protein_0332,protein_0204,0.14673561732385262
protein_0332,protein_0205,0.15492957746478872
protein_0332,protein_0206,0.2413793103448276
protein_0332,protein_0207,0.171875
protein_0332,protein_0208,0.1574504010130857
protein_0332,protein_0209,0.23595505617977527
protein_0332,protein_0210,0.29545454545454547
protein_0332,protein_0211,0.13871473354231975
protein_0332,protein_0212,0.16091954022988506
protein_0332,protein_0213,0.22988505747126436
protein_0332,protein_0214,0.12745098039215685
protein_0332,protein_0215,0.13592233009708737
protein_0332,protein_0216,0.1574074074074074
protein_0332,protein_0217,0.21212121212121213
protein_0332,protein_0219,0.1732283464566929
protein_0332,protein_0220,0.2413793103448276
protein_0332,protein_0221,0.17391304347826086
protein_0332,protein_0222,0.22988505747126436
protein_0332,protein_0223,0.20689655172413793
protein_0332,protein_0224,0.16617405582922823
protein_0332,protein_0225,0.19
protein_0332,protein_0226,0.16981132075471697
protein_0332,protein_0227,0.17777777777777778
protein_0332,protein_0228,0.16558153299792838
protein_0332,protein_0230,0.19148936170212766
protein_0332,protein_0231,0.2413793103448276
protein_0332,protein_0232,0.1638986013986014
protein_0332,protein_0233,0.17518248175182483
protein_0332,protein_0234,0.1652892561983471
protein_0332,protein_0235,0.1634170522141441
protein_0332,protein_0236,0.16688770999115826
protein_0332,protein_0237,0.16688770999115826
protein_0332,protein_0238,0.13970588235294118
protein_0332,protein_0239,0.21505376344086022
protein_0332,protein_0240,0.23595505617977527
protein_0332,protein_0241,0.19540229885057472
protein_0332,protein_0242,0.1325732540207094
protein_0332,protein_0243,0.20454545454545456
protein_0332,protein_0244,0.13759296822177147
protein_0332,protein_0246,0.18691588785046728
protein_0332,protein_0247,0.18668099918099917
protein_0332,protein_0248,0.21839080459770116
protein_0332,protein_0249,0.24444444444444444
protein_0332,protein_0250,0.1443789887088856
protein_0332,protein_0251,0.1509433962264151
protein_0332,protein_0252,0.1958762886597938
protein_0332,protein_0253,0.13043478260869565
protein_0332,protein_0254,0.1695449004469728
protein_0332,protein_0255,0.14204545454545456
protein_0332,protein_0256,0.18421052631578946
protein_0332,protein_0257,0.17543859649122806
protein_0332,protein_0259,0.15973630831643004
protein_0332,protein_0260,0.15973630831643004
protein_0332,protein_0261,0.18095238095238095
protein_0332,protein_0262,0.14388489208633093
protein_0332,protein_0263,0.20833333333333334
protein_0332,protein_0264,0.25287356321839083
protein_0332,protein_0266,0.19100955794504182
protein_0332,protein_0267,0.16666666666666666
protein_0332,protein_0268,0.18181818181818182
protein_0332,protein_0269,0.176
protein_0332,protein_0270,0.12643678160919541
protein_0332,protein_0271,0.13843813387423937
protein_0332,protein_0272,0.185126582278481
protein_0332,protein_0273,0.16299287065328097
protein_0332,protein_0274,0.22340425531914893
protein_0332,protein_0276,0.26436781609195403
protein_0332,protein_0277,0.1343813387423935
protein_0332,protein_0278,0.24444444444444444
protein_0332,protein_0279,0.21839080459770116
protein_0332,protein_0280,0.22988505747126436
protein_0332,protein_0281,0.10714285714285714
protein_0332,protein_0282,0.14772727272727273
protein_0332,protein_0283,0.1095890410958904
protein_0332,protein_0285,0.26373626373626374
protein_0332,protein_0286,0.152191894127378
protein_0332,protein_0287,0.2222222222222222
protein_0332,protein_0288,0.21839080459770116
protein_0332,protein_0289,0.15851509142983036
protein_0332,protein_0290,0.21487603305785125
protein_0332,protein_0292,0.15973630831643004
protein_0332,protein_0293,0.2087912087912088
protein_0332,protein_0294,0.41883116883116883
protein_0332,protein_0295,0.13719979560551865
protein_0332,protein_0296,0.15384615384615385
protein_0332,protein_0297,0.1269552764926195
protein_0332,protein_0298,0.16548343475321164
protein_0332,protein_0299,0.13807429130009774
protein_0332,protein_0300,0.14756237603090092
protein_0332,protein_0301,0.15162324234904878
protein_0332,protein_0302,0.12442396313364056
protein_0332,protein_0303,0.19101123595505617
protein_0332,protein_0304,0.16892230576441103
protein_0332,protein_0305,0.19168716182980816
protein_0332,protein_0306,0.17355371900826447
protein_0332,protein_0308,0.17886178861788618
protein_0332,protein_0309,0.15542056074766353
protein_0332,protein_0310,0.2
protein_0332,protein_0312,0.26436781609195403
protein_0332,protein_0313,0.45511125798634056
protein_0332,protein_0314,0.1308411214953271
protein_0332,protein_0315,0.13157894736842105
protein_0332,protein_0317,0.14150943396226415
protein_0332,protein_0318,0.13709677419354838
protein_0332,protein_0319,0.20689655172413793
protein_0332,protein_0320,0.2222222222222222
protein_0332,protein_0321,0.23076923076923078
protein_0332,protein_0322,0.23728813559322035
protein_0332,protein_0323,0.20952380952380953
protein_0332,protein_0324,0.15384615384615385
protein_0332,protein_0325,0.12745700245700245
protein_0332,protein_0326,0.21348314606741572
protein_0332,protein_0327,0.24444444444444444
protein_0332,protein_0328,0.16101694915254236
protein_0332,protein_0329,0.16101694915254236
protein_0332,protein_0330,0.25287356321839083
protein_0332,protein_0331,0.15140186915887852
protein_0332,protein_0334,0.24468085106382978
protein_0332,protein_0335,0.19811320754716982
protein_0332,protein_0336,0.14503042596348886
protein_0332,protein_0337,0.20476190476190476
protein_0332,protein_0338,0.22988505747126436
protein_0332,protein_0339,0.14817290552584672
protein_0332,protein_0340,0.2
protein_0332,protein_0341,0.21359223300970873
protein_0332,protein_0342,0.22826086956521738
protein_0332,protein_0343,0.14284249384741593
protein_0332,protein_0344,0.27586206896551724
protein_0332,protein_0345,0.1387468030690537
protein_0332,protein_0346,0.1387468030690537
protein_0332,protein_0348,0.15833333333333333
protein_0332,protein_0349,0.13793103448275862
protein_0332,protein_0350,0.27586206896551724
protein_0332,protein_0352,0.1213464696223317
protein_0332,protein_0353,0.13379597501734905
protein_0332,protein_0354,0.19540229885057472
protein_0332,protein_0355,0.20294252873563218
protein_0332,protein_0356,0.14879822896900696
protein_0332,protein_0357,0.18032786885245902
protein_0332,protein_0358,0.27586206896551724
protein_0332,protein_0359,0.144
protein_0332,protein_0360,0.26436781609195403
protein_0332,protein_0361,0.17424242424242425
protein_0332,protein_0362,0.23157894736842105
protein_0332,protein_0364,0.20430107526881722
protein_0332,protein_0365,0.1935483870967742
protein_0332,protein_0366,0.1958762886597938
protein_0332,protein_0367,0.23076923076923078
protein_0332,protein_0368,0.1919191919191919
protein_0332,protein_0369,0.18181818181818182
protein_0332,protein_0370,0.27586206896551724
protein_0332,protein_0371,0.27586206896551724
protein_0332,protein_0372,0.0963302752293578
protein_0332,protein_0373,0.1523809523809524
protein_0332,protein_0374,0.1487603305785124
protein_0332,protein_0375,0.26436781609195403
protein_0332,protein_0376,0.21495327102803738
protein_0332,protein_0377,0.24719101123595505
protein_0332,protein_0378,0.17647058823529413
protein_0332,protein_0379,0.18555924027735904
protein_0332,protein_0380,0.18555924027735904
protein_0332,protein_0381,0.18555924027735904
protein_0332,protein_0382,0.43901350295725927
protein_0332,protein_0383,0.13370880267000418
protein_0332,protein_0384,0.2413793103448276
protein_0332,protein_0385,0.18095238095238095
protein_0332,protein_0386,0.13513513513513514
protein_0332,protein_0387,0.1308411214953271
protein_0332,protein_0388,0.14503042596348886
protein_0332,protein_0389,0.16853932584269662
protein_0332,protein_0390,0.2413793103448276
protein_0332,protein_0391,0.2222222222222222
protein_0332,protein_0392,0.2159090909090909
protein_0332,protein_0393,0.20454545454545456
protein_0332,protein_0394,0.1694915254237288
protein_0332,protein_0395,0.22826086956521738
protein_0332,protein_0396,0.13114754098360656
protein_0332,protein_0397,0.25287356321839083
protein_0332,protein_0399,0.21839080459770116
protein_0333,protein_0000,0.22988505747126436
protein_0333,protein_0001,0.12457741717376605
protein_0333,protein_0002,0.15730337078651685
protein_0333,protein_0003,0.28735632183908044
protein_0333,protein_0004,0.21839080459770116
protein_0333,protein_0005,0.2
protein_0333,protein_0007,0.14494916003536695
protein_0333,protein_0008,0.1743119266055046
protein_0333,protein_0009,0.2087912087912088
protein_0333,protein_0011,0.22988505747126436
protein_0333,protein_0012,0.25
protein_0333,protein_0013,0.21904761904761905
protein_0333,protein_0014,0.2229381443298969
protein_0333,protein_0015,0.16071428571428573
protein_0333,protein_0016,0.15151515151515152
protein_0333,protein_0018,0.25
protein_0333,protein_0019,0.1588235294117647
protein_0333,protein_0020,0.26666666666666666
protein_0333,protein_0021,0.17142857142857143
protein_0333,protein_0022,0.11102159200773445
protein_0333,protein_0023,0.1691753232987068
protein_0333,protein_0025,0.2391304347826087
protein_0333,protein_0026,0.17164179104477612
protein_0333,protein_0027,0.18063186813186813
protein_0333,protein_0028,0.17117117117117117
protein_0333,protein_0029,0.1687062937062937
protein_0333,protein_0030,0.18253968253968253
protein_0333,protein_0031,0.1875
protein_0333,protein_0032,0.2413793103448276
protein_0333,protein_0033,0.19540229885057472
protein_0333,protein_0034,0.2903225806451613
protein_0333,protein_0035,0.17647058823529413
protein_0333,protein_0037,0.5501434245366283
protein_0333,protein_0038,0.5501434245366283
protein_0333,protein_0039,0.2087912087912088
protein_0333,protein_0040,0.15151515151515152
protein_0333,protein_0041,0.25287356321839083
protein_0333,protein_0042,0.16091954022988506
protein_0333,protein_0043,0.22988505747126436
protein_0333,protein_0044,0.21839080459770116
protein_0333,protein_0045,0.22988505747126436
protein_0333,protein_0046,0.1466791703442189
protein_0333,protein_0047,0.2222222222222222
protein_0333,protein_0048,0.23333333333333334
protein_0333,protein_0049,0.21839080459770116
protein_0333,protein_0050,0.18
protein_0333,protein_0051,0.14750661959399824
protein_0333,protein_0052,0.25287356321839083
protein_0333,protein_0053,0.2696629213483146
protein_0333,protein_0054,0.1774193548387097
protein_0333,protein_0055,0.16666666666666666
protein_0333,protein_0056,0.1647692774741955
protein_0333,protein_0057,0.15063520871143377
protein_0333,protein_0058,0.17777777777777778
protein_0333,protein_0060,0.11484593837535013
protein_0333,protein_0061,0.1523809523809524
protein_0333,protein_0062,0.3068181818181818
protein_0333,protein_0063,0.12206572769953052
protein_0333,protein_0064,0.25
protein_0333,protein_0065,0.18269230769230768
protein_0333,protein_0066,0.1794871794871795
protein_0333,protein_0067,0.25287356321839083
protein_0333,protein_0068,0.2413793103448276
protein_0333,protein_0069,0.26136363636363635
protein_0333,protein_0070,0.21348314606741572
protein_0333,protein_0071,0.21839080459770116
protein_0333,protein_0072,0.16476955696908827
protein_0333,protein_0073,0.26436781609195403
protein_0333,protein_0074,0.16831683168316833
protein_0333,protein_0075,0.1616161616161616
protein_0333,protein_0076,0.13636363636363635
protein_0333,protein_0077,0.3068181818181818
protein_0333,protein_0078,0.168141592920354
protein_0333,protein_0079,0.168141592920354
protein_0333,protein_0080,0.22988505747126436
protein_0333,protein_0082,0.21367521367521367
protein_0333,protein_0083,0.24719101123595505
protein_0333,protein_0084,0.19812540400775697
protein_0333,protein_0085,0.19827586206896552
protein_0333,protein_0086,0.19827586206896552
protein_0333,protein_0087,0.14870689655172414
protein_0333,protein_0088,0.25287356321839083
protein_0333,protein_0089,0.1489302967563837
protein_0333,protein_0090,0.15804145349599896
protein_0333,protein_0091,0.13157894736842105
protein_0333,protein_0092,0.13157894736842105
protein_0333,protein_0093,0.2727272727272727
protein_0333,protein_0094,0.1794871794871795
protein_0333,protein_0095,0.14506895654436636
protein_0333,protein_0096,0.18446601941747573
protein_0333,protein_0097,0.26436781609195403
protein_0333,protein_0098,0.25287356321839083
protein_0333,protein_0099,0.15007134929443477
protein_0333,protein_0100,0.1521810971579643
protein_0333,protein_0101,0.26436781609195403
protein_0333,protein_0102,0.1839080459770115
protein_0333,protein_0104,0.1885245901639344
protein_0333,protein_0105,0.13978494623655913
protein_0333,protein_0106,0.17210567210567213
protein_0333,protein_0107,0.28735632183908044
protein_0333,protein_0108,0.19540229885057472
protein_0333,protein_0110,0.19540229885057472
protein_0333,protein_0112,0.17757009345794392
protein_0333,protein_0113,0.20689655172413793
protein_0333,protein_0114,0.22988505747126436
protein_0333,protein_0115,0.25842696629213485
protein_0333,protein_0116,0.14589544822102962
protein_0333,protein_0117,0.14589544822102962
protein_0333,protein_0118,0.14226115978306214
protein_0333,protein_0120,0.1839080459770115
protein_0333,protein_0121,0.1839080459770115
protein_0333,protein_0122,0.5501434245366283
protein_0333,protein_0123,0.13674780256930358
protein_0333,protein_0124,0.1839080459770115
protein_0333,protein_0125,0.14678899082568808
protein_0333,protein_0126,0.15178571428571427
protein_0333,protein_0127,0.2413793103448276
protein_0333,protein_0128,0.27586206896551724
protein_0333,protein_0129,0.20689655172413793
protein_0333,protein_0130,0.14564475928112292
protein_0333,protein_0131,0.13518518518518519
protein_0333,protein_0132,0.22727272727272727
protein_0333,protein_0133,0.22727272727272727
protein_0333,protein_0134,0.21978021978021978
protein_0333,protein_0135,0.22988505747126436
protein_0333,protein_0136,0.1774193548387097
protein_0333,protein_0137,0.16129032258064516
protein_0333,protein_0138,0.16129032258064516
protein_0333,protein_0140,0.20689655172413793
protein_0333,protein_0141,0.5709269662921348
protein_0333,protein_0142,0.2696629213483146
protein_0333,protein_0143,0.20689655172413793
protein_0333,protein_0144,0.1956521739130435
protein_0333,protein_0146,0.14606741573033707
protein_0333,protein_0147,0.2696629213483146
protein_0333,protein_0148,0.2413793103448276
protein_0333,protein_0149,0.14508547008547007
protein_0333,protein_0151,0.27472527472527475
protein_0333,protein_0152,0.159508547008547
protein_0333,protein_0153,0.1656263004577611
protein_0333,protein_0154,0.1450856332497
protein_0333,protein_0156,0.15454545454545454
protein_0333,protein_0158,0.15385878489326765
protein_0333,protein_0159,0.25287356321839083
protein_0333,protein_0160,0.26136363636363635
protein_0333,protein_0161,0.16666666666666666
protein_0333,protein_0162,0.29545454545454547
protein_0333,protein_0163,0.15702479338842976
protein_0333,protein_0164,0.25287356321839083
protein_0333,protein_0166,0.26136363636363635
protein_0333,protein_0168,0.15424623505666823
protein_0333,protein_0169,0.15503875968992248
protein_0333,protein_0170,0.24175824175824176
protein_0333,protein_0171,0.2413793103448276
protein_0333,protein_0172,0.13675213675213677
protein_0333,protein_0173,0.21839080459770116
protein_0333,protein_0174,0.26436781609195403
protein_0333,protein_0176,0.14249492900608518
protein_0333,protein_0178,0.15702479338842976
protein_0333,protein_0179,0.18181818181818182
protein_0333,protein_0180,0.30434782608695654
protein_0333,protein_0181,0.2413793103448276
protein_0333,protein_0182,0.2840909090909091
protein_0333,protein_0183,0.14166666666666666
protein_0333,protein_0184,0.22988505747126436
protein_0333,protein_0185,0.1588785046728972
protein_0333,protein_0186,0.1588785046728972
protein_0333,protein_0187,0.2413793103448276
protein_0333,protein_0188,0.149313692668229
protein_0333,protein_0189,0.25287356321839083
protein_0333,protein_0190,0.25287356321839083
protein_0333,protein_0191,0.26881720430107525
protein_0333,protein_0193,0.27472527472527475
protein_0333,protein_0195,0.21839080459770116
protein_0333,protein_0197,0.20689655172413793
protein_0333,protein_0198,0.22988505747126436
protein_0333,protein_0199,0.23333333333333334
protein_0333,protein_0200,0.2159090909090909
protein_0333,protein_0201,0.14655172413793102
protein_0333,protein_0202,0.27586206896551724
protein_0333,protein_0203,0.17692307692307693
protein_0333,protein_0204,0.1449579831932773
protein_0333,protein_0205,0.14084507042253522
protein_0333,protein_0206,0.2413793103448276
protein_0333,protein_0207,0.16030534351145037
protein_0333,protein_0208,0.142932015573525
protein_0333,protein_0209,0.2413793103448276
protein_0333,protein_0210,0.2717391304347826
protein_0333,protein_0211,0.14120370370370372
protein_0333,protein_0212,0.1839080459770115
protein_0333,protein_0213,0.25287356321839083
protein_0333,protein_0214,0.16326530612244897
protein_0333,protein_0215,0.1650485436893204
protein_0333,protein_0216,0.2
protein_0333,protein_0217,0.14705882352941177
protein_0333,protein_0219,0.19230769230769232
protein_0333,protein_0220,0.2413793103448276
protein_0333,protein_0221,0.1568627450980392
protein_0333,protein_0222,0.22988505747126436
protein_0333,protein_0223,0.1839080459770115
protein_0333,protein_0224,0.10918803418803419
protein_0333,protein_0225,0.14705882352941177
protein_0333,protein_0226,0.15384615384615385
protein_0333,protein_0227,0.1346153846153846
protein_0333,protein_0228,0.22370252535295287
protein_0333,protein_0230,0.21052631578947367
protein_0333,protein_0231,0.26436781609195403
protein_0333,protein_0232,0.15146721937384094
protein_0333,protein_0233,0.17424242424242425
protein_0333,protein_0234,0.168141592920354
protein_0333,protein_0235,0.17179248213730974
protein_0333,protein_0236,0.1782312925170068
protein_0333,protein_0237,0.1782312925170068
protein_0333,protein_0238,0.19548872180451127
protein_0333,protein_0239,0.25274725274725274
protein_0333,protein_0240,0.21839080459770116
protein_0333,protein_0241,0.23595505617977527
protein_0333,protein_0242,0.11229946524064172
protein_0333,protein_0243,0.23863636363636365
protein_0333,protein_0244,0.1218501326259947
protein_0333,protein_0246,0.14285714285714285
protein_0333,protein_0247,0.17340984244310445
protein_0333,protein_0248,0.22988505747126436
protein_0333,protein_0249,0.2696629213483146
protein_0333,protein_0250,0.1407923994340004
protein_0333,protein_0251,0.16666666666666666
protein_0333,protein_0252,0.17391304347826086
protein_0333,protein_0253,0.20353982300884957
protein_0333,protein_0254,0.16369140828896545
protein_0333,protein_0255,0.17415730337078653
protein_0333,protein_0256,0.17391304347826086
protein_0333,protein_0257,0.17543859649122806
protein_0333,protein_0259,0.14783814316524596
protein_0333,protein_0260,0.14783814316524596
protein_0333,protein_0261,0.18269230769230768
protein_0333,protein_0262,0.15483870967741936
protein_0333,protein_0263,0.12666666666666668
protein_0333,protein_0264,0.23863636363636365
protein_0333,protein_0266,0.16164717348927876
protein_0333,protein_0267,0.18867924528301888
protein_0333,protein_0268,0.1568627450980392
protein_0333,protein_0269,0.16101694915254236
protein_0333,protein_0270,0.13793103448275862
protein_0333,protein_0271,0.1483340688437776
protein_0333,protein_0272,0.18088907947398514
protein_0333,protein_0273,0.183426243567753
protein_0333,protein_0274,0.2608695652173913
protein_0333,protein_0276,0.29213483146067415
protein_0333,protein_0277,0.14334009465855307
protein_0333,protein_0278,0.2222222222222222
protein_0333,protein_0279,0.2857142857142857
protein_0333,protein_0280,0.26136363636363635
protein_0333,protein_0281,0.19827586206896552
protein_0333,protein_0282,0.10344827586206896
protein_0333,protein_0283,0.11009174311926606
protein_0333,protein_0285,0.2727272727272727
protein_0333,protein_0286,0.15247296020161713
protein_0333,protein_0287,0.22935779816513763
protein_0333,protein_0288,0.26136363636363635
protein_0333,protein_0289,0.1636586452762923
protein_0333,protein_0290,0.184
protein_0333,protein_0292,0.1572153574580759
protein_0333,protein_0293,0.25842696629213485
protein_0333,protein_0294,0.43587662337662336
protein_0333,protein_0295,0.16783216783216784
protein_0333,protein_0296,0.1875
protein_0333,protein_0297,0.1587566844919786
protein_0333,protein_0298,0.13269100743745774
protein_0333,protein_0299,0.11957813428401665
protein_0333,protein_0300,0.15094053398058252
protein_0333,protein_0301,0.15579490291262135
protein_0333,protein_0302,0.14678899082568808
protein_0333,protein_0303,0.21348314606741572
protein_0333,protein_0304,0.17746028243601059
protein_0333,protein_0305,0.16740967771895607
protein_0333,protein_0306,0.16666666666666666
protein_0333,protein_0308,0.2222222222222222
protein_0333,protein_0309,0.14784946236559138
protein_0333,protein_0310,0.19090909090909092
protein_0333,protein_0312,0.28735632183908044
protein_0333,protein_0313,0.6863073317710077
protein_0333,protein_0314,0.11538461538461539
protein_0333,protein_0315,0.17355371900826447
protein_0333,protein_0317,0.14655172413793102
protein_0333,protein_0318,0.1864406779661017
protein_0333,protein_0319,0.2727272727272727
protein_0333,protein_0320,0.2696629213483146
protein_0333,protein_0321,0.21978021978021978
protein_0333,protein_0322,0.26436781609195403
protein_0333,protein_0323,0.26136363636363635
protein_0333,protein_0324,0.1590909090909091
protein_0333,protein_0325,0.13339552238805968
protein_0333,protein_0326,0.18681318681318682
protein_0333,protein_0327,0.26136363636363635
protein_0333,protein_0328,0.16071428571428573
protein_0333,protein_0329,0.16071428571428573
protein_0333,protein_0330,0.19540229885057472
protein_0333,protein_0331,0.1687062937062937
protein_0333,protein_0334,0.21978021978021978
protein_0333,protein_0335,0.17391304347826086
protein_0333,protein_0336,0.14845531826663902
protein_0333,protein_0337,0.21149425287356322
protein_0333,protein_0338,0.27586206896551724
protein_0333,protein_0339,0.1416611588455607
protein_0333,protein_0340,0.1792452830188679
protein_0333,protein_0341,0.22549019607843138
protein_0333,protein_0342,0.1839080459770115
protein_0333,protein_0343,0.14895276292335113
protein_0333,protein_0344,0.2988505747126437
protein_0333,protein_0345,0.125
protein_0333,protein_0346,0.125
protein_0333,protein_0348,0.1693548387096774
protein_0333,protein_0349,0.16806722689075632
protein_0333,protein_0350,0.26436781609195403
protein_0333,protein_0352,0.13843813387423937
protein_0333,protein_0353,0.1557795698924731
protein_0333,protein_0354,0.21839080459770116
protein_0333,protein_0355,0.20593103448275862
protein_0333,protein_0356,0.1190318302387268
protein_0333,protein_0357,0.14960629921259844
protein_0333,protein_0358,0.27586206896551724
protein_0333,protein_0359,0.15625
protein_0333,protein_0360,0.3
protein_0333,protein_0361,0.17692307692307693
protein_0333,protein_0362,0.19318181818181818
protein_0333,protein_0364,0.19318181818181818
protein_0333,protein_0365,0.20689655172413793
protein_0333,protein_0366,0.20689655172413793
protein_0333,protein_0367,0.1743119266055046
protein_0333,protein_0368,0.18269230769230768
protein_0333,protein_0369,0.15178571428571427
protein_0333,protein_0370,0.2988505747126437
protein_0333,protein_0371,0.29545454545454547
protein_0333,protein_0372,0.13302752293577982
protein_0333,protein_0373,0.13392857142857142
protein_0333,protein_0374,0.15625
protein_0333,protein_0375,0.25287356321839083
protein_0333,protein_0376,0.17307692307692307
protein_0333,protein_0377,0.2413793103448276
protein_0333,protein_0378,0.13821138211382114
protein_0333,protein_0379,0.1714675560946028
protein_0333,protein_0380,0.1714675560946028
protein_0333,protein_0381,0.1714675560946028
protein_0333,protein_0382,0.6869506423258959
protein_0333,protein_0383,0.14663542015400066
protein_0333,protein_0384,0.2413793103448276
protein_0333,protein_0385,0.1509433962264151
protein_0333,protein_0386,0.192
protein_0333,protein_0387,0.14782608695652175
protein_0333,protein_0388,0.12632518692110256
protein_0333,protein_0389,0.16981132075471697
protein_0333,protein_0390,0.29545454545454547
protein_0333,protein_0391,0.18888888888888888
protein_0333,protein_0392,0.22988505747126436
protein_0333,protein_0393,0.2727272727272727
protein_0333,protein_0394,0.16379310344827586
protein_0333,protein_0395,0.22826086956521738
protein_0333,protein_0396,0.1693548387096774
protein_0333,protein_0397,0.26436781609195403
protein_0333,protein_0399,0.2413793103448276
protein_0347,protein_0000,0.14942528735632185
protein_0347,protein_0001,0.3267124317773366
protein_0347,protein_0002,0.18072289156626506
protein_0347,protein_0003,0.15730337078651685
protein_0347,protein_0004,0.14942528735632185
protein_0347,protein_0005,0.18478260869565216
protein_0347,protein_0007,0.296908657584594
protein_0347,protein_0008,0.1650485436893204
protein_0347,protein_0009,0.18947368421052632
protein_0347,protein_0011,0.1724137931034483
protein_0347,protein_0012,0.19540229885057472
protein_0347,protein_0013,0.23943661971830985
protein_0347,protein_0014,0.1514239618406285
protein_0347,protein_0015,0.15
protein_0347,protein_0016,0.1619047619047619
protein_0347,protein_0018,0.19540229885057472
protein_0347,protein_0019,0.26618832161112227
protein_0347,protein_0020,0.18888888888888888
protein_0347,protein_0021,0.18292682926829268
protein_0347,protein_0022,0.15968992248062014
protein_0347,protein_0023,0.12650363516192994
protein_0347,protein_0025,0.16091954022988506
protein_0347,protein_0026,0.15384615384615385
protein_0347,protein_0027,0.1480880230880231
protein_0347,protein_0028,0.16
protein_0347,protein_0029,0.31381952426266135
protein_0347,protein_0030,0.17647058823529413
protein_0347,protein_0031,0.1414141414141414
protein_0347,protein_0032,0.18947368421052632
protein_0347,protein_0033,0.18888888888888888
protein_0347,protein_0034,0.17391304347826086
protein_0347,protein_0035,0.17346938775510204
protein_0347,protein_0037,0.1687062937062937
protein_0347,protein_0038,0.1687062937062937
protein_0347,protein_0039,0.2
protein_0347,protein_0040,0.17647058823529413
protein_0347,protein_0041,0.17777777777777778
protein_0347,protein_0042,0.15294117647058825
protein_0347,protein_0043,0.1839080459770115
protein_0347,protein_0044,0.14942528735632185
protein_0347,protein_0045,0.15053763440860216
protein_0347,protein_0046,0.32961757536680225
protein_0347,protein_0047,0.17894736842105263
protein_0347,protein_0048,0.1724137931034483
protein_0347,protein_0049,0.18681318681318682
protein_0347,protein_0050,0.17
protein_0347,protein_0051,0.29994883948747997
protein_0347,protein_0052,0.1724137931034483
protein_0347,protein_0053,0.1595744680851064
protein_0347,protein_0054,0.1452991452991453
protein_0347,protein_0055,0.1623931623931624
protein_0347,protein_0056,0.14035832154644035
protein_0347,protein_0057,0.3006164810921951
protein_0347,protein_0058,0.16666666666666666
protein_0347,protein_0060,0.11885848779052663
protein_0347,protein_0061,0.17045454545454544
protein_0347,protein_0062,0.17708333333333334
protein_0347,protein_0063,0.09859154929577464
protein_0347,protein_0064,0.16666666666666666
protein_0347,protein_0065,0.1485148514851485
protein_0347,protein_0066,0.18095238095238095
protein_0347,protein_0067,0.16091954022988506
protein_0347,protein_0068,0.16666666666666666
protein_0347,protein_0069,0.14444444444444443
protein_0347,protein_0070,0.15555555555555556
protein_0347,protein_0071,0.17045454545454544
protein_0347,protein_0072,0.3474745687709892
protein_0347,protein_0073,0.18181818181818182
protein_0347,protein_0074,0.15730337078651685
protein_0347,protein_0075,0.12716494845360823
protein_0347,protein_0076,0.2345679012345679
protein_0347,protein_0077,0.1839080459770115
protein_0347,protein_0078,0.13861386138613863
protein_0347,protein_0079,0.13861386138613863
protein_0347,protein_0080,0.1590909090909091
protein_0347,protein_0082,0.17
protein_0347,protein_0083,0.1724137931034483
protein_0347,protein_0084,0.16395348837209303
protein_0347,protein_0085,0.17
protein_0347,protein_0086,0.16346153846153846
protein_0347,protein_0087,0.348030402092187
protein_0347,protein_0088,0.15217391304347827
protein_0347,protein_0089,0.14922614922614924
protein_0347,protein_0090,0.17430142006413193
protein_0347,protein_0091,0.13274336283185842
protein_0347,protein_0092,0.13274336283185842
protein_0347,protein_0093,0.1797752808988764
protein_0347,protein_0094,0.16379310344827586
protein_0347,protein_0095,0.13278495887191538
protein_0347,protein_0096,0.14285714285714285
protein_0347,protein_0097,0.16853932584269662
protein_0347,protein_0098,0.13793103448275862
protein_0347,protein_0099,0.1340100029420418
protein_0347,protein_0100,0.3857414832379963
protein_0347,protein_0101,0.17045454545454544
protein_0347,protein_0102,0.1590909090909091
protein_0347,protein_0104,0.1452991452991453
protein_0347,protein_0105,0.22058823529411764
protein_0347,protein_0106,0.13692140416278348
protein_0347,protein_0107,0.22988505747126436
protein_0347,protein_0108,0.16049382716049382
protein_0347,protein_0110,0.17777777777777778
protein_0347,protein_0112,0.18181818181818182
protein_0347,protein_0113,0.19540229885057472
protein_0347,protein_0114,0.16091954022988506
protein_0347,protein_0115,0.1797752808988764
protein_0347,protein_0116,0.12974481658692183
protein_0347,protein_0117,0.12974481658692183
protein_0347,protein_0118,0.2825123685942132
protein_0347,protein_0120,0.1724137931034483
protein_0347,protein_0121,0.1724137931034483
protein_0347,protein_0122,0.15401588702559577
protein_0347,protein_0123,0.33676507743414585
protein_0347,protein_0124,0.13793103448275862
protein_0347,protein_0125,0.18811881188118812
protein_0347,protein_0126,0.1414141414141414
protein_0347,protein_0127,0.1724137931034483
protein_0347,protein_0128,0.1724137931034483
protein_0347,protein_0129,0.1978021978021978
protein_0347,protein_0130,0.1410375893134514
protein_0347,protein_0131,0.1732142857142857
protein_0347,protein_0132,0.16981132075471697
protein_0347,protein_0133,0.16981132075471697
protein_0347,protein_0134,0.18478260869565216
protein_0347,protein_0135,0.18072289156626506
protein_0347,protein_0136,0.14655172413793102
protein_0347,protein_0137,0.13675213675213677
protein_0347,protein_0138,0.13675213675213677
protein_0347,protein_0140,0.19540229885057472
protein_0347,protein_0141,0.1524767801857585
protein_0347,protein_0142,0.1839080459770115
protein_0347,protein_0143,0.13793103448275862
protein_0347,protein_0144,0.13793103448275862
protein_0347,protein_0146,0.15789473684210525
protein_0347,protein_0147,0.1348314606741573
protein_0347,protein_0148,0.18478260869565216
protein_0347,protein_0149,0.37194968112336996
protein_0347,protein_0151,0.16129032258064516
protein_0347,protein_0152,0.32864183281967274
protein_0347,protein_0153,0.1759548468409228
protein_0347,protein_0154,0.16117413499716393
protein_0347,protein_0156,0.14953271028037382
protein_0347,protein_0158,0.36338658547710273
protein_0347,protein_0159,0.17777777777777778
protein_0347,protein_0160,0.1744186046511628
protein_0347,protein_0161,0.14285714285714285
protein_0347,protein_0162,0.15853658536585366
protein_0347,protein_0163,0.1782178217821782
protein_0347,protein_0164,0.1590909090909091
protein_0347,protein_0166,0.17777777777777778
protein_0347,protein_0168,0.13235747303543913
protein_0347,protein_0169,0.15384615384615385
protein_0347,protein_0170,0.1951219512195122
protein_0347,protein_0171,0.1839080459770115
protein_0347,protein_0172,0.1452991452991453
protein_0347,protein_0173,0.1839080459770115
protein_0347,protein_0174,0.1724137931034483
protein_0347,protein_0176,0.2726850610160497
protein_0347,protein_0178,0.1504424778761062
protein_0347,protein_0179,0.15789473684210525
protein_0347,protein_0180,0.13793103448275862
protein_0347,protein_0181,0.1590909090909091
protein_0347,protein_0182,0.1797752808988764
protein_0347,protein_0183,0.15151515151515152
protein_0347,protein_0184,0.17582417582417584
protein_0347,protein_0185,0.18604651162790697
protein_0347,protein_0186,0.16
protein_0347,protein_0187,0.16091954022988506
protein_0347,protein_0188,0.34950633433244505
protein_0347,protein_0189,0.1978021978021978
protein_0347,protein_0190,0.1724137931034483
protein_0347,protein_0191,0.18181818181818182
protein_0347,protein_0193,0.19540229885057472
protein_0347,protein_0195,0.1724137931034483
protein_0347,protein_0197,0.17777777777777778
protein_0347,protein_0198,0.1839080459770115
protein_0347,protein_0199,0.16666666666666666
protein_0347,protein_0200,0.1724137931034483
protein_0347,protein_0201,0.18811881188118812
protein_0347,protein_0202,0.1956521739130435
protein_0347,protein_0203,0.11965811965811966
protein_0347,protein_0204,0.2874206183699271
protein_0347,protein_0205,0.0947867298578199
protein_0347,protein_0206,0.1839080459770115
protein_0347,protein_0207,0.14754098360655737
protein_0347,protein_0208,0.13518805580484622
protein_0347,protein_0209,0.16091954022988506
protein_0347,protein_0210,0.18823529411764706
protein_0347,protein_0211,0.1707142857142857
protein_0347,protein_0212,0.2054794520547945
protein_0347,protein_0213,0.17204301075268819
protein_0347,protein_0214,0.17391304347826086
protein_0347,protein_0215,0.17391304347826086
protein_0347,protein_0216,0.2
protein_0347,protein_0217,0.1744186046511628
protein_0347,protein_0219,0.14285714285714285
protein_0347,protein_0220,0.16853932584269662
protein_0347,protein_0221,0.21739130434782608
protein_0347,protein_0222,0.18888888888888888
protein_0347,protein_0223,0.2222222222222222
protein_0347,protein_0224,0.2352644914102089
protein_0347,protein_0225,0.16279069767441862
protein_0347,protein_0226,0.15555555555555556
protein_0347,protein_0227,0.17647058823529413
protein_0347,protein_0228,0.1554779806659506
protein_0347,protein_0230,0.17045454545454544
protein_0347,protein_0231,0.16853932584269662
protein_0347,protein_0232,0.3872767859812593
protein_0347,protein_0233,0.12598425196850394
protein_0347,protein_0234,0.15151515151515152
protein_0347,protein_0235,0.16938353795138064
protein_0347,protein_0236,0.16087935053452296
protein_0347,protein_0237,0.16087935053452296
protein_0347,protein_0238,0.13533834586466165
protein_0347,protein_0239,0.17204301075268819
protein_0347,protein_0240,0.1839080459770115
protein_0347,protein_0241,0.16091954022988506
protein_0347,protein_0242,0.29811160572148404
protein_0347,protein_0243,0.15730337078651685
protein_0347,protein_0244,0.17742987606001304
protein_0347,protein_0246,0.20652173913043478
protein_0347,protein_0247,0.1415873015873016
protein_0347,protein_0248,0.17391304347826086
protein_0347,protein_0249,0.15555555555555556
protein_0347,protein_0250,0.20741195741195742
protein_0347,protein_0251,0.19101123595505617
protein_0347,protein_0252,0.15476190476190477
protein_0347,protein_0253,0.1504424778761062
protein_0347,protein_0254,0.16883116883116883
protein_0347,protein_0255,0.1111111111111111
protein_0347,protein_0256,0.1414141414141414
protein_0347,protein_0257,0.15151515151515152
protein_0347,protein_0259,0.31949085397361254
protein_0347,protein_0260,0.31949085397361254
protein_0347,protein_0261,0.14705882352941177
protein_0347,protein_0262,0.1276595744680851
protein_0347,protein_0263,0.11643835616438356
protein_0347,protein_0264,0.18181818181818182
protein_0347,protein_0266,0.1509386733416771
protein_0347,protein_0267,0.21739130434782608
protein_0347,protein_0268,0.15853658536585366
protein_0347,protein_0269,0.12295081967213115
protein_0347,protein_0270,0.20833333333333334
protein_0347,protein_0271,0.32849755949921783
protein_0347,protein_0272,0.1506575185820469
protein_0347,protein_0273,0.1474358974358974
protein_0347,protein_0274,0.16853932584269662
protein_0347,protein_0276,0.15730337078651685
protein_0347,protein_0277,0.32203895482006006
protein_0347,protein_0278,0.16666666666666666
protein_0347,protein_0279,0.17647058823529413
protein_0347,protein_0280,0.19753086419753085
protein_0347,protein_0281,0.11607142857142858
protein_0347,protein_0282,0.1891891891891892
protein_0347,protein_0283,0.11467889908256881
protein_0347,protein_0285,0.19540229885057472
protein_0347,protein_0286,0.32155022914323494
protein_0347,protein_0287,0.14814814814814814
protein_0347,protein_0288,0.16470588235294117
protein_0347,protein_0289,0.19166666666666665
protein_0347,protein_0290,0.16831683168316833
protein_0347,protein_0292,0.3346036532749572
protein_0347,protein_0293,0.16304347826086957
protein_0347,protein_0294,0.147377938517179
protein_0347,protein_0295,0.29292665171402876
protein_0347,protein_0296,0.14655172413793102
protein_0347,protein_0297,0.3576597154020707
protein_0347,protein_0298,0.32708784456344636
protein_0347,protein_0299,0.16452014956377234
protein_0347,protein_0300,0.16169786096256683
protein_0347,protein_0301,0.171840354767184
protein_0347,protein_0302,0.0967741935483871
protein_0347,protein_0303,0.18421052631578946
protein_0347,protein_0304,0.19770378874856487
protein_0347,protein_0305,0.15779362249950488
protein_0347,protein_0306,0.1623931623931624
protein_0347,protein_0308,0.1694915254237288
protein_0347,protein_0309,0.1384920634920635
protein_0347,protein_0310,0.18181818181818182
protein_0347,protein_0312,0.17582417582417584
protein_0347,protein_0313,0.1610032362459547
protein_0347,protein_0314,0.17475728155339806
protein_0347,protein_0315,0.16964285714285715
protein_0347,protein_0317,0.23300970873786409
protein_0347,protein_0318,0.125
protein_0347,protein_0319,0.2159090909090909
protein_0347,protein_0320,0.14942528735632185
protein_0347,protein_0321,0.16304347826086957
protein_0347,protein_0322,0.1686746987951807
protein_0347,protein_0323,0.18478260869565216
protein_0347,protein_0324,0.21621621621621623
protein_0347,protein_0325,0.14664031620553358
protein_0347,protein_0326,0.2125
protein_0347,protein_0327,0.18681318681318682
protein_0347,protein_0328,0.16666666666666666
protein_0347,protein_0329,0.16666666666666666
protein_0347,protein_0330,0.1839080459770115
protein_0347,protein_0331,0.3034577581216973
protein_0347,protein_0334,0.19101123595505617
protein_0347,protein_0335,0.22772277227722773
protein_0347,protein_0336,0.35819973130317956
protein_0347,protein_0337,0.16302447552447552
protein_0347,protein_0338,0.14606741573033707
protein_0347,protein_0339,0.28145184178182237
protein_0347,protein_0340,0.19
protein_0347,protein_0341,0.12745098039215685
protein_0347,protein_0342,0.19736842105263158
protein_0347,protein_0343,0.17322478516508366
protein_0347,protein_0344,0.16853932584269662
protein_0347,protein_0345,0.1820931639443436
protein_0347,protein_0346,0.1820931639443436
protein_0347,protein_0348,0.14782608695652175
protein_0347,protein_0349,0.19047619047619047
protein_0347,protein_0350,0.2159090909090909
protein_0347,protein_0352,0.3444213429522041
protein_0347,protein_0353,0.10859044162129461
protein_0347,protein_0354,0.16091954022988506
protein_0347,protein_0355,0.1576842506189297
protein_0347,protein_0356,0.3462068120558687
protein_0347,protein_0357,0.17073170731707318
protein_0347,protein_0358,0.20454545454545456
protein_0347,protein_0359,0.13445378151260504
protein_0347,protein_0360,0.16091954022988506
protein_0347,protein_0361,0.1440677966101695
protein_0347,protein_0362,0.16091954022988506
protein_0347,protein_0364,0.1702127659574468
protein_0347,protein_0365,0.18823529411764706
protein_0347,protein_0366,0.18823529411764706
protein_0347,protein_0367,0.18181818181818182
protein_0347,protein_0368,0.1724137931034483
protein_0347,protein_0369,0.18292682926829268
protein_0347,protein_0370,0.16853932584269662
protein_0347,protein_0371,0.16279069767441862
protein_0347,protein_0372,0.11009174311926606
protein_0347,protein_0373,0.18627450980392157
protein_0347,protein_0374,0.1452991452991453
protein_0347,protein_0375,0.1839080459770115
protein_0347,protein_0376,0.18627450980392157
protein_0347,protein_0377,0.17391304347826086
protein_0347,protein_0378,0.14953271028037382
protein_0347,protein_0379,0.15575858250276856
protein_0347,protein_0380,0.15575858250276856
protein_0347,protein_0381,0.15575858250276856
protein_0347,protein_0382,0.1683190129984578
protein_0347,protein_0383,0.36158909079025653
protein_0347,protein_0384,0.17582417582417584
protein_0347,protein_0385,0.15151515151515152
protein_0347,protein_0386,0.19230769230769232
protein_0347,protein_0387,0.16326530612244897
protein_0347,protein_0388,0.39217338289556897
protein_0347,protein_0389,0.20987654320987653
protein_0347,protein_0390,0.1590909090909091
protein_0347,protein_0391,0.18181818181818182
protein_0347,protein_0392,0.16666666666666666
protein_0347,protein_0393,0.18181818181818182
protein_0347,protein_0394,0.14782608695652175
protein_0347,protein_0395,0.14893617021276595
protein_0347,protein_0396,0.13157894736842105
protein_0347,protein_0397,0.1686746987951807
protein_0347,protein_0399,0.14942528735632185
protein_0351,protein_0000,0.3103448275862069
protein_0351,protein_0001,0.14942528735632185
protein_0351,protein_0002,0.17708333333333334
protein_0351,protein_0003,0.32954545454545453
protein_0351,protein_0004,0.28735632183908044
protein_0351,protein_0005,0.1368421052631579
protein_0351,protein_0007,0.1724137931034483
protein_0351,protein_0008,0.17307692307692307
protein_0351,protein_0009,0.3103448275862069
protein_0351,protein_0011,0.5517241379310345
protein_0351,protein_0012,0.5747126436781609
protein_0351,protein_0013,0.12643678160919541
protein_0351,protein_0014,0.16666666666666666
protein_0351,protein_0015,0.20192307692307693
protein_0351,protein_0016,0.16346153846153846
protein_0351,protein_0018,0.2988505747126437
protein_0351,protein_0019,0.17391304347826086
protein_0351,protein_0020,0.32954545454545453
protein_0351,protein_0021,0.1276595744680851
protein_0351,protein_0022,0.16981132075471697
protein_0351,protein_0023,0.19
protein_0351,protein_0025,0.3103448275862069
protein_0351,protein_0026,0.1736111111111111
protein_0351,protein_0027,0.18181818181818182
protein_0351,protein_0028,0.102803738317757
protein_0351,protein_0029,0.17204301075268819
protein_0351,protein_0030,0.145985401459854
protein_0351,protein_0031,0.13131313131313133
protein_0351,protein_0032,0.2826086956521739
protein_0351,protein_0033,0.4367816091954023
protein_0351,protein_0034,0.5517241379310345
protein_0351,protein_0035,0.15833333333333333
protein_0351,protein_0037,0.27956989247311825
protein_0351,protein_0038,0.27956989247311825
protein_0351,protein_0039,0.3218390804597701
protein_0351,protein_0040,0.16129032258064516
protein_0351,protein_0041,0.25287356321839083
protein_0351,protein_0042,0.22988505747126436
protein_0351,protein_0043,0.27586206896551724
protein_0351,protein_0044,0.27586206896551724
protein_0351,protein_0045,0.28888888888888886
protein_0351,protein_0046,0.19101123595505617
protein_0351,protein_0047,0.40229885057471265
protein_0351,protein_0048,0.40229885057471265
protein_0351,protein_0049,0.45977011494252873
protein_0351,protein_0050,0.13725490196078433
protein_0351,protein_0051,0.16091954022988506
protein_0351,protein_0052,0.26436781609195403
protein_0351,protein_0053,0.3103448275862069
protein_0351,protein_0054,0.14634146341463414
protein_0351,protein_0055,0.13445378151260504
protein_0351,protein_0056,0.1650485436893204
protein_0351,protein_0057,0.1724137931034483
protein_0351,protein_0058,0.1724137931034483
protein_0351,protein_0060,0.15
protein_0351,protein_0061,0.2
protein_0351,protein_0062,0.28735632183908044
protein_0351,protein_0063,0.107981220657277
protein_0351,protein_0064,0.2413793103448276
protein_0351,protein_0065,0.14705882352941177
protein_0351,protein_0066,0.15
protein_0351,protein_0067,0.45977011494252873
protein_0351,protein_0068,0.3448275862068966
protein_0351,protein_0069,0.40229885057471265
protein_0351,protein_0070,0.2988505747126437
protein_0351,protein_0071,0.4090909090909091
protein_0351,protein_0072,0.1590909090909091
protein_0351,protein_0073,0.3448275862068966
protein_0351,protein_0074,0.15053763440860216
protein_0351,protein_0075,0.23529411764705882
protein_0351,protein_0076,0.14444444444444443
protein_0351,protein_0077,0.4090909090909091
protein_0351,protein_0078,0.125
protein_0351,protein_0079,0.125
protein_0351,protein_0080,0.34831460674157305
protein_0351,protein_0082,0.10909090909090909
protein_0351,protein_0083,0.8045977011494253
protein_0351,protein_0084,0.32222222222222224
protein_0351,protein_0085,0.11818181818181818
protein_0351,protein_0086,0.1553398058252427
protein_0351,protein_0087,0.1724137931034483
protein_0351,protein_0088,0.32222222222222224
protein_0351,protein_0089,0.13675213675213677
protein_0351,protein_0090,0.17094017094017094
protein_0351,protein_0091,0.13445378151260504
protein_0351,protein_0092,0.13445378151260504
protein_0351,protein_0093,0.47126436781609193
protein_0351,protein_0094,0.13821138211382114
protein_0351,protein_0095,0.15384615384615385
protein_0351,protein_0096,0.11428571428571428
protein_0351,protein_0097,0.3793103448275862
protein_0351,protein_0098,0.27586206896551724
protein_0351,protein_0099,0.15178571428571427
protein_0351,protein_0100,0.17777777777777778
protein_0351,protein_0101,0.3333333333333333
protein_0351,protein_0102,0.3146067415730337
protein_0351,protein_0104,0.096
protein_0351,protein_0105,0.11702127659574468
protein_0351,protein_0106,0.18018018018018017
protein_0351,protein_0107,0.3103448275862069
protein_0351,protein_0108,0.2087912087912088
protein_0351,protein_0110,0.45977011494252873
protein_0351,protein_0112,0.12037037037037036
protein_0351,protein_0113,0.41379310344827586
protein_0351,protein_0114,0.26436781609195403
protein_0351,protein_0115,0.25287356321839083
protein_0351,protein_0116,0.16129032258064516
protein_0351,protein_0117,0.16129032258064516
protein_0351,protein_0118,0.15053763440860216
protein_0351,protein_0120,0.3218390804597701
protein_0351,protein_0121,0.3218390804597701
protein_0351,protein_0122,0.21839080459770116
protein_0351,protein_0123,0.15384615384615385
protein_0351,protein_0124,0.3333333333333333
protein_0351,protein_0125,0.10891089108910891
protein_0351,protein_0126,0.19230769230769232
protein_0351,protein_0127,0.28735632183908044
protein_0351,protein_0128,0.2988505747126437
protein_0351,protein_0129,0.2
protein_0351,protein_0130,0.1452991452991453
protein_0351,protein_0131,0.1590909090909091
protein_0351,protein_0132,0.1891891891891892
protein_0351,protein_0133,0.1891891891891892
protein_0351,protein_0134,0.32222222222222224
protein_0351,protein_0135,0.22988505747126436
protein_0351,protein_0136,0.15
protein_0351,protein_0137,0.1557377049180328
protein_0351,protein_0138,0.1557377049180328
protein_0351,protein_0140,0.45977011494252873
protein_0351,protein_0141,0.22988505747126436
protein_0351,protein_0142,0.45977011494252873
protein_0351,protein_0143,0.2988505747126437
protein_0351,protein_0144,0.27586206896551724
protein_0351,protein_0146,0.10344827586206896
protein_0351,protein_0147,0.3563218390804598
protein_0351,protein_0148,0.3333333333333333
protein_0351,protein_0149,0.16091954022988506
protein_0351,protein_0151,0.19101123595505617
protein_0351,protein_0152,0.14942528735632185
protein_0351,protein_0153,0.20689655172413793
protein_0351,protein_0154,0.21839080459770116
protein_0351,protein_0156,0.15384615384615385
protein_0351,protein_0158,0.1724137931034483
protein_0351,protein_0159,0.3522727272727273
protein_0351,protein_0160,0.3181818181818182
protein_0351,protein_0161,0.13559322033898305
protein_0351,protein_0162,0.3103448275862069
protein_0351,protein_0163,0.14678899082568808
protein_0351,protein_0164,0.25287356321839083
protein_0351,protein_0166,0.26436781609195403
protein_0351,protein_0168,0.13445378151260504
protein_0351,protein_0169,0.1271186440677966
protein_0351,protein_0170,0.3218390804597701
protein_0351,protein_0171,0.3448275862068966
protein_0351,protein_0172,0.14615384615384616
protein_0351,protein_0173,0.3448275862068966
protein_0351,protein_0174,0.3181818181818182
protein_0351,protein_0176,0.14942528735632185
protein_0351,protein_0178,0.17094017094017094
protein_0351,protein_0179,0.168141592920354
protein_0351,protein_0180,0.2247191011235955
protein_0351,protein_0181,0.45977011494252873
protein_0351,protein_0182,0.3333333333333333
protein_0351,protein_0183,0.16831683168316833
protein_0351,protein_0184,0.3103448275862069
protein_0351,protein_0185,0.14285714285714285
protein_0351,protein_0186,0.1782178217821782
protein_0351,protein_0187,0.2988505747126437
protein_0351,protein_0188,0.21839080459770116
protein_0351,protein_0189,0.28735632183908044
protein_0351,protein_0190,0.5287356321839081
protein_0351,protein_0191,0.2717391304347826
protein_0351,protein_0193,0.3333333333333333
protein_0351,protein_0195,0.45977011494252873
protein_0351,protein_0197,0.5340909090909091
protein_0351,protein_0198,0.2413793103448276
protein_0351,protein_0199,0.18681318681318682
protein_0351,protein_0200,0.45977011494252873
protein_0351,protein_0201,0.1743119266055046
protein_0351,protein_0202,0.35555555555555557
protein_0351,protein_0203,0.1111111111111111
protein_0351,protein_0204,0.14942528735632185
protein_0351,protein_0205,0.10900473933649289
protein_0351,protein_0206,0.5517241379310345
protein_0351,protein_0207,0.11278195488721804
protein_0351,protein_0208,0.13043478260869565
protein_0351,protein_0209,0.3181818181818182
protein_0351,protein_0210,0.28735632183908044
protein_0351,protein_0211,0.11009174311926606
protein_0351,protein_0212,0.16853932584269662
protein_0351,protein_0213,0.367816091954023
protein_0351,protein_0214,0.17894736842105263
protein_0351,protein_0215,0.14942528735632185
protein_0351,protein_0216,0.14953271028037382
protein_0351,protein_0217,0.15789473684210525
protein_0351,protein_0219,0.13178294573643412
protein_0351,protein_0220,0.24175824175824176
protein_0351,protein_0221,0.12121212121212122
protein_0351,protein_0222,0.45977011494252873
protein_0351,protein_0223,0.1348314606741573
protein_0351,protein_0224,0.18085106382978725
protein_0351,protein_0225,0.16666666666666666
protein_0351,protein_0226,0.15151515151515152
protein_0351,protein_0227,0.2
protein_0351,protein_0228,0.22580645161290322
protein_0351,protein_0230,0.19230769230769232
protein_0351,protein_0231,0.3448275862068966
protein_0351,protein_0232,0.18888888888888888
protein_0351,protein_0233,0.11811023622047244
protein_0351,protein_0234,0.14545454545454545
protein_0351,protein_0235,0.19540229885057472
protein_0351,protein_0236,0.4942528735632184
protein_0351,protein_0237,0.4942528735632184
protein_0351,protein_0238,0.11940298507462686
protein_0351,protein_0239,0.3333333333333333
protein_0351,protein_0240,0.3563218390804598
protein_0351,protein_0241,0.3218390804597701
protein_0351,protein_0242,0.1839080459770115
protein_0351,protein_0243,0.3333333333333333
protein_0351,protein_0244,0.14942528735632185
protein_0351,protein_0246,0.1368421052631579
protein_0351,protein_0247,0.21978021978021978
protein_0351,protein_0248,0.3218390804597701
protein_0351,protein_0249,0.28735632183908044
protein_0351,protein_0250,0.18811881188118812
protein_0351,protein_0251,0.11458333333333333
protein_0351,protein_0252,0.17894736842105263
protein_0351,protein_0253,0.12173913043478261
protein_0351,protein_0254,0.19148936170212766
protein_0351,protein_0255,0.0935672514619883
protein_0351,protein_0256,0.14
protein_0351,protein_0257,0.14
protein_0351,protein_0259,0.14606741573033707
protein_0351,protein_0260,0.14606741573033707
protein_0351,protein_0261,0.09803921568627451
protein_0351,protein_0262,0.15714285714285714
protein_0351,protein_0263,0.16176470588235295
protein_0351,protein_0264,0.26436781609195403
protein_0351,protein_0266,0.16831683168316833
protein_0351,protein_0267,0.20212765957446807
protein_0351,protein_0268,0.13636363636363635
protein_0351,protein_0269,0.1452991452991453
protein_0351,protein_0270,0.1956521739130435
protein_0351,protein_0271,0.1839080459770115
protein_0351,protein_0272,0.4888888888888889
protein_0351,protein_0273,0.4942528735632184
protein_0351,protein_0274,0.2
protein_0351,protein_0276,0.26436781609195403
protein_0351,protein_0277,0.1724137931034483
protein_0351,protein_0278,0.26666666666666666
protein_0351,protein_0279,0.26136363636363635
protein_0351,protein_0280,0.2413793103448276
protein_0351,protein_0281,0.1111111111111111
protein_0351,protein_0282,0.14444444444444443
protein_0351,protein_0283,0.0990990990990991
protein_0351,protein_0285,0.5402298850574713
protein_0351,protein_0286,0.13829787234042554
protein_0351,protein_0287,0.18518518518518517
protein_0351,protein_0288,0.2988505747126437
protein_0351,protein_0289,0.15217391304347827
protein_0351,protein_0290,0.13513513513513514
protein_0351,protein_0292,0.13793103448275862
protein_0351,protein_0293,0.17045454545454544
protein_0351,protein_0294,0.22988505747126436
protein_0351,protein_0295,0.15730337078651685
protein_0351,protein_0296,0.1452991452991453
protein_0351,protein_0297,0.16666666666666666
protein_0351,protein_0298,0.1724137931034483
protein_0351,protein_0299,0.17894736842105263
protein_0351,protein_0300,0.1595744680851064
protein_0351,protein_0301,0.16842105263157894
protein_0351,protein_0302,0.1336405529953917
protein_0351,protein_0303,0.2247191011235955
protein_0351,protein_0304,0.20652173913043478
protein_0351,protein_0305,0.2336448598130841
protein_0351,protein_0306,0.13445378151260504
protein_0351,protein_0308,0.1557377049180328
protein_0351,protein_0309,0.17699115044247787
protein_0351,protein_0310,0.15384615384615385
protein_0351,protein_0312,0.4090909090909091
protein_0351,protein_0313,0.21839080459770116
protein_0351,protein_0314,0.09523809523809523
protein_0351,protein_0315,0.10714285714285714
protein_0351,protein_0317,0.13
protein_0351,protein_0318,0.15789473684210525
protein_0351,protein_0319,0.5862068965517241
protein_0351,protein_0320,0.26436781609195403
protein_0351,protein_0321,0.1978021978021978
protein_0351,protein_0322,0.25
protein_0351,protein_0323,0.3181818181818182
protein_0351,protein_0324,0.14285714285714285
protein_0351,protein_0325,0.15126050420168066
protein_0351,protein_0326,0.1702127659574468
protein_0351,protein_0327,0.3448275862068966
protein_0351,protein_0328,0.18604651162790697
protein_0351,protein_0329,0.18604651162790697
protein_0351,protein_0330,0.4367816091954023
protein_0351,protein_0331,0.16666666666666666
protein_0351,protein_0334,0.20833333333333334
protein_0351,protein_0335,0.17391304347826086
protein_0351,protein_0336,0.1839080459770115
protein_0351,protein_0337,0.41379310344827586
protein_0351,protein_0338,0.2413793103448276
protein_0351,protein_0339,0.16091954022988506
protein_0351,protein_0340,0.09174311926605505
protein_0351,protein_0341,0.2
protein_0351,protein_0342,0.13793103448275862
protein_0351,protein_0343,0.1956521739130435
protein_0351,protein_0344,0.28735632183908044
protein_0351,protein_0345,0.16666666666666666
protein_0351,protein_0346,0.16666666666666666
protein_0351,protein_0348,0.14925373134328357
protein_0351,protein_0349,0.1559633027522936
protein_0351,protein_0350,0.3103448275862069
protein_0351,protein_0352,0.15555555555555556
protein_0351,protein_0353,0.15454545454545454
protein_0351,protein_0354,0.26436781609195403
protein_0351,protein_0355,0.41379310344827586
protein_0351,protein_0356,0.17045454545454544
protein_0351,protein_0357,0.13934426229508196
protein_0351,protein_0358,0.3103448275862069
protein_0351,protein_0359,0.13076923076923078
protein_0351,protein_0360,0.3181818181818182
protein_0351,protein_0361,0.09022556390977443
protein_0351,protein_0362,0.22105263157894736
protein_0351,protein_0364,0.23529411764705882
protein_0351,protein_0365,0.23958333333333334
protein_0351,protein_0366,0.23958333333333334
protein_0351,protein_0367,0.1650485436893204
protein_0351,protein_0368,0.15625
protein_0351,protein_0369,0.13793103448275862
protein_0351,protein_0370,0.28735632183908044
protein_0351,protein_0371,0.25287356321839083
protein_0351,protein_0372,0.0945945945945946
protein_0351,protein_0373,0.14563106796116504
protein_0351,protein_0374,0.09401709401709402
protein_0351,protein_0375,0.25287356321839083
protein_0351,protein_0376,0.16346153846153846
protein_0351,protein_0377,0.24175824175824176
protein_0351,protein_0378,0.1694915254237288
protein_0351,protein_0379,0.20408163265306123
protein_0351,protein_0380,0.20408163265306123
protein_0351,protein_0381,0.20408163265306123
protein_0351,protein_0382,0.22988505747126436
protein_0351,protein_0383,0.20689655172413793
protein_0351,protein_0384,0.32954545454545453
protein_0351,protein_0385,0.18811881188118812
protein_0351,protein_0386,0.13392857142857142
protein_0351,protein_0387,0.14166666666666666
protein_0351,protein_0388,0.125
protein_0351,protein_0389,0.1595744680851064
protein_0351,protein_0390,0.4482758620689655
protein_0351,protein_0391,0.20652173913043478
protein_0351,protein_0392,0.3103448275862069
protein_0351,protein_0393,0.3103448275862069
protein_0351,protein_0394,0.1391304347826087
protein_0351,protein_0395,0.1978021978021978
protein_0351,protein_0396,0.13157894736842105
protein_0351,protein_0397,0.2413793103448276
protein_0351,protein_0399,0.3522727272727273
protein_0363,protein_0000,0.2
protein_0363,protein_0001,0.16853932584269662
protein_0363,protein_0002,0.1935483870967742
protein_0363,protein_0003,0.25252525252525254
protein_0363,protein_0004,0.2413793103448276
protein_0363,protein_0005,0.20652173913043478
protein_0363,protein_0007,0.1724137931034483
protein_0363,protein_0008,0.17857142857142858
protein_0363,protein_0009,0.22826086956521738
protein_0363,protein_0011,0.2111111111111111
protein_0363,protein_0012,0.21428571428571427
protein_0363,protein_0013,0.12643678160919541
protein_0363,protein_0014,0.14705882352941177
protein_0363,protein_0015,0.12962962962962962
protein_0363,protein_0016,0.11504424778761062
protein_0363,protein_0018,0.2604166666666667
protein_0363,protein_0019,0.1797752808988764
protein_0363,protein_0020,0.20689655172413793
protein_0363,protein_0021,0.1595744680851064
protein_0363,protein_0022,0.19387755102040816
protein_0363,protein_0023,0.1414141414141414
protein_0363,protein_0025,0.21978021978021978
protein_0363,protein_0026,0.15503875968992248
protein_0363,protein_0027,0.16666666666666666
protein_0363,protein_0028,0.08181818181818182
protein_0363,protein_0029,0.15730337078651685
protein_0363,protein_0030,0.13445378151260504
protein_0363,protein_0031,0.1388888888888889
protein_0363,protein_0032,0.23157894736842105
protein_0363,protein_0033,0.26666666666666666
protein_0363,protein_0034,0.2247191011235955
protein_0363,protein_0035,0.125
protein_0363,protein_0037,0.1839080459770115
protein_0363,protein_0038,0.1839080459770115
protein_0363,protein_0039,0.25
protein_0363,protein_0040,0.13186813186813187
protein_0363,protein_0041,0.19791666666666666
protein_0363,protein_0042,0.22988505747126436
protein_0363,protein_0043,0.2708333333333333
protein_0363,protein_0044,0.26436781609195403
protein_0363,protein_0045,0.2708333333333333
protein_0363,protein_0046,0.1724137931034483
protein_0363,protein_0047,0.24468085106382978
protein_0363,protein_0048,0.19540229885057472
protein_0363,protein_0049,0.21839080459770116
protein_0363,protein_0050,0.12264150943396226
protein_0363,protein_0051,0.14606741573033707
protein_0363,protein_0052,0.21839080459770116
protein_0363,protein_0053,0.2159090909090909
protein_0363,protein_0054,0.14285714285714285
protein_0363,protein_0055,0.12
protein_0363,protein_0056,0.14814814814814814
protein_0363,protein_0057,0.1724137931034483
protein_0363,protein_0058,0.17045454545454544
protein_0363,protein_0060,0.1574074074074074
protein_0363,protein_0061,0.25274725274725274
protein_0363,protein_0062,0.20689655172413793
protein_0363,protein_0063,0.09859154929577464
protein_0363,protein_0064,0.2608695652173913
protein_0363,protein_0065,0.15454545454545454
protein_0363,protein_0066,0.11926605504587157
protein_0363,protein_0067,0.3076923076923077
protein_0363,protein_0068,0.18888888888888888
protein_0363,protein_0069,0.21839080459770116
protein_0363,protein_0070,0.18478260869565216
protein_0363,protein_0071,0.2413793103448276
protein_0363,protein_0072,0.15730337078651685
protein_0363,protein_0073,0.21875
protein_0363,protein_0074,0.19230769230769232
protein_0363,protein_0075,0.15841584158415842
protein_0363,protein_0076,0.16091954022988506
protein_0363,protein_0077,0.19318181818181818
protein_0363,protein_0078,0.17543859649122806
protein_0363,protein_0079,0.17543859649122806
protein_0363,protein_0080,0.19540229885057472
protein_0363,protein_0082,0.10909090909090909
protein_0363,protein_0083,0.23333333333333334
protein_0363,protein_0084,0.25
protein_0363,protein_0085,0.1
protein_0363,protein_0086,0.10909090909090909
protein_0363,protein_0087,0.1839080459770115
protein_0363,protein_0088,0.28125
protein_0363,protein_0089,0.12280701754385964
protein_0363,protein_0090,0.12280701754385964
protein_0363,protein_0091,0.14166666666666666
protein_0363,protein_0092,0.14166666666666666
protein_0363,protein_0093,0.2727272727272727
protein_0363,protein_0094,0.16101694915254236
protein_0363,protein_0095,0.12280701754385964
protein_0363,protein_0096,0.1504424778761062
protein_0363,protein_0097,0.1797752808988764
protein_0363,protein_0098,0.24742268041237114
protein_0363,protein_0099,0.14814814814814814
protein_0363,protein_0100,0.14942528735632185
protein_0363,protein_0101,0.19540229885057472
protein_0363,protein_0102,0.16091954022988506
protein_0363,protein_0104,0.09401709401709402
protein_0363,protein_0105,0.1368421052631579
protein_0363,protein_0106,0.15833333333333333
protein_0363,protein_0107,0.22105263157894736
protein_0363,protein_0108,0.9310344827586207
protein_0363,protein_0110,0.23863636363636365
protein_0363,protein_0112,0.10810810810810811
protein_0363,protein_0113,0.19791666666666666
protein_0363,protein_0114,0.22988505747126436
protein_0363,protein_0115,0.26436781609195403
protein_0363,protein_0116,0.16666666666666666
protein_0363,protein_0117,0.16666666666666666
protein_0363,protein_0118,0.18681318681318682
protein_0363,protein_0120,0.20224719101123595
protein_0363,protein_0121,0.20224719101123595
protein_0363,protein_0122,0.19540229885057472
protein_0363,protein_0123,0.16091954022988506
protein_0363,protein_0124,0.19101123595505617
protein_0363,protein_0125,0.12149532710280374
protein_0363,protein_0126,0.1111111111111111
protein_0363,protein_0127,0.25
protein_0363,protein_0128,0.19318181818181818
protein_0363,protein_0129,0.25287356321839083
protein_0363,protein_0130,0.13333333333333333
protein_0363,protein_0131,0.1839080459770115
protein_0363,protein_0132,0.1743119266055046
protein_0363,protein_0133,0.1743119266055046
protein_0363,protein_0134,0.2553191489361702
protein_0363,protein_0135,0.21839080459770116
protein_0363,protein_0136,0.11382113821138211
protein_0363,protein_0137,0.1282051282051282
protein_0363,protein_0138,0.1282051282051282
protein_0363,protein_0140,0.23655913978494625
protein_0363,protein_0141,0.1724137931034483
protein_0363,protein_0142,0.23157894736842105
protein_0363,protein_0143,0.24742268041237114
protein_0363,protein_0144,0.20454545454545456
protein_0363,protein_0146,0.1724137931034483
protein_0363,protein_0147,0.20833333333333334
protein_0363,protein_0148,0.2247191011235955
protein_0363,protein_0149,0.15555555555555556
protein_0363,protein_0151,0.24175824175824176
protein_0363,protein_0152,0.13793103448275862
protein_0363,protein_0153,0.15625
protein_0363,protein_0154,0.16161616161616163
protein_0363,protein_0156,0.17592592592592593
protein_0363,protein_0158,0.16091954022988506
protein_0363,protein_0159,0.25287356321839083
protein_0363,protein_0160,0.1724137931034483
protein_0363,protein_0161,0.11965811965811966
protein_0363,protein_0162,0.22826086956521738
protein_0363,protein_0163,0.13592233009708737
protein_0363,protein_0164,0.23863636363636365
protein_0363,protein_0166,0.25
protein_0363,protein_0168,0.14782608695652175
protein_0363,protein_0169,0.12030075187969924
protein_0363,protein_0170,0.22580645161290322
protein_0363,protein_0171,0.1724137931034483
protein_0363,protein_0172,0.11965811965811966
protein_0363,protein_0173,0.21649484536082475
protein_0363,protein_0174,0.19148936170212766
protein_0363,protein_0176,0.17777777777777778
protein_0363,protein_0178,0.14754098360655737
protein_0363,protein_0179,0.13709677419354838
protein_0363,protein_0180,0.24444444444444444
protein_0363,protein_0181,0.30434782608695654
protein_0363,protein_0182,0.25287356321839083
protein_0363,protein_0183,0.17592592592592593
protein_0363,protein_0184,0.23076923076923078
protein_0363,protein_0185,0.21153846153846154
protein_0363,protein_0186,0.16666666666666666
protein_0363,protein_0187,0.22580645161290322
protein_0363,protein_0188,0.16091954022988506
protein_0363,protein_0189,0.23595505617977527
protein_0363,protein_0190,0.18947368421052632
protein_0363,protein_0191,0.23863636363636365
protein_0363,protein_0193,0.1724137931034483
protein_0363,protein_0195,0.23958333333333334
protein_0363,protein_0197,0.26262626262626265
protein_0363,protein_0198,0.25287356321839083
protein_0363,protein_0199,0.22340425531914893
protein_0363,protein_0200,0.24719101123595505
protein_0363,protein_0201,0.1553398058252427
protein_0363,protein_0202,0.18181818181818182
protein_0363,protein_0203,0.13333333333333333
protein_0363,protein_0204,0.16091954022988506
protein_0363,protein_0205,0.0995260663507109
protein_0363,protein_0206,0.23232323232323232
protein_0363,protein_0207,0.15625
protein_0363,protein_0208,0.13592233009708737
protein_0363,protein_0209,0.28125
protein_0363,protein_0210,0.20689655172413793
protein_0363,protein_0211,0.14814814814814814
protein_0363,protein_0212,0.1956521739130435
protein_0363,protein_0213,0.20689655172413793
protein_0363,protein_0214,0.15789473684210525
protein_0363,protein_0215,0.17777777777777778
protein_0363,protein_0216,0.10576923076923077
protein_0363,protein_0217,0.16161616161616163
protein_0363,protein_0219,0.17886178861788618
protein_0363,protein_0220,0.2608695652173913
protein_0363,protein_0221,0.17391304347826086
protein_0363,protein_0222,0.22988505747126436
protein_0363,protein_0223,0.19101123595505617
protein_0363,protein_0224,0.16091954022988506
protein_0363,protein_0225,0.18181818181818182
protein_0363,protein_0226,0.14423076923076922
protein_0363,protein_0227,0.16091954022988506
protein_0363,protein_0228,0.21505376344086022
protein_0363,protein_0230,0.28888888888888886
protein_0363,protein_0231,0.25773195876288657
protein_0363,protein_0232,0.16091954022988506
protein_0363,protein_0233,0.145985401459854
protein_0363,protein_0234,0.1792452830188679
protein_0363,protein_0235,0.17
protein_0363,protein_0236,0.17777777777777778
protein_0363,protein_0237,0.17777777777777778
protein_0363,protein_0238,0.1925925925925926
protein_0363,protein_0239,0.2087912087912088
protein_0363,protein_0240,0.19318181818181818
protein_0363,protein_0241,0.21739130434782608
protein_0363,protein_0242,0.14942528735632185
protein_0363,protein_0243,0.1978021978021978
protein_0363,protein_0244,0.1702127659574468
protein_0363,protein_0246,0.14423076923076922
protein_0363,protein_0247,0.18478260869565216
protein_0363,protein_0248,0.16091954022988506
protein_0363,protein_0249,0.21839080459770116
protein_0363,protein_0250,0.15306122448979592
protein_0363,protein_0251,0.15463917525773196
protein_0363,protein_0252,0.1595744680851064
protein_0363,protein_0253,0.13559322033898305
protein_0363,protein_0254,0.16129032258064516
protein_0363,protein_0255,0.08045977011494253
protein_0363,protein_0256,0.14285714285714285
protein_0363,protein_0257,0.12931034482758622
protein_0363,protein_0259,0.20652173913043478
protein_0363,protein_0260,0.20652173913043478
protein_0363,protein_0261,0.14545454545454545
protein_0363,protein_0262,0.20437956204379562
protein_0363,protein_0263,0.18439716312056736
protein_0363,protein_0264,0.21052631578947367
protein_0363,protein_0266,0.15306122448979592
protein_0363,protein_0267,0.1839080459770115
protein_0363,protein_0268,0.1827956989247312
protein_0363,protein_0269,0.16379310344827586
protein_0363,protein_0270,0.16091954022988506
protein_0363,protein_0271,0.18888888888888888
protein_0363,protein_0272,0.29545454545454547
protein_0363,protein_0273,0.29545454545454547
protein_0363,protein_0274,0.24444444444444444
protein_0363,protein_0276,0.26262626262626265
protein_0363,protein_0277,0.17204301075268819
protein_0363,protein_0278,0.26373626373626374
protein_0363,protein_0279,0.21839080459770116
protein_0363,protein_0280,0.23863636363636365
protein_0363,protein_0281,0.16666666666666666
protein_0363,protein_0282,0.10638297872340426
protein_0363,protein_0283,0.09174311926605505
protein_0363,protein_0285,0.21839080459770116
protein_0363,protein_0286,0.16
protein_0363,protein_0287,0.22807017543859648
protein_0363,protein_0288,0.22826086956521738
protein_0363,protein_0289,0.1724137931034483
protein_0363,protein_0290,0.2
protein_0363,protein_0292,0.1956521739130435
protein_0363,protein_0293,0.24175824175824176
protein_0363,protein_0294,0.1935483870967742
protein_0363,protein_0295,0.16091954022988506
protein_0363,protein_0296,0.13157894736842105
protein_0363,protein_0297,0.17391304347826086
protein_0363,protein_0298,0.16091954022988506
protein_0363,protein_0299,0.13978494623655913
protein_0363,protein_0300,0.13
protein_0363,protein_0301,0.13
protein_0363,protein_0302,0.09216589861751152
protein_0363,protein_0303,0.4942528735632184
protein_0363,protein_0304,0.16091954022988506
protein_0363,protein_0305,0.16831683168316833
protein_0363,protein_0306,0.112
protein_0363,protein_0308,0.14285714285714285
protein_0363,protein_0309,0.13636363636363635
protein_0363,protein_0310,0.16216216216216217
protein_0363,protein_0312,0.19318181818181818
protein_0363,protein_0313,0.14285714285714285
protein_0363,protein_0314,0.10091743119266056
protein_0363,protein_0315,0.16
protein_0363,protein_0317,0.06422018348623854
protein_0363,protein_0318,0.16666666666666666
protein_0363,protein_0319,0.2631578947368421
protein_0363,protein_0320,0.23595505617977527
protein_0363,protein_0321,0.30526315789473685
protein_0363,protein_0322,0.26136363636363635
protein_0363,protein_0323,0.22916666666666666
protein_0363,protein_0324,0.13793103448275862
protein_0363,protein_0325,0.12612612612612611
protein_0363,protein_0326,0.16161616161616163
protein_0363,protein_0327,0.25
protein_0363,protein_0328,0.10185185185185185
protein_0363,protein_0329,0.10185185185185185
protein_0363,protein_0330,0.1875
protein_0363,protein_0331,0.15730337078651685
protein_0363,protein_0334,0.23333333333333334
protein_0363,protein_0335,0.1588785046728972
protein_0363,protein_0336,0.19540229885057472
protein_0363,protein_0337,0.20689655172413793
protein_0363,protein_0338,0.1724137931034483
protein_0363,protein_0339,0.16842105263157894
protein_0363,protein_0340,0.08490566037735849
protein_0363,protein_0341,0.16666666666666666
protein_0363,protein_0342,0.12222222222222222
protein_0363,protein_0343,0.1724137931034483
protein_0363,protein_0344,0.22580645161290322
protein_0363,protein_0345,0.14772727272727273
protein_0363,protein_0346,0.14772727272727273
protein_0363,protein_0348,0.14285714285714285
protein_0363,protein_0349,0.13725490196078433
protein_0363,protein_0350,0.22580645161290322
protein_0363,protein_0352,0.1839080459770115
protein_0363,protein_0353,0.1889763779527559
protein_0363,protein_0354,0.22988505747126436
protein_0363,protein_0355,0.25
protein_0363,protein_0356,0.14942528735632185
protein_0363,protein_0357,0.16541353383458646
protein_0363,protein_0358,0.19540229885057472
protein_0363,protein_0359,0.15
protein_0363,protein_0360,0.20202020202020202
protein_0363,protein_0361,0.13432835820895522
protein_0363,protein_0362,1.0
protein_0363,protein_0364,0.9195402298850575
protein_0363,protein_0365,0.632183908045977
protein_0363,protein_0366,0.6436781609195402
protein_0363,protein_0367,0.12037037037037036
protein_0363,protein_0368,0.17346938775510204
protein_0363,protein_0369,0.17391304347826086
protein_0363,protein_0370,0.22580645161290322
protein_0363,protein_0371,0.26436781609195403
protein_0363,protein_0372,0.08888888888888889
protein_0363,protein_0373,0.10091743119266056
protein_0363,protein_0374,0.13970588235294118
protein_0363,protein_0375,0.23157894736842105
protein_0363,protein_0376,0.12962962962962962
protein_0363,protein_0377,0.2736842105263158
protein_0363,protein_0378,0.11764705882352941
protein_0363,protein_0379,0.16304347826086957
protein_0363,protein_0380,0.16304347826086957
protein_0363,protein_0381,0.16304347826086957
protein_0363,protein_0382,0.16304347826086957
protein_0363,protein_0383,0.14942528735632185
protein_0363,protein_0384,0.24719101123595505
protein_0363,protein_0385,0.16666666666666666
protein_0363,protein_0386,0.1588785046728972
protein_0363,protein_0387,0.09090909090909091
protein_0363,protein_0388,0.16842105263157894
protein_0363,protein_0389,0.1485148514851485
protein_0363,protein_0390,0.2828282828282828
protein_0363,protein_0391,0.24175824175824176
protein_0363,protein_0392,0.2
protein_0363,protein_0393,0.21505376344086022
protein_0363,protein_0394,0.11965811965811966
protein_0363,protein_0395,0.2761904761904762
protein_0363,protein_0396,0.11904761904761904
protein_0363,protein_0397,0.23655913978494625
protein_0363,protein_0399,0.21875
protein_0398,protein_0000,0.13178294573643412
protein_0398,protein_0001,0.12058518695686837
protein_0398,protein_0002,0.1504424778761062
protein_0398,protein_0003,0.14049586776859505
protein_0398,protein_0004,0.1440677966101695
protein_0398,protein_0005,0.13513513513513514
protein_0398,protein_0007,0.12777519018785904
protein_0398,protein_0008,0.17094017094017094
protein_0398,protein_0009,0.13793103448275862
protein_0398,protein_0011,0.144
protein_0398,protein_0012,0.1452991452991453
protein_0398,protein_0013,0.14414414414414414
protein_0398,protein_0014,0.13869331516390337
protein_0398,protein_0015,0.15126050420168066
protein_0398,protein_0016,0.1694915254237288
protein_0398,protein_0018,0.13043478260869565
protein_0398,protein_0019,0.13525063525063524
protein_0398,protein_0020,0.13114754098360656
protein_0398,protein_0021,0.16071428571428573
protein_0398,protein_0022,0.15499412455934197
protein_0398,protein_0023,0.18309016981583354
protein_0398,protein_0025,0.13793103448275862
protein_0398,protein_0026,0.1527777777777778
protein_0398,protein_0027,0.1353403540903541
protein_0398,protein_0028,0.16153846153846155
protein_0398,protein_0029,0.13960178666061018
protein_0398,protein_0030,0.15555555555555556
protein_0398,protein_0031,0.1322314049586777
protein_0398,protein_0032,0.11864406779661017
protein_0398,protein_0033,0.15267175572519084
protein_0398,protein_0034,0.15517241379310345
protein_0398,protein_0035,0.1721311475409836
protein_0398,protein_0037,0.14475703324808184
protein_0398,protein_0038,0.14475703324808184
protein_0398,protein_0039,0.15517241379310345
protein_0398,protein_0040,0.14166666666666666
protein_0398,protein_0041,0.11965811965811966
protein_0398,protein_0042,0.1282051282051282
protein_0398,protein_0043,0.13043478260869565
protein_0398,protein_0044,0.12931034482758622
protein_0398,protein_0045,0.1111111111111111
protein_0398,protein_0046,0.14097189877348237
protein_0398,protein_0047,0.12903225806451613
protein_0398,protein_0048,0.1532258064516129
protein_0398,protein_0049,0.15126050420168066
protein_0398,protein_0050,0.18181818181818182
protein_0398,protein_0051,0.13417842621382445
protein_0398,protein_0052,0.16129032258064516
protein_0398,protein_0053,0.1565217391304348
protein_0398,protein_0054,0.19047619047619047
protein_0398,protein_0055,0.15873015873015872
protein_0398,protein_0056,0.3526668261181536
protein_0398,protein_0057,0.13219996894892097
protein_0398,protein_0058,0.08620689655172414
protein_0398,protein_0060,0.32871028923660506
protein_0398,protein_0061,0.14285714285714285
protein_0398,protein_0062,0.11570247933884298
protein_0398,protein_0063,0.11214953271028037
protein_0398,protein_0064,0.15966386554621848
protein_0398,protein_0065,0.14285714285714285
protein_0398,protein_0066,0.14414414414414414
protein_0398,protein_0067,0.13445378151260504
protein_0398,protein_0068,0.13445378151260504
protein_0398,protein_0069,0.14049586776859505
protein_0398,protein_0070,0.1440677966101695
protein_0398,protein_0071,0.12280701754385964
protein_0398,protein_0072,0.1288716814159292
protein_0398,protein_0073,0.12931034482758622
protein_0398,protein_0074,0.14414414414414414
protein_0398,protein_0075,0.14912280701754385
protein_0398,protein_0076,0.12389380530973451
protein_0398,protein_0077,0.1171875
protein_0398,protein_0078,0.35398230088495575
protein_0398,protein_0079,0.35398230088495575
protein_0398,protein_0080,0.1415929203539823
protein_0398,protein_0082,0.13934426229508196
protein_0398,protein_0083,0.10526315789473684
protein_0398,protein_0084,0.17377495462794917
protein_0398,protein_0085,0.14912280701754385
protein_0398,protein_0086,0.13934426229508196
protein_0398,protein_0087,0.10463429531226141
protein_0398,protein_0088,0.14166666666666666
protein_0398,protein_0089,0.3029985007496252
protein_0398,protein_0090,0.3029985007496252
protein_0398,protein_0091,0.31092436974789917
protein_0398,protein_0092,0.31092436974789917
protein_0398,protein_0093,0.1504424778761062
protein_0398,protein_0094,0.15873015873015872
protein_0398,protein_0095,0.31283007145076114
protein_0398,protein_0096,0.17391304347826086
protein_0398,protein_0097,0.13953488372093023
protein_0398,protein_0098,0.12903225806451613
protein_0398,protein_0099,0.36278195488721804
protein_0398,protein_0100,0.13836402774455872
protein_0398,protein_0101,0.11290322580645161
protein_0398,protein_0102,0.16393442622950818
protein_0398,protein_0104,0.1732283464566929
protein_0398,protein_0105,0.12612612612612611
protein_0398,protein_0106,0.2990865911582024
protein_0398,protein_0107,0.18584070796460178
protein_0398,protein_0108,0.1391304347826087
protein_0398,protein_0110,0.15966386554621848
protein_0398,protein_0112,0.1652892561983471
protein_0398,protein_0113,0.1415929203539823
protein_0398,protein_0114,0.13274336283185842
protein_0398,protein_0115,0.13559322033898305
protein_0398,protein_0116,0.3026163909195845
protein_0398,protein_0117,0.3026163909195845
protein_0398,protein_0118,0.12500996571793033
protein_0398,protein_0120,0.15254237288135594
protein_0398,protein_0121,0.15254237288135594
protein_0398,protein_0122,0.1566831860949508
protein_0398,protein_0123,0.12771823547685618
protein_0398,protein_0124,0.14035087719298245
protein_0398,protein_0125,0.17094017094017094
protein_0398,protein_0126,0.1557377049180328
protein_0398,protein_0127,0.11965811965811966
protein_0398,protein_0128,0.1328125
protein_0398,protein_0129,0.1592920353982301
protein_0398,protein_0130,0.31196581196581197
protein_0398,protein_0131,0.09767662399241346
protein_0398,protein_0132,0.16379310344827586
protein_0398,protein_0133,0.16379310344827586
protein_0398,protein_0134,0.1935483870967742
protein_0398,protein_0135,0.17699115044247787
protein_0398,protein_0136,0.171875
protein_0398,protein_0137,0.17054263565891473
protein_0398,protein_0138,0.17054263565891473
protein_0398,protein_0140,0.12389380530973451
protein_0398,protein_0141,0.1594264321537049
protein_0398,protein_0142,0.20869565217391303
protein_0398,protein_0143,0.16379310344827586
protein_0398,protein_0144,0.16521739130434782
protein_0398,protein_0146,0.12612612612612611
protein_0398,protein_0147,0.1391304347826087
protein_0398,protein_0148,0.13953488372093023
protein_0398,protein_0149,0.12458511142721669
protein_0398,protein_0151,0.1896551724137931
protein_0398,protein_0152,0.15090090090090091
protein_0398,protein_0153,0.14655172413793105
protein_0398,protein_0154,0.16379310344827586
protein_0398,protein_0156,0.16153846153846155
protein_0398,protein_0158,0.1423200059563696
protein_0398,protein_0159,0.1452991452991453
protein_0398,protein_0160,0.1206896551724138
protein_0398,protein_0161,0.1893939393939394
protein_0398,protein_0162,0.10655737704918032
protein_0398,protein_0163,0.14285714285714285
protein_0398,protein_0164,0.16806722689075632
protein_0398,protein_0166,0.17886178861788618
protein_0398,protein_0168,0.32905982905982906
protein_0398,protein_0169,0.15492957746478872
protein_0398,protein_0170,0.175
protein_0398,protein_0171,0.12612612612612611
protein_0398,protein_0172,0.16083916083916083
protein_0398,protein_0173,0.1592920353982301
protein_0398,protein_0174,0.1504424778761062
protein_0398,protein_0176,0.1262863196125908
protein_0398,protein_0178,0.18055555555555555
protein_0398,protein_0179,0.1736111111111111
protein_0398,protein_0180,0.1328125
protein_0398,protein_0181,0.13333333333333333
protein_0398,protein_0182,0.14414414414414414
protein_0398,protein_0183,0.15966386554621848
protein_0398,protein_0184,0.15789473684210525
protein_0398,protein_0185,0.12931034482758622
protein_0398,protein_0186,0.15447154471544716
protein_0398,protein_0187,0.14166666666666666
protein_0398,protein_0188,0.1302899538193656
protein_0398,protein_0189,0.13157894736842105
protein_0398,protein_0190,0.15702479338842976
protein_0398,protein_0191,0.14782608695652175
protein_0398,protein_0193,0.14049586776859505
protein_0398,protein_0195,0.1282051282051282
protein_0398,protein_0197,0.13043478260869565
protein_0398,protein_0198,0.12396694214876033
protein_0398,protein_0199,0.15966386554621848
protein_0398,protein_0200,0.16806722689075632
protein_0398,protein_0201,0.19327731092436976
protein_0398,protein_0202,0.13178294573643412
protein_0398,protein_0203,0.18461538461538463
protein_0398,protein_0204,0.17858566531132902
protein_0398,protein_0205,0.14691943127962084
protein_0398,protein_0206,0.13675213675213677
protein_0398,protein_0207,0.16666666666666666
protein_0398,protein_0208,0.19093912822467912
protein_0398,protein_0209,0.13043478260869565
protein_0398,protein_0210,0.0990990990990991
protein_0398,protein_0211,0.1557297135143243
protein_0398,protein_0212,0.12195121951219512
protein_0398,protein_0213,0.16030534351145037
protein_0398,protein_0214,0.1206896551724138
protein_0398,protein_0215,0.10619469026548672
protein_0398,protein_0216,0.12931034482758622
protein_0398,protein_0217,0.13274336283185842
protein_0398,protein_0219,0.18045112781954886
protein_0398,protein_0220,0.1694915254237288
protein_0398,protein_0221,0.1415929203539823
protein_0398,protein_0222,0.16101694915254236
protein_0398,protein_0223,0.13445378151260504
protein_0398,protein_0224,0.1339392489834968
protein_0398,protein_0225,0.17543859649122806
protein_0398,protein_0226,0.15178571428571427
protein_0398,protein_0227,0.125
protein_0398,protein_0228,0.14116725421073245
protein_0398,protein_0230,0.11666666666666667
protein_0398,protein_0231,0.1565217391304348
protein_0398,protein_0232,0.15825123152709358
protein_0398,protein_0233,0.15328467153284672
protein_0398,protein_0234,0.15126050420168066
protein_0398,protein_0235,0.14424053387494562
protein_0398,protein_0236,0.1681902337421893
protein_0398,protein_0237,0.1681902337421893
protein_0398,protein_0238,0.12413793103448276
protein_0398,protein_0239,0.16666666666666666
protein_0398,protein_0240,0.15789473684210525
protein_0398,protein_0241,0.14912280701754385
protein_0398,protein_0242,0.14504640621627457
protein_0398,protein_0243,0.15384615384615385
protein_0398,protein_0244,0.1408166433783574
protein_0398,protein_0246,0.17355371900826447
protein_0398,protein_0247,0.1674954475416725
protein_0398,protein_0248,0.12389380530973451
protein_0398,protein_0249,0.12931034482758622
protein_0398,protein_0250,0.1413716814159292
protein_0398,protein_0251,0.14782608695652175
protein_0398,protein_0252,0.20512820512820512
protein_0398,protein_0253,0.1937984496124031
protein_0398,protein_0254,0.15863219996894892
protein_0398,protein_0255,0.14285714285714285
protein_0398,protein_0256,0.1693548387096774
protein_0398,protein_0257,0.1693548387096774
protein_0398,protein_0259,0.1400862068965517
protein_0398,protein_0260,0.1400862068965517
protein_0398,protein_0261,0.18548387096774194
protein_0398,protein_0262,0.1773049645390071
protein_0398,protein_0263,0.1357142857142857
protein_0398,protein_0264,0.1694915254237288
protein_0398,protein_0266,0.13425787106446777
protein_0398,protein_0267,0.1623931623931624
protein_0398,protein_0268,0.16379310344827586
protein_0398,protein_0269,0.18253968253968253
protein_0398,protein_0270,0.11711711711711711
protein_0398,protein_0271,0.13914095583787053
protein_0398,protein_0272,0.14718373414025587
protein_0398,protein_0273,0.15193089430894308
protein_0398,protein_0274,0.1592920353982301
protein_0398,protein_0276,0.14049586776859505
protein_0398,protein_0277,0.12879266750948168
protein_0398,protein_0278,0.1810344827586207
protein_0398,protein_0279,0.12280701754385964
protein_0398,protein_0280,0.1592920353982301
protein_0398,protein_0281,0.3482142857142857
protein_0398,protein_0282,0.11504424778761062
protein_0398,protein_0283,0.13302752293577982
protein_0398,protein_0285,0.13274336283185842
protein_0398,protein_0286,0.14072008113590262
protein_0398,protein_0287,0.1724137931034483
protein_0398,protein_0288,0.09009009009009009
protein_0398,protein_0289,0.12002212389380532
protein_0398,protein_0290,0.12605042016806722
protein_0398,protein_0292,0.14638157894736842
protein_0398,protein_0293,0.19827586206896552
protein_0398,protein_0294,0.12910118555279845
protein_0398,protein_0295,0.14380346733287908
protein_0398,protein_0296,0.16666666666666666
protein_0398,protein_0297,0.1465312895069532
protein_0398,protein_0298,0.1340987004703819
protein_0398,protein_0299,0.13650607128867998
protein_0398,protein_0300,0.14104439406128866
protein_0398,protein_0301,0.13691216265633
protein_0398,protein_0302,0.16589861751152074
protein_0398,protein_0303,0.18803418803418803
protein_0398,protein_0304,0.1601216814159292
protein_0398,protein_0305,0.14429898339793754
protein_0398,protein_0306,0.15873015873015872
protein_0398,protein_0308,0.13821138211382114
protein_0398,protein_0309,0.1588489315762043
protein_0398,protein_0310,0.18253968253968253
protein_0398,protein_0312,0.10256410256410256
protein_0398,protein_0313,0.16260162601626016
protein_0398,protein_0314,0.1864406779661017
protein_0398,protein_0315,0.1773049645390071
protein_0398,protein_0317,0.15079365079365079
protein_0398,protein_0318,0.33613445378151263
protein_0398,protein_0319,0.14782608695652175
protein_0398,protein_0320,0.13043478260869565
protein_0398,protein_0321,0.18584070796460178
protein_0398,protein_0322,0.17391304347826086
protein_0398,protein_0323,0.1328125
protein_0398,protein_0324,0.12280701754385964
protein_0398,protein_0325,0.33185028248587567
protein_0398,protein_0326,0.12612612612612611
protein_0398,protein_0327,0.11504424778761062
protein_0398,protein_0328,0.3333333333333333
protein_0398,protein_0329,0.3333333333333333
protein_0398,protein_0330,0.13274336283185842
protein_0398,protein_0331,0.13960178666061018
protein_0398,protein_0334,0.14754098360655737
protein_0398,protein_0335,0.18699186991869918
protein_0398,protein_0336,0.1250896914613729
protein_0398,protein_0337,0.1260344827586207
protein_0398,protein_0338,0.12173913043478261
protein_0398,protein_0339,0.12943474447899228
protein_0398,protein_0340,0.16101694915254236
protein_0398,protein_0341,0.1693548387096774
protein_0398,protein_0342,0.12389380530973451
protein_0398,protein_0343,0.13780025284450065
protein_0398,protein_0344,0.13043478260869565
protein_0398,protein_0345,0.18703757435079066
protein_0398,protein_0346,0.18703757435079066
protein_0398,protein_0348,0.15625
protein_0398,protein_0349,0.1724137931034483
protein_0398,protein_0350,0.13043478260869565
protein_0398,protein_0352,0.12836779448621555
protein_0398,protein_0353,0.2987256371814093
protein_0398,protein_0354,0.11965811965811966
protein_0398,protein_0355,0.1333754740834387
protein_0398,protein_0356,0.12935501873554972
protein_0398,protein_0357,0.1956521739130435
protein_0398,protein_0358,0.13043478260869565
protein_0398,protein_0359,0.13934426229508196
protein_0398,protein_0360,0.13709677419354838
protein_0398,protein_0361,0.16546762589928057
protein_0398,protein_0362,0.11304347826086956
protein_0398,protein_0364,0.1440677966101695
protein_0398,protein_0365,0.14655172413793102
protein_0398,protein_0366,0.1565217391304348
protein_0398,protein_0367,0.18032786885245902
protein_0398,protein_0368,0.1794871794871795
protein_0398,protein_0369,0.13157894736842105
protein_0398,protein_0370,0.13043478260869565
protein_0398,protein_0371,0.1826086956521739
protein_0398,protein_0372,0.14220183486238533
protein_0398,protein_0373,0.12903225806451613
protein_0398,protein_0374,0.16923076923076924
protein_0398,protein_0375,0.13043478260869565
protein_0398,protein_0376,0.168
protein_0398,protein_0377,0.18487394957983194
protein_0398,protein_0378,0.3392857142857143
protein_0398,protein_0379,0.14753248824045284
protein_0398,protein_0380,0.14753248824045284
protein_0398,protein_0381,0.14753248824045284
protein_0398,protein_0382,0.1398550724637681
protein_0398,protein_0383,0.1282894736842105
protein_0398,protein_0384,0.1623931623931624
protein_0398,protein_0385,0.15966386554621848
protein_0398,protein_0386,0.1440677966101695
protein_0398,protein_0387,0.192
protein_0398,protein_0388,0.1498524386455421
protein_0398,protein_0389,0.15447154471544716
protein_0398,protein_0390,0.14655172413793102
protein_0398,protein_0391,0.17647058823529413
protein_0398,protein_0392,0.1440677966101695
protein_0398,protein_0393,0.15966386554621848
protein_0398,protein_0394,0.15625
protein_0398,protein_0395,0.15315315315315314
protein_0398,protein_0396,0.13986013986013987
protein_0398,protein_0397,0.15254237288135594
protein_0398,protein_0399,0.15384615384615385
