query_protein,train_protein,similarity_score
protein_0000,protein_0001,0.1348314606741573
protein_0000,protein_0002,0.18556701030927836
protein_0000,protein_0003,0.3563218390804598
protein_0000,protein_0004,0.3103448275862069
protein_0000,protein_0005,0.20833333333333334
protein_0000,protein_0006,0.36363636363636365
protein_0000,protein_0007,0.1590909090909091
protein_0000,protein_0008,0.17
protein_0000,protein_0010,0.3103448275862069
protein_0000,protein_0011,0.3563218390804598
protein_0000,protein_0012,0.4044943820224719
protein_0000,protein_0013,0.12643678160919541
protein_0000,protein_0014,0.19387755102040816
protein_0000,protein_0016,0.1485148514851485
protein_0000,protein_0017,0.18382352941176472
protein_0000,protein_0018,0.3333333333333333
protein_0000,protein_0019,0.15555555555555556
protein_0000,protein_0020,0.3595505617977528
protein_0000,protein_0021,0.18478260869565216
protein_0000,protein_0022,0.23232323232323232
protein_0000,protein_0023,0.14130434782608695
protein_0000,protein_0024,0.1774193548387097
protein_0000,protein_0025,0.40229885057471265
protein_0000,protein_0026,0.17054263565891473
protein_0000,protein_0027,0.18556701030927836
protein_0000,protein_0028,0.11764705882352941
protein_0000,protein_0029,0.1590909090909091
protein_0000,protein_0030,0.168
protein_0000,protein_0031,0.16831683168316833
protein_0000,protein_0032,0.3448275862068966
protein_0000,protein_0034,0.34831460674157305
protein_0000,protein_0035,0.14814814814814814
protein_0000,protein_0036,0.1839080459770115
protein_0000,protein_0037,0.25274725274725274
protein_0000,protein_0038,0.25274725274725274
protein_0000,protein_0039,0.20689655172413793
protein_0000,protein_0040,0.09183673469387756
protein_0000,protein_0041,0.3563218390804598
protein_0000,protein_0043,0.25287356321839083
protein_0000,protein_0044,0.2413793103448276
protein_0000,protein_0045,0.3333333333333333
protein_0000,protein_0046,0.19101123595505617
protein_0000,protein_0047,0.3218390804597701
protein_0000,protein_0048,0.3218390804597701
protein_0000,protein_0049,0.3333333333333333
protein_0000,protein_0050,0.13333333333333333
protein_0000,protein_0051,0.1724137931034483
protein_0000,protein_0052,0.3448275862068966
protein_0000,protein_0053,0.42528735632183906
protein_0000,protein_0054,0.1452991452991453
protein_0000,protein_0055,0.11764705882352941
protein_0000,protein_0058,0.16091954022988506
protein_0000,protein_0059,0.2413793103448276
protein_0000,protein_0060,0.16521739130434782
protein_0000,protein_0061,0.24175824175824176
protein_0000,protein_0062,0.3563218390804598
protein_0000,protein_0063,0.107981220657277
protein_0000,protein_0064,0.3448275862068966
protein_0000,protein_0065,0.2169811320754717
protein_0000,protein_0066,0.14285714285714285
protein_0000,protein_0067,0.3103448275862069
protein_0000,protein_0068,0.26666666666666666
protein_0000,protein_0069,0.367816091954023
protein_0000,protein_0070,0.2413793103448276
protein_0000,protein_0071,0.22988505747126436
protein_0000,protein_0073,0.2967032967032967
protein_0000,protein_0074,0.1568627450980392
protein_0000,protein_0075,0.17708333333333334
protein_0000,protein_0076,0.13793103448275862
protein_0000,protein_0078,0.19626168224299065
protein_0000,protein_0079,0.19626168224299065
protein_0000,protein_0080,0.3977272727272727
protein_0000,protein_0081,0.38636363636363635
protein_0000,protein_0082,0.14912280701754385
protein_0000,protein_0083,0.3333333333333333
protein_0000,protein_0085,0.1810344827586207
protein_0000,protein_0086,0.1724137931034483
protein_0000,protein_0087,0.1702127659574468
protein_0000,protein_0088,0.3333333333333333
protein_0000,protein_0089,0.13043478260869565
protein_0000,protein_0090,0.13043478260869565
protein_0000,protein_0091,0.11504424778761062
protein_0000,protein_0092,0.11504424778761062
protein_0000,protein_0095,0.14035087719298245
protein_0000,protein_0096,0.14678899082568808
protein_0000,protein_0097,0.367816091954023
protein_0000,protein_0098,0.3448275862068966
protein_0000,protein_0099,0.18095238095238095
protein_0000,protein_0100,0.17777777777777778
protein_0000,protein_0101,0.26436781609195403
protein_0000,protein_0102,0.26436781609195403
protein_0000,protein_0103,0.21839080459770116
protein_0000,protein_0105,0.11235955056179775
protein_0000,protein_0106,0.15178571428571427
protein_0000,protein_0107,0.4090909090909091
protein_0000,protein_0108,0.25842696629213485
protein_0000,protein_0109,0.13636363636363635
protein_0000,protein_0110,0.3333333333333333
protein_0000,protein_0111,0.27586206896551724
protein_0000,protein_0112,0.20388349514563106
protein_0000,protein_0115,0.26436781609195403
protein_0000,protein_0117,0.12605042016806722
protein_0000,protein_0118,0.1724137931034483
protein_0000,protein_0119,0.14035087719298245
protein_0000,protein_0120,0.41379310344827586
protein_0000,protein_0121,0.41379310344827586
protein_0000,protein_0122,0.2413793103448276
protein_0000,protein_0123,0.13793103448275862
protein_0000,protein_0124,0.4367816091954023
protein_0000,protein_0125,0.2
protein_0000,protein_0127,0.3563218390804598
protein_0000,protein_0128,0.44565217391304346
protein_0000,protein_0129,0.21839080459770116
protein_0000,protein_0130,0.13157894736842105
protein_0000,protein_0131,0.12643678160919541
protein_0000,protein_0133,0.1926605504587156
protein_0000,protein_0134,0.3103448275862069
protein_0000,protein_0135,0.3563218390804598
protein_0000,protein_0136,0.14049586776859505
protein_0000,protein_0137,0.14516129032258066
protein_0000,protein_0138,0.14516129032258066
protein_0000,protein_0139,0.12643678160919541
protein_0000,protein_0140,0.3103448275862069
protein_0000,protein_0142,0.367816091954023
protein_0000,protein_0143,0.3333333333333333
protein_0000,protein_0144,0.3333333333333333
protein_0000,protein_0145,0.16666666666666666
protein_0000,protein_0146,0.12643678160919541
protein_0000,protein_0147,0.42528735632183906
protein_0000,protein_0148,0.8505747126436781
protein_0000,protein_0149,0.1724137931034483
protein_0000,protein_0150,0.2988505747126437
protein_0000,protein_0151,0.25263157894736843
protein_0000,protein_0152,0.17391304347826086
protein_0000,protein_0153,0.22988505747126436
protein_0000,protein_0154,0.14606741573033707
protein_0000,protein_0155,0.15126050420168066
protein_0000,protein_0156,0.18421052631578946
protein_0000,protein_0157,0.1797752808988764
protein_0000,protein_0159,0.3409090909090909
protein_0000,protein_0160,0.40229885057471265
protein_0000,protein_0161,0.1694915254237288
protein_0000,protein_0162,0.3563218390804598
protein_0000,protein_0163,0.11711711711711711
protein_0000,protein_0164,0.3333333333333333
protein_0000,protein_0165,0.16666666666666666
protein_0000,protein_0166,0.3103448275862069
protein_0000,protein_0167,0.1623931623931624
protein_0000,protein_0168,0.16521739130434782
protein_0000,protein_0169,0.14728682170542637
protein_0000,protein_0170,0.3793103448275862
protein_0000,protein_0171,0.2413793103448276
protein_0000,protein_0172,0.15503875968992248
protein_0000,protein_0173,0.42528735632183906
protein_0000,protein_0174,0.367816091954023
protein_0000,protein_0175,0.3793103448275862
protein_0000,protein_0176,0.16853932584269662
protein_0000,protein_0177,0.13333333333333333
protein_0000,protein_0178,0.1440677966101695
protein_0000,protein_0179,0.13559322033898305
protein_0000,protein_0180,0.27586206896551724
protein_0000,protein_0181,0.3103448275862069
protein_0000,protein_0182,0.3333333333333333
protein_0000,protein_0183,0.14953271028037382
protein_0000,protein_0184,0.3978494623655914
protein_0000,protein_0185,0.14736842105263157
protein_0000,protein_0186,0.1346153846153846
protein_0000,protein_0187,0.3793103448275862
protein_0000,protein_0188,0.16129032258064516
protein_0000,protein_0189,0.3103448275862069
protein_0000,protein_0190,0.3448275862068966
protein_0000,protein_0191,0.375
protein_0000,protein_0192,0.3563218390804598
protein_0000,protein_0194,0.27586206896551724
protein_0000,protein_0195,0.3563218390804598
protein_0000,protein_0196,0.3333333333333333
protein_0000,protein_0197,0.3448275862068966
protein_0000,protein_0198,0.28735632183908044
protein_0000,protein_0199,0.2087912087912088
protein_0000,protein_0200,0.3103448275862069
protein_0000,protein_0201,0.1834862385321101
protein_0000,protein_0202,0.7415730337078652
protein_0000,protein_0203,0.13821138211382114
protein_0000,protein_0204,0.16091954022988506
protein_0000,protein_0205,0.11818181818181818
protein_0000,protein_0206,0.39080459770114945
protein_0000,protein_0207,0.13636363636363635
protein_0000,protein_0208,0.13274336283185842
protein_0000,protein_0211,0.19791666666666666
protein_0000,protein_0212,0.14942528735632185
protein_0000,protein_0213,0.40229885057471265
protein_0000,protein_0214,0.13333333333333333
protein_0000,protein_0215,0.11235955056179775
protein_0000,protein_0216,0.1391304347826087
protein_0000,protein_0217,0.14285714285714285
protein_0000,protein_0218,0.112
protein_0000,protein_0219,0.15625
protein_0000,protein_0220,0.3103448275862069
protein_0000,protein_0221,0.12643678160919541
protein_0000,protein_0222,0.3333333333333333
protein_0000,protein_0223,0.125
protein_0000,protein_0224,0.12643678160919541
protein_0000,protein_0226,0.14
protein_0000,protein_0227,0.17777777777777778
protein_0000,protein_0228,0.22580645161290322
protein_0000,protein_0229,0.1348314606741573
protein_0000,protein_0230,0.1978021978021978
protein_0000,protein_0233,0.13333333333333333
protein_0000,protein_0234,0.18584070796460178
protein_0000,protein_0235,0.15625
protein_0000,protein_0236,0.367816091954023
protein_0000,protein_0237,0.367816091954023
protein_0000,protein_0238,0.10687022900763359
protein_0000,protein_0239,0.367816091954023
protein_0000,protein_0240,0.40229885057471265
protein_0000,protein_0241,0.4318181818181818
protein_0000,protein_0242,0.14130434782608695
protein_0000,protein_0243,0.4367816091954023
protein_0000,protein_0244,0.15555555555555556
protein_0000,protein_0245,0.15789473684210525
protein_0000,protein_0246,0.18095238095238095
protein_0000,protein_0247,0.16346153846153846
protein_0000,protein_0248,0.39080459770114945
protein_0000,protein_0249,0.367816091954023
protein_0000,protein_0250,0.18
protein_0000,protein_0251,0.1326530612244898
protein_0000,protein_0252,0.17708333333333334
protein_0000,protein_0253,0.1592920353982301
protein_0000,protein_0254,0.17582417582417584
protein_0000,protein_0255,0.10857142857142857
protein_0000,protein_0256,0.11926605504587157
protein_0000,protein_0257,0.11926605504587157
protein_0000,protein_0258,0.3448275862068966
protein_0000,protein_0259,0.16091954022988506
protein_0000,protein_0260,0.16091954022988506
protein_0000,protein_0263,0.13138686131386862
protein_0000,protein_0264,0.3563218390804598
protein_0000,protein_0265,0.3563218390804598
protein_0000,protein_0267,0.22988505747126436
protein_0000,protein_0268,0.1956521739130435
protein_0000,protein_0269,0.12931034482758622
protein_0000,protein_0270,0.19318181818181818
protein_0000,protein_0272,0.32222222222222224
protein_0000,protein_0273,0.3218390804597701
protein_0000,protein_0274,0.22826086956521738
protein_0000,protein_0275,0.1919191919191919
protein_0000,protein_0276,0.367816091954023
protein_0000,protein_0277,0.16091954022988506
protein_0000,protein_0279,0.28735632183908044
protein_0000,protein_0281,0.1282051282051282
protein_0000,protein_0282,0.12643678160919541
protein_0000,protein_0283,0.11312217194570136
protein_0000,protein_0284,0.26436781609195403
protein_0000,protein_0285,0.28735632183908044
protein_0000,protein_0286,0.15841584158415842
protein_0000,protein_0287,0.21100917431192662
protein_0000,protein_0288,0.3563218390804598
protein_0000,protein_0289,0.14583333333333334
protein_0000,protein_0290,0.1346153846153846
protein_0000,protein_0291,0.21839080459770116
protein_0000,protein_0292,0.15555555555555556
protein_0000,protein_0293,0.23076923076923078
protein_0000,protein_0294,0.20689655172413793
protein_0000,protein_0295,0.1590909090909091
protein_0000,protein_0296,0.16666666666666666
protein_0000,protein_0297,0.14942528735632185
protein_0000,protein_0298,0.1827956989247312
protein_0000,protein_0299,0.18681318681318682
protein_0000,protein_0300,0.16363636363636364
protein_0000,protein_0301,0.16363636363636364
protein_0000,protein_0302,0.1382488479262673
protein_0000,protein_0303,0.20224719101123595
protein_0000,protein_0304,0.13
protein_0000,protein_0305,0.1935483870967742
protein_0000,protein_0306,0.11764705882352941
protein_0000,protein_0307,0.11016949152542373
protein_0000,protein_0308,0.1826086956521739
protein_0000,protein_0309,0.20192307692307693
protein_0000,protein_0310,0.20909090909090908
protein_0000,protein_0311,0.4318181818181818
protein_0000,protein_0312,0.42528735632183906
protein_0000,protein_0313,0.3068181818181818
protein_0000,protein_0314,0.12962962962962962
protein_0000,protein_0315,0.18181818181818182
protein_0000,protein_0316,0.1839080459770115
protein_0000,protein_0317,0.13157894736842105
protein_0000,protein_0318,0.15126050420168066
protein_0000,protein_0319,0.36363636363636365
protein_0000,protein_0320,0.3448275862068966
protein_0000,protein_0321,0.14444444444444443
protein_0000,protein_0322,0.2413793103448276
protein_0000,protein_0323,0.28735632183908044
protein_0000,protein_0324,0.17346938775510204
protein_0000,protein_0325,0.16521739130434782
protein_0000,protein_0326,0.18085106382978725
protein_0000,protein_0327,0.3103448275862069
protein_0000,protein_0328,0.13274336283185842
protein_0000,protein_0330,0.3333333333333333
protein_0000,protein_0331,0.1590909090909091
protein_0000,protein_0332,0.21839080459770116
protein_0000,protein_0333,0.22988505747126436
protein_0000,protein_0334,0.1702127659574468
protein_0000,protein_0335,0.14150943396226415
protein_0000,protein_0336,0.15625
protein_0000,protein_0337,0.38636363636363635
protein_0000,protein_0338,0.21839080459770116
protein_0000,protein_0339,0.1839080459770115
protein_0000,protein_0340,0.2037037037037037
protein_0000,protein_0341,0.26666666666666666
protein_0000,protein_0343,0.13541666666666666
protein_0000,protein_0344,0.3333333333333333
protein_0000,protein_0345,0.1452991452991453
protein_0000,protein_0346,0.1452991452991453
protein_0000,protein_0347,0.14942528735632185
protein_0000,protein_0348,0.12781954887218044
protein_0000,protein_0349,0.16216216216216217
protein_0000,protein_0350,0.34408602150537637
protein_0000,protein_0351,0.3103448275862069
protein_0000,protein_0352,0.14444444444444443
protein_0000,protein_0353,0.1452991452991453
protein_0000,protein_0354,0.2608695652173913
protein_0000,protein_0355,0.36363636363636365
protein_0000,protein_0356,0.13333333333333333
protein_0000,protein_0357,0.13821138211382114
protein_0000,protein_0358,0.3333333333333333
protein_0000,protein_0359,0.13636363636363635
protein_0000,protein_0360,0.32954545454545453
protein_0000,protein_0362,0.2
protein_0000,protein_0363,0.2
protein_0000,protein_0364,0.26
protein_0000,protein_0365,0.22727272727272727
protein_0000,protein_0366,0.22727272727272727
protein_0000,protein_0367,0.17592592592592593
protein_0000,protein_0368,0.0967741935483871
protein_0000,protein_0369,0.17475728155339806
protein_0000,protein_0370,0.3333333333333333
protein_0000,protein_0371,0.3563218390804598
protein_0000,protein_0372,0.11009174311926606
protein_0000,protein_0373,0.12612612612612611
protein_0000,protein_0374,0.1623931623931624
protein_0000,protein_0375,0.3793103448275862
protein_0000,protein_0377,0.3448275862068966
protein_0000,protein_0378,0.15178571428571427
protein_0000,protein_0379,0.17346938775510204
protein_0000,protein_0380,0.17346938775510204
protein_0000,protein_0381,0.17346938775510204
protein_0000,protein_0382,0.25287356321839083
protein_0000,protein_0383,0.16091954022988506
protein_0000,protein_0384,0.42528735632183906
protein_0000,protein_0386,0.1650485436893204
protein_0000,protein_0387,0.19090909090909092
protein_0000,protein_0388,0.1839080459770115
protein_0000,protein_0389,0.12643678160919541
protein_0000,protein_0390,0.3218390804597701
protein_0000,protein_0392,0.3563218390804598
protein_0000,protein_0393,0.375
protein_0000,protein_0394,0.1391304347826087
protein_0000,protein_0397,0.358695652173913
protein_0000,protein_0398,0.13178294573643412
protein_0000,protein_0399,0.3793103448275862
protein_0009,protein_0001,0.19318181818181818
protein_0009,protein_0002,0.22340425531914893
protein_0009,protein_0003,0.20689655172413793
protein_0009,protein_0004,0.19540229885057472
protein_0009,protein_0005,0.17391304347826086
protein_0009,protein_0006,0.29545454545454547
protein_0009,protein_0007,0.18478260869565216
protein_0009,protein_0008,0.17647058823529413
protein_0009,protein_0010,0.28888888888888886
protein_0009,protein_0011,0.3218390804597701
protein_0009,protein_0012,0.3103448275862069
protein_0009,protein_0013,0.1839080459770115
protein_0009,protein_0014,0.14583333333333334
protein_0009,protein_0016,0.15841584158415842
protein_0009,protein_0017,0.14492753623188406
protein_0009,protein_0018,0.25287356321839083
protein_0009,protein_0019,0.15555555555555556
protein_0009,protein_0020,0.2087912087912088
protein_0009,protein_0021,0.11956521739130435
protein_0009,protein_0022,0.19607843137254902
protein_0009,protein_0023,0.22105263157894736
protein_0009,protein_0024,0.18181818181818182
protein_0009,protein_0025,0.20689655172413793
protein_0009,protein_0026,0.13533834586466165
protein_0009,protein_0027,0.1782178217821782
protein_0009,protein_0028,0.11538461538461539
protein_0009,protein_0029,0.15384615384615385
protein_0009,protein_0030,0.14049586776859505
protein_0009,protein_0031,0.18446601941747573
protein_0009,protein_0032,0.20689655172413793
protein_0009,protein_0034,0.3563218390804598
protein_0009,protein_0035,0.1588785046728972
protein_0009,protein_0036,0.1724137931034483
protein_0009,protein_0037,0.21839080459770116
protein_0009,protein_0038,0.21839080459770116
protein_0009,protein_0039,0.9204545454545454
protein_0009,protein_0040,0.09195402298850575
protein_0009,protein_0041,0.21839080459770116
protein_0009,protein_0043,0.26436781609195403
protein_0009,protein_0044,0.2413793103448276
protein_0009,protein_0045,0.21839080459770116
protein_0009,protein_0046,0.17582417582417584
protein_0009,protein_0047,0.3409090909090909
protein_0009,protein_0048,0.3068181818181818
protein_0009,protein_0049,0.3068181818181818
protein_0009,protein_0050,0.16666666666666666
protein_0009,protein_0051,0.1839080459770115
protein_0009,protein_0052,0.20689655172413793
protein_0009,protein_0053,0.2727272727272727
protein_0009,protein_0054,0.11965811965811966
protein_0009,protein_0055,0.1774193548387097
protein_0009,protein_0058,0.09195402298850575
protein_0009,protein_0059,0.26436781609195403
protein_0009,protein_0060,0.1568627450980392
protein_0009,protein_0061,0.22826086956521738
protein_0009,protein_0062,0.21839080459770116
protein_0009,protein_0063,0.107981220657277
protein_0009,protein_0064,0.19540229885057472
protein_0009,protein_0065,0.20192307692307693
protein_0009,protein_0066,0.10784313725490197
protein_0009,protein_0067,0.28735632183908044
protein_0009,protein_0068,0.32222222222222224
protein_0009,protein_0069,0.2988505747126437
protein_0009,protein_0070,0.39080459770114945
protein_0009,protein_0071,0.27586206896551724
protein_0009,protein_0073,0.3522727272727273
protein_0009,protein_0074,0.15151515151515152
protein_0009,protein_0075,0.18627450980392157
protein_0009,protein_0076,0.19101123595505617
protein_0009,protein_0078,0.168141592920354
protein_0009,protein_0079,0.168141592920354
protein_0009,protein_0080,0.25274725274725274
protein_0009,protein_0081,0.25274725274725274
protein_0009,protein_0082,0.12
protein_0009,protein_0083,0.3333333333333333
protein_0009,protein_0085,0.12
protein_0009,protein_0086,0.12
protein_0009,protein_0087,0.2
protein_0009,protein_0088,0.21839080459770116
protein_0009,protein_0089,0.1328125
protein_0009,protein_0090,0.1328125
protein_0009,protein_0091,0.15517241379310345
protein_0009,protein_0092,0.15517241379310345
protein_0009,protein_0095,0.12389380530973451
protein_0009,protein_0096,0.16666666666666666
protein_0009,protein_0097,0.2988505747126437
protein_0009,protein_0098,0.22988505747126436
protein_0009,protein_0099,0.14563106796116504
protein_0009,protein_0100,0.1839080459770115
protein_0009,protein_0101,0.36363636363636365
protein_0009,protein_0102,0.26136363636363635
protein_0009,protein_0103,0.25842696629213485
protein_0009,protein_0105,0.08045977011494253
protein_0009,protein_0106,0.17647058823529413
protein_0009,protein_0107,0.20689655172413793
protein_0009,protein_0108,0.26373626373626374
protein_0009,protein_0109,0.1590909090909091
protein_0009,protein_0110,0.3111111111111111
protein_0009,protein_0111,0.3333333333333333
protein_0009,protein_0112,0.1792452830188679
protein_0009,protein_0115,0.1839080459770115
protein_0009,protein_0117,0.1592920353982301
protein_0009,protein_0118,0.17045454545454544
protein_0009,protein_0119,0.1485148514851485
protein_0009,protein_0120,0.26666666666666666
protein_0009,protein_0121,0.26666666666666666
protein_0009,protein_0122,0.23076923076923078
protein_0009,protein_0123,0.14772727272727273
protein_0009,protein_0124,0.25555555555555554
protein_0009,protein_0125,0.14
protein_0009,protein_0127,0.21839080459770116
protein_0009,protein_0128,0.25287356321839083
protein_0009,protein_0129,0.2159090909090909
protein_0009,protein_0130,0.14049586776859505
protein_0009,protein_0131,0.16666666666666666
protein_0009,protein_0133,0.16363636363636364
protein_0009,protein_0134,0.23333333333333334
protein_0009,protein_0135,0.21839080459770116
protein_0009,protein_0136,0.1532258064516129
protein_0009,protein_0137,0.16129032258064516
protein_0009,protein_0138,0.16129032258064516
protein_0009,protein_0139,0.14942528735632185
protein_0009,protein_0140,0.35555555555555557
protein_0009,protein_0142,0.35555555555555557
protein_0009,protein_0143,0.25287356321839083
protein_0009,protein_0144,0.2413793103448276
protein_0009,protein_0145,0.1978021978021978
protein_0009,protein_0146,0.13636363636363635
protein_0009,protein_0147,0.2391304347826087
protein_0009,protein_0148,0.21839080459770116
protein_0009,protein_0149,0.17777777777777778
protein_0009,protein_0150,0.24444444444444444
protein_0009,protein_0151,0.21875
protein_0009,protein_0152,0.20224719101123595
protein_0009,protein_0153,0.1839080459770115
protein_0009,protein_0154,0.15789473684210525
protein_0009,protein_0155,0.1652892561983471
protein_0009,protein_0156,0.1388888888888889
protein_0009,protein_0157,0.12359550561797752
protein_0009,protein_0159,0.22988505747126436
protein_0009,protein_0160,0.25
protein_0009,protein_0161,0.17355371900826447
protein_0009,protein_0162,0.20454545454545456
protein_0009,protein_0163,0.15384615384615385
protein_0009,protein_0164,0.20224719101123595
protein_0009,protein_0165,0.19540229885057472
protein_0009,protein_0166,0.19101123595505617
protein_0009,protein_0167,0.14035087719298245
protein_0009,protein_0168,0.12727272727272726
protein_0009,protein_0169,0.15126050420168066
protein_0009,protein_0170,0.20689655172413793
protein_0009,protein_0171,0.3111111111111111
protein_0009,protein_0172,0.12396694214876033
protein_0009,protein_0173,0.22988505747126436
protein_0009,protein_0174,0.19540229885057472
protein_0009,protein_0175,0.25
protein_0009,protein_0176,0.20689655172413793
protein_0009,protein_0177,0.16853932584269662
protein_0009,protein_0178,0.1092436974789916
protein_0009,protein_0179,0.13793103448275862
protein_0009,protein_0180,0.1724137931034483
protein_0009,protein_0181,0.3068181818181818
protein_0009,protein_0182,0.24444444444444444
protein_0009,protein_0183,0.18867924528301888
protein_0009,protein_0184,0.1839080459770115
protein_0009,protein_0185,0.18681318681318682
protein_0009,protein_0186,0.17117117117117117
protein_0009,protein_0187,0.22727272727272727
protein_0009,protein_0188,0.2
protein_0009,protein_0189,0.22988505747126436
protein_0009,protein_0190,0.3181818181818182
protein_0009,protein_0191,0.25287356321839083
protein_0009,protein_0192,0.21839080459770116
protein_0009,protein_0194,0.367816091954023
protein_0009,protein_0195,0.34065934065934067
protein_0009,protein_0196,0.3103448275862069
protein_0009,protein_0197,0.3333333333333333
protein_0009,protein_0198,0.23863636363636365
protein_0009,protein_0199,0.2
protein_0009,protein_0200,0.33707865168539325
protein_0009,protein_0201,0.17307692307692307
protein_0009,protein_0202,0.25287356321839083
protein_0009,protein_0203,0.12903225806451613
protein_0009,protein_0204,0.16091954022988506
protein_0009,protein_0205,0.11374407582938388
protein_0009,protein_0206,0.2988505747126437
protein_0009,protein_0207,0.12781954887218044
protein_0009,protein_0208,0.16071428571428573
protein_0009,protein_0211,0.1891891891891892
protein_0009,protein_0212,0.12643678160919541
protein_0009,protein_0213,0.25
protein_0009,protein_0214,0.05747126436781609
protein_0009,protein_0215,0.14942528735632185
protein_0009,protein_0216,0.16842105263157894
protein_0009,protein_0217,0.15384615384615385
protein_0009,protein_0218,0.112
protein_0009,protein_0219,0.136
protein_0009,protein_0220,0.20689655172413793
protein_0009,protein_0221,0.19540229885057472
protein_0009,protein_0222,0.32954545454545453
protein_0009,protein_0223,0.14606741573033707
protein_0009,protein_0224,0.15384615384615385
protein_0009,protein_0226,0.12244897959183673
protein_0009,protein_0227,0.1724137931034483
protein_0009,protein_0228,0.2087912087912088
protein_0009,protein_0229,0.125
protein_0009,protein_0230,0.22580645161290322
protein_0009,protein_0233,0.15328467153284672
protein_0009,protein_0234,0.1568627450980392
protein_0009,protein_0235,0.20588235294117646
protein_0009,protein_0236,0.3181818181818182
protein_0009,protein_0237,0.3181818181818182
protein_0009,protein_0238,0.15441176470588236
protein_0009,protein_0239,0.1839080459770115
protein_0009,protein_0240,0.1724137931034483
protein_0009,protein_0241,0.1724137931034483
protein_0009,protein_0242,0.16483516483516483
protein_0009,protein_0243,0.19540229885057472
protein_0009,protein_0244,0.15730337078651685
protein_0009,protein_0245,0.13675213675213677
protein_0009,protein_0246,0.14432989690721648
protein_0009,protein_0247,0.18811881188118812
protein_0009,protein_0248,0.20689655172413793
protein_0009,protein_0249,0.19540229885057472
protein_0009,protein_0250,0.23076923076923078
protein_0009,protein_0251,0.17708333333333334
protein_0009,protein_0252,0.16494845360824742
protein_0009,protein_0253,0.13043478260869565
protein_0009,protein_0254,0.18888888888888888
protein_0009,protein_0255,0.10285714285714286
protein_0009,protein_0256,0.17592592592592593
protein_0009,protein_0257,0.17592592592592593
protein_0009,protein_0258,0.3563218390804598
protein_0009,protein_0259,0.21348314606741572
protein_0009,protein_0260,0.21348314606741572
protein_0009,protein_0263,0.16176470588235295
protein_0009,protein_0264,0.27586206896551724
protein_0009,protein_0265,0.27586206896551724
protein_0009,protein_0267,0.23655913978494625
protein_0009,protein_0268,0.11363636363636363
protein_0009,protein_0269,0.15966386554621848
protein_0009,protein_0270,0.16853932584269662
protein_0009,protein_0272,0.2988505747126437
protein_0009,protein_0273,0.2988505747126437
protein_0009,protein_0274,0.22105263157894736
protein_0009,protein_0275,0.18446601941747573
protein_0009,protein_0276,0.21839080459770116
protein_0009,protein_0277,0.1839080459770115
protein_0009,protein_0279,0.1724137931034483
protein_0009,protein_0281,0.14285714285714285
protein_0009,protein_0282,0.15730337078651685
protein_0009,protein_0283,0.11467889908256881
protein_0009,protein_0284,0.23863636363636365
protein_0009,protein_0285,0.3218390804597701
protein_0009,protein_0286,0.20224719101123595
protein_0009,protein_0287,0.13636363636363635
protein_0009,protein_0288,0.1839080459770115
protein_0009,protein_0289,0.14772727272727273
protein_0009,protein_0290,0.1559633027522936
protein_0009,protein_0291,0.28735632183908044
protein_0009,protein_0292,0.16091954022988506
protein_0009,protein_0293,0.18681318681318682
protein_0009,protein_0294,0.27586206896551724
protein_0009,protein_0295,0.16483516483516483
protein_0009,protein_0296,0.16153846153846155
protein_0009,protein_0297,0.1839080459770115
protein_0009,protein_0298,0.14942528735632185
protein_0009,protein_0299,0.18947368421052632
protein_0009,protein_0300,0.1702127659574468
protein_0009,protein_0301,0.15789473684210525
protein_0009,protein_0302,0.10550458715596331
protein_0009,protein_0303,0.23863636363636365
protein_0009,protein_0304,0.14942528735632185
protein_0009,protein_0305,0.15151515151515152
protein_0009,protein_0306,0.1774193548387097
protein_0009,protein_0307,0.15
protein_0009,protein_0308,0.13114754098360656
protein_0009,protein_0309,0.15841584158415842
protein_0009,protein_0310,0.16666666666666666
protein_0009,protein_0311,0.2087912087912088
protein_0009,protein_0312,0.25287356321839083
protein_0009,protein_0313,0.21348314606741572
protein_0009,protein_0314,0.1
protein_0009,protein_0315,0.14912280701754385
protein_0009,protein_0316,0.19318181818181818
protein_0009,protein_0317,0.13
protein_0009,protein_0318,0.13114754098360656
protein_0009,protein_0319,0.3333333333333333
protein_0009,protein_0320,0.1724137931034483
protein_0009,protein_0321,0.2903225806451613
protein_0009,protein_0322,0.19540229885057472
protein_0009,protein_0323,0.26436781609195403
protein_0009,protein_0324,0.1839080459770115
protein_0009,protein_0325,0.13675213675213677
protein_0009,protein_0326,0.18181818181818182
protein_0009,protein_0327,0.2988505747126437
protein_0009,protein_0328,0.1271186440677966
protein_0009,protein_0330,0.35555555555555557
protein_0009,protein_0331,0.15384615384615385
protein_0009,protein_0332,0.19101123595505617
protein_0009,protein_0333,0.2087912087912088
protein_0009,protein_0334,0.25555555555555554
protein_0009,protein_0335,0.16831683168316833
protein_0009,protein_0336,0.19540229885057472
protein_0009,protein_0337,0.2840909090909091
protein_0009,protein_0338,0.22988505747126436
protein_0009,protein_0339,0.15730337078651685
protein_0009,protein_0340,0.17592592592592593
protein_0009,protein_0341,0.23853211009174313
protein_0009,protein_0343,0.13793103448275862
protein_0009,protein_0344,0.23076923076923078
protein_0009,protein_0345,0.1565217391304348
protein_0009,protein_0346,0.1565217391304348
protein_0009,protein_0347,0.18947368421052632
protein_0009,protein_0348,0.15037593984962405
protein_0009,protein_0349,0.20588235294117646
protein_0009,protein_0350,0.22727272727272727
protein_0009,protein_0351,0.3103448275862069
protein_0009,protein_0352,0.16666666666666666
protein_0009,protein_0353,0.13043478260869565
protein_0009,protein_0354,0.3448275862068966
protein_0009,protein_0355,0.2840909090909091
protein_0009,protein_0356,0.15306122448979592
protein_0009,protein_0357,0.11475409836065574
protein_0009,protein_0358,0.1839080459770115
protein_0009,protein_0359,0.14285714285714285
protein_0009,protein_0360,0.1839080459770115
protein_0009,protein_0362,0.22826086956521738
protein_0009,protein_0363,0.22826086956521738
protein_0009,protein_0364,0.22826086956521738
protein_0009,protein_0365,0.23863636363636365
protein_0009,protein_0366,0.22727272727272727
protein_0009,protein_0367,0.18269230769230768
protein_0009,protein_0368,0.13043478260869565
protein_0009,protein_0369,0.12643678160919541
protein_0009,protein_0370,0.23076923076923078
protein_0009,protein_0371,0.2413793103448276
protein_0009,protein_0372,0.09954751131221719
protein_0009,protein_0373,0.13761467889908258
protein_0009,protein_0374,0.16806722689075632
protein_0009,protein_0375,0.22988505747126436
protein_0009,protein_0377,0.22727272727272727
protein_0009,protein_0378,0.11965811965811966
protein_0009,protein_0379,0.20833333333333334
protein_0009,protein_0380,0.20833333333333334
protein_0009,protein_0381,0.20833333333333334
protein_0009,protein_0382,0.2222222222222222
protein_0009,protein_0383,0.16091954022988506
protein_0009,protein_0384,0.24468085106382978
protein_0009,protein_0386,0.15178571428571427
protein_0009,protein_0387,0.18867924528301888
protein_0009,protein_0388,0.20454545454545456
protein_0009,protein_0389,0.125
protein_0009,protein_0390,0.30337078651685395
protein_0009,protein_0392,0.23595505617977527
protein_0009,protein_0393,0.25274725274725274
protein_0009,protein_0394,0.11864406779661017
protein_0009,protein_0397,0.1724137931034483
protein_0009,protein_0398,0.13793103448275862
protein_0009,protein_0399,0.25
protein_0015,protein_0001,0.14
protein_0015,protein_0002,0.1388888888888889
protein_0015,protein_0003,0.16363636363636364
protein_0015,protein_0004,0.1188118811881188
protein_0015,protein_0005,0.12264150943396226
protein_0015,protein_0006,0.1308411214953271
protein_0015,protein_0007,0.18181818181818182
protein_0015,protein_0008,0.24242424242424243
protein_0015,protein_0010,0.14018691588785046
protein_0015,protein_0011,0.11
protein_0015,protein_0012,0.16216216216216217
protein_0015,protein_0013,0.12149532710280374
protein_0015,protein_0014,0.21
protein_0015,protein_0016,0.24242424242424243
protein_0015,protein_0017,0.1450381679389313
protein_0015,protein_0018,0.13333333333333333
protein_0015,protein_0019,0.1717171717171717
protein_0015,protein_0020,0.2018348623853211
protein_0015,protein_0021,0.16161616161616163
protein_0015,protein_0022,0.19607843137254902
protein_0015,protein_0023,0.19047619047619047
protein_0015,protein_0024,0.16260162601626016
protein_0015,protein_0025,0.17592592592592593
protein_0015,protein_0026,0.10852713178294573
protein_0015,protein_0027,0.16
protein_0015,protein_0028,0.11214953271028037
protein_0015,protein_0029,0.1717171717171717
protein_0015,protein_0030,0.13821138211382114
protein_0015,protein_0031,0.2727272727272727
protein_0015,protein_0032,0.17699115044247787
protein_0015,protein_0034,0.17757009345794392
protein_0015,protein_0035,0.17857142857142858
protein_0015,protein_0036,0.14
protein_0015,protein_0037,0.16666666666666666
protein_0015,protein_0038,0.16666666666666666
protein_0015,protein_0039,0.19090909090909092
protein_0015,protein_0040,0.1111111111111111
protein_0015,protein_0041,0.16216216216216217
protein_0015,protein_0043,0.1559633027522936
protein_0015,protein_0044,0.1743119266055046
protein_0015,protein_0045,0.16666666666666666
protein_0015,protein_0046,0.16161616161616163
protein_0015,protein_0047,0.19469026548672566
protein_0015,protein_0048,0.18584070796460178
protein_0015,protein_0049,0.1651376146788991
protein_0015,protein_0050,0.27
protein_0015,protein_0051,0.1568627450980392
protein_0015,protein_0052,0.1553398058252427
protein_0015,protein_0053,0.18811881188118812
protein_0015,protein_0054,0.15833333333333333
protein_0015,protein_0055,0.19834710743801653
protein_0015,protein_0058,0.12121212121212122
protein_0015,protein_0059,0.1559633027522936
protein_0015,protein_0060,0.17699115044247787
protein_0015,protein_0061,0.16666666666666666
protein_0015,protein_0062,0.18446601941747573
protein_0015,protein_0063,0.0892018779342723
protein_0015,protein_0064,0.1262135922330097
protein_0015,protein_0065,0.23232323232323232
protein_0015,protein_0066,0.1553398058252427
protein_0015,protein_0067,0.14814814814814814
protein_0015,protein_0068,0.15151515151515152
protein_0015,protein_0069,0.14678899082568808
protein_0015,protein_0070,0.1414141414141414
protein_0015,protein_0071,0.1588785046728972
protein_0015,protein_0073,0.15
protein_0015,protein_0074,0.2222222222222222
protein_0015,protein_0075,0.16666666666666666
protein_0015,protein_0076,0.14705882352941177
protein_0015,protein_0078,0.1926605504587156
protein_0015,protein_0079,0.1926605504587156
protein_0015,protein_0080,0.1320754716981132
protein_0015,protein_0081,0.11764705882352941
protein_0015,protein_0082,0.11965811965811966
protein_0015,protein_0083,0.16831683168316833
protein_0015,protein_0085,0.1282051282051282
protein_0015,protein_0086,0.1282051282051282
protein_0015,protein_0087,0.10576923076923077
protein_0015,protein_0088,0.17647058823529413
protein_0015,protein_0089,0.1322314049586777
protein_0015,protein_0090,0.125
protein_0015,protein_0091,0.17692307692307693
protein_0015,protein_0092,0.17692307692307693
protein_0015,protein_0095,0.15
protein_0015,protein_0096,0.21212121212121213
protein_0015,protein_0097,0.14563106796116504
protein_0015,protein_0098,0.16346153846153846
protein_0015,protein_0099,0.1826086956521739
protein_0015,protein_0100,0.1717171717171717
protein_0015,protein_0101,0.17
protein_0015,protein_0102,0.16346153846153846
protein_0015,protein_0103,0.1792452830188679
protein_0015,protein_0105,0.11764705882352941
protein_0015,protein_0106,0.19672131147540983
protein_0015,protein_0107,0.12962962962962962
protein_0015,protein_0108,0.11764705882352941
protein_0015,protein_0109,0.13725490196078433
protein_0015,protein_0110,0.1559633027522936
protein_0015,protein_0111,0.15454545454545454
protein_0015,protein_0112,0.12
protein_0015,protein_0115,0.17543859649122806
protein_0015,protein_0117,0.11304347826086956
protein_0015,protein_0118,0.19
protein_0015,protein_0119,0.14150943396226415
protein_0015,protein_0120,0.18867924528301888
protein_0015,protein_0121,0.18867924528301888
protein_0015,protein_0122,0.1574074074074074
protein_0015,protein_0123,0.1414141414141414
protein_0015,protein_0124,0.1792452830188679
protein_0015,protein_0125,0.25742574257425743
protein_0015,protein_0127,0.20909090909090908
protein_0015,protein_0128,0.12871287128712872
protein_0015,protein_0129,0.16666666666666666
protein_0015,protein_0130,0.15833333333333333
protein_0015,protein_0131,0.13131313131313133
protein_0015,protein_0133,0.18487394957983194
protein_0015,protein_0134,0.15517241379310345
protein_0015,protein_0135,0.15315315315315314
protein_0015,protein_0136,0.1746031746031746
protein_0015,protein_0137,0.1694915254237288
protein_0015,protein_0138,0.1694915254237288
protein_0015,protein_0139,0.10891089108910891
protein_0015,protein_0140,0.16964285714285715
protein_0015,protein_0142,0.16346153846153846
protein_0015,protein_0143,0.1926605504587156
protein_0015,protein_0144,0.1574074074074074
protein_0015,protein_0145,0.16
protein_0015,protein_0146,0.13131313131313133
protein_0015,protein_0147,0.12871287128712872
protein_0015,protein_0148,0.14678899082568808
protein_0015,protein_0149,0.17
protein_0015,protein_0150,0.16666666666666666
protein_0015,protein_0151,0.14414414414414414
protein_0015,protein_0152,0.1568627450980392
protein_0015,protein_0153,0.14
protein_0015,protein_0154,0.15315315315315314
protein_0015,protein_0155,0.1322314049586777
protein_0015,protein_0156,0.19491525423728814
protein_0015,protein_0157,0.13131313131313133
protein_0015,protein_0159,0.17647058823529413
protein_0015,protein_0160,0.18446601941747573
protein_0015,protein_0161,0.16806722689075632
protein_0015,protein_0162,0.16831683168316833
protein_0015,protein_0163,0.11304347826086956
protein_0015,protein_0164,0.1926605504587156
protein_0015,protein_0165,0.13861386138613863
protein_0015,protein_0166,0.1588785046728972
protein_0015,protein_0167,0.1565217391304348
protein_0015,protein_0168,0.1504424778761062
protein_0015,protein_0169,0.12903225806451613
protein_0015,protein_0170,0.18181818181818182
protein_0015,protein_0171,0.15151515151515152
protein_0015,protein_0172,0.19834710743801653
protein_0015,protein_0173,0.16363636363636364
protein_0015,protein_0174,0.18446601941747573
protein_0015,protein_0175,0.1941747572815534
protein_0015,protein_0176,0.14423076923076922
protein_0015,protein_0177,0.15151515151515152
protein_0015,protein_0178,0.1746031746031746
protein_0015,protein_0179,0.15079365079365079
protein_0015,protein_0180,0.19230769230769232
protein_0015,protein_0181,0.14814814814814814
protein_0015,protein_0182,0.14150943396226415
protein_0015,protein_0183,0.8383838383838383
protein_0015,protein_0184,0.12844036697247707
protein_0015,protein_0185,0.2222222222222222
protein_0015,protein_0186,0.8080808080808081
protein_0015,protein_0187,0.19811320754716982
protein_0015,protein_0188,0.15151515151515152
protein_0015,protein_0189,0.18269230769230768
protein_0015,protein_0190,0.16831683168316833
protein_0015,protein_0191,0.16666666666666666
protein_0015,protein_0192,0.18095238095238095
protein_0015,protein_0194,0.12121212121212122
protein_0015,protein_0195,0.168141592920354
protein_0015,protein_0196,0.14
protein_0015,protein_0197,0.1588785046728972
protein_0015,protein_0198,0.1262135922330097
protein_0015,protein_0199,0.1509433962264151
protein_0015,protein_0200,0.13761467889908258
protein_0015,protein_0201,0.09565217391304348
protein_0015,protein_0202,0.18421052631578946
protein_0015,protein_0203,0.21008403361344538
protein_0015,protein_0204,0.15151515151515152
protein_0015,protein_0205,0.11848341232227488
protein_0015,protein_0206,0.17117117117117117
protein_0015,protein_0207,0.17094017094017094
protein_0015,protein_0208,0.19469026548672566
protein_0015,protein_0211,0.13131313131313133
protein_0015,protein_0212,0.15151515151515152
protein_0015,protein_0213,0.19607843137254902
protein_0015,protein_0214,0.13131313131313133
protein_0015,protein_0215,0.18181818181818182
protein_0015,protein_0216,0.125
protein_0015,protein_0217,0.13636363636363635
protein_0015,protein_0218,0.13636363636363635
protein_0015,protein_0219,0.15873015873015872
protein_0015,protein_0220,0.14563106796116504
protein_0015,protein_0221,0.12121212121212122
protein_0015,protein_0222,0.1574074074074074
protein_0015,protein_0223,0.12121212121212122
protein_0015,protein_0224,0.15841584158415842
protein_0015,protein_0226,0.16037735849056603
protein_0015,protein_0227,0.1485148514851485
protein_0015,protein_0228,0.11818181818181818
protein_0015,protein_0229,0.15151515151515152
protein_0015,protein_0230,0.11009174311926606
protein_0015,protein_0233,0.1417910447761194
protein_0015,protein_0234,0.2727272727272727
protein_0015,protein_0235,0.1717171717171717
protein_0015,protein_0236,0.1262135922330097
protein_0015,protein_0237,0.1262135922330097
protein_0015,protein_0238,0.16666666666666666
protein_0015,protein_0239,0.1574074074074074
protein_0015,protein_0240,0.16666666666666666
protein_0015,protein_0241,0.15178571428571427
protein_0015,protein_0242,0.19
protein_0015,protein_0243,0.17592592592592593
protein_0015,protein_0244,0.16161616161616163
protein_0015,protein_0245,0.16058394160583941
protein_0015,protein_0246,0.28
protein_0015,protein_0247,0.1717171717171717
protein_0015,protein_0248,0.1782178217821782
protein_0015,protein_0249,0.14705882352941177
protein_0015,protein_0250,0.19230769230769232
protein_0015,protein_0251,0.15178571428571427
protein_0015,protein_0252,0.14953271028037382
protein_0015,protein_0253,0.17699115044247787
protein_0015,protein_0254,0.18627450980392157
protein_0015,protein_0255,0.10919540229885058
protein_0015,protein_0256,0.1891891891891892
protein_0015,protein_0257,0.1891891891891892
protein_0015,protein_0258,0.17307692307692307
protein_0015,protein_0259,0.17307692307692307
protein_0015,protein_0260,0.17307692307692307
protein_0015,protein_0263,0.14743589743589744
protein_0015,protein_0264,0.1891891891891892
protein_0015,protein_0265,0.1891891891891892
protein_0015,protein_0267,0.1926605504587156
protein_0015,protein_0268,0.16161616161616163
protein_0015,protein_0269,0.18333333333333332
protein_0015,protein_0270,0.1926605504587156
protein_0015,protein_0272,0.14743589743589744
protein_0015,protein_0273,0.16025641025641027
protein_0015,protein_0274,0.1523809523809524
protein_0015,protein_0275,0.25252525252525254
protein_0015,protein_0276,0.1568627450980392
protein_0015,protein_0277,0.15151515151515152
protein_0015,protein_0279,0.13725490196078433
protein_0015,protein_0281,0.17355371900826447
protein_0015,protein_0282,0.12612612612612611
protein_0015,protein_0283,0.11467889908256881
protein_0015,protein_0284,0.14678899082568808
protein_0015,protein_0285,0.19607843137254902
protein_0015,protein_0286,0.15151515151515152
protein_0015,protein_0287,0.1826086956521739
protein_0015,protein_0288,0.1414141414141414
protein_0015,protein_0289,0.12871287128712872
protein_0015,protein_0290,0.11304347826086956
protein_0015,protein_0291,0.17272727272727273
protein_0015,protein_0292,0.16831683168316833
protein_0015,protein_0293,0.15151515151515152
protein_0015,protein_0294,0.17272727272727273
protein_0015,protein_0295,0.16666666666666666
protein_0015,protein_0296,0.13675213675213677
protein_0015,protein_0297,0.12745098039215685
protein_0015,protein_0298,0.15151515151515152
protein_0015,protein_0299,0.1743119266055046
protein_0015,protein_0300,0.11
protein_0015,protein_0301,0.12
protein_0015,protein_0302,0.11059907834101383
protein_0015,protein_0303,0.14
protein_0015,protein_0304,0.16666666666666666
protein_0015,protein_0305,0.19811320754716982
protein_0015,protein_0306,0.2066115702479339
protein_0015,protein_0307,0.18333333333333332
protein_0015,protein_0308,0.14754098360655737
protein_0015,protein_0309,0.1919191919191919
protein_0015,protein_0310,0.23232323232323232
protein_0015,protein_0311,0.22018348623853212
protein_0015,protein_0312,0.14285714285714285
protein_0015,protein_0313,0.1651376146788991
protein_0015,protein_0314,0.1282051282051282
protein_0015,protein_0315,0.15789473684210525
protein_0015,protein_0316,0.14563106796116504
protein_0015,protein_0317,0.11320754716981132
protein_0015,protein_0318,0.16521739130434782
protein_0015,protein_0319,0.18
protein_0015,protein_0320,0.18446601941747573
protein_0015,protein_0321,0.16037735849056603
protein_0015,protein_0322,0.1504424778761062
protein_0015,protein_0323,0.17272727272727273
protein_0015,protein_0324,0.16831683168316833
protein_0015,protein_0325,0.1322314049586777
protein_0015,protein_0326,0.14
protein_0015,protein_0327,0.19230769230769232
protein_0015,protein_0328,0.20353982300884957
protein_0015,protein_0330,0.18627450980392157
protein_0015,protein_0331,0.18181818181818182
protein_0015,protein_0332,0.17592592592592593
protein_0015,protein_0333,0.16071428571428573
protein_0015,protein_0334,0.13274336283185842
protein_0015,protein_0335,0.13675213675213677
protein_0015,protein_0336,0.14423076923076922
protein_0015,protein_0337,0.14953271028037382
protein_0015,protein_0338,0.13861386138613863
protein_0015,protein_0339,0.16666666666666666
protein_0015,protein_0340,0.11475409836065574
protein_0015,protein_0341,0.1896551724137931
protein_0015,protein_0343,0.15151515151515152
protein_0015,protein_0344,0.18867924528301888
protein_0015,protein_0345,0.18421052631578946
protein_0015,protein_0346,0.18421052631578946
protein_0015,protein_0347,0.15
protein_0015,protein_0348,0.15517241379310345
protein_0015,protein_0349,0.10256410256410256
protein_0015,protein_0350,0.2169811320754717
protein_0015,protein_0351,0.20192307692307693
protein_0015,protein_0352,0.15151515151515152
protein_0015,protein_0353,0.20491803278688525
protein_0015,protein_0354,0.16666666666666666
protein_0015,protein_0355,0.14018691588785046
protein_0015,protein_0356,0.15
protein_0015,protein_0357,0.15748031496062992
protein_0015,protein_0358,0.19811320754716982
protein_0015,protein_0359,0.15
protein_0015,protein_0360,0.2079207920792079
protein_0015,protein_0362,0.12962962962962962
protein_0015,protein_0363,0.12962962962962962
protein_0015,protein_0364,0.14814814814814814
protein_0015,protein_0365,0.13513513513513514
protein_0015,protein_0366,0.16216216216216217
protein_0015,protein_0367,0.21212121212121213
protein_0015,protein_0368,0.1188118811881188
protein_0015,protein_0369,0.09803921568627451
protein_0015,protein_0370,0.18867924528301888
protein_0015,protein_0371,0.17391304347826086
protein_0015,protein_0372,0.1141552511415525
protein_0015,protein_0373,0.13675213675213677
protein_0015,protein_0374,0.1452991452991453
protein_0015,protein_0375,0.1834862385321101
protein_0015,protein_0377,0.12264150943396226
protein_0015,protein_0378,0.1559633027522936
protein_0015,protein_0379,0.2
protein_0015,protein_0380,0.2
protein_0015,protein_0381,0.2
protein_0015,protein_0382,0.12727272727272726
protein_0015,protein_0383,0.15384615384615385
protein_0015,protein_0384,0.18269230769230768
protein_0015,protein_0386,0.11650485436893204
protein_0015,protein_0387,0.15454545454545454
protein_0015,protein_0388,0.13131313131313133
protein_0015,protein_0389,0.18691588785046728
protein_0015,protein_0390,0.125
protein_0015,protein_0392,0.16666666666666666
protein_0015,protein_0393,0.1574074074074074
protein_0015,protein_0394,0.15447154471544716
protein_0015,protein_0397,0.15315315315315314
protein_0015,protein_0398,0.15126050420168066
protein_0015,protein_0399,0.12871287128712872
protein_0033,protein_0001,0.16091954022988506
protein_0033,protein_0002,0.20408163265306123
protein_0033,protein_0003,0.3563218390804598
protein_0033,protein_0004,0.2988505747126437
protein_0033,protein_0005,0.15625
protein_0033,protein_0006,0.5
protein_0033,protein_0007,0.19540229885057472
protein_0033,protein_0008,0.19047619047619047
protein_0033,protein_0010,0.4482758620689655
protein_0033,protein_0011,0.47126436781609193
protein_0033,protein_0012,0.5747126436781609
protein_0033,protein_0013,0.1839080459770115
protein_0033,protein_0014,0.1836734693877551
protein_0033,protein_0016,0.1568627450980392
protein_0033,protein_0017,0.1171875
protein_0033,protein_0018,0.27586206896551724
protein_0033,protein_0019,0.14942528735632185
protein_0033,protein_0020,0.3333333333333333
protein_0033,protein_0021,0.20212765957446807
protein_0033,protein_0022,0.18556701030927836
protein_0033,protein_0023,0.1919191919191919
protein_0033,protein_0024,0.14705882352941177
protein_0033,protein_0025,0.26666666666666666
protein_0033,protein_0026,0.16793893129770993
protein_0033,protein_0027,0.19387755102040816
protein_0033,protein_0028,0.15315315315315314
protein_0033,protein_0029,0.14942528735632185
protein_0033,protein_0030,0.1322314049586777
protein_0033,protein_0031,0.17757009345794392
protein_0033,protein_0032,0.36363636363636365
protein_0033,protein_0034,0.47126436781609193
protein_0033,protein_0035,0.14423076923076922
protein_0033,protein_0036,0.18181818181818182
protein_0033,protein_0037,0.24175824175824176
protein_0033,protein_0038,0.24175824175824176
protein_0033,protein_0039,0.3218390804597701
protein_0033,protein_0040,0.13793103448275862
protein_0033,protein_0041,0.3218390804597701
protein_0033,protein_0043,0.2988505747126437
protein_0033,protein_0044,0.27586206896551724
protein_0033,protein_0045,0.32653061224489793
protein_0033,protein_0046,0.19540229885057472
protein_0033,protein_0047,0.4827586206896552
protein_0033,protein_0048,0.45977011494252873
protein_0033,protein_0049,0.45977011494252873
protein_0033,protein_0050,0.12745098039215685
protein_0033,protein_0051,0.18181818181818182
protein_0033,protein_0052,0.2988505747126437
protein_0033,protein_0053,0.3333333333333333
protein_0033,protein_0054,0.1282051282051282
protein_0033,protein_0055,0.1282051282051282
protein_0033,protein_0058,0.13793103448275862
protein_0033,protein_0059,0.28735632183908044
protein_0033,protein_0060,0.17475728155339806
protein_0033,protein_0061,0.26373626373626374
protein_0033,protein_0062,0.3793103448275862
protein_0033,protein_0063,0.11267605633802817
protein_0033,protein_0064,0.3258426966292135
protein_0033,protein_0065,0.1320754716981132
protein_0033,protein_0066,0.13861386138613863
protein_0033,protein_0067,0.4482758620689655
protein_0033,protein_0068,0.2988505747126437
protein_0033,protein_0069,0.45977011494252873
protein_0033,protein_0070,0.3333333333333333
protein_0033,protein_0071,0.42528735632183906
protein_0033,protein_0073,0.3333333333333333
protein_0033,protein_0074,0.2079207920792079
protein_0033,protein_0075,0.17525773195876287
protein_0033,protein_0076,0.13636363636363635
protein_0033,protein_0078,0.18018018018018017
protein_0033,protein_0079,0.18018018018018017
protein_0033,protein_0080,0.3181818181818182
protein_0033,protein_0081,0.3181818181818182
protein_0033,protein_0082,0.12844036697247707
protein_0033,protein_0083,0.4367816091954023
protein_0033,protein_0085,0.12727272727272726
protein_0033,protein_0086,0.11926605504587157
protein_0033,protein_0087,0.13793103448275862
protein_0033,protein_0088,0.3181818181818182
protein_0033,protein_0089,0.18032786885245902
protein_0033,protein_0090,0.19672131147540983
protein_0033,protein_0091,0.1810344827586207
protein_0033,protein_0092,0.1810344827586207
protein_0033,protein_0095,0.18032786885245902
protein_0033,protein_0096,0.16216216216216217
protein_0033,protein_0097,0.3448275862068966
protein_0033,protein_0098,0.3218390804597701
protein_0033,protein_0099,0.11016949152542373
protein_0033,protein_0100,0.1590909090909091
protein_0033,protein_0101,0.3448275862068966
protein_0033,protein_0102,0.3563218390804598
protein_0033,protein_0103,0.27586206896551724
protein_0033,protein_0105,0.1262135922330097
protein_0033,protein_0106,0.16521739130434782
protein_0033,protein_0107,0.3103448275862069
protein_0033,protein_0108,0.25555555555555554
protein_0033,protein_0109,0.14285714285714285
protein_0033,protein_0110,0.4367816091954023
protein_0033,protein_0111,0.3103448275862069
protein_0033,protein_0112,0.14285714285714285
protein_0033,protein_0115,0.2988505747126437
protein_0033,protein_0117,0.17355371900826447
protein_0033,protein_0118,0.1724137931034483
protein_0033,protein_0119,0.12871287128712872
protein_0033,protein_0120,0.33707865168539325
protein_0033,protein_0121,0.33707865168539325
protein_0033,protein_0122,0.22988505747126436
protein_0033,protein_0123,0.12222222222222222
protein_0033,protein_0124,0.3218390804597701
protein_0033,protein_0125,0.19230769230769232
protein_0033,protein_0127,0.3218390804597701
protein_0033,protein_0128,0.3516483516483517
protein_0033,protein_0129,0.21348314606741572
protein_0033,protein_0130,0.15384615384615385
protein_0033,protein_0131,0.12359550561797752
protein_0033,protein_0133,0.26126126126126126
protein_0033,protein_0134,0.3111111111111111
protein_0033,protein_0135,0.3103448275862069
protein_0033,protein_0136,0.11965811965811966
protein_0033,protein_0137,0.15126050420168066
protein_0033,protein_0138,0.15126050420168066
protein_0033,protein_0139,0.19318181818181818
protein_0033,protein_0140,0.5172413793103449
protein_0033,protein_0142,0.45977011494252873
protein_0033,protein_0143,0.2988505747126437
protein_0033,protein_0144,0.3103448275862069
protein_0033,protein_0145,0.16666666666666666
protein_0033,protein_0146,0.1724137931034483
protein_0033,protein_0147,0.3563218390804598
protein_0033,protein_0148,0.3218390804597701
protein_0033,protein_0149,0.13793103448275862
protein_0033,protein_0150,0.29213483146067415
protein_0033,protein_0151,0.1827956989247312
protein_0033,protein_0152,0.16853932584269662
protein_0033,protein_0153,0.2159090909090909
protein_0033,protein_0154,0.1702127659574468
protein_0033,protein_0155,0.14516129032258066
protein_0033,protein_0156,0.17117117117117117
protein_0033,protein_0157,0.16831683168316833
protein_0033,protein_0159,0.3333333333333333
protein_0033,protein_0160,0.2988505747126437
protein_0033,protein_0161,0.1652892561983471
protein_0033,protein_0162,0.28735632183908044
protein_0033,protein_0163,0.1
protein_0033,protein_0164,0.28735632183908044
protein_0033,protein_0165,0.1724137931034483
protein_0033,protein_0166,0.27586206896551724
protein_0033,protein_0167,0.12173913043478261
protein_0033,protein_0168,0.14782608695652175
protein_0033,protein_0169,0.13008130081300814
protein_0033,protein_0170,0.2988505747126437
protein_0033,protein_0171,0.28735632183908044
protein_0033,protein_0172,0.15966386554621848
protein_0033,protein_0173,0.2988505747126437
protein_0033,protein_0174,0.2988505747126437
protein_0033,protein_0175,0.2988505747126437
protein_0033,protein_0176,0.1839080459770115
protein_0033,protein_0177,0.12643678160919541
protein_0033,protein_0178,0.17094017094017094
protein_0033,protein_0179,0.16806722689075632
protein_0033,protein_0180,0.25287356321839083
protein_0033,protein_0181,0.4431818181818182
protein_0033,protein_0182,0.32954545454545453
protein_0033,protein_0183,0.13592233009708737
protein_0033,protein_0184,0.2988505747126437
protein_0033,protein_0185,0.2222222222222222
protein_0033,protein_0186,0.1414141414141414
protein_0033,protein_0187,0.2988505747126437
protein_0033,protein_0188,0.13793103448275862
protein_0033,protein_0189,0.2967032967032967
protein_0033,protein_0190,0.5402298850574713
protein_0033,protein_0191,0.3218390804597701
protein_0033,protein_0192,0.2988505747126437
protein_0033,protein_0194,0.3707865168539326
protein_0033,protein_0195,0.4482758620689655
protein_0033,protein_0196,0.45977011494252873
protein_0033,protein_0197,0.5222222222222223
protein_0033,protein_0198,0.27586206896551724
protein_0033,protein_0199,0.18888888888888888
protein_0033,protein_0200,0.4367816091954023
protein_0033,protein_0201,0.1308411214953271
protein_0033,protein_0202,0.3258426966292135
protein_0033,protein_0203,0.1282051282051282
protein_0033,protein_0204,0.21348314606741572
protein_0033,protein_0205,0.10849056603773585
protein_0033,protein_0206,0.5747126436781609
protein_0033,protein_0207,0.12195121951219512
protein_0033,protein_0208,0.14655172413793102
protein_0033,protein_0211,0.14942528735632185
protein_0033,protein_0212,0.12643678160919541
protein_0033,protein_0213,0.3563218390804598
protein_0033,protein_0214,0.10227272727272728
protein_0033,protein_0215,0.11494252873563218
protein_0033,protein_0216,0.12871287128712872
protein_0033,protein_0217,0.18888888888888888
protein_0033,protein_0218,0.144
protein_0033,protein_0219,0.12605042016806722
protein_0033,protein_0220,0.26436781609195403
protein_0033,protein_0221,0.1839080459770115
protein_0033,protein_0222,0.4482758620689655
protein_0033,protein_0223,0.08045977011494253
protein_0033,protein_0224,0.1702127659574468
protein_0033,protein_0226,0.15463917525773196
protein_0033,protein_0227,0.14942528735632185
protein_0033,protein_0228,0.1978021978021978
protein_0033,protein_0229,0.17894736842105263
protein_0033,protein_0230,0.24175824175824176
protein_0033,protein_0233,0.12598425196850394
protein_0033,protein_0234,0.2403846153846154
protein_0033,protein_0235,0.16091954022988506
protein_0033,protein_0236,0.4367816091954023
protein_0033,protein_0237,0.4367816091954023
protein_0033,protein_0238,0.1590909090909091
protein_0033,protein_0239,0.28735632183908044
protein_0033,protein_0240,0.28735632183908044
protein_0033,protein_0241,0.27586206896551724
protein_0033,protein_0242,0.14942528735632185
protein_0033,protein_0243,0.27586206896551724
protein_0033,protein_0244,0.17777777777777778
protein_0033,protein_0245,0.1310344827586207
protein_0033,protein_0246,0.15841584158415842
protein_0033,protein_0247,0.16964285714285715
protein_0033,protein_0248,0.3522727272727273
protein_0033,protein_0249,0.3103448275862069
protein_0033,protein_0250,0.16853932584269662
protein_0033,protein_0251,0.17708333333333334
protein_0033,protein_0252,0.20618556701030927
protein_0033,protein_0253,0.13043478260869565
protein_0033,protein_0254,0.18181818181818182
protein_0033,protein_0255,0.14035087719298245
protein_0033,protein_0256,0.1504424778761062
protein_0033,protein_0257,0.1592920353982301
protein_0033,protein_0258,0.4659090909090909
protein_0033,protein_0259,0.17582417582417584
protein_0033,protein_0260,0.17582417582417584
protein_0033,protein_0263,0.15492957746478872
protein_0033,protein_0264,0.3563218390804598
protein_0033,protein_0265,0.3563218390804598
protein_0033,protein_0267,0.1724137931034483
protein_0033,protein_0268,0.18478260869565216
protein_0033,protein_0269,0.15
protein_0033,protein_0270,0.15555555555555556
protein_0033,protein_0272,0.5287356321839081
protein_0033,protein_0273,0.5172413793103449
protein_0033,protein_0274,0.21505376344086022
protein_0033,protein_0275,0.18095238095238095
protein_0033,protein_0276,0.26436781609195403
protein_0033,protein_0277,0.14942528735632185
protein_0033,protein_0279,0.28735632183908044
protein_0033,protein_0281,0.16666666666666666
protein_0033,protein_0282,0.1590909090909091
protein_0033,protein_0283,0.12385321100917432
protein_0033,protein_0284,0.2413793103448276
protein_0033,protein_0285,0.47191011235955055
protein_0033,protein_0286,0.20212765957446807
protein_0033,protein_0287,0.21428571428571427
protein_0033,protein_0288,0.2988505747126437
protein_0033,protein_0289,0.17045454545454544
protein_0033,protein_0290,0.1588785046728972
protein_0033,protein_0291,0.22988505747126436
protein_0033,protein_0292,0.16483516483516483
protein_0033,protein_0293,0.18888888888888888
protein_0033,protein_0294,0.22988505747126436
protein_0033,protein_0295,0.17045454545454544
protein_0033,protein_0296,0.168141592920354
protein_0033,protein_0297,0.15384615384615385
protein_0033,protein_0298,0.1724137931034483
protein_0033,protein_0299,0.14130434782608695
protein_0033,protein_0300,0.18085106382978725
protein_0033,protein_0301,0.17894736842105263
protein_0033,protein_0302,0.10138248847926268
protein_0033,protein_0303,0.1724137931034483
protein_0033,protein_0304,0.16091954022988506
protein_0033,protein_0305,0.21153846153846154
protein_0033,protein_0306,0.1282051282051282
protein_0033,protein_0307,0.15966386554621848
protein_0033,protein_0308,0.16521739130434782
protein_0033,protein_0309,0.2
protein_0033,protein_0310,0.22018348623853212
protein_0033,protein_0311,0.3333333333333333
protein_0033,protein_0312,0.3448275862068966
protein_0033,protein_0313,0.2247191011235955
protein_0033,protein_0314,0.14285714285714285
protein_0033,protein_0315,0.13157894736842105
protein_0033,protein_0316,0.16666666666666666
protein_0033,protein_0317,0.12
protein_0033,protein_0318,0.1415929203539823
protein_0033,protein_0319,0.4942528735632184
protein_0033,protein_0320,0.3103448275862069
protein_0033,protein_0321,0.2222222222222222
protein_0033,protein_0322,0.26436781609195403
protein_0033,protein_0323,0.27586206896551724
protein_0033,protein_0324,0.1724137931034483
protein_0033,protein_0325,0.14655172413793102
protein_0033,protein_0326,0.17
protein_0033,protein_0327,0.32954545454545453
protein_0033,protein_0328,0.12931034482758622
protein_0033,protein_0330,0.5057471264367817
protein_0033,protein_0331,0.14942528735632185
protein_0033,protein_0332,0.21839080459770116
protein_0033,protein_0333,0.19540229885057472
protein_0033,protein_0334,0.16483516483516483
protein_0033,protein_0335,0.12380952380952381
protein_0033,protein_0336,0.18181818181818182
protein_0033,protein_0337,0.3563218390804598
protein_0033,protein_0338,0.3103448275862069
protein_0033,protein_0339,0.1724137931034483
protein_0033,protein_0340,0.15178571428571427
protein_0033,protein_0341,0.24509803921568626
protein_0033,protein_0343,0.1590909090909091
protein_0033,protein_0344,0.36363636363636365
protein_0033,protein_0345,0.14444444444444443
protein_0033,protein_0346,0.14444444444444443
protein_0033,protein_0347,0.18888888888888888
protein_0033,protein_0348,0.16
protein_0033,protein_0349,0.1588785046728972
protein_0033,protein_0350,0.36363636363636365
protein_0033,protein_0351,0.4367816091954023
protein_0033,protein_0352,0.13793103448275862
protein_0033,protein_0353,0.16666666666666666
protein_0033,protein_0354,0.27586206896551724
protein_0033,protein_0355,0.3563218390804598
protein_0033,protein_0356,0.15730337078651685
protein_0033,protein_0357,0.13333333333333333
protein_0033,protein_0358,0.36363636363636365
protein_0033,protein_0359,0.14285714285714285
protein_0033,protein_0360,0.3068181818181818
protein_0033,protein_0362,0.26666666666666666
protein_0033,protein_0363,0.26666666666666666
protein_0033,protein_0364,0.26373626373626374
protein_0033,protein_0365,0.21739130434782608
protein_0033,protein_0366,0.21839080459770116
protein_0033,protein_0367,0.19444444444444445
protein_0033,protein_0368,0.17777777777777778
protein_0033,protein_0369,0.14893617021276595
protein_0033,protein_0370,0.36363636363636365
protein_0033,protein_0371,0.3218390804597701
protein_0033,protein_0372,0.12844036697247707
protein_0033,protein_0373,0.11320754716981132
protein_0033,protein_0374,0.15254237288135594
protein_0033,protein_0375,0.3448275862068966
protein_0033,protein_0377,0.28735632183908044
protein_0033,protein_0378,0.19642857142857142
protein_0033,protein_0379,0.16091954022988506
protein_0033,protein_0380,0.16091954022988506
protein_0033,protein_0381,0.16091954022988506
protein_0033,protein_0382,0.1839080459770115
protein_0033,protein_0383,0.20454545454545456
protein_0033,protein_0384,0.3448275862068966
protein_0033,protein_0386,0.11764705882352941
protein_0033,protein_0387,0.16822429906542055
protein_0033,protein_0388,0.19540229885057472
protein_0033,protein_0389,0.14893617021276595
protein_0033,protein_0390,0.45977011494252873
protein_0033,protein_0392,0.2777777777777778
protein_0033,protein_0393,0.26436781609195403
protein_0033,protein_0394,0.15789473684210525
protein_0033,protein_0397,0.3333333333333333
protein_0033,protein_0398,0.15267175572519084
protein_0033,protein_0399,0.367816091954023
protein_0042,protein_0001,0.1744186046511628
protein_0042,protein_0002,0.23595505617977527
protein_0042,protein_0003,0.2
protein_0042,protein_0004,0.19318181818181818
protein_0042,protein_0005,0.17045454545454544
protein_0042,protein_0006,0.1702127659574468
protein_0042,protein_0007,0.1744186046511628
protein_0042,protein_0008,0.1320754716981132
protein_0042,protein_0010,0.21839080459770116
protein_0042,protein_0011,0.20689655172413793
protein_0042,protein_0012,0.21839080459770116
protein_0042,protein_0013,0.18604651162790697
protein_0042,protein_0014,0.18478260869565216
protein_0042,protein_0016,0.1
protein_0042,protein_0017,0.13740458015267176
protein_0042,protein_0018,0.26436781609195403
protein_0042,protein_0019,0.17647058823529413
protein_0042,protein_0020,0.23655913978494625
protein_0042,protein_0021,0.15555555555555556
protein_0042,protein_0022,0.12643678160919541
protein_0042,protein_0023,0.08695652173913043
protein_0042,protein_0024,0.10256410256410256
protein_0042,protein_0025,0.21978021978021978
protein_0042,protein_0026,0.12686567164179105
protein_0042,protein_0027,0.15841584158415842
protein_0042,protein_0028,0.1651376146788991
protein_0042,protein_0029,0.16279069767441862
protein_0042,protein_0030,0.13934426229508196
protein_0042,protein_0031,0.1592920353982301
protein_0042,protein_0032,0.19540229885057472
protein_0042,protein_0034,0.21839080459770116
protein_0042,protein_0035,0.13592233009708737
protein_0042,protein_0036,0.17647058823529413
protein_0042,protein_0037,0.19540229885057472
protein_0042,protein_0038,0.19540229885057472
protein_0042,protein_0039,0.2159090909090909
protein_0042,protein_0040,0.14444444444444443
protein_0042,protein_0041,0.19540229885057472
protein_0042,protein_0043,0.6526315789473685
protein_0042,protein_0044,0.6105263157894737
protein_0042,protein_0045,0.25842696629213485
protein_0042,protein_0046,0.21176470588235294
protein_0042,protein_0047,0.2159090909090909
protein_0042,protein_0048,0.20689655172413793
protein_0042,protein_0049,0.1724137931034483
protein_0042,protein_0050,0.10101010101010101
protein_0042,protein_0051,0.18181818181818182
protein_0042,protein_0052,0.2413793103448276
protein_0042,protein_0053,0.23595505617977527
protein_0042,protein_0054,0.12903225806451613
protein_0042,protein_0055,0.1452991452991453
protein_0042,protein_0058,0.18478260869565216
protein_0042,protein_0059,0.6210526315789474
protein_0042,protein_0060,0.19298245614035087
protein_0042,protein_0061,0.16853932584269662
protein_0042,protein_0062,0.1724137931034483
protein_0042,protein_0063,0.09389671361502347
protein_0042,protein_0064,0.20689655172413793
protein_0042,protein_0065,0.1
protein_0042,protein_0066,0.14285714285714285
protein_0042,protein_0067,0.19540229885057472
protein_0042,protein_0068,0.12643678160919541
protein_0042,protein_0069,0.20689655172413793
protein_0042,protein_0070,0.16853932584269662
protein_0042,protein_0071,0.25287356321839083
protein_0042,protein_0073,0.1724137931034483
protein_0042,protein_0074,0.16831683168316833
protein_0042,protein_0075,0.14705882352941177
protein_0042,protein_0076,0.20454545454545456
protein_0042,protein_0078,0.16822429906542055
protein_0042,protein_0079,0.16822429906542055
protein_0042,protein_0080,0.20454545454545456
protein_0042,protein_0081,0.20454545454545456
protein_0042,protein_0082,0.14285714285714285
protein_0042,protein_0083,0.25287356321839083
protein_0042,protein_0085,0.1694915254237288
protein_0042,protein_0086,0.15254237288135594
protein_0042,protein_0087,0.18604651162790697
protein_0042,protein_0088,0.25287356321839083
protein_0042,protein_0089,0.1440677966101695
protein_0042,protein_0090,0.1440677966101695
protein_0042,protein_0091,0.15789473684210525
protein_0042,protein_0092,0.15789473684210525
protein_0042,protein_0095,0.13114754098360656
protein_0042,protein_0096,0.15151515151515152
protein_0042,protein_0097,0.1797752808988764
protein_0042,protein_0098,0.22988505747126436
protein_0042,protein_0099,0.17796610169491525
protein_0042,protein_0100,0.19540229885057472
protein_0042,protein_0101,0.1724137931034483
protein_0042,protein_0102,0.2413793103448276
protein_0042,protein_0103,0.22988505747126436
protein_0042,protein_0105,0.12941176470588237
protein_0042,protein_0106,0.1864406779661017
protein_0042,protein_0107,0.22988505747126436
protein_0042,protein_0108,0.23255813953488372
protein_0042,protein_0109,0.1511627906976744
protein_0042,protein_0110,0.23595505617977527
protein_0042,protein_0111,0.13793103448275862
protein_0042,protein_0112,0.17796610169491525
protein_0042,protein_0115,0.18888888888888888
protein_0042,protein_0117,0.15254237288135594
protein_0042,protein_0118,0.17525773195876287
protein_0042,protein_0119,0.1574074074074074
protein_0042,protein_0120,0.26666666666666666
protein_0042,protein_0121,0.26666666666666666
protein_0042,protein_0122,0.1724137931034483
protein_0042,protein_0123,0.1411764705882353
protein_0042,protein_0124,0.2413793103448276
protein_0042,protein_0125,0.125
protein_0042,protein_0127,0.14942528735632185
protein_0042,protein_0128,0.20454545454545456
protein_0042,protein_0129,0.19540229885057472
protein_0042,protein_0130,0.15254237288135594
protein_0042,protein_0131,0.1744186046511628
protein_0042,protein_0133,0.10377358490566038
protein_0042,protein_0134,0.21839080459770116
protein_0042,protein_0135,0.23255813953488372
protein_0042,protein_0136,0.14655172413793102
protein_0042,protein_0137,0.17796610169491525
protein_0042,protein_0138,0.17796610169491525
protein_0042,protein_0139,0.16470588235294117
protein_0042,protein_0140,0.2159090909090909
protein_0042,protein_0142,0.22826086956521738
protein_0042,protein_0143,0.21839080459770116
protein_0042,protein_0144,0.22988505747126436
protein_0042,protein_0145,0.19540229885057472
protein_0042,protein_0146,0.15294117647058825
protein_0042,protein_0147,0.22988505747126436
protein_0042,protein_0148,0.2159090909090909
protein_0042,protein_0149,0.15384615384615385
protein_0042,protein_0150,0.21978021978021978
protein_0042,protein_0151,0.1919191919191919
protein_0042,protein_0152,0.1724137931034483
protein_0042,protein_0153,0.20689655172413793
protein_0042,protein_0154,0.1511627906976744
protein_0042,protein_0155,0.2066115702479339
protein_0042,protein_0156,0.11009174311926606
protein_0042,protein_0157,0.17391304347826086
protein_0042,protein_0159,0.21978021978021978
protein_0042,protein_0160,0.1797752808988764
protein_0042,protein_0161,0.15384615384615385
protein_0042,protein_0162,0.2235294117647059
protein_0042,protein_0163,0.14705882352941177
protein_0042,protein_0164,0.21348314606741572
protein_0042,protein_0165,0.17647058823529413
protein_0042,protein_0166,0.21348314606741572
protein_0042,protein_0167,0.18333333333333332
protein_0042,protein_0168,0.2066115702479339
protein_0042,protein_0169,0.08620689655172414
protein_0042,protein_0170,0.16470588235294117
protein_0042,protein_0171,0.12359550561797752
protein_0042,protein_0172,0.17094017094017094
protein_0042,protein_0173,0.24719101123595505
protein_0042,protein_0174,0.16853932584269662
protein_0042,protein_0175,0.1797752808988764
protein_0042,protein_0176,0.16666666666666666
protein_0042,protein_0177,0.1744186046511628
protein_0042,protein_0178,0.17886178861788618
protein_0042,protein_0179,0.16521739130434782
protein_0042,protein_0180,0.24731182795698925
protein_0042,protein_0181,0.19540229885057472
protein_0042,protein_0182,0.1839080459770115
protein_0042,protein_0183,0.13131313131313133
protein_0042,protein_0184,0.23333333333333334
protein_0042,protein_0185,0.21428571428571427
protein_0042,protein_0186,0.14285714285714285
protein_0042,protein_0187,0.19101123595505617
protein_0042,protein_0188,0.15294117647058825
protein_0042,protein_0189,0.19101123595505617
protein_0042,protein_0190,0.2
protein_0042,protein_0191,0.21839080459770116
protein_0042,protein_0192,0.2235294117647059
protein_0042,protein_0194,0.15730337078651685
protein_0042,protein_0195,0.23863636363636365
protein_0042,protein_0196,0.19540229885057472
protein_0042,protein_0197,0.22988505747126436
protein_0042,protein_0198,0.21839080459770116
protein_0042,protein_0199,0.22916666666666666
protein_0042,protein_0200,0.2247191011235955
protein_0042,protein_0201,0.16666666666666666
protein_0042,protein_0202,0.1839080459770115
protein_0042,protein_0203,0.14166666666666666
protein_0042,protein_0204,0.18823529411764706
protein_0042,protein_0205,0.0995260663507109
protein_0042,protein_0206,0.20689655172413793
protein_0042,protein_0207,0.12
protein_0042,protein_0208,0.1588785046728972
protein_0042,protein_0211,0.17204301075268819
protein_0042,protein_0212,0.1839080459770115
protein_0042,protein_0213,0.21839080459770116
protein_0042,protein_0214,0.16666666666666666
protein_0042,protein_0215,0.14736842105263157
protein_0042,protein_0216,0.1568627450980392
protein_0042,protein_0217,0.15306122448979592
protein_0042,protein_0218,0.136
protein_0042,protein_0219,0.14285714285714285
protein_0042,protein_0220,0.2087912087912088
protein_0042,protein_0221,0.1744186046511628
protein_0042,protein_0222,0.1839080459770115
protein_0042,protein_0223,0.13953488372093023
protein_0042,protein_0224,0.15730337078651685
protein_0042,protein_0226,0.2127659574468085
protein_0042,protein_0227,0.12790697674418605
protein_0042,protein_0228,0.1836734693877551
protein_0042,protein_0229,0.1978021978021978
protein_0042,protein_0230,0.20212765957446807
protein_0042,protein_0233,0.13385826771653545
protein_0042,protein_0234,0.16071428571428573
protein_0042,protein_0235,0.20618556701030927
protein_0042,protein_0236,0.21839080459770116
protein_0042,protein_0237,0.21839080459770116
protein_0042,protein_0238,0.14074074074074075
protein_0042,protein_0239,0.19540229885057472
protein_0042,protein_0240,0.1839080459770115
protein_0042,protein_0241,0.20689655172413793
protein_0042,protein_0242,0.12087912087912088
protein_0042,protein_0243,0.19101123595505617
protein_0042,protein_0244,0.15555555555555556
protein_0042,protein_0245,0.1590909090909091
protein_0042,protein_0246,0.14432989690721648
protein_0042,protein_0247,0.18888888888888888
protein_0042,protein_0248,0.18888888888888888
protein_0042,protein_0249,0.2247191011235955
protein_0042,protein_0250,0.20202020202020202
protein_0042,protein_0251,0.14444444444444443
protein_0042,protein_0252,0.1836734693877551
protein_0042,protein_0253,0.10526315789473684
protein_0042,protein_0254,0.20224719101123595
protein_0042,protein_0255,0.13872832369942195
protein_0042,protein_0256,0.1509433962264151
protein_0042,protein_0257,0.1523809523809524
protein_0042,protein_0258,0.26136363636363635
protein_0042,protein_0259,0.18604651162790697
protein_0042,protein_0260,0.18604651162790697
protein_0042,protein_0263,0.11029411764705882
protein_0042,protein_0264,0.21348314606741572
protein_0042,protein_0265,0.21348314606741572
protein_0042,protein_0267,0.20212765957446807
protein_0042,protein_0268,0.2087912087912088
protein_0042,protein_0269,0.1623931623931624
protein_0042,protein_0270,0.11627906976744186
protein_0042,protein_0272,0.20224719101123595
protein_0042,protein_0273,0.19101123595505617
protein_0042,protein_0274,0.20833333333333334
protein_0042,protein_0275,0.14
protein_0042,protein_0276,0.22988505747126436
protein_0042,protein_0277,0.15294117647058825
protein_0042,protein_0279,0.1411764705882353
protein_0042,protein_0281,0.1694915254237288
protein_0042,protein_0282,0.14736842105263157
protein_0042,protein_0283,0.08256880733944955
protein_0042,protein_0284,0.1839080459770115
protein_0042,protein_0285,0.20689655172413793
protein_0042,protein_0286,0.17777777777777778
protein_0042,protein_0287,0.14018691588785046
protein_0042,protein_0288,0.21176470588235294
protein_0042,protein_0289,0.1511627906976744
protein_0042,protein_0290,0.15126050420168066
protein_0042,protein_0291,0.15294117647058825
protein_0042,protein_0292,0.1839080459770115
protein_0042,protein_0293,0.23404255319148937
protein_0042,protein_0294,0.15294117647058825
protein_0042,protein_0295,0.1411764705882353
protein_0042,protein_0296,0.13274336283185842
protein_0042,protein_0297,0.14942528735632185
protein_0042,protein_0298,0.15294117647058825
protein_0042,protein_0299,0.1956521739130435
protein_0042,protein_0300,0.20224719101123595
protein_0042,protein_0301,0.25
protein_0042,protein_0302,0.09545454545454546
protein_0042,protein_0303,0.16091954022988506
protein_0042,protein_0304,0.14705882352941177
protein_0042,protein_0305,0.16470588235294117
protein_0042,protein_0306,0.1452991452991453
protein_0042,protein_0307,0.15126050420168066
protein_0042,protein_0308,0.13333333333333333
protein_0042,protein_0309,0.16304347826086957
protein_0042,protein_0310,0.1523809523809524
protein_0042,protein_0311,0.1839080459770115
protein_0042,protein_0312,0.20689655172413793
protein_0042,protein_0313,0.20689655172413793
protein_0042,protein_0314,0.1206896551724138
protein_0042,protein_0315,0.16521739130434782
protein_0042,protein_0316,0.15294117647058825
protein_0042,protein_0317,0.17647058823529413
protein_0042,protein_0318,0.19491525423728814
protein_0042,protein_0319,0.20689655172413793
protein_0042,protein_0320,0.20224719101123595
protein_0042,protein_0321,0.15730337078651685
protein_0042,protein_0322,0.16470588235294117
protein_0042,protein_0323,0.4421052631578947
protein_0042,protein_0324,0.17647058823529413
protein_0042,protein_0325,0.12396694214876033
protein_0042,protein_0326,0.1956521739130435
protein_0042,protein_0327,0.23076923076923078
protein_0042,protein_0328,0.10569105691056911
protein_0042,protein_0330,0.19540229885057472
protein_0042,protein_0331,0.14606741573033707
protein_0042,protein_0332,0.2222222222222222
protein_0042,protein_0333,0.16091954022988506
protein_0042,protein_0334,0.1348314606741573
protein_0042,protein_0335,0.13131313131313133
protein_0042,protein_0336,0.10989010989010989
protein_0042,protein_0337,0.18888888888888888
protein_0042,protein_0338,0.2247191011235955
protein_0042,protein_0339,0.23255813953488372
protein_0042,protein_0340,0.14285714285714285
protein_0042,protein_0341,0.22429906542056074
protein_0042,protein_0343,0.11
protein_0042,protein_0344,0.23333333333333334
protein_0042,protein_0345,0.13043478260869565
protein_0042,protein_0346,0.13043478260869565
protein_0042,protein_0347,0.15294117647058825
protein_0042,protein_0348,0.1206896551724138
protein_0042,protein_0349,0.1440677966101695
protein_0042,protein_0350,0.19540229885057472
protein_0042,protein_0351,0.22988505747126436
protein_0042,protein_0352,0.1744186046511628
protein_0042,protein_0353,0.20689655172413793
protein_0042,protein_0354,0.13793103448275862
protein_0042,protein_0355,0.2
protein_0042,protein_0356,0.1411764705882353
protein_0042,protein_0357,0.1652892561983471
protein_0042,protein_0358,0.19540229885057472
protein_0042,protein_0359,0.11764705882352941
protein_0042,protein_0360,0.1839080459770115
protein_0042,protein_0362,0.22988505747126436
protein_0042,protein_0363,0.22988505747126436
protein_0042,protein_0364,0.22988505747126436
protein_0042,protein_0365,0.19101123595505617
protein_0042,protein_0366,0.1839080459770115
protein_0042,protein_0367,0.1619047619047619
protein_0042,protein_0368,0.13636363636363635
protein_0042,protein_0369,0.17045454545454544
protein_0042,protein_0370,0.23333333333333334
protein_0042,protein_0371,0.22988505747126436
protein_0042,protein_0372,0.0776255707762557
protein_0042,protein_0373,0.11016949152542373
protein_0042,protein_0374,0.125
protein_0042,protein_0375,0.19318181818181818
protein_0042,protein_0377,0.20689655172413793
protein_0042,protein_0378,0.14678899082568808
protein_0042,protein_0379,0.15463917525773196
protein_0042,protein_0380,0.15463917525773196
protein_0042,protein_0381,0.15463917525773196
protein_0042,protein_0382,0.1724137931034483
protein_0042,protein_0383,0.16853932584269662
protein_0042,protein_0384,0.21839080459770116
protein_0042,protein_0386,0.15384615384615385
protein_0042,protein_0387,0.11320754716981132
protein_0042,protein_0388,0.15294117647058825
protein_0042,protein_0389,0.13333333333333333
protein_0042,protein_0390,0.19540229885057472
protein_0042,protein_0392,0.24210526315789474
protein_0042,protein_0393,0.24210526315789474
protein_0042,protein_0394,0.1810344827586207
protein_0042,protein_0397,0.21176470588235294
protein_0042,protein_0398,0.1282051282051282
protein_0042,protein_0399,0.20689655172413793
protein_0056,protein_0001,0.1125
protein_0056,protein_0002,0.17647058823529413
protein_0056,protein_0003,0.13
protein_0056,protein_0004,0.1346153846153846
protein_0056,protein_0005,0.14678899082568808
protein_0056,protein_0006,0.16822429906542055
protein_0056,protein_0007,0.17444444444444446
protein_0056,protein_0008,0.14754098360655737
protein_0056,protein_0010,0.15833333333333333
protein_0056,protein_0011,0.14166666666666666
protein_0056,protein_0012,0.15315315315315314
protein_0056,protein_0013,0.1111111111111111
protein_0056,protein_0014,0.17235960631874947
protein_0056,protein_0016,0.1810344827586207
protein_0056,protein_0017,0.14615384615384616
protein_0056,protein_0018,0.16822429906542055
protein_0056,protein_0019,0.14190476190476192
protein_0056,protein_0020,0.14
protein_0056,protein_0021,0.1509433962264151
protein_0056,protein_0022,0.1511805026656512
protein_0056,protein_0023,0.16597771387491012
protein_0056,protein_0024,0.11842105263157894
protein_0056,protein_0025,0.125
protein_0056,protein_0026,0.15503875968992248
protein_0056,protein_0027,0.15561378754283411
protein_0056,protein_0028,0.15079365079365079
protein_0056,protein_0029,0.15591876725750425
protein_0056,protein_0030,0.14960629921259844
protein_0056,protein_0031,0.15748031496062992
protein_0056,protein_0032,0.12871287128712872
protein_0056,protein_0034,0.1262135922330097
protein_0056,protein_0035,0.13793103448275862
protein_0056,protein_0036,0.1411904761904762
protein_0056,protein_0037,0.14422782874617737
protein_0056,protein_0038,0.14422782874617737
protein_0056,protein_0039,0.13274336283185842
protein_0056,protein_0040,0.13513513513513514
protein_0056,protein_0041,0.14678899082568808
protein_0056,protein_0043,0.125
protein_0056,protein_0044,0.125
protein_0056,protein_0045,0.1388888888888889
protein_0056,protein_0046,0.16944444444444445
protein_0056,protein_0047,0.14782608695652175
protein_0056,protein_0048,0.15966386554621848
protein_0056,protein_0049,0.16666666666666666
protein_0056,protein_0050,0.16666666666666666
protein_0056,protein_0051,0.16016030174446017
protein_0056,protein_0052,0.15841584158415842
protein_0056,protein_0053,0.16822429906542055
protein_0056,protein_0054,0.16129032258064516
protein_0056,protein_0055,0.18045112781954886
protein_0056,protein_0058,0.17
protein_0056,protein_0059,0.11538461538461539
protein_0056,protein_0060,0.6865384615384615
protein_0056,protein_0061,0.1388888888888889
protein_0056,protein_0062,0.13636363636363635
protein_0056,protein_0063,0.11737089201877934
protein_0056,protein_0064,0.12380952380952381
protein_0056,protein_0065,0.1746031746031746
protein_0056,protein_0066,0.11214953271028037
protein_0056,protein_0067,0.19130434782608696
protein_0056,protein_0068,0.1557377049180328
protein_0056,protein_0069,0.13636363636363635
protein_0056,protein_0070,0.14423076923076922
protein_0056,protein_0071,0.12605042016806722
protein_0056,protein_0073,0.102803738317757
protein_0056,protein_0074,0.1262135922330097
protein_0056,protein_0075,0.16055045871559634
protein_0056,protein_0076,0.13725490196078433
protein_0056,protein_0078,0.415929203539823
protein_0056,protein_0079,0.415929203539823
protein_0056,protein_0080,0.12264150943396226
protein_0056,protein_0081,0.11320754716981132
protein_0056,protein_0082,0.20535714285714285
protein_0056,protein_0083,0.17307692307692307
protein_0056,protein_0085,0.19008264462809918
protein_0056,protein_0086,0.19008264462809918
protein_0056,protein_0087,0.1291208791208791
protein_0056,protein_0088,0.12962962962962962
protein_0056,protein_0089,0.46551724137931033
protein_0056,protein_0090,0.46551724137931033
protein_0056,protein_0091,0.3157894736842105
protein_0056,protein_0092,0.3157894736842105
protein_0056,protein_0095,0.4646690168429299
protein_0056,protein_0096,0.15702479338842976
protein_0056,protein_0097,0.14705882352941177
protein_0056,protein_0098,0.12295081967213115
protein_0056,protein_0099,0.6717307692307692
protein_0056,protein_0100,0.13358988455195162
protein_0056,protein_0101,0.13761467889908258
protein_0056,protein_0102,0.16822429906542055
protein_0056,protein_0103,0.17647058823529413
protein_0056,protein_0105,0.1
protein_0056,protein_0106,0.4016656925774401
protein_0056,protein_0107,0.16346153846153846
protein_0056,protein_0108,0.1388888888888889
protein_0056,protein_0109,0.11632075471698114
protein_0056,protein_0110,0.11214953271028037
protein_0056,protein_0111,0.13274336283185842
protein_0056,protein_0112,0.11864406779661017
protein_0056,protein_0115,0.18691588785046728
protein_0056,protein_0117,0.47383004926108374
protein_0056,protein_0118,0.16230769230769232
protein_0056,protein_0119,0.13675213675213677
protein_0056,protein_0120,0.13445378151260504
protein_0056,protein_0121,0.13445378151260504
protein_0056,protein_0122,0.13935185185185184
protein_0056,protein_0123,0.14768270944741532
protein_0056,protein_0124,0.14912280701754385
protein_0056,protein_0125,0.125
protein_0056,protein_0127,0.125
protein_0056,protein_0128,0.14423076923076922
protein_0056,protein_0129,0.1504424778761062
protein_0056,protein_0130,0.46551724137931033
protein_0056,protein_0131,0.10761904761904761
protein_0056,protein_0133,0.15126050420168066
protein_0056,protein_0134,0.18867924528301888
protein_0056,protein_0135,0.14285714285714285
protein_0056,protein_0136,0.17424242424242425
protein_0056,protein_0137,0.15384615384615385
protein_0056,protein_0138,0.15384615384615385
protein_0056,protein_0139,0.1201923076923077
protein_0056,protein_0140,0.12931034482758622
protein_0056,protein_0142,0.15384615384615385
protein_0056,protein_0143,0.14285714285714285
protein_0056,protein_0144,0.14285714285714285
protein_0056,protein_0145,0.14009345794392525
protein_0056,protein_0146,0.14
protein_0056,protein_0147,0.17647058823529413
protein_0056,protein_0148,0.168141592920354
protein_0056,protein_0149,0.14493091859596713
protein_0056,protein_0150,0.15384615384615385
protein_0056,protein_0151,0.14953271028037382
protein_0056,protein_0152,0.13575174825174824
protein_0056,protein_0153,0.17533692722371969
protein_0056,protein_0154,0.15939660003736222
protein_0056,protein_0155,0.17094017094017094
protein_0056,protein_0156,0.15517241379310345
protein_0056,protein_0157,0.16
protein_0056,protein_0159,0.19626168224299065
protein_0056,protein_0160,0.12871287128712872
protein_0056,protein_0161,0.136
protein_0056,protein_0162,0.14705882352941177
protein_0056,protein_0163,0.1981981981981982
protein_0056,protein_0164,0.09615384615384616
protein_0056,protein_0165,0.1125
protein_0056,protein_0166,0.10377358490566038
protein_0056,protein_0167,0.4514688601645124
protein_0056,protein_0168,0.46049896049896055
protein_0056,protein_0169,0.15447154471544716
protein_0056,protein_0170,0.13333333333333333
protein_0056,protein_0171,0.14754098360655737
protein_0056,protein_0172,0.1349206349206349
protein_0056,protein_0173,0.14423076923076922
protein_0056,protein_0174,0.1282051282051282
protein_0056,protein_0175,0.1188118811881188
protein_0056,protein_0176,0.12631975867269984
protein_0056,protein_0177,0.1225
protein_0056,protein_0178,0.14782608695652175
protein_0056,protein_0179,0.14782608695652175
protein_0056,protein_0180,0.11428571428571428
protein_0056,protein_0181,0.1896551724137931
protein_0056,protein_0182,0.12380952380952381
protein_0056,protein_0183,0.14634146341463414
protein_0056,protein_0184,0.10784313725490197
protein_0056,protein_0185,0.125
protein_0056,protein_0186,0.15447154471544716
protein_0056,protein_0187,0.13675213675213677
protein_0056,protein_0188,0.11195661681098573
protein_0056,protein_0189,0.11428571428571428
protein_0056,protein_0190,0.1440677966101695
protein_0056,protein_0191,0.14705882352941177
protein_0056,protein_0192,0.17647058823529413
protein_0056,protein_0194,0.1509433962264151
protein_0056,protein_0195,0.10084033613445378
protein_0056,protein_0196,0.14953271028037382
protein_0056,protein_0197,0.13861386138613863
protein_0056,protein_0198,0.102803738317757
protein_0056,protein_0199,0.14285714285714285
protein_0056,protein_0200,0.16981132075471697
protein_0056,protein_0201,0.2072072072072072
protein_0056,protein_0202,0.1623931623931624
protein_0056,protein_0203,0.128
protein_0056,protein_0204,0.1375
protein_0056,protein_0205,0.15165876777251186
protein_0056,protein_0206,0.17117117117117117
protein_0056,protein_0207,0.125
protein_0056,protein_0208,0.17525158898305085
protein_0056,protein_0211,0.1337803320561941
protein_0056,protein_0212,0.125
protein_0056,protein_0213,0.13333333333333333
protein_0056,protein_0214,0.13
protein_0056,protein_0215,0.13
protein_0056,protein_0216,0.1320754716981132
protein_0056,protein_0217,0.09345794392523364
protein_0056,protein_0218,0.14615384615384616
protein_0056,protein_0219,0.15625
protein_0056,protein_0220,0.1320754716981132
protein_0056,protein_0221,0.1346153846153846
protein_0056,protein_0222,0.13333333333333333
protein_0056,protein_0223,0.12
protein_0056,protein_0224,0.13214285714285715
protein_0056,protein_0226,0.17647058823529413
protein_0056,protein_0227,0.16346153846153846
protein_0056,protein_0228,0.1558048433048433
protein_0056,protein_0229,0.19444444444444445
protein_0056,protein_0230,0.14953271028037382
protein_0056,protein_0233,0.18045112781954886
protein_0056,protein_0234,0.13821138211382114
protein_0056,protein_0235,0.13953790238836966
protein_0056,protein_0236,0.12833333333333335
protein_0056,protein_0237,0.12833333333333335
protein_0056,protein_0238,0.13740458015267176
protein_0056,protein_0239,0.12149532710280374
protein_0056,protein_0240,0.12396694214876033
protein_0056,protein_0241,0.1188118811881188
protein_0056,protein_0242,0.11288461538461539
protein_0056,protein_0243,0.102803738317757
protein_0056,protein_0244,0.13318181818181818
protein_0056,protein_0245,0.1590126291618829
protein_0056,protein_0246,0.13274336283185842
protein_0056,protein_0247,0.1726249586229725
protein_0056,protein_0248,0.20952380952380953
protein_0056,protein_0249,0.12745098039215685
protein_0056,protein_0250,0.13796992481203008
protein_0056,protein_0251,0.13392857142857142
protein_0056,protein_0252,0.1485148514851485
protein_0056,protein_0253,0.12903225806451613
protein_0056,protein_0254,0.1897941680960549
protein_0056,protein_0255,0.10465116279069768
protein_0056,protein_0256,0.13761467889908258
protein_0056,protein_0257,0.12844036697247707
protein_0056,protein_0258,0.1523809523809524
protein_0056,protein_0259,0.1471143473570658
protein_0056,protein_0260,0.1471143473570658
protein_0056,protein_0263,0.19858156028368795
protein_0056,protein_0264,0.1509433962264151
protein_0056,protein_0265,0.1509433962264151
protein_0056,protein_0267,0.1743119266055046
protein_0056,protein_0268,0.16981132075471697
protein_0056,protein_0269,0.16923076923076924
protein_0056,protein_0270,0.12
protein_0056,protein_0272,0.13678861788617885
protein_0056,protein_0273,0.14246263807667314
protein_0056,protein_0274,0.14953271028037382
protein_0056,protein_0275,0.144
protein_0056,protein_0276,0.12264150943396226
protein_0056,protein_0277,0.1380952380952381
protein_0056,protein_0279,0.16037735849056603
protein_0056,protein_0281,0.39285714285714285
protein_0056,protein_0282,0.12871287128712872
protein_0056,protein_0283,0.1141552511415525
protein_0056,protein_0284,0.1375
protein_0056,protein_0285,0.17647058823529413
protein_0056,protein_0286,0.15298165137614678
protein_0056,protein_0287,0.15702479338842976
protein_0056,protein_0288,0.14782608695652175
protein_0056,protein_0289,0.1606125356125356
protein_0056,protein_0290,0.17391304347826086
protein_0056,protein_0291,0.13893653516295024
protein_0056,protein_0292,0.1300545942444712
protein_0056,protein_0293,0.14814814814814814
protein_0056,protein_0294,0.13893653516295024
protein_0056,protein_0295,0.15704263356718834
protein_0056,protein_0296,0.1652892561983471
protein_0056,protein_0297,0.15009345794392523
protein_0056,protein_0298,0.12014428412874584
protein_0056,protein_0299,0.16363636363636364
protein_0056,protein_0300,0.17183307115758306
protein_0056,protein_0301,0.17183307115758306
protein_0056,protein_0302,0.1152073732718894
protein_0056,protein_0303,0.13513513513513514
protein_0056,protein_0304,0.17524509803921567
protein_0056,protein_0305,0.1844050258684405
protein_0056,protein_0306,0.18045112781954886
protein_0056,protein_0307,0.1590909090909091
protein_0056,protein_0308,0.14285714285714285
protein_0056,protein_0309,0.15833879423328967
protein_0056,protein_0310,0.1891891891891892
protein_0056,protein_0311,0.12037037037037036
protein_0056,protein_0312,0.14423076923076922
protein_0056,protein_0313,0.15475008275405494
protein_0056,protein_0314,0.1588785046728972
protein_0056,protein_0315,0.13559322033898305
protein_0056,protein_0316,0.13564875491480996
protein_0056,protein_0317,0.17592592592592593
protein_0056,protein_0318,0.39285714285714285
protein_0056,protein_0319,0.1308411214953271
protein_0056,protein_0320,0.10679611650485436
protein_0056,protein_0321,0.11
protein_0056,protein_0322,0.13761467889908258
protein_0056,protein_0323,0.13392857142857142
protein_0056,protein_0324,0.1485148514851485
protein_0056,protein_0325,0.4658094681472823
protein_0056,protein_0326,0.1485148514851485
protein_0056,protein_0327,0.15841584158415842
protein_0056,protein_0328,0.3448275862068966
protein_0056,protein_0330,0.15833333333333333
protein_0056,protein_0331,0.17633567188343227
protein_0056,protein_0332,0.12556306306306306
protein_0056,protein_0333,0.1647692774741955
protein_0056,protein_0334,0.1346153846153846
protein_0056,protein_0335,0.15126050420168066
protein_0056,protein_0336,0.14665841584158418
protein_0056,protein_0337,0.12379032258064515
protein_0056,protein_0338,0.13513513513513514
protein_0056,protein_0339,0.19419306184012067
protein_0056,protein_0340,0.15517241379310345
protein_0056,protein_0341,0.15517241379310345
protein_0056,protein_0343,0.1594006721433906
protein_0056,protein_0344,0.16981132075471697
protein_0056,protein_0345,0.24108057357459883
protein_0056,protein_0346,0.24108057357459883
protein_0056,protein_0347,0.14035832154644035
protein_0056,protein_0348,0.17796610169491525
protein_0056,protein_0349,0.1891891891891892
protein_0056,protein_0350,0.1346153846153846
protein_0056,protein_0351,0.1650485436893204
protein_0056,protein_0352,0.1225
protein_0056,protein_0353,0.4194394538268056
protein_0056,protein_0354,0.102803738317757
protein_0056,protein_0355,0.12556306306306306
protein_0056,protein_0356,0.1473076923076923
protein_0056,protein_0357,0.12318840579710146
protein_0056,protein_0358,0.1559633027522936
protein_0056,protein_0359,0.125
protein_0056,protein_0360,0.12745098039215685
protein_0056,protein_0362,0.14814814814814814
protein_0056,protein_0363,0.14814814814814814
protein_0056,protein_0364,0.12962962962962962
protein_0056,protein_0365,0.11818181818181818
protein_0056,protein_0366,0.13636363636363635
protein_0056,protein_0367,0.15
protein_0056,protein_0368,0.17
protein_0056,protein_0369,0.17
protein_0056,protein_0370,0.16981132075471697
protein_0056,protein_0371,0.12871287128712872
protein_0056,protein_0372,0.10091743119266056
protein_0056,protein_0373,0.15789473684210525
protein_0056,protein_0374,0.14285714285714285
protein_0056,protein_0375,0.17475728155339806
protein_0056,protein_0377,0.11538461538461539
protein_0056,protein_0378,0.3482142857142857
protein_0056,protein_0379,0.15875942313995411
protein_0056,protein_0380,0.15875942313995411
protein_0056,protein_0381,0.15875942313995411
protein_0056,protein_0382,0.16025641025641024
protein_0056,protein_0383,0.15544871794871795
protein_0056,protein_0384,0.15384615384615385
protein_0056,protein_0386,0.14285714285714285
protein_0056,protein_0387,0.1588785046728972
protein_0056,protein_0388,0.12714285714285714
protein_0056,protein_0389,0.1651376146788991
protein_0056,protein_0390,0.13761467889908258
protein_0056,protein_0392,0.14049586776859505
protein_0056,protein_0393,0.15126050420168066
protein_0056,protein_0394,0.15126050420168066
protein_0056,protein_0397,0.10256410256410256
protein_0056,protein_0398,0.3526668261181536
protein_0056,protein_0399,0.12871287128712872
protein_0057,protein_0001,0.2396672386760481
protein_0057,protein_0002,0.17073170731707318
protein_0057,protein_0003,0.14942528735632185
protein_0057,protein_0004,0.1724137931034483
protein_0057,protein_0005,0.1590909090909091
protein_0057,protein_0006,0.1590909090909091
protein_0057,protein_0007,0.9204290404986111
protein_0057,protein_0008,0.18
protein_0057,protein_0010,0.18181818181818182
protein_0057,protein_0011,0.1797752808988764
protein_0057,protein_0012,0.16279069767441862
protein_0057,protein_0013,0.1917808219178082
protein_0057,protein_0014,0.16322201607915893
protein_0057,protein_0016,0.15151515151515152
protein_0057,protein_0017,0.1450381679389313
protein_0057,protein_0018,0.14942528735632185
protein_0057,protein_0019,0.24109043994853396
protein_0057,protein_0020,0.12643678160919541
protein_0057,protein_0021,0.16483516483516483
protein_0057,protein_0022,0.16043898615103214
protein_0057,protein_0023,0.15403710478181343
protein_0057,protein_0024,0.16101694915254236
protein_0057,protein_0025,0.14942528735632185
protein_0057,protein_0026,0.16923076923076924
protein_0057,protein_0027,0.17850378787878787
protein_0057,protein_0028,0.13
protein_0057,protein_0029,0.4868632146080082
protein_0057,protein_0030,0.11764705882352941
protein_0057,protein_0031,0.16
protein_0057,protein_0032,0.18478260869565216
protein_0057,protein_0034,0.1839080459770115
protein_0057,protein_0035,0.1326530612244898
protein_0057,protein_0036,0.2999340354998596
protein_0057,protein_0037,0.1482420554428668
protein_0057,protein_0038,0.1482420554428668
protein_0057,protein_0039,0.1839080459770115
protein_0057,protein_0040,0.22535211267605634
protein_0057,protein_0041,0.16091954022988506
protein_0057,protein_0043,0.20689655172413793
protein_0057,protein_0044,0.1839080459770115
protein_0057,protein_0045,0.15384615384615385
protein_0057,protein_0046,0.8587129559792899
protein_0057,protein_0047,0.1590909090909091
protein_0057,protein_0048,0.1590909090909091
protein_0057,protein_0049,0.14942528735632185
protein_0057,protein_0050,0.16831683168316833
protein_0057,protein_0051,0.3229349384437963
protein_0057,protein_0052,0.15384615384615385
protein_0057,protein_0053,0.19540229885057472
protein_0057,protein_0054,0.13675213675213677
protein_0057,protein_0055,0.13675213675213677
protein_0057,protein_0058,0.16666666666666666
protein_0057,protein_0059,0.1797752808988764
protein_0057,protein_0060,0.17215423465423466
protein_0057,protein_0061,0.16666666666666666
protein_0057,protein_0062,0.16666666666666666
protein_0057,protein_0063,0.09859154929577464
protein_0057,protein_0064,0.16091954022988506
protein_0057,protein_0065,0.15151515151515152
protein_0057,protein_0066,0.1485148514851485
protein_0057,protein_0067,0.15555555555555556
protein_0057,protein_0068,0.1839080459770115
protein_0057,protein_0069,0.14942528735632185
protein_0057,protein_0070,0.16129032258064516
protein_0057,protein_0071,0.16091954022988506
protein_0057,protein_0073,0.16853932584269662
protein_0057,protein_0074,0.19540229885057472
protein_0057,protein_0075,0.18041237113402062
protein_0057,protein_0076,0.16216216216216217
protein_0057,protein_0078,0.17307692307692307
protein_0057,protein_0079,0.17307692307692307
protein_0057,protein_0080,0.12643678160919541
protein_0057,protein_0081,0.13333333333333333
protein_0057,protein_0082,0.13725490196078433
protein_0057,protein_0083,0.1839080459770115
protein_0057,protein_0085,0.15841584158415842
protein_0057,protein_0086,0.1485148514851485
protein_0057,protein_0087,0.3430913348946136
protein_0057,protein_0088,0.14942528735632185
protein_0057,protein_0089,0.1378526645768025
protein_0057,protein_0090,0.14607996426178244
protein_0057,protein_0091,0.1415929203539823
protein_0057,protein_0092,0.1415929203539823
protein_0057,protein_0095,0.13891409558378703
protein_0057,protein_0096,0.15151515151515152
protein_0057,protein_0097,0.16279069767441862
protein_0057,protein_0098,0.19540229885057472
protein_0057,protein_0099,0.17737864077669901
protein_0057,protein_0100,0.26858554637578524
protein_0057,protein_0101,0.16853932584269662
protein_0057,protein_0102,0.16091954022988506
protein_0057,protein_0103,0.17582417582417584
protein_0057,protein_0105,0.20270270270270271
protein_0057,protein_0106,0.13592980295566504
protein_0057,protein_0107,0.1724137931034483
protein_0057,protein_0108,0.1728395061728395
protein_0057,protein_0109,0.27679402057213154
protein_0057,protein_0110,0.18604651162790697
protein_0057,protein_0111,0.14942528735632185
protein_0057,protein_0112,0.1717171717171717
protein_0057,protein_0115,0.18292682926829268
protein_0057,protein_0117,0.135529940553864
protein_0057,protein_0118,0.25441338322694257
protein_0057,protein_0119,0.15
protein_0057,protein_0120,0.1724137931034483
protein_0057,protein_0121,0.1724137931034483
protein_0057,protein_0122,0.16020114942528735
protein_0057,protein_0123,0.3691837352000692
protein_0057,protein_0124,0.1724137931034483
protein_0057,protein_0125,0.17346938775510204
protein_0057,protein_0127,0.16091954022988506
protein_0057,protein_0128,0.1978021978021978
protein_0057,protein_0129,0.14942528735632185
protein_0057,protein_0130,0.15078369905956113
protein_0057,protein_0131,0.1685788787483703
protein_0057,protein_0133,0.1509433962264151
protein_0057,protein_0134,0.1511627906976744
protein_0057,protein_0135,0.1927710843373494
protein_0057,protein_0136,0.1724137931034483
protein_0057,protein_0137,0.17094017094017094
protein_0057,protein_0138,0.17094017094017094
protein_0057,protein_0139,0.2508958828617423
protein_0057,protein_0140,0.21348314606741572
protein_0057,protein_0142,0.13953488372093023
protein_0057,protein_0143,0.1724137931034483
protein_0057,protein_0144,0.1724137931034483
protein_0057,protein_0145,0.3447334219056409
protein_0057,protein_0146,0.20833333333333334
protein_0057,protein_0147,0.17582417582417584
protein_0057,protein_0148,0.19101123595505617
protein_0057,protein_0149,0.363069790642387
protein_0057,protein_0150,0.15730337078651685
protein_0057,protein_0151,0.18888888888888888
protein_0057,protein_0152,0.25078429806845937
protein_0057,protein_0153,0.1590772097101211
protein_0057,protein_0154,0.16544412945901252
protein_0057,protein_0155,0.1282051282051282
protein_0057,protein_0156,0.15454545454545454
protein_0057,protein_0157,0.14285714285714285
protein_0057,protein_0159,0.1839080459770115
protein_0057,protein_0160,0.1797752808988764
protein_0057,protein_0161,0.1282051282051282
protein_0057,protein_0162,0.19047619047619047
protein_0057,protein_0163,0.1553398058252427
protein_0057,protein_0164,0.19318181818181818
protein_0057,protein_0165,0.3086432708145157
protein_0057,protein_0166,0.1839080459770115
protein_0057,protein_0167,0.15214761040532365
protein_0057,protein_0168,0.15214761040532365
protein_0057,protein_0169,0.15517241379310345
protein_0057,protein_0170,0.17073170731707318
protein_0057,protein_0171,0.17045454545454544
protein_0057,protein_0172,0.14634146341463414
protein_0057,protein_0173,0.18181818181818182
protein_0057,protein_0174,0.19318181818181818
protein_0057,protein_0175,0.17777777777777778
protein_0057,protein_0176,0.29608412643001464
protein_0057,protein_0177,0.3028952299900345
protein_0057,protein_0178,0.1623931623931624
protein_0057,protein_0179,0.168141592920354
protein_0057,protein_0180,0.18478260869565216
protein_0057,protein_0181,0.15730337078651685
protein_0057,protein_0182,0.12643678160919541
protein_0057,protein_0183,0.18
protein_0057,protein_0184,0.18888888888888888
protein_0057,protein_0185,0.20454545454545456
protein_0057,protein_0186,0.17647058823529413
protein_0057,protein_0187,0.2111111111111111
protein_0057,protein_0188,0.22933913177643772
protein_0057,protein_0189,0.15730337078651685
protein_0057,protein_0190,0.1797752808988764
protein_0057,protein_0191,0.16666666666666666
protein_0057,protein_0192,0.16470588235294117
protein_0057,protein_0194,0.1724137931034483
protein_0057,protein_0195,0.16853932584269662
protein_0057,protein_0196,0.14606741573033707
protein_0057,protein_0197,0.19318181818181818
protein_0057,protein_0198,0.1724137931034483
protein_0057,protein_0199,0.1978021978021978
protein_0057,protein_0200,0.19101123595505617
protein_0057,protein_0201,0.18
protein_0057,protein_0202,0.13793103448275862
protein_0057,protein_0203,0.16101694915254236
protein_0057,protein_0204,0.37516238535275026
protein_0057,protein_0205,0.10900473933649289
protein_0057,protein_0206,0.16091954022988506
protein_0057,protein_0207,0.16101694915254236
protein_0057,protein_0208,0.13452195037306958
protein_0057,protein_0211,0.15237865249939628
protein_0057,protein_0212,0.18421052631578946
protein_0057,protein_0213,0.18181818181818182
protein_0057,protein_0214,0.21428571428571427
protein_0057,protein_0215,0.1780821917808219
protein_0057,protein_0216,0.17525773195876287
protein_0057,protein_0217,0.1927710843373494
protein_0057,protein_0218,0.14173228346456693
protein_0057,protein_0219,0.14166666666666666
protein_0057,protein_0220,0.1724137931034483
protein_0057,protein_0221,0.21739130434782608
protein_0057,protein_0222,0.16091954022988506
protein_0057,protein_0223,0.19444444444444445
protein_0057,protein_0224,0.203330031412865
protein_0057,protein_0226,0.15217391304347827
protein_0057,protein_0227,0.1780821917808219
protein_0057,protein_0228,0.14377289377289376
protein_0057,protein_0229,0.14634146341463414
protein_0057,protein_0230,0.19101123595505617
protein_0057,protein_0233,0.14173228346456693
protein_0057,protein_0234,0.17
protein_0057,protein_0235,0.15631469979296067
protein_0057,protein_0236,0.14989358467619338
protein_0057,protein_0237,0.14989358467619338
protein_0057,protein_0238,0.1297709923664122
protein_0057,protein_0239,0.14942528735632185
protein_0057,protein_0240,0.14942528735632185
protein_0057,protein_0241,0.14942528735632185
protein_0057,protein_0242,0.3290689105208161
protein_0057,protein_0243,0.1724137931034483
protein_0057,protein_0244,0.17185741088180112
protein_0057,protein_0245,0.125
protein_0057,protein_0246,0.1978021978021978
protein_0057,protein_0247,0.16083333333333336
protein_0057,protein_0248,0.1797752808988764
protein_0057,protein_0249,0.16091954022988506
protein_0057,protein_0250,0.15399774774774777
protein_0057,protein_0251,0.16304347826086957
protein_0057,protein_0252,0.16666666666666666
protein_0057,protein_0253,0.13274336283185842
protein_0057,protein_0254,0.15492840492840493
protein_0057,protein_0255,0.13450292397660818
protein_0057,protein_0256,0.1553398058252427
protein_0057,protein_0257,0.14563106796116504
protein_0057,protein_0258,0.19767441860465115
protein_0057,protein_0259,0.5879630968660161
protein_0057,protein_0260,0.5879630968660161
protein_0057,protein_0263,0.145985401459854
protein_0057,protein_0264,0.16666666666666666
protein_0057,protein_0265,0.16666666666666666
protein_0057,protein_0267,0.18888888888888888
protein_0057,protein_0268,0.13414634146341464
protein_0057,protein_0269,0.17647058823529413
protein_0057,protein_0270,0.18055555555555555
protein_0057,protein_0272,0.13723776223776224
protein_0057,protein_0273,0.15168296892980437
protein_0057,protein_0274,0.2
protein_0057,protein_0275,0.16161616161616163
protein_0057,protein_0276,0.14942528735632185
protein_0057,protein_0277,0.24766161367035353
protein_0057,protein_0279,0.1839080459770115
protein_0057,protein_0281,0.15178571428571427
protein_0057,protein_0282,0.17333333333333334
protein_0057,protein_0283,0.08256880733944955
protein_0057,protein_0284,0.14445932373619016
protein_0057,protein_0285,0.17777777777777778
protein_0057,protein_0286,0.2513107127585077
protein_0057,protein_0287,0.1588785046728972
protein_0057,protein_0288,0.19753086419753085
protein_0057,protein_0289,0.16477146042363433
protein_0057,protein_0290,0.1553398058252427
protein_0057,protein_0291,0.1473176612417119
protein_0057,protein_0292,0.23475077046084453
protein_0057,protein_0293,0.20224719101123595
protein_0057,protein_0294,0.1536467751657625
protein_0057,protein_0295,0.49361981684400086
protein_0057,protein_0296,0.14782608695652175
protein_0057,protein_0297,0.6071105051295153
protein_0057,protein_0298,0.359616727515617
protein_0057,protein_0299,0.165351059410054
protein_0057,protein_0300,0.14662447257383965
protein_0057,protein_0301,0.16767068273092367
protein_0057,protein_0302,0.10138248847926268
protein_0057,protein_0303,0.22972972972972974
protein_0057,protein_0304,0.17692307692307693
protein_0057,protein_0305,0.15754263527327084
protein_0057,protein_0306,0.1452991452991453
protein_0057,protein_0307,0.1440677966101695
protein_0057,protein_0308,0.13793103448275862
protein_0057,protein_0309,0.16352648418059013
protein_0057,protein_0310,0.16161616161616163
protein_0057,protein_0311,0.17391304347826086
protein_0057,protein_0312,0.19101123595505617
protein_0057,protein_0313,0.13353617308992563
protein_0057,protein_0314,0.19387755102040816
protein_0057,protein_0315,0.15517241379310345
protein_0057,protein_0316,0.3205097775787431
protein_0057,protein_0317,0.17307692307692307
protein_0057,protein_0318,0.16071428571428573
protein_0057,protein_0319,0.20224719101123595
protein_0057,protein_0320,0.14942528735632185
protein_0057,protein_0321,0.1797752808988764
protein_0057,protein_0322,0.19767441860465115
protein_0057,protein_0323,0.20224719101123595
protein_0057,protein_0324,0.22666666666666666
protein_0057,protein_0325,0.1431978196684079
protein_0057,protein_0326,0.1951219512195122
protein_0057,protein_0327,0.1724137931034483
protein_0057,protein_0328,0.16666666666666666
protein_0057,protein_0330,0.19148936170212766
protein_0057,protein_0331,0.49014328547726993
protein_0057,protein_0332,0.16142663962136578
protein_0057,protein_0333,0.15063520871143377
protein_0057,protein_0334,0.1797752808988764
protein_0057,protein_0335,0.16161616161616163
protein_0057,protein_0336,0.3736077564794354
protein_0057,protein_0337,0.1367816091954023
protein_0057,protein_0338,0.19540229885057472
protein_0057,protein_0339,0.2851761620179007
protein_0057,protein_0340,0.18269230769230768
protein_0057,protein_0341,0.14705882352941177
protein_0057,protein_0343,0.1556372549019608
protein_0057,protein_0344,0.16666666666666666
protein_0057,protein_0345,0.17072044334975367
protein_0057,protein_0346,0.17072044334975367
protein_0057,protein_0347,0.3006164810921951
protein_0057,protein_0348,0.15517241379310345
protein_0057,protein_0349,0.16831683168316833
protein_0057,protein_0350,0.1839080459770115
protein_0057,protein_0351,0.1724137931034483
protein_0057,protein_0352,0.3016402966797473
protein_0057,protein_0353,0.14209486166007906
protein_0057,protein_0354,0.1978021978021978
protein_0057,protein_0355,0.14947399181765048
protein_0057,protein_0356,0.364548354415511
protein_0057,protein_0357,0.13333333333333333
protein_0057,protein_0358,0.15625
protein_0057,protein_0359,0.15126050420168066
protein_0057,protein_0360,0.16129032258064516
protein_0057,protein_0362,0.1724137931034483
protein_0057,protein_0363,0.1724137931034483
protein_0057,protein_0364,0.16666666666666666
protein_0057,protein_0365,0.18823529411764706
protein_0057,protein_0366,0.2
protein_0057,protein_0367,0.16161616161616163
protein_0057,protein_0368,0.18292682926829268
protein_0057,protein_0369,0.16883116883116883
protein_0057,protein_0370,0.16666666666666666
protein_0057,protein_0371,0.1511627906976744
protein_0057,protein_0372,0.09174311926605505
protein_0057,protein_0373,0.13
protein_0057,protein_0374,0.1623931623931624
protein_0057,protein_0375,0.20689655172413793
protein_0057,protein_0377,0.1590909090909091
protein_0057,protein_0378,0.14018691588785046
protein_0057,protein_0379,0.17409131205673758
protein_0057,protein_0380,0.17409131205673758
protein_0057,protein_0381,0.17409131205673758
protein_0057,protein_0382,0.1319073083778966
protein_0057,protein_0383,0.31024238694191625
protein_0057,protein_0384,0.1590909090909091
protein_0057,protein_0386,0.15
protein_0057,protein_0387,0.14583333333333334
protein_0057,protein_0388,0.3475526197939991
protein_0057,protein_0389,0.2054794520547945
protein_0057,protein_0390,0.15384615384615385
protein_0057,protein_0392,0.2247191011235955
protein_0057,protein_0393,0.2247191011235955
protein_0057,protein_0394,0.13793103448275862
protein_0057,protein_0397,0.15294117647058825
protein_0057,protein_0398,0.13219996894892097
protein_0057,protein_0399,0.16483516483516483
protein_0072,protein_0001,0.275976858582961
protein_0072,protein_0002,0.14634146341463414
protein_0072,protein_0003,0.1797752808988764
protein_0072,protein_0004,0.13793103448275862
protein_0072,protein_0005,0.15476190476190477
protein_0072,protein_0006,0.16304347826086957
protein_0072,protein_0007,0.3602207009719633
protein_0072,protein_0008,0.1650485436893204
protein_0072,protein_0010,0.16666666666666666
protein_0072,protein_0011,0.13043478260869565
protein_0072,protein_0012,0.1744186046511628
protein_0072,protein_0013,0.18181818181818182
protein_0072,protein_0014,0.13022095085912122
protein_0072,protein_0016,0.15151515151515152
protein_0072,protein_0017,0.13636363636363635
protein_0072,protein_0018,0.13793103448275862
protein_0072,protein_0019,0.3294173710582127
protein_0072,protein_0020,0.1511627906976744
protein_0072,protein_0021,0.16091954022988506
protein_0072,protein_0022,0.14365079365079364
protein_0072,protein_0023,0.1452922077922078
protein_0072,protein_0024,0.10084033613445378
protein_0072,protein_0025,0.16091954022988506
protein_0072,protein_0026,0.12403100775193798
protein_0072,protein_0027,0.1607142857142857
protein_0072,protein_0028,0.1559633027522936
protein_0072,protein_0029,0.3759497686221824
protein_0072,protein_0030,0.12605042016806722
protein_0072,protein_0031,0.16161616161616163
protein_0072,protein_0032,0.14285714285714285
protein_0072,protein_0034,0.20689655172413793
protein_0072,protein_0035,0.16326530612244897
protein_0072,protein_0036,0.3677645451585629
protein_0072,protein_0037,0.15973630831643004
protein_0072,protein_0038,0.15973630831643004
protein_0072,protein_0039,0.15730337078651685
protein_0072,protein_0040,0.17142857142857143
protein_0072,protein_0041,0.16842105263157894
protein_0072,protein_0043,0.16304347826086957
protein_0072,protein_0044,0.16091954022988506
protein_0072,protein_0045,0.17777777777777778
protein_0072,protein_0046,0.3433789226421871
protein_0072,protein_0047,0.12643678160919541
protein_0072,protein_0048,0.1724137931034483
protein_0072,protein_0049,0.13402061855670103
protein_0072,protein_0050,0.16831683168316833
protein_0072,protein_0051,0.3280611724299016
protein_0072,protein_0052,0.14942528735632185
protein_0072,protein_0053,0.1590909090909091
protein_0072,protein_0054,0.1282051282051282
protein_0072,protein_0055,0.1452991452991453
protein_0072,protein_0058,0.15942028985507245
protein_0072,protein_0059,0.15555555555555556
protein_0072,protein_0060,0.15303520643326468
protein_0072,protein_0061,0.1797752808988764
protein_0072,protein_0062,0.16666666666666666
protein_0072,protein_0063,0.09859154929577464
protein_0072,protein_0064,0.16853932584269662
protein_0072,protein_0065,0.1717171717171717
protein_0072,protein_0066,0.16
protein_0072,protein_0067,0.16666666666666666
protein_0072,protein_0068,0.16091954022988506
protein_0072,protein_0069,0.14942528735632185
protein_0072,protein_0070,0.20224719101123595
protein_0072,protein_0071,0.13793103448275862
protein_0072,protein_0073,0.14942528735632185
protein_0072,protein_0074,0.19540229885057472
protein_0072,protein_0075,0.15018256013745704
protein_0072,protein_0076,0.16
protein_0072,protein_0078,0.15384615384615385
protein_0072,protein_0079,0.15384615384615385
protein_0072,protein_0080,0.16091954022988506
protein_0072,protein_0081,0.16091954022988506
protein_0072,protein_0082,0.1568627450980392
protein_0072,protein_0083,0.17391304347826086
protein_0072,protein_0085,0.15
protein_0072,protein_0086,0.16
protein_0072,protein_0087,0.40365961199294537
protein_0072,protein_0088,0.1590909090909091
protein_0072,protein_0089,0.15317118226600984
protein_0072,protein_0090,0.15419265419265418
protein_0072,protein_0091,0.1565217391304348
protein_0072,protein_0092,0.1565217391304348
protein_0072,protein_0095,0.14647335423197494
protein_0072,protein_0096,0.16037735849056603
protein_0072,protein_0097,0.16279069767441862
protein_0072,protein_0098,0.16091954022988506
protein_0072,protein_0099,0.1514285714285714
protein_0072,protein_0100,0.3183653617654335
protein_0072,protein_0101,0.14942528735632185
protein_0072,protein_0102,0.14942528735632185
protein_0072,protein_0103,0.15384615384615385
protein_0072,protein_0105,0.2
protein_0072,protein_0106,0.14200193351676954
protein_0072,protein_0107,0.19540229885057472
protein_0072,protein_0108,0.17391304347826086
protein_0072,protein_0109,0.248955894420535
protein_0072,protein_0110,0.13953488372093023
protein_0072,protein_0111,0.16091954022988506
protein_0072,protein_0112,0.16161616161616163
protein_0072,protein_0115,0.1951219512195122
protein_0072,protein_0117,0.14470443349753692
protein_0072,protein_0118,0.34875698628780505
protein_0072,protein_0119,0.19
protein_0072,protein_0120,0.16483516483516483
protein_0072,protein_0121,0.16483516483516483
protein_0072,protein_0122,0.14418526031102097
protein_0072,protein_0123,0.5181890425774616
protein_0072,protein_0124,0.16091954022988506
protein_0072,protein_0125,0.1836734693877551
protein_0072,protein_0127,0.19101123595505617
protein_0072,protein_0128,0.1724137931034483
protein_0072,protein_0129,0.15555555555555556
protein_0072,protein_0130,0.1590556073314694
protein_0072,protein_0131,0.17565485362095531
protein_0072,protein_0133,0.1509433962264151
protein_0072,protein_0134,0.1590909090909091
protein_0072,protein_0135,0.1686746987951807
protein_0072,protein_0136,0.11206896551724138
protein_0072,protein_0137,0.13445378151260504
protein_0072,protein_0138,0.13445378151260504
protein_0072,protein_0139,0.2725710844855282
protein_0072,protein_0140,0.16091954022988506
protein_0072,protein_0142,0.14772727272727273
protein_0072,protein_0143,0.1724137931034483
protein_0072,protein_0144,0.1724137931034483
protein_0072,protein_0145,0.3669633527392147
protein_0072,protein_0146,0.20253164556962025
protein_0072,protein_0147,0.13043478260869565
protein_0072,protein_0148,0.17582417582417584
protein_0072,protein_0149,0.4061059052275708
protein_0072,protein_0150,0.13186813186813187
protein_0072,protein_0151,0.14606741573033707
protein_0072,protein_0152,0.30780914933057557
protein_0072,protein_0153,0.1693415637860082
protein_0072,protein_0154,0.1506073872829369
protein_0072,protein_0155,0.13675213675213677
protein_0072,protein_0156,0.14414414414414414
protein_0072,protein_0157,0.12941176470588237
protein_0072,protein_0159,0.1839080459770115
protein_0072,protein_0160,0.20930232558139536
protein_0072,protein_0161,0.13675213675213677
protein_0072,protein_0162,0.19047619047619047
protein_0072,protein_0163,0.17
protein_0072,protein_0164,0.16483516483516483
protein_0072,protein_0165,0.31870034499344846
protein_0072,protein_0166,0.14942528735632185
protein_0072,protein_0167,0.13452754781615758
protein_0072,protein_0168,0.13577586206896552
protein_0072,protein_0169,0.14655172413793102
protein_0072,protein_0170,0.18072289156626506
protein_0072,protein_0171,0.15555555555555556
protein_0072,protein_0172,0.13934426229508196
protein_0072,protein_0173,0.16304347826086957
protein_0072,protein_0174,0.20689655172413793
protein_0072,protein_0175,0.21839080459770116
protein_0072,protein_0176,0.30082557427252676
protein_0072,protein_0177,0.2675603759609489
protein_0072,protein_0178,0.12389380530973451
protein_0072,protein_0179,0.13274336283185842
protein_0072,protein_0180,0.20689655172413793
protein_0072,protein_0181,0.16666666666666666
protein_0072,protein_0182,0.13636363636363635
protein_0072,protein_0183,0.1553398058252427
protein_0072,protein_0184,0.16853932584269662
protein_0072,protein_0185,0.1797752808988764
protein_0072,protein_0186,0.14423076923076922
protein_0072,protein_0187,0.1724137931034483
protein_0072,protein_0188,0.3817676936915542
protein_0072,protein_0189,0.20689655172413793
protein_0072,protein_0190,0.1797752808988764
protein_0072,protein_0191,0.20689655172413793
protein_0072,protein_0192,0.16666666666666666
protein_0072,protein_0194,0.13978494623655913
protein_0072,protein_0195,0.1348314606741573
protein_0072,protein_0196,0.14942528735632185
protein_0072,protein_0197,0.1511627906976744
protein_0072,protein_0198,0.11494252873563218
protein_0072,protein_0199,0.14444444444444443
protein_0072,protein_0200,0.13793103448275862
protein_0072,protein_0201,0.17
protein_0072,protein_0202,0.14772727272727273
protein_0072,protein_0203,0.11570247933884298
protein_0072,protein_0204,0.41717573614125336
protein_0072,protein_0205,0.0995260663507109
protein_0072,protein_0206,0.1724137931034483
protein_0072,protein_0207,0.12295081967213115
protein_0072,protein_0208,0.12899896800825594
protein_0072,protein_0211,0.13921686746987952
protein_0072,protein_0212,0.1506849315068493
protein_0072,protein_0213,0.13043478260869565
protein_0072,protein_0214,0.17391304347826086
protein_0072,protein_0215,0.16417910447761194
protein_0072,protein_0216,0.16494845360824742
protein_0072,protein_0217,0.14444444444444443
protein_0072,protein_0218,0.136
protein_0072,protein_0219,0.12605042016806722
protein_0072,protein_0220,0.14772727272727273
protein_0072,protein_0221,0.17647058823529413
protein_0072,protein_0222,0.13953488372093023
protein_0072,protein_0223,0.19117647058823528
protein_0072,protein_0224,0.209968932748538
protein_0072,protein_0226,0.15555555555555556
protein_0072,protein_0227,0.16417910447761194
protein_0072,protein_0228,0.15085470085470085
protein_0072,protein_0229,0.13953488372093023
protein_0072,protein_0230,0.14772727272727273
protein_0072,protein_0233,0.13385826771653545
protein_0072,protein_0234,0.16161616161616163
protein_0072,protein_0235,0.15044253991622414
protein_0072,protein_0236,0.14795317042508055
protein_0072,protein_0237,0.14795317042508055
protein_0072,protein_0238,0.11194029850746269
protein_0072,protein_0239,0.16853932584269662
protein_0072,protein_0240,0.1724137931034483
protein_0072,protein_0241,0.15053763440860216
protein_0072,protein_0242,0.3506282735689977
protein_0072,protein_0243,0.16091954022988506
protein_0072,protein_0244,0.14795552367288378
protein_0072,protein_0245,0.14225589225589225
protein_0072,protein_0246,0.1978021978021978
protein_0072,protein_0247,0.15461530963222905
protein_0072,protein_0248,0.1827956989247312
protein_0072,protein_0249,0.14893617021276595
protein_0072,protein_0250,0.131615990990991
protein_0072,protein_0251,0.21348314606741572
protein_0072,protein_0252,0.1839080459770115
protein_0072,protein_0253,0.14035087719298245
protein_0072,protein_0254,0.15789473684210525
protein_0072,protein_0255,0.0935672514619883
protein_0072,protein_0256,0.14285714285714285
protein_0072,protein_0257,0.12745098039215685
protein_0072,protein_0258,0.18181818181818182
protein_0072,protein_0259,0.31645768025078375
protein_0072,protein_0260,0.31645768025078375
protein_0072,protein_0263,0.125
protein_0072,protein_0264,0.15555555555555556
protein_0072,protein_0265,0.15555555555555556
protein_0072,protein_0267,0.16091954022988506
protein_0072,protein_0268,0.15853658536585366
protein_0072,protein_0269,0.1271186440677966
protein_0072,protein_0270,0.18666666666666668
protein_0072,protein_0272,0.13600891861761427
protein_0072,protein_0273,0.11317418213969939
protein_0072,protein_0274,0.19101123595505617
protein_0072,protein_0275,0.1717171717171717
protein_0072,protein_0276,0.1724137931034483
protein_0072,protein_0277,0.24636950814302572
protein_0072,protein_0279,0.13793103448275862
protein_0072,protein_0281,0.13043478260869565
protein_0072,protein_0282,0.2
protein_0072,protein_0283,0.09174311926605505
protein_0072,protein_0284,0.1605814739688979
protein_0072,protein_0285,0.17204301075268819
protein_0072,protein_0286,0.3076148068739017
protein_0072,protein_0287,0.15454545454545454
protein_0072,protein_0288,0.175
protein_0072,protein_0289,0.1843984962406015
protein_0072,protein_0290,0.1485148514851485
protein_0072,protein_0291,0.15069686411149824
protein_0072,protein_0292,0.3204198303209652
protein_0072,protein_0293,0.1590909090909091
protein_0072,protein_0294,0.15069686411149824
protein_0072,protein_0295,0.3759497686221824
protein_0072,protein_0296,0.14166666666666666
protein_0072,protein_0297,0.25070849156526903
protein_0072,protein_0298,0.3539650589378357
protein_0072,protein_0299,0.1336713995943205
protein_0072,protein_0300,0.14886363636363636
protein_0072,protein_0301,0.14753086419753086
protein_0072,protein_0302,0.09216589861751152
protein_0072,protein_0303,0.15584415584415584
protein_0072,protein_0304,0.15965250965250966
protein_0072,protein_0305,0.18027210884353742
protein_0072,protein_0306,0.1452991452991453
protein_0072,protein_0307,0.13333333333333333
protein_0072,protein_0308,0.10434782608695652
protein_0072,protein_0309,0.14325396825396824
protein_0072,protein_0310,0.14
protein_0072,protein_0311,0.14285714285714285
protein_0072,protein_0312,0.19540229885057472
protein_0072,protein_0313,0.14817290552584672
protein_0072,protein_0314,0.17
protein_0072,protein_0315,0.16071428571428573
protein_0072,protein_0316,0.5142923049624416
protein_0072,protein_0317,0.15
protein_0072,protein_0318,0.125
protein_0072,protein_0319,0.1839080459770115
protein_0072,protein_0320,0.18478260869565216
protein_0072,protein_0321,0.17777777777777778
protein_0072,protein_0322,0.17045454545454544
protein_0072,protein_0323,0.14942528735632185
protein_0072,protein_0324,0.18309859154929578
protein_0072,protein_0325,0.1451086956521739
protein_0072,protein_0326,0.17721518987341772
protein_0072,protein_0327,0.17391304347826086
protein_0072,protein_0328,0.1574074074074074
protein_0072,protein_0330,0.16091954022988506
protein_0072,protein_0331,0.3815639843480431
protein_0072,protein_0332,0.16142663962136578
protein_0072,protein_0333,0.16476955696908827
protein_0072,protein_0334,0.18888888888888888
protein_0072,protein_0335,0.17647058823529413
protein_0072,protein_0336,0.612574504220568
protein_0072,protein_0337,0.13809224483381788
protein_0072,protein_0338,0.22988505747126436
protein_0072,protein_0339,0.3491205070307603
protein_0072,protein_0340,0.17
protein_0072,protein_0341,0.12745098039215685
protein_0072,protein_0343,0.16812400635930047
protein_0072,protein_0344,0.1797752808988764
protein_0072,protein_0345,0.15464601769911504
protein_0072,protein_0346,0.15464601769911504
protein_0072,protein_0347,0.3474745687709892
protein_0072,protein_0348,0.10434782608695652
protein_0072,protein_0349,0.16666666666666666
protein_0072,protein_0350,0.1797752808988764
protein_0072,protein_0351,0.1590909090909091
protein_0072,protein_0352,0.2642755575211833
protein_0072,protein_0353,0.13754427390791027
protein_0072,protein_0354,0.1724137931034483
protein_0072,protein_0355,0.1478289849552466
protein_0072,protein_0356,0.49655159739414784
protein_0072,protein_0357,0.16260162601626016
protein_0072,protein_0358,0.1724137931034483
protein_0072,protein_0359,0.125
protein_0072,protein_0360,0.17045454545454544
protein_0072,protein_0362,0.15730337078651685
protein_0072,protein_0363,0.15730337078651685
protein_0072,protein_0364,0.18181818181818182
protein_0072,protein_0365,0.15789473684210525
protein_0072,protein_0366,0.14736842105263157
protein_0072,protein_0367,0.17307692307692307
protein_0072,protein_0368,0.1951219512195122
protein_0072,protein_0369,0.17333333333333334
protein_0072,protein_0370,0.1797752808988764
protein_0072,protein_0371,0.13793103448275862
protein_0072,protein_0372,0.08968609865470852
protein_0072,protein_0373,0.16831683168316833
protein_0072,protein_0374,0.1271186440677966
protein_0072,protein_0375,0.19101123595505617
protein_0072,protein_0377,0.15384615384615385
protein_0072,protein_0378,0.14953271028037382
protein_0072,protein_0379,0.14600592009853586
protein_0072,protein_0380,0.14600592009853586
protein_0072,protein_0381,0.14600592009853586
protein_0072,protein_0382,0.14993238674780257
protein_0072,protein_0383,0.36530321506565383
protein_0072,protein_0384,0.16091954022988506
protein_0072,protein_0386,0.15151515151515152
protein_0072,protein_0387,0.15789473684210525
protein_0072,protein_0388,0.5251364608065974
protein_0072,protein_0389,0.18055555555555555
protein_0072,protein_0390,0.14606741573033707
protein_0072,protein_0392,0.16091954022988506
protein_0072,protein_0393,0.16842105263157894
protein_0072,protein_0394,0.13157894736842105
protein_0072,protein_0397,0.1686746987951807
protein_0072,protein_0398,0.1288716814159292
protein_0072,protein_0399,0.14942528735632185
protein_0077,protein_0001,0.17391304347826086
protein_0077,protein_0002,0.1797752808988764
protein_0077,protein_0003,0.43010752688172044
protein_0077,protein_0004,0.3333333333333333
protein_0077,protein_0005,0.15151515151515152
protein_0077,protein_0006,0.3181818181818182
protein_0077,protein_0007,0.15555555555555556
protein_0077,protein_0008,0.14705882352941177
protein_0077,protein_0010,0.3448275862068966
protein_0077,protein_0011,0.40229885057471265
protein_0077,protein_0012,0.43820224719101125
protein_0077,protein_0013,0.12359550561797752
protein_0077,protein_0014,0.1553398058252427
protein_0077,protein_0016,0.1568627450980392
protein_0077,protein_0017,0.1015625
protein_0077,protein_0018,0.37362637362637363
protein_0077,protein_0019,0.1724137931034483
protein_0077,protein_0020,0.39325842696629215
protein_0077,protein_0021,0.19101123595505617
protein_0077,protein_0022,0.14285714285714285
protein_0077,protein_0023,0.13541666666666666
protein_0077,protein_0024,0.14166666666666666
protein_0077,protein_0025,0.41379310344827586
protein_0077,protein_0026,0.19424460431654678
protein_0077,protein_0027,0.14814814814814814
protein_0077,protein_0028,0.12389380530973451
protein_0077,protein_0029,0.15730337078651685
protein_0077,protein_0030,0.1746031746031746
protein_0077,protein_0031,0.21568627450980393
protein_0077,protein_0032,0.38636363636363635
protein_0077,protein_0034,0.38636363636363635
protein_0077,protein_0035,0.1650485436893204
protein_0077,protein_0036,0.19101123595505617
protein_0077,protein_0037,0.2840909090909091
protein_0077,protein_0038,0.2840909090909091
protein_0077,protein_0039,0.25274725274725274
protein_0077,protein_0040,0.08045977011494253
protein_0077,protein_0041,0.4090909090909091
protein_0077,protein_0043,0.26436781609195403
protein_0077,protein_0044,0.25842696629213485
protein_0077,protein_0045,0.38636363636363635
protein_0077,protein_0046,0.1724137931034483
protein_0077,protein_0047,0.2988505747126437
protein_0077,protein_0048,0.2988505747126437
protein_0077,protein_0049,0.3103448275862069
protein_0077,protein_0050,0.14285714285714285
protein_0077,protein_0051,0.19540229885057472
protein_0077,protein_0052,0.3793103448275862
protein_0077,protein_0053,0.47126436781609193
protein_0077,protein_0054,0.15254237288135594
protein_0077,protein_0055,0.14285714285714285
protein_0077,protein_0058,0.13793103448275862
protein_0077,protein_0059,0.2808988764044944
protein_0077,protein_0060,0.1414141414141414
protein_0077,protein_0061,0.21739130434782608
protein_0077,protein_0062,0.42528735632183906
protein_0077,protein_0063,0.09345794392523364
protein_0077,protein_0064,0.3563218390804598
protein_0077,protein_0065,0.19047619047619047
protein_0077,protein_0066,0.13636363636363635
protein_0077,protein_0067,0.34831460674157305
protein_0077,protein_0068,0.28735632183908044
protein_0077,protein_0069,0.3448275862068966
protein_0077,protein_0070,0.25287356321839083
protein_0077,protein_0071,0.27586206896551724
protein_0077,protein_0073,0.26436781609195403
protein_0077,protein_0074,0.18681318681318682
protein_0077,protein_0075,0.19230769230769232
protein_0077,protein_0076,0.18681318681318682
protein_0077,protein_0078,0.17757009345794392
protein_0077,protein_0079,0.17757009345794392
protein_0077,protein_0080,0.3793103448275862
protein_0077,protein_0081,0.39080459770114945
protein_0077,protein_0082,0.12264150943396226
protein_0077,protein_0083,0.38636363636363635
protein_0077,protein_0085,0.1320754716981132
protein_0077,protein_0086,0.10377358490566038
protein_0077,protein_0087,0.1839080459770115
protein_0077,protein_0088,0.3563218390804598
protein_0077,protein_0089,0.14166666666666666
protein_0077,protein_0090,0.15
protein_0077,protein_0091,0.2
protein_0077,protein_0092,0.2
protein_0077,protein_0095,0.14166666666666666
protein_0077,protein_0096,0.1743119266055046
protein_0077,protein_0097,0.3218390804597701
protein_0077,protein_0098,0.3563218390804598
protein_0077,protein_0099,0.12121212121212122
protein_0077,protein_0100,0.18181818181818182
protein_0077,protein_0101,0.25287356321839083
protein_0077,protein_0102,0.27586206896551724
protein_0077,protein_0103,0.26436781609195403
protein_0077,protein_0105,0.11363636363636363
protein_0077,protein_0106,0.16129032258064516
protein_0077,protein_0107,0.4157303370786517
protein_0077,protein_0108,0.2222222222222222
protein_0077,protein_0109,0.1724137931034483
protein_0077,protein_0110,0.2988505747126437
protein_0077,protein_0111,0.22988505747126436
protein_0077,protein_0112,0.14814814814814814
protein_0077,protein_0115,0.3448275862068966
protein_0077,protein_0117,0.14754098360655737
protein_0077,protein_0118,0.19318181818181818
protein_0077,protein_0119,0.14953271028037382
protein_0077,protein_0120,0.43820224719101125
protein_0077,protein_0121,0.43820224719101125
protein_0077,protein_0122,0.29545454545454547
protein_0077,protein_0123,0.14942528735632185
protein_0077,protein_0124,0.5
protein_0077,protein_0125,0.1553398058252427
protein_0077,protein_0127,0.40229885057471265
protein_0077,protein_0128,0.47126436781609193
protein_0077,protein_0129,0.1839080459770115
protein_0077,protein_0130,0.1652892561983471
protein_0077,protein_0131,0.13793103448275862
protein_0077,protein_0133,0.23148148148148148
protein_0077,protein_0134,0.45054945054945056
protein_0077,protein_0135,0.3103448275862069
protein_0077,protein_0136,0.15126050420168066
protein_0077,protein_0137,0.14754098360655737
protein_0077,protein_0138,0.14754098360655737
protein_0077,protein_0139,0.16853932584269662
protein_0077,protein_0140,0.367816091954023
protein_0077,protein_0142,0.42528735632183906
protein_0077,protein_0143,0.3563218390804598
protein_0077,protein_0144,0.3333333333333333
protein_0077,protein_0145,0.1839080459770115
protein_0077,protein_0146,0.14942528735632185
protein_0077,protein_0147,0.47126436781609193
protein_0077,protein_0148,0.39080459770114945
protein_0077,protein_0149,0.19540229885057472
protein_0077,protein_0150,0.3956043956043956
protein_0077,protein_0151,0.2222222222222222
protein_0077,protein_0152,0.18478260869565216
protein_0077,protein_0153,0.17582417582417584
protein_0077,protein_0154,0.16853932584269662
protein_0077,protein_0155,0.13114754098360656
protein_0077,protein_0156,0.18181818181818182
protein_0077,protein_0157,0.12631578947368421
protein_0077,protein_0159,0.3563218390804598
protein_0077,protein_0160,0.4772727272727273
protein_0077,protein_0161,0.152
protein_0077,protein_0162,0.3563218390804598
protein_0077,protein_0163,0.16346153846153846
protein_0077,protein_0164,0.3563218390804598
protein_0077,protein_0165,0.17045454545454544
protein_0077,protein_0166,0.3707865168539326
protein_0077,protein_0167,0.168141592920354
protein_0077,protein_0168,0.168141592920354
protein_0077,protein_0169,0.15447154471544716
protein_0077,protein_0170,0.4111111111111111
protein_0077,protein_0171,0.28735632183908044
protein_0077,protein_0172,0.16101694915254236
protein_0077,protein_0173,0.42528735632183906
protein_0077,protein_0174,0.5
protein_0077,protein_0175,0.4772727272727273
protein_0077,protein_0176,0.17045454545454544
protein_0077,protein_0177,0.16853932584269662
protein_0077,protein_0178,0.1391304347826087
protein_0077,protein_0179,0.14655172413793102
protein_0077,protein_0180,0.26436781609195403
protein_0077,protein_0181,0.3333333333333333
protein_0077,protein_0182,0.3793103448275862
protein_0077,protein_0183,0.18269230769230768
protein_0077,protein_0184,0.40229885057471265
protein_0077,protein_0185,0.17142857142857143
protein_0077,protein_0186,0.17592592592592593
protein_0077,protein_0187,0.5
protein_0077,protein_0188,0.18681318681318682
protein_0077,protein_0189,0.3333333333333333
protein_0077,protein_0190,0.4044943820224719
protein_0077,protein_0191,0.39080459770114945
protein_0077,protein_0192,0.38202247191011235
protein_0077,protein_0194,0.26436781609195403
protein_0077,protein_0195,0.449438202247191
protein_0077,protein_0196,0.4431818181818182
protein_0077,protein_0197,0.3333333333333333
protein_0077,protein_0198,0.3563218390804598
protein_0077,protein_0199,0.2
protein_0077,protein_0200,0.2988505747126437
protein_0077,protein_0201,0.13761467889908258
protein_0077,protein_0202,0.38636363636363635
protein_0077,protein_0203,0.17094017094017094
protein_0077,protein_0204,0.16091954022988506
protein_0077,protein_0205,0.12264150943396226
protein_0077,protein_0206,0.42045454545454547
protein_0077,protein_0207,0.11764705882352941
protein_0077,protein_0208,0.1415929203539823
protein_0077,protein_0211,0.14678899082568808
protein_0077,protein_0212,0.09090909090909091
protein_0077,protein_0213,0.47126436781609193
protein_0077,protein_0214,0.10344827586206896
protein_0077,protein_0215,0.10344827586206896
protein_0077,protein_0216,0.18181818181818182
protein_0077,protein_0217,0.18181818181818182
protein_0077,protein_0218,0.128
protein_0077,protein_0219,0.1652892561983471
protein_0077,protein_0220,0.3448275862068966
protein_0077,protein_0221,0.1702127659574468
protein_0077,protein_0222,0.3103448275862069
protein_0077,protein_0223,0.10227272727272728
protein_0077,protein_0224,0.13333333333333333
protein_0077,protein_0226,0.17708333333333334
protein_0077,protein_0227,0.16666666666666666
protein_0077,protein_0228,0.25806451612903225
protein_0077,protein_0229,0.17525773195876287
protein_0077,protein_0230,0.22916666666666666
protein_0077,protein_0233,0.171875
protein_0077,protein_0234,0.2
protein_0077,protein_0235,0.21428571428571427
protein_0077,protein_0236,0.3333333333333333
protein_0077,protein_0237,0.3333333333333333
protein_0077,protein_0238,0.10687022900763359
protein_0077,protein_0239,0.45454545454545453
protein_0077,protein_0240,0.42528735632183906
protein_0077,protein_0241,0.42696629213483145
protein_0077,protein_0242,0.14606741573033707
protein_0077,protein_0243,0.4444444444444444
protein_0077,protein_0244,0.16666666666666666
protein_0077,protein_0245,0.15789473684210525
protein_0077,protein_0246,0.1836734693877551
protein_0077,protein_0247,0.20652173913043478
protein_0077,protein_0248,0.47191011235955055
protein_0077,protein_0249,0.3977272727272727
protein_0077,protein_0250,0.17391304347826086
protein_0077,protein_0251,0.13402061855670103
protein_0077,protein_0252,0.14285714285714285
protein_0077,protein_0253,0.1794871794871795
protein_0077,protein_0254,0.12643678160919541
protein_0077,protein_0255,0.13450292397660818
protein_0077,protein_0256,0.11538461538461539
protein_0077,protein_0257,0.10576923076923077
protein_0077,protein_0258,0.3977272727272727
protein_0077,protein_0259,0.16091954022988506
protein_0077,protein_0260,0.16091954022988506
protein_0077,protein_0263,0.09352517985611511
protein_0077,protein_0264,0.39080459770114945
protein_0077,protein_0265,0.39080459770114945
protein_0077,protein_0267,0.19101123595505617
protein_0077,protein_0268,0.17777777777777778
protein_0077,protein_0269,0.15254237288135594
protein_0077,protein_0270,0.12359550561797752
protein_0077,protein_0272,0.3333333333333333
protein_0077,protein_0273,0.3448275862068966
protein_0077,protein_0274,0.2247191011235955
protein_0077,protein_0275,0.19811320754716982
protein_0077,protein_0276,0.42528735632183906
protein_0077,protein_0277,0.19540229885057472
protein_0077,protein_0279,0.34444444444444444
protein_0077,protein_0281,0.15254237288135594
protein_0077,protein_0282,0.13636363636363635
protein_0077,protein_0283,0.1036036036036036
protein_0077,protein_0284,0.2967032967032967
protein_0077,protein_0285,0.367816091954023
protein_0077,protein_0286,0.21505376344086022
protein_0077,protein_0287,0.21296296296296297
protein_0077,protein_0288,0.39080459770114945
protein_0077,protein_0289,0.1724137931034483
protein_0077,protein_0290,0.15384615384615385
protein_0077,protein_0291,0.25287356321839083
protein_0077,protein_0292,0.1724137931034483
protein_0077,protein_0293,0.23863636363636365
protein_0077,protein_0294,0.25287356321839083
protein_0077,protein_0295,0.16483516483516483
protein_0077,protein_0296,0.15833333333333333
protein_0077,protein_0297,0.1724137931034483
protein_0077,protein_0298,0.17045454545454544
protein_0077,protein_0299,0.18085106382978725
protein_0077,protein_0300,0.19148936170212766
protein_0077,protein_0301,0.17708333333333334
protein_0077,protein_0302,0.1336405529953917
protein_0077,protein_0303,0.19101123595505617
protein_0077,protein_0304,0.15384615384615385
protein_0077,protein_0305,0.16
protein_0077,protein_0306,0.14285714285714285
protein_0077,protein_0307,0.13934426229508196
protein_0077,protein_0308,0.1484375
protein_0077,protein_0309,0.13829787234042554
protein_0077,protein_0310,0.18691588785046728
protein_0077,protein_0311,0.42528735632183906
protein_0077,protein_0312,0.8275862068965517
protein_0077,protein_0313,0.26136363636363635
protein_0077,protein_0314,0.12149532710280374
protein_0077,protein_0315,0.16
protein_0077,protein_0316,0.14942528735632185
protein_0077,protein_0317,0.14423076923076922
protein_0077,protein_0318,0.17796610169491525
protein_0077,protein_0319,0.3793103448275862
protein_0077,protein_0320,0.39325842696629215
protein_0077,protein_0321,0.20652173913043478
protein_0077,protein_0322,0.33707865168539325
protein_0077,protein_0323,0.32954545454545453
protein_0077,protein_0324,0.15463917525773196
protein_0077,protein_0325,0.144
protein_0077,protein_0326,0.18811881188118812
protein_0077,protein_0327,0.35555555555555557
protein_0077,protein_0328,0.16379310344827586
protein_0077,protein_0330,0.3103448275862069
protein_0077,protein_0331,0.17582417582417584
protein_0077,protein_0332,0.25287356321839083
protein_0077,protein_0333,0.3068181818181818
protein_0077,protein_0334,0.21978021978021978
protein_0077,protein_0335,0.12149532710280374
protein_0077,protein_0336,0.1919191919191919
protein_0077,protein_0337,0.3218390804597701
protein_0077,protein_0338,0.2988505747126437
protein_0077,protein_0339,0.1836734693877551
protein_0077,protein_0340,0.15454545454545454
protein_0077,protein_0341,0.2857142857142857
protein_0077,protein_0343,0.15384615384615385
protein_0077,protein_0344,0.4318181818181818
protein_0077,protein_0345,0.1951219512195122
protein_0077,protein_0346,0.1951219512195122
protein_0077,protein_0347,0.1839080459770115
protein_0077,protein_0348,0.12781954887218044
protein_0077,protein_0349,0.14563106796116504
protein_0077,protein_0350,0.40229885057471265
protein_0077,protein_0351,0.4090909090909091
protein_0077,protein_0352,0.1797752808988764
protein_0077,protein_0353,0.14912280701754385
protein_0077,protein_0354,0.21839080459770116
protein_0077,protein_0355,0.3333333333333333
protein_0077,protein_0356,0.14942528735632185
protein_0077,protein_0357,0.14173228346456693
protein_0077,protein_0358,0.39080459770114945
protein_0077,protein_0359,0.11940298507462686
protein_0077,protein_0360,0.40229885057471265
protein_0077,protein_0362,0.19318181818181818
protein_0077,protein_0363,0.19318181818181818
protein_0077,protein_0364,0.19318181818181818
protein_0077,protein_0365,0.19540229885057472
protein_0077,protein_0366,0.20689655172413793
protein_0077,protein_0367,0.14814814814814814
protein_0077,protein_0368,0.16666666666666666
protein_0077,protein_0369,0.12643678160919541
protein_0077,protein_0370,0.4318181818181818
protein_0077,protein_0371,0.38636363636363635
protein_0077,protein_0372,0.1036036036036036
protein_0077,protein_0373,0.13043478260869565
protein_0077,protein_0374,0.13675213675213677
protein_0077,protein_0375,0.367816091954023
protein_0077,protein_0377,0.3563218390804598
protein_0077,protein_0378,0.17796610169491525
protein_0077,protein_0379,0.18556701030927836
protein_0077,protein_0380,0.18556701030927836
protein_0077,protein_0381,0.18556701030927836
protein_0077,protein_0382,0.26436781609195403
protein_0077,protein_0383,0.18478260869565216
protein_0077,protein_0384,0.3793103448275862
protein_0077,protein_0386,0.15178571428571427
protein_0077,protein_0387,0.11
protein_0077,protein_0388,0.16666666666666666
protein_0077,protein_0389,0.1111111111111111
protein_0077,protein_0390,0.34444444444444444
protein_0077,protein_0392,0.40229885057471265
protein_0077,protein_0393,0.40229885057471265
protein_0077,protein_0394,0.15789473684210525
protein_0077,protein_0397,0.3522727272727273
protein_0077,protein_0398,0.1171875
protein_0077,protein_0399,0.4367816091954023
protein_0084,protein_0001,0.14454691259021651
protein_0084,protein_0002,0.15555555555555556
protein_0084,protein_0003,0.26666666666666666
protein_0084,protein_0004,0.26136363636363635
protein_0084,protein_0005,0.19148936170212766
protein_0084,protein_0006,0.3409090909090909
protein_0084,protein_0007,0.1451656524678837
protein_0084,protein_0008,0.13592233009708737
protein_0084,protein_0010,0.3333333333333333
protein_0084,protein_0011,0.3595505617977528
protein_0084,protein_0012,0.36363636363636365
protein_0084,protein_0013,0.1797752808988764
protein_0084,protein_0014,0.12889983579638753
protein_0084,protein_0016,0.1553398058252427
protein_0084,protein_0017,0.13953488372093023
protein_0084,protein_0018,0.2608695652173913
protein_0084,protein_0019,0.16649048625792812
protein_0084,protein_0020,0.21839080459770116
protein_0084,protein_0021,0.18478260869565216
protein_0084,protein_0022,0.15084725678397914
protein_0084,protein_0023,0.16985286758082274
protein_0084,protein_0024,0.13559322033898305
protein_0084,protein_0025,0.25287356321839083
protein_0084,protein_0026,0.13194444444444445
protein_0084,protein_0027,0.1515217391304348
protein_0084,protein_0028,0.14285714285714285
protein_0084,protein_0029,0.14215686274509803
protein_0084,protein_0030,0.152
protein_0084,protein_0031,0.1523809523809524
protein_0084,protein_0032,0.25
protein_0084,protein_0034,0.33707865168539325
protein_0084,protein_0035,0.11224489795918367
protein_0084,protein_0036,0.14985344406448461
protein_0084,protein_0037,0.20148749154834347
protein_0084,protein_0038,0.20148749154834347
protein_0084,protein_0039,0.24444444444444444
protein_0084,protein_0040,0.11702127659574468
protein_0084,protein_0041,0.26436781609195403
protein_0084,protein_0043,0.2413793103448276
protein_0084,protein_0044,0.22988505747126436
protein_0084,protein_0045,0.2808988764044944
protein_0084,protein_0046,0.13816844919786095
protein_0084,protein_0047,0.3333333333333333
protein_0084,protein_0048,0.36363636363636365
protein_0084,protein_0049,0.3103448275862069
protein_0084,protein_0050,0.16981132075471697
protein_0084,protein_0051,0.14950429610046267
protein_0084,protein_0052,0.25555555555555554
protein_0084,protein_0053,0.26136363636363635
protein_0084,protein_0054,0.1487603305785124
protein_0084,protein_0055,0.15
protein_0084,protein_0058,0.17647058823529413
protein_0084,protein_0059,0.22988505747126436
protein_0084,protein_0060,0.122068418268383
protein_0084,protein_0061,0.23333333333333334
protein_0084,protein_0062,0.2777777777777778
protein_0084,protein_0063,0.12149532710280374
protein_0084,protein_0064,0.22988505747126436
protein_0084,protein_0065,0.21
protein_0084,protein_0066,0.1262135922330097
protein_0084,protein_0067,0.367816091954023
protein_0084,protein_0068,0.26666666666666666
protein_0084,protein_0069,0.3103448275862069
protein_0084,protein_0070,0.3333333333333333
protein_0084,protein_0071,0.25287356321839083
protein_0084,protein_0073,0.27586206896551724
protein_0084,protein_0074,0.15151515151515152
protein_0084,protein_0075,0.1640016831474858
protein_0084,protein_0076,0.1839080459770115
protein_0084,protein_0078,0.17592592592592593
protein_0084,protein_0079,0.17592592592592593
protein_0084,protein_0080,0.22988505747126436
protein_0084,protein_0081,0.21839080459770116
protein_0084,protein_0082,0.14814814814814814
protein_0084,protein_0083,0.32222222222222224
protein_0084,protein_0085,0.1574074074074074
protein_0084,protein_0086,0.1388888888888889
protein_0084,protein_0087,0.170265780730897
protein_0084,protein_0088,0.27586206896551724
protein_0084,protein_0089,0.13043478260869565
protein_0084,protein_0090,0.13478260869565217
protein_0084,protein_0091,0.19658119658119658
protein_0084,protein_0092,0.19658119658119658
protein_0084,protein_0095,0.1411399342345634
protein_0084,protein_0096,0.18181818181818182
protein_0084,protein_0097,0.3563218390804598
protein_0084,protein_0098,0.23333333333333334
protein_0084,protein_0099,0.148840429214261
protein_0084,protein_0100,0.16329625884732052
protein_0084,protein_0101,0.26436781609195403
protein_0084,protein_0102,0.25
protein_0084,protein_0103,0.21505376344086022
protein_0084,protein_0105,0.14772727272727273
protein_0084,protein_0106,0.15
protein_0084,protein_0107,0.28735632183908044
protein_0084,protein_0108,0.22988505747126436
protein_0084,protein_0109,0.14367816091954022
protein_0084,protein_0110,0.3793103448275862
protein_0084,protein_0111,0.27586206896551724
protein_0084,protein_0112,0.14423076923076922
protein_0084,protein_0115,0.2441860465116279
protein_0084,protein_0117,0.1288271830471319
protein_0084,protein_0118,0.15940713853599514
protein_0084,protein_0119,0.14953271028037382
protein_0084,protein_0120,0.3103448275862069
protein_0084,protein_0121,0.3103448275862069
protein_0084,protein_0122,0.20109180035650626
protein_0084,protein_0123,0.15512227362855255
protein_0084,protein_0124,0.26436781609195403
protein_0084,protein_0125,0.19801980198019803
protein_0084,protein_0127,0.25287356321839083
protein_0084,protein_0128,0.2413793103448276
protein_0084,protein_0129,0.2247191011235955
protein_0084,protein_0130,0.14782608695652175
protein_0084,protein_0131,0.13955375253549696
protein_0084,protein_0133,0.21495327102803738
protein_0084,protein_0134,0.3258426966292135
protein_0084,protein_0135,0.23255813953488372
protein_0084,protein_0136,0.16129032258064516
protein_0084,protein_0137,0.15833333333333333
protein_0084,protein_0138,0.15833333333333333
protein_0084,protein_0139,0.14323467230443976
protein_0084,protein_0140,0.3333333333333333
protein_0084,protein_0142,0.3218390804597701
protein_0084,protein_0143,0.3333333333333333
protein_0084,protein_0144,0.3333333333333333
protein_0084,protein_0145,0.15218502427804753
protein_0084,protein_0146,0.13953488372093023
protein_0084,protein_0147,0.2840909090909091
protein_0084,protein_0148,0.3146067415730337
protein_0084,protein_0149,0.15766283524904215
protein_0084,protein_0150,0.29545454545454547
protein_0084,protein_0151,0.2127659574468085
protein_0084,protein_0152,0.1735498529804865
protein_0084,protein_0153,0.183342972816657
protein_0084,protein_0154,0.18948202959830868
protein_0084,protein_0155,0.15702479338842976
protein_0084,protein_0156,0.19469026548672566
protein_0084,protein_0157,0.18085106382978725
protein_0084,protein_0159,0.26136363636363635
protein_0084,protein_0160,0.3111111111111111
protein_0084,protein_0161,0.15384615384615385
protein_0084,protein_0162,0.23255813953488372
protein_0084,protein_0163,0.13675213675213677
protein_0084,protein_0164,0.22988505747126436
protein_0084,protein_0165,0.1468973442288049
protein_0084,protein_0166,0.23655913978494625
protein_0084,protein_0167,0.13869264519967278
protein_0084,protein_0168,0.15129768721647952
protein_0084,protein_0169,0.12931034482758622
protein_0084,protein_0170,0.26744186046511625
protein_0084,protein_0171,0.25287356321839083
protein_0084,protein_0172,0.15126050420168066
protein_0084,protein_0173,0.25287356321839083
protein_0084,protein_0174,0.28888888888888886
protein_0084,protein_0175,0.3111111111111111
protein_0084,protein_0176,0.16012596899224807
protein_0084,protein_0177,0.1611825828797625
protein_0084,protein_0178,0.13333333333333333
protein_0084,protein_0179,0.1557377049180328
protein_0084,protein_0180,0.27586206896551724
protein_0084,protein_0181,0.3448275862068966
protein_0084,protein_0182,0.26373626373626374
protein_0084,protein_0183,0.1568627450980392
protein_0084,protein_0184,0.29545454545454547
protein_0084,protein_0185,0.21904761904761905
protein_0084,protein_0186,0.16363636363636364
protein_0084,protein_0187,0.3
protein_0084,protein_0188,0.17403651115618662
protein_0084,protein_0189,0.26436781609195403
protein_0084,protein_0190,0.38202247191011235
protein_0084,protein_0191,0.2696629213483146
protein_0084,protein_0192,0.27906976744186046
protein_0084,protein_0194,0.3333333333333333
protein_0084,protein_0195,0.3103448275862069
protein_0084,protein_0196,0.3448275862068966
protein_0084,protein_0197,0.3218390804597701
protein_0084,protein_0198,0.2840909090909091
protein_0084,protein_0199,0.2222222222222222
protein_0084,protein_0200,0.367816091954023
protein_0084,protein_0201,0.13725490196078433
protein_0084,protein_0202,0.3146067415730337
protein_0084,protein_0203,0.13675213675213677
protein_0084,protein_0204,0.1570655848546315
protein_0084,protein_0205,0.11374407582938388
protein_0084,protein_0206,0.3409090909090909
protein_0084,protein_0207,0.17073170731707318
protein_0084,protein_0208,0.13114128776319806
protein_0084,protein_0211,0.11553030303030304
protein_0084,protein_0212,0.1935483870967742
protein_0084,protein_0213,0.2840909090909091
protein_0084,protein_0214,0.12643678160919541
protein_0084,protein_0215,0.18604651162790697
protein_0084,protein_0216,0.1651376146788991
protein_0084,protein_0217,0.14432989690721648
protein_0084,protein_0218,0.144
protein_0084,protein_0219,0.16279069767441862
protein_0084,protein_0220,0.22988505747126436
protein_0084,protein_0221,0.1702127659574468
protein_0084,protein_0222,0.3333333333333333
protein_0084,protein_0223,0.14606741573033707
protein_0084,protein_0224,0.15205198358413133
protein_0084,protein_0226,0.16831683168316833
protein_0084,protein_0227,0.1839080459770115
protein_0084,protein_0228,0.1987789987789988
protein_0084,protein_0229,0.16842105263157894
protein_0084,protein_0230,0.23595505617977527
protein_0084,protein_0233,0.16417910447761194
protein_0084,protein_0234,0.16831683168316833
protein_0084,protein_0235,0.16666666666666669
protein_0084,protein_0236,0.2202409069437884
protein_0084,protein_0237,0.2202409069437884
protein_0084,protein_0238,0.1310344827586207
protein_0084,protein_0239,0.26436781609195403
protein_0084,protein_0240,0.29545454545454547
protein_0084,protein_0241,0.2413793103448276
protein_0084,protein_0242,0.16987718164188753
protein_0084,protein_0243,0.27586206896551724
protein_0084,protein_0244,0.15445665445665446
protein_0084,protein_0245,0.14604377104377103
protein_0084,protein_0246,0.14018691588785046
protein_0084,protein_0247,0.16279069767441862
protein_0084,protein_0248,0.27586206896551724
protein_0084,protein_0249,0.26436781609195403
protein_0084,protein_0250,0.1604002425712553
protein_0084,protein_0251,0.19148936170212766
protein_0084,protein_0252,0.21649484536082475
protein_0084,protein_0253,0.14166666666666666
protein_0084,protein_0254,0.12506459948320414
protein_0084,protein_0255,0.1348314606741573
protein_0084,protein_0256,0.18018018018018017
protein_0084,protein_0257,0.17757009345794392
protein_0084,protein_0258,0.3333333333333333
protein_0084,protein_0259,0.18593644354293443
protein_0084,protein_0260,0.18593644354293443
protein_0084,protein_0263,0.14705882352941177
protein_0084,protein_0264,0.22826086956521738
protein_0084,protein_0265,0.22826086956521738
protein_0084,protein_0267,0.24731182795698925
protein_0084,protein_0268,0.1827956989247312
protein_0084,protein_0269,0.12931034482758622
protein_0084,protein_0270,0.1724137931034483
protein_0084,protein_0272,0.26061969015492253
protein_0084,protein_0273,0.2543649061545177
protein_0084,protein_0274,0.22826086956521738
protein_0084,protein_0275,0.16666666666666666
protein_0084,protein_0276,0.2413793103448276
protein_0084,protein_0277,0.1686046511627907
protein_0084,protein_0279,0.23255813953488372
protein_0084,protein_0281,0.15447154471544716
protein_0084,protein_0282,0.17391304347826086
protein_0084,protein_0283,0.12385321100917432
protein_0084,protein_0284,0.19202898550724637
protein_0084,protein_0285,0.2988505747126437
protein_0084,protein_0286,0.15139534883720931
protein_0084,protein_0287,0.19642857142857142
protein_0084,protein_0288,0.23863636363636365
protein_0084,protein_0289,0.12270861833105334
protein_0084,protein_0290,0.1440677966101695
protein_0084,protein_0291,0.16605758582502766
protein_0084,protein_0292,0.13914807302231239
protein_0084,protein_0293,0.22826086956521738
protein_0084,protein_0294,0.16605758582502766
protein_0084,protein_0295,0.153921568627451
protein_0084,protein_0296,0.16379310344827586
protein_0084,protein_0297,0.15693035835023667
protein_0084,protein_0298,0.14877220480668757
protein_0084,protein_0299,0.13829787234042554
protein_0084,protein_0300,0.15289664252797894
protein_0084,protein_0301,0.15289664252797894
protein_0084,protein_0302,0.10909090909090909
protein_0084,protein_0303,0.20930232558139536
protein_0084,protein_0304,0.1686046511627907
protein_0084,protein_0305,0.15307716338644173
protein_0084,protein_0306,0.1450381679389313
protein_0084,protein_0307,0.1487603305785124
protein_0084,protein_0308,0.16521739130434782
protein_0084,protein_0309,0.13215216258467952
protein_0084,protein_0310,0.19047619047619047
protein_0084,protein_0311,0.23863636363636365
protein_0084,protein_0312,0.2840909090909091
protein_0084,protein_0313,0.19050802139037434
protein_0084,protein_0314,0.11224489795918367
protein_0084,protein_0315,0.1724137931034483
protein_0084,protein_0316,0.14279250161603102
protein_0084,protein_0317,0.1523809523809524
protein_0084,protein_0318,0.12195121951219512
protein_0084,protein_0319,0.34831460674157305
protein_0084,protein_0320,0.25
protein_0084,protein_0321,0.2247191011235955
protein_0084,protein_0322,0.2558139534883721
protein_0084,protein_0323,0.25287356321839083
protein_0084,protein_0324,0.1276595744680851
protein_0084,protein_0325,0.13232051812043544
protein_0084,protein_0326,0.1978021978021978
protein_0084,protein_0327,0.25
protein_0084,protein_0328,0.1724137931034483
protein_0084,protein_0330,0.2840909090909091
protein_0084,protein_0331,0.15300511508951406
protein_0084,protein_0332,0.1492671095644838
protein_0084,protein_0333,0.19812540400775697
protein_0084,protein_0334,0.1956521739130435
protein_0084,protein_0335,0.16521739130434782
protein_0084,protein_0336,0.13951310861423222
protein_0084,protein_0337,0.2144937805070068
protein_0084,protein_0338,0.32954545454545453
protein_0084,protein_0339,0.1569767441860465
protein_0084,protein_0340,0.15384615384615385
protein_0084,protein_0341,0.24299065420560748
protein_0084,protein_0343,0.12790697674418605
protein_0084,protein_0344,0.2413793103448276
protein_0084,protein_0345,0.15816993464052287
protein_0084,protein_0346,0.15816993464052287
protein_0084,protein_0347,0.16395348837209303
protein_0084,protein_0348,0.16379310344827586
protein_0084,protein_0349,0.12
protein_0084,protein_0350,0.25287356321839083
protein_0084,protein_0351,0.32222222222222224
protein_0084,protein_0352,0.1665017318159327
protein_0084,protein_0353,0.13177339901477833
protein_0084,protein_0354,0.2840909090909091
protein_0084,protein_0355,0.2208980044345898
protein_0084,protein_0356,0.146374829001368
protein_0084,protein_0357,0.1557377049180328
protein_0084,protein_0358,0.2413793103448276
protein_0084,protein_0359,0.12
protein_0084,protein_0360,0.24719101123595505
protein_0084,protein_0362,0.25
protein_0084,protein_0363,0.25
protein_0084,protein_0364,0.25
protein_0084,protein_0365,0.20454545454545456
protein_0084,protein_0366,0.2159090909090909
protein_0084,protein_0367,0.1650485436893204
protein_0084,protein_0368,0.1348314606741573
protein_0084,protein_0369,0.12941176470588237
protein_0084,protein_0370,0.2413793103448276
protein_0084,protein_0371,0.27472527472527475
protein_0084,protein_0372,0.10091743119266056
protein_0084,protein_0373,0.1111111111111111
protein_0084,protein_0374,0.1452991452991453
protein_0084,protein_0375,0.22988505747126436
protein_0084,protein_0377,0.21839080459770116
protein_0084,protein_0378,0.17117117117117117
protein_0084,protein_0379,0.1715891670924885
protein_0084,protein_0380,0.1715891670924885
protein_0084,protein_0381,0.1715891670924885
protein_0084,protein_0382,0.21089572192513367
protein_0084,protein_0383,0.16172146484897088
protein_0084,protein_0384,0.26436781609195403
protein_0084,protein_0386,0.19
protein_0084,protein_0387,0.16666666666666666
protein_0084,protein_0388,0.15191518467852258
protein_0084,protein_0389,0.19540229885057472
protein_0084,protein_0390,0.3333333333333333
protein_0084,protein_0392,0.2413793103448276
protein_0084,protein_0393,0.25
protein_0084,protein_0394,0.14655172413793102
protein_0084,protein_0397,0.2441860465116279
protein_0084,protein_0398,0.17377495462794917
protein_0084,protein_0399,0.26136363636363635
protein_0093,protein_0001,0.1686746987951807
protein_0093,protein_0002,0.14444444444444443
protein_0093,protein_0003,0.375
protein_0093,protein_0004,0.22988505747126436
protein_0093,protein_0005,0.12631578947368421
protein_0093,protein_0006,0.4659090909090909
protein_0093,protein_0007,0.1686746987951807
protein_0093,protein_0008,0.17
protein_0093,protein_0010,0.6781609195402298
protein_0093,protein_0011,0.41379310344827586
protein_0093,protein_0012,0.5
protein_0093,protein_0013,0.1686746987951807
protein_0093,protein_0014,0.1941747572815534
protein_0093,protein_0016,0.14705882352941177
protein_0093,protein_0017,0.13768115942028986
protein_0093,protein_0018,0.2413793103448276
protein_0093,protein_0019,0.1686746987951807
protein_0093,protein_0020,0.3516483516483517
protein_0093,protein_0021,0.13636363636363635
protein_0093,protein_0022,0.17475728155339806
protein_0093,protein_0023,0.15151515151515152
protein_0093,protein_0024,0.15151515151515152
protein_0093,protein_0025,0.3448275862068966
protein_0093,protein_0026,0.11363636363636363
protein_0093,protein_0027,0.1348314606741573
protein_0093,protein_0028,0.1320754716981132
protein_0093,protein_0029,0.18072289156626506
protein_0093,protein_0030,0.13533834586466165
protein_0093,protein_0031,0.1262135922330097
protein_0093,protein_0032,0.28735632183908044
protein_0093,protein_0034,0.48863636363636365
protein_0093,protein_0035,0.1588785046728972
protein_0093,protein_0036,0.15294117647058825
protein_0093,protein_0037,0.25287356321839083
protein_0093,protein_0038,0.25287356321839083
protein_0093,protein_0039,0.3103448275862069
protein_0093,protein_0040,0.12087912087912088
protein_0093,protein_0041,0.26436781609195403
protein_0093,protein_0043,0.25287356321839083
protein_0093,protein_0044,0.2413793103448276
protein_0093,protein_0045,0.2988505747126437
protein_0093,protein_0046,0.1724137931034483
protein_0093,protein_0047,0.42528735632183906
protein_0093,protein_0048,0.41379310344827586
protein_0093,protein_0049,0.40229885057471265
protein_0093,protein_0050,0.14423076923076922
protein_0093,protein_0051,0.1686746987951807
protein_0093,protein_0052,0.26666666666666666
protein_0093,protein_0053,0.3522727272727273
protein_0093,protein_0054,0.13385826771653545
protein_0093,protein_0055,0.16
protein_0093,protein_0058,0.10843373493975904
protein_0093,protein_0059,0.2413793103448276
protein_0093,protein_0060,0.19090909090909092
protein_0093,protein_0061,0.19148936170212766
protein_0093,protein_0062,0.36363636363636365
protein_0093,protein_0063,0.09389671361502347
protein_0093,protein_0064,0.28735632183908044
protein_0093,protein_0065,0.18446601941747573
protein_0093,protein_0066,0.09
protein_0093,protein_0067,0.7325581395348837
protein_0093,protein_0068,0.27586206896551724
protein_0093,protein_0069,0.41379310344827586
protein_0093,protein_0070,0.26436781609195403
protein_0093,protein_0071,0.34444444444444444
protein_0093,protein_0073,0.3103448275862069
protein_0093,protein_0074,0.2
protein_0093,protein_0075,0.14
protein_0093,protein_0076,0.16091954022988506
protein_0093,protein_0078,0.14423076923076922
protein_0093,protein_0079,0.14423076923076922
protein_0093,protein_0080,0.3103448275862069
protein_0093,protein_0081,0.28735632183908044
protein_0093,protein_0082,0.14563106796116504
protein_0093,protein_0083,0.4606741573033708
protein_0093,protein_0085,0.13592233009708737
protein_0093,protein_0086,0.14423076923076922
protein_0093,protein_0087,0.1566265060240964
protein_0093,protein_0088,0.28735632183908044
protein_0093,protein_0089,0.125
protein_0093,protein_0090,0.14782608695652175
protein_0093,protein_0091,0.12605042016806722
protein_0093,protein_0092,0.12605042016806722
protein_0093,protein_0095,0.12931034482758622
protein_0093,protein_0096,0.12121212121212122
protein_0093,protein_0097,0.3793103448275862
protein_0093,protein_0098,0.3218390804597701
protein_0093,protein_0099,0.12962962962962962
protein_0093,protein_0100,0.15476190476190477
protein_0093,protein_0101,0.28735632183908044
protein_0093,protein_0102,0.3218390804597701
protein_0093,protein_0103,0.1839080459770115
protein_0093,protein_0105,0.09523809523809523
protein_0093,protein_0106,0.17857142857142858
protein_0093,protein_0107,0.3448275862068966
protein_0093,protein_0108,0.2823529411764706
protein_0093,protein_0109,0.1927710843373494
protein_0093,protein_0110,0.4186046511627907
protein_0093,protein_0111,0.3103448275862069
protein_0093,protein_0112,0.16666666666666666
protein_0093,protein_0115,0.27586206896551724
protein_0093,protein_0117,0.11504424778761062
protein_0093,protein_0118,0.1566265060240964
protein_0093,protein_0119,0.1
protein_0093,protein_0120,0.3448275862068966
protein_0093,protein_0121,0.3448275862068966
protein_0093,protein_0122,0.25287356321839083
protein_0093,protein_0123,0.1724137931034483
protein_0093,protein_0124,0.3333333333333333
protein_0093,protein_0125,0.17647058823529413
protein_0093,protein_0127,0.3218390804597701
protein_0093,protein_0128,0.3448275862068966
protein_0093,protein_0129,0.19540229885057472
protein_0093,protein_0130,0.12173913043478261
protein_0093,protein_0131,0.13253012048192772
protein_0093,protein_0133,0.25
protein_0093,protein_0134,0.26744186046511625
protein_0093,protein_0135,0.26436781609195403
protein_0093,protein_0136,0.14516129032258066
protein_0093,protein_0137,0.11475409836065574
protein_0093,protein_0138,0.11475409836065574
protein_0093,protein_0139,0.15294117647058825
protein_0093,protein_0140,0.40229885057471265
protein_0093,protein_0142,0.47674418604651164
protein_0093,protein_0143,0.3563218390804598
protein_0093,protein_0144,0.3218390804597701
protein_0093,protein_0145,0.1566265060240964
protein_0093,protein_0146,0.1111111111111111
protein_0093,protein_0147,0.32222222222222224
protein_0093,protein_0148,0.36363636363636365
protein_0093,protein_0149,0.1686746987951807
protein_0093,protein_0150,0.26744186046511625
protein_0093,protein_0151,0.19101123595505617
protein_0093,protein_0152,0.14457831325301204
protein_0093,protein_0153,0.18947368421052632
protein_0093,protein_0154,0.1595744680851064
protein_0093,protein_0155,0.1452991452991453
protein_0093,protein_0156,0.14678899082568808
protein_0093,protein_0157,0.18888888888888888
protein_0093,protein_0159,0.3181818181818182
protein_0093,protein_0160,0.36046511627906974
protein_0093,protein_0161,0.11023622047244094
protein_0093,protein_0162,0.3448275862068966
protein_0093,protein_0163,0.14678899082568808
protein_0093,protein_0164,0.3218390804597701
protein_0093,protein_0165,0.14457831325301204
protein_0093,protein_0166,0.3218390804597701
protein_0093,protein_0167,0.15454545454545454
protein_0093,protein_0168,0.15454545454545454
protein_0093,protein_0169,0.14173228346456693
protein_0093,protein_0170,0.3333333333333333
protein_0093,protein_0171,0.26436781609195403
protein_0093,protein_0172,0.1328125
protein_0093,protein_0173,0.3333333333333333
protein_0093,protein_0174,0.3448275862068966
protein_0093,protein_0175,0.3563218390804598
protein_0093,protein_0176,0.1566265060240964
protein_0093,protein_0177,0.12048192771084337
protein_0093,protein_0178,0.1415929203539823
protein_0093,protein_0179,0.1415929203539823
protein_0093,protein_0180,0.26136363636363635
protein_0093,protein_0181,0.7126436781609196
protein_0093,protein_0182,0.27586206896551724
protein_0093,protein_0183,0.11
protein_0093,protein_0184,0.2988505747126437
protein_0093,protein_0185,0.13333333333333333
protein_0093,protein_0186,0.17475728155339806
protein_0093,protein_0187,0.3103448275862069
protein_0093,protein_0188,0.1686746987951807
protein_0093,protein_0189,0.36363636363636365
protein_0093,protein_0190,0.41379310344827586
protein_0093,protein_0191,0.2808988764044944
protein_0093,protein_0192,0.3218390804597701
protein_0093,protein_0194,0.2988505747126437
protein_0093,protein_0195,0.4367816091954023
protein_0093,protein_0196,0.4606741573033708
protein_0093,protein_0197,0.5232558139534884
protein_0093,protein_0198,0.26436781609195403
protein_0093,protein_0199,0.18888888888888888
protein_0093,protein_0200,0.4367816091954023
protein_0093,protein_0201,0.1588785046728972
protein_0093,protein_0202,0.3522727272727273
protein_0093,protein_0203,0.1452991452991453
protein_0093,protein_0204,0.1686746987951807
protein_0093,protein_0205,0.07582938388625593
protein_0093,protein_0206,0.5057471264367817
protein_0093,protein_0207,0.12195121951219512
protein_0093,protein_0208,0.13274336283185842
protein_0093,protein_0211,0.12
protein_0093,protein_0212,0.1566265060240964
protein_0093,protein_0213,0.375
protein_0093,protein_0214,0.09090909090909091
protein_0093,protein_0215,0.15555555555555556
protein_0093,protein_0216,0.14912280701754385
protein_0093,protein_0217,0.16666666666666666
protein_0093,protein_0218,0.144
protein_0093,protein_0219,0.14634146341463414
protein_0093,protein_0220,0.3103448275862069
protein_0093,protein_0221,0.10843373493975904
protein_0093,protein_0222,0.4069767441860465
protein_0093,protein_0223,0.14457831325301204
protein_0093,protein_0224,0.15463917525773196
protein_0093,protein_0226,0.1836734693877551
protein_0093,protein_0227,0.11494252873563218
protein_0093,protein_0228,0.24444444444444444
protein_0093,protein_0229,0.11224489795918367
protein_0093,protein_0230,0.25
protein_0093,protein_0233,0.11023622047244094
protein_0093,protein_0234,0.14705882352941177
protein_0093,protein_0235,0.1553398058252427
protein_0093,protein_0236,0.367816091954023
protein_0093,protein_0237,0.367816091954023
protein_0093,protein_0238,0.17142857142857143
protein_0093,protein_0239,0.3333333333333333
protein_0093,protein_0240,0.3333333333333333
protein_0093,protein_0241,0.3103448275862069
protein_0093,protein_0242,0.1566265060240964
protein_0093,protein_0243,0.3218390804597701
protein_0093,protein_0244,0.14457831325301204
protein_0093,protein_0245,0.1592920353982301
protein_0093,protein_0246,0.2
protein_0093,protein_0247,0.15384615384615385
protein_0093,protein_0248,0.367816091954023
protein_0093,protein_0249,0.27586206896551724
protein_0093,protein_0250,0.14583333333333334
protein_0093,protein_0251,0.11956521739130435
protein_0093,protein_0252,0.1875
protein_0093,protein_0253,0.1452991452991453
protein_0093,protein_0254,0.18072289156626506
protein_0093,protein_0255,0.12280701754385964
protein_0093,protein_0256,0.11926605504587157
protein_0093,protein_0257,0.12280701754385964
protein_0093,protein_0258,0.4606741573033708
protein_0093,protein_0259,0.18072289156626506
protein_0093,protein_0260,0.18072289156626506
protein_0093,protein_0263,0.11971830985915492
protein_0093,protein_0264,0.2808988764044944
protein_0093,protein_0265,0.2808988764044944
protein_0093,protein_0267,0.12643678160919541
protein_0093,protein_0268,0.12244897959183673
protein_0093,protein_0269,0.13793103448275862
protein_0093,protein_0270,0.14285714285714285
protein_0093,protein_0272,0.48863636363636365
protein_0093,protein_0273,0.5172413793103449
protein_0093,protein_0274,0.20224719101123595
protein_0093,protein_0275,0.21359223300970873
protein_0093,protein_0276,0.2988505747126437
protein_0093,protein_0277,0.1566265060240964
protein_0093,protein_0279,0.28735632183908044
protein_0093,protein_0281,0.16666666666666666
protein_0093,protein_0282,0.12790697674418605
protein_0093,protein_0283,0.10550458715596331
protein_0093,protein_0284,0.28735632183908044
protein_0093,protein_0285,0.4482758620689655
protein_0093,protein_0286,0.15384615384615385
protein_0093,protein_0287,0.25
protein_0093,protein_0288,0.3103448275862069
protein_0093,protein_0289,0.12048192771084337
protein_0093,protein_0290,0.10891089108910891
protein_0093,protein_0291,0.25287356321839083
protein_0093,protein_0292,0.1566265060240964
protein_0093,protein_0293,0.17045454545454544
protein_0093,protein_0294,0.25287356321839083
protein_0093,protein_0295,0.1927710843373494
protein_0093,protein_0296,0.13274336283185842
protein_0093,protein_0297,0.15294117647058825
protein_0093,protein_0298,0.1566265060240964
protein_0093,protein_0299,0.17894736842105263
protein_0093,protein_0300,0.1276595744680851
protein_0093,protein_0301,0.12631578947368421
protein_0093,protein_0302,0.11981566820276497
protein_0093,protein_0303,0.23529411764705882
protein_0093,protein_0304,0.13095238095238096
protein_0093,protein_0305,0.14457831325301204
protein_0093,protein_0306,0.16
protein_0093,protein_0307,0.16666666666666666
protein_0093,protein_0308,0.13793103448275862
protein_0093,protein_0309,0.18478260869565216
protein_0093,protein_0310,0.21568627450980393
protein_0093,protein_0311,0.36363636363636365
protein_0093,protein_0312,0.3333333333333333
protein_0093,protein_0313,0.22988505747126436
protein_0093,protein_0314,0.10576923076923077
protein_0093,protein_0315,0.12295081967213115
protein_0093,protein_0316,0.13095238095238096
protein_0093,protein_0317,0.11
protein_0093,protein_0318,0.13274336283185842
protein_0093,protein_0319,0.5402298850574713
protein_0093,protein_0320,0.28735632183908044
protein_0093,protein_0321,0.2
protein_0093,protein_0322,0.25287356321839083
protein_0093,protein_0323,0.2413793103448276
protein_0093,protein_0324,0.1797752808988764
protein_0093,protein_0325,0.11818181818181818
protein_0093,protein_0326,0.16666666666666666
protein_0093,protein_0327,0.3068181818181818
protein_0093,protein_0328,0.16071428571428573
protein_0093,protein_0330,0.47126436781609193
protein_0093,protein_0331,0.18072289156626506
protein_0093,protein_0332,0.2840909090909091
protein_0093,protein_0333,0.2727272727272727
protein_0093,protein_0334,0.21875
protein_0093,protein_0335,0.12149532710280374
protein_0093,protein_0336,0.1566265060240964
protein_0093,protein_0337,0.375
protein_0093,protein_0338,0.27586206896551724
protein_0093,protein_0339,0.16304347826086957
protein_0093,protein_0340,0.14814814814814814
protein_0093,protein_0341,0.2549019607843137
protein_0093,protein_0343,0.10843373493975904
protein_0093,protein_0344,0.3333333333333333
protein_0093,protein_0345,0.1504424778761062
protein_0093,protein_0346,0.1504424778761062
protein_0093,protein_0347,0.1797752808988764
protein_0093,protein_0348,0.12173913043478261
protein_0093,protein_0349,0.13
protein_0093,protein_0350,0.3333333333333333
protein_0093,protein_0351,0.47126436781609193
protein_0093,protein_0352,0.13253012048192772
protein_0093,protein_0353,0.1896551724137931
protein_0093,protein_0354,0.26436781609195403
protein_0093,protein_0355,0.3563218390804598
protein_0093,protein_0356,0.14457831325301204
protein_0093,protein_0357,0.13114754098360656
protein_0093,protein_0358,0.3218390804597701
protein_0093,protein_0359,0.12605042016806722
protein_0093,protein_0360,0.27586206896551724
protein_0093,protein_0362,0.2727272727272727
protein_0093,protein_0363,0.2727272727272727
protein_0093,protein_0364,0.26436781609195403
protein_0093,protein_0365,0.24705882352941178
protein_0093,protein_0366,0.23529411764705882
protein_0093,protein_0367,0.16666666666666666
protein_0093,protein_0368,0.16853932584269662
protein_0093,protein_0369,0.12359550561797752
protein_0093,protein_0370,0.3333333333333333
protein_0093,protein_0371,0.2727272727272727
protein_0093,protein_0372,0.07339449541284404
protein_0093,protein_0373,0.12037037037037036
protein_0093,protein_0374,0.17829457364341086
protein_0093,protein_0375,0.3218390804597701
protein_0093,protein_0377,0.2988505747126437
protein_0093,protein_0378,0.18018018018018017
protein_0093,protein_0379,0.14457831325301204
protein_0093,protein_0380,0.14457831325301204
protein_0093,protein_0381,0.14457831325301204
protein_0093,protein_0382,0.2413793103448276
protein_0093,protein_0383,0.17647058823529413
protein_0093,protein_0384,0.3409090909090909
protein_0093,protein_0386,0.10784313725490197
protein_0093,protein_0387,0.11504424778761062
protein_0093,protein_0388,0.12048192771084337
protein_0093,protein_0389,0.13253012048192772
protein_0093,protein_0390,0.6896551724137931
protein_0093,protein_0392,0.3103448275862069
protein_0093,protein_0393,0.3218390804597701
protein_0093,protein_0394,0.12173913043478261
protein_0093,protein_0397,0.28735632183908044
protein_0093,protein_0398,0.1504424778761062
protein_0093,protein_0399,0.3563218390804598
protein_0094,protein_0001,0.12280701754385964
protein_0094,protein_0002,0.15789473684210525
protein_0094,protein_0003,0.17094017094017094
protein_0094,protein_0004,0.17094017094017094
protein_0094,protein_0005,0.2
protein_0094,protein_0006,0.152
protein_0094,protein_0007,0.14782608695652175
protein_0094,protein_0008,0.216
protein_0094,protein_0010,0.14049586776859505
protein_0094,protein_0011,0.19672131147540983
protein_0094,protein_0012,0.12396694214876033
protein_0094,protein_0013,0.12173913043478261
protein_0094,protein_0014,0.15254237288135594
protein_0094,protein_0016,0.16806722689075632
protein_0094,protein_0017,0.14285714285714285
protein_0094,protein_0018,0.14166666666666666
protein_0094,protein_0019,0.15789473684210525
protein_0094,protein_0020,0.19298245614035087
protein_0094,protein_0021,0.17886178861788618
protein_0094,protein_0022,0.10256410256410256
protein_0094,protein_0023,0.09401709401709402
protein_0094,protein_0024,0.3559322033898305
protein_0094,protein_0025,0.12173913043478261
protein_0094,protein_0026,0.19548872180451127
protein_0094,protein_0027,0.13178294573643412
protein_0094,protein_0028,0.15037593984962405
protein_0094,protein_0029,0.14035087719298245
protein_0094,protein_0030,0.3445378151260504
protein_0094,protein_0031,0.15833333333333333
protein_0094,protein_0032,0.1724137931034483
protein_0094,protein_0034,0.13157894736842105
protein_0094,protein_0035,0.38461538461538464
protein_0094,protein_0036,0.13157894736842105
protein_0094,protein_0037,0.1864406779661017
protein_0094,protein_0038,0.1864406779661017
protein_0094,protein_0039,0.16101694915254236
protein_0094,protein_0040,0.17543859649122806
protein_0094,protein_0041,0.16521739130434782
protein_0094,protein_0043,0.14912280701754385
protein_0094,protein_0044,0.2033898305084746
protein_0094,protein_0045,0.1565217391304348
protein_0094,protein_0046,0.14782608695652175
protein_0094,protein_0047,0.15447154471544716
protein_0094,protein_0048,0.13821138211382114
protein_0094,protein_0049,0.16393442622950818
protein_0094,protein_0050,0.15
protein_0094,protein_0051,0.14655172413793102
protein_0094,protein_0052,0.1623931623931624
protein_0094,protein_0053,0.19491525423728814
protein_0094,protein_0054,0.4146341463414634
protein_0094,protein_0055,0.4049586776859504
protein_0094,protein_0058,0.14035087719298245
protein_0094,protein_0059,0.18803418803418803
protein_0094,protein_0060,0.15702479338842976
protein_0094,protein_0061,0.17391304347826086
protein_0094,protein_0062,0.15966386554621848
protein_0094,protein_0063,0.1267605633802817
protein_0094,protein_0064,0.19658119658119658
protein_0094,protein_0065,0.1349206349206349
protein_0094,protein_0066,0.11811023622047244
protein_0094,protein_0067,0.14166666666666666
protein_0094,protein_0068,0.2033898305084746
protein_0094,protein_0069,0.14912280701754385
protein_0094,protein_0070,0.11403508771929824
protein_0094,protein_0071,0.14035087719298245
protein_0094,protein_0073,0.14912280701754385
protein_0094,protein_0074,0.16666666666666666
protein_0094,protein_0075,0.11864406779661017
protein_0094,protein_0076,0.11206896551724138
protein_0094,protein_0078,0.16393442622950818
protein_0094,protein_0079,0.16393442622950818
protein_0094,protein_0080,0.14035087719298245
protein_0094,protein_0081,0.14912280701754385
protein_0094,protein_0082,0.12598425196850394
protein_0094,protein_0083,0.11475409836065574
protein_0094,protein_0085,0.15267175572519084
protein_0094,protein_0086,0.13076923076923078
protein_0094,protein_0087,0.14035087719298245
protein_0094,protein_0088,0.15789473684210525
protein_0094,protein_0089,0.152
protein_0094,protein_0090,0.152
protein_0094,protein_0091,0.13076923076923078
protein_0094,protein_0092,0.13076923076923078
protein_0094,protein_0095,0.1893939393939394
protein_0094,protein_0096,0.14912280701754385
protein_0094,protein_0097,0.1206896551724138
protein_0094,protein_0098,0.12213740458015267
protein_0094,protein_0099,0.15702479338842976
protein_0094,protein_0100,0.1810344827586207
protein_0094,protein_0101,0.14035087719298245
protein_0094,protein_0102,0.14035087719298245
protein_0094,protein_0103,0.19298245614035087
protein_0094,protein_0105,0.09649122807017543
protein_0094,protein_0106,0.104
protein_0094,protein_0107,0.1391304347826087
protein_0094,protein_0108,0.16666666666666666
protein_0094,protein_0109,0.1565217391304348
protein_0094,protein_0110,0.16521739130434782
protein_0094,protein_0111,0.16521739130434782
protein_0094,protein_0112,0.16
protein_0094,protein_0115,0.17355371900826447
protein_0094,protein_0117,0.11811023622047244
protein_0094,protein_0118,0.15254237288135594
protein_0094,protein_0119,0.16393442622950818
protein_0094,protein_0120,0.16521739130434782
protein_0094,protein_0121,0.16521739130434782
protein_0094,protein_0122,0.17796610169491525
protein_0094,protein_0123,0.1565217391304348
protein_0094,protein_0124,0.1810344827586207
protein_0094,protein_0125,0.1557377049180328
protein_0094,protein_0127,0.13043478260869565
protein_0094,protein_0128,0.11403508771929824
protein_0094,protein_0129,0.1565217391304348
protein_0094,protein_0130,0.1484375
protein_0094,protein_0131,0.12280701754385964
protein_0094,protein_0133,0.17886178861788618
protein_0094,protein_0134,0.14912280701754385
protein_0094,protein_0135,0.1774193548387097
protein_0094,protein_0136,0.358974358974359
protein_0094,protein_0137,0.3728813559322034
protein_0094,protein_0138,0.3728813559322034
protein_0094,protein_0139,0.1565217391304348
protein_0094,protein_0140,0.1557377049180328
protein_0094,protein_0142,0.15789473684210525
protein_0094,protein_0143,0.14285714285714285
protein_0094,protein_0144,0.152
protein_0094,protein_0145,0.15517241379310345
protein_0094,protein_0146,0.1452991452991453
protein_0094,protein_0147,0.1282051282051282
protein_0094,protein_0148,0.14035087719298245
protein_0094,protein_0149,0.17391304347826086
protein_0094,protein_0150,0.18421052631578946
protein_0094,protein_0151,0.2033898305084746
protein_0094,protein_0152,0.15254237288135594
protein_0094,protein_0153,0.13709677419354838
protein_0094,protein_0154,0.17094017094017094
protein_0094,protein_0155,0.16666666666666666
protein_0094,protein_0156,0.2857142857142857
protein_0094,protein_0157,0.13793103448275862
protein_0094,protein_0159,0.1652892561983471
protein_0094,protein_0160,0.14912280701754385
protein_0094,protein_0161,0.29411764705882354
protein_0094,protein_0162,0.1452991452991453
protein_0094,protein_0163,0.09565217391304348
protein_0094,protein_0164,0.1623931623931624
protein_0094,protein_0165,0.14035087719298245
protein_0094,protein_0166,0.15833333333333333
protein_0094,protein_0167,0.16
protein_0094,protein_0168,0.17355371900826447
protein_0094,protein_0169,0.3076923076923077
protein_0094,protein_0170,0.1206896551724138
protein_0094,protein_0171,0.15254237288135594
protein_0094,protein_0172,0.3474576271186441
protein_0094,protein_0173,0.14655172413793102
protein_0094,protein_0174,0.14782608695652175
protein_0094,protein_0175,0.1391304347826087
protein_0094,protein_0176,0.14035087719298245
protein_0094,protein_0177,0.14782608695652175
protein_0094,protein_0178,0.24347826086956523
protein_0094,protein_0179,0.2672413793103448
protein_0094,protein_0180,0.1206896551724138
protein_0094,protein_0181,0.14049586776859505
protein_0094,protein_0182,0.16666666666666666
protein_0094,protein_0183,0.14285714285714285
protein_0094,protein_0184,0.17796610169491525
protein_0094,protein_0185,0.14782608695652175
protein_0094,protein_0186,0.16101694915254236
protein_0094,protein_0187,0.13043478260869565
protein_0094,protein_0188,0.1452991452991453
protein_0094,protein_0189,0.1391304347826087
protein_0094,protein_0190,0.19672131147540983
protein_0094,protein_0191,0.1724137931034483
protein_0094,protein_0192,0.17094017094017094
protein_0094,protein_0194,0.20689655172413793
protein_0094,protein_0195,0.14035087719298245
protein_0094,protein_0196,0.15789473684210525
protein_0094,protein_0197,0.125
protein_0094,protein_0198,0.16666666666666666
protein_0094,protein_0199,0.1557377049180328
protein_0094,protein_0200,0.14166666666666666
protein_0094,protein_0201,0.14285714285714285
protein_0094,protein_0202,0.125
protein_0094,protein_0203,0.3644067796610169
protein_0094,protein_0204,0.14035087719298245
protein_0094,protein_0205,0.14485981308411214
protein_0094,protein_0206,0.1322314049586777
protein_0094,protein_0207,0.3387096774193548
protein_0094,protein_0208,0.14285714285714285
protein_0094,protein_0211,0.16153846153846155
protein_0094,protein_0212,0.13157894736842105
protein_0094,protein_0213,0.16666666666666666
protein_0094,protein_0214,0.17543859649122806
protein_0094,protein_0215,0.11403508771929824
protein_0094,protein_0216,0.09401709401709402
protein_0094,protein_0217,0.16393442622950818
protein_0094,protein_0218,0.17391304347826086
protein_0094,protein_0219,0.29508196721311475
protein_0094,protein_0220,0.18803418803418803
protein_0094,protein_0221,0.09649122807017543
protein_0094,protein_0222,0.16393442622950818
protein_0094,protein_0223,0.14912280701754385
protein_0094,protein_0224,0.13559322033898305
protein_0094,protein_0226,0.14782608695652175
protein_0094,protein_0227,0.13675213675213677
protein_0094,protein_0228,0.13157894736842105
protein_0094,protein_0229,0.16666666666666666
protein_0094,protein_0230,0.1282051282051282
protein_0094,protein_0233,0.19863013698630136
protein_0094,protein_0234,0.1864406779661017
protein_0094,protein_0235,0.15254237288135594
protein_0094,protein_0236,0.17123287671232876
protein_0094,protein_0237,0.17123287671232876
protein_0094,protein_0238,0.16911764705882354
protein_0094,protein_0239,0.12195121951219512
protein_0094,protein_0240,0.14782608695652175
protein_0094,protein_0241,0.1440677966101695
protein_0094,protein_0242,0.14035087719298245
protein_0094,protein_0243,0.12280701754385964
protein_0094,protein_0244,0.14655172413793102
protein_0094,protein_0245,0.176056338028169
protein_0094,protein_0246,0.16379310344827586
protein_0094,protein_0247,0.15267175572519084
protein_0094,protein_0248,0.16521739130434782
protein_0094,protein_0249,0.1623931623931624
protein_0094,protein_0250,0.13559322033898305
protein_0094,protein_0251,0.14782608695652175
protein_0094,protein_0252,0.14285714285714285
protein_0094,protein_0253,0.15873015873015872
protein_0094,protein_0254,0.11403508771929824
protein_0094,protein_0255,0.12359550561797752
protein_0094,protein_0256,0.36134453781512604
protein_0094,protein_0257,0.3559322033898305
protein_0094,protein_0258,0.10833333333333334
protein_0094,protein_0259,0.14912280701754385
protein_0094,protein_0260,0.14912280701754385
protein_0094,protein_0263,0.14285714285714285
protein_0094,protein_0264,0.2066115702479339
protein_0094,protein_0265,0.2066115702479339
protein_0094,protein_0267,0.14285714285714285
protein_0094,protein_0268,0.15
protein_0094,protein_0269,0.39316239316239315
protein_0094,protein_0270,0.13445378151260504
protein_0094,protein_0272,0.15517241379310345
protein_0094,protein_0273,0.15517241379310345
protein_0094,protein_0274,0.15384615384615385
protein_0094,protein_0275,0.15126050420168066
protein_0094,protein_0276,0.16379310344827586
protein_0094,protein_0277,0.13675213675213677
protein_0094,protein_0279,0.17647058823529413
protein_0094,protein_0281,0.16030534351145037
protein_0094,protein_0282,0.13157894736842105
protein_0094,protein_0283,0.13302752293577982
protein_0094,protein_0284,0.16101694915254236
protein_0094,protein_0285,0.1452991452991453
protein_0094,protein_0286,0.13157894736842105
protein_0094,protein_0287,0.16260162601626016
protein_0094,protein_0288,0.1623931623931624
protein_0094,protein_0289,0.14912280701754385
protein_0094,protein_0290,0.1640625
protein_0094,protein_0291,0.14655172413793102
protein_0094,protein_0292,0.14912280701754385
protein_0094,protein_0293,0.1864406779661017
protein_0094,protein_0294,0.1322314049586777
protein_0094,protein_0295,0.15517241379310345
protein_0094,protein_0296,0.48695652173913045
protein_0094,protein_0297,0.15702479338842976
protein_0094,protein_0298,0.14035087719298245
protein_0094,protein_0299,0.20689655172413793
protein_0094,protein_0300,0.1826086956521739
protein_0094,protein_0301,0.18421052631578946
protein_0094,protein_0302,0.11818181818181818
protein_0094,protein_0303,0.14912280701754385
protein_0094,protein_0304,0.15789473684210525
protein_0094,protein_0305,0.1271186440677966
protein_0094,protein_0306,0.4049586776859504
protein_0094,protein_0307,0.4180327868852459
protein_0094,protein_0308,0.25862068965517243
protein_0094,protein_0309,0.14782608695652175
protein_0094,protein_0310,0.1864406779661017
protein_0094,protein_0311,0.17543859649122806
protein_0094,protein_0312,0.14782608695652175
protein_0094,protein_0313,0.17391304347826086
protein_0094,protein_0314,0.13934426229508196
protein_0094,protein_0315,0.3333333333333333
protein_0094,protein_0316,0.12280701754385964
protein_0094,protein_0317,0.15873015873015872
protein_0094,protein_0318,0.1322314049586777
protein_0094,protein_0319,0.11403508771929824
protein_0094,protein_0320,0.1623931623931624
protein_0094,protein_0321,0.16521739130434782
protein_0094,protein_0322,0.17391304347826086
protein_0094,protein_0323,0.16521739130434782
protein_0094,protein_0324,0.12280701754385964
protein_0094,protein_0325,0.15503875968992248
protein_0094,protein_0326,0.12280701754385964
protein_0094,protein_0327,0.19327731092436976
protein_0094,protein_0328,0.14285714285714285
protein_0094,protein_0330,0.13333333333333333
protein_0094,protein_0331,0.15517241379310345
protein_0094,protein_0332,0.1864406779661017
protein_0094,protein_0333,0.1794871794871795
protein_0094,protein_0334,0.16101694915254236
protein_0094,protein_0335,0.13934426229508196
protein_0094,protein_0336,0.13157894736842105
protein_0094,protein_0337,0.1736111111111111
protein_0094,protein_0338,0.15789473684210525
protein_0094,protein_0339,0.14035087719298245
protein_0094,protein_0340,0.16666666666666666
protein_0094,protein_0341,0.1984126984126984
protein_0094,protein_0343,0.12396694214876033
protein_0094,protein_0344,0.1810344827586207
protein_0094,protein_0345,0.136
protein_0094,protein_0346,0.136
protein_0094,protein_0347,0.16379310344827586
protein_0094,protein_0348,0.2892561983471074
protein_0094,protein_0349,0.14782608695652175
protein_0094,protein_0350,0.14912280701754385
protein_0094,protein_0351,0.13821138211382114
protein_0094,protein_0352,0.14782608695652175
protein_0094,protein_0353,0.10483870967741936
protein_0094,protein_0354,0.14912280701754385
protein_0094,protein_0355,0.17094017094017094
protein_0094,protein_0356,0.14912280701754385
protein_0094,protein_0357,0.2396694214876033
protein_0094,protein_0358,0.1623931623931624
protein_0094,protein_0359,0.38016528925619836
protein_0094,protein_0360,0.14912280701754385
protein_0094,protein_0362,0.16101694915254236
protein_0094,protein_0363,0.16101694915254236
protein_0094,protein_0364,0.16101694915254236
protein_0094,protein_0365,0.16806722689075632
protein_0094,protein_0366,0.16379310344827586
protein_0094,protein_0367,0.1864406779661017
protein_0094,protein_0368,0.17391304347826086
protein_0094,protein_0369,0.1724137931034483
protein_0094,protein_0370,0.1810344827586207
protein_0094,protein_0371,0.17647058823529413
protein_0094,protein_0372,0.11926605504587157
protein_0094,protein_0373,0.1440677966101695
protein_0094,protein_0374,0.37815126050420167
protein_0094,protein_0375,0.13675213675213677
protein_0094,protein_0377,0.1623931623931624
protein_0094,protein_0378,0.13333333333333333
protein_0094,protein_0379,0.1440677966101695
protein_0094,protein_0380,0.1440677966101695
protein_0094,protein_0381,0.1440677966101695
protein_0094,protein_0382,0.15789473684210525
protein_0094,protein_0383,0.16379310344827586
protein_0094,protein_0384,0.13157894736842105
protein_0094,protein_0386,0.15873015873015872
protein_0094,protein_0387,0.36666666666666664
protein_0094,protein_0388,0.13157894736842105
protein_0094,protein_0389,0.10526315789473684
protein_0094,protein_0390,0.15789473684210525
protein_0094,protein_0392,0.12173913043478261
protein_0094,protein_0393,0.13043478260869565
protein_0094,protein_0394,0.2956521739130435
protein_0094,protein_0397,0.14035087719298245
protein_0094,protein_0398,0.15873015873015872
protein_0094,protein_0399,0.14035087719298245
protein_0104,protein_0001,0.13675213675213677
protein_0104,protein_0002,0.11570247933884298
protein_0104,protein_0003,0.15254237288135594
protein_0104,protein_0004,0.1746031746031746
protein_0104,protein_0005,0.1282051282051282
protein_0104,protein_0006,0.13675213675213677
protein_0104,protein_0007,0.15384615384615385
protein_0104,protein_0008,0.216
protein_0104,protein_0010,0.14173228346456693
protein_0104,protein_0011,0.16129032258064516
protein_0104,protein_0012,0.15079365079365079
protein_0104,protein_0013,0.1452991452991453
protein_0104,protein_0014,0.1984126984126984
protein_0104,protein_0016,0.168
protein_0104,protein_0017,0.16993464052287582
protein_0104,protein_0018,0.12195121951219512
protein_0104,protein_0019,0.13675213675213677
protein_0104,protein_0020,0.168
protein_0104,protein_0021,0.16129032258064516
protein_0104,protein_0022,0.15
protein_0104,protein_0023,0.136
protein_0104,protein_0024,0.6495726495726496
protein_0104,protein_0025,0.17073170731707318
protein_0104,protein_0026,0.17006802721088435
protein_0104,protein_0027,0.1016949152542373
protein_0104,protein_0028,0.145985401459854
protein_0104,protein_0029,0.136
protein_0104,protein_0030,0.3046875
protein_0104,protein_0031,0.1732283464566929
protein_0104,protein_0032,0.14285714285714285
protein_0104,protein_0034,0.10256410256410256
protein_0104,protein_0035,0.42735042735042733
protein_0104,protein_0036,0.11965811965811966
protein_0104,protein_0037,0.125
protein_0104,protein_0038,0.125
protein_0104,protein_0039,0.1794871794871795
protein_0104,protein_0040,0.1282051282051282
protein_0104,protein_0041,0.176
protein_0104,protein_0043,0.1440677966101695
protein_0104,protein_0044,0.13559322033898305
protein_0104,protein_0045,0.1623931623931624
protein_0104,protein_0046,0.13675213675213677
protein_0104,protein_0047,0.1487603305785124
protein_0104,protein_0048,0.1282051282051282
protein_0104,protein_0049,0.13821138211382114
protein_0104,protein_0050,0.15
protein_0104,protein_0051,0.12605042016806722
protein_0104,protein_0052,0.136
protein_0104,protein_0053,0.176
protein_0104,protein_0054,0.43089430894308944
protein_0104,protein_0055,0.4358974358974359
protein_0104,protein_0058,0.11764705882352941
protein_0104,protein_0059,0.14634146341463414
protein_0104,protein_0060,0.15873015873015872
protein_0104,protein_0061,0.15833333333333333
protein_0104,protein_0062,0.15
protein_0104,protein_0063,0.15315315315315314
protein_0104,protein_0064,0.15384615384615385
protein_0104,protein_0065,0.18548387096774194
protein_0104,protein_0066,0.175
protein_0104,protein_0067,0.18110236220472442
protein_0104,protein_0068,0.15873015873015872
protein_0104,protein_0069,0.20634920634920634
protein_0104,protein_0070,0.152
protein_0104,protein_0071,0.17094017094017094
protein_0104,protein_0073,0.144
protein_0104,protein_0074,0.15702479338842976
protein_0104,protein_0075,0.112
protein_0104,protein_0076,0.1111111111111111
protein_0104,protein_0078,0.11627906976744186
protein_0104,protein_0079,0.11627906976744186
protein_0104,protein_0080,0.14728682170542637
protein_0104,protein_0081,0.15966386554621848
protein_0104,protein_0082,0.18253968253968253
protein_0104,protein_0083,0.18253968253968253
protein_0104,protein_0085,0.15748031496062992
protein_0104,protein_0086,0.15447154471544716
protein_0104,protein_0087,0.1282051282051282
protein_0104,protein_0088,0.1623931623931624
protein_0104,protein_0089,0.19402985074626866
protein_0104,protein_0090,0.17829457364341086
protein_0104,protein_0091,0.15254237288135594
protein_0104,protein_0092,0.15254237288135594
protein_0104,protein_0095,0.1937984496124031
protein_0104,protein_0096,0.15748031496062992
protein_0104,protein_0097,0.13740458015267176
protein_0104,protein_0098,0.15384615384615385
protein_0104,protein_0099,0.14925373134328357
protein_0104,protein_0100,0.15384615384615385
protein_0104,protein_0101,0.13178294573643412
protein_0104,protein_0102,0.136
protein_0104,protein_0103,0.152
protein_0104,protein_0105,0.07692307692307693
protein_0104,protein_0106,0.15492957746478872
protein_0104,protein_0107,0.18487394957983194
protein_0104,protein_0108,0.10256410256410256
protein_0104,protein_0109,0.15384615384615385
protein_0104,protein_0110,0.16535433070866143
protein_0104,protein_0111,0.13559322033898305
protein_0104,protein_0112,0.1693548387096774
protein_0104,protein_0115,0.168
protein_0104,protein_0117,0.14173228346456693
protein_0104,protein_0118,0.1271186440677966
protein_0104,protein_0119,0.16666666666666666
protein_0104,protein_0120,0.096
protein_0104,protein_0121,0.096
protein_0104,protein_0122,0.13934426229508196
protein_0104,protein_0123,0.1111111111111111
protein_0104,protein_0124,0.15625
protein_0104,protein_0125,0.18461538461538463
protein_0104,protein_0127,0.18110236220472442
protein_0104,protein_0128,0.1557377049180328
protein_0104,protein_0129,0.16535433070866143
protein_0104,protein_0130,0.1968503937007874
protein_0104,protein_0131,0.10256410256410256
protein_0104,protein_0133,0.18705035971223022
protein_0104,protein_0134,0.18181818181818182
protein_0104,protein_0135,0.15873015873015872
protein_0104,protein_0136,0.4188034188034188
protein_0104,protein_0137,0.38524590163934425
protein_0104,protein_0138,0.38524590163934425
protein_0104,protein_0139,0.13675213675213677
protein_0104,protein_0140,0.1694915254237288
protein_0104,protein_0142,0.1652892561983471
protein_0104,protein_0143,0.19658119658119658
protein_0104,protein_0144,0.17094017094017094
protein_0104,protein_0145,0.1452991452991453
protein_0104,protein_0146,0.11864406779661017
protein_0104,protein_0147,0.15748031496062992
protein_0104,protein_0148,0.13385826771653545
protein_0104,protein_0149,0.13675213675213677
protein_0104,protein_0150,0.15966386554621848
protein_0104,protein_0151,0.20168067226890757
protein_0104,protein_0152,0.11864406779661017
protein_0104,protein_0153,0.15
protein_0104,protein_0154,0.15
protein_0104,protein_0155,0.14516129032258066
protein_0104,protein_0156,0.2457627118644068
protein_0104,protein_0157,0.13114754098360656
protein_0104,protein_0159,0.15079365079365079
protein_0104,protein_0160,0.15
protein_0104,protein_0161,0.35294117647058826
protein_0104,protein_0162,0.1652892561983471
protein_0104,protein_0163,0.18487394957983194
protein_0104,protein_0164,0.1557377049180328
protein_0104,protein_0165,0.11965811965811966
protein_0104,protein_0166,0.14754098360655737
protein_0104,protein_0167,0.14960629921259844
protein_0104,protein_0168,0.19047619047619047
protein_0104,protein_0169,0.3898305084745763
protein_0104,protein_0170,0.18333333333333332
protein_0104,protein_0171,0.19047619047619047
protein_0104,protein_0172,0.5299145299145299
protein_0104,protein_0173,0.11965811965811966
protein_0104,protein_0174,0.15833333333333333
protein_0104,protein_0175,0.15833333333333333
protein_0104,protein_0176,0.15384615384615385
protein_0104,protein_0177,0.11965811965811966
protein_0104,protein_0178,0.3140495867768595
protein_0104,protein_0179,0.3305785123966942
protein_0104,protein_0180,0.16541353383458646
protein_0104,protein_0181,0.15748031496062992
protein_0104,protein_0182,0.192
protein_0104,protein_0183,0.152
protein_0104,protein_0184,0.1111111111111111
protein_0104,protein_0185,0.1111111111111111
protein_0104,protein_0186,0.19166666666666668
protein_0104,protein_0187,0.14166666666666666
protein_0104,protein_0188,0.11016949152542373
protein_0104,protein_0189,0.16535433070866143
protein_0104,protein_0190,0.1282051282051282
protein_0104,protein_0191,0.184
protein_0104,protein_0192,0.16260162601626016
protein_0104,protein_0194,0.168
protein_0104,protein_0195,0.15873015873015872
protein_0104,protein_0196,0.16101694915254236
protein_0104,protein_0197,0.144
protein_0104,protein_0198,0.14285714285714285
protein_0104,protein_0199,0.16541353383458646
protein_0104,protein_0200,0.1349206349206349
protein_0104,protein_0201,0.16806722689075632
protein_0104,protein_0202,0.1693548387096774
protein_0104,protein_0203,0.4188034188034188
protein_0104,protein_0204,0.1452991452991453
protein_0104,protein_0205,0.1590909090909091
protein_0104,protein_0206,0.15873015873015872
protein_0104,protein_0207,0.5470085470085471
protein_0104,protein_0208,0.15267175572519084
protein_0104,protein_0211,0.1557377049180328
protein_0104,protein_0212,0.10256410256410256
protein_0104,protein_0213,0.14173228346456693
protein_0104,protein_0214,0.15384615384615385
protein_0104,protein_0215,0.09322033898305085
protein_0104,protein_0216,0.13740458015267176
protein_0104,protein_0217,0.15254237288135594
protein_0104,protein_0218,0.16176470588235295
protein_0104,protein_0219,0.31092436974789917
protein_0104,protein_0220,0.15966386554621848
protein_0104,protein_0221,0.1111111111111111
protein_0104,protein_0222,0.11965811965811966
protein_0104,protein_0223,0.10483870967741936
protein_0104,protein_0224,0.13675213675213677
protein_0104,protein_0226,0.10256410256410256
protein_0104,protein_0227,0.1092436974789916
protein_0104,protein_0228,0.17424242424242425
protein_0104,protein_0229,0.13821138211382114
protein_0104,protein_0230,0.12605042016806722
protein_0104,protein_0233,0.1793103448275862
protein_0104,protein_0234,0.15079365079365079
protein_0104,protein_0235,0.1652892561983471
protein_0104,protein_0236,0.13194444444444445
protein_0104,protein_0237,0.13194444444444445
protein_0104,protein_0238,0.14583333333333334
protein_0104,protein_0239,0.11965811965811966
protein_0104,protein_0240,0.11965811965811966
protein_0104,protein_0241,0.15384615384615385
protein_0104,protein_0242,0.11965811965811966
protein_0104,protein_0243,0.1652892561983471
protein_0104,protein_0244,0.14516129032258066
protein_0104,protein_0245,0.18439716312056736
protein_0104,protein_0246,0.18110236220472442
protein_0104,protein_0247,0.152
protein_0104,protein_0248,0.15384615384615385
protein_0104,protein_0249,0.15384615384615385
protein_0104,protein_0250,0.13953488372093023
protein_0104,protein_0251,0.075
protein_0104,protein_0252,0.12295081967213115
protein_0104,protein_0253,0.13432835820895522
protein_0104,protein_0254,0.10655737704918032
protein_0104,protein_0255,0.15730337078651685
protein_0104,protein_0256,0.3813559322033898
protein_0104,protein_0257,0.3644067796610169
protein_0104,protein_0258,0.12
protein_0104,protein_0259,0.1452991452991453
protein_0104,protein_0260,0.1452991452991453
protein_0104,protein_0263,0.152317880794702
protein_0104,protein_0264,0.1640625
protein_0104,protein_0265,0.1640625
protein_0104,protein_0267,0.128
protein_0104,protein_0268,0.11965811965811966
protein_0104,protein_0269,0.3333333333333333
protein_0104,protein_0270,0.1111111111111111
protein_0104,protein_0272,0.12
protein_0104,protein_0273,0.13836477987421383
protein_0104,protein_0274,0.125
protein_0104,protein_0275,0.1746031746031746
protein_0104,protein_0276,0.1875
protein_0104,protein_0277,0.1282051282051282
protein_0104,protein_0279,0.144
protein_0104,protein_0281,0.14615384615384616
protein_0104,protein_0282,0.1440677966101695
protein_0104,protein_0283,0.11009174311926606
protein_0104,protein_0284,0.15384615384615385
protein_0104,protein_0285,0.15966386554621848
protein_0104,protein_0286,0.13675213675213677
protein_0104,protein_0287,0.125
protein_0104,protein_0288,0.15
protein_0104,protein_0289,0.15126050420168066
protein_0104,protein_0290,0.1746031746031746
protein_0104,protein_0291,0.17355371900826447
protein_0104,protein_0292,0.11965811965811966
protein_0104,protein_0293,0.1590909090909091
protein_0104,protein_0294,0.17355371900826447
protein_0104,protein_0295,0.11570247933884298
protein_0104,protein_0296,0.3418803418803419
protein_0104,protein_0297,0.13675213675213677
protein_0104,protein_0298,0.11764705882352941
protein_0104,protein_0299,0.1452991452991453
protein_0104,protein_0300,0.125
protein_0104,protein_0301,0.13559322033898305
protein_0104,protein_0302,0.1222707423580786
protein_0104,protein_0303,0.1440677966101695
protein_0104,protein_0304,0.13559322033898305
protein_0104,protein_0305,0.15126050420168066
protein_0104,protein_0306,0.4358974358974359
protein_0104,protein_0307,0.4016393442622951
protein_0104,protein_0308,0.312
protein_0104,protein_0309,0.1623931623931624
protein_0104,protein_0310,0.1774193548387097
protein_0104,protein_0311,0.168
protein_0104,protein_0312,0.15384615384615385
protein_0104,protein_0313,0.1885245901639344
protein_0104,protein_0314,0.152
protein_0104,protein_0315,0.5508474576271186
protein_0104,protein_0316,0.112
protein_0104,protein_0317,0.1721311475409836
protein_0104,protein_0318,0.1417910447761194
protein_0104,protein_0319,0.128
protein_0104,protein_0320,0.19008264462809918
protein_0104,protein_0321,0.1452991452991453
protein_0104,protein_0322,0.14754098360655737
protein_0104,protein_0323,0.1282051282051282
protein_0104,protein_0324,0.11811023622047244
protein_0104,protein_0325,0.15789473684210525
protein_0104,protein_0326,0.15126050420168066
protein_0104,protein_0327,0.1452991452991453
protein_0104,protein_0328,0.18699186991869918
protein_0104,protein_0330,0.14516129032258066
protein_0104,protein_0331,0.136
protein_0104,protein_0332,0.16279069767441862
protein_0104,protein_0333,0.1885245901639344
protein_0104,protein_0334,0.1452991452991453
protein_0104,protein_0335,0.16666666666666666
protein_0104,protein_0336,0.1282051282051282
protein_0104,protein_0337,0.1693548387096774
protein_0104,protein_0338,0.15267175572519084
protein_0104,protein_0339,0.12698412698412698
protein_0104,protein_0340,0.1885245901639344
protein_0104,protein_0341,0.140625
protein_0104,protein_0343,0.15126050420168066
protein_0104,protein_0344,0.19166666666666668
protein_0104,protein_0345,0.14285714285714285
protein_0104,protein_0346,0.14285714285714285
protein_0104,protein_0347,0.1452991452991453
protein_0104,protein_0348,0.34710743801652894
protein_0104,protein_0349,0.20168067226890757
protein_0104,protein_0350,0.15833333333333333
protein_0104,protein_0351,0.096
protein_0104,protein_0352,0.11965811965811966
protein_0104,protein_0353,0.17567567567567569
protein_0104,protein_0354,0.1282051282051282
protein_0104,protein_0355,0.15873015873015872
protein_0104,protein_0356,0.1282051282051282
protein_0104,protein_0357,0.2698412698412698
protein_0104,protein_0358,0.175
protein_0104,protein_0359,0.3416666666666667
protein_0104,protein_0360,0.128
protein_0104,protein_0362,0.09401709401709402
protein_0104,protein_0363,0.09401709401709402
protein_0104,protein_0364,0.10256410256410256
protein_0104,protein_0365,0.152
protein_0104,protein_0366,0.152
protein_0104,protein_0367,0.21428571428571427
protein_0104,protein_0368,0.06837606837606838
protein_0104,protein_0369,0.13675213675213677
protein_0104,protein_0370,0.19166666666666668
protein_0104,protein_0371,0.16666666666666666
protein_0104,protein_0372,0.1095890410958904
protein_0104,protein_0373,0.1732283464566929
protein_0104,protein_0374,0.4188034188034188
protein_0104,protein_0375,0.12698412698412698
protein_0104,protein_0377,0.1452991452991453
protein_0104,protein_0378,0.11627906976744186
protein_0104,protein_0379,0.1557377049180328
protein_0104,protein_0380,0.1557377049180328
protein_0104,protein_0381,0.1557377049180328
protein_0104,protein_0382,0.1885245901639344
protein_0104,protein_0383,0.1452991452991453
protein_0104,protein_0384,0.168
protein_0104,protein_0386,0.13709677419354838
protein_0104,protein_0387,0.423728813559322
protein_0104,protein_0388,0.1282051282051282
protein_0104,protein_0389,0.10084033613445378
protein_0104,protein_0390,0.16
protein_0104,protein_0392,0.1652892561983471
protein_0104,protein_0393,0.15833333333333333
protein_0104,protein_0394,0.31666666666666665
protein_0104,protein_0397,0.192
protein_0104,protein_0398,0.1732283464566929
protein_0104,protein_0399,0.1732283464566929
protein_0113,protein_0001,0.16853932584269662
protein_0113,protein_0002,0.21978021978021978
protein_0113,protein_0003,0.36666666666666664
protein_0113,protein_0004,0.28735632183908044
protein_0113,protein_0005,0.17708333333333334
protein_0113,protein_0006,0.4772727272727273
protein_0113,protein_0007,0.19318181818181818
protein_0113,protein_0008,0.13861386138613863
protein_0113,protein_0010,0.47126436781609193
protein_0113,protein_0011,0.5172413793103449
protein_0113,protein_0012,0.5632183908045977
protein_0113,protein_0013,0.2111111111111111
protein_0113,protein_0014,0.1650485436893204
protein_0113,protein_0016,0.1485148514851485
protein_0113,protein_0017,0.10852713178294573
protein_0113,protein_0018,0.27586206896551724
protein_0113,protein_0019,0.19318181818181818
protein_0113,protein_0020,0.29473684210526313
protein_0113,protein_0021,0.16666666666666666
protein_0113,protein_0022,0.18181818181818182
protein_0113,protein_0023,0.22429906542056074
protein_0113,protein_0024,0.11764705882352941
protein_0113,protein_0025,0.2413793103448276
protein_0113,protein_0026,0.12213740458015267
protein_0113,protein_0027,0.21739130434782608
protein_0113,protein_0028,0.16981132075471697
protein_0113,protein_0029,0.16853932584269662
protein_0113,protein_0030,0.21428571428571427
protein_0113,protein_0031,0.1559633027522936
protein_0113,protein_0032,0.3181818181818182
protein_0113,protein_0034,0.5057471264367817
protein_0113,protein_0035,0.16363636363636364
protein_0113,protein_0036,0.14772727272727273
protein_0113,protein_0037,0.25287356321839083
protein_0113,protein_0038,0.25287356321839083
protein_0113,protein_0039,0.3333333333333333
protein_0113,protein_0040,0.14285714285714285
protein_0113,protein_0041,0.28735632183908044
protein_0113,protein_0043,0.25287356321839083
protein_0113,protein_0044,0.21839080459770116
protein_0113,protein_0045,0.3333333333333333
protein_0113,protein_0046,0.1724137931034483
protein_0113,protein_0047,0.45454545454545453
protein_0113,protein_0048,0.48863636363636365
protein_0113,protein_0049,0.42528735632183906
protein_0113,protein_0050,0.09900990099009901
protein_0113,protein_0051,0.15053763440860216
protein_0113,protein_0052,0.3258426966292135
protein_0113,protein_0053,0.3218390804597701
protein_0113,protein_0054,0.1282051282051282
protein_0113,protein_0055,0.1652892561983471
protein_0113,protein_0058,0.1348314606741573
protein_0113,protein_0059,0.25287356321839083
protein_0113,protein_0060,0.15517241379310345
protein_0113,protein_0061,0.21978021978021978
protein_0113,protein_0062,0.3103448275862069
protein_0113,protein_0063,0.0787037037037037
protein_0113,protein_0064,0.2988505747126437
protein_0113,protein_0065,0.1919191919191919
protein_0113,protein_0066,0.1188118811881188
protein_0113,protein_0067,0.47126436781609193
protein_0113,protein_0068,0.3218390804597701
protein_0113,protein_0069,0.4772727272727273
protein_0113,protein_0070,0.28735632183908044
protein_0113,protein_0071,0.3191489361702128
protein_0113,protein_0073,0.34831460674157305
protein_0113,protein_0074,0.1568627450980392
protein_0113,protein_0075,0.19387755102040816
protein_0113,protein_0076,0.14772727272727273
protein_0113,protein_0078,0.12727272727272726
protein_0113,protein_0079,0.12727272727272726
protein_0113,protein_0080,0.3793103448275862
protein_0113,protein_0081,0.3563218390804598
protein_0113,protein_0082,0.15384615384615385
protein_0113,protein_0083,0.40229885057471265
protein_0113,protein_0085,0.1523809523809524
protein_0113,protein_0086,0.17307692307692307
protein_0113,protein_0087,0.19101123595505617
protein_0113,protein_0088,0.3218390804597701
protein_0113,protein_0089,0.1623931623931624
protein_0113,protein_0090,0.1623931623931624
protein_0113,protein_0091,0.17094017094017094
protein_0113,protein_0092,0.17094017094017094
protein_0113,protein_0095,0.15267175572519084
protein_0113,protein_0096,0.13636363636363635
protein_0113,protein_0097,0.3793103448275862
protein_0113,protein_0098,0.2988505747126437
protein_0113,protein_0099,0.12605042016806722
protein_0113,protein_0100,0.19791666666666666
protein_0113,protein_0101,0.34831460674157305
protein_0113,protein_0102,0.2988505747126437
protein_0113,protein_0103,0.24731182795698925
protein_0113,protein_0105,0.13541666666666666
protein_0113,protein_0106,0.14754098360655737
protein_0113,protein_0107,0.3448275862068966
protein_0113,protein_0108,0.22988505747126436
protein_0113,protein_0109,0.13978494623655913
protein_0113,protein_0110,0.5
protein_0113,protein_0111,0.3218390804597701
protein_0113,protein_0112,0.13131313131313133
protein_0113,protein_0115,0.22988505747126436
protein_0113,protein_0117,0.21311475409836064
protein_0113,protein_0118,0.20689655172413793
protein_0113,protein_0119,0.13
protein_0113,protein_0120,0.27586206896551724
protein_0113,protein_0121,0.27586206896551724
protein_0113,protein_0122,0.26436781609195403
protein_0113,protein_0123,0.12643678160919541
protein_0113,protein_0124,0.2988505747126437
protein_0113,protein_0125,0.17475728155339806
protein_0113,protein_0127,0.3218390804597701
protein_0113,protein_0128,0.3218390804597701
protein_0113,protein_0129,0.2413793103448276
protein_0113,protein_0130,0.15151515151515152
protein_0113,protein_0131,0.1590909090909091
protein_0113,protein_0133,0.23148148148148148
protein_0113,protein_0134,0.3068181818181818
protein_0113,protein_0135,0.2988505747126437
protein_0113,protein_0136,0.1322314049586777
protein_0113,protein_0137,0.15833333333333333
protein_0113,protein_0138,0.15833333333333333
protein_0113,protein_0139,0.14942528735632185
protein_0113,protein_0140,0.4827586206896552
protein_0113,protein_0142,0.45977011494252873
protein_0113,protein_0143,0.26436781609195403
protein_0113,protein_0144,0.27586206896551724
protein_0113,protein_0145,0.19318181818181818
protein_0113,protein_0146,0.1702127659574468
protein_0113,protein_0147,0.3333333333333333
protein_0113,protein_0148,0.3448275862068966
protein_0113,protein_0149,0.16853932584269662
protein_0113,protein_0150,0.3068181818181818
protein_0113,protein_0151,0.19101123595505617
protein_0113,protein_0152,0.14444444444444443
protein_0113,protein_0153,0.17582417582417584
protein_0113,protein_0154,0.1590909090909091
protein_0113,protein_0155,0.15384615384615385
protein_0113,protein_0156,0.18584070796460178
protein_0113,protein_0157,0.24
protein_0113,protein_0159,0.34831460674157305
protein_0113,protein_0160,0.27472527472527475
protein_0113,protein_0161,0.1282051282051282
protein_0113,protein_0162,0.27586206896551724
protein_0113,protein_0163,0.14150943396226415
protein_0113,protein_0164,0.25287356321839083
protein_0113,protein_0165,0.1839080459770115
protein_0113,protein_0166,0.27586206896551724
protein_0113,protein_0167,0.17117117117117117
protein_0113,protein_0168,0.16216216216216217
protein_0113,protein_0169,0.12295081967213115
protein_0113,protein_0170,0.25287356321839083
protein_0113,protein_0171,0.2988505747126437
protein_0113,protein_0172,0.1440677966101695
protein_0113,protein_0173,0.3103448275862069
protein_0113,protein_0174,0.27586206896551724
protein_0113,protein_0175,0.26436781609195403
protein_0113,protein_0176,0.1724137931034483
protein_0113,protein_0177,0.14606741573033707
protein_0113,protein_0178,0.2
protein_0113,protein_0179,0.1504424778761062
protein_0113,protein_0180,0.27586206896551724
protein_0113,protein_0181,0.47126436781609193
protein_0113,protein_0182,0.29545454545454547
protein_0113,protein_0183,0.1782178217821782
protein_0113,protein_0184,0.26436781609195403
protein_0113,protein_0185,0.15217391304347827
protein_0113,protein_0186,0.19
protein_0113,protein_0187,0.25287356321839083
protein_0113,protein_0188,0.1724137931034483
protein_0113,protein_0189,0.34444444444444444
protein_0113,protein_0190,0.44086021505376344
protein_0113,protein_0191,0.32222222222222224
protein_0113,protein_0192,0.28735632183908044
protein_0113,protein_0194,0.2988505747126437
protein_0113,protein_0195,0.4482758620689655
protein_0113,protein_0196,0.47126436781609193
protein_0113,protein_0197,0.5862068965517241
protein_0113,protein_0198,0.28735632183908044
protein_0113,protein_0199,0.2111111111111111
protein_0113,protein_0200,0.4943820224719101
protein_0113,protein_0201,0.12264150943396226
protein_0113,protein_0202,0.3563218390804598
protein_0113,protein_0203,0.1282051282051282
protein_0113,protein_0204,0.17777777777777778
protein_0113,protein_0205,0.11374407582938388
protein_0113,protein_0206,0.5632183908045977
protein_0113,protein_0207,0.11764705882352941
protein_0113,protein_0208,0.11926605504587157
protein_0113,protein_0211,0.1836734693877551
protein_0113,protein_0212,0.14606741573033707
protein_0113,protein_0213,0.3103448275862069
protein_0113,protein_0214,0.08045977011494253
protein_0113,protein_0215,0.1134020618556701
protein_0113,protein_0216,0.14035087719298245
protein_0113,protein_0217,0.19387755102040816
protein_0113,protein_0218,0.1349206349206349
protein_0113,protein_0219,0.144
protein_0113,protein_0220,0.3068181818181818
protein_0113,protein_0221,0.11494252873563218
protein_0113,protein_0222,0.43333333333333335
protein_0113,protein_0223,0.12903225806451613
protein_0113,protein_0224,0.13829787234042554
protein_0113,protein_0226,0.15625
protein_0113,protein_0227,0.1724137931034483
protein_0113,protein_0228,0.21978021978021978
protein_0113,protein_0229,0.16483516483516483
protein_0113,protein_0230,0.1956521739130435
protein_0113,protein_0233,0.12598425196850394
protein_0113,protein_0234,0.20192307692307693
protein_0113,protein_0235,0.1523809523809524
protein_0113,protein_0236,0.5057471264367817
protein_0113,protein_0237,0.5057471264367817
protein_0113,protein_0238,0.13533834586466165
protein_0113,protein_0239,0.26436781609195403
protein_0113,protein_0240,0.25287356321839083
protein_0113,protein_0241,0.2413793103448276
protein_0113,protein_0242,0.14942528735632185
protein_0113,protein_0243,0.25287356321839083
protein_0113,protein_0244,0.21839080459770116
protein_0113,protein_0245,0.14084507042253522
protein_0113,protein_0246,0.2
protein_0113,protein_0247,0.1590909090909091
protein_0113,protein_0248,0.3448275862068966
protein_0113,protein_0249,0.26436781609195403
protein_0113,protein_0250,0.2247191011235955
protein_0113,protein_0251,0.16666666666666666
protein_0113,protein_0252,0.16842105263157894
protein_0113,protein_0253,0.13274336283185842
protein_0113,protein_0254,0.1978021978021978
protein_0113,protein_0255,0.09941520467836257
protein_0113,protein_0256,0.15384615384615385
protein_0113,protein_0257,0.13592233009708737
protein_0113,protein_0258,0.42696629213483145
protein_0113,protein_0259,0.1978021978021978
protein_0113,protein_0260,0.1978021978021978
protein_0113,protein_0263,0.11764705882352941
protein_0113,protein_0264,0.2988505747126437
protein_0113,protein_0265,0.2988505747126437
protein_0113,protein_0267,0.12643678160919541
protein_0113,protein_0268,0.17582417582417584
protein_0113,protein_0269,0.15833333333333333
protein_0113,protein_0270,0.11494252873563218
protein_0113,protein_0272,0.5057471264367817
protein_0113,protein_0273,0.5057471264367817
protein_0113,protein_0274,0.21348314606741572
protein_0113,protein_0275,0.16346153846153846
protein_0113,protein_0276,0.3333333333333333
protein_0113,protein_0277,0.12643678160919541
protein_0113,protein_0279,0.25842696629213485
protein_0113,protein_0281,0.16101694915254236
protein_0113,protein_0282,0.09090909090909091
protein_0113,protein_0283,0.12385321100917432
protein_0113,protein_0284,0.27586206896551724
protein_0113,protein_0285,0.5172413793103449
protein_0113,protein_0286,0.15555555555555556
protein_0113,protein_0287,0.24770642201834864
protein_0113,protein_0288,0.27586206896551724
protein_0113,protein_0289,0.19148936170212766
protein_0113,protein_0290,0.14953271028037382
protein_0113,protein_0291,0.24175824175824176
protein_0113,protein_0292,0.1839080459770115
protein_0113,protein_0293,0.2159090909090909
protein_0113,protein_0294,0.24175824175824176
protein_0113,protein_0295,0.16853932584269662
protein_0113,protein_0296,0.1826086956521739
protein_0113,protein_0297,0.1839080459770115
protein_0113,protein_0298,0.19148936170212766
protein_0113,protein_0299,0.15789473684210525
protein_0113,protein_0300,0.21
protein_0113,protein_0301,0.13829787234042554
protein_0113,protein_0302,0.11059907834101383
protein_0113,protein_0303,0.19540229885057472
protein_0113,protein_0304,0.16666666666666666
protein_0113,protein_0305,0.2037037037037037
protein_0113,protein_0306,0.1652892561983471
protein_0113,protein_0307,0.16666666666666666
protein_0113,protein_0308,0.1391304347826087
protein_0113,protein_0309,0.19791666666666666
protein_0113,protein_0310,0.1792452830188679
protein_0113,protein_0311,0.3146067415730337
protein_0113,protein_0312,0.3333333333333333
protein_0113,protein_0313,0.28735632183908044
protein_0113,protein_0314,0.13333333333333333
protein_0113,protein_0315,0.17543859649122806
protein_0113,protein_0316,0.1724137931034483
protein_0113,protein_0317,0.16822429906542055
protein_0113,protein_0318,0.15833333333333333
protein_0113,protein_0319,0.5057471264367817
protein_0113,protein_0320,0.27586206896551724
protein_0113,protein_0321,0.18681318681318682
protein_0113,protein_0322,0.26436781609195403
protein_0113,protein_0323,0.2413793103448276
protein_0113,protein_0324,0.1724137931034483
protein_0113,protein_0325,0.14655172413793102
protein_0113,protein_0326,0.17894736842105263
protein_0113,protein_0327,0.2988505747126437
protein_0113,protein_0328,0.1415929203539823
protein_0113,protein_0330,0.8275862068965517
protein_0113,protein_0331,0.16853932584269662
protein_0113,protein_0332,0.2413793103448276
protein_0113,protein_0333,0.20689655172413793
protein_0113,protein_0334,0.1935483870967742
protein_0113,protein_0335,0.1308411214953271
protein_0113,protein_0336,0.20689655172413793
protein_0113,protein_0337,0.39325842696629215
protein_0113,protein_0338,0.27586206896551724
protein_0113,protein_0339,0.1839080459770115
protein_0113,protein_0340,0.09433962264150944
protein_0113,protein_0341,0.2524271844660194
protein_0113,protein_0343,0.18095238095238095
protein_0113,protein_0344,0.3977272727272727
protein_0113,protein_0345,0.1592920353982301
protein_0113,protein_0346,0.1592920353982301
protein_0113,protein_0347,0.19540229885057472
protein_0113,protein_0348,0.11206896551724138
protein_0113,protein_0349,0.1320754716981132
protein_0113,protein_0350,0.4090909090909091
protein_0113,protein_0351,0.41379310344827586
protein_0113,protein_0352,0.14606741573033707
protein_0113,protein_0353,0.10714285714285714
protein_0113,protein_0354,0.27586206896551724
protein_0113,protein_0355,0.4090909090909091
protein_0113,protein_0356,0.16091954022988506
protein_0113,protein_0357,0.1732283464566929
protein_0113,protein_0358,0.3448275862068966
protein_0113,protein_0359,0.16806722689075632
protein_0113,protein_0360,0.3103448275862069
protein_0113,protein_0362,0.19791666666666666
protein_0113,protein_0363,0.19791666666666666
protein_0113,protein_0364,0.20833333333333334
protein_0113,protein_0365,0.21348314606741572
protein_0113,protein_0366,0.20689655172413793
protein_0113,protein_0367,0.19607843137254902
protein_0113,protein_0368,0.2
protein_0113,protein_0369,0.16483516483516483
protein_0113,protein_0370,0.3977272727272727
protein_0113,protein_0371,0.35555555555555557
protein_0113,protein_0372,0.10407239819004525
protein_0113,protein_0373,0.16037735849056603
protein_0113,protein_0374,0.1282051282051282
protein_0113,protein_0375,0.3617021276595745
protein_0113,protein_0377,0.3103448275862069
protein_0113,protein_0378,0.1794871794871795
protein_0113,protein_0379,0.20212765957446807
protein_0113,protein_0380,0.20212765957446807
protein_0113,protein_0381,0.20212765957446807
protein_0113,protein_0382,0.26136363636363635
protein_0113,protein_0383,0.16853932584269662
protein_0113,protein_0384,0.3888888888888889
protein_0113,protein_0386,0.1864406779661017
protein_0113,protein_0387,0.14423076923076922
protein_0113,protein_0388,0.1839080459770115
protein_0113,protein_0389,0.07692307692307693
protein_0113,protein_0390,0.5113636363636364
protein_0113,protein_0392,0.22988505747126436
protein_0113,protein_0393,0.26373626373626374
protein_0113,protein_0394,0.1810344827586207
protein_0113,protein_0397,0.2988505747126437
protein_0113,protein_0398,0.1415929203539823
protein_0113,protein_0399,0.3448275862068966
protein_0114,protein_0001,0.17777777777777778
protein_0114,protein_0002,0.13636363636363635
protein_0114,protein_0003,0.39080459770114945
protein_0114,protein_0004,0.5632183908045977
protein_0114,protein_0005,0.11827956989247312
protein_0114,protein_0006,0.3522727272727273
protein_0114,protein_0007,0.1724137931034483
protein_0114,protein_0008,0.14705882352941177
protein_0114,protein_0010,0.2988505747126437
protein_0114,protein_0011,0.26436781609195403
protein_0114,protein_0012,0.34065934065934067
protein_0114,protein_0013,0.17045454545454544
protein_0114,protein_0014,0.17582417582417584
protein_0114,protein_0016,0.14705882352941177
protein_0114,protein_0017,0.16030534351145037
protein_0114,protein_0018,0.3793103448275862
protein_0114,protein_0019,0.18181818181818182
protein_0114,protein_0020,0.367816091954023
protein_0114,protein_0021,0.2222222222222222
protein_0114,protein_0022,0.18181818181818182
protein_0114,protein_0023,0.14444444444444443
protein_0114,protein_0024,0.1417910447761194
protein_0114,protein_0025,0.38636363636363635
protein_0114,protein_0026,0.11764705882352941
protein_0114,protein_0027,0.17708333333333334
protein_0114,protein_0028,0.09917355371900827
protein_0114,protein_0029,0.14606741573033707
protein_0114,protein_0030,0.11666666666666667
protein_0114,protein_0031,0.14563106796116504
protein_0114,protein_0032,0.6666666666666666
protein_0114,protein_0034,0.27586206896551724
protein_0114,protein_0035,0.1320754716981132
protein_0114,protein_0036,0.16483516483516483
protein_0114,protein_0037,0.2872340425531915
protein_0114,protein_0038,0.2872340425531915
protein_0114,protein_0039,0.19540229885057472
protein_0114,protein_0040,0.13793103448275862
protein_0114,protein_0041,0.7011494252873564
protein_0114,protein_0043,0.2247191011235955
protein_0114,protein_0044,0.19540229885057472
protein_0114,protein_0045,0.42528735632183906
protein_0114,protein_0046,0.20454545454545456
protein_0114,protein_0047,0.2988505747126437
protein_0114,protein_0048,0.27586206896551724
protein_0114,protein_0049,0.3218390804597701
protein_0114,protein_0050,0.1346153846153846
protein_0114,protein_0051,0.19318181818181818
protein_0114,protein_0052,0.5287356321839081
protein_0114,protein_0053,0.3333333333333333
protein_0114,protein_0054,0.10569105691056911
protein_0114,protein_0055,0.10236220472440945
protein_0114,protein_0058,0.14772727272727273
protein_0114,protein_0059,0.23595505617977527
protein_0114,protein_0060,0.1553398058252427
protein_0114,protein_0061,0.21739130434782608
protein_0114,protein_0062,0.3103448275862069
protein_0114,protein_0063,0.11267605633802817
protein_0114,protein_0064,0.3707865168539326
protein_0114,protein_0065,0.17142857142857143
protein_0114,protein_0066,0.13
protein_0114,protein_0067,0.2988505747126437
protein_0114,protein_0068,0.2413793103448276
protein_0114,protein_0069,0.27586206896551724
protein_0114,protein_0070,0.19540229885057472
protein_0114,protein_0071,0.2413793103448276
protein_0114,protein_0073,0.2413793103448276
protein_0114,protein_0074,0.1595744680851064
protein_0114,protein_0075,0.16666666666666666
protein_0114,protein_0076,0.14942528735632185
protein_0114,protein_0078,0.1346153846153846
protein_0114,protein_0079,0.1346153846153846
protein_0114,protein_0080,0.39080459770114945
protein_0114,protein_0081,0.42696629213483145
protein_0114,protein_0082,0.15384615384615385
protein_0114,protein_0083,0.24719101123595505
protein_0114,protein_0085,0.14563106796116504
protein_0114,protein_0086,0.10784313725490197
protein_0114,protein_0087,0.17777777777777778
protein_0114,protein_0088,0.41379310344827586
protein_0114,protein_0089,0.17391304347826086
protein_0114,protein_0090,0.17391304347826086
protein_0114,protein_0091,0.17391304347826086
protein_0114,protein_0092,0.17391304347826086
protein_0114,protein_0095,0.16521739130434782
protein_0114,protein_0096,0.12844036697247707
protein_0114,protein_0097,0.2988505747126437
protein_0114,protein_0098,0.4659090909090909
protein_0114,protein_0099,0.17592592592592593
protein_0114,protein_0100,0.14772727272727273
protein_0114,protein_0101,0.2413793103448276
protein_0114,protein_0102,0.2608695652173913
protein_0114,protein_0103,0.2413793103448276
protein_0114,protein_0105,0.1595744680851064
protein_0114,protein_0106,0.13513513513513514
protein_0114,protein_0107,0.41379310344827586
protein_0114,protein_0108,0.2391304347826087
protein_0114,protein_0109,0.1348314606741573
protein_0114,protein_0110,0.33707865168539325
protein_0114,protein_0111,0.20689655172413793
protein_0114,protein_0112,0.1650485436893204
protein_0114,protein_0115,0.27586206896551724
protein_0114,protein_0117,0.168141592920354
protein_0114,protein_0118,0.19540229885057472
protein_0114,protein_0119,0.14705882352941177
protein_0114,protein_0120,0.3103448275862069
protein_0114,protein_0121,0.3103448275862069
protein_0114,protein_0122,0.27472527472527475
protein_0114,protein_0123,0.16091954022988506
protein_0114,protein_0124,0.3103448275862069
protein_0114,protein_0125,0.17272727272727273
protein_0114,protein_0127,0.48863636363636365
protein_0114,protein_0128,0.3218390804597701
protein_0114,protein_0129,0.25842696629213485
protein_0114,protein_0130,0.16521739130434782
protein_0114,protein_0131,0.16091954022988506
protein_0114,protein_0133,0.2037037037037037
protein_0114,protein_0134,0.3218390804597701
protein_0114,protein_0135,0.32967032967032966
protein_0114,protein_0136,0.15079365079365079
protein_0114,protein_0137,0.16129032258064516
protein_0114,protein_0138,0.16129032258064516
protein_0114,protein_0139,0.14942528735632185
protein_0114,protein_0140,0.3103448275862069
protein_0114,protein_0142,0.33695652173913043
protein_0114,protein_0143,0.32954545454545453
protein_0114,protein_0144,0.3181818181818182
protein_0114,protein_0145,0.22727272727272727
protein_0114,protein_0146,0.18888888888888888
protein_0114,protein_0147,0.42045454545454547
protein_0114,protein_0148,0.3448275862068966
protein_0114,protein_0149,0.1839080459770115
protein_0114,protein_0150,0.38202247191011235
protein_0114,protein_0151,0.21348314606741572
protein_0114,protein_0152,0.17045454545454544
protein_0114,protein_0153,0.17346938775510204
protein_0114,protein_0154,0.17346938775510204
protein_0114,protein_0155,0.1452991452991453
protein_0114,protein_0156,0.14545454545454545
protein_0114,protein_0157,0.17582417582417584
protein_0114,protein_0159,0.3333333333333333
protein_0114,protein_0160,0.367816091954023
protein_0114,protein_0161,0.15254237288135594
protein_0114,protein_0162,0.3563218390804598
protein_0114,protein_0163,0.125
protein_0114,protein_0164,0.2988505747126437
protein_0114,protein_0165,0.16091954022988506
protein_0114,protein_0166,0.35555555555555557
protein_0114,protein_0167,0.1565217391304348
protein_0114,protein_0168,0.1391304347826087
protein_0114,protein_0169,0.15384615384615385
protein_0114,protein_0170,0.3103448275862069
protein_0114,protein_0171,0.24468085106382978
protein_0114,protein_0172,0.10833333333333334
protein_0114,protein_0173,0.3258426966292135
protein_0114,protein_0174,0.3448275862068966
protein_0114,protein_0175,0.36363636363636365
protein_0114,protein_0176,0.18181818181818182
protein_0114,protein_0177,0.125
protein_0114,protein_0178,0.1592920353982301
protein_0114,protein_0179,0.168141592920354
protein_0114,protein_0180,0.22988505747126436
protein_0114,protein_0181,0.2988505747126437
protein_0114,protein_0182,0.3333333333333333
protein_0114,protein_0183,0.1743119266055046
protein_0114,protein_0184,0.3333333333333333
protein_0114,protein_0185,0.16304347826086957
protein_0114,protein_0186,0.17647058823529413
protein_0114,protein_0187,0.36363636363636365
protein_0114,protein_0188,0.16853932584269662
protein_0114,protein_0189,0.3333333333333333
protein_0114,protein_0190,0.3010752688172043
protein_0114,protein_0191,0.5568181818181818
protein_0114,protein_0192,0.3707865168539326
protein_0114,protein_0194,0.20689655172413793
protein_0114,protein_0195,0.25287356321839083
protein_0114,protein_0196,0.27586206896551724
protein_0114,protein_0197,0.3333333333333333
protein_0114,protein_0198,0.5517241379310345
protein_0114,protein_0199,0.23333333333333334
protein_0114,protein_0200,0.2988505747126437
protein_0114,protein_0201,0.12
protein_0114,protein_0202,0.3103448275862069
protein_0114,protein_0203,0.1111111111111111
protein_0114,protein_0204,0.16091954022988506
protein_0114,protein_0205,0.1261682242990654
protein_0114,protein_0206,0.32954545454545453
protein_0114,protein_0207,0.11538461538461539
protein_0114,protein_0208,0.12380952380952381
protein_0114,protein_0211,0.18095238095238095
protein_0114,protein_0212,0.1839080459770115
protein_0114,protein_0213,0.39080459770114945
protein_0114,protein_0214,0.12631578947368421
protein_0114,protein_0215,0.12903225806451613
protein_0114,protein_0216,0.1485148514851485
protein_0114,protein_0217,0.14444444444444443
protein_0114,protein_0218,0.14285714285714285
protein_0114,protein_0219,0.15126050420168066
protein_0114,protein_0220,0.3563218390804598
protein_0114,protein_0221,0.16091954022988506
protein_0114,protein_0222,0.3103448275862069
protein_0114,protein_0223,0.13793103448275862
protein_0114,protein_0224,0.12903225806451613
protein_0114,protein_0226,0.17204301075268819
protein_0114,protein_0227,0.14285714285714285
protein_0114,protein_0228,0.1827956989247312
protein_0114,protein_0229,0.12222222222222222
protein_0114,protein_0230,0.2247191011235955
protein_0114,protein_0233,0.13178294573643412
protein_0114,protein_0234,0.19491525423728814
protein_0114,protein_0235,0.18269230769230768
protein_0114,protein_0236,0.25287356321839083
protein_0114,protein_0237,0.25287356321839083
protein_0114,protein_0238,0.1297709923664122
protein_0114,protein_0239,0.3333333333333333
protein_0114,protein_0240,0.3333333333333333
protein_0114,protein_0241,0.3563218390804598
protein_0114,protein_0242,0.14942528735632185
protein_0114,protein_0243,0.3333333333333333
protein_0114,protein_0244,0.17894736842105263
protein_0114,protein_0245,0.1559633027522936
protein_0114,protein_0246,0.21
protein_0114,protein_0247,0.16483516483516483
protein_0114,protein_0248,0.3218390804597701
protein_0114,protein_0249,0.3218390804597701
protein_0114,protein_0250,0.17582417582417584
protein_0114,protein_0251,0.17346938775510204
protein_0114,protein_0252,0.14130434782608695
protein_0114,protein_0253,0.19672131147540983
protein_0114,protein_0254,0.14444444444444443
protein_0114,protein_0255,0.08571428571428572
protein_0114,protein_0256,0.12727272727272726
protein_0114,protein_0257,0.12727272727272726
protein_0114,protein_0258,0.25842696629213485
protein_0114,protein_0259,0.19318181818181818
protein_0114,protein_0260,0.19318181818181818
protein_0114,protein_0263,0.14084507042253522
protein_0114,protein_0264,0.45977011494252873
protein_0114,protein_0265,0.45977011494252873
protein_0114,protein_0267,0.2
protein_0114,protein_0268,0.12359550561797752
protein_0114,protein_0269,0.16379310344827586
protein_0114,protein_0270,0.1724137931034483
protein_0114,protein_0272,0.3218390804597701
protein_0114,protein_0273,0.3218390804597701
protein_0114,protein_0274,0.25274725274725274
protein_0114,protein_0275,0.19047619047619047
protein_0114,protein_0276,0.41379310344827586
protein_0114,protein_0277,0.1839080459770115
protein_0114,protein_0279,0.29545454545454547
protein_0114,protein_0281,0.11666666666666667
protein_0114,protein_0282,0.11494252873563218
protein_0114,protein_0283,0.11764705882352941
protein_0114,protein_0284,0.30526315789473685
protein_0114,protein_0285,0.27586206896551724
protein_0114,protein_0286,0.19540229885057472
protein_0114,protein_0287,0.2037037037037037
protein_0114,protein_0288,0.3333333333333333
protein_0114,protein_0289,0.16666666666666666
protein_0114,protein_0290,0.14018691588785046
protein_0114,protein_0291,0.1839080459770115
protein_0114,protein_0292,0.1724137931034483
protein_0114,protein_0293,0.23404255319148937
protein_0114,protein_0294,0.20689655172413793
protein_0114,protein_0295,0.1348314606741573
protein_0114,protein_0296,0.15037593984962405
protein_0114,protein_0297,0.15730337078651685
protein_0114,protein_0298,0.1590909090909091
protein_0114,protein_0299,0.1827956989247312
protein_0114,protein_0300,0.1559633027522936
protein_0114,protein_0301,0.1559633027522936
protein_0114,protein_0302,0.11059907834101383
protein_0114,protein_0303,0.2413793103448276
protein_0114,protein_0304,0.17045454545454544
protein_0114,protein_0305,0.18681318681318682
protein_0114,protein_0306,0.10236220472440945
protein_0114,protein_0307,0.112
protein_0114,protein_0308,0.1271186440677966
protein_0114,protein_0309,0.15463917525773196
protein_0114,protein_0310,0.14423076923076922
protein_0114,protein_0311,0.3409090909090909
protein_0114,protein_0312,0.367816091954023
protein_0114,protein_0313,0.21839080459770116
protein_0114,protein_0314,0.0970873786407767
protein_0114,protein_0315,0.15
protein_0114,protein_0316,0.13636363636363635
protein_0114,protein_0317,0.11926605504587157
protein_0114,protein_0318,0.11016949152542373
protein_0114,protein_0319,0.29545454545454547
protein_0114,protein_0320,0.3103448275862069
protein_0114,protein_0321,0.2222222222222222
protein_0114,protein_0322,0.27586206896551724
protein_0114,protein_0323,0.22988505747126436
protein_0114,protein_0324,0.12643678160919541
protein_0114,protein_0325,0.14782608695652175
protein_0114,protein_0326,0.18085106382978725
protein_0114,protein_0327,0.367816091954023
protein_0114,protein_0328,0.11475409836065574
protein_0114,protein_0330,0.3333333333333333
protein_0114,protein_0331,0.14606741573033707
protein_0114,protein_0332,0.25287356321839083
protein_0114,protein_0333,0.22988505747126436
protein_0114,protein_0334,0.2111111111111111
protein_0114,protein_0335,0.14
protein_0114,protein_0336,0.18181818181818182
protein_0114,protein_0337,0.3146067415730337
protein_0114,protein_0338,0.20689655172413793
protein_0114,protein_0339,0.19540229885057472
protein_0114,protein_0340,0.17757009345794392
protein_0114,protein_0341,0.22330097087378642
protein_0114,protein_0343,0.16
protein_0114,protein_0344,0.42696629213483145
protein_0114,protein_0345,0.1415929203539823
protein_0114,protein_0346,0.1415929203539823
protein_0114,protein_0347,0.16091954022988506
protein_0114,protein_0348,0.12931034482758622
protein_0114,protein_0349,0.12
protein_0114,protein_0350,0.4157303370786517
protein_0114,protein_0351,0.26436781609195403
protein_0114,protein_0352,0.125
protein_0114,protein_0353,0.1452991452991453
protein_0114,protein_0354,0.19318181818181818
protein_0114,protein_0355,0.29545454545454547
protein_0114,protein_0356,0.16091954022988506
protein_0114,protein_0357,0.1557377049180328
protein_0114,protein_0358,0.4157303370786517
protein_0114,protein_0359,0.15126050420168066
protein_0114,protein_0360,0.550561797752809
protein_0114,protein_0362,0.22988505747126436
protein_0114,protein_0363,0.22988505747126436
protein_0114,protein_0364,0.22988505747126436
protein_0114,protein_0365,0.22988505747126436
protein_0114,protein_0366,0.22988505747126436
protein_0114,protein_0367,0.14018691588785046
protein_0114,protein_0368,0.16326530612244897
protein_0114,protein_0369,0.13793103448275862
protein_0114,protein_0370,0.42696629213483145
protein_0114,protein_0371,0.5517241379310345
protein_0114,protein_0372,0.12272727272727273
protein_0114,protein_0373,0.11926605504587157
protein_0114,protein_0374,0.19166666666666668
protein_0114,protein_0375,0.4772727272727273
protein_0114,protein_0377,0.36666666666666664
protein_0114,protein_0378,0.16964285714285715
protein_0114,protein_0379,0.18556701030927836
protein_0114,protein_0380,0.18556701030927836
protein_0114,protein_0381,0.18556701030927836
protein_0114,protein_0382,0.21839080459770116
protein_0114,protein_0383,0.17045454545454544
protein_0114,protein_0384,0.32954545454545453
protein_0114,protein_0386,0.10101010101010101
protein_0114,protein_0387,0.12612612612612611
protein_0114,protein_0388,0.13636363636363635
protein_0114,protein_0389,0.15555555555555556
protein_0114,protein_0390,0.3181818181818182
protein_0114,protein_0392,0.375
protein_0114,protein_0393,0.3333333333333333
protein_0114,protein_0394,0.11965811965811966
protein_0114,protein_0397,0.32967032967032966
protein_0114,protein_0398,0.13274336283185842
protein_0114,protein_0399,0.4044943820224719
protein_0116,protein_0001,0.08476874003189792
protein_0116,protein_0002,0.176
protein_0116,protein_0003,0.1532258064516129
protein_0116,protein_0004,0.13157894736842105
protein_0116,protein_0005,0.13636363636363635
protein_0116,protein_0006,0.15702479338842976
protein_0116,protein_0007,0.13158907272027703
protein_0116,protein_0008,0.12612612612612611
protein_0116,protein_0010,0.14393939393939395
protein_0116,protein_0011,0.15384615384615385
protein_0116,protein_0012,0.12931034482758622
protein_0116,protein_0013,0.11666666666666667
protein_0116,protein_0014,0.1440677966101695
protein_0116,protein_0016,0.14782608695652175
protein_0116,protein_0017,0.16666666666666666
protein_0116,protein_0018,0.13513513513513514
protein_0116,protein_0019,0.15118577075098816
protein_0116,protein_0020,0.16964285714285715
protein_0116,protein_0021,0.16363636363636364
protein_0116,protein_0022,0.14182019159911569
protein_0116,protein_0023,0.12793989547038326
protein_0116,protein_0024,0.1328125
protein_0116,protein_0025,0.16260162601626016
protein_0116,protein_0026,0.1791044776119403
protein_0116,protein_0027,0.16515426497277677
protein_0116,protein_0028,0.14754098360655737
protein_0116,protein_0029,0.11943573667711599
protein_0116,protein_0030,0.18840579710144928
protein_0116,protein_0031,0.1565217391304348
protein_0116,protein_0032,0.15517241379310345
protein_0116,protein_0034,0.15315315315315314
protein_0116,protein_0035,0.15517241379310345
protein_0116,protein_0036,0.129585326953748
protein_0116,protein_0037,0.15751937984496123
protein_0116,protein_0038,0.15751937984496123
protein_0116,protein_0039,0.1721311475409836
protein_0116,protein_0040,0.14782608695652175
protein_0116,protein_0041,0.12280701754385964
protein_0116,protein_0043,0.12173913043478261
protein_0116,protein_0044,0.12173913043478261
protein_0116,protein_0045,0.1322314049586777
protein_0116,protein_0046,0.13877642825011247
protein_0116,protein_0047,0.1557377049180328
protein_0116,protein_0048,0.1557377049180328
protein_0116,protein_0049,0.12396694214876033
protein_0116,protein_0050,0.1557377049180328
protein_0116,protein_0051,0.14169278996865203
protein_0116,protein_0052,0.12173913043478261
protein_0116,protein_0053,0.15789473684210525
protein_0116,protein_0054,0.12403100775193798
protein_0116,protein_0055,0.14893617021276595
protein_0116,protein_0058,0.16216216216216217
protein_0116,protein_0059,0.14285714285714285
protein_0116,protein_0060,0.4624505928853755
protein_0116,protein_0061,0.17699115044247787
protein_0116,protein_0062,0.1746031746031746
protein_0116,protein_0063,0.12149532710280374
protein_0116,protein_0064,0.1532258064516129
protein_0116,protein_0065,0.18548387096774194
protein_0116,protein_0066,0.14049586776859505
protein_0116,protein_0067,0.125
protein_0116,protein_0068,0.14049586776859505
protein_0116,protein_0069,0.15702479338842976
protein_0116,protein_0070,0.13445378151260504
protein_0116,protein_0071,0.12389380530973451
protein_0116,protein_0073,0.15447154471544716
protein_0116,protein_0074,0.09917355371900827
protein_0116,protein_0075,0.17182890855457228
protein_0116,protein_0076,0.20909090909090908
protein_0116,protein_0078,0.35398230088495575
protein_0116,protein_0079,0.35398230088495575
protein_0116,protein_0080,0.17391304347826086
protein_0116,protein_0081,0.19491525423728814
protein_0116,protein_0082,0.15789473684210525
protein_0116,protein_0083,0.16
protein_0116,protein_0085,0.14912280701754385
protein_0116,protein_0086,0.17391304347826086
protein_0116,protein_0087,0.13006756756756757
protein_0116,protein_0088,0.09401709401709402
protein_0116,protein_0089,0.4501799370220423
protein_0116,protein_0090,0.4501799370220423
protein_0116,protein_0091,0.34210526315789475
protein_0116,protein_0092,0.34210526315789475
protein_0116,protein_0095,0.4598883572567783
protein_0116,protein_0096,0.16806722689075632
protein_0116,protein_0097,0.16666666666666666
protein_0116,protein_0098,0.15384615384615385
protein_0116,protein_0099,0.4735213474343909
protein_0116,protein_0100,0.1305924568636433
protein_0116,protein_0101,0.15447154471544716
protein_0116,protein_0102,0.14516129032258066
protein_0116,protein_0103,0.17543859649122806
protein_0116,protein_0105,0.1391304347826087
protein_0116,protein_0106,0.44400826446280994
protein_0116,protein_0107,0.13636363636363635
protein_0116,protein_0108,0.17054263565891473
protein_0116,protein_0109,0.1280564263322884
protein_0116,protein_0110,0.17647058823529413
protein_0116,protein_0111,0.1452991452991453
protein_0116,protein_0112,0.16
protein_0116,protein_0115,0.16521739130434782
protein_0116,protein_0117,1.0
protein_0116,protein_0118,0.12942583732057417
protein_0116,protein_0119,0.136
protein_0116,protein_0120,0.16521739130434782
protein_0116,protein_0121,0.16521739130434782
protein_0116,protein_0122,0.1598327213382293
protein_0116,protein_0123,0.14760765550239235
protein_0116,protein_0124,0.19658119658119658
protein_0116,protein_0125,0.14655172413793102
protein_0116,protein_0127,0.12195121951219512
protein_0116,protein_0128,0.15517241379310345
protein_0116,protein_0129,0.11666666666666667
protein_0116,protein_0130,0.43668954996186116
protein_0116,protein_0131,0.14728867623604464
protein_0116,protein_0133,0.1935483870967742
protein_0116,protein_0134,0.11711711711711711
protein_0116,protein_0135,0.15517241379310345
protein_0116,protein_0136,0.1484375
protein_0116,protein_0137,0.16393442622950818
protein_0116,protein_0138,0.16393442622950818
protein_0116,protein_0139,0.1559873949579832
protein_0116,protein_0140,0.11965811965811966
protein_0116,protein_0142,0.1826086956521739
protein_0116,protein_0143,0.15517241379310345
protein_0116,protein_0144,0.14912280701754385
protein_0116,protein_0145,0.14486340900346287
protein_0116,protein_0146,0.1415929203539823
protein_0116,protein_0147,0.15966386554621848
protein_0116,protein_0148,0.13821138211382114
protein_0116,protein_0149,0.13475499092558985
protein_0116,protein_0150,0.12280701754385964
protein_0116,protein_0151,0.12931034482758622
protein_0116,protein_0152,0.13449163449163448
protein_0116,protein_0153,0.17862820803997276
protein_0116,protein_0154,0.15846615846615847
protein_0116,protein_0155,0.14049586776859505
protein_0116,protein_0156,0.15254237288135594
protein_0116,protein_0157,0.16101694915254236
protein_0116,protein_0159,0.11818181818181818
protein_0116,protein_0160,0.1694915254237288
protein_0116,protein_0161,0.14189189189189189
protein_0116,protein_0162,0.14545454545454545
protein_0116,protein_0163,0.19130434782608696
protein_0116,protein_0164,0.18333333333333332
protein_0116,protein_0165,0.12065390749601275
protein_0116,protein_0166,0.16129032258064516
protein_0116,protein_0167,0.4868781825303564
protein_0116,protein_0168,0.48668261562998405
protein_0116,protein_0169,0.12142857142857143
protein_0116,protein_0170,0.15517241379310345
protein_0116,protein_0171,0.1322314049586777
protein_0116,protein_0172,0.16393442622950818
protein_0116,protein_0173,0.15517241379310345
protein_0116,protein_0174,0.1557377049180328
protein_0116,protein_0175,0.1694915254237288
protein_0116,protein_0176,0.12327586206896551
protein_0116,protein_0177,0.13381180223285485
protein_0116,protein_0178,0.14634146341463414
protein_0116,protein_0179,0.15447154471544716
protein_0116,protein_0180,0.13793103448275862
protein_0116,protein_0181,0.12396694214876033
protein_0116,protein_0182,0.11711711711711711
protein_0116,protein_0183,0.11764705882352941
protein_0116,protein_0184,0.15966386554621848
protein_0116,protein_0185,0.18421052631578946
protein_0116,protein_0186,0.11764705882352941
protein_0116,protein_0187,0.15702479338842976
protein_0116,protein_0188,0.09755244755244755
protein_0116,protein_0189,0.1864406779661017
protein_0116,protein_0190,0.15126050420168066
protein_0116,protein_0191,0.1440677966101695
protein_0116,protein_0192,0.16666666666666666
protein_0116,protein_0194,0.11965811965811966
protein_0116,protein_0195,0.13934426229508196
protein_0116,protein_0196,0.13559322033898305
protein_0116,protein_0197,0.12295081967213115
protein_0116,protein_0198,0.11711711711711711
protein_0116,protein_0199,0.1565217391304348
protein_0116,protein_0200,0.16806722689075632
protein_0116,protein_0201,0.18421052631578946
protein_0116,protein_0202,0.140625
protein_0116,protein_0203,0.13178294573643412
protein_0116,protein_0204,0.1571969696969697
protein_0116,protein_0205,0.13744075829383887
protein_0116,protein_0206,0.1282051282051282
protein_0116,protein_0207,0.144
protein_0116,protein_0208,0.1324561403508772
protein_0116,protein_0211,0.14998347107438015
protein_0116,protein_0212,0.12173913043478261
protein_0116,protein_0213,0.1694915254237288
protein_0116,protein_0214,0.1565217391304348
protein_0116,protein_0215,0.12280701754385964
protein_0116,protein_0216,0.14634146341463414
protein_0116,protein_0217,0.14035087719298245
protein_0116,protein_0218,0.19402985074626866
protein_0116,protein_0219,0.13533834586466165
protein_0116,protein_0220,0.14516129032258066
protein_0116,protein_0221,0.14166666666666666
protein_0116,protein_0222,0.11570247933884298
protein_0116,protein_0223,0.12612612612612611
protein_0116,protein_0224,0.11508029768899333
protein_0116,protein_0226,0.1504424778761062
protein_0116,protein_0227,0.14035087719298245
protein_0116,protein_0228,0.11530186903321231
protein_0116,protein_0229,0.17117117117117117
protein_0116,protein_0230,0.18421052631578946
protein_0116,protein_0233,0.14893617021276595
protein_0116,protein_0234,0.12307692307692308
protein_0116,protein_0235,0.16407697790449038
protein_0116,protein_0236,0.16200611343824295
protein_0116,protein_0237,0.16200611343824295
protein_0116,protein_0238,0.1056338028169014
protein_0116,protein_0239,0.19491525423728814
protein_0116,protein_0240,0.17796610169491525
protein_0116,protein_0241,0.1794871794871795
protein_0116,protein_0242,0.11156299840510367
protein_0116,protein_0243,0.15254237288135594
protein_0116,protein_0244,0.15922619047619047
protein_0116,protein_0245,0.1607619725832295
protein_0116,protein_0246,0.12931034482758622
protein_0116,protein_0247,0.14783726557773744
protein_0116,protein_0248,0.19491525423728814
protein_0116,protein_0249,0.1864406779661017
protein_0116,protein_0250,0.1445211389128559
protein_0116,protein_0251,0.15789473684210525
protein_0116,protein_0252,0.13043478260869565
protein_0116,protein_0253,0.15447154471544716
protein_0116,protein_0254,0.16969215641782015
protein_0116,protein_0255,0.14450867052023122
protein_0116,protein_0256,0.13157894736842105
protein_0116,protein_0257,0.13157894736842105
protein_0116,protein_0258,0.17073170731707318
protein_0116,protein_0259,0.1290513833992095
protein_0116,protein_0260,0.1290513833992095
protein_0116,protein_0263,0.19014084507042253
protein_0116,protein_0264,0.12727272727272726
protein_0116,protein_0265,0.12727272727272726
protein_0116,protein_0267,0.15037593984962405
protein_0116,protein_0268,0.15315315315315314
protein_0116,protein_0269,0.12
protein_0116,protein_0270,0.15454545454545454
protein_0116,protein_0272,0.13068914685830108
protein_0116,protein_0273,0.12996508075076385
protein_0116,protein_0274,0.14782608695652175
protein_0116,protein_0275,0.1590909090909091
protein_0116,protein_0276,0.1440677966101695
protein_0116,protein_0277,0.13157894736842105
protein_0116,protein_0279,0.14173228346456693
protein_0116,protein_0281,0.38596491228070173
protein_0116,protein_0282,0.14545454545454545
protein_0116,protein_0283,0.14414414414414414
protein_0116,protein_0284,0.14122440866626915
protein_0116,protein_0285,0.16521739130434782
protein_0116,protein_0286,0.14486340900346287
protein_0116,protein_0287,0.12
protein_0116,protein_0288,0.125
protein_0116,protein_0289,0.13291040100250626
protein_0116,protein_0290,0.18110236220472442
protein_0116,protein_0291,0.1289872408293461
protein_0116,protein_0292,0.14236605026078708
protein_0116,protein_0293,0.13793103448275862
protein_0116,protein_0294,0.1333732057416268
protein_0116,protein_0295,0.12390350877192982
protein_0116,protein_0296,0.14166666666666666
protein_0116,protein_0297,0.12019914651493599
protein_0116,protein_0298,0.11610845295055822
protein_0116,protein_0299,0.1267580107293026
protein_0116,protein_0300,0.1318840579710145
protein_0116,protein_0301,0.127200862378728
protein_0116,protein_0302,0.13761467889908258
protein_0116,protein_0303,0.13636363636363635
protein_0116,protein_0304,0.11929824561403508
protein_0116,protein_0305,0.16885307346326836
protein_0116,protein_0306,0.14893617021276595
protein_0116,protein_0307,0.171875
protein_0116,protein_0308,0.1297709923664122
protein_0116,protein_0309,0.1213235294117647
protein_0116,protein_0310,0.152
protein_0116,protein_0311,0.16071428571428573
protein_0116,protein_0312,0.125
protein_0116,protein_0313,0.15503875968992248
protein_0116,protein_0314,0.13559322033898305
protein_0116,protein_0315,0.12
protein_0116,protein_0316,0.1513750592697961
protein_0116,protein_0317,0.14655172413793102
protein_0116,protein_0318,0.39285714285714285
protein_0116,protein_0319,0.1391304347826087
protein_0116,protein_0320,0.17796610169491525
protein_0116,protein_0321,0.14782608695652175
protein_0116,protein_0322,0.1391304347826087
protein_0116,protein_0323,0.16216216216216217
protein_0116,protein_0324,0.1391304347826087
protein_0116,protein_0325,0.5738808227465215
protein_0116,protein_0326,0.15315315315315314
protein_0116,protein_0327,0.10909090909090909
protein_0116,protein_0328,0.375
protein_0116,protein_0330,0.18032786885245902
protein_0116,protein_0331,0.11861861861861861
protein_0116,protein_0332,0.15417543859649124
protein_0116,protein_0333,0.13814351023653348
protein_0116,protein_0334,0.11504424778761062
protein_0116,protein_0335,0.16129032258064516
protein_0116,protein_0336,0.16060606060606059
protein_0116,protein_0337,0.13820264948084499
protein_0116,protein_0338,0.14782608695652175
protein_0116,protein_0339,0.14306220095693778
protein_0116,protein_0340,0.168
protein_0116,protein_0341,0.15873015873015872
protein_0116,protein_0343,0.11457848160223567
protein_0116,protein_0344,0.1452991452991453
protein_0116,protein_0345,0.2517902517902518
protein_0116,protein_0346,0.2517902517902518
protein_0116,protein_0347,0.12974481658692183
protein_0116,protein_0348,0.17355371900826447
protein_0116,protein_0349,0.16964285714285715
protein_0116,protein_0350,0.18487394957983194
protein_0116,protein_0351,0.16129032258064516
protein_0116,protein_0352,0.12942583732057417
protein_0116,protein_0353,0.46862745098039216
protein_0116,protein_0354,0.18487394957983194
protein_0116,protein_0355,0.1405604338842975
protein_0116,protein_0356,0.13706140350877194
protein_0116,protein_0357,0.15671641791044777
protein_0116,protein_0358,0.1452991452991453
protein_0116,protein_0359,0.14960629921259844
protein_0116,protein_0360,0.16101694915254236
protein_0116,protein_0362,0.16666666666666666
protein_0116,protein_0363,0.16666666666666666
protein_0116,protein_0364,0.16541353383458646
protein_0116,protein_0365,0.12931034482758622
protein_0116,protein_0366,0.13793103448275862
protein_0116,protein_0367,0.17543859649122806
protein_0116,protein_0368,0.19642857142857142
protein_0116,protein_0369,0.11403508771929824
protein_0116,protein_0370,0.1452991452991453
protein_0116,protein_0371,0.18803418803418803
protein_0116,protein_0372,0.13574660633484162
protein_0116,protein_0373,0.17829457364341086
protein_0116,protein_0374,0.10483870967741936
protein_0116,protein_0375,0.1592920353982301
protein_0116,protein_0377,0.1774193548387097
protein_0116,protein_0378,0.34513274336283184
protein_0116,protein_0379,0.14470443349753692
protein_0116,protein_0380,0.14470443349753692
protein_0116,protein_0381,0.14470443349753692
protein_0116,protein_0382,0.16098305084745762
protein_0116,protein_0383,0.13851674641148326
protein_0116,protein_0384,0.17796610169491525
protein_0116,protein_0386,0.13114754098360656
protein_0116,protein_0387,0.1724137931034483
protein_0116,protein_0388,0.1383572567783094
protein_0116,protein_0389,0.13333333333333333
protein_0116,protein_0390,0.1452991452991453
protein_0116,protein_0392,0.1694915254237288
protein_0116,protein_0393,0.17355371900826447
protein_0116,protein_0394,0.1893939393939394
protein_0116,protein_0397,0.19658119658119658
protein_0116,protein_0398,0.3026163909195845
protein_0116,protein_0399,0.17391304347826086
protein_0126,protein_0001,0.11764705882352941
protein_0126,protein_0002,0.19626168224299065
protein_0126,protein_0003,0.14150943396226415
protein_0126,protein_0004,0.1415929203539823
protein_0126,protein_0005,0.17647058823529413
protein_0126,protein_0006,0.1782178217821782
protein_0126,protein_0007,0.1717171717171717
protein_0126,protein_0008,0.797979797979798
protein_0126,protein_0010,0.18269230769230768
protein_0126,protein_0011,0.15841584158415842
protein_0126,protein_0012,0.16666666666666666
protein_0126,protein_0013,0.13592233009708737
protein_0126,protein_0014,0.29
protein_0126,protein_0016,0.8181818181818182
protein_0126,protein_0017,0.140625
protein_0126,protein_0018,0.13592233009708737
protein_0126,protein_0019,0.1414141414141414
protein_0126,protein_0020,0.18518518518518517
protein_0126,protein_0021,0.15
protein_0126,protein_0022,0.20388349514563106
protein_0126,protein_0023,0.13131313131313133
protein_0126,protein_0024,0.1417910447761194
protein_0126,protein_0025,0.17307692307692307
protein_0126,protein_0026,0.19117647058823528
protein_0126,protein_0027,0.1875
protein_0126,protein_0028,0.19469026548672566
protein_0126,protein_0029,0.1919191919191919
protein_0126,protein_0030,0.184
protein_0126,protein_0031,0.36363636363636365
protein_0126,protein_0032,0.18181818181818182
protein_0126,protein_0034,0.16831683168316833
protein_0126,protein_0035,0.17757009345794392
protein_0126,protein_0036,0.1414141414141414
protein_0126,protein_0037,0.18446601941747573
protein_0126,protein_0038,0.18446601941747573
protein_0126,protein_0039,0.22641509433962265
protein_0126,protein_0040,0.16037735849056603
protein_0126,protein_0041,0.1414141414141414
protein_0126,protein_0043,0.10891089108910891
protein_0126,protein_0044,0.13131313131313133
protein_0126,protein_0045,0.17647058823529413
protein_0126,protein_0046,0.1717171717171717
protein_0126,protein_0047,0.09090909090909091
protein_0126,protein_0048,0.1414141414141414
protein_0126,protein_0049,0.16666666666666666
protein_0126,protein_0050,0.47474747474747475
protein_0126,protein_0051,0.16161616161616163
protein_0126,protein_0052,0.1414141414141414
protein_0126,protein_0053,0.12380952380952381
protein_0126,protein_0054,0.1864406779661017
protein_0126,protein_0055,0.15833333333333333
protein_0126,protein_0058,0.1262135922330097
protein_0126,protein_0059,0.1
protein_0126,protein_0060,0.16521739130434782
protein_0126,protein_0061,0.20588235294117646
protein_0126,protein_0062,0.20388349514563106
protein_0126,protein_0063,0.10909090909090909
protein_0126,protein_0064,0.18811881188118812
protein_0126,protein_0065,0.5353535353535354
protein_0126,protein_0066,0.1557377049180328
protein_0126,protein_0067,0.17307692307692307
protein_0126,protein_0068,0.18269230769230768
protein_0126,protein_0069,0.1523809523809524
protein_0126,protein_0070,0.1717171717171717
protein_0126,protein_0071,0.1782178217821782
protein_0126,protein_0073,0.12
protein_0126,protein_0074,0.46464646464646464
protein_0126,protein_0075,0.19090909090909092
protein_0126,protein_0076,0.15151515151515152
protein_0126,protein_0078,0.14953271028037382
protein_0126,protein_0079,0.14953271028037382
protein_0126,protein_0080,0.14423076923076922
protein_0126,protein_0081,0.15384615384615385
protein_0126,protein_0082,0.16346153846153846
protein_0126,protein_0083,0.2
protein_0126,protein_0085,0.1346153846153846
protein_0126,protein_0086,0.14423076923076922
protein_0126,protein_0087,0.16666666666666666
protein_0126,protein_0088,0.18627450980392157
protein_0126,protein_0089,0.17054263565891473
protein_0126,protein_0090,0.17829457364341086
protein_0126,protein_0091,0.2
protein_0126,protein_0092,0.2
protein_0126,protein_0095,0.171875
protein_0126,protein_0096,0.2376237623762376
protein_0126,protein_0097,0.18627450980392157
protein_0126,protein_0098,0.1650485436893204
protein_0126,protein_0099,0.13636363636363635
protein_0126,protein_0100,0.18867924528301888
protein_0126,protein_0101,0.12
protein_0126,protein_0102,0.1320754716981132
protein_0126,protein_0103,0.17647058823529413
protein_0126,protein_0105,0.15151515151515152
protein_0126,protein_0106,0.19130434782608696
protein_0126,protein_0107,0.20754716981132076
protein_0126,protein_0108,0.15151515151515152
protein_0126,protein_0109,0.15151515151515152
protein_0126,protein_0110,0.15384615384615385
protein_0126,protein_0111,0.1523809523809524
protein_0126,protein_0112,0.14285714285714285
protein_0126,protein_0115,0.15841584158415842
protein_0126,protein_0117,0.13513513513513514
protein_0126,protein_0118,0.16161616161616163
protein_0126,protein_0119,0.12598425196850394
protein_0126,protein_0120,0.18269230769230768
protein_0126,protein_0121,0.18269230769230768
protein_0126,protein_0122,0.19827586206896552
protein_0126,protein_0123,0.16666666666666666
protein_0126,protein_0124,0.2079207920792079
protein_0126,protein_0125,0.5050505050505051
protein_0126,protein_0127,0.1782178217821782
protein_0126,protein_0128,0.17475728155339806
protein_0126,protein_0129,0.14953271028037382
protein_0126,protein_0130,0.1937984496124031
protein_0126,protein_0131,0.13131313131313133
protein_0126,protein_0133,0.13157894736842105
protein_0126,protein_0134,0.18627450980392157
protein_0126,protein_0135,0.15
protein_0126,protein_0136,0.175
protein_0126,protein_0137,0.1774193548387097
protein_0126,protein_0138,0.1774193548387097
protein_0126,protein_0139,0.13131313131313133
protein_0126,protein_0140,0.17757009345794392
protein_0126,protein_0142,0.23076923076923078
protein_0126,protein_0143,0.2222222222222222
protein_0126,protein_0144,0.20588235294117646
protein_0126,protein_0145,0.16666666666666666
protein_0126,protein_0146,0.12871287128712872
protein_0126,protein_0147,0.13131313131313133
protein_0126,protein_0148,0.16346153846153846
protein_0126,protein_0149,0.16831683168316833
protein_0126,protein_0150,0.21296296296296297
protein_0126,protein_0151,0.11504424778761062
protein_0126,protein_0152,0.16161616161616163
protein_0126,protein_0153,0.19230769230769232
protein_0126,protein_0154,0.1782178217821782
protein_0126,protein_0155,0.171875
protein_0126,protein_0156,0.16806722689075632
protein_0126,protein_0157,0.1553398058252427
protein_0126,protein_0159,0.19801980198019803
protein_0126,protein_0160,0.21904761904761905
protein_0126,protein_0161,0.12195121951219512
protein_0126,protein_0162,0.17647058823529413
protein_0126,protein_0163,0.1694915254237288
protein_0126,protein_0164,0.19607843137254902
protein_0126,protein_0165,0.15151515151515152
protein_0126,protein_0166,0.21568627450980393
protein_0126,protein_0167,0.16666666666666666
protein_0126,protein_0168,0.1652892561983471
protein_0126,protein_0169,0.16911764705882354
protein_0126,protein_0170,0.17
protein_0126,protein_0171,0.15
protein_0126,protein_0172,0.14893617021276595
protein_0126,protein_0173,0.22857142857142856
protein_0126,protein_0174,0.20754716981132076
protein_0126,protein_0175,0.20754716981132076
protein_0126,protein_0176,0.1414141414141414
protein_0126,protein_0177,0.13131313131313133
protein_0126,protein_0178,0.16923076923076924
protein_0126,protein_0179,0.19230769230769232
protein_0126,protein_0180,0.12605042016806722
protein_0126,protein_0181,0.17142857142857143
protein_0126,protein_0182,0.1559633027522936
protein_0126,protein_0183,0.24242424242424243
protein_0126,protein_0184,0.16161616161616163
protein_0126,protein_0185,0.18269230769230768
protein_0126,protein_0186,0.25252525252525254
protein_0126,protein_0187,0.20754716981132076
protein_0126,protein_0188,0.15151515151515152
protein_0126,protein_0189,0.20202020202020202
protein_0126,protein_0190,0.2079207920792079
protein_0126,protein_0191,0.18181818181818182
protein_0126,protein_0192,0.17475728155339806
protein_0126,protein_0194,0.1717171717171717
protein_0126,protein_0195,0.18867924528301888
protein_0126,protein_0196,0.1792452830188679
protein_0126,protein_0197,0.14705882352941177
protein_0126,protein_0198,0.1504424778761062
protein_0126,protein_0199,0.1504424778761062
protein_0126,protein_0200,0.17592592592592593
protein_0126,protein_0201,0.144
protein_0126,protein_0202,0.13131313131313133
protein_0126,protein_0203,0.168
protein_0126,protein_0204,0.15151515151515152
protein_0126,protein_0205,0.15165876777251186
protein_0126,protein_0206,0.16666666666666666
protein_0126,protein_0207,0.15503875968992248
protein_0126,protein_0208,0.1565217391304348
protein_0126,protein_0211,0.15254237288135594
protein_0126,protein_0212,0.12121212121212122
protein_0126,protein_0213,0.16161616161616163
protein_0126,protein_0214,0.17307692307692307
protein_0126,protein_0215,0.1188118811881188
protein_0126,protein_0216,0.1
protein_0126,protein_0217,0.17142857142857143
protein_0126,protein_0218,0.15
protein_0126,protein_0219,0.17073170731707318
protein_0126,protein_0220,0.21359223300970873
protein_0126,protein_0221,0.13861386138613863
protein_0126,protein_0222,0.17475728155339806
protein_0126,protein_0223,0.13131313131313133
protein_0126,protein_0224,0.15151515151515152
protein_0126,protein_0226,0.19811320754716982
protein_0126,protein_0227,0.11
protein_0126,protein_0228,0.17757009345794392
protein_0126,protein_0229,0.14150943396226415
protein_0126,protein_0230,0.20588235294117646
protein_0126,protein_0233,0.16279069767441862
protein_0126,protein_0234,0.5148514851485149
protein_0126,protein_0235,0.15315315315315314
protein_0126,protein_0236,0.18627450980392157
protein_0126,protein_0237,0.18627450980392157
protein_0126,protein_0238,0.12030075187969924
protein_0126,protein_0239,0.16037735849056603
protein_0126,protein_0240,0.1509433962264151
protein_0126,protein_0241,0.17307692307692307
protein_0126,protein_0242,0.16161616161616163
protein_0126,protein_0243,0.18446601941747573
protein_0126,protein_0244,0.16666666666666666
protein_0126,protein_0245,0.12686567164179105
protein_0126,protein_0246,0.5353535353535354
protein_0126,protein_0247,0.18803418803418803
protein_0126,protein_0248,0.19230769230769232
protein_0126,protein_0249,0.17647058823529413
protein_0126,protein_0250,0.1509433962264151
protein_0126,protein_0251,0.12
protein_0126,protein_0252,0.16
protein_0126,protein_0253,0.16379310344827586
protein_0126,protein_0254,0.14705882352941177
protein_0126,protein_0255,0.14450867052023122
protein_0126,protein_0256,0.168141592920354
protein_0126,protein_0257,0.1694915254237288
protein_0126,protein_0258,0.2
protein_0126,protein_0259,0.19
protein_0126,protein_0260,0.19
protein_0126,protein_0263,0.1956521739130435
protein_0126,protein_0264,0.2336448598130841
protein_0126,protein_0265,0.2336448598130841
protein_0126,protein_0267,0.18269230769230768
protein_0126,protein_0268,0.12264150943396226
protein_0126,protein_0269,0.12195121951219512
protein_0126,protein_0270,0.1553398058252427
protein_0126,protein_0272,0.17142857142857143
protein_0126,protein_0273,0.19607843137254902
protein_0126,protein_0274,0.17592592592592593
protein_0126,protein_0275,0.5454545454545454
protein_0126,protein_0276,0.1414141414141414
protein_0126,protein_0277,0.13131313131313133
protein_0126,protein_0279,0.12745098039215685
protein_0126,protein_0281,0.14754098360655737
protein_0126,protein_0282,0.14814814814814814
protein_0126,protein_0283,0.11210762331838565
protein_0126,protein_0284,0.1891891891891892
protein_0126,protein_0285,0.19801980198019803
protein_0126,protein_0286,0.2
protein_0126,protein_0287,0.1565217391304348
protein_0126,protein_0288,0.1941747572815534
protein_0126,protein_0289,0.13131313131313133
protein_0126,protein_0290,0.13559322033898305
protein_0126,protein_0291,0.17117117117117117
protein_0126,protein_0292,0.14285714285714285
protein_0126,protein_0293,0.168141592920354
protein_0126,protein_0294,0.17117117117117117
protein_0126,protein_0295,0.16161616161616163
protein_0126,protein_0296,0.18032786885245902
protein_0126,protein_0297,0.16
protein_0126,protein_0298,0.16
protein_0126,protein_0299,0.17
protein_0126,protein_0300,0.19811320754716982
protein_0126,protein_0301,0.19811320754716982
protein_0126,protein_0302,0.11210762331838565
protein_0126,protein_0303,0.12121212121212122
protein_0126,protein_0304,0.1414141414141414
protein_0126,protein_0305,0.16363636363636364
protein_0126,protein_0306,0.15833333333333333
protein_0126,protein_0307,0.15833333333333333
protein_0126,protein_0308,0.15702479338842976
protein_0126,protein_0309,0.16346153846153846
protein_0126,protein_0310,0.5252525252525253
protein_0126,protein_0311,0.1346153846153846
protein_0126,protein_0312,0.17142857142857143
protein_0126,protein_0313,0.14814814814814814
protein_0126,protein_0314,0.13636363636363635
protein_0126,protein_0315,0.1450381679389313
protein_0126,protein_0316,0.15
protein_0126,protein_0317,0.12698412698412698
protein_0126,protein_0318,0.13709677419354838
protein_0126,protein_0319,0.13861386138613863
protein_0126,protein_0320,0.1650485436893204
protein_0126,protein_0321,0.16037735849056603
protein_0126,protein_0322,0.18627450980392157
protein_0126,protein_0323,0.14423076923076922
protein_0126,protein_0324,0.1308411214953271
protein_0126,protein_0325,0.19166666666666668
protein_0126,protein_0326,0.18095238095238095
protein_0126,protein_0327,0.17699115044247787
protein_0126,protein_0328,0.1111111111111111
protein_0126,protein_0330,0.12745098039215685
protein_0126,protein_0331,0.16161616161616163
protein_0126,protein_0332,0.18518518518518517
protein_0126,protein_0333,0.15178571428571427
protein_0126,protein_0334,0.1206896551724138
protein_0126,protein_0335,0.17054263565891473
protein_0126,protein_0336,0.15841584158415842
protein_0126,protein_0337,0.18518518518518517
protein_0126,protein_0338,0.16666666666666666
protein_0126,protein_0339,0.18181818181818182
protein_0126,protein_0340,0.10679611650485436
protein_0126,protein_0341,0.17543859649122806
protein_0126,protein_0343,0.14
protein_0126,protein_0344,0.15151515151515152
protein_0126,protein_0345,0.12121212121212122
protein_0126,protein_0346,0.12121212121212122
protein_0126,protein_0347,0.1414141414141414
protein_0126,protein_0348,0.13445378151260504
protein_0126,protein_0349,0.152
protein_0126,protein_0350,0.1926605504587156
protein_0126,protein_0351,0.19230769230769232
protein_0126,protein_0352,0.13592233009708737
protein_0126,protein_0353,0.176
protein_0126,protein_0354,0.1188118811881188
protein_0126,protein_0355,0.17475728155339806
protein_0126,protein_0356,0.18811881188118812
protein_0126,protein_0357,0.112
protein_0126,protein_0358,0.15151515151515152
protein_0126,protein_0359,0.171875
protein_0126,protein_0360,0.1414141414141414
protein_0126,protein_0362,0.1111111111111111
protein_0126,protein_0363,0.1111111111111111
protein_0126,protein_0364,0.14285714285714285
protein_0126,protein_0365,0.11818181818181818
protein_0126,protein_0366,0.10909090909090909
protein_0126,protein_0367,0.45098039215686275
protein_0126,protein_0368,0.14018691588785046
protein_0126,protein_0369,0.13861386138613863
protein_0126,protein_0370,0.15151515151515152
protein_0126,protein_0371,0.16161616161616163
protein_0126,protein_0372,0.10762331838565023
protein_0126,protein_0373,0.13008130081300814
protein_0126,protein_0374,0.175
protein_0126,protein_0375,0.21153846153846154
protein_0126,protein_0377,0.18811881188118812
protein_0126,protein_0378,0.2018348623853211
protein_0126,protein_0379,0.17142857142857143
protein_0126,protein_0380,0.17142857142857143
protein_0126,protein_0381,0.17142857142857143
protein_0126,protein_0382,0.14814814814814814
protein_0126,protein_0383,0.1568627450980392
protein_0126,protein_0384,0.17475728155339806
protein_0126,protein_0386,0.1391304347826087
protein_0126,protein_0387,0.1565217391304348
protein_0126,protein_0388,0.1782178217821782
protein_0126,protein_0389,0.10101010101010101
protein_0126,protein_0390,0.12745098039215685
protein_0126,protein_0392,0.1619047619047619
protein_0126,protein_0393,0.1619047619047619
protein_0126,protein_0394,0.13445378151260504
protein_0126,protein_0397,0.1485148514851485
protein_0126,protein_0398,0.1557377049180328
protein_0126,protein_0399,0.13131313131313133
protein_0132,protein_0001,0.12264150943396226
protein_0132,protein_0002,0.12264150943396226
protein_0132,protein_0003,0.21818181818181817
protein_0132,protein_0004,0.1926605504587156
protein_0132,protein_0005,0.14150943396226415
protein_0132,protein_0006,0.22321428571428573
protein_0132,protein_0007,0.1588785046728972
protein_0132,protein_0008,0.15789473684210525
protein_0132,protein_0010,0.23148148148148148
protein_0132,protein_0011,0.25925925925925924
protein_0132,protein_0012,0.22727272727272727
protein_0132,protein_0013,0.1509433962264151
protein_0132,protein_0014,0.17272727272727273
protein_0132,protein_0016,0.17699115044247787
protein_0132,protein_0017,0.13768115942028986
protein_0132,protein_0018,0.21428571428571427
protein_0132,protein_0019,0.1509433962264151
protein_0132,protein_0020,0.16521739130434782
protein_0132,protein_0021,0.1559633027522936
protein_0132,protein_0022,0.1559633027522936
protein_0132,protein_0023,0.1891891891891892
protein_0132,protein_0024,0.13636363636363635
protein_0132,protein_0025,0.20353982300884957
protein_0132,protein_0026,0.125
protein_0132,protein_0027,0.1981981981981982
protein_0132,protein_0028,0.1391304347826087
protein_0132,protein_0029,0.1792452830188679
protein_0132,protein_0030,0.23846153846153847
protein_0132,protein_0031,0.17699115044247787
protein_0132,protein_0032,0.22018348623853212
protein_0132,protein_0034,0.19444444444444445
protein_0132,protein_0035,0.11206896551724138
protein_0132,protein_0036,0.14414414414414414
protein_0132,protein_0037,0.1984732824427481
protein_0132,protein_0038,0.1984732824427481
protein_0132,protein_0039,0.17272727272727273
protein_0132,protein_0040,0.14678899082568808
protein_0132,protein_0041,0.19444444444444445
protein_0132,protein_0043,0.17117117117117117
protein_0132,protein_0044,0.1875
protein_0132,protein_0045,0.25925925925925924
protein_0132,protein_0046,0.1559633027522936
protein_0132,protein_0047,0.20909090909090908
protein_0132,protein_0048,0.19444444444444445
protein_0132,protein_0049,0.17592592592592593
protein_0132,protein_0050,0.16260162601626016
protein_0132,protein_0051,0.14150943396226415
protein_0132,protein_0052,0.24074074074074073
protein_0132,protein_0053,0.1743119266055046
protein_0132,protein_0054,0.13821138211382114
protein_0132,protein_0055,0.112
protein_0132,protein_0058,0.10377358490566038
protein_0132,protein_0059,0.18018018018018017
protein_0132,protein_0060,0.11864406779661017
protein_0132,protein_0061,0.1875
protein_0132,protein_0062,0.22727272727272727
protein_0132,protein_0063,0.13615023474178403
protein_0132,protein_0064,0.18518518518518517
protein_0132,protein_0065,0.17272727272727273
protein_0132,protein_0066,0.15966386554621848
protein_0132,protein_0067,0.2727272727272727
protein_0132,protein_0068,0.21428571428571427
protein_0132,protein_0069,0.2608695652173913
protein_0132,protein_0070,0.17857142857142858
protein_0132,protein_0071,0.2037037037037037
protein_0132,protein_0073,0.19444444444444445
protein_0132,protein_0074,0.17117117117117117
protein_0132,protein_0075,0.19491525423728814
protein_0132,protein_0076,0.14953271028037382
protein_0132,protein_0078,0.14953271028037382
protein_0132,protein_0079,0.14953271028037382
protein_0132,protein_0080,0.18518518518518517
protein_0132,protein_0081,0.18518518518518517
protein_0132,protein_0082,0.18333333333333332
protein_0132,protein_0083,0.1891891891891892
protein_0132,protein_0085,0.13445378151260504
protein_0132,protein_0086,0.11764705882352941
protein_0132,protein_0087,0.14150943396226415
protein_0132,protein_0088,0.19444444444444445
protein_0132,protein_0089,0.13636363636363635
protein_0132,protein_0090,0.1557377049180328
protein_0132,protein_0091,0.17829457364341086
protein_0132,protein_0092,0.17829457364341086
protein_0132,protein_0095,0.1322314049586777
protein_0132,protein_0096,0.19827586206896552
protein_0132,protein_0097,0.1981981981981982
protein_0132,protein_0098,0.21052631578947367
protein_0132,protein_0099,0.11864406779661017
protein_0132,protein_0100,0.19444444444444445
protein_0132,protein_0101,0.18518518518518517
protein_0132,protein_0102,0.14814814814814814
protein_0132,protein_0103,0.1981981981981982
protein_0132,protein_0105,0.15454545454545454
protein_0132,protein_0106,0.14960629921259844
protein_0132,protein_0107,0.21818181818181817
protein_0132,protein_0108,0.1926605504587156
protein_0132,protein_0109,0.13274336283185842
protein_0132,protein_0110,0.1926605504587156
protein_0132,protein_0111,0.1926605504587156
protein_0132,protein_0112,0.13445378151260504
protein_0132,protein_0115,0.205607476635514
protein_0132,protein_0117,0.1935483870967742
protein_0132,protein_0118,0.14150943396226415
protein_0132,protein_0119,0.140625
protein_0132,protein_0120,0.2222222222222222
protein_0132,protein_0121,0.2222222222222222
protein_0132,protein_0122,0.21739130434782608
protein_0132,protein_0123,0.14150943396226415
protein_0132,protein_0124,0.22935779816513763
protein_0132,protein_0125,0.1743119266055046
protein_0132,protein_0127,0.22935779816513763
protein_0132,protein_0128,0.1926605504587156
protein_0132,protein_0129,0.2018348623853211
protein_0132,protein_0130,0.11627906976744186
protein_0132,protein_0131,0.12264150943396226
protein_0132,protein_0133,1.0
protein_0132,protein_0134,0.1891891891891892
protein_0132,protein_0135,0.14678899082568808
protein_0132,protein_0136,0.1885245901639344
protein_0132,protein_0137,0.15503875968992248
protein_0132,protein_0138,0.15503875968992248
protein_0132,protein_0139,0.14150943396226415
protein_0132,protein_0140,0.22935779816513763
protein_0132,protein_0142,0.2222222222222222
protein_0132,protein_0143,0.14814814814814814
protein_0132,protein_0144,0.15454545454545454
protein_0132,protein_0145,0.16037735849056603
protein_0132,protein_0146,0.13513513513513514
protein_0132,protein_0147,0.22727272727272727
protein_0132,protein_0148,0.2
protein_0132,protein_0149,0.1509433962264151
protein_0132,protein_0150,0.18518518518518517
protein_0132,protein_0151,0.18421052631578946
protein_0132,protein_0152,0.18691588785046728
protein_0132,protein_0153,0.16521739130434782
protein_0132,protein_0154,0.16071428571428573
protein_0132,protein_0155,0.1889763779527559
protein_0132,protein_0156,0.10434782608695652
protein_0132,protein_0157,0.18584070796460178
protein_0132,protein_0159,0.2631578947368421
protein_0132,protein_0160,0.2
protein_0132,protein_0161,0.18548387096774194
protein_0132,protein_0162,0.17857142857142858
protein_0132,protein_0163,0.15966386554621848
protein_0132,protein_0164,0.19469026548672566
protein_0132,protein_0165,0.1509433962264151
protein_0132,protein_0166,0.20175438596491227
protein_0132,protein_0167,0.1774193548387097
protein_0132,protein_0168,0.18548387096774194
protein_0132,protein_0169,0.15037593984962405
protein_0132,protein_0170,0.17117117117117117
protein_0132,protein_0171,0.21296296296296297
protein_0132,protein_0172,0.1935483870967742
protein_0132,protein_0173,0.2
protein_0132,protein_0174,0.1834862385321101
protein_0132,protein_0175,0.19444444444444445
protein_0132,protein_0176,0.16037735849056603
protein_0132,protein_0177,0.14150943396226415
protein_0132,protein_0178,0.1694915254237288
protein_0132,protein_0179,0.14782608695652175
protein_0132,protein_0180,0.25663716814159293
protein_0132,protein_0181,0.2727272727272727
protein_0132,protein_0182,0.18518518518518517
protein_0132,protein_0183,0.17094017094017094
protein_0132,protein_0184,0.21100917431192662
protein_0132,protein_0185,0.12844036697247707
protein_0132,protein_0186,0.17094017094017094
protein_0132,protein_0187,0.21296296296296297
protein_0132,protein_0188,0.14814814814814814
protein_0132,protein_0189,0.2545454545454545
protein_0132,protein_0190,0.25
protein_0132,protein_0191,0.17543859649122806
protein_0132,protein_0192,0.16216216216216217
protein_0132,protein_0194,0.1875
protein_0132,protein_0195,0.16964285714285715
protein_0132,protein_0196,0.17857142857142858
protein_0132,protein_0197,0.23636363636363636
protein_0132,protein_0198,0.21100917431192662
protein_0132,protein_0199,0.18018018018018017
protein_0132,protein_0200,0.17592592592592593
protein_0132,protein_0201,0.15966386554621848
protein_0132,protein_0202,0.19469026548672566
protein_0132,protein_0203,0.1328125
protein_0132,protein_0204,0.16037735849056603
protein_0132,protein_0205,0.1324200913242009
protein_0132,protein_0206,0.22727272727272727
protein_0132,protein_0207,0.15037593984962405
protein_0132,protein_0208,0.15702479338842976
protein_0132,protein_0211,0.1328125
protein_0132,protein_0212,0.16363636363636364
protein_0132,protein_0213,0.21818181818181817
protein_0132,protein_0214,0.13761467889908258
protein_0132,protein_0215,0.12264150943396226
protein_0132,protein_0216,0.14678899082568808
protein_0132,protein_0217,0.19090909090909092
protein_0132,protein_0218,0.16541353383458646
protein_0132,protein_0219,0.12781954887218044
protein_0132,protein_0220,0.21052631578947367
protein_0132,protein_0221,0.12037037037037036
protein_0132,protein_0222,0.17592592592592593
protein_0132,protein_0223,0.11320754716981132
protein_0132,protein_0224,0.1320754716981132
protein_0132,protein_0226,0.1574074074074074
protein_0132,protein_0227,0.1320754716981132
protein_0132,protein_0228,0.1574074074074074
protein_0132,protein_0229,0.1588785046728972
protein_0132,protein_0230,0.16216216216216217
protein_0132,protein_0233,0.1366906474820144
protein_0132,protein_0234,0.1951219512195122
protein_0132,protein_0235,0.1509433962264151
protein_0132,protein_0236,0.20909090909090908
protein_0132,protein_0237,0.20909090909090908
protein_0132,protein_0238,0.13636363636363635
protein_0132,protein_0239,0.21296296296296297
protein_0132,protein_0240,0.21296296296296297
protein_0132,protein_0241,0.1891891891891892
protein_0132,protein_0242,0.14150943396226415
protein_0132,protein_0243,0.2037037037037037
protein_0132,protein_0244,0.21495327102803738
protein_0132,protein_0245,0.18548387096774194
protein_0132,protein_0246,0.15178571428571427
protein_0132,protein_0247,0.19298245614035087
protein_0132,protein_0248,0.2018348623853211
protein_0132,protein_0249,0.22935779816513763
protein_0132,protein_0250,0.20869565217391303
protein_0132,protein_0251,0.14545454545454545
protein_0132,protein_0252,0.16822429906542055
protein_0132,protein_0253,0.12903225806451613
protein_0132,protein_0254,0.15315315315315314
protein_0132,protein_0255,0.0935672514619883
protein_0132,protein_0256,0.10344827586206896
protein_0132,protein_0257,0.11206896551724138
protein_0132,protein_0258,0.21238938053097345
protein_0132,protein_0259,0.12844036697247707
protein_0132,protein_0260,0.12844036697247707
protein_0132,protein_0263,0.1554054054054054
protein_0132,protein_0264,0.2543859649122807
protein_0132,protein_0265,0.2543859649122807
protein_0132,protein_0267,0.19090909090909092
protein_0132,protein_0268,0.14953271028037382
protein_0132,protein_0269,0.18333333333333332
protein_0132,protein_0270,0.09345794392523364
protein_0132,protein_0272,0.26785714285714285
protein_0132,protein_0273,0.27927927927927926
protein_0132,protein_0274,0.18181818181818182
protein_0132,protein_0275,0.15454545454545454
protein_0132,protein_0276,0.1981981981981982
protein_0132,protein_0277,0.1509433962264151
protein_0132,protein_0279,0.16981132075471697
protein_0132,protein_0281,0.1732283464566929
protein_0132,protein_0282,0.10091743119266056
protein_0132,protein_0283,0.12217194570135746
protein_0132,protein_0284,0.21621621621621623
protein_0132,protein_0285,0.2037037037037037
protein_0132,protein_0286,0.16363636363636364
protein_0132,protein_0287,0.7663551401869159
protein_0132,protein_0288,0.16216216216216217
protein_0132,protein_0289,0.13392857142857142
protein_0132,protein_0290,0.1484375
protein_0132,protein_0291,0.1792452830188679
protein_0132,protein_0292,0.14782608695652175
protein_0132,protein_0293,0.18018018018018017
protein_0132,protein_0294,0.1792452830188679
protein_0132,protein_0295,0.16037735849056603
protein_0132,protein_0296,0.15748031496062992
protein_0132,protein_0297,0.12844036697247707
protein_0132,protein_0298,0.16037735849056603
protein_0132,protein_0299,0.16363636363636364
protein_0132,protein_0300,0.1588785046728972
protein_0132,protein_0301,0.1574074074074074
protein_0132,protein_0302,0.11711711711711711
protein_0132,protein_0303,0.1743119266055046
protein_0132,protein_0304,0.1388888888888889
protein_0132,protein_0305,0.20168067226890757
protein_0132,protein_0306,0.12
protein_0132,protein_0307,0.10483870967741936
protein_0132,protein_0308,0.15702479338842976
protein_0132,protein_0309,0.16379310344827586
protein_0132,protein_0310,0.17272727272727273
protein_0132,protein_0311,0.21296296296296297
protein_0132,protein_0312,0.2222222222222222
protein_0132,protein_0313,0.17592592592592593
protein_0132,protein_0314,0.144
protein_0132,protein_0315,0.15671641791044777
protein_0132,protein_0316,0.14018691588785046
protein_0132,protein_0317,0.125
protein_0132,protein_0318,0.16535433070866143
protein_0132,protein_0319,0.23636363636363636
protein_0132,protein_0320,0.21052631578947367
protein_0132,protein_0321,0.17699115044247787
protein_0132,protein_0322,0.2169811320754717
protein_0132,protein_0323,0.19090909090909092
protein_0132,protein_0324,0.16981132075471697
protein_0132,protein_0325,0.1487603305785124
protein_0132,protein_0326,0.14814814814814814
protein_0132,protein_0327,0.20909090909090908
protein_0132,protein_0328,0.17391304347826086
protein_0132,protein_0330,0.23148148148148148
protein_0132,protein_0331,0.1792452830188679
protein_0132,protein_0332,0.21621621621621623
protein_0132,protein_0333,0.22727272727272727
protein_0132,protein_0334,0.17117117117117117
protein_0132,protein_0335,0.13385826771653545
protein_0132,protein_0336,0.16981132075471697
protein_0132,protein_0337,0.20909090909090908
protein_0132,protein_0338,0.18518518518518517
protein_0132,protein_0339,0.16037735849056603
protein_0132,protein_0340,0.109375
protein_0132,protein_0341,0.25688073394495414
protein_0132,protein_0343,0.16666666666666666
protein_0132,protein_0344,0.21621621621621623
protein_0132,protein_0345,0.1557377049180328
protein_0132,protein_0346,0.1557377049180328
protein_0132,protein_0347,0.16981132075471697
protein_0132,protein_0348,0.15873015873015872
protein_0132,protein_0349,0.15966386554621848
protein_0132,protein_0350,0.26548672566371684
protein_0132,protein_0351,0.1891891891891892
protein_0132,protein_0352,0.14150943396226415
protein_0132,protein_0353,0.125
protein_0132,protein_0354,0.2
protein_0132,protein_0355,0.23636363636363636
protein_0132,protein_0356,0.16981132075471697
protein_0132,protein_0357,0.168
protein_0132,protein_0358,0.22522522522522523
protein_0132,protein_0359,0.19047619047619047
protein_0132,protein_0360,0.15789473684210525
protein_0132,protein_0362,0.1743119266055046
protein_0132,protein_0363,0.1743119266055046
protein_0132,protein_0364,0.1926605504587156
protein_0132,protein_0365,0.23636363636363636
protein_0132,protein_0366,0.24545454545454545
protein_0132,protein_0367,0.17117117117117117
protein_0132,protein_0368,0.1320754716981132
protein_0132,protein_0369,0.1388888888888889
protein_0132,protein_0370,0.21621621621621623
protein_0132,protein_0371,0.18518518518518517
protein_0132,protein_0372,0.1278538812785388
protein_0132,protein_0373,0.15966386554621848
protein_0132,protein_0374,0.12903225806451613
protein_0132,protein_0375,0.18181818181818182
protein_0132,protein_0377,0.21052631578947367
protein_0132,protein_0378,0.11607142857142858
protein_0132,protein_0379,0.20175438596491227
protein_0132,protein_0380,0.20175438596491227
protein_0132,protein_0381,0.20175438596491227
protein_0132,protein_0382,0.21100917431192662
protein_0132,protein_0383,0.1320754716981132
protein_0132,protein_0384,0.22321428571428573
protein_0132,protein_0386,0.1592920353982301
protein_0132,protein_0387,0.13445378151260504
protein_0132,protein_0388,0.16822429906542055
protein_0132,protein_0389,0.14414414414414414
protein_0132,protein_0390,0.24074074074074073
protein_0132,protein_0392,0.18584070796460178
protein_0132,protein_0393,0.1891891891891892
protein_0132,protein_0394,0.13114754098360656
protein_0132,protein_0397,0.22018348623853212
protein_0132,protein_0398,0.16379310344827586
protein_0132,protein_0399,0.21100917431192662
protein_0141,protein_0001,0.13920203359858532
protein_0141,protein_0002,0.14285714285714285
protein_0141,protein_0003,0.2857142857142857
protein_0141,protein_0004,0.25287356321839083
protein_0141,protein_0005,0.1568627450980392
protein_0141,protein_0006,0.24719101123595505
protein_0141,protein_0007,0.14295977011494254
protein_0141,protein_0008,0.19130434782608696
protein_0141,protein_0010,0.25
protein_0141,protein_0011,0.25287356321839083
protein_0141,protein_0012,0.2413793103448276
protein_0141,protein_0013,0.19626168224299065
protein_0141,protein_0014,0.17265381619937695
protein_0141,protein_0016,0.1623931623931624
protein_0141,protein_0017,0.1323529411764706
protein_0141,protein_0018,0.22988505747126436
protein_0141,protein_0019,0.135632183908046
protein_0141,protein_0020,0.22988505747126436
protein_0141,protein_0021,0.21649484536082475
protein_0141,protein_0022,0.11067193675889328
protein_0141,protein_0023,0.16409054646988433
protein_0141,protein_0024,0.168
protein_0141,protein_0025,0.2159090909090909
protein_0141,protein_0026,0.15492957746478872
protein_0141,protein_0027,0.18007174549230623
protein_0141,protein_0028,0.1532258064516129
protein_0141,protein_0029,0.16241830065359478
protein_0141,protein_0030,0.15833333333333333
protein_0141,protein_0031,0.15315315315315314
protein_0141,protein_0032,0.3181818181818182
protein_0141,protein_0034,0.25287356321839083
protein_0141,protein_0035,0.19834710743801653
protein_0141,protein_0036,0.13873626373626374
protein_0141,protein_0037,0.8767436670014508
protein_0141,protein_0038,0.8767436670014508
protein_0141,protein_0039,0.23595505617977527
protein_0141,protein_0040,0.16129032258064516
protein_0141,protein_0041,0.27586206896551724
protein_0141,protein_0043,0.26436781609195403
protein_0141,protein_0044,0.26436781609195403
protein_0141,protein_0045,0.3068181818181818
protein_0141,protein_0046,0.16566231447383106
protein_0141,protein_0047,0.25555555555555554
protein_0141,protein_0048,0.25287356321839083
protein_0141,protein_0049,0.26595744680851063
protein_0141,protein_0050,0.17117117117117117
protein_0141,protein_0051,0.14584710288609826
protein_0141,protein_0052,0.26436781609195403
protein_0141,protein_0053,0.25287356321839083
protein_0141,protein_0054,0.19166666666666668
protein_0141,protein_0055,0.1937984496124031
protein_0141,protein_0058,0.19101123595505617
protein_0141,protein_0059,0.25287356321839083
protein_0141,protein_0060,0.13449163449163448
protein_0141,protein_0061,0.24175824175824176
protein_0141,protein_0062,0.26436781609195403
protein_0141,protein_0063,0.125
protein_0141,protein_0064,0.2413793103448276
protein_0141,protein_0065,0.18018018018018017
protein_0141,protein_0066,0.13157894736842105
protein_0141,protein_0067,0.22988505747126436
protein_0141,protein_0068,0.26436781609195403
protein_0141,protein_0069,0.21839080459770116
protein_0141,protein_0070,0.2222222222222222
protein_0141,protein_0071,0.21348314606741572
protein_0141,protein_0073,0.28735632183908044
protein_0141,protein_0074,0.16304347826086957
protein_0141,protein_0075,0.19222222222222224
protein_0141,protein_0076,0.1590909090909091
protein_0141,protein_0078,0.1509433962264151
protein_0141,protein_0079,0.1509433962264151
protein_0141,protein_0080,0.3103448275862069
protein_0141,protein_0081,0.28735632183908044
protein_0141,protein_0082,0.175
protein_0141,protein_0083,0.2840909090909091
protein_0141,protein_0085,0.15
protein_0141,protein_0086,0.175
protein_0141,protein_0087,0.14295977011494254
protein_0141,protein_0088,0.26136363636363635
protein_0141,protein_0089,0.1496027446731672
protein_0141,protein_0090,0.14460491764144187
protein_0141,protein_0091,0.13675213675213677
protein_0141,protein_0092,0.13675213675213677
protein_0141,protein_0095,0.15231675924671453
protein_0141,protein_0096,0.16216216216216217
protein_0141,protein_0097,0.26436781609195403
protein_0141,protein_0098,0.2988505747126437
protein_0141,protein_0099,0.14927637721755369
protein_0141,protein_0100,0.16717376605814738
protein_0141,protein_0101,0.26436781609195403
protein_0141,protein_0102,0.19101123595505617
protein_0141,protein_0103,0.2717391304347826
protein_0141,protein_0105,0.11764705882352941
protein_0141,protein_0106,0.12904297740363313
protein_0141,protein_0107,0.3103448275862069
protein_0141,protein_0108,0.23863636363636365
protein_0141,protein_0109,0.15653953889248007
protein_0141,protein_0110,0.2857142857142857
protein_0141,protein_0111,0.21839080459770116
protein_0141,protein_0112,0.14782608695652175
protein_0141,protein_0115,0.19540229885057472
protein_0141,protein_0117,0.15208078335373315
protein_0141,protein_0118,0.16632860040567954
protein_0141,protein_0119,0.15315315315315314
protein_0141,protein_0120,0.24175824175824176
protein_0141,protein_0121,0.24175824175824176
protein_0141,protein_0122,0.9240040174087714
protein_0141,protein_0123,0.13946869070208728
protein_0141,protein_0124,0.2826086956521739
protein_0141,protein_0125,0.16666666666666666
protein_0141,protein_0127,0.2988505747126437
protein_0141,protein_0128,0.2967032967032967
protein_0141,protein_0129,0.2413793103448276
protein_0141,protein_0130,0.1716521739130435
protein_0141,protein_0131,0.12958664898320071
protein_0141,protein_0133,0.21818181818181817
protein_0141,protein_0134,0.25287356321839083
protein_0141,protein_0135,0.28735632183908044
protein_0141,protein_0136,0.18253968253968253
protein_0141,protein_0137,0.15748031496062992
protein_0141,protein_0138,0.15748031496062992
protein_0141,protein_0139,0.1466791703442189
protein_0141,protein_0140,0.2413793103448276
protein_0141,protein_0142,0.2988505747126437
protein_0141,protein_0143,0.22988505747126436
protein_0141,protein_0144,0.20689655172413793
protein_0141,protein_0145,0.1587566844919786
protein_0141,protein_0146,0.18181818181818182
protein_0141,protein_0147,0.27586206896551724
protein_0141,protein_0148,0.25287356321839083
protein_0141,protein_0149,0.13636363636363635
protein_0141,protein_0150,0.2736842105263158
protein_0141,protein_0151,0.18888888888888888
protein_0141,protein_0152,0.153921568627451
protein_0141,protein_0153,0.16473214285714288
protein_0141,protein_0154,0.16949404761904763
protein_0141,protein_0155,0.1623931623931624
protein_0141,protein_0156,0.1440677966101695
protein_0141,protein_0157,0.14285714285714285
protein_0141,protein_0159,0.25842696629213485
protein_0141,protein_0160,0.21839080459770116
protein_0141,protein_0161,0.20155038759689922
protein_0141,protein_0162,0.2413793103448276
protein_0141,protein_0163,0.19801980198019803
protein_0141,protein_0164,0.20689655172413793
protein_0141,protein_0165,0.13675919806124698
protein_0141,protein_0166,0.26881720430107525
protein_0141,protein_0167,0.15914249684741488
protein_0141,protein_0168,0.16240145163308722
protein_0141,protein_0169,0.15873015873015872
protein_0141,protein_0170,0.1839080459770115
protein_0141,protein_0171,0.27586206896551724
protein_0141,protein_0172,0.16153846153846155
protein_0141,protein_0173,0.25263157894736843
protein_0141,protein_0174,0.20689655172413793
protein_0141,protein_0175,0.20689655172413793
protein_0141,protein_0176,0.1439299123904881
protein_0141,protein_0177,0.140973630831643
protein_0141,protein_0178,0.1452991452991453
protein_0141,protein_0179,0.14166666666666666
protein_0141,protein_0180,0.3
protein_0141,protein_0181,0.21839080459770116
protein_0141,protein_0182,0.21839080459770116
protein_0141,protein_0183,0.1651376146788991
protein_0141,protein_0184,0.21839080459770116
protein_0141,protein_0185,0.19626168224299065
protein_0141,protein_0186,0.1559633027522936
protein_0141,protein_0187,0.20689655172413793
protein_0141,protein_0188,0.13594566353187043
protein_0141,protein_0189,0.25
protein_0141,protein_0190,0.2808988764044944
protein_0141,protein_0191,0.2988505747126437
protein_0141,protein_0192,0.21839080459770116
protein_0141,protein_0194,0.2413793103448276
protein_0141,protein_0195,0.21839080459770116
protein_0141,protein_0196,0.21839080459770116
protein_0141,protein_0197,0.22988505747126436
protein_0141,protein_0198,0.2413793103448276
protein_0141,protein_0199,0.25263157894736843
protein_0141,protein_0200,0.26373626373626374
protein_0141,protein_0201,0.1782178217821782
protein_0141,protein_0202,0.28735632183908044
protein_0141,protein_0203,0.15873015873015872
protein_0141,protein_0204,0.14335589214738426
protein_0141,protein_0205,0.12206572769953052
protein_0141,protein_0206,0.2413793103448276
protein_0141,protein_0207,0.1721311475409836
protein_0141,protein_0208,0.14935897435897436
protein_0141,protein_0211,0.16501240694789082
protein_0141,protein_0212,0.1797752808988764
protein_0141,protein_0213,0.28735632183908044
protein_0141,protein_0214,0.13725490196078433
protein_0141,protein_0215,0.14130434782608695
protein_0141,protein_0216,0.14678899082568808
protein_0141,protein_0217,0.16842105263157894
protein_0141,protein_0218,0.171875
protein_0141,protein_0219,0.1796875
protein_0141,protein_0220,0.22988505747126436
protein_0141,protein_0221,0.17777777777777778
protein_0141,protein_0222,0.25263157894736843
protein_0141,protein_0223,0.14583333333333334
protein_0141,protein_0224,0.13296507086262693
protein_0141,protein_0226,0.18867924528301888
protein_0141,protein_0227,0.11538461538461539
protein_0141,protein_0228,0.19962069636257534
protein_0141,protein_0229,0.1926605504587156
protein_0141,protein_0230,0.1935483870967742
protein_0141,protein_0233,0.13953488372093023
protein_0141,protein_0234,0.16806722689075632
protein_0141,protein_0235,0.146219252960826
protein_0141,protein_0236,0.20232230823363828
protein_0141,protein_0237,0.20232230823363828
protein_0141,protein_0238,0.16541353383458646
protein_0141,protein_0239,0.1797752808988764
protein_0141,protein_0240,0.1839080459770115
protein_0141,protein_0241,0.21839080459770116
protein_0141,protein_0242,0.14466783216783216
protein_0141,protein_0243,0.23863636363636365
protein_0141,protein_0244,0.127789046653144
protein_0141,protein_0245,0.12949182086350228
protein_0141,protein_0246,0.1650485436893204
protein_0141,protein_0247,0.1526942950543077
protein_0141,protein_0248,0.25
protein_0141,protein_0249,0.24719101123595505
protein_0141,protein_0250,0.1756424792139078
protein_0141,protein_0251,0.16
protein_0141,protein_0252,0.18627450980392157
protein_0141,protein_0253,0.14912280701754385
protein_0141,protein_0254,0.13296112489660877
protein_0141,protein_0255,0.11538461538461539
protein_0141,protein_0256,0.17475728155339806
protein_0141,protein_0257,0.1792452830188679
protein_0141,protein_0258,0.29347826086956524
protein_0141,protein_0259,0.14588859416445624
protein_0141,protein_0260,0.14588859416445624
protein_0141,protein_0263,0.11486486486486487
protein_0141,protein_0264,0.3
protein_0141,protein_0265,0.3
protein_0141,protein_0267,0.22105263157894736
protein_0141,protein_0268,0.1836734693877551
protein_0141,protein_0269,0.175
protein_0141,protein_0270,0.17894736842105263
protein_0141,protein_0272,0.15657327586206896
protein_0141,protein_0273,0.15344827586206897
protein_0141,protein_0274,0.2903225806451613
protein_0141,protein_0275,0.125
protein_0141,protein_0276,0.31958762886597936
protein_0141,protein_0277,0.13054134697357203
protein_0141,protein_0279,0.22727272727272727
protein_0141,protein_0281,0.1721311475409836
protein_0141,protein_0282,0.18888888888888888
protein_0141,protein_0283,0.11926605504587157
protein_0141,protein_0284,0.8549695740365111
protein_0141,protein_0285,0.28735632183908044
protein_0141,protein_0286,0.1627638349259687
protein_0141,protein_0287,0.18518518518518517
protein_0141,protein_0288,0.25287356321839083
protein_0141,protein_0289,0.11976381461675581
protein_0141,protein_0290,0.168
protein_0141,protein_0291,0.41135328562134027
protein_0141,protein_0292,0.14845833777872613
protein_0141,protein_0293,0.20224719101123595
protein_0141,protein_0294,0.41135328562134027
protein_0141,protein_0295,0.16862745098039217
protein_0141,protein_0296,0.1984126984126984
protein_0141,protein_0297,0.13003220611916264
protein_0141,protein_0298,0.15213920817369092
protein_0141,protein_0299,0.11857142857142858
protein_0141,protein_0300,0.15476447709593777
protein_0141,protein_0301,0.1416611588455607
protein_0141,protein_0302,0.14545454545454545
protein_0141,protein_0303,0.24719101123595505
protein_0141,protein_0304,0.11976381461675581
protein_0141,protein_0305,0.1618995232856619
protein_0141,protein_0306,0.1937984496124031
protein_0141,protein_0307,0.16923076923076924
protein_0141,protein_0308,0.16101694915254236
protein_0141,protein_0309,0.14811783960720132
protein_0141,protein_0310,0.16363636363636364
protein_0141,protein_0311,0.22988505747126436
protein_0141,protein_0312,0.2840909090909091
protein_0141,protein_0313,0.5286406697510464
protein_0141,protein_0314,0.16346153846153846
protein_0141,protein_0315,0.1693548387096774
protein_0141,protein_0316,0.14752817765874343
protein_0141,protein_0317,0.125
protein_0141,protein_0318,0.16393442622950818
protein_0141,protein_0319,0.26436781609195403
protein_0141,protein_0320,0.23863636363636365
protein_0141,protein_0321,0.22826086956521738
protein_0141,protein_0322,0.20689655172413793
protein_0141,protein_0323,0.25287356321839083
protein_0141,protein_0324,0.16853932584269662
protein_0141,protein_0325,0.14455298227455038
protein_0141,protein_0326,0.14583333333333334
protein_0141,protein_0327,0.25274725274725274
protein_0141,protein_0328,0.1440677966101695
protein_0141,protein_0330,0.26436781609195403
protein_0141,protein_0331,0.16797385620915034
protein_0141,protein_0332,0.4961870026525199
protein_0141,protein_0333,0.5709269662921348
protein_0141,protein_0334,0.16666666666666666
protein_0141,protein_0335,0.17592592592592593
protein_0141,protein_0336,0.1275972590627763
protein_0141,protein_0337,0.2208973477031262
protein_0141,protein_0338,0.25842696629213485
protein_0141,protein_0339,0.1539891818796484
protein_0141,protein_0340,0.175
protein_0141,protein_0341,0.19607843137254902
protein_0141,protein_0343,0.11867054514113337
protein_0141,protein_0344,0.25287356321839083
protein_0141,protein_0345,0.1071320411871593
protein_0141,protein_0346,0.1071320411871593
protein_0141,protein_0347,0.1524767801857585
protein_0141,protein_0348,0.2
protein_0141,protein_0349,0.16831683168316833
protein_0141,protein_0350,0.29545454545454547
protein_0141,protein_0351,0.22988505747126436
protein_0141,protein_0352,0.14012846517917513
protein_0141,protein_0353,0.1630017709563164
protein_0141,protein_0354,0.24719101123595505
protein_0141,protein_0355,0.2081370061616528
protein_0141,protein_0356,0.1387468030690537
protein_0141,protein_0357,0.15873015873015872
protein_0141,protein_0358,0.25287356321839083
protein_0141,protein_0359,0.1557377049180328
protein_0141,protein_0360,0.25287356321839083
protein_0141,protein_0362,0.1724137931034483
protein_0141,protein_0363,0.1724137931034483
protein_0141,protein_0364,0.1839080459770115
protein_0141,protein_0365,0.1839080459770115
protein_0141,protein_0366,0.19540229885057472
protein_0141,protein_0367,0.1592920353982301
protein_0141,protein_0368,0.21505376344086022
protein_0141,protein_0369,0.14563106796116504
protein_0141,protein_0370,0.25287356321839083
protein_0141,protein_0371,0.28735632183908044
protein_0141,protein_0372,0.11009174311926606
protein_0141,protein_0373,0.1262135922330097
protein_0141,protein_0374,0.1590909090909091
protein_0141,protein_0375,0.3111111111111111
protein_0141,protein_0377,0.2808988764044944
protein_0141,protein_0378,0.15
protein_0141,protein_0379,0.18708133971291865
protein_0141,protein_0380,0.18708133971291865
protein_0141,protein_0381,0.18708133971291865
protein_0141,protein_0382,0.5357718337093136
protein_0141,protein_0383,0.14503775620280474
protein_0141,protein_0384,0.28735632183908044
protein_0141,protein_0386,0.15178571428571427
protein_0141,protein_0387,0.1553398058252427
protein_0141,protein_0388,0.13142414860681115
protein_0141,protein_0389,0.1839080459770115
protein_0141,protein_0390,0.21839080459770116
protein_0141,protein_0392,0.2159090909090909
protein_0141,protein_0393,0.2159090909090909
protein_0141,protein_0394,0.1794871794871795
protein_0141,protein_0397,0.3218390804597701
protein_0141,protein_0398,0.16431623931623932
protein_0141,protein_0399,0.28735632183908044
protein_0158,protein_0001,0.2676768220517644
protein_0158,protein_0002,0.16049382716049382
protein_0158,protein_0003,0.1724137931034483
protein_0158,protein_0004,0.14942528735632185
protein_0158,protein_0005,0.14285714285714285
protein_0158,protein_0006,0.1590909090909091
protein_0158,protein_0007,0.35937197178430375
protein_0158,protein_0008,0.14
protein_0158,protein_0010,0.1595744680851064
protein_0158,protein_0011,0.15217391304347827
protein_0158,protein_0012,0.20224719101123595
protein_0158,protein_0013,0.16455696202531644
protein_0158,protein_0014,0.155253262151128
protein_0158,protein_0016,0.17
protein_0158,protein_0017,0.125
protein_0158,protein_0018,0.1724137931034483
protein_0158,protein_0019,0.30514640327160314
protein_0158,protein_0020,0.18181818181818182
protein_0158,protein_0021,0.15294117647058825
protein_0158,protein_0022,0.14479668271803103
protein_0158,protein_0023,0.13484848484848483
protein_0158,protein_0024,0.13675213675213677
protein_0158,protein_0025,0.16666666666666666
protein_0158,protein_0026,0.13178294573643412
protein_0158,protein_0027,0.14678448699067254
protein_0158,protein_0028,0.1485148514851485
protein_0158,protein_0029,0.4128169390942777
protein_0158,protein_0030,0.1322314049586777
protein_0158,protein_0031,0.14285714285714285
protein_0158,protein_0032,0.19101123595505617
protein_0158,protein_0034,0.16853932584269662
protein_0158,protein_0035,0.14285714285714285
protein_0158,protein_0036,0.37474272594939556
protein_0158,protein_0037,0.13882783882783883
protein_0158,protein_0038,0.13882783882783883
protein_0158,protein_0039,0.17045454545454544
protein_0158,protein_0040,0.18571428571428572
protein_0158,protein_0041,0.16091954022988506
protein_0158,protein_0043,0.1724137931034483
protein_0158,protein_0044,0.15730337078651685
protein_0158,protein_0045,0.15555555555555556
protein_0158,protein_0046,0.36522172547888504
protein_0158,protein_0047,0.16091954022988506
protein_0158,protein_0048,0.14942528735632185
protein_0158,protein_0049,0.15555555555555556
protein_0158,protein_0050,0.16
protein_0158,protein_0051,0.3528720428145715
protein_0158,protein_0052,0.1839080459770115
protein_0158,protein_0053,0.13636363636363635
protein_0158,protein_0054,0.1282051282051282
protein_0158,protein_0055,0.1452991452991453
protein_0158,protein_0058,0.16666666666666666
protein_0158,protein_0059,0.19101123595505617
protein_0158,protein_0060,0.14657657657657658
protein_0158,protein_0061,0.16483516483516483
protein_0158,protein_0062,0.17777777777777778
protein_0158,protein_0063,0.08450704225352113
protein_0158,protein_0064,0.14942528735632185
protein_0158,protein_0065,0.1414141414141414
protein_0158,protein_0066,0.19801980198019803
protein_0158,protein_0067,0.15217391304347827
protein_0158,protein_0068,0.19540229885057472
protein_0158,protein_0069,0.14942528735632185
protein_0158,protein_0070,0.1590909090909091
protein_0158,protein_0071,0.18181818181818182
protein_0158,protein_0073,0.19101123595505617
protein_0158,protein_0074,0.14942528735632185
protein_0158,protein_0075,0.14890595413423102
protein_0158,protein_0076,0.21333333333333335
protein_0158,protein_0078,0.1346153846153846
protein_0158,protein_0079,0.1346153846153846
protein_0158,protein_0080,0.14772727272727273
protein_0158,protein_0081,0.11494252873563218
protein_0158,protein_0082,0.21
protein_0158,protein_0083,0.16853932584269662
protein_0158,protein_0085,0.2
protein_0158,protein_0086,0.23
protein_0158,protein_0087,0.4068144499178982
protein_0158,protein_0088,0.15555555555555556
protein_0158,protein_0089,0.13691222570532913
protein_0158,protein_0090,0.13577586206896552
protein_0158,protein_0091,0.13274336283185842
protein_0158,protein_0092,0.13274336283185842
protein_0158,protein_0095,0.14290271132376395
protein_0158,protein_0096,0.13592233009708737
protein_0158,protein_0097,0.18181818181818182
protein_0158,protein_0098,0.15730337078651685
protein_0158,protein_0099,0.13772863772863775
protein_0158,protein_0100,0.33982610991131984
protein_0158,protein_0101,0.16853932584269662
protein_0158,protein_0102,0.13636363636363635
protein_0158,protein_0103,0.14942528735632185
protein_0158,protein_0105,0.208955223880597
protein_0158,protein_0106,0.14548776032151992
protein_0158,protein_0107,0.1839080459770115
protein_0158,protein_0108,0.1728395061728395
protein_0158,protein_0109,0.3273614625938464
protein_0158,protein_0110,0.13793103448275862
protein_0158,protein_0111,0.15306122448979592
protein_0158,protein_0112,0.1717171717171717
protein_0158,protein_0115,0.16470588235294117
protein_0158,protein_0117,0.12390350877192982
protein_0158,protein_0118,0.3526844141810926
protein_0158,protein_0119,0.18811881188118812
protein_0158,protein_0120,0.1839080459770115
protein_0158,protein_0121,0.1839080459770115
protein_0158,protein_0122,0.127789046653144
protein_0158,protein_0123,0.546925195819145
protein_0158,protein_0124,0.16091954022988506
protein_0158,protein_0125,0.1717171717171717
protein_0158,protein_0127,0.19318181818181818
protein_0158,protein_0128,0.17777777777777778
protein_0158,protein_0129,0.13636363636363635
protein_0158,protein_0130,0.1422924901185771
protein_0158,protein_0131,0.16590389016018306
protein_0158,protein_0133,0.14953271028037382
protein_0158,protein_0134,0.1590909090909091
protein_0158,protein_0135,0.14457831325301204
protein_0158,protein_0136,0.15517241379310345
protein_0158,protein_0137,0.13445378151260504
protein_0158,protein_0138,0.13445378151260504
protein_0158,protein_0139,0.28618547631705527
protein_0158,protein_0140,0.1839080459770115
protein_0158,protein_0142,0.1744186046511628
protein_0158,protein_0143,0.13043478260869565
protein_0158,protein_0144,0.1590909090909091
protein_0158,protein_0145,0.36588296760710554
protein_0158,protein_0146,0.11267605633802817
protein_0158,protein_0147,0.1724137931034483
protein_0158,protein_0148,0.1724137931034483
protein_0158,protein_0149,0.39691681664681017
protein_0158,protein_0150,0.13793103448275862
protein_0158,protein_0151,0.16483516483516483
protein_0158,protein_0152,0.37078723534615193
protein_0158,protein_0153,0.16507685352622062
protein_0158,protein_0154,0.1688543003851091
protein_0158,protein_0155,0.11965811965811966
protein_0158,protein_0156,0.14018691588785046
protein_0158,protein_0157,0.12941176470588237
protein_0158,protein_0159,0.2
protein_0158,protein_0160,0.1744186046511628
protein_0158,protein_0161,0.1282051282051282
protein_0158,protein_0162,0.19753086419753085
protein_0158,protein_0163,0.1568627450980392
protein_0158,protein_0164,0.14942528735632185
protein_0158,protein_0165,0.3236434051429514
protein_0158,protein_0166,0.16091954022988506
protein_0158,protein_0167,0.13398080095995202
protein_0158,protein_0168,0.13398080095995202
protein_0158,protein_0169,0.17094017094017094
protein_0158,protein_0170,0.17073170731707318
protein_0158,protein_0171,0.1839080459770115
protein_0158,protein_0172,0.1271186440677966
protein_0158,protein_0173,0.14942528735632185
protein_0158,protein_0174,0.19540229885057472
protein_0158,protein_0175,0.1724137931034483
protein_0158,protein_0176,0.28836112452862833
protein_0158,protein_0177,0.3488320912442578
protein_0158,protein_0178,0.14035087719298245
protein_0158,protein_0179,0.13274336283185842
protein_0158,protein_0180,0.18478260869565216
protein_0158,protein_0181,0.14606741573033707
protein_0158,protein_0182,0.17777777777777778
protein_0158,protein_0183,0.14
protein_0158,protein_0184,0.1839080459770115
protein_0158,protein_0185,0.1744186046511628
protein_0158,protein_0186,0.1485148514851485
protein_0158,protein_0187,0.16091954022988506
protein_0158,protein_0188,0.3868114643976713
protein_0158,protein_0189,0.1702127659574468
protein_0158,protein_0190,0.13793103448275862
protein_0158,protein_0191,0.2
protein_0158,protein_0192,0.20238095238095238
protein_0158,protein_0194,0.16129032258064516
protein_0158,protein_0195,0.16091954022988506
protein_0158,protein_0196,0.12643678160919541
protein_0158,protein_0197,0.1744186046511628
protein_0158,protein_0198,0.13793103448275862
protein_0158,protein_0199,0.17582417582417584
protein_0158,protein_0200,0.14893617021276595
protein_0158,protein_0201,0.16
protein_0158,protein_0202,0.16853932584269662
protein_0158,protein_0203,0.13559322033898305
protein_0158,protein_0204,0.4050828481862964
protein_0158,protein_0205,0.09004739336492891
protein_0158,protein_0206,0.2111111111111111
protein_0158,protein_0207,0.1557377049180328
protein_0158,protein_0208,0.1153250773993808
protein_0158,protein_0211,0.1809090909090909
protein_0158,protein_0212,0.17567567567567569
protein_0158,protein_0213,0.16129032258064516
protein_0158,protein_0214,0.16923076923076924
protein_0158,protein_0215,0.15151515151515152
protein_0158,protein_0216,0.17525773195876287
protein_0158,protein_0217,0.14942528735632185
protein_0158,protein_0218,0.14615384615384616
protein_0158,protein_0219,0.15126050420168066
protein_0158,protein_0220,0.16091954022988506
protein_0158,protein_0221,0.17391304347826086
protein_0158,protein_0222,0.15730337078651685
protein_0158,protein_0223,0.20588235294117646
protein_0158,protein_0224,0.20456167983088902
protein_0158,protein_0226,0.16666666666666666
protein_0158,protein_0227,0.1527777777777778
protein_0158,protein_0228,0.14555555555555555
protein_0158,protein_0229,0.17073170731707318
protein_0158,protein_0230,0.13186813186813187
protein_0158,protein_0233,0.15625
protein_0158,protein_0234,0.16161616161616163
protein_0158,protein_0235,0.14043970686209195
protein_0158,protein_0236,0.13990032955550197
protein_0158,protein_0237,0.13990032955550197
protein_0158,protein_0238,0.12213740458015267
protein_0158,protein_0239,0.16091954022988506
protein_0158,protein_0240,0.1724137931034483
protein_0158,protein_0241,0.14942528735632185
protein_0158,protein_0242,0.3832323964068386
protein_0158,protein_0243,0.13793103448275862
protein_0158,protein_0244,0.14969082789419444
protein_0158,protein_0245,0.1402359108781127
protein_0158,protein_0246,0.18085106382978725
protein_0158,protein_0247,0.1493572250534276
protein_0158,protein_0248,0.16091954022988506
protein_0158,protein_0249,0.16091954022988506
protein_0158,protein_0250,0.15164391195319032
protein_0158,protein_0251,0.16853932584269662
protein_0158,protein_0252,0.12941176470588237
protein_0158,protein_0253,0.13274336283185842
protein_0158,protein_0254,0.14743589743589744
protein_0158,protein_0255,0.1111111111111111
protein_0158,protein_0256,0.1919191919191919
protein_0158,protein_0257,0.18181818181818182
protein_0158,protein_0258,0.18604651162790697
protein_0158,protein_0259,0.38955526224128767
protein_0158,protein_0260,0.38955526224128767
protein_0158,protein_0263,0.13768115942028986
protein_0158,protein_0264,0.1724137931034483
protein_0158,protein_0265,0.1724137931034483
protein_0158,protein_0267,0.15217391304347827
protein_0158,protein_0268,0.17073170731707318
protein_0158,protein_0269,0.1206896551724138
protein_0158,protein_0270,0.21333333333333335
protein_0158,protein_0272,0.14202033598585323
protein_0158,protein_0273,0.13947833775419982
protein_0158,protein_0274,0.16853932584269662
protein_0158,protein_0275,0.16161616161616163
protein_0158,protein_0276,0.13793103448275862
protein_0158,protein_0277,0.281486266903433
protein_0158,protein_0279,0.16470588235294117
protein_0158,protein_0281,0.10619469026548672
protein_0158,protein_0282,0.14666666666666667
protein_0158,protein_0283,0.0963302752293578
protein_0158,protein_0284,0.13597612958226768
protein_0158,protein_0285,0.16853932584269662
protein_0158,protein_0286,0.3700400373386799
protein_0158,protein_0287,0.14018691588785046
protein_0158,protein_0288,0.175
protein_0158,protein_0289,0.17972921434019834
protein_0158,protein_0290,0.16831683168316833
protein_0158,protein_0291,0.14468885343059038
protein_0158,protein_0292,0.3048480091855809
protein_0158,protein_0293,0.1797752808988764
protein_0158,protein_0294,0.14468885343059038
protein_0158,protein_0295,0.4053164520496644
protein_0158,protein_0296,0.12173913043478261
protein_0158,protein_0297,0.35224797888137277
protein_0158,protein_0298,0.38414912673533363
protein_0158,protein_0299,0.1392824043426453
protein_0158,protein_0300,0.1530864197530864
protein_0158,protein_0301,0.15203252032520326
protein_0158,protein_0302,0.0958904109589041
protein_0158,protein_0303,0.225
protein_0158,protein_0304,0.17164179104477612
protein_0158,protein_0305,0.13014340064383964
protein_0158,protein_0306,0.1452991452991453
protein_0158,protein_0307,0.11666666666666667
protein_0158,protein_0308,0.13043478260869565
protein_0158,protein_0309,0.1407928388746803
protein_0158,protein_0310,0.16
protein_0158,protein_0311,0.17777777777777778
protein_0158,protein_0312,0.1724137931034483
protein_0158,protein_0313,0.1765819964349376
protein_0158,protein_0314,0.1509433962264151
protein_0158,protein_0315,0.15789473684210525
protein_0158,protein_0316,0.5399777775900092
protein_0158,protein_0317,0.15
protein_0158,protein_0318,0.12389380530973451
protein_0158,protein_0319,0.14942528735632185
protein_0158,protein_0320,0.1839080459770115
protein_0158,protein_0321,0.13541666666666666
protein_0158,protein_0322,0.16470588235294117
protein_0158,protein_0323,0.14285714285714285
protein_0158,protein_0324,0.19444444444444445
protein_0158,protein_0325,0.15138339920948618
protein_0158,protein_0326,0.1951219512195122
protein_0158,protein_0327,0.1724137931034483
protein_0158,protein_0328,0.12962962962962962
protein_0158,protein_0330,0.18181818181818182
protein_0158,protein_0331,0.4053164520496644
protein_0158,protein_0332,0.13747521480502312
protein_0158,protein_0333,0.15385878489326765
protein_0158,protein_0334,0.14285714285714285
protein_0158,protein_0335,0.17
protein_0158,protein_0336,0.6269251535712173
protein_0158,protein_0337,0.1523993248131179
protein_0158,protein_0338,0.16091954022988506
protein_0158,protein_0339,0.33888663754189147
protein_0158,protein_0340,0.18
protein_0158,protein_0341,0.14423076923076922
protein_0158,protein_0343,0.16696317381248887
protein_0158,protein_0344,0.1797752808988764
protein_0158,protein_0345,0.1830357142857143
protein_0158,protein_0346,0.1830357142857143
protein_0158,protein_0347,0.36338658547710273
protein_0158,protein_0348,0.13043478260869565
protein_0158,protein_0349,0.1782178217821782
protein_0158,protein_0350,0.1724137931034483
protein_0158,protein_0351,0.1724137931034483
protein_0158,protein_0352,0.349360964886339
protein_0158,protein_0353,0.1493226600985222
protein_0158,protein_0354,0.20689655172413793
protein_0158,protein_0355,0.14976621858562245
protein_0158,protein_0356,0.5684977059375238
protein_0158,protein_0357,0.13333333333333333
protein_0158,protein_0358,0.1724137931034483
protein_0158,protein_0359,0.15126050420168066
protein_0158,protein_0360,0.1724137931034483
protein_0158,protein_0362,0.16091954022988506
protein_0158,protein_0363,0.16091954022988506
protein_0158,protein_0364,0.15217391304347827
protein_0158,protein_0365,0.14444444444444443
protein_0158,protein_0366,0.16091954022988506
protein_0158,protein_0367,0.15841584158415842
protein_0158,protein_0368,0.1927710843373494
protein_0158,protein_0369,0.14666666666666667
protein_0158,protein_0370,0.1797752808988764
protein_0158,protein_0371,0.16853932584269662
protein_0158,protein_0372,0.09174311926605505
protein_0158,protein_0373,0.16
protein_0158,protein_0374,0.125
protein_0158,protein_0375,0.19318181818181818
protein_0158,protein_0377,0.1590909090909091
protein_0158,protein_0378,0.14953271028037382
protein_0158,protein_0379,0.15617977528089888
protein_0158,protein_0380,0.15617977528089888
protein_0158,protein_0381,0.15617977528089888
protein_0158,protein_0382,0.16175213675213673
protein_0158,protein_0383,0.37277117536551496
protein_0158,protein_0384,0.14942528735632185
protein_0158,protein_0386,0.18811881188118812
protein_0158,protein_0387,0.16494845360824742
protein_0158,protein_0388,0.5652515864096865
protein_0158,protein_0389,0.1917808219178082
protein_0158,protein_0390,0.19101123595505617
protein_0158,protein_0392,0.15789473684210525
protein_0158,protein_0393,0.15555555555555556
protein_0158,protein_0394,0.13043478260869565
protein_0158,protein_0397,0.11627906976744186
protein_0158,protein_0398,0.1423200059563696
protein_0158,protein_0399,0.1590909090909091
protein_0193,protein_0001,0.16091954022988506
protein_0193,protein_0002,0.22916666666666666
protein_0193,protein_0003,0.40229885057471265
protein_0193,protein_0004,0.367816091954023
protein_0193,protein_0005,0.1188118811881188
protein_0193,protein_0006,0.3595505617977528
protein_0193,protein_0007,0.16091954022988506
protein_0193,protein_0008,0.2018348623853211
protein_0193,protein_0010,0.34408602150537637
protein_0193,protein_0011,0.3522727272727273
protein_0193,protein_0012,0.39080459770114945
protein_0193,protein_0013,0.14772727272727273
protein_0193,protein_0014,0.22115384615384615
protein_0193,protein_0016,0.2037037037037037
protein_0193,protein_0017,0.17164179104477612
protein_0193,protein_0018,0.367816091954023
protein_0193,protein_0019,0.14942528735632185
protein_0193,protein_0020,0.3793103448275862
protein_0193,protein_0021,0.1956521739130435
protein_0193,protein_0022,0.11458333333333333
protein_0193,protein_0023,0.15625
protein_0193,protein_0024,0.15384615384615385
protein_0193,protein_0025,0.3103448275862069
protein_0193,protein_0026,0.183206106870229
protein_0193,protein_0027,0.15625
protein_0193,protein_0028,0.12037037037037036
protein_0193,protein_0029,0.16853932584269662
protein_0193,protein_0030,0.17886178861788618
protein_0193,protein_0031,0.18811881188118812
protein_0193,protein_0032,0.3977272727272727
protein_0193,protein_0034,0.3563218390804598
protein_0193,protein_0035,0.10476190476190476
protein_0193,protein_0036,0.14942528735632185
protein_0193,protein_0037,0.2727272727272727
protein_0193,protein_0038,0.2727272727272727
protein_0193,protein_0039,0.24719101123595505
protein_0193,protein_0040,0.12087912087912088
protein_0193,protein_0041,0.3977272727272727
protein_0193,protein_0043,0.26436781609195403
protein_0193,protein_0044,0.25287356321839083
protein_0193,protein_0045,0.4222222222222222
protein_0193,protein_0046,0.16129032258064516
protein_0193,protein_0047,0.3181818181818182
protein_0193,protein_0048,0.3218390804597701
protein_0193,protein_0049,0.28735632183908044
protein_0193,protein_0050,0.11538461538461539
protein_0193,protein_0051,0.1724137931034483
protein_0193,protein_0052,0.3563218390804598
protein_0193,protein_0053,0.39325842696629215
protein_0193,protein_0054,0.11904761904761904
protein_0193,protein_0055,0.10526315789473684
protein_0193,protein_0058,0.12643678160919541
protein_0193,protein_0059,0.25287356321839083
protein_0193,protein_0060,0.1559633027522936
protein_0193,protein_0061,0.2087912087912088
protein_0193,protein_0062,0.42528735632183906
protein_0193,protein_0063,0.1267605633802817
protein_0193,protein_0064,0.28735632183908044
protein_0193,protein_0065,0.18691588785046728
protein_0193,protein_0066,0.12
protein_0193,protein_0067,0.3218390804597701
protein_0193,protein_0068,0.2413793103448276
protein_0193,protein_0069,0.3218390804597701
protein_0193,protein_0070,0.27586206896551724
protein_0193,protein_0071,0.23333333333333334
protein_0193,protein_0073,0.23863636363636365
protein_0193,protein_0074,0.15841584158415842
protein_0193,protein_0075,0.19607843137254902
protein_0193,protein_0076,0.13333333333333333
protein_0193,protein_0078,0.1485148514851485
protein_0193,protein_0079,0.1485148514851485
protein_0193,protein_0080,0.4827586206896552
protein_0193,protein_0081,0.47126436781609193
protein_0193,protein_0082,0.175
protein_0193,protein_0083,0.3333333333333333
protein_0193,protein_0085,0.11
protein_0193,protein_0086,0.12
protein_0193,protein_0087,0.16091954022988506
protein_0193,protein_0088,0.40229885057471265
protein_0193,protein_0089,0.13793103448275862
protein_0193,protein_0090,0.16101694915254236
protein_0193,protein_0091,0.22413793103448276
protein_0193,protein_0092,0.22413793103448276
protein_0193,protein_0095,0.16101694915254236
protein_0193,protein_0096,0.1568627450980392
protein_0193,protein_0097,0.3218390804597701
protein_0193,protein_0098,0.3448275862068966
protein_0193,protein_0099,0.14035087719298245
protein_0193,protein_0100,0.16091954022988506
protein_0193,protein_0101,0.26136363636363635
protein_0193,protein_0102,0.2413793103448276
protein_0193,protein_0103,0.27472527472527475
protein_0193,protein_0105,0.10989010989010989
protein_0193,protein_0106,0.1724137931034483
protein_0193,protein_0107,0.47126436781609193
protein_0193,protein_0108,0.2087912087912088
protein_0193,protein_0109,0.14772727272727273
protein_0193,protein_0110,0.3333333333333333
protein_0193,protein_0111,0.28735632183908044
protein_0193,protein_0112,0.17647058823529413
protein_0193,protein_0115,0.3103448275862069
protein_0193,protein_0117,0.13934426229508196
protein_0193,protein_0118,0.17777777777777778
protein_0193,protein_0119,0.11
protein_0193,protein_0120,0.4090909090909091
protein_0193,protein_0121,0.4090909090909091
protein_0193,protein_0122,0.29545454545454547
protein_0193,protein_0123,0.1724137931034483
protein_0193,protein_0124,0.4157303370786517
protein_0193,protein_0125,0.1792452830188679
protein_0193,protein_0127,0.42528735632183906
protein_0193,protein_0128,0.3793103448275862
protein_0193,protein_0129,0.16091954022988506
protein_0193,protein_0130,0.16379310344827586
protein_0193,protein_0131,0.12643678160919541
protein_0193,protein_0133,0.22522522522522523
protein_0193,protein_0134,0.43956043956043955
protein_0193,protein_0135,0.3409090909090909
protein_0193,protein_0136,0.1349206349206349
protein_0193,protein_0137,0.1440677966101695
protein_0193,protein_0138,0.1440677966101695
protein_0193,protein_0139,0.18181818181818182
protein_0193,protein_0140,0.3333333333333333
protein_0193,protein_0142,0.32967032967032966
protein_0193,protein_0143,0.3103448275862069
protein_0193,protein_0144,0.3103448275862069
protein_0193,protein_0145,0.1935483870967742
protein_0193,protein_0146,0.19540229885057472
protein_0193,protein_0147,0.4666666666666667
protein_0193,protein_0148,0.3522727272727273
protein_0193,protein_0149,0.1724137931034483
protein_0193,protein_0150,0.4148936170212766
protein_0193,protein_0151,0.23076923076923078
protein_0193,protein_0152,0.19318181818181818
protein_0193,protein_0153,0.23333333333333334
protein_0193,protein_0154,0.2222222222222222
protein_0193,protein_0155,0.13333333333333333
protein_0193,protein_0156,0.14912280701754385
protein_0193,protein_0157,0.1650485436893204
protein_0193,protein_0159,0.3793103448275862
protein_0193,protein_0160,0.3793103448275862
protein_0193,protein_0161,0.140625
protein_0193,protein_0162,0.3333333333333333
protein_0193,protein_0163,0.2
protein_0193,protein_0164,0.3333333333333333
protein_0193,protein_0165,0.14285714285714285
protein_0193,protein_0166,0.3333333333333333
protein_0193,protein_0167,0.1440677966101695
protein_0193,protein_0168,0.1271186440677966
protein_0193,protein_0169,0.1557377049180328
protein_0193,protein_0170,0.36666666666666664
protein_0193,protein_0171,0.28888888888888886
protein_0193,protein_0172,0.125
protein_0193,protein_0173,0.3793103448275862
protein_0193,protein_0174,0.3563218390804598
protein_0193,protein_0175,0.3793103448275862
protein_0193,protein_0176,0.16666666666666666
protein_0193,protein_0177,0.13793103448275862
protein_0193,protein_0178,0.1794871794871795
protein_0193,protein_0179,0.1532258064516129
protein_0193,protein_0180,0.25287356321839083
protein_0193,protein_0181,0.2988505747126437
protein_0193,protein_0182,0.3333333333333333
protein_0193,protein_0183,0.1308411214953271
protein_0193,protein_0184,0.38202247191011235
protein_0193,protein_0185,0.22448979591836735
protein_0193,protein_0186,0.17757009345794392
protein_0193,protein_0187,0.34408602150537637
protein_0193,protein_0188,0.14285714285714285
protein_0193,protein_0189,0.3563218390804598
protein_0193,protein_0190,0.3563218390804598
protein_0193,protein_0191,0.367816091954023
protein_0193,protein_0192,0.3103448275862069
protein_0193,protein_0194,0.2988505747126437
protein_0193,protein_0195,0.3522727272727273
protein_0193,protein_0196,0.36363636363636365
protein_0193,protein_0197,0.3218390804597701
protein_0193,protein_0198,0.3103448275862069
protein_0193,protein_0199,0.20652173913043478
protein_0193,protein_0200,0.3157894736842105
protein_0193,protein_0201,0.17
protein_0193,protein_0202,0.3563218390804598
protein_0193,protein_0203,0.12195121951219512
protein_0193,protein_0204,0.17391304347826086
protein_0193,protein_0205,0.12206572769953052
protein_0193,protein_0206,0.39080459770114945
protein_0193,protein_0207,0.09523809523809523
protein_0193,protein_0208,0.18421052631578946
protein_0193,protein_0211,0.1568627450980392
protein_0193,protein_0212,0.1590909090909091
protein_0193,protein_0213,0.42045454545454547
protein_0193,protein_0214,0.12222222222222222
protein_0193,protein_0215,0.16091954022988506
protein_0193,protein_0216,0.14705882352941177
protein_0193,protein_0217,0.10752688172043011
protein_0193,protein_0218,0.14925373134328357
protein_0193,protein_0219,0.14285714285714285
protein_0193,protein_0220,0.28735632183908044
protein_0193,protein_0221,0.15555555555555556
protein_0193,protein_0222,0.3103448275862069
protein_0193,protein_0223,0.0967741935483871
protein_0193,protein_0224,0.16091954022988506
protein_0193,protein_0226,0.16304347826086957
protein_0193,protein_0227,0.15384615384615385
protein_0193,protein_0228,0.23711340206185566
protein_0193,protein_0229,0.1590909090909091
protein_0193,protein_0230,0.2
protein_0193,protein_0233,0.1640625
protein_0193,protein_0234,0.2018348623853211
protein_0193,protein_0235,0.13333333333333333
protein_0193,protein_0236,0.26436781609195403
protein_0193,protein_0237,0.26436781609195403
protein_0193,protein_0238,0.1232876712328767
protein_0193,protein_0239,0.3448275862068966
protein_0193,protein_0240,0.3448275862068966
protein_0193,protein_0241,0.34782608695652173
protein_0193,protein_0242,0.13793103448275862
protein_0193,protein_0243,0.3448275862068966
protein_0193,protein_0244,0.17582417582417584
protein_0193,protein_0245,0.1574074074074074
protein_0193,protein_0246,0.1650485436893204
protein_0193,protein_0247,0.24210526315789474
protein_0193,protein_0248,0.3977272727272727
protein_0193,protein_0249,0.3448275862068966
protein_0193,protein_0250,0.13636363636363635
protein_0193,protein_0251,0.2127659574468085
protein_0193,protein_0252,0.20430107526881722
protein_0193,protein_0253,0.1415929203539823
protein_0193,protein_0254,0.16304347826086957
protein_0193,protein_0255,0.1005586592178771
protein_0193,protein_0256,0.14634146341463414
protein_0193,protein_0257,0.15833333333333333
protein_0193,protein_0258,0.3563218390804598
protein_0193,protein_0259,0.16853932584269662
protein_0193,protein_0260,0.16853932584269662
protein_0193,protein_0263,0.16312056737588654
protein_0193,protein_0264,0.375
protein_0193,protein_0265,0.375
protein_0193,protein_0267,0.19540229885057472
protein_0193,protein_0268,0.19101123595505617
protein_0193,protein_0269,0.16379310344827586
protein_0193,protein_0270,0.16666666666666666
protein_0193,protein_0272,0.3409090909090909
protein_0193,protein_0273,0.3626373626373626
protein_0193,protein_0274,0.20430107526881722
protein_0193,protein_0275,0.17757009345794392
protein_0193,protein_0276,0.367816091954023
protein_0193,protein_0277,0.13793103448275862
protein_0193,protein_0279,0.2840909090909091
protein_0193,protein_0281,0.15384615384615385
protein_0193,protein_0282,0.1590909090909091
protein_0193,protein_0283,0.13004484304932734
protein_0193,protein_0284,0.2840909090909091
protein_0193,protein_0285,0.3563218390804598
protein_0193,protein_0286,0.20212765957446807
protein_0193,protein_0287,0.18018018018018017
protein_0193,protein_0288,0.3563218390804598
protein_0193,protein_0289,0.1797752808988764
protein_0193,protein_0290,0.1574074074074074
protein_0193,protein_0291,0.21839080459770116
protein_0193,protein_0292,0.17582417582417584
protein_0193,protein_0293,0.24444444444444444
protein_0193,protein_0294,0.21839080459770116
protein_0193,protein_0295,0.13793103448275862
protein_0193,protein_0296,0.11666666666666667
protein_0193,protein_0297,0.1797752808988764
protein_0193,protein_0298,0.16483516483516483
protein_0193,protein_0299,0.19230769230769232
protein_0193,protein_0300,0.14
protein_0193,protein_0301,0.13861386138613863
protein_0193,protein_0302,0.1095890410958904
protein_0193,protein_0303,0.19318181818181818
protein_0193,protein_0304,0.1595744680851064
protein_0193,protein_0305,0.18
protein_0193,protein_0306,0.10526315789473684
protein_0193,protein_0307,0.11016949152542373
protein_0193,protein_0308,0.1721311475409836
protein_0193,protein_0309,0.2
protein_0193,protein_0310,0.22429906542056074
protein_0193,protein_0311,0.4318181818181818
protein_0193,protein_0312,0.39080459770114945
protein_0193,protein_0313,0.2840909090909091
protein_0193,protein_0314,0.12244897959183673
protein_0193,protein_0315,0.15503875968992248
protein_0193,protein_0316,0.13793103448275862
protein_0193,protein_0317,0.14
protein_0193,protein_0318,0.1623931623931624
protein_0193,protein_0319,0.3448275862068966
protein_0193,protein_0320,0.3448275862068966
protein_0193,protein_0321,0.2087912087912088
protein_0193,protein_0322,0.26436781609195403
protein_0193,protein_0323,0.2988505747126437
protein_0193,protein_0324,0.12643678160919541
protein_0193,protein_0325,0.2033898305084746
protein_0193,protein_0326,0.17391304347826086
protein_0193,protein_0327,0.42528735632183906
protein_0193,protein_0328,0.15178571428571427
protein_0193,protein_0330,0.3103448275862069
protein_0193,protein_0331,0.16853932584269662
protein_0193,protein_0332,0.21839080459770116
protein_0193,protein_0333,0.27472527472527475
protein_0193,protein_0334,0.18478260869565216
protein_0193,protein_0335,0.14150943396226415
protein_0193,protein_0336,0.17777777777777778
protein_0193,protein_0337,0.26436781609195403
protein_0193,protein_0338,0.23333333333333334
protein_0193,protein_0339,0.15789473684210525
protein_0193,protein_0340,0.15384615384615385
protein_0193,protein_0341,0.21359223300970873
protein_0193,protein_0343,0.13636363636363635
protein_0193,protein_0344,0.3888888888888889
protein_0193,protein_0345,0.1896551724137931
protein_0193,protein_0346,0.1896551724137931
protein_0193,protein_0347,0.19540229885057472
protein_0193,protein_0348,0.15966386554621848
protein_0193,protein_0349,0.19
protein_0193,protein_0350,0.3888888888888889
protein_0193,protein_0351,0.3333333333333333
protein_0193,protein_0352,0.13793103448275862
protein_0193,protein_0353,0.14960629921259844
protein_0193,protein_0354,0.26436781609195403
protein_0193,protein_0355,0.27586206896551724
protein_0193,protein_0356,0.12643678160919541
protein_0193,protein_0357,0.1297709923664122
protein_0193,protein_0358,0.3888888888888889
protein_0193,protein_0359,0.13445378151260504
protein_0193,protein_0360,0.367816091954023
protein_0193,protein_0362,0.1724137931034483
protein_0193,protein_0363,0.1724137931034483
protein_0193,protein_0364,0.1839080459770115
protein_0193,protein_0365,0.20454545454545456
protein_0193,protein_0366,0.20454545454545456
protein_0193,protein_0367,0.205607476635514
protein_0193,protein_0368,0.17045454545454544
protein_0193,protein_0369,0.16091954022988506
protein_0193,protein_0370,0.3888888888888889
protein_0193,protein_0371,0.367816091954023
protein_0193,protein_0372,0.1141552511415525
protein_0193,protein_0373,0.1553398058252427
protein_0193,protein_0374,0.11965811965811966
protein_0193,protein_0375,0.367816091954023
protein_0193,protein_0377,0.3103448275862069
protein_0193,protein_0378,0.16964285714285715
protein_0193,protein_0379,0.19148936170212766
protein_0193,protein_0380,0.19148936170212766
protein_0193,protein_0381,0.19148936170212766
protein_0193,protein_0382,0.26373626373626374
protein_0193,protein_0383,0.1724137931034483
protein_0193,protein_0384,0.3563218390804598
protein_0193,protein_0386,0.14705882352941177
protein_0193,protein_0387,0.14285714285714285
protein_0193,protein_0388,0.17582417582417584
protein_0193,protein_0389,0.16853932584269662
protein_0193,protein_0390,0.34408602150537637
protein_0193,protein_0392,0.3218390804597701
protein_0193,protein_0393,0.3218390804597701
protein_0193,protein_0394,0.1565217391304348
protein_0193,protein_0397,0.3218390804597701
protein_0193,protein_0398,0.14049586776859505
protein_0193,protein_0399,0.39080459770114945
protein_0209,protein_0001,0.16091954022988506
protein_0209,protein_0002,0.25
protein_0209,protein_0003,0.2727272727272727
protein_0209,protein_0004,0.2727272727272727
protein_0209,protein_0005,0.16666666666666666
protein_0209,protein_0006,0.29213483146067415
protein_0209,protein_0007,0.19101123595505617
protein_0209,protein_0008,0.13592233009708737
protein_0209,protein_0010,0.25287356321839083
protein_0209,protein_0011,0.25287356321839083
protein_0209,protein_0012,0.27586206896551724
protein_0209,protein_0013,0.17045454545454544
protein_0209,protein_0014,0.18478260869565216
protein_0209,protein_0016,0.13274336283185842
protein_0209,protein_0017,0.17293233082706766
protein_0209,protein_0018,0.2988505747126437
protein_0209,protein_0019,0.16091954022988506
protein_0209,protein_0020,0.21839080459770116
protein_0209,protein_0021,0.13
protein_0209,protein_0022,0.15841584158415842
protein_0209,protein_0023,0.1588785046728972
protein_0209,protein_0024,0.11666666666666667
protein_0209,protein_0025,0.26373626373626374
protein_0209,protein_0026,0.12949640287769784
protein_0209,protein_0027,0.16666666666666666
protein_0209,protein_0028,0.1308411214953271
protein_0209,protein_0029,0.1590909090909091
protein_0209,protein_0030,0.12
protein_0209,protein_0031,0.1308411214953271
protein_0209,protein_0032,0.22988505747126436
protein_0209,protein_0034,0.28735632183908044
protein_0209,protein_0035,0.10891089108910891
protein_0209,protein_0036,0.15053763440860216
protein_0209,protein_0037,0.27586206896551724
protein_0209,protein_0038,0.27586206896551724
protein_0209,protein_0039,0.28735632183908044
protein_0209,protein_0040,0.14285714285714285
protein_0209,protein_0041,0.2413793103448276
protein_0209,protein_0043,0.9080459770114943
protein_0209,protein_0044,0.9540229885057471
protein_0209,protein_0045,0.2988505747126437
protein_0209,protein_0046,0.16853932584269662
protein_0209,protein_0047,0.28735632183908044
protein_0209,protein_0048,0.27586206896551724
protein_0209,protein_0049,0.3218390804597701
protein_0209,protein_0050,0.10891089108910891
protein_0209,protein_0051,0.18888888888888888
protein_0209,protein_0052,0.27586206896551724
protein_0209,protein_0053,0.2988505747126437
protein_0209,protein_0054,0.15
protein_0209,protein_0055,0.11965811965811966
protein_0209,protein_0058,0.18888888888888888
protein_0209,protein_0059,0.8735632183908046
protein_0209,protein_0060,0.12871287128712872
protein_0209,protein_0061,0.1978021978021978
protein_0209,protein_0062,0.27586206896551724
protein_0209,protein_0063,0.0892018779342723
protein_0209,protein_0064,0.3103448275862069
protein_0209,protein_0065,0.14705882352941177
protein_0209,protein_0066,0.13675213675213677
protein_0209,protein_0067,0.26436781609195403
protein_0209,protein_0068,0.19540229885057472
protein_0209,protein_0069,0.29545454545454547
protein_0209,protein_0070,0.21839080459770116
protein_0209,protein_0071,0.2988505747126437
protein_0209,protein_0073,0.25287356321839083
protein_0209,protein_0074,0.16161616161616163
protein_0209,protein_0075,0.18269230769230768
protein_0209,protein_0076,0.22727272727272727
protein_0209,protein_0078,0.1346153846153846
protein_0209,protein_0079,0.1346153846153846
protein_0209,protein_0080,0.27586206896551724
protein_0209,protein_0081,0.2413793103448276
protein_0209,protein_0082,0.13333333333333333
protein_0209,protein_0083,0.3103448275862069
protein_0209,protein_0085,0.1487603305785124
protein_0209,protein_0086,0.14166666666666666
protein_0209,protein_0087,0.12359550561797752
protein_0209,protein_0088,0.32954545454545453
protein_0209,protein_0089,0.17391304347826086
protein_0209,protein_0090,0.1565217391304348
protein_0209,protein_0091,0.15833333333333333
protein_0209,protein_0092,0.15833333333333333
protein_0209,protein_0095,0.13274336283185842
protein_0209,protein_0096,0.15
protein_0209,protein_0097,0.22988505747126436
protein_0209,protein_0098,0.2857142857142857
protein_0209,protein_0099,0.10476190476190476
protein_0209,protein_0100,0.1839080459770115
protein_0209,protein_0101,0.25287356321839083
protein_0209,protein_0102,0.29213483146067415
protein_0209,protein_0103,0.3218390804597701
protein_0209,protein_0105,0.10526315789473684
protein_0209,protein_0106,0.14655172413793102
protein_0209,protein_0107,0.2413793103448276
protein_0209,protein_0108,0.2967032967032967
protein_0209,protein_0109,0.14772727272727273
protein_0209,protein_0110,0.2840909090909091
protein_0209,protein_0111,0.21839080459770116
protein_0209,protein_0112,0.18333333333333332
protein_0209,protein_0115,0.25287356321839083
protein_0209,protein_0117,0.13043478260869565
protein_0209,protein_0118,0.16091954022988506
protein_0209,protein_0119,0.13675213675213677
protein_0209,protein_0120,0.3146067415730337
protein_0209,protein_0121,0.3146067415730337
protein_0209,protein_0122,0.2988505747126437
protein_0209,protein_0123,0.17582417582417584
protein_0209,protein_0124,0.30337078651685395
protein_0209,protein_0125,0.10204081632653061
protein_0209,protein_0127,0.23863636363636365
protein_0209,protein_0128,0.26436781609195403
protein_0209,protein_0129,0.25842696629213485
protein_0209,protein_0130,0.15178571428571427
protein_0209,protein_0131,0.13793103448275862
protein_0209,protein_0133,0.19469026548672566
protein_0209,protein_0134,0.26436781609195403
protein_0209,protein_0135,0.29545454545454547
protein_0209,protein_0136,0.1721311475409836
protein_0209,protein_0137,0.12605042016806722
protein_0209,protein_0138,0.12605042016806722
protein_0209,protein_0139,0.13793103448275862
protein_0209,protein_0140,0.2727272727272727
protein_0209,protein_0142,0.29213483146067415
protein_0209,protein_0143,0.22988505747126436
protein_0209,protein_0144,0.2413793103448276
protein_0209,protein_0145,0.1839080459770115
protein_0209,protein_0146,0.2159090909090909
protein_0209,protein_0147,0.2808988764044944
protein_0209,protein_0148,0.27586206896551724
protein_0209,protein_0149,0.18888888888888888
protein_0209,protein_0150,0.29473684210526313
protein_0209,protein_0151,0.2111111111111111
protein_0209,protein_0152,0.15384615384615385
protein_0209,protein_0153,0.20430107526881722
protein_0209,protein_0154,0.19791666666666666
protein_0209,protein_0155,0.1935483870967742
protein_0209,protein_0156,0.14814814814814814
protein_0209,protein_0157,0.1568627450980392
protein_0209,protein_0159,0.2696629213483146
protein_0209,protein_0160,0.26436781609195403
protein_0209,protein_0161,0.1623931623931624
protein_0209,protein_0162,0.28735632183908044
protein_0209,protein_0163,0.1826086956521739
protein_0209,protein_0164,0.3103448275862069
protein_0209,protein_0165,0.13636363636363635
protein_0209,protein_0166,0.3103448275862069
protein_0209,protein_0167,0.1391304347826087
protein_0209,protein_0168,0.1592920353982301
protein_0209,protein_0169,0.13178294573643412
protein_0209,protein_0170,0.2413793103448276
protein_0209,protein_0171,0.20689655172413793
protein_0209,protein_0172,0.08547008547008547
protein_0209,protein_0173,0.28735632183908044
protein_0209,protein_0174,0.22988505747126436
protein_0209,protein_0175,0.26436781609195403
protein_0209,protein_0176,0.15730337078651685
protein_0209,protein_0177,0.1724137931034483
protein_0209,protein_0178,0.1415929203539823
protein_0209,protein_0179,0.168141592920354
protein_0209,protein_0180,0.26373626373626374
protein_0209,protein_0181,0.25287356321839083
protein_0209,protein_0182,0.2988505747126437
protein_0209,protein_0183,0.14705882352941177
protein_0209,protein_0184,0.28888888888888886
protein_0209,protein_0185,0.18181818181818182
protein_0209,protein_0186,0.16981132075471697
protein_0209,protein_0187,0.26436781609195403
protein_0209,protein_0188,0.15384615384615385
protein_0209,protein_0189,0.21839080459770116
protein_0209,protein_0190,0.27586206896551724
protein_0209,protein_0191,0.2413793103448276
protein_0209,protein_0192,0.2988505747126437
protein_0209,protein_0194,0.23333333333333334
protein_0209,protein_0195,0.25287356321839083
protein_0209,protein_0196,0.2413793103448276
protein_0209,protein_0197,0.3103448275862069
protein_0209,protein_0198,0.26436781609195403
protein_0209,protein_0199,0.2553191489361702
protein_0209,protein_0200,0.2808988764044944
protein_0209,protein_0201,0.18333333333333332
protein_0209,protein_0202,0.25287356321839083
protein_0209,protein_0203,0.1282051282051282
protein_0209,protein_0204,0.1724137931034483
protein_0209,protein_0205,0.0995260663507109
protein_0209,protein_0206,0.26436781609195403
protein_0209,protein_0207,0.12781954887218044
protein_0209,protein_0208,0.1743119266055046
protein_0209,protein_0211,0.1792452830188679
protein_0209,protein_0212,0.2159090909090909
protein_0209,protein_0213,0.28735632183908044
protein_0209,protein_0214,0.12903225806451613
protein_0209,protein_0215,0.15463917525773196
protein_0209,protein_0216,0.13725490196078433
protein_0209,protein_0217,0.1717171717171717
protein_0209,protein_0218,0.16
protein_0209,protein_0219,0.16806722689075632
protein_0209,protein_0220,0.3068181818181818
protein_0209,protein_0221,0.17777777777777778
protein_0209,protein_0222,0.3333333333333333
protein_0209,protein_0223,0.1724137931034483
protein_0209,protein_0224,0.14444444444444443
protein_0209,protein_0226,0.1276595744680851
protein_0209,protein_0227,0.18888888888888888
protein_0209,protein_0228,0.23157894736842105
protein_0209,protein_0229,0.20212765957446807
protein_0209,protein_0230,0.22105263157894736
protein_0209,protein_0233,0.16153846153846155
protein_0209,protein_0234,0.13592233009708737
protein_0209,protein_0235,0.18095238095238095
protein_0209,protein_0236,0.27586206896551724
protein_0209,protein_0237,0.27586206896551724
protein_0209,protein_0238,0.11194029850746269
protein_0209,protein_0239,0.3181818181818182
protein_0209,protein_0240,0.26436781609195403
protein_0209,protein_0241,0.2808988764044944
protein_0209,protein_0242,0.14772727272727273
protein_0209,protein_0243,0.2413793103448276
protein_0209,protein_0244,0.1724137931034483
protein_0209,protein_0245,0.15966386554621848
protein_0209,protein_0246,0.21
protein_0209,protein_0247,0.16842105263157894
protein_0209,protein_0248,0.1839080459770115
protein_0209,protein_0249,0.2777777777777778
protein_0209,protein_0250,0.2
protein_0209,protein_0251,0.11956521739130435
protein_0209,protein_0252,0.14893617021276595
protein_0209,protein_0253,0.09649122807017543
protein_0209,protein_0254,0.15217391304347827
protein_0209,protein_0255,0.1286549707602339
protein_0209,protein_0256,0.16666666666666666
protein_0209,protein_0257,0.17592592592592593
protein_0209,protein_0258,0.2988505747126437
protein_0209,protein_0259,0.1839080459770115
protein_0209,protein_0260,0.1839080459770115
protein_0209,protein_0263,0.12949640287769784
protein_0209,protein_0264,0.21839080459770116
protein_0209,protein_0265,0.21839080459770116
protein_0209,protein_0267,0.1839080459770115
protein_0209,protein_0268,0.20212765957446807
protein_0209,protein_0269,0.18803418803418803
protein_0209,protein_0270,0.16666666666666666
protein_0209,protein_0272,0.26436781609195403
protein_0209,protein_0273,0.2967032967032967
protein_0209,protein_0274,0.23333333333333334
protein_0209,protein_0275,0.19230769230769232
protein_0209,protein_0276,0.28735632183908044
protein_0209,protein_0277,0.1724137931034483
protein_0209,protein_0279,0.25287356321839083
protein_0209,protein_0281,0.15384615384615385
protein_0209,protein_0282,0.16091954022988506
protein_0209,protein_0283,0.09174311926605505
protein_0209,protein_0284,0.27586206896551724
protein_0209,protein_0285,0.25287356321839083
protein_0209,protein_0286,0.15053763440860216
protein_0209,protein_0287,0.17592592592592593
protein_0209,protein_0288,0.2967032967032967
protein_0209,protein_0289,0.13978494623655913
protein_0209,protein_0290,0.15384615384615385
protein_0209,protein_0291,0.19540229885057472
protein_0209,protein_0292,0.16091954022988506
protein_0209,protein_0293,0.21739130434782608
protein_0209,protein_0294,0.19540229885057472
protein_0209,protein_0295,0.17045454545454544
protein_0209,protein_0296,0.16666666666666666
protein_0209,protein_0297,0.14444444444444443
protein_0209,protein_0298,0.13793103448275862
protein_0209,protein_0299,0.18556701030927836
protein_0209,protein_0300,0.2
protein_0209,protein_0301,0.2
protein_0209,protein_0302,0.10550458715596331
protein_0209,protein_0303,0.2247191011235955
protein_0209,protein_0304,0.15053763440860216
protein_0209,protein_0305,0.17142857142857143
protein_0209,protein_0306,0.11965811965811966
protein_0209,protein_0307,0.15942028985507245
protein_0209,protein_0308,0.13333333333333333
protein_0209,protein_0309,0.1919191919191919
protein_0209,protein_0310,0.1619047619047619
protein_0209,protein_0311,0.24175824175824176
protein_0209,protein_0312,0.26436781609195403
protein_0209,protein_0313,0.25287356321839083
protein_0209,protein_0314,0.1346153846153846
protein_0209,protein_0315,0.15748031496062992
protein_0209,protein_0316,0.14444444444444443
protein_0209,protein_0317,0.11538461538461539
protein_0209,protein_0318,0.19672131147540983
protein_0209,protein_0319,0.26436781609195403
protein_0209,protein_0320,0.2727272727272727
protein_0209,protein_0321,0.21739130434782608
protein_0209,protein_0322,0.22988505747126436
protein_0209,protein_0323,0.5057471264367817
protein_0209,protein_0324,0.16091954022988506
protein_0209,protein_0325,0.19469026548672566
protein_0209,protein_0326,0.15053763440860216
protein_0209,protein_0327,0.2727272727272727
protein_0209,protein_0328,0.1559633027522936
protein_0209,protein_0330,0.27472527472527475
protein_0209,protein_0331,0.1590909090909091
protein_0209,protein_0332,0.23595505617977527
protein_0209,protein_0333,0.2413793103448276
protein_0209,protein_0334,0.16326530612244897
protein_0209,protein_0335,0.14285714285714285
protein_0209,protein_0336,0.12643678160919541
protein_0209,protein_0337,0.2840909090909091
protein_0209,protein_0338,0.25555555555555554
protein_0209,protein_0339,0.1839080459770115
protein_0209,protein_0340,0.15
protein_0209,protein_0341,0.2571428571428571
protein_0209,protein_0343,0.14893617021276595
protein_0209,protein_0344,0.28888888888888886
protein_0209,protein_0345,0.15517241379310345
protein_0209,protein_0346,0.15517241379310345
protein_0209,protein_0347,0.16091954022988506
protein_0209,protein_0348,0.1678832116788321
protein_0209,protein_0349,0.1792452830188679
protein_0209,protein_0350,0.2840909090909091
protein_0209,protein_0351,0.3181818181818182
protein_0209,protein_0352,0.16129032258064516
protein_0209,protein_0353,0.15315315315315314
protein_0209,protein_0354,0.22105263157894736
protein_0209,protein_0355,0.25287356321839083
protein_0209,protein_0356,0.13333333333333333
protein_0209,protein_0357,0.1652892561983471
protein_0209,protein_0358,0.26436781609195403
protein_0209,protein_0359,0.10655737704918032
protein_0209,protein_0360,0.2247191011235955
protein_0209,protein_0362,0.28125
protein_0209,protein_0363,0.28125
protein_0209,protein_0364,0.2604166666666667
protein_0209,protein_0365,0.21348314606741572
protein_0209,protein_0366,0.22916666666666666
protein_0209,protein_0367,0.16216216216216217
protein_0209,protein_0368,0.10227272727272728
protein_0209,protein_0369,0.16
protein_0209,protein_0370,0.28888888888888886
protein_0209,protein_0371,0.22988505747126436
protein_0209,protein_0372,0.10550458715596331
protein_0209,protein_0373,0.14414414414414414
protein_0209,protein_0374,0.11965811965811966
protein_0209,protein_0375,0.2727272727272727
protein_0209,protein_0377,0.28735632183908044
protein_0209,protein_0378,0.17757009345794392
protein_0209,protein_0379,0.1935483870967742
protein_0209,protein_0380,0.1935483870967742
protein_0209,protein_0381,0.1935483870967742
protein_0209,protein_0382,0.25287356321839083
protein_0209,protein_0383,0.17391304347826086
protein_0209,protein_0384,0.26136363636363635
protein_0209,protein_0386,0.15126050420168066
protein_0209,protein_0387,0.16494845360824742
protein_0209,protein_0388,0.14285714285714285
protein_0209,protein_0389,0.17708333333333334
protein_0209,protein_0390,0.2413793103448276
protein_0209,protein_0392,0.27472527472527475
protein_0209,protein_0393,0.2413793103448276
protein_0209,protein_0394,0.1271186440677966
protein_0209,protein_0397,0.3103448275862069
protein_0209,protein_0398,0.13043478260869565
protein_0209,protein_0399,0.27586206896551724
protein_0210,protein_0001,0.15294117647058825
protein_0210,protein_0002,0.19318181818181818
protein_0210,protein_0003,0.367816091954023
protein_0210,protein_0004,0.3793103448275862
protein_0210,protein_0005,0.15053763440860216
protein_0210,protein_0006,0.32222222222222224
protein_0210,protein_0007,0.14606741573033707
protein_0210,protein_0008,0.2079207920792079
protein_0210,protein_0010,0.2988505747126437
protein_0210,protein_0011,0.34831460674157305
protein_0210,protein_0012,0.36363636363636365
protein_0210,protein_0013,0.10588235294117647
protein_0210,protein_0014,0.1523809523809524
protein_0210,protein_0016,0.18181818181818182
protein_0210,protein_0017,0.16666666666666666
protein_0210,protein_0018,0.3146067415730337
protein_0210,protein_0019,0.17647058823529413
protein_0210,protein_0020,0.32558139534883723
protein_0210,protein_0021,0.1590909090909091
protein_0210,protein_0022,0.1276595744680851
protein_0210,protein_0023,0.15463917525773196
protein_0210,protein_0024,0.15384615384615385
protein_0210,protein_0025,0.3111111111111111
protein_0210,protein_0026,0.13953488372093023
protein_0210,protein_0027,0.19090909090909092
protein_0210,protein_0028,0.11607142857142858
protein_0210,protein_0029,0.16470588235294117
protein_0210,protein_0030,0.14049586776859505
protein_0210,protein_0031,0.21782178217821782
protein_0210,protein_0032,0.39325842696629215
protein_0210,protein_0034,0.3218390804597701
protein_0210,protein_0035,0.1346153846153846
protein_0210,protein_0036,0.17647058823529413
protein_0210,protein_0037,0.2857142857142857
protein_0210,protein_0038,0.2857142857142857
protein_0210,protein_0039,0.22988505747126436
protein_0210,protein_0040,0.11363636363636363
protein_0210,protein_0041,0.3793103448275862
protein_0210,protein_0043,0.2696629213483146
protein_0210,protein_0044,0.23595505617977527
protein_0210,protein_0045,0.30337078651685395
protein_0210,protein_0046,0.16279069767441862
protein_0210,protein_0047,0.29213483146067415
protein_0210,protein_0048,0.2808988764044944
protein_0210,protein_0049,0.30337078651685395
protein_0210,protein_0050,0.13861386138613863
protein_0210,protein_0051,0.16279069767441862
protein_0210,protein_0052,0.3146067415730337
protein_0210,protein_0053,0.40229885057471265
protein_0210,protein_0054,0.13675213675213677
protein_0210,protein_0055,0.17391304347826086
protein_0210,protein_0058,0.1839080459770115
protein_0210,protein_0059,0.3
protein_0210,protein_0060,0.1346153846153846
protein_0210,protein_0061,0.23333333333333334
protein_0210,protein_0062,0.3448275862068966
protein_0210,protein_0063,0.11059907834101383
protein_0210,protein_0064,0.32954545454545453
protein_0210,protein_0065,0.2222222222222222
protein_0210,protein_0066,0.1415929203539823
protein_0210,protein_0067,0.29069767441860467
protein_0210,protein_0068,0.27586206896551724
protein_0210,protein_0069,0.2988505747126437
protein_0210,protein_0070,0.26436781609195403
protein_0210,protein_0071,0.22727272727272727
protein_0210,protein_0073,0.28735632183908044
protein_0210,protein_0074,0.13043478260869565
protein_0210,protein_0075,0.18811881188118812
protein_0210,protein_0076,0.1411764705882353
protein_0210,protein_0078,0.13592233009708737
protein_0210,protein_0079,0.13592233009708737
protein_0210,protein_0080,0.3793103448275862
protein_0210,protein_0081,0.38636363636363635
protein_0210,protein_0082,0.15789473684210525
protein_0210,protein_0083,0.28735632183908044
protein_0210,protein_0085,0.17543859649122806
protein_0210,protein_0086,0.19298245614035087
protein_0210,protein_0087,0.1839080459770115
protein_0210,protein_0088,0.3146067415730337
protein_0210,protein_0089,0.11504424778761062
protein_0210,protein_0090,0.13114754098360656
protein_0210,protein_0091,0.14035087719298245
protein_0210,protein_0092,0.14035087719298245
protein_0210,protein_0095,0.13274336283185842
protein_0210,protein_0096,0.18181818181818182
protein_0210,protein_0097,0.36046511627906974
protein_0210,protein_0098,0.367816091954023
protein_0210,protein_0099,0.13333333333333333
protein_0210,protein_0100,0.15294117647058825
protein_0210,protein_0101,0.28735632183908044
protein_0210,protein_0102,0.28735632183908044
protein_0210,protein_0103,0.27586206896551724
protein_0210,protein_0105,0.1411764705882353
protein_0210,protein_0106,0.13513513513513514
protein_0210,protein_0107,0.40229885057471265
protein_0210,protein_0108,0.22093023255813954
protein_0210,protein_0109,0.14772727272727273
protein_0210,protein_0110,0.358695652173913
protein_0210,protein_0111,0.27586206896551724
protein_0210,protein_0112,0.16037735849056603
protein_0210,protein_0115,0.26436781609195403
protein_0210,protein_0117,0.14173228346456693
protein_0210,protein_0118,0.16470588235294117
protein_0210,protein_0119,0.16101694915254236
protein_0210,protein_0120,0.3563218390804598
protein_0210,protein_0121,0.3563218390804598
protein_0210,protein_0122,0.26136363636363635
protein_0210,protein_0123,0.16091954022988506
protein_0210,protein_0124,0.3793103448275862
protein_0210,protein_0125,0.16666666666666666
protein_0210,protein_0127,0.39080459770114945
protein_0210,protein_0128,0.3516483516483517
protein_0210,protein_0129,0.24719101123595505
protein_0210,protein_0130,0.15254237288135594
protein_0210,protein_0131,0.15217391304347827
protein_0210,protein_0133,0.2
protein_0210,protein_0134,0.3448275862068966
protein_0210,protein_0135,0.3218390804597701
protein_0210,protein_0136,0.1206896551724138
protein_0210,protein_0137,0.1452991452991453
protein_0210,protein_0138,0.1452991452991453
protein_0210,protein_0139,0.1839080459770115
protein_0210,protein_0140,0.27586206896551724
protein_0210,protein_0142,0.36046511627906974
protein_0210,protein_0143,0.36363636363636365
protein_0210,protein_0144,0.3563218390804598
protein_0210,protein_0145,0.18181818181818182
protein_0210,protein_0146,0.1744186046511628
protein_0210,protein_0147,0.40229885057471265
protein_0210,protein_0148,0.38461538461538464
protein_0210,protein_0149,0.18604651162790697
protein_0210,protein_0150,0.32558139534883723
protein_0210,protein_0151,0.23076923076923078
protein_0210,protein_0152,0.15294117647058825
protein_0210,protein_0153,0.23595505617977527
protein_0210,protein_0154,0.17391304347826086
protein_0210,protein_0155,0.14516129032258066
protein_0210,protein_0156,0.11214953271028037
protein_0210,protein_0157,0.2
protein_0210,protein_0159,0.32967032967032966
protein_0210,protein_0160,0.36046511627906974
protein_0210,protein_0161,0.11016949152542373
protein_0210,protein_0162,0.3181818181818182
protein_0210,protein_0163,0.14705882352941177
protein_0210,protein_0164,0.29545454545454547
protein_0210,protein_0165,0.18823529411764706
protein_0210,protein_0166,0.2727272727272727
protein_0210,protein_0167,0.19130434782608696
protein_0210,protein_0168,0.19469026548672566
protein_0210,protein_0169,0.13953488372093023
protein_0210,protein_0170,0.3448275862068966
protein_0210,protein_0171,0.25287356321839083
protein_0210,protein_0172,0.17094017094017094
protein_0210,protein_0173,0.3563218390804598
protein_0210,protein_0174,0.3563218390804598
protein_0210,protein_0175,0.367816091954023
protein_0210,protein_0176,0.16279069767441862
protein_0210,protein_0177,0.18604651162790697
protein_0210,protein_0178,0.07964601769911504
protein_0210,protein_0179,0.1440677966101695
protein_0210,protein_0180,0.25
protein_0210,protein_0181,0.28735632183908044
protein_0210,protein_0182,0.28735632183908044
protein_0210,protein_0183,0.16363636363636364
protein_0210,protein_0184,0.3409090909090909
protein_0210,protein_0185,0.16494845360824742
protein_0210,protein_0186,0.17757009345794392
protein_0210,protein_0187,0.3793103448275862
protein_0210,protein_0188,0.1839080459770115
protein_0210,protein_0189,0.27586206896551724
protein_0210,protein_0190,0.27586206896551724
protein_0210,protein_0191,0.34444444444444444
protein_0210,protein_0192,0.29545454545454547
protein_0210,protein_0194,0.30337078651685395
protein_0210,protein_0195,0.3333333333333333
protein_0210,protein_0196,0.3103448275862069
protein_0210,protein_0197,0.29213483146067415
protein_0210,protein_0198,0.3516483516483517
protein_0210,protein_0199,0.2
protein_0210,protein_0200,0.31868131868131866
protein_0210,protein_0201,0.13
protein_0210,protein_0202,0.39325842696629215
protein_0210,protein_0203,0.12096774193548387
protein_0210,protein_0204,0.18181818181818182
protein_0210,protein_0205,0.10697674418604651
protein_0210,protein_0206,0.36363636363636365
protein_0210,protein_0207,0.1721311475409836
protein_0210,protein_0208,0.1504424778761062
protein_0210,protein_0211,0.18604651162790697
protein_0210,protein_0212,0.17647058823529413
protein_0210,protein_0213,0.3793103448275862
protein_0210,protein_0214,0.08235294117647059
protein_0210,protein_0215,0.15384615384615385
protein_0210,protein_0216,0.1415929203539823
protein_0210,protein_0217,0.1348314606741573
protein_0210,protein_0218,0.10852713178294573
protein_0210,protein_0219,0.14166666666666666
protein_0210,protein_0220,0.34831460674157305
protein_0210,protein_0221,0.16483516483516483
protein_0210,protein_0222,0.313953488372093
protein_0210,protein_0223,0.13636363636363635
protein_0210,protein_0224,0.12941176470588237
protein_0210,protein_0226,0.1702127659574468
protein_0210,protein_0227,0.18181818181818182
protein_0210,protein_0228,0.21875
protein_0210,protein_0229,0.16470588235294117
protein_0210,protein_0230,0.2111111111111111
protein_0210,protein_0233,0.12403100775193798
protein_0210,protein_0234,0.17142857142857143
protein_0210,protein_0235,0.18478260869565216
protein_0210,protein_0236,0.3103448275862069
protein_0210,protein_0237,0.3103448275862069
protein_0210,protein_0238,0.13740458015267176
protein_0210,protein_0239,0.2988505747126437
protein_0210,protein_0240,0.2988505747126437
protein_0210,protein_0241,0.3218390804597701
protein_0210,protein_0242,0.18604651162790697
protein_0210,protein_0243,0.3522727272727273
protein_0210,protein_0244,0.18823529411764706
protein_0210,protein_0245,0.16964285714285715
protein_0210,protein_0246,0.19387755102040816
protein_0210,protein_0247,0.18811881188118812
protein_0210,protein_0248,0.4
protein_0210,protein_0249,0.26436781609195403
protein_0210,protein_0250,0.16470588235294117
protein_0210,protein_0251,0.10989010989010989
protein_0210,protein_0252,0.10869565217391304
protein_0210,protein_0253,0.13114754098360656
protein_0210,protein_0254,0.18681318681318682
protein_0210,protein_0255,0.09142857142857143
protein_0210,protein_0256,0.10679611650485436
protein_0210,protein_0257,0.1414141414141414
protein_0210,protein_0258,0.2988505747126437
protein_0210,protein_0259,0.1839080459770115
protein_0210,protein_0260,0.1839080459770115
protein_0210,protein_0263,0.12056737588652482
protein_0210,protein_0264,0.40229885057471265
protein_0210,protein_0265,0.40229885057471265
protein_0210,protein_0267,0.1839080459770115
protein_0210,protein_0268,0.18604651162790697
protein_0210,protein_0269,0.19834710743801653
protein_0210,protein_0270,0.1797752808988764
protein_0210,protein_0272,0.30337078651685395
protein_0210,protein_0273,0.3146067415730337
protein_0210,protein_0274,0.26595744680851063
protein_0210,protein_0275,0.1941747572815534
protein_0210,protein_0276,0.39080459770114945
protein_0210,protein_0277,0.16470588235294117
protein_0210,protein_0279,0.3
protein_0210,protein_0281,0.13793103448275862
protein_0210,protein_0282,0.13186813186813187
protein_0210,protein_0283,0.0990990990990991
protein_0210,protein_0284,0.26436781609195403
protein_0210,protein_0285,0.28735632183908044
protein_0210,protein_0286,0.16304347826086957
protein_0210,protein_0287,0.18518518518518517
protein_0210,protein_0288,0.32954545454545453
protein_0210,protein_0289,0.14772727272727273
protein_0210,protein_0290,0.13725490196078433
protein_0210,protein_0291,0.2413793103448276
protein_0210,protein_0292,0.20224719101123595
protein_0210,protein_0293,0.20454545454545456
protein_0210,protein_0294,0.2413793103448276
protein_0210,protein_0295,0.18604651162790697
protein_0210,protein_0296,0.1504424778761062
protein_0210,protein_0297,0.1702127659574468
protein_0210,protein_0298,0.17647058823529413
protein_0210,protein_0299,0.14772727272727273
protein_0210,protein_0300,0.1326530612244898
protein_0210,protein_0301,0.12903225806451613
protein_0210,protein_0302,0.0967741935483871
protein_0210,protein_0303,0.22093023255813954
protein_0210,protein_0304,0.1348314606741573
protein_0210,protein_0305,0.18446601941747573
protein_0210,protein_0306,0.17391304347826086
protein_0210,protein_0307,0.16546762589928057
protein_0210,protein_0308,0.1724137931034483
protein_0210,protein_0309,0.2222222222222222
protein_0210,protein_0310,0.16037735849056603
protein_0210,protein_0311,0.3563218390804598
protein_0210,protein_0312,0.40229885057471265
protein_0210,protein_0313,0.24468085106382978
protein_0210,protein_0314,0.1414141414141414
protein_0210,protein_0315,0.13043478260869565
protein_0210,protein_0316,0.17391304347826086
protein_0210,protein_0317,0.14563106796116504
protein_0210,protein_0318,0.11016949152542373
protein_0210,protein_0319,0.3103448275862069
protein_0210,protein_0320,0.26436781609195403
protein_0210,protein_0321,0.26666666666666666
protein_0210,protein_0322,0.2413793103448276
protein_0210,protein_0323,0.28888888888888886
protein_0210,protein_0324,0.17708333333333334
protein_0210,protein_0325,0.1271186440677966
protein_0210,protein_0326,0.15217391304347827
protein_0210,protein_0327,0.3146067415730337
protein_0210,protein_0328,0.14285714285714285
protein_0210,protein_0330,0.3103448275862069
protein_0210,protein_0331,0.1744186046511628
protein_0210,protein_0332,0.29545454545454547
protein_0210,protein_0333,0.2717391304347826
protein_0210,protein_0334,0.2553191489361702
protein_0210,protein_0335,0.1320754716981132
protein_0210,protein_0336,0.15294117647058825
protein_0210,protein_0337,0.32222222222222224
protein_0210,protein_0338,0.22988505747126436
protein_0210,protein_0339,0.18181818181818182
protein_0210,protein_0340,0.1
protein_0210,protein_0341,0.20588235294117646
protein_0210,protein_0343,0.11627906976744186
protein_0210,protein_0344,0.37777777777777777
protein_0210,protein_0345,0.17543859649122806
protein_0210,protein_0346,0.17543859649122806
protein_0210,protein_0347,0.18823529411764706
protein_0210,protein_0348,0.10434782608695652
protein_0210,protein_0349,0.08
protein_0210,protein_0350,0.36666666666666664
protein_0210,protein_0351,0.28735632183908044
protein_0210,protein_0352,0.18604651162790697
protein_0210,protein_0353,0.13636363636363635
protein_0210,protein_0354,0.26881720430107525
protein_0210,protein_0355,0.3258426966292135
protein_0210,protein_0356,0.15294117647058825
protein_0210,protein_0357,0.15833333333333333
protein_0210,protein_0358,0.37777777777777777
protein_0210,protein_0359,0.1092436974789916
protein_0210,protein_0360,0.35555555555555557
protein_0210,protein_0362,0.20689655172413793
protein_0210,protein_0363,0.20689655172413793
protein_0210,protein_0364,0.21839080459770116
protein_0210,protein_0365,0.2235294117647059
protein_0210,protein_0366,0.2
protein_0210,protein_0367,0.18269230769230768
protein_0210,protein_0368,0.12222222222222222
protein_0210,protein_0369,0.1839080459770115
protein_0210,protein_0370,0.37777777777777777
protein_0210,protein_0371,0.32558139534883723
protein_0210,protein_0372,0.12612612612612611
protein_0210,protein_0373,0.125
protein_0210,protein_0374,0.1623931623931624
protein_0210,protein_0375,0.3793103448275862
protein_0210,protein_0377,0.3103448275862069
protein_0210,protein_0378,0.18487394957983194
protein_0210,protein_0379,0.16666666666666666
protein_0210,protein_0380,0.16666666666666666
protein_0210,protein_0381,0.16666666666666666
protein_0210,protein_0382,0.26666666666666666
protein_0210,protein_0383,0.14772727272727273
protein_0210,protein_0384,0.4431818181818182
protein_0210,protein_0386,0.13131313131313133
protein_0210,protein_0387,0.12
protein_0210,protein_0388,0.19540229885057472
protein_0210,protein_0389,0.16470588235294117
protein_0210,protein_0390,0.3103448275862069
protein_0210,protein_0392,0.3
protein_0210,protein_0393,0.3068181818181818
protein_0210,protein_0394,0.14782608695652175
protein_0210,protein_0397,0.33707865168539325
protein_0210,protein_0398,0.0990990990990991
protein_0210,protein_0399,0.3793103448275862
protein_0225,protein_0001,0.15853658536585366
protein_0225,protein_0002,0.2682926829268293
protein_0225,protein_0003,0.22772277227722773
protein_0225,protein_0004,0.13636363636363635
protein_0225,protein_0005,0.20238095238095238
protein_0225,protein_0006,0.14444444444444443
protein_0225,protein_0007,0.17073170731707318
protein_0225,protein_0008,0.20202020202020202
protein_0225,protein_0010,0.14444444444444443
protein_0225,protein_0011,0.1590909090909091
protein_0225,protein_0012,0.10227272727272728
protein_0225,protein_0013,0.14285714285714285
protein_0225,protein_0014,0.16326530612244897
protein_0225,protein_0016,0.1919191919191919
protein_0225,protein_0017,0.16417910447761194
protein_0225,protein_0018,0.11363636363636363
protein_0225,protein_0019,0.17073170731707318
protein_0225,protein_0020,0.17
protein_0225,protein_0021,0.23809523809523808
protein_0225,protein_0022,0.18681318681318682
protein_0225,protein_0023,0.2222222222222222
protein_0225,protein_0024,0.11016949152542373
protein_0225,protein_0025,0.17894736842105263
protein_0225,protein_0026,0.13178294573643412
protein_0225,protein_0027,0.14606741573033707
protein_0225,protein_0028,0.1346153846153846
protein_0225,protein_0029,0.17073170731707318
protein_0225,protein_0030,0.10833333333333334
protein_0225,protein_0031,0.12121212121212122
protein_0225,protein_0032,0.14444444444444443
protein_0225,protein_0034,0.13636363636363635
protein_0225,protein_0035,0.18446601941747573
protein_0225,protein_0036,0.17073170731707318
protein_0225,protein_0037,0.16494845360824742
protein_0225,protein_0038,0.16494845360824742
protein_0225,protein_0039,0.0898876404494382
protein_0225,protein_0040,0.13186813186813187
protein_0225,protein_0041,0.16483516483516483
protein_0225,protein_0043,0.13636363636363635
protein_0225,protein_0044,0.18085106382978725
protein_0225,protein_0045,0.15463917525773196
protein_0225,protein_0046,0.18292682926829268
protein_0225,protein_0047,0.125
protein_0225,protein_0048,0.125
protein_0225,protein_0049,0.17045454545454544
protein_0225,protein_0050,0.1485148514851485
protein_0225,protein_0051,0.17073170731707318
protein_0225,protein_0052,0.21052631578947367
protein_0225,protein_0053,0.17582417582417584
protein_0225,protein_0054,0.14285714285714285
protein_0225,protein_0055,0.15
protein_0225,protein_0058,0.15294117647058825
protein_0225,protein_0059,0.12087912087912088
protein_0225,protein_0060,0.15315315315315314
protein_0225,protein_0061,0.14444444444444443
protein_0225,protein_0062,0.16666666666666666
protein_0225,protein_0063,0.07511737089201878
protein_0225,protein_0064,0.15384615384615385
protein_0225,protein_0065,0.13131313131313133
protein_0225,protein_0066,0.15841584158415842
protein_0225,protein_0067,0.1111111111111111
protein_0225,protein_0068,0.15789473684210525
protein_0225,protein_0069,0.1134020618556701
protein_0225,protein_0070,0.1348314606741573
protein_0225,protein_0071,0.14583333333333334
protein_0225,protein_0073,0.13978494623655913
protein_0225,protein_0074,0.12903225806451613
protein_0225,protein_0075,0.17307692307692307
protein_0225,protein_0076,0.17073170731707318
protein_0225,protein_0078,0.14705882352941177
protein_0225,protein_0079,0.14705882352941177
protein_0225,protein_0080,0.16483516483516483
protein_0225,protein_0081,0.17582417582417584
protein_0225,protein_0082,0.16216216216216217
protein_0225,protein_0083,0.19148936170212766
protein_0225,protein_0085,0.15178571428571427
protein_0225,protein_0086,0.16363636363636364
protein_0225,protein_0087,0.16091954022988506
protein_0225,protein_0088,0.10227272727272728
protein_0225,protein_0089,0.11965811965811966
protein_0225,protein_0090,0.13333333333333333
protein_0225,protein_0091,0.13793103448275862
protein_0225,protein_0092,0.13793103448275862
protein_0225,protein_0095,0.15966386554621848
protein_0225,protein_0096,0.1565217391304348
protein_0225,protein_0097,0.13043478260869565
protein_0225,protein_0098,0.11235955056179775
protein_0225,protein_0099,0.14423076923076922
protein_0225,protein_0100,0.15853658536585366
protein_0225,protein_0101,0.16129032258064516
protein_0225,protein_0102,0.17777777777777778
protein_0225,protein_0103,0.12359550561797752
protein_0225,protein_0105,0.15384615384615385
protein_0225,protein_0106,0.17647058823529413
protein_0225,protein_0107,0.18947368421052632
protein_0225,protein_0108,0.1927710843373494
protein_0225,protein_0109,0.1686746987951807
protein_0225,protein_0110,0.18947368421052632
protein_0225,protein_0111,0.18478260869565216
protein_0225,protein_0112,0.13675213675213677
protein_0225,protein_0115,0.13541666666666666
protein_0225,protein_0117,0.13513513513513514
protein_0225,protein_0118,0.17073170731707318
protein_0225,protein_0119,0.1623931623931624
protein_0225,protein_0120,0.15384615384615385
protein_0225,protein_0121,0.15384615384615385
protein_0225,protein_0122,0.16494845360824742
protein_0225,protein_0123,0.13414634146341464
protein_0225,protein_0124,0.14285714285714285
protein_0225,protein_0125,0.16326530612244897
protein_0225,protein_0127,0.15789473684210525
protein_0225,protein_0128,0.15384615384615385
protein_0225,protein_0129,0.2
protein_0225,protein_0130,0.19166666666666668
protein_0225,protein_0131,0.13414634146341464
protein_0225,protein_0133,0.14150943396226415
protein_0225,protein_0134,0.17777777777777778
protein_0225,protein_0135,0.17777777777777778
protein_0225,protein_0136,0.14615384615384616
protein_0225,protein_0137,0.11965811965811966
protein_0225,protein_0138,0.11965811965811966
protein_0225,protein_0139,0.15853658536585366
protein_0225,protein_0140,0.08888888888888889
protein_0225,protein_0142,0.15555555555555556
protein_0225,protein_0143,0.20212765957446807
protein_0225,protein_0144,0.22340425531914893
protein_0225,protein_0145,0.17647058823529413
protein_0225,protein_0146,0.2
protein_0225,protein_0147,0.1
protein_0225,protein_0148,0.20224719101123595
protein_0225,protein_0149,0.18292682926829268
protein_0225,protein_0150,0.13186813186813187
protein_0225,protein_0151,0.15053763440860216
protein_0225,protein_0152,0.16470588235294117
protein_0225,protein_0153,0.2111111111111111
protein_0225,protein_0154,0.2
protein_0225,protein_0155,0.1282051282051282
protein_0225,protein_0156,0.125
protein_0225,protein_0157,0.2619047619047619
protein_0225,protein_0159,0.1111111111111111
protein_0225,protein_0160,0.15384615384615385
protein_0225,protein_0161,0.14049586776859505
protein_0225,protein_0162,0.13253012048192772
protein_0225,protein_0163,0.10526315789473684
protein_0225,protein_0164,0.14285714285714285
protein_0225,protein_0165,0.20481927710843373
protein_0225,protein_0166,0.14285714285714285
protein_0225,protein_0167,0.1864406779661017
protein_0225,protein_0168,0.1864406779661017
protein_0225,protein_0169,0.12396694214876033
protein_0225,protein_0170,0.1935483870967742
protein_0225,protein_0171,0.125
protein_0225,protein_0172,0.08547008547008547
protein_0225,protein_0173,0.15217391304347827
protein_0225,protein_0174,0.16304347826086957
protein_0225,protein_0175,0.15789473684210525
protein_0225,protein_0176,0.17073170731707318
protein_0225,protein_0177,0.18292682926829268
protein_0225,protein_0178,0.15517241379310345
protein_0225,protein_0179,0.1415929203539823
protein_0225,protein_0180,0.18085106382978725
protein_0225,protein_0181,0.10989010989010989
protein_0225,protein_0182,0.14130434782608695
protein_0225,protein_0183,0.12871287128712872
protein_0225,protein_0184,0.16483516483516483
protein_0225,protein_0185,0.2087912087912088
protein_0225,protein_0186,0.15841584158415842
protein_0225,protein_0187,0.15789473684210525
protein_0225,protein_0188,0.1686746987951807
protein_0225,protein_0189,0.17647058823529413
protein_0225,protein_0190,0.125
protein_0225,protein_0191,0.16304347826086957
protein_0225,protein_0192,0.10843373493975904
protein_0225,protein_0194,0.15555555555555556
protein_0225,protein_0195,0.15730337078651685
protein_0225,protein_0196,0.1111111111111111
protein_0225,protein_0197,0.12903225806451613
protein_0225,protein_0198,0.22727272727272727
protein_0225,protein_0199,0.14893617021276595
protein_0225,protein_0200,0.18947368421052632
protein_0225,protein_0201,0.17307692307692307
protein_0225,protein_0202,0.19101123595505617
protein_0225,protein_0203,0.1322314049586777
protein_0225,protein_0204,0.17073170731707318
protein_0225,protein_0205,0.10900473933649289
protein_0225,protein_0206,0.12371134020618557
protein_0225,protein_0207,0.14728682170542637
protein_0225,protein_0208,0.1810344827586207
protein_0225,protein_0211,0.15730337078651685
protein_0225,protein_0212,0.13636363636363635
protein_0225,protein_0213,0.1368421052631579
protein_0225,protein_0214,0.13043478260869565
protein_0225,protein_0215,0.1276595744680851
protein_0225,protein_0216,0.12264150943396226
protein_0225,protein_0217,0.3146067415730337
protein_0225,protein_0218,0.1796875
protein_0225,protein_0219,0.12903225806451613
protein_0225,protein_0220,0.18888888888888888
protein_0225,protein_0221,0.14634146341463414
protein_0225,protein_0222,0.17045454545454544
protein_0225,protein_0223,0.2
protein_0225,protein_0224,0.15853658536585366
protein_0225,protein_0226,0.20212765957446807
protein_0225,protein_0227,0.11494252873563218
protein_0225,protein_0228,0.1956521739130435
protein_0225,protein_0229,0.5365853658536586
protein_0225,protein_0230,0.10227272727272728
protein_0225,protein_0233,0.14615384615384616
protein_0225,protein_0234,0.16964285714285715
protein_0225,protein_0235,0.19387755102040816
protein_0225,protein_0236,0.10227272727272728
protein_0225,protein_0237,0.10227272727272728
protein_0225,protein_0238,0.13636363636363635
protein_0225,protein_0239,0.15555555555555556
protein_0225,protein_0240,0.1875
protein_0225,protein_0241,0.1368421052631579
protein_0225,protein_0242,0.1724137931034483
protein_0225,protein_0243,0.15789473684210525
protein_0225,protein_0244,0.20238095238095238
protein_0225,protein_0245,0.16666666666666666
protein_0225,protein_0246,0.15053763440860216
protein_0225,protein_0247,0.21686746987951808
protein_0225,protein_0248,0.12222222222222222
protein_0225,protein_0249,0.17708333333333334
protein_0225,protein_0250,0.1566265060240964
protein_0225,protein_0251,0.19101123595505617
protein_0225,protein_0252,0.25
protein_0225,protein_0253,0.12931034482758622
protein_0225,protein_0254,0.23404255319148937
protein_0225,protein_0255,0.09142857142857143
protein_0225,protein_0256,0.16822429906542055
protein_0225,protein_0257,0.12727272727272726
protein_0225,protein_0258,0.18085106382978725
protein_0225,protein_0259,0.15853658536585366
protein_0225,protein_0260,0.15853658536585366
protein_0225,protein_0263,0.12408759124087591
protein_0225,protein_0264,0.14772727272727273
protein_0225,protein_0265,0.14772727272727273
protein_0225,protein_0267,0.16
protein_0225,protein_0268,0.5365853658536586
protein_0225,protein_0269,0.11965811965811966
protein_0225,protein_0270,0.16470588235294117
protein_0225,protein_0272,0.12179487179487179
protein_0225,protein_0273,0.12422360248447205
protein_0225,protein_0274,0.11956521739130435
protein_0225,protein_0275,0.17
protein_0225,protein_0276,0.12359550561797752
protein_0225,protein_0277,0.15853658536585366
protein_0225,protein_0279,0.10784313725490197
protein_0225,protein_0281,0.12173913043478261
protein_0225,protein_0282,0.12941176470588237
protein_0225,protein_0283,0.0779816513761468
protein_0225,protein_0284,0.16666666666666666
protein_0225,protein_0285,0.14444444444444443
protein_0225,protein_0286,0.17073170731707318
protein_0225,protein_0287,0.1875
protein_0225,protein_0288,0.1368421052631579
protein_0225,protein_0289,0.12371134020618557
protein_0225,protein_0290,0.17592592592592593
protein_0225,protein_0291,0.14285714285714285
protein_0225,protein_0292,0.17073170731707318
protein_0225,protein_0293,0.15217391304347827
protein_0225,protein_0294,0.14285714285714285
protein_0225,protein_0295,0.17073170731707318
protein_0225,protein_0296,0.11764705882352941
protein_0225,protein_0297,0.13414634146341464
protein_0225,protein_0298,0.14634146341463414
protein_0225,protein_0299,0.23529411764705882
protein_0225,protein_0300,0.2727272727272727
protein_0225,protein_0301,0.2727272727272727
protein_0225,protein_0302,0.07834101382488479
protein_0225,protein_0303,0.14423076923076922
protein_0225,protein_0304,0.13953488372093023
protein_0225,protein_0305,0.18888888888888888
protein_0225,protein_0306,0.15
protein_0225,protein_0307,0.1487603305785124
protein_0225,protein_0308,0.1282051282051282
protein_0225,protein_0309,0.19148936170212766
protein_0225,protein_0310,0.16822429906542055
protein_0225,protein_0311,0.1111111111111111
protein_0225,protein_0312,0.12222222222222222
protein_0225,protein_0313,0.1568627450980392
protein_0225,protein_0314,0.14
protein_0225,protein_0315,0.09821428571428571
protein_0225,protein_0316,0.14634146341463414
protein_0225,protein_0317,0.1320754716981132
protein_0225,protein_0318,0.19827586206896552
protein_0225,protein_0319,0.125
protein_0225,protein_0320,0.14285714285714285
protein_0225,protein_0321,0.1
protein_0225,protein_0322,0.17777777777777778
protein_0225,protein_0323,0.14130434782608695
protein_0225,protein_0324,0.18181818181818182
protein_0225,protein_0325,0.17647058823529413
protein_0225,protein_0326,0.17045454545454544
protein_0225,protein_0327,0.17582417582417584
protein_0225,protein_0328,0.17272727272727273
protein_0225,protein_0330,0.10227272727272728
protein_0225,protein_0331,0.17073170731707318
protein_0225,protein_0332,0.19
protein_0225,protein_0333,0.14705882352941177
protein_0225,protein_0334,0.14130434782608695
protein_0225,protein_0335,0.1834862385321101
protein_0225,protein_0336,0.17857142857142858
protein_0225,protein_0337,0.16666666666666666
protein_0225,protein_0338,0.17894736842105263
protein_0225,protein_0339,0.20481927710843373
protein_0225,protein_0340,0.14814814814814814
protein_0225,protein_0341,0.17307692307692307
protein_0225,protein_0343,0.12941176470588237
protein_0225,protein_0344,0.12359550561797752
protein_0225,protein_0345,0.1724137931034483
protein_0225,protein_0346,0.1724137931034483
protein_0225,protein_0347,0.16279069767441862
protein_0225,protein_0348,0.12307692307692308
protein_0225,protein_0349,0.17475728155339806
protein_0225,protein_0350,0.1348314606741573
protein_0225,protein_0351,0.16666666666666666
protein_0225,protein_0352,0.18292682926829268
protein_0225,protein_0353,0.15126050420168066
protein_0225,protein_0354,0.20652173913043478
protein_0225,protein_0355,0.16666666666666666
protein_0225,protein_0356,0.1744186046511628
protein_0225,protein_0357,0.13333333333333333
protein_0225,protein_0358,0.13186813186813187
protein_0225,protein_0359,0.168
protein_0225,protein_0360,0.15555555555555556
protein_0225,protein_0362,0.18181818181818182
protein_0225,protein_0363,0.18181818181818182
protein_0225,protein_0364,0.17045454545454544
protein_0225,protein_0365,0.18
protein_0225,protein_0366,0.18
protein_0225,protein_0367,0.20952380952380953
protein_0225,protein_0368,0.23809523809523808
protein_0225,protein_0369,0.17647058823529413
protein_0225,protein_0370,0.12359550561797752
protein_0225,protein_0371,0.13186813186813187
protein_0225,protein_0372,0.08256880733944955
protein_0225,protein_0373,0.11627906976744186
protein_0225,protein_0374,0.13559322033898305
protein_0225,protein_0375,0.15463917525773196
protein_0225,protein_0377,0.16483516483516483
protein_0225,protein_0378,0.15454545454545454
protein_0225,protein_0379,0.17894736842105263
protein_0225,protein_0380,0.17894736842105263
protein_0225,protein_0381,0.17894736842105263
protein_0225,protein_0382,0.1650485436893204
protein_0225,protein_0383,0.16470588235294117
protein_0225,protein_0384,0.11235955056179775
protein_0225,protein_0386,0.11538461538461539
protein_0225,protein_0387,0.12037037037037036
protein_0225,protein_0388,0.15853658536585366
protein_0225,protein_0389,0.16091954022988506
protein_0225,protein_0390,0.12121212121212122
protein_0225,protein_0392,0.15789473684210525
protein_0225,protein_0393,0.15789473684210525
protein_0225,protein_0394,0.13675213675213677
protein_0225,protein_0397,0.21739130434782608
protein_0225,protein_0398,0.17543859649122806
protein_0225,protein_0399,0.14432989690721648
protein_0231,protein_0001,0.14606741573033707
protein_0231,protein_0002,0.1797752808988764
protein_0231,protein_0003,0.3563218390804598
protein_0231,protein_0004,0.4157303370786517
protein_0231,protein_0005,0.14736842105263157
protein_0231,protein_0006,0.3258426966292135
protein_0231,protein_0007,0.14606741573033707
protein_0231,protein_0008,0.1553398058252427
protein_0231,protein_0010,0.3563218390804598
protein_0231,protein_0011,0.3563218390804598
protein_0231,protein_0012,0.41379310344827586
protein_0231,protein_0013,0.11494252873563218
protein_0231,protein_0014,0.17142857142857143
protein_0231,protein_0016,0.22727272727272727
protein_0231,protein_0017,0.140625
protein_0231,protein_0018,0.39080459770114945
protein_0231,protein_0019,0.1724137931034483
protein_0231,protein_0020,0.4
protein_0231,protein_0021,0.14130434782608695
protein_0231,protein_0022,0.14583333333333334
protein_0231,protein_0023,0.13541666666666666
protein_0231,protein_0024,0.12
protein_0231,protein_0025,0.45454545454545453
protein_0231,protein_0026,0.09774436090225563
protein_0231,protein_0027,0.15625
protein_0231,protein_0028,0.15315315315315314
protein_0231,protein_0029,0.15730337078651685
protein_0231,protein_0030,0.15702479338842976
protein_0231,protein_0031,0.1792452830188679
protein_0231,protein_0032,0.41379310344827586
protein_0231,protein_0034,0.3522727272727273
protein_0231,protein_0035,0.12244897959183673
protein_0231,protein_0036,0.14772727272727273
protein_0231,protein_0037,0.25287356321839083
protein_0231,protein_0038,0.25287356321839083
protein_0231,protein_0039,0.2413793103448276
protein_0231,protein_0040,0.09090909090909091
protein_0231,protein_0041,0.39080459770114945
protein_0231,protein_0043,0.27586206896551724
protein_0231,protein_0044,0.25287356321839083
protein_0231,protein_0045,0.40229885057471265
protein_0231,protein_0046,0.13793103448275862
protein_0231,protein_0047,0.32222222222222224
protein_0231,protein_0048,0.32222222222222224
protein_0231,protein_0049,0.3563218390804598
protein_0231,protein_0050,0.2
protein_0231,protein_0051,0.19540229885057472
protein_0231,protein_0052,0.39080459770114945
protein_0231,protein_0053,0.4482758620689655
protein_0231,protein_0054,0.136
protein_0231,protein_0055,0.11965811965811966
protein_0231,protein_0058,0.13186813186813187
protein_0231,protein_0059,0.28735632183908044
protein_0231,protein_0060,0.18867924528301888
protein_0231,protein_0061,0.2
protein_0231,protein_0062,0.40229885057471265
protein_0231,protein_0063,0.11627906976744186
protein_0231,protein_0064,0.3333333333333333
protein_0231,protein_0065,0.19607843137254902
protein_0231,protein_0066,0.14423076923076922
protein_0231,protein_0067,0.367816091954023
protein_0231,protein_0068,0.27586206896551724
protein_0231,protein_0069,0.3563218390804598
protein_0231,protein_0070,0.20689655172413793
protein_0231,protein_0071,0.28735632183908044
protein_0231,protein_0073,0.28735632183908044
protein_0231,protein_0074,0.1782178217821782
protein_0231,protein_0075,0.1651376146788991
protein_0231,protein_0076,0.11235955056179775
protein_0231,protein_0078,0.17857142857142858
protein_0231,protein_0079,0.17857142857142858
protein_0231,protein_0080,0.45977011494252873
protein_0231,protein_0081,0.41379310344827586
protein_0231,protein_0082,0.175
protein_0231,protein_0083,0.3595505617977528
protein_0231,protein_0085,0.18333333333333332
protein_0231,protein_0086,0.175
protein_0231,protein_0087,0.14942528735632185
protein_0231,protein_0088,0.40229885057471265
protein_0231,protein_0089,0.16666666666666666
protein_0231,protein_0090,0.16666666666666666
protein_0231,protein_0091,0.09734513274336283
protein_0231,protein_0092,0.09734513274336283
protein_0231,protein_0095,0.1487603305785124
protein_0231,protein_0096,0.1650485436893204
protein_0231,protein_0097,0.3563218390804598
protein_0231,protein_0098,0.41379310344827586
protein_0231,protein_0099,0.19047619047619047
protein_0231,protein_0100,0.20689655172413793
protein_0231,protein_0101,0.27586206896551724
protein_0231,protein_0102,0.27586206896551724
protein_0231,protein_0103,0.25287356321839083
protein_0231,protein_0105,0.125
protein_0231,protein_0106,0.13445378151260504
protein_0231,protein_0107,0.4444444444444444
protein_0231,protein_0108,0.26666666666666666
protein_0231,protein_0109,0.20454545454545456
protein_0231,protein_0110,0.3181818181818182
protein_0231,protein_0111,0.25287356321839083
protein_0231,protein_0112,0.09166666666666666
protein_0231,protein_0115,0.3181818181818182
protein_0231,protein_0117,0.17886178861788618
protein_0231,protein_0118,0.16091954022988506
protein_0231,protein_0119,0.14563106796116504
protein_0231,protein_0120,0.4606741573033708
protein_0231,protein_0121,0.4606741573033708
protein_0231,protein_0122,0.25287356321839083
protein_0231,protein_0123,0.13636363636363635
protein_0231,protein_0124,0.4482758620689655
protein_0231,protein_0125,0.13861386138613863
protein_0231,protein_0127,0.41379310344827586
protein_0231,protein_0128,0.5057471264367817
protein_0231,protein_0129,0.2413793103448276
protein_0231,protein_0130,0.1810344827586207
protein_0231,protein_0131,0.14285714285714285
protein_0231,protein_0133,0.2
protein_0231,protein_0134,0.3888888888888889
protein_0231,protein_0135,0.367816091954023
protein_0231,protein_0136,0.13445378151260504
protein_0231,protein_0137,0.1440677966101695
protein_0231,protein_0138,0.1440677966101695
protein_0231,protein_0139,0.17045454545454544
protein_0231,protein_0140,0.39080459770114945
protein_0231,protein_0142,0.367816091954023
protein_0231,protein_0143,0.39080459770114945
protein_0231,protein_0144,0.367816091954023
protein_0231,protein_0145,0.14942528735632185
protein_0231,protein_0146,0.12643678160919541
protein_0231,protein_0147,0.4482758620689655
protein_0231,protein_0148,0.39080459770114945
protein_0231,protein_0149,0.19540229885057472
protein_0231,protein_0150,0.3888888888888889
protein_0231,protein_0151,0.21348314606741572
protein_0231,protein_0152,0.1797752808988764
protein_0231,protein_0153,0.22826086956521738
protein_0231,protein_0154,0.2391304347826087
protein_0231,protein_0155,0.1487603305785124
protein_0231,protein_0156,0.12612612612612611
protein_0231,protein_0157,0.14130434782608695
protein_0231,protein_0159,0.3563218390804598
protein_0231,protein_0160,0.4482758620689655
protein_0231,protein_0161,0.152
protein_0231,protein_0162,0.42528735632183906
protein_0231,protein_0163,0.1346153846153846
protein_0231,protein_0164,0.3448275862068966
protein_0231,protein_0165,0.16091954022988506
protein_0231,protein_0166,0.367816091954023
protein_0231,protein_0167,0.1452991452991453
protein_0231,protein_0168,0.15384615384615385
protein_0231,protein_0169,0.14754098360655737
protein_0231,protein_0170,0.41379310344827586
protein_0231,protein_0171,0.28735632183908044
protein_0231,protein_0172,0.09523809523809523
protein_0231,protein_0173,0.4482758620689655
protein_0231,protein_0174,0.45977011494252873
protein_0231,protein_0175,0.4482758620689655
protein_0231,protein_0176,0.1702127659574468
protein_0231,protein_0177,0.14942528735632185
protein_0231,protein_0178,0.20353982300884957
protein_0231,protein_0179,0.20353982300884957
protein_0231,protein_0180,0.2988505747126437
protein_0231,protein_0181,0.3448275862068966
protein_0231,protein_0182,0.3695652173913043
protein_0231,protein_0183,0.13636363636363635
protein_0231,protein_0184,0.40229885057471265
protein_0231,protein_0185,0.13043478260869565
protein_0231,protein_0186,0.14953271028037382
protein_0231,protein_0187,0.4367816091954023
protein_0231,protein_0188,0.17045454545454544
protein_0231,protein_0189,0.367816091954023
protein_0231,protein_0190,0.3563218390804598
protein_0231,protein_0191,0.367816091954023
protein_0231,protein_0192,0.4367816091954023
protein_0231,protein_0194,0.21839080459770116
protein_0231,protein_0195,0.3522727272727273
protein_0231,protein_0196,0.3522727272727273
protein_0231,protein_0197,0.40229885057471265
protein_0231,protein_0198,0.43820224719101125
protein_0231,protein_0199,0.1978021978021978
protein_0231,protein_0200,0.28735632183908044
protein_0231,protein_0201,0.1559633027522936
protein_0231,protein_0202,0.40229885057471265
protein_0231,protein_0203,0.09401709401709402
protein_0231,protein_0204,0.1724137931034483
protein_0231,protein_0205,0.0947867298578199
protein_0231,protein_0206,0.41379310344827586
protein_0231,protein_0207,0.11851851851851852
protein_0231,protein_0208,0.1651376146788991
protein_0231,protein_0211,0.14285714285714285
protein_0231,protein_0212,0.12643678160919541
protein_0231,protein_0213,0.47126436781609193
protein_0231,protein_0214,0.0967741935483871
protein_0231,protein_0215,0.13186813186813187
protein_0231,protein_0216,0.16842105263157894
protein_0231,protein_0217,0.14444444444444443
protein_0231,protein_0218,0.13953488372093023
protein_0231,protein_0219,0.1487603305785124
protein_0231,protein_0220,0.3218390804597701
protein_0231,protein_0221,0.1724137931034483
protein_0231,protein_0222,0.3563218390804598
protein_0231,protein_0223,0.14772727272727273
protein_0231,protein_0224,0.12643678160919541
protein_0231,protein_0226,0.15463917525773196
protein_0231,protein_0227,0.12359550561797752
protein_0231,protein_0228,0.1956521739130435
protein_0231,protein_0229,0.13636363636363635
protein_0231,protein_0230,0.18681318681318682
protein_0231,protein_0233,0.13385826771653545
protein_0231,protein_0234,0.16666666666666666
protein_0231,protein_0235,0.17525773195876287
protein_0231,protein_0236,0.3218390804597701
protein_0231,protein_0237,0.3218390804597701
protein_0231,protein_0238,0.1323529411764706
protein_0231,protein_0239,0.42528735632183906
protein_0231,protein_0240,0.4367816091954023
protein_0231,protein_0241,0.3793103448275862
protein_0231,protein_0242,0.1724137931034483
protein_0231,protein_0243,0.4431818181818182
protein_0231,protein_0244,0.14772727272727273
protein_0231,protein_0245,0.168141592920354
protein_0231,protein_0246,0.16831683168316833
protein_0231,protein_0247,0.17582417582417584
protein_0231,protein_0248,0.45977011494252873
protein_0231,protein_0249,0.40229885057471265
protein_0231,protein_0250,0.13131313131313133
protein_0231,protein_0251,0.0989010989010989
protein_0231,protein_0252,0.1276595744680851
protein_0231,protein_0253,0.13157894736842105
protein_0231,protein_0254,0.13793103448275862
protein_0231,protein_0255,0.11235955056179775
protein_0231,protein_0256,0.14285714285714285
protein_0231,protein_0257,0.14285714285714285
protein_0231,protein_0258,0.3707865168539326
protein_0231,protein_0259,0.16853932584269662
protein_0231,protein_0260,0.16853932584269662
protein_0231,protein_0263,0.1323529411764706
protein_0231,protein_0264,0.42528735632183906
protein_0231,protein_0265,0.42528735632183906
protein_0231,protein_0267,0.13793103448275862
protein_0231,protein_0268,0.1348314606741573
protein_0231,protein_0269,0.12931034482758622
protein_0231,protein_0270,0.16129032258064516
protein_0231,protein_0272,0.3563218390804598
protein_0231,protein_0273,0.367816091954023
protein_0231,protein_0274,0.20224719101123595
protein_0231,protein_0275,0.16666666666666666
protein_0231,protein_0276,0.42528735632183906
protein_0231,protein_0277,0.16091954022988506
protein_0231,protein_0279,0.3103448275862069
protein_0231,protein_0281,0.11864406779661017
protein_0231,protein_0282,0.125
protein_0231,protein_0283,0.12727272727272726
protein_0231,protein_0284,0.25287356321839083
protein_0231,protein_0285,0.33707865168539325
protein_0231,protein_0286,0.20652173913043478
protein_0231,protein_0287,0.2037037037037037
protein_0231,protein_0288,0.41379310344827586
protein_0231,protein_0289,0.16666666666666666
protein_0231,protein_0290,0.13725490196078433
protein_0231,protein_0291,0.22988505747126436
protein_0231,protein_0292,0.19540229885057472
protein_0231,protein_0293,0.23595505617977527
protein_0231,protein_0294,0.22988505747126436
protein_0231,protein_0295,0.14606741573033707
protein_0231,protein_0296,0.16129032258064516
protein_0231,protein_0297,0.15384615384615385
protein_0231,protein_0298,0.20430107526881722
protein_0231,protein_0299,0.15217391304347827
protein_0231,protein_0300,0.17525773195876287
protein_0231,protein_0301,0.17525773195876287
protein_0231,protein_0302,0.1152073732718894
protein_0231,protein_0303,0.19540229885057472
protein_0231,protein_0304,0.14772727272727273
protein_0231,protein_0305,0.12903225806451613
protein_0231,protein_0306,0.11965811965811966
protein_0231,protein_0307,0.14634146341463414
protein_0231,protein_0308,0.18803418803418803
protein_0231,protein_0309,0.16326530612244897
protein_0231,protein_0310,0.205607476635514
protein_0231,protein_0311,0.45977011494252873
protein_0231,protein_0312,0.47126436781609193
protein_0231,protein_0313,0.21839080459770116
protein_0231,protein_0314,0.13592233009708737
protein_0231,protein_0315,0.144
protein_0231,protein_0316,0.1368421052631579
protein_0231,protein_0317,0.15841584158415842
protein_0231,protein_0318,0.1271186440677966
protein_0231,protein_0319,0.3448275862068966
protein_0231,protein_0320,0.41379310344827586
protein_0231,protein_0321,0.17777777777777778
protein_0231,protein_0322,0.28735632183908044
protein_0231,protein_0323,0.27586206896551724
protein_0231,protein_0324,0.15306122448979592
protein_0231,protein_0325,0.15254237288135594
protein_0231,protein_0326,0.1958762886597938
protein_0231,protein_0327,0.367816091954023
protein_0231,protein_0328,0.13274336283185842
protein_0231,protein_0330,0.3218390804597701
protein_0231,protein_0331,0.15730337078651685
protein_0231,protein_0332,0.2413793103448276
protein_0231,protein_0333,0.26436781609195403
protein_0231,protein_0334,0.21739130434782608
protein_0231,protein_0335,0.12037037037037036
protein_0231,protein_0336,0.14942528735632185
protein_0231,protein_0337,0.3103448275862069
protein_0231,protein_0338,0.25287356321839083
protein_0231,protein_0339,0.17045454545454544
protein_0231,protein_0340,0.1308411214953271
protein_0231,protein_0341,0.20588235294117646
protein_0231,protein_0343,0.16666666666666666
protein_0231,protein_0344,0.4482758620689655
protein_0231,protein_0345,0.16666666666666666
protein_0231,protein_0346,0.16666666666666666
protein_0231,protein_0347,0.16853932584269662
protein_0231,protein_0348,0.12173913043478261
protein_0231,protein_0349,0.16346153846153846
protein_0231,protein_0350,0.449438202247191
protein_0231,protein_0351,0.3448275862068966
protein_0231,protein_0352,0.14942528735632185
protein_0231,protein_0353,0.13675213675213677
protein_0231,protein_0354,0.20689655172413793
protein_0231,protein_0355,0.3218390804597701
protein_0231,protein_0356,0.12222222222222222
protein_0231,protein_0357,0.15702479338842976
protein_0231,protein_0358,0.449438202247191
protein_0231,protein_0359,0.13445378151260504
protein_0231,protein_0360,0.40229885057471265
protein_0231,protein_0362,0.25773195876288657
protein_0231,protein_0363,0.25773195876288657
protein_0231,protein_0364,0.24742268041237114
protein_0231,protein_0365,0.21839080459770116
protein_0231,protein_0366,0.21875
protein_0231,protein_0367,0.21359223300970873
protein_0231,protein_0368,0.15555555555555556
protein_0231,protein_0369,0.12222222222222222
protein_0231,protein_0370,0.4482758620689655
protein_0231,protein_0371,0.367816091954023
protein_0231,protein_0372,0.10091743119266056
protein_0231,protein_0373,0.11009174311926606
protein_0231,protein_0374,0.171875
protein_0231,protein_0375,0.4367816091954023
protein_0231,protein_0377,0.3333333333333333
protein_0231,protein_0378,0.18421052631578946
protein_0231,protein_0379,0.16842105263157894
protein_0231,protein_0380,0.16842105263157894
protein_0231,protein_0381,0.16842105263157894
protein_0231,protein_0382,0.21839080459770116
protein_0231,protein_0383,0.19101123595505617
protein_0231,protein_0384,0.3448275862068966
protein_0231,protein_0386,0.1414141414141414
protein_0231,protein_0387,0.14285714285714285
protein_0231,protein_0388,0.11494252873563218
protein_0231,protein_0389,0.14444444444444443
protein_0231,protein_0390,0.367816091954023
protein_0231,protein_0392,0.4318181818181818
protein_0231,protein_0393,0.42045454545454547
protein_0231,protein_0394,0.12280701754385964
protein_0231,protein_0397,0.39080459770114945
protein_0231,protein_0398,0.1565217391304348
protein_0231,protein_0399,0.45977011494252873
protein_0232,protein_0001,0.3036873417474573
protein_0232,protein_0002,0.16049382716049382
protein_0232,protein_0003,0.16091954022988506
protein_0232,protein_0004,0.1590909090909091
protein_0232,protein_0005,0.1511627906976744
protein_0232,protein_0006,0.18181818181818182
protein_0232,protein_0007,0.3349391935681945
protein_0232,protein_0008,0.18181818181818182
protein_0232,protein_0010,0.16666666666666666
protein_0232,protein_0011,0.17582417582417584
protein_0232,protein_0012,0.18604651162790697
protein_0232,protein_0013,0.19047619047619047
protein_0232,protein_0014,0.12393706039291778
protein_0232,protein_0016,0.1717171717171717
protein_0232,protein_0017,0.1328125
protein_0232,protein_0018,0.1724137931034483
protein_0232,protein_0019,0.2814623512833218
protein_0232,protein_0020,0.1744186046511628
protein_0232,protein_0021,0.17073170731707318
protein_0232,protein_0022,0.14415069398545935
protein_0232,protein_0023,0.15773809523809523
protein_0232,protein_0024,0.1452991452991453
protein_0232,protein_0025,0.16304347826086957
protein_0232,protein_0026,0.13740458015267176
protein_0232,protein_0027,0.16767068273092367
protein_0232,protein_0028,0.17475728155339806
protein_0232,protein_0029,0.33962882942982625
protein_0232,protein_0030,0.15966386554621848
protein_0232,protein_0031,0.17475728155339806
protein_0232,protein_0032,0.18478260869565216
protein_0232,protein_0034,0.19318181818181818
protein_0232,protein_0035,0.1717171717171717
protein_0232,protein_0036,0.3914925876010782
protein_0232,protein_0037,0.15874125874125875
protein_0232,protein_0038,0.15874125874125875
protein_0232,protein_0039,0.1839080459770115
protein_0232,protein_0040,0.1625
protein_0232,protein_0041,0.16304347826086957
protein_0232,protein_0043,0.15730337078651685
protein_0232,protein_0044,0.15730337078651685
protein_0232,protein_0045,0.16304347826086957
protein_0232,protein_0046,0.34355441500385975
protein_0232,protein_0047,0.1724137931034483
protein_0232,protein_0048,0.1724137931034483
protein_0232,protein_0049,0.16091954022988506
protein_0232,protein_0050,0.16161616161616163
protein_0232,protein_0051,0.3755422599762222
protein_0232,protein_0052,0.17045454545454544
protein_0232,protein_0053,0.17777777777777778
protein_0232,protein_0054,0.1623931623931624
protein_0232,protein_0055,0.17094017094017094
protein_0232,protein_0058,0.1780821917808219
protein_0232,protein_0059,0.13793103448275862
protein_0232,protein_0060,0.1373076923076923
protein_0232,protein_0061,0.2
protein_0232,protein_0062,0.1839080459770115
protein_0232,protein_0063,0.107981220657277
protein_0232,protein_0064,0.14942528735632185
protein_0232,protein_0065,0.16161616161616163
protein_0232,protein_0066,0.18
protein_0232,protein_0067,0.1511627906976744
protein_0232,protein_0068,0.1724137931034483
protein_0232,protein_0069,0.13793103448275862
protein_0232,protein_0070,0.14942528735632185
protein_0232,protein_0071,0.16091954022988506
protein_0232,protein_0073,0.16091954022988506
protein_0232,protein_0074,0.19318181818181818
protein_0232,protein_0075,0.14432989690721648
protein_0232,protein_0076,0.2054794520547945
protein_0232,protein_0078,0.16666666666666666
protein_0232,protein_0079,0.16666666666666666
protein_0232,protein_0080,0.16091954022988506
protein_0232,protein_0081,0.14942528735632185
protein_0232,protein_0082,0.16
protein_0232,protein_0083,0.1724137931034483
protein_0232,protein_0085,0.1619047619047619
protein_0232,protein_0086,0.16
protein_0232,protein_0087,0.3767868745938921
protein_0232,protein_0088,0.13793103448275862
protein_0232,protein_0089,0.13961385836385837
protein_0232,protein_0090,0.1485424297924298
protein_0232,protein_0091,0.14782608695652175
protein_0232,protein_0092,0.14782608695652175
protein_0232,protein_0095,0.13608374384236455
protein_0232,protein_0096,0.16161616161616163
protein_0232,protein_0097,0.1724137931034483
protein_0232,protein_0098,0.1797752808988764
protein_0232,protein_0099,0.1325
protein_0232,protein_0100,0.38031241169634705
protein_0232,protein_0101,0.17045454545454544
protein_0232,protein_0102,0.16091954022988506
protein_0232,protein_0103,0.1724137931034483
protein_0232,protein_0105,0.2153846153846154
protein_0232,protein_0106,0.1402171402171402
protein_0232,protein_0107,0.15730337078651685
protein_0232,protein_0108,0.14814814814814814
protein_0232,protein_0109,0.30155904034357767
protein_0232,protein_0110,0.1724137931034483
protein_0232,protein_0111,0.15730337078651685
protein_0232,protein_0112,0.1717171717171717
protein_0232,protein_0115,0.15853658536585366
protein_0232,protein_0117,0.1487012987012987
protein_0232,protein_0118,0.3072242162204363
protein_0232,protein_0119,0.1619047619047619
protein_0232,protein_0120,0.16091954022988506
protein_0232,protein_0121,0.16091954022988506
protein_0232,protein_0122,0.16312997347480107
protein_0232,protein_0123,0.38192363264581874
protein_0232,protein_0124,0.14942528735632185
protein_0232,protein_0125,0.15306122448979592
protein_0232,protein_0127,0.16304347826086957
protein_0232,protein_0128,0.1724137931034483
protein_0232,protein_0129,0.15555555555555556
protein_0232,protein_0130,0.13592980295566504
protein_0232,protein_0131,0.20526315789473684
protein_0232,protein_0133,0.16981132075471697
protein_0232,protein_0134,0.17045454545454544
protein_0232,protein_0135,0.19047619047619047
protein_0232,protein_0136,0.16379310344827586
protein_0232,protein_0137,0.13675213675213677
protein_0232,protein_0138,0.13675213675213677
protein_0232,protein_0139,0.3251805737065171
protein_0232,protein_0140,0.18181818181818182
protein_0232,protein_0142,0.16279069767441862
protein_0232,protein_0143,0.14893617021276595
protein_0232,protein_0144,0.1590909090909091
protein_0232,protein_0145,0.40521589061670565
protein_0232,protein_0146,0.16
protein_0232,protein_0147,0.1724137931034483
protein_0232,protein_0148,0.14942528735632185
protein_0232,protein_0149,0.49821443466531307
protein_0232,protein_0150,0.16279069767441862
protein_0232,protein_0151,0.14606741573033707
protein_0232,protein_0152,0.33086653652033654
protein_0232,protein_0153,0.16159856403758843
protein_0232,protein_0154,0.1635655496766608
protein_0232,protein_0155,0.13559322033898305
protein_0232,protein_0156,0.1559633027522936
protein_0232,protein_0157,0.16666666666666666
protein_0232,protein_0159,0.20689655172413793
protein_0232,protein_0160,0.16279069767441862
protein_0232,protein_0161,0.13675213675213677
protein_0232,protein_0162,0.1728395061728395
protein_0232,protein_0163,0.17647058823529413
protein_0232,protein_0164,0.1724137931034483
protein_0232,protein_0165,0.3318783068783069
protein_0232,protein_0166,0.17204301075268819
protein_0232,protein_0167,0.12746305418719212
protein_0232,protein_0168,0.1319273399014778
protein_0232,protein_0169,0.15384615384615385
protein_0232,protein_0170,0.2073170731707317
protein_0232,protein_0171,0.18181818181818182
protein_0232,protein_0172,0.1694915254237288
protein_0232,protein_0173,0.16666666666666666
protein_0232,protein_0174,0.16091954022988506
protein_0232,protein_0175,0.1724137931034483
protein_0232,protein_0176,0.32699234262398325
protein_0232,protein_0177,0.4112571129080564
protein_0232,protein_0178,0.18421052631578946
protein_0232,protein_0179,0.16666666666666666
protein_0232,protein_0180,0.17777777777777778
protein_0232,protein_0181,0.14942528735632185
protein_0232,protein_0182,0.16091954022988506
protein_0232,protein_0183,0.1553398058252427
protein_0232,protein_0184,0.17045454545454544
protein_0232,protein_0185,0.16279069767441862
protein_0232,protein_0186,0.15
protein_0232,protein_0187,0.1724137931034483
protein_0232,protein_0188,0.33795705346887306
protein_0232,protein_0189,0.1797752808988764
protein_0232,protein_0190,0.16091954022988506
protein_0232,protein_0191,0.1839080459770115
protein_0232,protein_0192,0.1566265060240964
protein_0232,protein_0194,0.17777777777777778
protein_0232,protein_0195,0.17045454545454544
protein_0232,protein_0196,0.19318181818181818
protein_0232,protein_0197,0.1839080459770115
protein_0232,protein_0198,0.14606741573033707
protein_0232,protein_0199,0.14444444444444443
protein_0232,protein_0200,0.1724137931034483
protein_0232,protein_0201,0.17647058823529413
protein_0232,protein_0202,0.14942528735632185
protein_0232,protein_0203,0.1452991452991453
protein_0232,protein_0204,0.37158033337598995
protein_0232,protein_0205,0.09004739336492891
protein_0232,protein_0206,0.19540229885057472
protein_0232,protein_0207,0.13559322033898305
protein_0232,protein_0208,0.11636317222600408
protein_0232,protein_0211,0.15847621347500604
protein_0232,protein_0212,0.18309859154929578
protein_0232,protein_0213,0.16304347826086957
protein_0232,protein_0214,0.1875
protein_0232,protein_0215,0.18181818181818182
protein_0232,protein_0216,0.21052631578947367
protein_0232,protein_0217,0.14457831325301204
protein_0232,protein_0218,0.12
protein_0232,protein_0219,0.14516129032258066
protein_0232,protein_0220,0.16091954022988506
protein_0232,protein_0221,0.20588235294117646
protein_0232,protein_0222,0.1511627906976744
protein_0232,protein_0223,0.2222222222222222
protein_0232,protein_0224,0.24152307387601504
protein_0232,protein_0226,0.13978494623655913
protein_0232,protein_0227,0.2028985507246377
protein_0232,protein_0228,0.16033966033966035
protein_0232,protein_0229,0.15853658536585366
protein_0232,protein_0230,0.13636363636363635
protein_0232,protein_0233,0.14173228346456693
protein_0232,protein_0234,0.17647058823529413
protein_0232,protein_0235,0.15195206325673338
protein_0232,protein_0236,0.14466783216783216
protein_0232,protein_0237,0.14466783216783216
protein_0232,protein_0238,0.14705882352941177
protein_0232,protein_0239,0.16853932584269662
protein_0232,protein_0240,0.16853932584269662
protein_0232,protein_0241,0.17045454545454544
protein_0232,protein_0242,0.35529962230352596
protein_0232,protein_0243,0.1839080459770115
protein_0232,protein_0244,0.15354767184035478
protein_0232,protein_0245,0.15277417682136374
protein_0232,protein_0246,0.17582417582417584
protein_0232,protein_0247,0.18329218106995884
protein_0232,protein_0248,0.16483516483516483
protein_0232,protein_0249,0.1724137931034483
protein_0232,protein_0250,0.1462390225276823
protein_0232,protein_0251,0.18681318681318682
protein_0232,protein_0252,0.17857142857142858
protein_0232,protein_0253,0.13274336283185842
protein_0232,protein_0254,0.16447368421052633
protein_0232,protein_0255,0.09714285714285714
protein_0232,protein_0256,0.1568627450980392
protein_0232,protein_0257,0.1717171717171717
protein_0232,protein_0258,0.1744186046511628
protein_0232,protein_0259,0.3392853218455386
protein_0232,protein_0260,0.3392853218455386
protein_0232,protein_0263,0.12408759124087591
protein_0232,protein_0264,0.1590909090909091
protein_0232,protein_0265,0.1590909090909091
protein_0232,protein_0267,0.1797752808988764
protein_0232,protein_0268,0.14285714285714285
protein_0232,protein_0269,0.13793103448275862
protein_0232,protein_0270,0.18309859154929578
protein_0232,protein_0272,0.14644120247568523
protein_0232,protein_0273,0.14069407603890363
protein_0232,protein_0274,0.16666666666666666
protein_0232,protein_0275,0.15151515151515152
protein_0232,protein_0276,0.18888888888888888
protein_0232,protein_0277,0.4010837740301263
protein_0232,protein_0279,0.14772727272727273
protein_0232,protein_0281,0.13392857142857142
protein_0232,protein_0282,0.19718309859154928
protein_0232,protein_0283,0.10091743119266056
protein_0232,protein_0284,0.15652467883705207
protein_0232,protein_0285,0.17045454545454544
protein_0232,protein_0286,0.3339420711313876
protein_0232,protein_0287,0.17757009345794392
protein_0232,protein_0288,0.18518518518518517
protein_0232,protein_0289,0.22915057915057915
protein_0232,protein_0290,0.16346153846153846
protein_0232,protein_0291,0.12700471698113208
protein_0232,protein_0292,0.2992327392431326
protein_0232,protein_0293,0.1590909090909091
protein_0232,protein_0294,0.12700471698113208
protein_0232,protein_0295,0.3498101575356827
protein_0232,protein_0296,0.1794871794871795
protein_0232,protein_0297,0.37161804411958504
protein_0232,protein_0298,0.37886727969151
protein_0232,protein_0299,0.1444805194805195
protein_0232,protein_0300,0.17009493670886078
protein_0232,protein_0301,0.15625
protein_0232,protein_0302,0.10138248847926268
protein_0232,protein_0303,0.2
protein_0232,protein_0304,0.20995433789954338
protein_0232,protein_0305,0.15491085323018097
protein_0232,protein_0306,0.17094017094017094
protein_0232,protein_0307,0.1440677966101695
protein_0232,protein_0308,0.16521739130434782
protein_0232,protein_0309,0.15490196078431373
protein_0232,protein_0310,0.1919191919191919
protein_0232,protein_0311,0.1724137931034483
protein_0232,protein_0312,0.19101123595505617
protein_0232,protein_0313,0.1634170522141441
protein_0232,protein_0314,0.22448979591836735
protein_0232,protein_0315,0.1592920353982301
protein_0232,protein_0316,0.3816632586671624
protein_0232,protein_0317,0.18811881188118812
protein_0232,protein_0318,0.14285714285714285
protein_0232,protein_0319,0.1724137931034483
protein_0232,protein_0320,0.1839080459770115
protein_0232,protein_0321,0.18181818181818182
protein_0232,protein_0322,0.1686746987951807
protein_0232,protein_0323,0.19318181818181818
protein_0232,protein_0324,0.16901408450704225
protein_0232,protein_0325,0.13229813664596274
protein_0232,protein_0326,0.189873417721519
protein_0232,protein_0327,0.15217391304347827
protein_0232,protein_0328,0.14545454545454545
protein_0232,protein_0330,0.1724137931034483
protein_0232,protein_0331,0.34145032305459855
protein_0232,protein_0332,0.1638986013986014
protein_0232,protein_0333,0.15146721937384094
protein_0232,protein_0334,0.19101123595505617
protein_0232,protein_0335,0.18627450980392157
protein_0232,protein_0336,0.4049014778325123
protein_0232,protein_0337,0.15787004456955195
protein_0232,protein_0338,0.13978494623655913
protein_0232,protein_0339,0.2618527014926746
protein_0232,protein_0340,0.1650485436893204
protein_0232,protein_0341,0.1650485436893204
protein_0232,protein_0343,0.2039141414141414
protein_0232,protein_0344,0.16091954022988506
protein_0232,protein_0345,0.17845326716294457
protein_0232,protein_0346,0.17845326716294457
protein_0232,protein_0347,0.3872767859812593
protein_0232,protein_0348,0.1565217391304348
protein_0232,protein_0349,0.18
protein_0232,protein_0350,0.1839080459770115
protein_0232,protein_0351,0.18888888888888888
protein_0232,protein_0352,0.4008310871518419
protein_0232,protein_0353,0.12292152292152292
protein_0232,protein_0354,0.1724137931034483
protein_0232,protein_0355,0.1733314015261277
protein_0232,protein_0356,0.4111591141454511
protein_0232,protein_0357,0.15
protein_0232,protein_0358,0.1724137931034483
protein_0232,protein_0359,0.14166666666666666
protein_0232,protein_0360,0.16091954022988506
protein_0232,protein_0362,0.16091954022988506
protein_0232,protein_0363,0.16091954022988506
protein_0232,protein_0364,0.1590909090909091
protein_0232,protein_0365,0.16470588235294117
protein_0232,protein_0366,0.18823529411764706
protein_0232,protein_0367,0.1523809523809524
protein_0232,protein_0368,0.1927710843373494
protein_0232,protein_0369,0.17105263157894737
protein_0232,protein_0370,0.16091954022988506
protein_0232,protein_0371,0.16091954022988506
protein_0232,protein_0372,0.11467889908256881
protein_0232,protein_0373,0.19801980198019803
protein_0232,protein_0374,0.1794871794871795
protein_0232,protein_0375,0.20689655172413793
protein_0232,protein_0377,0.14942528735632185
protein_0232,protein_0378,0.1834862385321101
protein_0232,protein_0379,0.14392155015388483
protein_0232,protein_0380,0.14392155015388483
protein_0232,protein_0381,0.14392155015388483
protein_0232,protein_0382,0.17242869490060503
protein_0232,protein_0383,0.44229233031119825
protein_0232,protein_0384,0.18478260869565216
protein_0232,protein_0386,0.18627450980392157
protein_0232,protein_0387,0.1717171717171717
protein_0232,protein_0388,0.3959556903733872
protein_0232,protein_0389,0.23943661971830985
protein_0232,protein_0390,0.1724137931034483
protein_0232,protein_0392,0.1839080459770115
protein_0232,protein_0393,0.20454545454545456
protein_0232,protein_0394,0.13793103448275862
protein_0232,protein_0397,0.14285714285714285
protein_0232,protein_0398,0.15825123152709358
protein_0232,protein_0399,0.17391304347826086
protein_0261,protein_0001,0.1111111111111111
protein_0261,protein_0002,0.18691588785046728
protein_0261,protein_0003,0.17647058823529413
protein_0261,protein_0004,0.1619047619047619
protein_0261,protein_0005,0.1919191919191919
protein_0261,protein_0006,0.19801980198019803
protein_0261,protein_0007,0.18181818181818182
protein_0261,protein_0008,0.5454545454545454
protein_0261,protein_0010,0.22330097087378642
protein_0261,protein_0011,0.1
protein_0261,protein_0012,0.15384615384615385
protein_0261,protein_0013,0.14563106796116504
protein_0261,protein_0014,0.2828282828282828
protein_0261,protein_0016,0.5353535353535354
protein_0261,protein_0017,0.12781954887218044
protein_0261,protein_0018,0.12962962962962962
protein_0261,protein_0019,0.18181818181818182
protein_0261,protein_0020,0.1282051282051282
protein_0261,protein_0021,0.1782178217821782
protein_0261,protein_0022,0.14563106796116504
protein_0261,protein_0023,0.15517241379310345
protein_0261,protein_0024,0.1721311475409836
protein_0261,protein_0025,0.1717171717171717
protein_0261,protein_0026,0.17142857142857143
protein_0261,protein_0027,0.18627450980392157
protein_0261,protein_0028,0.17647058823529413
protein_0261,protein_0029,0.19607843137254902
protein_0261,protein_0030,0.15217391304347827
protein_0261,protein_0031,0.36363636363636365
protein_0261,protein_0032,0.17142857142857143
protein_0261,protein_0034,0.13592233009708737
protein_0261,protein_0035,0.15517241379310345
protein_0261,protein_0036,0.1717171717171717
protein_0261,protein_0037,0.1717171717171717
protein_0261,protein_0038,0.1717171717171717
protein_0261,protein_0039,0.18691588785046728
protein_0261,protein_0040,0.1523809523809524
protein_0261,protein_0041,0.17142857142857143
protein_0261,protein_0043,0.12745098039215685
protein_0261,protein_0044,0.14285714285714285
protein_0261,protein_0045,0.13333333333333333
protein_0261,protein_0046,0.18181818181818182
protein_0261,protein_0047,0.14
protein_0261,protein_0048,0.15151515151515152
protein_0261,protein_0049,0.09090909090909091
protein_0261,protein_0050,0.43434343434343436
protein_0261,protein_0051,0.15
protein_0261,protein_0052,0.18095238095238095
protein_0261,protein_0053,0.17
protein_0261,protein_0054,0.19491525423728814
protein_0261,protein_0055,0.14173228346456693
protein_0261,protein_0058,0.16161616161616163
protein_0261,protein_0059,0.16981132075471697
protein_0261,protein_0060,0.1487603305785124
protein_0261,protein_0061,0.1743119266055046
protein_0261,protein_0062,0.14953271028037382
protein_0261,protein_0063,0.12206572769953052
protein_0261,protein_0064,0.1981981981981982
protein_0261,protein_0065,0.6767676767676768
protein_0261,protein_0066,0.14285714285714285
protein_0261,protein_0067,0.19801980198019803
protein_0261,protein_0068,0.168141592920354
protein_0261,protein_0069,0.1111111111111111
protein_0261,protein_0070,0.14285714285714285
protein_0261,protein_0071,0.1574074074074074
protein_0261,protein_0073,0.12149532710280374
protein_0261,protein_0074,0.5151515151515151
protein_0261,protein_0075,0.19090909090909092
protein_0261,protein_0076,0.1650485436893204
protein_0261,protein_0078,0.11607142857142858
protein_0261,protein_0079,0.11607142857142858
protein_0261,protein_0080,0.16981132075471697
protein_0261,protein_0081,0.1523809523809524
protein_0261,protein_0082,0.1509433962264151
protein_0261,protein_0083,0.15384615384615385
protein_0261,protein_0085,0.17757009345794392
protein_0261,protein_0086,0.125
protein_0261,protein_0087,0.1717171717171717
protein_0261,protein_0088,0.13592233009708737
protein_0261,protein_0089,0.20155038759689922
protein_0261,protein_0090,0.20930232558139536
protein_0261,protein_0091,0.14035087719298245
protein_0261,protein_0092,0.14035087719298245
protein_0261,protein_0095,0.18032786885245902
protein_0261,protein_0096,0.26262626262626265
protein_0261,protein_0097,0.17307692307692307
protein_0261,protein_0098,0.16666666666666666
protein_0261,protein_0099,0.14166666666666666
protein_0261,protein_0100,0.1414141414141414
protein_0261,protein_0101,0.10576923076923077
protein_0261,protein_0102,0.1308411214953271
protein_0261,protein_0103,0.17307692307692307
protein_0261,protein_0105,0.18
protein_0261,protein_0106,0.1484375
protein_0261,protein_0107,0.18518518518518517
protein_0261,protein_0108,0.19
protein_0261,protein_0109,0.13131313131313133
protein_0261,protein_0110,0.14285714285714285
protein_0261,protein_0111,0.18811881188118812
protein_0261,protein_0112,0.07766990291262135
protein_0261,protein_0115,0.17475728155339806
protein_0261,protein_0117,0.15748031496062992
protein_0261,protein_0118,0.1717171717171717
protein_0261,protein_0119,0.15384615384615385
protein_0261,protein_0120,0.1568627450980392
protein_0261,protein_0121,0.1568627450980392
protein_0261,protein_0122,0.1650485436893204
protein_0261,protein_0123,0.13131313131313133
protein_0261,protein_0124,0.18627450980392157
protein_0261,protein_0125,0.8686868686868687
protein_0261,protein_0127,0.1619047619047619
protein_0261,protein_0128,0.1650485436893204
protein_0261,protein_0129,0.13131313131313133
protein_0261,protein_0130,0.17829457364341086
protein_0261,protein_0131,0.12121212121212122
protein_0261,protein_0133,0.15454545454545454
protein_0261,protein_0134,0.17647058823529413
protein_0261,protein_0135,0.13592233009708737
protein_0261,protein_0136,0.13636363636363635
protein_0261,protein_0137,0.1349206349206349
protein_0261,protein_0138,0.1349206349206349
protein_0261,protein_0139,0.15151515151515152
protein_0261,protein_0140,0.17307692307692307
protein_0261,protein_0142,0.18446601941747573
protein_0261,protein_0143,0.1414141414141414
protein_0261,protein_0144,0.1414141414141414
protein_0261,protein_0145,0.1717171717171717
protein_0261,protein_0146,0.15
protein_0261,protein_0147,0.2403846153846154
protein_0261,protein_0148,0.19230769230769232
protein_0261,protein_0149,0.1414141414141414
protein_0261,protein_0150,0.21568627450980393
protein_0261,protein_0151,0.17142857142857143
protein_0261,protein_0152,0.13592233009708737
protein_0261,protein_0153,0.1834862385321101
protein_0261,protein_0154,0.18867924528301888
protein_0261,protein_0155,0.14960629921259844
protein_0261,protein_0156,0.19834710743801653
protein_0261,protein_0157,0.1834862385321101
protein_0261,protein_0159,0.12727272727272726
protein_0261,protein_0160,0.1588785046728972
protein_0261,protein_0161,0.1532258064516129
protein_0261,protein_0162,0.18446601941747573
protein_0261,protein_0163,0.13761467889908258
protein_0261,protein_0164,0.15841584158415842
protein_0261,protein_0165,0.16666666666666666
protein_0261,protein_0166,0.17391304347826086
protein_0261,protein_0167,0.1746031746031746
protein_0261,protein_0168,0.17054263565891473
protein_0261,protein_0169,0.1386861313868613
protein_0261,protein_0170,0.13
protein_0261,protein_0171,0.13392857142857142
protein_0261,protein_0172,0.16176470588235295
protein_0261,protein_0173,0.1717171717171717
protein_0261,protein_0174,0.16666666666666666
protein_0261,protein_0175,0.1574074074074074
protein_0261,protein_0176,0.1717171717171717
protein_0261,protein_0177,0.15151515151515152
protein_0261,protein_0178,0.18803418803418803
protein_0261,protein_0179,0.1724137931034483
protein_0261,protein_0180,0.13
protein_0261,protein_0181,0.2079207920792079
protein_0261,protein_0182,0.13131313131313133
protein_0261,protein_0183,0.24242424242424243
protein_0261,protein_0184,0.1308411214953271
protein_0261,protein_0185,0.1485148514851485
protein_0261,protein_0186,0.24242424242424243
protein_0261,protein_0187,0.18867924528301888
protein_0261,protein_0188,0.14705882352941177
protein_0261,protein_0189,0.18627450980392157
protein_0261,protein_0190,0.15
protein_0261,protein_0191,0.17142857142857143
protein_0261,protein_0192,0.17475728155339806
protein_0261,protein_0194,0.17142857142857143
protein_0261,protein_0195,0.14953271028037382
protein_0261,protein_0196,0.12380952380952381
protein_0261,protein_0197,0.14563106796116504
protein_0261,protein_0198,0.1619047619047619
protein_0261,protein_0199,0.16037735849056603
protein_0261,protein_0200,0.13333333333333333
protein_0261,protein_0201,0.12844036697247707
protein_0261,protein_0202,0.19801980198019803
protein_0261,protein_0203,0.16535433070866143
protein_0261,protein_0204,0.1568627450980392
protein_0261,protein_0205,0.13488372093023257
protein_0261,protein_0206,0.15384615384615385
protein_0261,protein_0207,0.13970588235294118
protein_0261,protein_0208,0.125
protein_0261,protein_0211,0.1553398058252427
protein_0261,protein_0212,0.15151515151515152
protein_0261,protein_0213,0.19607843137254902
protein_0261,protein_0214,0.10101010101010101
protein_0261,protein_0215,0.11
protein_0261,protein_0216,0.16071428571428573
protein_0261,protein_0217,0.18269230769230768
protein_0261,protein_0218,0.15555555555555556
protein_0261,protein_0219,0.16923076923076924
protein_0261,protein_0220,0.18018018018018017
protein_0261,protein_0221,0.13761467889908258
protein_0261,protein_0222,0.09090909090909091
protein_0261,protein_0223,0.13131313131313133
protein_0261,protein_0224,0.16666666666666666
protein_0261,protein_0226,0.21359223300970873
protein_0261,protein_0227,0.12
protein_0261,protein_0228,0.16037735849056603
protein_0261,protein_0229,0.17307692307692307
protein_0261,protein_0230,0.18518518518518517
protein_0261,protein_0233,0.16923076923076924
protein_0261,protein_0234,0.5151515151515151
protein_0261,protein_0235,0.1485148514851485
protein_0261,protein_0236,0.19811320754716982
protein_0261,protein_0237,0.19811320754716982
protein_0261,protein_0238,0.11805555555555555
protein_0261,protein_0239,0.14953271028037382
protein_0261,protein_0240,0.14414414414414414
protein_0261,protein_0241,0.17757009345794392
protein_0261,protein_0242,0.1717171717171717
protein_0261,protein_0243,0.168141592920354
protein_0261,protein_0244,0.1792452830188679
protein_0261,protein_0245,0.1590909090909091
protein_0261,protein_0246,0.7878787878787878
protein_0261,protein_0247,0.19
protein_0261,protein_0248,0.19607843137254902
protein_0261,protein_0249,0.1568627450980392
protein_0261,protein_0250,0.16822429906542055
protein_0261,protein_0251,0.17592592592592593
protein_0261,protein_0252,0.16
protein_0261,protein_0253,0.09734513274336283
protein_0261,protein_0254,0.12745098039215685
protein_0261,protein_0255,0.10382513661202186
protein_0261,protein_0256,0.13636363636363635
protein_0261,protein_0257,0.1652892561983471
protein_0261,protein_0258,0.13
protein_0261,protein_0259,0.19607843137254902
protein_0261,protein_0260,0.19607843137254902
protein_0261,protein_0263,0.1897810218978102
protein_0261,protein_0264,0.18095238095238095
protein_0261,protein_0265,0.18095238095238095
protein_0261,protein_0267,0.1346153846153846
protein_0261,protein_0268,0.18181818181818182
protein_0261,protein_0269,0.11016949152542373
protein_0261,protein_0270,0.12121212121212122
protein_0261,protein_0272,0.14743589743589744
protein_0261,protein_0273,0.15476190476190477
protein_0261,protein_0274,0.1619047619047619
protein_0261,protein_0275,0.7575757575757576
protein_0261,protein_0276,0.15384615384615385
protein_0261,protein_0277,0.15151515151515152
protein_0261,protein_0279,0.19811320754716982
protein_0261,protein_0281,0.14285714285714285
protein_0261,protein_0282,0.12264150943396226
protein_0261,protein_0283,0.11009174311926606
protein_0261,protein_0284,0.17757009345794392
protein_0261,protein_0285,0.16161616161616163
protein_0261,protein_0286,0.16037735849056603
protein_0261,protein_0287,0.15517241379310345
protein_0261,protein_0288,0.1485148514851485
protein_0261,protein_0289,0.1308411214953271
protein_0261,protein_0290,0.1834862385321101
protein_0261,protein_0291,0.19090909090909092
protein_0261,protein_0292,0.1717171717171717
protein_0261,protein_0293,0.15384615384615385
protein_0261,protein_0294,0.19090909090909092
protein_0261,protein_0295,0.16161616161616163
protein_0261,protein_0296,0.14925373134328357
protein_0261,protein_0297,0.1717171717171717
protein_0261,protein_0298,0.16161616161616163
protein_0261,protein_0299,0.125
protein_0261,protein_0300,0.1504424778761062
protein_0261,protein_0301,0.1504424778761062
protein_0261,protein_0302,0.08294930875576037
protein_0261,protein_0303,0.1346153846153846
protein_0261,protein_0304,0.13131313131313133
protein_0261,protein_0305,0.15
protein_0261,protein_0306,0.14173228346456693
protein_0261,protein_0307,0.1532258064516129
protein_0261,protein_0308,0.16806722689075632
protein_0261,protein_0309,0.1509433962264151
protein_0261,protein_0310,0.48484848484848486
protein_0261,protein_0311,0.1619047619047619
protein_0261,protein_0312,0.1619047619047619
protein_0261,protein_0313,0.22
protein_0261,protein_0314,0.14953271028037382
protein_0261,protein_0315,0.15254237288135594
protein_0261,protein_0316,0.12121212121212122
protein_0261,protein_0317,0.15454545454545454
protein_0261,protein_0318,0.15447154471544716
protein_0261,protein_0319,0.1262135922330097
protein_0261,protein_0320,0.13675213675213677
protein_0261,protein_0321,0.18018018018018017
protein_0261,protein_0322,0.18269230769230768
protein_0261,protein_0323,0.14782608695652175
protein_0261,protein_0324,0.16161616161616163
protein_0261,protein_0325,0.17647058823529413
protein_0261,protein_0326,0.1941747572815534
protein_0261,protein_0327,0.16363636363636364
protein_0261,protein_0328,0.15
protein_0261,protein_0330,0.18867924528301888
protein_0261,protein_0331,0.15151515151515152
protein_0261,protein_0332,0.18095238095238095
protein_0261,protein_0333,0.18269230769230768
protein_0261,protein_0334,0.1553398058252427
protein_0261,protein_0335,0.1391304347826087
protein_0261,protein_0336,0.16666666666666666
protein_0261,protein_0337,0.19444444444444445
protein_0261,protein_0338,0.19047619047619047
protein_0261,protein_0339,0.16831683168316833
protein_0261,protein_0340,0.1346153846153846
protein_0261,protein_0341,0.17117117117117117
protein_0261,protein_0343,0.13333333333333333
protein_0261,protein_0344,0.1650485436893204
protein_0261,protein_0345,0.1414141414141414
protein_0261,protein_0346,0.1414141414141414
protein_0261,protein_0347,0.14705882352941177
protein_0261,protein_0348,0.1349206349206349
protein_0261,protein_0349,0.1724137931034483
protein_0261,protein_0350,0.15384615384615385
protein_0261,protein_0351,0.09803921568627451
protein_0261,protein_0352,0.16161616161616163
protein_0261,protein_0353,0.1484375
protein_0261,protein_0354,0.14150943396226415
protein_0261,protein_0355,0.16822429906542055
protein_0261,protein_0356,0.16161616161616163
protein_0261,protein_0357,0.13986013986013987
protein_0261,protein_0358,0.15384615384615385
protein_0261,protein_0359,0.17073170731707318
protein_0261,protein_0360,0.22857142857142856
protein_0261,protein_0362,0.14545454545454545
protein_0261,protein_0363,0.14545454545454545
protein_0261,protein_0364,0.14545454545454545
protein_0261,protein_0365,0.18181818181818182
protein_0261,protein_0366,0.2
protein_0261,protein_0367,0.48484848484848486
protein_0261,protein_0368,0.16666666666666666
protein_0261,protein_0369,0.1262135922330097
protein_0261,protein_0370,0.1650485436893204
protein_0261,protein_0371,0.14423076923076922
protein_0261,protein_0372,0.13761467889908258
protein_0261,protein_0373,0.13709677419354838
protein_0261,protein_0374,0.1746031746031746
protein_0261,protein_0375,0.18691588785046728
protein_0261,protein_0377,0.18627450980392157
protein_0261,protein_0378,0.12389380530973451
protein_0261,protein_0379,0.18518518518518517
protein_0261,protein_0380,0.18518518518518517
protein_0261,protein_0381,0.18518518518518517
protein_0261,protein_0382,0.1919191919191919
protein_0261,protein_0383,0.13131313131313133
protein_0261,protein_0384,0.12380952380952381
protein_0261,protein_0386,0.1391304347826087
protein_0261,protein_0387,0.1559633027522936
protein_0261,protein_0388,0.15151515151515152
protein_0261,protein_0389,0.1941747572815534
protein_0261,protein_0390,0.21782178217821782
protein_0261,protein_0392,0.1619047619047619
protein_0261,protein_0393,0.1619047619047619
protein_0261,protein_0394,0.09482758620689655
protein_0261,protein_0397,0.18095238095238095
protein_0261,protein_0398,0.18548387096774194
protein_0261,protein_0399,0.17647058823529413
protein_0262,protein_0001,0.1037037037037037
protein_0262,protein_0002,0.16176470588235295
protein_0262,protein_0003,0.15714285714285714
protein_0262,protein_0004,0.17142857142857143
protein_0262,protein_0005,0.1037037037037037
protein_0262,protein_0006,0.11594202898550725
protein_0262,protein_0007,0.14814814814814814
protein_0262,protein_0008,0.1323529411764706
protein_0262,protein_0010,0.11724137931034483
protein_0262,protein_0011,0.1111111111111111
protein_0262,protein_0012,0.15942028985507245
protein_0262,protein_0013,0.1037037037037037
protein_0262,protein_0014,0.19310344827586207
protein_0262,protein_0016,0.11029411764705882
protein_0262,protein_0017,0.5703703703703704
protein_0262,protein_0018,0.1386861313868613
protein_0262,protein_0019,0.14814814814814814
protein_0262,protein_0020,0.11594202898550725
protein_0262,protein_0021,0.15827338129496402
protein_0262,protein_0022,0.11594202898550725
protein_0262,protein_0023,0.13043478260869565
protein_0262,protein_0024,0.1564625850340136
protein_0262,protein_0025,0.14285714285714285
protein_0262,protein_0026,0.37037037037037035
protein_0262,protein_0027,0.14583333333333334
protein_0262,protein_0028,0.14705882352941177
protein_0262,protein_0029,0.14074074074074075
protein_0262,protein_0030,0.1836734693877551
protein_0262,protein_0031,0.15492957746478872
protein_0262,protein_0032,0.14074074074074075
protein_0262,protein_0034,0.125
protein_0262,protein_0035,0.1702127659574468
protein_0262,protein_0036,0.1259259259259259
protein_0262,protein_0037,0.14084507042253522
protein_0262,protein_0038,0.14084507042253522
protein_0262,protein_0039,0.18705035971223022
protein_0262,protein_0040,0.125
protein_0262,protein_0041,0.16296296296296298
protein_0262,protein_0043,0.14482758620689656
protein_0262,protein_0044,0.13793103448275862
protein_0262,protein_0045,0.15217391304347827
protein_0262,protein_0046,0.13333333333333333
protein_0262,protein_0047,0.13970588235294118
protein_0262,protein_0048,0.18382352941176472
protein_0262,protein_0049,0.13793103448275862
protein_0262,protein_0050,0.10294117647058823
protein_0262,protein_0051,0.14074074074074075
protein_0262,protein_0052,0.11510791366906475
protein_0262,protein_0053,0.1111111111111111
protein_0262,protein_0054,0.15492957746478872
protein_0262,protein_0055,0.16216216216216217
protein_0262,protein_0058,0.14814814814814814
protein_0262,protein_0059,0.1357142857142857
protein_0262,protein_0060,0.1276595744680851
protein_0262,protein_0061,0.13138686131386862
protein_0262,protein_0062,0.13768115942028986
protein_0262,protein_0063,0.13953488372093023
protein_0262,protein_0064,0.14388489208633093
protein_0262,protein_0065,0.16058394160583941
protein_0262,protein_0066,0.13768115942028986
protein_0262,protein_0067,0.16296296296296298
protein_0262,protein_0068,0.11764705882352941
protein_0262,protein_0069,0.16551724137931034
protein_0262,protein_0070,0.13194444444444445
protein_0262,protein_0071,0.16176470588235295
protein_0262,protein_0073,0.13138686131386862
protein_0262,protein_0074,0.11678832116788321
protein_0262,protein_0075,0.11678832116788321
protein_0262,protein_0076,0.11851851851851852
protein_0262,protein_0078,0.1643835616438356
protein_0262,protein_0079,0.1643835616438356
protein_0262,protein_0080,0.14814814814814814
protein_0262,protein_0081,0.1259259259259259
protein_0262,protein_0082,0.19852941176470587
protein_0262,protein_0083,0.13138686131386862
protein_0262,protein_0085,0.19718309859154928
protein_0262,protein_0086,0.18705035971223022
protein_0262,protein_0087,0.11851851851851852
protein_0262,protein_0088,0.16058394160583941
protein_0262,protein_0089,0.1780821917808219
protein_0262,protein_0090,0.2013888888888889
protein_0262,protein_0091,0.14893617021276595
protein_0262,protein_0092,0.14893617021276595
protein_0262,protein_0095,0.17647058823529413
protein_0262,protein_0096,0.19727891156462585
protein_0262,protein_0097,0.14388489208633093
protein_0262,protein_0098,0.13333333333333333
protein_0262,protein_0099,0.17518248175182483
protein_0262,protein_0100,0.14814814814814814
protein_0262,protein_0101,0.12408759124087591
protein_0262,protein_0102,0.2
protein_0262,protein_0103,0.1357142857142857
protein_0262,protein_0105,0.11851851851851852
protein_0262,protein_0106,0.1736111111111111
protein_0262,protein_0107,0.17391304347826086
protein_0262,protein_0108,0.18248175182481752
protein_0262,protein_0109,0.14074074074074075
protein_0262,protein_0110,0.176056338028169
protein_0262,protein_0111,0.1111111111111111
protein_0262,protein_0112,0.16783216783216784
protein_0262,protein_0115,0.11029411764705882
protein_0262,protein_0117,0.1793103448275862
protein_0262,protein_0118,0.13333333333333333
protein_0262,protein_0119,0.13768115942028986
protein_0262,protein_0120,0.17037037037037037
protein_0262,protein_0121,0.17037037037037037
protein_0262,protein_0122,0.14788732394366197
protein_0262,protein_0123,0.13333333333333333
protein_0262,protein_0124,0.17518248175182483
protein_0262,protein_0125,0.12949640287769784
protein_0262,protein_0127,0.13970588235294118
protein_0262,protein_0128,0.11971830985915492
protein_0262,protein_0129,0.14814814814814814
protein_0262,protein_0130,0.1956521739130435
protein_0262,protein_0131,0.1386861313868613
protein_0262,protein_0133,0.1323529411764706
protein_0262,protein_0134,0.16296296296296298
protein_0262,protein_0135,0.1510791366906475
protein_0262,protein_0136,0.1564625850340136
protein_0262,protein_0137,0.17880794701986755
protein_0262,protein_0138,0.17880794701986755
protein_0262,protein_0139,0.11764705882352941
protein_0262,protein_0140,0.2
protein_0262,protein_0142,0.16666666666666666
protein_0262,protein_0143,0.11851851851851852
protein_0262,protein_0144,0.11851851851851852
protein_0262,protein_0145,0.14074074074074075
protein_0262,protein_0146,0.08148148148148149
protein_0262,protein_0147,0.15827338129496402
protein_0262,protein_0148,0.1267605633802817
protein_0262,protein_0149,0.1259259259259259
protein_0262,protein_0150,0.14814814814814814
protein_0262,protein_0151,0.17142857142857143
protein_0262,protein_0152,0.14074074074074075
protein_0262,protein_0153,0.16296296296296298
protein_0262,protein_0154,0.17647058823529413
protein_0262,protein_0155,0.16901408450704225
protein_0262,protein_0156,0.18055555555555555
protein_0262,protein_0157,0.1111111111111111
protein_0262,protein_0159,0.14074074074074075
protein_0262,protein_0160,0.15714285714285714
protein_0262,protein_0161,0.11971830985915492
protein_0262,protein_0162,0.12318840579710146
protein_0262,protein_0163,0.16783216783216784
protein_0262,protein_0164,0.15827338129496402
protein_0262,protein_0165,0.1037037037037037
protein_0262,protein_0166,0.15827338129496402
protein_0262,protein_0167,0.15862068965517243
protein_0262,protein_0168,0.13286713286713286
protein_0262,protein_0169,0.15753424657534246
protein_0262,protein_0170,0.1037037037037037
protein_0262,protein_0171,0.09558823529411764
protein_0262,protein_0172,0.1597222222222222
protein_0262,protein_0173,0.12857142857142856
protein_0262,protein_0174,0.14705882352941177
protein_0262,protein_0175,0.15827338129496402
protein_0262,protein_0176,0.1347517730496454
protein_0262,protein_0177,0.1111111111111111
protein_0262,protein_0178,0.19375
protein_0262,protein_0179,0.18125
protein_0262,protein_0180,0.15172413793103448
protein_0262,protein_0181,0.17777777777777778
protein_0262,protein_0182,0.15555555555555556
protein_0262,protein_0183,0.1259259259259259
protein_0262,protein_0184,0.13333333333333333
protein_0262,protein_0185,0.1223021582733813
protein_0262,protein_0186,0.13970588235294118
protein_0262,protein_0187,0.15492957746478872
protein_0262,protein_0188,0.14074074074074075
protein_0262,protein_0189,0.12408759124087591
protein_0262,protein_0190,0.1897810218978102
protein_0262,protein_0191,0.13768115942028986
protein_0262,protein_0192,0.11971830985915492
protein_0262,protein_0194,0.14388489208633093
protein_0262,protein_0195,0.16546762589928057
protein_0262,protein_0196,0.15555555555555556
protein_0262,protein_0197,0.13768115942028986
protein_0262,protein_0198,0.16312056737588654
protein_0262,protein_0199,0.13768115942028986
protein_0262,protein_0200,0.16296296296296298
protein_0262,protein_0201,0.1724137931034483
protein_0262,protein_0202,0.16546762589928057
protein_0262,protein_0203,0.1610738255033557
protein_0262,protein_0204,0.13333333333333333
protein_0262,protein_0205,0.14150943396226415
protein_0262,protein_0206,0.14388489208633093
protein_0262,protein_0207,0.13013698630136986
protein_0262,protein_0208,0.15172413793103448
protein_0262,protein_0211,0.14492753623188406
protein_0262,protein_0212,0.15555555555555556
protein_0262,protein_0213,0.14685314685314685
protein_0262,protein_0214,0.14705882352941177
protein_0262,protein_0215,0.11851851851851852
protein_0262,protein_0216,0.11971830985915492
protein_0262,protein_0217,0.1259259259259259
protein_0262,protein_0218,0.34074074074074073
protein_0262,protein_0219,0.1597222222222222
protein_0262,protein_0220,0.15328467153284672
protein_0262,protein_0221,0.1037037037037037
protein_0262,protein_0222,0.14583333333333334
protein_0262,protein_0223,0.1259259259259259
protein_0262,protein_0224,0.12056737588652482
protein_0262,protein_0226,0.12318840579710146
protein_0262,protein_0227,0.11678832116788321
protein_0262,protein_0228,0.16296296296296298
protein_0262,protein_0229,0.13970588235294118
protein_0262,protein_0230,0.14189189189189189
protein_0262,protein_0233,0.362962962962963
protein_0262,protein_0234,0.1323529411764706
protein_0262,protein_0235,0.15555555555555556
protein_0262,protein_0236,0.18831168831168832
protein_0262,protein_0237,0.18831168831168832
protein_0262,protein_0238,0.1103448275862069
protein_0262,protein_0239,0.1366906474820144
protein_0262,protein_0240,0.1223021582733813
protein_0262,protein_0241,0.1510791366906475
protein_0262,protein_0242,0.11851851851851852
protein_0262,protein_0243,0.14285714285714285
protein_0262,protein_0244,0.1366906474820144
protein_0262,protein_0245,0.174496644295302
protein_0262,protein_0246,0.17037037037037037
protein_0262,protein_0247,0.17647058823529413
protein_0262,protein_0248,0.11428571428571428
protein_0262,protein_0249,0.1259259259259259
protein_0262,protein_0250,0.11347517730496454
protein_0262,protein_0251,0.11764705882352941
protein_0262,protein_0252,0.11267605633802817
protein_0262,protein_0253,0.15714285714285714
protein_0262,protein_0254,0.1037037037037037
protein_0262,protein_0255,0.12568306010928962
protein_0262,protein_0256,0.15942028985507245
protein_0262,protein_0257,0.16778523489932887
protein_0262,protein_0258,0.13768115942028986
protein_0262,protein_0259,0.1276595744680851
protein_0262,protein_0260,0.1276595744680851
protein_0262,protein_0263,0.39705882352941174
protein_0262,protein_0264,0.14492753623188406
protein_0262,protein_0265,0.14492753623188406
protein_0262,protein_0267,0.1357142857142857
protein_0262,protein_0268,0.14814814814814814
protein_0262,protein_0269,0.1736111111111111
protein_0262,protein_0270,0.11851851851851852
protein_0262,protein_0272,0.14814814814814814
protein_0262,protein_0273,0.16463414634146342
protein_0262,protein_0274,0.16216216216216217
protein_0262,protein_0275,0.14705882352941177
protein_0262,protein_0276,0.14814814814814814
protein_0262,protein_0277,0.11851851851851852
protein_0262,protein_0279,0.1527777777777778
protein_0262,protein_0281,0.1875
protein_0262,protein_0282,0.10218978102189781
protein_0262,protein_0283,0.16143497757847533
protein_0262,protein_0284,0.14084507042253522
protein_0262,protein_0285,0.14074074074074075
protein_0262,protein_0286,0.145985401459854
protein_0262,protein_0287,0.12949640287769784
protein_0262,protein_0288,0.1510791366906475
protein_0262,protein_0289,0.13333333333333333
protein_0262,protein_0290,0.1678832116788321
protein_0262,protein_0291,0.15436241610738255
protein_0262,protein_0292,0.11851851851851852
protein_0262,protein_0293,0.15602836879432624
protein_0262,protein_0294,0.15436241610738255
protein_0262,protein_0295,0.13333333333333333
protein_0262,protein_0296,0.1342281879194631
protein_0262,protein_0297,0.1259259259259259
protein_0262,protein_0298,0.11851851851851852
protein_0262,protein_0299,0.13970588235294118
protein_0262,protein_0300,0.11678832116788321
protein_0262,protein_0301,0.11678832116788321
protein_0262,protein_0302,0.14222222222222222
protein_0262,protein_0303,0.17777777777777778
protein_0262,protein_0304,0.125
protein_0262,protein_0305,0.125
protein_0262,protein_0306,0.16216216216216217
protein_0262,protein_0307,0.16129032258064516
protein_0262,protein_0308,0.18791946308724833
protein_0262,protein_0309,0.11920529801324503
protein_0262,protein_0310,0.15441176470588236
protein_0262,protein_0311,0.12318840579710146
protein_0262,protein_0312,0.1323529411764706
protein_0262,protein_0313,0.17037037037037037
protein_0262,protein_0314,0.1357142857142857
protein_0262,protein_0315,0.1780821917808219
protein_0262,protein_0316,0.15217391304347827
protein_0262,protein_0317,0.13970588235294118
protein_0262,protein_0318,0.17482517482517482
protein_0262,protein_0319,0.11851851851851852
protein_0262,protein_0320,0.16058394160583941
protein_0262,protein_0321,0.1347517730496454
protein_0262,protein_0322,0.13970588235294118
protein_0262,protein_0323,0.15555555555555556
protein_0262,protein_0324,0.125
protein_0262,protein_0325,0.1527777777777778
protein_0262,protein_0326,0.1037037037037037
protein_0262,protein_0327,0.15555555555555556
protein_0262,protein_0328,0.1597222222222222
protein_0262,protein_0330,0.13333333333333333
protein_0262,protein_0331,0.14074074074074075
protein_0262,protein_0332,0.14388489208633093
protein_0262,protein_0333,0.15483870967741936
protein_0262,protein_0334,0.13970588235294118
protein_0262,protein_0335,0.1259259259259259
protein_0262,protein_0336,0.14814814814814814
protein_0262,protein_0337,0.17985611510791366
protein_0262,protein_0338,0.14685314685314685
protein_0262,protein_0339,0.17037037037037037
protein_0262,protein_0340,0.15555555555555556
protein_0262,protein_0341,0.14965986394557823
protein_0262,protein_0343,0.11851851851851852
protein_0262,protein_0344,0.1259259259259259
protein_0262,protein_0345,0.1357142857142857
protein_0262,protein_0346,0.1357142857142857
protein_0262,protein_0347,0.1276595744680851
protein_0262,protein_0348,0.176056338028169
protein_0262,protein_0349,0.1597222222222222
protein_0262,protein_0350,0.1259259259259259
protein_0262,protein_0351,0.15714285714285714
protein_0262,protein_0352,0.1111111111111111
protein_0262,protein_0353,0.17391304347826086
protein_0262,protein_0354,0.14814814814814814
protein_0262,protein_0355,0.18705035971223022
protein_0262,protein_0356,0.1259259259259259
protein_0262,protein_0357,0.1310344827586207
protein_0262,protein_0358,0.13333333333333333
protein_0262,protein_0359,0.1360544217687075
protein_0262,protein_0360,0.11678832116788321
protein_0262,protein_0362,0.20437956204379562
protein_0262,protein_0363,0.20437956204379562
protein_0262,protein_0364,0.18248175182481752
protein_0262,protein_0365,0.13333333333333333
protein_0262,protein_0366,0.15555555555555556
protein_0262,protein_0367,0.15942028985507245
protein_0262,protein_0368,0.11029411764705882
protein_0262,protein_0369,0.125
protein_0262,protein_0370,0.1259259259259259
protein_0262,protein_0371,0.12408759124087591
protein_0262,protein_0372,0.1318181818181818
protein_0262,protein_0373,0.13043478260869565
protein_0262,protein_0374,0.15436241610738255
protein_0262,protein_0375,0.14074074074074075
protein_0262,protein_0377,0.14184397163120568
protein_0262,protein_0378,0.14893617021276595
protein_0262,protein_0379,0.14492753623188406
protein_0262,protein_0380,0.14492753623188406
protein_0262,protein_0381,0.14492753623188406
protein_0262,protein_0382,0.14814814814814814
protein_0262,protein_0383,0.11851851851851852
protein_0262,protein_0384,0.1258741258741259
protein_0262,protein_0386,0.11851851851851852
protein_0262,protein_0387,0.15384615384615385
protein_0262,protein_0388,0.12949640287769784
protein_0262,protein_0389,0.11851851851851852
protein_0262,protein_0390,0.17777777777777778
protein_0262,protein_0392,0.16428571428571428
protein_0262,protein_0393,0.16428571428571428
protein_0262,protein_0394,0.17142857142857143
protein_0262,protein_0397,0.14788732394366197
protein_0262,protein_0398,0.1773049645390071
protein_0262,protein_0399,0.16783216783216784
protein_0266,protein_0001,0.10964700193423599
protein_0266,protein_0002,0.18888888888888888
protein_0266,protein_0003,0.18095238095238095
protein_0266,protein_0004,0.15053763440860216
protein_0266,protein_0005,0.17391304347826086
protein_0266,protein_0006,0.18556701030927836
protein_0266,protein_0007,0.14891640866873065
protein_0266,protein_0008,0.16346153846153846
protein_0266,protein_0010,0.12389380530973451
protein_0266,protein_0011,0.14736842105263157
protein_0266,protein_0012,0.1504424778761062
protein_0266,protein_0013,0.17894736842105263
protein_0266,protein_0014,0.157488344988345
protein_0266,protein_0016,0.15315315315315314
protein_0266,protein_0017,0.1328125
protein_0266,protein_0018,0.12631578947368421
protein_0266,protein_0019,0.16433189655172414
protein_0266,protein_0020,0.16483516483516483
protein_0266,protein_0021,0.18691588785046728
protein_0266,protein_0022,0.25664511494252873
protein_0266,protein_0023,0.22020568663036902
protein_0266,protein_0024,0.11864406779661017
protein_0266,protein_0025,0.16981132075471697
protein_0266,protein_0026,0.15789473684210525
protein_0266,protein_0027,0.23916285543845694
protein_0266,protein_0028,0.16964285714285715
protein_0266,protein_0029,0.1478810879190386
protein_0266,protein_0030,0.15
protein_0266,protein_0031,0.16161616161616163
protein_0266,protein_0032,0.19791666666666666
protein_0266,protein_0034,0.14432989690721648
protein_0266,protein_0035,0.15
protein_0266,protein_0036,0.1474910394265233
protein_0266,protein_0037,0.15344887955182074
protein_0266,protein_0038,0.15344887955182074
protein_0266,protein_0039,0.15306122448979592
protein_0266,protein_0040,0.12222222222222222
protein_0266,protein_0041,0.20202020202020202
protein_0266,protein_0043,0.14736842105263157
protein_0266,protein_0044,0.14583333333333334
protein_0266,protein_0045,0.15625
protein_0266,protein_0046,0.14149272612270714
protein_0266,protein_0047,0.18478260869565216
protein_0266,protein_0048,0.18888888888888888
protein_0266,protein_0049,0.15555555555555556
protein_0266,protein_0050,0.22330097087378642
protein_0266,protein_0051,0.15123339658444024
protein_0266,protein_0052,0.1568627450980392
protein_0266,protein_0053,0.1650485436893204
protein_0266,protein_0054,0.1322314049586777
protein_0266,protein_0055,0.16
protein_0266,protein_0058,0.17582417582417584
protein_0266,protein_0059,0.17142857142857143
protein_0266,protein_0060,0.09368932038834951
protein_0266,protein_0061,0.15
protein_0266,protein_0062,0.15306122448979592
protein_0266,protein_0063,0.102803738317757
protein_0266,protein_0064,0.1941747572815534
protein_0266,protein_0065,0.1834862385321101
protein_0266,protein_0066,0.16363636363636364
protein_0266,protein_0067,0.12121212121212122
protein_0266,protein_0068,0.15
protein_0266,protein_0069,0.17543859649122806
protein_0266,protein_0070,0.14736842105263157
protein_0266,protein_0071,0.14583333333333334
protein_0266,protein_0073,0.16853932584269662
protein_0266,protein_0074,0.20388349514563106
protein_0266,protein_0075,0.2778941355674029
protein_0266,protein_0076,0.13636363636363635
protein_0266,protein_0078,0.15384615384615385
protein_0266,protein_0079,0.15384615384615385
protein_0266,protein_0080,0.18085106382978725
protein_0266,protein_0081,0.15841584158415842
protein_0266,protein_0082,0.13636363636363635
protein_0266,protein_0083,0.14583333333333334
protein_0266,protein_0085,0.13636363636363635
protein_0266,protein_0086,0.12727272727272726
protein_0266,protein_0087,0.13897058823529412
protein_0266,protein_0088,0.14444444444444443
protein_0266,protein_0089,0.1298920377867746
protein_0266,protein_0090,0.12561853351327035
protein_0266,protein_0091,0.16666666666666666
protein_0266,protein_0092,0.16666666666666666
protein_0266,protein_0095,0.129951895868704
protein_0266,protein_0096,0.17475728155339806
protein_0266,protein_0097,0.1702127659574468
protein_0266,protein_0098,0.15217391304347827
protein_0266,protein_0099,0.13309968847352024
protein_0266,protein_0100,0.17244582043343654
protein_0266,protein_0101,0.1504424778761062
protein_0266,protein_0102,0.18085106382978725
protein_0266,protein_0103,0.15306122448979592
protein_0266,protein_0105,0.20930232558139536
protein_0266,protein_0106,0.14383979398210897
protein_0266,protein_0107,0.16326530612244897
protein_0266,protein_0108,0.1595744680851064
protein_0266,protein_0109,0.12101063829787234
protein_0266,protein_0110,0.16326530612244897
protein_0266,protein_0111,0.16666666666666666
protein_0266,protein_0112,0.15384615384615385
protein_0266,protein_0115,0.17346938775510204
protein_0266,protein_0117,0.16597856004635664
protein_0266,protein_0118,0.16666666666666669
protein_0266,protein_0119,0.15267175572519084
protein_0266,protein_0120,0.15463917525773196
protein_0266,protein_0121,0.15463917525773196
protein_0266,protein_0122,0.15324248120300754
protein_0266,protein_0123,0.12265566391597899
protein_0266,protein_0124,0.13402061855670103
protein_0266,protein_0125,0.19047619047619047
protein_0266,protein_0127,0.15463917525773196
protein_0266,protein_0128,0.18446601941747573
protein_0266,protein_0129,0.1414141414141414
protein_0266,protein_0130,0.11684660368870894
protein_0266,protein_0131,0.1404807084123972
protein_0266,protein_0133,0.17543859649122806
protein_0266,protein_0134,0.17391304347826086
protein_0266,protein_0135,0.1348314606741573
protein_0266,protein_0136,0.13008130081300814
protein_0266,protein_0137,0.16393442622950818
protein_0266,protein_0138,0.16393442622950818
protein_0266,protein_0139,0.15679055633473588
protein_0266,protein_0140,0.1717171717171717
protein_0266,protein_0142,0.19469026548672566
protein_0266,protein_0143,0.16666666666666666
protein_0266,protein_0144,0.23076923076923078
protein_0266,protein_0145,0.16515426497277677
protein_0266,protein_0146,0.2
protein_0266,protein_0147,0.16842105263157894
protein_0266,protein_0148,0.18681318681318682
protein_0266,protein_0149,0.1463630613535737
protein_0266,protein_0150,0.18947368421052632
protein_0266,protein_0151,0.16494845360824742
protein_0266,protein_0152,0.14720296437963185
protein_0266,protein_0153,0.1831828885400314
protein_0266,protein_0154,0.18241758241758244
protein_0266,protein_0155,0.1623931623931624
protein_0266,protein_0156,0.19327731092436976
protein_0266,protein_0157,0.22105263157894736
protein_0266,protein_0159,0.15463917525773196
protein_0266,protein_0160,0.16363636363636364
protein_0266,protein_0161,0.12598425196850394
protein_0266,protein_0162,0.16494845360824742
protein_0266,protein_0163,0.15254237288135594
protein_0266,protein_0164,0.18446601941747573
protein_0266,protein_0165,0.1272884710539337
protein_0266,protein_0166,0.18446601941747573
protein_0266,protein_0167,0.1387963209810717
protein_0266,protein_0168,0.13118279569892471
protein_0266,protein_0169,0.10743801652892562
protein_0266,protein_0170,0.1650485436893204
protein_0266,protein_0171,0.12121212121212122
protein_0266,protein_0172,0.11965811965811966
protein_0266,protein_0173,0.1875
protein_0266,protein_0174,0.18556701030927836
protein_0266,protein_0175,0.16494845360824742
protein_0266,protein_0176,0.1470905172413793
protein_0266,protein_0177,0.14149272612270714
protein_0266,protein_0178,0.16153846153846155
protein_0266,protein_0179,0.15384615384615385
protein_0266,protein_0180,0.20408163265306123
protein_0266,protein_0181,0.13131313131313133
protein_0266,protein_0182,0.1262135922330097
protein_0266,protein_0183,0.1834862385321101
protein_0266,protein_0184,0.18018018018018017
protein_0266,protein_0185,0.23529411764705882
protein_0266,protein_0186,0.20909090909090908
protein_0266,protein_0187,0.16494845360824742
protein_0266,protein_0188,0.15541795665634675
protein_0266,protein_0189,0.16129032258064516
protein_0266,protein_0190,0.16666666666666666
protein_0266,protein_0191,0.18556701030927836
protein_0266,protein_0192,0.15151515151515152
protein_0266,protein_0194,0.14444444444444443
protein_0266,protein_0195,0.21649484536082475
protein_0266,protein_0196,0.22549019607843138
protein_0266,protein_0197,0.11458333333333333
protein_0266,protein_0198,0.15053763440860216
protein_0266,protein_0199,0.15217391304347827
protein_0266,protein_0200,0.16842105263157894
protein_0266,protein_0201,0.15454545454545454
protein_0266,protein_0202,0.16
protein_0266,protein_0203,0.12598425196850394
protein_0266,protein_0204,0.16157697121401754
protein_0266,protein_0205,0.14218009478672985
protein_0266,protein_0206,0.1504424778761062
protein_0266,protein_0207,0.13636363636363635
protein_0266,protein_0208,0.14661030341340076
protein_0266,protein_0211,0.14226973684210525
protein_0266,protein_0212,0.14583333333333334
protein_0266,protein_0213,0.15463917525773196
protein_0266,protein_0214,0.1590909090909091
protein_0266,protein_0215,0.11764705882352941
protein_0266,protein_0216,0.13725490196078433
protein_0266,protein_0217,0.16666666666666666
protein_0266,protein_0218,0.144
protein_0266,protein_0219,0.13846153846153847
protein_0266,protein_0220,0.20388349514563106
protein_0266,protein_0221,0.2
protein_0266,protein_0222,0.15384615384615385
protein_0266,protein_0223,0.13953488372093023
protein_0266,protein_0224,0.1388888888888889
protein_0266,protein_0226,0.1919191919191919
protein_0266,protein_0227,0.14893617021276595
protein_0266,protein_0228,0.14499837080482242
protein_0266,protein_0229,0.17708333333333334
protein_0266,protein_0230,0.16129032258064516
protein_0266,protein_0233,0.16176470588235295
protein_0266,protein_0234,0.1834862385321101
protein_0266,protein_0235,0.18556201550387597
protein_0266,protein_0236,0.13962923868584246
protein_0266,protein_0237,0.13962923868584246
protein_0266,protein_0238,0.15267175572519084
protein_0266,protein_0239,0.17857142857142858
protein_0266,protein_0240,0.18446601941747573
protein_0266,protein_0241,0.12244897959183673
protein_0266,protein_0242,0.1361431170406307
protein_0266,protein_0243,0.17857142857142858
protein_0266,protein_0244,0.1517394054395952
protein_0266,protein_0245,0.13188892279523956
protein_0266,protein_0246,0.16494845360824742
protein_0266,protein_0247,0.15025252525252525
protein_0266,protein_0248,0.17142857142857143
protein_0266,protein_0249,0.1574074074074074
protein_0266,protein_0250,0.1988150098749177
protein_0266,protein_0251,0.17647058823529413
protein_0266,protein_0252,0.19101123595505617
protein_0266,protein_0253,0.15789473684210525
protein_0266,protein_0254,0.3158143939393939
protein_0266,protein_0255,0.12209302325581395
protein_0266,protein_0256,0.15315315315315314
protein_0266,protein_0257,0.17857142857142858
protein_0266,protein_0258,0.1875
protein_0266,protein_0259,0.1442355269668481
protein_0266,protein_0260,0.1442355269668481
protein_0266,protein_0263,0.15328467153284672
protein_0266,protein_0264,0.1134020618556701
protein_0266,protein_0265,0.1134020618556701
protein_0266,protein_0267,0.15463917525773196
protein_0266,protein_0268,0.16666666666666666
protein_0266,protein_0269,0.1721311475409836
protein_0266,protein_0270,0.18681318681318682
protein_0266,protein_0272,0.14649122807017545
protein_0266,protein_0273,0.15939730372720062
protein_0266,protein_0274,0.18556701030927836
protein_0266,protein_0275,0.2336448598130841
protein_0266,protein_0276,0.15463917525773196
protein_0266,protein_0277,0.14585705249841874
protein_0266,protein_0279,0.18947368421052632
protein_0266,protein_0281,0.14782608695652175
protein_0266,protein_0282,0.2127659574468085
protein_0266,protein_0283,0.1278538812785388
protein_0266,protein_0284,0.1443139097744361
protein_0266,protein_0285,0.18
protein_0266,protein_0286,0.15814009084389194
protein_0266,protein_0287,0.1864406779661017
protein_0266,protein_0288,0.16666666666666666
protein_0266,protein_0289,0.15286889513693636
protein_0266,protein_0290,0.168141592920354
protein_0266,protein_0291,0.1849289627634878
protein_0266,protein_0292,0.1463630613535737
protein_0266,protein_0293,0.12087912087912088
protein_0266,protein_0294,0.188447915720643
protein_0266,protein_0295,0.13897058823529412
protein_0266,protein_0296,0.15447154471544716
protein_0266,protein_0297,0.12853566958698373
protein_0266,protein_0298,0.16505507955936352
protein_0266,protein_0299,0.17186147186147188
protein_0266,protein_0300,0.2004871743885464
protein_0266,protein_0301,0.1886252045826514
protein_0266,protein_0302,0.1336405529953917
protein_0266,protein_0303,0.1797752808988764
protein_0266,protein_0304,0.12584996709804783
protein_0266,protein_0305,0.2711013645224172
protein_0266,protein_0306,0.16
protein_0266,protein_0307,0.17886178861788618
protein_0266,protein_0308,0.1391304347826087
protein_0266,protein_0309,0.2648433847592333
protein_0266,protein_0310,0.1834862385321101
protein_0266,protein_0311,0.11494252873563218
protein_0266,protein_0312,0.20388349514563106
protein_0266,protein_0313,0.16164717348927876
protein_0266,protein_0314,0.17117117117117117
protein_0266,protein_0315,0.15517241379310345
protein_0266,protein_0316,0.14754784688995215
protein_0266,protein_0317,0.14545454545454545
protein_0266,protein_0318,0.13043478260869565
protein_0266,protein_0319,0.1568627450980392
protein_0266,protein_0320,0.16666666666666666
protein_0266,protein_0321,0.1792452830188679
protein_0266,protein_0322,0.15463917525773196
protein_0266,protein_0323,0.18
protein_0266,protein_0324,0.14772727272727273
protein_0266,protein_0325,0.13817543859649123
protein_0266,protein_0326,0.15053763440860216
protein_0266,protein_0327,0.15463917525773196
protein_0266,protein_0328,0.17391304347826086
protein_0266,protein_0330,0.12631578947368421
protein_0266,protein_0331,0.1409867172675522
protein_0266,protein_0332,0.17712066905615292
protein_0266,protein_0333,0.16164717348927876
protein_0266,protein_0334,0.13978494623655913
protein_0266,protein_0335,0.20353982300884957
protein_0266,protein_0336,0.1450362590647662
protein_0266,protein_0337,0.14323830409356725
protein_0266,protein_0338,0.19791666666666666
protein_0266,protein_0339,0.14686907020872864
protein_0266,protein_0340,0.13636363636363635
protein_0266,protein_0341,0.16981132075471697
protein_0266,protein_0343,0.13761324586066853
protein_0266,protein_0344,0.1836734693877551
protein_0266,protein_0345,0.17122978223547483
protein_0266,protein_0346,0.17122978223547483
protein_0266,protein_0347,0.1509386733416771
protein_0266,protein_0348,0.17391304347826086
protein_0266,protein_0349,0.13636363636363635
protein_0266,protein_0350,0.14130434782608695
protein_0266,protein_0351,0.16831683168316833
protein_0266,protein_0352,0.15123339658444024
protein_0266,protein_0353,0.10679576178297406
protein_0266,protein_0354,0.16483516483516483
protein_0266,protein_0355,0.15507666804807294
protein_0266,protein_0356,0.13946869070208728
protein_0266,protein_0357,0.13138686131386862
protein_0266,protein_0358,0.16326530612244897
protein_0266,protein_0359,0.140625
protein_0266,protein_0360,0.14444444444444443
protein_0266,protein_0362,0.15306122448979592
protein_0266,protein_0363,0.15306122448979592
protein_0266,protein_0364,0.12903225806451613
protein_0266,protein_0365,0.16666666666666666
protein_0266,protein_0366,0.15384615384615385
protein_0266,protein_0367,0.19811320754716982
protein_0266,protein_0368,0.1836734693877551
protein_0266,protein_0369,0.1836734693877551
protein_0266,protein_0370,0.1836734693877551
protein_0266,protein_0371,0.16842105263157894
protein_0266,protein_0372,0.11467889908256881
protein_0266,protein_0373,0.12612612612612611
protein_0266,protein_0374,0.13821138211382114
protein_0266,protein_0375,0.17
protein_0266,protein_0377,0.18446601941747573
protein_0266,protein_0378,0.14018691588785046
protein_0266,protein_0379,0.22020568663036902
protein_0266,protein_0380,0.22020568663036902
protein_0266,protein_0381,0.22020568663036902
protein_0266,protein_0382,0.17650462962962965
protein_0266,protein_0383,0.1463630613535737
protein_0266,protein_0384,0.16842105263157894
protein_0266,protein_0386,0.15384615384615385
protein_0266,protein_0387,0.17272727272727273
protein_0266,protein_0388,0.16019061583577712
protein_0266,protein_0389,0.18888888888888888
protein_0266,protein_0390,0.12280701754385964
protein_0266,protein_0392,0.15306122448979592
protein_0266,protein_0393,0.15306122448979592
protein_0266,protein_0394,0.12280701754385964
protein_0266,protein_0397,0.17894736842105263
protein_0266,protein_0398,0.13425787106446777
protein_0266,protein_0399,0.2
protein_0271,protein_0001,0.33525146679135276
protein_0271,protein_0002,0.18292682926829268
protein_0271,protein_0003,0.16091954022988506
protein_0271,protein_0004,0.14942528735632185
protein_0271,protein_0005,0.15476190476190477
protein_0271,protein_0006,0.17777777777777778
protein_0271,protein_0007,0.3644941783579818
protein_0271,protein_0008,0.20202020202020202
protein_0271,protein_0010,0.14583333333333334
protein_0271,protein_0011,0.18181818181818182
protein_0271,protein_0012,0.1744186046511628
protein_0271,protein_0013,0.19480519480519481
protein_0271,protein_0014,0.15653480291638186
protein_0271,protein_0016,0.16161616161616163
protein_0271,protein_0017,0.12213740458015267
protein_0271,protein_0018,0.16483516483516483
protein_0271,protein_0019,0.28971755852042125
protein_0271,protein_0020,0.19767441860465115
protein_0271,protein_0021,0.17073170731707318
protein_0271,protein_0022,0.13917870518994113
protein_0271,protein_0023,0.1652730598379932
protein_0271,protein_0024,0.1111111111111111
protein_0271,protein_0025,0.16304347826086957
protein_0271,protein_0026,0.13178294573643412
protein_0271,protein_0027,0.15104166666666666
protein_0271,protein_0028,0.16
protein_0271,protein_0029,0.3439834303627407
protein_0271,protein_0030,0.11764705882352941
protein_0271,protein_0031,0.15151515151515152
protein_0271,protein_0032,0.20689655172413793
protein_0271,protein_0034,0.21348314606741572
protein_0271,protein_0035,0.12745098039215685
protein_0271,protein_0036,0.34686541500139423
protein_0271,protein_0037,0.14418526031102097
protein_0271,protein_0038,0.14418526031102097
protein_0271,protein_0039,0.1839080459770115
protein_0271,protein_0040,0.20833333333333334
protein_0271,protein_0041,0.1724137931034483
protein_0271,protein_0043,0.14942528735632185
protein_0271,protein_0044,0.14942528735632185
protein_0271,protein_0045,0.17777777777777778
protein_0271,protein_0046,0.36967748791243826
protein_0271,protein_0047,0.1590909090909091
protein_0271,protein_0048,0.17045454545454544
protein_0271,protein_0049,0.1724137931034483
protein_0271,protein_0050,0.1414141414141414
protein_0271,protein_0051,0.35221886116485984
protein_0271,protein_0052,0.1956521739130435
protein_0271,protein_0053,0.17045454545454544
protein_0271,protein_0054,0.13934426229508196
protein_0271,protein_0055,0.11965811965811966
protein_0271,protein_0058,0.2361111111111111
protein_0271,protein_0059,0.17045454545454544
protein_0271,protein_0060,0.1225938631599009
protein_0271,protein_0061,0.14444444444444443
protein_0271,protein_0062,0.16091954022988506
protein_0271,protein_0063,0.09389671361502347
protein_0271,protein_0064,0.15555555555555556
protein_0271,protein_0065,0.20202020202020202
protein_0271,protein_0066,0.17307692307692307
protein_0271,protein_0067,0.14444444444444443
protein_0271,protein_0068,0.18181818181818182
protein_0271,protein_0069,0.18888888888888888
protein_0271,protein_0070,0.1590909090909091
protein_0271,protein_0071,0.1724137931034483
protein_0271,protein_0073,0.16091954022988506
protein_0271,protein_0074,0.19318181818181818
protein_0271,protein_0075,0.14432989690721648
protein_0271,protein_0076,0.16666666666666666
protein_0271,protein_0078,0.13861386138613863
protein_0271,protein_0079,0.13861386138613863
protein_0271,protein_0080,0.19540229885057472
protein_0271,protein_0081,0.19540229885057472
protein_0271,protein_0082,0.15384615384615385
protein_0271,protein_0083,0.1935483870967742
protein_0271,protein_0085,0.16
protein_0271,protein_0086,0.16346153846153846
protein_0271,protein_0087,0.37807881773399016
protein_0271,protein_0088,0.1839080459770115
protein_0271,protein_0089,0.12746305418719212
protein_0271,protein_0090,0.15159694107062527
protein_0271,protein_0091,0.12173913043478261
protein_0271,protein_0092,0.12173913043478261
protein_0271,protein_0095,0.13865546218487396
protein_0271,protein_0096,0.15151515151515152
protein_0271,protein_0097,0.1744186046511628
protein_0271,protein_0098,0.16304347826086957
protein_0271,protein_0099,0.13361773070510935
protein_0271,protein_0100,0.32094960814604745
protein_0271,protein_0101,0.16091954022988506
protein_0271,protein_0102,0.13793103448275862
protein_0271,protein_0103,0.18181818181818182
protein_0271,protein_0105,0.16666666666666666
protein_0271,protein_0106,0.1267165090021361
protein_0271,protein_0107,0.1724137931034483
protein_0271,protein_0108,0.20481927710843373
protein_0271,protein_0109,0.2833391887883819
protein_0271,protein_0110,0.16091954022988506
protein_0271,protein_0111,0.16666666666666666
protein_0271,protein_0112,0.17647058823529413
protein_0271,protein_0115,0.17073170731707318
protein_0271,protein_0117,0.129585326953748
protein_0271,protein_0118,0.2946576603473155
protein_0271,protein_0119,0.16346153846153846
protein_0271,protein_0120,0.1839080459770115
protein_0271,protein_0121,0.1839080459770115
protein_0271,protein_0122,0.14012846517917513
protein_0271,protein_0123,0.2748885870625001
protein_0271,protein_0124,0.1724137931034483
protein_0271,protein_0125,0.16326530612244897
protein_0271,protein_0127,0.19540229885057472
protein_0271,protein_0128,0.18181818181818182
protein_0271,protein_0129,0.16091954022988506
protein_0271,protein_0130,0.13506493506493505
protein_0271,protein_0131,0.17543859649122806
protein_0271,protein_0133,0.1320754716981132
protein_0271,protein_0134,0.18604651162790697
protein_0271,protein_0135,0.1927710843373494
protein_0271,protein_0136,0.13445378151260504
protein_0271,protein_0137,0.14166666666666666
protein_0271,protein_0138,0.14166666666666666
protein_0271,protein_0139,0.2532055957458527
protein_0271,protein_0140,0.1839080459770115
protein_0271,protein_0142,0.1744186046511628
protein_0271,protein_0143,0.14606741573033707
protein_0271,protein_0144,0.13793103448275862
protein_0271,protein_0145,0.34452530228392303
protein_0271,protein_0146,0.1728395061728395
protein_0271,protein_0147,0.19540229885057472
protein_0271,protein_0148,0.15730337078651685
protein_0271,protein_0149,0.3102390817642675
protein_0271,protein_0150,0.1839080459770115
protein_0271,protein_0151,0.16853932584269662
protein_0271,protein_0152,0.3452617094253478
protein_0271,protein_0153,0.1493520386331683
protein_0271,protein_0154,0.14694092827004218
protein_0271,protein_0155,0.10256410256410256
protein_0271,protein_0156,0.14953271028037382
protein_0271,protein_0157,0.13636363636363635
protein_0271,protein_0159,0.18478260869565216
protein_0271,protein_0160,0.1744186046511628
protein_0271,protein_0161,0.1271186440677966
protein_0271,protein_0162,0.20987654320987653
protein_0271,protein_0163,0.15841584158415842
protein_0271,protein_0164,0.1724137931034483
protein_0271,protein_0165,0.4422654289432103
protein_0271,protein_0166,0.20689655172413793
protein_0271,protein_0167,0.12430830039525692
protein_0271,protein_0168,0.1199604743083004
protein_0271,protein_0169,0.12931034482758622
protein_0271,protein_0170,0.17857142857142858
protein_0271,protein_0171,0.16091954022988506
protein_0271,protein_0172,0.16666666666666666
protein_0271,protein_0173,0.17391304347826086
protein_0271,protein_0174,0.19318181818181818
protein_0271,protein_0175,0.19540229885057472
protein_0271,protein_0176,0.31574709360309494
protein_0271,protein_0177,0.2940818680343729
protein_0271,protein_0178,0.13157894736842105
protein_0271,protein_0179,0.13157894736842105
protein_0271,protein_0180,0.1839080459770115
protein_0271,protein_0181,0.1348314606741573
protein_0271,protein_0182,0.14942528735632185
protein_0271,protein_0183,0.12871287128712872
protein_0271,protein_0184,0.16304347826086957
protein_0271,protein_0185,0.16129032258064516
protein_0271,protein_0186,0.1188118811881188
protein_0271,protein_0187,0.18181818181818182
protein_0271,protein_0188,0.37830075079261805
protein_0271,protein_0189,0.16483516483516483
protein_0271,protein_0190,0.22727272727272727
protein_0271,protein_0191,0.20689655172413793
protein_0271,protein_0192,0.20481927710843373
protein_0271,protein_0194,0.13793103448275862
protein_0271,protein_0195,0.16304347826086957
protein_0271,protein_0196,0.15217391304347827
protein_0271,protein_0197,0.1744186046511628
protein_0271,protein_0198,0.13793103448275862
protein_0271,protein_0199,0.17525773195876287
protein_0271,protein_0200,0.17045454545454544
protein_0271,protein_0201,0.13725490196078433
protein_0271,protein_0202,0.16304347826086957
protein_0271,protein_0203,0.11864406779661017
protein_0271,protein_0204,0.3759100989549481
protein_0271,protein_0205,0.09389671361502347
protein_0271,protein_0206,0.17582417582417584
protein_0271,protein_0207,0.13675213675213677
protein_0271,protein_0208,0.13983488132094943
protein_0271,protein_0211,0.142296918767507
protein_0271,protein_0212,0.2777777777777778
protein_0271,protein_0213,0.2
protein_0271,protein_0214,0.15384615384615385
protein_0271,protein_0215,0.1527777777777778
protein_0271,protein_0216,0.14736842105263157
protein_0271,protein_0217,0.14457831325301204
protein_0271,protein_0218,0.12
protein_0271,protein_0219,0.11764705882352941
protein_0271,protein_0220,0.17777777777777778
protein_0271,protein_0221,0.19117647058823528
protein_0271,protein_0222,0.18604651162790697
protein_0271,protein_0223,0.18421052631578946
protein_0271,protein_0224,0.2197811134863835
protein_0271,protein_0226,0.15789473684210525
protein_0271,protein_0227,0.15151515151515152
protein_0271,protein_0228,0.1522222222222222
protein_0271,protein_0229,0.14634146341463414
protein_0271,protein_0230,0.19101123595505617
protein_0271,protein_0233,0.1732283464566929
protein_0271,protein_0234,0.1717171717171717
protein_0271,protein_0235,0.13108308760482673
protein_0271,protein_0236,0.1369514106583072
protein_0271,protein_0237,0.1369514106583072
protein_0271,protein_0238,0.1223021582733813
protein_0271,protein_0239,0.1724137931034483
protein_0271,protein_0240,0.17391304347826086
protein_0271,protein_0241,0.1590909090909091
protein_0271,protein_0242,0.5058101327789446
protein_0271,protein_0243,0.16853932584269662
protein_0271,protein_0244,0.14630681818181818
protein_0271,protein_0245,0.11999458874458874
protein_0271,protein_0246,0.23076923076923078
protein_0271,protein_0247,0.13920570033497984
protein_0271,protein_0248,0.19101123595505617
protein_0271,protein_0249,0.16091954022988506
protein_0271,protein_0250,0.14770833333333333
protein_0271,protein_0251,0.1827956989247312
protein_0271,protein_0252,0.16666666666666666
protein_0271,protein_0253,0.12389380530973451
protein_0271,protein_0254,0.14354787571337982
protein_0271,protein_0255,0.1111111111111111
protein_0271,protein_0256,0.1717171717171717
protein_0271,protein_0257,0.15151515151515152
protein_0271,protein_0258,0.18888888888888888
protein_0271,protein_0259,0.35682780619259746
protein_0271,protein_0260,0.35682780619259746
protein_0271,protein_0263,0.125
protein_0271,protein_0264,0.1839080459770115
protein_0271,protein_0265,0.1839080459770115
protein_0271,protein_0267,0.18181818181818182
protein_0271,protein_0268,0.15853658536585366
protein_0271,protein_0269,0.15517241379310345
protein_0271,protein_0270,0.19718309859154928
protein_0271,protein_0272,0.15105908584169453
protein_0271,protein_0273,0.14367335562987738
protein_0271,protein_0274,0.1827956989247312
protein_0271,protein_0275,0.21212121212121213
protein_0271,protein_0276,0.1827956989247312
protein_0271,protein_0277,0.278586041907276
protein_0271,protein_0279,0.17647058823529413
protein_0271,protein_0281,0.13392857142857142
protein_0271,protein_0282,0.19444444444444445
protein_0271,protein_0283,0.09009009009009009
protein_0271,protein_0284,0.13353617308992563
protein_0271,protein_0285,0.17391304347826086
protein_0271,protein_0286,0.3472667219566761
protein_0271,protein_0287,0.1308411214953271
protein_0271,protein_0288,0.2125
protein_0271,protein_0289,0.15110004151100043
protein_0271,protein_0290,0.1743119266055046
protein_0271,protein_0291,0.12989752863170584
protein_0271,protein_0292,0.2792761798593101
protein_0271,protein_0293,0.17045454545454544
protein_0271,protein_0294,0.12989752863170584
protein_0271,protein_0295,0.35827586206896556
protein_0271,protein_0296,0.1415929203539823
protein_0271,protein_0297,0.36334696533135047
protein_0271,protein_0298,0.6699079204916771
protein_0271,protein_0299,0.14285714285714285
protein_0271,protein_0300,0.12755598831548198
protein_0271,protein_0301,0.12805944055944057
protein_0271,protein_0302,0.08755760368663594
protein_0271,protein_0303,0.17721518987341772
protein_0271,protein_0304,0.18792792792792795
protein_0271,protein_0305,0.15750493745885452
protein_0271,protein_0306,0.11864406779661017
protein_0271,protein_0307,0.11764705882352941
protein_0271,protein_0308,0.13043478260869565
protein_0271,protein_0309,0.1471234647705236
protein_0271,protein_0310,0.13592233009708737
protein_0271,protein_0311,0.19540229885057472
protein_0271,protein_0312,0.19540229885057472
protein_0271,protein_0313,0.124539671911617
protein_0271,protein_0314,0.16161616161616163
protein_0271,protein_0315,0.12280701754385964
protein_0271,protein_0316,0.2600497165714557
protein_0271,protein_0317,0.14
protein_0271,protein_0318,0.13392857142857142
protein_0271,protein_0319,0.16091954022988506
protein_0271,protein_0320,0.16091954022988506
protein_0271,protein_0321,0.16853932584269662
protein_0271,protein_0322,0.1927710843373494
protein_0271,protein_0323,0.15555555555555556
protein_0271,protein_0324,0.14864864864864866
protein_0271,protein_0325,0.133201581027668
protein_0271,protein_0326,0.16666666666666666
protein_0271,protein_0327,0.16091954022988506
protein_0271,protein_0328,0.14814814814814814
protein_0271,protein_0330,0.16091954022988506
protein_0271,protein_0331,0.35827586206896556
protein_0271,protein_0332,0.13843813387423937
protein_0271,protein_0333,0.1483340688437776
protein_0271,protein_0334,0.14772727272727273
protein_0271,protein_0335,0.18181818181818182
protein_0271,protein_0336,0.27402159575949725
protein_0271,protein_0337,0.13680069930069932
protein_0271,protein_0338,0.18181818181818182
protein_0271,protein_0339,0.28723779405553235
protein_0271,protein_0340,0.17
protein_0271,protein_0341,0.17647058823529413
protein_0271,protein_0343,0.1777875329236172
protein_0271,protein_0344,0.1590909090909091
protein_0271,protein_0345,0.20654761904761904
protein_0271,protein_0346,0.20654761904761904
protein_0271,protein_0347,0.32849755949921783
protein_0271,protein_0348,0.10434782608695652
protein_0271,protein_0349,0.15841584158415842
protein_0271,protein_0350,0.16091954022988506
protein_0271,protein_0351,0.1839080459770115
protein_0271,protein_0352,0.2940818680343729
protein_0271,protein_0353,0.14945714945714947
protein_0271,protein_0354,0.16666666666666666
protein_0271,protein_0355,0.1742816091954023
protein_0271,protein_0356,0.2906368887548161
protein_0271,protein_0357,0.11475409836065574
protein_0271,protein_0358,0.15555555555555556
protein_0271,protein_0359,0.15126050420168066
protein_0271,protein_0360,0.16091954022988506
protein_0271,protein_0362,0.18888888888888888
protein_0271,protein_0363,0.18888888888888888
protein_0271,protein_0364,0.17045454545454544
protein_0271,protein_0365,0.16470588235294117
protein_0271,protein_0366,0.16470588235294117
protein_0271,protein_0367,0.1717171717171717
protein_0271,protein_0368,0.1724137931034483
protein_0271,protein_0369,0.17073170731707318
protein_0271,protein_0370,0.1590909090909091
protein_0271,protein_0371,0.18604651162790697
protein_0271,protein_0372,0.1
protein_0271,protein_0373,0.15
protein_0271,protein_0374,0.15384615384615385
protein_0271,protein_0375,0.1839080459770115
protein_0271,protein_0377,0.15555555555555556
protein_0271,protein_0378,0.14953271028037382
protein_0271,protein_0379,0.15463858988814172
protein_0271,protein_0380,0.15463858988814172
protein_0271,protein_0381,0.15463858988814172
protein_0271,protein_0382,0.13169934640522876
protein_0271,protein_0383,0.3130842911877395
protein_0271,protein_0384,0.19540229885057472
protein_0271,protein_0386,0.1414141414141414
protein_0271,protein_0387,0.12631578947368421
protein_0271,protein_0388,0.2638835560574691
protein_0271,protein_0389,0.24
protein_0271,protein_0390,0.14942528735632185
protein_0271,protein_0392,0.16304347826086957
protein_0271,protein_0393,0.16304347826086957
protein_0271,protein_0394,0.11206896551724138
protein_0271,protein_0397,0.18072289156626506
protein_0271,protein_0398,0.13914095583787053
protein_0271,protein_0399,0.16091954022988506
protein_0278,protein_0001,0.15555555555555556
protein_0278,protein_0002,0.17894736842105263
protein_0278,protein_0003,0.2736842105263158
protein_0278,protein_0004,0.26666666666666666
protein_0278,protein_0005,0.15217391304347827
protein_0278,protein_0006,0.35555555555555557
protein_0278,protein_0007,0.15789473684210525
protein_0278,protein_0008,0.1262135922330097
protein_0278,protein_0010,0.28888888888888886
protein_0278,protein_0011,0.31868131868131866
protein_0278,protein_0012,0.35555555555555557
protein_0278,protein_0013,0.14285714285714285
protein_0278,protein_0014,0.1308411214953271
protein_0278,protein_0016,0.1188118811881188
protein_0278,protein_0017,0.12307692307692308
protein_0278,protein_0018,0.25555555555555554
protein_0278,protein_0019,0.16666666666666666
protein_0278,protein_0020,0.2111111111111111
protein_0278,protein_0021,0.17204301075268819
protein_0278,protein_0022,0.15306122448979592
protein_0278,protein_0023,0.1134020618556701
protein_0278,protein_0024,0.11023622047244094
protein_0278,protein_0025,0.2
protein_0278,protein_0026,0.18604651162790697
protein_0278,protein_0027,0.18181818181818182
protein_0278,protein_0028,0.12844036697247707
protein_0278,protein_0029,0.16666666666666666
protein_0278,protein_0030,0.16535433070866143
protein_0278,protein_0031,0.12
protein_0278,protein_0032,0.24731182795698925
protein_0278,protein_0034,0.28888888888888886
protein_0278,protein_0035,0.10679611650485436
protein_0278,protein_0036,0.15217391304347827
protein_0278,protein_0037,0.2111111111111111
protein_0278,protein_0038,0.2111111111111111
protein_0278,protein_0039,0.25555555555555554
protein_0278,protein_0040,0.11578947368421053
protein_0278,protein_0041,0.2777777777777778
protein_0278,protein_0043,0.25555555555555554
protein_0278,protein_0044,0.24444444444444444
protein_0278,protein_0045,0.2777777777777778
protein_0278,protein_0046,0.15217391304347827
protein_0278,protein_0047,0.2903225806451613
protein_0278,protein_0048,0.3118279569892473
protein_0278,protein_0049,0.3333333333333333
protein_0278,protein_0050,0.10891089108910891
protein_0278,protein_0051,0.15555555555555556
protein_0278,protein_0052,0.2777777777777778
protein_0278,protein_0053,0.25555555555555554
protein_0278,protein_0054,0.13821138211382114
protein_0278,protein_0055,0.0975609756097561
protein_0278,protein_0058,0.15555555555555556
protein_0278,protein_0059,0.24444444444444444
protein_0278,protein_0060,0.1717171717171717
protein_0278,protein_0061,0.21
protein_0278,protein_0062,0.26881720430107525
protein_0278,protein_0063,0.09859154929577464
protein_0278,protein_0064,0.24175824175824176
protein_0278,protein_0065,0.13
protein_0278,protein_0066,0.18691588785046728
protein_0278,protein_0067,0.3111111111111111
protein_0278,protein_0068,0.24444444444444444
protein_0278,protein_0069,0.35555555555555557
protein_0278,protein_0070,0.2111111111111111
protein_0278,protein_0071,0.2857142857142857
protein_0278,protein_0073,0.25555555555555554
protein_0278,protein_0074,0.14563106796116504
protein_0278,protein_0075,0.11224489795918367
protein_0278,protein_0076,0.20430107526881722
protein_0278,protein_0078,0.16822429906542055
protein_0278,protein_0079,0.16822429906542055
protein_0278,protein_0080,0.2967032967032967
protein_0278,protein_0081,0.3010752688172043
protein_0278,protein_0082,0.1588785046728972
protein_0278,protein_0083,0.26666666666666666
protein_0278,protein_0085,0.0970873786407767
protein_0278,protein_0086,0.10679611650485436
protein_0278,protein_0087,0.15053763440860216
protein_0278,protein_0088,0.26666666666666666
protein_0278,protein_0089,0.12727272727272726
protein_0278,protein_0090,0.14545454545454545
protein_0278,protein_0091,0.17355371900826447
protein_0278,protein_0092,0.17355371900826447
protein_0278,protein_0095,0.13636363636363635
protein_0278,protein_0096,0.17
protein_0278,protein_0097,0.29347826086956524
protein_0278,protein_0098,0.27472527472527475
protein_0278,protein_0099,0.1592920353982301
protein_0278,protein_0100,0.16304347826086957
protein_0278,protein_0101,0.24444444444444444
protein_0278,protein_0102,0.27472527472527475
protein_0278,protein_0103,0.1956521739130435
protein_0278,protein_0105,0.14285714285714285
protein_0278,protein_0106,0.1810344827586207
protein_0278,protein_0107,0.26666666666666666
protein_0278,protein_0108,0.25274725274725274
protein_0278,protein_0109,0.16666666666666666
protein_0278,protein_0110,0.3516483516483517
protein_0278,protein_0111,0.18888888888888888
protein_0278,protein_0112,0.168141592920354
protein_0278,protein_0115,0.2111111111111111
protein_0278,protein_0117,0.19090909090909092
protein_0278,protein_0118,0.17582417582417584
protein_0278,protein_0119,0.1559633027522936
protein_0278,protein_0120,0.2222222222222222
protein_0278,protein_0121,0.2222222222222222
protein_0278,protein_0122,0.2222222222222222
protein_0278,protein_0123,0.13043478260869565
protein_0278,protein_0124,0.2222222222222222
protein_0278,protein_0125,0.1559633027522936
protein_0278,protein_0127,0.26666666666666666
protein_0278,protein_0128,0.2222222222222222
protein_0278,protein_0129,0.24444444444444444
protein_0278,protein_0130,0.15315315315315314
protein_0278,protein_0131,0.1111111111111111
protein_0278,protein_0133,0.21238938053097345
protein_0278,protein_0134,0.26373626373626374
protein_0278,protein_0135,0.2222222222222222
protein_0278,protein_0136,0.09166666666666666
protein_0278,protein_0137,0.09090909090909091
protein_0278,protein_0138,0.09090909090909091
protein_0278,protein_0139,0.15053763440860216
protein_0278,protein_0140,0.3
protein_0278,protein_0142,0.391304347826087
protein_0278,protein_0143,0.25806451612903225
protein_0278,protein_0144,0.24444444444444444
protein_0278,protein_0145,0.1368421052631579
protein_0278,protein_0146,0.14444444444444443
protein_0278,protein_0147,0.28888888888888886
protein_0278,protein_0148,0.26373626373626374
protein_0278,protein_0149,0.17391304347826086
protein_0278,protein_0150,0.23333333333333334
protein_0278,protein_0151,0.20430107526881722
protein_0278,protein_0152,0.14285714285714285
protein_0278,protein_0153,0.17777777777777778
protein_0278,protein_0154,0.17708333333333334
protein_0278,protein_0155,0.14049586776859505
protein_0278,protein_0156,0.12727272727272726
protein_0278,protein_0157,0.17525773195876287
protein_0278,protein_0159,0.23333333333333334
protein_0278,protein_0160,0.24731182795698925
protein_0278,protein_0161,0.1322314049586777
protein_0278,protein_0162,0.25
protein_0278,protein_0163,0.1262135922330097
protein_0278,protein_0164,0.18888888888888888
protein_0278,protein_0165,0.16304347826086957
protein_0278,protein_0166,0.2
protein_0278,protein_0167,0.18487394957983194
protein_0278,protein_0168,0.1896551724137931
protein_0278,protein_0169,0.12056737588652482
protein_0278,protein_0170,0.18888888888888888
protein_0278,protein_0171,0.23333333333333334
protein_0278,protein_0172,0.15267175572519084
protein_0278,protein_0173,0.2111111111111111
protein_0278,protein_0174,0.22580645161290322
protein_0278,protein_0175,0.21739130434782608
protein_0278,protein_0176,0.14444444444444443
protein_0278,protein_0177,0.14444444444444443
protein_0278,protein_0178,0.09734513274336283
protein_0278,protein_0179,0.125
protein_0278,protein_0180,0.2222222222222222
protein_0278,protein_0181,0.3
protein_0278,protein_0182,0.2608695652173913
protein_0278,protein_0183,0.13675213675213677
protein_0278,protein_0184,0.2222222222222222
protein_0278,protein_0185,0.18095238095238095
protein_0278,protein_0186,0.15126050420168066
protein_0278,protein_0187,0.21428571428571427
protein_0278,protein_0188,0.14130434782608695
protein_0278,protein_0189,0.24444444444444444
protein_0278,protein_0190,0.3111111111111111
protein_0278,protein_0191,0.28888888888888886
protein_0278,protein_0192,0.2608695652173913
protein_0278,protein_0194,0.2111111111111111
protein_0278,protein_0195,0.28888888888888886
protein_0278,protein_0196,0.28888888888888886
protein_0278,protein_0197,0.34065934065934067
protein_0278,protein_0198,0.26666666666666666
protein_0278,protein_0199,0.19148936170212766
protein_0278,protein_0200,0.31868131868131866
protein_0278,protein_0201,0.1320754716981132
protein_0278,protein_0202,0.25555555555555554
protein_0278,protein_0203,0.16666666666666666
protein_0278,protein_0204,0.19
protein_0278,protein_0205,0.09905660377358491
protein_0278,protein_0206,0.3516483516483517
protein_0278,protein_0207,0.11904761904761904
protein_0278,protein_0208,0.13043478260869565
protein_0278,protein_0211,0.1574074074074074
protein_0278,protein_0212,0.14893617021276595
protein_0278,protein_0213,0.25555555555555554
protein_0278,protein_0214,0.05555555555555555
protein_0278,protein_0215,0.16304347826086957
protein_0278,protein_0216,0.11578947368421053
protein_0278,protein_0217,0.14736842105263157
protein_0278,protein_0218,0.2
protein_0278,protein_0219,0.14492753623188406
protein_0278,protein_0220,0.21978021978021978
protein_0278,protein_0221,0.08791208791208792
protein_0278,protein_0222,0.34444444444444444
protein_0278,protein_0223,0.16304347826086957
protein_0278,protein_0224,0.17204301075268819
protein_0278,protein_0226,0.1509433962264151
protein_0278,protein_0227,0.16666666666666666
protein_0278,protein_0228,0.21649484536082475
protein_0278,protein_0229,0.16666666666666666
protein_0278,protein_0230,0.1875
protein_0278,protein_0233,0.15748031496062992
protein_0278,protein_0234,0.1826086956521739
protein_0278,protein_0235,0.14953271028037382
protein_0278,protein_0236,0.3
protein_0278,protein_0237,0.3
protein_0278,protein_0238,0.1267605633802817
protein_0278,protein_0239,0.2111111111111111
protein_0278,protein_0240,0.2111111111111111
protein_0278,protein_0241,0.18888888888888888
protein_0278,protein_0242,0.15555555555555556
protein_0278,protein_0243,0.2
protein_0278,protein_0244,0.22580645161290322
protein_0278,protein_0245,0.11965811965811966
protein_0278,protein_0246,0.1782178217821782
protein_0278,protein_0247,0.15555555555555556
protein_0278,protein_0248,0.23711340206185566
protein_0278,protein_0249,0.25
protein_0278,protein_0250,0.16981132075471697
protein_0278,protein_0251,0.13861386138613863
protein_0278,protein_0252,0.16326530612244897
protein_0278,protein_0253,0.1415929203539823
protein_0278,protein_0254,0.18085106382978725
protein_0278,protein_0255,0.11695906432748537
protein_0278,protein_0256,0.10476190476190476
protein_0278,protein_0257,0.09523809523809523
protein_0278,protein_0258,0.2777777777777778
protein_0278,protein_0259,0.2111111111111111
protein_0278,protein_0260,0.2111111111111111
protein_0278,protein_0263,0.15328467153284672
protein_0278,protein_0264,0.2717391304347826
protein_0278,protein_0265,0.2717391304347826
protein_0278,protein_0267,0.17777777777777778
protein_0278,protein_0268,0.13861386138613863
protein_0278,protein_0269,0.12931034482758622
protein_0278,protein_0270,0.13541666666666666
protein_0278,protein_0272,0.3225806451612903
protein_0278,protein_0273,0.3010752688172043
protein_0278,protein_0274,0.24210526315789474
protein_0278,protein_0275,0.13131313131313133
protein_0278,protein_0276,0.27472527472527475
protein_0278,protein_0277,0.16483516483516483
protein_0278,protein_0279,0.2111111111111111
protein_0278,protein_0281,0.1694915254237288
protein_0278,protein_0282,0.11458333333333333
protein_0278,protein_0283,0.09174311926605505
protein_0278,protein_0284,0.23333333333333334
protein_0278,protein_0285,0.28888888888888886
protein_0278,protein_0286,0.16304347826086957
protein_0278,protein_0287,0.16216216216216217
protein_0278,protein_0288,0.18888888888888888
protein_0278,protein_0289,0.1368421052631579
protein_0278,protein_0290,0.12380952380952381
protein_0278,protein_0291,0.16666666666666666
protein_0278,protein_0292,0.15053763440860216
protein_0278,protein_0293,0.19148936170212766
protein_0278,protein_0294,0.16666666666666666
protein_0278,protein_0295,0.15384615384615385
protein_0278,protein_0296,0.14166666666666666
protein_0278,protein_0297,0.14432989690721648
protein_0278,protein_0298,0.13829787234042554
protein_0278,protein_0299,0.14285714285714285
protein_0278,protein_0300,0.1414141414141414
protein_0278,protein_0301,0.15151515151515152
protein_0278,protein_0302,0.07929515418502203
protein_0278,protein_0303,0.23076923076923078
protein_0278,protein_0304,0.14893617021276595
protein_0278,protein_0305,0.14736842105263157
protein_0278,protein_0306,0.0975609756097561
protein_0278,protein_0307,0.0967741935483871
protein_0278,protein_0308,0.1391304347826087
protein_0278,protein_0309,0.1941747572815534
protein_0278,protein_0310,0.17543859649122806
protein_0278,protein_0311,0.24444444444444444
protein_0278,protein_0312,0.28888888888888886
protein_0278,protein_0313,0.20833333333333334
protein_0278,protein_0314,0.125
protein_0278,protein_0315,0.11475409836065574
protein_0278,protein_0316,0.16483516483516483
protein_0278,protein_0317,0.13861386138613863
protein_0278,protein_0318,0.1896551724137931
protein_0278,protein_0319,0.32222222222222224
protein_0278,protein_0320,0.2391304347826087
protein_0278,protein_0321,0.22448979591836735
protein_0278,protein_0322,0.2
protein_0278,protein_0323,0.26666666666666666
protein_0278,protein_0324,0.1485148514851485
protein_0278,protein_0325,0.16393442622950818
protein_0278,protein_0326,0.11458333333333333
protein_0278,protein_0327,0.17777777777777778
protein_0278,protein_0328,0.1440677966101695
protein_0278,protein_0330,0.36666666666666664
protein_0278,protein_0331,0.17777777777777778
protein_0278,protein_0332,0.24444444444444444
protein_0278,protein_0333,0.2222222222222222
protein_0278,protein_0334,0.18867924528301888
protein_0278,protein_0335,0.1782178217821782
protein_0278,protein_0336,0.17391304347826086
protein_0278,protein_0337,0.30851063829787234
protein_0278,protein_0338,0.25555555555555554
protein_0278,protein_0339,0.14285714285714285
protein_0278,protein_0340,0.1388888888888889
protein_0278,protein_0341,0.24074074074074073
protein_0278,protein_0343,0.16666666666666666
protein_0278,protein_0344,0.3076923076923077
protein_0278,protein_0345,0.125
protein_0278,protein_0346,0.125
protein_0278,protein_0347,0.16666666666666666
protein_0278,protein_0348,0.15037593984962405
protein_0278,protein_0349,0.16981132075471697
protein_0278,protein_0350,0.3076923076923077
protein_0278,protein_0351,0.27472527472527475
protein_0278,protein_0352,0.15217391304347827
protein_0278,protein_0353,0.18487394957983194
protein_0278,protein_0354,0.18888888888888888
protein_0278,protein_0355,0.3
protein_0278,protein_0356,0.14130434782608695
protein_0278,protein_0357,0.14960629921259844
protein_0278,protein_0358,0.2967032967032967
protein_0278,protein_0359,0.12903225806451613
protein_0278,protein_0360,0.2
protein_0278,protein_0362,0.26373626373626374
protein_0278,protein_0363,0.26373626373626374
protein_0278,protein_0364,0.25274725274725274
protein_0278,protein_0365,0.25274725274725274
protein_0278,protein_0366,0.24175824175824176
protein_0278,protein_0367,0.17857142857142858
protein_0278,protein_0368,0.14285714285714285
protein_0278,protein_0369,0.17307692307692307
protein_0278,protein_0370,0.3076923076923077
protein_0278,protein_0371,0.28888888888888886
protein_0278,protein_0372,0.09174311926605505
protein_0278,protein_0373,0.1346153846153846
protein_0278,protein_0374,0.16541353383458646
protein_0278,protein_0375,0.2777777777777778
protein_0278,protein_0377,0.24175824175824176
protein_0278,protein_0378,0.14678899082568808
protein_0278,protein_0379,0.15841584158415842
protein_0278,protein_0380,0.15841584158415842
protein_0278,protein_0381,0.15841584158415842
protein_0278,protein_0382,0.2
protein_0278,protein_0383,0.15625
protein_0278,protein_0384,0.31868131868131866
protein_0278,protein_0386,0.1111111111111111
protein_0278,protein_0387,0.1485148514851485
protein_0278,protein_0388,0.16483516483516483
protein_0278,protein_0389,0.10752688172043011
protein_0278,protein_0390,0.3111111111111111
protein_0278,protein_0392,0.2
protein_0278,protein_0393,0.2
protein_0278,protein_0394,0.13559322033898305
protein_0278,protein_0397,0.2
protein_0278,protein_0398,0.1810344827586207
protein_0278,protein_0399,0.2755102040816326
protein_0280,protein_0001,0.14814814814814814
protein_0280,protein_0002,0.16304347826086957
protein_0280,protein_0003,0.2988505747126437
protein_0280,protein_0004,0.28735632183908044
protein_0280,protein_0005,0.2222222222222222
protein_0280,protein_0006,0.29213483146067415
protein_0280,protein_0007,0.21686746987951808
protein_0280,protein_0008,0.10101010101010101
protein_0280,protein_0010,0.27586206896551724
protein_0280,protein_0011,0.28735632183908044
protein_0280,protein_0012,0.27586206896551724
protein_0280,protein_0013,0.1724137931034483
protein_0280,protein_0014,0.1875
protein_0280,protein_0016,0.14705882352941177
protein_0280,protein_0017,0.12213740458015267
protein_0280,protein_0018,0.26436781609195403
protein_0280,protein_0019,0.18292682926829268
protein_0280,protein_0020,0.3218390804597701
protein_0280,protein_0021,0.08536585365853659
protein_0280,protein_0022,0.15625
protein_0280,protein_0023,0.1650485436893204
protein_0280,protein_0024,0.1487603305785124
protein_0280,protein_0025,0.3448275862068966
protein_0280,protein_0026,0.10852713178294573
protein_0280,protein_0027,0.15053763440860216
protein_0280,protein_0028,0.14814814814814814
protein_0280,protein_0029,0.13580246913580246
protein_0280,protein_0030,0.14754098360655737
protein_0280,protein_0031,0.1262135922330097
protein_0280,protein_0032,0.27586206896551724
protein_0280,protein_0034,0.27586206896551724
protein_0280,protein_0035,0.1717171717171717
protein_0280,protein_0036,0.17073170731707318
protein_0280,protein_0037,0.2159090909090909
protein_0280,protein_0038,0.2159090909090909
protein_0280,protein_0039,0.1724137931034483
protein_0280,protein_0040,0.15294117647058825
protein_0280,protein_0041,0.28735632183908044
protein_0280,protein_0043,0.20689655172413793
protein_0280,protein_0044,0.20689655172413793
protein_0280,protein_0045,0.26436781609195403
protein_0280,protein_0046,0.20481927710843373
protein_0280,protein_0047,0.2696629213483146
protein_0280,protein_0048,0.29213483146067415
protein_0280,protein_0049,0.26436781609195403
protein_0280,protein_0050,0.18181818181818182
protein_0280,protein_0051,0.16049382716049382
protein_0280,protein_0052,0.26136363636363635
protein_0280,protein_0053,0.3448275862068966
protein_0280,protein_0054,0.15254237288135594
protein_0280,protein_0055,0.1623931623931624
protein_0280,protein_0058,0.15294117647058825
protein_0280,protein_0059,0.21839080459770116
protein_0280,protein_0060,0.1111111111111111
protein_0280,protein_0061,0.22826086956521738
protein_0280,protein_0062,0.3103448275862069
protein_0280,protein_0063,0.09345794392523364
protein_0280,protein_0064,0.4367816091954023
protein_0280,protein_0065,0.15
protein_0280,protein_0066,0.12612612612612611
protein_0280,protein_0067,0.3103448275862069
protein_0280,protein_0068,0.26436781609195403
protein_0280,protein_0069,0.22988505747126436
protein_0280,protein_0070,0.20689655172413793
protein_0280,protein_0071,0.2988505747126437
protein_0280,protein_0073,0.25555555555555554
protein_0280,protein_0074,0.18478260869565216
protein_0280,protein_0075,0.11320754716981132
protein_0280,protein_0076,0.1111111111111111
protein_0280,protein_0078,0.07407407407407407
protein_0280,protein_0079,0.07407407407407407
protein_0280,protein_0080,0.3103448275862069
protein_0280,protein_0081,0.2988505747126437
protein_0280,protein_0082,0.2
protein_0280,protein_0083,0.27586206896551724
protein_0280,protein_0085,0.20869565217391303
protein_0280,protein_0086,0.2
protein_0280,protein_0087,0.14814814814814814
protein_0280,protein_0088,0.26436781609195403
protein_0280,protein_0089,0.0847457627118644
protein_0280,protein_0090,0.0847457627118644
protein_0280,protein_0091,0.14782608695652175
protein_0280,protein_0092,0.14782608695652175
protein_0280,protein_0095,0.09649122807017543
protein_0280,protein_0096,0.18181818181818182
protein_0280,protein_0097,0.3103448275862069
protein_0280,protein_0098,0.24175824175824176
protein_0280,protein_0099,0.08411214953271028
protein_0280,protein_0100,0.18888888888888888
protein_0280,protein_0101,0.25555555555555554
protein_0280,protein_0102,0.26136363636363635
protein_0280,protein_0103,0.17777777777777778
protein_0280,protein_0105,0.1348314606741573
protein_0280,protein_0106,0.15315315315315314
protein_0280,protein_0107,0.28735632183908044
protein_0280,protein_0108,0.22988505747126436
protein_0280,protein_0109,0.1511627906976744
protein_0280,protein_0110,0.26436781609195403
protein_0280,protein_0111,0.22988505747126436
protein_0280,protein_0112,0.18269230769230768
protein_0280,protein_0115,0.7682926829268293
protein_0280,protein_0117,0.1826086956521739
protein_0280,protein_0118,0.1728395061728395
protein_0280,protein_0119,0.15315315315315314
protein_0280,protein_0120,0.3103448275862069
protein_0280,protein_0121,0.3103448275862069
protein_0280,protein_0122,0.2159090909090909
protein_0280,protein_0123,0.16049382716049382
protein_0280,protein_0124,0.3218390804597701
protein_0280,protein_0125,0.16326530612244897
protein_0280,protein_0127,0.27586206896551724
protein_0280,protein_0128,0.3563218390804598
protein_0280,protein_0129,0.1839080459770115
protein_0280,protein_0130,0.09090909090909091
protein_0280,protein_0131,0.16279069767441862
protein_0280,protein_0133,0.1792452830188679
protein_0280,protein_0134,0.3448275862068966
protein_0280,protein_0135,0.4457831325301205
protein_0280,protein_0136,0.15126050420168066
protein_0280,protein_0137,0.14166666666666666
protein_0280,protein_0138,0.14166666666666666
protein_0280,protein_0139,0.16470588235294117
protein_0280,protein_0140,0.28735632183908044
protein_0280,protein_0142,0.3
protein_0280,protein_0143,0.27586206896551724
protein_0280,protein_0144,0.27586206896551724
protein_0280,protein_0145,0.13580246913580246
protein_0280,protein_0146,0.09876543209876543
protein_0280,protein_0147,0.27586206896551724
protein_0280,protein_0148,0.25842696629213485
protein_0280,protein_0149,0.17073170731707318
protein_0280,protein_0150,0.3181818181818182
protein_0280,protein_0151,0.24731182795698925
protein_0280,protein_0152,0.17045454545454544
protein_0280,protein_0153,0.1744186046511628
protein_0280,protein_0154,0.2111111111111111
protein_0280,protein_0155,0.15254237288135594
protein_0280,protein_0156,0.12149532710280374
protein_0280,protein_0157,0.14942528735632185
protein_0280,protein_0159,0.22988505747126436
protein_0280,protein_0160,0.37362637362637363
protein_0280,protein_0161,0.1440677966101695
protein_0280,protein_0162,0.43209876543209874
protein_0280,protein_0163,0.1485148514851485
protein_0280,protein_0164,0.42528735632183906
protein_0280,protein_0165,0.13953488372093023
protein_0280,protein_0166,0.41379310344827586
protein_0280,protein_0167,0.14035087719298245
protein_0280,protein_0168,0.15789473684210525
protein_0280,protein_0169,0.12295081967213115
protein_0280,protein_0170,0.36585365853658536
protein_0280,protein_0171,0.25287356321839083
protein_0280,protein_0172,0.13445378151260504
protein_0280,protein_0173,0.3218390804597701
protein_0280,protein_0174,0.4044943820224719
protein_0280,protein_0175,0.3522727272727273
protein_0280,protein_0176,0.14634146341463414
protein_0280,protein_0177,0.1728395061728395
protein_0280,protein_0178,0.1206896551724138
protein_0280,protein_0179,0.12931034482758622
protein_0280,protein_0180,0.2413793103448276
protein_0280,protein_0181,0.2988505747126437
protein_0280,protein_0182,0.367816091954023
protein_0280,protein_0183,0.1553398058252427
protein_0280,protein_0184,0.3448275862068966
protein_0280,protein_0185,0.17
protein_0280,protein_0186,0.13592233009708737
protein_0280,protein_0187,0.3563218390804598
protein_0280,protein_0188,0.2
protein_0280,protein_0189,0.2696629213483146
protein_0280,protein_0190,0.28735632183908044
protein_0280,protein_0191,0.28735632183908044
protein_0280,protein_0192,0.4642857142857143
protein_0280,protein_0194,0.20689655172413793
protein_0280,protein_0195,0.30337078651685395
protein_0280,protein_0196,0.2413793103448276
protein_0280,protein_0197,0.28735632183908044
protein_0280,protein_0198,0.3181818181818182
protein_0280,protein_0199,0.2391304347826087
protein_0280,protein_0200,0.25287356321839083
protein_0280,protein_0201,0.1782178217821782
protein_0280,protein_0202,0.26436781609195403
protein_0280,protein_0203,0.15966386554621848
protein_0280,protein_0204,0.19753086419753085
protein_0280,protein_0205,0.08490566037735849
protein_0280,protein_0206,0.27586206896551724
protein_0280,protein_0207,0.1557377049180328
protein_0280,protein_0208,0.1504424778761062
protein_0280,protein_0211,0.12871287128712872
protein_0280,protein_0212,0.09876543209876543
protein_0280,protein_0213,0.27586206896551724
protein_0280,protein_0214,0.10843373493975904
protein_0280,protein_0215,0.1411764705882353
protein_0280,protein_0216,0.13541666666666666
protein_0280,protein_0217,0.14942528735632185
protein_0280,protein_0218,0.12598425196850394
protein_0280,protein_0219,0.14634146341463414
protein_0280,protein_0220,0.4482758620689655
protein_0280,protein_0221,0.18518518518518517
protein_0280,protein_0222,0.2808988764044944
protein_0280,protein_0223,0.09876543209876543
protein_0280,protein_0224,0.14942528735632185
protein_0280,protein_0226,0.15555555555555556
protein_0280,protein_0227,0.18518518518518517
protein_0280,protein_0228,0.18478260869565216
protein_0280,protein_0229,0.19607843137254902
protein_0280,protein_0230,0.23076923076923078
protein_0280,protein_0233,0.12213740458015267
protein_0280,protein_0234,0.17757009345794392
protein_0280,protein_0235,0.14634146341463414
protein_0280,protein_0236,0.26436781609195403
protein_0280,protein_0237,0.26436781609195403
protein_0280,protein_0238,0.14814814814814814
protein_0280,protein_0239,0.367816091954023
protein_0280,protein_0240,0.3448275862068966
protein_0280,protein_0241,0.3448275862068966
protein_0280,protein_0242,0.18518518518518517
protein_0280,protein_0243,0.38636363636363635
protein_0280,protein_0244,0.14772727272727273
protein_0280,protein_0245,0.16666666666666666
protein_0280,protein_0246,0.18681318681318682
protein_0280,protein_0247,0.1978021978021978
protein_0280,protein_0248,0.39080459770114945
protein_0280,protein_0249,0.3888888888888889
protein_0280,protein_0250,0.1728395061728395
protein_0280,protein_0251,0.21978021978021978
protein_0280,protein_0252,0.18681318681318682
protein_0280,protein_0253,0.20353982300884957
protein_0280,protein_0254,0.1978021978021978
protein_0280,protein_0255,0.13450292397660818
protein_0280,protein_0256,0.1414141414141414
protein_0280,protein_0257,0.16
protein_0280,protein_0258,0.26436781609195403
protein_0280,protein_0259,0.14814814814814814
protein_0280,protein_0260,0.14814814814814814
protein_0280,protein_0263,0.17647058823529413
protein_0280,protein_0264,0.29213483146067415
protein_0280,protein_0265,0.29213483146067415
protein_0280,protein_0267,0.1724137931034483
protein_0280,protein_0268,0.17647058823529413
protein_0280,protein_0269,0.10256410256410256
protein_0280,protein_0270,0.17857142857142858
protein_0280,protein_0272,0.26436781609195403
protein_0280,protein_0273,0.27586206896551724
protein_0280,protein_0274,0.2608695652173913
protein_0280,protein_0275,0.1717171717171717
protein_0280,protein_0276,0.26436781609195403
protein_0280,protein_0277,0.13580246913580246
protein_0280,protein_0279,0.7647058823529411
protein_0280,protein_0281,0.09734513274336283
protein_0280,protein_0282,0.13253012048192772
protein_0280,protein_0283,0.09174311926605505
protein_0280,protein_0284,0.19540229885057472
protein_0280,protein_0285,0.2413793103448276
protein_0280,protein_0286,0.17777777777777778
protein_0280,protein_0287,0.19642857142857142
protein_0280,protein_0288,0.4444444444444444
protein_0280,protein_0289,0.14285714285714285
protein_0280,protein_0290,0.14705882352941177
protein_0280,protein_0291,0.19753086419753085
protein_0280,protein_0292,0.19753086419753085
protein_0280,protein_0293,0.21348314606741572
protein_0280,protein_0294,0.19753086419753085
protein_0280,protein_0295,0.13414634146341464
protein_0280,protein_0296,0.17699115044247787
protein_0280,protein_0297,0.18292682926829268
protein_0280,protein_0298,0.1728395061728395
protein_0280,protein_0299,0.17582417582417584
protein_0280,protein_0300,0.23333333333333334
protein_0280,protein_0301,0.23333333333333334
protein_0280,protein_0302,0.1152073732718894
protein_0280,protein_0303,0.20987654320987653
protein_0280,protein_0304,0.13414634146341464
protein_0280,protein_0305,0.14814814814814814
protein_0280,protein_0306,0.1623931623931624
protein_0280,protein_0307,0.15254237288135594
protein_0280,protein_0308,0.1864406779661017
protein_0280,protein_0309,0.17204301075268819
protein_0280,protein_0310,0.20388349514563106
protein_0280,protein_0311,0.3333333333333333
protein_0280,protein_0312,0.3218390804597701
protein_0280,protein_0313,0.2413793103448276
protein_0280,protein_0314,0.1346153846153846
protein_0280,protein_0315,0.136
protein_0280,protein_0316,0.1411764705882353
protein_0280,protein_0317,0.10344827586206896
protein_0280,protein_0318,0.13274336283185842
protein_0280,protein_0319,0.27586206896551724
protein_0280,protein_0320,0.3888888888888889
protein_0280,protein_0321,0.20454545454545456
protein_0280,protein_0322,0.7108433734939759
protein_0280,protein_0323,0.21839080459770116
protein_0280,protein_0324,0.14432989690721648
protein_0280,protein_0325,0.14166666666666666
protein_0280,protein_0326,0.15625
protein_0280,protein_0327,0.29545454545454547
protein_0280,protein_0328,0.10714285714285714
protein_0280,protein_0330,0.2967032967032967
protein_0280,protein_0331,0.12359550561797752
protein_0280,protein_0332,0.22988505747126436
protein_0280,protein_0333,0.26136363636363635
protein_0280,protein_0334,0.23333333333333334
protein_0280,protein_0335,0.11607142857142858
protein_0280,protein_0336,0.18292682926829268
protein_0280,protein_0337,0.25
protein_0280,protein_0338,0.3333333333333333
protein_0280,protein_0339,0.1951219512195122
protein_0280,protein_0340,0.14285714285714285
protein_0280,protein_0341,0.17647058823529413
protein_0280,protein_0343,0.1511627906976744
protein_0280,protein_0344,0.3333333333333333
protein_0280,protein_0345,0.125
protein_0280,protein_0346,0.125
protein_0280,protein_0347,0.19753086419753085
protein_0280,protein_0348,0.1652892561983471
protein_0280,protein_0349,0.16346153846153846
protein_0280,protein_0350,0.3333333333333333
protein_0280,protein_0351,0.2413793103448276
protein_0280,protein_0352,0.18518518518518517
protein_0280,protein_0353,0.15454545454545454
protein_0280,protein_0354,0.21839080459770116
protein_0280,protein_0355,0.23863636363636365
protein_0280,protein_0356,0.1728395061728395
protein_0280,protein_0357,0.10833333333333334
protein_0280,protein_0358,0.3218390804597701
protein_0280,protein_0359,0.11851851851851852
protein_0280,protein_0360,0.3448275862068966
protein_0280,protein_0362,0.23863636363636365
protein_0280,protein_0363,0.23863636363636365
protein_0280,protein_0364,0.25
protein_0280,protein_0365,0.21839080459770116
protein_0280,protein_0366,0.20689655172413793
protein_0280,protein_0367,0.14563106796116504
protein_0280,protein_0368,0.2159090909090909
protein_0280,protein_0369,0.14942528735632185
protein_0280,protein_0370,0.3333333333333333
protein_0280,protein_0371,0.2840909090909091
protein_0280,protein_0372,0.091324200913242
protein_0280,protein_0373,0.18269230769230768
protein_0280,protein_0374,0.14285714285714285
protein_0280,protein_0375,0.3103448275862069
protein_0280,protein_0377,0.4482758620689655
protein_0280,protein_0378,0.1388888888888889
protein_0280,protein_0379,0.18947368421052632
protein_0280,protein_0380,0.18947368421052632
protein_0280,protein_0381,0.18947368421052632
protein_0280,protein_0382,0.26373626373626374
protein_0280,protein_0383,0.17073170731707318
protein_0280,protein_0384,0.27586206896551724
protein_0280,protein_0386,0.1509433962264151
protein_0280,protein_0387,0.14285714285714285
protein_0280,protein_0388,0.12643678160919541
protein_0280,protein_0389,0.08333333333333333
protein_0280,protein_0390,0.2988505747126437
protein_0280,protein_0392,0.38636363636363635
protein_0280,protein_0393,0.36363636363636365
protein_0280,protein_0394,0.18421052631578946
protein_0280,protein_0397,0.43373493975903615
protein_0280,protein_0398,0.1592920353982301
protein_0280,protein_0399,0.27586206896551724
protein_0329,protein_0001,0.14814814814814814
protein_0329,protein_0002,0.16071428571428573
protein_0329,protein_0003,0.16260162601626016
protein_0329,protein_0004,0.15454545454545454
protein_0329,protein_0005,0.11009174311926606
protein_0329,protein_0006,0.1504424778761062
protein_0329,protein_0007,0.1574074074074074
protein_0329,protein_0008,0.10909090909090909
protein_0329,protein_0010,0.1724137931034483
protein_0329,protein_0011,0.16666666666666666
protein_0329,protein_0012,0.17355371900826447
protein_0329,protein_0013,0.1574074074074074
protein_0329,protein_0014,0.19008264462809918
protein_0329,protein_0016,0.1487603305785124
protein_0329,protein_0017,0.1328125
protein_0329,protein_0018,0.10909090909090909
protein_0329,protein_0019,0.15315315315315314
protein_0329,protein_0020,0.1743119266055046
protein_0329,protein_0021,0.1574074074074074
protein_0329,protein_0022,0.14414414414414414
protein_0329,protein_0023,0.14814814814814814
protein_0329,protein_0024,0.16129032258064516
protein_0329,protein_0025,0.12
protein_0329,protein_0026,0.1347517730496454
protein_0329,protein_0027,0.15454545454545454
protein_0329,protein_0028,0.1565217391304348
protein_0329,protein_0029,0.14814814814814814
protein_0329,protein_0030,0.1935483870967742
protein_0329,protein_0031,0.13793103448275862
protein_0329,protein_0032,0.1743119266055046
protein_0329,protein_0034,0.15
protein_0329,protein_0035,0.1694915254237288
protein_0329,protein_0036,0.12962962962962962
protein_0329,protein_0037,0.1440677966101695
protein_0329,protein_0038,0.1440677966101695
protein_0329,protein_0039,0.1440677966101695
protein_0329,protein_0040,0.1574074074074074
protein_0329,protein_0041,0.20909090909090908
protein_0329,protein_0043,0.1388888888888889
protein_0329,protein_0044,0.14678899082568808
protein_0329,protein_0045,0.12280701754385964
protein_0329,protein_0046,0.1388888888888889
protein_0329,protein_0047,0.12931034482758622
protein_0329,protein_0048,0.1206896551724138
protein_0329,protein_0049,0.13274336283185842
protein_0329,protein_0050,0.19166666666666668
protein_0329,protein_0051,0.14814814814814814
protein_0329,protein_0052,0.1388888888888889
protein_0329,protein_0053,0.1111111111111111
protein_0329,protein_0054,0.14754098360655737
protein_0329,protein_0055,0.192
protein_0329,protein_0058,0.12037037037037036
protein_0329,protein_0059,0.1574074074074074
protein_0329,protein_0060,0.33035714285714285
protein_0329,protein_0061,0.15126050420168066
protein_0329,protein_0062,0.1440677966101695
protein_0329,protein_0063,0.1152073732718894
protein_0329,protein_0064,0.14285714285714285
protein_0329,protein_0065,0.11206896551724138
protein_0329,protein_0066,0.14814814814814814
protein_0329,protein_0067,0.1810344827586207
protein_0329,protein_0068,0.1388888888888889
protein_0329,protein_0069,0.12612612612612611
protein_0329,protein_0070,0.11607142857142858
protein_0329,protein_0071,0.14814814814814814
protein_0329,protein_0073,0.13559322033898305
protein_0329,protein_0074,0.1559633027522936
protein_0329,protein_0075,0.211864406779661
protein_0329,protein_0076,0.16666666666666666
protein_0329,protein_0078,0.3394495412844037
protein_0329,protein_0079,0.3394495412844037
protein_0329,protein_0080,0.1391304347826087
protein_0329,protein_0081,0.13043478260869565
protein_0329,protein_0082,0.13761467889908258
protein_0329,protein_0083,0.15
protein_0329,protein_0085,0.12037037037037036
protein_0329,protein_0086,0.12962962962962962
protein_0329,protein_0087,0.11009174311926606
protein_0329,protein_0088,0.14814814814814814
protein_0329,protein_0089,0.3247863247863248
protein_0329,protein_0090,0.3162393162393162
protein_0329,protein_0091,0.30434782608695654
protein_0329,protein_0092,0.30434782608695654
protein_0329,protein_0095,0.3185840707964602
protein_0329,protein_0096,0.14414414414414414
protein_0329,protein_0097,0.16521739130434782
protein_0329,protein_0098,0.09734513274336283
protein_0329,protein_0099,0.35714285714285715
protein_0329,protein_0100,0.16666666666666666
protein_0329,protein_0101,0.15254237288135594
protein_0329,protein_0102,0.1864406779661017
protein_0329,protein_0103,0.21621621621621623
protein_0329,protein_0105,0.10185185185185185
protein_0329,protein_0106,0.3305084745762712
protein_0329,protein_0107,0.18518518518518517
protein_0329,protein_0108,0.16101694915254236
protein_0329,protein_0109,0.11926605504587157
protein_0329,protein_0110,0.16071428571428573
protein_0329,protein_0111,0.12280701754385964
protein_0329,protein_0112,0.16666666666666666
protein_0329,protein_0115,0.15789473684210525
protein_0329,protein_0117,0.375
protein_0329,protein_0118,0.1574074074074074
protein_0329,protein_0119,0.1388888888888889
protein_0329,protein_0120,0.14414414414414414
protein_0329,protein_0121,0.14414414414414414
protein_0329,protein_0122,0.1440677966101695
protein_0329,protein_0123,0.12962962962962962
protein_0329,protein_0124,0.14414414414414414
protein_0329,protein_0125,0.15
protein_0329,protein_0127,0.1206896551724138
protein_0329,protein_0128,0.1388888888888889
protein_0329,protein_0129,0.13636363636363635
protein_0329,protein_0130,0.3333333333333333
protein_0329,protein_0131,0.11206896551724138
protein_0329,protein_0133,0.17391304347826086
protein_0329,protein_0134,0.1574074074074074
protein_0329,protein_0135,0.1271186440677966
protein_0329,protein_0136,0.16806722689075632
protein_0329,protein_0137,0.1623931623931624
protein_0329,protein_0138,0.1623931623931624
protein_0329,protein_0139,0.1574074074074074
protein_0329,protein_0140,0.1415929203539823
protein_0329,protein_0142,0.0990990990990991
protein_0329,protein_0143,0.1875
protein_0329,protein_0144,0.16964285714285715
protein_0329,protein_0145,0.15315315315315314
protein_0329,protein_0146,0.12037037037037036
protein_0329,protein_0147,0.13445378151260504
protein_0329,protein_0148,0.09923664122137404
protein_0329,protein_0149,0.13636363636363635
protein_0329,protein_0150,0.1574074074074074
protein_0329,protein_0151,0.19327731092436976
protein_0329,protein_0152,0.15702479338842976
protein_0329,protein_0153,0.1743119266055046
protein_0329,protein_0154,0.1743119266055046
protein_0329,protein_0155,0.12295081967213115
protein_0329,protein_0156,0.16260162601626016
protein_0329,protein_0157,0.1743119266055046
protein_0329,protein_0159,0.14655172413793102
protein_0329,protein_0160,0.14912280701754385
protein_0329,protein_0161,0.1271186440677966
protein_0329,protein_0162,0.15126050420168066
protein_0329,protein_0163,0.1574074074074074
protein_0329,protein_0164,0.16393442622950818
protein_0329,protein_0165,0.1743119266055046
protein_0329,protein_0166,0.16393442622950818
protein_0329,protein_0167,0.3482142857142857
protein_0329,protein_0168,0.3482142857142857
protein_0329,protein_0169,0.14960629921259844
protein_0329,protein_0170,0.12
protein_0329,protein_0171,0.14285714285714285
protein_0329,protein_0172,0.1693548387096774
protein_0329,protein_0173,0.11504424778761062
protein_0329,protein_0174,0.12612612612612611
protein_0329,protein_0175,0.14035087719298245
protein_0329,protein_0176,0.16363636363636364
protein_0329,protein_0177,0.12962962962962962
protein_0329,protein_0178,0.16666666666666666
protein_0329,protein_0179,0.15447154471544716
protein_0329,protein_0180,0.1810344827586207
protein_0329,protein_0181,0.17094017094017094
protein_0329,protein_0182,0.11607142857142858
protein_0329,protein_0183,0.16964285714285715
protein_0329,protein_0184,0.1415929203539823
protein_0329,protein_0185,0.12727272727272726
protein_0329,protein_0186,0.18421052631578946
protein_0329,protein_0187,0.1391304347826087
protein_0329,protein_0188,0.14285714285714285
protein_0329,protein_0189,0.12844036697247707
protein_0329,protein_0190,0.17355371900826447
protein_0329,protein_0191,0.15789473684210525
protein_0329,protein_0192,0.13274336283185842
protein_0329,protein_0194,0.10743801652892562
protein_0329,protein_0195,0.1452991452991453
protein_0329,protein_0196,0.1452991452991453
protein_0329,protein_0197,0.1391304347826087
protein_0329,protein_0198,0.12727272727272726
protein_0329,protein_0199,0.1794871794871795
protein_0329,protein_0200,0.13636363636363635
protein_0329,protein_0201,0.2018348623853211
protein_0329,protein_0202,0.17647058823529413
protein_0329,protein_0203,0.16260162601626016
protein_0329,protein_0204,0.1388888888888889
protein_0329,protein_0205,0.13615023474178403
protein_0329,protein_0206,0.17355371900826447
protein_0329,protein_0207,0.16666666666666666
protein_0329,protein_0208,0.15384615384615385
protein_0329,protein_0211,0.16666666666666666
protein_0329,protein_0212,0.12844036697247707
protein_0329,protein_0213,0.13157894736842105
protein_0329,protein_0214,0.1388888888888889
protein_0329,protein_0215,0.1574074074074074
protein_0329,protein_0216,0.1794871794871795
protein_0329,protein_0217,0.12844036697247707
protein_0329,protein_0218,0.17985611510791366
protein_0329,protein_0219,0.15
protein_0329,protein_0220,0.16806722689075632
protein_0329,protein_0221,0.10185185185185185
protein_0329,protein_0222,0.1565217391304348
protein_0329,protein_0223,0.09259259259259259
protein_0329,protein_0224,0.1574074074074074
protein_0329,protein_0226,0.19008264462809918
protein_0329,protein_0227,0.1559633027522936
protein_0329,protein_0228,0.17857142857142858
protein_0329,protein_0229,0.20535714285714285
protein_0329,protein_0230,0.1896551724137931
protein_0329,protein_0233,0.15
protein_0329,protein_0234,0.1504424778761062
protein_0329,protein_0235,0.19444444444444445
protein_0329,protein_0236,0.14864864864864866
protein_0329,protein_0237,0.14864864864864866
protein_0329,protein_0238,0.16891891891891891
protein_0329,protein_0239,0.09821428571428571
protein_0329,protein_0240,0.13274336283185842
protein_0329,protein_0241,0.136
protein_0329,protein_0242,0.1388888888888889
protein_0329,protein_0243,0.1
protein_0329,protein_0244,0.15178571428571427
protein_0329,protein_0245,0.13793103448275862
protein_0329,protein_0246,0.13513513513513514
protein_0329,protein_0247,0.18018018018018017
protein_0329,protein_0248,0.16521739130434782
protein_0329,protein_0249,0.14912280701754385
protein_0329,protein_0250,0.13636363636363635
protein_0329,protein_0251,0.14912280701754385
protein_0329,protein_0252,0.14035087719298245
protein_0329,protein_0253,0.1774193548387097
protein_0329,protein_0254,0.1415929203539823
protein_0329,protein_0255,0.13793103448275862
protein_0329,protein_0256,0.16521739130434782
protein_0329,protein_0257,0.1565217391304348
protein_0329,protein_0258,0.16071428571428573
protein_0329,protein_0259,0.12727272727272726
protein_0329,protein_0260,0.12727272727272726
protein_0329,protein_0263,0.14084507042253522
protein_0329,protein_0264,0.11504424778761062
protein_0329,protein_0265,0.11504424778761062
protein_0329,protein_0267,0.1875
protein_0329,protein_0268,0.19642857142857142
protein_0329,protein_0269,0.1440677966101695
protein_0329,protein_0270,0.1388888888888889
protein_0329,protein_0272,0.16025641025641027
protein_0329,protein_0273,0.17307692307692307
protein_0329,protein_0274,0.1623931623931624
protein_0329,protein_0275,0.16393442622950818
protein_0329,protein_0276,0.12389380530973451
protein_0329,protein_0277,0.1574074074074074
protein_0329,protein_0279,0.12962962962962962
protein_0329,protein_0281,0.39285714285714285
protein_0329,protein_0282,0.1111111111111111
protein_0329,protein_0283,0.13122171945701358
protein_0329,protein_0284,0.14655172413793102
protein_0329,protein_0285,0.16379310344827586
protein_0329,protein_0286,0.15254237288135594
protein_0329,protein_0287,0.16379310344827586
protein_0329,protein_0288,0.15966386554621848
protein_0329,protein_0289,0.1388888888888889
protein_0329,protein_0290,0.14678899082568808
protein_0329,protein_0291,0.16964285714285715
protein_0329,protein_0292,0.1559633027522936
protein_0329,protein_0293,0.18803418803418803
protein_0329,protein_0294,0.16964285714285715
protein_0329,protein_0295,0.1574074074074074
protein_0329,protein_0296,0.11666666666666667
protein_0329,protein_0297,0.1574074074074074
protein_0329,protein_0298,0.13793103448275862
protein_0329,protein_0299,0.20353982300884957
protein_0329,protein_0300,0.1574074074074074
protein_0329,protein_0301,0.15517241379310345
protein_0329,protein_0302,0.12903225806451613
protein_0329,protein_0303,0.1111111111111111
protein_0329,protein_0304,0.16071428571428573
protein_0329,protein_0305,0.1896551724137931
protein_0329,protein_0306,0.192
protein_0329,protein_0307,0.18699186991869918
protein_0329,protein_0308,0.12
protein_0329,protein_0309,0.14678899082568808
protein_0329,protein_0310,0.14655172413793102
protein_0329,protein_0311,0.1271186440677966
protein_0329,protein_0312,0.1724137931034483
protein_0329,protein_0313,0.14166666666666666
protein_0329,protein_0314,0.15517241379310345
protein_0329,protein_0315,0.1565217391304348
protein_0329,protein_0316,0.12962962962962962
protein_0329,protein_0317,0.15126050420168066
protein_0329,protein_0318,0.4017857142857143
protein_0329,protein_0319,0.14166666666666666
protein_0329,protein_0320,0.14782608695652175
protein_0329,protein_0321,0.09821428571428571
protein_0329,protein_0322,0.1592920353982301
protein_0329,protein_0323,0.18584070796460178
protein_0329,protein_0324,0.1651376146788991
protein_0329,protein_0325,0.3333333333333333
protein_0329,protein_0326,0.168141592920354
protein_0329,protein_0327,0.13392857142857142
protein_0329,protein_0328,1.0
protein_0329,protein_0330,0.168141592920354
protein_0329,protein_0331,0.1574074074074074
protein_0329,protein_0332,0.16101694915254236
protein_0329,protein_0333,0.16071428571428573
protein_0329,protein_0334,0.14285714285714285
protein_0329,protein_0335,0.16666666666666666
protein_0329,protein_0336,0.14678899082568808
protein_0329,protein_0337,0.19298245614035087
protein_0329,protein_0338,0.11864406779661017
protein_0329,protein_0339,0.14035087719298245
protein_0329,protein_0340,0.16666666666666666
protein_0329,protein_0341,0.15833333333333333
protein_0329,protein_0343,0.1574074074074074
protein_0329,protein_0344,0.13934426229508196
protein_0329,protein_0345,0.7142857142857143
protein_0329,protein_0346,0.7142857142857143
protein_0329,protein_0347,0.16666666666666666
protein_0329,protein_0348,0.17054263565891473
protein_0329,protein_0349,0.1926605504587156
protein_0329,protein_0350,0.15454545454545454
protein_0329,protein_0351,0.16260162601626016
protein_0329,protein_0352,0.12962962962962962
protein_0329,protein_0353,0.3220338983050847
protein_0329,protein_0354,0.11864406779661017
protein_0329,protein_0355,0.2
protein_0329,protein_0356,0.16666666666666666
protein_0329,protein_0357,0.16535433070866143
protein_0329,protein_0358,0.14545454545454545
protein_0329,protein_0359,0.17829457364341086
protein_0329,protein_0360,0.18181818181818182
protein_0329,protein_0362,0.11926605504587157
protein_0329,protein_0363,0.11926605504587157
protein_0329,protein_0364,0.12037037037037036
protein_0329,protein_0365,0.12037037037037036
protein_0329,protein_0366,0.12962962962962962
protein_0329,protein_0367,0.07407407407407407
protein_0329,protein_0368,0.15315315315315314
protein_0329,protein_0369,0.08333333333333333
protein_0329,protein_0370,0.13934426229508196
protein_0329,protein_0371,0.14814814814814814
protein_0329,protein_0372,0.14027149321266968
protein_0329,protein_0373,0.1557377049180328
protein_0329,protein_0374,0.12096774193548387
protein_0329,protein_0375,0.12931034482758622
protein_0329,protein_0377,0.14166666666666666
protein_0329,protein_0378,0.5925925925925926
protein_0329,protein_0379,0.16666666666666666
protein_0329,protein_0380,0.16666666666666666
protein_0329,protein_0381,0.16666666666666666
protein_0329,protein_0382,0.14166666666666666
protein_0329,protein_0383,0.17592592592592593
protein_0329,protein_0384,0.12173913043478261
protein_0329,protein_0386,0.1794871794871795
protein_0329,protein_0387,0.1415929203539823
protein_0329,protein_0388,0.1592920353982301
protein_0329,protein_0389,0.15454545454545454
protein_0329,protein_0390,0.1623931623931624
protein_0329,protein_0392,0.11504424778761062
protein_0329,protein_0393,0.11504424778761062
protein_0329,protein_0394,0.14685314685314685
protein_0329,protein_0397,0.1271186440677966
protein_0329,protein_0398,0.3333333333333333
protein_0329,protein_0399,0.11965811965811966
protein_0342,protein_0001,0.1267605633802817
protein_0342,protein_0002,0.13580246913580246
protein_0342,protein_0003,0.12643678160919541
protein_0342,protein_0004,0.13793103448275862
protein_0342,protein_0005,0.11627906976744186
protein_0342,protein_0006,0.13636363636363635
protein_0342,protein_0007,0.2028985507246377
protein_0342,protein_0008,0.18181818181818182
protein_0342,protein_0010,0.11827956989247312
protein_0342,protein_0011,0.18181818181818182
protein_0342,protein_0012,0.13793103448275862
protein_0342,protein_0013,0.24
protein_0342,protein_0014,0.18269230769230768
protein_0342,protein_0016,0.15151515151515152
protein_0342,protein_0017,0.11627906976744186
protein_0342,protein_0018,0.12643678160919541
protein_0342,protein_0019,0.23376623376623376
protein_0342,protein_0020,0.1511627906976744
protein_0342,protein_0021,0.19047619047619047
protein_0342,protein_0022,0.10989010989010989
protein_0342,protein_0023,0.13333333333333333
protein_0342,protein_0024,0.12
protein_0342,protein_0025,0.13793103448275862
protein_0342,protein_0026,0.11627906976744186
protein_0342,protein_0027,0.16666666666666666
protein_0342,protein_0028,0.12871287128712872
protein_0342,protein_0029,0.18840579710144928
protein_0342,protein_0030,0.15126050420168066
protein_0342,protein_0031,0.16161616161616163
protein_0342,protein_0032,0.21348314606741572
protein_0342,protein_0034,0.19540229885057472
protein_0342,protein_0035,0.1836734693877551
protein_0342,protein_0036,0.14492753623188406
protein_0342,protein_0037,0.13725490196078433
protein_0342,protein_0038,0.13725490196078433
protein_0342,protein_0039,0.08045977011494253
protein_0342,protein_0040,0.27631578947368424
protein_0342,protein_0041,0.11494252873563218
protein_0342,protein_0043,0.17045454545454544
protein_0342,protein_0044,0.16091954022988506
protein_0342,protein_0045,0.12643678160919541
protein_0342,protein_0046,0.19718309859154928
protein_0342,protein_0047,0.13793103448275862
protein_0342,protein_0048,0.13793103448275862
protein_0342,protein_0049,0.13793103448275862
protein_0342,protein_0050,0.1111111111111111
protein_0342,protein_0051,0.2028985507246377
protein_0342,protein_0052,0.12643678160919541
protein_0342,protein_0053,0.14942528735632185
protein_0342,protein_0054,0.1282051282051282
protein_0342,protein_0055,0.14166666666666666
protein_0342,protein_0058,0.32432432432432434
protein_0342,protein_0059,0.13793103448275862
protein_0342,protein_0060,0.1346153846153846
protein_0342,protein_0061,0.16129032258064516
protein_0342,protein_0062,0.13793103448275862
protein_0342,protein_0063,0.09859154929577464
protein_0342,protein_0064,0.1839080459770115
protein_0342,protein_0065,0.13131313131313133
protein_0342,protein_0066,0.14
protein_0342,protein_0067,0.12790697674418605
protein_0342,protein_0068,0.14942528735632185
protein_0342,protein_0069,0.125
protein_0342,protein_0070,0.16091954022988506
protein_0342,protein_0071,0.15463917525773196
protein_0342,protein_0073,0.18888888888888888
protein_0342,protein_0074,0.18181818181818182
protein_0342,protein_0075,0.14432989690721648
protein_0342,protein_0076,0.22666666666666666
protein_0342,protein_0078,0.10891089108910891
protein_0342,protein_0079,0.10891089108910891
protein_0342,protein_0080,0.16853932584269662
protein_0342,protein_0081,0.16091954022988506
protein_0342,protein_0082,0.1188118811881188
protein_0342,protein_0083,0.12643678160919541
protein_0342,protein_0085,0.1588785046728972
protein_0342,protein_0086,0.1
protein_0342,protein_0087,0.23943661971830985
protein_0342,protein_0088,0.1724137931034483
protein_0342,protein_0089,0.14414414414414414
protein_0342,protein_0090,0.14545454545454545
protein_0342,protein_0091,0.12931034482758622
protein_0342,protein_0092,0.12931034482758622
protein_0342,protein_0095,0.13636363636363635
protein_0342,protein_0096,0.1485148514851485
protein_0342,protein_0097,0.20224719101123595
protein_0342,protein_0098,0.16853932584269662
protein_0342,protein_0099,0.14423076923076922
protein_0342,protein_0100,0.18571428571428572
protein_0342,protein_0101,0.18888888888888888
protein_0342,protein_0102,0.20454545454545456
protein_0342,protein_0103,0.14942528735632185
protein_0342,protein_0105,0.22535211267605634
protein_0342,protein_0106,0.16964285714285715
protein_0342,protein_0107,0.14942528735632185
protein_0342,protein_0108,0.13580246913580246
protein_0342,protein_0109,0.2112676056338028
protein_0342,protein_0110,0.13953488372093023
protein_0342,protein_0111,0.1724137931034483
protein_0342,protein_0112,0.13131313131313133
protein_0342,protein_0115,0.10975609756097561
protein_0342,protein_0117,0.14166666666666666
protein_0342,protein_0118,0.18840579710144928
protein_0342,protein_0119,0.17647058823529413
protein_0342,protein_0120,0.14942528735632185
protein_0342,protein_0121,0.14942528735632185
protein_0342,protein_0122,0.14705882352941177
protein_0342,protein_0123,0.18571428571428572
protein_0342,protein_0124,0.1724137931034483
protein_0342,protein_0125,0.16666666666666666
protein_0342,protein_0127,0.10526315789473684
protein_0342,protein_0128,0.19540229885057472
protein_0342,protein_0129,0.11494252873563218
protein_0342,protein_0130,0.15384615384615385
protein_0342,protein_0131,0.14492753623188406
protein_0342,protein_0133,0.1509433962264151
protein_0342,protein_0134,0.13953488372093023
protein_0342,protein_0135,0.12643678160919541
protein_0342,protein_0136,0.14285714285714285
protein_0342,protein_0137,0.11965811965811966
protein_0342,protein_0138,0.11965811965811966
protein_0342,protein_0139,0.16901408450704225
protein_0342,protein_0140,0.14942528735632185
protein_0342,protein_0142,0.18604651162790697
protein_0342,protein_0143,0.14942528735632185
protein_0342,protein_0144,0.15730337078651685
protein_0342,protein_0145,0.18840579710144928
protein_0342,protein_0146,0.08
protein_0342,protein_0147,0.18888888888888888
protein_0342,protein_0148,0.19540229885057472
protein_0342,protein_0149,0.18309859154929578
protein_0342,protein_0150,0.1511627906976744
protein_0342,protein_0151,0.13186813186813187
protein_0342,protein_0152,0.21739130434782608
protein_0342,protein_0153,0.1518987341772152
protein_0342,protein_0154,0.16455696202531644
protein_0342,protein_0155,0.1484375
protein_0342,protein_0156,0.12149532710280374
protein_0342,protein_0157,0.15476190476190477
protein_0342,protein_0159,0.13793103448275862
protein_0342,protein_0160,0.18604651162790697
protein_0342,protein_0161,0.11475409836065574
protein_0342,protein_0162,0.15853658536585366
protein_0342,protein_0163,0.21782178217821782
protein_0342,protein_0164,0.19540229885057472
protein_0342,protein_0165,0.19718309859154928
protein_0342,protein_0166,0.1839080459770115
protein_0342,protein_0167,0.16363636363636364
protein_0342,protein_0168,0.16363636363636364
protein_0342,protein_0169,0.13559322033898305
protein_0342,protein_0170,0.13414634146341464
protein_0342,protein_0171,0.13793103448275862
protein_0342,protein_0172,0.15
protein_0342,protein_0173,0.1839080459770115
protein_0342,protein_0174,0.19540229885057472
protein_0342,protein_0175,0.1839080459770115
protein_0342,protein_0176,0.22784810126582278
protein_0342,protein_0177,0.1780821917808219
protein_0342,protein_0178,0.10619469026548672
protein_0342,protein_0179,0.1415929203539823
protein_0342,protein_0180,0.12359550561797752
protein_0342,protein_0181,0.16842105263157894
protein_0342,protein_0182,0.13793103448275862
protein_0342,protein_0183,0.12871287128712872
protein_0342,protein_0184,0.18181818181818182
protein_0342,protein_0185,0.16279069767441862
protein_0342,protein_0186,0.16831683168316833
protein_0342,protein_0187,0.16091954022988506
protein_0342,protein_0188,0.17333333333333334
protein_0342,protein_0189,0.12643678160919541
protein_0342,protein_0190,0.16091954022988506
protein_0342,protein_0191,0.12643678160919541
protein_0342,protein_0192,0.18604651162790697
protein_0342,protein_0194,0.15555555555555556
protein_0342,protein_0195,0.11494252873563218
protein_0342,protein_0196,0.09195402298850575
protein_0342,protein_0197,0.15730337078651685
protein_0342,protein_0198,0.09195402298850575
protein_0342,protein_0199,0.13978494623655913
protein_0342,protein_0200,0.13793103448275862
protein_0342,protein_0201,0.19801980198019803
protein_0342,protein_0202,0.20224719101123595
protein_0342,protein_0203,0.1452991452991453
protein_0342,protein_0204,0.19444444444444445
protein_0342,protein_0205,0.0995260663507109
protein_0342,protein_0206,0.12643678160919541
protein_0342,protein_0207,0.14754098360655737
protein_0342,protein_0208,0.15384615384615385
protein_0342,protein_0211,0.14
protein_0342,protein_0212,0.19718309859154928
protein_0342,protein_0213,0.17582417582417584
protein_0342,protein_0214,0.273972602739726
protein_0342,protein_0215,0.2676056338028169
protein_0342,protein_0216,0.12371134020618557
protein_0342,protein_0217,0.1927710843373494
protein_0342,protein_0218,0.104
protein_0342,protein_0219,0.14393939393939395
protein_0342,protein_0220,0.14772727272727273
protein_0342,protein_0221,0.2753623188405797
protein_0342,protein_0222,0.12790697674418605
protein_0342,protein_0223,0.4057971014492754
protein_0342,protein_0224,0.19718309859154928
protein_0342,protein_0226,0.17777777777777778
protein_0342,protein_0227,0.22666666666666666
protein_0342,protein_0228,0.2127659574468085
protein_0342,protein_0229,0.15853658536585366
protein_0342,protein_0230,0.13829787234042554
protein_0342,protein_0233,0.1015625
protein_0342,protein_0234,0.16161616161616163
protein_0342,protein_0235,0.18571428571428572
protein_0342,protein_0236,0.1310344827586207
protein_0342,protein_0237,0.1310344827586207
protein_0342,protein_0238,0.11450381679389313
protein_0342,protein_0239,0.1590909090909091
protein_0342,protein_0240,0.13793103448275862
protein_0342,protein_0241,0.16091954022988506
protein_0342,protein_0242,0.20833333333333334
protein_0342,protein_0243,0.14942528735632185
protein_0342,protein_0244,0.11594202898550725
protein_0342,protein_0245,0.17117117117117117
protein_0342,protein_0246,0.14285714285714285
protein_0342,protein_0247,0.16037735849056603
protein_0342,protein_0248,0.1839080459770115
protein_0342,protein_0249,0.13793103448275862
protein_0342,protein_0250,0.14583333333333334
protein_0342,protein_0251,0.14285714285714285
protein_0342,protein_0252,0.1744186046511628
protein_0342,protein_0253,0.1271186440677966
protein_0342,protein_0254,0.21428571428571427
protein_0342,protein_0255,0.12209302325581395
protein_0342,protein_0256,0.15151515151515152
protein_0342,protein_0257,0.15151515151515152
protein_0342,protein_0258,0.12790697674418605
protein_0342,protein_0259,0.19718309859154928
protein_0342,protein_0260,0.19718309859154928
protein_0342,protein_0263,0.13970588235294118
protein_0342,protein_0264,0.16091954022988506
protein_0342,protein_0265,0.16091954022988506
protein_0342,protein_0267,0.11494252873563218
protein_0342,protein_0268,0.15853658536585366
protein_0342,protein_0269,0.13445378151260504
protein_0342,protein_0270,0.27848101265822783
protein_0342,protein_0272,0.12643678160919541
protein_0342,protein_0273,0.1346153846153846
protein_0342,protein_0274,0.1348314606741573
protein_0342,protein_0275,0.18181818181818182
protein_0342,protein_0276,0.16091954022988506
protein_0342,protein_0277,0.18666666666666668
protein_0342,protein_0279,0.12643678160919541
protein_0342,protein_0281,0.13392857142857142
protein_0342,protein_0282,0.2318840579710145
protein_0342,protein_0283,0.08256880733944955
protein_0342,protein_0284,0.13793103448275862
protein_0342,protein_0285,0.14942528735632185
protein_0342,protein_0286,0.1506849315068493
protein_0342,protein_0287,0.16379310344827586
protein_0342,protein_0288,0.14814814814814814
protein_0342,protein_0289,0.2
protein_0342,protein_0290,0.1485148514851485
protein_0342,protein_0291,0.16455696202531644
protein_0342,protein_0292,0.17567567567567569
protein_0342,protein_0293,0.11363636363636363
protein_0342,protein_0294,0.16455696202531644
protein_0342,protein_0295,0.18840579710144928
protein_0342,protein_0296,0.07964601769911504
protein_0342,protein_0297,0.1917808219178082
protein_0342,protein_0298,0.22972972972972974
protein_0342,protein_0299,0.1566265060240964
protein_0342,protein_0300,0.16470588235294117
protein_0342,protein_0301,0.16279069767441862
protein_0342,protein_0302,0.08597285067873303
protein_0342,protein_0303,0.18181818181818182
protein_0342,protein_0304,0.18840579710144928
protein_0342,protein_0305,0.17391304347826086
protein_0342,protein_0306,0.15254237288135594
protein_0342,protein_0307,0.11016949152542373
protein_0342,protein_0308,0.14655172413793102
protein_0342,protein_0309,0.14736842105263157
protein_0342,protein_0310,0.10101010101010101
protein_0342,protein_0311,0.10344827586206896
protein_0342,protein_0312,0.13793103448275862
protein_0342,protein_0313,0.18181818181818182
protein_0342,protein_0314,0.13861386138613863
protein_0342,protein_0315,0.14634146341463414
protein_0342,protein_0316,0.18571428571428572
protein_0342,protein_0317,0.15841584158415842
protein_0342,protein_0318,0.13392857142857142
protein_0342,protein_0319,0.125
protein_0342,protein_0320,0.10344827586206896
protein_0342,protein_0321,0.12222222222222222
protein_0342,protein_0322,0.17204301075268819
protein_0342,protein_0323,0.13793103448275862
protein_0342,protein_0324,0.30666666666666664
protein_0342,protein_0325,0.15454545454545454
protein_0342,protein_0326,0.13924050632911392
protein_0342,protein_0327,0.12643678160919541
protein_0342,protein_0328,0.11818181818181818
protein_0342,protein_0330,0.16
protein_0342,protein_0331,0.1780821917808219
protein_0342,protein_0332,0.22826086956521738
protein_0342,protein_0333,0.1839080459770115
protein_0342,protein_0334,0.14772727272727273
protein_0342,protein_0335,0.16161616161616163
protein_0342,protein_0336,0.15942028985507245
protein_0342,protein_0337,0.17391304347826086
protein_0342,protein_0338,0.1956521739130435
protein_0342,protein_0339,0.2236842105263158
protein_0342,protein_0340,0.13
protein_0342,protein_0341,0.20388349514563106
protein_0342,protein_0343,0.17567567567567569
protein_0342,protein_0344,0.13793103448275862
protein_0342,protein_0345,0.11594202898550725
protein_0342,protein_0346,0.11594202898550725
protein_0342,protein_0347,0.19736842105263158
protein_0342,protein_0348,0.13675213675213677
protein_0342,protein_0349,0.18
protein_0342,protein_0350,0.18681318681318682
protein_0342,protein_0351,0.13793103448275862
protein_0342,protein_0352,0.1780821917808219
protein_0342,protein_0353,0.16363636363636364
protein_0342,protein_0354,0.16091954022988506
protein_0342,protein_0355,0.14942528735632185
protein_0342,protein_0356,0.18309859154929578
protein_0342,protein_0357,0.1487603305785124
protein_0342,protein_0358,0.1839080459770115
protein_0342,protein_0359,0.10317460317460317
protein_0342,protein_0360,0.20224719101123595
protein_0342,protein_0362,0.15555555555555556
protein_0342,protein_0363,0.15555555555555556
protein_0342,protein_0364,0.16666666666666666
protein_0342,protein_0365,0.12941176470588237
protein_0342,protein_0366,0.13186813186813187
protein_0342,protein_0367,0.1919191919191919
protein_0342,protein_0368,0.15853658536585366
protein_0342,protein_0369,0.23684210526315788
protein_0342,protein_0370,0.13793103448275862
protein_0342,protein_0371,0.14942528735632185
protein_0342,protein_0372,0.0871559633027523
protein_0342,protein_0373,0.16
protein_0342,protein_0374,0.09090909090909091
protein_0342,protein_0375,0.17777777777777778
protein_0342,protein_0377,0.14772727272727273
protein_0342,protein_0378,0.13392857142857142
protein_0342,protein_0379,0.1702127659574468
protein_0342,protein_0380,0.1702127659574468
protein_0342,protein_0381,0.1702127659574468
protein_0342,protein_0382,0.1839080459770115
protein_0342,protein_0383,0.24
protein_0342,protein_0384,0.1797752808988764
protein_0342,protein_0386,0.19230769230769232
protein_0342,protein_0387,0.15463917525773196
protein_0342,protein_0388,0.17391304347826086
protein_0342,protein_0389,0.22535211267605634
protein_0342,protein_0390,0.15789473684210525
protein_0342,protein_0392,0.14942528735632185
protein_0342,protein_0393,0.14942528735632185
protein_0342,protein_0394,0.13008130081300814
protein_0342,protein_0397,0.1827956989247312
protein_0342,protein_0398,0.12389380530973451
protein_0342,protein_0399,0.14583333333333334
protein_0361,protein_0001,0.13675213675213677
protein_0361,protein_0002,0.1322314049586777
protein_0361,protein_0003,0.13675213675213677
protein_0361,protein_0004,0.12396694214876033
protein_0361,protein_0005,0.1623931623931624
protein_0361,protein_0006,0.15447154471544716
protein_0361,protein_0007,0.13675213675213677
protein_0361,protein_0008,0.15
protein_0361,protein_0010,0.1746031746031746
protein_0361,protein_0011,0.11764705882352941
protein_0361,protein_0012,0.11538461538461539
protein_0361,protein_0013,0.1452991452991453
protein_0361,protein_0014,0.22950819672131148
protein_0361,protein_0016,0.12403100775193798
protein_0361,protein_0017,0.13071895424836602
protein_0361,protein_0018,0.15384615384615385
protein_0361,protein_0019,0.1452991452991453
protein_0361,protein_0020,0.15267175572519084
protein_0361,protein_0021,0.14285714285714285
protein_0361,protein_0022,0.14049586776859505
protein_0361,protein_0023,0.12121212121212122
protein_0361,protein_0024,0.9152542372881356
protein_0361,protein_0025,0.16153846153846155
protein_0361,protein_0026,0.16326530612244897
protein_0361,protein_0027,0.14285714285714285
protein_0361,protein_0028,0.09302325581395349
protein_0361,protein_0029,0.13559322033898305
protein_0361,protein_0030,0.304
protein_0361,protein_0031,0.16153846153846155
protein_0361,protein_0032,0.1349206349206349
protein_0361,protein_0034,0.12605042016806722
protein_0361,protein_0035,0.4444444444444444
protein_0361,protein_0036,0.13559322033898305
protein_0361,protein_0037,0.145985401459854
protein_0361,protein_0038,0.145985401459854
protein_0361,protein_0039,0.1774193548387097
protein_0361,protein_0040,0.13675213675213677
protein_0361,protein_0041,0.136
protein_0361,protein_0043,0.136
protein_0361,protein_0044,0.14166666666666666
protein_0361,protein_0045,0.16153846153846155
protein_0361,protein_0046,0.16101694915254236
protein_0361,protein_0047,0.16806722689075632
protein_0361,protein_0048,0.1732283464566929
protein_0361,protein_0049,0.171875
protein_0361,protein_0050,0.12903225806451613
protein_0361,protein_0051,0.14166666666666666
protein_0361,protein_0052,0.112
protein_0361,protein_0053,0.11965811965811966
protein_0361,protein_0054,0.4566929133858268
protein_0361,protein_0055,0.46153846153846156
protein_0361,protein_0058,0.1794871794871795
protein_0361,protein_0059,0.176
protein_0361,protein_0060,0.18803418803418803
protein_0361,protein_0061,0.1889763779527559
protein_0361,protein_0062,0.12195121951219512
protein_0361,protein_0063,0.14732142857142858
protein_0361,protein_0064,0.1452991452991453
protein_0361,protein_0065,0.14705882352941177
protein_0361,protein_0066,0.1774193548387097
protein_0361,protein_0067,0.1590909090909091
protein_0361,protein_0068,0.12396694214876033
protein_0361,protein_0069,0.17355371900826447
protein_0361,protein_0070,0.14285714285714285
protein_0361,protein_0071,0.14393939393939395
protein_0361,protein_0073,0.0975609756097561
protein_0361,protein_0074,0.12295081967213115
protein_0361,protein_0075,0.10084033613445378
protein_0361,protein_0076,0.1282051282051282
protein_0361,protein_0078,0.1953125
protein_0361,protein_0079,0.1953125
protein_0361,protein_0080,0.13675213675213677
protein_0361,protein_0081,0.13675213675213677
protein_0361,protein_0082,0.1640625
protein_0361,protein_0083,0.11278195488721804
protein_0361,protein_0085,0.19083969465648856
protein_0361,protein_0086,0.19083969465648856
protein_0361,protein_0087,0.11864406779661017
protein_0361,protein_0088,0.16923076923076924
protein_0361,protein_0089,0.13008130081300814
protein_0361,protein_0090,0.12396694214876033
protein_0361,protein_0091,0.12903225806451613
protein_0361,protein_0092,0.12903225806451613
protein_0361,protein_0095,0.15447154471544716
protein_0361,protein_0096,0.09917355371900827
protein_0361,protein_0097,0.13953488372093023
protein_0361,protein_0098,0.11965811965811966
protein_0361,protein_0099,0.1452991452991453
protein_0361,protein_0100,0.16101694915254236
protein_0361,protein_0101,0.0975609756097561
protein_0361,protein_0102,0.1111111111111111
protein_0361,protein_0103,0.15833333333333333
protein_0361,protein_0105,0.13675213675213677
protein_0361,protein_0106,0.12598425196850394
protein_0361,protein_0107,0.136
protein_0361,protein_0108,0.140625
protein_0361,protein_0109,0.1623931623931624
protein_0361,protein_0110,0.11864406779661017
protein_0361,protein_0111,0.11023622047244094
protein_0361,protein_0112,0.14634146341463414
protein_0361,protein_0115,0.15702479338842976
protein_0361,protein_0117,0.1
protein_0361,protein_0118,0.15254237288135594
protein_0361,protein_0119,0.15254237288135594
protein_0361,protein_0120,0.14393939393939395
protein_0361,protein_0121,0.14393939393939395
protein_0361,protein_0122,0.15789473684210525
protein_0361,protein_0123,0.1111111111111111
protein_0361,protein_0124,0.14393939393939395
protein_0361,protein_0125,0.1721311475409836
protein_0361,protein_0127,0.15079365079365079
protein_0361,protein_0128,0.16129032258064516
protein_0361,protein_0129,0.168
protein_0361,protein_0130,0.14925373134328357
protein_0361,protein_0131,0.14166666666666666
protein_0361,protein_0133,0.14393939393939395
protein_0361,protein_0134,0.1111111111111111
protein_0361,protein_0135,0.1746031746031746
protein_0361,protein_0136,0.41025641025641024
protein_0361,protein_0137,0.38524590163934425
protein_0361,protein_0138,0.38524590163934425
protein_0361,protein_0139,0.13675213675213677
protein_0361,protein_0140,0.175
protein_0361,protein_0142,0.13934426229508196
protein_0361,protein_0143,0.17355371900826447
protein_0361,protein_0144,0.1452991452991453
protein_0361,protein_0145,0.13675213675213677
protein_0361,protein_0146,0.1111111111111111
protein_0361,protein_0147,0.13636363636363635
protein_0361,protein_0148,0.16535433070866143
protein_0361,protein_0149,0.13559322033898305
protein_0361,protein_0150,0.09016393442622951
protein_0361,protein_0151,0.18181818181818182
protein_0361,protein_0152,0.15384615384615385
protein_0361,protein_0153,0.15966386554621848
protein_0361,protein_0154,0.1452991452991453
protein_0361,protein_0155,0.13846153846153847
protein_0361,protein_0156,0.23728813559322035
protein_0361,protein_0157,0.11538461538461539
protein_0361,protein_0159,0.13559322033898305
protein_0361,protein_0160,0.15126050420168066
protein_0361,protein_0161,0.3464566929133858
protein_0361,protein_0162,0.176
protein_0361,protein_0163,0.15254237288135594
protein_0361,protein_0164,0.13675213675213677
protein_0361,protein_0165,0.1282051282051282
protein_0361,protein_0166,0.16666666666666666
protein_0361,protein_0167,0.14285714285714285
protein_0361,protein_0168,0.13445378151260504
protein_0361,protein_0169,0.3728813559322034
protein_0361,protein_0170,0.15126050420168066
protein_0361,protein_0171,0.12396694214876033
protein_0361,protein_0172,0.5641025641025641
protein_0361,protein_0173,0.11538461538461539
protein_0361,protein_0174,0.13333333333333333
protein_0361,protein_0175,0.15126050420168066
protein_0361,protein_0176,0.11965811965811966
protein_0361,protein_0177,0.1282051282051282
protein_0361,protein_0178,0.3305084745762712
protein_0361,protein_0179,0.3559322033898305
protein_0361,protein_0180,0.15151515151515152
protein_0361,protein_0181,0.1590909090909091
protein_0361,protein_0182,0.15748031496062992
protein_0361,protein_0183,0.18253968253968253
protein_0361,protein_0184,0.11764705882352941
protein_0361,protein_0185,0.10256410256410256
protein_0361,protein_0186,0.19008264462809918
protein_0361,protein_0187,0.15126050420168066
protein_0361,protein_0188,0.1282051282051282
protein_0361,protein_0189,0.15079365079365079
protein_0361,protein_0190,0.16417910447761194
protein_0361,protein_0191,0.128
protein_0361,protein_0192,0.1557377049180328
protein_0361,protein_0194,0.15966386554621848
protein_0361,protein_0195,0.1282051282051282
protein_0361,protein_0196,0.1111111111111111
protein_0361,protein_0197,0.13636363636363635
protein_0361,protein_0198,0.1111111111111111
protein_0361,protein_0199,0.15789473684210525
protein_0361,protein_0200,0.1016949152542373
protein_0361,protein_0201,0.1440677966101695
protein_0361,protein_0202,0.171875
protein_0361,protein_0203,0.452991452991453
protein_0361,protein_0204,0.1452991452991453
protein_0361,protein_0205,0.13270142180094788
protein_0361,protein_0206,0.12878787878787878
protein_0361,protein_0207,0.6239316239316239
protein_0361,protein_0208,0.19047619047619047
protein_0361,protein_0211,0.1271186440677966
protein_0361,protein_0212,0.1282051282051282
protein_0361,protein_0213,0.17037037037037037
protein_0361,protein_0214,0.1452991452991453
protein_0361,protein_0215,0.1111111111111111
protein_0361,protein_0216,0.1271186440677966
protein_0361,protein_0217,0.1111111111111111
protein_0361,protein_0218,0.15441176470588236
protein_0361,protein_0219,0.3064516129032258
protein_0361,protein_0220,0.17647058823529413
protein_0361,protein_0221,0.10833333333333334
protein_0361,protein_0222,0.17054263565891473
protein_0361,protein_0223,0.09401709401709402
protein_0361,protein_0224,0.15254237288135594
protein_0361,protein_0226,0.13675213675213677
protein_0361,protein_0227,0.11864406779661017
protein_0361,protein_0228,0.1328125
protein_0361,protein_0229,0.13709677419354838
protein_0361,protein_0230,0.11764705882352941
protein_0361,protein_0233,0.14084507042253522
protein_0361,protein_0234,0.1774193548387097
protein_0361,protein_0235,0.17886178861788618
protein_0361,protein_0236,0.15126050420168066
protein_0361,protein_0237,0.15126050420168066
protein_0361,protein_0238,0.18055555555555555
protein_0361,protein_0239,0.12307692307692308
protein_0361,protein_0240,0.1111111111111111
protein_0361,protein_0241,0.13846153846153847
protein_0361,protein_0242,0.11864406779661017
protein_0361,protein_0243,0.13846153846153847
protein_0361,protein_0244,0.1746031746031746
protein_0361,protein_0245,0.16129032258064516
protein_0361,protein_0246,0.1721311475409836
protein_0361,protein_0247,0.15254237288135594
protein_0361,protein_0248,0.11475409836065574
protein_0361,protein_0249,0.15384615384615385
protein_0361,protein_0250,0.15384615384615385
protein_0361,protein_0251,0.1282051282051282
protein_0361,protein_0252,0.125
protein_0361,protein_0253,0.12295081967213115
protein_0361,protein_0254,0.1092436974789916
protein_0361,protein_0255,0.12790697674418605
protein_0361,protein_0256,0.3559322033898305
protein_0361,protein_0257,0.3389830508474576
protein_0361,protein_0258,0.13114754098360656
protein_0361,protein_0259,0.1282051282051282
protein_0361,protein_0260,0.1282051282051282
protein_0361,protein_0263,0.08904109589041095
protein_0361,protein_0264,0.140625
protein_0361,protein_0265,0.140625
protein_0361,protein_0267,0.1271186440677966
protein_0361,protein_0268,0.13709677419354838
protein_0361,protein_0269,0.3779527559055118
protein_0361,protein_0270,0.14049586776859505
protein_0361,protein_0272,0.13076923076923078
protein_0361,protein_0273,0.15384615384615385
protein_0361,protein_0274,0.13636363636363635
protein_0361,protein_0275,0.17886178861788618
protein_0361,protein_0276,0.13432835820895522
protein_0361,protein_0277,0.11965811965811966
protein_0361,protein_0279,0.152
protein_0361,protein_0281,0.125
protein_0361,protein_0282,0.1440677966101695
protein_0361,protein_0283,0.09174311926605505
protein_0361,protein_0284,0.18548387096774194
protein_0361,protein_0285,0.17094017094017094
protein_0361,protein_0286,0.15254237288135594
protein_0361,protein_0287,0.12598425196850394
protein_0361,protein_0288,0.1732283464566929
protein_0361,protein_0289,0.14285714285714285
protein_0361,protein_0290,0.152
protein_0361,protein_0291,0.1623931623931624
protein_0361,protein_0292,0.1794871794871795
protein_0361,protein_0293,0.16541353383458646
protein_0361,protein_0294,0.15555555555555556
protein_0361,protein_0295,0.1271186440677966
protein_0361,protein_0296,0.358974358974359
protein_0361,protein_0297,0.15966386554621848
protein_0361,protein_0298,0.1440677966101695
protein_0361,protein_0299,0.1951219512195122
protein_0361,protein_0300,0.11570247933884298
protein_0361,protein_0301,0.11570247933884298
protein_0361,protein_0302,0.11059907834101383
protein_0361,protein_0303,0.14634146341463414
protein_0361,protein_0304,0.1440677966101695
protein_0361,protein_0305,0.13709677419354838
protein_0361,protein_0306,0.46153846153846156
protein_0361,protein_0307,0.4344262295081967
protein_0361,protein_0308,0.31496062992125984
protein_0361,protein_0309,0.14285714285714285
protein_0361,protein_0310,0.14516129032258066
protein_0361,protein_0311,0.16923076923076924
protein_0361,protein_0312,0.09401709401709402
protein_0361,protein_0313,0.17054263565891473
protein_0361,protein_0314,0.14634146341463414
protein_0361,protein_0315,0.575
protein_0361,protein_0316,0.1111111111111111
protein_0361,protein_0317,0.15702479338842976
protein_0361,protein_0318,0.104
protein_0361,protein_0319,0.128
protein_0361,protein_0320,0.17424242424242425
protein_0361,protein_0321,0.1452991452991453
protein_0361,protein_0322,0.13934426229508196
protein_0361,protein_0323,0.14166666666666666
protein_0361,protein_0324,0.13675213675213677
protein_0361,protein_0325,0.1259259259259259
protein_0361,protein_0326,0.09401709401709402
protein_0361,protein_0327,0.1282051282051282
protein_0361,protein_0328,0.15873015873015872
protein_0361,protein_0330,0.1092436974789916
protein_0361,protein_0331,0.1440677966101695
protein_0361,protein_0332,0.17424242424242425
protein_0361,protein_0333,0.17692307692307693
protein_0361,protein_0334,0.14754098360655737
protein_0361,protein_0335,0.15833333333333333
protein_0361,protein_0336,0.15384615384615385
protein_0361,protein_0337,0.14728682170542637
protein_0361,protein_0338,0.13709677419354838
protein_0361,protein_0339,0.13559322033898305
protein_0361,protein_0340,0.14049586776859505
protein_0361,protein_0341,0.14615384615384616
protein_0361,protein_0343,0.13445378151260504
protein_0361,protein_0344,0.1452991452991453
protein_0361,protein_0345,0.14285714285714285
protein_0361,protein_0346,0.14285714285714285
protein_0361,protein_0347,0.1440677966101695
protein_0361,protein_0348,0.33884297520661155
protein_0361,protein_0349,0.1864406779661017
protein_0361,protein_0350,0.1452991452991453
protein_0361,protein_0351,0.09022556390977443
protein_0361,protein_0352,0.1271186440677966
protein_0361,protein_0353,0.15384615384615385
protein_0361,protein_0354,0.1590909090909091
protein_0361,protein_0355,0.13076923076923078
protein_0361,protein_0356,0.1452991452991453
protein_0361,protein_0357,0.2540983606557377
protein_0361,protein_0358,0.15384615384615385
protein_0361,protein_0359,0.35
protein_0361,protein_0360,0.144
protein_0361,protein_0362,0.13432835820895522
protein_0361,protein_0363,0.13432835820895522
protein_0361,protein_0364,0.13636363636363635
protein_0361,protein_0365,0.11904761904761904
protein_0361,protein_0366,0.11904761904761904
protein_0361,protein_0367,0.144
protein_0361,protein_0368,0.11666666666666667
protein_0361,protein_0369,0.1623931623931624
protein_0361,protein_0370,0.1452991452991453
protein_0361,protein_0371,0.1746031746031746
protein_0361,protein_0372,0.10550458715596331
protein_0361,protein_0373,0.14285714285714285
protein_0361,protein_0374,0.46153846153846156
protein_0361,protein_0375,0.14173228346456693
protein_0361,protein_0377,0.1111111111111111
protein_0361,protein_0378,0.14728682170542637
protein_0361,protein_0379,0.1532258064516129
protein_0361,protein_0380,0.1532258064516129
protein_0361,protein_0381,0.1532258064516129
protein_0361,protein_0382,0.176
protein_0361,protein_0383,0.13675213675213677
protein_0361,protein_0384,0.16279069767441862
protein_0361,protein_0386,0.12698412698412698
protein_0361,protein_0387,0.40336134453781514
protein_0361,protein_0388,0.11965811965811966
protein_0361,protein_0389,0.07563025210084033
protein_0361,protein_0390,0.1590909090909091
protein_0361,protein_0392,0.13675213675213677
protein_0361,protein_0393,0.14615384615384616
protein_0361,protein_0394,0.3277310924369748
protein_0361,protein_0397,0.1640625
protein_0361,protein_0398,0.16546762589928057
protein_0361,protein_0399,0.16296296296296298
protein_0376,protein_0001,0.13592233009708737
protein_0376,protein_0002,0.20202020202020202
protein_0376,protein_0003,0.18269230769230768
protein_0376,protein_0004,0.14423076923076922
protein_0376,protein_0005,0.16981132075471697
protein_0376,protein_0006,0.1743119266055046
protein_0376,protein_0007,0.16161616161616163
protein_0376,protein_0008,0.51
protein_0376,protein_0010,0.23076923076923078
protein_0376,protein_0011,0.21153846153846154
protein_0376,protein_0012,0.20192307692307693
protein_0376,protein_0013,0.11
protein_0376,protein_0014,0.24242424242424243
protein_0376,protein_0016,0.5050505050505051
protein_0376,protein_0017,0.13076923076923078
protein_0376,protein_0018,0.13592233009708737
protein_0376,protein_0019,0.1414141414141414
protein_0376,protein_0020,0.19090909090909092
protein_0376,protein_0021,0.20588235294117646
protein_0376,protein_0022,0.1650485436893204
protein_0376,protein_0023,0.1388888888888889
protein_0376,protein_0024,0.1532258064516129
protein_0376,protein_0025,0.1414141414141414
protein_0376,protein_0026,0.17391304347826086
protein_0376,protein_0027,0.19230769230769232
protein_0376,protein_0028,0.15178571428571427
protein_0376,protein_0029,0.1717171717171717
protein_0376,protein_0030,0.18032786885245902
protein_0376,protein_0031,0.35353535353535354
protein_0376,protein_0032,0.21153846153846154
protein_0376,protein_0034,0.18269230769230768
protein_0376,protein_0035,0.1452991452991453
protein_0376,protein_0036,0.16161616161616163
protein_0376,protein_0037,0.16161616161616163
protein_0376,protein_0038,0.16161616161616163
protein_0376,protein_0039,0.11926605504587157
protein_0376,protein_0040,0.12121212121212122
protein_0376,protein_0041,0.18269230769230768
protein_0376,protein_0043,0.14018691588785046
protein_0376,protein_0044,0.14018691588785046
protein_0376,protein_0045,0.1553398058252427
protein_0376,protein_0046,0.18181818181818182
protein_0376,protein_0047,0.13513513513513514
protein_0376,protein_0048,0.18269230769230768
protein_0376,protein_0049,0.18518518518518517
protein_0376,protein_0050,0.4444444444444444
protein_0376,protein_0051,0.18181818181818182
protein_0376,protein_0052,0.1346153846153846
protein_0376,protein_0053,0.19626168224299065
protein_0376,protein_0054,0.136
protein_0376,protein_0055,0.15748031496062992
protein_0376,protein_0058,0.16161616161616163
protein_0376,protein_0059,0.14018691588785046
protein_0376,protein_0060,0.17475728155339806
protein_0376,protein_0061,0.15151515151515152
protein_0376,protein_0062,0.1568627450980392
protein_0376,protein_0063,0.11162790697674418
protein_0376,protein_0064,0.18269230769230768
protein_0376,protein_0065,0.53
protein_0376,protein_0066,0.17886178861788618
protein_0376,protein_0067,0.21153846153846154
protein_0376,protein_0068,0.16363636363636364
protein_0376,protein_0069,0.24761904761904763
protein_0376,protein_0070,0.1650485436893204
protein_0376,protein_0071,0.1650485436893204
protein_0376,protein_0073,0.18867924528301888
protein_0376,protein_0074,0.48484848484848486
protein_0376,protein_0075,0.21153846153846154
protein_0376,protein_0076,0.18181818181818182
protein_0376,protein_0078,0.125
protein_0376,protein_0079,0.125
protein_0376,protein_0080,0.18181818181818182
protein_0376,protein_0081,0.168141592920354
protein_0376,protein_0082,0.15384615384615385
protein_0376,protein_0083,0.19047619047619047
protein_0376,protein_0085,0.1346153846153846
protein_0376,protein_0086,0.1509433962264151
protein_0376,protein_0087,0.1717171717171717
protein_0376,protein_0088,0.16666666666666666
protein_0376,protein_0089,0.16279069767441862
protein_0376,protein_0090,0.16279069767441862
protein_0376,protein_0091,0.15702479338842976
protein_0376,protein_0092,0.15702479338842976
protein_0376,protein_0095,0.171875
protein_0376,protein_0096,0.31313131313131315
protein_0376,protein_0097,0.1941747572815534
protein_0376,protein_0098,0.15384615384615385
protein_0376,protein_0099,0.14705882352941177
protein_0376,protein_0100,0.15151515151515152
protein_0376,protein_0101,0.18867924528301888
protein_0376,protein_0102,0.14678899082568808
protein_0376,protein_0103,0.20192307692307693
protein_0376,protein_0105,0.10891089108910891
protein_0376,protein_0106,0.13333333333333333
protein_0376,protein_0107,0.1485148514851485
protein_0376,protein_0108,0.13333333333333333
protein_0376,protein_0109,0.1414141414141414
protein_0376,protein_0110,0.19230769230769232
protein_0376,protein_0111,0.1717171717171717
protein_0376,protein_0112,0.10476190476190476
protein_0376,protein_0115,0.14814814814814814
protein_0376,protein_0117,0.16101694915254236
protein_0376,protein_0118,0.1568627450980392
protein_0376,protein_0119,0.18487394957983194
protein_0376,protein_0120,0.18691588785046728
protein_0376,protein_0121,0.18691588785046728
protein_0376,protein_0122,0.16161616161616163
protein_0376,protein_0123,0.18181818181818182
protein_0376,protein_0124,0.18691588785046728
protein_0376,protein_0125,0.5050505050505051
protein_0376,protein_0127,0.1651376146788991
protein_0376,protein_0128,0.1509433962264151
protein_0376,protein_0129,0.15384615384615385
protein_0376,protein_0130,0.20930232558139536
protein_0376,protein_0131,0.16
protein_0376,protein_0133,0.1592920353982301
protein_0376,protein_0134,0.19230769230769232
protein_0376,protein_0135,0.1262135922330097
protein_0376,protein_0136,0.15079365079365079
protein_0376,protein_0137,0.14516129032258066
protein_0376,protein_0138,0.14516129032258066
protein_0376,protein_0139,0.18
protein_0376,protein_0140,0.16216216216216217
protein_0376,protein_0142,0.22115384615384615
protein_0376,protein_0143,0.15
protein_0376,protein_0144,0.15384615384615385
protein_0376,protein_0145,0.16831683168316833
protein_0376,protein_0146,0.18
protein_0376,protein_0147,0.1717171717171717
protein_0376,protein_0148,0.1415929203539823
protein_0376,protein_0149,0.16
protein_0376,protein_0150,0.16666666666666666
protein_0376,protein_0151,0.17142857142857143
protein_0376,protein_0152,0.17307692307692307
protein_0376,protein_0153,0.1509433962264151
protein_0376,protein_0154,0.14563106796116504
protein_0376,protein_0155,0.15384615384615385
protein_0376,protein_0156,0.21551724137931033
protein_0376,protein_0157,0.15151515151515152
protein_0376,protein_0159,0.12871287128712872
protein_0376,protein_0160,0.18691588785046728
protein_0376,protein_0161,0.1484375
protein_0376,protein_0162,0.17475728155339806
protein_0376,protein_0163,0.12149532710280374
protein_0376,protein_0164,0.1651376146788991
protein_0376,protein_0165,0.13131313131313133
protein_0376,protein_0166,0.1651376146788991
protein_0376,protein_0167,0.140625
protein_0376,protein_0168,0.14393939393939395
protein_0376,protein_0169,0.14388489208633093
protein_0376,protein_0170,0.13
protein_0376,protein_0171,0.16666666666666666
protein_0376,protein_0172,0.1746031746031746
protein_0376,protein_0173,0.17142857142857143
protein_0376,protein_0174,0.1650485436893204
protein_0376,protein_0175,0.17475728155339806
protein_0376,protein_0176,0.15151515151515152
protein_0376,protein_0177,0.1553398058252427
protein_0376,protein_0178,0.12686567164179105
protein_0376,protein_0179,0.125
protein_0376,protein_0180,0.22772277227722773
protein_0376,protein_0181,0.21153846153846154
protein_0376,protein_0182,0.15151515151515152
protein_0376,protein_0183,0.26262626262626265
protein_0376,protein_0184,0.1523809523809524
protein_0376,protein_0185,0.1782178217821782
protein_0376,protein_0186,0.27884615384615385
protein_0376,protein_0187,0.18446601941747573
protein_0376,protein_0188,0.14
protein_0376,protein_0189,0.1346153846153846
protein_0376,protein_0190,0.17647058823529413
protein_0376,protein_0191,0.1346153846153846
protein_0376,protein_0192,0.17592592592592593
protein_0376,protein_0194,0.20388349514563106
protein_0376,protein_0195,0.1619047619047619
protein_0376,protein_0196,0.1619047619047619
protein_0376,protein_0197,0.19230769230769232
protein_0376,protein_0198,0.1346153846153846
protein_0376,protein_0199,0.1574074074074074
protein_0376,protein_0200,0.21904761904761905
protein_0376,protein_0201,0.11538461538461539
protein_0376,protein_0202,0.1415929203539823
protein_0376,protein_0203,0.15
protein_0376,protein_0204,0.1717171717171717
protein_0376,protein_0205,0.10328638497652583
protein_0376,protein_0206,0.20192307692307693
protein_0376,protein_0207,0.15267175572519084
protein_0376,protein_0208,0.16806722689075632
protein_0376,protein_0211,0.1559633027522936
protein_0376,protein_0212,0.12121212121212122
protein_0376,protein_0213,0.16161616161616163
protein_0376,protein_0214,0.1111111111111111
protein_0376,protein_0215,0.06
protein_0376,protein_0216,0.1588785046728972
protein_0376,protein_0217,0.18269230769230768
protein_0376,protein_0218,0.144
protein_0376,protein_0219,0.14516129032258066
protein_0376,protein_0220,0.1553398058252427
protein_0376,protein_0221,0.15151515151515152
protein_0376,protein_0222,0.19230769230769232
protein_0376,protein_0223,0.12871287128712872
protein_0376,protein_0224,0.16161616161616163
protein_0376,protein_0226,0.22321428571428573
protein_0376,protein_0227,0.1414141414141414
protein_0376,protein_0228,0.12612612612612611
protein_0376,protein_0229,0.20192307692307693
protein_0376,protein_0230,0.18691588785046728
protein_0376,protein_0233,0.16535433070866143
protein_0376,protein_0234,0.6161616161616161
protein_0376,protein_0235,0.17757009345794392
protein_0376,protein_0236,0.14965986394557823
protein_0376,protein_0237,0.14965986394557823
protein_0376,protein_0238,0.10606060606060606
protein_0376,protein_0239,0.1810344827586207
protein_0376,protein_0240,0.14912280701754385
protein_0376,protein_0241,0.16822429906542055
protein_0376,protein_0242,0.18181818181818182
protein_0376,protein_0243,0.16822429906542055
protein_0376,protein_0244,0.18627450980392157
protein_0376,protein_0245,0.18699186991869918
protein_0376,protein_0246,0.48484848484848486
protein_0376,protein_0247,0.17592592592592593
protein_0376,protein_0248,0.1717171717171717
protein_0376,protein_0249,0.17592592592592593
protein_0376,protein_0250,0.22857142857142856
protein_0376,protein_0251,0.1553398058252427
protein_0376,protein_0252,0.18
protein_0376,protein_0253,0.1592920353982301
protein_0376,protein_0254,0.17647058823529413
protein_0376,protein_0255,0.11695906432748537
protein_0376,protein_0256,0.16071428571428573
protein_0376,protein_0257,0.16666666666666666
protein_0376,protein_0258,0.18269230769230768
protein_0376,protein_0259,0.18181818181818182
protein_0376,protein_0260,0.18181818181818182
protein_0376,protein_0263,0.15827338129496402
protein_0376,protein_0264,0.15384615384615385
protein_0376,protein_0265,0.15384615384615385
protein_0376,protein_0267,0.1415929203539823
protein_0376,protein_0268,0.19811320754716982
protein_0376,protein_0269,0.16129032258064516
protein_0376,protein_0270,0.08080808080808081
protein_0376,protein_0272,0.15384615384615385
protein_0376,protein_0273,0.14423076923076922
protein_0376,protein_0274,0.16981132075471697
protein_0376,protein_0275,0.53
protein_0376,protein_0276,0.14705882352941177
protein_0376,protein_0277,0.1111111111111111
protein_0376,protein_0279,0.16216216216216217
protein_0376,protein_0281,0.13333333333333333
protein_0376,protein_0282,0.15
protein_0376,protein_0283,0.1031390134529148
protein_0376,protein_0284,0.18518518518518517
protein_0376,protein_0285,0.2403846153846154
protein_0376,protein_0286,0.14563106796116504
protein_0376,protein_0287,0.18421052631578946
protein_0376,protein_0288,0.1523809523809524
protein_0376,protein_0289,0.1523809523809524
protein_0376,protein_0290,0.12173913043478261
protein_0376,protein_0291,0.18181818181818182
protein_0376,protein_0292,0.1568627450980392
protein_0376,protein_0293,0.16346153846153846
protein_0376,protein_0294,0.18181818181818182
protein_0376,protein_0295,0.15151515151515152
protein_0376,protein_0296,0.17355371900826447
protein_0376,protein_0297,0.16161616161616163
protein_0376,protein_0298,0.12121212121212122
protein_0376,protein_0299,0.15841584158415842
protein_0376,protein_0300,0.19230769230769232
protein_0376,protein_0301,0.19230769230769232
protein_0376,protein_0302,0.11059907834101383
protein_0376,protein_0303,0.16161616161616163
protein_0376,protein_0304,0.18867924528301888
protein_0376,protein_0305,0.1926605504587156
protein_0376,protein_0306,0.15748031496062992
protein_0376,protein_0307,0.13333333333333333
protein_0376,protein_0308,0.15503875968992248
protein_0376,protein_0309,0.2079207920792079
protein_0376,protein_0310,0.7777777777777778
protein_0376,protein_0311,0.22018348623853212
protein_0376,protein_0312,0.17757009345794392
protein_0376,protein_0313,0.1592920353982301
protein_0376,protein_0314,0.12096774193548387
protein_0376,protein_0315,0.17557251908396945
protein_0376,protein_0316,0.16161616161616163
protein_0376,protein_0317,0.12264150943396226
protein_0376,protein_0318,0.1322314049586777
protein_0376,protein_0319,0.21153846153846154
protein_0376,protein_0320,0.18518518518518517
protein_0376,protein_0321,0.2
protein_0376,protein_0322,0.14285714285714285
protein_0376,protein_0323,0.12037037037037036
protein_0376,protein_0324,0.12745098039215685
protein_0376,protein_0325,0.168
protein_0376,protein_0326,0.15
protein_0376,protein_0327,0.16822429906542055
protein_0376,protein_0328,0.14615384615384616
protein_0376,protein_0330,0.17117117117117117
protein_0376,protein_0331,0.1717171717171717
protein_0376,protein_0332,0.21495327102803738
protein_0376,protein_0333,0.17307692307692307
protein_0376,protein_0334,0.14655172413793102
protein_0376,protein_0335,0.15315315315315314
protein_0376,protein_0336,0.16831683168316833
protein_0376,protein_0337,0.22018348623853212
protein_0376,protein_0338,0.17475728155339806
protein_0376,protein_0339,0.1782178217821782
protein_0376,protein_0340,0.14423076923076922
protein_0376,protein_0341,0.19130434782608696
protein_0376,protein_0343,0.1414141414141414
protein_0376,protein_0344,0.15841584158415842
protein_0376,protein_0345,0.16666666666666666
protein_0376,protein_0346,0.16666666666666666
protein_0376,protein_0347,0.18627450980392157
protein_0376,protein_0348,0.16260162601626016
protein_0376,protein_0349,0.18018018018018017
protein_0376,protein_0350,0.15841584158415842
protein_0376,protein_0351,0.16346153846153846
protein_0376,protein_0352,0.1553398058252427
protein_0376,protein_0353,0.13043478260869565
protein_0376,protein_0354,0.18446601941747573
protein_0376,protein_0355,0.21100917431192662
protein_0376,protein_0356,0.16161616161616163
protein_0376,protein_0357,0.140625
protein_0376,protein_0358,0.1782178217821782
protein_0376,protein_0359,0.152
protein_0376,protein_0360,0.205607476635514
protein_0376,protein_0362,0.12962962962962962
protein_0376,protein_0363,0.12962962962962962
protein_0376,protein_0364,0.12962962962962962
protein_0376,protein_0365,0.1574074074074074
protein_0376,protein_0366,0.1574074074074074
protein_0376,protein_0367,0.7272727272727273
protein_0376,protein_0368,0.1568627450980392
protein_0376,protein_0369,0.13725490196078433
protein_0376,protein_0370,0.15841584158415842
protein_0376,protein_0371,0.14423076923076922
protein_0376,protein_0372,0.1187214611872146
protein_0376,protein_0373,0.15873015873015872
protein_0376,protein_0374,0.15873015873015872
protein_0376,protein_0375,0.22641509433962265
protein_0376,protein_0377,0.15384615384615385
protein_0376,protein_0378,0.10091743119266056
protein_0376,protein_0379,0.20689655172413793
protein_0376,protein_0380,0.20689655172413793
protein_0376,protein_0381,0.20689655172413793
protein_0376,protein_0382,0.19607843137254902
protein_0376,protein_0383,0.1919191919191919
protein_0376,protein_0384,0.14563106796116504
protein_0376,protein_0386,0.10679611650485436
protein_0376,protein_0387,0.22018348623853212
protein_0376,protein_0388,0.1650485436893204
protein_0376,protein_0389,0.1717171717171717
protein_0376,protein_0390,0.20192307692307693
protein_0376,protein_0392,0.2018348623853211
protein_0376,protein_0393,0.21100917431192662
protein_0376,protein_0394,0.13793103448275862
protein_0376,protein_0397,0.17307692307692307
protein_0376,protein_0398,0.168
protein_0376,protein_0399,0.1919191919191919
protein_0385,protein_0001,0.12745098039215685
protein_0385,protein_0002,0.1
protein_0385,protein_0003,0.14285714285714285
protein_0385,protein_0004,0.20175438596491227
protein_0385,protein_0005,0.14285714285714285
protein_0385,protein_0006,0.1111111111111111
protein_0385,protein_0007,0.16666666666666666
protein_0385,protein_0008,0.2727272727272727
protein_0385,protein_0010,0.1346153846153846
protein_0385,protein_0011,0.16831683168316833
protein_0385,protein_0012,0.16831683168316833
protein_0385,protein_0013,0.12037037037037036
protein_0385,protein_0014,0.21
protein_0385,protein_0016,0.2912621359223301
protein_0385,protein_0017,0.1232876712328767
protein_0385,protein_0018,0.13725490196078433
protein_0385,protein_0019,0.1414141414141414
protein_0385,protein_0020,0.1651376146788991
protein_0385,protein_0021,0.19230769230769232
protein_0385,protein_0022,0.16666666666666666
protein_0385,protein_0023,0.1875
protein_0385,protein_0024,0.1532258064516129
protein_0385,protein_0025,0.17592592592592593
protein_0385,protein_0026,0.11409395973154363
protein_0385,protein_0027,0.1523809523809524
protein_0385,protein_0028,0.11214953271028037
protein_0385,protein_0029,0.12745098039215685
protein_0385,protein_0030,0.12195121951219512
protein_0385,protein_0031,0.2727272727272727
protein_0385,protein_0032,0.1651376146788991
protein_0385,protein_0034,0.20192307692307693
protein_0385,protein_0035,0.16964285714285715
protein_0385,protein_0036,0.13861386138613863
protein_0385,protein_0037,0.14953271028037382
protein_0385,protein_0038,0.14953271028037382
protein_0385,protein_0039,0.18867924528301888
protein_0385,protein_0040,0.12121212121212122
protein_0385,protein_0041,0.16964285714285715
protein_0385,protein_0043,0.14678899082568808
protein_0385,protein_0044,0.14678899082568808
protein_0385,protein_0045,0.16666666666666666
protein_0385,protein_0046,0.15
protein_0385,protein_0047,0.168141592920354
protein_0385,protein_0048,0.1592920353982301
protein_0385,protein_0049,0.16666666666666666
protein_0385,protein_0050,0.29
protein_0385,protein_0051,0.15151515151515152
protein_0385,protein_0052,0.16831683168316833
protein_0385,protein_0053,0.18811881188118812
protein_0385,protein_0054,0.15503875968992248
protein_0385,protein_0055,0.17355371900826447
protein_0385,protein_0058,0.13592233009708737
protein_0385,protein_0059,0.12844036697247707
protein_0385,protein_0060,0.1504424778761062
protein_0385,protein_0061,0.17592592592592593
protein_0385,protein_0062,0.12871287128712872
protein_0385,protein_0063,0.12149532710280374
protein_0385,protein_0064,0.09433962264150944
protein_0385,protein_0065,0.2222222222222222
protein_0385,protein_0066,0.1553398058252427
protein_0385,protein_0067,0.1619047619047619
protein_0385,protein_0068,0.1651376146788991
protein_0385,protein_0069,0.1388888888888889
protein_0385,protein_0070,0.13131313131313133
protein_0385,protein_0071,0.19811320754716982
protein_0385,protein_0073,0.15
protein_0385,protein_0074,0.2222222222222222
protein_0385,protein_0075,0.12612612612612611
protein_0385,protein_0076,0.10891089108910891
protein_0385,protein_0078,0.1834862385321101
protein_0385,protein_0079,0.1834862385321101
protein_0385,protein_0080,0.1
protein_0385,protein_0081,0.14150943396226415
protein_0385,protein_0082,0.1282051282051282
protein_0385,protein_0083,0.15151515151515152
protein_0385,protein_0085,0.11965811965811966
protein_0385,protein_0086,0.1282051282051282
protein_0385,protein_0087,0.13131313131313133
protein_0385,protein_0088,0.16666666666666666
protein_0385,protein_0089,0.10909090909090909
protein_0385,protein_0090,0.112
protein_0385,protein_0091,0.19230769230769232
protein_0385,protein_0092,0.19230769230769232
protein_0385,protein_0095,0.14166666666666666
protein_0385,protein_0096,0.23232323232323232
protein_0385,protein_0097,0.14705882352941177
protein_0385,protein_0098,0.13592233009708737
protein_0385,protein_0099,0.1388888888888889
protein_0385,protein_0100,0.1717171717171717
protein_0385,protein_0101,0.16
protein_0385,protein_0102,0.1588785046728972
protein_0385,protein_0103,0.1553398058252427
protein_0385,protein_0105,0.09803921568627451
protein_0385,protein_0106,0.19166666666666668
protein_0385,protein_0107,0.1188118811881188
protein_0385,protein_0108,0.10784313725490197
protein_0385,protein_0109,0.12121212121212122
protein_0385,protein_0110,0.13761467889908258
protein_0385,protein_0111,0.16666666666666666
protein_0385,protein_0112,0.11304347826086956
protein_0385,protein_0115,0.16161616161616163
protein_0385,protein_0117,0.15126050420168066
protein_0385,protein_0118,0.16
protein_0385,protein_0119,0.17475728155339806
protein_0385,protein_0120,0.18867924528301888
protein_0385,protein_0121,0.18867924528301888
protein_0385,protein_0122,0.13761467889908258
protein_0385,protein_0123,0.14
protein_0385,protein_0124,0.18867924528301888
protein_0385,protein_0125,0.26262626262626265
protein_0385,protein_0127,0.2
protein_0385,protein_0128,0.1485148514851485
protein_0385,protein_0129,0.18421052631578946
protein_0385,protein_0130,0.11666666666666667
protein_0385,protein_0131,0.1414141414141414
protein_0385,protein_0133,0.1623931623931624
protein_0385,protein_0134,0.1262135922330097
protein_0385,protein_0135,0.13513513513513514
protein_0385,protein_0136,0.168
protein_0385,protein_0137,0.16101694915254236
protein_0385,protein_0138,0.16101694915254236
protein_0385,protein_0139,0.12871287128712872
protein_0385,protein_0140,0.16071428571428573
protein_0385,protein_0142,0.12380952380952381
protein_0385,protein_0143,0.1834862385321101
protein_0385,protein_0144,0.1588785046728972
protein_0385,protein_0145,0.15384615384615385
protein_0385,protein_0146,0.125
protein_0385,protein_0147,0.13861386138613863
protein_0385,protein_0148,0.1308411214953271
protein_0385,protein_0149,0.14563106796116504
protein_0385,protein_0150,0.102803738317757
protein_0385,protein_0151,0.14414414414414414
protein_0385,protein_0152,0.1568627450980392
protein_0385,protein_0153,0.16
protein_0385,protein_0154,0.1553398058252427
protein_0385,protein_0155,0.1271186440677966
protein_0385,protein_0156,0.19491525423728814
protein_0385,protein_0157,0.16161616161616163
protein_0385,protein_0159,0.17647058823529413
protein_0385,protein_0160,0.1941747572815534
protein_0385,protein_0161,0.15126050420168066
protein_0385,protein_0162,0.16666666666666666
protein_0385,protein_0163,0.1111111111111111
protein_0385,protein_0164,0.1588785046728972
protein_0385,protein_0165,0.13861386138613863
protein_0385,protein_0166,0.1559633027522936
protein_0385,protein_0167,0.13821138211382114
protein_0385,protein_0168,0.1652892561983471
protein_0385,protein_0169,0.12903225806451613
protein_0385,protein_0170,0.18181818181818182
protein_0385,protein_0171,0.1414141414141414
protein_0385,protein_0172,0.18181818181818182
protein_0385,protein_0173,0.1509433962264151
protein_0385,protein_0174,0.1941747572815534
protein_0385,protein_0175,0.1941747572815534
protein_0385,protein_0176,0.14
protein_0385,protein_0177,0.14423076923076922
protein_0385,protein_0178,0.16101694915254236
protein_0385,protein_0179,0.152
protein_0385,protein_0180,0.20192307692307693
protein_0385,protein_0181,0.14423076923076922
protein_0385,protein_0182,0.1509433962264151
protein_0385,protein_0183,0.8888888888888888
protein_0385,protein_0184,0.1111111111111111
protein_0385,protein_0185,0.20202020202020202
protein_0385,protein_0186,0.8686868686868687
protein_0385,protein_0187,0.19811320754716982
protein_0385,protein_0188,0.18181818181818182
protein_0385,protein_0189,0.18269230769230768
protein_0385,protein_0190,0.15841584158415842
protein_0385,protein_0191,0.16666666666666666
protein_0385,protein_0192,0.14545454545454545
protein_0385,protein_0194,0.1111111111111111
protein_0385,protein_0195,0.168141592920354
protein_0385,protein_0196,0.17699115044247787
protein_0385,protein_0197,0.18691588785046728
protein_0385,protein_0198,0.12871287128712872
protein_0385,protein_0199,0.1320754716981132
protein_0385,protein_0200,0.16216216216216217
protein_0385,protein_0201,0.15454545454545454
protein_0385,protein_0202,0.14814814814814814
protein_0385,protein_0203,0.18487394957983194
protein_0385,protein_0204,0.13725490196078433
protein_0385,protein_0205,0.13679245283018868
protein_0385,protein_0206,0.16831683168316833
protein_0385,protein_0207,0.1796875
protein_0385,protein_0208,0.18584070796460178
protein_0385,protein_0211,0.12173913043478261
protein_0385,protein_0212,0.13131313131313133
protein_0385,protein_0213,0.18627450980392157
protein_0385,protein_0214,0.12745098039215685
protein_0385,protein_0215,0.17
protein_0385,protein_0216,0.10576923076923077
protein_0385,protein_0217,0.13131313131313133
protein_0385,protein_0218,0.15602836879432624
protein_0385,protein_0219,0.16535433070866143
protein_0385,protein_0220,0.1111111111111111
protein_0385,protein_0221,0.1414141414141414
protein_0385,protein_0222,0.16822429906542055
protein_0385,protein_0223,0.14
protein_0385,protein_0224,0.14
protein_0385,protein_0226,0.1509433962264151
protein_0385,protein_0227,0.14
protein_0385,protein_0228,0.12727272727272726
protein_0385,protein_0229,0.1414141414141414
protein_0385,protein_0230,0.11711711711711711
protein_0385,protein_0233,0.1417910447761194
protein_0385,protein_0234,0.2727272727272727
protein_0385,protein_0235,0.14705882352941177
protein_0385,protein_0236,0.1258741258741259
protein_0385,protein_0237,0.1258741258741259
protein_0385,protein_0238,0.15151515151515152
protein_0385,protein_0239,0.18518518518518517
protein_0385,protein_0240,0.17592592592592593
protein_0385,protein_0241,0.16666666666666666
protein_0385,protein_0242,0.2
protein_0385,protein_0243,0.18867924528301888
protein_0385,protein_0244,0.1717171717171717
protein_0385,protein_0245,0.15315315315315314
protein_0385,protein_0246,0.2727272727272727
protein_0385,protein_0247,0.16666666666666666
protein_0385,protein_0248,0.1782178217821782
protein_0385,protein_0249,0.12745098039215685
protein_0385,protein_0250,0.17699115044247787
protein_0385,protein_0251,0.16964285714285715
protein_0385,protein_0252,0.1574074074074074
protein_0385,protein_0253,0.18333333333333332
protein_0385,protein_0254,0.1568627450980392
protein_0385,protein_0255,0.10734463276836158
protein_0385,protein_0256,0.1559633027522936
protein_0385,protein_0257,0.1559633027522936
protein_0385,protein_0258,0.1414141414141414
protein_0385,protein_0259,0.14705882352941177
protein_0385,protein_0260,0.14705882352941177
protein_0385,protein_0263,0.15384615384615385
protein_0385,protein_0264,0.16666666666666666
protein_0385,protein_0265,0.16666666666666666
protein_0385,protein_0267,0.18518518518518517
protein_0385,protein_0268,0.15151515151515152
protein_0385,protein_0269,0.18333333333333332
protein_0385,protein_0270,0.1743119266055046
protein_0385,protein_0272,0.1592356687898089
protein_0385,protein_0273,0.16025641025641027
protein_0385,protein_0274,0.13333333333333333
protein_0385,protein_0275,0.29292929292929293
protein_0385,protein_0276,0.14705882352941177
protein_0385,protein_0277,0.1414141414141414
protein_0385,protein_0279,0.16981132075471697
protein_0385,protein_0281,0.1694915254237288
protein_0385,protein_0282,0.10810810810810811
protein_0385,protein_0283,0.10550458715596331
protein_0385,protein_0284,0.14953271028037382
protein_0385,protein_0285,0.2079207920792079
protein_0385,protein_0286,0.16666666666666666
protein_0385,protein_0287,0.1794871794871795
protein_0385,protein_0288,0.1320754716981132
protein_0385,protein_0289,0.16666666666666666
protein_0385,protein_0290,0.10784313725490197
protein_0385,protein_0291,0.1891891891891892
protein_0385,protein_0292,0.15151515151515152
protein_0385,protein_0293,0.1346153846153846
protein_0385,protein_0294,0.1891891891891892
protein_0385,protein_0295,0.13725490196078433
protein_0385,protein_0296,0.15873015873015872
protein_0385,protein_0297,0.1485148514851485
protein_0385,protein_0298,0.16
protein_0385,protein_0299,0.18269230769230768
protein_0385,protein_0300,0.1111111111111111
protein_0385,protein_0301,0.12
protein_0385,protein_0302,0.08755760368663594
protein_0385,protein_0303,0.12037037037037036
protein_0385,protein_0304,0.1568627450980392
protein_0385,protein_0305,0.19811320754716982
protein_0385,protein_0306,0.17647058823529413
protein_0385,protein_0307,0.15254237288135594
protein_0385,protein_0308,0.16666666666666666
protein_0385,protein_0309,0.17757009345794392
protein_0385,protein_0310,0.26262626262626265
protein_0385,protein_0311,0.1743119266055046
protein_0385,protein_0312,0.14814814814814814
protein_0385,protein_0313,0.1509433962264151
protein_0385,protein_0314,0.10526315789473684
protein_0385,protein_0315,0.15833333333333333
protein_0385,protein_0316,0.12121212121212122
protein_0385,protein_0317,0.12264150943396226
protein_0385,protein_0318,0.16101694915254236
protein_0385,protein_0319,0.1782178217821782
protein_0385,protein_0320,0.1568627450980392
protein_0385,protein_0321,0.1509433962264151
protein_0385,protein_0322,0.168141592920354
protein_0385,protein_0323,0.14705882352941177
protein_0385,protein_0324,0.1782178217821782
protein_0385,protein_0325,0.14049586776859505
protein_0385,protein_0326,0.15
protein_0385,protein_0327,0.16666666666666666
protein_0385,protein_0328,0.15178571428571427
protein_0385,protein_0330,0.19
protein_0385,protein_0331,0.12121212121212122
protein_0385,protein_0332,0.18095238095238095
protein_0385,protein_0333,0.1509433962264151
protein_0385,protein_0334,0.14782608695652175
protein_0385,protein_0335,0.1504424778761062
protein_0385,protein_0336,0.1574074074074074
protein_0385,protein_0337,0.1891891891891892
protein_0385,protein_0338,0.15841584158415842
protein_0385,protein_0339,0.1414141414141414
protein_0385,protein_0340,0.12173913043478261
protein_0385,protein_0341,0.19008264462809918
protein_0385,protein_0343,0.14705882352941177
protein_0385,protein_0344,0.1553398058252427
protein_0385,protein_0345,0.1826086956521739
protein_0385,protein_0346,0.1826086956521739
protein_0385,protein_0347,0.15151515151515152
protein_0385,protein_0348,0.15966386554621848
protein_0385,protein_0349,0.09401709401709402
protein_0385,protein_0350,0.1553398058252427
protein_0385,protein_0351,0.18811881188118812
protein_0385,protein_0352,0.13592233009708737
protein_0385,protein_0353,0.1896551724137931
protein_0385,protein_0354,0.16363636363636364
protein_0385,protein_0355,0.2
protein_0385,protein_0356,0.15
protein_0385,protein_0357,0.13385826771653545
protein_0385,protein_0358,0.1553398058252427
protein_0385,protein_0359,0.14634146341463414
protein_0385,protein_0360,0.19090909090909092
protein_0385,protein_0362,0.16666666666666666
protein_0385,protein_0363,0.16666666666666666
protein_0385,protein_0364,0.13761467889908258
protein_0385,protein_0365,0.12962962962962962
protein_0385,protein_0366,0.14414414414414414
protein_0385,protein_0367,0.2222222222222222
protein_0385,protein_0368,0.1262135922330097
protein_0385,protein_0369,0.12745098039215685
protein_0385,protein_0370,0.1553398058252427
protein_0385,protein_0371,0.16363636363636364
protein_0385,protein_0372,0.11210762331838565
protein_0385,protein_0373,0.11304347826086956
protein_0385,protein_0374,0.1452991452991453
protein_0385,protein_0375,0.14953271028037382
protein_0385,protein_0377,0.12121212121212122
protein_0385,protein_0378,0.16071428571428573
protein_0385,protein_0379,0.18
protein_0385,protein_0380,0.18
protein_0385,protein_0381,0.18
protein_0385,protein_0382,0.125
protein_0385,protein_0383,0.17647058823529413
protein_0385,protein_0384,0.1651376146788991
protein_0385,protein_0386,0.08270676691729323
protein_0385,protein_0387,0.0990990990990991
protein_0385,protein_0388,0.14
protein_0385,protein_0389,0.14953271028037382
protein_0385,protein_0390,0.15384615384615385
protein_0385,protein_0392,0.19444444444444445
protein_0385,protein_0393,0.17592592592592593
protein_0385,protein_0394,0.14285714285714285
protein_0385,protein_0397,0.14414414414414414
protein_0385,protein_0398,0.15966386554621848
protein_0385,protein_0399,0.13131313131313133
protein_0391,protein_0001,0.17045454545454544
protein_0391,protein_0002,0.15555555555555556
protein_0391,protein_0003,0.25
protein_0391,protein_0004,0.25274725274725274
protein_0391,protein_0005,0.14432989690721648
protein_0391,protein_0006,0.18681318681318682
protein_0391,protein_0007,0.14772727272727273
protein_0391,protein_0008,0.16346153846153846
protein_0391,protein_0010,0.1958762886597938
protein_0391,protein_0011,0.2111111111111111
protein_0391,protein_0012,0.22105263157894736
protein_0391,protein_0013,0.16853932584269662
protein_0391,protein_0014,0.17592592592592593
protein_0391,protein_0016,0.20202020202020202
protein_0391,protein_0017,0.140625
protein_0391,protein_0018,0.25
protein_0391,protein_0019,0.1590909090909091
protein_0391,protein_0020,0.21739130434782608
protein_0391,protein_0021,0.20430107526881722
protein_0391,protein_0022,0.17346938775510204
protein_0391,protein_0023,0.14285714285714285
protein_0391,protein_0024,0.13445378151260504
protein_0391,protein_0025,0.22105263157894736
protein_0391,protein_0026,0.13076923076923078
protein_0391,protein_0027,0.22826086956521738
protein_0391,protein_0028,0.15384615384615385
protein_0391,protein_0029,0.14772727272727273
protein_0391,protein_0030,0.17829457364341086
protein_0391,protein_0031,0.17117117117117117
protein_0391,protein_0032,0.21978021978021978
protein_0391,protein_0034,0.21978021978021978
protein_0391,protein_0035,0.1523809523809524
protein_0391,protein_0036,0.20224719101123595
protein_0391,protein_0037,0.23655913978494625
protein_0391,protein_0038,0.23655913978494625
protein_0391,protein_0039,0.22826086956521738
protein_0391,protein_0040,0.12359550561797752
protein_0391,protein_0041,0.23404255319148937
protein_0391,protein_0043,0.1978021978021978
protein_0391,protein_0044,0.17777777777777778
protein_0391,protein_0045,0.20652173913043478
protein_0391,protein_0046,0.17045454545454544
protein_0391,protein_0047,0.18888888888888888
protein_0391,protein_0048,0.2
protein_0391,protein_0049,0.2111111111111111
protein_0391,protein_0050,0.1834862385321101
protein_0391,protein_0051,0.15555555555555556
protein_0391,protein_0052,0.24175824175824176
protein_0391,protein_0053,0.2127659574468085
protein_0391,protein_0054,0.144
protein_0391,protein_0055,0.15966386554621848
protein_0391,protein_0058,0.1717171717171717
protein_0391,protein_0059,0.1978021978021978
protein_0391,protein_0060,0.12871287128712872
protein_0391,protein_0061,0.7727272727272727
protein_0391,protein_0062,0.2608695652173913
protein_0391,protein_0063,0.0892018779342723
protein_0391,protein_0064,0.26373626373626374
protein_0391,protein_0065,0.18181818181818182
protein_0391,protein_0066,0.12612612612612611
protein_0391,protein_0067,0.2111111111111111
protein_0391,protein_0068,0.22826086956521738
protein_0391,protein_0069,0.2087912087912088
protein_0391,protein_0070,0.17708333333333334
protein_0391,protein_0071,0.16666666666666666
protein_0391,protein_0073,0.16666666666666666
protein_0391,protein_0074,0.125
protein_0391,protein_0075,0.19444444444444445
protein_0391,protein_0076,0.12359550561797752
protein_0391,protein_0078,0.19469026548672566
protein_0391,protein_0079,0.19469026548672566
protein_0391,protein_0080,0.18947368421052632
protein_0391,protein_0081,0.19148936170212766
protein_0391,protein_0082,0.16964285714285715
protein_0391,protein_0083,0.2
protein_0391,protein_0085,0.15315315315315314
protein_0391,protein_0086,0.1559633027522936
protein_0391,protein_0087,0.14736842105263157
protein_0391,protein_0088,0.22826086956521738
protein_0391,protein_0089,0.13008130081300814
protein_0391,protein_0090,0.12903225806451613
protein_0391,protein_0091,0.13445378151260504
protein_0391,protein_0092,0.13445378151260504
protein_0391,protein_0095,0.13821138211382114
protein_0391,protein_0096,0.14912280701754385
protein_0391,protein_0097,0.22916666666666666
protein_0391,protein_0098,0.20652173913043478
protein_0391,protein_0099,0.13
protein_0391,protein_0100,0.1590909090909091
protein_0391,protein_0101,0.15555555555555556
protein_0391,protein_0102,0.17894736842105263
protein_0391,protein_0103,0.24242424242424243
protein_0391,protein_0105,0.1590909090909091
protein_0391,protein_0106,0.16260162601626016
protein_0391,protein_0107,0.24175824175824176
protein_0391,protein_0108,0.26881720430107525
protein_0391,protein_0109,0.16483516483516483
protein_0391,protein_0110,0.2111111111111111
protein_0391,protein_0111,0.1956521739130435
protein_0391,protein_0112,0.1651376146788991
protein_0391,protein_0115,0.25
protein_0391,protein_0117,0.1282051282051282
protein_0391,protein_0118,0.17582417582417584
protein_0391,protein_0119,0.16216216216216217
protein_0391,protein_0120,0.23404255319148937
protein_0391,protein_0121,0.23404255319148937
protein_0391,protein_0122,0.24731182795698925
protein_0391,protein_0123,0.1348314606741573
protein_0391,protein_0124,0.2087912087912088
protein_0391,protein_0125,0.11214953271028037
protein_0391,protein_0127,0.25263157894736843
protein_0391,protein_0128,0.2222222222222222
protein_0391,protein_0129,0.23333333333333334
protein_0391,protein_0130,0.13274336283185842
protein_0391,protein_0131,0.10989010989010989
protein_0391,protein_0133,0.2072072072072072
protein_0391,protein_0134,0.2
protein_0391,protein_0135,0.2717391304347826
protein_0391,protein_0136,0.13559322033898305
protein_0391,protein_0137,0.1282051282051282
protein_0391,protein_0138,0.1282051282051282
protein_0391,protein_0139,0.1590909090909091
protein_0391,protein_0140,0.20212765957446807
protein_0391,protein_0142,0.23404255319148937
protein_0391,protein_0143,0.2222222222222222
protein_0391,protein_0144,0.2222222222222222
protein_0391,protein_0145,0.1590909090909091
protein_0391,protein_0146,0.13541666666666666
protein_0391,protein_0147,0.2222222222222222
protein_0391,protein_0148,0.26373626373626374
protein_0391,protein_0149,0.16853932584269662
protein_0391,protein_0150,0.2391304347826087
protein_0391,protein_0151,0.32222222222222224
protein_0391,protein_0152,0.16853932584269662
protein_0391,protein_0153,0.16326530612244897
protein_0391,protein_0154,0.16666666666666666
protein_0391,protein_0155,0.15126050420168066
protein_0391,protein_0156,0.18518518518518517
protein_0391,protein_0157,0.2222222222222222
protein_0391,protein_0159,0.2127659574468085
protein_0391,protein_0160,0.21052631578947367
protein_0391,protein_0161,0.14166666666666666
protein_0391,protein_0162,0.2111111111111111
protein_0391,protein_0163,0.1651376146788991
protein_0391,protein_0164,0.21739130434782608
protein_0391,protein_0165,0.18181818181818182
protein_0391,protein_0166,0.2391304347826087
protein_0391,protein_0167,0.13445378151260504
protein_0391,protein_0168,0.12605042016806722
protein_0391,protein_0169,0.15
protein_0391,protein_0170,0.19101123595505617
protein_0391,protein_0171,0.22826086956521738
protein_0391,protein_0172,0.13709677419354838
protein_0391,protein_0173,0.17582417582417584
protein_0391,protein_0174,0.2087912087912088
protein_0391,protein_0175,0.19791666666666666
protein_0391,protein_0176,0.19318181818181818
protein_0391,protein_0177,0.15053763440860216
protein_0391,protein_0178,0.09734513274336283
protein_0391,protein_0179,0.11504424778761062
protein_0391,protein_0180,0.18888888888888888
protein_0391,protein_0181,0.2111111111111111
protein_0391,protein_0182,0.2087912087912088
protein_0391,protein_0183,0.19811320754716982
protein_0391,protein_0184,0.2111111111111111
protein_0391,protein_0185,0.18181818181818182
protein_0391,protein_0186,0.17592592592592593
protein_0391,protein_0187,0.20833333333333334
protein_0391,protein_0188,0.14606741573033707
protein_0391,protein_0189,0.16666666666666666
protein_0391,protein_0190,0.2222222222222222
protein_0391,protein_0191,0.22916666666666666
protein_0391,protein_0192,0.2247191011235955
protein_0391,protein_0194,0.1956521739130435
protein_0391,protein_0195,0.2111111111111111
protein_0391,protein_0196,0.2222222222222222
protein_0391,protein_0197,0.18681318681318682
protein_0391,protein_0198,0.2222222222222222
protein_0391,protein_0199,0.3333333333333333
protein_0391,protein_0200,0.2111111111111111
protein_0391,protein_0201,0.2
protein_0391,protein_0202,0.20652173913043478
protein_0391,protein_0203,0.13445378151260504
protein_0391,protein_0204,0.17391304347826086
protein_0391,protein_0205,0.11682242990654206
protein_0391,protein_0206,0.22105263157894736
protein_0391,protein_0207,0.144
protein_0391,protein_0208,0.14782608695652175
protein_0391,protein_0211,0.1651376146788991
protein_0391,protein_0212,0.125
protein_0391,protein_0213,0.2391304347826087
protein_0391,protein_0214,0.13978494623655913
protein_0391,protein_0215,0.1956521739130435
protein_0391,protein_0216,0.1782178217821782
protein_0391,protein_0217,0.18681318681318682
protein_0391,protein_0218,0.168
protein_0391,protein_0219,0.15966386554621848
protein_0391,protein_0220,0.26373626373626374
protein_0391,protein_0221,0.1836734693877551
protein_0391,protein_0222,0.2111111111111111
protein_0391,protein_0223,0.125
protein_0391,protein_0224,0.13636363636363635
protein_0391,protein_0226,0.15
protein_0391,protein_0227,0.1348314606741573
protein_0391,protein_0228,0.17582417582417584
protein_0391,protein_0229,0.13978494623655913
protein_0391,protein_0230,0.4157303370786517
protein_0391,protein_0233,0.17037037037037037
protein_0391,protein_0234,0.1919191919191919
protein_0391,protein_0235,0.14444444444444443
protein_0391,protein_0236,0.17777777777777778
protein_0391,protein_0237,0.17777777777777778
protein_0391,protein_0238,0.16666666666666666
protein_0391,protein_0239,0.20430107526881722
protein_0391,protein_0240,0.18681318681318682
protein_0391,protein_0241,0.21505376344086022
protein_0391,protein_0242,0.14130434782608695
protein_0391,protein_0243,0.17582417582417584
protein_0391,protein_0244,0.23333333333333334
protein_0391,protein_0245,0.15833333333333333
protein_0391,protein_0246,0.12371134020618557
protein_0391,protein_0247,0.2
protein_0391,protein_0248,0.21875
protein_0391,protein_0249,0.21052631578947367
protein_0391,protein_0250,0.14772727272727273
protein_0391,protein_0251,0.1956521739130435
protein_0391,protein_0252,0.1
protein_0391,protein_0253,0.1440677966101695
protein_0391,protein_0254,0.14606741573033707
protein_0391,protein_0255,0.09042553191489362
protein_0391,protein_0256,0.1650485436893204
protein_0391,protein_0257,0.1553398058252427
protein_0391,protein_0258,0.2111111111111111
protein_0391,protein_0259,0.16483516483516483
protein_0391,protein_0260,0.16483516483516483
protein_0391,protein_0263,0.17518248175182483
protein_0391,protein_0264,0.25
protein_0391,protein_0265,0.25
protein_0391,protein_0267,0.18681318681318682
protein_0391,protein_0268,0.15384615384615385
protein_0391,protein_0269,0.15702479338842976
protein_0391,protein_0270,0.17045454545454544
protein_0391,protein_0272,0.22916666666666666
protein_0391,protein_0273,0.23958333333333334
protein_0391,protein_0274,0.3516483516483517
protein_0391,protein_0275,0.1717171717171717
protein_0391,protein_0276,0.20652173913043478
protein_0391,protein_0277,0.17777777777777778
protein_0391,protein_0279,0.22727272727272727
protein_0391,protein_0281,0.171875
protein_0391,protein_0282,0.1326530612244898
protein_0391,protein_0283,0.10550458715596331
protein_0391,protein_0284,0.2553191489361702
protein_0391,protein_0285,0.23076923076923078
protein_0391,protein_0286,0.15555555555555556
protein_0391,protein_0287,0.22727272727272727
protein_0391,protein_0288,0.21348314606741572
protein_0391,protein_0289,0.1702127659574468
protein_0391,protein_0290,0.1743119266055046
protein_0391,protein_0291,0.17045454545454544
protein_0391,protein_0292,0.17708333333333334
protein_0391,protein_0293,0.32222222222222224
protein_0391,protein_0294,0.17045454545454544
protein_0391,protein_0295,0.17204301075268819
protein_0391,protein_0296,0.1440677966101695
protein_0391,protein_0297,0.14772727272727273
protein_0391,protein_0298,0.13829787234042554
protein_0391,protein_0299,0.15555555555555556
protein_0391,protein_0300,0.18947368421052632
protein_0391,protein_0301,0.17708333333333334
protein_0391,protein_0302,0.11818181818181818
protein_0391,protein_0303,0.26136363636363635
protein_0391,protein_0304,0.18181818181818182
protein_0391,protein_0305,0.19791666666666666
protein_0391,protein_0306,0.15966386554621848
protein_0391,protein_0307,0.15833333333333333
protein_0391,protein_0308,0.17796610169491525
protein_0391,protein_0309,0.18811881188118812
protein_0391,protein_0310,0.18181818181818182
protein_0391,protein_0311,0.18478260869565216
protein_0391,protein_0312,0.23076923076923078
protein_0391,protein_0313,0.17582417582417584
protein_0391,protein_0314,0.17272727272727273
protein_0391,protein_0315,0.14166666666666666
protein_0391,protein_0316,0.2111111111111111
protein_0391,protein_0317,0.17307692307692307
protein_0391,protein_0318,0.13821138211382114
protein_0391,protein_0319,0.2222222222222222
protein_0391,protein_0320,0.21052631578947367
protein_0391,protein_0321,0.36363636363636365
protein_0391,protein_0322,0.22727272727272727
protein_0391,protein_0323,0.15555555555555556
protein_0391,protein_0324,0.12359550561797752
protein_0391,protein_0325,0.15178571428571427
protein_0391,protein_0326,0.1717171717171717
protein_0391,protein_0327,0.20618556701030927
protein_0391,protein_0328,0.15384615384615385
protein_0391,protein_0330,0.21978021978021978
protein_0391,protein_0331,0.15384615384615385
protein_0391,protein_0332,0.2222222222222222
protein_0391,protein_0333,0.18888888888888888
protein_0391,protein_0334,0.375
protein_0391,protein_0335,0.13761467889908258
protein_0391,protein_0336,0.17777777777777778
protein_0391,protein_0337,0.17777777777777778
protein_0391,protein_0338,0.2222222222222222
protein_0391,protein_0339,0.1590909090909091
protein_0391,protein_0340,0.1320754716981132
protein_0391,protein_0341,0.2
protein_0391,protein_0343,0.1590909090909091
protein_0391,protein_0344,0.26881720430107525
protein_0391,protein_0345,0.13821138211382114
protein_0391,protein_0346,0.13821138211382114
protein_0391,protein_0347,0.18181818181818182
protein_0391,protein_0348,0.16129032258064516
protein_0391,protein_0349,0.16666666666666666
protein_0391,protein_0350,0.27472527472527475
protein_0391,protein_0351,0.2
protein_0391,protein_0352,0.13978494623655913
protein_0391,protein_0353,0.1592920353982301
protein_0391,protein_0354,0.2127659574468085
protein_0391,protein_0355,0.1978021978021978
protein_0391,protein_0356,0.11578947368421053
protein_0391,protein_0357,0.17355371900826447
protein_0391,protein_0358,0.27472527472527475
protein_0391,protein_0359,0.13445378151260504
protein_0391,protein_0360,0.2222222222222222
protein_0391,protein_0362,0.24175824175824176
protein_0391,protein_0363,0.24175824175824176
protein_0391,protein_0364,0.23655913978494625
protein_0391,protein_0365,0.32222222222222224
protein_0391,protein_0366,0.3229166666666667
protein_0391,protein_0367,0.16
protein_0391,protein_0368,0.17708333333333334
protein_0391,protein_0369,0.17391304347826086
protein_0391,protein_0370,0.26881720430107525
protein_0391,protein_0371,0.23333333333333334
protein_0391,protein_0372,0.1004566210045662
protein_0391,protein_0373,0.1559633027522936
protein_0391,protein_0374,0.17094017094017094
protein_0391,protein_0375,0.23333333333333334
protein_0391,protein_0377,0.23076923076923078
protein_0391,protein_0378,0.18181818181818182
protein_0391,protein_0379,0.21
protein_0391,protein_0380,0.21
protein_0391,protein_0381,0.21
protein_0391,protein_0382,0.24210526315789474
protein_0391,protein_0383,0.17045454545454544
protein_0391,protein_0384,0.22340425531914893
protein_0391,protein_0386,0.14150943396226415
protein_0391,protein_0387,0.1926605504587156
protein_0391,protein_0388,0.16129032258064516
protein_0391,protein_0389,0.12359550561797752
protein_0391,protein_0390,0.22340425531914893
protein_0391,protein_0392,0.21052631578947367
protein_0391,protein_0393,0.21052631578947367
protein_0391,protein_0394,0.1391304347826087
protein_0391,protein_0397,0.22727272727272727
protein_0391,protein_0398,0.17647058823529413
protein_0391,protein_0399,0.2222222222222222
protein_0395,protein_0001,0.13333333333333333
protein_0395,protein_0002,0.08791208791208792
protein_0395,protein_0003,0.23655913978494625
protein_0395,protein_0004,0.21052631578947367
protein_0395,protein_0005,0.20212765957446807
protein_0395,protein_0006,0.20833333333333334
protein_0395,protein_0007,0.16853932584269662
protein_0395,protein_0008,0.14285714285714285
protein_0395,protein_0010,0.27956989247311825
protein_0395,protein_0011,0.2087912087912088
protein_0395,protein_0012,0.26373626373626374
protein_0395,protein_0013,0.15730337078651685
protein_0395,protein_0014,0.1559633027522936
protein_0395,protein_0016,0.14953271028037382
protein_0395,protein_0017,0.14925373134328357
protein_0395,protein_0018,0.24731182795698925
protein_0395,protein_0019,0.1348314606741573
protein_0395,protein_0020,0.17525773195876287
protein_0395,protein_0021,0.16304347826086957
protein_0395,protein_0022,0.11458333333333333
protein_0395,protein_0023,0.15463917525773196
protein_0395,protein_0024,0.15384615384615385
protein_0395,protein_0025,0.20833333333333334
protein_0395,protein_0026,0.15789473684210525
protein_0395,protein_0027,0.16666666666666666
protein_0395,protein_0028,0.14754098360655737
protein_0395,protein_0029,0.14130434782608695
protein_0395,protein_0030,0.2
protein_0395,protein_0031,0.20689655172413793
protein_0395,protein_0032,0.2608695652173913
protein_0395,protein_0034,0.2903225806451613
protein_0395,protein_0035,0.11538461538461539
protein_0395,protein_0036,0.15730337078651685
protein_0395,protein_0037,0.25
protein_0395,protein_0038,0.25
protein_0395,protein_0039,0.27956989247311825
protein_0395,protein_0040,0.10112359550561797
protein_0395,protein_0041,0.2553191489361702
protein_0395,protein_0043,0.21649484536082475
protein_0395,protein_0044,0.18556701030927836
protein_0395,protein_0045,0.24752475247524752
protein_0395,protein_0046,0.14606741573033707
protein_0395,protein_0047,0.22580645161290322
protein_0395,protein_0048,0.21505376344086022
protein_0395,protein_0049,0.18681318681318682
protein_0395,protein_0050,0.09615384615384616
protein_0395,protein_0051,0.19101123595505617
protein_0395,protein_0052,0.25274725274725274
protein_0395,protein_0053,0.2553191489361702
protein_0395,protein_0054,0.15702479338842976
protein_0395,protein_0055,0.13559322033898305
protein_0395,protein_0058,0.16326530612244897
protein_0395,protein_0059,0.21649484536082475
protein_0395,protein_0060,0.10101010101010101
protein_0395,protein_0061,0.3707865168539326
protein_0395,protein_0062,0.18681318681318682
protein_0395,protein_0063,0.09813084112149532
protein_0395,protein_0064,0.22580645161290322
protein_0395,protein_0065,0.1485148514851485
protein_0395,protein_0066,0.12727272727272726
protein_0395,protein_0067,0.25
protein_0395,protein_0068,0.23076923076923078
protein_0395,protein_0069,0.2391304347826087
protein_0395,protein_0070,0.21739130434782608
protein_0395,protein_0071,0.1875
protein_0395,protein_0073,0.2717391304347826
protein_0395,protein_0074,0.1568627450980392
protein_0395,protein_0075,0.14
protein_0395,protein_0076,0.1702127659574468
protein_0395,protein_0078,0.13043478260869565
protein_0395,protein_0079,0.13043478260869565
protein_0395,protein_0080,0.24731182795698925
protein_0395,protein_0081,0.2391304347826087
protein_0395,protein_0082,0.09649122807017543
protein_0395,protein_0083,0.20618556701030927
protein_0395,protein_0085,0.10526315789473684
protein_0395,protein_0086,0.125
protein_0395,protein_0087,0.12222222222222222
protein_0395,protein_0088,0.25510204081632654
protein_0395,protein_0089,0.15
protein_0395,protein_0090,0.15
protein_0395,protein_0091,0.15126050420168066
protein_0395,protein_0092,0.15126050420168066
protein_0395,protein_0095,0.14782608695652175
protein_0395,protein_0096,0.17857142857142858
protein_0395,protein_0097,0.1836734693877551
protein_0395,protein_0098,0.22826086956521738
protein_0395,protein_0099,0.1504424778761062
protein_0395,protein_0100,0.15730337078651685
protein_0395,protein_0101,0.25
protein_0395,protein_0102,0.1702127659574468
protein_0395,protein_0103,0.2717391304347826
protein_0395,protein_0105,0.0989010989010989
protein_0395,protein_0106,0.15702479338842976
protein_0395,protein_0107,0.21739130434782608
protein_0395,protein_0108,0.2857142857142857
protein_0395,protein_0109,0.17204301075268819
protein_0395,protein_0110,0.24742268041237114
protein_0395,protein_0111,0.30927835051546393
protein_0395,protein_0112,0.17142857142857143
protein_0395,protein_0115,0.17391304347826086
protein_0395,protein_0117,0.17391304347826086
protein_0395,protein_0118,0.14606741573033707
protein_0395,protein_0119,0.12264150943396226
protein_0395,protein_0120,0.1702127659574468
protein_0395,protein_0121,0.1702127659574468
protein_0395,protein_0122,0.25
protein_0395,protein_0123,0.14444444444444443
protein_0395,protein_0124,0.16483516483516483
protein_0395,protein_0125,0.15
protein_0395,protein_0127,0.2608695652173913
protein_0395,protein_0128,0.1956521739130435
protein_0395,protein_0129,0.2631578947368421
protein_0395,protein_0130,0.14655172413793102
protein_0395,protein_0131,0.14606741573033707
protein_0395,protein_0133,0.19130434782608696
protein_0395,protein_0134,0.23076923076923078
protein_0395,protein_0135,0.20224719101123595
protein_0395,protein_0136,0.13934426229508196
protein_0395,protein_0137,0.11764705882352941
protein_0395,protein_0138,0.11764705882352941
protein_0395,protein_0139,0.17582417582417584
protein_0395,protein_0140,0.2391304347826087
protein_0395,protein_0142,0.24175824175824176
protein_0395,protein_0143,0.21978021978021978
protein_0395,protein_0144,0.21978021978021978
protein_0395,protein_0145,0.15217391304347827
protein_0395,protein_0146,0.16666666666666666
protein_0395,protein_0147,0.1978021978021978
protein_0395,protein_0148,0.15384615384615385
protein_0395,protein_0149,0.16853932584269662
protein_0395,protein_0150,0.21978021978021978
protein_0395,protein_0151,0.3020833333333333
protein_0395,protein_0152,0.16853932584269662
protein_0395,protein_0153,0.16822429906542055
protein_0395,protein_0154,0.15053763440860216
protein_0395,protein_0155,0.15384615384615385
protein_0395,protein_0156,0.13392857142857142
protein_0395,protein_0157,0.13333333333333333
protein_0395,protein_0159,0.22340425531914893
protein_0395,protein_0160,0.14285714285714285
protein_0395,protein_0161,0.13114754098360656
protein_0395,protein_0162,0.2127659574468085
protein_0395,protein_0163,0.125
protein_0395,protein_0164,0.22340425531914893
protein_0395,protein_0165,0.15555555555555556
protein_0395,protein_0166,0.23469387755102042
protein_0395,protein_0167,0.11023622047244094
protein_0395,protein_0168,0.11811023622047244
protein_0395,protein_0169,0.1206896551724138
protein_0395,protein_0170,0.1978021978021978
protein_0395,protein_0171,0.21739130434782608
protein_0395,protein_0172,0.16101694915254236
protein_0395,protein_0173,0.17391304347826086
protein_0395,protein_0174,0.12087912087912088
protein_0395,protein_0175,0.0989010989010989
protein_0395,protein_0176,0.1702127659574468
protein_0395,protein_0177,0.17777777777777778
protein_0395,protein_0178,0.12173913043478261
protein_0395,protein_0179,0.11304347826086956
protein_0395,protein_0180,0.18681318681318682
protein_0395,protein_0181,0.2608695652173913
protein_0395,protein_0182,0.23655913978494625
protein_0395,protein_0183,0.16822429906542055
protein_0395,protein_0184,0.18681318681318682
protein_0395,protein_0185,0.14285714285714285
protein_0395,protein_0186,0.17757009345794392
protein_0395,protein_0187,0.10989010989010989
protein_0395,protein_0188,0.14583333333333334
protein_0395,protein_0189,0.23655913978494625
protein_0395,protein_0190,0.24742268041237114
protein_0395,protein_0191,0.29292929292929293
protein_0395,protein_0192,0.19148936170212766
protein_0395,protein_0194,0.2087912087912088
protein_0395,protein_0195,0.21978021978021978
protein_0395,protein_0196,0.22916666666666666
protein_0395,protein_0197,0.1978021978021978
protein_0395,protein_0198,0.2087912087912088
protein_0395,protein_0199,0.27472527472527475
protein_0395,protein_0200,0.21782178217821782
protein_0395,protein_0201,0.1346153846153846
protein_0395,protein_0202,0.17582417582417584
protein_0395,protein_0203,0.13934426229508196
protein_0395,protein_0204,0.14606741573033707
protein_0395,protein_0205,0.12322274881516587
protein_0395,protein_0206,0.27472527472527475
protein_0395,protein_0207,0.13934426229508196
protein_0395,protein_0208,0.15
protein_0395,protein_0211,0.17757009345794392
protein_0395,protein_0212,0.18085106382978725
protein_0395,protein_0213,0.2553191489361702
protein_0395,protein_0214,0.10416666666666667
protein_0395,protein_0215,0.10989010989010989
protein_0395,protein_0216,0.13541666666666666
protein_0395,protein_0217,0.16304347826086957
protein_0395,protein_0218,0.14388489208633093
protein_0395,protein_0219,0.14393939393939395
protein_0395,protein_0220,0.24731182795698925
protein_0395,protein_0221,0.1348314606741573
protein_0395,protein_0222,0.20430107526881722
protein_0395,protein_0223,0.09375
protein_0395,protein_0224,0.15730337078651685
protein_0395,protein_0226,0.12903225806451613
protein_0395,protein_0227,0.10112359550561797
protein_0395,protein_0228,0.1956521739130435
protein_0395,protein_0229,0.1836734693877551
protein_0395,protein_0230,0.33695652173913043
protein_0395,protein_0233,0.14960629921259844
protein_0395,protein_0234,0.19230769230769232
protein_0395,protein_0235,0.1941747572815534
protein_0395,protein_0236,0.21052631578947367
protein_0395,protein_0237,0.21052631578947367
protein_0395,protein_0238,0.15267175572519084
protein_0395,protein_0239,0.14285714285714285
protein_0395,protein_0240,0.12087912087912088
protein_0395,protein_0241,0.18556701030927836
protein_0395,protein_0242,0.15730337078651685
protein_0395,protein_0243,0.13186813186813187
protein_0395,protein_0244,0.21649484536082475
protein_0395,protein_0245,0.14912280701754385
protein_0395,protein_0246,0.17
protein_0395,protein_0247,0.19298245614035087
protein_0395,protein_0248,0.15384615384615385
protein_0395,protein_0249,0.20202020202020202
protein_0395,protein_0250,0.1702127659574468
protein_0395,protein_0251,0.12244897959183673
protein_0395,protein_0252,0.1956521739130435
protein_0395,protein_0253,0.12389380530973451
protein_0395,protein_0254,0.11827956989247312
protein_0395,protein_0255,0.09473684210526316
protein_0395,protein_0256,0.16981132075471697
protein_0395,protein_0257,0.1792452830188679
protein_0395,protein_0258,0.21875
protein_0395,protein_0259,0.15730337078651685
protein_0395,protein_0260,0.15730337078651685
protein_0395,protein_0263,0.1388888888888889
protein_0395,protein_0264,0.24468085106382978
protein_0395,protein_0265,0.24468085106382978
protein_0395,protein_0267,0.21739130434782608
protein_0395,protein_0268,0.18085106382978725
protein_0395,protein_0269,0.15833333333333333
protein_0395,protein_0270,0.1348314606741573
protein_0395,protein_0272,0.2857142857142857
protein_0395,protein_0273,0.2826086956521739
protein_0395,protein_0274,0.2857142857142857
protein_0395,protein_0275,0.18627450980392157
protein_0395,protein_0276,0.21052631578947367
protein_0395,protein_0277,0.12359550561797752
protein_0395,protein_0279,0.18681318681318682
protein_0395,protein_0281,0.19008264462809918
protein_0395,protein_0282,0.11702127659574468
protein_0395,protein_0283,0.12844036697247707
protein_0395,protein_0284,0.21978021978021978
protein_0395,protein_0285,0.3010752688172043
protein_0395,protein_0286,0.15555555555555556
protein_0395,protein_0287,0.15315315315315314
protein_0395,protein_0288,0.23333333333333334
protein_0395,protein_0289,0.14606741573033707
protein_0395,protein_0290,0.16822429906542055
protein_0395,protein_0291,0.1926605504587156
protein_0395,protein_0292,0.18181818181818182
protein_0395,protein_0293,0.28421052631578947
protein_0395,protein_0294,0.1926605504587156
protein_0395,protein_0295,0.14130434782608695
protein_0395,protein_0296,0.12931034482758622
protein_0395,protein_0297,0.1348314606741573
protein_0395,protein_0298,0.14432989690721648
protein_0395,protein_0299,0.2
protein_0395,protein_0300,0.1935483870967742
protein_0395,protein_0301,0.1935483870967742
protein_0395,protein_0302,0.11059907834101383
protein_0395,protein_0303,0.28888888888888886
protein_0395,protein_0304,0.15384615384615385
protein_0395,protein_0305,0.14705882352941177
protein_0395,protein_0306,0.13559322033898305
protein_0395,protein_0307,0.13445378151260504
protein_0395,protein_0308,0.11304347826086956
protein_0395,protein_0309,0.15306122448979592
protein_0395,protein_0310,0.1782178217821782
protein_0395,protein_0311,0.21649484536082475
protein_0395,protein_0312,0.17582417582417584
protein_0395,protein_0313,0.2127659574468085
protein_0395,protein_0314,0.10377358490566038
protein_0395,protein_0315,0.16964285714285715
protein_0395,protein_0316,0.11702127659574468
protein_0395,protein_0317,0.15315315315315314
protein_0395,protein_0318,0.16666666666666666
protein_0395,protein_0319,0.32608695652173914
protein_0395,protein_0320,0.20202020202020202
protein_0395,protein_0321,0.8202247191011236
protein_0395,protein_0322,0.15730337078651685
protein_0395,protein_0323,0.23711340206185566
protein_0395,protein_0324,0.14285714285714285
protein_0395,protein_0325,0.16793893129770993
protein_0395,protein_0326,0.19148936170212766
protein_0395,protein_0327,0.28421052631578947
protein_0395,protein_0328,0.14782608695652175
protein_0395,protein_0330,0.2608695652173913
protein_0395,protein_0331,0.14130434782608695
protein_0395,protein_0332,0.22826086956521738
protein_0395,protein_0333,0.22826086956521738
protein_0395,protein_0334,0.5161290322580645
protein_0395,protein_0335,0.10185185185185185
protein_0395,protein_0336,0.14606741573033707
protein_0395,protein_0337,0.2087912087912088
protein_0395,protein_0338,0.16483516483516483
protein_0395,protein_0339,0.16842105263157894
protein_0395,protein_0340,0.17117117117117117
protein_0395,protein_0341,0.21818181818181817
protein_0395,protein_0343,0.16483516483516483
protein_0395,protein_0344,0.19148936170212766
protein_0395,protein_0345,0.15833333333333333
protein_0395,protein_0346,0.15833333333333333
protein_0395,protein_0347,0.14893617021276595
protein_0395,protein_0348,0.1452991452991453
protein_0395,protein_0349,0.13333333333333333
protein_0395,protein_0350,0.23404255319148937
protein_0395,protein_0351,0.22826086956521738
protein_0395,protein_0352,0.17777777777777778
protein_0395,protein_0353,0.11666666666666667
protein_0395,protein_0354,0.20212765957446807
protein_0395,protein_0355,0.1978021978021978
protein_0395,protein_0356,0.15217391304347827
protein_0395,protein_0357,0.12396694214876033
protein_0395,protein_0358,0.22340425531914893
protein_0395,protein_0359,0.15126050420168066
protein_0395,protein_0360,0.21978021978021978
protein_0395,protein_0362,0.2761904761904762
protein_0395,protein_0363,0.2761904761904762
protein_0395,protein_0364,0.28846153846153844
protein_0395,protein_0365,0.2708333333333333
protein_0395,protein_0366,0.2916666666666667
protein_0395,protein_0367,0.17094017094017094
protein_0395,protein_0368,0.09782608695652174
protein_0395,protein_0369,0.15730337078651685
protein_0395,protein_0370,0.19148936170212766
protein_0395,protein_0371,0.27956989247311825
protein_0395,protein_0372,0.1187214611872146
protein_0395,protein_0373,0.16822429906542055
protein_0395,protein_0374,0.15384615384615385
protein_0395,protein_0375,0.21978021978021978
protein_0395,protein_0377,0.26881720430107525
protein_0395,protein_0378,0.1391304347826087
protein_0395,protein_0379,0.1485148514851485
protein_0395,protein_0380,0.1485148514851485
protein_0395,protein_0381,0.1485148514851485
protein_0395,protein_0382,0.24210526315789474
protein_0395,protein_0383,0.15789473684210525
protein_0395,protein_0384,0.18478260869565216
protein_0395,protein_0386,0.1650485436893204
protein_0395,protein_0387,0.14
protein_0395,protein_0388,0.15
protein_0395,protein_0389,0.15730337078651685
protein_0395,protein_0390,0.27956989247311825
protein_0395,protein_0392,0.17525773195876287
protein_0395,protein_0393,0.16666666666666666
protein_0395,protein_0394,0.14782608695652175
protein_0395,protein_0397,0.2247191011235955
protein_0395,protein_0398,0.15315315315315314
protein_0395,protein_0399,0.2222222222222222
protein_0396,protein_0001,0.11764705882352941
protein_0396,protein_0002,0.14035087719298245
protein_0396,protein_0003,0.13675213675213677
protein_0396,protein_0004,0.12280701754385964
protein_0396,protein_0005,0.13675213675213677
protein_0396,protein_0006,0.14912280701754385
protein_0396,protein_0007,0.12280701754385964
protein_0396,protein_0008,0.17647058823529413
protein_0396,protein_0010,0.15789473684210525
protein_0396,protein_0011,0.14912280701754385
protein_0396,protein_0012,0.13043478260869565
protein_0396,protein_0013,0.12280701754385964
protein_0396,protein_0014,0.2153846153846154
protein_0396,protein_0016,0.15833333333333333
protein_0396,protein_0017,0.14705882352941177
protein_0396,protein_0018,0.15126050420168066
protein_0396,protein_0019,0.14912280701754385
protein_0396,protein_0020,0.14035087719298245
protein_0396,protein_0021,0.15384615384615385
protein_0396,protein_0022,0.1349206349206349
protein_0396,protein_0023,0.1282051282051282
protein_0396,protein_0024,0.2857142857142857
protein_0396,protein_0025,0.16521739130434782
protein_0396,protein_0026,0.17391304347826086
protein_0396,protein_0027,0.16101694915254236
protein_0396,protein_0028,0.10655737704918032
protein_0396,protein_0029,0.15789473684210525
protein_0396,protein_0030,0.2661290322580645
protein_0396,protein_0031,0.18253968253968253
protein_0396,protein_0032,0.12173913043478261
protein_0396,protein_0034,0.12173913043478261
protein_0396,protein_0035,0.2542372881355932
protein_0396,protein_0036,0.15254237288135594
protein_0396,protein_0037,0.14173228346456693
protein_0396,protein_0038,0.14173228346456693
protein_0396,protein_0039,0.1
protein_0396,protein_0040,0.12280701754385964
protein_0396,protein_0041,0.16101694915254236
protein_0396,protein_0043,0.1565217391304348
protein_0396,protein_0044,0.1565217391304348
protein_0396,protein_0045,0.16101694915254236
protein_0396,protein_0046,0.13157894736842105
protein_0396,protein_0047,0.13445378151260504
protein_0396,protein_0048,0.14285714285714285
protein_0396,protein_0049,0.1282051282051282
protein_0396,protein_0050,0.15702479338842976
protein_0396,protein_0051,0.15
protein_0396,protein_0052,0.14035087719298245
protein_0396,protein_0053,0.15625
protein_0396,protein_0054,0.25203252032520324
protein_0396,protein_0055,0.2764227642276423
protein_0396,protein_0058,0.09917355371900827
protein_0396,protein_0059,0.14782608695652175
protein_0396,protein_0060,0.14782608695652175
protein_0396,protein_0061,0.184
protein_0396,protein_0062,0.1623931623931624
protein_0396,protein_0063,0.12272727272727273
protein_0396,protein_0064,0.11764705882352941
protein_0396,protein_0065,0.1896551724137931
protein_0396,protein_0066,0.15126050420168066
protein_0396,protein_0067,0.14035087719298245
protein_0396,protein_0068,0.15384615384615385
protein_0396,protein_0069,0.17391304347826086
protein_0396,protein_0070,0.1271186440677966
protein_0396,protein_0071,0.14912280701754385
protein_0396,protein_0073,0.1111111111111111
protein_0396,protein_0074,0.13821138211382114
protein_0396,protein_0075,0.19491525423728814
protein_0396,protein_0076,0.13157894736842105
protein_0396,protein_0078,0.16296296296296298
protein_0396,protein_0079,0.16296296296296298
protein_0396,protein_0080,0.1484375
protein_0396,protein_0081,0.15625
protein_0396,protein_0082,0.15
protein_0396,protein_0083,0.1206896551724138
protein_0396,protein_0085,0.15254237288135594
protein_0396,protein_0086,0.1440677966101695
protein_0396,protein_0087,0.1111111111111111
protein_0396,protein_0088,0.18487394957983194
protein_0396,protein_0089,0.16666666666666666
protein_0396,protein_0090,0.11666666666666667
protein_0396,protein_0091,0.16535433070866143
protein_0396,protein_0092,0.16535433070866143
protein_0396,protein_0095,0.1678832116788321
protein_0396,protein_0096,0.1774193548387097
protein_0396,protein_0097,0.10526315789473684
protein_0396,protein_0098,0.1794871794871795
protein_0396,protein_0099,0.15833333333333333
protein_0396,protein_0100,0.1452991452991453
protein_0396,protein_0101,0.11965811965811966
protein_0396,protein_0102,0.2
protein_0396,protein_0103,0.12931034482758622
protein_0396,protein_0105,0.10434782608695652
protein_0396,protein_0106,0.17985611510791366
protein_0396,protein_0107,0.14035087719298245
protein_0396,protein_0108,0.14912280701754385
protein_0396,protein_0109,0.16666666666666666
protein_0396,protein_0110,0.1391304347826087
protein_0396,protein_0111,0.10743801652892562
protein_0396,protein_0112,0.14166666666666666
protein_0396,protein_0115,0.14754098360655737
protein_0396,protein_0117,0.10084033613445378
protein_0396,protein_0118,0.15789473684210525
protein_0396,protein_0119,0.12605042016806722
protein_0396,protein_0120,0.1391304347826087
protein_0396,protein_0121,0.1391304347826087
protein_0396,protein_0122,0.1322314049586777
protein_0396,protein_0123,0.13157894736842105
protein_0396,protein_0124,0.15447154471544716
protein_0396,protein_0125,0.18803418803418803
protein_0396,protein_0127,0.1391304347826087
protein_0396,protein_0128,0.13821138211382114
protein_0396,protein_0129,0.14285714285714285
protein_0396,protein_0130,0.17518248175182483
protein_0396,protein_0131,0.13043478260869565
protein_0396,protein_0133,0.14393939393939395
protein_0396,protein_0134,0.15873015873015872
protein_0396,protein_0135,0.13333333333333333
protein_0396,protein_0136,0.23728813559322035
protein_0396,protein_0137,0.23529411764705882
protein_0396,protein_0138,0.23529411764705882
protein_0396,protein_0139,0.14912280701754385
protein_0396,protein_0140,0.15789473684210525
protein_0396,protein_0142,0.11403508771929824
protein_0396,protein_0143,0.17796610169491525
protein_0396,protein_0144,0.17796610169491525
protein_0396,protein_0145,0.1565217391304348
protein_0396,protein_0146,0.13445378151260504
protein_0396,protein_0147,0.18181818181818182
protein_0396,protein_0148,0.15702479338842976
protein_0396,protein_0149,0.1565217391304348
protein_0396,protein_0150,0.14728682170542637
protein_0396,protein_0151,0.1826086956521739
protein_0396,protein_0152,0.1532258064516129
protein_0396,protein_0153,0.1724137931034483
protein_0396,protein_0154,0.1724137931034483
protein_0396,protein_0155,0.096
protein_0396,protein_0156,0.18548387096774194
protein_0396,protein_0157,0.1322314049586777
protein_0396,protein_0159,0.1652892561983471
protein_0396,protein_0160,0.16666666666666666
protein_0396,protein_0161,0.264
protein_0396,protein_0162,0.1271186440677966
protein_0396,protein_0163,0.14049586776859505
protein_0396,protein_0164,0.176
protein_0396,protein_0165,0.12173913043478261
protein_0396,protein_0166,0.18253968253968253
protein_0396,protein_0167,0.16923076923076924
protein_0396,protein_0168,0.16666666666666666
protein_0396,protein_0169,0.22033898305084745
protein_0396,protein_0170,0.14655172413793102
protein_0396,protein_0171,0.11304347826086956
protein_0396,protein_0172,0.24
protein_0396,protein_0173,0.15789473684210525
protein_0396,protein_0174,0.15702479338842976
protein_0396,protein_0175,0.1794871794871795
protein_0396,protein_0176,0.1623931623931624
protein_0396,protein_0177,0.1452991452991453
protein_0396,protein_0178,0.30434782608695654
protein_0396,protein_0179,0.3103448275862069
protein_0396,protein_0180,0.12280701754385964
protein_0396,protein_0181,0.14035087719298245
protein_0396,protein_0182,0.14035087719298245
protein_0396,protein_0183,0.11864406779661017
protein_0396,protein_0184,0.12173913043478261
protein_0396,protein_0185,0.1271186440677966
protein_0396,protein_0186,0.13559322033898305
protein_0396,protein_0187,0.15384615384615385
protein_0396,protein_0188,0.1271186440677966
protein_0396,protein_0189,0.13157894736842105
protein_0396,protein_0190,0.16101694915254236
protein_0396,protein_0191,0.16379310344827586
protein_0396,protein_0192,0.1271186440677966
protein_0396,protein_0194,0.140625
protein_0396,protein_0195,0.14912280701754385
protein_0396,protein_0196,0.16666666666666666
protein_0396,protein_0197,0.11864406779661017
protein_0396,protein_0198,0.14035087719298245
protein_0396,protein_0199,0.11403508771929824
protein_0396,protein_0200,0.1452991452991453
protein_0396,protein_0201,0.16
protein_0396,protein_0202,0.13385826771653545
protein_0396,protein_0203,0.2661290322580645
protein_0396,protein_0204,0.1391304347826087
protein_0396,protein_0205,0.11312217194570136
protein_0396,protein_0206,0.15789473684210525
protein_0396,protein_0207,0.24615384615384617
protein_0396,protein_0208,0.16260162601626016
protein_0396,protein_0211,0.11666666666666667
protein_0396,protein_0212,0.14655172413793102
protein_0396,protein_0213,0.17355371900826447
protein_0396,protein_0214,0.11016949152542373
protein_0396,protein_0215,0.13157894736842105
protein_0396,protein_0216,0.15942028985507245
protein_0396,protein_0217,0.13934426229508196
protein_0396,protein_0218,0.20149253731343283
protein_0396,protein_0219,0.25
protein_0396,protein_0220,0.16
protein_0396,protein_0221,0.11403508771929824
protein_0396,protein_0222,0.12931034482758622
protein_0396,protein_0223,0.10526315789473684
protein_0396,protein_0224,0.12280701754385964
protein_0396,protein_0226,0.13157894736842105
protein_0396,protein_0227,0.10526315789473684
protein_0396,protein_0228,0.17886178861788618
protein_0396,protein_0229,0.11965811965811966
protein_0396,protein_0230,0.1271186440677966
protein_0396,protein_0233,0.14074074074074075
protein_0396,protein_0234,0.17886178861788618
protein_0396,protein_0235,0.14049586776859505
protein_0396,protein_0236,0.13548387096774195
protein_0396,protein_0237,0.13548387096774195
protein_0396,protein_0238,0.16083916083916083
protein_0396,protein_0239,0.13043478260869565
protein_0396,protein_0240,0.14782608695652175
protein_0396,protein_0241,0.13559322033898305
protein_0396,protein_0242,0.10526315789473684
protein_0396,protein_0243,0.14049586776859505
protein_0396,protein_0244,0.11811023622047244
protein_0396,protein_0245,0.19310344827586207
protein_0396,protein_0246,0.21367521367521367
protein_0396,protein_0247,0.15873015873015872
protein_0396,protein_0248,0.16793893129770993
protein_0396,protein_0249,0.1440677966101695
protein_0396,protein_0250,0.15789473684210525
protein_0396,protein_0251,0.16666666666666666
protein_0396,protein_0252,0.13793103448275862
protein_0396,protein_0253,0.17692307692307693
protein_0396,protein_0254,0.13793103448275862
protein_0396,protein_0255,0.14124293785310735
protein_0396,protein_0256,0.25
protein_0396,protein_0257,0.226890756302521
protein_0396,protein_0258,0.11403508771929824
protein_0396,protein_0259,0.15517241379310345
protein_0396,protein_0260,0.15517241379310345
protein_0396,protein_0263,0.16216216216216217
protein_0396,protein_0264,0.13821138211382114
protein_0396,protein_0265,0.13821138211382114
protein_0396,protein_0267,0.11570247933884298
protein_0396,protein_0268,0.09649122807017543
protein_0396,protein_0269,0.22950819672131148
protein_0396,protein_0270,0.13445378151260504
protein_0396,protein_0272,0.15950920245398773
protein_0396,protein_0273,0.14925373134328357
protein_0396,protein_0274,0.16379310344827586
protein_0396,protein_0275,0.1896551724137931
protein_0396,protein_0276,0.1452991452991453
protein_0396,protein_0277,0.15254237288135594
protein_0396,protein_0279,0.13333333333333333
protein_0396,protein_0281,0.16793893129770993
protein_0396,protein_0282,0.13114754098360656
protein_0396,protein_0283,0.10091743119266056
protein_0396,protein_0284,0.12903225806451613
protein_0396,protein_0285,0.1623931623931624
protein_0396,protein_0286,0.1440677966101695
protein_0396,protein_0287,0.11764705882352941
protein_0396,protein_0288,0.125
protein_0396,protein_0289,0.14285714285714285
protein_0396,protein_0290,0.15384615384615385
protein_0396,protein_0291,0.15037593984962405
protein_0396,protein_0292,0.14035087719298245
protein_0396,protein_0293,0.16521739130434782
protein_0396,protein_0294,0.15037593984962405
protein_0396,protein_0295,0.14912280701754385
protein_0396,protein_0296,0.22413793103448276
protein_0396,protein_0297,0.14035087719298245
protein_0396,protein_0298,0.1452991452991453
protein_0396,protein_0299,0.15384615384615385
protein_0396,protein_0300,0.15254237288135594
protein_0396,protein_0301,0.15254237288135594
protein_0396,protein_0302,0.15207373271889402
protein_0396,protein_0303,0.17543859649122806
protein_0396,protein_0304,0.16666666666666666
protein_0396,protein_0305,0.1796875
protein_0396,protein_0306,0.2764227642276423
protein_0396,protein_0307,0.27419354838709675
protein_0396,protein_0308,0.3706896551724138
protein_0396,protein_0309,0.17543859649122806
protein_0396,protein_0310,0.18032786885245902
protein_0396,protein_0311,0.1652892561983471
protein_0396,protein_0312,0.14035087719298245
protein_0396,protein_0313,0.12903225806451613
protein_0396,protein_0314,0.13934426229508196
protein_0396,protein_0315,0.28346456692913385
protein_0396,protein_0316,0.13445378151260504
protein_0396,protein_0317,0.17355371900826447
protein_0396,protein_0318,0.16666666666666666
protein_0396,protein_0319,0.13793103448275862
protein_0396,protein_0320,0.1694915254237288
protein_0396,protein_0321,0.14754098360655737
protein_0396,protein_0322,0.12295081967213115
protein_0396,protein_0323,0.14782608695652175
protein_0396,protein_0324,0.1693548387096774
protein_0396,protein_0325,0.15503875968992248
protein_0396,protein_0326,0.14912280701754385
protein_0396,protein_0327,0.10526315789473684
protein_0396,protein_0328,0.11510791366906475
protein_0396,protein_0330,0.13157894736842105
protein_0396,protein_0331,0.14035087719298245
protein_0396,protein_0332,0.13114754098360656
protein_0396,protein_0333,0.1693548387096774
protein_0396,protein_0334,0.12698412698412698
protein_0396,protein_0335,0.14634146341463414
protein_0396,protein_0336,0.1111111111111111
protein_0396,protein_0337,0.15
protein_0396,protein_0338,0.15517241379310345
protein_0396,protein_0339,0.13157894736842105
protein_0396,protein_0340,0.1652892561983471
protein_0396,protein_0341,0.14049586776859505
protein_0396,protein_0343,0.14035087719298245
protein_0396,protein_0344,0.14634146341463414
protein_0396,protein_0345,0.1366906474820144
protein_0396,protein_0346,0.1366906474820144
protein_0396,protein_0347,0.13157894736842105
protein_0396,protein_0348,0.2605042016806723
protein_0396,protein_0349,0.16
protein_0396,protein_0350,0.14655172413793102
protein_0396,protein_0351,0.13157894736842105
protein_0396,protein_0352,0.1452991452991453
protein_0396,protein_0353,0.16535433070866143
protein_0396,protein_0354,0.14035087719298245
protein_0396,protein_0355,0.1391304347826087
protein_0396,protein_0356,0.11403508771929824
protein_0396,protein_0357,0.21951219512195122
protein_0396,protein_0358,0.13821138211382114
protein_0396,protein_0359,0.25396825396825395
protein_0396,protein_0360,0.1623931623931624
protein_0396,protein_0362,0.11904761904761904
protein_0396,protein_0363,0.11904761904761904
protein_0396,protein_0364,0.14285714285714285
protein_0396,protein_0365,0.15254237288135594
protein_0396,protein_0366,0.15254237288135594
protein_0396,protein_0367,0.17355371900826447
protein_0396,protein_0368,0.14035087719298245
protein_0396,protein_0369,0.15789473684210525
protein_0396,protein_0370,0.14634146341463414
protein_0396,protein_0371,0.18421052631578946
protein_0396,protein_0372,0.09545454545454546
protein_0396,protein_0373,0.1452991452991453
protein_0396,protein_0374,0.25833333333333336
protein_0396,protein_0375,0.12605042016806722
protein_0396,protein_0377,0.17647058823529413
protein_0396,protein_0378,0.15384615384615385
protein_0396,protein_0379,0.14782608695652175
protein_0396,protein_0380,0.14782608695652175
protein_0396,protein_0381,0.14782608695652175
protein_0396,protein_0382,0.13821138211382114
protein_0396,protein_0383,0.14782608695652175
protein_0396,protein_0384,0.15517241379310345
protein_0396,protein_0386,0.1774193548387097
protein_0396,protein_0387,0.25
protein_0396,protein_0388,0.125
protein_0396,protein_0389,0.13157894736842105
protein_0396,protein_0390,0.16521739130434782
protein_0396,protein_0392,0.17391304347826086
protein_0396,protein_0393,0.17391304347826086
protein_0396,protein_0394,0.34210526315789475
protein_0396,protein_0397,0.16101694915254236
protein_0396,protein_0398,0.13986013986013987
protein_0396,protein_0399,0.17355371900826447
