query_protein,train_protein,similarity_score
protein_0002,protein_0000,0.18556701030927836
protein_0002,protein_0001,0.14457831325301204
protein_0002,protein_0003,0.16853932584269662
protein_0002,protein_0004,0.21649484536082475
protein_0002,protein_0005,0.30952380952380953
protein_0002,protein_0006,0.23958333333333334
protein_0002,protein_0007,0.17073170731707318
protein_0002,protein_0008,0.13861386138613863
protein_0002,protein_0009,0.22340425531914893
protein_0002,protein_0010,0.2079207920792079
protein_0002,protein_0012,0.13333333333333333
protein_0002,protein_0013,0.13253012048192772
protein_0002,protein_0014,0.21839080459770116
protein_0002,protein_0015,0.1388888888888889
protein_0002,protein_0016,0.15
protein_0002,protein_0017,0.140625
protein_0002,protein_0018,0.11827956989247312
protein_0002,protein_0019,0.20481927710843373
protein_0002,protein_0020,0.13402061855670103
protein_0002,protein_0021,0.24096385542168675
protein_0002,protein_0022,0.21875
protein_0002,protein_0023,0.1827956989247312
protein_0002,protein_0024,0.10743801652892562
protein_0002,protein_0025,0.11702127659574468
protein_0002,protein_0027,0.18181818181818182
protein_0002,protein_0028,0.15789473684210525
protein_0002,protein_0029,0.15294117647058825
protein_0002,protein_0030,0.1092436974789916
protein_0002,protein_0031,0.15
protein_0002,protein_0032,0.16666666666666666
protein_0002,protein_0033,0.20408163265306123
protein_0002,protein_0034,0.17708333333333334
protein_0002,protein_0035,0.15841584158415842
protein_0002,protein_0036,0.14634146341463414
protein_0002,protein_0037,0.14814814814814814
protein_0002,protein_0039,0.20212765957446807
protein_0002,protein_0040,0.16666666666666666
protein_0002,protein_0041,0.14285714285714285
protein_0002,protein_0042,0.23595505617977527
protein_0002,protein_0043,0.2391304347826087
protein_0002,protein_0044,0.2391304347826087
protein_0002,protein_0045,0.16483516483516483
protein_0002,protein_0046,0.16049382716049382
protein_0002,protein_0047,0.1958762886597938
protein_0002,protein_0048,0.16483516483516483
protein_0002,protein_0049,0.13978494623655913
protein_0002,protein_0050,0.18095238095238095
protein_0002,protein_0051,0.16666666666666666
protein_0002,protein_0052,0.15555555555555556
protein_0002,protein_0053,0.13541666666666666
protein_0002,protein_0054,0.15384615384615385
protein_0002,protein_0055,0.12295081967213115
protein_0002,protein_0056,0.17647058823529413
protein_0002,protein_0057,0.17073170731707318
protein_0002,protein_0058,0.16666666666666666
protein_0002,protein_0059,0.22826086956521738
protein_0002,protein_0060,0.14545454545454545
protein_0002,protein_0061,0.10227272727272728
protein_0002,protein_0062,0.16853932584269662
protein_0002,protein_0063,0.09859154929577464
protein_0002,protein_0064,0.16326530612244897
protein_0002,protein_0065,0.2
protein_0002,protein_0066,0.14423076923076922
protein_0002,protein_0067,0.12359550561797752
protein_0002,protein_0068,0.10989010989010989
protein_0002,protein_0069,0.10416666666666667
protein_0002,protein_0070,0.11702127659574468
protein_0002,protein_0071,0.17708333333333334
protein_0002,protein_0072,0.14634146341463414
protein_0002,protein_0073,0.15625
protein_0002,protein_0074,0.16091954022988506
protein_0002,protein_0075,0.18181818181818182
protein_0002,protein_0076,0.12345679012345678
protein_0002,protein_0077,0.1797752808988764
protein_0002,protein_0078,0.13592233009708737
protein_0002,protein_0079,0.13592233009708737
protein_0002,protein_0080,0.1978021978021978
protein_0002,protein_0081,0.18681318681318682
protein_0002,protein_0082,0.12871287128712872
protein_0002,protein_0083,0.15625
protein_0002,protein_0084,0.15555555555555556
protein_0002,protein_0085,0.16964285714285715
protein_0002,protein_0086,0.15178571428571427
protein_0002,protein_0087,0.18072289156626506
protein_0002,protein_0088,0.13541666666666666
protein_0002,protein_0089,0.10810810810810811
protein_0002,protein_0090,0.10714285714285714
protein_0002,protein_0091,0.1415929203539823
protein_0002,protein_0092,0.1415929203539823
protein_0002,protein_0093,0.14444444444444443
protein_0002,protein_0094,0.15789473684210525
protein_0002,protein_0095,0.11607142857142858
protein_0002,protein_0096,0.17475728155339806
protein_0002,protein_0097,0.1827956989247312
protein_0002,protein_0098,0.12359550561797752
protein_0002,protein_0099,0.14414414414414414
protein_0002,protein_0100,0.19047619047619047
protein_0002,protein_0101,0.16666666666666666
protein_0002,protein_0102,0.2222222222222222
protein_0002,protein_0103,0.21649484536082475
protein_0002,protein_0104,0.11570247933884298
protein_0002,protein_0105,0.13414634146341464
protein_0002,protein_0106,0.1623931623931624
protein_0002,protein_0107,0.18681318681318682
protein_0002,protein_0108,0.13953488372093023
protein_0002,protein_0109,0.16049382716049382
protein_0002,protein_0110,0.16853932584269662
protein_0002,protein_0111,0.17708333333333334
protein_0002,protein_0113,0.21978021978021978
protein_0002,protein_0114,0.13636363636363635
protein_0002,protein_0116,0.176
protein_0002,protein_0118,0.17857142857142858
protein_0002,protein_0119,0.16346153846153846
protein_0002,protein_0121,0.1978021978021978
protein_0002,protein_0122,0.14814814814814814
protein_0002,protein_0123,0.17073170731707318
protein_0002,protein_0124,0.16831683168316833
protein_0002,protein_0125,0.18867924528301888
protein_0002,protein_0126,0.19626168224299065
protein_0002,protein_0127,0.15625
protein_0002,protein_0128,0.19148936170212766
protein_0002,protein_0130,0.1415929203539823
protein_0002,protein_0131,0.13580246913580246
protein_0002,protein_0132,0.12264150943396226
protein_0002,protein_0133,0.12264150943396226
protein_0002,protein_0134,0.1978021978021978
protein_0002,protein_0135,0.17204301075268819
protein_0002,protein_0137,0.1282051282051282
protein_0002,protein_0138,0.1282051282051282
protein_0002,protein_0139,0.18518518518518517
protein_0002,protein_0140,0.17708333333333334
protein_0002,protein_0141,0.14285714285714285
protein_0002,protein_0142,0.18681318681318682
protein_0002,protein_0143,0.14893617021276595
protein_0002,protein_0144,0.18085106382978725
protein_0002,protein_0145,0.1728395061728395
protein_0002,protein_0146,0.10975609756097561
protein_0002,protein_0147,0.2247191011235955
protein_0002,protein_0148,0.13333333333333333
protein_0002,protein_0149,0.1951219512195122
protein_0002,protein_0150,0.1958762886597938
protein_0002,protein_0151,0.17582417582417584
protein_0002,protein_0152,0.19753086419753085
protein_0002,protein_0153,0.16091954022988506
protein_0002,protein_0155,0.1623931623931624
protein_0002,protein_0156,0.18691588785046728
protein_0002,protein_0157,0.21839080459770116
protein_0002,protein_0158,0.16049382716049382
protein_0002,protein_0159,0.15730337078651685
protein_0002,protein_0160,0.15730337078651685
protein_0002,protein_0161,0.12605042016806722
protein_0002,protein_0162,0.1935483870967742
protein_0002,protein_0163,0.14705882352941177
protein_0002,protein_0165,0.1728395061728395
protein_0002,protein_0166,0.17582417582417584
protein_0002,protein_0167,0.1875
protein_0002,protein_0168,0.1875
protein_0002,protein_0169,0.15873015873015872
protein_0002,protein_0170,0.12790697674418605
protein_0002,protein_0171,0.18556701030927836
protein_0002,protein_0172,0.16101694915254236
protein_0002,protein_0173,0.15555555555555556
protein_0002,protein_0174,0.19
protein_0002,protein_0175,0.16853932584269662
protein_0002,protein_0176,0.15476190476190477
protein_0002,protein_0177,0.16049382716049382
protein_0002,protein_0178,0.16101694915254236
protein_0002,protein_0180,0.1717171717171717
protein_0002,protein_0181,0.12222222222222222
protein_0002,protein_0182,0.1958762886597938
protein_0002,protein_0184,0.1875
protein_0002,protein_0186,0.11818181818181818
protein_0002,protein_0187,0.16
protein_0002,protein_0188,0.17073170731707318
protein_0002,protein_0189,0.1875
protein_0002,protein_0190,0.1702127659574468
protein_0002,protein_0191,0.18681318681318682
protein_0002,protein_0192,0.12790697674418605
protein_0002,protein_0193,0.22916666666666666
protein_0002,protein_0194,0.13636363636363635
protein_0002,protein_0195,0.17708333333333334
protein_0002,protein_0196,0.1875
protein_0002,protein_0198,0.1590909090909091
protein_0002,protein_0200,0.17708333333333334
protein_0002,protein_0201,0.14705882352941177
protein_0002,protein_0202,0.1875
protein_0002,protein_0205,0.1152073732718894
protein_0002,protein_0206,0.15384615384615385
protein_0002,protein_0207,0.09322033898305085
protein_0002,protein_0208,0.16379310344827586
protein_0002,protein_0209,0.25
protein_0002,protein_0210,0.19318181818181818
protein_0002,protein_0212,0.16129032258064516
protein_0002,protein_0213,0.21348314606741572
protein_0002,protein_0214,0.14942528735632185
protein_0002,protein_0215,0.1111111111111111
protein_0002,protein_0216,0.16216216216216217
protein_0002,protein_0217,0.24096385542168675
protein_0002,protein_0218,0.144
protein_0002,protein_0219,0.12396694214876033
protein_0002,protein_0220,0.13186813186813187
protein_0002,protein_0221,0.18518518518518517
protein_0002,protein_0223,0.13095238095238096
protein_0002,protein_0225,0.2682926829268293
protein_0002,protein_0226,0.2777777777777778
protein_0002,protein_0227,0.12195121951219512
protein_0002,protein_0228,0.12048192771084337
protein_0002,protein_0229,0.21951219512195122
protein_0002,protein_0230,0.12087912087912088
protein_0002,protein_0231,0.1797752808988764
protein_0002,protein_0232,0.16049382716049382
protein_0002,protein_0233,0.11450381679389313
protein_0002,protein_0235,0.19387755102040816
protein_0002,protein_0236,0.1595744680851064
protein_0002,protein_0238,0.08333333333333333
protein_0002,protein_0239,0.14893617021276595
protein_0002,protein_0240,0.13829787234042554
protein_0002,protein_0241,0.19
protein_0002,protein_0242,0.1728395061728395
protein_0002,protein_0243,0.10227272727272728
protein_0002,protein_0244,0.2804878048780488
protein_0002,protein_0245,0.17796610169491525
protein_0002,protein_0246,0.19801980198019803
protein_0002,protein_0247,0.18867924528301888
protein_0002,protein_0248,0.15730337078651685
protein_0002,protein_0249,0.1276595744680851
protein_0002,protein_0250,0.23232323232323232
protein_0002,protein_0251,0.28888888888888886
protein_0002,protein_0252,0.2619047619047619
protein_0002,protein_0254,0.13636363636363635
protein_0002,protein_0255,0.11560693641618497
protein_0002,protein_0256,0.13
protein_0002,protein_0257,0.10784313725490197
protein_0002,protein_0258,0.16842105263157894
protein_0002,protein_0259,0.18072289156626506
protein_0002,protein_0260,0.18072289156626506
protein_0002,protein_0261,0.18691588785046728
protein_0002,protein_0262,0.16176470588235295
protein_0002,protein_0263,0.15328467153284672
protein_0002,protein_0264,0.1935483870967742
protein_0002,protein_0265,0.1935483870967742
protein_0002,protein_0266,0.18888888888888888
protein_0002,protein_0267,0.16842105263157894
protein_0002,protein_0268,0.24390243902439024
protein_0002,protein_0269,0.11206896551724138
protein_0002,protein_0270,0.15384615384615385
protein_0002,protein_0271,0.18292682926829268
protein_0002,protein_0272,0.17525773195876287
protein_0002,protein_0273,0.20833333333333334
protein_0002,protein_0274,0.12903225806451613
protein_0002,protein_0275,0.2336448598130841
protein_0002,protein_0276,0.2247191011235955
protein_0002,protein_0278,0.17894736842105263
protein_0002,protein_0279,0.15625
protein_0002,protein_0280,0.17391304347826086
protein_0002,protein_0281,0.13392857142857142
protein_0002,protein_0284,0.15384615384615385
protein_0002,protein_0285,0.1875
protein_0002,protein_0286,0.19753086419753085
protein_0002,protein_0288,0.1411764705882353
protein_0002,protein_0289,0.17073170731707318
protein_0002,protein_0290,0.18446601941747573
protein_0002,protein_0291,0.22727272727272727
protein_0002,protein_0292,0.20987654320987653
protein_0002,protein_0293,0.17582417582417584
protein_0002,protein_0294,0.22727272727272727
protein_0002,protein_0295,0.16049382716049382
protein_0002,protein_0296,0.11504424778761062
protein_0002,protein_0297,0.2073170731707317
protein_0002,protein_0298,0.14814814814814814
protein_0002,protein_0300,0.2087912087912088
protein_0002,protein_0301,0.2087912087912088
protein_0002,protein_0302,0.11059907834101383
protein_0002,protein_0303,0.14634146341463414
protein_0002,protein_0304,0.18292682926829268
protein_0002,protein_0305,0.16831683168316833
protein_0002,protein_0306,0.1111111111111111
protein_0002,protein_0307,0.09322033898305085
protein_0002,protein_0308,0.13114754098360656
protein_0002,protein_0309,0.19
protein_0002,protein_0310,0.18181818181818182
protein_0002,protein_0311,0.11458333333333333
protein_0002,protein_0312,0.19101123595505617
protein_0002,protein_0313,0.16666666666666666
protein_0002,protein_0314,0.14705882352941177
protein_0002,protein_0315,0.10344827586206896
protein_0002,protein_0316,0.1728395061728395
protein_0002,protein_0317,0.19230769230769232
protein_0002,protein_0318,0.13157894736842105
protein_0002,protein_0319,0.2268041237113402
protein_0002,protein_0320,0.1276595744680851
protein_0002,protein_0321,0.1827956989247312
protein_0002,protein_0322,0.13829787234042554
protein_0002,protein_0323,0.125
protein_0002,protein_0324,0.20689655172413793
protein_0002,protein_0326,0.22988505747126436
protein_0002,protein_0328,0.14414414414414414
protein_0002,protein_0329,0.14414414414414414
protein_0002,protein_0330,0.23655913978494625
protein_0002,protein_0331,0.16049382716049382
protein_0002,protein_0332,0.1941747572815534
protein_0002,protein_0333,0.15730337078651685
protein_0002,protein_0334,0.10112359550561797
protein_0002,protein_0335,0.1619047619047619
protein_0002,protein_0336,0.16049382716049382
protein_0002,protein_0337,0.18556701030927836
protein_0002,protein_0338,0.23711340206185566
protein_0002,protein_0339,0.18518518518518517
protein_0002,protein_0340,0.09259259259259259
protein_0002,protein_0341,0.18691588785046728
protein_0002,protein_0342,0.13580246913580246
protein_0002,protein_0343,0.1728395061728395
protein_0002,protein_0344,0.16666666666666666
protein_0002,protein_0345,0.14912280701754385
protein_0002,protein_0346,0.14912280701754385
protein_0002,protein_0347,0.18072289156626506
protein_0002,protein_0348,0.18032786885245902
protein_0002,protein_0349,0.12962962962962962
protein_0002,protein_0351,0.17708333333333334
protein_0002,protein_0352,0.14814814814814814
protein_0002,protein_0353,0.12612612612612611
protein_0002,protein_0354,0.16326530612244897
protein_0002,protein_0355,0.23076923076923078
protein_0002,protein_0356,0.15853658536585366
protein_0002,protein_0358,0.16666666666666666
protein_0002,protein_0359,0.11764705882352941
protein_0002,protein_0361,0.1322314049586777
protein_0002,protein_0363,0.17204301075268819
protein_0002,protein_0364,0.1935483870967742
protein_0002,protein_0365,0.13953488372093023
protein_0002,protein_0366,0.18181818181818182
protein_0002,protein_0367,0.21818181818181817
protein_0002,protein_0369,0.16853932584269662
protein_0002,protein_0370,0.16666666666666666
protein_0002,protein_0371,0.20833333333333334
protein_0002,protein_0372,0.091324200913242
protein_0002,protein_0373,0.1568627450980392
protein_0002,protein_0374,0.11965811965811966
protein_0002,protein_0375,0.17777777777777778
protein_0002,protein_0376,0.20202020202020202
protein_0002,protein_0377,0.16494845360824742
protein_0002,protein_0379,0.21428571428571427
protein_0002,protein_0380,0.21428571428571427
protein_0002,protein_0381,0.21428571428571427
protein_0002,protein_0382,0.15463917525773196
protein_0002,protein_0383,0.15853658536585366
protein_0002,protein_0385,0.1
protein_0002,protein_0386,0.15
protein_0002,protein_0387,0.12371134020618557
protein_0002,protein_0388,0.16049382716049382
protein_0002,protein_0389,0.14457831325301204
protein_0002,protein_0390,0.14444444444444443
protein_0002,protein_0391,0.15555555555555556
protein_0002,protein_0393,0.14893617021276595
protein_0002,protein_0394,0.14912280701754385
protein_0002,protein_0395,0.08791208791208792
protein_0002,protein_0396,0.14035087719298245
protein_0002,protein_0397,0.15217391304347827
protein_0002,protein_0398,0.1504424778761062
protein_0002,protein_0399,0.1797752808988764
protein_0011,protein_0000,0.38636363636363635
protein_0011,protein_0001,0.13793103448275862
protein_0011,protein_0003,0.31521739130434784
protein_0011,protein_0004,0.3103448275862069
protein_0011,protein_0005,0.16666666666666666
protein_0011,protein_0006,0.45454545454545453
protein_0011,protein_0007,0.19101123595505617
protein_0011,protein_0008,0.13861386138613863
protein_0011,protein_0009,0.3218390804597701
protein_0011,protein_0010,0.45977011494252873
protein_0011,protein_0012,0.5862068965517241
protein_0011,protein_0013,0.1590909090909091
protein_0011,protein_0014,0.18446601941747573
protein_0011,protein_0015,0.12
protein_0011,protein_0016,0.17307692307692307
protein_0011,protein_0017,0.1015625
protein_0011,protein_0018,0.26436781609195403
protein_0011,protein_0019,0.13793103448275862
protein_0011,protein_0020,0.34444444444444444
protein_0011,protein_0021,0.125
protein_0011,protein_0022,0.15151515151515152
protein_0011,protein_0023,0.16326530612244897
protein_0011,protein_0024,0.1092436974789916
protein_0011,protein_0025,0.2988505747126437
protein_0011,protein_0027,0.20408163265306123
protein_0011,protein_0028,0.16666666666666666
protein_0011,protein_0029,0.1724137931034483
protein_0011,protein_0030,0.1774193548387097
protein_0011,protein_0031,0.14563106796116504
protein_0011,protein_0032,0.3218390804597701
protein_0011,protein_0033,0.47126436781609193
protein_0011,protein_0034,0.4827586206896552
protein_0011,protein_0035,0.1875
protein_0011,protein_0036,0.1724137931034483
protein_0011,protein_0037,0.25287356321839083
protein_0011,protein_0039,0.3218390804597701
protein_0011,protein_0040,0.15789473684210525
protein_0011,protein_0041,0.3103448275862069
protein_0011,protein_0042,0.20689655172413793
protein_0011,protein_0043,0.25287356321839083
protein_0011,protein_0044,0.22988505747126436
protein_0011,protein_0045,0.2988505747126437
protein_0011,protein_0046,0.16091954022988506
protein_0011,protein_0047,0.45977011494252873
protein_0011,protein_0048,0.4482758620689655
protein_0011,protein_0049,0.4827586206896552
protein_0011,protein_0050,0.1568627450980392
protein_0011,protein_0051,0.20454545454545456
protein_0011,protein_0052,0.32222222222222224
protein_0011,protein_0053,0.367816091954023
protein_0011,protein_0054,0.1452991452991453
protein_0011,protein_0055,0.13445378151260504
protein_0011,protein_0056,0.14166666666666666
protein_0011,protein_0057,0.1797752808988764
protein_0011,protein_0058,0.14942528735632185
protein_0011,protein_0059,0.2413793103448276
protein_0011,protein_0060,0.15
protein_0011,protein_0061,0.22826086956521738
protein_0011,protein_0062,0.3218390804597701
protein_0011,protein_0063,0.11682242990654206
protein_0011,protein_0064,0.27586206896551724
protein_0011,protein_0065,0.19607843137254902
protein_0011,protein_0066,0.1440677966101695
protein_0011,protein_0067,0.4659090909090909
protein_0011,protein_0068,0.3333333333333333
protein_0011,protein_0069,0.4367816091954023
protein_0011,protein_0070,0.28735632183908044
protein_0011,protein_0071,0.41379310344827586
protein_0011,protein_0072,0.13043478260869565
protein_0011,protein_0073,0.3448275862068966
protein_0011,protein_0074,0.13541666666666666
protein_0011,protein_0075,0.19444444444444445
protein_0011,protein_0076,0.16091954022988506
protein_0011,protein_0077,0.40229885057471265
protein_0011,protein_0078,0.0891089108910891
protein_0011,protein_0079,0.0891089108910891
protein_0011,protein_0080,0.3793103448275862
protein_0011,protein_0081,0.39325842696629215
protein_0011,protein_0082,0.13592233009708737
protein_0011,protein_0083,0.5172413793103449
protein_0011,protein_0084,0.3595505617977528
protein_0011,protein_0085,0.14545454545454545
protein_0011,protein_0086,0.14545454545454545
protein_0011,protein_0087,0.1724137931034483
protein_0011,protein_0088,0.33707865168539325
protein_0011,protein_0089,0.15702479338842976
protein_0011,protein_0090,0.15384615384615385
protein_0011,protein_0091,0.17699115044247787
protein_0011,protein_0092,0.17699115044247787
protein_0011,protein_0093,0.41379310344827586
protein_0011,protein_0094,0.19672131147540983
protein_0011,protein_0095,0.1452991452991453
protein_0011,protein_0096,0.1346153846153846
protein_0011,protein_0097,0.3977272727272727
protein_0011,protein_0098,0.2988505747126437
protein_0011,protein_0099,0.12605042016806722
protein_0011,protein_0100,0.17582417582417584
protein_0011,protein_0101,0.3448275862068966
protein_0011,protein_0102,0.3225806451612903
protein_0011,protein_0103,0.25555555555555554
protein_0011,protein_0104,0.16666666666666666
protein_0011,protein_0105,0.16842105263157894
protein_0011,protein_0106,0.15517241379310345
protein_0011,protein_0107,0.3448275862068966
protein_0011,protein_0108,0.2222222222222222
protein_0011,protein_0109,0.16091954022988506
protein_0011,protein_0110,0.41379310344827586
protein_0011,protein_0111,0.3333333333333333
protein_0011,protein_0113,0.5172413793103449
protein_0011,protein_0114,0.26436781609195403
protein_0011,protein_0116,0.15384615384615385
protein_0011,protein_0118,0.1956521739130435
protein_0011,protein_0119,0.12871287128712872
protein_0011,protein_0121,0.3181818181818182
protein_0011,protein_0122,0.25287356321839083
protein_0011,protein_0123,0.13829787234042554
protein_0011,protein_0124,0.3103448275862069
protein_0011,protein_0125,0.12121212121212122
protein_0011,protein_0126,0.15841584158415842
protein_0011,protein_0127,0.3218390804597701
protein_0011,protein_0128,0.3333333333333333
protein_0011,protein_0130,0.1452991452991453
protein_0011,protein_0131,0.16091954022988506
protein_0011,protein_0132,0.25925925925925924
protein_0011,protein_0133,0.25925925925925924
protein_0011,protein_0134,0.3258426966292135
protein_0011,protein_0135,0.27586206896551724
protein_0011,protein_0137,0.15625
protein_0011,protein_0138,0.15625
protein_0011,protein_0139,0.16091954022988506
protein_0011,protein_0140,0.4482758620689655
protein_0011,protein_0141,0.25287356321839083
protein_0011,protein_0142,0.4827586206896552
protein_0011,protein_0143,0.3076923076923077
protein_0011,protein_0144,0.26436781609195403
protein_0011,protein_0145,0.16304347826086957
protein_0011,protein_0146,0.2247191011235955
protein_0011,protein_0147,0.3977272727272727
protein_0011,protein_0148,0.3448275862068966
protein_0011,protein_0149,0.15730337078651685
protein_0011,protein_0150,0.3218390804597701
protein_0011,protein_0151,0.19101123595505617
protein_0011,protein_0152,0.14942528735632185
protein_0011,protein_0153,0.1839080459770115
protein_0011,protein_0155,0.17094017094017094
protein_0011,protein_0156,0.1452991452991453
protein_0011,protein_0157,0.16666666666666666
protein_0011,protein_0158,0.15217391304347827
protein_0011,protein_0159,0.3563218390804598
protein_0011,protein_0160,0.2967032967032967
protein_0011,protein_0161,0.14285714285714285
protein_0011,protein_0162,0.27586206896551724
protein_0011,protein_0163,0.17757009345794392
protein_0011,protein_0165,0.15217391304347827
protein_0011,protein_0166,0.26436781609195403
protein_0011,protein_0167,0.11965811965811966
protein_0011,protein_0168,0.13333333333333333
protein_0011,protein_0169,0.1271186440677966
protein_0011,protein_0170,0.3103448275862069
protein_0011,protein_0171,0.3448275862068966
protein_0011,protein_0172,0.17293233082706766
protein_0011,protein_0173,0.3448275862068966
protein_0011,protein_0174,0.3103448275862069
protein_0011,protein_0175,0.27586206896551724
protein_0011,protein_0176,0.1839080459770115
protein_0011,protein_0177,0.13793103448275862
protein_0011,protein_0178,0.12389380530973451
protein_0011,protein_0180,0.28735632183908044
protein_0011,protein_0181,0.4367816091954023
protein_0011,protein_0182,0.2988505747126437
protein_0011,protein_0184,0.3103448275862069
protein_0011,protein_0186,0.13861386138613863
protein_0011,protein_0187,0.28735632183908044
protein_0011,protein_0188,0.1839080459770115
protein_0011,protein_0189,0.3258426966292135
protein_0011,protein_0190,0.5172413793103449
protein_0011,protein_0191,0.27586206896551724
protein_0011,protein_0192,0.2988505747126437
protein_0011,protein_0193,0.3522727272727273
protein_0011,protein_0194,0.27586206896551724
protein_0011,protein_0195,0.5172413793103449
protein_0011,protein_0196,0.5057471264367817
protein_0011,protein_0198,0.3448275862068966
protein_0011,protein_0200,0.4367816091954023
protein_0011,protein_0201,0.17117117117117117
protein_0011,protein_0202,0.39080459770114945
protein_0011,protein_0205,0.107981220657277
protein_0011,protein_0206,0.5747126436781609
protein_0011,protein_0207,0.0873015873015873
protein_0011,protein_0208,0.1320754716981132
protein_0011,protein_0209,0.25287356321839083
protein_0011,protein_0210,0.34831460674157305
protein_0011,protein_0212,0.1724137931034483
protein_0011,protein_0213,0.3563218390804598
protein_0011,protein_0214,0.10344827586206896
protein_0011,protein_0215,0.14893617021276595
protein_0011,protein_0216,0.16037735849056603
protein_0011,protein_0217,0.16304347826086957
protein_0011,protein_0218,0.144
protein_0011,protein_0219,0.1532258064516129
protein_0011,protein_0220,0.25287356321839083
protein_0011,protein_0221,0.1111111111111111
protein_0011,protein_0223,0.12643678160919541
protein_0011,protein_0225,0.1590909090909091
protein_0011,protein_0226,0.17346938775510204
protein_0011,protein_0227,0.12643678160919541
protein_0011,protein_0228,0.22105263157894736
protein_0011,protein_0229,0.1590909090909091
protein_0011,protein_0230,0.23333333333333334
protein_0011,protein_0231,0.3563218390804598
protein_0011,protein_0232,0.17582417582417584
protein_0011,protein_0233,0.12598425196850394
protein_0011,protein_0235,0.13793103448275862
protein_0011,protein_0236,0.4942528735632184
protein_0011,protein_0238,0.13740458015267176
protein_0011,protein_0239,0.3218390804597701
protein_0011,protein_0240,0.3218390804597701
protein_0011,protein_0241,0.27586206896551724
protein_0011,protein_0242,0.14444444444444443
protein_0011,protein_0243,0.3333333333333333
protein_0011,protein_0244,0.14444444444444443
protein_0011,protein_0245,0.14814814814814814
protein_0011,protein_0246,0.10416666666666667
protein_0011,protein_0247,0.1875
protein_0011,protein_0248,0.3333333333333333
protein_0011,protein_0249,0.27586206896551724
protein_0011,protein_0250,0.21978021978021978
protein_0011,protein_0251,0.17204301075268819
protein_0011,protein_0252,0.17894736842105263
protein_0011,protein_0254,0.1827956989247312
protein_0011,protein_0255,0.12280701754385964
protein_0011,protein_0256,0.15789473684210525
protein_0011,protein_0257,0.15254237288135594
protein_0011,protein_0258,0.5517241379310345
protein_0011,protein_0259,0.1702127659574468
protein_0011,protein_0260,0.1702127659574468
protein_0011,protein_0261,0.1
protein_0011,protein_0262,0.1111111111111111
protein_0011,protein_0263,0.11764705882352941
protein_0011,protein_0264,0.3333333333333333
protein_0011,protein_0265,0.3333333333333333
protein_0011,protein_0266,0.14736842105263157
protein_0011,protein_0267,0.2
protein_0011,protein_0268,0.1590909090909091
protein_0011,protein_0269,0.13793103448275862
protein_0011,protein_0270,0.17391304347826086
protein_0011,protein_0271,0.18181818181818182
protein_0011,protein_0272,0.5287356321839081
protein_0011,protein_0273,0.5172413793103449
protein_0011,protein_0274,0.19101123595505617
protein_0011,protein_0275,0.15841584158415842
protein_0011,protein_0276,0.3103448275862069
protein_0011,protein_0278,0.31868131868131866
protein_0011,protein_0279,0.3258426966292135
protein_0011,protein_0280,0.28735632183908044
protein_0011,protein_0281,0.17796610169491525
protein_0011,protein_0284,0.25287356321839083
protein_0011,protein_0285,0.5287356321839081
protein_0011,protein_0286,0.16304347826086957
protein_0011,protein_0288,0.3218390804597701
protein_0011,protein_0289,0.20454545454545456
protein_0011,protein_0290,0.12871287128712872
protein_0011,protein_0291,0.2413793103448276
protein_0011,protein_0292,0.14942528735632185
protein_0011,protein_0293,0.20430107526881722
protein_0011,protein_0294,0.2413793103448276
protein_0011,protein_0295,0.1724137931034483
protein_0011,protein_0296,0.10434782608695652
protein_0011,protein_0297,0.12643678160919541
protein_0011,protein_0298,0.17204301075268819
protein_0011,protein_0300,0.20212765957446807
protein_0011,protein_0301,0.2
protein_0011,protein_0302,0.12903225806451613
protein_0011,protein_0303,0.21348314606741572
protein_0011,protein_0304,0.18478260869565216
protein_0011,protein_0305,0.19230769230769232
protein_0011,protein_0306,0.13445378151260504
protein_0011,protein_0307,0.14166666666666666
protein_0011,protein_0308,0.1810344827586207
protein_0011,protein_0309,0.18556701030927836
protein_0011,protein_0310,0.16346153846153846
protein_0011,protein_0311,0.3333333333333333
protein_0011,protein_0312,0.367816091954023
protein_0011,protein_0313,0.20689655172413793
protein_0011,protein_0314,0.11538461538461539
protein_0011,protein_0315,0.14634146341463414
protein_0011,protein_0316,0.14942528735632185
protein_0011,protein_0317,0.16346153846153846
protein_0011,protein_0318,0.16393442622950818
protein_0011,protein_0319,0.5287356321839081
protein_0011,protein_0320,0.26436781609195403
protein_0011,protein_0321,0.1978021978021978
protein_0011,protein_0322,0.2717391304347826
protein_0011,protein_0323,0.3258426966292135
protein_0011,protein_0324,0.1797752808988764
protein_0011,protein_0326,0.16304347826086957
protein_0011,protein_0328,0.16666666666666666
protein_0011,protein_0329,0.16666666666666666
protein_0011,protein_0330,0.5287356321839081
protein_0011,protein_0331,0.18681318681318682
protein_0011,protein_0332,0.25287356321839083
protein_0011,protein_0333,0.22988505747126436
protein_0011,protein_0334,0.21505376344086022
protein_0011,protein_0335,0.14
protein_0011,protein_0336,0.13793103448275862
protein_0011,protein_0337,0.41379310344827586
protein_0011,protein_0338,0.27586206896551724
protein_0011,protein_0339,0.17777777777777778
protein_0011,protein_0340,0.14423076923076922
protein_0011,protein_0341,0.21568627450980393
protein_0011,protein_0342,0.18181818181818182
protein_0011,protein_0343,0.1590909090909091
protein_0011,protein_0344,0.3793103448275862
protein_0011,protein_0345,0.18032786885245902
protein_0011,protein_0346,0.18032786885245902
protein_0011,protein_0347,0.1724137931034483
protein_0011,protein_0348,0.14285714285714285
protein_0011,protein_0349,0.17272727272727273
protein_0011,protein_0351,0.5517241379310345
protein_0011,protein_0352,0.13793103448275862
protein_0011,protein_0353,0.16129032258064516
protein_0011,protein_0354,0.27586206896551724
protein_0011,protein_0355,0.42857142857142855
protein_0011,protein_0356,0.15555555555555556
protein_0011,protein_0358,0.37777777777777777
protein_0011,protein_0359,0.16129032258064516
protein_0011,protein_0361,0.11764705882352941
protein_0011,protein_0363,0.2111111111111111
protein_0011,protein_0364,0.21
protein_0011,protein_0365,0.22916666666666666
protein_0011,protein_0366,0.23958333333333334
protein_0011,protein_0367,0.2
protein_0011,protein_0369,0.15730337078651685
protein_0011,protein_0370,0.3793103448275862
protein_0011,protein_0371,0.28735632183908044
protein_0011,protein_0372,0.1141552511415525
protein_0011,protein_0373,0.17142857142857143
protein_0011,protein_0374,0.1794871794871795
protein_0011,protein_0375,0.3333333333333333
protein_0011,protein_0376,0.21153846153846154
protein_0011,protein_0377,0.28735632183908044
protein_0011,protein_0379,0.17346938775510204
protein_0011,protein_0380,0.17346938775510204
protein_0011,protein_0381,0.17346938775510204
protein_0011,protein_0382,0.21839080459770116
protein_0011,protein_0383,0.16091954022988506
protein_0011,protein_0385,0.16831683168316833
protein_0011,protein_0386,0.1568627450980392
protein_0011,protein_0387,0.16216216216216217
protein_0011,protein_0388,0.13829787234042554
protein_0011,protein_0389,0.11494252873563218
protein_0011,protein_0390,0.4482758620689655
protein_0011,protein_0391,0.2111111111111111
protein_0011,protein_0393,0.3103448275862069
protein_0011,protein_0394,0.13043478260869565
protein_0011,protein_0395,0.2087912087912088
protein_0011,protein_0396,0.14912280701754385
protein_0011,protein_0397,0.28735632183908044
protein_0011,protein_0398,0.144
protein_0011,protein_0399,0.3448275862068966
protein_0026,protein_0000,0.17054263565891473
protein_0026,protein_0001,0.11450381679389313
protein_0026,protein_0003,0.13846153846153847
protein_0026,protein_0004,0.15384615384615385
protein_0026,protein_0005,0.1037037037037037
protein_0026,protein_0006,0.16923076923076924
protein_0026,protein_0007,0.17692307692307693
protein_0026,protein_0008,0.13432835820895522
protein_0026,protein_0009,0.13533834586466165
protein_0026,protein_0010,0.14814814814814814
protein_0026,protein_0012,0.14685314685314685
protein_0026,protein_0013,0.11450381679389313
protein_0026,protein_0014,0.16923076923076924
protein_0026,protein_0015,0.10852713178294573
protein_0026,protein_0016,0.16666666666666666
protein_0026,protein_0017,0.36153846153846153
protein_0026,protein_0018,0.13432835820895522
protein_0026,protein_0019,0.13953488372093023
protein_0026,protein_0020,0.1259259259259259
protein_0026,protein_0021,0.15555555555555556
protein_0026,protein_0022,0.17557251908396945
protein_0026,protein_0023,0.13636363636363635
protein_0026,protein_0024,0.13986013986013987
protein_0026,protein_0025,0.13432835820895522
protein_0026,protein_0027,0.14728682170542637
protein_0026,protein_0028,0.16030534351145037
protein_0026,protein_0029,0.14728682170542637
protein_0026,protein_0030,0.21621621621621623
protein_0026,protein_0031,0.16058394160583941
protein_0026,protein_0032,0.13178294573643412
protein_0026,protein_0033,0.16793893129770993
protein_0026,protein_0034,0.10852713178294573
protein_0026,protein_0035,0.16666666666666666
protein_0026,protein_0036,0.13178294573643412
protein_0026,protein_0037,0.17266187050359713
protein_0026,protein_0039,0.13636363636363635
protein_0026,protein_0040,0.13178294573643412
protein_0026,protein_0041,0.12403100775193798
protein_0026,protein_0042,0.12686567164179105
protein_0026,protein_0043,0.1366906474820144
protein_0026,protein_0044,0.12403100775193798
protein_0026,protein_0045,0.11278195488721804
protein_0026,protein_0046,0.13953488372093023
protein_0026,protein_0047,0.14074074074074075
protein_0026,protein_0048,0.14285714285714285
protein_0026,protein_0049,0.16296296296296298
protein_0026,protein_0050,0.15151515151515152
protein_0026,protein_0051,0.13953488372093023
protein_0026,protein_0052,0.12403100775193798
protein_0026,protein_0053,0.16296296296296298
protein_0026,protein_0054,0.2028985507246377
protein_0026,protein_0055,0.20437956204379562
protein_0026,protein_0056,0.15503875968992248
protein_0026,protein_0057,0.16923076923076924
protein_0026,protein_0058,0.10077519379844961
protein_0026,protein_0059,0.13953488372093023
protein_0026,protein_0060,0.16176470588235295
protein_0026,protein_0061,0.10852713178294573
protein_0026,protein_0062,0.11194029850746269
protein_0026,protein_0063,0.14418604651162792
protein_0026,protein_0064,0.16417910447761194
protein_0026,protein_0065,0.16030534351145037
protein_0026,protein_0066,0.1347517730496454
protein_0026,protein_0067,0.15384615384615385
protein_0026,protein_0068,0.12318840579710146
protein_0026,protein_0069,0.12408759124087591
protein_0026,protein_0070,0.14393939393939395
protein_0026,protein_0071,0.12318840579710146
protein_0026,protein_0072,0.12403100775193798
protein_0026,protein_0073,0.11594202898550725
protein_0026,protein_0074,0.16417910447761194
protein_0026,protein_0075,0.12403100775193798
protein_0026,protein_0076,0.10852713178294573
protein_0026,protein_0077,0.2014388489208633
protein_0026,protein_0078,0.13380281690140844
protein_0026,protein_0079,0.13380281690140844
protein_0026,protein_0080,0.125
protein_0026,protein_0081,0.13953488372093023
protein_0026,protein_0082,0.16058394160583941
protein_0026,protein_0083,0.1527777777777778
protein_0026,protein_0084,0.13194444444444445
protein_0026,protein_0085,0.16058394160583941
protein_0026,protein_0086,0.15328467153284672
protein_0026,protein_0087,0.10077519379844961
protein_0026,protein_0088,0.13432835820895522
protein_0026,protein_0089,0.208955223880597
protein_0026,protein_0090,0.19852941176470587
protein_0026,protein_0091,0.17391304347826086
protein_0026,protein_0092,0.17391304347826086
protein_0026,protein_0093,0.11363636363636363
protein_0026,protein_0094,0.19548872180451127
protein_0026,protein_0095,0.20300751879699247
protein_0026,protein_0096,0.17006802721088435
protein_0026,protein_0097,0.15789473684210525
protein_0026,protein_0098,0.11764705882352941
protein_0026,protein_0099,0.14285714285714285
protein_0026,protein_0100,0.13846153846153847
protein_0026,protein_0101,0.1357142857142857
protein_0026,protein_0102,0.17557251908396945
protein_0026,protein_0103,0.14615384615384616
protein_0026,protein_0104,0.17006802721088435
protein_0026,protein_0105,0.15503875968992248
protein_0026,protein_0106,0.14074074074074075
protein_0026,protein_0107,0.1297709923664122
protein_0026,protein_0108,0.13953488372093023
protein_0026,protein_0109,0.13740458015267176
protein_0026,protein_0110,0.16666666666666666
protein_0026,protein_0111,0.14074074074074075
protein_0026,protein_0113,0.12213740458015267
protein_0026,protein_0114,0.11764705882352941
protein_0026,protein_0116,0.1791044776119403
protein_0026,protein_0118,0.15503875968992248
protein_0026,protein_0119,0.14925373134328357
protein_0026,protein_0121,0.13076923076923078
protein_0026,protein_0122,0.15789473684210525
protein_0026,protein_0123,0.14615384615384616
protein_0026,protein_0124,0.13846153846153847
protein_0026,protein_0125,0.11678832116788321
protein_0026,protein_0126,0.19117647058823528
protein_0026,protein_0127,0.15384615384615385
protein_0026,protein_0128,0.16083916083916083
protein_0026,protein_0130,0.19548872180451127
protein_0026,protein_0131,0.12403100775193798
protein_0026,protein_0132,0.125
protein_0026,protein_0133,0.125
protein_0026,protein_0134,0.14728682170542637
protein_0026,protein_0135,0.13178294573643412
protein_0026,protein_0137,0.18243243243243243
protein_0026,protein_0138,0.18243243243243243
protein_0026,protein_0139,0.15503875968992248
protein_0026,protein_0140,0.13846153846153847
protein_0026,protein_0141,0.15492957746478872
protein_0026,protein_0142,0.17037037037037037
protein_0026,protein_0143,0.10077519379844961
protein_0026,protein_0144,0.11627906976744186
protein_0026,protein_0145,0.14728682170542637
protein_0026,protein_0146,0.15503875968992248
protein_0026,protein_0147,0.13846153846153847
protein_0026,protein_0148,0.17557251908396945
protein_0026,protein_0149,0.13953488372093023
protein_0026,protein_0150,0.16279069767441862
protein_0026,protein_0151,0.16793893129770993
protein_0026,protein_0152,0.13076923076923078
protein_0026,protein_0153,0.1450381679389313
protein_0026,protein_0155,0.13432835820895522
protein_0026,protein_0156,0.1897810218978102
protein_0026,protein_0157,0.10852713178294573
protein_0026,protein_0158,0.13178294573643412
protein_0026,protein_0159,0.15503875968992248
protein_0026,protein_0160,0.1076923076923077
protein_0026,protein_0161,0.15384615384615385
protein_0026,protein_0162,0.13076923076923078
protein_0026,protein_0163,0.15441176470588236
protein_0026,protein_0165,0.11627906976744186
protein_0026,protein_0166,0.14814814814814814
protein_0026,protein_0167,0.16279069767441862
protein_0026,protein_0168,0.15503875968992248
protein_0026,protein_0169,0.13970588235294118
protein_0026,protein_0170,0.12121212121212122
protein_0026,protein_0171,0.15602836879432624
protein_0026,protein_0172,0.17985611510791366
protein_0026,protein_0173,0.13432835820895522
protein_0026,protein_0174,0.13846153846153847
protein_0026,protein_0175,0.1076923076923077
protein_0026,protein_0176,0.10077519379844961
protein_0026,protein_0177,0.14615384615384616
protein_0026,protein_0178,0.15942028985507245
protein_0026,protein_0180,0.16153846153846155
protein_0026,protein_0181,0.15267175572519084
protein_0026,protein_0182,0.10852713178294573
protein_0026,protein_0184,0.12878787878787878
protein_0026,protein_0186,0.1095890410958904
protein_0026,protein_0187,0.11538461538461539
protein_0026,protein_0188,0.13178294573643412
protein_0026,protein_0189,0.15503875968992248
protein_0026,protein_0190,0.1527777777777778
protein_0026,protein_0191,0.15492957746478872
protein_0026,protein_0192,0.08888888888888889
protein_0026,protein_0193,0.183206106870229
protein_0026,protein_0194,0.15384615384615385
protein_0026,protein_0195,0.13194444444444445
protein_0026,protein_0196,0.10416666666666667
protein_0026,protein_0198,0.13178294573643412
protein_0026,protein_0200,0.14184397163120568
protein_0026,protein_0201,0.16417910447761194
protein_0026,protein_0202,0.18115942028985507
protein_0026,protein_0205,0.14622641509433962
protein_0026,protein_0206,0.1388888888888889
protein_0026,protein_0207,0.1259259259259259
protein_0026,protein_0208,0.15714285714285714
protein_0026,protein_0209,0.12949640287769784
protein_0026,protein_0210,0.13953488372093023
protein_0026,protein_0212,0.11627906976744186
protein_0026,protein_0213,0.12403100775193798
protein_0026,protein_0214,0.13178294573643412
protein_0026,protein_0215,0.15267175572519084
protein_0026,protein_0216,0.12403100775193798
protein_0026,protein_0217,0.14615384615384616
protein_0026,protein_0218,0.2923076923076923
protein_0026,protein_0219,0.1702127659574468
protein_0026,protein_0220,0.14615384615384616
protein_0026,protein_0221,0.13740458015267176
protein_0026,protein_0223,0.09923664122137404
protein_0026,protein_0225,0.13178294573643412
protein_0026,protein_0226,0.18382352941176472
protein_0026,protein_0227,0.10852713178294573
protein_0026,protein_0228,0.15789473684210525
protein_0026,protein_0229,0.14615384615384616
protein_0026,protein_0230,0.13333333333333333
protein_0026,protein_0231,0.09774436090225563
protein_0026,protein_0232,0.13740458015267176
protein_0026,protein_0233,0.3153846153846154
protein_0026,protein_0235,0.13846153846153847
protein_0026,protein_0236,0.16030534351145037
protein_0026,protein_0238,0.1506849315068493
protein_0026,protein_0239,0.11363636363636363
protein_0026,protein_0240,0.11510791366906475
protein_0026,protein_0241,0.11363636363636363
protein_0026,protein_0242,0.13740458015267176
protein_0026,protein_0243,0.11627906976744186
protein_0026,protein_0244,0.12403100775193798
protein_0026,protein_0245,0.18620689655172415
protein_0026,protein_0246,0.17164179104477612
protein_0026,protein_0247,0.14893617021276595
protein_0026,protein_0248,0.10852713178294573
protein_0026,protein_0249,0.09352517985611511
protein_0026,protein_0250,0.15441176470588236
protein_0026,protein_0251,0.1044776119402985
protein_0026,protein_0252,0.10077519379844961
protein_0026,protein_0254,0.13178294573643412
protein_0026,protein_0255,0.1590909090909091
protein_0026,protein_0256,0.18181818181818182
protein_0026,protein_0257,0.17647058823529413
protein_0026,protein_0258,0.14685314685314685
protein_0026,protein_0259,0.12403100775193798
protein_0026,protein_0260,0.12403100775193798
protein_0026,protein_0261,0.17142857142857143
protein_0026,protein_0262,0.37037037037037035
protein_0026,protein_0263,0.49264705882352944
protein_0026,protein_0264,0.16279069767441862
protein_0026,protein_0265,0.16279069767441862
protein_0026,protein_0266,0.15789473684210525
protein_0026,protein_0267,0.1510791366906475
protein_0026,protein_0268,0.13953488372093023
protein_0026,protein_0269,0.18309859154929578
protein_0026,protein_0270,0.10687022900763359
protein_0026,protein_0271,0.13178294573643412
protein_0026,protein_0272,0.15476190476190477
protein_0026,protein_0273,0.17037037037037037
protein_0026,protein_0274,0.13076923076923078
protein_0026,protein_0275,0.17293233082706766
protein_0026,protein_0276,0.12686567164179105
protein_0026,protein_0278,0.18604651162790697
protein_0026,protein_0279,0.12781954887218044
protein_0026,protein_0280,0.10852713178294573
protein_0026,protein_0281,0.18248175182481752
protein_0026,protein_0284,0.14388489208633093
protein_0026,protein_0285,0.15172413793103448
protein_0026,protein_0286,0.12403100775193798
protein_0026,protein_0288,0.09302325581395349
protein_0026,protein_0289,0.12121212121212122
protein_0026,protein_0290,0.1267605633802817
protein_0026,protein_0291,0.16058394160583941
protein_0026,protein_0292,0.15151515151515152
protein_0026,protein_0293,0.12307692307692308
protein_0026,protein_0294,0.16058394160583941
protein_0026,protein_0295,0.14728682170542637
protein_0026,protein_0296,0.1678832116788321
protein_0026,protein_0297,0.12121212121212122
protein_0026,protein_0298,0.13953488372093023
protein_0026,protein_0300,0.1297709923664122
protein_0026,protein_0301,0.1297709923664122
protein_0026,protein_0302,0.17777777777777778
protein_0026,protein_0303,0.12403100775193798
protein_0026,protein_0304,0.13178294573643412
protein_0026,protein_0305,0.13432835820895522
protein_0026,protein_0306,0.19708029197080293
protein_0026,protein_0307,0.18705035971223022
protein_0026,protein_0308,0.14473684210526316
protein_0026,protein_0309,0.1450381679389313
protein_0026,protein_0310,0.15441176470588236
protein_0026,protein_0311,0.16923076923076924
protein_0026,protein_0312,0.13953488372093023
protein_0026,protein_0313,0.1956521739130435
protein_0026,protein_0314,0.16279069767441862
protein_0026,protein_0315,0.14074074074074075
protein_0026,protein_0316,0.12307692307692308
protein_0026,protein_0317,0.15555555555555556
protein_0026,protein_0318,0.13636363636363635
protein_0026,protein_0319,0.1793103448275862
protein_0026,protein_0320,0.08270676691729323
protein_0026,protein_0321,0.13533834586466165
protein_0026,protein_0322,0.13178294573643412
protein_0026,protein_0323,0.15827338129496402
protein_0026,protein_0324,0.12307692307692308
protein_0026,protein_0326,0.14285714285714285
protein_0026,protein_0328,0.1347517730496454
protein_0026,protein_0329,0.1347517730496454
protein_0026,protein_0330,0.11538461538461539
protein_0026,protein_0331,0.14728682170542637
protein_0026,protein_0332,0.1619718309859155
protein_0026,protein_0333,0.17164179104477612
protein_0026,protein_0334,0.1417910447761194
protein_0026,protein_0335,0.15384615384615385
protein_0026,protein_0336,0.1297709923664122
protein_0026,protein_0337,0.1590909090909091
protein_0026,protein_0338,0.12686567164179105
protein_0026,protein_0339,0.1450381679389313
protein_0026,protein_0340,0.16417910447761194
protein_0026,protein_0341,0.1366906474820144
protein_0026,protein_0342,0.11627906976744186
protein_0026,protein_0343,0.10852713178294573
protein_0026,protein_0344,0.13953488372093023
protein_0026,protein_0345,0.15217391304347827
protein_0026,protein_0346,0.15217391304347827
protein_0026,protein_0347,0.15384615384615385
protein_0026,protein_0348,0.15714285714285714
protein_0026,protein_0349,0.1357142857142857
protein_0026,protein_0351,0.1736111111111111
protein_0026,protein_0352,0.12403100775193798
protein_0026,protein_0353,0.16911764705882354
protein_0026,protein_0354,0.17424242424242425
protein_0026,protein_0355,0.1590909090909091
protein_0026,protein_0356,0.11538461538461539
protein_0026,protein_0358,0.15384615384615385
protein_0026,protein_0359,0.17567567567567569
protein_0026,protein_0361,0.16326530612244897
protein_0026,protein_0363,0.15503875968992248
protein_0026,protein_0364,0.1590909090909091
protein_0026,protein_0365,0.13953488372093023
protein_0026,protein_0366,0.13953488372093023
protein_0026,protein_0367,0.18571428571428572
protein_0026,protein_0369,0.13432835820895522
protein_0026,protein_0370,0.13953488372093023
protein_0026,protein_0371,0.13178294573643412
protein_0026,protein_0372,0.13636363636363635
protein_0026,protein_0373,0.16312056737588654
protein_0026,protein_0374,0.14084507042253522
protein_0026,protein_0375,0.11888111888111888
protein_0026,protein_0376,0.17391304347826086
protein_0026,protein_0377,0.1386861313868613
protein_0026,protein_0379,0.15789473684210525
protein_0026,protein_0380,0.15789473684210525
protein_0026,protein_0381,0.15789473684210525
protein_0026,protein_0382,0.17424242424242425
protein_0026,protein_0383,0.13953488372093023
protein_0026,protein_0385,0.11409395973154363
protein_0026,protein_0386,0.16666666666666666
protein_0026,protein_0387,0.1506849315068493
protein_0026,protein_0388,0.12403100775193798
protein_0026,protein_0389,0.13953488372093023
protein_0026,protein_0390,0.14728682170542637
protein_0026,protein_0391,0.13076923076923078
protein_0026,protein_0393,0.1417910447761194
protein_0026,protein_0394,0.13970588235294118
protein_0026,protein_0395,0.15789473684210525
protein_0026,protein_0396,0.17391304347826086
protein_0026,protein_0397,0.14728682170542637
protein_0026,protein_0398,0.1527777777777778
protein_0026,protein_0399,0.12949640287769784
protein_0038,protein_0000,0.25274725274725274
protein_0038,protein_0001,0.16379310344827586
protein_0038,protein_0003,0.27586206896551724
protein_0038,protein_0004,0.25287356321839083
protein_0038,protein_0005,0.18181818181818182
protein_0038,protein_0006,0.23863636363636365
protein_0038,protein_0007,0.15804597701149425
protein_0038,protein_0008,0.19130434782608696
protein_0038,protein_0009,0.21839080459770116
protein_0038,protein_0010,0.22988505747126436
protein_0038,protein_0012,0.25287356321839083
protein_0038,protein_0013,0.18691588785046728
protein_0038,protein_0014,0.17299557304476143
protein_0038,protein_0015,0.16666666666666666
protein_0038,protein_0016,0.17592592592592593
protein_0038,protein_0017,0.1323529411764706
protein_0038,protein_0018,0.26436781609195403
protein_0038,protein_0019,0.14237717558933685
protein_0038,protein_0020,0.24719101123595505
protein_0038,protein_0021,0.20833333333333334
protein_0038,protein_0022,0.13858695652173914
protein_0038,protein_0023,0.14934289127837513
protein_0038,protein_0024,0.145985401459854
protein_0038,protein_0025,0.2159090909090909
protein_0038,protein_0027,0.1830704828660436
protein_0038,protein_0028,0.152
protein_0038,protein_0029,0.14972527472527472
protein_0038,protein_0030,0.10655737704918032
protein_0038,protein_0031,0.16216216216216217
protein_0038,protein_0032,0.3076923076923077
protein_0038,protein_0033,0.24175824175824176
protein_0038,protein_0034,0.26436781609195403
protein_0038,protein_0035,0.19008264462809918
protein_0038,protein_0036,0.13837561332080595
protein_0038,protein_0037,1.0
protein_0038,protein_0039,0.20689655172413793
protein_0038,protein_0040,0.16129032258064516
protein_0038,protein_0041,0.26436781609195403
protein_0038,protein_0042,0.19540229885057472
protein_0038,protein_0043,0.26436781609195403
protein_0038,protein_0044,0.26436781609195403
protein_0038,protein_0045,0.3068181818181818
protein_0038,protein_0046,0.1498931623931624
protein_0038,protein_0047,0.2413793103448276
protein_0038,protein_0048,0.26436781609195403
protein_0038,protein_0049,0.25287356321839083
protein_0038,protein_0050,0.14814814814814814
protein_0038,protein_0051,0.15396825396825398
protein_0038,protein_0052,0.25287356321839083
protein_0038,protein_0053,0.25287356321839083
protein_0038,protein_0054,0.175
protein_0038,protein_0055,0.20930232558139536
protein_0038,protein_0056,0.14881498470948012
protein_0038,protein_0057,0.1482420554428668
protein_0038,protein_0058,0.2247191011235955
protein_0038,protein_0059,0.25287356321839083
protein_0038,protein_0060,0.13581543728602552
protein_0038,protein_0061,0.23076923076923078
protein_0038,protein_0062,0.2696629213483146
protein_0038,protein_0063,0.11214953271028037
protein_0038,protein_0064,0.25287356321839083
protein_0038,protein_0065,0.1826086956521739
protein_0038,protein_0066,0.13157894736842105
protein_0038,protein_0067,0.22988505747126436
protein_0038,protein_0068,0.26436781609195403
protein_0038,protein_0069,0.21839080459770116
protein_0038,protein_0070,0.2413793103448276
protein_0038,protein_0071,0.21348314606741572
protein_0038,protein_0072,0.15973630831643004
protein_0038,protein_0073,0.28735632183908044
protein_0038,protein_0074,0.19
protein_0038,protein_0075,0.19023809523809523
protein_0038,protein_0076,0.1590909090909091
protein_0038,protein_0077,0.2840909090909091
protein_0038,protein_0078,0.15254237288135594
protein_0038,protein_0079,0.15254237288135594
protein_0038,protein_0080,0.28735632183908044
protein_0038,protein_0081,0.26436781609195403
protein_0038,protein_0082,0.19327731092436976
protein_0038,protein_0083,0.26136363636363635
protein_0038,protein_0084,0.20148749154834347
protein_0038,protein_0085,0.16260162601626016
protein_0038,protein_0086,0.17886178861788618
protein_0038,protein_0087,0.14912830149284895
protein_0038,protein_0088,0.26136363636363635
protein_0038,protein_0089,0.13154761904761905
protein_0038,protein_0090,0.14910569105691057
protein_0038,protein_0091,0.1282051282051282
protein_0038,protein_0092,0.1282051282051282
protein_0038,protein_0093,0.25287356321839083
protein_0038,protein_0094,0.1864406779661017
protein_0038,protein_0095,0.16801048175771016
protein_0038,protein_0096,0.1588785046728972
protein_0038,protein_0097,0.26436781609195403
protein_0038,protein_0098,0.27586206896551724
protein_0038,protein_0099,0.15064102564102563
protein_0038,protein_0100,0.16760299625468164
protein_0038,protein_0101,0.26436781609195403
protein_0038,protein_0102,0.1724137931034483
protein_0038,protein_0103,0.2808988764044944
protein_0038,protein_0104,0.125
protein_0038,protein_0105,0.14953271028037382
protein_0038,protein_0106,0.12904297740363313
protein_0038,protein_0107,0.27586206896551724
protein_0038,protein_0108,0.25
protein_0038,protein_0109,0.1519607843137255
protein_0038,protein_0110,0.25287356321839083
protein_0038,protein_0111,0.22988505747126436
protein_0038,protein_0113,0.25287356321839083
protein_0038,protein_0114,0.2872340425531915
protein_0038,protein_0116,0.15751937984496123
protein_0038,protein_0118,0.1586357947434293
protein_0038,protein_0119,0.17886178861788618
protein_0038,protein_0121,0.24489795918367346
protein_0038,protein_0122,0.8779466842916942
protein_0038,protein_0123,0.13603392478518023
protein_0038,protein_0124,0.28865979381443296
protein_0038,protein_0125,0.1651376146788991
protein_0038,protein_0126,0.18446601941747573
protein_0038,protein_0127,0.27586206896551724
protein_0038,protein_0128,0.31868131868131866
protein_0038,protein_0130,0.159
protein_0038,protein_0131,0.12512315270935961
protein_0038,protein_0132,0.1984732824427481
protein_0038,protein_0133,0.1984732824427481
protein_0038,protein_0134,0.22988505747126436
protein_0038,protein_0135,0.27586206896551724
protein_0038,protein_0137,0.16666666666666666
protein_0038,protein_0138,0.16666666666666666
protein_0038,protein_0139,0.14588859416445624
protein_0038,protein_0140,0.24719101123595505
protein_0038,protein_0141,0.8767436670014508
protein_0038,protein_0142,0.28735632183908044
protein_0038,protein_0143,0.20689655172413793
protein_0038,protein_0144,0.19540229885057472
protein_0038,protein_0145,0.14739304812834225
protein_0038,protein_0146,0.19318181818181818
protein_0038,protein_0147,0.27586206896551724
protein_0038,protein_0148,0.26373626373626374
protein_0038,protein_0149,0.1388888888888889
protein_0038,protein_0150,0.24210526315789474
protein_0038,protein_0151,0.22340425531914893
protein_0038,protein_0152,0.15341804053344532
protein_0038,protein_0153,0.17210962931849205
protein_0038,protein_0155,0.1794871794871795
protein_0038,protein_0156,0.1440677966101695
protein_0038,protein_0157,0.14563106796116504
protein_0038,protein_0158,0.13882783882783883
protein_0038,protein_0159,0.24719101123595505
protein_0038,protein_0160,0.20689655172413793
protein_0038,protein_0161,0.17829457364341086
protein_0038,protein_0162,0.2413793103448276
protein_0038,protein_0163,0.19801980198019803
protein_0038,protein_0165,0.13675919806124698
protein_0038,protein_0166,0.26881720430107525
protein_0038,protein_0167,0.13392259274139545
protein_0038,protein_0168,0.15392208475914715
protein_0038,protein_0169,0.15873015873015872
protein_0038,protein_0170,0.19540229885057472
protein_0038,protein_0171,0.28735632183908044
protein_0038,protein_0172,0.16153846153846155
protein_0038,protein_0173,0.21839080459770116
protein_0038,protein_0174,0.19540229885057472
protein_0038,protein_0175,0.19540229885057472
protein_0038,protein_0176,0.14552437853408728
protein_0038,protein_0177,0.13871219729940854
protein_0038,protein_0178,0.16101694915254236
protein_0038,protein_0180,0.28888888888888886
protein_0038,protein_0181,0.21839080459770116
protein_0038,protein_0182,0.25287356321839083
protein_0038,protein_0184,0.19540229885057472
protein_0038,protein_0186,0.13761467889908258
protein_0038,protein_0187,0.19540229885057472
protein_0038,protein_0188,0.15065359477124182
protein_0038,protein_0189,0.21839080459770116
protein_0038,protein_0190,0.2808988764044944
protein_0038,protein_0191,0.27586206896551724
protein_0038,protein_0192,0.21839080459770116
protein_0038,protein_0193,0.2727272727272727
protein_0038,protein_0194,0.25287356321839083
protein_0038,protein_0195,0.2413793103448276
protein_0038,protein_0196,0.22988505747126436
protein_0038,protein_0198,0.2413793103448276
protein_0038,protein_0200,0.22988505747126436
protein_0038,protein_0201,0.1782178217821782
protein_0038,protein_0202,0.2988505747126437
protein_0038,protein_0205,0.11214953271028037
protein_0038,protein_0206,0.25287356321839083
protein_0038,protein_0207,0.16541353383458646
protein_0038,protein_0208,0.15922619047619047
protein_0038,protein_0209,0.27586206896551724
protein_0038,protein_0210,0.2857142857142857
protein_0038,protein_0212,0.1797752808988764
protein_0038,protein_0213,0.26436781609195403
protein_0038,protein_0214,0.13725490196078433
protein_0038,protein_0215,0.19148936170212766
protein_0038,protein_0216,0.13636363636363635
protein_0038,protein_0217,0.15789473684210525
protein_0038,protein_0218,0.15671641791044777
protein_0038,protein_0219,0.19327731092436976
protein_0038,protein_0220,0.2413793103448276
protein_0038,protein_0221,0.1346153846153846
protein_0038,protein_0223,0.14583333333333334
protein_0038,protein_0225,0.16494845360824742
protein_0038,protein_0226,0.1523809523809524
protein_0038,protein_0227,0.16483516483516483
protein_0038,protein_0228,0.203125
protein_0038,protein_0229,0.1743119266055046
protein_0038,protein_0230,0.2
protein_0038,protein_0231,0.25287356321839083
protein_0038,protein_0232,0.15874125874125875
protein_0038,protein_0233,0.13178294573643412
protein_0038,protein_0235,0.15064134433727752
protein_0038,protein_0236,0.19028499448905684
protein_0038,protein_0238,0.16541353383458646
protein_0038,protein_0239,0.1797752808988764
protein_0038,protein_0240,0.1839080459770115
protein_0038,protein_0241,0.1839080459770115
protein_0038,protein_0242,0.13843813387423937
protein_0038,protein_0243,0.22727272727272727
protein_0038,protein_0244,0.1559819897084048
protein_0038,protein_0245,0.13327969965138106
protein_0038,protein_0246,0.1568627450980392
protein_0038,protein_0247,0.16325757575757577
protein_0038,protein_0248,0.25
protein_0038,protein_0249,0.24719101123595505
protein_0038,protein_0250,0.16523123010672158
protein_0038,protein_0251,0.15178571428571427
protein_0038,protein_0252,0.17647058823529413
protein_0038,protein_0254,0.14358974358974358
protein_0038,protein_0255,0.13559322033898305
protein_0038,protein_0256,0.16346153846153846
protein_0038,protein_0257,0.17307692307692307
protein_0038,protein_0258,0.2717391304347826
protein_0038,protein_0259,0.14418526031102097
protein_0038,protein_0260,0.14418526031102097
protein_0038,protein_0261,0.1717171717171717
protein_0038,protein_0262,0.14084507042253522
protein_0038,protein_0263,0.1513157894736842
protein_0038,protein_0264,0.3068181818181818
protein_0038,protein_0265,0.3068181818181818
protein_0038,protein_0266,0.15850563909774434
protein_0038,protein_0267,0.18888888888888888
protein_0038,protein_0268,0.17346938775510204
protein_0038,protein_0269,0.1623931623931624
protein_0038,protein_0270,0.14150943396226415
protein_0038,protein_0271,0.14418526031102097
protein_0038,protein_0272,0.16041030117852467
protein_0038,protein_0273,0.14458751636839806
protein_0038,protein_0274,0.2978723404255319
protein_0038,protein_0275,0.17
protein_0038,protein_0276,0.29896907216494845
protein_0038,protein_0278,0.2111111111111111
protein_0038,protein_0279,0.25
protein_0038,protein_0280,0.2159090909090909
protein_0038,protein_0281,0.17647058823529413
protein_0038,protein_0284,0.8008789722785665
protein_0038,protein_0285,0.28735632183908044
protein_0038,protein_0286,0.1610032362459547
protein_0038,protein_0288,0.2413793103448276
protein_0038,protein_0289,0.11323044069112793
protein_0038,protein_0290,0.15
protein_0038,protein_0291,0.4215043695380774
protein_0038,protein_0292,0.14067000960204845
protein_0038,protein_0293,0.23655913978494625
protein_0038,protein_0294,0.42712234706616725
protein_0038,protein_0295,0.15384615384615385
protein_0038,protein_0296,0.21428571428571427
protein_0038,protein_0297,0.14640522875816994
protein_0038,protein_0298,0.14503042596348886
protein_0038,protein_0300,0.14927261227071476
protein_0038,protein_0301,0.15683563748079876
protein_0038,protein_0302,0.1382488479262673
protein_0038,protein_0303,0.25842696629213485
protein_0038,protein_0304,0.1244731537474803
protein_0038,protein_0305,0.16601307189542486
protein_0038,protein_0306,0.20930232558139536
protein_0038,protein_0307,0.19166666666666668
protein_0038,protein_0308,0.136
protein_0038,protein_0309,0.14694402132520945
protein_0038,protein_0310,0.168141592920354
protein_0038,protein_0311,0.25842696629213485
protein_0038,protein_0312,0.2840909090909091
protein_0038,protein_0313,0.5174047146948667
protein_0038,protein_0314,0.14678899082568808
protein_0038,protein_0315,0.1532258064516129
protein_0038,protein_0316,0.14663542015400066
protein_0038,protein_0317,0.1349206349206349
protein_0038,protein_0318,0.1452991452991453
protein_0038,protein_0319,0.27586206896551724
protein_0038,protein_0320,0.23863636363636365
protein_0038,protein_0321,0.2111111111111111
protein_0038,protein_0322,0.19540229885057472
protein_0038,protein_0323,0.2413793103448276
protein_0038,protein_0324,0.17777777777777778
protein_0038,protein_0326,0.17708333333333334
protein_0038,protein_0328,0.1440677966101695
protein_0038,protein_0329,0.1440677966101695
protein_0038,protein_0330,0.2413793103448276
protein_0038,protein_0331,0.14903846153846154
protein_0038,protein_0332,0.5000552608311228
protein_0038,protein_0333,0.5501434245366283
protein_0038,protein_0334,0.18888888888888888
protein_0038,protein_0335,0.1452991452991453
protein_0038,protein_0336,0.16142663962136578
protein_0038,protein_0337,0.18587734104975484
protein_0038,protein_0338,0.22988505747126436
protein_0038,protein_0339,0.16049968374446552
protein_0038,protein_0340,0.19090909090909092
protein_0038,protein_0341,0.18627450980392157
protein_0038,protein_0342,0.13725490196078433
protein_0038,protein_0343,0.13185723727693324
protein_0038,protein_0344,0.22988505747126436
protein_0038,protein_0345,0.13039215686274508
protein_0038,protein_0346,0.13039215686274508
protein_0038,protein_0347,0.1687062937062937
protein_0038,protein_0348,0.16101694915254236
protein_0038,protein_0349,0.16831683168316833
protein_0038,protein_0351,0.27956989247311825
protein_0038,protein_0352,0.14356656623144737
protein_0038,protein_0353,0.14194773285682377
protein_0038,protein_0354,0.2696629213483146
protein_0038,protein_0355,0.19315951780207458
protein_0038,protein_0356,0.13515406162464985
protein_0038,protein_0358,0.22988505747126436
protein_0038,protein_0359,0.14754098360655737
protein_0038,protein_0361,0.145985401459854
protein_0038,protein_0363,0.1839080459770115
protein_0038,protein_0364,0.1839080459770115
protein_0038,protein_0365,0.19540229885057472
protein_0038,protein_0366,0.20689655172413793
protein_0038,protein_0367,0.17142857142857143
protein_0038,protein_0369,0.14563106796116504
protein_0038,protein_0370,0.22988505747126436
protein_0038,protein_0371,0.29213483146067415
protein_0038,protein_0372,0.12844036697247707
protein_0038,protein_0373,0.12745098039215685
protein_0038,protein_0374,0.144
protein_0038,protein_0375,0.35106382978723405
protein_0038,protein_0376,0.16161616161616163
protein_0038,protein_0377,0.2808988764044944
protein_0038,protein_0379,0.1730174081237911
protein_0038,protein_0380,0.1730174081237911
protein_0038,protein_0381,0.1730174081237911
protein_0038,protein_0382,0.5300247072725319
protein_0038,protein_0383,0.14503775620280474
protein_0038,protein_0385,0.14953271028037382
protein_0038,protein_0386,0.15966386554621848
protein_0038,protein_0387,0.16494845360824742
protein_0038,protein_0388,0.13028679834839862
protein_0038,protein_0389,0.16483516483516483
protein_0038,protein_0390,0.21839080459770116
protein_0038,protein_0391,0.23655913978494625
protein_0038,protein_0393,0.2087912087912088
protein_0038,protein_0394,0.1694915254237288
protein_0038,protein_0395,0.25
protein_0038,protein_0396,0.14173228346456693
protein_0038,protein_0397,0.3103448275862069
protein_0038,protein_0398,0.1534526854219949
protein_0038,protein_0399,0.26436781609195403
protein_0112,protein_0000,0.20388349514563106
protein_0112,protein_0001,0.1782178217821782
protein_0112,protein_0003,0.18
protein_0112,protein_0004,0.12745098039215685
protein_0112,protein_0005,0.15
protein_0112,protein_0006,0.14150943396226415
protein_0112,protein_0007,0.2079207920792079
protein_0112,protein_0008,0.1651376146788991
protein_0112,protein_0009,0.1792452830188679
protein_0112,protein_0010,0.17647058823529413
protein_0112,protein_0012,0.1782178217821782
protein_0112,protein_0013,0.1523809523809524
protein_0112,protein_0014,0.1559633027522936
protein_0112,protein_0015,0.12
protein_0112,protein_0016,0.11818181818181818
protein_0112,protein_0017,0.12213740458015267
protein_0112,protein_0018,0.12121212121212122
protein_0112,protein_0019,0.18181818181818182
protein_0112,protein_0020,0.16831683168316833
protein_0112,protein_0021,0.12871287128712872
protein_0112,protein_0022,0.18446601941747573
protein_0112,protein_0023,0.13
protein_0112,protein_0024,0.14634146341463414
protein_0112,protein_0025,0.2072072072072072
protein_0112,protein_0027,0.15384615384615385
protein_0112,protein_0028,0.16666666666666666
protein_0112,protein_0029,0.16161616161616163
protein_0112,protein_0030,0.14516129032258066
protein_0112,protein_0031,0.13392857142857142
protein_0112,protein_0032,0.18269230769230768
protein_0112,protein_0033,0.14285714285714285
protein_0112,protein_0034,0.18518518518518517
protein_0112,protein_0035,0.1796875
protein_0112,protein_0036,0.15454545454545454
protein_0112,protein_0037,0.14285714285714285
protein_0112,protein_0039,0.19811320754716982
protein_0112,protein_0040,0.12121212121212122
protein_0112,protein_0041,0.15151515151515152
protein_0112,protein_0042,0.17796610169491525
protein_0112,protein_0043,0.19166666666666668
protein_0112,protein_0044,0.16666666666666666
protein_0112,protein_0045,0.19626168224299065
protein_0112,protein_0046,0.1717171717171717
protein_0112,protein_0047,0.1308411214953271
protein_0112,protein_0048,0.12149532710280374
protein_0112,protein_0049,0.1308411214953271
protein_0112,protein_0050,0.12380952380952381
protein_0112,protein_0051,0.14705882352941177
protein_0112,protein_0052,0.16
protein_0112,protein_0053,0.1619047619047619
protein_0112,protein_0054,0.1440677966101695
protein_0112,protein_0055,0.2076923076923077
protein_0112,protein_0056,0.11864406779661017
protein_0112,protein_0057,0.1717171717171717
protein_0112,protein_0058,0.18181818181818182
protein_0112,protein_0059,0.1509433962264151
protein_0112,protein_0060,0.13934426229508196
protein_0112,protein_0061,0.16831683168316833
protein_0112,protein_0062,0.12
protein_0112,protein_0063,0.09389671361502347
protein_0112,protein_0064,0.1262135922330097
protein_0112,protein_0065,0.125
protein_0112,protein_0066,0.41
protein_0112,protein_0067,0.19
protein_0112,protein_0068,0.1743119266055046
protein_0112,protein_0069,0.1941747572815534
protein_0112,protein_0070,0.15517241379310345
protein_0112,protein_0071,0.18446601941747573
protein_0112,protein_0072,0.16161616161616163
protein_0112,protein_0073,0.19444444444444445
protein_0112,protein_0074,0.14912280701754385
protein_0112,protein_0075,0.1440677966101695
protein_0112,protein_0076,0.1568627450980392
protein_0112,protein_0077,0.14814814814814814
protein_0112,protein_0078,0.17699115044247787
protein_0112,protein_0079,0.17699115044247787
protein_0112,protein_0080,0.16822429906542055
protein_0112,protein_0081,0.1346153846153846
protein_0112,protein_0082,0.47
protein_0112,protein_0083,0.1485148514851485
protein_0112,protein_0084,0.14423076923076922
protein_0112,protein_0085,0.48
protein_0112,protein_0086,0.48
protein_0112,protein_0087,0.13861386138613863
protein_0112,protein_0088,0.17475728155339806
protein_0112,protein_0089,0.20168067226890757
protein_0112,protein_0090,0.20168067226890757
protein_0112,protein_0091,0.13675213675213677
protein_0112,protein_0092,0.13675213675213677
protein_0112,protein_0093,0.16666666666666666
protein_0112,protein_0094,0.16
protein_0112,protein_0095,0.20168067226890757
protein_0112,protein_0096,0.15454545454545454
protein_0112,protein_0097,0.1391304347826087
protein_0112,protein_0098,0.17142857142857143
protein_0112,protein_0099,0.16216216216216217
protein_0112,protein_0100,0.18
protein_0112,protein_0101,0.20754716981132076
protein_0112,protein_0102,0.13
protein_0112,protein_0103,0.1834862385321101
protein_0112,protein_0104,0.1693548387096774
protein_0112,protein_0105,0.14705882352941177
protein_0112,protein_0106,0.1282051282051282
protein_0112,protein_0107,0.18691588785046728
protein_0112,protein_0108,0.11
protein_0112,protein_0109,0.15384615384615385
protein_0112,protein_0110,0.1792452830188679
protein_0112,protein_0111,0.1941747572815534
protein_0112,protein_0113,0.13131313131313133
protein_0112,protein_0114,0.1650485436893204
protein_0112,protein_0116,0.16
protein_0112,protein_0118,0.16666666666666666
protein_0112,protein_0119,0.39622641509433965
protein_0112,protein_0121,0.19230769230769232
protein_0112,protein_0122,0.1346153846153846
protein_0112,protein_0123,0.16161616161616163
protein_0112,protein_0124,0.18269230769230768
protein_0112,protein_0125,0.06862745098039216
protein_0112,protein_0126,0.14285714285714285
protein_0112,protein_0127,0.16666666666666666
protein_0112,protein_0128,0.13333333333333333
protein_0112,protein_0130,0.1875
protein_0112,protein_0131,0.1414141414141414
protein_0112,protein_0132,0.13445378151260504
protein_0112,protein_0133,0.13445378151260504
protein_0112,protein_0134,0.16666666666666666
protein_0112,protein_0135,0.20952380952380953
protein_0112,protein_0137,0.12195121951219512
protein_0112,protein_0138,0.12195121951219512
protein_0112,protein_0139,0.17
protein_0112,protein_0140,0.17592592592592593
protein_0112,protein_0141,0.14782608695652175
protein_0112,protein_0142,0.1308411214953271
protein_0112,protein_0143,0.15
protein_0112,protein_0144,0.14
protein_0112,protein_0145,0.1941747572815534
protein_0112,protein_0146,0.09090909090909091
protein_0112,protein_0147,0.24545454545454545
protein_0112,protein_0148,0.20388349514563106
protein_0112,protein_0149,0.1717171717171717
protein_0112,protein_0150,0.1782178217821782
protein_0112,protein_0151,0.16822429906542055
protein_0112,protein_0152,0.18181818181818182
protein_0112,protein_0153,0.1782178217821782
protein_0112,protein_0155,0.168
protein_0112,protein_0156,0.168141592920354
protein_0112,protein_0157,0.14814814814814814
protein_0112,protein_0158,0.1717171717171717
protein_0112,protein_0159,0.17757009345794392
protein_0112,protein_0160,0.18095238095238095
protein_0112,protein_0161,0.11570247933884298
protein_0112,protein_0162,0.1619047619047619
protein_0112,protein_0163,0.51
protein_0112,protein_0165,0.17142857142857143
protein_0112,protein_0166,0.21904761904761905
protein_0112,protein_0167,0.19658119658119658
protein_0112,protein_0168,0.2033898305084746
protein_0112,protein_0169,0.21804511278195488
protein_0112,protein_0170,0.19047619047619047
protein_0112,protein_0171,0.1651376146788991
protein_0112,protein_0172,0.17857142857142858
protein_0112,protein_0173,0.16037735849056603
protein_0112,protein_0174,0.1308411214953271
protein_0112,protein_0175,0.1792452830188679
protein_0112,protein_0176,0.17
protein_0112,protein_0177,0.1919191919191919
protein_0112,protein_0178,0.12195121951219512
protein_0112,protein_0180,0.14414414414414414
protein_0112,protein_0181,0.18
protein_0112,protein_0182,0.1834862385321101
protein_0112,protein_0184,0.18867924528301888
protein_0112,protein_0186,0.14782608695652175
protein_0112,protein_0187,0.14953271028037382
protein_0112,protein_0188,0.1619047619047619
protein_0112,protein_0189,0.14545454545454545
protein_0112,protein_0190,0.17
protein_0112,protein_0191,0.1504424778761062
protein_0112,protein_0192,0.17142857142857143
protein_0112,protein_0193,0.17647058823529413
protein_0112,protein_0194,0.16981132075471697
protein_0112,protein_0195,0.1941747572815534
protein_0112,protein_0196,0.13592233009708737
protein_0112,protein_0198,0.12
protein_0112,protein_0200,0.17757009345794392
protein_0112,protein_0201,0.5048543689320388
protein_0112,protein_0202,0.18446601941747573
protein_0112,protein_0205,0.11627906976744186
protein_0112,protein_0206,0.17647058823529413
protein_0112,protein_0207,0.11510791366906475
protein_0112,protein_0208,0.15447154471544716
protein_0112,protein_0209,0.18333333333333332
protein_0112,protein_0210,0.16037735849056603
protein_0112,protein_0212,0.20202020202020202
protein_0112,protein_0213,0.1792452830188679
protein_0112,protein_0214,0.13131313131313133
protein_0112,protein_0215,0.14
protein_0112,protein_0216,0.45
protein_0112,protein_0217,0.13513513513513514
protein_0112,protein_0218,0.17037037037037037
protein_0112,protein_0219,0.19008264462809918
protein_0112,protein_0220,0.1553398058252427
protein_0112,protein_0221,0.16
protein_0112,protein_0223,0.16831683168316833
protein_0112,protein_0225,0.13675213675213677
protein_0112,protein_0226,0.14912280701754385
protein_0112,protein_0227,0.13333333333333333
protein_0112,protein_0228,0.17647058823529413
protein_0112,protein_0229,0.11
protein_0112,protein_0230,0.1574074074074074
protein_0112,protein_0231,0.09166666666666666
protein_0112,protein_0232,0.1717171717171717
protein_0112,protein_0233,0.1417910447761194
protein_0112,protein_0235,0.16666666666666666
protein_0112,protein_0236,0.19801980198019803
protein_0112,protein_0238,0.17424242424242425
protein_0112,protein_0239,0.17757009345794392
protein_0112,protein_0240,0.18018018018018017
protein_0112,protein_0241,0.21100917431192662
protein_0112,protein_0242,0.15384615384615385
protein_0112,protein_0243,0.2
protein_0112,protein_0244,0.15841584158415842
protein_0112,protein_0245,0.1891891891891892
protein_0112,protein_0246,0.1262135922330097
protein_0112,protein_0247,0.19811320754716982
protein_0112,protein_0248,0.14814814814814814
protein_0112,protein_0249,0.18095238095238095
protein_0112,protein_0250,0.12380952380952381
protein_0112,protein_0251,0.10891089108910891
protein_0112,protein_0252,0.1320754716981132
protein_0112,protein_0254,0.10576923076923077
protein_0112,protein_0255,0.1329479768786127
protein_0112,protein_0256,0.16521739130434782
protein_0112,protein_0257,0.15789473684210525
protein_0112,protein_0258,0.1568627450980392
protein_0112,protein_0259,0.17
protein_0112,protein_0260,0.17
protein_0112,protein_0261,0.07766990291262135
protein_0112,protein_0262,0.16783216783216784
protein_0112,protein_0263,0.14685314685314685
protein_0112,protein_0264,0.1346153846153846
protein_0112,protein_0265,0.1346153846153846
protein_0112,protein_0266,0.15384615384615385
protein_0112,protein_0267,0.18867924528301888
protein_0112,protein_0268,0.13
protein_0112,protein_0269,0.13432835820895522
protein_0112,protein_0270,0.18095238095238095
protein_0112,protein_0271,0.17647058823529413
protein_0112,protein_0272,0.2037037037037037
protein_0112,protein_0273,0.22429906542056074
protein_0112,protein_0274,0.13559322033898305
protein_0112,protein_0275,0.09433962264150944
protein_0112,protein_0276,0.18095238095238095
protein_0112,protein_0278,0.168141592920354
protein_0112,protein_0279,0.21100917431192662
protein_0112,protein_0280,0.18269230769230768
protein_0112,protein_0281,0.13274336283185842
protein_0112,protein_0284,0.12264150943396226
protein_0112,protein_0285,0.17307692307692307
protein_0112,protein_0286,0.18181818181818182
protein_0112,protein_0288,0.1619047619047619
protein_0112,protein_0289,0.1782178217821782
protein_0112,protein_0290,0.45544554455445546
protein_0112,protein_0291,0.1864406779661017
protein_0112,protein_0292,0.18446601941747573
protein_0112,protein_0293,0.13592233009708737
protein_0112,protein_0294,0.1864406779661017
protein_0112,protein_0295,0.17
protein_0112,protein_0296,0.19672131147540983
protein_0112,protein_0297,0.13592233009708737
protein_0112,protein_0298,0.18811881188118812
protein_0112,protein_0300,0.14
protein_0112,protein_0301,0.13861386138613863
protein_0112,protein_0302,0.09545454545454546
protein_0112,protein_0303,0.1743119266055046
protein_0112,protein_0304,0.1782178217821782
protein_0112,protein_0305,0.16822429906542055
protein_0112,protein_0306,0.2076923076923077
protein_0112,protein_0307,0.1557377049180328
protein_0112,protein_0308,0.1487603305785124
protein_0112,protein_0309,0.1743119266055046
protein_0112,protein_0310,0.13592233009708737
protein_0112,protein_0311,0.17647058823529413
protein_0112,protein_0312,0.12962962962962962
protein_0112,protein_0313,0.18095238095238095
protein_0112,protein_0314,0.38095238095238093
protein_0112,protein_0315,0.15
protein_0112,protein_0316,0.15151515151515152
protein_0112,protein_0317,0.48514851485148514
protein_0112,protein_0318,0.13274336283185842
protein_0112,protein_0319,0.13
protein_0112,protein_0320,0.21428571428571427
protein_0112,protein_0321,0.1553398058252427
protein_0112,protein_0322,0.18627450980392157
protein_0112,protein_0323,0.23076923076923078
protein_0112,protein_0324,0.17
protein_0112,protein_0326,0.12121212121212122
protein_0112,protein_0328,0.16666666666666666
protein_0112,protein_0329,0.16666666666666666
protein_0112,protein_0330,0.1523809523809524
protein_0112,protein_0331,0.17
protein_0112,protein_0332,0.1623931623931624
protein_0112,protein_0333,0.17757009345794392
protein_0112,protein_0334,0.08823529411764706
protein_0112,protein_0335,0.45
protein_0112,protein_0336,0.15
protein_0112,protein_0337,0.16216216216216217
protein_0112,protein_0338,0.17757009345794392
protein_0112,protein_0339,0.16666666666666666
protein_0112,protein_0340,0.69
protein_0112,protein_0341,0.14912280701754385
protein_0112,protein_0342,0.13131313131313133
protein_0112,protein_0343,0.18811881188118812
protein_0112,protein_0344,0.11
protein_0112,protein_0345,0.15151515151515152
protein_0112,protein_0346,0.15151515151515152
protein_0112,protein_0347,0.18181818181818182
protein_0112,protein_0348,0.15254237288135594
protein_0112,protein_0349,0.5
protein_0112,protein_0351,0.13761467889908258
protein_0112,protein_0352,0.1919191919191919
protein_0112,protein_0353,0.15702479338842976
protein_0112,protein_0354,0.14953271028037382
protein_0112,protein_0355,0.19166666666666668
protein_0112,protein_0356,0.15841584158415842
protein_0112,protein_0358,0.1
protein_0112,protein_0359,0.1487603305785124
protein_0112,protein_0361,0.14634146341463414
protein_0112,protein_0363,0.10810810810810811
protein_0112,protein_0364,0.11711711711711711
protein_0112,protein_0365,0.14545454545454545
protein_0112,protein_0366,0.12037037037037036
protein_0112,protein_0367,0.0970873786407767
protein_0112,protein_0369,0.16346153846153846
protein_0112,protein_0370,0.11
protein_0112,protein_0371,0.1504424778761062
protein_0112,protein_0372,0.10762331838565023
protein_0112,protein_0373,0.36792452830188677
protein_0112,protein_0374,0.17073170731707318
protein_0112,protein_0375,0.1568627450980392
protein_0112,protein_0376,0.10476190476190476
protein_0112,protein_0377,0.14285714285714285
protein_0112,protein_0379,0.13861386138613863
protein_0112,protein_0380,0.13861386138613863
protein_0112,protein_0381,0.13861386138613863
protein_0112,protein_0382,0.17054263565891473
protein_0112,protein_0383,0.19
protein_0112,protein_0385,0.11304347826086956
protein_0112,protein_0386,0.5098039215686274
protein_0112,protein_0387,0.1652892561983471
protein_0112,protein_0388,0.16161616161616163
protein_0112,protein_0389,0.12121212121212122
protein_0112,protein_0390,0.17
protein_0112,protein_0391,0.1651376146788991
protein_0112,protein_0393,0.168141592920354
protein_0112,protein_0394,0.1452991452991453
protein_0112,protein_0395,0.17142857142857143
protein_0112,protein_0396,0.14166666666666666
protein_0112,protein_0397,0.23809523809523808
protein_0112,protein_0398,0.1652892561983471
protein_0112,protein_0399,0.18518518518518517
protein_0115,protein_0000,0.26436781609195403
protein_0115,protein_0001,0.12941176470588237
protein_0115,protein_0003,0.2988505747126437
protein_0115,protein_0004,0.28735632183908044
protein_0115,protein_0005,0.20652173913043478
protein_0115,protein_0006,0.29545454545454547
protein_0115,protein_0007,0.18072289156626506
protein_0115,protein_0008,0.17
protein_0115,protein_0009,0.1839080459770115
protein_0115,protein_0010,0.28735632183908044
protein_0115,protein_0012,0.25287356321839083
protein_0115,protein_0013,0.1724137931034483
protein_0115,protein_0014,0.16326530612244897
protein_0115,protein_0015,0.17543859649122806
protein_0115,protein_0016,0.17475728155339806
protein_0115,protein_0017,0.12403100775193798
protein_0115,protein_0018,0.27586206896551724
protein_0115,protein_0019,0.18292682926829268
protein_0115,protein_0020,0.27956989247311825
protein_0115,protein_0021,0.1411764705882353
protein_0115,protein_0022,0.1485148514851485
protein_0115,protein_0023,0.2079207920792079
protein_0115,protein_0024,0.15702479338842976
protein_0115,protein_0025,0.3516483516483517
protein_0115,protein_0027,0.18269230769230768
protein_0115,protein_0028,0.11009174311926606
protein_0115,protein_0029,0.13414634146341464
protein_0115,protein_0030,0.16666666666666666
protein_0115,protein_0031,0.1523809523809524
protein_0115,protein_0032,0.26436781609195403
protein_0115,protein_0033,0.2988505747126437
protein_0115,protein_0034,0.26436781609195403
protein_0115,protein_0035,0.125
protein_0115,protein_0036,0.17073170731707318
protein_0115,protein_0037,0.19540229885057472
protein_0115,protein_0039,0.1839080459770115
protein_0115,protein_0040,0.1411764705882353
protein_0115,protein_0041,0.27586206896551724
protein_0115,protein_0042,0.18888888888888888
protein_0115,protein_0043,0.22988505747126436
protein_0115,protein_0044,0.2413793103448276
protein_0115,protein_0045,0.25274725274725274
protein_0115,protein_0046,0.18072289156626506
protein_0115,protein_0047,0.22988505747126436
protein_0115,protein_0048,0.2413793103448276
protein_0115,protein_0049,0.26436781609195403
protein_0115,protein_0050,0.125
protein_0115,protein_0051,0.17045454545454544
protein_0115,protein_0052,0.26436781609195403
protein_0115,protein_0053,0.3448275862068966
protein_0115,protein_0054,0.1282051282051282
protein_0115,protein_0055,0.12195121951219512
protein_0115,protein_0056,0.18691588785046728
protein_0115,protein_0057,0.18292682926829268
protein_0115,protein_0058,0.16091954022988506
protein_0115,protein_0059,0.25287356321839083
protein_0115,protein_0060,0.1919191919191919
protein_0115,protein_0061,0.2247191011235955
protein_0115,protein_0062,0.2988505747126437
protein_0115,protein_0063,0.11627906976744186
protein_0115,protein_0064,0.4367816091954023
protein_0115,protein_0065,0.16831683168316833
protein_0115,protein_0066,0.19047619047619047
protein_0115,protein_0067,0.3181818181818182
protein_0115,protein_0068,0.25287356321839083
protein_0115,protein_0069,0.21839080459770116
protein_0115,protein_0070,0.2413793103448276
protein_0115,protein_0071,0.32222222222222224
protein_0115,protein_0072,0.1951219512195122
protein_0115,protein_0073,0.23333333333333334
protein_0115,protein_0074,0.17204301075268819
protein_0115,protein_0075,0.13861386138613863
protein_0115,protein_0076,0.13414634146341464
protein_0115,protein_0077,0.3448275862068966
protein_0115,protein_0078,0.11764705882352941
protein_0115,protein_0079,0.11764705882352941
protein_0115,protein_0080,0.25287356321839083
protein_0115,protein_0081,0.25287356321839083
protein_0115,protein_0082,0.15178571428571427
protein_0115,protein_0083,0.28888888888888886
protein_0115,protein_0084,0.2441860465116279
protein_0115,protein_0085,0.16071428571428573
protein_0115,protein_0086,0.16071428571428573
protein_0115,protein_0087,0.12195121951219512
protein_0115,protein_0088,0.27586206896551724
protein_0115,protein_0089,0.11206896551724138
protein_0115,protein_0090,0.125
protein_0115,protein_0091,0.13559322033898305
protein_0115,protein_0092,0.13559322033898305
protein_0115,protein_0093,0.27586206896551724
protein_0115,protein_0094,0.17355371900826447
protein_0115,protein_0095,0.13392857142857142
protein_0115,protein_0096,0.1568627450980392
protein_0115,protein_0097,0.2988505747126437
protein_0115,protein_0098,0.22988505747126436
protein_0115,protein_0099,0.14563106796116504
protein_0115,protein_0100,0.14634146341463414
protein_0115,protein_0101,0.24444444444444444
protein_0115,protein_0102,0.21839080459770116
protein_0115,protein_0103,0.2222222222222222
protein_0115,protein_0104,0.168
protein_0115,protein_0105,0.10975609756097561
protein_0115,protein_0106,0.16216216216216217
protein_0115,protein_0107,0.3103448275862069
protein_0115,protein_0108,0.2558139534883721
protein_0115,protein_0109,0.1590909090909091
protein_0115,protein_0110,0.25287356321839083
protein_0115,protein_0111,0.22988505747126436
protein_0115,protein_0113,0.22988505747126436
protein_0115,protein_0114,0.27586206896551724
protein_0115,protein_0116,0.16521739130434782
protein_0115,protein_0118,0.15853658536585366
protein_0115,protein_0119,0.14285714285714285
protein_0115,protein_0121,0.3218390804597701
protein_0115,protein_0122,0.21839080459770116
protein_0115,protein_0123,0.12195121951219512
protein_0115,protein_0124,0.3218390804597701
protein_0115,protein_0125,0.19626168224299065
protein_0115,protein_0126,0.15841584158415842
protein_0115,protein_0127,0.26436781609195403
protein_0115,protein_0128,0.3333333333333333
protein_0115,protein_0130,0.14285714285714285
protein_0115,protein_0131,0.09523809523809523
protein_0115,protein_0132,0.205607476635514
protein_0115,protein_0133,0.205607476635514
protein_0115,protein_0134,0.3333333333333333
protein_0115,protein_0135,0.4457831325301205
protein_0115,protein_0137,0.17355371900826447
protein_0115,protein_0138,0.17355371900826447
protein_0115,protein_0139,0.16470588235294117
protein_0115,protein_0140,0.2857142857142857
protein_0115,protein_0141,0.19540229885057472
protein_0115,protein_0142,0.3218390804597701
protein_0115,protein_0143,0.25
protein_0115,protein_0144,0.25287356321839083
protein_0115,protein_0145,0.1566265060240964
protein_0115,protein_0146,0.08536585365853659
protein_0115,protein_0147,0.27586206896551724
protein_0115,protein_0148,0.26436781609195403
protein_0115,protein_0149,0.18604651162790697
protein_0115,protein_0150,0.2857142857142857
protein_0115,protein_0151,0.2
protein_0115,protein_0152,0.15853658536585366
protein_0115,protein_0153,0.1797752808988764
protein_0115,protein_0155,0.15384615384615385
protein_0115,protein_0156,0.102803738317757
protein_0115,protein_0157,0.13043478260869565
protein_0115,protein_0158,0.16470588235294117
protein_0115,protein_0159,0.26136363636363635
protein_0115,protein_0160,0.35555555555555557
protein_0115,protein_0161,0.16101694915254236
protein_0115,protein_0162,0.43902439024390244
protein_0115,protein_0163,0.14563106796116504
protein_0115,protein_0165,0.13095238095238096
protein_0115,protein_0166,0.39080459770114945
protein_0115,protein_0167,0.1111111111111111
protein_0115,protein_0168,0.1206896551724138
protein_0115,protein_0169,0.13114754098360656
protein_0115,protein_0170,0.4
protein_0115,protein_0171,0.22988505747126436
protein_0115,protein_0172,0.13821138211382114
protein_0115,protein_0173,0.3333333333333333
protein_0115,protein_0174,0.3695652173913043
protein_0115,protein_0175,0.3516483516483517
protein_0115,protein_0176,0.16666666666666666
protein_0115,protein_0177,0.1411764705882353
protein_0115,protein_0178,0.11965811965811966
protein_0115,protein_0180,0.25287356321839083
protein_0115,protein_0181,0.2988505747126437
protein_0115,protein_0182,0.3448275862068966
protein_0115,protein_0184,0.3516483516483517
protein_0115,protein_0186,0.1717171717171717
protein_0115,protein_0187,0.37362637362637363
protein_0115,protein_0188,0.21951219512195122
protein_0115,protein_0189,0.25842696629213485
protein_0115,protein_0190,0.25287356321839083
protein_0115,protein_0191,0.26436781609195403
protein_0115,protein_0192,0.42168674698795183
protein_0115,protein_0193,0.3103448275862069
protein_0115,protein_0194,0.20689655172413793
protein_0115,protein_0195,0.25287356321839083
protein_0115,protein_0196,0.25287356321839083
protein_0115,protein_0198,0.3146067415730337
protein_0115,protein_0200,0.26373626373626374
protein_0115,protein_0201,0.1568627450980392
protein_0115,protein_0202,0.26436781609195403
protein_0115,protein_0205,0.10849056603773585
protein_0115,protein_0206,0.25287356321839083
protein_0115,protein_0207,0.18110236220472442
protein_0115,protein_0208,0.15789473684210525
protein_0115,protein_0209,0.25287356321839083
protein_0115,protein_0210,0.26436781609195403
protein_0115,protein_0212,0.06097560975609756
protein_0115,protein_0213,0.2840909090909091
protein_0115,protein_0214,0.15476190476190477
protein_0115,protein_0215,0.12941176470588237
protein_0115,protein_0216,0.1326530612244898
protein_0115,protein_0217,0.125
protein_0115,protein_0218,0.1171875
protein_0115,protein_0219,0.17647058823529413
protein_0115,protein_0220,0.41935483870967744
protein_0115,protein_0221,0.18292682926829268
protein_0115,protein_0223,0.12790697674418605
protein_0115,protein_0225,0.13541666666666666
protein_0115,protein_0226,0.14444444444444443
protein_0115,protein_0227,0.1927710843373494
protein_0115,protein_0228,0.21978021978021978
protein_0115,protein_0229,0.13095238095238096
protein_0115,protein_0230,0.20430107526881722
protein_0115,protein_0231,0.3181818181818182
protein_0115,protein_0232,0.15853658536585366
protein_0115,protein_0233,0.15
protein_0115,protein_0235,0.16666666666666666
protein_0115,protein_0236,0.2413793103448276
protein_0115,protein_0238,0.1450381679389313
protein_0115,protein_0239,0.375
protein_0115,protein_0240,0.3448275862068966
protein_0115,protein_0241,0.3595505617977528
protein_0115,protein_0242,0.1951219512195122
protein_0115,protein_0243,0.36363636363636365
protein_0115,protein_0244,0.13953488372093023
protein_0115,protein_0245,0.11864406779661017
protein_0115,protein_0246,0.2
protein_0115,protein_0247,0.20212765957446807
protein_0115,protein_0248,0.367816091954023
protein_0115,protein_0249,0.3595505617977528
protein_0115,protein_0250,0.20481927710843373
protein_0115,protein_0251,0.0989010989010989
protein_0115,protein_0252,0.16853932584269662
protein_0115,protein_0254,0.16279069767441862
protein_0115,protein_0255,0.11627906976744186
protein_0115,protein_0256,0.1320754716981132
protein_0115,protein_0257,0.14953271028037382
protein_0115,protein_0258,0.26436781609195403
protein_0115,protein_0259,0.14457831325301204
protein_0115,protein_0260,0.14457831325301204
protein_0115,protein_0261,0.18446601941747573
protein_0115,protein_0262,0.11029411764705882
protein_0115,protein_0263,0.14705882352941177
protein_0115,protein_0264,0.25287356321839083
protein_0115,protein_0265,0.25287356321839083
protein_0115,protein_0266,0.17346938775510204
protein_0115,protein_0267,0.2087912087912088
protein_0115,protein_0268,0.12941176470588237
protein_0115,protein_0269,0.13445378151260504
protein_0115,protein_0270,0.16470588235294117
protein_0115,protein_0271,0.17073170731707318
protein_0115,protein_0272,0.2413793103448276
protein_0115,protein_0273,0.25287356321839083
protein_0115,protein_0274,0.22826086956521738
protein_0115,protein_0275,0.17307692307692307
protein_0115,protein_0276,0.27586206896551724
protein_0115,protein_0278,0.2111111111111111
protein_0115,protein_0279,0.7176470588235294
protein_0115,protein_0280,0.7682926829268293
protein_0115,protein_0281,0.11403508771929824
protein_0115,protein_0284,0.2159090909090909
protein_0115,protein_0285,0.22988505747126436
protein_0115,protein_0286,0.17777777777777778
protein_0115,protein_0288,0.4146341463414634
protein_0115,protein_0289,0.17045454545454544
protein_0115,protein_0290,0.1568627450980392
protein_0115,protein_0291,0.21951219512195122
protein_0115,protein_0292,0.18292682926829268
protein_0115,protein_0293,0.19318181818181818
protein_0115,protein_0294,0.21951219512195122
protein_0115,protein_0295,0.13414634146341464
protein_0115,protein_0296,0.14655172413793102
protein_0115,protein_0297,0.15853658536585366
protein_0115,protein_0298,0.18604651162790697
protein_0115,protein_0300,0.1839080459770115
protein_0115,protein_0301,0.20689655172413793
protein_0115,protein_0302,0.1152073732718894
protein_0115,protein_0303,0.1951219512195122
protein_0115,protein_0304,0.13253012048192772
protein_0115,protein_0305,0.2111111111111111
protein_0115,protein_0306,0.12195121951219512
protein_0115,protein_0307,0.15702479338842976
protein_0115,protein_0308,0.17796610169491525
protein_0115,protein_0309,0.16842105263157894
protein_0115,protein_0310,0.1619047619047619
protein_0115,protein_0311,0.3218390804597701
protein_0115,protein_0312,0.3333333333333333
protein_0115,protein_0313,0.24719101123595505
protein_0115,protein_0314,0.13
protein_0115,protein_0315,0.1746031746031746
protein_0115,protein_0316,0.14634146341463414
protein_0115,protein_0317,0.11965811965811966
protein_0115,protein_0318,0.1415929203539823
protein_0115,protein_0319,0.25287356321839083
protein_0115,protein_0320,0.34831460674157305
protein_0115,protein_0321,0.2087912087912088
protein_0115,protein_0322,0.6746987951807228
protein_0115,protein_0323,0.20689655172413793
protein_0115,protein_0324,0.2
protein_0115,protein_0326,0.16494845360824742
protein_0115,protein_0328,0.15789473684210525
protein_0115,protein_0329,0.15789473684210525
protein_0115,protein_0330,0.2413793103448276
protein_0115,protein_0331,0.13414634146341464
protein_0115,protein_0332,0.21839080459770116
protein_0115,protein_0333,0.25842696629213485
protein_0115,protein_0334,0.2391304347826087
protein_0115,protein_0335,0.13333333333333333
protein_0115,protein_0336,0.1566265060240964
protein_0115,protein_0337,0.2413793103448276
protein_0115,protein_0338,0.2988505747126437
protein_0115,protein_0339,0.15853658536585366
protein_0115,protein_0340,0.1588785046728972
protein_0115,protein_0341,0.18627450980392157
protein_0115,protein_0342,0.10975609756097561
protein_0115,protein_0343,0.15294117647058825
protein_0115,protein_0344,0.3333333333333333
protein_0115,protein_0345,0.14634146341463414
protein_0115,protein_0346,0.14634146341463414
protein_0115,protein_0347,0.1797752808988764
protein_0115,protein_0348,0.15966386554621848
protein_0115,protein_0349,0.16666666666666666
protein_0115,protein_0351,0.25287356321839083
protein_0115,protein_0352,0.1566265060240964
protein_0115,protein_0353,0.16363636363636364
protein_0115,protein_0354,0.25287356321839083
protein_0115,protein_0355,0.2413793103448276
protein_0115,protein_0356,0.15853658536585366
protein_0115,protein_0358,0.3333333333333333
protein_0115,protein_0359,0.11940298507462686
protein_0115,protein_0361,0.15702479338842976
protein_0115,protein_0363,0.26436781609195403
protein_0115,protein_0364,0.26436781609195403
protein_0115,protein_0365,0.22988505747126436
protein_0115,protein_0366,0.22988505747126436
protein_0115,protein_0367,0.16666666666666666
protein_0115,protein_0369,0.16304347826086957
protein_0115,protein_0370,0.3333333333333333
protein_0115,protein_0371,0.27586206896551724
protein_0115,protein_0372,0.0776255707762557
protein_0115,protein_0373,0.11538461538461539
protein_0115,protein_0374,0.175
protein_0115,protein_0375,0.26436781609195403
protein_0115,protein_0376,0.14814814814814814
protein_0115,protein_0377,0.42528735632183906
protein_0115,protein_0379,0.17582417582417584
protein_0115,protein_0380,0.17582417582417584
protein_0115,protein_0381,0.17582417582417584
protein_0115,protein_0382,0.2222222222222222
protein_0115,protein_0383,0.14634146341463414
protein_0115,protein_0385,0.16161616161616163
protein_0115,protein_0386,0.14150943396226415
protein_0115,protein_0387,0.12380952380952381
protein_0115,protein_0388,0.12195121951219512
protein_0115,protein_0389,0.07142857142857142
protein_0115,protein_0390,0.28735632183908044
protein_0115,protein_0391,0.25
protein_0115,protein_0393,0.32954545454545453
protein_0115,protein_0394,0.14912280701754385
protein_0115,protein_0395,0.17391304347826086
protein_0115,protein_0396,0.1557377049180328
protein_0115,protein_0397,0.4457831325301205
protein_0115,protein_0398,0.13559322033898305
protein_0115,protein_0399,0.27586206896551724
protein_0117,protein_0000,0.12605042016806722
protein_0117,protein_0001,0.08476874003189792
protein_0117,protein_0003,0.1532258064516129
protein_0117,protein_0004,0.13157894736842105
protein_0117,protein_0005,0.13636363636363635
protein_0117,protein_0006,0.15702479338842976
protein_0117,protein_0007,0.13158907272027703
protein_0117,protein_0008,0.12612612612612611
protein_0117,protein_0009,0.1592920353982301
protein_0117,protein_0010,0.14393939393939395
protein_0117,protein_0012,0.12931034482758622
protein_0117,protein_0013,0.11666666666666667
protein_0117,protein_0014,0.1440677966101695
protein_0117,protein_0015,0.11304347826086956
protein_0117,protein_0016,0.14782608695652175
protein_0117,protein_0017,0.16666666666666666
protein_0117,protein_0018,0.13513513513513514
protein_0117,protein_0019,0.15118577075098816
protein_0117,protein_0020,0.16964285714285715
protein_0117,protein_0021,0.16363636363636364
protein_0117,protein_0022,0.14182019159911569
protein_0117,protein_0023,0.12793989547038326
protein_0117,protein_0024,0.1328125
protein_0117,protein_0025,0.16260162601626016
protein_0117,protein_0027,0.16515426497277677
protein_0117,protein_0028,0.14754098360655737
protein_0117,protein_0029,0.11943573667711599
protein_0117,protein_0030,0.18840579710144928
protein_0117,protein_0031,0.1565217391304348
protein_0117,protein_0032,0.15517241379310345
protein_0117,protein_0033,0.17355371900826447
protein_0117,protein_0034,0.15315315315315314
protein_0117,protein_0035,0.15517241379310345
protein_0117,protein_0036,0.129585326953748
protein_0117,protein_0037,0.15751937984496123
protein_0117,protein_0039,0.1721311475409836
protein_0117,protein_0040,0.14782608695652175
protein_0117,protein_0041,0.12280701754385964
protein_0117,protein_0042,0.15254237288135594
protein_0117,protein_0043,0.12173913043478261
protein_0117,protein_0044,0.12173913043478261
protein_0117,protein_0045,0.1322314049586777
protein_0117,protein_0046,0.13877642825011247
protein_0117,protein_0047,0.1557377049180328
protein_0117,protein_0048,0.1557377049180328
protein_0117,protein_0049,0.12396694214876033
protein_0117,protein_0050,0.1557377049180328
protein_0117,protein_0051,0.14169278996865203
protein_0117,protein_0052,0.12173913043478261
protein_0117,protein_0053,0.15789473684210525
protein_0117,protein_0054,0.12403100775193798
protein_0117,protein_0055,0.14893617021276595
protein_0117,protein_0056,0.47383004926108374
protein_0117,protein_0057,0.135529940553864
protein_0117,protein_0058,0.16216216216216217
protein_0117,protein_0059,0.14285714285714285
protein_0117,protein_0060,0.4624505928853755
protein_0117,protein_0061,0.17699115044247787
protein_0117,protein_0062,0.1746031746031746
protein_0117,protein_0063,0.12149532710280374
protein_0117,protein_0064,0.1532258064516129
protein_0117,protein_0065,0.18548387096774194
protein_0117,protein_0066,0.14049586776859505
protein_0117,protein_0067,0.125
protein_0117,protein_0068,0.14049586776859505
protein_0117,protein_0069,0.15702479338842976
protein_0117,protein_0070,0.13445378151260504
protein_0117,protein_0071,0.12389380530973451
protein_0117,protein_0072,0.14470443349753692
protein_0117,protein_0073,0.15447154471544716
protein_0117,protein_0074,0.09917355371900827
protein_0117,protein_0075,0.17182890855457228
protein_0117,protein_0076,0.20909090909090908
protein_0117,protein_0077,0.14754098360655737
protein_0117,protein_0078,0.35398230088495575
protein_0117,protein_0079,0.35398230088495575
protein_0117,protein_0080,0.17391304347826086
protein_0117,protein_0081,0.19491525423728814
protein_0117,protein_0082,0.15789473684210525
protein_0117,protein_0083,0.16
protein_0117,protein_0084,0.1288271830471319
protein_0117,protein_0085,0.14912280701754385
protein_0117,protein_0086,0.17391304347826086
protein_0117,protein_0087,0.13006756756756757
protein_0117,protein_0088,0.09401709401709402
protein_0117,protein_0089,0.4501799370220423
protein_0117,protein_0090,0.4501799370220423
protein_0117,protein_0091,0.34210526315789475
protein_0117,protein_0092,0.34210526315789475
protein_0117,protein_0093,0.11504424778761062
protein_0117,protein_0094,0.11811023622047244
protein_0117,protein_0095,0.4598883572567783
protein_0117,protein_0096,0.16806722689075632
protein_0117,protein_0097,0.16666666666666666
protein_0117,protein_0098,0.15384615384615385
protein_0117,protein_0099,0.4735213474343909
protein_0117,protein_0100,0.1305924568636433
protein_0117,protein_0101,0.15447154471544716
protein_0117,protein_0102,0.14516129032258066
protein_0117,protein_0103,0.17543859649122806
protein_0117,protein_0104,0.14173228346456693
protein_0117,protein_0105,0.1391304347826087
protein_0117,protein_0106,0.44400826446280994
protein_0117,protein_0107,0.13636363636363635
protein_0117,protein_0108,0.17054263565891473
protein_0117,protein_0109,0.1280564263322884
protein_0117,protein_0110,0.17647058823529413
protein_0117,protein_0111,0.1452991452991453
protein_0117,protein_0113,0.21311475409836064
protein_0117,protein_0114,0.168141592920354
protein_0117,protein_0116,1.0
protein_0117,protein_0118,0.12942583732057417
protein_0117,protein_0119,0.136
protein_0117,protein_0121,0.16521739130434782
protein_0117,protein_0122,0.1598327213382293
protein_0117,protein_0123,0.14760765550239235
protein_0117,protein_0124,0.19658119658119658
protein_0117,protein_0125,0.14655172413793102
protein_0117,protein_0126,0.13513513513513514
protein_0117,protein_0127,0.12195121951219512
protein_0117,protein_0128,0.15517241379310345
protein_0117,protein_0130,0.43668954996186116
protein_0117,protein_0131,0.14728867623604464
protein_0117,protein_0132,0.1935483870967742
protein_0117,protein_0133,0.1935483870967742
protein_0117,protein_0134,0.11711711711711711
protein_0117,protein_0135,0.15517241379310345
protein_0117,protein_0137,0.16393442622950818
protein_0117,protein_0138,0.16393442622950818
protein_0117,protein_0139,0.1559873949579832
protein_0117,protein_0140,0.11965811965811966
protein_0117,protein_0141,0.15208078335373315
protein_0117,protein_0142,0.1826086956521739
protein_0117,protein_0143,0.15517241379310345
protein_0117,protein_0144,0.14912280701754385
protein_0117,protein_0145,0.14486340900346287
protein_0117,protein_0146,0.1415929203539823
protein_0117,protein_0147,0.15966386554621848
protein_0117,protein_0148,0.13821138211382114
protein_0117,protein_0149,0.13475499092558985
protein_0117,protein_0150,0.12280701754385964
protein_0117,protein_0151,0.12931034482758622
protein_0117,protein_0152,0.13449163449163448
protein_0117,protein_0153,0.17862820803997276
protein_0117,protein_0155,0.14049586776859505
protein_0117,protein_0156,0.15254237288135594
protein_0117,protein_0157,0.16101694915254236
protein_0117,protein_0158,0.12390350877192982
protein_0117,protein_0159,0.11818181818181818
protein_0117,protein_0160,0.1694915254237288
protein_0117,protein_0161,0.14189189189189189
protein_0117,protein_0162,0.14545454545454545
protein_0117,protein_0163,0.19130434782608696
protein_0117,protein_0165,0.12065390749601275
protein_0117,protein_0166,0.16129032258064516
protein_0117,protein_0167,0.4868781825303564
protein_0117,protein_0168,0.48668261562998405
protein_0117,protein_0169,0.12142857142857143
protein_0117,protein_0170,0.15517241379310345
protein_0117,protein_0171,0.1322314049586777
protein_0117,protein_0172,0.16393442622950818
protein_0117,protein_0173,0.15517241379310345
protein_0117,protein_0174,0.1557377049180328
protein_0117,protein_0175,0.1694915254237288
protein_0117,protein_0176,0.12327586206896551
protein_0117,protein_0177,0.13381180223285485
protein_0117,protein_0178,0.14634146341463414
protein_0117,protein_0180,0.13793103448275862
protein_0117,protein_0181,0.12396694214876033
protein_0117,protein_0182,0.11711711711711711
protein_0117,protein_0184,0.15966386554621848
protein_0117,protein_0186,0.11764705882352941
protein_0117,protein_0187,0.15702479338842976
protein_0117,protein_0188,0.09755244755244755
protein_0117,protein_0189,0.1864406779661017
protein_0117,protein_0190,0.15126050420168066
protein_0117,protein_0191,0.1440677966101695
protein_0117,protein_0192,0.16666666666666666
protein_0117,protein_0193,0.13934426229508196
protein_0117,protein_0194,0.11965811965811966
protein_0117,protein_0195,0.13934426229508196
protein_0117,protein_0196,0.13559322033898305
protein_0117,protein_0198,0.11711711711711711
protein_0117,protein_0200,0.16806722689075632
protein_0117,protein_0201,0.18421052631578946
protein_0117,protein_0202,0.140625
protein_0117,protein_0205,0.13744075829383887
protein_0117,protein_0206,0.1282051282051282
protein_0117,protein_0207,0.144
protein_0117,protein_0208,0.1324561403508772
protein_0117,protein_0209,0.13043478260869565
protein_0117,protein_0210,0.14173228346456693
protein_0117,protein_0212,0.12173913043478261
protein_0117,protein_0213,0.1694915254237288
protein_0117,protein_0214,0.1565217391304348
protein_0117,protein_0215,0.12280701754385964
protein_0117,protein_0216,0.14634146341463414
protein_0117,protein_0217,0.14035087719298245
protein_0117,protein_0218,0.19402985074626866
protein_0117,protein_0219,0.13533834586466165
protein_0117,protein_0220,0.14516129032258066
protein_0117,protein_0221,0.14166666666666666
protein_0117,protein_0223,0.12612612612612611
protein_0117,protein_0225,0.13513513513513514
protein_0117,protein_0226,0.1504424778761062
protein_0117,protein_0227,0.14035087719298245
protein_0117,protein_0228,0.11530186903321231
protein_0117,protein_0229,0.17117117117117117
protein_0117,protein_0230,0.18421052631578946
protein_0117,protein_0231,0.17886178861788618
protein_0117,protein_0232,0.1487012987012987
protein_0117,protein_0233,0.14893617021276595
protein_0117,protein_0235,0.16407697790449038
protein_0117,protein_0236,0.16200611343824295
protein_0117,protein_0238,0.1056338028169014
protein_0117,protein_0239,0.19491525423728814
protein_0117,protein_0240,0.17796610169491525
protein_0117,protein_0241,0.1794871794871795
protein_0117,protein_0242,0.11156299840510367
protein_0117,protein_0243,0.15254237288135594
protein_0117,protein_0244,0.15922619047619047
protein_0117,protein_0245,0.1607619725832295
protein_0117,protein_0246,0.12931034482758622
protein_0117,protein_0247,0.14783726557773744
protein_0117,protein_0248,0.19491525423728814
protein_0117,protein_0249,0.1864406779661017
protein_0117,protein_0250,0.1445211389128559
protein_0117,protein_0251,0.15789473684210525
protein_0117,protein_0252,0.13043478260869565
protein_0117,protein_0254,0.16969215641782015
protein_0117,protein_0255,0.14450867052023122
protein_0117,protein_0256,0.13157894736842105
protein_0117,protein_0257,0.13157894736842105
protein_0117,protein_0258,0.17073170731707318
protein_0117,protein_0259,0.1290513833992095
protein_0117,protein_0260,0.1290513833992095
protein_0117,protein_0261,0.15748031496062992
protein_0117,protein_0262,0.1793103448275862
protein_0117,protein_0263,0.19014084507042253
protein_0117,protein_0264,0.12727272727272726
protein_0117,protein_0265,0.12727272727272726
protein_0117,protein_0266,0.16597856004635664
protein_0117,protein_0267,0.15037593984962405
protein_0117,protein_0268,0.15315315315315314
protein_0117,protein_0269,0.12
protein_0117,protein_0270,0.15454545454545454
protein_0117,protein_0271,0.129585326953748
protein_0117,protein_0272,0.13068914685830108
protein_0117,protein_0273,0.12996508075076385
protein_0117,protein_0274,0.14782608695652175
protein_0117,protein_0275,0.1590909090909091
protein_0117,protein_0276,0.1440677966101695
protein_0117,protein_0278,0.19090909090909092
protein_0117,protein_0279,0.14173228346456693
protein_0117,protein_0280,0.1826086956521739
protein_0117,protein_0281,0.38596491228070173
protein_0117,protein_0284,0.14122440866626915
protein_0117,protein_0285,0.16521739130434782
protein_0117,protein_0286,0.14486340900346287
protein_0117,protein_0288,0.125
protein_0117,protein_0289,0.13291040100250626
protein_0117,protein_0290,0.18110236220472442
protein_0117,protein_0291,0.1289872408293461
protein_0117,protein_0292,0.14236605026078708
protein_0117,protein_0293,0.13793103448275862
protein_0117,protein_0294,0.1333732057416268
protein_0117,protein_0295,0.12390350877192982
protein_0117,protein_0296,0.14166666666666666
protein_0117,protein_0297,0.12019914651493599
protein_0117,protein_0298,0.11610845295055822
protein_0117,protein_0300,0.1318840579710145
protein_0117,protein_0301,0.127200862378728
protein_0117,protein_0302,0.13761467889908258
protein_0117,protein_0303,0.13636363636363635
protein_0117,protein_0304,0.11929824561403508
protein_0117,protein_0305,0.16885307346326836
protein_0117,protein_0306,0.14893617021276595
protein_0117,protein_0307,0.171875
protein_0117,protein_0308,0.1297709923664122
protein_0117,protein_0309,0.1213235294117647
protein_0117,protein_0310,0.152
protein_0117,protein_0311,0.16071428571428573
protein_0117,protein_0312,0.125
protein_0117,protein_0313,0.15503875968992248
protein_0117,protein_0314,0.13559322033898305
protein_0117,protein_0315,0.12
protein_0117,protein_0316,0.1513750592697961
protein_0117,protein_0317,0.14655172413793102
protein_0117,protein_0318,0.39285714285714285
protein_0117,protein_0319,0.1391304347826087
protein_0117,protein_0320,0.17796610169491525
protein_0117,protein_0321,0.14782608695652175
protein_0117,protein_0322,0.1391304347826087
protein_0117,protein_0323,0.16216216216216217
protein_0117,protein_0324,0.1391304347826087
protein_0117,protein_0326,0.15315315315315314
protein_0117,protein_0328,0.375
protein_0117,protein_0329,0.375
protein_0117,protein_0330,0.18032786885245902
protein_0117,protein_0331,0.11861861861861861
protein_0117,protein_0332,0.15417543859649124
protein_0117,protein_0333,0.13814351023653348
protein_0117,protein_0334,0.11504424778761062
protein_0117,protein_0335,0.16129032258064516
protein_0117,protein_0336,0.16060606060606059
protein_0117,protein_0337,0.13820264948084499
protein_0117,protein_0338,0.14782608695652175
protein_0117,protein_0339,0.14306220095693778
protein_0117,protein_0340,0.168
protein_0117,protein_0341,0.15873015873015872
protein_0117,protein_0342,0.14166666666666666
protein_0117,protein_0343,0.11457848160223567
protein_0117,protein_0344,0.1452991452991453
protein_0117,protein_0345,0.2517902517902518
protein_0117,protein_0346,0.2517902517902518
protein_0117,protein_0347,0.12974481658692183
protein_0117,protein_0348,0.17355371900826447
protein_0117,protein_0349,0.16964285714285715
protein_0117,protein_0351,0.16129032258064516
protein_0117,protein_0352,0.12942583732057417
protein_0117,protein_0353,0.46862745098039216
protein_0117,protein_0354,0.18487394957983194
protein_0117,protein_0355,0.1405604338842975
protein_0117,protein_0356,0.13706140350877194
protein_0117,protein_0358,0.1452991452991453
protein_0117,protein_0359,0.14960629921259844
protein_0117,protein_0361,0.1
protein_0117,protein_0363,0.16666666666666666
protein_0117,protein_0364,0.16541353383458646
protein_0117,protein_0365,0.12931034482758622
protein_0117,protein_0366,0.13793103448275862
protein_0117,protein_0367,0.17543859649122806
protein_0117,protein_0369,0.11403508771929824
protein_0117,protein_0370,0.1452991452991453
protein_0117,protein_0371,0.18803418803418803
protein_0117,protein_0372,0.13574660633484162
protein_0117,protein_0373,0.17829457364341086
protein_0117,protein_0374,0.10483870967741936
protein_0117,protein_0375,0.1592920353982301
protein_0117,protein_0376,0.16101694915254236
protein_0117,protein_0377,0.1774193548387097
protein_0117,protein_0379,0.14470443349753692
protein_0117,protein_0380,0.14470443349753692
protein_0117,protein_0381,0.14470443349753692
protein_0117,protein_0382,0.16098305084745762
protein_0117,protein_0383,0.13851674641148326
protein_0117,protein_0385,0.15126050420168066
protein_0117,protein_0386,0.13114754098360656
protein_0117,protein_0387,0.1724137931034483
protein_0117,protein_0388,0.1383572567783094
protein_0117,protein_0389,0.13333333333333333
protein_0117,protein_0390,0.1452991452991453
protein_0117,protein_0391,0.1282051282051282
protein_0117,protein_0393,0.17355371900826447
protein_0117,protein_0394,0.1893939393939394
protein_0117,protein_0395,0.17391304347826086
protein_0117,protein_0396,0.10084033613445378
protein_0117,protein_0397,0.19658119658119658
protein_0117,protein_0398,0.3026163909195845
protein_0117,protein_0399,0.17391304347826086
protein_0120,protein_0000,0.41379310344827586
protein_0120,protein_0001,0.12643678160919541
protein_0120,protein_0003,0.32967032967032966
protein_0120,protein_0004,0.33707865168539325
protein_0120,protein_0005,0.1326530612244898
protein_0120,protein_0006,0.30337078651685395
protein_0120,protein_0007,0.1839080459770115
protein_0120,protein_0008,0.18269230769230768
protein_0120,protein_0009,0.26666666666666666
protein_0120,protein_0010,0.367816091954023
protein_0120,protein_0012,0.3707865168539326
protein_0120,protein_0013,0.13793103448275862
protein_0120,protein_0014,0.21153846153846154
protein_0120,protein_0015,0.18867924528301888
protein_0120,protein_0016,0.16666666666666666
protein_0120,protein_0017,0.11627906976744186
protein_0120,protein_0018,0.3448275862068966
protein_0120,protein_0019,0.14942528735632185
protein_0120,protein_0020,0.4725274725274725
protein_0120,protein_0021,0.11363636363636363
protein_0120,protein_0022,0.15053763440860216
protein_0120,protein_0023,0.1595744680851064
protein_0120,protein_0024,0.13636363636363635
protein_0120,protein_0025,0.4942528735632184
protein_0120,protein_0027,0.1574074074074074
protein_0120,protein_0028,0.10619469026548672
protein_0120,protein_0029,0.14942528735632185
protein_0120,protein_0030,0.15441176470588236
protein_0120,protein_0031,0.15151515151515152
protein_0120,protein_0032,0.3563218390804598
protein_0120,protein_0033,0.33707865168539325
protein_0120,protein_0034,0.3707865168539326
protein_0120,protein_0035,0.1559633027522936
protein_0120,protein_0036,0.14942528735632185
protein_0120,protein_0037,0.24489795918367346
protein_0120,protein_0039,0.24444444444444444
protein_0120,protein_0040,0.1276595744680851
protein_0120,protein_0041,0.3218390804597701
protein_0120,protein_0042,0.26666666666666666
protein_0120,protein_0043,0.29213483146067415
protein_0120,protein_0044,0.3146067415730337
protein_0120,protein_0045,0.36666666666666664
protein_0120,protein_0046,0.1839080459770115
protein_0120,protein_0047,0.31868131868131866
protein_0120,protein_0048,0.28735632183908044
protein_0120,protein_0049,0.27586206896551724
protein_0120,protein_0050,0.1553398058252427
protein_0120,protein_0051,0.1797752808988764
protein_0120,protein_0052,0.375
protein_0120,protein_0053,0.42528735632183906
protein_0120,protein_0054,0.12195121951219512
protein_0120,protein_0055,0.14285714285714285
protein_0120,protein_0056,0.13445378151260504
protein_0120,protein_0057,0.1724137931034483
protein_0120,protein_0058,0.13978494623655913
protein_0120,protein_0059,0.30337078651685395
protein_0120,protein_0060,0.16101694915254236
protein_0120,protein_0061,0.22340425531914893
protein_0120,protein_0062,0.3218390804597701
protein_0120,protein_0063,0.102803738317757
protein_0120,protein_0064,0.367816091954023
protein_0120,protein_0065,0.18181818181818182
protein_0120,protein_0066,0.19090909090909092
protein_0120,protein_0067,0.367816091954023
protein_0120,protein_0068,0.26436781609195403
protein_0120,protein_0069,0.3103448275862069
protein_0120,protein_0070,0.22988505747126436
protein_0120,protein_0071,0.3103448275862069
protein_0120,protein_0072,0.16483516483516483
protein_0120,protein_0073,0.22988505747126436
protein_0120,protein_0074,0.1875
protein_0120,protein_0075,0.16981132075471697
protein_0120,protein_0076,0.11363636363636363
protein_0120,protein_0077,0.43820224719101125
protein_0120,protein_0078,0.1262135922330097
protein_0120,protein_0079,0.1262135922330097
protein_0120,protein_0080,0.38636363636363635
protein_0120,protein_0081,0.3522727272727273
protein_0120,protein_0082,0.1792452830188679
protein_0120,protein_0083,0.3218390804597701
protein_0120,protein_0084,0.3103448275862069
protein_0120,protein_0085,0.1792452830188679
protein_0120,protein_0086,0.1206896551724138
protein_0120,protein_0087,0.14942528735632185
protein_0120,protein_0088,0.3448275862068966
protein_0120,protein_0089,0.1452991452991453
protein_0120,protein_0090,0.1452991452991453
protein_0120,protein_0091,0.1623931623931624
protein_0120,protein_0092,0.1623931623931624
protein_0120,protein_0093,0.3448275862068966
protein_0120,protein_0094,0.16521739130434782
protein_0120,protein_0095,0.1452991452991453
protein_0120,protein_0096,0.1574074074074074
protein_0120,protein_0097,0.3448275862068966
protein_0120,protein_0098,0.3333333333333333
protein_0120,protein_0099,0.16037735849056603
protein_0120,protein_0100,0.18888888888888888
protein_0120,protein_0101,0.24719101123595505
protein_0120,protein_0102,0.32967032967032966
protein_0120,protein_0103,0.24719101123595505
protein_0120,protein_0104,0.096
protein_0120,protein_0105,0.12371134020618557
protein_0120,protein_0106,0.17829457364341086
protein_0120,protein_0107,0.3793103448275862
protein_0120,protein_0108,0.19318181818181818
protein_0120,protein_0109,0.14942528735632185
protein_0120,protein_0110,0.3068181818181818
protein_0120,protein_0111,0.2413793103448276
protein_0120,protein_0113,0.27586206896551724
protein_0120,protein_0114,0.3103448275862069
protein_0120,protein_0116,0.16521739130434782
protein_0120,protein_0118,0.1724137931034483
protein_0120,protein_0119,0.1509433962264151
protein_0120,protein_0121,1.0
protein_0120,protein_0122,0.23076923076923078
protein_0120,protein_0123,0.14942528735632185
protein_0120,protein_0124,0.8620689655172413
protein_0120,protein_0125,0.13861386138613863
protein_0120,protein_0126,0.18269230769230768
protein_0120,protein_0127,0.39080459770114945
protein_0120,protein_0128,0.5517241379310345
protein_0120,protein_0130,0.1623931623931624
protein_0120,protein_0131,0.13636363636363635
protein_0120,protein_0132,0.2222222222222222
protein_0120,protein_0133,0.2222222222222222
protein_0120,protein_0134,0.3409090909090909
protein_0120,protein_0135,0.39325842696629215
protein_0120,protein_0137,0.16129032258064516
protein_0120,protein_0138,0.16129032258064516
protein_0120,protein_0139,0.14772727272727273
protein_0120,protein_0140,0.367816091954023
protein_0120,protein_0141,0.24175824175824176
protein_0120,protein_0142,0.3522727272727273
protein_0120,protein_0143,0.41379310344827586
protein_0120,protein_0144,0.40229885057471265
protein_0120,protein_0145,0.17582417582417584
protein_0120,protein_0146,0.14942528735632185
protein_0120,protein_0147,0.40229885057471265
protein_0120,protein_0148,0.39080459770114945
protein_0120,protein_0149,0.1839080459770115
protein_0120,protein_0150,0.34444444444444444
protein_0120,protein_0151,0.21348314606741572
protein_0120,protein_0152,0.16304347826086957
protein_0120,protein_0153,0.20454545454545456
protein_0120,protein_0155,0.11475409836065574
protein_0120,protein_0156,0.12612612612612611
protein_0120,protein_0157,0.10989010989010989
protein_0120,protein_0158,0.1839080459770115
protein_0120,protein_0159,0.3218390804597701
protein_0120,protein_0160,0.5287356321839081
protein_0120,protein_0161,0.13445378151260504
protein_0120,protein_0162,0.47126436781609193
protein_0120,protein_0163,0.1485148514851485
protein_0120,protein_0165,0.18478260869565216
protein_0120,protein_0166,0.42528735632183906
protein_0120,protein_0167,0.13636363636363635
protein_0120,protein_0168,0.14545454545454545
protein_0120,protein_0169,0.1452991452991453
protein_0120,protein_0170,0.5402298850574713
protein_0120,protein_0171,0.27586206896551724
protein_0120,protein_0172,0.13709677419354838
protein_0120,protein_0173,0.5632183908045977
protein_0120,protein_0174,0.5287356321839081
protein_0120,protein_0175,0.5057471264367817
protein_0120,protein_0176,0.1724137931034483
protein_0120,protein_0177,0.1839080459770115
protein_0120,protein_0178,0.12389380530973451
protein_0120,protein_0180,0.22988505747126436
protein_0120,protein_0181,0.3563218390804598
protein_0120,protein_0182,0.40229885057471265
protein_0120,protein_0184,0.5
protein_0120,protein_0186,0.17142857142857143
protein_0120,protein_0187,0.5517241379310345
protein_0120,protein_0188,0.19540229885057472
protein_0120,protein_0189,0.3103448275862069
protein_0120,protein_0190,0.36363636363636365
protein_0120,protein_0191,0.38202247191011235
protein_0120,protein_0192,0.4942528735632184
protein_0120,protein_0193,0.4090909090909091
protein_0120,protein_0194,0.25287356321839083
protein_0120,protein_0195,0.367816091954023
protein_0120,protein_0196,0.3448275862068966
protein_0120,protein_0198,0.3333333333333333
protein_0120,protein_0200,0.3
protein_0120,protein_0201,0.1509433962264151
protein_0120,protein_0202,0.41379310344827586
protein_0120,protein_0205,0.0995260663507109
protein_0120,protein_0206,0.3707865168539326
protein_0120,protein_0207,0.15126050420168066
protein_0120,protein_0208,0.11538461538461539
protein_0120,protein_0209,0.3146067415730337
protein_0120,protein_0210,0.3563218390804598
protein_0120,protein_0212,0.13793103448275862
protein_0120,protein_0213,0.42528735632183906
protein_0120,protein_0214,0.16304347826086957
protein_0120,protein_0215,0.1111111111111111
protein_0120,protein_0216,0.16981132075471697
protein_0120,protein_0217,0.1111111111111111
protein_0120,protein_0218,0.088
protein_0120,protein_0219,0.1652892561983471
protein_0120,protein_0220,0.367816091954023
protein_0120,protein_0221,0.14444444444444443
protein_0120,protein_0223,0.15384615384615385
protein_0120,protein_0225,0.15384615384615385
protein_0120,protein_0226,0.16831683168316833
protein_0120,protein_0227,0.14606741573033707
protein_0120,protein_0228,0.25
protein_0120,protein_0229,0.1348314606741573
protein_0120,protein_0230,0.24444444444444444
protein_0120,protein_0231,0.4606741573033708
protein_0120,protein_0232,0.16091954022988506
protein_0120,protein_0233,0.15789473684210525
protein_0120,protein_0235,0.19047619047619047
protein_0120,protein_0236,0.27586206896551724
protein_0120,protein_0238,0.10144927536231885
protein_0120,protein_0239,0.5555555555555556
protein_0120,protein_0240,0.5057471264367817
protein_0120,protein_0241,0.5172413793103449
protein_0120,protein_0242,0.16091954022988506
protein_0120,protein_0243,0.5747126436781609
protein_0120,protein_0244,0.17045454545454544
protein_0120,protein_0245,0.16363636363636364
protein_0120,protein_0246,0.17525773195876287
protein_0120,protein_0247,0.1797752808988764
protein_0120,protein_0248,0.47126436781609193
protein_0120,protein_0249,0.45977011494252873
protein_0120,protein_0250,0.19801980198019803
protein_0120,protein_0251,0.13
protein_0120,protein_0252,0.1595744680851064
protein_0120,protein_0254,0.1724137931034483
protein_0120,protein_0255,0.11695906432748537
protein_0120,protein_0256,0.16521739130434782
protein_0120,protein_0257,0.16521739130434782
protein_0120,protein_0258,0.33707865168539325
protein_0120,protein_0259,0.16666666666666666
protein_0120,protein_0260,0.16666666666666666
protein_0120,protein_0261,0.1568627450980392
protein_0120,protein_0262,0.17037037037037037
protein_0120,protein_0263,0.1223021582733813
protein_0120,protein_0264,0.3448275862068966
protein_0120,protein_0265,0.3448275862068966
protein_0120,protein_0266,0.15463917525773196
protein_0120,protein_0267,0.2247191011235955
protein_0120,protein_0268,0.1590909090909091
protein_0120,protein_0269,0.11206896551724138
protein_0120,protein_0270,0.1702127659574468
protein_0120,protein_0271,0.1839080459770115
protein_0120,protein_0272,0.27586206896551724
protein_0120,protein_0273,0.28735632183908044
protein_0120,protein_0274,0.21348314606741572
protein_0120,protein_0275,0.18095238095238095
protein_0120,protein_0276,0.3333333333333333
protein_0120,protein_0278,0.2222222222222222
protein_0120,protein_0279,0.32954545454545453
protein_0120,protein_0280,0.3103448275862069
protein_0120,protein_0281,0.16101694915254236
protein_0120,protein_0284,0.23076923076923078
protein_0120,protein_0285,0.28735632183908044
protein_0120,protein_0286,0.1935483870967742
protein_0120,protein_0288,0.4725274725274725
protein_0120,protein_0289,0.1839080459770115
protein_0120,protein_0290,0.1588785046728972
protein_0120,protein_0291,0.1839080459770115
protein_0120,protein_0292,0.1797752808988764
protein_0120,protein_0293,0.2553191489361702
protein_0120,protein_0294,0.1839080459770115
protein_0120,protein_0295,0.16853932584269662
protein_0120,protein_0296,0.14782608695652175
protein_0120,protein_0297,0.1724137931034483
protein_0120,protein_0298,0.16091954022988506
protein_0120,protein_0300,0.16
protein_0120,protein_0301,0.15841584158415842
protein_0120,protein_0302,0.1336405529953917
protein_0120,protein_0303,0.19101123595505617
protein_0120,protein_0304,0.1724137931034483
protein_0120,protein_0305,0.16494845360824742
protein_0120,protein_0306,0.14285714285714285
protein_0120,protein_0307,0.15
protein_0120,protein_0308,0.17391304347826086
protein_0120,protein_0309,0.17894736842105263
protein_0120,protein_0310,0.19626168224299065
protein_0120,protein_0311,0.5
protein_0120,protein_0312,0.41379310344827586
protein_0120,protein_0313,0.26436781609195403
protein_0120,protein_0314,0.16037735849056603
protein_0120,protein_0315,0.19327731092436976
protein_0120,protein_0316,0.17582417582417584
protein_0120,protein_0317,0.20192307692307693
protein_0120,protein_0318,0.1694915254237288
protein_0120,protein_0319,0.3333333333333333
protein_0120,protein_0320,0.4367816091954023
protein_0120,protein_0321,0.17777777777777778
protein_0120,protein_0322,0.34065934065934067
protein_0120,protein_0323,0.31868131868131866
protein_0120,protein_0324,0.16326530612244897
protein_0120,protein_0326,0.1958762886597938
protein_0120,protein_0328,0.14414414414414414
protein_0120,protein_0329,0.14414414414414414
protein_0120,protein_0330,0.26436781609195403
protein_0120,protein_0331,0.14942528735632185
protein_0120,protein_0332,0.20689655172413793
protein_0120,protein_0333,0.1839080459770115
protein_0120,protein_0334,0.1935483870967742
protein_0120,protein_0335,0.12380952380952381
protein_0120,protein_0336,0.15555555555555556
protein_0120,protein_0337,0.3103448275862069
protein_0120,protein_0338,0.26436781609195403
protein_0120,protein_0339,0.18681318681318682
protein_0120,protein_0340,0.14018691588785046
protein_0120,protein_0341,0.21568627450980393
protein_0120,protein_0342,0.14942528735632185
protein_0120,protein_0343,0.16091954022988506
protein_0120,protein_0344,0.3448275862068966
protein_0120,protein_0345,0.21428571428571427
protein_0120,protein_0346,0.21428571428571427
protein_0120,protein_0347,0.1724137931034483
protein_0120,protein_0348,0.15
protein_0120,protein_0349,0.1743119266055046
protein_0120,protein_0351,0.3218390804597701
protein_0120,protein_0352,0.1839080459770115
protein_0120,protein_0353,0.1391304347826087
protein_0120,protein_0354,0.23404255319148937
protein_0120,protein_0355,0.30337078651685395
protein_0120,protein_0356,0.14772727272727273
protein_0120,protein_0358,0.34782608695652173
protein_0120,protein_0359,0.13008130081300814
protein_0120,protein_0361,0.14393939393939395
protein_0120,protein_0363,0.20224719101123595
protein_0120,protein_0364,0.21348314606741572
protein_0120,protein_0365,0.20224719101123595
protein_0120,protein_0366,0.21348314606741572
protein_0120,protein_0367,0.13592233009708737
protein_0120,protein_0369,0.17346938775510204
protein_0120,protein_0370,0.3448275862068966
protein_0120,protein_0371,0.375
protein_0120,protein_0372,0.09545454545454546
protein_0120,protein_0373,0.17757009345794392
protein_0120,protein_0374,0.1532258064516129
protein_0120,protein_0375,0.41379310344827586
protein_0120,protein_0376,0.18691588785046728
protein_0120,protein_0377,0.367816091954023
protein_0120,protein_0379,0.18181818181818182
protein_0120,protein_0380,0.18181818181818182
protein_0120,protein_0381,0.18181818181818182
protein_0120,protein_0382,0.2857142857142857
protein_0120,protein_0383,0.1839080459770115
protein_0120,protein_0385,0.18867924528301888
protein_0120,protein_0386,0.15841584158415842
protein_0120,protein_0387,0.13559322033898305
protein_0120,protein_0388,0.16091954022988506
protein_0120,protein_0389,0.13636363636363635
protein_0120,protein_0390,0.3448275862068966
protein_0120,protein_0391,0.23404255319148937
protein_0120,protein_0393,0.5057471264367817
protein_0120,protein_0394,0.18421052631578946
protein_0120,protein_0395,0.1702127659574468
protein_0120,protein_0396,0.1391304347826087
protein_0120,protein_0397,0.38202247191011235
protein_0120,protein_0398,0.15254237288135594
protein_0120,protein_0399,0.42528735632183906
protein_0129,protein_0000,0.21839080459770116
protein_0129,protein_0001,0.11494252873563218
protein_0129,protein_0003,0.2247191011235955
protein_0129,protein_0004,0.25
protein_0129,protein_0005,0.15789473684210525
protein_0129,protein_0006,0.2808988764044944
protein_0129,protein_0007,0.1797752808988764
protein_0129,protein_0008,0.16666666666666666
protein_0129,protein_0009,0.2159090909090909
protein_0129,protein_0010,0.20689655172413793
protein_0129,protein_0012,0.2872340425531915
protein_0129,protein_0013,0.13793103448275862
protein_0129,protein_0014,0.14432989690721648
protein_0129,protein_0015,0.16666666666666666
protein_0129,protein_0016,0.1588785046728972
protein_0129,protein_0017,0.0859375
protein_0129,protein_0018,0.21839080459770116
protein_0129,protein_0019,0.16091954022988506
protein_0129,protein_0020,0.15730337078651685
protein_0129,protein_0021,0.13186813186813187
protein_0129,protein_0022,0.17647058823529413
protein_0129,protein_0023,0.16161616161616163
protein_0129,protein_0024,0.176
protein_0129,protein_0025,0.19101123595505617
protein_0129,protein_0027,0.16666666666666666
protein_0129,protein_0028,0.14150943396226415
protein_0129,protein_0029,0.14942528735632185
protein_0129,protein_0030,0.16129032258064516
protein_0129,protein_0031,0.1619047619047619
protein_0129,protein_0032,0.2840909090909091
protein_0129,protein_0033,0.21348314606741572
protein_0129,protein_0034,0.22988505747126436
protein_0129,protein_0035,0.1553398058252427
protein_0129,protein_0036,0.14942528735632185
protein_0129,protein_0037,0.22018348623853212
protein_0129,protein_0039,0.22727272727272727
protein_0129,protein_0040,0.12087912087912088
protein_0129,protein_0041,0.2413793103448276
protein_0129,protein_0042,0.19540229885057472
protein_0129,protein_0043,0.2413793103448276
protein_0129,protein_0044,0.26136363636363635
protein_0129,protein_0045,0.25287356321839083
protein_0129,protein_0046,0.14942528735632185
protein_0129,protein_0047,0.2247191011235955
protein_0129,protein_0048,0.19540229885057472
protein_0129,protein_0049,0.21839080459770116
protein_0129,protein_0050,0.16666666666666666
protein_0129,protein_0051,0.17582417582417584
protein_0129,protein_0052,0.21839080459770116
protein_0129,protein_0053,0.20689655172413793
protein_0129,protein_0054,0.16666666666666666
protein_0129,protein_0055,0.13846153846153847
protein_0129,protein_0056,0.1504424778761062
protein_0129,protein_0057,0.14942528735632185
protein_0129,protein_0058,0.1935483870967742
protein_0129,protein_0059,0.2413793103448276
protein_0129,protein_0060,0.14814814814814814
protein_0129,protein_0061,0.2222222222222222
protein_0129,protein_0062,0.23595505617977527
protein_0129,protein_0063,0.1050228310502283
protein_0129,protein_0064,0.2247191011235955
protein_0129,protein_0065,0.21153846153846154
protein_0129,protein_0066,0.16831683168316833
protein_0129,protein_0067,0.22988505747126436
protein_0129,protein_0068,0.25
protein_0129,protein_0069,0.22988505747126436
protein_0129,protein_0070,0.16666666666666666
protein_0129,protein_0071,0.20689655172413793
protein_0129,protein_0072,0.15555555555555556
protein_0129,protein_0073,0.22988505747126436
protein_0129,protein_0074,0.12244897959183673
protein_0129,protein_0075,0.17346938775510204
protein_0129,protein_0076,0.13793103448275862
protein_0129,protein_0077,0.1839080459770115
protein_0129,protein_0078,0.13725490196078433
protein_0129,protein_0079,0.13725490196078433
protein_0129,protein_0080,0.25287356321839083
protein_0129,protein_0081,0.22988505747126436
protein_0129,protein_0082,0.12871287128712872
protein_0129,protein_0083,0.2222222222222222
protein_0129,protein_0084,0.2247191011235955
protein_0129,protein_0085,0.1188118811881188
protein_0129,protein_0086,0.10891089108910891
protein_0129,protein_0087,0.125
protein_0129,protein_0088,0.2413793103448276
protein_0129,protein_0089,0.15517241379310345
protein_0129,protein_0090,0.11818181818181818
protein_0129,protein_0091,0.15
protein_0129,protein_0092,0.15
protein_0129,protein_0093,0.19540229885057472
protein_0129,protein_0094,0.1565217391304348
protein_0129,protein_0095,0.2072072072072072
protein_0129,protein_0096,0.07547169811320754
protein_0129,protein_0097,0.20689655172413793
protein_0129,protein_0098,0.27586206896551724
protein_0129,protein_0099,0.0970873786407767
protein_0129,protein_0100,0.1724137931034483
protein_0129,protein_0101,0.22988505747126436
protein_0129,protein_0102,0.21348314606741572
protein_0129,protein_0103,0.21839080459770116
protein_0129,protein_0104,0.16535433070866143
protein_0129,protein_0105,0.12903225806451613
protein_0129,protein_0106,0.19658119658119658
protein_0129,protein_0107,0.21839080459770116
protein_0129,protein_0108,0.2696629213483146
protein_0129,protein_0109,0.14942528735632185
protein_0129,protein_0110,0.22988505747126436
protein_0129,protein_0111,0.21839080459770116
protein_0129,protein_0113,0.2413793103448276
protein_0129,protein_0114,0.22988505747126436
protein_0129,protein_0116,0.11666666666666667
protein_0129,protein_0118,0.16853932584269662
protein_0129,protein_0119,0.1650485436893204
protein_0129,protein_0121,0.21839080459770116
protein_0129,protein_0122,0.2413793103448276
protein_0129,protein_0123,0.125
protein_0129,protein_0124,0.19540229885057472
protein_0129,protein_0125,0.13131313131313133
protein_0129,protein_0126,0.14953271028037382
protein_0129,protein_0127,0.2247191011235955
protein_0129,protein_0128,0.20454545454545456
protein_0129,protein_0130,0.1623931623931624
protein_0129,protein_0131,0.13793103448275862
protein_0129,protein_0132,0.2018348623853211
protein_0129,protein_0133,0.2018348623853211
protein_0129,protein_0134,0.25287356321839083
protein_0129,protein_0135,0.23863636363636365
protein_0129,protein_0137,0.1557377049180328
protein_0129,protein_0138,0.1557377049180328
protein_0129,protein_0139,0.16853932584269662
protein_0129,protein_0140,0.25287356321839083
protein_0129,protein_0141,0.2413793103448276
protein_0129,protein_0142,0.21839080459770116
protein_0129,protein_0143,0.22988505747126436
protein_0129,protein_0144,0.22988505747126436
protein_0129,protein_0145,0.1839080459770115
protein_0129,protein_0146,0.13186813186813187
protein_0129,protein_0147,0.1839080459770115
protein_0129,protein_0148,0.23863636363636365
protein_0129,protein_0149,0.1724137931034483
protein_0129,protein_0150,0.26436781609195403
protein_0129,protein_0151,0.20224719101123595
protein_0129,protein_0152,0.1724137931034483
protein_0129,protein_0153,0.22988505747126436
protein_0129,protein_0155,0.1721311475409836
protein_0129,protein_0156,0.17117117117117117
protein_0129,protein_0157,0.1553398058252427
protein_0129,protein_0158,0.13636363636363635
protein_0129,protein_0159,0.21839080459770116
protein_0129,protein_0160,0.16666666666666666
protein_0129,protein_0161,0.1652892561983471
protein_0129,protein_0162,0.1839080459770115
protein_0129,protein_0163,0.13861386138613863
protein_0129,protein_0165,0.1724137931034483
protein_0129,protein_0166,0.14942528735632185
protein_0129,protein_0167,0.14545454545454545
protein_0129,protein_0168,0.14035087719298245
protein_0129,protein_0169,0.16666666666666666
protein_0129,protein_0170,0.14942528735632185
protein_0129,protein_0171,0.26436781609195403
protein_0129,protein_0172,0.12396694214876033
protein_0129,protein_0173,0.21839080459770116
protein_0129,protein_0174,0.20689655172413793
protein_0129,protein_0175,0.1839080459770115
protein_0129,protein_0176,0.12643678160919541
protein_0129,protein_0177,0.13186813186813187
protein_0129,protein_0178,0.16666666666666666
protein_0129,protein_0180,0.1724137931034483
protein_0129,protein_0181,0.21839080459770116
protein_0129,protein_0182,0.26136363636363635
protein_0129,protein_0184,0.18181818181818182
protein_0129,protein_0186,0.1864406779661017
protein_0129,protein_0187,0.1839080459770115
protein_0129,protein_0188,0.16091954022988506
protein_0129,protein_0189,0.20689655172413793
protein_0129,protein_0190,0.22988505747126436
protein_0129,protein_0191,0.21839080459770116
protein_0129,protein_0192,0.1839080459770115
protein_0129,protein_0193,0.16091954022988506
protein_0129,protein_0194,0.2087912087912088
protein_0129,protein_0195,0.20689655172413793
protein_0129,protein_0196,0.20689655172413793
protein_0129,protein_0198,0.27586206896551724
protein_0129,protein_0200,0.20689655172413793
protein_0129,protein_0201,0.15
protein_0129,protein_0202,0.22988505747126436
protein_0129,protein_0205,0.102803738317757
protein_0129,protein_0206,0.2717391304347826
protein_0129,protein_0207,0.11864406779661017
protein_0129,protein_0208,0.1262135922330097
protein_0129,protein_0209,0.25842696629213485
protein_0129,protein_0210,0.24719101123595505
protein_0129,protein_0212,0.13186813186813187
protein_0129,protein_0213,0.20689655172413793
protein_0129,protein_0214,0.13829787234042554
protein_0129,protein_0215,0.17045454545454544
protein_0129,protein_0216,0.17346938775510204
protein_0129,protein_0217,0.16842105263157894
protein_0129,protein_0218,0.13076923076923078
protein_0129,protein_0219,0.20161290322580644
protein_0129,protein_0220,0.23595505617977527
protein_0129,protein_0221,0.12643678160919541
protein_0129,protein_0223,0.13793103448275862
protein_0129,protein_0225,0.19
protein_0129,protein_0226,0.17204301075268819
protein_0129,protein_0227,0.13636363636363635
protein_0129,protein_0228,0.1978021978021978
protein_0129,protein_0229,0.15
protein_0129,protein_0230,0.20212765957446807
protein_0129,protein_0231,0.2413793103448276
protein_0129,protein_0232,0.15555555555555556
protein_0129,protein_0233,0.17054263565891473
protein_0129,protein_0235,0.16
protein_0129,protein_0236,0.22988505747126436
protein_0129,protein_0238,0.14184397163120568
protein_0129,protein_0239,0.18181818181818182
protein_0129,protein_0240,0.16091954022988506
protein_0129,protein_0241,0.1724137931034483
protein_0129,protein_0242,0.14444444444444443
protein_0129,protein_0243,0.17582417582417584
protein_0129,protein_0244,0.125
protein_0129,protein_0245,0.1794871794871795
protein_0129,protein_0246,0.1326530612244898
protein_0129,protein_0247,0.20212765957446807
protein_0129,protein_0248,0.21839080459770116
protein_0129,protein_0249,0.19540229885057472
protein_0129,protein_0250,0.16831683168316833
protein_0129,protein_0251,0.21782178217821782
protein_0129,protein_0252,0.17204301075268819
protein_0129,protein_0254,0.15384615384615385
protein_0129,protein_0255,0.11695906432748537
protein_0129,protein_0256,0.1262135922330097
protein_0129,protein_0257,0.1650485436893204
protein_0129,protein_0258,0.26373626373626374
protein_0129,protein_0259,0.15730337078651685
protein_0129,protein_0260,0.15730337078651685
protein_0129,protein_0261,0.13131313131313133
protein_0129,protein_0262,0.16296296296296298
protein_0129,protein_0263,0.11764705882352941
protein_0129,protein_0264,0.20689655172413793
protein_0129,protein_0265,0.20689655172413793
protein_0129,protein_0266,0.1414141414141414
protein_0129,protein_0267,0.20224719101123595
protein_0129,protein_0268,0.13043478260869565
protein_0129,protein_0269,0.09401709401709402
protein_0129,protein_0270,0.16091954022988506
protein_0129,protein_0271,0.16091954022988506
protein_0129,protein_0272,0.26436781609195403
protein_0129,protein_0273,0.25287356321839083
protein_0129,protein_0274,0.19148936170212766
protein_0129,protein_0275,0.12121212121212122
protein_0129,protein_0276,0.2413793103448276
protein_0129,protein_0278,0.24444444444444444
protein_0129,protein_0279,0.14942528735632185
protein_0129,protein_0280,0.1839080459770115
protein_0129,protein_0281,0.0625
protein_0129,protein_0284,0.22988505747126436
protein_0129,protein_0285,0.20689655172413793
protein_0129,protein_0286,0.15555555555555556
protein_0129,protein_0288,0.1839080459770115
protein_0129,protein_0289,0.16483516483516483
protein_0129,protein_0290,0.14678899082568808
protein_0129,protein_0291,0.22988505747126436
protein_0129,protein_0292,0.17391304347826086
protein_0129,protein_0293,0.21739130434782608
protein_0129,protein_0294,0.22988505747126436
protein_0129,protein_0295,0.14942528735632185
protein_0129,protein_0296,0.144
protein_0129,protein_0297,0.13793103448275862
protein_0129,protein_0298,0.13793103448275862
protein_0129,protein_0300,0.16129032258064516
protein_0129,protein_0301,0.16129032258064516
protein_0129,protein_0302,0.1085972850678733
protein_0129,protein_0303,0.2696629213483146
protein_0129,protein_0304,0.14772727272727273
protein_0129,protein_0305,0.2127659574468085
protein_0129,protein_0306,0.1452991452991453
protein_0129,protein_0307,0.16393442622950818
protein_0129,protein_0308,0.16393442622950818
protein_0129,protein_0309,0.1978021978021978
protein_0129,protein_0310,0.1743119266055046
protein_0129,protein_0311,0.14942528735632185
protein_0129,protein_0312,0.1839080459770115
protein_0129,protein_0313,0.2111111111111111
protein_0129,protein_0314,0.10377358490566038
protein_0129,protein_0315,0.15
protein_0129,protein_0316,0.14285714285714285
protein_0129,protein_0317,0.10679611650485436
protein_0129,protein_0318,0.0625
protein_0129,protein_0319,0.20689655172413793
protein_0129,protein_0320,0.19540229885057472
protein_0129,protein_0321,0.26373626373626374
protein_0129,protein_0322,0.11494252873563218
protein_0129,protein_0323,0.22988505747126436
protein_0129,protein_0324,0.1724137931034483
protein_0129,protein_0326,0.10526315789473684
protein_0129,protein_0328,0.13636363636363635
protein_0129,protein_0329,0.13636363636363635
protein_0129,protein_0330,0.20689655172413793
protein_0129,protein_0331,0.14942528735632185
protein_0129,protein_0332,0.2413793103448276
protein_0129,protein_0333,0.20689655172413793
protein_0129,protein_0334,0.23333333333333334
protein_0129,protein_0335,0.1262135922330097
protein_0129,protein_0336,0.11363636363636363
protein_0129,protein_0337,0.2777777777777778
protein_0129,protein_0338,0.19540229885057472
protein_0129,protein_0339,0.16483516483516483
protein_0129,protein_0340,0.17307692307692307
protein_0129,protein_0341,0.19607843137254902
protein_0129,protein_0342,0.11494252873563218
protein_0129,protein_0343,0.1978021978021978
protein_0129,protein_0344,0.26595744680851063
protein_0129,protein_0345,0.168141592920354
protein_0129,protein_0346,0.168141592920354
protein_0129,protein_0347,0.1978021978021978
protein_0129,protein_0348,0.16521739130434782
protein_0129,protein_0349,0.17475728155339806
protein_0129,protein_0351,0.2
protein_0129,protein_0352,0.14893617021276595
protein_0129,protein_0353,0.14414414414414414
protein_0129,protein_0354,0.1724137931034483
protein_0129,protein_0355,0.2967032967032967
protein_0129,protein_0356,0.13402061855670103
protein_0129,protein_0358,0.26666666666666666
protein_0129,protein_0359,0.096
protein_0129,protein_0361,0.168
protein_0129,protein_0363,0.25287356321839083
protein_0129,protein_0364,0.25287356321839083
protein_0129,protein_0365,0.2604166666666667
protein_0129,protein_0366,0.2604166666666667
protein_0129,protein_0367,0.1346153846153846
protein_0129,protein_0369,0.13043478260869565
protein_0129,protein_0370,0.26595744680851063
protein_0129,protein_0371,0.26136363636363635
protein_0129,protein_0372,0.08256880733944955
protein_0129,protein_0373,0.16521739130434782
protein_0129,protein_0374,0.15966386554621848
protein_0129,protein_0375,0.22727272727272727
protein_0129,protein_0376,0.14018691588785046
protein_0129,protein_0377,0.19318181818181818
protein_0129,protein_0379,0.20212765957446807
protein_0129,protein_0380,0.20212765957446807
protein_0129,protein_0381,0.20212765957446807
protein_0129,protein_0382,0.2391304347826087
protein_0129,protein_0383,0.1797752808988764
protein_0129,protein_0385,0.18421052631578946
protein_0129,protein_0386,0.14018691588785046
protein_0129,protein_0387,0.08928571428571429
protein_0129,protein_0388,0.13793103448275862
protein_0129,protein_0389,0.1590909090909091
protein_0129,protein_0390,0.24444444444444444
protein_0129,protein_0391,0.23333333333333334
protein_0129,protein_0393,0.1724137931034483
protein_0129,protein_0394,0.19166666666666668
protein_0129,protein_0395,0.2631578947368421
protein_0129,protein_0396,0.14285714285714285
protein_0129,protein_0397,0.2111111111111111
protein_0129,protein_0398,0.1592920353982301
protein_0129,protein_0399,0.2247191011235955
protein_0136,protein_0000,0.14049586776859505
protein_0136,protein_0001,0.14655172413793102
protein_0136,protein_0003,0.125
protein_0136,protein_0004,0.13934426229508196
protein_0136,protein_0005,0.13934426229508196
protein_0136,protein_0006,0.14285714285714285
protein_0136,protein_0007,0.15517241379310345
protein_0136,protein_0008,0.15833333333333333
protein_0136,protein_0009,0.1532258064516129
protein_0136,protein_0010,0.15748031496062992
protein_0136,protein_0012,0.11666666666666667
protein_0136,protein_0013,0.1724137931034483
protein_0136,protein_0014,0.2032520325203252
protein_0136,protein_0015,0.1746031746031746
protein_0136,protein_0016,0.1440677966101695
protein_0136,protein_0017,0.17518248175182483
protein_0136,protein_0018,0.14166666666666666
protein_0136,protein_0019,0.15126050420168066
protein_0136,protein_0020,0.18032786885245902
protein_0136,protein_0021,0.1487603305785124
protein_0136,protein_0022,0.11811023622047244
protein_0136,protein_0023,0.1271186440677966
protein_0136,protein_0024,0.42016806722689076
protein_0136,protein_0025,0.14049586776859505
protein_0136,protein_0027,0.1271186440677966
protein_0136,protein_0028,0.1452991452991453
protein_0136,protein_0029,0.16379310344827586
protein_0136,protein_0030,0.352
protein_0136,protein_0031,0.1557377049180328
protein_0136,protein_0032,0.12396694214876033
protein_0136,protein_0033,0.11965811965811966
protein_0136,protein_0034,0.16393442622950818
protein_0136,protein_0035,0.5862068965517241
protein_0136,protein_0036,0.12931034482758622
protein_0136,protein_0037,0.16666666666666666
protein_0136,protein_0039,0.16129032258064516
protein_0136,protein_0040,0.152
protein_0136,protein_0041,0.13114754098360656
protein_0136,protein_0042,0.17094017094017094
protein_0136,protein_0043,0.1206896551724138
protein_0136,protein_0044,0.1721311475409836
protein_0136,protein_0045,0.13709677419354838
protein_0136,protein_0046,0.1724137931034483
protein_0136,protein_0047,0.12605042016806722
protein_0136,protein_0048,0.16541353383458646
protein_0136,protein_0049,0.12605042016806722
protein_0136,protein_0050,0.176
protein_0136,protein_0051,0.16379310344827586
protein_0136,protein_0052,0.1322314049586777
protein_0136,protein_0053,0.1532258064516129
protein_0136,protein_0054,0.48717948717948717
protein_0136,protein_0055,0.6752136752136753
protein_0136,protein_0056,0.17424242424242425
protein_0136,protein_0057,0.1724137931034483
protein_0136,protein_0058,0.112
protein_0136,protein_0059,0.1875
protein_0136,protein_0060,0.1694915254237288
protein_0136,protein_0061,0.17094017094017094
protein_0136,protein_0062,0.15
protein_0136,protein_0063,0.10232558139534884
protein_0136,protein_0064,0.15517241379310345
protein_0136,protein_0065,0.13821138211382114
protein_0136,protein_0066,0.13114754098360656
protein_0136,protein_0067,0.13114754098360656
protein_0136,protein_0068,0.15702479338842976
protein_0136,protein_0069,0.15517241379310345
protein_0136,protein_0070,0.14285714285714285
protein_0136,protein_0071,0.12931034482758622
protein_0136,protein_0072,0.11206896551724138
protein_0136,protein_0073,0.14166666666666666
protein_0136,protein_0074,0.14049586776859505
protein_0136,protein_0075,0.13333333333333333
protein_0136,protein_0076,0.13445378151260504
protein_0136,protein_0077,0.15126050420168066
protein_0136,protein_0078,0.16393442622950818
protein_0136,protein_0079,0.16393442622950818
protein_0136,protein_0080,0.12030075187969924
protein_0136,protein_0081,0.12030075187969924
protein_0136,protein_0082,0.144
protein_0136,protein_0083,0.125
protein_0136,protein_0084,0.16129032258064516
protein_0136,protein_0085,0.152
protein_0136,protein_0086,0.10256410256410256
protein_0136,protein_0087,0.13793103448275862
protein_0136,protein_0088,0.13559322033898305
protein_0136,protein_0089,0.144
protein_0136,protein_0090,0.144
protein_0136,protein_0091,0.15447154471544716
protein_0136,protein_0092,0.15447154471544716
protein_0136,protein_0093,0.14516129032258066
protein_0136,protein_0094,0.358974358974359
protein_0136,protein_0095,0.16666666666666666
protein_0136,protein_0096,0.1532258064516129
protein_0136,protein_0097,0.13953488372093023
protein_0136,protein_0098,0.13675213675213677
protein_0136,protein_0099,0.1889763779527559
protein_0136,protein_0100,0.12931034482758622
protein_0136,protein_0101,0.16666666666666666
protein_0136,protein_0102,0.10344827586206896
protein_0136,protein_0103,0.13333333333333333
protein_0136,protein_0104,0.4188034188034188
protein_0136,protein_0105,0.10655737704918032
protein_0136,protein_0106,0.13953488372093023
protein_0136,protein_0107,0.13675213675213677
protein_0136,protein_0108,0.13559322033898305
protein_0136,protein_0109,0.1724137931034483
protein_0136,protein_0110,0.10569105691056911
protein_0136,protein_0111,0.15702479338842976
protein_0136,protein_0113,0.1322314049586777
protein_0136,protein_0114,0.15079365079365079
protein_0136,protein_0116,0.1484375
protein_0136,protein_0118,0.15517241379310345
protein_0136,protein_0119,0.1487603305785124
protein_0136,protein_0121,0.1487603305785124
protein_0136,protein_0122,0.1746031746031746
protein_0136,protein_0123,0.12931034482758622
protein_0136,protein_0124,0.16806722689075632
protein_0136,protein_0125,0.12
protein_0136,protein_0126,0.175
protein_0136,protein_0127,0.1349206349206349
protein_0136,protein_0128,0.1487603305785124
protein_0136,protein_0130,0.1484375
protein_0136,protein_0131,0.16101694915254236
protein_0136,protein_0132,0.16393442622950818
protein_0136,protein_0133,0.16393442622950818
protein_0136,protein_0134,0.12605042016806722
protein_0136,protein_0135,0.19327731092436976
protein_0136,protein_0137,0.7435897435897436
protein_0136,protein_0138,0.7435897435897436
protein_0136,protein_0139,0.13793103448275862
protein_0136,protein_0140,0.15873015873015872
protein_0136,protein_0141,0.18253968253968253
protein_0136,protein_0142,0.1271186440677966
protein_0136,protein_0143,0.15
protein_0136,protein_0144,0.12698412698412698
protein_0136,protein_0145,0.12931034482758622
protein_0136,protein_0146,0.11206896551724138
protein_0136,protein_0147,0.16260162601626016
protein_0136,protein_0148,0.13709677419354838
protein_0136,protein_0149,0.15517241379310345
protein_0136,protein_0150,0.14960629921259844
protein_0136,protein_0151,0.15555555555555556
protein_0136,protein_0152,0.1896551724137931
protein_0136,protein_0153,0.1440677966101695
protein_0136,protein_0155,0.1693548387096774
protein_0136,protein_0156,0.211864406779661
protein_0136,protein_0157,0.1092436974789916
protein_0136,protein_0158,0.15517241379310345
protein_0136,protein_0159,0.13333333333333333
protein_0136,protein_0160,0.1487603305785124
protein_0136,protein_0161,0.4322033898305085
protein_0136,protein_0162,0.13934426229508196
protein_0136,protein_0163,0.19672131147540983
protein_0136,protein_0165,0.12931034482758622
protein_0136,protein_0166,0.10084033613445378
protein_0136,protein_0167,0.14173228346456693
protein_0136,protein_0168,0.15748031496062992
protein_0136,protein_0169,0.39655172413793105
protein_0136,protein_0170,0.1721311475409836
protein_0136,protein_0171,0.16379310344827586
protein_0136,protein_0172,0.42735042735042733
protein_0136,protein_0173,0.16393442622950818
protein_0136,protein_0174,0.14049586776859505
protein_0136,protein_0175,0.14285714285714285
protein_0136,protein_0176,0.1452991452991453
protein_0136,protein_0177,0.13793103448275862
protein_0136,protein_0178,0.33884297520661155
protein_0136,protein_0180,0.12903225806451613
protein_0136,protein_0181,0.13008130081300814
protein_0136,protein_0182,0.12931034482758622
protein_0136,protein_0184,0.10084033613445378
protein_0136,protein_0186,0.176
protein_0136,protein_0187,0.14285714285714285
protein_0136,protein_0188,0.1724137931034483
protein_0136,protein_0189,0.13445378151260504
protein_0136,protein_0190,0.14655172413793102
protein_0136,protein_0191,0.1774193548387097
protein_0136,protein_0192,0.14754098360655737
protein_0136,protein_0193,0.1349206349206349
protein_0136,protein_0194,0.13445378151260504
protein_0136,protein_0195,0.09322033898305085
protein_0136,protein_0196,0.14285714285714285
protein_0136,protein_0198,0.14049586776859505
protein_0136,protein_0200,0.112
protein_0136,protein_0201,0.1721311475409836
protein_0136,protein_0202,0.1694915254237288
protein_0136,protein_0205,0.1148936170212766
protein_0136,protein_0206,0.13114754098360656
protein_0136,protein_0207,0.45
protein_0136,protein_0208,0.14285714285714285
protein_0136,protein_0209,0.16393442622950818
protein_0136,protein_0210,0.1206896551724138
protein_0136,protein_0212,0.1271186440677966
protein_0136,protein_0213,0.1092436974789916
protein_0136,protein_0214,0.15079365079365079
protein_0136,protein_0215,0.12931034482758622
protein_0136,protein_0216,0.1
protein_0136,protein_0217,0.13675213675213677
protein_0136,protein_0218,0.17006802721088435
protein_0136,protein_0219,0.4094488188976378
protein_0136,protein_0220,0.14655172413793102
protein_0136,protein_0221,0.13793103448275862
protein_0136,protein_0223,0.11764705882352941
protein_0136,protein_0225,0.14615384615384616
protein_0136,protein_0226,0.12195121951219512
protein_0136,protein_0227,0.13559322033898305
protein_0136,protein_0228,0.16030534351145037
protein_0136,protein_0229,0.15966386554621848
protein_0136,protein_0230,0.13559322033898305
protein_0136,protein_0231,0.14285714285714285
protein_0136,protein_0232,0.16379310344827586
protein_0136,protein_0233,0.15789473684210525
protein_0136,protein_0235,0.15079365079365079
protein_0136,protein_0236,0.13559322033898305
protein_0136,protein_0238,0.1564625850340136
protein_0136,protein_0239,0.14285714285714285
protein_0136,protein_0240,0.13533834586466165
protein_0136,protein_0241,0.11278195488721804
protein_0136,protein_0242,0.13793103448275862
protein_0136,protein_0243,0.1487603305785124
protein_0136,protein_0244,0.14655172413793102
protein_0136,protein_0245,0.1865671641791045
protein_0136,protein_0246,0.136
protein_0136,protein_0247,0.15517241379310345
protein_0136,protein_0248,0.140625
protein_0136,protein_0249,0.1452991452991453
protein_0136,protein_0250,0.11965811965811966
protein_0136,protein_0251,0.15702479338842976
protein_0136,protein_0252,0.1440677966101695
protein_0136,protein_0254,0.10344827586206896
protein_0136,protein_0255,0.18232044198895028
protein_0136,protein_0256,0.5641025641025641
protein_0136,protein_0257,0.5042735042735043
protein_0136,protein_0258,0.13076923076923078
protein_0136,protein_0259,0.16666666666666666
protein_0136,protein_0260,0.16666666666666666
protein_0136,protein_0261,0.13636363636363635
protein_0136,protein_0262,0.1564625850340136
protein_0136,protein_0263,0.1736111111111111
protein_0136,protein_0264,0.14285714285714285
protein_0136,protein_0265,0.14285714285714285
protein_0136,protein_0266,0.13008130081300814
protein_0136,protein_0267,0.15789473684210525
protein_0136,protein_0268,0.15447154471544716
protein_0136,protein_0269,0.4700854700854701
protein_0136,protein_0270,0.10344827586206896
protein_0136,protein_0271,0.13445378151260504
protein_0136,protein_0272,0.14556962025316456
protein_0136,protein_0273,0.140625
protein_0136,protein_0274,0.14388489208633093
protein_0136,protein_0275,0.16
protein_0136,protein_0276,0.13675213675213677
protein_0136,protein_0278,0.09166666666666666
protein_0136,protein_0279,0.15833333333333333
protein_0136,protein_0280,0.15126050420168066
protein_0136,protein_0281,0.112
protein_0136,protein_0284,0.17094017094017094
protein_0136,protein_0285,0.1487603305785124
protein_0136,protein_0286,0.1694915254237288
protein_0136,protein_0288,0.15126050420168066
protein_0136,protein_0289,0.15126050420168066
protein_0136,protein_0290,0.1746031746031746
protein_0136,protein_0291,0.1484375
protein_0136,protein_0292,0.14655172413793102
protein_0136,protein_0293,0.17037037037037037
protein_0136,protein_0294,0.1484375
protein_0136,protein_0295,0.16379310344827586
protein_0136,protein_0296,0.3448275862068966
protein_0136,protein_0297,0.13793103448275862
protein_0136,protein_0298,0.14655172413793102
protein_0136,protein_0300,0.125
protein_0136,protein_0301,0.13740458015267176
protein_0136,protein_0302,0.1506849315068493
protein_0136,protein_0303,0.13675213675213677
protein_0136,protein_0304,0.14655172413793102
protein_0136,protein_0305,0.13953488372093023
protein_0136,protein_0306,0.6837606837606838
protein_0136,protein_0307,0.4322033898305085
protein_0136,protein_0308,0.2845528455284553
protein_0136,protein_0309,0.12142857142857143
protein_0136,protein_0310,0.184
protein_0136,protein_0311,0.1557377049180328
protein_0136,protein_0312,0.12605042016806722
protein_0136,protein_0313,0.17054263565891473
protein_0136,protein_0314,0.11538461538461539
protein_0136,protein_0315,0.4083333333333333
protein_0136,protein_0316,0.1206896551724138
protein_0136,protein_0317,0.168
protein_0136,protein_0318,0.16279069767441862
protein_0136,protein_0319,0.11666666666666667
protein_0136,protein_0320,0.16101694915254236
protein_0136,protein_0321,0.1111111111111111
protein_0136,protein_0322,0.1557377049180328
protein_0136,protein_0323,0.1487603305785124
protein_0136,protein_0324,0.1896551724137931
protein_0136,protein_0326,0.13675213675213677
protein_0136,protein_0328,0.16806722689075632
protein_0136,protein_0329,0.16806722689075632
protein_0136,protein_0330,0.12396694214876033
protein_0136,protein_0331,0.1810344827586207
protein_0136,protein_0332,0.176
protein_0136,protein_0333,0.1774193548387097
protein_0136,protein_0334,0.15833333333333333
protein_0136,protein_0335,0.18548387096774194
protein_0136,protein_0336,0.14655172413793102
protein_0136,protein_0337,0.1484375
protein_0136,protein_0338,0.12396694214876033
protein_0136,protein_0339,0.14655172413793102
protein_0136,protein_0340,0.14634146341463414
protein_0136,protein_0341,0.1732283464566929
protein_0136,protein_0342,0.14285714285714285
protein_0136,protein_0343,0.1322314049586777
protein_0136,protein_0344,0.11764705882352941
protein_0136,protein_0345,0.1271186440677966
protein_0136,protein_0346,0.1271186440677966
protein_0136,protein_0347,0.14655172413793102
protein_0136,protein_0348,0.32786885245901637
protein_0136,protein_0349,0.18032786885245902
protein_0136,protein_0351,0.15
protein_0136,protein_0352,0.13793103448275862
protein_0136,protein_0353,0.13953488372093023
protein_0136,protein_0354,0.11206896551724138
protein_0136,protein_0355,0.16911764705882354
protein_0136,protein_0356,0.17094017094017094
protein_0136,protein_0358,0.12605042016806722
protein_0136,protein_0359,0.39669421487603307
protein_0136,protein_0361,0.41025641025641024
protein_0136,protein_0363,0.12195121951219512
protein_0136,protein_0364,0.11206896551724138
protein_0136,protein_0365,0.13709677419354838
protein_0136,protein_0366,0.13709677419354838
protein_0136,protein_0367,0.176
protein_0136,protein_0369,0.15384615384615385
protein_0136,protein_0370,0.11764705882352941
protein_0136,protein_0371,0.14166666666666666
protein_0136,protein_0372,0.11160714285714286
protein_0136,protein_0373,0.19047619047619047
protein_0136,protein_0374,0.4017094017094017
protein_0136,protein_0375,0.09243697478991597
protein_0136,protein_0376,0.15079365079365079
protein_0136,protein_0377,0.1452991452991453
protein_0136,protein_0379,0.1349206349206349
protein_0136,protein_0380,0.1349206349206349
protein_0136,protein_0381,0.1349206349206349
protein_0136,protein_0382,0.19230769230769232
protein_0136,protein_0383,0.14655172413793102
protein_0136,protein_0385,0.168
protein_0136,protein_0386,0.144
protein_0136,protein_0387,0.5042735042735043
protein_0136,protein_0388,0.13445378151260504
protein_0136,protein_0389,0.10344827586206896
protein_0136,protein_0390,0.1557377049180328
protein_0136,protein_0391,0.13559322033898305
protein_0136,protein_0393,0.15384615384615385
protein_0136,protein_0394,0.33613445378151263
protein_0136,protein_0395,0.13934426229508196
protein_0136,protein_0396,0.23728813559322035
protein_0136,protein_0397,0.1328125
protein_0136,protein_0398,0.171875
protein_0136,protein_0399,0.14655172413793102
protein_0154,protein_0000,0.14606741573033707
protein_0154,protein_0001,0.14639953542392567
protein_0154,protein_0003,0.16483516483516483
protein_0154,protein_0004,0.18181818181818182
protein_0154,protein_0005,0.17777777777777778
protein_0154,protein_0006,0.17045454545454544
protein_0154,protein_0007,0.17059620596205963
protein_0154,protein_0008,0.18811881188118812
protein_0154,protein_0009,0.15789473684210525
protein_0154,protein_0010,0.16666666666666666
protein_0154,protein_0012,0.19318181818181818
protein_0154,protein_0013,0.1375
protein_0154,protein_0014,0.1659906544272872
protein_0154,protein_0015,0.15315315315315314
protein_0154,protein_0016,0.19
protein_0154,protein_0017,0.17054263565891473
protein_0154,protein_0018,0.23333333333333334
protein_0154,protein_0019,0.16580031916706692
protein_0154,protein_0020,0.22988505747126436
protein_0154,protein_0021,0.1553398058252427
protein_0154,protein_0022,0.13460566228513648
protein_0154,protein_0023,0.18734733756717148
protein_0154,protein_0024,0.1452991452991453
protein_0154,protein_0025,0.2159090909090909
protein_0154,protein_0027,0.16636798088410992
protein_0154,protein_0028,0.1782178217821782
protein_0154,protein_0029,0.15671565276828434
protein_0154,protein_0030,0.15447154471544716
protein_0154,protein_0031,0.14705882352941177
protein_0154,protein_0032,0.1875
protein_0154,protein_0033,0.1702127659574468
protein_0154,protein_0034,0.16666666666666666
protein_0154,protein_0035,0.15151515151515152
protein_0154,protein_0036,0.15875449690169416
protein_0154,protein_0037,0.17587552634281606
protein_0154,protein_0039,0.16666666666666666
protein_0154,protein_0040,0.19318181818181818
protein_0154,protein_0041,0.19387755102040816
protein_0154,protein_0042,0.1511627906976744
protein_0154,protein_0043,0.16853932584269662
protein_0154,protein_0044,0.19101123595505617
protein_0154,protein_0045,0.2087912087912088
protein_0154,protein_0046,0.15619965477560416
protein_0154,protein_0047,0.1958762886597938
protein_0154,protein_0048,0.16666666666666666
protein_0154,protein_0049,0.16091954022988506
protein_0154,protein_0050,0.19801980198019803
protein_0154,protein_0051,0.15688632355299023
protein_0154,protein_0052,0.21348314606741572
protein_0154,protein_0053,0.18181818181818182
protein_0154,protein_0054,0.15384615384615385
protein_0154,protein_0055,0.1452991452991453
protein_0154,protein_0056,0.15939660003736222
protein_0154,protein_0057,0.16544412945901252
protein_0154,protein_0058,0.1625
protein_0154,protein_0059,0.21875
protein_0154,protein_0060,0.15809968847352024
protein_0154,protein_0061,0.19101123595505617
protein_0154,protein_0062,0.2159090909090909
protein_0154,protein_0063,0.107981220657277
protein_0154,protein_0064,0.18681318681318682
protein_0154,protein_0065,0.17475728155339806
protein_0154,protein_0066,0.18269230769230768
protein_0154,protein_0067,0.15555555555555556
protein_0154,protein_0068,0.1702127659574468
protein_0154,protein_0069,0.15555555555555556
protein_0154,protein_0070,0.21978021978021978
protein_0154,protein_0071,0.23595505617977527
protein_0154,protein_0072,0.1506073872829369
protein_0154,protein_0073,0.16091954022988506
protein_0154,protein_0074,0.19148936170212766
protein_0154,protein_0075,0.16985968699406367
protein_0154,protein_0076,0.15584415584415584
protein_0154,protein_0077,0.16853932584269662
protein_0154,protein_0078,0.16363636363636364
protein_0154,protein_0079,0.16363636363636364
protein_0154,protein_0080,0.20224719101123595
protein_0154,protein_0081,0.19101123595505617
protein_0154,protein_0082,0.16346153846153846
protein_0154,protein_0083,0.20224719101123595
protein_0154,protein_0084,0.18948202959830868
protein_0154,protein_0085,0.14814814814814814
protein_0154,protein_0086,0.1388888888888889
protein_0154,protein_0087,0.1350844277673546
protein_0154,protein_0088,0.20833333333333334
protein_0154,protein_0089,0.1564085093496858
protein_0154,protein_0090,0.16086956521739132
protein_0154,protein_0091,0.1504424778761062
protein_0154,protein_0092,0.1504424778761062
protein_0154,protein_0093,0.1595744680851064
protein_0154,protein_0094,0.17094017094017094
protein_0154,protein_0095,0.15708505115284777
protein_0154,protein_0096,0.16346153846153846
protein_0154,protein_0097,0.15730337078651685
protein_0154,protein_0098,0.19101123595505617
protein_0154,protein_0099,0.15535444947209653
protein_0154,protein_0100,0.18964368964368963
protein_0154,protein_0101,0.16091954022988506
protein_0154,protein_0102,0.18888888888888888
protein_0154,protein_0103,0.2
protein_0154,protein_0104,0.15
protein_0154,protein_0105,0.17721518987341772
protein_0154,protein_0106,0.15620994160376014
protein_0154,protein_0107,0.19791666666666666
protein_0154,protein_0108,0.1724137931034483
protein_0154,protein_0109,0.13854608718273906
protein_0154,protein_0110,0.1590909090909091
protein_0154,protein_0111,0.16091954022988506
protein_0154,protein_0113,0.1590909090909091
protein_0154,protein_0114,0.17346938775510204
protein_0154,protein_0116,0.15846615846615847
protein_0154,protein_0118,0.1716269841269841
protein_0154,protein_0119,0.18
protein_0154,protein_0121,0.2159090909090909
protein_0154,protein_0122,0.16428571428571428
protein_0154,protein_0123,0.15901797175866494
protein_0154,protein_0124,0.19318181818181818
protein_0154,protein_0125,0.18181818181818182
protein_0154,protein_0126,0.1782178217821782
protein_0154,protein_0127,0.19101123595505617
protein_0154,protein_0128,0.19101123595505617
protein_0154,protein_0130,0.14782608695652172
protein_0154,protein_0131,0.1427789078391488
protein_0154,protein_0132,0.16071428571428573
protein_0154,protein_0133,0.16071428571428573
protein_0154,protein_0134,0.24719101123595505
protein_0154,protein_0135,0.16853932584269662
protein_0154,protein_0137,0.15384615384615385
protein_0154,protein_0138,0.15384615384615385
protein_0154,protein_0139,0.16480903063181543
protein_0154,protein_0140,0.18888888888888888
protein_0154,protein_0141,0.16949404761904763
protein_0154,protein_0142,0.17045454545454544
protein_0154,protein_0143,0.17582417582417584
protein_0154,protein_0144,0.22340425531914893
protein_0154,protein_0145,0.16327294105071882
protein_0154,protein_0146,0.14102564102564102
protein_0154,protein_0147,0.18556701030927836
protein_0154,protein_0148,0.14606741573033707
protein_0154,protein_0149,0.15526079611445465
protein_0154,protein_0150,0.2087912087912088
protein_0154,protein_0151,0.17582417582417584
protein_0154,protein_0152,0.14476778365667253
protein_0154,protein_0153,0.8611300979722033
protein_0154,protein_0155,0.16666666666666666
protein_0154,protein_0156,0.175
protein_0154,protein_0157,0.17894736842105263
protein_0154,protein_0158,0.1688543003851091
protein_0154,protein_0159,0.19101123595505617
protein_0154,protein_0160,0.20212765957446807
protein_0154,protein_0161,0.15384615384615385
protein_0154,protein_0162,0.2073170731707317
protein_0154,protein_0163,0.17307692307692307
protein_0154,protein_0165,0.12504162504162505
protein_0154,protein_0166,0.18888888888888888
protein_0154,protein_0167,0.12393262828045437
protein_0154,protein_0168,0.1453023832483813
protein_0154,protein_0169,0.13846153846153847
protein_0154,protein_0170,0.18888888888888888
protein_0154,protein_0171,0.17582417582417584
protein_0154,protein_0172,0.1440677966101695
protein_0154,protein_0173,0.2159090909090909
protein_0154,protein_0174,0.18888888888888888
protein_0154,protein_0175,0.20224719101123595
protein_0154,protein_0176,0.1688908514048343
protein_0154,protein_0177,0.15446890507866115
protein_0154,protein_0178,0.19130434782608696
protein_0154,protein_0180,0.13793103448275862
protein_0154,protein_0181,0.19148936170212766
protein_0154,protein_0182,0.21052631578947367
protein_0154,protein_0184,0.20224719101123595
protein_0154,protein_0186,0.17117117117117117
protein_0154,protein_0187,0.2
protein_0154,protein_0188,0.1534837885853875
protein_0154,protein_0189,0.1956521739130435
protein_0154,protein_0190,0.23595505617977527
protein_0154,protein_0191,0.1724137931034483
protein_0154,protein_0192,0.2
protein_0154,protein_0193,0.2222222222222222
protein_0154,protein_0194,0.2
protein_0154,protein_0195,0.2087912087912088
protein_0154,protein_0196,0.2087912087912088
protein_0154,protein_0198,0.17582417582417584
protein_0154,protein_0200,0.15789473684210525
protein_0154,protein_0201,0.16981132075471697
protein_0154,protein_0202,0.17525773195876287
protein_0154,protein_0205,0.11848341232227488
protein_0154,protein_0206,0.1956521739130435
protein_0154,protein_0207,0.15254237288135594
protein_0154,protein_0208,0.1133524206142634
protein_0154,protein_0209,0.19791666666666666
protein_0154,protein_0210,0.17391304347826086
protein_0154,protein_0212,0.1518987341772152
protein_0154,protein_0213,0.19
protein_0154,protein_0214,0.18518518518518517
protein_0154,protein_0215,0.1518987341772152
protein_0154,protein_0216,0.16494845360824742
protein_0154,protein_0217,0.1348314606741573
protein_0154,protein_0218,0.13385826771653545
protein_0154,protein_0219,0.184
protein_0154,protein_0220,0.16129032258064516
protein_0154,protein_0221,0.14285714285714285
protein_0154,protein_0223,0.15789473684210525
protein_0154,protein_0225,0.2
protein_0154,protein_0226,0.1782178217821782
protein_0154,protein_0227,0.2
protein_0154,protein_0228,0.1611111111111111
protein_0154,protein_0229,0.18823529411764706
protein_0154,protein_0230,0.20454545454545456
protein_0154,protein_0231,0.2391304347826087
protein_0154,protein_0232,0.1635655496766608
protein_0154,protein_0233,0.18110236220472442
protein_0154,protein_0235,0.15176548967355097
protein_0154,protein_0236,0.13990032955550197
protein_0154,protein_0238,0.14393939393939395
protein_0154,protein_0239,0.20618556701030927
protein_0154,protein_0240,0.2111111111111111
protein_0154,protein_0241,0.23157894736842105
protein_0154,protein_0242,0.14346225813747868
protein_0154,protein_0243,0.20224719101123595
protein_0154,protein_0244,0.11915015790984783
protein_0154,protein_0245,0.13655487438394037
protein_0154,protein_0246,0.1875
protein_0154,protein_0247,0.2741263658985178
protein_0154,protein_0248,0.16666666666666666
protein_0154,protein_0249,0.20224719101123595
protein_0154,protein_0250,0.17142857142857143
protein_0154,protein_0251,0.20430107526881722
protein_0154,protein_0252,0.18085106382978725
protein_0154,protein_0254,0.16760224538893345
protein_0154,protein_0255,0.11046511627906977
protein_0154,protein_0256,0.1388888888888889
protein_0154,protein_0257,0.1388888888888889
protein_0154,protein_0258,0.2159090909090909
protein_0154,protein_0259,0.16286454773296877
protein_0154,protein_0260,0.16286454773296877
protein_0154,protein_0261,0.18867924528301888
protein_0154,protein_0262,0.17647058823529413
protein_0154,protein_0263,0.1323529411764706
protein_0154,protein_0264,0.16853932584269662
protein_0154,protein_0265,0.16853932584269662
protein_0154,protein_0266,0.18241758241758244
protein_0154,protein_0267,0.18181818181818182
protein_0154,protein_0268,0.19318181818181818
protein_0154,protein_0269,0.13559322033898305
protein_0154,protein_0270,0.21518987341772153
protein_0154,protein_0271,0.14694092827004218
protein_0154,protein_0272,0.15677257525083613
protein_0154,protein_0273,0.13957426221577163
protein_0154,protein_0274,0.14606741573033707
protein_0154,protein_0275,0.1650485436893204
protein_0154,protein_0276,0.16853932584269662
protein_0154,protein_0278,0.17708333333333334
protein_0154,protein_0279,0.2247191011235955
protein_0154,protein_0280,0.2111111111111111
protein_0154,protein_0281,0.1810344827586207
protein_0154,protein_0284,0.15330117576123004
protein_0154,protein_0285,0.1827956989247312
protein_0154,protein_0286,0.15337000397976008
protein_0154,protein_0288,0.20930232558139536
protein_0154,protein_0289,0.1573447159258169
protein_0154,protein_0290,0.1509433962264151
protein_0154,protein_0291,0.17261904761904762
protein_0154,protein_0292,0.14699387734618088
protein_0154,protein_0293,0.14285714285714285
protein_0154,protein_0294,0.17261904761904762
protein_0154,protein_0295,0.15806277056277054
protein_0154,protein_0296,0.1415929203539823
protein_0154,protein_0297,0.161384677207462
protein_0154,protein_0298,0.14154200230149597
protein_0154,protein_0300,0.143685881778212
protein_0154,protein_0301,0.1452208221967672
protein_0154,protein_0302,0.12385321100917432
protein_0154,protein_0303,0.1724137931034483
protein_0154,protein_0304,0.14295977011494254
protein_0154,protein_0305,0.18298220872298768
protein_0154,protein_0306,0.1452991452991453
protein_0154,protein_0307,0.1694915254237288
protein_0154,protein_0308,0.15517241379310345
protein_0154,protein_0309,0.14444444444444446
protein_0154,protein_0310,0.19
protein_0154,protein_0311,0.2127659574468085
protein_0154,protein_0312,0.1797752808988764
protein_0154,protein_0313,0.1812199036918138
protein_0154,protein_0314,0.1559633027522936
protein_0154,protein_0315,0.14035087719298245
protein_0154,protein_0316,0.14196982736139363
protein_0154,protein_0317,0.16981132075471697
protein_0154,protein_0318,0.1810344827586207
protein_0154,protein_0319,0.20652173913043478
protein_0154,protein_0320,0.19101123595505617
protein_0154,protein_0321,0.18556701030927836
protein_0154,protein_0322,0.17391304347826086
protein_0154,protein_0323,0.21839080459770116
protein_0154,protein_0324,0.16666666666666666
protein_0154,protein_0326,0.21052631578947367
protein_0154,protein_0328,0.1743119266055046
protein_0154,protein_0329,0.1743119266055046
protein_0154,protein_0330,0.1724137931034483
protein_0154,protein_0331,0.1579004329004329
protein_0154,protein_0332,0.15949616421314536
protein_0154,protein_0333,0.1450856332497
protein_0154,protein_0334,0.13541666666666666
protein_0154,protein_0335,0.17592592592592593
protein_0154,protein_0336,0.1530276951963699
protein_0154,protein_0337,0.1466173835125448
protein_0154,protein_0338,0.23076923076923078
protein_0154,protein_0339,0.15904644217897232
protein_0154,protein_0340,0.17
protein_0154,protein_0341,0.1388888888888889
protein_0154,protein_0342,0.16455696202531644
protein_0154,protein_0343,0.12730263157894736
protein_0154,protein_0344,0.1978021978021978
protein_0154,protein_0345,0.16314935064935066
protein_0154,protein_0346,0.16314935064935066
protein_0154,protein_0347,0.16117413499716393
protein_0154,protein_0348,0.1532258064516129
protein_0154,protein_0349,0.1650485436893204
protein_0154,protein_0351,0.21839080459770116
protein_0154,protein_0352,0.13793636082792712
protein_0154,protein_0353,0.14107247223845704
protein_0154,protein_0354,0.18888888888888888
protein_0154,protein_0355,0.14409553295002211
protein_0154,protein_0356,0.1300452146392251
protein_0154,protein_0358,0.1978021978021978
protein_0154,protein_0359,0.16666666666666666
protein_0154,protein_0361,0.1452991452991453
protein_0154,protein_0363,0.16161616161616163
protein_0154,protein_0364,0.16842105263157894
protein_0154,protein_0365,0.1595744680851064
protein_0154,protein_0366,0.15294117647058825
protein_0154,protein_0367,0.18181818181818182
protein_0154,protein_0369,0.1262135922330097
protein_0154,protein_0370,0.1978021978021978
protein_0154,protein_0371,0.1797752808988764
protein_0154,protein_0372,0.11312217194570136
protein_0154,protein_0373,0.17
protein_0154,protein_0374,0.1794871794871795
protein_0154,protein_0375,0.22727272727272727
protein_0154,protein_0376,0.14563106796116504
protein_0154,protein_0377,0.14893617021276595
protein_0154,protein_0379,0.1954452484398038
protein_0154,protein_0380,0.1954452484398038
protein_0154,protein_0381,0.1954452484398038
protein_0154,protein_0382,0.1568627450980392
protein_0154,protein_0383,0.14408145247341878
protein_0154,protein_0385,0.1553398058252427
protein_0154,protein_0386,0.1650485436893204
protein_0154,protein_0387,0.1619047619047619
protein_0154,protein_0388,0.1520895612525289
protein_0154,protein_0389,0.175
protein_0154,protein_0390,0.1935483870967742
protein_0154,protein_0391,0.16666666666666666
protein_0154,protein_0393,0.21052631578947367
protein_0154,protein_0394,0.1896551724137931
protein_0154,protein_0395,0.15053763440860216
protein_0154,protein_0396,0.1724137931034483
protein_0154,protein_0397,0.18181818181818182
protein_0154,protein_0398,0.16379310344827586
protein_0154,protein_0399,0.17708333333333334
protein_0164,protein_0000,0.3333333333333333
protein_0164,protein_0001,0.17045454545454544
protein_0164,protein_0003,0.3448275862068966
protein_0164,protein_0004,0.3218390804597701
protein_0164,protein_0005,0.16326530612244897
protein_0164,protein_0006,0.25
protein_0164,protein_0007,0.18181818181818182
protein_0164,protein_0008,0.15384615384615385
protein_0164,protein_0009,0.20224719101123595
protein_0164,protein_0010,0.2988505747126437
protein_0164,protein_0012,0.27586206896551724
protein_0164,protein_0013,0.22340425531914893
protein_0164,protein_0014,0.19469026548672566
protein_0164,protein_0015,0.1926605504587156
protein_0164,protein_0016,0.22549019607843138
protein_0164,protein_0017,0.12121212121212122
protein_0164,protein_0018,0.27586206896551724
protein_0164,protein_0019,0.1724137931034483
protein_0164,protein_0020,0.4482758620689655
protein_0164,protein_0021,0.13333333333333333
protein_0164,protein_0022,0.15053763440860216
protein_0164,protein_0023,0.13978494623655913
protein_0164,protein_0024,0.1452991452991453
protein_0164,protein_0025,0.449438202247191
protein_0164,protein_0027,0.21296296296296297
protein_0164,protein_0028,0.10784313725490197
protein_0164,protein_0029,0.1590909090909091
protein_0164,protein_0030,0.13076923076923078
protein_0164,protein_0031,0.16346153846153846
protein_0164,protein_0032,0.3218390804597701
protein_0164,protein_0033,0.28735632183908044
protein_0164,protein_0034,0.2988505747126437
protein_0164,protein_0035,0.12121212121212122
protein_0164,protein_0036,0.16091954022988506
protein_0164,protein_0037,0.20689655172413793
protein_0164,protein_0039,0.18681318681318682
protein_0164,protein_0040,0.10752688172043011
protein_0164,protein_0041,0.3448275862068966
protein_0164,protein_0042,0.21348314606741572
protein_0164,protein_0043,0.2988505747126437
protein_0164,protein_0044,0.2988505747126437
protein_0164,protein_0045,0.3333333333333333
protein_0164,protein_0046,0.19540229885057472
protein_0164,protein_0047,0.25287356321839083
protein_0164,protein_0048,0.25287356321839083
protein_0164,protein_0049,0.2413793103448276
protein_0164,protein_0050,0.1188118811881188
protein_0164,protein_0051,0.16304347826086957
protein_0164,protein_0052,0.3563218390804598
protein_0164,protein_0053,0.41379310344827586
protein_0164,protein_0054,0.10256410256410256
protein_0164,protein_0055,0.15126050420168066
protein_0164,protein_0056,0.09615384615384616
protein_0164,protein_0057,0.19318181818181818
protein_0164,protein_0058,0.14942528735632185
protein_0164,protein_0059,0.27586206896551724
protein_0164,protein_0060,0.11428571428571428
protein_0164,protein_0061,0.22826086956521738
protein_0164,protein_0062,0.3563218390804598
protein_0164,protein_0063,0.11818181818181818
protein_0164,protein_0064,0.5340909090909091
protein_0164,protein_0065,0.14423076923076922
protein_0164,protein_0066,0.19801980198019803
protein_0164,protein_0067,0.32222222222222224
protein_0164,protein_0068,0.22988505747126436
protein_0164,protein_0069,0.25287356321839083
protein_0164,protein_0070,0.19540229885057472
protein_0164,protein_0071,0.27586206896551724
protein_0164,protein_0072,0.16483516483516483
protein_0164,protein_0073,0.2777777777777778
protein_0164,protein_0074,0.16666666666666666
protein_0164,protein_0075,0.18518518518518517
protein_0164,protein_0076,0.17045454545454544
protein_0164,protein_0077,0.3563218390804598
protein_0164,protein_0078,0.2
protein_0164,protein_0079,0.2
protein_0164,protein_0080,0.3218390804597701
protein_0164,protein_0081,0.3103448275862069
protein_0164,protein_0082,0.17355371900826447
protein_0164,protein_0083,0.26436781609195403
protein_0164,protein_0084,0.22988505747126436
protein_0164,protein_0085,0.17355371900826447
protein_0164,protein_0086,0.15702479338842976
protein_0164,protein_0087,0.14772727272727273
protein_0164,protein_0088,0.36363636363636365
protein_0164,protein_0089,0.13392857142857142
protein_0164,protein_0090,0.11607142857142858
protein_0164,protein_0091,0.11016949152542373
protein_0164,protein_0092,0.11016949152542373
protein_0164,protein_0093,0.3218390804597701
protein_0164,protein_0094,0.1623931623931624
protein_0164,protein_0095,0.13076923076923078
protein_0164,protein_0096,0.14285714285714285
protein_0164,protein_0097,0.3333333333333333
protein_0164,protein_0098,0.26436781609195403
protein_0164,protein_0099,0.13592233009708737
protein_0164,protein_0100,0.16666666666666666
protein_0164,protein_0101,0.3
protein_0164,protein_0102,0.22988505747126436
protein_0164,protein_0103,0.19540229885057472
protein_0164,protein_0104,0.1557377049180328
protein_0164,protein_0105,0.11494252873563218
protein_0164,protein_0106,0.18181818181818182
protein_0164,protein_0107,0.3258426966292135
protein_0164,protein_0108,0.25
protein_0164,protein_0109,0.14444444444444443
protein_0164,protein_0110,0.25
protein_0164,protein_0111,0.21839080459770116
protein_0164,protein_0113,0.25287356321839083
protein_0164,protein_0114,0.32954545454545453
protein_0164,protein_0116,0.18333333333333332
protein_0164,protein_0118,0.16091954022988506
protein_0164,protein_0119,0.1941747572815534
protein_0164,protein_0121,0.41379310344827586
protein_0164,protein_0122,0.20689655172413793
protein_0164,protein_0123,0.2
protein_0164,protein_0124,0.39080459770114945
protein_0164,protein_0125,0.13861386138613863
protein_0164,protein_0126,0.19607843137254902
protein_0164,protein_0127,0.27586206896551724
protein_0164,protein_0128,0.4367816091954023
protein_0164,protein_0130,0.152
protein_0164,protein_0131,0.10344827586206896
protein_0164,protein_0132,0.19469026548672566
protein_0164,protein_0133,0.19469026548672566
protein_0164,protein_0134,0.27586206896551724
protein_0164,protein_0135,0.45977011494252873
protein_0164,protein_0137,0.14634146341463414
protein_0164,protein_0138,0.14634146341463414
protein_0164,protein_0139,0.1590909090909091
protein_0164,protein_0140,0.27586206896551724
protein_0164,protein_0141,0.20689655172413793
protein_0164,protein_0142,0.28735632183908044
protein_0164,protein_0143,0.28735632183908044
protein_0164,protein_0144,0.28735632183908044
protein_0164,protein_0145,0.14606741573033707
protein_0164,protein_0146,0.12643678160919541
protein_0164,protein_0147,0.3333333333333333
protein_0164,protein_0148,0.3103448275862069
protein_0164,protein_0149,0.17582417582417584
protein_0164,protein_0150,0.3125
protein_0164,protein_0151,0.23076923076923078
protein_0164,protein_0152,0.16091954022988506
protein_0164,protein_0153,0.2
protein_0164,protein_0155,0.2
protein_0164,protein_0156,0.10714285714285714
protein_0164,protein_0157,0.13392857142857142
protein_0164,protein_0158,0.14942528735632185
protein_0164,protein_0159,0.29213483146067415
protein_0164,protein_0160,0.41379310344827586
protein_0164,protein_0161,0.14285714285714285
protein_0164,protein_0162,0.6436781609195402
protein_0164,protein_0163,0.1509433962264151
protein_0164,protein_0165,0.12643678160919541
protein_0164,protein_0166,0.8735632183908046
protein_0164,protein_0167,0.14049586776859505
protein_0164,protein_0168,0.13675213675213677
protein_0164,protein_0169,0.10833333333333334
protein_0164,protein_0170,0.45977011494252873
protein_0164,protein_0171,0.22988505747126436
protein_0164,protein_0172,0.15966386554621848
protein_0164,protein_0173,0.449438202247191
protein_0164,protein_0174,0.45977011494252873
protein_0164,protein_0175,0.42528735632183906
protein_0164,protein_0176,0.1724137931034483
protein_0164,protein_0177,0.13793103448275862
protein_0164,protein_0178,0.12280701754385964
protein_0164,protein_0180,0.21839080459770116
protein_0164,protein_0181,0.3103448275862069
protein_0164,protein_0182,0.40229885057471265
protein_0164,protein_0184,0.4888888888888889
protein_0164,protein_0186,0.16981132075471697
protein_0164,protein_0187,0.41379310344827586
protein_0164,protein_0188,0.1839080459770115
protein_0164,protein_0189,0.29213483146067415
protein_0164,protein_0190,0.2413793103448276
protein_0164,protein_0191,0.3218390804597701
protein_0164,protein_0192,0.632183908045977
protein_0164,protein_0193,0.3333333333333333
protein_0164,protein_0194,0.16091954022988506
protein_0164,protein_0195,0.2988505747126437
protein_0164,protein_0196,0.28735632183908044
protein_0164,protein_0198,0.2988505747126437
protein_0164,protein_0200,0.24719101123595505
protein_0164,protein_0201,0.19811320754716982
protein_0164,protein_0202,0.32954545454545453
protein_0164,protein_0205,0.11267605633802817
protein_0164,protein_0206,0.27586206896551724
protein_0164,protein_0207,0.13178294573643412
protein_0164,protein_0208,0.1509433962264151
protein_0164,protein_0209,0.3103448275862069
protein_0164,protein_0210,0.29545454545454547
protein_0164,protein_0212,0.17204301075268819
protein_0164,protein_0213,0.3707865168539326
protein_0164,protein_0214,0.11956521739130435
protein_0164,protein_0215,0.12871287128712872
protein_0164,protein_0216,0.19230769230769232
protein_0164,protein_0217,0.12222222222222222
protein_0164,protein_0218,0.15555555555555556
protein_0164,protein_0219,0.1487603305785124
protein_0164,protein_0220,0.5227272727272727
protein_0164,protein_0221,0.10112359550561797
protein_0164,protein_0223,0.14772727272727273
protein_0164,protein_0225,0.14285714285714285
protein_0164,protein_0226,0.16326530612244897
protein_0164,protein_0227,0.10869565217391304
protein_0164,protein_0228,0.21052631578947367
protein_0164,protein_0229,0.14130434782608695
protein_0164,protein_0230,0.22340425531914893
protein_0164,protein_0231,0.3448275862068966
protein_0164,protein_0232,0.1724137931034483
protein_0164,protein_0233,0.15151515151515152
protein_0164,protein_0235,0.19811320754716982
protein_0164,protein_0236,0.2413793103448276
protein_0164,protein_0238,0.10526315789473684
protein_0164,protein_0239,0.4827586206896552
protein_0164,protein_0240,0.4827586206896552
protein_0164,protein_0241,0.4482758620689655
protein_0164,protein_0242,0.14942528735632185
protein_0164,protein_0243,0.4482758620689655
protein_0164,protein_0244,0.1724137931034483
protein_0164,protein_0245,0.11504424778761062
protein_0164,protein_0246,0.13861386138613863
protein_0164,protein_0247,0.2111111111111111
protein_0164,protein_0248,0.41379310344827586
protein_0164,protein_0249,0.4888888888888889
protein_0164,protein_0250,0.1568627450980392
protein_0164,protein_0251,0.125
protein_0164,protein_0252,0.24468085106382978
protein_0164,protein_0254,0.14772727272727273
protein_0164,protein_0255,0.12138728323699421
protein_0164,protein_0256,0.13725490196078433
protein_0164,protein_0257,0.14705882352941177
protein_0164,protein_0258,0.2777777777777778
protein_0164,protein_0259,0.18181818181818182
protein_0164,protein_0260,0.18181818181818182
protein_0164,protein_0261,0.15841584158415842
protein_0164,protein_0262,0.15827338129496402
protein_0164,protein_0263,0.145985401459854
protein_0164,protein_0264,0.3103448275862069
protein_0164,protein_0265,0.3103448275862069
protein_0164,protein_0266,0.18446601941747573
protein_0164,protein_0267,0.2087912087912088
protein_0164,protein_0268,0.16304347826086957
protein_0164,protein_0269,0.13675213675213677
protein_0164,protein_0270,0.1724137931034483
protein_0164,protein_0271,0.1724137931034483
protein_0164,protein_0272,0.2413793103448276
protein_0164,protein_0273,0.25287356321839083
protein_0164,protein_0274,0.23333333333333334
protein_0164,protein_0275,0.12871287128712872
protein_0164,protein_0276,0.3333333333333333
protein_0164,protein_0278,0.18888888888888888
protein_0164,protein_0279,0.4367816091954023
protein_0164,protein_0280,0.42528735632183906
protein_0164,protein_0281,0.14912280701754385
protein_0164,protein_0284,0.20689655172413793
protein_0164,protein_0285,0.28735632183908044
protein_0164,protein_0286,0.14285714285714285
protein_0164,protein_0288,0.6206896551724138
protein_0164,protein_0289,0.16091954022988506
protein_0164,protein_0290,0.16346153846153846
protein_0164,protein_0291,0.20689655172413793
protein_0164,protein_0292,0.16091954022988506
protein_0164,protein_0293,0.23863636363636365
protein_0164,protein_0294,0.20689655172413793
protein_0164,protein_0295,0.1348314606741573
protein_0164,protein_0296,0.12931034482758622
protein_0164,protein_0297,0.13793103448275862
protein_0164,protein_0298,0.13793103448275862
protein_0164,protein_0300,0.17204301075268819
protein_0164,protein_0301,0.17777777777777778
protein_0164,protein_0302,0.11981566820276497
protein_0164,protein_0303,0.21839080459770116
protein_0164,protein_0304,0.1839080459770115
protein_0164,protein_0305,0.16666666666666666
protein_0164,protein_0306,0.15126050420168066
protein_0164,protein_0307,0.176
protein_0164,protein_0308,0.12173913043478261
protein_0164,protein_0309,0.1595744680851064
protein_0164,protein_0310,0.125
protein_0164,protein_0311,0.41379310344827586
protein_0164,protein_0312,0.3448275862068966
protein_0164,protein_0313,0.3
protein_0164,protein_0314,0.18
protein_0164,protein_0315,0.18699186991869918
protein_0164,protein_0316,0.14942528735632185
protein_0164,protein_0317,0.14563106796116504
protein_0164,protein_0318,0.13157894736842105
protein_0164,protein_0319,0.28735632183908044
protein_0164,protein_0320,0.4942528735632184
protein_0164,protein_0321,0.21505376344086022
protein_0164,protein_0322,0.3793103448275862
protein_0164,protein_0323,0.27586206896551724
protein_0164,protein_0324,0.15053763440860216
protein_0164,protein_0326,0.1875
protein_0164,protein_0328,0.16393442622950818
protein_0164,protein_0329,0.16393442622950818
protein_0164,protein_0330,0.2413793103448276
protein_0164,protein_0331,0.14772727272727273
protein_0164,protein_0332,0.1724137931034483
protein_0164,protein_0333,0.25287356321839083
protein_0164,protein_0334,0.23076923076923078
protein_0164,protein_0335,0.16
protein_0164,protein_0336,0.16666666666666666
protein_0164,protein_0337,0.20689655172413793
protein_0164,protein_0338,0.2840909090909091
protein_0164,protein_0339,0.14772727272727273
protein_0164,protein_0340,0.1792452830188679
protein_0164,protein_0341,0.21568627450980393
protein_0164,protein_0342,0.19540229885057472
protein_0164,protein_0343,0.16091954022988506
protein_0164,protein_0344,0.3448275862068966
protein_0164,protein_0345,0.1557377049180328
protein_0164,protein_0346,0.1557377049180328
protein_0164,protein_0347,0.1590909090909091
protein_0164,protein_0348,0.18333333333333332
protein_0164,protein_0349,0.16
protein_0164,protein_0351,0.25287356321839083
protein_0164,protein_0352,0.12643678160919541
protein_0164,protein_0353,0.1721311475409836
protein_0164,protein_0354,0.1839080459770115
protein_0164,protein_0355,0.22988505747126436
protein_0164,protein_0356,0.17777777777777778
protein_0164,protein_0358,0.3448275862068966
protein_0164,protein_0359,0.13008130081300814
protein_0164,protein_0361,0.13675213675213677
protein_0164,protein_0363,0.23863636363636365
protein_0164,protein_0364,0.23863636363636365
protein_0164,protein_0365,0.19540229885057472
protein_0164,protein_0366,0.19540229885057472
protein_0164,protein_0367,0.1523809523809524
protein_0164,protein_0369,0.14893617021276595
protein_0164,protein_0370,0.3448275862068966
protein_0164,protein_0371,0.3333333333333333
protein_0164,protein_0372,0.1187214611872146
protein_0164,protein_0373,0.16346153846153846
protein_0164,protein_0374,0.1092436974789916
protein_0164,protein_0375,0.3258426966292135
protein_0164,protein_0376,0.1651376146788991
protein_0164,protein_0377,0.5
protein_0164,protein_0379,0.18085106382978725
protein_0164,protein_0380,0.18085106382978725
protein_0164,protein_0381,0.18085106382978725
protein_0164,protein_0382,0.28735632183908044
protein_0164,protein_0383,0.16091954022988506
protein_0164,protein_0385,0.1588785046728972
protein_0164,protein_0386,0.20952380952380953
protein_0164,protein_0387,0.125
protein_0164,protein_0388,0.16853932584269662
protein_0164,protein_0389,0.16483516483516483
protein_0164,protein_0390,0.3103448275862069
protein_0164,protein_0391,0.21739130434782608
protein_0164,protein_0393,0.4606741573033708
protein_0164,protein_0394,0.13043478260869565
protein_0164,protein_0395,0.22340425531914893
protein_0164,protein_0396,0.176
protein_0164,protein_0397,0.4367816091954023
protein_0164,protein_0398,0.16806722689075632
protein_0164,protein_0399,0.3103448275862069
protein_0179,protein_0000,0.13559322033898305
protein_0179,protein_0001,0.14912280701754385
protein_0179,protein_0003,0.10619469026548672
protein_0179,protein_0004,0.14655172413793102
protein_0179,protein_0005,0.16521739130434782
protein_0179,protein_0006,0.12389380530973451
protein_0179,protein_0007,0.17699115044247787
protein_0179,protein_0008,0.19230769230769232
protein_0179,protein_0009,0.13793103448275862
protein_0179,protein_0010,0.09734513274336283
protein_0179,protein_0012,0.13043478260869565
protein_0179,protein_0013,0.09649122807017543
protein_0179,protein_0014,0.18803418803418803
protein_0179,protein_0015,0.144
protein_0179,protein_0016,0.19230769230769232
protein_0179,protein_0017,0.14666666666666667
protein_0179,protein_0018,0.16101694915254236
protein_0179,protein_0019,0.1504424778761062
protein_0179,protein_0020,0.22033898305084745
protein_0179,protein_0021,0.12389380530973451
protein_0179,protein_0022,0.1623931623931624
protein_0179,protein_0023,0.13333333333333333
protein_0179,protein_0024,0.35294117647058826
protein_0179,protein_0025,0.15789473684210525
protein_0179,protein_0027,0.15966386554621848
protein_0179,protein_0028,0.18803418803418803
protein_0179,protein_0029,0.1592920353982301
protein_0179,protein_0030,0.256198347107438
protein_0179,protein_0031,0.1640625
protein_0179,protein_0032,0.19130434782608696
protein_0179,protein_0033,0.16806722689075632
protein_0179,protein_0034,0.19491525423728814
protein_0179,protein_0035,0.371900826446281
protein_0179,protein_0036,0.1415929203539823
protein_0179,protein_0037,0.14166666666666666
protein_0179,protein_0039,0.17094017094017094
protein_0179,protein_0040,0.10619469026548672
protein_0179,protein_0041,0.16666666666666666
protein_0179,protein_0042,0.16521739130434782
protein_0179,protein_0043,0.17699115044247787
protein_0179,protein_0044,0.17699115044247787
protein_0179,protein_0045,0.13793103448275862
protein_0179,protein_0046,0.1504424778761062
protein_0179,protein_0047,0.1592920353982301
protein_0179,protein_0048,0.1504424778761062
protein_0179,protein_0049,0.20353982300884957
protein_0179,protein_0050,0.1076923076923077
protein_0179,protein_0051,0.1504424778761062
protein_0179,protein_0052,0.1826086956521739
protein_0179,protein_0053,0.17094017094017094
protein_0179,protein_0054,0.3644067796610169
protein_0179,protein_0055,0.36885245901639346
protein_0179,protein_0056,0.14782608695652175
protein_0179,protein_0057,0.168141592920354
protein_0179,protein_0058,0.13274336283185842
protein_0179,protein_0059,0.1592920353982301
protein_0179,protein_0060,0.17699115044247787
protein_0179,protein_0061,0.12389380530973451
protein_0179,protein_0062,0.1565217391304348
protein_0179,protein_0063,0.12206572769953052
protein_0179,protein_0064,0.13675213675213677
protein_0179,protein_0065,0.11538461538461539
protein_0179,protein_0066,0.15079365079365079
protein_0179,protein_0067,0.13274336283185842
protein_0179,protein_0068,0.18032786885245902
protein_0179,protein_0069,0.17391304347826086
protein_0179,protein_0070,0.125
protein_0179,protein_0071,0.1592920353982301
protein_0179,protein_0072,0.13274336283185842
protein_0179,protein_0073,0.13445378151260504
protein_0179,protein_0074,0.12686567164179105
protein_0179,protein_0075,0.1864406779661017
protein_0179,protein_0076,0.09565217391304348
protein_0179,protein_0077,0.14655172413793102
protein_0179,protein_0078,0.1693548387096774
protein_0179,protein_0079,0.1693548387096774
protein_0179,protein_0080,0.15702479338842976
protein_0179,protein_0081,0.18803418803418803
protein_0179,protein_0082,0.19827586206896552
protein_0179,protein_0083,0.13157894736842105
protein_0179,protein_0084,0.1557377049180328
protein_0179,protein_0085,0.19827586206896552
protein_0179,protein_0086,0.19130434782608696
protein_0179,protein_0087,0.1415929203539823
protein_0179,protein_0088,0.14655172413793102
protein_0179,protein_0089,0.15748031496062992
protein_0179,protein_0090,0.15748031496062992
protein_0179,protein_0091,0.1282051282051282
protein_0179,protein_0092,0.1282051282051282
protein_0179,protein_0093,0.1415929203539823
protein_0179,protein_0094,0.2672413793103448
protein_0179,protein_0095,0.1484375
protein_0179,protein_0096,0.14035087719298245
protein_0179,protein_0097,0.1282051282051282
protein_0179,protein_0098,0.16666666666666666
protein_0179,protein_0099,0.13043478260869565
protein_0179,protein_0100,0.18421052631578946
protein_0179,protein_0101,0.1282051282051282
protein_0179,protein_0102,0.18548387096774194
protein_0179,protein_0103,0.19130434782608696
protein_0179,protein_0104,0.3305785123966942
protein_0179,protein_0105,0.11504424778761062
protein_0179,protein_0106,0.13953488372093023
protein_0179,protein_0107,0.168141592920354
protein_0179,protein_0108,0.1322314049586777
protein_0179,protein_0109,0.1592920353982301
protein_0179,protein_0110,0.1592920353982301
protein_0179,protein_0111,0.13157894736842105
protein_0179,protein_0113,0.1504424778761062
protein_0179,protein_0114,0.168141592920354
protein_0179,protein_0116,0.15447154471544716
protein_0179,protein_0118,0.19491525423728814
protein_0179,protein_0119,0.14049586776859505
protein_0179,protein_0121,0.13274336283185842
protein_0179,protein_0122,0.13934426229508196
protein_0179,protein_0123,0.13445378151260504
protein_0179,protein_0124,0.13274336283185842
protein_0179,protein_0125,0.1565217391304348
protein_0179,protein_0126,0.19230769230769232
protein_0179,protein_0127,0.17699115044247787
protein_0179,protein_0128,0.15789473684210525
protein_0179,protein_0130,0.16535433070866143
protein_0179,protein_0131,0.1415929203539823
protein_0179,protein_0132,0.14782608695652175
protein_0179,protein_0133,0.14782608695652175
protein_0179,protein_0134,0.12389380530973451
protein_0179,protein_0135,0.19827586206896552
protein_0179,protein_0137,0.3728813559322034
protein_0179,protein_0138,0.3728813559322034
protein_0179,protein_0139,0.1415929203539823
protein_0179,protein_0140,0.13934426229508196
protein_0179,protein_0141,0.14166666666666666
protein_0179,protein_0142,0.11504424778761062
protein_0179,protein_0143,0.1694915254237288
protein_0179,protein_0144,0.1694915254237288
protein_0179,protein_0145,0.13274336283185842
protein_0179,protein_0146,0.12173913043478261
protein_0179,protein_0147,0.12931034482758622
protein_0179,protein_0148,0.17647058823529413
protein_0179,protein_0149,0.17391304347826086
protein_0179,protein_0150,0.13559322033898305
protein_0179,protein_0151,0.14754098360655737
protein_0179,protein_0152,0.16521739130434782
protein_0179,protein_0153,0.1565217391304348
protein_0179,protein_0155,0.14393939393939395
protein_0179,protein_0156,0.22131147540983606
protein_0179,protein_0157,0.1592920353982301
protein_0179,protein_0158,0.13274336283185842
protein_0179,protein_0159,0.15517241379310345
protein_0179,protein_0160,0.14912280701754385
protein_0179,protein_0161,0.3728813559322034
protein_0179,protein_0162,0.13274336283185842
protein_0179,protein_0163,0.18487394957983194
protein_0179,protein_0165,0.1504424778761062
protein_0179,protein_0166,0.14912280701754385
protein_0179,protein_0167,0.15447154471544716
protein_0179,protein_0168,0.152
protein_0179,protein_0169,0.30578512396694213
protein_0179,protein_0170,0.16666666666666666
protein_0179,protein_0171,0.16393442622950818
protein_0179,protein_0172,0.32786885245901637
protein_0179,protein_0173,0.1452991452991453
protein_0179,protein_0174,0.12389380530973451
protein_0179,protein_0175,0.16666666666666666
protein_0179,protein_0176,0.17699115044247787
protein_0179,protein_0177,0.1415929203539823
protein_0179,protein_0178,0.9026548672566371
protein_0179,protein_0180,0.1504424778761062
protein_0179,protein_0181,0.12389380530973451
protein_0179,protein_0182,0.18584070796460178
protein_0179,protein_0184,0.1504424778761062
protein_0179,protein_0186,0.152
protein_0179,protein_0187,0.16666666666666666
protein_0179,protein_0188,0.14912280701754385
protein_0179,protein_0189,0.1896551724137931
protein_0179,protein_0190,0.15789473684210525
protein_0179,protein_0191,0.17391304347826086
protein_0179,protein_0192,0.13274336283185842
protein_0179,protein_0193,0.1532258064516129
protein_0179,protein_0194,0.1271186440677966
protein_0179,protein_0195,0.168141592920354
protein_0179,protein_0196,0.1415929203539823
protein_0179,protein_0198,0.15789473684210525
protein_0179,protein_0200,0.17699115044247787
protein_0179,protein_0201,0.16666666666666666
protein_0179,protein_0202,0.15833333333333333
protein_0179,protein_0205,0.11261261261261261
protein_0179,protein_0206,0.13043478260869565
protein_0179,protein_0207,0.3548387096774194
protein_0179,protein_0208,0.21138211382113822
protein_0179,protein_0209,0.17543859649122806
protein_0179,protein_0210,0.1271186440677966
protein_0179,protein_0212,0.19827586206896552
protein_0179,protein_0213,0.13274336283185842
protein_0179,protein_0214,0.13157894736842105
protein_0179,protein_0215,0.11403508771929824
protein_0179,protein_0216,0.16806722689075632
protein_0179,protein_0217,0.168141592920354
protein_0179,protein_0218,0.12121212121212122
protein_0179,protein_0219,0.33884297520661155
protein_0179,protein_0220,0.1794871794871795
protein_0179,protein_0221,0.15517241379310345
protein_0179,protein_0223,0.09482758620689655
protein_0179,protein_0225,0.1415929203539823
protein_0179,protein_0226,0.1504424778761062
protein_0179,protein_0227,0.14035087719298245
protein_0179,protein_0228,0.18032786885245902
protein_0179,protein_0229,0.13274336283185842
protein_0179,protein_0230,0.1206896551724138
protein_0179,protein_0231,0.20353982300884957
protein_0179,protein_0232,0.16666666666666666
protein_0179,protein_0233,0.18518518518518517
protein_0179,protein_0235,0.13043478260869565
protein_0179,protein_0236,0.1437908496732026
protein_0179,protein_0238,0.16666666666666666
protein_0179,protein_0239,0.11864406779661017
protein_0179,protein_0240,0.1504424778761062
protein_0179,protein_0241,0.11666666666666667
protein_0179,protein_0242,0.1206896551724138
protein_0179,protein_0243,0.17391304347826086
protein_0179,protein_0244,0.11504424778761062
protein_0179,protein_0245,0.19083969465648856
protein_0179,protein_0246,0.18421052631578946
protein_0179,protein_0247,0.17094017094017094
protein_0179,protein_0248,0.1810344827586207
protein_0179,protein_0249,0.13157894736842105
protein_0179,protein_0250,0.1440677966101695
protein_0179,protein_0251,0.1504424778761062
protein_0179,protein_0252,0.17699115044247787
protein_0179,protein_0254,0.13274336283185842
protein_0179,protein_0255,0.15204678362573099
protein_0179,protein_0256,0.3644067796610169
protein_0179,protein_0257,0.3813559322033898
protein_0179,protein_0258,0.1415929203539823
protein_0179,protein_0259,0.17543859649122806
protein_0179,protein_0260,0.17543859649122806
protein_0179,protein_0261,0.15517241379310345
protein_0179,protein_0262,0.18125
protein_0179,protein_0263,0.1276595744680851
protein_0179,protein_0264,0.17796610169491525
protein_0179,protein_0265,0.17796610169491525
protein_0179,protein_0266,0.15384615384615385
protein_0179,protein_0267,0.11403508771929824
protein_0179,protein_0268,0.12389380530973451
protein_0179,protein_0269,0.3770491803278688
protein_0179,protein_0270,0.11504424778761062
protein_0179,protein_0271,0.13157894736842105
protein_0179,protein_0272,0.14457831325301204
protein_0179,protein_0273,0.15254237288135594
protein_0179,protein_0274,0.15384615384615385
protein_0179,protein_0275,0.15517241379310345
protein_0179,protein_0276,0.14035087719298245
protein_0179,protein_0278,0.125
protein_0179,protein_0279,0.16521739130434782
protein_0179,protein_0280,0.12931034482758622
protein_0179,protein_0281,0.13934426229508196
protein_0179,protein_0284,0.15
protein_0179,protein_0285,0.1415929203539823
protein_0179,protein_0286,0.1565217391304348
protein_0179,protein_0288,0.1504424778761062
protein_0179,protein_0289,0.1504424778761062
protein_0179,protein_0290,0.16535433070866143
protein_0179,protein_0291,0.1810344827586207
protein_0179,protein_0292,0.1415929203539823
protein_0179,protein_0293,0.13675213675213677
protein_0179,protein_0294,0.1810344827586207
protein_0179,protein_0295,0.1415929203539823
protein_0179,protein_0296,0.2905982905982906
protein_0179,protein_0297,0.1504424778761062
protein_0179,protein_0298,0.1592920353982301
protein_0179,protein_0300,0.16379310344827586
protein_0179,protein_0301,0.16379310344827586
protein_0179,protein_0302,0.13636363636363635
protein_0179,protein_0303,0.11504424778761062
protein_0179,protein_0304,0.13274336283185842
protein_0179,protein_0305,0.15126050420168066
protein_0179,protein_0306,0.36885245901639346
protein_0179,protein_0307,0.40336134453781514
protein_0179,protein_0308,0.3247863247863248
protein_0179,protein_0309,0.16923076923076924
protein_0179,protein_0310,0.12598425196850394
protein_0179,protein_0311,0.168141592920354
protein_0179,protein_0312,0.14655172413793102
protein_0179,protein_0313,0.16101694915254236
protein_0179,protein_0314,0.104
protein_0179,protein_0315,0.3140495867768595
protein_0179,protein_0316,0.13157894736842105
protein_0179,protein_0317,0.1694915254237288
protein_0179,protein_0318,0.1349206349206349
protein_0179,protein_0319,0.168141592920354
protein_0179,protein_0320,0.16379310344827586
protein_0179,protein_0321,0.10526315789473684
protein_0179,protein_0322,0.16101694915254236
protein_0179,protein_0323,0.1206896551724138
protein_0179,protein_0324,0.17355371900826447
protein_0179,protein_0326,0.14912280701754385
protein_0179,protein_0328,0.15447154471544716
protein_0179,protein_0329,0.15447154471544716
protein_0179,protein_0330,0.1592920353982301
protein_0179,protein_0331,0.1415929203539823
protein_0179,protein_0332,0.1951219512195122
protein_0179,protein_0333,0.18181818181818182
protein_0179,protein_0334,0.1452991452991453
protein_0179,protein_0335,0.22413793103448276
protein_0179,protein_0336,0.13274336283185842
protein_0179,protein_0337,0.20175438596491227
protein_0179,protein_0338,0.1391304347826087
protein_0179,protein_0339,0.1504424778761062
protein_0179,protein_0340,0.13740458015267176
protein_0179,protein_0341,0.192
protein_0179,protein_0342,0.1415929203539823
protein_0179,protein_0343,0.13274336283185842
protein_0179,protein_0344,0.175
protein_0179,protein_0345,0.1415929203539823
protein_0179,protein_0346,0.1415929203539823
protein_0179,protein_0347,0.15789473684210525
protein_0179,protein_0348,0.2773109243697479
protein_0179,protein_0349,0.2184873949579832
protein_0179,protein_0351,0.168141592920354
protein_0179,protein_0352,0.13274336283185842
protein_0179,protein_0353,0.17164179104477612
protein_0179,protein_0354,0.14782608695652175
protein_0179,protein_0355,0.20175438596491227
protein_0179,protein_0356,0.14166666666666666
protein_0179,protein_0358,0.15517241379310345
protein_0179,protein_0359,0.36
protein_0179,protein_0361,0.3559322033898305
protein_0179,protein_0363,0.13709677419354838
protein_0179,protein_0364,0.13043478260869565
protein_0179,protein_0365,0.14912280701754385
protein_0179,protein_0366,0.14035087719298245
protein_0179,protein_0367,0.12213740458015267
protein_0179,protein_0369,0.168141592920354
protein_0179,protein_0370,0.175
protein_0179,protein_0371,0.17543859649122806
protein_0179,protein_0372,0.10550458715596331
protein_0179,protein_0373,0.16666666666666666
protein_0179,protein_0374,0.3050847457627119
protein_0179,protein_0375,0.1592920353982301
protein_0179,protein_0376,0.125
protein_0179,protein_0377,0.1391304347826087
protein_0179,protein_0379,0.11764705882352941
protein_0179,protein_0380,0.11764705882352941
protein_0179,protein_0381,0.11764705882352941
protein_0179,protein_0382,0.1810344827586207
protein_0179,protein_0383,0.17543859649122806
protein_0179,protein_0385,0.152
protein_0179,protein_0386,0.1322314049586777
protein_0179,protein_0387,0.3389830508474576
protein_0179,protein_0388,0.17094017094017094
protein_0179,protein_0389,0.13274336283185842
protein_0179,protein_0390,0.1415929203539823
protein_0179,protein_0391,0.10619469026548672
protein_0179,protein_0393,0.13157894736842105
protein_0179,protein_0394,0.3706896551724138
protein_0179,protein_0395,0.11304347826086956
protein_0179,protein_0396,0.3103448275862069
protein_0179,protein_0397,0.14782608695652175
protein_0179,protein_0398,0.1736111111111111
protein_0179,protein_0399,0.1415929203539823
protein_0183,protein_0000,0.14953271028037382
protein_0183,protein_0001,0.1485148514851485
protein_0183,protein_0003,0.15454545454545454
protein_0183,protein_0004,0.18421052631578946
protein_0183,protein_0005,0.1509433962264151
protein_0183,protein_0006,0.14018691588785046
protein_0183,protein_0007,0.17
protein_0183,protein_0008,0.26262626262626265
protein_0183,protein_0009,0.18867924528301888
protein_0183,protein_0010,0.14545454545454545
protein_0183,protein_0012,0.17117117117117117
protein_0183,protein_0013,0.1388888888888889
protein_0183,protein_0014,0.2
protein_0183,protein_0015,0.8383838383838383
protein_0183,protein_0016,0.26262626262626265
protein_0183,protein_0017,0.10852713178294573
protein_0183,protein_0018,0.14563106796116504
protein_0183,protein_0019,0.13
protein_0183,protein_0020,0.16216216216216217
protein_0183,protein_0021,0.18811881188118812
protein_0183,protein_0022,0.16981132075471697
protein_0183,protein_0023,0.19811320754716982
protein_0183,protein_0024,0.1532258064516129
protein_0183,protein_0025,0.19090909090909092
protein_0183,protein_0027,0.1623931623931624
protein_0183,protein_0028,0.11214953271028037
protein_0183,protein_0029,0.16
protein_0183,protein_0030,0.13821138211382114
protein_0183,protein_0031,0.2727272727272727
protein_0183,protein_0032,0.19090909090909092
protein_0183,protein_0033,0.13592233009708737
protein_0183,protein_0034,0.17757009345794392
protein_0183,protein_0035,0.16964285714285715
protein_0183,protein_0036,0.15151515151515152
protein_0183,protein_0037,0.13761467889908258
protein_0183,protein_0039,0.19811320754716982
protein_0183,protein_0040,0.09090909090909091
protein_0183,protein_0041,0.16216216216216217
protein_0183,protein_0042,0.13131313131313133
protein_0183,protein_0043,0.1308411214953271
protein_0183,protein_0044,0.14705882352941177
protein_0183,protein_0045,0.1834862385321101
protein_0183,protein_0046,0.17
protein_0183,protein_0047,0.17699115044247787
protein_0183,protein_0048,0.168141592920354
protein_0183,protein_0049,0.16666666666666666
protein_0183,protein_0050,0.27
protein_0183,protein_0051,0.17647058823529413
protein_0183,protein_0052,0.1782178217821782
protein_0183,protein_0053,0.20388349514563106
protein_0183,protein_0054,0.15503875968992248
protein_0183,protein_0055,0.17355371900826447
protein_0183,protein_0056,0.14634146341463414
protein_0183,protein_0057,0.18
protein_0183,protein_0058,0.10679611650485436
protein_0183,protein_0059,0.1415929203539823
protein_0183,protein_0060,0.1826086956521739
protein_0183,protein_0061,0.14814814814814814
protein_0183,protein_0062,0.18446601941747573
protein_0183,protein_0063,0.11214953271028037
protein_0183,protein_0064,0.1188118811881188
protein_0183,protein_0065,0.2222222222222222
protein_0183,protein_0066,0.13761467889908258
protein_0183,protein_0067,0.14678899082568808
protein_0183,protein_0068,0.15151515151515152
protein_0183,protein_0069,0.1651376146788991
protein_0183,protein_0070,0.12121212121212122
protein_0183,protein_0071,0.14018691588785046
protein_0183,protein_0072,0.1553398058252427
protein_0183,protein_0073,0.1782178217821782
protein_0183,protein_0074,0.21212121212121213
protein_0183,protein_0075,0.13513513513513514
protein_0183,protein_0076,0.12871287128712872
protein_0183,protein_0077,0.18269230769230768
protein_0183,protein_0078,0.17857142857142858
protein_0183,protein_0079,0.17857142857142858
protein_0183,protein_0080,0.12
protein_0183,protein_0081,0.12
protein_0183,protein_0082,0.1452991452991453
protein_0183,protein_0083,0.1650485436893204
protein_0183,protein_0084,0.1568627450980392
protein_0183,protein_0085,0.13675213675213677
protein_0183,protein_0086,0.13675213675213677
protein_0183,protein_0087,0.1414141414141414
protein_0183,protein_0088,0.1941747572815534
protein_0183,protein_0089,0.13675213675213677
protein_0183,protein_0090,0.1415929203539823
protein_0183,protein_0091,0.18461538461538463
protein_0183,protein_0092,0.18461538461538463
protein_0183,protein_0093,0.11
protein_0183,protein_0094,0.14285714285714285
protein_0183,protein_0095,0.1504424778761062
protein_0183,protein_0096,0.23232323232323232
protein_0183,protein_0097,0.1568627450980392
protein_0183,protein_0098,0.14423076923076922
protein_0183,protein_0099,0.12280701754385964
protein_0183,protein_0100,0.1717171717171717
protein_0183,protein_0101,0.18811881188118812
protein_0183,protein_0102,0.1346153846153846
protein_0183,protein_0103,0.15384615384615385
protein_0183,protein_0104,0.152
protein_0183,protein_0105,0.10679611650485436
protein_0183,protein_0106,0.2
protein_0183,protein_0107,0.16666666666666666
protein_0183,protein_0108,0.10784313725490197
protein_0183,protein_0109,0.12121212121212122
protein_0183,protein_0110,0.16981132075471697
protein_0183,protein_0111,0.1592920353982301
protein_0183,protein_0113,0.1782178217821782
protein_0183,protein_0114,0.1743119266055046
protein_0183,protein_0116,0.11764705882352941
protein_0183,protein_0118,0.1717171717171717
protein_0183,protein_0119,0.1559633027522936
protein_0183,protein_0121,0.18867924528301888
protein_0183,protein_0122,0.14678899082568808
protein_0183,protein_0123,0.15
protein_0183,protein_0124,0.18867924528301888
protein_0183,protein_0125,0.24242424242424243
protein_0183,protein_0126,0.24242424242424243
protein_0183,protein_0127,0.20588235294117646
protein_0183,protein_0128,0.15841584158415842
protein_0183,protein_0130,0.1623931623931624
protein_0183,protein_0131,0.1111111111111111
protein_0183,protein_0132,0.17094017094017094
protein_0183,protein_0133,0.17094017094017094
protein_0183,protein_0134,0.1650485436893204
protein_0183,protein_0135,0.1415929203539823
protein_0183,protein_0137,0.17355371900826447
protein_0183,protein_0138,0.17355371900826447
protein_0183,protein_0139,0.1188118811881188
protein_0183,protein_0140,0.1743119266055046
protein_0183,protein_0141,0.1651376146788991
protein_0183,protein_0142,0.14285714285714285
protein_0183,protein_0143,0.1926605504587156
protein_0183,protein_0144,0.16822429906542055
protein_0183,protein_0145,0.19
protein_0183,protein_0146,0.14423076923076922
protein_0183,protein_0147,0.1188118811881188
protein_0183,protein_0148,0.14953271028037382
protein_0183,protein_0149,0.16
protein_0183,protein_0150,0.12149532710280374
protein_0183,protein_0151,0.14414414414414414
protein_0183,protein_0152,0.15384615384615385
protein_0183,protein_0153,0.16666666666666666
protein_0183,protein_0155,0.13559322033898305
protein_0183,protein_0156,0.20535714285714285
protein_0183,protein_0157,0.15151515151515152
protein_0183,protein_0158,0.14
protein_0183,protein_0159,0.12745098039215685
protein_0183,protein_0160,0.20754716981132076
protein_0183,protein_0161,0.1590909090909091
protein_0183,protein_0162,0.1792452830188679
protein_0183,protein_0163,0.10256410256410256
protein_0183,protein_0165,0.1485148514851485
protein_0183,protein_0166,0.1651376146788991
protein_0183,protein_0167,0.19658119658119658
protein_0183,protein_0168,0.19130434782608696
protein_0183,protein_0169,0.152
protein_0183,protein_0170,0.1717171717171717
protein_0183,protein_0171,0.1414141414141414
protein_0183,protein_0172,0.19672131147540983
protein_0183,protein_0173,0.17757009345794392
protein_0183,protein_0174,0.205607476635514
protein_0183,protein_0175,0.205607476635514
protein_0183,protein_0176,0.13131313131313133
protein_0183,protein_0177,0.15151515151515152
protein_0183,protein_0178,0.171875
protein_0183,protein_0180,0.19230769230769232
protein_0183,protein_0181,0.125
protein_0183,protein_0182,0.1509433962264151
protein_0183,protein_0184,0.1111111111111111
protein_0183,protein_0186,0.8686868686868687
protein_0183,protein_0187,0.20909090909090908
protein_0183,protein_0188,0.18181818181818182
protein_0183,protein_0189,0.16346153846153846
protein_0183,protein_0190,0.14285714285714285
protein_0183,protein_0191,0.16216216216216217
protein_0183,protein_0192,0.1650485436893204
protein_0183,protein_0193,0.1308411214953271
protein_0183,protein_0194,0.1111111111111111
protein_0183,protein_0195,0.1592920353982301
protein_0183,protein_0196,0.1504424778761062
protein_0183,protein_0198,0.13861386138613863
protein_0183,protein_0200,0.13761467889908258
protein_0183,protein_0201,0.1111111111111111
protein_0183,protein_0202,0.14814814814814814
protein_0183,protein_0205,0.13679245283018868
protein_0183,protein_0206,0.17117117117117117
protein_0183,protein_0207,0.1875
protein_0183,protein_0208,0.168141592920354
protein_0183,protein_0209,0.14705882352941177
protein_0183,protein_0210,0.16363636363636364
protein_0183,protein_0212,0.13131313131313133
protein_0183,protein_0213,0.13592233009708737
protein_0183,protein_0214,0.1111111111111111
protein_0183,protein_0215,0.16
protein_0183,protein_0216,0.13392857142857142
protein_0183,protein_0217,0.12121212121212122
protein_0183,protein_0218,0.14393939393939395
protein_0183,protein_0219,0.16535433070866143
protein_0183,protein_0220,0.1523809523809524
protein_0183,protein_0221,0.13131313131313133
protein_0183,protein_0223,0.14
protein_0183,protein_0225,0.12871287128712872
protein_0183,protein_0226,0.14953271028037382
protein_0183,protein_0227,0.15
protein_0183,protein_0228,0.10909090909090909
protein_0183,protein_0229,0.16161616161616163
protein_0183,protein_0230,0.14414414414414414
protein_0183,protein_0231,0.13636363636363635
protein_0183,protein_0232,0.1553398058252427
protein_0183,protein_0233,0.14925373134328357
protein_0183,protein_0235,0.1568627450980392
protein_0183,protein_0236,0.1588785046728972
protein_0183,protein_0238,0.17424242424242425
protein_0183,protein_0239,0.17592592592592593
protein_0183,protein_0240,0.18518518518518517
protein_0183,protein_0241,0.16964285714285715
protein_0183,protein_0242,0.18811881188118812
protein_0183,protein_0243,0.19642857142857142
protein_0183,protein_0244,0.1919191919191919
protein_0183,protein_0245,0.1415929203539823
protein_0183,protein_0246,0.24242424242424243
protein_0183,protein_0247,0.16666666666666666
protein_0183,protein_0248,0.1553398058252427
protein_0183,protein_0249,0.16666666666666666
protein_0183,protein_0250,0.1588785046728972
protein_0183,protein_0251,0.16964285714285715
protein_0183,protein_0252,0.16666666666666666
protein_0183,protein_0254,0.1568627450980392
protein_0183,protein_0255,0.0935672514619883
protein_0183,protein_0256,0.17699115044247787
protein_0183,protein_0257,0.17699115044247787
protein_0183,protein_0258,0.1523809523809524
protein_0183,protein_0259,0.16161616161616163
protein_0183,protein_0260,0.16161616161616163
protein_0183,protein_0261,0.24242424242424243
protein_0183,protein_0262,0.13333333333333333
protein_0183,protein_0263,0.10897435897435898
protein_0183,protein_0264,0.18518518518518517
protein_0183,protein_0265,0.18518518518518517
protein_0183,protein_0266,0.1834862385321101
protein_0183,protein_0267,0.1388888888888889
protein_0183,protein_0268,0.16161616161616163
protein_0183,protein_0269,0.1652892561983471
protein_0183,protein_0270,0.14423076923076922
protein_0183,protein_0271,0.12871287128712872
protein_0183,protein_0272,0.1588785046728972
protein_0183,protein_0273,0.17272727272727273
protein_0183,protein_0274,0.13333333333333333
protein_0183,protein_0275,0.26262626262626265
protein_0183,protein_0276,0.14705882352941177
protein_0183,protein_0278,0.13675213675213677
protein_0183,protein_0279,0.1792452830188679
protein_0183,protein_0280,0.1553398058252427
protein_0183,protein_0281,0.15966386554621848
protein_0183,protein_0284,0.14678899082568808
protein_0183,protein_0285,0.17475728155339806
protein_0183,protein_0286,0.15151515151515152
protein_0183,protein_0288,0.1717171717171717
protein_0183,protein_0289,0.14705882352941177
protein_0183,protein_0290,0.10784313725490197
protein_0183,protein_0291,0.16666666666666666
protein_0183,protein_0292,0.18627450980392157
protein_0183,protein_0293,0.18269230769230768
protein_0183,protein_0294,0.16666666666666666
protein_0183,protein_0295,0.16
protein_0183,protein_0296,0.13675213675213677
protein_0183,protein_0297,0.12871287128712872
protein_0183,protein_0298,0.15841584158415842
protein_0183,protein_0300,0.12264150943396226
protein_0183,protein_0301,0.12264150943396226
protein_0183,protein_0302,0.0958904109589041
protein_0183,protein_0303,0.12871287128712872
protein_0183,protein_0304,0.1568627450980392
protein_0183,protein_0305,0.15384615384615385
protein_0183,protein_0306,0.17647058823529413
protein_0183,protein_0307,0.15254237288135594
protein_0183,protein_0308,0.15503875968992248
protein_0183,protein_0309,0.16831683168316833
protein_0183,protein_0310,0.2727272727272727
protein_0183,protein_0311,0.2018348623853211
protein_0183,protein_0312,0.13861386138613863
protein_0183,protein_0313,0.168141592920354
protein_0183,protein_0314,0.125
protein_0183,protein_0315,0.16666666666666666
protein_0183,protein_0316,0.14150943396226415
protein_0183,protein_0317,0.10434782608695652
protein_0183,protein_0318,0.1694915254237288
protein_0183,protein_0319,0.15841584158415842
protein_0183,protein_0320,0.19607843137254902
protein_0183,protein_0321,0.14150943396226415
protein_0183,protein_0322,0.1834862385321101
protein_0183,protein_0323,0.17757009345794392
protein_0183,protein_0324,0.16831683168316833
protein_0183,protein_0326,0.15
protein_0183,protein_0328,0.16964285714285715
protein_0183,protein_0329,0.16964285714285715
protein_0183,protein_0330,0.18
protein_0183,protein_0331,0.16
protein_0183,protein_0332,0.1504424778761062
protein_0183,protein_0333,0.14166666666666666
protein_0183,protein_0334,0.13392857142857142
protein_0183,protein_0335,0.17094017094017094
protein_0183,protein_0336,0.16
protein_0183,protein_0337,0.18018018018018017
protein_0183,protein_0338,0.15384615384615385
protein_0183,protein_0339,0.1414141414141414
protein_0183,protein_0340,0.13043478260869565
protein_0183,protein_0341,0.18181818181818182
protein_0183,protein_0342,0.12871287128712872
protein_0183,protein_0343,0.1346153846153846
protein_0183,protein_0344,0.1650485436893204
protein_0183,protein_0345,0.17543859649122806
protein_0183,protein_0346,0.17543859649122806
protein_0183,protein_0347,0.15151515151515152
protein_0183,protein_0348,0.15966386554621848
protein_0183,protein_0349,0.11666666666666667
protein_0183,protein_0351,0.16831683168316833
protein_0183,protein_0352,0.15151515151515152
protein_0183,protein_0353,0.19166666666666668
protein_0183,protein_0354,0.14953271028037382
protein_0183,protein_0355,0.2018348623853211
protein_0183,protein_0356,0.14
protein_0183,protein_0358,0.1650485436893204
protein_0183,protein_0359,0.14634146341463414
protein_0183,protein_0361,0.17829457364341086
protein_0183,protein_0363,0.17592592592592593
protein_0183,protein_0364,0.13761467889908258
protein_0183,protein_0365,0.14814814814814814
protein_0183,protein_0366,0.14814814814814814
protein_0183,protein_0367,0.23232323232323232
protein_0183,protein_0369,0.12745098039215685
protein_0183,protein_0370,0.1650485436893204
protein_0183,protein_0371,0.15454545454545454
protein_0183,protein_0372,0.12727272727272726
protein_0183,protein_0373,0.12037037037037036
protein_0183,protein_0374,0.13675213675213677
protein_0183,protein_0375,0.14953271028037382
protein_0183,protein_0376,0.26262626262626265
protein_0183,protein_0377,0.1111111111111111
protein_0183,protein_0379,0.19
protein_0183,protein_0380,0.19
protein_0183,protein_0381,0.19
protein_0183,protein_0382,0.1346153846153846
protein_0183,protein_0383,0.1919191919191919
protein_0183,protein_0385,0.8888888888888888
protein_0183,protein_0386,0.08928571428571429
protein_0183,protein_0387,0.12612612612612611
protein_0183,protein_0388,0.13131313131313133
protein_0183,protein_0389,0.12121212121212122
protein_0183,protein_0390,0.16363636363636364
protein_0183,protein_0391,0.19811320754716982
protein_0183,protein_0393,0.16666666666666666
protein_0183,protein_0394,0.14285714285714285
protein_0183,protein_0395,0.16822429906542055
protein_0183,protein_0396,0.11864406779661017
protein_0183,protein_0397,0.16666666666666666
protein_0183,protein_0398,0.15966386554621848
protein_0183,protein_0399,0.14563106796116504
protein_0185,protein_0000,0.14736842105263157
protein_0185,protein_0001,0.1744186046511628
protein_0185,protein_0003,0.1595744680851064
protein_0185,protein_0004,0.16326530612244897
protein_0185,protein_0005,0.24175824175824176
protein_0185,protein_0006,0.21359223300970873
protein_0185,protein_0007,0.20454545454545456
protein_0185,protein_0008,0.16822429906542055
protein_0185,protein_0009,0.18681318681318682
protein_0185,protein_0010,0.16326530612244897
protein_0185,protein_0012,0.21428571428571427
protein_0185,protein_0013,0.1590909090909091
protein_0185,protein_0014,0.17
protein_0185,protein_0015,0.2222222222222222
protein_0185,protein_0016,0.18269230769230768
protein_0185,protein_0017,0.14393939393939395
protein_0185,protein_0018,0.18888888888888888
protein_0185,protein_0019,0.20224719101123595
protein_0185,protein_0020,0.23469387755102042
protein_0185,protein_0021,0.19318181818181818
protein_0185,protein_0022,0.2079207920792079
protein_0185,protein_0023,0.19387755102040816
protein_0185,protein_0024,0.125
protein_0185,protein_0025,0.15053763440860216
protein_0185,protein_0027,0.1935483870967742
protein_0185,protein_0028,0.1262135922330097
protein_0185,protein_0029,0.14942528735632185
protein_0185,protein_0030,0.10084033613445378
protein_0185,protein_0031,0.20192307692307693
protein_0185,protein_0032,0.22
protein_0185,protein_0033,0.2222222222222222
protein_0185,protein_0034,0.19801980198019803
protein_0185,protein_0035,0.13636363636363635
protein_0185,protein_0036,0.18947368421052632
protein_0185,protein_0037,0.20408163265306123
protein_0185,protein_0039,0.1978021978021978
protein_0185,protein_0040,0.11627906976744186
protein_0185,protein_0041,0.20408163265306123
protein_0185,protein_0042,0.21428571428571427
protein_0185,protein_0043,0.16494845360824742
protein_0185,protein_0044,0.18181818181818182
protein_0185,protein_0045,0.16666666666666666
protein_0185,protein_0046,0.19318181818181818
protein_0185,protein_0047,0.21212121212121213
protein_0185,protein_0048,0.20202020202020202
protein_0185,protein_0049,0.16326530612244897
protein_0185,protein_0050,0.13
protein_0185,protein_0051,0.17777777777777778
protein_0185,protein_0052,0.19
protein_0185,protein_0053,0.21052631578947367
protein_0185,protein_0054,0.1271186440677966
protein_0185,protein_0055,0.1092436974789916
protein_0185,protein_0056,0.125
protein_0185,protein_0057,0.20454545454545456
protein_0185,protein_0058,0.10465116279069768
protein_0185,protein_0059,0.1368421052631579
protein_0185,protein_0060,0.08256880733944955
protein_0185,protein_0061,0.18556701030927836
protein_0185,protein_0062,0.15306122448979592
protein_0185,protein_0063,0.1308411214953271
protein_0185,protein_0064,0.2
protein_0185,protein_0065,0.13592233009708737
protein_0185,protein_0066,0.13636363636363635
protein_0185,protein_0067,0.15151515151515152
protein_0185,protein_0068,0.15730337078651685
protein_0185,protein_0069,0.14772727272727273
protein_0185,protein_0070,0.15217391304347827
protein_0185,protein_0071,0.14130434782608695
protein_0185,protein_0072,0.1797752808988764
protein_0185,protein_0073,0.19
protein_0185,protein_0074,0.15789473684210525
protein_0185,protein_0075,0.1958762886597938
protein_0185,protein_0076,0.10465116279069768
protein_0185,protein_0077,0.17142857142857143
protein_0185,protein_0078,0.14563106796116504
protein_0185,protein_0079,0.14563106796116504
protein_0185,protein_0080,0.20202020202020202
protein_0185,protein_0081,0.15789473684210525
protein_0185,protein_0082,0.128
protein_0185,protein_0083,0.19811320754716982
protein_0185,protein_0084,0.21904761904761905
protein_0185,protein_0085,0.128
protein_0185,protein_0086,0.128
protein_0185,protein_0087,0.13793103448275862
protein_0185,protein_0088,0.15217391304347827
protein_0185,protein_0089,0.16101694915254236
protein_0185,protein_0090,0.17094017094017094
protein_0185,protein_0091,0.1794871794871795
protein_0185,protein_0092,0.1794871794871795
protein_0185,protein_0093,0.13333333333333333
protein_0185,protein_0094,0.14782608695652175
protein_0185,protein_0095,0.17094017094017094
protein_0185,protein_0096,0.14285714285714285
protein_0185,protein_0097,0.15625
protein_0185,protein_0098,0.17894736842105263
protein_0185,protein_0099,0.14953271028037382
protein_0185,protein_0100,0.1744186046511628
protein_0185,protein_0101,0.19
protein_0185,protein_0102,0.18947368421052632
protein_0185,protein_0103,0.18181818181818182
protein_0185,protein_0104,0.1111111111111111
protein_0185,protein_0105,0.12643678160919541
protein_0185,protein_0106,0.13274336283185842
protein_0185,protein_0107,0.17894736842105263
protein_0185,protein_0108,0.21212121212121213
protein_0185,protein_0109,0.19101123595505617
protein_0185,protein_0110,0.1836734693877551
protein_0185,protein_0111,0.15730337078651685
protein_0185,protein_0113,0.15217391304347827
protein_0185,protein_0114,0.16304347826086957
protein_0185,protein_0116,0.18421052631578946
protein_0185,protein_0118,0.15730337078651685
protein_0185,protein_0119,0.14545454545454545
protein_0185,protein_0121,0.23469387755102042
protein_0185,protein_0122,0.19626168224299065
protein_0185,protein_0123,0.14285714285714285
protein_0185,protein_0124,0.16666666666666666
protein_0185,protein_0125,0.13131313131313133
protein_0185,protein_0126,0.18269230769230768
protein_0185,protein_0127,0.1836734693877551
protein_0185,protein_0128,0.20408163265306123
protein_0185,protein_0130,0.175
protein_0185,protein_0131,0.18604651162790697
protein_0185,protein_0132,0.12844036697247707
protein_0185,protein_0133,0.12844036697247707
protein_0185,protein_0134,0.21428571428571427
protein_0185,protein_0135,0.2127659574468085
protein_0185,protein_0137,0.16101694915254236
protein_0185,protein_0138,0.16101694915254236
protein_0185,protein_0139,0.16279069767441862
protein_0185,protein_0140,0.12087912087912088
protein_0185,protein_0141,0.19626168224299065
protein_0185,protein_0142,0.14583333333333334
protein_0185,protein_0143,0.16129032258064516
protein_0185,protein_0144,0.17204301075268819
protein_0185,protein_0145,0.15730337078651685
protein_0185,protein_0146,0.18181818181818182
protein_0185,protein_0147,0.16842105263157894
protein_0185,protein_0148,0.15789473684210525
protein_0185,protein_0149,0.1744186046511628
protein_0185,protein_0150,0.16494845360824742
protein_0185,protein_0151,0.19387755102040816
protein_0185,protein_0152,0.20454545454545456
protein_0185,protein_0153,0.14606741573033707
protein_0185,protein_0155,0.192
protein_0185,protein_0156,0.11009174311926606
protein_0185,protein_0157,0.1511627906976744
protein_0185,protein_0158,0.1744186046511628
protein_0185,protein_0159,0.14893617021276595
protein_0185,protein_0160,0.1368421052631579
protein_0185,protein_0161,0.1271186440677966
protein_0185,protein_0162,0.20224719101123595
protein_0185,protein_0163,0.14285714285714285
protein_0185,protein_0165,0.16304347826086957
protein_0185,protein_0166,0.18947368421052632
protein_0185,protein_0167,0.12280701754385964
protein_0185,protein_0168,0.13157894736842105
protein_0185,protein_0169,0.12931034482758622
protein_0185,protein_0170,0.13043478260869565
protein_0185,protein_0171,0.16853932584269662
protein_0185,protein_0172,0.13333333333333333
protein_0185,protein_0173,0.19387755102040816
protein_0185,protein_0174,0.12087912087912088
protein_0185,protein_0175,0.12631578947368421
protein_0185,protein_0176,0.1839080459770115
protein_0185,protein_0177,0.15730337078651685
protein_0185,protein_0178,0.1415929203539823
protein_0185,protein_0180,0.1958762886597938
protein_0185,protein_0181,0.16161616161616163
protein_0185,protein_0182,0.17582417582417584
protein_0185,protein_0184,0.1414141414141414
protein_0185,protein_0186,0.1919191919191919
protein_0185,protein_0187,0.12631578947368421
protein_0185,protein_0188,0.16279069767441862
protein_0185,protein_0189,0.19101123595505617
protein_0185,protein_0190,0.1919191919191919
protein_0185,protein_0191,0.20202020202020202
protein_0185,protein_0192,0.18681318681318682
protein_0185,protein_0193,0.22448979591836735
protein_0185,protein_0194,0.15384615384615385
protein_0185,protein_0195,0.1836734693877551
protein_0185,protein_0196,0.16326530612244897
protein_0185,protein_0198,0.20408163265306123
protein_0185,protein_0200,0.16326530612244897
protein_0185,protein_0201,0.136
protein_0185,protein_0202,0.13541666666666666
protein_0185,protein_0205,0.14691943127962084
protein_0185,protein_0206,0.21428571428571427
protein_0185,protein_0207,0.13675213675213677
protein_0185,protein_0208,0.14705882352941177
protein_0185,protein_0209,0.18181818181818182
protein_0185,protein_0210,0.19387755102040816
protein_0185,protein_0212,0.17391304347826086
protein_0185,protein_0213,0.19387755102040816
protein_0185,protein_0214,0.08139534883720931
protein_0185,protein_0215,0.1348314606741573
protein_0185,protein_0216,0.11214953271028037
protein_0185,protein_0217,0.20224719101123595
protein_0185,protein_0218,0.1349206349206349
protein_0185,protein_0219,0.10084033613445378
protein_0185,protein_0220,0.17346938775510204
protein_0185,protein_0221,0.11627906976744186
protein_0185,protein_0223,0.11627906976744186
protein_0185,protein_0225,0.2087912087912088
protein_0185,protein_0226,0.24444444444444444
protein_0185,protein_0227,0.11494252873563218
protein_0185,protein_0228,0.16666666666666666
protein_0185,protein_0229,0.13333333333333333
protein_0185,protein_0230,0.19
protein_0185,protein_0231,0.13043478260869565
protein_0185,protein_0232,0.16279069767441862
protein_0185,protein_0233,0.14728682170542637
protein_0185,protein_0235,0.18811881188118812
protein_0185,protein_0236,0.11578947368421053
protein_0185,protein_0238,0.12878787878787878
protein_0185,protein_0239,0.1368421052631579
protein_0185,protein_0240,0.10869565217391304
protein_0185,protein_0241,0.16
protein_0185,protein_0242,0.13186813186813187
protein_0185,protein_0243,0.12087912087912088
protein_0185,protein_0244,0.21839080459770116
protein_0185,protein_0245,0.13392857142857142
protein_0185,protein_0246,0.14736842105263157
protein_0185,protein_0247,0.20689655172413793
protein_0185,protein_0248,0.15789473684210525
protein_0185,protein_0249,0.1368421052631579
protein_0185,protein_0250,0.18085106382978725
protein_0185,protein_0251,0.23595505617977527
protein_0185,protein_0252,0.23333333333333334
protein_0185,protein_0254,0.23595505617977527
protein_0185,protein_0255,0.11560693641618497
protein_0185,protein_0256,0.17475728155339806
protein_0185,protein_0257,0.20388349514563106
protein_0185,protein_0258,0.13333333333333333
protein_0185,protein_0259,0.18181818181818182
protein_0185,protein_0260,0.18181818181818182
protein_0185,protein_0261,0.1485148514851485
protein_0185,protein_0262,0.1223021582733813
protein_0185,protein_0263,0.10294117647058823
protein_0185,protein_0264,0.15217391304347827
protein_0185,protein_0265,0.15217391304347827
protein_0185,protein_0266,0.23529411764705882
protein_0185,protein_0267,0.14
protein_0185,protein_0268,0.12790697674418605
protein_0185,protein_0269,0.1452991452991453
protein_0185,protein_0270,0.15217391304347827
protein_0185,protein_0271,0.16129032258064516
protein_0185,protein_0272,0.16304347826086957
protein_0185,protein_0273,0.16304347826086957
protein_0185,protein_0274,0.2
protein_0185,protein_0275,0.14563106796116504
protein_0185,protein_0276,0.15306122448979592
protein_0185,protein_0278,0.18095238095238095
protein_0185,protein_0279,0.15384615384615385
protein_0185,protein_0280,0.16
protein_0185,protein_0281,0.125
protein_0185,protein_0284,0.21495327102803738
protein_0185,protein_0285,0.19387755102040816
protein_0185,protein_0286,0.18888888888888888
protein_0185,protein_0288,0.18181818181818182
protein_0185,protein_0289,0.13953488372093023
protein_0185,protein_0290,0.1619047619047619
protein_0185,protein_0291,0.1978021978021978
protein_0185,protein_0292,0.17894736842105263
protein_0185,protein_0293,0.15306122448979592
protein_0185,protein_0294,0.1978021978021978
protein_0185,protein_0295,0.1511627906976744
protein_0185,protein_0296,0.1623931623931624
protein_0185,protein_0297,0.17045454545454544
protein_0185,protein_0298,0.20689655172413793
protein_0185,protein_0300,0.25
protein_0185,protein_0301,0.23255813953488372
protein_0185,protein_0302,0.13302752293577982
protein_0185,protein_0303,0.17582417582417584
protein_0185,protein_0304,0.14130434782608695
protein_0185,protein_0305,0.17391304347826086
protein_0185,protein_0306,0.1092436974789916
protein_0185,protein_0307,0.12605042016806722
protein_0185,protein_0308,0.109375
protein_0185,protein_0309,0.20618556701030927
protein_0185,protein_0310,0.18181818181818182
protein_0185,protein_0311,0.20408163265306123
protein_0185,protein_0312,0.21428571428571427
protein_0185,protein_0313,0.1588785046728972
protein_0185,protein_0314,0.1553398058252427
protein_0185,protein_0315,0.14035087719298245
protein_0185,protein_0316,0.16483516483516483
protein_0185,protein_0317,0.13008130081300814
protein_0185,protein_0318,0.17829457364341086
protein_0185,protein_0319,0.20202020202020202
protein_0185,protein_0320,0.20408163265306123
protein_0185,protein_0321,0.12359550561797752
protein_0185,protein_0322,0.16494845360824742
protein_0185,protein_0323,0.1414141414141414
protein_0185,protein_0324,0.19318181818181818
protein_0185,protein_0326,0.14772727272727273
protein_0185,protein_0328,0.12727272727272726
protein_0185,protein_0329,0.12727272727272726
protein_0185,protein_0330,0.1836734693877551
protein_0185,protein_0331,0.1511627906976744
protein_0185,protein_0332,0.2
protein_0185,protein_0333,0.1588785046728972
protein_0185,protein_0334,0.14678899082568808
protein_0185,protein_0335,0.12903225806451613
protein_0185,protein_0336,0.13793103448275862
protein_0185,protein_0337,0.1643835616438356
protein_0185,protein_0338,0.22826086956521738
protein_0185,protein_0339,0.1839080459770115
protein_0185,protein_0340,0.15789473684210525
protein_0185,protein_0341,0.17272727272727273
protein_0185,protein_0342,0.16279069767441862
protein_0185,protein_0343,0.14942528735632185
protein_0185,protein_0344,0.18085106382978725
protein_0185,protein_0345,0.14655172413793102
protein_0185,protein_0346,0.14655172413793102
protein_0185,protein_0347,0.18604651162790697
protein_0185,protein_0348,0.10434782608695652
protein_0185,protein_0349,0.125
protein_0185,protein_0351,0.14285714285714285
protein_0185,protein_0352,0.16853932584269662
protein_0185,protein_0353,0.1391304347826087
protein_0185,protein_0354,0.125
protein_0185,protein_0355,0.15702479338842976
protein_0185,protein_0356,0.1744186046511628
protein_0185,protein_0358,0.19148936170212766
protein_0185,protein_0359,0.15
protein_0185,protein_0361,0.10256410256410256
protein_0185,protein_0363,0.21153846153846154
protein_0185,protein_0364,0.13186813186813187
protein_0185,protein_0365,0.18181818181818182
protein_0185,protein_0366,0.1717171717171717
protein_0185,protein_0367,0.20388349514563106
protein_0185,protein_0369,0.17582417582417584
protein_0185,protein_0370,0.18085106382978725
protein_0185,protein_0371,0.1836734693877551
protein_0185,protein_0372,0.11363636363636363
protein_0185,protein_0373,0.10714285714285714
protein_0185,protein_0374,0.128
protein_0185,protein_0375,0.18947368421052632
protein_0185,protein_0376,0.1782178217821782
protein_0185,protein_0377,0.12643678160919541
protein_0185,protein_0379,0.24489795918367346
protein_0185,protein_0380,0.24489795918367346
protein_0185,protein_0381,0.24489795918367346
protein_0185,protein_0382,0.16129032258064516
protein_0185,protein_0383,0.13953488372093023
protein_0185,protein_0385,0.20202020202020202
protein_0185,protein_0386,0.09009009009009009
protein_0185,protein_0387,0.16037735849056603
protein_0185,protein_0388,0.14444444444444443
protein_0185,protein_0389,0.16483516483516483
protein_0185,protein_0390,0.1717171717171717
protein_0185,protein_0391,0.18181818181818182
protein_0185,protein_0393,0.12903225806451613
protein_0185,protein_0394,0.15126050420168066
protein_0185,protein_0395,0.14285714285714285
protein_0185,protein_0396,0.1206896551724138
protein_0185,protein_0397,0.1702127659574468
protein_0185,protein_0398,0.12931034482758622
protein_0185,protein_0399,0.22448979591836735
protein_0197,protein_0000,0.3448275862068966
protein_0197,protein_0001,0.13333333333333333
protein_0197,protein_0003,0.3448275862068966
protein_0197,protein_0004,0.3448275862068966
protein_0197,protein_0005,0.15789473684210525
protein_0197,protein_0006,0.4888888888888889
protein_0197,protein_0007,0.1595744680851064
protein_0197,protein_0008,0.16
protein_0197,protein_0009,0.3333333333333333
protein_0197,protein_0010,0.47191011235955055
protein_0197,protein_0012,0.6162790697674418
protein_0197,protein_0013,0.1744186046511628
protein_0197,protein_0014,0.16666666666666666
protein_0197,protein_0015,0.1588785046728972
protein_0197,protein_0016,0.16666666666666666
protein_0197,protein_0017,0.13953488372093023
protein_0197,protein_0018,0.3103448275862069
protein_0197,protein_0019,0.1511627906976744
protein_0197,protein_0020,0.3372093023255814
protein_0197,protein_0021,0.125
protein_0197,protein_0022,0.1326530612244898
protein_0197,protein_0023,0.15151515151515152
protein_0197,protein_0024,0.13076923076923078
protein_0197,protein_0025,0.3333333333333333
protein_0197,protein_0027,0.18478260869565216
protein_0197,protein_0028,0.14953271028037382
protein_0197,protein_0029,0.13793103448275862
protein_0197,protein_0030,0.152
protein_0197,protein_0031,0.13392857142857142
protein_0197,protein_0032,0.3448275862068966
protein_0197,protein_0033,0.5222222222222223
protein_0197,protein_0034,0.5747126436781609
protein_0197,protein_0035,0.1391304347826087
protein_0197,protein_0036,0.1744186046511628
protein_0197,protein_0037,0.21839080459770116
protein_0197,protein_0039,0.3563218390804598
protein_0197,protein_0040,0.046511627906976744
protein_0197,protein_0041,0.3218390804597701
protein_0197,protein_0042,0.22988505747126436
protein_0197,protein_0043,0.2988505747126437
protein_0197,protein_0044,0.2988505747126437
protein_0197,protein_0045,0.3563218390804598
protein_0197,protein_0046,0.13953488372093023
protein_0197,protein_0047,0.5287356321839081
protein_0197,protein_0048,0.5172413793103449
protein_0197,protein_0049,0.5168539325842697
protein_0197,protein_0050,0.0891089108910891
protein_0197,protein_0051,0.16279069767441862
protein_0197,protein_0052,0.3218390804597701
protein_0197,protein_0053,0.367816091954023
protein_0197,protein_0054,0.1282051282051282
protein_0197,protein_0055,0.15079365079365079
protein_0197,protein_0056,0.13861386138613863
protein_0197,protein_0057,0.19318181818181818
protein_0197,protein_0058,0.12790697674418605
protein_0197,protein_0059,0.2988505747126437
protein_0197,protein_0060,0.1650485436893204
protein_0197,protein_0061,0.18888888888888888
protein_0197,protein_0062,0.3103448275862069
protein_0197,protein_0063,0.11267605633802817
protein_0197,protein_0064,0.2988505747126437
protein_0197,protein_0065,0.1414141414141414
protein_0197,protein_0066,0.13
protein_0197,protein_0067,0.5
protein_0197,protein_0068,0.2988505747126437
protein_0197,protein_0069,0.42696629213483145
protein_0197,protein_0070,0.3181818181818182
protein_0197,protein_0071,0.358695652173913
protein_0197,protein_0072,0.1511627906976744
protein_0197,protein_0073,0.358695652173913
protein_0197,protein_0074,0.14583333333333334
protein_0197,protein_0075,0.19607843137254902
protein_0197,protein_0076,0.16853932584269662
protein_0197,protein_0077,0.3333333333333333
protein_0197,protein_0078,0.1320754716981132
protein_0197,protein_0079,0.1320754716981132
protein_0197,protein_0080,0.3563218390804598
protein_0197,protein_0081,0.3218390804597701
protein_0197,protein_0082,0.1206896551724138
protein_0197,protein_0083,0.5172413793103449
protein_0197,protein_0084,0.3218390804597701
protein_0197,protein_0085,0.13793103448275862
protein_0197,protein_0086,0.10344827586206896
protein_0197,protein_0087,0.1744186046511628
protein_0197,protein_0088,0.3448275862068966
protein_0197,protein_0089,0.15517241379310345
protein_0197,protein_0090,0.14655172413793102
protein_0197,protein_0091,0.11403508771929824
protein_0197,protein_0092,0.11403508771929824
protein_0197,protein_0093,0.5232558139534884
protein_0197,protein_0094,0.125
protein_0197,protein_0095,0.15517241379310345
protein_0197,protein_0096,0.1262135922330097
protein_0197,protein_0097,0.3956043956043956
protein_0197,protein_0098,0.3333333333333333
protein_0197,protein_0099,0.10679611650485436
protein_0197,protein_0100,0.17582417582417584
protein_0197,protein_0101,0.3448275862068966
protein_0197,protein_0102,0.31868131868131866
protein_0197,protein_0103,0.21839080459770116
protein_0197,protein_0104,0.144
protein_0197,protein_0105,0.15306122448979592
protein_0197,protein_0106,0.11206896551724138
protein_0197,protein_0107,0.367816091954023
protein_0197,protein_0108,0.23595505617977527
protein_0197,protein_0109,0.1797752808988764
protein_0197,protein_0110,0.46511627906976744
protein_0197,protein_0111,0.3181818181818182
protein_0197,protein_0113,0.5862068965517241
protein_0197,protein_0114,0.3333333333333333
protein_0197,protein_0116,0.12295081967213115
protein_0197,protein_0118,0.18604651162790697
protein_0197,protein_0119,0.12
protein_0197,protein_0121,0.3103448275862069
protein_0197,protein_0122,0.21839080459770116
protein_0197,protein_0123,0.1511627906976744
protein_0197,protein_0124,0.34065934065934067
protein_0197,protein_0125,0.14423076923076922
protein_0197,protein_0126,0.1553398058252427
protein_0197,protein_0127,0.3448275862068966
protein_0197,protein_0128,0.34782608695652173
protein_0197,protein_0130,0.15517241379310345
protein_0197,protein_0131,0.12790697674418605
protein_0197,protein_0132,0.23636363636363636
protein_0197,protein_0133,0.23636363636363636
protein_0197,protein_0134,0.26744186046511625
protein_0197,protein_0135,0.25287356321839083
protein_0197,protein_0137,0.13559322033898305
protein_0197,protein_0138,0.13559322033898305
protein_0197,protein_0139,0.1511627906976744
protein_0197,protein_0140,0.5402298850574713
protein_0197,protein_0141,0.22988505747126436
protein_0197,protein_0142,0.4418604651162791
protein_0197,protein_0143,0.28735632183908044
protein_0197,protein_0144,0.2988505747126437
protein_0197,protein_0145,0.1839080459770115
protein_0197,protein_0146,0.15384615384615385
protein_0197,protein_0147,0.3793103448275862
protein_0197,protein_0148,0.3409090909090909
protein_0197,protein_0149,0.13953488372093023
protein_0197,protein_0150,0.26744186046511625
protein_0197,protein_0151,0.20652173913043478
protein_0197,protein_0152,0.16091954022988506
protein_0197,protein_0153,0.1797752808988764
protein_0197,protein_0155,0.15384615384615385
protein_0197,protein_0156,0.1810344827586207
protein_0197,protein_0157,0.18888888888888888
protein_0197,protein_0158,0.1744186046511628
protein_0197,protein_0159,0.3333333333333333
protein_0197,protein_0160,0.29069767441860467
protein_0197,protein_0161,0.15447154471544716
protein_0197,protein_0162,0.3181818181818182
protein_0197,protein_0163,0.16981132075471697
protein_0197,protein_0165,0.17204301075268819
protein_0197,protein_0166,0.28735632183908044
protein_0197,protein_0167,0.14414414414414414
protein_0197,protein_0168,0.14414414414414414
protein_0197,protein_0169,0.15748031496062992
protein_0197,protein_0170,0.27586206896551724
protein_0197,protein_0171,0.29213483146067415
protein_0197,protein_0172,0.12396694214876033
protein_0197,protein_0173,0.3563218390804598
protein_0197,protein_0174,0.2826086956521739
protein_0197,protein_0175,0.2988505747126437
protein_0197,protein_0176,0.14285714285714285
protein_0197,protein_0177,0.1511627906976744
protein_0197,protein_0178,0.1826086956521739
protein_0197,protein_0180,0.27586206896551724
protein_0197,protein_0181,0.5113636363636364
protein_0197,protein_0182,0.3218390804597701
protein_0197,protein_0184,0.3707865168539326
protein_0197,protein_0186,0.16822429906542055
protein_0197,protein_0187,0.27586206896551724
protein_0197,protein_0188,0.1744186046511628
protein_0197,protein_0189,0.3707865168539326
protein_0197,protein_0190,0.5056179775280899
protein_0197,protein_0191,0.3146067415730337
protein_0197,protein_0192,0.28735632183908044
protein_0197,protein_0193,0.3218390804597701
protein_0197,protein_0194,0.2857142857142857
protein_0197,protein_0195,0.4942528735632184
protein_0197,protein_0196,0.4942528735632184
protein_0197,protein_0198,0.32954545454545453
protein_0197,protein_0200,0.4666666666666667
protein_0197,protein_0201,0.19
protein_0197,protein_0202,0.3793103448275862
protein_0197,protein_0205,0.0947867298578199
protein_0197,protein_0206,0.6067415730337079
protein_0197,protein_0207,0.12
protein_0197,protein_0208,0.1282051282051282
protein_0197,protein_0209,0.3103448275862069
protein_0197,protein_0210,0.29213483146067415
protein_0197,protein_0212,0.14444444444444443
protein_0197,protein_0213,0.41379310344827586
protein_0197,protein_0214,0.08139534883720931
protein_0197,protein_0215,0.14130434782608695
protein_0197,protein_0216,0.16326530612244897
protein_0197,protein_0217,0.18478260869565216
protein_0197,protein_0218,0.1590909090909091
protein_0197,protein_0219,0.14285714285714285
protein_0197,protein_0220,0.27586206896551724
protein_0197,protein_0221,0.10869565217391304
protein_0197,protein_0223,0.1
protein_0197,protein_0225,0.12903225806451613
protein_0197,protein_0226,0.18
protein_0197,protein_0227,0.1797752808988764
protein_0197,protein_0228,0.17894736842105263
protein_0197,protein_0229,0.10989010989010989
protein_0197,protein_0230,0.21978021978021978
protein_0197,protein_0231,0.40229885057471265
protein_0197,protein_0232,0.1839080459770115
protein_0197,protein_0233,0.13178294573643412
protein_0197,protein_0235,0.15625
protein_0197,protein_0236,0.47126436781609193
protein_0197,protein_0238,0.14393939393939395
protein_0197,protein_0239,0.29473684210526313
protein_0197,protein_0240,0.3103448275862069
protein_0197,protein_0241,0.28735632183908044
protein_0197,protein_0242,0.1511627906976744
protein_0197,protein_0243,0.3181818181818182
protein_0197,protein_0244,0.16279069767441862
protein_0197,protein_0245,0.12931034482758622
protein_0197,protein_0246,0.11458333333333333
protein_0197,protein_0247,0.1724137931034483
protein_0197,protein_0248,0.3448275862068966
protein_0197,protein_0249,0.29545454545454547
protein_0197,protein_0250,0.20224719101123595
protein_0197,protein_0251,0.1717171717171717
protein_0197,protein_0252,0.17894736842105263
protein_0197,protein_0254,0.16304347826086957
protein_0197,protein_0255,0.10526315789473684
protein_0197,protein_0256,0.11711711711711711
protein_0197,protein_0257,0.11711711711711711
protein_0197,protein_0258,0.5116279069767442
protein_0197,protein_0259,0.13793103448275862
protein_0197,protein_0260,0.13793103448275862
protein_0197,protein_0261,0.14563106796116504
protein_0197,protein_0262,0.13768115942028986
protein_0197,protein_0263,0.16176470588235295
protein_0197,protein_0264,0.3076923076923077
protein_0197,protein_0265,0.3076923076923077
protein_0197,protein_0266,0.11458333333333333
protein_0197,protein_0267,0.15730337078651685
protein_0197,protein_0268,0.125
protein_0197,protein_0269,0.1271186440677966
protein_0197,protein_0270,0.16842105263157894
protein_0197,protein_0271,0.1744186046511628
protein_0197,protein_0272,0.5977011494252874
protein_0197,protein_0273,0.5862068965517241
protein_0197,protein_0274,0.21348314606741572
protein_0197,protein_0275,0.14563106796116504
protein_0197,protein_0276,0.32954545454545453
protein_0197,protein_0278,0.3333333333333333
protein_0197,protein_0279,0.27586206896551724
protein_0197,protein_0280,0.28735632183908044
protein_0197,protein_0281,0.15384615384615385
protein_0197,protein_0284,0.25287356321839083
protein_0197,protein_0285,0.5632183908045977
protein_0197,protein_0286,0.16279069767441862
protein_0197,protein_0288,0.2988505747126437
protein_0197,protein_0289,0.18604651162790697
protein_0197,protein_0290,0.12745098039215685
protein_0197,protein_0291,0.25274725274725274
protein_0197,protein_0292,0.19318181818181818
protein_0197,protein_0293,0.20454545454545456
protein_0197,protein_0294,0.25274725274725274
protein_0197,protein_0295,0.13953488372093023
protein_0197,protein_0296,0.22123893805309736
protein_0197,protein_0297,0.1511627906976744
protein_0197,protein_0298,0.16279069767441862
protein_0197,protein_0300,0.11827956989247312
protein_0197,protein_0301,0.11827956989247312
protein_0197,protein_0302,0.10599078341013825
protein_0197,protein_0303,0.19767441860465115
protein_0197,protein_0304,0.1839080459770115
protein_0197,protein_0305,0.17307692307692307
protein_0197,protein_0306,0.15079365079365079
protein_0197,protein_0307,0.15447154471544716
protein_0197,protein_0308,0.14782608695652175
protein_0197,protein_0309,0.12121212121212122
protein_0197,protein_0310,0.1568627450980392
protein_0197,protein_0311,0.3333333333333333
protein_0197,protein_0312,0.3448275862068966
protein_0197,protein_0313,0.26595744680851063
protein_0197,protein_0314,0.061224489795918366
protein_0197,protein_0315,0.14782608695652175
protein_0197,protein_0316,0.13953488372093023
protein_0197,protein_0317,0.11764705882352941
protein_0197,protein_0318,0.11965811965811966
protein_0197,protein_0319,0.5517241379310345
protein_0197,protein_0320,0.28735632183908044
protein_0197,protein_0321,0.1978021978021978
protein_0197,protein_0322,0.26136363636363635
protein_0197,protein_0323,0.3333333333333333
protein_0197,protein_0324,0.19767441860465115
protein_0197,protein_0326,0.13793103448275862
protein_0197,protein_0328,0.13043478260869565
protein_0197,protein_0329,0.13043478260869565
protein_0197,protein_0330,0.5888888888888889
protein_0197,protein_0331,0.11627906976744186
protein_0197,protein_0332,0.2696629213483146
protein_0197,protein_0333,0.20689655172413793
protein_0197,protein_0334,0.18888888888888888
protein_0197,protein_0335,0.11214953271028037
protein_0197,protein_0336,0.1511627906976744
protein_0197,protein_0337,0.34065934065934067
protein_0197,protein_0338,0.26436781609195403
protein_0197,protein_0339,0.13793103448275862
protein_0197,protein_0340,0.1346153846153846
protein_0197,protein_0341,0.23529411764705882
protein_0197,protein_0342,0.15730337078651685
protein_0197,protein_0343,0.16483516483516483
protein_0197,protein_0344,0.367816091954023
protein_0197,protein_0345,0.12195121951219512
protein_0197,protein_0346,0.12195121951219512
protein_0197,protein_0347,0.17777777777777778
protein_0197,protein_0348,0.13533834586466165
protein_0197,protein_0349,0.17857142857142858
protein_0197,protein_0351,0.5340909090909091
protein_0197,protein_0352,0.1511627906976744
protein_0197,protein_0353,0.1452991452991453
protein_0197,protein_0354,0.2413793103448276
protein_0197,protein_0355,0.34065934065934067
protein_0197,protein_0356,0.12790697674418605
protein_0197,protein_0358,0.367816091954023
protein_0197,protein_0359,0.15126050420168066
protein_0197,protein_0361,0.13636363636363635
protein_0197,protein_0363,0.25274725274725274
protein_0197,protein_0364,0.25274725274725274
protein_0197,protein_0365,0.25263157894736843
protein_0197,protein_0366,0.2631578947368421
protein_0197,protein_0367,0.16822429906542055
protein_0197,protein_0369,0.13793103448275862
protein_0197,protein_0370,0.367816091954023
protein_0197,protein_0371,0.3522727272727273
protein_0197,protein_0372,0.12844036697247707
protein_0197,protein_0373,0.102803738317757
protein_0197,protein_0374,0.1623931623931624
protein_0197,protein_0375,0.36666666666666664
protein_0197,protein_0376,0.19230769230769232
protein_0197,protein_0377,0.3218390804597701
protein_0197,protein_0379,0.21782178217821782
protein_0197,protein_0380,0.21782178217821782
protein_0197,protein_0381,0.21782178217821782
protein_0197,protein_0382,0.24444444444444444
protein_0197,protein_0383,0.13793103448275862
protein_0197,protein_0385,0.17757009345794392
protein_0197,protein_0386,0.13793103448275862
protein_0197,protein_0387,0.13636363636363635
protein_0197,protein_0388,0.16279069767441862
protein_0197,protein_0389,0.14942528735632185
protein_0197,protein_0390,0.5222222222222223
protein_0197,protein_0391,0.18681318681318682
protein_0197,protein_0393,0.3103448275862069
protein_0197,protein_0394,0.1391304347826087
protein_0197,protein_0395,0.1978021978021978
protein_0197,protein_0396,0.11864406779661017
protein_0197,protein_0397,0.2727272727272727
protein_0197,protein_0398,0.13043478260869565
protein_0197,protein_0399,0.39080459770114945
protein_0199,protein_0000,0.2087912087912088
protein_0199,protein_0001,0.13043478260869565
protein_0199,protein_0003,0.24731182795698925
protein_0199,protein_0004,0.23076923076923078
protein_0199,protein_0005,0.12244897959183673
protein_0199,protein_0006,0.24175824175824176
protein_0199,protein_0007,0.1978021978021978
protein_0199,protein_0008,0.18867924528301888
protein_0199,protein_0009,0.2
protein_0199,protein_0010,0.2553191489361702
protein_0199,protein_0012,0.2
protein_0199,protein_0013,0.10752688172043011
protein_0199,protein_0014,0.17117117117117117
protein_0199,protein_0015,0.1509433962264151
protein_0199,protein_0016,0.1826086956521739
protein_0199,protein_0017,0.1796875
protein_0199,protein_0018,0.2222222222222222
protein_0199,protein_0019,0.16666666666666666
protein_0199,protein_0020,0.25555555555555554
protein_0199,protein_0021,0.20202020202020202
protein_0199,protein_0022,0.12121212121212122
protein_0199,protein_0023,0.17391304347826086
protein_0199,protein_0024,0.15789473684210525
protein_0199,protein_0025,0.2717391304347826
protein_0199,protein_0027,0.16483516483516483
protein_0199,protein_0028,0.11764705882352941
protein_0199,protein_0029,0.14444444444444443
protein_0199,protein_0030,0.1487603305785124
protein_0199,protein_0031,0.1588785046728972
protein_0199,protein_0032,0.2222222222222222
protein_0199,protein_0033,0.18888888888888888
protein_0199,protein_0034,0.2111111111111111
protein_0199,protein_0035,0.1694915254237288
protein_0199,protein_0036,0.14285714285714285
protein_0199,protein_0037,0.25
protein_0199,protein_0039,0.1935483870967742
protein_0199,protein_0040,0.0967741935483871
protein_0199,protein_0041,0.2608695652173913
protein_0199,protein_0042,0.22916666666666666
protein_0199,protein_0043,0.21978021978021978
protein_0199,protein_0044,0.21875
protein_0199,protein_0045,0.26666666666666666
protein_0199,protein_0046,0.2087912087912088
protein_0199,protein_0047,0.18085106382978725
protein_0199,protein_0048,0.17777777777777778
protein_0199,protein_0049,0.22340425531914893
protein_0199,protein_0050,0.1509433962264151
protein_0199,protein_0051,0.19791666666666666
protein_0199,protein_0052,0.2222222222222222
protein_0199,protein_0053,0.2222222222222222
protein_0199,protein_0054,0.13636363636363635
protein_0199,protein_0055,0.13970588235294118
protein_0199,protein_0056,0.14285714285714285
protein_0199,protein_0057,0.1978021978021978
protein_0199,protein_0058,0.17777777777777778
protein_0199,protein_0059,0.22340425531914893
protein_0199,protein_0060,0.17272727272727273
protein_0199,protein_0061,0.34408602150537637
protein_0199,protein_0062,0.17391304347826086
protein_0199,protein_0063,0.10747663551401869
protein_0199,protein_0064,0.22826086956521738
protein_0199,protein_0065,0.16
protein_0199,protein_0066,0.1346153846153846
protein_0199,protein_0067,0.23076923076923078
protein_0199,protein_0068,0.22105263157894736
protein_0199,protein_0069,0.15555555555555556
protein_0199,protein_0070,0.18888888888888888
protein_0199,protein_0071,0.17777777777777778
protein_0199,protein_0072,0.14444444444444443
protein_0199,protein_0073,0.17777777777777778
protein_0199,protein_0074,0.1485148514851485
protein_0199,protein_0075,0.125
protein_0199,protein_0076,0.23076923076923078
protein_0199,protein_0077,0.2
protein_0199,protein_0078,0.1111111111111111
protein_0199,protein_0079,0.1111111111111111
protein_0199,protein_0080,0.2
protein_0199,protein_0081,0.2
protein_0199,protein_0082,0.1504424778761062
protein_0199,protein_0083,0.2087912087912088
protein_0199,protein_0084,0.2222222222222222
protein_0199,protein_0085,0.1415929203539823
protein_0199,protein_0086,0.1592920353982301
protein_0199,protein_0087,0.15555555555555556
protein_0199,protein_0088,0.26666666666666666
protein_0199,protein_0089,0.14912280701754385
protein_0199,protein_0090,0.14782608695652175
protein_0199,protein_0091,0.15
protein_0199,protein_0092,0.15
protein_0199,protein_0093,0.18888888888888888
protein_0199,protein_0094,0.1557377049180328
protein_0199,protein_0095,0.14035087719298245
protein_0199,protein_0096,0.1388888888888889
protein_0199,protein_0097,0.22826086956521738
protein_0199,protein_0098,0.26373626373626374
protein_0199,protein_0099,0.17117117117117117
protein_0199,protein_0100,0.17582417582417584
protein_0199,protein_0101,0.16666666666666666
protein_0199,protein_0102,0.18888888888888888
protein_0199,protein_0103,0.23958333333333334
protein_0199,protein_0104,0.16541353383458646
protein_0199,protein_0105,0.1
protein_0199,protein_0106,0.1440677966101695
protein_0199,protein_0107,0.2967032967032967
protein_0199,protein_0108,0.26595744680851063
protein_0199,protein_0109,0.15555555555555556
protein_0199,protein_0110,0.2111111111111111
protein_0199,protein_0111,0.2
protein_0199,protein_0113,0.2
protein_0199,protein_0114,0.23333333333333334
protein_0199,protein_0116,0.1565217391304348
protein_0199,protein_0118,0.17777777777777778
protein_0199,protein_0119,0.18095238095238095
protein_0199,protein_0121,0.26373626373626374
protein_0199,protein_0122,0.20652173913043478
protein_0199,protein_0123,0.17582417582417584
protein_0199,protein_0124,0.23655913978494625
protein_0199,protein_0125,0.18518518518518517
protein_0199,protein_0126,0.1504424778761062
protein_0199,protein_0127,0.25
protein_0199,protein_0128,0.2111111111111111
protein_0199,protein_0130,0.14912280701754385
protein_0199,protein_0131,0.16483516483516483
protein_0199,protein_0132,0.18018018018018017
protein_0199,protein_0133,0.18018018018018017
protein_0199,protein_0134,0.20430107526881722
protein_0199,protein_0135,0.2
protein_0199,protein_0137,0.16666666666666666
protein_0199,protein_0138,0.16666666666666666
protein_0199,protein_0139,0.1702127659574468
protein_0199,protein_0140,0.2222222222222222
protein_0199,protein_0141,0.25263157894736843
protein_0199,protein_0142,0.2087912087912088
protein_0199,protein_0143,0.25
protein_0199,protein_0144,0.2222222222222222
protein_0199,protein_0145,0.16666666666666666
protein_0199,protein_0146,0.12903225806451613
protein_0199,protein_0147,0.24444444444444444
protein_0199,protein_0148,0.23157894736842105
protein_0199,protein_0149,0.2111111111111111
protein_0199,protein_0150,0.25
protein_0199,protein_0151,0.7
protein_0199,protein_0152,0.15217391304347827
protein_0199,protein_0153,0.17708333333333334
protein_0199,protein_0155,0.11570247933884298
protein_0199,protein_0156,0.14754098360655737
protein_0199,protein_0157,0.14893617021276595
protein_0199,protein_0158,0.17582417582417584
protein_0199,protein_0159,0.21739130434782608
protein_0199,protein_0160,0.21978021978021978
protein_0199,protein_0161,0.12605042016806722
protein_0199,protein_0162,0.24444444444444444
protein_0199,protein_0163,0.16
protein_0199,protein_0165,0.14444444444444443
protein_0199,protein_0166,0.23655913978494625
protein_0199,protein_0167,0.1724137931034483
protein_0199,protein_0168,0.1724137931034483
protein_0199,protein_0169,0.13533834586466165
protein_0199,protein_0170,0.25555555555555554
protein_0199,protein_0171,0.22105263157894736
protein_0199,protein_0172,0.16312056737588654
protein_0199,protein_0173,0.2553191489361702
protein_0199,protein_0174,0.2391304347826087
protein_0199,protein_0175,0.21739130434782608
protein_0199,protein_0176,0.1702127659574468
protein_0199,protein_0177,0.14444444444444443
protein_0199,protein_0178,0.13675213675213677
protein_0199,protein_0180,0.26373626373626374
protein_0199,protein_0181,0.22340425531914893
protein_0199,protein_0182,0.20833333333333334
protein_0199,protein_0184,0.2857142857142857
protein_0199,protein_0186,0.14150943396226415
protein_0199,protein_0187,0.2391304347826087
protein_0199,protein_0188,0.15555555555555556
protein_0199,protein_0189,0.2717391304347826
protein_0199,protein_0190,0.18478260869565216
protein_0199,protein_0191,0.2222222222222222
protein_0199,protein_0192,0.25555555555555554
protein_0199,protein_0193,0.20652173913043478
protein_0199,protein_0194,0.2127659574468085
protein_0199,protein_0195,0.22340425531914893
protein_0199,protein_0196,0.22826086956521738
protein_0199,protein_0198,0.25555555555555554
protein_0199,protein_0200,0.2111111111111111
protein_0199,protein_0201,0.13
protein_0199,protein_0202,0.18478260869565216
protein_0199,protein_0205,0.12796208530805686
protein_0199,protein_0206,0.2111111111111111
protein_0199,protein_0207,0.136
protein_0199,protein_0208,0.11206896551724138
protein_0199,protein_0209,0.2553191489361702
protein_0199,protein_0210,0.2
protein_0199,protein_0212,0.18085106382978725
protein_0199,protein_0213,0.25555555555555554
protein_0199,protein_0214,0.13
protein_0199,protein_0215,0.12222222222222222
protein_0199,protein_0216,0.16831683168316833
protein_0199,protein_0217,0.17894736842105263
protein_0199,protein_0218,0.13768115942028986
protein_0199,protein_0219,0.14285714285714285
protein_0199,protein_0220,0.2
protein_0199,protein_0221,0.14444444444444443
protein_0199,protein_0223,0.12222222222222222
protein_0199,protein_0225,0.14893617021276595
protein_0199,protein_0226,0.17525773195876287
protein_0199,protein_0227,0.16304347826086957
protein_0199,protein_0228,0.18947368421052632
protein_0199,protein_0229,0.21428571428571427
protein_0199,protein_0230,0.32222222222222224
protein_0199,protein_0231,0.1978021978021978
protein_0199,protein_0232,0.14444444444444443
protein_0199,protein_0233,0.1732283464566929
protein_0199,protein_0235,0.19230769230769232
protein_0199,protein_0236,0.17777777777777778
protein_0199,protein_0238,0.1450381679389313
protein_0199,protein_0239,0.29347826086956524
protein_0199,protein_0240,0.2777777777777778
protein_0199,protein_0241,0.2717391304347826
protein_0199,protein_0242,0.14444444444444443
protein_0199,protein_0243,0.2826086956521739
protein_0199,protein_0244,0.16483516483516483
protein_0199,protein_0245,0.175
protein_0199,protein_0246,0.18095238095238095
protein_0199,protein_0247,0.20430107526881722
protein_0199,protein_0248,0.25
protein_0199,protein_0249,0.2967032967032967
protein_0199,protein_0250,0.1368421052631579
protein_0199,protein_0251,0.14285714285714285
protein_0199,protein_0252,0.14893617021276595
protein_0199,protein_0254,0.1111111111111111
protein_0199,protein_0255,0.09770114942528736
protein_0199,protein_0256,0.12844036697247707
protein_0199,protein_0257,0.11926605504587157
protein_0199,protein_0258,0.2087912087912088
protein_0199,protein_0259,0.17777777777777778
protein_0199,protein_0260,0.17777777777777778
protein_0199,protein_0261,0.16037735849056603
protein_0199,protein_0262,0.13768115942028986
protein_0199,protein_0263,0.13138686131386862
protein_0199,protein_0264,0.17777777777777778
protein_0199,protein_0265,0.17777777777777778
protein_0199,protein_0266,0.15217391304347827
protein_0199,protein_0267,0.18681318681318682
protein_0199,protein_0268,0.20212765957446807
protein_0199,protein_0269,0.1440677966101695
protein_0199,protein_0270,0.14130434782608695
protein_0199,protein_0271,0.17525773195876287
protein_0199,protein_0272,0.2111111111111111
protein_0199,protein_0273,0.23076923076923078
protein_0199,protein_0274,0.8131868131868132
protein_0199,protein_0275,0.14150943396226415
protein_0199,protein_0276,0.2127659574468085
protein_0199,protein_0278,0.19148936170212766
protein_0199,protein_0279,0.24175824175824176
protein_0199,protein_0280,0.2391304347826087
protein_0199,protein_0281,0.144
protein_0199,protein_0284,0.21739130434782608
protein_0199,protein_0285,0.2391304347826087
protein_0199,protein_0286,0.18681318681318682
protein_0199,protein_0288,0.2777777777777778
protein_0199,protein_0289,0.2087912087912088
protein_0199,protein_0290,0.14414414414414414
protein_0199,protein_0291,0.23655913978494625
protein_0199,protein_0292,0.17777777777777778
protein_0199,protein_0293,0.7444444444444445
protein_0199,protein_0294,0.23655913978494625
protein_0199,protein_0295,0.16483516483516483
protein_0199,protein_0296,0.125
protein_0199,protein_0297,0.13333333333333333
protein_0199,protein_0298,0.13333333333333333
protein_0199,protein_0300,0.15463917525773196
protein_0199,protein_0301,0.15306122448979592
protein_0199,protein_0302,0.12903225806451613
protein_0199,protein_0303,0.3111111111111111
protein_0199,protein_0304,0.2087912087912088
protein_0199,protein_0305,0.15
protein_0199,protein_0306,0.13970588235294118
protein_0199,protein_0307,0.16260162601626016
protein_0199,protein_0308,0.16521739130434782
protein_0199,protein_0309,0.15151515151515152
protein_0199,protein_0310,0.18867924528301888
protein_0199,protein_0311,0.26373626373626374
protein_0199,protein_0312,0.2111111111111111
protein_0199,protein_0313,0.2111111111111111
protein_0199,protein_0314,0.17757009345794392
protein_0199,protein_0315,0.12598425196850394
protein_0199,protein_0316,0.17777777777777778
protein_0199,protein_0317,0.1588785046728972
protein_0199,protein_0318,0.15833333333333333
protein_0199,protein_0319,0.2
protein_0199,protein_0320,0.26373626373626374
protein_0199,protein_0321,0.3
protein_0199,protein_0322,0.2222222222222222
protein_0199,protein_0323,0.25252525252525254
protein_0199,protein_0324,0.14444444444444443
protein_0199,protein_0326,0.15384615384615385
protein_0199,protein_0328,0.1794871794871795
protein_0199,protein_0329,0.1794871794871795
protein_0199,protein_0330,0.23333333333333334
protein_0199,protein_0331,0.18888888888888888
protein_0199,protein_0332,0.2222222222222222
protein_0199,protein_0333,0.23333333333333334
protein_0199,protein_0334,0.3010752688172043
protein_0199,protein_0335,0.12280701754385964
protein_0199,protein_0336,0.19148936170212766
protein_0199,protein_0337,0.21978021978021978
protein_0199,protein_0338,0.21978021978021978
protein_0199,protein_0339,0.17391304347826086
protein_0199,protein_0340,0.11
protein_0199,protein_0341,0.2
protein_0199,protein_0342,0.13978494623655913
protein_0199,protein_0343,0.2087912087912088
protein_0199,protein_0344,0.18888888888888888
protein_0199,protein_0345,0.16071428571428573
protein_0199,protein_0346,0.16071428571428573
protein_0199,protein_0347,0.16666666666666666
protein_0199,protein_0348,0.15079365079365079
protein_0199,protein_0349,0.1650485436893204
protein_0199,protein_0351,0.18681318681318682
protein_0199,protein_0352,0.14444444444444443
protein_0199,protein_0353,0.15517241379310345
protein_0199,protein_0354,0.19148936170212766
protein_0199,protein_0355,0.22340425531914893
protein_0199,protein_0356,0.1875
protein_0199,protein_0358,0.2
protein_0199,protein_0359,0.1557377049180328
protein_0199,protein_0361,0.15789473684210525
protein_0199,protein_0363,0.22340425531914893
protein_0199,protein_0364,0.24468085106382978
protein_0199,protein_0365,0.3010752688172043
protein_0199,protein_0366,0.2903225806451613
protein_0199,protein_0367,0.18018018018018017
protein_0199,protein_0369,0.15384615384615385
protein_0199,protein_0370,0.18888888888888888
protein_0199,protein_0371,0.2222222222222222
protein_0199,protein_0372,0.0963302752293578
protein_0199,protein_0373,0.1559633027522936
protein_0199,protein_0374,0.1746031746031746
protein_0199,protein_0375,0.22826086956521738
protein_0199,protein_0376,0.1574074074074074
protein_0199,protein_0377,0.2391304347826087
protein_0199,protein_0379,0.14893617021276595
protein_0199,protein_0380,0.14893617021276595
protein_0199,protein_0381,0.14893617021276595
protein_0199,protein_0382,0.23333333333333334
protein_0199,protein_0383,0.16666666666666666
protein_0199,protein_0385,0.1320754716981132
protein_0199,protein_0386,0.1619047619047619
protein_0199,protein_0387,0.15254237288135594
protein_0199,protein_0388,0.18888888888888888
protein_0199,protein_0389,0.14893617021276595
protein_0199,protein_0390,0.23333333333333334
protein_0199,protein_0391,0.3333333333333333
protein_0199,protein_0393,0.3010752688172043
protein_0199,protein_0394,0.14634146341463414
protein_0199,protein_0395,0.27472527472527475
protein_0199,protein_0396,0.11403508771929824
protein_0199,protein_0397,0.2
protein_0199,protein_0398,0.15966386554621848
protein_0199,protein_0399,0.28888888888888886
protein_0203,protein_0000,0.13821138211382114
protein_0203,protein_0001,0.14166666666666666
protein_0203,protein_0003,0.125
protein_0203,protein_0004,0.10256410256410256
protein_0203,protein_0005,0.12295081967213115
protein_0203,protein_0006,0.11965811965811966
protein_0203,protein_0007,0.13559322033898305
protein_0203,protein_0008,0.17094017094017094
protein_0203,protein_0009,0.12903225806451613
protein_0203,protein_0010,0.15254237288135594
protein_0203,protein_0012,0.1282051282051282
protein_0203,protein_0013,0.1794871794871795
protein_0203,protein_0014,0.17073170731707318
protein_0203,protein_0015,0.21008403361344538
protein_0203,protein_0016,0.15625
protein_0203,protein_0017,0.13380281690140844
protein_0203,protein_0018,0.1111111111111111
protein_0203,protein_0019,0.12605042016806722
protein_0203,protein_0020,0.16806722689075632
protein_0203,protein_0021,0.16129032258064516
protein_0203,protein_0022,0.13559322033898305
protein_0203,protein_0023,0.13675213675213677
protein_0203,protein_0024,0.452991452991453
protein_0203,protein_0025,0.11666666666666667
protein_0203,protein_0027,0.13445378151260504
protein_0203,protein_0028,0.11278195488721804
protein_0203,protein_0029,0.1322314049586777
protein_0203,protein_0030,0.30158730158730157
protein_0203,protein_0031,0.1652892561983471
protein_0203,protein_0032,0.13333333333333333
protein_0203,protein_0033,0.1282051282051282
protein_0203,protein_0034,0.1282051282051282
protein_0203,protein_0035,0.48717948717948717
protein_0203,protein_0036,0.13559322033898305
protein_0203,protein_0037,0.1746031746031746
protein_0203,protein_0039,0.13821138211382114
protein_0203,protein_0040,0.17094017094017094
protein_0203,protein_0041,0.1440677966101695
protein_0203,protein_0042,0.14166666666666666
protein_0203,protein_0043,0.1282051282051282
protein_0203,protein_0044,0.11965811965811966
protein_0203,protein_0045,0.13675213675213677
protein_0203,protein_0046,0.13559322033898305
protein_0203,protein_0047,0.17094017094017094
protein_0203,protein_0048,0.17094017094017094
protein_0203,protein_0049,0.15384615384615385
protein_0203,protein_0050,0.15
protein_0203,protein_0051,0.13675213675213677
protein_0203,protein_0052,0.11965811965811966
protein_0203,protein_0053,0.1652892561983471
protein_0203,protein_0054,0.4634146341463415
protein_0203,protein_0055,0.49572649572649574
protein_0203,protein_0056,0.128
protein_0203,protein_0057,0.16101694915254236
protein_0203,protein_0058,0.11570247933884298
protein_0203,protein_0059,0.13559322033898305
protein_0203,protein_0060,0.12903225806451613
protein_0203,protein_0061,0.1282051282051282
protein_0203,protein_0062,0.12698412698412698
protein_0203,protein_0063,0.11764705882352941
protein_0203,protein_0064,0.10256410256410256
protein_0203,protein_0065,0.15447154471544716
protein_0203,protein_0066,0.17886178861788618
protein_0203,protein_0067,0.18487394957983194
protein_0203,protein_0068,0.18333333333333332
protein_0203,protein_0069,0.1864406779661017
protein_0203,protein_0070,0.14516129032258066
protein_0203,protein_0071,0.11965811965811966
protein_0203,protein_0072,0.11570247933884298
protein_0203,protein_0073,0.192
protein_0203,protein_0074,0.1557377049180328
protein_0203,protein_0075,0.1532258064516129
protein_0203,protein_0076,0.14285714285714285
protein_0203,protein_0077,0.17094017094017094
protein_0203,protein_0078,0.18181818181818182
protein_0203,protein_0079,0.18181818181818182
protein_0203,protein_0080,0.12396694214876033
protein_0203,protein_0081,0.11965811965811966
protein_0203,protein_0082,0.16393442622950818
protein_0203,protein_0083,0.08955223880597014
protein_0203,protein_0084,0.13675213675213677
protein_0203,protein_0085,0.1889763779527559
protein_0203,protein_0086,0.17424242424242425
protein_0203,protein_0087,0.1440677966101695
protein_0203,protein_0088,0.14049586776859505
protein_0203,protein_0089,0.17777777777777778
protein_0203,protein_0090,0.17777777777777778
protein_0203,protein_0091,0.15503875968992248
protein_0203,protein_0092,0.15503875968992248
protein_0203,protein_0093,0.1452991452991453
protein_0203,protein_0094,0.3644067796610169
protein_0203,protein_0095,0.17985611510791366
protein_0203,protein_0096,0.13821138211382114
protein_0203,protein_0097,0.10317460317460317
protein_0203,protein_0098,0.13675213675213677
protein_0203,protein_0099,0.10317460317460317
protein_0203,protein_0100,0.14634146341463414
protein_0203,protein_0101,0.2
protein_0203,protein_0102,0.11965811965811966
protein_0203,protein_0103,0.15702479338842976
protein_0203,protein_0104,0.4188034188034188
protein_0203,protein_0105,0.1092436974789916
protein_0203,protein_0106,0.15384615384615385
protein_0203,protein_0107,0.12195121951219512
protein_0203,protein_0108,0.13675213675213677
protein_0203,protein_0109,0.125
protein_0203,protein_0110,0.13934426229508196
protein_0203,protein_0111,0.11764705882352941
protein_0203,protein_0113,0.1282051282051282
protein_0203,protein_0114,0.1111111111111111
protein_0203,protein_0116,0.13178294573643412
protein_0203,protein_0118,0.1452991452991453
protein_0203,protein_0119,0.176
protein_0203,protein_0121,0.16129032258064516
protein_0203,protein_0122,0.144
protein_0203,protein_0123,0.1282051282051282
protein_0203,protein_0124,0.16129032258064516
protein_0203,protein_0125,0.16260162601626016
protein_0203,protein_0126,0.168
protein_0203,protein_0127,0.11965811965811966
protein_0203,protein_0128,0.088
protein_0203,protein_0130,0.17054263565891473
protein_0203,protein_0131,0.11965811965811966
protein_0203,protein_0132,0.1328125
protein_0203,protein_0133,0.1328125
protein_0203,protein_0134,0.15384615384615385
protein_0203,protein_0135,0.12903225806451613
protein_0203,protein_0137,0.3813559322033898
protein_0203,protein_0138,0.3813559322033898
protein_0203,protein_0139,0.11965811965811966
protein_0203,protein_0140,0.10256410256410256
protein_0203,protein_0141,0.15873015873015872
protein_0203,protein_0142,0.1111111111111111
protein_0203,protein_0143,0.16806722689075632
protein_0203,protein_0144,0.16101694915254236
protein_0203,protein_0145,0.15
protein_0203,protein_0146,0.09836065573770492
protein_0203,protein_0147,0.10084033613445378
protein_0203,protein_0148,0.16
protein_0203,protein_0149,0.15447154471544716
protein_0203,protein_0150,0.11475409836065574
protein_0203,protein_0151,0.15748031496062992
protein_0203,protein_0152,0.15254237288135594
protein_0203,protein_0153,0.18032786885245902
protein_0203,protein_0155,0.13385826771653545
protein_0203,protein_0156,0.22033898305084745
protein_0203,protein_0157,0.1452991452991453
protein_0203,protein_0158,0.13559322033898305
protein_0203,protein_0159,0.14285714285714285
protein_0203,protein_0160,0.17094017094017094
protein_0203,protein_0161,0.3697478991596639
protein_0203,protein_0162,0.11965811965811966
protein_0203,protein_0163,0.16
protein_0203,protein_0165,0.1282051282051282
protein_0203,protein_0166,0.1111111111111111
protein_0203,protein_0167,0.16129032258064516
protein_0203,protein_0168,0.16129032258064516
protein_0203,protein_0169,0.36065573770491804
protein_0203,protein_0170,0.14285714285714285
protein_0203,protein_0171,0.17355371900826447
protein_0203,protein_0172,0.42735042735042733
protein_0203,protein_0173,0.136
protein_0203,protein_0174,0.11475409836065574
protein_0203,protein_0175,0.1794871794871795
protein_0203,protein_0176,0.13675213675213677
protein_0203,protein_0177,0.13675213675213677
protein_0203,protein_0178,0.312
protein_0203,protein_0180,0.1452991452991453
protein_0203,protein_0181,0.18487394957983194
protein_0203,protein_0182,0.10256410256410256
protein_0203,protein_0184,0.09322033898305085
protein_0203,protein_0186,0.19166666666666668
protein_0203,protein_0187,0.18032786885245902
protein_0203,protein_0188,0.12605042016806722
protein_0203,protein_0189,0.15
protein_0203,protein_0190,0.13675213675213677
protein_0203,protein_0191,0.14173228346456693
protein_0203,protein_0192,0.1
protein_0203,protein_0193,0.09401709401709402
protein_0203,protein_0194,0.1694915254237288
protein_0203,protein_0195,0.1282051282051282
protein_0203,protein_0196,0.1111111111111111
protein_0203,protein_0198,0.12295081967213115
protein_0203,protein_0200,0.13934426229508196
protein_0203,protein_0201,0.15702479338842976
protein_0203,protein_0202,0.14634146341463414
protein_0203,protein_0205,0.09813084112149532
protein_0203,protein_0206,0.13675213675213677
protein_0203,protein_0207,0.4188034188034188
protein_0203,protein_0208,0.14049586776859505
protein_0203,protein_0209,0.1282051282051282
protein_0203,protein_0210,0.12096774193548387
protein_0203,protein_0212,0.16101694915254236
protein_0203,protein_0213,0.11764705882352941
protein_0203,protein_0214,0.1794871794871795
protein_0203,protein_0215,0.13675213675213677
protein_0203,protein_0216,0.152
protein_0203,protein_0217,0.11965811965811966
protein_0203,protein_0218,0.12857142857142856
protein_0203,protein_0219,0.3445378151260504
protein_0203,protein_0220,0.1322314049586777
protein_0203,protein_0221,0.12396694214876033
protein_0203,protein_0223,0.15384615384615385
protein_0203,protein_0225,0.1322314049586777
protein_0203,protein_0226,0.14049586776859505
protein_0203,protein_0227,0.13445378151260504
protein_0203,protein_0228,0.16666666666666666
protein_0203,protein_0229,0.16
protein_0203,protein_0230,0.1693548387096774
protein_0203,protein_0231,0.09401709401709402
protein_0203,protein_0232,0.1452991452991453
protein_0203,protein_0233,0.17142857142857143
protein_0203,protein_0235,0.15503875968992248
protein_0203,protein_0236,0.12837837837837837
protein_0203,protein_0238,0.13793103448275862
protein_0203,protein_0239,0.12096774193548387
protein_0203,protein_0240,0.1452991452991453
protein_0203,protein_0241,0.13445378151260504
protein_0203,protein_0242,0.1271186440677966
protein_0203,protein_0243,0.13333333333333333
protein_0203,protein_0244,0.13333333333333333
protein_0203,protein_0245,0.18110236220472442
protein_0203,protein_0246,0.16129032258064516
protein_0203,protein_0247,0.19166666666666668
protein_0203,protein_0248,0.12605042016806722
protein_0203,protein_0249,0.1016949152542373
protein_0203,protein_0250,0.1111111111111111
protein_0203,protein_0251,0.1623931623931624
protein_0203,protein_0252,0.10833333333333334
protein_0203,protein_0254,0.152
protein_0203,protein_0255,0.13218390804597702
protein_0203,protein_0256,0.3898305084745763
protein_0203,protein_0257,0.4067796610169492
protein_0203,protein_0258,0.13934426229508196
protein_0203,protein_0259,0.13445378151260504
protein_0203,protein_0260,0.13445378151260504
protein_0203,protein_0261,0.16535433070866143
protein_0203,protein_0262,0.1610738255033557
protein_0203,protein_0263,0.15384615384615385
protein_0203,protein_0264,0.16260162601626016
protein_0203,protein_0265,0.16260162601626016
protein_0203,protein_0266,0.12598425196850394
protein_0203,protein_0267,0.19491525423728814
protein_0203,protein_0268,0.16
protein_0203,protein_0269,0.36752136752136755
protein_0203,protein_0270,0.13709677419354838
protein_0203,protein_0271,0.11864406779661017
protein_0203,protein_0272,0.13675213675213677
protein_0203,protein_0273,0.1282051282051282
protein_0203,protein_0274,0.16666666666666666
protein_0203,protein_0275,0.14516129032258066
protein_0203,protein_0276,0.1271186440677966
protein_0203,protein_0278,0.16666666666666666
protein_0203,protein_0279,0.16806722689075632
protein_0203,protein_0280,0.15966386554621848
protein_0203,protein_0281,0.1450381679389313
protein_0203,protein_0284,0.1282051282051282
protein_0203,protein_0285,0.13675213675213677
protein_0203,protein_0286,0.1282051282051282
protein_0203,protein_0288,0.13333333333333333
protein_0203,protein_0289,0.1440677966101695
protein_0203,protein_0290,0.1487603305785124
protein_0203,protein_0291,0.13333333333333333
protein_0203,protein_0292,0.15702479338842976
protein_0203,protein_0293,0.15328467153284672
protein_0203,protein_0294,0.14166666666666666
protein_0203,protein_0295,0.14049586776859505
protein_0203,protein_0296,0.34710743801652894
protein_0203,protein_0297,0.1452991452991453
protein_0203,protein_0298,0.1271186440677966
protein_0203,protein_0300,0.15966386554621848
protein_0203,protein_0301,0.15126050420168066
protein_0203,protein_0302,0.14746543778801843
protein_0203,protein_0303,0.168
protein_0203,protein_0304,0.14516129032258066
protein_0203,protein_0305,0.15966386554621848
protein_0203,protein_0306,0.49572649572649574
protein_0203,protein_0307,0.4406779661016949
protein_0203,protein_0308,0.328
protein_0203,protein_0309,0.1693548387096774
protein_0203,protein_0310,0.1532258064516129
protein_0203,protein_0311,0.15447154471544716
protein_0203,protein_0312,0.1282051282051282
protein_0203,protein_0313,0.23015873015873015
protein_0203,protein_0314,0.1532258064516129
protein_0203,protein_0315,0.4444444444444444
protein_0203,protein_0316,0.1282051282051282
protein_0203,protein_0317,0.14049586776859505
protein_0203,protein_0318,0.1297709923664122
protein_0203,protein_0319,0.1623931623931624
protein_0203,protein_0320,0.12195121951219512
protein_0203,protein_0321,0.16101694915254236
protein_0203,protein_0322,0.18487394957983194
protein_0203,protein_0323,0.1271186440677966
protein_0203,protein_0324,0.15126050420168066
protein_0203,protein_0326,0.12295081967213115
protein_0203,protein_0328,0.16393442622950818
protein_0203,protein_0329,0.16393442622950818
protein_0203,protein_0330,0.10256410256410256
protein_0203,protein_0331,0.1452991452991453
protein_0203,protein_0332,0.15126050420168066
protein_0203,protein_0333,0.17692307692307693
protein_0203,protein_0334,0.17054263565891473
protein_0203,protein_0335,0.18032786885245902
protein_0203,protein_0336,0.13445378151260504
protein_0203,protein_0337,0.1440677966101695
protein_0203,protein_0338,0.13821138211382114
protein_0203,protein_0339,0.1282051282051282
protein_0203,protein_0340,0.15966386554621848
protein_0203,protein_0341,0.13008130081300814
protein_0203,protein_0342,0.1452991452991453
protein_0203,protein_0343,0.16806722689075632
protein_0203,protein_0344,0.14285714285714285
protein_0203,protein_0345,0.13008130081300814
protein_0203,protein_0346,0.13008130081300814
protein_0203,protein_0347,0.11965811965811966
protein_0203,protein_0348,0.30833333333333335
protein_0203,protein_0349,0.15447154471544716
protein_0203,protein_0351,0.125
protein_0203,protein_0352,0.144
protein_0203,protein_0353,0.16153846153846155
protein_0203,protein_0354,0.15833333333333333
protein_0203,protein_0355,0.1440677966101695
protein_0203,protein_0356,0.13675213675213677
protein_0203,protein_0358,0.12605042016806722
protein_0203,protein_0359,0.4262295081967213
protein_0203,protein_0361,0.452991452991453
protein_0203,protein_0363,0.13333333333333333
protein_0203,protein_0364,0.15
protein_0203,protein_0365,0.1079136690647482
protein_0203,protein_0366,0.11510791366906475
protein_0203,protein_0367,0.1640625
protein_0203,protein_0369,0.17094017094017094
protein_0203,protein_0370,0.14285714285714285
protein_0203,protein_0371,0.13675213675213677
protein_0203,protein_0372,0.10810810810810811
protein_0203,protein_0373,0.18333333333333332
protein_0203,protein_0374,0.48717948717948717
protein_0203,protein_0375,0.14634146341463414
protein_0203,protein_0376,0.15
protein_0203,protein_0377,0.12698412698412698
protein_0203,protein_0379,0.11666666666666667
protein_0203,protein_0380,0.11666666666666667
protein_0203,protein_0381,0.11666666666666667
protein_0203,protein_0382,0.22900763358778625
protein_0203,protein_0383,0.1452991452991453
protein_0203,protein_0385,0.18487394957983194
protein_0203,protein_0386,0.176
protein_0203,protein_0387,0.3898305084745763
protein_0203,protein_0388,0.13675213675213677
protein_0203,protein_0389,0.08547008547008547
protein_0203,protein_0390,0.175
protein_0203,protein_0391,0.13445378151260504
protein_0203,protein_0393,0.13675213675213677
protein_0203,protein_0394,0.325
protein_0203,protein_0395,0.13934426229508196
protein_0203,protein_0396,0.2661290322580645
protein_0203,protein_0397,0.1111111111111111
protein_0203,protein_0398,0.18461538461538463
protein_0203,protein_0399,0.1349206349206349
protein_0204,protein_0000,0.16091954022988506
protein_0204,protein_0001,0.2432966920026087
protein_0204,protein_0003,0.14606741573033707
protein_0204,protein_0004,0.16091954022988506
protein_0204,protein_0005,0.14285714285714285
protein_0204,protein_0006,0.20454545454545456
protein_0204,protein_0007,0.3699724271419802
protein_0204,protein_0008,0.16666666666666666
protein_0204,protein_0009,0.16091954022988506
protein_0204,protein_0010,0.1839080459770115
protein_0204,protein_0012,0.20224719101123595
protein_0204,protein_0013,0.19718309859154928
protein_0204,protein_0014,0.13147902303299183
protein_0204,protein_0015,0.15151515151515152
protein_0204,protein_0016,0.1717171717171717
protein_0204,protein_0017,0.1171875
protein_0204,protein_0018,0.1839080459770115
protein_0204,protein_0019,0.24266618769787293
protein_0204,protein_0020,0.1590909090909091
protein_0204,protein_0021,0.19047619047619047
protein_0204,protein_0022,0.15713022609574334
protein_0204,protein_0023,0.17478354978354976
protein_0204,protein_0024,0.1282051282051282
protein_0204,protein_0025,0.1590909090909091
protein_0204,protein_0027,0.16719446399249355
protein_0204,protein_0028,0.14
protein_0204,protein_0029,0.3515457495961891
protein_0204,protein_0030,0.16806722689075632
protein_0204,protein_0031,0.16831683168316833
protein_0204,protein_0032,0.17391304347826086
protein_0204,protein_0033,0.21348314606741572
protein_0204,protein_0034,0.17777777777777778
protein_0204,protein_0035,0.17475728155339806
protein_0204,protein_0036,0.3627478276412033
protein_0204,protein_0037,0.12980769230769232
protein_0204,protein_0039,0.1724137931034483
protein_0204,protein_0040,0.18309859154929578
protein_0204,protein_0041,0.16091954022988506
protein_0204,protein_0042,0.18823529411764706
protein_0204,protein_0043,0.1797752808988764
protein_0204,protein_0044,0.1724137931034483
protein_0204,protein_0045,0.1797752808988764
protein_0204,protein_0046,0.38529446607459616
protein_0204,protein_0047,0.1839080459770115
protein_0204,protein_0048,0.20689655172413793
protein_0204,protein_0049,0.18888888888888888
protein_0204,protein_0050,0.1346153846153846
protein_0204,protein_0051,0.3615608378312553
protein_0204,protein_0052,0.1724137931034483
protein_0204,protein_0053,0.19318181818181818
protein_0204,protein_0054,0.1452991452991453
protein_0204,protein_0055,0.17796610169491525
protein_0204,protein_0056,0.1375
protein_0204,protein_0057,0.37516238535275026
protein_0204,protein_0058,0.1891891891891892
protein_0204,protein_0059,0.16091954022988506
protein_0204,protein_0060,0.12876336177307052
protein_0204,protein_0061,0.17045454545454544
protein_0204,protein_0062,0.17391304347826086
protein_0204,protein_0063,0.10232558139534884
protein_0204,protein_0064,0.16129032258064516
protein_0204,protein_0065,0.16161616161616163
protein_0204,protein_0066,0.16
protein_0204,protein_0067,0.17777777777777778
protein_0204,protein_0068,0.18085106382978725
protein_0204,protein_0069,0.14772727272727273
protein_0204,protein_0070,0.16091954022988506
protein_0204,protein_0071,0.16091954022988506
protein_0204,protein_0072,0.41717573614125336
protein_0204,protein_0073,0.14772727272727273
protein_0204,protein_0074,0.1724137931034483
protein_0204,protein_0075,0.15979381443298968
protein_0204,protein_0076,0.16455696202531644
protein_0204,protein_0077,0.16091954022988506
protein_0204,protein_0078,0.1782178217821782
protein_0204,protein_0079,0.1782178217821782
protein_0204,protein_0080,0.1724137931034483
protein_0204,protein_0081,0.1724137931034483
protein_0204,protein_0082,0.14
protein_0204,protein_0083,0.1724137931034483
protein_0204,protein_0084,0.1570655848546315
protein_0204,protein_0085,0.15
protein_0204,protein_0086,0.15
protein_0204,protein_0087,0.3838259441707717
protein_0204,protein_0088,0.14942528735632185
protein_0204,protein_0089,0.1422924901185771
protein_0204,protein_0090,0.1521640435835351
protein_0204,protein_0091,0.14782608695652175
protein_0204,protein_0092,0.14782608695652175
protein_0204,protein_0093,0.1686746987951807
protein_0204,protein_0094,0.14035087719298245
protein_0204,protein_0095,0.14606829573934837
protein_0204,protein_0096,0.13725490196078433
protein_0204,protein_0097,0.16279069767441862
protein_0204,protein_0098,0.16091954022988506
protein_0204,protein_0099,0.12079910380881255
protein_0204,protein_0100,0.2840007846301369
protein_0204,protein_0101,0.14942528735632185
protein_0204,protein_0102,0.16853932584269662
protein_0204,protein_0103,0.1839080459770115
protein_0204,protein_0104,0.1452991452991453
protein_0204,protein_0105,0.18666666666666668
protein_0204,protein_0106,0.12791239515377448
protein_0204,protein_0107,0.19540229885057472
protein_0204,protein_0108,0.1728395061728395
protein_0204,protein_0109,0.2664150269498019
protein_0204,protein_0110,0.16853932584269662
protein_0204,protein_0111,0.1724137931034483
protein_0204,protein_0113,0.17777777777777778
protein_0204,protein_0114,0.16091954022988506
protein_0204,protein_0116,0.1571969696969697
protein_0204,protein_0118,0.29201987138693125
protein_0204,protein_0119,0.19607843137254902
protein_0204,protein_0121,0.1827956989247312
protein_0204,protein_0122,0.13353617308992563
protein_0204,protein_0123,0.41210141340812845
protein_0204,protein_0124,0.16666666666666666
protein_0204,protein_0125,0.15306122448979592
protein_0204,protein_0126,0.15151515151515152
protein_0204,protein_0127,0.1839080459770115
protein_0204,protein_0128,0.2
protein_0204,protein_0130,0.16274281274281274
protein_0204,protein_0131,0.17862838915470494
protein_0204,protein_0132,0.16037735849056603
protein_0204,protein_0133,0.16037735849056603
protein_0204,protein_0134,0.16279069767441862
protein_0204,protein_0135,0.18072289156626506
protein_0204,protein_0137,0.13445378151260504
protein_0204,protein_0138,0.13445378151260504
protein_0204,protein_0139,0.2640952021910949
protein_0204,protein_0140,0.16129032258064516
protein_0204,protein_0141,0.14335589214738426
protein_0204,protein_0142,0.1724137931034483
protein_0204,protein_0143,0.19540229885057472
protein_0204,protein_0144,0.1935483870967742
protein_0204,protein_0145,0.4269905956112853
protein_0204,protein_0146,0.15789473684210525
protein_0204,protein_0147,0.20224719101123595
protein_0204,protein_0148,0.18181818181818182
protein_0204,protein_0149,0.3920675513234497
protein_0204,protein_0150,0.1724137931034483
protein_0204,protein_0151,0.17391304347826086
protein_0204,protein_0152,0.2887317741072882
protein_0204,protein_0153,0.17259975796561164
protein_0204,protein_0155,0.1282051282051282
protein_0204,protein_0156,0.14953271028037382
protein_0204,protein_0157,0.1744186046511628
protein_0204,protein_0158,0.4050828481862964
protein_0204,protein_0159,0.2391304347826087
protein_0204,protein_0160,0.1744186046511628
protein_0204,protein_0161,0.15384615384615385
protein_0204,protein_0162,0.15853658536585366
protein_0204,protein_0163,0.1650485436893204
protein_0204,protein_0165,0.31613030420879784
protein_0204,protein_0166,0.1839080459770115
protein_0204,protein_0167,0.13278495887191538
protein_0204,protein_0168,0.13713278495887193
protein_0204,protein_0169,0.13793103448275862
protein_0204,protein_0170,0.17073170731707318
protein_0204,protein_0171,0.18181818181818182
protein_0204,protein_0172,0.13333333333333333
protein_0204,protein_0173,0.17045454545454544
protein_0204,protein_0174,0.16091954022988506
protein_0204,protein_0175,0.1839080459770115
protein_0204,protein_0176,0.2684441613779576
protein_0204,protein_0177,0.34666947541266957
protein_0204,protein_0178,0.1415929203539823
protein_0204,protein_0180,0.20454545454545456
protein_0204,protein_0181,0.16666666666666666
protein_0204,protein_0182,0.18181818181818182
protein_0204,protein_0184,0.15217391304347827
protein_0204,protein_0186,0.16161616161616163
protein_0204,protein_0187,0.1839080459770115
protein_0204,protein_0188,0.32653890577428807
protein_0204,protein_0189,0.2247191011235955
protein_0204,protein_0190,0.1797752808988764
protein_0204,protein_0191,0.1724137931034483
protein_0204,protein_0192,0.1566265060240964
protein_0204,protein_0193,0.17391304347826086
protein_0204,protein_0194,0.16091954022988506
protein_0204,protein_0195,0.16483516483516483
protein_0204,protein_0196,0.17582417582417584
protein_0204,protein_0198,0.14772727272727273
protein_0204,protein_0200,0.1724137931034483
protein_0204,protein_0201,0.1568627450980392
protein_0204,protein_0202,0.15730337078651685
protein_0204,protein_0205,0.0947867298578199
protein_0204,protein_0206,0.2
protein_0204,protein_0207,0.17796610169491525
protein_0204,protein_0208,0.12643678160919541
protein_0204,protein_0209,0.1724137931034483
protein_0204,protein_0210,0.18181818181818182
protein_0204,protein_0212,0.22666666666666666
protein_0204,protein_0213,0.1724137931034483
protein_0204,protein_0214,0.21212121212121213
protein_0204,protein_0215,0.16666666666666666
protein_0204,protein_0216,0.18947368421052632
protein_0204,protein_0217,0.18604651162790697
protein_0204,protein_0218,0.1328125
protein_0204,protein_0219,0.13445378151260504
protein_0204,protein_0220,0.13333333333333333
protein_0204,protein_0221,0.19718309859154928
protein_0204,protein_0223,0.22666666666666666
protein_0204,protein_0225,0.17073170731707318
protein_0204,protein_0226,0.13333333333333333
protein_0204,protein_0227,0.21686746987951808
protein_0204,protein_0228,0.1865962984384037
protein_0204,protein_0229,0.16470588235294117
protein_0204,protein_0230,0.13636363636363635
protein_0204,protein_0231,0.1724137931034483
protein_0204,protein_0232,0.37158033337598995
protein_0204,protein_0233,0.14960629921259844
protein_0204,protein_0235,0.16934223184223182
protein_0204,protein_0236,0.14367816091954022
protein_0204,protein_0238,0.13740458015267176
protein_0204,protein_0239,0.16091954022988506
protein_0204,protein_0240,0.14942528735632185
protein_0204,protein_0241,0.1724137931034483
protein_0204,protein_0242,0.3184062035967662
protein_0204,protein_0243,0.16853932584269662
protein_0204,protein_0244,0.16206308610400683
protein_0204,protein_0245,0.1417432470064049
protein_0204,protein_0246,0.18681318681318682
protein_0204,protein_0247,0.1725433231396534
protein_0204,protein_0248,0.2127659574468085
protein_0204,protein_0249,0.1797752808988764
protein_0204,protein_0250,0.14250000000000002
protein_0204,protein_0251,0.13978494623655913
protein_0204,protein_0252,0.17857142857142858
protein_0204,protein_0254,0.1763668430335097
protein_0204,protein_0255,0.12209302325581395
protein_0204,protein_0256,0.15151515151515152
protein_0204,protein_0257,0.1574074074074074
protein_0204,protein_0258,0.1956521739130435
protein_0204,protein_0259,0.3939749814037511
protein_0204,protein_0260,0.3939749814037511
protein_0204,protein_0261,0.1568627450980392
protein_0204,protein_0262,0.13333333333333333
protein_0204,protein_0263,0.13043478260869565
protein_0204,protein_0264,0.19540229885057472
protein_0204,protein_0265,0.19540229885057472
protein_0204,protein_0266,0.16157697121401754
protein_0204,protein_0267,0.18888888888888888
protein_0204,protein_0268,0.16470588235294117
protein_0204,protein_0269,0.13793103448275862
protein_0204,protein_0270,0.22972972972972974
protein_0204,protein_0271,0.3759100989549481
protein_0204,protein_0272,0.135989010989011
protein_0204,protein_0273,0.13561007957559681
protein_0204,protein_0274,0.17204301075268819
protein_0204,protein_0275,0.16161616161616163
protein_0204,protein_0276,0.16091954022988506
protein_0204,protein_0278,0.19
protein_0204,protein_0279,0.17647058823529413
protein_0204,protein_0280,0.19753086419753085
protein_0204,protein_0281,0.16071428571428573
protein_0204,protein_0284,0.1448306595365419
protein_0204,protein_0285,0.17777777777777778
protein_0204,protein_0286,0.2920186705030375
protein_0204,protein_0288,0.2
protein_0204,protein_0289,0.17014170040485832
protein_0204,protein_0290,0.14678899082568808
protein_0204,protein_0291,0.14947089947089948
protein_0204,protein_0292,0.255854666546903
protein_0204,protein_0293,0.18181818181818182
protein_0204,protein_0294,0.14947089947089948
protein_0204,protein_0295,0.3553582331313114
protein_0204,protein_0296,0.1592920353982301
protein_0204,protein_0297,0.39516190754501684
protein_0204,protein_0298,0.37240169388989713
protein_0204,protein_0300,0.17365350698684032
protein_0204,protein_0301,0.17982634649301316
protein_0204,protein_0302,0.10138248847926268
protein_0204,protein_0303,0.16883116883116883
protein_0204,protein_0304,0.17783816425120774
protein_0204,protein_0305,0.17125652125652127
protein_0204,protein_0306,0.17796610169491525
protein_0204,protein_0307,0.15126050420168066
protein_0204,protein_0308,0.1565217391304348
protein_0204,protein_0309,0.14348089751364462
protein_0204,protein_0310,0.16
protein_0204,protein_0311,0.1797752808988764
protein_0204,protein_0312,0.1724137931034483
protein_0204,protein_0313,0.16548343475321164
protein_0204,protein_0314,0.16346153846153846
protein_0204,protein_0315,0.15178571428571427
protein_0204,protein_0316,0.4298432601880878
protein_0204,protein_0317,0.17
protein_0204,protein_0318,0.14285714285714285
protein_0204,protein_0319,0.19318181818181818
protein_0204,protein_0320,0.15730337078651685
protein_0204,protein_0321,0.1590909090909091
protein_0204,protein_0322,0.21686746987951808
protein_0204,protein_0323,0.19540229885057472
protein_0204,protein_0324,0.18666666666666668
protein_0204,protein_0326,0.20253164556962025
protein_0204,protein_0328,0.1388888888888889
protein_0204,protein_0329,0.1388888888888889
protein_0204,protein_0330,0.1797752808988764
protein_0204,protein_0331,0.35809730831501657
protein_0204,protein_0332,0.14673561732385262
protein_0204,protein_0333,0.1449579831932773
protein_0204,protein_0334,0.19318181818181818
protein_0204,protein_0335,0.18181818181818182
protein_0204,protein_0336,0.4403761755485894
protein_0204,protein_0337,0.1536452053693433
protein_0204,protein_0338,0.16666666666666666
protein_0204,protein_0339,0.2870162099036907
protein_0204,protein_0340,0.18269230769230768
protein_0204,protein_0341,0.14423076923076922
protein_0204,protein_0342,0.19444444444444445
protein_0204,protein_0343,0.17880193626462282
protein_0204,protein_0344,0.1839080459770115
protein_0204,protein_0345,0.1437650844730491
protein_0204,protein_0346,0.1437650844730491
protein_0204,protein_0347,0.2874206183699271
protein_0204,protein_0348,0.12173913043478261
protein_0204,protein_0349,0.2
protein_0204,protein_0351,0.14942528735632185
protein_0204,protein_0352,0.3371143375680581
protein_0204,protein_0353,0.13959938366718028
protein_0204,protein_0354,0.2159090909090909
protein_0204,protein_0355,0.1654977595947789
protein_0204,protein_0356,0.3924775889567178
protein_0204,protein_0358,0.1724137931034483
protein_0204,protein_0359,0.13445378151260504
protein_0204,protein_0361,0.1452991452991453
protein_0204,protein_0363,0.16091954022988506
protein_0204,protein_0364,0.1839080459770115
protein_0204,protein_0365,0.16470588235294117
protein_0204,protein_0366,0.16853932584269662
protein_0204,protein_0367,0.16161616161616163
protein_0204,protein_0369,0.19736842105263158
protein_0204,protein_0370,0.1839080459770115
protein_0204,protein_0371,0.16483516483516483
protein_0204,protein_0372,0.10550458715596331
protein_0204,protein_0373,0.1485148514851485
protein_0204,protein_0374,0.15384615384615385
protein_0204,protein_0375,0.1724137931034483
protein_0204,protein_0376,0.1717171717171717
protein_0204,protein_0377,0.1797752808988764
protein_0204,protein_0379,0.17489260420294903
protein_0204,protein_0380,0.17489260420294903
protein_0204,protein_0381,0.17489260420294903
protein_0204,protein_0382,0.15512333965844402
protein_0204,protein_0383,0.30370329637364785
protein_0204,protein_0385,0.13725490196078433
protein_0204,protein_0386,0.17647058823529413
protein_0204,protein_0387,0.15789473684210525
protein_0204,protein_0388,0.4334796238244514
protein_0204,protein_0389,0.24285714285714285
protein_0204,protein_0390,0.16853932584269662
protein_0204,protein_0391,0.17391304347826086
protein_0204,protein_0393,0.17045454545454544
protein_0204,protein_0394,0.14655172413793102
protein_0204,protein_0395,0.14606741573033707
protein_0204,protein_0396,0.1391304347826087
protein_0204,protein_0397,0.17647058823529413
protein_0204,protein_0398,0.17858566531132902
protein_0204,protein_0399,0.1724137931034483
protein_0211,protein_0000,0.19791666666666666
protein_0211,protein_0001,0.1350719878757262
protein_0211,protein_0003,0.14
protein_0211,protein_0004,0.13725490196078433
protein_0211,protein_0005,0.10989010989010989
protein_0211,protein_0006,0.16842105263157894
protein_0211,protein_0007,0.16013424427663908
protein_0211,protein_0008,0.1320754716981132
protein_0211,protein_0009,0.1891891891891892
protein_0211,protein_0010,0.15517241379310345
protein_0211,protein_0012,0.17307692307692307
protein_0211,protein_0013,0.16883116883116883
protein_0211,protein_0014,0.13009345794392524
protein_0211,protein_0015,0.13131313131313133
protein_0211,protein_0016,0.1111111111111111
protein_0211,protein_0017,0.17164179104477612
protein_0211,protein_0018,0.1839080459770115
protein_0211,protein_0019,0.13906795594950308
protein_0211,protein_0020,0.18085106382978725
protein_0211,protein_0021,0.20481927710843373
protein_0211,protein_0022,0.12347285067873304
protein_0211,protein_0023,0.12051705170517052
protein_0211,protein_0024,0.14634146341463414
protein_0211,protein_0025,0.18181818181818182
protein_0211,protein_0027,0.11624649859943978
protein_0211,protein_0028,0.15384615384615385
protein_0211,protein_0029,0.1635597901132284
protein_0211,protein_0030,0.13953488372093023
protein_0211,protein_0031,0.13333333333333333
protein_0211,protein_0032,0.18478260869565216
protein_0211,protein_0033,0.14942528735632185
protein_0211,protein_0034,0.12844036697247707
protein_0211,protein_0035,0.16964285714285715
protein_0211,protein_0036,0.15746478873239436
protein_0211,protein_0037,0.16611524676040806
protein_0211,protein_0039,0.19090909090909092
protein_0211,protein_0040,0.14864864864864866
protein_0211,protein_0041,0.15384615384615385
protein_0211,protein_0042,0.17204301075268819
protein_0211,protein_0043,0.1693548387096774
protein_0211,protein_0044,0.16037735849056603
protein_0211,protein_0045,0.14772727272727273
protein_0211,protein_0046,0.14547298103304307
protein_0211,protein_0047,0.14606741573033707
protein_0211,protein_0048,0.13
protein_0211,protein_0049,0.1797752808988764
protein_0211,protein_0050,0.1509433962264151
protein_0211,protein_0051,0.15340340340340342
protein_0211,protein_0052,0.1559633027522936
protein_0211,protein_0053,0.17475728155339806
protein_0211,protein_0054,0.14516129032258066
protein_0211,protein_0055,0.16030534351145037
protein_0211,protein_0056,0.1337803320561941
protein_0211,protein_0057,0.15237865249939628
protein_0211,protein_0058,0.18
protein_0211,protein_0059,0.16981132075471697
protein_0211,protein_0060,0.1721240471240471
protein_0211,protein_0061,0.1792452830188679
protein_0211,protein_0062,0.12
protein_0211,protein_0063,0.08597285067873303
protein_0211,protein_0064,0.14563106796116504
protein_0211,protein_0065,0.17142857142857143
protein_0211,protein_0066,0.4
protein_0211,protein_0067,0.15384615384615385
protein_0211,protein_0068,0.16216216216216217
protein_0211,protein_0069,0.17045454545454544
protein_0211,protein_0070,0.18181818181818182
protein_0211,protein_0071,0.102803738317757
protein_0211,protein_0072,0.13921686746987952
protein_0211,protein_0073,0.16822429906542055
protein_0211,protein_0074,0.15217391304347827
protein_0211,protein_0075,0.16198100199172666
protein_0211,protein_0076,0.15384615384615385
protein_0211,protein_0077,0.14678899082568808
protein_0211,protein_0078,0.2018348623853211
protein_0211,protein_0079,0.2018348623853211
protein_0211,protein_0080,0.16346153846153846
protein_0211,protein_0081,0.1839080459770115
protein_0211,protein_0082,0.45
protein_0211,protein_0083,0.13978494623655913
protein_0211,protein_0084,0.11553030303030304
protein_0211,protein_0085,0.44
protein_0211,protein_0086,0.45
protein_0211,protein_0087,0.15651872399445216
protein_0211,protein_0088,0.18181818181818182
protein_0211,protein_0089,0.17446108878333944
protein_0211,protein_0090,0.17446108878333944
protein_0211,protein_0091,0.2
protein_0211,protein_0092,0.2
protein_0211,protein_0093,0.12
protein_0211,protein_0094,0.16153846153846155
protein_0211,protein_0095,0.17551109177903434
protein_0211,protein_0096,0.11607142857142858
protein_0211,protein_0097,0.1744186046511628
protein_0211,protein_0098,0.14705882352941177
protein_0211,protein_0099,0.1528932778932779
protein_0211,protein_0100,0.16142857142857142
protein_0211,protein_0101,0.14285714285714285
protein_0211,protein_0102,0.12871287128712872
protein_0211,protein_0103,0.1415929203539823
protein_0211,protein_0104,0.1557377049180328
protein_0211,protein_0105,0.189873417721519
protein_0211,protein_0106,0.14279551337359792
protein_0211,protein_0107,0.14563106796116504
protein_0211,protein_0108,0.13829787234042554
protein_0211,protein_0109,0.14210526315789473
protein_0211,protein_0110,0.1743119266055046
protein_0211,protein_0111,0.14423076923076922
protein_0211,protein_0113,0.1836734693877551
protein_0211,protein_0114,0.18095238095238095
protein_0211,protein_0116,0.14998347107438015
protein_0211,protein_0118,0.1557017543859649
protein_0211,protein_0119,0.40384615384615385
protein_0211,protein_0121,0.18478260869565216
protein_0211,protein_0122,0.16968061178587496
protein_0211,protein_0123,0.147538697531725
protein_0211,protein_0124,0.17307692307692307
protein_0211,protein_0125,0.14423076923076922
protein_0211,protein_0126,0.15254237288135594
protein_0211,protein_0127,0.12871287128712872
protein_0211,protein_0128,0.1592920353982301
protein_0211,protein_0130,0.14928980441734216
protein_0211,protein_0131,0.155
protein_0211,protein_0132,0.1328125
protein_0211,protein_0133,0.1328125
protein_0211,protein_0134,0.13636363636363635
protein_0211,protein_0135,0.19801980198019803
protein_0211,protein_0137,0.144
protein_0211,protein_0138,0.144
protein_0211,protein_0139,0.14641990291262136
protein_0211,protein_0140,0.1834862385321101
protein_0211,protein_0141,0.16501240694789082
protein_0211,protein_0142,0.16666666666666666
protein_0211,protein_0143,0.12
protein_0211,protein_0144,0.13636363636363635
protein_0211,protein_0145,0.16338418862690707
protein_0211,protein_0146,0.1388888888888889
protein_0211,protein_0147,0.1782178217821782
protein_0211,protein_0148,0.20175438596491227
protein_0211,protein_0149,0.14909847434119278
protein_0211,protein_0150,0.15384615384615385
protein_0211,protein_0151,0.16101694915254236
protein_0211,protein_0152,0.14089635854341737
protein_0211,protein_0153,0.1523301393728223
protein_0211,protein_0155,0.11570247933884298
protein_0211,protein_0156,0.1794871794871795
protein_0211,protein_0157,0.11764705882352941
protein_0211,protein_0158,0.1809090909090909
protein_0211,protein_0159,0.1568627450980392
protein_0211,protein_0160,0.1588785046728972
protein_0211,protein_0161,0.17886178861788618
protein_0211,protein_0162,0.1782178217821782
protein_0211,protein_0163,0.5247524752475248
protein_0211,protein_0165,0.1529220779220779
protein_0211,protein_0166,0.18811881188118812
protein_0211,protein_0167,0.1755129348795718
protein_0211,protein_0168,0.18413618792744574
protein_0211,protein_0169,0.19834710743801653
protein_0211,protein_0170,0.18627450980392157
protein_0211,protein_0171,0.16037735849056603
protein_0211,protein_0172,0.1590909090909091
protein_0211,protein_0173,0.13861386138613863
protein_0211,protein_0174,0.14285714285714285
protein_0211,protein_0175,0.13513513513513514
protein_0211,protein_0176,0.16232492997198877
protein_0211,protein_0177,0.15064631463146316
protein_0211,protein_0178,0.1349206349206349
protein_0211,protein_0180,0.15730337078651685
protein_0211,protein_0181,0.1368421052631579
protein_0211,protein_0182,0.14942528735632185
protein_0211,protein_0184,0.14942528735632185
protein_0211,protein_0186,0.12121212121212122
protein_0211,protein_0187,0.14678899082568808
protein_0211,protein_0188,0.15865782932891467
protein_0211,protein_0189,0.1348314606741573
protein_0211,protein_0190,0.16379310344827586
protein_0211,protein_0191,0.17777777777777778
protein_0211,protein_0192,0.14814814814814814
protein_0211,protein_0193,0.1568627450980392
protein_0211,protein_0194,0.15
protein_0211,protein_0195,0.21296296296296297
protein_0211,protein_0196,0.16964285714285715
protein_0211,protein_0198,0.1346153846153846
protein_0211,protein_0200,0.14942528735632185
protein_0211,protein_0201,0.5544554455445545
protein_0211,protein_0202,0.19626168224299065
protein_0211,protein_0205,0.10328638497652583
protein_0211,protein_0206,0.17307692307692307
protein_0211,protein_0207,0.13432835820895522
protein_0211,protein_0208,0.12869592281356987
protein_0211,protein_0209,0.1792452830188679
protein_0211,protein_0210,0.18604651162790697
protein_0211,protein_0212,0.19
protein_0211,protein_0213,0.18803418803418803
protein_0211,protein_0214,0.17567567567567569
protein_0211,protein_0215,0.13
protein_0211,protein_0216,0.45
protein_0211,protein_0217,0.14772727272727273
protein_0211,protein_0218,0.17266187050359713
protein_0211,protein_0219,0.21311475409836064
protein_0211,protein_0220,0.1619047619047619
protein_0211,protein_0221,0.17
protein_0211,protein_0223,0.12871287128712872
protein_0211,protein_0225,0.15730337078651685
protein_0211,protein_0226,0.13274336283185842
protein_0211,protein_0227,0.15
protein_0211,protein_0228,0.1288903003357227
protein_0211,protein_0229,0.15841584158415842
protein_0211,protein_0230,0.14814814814814814
protein_0211,protein_0231,0.14285714285714285
protein_0211,protein_0232,0.15847621347500604
protein_0211,protein_0233,0.15151515151515152
protein_0211,protein_0235,0.14241701451003777
protein_0211,protein_0236,0.14981300345224396
protein_0211,protein_0238,0.14814814814814814
protein_0211,protein_0239,0.15841584158415842
protein_0211,protein_0240,0.1308411214953271
protein_0211,protein_0241,0.18446601941747573
protein_0211,protein_0242,0.13071428571428573
protein_0211,protein_0243,0.20175438596491227
protein_0211,protein_0244,0.14473322332233224
protein_0211,protein_0245,0.14060606060606062
protein_0211,protein_0246,0.13829787234042554
protein_0211,protein_0247,0.15126506024096387
protein_0211,protein_0248,0.17
protein_0211,protein_0249,0.1935483870967742
protein_0211,protein_0250,0.09208333333333334
protein_0211,protein_0251,0.16842105263157894
protein_0211,protein_0252,0.1308411214953271
protein_0211,protein_0254,0.10682957393483708
protein_0211,protein_0255,0.14285714285714285
protein_0211,protein_0256,0.2
protein_0211,protein_0257,0.19130434782608696
protein_0211,protein_0258,0.1348314606741573
protein_0211,protein_0259,0.15101742252959172
protein_0211,protein_0260,0.15101742252959172
protein_0211,protein_0261,0.1553398058252427
protein_0211,protein_0262,0.14492753623188406
protein_0211,protein_0263,0.14492753623188406
protein_0211,protein_0264,0.1590909090909091
protein_0211,protein_0265,0.1590909090909091
protein_0211,protein_0266,0.14226973684210525
protein_0211,protein_0267,0.2127659574468085
protein_0211,protein_0268,0.1485148514851485
protein_0211,protein_0269,0.15671641791044777
protein_0211,protein_0270,0.1792452830188679
protein_0211,protein_0271,0.142296918767507
protein_0211,protein_0272,0.12440225035161745
protein_0211,protein_0273,0.1338959212376934
protein_0211,protein_0274,0.17
protein_0211,protein_0275,0.1523809523809524
protein_0211,protein_0276,0.14942528735632185
protein_0211,protein_0278,0.1574074074074074
protein_0211,protein_0279,0.1744186046511628
protein_0211,protein_0280,0.12871287128712872
protein_0211,protein_0281,0.18421052631578946
protein_0211,protein_0284,0.16073890267438656
protein_0211,protein_0285,0.14
protein_0211,protein_0286,0.16264222503160558
protein_0211,protein_0288,0.12
protein_0211,protein_0289,0.1564013061592163
protein_0211,protein_0290,0.5096153846153846
protein_0211,protein_0291,0.146374829001368
protein_0211,protein_0292,0.15513784461152882
protein_0211,protein_0293,0.18181818181818182
protein_0211,protein_0294,0.146374829001368
protein_0211,protein_0295,0.16952614379084968
protein_0211,protein_0296,0.1721311475409836
protein_0211,protein_0297,0.1267283950617284
protein_0211,protein_0298,0.1470873786407767
protein_0211,protein_0300,0.1088888888888889
protein_0211,protein_0301,0.1088888888888889
protein_0211,protein_0302,0.1031390134529148
protein_0211,protein_0303,0.13861386138613863
protein_0211,protein_0304,0.17051820728291317
protein_0211,protein_0305,0.16099801390268123
protein_0211,protein_0306,0.16030534351145037
protein_0211,protein_0307,0.14516129032258066
protein_0211,protein_0308,0.184
protein_0211,protein_0309,0.14537037037037037
protein_0211,protein_0310,0.14545454545454545
protein_0211,protein_0311,0.17272727272727273
protein_0211,protein_0312,0.14285714285714285
protein_0211,protein_0313,0.12522538766678687
protein_0211,protein_0314,0.41346153846153844
protein_0211,protein_0315,0.14166666666666666
protein_0211,protein_0316,0.15252100840336136
protein_0211,protein_0317,0.46
protein_0211,protein_0318,0.16666666666666666
protein_0211,protein_0319,0.12727272727272726
protein_0211,protein_0320,0.1827956989247312
protein_0211,protein_0321,0.14423076923076922
protein_0211,protein_0322,0.13793103448275862
protein_0211,protein_0323,0.16346153846153846
protein_0211,protein_0324,0.1643835616438356
protein_0211,protein_0326,0.1320754716981132
protein_0211,protein_0328,0.16666666666666666
protein_0211,protein_0329,0.16666666666666666
protein_0211,protein_0330,0.1348314606741573
protein_0211,protein_0331,0.16952614379084968
protein_0211,protein_0332,0.13871473354231975
protein_0211,protein_0333,0.14050145651269247
protein_0211,protein_0334,0.16129032258064516
protein_0211,protein_0335,0.47
protein_0211,protein_0336,0.16857142857142857
protein_0211,protein_0337,0.14538093485461906
protein_0211,protein_0338,0.1188118811881188
protein_0211,protein_0339,0.1454225352112676
protein_0211,protein_0340,0.8921568627450981
protein_0211,protein_0341,0.1452991452991453
protein_0211,protein_0342,0.14
protein_0211,protein_0343,0.15940231514292463
protein_0211,protein_0344,0.12643678160919541
protein_0211,protein_0345,0.13642857142857143
protein_0211,protein_0346,0.13642857142857143
protein_0211,protein_0347,0.1707142857142857
protein_0211,protein_0348,0.16541353383458646
protein_0211,protein_0349,0.5
protein_0211,protein_0351,0.11009174311926606
protein_0211,protein_0352,0.14258820248222004
protein_0211,protein_0353,0.14000292740046838
protein_0211,protein_0354,0.13829787234042554
protein_0211,protein_0355,0.15316681534344334
protein_0211,protein_0356,0.13406593406593406
protein_0211,protein_0358,0.1188118811881188
protein_0211,protein_0359,0.16666666666666666
protein_0211,protein_0361,0.1271186440677966
protein_0211,protein_0363,0.14814814814814814
protein_0211,protein_0364,0.1523809523809524
protein_0211,protein_0365,0.14814814814814814
protein_0211,protein_0366,0.14423076923076922
protein_0211,protein_0367,0.1346153846153846
protein_0211,protein_0369,0.17757009345794392
protein_0211,protein_0370,0.12643678160919541
protein_0211,protein_0371,0.13131313131313133
protein_0211,protein_0372,0.12385321100917432
protein_0211,protein_0373,0.33
protein_0211,protein_0374,0.1487603305785124
protein_0211,protein_0375,0.1590909090909091
protein_0211,protein_0376,0.1559633027522936
protein_0211,protein_0377,0.18691588785046728
protein_0211,protein_0379,0.1510545905707196
protein_0211,protein_0380,0.1510545905707196
protein_0211,protein_0381,0.1510545905707196
protein_0211,protein_0382,0.1305445366029571
protein_0211,protein_0383,0.16017674675504007
protein_0211,protein_0385,0.12173913043478261
protein_0211,protein_0386,0.5294117647058824
protein_0211,protein_0387,0.1951219512195122
protein_0211,protein_0388,0.16394629458996973
protein_0211,protein_0389,0.14285714285714285
protein_0211,protein_0390,0.15315315315315314
protein_0211,protein_0391,0.1651376146788991
protein_0211,protein_0393,0.19047619047619047
protein_0211,protein_0394,0.1440677966101695
protein_0211,protein_0395,0.17757009345794392
protein_0211,protein_0396,0.11666666666666667
protein_0211,protein_0397,0.19047619047619047
protein_0211,protein_0398,0.16297935103244837
protein_0211,protein_0399,0.17894736842105263
protein_0222,protein_0000,0.3333333333333333
protein_0222,protein_0001,0.12790697674418605
protein_0222,protein_0003,0.3218390804597701
protein_0222,protein_0004,0.3146067415730337
protein_0222,protein_0005,0.2
protein_0222,protein_0006,0.5568181818181818
protein_0222,protein_0007,0.1724137931034483
protein_0222,protein_0008,0.17475728155339806
protein_0222,protein_0009,0.32954545454545453
protein_0222,protein_0010,0.45977011494252873
protein_0222,protein_0012,0.5287356321839081
protein_0222,protein_0013,0.11627906976744186
protein_0222,protein_0014,0.15841584158415842
protein_0222,protein_0015,0.1574074074074074
protein_0222,protein_0016,0.12745098039215685
protein_0222,protein_0017,0.15503875968992248
protein_0222,protein_0018,0.2840909090909091
protein_0222,protein_0019,0.1511627906976744
protein_0222,protein_0020,0.2558139534883721
protein_0222,protein_0021,0.2
protein_0222,protein_0022,0.16842105263157894
protein_0222,protein_0023,0.17346938775510204
protein_0222,protein_0024,0.1349206349206349
protein_0222,protein_0025,0.28735632183908044
protein_0222,protein_0027,0.12871287128712872
protein_0222,protein_0028,0.11926605504587157
protein_0222,protein_0029,0.1511627906976744
protein_0222,protein_0030,0.13333333333333333
protein_0222,protein_0031,0.14678899082568808
protein_0222,protein_0032,0.2988505747126437
protein_0222,protein_0033,0.4482758620689655
protein_0222,protein_0034,0.4827586206896552
protein_0222,protein_0035,0.15384615384615385
protein_0222,protein_0036,0.16279069767441862
protein_0222,protein_0037,0.25287356321839083
protein_0222,protein_0039,0.3068181818181818
protein_0222,protein_0040,0.10989010989010989
protein_0222,protein_0041,0.3181818181818182
protein_0222,protein_0042,0.1839080459770115
protein_0222,protein_0043,0.3218390804597701
protein_0222,protein_0044,0.3333333333333333
protein_0222,protein_0045,0.28735632183908044
protein_0222,protein_0046,0.16279069767441862
protein_0222,protein_0047,0.7241379310344828
protein_0222,protein_0048,0.7126436781609196
protein_0222,protein_0049,0.9655172413793104
protein_0222,protein_0050,0.1262135922330097
protein_0222,protein_0051,0.16279069767441862
protein_0222,protein_0052,0.26436781609195403
protein_0222,protein_0053,0.367816091954023
protein_0222,protein_0054,0.12605042016806722
protein_0222,protein_0055,0.13953488372093023
protein_0222,protein_0056,0.13333333333333333
protein_0222,protein_0057,0.16091954022988506
protein_0222,protein_0058,0.11702127659574468
protein_0222,protein_0059,0.3218390804597701
protein_0222,protein_0060,0.16216216216216217
protein_0222,protein_0061,0.16666666666666666
protein_0222,protein_0062,0.3218390804597701
protein_0222,protein_0063,0.09009009009009009
protein_0222,protein_0064,0.25287356321839083
protein_0222,protein_0065,0.1568627450980392
protein_0222,protein_0066,0.14814814814814814
protein_0222,protein_0067,0.46511627906976744
protein_0222,protein_0068,0.27586206896551724
protein_0222,protein_0069,0.47126436781609193
protein_0222,protein_0070,0.2777777777777778
protein_0222,protein_0071,0.29213483146067415
protein_0222,protein_0072,0.13953488372093023
protein_0222,protein_0073,0.3218390804597701
protein_0222,protein_0074,0.12631578947368421
protein_0222,protein_0075,0.21359223300970873
protein_0222,protein_0076,0.13953488372093023
protein_0222,protein_0077,0.3103448275862069
protein_0222,protein_0078,0.20535714285714285
protein_0222,protein_0079,0.20535714285714285
protein_0222,protein_0080,0.3103448275862069
protein_0222,protein_0081,0.28735632183908044
protein_0222,protein_0082,0.1650485436893204
protein_0222,protein_0083,0.4482758620689655
protein_0222,protein_0084,0.3333333333333333
protein_0222,protein_0085,0.1553398058252427
protein_0222,protein_0086,0.17592592592592593
protein_0222,protein_0087,0.16091954022988506
protein_0222,protein_0088,0.27586206896551724
protein_0222,protein_0089,0.18181818181818182
protein_0222,protein_0090,0.19008264462809918
protein_0222,protein_0091,0.11403508771929824
protein_0222,protein_0092,0.11403508771929824
protein_0222,protein_0093,0.4069767441860465
protein_0222,protein_0094,0.16393442622950818
protein_0222,protein_0095,0.17543859649122806
protein_0222,protein_0096,0.13861386138613863
protein_0222,protein_0097,0.3372093023255814
protein_0222,protein_0098,0.26373626373626374
protein_0222,protein_0099,0.15
protein_0222,protein_0100,0.1511627906976744
protein_0222,protein_0101,0.3218390804597701
protein_0222,protein_0102,0.31868131868131866
protein_0222,protein_0103,0.2608695652173913
protein_0222,protein_0104,0.11965811965811966
protein_0222,protein_0105,0.14893617021276595
protein_0222,protein_0106,0.1896551724137931
protein_0222,protein_0107,0.3218390804597701
protein_0222,protein_0108,0.2441860465116279
protein_0222,protein_0109,0.1511627906976744
protein_0222,protein_0110,0.4186046511627907
protein_0222,protein_0111,0.3103448275862069
protein_0222,protein_0113,0.43333333333333335
protein_0222,protein_0114,0.3103448275862069
protein_0222,protein_0116,0.11570247933884298
protein_0222,protein_0118,0.1744186046511628
protein_0222,protein_0119,0.14814814814814814
protein_0222,protein_0121,0.3409090909090909
protein_0222,protein_0122,0.27586206896551724
protein_0222,protein_0123,0.14942528735632185
protein_0222,protein_0124,0.28735632183908044
protein_0222,protein_0125,0.10204081632653061
protein_0222,protein_0126,0.17475728155339806
protein_0222,protein_0127,0.27586206896551724
protein_0222,protein_0128,0.3218390804597701
protein_0222,protein_0130,0.18181818181818182
protein_0222,protein_0131,0.16129032258064516
protein_0222,protein_0132,0.1834862385321101
protein_0222,protein_0133,0.1834862385321101
protein_0222,protein_0134,0.26744186046511625
protein_0222,protein_0135,0.2413793103448276
protein_0222,protein_0137,0.13445378151260504
protein_0222,protein_0138,0.13445378151260504
protein_0222,protein_0139,0.13953488372093023
protein_0222,protein_0140,0.4673913043478261
protein_0222,protein_0141,0.25263157894736843
protein_0222,protein_0142,0.4418604651162791
protein_0222,protein_0143,0.2988505747126437
protein_0222,protein_0144,0.26436781609195403
protein_0222,protein_0145,0.1511627906976744
protein_0222,protein_0146,0.16091954022988506
protein_0222,protein_0147,0.3218390804597701
protein_0222,protein_0148,0.3563218390804598
protein_0222,protein_0149,0.15384615384615385
protein_0222,protein_0150,0.27906976744186046
protein_0222,protein_0151,0.20224719101123595
protein_0222,protein_0152,0.16129032258064516
protein_0222,protein_0153,0.1839080459770115
protein_0222,protein_0155,0.15833333333333333
protein_0222,protein_0156,0.1896551724137931
protein_0222,protein_0157,0.10227272727272728
protein_0222,protein_0158,0.15730337078651685
protein_0222,protein_0159,0.3103448275862069
protein_0222,protein_0160,0.3146067415730337
protein_0222,protein_0161,0.15
protein_0222,protein_0162,0.29545454545454547
protein_0222,protein_0163,0.16822429906542055
protein_0222,protein_0165,0.12903225806451613
protein_0222,protein_0166,0.2413793103448276
protein_0222,protein_0167,0.1891891891891892
protein_0222,protein_0168,0.1891891891891892
protein_0222,protein_0169,0.09448818897637795
protein_0222,protein_0170,0.26436781609195403
protein_0222,protein_0171,0.28735632183908044
protein_0222,protein_0172,0.13821138211382114
protein_0222,protein_0173,0.3448275862068966
protein_0222,protein_0174,0.2988505747126437
protein_0222,protein_0175,0.30337078651685395
protein_0222,protein_0176,0.12903225806451613
protein_0222,protein_0177,0.13953488372093023
protein_0222,protein_0178,0.18584070796460178
protein_0222,protein_0180,0.26136363636363635
protein_0222,protein_0181,0.45977011494252873
protein_0222,protein_0182,0.3333333333333333
protein_0222,protein_0184,0.2988505747126437
protein_0222,protein_0186,0.14150943396226415
protein_0222,protein_0187,0.2988505747126437
protein_0222,protein_0188,0.16279069767441862
protein_0222,protein_0189,0.28735632183908044
protein_0222,protein_0190,0.47126436781609193
protein_0222,protein_0191,0.2840909090909091
protein_0222,protein_0192,0.3010752688172043
protein_0222,protein_0193,0.3103448275862069
protein_0222,protein_0194,0.32967032967032966
protein_0222,protein_0195,0.4482758620689655
protein_0222,protein_0196,0.4482758620689655
protein_0222,protein_0198,0.33707865168539325
protein_0222,protein_0200,0.42528735632183906
protein_0222,protein_0201,0.1588785046728972
protein_0222,protein_0202,0.375
protein_0222,protein_0205,0.07906976744186046
protein_0222,protein_0206,0.5227272727272727
protein_0222,protein_0207,0.14173228346456693
protein_0222,protein_0208,0.1415929203539823
protein_0222,protein_0209,0.3333333333333333
protein_0222,protein_0210,0.313953488372093
protein_0222,protein_0212,0.1348314606741573
protein_0222,protein_0213,0.3563218390804598
protein_0222,protein_0214,0.12359550561797752
protein_0222,protein_0215,0.12371134020618557
protein_0222,protein_0216,0.12371134020618557
protein_0222,protein_0217,0.13978494623655913
protein_0222,protein_0218,0.16
protein_0222,protein_0219,0.15079365079365079
protein_0222,protein_0220,0.26136363636363635
protein_0222,protein_0221,0.0989010989010989
protein_0222,protein_0223,0.12222222222222222
protein_0222,protein_0225,0.17045454545454544
protein_0222,protein_0226,0.14
protein_0222,protein_0227,0.17045454545454544
protein_0222,protein_0228,0.2391304347826087
protein_0222,protein_0229,0.14285714285714285
protein_0222,protein_0230,0.15730337078651685
protein_0222,protein_0231,0.3563218390804598
protein_0222,protein_0232,0.1511627906976744
protein_0222,protein_0233,0.12307692307692308
protein_0222,protein_0235,0.15625
protein_0222,protein_0236,0.45977011494252873
protein_0222,protein_0238,0.14925373134328357
protein_0222,protein_0239,0.28888888888888886
protein_0222,protein_0240,0.28735632183908044
protein_0222,protein_0241,0.28888888888888886
protein_0222,protein_0242,0.13953488372093023
protein_0222,protein_0243,0.27586206896551724
protein_0222,protein_0244,0.18181818181818182
protein_0222,protein_0245,0.16379310344827586
protein_0222,protein_0246,0.16842105263157894
protein_0222,protein_0247,0.1744186046511628
protein_0222,protein_0248,0.2988505747126437
protein_0222,protein_0249,0.3181818181818182
protein_0222,protein_0250,0.14444444444444443
protein_0222,protein_0251,0.125
protein_0222,protein_0252,0.16842105263157894
protein_0222,protein_0254,0.1744186046511628
protein_0222,protein_0255,0.09659090909090909
protein_0222,protein_0256,0.1553398058252427
protein_0222,protein_0257,0.14018691588785046
protein_0222,protein_0258,0.45348837209302323
protein_0222,protein_0259,0.14942528735632185
protein_0222,protein_0260,0.14942528735632185
protein_0222,protein_0261,0.09090909090909091
protein_0222,protein_0262,0.14583333333333334
protein_0222,protein_0263,0.16911764705882354
protein_0222,protein_0264,0.25287356321839083
protein_0222,protein_0265,0.25287356321839083
protein_0222,protein_0266,0.15384615384615385
protein_0222,protein_0267,0.2087912087912088
protein_0222,protein_0268,0.17045454545454544
protein_0222,protein_0269,0.16379310344827586
protein_0222,protein_0270,0.13793103448275862
protein_0222,protein_0271,0.18604651162790697
protein_0222,protein_0272,0.47126436781609193
protein_0222,protein_0273,0.47126436781609193
protein_0222,protein_0274,0.20212765957446807
protein_0222,protein_0275,0.15
protein_0222,protein_0276,0.3146067415730337
protein_0222,protein_0278,0.34444444444444444
protein_0222,protein_0279,0.27586206896551724
protein_0222,protein_0280,0.2808988764044944
protein_0222,protein_0281,0.15
protein_0222,protein_0284,0.22988505747126436
protein_0222,protein_0285,0.4827586206896552
protein_0222,protein_0286,0.15730337078651685
protein_0222,protein_0288,0.32222222222222224
protein_0222,protein_0289,0.11494252873563218
protein_0222,protein_0290,0.12871287128712872
protein_0222,protein_0291,0.26436781609195403
protein_0222,protein_0292,0.1797752808988764
protein_0222,protein_0293,0.20430107526881722
protein_0222,protein_0294,0.26436781609195403
protein_0222,protein_0295,0.12790697674418605
protein_0222,protein_0296,0.14035087719298245
protein_0222,protein_0297,0.13636363636363635
protein_0222,protein_0298,0.1744186046511628
protein_0222,protein_0300,0.13829787234042554
protein_0222,protein_0301,0.13829787234042554
protein_0222,protein_0302,0.07373271889400922
protein_0222,protein_0303,0.23255813953488372
protein_0222,protein_0304,0.13043478260869565
protein_0222,protein_0305,0.16346153846153846
protein_0222,protein_0306,0.13953488372093023
protein_0222,protein_0307,0.13953488372093023
protein_0222,protein_0308,0.1092436974789916
protein_0222,protein_0309,0.19387755102040816
protein_0222,protein_0310,0.21359223300970873
protein_0222,protein_0311,0.28888888888888886
protein_0222,protein_0312,0.3103448275862069
protein_0222,protein_0313,0.2127659574468085
protein_0222,protein_0314,0.1188118811881188
protein_0222,protein_0315,0.1440677966101695
protein_0222,protein_0316,0.14942528735632185
protein_0222,protein_0317,0.15
protein_0222,protein_0318,0.15833333333333333
protein_0222,protein_0319,0.4942528735632184
protein_0222,protein_0320,0.32954545454545453
protein_0222,protein_0321,0.2
protein_0222,protein_0322,0.26436781609195403
protein_0222,protein_0323,0.29545454545454547
protein_0222,protein_0324,0.12790697674418605
protein_0222,protein_0326,0.13978494623655913
protein_0222,protein_0328,0.1565217391304348
protein_0222,protein_0329,0.1565217391304348
protein_0222,protein_0330,0.4367816091954023
protein_0222,protein_0331,0.1511627906976744
protein_0222,protein_0332,0.22988505747126436
protein_0222,protein_0333,0.22988505747126436
protein_0222,protein_0334,0.19148936170212766
protein_0222,protein_0335,0.15454545454545454
protein_0222,protein_0336,0.13953488372093023
protein_0222,protein_0337,0.40229885057471265
protein_0222,protein_0338,0.27586206896551724
protein_0222,protein_0339,0.14772727272727273
protein_0222,protein_0340,0.10091743119266056
protein_0222,protein_0341,0.23529411764705882
protein_0222,protein_0342,0.12790697674418605
protein_0222,protein_0343,0.12643678160919541
protein_0222,protein_0344,0.3146067415730337
protein_0222,protein_0345,0.13675213675213677
protein_0222,protein_0346,0.13675213675213677
protein_0222,protein_0347,0.18888888888888888
protein_0222,protein_0348,0.13533834586466165
protein_0222,protein_0349,0.1792452830188679
protein_0222,protein_0351,0.45977011494252873
protein_0222,protein_0352,0.13953488372093023
protein_0222,protein_0353,0.1891891891891892
protein_0222,protein_0354,0.25287356321839083
protein_0222,protein_0355,0.41379310344827586
protein_0222,protein_0356,0.13953488372093023
protein_0222,protein_0358,0.30337078651685395
protein_0222,protein_0359,0.11666666666666667
protein_0222,protein_0361,0.17054263565891473
protein_0222,protein_0363,0.22988505747126436
protein_0222,protein_0364,0.22988505747126436
protein_0222,protein_0365,0.20930232558139536
protein_0222,protein_0366,0.20930232558139536
protein_0222,protein_0367,0.16346153846153846
protein_0222,protein_0369,0.12903225806451613
protein_0222,protein_0370,0.3146067415730337
protein_0222,protein_0371,0.2441860465116279
protein_0222,protein_0372,0.0871559633027523
protein_0222,protein_0373,0.14814814814814814
protein_0222,protein_0374,0.13675213675213677
protein_0222,protein_0375,0.28735632183908044
protein_0222,protein_0376,0.19230769230769232
protein_0222,protein_0377,0.25287356321839083
protein_0222,protein_0379,0.14893617021276595
protein_0222,protein_0380,0.14893617021276595
protein_0222,protein_0381,0.14893617021276595
protein_0222,protein_0382,0.21839080459770116
protein_0222,protein_0383,0.16279069767441862
protein_0222,protein_0385,0.16037735849056603
protein_0222,protein_0386,0.13725490196078433
protein_0222,protein_0387,0.14150943396226415
protein_0222,protein_0388,0.1590909090909091
protein_0222,protein_0389,0.09302325581395349
protein_0222,protein_0390,0.47126436781609193
protein_0222,protein_0391,0.2111111111111111
protein_0222,protein_0393,0.27586206896551724
protein_0222,protein_0394,0.13333333333333333
protein_0222,protein_0395,0.20430107526881722
protein_0222,protein_0396,0.12931034482758622
protein_0222,protein_0397,0.27586206896551724
protein_0222,protein_0398,0.16101694915254236
protein_0222,protein_0399,0.3695652173913043
protein_0224,protein_0000,0.12643678160919541
protein_0224,protein_0001,0.19946848052334223
protein_0224,protein_0003,0.13793103448275862
protein_0224,protein_0004,0.16129032258064516
protein_0224,protein_0005,0.14285714285714285
protein_0224,protein_0006,0.14772727272727273
protein_0224,protein_0007,0.1990196865852788
protein_0224,protein_0008,0.13861386138613863
protein_0224,protein_0009,0.15384615384615385
protein_0224,protein_0010,0.1724137931034483
protein_0224,protein_0012,0.12790697674418605
protein_0224,protein_0013,0.2112676056338028
protein_0224,protein_0014,0.15164188279374746
protein_0224,protein_0015,0.15841584158415842
protein_0224,protein_0016,0.1388888888888889
protein_0224,protein_0017,0.1328125
protein_0224,protein_0018,0.13793103448275862
protein_0224,protein_0019,0.2164062674511591
protein_0224,protein_0020,0.16279069767441862
protein_0224,protein_0021,0.1686746987951807
protein_0224,protein_0022,0.10669665167416292
protein_0224,protein_0023,0.11931818181818182
protein_0224,protein_0024,0.15254237288135594
protein_0224,protein_0025,0.19318181818181818
protein_0224,protein_0027,0.13560491967871485
protein_0224,protein_0028,0.11
protein_0224,protein_0029,0.22521105484923687
protein_0224,protein_0030,0.13445378151260504
protein_0224,protein_0031,0.1414141414141414
protein_0224,protein_0032,0.16091954022988506
protein_0224,protein_0033,0.1702127659574468
protein_0224,protein_0034,0.13829787234042554
protein_0224,protein_0035,0.19387755102040816
protein_0224,protein_0036,0.237778496377321
protein_0224,protein_0037,0.1497326203208556
protein_0224,protein_0039,0.14942528735632185
protein_0224,protein_0040,0.19402985074626866
protein_0224,protein_0041,0.12643678160919541
protein_0224,protein_0042,0.15730337078651685
protein_0224,protein_0043,0.13333333333333333
protein_0224,protein_0044,0.14444444444444443
protein_0224,protein_0045,0.14606741573033707
protein_0224,protein_0046,0.1990196865852788
protein_0224,protein_0047,0.12643678160919541
protein_0224,protein_0048,0.14893617021276595
protein_0224,protein_0049,0.12903225806451613
protein_0224,protein_0050,0.13131313131313133
protein_0224,protein_0051,0.23192848020434226
protein_0224,protein_0052,0.12643678160919541
protein_0224,protein_0053,0.13793103448275862
protein_0224,protein_0054,0.18181818181818182
protein_0224,protein_0055,0.1794871794871795
protein_0224,protein_0056,0.13214285714285715
protein_0224,protein_0057,0.203330031412865
protein_0224,protein_0058,0.16176470588235295
protein_0224,protein_0059,0.15555555555555556
protein_0224,protein_0060,0.12797881729920565
protein_0224,protein_0061,0.15053763440860216
protein_0224,protein_0062,0.14942528735632185
protein_0224,protein_0063,0.07981220657276995
protein_0224,protein_0064,0.17045454545454544
protein_0224,protein_0065,0.18181818181818182
protein_0224,protein_0066,0.12
protein_0224,protein_0067,0.14705882352941177
protein_0224,protein_0068,0.1724137931034483
protein_0224,protein_0069,0.1276595744680851
protein_0224,protein_0070,0.15555555555555556
protein_0224,protein_0071,0.12359550561797752
protein_0224,protein_0072,0.209968932748538
protein_0224,protein_0073,0.16091954022988506
protein_0224,protein_0074,0.1702127659574468
protein_0224,protein_0075,0.1295640034364261
protein_0224,protein_0076,0.16455696202531644
protein_0224,protein_0077,0.13333333333333333
protein_0224,protein_0078,0.12380952380952381
protein_0224,protein_0079,0.12380952380952381
protein_0224,protein_0080,0.11494252873563218
protein_0224,protein_0081,0.12643678160919541
protein_0224,protein_0082,0.13861386138613863
protein_0224,protein_0083,0.18085106382978725
protein_0224,protein_0084,0.15205198358413133
protein_0224,protein_0085,0.14
protein_0224,protein_0086,0.13861386138613863
protein_0224,protein_0087,0.18116246498599442
protein_0224,protein_0088,0.1348314606741573
protein_0224,protein_0089,0.11126482213438735
protein_0224,protein_0090,0.11126482213438735
protein_0224,protein_0091,0.12389380530973451
protein_0224,protein_0092,0.12389380530973451
protein_0224,protein_0093,0.15463917525773196
protein_0224,protein_0094,0.13559322033898305
protein_0224,protein_0095,0.1204944178628389
protein_0224,protein_0096,0.12121212121212122
protein_0224,protein_0097,0.14772727272727273
protein_0224,protein_0098,0.16304347826086957
protein_0224,protein_0099,0.13342159458664313
protein_0224,protein_0100,0.23727385219320704
protein_0224,protein_0101,0.16091954022988506
protein_0224,protein_0102,0.14942528735632185
protein_0224,protein_0103,0.18181818181818182
protein_0224,protein_0104,0.13675213675213677
protein_0224,protein_0105,0.2
protein_0224,protein_0106,0.1312557216966738
protein_0224,protein_0107,0.14285714285714285
protein_0224,protein_0108,0.1728395061728395
protein_0224,protein_0109,0.19544637613127097
protein_0224,protein_0110,0.16279069767441862
protein_0224,protein_0111,0.13793103448275862
protein_0224,protein_0113,0.13829787234042554
protein_0224,protein_0114,0.12903225806451613
protein_0224,protein_0116,0.11508029768899333
protein_0224,protein_0118,0.25628489044297526
protein_0224,protein_0119,0.11
protein_0224,protein_0121,0.14942528735632185
protein_0224,protein_0122,0.12954333643988816
protein_0224,protein_0123,0.21664457318669808
protein_0224,protein_0124,0.11494252873563218
protein_0224,protein_0125,0.1650485436893204
protein_0224,protein_0126,0.15151515151515152
protein_0224,protein_0127,0.12222222222222222
protein_0224,protein_0128,0.16091954022988506
protein_0224,protein_0130,0.11126482213438735
protein_0224,protein_0131,0.1950187969924812
protein_0224,protein_0132,0.1320754716981132
protein_0224,protein_0133,0.1320754716981132
protein_0224,protein_0134,0.13636363636363635
protein_0224,protein_0135,0.14457831325301204
protein_0224,protein_0137,0.1282051282051282
protein_0224,protein_0138,0.1282051282051282
protein_0224,protein_0139,0.207213265862789
protein_0224,protein_0140,0.13333333333333333
protein_0224,protein_0141,0.13296507086262693
protein_0224,protein_0142,0.16091954022988506
protein_0224,protein_0143,0.16091954022988506
protein_0224,protein_0144,0.14942528735632185
protein_0224,protein_0145,0.20711090077788813
protein_0224,protein_0146,0.18055555555555555
protein_0224,protein_0147,0.11494252873563218
protein_0224,protein_0148,0.10344827586206896
protein_0224,protein_0149,0.2290665273423894
protein_0224,protein_0150,0.13953488372093023
protein_0224,protein_0151,0.14130434782608695
protein_0224,protein_0152,0.23574137638782944
protein_0224,protein_0153,0.1699535032868366
protein_0224,protein_0155,0.12605042016806722
protein_0224,protein_0156,0.1308411214953271
protein_0224,protein_0157,0.11904761904761904
protein_0224,protein_0158,0.20456167983088902
protein_0224,protein_0159,0.13186813186813187
protein_0224,protein_0160,0.12790697674418605
protein_0224,protein_0161,0.1282051282051282
protein_0224,protein_0162,0.19047619047619047
protein_0224,protein_0163,0.13
protein_0224,protein_0165,0.24952352883387366
protein_0224,protein_0166,0.1956521739130435
protein_0224,protein_0167,0.1292663476874003
protein_0224,protein_0168,0.13365231259968102
protein_0224,protein_0169,0.1271186440677966
protein_0224,protein_0170,0.12048192771084337
protein_0224,protein_0171,0.16091954022988506
protein_0224,protein_0172,0.1282051282051282
protein_0224,protein_0173,0.12643678160919541
protein_0224,protein_0174,0.13793103448275862
protein_0224,protein_0175,0.12643678160919541
protein_0224,protein_0176,0.22890377218435792
protein_0224,protein_0177,0.23285442213719343
protein_0224,protein_0178,0.1565217391304348
protein_0224,protein_0180,0.15555555555555556
protein_0224,protein_0181,0.14563106796116504
protein_0224,protein_0182,0.13793103448275862
protein_0224,protein_0184,0.13793103448275862
protein_0224,protein_0186,0.13861386138613863
protein_0224,protein_0187,0.12643678160919541
protein_0224,protein_0188,0.28068883843685993
protein_0224,protein_0189,0.125
protein_0224,protein_0190,0.14942528735632185
protein_0224,protein_0191,0.16091954022988506
protein_0224,protein_0192,0.12941176470588237
protein_0224,protein_0193,0.16091954022988506
protein_0224,protein_0194,0.13829787234042554
protein_0224,protein_0195,0.13793103448275862
protein_0224,protein_0196,0.14942528735632185
protein_0224,protein_0198,0.1590909090909091
protein_0224,protein_0200,0.17045454545454544
protein_0224,protein_0201,0.12871287128712872
protein_0224,protein_0202,0.13793103448275862
protein_0224,protein_0205,0.08530805687203792
protein_0224,protein_0206,0.12643678160919541
protein_0224,protein_0207,0.1271186440677966
protein_0224,protein_0208,0.12290759959825913
protein_0224,protein_0209,0.14444444444444443
protein_0224,protein_0210,0.12941176470588237
protein_0224,protein_0212,0.1780821917808219
protein_0224,protein_0213,0.12643678160919541
protein_0224,protein_0214,0.19696969696969696
protein_0224,protein_0215,0.2028985507246377
protein_0224,protein_0216,0.16
protein_0224,protein_0217,0.14457831325301204
protein_0224,protein_0218,0.136
protein_0224,protein_0219,0.1652892561983471
protein_0224,protein_0220,0.17045454545454544
protein_0224,protein_0221,0.2028985507246377
protein_0224,protein_0223,0.14705882352941177
protein_0224,protein_0225,0.15853658536585366
protein_0224,protein_0226,0.15555555555555556
protein_0224,protein_0227,0.22535211267605634
protein_0224,protein_0228,0.14488143435511858
protein_0224,protein_0229,0.14634146341463414
protein_0224,protein_0230,0.14772727272727273
protein_0224,protein_0231,0.12643678160919541
protein_0224,protein_0232,0.24152307387601504
protein_0224,protein_0233,0.11023622047244094
protein_0224,protein_0235,0.10985436629464733
protein_0224,protein_0236,0.12941081906599147
protein_0224,protein_0238,0.12213740458015267
protein_0224,protein_0239,0.16091954022988506
protein_0224,protein_0240,0.14942528735632185
protein_0224,protein_0241,0.13636363636363635
protein_0224,protein_0242,0.23383788128133493
protein_0224,protein_0243,0.13333333333333333
protein_0224,protein_0244,0.14407703488372092
protein_0224,protein_0245,0.13873873873873874
protein_0224,protein_0246,0.15789473684210525
protein_0224,protein_0247,0.12321107865411662
protein_0224,protein_0248,0.14606741573033707
protein_0224,protein_0249,0.16091954022988506
protein_0224,protein_0250,0.1370851370851371
protein_0224,protein_0251,0.13333333333333333
protein_0224,protein_0252,0.14285714285714285
protein_0224,protein_0254,0.1488885458474838
protein_0224,protein_0255,0.08771929824561403
protein_0224,protein_0256,0.14
protein_0224,protein_0257,0.15
protein_0224,protein_0258,0.1827956989247312
protein_0224,protein_0259,0.2101501684271071
protein_0224,protein_0260,0.2101501684271071
protein_0224,protein_0261,0.16666666666666666
protein_0224,protein_0262,0.12056737588652482
protein_0224,protein_0263,0.11029411764705882
protein_0224,protein_0264,0.19318181818181818
protein_0224,protein_0265,0.19318181818181818
protein_0224,protein_0266,0.1388888888888889
protein_0224,protein_0267,0.18681318681318682
protein_0224,protein_0268,0.13414634146341464
protein_0224,protein_0269,0.1271186440677966
protein_0224,protein_0270,0.14102564102564102
protein_0224,protein_0271,0.2197811134863835
protein_0224,protein_0272,0.12510803802938636
protein_0224,protein_0273,0.10809018567639259
protein_0224,protein_0274,0.12359550561797752
protein_0224,protein_0275,0.16666666666666666
protein_0224,protein_0276,0.11494252873563218
protein_0224,protein_0278,0.17204301075268819
protein_0224,protein_0279,0.15294117647058825
protein_0224,protein_0280,0.14942528735632185
protein_0224,protein_0281,0.13392857142857142
protein_0224,protein_0284,0.1338578283673697
protein_0224,protein_0285,0.13793103448275862
protein_0224,protein_0286,0.2192053219305722
protein_0224,protein_0288,0.18072289156626506
protein_0224,protein_0289,0.17906178489702518
protein_0224,protein_0290,0.1553398058252427
protein_0224,protein_0291,0.14261603375527426
protein_0224,protein_0292,0.23244552058111378
protein_0224,protein_0293,0.17204301075268819
protein_0224,protein_0294,0.14261603375527426
protein_0224,protein_0295,0.22129986062255258
protein_0224,protein_0296,0.1504424778761062
protein_0224,protein_0297,0.20182489923869235
protein_0224,protein_0298,0.22052002974254112
protein_0224,protein_0300,0.12147815434871376
protein_0224,protein_0301,0.125
protein_0224,protein_0302,0.08294930875576037
protein_0224,protein_0303,0.16
protein_0224,protein_0304,0.18336886993603413
protein_0224,protein_0305,0.14377104377104377
protein_0224,protein_0306,0.1794871794871795
protein_0224,protein_0307,0.12605042016806722
protein_0224,protein_0308,0.13043478260869565
protein_0224,protein_0309,0.1411779575328615
protein_0224,protein_0310,0.15151515151515152
protein_0224,protein_0311,0.14942528735632185
protein_0224,protein_0312,0.14942528735632185
protein_0224,protein_0313,0.127789046653144
protein_0224,protein_0314,0.13
protein_0224,protein_0315,0.1504424778761062
protein_0224,protein_0316,0.20566138605219517
protein_0224,protein_0317,0.1553398058252427
protein_0224,protein_0318,0.13392857142857142
protein_0224,protein_0319,0.13793103448275862
protein_0224,protein_0320,0.14736842105263157
protein_0224,protein_0321,0.16853932584269662
protein_0224,protein_0322,0.14457831325301204
protein_0224,protein_0323,0.16853932584269662
protein_0224,protein_0324,0.15492957746478872
protein_0224,protein_0326,0.15294117647058825
protein_0224,protein_0328,0.1574074074074074
protein_0224,protein_0329,0.1574074074074074
protein_0224,protein_0330,0.14942528735632185
protein_0224,protein_0331,0.22512988601806808
protein_0224,protein_0332,0.16617405582922823
protein_0224,protein_0333,0.10918803418803419
protein_0224,protein_0334,0.14444444444444443
protein_0224,protein_0335,0.14705882352941177
protein_0224,protein_0336,0.1954209217072532
protein_0224,protein_0337,0.12026515151515152
protein_0224,protein_0338,0.13793103448275862
protein_0224,protein_0339,0.23171244625108672
protein_0224,protein_0340,0.15
protein_0224,protein_0341,0.14563106796116504
protein_0224,protein_0342,0.19718309859154928
protein_0224,protein_0343,0.17181540808543094
protein_0224,protein_0344,0.13793103448275862
protein_0224,protein_0345,0.13075060532687652
protein_0224,protein_0346,0.13075060532687652
protein_0224,protein_0347,0.2352644914102089
protein_0224,protein_0348,0.14782608695652175
protein_0224,protein_0349,0.14
protein_0224,protein_0351,0.18085106382978725
protein_0224,protein_0352,0.22728335526704913
protein_0224,protein_0353,0.11620553359683794
protein_0224,protein_0354,0.1724137931034483
protein_0224,protein_0355,0.14257066462948814
protein_0224,protein_0356,0.23580581355349156
protein_0224,protein_0358,0.12643678160919541
protein_0224,protein_0359,0.11764705882352941
protein_0224,protein_0361,0.15254237288135594
protein_0224,protein_0363,0.16091954022988506
protein_0224,protein_0364,0.17045454545454544
protein_0224,protein_0365,0.15555555555555556
protein_0224,protein_0366,0.15555555555555556
protein_0224,protein_0367,0.15151515151515152
protein_0224,protein_0369,0.18518518518518517
protein_0224,protein_0370,0.13793103448275862
protein_0224,protein_0371,0.13953488372093023
protein_0224,protein_0372,0.07339449541284404
protein_0224,protein_0373,0.16831683168316833
protein_0224,protein_0374,0.1282051282051282
protein_0224,protein_0375,0.14942528735632185
protein_0224,protein_0376,0.16161616161616163
protein_0224,protein_0377,0.14942528735632185
protein_0224,protein_0379,0.15815012873836407
protein_0224,protein_0380,0.15815012873836407
protein_0224,protein_0381,0.15815012873836407
protein_0224,protein_0382,0.12947612732095493
protein_0224,protein_0383,0.22120818615240365
protein_0224,protein_0385,0.14
protein_0224,protein_0386,0.13131313131313133
protein_0224,protein_0387,0.12631578947368421
protein_0224,protein_0388,0.20511265909872722
protein_0224,protein_0389,0.1927710843373494
protein_0224,protein_0390,0.14942528735632185
protein_0224,protein_0391,0.13636363636363635
protein_0224,protein_0393,0.14444444444444443
protein_0224,protein_0394,0.14035087719298245
protein_0224,protein_0395,0.15730337078651685
protein_0224,protein_0396,0.12280701754385964
protein_0224,protein_0397,0.14457831325301204
protein_0224,protein_0398,0.1339392489834968
protein_0224,protein_0399,0.11494252873563218
protein_0234,protein_0000,0.18584070796460178
protein_0234,protein_0001,0.12121212121212122
protein_0234,protein_0003,0.16831683168316833
protein_0234,protein_0004,0.18269230769230768
protein_0234,protein_0005,0.15
protein_0234,protein_0006,0.21153846153846154
protein_0234,protein_0007,0.16161616161616163
protein_0234,protein_0008,0.5151515151515151
protein_0234,protein_0009,0.1568627450980392
protein_0234,protein_0010,0.17
protein_0234,protein_0012,0.19607843137254902
protein_0234,protein_0013,0.1262135922330097
protein_0234,protein_0014,0.28431372549019607
protein_0234,protein_0015,0.2727272727272727
protein_0234,protein_0016,0.48484848484848486
protein_0234,protein_0017,0.1590909090909091
protein_0234,protein_0018,0.16831683168316833
protein_0234,protein_0019,0.18627450980392157
protein_0234,protein_0020,0.13274336283185842
protein_0234,protein_0021,0.16666666666666666
protein_0234,protein_0022,0.1553398058252427
protein_0234,protein_0023,0.13392857142857142
protein_0234,protein_0024,0.1693548387096774
protein_0234,protein_0025,0.17699115044247787
protein_0234,protein_0027,0.2
protein_0234,protein_0028,0.19130434782608696
protein_0234,protein_0029,0.16831683168316833
protein_0234,protein_0030,0.17557251908396945
protein_0234,protein_0031,0.3939393939393939
protein_0234,protein_0032,0.18269230769230768
protein_0234,protein_0033,0.2403846153846154
protein_0234,protein_0034,0.1650485436893204
protein_0234,protein_0035,0.16666666666666666
protein_0234,protein_0036,0.16
protein_0234,protein_0037,0.1650485436893204
protein_0234,protein_0039,0.09345794392523364
protein_0234,protein_0040,0.15384615384615385
protein_0234,protein_0041,0.15384615384615385
protein_0234,protein_0042,0.16071428571428573
protein_0234,protein_0043,0.1553398058252427
protein_0234,protein_0044,0.13592233009708737
protein_0234,protein_0045,0.20535714285714285
protein_0234,protein_0046,0.19
protein_0234,protein_0047,0.15
protein_0234,protein_0048,0.16
protein_0234,protein_0049,0.1388888888888889
protein_0234,protein_0050,0.43
protein_0234,protein_0051,0.16037735849056603
protein_0234,protein_0052,0.17757009345794392
protein_0234,protein_0053,0.20588235294117646
protein_0234,protein_0054,0.13740458015267176
protein_0234,protein_0055,0.17424242424242425
protein_0234,protein_0056,0.13821138211382114
protein_0234,protein_0057,0.17
protein_0234,protein_0058,0.15151515151515152
protein_0234,protein_0059,0.1523809523809524
protein_0234,protein_0060,0.13934426229508196
protein_0234,protein_0061,0.2222222222222222
protein_0234,protein_0062,0.18627450980392157
protein_0234,protein_0063,0.1267605633802817
protein_0234,protein_0064,0.1941747572815534
protein_0234,protein_0065,0.5247524752475248
protein_0234,protein_0066,0.13513513513513514
protein_0234,protein_0067,0.15841584158415842
protein_0234,protein_0068,0.16216216216216217
protein_0234,protein_0069,0.19626168224299065
protein_0234,protein_0070,0.20952380952380953
protein_0234,protein_0071,0.2
protein_0234,protein_0072,0.16161616161616163
protein_0234,protein_0073,0.13513513513513514
protein_0234,protein_0074,0.46464646464646464
protein_0234,protein_0075,0.2
protein_0234,protein_0076,0.16822429906542055
protein_0234,protein_0077,0.2
protein_0234,protein_0078,0.13333333333333333
protein_0234,protein_0079,0.13333333333333333
protein_0234,protein_0080,0.125
protein_0234,protein_0081,0.14423076923076922
protein_0234,protein_0082,0.125
protein_0234,protein_0083,0.11214953271028037
protein_0234,protein_0084,0.16831683168316833
protein_0234,protein_0085,0.125
protein_0234,protein_0086,0.12844036697247707
protein_0234,protein_0087,0.18811881188118812
protein_0234,protein_0088,0.22857142857142856
protein_0234,protein_0089,0.18604651162790697
protein_0234,protein_0090,0.18604651162790697
protein_0234,protein_0091,0.1440677966101695
protein_0234,protein_0092,0.1440677966101695
protein_0234,protein_0093,0.14705882352941177
protein_0234,protein_0094,0.1864406779661017
protein_0234,protein_0095,0.1796875
protein_0234,protein_0096,0.24242424242424243
protein_0234,protein_0097,0.14414414414414414
protein_0234,protein_0098,0.16346153846153846
protein_0234,protein_0099,0.152
protein_0234,protein_0100,0.1782178217821782
protein_0234,protein_0101,0.1574074074074074
protein_0234,protein_0102,0.14912280701754385
protein_0234,protein_0103,0.18181818181818182
protein_0234,protein_0104,0.15079365079365079
protein_0234,protein_0105,0.14
protein_0234,protein_0106,0.16279069767441862
protein_0234,protein_0107,0.19626168224299065
protein_0234,protein_0108,0.19801980198019803
protein_0234,protein_0109,0.1414141414141414
protein_0234,protein_0110,0.22549019607843138
protein_0234,protein_0111,0.18
protein_0234,protein_0113,0.20192307692307693
protein_0234,protein_0114,0.19491525423728814
protein_0234,protein_0116,0.12307692307692308
protein_0234,protein_0118,0.18181818181818182
protein_0234,protein_0119,0.1834862385321101
protein_0234,protein_0121,0.1717171717171717
protein_0234,protein_0122,0.17647058823529413
protein_0234,protein_0123,0.16
protein_0234,protein_0124,0.2222222222222222
protein_0234,protein_0125,0.5353535353535354
protein_0234,protein_0126,0.5148514851485149
protein_0234,protein_0127,0.14423076923076922
protein_0234,protein_0128,0.1651376146788991
protein_0234,protein_0130,0.15079365079365079
protein_0234,protein_0131,0.12121212121212122
protein_0234,protein_0132,0.1951219512195122
protein_0234,protein_0133,0.1951219512195122
protein_0234,protein_0134,0.12962962962962962
protein_0234,protein_0135,0.1743119266055046
protein_0234,protein_0137,0.1450381679389313
protein_0234,protein_0138,0.1450381679389313
protein_0234,protein_0139,0.1650485436893204
protein_0234,protein_0140,0.21495327102803738
protein_0234,protein_0141,0.16806722689075632
protein_0234,protein_0142,0.21621621621621623
protein_0234,protein_0143,0.22018348623853212
protein_0234,protein_0144,0.19230769230769232
protein_0234,protein_0145,0.16037735849056603
protein_0234,protein_0146,0.09
protein_0234,protein_0147,0.19801980198019803
protein_0234,protein_0148,0.17391304347826086
protein_0234,protein_0149,0.16161616161616163
protein_0234,protein_0150,0.16346153846153846
protein_0234,protein_0151,0.16101694915254236
protein_0234,protein_0152,0.1717171717171717
protein_0234,protein_0153,0.16831683168316833
protein_0234,protein_0155,0.1794871794871795
protein_0234,protein_0156,0.2457627118644068
protein_0234,protein_0157,0.14563106796116504
protein_0234,protein_0158,0.16161616161616163
protein_0234,protein_0159,0.1619047619047619
protein_0234,protein_0160,0.20388349514563106
protein_0234,protein_0161,0.15447154471544716
protein_0234,protein_0162,0.19230769230769232
protein_0234,protein_0163,0.13636363636363635
protein_0234,protein_0165,0.1619047619047619
protein_0234,protein_0166,0.1834862385321101
protein_0234,protein_0167,0.1391304347826087
protein_0234,protein_0168,0.15503875968992248
protein_0234,protein_0169,0.12096774193548387
protein_0234,protein_0170,0.16346153846153846
protein_0234,protein_0171,0.1650485436893204
protein_0234,protein_0172,0.1889763779527559
protein_0234,protein_0173,0.1717171717171717
protein_0234,protein_0174,0.19230769230769232
protein_0234,protein_0175,0.1875
protein_0234,protein_0176,0.16161616161616163
protein_0234,protein_0177,0.13861386138613863
protein_0234,protein_0178,0.13636363636363635
protein_0234,protein_0180,0.18867924528301888
protein_0234,protein_0181,0.16666666666666666
protein_0234,protein_0182,0.1792452830188679
protein_0234,protein_0184,0.1415929203539823
protein_0234,protein_0186,0.24242424242424243
protein_0234,protein_0187,0.1875
protein_0234,protein_0188,0.18627450980392157
protein_0234,protein_0189,0.16346153846153846
protein_0234,protein_0190,0.2
protein_0234,protein_0191,0.18095238095238095
protein_0234,protein_0192,0.18867924528301888
protein_0234,protein_0193,0.2018348623853211
protein_0234,protein_0194,0.1919191919191919
protein_0234,protein_0195,0.14018691588785046
protein_0234,protein_0196,0.17475728155339806
protein_0234,protein_0198,0.15384615384615385
protein_0234,protein_0200,0.22935779816513763
protein_0234,protein_0201,0.15178571428571427
protein_0234,protein_0202,0.20353982300884957
protein_0234,protein_0205,0.12264150943396226
protein_0234,protein_0206,0.1941747572815534
protein_0234,protein_0207,0.16666666666666666
protein_0234,protein_0208,0.1504424778761062
protein_0234,protein_0209,0.14563106796116504
protein_0234,protein_0210,0.17142857142857143
protein_0234,protein_0212,0.16161616161616163
protein_0234,protein_0213,0.21782178217821782
protein_0234,protein_0214,0.10576923076923077
protein_0234,protein_0215,0.14
protein_0234,protein_0216,0.1320754716981132
protein_0234,protein_0217,0.14953271028037382
protein_0234,protein_0218,0.2125984251968504
protein_0234,protein_0219,0.14516129032258066
protein_0234,protein_0220,0.17475728155339806
protein_0234,protein_0221,0.12121212121212122
protein_0234,protein_0223,0.1414141414141414
protein_0234,protein_0225,0.16964285714285715
protein_0234,protein_0226,0.20754716981132076
protein_0234,protein_0227,0.1111111111111111
protein_0234,protein_0228,0.18811881188118812
protein_0234,protein_0229,0.18095238095238095
protein_0234,protein_0230,0.14953271028037382
protein_0234,protein_0231,0.16666666666666666
protein_0234,protein_0232,0.17647058823529413
protein_0234,protein_0233,0.16666666666666666
protein_0234,protein_0235,0.19298245614035087
protein_0234,protein_0236,0.1717171717171717
protein_0234,protein_0238,0.14184397163120568
protein_0234,protein_0239,0.1834862385321101
protein_0234,protein_0240,0.13274336283185842
protein_0234,protein_0241,0.1926605504587156
protein_0234,protein_0242,0.1919191919191919
protein_0234,protein_0243,0.15151515151515152
protein_0234,protein_0244,0.13131313131313133
protein_0234,protein_0245,0.19491525423728814
protein_0234,protein_0246,0.5151515151515151
protein_0234,protein_0247,0.17117117117117117
protein_0234,protein_0248,0.21568627450980393
protein_0234,protein_0249,0.19469026548672566
protein_0234,protein_0250,0.1792452830188679
protein_0234,protein_0251,0.11428571428571428
protein_0234,protein_0252,0.16161616161616163
protein_0234,protein_0254,0.16346153846153846
protein_0234,protein_0255,0.12290502793296089
protein_0234,protein_0256,0.1282051282051282
protein_0234,protein_0257,0.1282051282051282
protein_0234,protein_0258,0.12745098039215685
protein_0234,protein_0259,0.17142857142857143
protein_0234,protein_0260,0.17142857142857143
protein_0234,protein_0261,0.5151515151515151
protein_0234,protein_0262,0.1323529411764706
protein_0234,protein_0263,0.16666666666666666
protein_0234,protein_0264,0.19230769230769232
protein_0234,protein_0265,0.19230769230769232
protein_0234,protein_0266,0.1834862385321101
protein_0234,protein_0267,0.1391304347826087
protein_0234,protein_0268,0.17142857142857143
protein_0234,protein_0269,0.145985401459854
protein_0234,protein_0270,0.1414141414141414
protein_0234,protein_0271,0.1717171717171717
protein_0234,protein_0272,0.1485148514851485
protein_0234,protein_0273,0.1485148514851485
protein_0234,protein_0274,0.16981132075471697
protein_0234,protein_0275,0.5151515151515151
protein_0234,protein_0276,0.1559633027522936
protein_0234,protein_0278,0.1826086956521739
protein_0234,protein_0279,0.17117117117117117
protein_0234,protein_0280,0.17757009345794392
protein_0234,protein_0281,0.1889763779527559
protein_0234,protein_0284,0.18803418803418803
protein_0234,protein_0285,0.14563106796116504
protein_0234,protein_0286,0.2
protein_0234,protein_0288,0.1782178217821782
protein_0234,protein_0289,0.1717171717171717
protein_0234,protein_0290,0.16521739130434782
protein_0234,protein_0291,0.15178571428571427
protein_0234,protein_0292,0.16161616161616163
protein_0234,protein_0293,0.17
protein_0234,protein_0294,0.15178571428571427
protein_0234,protein_0295,0.16
protein_0234,protein_0296,0.184
protein_0234,protein_0297,0.15841584158415842
protein_0234,protein_0298,0.1941747572815534
protein_0234,protein_0300,0.17
protein_0234,protein_0301,0.17
protein_0234,protein_0302,0.10909090909090909
protein_0234,protein_0303,0.16831683168316833
protein_0234,protein_0304,0.18181818181818182
protein_0234,protein_0305,0.14018691588785046
protein_0234,protein_0306,0.17424242424242425
protein_0234,protein_0307,0.15267175572519084
protein_0234,protein_0308,0.16260162601626016
protein_0234,protein_0309,0.18627450980392157
protein_0234,protein_0310,0.5353535353535354
protein_0234,protein_0311,0.17307692307692307
protein_0234,protein_0312,0.20353982300884957
protein_0234,protein_0313,0.1592920353982301
protein_0234,protein_0314,0.12903225806451613
protein_0234,protein_0315,0.1565217391304348
protein_0234,protein_0316,0.14
protein_0234,protein_0317,0.13333333333333333
protein_0234,protein_0318,0.1889763779527559
protein_0234,protein_0319,0.19811320754716982
protein_0234,protein_0320,0.18584070796460178
protein_0234,protein_0321,0.1941747572815534
protein_0234,protein_0322,0.1834862385321101
protein_0234,protein_0323,0.11650485436893204
protein_0234,protein_0324,0.16161616161616163
protein_0234,protein_0326,0.19
protein_0234,protein_0328,0.1504424778761062
protein_0234,protein_0329,0.1504424778761062
protein_0234,protein_0330,0.17272727272727273
protein_0234,protein_0331,0.16831683168316833
protein_0234,protein_0332,0.1652892561983471
protein_0234,protein_0333,0.168141592920354
protein_0234,protein_0334,0.15384615384615385
protein_0234,protein_0335,0.1810344827586207
protein_0234,protein_0336,0.15841584158415842
protein_0234,protein_0337,0.2
protein_0234,protein_0338,0.16
protein_0234,protein_0339,0.1919191919191919
protein_0234,protein_0340,0.18181818181818182
protein_0234,protein_0341,0.15254237288135594
protein_0234,protein_0342,0.16161616161616163
protein_0234,protein_0343,0.1919191919191919
protein_0234,protein_0344,0.16161616161616163
protein_0234,protein_0345,0.18
protein_0234,protein_0346,0.18
protein_0234,protein_0347,0.15151515151515152
protein_0234,protein_0348,0.17647058823529413
protein_0234,protein_0349,0.17647058823529413
protein_0234,protein_0351,0.14545454545454545
protein_0234,protein_0352,0.13592233009708737
protein_0234,protein_0353,0.15503875968992248
protein_0234,protein_0354,0.14705882352941177
protein_0234,protein_0355,0.2
protein_0234,protein_0356,0.16161616161616163
protein_0234,protein_0358,0.16161616161616163
protein_0234,protein_0359,0.1640625
protein_0234,protein_0361,0.1774193548387097
protein_0234,protein_0363,0.1792452830188679
protein_0234,protein_0364,0.18867924528301888
protein_0234,protein_0365,0.13333333333333333
protein_0234,protein_0366,0.13333333333333333
protein_0234,protein_0367,0.5656565656565656
protein_0234,protein_0369,0.13861386138613863
protein_0234,protein_0370,0.16161616161616163
protein_0234,protein_0371,0.15384615384615385
protein_0234,protein_0372,0.11659192825112108
protein_0234,protein_0373,0.11504424778761062
protein_0234,protein_0374,0.16666666666666666
protein_0234,protein_0375,0.17757009345794392
protein_0234,protein_0376,0.6161616161616161
protein_0234,protein_0377,0.20192307692307693
protein_0234,protein_0379,0.18867924528301888
protein_0234,protein_0380,0.18867924528301888
protein_0234,protein_0381,0.18867924528301888
protein_0234,protein_0382,0.1652892561983471
protein_0234,protein_0383,0.17
protein_0234,protein_0385,0.2727272727272727
protein_0234,protein_0386,0.12280701754385964
protein_0234,protein_0387,0.14285714285714285
protein_0234,protein_0388,0.17
protein_0234,protein_0389,0.16
protein_0234,protein_0390,0.18627450980392157
protein_0234,protein_0391,0.1919191919191919
protein_0234,protein_0393,0.1504424778761062
protein_0234,protein_0394,0.1282051282051282
protein_0234,protein_0395,0.19230769230769232
protein_0234,protein_0396,0.176
protein_0234,protein_0397,0.18181818181818182
protein_0234,protein_0398,0.15126050420168066
protein_0234,protein_0399,0.19801980198019803
protein_0237,protein_0000,0.367816091954023
protein_0237,protein_0001,0.11336797354747283
protein_0237,protein_0003,0.29545454545454547
protein_0237,protein_0004,0.26436781609195403
protein_0237,protein_0005,0.15789473684210525
protein_0237,protein_0006,0.5168539325842697
protein_0237,protein_0007,0.14639708117968986
protein_0237,protein_0008,0.13725490196078433
protein_0237,protein_0009,0.3181818181818182
protein_0237,protein_0010,0.367816091954023
protein_0237,protein_0012,0.5172413793103449
protein_0237,protein_0013,0.1388888888888889
protein_0237,protein_0014,0.11460446247464504
protein_0237,protein_0015,0.1262135922330097
protein_0237,protein_0016,0.16666666666666666
protein_0237,protein_0017,0.16560509554140126
protein_0237,protein_0018,0.26436781609195403
protein_0237,protein_0019,0.13254552499031383
protein_0237,protein_0020,0.25287356321839083
protein_0237,protein_0021,0.16083916083916083
protein_0237,protein_0022,0.15572056809170212
protein_0237,protein_0023,0.14113046569498755
protein_0237,protein_0024,0.1092436974789916
protein_0237,protein_0025,0.2988505747126437
protein_0237,protein_0027,0.15825771324863885
protein_0237,protein_0028,0.16447368421052633
protein_0237,protein_0029,0.12784424114473375
protein_0237,protein_0030,0.16279069767441862
protein_0237,protein_0031,0.10666666666666667
protein_0237,protein_0032,0.25287356321839083
protein_0237,protein_0033,0.4367816091954023
protein_0237,protein_0034,0.45454545454545453
protein_0237,protein_0035,0.13986013986013987
protein_0237,protein_0036,0.13065669962221688
protein_0237,protein_0037,0.19028499448905684
protein_0237,protein_0039,0.32954545454545453
protein_0237,protein_0040,0.11888111888111888
protein_0237,protein_0041,0.2413793103448276
protein_0237,protein_0042,0.21839080459770116
protein_0237,protein_0043,0.27586206896551724
protein_0237,protein_0044,0.25287356321839083
protein_0237,protein_0045,0.25287356321839083
protein_0237,protein_0046,0.13898601398601398
protein_0237,protein_0047,0.42528735632183906
protein_0237,protein_0048,0.41379310344827586
protein_0237,protein_0049,0.45977011494252873
protein_0237,protein_0050,0.1342281879194631
protein_0237,protein_0051,0.14445880206749773
protein_0237,protein_0052,0.26436781609195403
protein_0237,protein_0053,0.3218390804597701
protein_0237,protein_0054,0.17482517482517482
protein_0237,protein_0055,0.17123287671232876
protein_0237,protein_0056,0.13166666666666665
protein_0237,protein_0057,0.14989358467619338
protein_0237,protein_0058,0.14772727272727273
protein_0237,protein_0059,0.3068181818181818
protein_0237,protein_0060,0.1393137385290597
protein_0237,protein_0061,0.23404255319148937
protein_0237,protein_0062,0.28735632183908044
protein_0237,protein_0063,0.14553990610328638
protein_0237,protein_0064,0.2777777777777778
protein_0237,protein_0065,0.20588235294117646
protein_0237,protein_0066,0.17
protein_0237,protein_0067,0.39080459770114945
protein_0237,protein_0068,0.2988505747126437
protein_0237,protein_0069,0.41379310344827586
protein_0237,protein_0070,0.2413793103448276
protein_0237,protein_0071,0.32222222222222224
protein_0237,protein_0072,0.14795317042508055
protein_0237,protein_0073,0.3103448275862069
protein_0237,protein_0074,0.14432989690721648
protein_0237,protein_0075,0.17719431760527649
protein_0237,protein_0076,0.1590909090909091
protein_0237,protein_0077,0.3333333333333333
protein_0237,protein_0078,0.13194444444444445
protein_0237,protein_0079,0.13194444444444445
protein_0237,protein_0080,0.3181818181818182
protein_0237,protein_0081,0.27586206896551724
protein_0237,protein_0082,0.15384615384615385
protein_0237,protein_0083,0.5172413793103449
protein_0237,protein_0084,0.2202409069437884
protein_0237,protein_0085,0.18269230769230768
protein_0237,protein_0086,0.15384615384615385
protein_0237,protein_0087,0.13740856844305122
protein_0237,protein_0088,0.26436781609195403
protein_0237,protein_0089,0.14677177177177175
protein_0237,protein_0090,0.14677177177177175
protein_0237,protein_0091,0.13445378151260504
protein_0237,protein_0092,0.13445378151260504
protein_0237,protein_0093,0.367816091954023
protein_0237,protein_0094,0.17123287671232876
protein_0237,protein_0095,0.14561965811965813
protein_0237,protein_0096,0.1553398058252427
protein_0237,protein_0097,0.42391304347826086
protein_0237,protein_0098,0.25287356321839083
protein_0237,protein_0099,0.11983924004384362
protein_0237,protein_0100,0.12720959595959597
protein_0237,protein_0101,0.2988505747126437
protein_0237,protein_0102,0.28735632183908044
protein_0237,protein_0103,0.24444444444444444
protein_0237,protein_0104,0.13194444444444445
protein_0237,protein_0105,0.13286713286713286
protein_0237,protein_0106,0.1563890999891434
protein_0237,protein_0107,0.2840909090909091
protein_0237,protein_0108,0.18888888888888888
protein_0237,protein_0109,0.11669580419580419
protein_0237,protein_0110,0.42528735632183906
protein_0237,protein_0111,0.2988505747126437
protein_0237,protein_0113,0.5057471264367817
protein_0237,protein_0114,0.25287356321839083
protein_0237,protein_0116,0.16200611343824295
protein_0237,protein_0118,0.14597701149425288
protein_0237,protein_0119,0.17567567567567569
protein_0237,protein_0121,0.27586206896551724
protein_0237,protein_0122,0.19603212092583844
protein_0237,protein_0123,0.13293297171638901
protein_0237,protein_0124,0.26436781609195403
protein_0237,protein_0125,0.14285714285714285
protein_0237,protein_0126,0.18627450980392157
protein_0237,protein_0127,0.27586206896551724
protein_0237,protein_0128,0.28735632183908044
protein_0237,protein_0130,0.1433933933933934
protein_0237,protein_0131,0.10727969348659003
protein_0237,protein_0132,0.20909090909090908
protein_0237,protein_0133,0.20909090909090908
protein_0237,protein_0134,0.28735632183908044
protein_0237,protein_0135,0.22988505747126436
protein_0237,protein_0137,0.1564625850340136
protein_0237,protein_0138,0.1564625850340136
protein_0237,protein_0139,0.14614672529507058
protein_0237,protein_0140,0.4367816091954023
protein_0237,protein_0141,0.20232230823363828
protein_0237,protein_0142,0.45977011494252873
protein_0237,protein_0143,0.27586206896551724
protein_0237,protein_0144,0.27586206896551724
protein_0237,protein_0145,0.14014146772767463
protein_0237,protein_0146,0.16091954022988506
protein_0237,protein_0147,0.3103448275862069
protein_0237,protein_0148,0.367816091954023
protein_0237,protein_0149,0.16487068965517243
protein_0237,protein_0150,0.2988505747126437
protein_0237,protein_0151,0.19101123595505617
protein_0237,protein_0152,0.12965195723816414
protein_0237,protein_0153,0.1548910859255687
protein_0237,protein_0155,0.15384615384615385
protein_0237,protein_0156,0.16822429906542055
protein_0237,protein_0157,0.15384615384615385
protein_0237,protein_0158,0.13990032955550197
protein_0237,protein_0159,0.3516483516483517
protein_0237,protein_0160,0.28735632183908044
protein_0237,protein_0161,0.15384615384615385
protein_0237,protein_0162,0.26436781609195403
protein_0237,protein_0163,0.14
protein_0237,protein_0165,0.13940407418668288
protein_0237,protein_0166,0.2413793103448276
protein_0237,protein_0167,0.1417753960857409
protein_0237,protein_0168,0.14084342963653307
protein_0237,protein_0169,0.1836734693877551
protein_0237,protein_0170,0.28735632183908044
protein_0237,protein_0171,0.28735632183908044
protein_0237,protein_0172,0.11764705882352941
protein_0237,protein_0173,0.3103448275862069
protein_0237,protein_0174,0.3333333333333333
protein_0237,protein_0175,0.28735632183908044
protein_0237,protein_0176,0.1333041958041958
protein_0237,protein_0177,0.12141306968893176
protein_0237,protein_0178,0.1504424778761062
protein_0237,protein_0180,0.20689655172413793
protein_0237,protein_0181,0.3793103448275862
protein_0237,protein_0182,0.2988505747126437
protein_0237,protein_0184,0.3076923076923077
protein_0237,protein_0186,0.13592233009708737
protein_0237,protein_0187,0.3103448275862069
protein_0237,protein_0188,0.1425287356321839
protein_0237,protein_0189,0.3218390804597701
protein_0237,protein_0190,0.4367816091954023
protein_0237,protein_0191,0.22988505747126436
protein_0237,protein_0192,0.26436781609195403
protein_0237,protein_0193,0.26436781609195403
protein_0237,protein_0194,0.25287356321839083
protein_0237,protein_0195,0.4482758620689655
protein_0237,protein_0196,0.4367816091954023
protein_0237,protein_0198,0.26436781609195403
protein_0237,protein_0200,0.41379310344827586
protein_0237,protein_0201,0.1559633027522936
protein_0237,protein_0202,0.3333333333333333
protein_0237,protein_0205,0.1267605633802817
protein_0237,protein_0206,0.5057471264367817
protein_0237,protein_0207,0.14960629921259844
protein_0237,protein_0208,0.14550734945471788
protein_0237,protein_0209,0.27586206896551724
protein_0237,protein_0210,0.3103448275862069
protein_0237,protein_0212,0.14772727272727273
protein_0237,protein_0213,0.3103448275862069
protein_0237,protein_0214,0.1258741258741259
protein_0237,protein_0215,0.16494845360824742
protein_0237,protein_0216,0.20192307692307693
protein_0237,protein_0217,0.1368421052631579
protein_0237,protein_0218,0.1610738255033557
protein_0237,protein_0219,0.15625
protein_0237,protein_0220,0.2777777777777778
protein_0237,protein_0221,0.1258741258741259
protein_0237,protein_0223,0.21505376344086022
protein_0237,protein_0225,0.10227272727272728
protein_0237,protein_0226,0.18085106382978725
protein_0237,protein_0227,0.14942528735632185
protein_0237,protein_0228,0.18730242360379346
protein_0237,protein_0229,0.17204301075268819
protein_0237,protein_0230,0.21739130434782608
protein_0237,protein_0231,0.3218390804597701
protein_0237,protein_0232,0.14466783216783216
protein_0237,protein_0233,0.16778523489932887
protein_0237,protein_0235,0.18115011415525112
protein_0237,protein_0236,1.0
protein_0237,protein_0238,0.14375
protein_0237,protein_0239,0.2988505747126437
protein_0237,protein_0240,0.28735632183908044
protein_0237,protein_0241,0.26436781609195403
protein_0237,protein_0242,0.14332388600220436
protein_0237,protein_0243,0.2988505747126437
protein_0237,protein_0244,0.13836163836163837
protein_0237,protein_0245,0.15229885057471265
protein_0237,protein_0246,0.1958762886597938
protein_0237,protein_0247,0.18605191786129407
protein_0237,protein_0248,0.29347826086956524
protein_0237,protein_0249,0.26436781609195403
protein_0237,protein_0250,0.12904709345106696
protein_0237,protein_0251,0.16666666666666666
protein_0237,protein_0252,0.16494845360824742
protein_0237,protein_0254,0.13403263403263405
protein_0237,protein_0255,0.1366120218579235
protein_0237,protein_0256,0.11320754716981132
protein_0237,protein_0257,0.12264150943396226
protein_0237,protein_0258,0.5172413793103449
protein_0237,protein_0259,0.14761720263463773
protein_0237,protein_0260,0.14761720263463773
protein_0237,protein_0261,0.19811320754716982
protein_0237,protein_0262,0.18831168831168832
protein_0237,protein_0263,0.1761006289308176
protein_0237,protein_0264,0.28735632183908044
protein_0237,protein_0265,0.28735632183908044
protein_0237,protein_0266,0.13962923868584246
protein_0237,protein_0267,0.20689655172413793
protein_0237,protein_0268,0.1935483870967742
protein_0237,protein_0269,0.15517241379310345
protein_0237,protein_0270,0.16091954022988506
protein_0237,protein_0271,0.1369514106583072
protein_0237,protein_0272,0.5273812138516729
protein_0237,protein_0273,0.5438770999115827
protein_0237,protein_0274,0.20224719101123595
protein_0237,protein_0275,0.19811320754716982
protein_0237,protein_0276,0.27586206896551724
protein_0237,protein_0278,0.3
protein_0237,protein_0279,0.26136363636363635
protein_0237,protein_0280,0.26436781609195403
protein_0237,protein_0281,0.15833333333333333
protein_0237,protein_0284,0.19370965202330342
protein_0237,protein_0285,0.47126436781609193
protein_0237,protein_0286,0.1341521020311762
protein_0237,protein_0288,0.25287356321839083
protein_0237,protein_0289,0.1321437183506149
protein_0237,protein_0290,0.1588785046728972
protein_0237,protein_0291,0.1955195871452029
protein_0237,protein_0292,0.1402972027972028
protein_0237,protein_0293,0.18181818181818182
protein_0237,protein_0294,0.1955195871452029
protein_0237,protein_0295,0.13049126121870572
protein_0237,protein_0296,0.17391304347826086
protein_0237,protein_0297,0.12049186768287892
protein_0237,protein_0298,0.13072744449692963
protein_0237,protein_0300,0.14971730397262312
protein_0237,protein_0301,0.14622080047611963
protein_0237,protein_0302,0.13392857142857142
protein_0237,protein_0303,0.18888888888888888
protein_0237,protein_0304,0.10766819387509043
protein_0237,protein_0305,0.18520956769804697
protein_0237,protein_0306,0.15753424657534246
protein_0237,protein_0307,0.18125
protein_0237,protein_0308,0.16521739130434782
protein_0237,protein_0309,0.13578088578088576
protein_0237,protein_0310,0.168141592920354
protein_0237,protein_0311,0.28735632183908044
protein_0237,protein_0312,0.3333333333333333
protein_0237,protein_0313,0.1863711001642036
protein_0237,protein_0314,0.13725490196078433
protein_0237,protein_0315,0.11304347826086956
protein_0237,protein_0316,0.14222222222222222
protein_0237,protein_0317,0.16083916083916083
protein_0237,protein_0318,0.1694915254237288
protein_0237,protein_0319,0.4942528735632184
protein_0237,protein_0320,0.26436781609195403
protein_0237,protein_0321,0.2
protein_0237,protein_0322,0.25287356321839083
protein_0237,protein_0323,0.2988505747126437
protein_0237,protein_0324,0.19540229885057472
protein_0237,protein_0326,0.15053763440860216
protein_0237,protein_0328,0.14864864864864866
protein_0237,protein_0329,0.14864864864864866
protein_0237,protein_0330,0.5172413793103449
protein_0237,protein_0331,0.12784424114473375
protein_0237,protein_0332,0.16688770999115826
protein_0237,protein_0333,0.1782312925170068
protein_0237,protein_0334,0.15172413793103448
protein_0237,protein_0335,0.1476510067114094
protein_0237,protein_0336,0.15163572060123787
protein_0237,protein_0337,0.5560646250301423
protein_0237,protein_0338,0.25287356321839083
protein_0237,protein_0339,0.145979020979021
protein_0237,protein_0340,0.18627450980392157
protein_0237,protein_0341,0.19607843137254902
protein_0237,protein_0342,0.1310344827586207
protein_0237,protein_0343,0.11691182380837553
protein_0237,protein_0344,0.26436781609195403
protein_0237,protein_0345,0.10646853146853147
protein_0237,protein_0346,0.10646853146853147
protein_0237,protein_0347,0.16087935053452296
protein_0237,protein_0348,0.1597222222222222
protein_0237,protein_0349,0.17105263157894737
protein_0237,protein_0351,0.4942528735632184
protein_0237,protein_0352,0.13165439752034094
protein_0237,protein_0353,0.14888621312462372
protein_0237,protein_0354,0.2413793103448276
protein_0237,protein_0355,0.5013664496423117
protein_0237,protein_0356,0.13653308480894688
protein_0237,protein_0358,0.26436781609195403
protein_0237,protein_0359,0.17123287671232876
protein_0237,protein_0361,0.15126050420168066
protein_0237,protein_0363,0.17777777777777778
protein_0237,protein_0364,0.2111111111111111
protein_0237,protein_0365,0.2
protein_0237,protein_0366,0.18888888888888888
protein_0237,protein_0367,0.14965986394557823
protein_0237,protein_0369,0.16091954022988506
protein_0237,protein_0370,0.26436781609195403
protein_0237,protein_0371,0.22988505747126436
protein_0237,protein_0372,0.13215859030837004
protein_0237,protein_0373,0.17880794701986755
protein_0237,protein_0374,0.14685314685314685
protein_0237,protein_0375,0.26136363636363635
protein_0237,protein_0376,0.14965986394557823
protein_0237,protein_0377,0.25287356321839083
protein_0237,protein_0379,0.15428983417447728
protein_0237,protein_0380,0.15428983417447728
protein_0237,protein_0381,0.15428983417447728
protein_0237,protein_0382,0.19446399249354918
protein_0237,protein_0383,0.13883868940048716
protein_0237,protein_0385,0.1258741258741259
protein_0237,protein_0386,0.1388888888888889
protein_0237,protein_0387,0.13
protein_0237,protein_0388,0.12706935123042506
protein_0237,protein_0389,0.14893617021276595
protein_0237,protein_0390,0.39080459770114945
protein_0237,protein_0391,0.17777777777777778
protein_0237,protein_0393,0.27586206896551724
protein_0237,protein_0394,0.15517241379310345
protein_0237,protein_0395,0.21052631578947367
protein_0237,protein_0396,0.13548387096774195
protein_0237,protein_0397,0.25287356321839083
protein_0237,protein_0398,0.1681902337421893
protein_0237,protein_0399,0.3333333333333333
protein_0253,protein_0000,0.1592920353982301
protein_0253,protein_0001,0.1415929203539823
protein_0253,protein_0003,0.15789473684210525
protein_0253,protein_0004,0.14782608695652175
protein_0253,protein_0005,0.17796610169491525
protein_0253,protein_0006,0.17699115044247787
protein_0253,protein_0007,0.13274336283185842
protein_0253,protein_0008,0.12389380530973451
protein_0253,protein_0009,0.13043478260869565
protein_0253,protein_0010,0.168141592920354
protein_0253,protein_0012,0.14655172413793102
protein_0253,protein_0013,0.07964601769911504
protein_0253,protein_0014,0.20869565217391303
protein_0253,protein_0015,0.17699115044247787
protein_0253,protein_0016,0.1592920353982301
protein_0253,protein_0017,0.15217391304347827
protein_0253,protein_0018,0.1724137931034483
protein_0253,protein_0019,0.1415929203539823
protein_0253,protein_0020,0.1504424778761062
protein_0253,protein_0021,0.1504424778761062
protein_0253,protein_0022,0.1810344827586207
protein_0253,protein_0023,0.1592920353982301
protein_0253,protein_0024,0.11570247933884298
protein_0253,protein_0025,0.1652892561983471
protein_0253,protein_0027,0.168141592920354
protein_0253,protein_0028,0.15966386554621848
protein_0253,protein_0029,0.1592920353982301
protein_0253,protein_0030,0.14074074074074075
protein_0253,protein_0031,0.1826086956521739
protein_0253,protein_0032,0.1592920353982301
protein_0253,protein_0033,0.13043478260869565
protein_0253,protein_0034,0.10619469026548672
protein_0253,protein_0035,0.13636363636363635
protein_0253,protein_0036,0.1415929203539823
protein_0253,protein_0037,0.16393442622950818
protein_0253,protein_0039,0.14049586776859505
protein_0253,protein_0040,0.06956521739130435
protein_0253,protein_0041,0.1623931623931624
protein_0253,protein_0042,0.10526315789473684
protein_0253,protein_0043,0.11403508771929824
protein_0253,protein_0044,0.11382113821138211
protein_0253,protein_0045,0.13533834586466165
protein_0253,protein_0046,0.1504424778761062
protein_0253,protein_0047,0.16101694915254236
protein_0253,protein_0048,0.16379310344827586
protein_0253,protein_0049,0.11403508771929824
protein_0253,protein_0050,0.11206896551724138
protein_0253,protein_0051,0.1415929203539823
protein_0253,protein_0052,0.1504424778761062
protein_0253,protein_0053,0.18584070796460178
protein_0253,protein_0054,0.14925373134328357
protein_0253,protein_0055,0.1297709923664122
protein_0253,protein_0056,0.12903225806451613
protein_0253,protein_0057,0.13274336283185842
protein_0253,protein_0058,0.1504424778761062
protein_0253,protein_0059,0.11278195488721804
protein_0253,protein_0060,0.12096774193548387
protein_0253,protein_0061,0.13157894736842105
protein_0253,protein_0062,0.1504424778761062
protein_0253,protein_0063,0.107981220657277
protein_0253,protein_0064,0.16666666666666666
protein_0253,protein_0065,0.20353982300884957
protein_0253,protein_0066,0.1984126984126984
protein_0253,protein_0067,0.14912280701754385
protein_0253,protein_0068,0.1415929203539823
protein_0253,protein_0069,0.19672131147540983
protein_0253,protein_0070,0.1415929203539823
protein_0253,protein_0071,0.13274336283185842
protein_0253,protein_0072,0.14035087719298245
protein_0253,protein_0073,0.17886178861788618
protein_0253,protein_0074,0.11504424778761062
protein_0253,protein_0075,0.15789473684210525
protein_0253,protein_0076,0.13274336283185842
protein_0253,protein_0077,0.1794871794871795
protein_0253,protein_0078,0.168141592920354
protein_0253,protein_0079,0.168141592920354
protein_0253,protein_0080,0.12173913043478261
protein_0253,protein_0081,0.12173913043478261
protein_0253,protein_0082,0.1746031746031746
protein_0253,protein_0083,0.11504424778761062
protein_0253,protein_0084,0.14166666666666666
protein_0253,protein_0085,0.15702479338842976
protein_0253,protein_0086,0.15748031496062992
protein_0253,protein_0087,0.12389380530973451
protein_0253,protein_0088,0.14285714285714285
protein_0253,protein_0089,0.14782608695652175
protein_0253,protein_0090,0.15254237288135594
protein_0253,protein_0091,0.11382113821138211
protein_0253,protein_0092,0.11382113821138211
protein_0253,protein_0093,0.1452991452991453
protein_0253,protein_0094,0.15873015873015872
protein_0253,protein_0095,0.1565217391304348
protein_0253,protein_0096,0.15702479338842976
protein_0253,protein_0097,0.13114754098360656
protein_0253,protein_0098,0.1623931623931624
protein_0253,protein_0099,0.1732283464566929
protein_0253,protein_0100,0.14912280701754385
protein_0253,protein_0101,0.18699186991869918
protein_0253,protein_0102,0.12280701754385964
protein_0253,protein_0103,0.1504424778761062
protein_0253,protein_0104,0.13432835820895522
protein_0253,protein_0105,0.1111111111111111
protein_0253,protein_0106,0.192
protein_0253,protein_0107,0.17699115044247787
protein_0253,protein_0108,0.13559322033898305
protein_0253,protein_0109,0.1504424778761062
protein_0253,protein_0110,0.12389380530973451
protein_0253,protein_0111,0.168141592920354
protein_0253,protein_0113,0.13274336283185842
protein_0253,protein_0114,0.19672131147540983
protein_0253,protein_0116,0.15447154471544716
protein_0253,protein_0118,0.13274336283185842
protein_0253,protein_0119,0.1440677966101695
protein_0253,protein_0121,0.14782608695652175
protein_0253,protein_0122,0.14912280701754385
protein_0253,protein_0123,0.13157894736842105
protein_0253,protein_0124,0.1565217391304348
protein_0253,protein_0125,0.12280701754385964
protein_0253,protein_0126,0.16379310344827586
protein_0253,protein_0127,0.1565217391304348
protein_0253,protein_0128,0.13157894736842105
protein_0253,protein_0130,0.16279069767441862
protein_0253,protein_0131,0.11504424778761062
protein_0253,protein_0132,0.12903225806451613
protein_0253,protein_0133,0.12903225806451613
protein_0253,protein_0134,0.12389380530973451
protein_0253,protein_0135,0.13043478260869565
protein_0253,protein_0137,0.14074074074074075
protein_0253,protein_0138,0.14074074074074075
protein_0253,protein_0139,0.168141592920354
protein_0253,protein_0140,0.10619469026548672
protein_0253,protein_0141,0.14912280701754385
protein_0253,protein_0142,0.14912280701754385
protein_0253,protein_0143,0.13274336283185842
protein_0253,protein_0144,0.14782608695652175
protein_0253,protein_0145,0.1415929203539823
protein_0253,protein_0146,0.12
protein_0253,protein_0147,0.1592920353982301
protein_0253,protein_0148,0.1415929203539823
protein_0253,protein_0149,0.13043478260869565
protein_0253,protein_0150,0.13157894736842105
protein_0253,protein_0151,0.1415929203539823
protein_0253,protein_0152,0.13559322033898305
protein_0253,protein_0153,0.15517241379310345
protein_0253,protein_0155,0.10606060606060606
protein_0253,protein_0156,0.18803418803418803
protein_0253,protein_0157,0.10526315789473684
protein_0253,protein_0158,0.13274336283185842
protein_0253,protein_0159,0.12030075187969924
protein_0253,protein_0160,0.13274336283185842
protein_0253,protein_0161,0.15555555555555556
protein_0253,protein_0162,0.1452991452991453
protein_0253,protein_0163,0.15079365079365079
protein_0253,protein_0165,0.1504424778761062
protein_0253,protein_0166,0.15384615384615385
protein_0253,protein_0167,0.16260162601626016
protein_0253,protein_0168,0.16260162601626016
protein_0253,protein_0169,0.1258741258741259
protein_0253,protein_0170,0.14782608695652175
protein_0253,protein_0171,0.1652892561983471
protein_0253,protein_0172,0.13793103448275862
protein_0253,protein_0173,0.14912280701754385
protein_0253,protein_0174,0.1504424778761062
protein_0253,protein_0175,0.13274336283185842
protein_0253,protein_0176,0.1282051282051282
protein_0253,protein_0177,0.14035087719298245
protein_0253,protein_0178,0.16666666666666666
protein_0253,protein_0180,0.11504424778761062
protein_0253,protein_0181,0.1504424778761062
protein_0253,protein_0182,0.17543859649122806
protein_0253,protein_0184,0.09734513274336283
protein_0253,protein_0186,0.20833333333333334
protein_0253,protein_0187,0.12389380530973451
protein_0253,protein_0188,0.1565217391304348
protein_0253,protein_0189,0.1415929203539823
protein_0253,protein_0190,0.19298245614035087
protein_0253,protein_0191,0.1440677966101695
protein_0253,protein_0192,0.09734513274336283
protein_0253,protein_0193,0.1415929203539823
protein_0253,protein_0194,0.14285714285714285
protein_0253,protein_0195,0.1415929203539823
protein_0253,protein_0196,0.11504424778761062
protein_0253,protein_0198,0.12396694214876033
protein_0253,protein_0200,0.13559322033898305
protein_0253,protein_0201,0.13821138211382114
protein_0253,protein_0202,0.1565217391304348
protein_0253,protein_0205,0.12206572769953052
protein_0253,protein_0206,0.14655172413793102
protein_0253,protein_0207,0.15492957746478872
protein_0253,protein_0208,0.7345132743362832
protein_0253,protein_0209,0.09649122807017543
protein_0253,protein_0210,0.13114754098360656
protein_0253,protein_0212,0.14912280701754385
protein_0253,protein_0213,0.18584070796460178
protein_0253,protein_0214,0.10526315789473684
protein_0253,protein_0215,0.12280701754385964
protein_0253,protein_0216,0.14035087719298245
protein_0253,protein_0217,0.19491525423728814
protein_0253,protein_0218,0.18181818181818182
protein_0253,protein_0219,0.1223021582733813
protein_0253,protein_0220,0.1694915254237288
protein_0253,protein_0221,0.1504424778761062
protein_0253,protein_0223,0.13274336283185842
protein_0253,protein_0225,0.12931034482758622
protein_0253,protein_0226,0.13934426229508196
protein_0253,protein_0227,0.11504424778761062
protein_0253,protein_0228,0.17094017094017094
protein_0253,protein_0229,0.13114754098360656
protein_0253,protein_0230,0.1565217391304348
protein_0253,protein_0231,0.13157894736842105
protein_0253,protein_0232,0.13274336283185842
protein_0253,protein_0233,0.14393939393939395
protein_0253,protein_0235,0.13043478260869565
protein_0253,protein_0236,0.17763157894736842
protein_0253,protein_0238,0.15492957746478872
protein_0253,protein_0239,0.1391304347826087
protein_0253,protein_0240,0.1391304347826087
protein_0253,protein_0241,0.15384615384615385
protein_0253,protein_0242,0.13274336283185842
protein_0253,protein_0243,0.13274336283185842
protein_0253,protein_0244,0.13274336283185842
protein_0253,protein_0245,0.14960629921259844
protein_0253,protein_0246,0.11504424778761062
protein_0253,protein_0247,0.15037593984962405
protein_0253,protein_0248,0.1504424778761062
protein_0253,protein_0249,0.14782608695652175
protein_0253,protein_0250,0.168141592920354
protein_0253,protein_0251,0.12280701754385964
protein_0253,protein_0252,0.14782608695652175
protein_0253,protein_0254,0.1391304347826087
protein_0253,protein_0255,0.12643678160919541
protein_0253,protein_0256,0.12096774193548387
protein_0253,protein_0257,0.12096774193548387
protein_0253,protein_0258,0.14912280701754385
protein_0253,protein_0259,0.1415929203539823
protein_0253,protein_0260,0.1415929203539823
protein_0253,protein_0261,0.09734513274336283
protein_0253,protein_0262,0.15714285714285714
protein_0253,protein_0263,0.17567567567567569
protein_0253,protein_0264,0.168141592920354
protein_0253,protein_0265,0.168141592920354
protein_0253,protein_0266,0.15789473684210525
protein_0253,protein_0267,0.136
protein_0253,protein_0268,0.1322314049586777
protein_0253,protein_0269,0.1386861313868613
protein_0253,protein_0270,0.12389380530973451
protein_0253,protein_0271,0.12389380530973451
protein_0253,protein_0272,0.16521739130434782
protein_0253,protein_0273,0.16770186335403728
protein_0253,protein_0274,0.15126050420168066
protein_0253,protein_0275,0.16379310344827586
protein_0253,protein_0276,0.1452991452991453
protein_0253,protein_0278,0.1415929203539823
protein_0253,protein_0279,0.22608695652173913
protein_0253,protein_0280,0.20353982300884957
protein_0253,protein_0281,0.14516129032258066
protein_0253,protein_0284,0.1694915254237288
protein_0253,protein_0285,0.1206896551724138
protein_0253,protein_0286,0.13675213675213677
protein_0253,protein_0288,0.15384615384615385
protein_0253,protein_0289,0.16379310344827586
protein_0253,protein_0290,0.1652892561983471
protein_0253,protein_0291,0.15079365079365079
protein_0253,protein_0292,0.13274336283185842
protein_0253,protein_0293,0.1415929203539823
protein_0253,protein_0294,0.15079365079365079
protein_0253,protein_0295,0.168141592920354
protein_0253,protein_0296,0.183206106870229
protein_0253,protein_0297,0.11304347826086956
protein_0253,protein_0298,0.168141592920354
protein_0253,protein_0300,0.1694915254237288
protein_0253,protein_0301,0.1694915254237288
protein_0253,protein_0302,0.11926605504587157
protein_0253,protein_0303,0.13274336283185842
protein_0253,protein_0304,0.168141592920354
protein_0253,protein_0305,0.15702479338842976
protein_0253,protein_0306,0.1297709923664122
protein_0253,protein_0307,0.13740458015267176
protein_0253,protein_0308,0.15
protein_0253,protein_0309,0.12389380530973451
protein_0253,protein_0310,0.1592920353982301
protein_0253,protein_0311,0.19469026548672566
protein_0253,protein_0312,0.17796610169491525
protein_0253,protein_0313,0.16666666666666666
protein_0253,protein_0314,0.15126050420168066
protein_0253,protein_0315,0.18382352941176472
protein_0253,protein_0316,0.13043478260869565
protein_0253,protein_0317,0.15517241379310345
protein_0253,protein_0318,0.15384615384615385
protein_0253,protein_0319,0.12931034482758622
protein_0253,protein_0320,0.18803418803418803
protein_0253,protein_0321,0.1875
protein_0253,protein_0322,0.1415929203539823
protein_0253,protein_0323,0.14912280701754385
protein_0253,protein_0324,0.11504424778761062
protein_0253,protein_0326,0.15966386554621848
protein_0253,protein_0328,0.1774193548387097
protein_0253,protein_0329,0.1774193548387097
protein_0253,protein_0330,0.15789473684210525
protein_0253,protein_0331,0.168141592920354
protein_0253,protein_0332,0.13043478260869565
protein_0253,protein_0333,0.20353982300884957
protein_0253,protein_0334,0.11382113821138211
protein_0253,protein_0335,0.13445378151260504
protein_0253,protein_0336,0.13274336283185842
protein_0253,protein_0337,0.1810344827586207
protein_0253,protein_0338,0.18584070796460178
protein_0253,protein_0339,0.13274336283185842
protein_0253,protein_0340,0.1487603305785124
protein_0253,protein_0341,0.15517241379310345
protein_0253,protein_0342,0.1271186440677966
protein_0253,protein_0343,0.14912280701754385
protein_0253,protein_0344,0.168141592920354
protein_0253,protein_0345,0.1111111111111111
protein_0253,protein_0346,0.1111111111111111
protein_0253,protein_0347,0.1504424778761062
protein_0253,protein_0348,0.19166666666666668
protein_0253,protein_0349,0.17073170731707318
protein_0253,protein_0351,0.12173913043478261
protein_0253,protein_0352,0.14035087719298245
protein_0253,protein_0353,0.17829457364341086
protein_0253,protein_0354,0.1440677966101695
protein_0253,protein_0355,0.1724137931034483
protein_0253,protein_0356,0.1391304347826087
protein_0253,protein_0358,0.168141592920354
protein_0253,protein_0359,0.12781954887218044
protein_0253,protein_0361,0.12295081967213115
protein_0253,protein_0363,0.13559322033898305
protein_0253,protein_0364,0.15966386554621848
protein_0253,protein_0365,0.1415929203539823
protein_0253,protein_0366,0.13274336283185842
protein_0253,protein_0367,0.13793103448275862
protein_0253,protein_0369,0.1592920353982301
protein_0253,protein_0370,0.168141592920354
protein_0253,protein_0371,0.1694915254237288
protein_0253,protein_0372,0.0776255707762557
protein_0253,protein_0373,0.18699186991869918
protein_0253,protein_0374,0.15267175572519084
protein_0253,protein_0375,0.11504424778761062
protein_0253,protein_0376,0.16521739130434782
protein_0253,protein_0377,0.11504424778761062
protein_0253,protein_0379,0.1415929203539823
protein_0253,protein_0380,0.1415929203539823
protein_0253,protein_0381,0.1415929203539823
protein_0253,protein_0382,0.175
protein_0253,protein_0383,0.16101694915254236
protein_0253,protein_0385,0.18333333333333332
protein_0253,protein_0386,0.1440677966101695
protein_0253,protein_0387,0.16535433070866143
protein_0253,protein_0388,0.1391304347826087
protein_0253,protein_0389,0.12173913043478261
protein_0253,protein_0390,0.16666666666666666
protein_0253,protein_0391,0.1440677966101695
protein_0253,protein_0393,0.16379310344827586
protein_0253,protein_0394,0.140625
protein_0253,protein_0395,0.12389380530973451
protein_0253,protein_0396,0.17692307692307693
protein_0253,protein_0397,0.1623931623931624
protein_0253,protein_0398,0.1937984496124031
protein_0253,protein_0399,0.18584070796460178
protein_0277,protein_0000,0.16091954022988506
protein_0277,protein_0001,0.22698122116735875
protein_0277,protein_0003,0.13636363636363635
protein_0277,protein_0004,0.16483516483516483
protein_0277,protein_0005,0.14285714285714285
protein_0277,protein_0006,0.13541666666666666
protein_0277,protein_0007,0.2657550692921667
protein_0277,protein_0008,0.15151515151515152
protein_0277,protein_0009,0.1839080459770115
protein_0277,protein_0010,0.16666666666666666
protein_0277,protein_0012,0.16279069767441862
protein_0277,protein_0013,0.19230769230769232
protein_0277,protein_0014,0.1250553499614957
protein_0277,protein_0015,0.15151515151515152
protein_0277,protein_0016,0.1414141414141414
protein_0277,protein_0017,0.125
protein_0277,protein_0018,0.16091954022988506
protein_0277,protein_0019,0.25044317201349126
protein_0277,protein_0020,0.1595744680851064
protein_0277,protein_0021,0.17073170731707318
protein_0277,protein_0022,0.15670144462279295
protein_0277,protein_0023,0.1810064935064935
protein_0277,protein_0024,0.11864406779661017
protein_0277,protein_0025,0.14942528735632185
protein_0277,protein_0027,0.1706482593037215
protein_0277,protein_0028,0.1346153846153846
protein_0277,protein_0029,0.2588334794288156
protein_0277,protein_0030,0.15126050420168066
protein_0277,protein_0031,0.12121212121212122
protein_0277,protein_0032,0.20454545454545456
protein_0277,protein_0033,0.14942528735632185
protein_0277,protein_0034,0.1724137931034483
protein_0277,protein_0035,0.1326530612244898
protein_0277,protein_0036,0.30715069301216275
protein_0277,protein_0037,0.1402930402930403
protein_0277,protein_0039,0.1724137931034483
protein_0277,protein_0040,0.21428571428571427
protein_0277,protein_0041,0.1839080459770115
protein_0277,protein_0042,0.15294117647058825
protein_0277,protein_0043,0.14942528735632185
protein_0277,protein_0044,0.16091954022988506
protein_0277,protein_0045,0.15730337078651685
protein_0277,protein_0046,0.26676617873651776
protein_0277,protein_0047,0.14942528735632185
protein_0277,protein_0048,0.20689655172413793
protein_0277,protein_0049,0.19540229885057472
protein_0277,protein_0050,0.1414141414141414
protein_0277,protein_0051,0.3565272783277997
protein_0277,protein_0052,0.1839080459770115
protein_0277,protein_0053,0.14942528735632185
protein_0277,protein_0054,0.11965811965811966
protein_0277,protein_0055,0.11965811965811966
protein_0277,protein_0056,0.1380952380952381
protein_0277,protein_0057,0.24766161367035353
protein_0277,protein_0058,0.21739130434782608
protein_0277,protein_0059,0.14942528735632185
protein_0277,protein_0060,0.12371285672256546
protein_0277,protein_0061,0.17045454545454544
protein_0277,protein_0062,0.1839080459770115
protein_0277,protein_0063,0.0892018779342723
protein_0277,protein_0064,0.15730337078651685
protein_0277,protein_0065,0.14150943396226415
protein_0277,protein_0066,0.14705882352941177
protein_0277,protein_0067,0.1839080459770115
protein_0277,protein_0068,0.13793103448275862
protein_0277,protein_0069,0.1111111111111111
protein_0277,protein_0070,0.14772727272727273
protein_0277,protein_0071,0.20454545454545456
protein_0277,protein_0072,0.24636950814302572
protein_0277,protein_0073,0.12643678160919541
protein_0277,protein_0074,0.15555555555555556
protein_0277,protein_0075,0.12351190476190477
protein_0277,protein_0076,0.21518987341772153
protein_0277,protein_0077,0.19540229885057472
protein_0277,protein_0078,0.13861386138613863
protein_0277,protein_0079,0.13861386138613863
protein_0277,protein_0080,0.15384615384615385
protein_0277,protein_0081,0.13793103448275862
protein_0277,protein_0082,0.16
protein_0277,protein_0083,0.1724137931034483
protein_0277,protein_0084,0.1686046511627907
protein_0277,protein_0085,0.17
protein_0277,protein_0086,0.16
protein_0277,protein_0087,0.3294811101828646
protein_0277,protein_0088,0.14606741573033707
protein_0277,protein_0089,0.1290513833992095
protein_0277,protein_0090,0.1290513833992095
protein_0277,protein_0091,0.1415929203539823
protein_0277,protein_0092,0.1415929203539823
protein_0277,protein_0093,0.1566265060240964
protein_0277,protein_0094,0.13675213675213677
protein_0277,protein_0095,0.12065390749601275
protein_0277,protein_0096,0.1414141414141414
protein_0277,protein_0097,0.16279069767441862
protein_0277,protein_0098,0.14942528735632185
protein_0277,protein_0099,0.1283993783993784
protein_0277,protein_0100,0.31845824568329534
protein_0277,protein_0101,0.12643678160919541
protein_0277,protein_0102,0.19540229885057472
protein_0277,protein_0103,0.13793103448275862
protein_0277,protein_0104,0.1282051282051282
protein_0277,protein_0105,0.17647058823529413
protein_0277,protein_0106,0.14501753360607833
protein_0277,protein_0107,0.1724137931034483
protein_0277,protein_0108,0.18292682926829268
protein_0277,protein_0109,0.2678878090455608
protein_0277,protein_0110,0.1511627906976744
protein_0277,protein_0111,0.14772727272727273
protein_0277,protein_0113,0.12643678160919541
protein_0277,protein_0114,0.1839080459770115
protein_0277,protein_0116,0.13157894736842105
protein_0277,protein_0118,0.29645433355401085
protein_0277,protein_0119,0.15
protein_0277,protein_0121,0.14772727272727273
protein_0277,protein_0122,0.12288324420677363
protein_0277,protein_0123,0.3191103149723839
protein_0277,protein_0124,0.13793103448275862
protein_0277,protein_0125,0.1326530612244898
protein_0277,protein_0126,0.13131313131313133
protein_0277,protein_0127,0.1724137931034483
protein_0277,protein_0128,0.16091954022988506
protein_0277,protein_0130,0.12015810276679842
protein_0277,protein_0131,0.19480519480519481
protein_0277,protein_0132,0.1509433962264151
protein_0277,protein_0133,0.1509433962264151
protein_0277,protein_0134,0.1744186046511628
protein_0277,protein_0135,0.19318181818181818
protein_0277,protein_0137,0.1282051282051282
protein_0277,protein_0138,0.1282051282051282
protein_0277,protein_0139,0.27655838692643553
protein_0277,protein_0140,0.14772727272727273
protein_0277,protein_0141,0.13054134697357203
protein_0277,protein_0142,0.13953488372093023
protein_0277,protein_0143,0.1724137931034483
protein_0277,protein_0144,0.14942528735632185
protein_0277,protein_0145,0.2981636978643958
protein_0277,protein_0146,0.1780821917808219
protein_0277,protein_0147,0.1724137931034483
protein_0277,protein_0148,0.16853932584269662
protein_0277,protein_0149,0.4001343350275823
protein_0277,protein_0150,0.1511627906976744
protein_0277,protein_0151,0.16853932584269662
protein_0277,protein_0152,0.31439824861337823
protein_0277,protein_0153,0.15739404628293516
protein_0277,protein_0155,0.11965811965811966
protein_0277,protein_0156,0.12149532710280374
protein_0277,protein_0157,0.1511627906976744
protein_0277,protein_0158,0.281486266903433
protein_0277,protein_0159,0.1724137931034483
protein_0277,protein_0160,0.16853932584269662
protein_0277,protein_0161,0.1111111111111111
protein_0277,protein_0162,0.1566265060240964
protein_0277,protein_0163,0.15384615384615385
protein_0277,protein_0165,0.2894500139236981
protein_0277,protein_0166,0.1590909090909091
protein_0277,protein_0167,0.11561264822134387
protein_0277,protein_0168,0.11156299840510367
protein_0277,protein_0169,0.1322314049586777
protein_0277,protein_0170,0.17647058823529413
protein_0277,protein_0171,0.13793103448275862
protein_0277,protein_0172,0.1092436974789916
protein_0277,protein_0173,0.13793103448275862
protein_0277,protein_0174,0.17045454545454544
protein_0277,protein_0175,0.16091954022988506
protein_0277,protein_0176,0.2669137863315004
protein_0277,protein_0177,0.32523230245424883
protein_0277,protein_0178,0.13274336283185842
protein_0277,protein_0180,0.16483516483516483
protein_0277,protein_0181,0.18181818181818182
protein_0277,protein_0182,0.14942528735632185
protein_0277,protein_0184,0.15555555555555556
protein_0277,protein_0186,0.13
protein_0277,protein_0187,0.16666666666666666
protein_0277,protein_0188,0.2609947308569003
protein_0277,protein_0189,0.1590909090909091
protein_0277,protein_0190,0.13978494623655913
protein_0277,protein_0191,0.17777777777777778
protein_0277,protein_0192,0.1566265060240964
protein_0277,protein_0193,0.13793103448275862
protein_0277,protein_0194,0.18181818181818182
protein_0277,protein_0195,0.16304347826086957
protein_0277,protein_0196,0.14942528735632185
protein_0277,protein_0198,0.17777777777777778
protein_0277,protein_0200,0.16091954022988506
protein_0277,protein_0201,0.14
protein_0277,protein_0202,0.16666666666666666
protein_0277,protein_0205,0.08056872037914692
protein_0277,protein_0206,0.16091954022988506
protein_0277,protein_0207,0.17094017094017094
protein_0277,protein_0208,0.1347624366354498
protein_0277,protein_0209,0.1724137931034483
protein_0277,protein_0210,0.16470588235294117
protein_0277,protein_0212,0.2
protein_0277,protein_0213,0.1839080459770115
protein_0277,protein_0214,0.20588235294117646
protein_0277,protein_0215,0.19402985074626866
protein_0277,protein_0216,0.16842105263157894
protein_0277,protein_0217,0.12048192771084337
protein_0277,protein_0218,0.11904761904761904
protein_0277,protein_0219,0.14285714285714285
protein_0277,protein_0220,0.14285714285714285
protein_0277,protein_0221,0.21333333333333335
protein_0277,protein_0223,0.20987654320987653
protein_0277,protein_0225,0.15853658536585366
protein_0277,protein_0226,0.13861386138613863
protein_0277,protein_0227,0.18309859154929578
protein_0277,protein_0228,0.15731884057971013
protein_0277,protein_0229,0.17073170731707318
protein_0277,protein_0230,0.17045454545454544
protein_0277,protein_0231,0.16091954022988506
protein_0277,protein_0232,0.4010837740301263
protein_0277,protein_0233,0.109375
protein_0277,protein_0235,0.15094794094794095
protein_0277,protein_0236,0.14462390761548066
protein_0277,protein_0238,0.12878787878787878
protein_0277,protein_0239,0.14444444444444443
protein_0277,protein_0240,0.14942528735632185
protein_0277,protein_0241,0.16091954022988506
protein_0277,protein_0242,0.2841990556328124
protein_0277,protein_0243,0.1839080459770115
protein_0277,protein_0244,0.14969082789419444
protein_0277,protein_0245,0.12252374491180462
protein_0277,protein_0246,0.15384615384615385
protein_0277,protein_0247,0.1574302970133201
protein_0277,protein_0248,0.17045454545454544
protein_0277,protein_0249,0.14772727272727273
protein_0277,protein_0250,0.147240990990991
protein_0277,protein_0251,0.15384615384615385
protein_0277,protein_0252,0.14285714285714285
protein_0277,protein_0254,0.14473684210526316
protein_0277,protein_0255,0.10526315789473684
protein_0277,protein_0256,0.13131313131313133
protein_0277,protein_0257,0.14
protein_0277,protein_0258,0.1744186046511628
protein_0277,protein_0259,0.23188739786217172
protein_0277,protein_0260,0.23188739786217172
protein_0277,protein_0261,0.15151515151515152
protein_0277,protein_0262,0.11851851851851852
protein_0277,protein_0263,0.11029411764705882
protein_0277,protein_0264,0.1839080459770115
protein_0277,protein_0265,0.1839080459770115
protein_0277,protein_0266,0.14585705249841874
protein_0277,protein_0267,0.1797752808988764
protein_0277,protein_0268,0.15853658536585366
protein_0277,protein_0269,0.11206896551724138
protein_0277,protein_0270,0.2222222222222222
protein_0277,protein_0271,0.278586041907276
protein_0277,protein_0272,0.12024756852343059
protein_0277,protein_0273,0.12278956675508401
protein_0277,protein_0274,0.1797752808988764
protein_0277,protein_0275,0.1414141414141414
protein_0277,protein_0276,0.13793103448275862
protein_0277,protein_0278,0.16483516483516483
protein_0277,protein_0279,0.18888888888888888
protein_0277,protein_0280,0.13580246913580246
protein_0277,protein_0281,0.13392857142857142
protein_0277,protein_0284,0.1590909090909091
protein_0277,protein_0285,0.13793103448275862
protein_0277,protein_0286,0.3144561643399729
protein_0277,protein_0288,0.1728395061728395
protein_0277,protein_0289,0.15765765765765766
protein_0277,protein_0290,0.1485148514851485
protein_0277,protein_0291,0.1332566168009206
protein_0277,protein_0292,0.2547956439811912
protein_0277,protein_0293,0.1590909090909091
protein_0277,protein_0294,0.1299014238773275
protein_0277,protein_0295,0.26703448286404163
protein_0277,protein_0296,0.1415929203539823
protein_0277,protein_0297,0.2733803763610894
protein_0277,protein_0298,0.27659963328798726
protein_0277,protein_0300,0.15744039462866538
protein_0277,protein_0301,0.15655881954785433
protein_0277,protein_0302,0.11059907834101383
protein_0277,protein_0303,0.19736842105263158
protein_0277,protein_0304,0.1855263157894737
protein_0277,protein_0305,0.16374549819927972
protein_0277,protein_0306,0.11965811965811966
protein_0277,protein_0307,0.1271186440677966
protein_0277,protein_0308,0.13043478260869565
protein_0277,protein_0309,0.19523809523809524
protein_0277,protein_0310,0.1553398058252427
protein_0277,protein_0311,0.13793103448275862
protein_0277,protein_0312,0.16666666666666666
protein_0277,protein_0313,0.1343813387423935
protein_0277,protein_0314,0.14285714285714285
protein_0277,protein_0315,0.15178571428571427
protein_0277,protein_0316,0.30243021346469623
protein_0277,protein_0317,0.15
protein_0277,protein_0318,0.13157894736842105
protein_0277,protein_0319,0.13978494623655913
protein_0277,protein_0320,0.15384615384615385
protein_0277,protein_0321,0.15730337078651685
protein_0277,protein_0322,0.18072289156626506
protein_0277,protein_0323,0.1797752808988764
protein_0277,protein_0324,0.16901408450704225
protein_0277,protein_0326,0.1794871794871795
protein_0277,protein_0328,0.1574074074074074
protein_0277,protein_0329,0.1574074074074074
protein_0277,protein_0330,0.12643678160919541
protein_0277,protein_0331,0.26110107533865295
protein_0277,protein_0332,0.1343813387423935
protein_0277,protein_0333,0.14334009465855307
protein_0277,protein_0334,0.13636363636363635
protein_0277,protein_0335,0.22
protein_0277,protein_0336,0.3297593113320949
protein_0277,protein_0337,0.13415320311872037
protein_0277,protein_0338,0.1839080459770115
protein_0277,protein_0339,0.2484761728307924
protein_0277,protein_0340,0.17
protein_0277,protein_0341,0.1553398058252427
protein_0277,protein_0342,0.18666666666666668
protein_0277,protein_0343,0.16154970760233917
protein_0277,protein_0344,0.1595744680851064
protein_0277,protein_0345,0.17543859649122806
protein_0277,protein_0346,0.17543859649122806
protein_0277,protein_0347,0.32203895482006006
protein_0277,protein_0348,0.11016949152542373
protein_0277,protein_0349,0.13
protein_0277,protein_0351,0.1724137931034483
protein_0277,protein_0352,0.3291423220875389
protein_0277,protein_0353,0.12348602484472049
protein_0277,protein_0354,0.1724137931034483
protein_0277,protein_0355,0.16338259441707717
protein_0277,protein_0356,0.29879384982833257
protein_0277,protein_0358,0.14942528735632185
protein_0277,protein_0359,0.12605042016806722
protein_0277,protein_0361,0.11965811965811966
protein_0277,protein_0363,0.17204301075268819
protein_0277,protein_0364,0.17777777777777778
protein_0277,protein_0365,0.16470588235294117
protein_0277,protein_0366,0.16470588235294117
protein_0277,protein_0367,0.15151515151515152
protein_0277,protein_0369,0.15584415584415584
protein_0277,protein_0370,0.1595744680851064
protein_0277,protein_0371,0.1797752808988764
protein_0277,protein_0372,0.0963302752293578
protein_0277,protein_0373,0.13
protein_0277,protein_0374,0.1282051282051282
protein_0277,protein_0375,0.1839080459770115
protein_0277,protein_0376,0.1111111111111111
protein_0277,protein_0377,0.13636363636363635
protein_0277,protein_0379,0.15175019025379713
protein_0277,protein_0380,0.15175019025379713
protein_0277,protein_0381,0.15175019025379713
protein_0277,protein_0382,0.14327094474153296
protein_0277,protein_0383,0.34956726979588226
protein_0277,protein_0385,0.1414141414141414
protein_0277,protein_0386,0.17272727272727273
protein_0277,protein_0387,0.12631578947368421
protein_0277,protein_0388,0.29170921032989994
protein_0277,protein_0389,0.28169014084507044
protein_0277,protein_0390,0.19148936170212766
protein_0277,protein_0391,0.17777777777777778
protein_0277,protein_0393,0.14942528735632185
protein_0277,protein_0394,0.16101694915254236
protein_0277,protein_0395,0.12359550561797752
protein_0277,protein_0396,0.15254237288135594
protein_0277,protein_0397,0.1411764705882353
protein_0277,protein_0398,0.12879266750948168
protein_0277,protein_0399,0.17045454545454544
protein_0282,protein_0000,0.12643678160919541
protein_0282,protein_0001,0.1917808219178082
protein_0282,protein_0003,0.18181818181818182
protein_0282,protein_0004,0.11235955056179775
protein_0282,protein_0005,0.11827956989247312
protein_0282,protein_0006,0.14772727272727273
protein_0282,protein_0007,0.17142857142857143
protein_0282,protein_0008,0.10377358490566038
protein_0282,protein_0009,0.15730337078651685
protein_0282,protein_0010,0.09782608695652174
protein_0282,protein_0012,0.10465116279069768
protein_0282,protein_0013,0.2328767123287671
protein_0282,protein_0014,0.15730337078651685
protein_0282,protein_0015,0.12612612612612611
protein_0282,protein_0016,0.11926605504587157
protein_0282,protein_0017,0.15037593984962405
protein_0282,protein_0018,0.17391304347826086
protein_0282,protein_0019,0.22857142857142856
protein_0282,protein_0020,0.10465116279069768
protein_0282,protein_0021,0.13253012048192772
protein_0282,protein_0022,0.11904761904761904
protein_0282,protein_0023,0.125
protein_0282,protein_0024,0.15254237288135594
protein_0282,protein_0025,0.09090909090909091
protein_0282,protein_0027,0.14583333333333334
protein_0282,protein_0028,0.13
protein_0282,protein_0029,0.20833333333333334
protein_0282,protein_0030,0.12605042016806722
protein_0282,protein_0031,0.1111111111111111
protein_0282,protein_0032,0.17708333333333334
protein_0282,protein_0033,0.1590909090909091
protein_0282,protein_0034,0.09195402298850575
protein_0282,protein_0035,0.14
protein_0282,protein_0036,0.2191780821917808
protein_0282,protein_0037,0.125
protein_0282,protein_0039,0.14606741573033707
protein_0282,protein_0040,0.22857142857142856
protein_0282,protein_0041,0.1276595744680851
protein_0282,protein_0042,0.14736842105263157
protein_0282,protein_0043,0.14942528735632185
protein_0282,protein_0044,0.13829787234042554
protein_0282,protein_0045,0.08045977011494253
protein_0282,protein_0046,0.18571428571428572
protein_0282,protein_0047,0.15217391304347827
protein_0282,protein_0048,0.16666666666666666
protein_0282,protein_0049,0.13333333333333333
protein_0282,protein_0050,0.1388888888888889
protein_0282,protein_0051,0.16666666666666666
protein_0282,protein_0052,0.17045454545454544
protein_0282,protein_0053,0.11494252873563218
protein_0282,protein_0054,0.13675213675213677
protein_0282,protein_0055,0.1282051282051282
protein_0282,protein_0056,0.12871287128712872
protein_0282,protein_0057,0.17333333333333334
protein_0282,protein_0058,0.3150684931506849
protein_0282,protein_0059,0.16129032258064516
protein_0282,protein_0060,0.13
protein_0282,protein_0061,0.14736842105263157
protein_0282,protein_0062,0.13541666666666666
protein_0282,protein_0063,0.11214953271028037
protein_0282,protein_0064,0.09195402298850575
protein_0282,protein_0065,0.12844036697247707
protein_0282,protein_0066,0.14
protein_0282,protein_0067,0.125
protein_0282,protein_0068,0.14942528735632185
protein_0282,protein_0069,0.13043478260869565
protein_0282,protein_0070,0.18888888888888888
protein_0282,protein_0071,0.11956521739130435
protein_0282,protein_0072,0.2
protein_0282,protein_0073,0.12643678160919541
protein_0282,protein_0074,0.16326530612244897
protein_0282,protein_0075,0.12244897959183673
protein_0282,protein_0076,0.2465753424657534
protein_0282,protein_0077,0.13636363636363635
protein_0282,protein_0078,0.12871287128712872
protein_0282,protein_0079,0.12871287128712872
protein_0282,protein_0080,0.12643678160919541
protein_0282,protein_0081,0.11494252873563218
protein_0282,protein_0082,0.13
protein_0282,protein_0083,0.12359550561797752
protein_0282,protein_0084,0.17391304347826086
protein_0282,protein_0085,0.15
protein_0282,protein_0086,0.15
protein_0282,protein_0087,0.16901408450704225
protein_0282,protein_0088,0.09090909090909091
protein_0282,protein_0089,0.09090909090909091
protein_0282,protein_0090,0.1
protein_0282,protein_0091,0.168141592920354
protein_0282,protein_0092,0.168141592920354
protein_0282,protein_0093,0.12790697674418605
protein_0282,protein_0094,0.13157894736842105
protein_0282,protein_0095,0.10909090909090909
protein_0282,protein_0096,0.13
protein_0282,protein_0097,0.12087912087912088
protein_0282,protein_0098,0.11494252873563218
protein_0282,protein_0099,0.09090909090909091
protein_0282,protein_0100,0.19117647058823528
protein_0282,protein_0101,0.13793103448275862
protein_0282,protein_0102,0.1595744680851064
protein_0282,protein_0103,0.10869565217391304
protein_0282,protein_0104,0.1440677966101695
protein_0282,protein_0105,0.24285714285714285
protein_0282,protein_0106,0.15315315315315314
protein_0282,protein_0107,0.13861386138613863
protein_0282,protein_0108,0.13131313131313133
protein_0282,protein_0109,0.17647058823529413
protein_0282,protein_0110,0.16279069767441862
protein_0282,protein_0111,0.13043478260869565
protein_0282,protein_0113,0.09090909090909091
protein_0282,protein_0114,0.11494252873563218
protein_0282,protein_0116,0.14545454545454545
protein_0282,protein_0118,0.19117647058823528
protein_0282,protein_0119,0.16
protein_0282,protein_0121,0.1827956989247312
protein_0282,protein_0122,0.17045454545454544
protein_0282,protein_0123,0.18309859154929578
protein_0282,protein_0124,0.16304347826086957
protein_0282,protein_0125,0.13333333333333333
protein_0282,protein_0126,0.14814814814814814
protein_0282,protein_0127,0.11363636363636363
protein_0282,protein_0128,0.13043478260869565
protein_0282,protein_0130,0.1
protein_0282,protein_0131,0.13043478260869565
protein_0282,protein_0132,0.10091743119266056
protein_0282,protein_0133,0.10091743119266056
protein_0282,protein_0134,0.18604651162790697
protein_0282,protein_0135,0.11702127659574468
protein_0282,protein_0137,0.07317073170731707
protein_0282,protein_0138,0.07317073170731707
protein_0282,protein_0139,0.16901408450704225
protein_0282,protein_0140,0.18478260869565216
protein_0282,protein_0141,0.18888888888888888
protein_0282,protein_0142,0.18181818181818182
protein_0282,protein_0143,0.12643678160919541
protein_0282,protein_0144,0.13793103448275862
protein_0282,protein_0145,0.17391304347826086
protein_0282,protein_0146,0.15492957746478872
protein_0282,protein_0147,0.12643678160919541
protein_0282,protein_0148,0.11494252873563218
protein_0282,protein_0149,0.19117647058823528
protein_0282,protein_0150,0.17045454545454544
protein_0282,protein_0151,0.16853932584269662
protein_0282,protein_0152,0.20270270270270271
protein_0282,protein_0153,0.22077922077922077
protein_0282,protein_0155,0.1111111111111111
protein_0282,protein_0156,0.13157894736842105
protein_0282,protein_0157,0.11363636363636363
protein_0282,protein_0158,0.14666666666666667
protein_0282,protein_0159,0.11235955056179775
protein_0282,protein_0160,0.08045977011494253
protein_0282,protein_0161,0.11864406779661017
protein_0282,protein_0162,0.058823529411764705
protein_0282,protein_0163,0.11
protein_0282,protein_0165,0.14492753623188406
protein_0282,protein_0166,0.11363636363636363
protein_0282,protein_0167,0.10569105691056911
protein_0282,protein_0168,0.10569105691056911
protein_0282,protein_0169,0.13709677419354838
protein_0282,protein_0170,0.11
protein_0282,protein_0171,0.13793103448275862
protein_0282,protein_0172,0.1282051282051282
protein_0282,protein_0173,0.16304347826086957
protein_0282,protein_0174,0.10752688172043011
protein_0282,protein_0175,0.07954545454545454
protein_0282,protein_0176,0.19480519480519481
protein_0282,protein_0177,0.19480519480519481
protein_0282,protein_0178,0.11403508771929824
protein_0282,protein_0180,0.16853932584269662
protein_0282,protein_0181,0.1348314606741573
protein_0282,protein_0182,0.17
protein_0282,protein_0184,0.06818181818181818
protein_0282,protein_0186,0.12612612612612611
protein_0282,protein_0187,0.12903225806451613
protein_0282,protein_0188,0.2
protein_0282,protein_0189,0.14606741573033707
protein_0282,protein_0190,0.12903225806451613
protein_0282,protein_0191,0.09195402298850575
protein_0282,protein_0192,0.08235294117647059
protein_0282,protein_0193,0.1590909090909091
protein_0282,protein_0194,0.18085106382978725
protein_0282,protein_0195,0.1590909090909091
protein_0282,protein_0196,0.16853932584269662
protein_0282,protein_0198,0.11494252873563218
protein_0282,protein_0200,0.13793103448275862
protein_0282,protein_0201,0.14563106796116504
protein_0282,protein_0202,0.13636363636363635
protein_0282,protein_0205,0.13270142180094788
protein_0282,protein_0206,0.11494252873563218
protein_0282,protein_0207,0.11864406779661017
protein_0282,protein_0208,0.1619047619047619
protein_0282,protein_0209,0.16091954022988506
protein_0282,protein_0210,0.13186813186813187
protein_0282,protein_0212,0.19718309859154928
protein_0282,protein_0213,0.16091954022988506
protein_0282,protein_0214,0.3380281690140845
protein_0282,protein_0215,0.2608695652173913
protein_0282,protein_0216,0.16
protein_0282,protein_0217,0.1744186046511628
protein_0282,protein_0218,0.104
protein_0282,protein_0219,0.10743801652892562
protein_0282,protein_0220,0.11363636363636363
protein_0282,protein_0221,0.34285714285714286
protein_0282,protein_0223,0.2608695652173913
protein_0282,protein_0225,0.12941176470588237
protein_0282,protein_0226,0.20652173913043478
protein_0282,protein_0227,0.24050632911392406
protein_0282,protein_0228,0.15584415584415584
protein_0282,protein_0229,0.15476190476190477
protein_0282,protein_0230,0.125
protein_0282,protein_0231,0.125
protein_0282,protein_0232,0.19718309859154928
protein_0282,protein_0233,0.11538461538461539
protein_0282,protein_0235,0.1527777777777778
protein_0282,protein_0236,0.14383561643835616
protein_0282,protein_0238,0.10526315789473684
protein_0282,protein_0239,0.13043478260869565
protein_0282,protein_0240,0.13978494623655913
protein_0282,protein_0241,0.13978494623655913
protein_0282,protein_0242,0.16
protein_0282,protein_0243,0.09090909090909091
protein_0282,protein_0244,0.11764705882352941
protein_0282,protein_0245,0.1111111111111111
protein_0282,protein_0246,0.11827956989247312
protein_0282,protein_0247,0.1927710843373494
protein_0282,protein_0248,0.13793103448275862
protein_0282,protein_0249,0.125
protein_0282,protein_0250,0.1836734693877551
protein_0282,protein_0251,0.18681318681318682
protein_0282,protein_0252,0.14772727272727273
protein_0282,protein_0254,0.1411764705882353
protein_0282,protein_0255,0.08771929824561403
protein_0282,protein_0256,0.07920792079207921
protein_0282,protein_0257,0.0891089108910891
protein_0282,protein_0258,0.125
protein_0282,protein_0259,0.19718309859154928
protein_0282,protein_0260,0.19718309859154928
protein_0282,protein_0261,0.12264150943396226
protein_0282,protein_0262,0.10218978102189781
protein_0282,protein_0263,0.11029411764705882
protein_0282,protein_0264,0.23404255319148937
protein_0282,protein_0265,0.23404255319148937
protein_0282,protein_0266,0.2127659574468085
protein_0282,protein_0267,0.1111111111111111
protein_0282,protein_0268,0.14285714285714285
protein_0282,protein_0269,0.08620689655172414
protein_0282,protein_0270,0.2638888888888889
protein_0282,protein_0271,0.19444444444444445
protein_0282,protein_0272,0.11538461538461539
protein_0282,protein_0273,0.1320754716981132
protein_0282,protein_0274,0.14606741573033707
protein_0282,protein_0275,0.12264150943396226
protein_0282,protein_0276,0.13793103448275862
protein_0282,protein_0278,0.11458333333333333
protein_0282,protein_0279,0.1111111111111111
protein_0282,protein_0280,0.13253012048192772
protein_0282,protein_0281,0.11607142857142858
protein_0282,protein_0284,0.16666666666666666
protein_0282,protein_0285,0.11494252873563218
protein_0282,protein_0286,0.22972972972972974
protein_0282,protein_0288,0.047058823529411764
protein_0282,protein_0289,0.1643835616438356
protein_0282,protein_0290,0.13861386138613863
protein_0282,protein_0291,0.14772727272727273
protein_0282,protein_0292,0.21052631578947367
protein_0282,protein_0293,0.14606741573033707
protein_0282,protein_0294,0.14772727272727273
protein_0282,protein_0295,0.18055555555555555
protein_0282,protein_0296,0.13157894736842105
protein_0282,protein_0297,0.17647058823529413
protein_0282,protein_0298,0.14864864864864866
protein_0282,protein_0300,0.17204301075268819
protein_0282,protein_0301,0.17204301075268819
protein_0282,protein_0302,0.07834101382488479
protein_0282,protein_0303,0.16279069767441862
protein_0282,protein_0304,0.1780821917808219
protein_0282,protein_0305,0.1643835616438356
protein_0282,protein_0306,0.1282051282051282
protein_0282,protein_0307,0.11016949152542373
protein_0282,protein_0308,0.09322033898305085
protein_0282,protein_0309,0.15384615384615385
protein_0282,protein_0310,0.12121212121212122
protein_0282,protein_0311,0.13793103448275862
protein_0282,protein_0312,0.16091954022988506
protein_0282,protein_0313,0.18181818181818182
protein_0282,protein_0314,0.15126050420168066
protein_0282,protein_0315,0.09734513274336283
protein_0282,protein_0316,0.1643835616438356
protein_0282,protein_0317,0.12
protein_0282,protein_0318,0.125
protein_0282,protein_0319,0.09195402298850575
protein_0282,protein_0320,0.10227272727272728
protein_0282,protein_0321,0.11827956989247312
protein_0282,protein_0322,0.10843373493975904
protein_0282,protein_0323,0.17894736842105263
protein_0282,protein_0324,0.2602739726027397
protein_0282,protein_0326,0.13095238095238096
protein_0282,protein_0328,0.1111111111111111
protein_0282,protein_0329,0.1111111111111111
protein_0282,protein_0330,0.12359550561797752
protein_0282,protein_0331,0.1728395061728395
protein_0282,protein_0332,0.14772727272727273
protein_0282,protein_0333,0.10344827586206896
protein_0282,protein_0334,0.13978494623655913
protein_0282,protein_0335,0.1111111111111111
protein_0282,protein_0336,0.2
protein_0282,protein_0337,0.15862068965517243
protein_0282,protein_0338,0.11363636363636363
protein_0282,protein_0339,0.1506849315068493
protein_0282,protein_0340,0.15
protein_0282,protein_0341,0.1346153846153846
protein_0282,protein_0342,0.2318840579710145
protein_0282,protein_0343,0.1780821917808219
protein_0282,protein_0344,0.11363636363636363
protein_0282,protein_0345,0.125
protein_0282,protein_0346,0.125
protein_0282,protein_0347,0.1891891891891892
protein_0282,protein_0348,0.11304347826086956
protein_0282,protein_0349,0.1650485436893204
protein_0282,protein_0351,0.14444444444444443
protein_0282,protein_0352,0.17105263157894737
protein_0282,protein_0353,0.15454545454545454
protein_0282,protein_0354,0.2
protein_0282,protein_0355,0.15447154471544716
protein_0282,protein_0356,0.21428571428571427
protein_0282,protein_0358,0.11363636363636363
protein_0282,protein_0359,0.09243697478991597
protein_0282,protein_0361,0.1440677966101695
protein_0282,protein_0363,0.10638297872340426
protein_0282,protein_0364,0.10638297872340426
protein_0282,protein_0365,0.16842105263157894
protein_0282,protein_0366,0.1411764705882353
protein_0282,protein_0367,0.11711711711711711
protein_0282,protein_0369,0.22666666666666666
protein_0282,protein_0370,0.11363636363636363
protein_0282,protein_0371,0.1348314606741573
protein_0282,protein_0372,0.0776255707762557
protein_0282,protein_0373,0.16
protein_0282,protein_0374,0.10743801652892562
protein_0282,protein_0375,0.15555555555555556
protein_0282,protein_0376,0.15
protein_0282,protein_0377,0.09195402298850575
protein_0282,protein_0379,0.15714285714285714
protein_0282,protein_0380,0.15714285714285714
protein_0282,protein_0381,0.15714285714285714
protein_0282,protein_0382,0.14772727272727273
protein_0282,protein_0383,0.18055555555555555
protein_0282,protein_0385,0.10810810810810811
protein_0282,protein_0386,0.13131313131313133
protein_0282,protein_0387,0.12244897959183673
protein_0282,protein_0388,0.17333333333333334
protein_0282,protein_0389,0.27631578947368424
protein_0282,protein_0390,0.11494252873563218
protein_0282,protein_0391,0.1326530612244898
protein_0282,protein_0393,0.13978494623655913
protein_0282,protein_0394,0.11403508771929824
protein_0282,protein_0395,0.11702127659574468
protein_0282,protein_0396,0.13114754098360656
protein_0282,protein_0397,0.13636363636363635
protein_0282,protein_0398,0.11504424778761062
protein_0282,protein_0399,0.17204301075268819
protein_0283,protein_0000,0.10407239819004525
protein_0283,protein_0001,0.08256880733944955
protein_0283,protein_0003,0.10091743119266056
protein_0283,protein_0004,0.07339449541284404
protein_0283,protein_0005,0.0963302752293578
protein_0283,protein_0006,0.10091743119266056
protein_0283,protein_0007,0.08256880733944955
protein_0283,protein_0008,0.09502262443438914
protein_0283,protein_0009,0.11467889908256881
protein_0283,protein_0010,0.11926605504587157
protein_0283,protein_0012,0.11926605504587157
protein_0283,protein_0013,0.09174311926605505
protein_0283,protein_0014,0.14220183486238533
protein_0283,protein_0015,0.11467889908256881
protein_0283,protein_0016,0.1004566210045662
protein_0283,protein_0017,0.18181818181818182
protein_0283,protein_0018,0.11009174311926606
protein_0283,protein_0019,0.09174311926605505
protein_0283,protein_0020,0.10091743119266056
protein_0283,protein_0021,0.11009174311926606
protein_0283,protein_0022,0.08636363636363636
protein_0283,protein_0023,0.09174311926605505
protein_0283,protein_0024,0.0958904109589041
protein_0283,protein_0025,0.0963302752293578
protein_0283,protein_0027,0.1141552511415525
protein_0283,protein_0028,0.1050228310502283
protein_0283,protein_0029,0.1141552511415525
protein_0283,protein_0030,0.13063063063063063
protein_0283,protein_0031,0.11160714285714286
protein_0283,protein_0032,0.0963302752293578
protein_0283,protein_0033,0.12385321100917432
protein_0283,protein_0034,0.11926605504587157
protein_0283,protein_0035,0.10091743119266056
protein_0283,protein_0036,0.0958904109589041
protein_0283,protein_0037,0.1187214611872146
protein_0283,protein_0039,0.1050228310502283
protein_0283,protein_0040,0.07272727272727272
protein_0283,protein_0041,0.10091743119266056
protein_0283,protein_0042,0.08256880733944955
protein_0283,protein_0043,0.10091743119266056
protein_0283,protein_0044,0.09174311926605505
protein_0283,protein_0045,0.09174311926605505
protein_0283,protein_0046,0.08256880733944955
protein_0283,protein_0047,0.0958904109589041
protein_0283,protein_0048,0.1004566210045662
protein_0283,protein_0049,0.1004566210045662
protein_0283,protein_0050,0.13761467889908258
protein_0283,protein_0051,0.1050228310502283
protein_0283,protein_0052,0.10091743119266056
protein_0283,protein_0053,0.09502262443438914
protein_0283,protein_0054,0.14220183486238533
protein_0283,protein_0055,0.11842105263157894
protein_0283,protein_0056,0.1141552511415525
protein_0283,protein_0057,0.08256880733944955
protein_0283,protein_0058,0.08256880733944955
protein_0283,protein_0059,0.1050228310502283
protein_0283,protein_0060,0.11926605504587157
protein_0283,protein_0061,0.13574660633484162
protein_0283,protein_0062,0.10091743119266056
protein_0283,protein_0063,0.4479638009049774
protein_0283,protein_0064,0.1050228310502283
protein_0283,protein_0065,0.11210762331838565
protein_0283,protein_0066,0.09090909090909091
protein_0283,protein_0067,0.10550458715596331
protein_0283,protein_0068,0.10091743119266056
protein_0283,protein_0069,0.09545454545454546
protein_0283,protein_0070,0.10550458715596331
protein_0283,protein_0071,0.0963302752293578
protein_0283,protein_0072,0.09174311926605505
protein_0283,protein_0073,0.0871559633027523
protein_0283,protein_0074,0.0963302752293578
protein_0283,protein_0075,0.1324200913242009
protein_0283,protein_0076,0.05504587155963303
protein_0283,protein_0077,0.1036036036036036
protein_0283,protein_0078,0.0871559633027523
protein_0283,protein_0079,0.0871559633027523
protein_0283,protein_0080,0.1036036036036036
protein_0283,protein_0081,0.11926605504587157
protein_0283,protein_0082,0.1141552511415525
protein_0283,protein_0083,0.1141552511415525
protein_0283,protein_0084,0.12385321100917432
protein_0283,protein_0085,0.1085972850678733
protein_0283,protein_0086,0.11764705882352941
protein_0283,protein_0087,0.06422018348623854
protein_0283,protein_0088,0.0963302752293578
protein_0283,protein_0089,0.13513513513513514
protein_0283,protein_0090,0.14414414414414414
protein_0283,protein_0091,0.1598173515981735
protein_0283,protein_0092,0.1598173515981735
protein_0283,protein_0093,0.10550458715596331
protein_0283,protein_0094,0.13302752293577982
protein_0283,protein_0095,0.13636363636363635
protein_0283,protein_0096,0.11160714285714286
protein_0283,protein_0097,0.10550458715596331
protein_0283,protein_0098,0.09174311926605505
protein_0283,protein_0099,0.1324200913242009
protein_0283,protein_0100,0.10091743119266056
protein_0283,protein_0101,0.09174311926605505
protein_0283,protein_0102,0.0871559633027523
protein_0283,protein_0103,0.09865470852017937
protein_0283,protein_0104,0.11009174311926606
protein_0283,protein_0105,0.07339449541284404
protein_0283,protein_0106,0.11818181818181818
protein_0283,protein_0107,0.13122171945701358
protein_0283,protein_0108,0.0779816513761468
protein_0283,protein_0109,0.0963302752293578
protein_0283,protein_0110,0.11210762331838565
protein_0283,protein_0111,0.11009174311926606
protein_0283,protein_0113,0.12385321100917432
protein_0283,protein_0114,0.11764705882352941
protein_0283,protein_0116,0.14414414414414414
protein_0283,protein_0118,0.0963302752293578
protein_0283,protein_0119,0.10909090909090909
protein_0283,protein_0121,0.0963302752293578
protein_0283,protein_0122,0.12844036697247707
protein_0283,protein_0123,0.091324200913242
protein_0283,protein_0124,0.0963302752293578
protein_0283,protein_0125,0.11467889908256881
protein_0283,protein_0126,0.11210762331838565
protein_0283,protein_0127,0.10091743119266056
protein_0283,protein_0128,0.10550458715596331
protein_0283,protein_0130,0.13513513513513514
protein_0283,protein_0131,0.0871559633027523
protein_0283,protein_0132,0.12217194570135746
protein_0283,protein_0133,0.12217194570135746
protein_0283,protein_0134,0.0779816513761468
protein_0283,protein_0135,0.0871559633027523
protein_0283,protein_0137,0.13636363636363635
protein_0283,protein_0138,0.13636363636363635
protein_0283,protein_0139,0.0963302752293578
protein_0283,protein_0140,0.11467889908256881
protein_0283,protein_0141,0.11926605504587157
protein_0283,protein_0142,0.10091743119266056
protein_0283,protein_0143,0.0963302752293578
protein_0283,protein_0144,0.1141552511415525
protein_0283,protein_0145,0.11467889908256881
protein_0283,protein_0146,0.1050228310502283
protein_0283,protein_0147,0.11009174311926606
protein_0283,protein_0148,0.09954751131221719
protein_0283,protein_0149,0.11009174311926606
protein_0283,protein_0150,0.10091743119266056
protein_0283,protein_0151,0.0963302752293578
protein_0283,protein_0152,0.10454545454545454
protein_0283,protein_0153,0.091324200913242
protein_0283,protein_0155,0.11312217194570136
protein_0283,protein_0156,0.12612612612612611
protein_0283,protein_0157,0.0963302752293578
protein_0283,protein_0158,0.0963302752293578
protein_0283,protein_0159,0.09174311926605505
protein_0283,protein_0160,0.09174311926605505
protein_0283,protein_0161,0.11894273127753303
protein_0283,protein_0162,0.091324200913242
protein_0283,protein_0163,0.11009174311926606
protein_0283,protein_0165,0.09174311926605505
protein_0283,protein_0166,0.0958904109589041
protein_0283,protein_0167,0.11926605504587157
protein_0283,protein_0168,0.11009174311926606
protein_0283,protein_0169,0.1141552511415525
protein_0283,protein_0170,0.09090909090909091
protein_0283,protein_0171,0.08256880733944955
protein_0283,protein_0172,0.1222707423580786
protein_0283,protein_0173,0.0871559633027523
protein_0283,protein_0174,0.1050228310502283
protein_0283,protein_0175,0.091324200913242
protein_0283,protein_0176,0.09865470852017937
protein_0283,protein_0177,0.08256880733944955
protein_0283,protein_0178,0.09174311926605505
protein_0283,protein_0180,0.08256880733944955
protein_0283,protein_0181,0.10550458715596331
protein_0283,protein_0182,0.07339449541284404
protein_0283,protein_0184,0.0963302752293578
protein_0283,protein_0186,0.11009174311926606
protein_0283,protein_0187,0.11363636363636363
protein_0283,protein_0188,0.10550458715596331
protein_0283,protein_0189,0.10407239819004525
protein_0283,protein_0190,0.11926605504587157
protein_0283,protein_0191,0.1050228310502283
protein_0283,protein_0192,0.0779816513761468
protein_0283,protein_0193,0.13004484304932734
protein_0283,protein_0194,0.11467889908256881
protein_0283,protein_0195,0.1141552511415525
protein_0283,protein_0196,0.10550458715596331
protein_0283,protein_0198,0.0779816513761468
protein_0283,protein_0200,0.10550458715596331
protein_0283,protein_0201,0.10550458715596331
protein_0283,protein_0202,0.10550458715596331
protein_0283,protein_0205,0.4541284403669725
protein_0283,protein_0206,0.1187214611872146
protein_0283,protein_0207,0.10619469026548672
protein_0283,protein_0208,0.11467889908256881
protein_0283,protein_0209,0.09174311926605505
protein_0283,protein_0210,0.0990990990990991
protein_0283,protein_0212,0.0779816513761468
protein_0283,protein_0213,0.10091743119266056
protein_0283,protein_0214,0.1050228310502283
protein_0283,protein_0215,0.0963302752293578
protein_0283,protein_0216,0.1278538812785388
protein_0283,protein_0217,0.0871559633027523
protein_0283,protein_0218,0.1583710407239819
protein_0283,protein_0219,0.13452914798206278
protein_0283,protein_0220,0.10091743119266056
protein_0283,protein_0221,0.0776255707762557
protein_0283,protein_0223,0.06880733944954129
protein_0283,protein_0225,0.0779816513761468
protein_0283,protein_0226,0.0963302752293578
protein_0283,protein_0227,0.0871559633027523
protein_0283,protein_0228,0.09174311926605505
protein_0283,protein_0229,0.07339449541284404
protein_0283,protein_0230,0.12844036697247707
protein_0283,protein_0231,0.1141552511415525
protein_0283,protein_0232,0.10091743119266056
protein_0283,protein_0233,0.11926605504587157
protein_0283,protein_0235,0.12612612612612611
protein_0283,protein_0236,0.14732142857142858
protein_0283,protein_0238,0.1552511415525114
protein_0283,protein_0239,0.0779816513761468
protein_0283,protein_0240,0.09174311926605505
protein_0283,protein_0241,0.08256880733944955
protein_0283,protein_0242,0.08636363636363636
protein_0283,protein_0243,0.10762331838565023
protein_0283,protein_0244,0.11009174311926606
protein_0283,protein_0245,0.16363636363636364
protein_0283,protein_0246,0.1111111111111111
protein_0283,protein_0247,0.11009174311926606
protein_0283,protein_0248,0.11009174311926606
protein_0283,protein_0249,0.08636363636363636
protein_0283,protein_0250,0.10550458715596331
protein_0283,protein_0251,0.11467889908256881
protein_0283,protein_0252,0.0963302752293578
protein_0283,protein_0254,0.1095890410958904
protein_0283,protein_0255,0.13963963963963963
protein_0283,protein_0256,0.10454545454545454
protein_0283,protein_0257,0.0963302752293578
protein_0283,protein_0258,0.11261261261261261
protein_0283,protein_0259,0.0871559633027523
protein_0283,protein_0260,0.0871559633027523
protein_0283,protein_0261,0.11009174311926606
protein_0283,protein_0262,0.16143497757847533
protein_0283,protein_0263,0.1493212669683258
protein_0283,protein_0264,0.1085972850678733
protein_0283,protein_0265,0.1085972850678733
protein_0283,protein_0266,0.1278538812785388
protein_0283,protein_0267,0.11467889908256881
protein_0283,protein_0268,0.10550458715596331
protein_0283,protein_0269,0.12844036697247707
protein_0283,protein_0270,0.09174311926605505
protein_0283,protein_0271,0.09009009009009009
protein_0283,protein_0272,0.15217391304347827
protein_0283,protein_0273,0.15217391304347827
protein_0283,protein_0274,0.07339449541284404
protein_0283,protein_0275,0.11009174311926606
protein_0283,protein_0276,0.0867579908675799
protein_0283,protein_0278,0.09174311926605505
protein_0283,protein_0279,0.0958904109589041
protein_0283,protein_0280,0.1050228310502283
protein_0283,protein_0281,0.15137614678899083
protein_0283,protein_0284,0.11009174311926606
protein_0283,protein_0285,0.11009174311926606
protein_0283,protein_0286,0.11818181818181818
protein_0283,protein_0288,0.07339449541284404
protein_0283,protein_0289,0.09174311926605505
protein_0283,protein_0290,0.10454545454545454
protein_0283,protein_0291,0.12385321100917432
protein_0283,protein_0292,0.09174311926605505
protein_0283,protein_0293,0.1095890410958904
protein_0283,protein_0294,0.12385321100917432
protein_0283,protein_0295,0.1141552511415525
protein_0283,protein_0296,0.1318181818181818
protein_0283,protein_0297,0.09174311926605505
protein_0283,protein_0298,0.09545454545454546
protein_0283,protein_0300,0.09545454545454546
protein_0283,protein_0301,0.09545454545454546
protein_0283,protein_0302,0.4189189189189189
protein_0283,protein_0303,0.10550458715596331
protein_0283,protein_0304,0.09009009009009009
protein_0283,protein_0305,0.11210762331838565
protein_0283,protein_0306,0.09734513274336283
protein_0283,protein_0307,0.1210762331838565
protein_0283,protein_0308,0.12727272727272726
protein_0283,protein_0309,0.10550458715596331
protein_0283,protein_0310,0.12844036697247707
protein_0283,protein_0311,0.10091743119266056
protein_0283,protein_0312,0.1031390134529148
protein_0283,protein_0313,0.11009174311926606
protein_0283,protein_0314,0.11363636363636363
protein_0283,protein_0315,0.12844036697247707
protein_0283,protein_0316,0.09174311926605505
protein_0283,protein_0317,0.11926605504587157
protein_0283,protein_0318,0.13761467889908258
protein_0283,protein_0319,0.10550458715596331
protein_0283,protein_0320,0.10454545454545454
protein_0283,protein_0321,0.0958904109589041
protein_0283,protein_0322,0.0963302752293578
protein_0283,protein_0323,0.09417040358744394
protein_0283,protein_0324,0.09174311926605505
protein_0283,protein_0326,0.11467889908256881
protein_0283,protein_0328,0.13122171945701358
protein_0283,protein_0329,0.13122171945701358
protein_0283,protein_0330,0.11926605504587157
protein_0283,protein_0331,0.1141552511415525
protein_0283,protein_0332,0.1095890410958904
protein_0283,protein_0333,0.11009174311926606
protein_0283,protein_0334,0.1415525114155251
protein_0283,protein_0335,0.11926605504587157
protein_0283,protein_0336,0.09174311926605505
protein_0283,protein_0337,0.14864864864864866
protein_0283,protein_0338,0.10550458715596331
protein_0283,protein_0339,0.10091743119266056
protein_0283,protein_0340,0.10909090909090909
protein_0283,protein_0341,0.12444444444444444
protein_0283,protein_0342,0.091324200913242
protein_0283,protein_0343,0.1004566210045662
protein_0283,protein_0344,0.10550458715596331
protein_0283,protein_0345,0.11009174311926606
protein_0283,protein_0346,0.11009174311926606
protein_0283,protein_0347,0.11467889908256881
protein_0283,protein_0348,0.14220183486238533
protein_0283,protein_0349,0.13302752293577982
protein_0283,protein_0351,0.0990990990990991
protein_0283,protein_0352,0.0871559633027523
protein_0283,protein_0353,0.14220183486238533
protein_0283,protein_0354,0.10909090909090909
protein_0283,protein_0355,0.1415525114155251
protein_0283,protein_0356,0.09545454545454546
protein_0283,protein_0358,0.09174311926605505
protein_0283,protein_0359,0.12385321100917432
protein_0283,protein_0361,0.09174311926605505
protein_0283,protein_0363,0.09174311926605505
protein_0283,protein_0364,0.09174311926605505
protein_0283,protein_0365,0.10550458715596331
protein_0283,protein_0366,0.0963302752293578
protein_0283,protein_0367,0.1085972850678733
protein_0283,protein_0369,0.0963302752293578
protein_0283,protein_0370,0.10550458715596331
protein_0283,protein_0371,0.09174311926605505
protein_0283,protein_0372,0.8018018018018018
protein_0283,protein_0373,0.11312217194570136
protein_0283,protein_0374,0.12053571428571429
protein_0283,protein_0375,0.0871559633027523
protein_0283,protein_0376,0.1031390134529148
protein_0283,protein_0377,0.08256880733944955
protein_0283,protein_0379,0.11009174311926606
protein_0283,protein_0380,0.11009174311926606
protein_0283,protein_0381,0.11009174311926606
protein_0283,protein_0382,0.10550458715596331
protein_0283,protein_0383,0.1095890410958904
protein_0283,protein_0385,0.10550458715596331
protein_0283,protein_0386,0.11711711711711711
protein_0283,protein_0387,0.11009174311926606
protein_0283,protein_0388,0.10091743119266056
protein_0283,protein_0389,0.0821917808219178
protein_0283,protein_0390,0.11926605504587157
protein_0283,protein_0391,0.10550458715596331
protein_0283,protein_0393,0.09174311926605505
protein_0283,protein_0394,0.0871559633027523
protein_0283,protein_0395,0.12844036697247707
protein_0283,protein_0396,0.10091743119266056
protein_0283,protein_0397,0.1031390134529148
protein_0283,protein_0398,0.13302752293577982
protein_0283,protein_0399,0.11009174311926606
protein_0287,protein_0000,0.21100917431192662
protein_0287,protein_0001,0.13761467889908258
protein_0287,protein_0003,0.21100917431192662
protein_0287,protein_0004,0.19444444444444445
protein_0287,protein_0005,0.09345794392523364
protein_0287,protein_0006,0.21621621621621623
protein_0287,protein_0007,0.1308411214953271
protein_0287,protein_0008,0.12931034482758622
protein_0287,protein_0009,0.13636363636363635
protein_0287,protein_0010,0.23148148148148148
protein_0287,protein_0012,0.21818181818181817
protein_0287,protein_0013,0.1588785046728972
protein_0287,protein_0014,0.1388888888888889
protein_0287,protein_0015,0.1826086956521739
protein_0287,protein_0016,0.1391304347826087
protein_0287,protein_0017,0.14492753623188406
protein_0287,protein_0018,0.16363636363636364
protein_0287,protein_0019,0.14018691588785046
protein_0287,protein_0020,0.19444444444444445
protein_0287,protein_0021,0.14035087719298245
protein_0287,protein_0022,0.19626168224299065
protein_0287,protein_0023,0.17757009345794392
protein_0287,protein_0024,0.14173228346456693
protein_0287,protein_0025,0.19444444444444445
protein_0287,protein_0027,0.1875
protein_0287,protein_0028,0.12173913043478261
protein_0287,protein_0029,0.1588785046728972
protein_0287,protein_0030,0.23076923076923078
protein_0287,protein_0031,0.20175438596491227
protein_0287,protein_0032,0.2037037037037037
protein_0287,protein_0033,0.21428571428571427
protein_0287,protein_0034,0.21296296296296297
protein_0287,protein_0035,0.1111111111111111
protein_0287,protein_0036,0.1588785046728972
protein_0287,protein_0037,0.17592592592592593
protein_0287,protein_0039,0.14545454545454545
protein_0287,protein_0040,0.11818181818181818
protein_0287,protein_0041,0.21296296296296297
protein_0287,protein_0042,0.14018691588785046
protein_0287,protein_0043,0.16666666666666666
protein_0287,protein_0044,0.19444444444444445
protein_0287,protein_0045,0.23636363636363636
protein_0287,protein_0046,0.14018691588785046
protein_0287,protein_0047,0.18518518518518517
protein_0287,protein_0048,0.19298245614035087
protein_0287,protein_0049,0.18518518518518517
protein_0287,protein_0050,0.12096774193548387
protein_0287,protein_0051,0.14953271028037382
protein_0287,protein_0052,0.19444444444444445
protein_0287,protein_0053,0.1834862385321101
protein_0287,protein_0054,0.12903225806451613
protein_0287,protein_0055,0.136
protein_0287,protein_0056,0.15702479338842976
protein_0287,protein_0057,0.1588785046728972
protein_0287,protein_0058,0.1308411214953271
protein_0287,protein_0059,0.17592592592592593
protein_0287,protein_0060,0.14285714285714285
protein_0287,protein_0061,0.2288135593220339
protein_0287,protein_0062,0.22727272727272727
protein_0287,protein_0063,0.0967741935483871
protein_0287,protein_0064,0.16666666666666666
protein_0287,protein_0065,0.1532258064516129
protein_0287,protein_0066,0.17054263565891473
protein_0287,protein_0067,0.24545454545454545
protein_0287,protein_0068,0.18518518518518517
protein_0287,protein_0069,0.23148148148148148
protein_0287,protein_0070,0.21238938053097345
protein_0287,protein_0071,0.16666666666666666
protein_0287,protein_0072,0.15454545454545454
protein_0287,protein_0073,0.2222222222222222
protein_0287,protein_0074,0.1826086956521739
protein_0287,protein_0075,0.21052631578947367
protein_0287,protein_0076,0.14018691588785046
protein_0287,protein_0077,0.21296296296296297
protein_0287,protein_0078,0.18018018018018017
protein_0287,protein_0079,0.18018018018018017
protein_0287,protein_0080,0.17592592592592593
protein_0287,protein_0081,0.17592592592592593
protein_0287,protein_0082,0.125
protein_0287,protein_0083,0.17592592592592593
protein_0287,protein_0084,0.19642857142857142
protein_0287,protein_0085,0.11666666666666667
protein_0287,protein_0086,0.125
protein_0287,protein_0087,0.14018691588785046
protein_0287,protein_0088,0.25
protein_0287,protein_0089,0.15503875968992248
protein_0287,protein_0090,0.1640625
protein_0287,protein_0091,0.16
protein_0287,protein_0092,0.16
protein_0287,protein_0093,0.24074074074074073
protein_0287,protein_0094,0.16260162601626016
protein_0287,protein_0095,0.13333333333333333
protein_0287,protein_0096,0.17796610169491525
protein_0287,protein_0097,0.17592592592592593
protein_0287,protein_0098,0.18518518518518517
protein_0287,protein_0099,0.15178571428571427
protein_0287,protein_0100,0.21495327102803738
protein_0287,protein_0101,0.2037037037037037
protein_0287,protein_0102,0.1574074074074074
protein_0287,protein_0103,0.19090909090909092
protein_0287,protein_0104,0.125
protein_0287,protein_0105,0.1504424778761062
protein_0287,protein_0106,0.14166666666666666
protein_0287,protein_0107,0.17272727272727273
protein_0287,protein_0108,0.23214285714285715
protein_0287,protein_0109,0.14018691588785046
protein_0287,protein_0110,0.18518518518518517
protein_0287,protein_0111,0.20535714285714285
protein_0287,protein_0113,0.24770642201834864
protein_0287,protein_0114,0.2037037037037037
protein_0287,protein_0116,0.12
protein_0287,protein_0118,0.14953271028037382
protein_0287,protein_0119,0.1484375
protein_0287,protein_0121,0.2222222222222222
protein_0287,protein_0122,0.17592592592592593
protein_0287,protein_0123,0.16666666666666666
protein_0287,protein_0124,0.2037037037037037
protein_0287,protein_0125,0.17073170731707318
protein_0287,protein_0126,0.1565217391304348
protein_0287,protein_0127,0.25688073394495414
protein_0287,protein_0128,0.22123893805309736
protein_0287,protein_0130,0.16923076923076924
protein_0287,protein_0131,0.12149532710280374
protein_0287,protein_0132,0.7663551401869159
protein_0287,protein_0133,0.7663551401869159
protein_0287,protein_0134,0.21621621621621623
protein_0287,protein_0135,0.18518518518518517
protein_0287,protein_0137,0.1951219512195122
protein_0287,protein_0138,0.1951219512195122
protein_0287,protein_0139,0.14953271028037382
protein_0287,protein_0140,0.21296296296296297
protein_0287,protein_0141,0.18518518518518517
protein_0287,protein_0142,0.23148148148148148
protein_0287,protein_0143,0.16216216216216217
protein_0287,protein_0144,0.14414414414414414
protein_0287,protein_0145,0.14678899082568808
protein_0287,protein_0146,0.14018691588785046
protein_0287,protein_0147,0.24770642201834864
protein_0287,protein_0148,0.22935779816513763
protein_0287,protein_0149,0.1588785046728972
protein_0287,protein_0150,0.2
protein_0287,protein_0151,0.17117117117117117
protein_0287,protein_0152,0.1651376146788991
protein_0287,protein_0153,0.15517241379310345
protein_0287,protein_0155,0.17557251908396945
protein_0287,protein_0156,0.10084033613445378
protein_0287,protein_0157,0.168141592920354
protein_0287,protein_0158,0.14018691588785046
protein_0287,protein_0159,0.23423423423423423
protein_0287,protein_0160,0.19444444444444445
protein_0287,protein_0161,0.18253968253968253
protein_0287,protein_0162,0.2037037037037037
protein_0287,protein_0163,0.1322314049586777
protein_0287,protein_0165,0.1308411214953271
protein_0287,protein_0166,0.22935779816513763
protein_0287,protein_0167,0.1391304347826087
protein_0287,protein_0168,0.13793103448275862
protein_0287,protein_0169,0.14615384615384616
protein_0287,protein_0170,0.18181818181818182
protein_0287,protein_0171,0.19444444444444445
protein_0287,protein_0172,0.15
protein_0287,protein_0173,0.19444444444444445
protein_0287,protein_0174,0.24074074074074073
protein_0287,protein_0175,0.19444444444444445
protein_0287,protein_0176,0.1308411214953271
protein_0287,protein_0177,0.16822429906542055
protein_0287,protein_0178,0.18487394957983194
protein_0287,protein_0180,0.21100917431192662
protein_0287,protein_0181,0.24545454545454545
protein_0287,protein_0182,0.1743119266055046
protein_0287,protein_0184,0.24545454545454545
protein_0287,protein_0186,0.17094017094017094
protein_0287,protein_0187,0.21296296296296297
protein_0287,protein_0188,0.15454545454545454
protein_0287,protein_0189,0.21428571428571427
protein_0287,protein_0190,0.25225225225225223
protein_0287,protein_0191,0.19444444444444445
protein_0287,protein_0192,0.14953271028037382
protein_0287,protein_0193,0.18018018018018017
protein_0287,protein_0194,0.1574074074074074
protein_0287,protein_0195,0.16666666666666666
protein_0287,protein_0196,0.17592592592592593
protein_0287,protein_0198,0.21929824561403508
protein_0287,protein_0200,0.19444444444444445
protein_0287,protein_0201,0.1
protein_0287,protein_0202,0.17592592592592593
protein_0287,protein_0205,0.11711711711711711
protein_0287,protein_0206,0.2037037037037037
protein_0287,protein_0207,0.1791044776119403
protein_0287,protein_0208,0.15702479338842976
protein_0287,protein_0209,0.17592592592592593
protein_0287,protein_0210,0.18518518518518517
protein_0287,protein_0212,0.1308411214953271
protein_0287,protein_0213,0.24770642201834864
protein_0287,protein_0214,0.10909090909090909
protein_0287,protein_0215,0.14912280701754385
protein_0287,protein_0216,0.10743801652892562
protein_0287,protein_0217,0.1826086956521739
protein_0287,protein_0218,0.1259259259259259
protein_0287,protein_0219,0.12396694214876033
protein_0287,protein_0220,0.17592592592592593
protein_0287,protein_0221,0.1308411214953271
protein_0287,protein_0223,0.14018691588785046
protein_0287,protein_0225,0.1891891891891892
protein_0287,protein_0226,0.16071428571428573
protein_0287,protein_0227,0.1111111111111111
protein_0287,protein_0228,0.15178571428571427
protein_0287,protein_0229,0.1574074074074074
protein_0287,protein_0230,0.2072072072072072
protein_0287,protein_0231,0.2037037037037037
protein_0287,protein_0232,0.17757009345794392
protein_0287,protein_0233,0.13740458015267176
protein_0287,protein_0235,0.16521739130434782
protein_0287,protein_0236,0.2072072072072072
protein_0287,protein_0238,0.13043478260869565
protein_0287,protein_0239,0.2037037037037037
protein_0287,protein_0240,0.23148148148148148
protein_0287,protein_0241,0.18518518518518517
protein_0287,protein_0242,0.12727272727272726
protein_0287,protein_0243,0.21621621621621623
protein_0287,protein_0244,0.19444444444444445
protein_0287,protein_0245,0.16891891891891891
protein_0287,protein_0246,0.15517241379310345
protein_0287,protein_0247,0.1574074074074074
protein_0287,protein_0248,0.21551724137931033
protein_0287,protein_0249,0.2636363636363636
protein_0287,protein_0250,0.1826086956521739
protein_0287,protein_0251,0.15315315315315314
protein_0287,protein_0252,0.14953271028037382
protein_0287,protein_0254,0.20535714285714285
protein_0287,protein_0255,0.08670520231213873
protein_0287,protein_0256,0.1016949152542373
protein_0287,protein_0257,0.09401709401709402
protein_0287,protein_0258,0.2
protein_0287,protein_0259,0.15315315315315314
protein_0287,protein_0260,0.15315315315315314
protein_0287,protein_0261,0.15517241379310345
protein_0287,protein_0262,0.12949640287769784
protein_0287,protein_0263,0.1610738255033557
protein_0287,protein_0264,0.22727272727272727
protein_0287,protein_0265,0.22727272727272727
protein_0287,protein_0266,0.1864406779661017
protein_0287,protein_0267,0.1559633027522936
protein_0287,protein_0268,0.1388888888888889
protein_0287,protein_0269,0.1774193548387097
protein_0287,protein_0270,0.11926605504587157
protein_0287,protein_0271,0.1308411214953271
protein_0287,protein_0272,0.21621621621621623
protein_0287,protein_0273,0.23636363636363636
protein_0287,protein_0274,0.1504424778761062
protein_0287,protein_0275,0.15315315315315314
protein_0287,protein_0276,0.1926605504587156
protein_0287,protein_0278,0.16216216216216217
protein_0287,protein_0279,0.19444444444444445
protein_0287,protein_0280,0.19642857142857142
protein_0287,protein_0281,0.1484375
protein_0287,protein_0284,0.22935779816513763
protein_0287,protein_0285,0.2222222222222222
protein_0287,protein_0286,0.168141592920354
protein_0287,protein_0288,0.17592592592592593
protein_0287,protein_0289,0.12149532710280374
protein_0287,protein_0290,0.19298245614035087
protein_0287,protein_0291,0.18691588785046728
protein_0287,protein_0292,0.1574074074074074
protein_0287,protein_0293,0.17117117117117117
protein_0287,protein_0294,0.19626168224299065
protein_0287,protein_0295,0.14953271028037382
protein_0287,protein_0296,0.15037593984962405
protein_0287,protein_0297,0.14018691588785046
protein_0287,protein_0298,0.11214953271028037
protein_0287,protein_0300,0.14912280701754385
protein_0287,protein_0301,0.14912280701754385
protein_0287,protein_0302,0.1461187214611872
protein_0287,protein_0303,0.18181818181818182
protein_0287,protein_0304,0.12149532710280374
protein_0287,protein_0305,0.22413793103448276
protein_0287,protein_0306,0.144
protein_0287,protein_0307,0.152
protein_0287,protein_0308,0.176
protein_0287,protein_0309,0.17699115044247787
protein_0287,protein_0310,0.15789473684210525
protein_0287,protein_0311,0.19444444444444445
protein_0287,protein_0312,0.21296296296296297
protein_0287,protein_0313,0.17592592592592593
protein_0287,protein_0314,0.12698412698412698
protein_0287,protein_0315,0.12295081967213115
protein_0287,protein_0316,0.14953271028037382
protein_0287,protein_0317,0.15
protein_0287,protein_0318,0.14166666666666666
protein_0287,protein_0319,0.23148148148148148
protein_0287,protein_0320,0.21296296296296297
protein_0287,protein_0321,0.16363636363636364
protein_0287,protein_0322,0.16822429906542055
protein_0287,protein_0323,0.20909090909090908
protein_0287,protein_0324,0.13008130081300814
protein_0287,protein_0326,0.1388888888888889
protein_0287,protein_0328,0.16379310344827586
protein_0287,protein_0329,0.16379310344827586
protein_0287,protein_0330,0.23636363636363636
protein_0287,protein_0331,0.1588785046728972
protein_0287,protein_0332,0.2222222222222222
protein_0287,protein_0333,0.22935779816513763
protein_0287,protein_0334,0.16964285714285715
protein_0287,protein_0335,0.14728682170542637
protein_0287,protein_0336,0.1308411214953271
protein_0287,protein_0337,0.2037037037037037
protein_0287,protein_0338,0.17592592592592593
protein_0287,protein_0339,0.16822429906542055
protein_0287,protein_0340,0.12931034482758622
protein_0287,protein_0341,0.26851851851851855
protein_0287,protein_0342,0.16379310344827586
protein_0287,protein_0343,0.14018691588785046
protein_0287,protein_0344,0.22321428571428573
protein_0287,protein_0345,0.15833333333333333
protein_0287,protein_0346,0.15833333333333333
protein_0287,protein_0347,0.14814814814814814
protein_0287,protein_0348,0.171875
protein_0287,protein_0349,0.18584070796460178
protein_0287,protein_0351,0.18518518518518517
protein_0287,protein_0352,0.1588785046728972
protein_0287,protein_0353,0.15
protein_0287,protein_0354,0.21100917431192662
protein_0287,protein_0355,0.21100917431192662
protein_0287,protein_0356,0.11214953271028037
protein_0287,protein_0358,0.23214285714285715
protein_0287,protein_0359,0.16666666666666666
protein_0287,protein_0361,0.12598425196850394
protein_0287,protein_0363,0.22807017543859648
protein_0287,protein_0364,0.2018348623853211
protein_0287,protein_0365,0.23148148148148148
protein_0287,protein_0366,0.2222222222222222
protein_0287,protein_0367,0.19469026548672566
protein_0287,protein_0369,0.09565217391304348
protein_0287,protein_0370,0.22321428571428573
protein_0287,protein_0371,0.2037037037037037
protein_0287,protein_0372,0.13839285714285715
protein_0287,protein_0373,0.14166666666666666
protein_0287,protein_0374,0.18181818181818182
protein_0287,protein_0375,0.18518518518518517
protein_0287,protein_0376,0.17543859649122806
protein_0287,protein_0377,0.19444444444444445
protein_0287,protein_0379,0.2413793103448276
protein_0287,protein_0380,0.2413793103448276
protein_0287,protein_0381,0.2413793103448276
protein_0287,protein_0382,0.18518518518518517
protein_0287,protein_0383,0.14018691588785046
protein_0287,protein_0385,0.1794871794871795
protein_0287,protein_0386,0.1415929203539823
protein_0287,protein_0387,0.11206896551724138
protein_0287,protein_0388,0.14414414414414414
protein_0287,protein_0389,0.14953271028037382
protein_0287,protein_0390,0.23423423423423423
protein_0287,protein_0391,0.22727272727272727
protein_0287,protein_0393,0.19444444444444445
protein_0287,protein_0394,0.16
protein_0287,protein_0395,0.15315315315315314
protein_0287,protein_0396,0.11764705882352941
protein_0287,protein_0397,0.17592592592592593
protein_0287,protein_0398,0.1724137931034483
protein_0287,protein_0399,0.22018348623853212
protein_0299,protein_0000,0.18681318681318682
protein_0299,protein_0001,0.15932696302451183
protein_0299,protein_0003,0.14444444444444443
protein_0299,protein_0004,0.125
protein_0299,protein_0005,0.2159090909090909
protein_0299,protein_0006,0.17525773195876287
protein_0299,protein_0007,0.15932696302451183
protein_0299,protein_0008,0.17647058823529413
protein_0299,protein_0009,0.18947368421052632
protein_0299,protein_0010,0.18947368421052632
protein_0299,protein_0012,0.1836734693877551
protein_0299,protein_0013,0.2
protein_0299,protein_0014,0.17277777777777778
protein_0299,protein_0015,0.1743119266055046
protein_0299,protein_0016,0.2
protein_0299,protein_0017,0.15267175572519084
protein_0299,protein_0018,0.14736842105263157
protein_0299,protein_0019,0.15826098059244126
protein_0299,protein_0020,0.15384615384615385
protein_0299,protein_0021,0.23863636363636365
protein_0299,protein_0022,0.1902989483634645
protein_0299,protein_0023,0.18658719931271478
protein_0299,protein_0024,0.17073170731707318
protein_0299,protein_0025,0.14432989690721648
protein_0299,protein_0027,0.18201030927835052
protein_0299,protein_0028,0.14
protein_0299,protein_0029,0.15849605317823018
protein_0299,protein_0030,0.18487394957983194
protein_0299,protein_0031,0.14953271028037382
protein_0299,protein_0032,0.16842105263157894
protein_0299,protein_0033,0.14130434782608695
protein_0299,protein_0034,0.17204301075268819
protein_0299,protein_0035,0.15841584158415842
protein_0299,protein_0036,0.1286945812807882
protein_0299,protein_0037,0.10491071428571429
protein_0299,protein_0039,0.2
protein_0299,protein_0040,0.16091954022988506
protein_0299,protein_0041,0.17894736842105263
protein_0299,protein_0042,0.1956521739130435
protein_0299,protein_0043,0.17525773195876287
protein_0299,protein_0044,0.20618556701030927
protein_0299,protein_0045,0.20430107526881722
protein_0299,protein_0046,0.16358784893267653
protein_0299,protein_0047,0.16326530612244897
protein_0299,protein_0048,0.18888888888888888
protein_0299,protein_0049,0.2268041237113402
protein_0299,protein_0050,0.10101010101010101
protein_0299,protein_0051,0.1686950642325896
protein_0299,protein_0052,0.16842105263157894
protein_0299,protein_0053,0.14130434782608695
protein_0299,protein_0054,0.16101694915254236
protein_0299,protein_0055,0.1623931623931624
protein_0299,protein_0056,0.16363636363636364
protein_0299,protein_0057,0.165351059410054
protein_0299,protein_0058,0.15730337078651685
protein_0299,protein_0059,0.1782178217821782
protein_0299,protein_0060,0.1505421184320267
protein_0299,protein_0061,0.20833333333333334
protein_0299,protein_0062,0.21739130434782608
protein_0299,protein_0063,0.11267605633802817
protein_0299,protein_0064,0.19148936170212766
protein_0299,protein_0065,0.16
protein_0299,protein_0066,0.1619047619047619
protein_0299,protein_0067,0.17894736842105263
protein_0299,protein_0068,0.19387755102040816
protein_0299,protein_0069,0.1702127659574468
protein_0299,protein_0070,0.12222222222222222
protein_0299,protein_0071,0.21978021978021978
protein_0299,protein_0072,0.1336713995943205
protein_0299,protein_0073,0.1875
protein_0299,protein_0074,0.1326530612244898
protein_0299,protein_0075,0.1523397237682952
protein_0299,protein_0076,0.20224719101123595
protein_0299,protein_0077,0.18085106382978725
protein_0299,protein_0078,0.17475728155339806
protein_0299,protein_0079,0.17475728155339806
protein_0299,protein_0080,0.14736842105263157
protein_0299,protein_0081,0.15625
protein_0299,protein_0082,0.14423076923076922
protein_0299,protein_0083,0.15625
protein_0299,protein_0084,0.13829787234042554
protein_0299,protein_0085,0.16346153846153846
protein_0299,protein_0086,0.15384615384615385
protein_0299,protein_0087,0.13031436089184323
protein_0299,protein_0088,0.1827956989247312
protein_0299,protein_0089,0.12791070626723972
protein_0299,protein_0090,0.1459469417833456
protein_0299,protein_0091,0.13793103448275862
protein_0299,protein_0092,0.13793103448275862
protein_0299,protein_0093,0.17894736842105263
protein_0299,protein_0094,0.20689655172413793
protein_0299,protein_0095,0.13165144265622736
protein_0299,protein_0096,0.1391304347826087
protein_0299,protein_0097,0.11956521739130435
protein_0299,protein_0098,0.19607843137254902
protein_0299,protein_0099,0.15787337662337664
protein_0299,protein_0100,0.15348628556780314
protein_0299,protein_0101,0.1919191919191919
protein_0299,protein_0102,0.1346153846153846
protein_0299,protein_0103,0.18085106382978725
protein_0299,protein_0104,0.1452991452991453
protein_0299,protein_0105,0.14444444444444443
protein_0299,protein_0106,0.141425908667288
protein_0299,protein_0107,0.17346938775510204
protein_0299,protein_0108,0.14606741573033707
protein_0299,protein_0109,0.1582009857612267
protein_0299,protein_0110,0.16666666666666666
protein_0299,protein_0111,0.14953271028037382
protein_0299,protein_0113,0.15789473684210525
protein_0299,protein_0114,0.1827956989247312
protein_0299,protein_0116,0.1311439756415833
protein_0299,protein_0118,0.1593697533255844
protein_0299,protein_0119,0.15178571428571427
protein_0299,protein_0121,0.14583333333333334
protein_0299,protein_0122,0.12101715686274508
protein_0299,protein_0123,0.14761720263463773
protein_0299,protein_0124,0.13829787234042554
protein_0299,protein_0125,0.16161616161616163
protein_0299,protein_0126,0.17
protein_0299,protein_0127,0.17346938775510204
protein_0299,protein_0128,0.19
protein_0299,protein_0130,0.14172561155319777
protein_0299,protein_0131,0.1387329591018444
protein_0299,protein_0132,0.16363636363636364
protein_0299,protein_0133,0.16363636363636364
protein_0299,protein_0134,0.15555555555555556
protein_0299,protein_0135,0.13636363636363635
protein_0299,protein_0137,0.1794871794871795
protein_0299,protein_0138,0.1794871794871795
protein_0299,protein_0139,0.15094084201976443
protein_0299,protein_0140,0.15217391304347827
protein_0299,protein_0141,0.11857142857142858
protein_0299,protein_0142,0.16831683168316833
protein_0299,protein_0143,0.1875
protein_0299,protein_0144,0.17204301075268819
protein_0299,protein_0145,0.14820572613032776
protein_0299,protein_0146,0.1702127659574468
protein_0299,protein_0147,0.16831683168316833
protein_0299,protein_0148,0.17777777777777778
protein_0299,protein_0149,0.16091954022988508
protein_0299,protein_0150,0.16666666666666666
protein_0299,protein_0151,0.14285714285714285
protein_0299,protein_0152,0.15693035835023667
protein_0299,protein_0153,0.1578779366700715
protein_0299,protein_0155,0.1652892561983471
protein_0299,protein_0156,0.14018691588785046
protein_0299,protein_0157,0.1744186046511628
protein_0299,protein_0158,0.1392824043426453
protein_0299,protein_0159,0.18181818181818182
protein_0299,protein_0160,0.18947368421052632
protein_0299,protein_0161,0.1794871794871795
protein_0299,protein_0162,0.14772727272727273
protein_0299,protein_0163,0.16666666666666666
protein_0299,protein_0165,0.14755574020218806
protein_0299,protein_0166,0.18269230769230768
protein_0299,protein_0167,0.11757066462948815
protein_0299,protein_0168,0.12597402597402596
protein_0299,protein_0169,0.14285714285714285
protein_0299,protein_0170,0.16666666666666666
protein_0299,protein_0171,0.1836734693877551
protein_0299,protein_0172,0.1623931623931624
protein_0299,protein_0173,0.1414141414141414
protein_0299,protein_0174,0.16842105263157894
protein_0299,protein_0175,0.2
protein_0299,protein_0176,0.1639983579638752
protein_0299,protein_0177,0.129206481096801
protein_0299,protein_0178,0.16521739130434782
protein_0299,protein_0180,0.20618556701030927
protein_0299,protein_0181,0.17894736842105263
protein_0299,protein_0182,0.1368421052631579
protein_0299,protein_0184,0.13131313131313133
protein_0299,protein_0186,0.18867924528301888
protein_0299,protein_0187,0.1836734693877551
protein_0299,protein_0188,0.12456723445506163
protein_0299,protein_0189,0.1717171717171717
protein_0299,protein_0190,0.16161616161616163
protein_0299,protein_0191,0.17708333333333334
protein_0299,protein_0192,0.15555555555555556
protein_0299,protein_0193,0.19230769230769232
protein_0299,protein_0194,0.13541666666666666
protein_0299,protein_0195,0.1592920353982301
protein_0299,protein_0196,0.16666666666666666
protein_0299,protein_0198,0.13978494623655913
protein_0299,protein_0200,0.1875
protein_0299,protein_0201,0.16666666666666666
protein_0299,protein_0202,0.16129032258064516
protein_0299,protein_0205,0.11374407582938388
protein_0299,protein_0206,0.1836734693877551
protein_0299,protein_0207,0.15384615384615385
protein_0299,protein_0208,0.12838066260987152
protein_0299,protein_0209,0.18556701030927836
protein_0299,protein_0210,0.14772727272727273
protein_0299,protein_0212,0.15730337078651685
protein_0299,protein_0213,0.13
protein_0299,protein_0214,0.17777777777777778
protein_0299,protein_0215,0.15463917525773196
protein_0299,protein_0216,0.1368421052631579
protein_0299,protein_0217,0.16666666666666666
protein_0299,protein_0218,0.14285714285714285
protein_0299,protein_0219,0.16666666666666666
protein_0299,protein_0220,0.17708333333333334
protein_0299,protein_0221,0.14772727272727273
protein_0299,protein_0223,0.19540229885057472
protein_0299,protein_0225,0.23529411764705882
protein_0299,protein_0226,0.20833333333333334
protein_0299,protein_0227,0.18604651162790697
protein_0299,protein_0228,0.1488095238095238
protein_0299,protein_0229,0.20454545454545456
protein_0299,protein_0230,0.20430107526881722
protein_0299,protein_0231,0.15217391304347827
protein_0299,protein_0232,0.1444805194805195
protein_0299,protein_0233,0.15503875968992248
protein_0299,protein_0235,0.15520594965675055
protein_0299,protein_0236,0.12194055944055944
protein_0299,protein_0238,0.14492753623188406
protein_0299,protein_0239,0.14444444444444443
protein_0299,protein_0240,0.125
protein_0299,protein_0241,0.16483516483516483
protein_0299,protein_0242,0.16933497536945813
protein_0299,protein_0243,0.16483516483516483
protein_0299,protein_0244,0.21195652173913043
protein_0299,protein_0245,0.1604064241232383
protein_0299,protein_0246,0.15625
protein_0299,protein_0247,0.17673992673992672
protein_0299,protein_0248,0.1827956989247312
protein_0299,protein_0249,0.14583333333333334
protein_0299,protein_0250,0.17663283318623124
protein_0299,protein_0251,0.22826086956521738
protein_0299,protein_0252,0.23076923076923078
protein_0299,protein_0254,0.13991674375578167
protein_0299,protein_0255,0.12280701754385964
protein_0299,protein_0256,0.1782178217821782
protein_0299,protein_0257,0.16831683168316833
protein_0299,protein_0258,0.16
protein_0299,protein_0259,0.13762254901960785
protein_0299,protein_0260,0.13762254901960785
protein_0299,protein_0261,0.125
protein_0299,protein_0262,0.13970588235294118
protein_0299,protein_0263,0.125
protein_0299,protein_0264,0.21875
protein_0299,protein_0265,0.21875
protein_0299,protein_0266,0.17186147186147188
protein_0299,protein_0267,0.17708333333333334
protein_0299,protein_0268,0.22727272727272727
protein_0299,protein_0269,0.13793103448275862
protein_0299,protein_0270,0.13953488372093023
protein_0299,protein_0271,0.14285714285714285
protein_0299,protein_0272,0.14863731656184487
protein_0299,protein_0273,0.1490154711673699
protein_0299,protein_0274,0.14285714285714285
protein_0299,protein_0275,0.17757009345794392
protein_0299,protein_0276,0.16831683168316833
protein_0299,protein_0278,0.14285714285714285
protein_0299,protein_0279,0.14893617021276595
protein_0299,protein_0280,0.17582417582417584
protein_0299,protein_0281,0.16666666666666666
protein_0299,protein_0284,0.11642156862745098
protein_0299,protein_0285,0.15789473684210525
protein_0299,protein_0286,0.14871323529411765
protein_0299,protein_0288,0.21782178217821782
protein_0299,protein_0289,0.15168539325842695
protein_0299,protein_0290,0.12871287128712872
protein_0299,protein_0291,0.15932311621966794
protein_0299,protein_0292,0.1389558232931727
protein_0299,protein_0293,0.20588235294117646
protein_0299,protein_0294,0.15932311621966794
protein_0299,protein_0295,0.17026727600055394
protein_0299,protein_0296,0.16666666666666666
protein_0299,protein_0297,0.20641185431380693
protein_0299,protein_0298,0.14485294117647057
protein_0299,protein_0300,0.42721396250808014
protein_0299,protein_0301,0.4267178604528002
protein_0299,protein_0302,0.12903225806451613
protein_0299,protein_0303,0.17045454545454544
protein_0299,protein_0304,0.1292134831460674
protein_0299,protein_0305,0.16153846153846152
protein_0299,protein_0306,0.1623931623931624
protein_0299,protein_0307,0.17796610169491525
protein_0299,protein_0308,0.17355371900826447
protein_0299,protein_0309,0.2074468085106383
protein_0299,protein_0310,0.18181818181818182
protein_0299,protein_0311,0.17708333333333334
protein_0299,protein_0312,0.16483516483516483
protein_0299,protein_0313,0.1534606952709051
protein_0299,protein_0314,0.13861386138613863
protein_0299,protein_0315,0.1282051282051282
protein_0299,protein_0316,0.10570607553366174
protein_0299,protein_0317,0.14953271028037382
protein_0299,protein_0318,0.18333333333333332
protein_0299,protein_0319,0.15789473684210525
protein_0299,protein_0320,0.18085106382978725
protein_0299,protein_0321,0.18085106382978725
protein_0299,protein_0322,0.1935483870967742
protein_0299,protein_0323,0.2079207920792079
protein_0299,protein_0324,0.20430107526881722
protein_0299,protein_0326,0.17204301075268819
protein_0299,protein_0328,0.20353982300884957
protein_0299,protein_0329,0.20353982300884957
protein_0299,protein_0330,0.15789473684210525
protein_0299,protein_0331,0.16424317961501178
protein_0299,protein_0332,0.13807429130009774
protein_0299,protein_0333,0.11957813428401665
protein_0299,protein_0334,0.16037735849056603
protein_0299,protein_0335,0.1346153846153846
protein_0299,protein_0336,0.13601532567049807
protein_0299,protein_0337,0.1237969950841238
protein_0299,protein_0338,0.17204301075268819
protein_0299,protein_0339,0.15145368492224476
protein_0299,protein_0340,0.1523809523809524
protein_0299,protein_0341,0.1509433962264151
protein_0299,protein_0342,0.1566265060240964
protein_0299,protein_0343,0.12985188968335035
protein_0299,protein_0344,0.1875
protein_0299,protein_0345,0.14527753872633392
protein_0299,protein_0346,0.14527753872633392
protein_0299,protein_0347,0.16452014956377234
protein_0299,protein_0348,0.16806722689075632
protein_0299,protein_0349,0.13333333333333333
protein_0299,protein_0351,0.17894736842105263
protein_0299,protein_0352,0.129206481096801
protein_0299,protein_0353,0.1368695652173913
protein_0299,protein_0354,0.15
protein_0299,protein_0355,0.12220767531298585
protein_0299,protein_0356,0.14097770391912479
protein_0299,protein_0358,0.17204301075268819
protein_0299,protein_0359,0.125
protein_0299,protein_0361,0.1951219512195122
protein_0299,protein_0363,0.13978494623655913
protein_0299,protein_0364,0.14736842105263157
protein_0299,protein_0365,0.18947368421052632
protein_0299,protein_0366,0.17894736842105263
protein_0299,protein_0367,0.16363636363636364
protein_0299,protein_0369,0.16470588235294117
protein_0299,protein_0370,0.1875
protein_0299,protein_0371,0.2
protein_0299,protein_0372,0.0963302752293578
protein_0299,protein_0373,0.16
protein_0299,protein_0374,0.15254237288135594
protein_0299,protein_0375,0.11578947368421053
protein_0299,protein_0376,0.15841584158415842
protein_0299,protein_0377,0.17894736842105263
protein_0299,protein_0379,0.1796034946236559
protein_0299,protein_0380,0.1796034946236559
protein_0299,protein_0381,0.1796034946236559
protein_0299,protein_0382,0.1373642218590791
protein_0299,protein_0383,0.14942528735632182
protein_0299,protein_0385,0.18269230769230768
protein_0299,protein_0386,0.18518518518518517
protein_0299,protein_0387,0.1717171717171717
protein_0299,protein_0388,0.15282392026578073
protein_0299,protein_0389,0.21176470588235294
protein_0299,protein_0390,0.18947368421052632
protein_0299,protein_0391,0.15555555555555556
protein_0299,protein_0393,0.14583333333333334
protein_0299,protein_0394,0.18421052631578946
protein_0299,protein_0395,0.2
protein_0299,protein_0396,0.15384615384615385
protein_0299,protein_0397,0.2087912087912088
protein_0299,protein_0398,0.13650607128867998
protein_0299,protein_0399,0.12745098039215685
protein_0325,protein_0000,0.16521739130434782
protein_0325,protein_0001,0.13183442062752407
protein_0325,protein_0003,0.19827586206896552
protein_0325,protein_0004,0.15384615384615385
protein_0325,protein_0005,0.1415929203539823
protein_0325,protein_0006,0.16260162601626016
protein_0325,protein_0007,0.14838266707354286
protein_0325,protein_0008,0.20491803278688525
protein_0325,protein_0009,0.13675213675213677
protein_0325,protein_0010,0.16
protein_0325,protein_0012,0.12931034482758622
protein_0325,protein_0013,0.11278195488721804
protein_0325,protein_0014,0.16198553948832034
protein_0325,protein_0015,0.1322314049586777
protein_0325,protein_0016,0.18548387096774194
protein_0325,protein_0017,0.1897810218978102
protein_0325,protein_0018,0.1271186440677966
protein_0325,protein_0019,0.1217391304347826
protein_0325,protein_0020,0.16071428571428573
protein_0325,protein_0021,0.15454545454545454
protein_0325,protein_0022,0.11485507246376811
protein_0325,protein_0023,0.14977699068608158
protein_0325,protein_0024,0.1323529411764706
protein_0325,protein_0025,0.10606060606060606
protein_0325,protein_0027,0.17534668721109398
protein_0325,protein_0028,0.15254237288135594
protein_0325,protein_0029,0.1409937888198758
protein_0325,protein_0030,0.17123287671232876
protein_0325,protein_0031,0.13675213675213677
protein_0325,protein_0032,0.16071428571428573
protein_0325,protein_0033,0.14655172413793102
protein_0325,protein_0034,0.09565217391304348
protein_0325,protein_0035,0.15254237288135594
protein_0325,protein_0036,0.13961385836385837
protein_0325,protein_0037,0.15133333333333332
protein_0325,protein_0039,0.10909090909090909
protein_0325,protein_0040,0.14414414414414414
protein_0325,protein_0041,0.11940298507462686
protein_0325,protein_0042,0.12396694214876033
protein_0325,protein_0043,0.168141592920354
protein_0325,protein_0044,0.18584070796460178
protein_0325,protein_0045,0.13445378151260504
protein_0325,protein_0046,0.14726386806596703
protein_0325,protein_0047,0.14166666666666666
protein_0325,protein_0048,0.12903225806451613
protein_0325,protein_0049,0.16216216216216217
protein_0325,protein_0050,0.17886178861788618
protein_0325,protein_0051,0.13981315127560187
protein_0325,protein_0052,0.14285714285714285
protein_0325,protein_0053,0.125
protein_0325,protein_0054,0.17557251908396945
protein_0325,protein_0055,0.14393939393939395
protein_0325,protein_0056,0.4658094681472823
protein_0325,protein_0057,0.1431978196684079
protein_0325,protein_0058,0.14414414414414414
protein_0325,protein_0059,0.18584070796460178
protein_0325,protein_0060,0.4541952707856598
protein_0325,protein_0061,0.1694915254237288
protein_0325,protein_0062,0.1864406779661017
protein_0325,protein_0063,0.13953488372093023
protein_0325,protein_0064,0.14516129032258066
protein_0325,protein_0065,0.18548387096774194
protein_0325,protein_0066,0.145985401459854
protein_0325,protein_0067,0.13709677419354838
protein_0325,protein_0068,0.12931034482758622
protein_0325,protein_0069,0.10833333333333334
protein_0325,protein_0070,0.11864406779661017
protein_0325,protein_0071,0.1565217391304348
protein_0325,protein_0072,0.1451086956521739
protein_0325,protein_0073,0.11811023622047244
protein_0325,protein_0074,0.11764705882352941
protein_0325,protein_0075,0.15453205600589537
protein_0325,protein_0076,0.18018018018018017
protein_0325,protein_0077,0.144
protein_0325,protein_0078,0.3983050847457627
protein_0325,protein_0079,0.3983050847457627
protein_0325,protein_0080,0.15384615384615385
protein_0325,protein_0081,0.1282051282051282
protein_0325,protein_0082,0.20161290322580644
protein_0325,protein_0083,0.13513513513513514
protein_0325,protein_0084,0.13232051812043544
protein_0325,protein_0085,0.2047244094488189
protein_0325,protein_0086,0.2
protein_0325,protein_0087,0.13713278495887193
protein_0325,protein_0088,0.14166666666666666
protein_0325,protein_0089,0.5331390831390832
protein_0325,protein_0090,0.5331390831390832
protein_0325,protein_0091,0.3217391304347826
protein_0325,protein_0092,0.3217391304347826
protein_0325,protein_0093,0.11818181818181818
protein_0325,protein_0094,0.15503875968992248
protein_0325,protein_0095,0.5130822746521476
protein_0325,protein_0096,0.15178571428571427
protein_0325,protein_0097,0.15702479338842976
protein_0325,protein_0098,0.18181818181818182
protein_0325,protein_0099,0.4565217391304348
protein_0325,protein_0100,0.14134316770186336
protein_0325,protein_0101,0.1282051282051282
protein_0325,protein_0102,0.1592920353982301
protein_0325,protein_0103,0.1875
protein_0325,protein_0104,0.15789473684210525
protein_0325,protein_0105,0.1391304347826087
protein_0325,protein_0106,0.4671870146008077
protein_0325,protein_0107,0.13385826771653545
protein_0325,protein_0108,0.13513513513513514
protein_0325,protein_0109,0.15949862906384646
protein_0325,protein_0110,0.17073170731707318
protein_0325,protein_0111,0.14545454545454545
protein_0325,protein_0113,0.14655172413793102
protein_0325,protein_0114,0.14782608695652175
protein_0325,protein_0116,0.5800974512743629
protein_0325,protein_0118,0.13359683794466404
protein_0325,protein_0119,0.16417910447761194
protein_0325,protein_0121,0.11904761904761904
protein_0325,protein_0122,0.13088133240804997
protein_0325,protein_0123,0.1775753486279802
protein_0325,protein_0124,0.1111111111111111
protein_0325,protein_0125,0.1721311475409836
protein_0325,protein_0126,0.19166666666666668
protein_0325,protein_0127,0.12931034482758622
protein_0325,protein_0128,0.15126050420168066
protein_0325,protein_0130,0.5045454545454545
protein_0325,protein_0131,0.14664031620553358
protein_0325,protein_0132,0.1487603305785124
protein_0325,protein_0133,0.1487603305785124
protein_0325,protein_0134,0.15178571428571427
protein_0325,protein_0135,0.14545454545454545
protein_0325,protein_0137,0.171875
protein_0325,protein_0138,0.171875
protein_0325,protein_0139,0.1419506462984724
protein_0325,protein_0140,0.19491525423728814
protein_0325,protein_0141,0.14455298227455038
protein_0325,protein_0142,0.17391304347826086
protein_0325,protein_0143,0.13953488372093023
protein_0325,protein_0144,0.1282051282051282
protein_0325,protein_0145,0.15509404388714731
protein_0325,protein_0146,0.14782608695652175
protein_0325,protein_0147,0.1282051282051282
protein_0325,protein_0148,0.14782608695652175
protein_0325,protein_0149,0.12430830039525692
protein_0325,protein_0150,0.14655172413793102
protein_0325,protein_0151,0.15789473684210525
protein_0325,protein_0152,0.14148061104582843
protein_0325,protein_0153,0.14537750385208012
protein_0325,protein_0155,0.16666666666666666
protein_0325,protein_0156,0.152
protein_0325,protein_0157,0.09836065573770492
protein_0325,protein_0158,0.15138339920948618
protein_0325,protein_0159,0.15454545454545454
protein_0325,protein_0160,0.12173913043478261
protein_0325,protein_0161,0.17037037037037037
protein_0325,protein_0162,0.10218978102189781
protein_0325,protein_0163,0.1826086956521739
protein_0325,protein_0165,0.10711462450592885
protein_0325,protein_0166,0.16129032258064516
protein_0325,protein_0167,0.5502288329519451
protein_0325,protein_0168,0.5584795321637427
protein_0325,protein_0169,0.14814814814814814
protein_0325,protein_0170,0.10077519379844961
protein_0325,protein_0171,0.11016949152542373
protein_0325,protein_0172,0.16030534351145037
protein_0325,protein_0173,0.12903225806451613
protein_0325,protein_0174,0.13793103448275862
protein_0325,protein_0175,0.12931034482758622
protein_0325,protein_0176,0.12207851145904243
protein_0325,protein_0177,0.12266112266112265
protein_0325,protein_0178,0.12781954887218044
protein_0325,protein_0180,0.13934426229508196
protein_0325,protein_0181,0.13178294573643412
protein_0325,protein_0182,0.11206896551724138
protein_0325,protein_0184,0.10434782608695652
protein_0325,protein_0186,0.14285714285714285
protein_0325,protein_0187,0.15
protein_0325,protein_0188,0.13977879481311975
protein_0325,protein_0189,0.10810810810810811
protein_0325,protein_0190,0.14035087719298245
protein_0325,protein_0191,0.17796610169491525
protein_0325,protein_0192,0.12598425196850394
protein_0325,protein_0193,0.2033898305084746
protein_0325,protein_0194,0.1322314049586777
protein_0325,protein_0195,0.15254237288135594
protein_0325,protein_0196,0.1282051282051282
protein_0325,protein_0198,0.14285714285714285
protein_0325,protein_0200,0.14166666666666666
protein_0325,protein_0201,0.1826086956521739
protein_0325,protein_0202,0.16666666666666666
protein_0325,protein_0205,0.10849056603773585
protein_0325,protein_0206,0.12612612612612611
protein_0325,protein_0207,0.14285714285714285
protein_0325,protein_0208,0.147732135216089
protein_0325,protein_0209,0.19469026548672566
protein_0325,protein_0210,0.1271186440677966
protein_0325,protein_0212,0.11965811965811966
protein_0325,protein_0213,0.11382113821138211
protein_0325,protein_0214,0.125
protein_0325,protein_0215,0.10909090909090909
protein_0325,protein_0216,0.152
protein_0325,protein_0217,0.1440677966101695
protein_0325,protein_0218,0.20454545454545456
protein_0325,protein_0219,0.15671641791044777
protein_0325,protein_0220,0.140625
protein_0325,protein_0221,0.17272727272727273
protein_0325,protein_0223,0.13675213675213677
protein_0325,protein_0225,0.17647058823529413
protein_0325,protein_0226,0.1391304347826087
protein_0325,protein_0227,0.15254237288135594
protein_0325,protein_0228,0.15282227307398932
protein_0325,protein_0229,0.14035087719298245
protein_0325,protein_0230,0.10852713178294573
protein_0325,protein_0231,0.15254237288135594
protein_0325,protein_0232,0.13229813664596274
protein_0325,protein_0233,0.21897810218978103
protein_0325,protein_0235,0.11976284584980237
protein_0325,protein_0236,0.16136695906432746
protein_0325,protein_0238,0.19594594594594594
protein_0325,protein_0239,0.12931034482758622
protein_0325,protein_0240,0.12307692307692308
protein_0325,protein_0241,0.1016949152542373
protein_0325,protein_0242,0.11492361927144537
protein_0325,protein_0243,0.11206896551724138
protein_0325,protein_0244,0.13260188087774294
protein_0325,protein_0245,0.17236467236467234
protein_0325,protein_0246,0.14754098360655737
protein_0325,protein_0247,0.15165289256198347
protein_0325,protein_0248,0.1694915254237288
protein_0325,protein_0249,0.1452991452991453
protein_0325,protein_0250,0.13981315127560187
protein_0325,protein_0251,0.13333333333333333
protein_0325,protein_0252,0.16521739130434782
protein_0325,protein_0254,0.15591720413979301
protein_0325,protein_0255,0.11797752808988764
protein_0325,protein_0256,0.13709677419354838
protein_0325,protein_0257,0.14754098360655737
protein_0325,protein_0258,0.14035087719298245
protein_0325,protein_0259,0.14357153763933422
protein_0325,protein_0260,0.14357153763933422
protein_0325,protein_0261,0.17647058823529413
protein_0325,protein_0262,0.1527777777777778
protein_0325,protein_0263,0.13768115942028986
protein_0325,protein_0264,0.1652892561983471
protein_0325,protein_0265,0.1652892561983471
protein_0325,protein_0266,0.13817543859649123
protein_0325,protein_0267,0.16793893129770993
protein_0325,protein_0268,0.15315315315315314
protein_0325,protein_0269,0.15503875968992248
protein_0325,protein_0270,0.17272727272727273
protein_0325,protein_0271,0.133201581027668
protein_0325,protein_0272,0.14781448114781448
protein_0325,protein_0273,0.1286195286195286
protein_0325,protein_0274,0.11304347826086956
protein_0325,protein_0275,0.21008403361344538
protein_0325,protein_0276,0.16806722689075632
protein_0325,protein_0278,0.16393442622950818
protein_0325,protein_0279,0.15126050420168066
protein_0325,protein_0280,0.14166666666666666
protein_0325,protein_0281,0.3898305084745763
protein_0325,protein_0284,0.14737956251202772
protein_0325,protein_0285,0.16666666666666666
protein_0325,protein_0286,0.15515080297688993
protein_0325,protein_0288,0.112
protein_0325,protein_0289,0.14835752482811304
protein_0325,protein_0290,0.11538461538461539
protein_0325,protein_0291,0.12826183104820876
protein_0325,protein_0292,0.14534161490683228
protein_0325,protein_0293,0.13793103448275862
protein_0325,protein_0294,0.13264779596048945
protein_0325,protein_0295,0.14545807453416149
protein_0325,protein_0296,0.15714285714285714
protein_0325,protein_0297,0.14537684537684537
protein_0325,protein_0298,0.11958480219349785
protein_0325,protein_0300,0.116904047976012
protein_0325,protein_0301,0.11255622188905548
protein_0325,protein_0302,0.14285714285714285
protein_0325,protein_0303,0.11607142857142858
protein_0325,protein_0304,0.14346829640947287
protein_0325,protein_0305,0.14711538461538462
protein_0325,protein_0306,0.13636363636363635
protein_0325,protein_0307,0.140625
protein_0325,protein_0308,0.15384615384615385
protein_0325,protein_0309,0.2151759008688221
protein_0325,protein_0310,0.1652892561983471
protein_0325,protein_0311,0.16101694915254236
protein_0325,protein_0312,0.15
protein_0325,protein_0313,0.13247863247863248
protein_0325,protein_0314,0.1532258064516129
protein_0325,protein_0315,0.15079365079365079
protein_0325,protein_0316,0.17537028553977707
protein_0325,protein_0317,0.1951219512195122
protein_0325,protein_0318,0.4107142857142857
protein_0325,protein_0319,0.13559322033898305
protein_0325,protein_0320,0.1282051282051282
protein_0325,protein_0321,0.13513513513513514
protein_0325,protein_0322,0.13385826771653545
protein_0325,protein_0323,0.13559322033898305
protein_0325,protein_0324,0.16101694915254236
protein_0325,protein_0326,0.16071428571428573
protein_0325,protein_0328,0.3333333333333333
protein_0325,protein_0329,0.3333333333333333
protein_0325,protein_0330,0.11627906976744186
protein_0325,protein_0331,0.12885375494071144
protein_0325,protein_0332,0.12745700245700245
protein_0325,protein_0333,0.13339552238805968
protein_0325,protein_0334,0.16071428571428573
protein_0325,protein_0335,0.16260162601626016
protein_0325,protein_0336,0.1581539166284929
protein_0325,protein_0337,0.151983151983152
protein_0325,protein_0338,0.16260162601626016
protein_0325,protein_0339,0.1515810276679842
protein_0325,protein_0340,0.19827586206896552
protein_0325,protein_0341,0.17094017094017094
protein_0325,protein_0342,0.15454545454545454
protein_0325,protein_0343,0.12346542346542347
protein_0325,protein_0344,0.1693548387096774
protein_0325,protein_0345,0.21916445623342176
protein_0325,protein_0346,0.21916445623342176
protein_0325,protein_0347,0.14664031620553358
protein_0325,protein_0348,0.18461538461538463
protein_0325,protein_0349,0.18181818181818182
protein_0325,protein_0351,0.15126050420168066
protein_0325,protein_0352,0.13339920948616601
protein_0325,protein_0353,0.5023715415019763
protein_0325,protein_0354,0.16923076923076924
protein_0325,protein_0355,0.17524667524667525
protein_0325,protein_0356,0.1500783699059561
protein_0325,protein_0358,0.1774193548387097
protein_0325,protein_0359,0.11764705882352941
protein_0325,protein_0361,0.1259259259259259
protein_0325,protein_0363,0.12612612612612611
protein_0325,protein_0364,0.13445378151260504
protein_0325,protein_0365,0.12280701754385964
protein_0325,protein_0366,0.10256410256410256
protein_0325,protein_0367,0.16806722689075632
protein_0325,protein_0369,0.1452991452991453
protein_0325,protein_0370,0.1693548387096774
protein_0325,protein_0371,0.1452991452991453
protein_0325,protein_0372,0.13302752293577982
protein_0325,protein_0373,0.14516129032258066
protein_0325,protein_0374,0.12903225806451613
protein_0325,protein_0375,0.15517241379310345
protein_0325,protein_0376,0.168
protein_0325,protein_0377,0.15873015873015872
protein_0325,protein_0379,0.12791239515377448
protein_0325,protein_0380,0.12791239515377448
protein_0325,protein_0381,0.12791239515377448
protein_0325,protein_0382,0.1355600539811066
protein_0325,protein_0383,0.12243012243012244
protein_0325,protein_0385,0.14049586776859505
protein_0325,protein_0386,0.13114754098360656
protein_0325,protein_0387,0.15966386554621848
protein_0325,protein_0388,0.17174867174867176
protein_0325,protein_0389,0.15454545454545454
protein_0325,protein_0390,0.1322314049586777
protein_0325,protein_0391,0.15178571428571427
protein_0325,protein_0393,0.128
protein_0325,protein_0394,0.15217391304347827
protein_0325,protein_0395,0.16793893129770993
protein_0325,protein_0396,0.15503875968992248
protein_0325,protein_0397,0.18487394957983194
protein_0325,protein_0398,0.33185028248587567
protein_0325,protein_0399,0.10256410256410256
protein_0327,protein_0000,0.3103448275862069
protein_0327,protein_0001,0.1724137931034483
protein_0327,protein_0003,0.38636363636363635
protein_0327,protein_0004,0.3793103448275862
protein_0327,protein_0005,0.1702127659574468
protein_0327,protein_0006,0.35555555555555557
protein_0327,protein_0007,0.1724137931034483
protein_0327,protein_0008,0.16822429906542055
protein_0327,protein_0009,0.2988505747126437
protein_0327,protein_0010,0.3068181818181818
protein_0327,protein_0012,0.367816091954023
protein_0327,protein_0013,0.13793103448275862
protein_0327,protein_0014,0.17647058823529413
protein_0327,protein_0015,0.19230769230769232
protein_0327,protein_0016,0.17272727272727273
protein_0327,protein_0017,0.16541353383458646
protein_0327,protein_0018,0.3563218390804598
protein_0327,protein_0019,0.16091954022988506
protein_0327,protein_0020,0.34782608695652173
protein_0327,protein_0021,0.11827956989247312
protein_0327,protein_0022,0.17582417582417584
protein_0327,protein_0023,0.14130434782608695
protein_0327,protein_0024,0.1452991452991453
protein_0327,protein_0025,0.2988505747126437
protein_0327,protein_0027,0.1958762886597938
protein_0327,protein_0028,0.14423076923076922
protein_0327,protein_0029,0.16091954022988506
protein_0327,protein_0030,0.11029411764705882
protein_0327,protein_0031,0.18867924528301888
protein_0327,protein_0032,0.3695652173913043
protein_0327,protein_0033,0.3103448275862069
protein_0327,protein_0034,0.375
protein_0327,protein_0035,0.17475728155339806
protein_0327,protein_0036,0.11494252873563218
protein_0327,protein_0037,0.26373626373626374
protein_0327,protein_0039,0.3333333333333333
protein_0327,protein_0040,0.11578947368421053
protein_0327,protein_0041,0.367816091954023
protein_0327,protein_0042,0.23076923076923078
protein_0327,protein_0043,0.25
protein_0327,protein_0044,0.26136363636363635
protein_0327,protein_0045,0.3103448275862069
protein_0327,protein_0046,0.16091954022988506
protein_0327,protein_0047,0.27586206896551724
protein_0327,protein_0048,0.25287356321839083
protein_0327,protein_0049,0.27586206896551724
protein_0327,protein_0050,0.10891089108910891
protein_0327,protein_0051,0.1590909090909091
protein_0327,protein_0052,0.34065934065934067
protein_0327,protein_0053,0.3218390804597701
protein_0327,protein_0054,0.15
protein_0327,protein_0055,0.14049586776859505
protein_0327,protein_0056,0.15841584158415842
protein_0327,protein_0057,0.1724137931034483
protein_0327,protein_0058,0.20454545454545456
protein_0327,protein_0059,0.2727272727272727
protein_0327,protein_0060,0.16666666666666666
protein_0327,protein_0061,0.2553191489361702
protein_0327,protein_0062,0.3563218390804598
protein_0327,protein_0063,0.07981220657276995
protein_0327,protein_0064,0.3103448275862069
protein_0327,protein_0065,0.1782178217821782
protein_0327,protein_0066,0.10714285714285714
protein_0327,protein_0067,0.3409090909090909
protein_0327,protein_0068,0.20689655172413793
protein_0327,protein_0069,0.3522727272727273
protein_0327,protein_0070,0.21348314606741572
protein_0327,protein_0071,0.2840909090909091
protein_0327,protein_0072,0.17391304347826086
protein_0327,protein_0073,0.28735632183908044
protein_0327,protein_0074,0.1485148514851485
protein_0327,protein_0075,0.1836734693877551
protein_0327,protein_0076,0.20689655172413793
protein_0327,protein_0077,0.35555555555555557
protein_0327,protein_0078,0.11818181818181818
protein_0327,protein_0079,0.11818181818181818
protein_0327,protein_0080,0.38202247191011235
protein_0327,protein_0081,0.39325842696629215
protein_0327,protein_0082,0.1782178217821782
protein_0327,protein_0083,0.3333333333333333
protein_0327,protein_0084,0.25
protein_0327,protein_0085,0.15
protein_0327,protein_0086,0.18811881188118812
protein_0327,protein_0087,0.14942528735632185
protein_0327,protein_0088,0.3218390804597701
protein_0327,protein_0089,0.15789473684210525
protein_0327,protein_0090,0.1810344827586207
protein_0327,protein_0091,0.17647058823529413
protein_0327,protein_0092,0.17647058823529413
protein_0327,protein_0093,0.3068181818181818
protein_0327,protein_0094,0.20168067226890757
protein_0327,protein_0095,0.16379310344827586
protein_0327,protein_0096,0.19047619047619047
protein_0327,protein_0097,0.3010752688172043
protein_0327,protein_0098,0.3218390804597701
protein_0327,protein_0099,0.13131313131313133
protein_0327,protein_0100,0.16091954022988506
protein_0327,protein_0101,0.28735632183908044
protein_0327,protein_0102,0.23595505617977527
protein_0327,protein_0103,0.27472527472527475
protein_0327,protein_0104,0.1452991452991453
protein_0327,protein_0105,0.10638297872340426
protein_0327,protein_0106,0.13333333333333333
protein_0327,protein_0107,0.4444444444444444
protein_0327,protein_0108,0.22988505747126436
protein_0327,protein_0109,0.14772727272727273
protein_0327,protein_0110,0.31868131868131866
protein_0327,protein_0111,0.25287356321839083
protein_0327,protein_0113,0.2988505747126437
protein_0327,protein_0114,0.367816091954023
protein_0327,protein_0116,0.10909090909090909
protein_0327,protein_0118,0.1978021978021978
protein_0327,protein_0119,0.15454545454545454
protein_0327,protein_0121,0.26436781609195403
protein_0327,protein_0122,0.26373626373626374
protein_0327,protein_0123,0.17391304347826086
protein_0327,protein_0124,0.29213483146067415
protein_0327,protein_0125,0.17142857142857143
protein_0327,protein_0126,0.17699115044247787
protein_0327,protein_0127,0.39080459770114945
protein_0327,protein_0128,0.34831460674157305
protein_0327,protein_0130,0.16379310344827586
protein_0327,protein_0131,0.11494252873563218
protein_0327,protein_0132,0.20909090909090908
protein_0327,protein_0133,0.20909090909090908
protein_0327,protein_0134,0.48863636363636365
protein_0327,protein_0135,0.28735632183908044
protein_0327,protein_0137,0.09016393442622951
protein_0327,protein_0138,0.09016393442622951
protein_0327,protein_0139,0.12643678160919541
protein_0327,protein_0140,0.2988505747126437
protein_0327,protein_0141,0.25274725274725274
protein_0327,protein_0142,0.3333333333333333
protein_0327,protein_0143,0.2413793103448276
protein_0327,protein_0144,0.25287356321839083
protein_0327,protein_0145,0.16091954022988506
protein_0327,protein_0146,0.13793103448275862
protein_0327,protein_0147,0.2988505747126437
protein_0327,protein_0148,0.3333333333333333
protein_0327,protein_0149,0.14942528735632185
protein_0327,protein_0150,0.4942528735632184
protein_0327,protein_0151,0.20652173913043478
protein_0327,protein_0152,0.1724137931034483
protein_0327,protein_0153,0.1935483870967742
protein_0327,protein_0155,0.11764705882352941
protein_0327,protein_0156,0.14049586776859505
protein_0327,protein_0157,0.16666666666666666
protein_0327,protein_0158,0.1724137931034483
protein_0327,protein_0159,0.38636363636363635
protein_0327,protein_0160,0.32954545454545453
protein_0327,protein_0161,0.20512820512820512
protein_0327,protein_0162,0.3218390804597701
protein_0327,protein_0163,0.21818181818181817
protein_0327,protein_0165,0.14942528735632185
protein_0327,protein_0166,0.27586206896551724
protein_0327,protein_0167,0.16521739130434782
protein_0327,protein_0168,0.17391304347826086
protein_0327,protein_0169,0.17073170731707318
protein_0327,protein_0170,0.38202247191011235
protein_0327,protein_0171,0.20689655172413793
protein_0327,protein_0172,0.1452991452991453
protein_0327,protein_0173,0.3103448275862069
protein_0327,protein_0174,0.2988505747126437
protein_0327,protein_0175,0.2988505747126437
protein_0327,protein_0176,0.14772727272727273
protein_0327,protein_0177,0.16666666666666666
protein_0327,protein_0178,0.168141592920354
protein_0327,protein_0180,0.2391304347826087
protein_0327,protein_0181,0.3068181818181818
protein_0327,protein_0182,0.367816091954023
protein_0327,protein_0184,0.3146067415730337
protein_0327,protein_0186,0.12745098039215685
protein_0327,protein_0187,0.3103448275862069
protein_0327,protein_0188,0.1956521739130435
protein_0327,protein_0189,0.41379310344827586
protein_0327,protein_0190,0.3103448275862069
protein_0327,protein_0191,0.367816091954023
protein_0327,protein_0192,0.3409090909090909
protein_0327,protein_0193,0.42528735632183906
protein_0327,protein_0194,0.2087912087912088
protein_0327,protein_0195,0.2988505747126437
protein_0327,protein_0196,0.2988505747126437
protein_0327,protein_0198,0.36666666666666664
protein_0327,protein_0200,0.28735632183908044
protein_0327,protein_0201,0.17475728155339806
protein_0327,protein_0202,0.33707865168539325
protein_0327,protein_0205,0.10426540284360189
protein_0327,protein_0206,0.367816091954023
protein_0327,protein_0207,0.14173228346456693
protein_0327,protein_0208,0.168141592920354
protein_0327,protein_0209,0.2727272727272727
protein_0327,protein_0210,0.3146067415730337
protein_0327,protein_0212,0.16091954022988506
protein_0327,protein_0213,0.3218390804597701
protein_0327,protein_0214,0.14583333333333334
protein_0327,protein_0215,0.14432989690721648
protein_0327,protein_0216,0.10526315789473684
protein_0327,protein_0217,0.16842105263157894
protein_0327,protein_0218,0.13740458015267176
protein_0327,protein_0219,0.18487394957983194
protein_0327,protein_0220,0.33707865168539325
protein_0327,protein_0221,0.1111111111111111
protein_0327,protein_0223,0.13793103448275862
protein_0327,protein_0225,0.17582417582417584
protein_0327,protein_0226,0.19791666666666666
protein_0327,protein_0227,0.16666666666666666
protein_0327,protein_0228,0.1827956989247312
protein_0327,protein_0229,0.16494845360824742
protein_0327,protein_0230,0.1935483870967742
protein_0327,protein_0231,0.367816091954023
protein_0327,protein_0232,0.15217391304347827
protein_0327,protein_0233,0.14285714285714285
protein_0327,protein_0235,0.20408163265306123
protein_0327,protein_0236,0.3333333333333333
protein_0327,protein_0238,0.18115942028985507
protein_0327,protein_0239,0.2988505747126437
protein_0327,protein_0240,0.28735632183908044
protein_0327,protein_0241,0.3103448275862069
protein_0327,protein_0242,0.14942528735632185
protein_0327,protein_0243,0.26436781609195403
protein_0327,protein_0244,0.1724137931034483
protein_0327,protein_0245,0.1111111111111111
protein_0327,protein_0246,0.18556701030927836
protein_0327,protein_0247,0.2
protein_0327,protein_0248,0.25287356321839083
protein_0327,protein_0249,0.3333333333333333
protein_0327,protein_0250,0.15625
protein_0327,protein_0251,0.1
protein_0327,protein_0252,0.1348314606741573
protein_0327,protein_0254,0.17582417582417584
protein_0327,protein_0255,0.10465116279069768
protein_0327,protein_0256,0.10185185185185185
protein_0327,protein_0257,0.12037037037037036
protein_0327,protein_0258,0.3448275862068966
protein_0327,protein_0259,0.1839080459770115
protein_0327,protein_0260,0.1839080459770115
protein_0327,protein_0261,0.16363636363636364
protein_0327,protein_0262,0.15555555555555556
protein_0327,protein_0263,0.14383561643835616
protein_0327,protein_0264,0.3793103448275862
protein_0327,protein_0265,0.3793103448275862
protein_0327,protein_0266,0.15463917525773196
protein_0327,protein_0267,0.16666666666666666
protein_0327,protein_0268,0.13636363636363635
protein_0327,protein_0269,0.16806722689075632
protein_0327,protein_0270,0.1590909090909091
protein_0327,protein_0271,0.16091954022988506
protein_0327,protein_0272,0.3218390804597701
protein_0327,protein_0273,0.3333333333333333
protein_0327,protein_0274,0.22580645161290322
protein_0327,protein_0275,0.19801980198019803
protein_0327,protein_0276,0.3448275862068966
protein_0327,protein_0278,0.17777777777777778
protein_0327,protein_0279,0.3068181818181818
protein_0327,protein_0280,0.29545454545454547
protein_0327,protein_0281,0.15517241379310345
protein_0327,protein_0284,0.24444444444444444
protein_0327,protein_0285,0.3448275862068966
protein_0327,protein_0286,0.1724137931034483
protein_0327,protein_0288,0.28735632183908044
protein_0327,protein_0289,0.15
protein_0327,protein_0290,0.1619047619047619
protein_0327,protein_0291,0.24175824175824176
protein_0327,protein_0292,0.16091954022988506
protein_0327,protein_0293,0.22448979591836735
protein_0327,protein_0294,0.24175824175824176
protein_0327,protein_0295,0.16091954022988506
protein_0327,protein_0296,0.13274336283185842
protein_0327,protein_0297,0.17777777777777778
protein_0327,protein_0298,0.1839080459770115
protein_0327,protein_0300,0.17204301075268819
protein_0327,protein_0301,0.12359550561797752
protein_0327,protein_0302,0.1152073732718894
protein_0327,protein_0303,0.25555555555555554
protein_0327,protein_0304,0.1348314606741573
protein_0327,protein_0305,0.19230769230769232
protein_0327,protein_0306,0.14049586776859505
protein_0327,protein_0307,0.12195121951219512
protein_0327,protein_0308,0.1484375
protein_0327,protein_0309,0.17525773195876287
protein_0327,protein_0310,0.21621621621621623
protein_0327,protein_0311,0.3218390804597701
protein_0327,protein_0312,0.3333333333333333
protein_0327,protein_0313,0.22727272727272727
protein_0327,protein_0314,0.125
protein_0327,protein_0315,0.14166666666666666
protein_0327,protein_0316,0.13793103448275862
protein_0327,protein_0317,0.1875
protein_0327,protein_0318,0.16101694915254236
protein_0327,protein_0319,0.3333333333333333
protein_0327,protein_0320,0.3522727272727273
protein_0327,protein_0321,0.25274725274725274
protein_0327,protein_0322,0.27586206896551724
protein_0327,protein_0323,0.22988505747126436
protein_0327,protein_0324,0.27586206896551724
protein_0327,protein_0326,0.15053763440860216
protein_0327,protein_0328,0.13392857142857142
protein_0327,protein_0329,0.13392857142857142
protein_0327,protein_0330,0.3218390804597701
protein_0327,protein_0331,0.16091954022988506
protein_0327,protein_0332,0.24444444444444444
protein_0327,protein_0333,0.26136363636363635
protein_0327,protein_0334,0.25
protein_0327,protein_0335,0.10434782608695652
protein_0327,protein_0336,0.14942528735632185
protein_0327,protein_0337,0.27586206896551724
protein_0327,protein_0338,0.24731182795698925
protein_0327,protein_0339,0.1839080459770115
protein_0327,protein_0340,0.08737864077669903
protein_0327,protein_0341,0.21359223300970873
protein_0327,protein_0342,0.12643678160919541
protein_0327,protein_0343,0.19101123595505617
protein_0327,protein_0344,0.28735632183908044
protein_0327,protein_0345,0.13392857142857142
protein_0327,protein_0346,0.13392857142857142
protein_0327,protein_0347,0.18681318681318682
protein_0327,protein_0348,0.13076923076923078
protein_0327,protein_0349,0.24770642201834864
protein_0327,protein_0351,0.3448275862068966
protein_0327,protein_0352,0.1724137931034483
protein_0327,protein_0353,0.1440677966101695
protein_0327,protein_0354,0.23333333333333334
protein_0327,protein_0355,0.28735632183908044
protein_0327,protein_0356,0.13793103448275862
protein_0327,protein_0358,0.2988505747126437
protein_0327,protein_0359,0.15966386554621848
protein_0327,protein_0361,0.1282051282051282
protein_0327,protein_0363,0.25
protein_0327,protein_0364,0.23863636363636365
protein_0327,protein_0365,0.22988505747126436
protein_0327,protein_0366,0.2413793103448276
protein_0327,protein_0367,0.14953271028037382
protein_0327,protein_0369,0.12643678160919541
protein_0327,protein_0370,0.28735632183908044
protein_0327,protein_0371,0.3793103448275862
protein_0327,protein_0372,0.10091743119266056
protein_0327,protein_0373,0.1559633027522936
protein_0327,protein_0374,0.1452991452991453
protein_0327,protein_0375,0.3333333333333333
protein_0327,protein_0376,0.16822429906542055
protein_0327,protein_0377,0.3333333333333333
protein_0327,protein_0379,0.20192307692307693
protein_0327,protein_0380,0.20192307692307693
protein_0327,protein_0381,0.20192307692307693
protein_0327,protein_0382,0.24175824175824176
protein_0327,protein_0383,0.13793103448275862
protein_0327,protein_0385,0.16666666666666666
protein_0327,protein_0386,0.13131313131313133
protein_0327,protein_0387,0.13333333333333333
protein_0327,protein_0388,0.12643678160919541
protein_0327,protein_0389,0.125
protein_0327,protein_0390,0.28735632183908044
protein_0327,protein_0391,0.20618556701030927
protein_0327,protein_0393,0.28735632183908044
protein_0327,protein_0394,0.17391304347826086
protein_0327,protein_0395,0.28421052631578947
protein_0327,protein_0396,0.10526315789473684
protein_0327,protein_0397,0.3111111111111111
protein_0327,protein_0398,0.11504424778761062
protein_0327,protein_0399,0.32222222222222224
protein_0350,protein_0000,0.34408602150537637
protein_0350,protein_0001,0.14606741573033707
protein_0350,protein_0003,0.3563218390804598
protein_0350,protein_0004,0.367816091954023
protein_0350,protein_0005,0.12371134020618557
protein_0350,protein_0006,0.3181818181818182
protein_0350,protein_0007,0.1702127659574468
protein_0350,protein_0008,0.1941747572815534
protein_0350,protein_0009,0.22727272727272727
protein_0350,protein_0010,0.3218390804597701
protein_0350,protein_0012,0.367816091954023
protein_0350,protein_0013,0.13978494623655913
protein_0350,protein_0014,0.20192307692307693
protein_0350,protein_0015,0.2169811320754717
protein_0350,protein_0016,0.16161616161616163
protein_0350,protein_0017,0.10077519379844961
protein_0350,protein_0018,0.3563218390804598
protein_0350,protein_0019,0.16304347826086957
protein_0350,protein_0020,0.36666666666666664
protein_0350,protein_0021,0.16842105263157894
protein_0350,protein_0022,0.17525773195876287
protein_0350,protein_0023,0.17708333333333334
protein_0350,protein_0024,0.13675213675213677
protein_0350,protein_0025,0.3218390804597701
protein_0350,protein_0027,0.19791666666666666
protein_0350,protein_0028,0.13392857142857142
protein_0350,protein_0029,0.18181818181818182
protein_0350,protein_0030,0.1557377049180328
protein_0350,protein_0031,0.1782178217821782
protein_0350,protein_0032,0.4482758620689655
protein_0350,protein_0033,0.36363636363636365
protein_0350,protein_0034,0.3068181818181818
protein_0350,protein_0035,0.14705882352941177
protein_0350,protein_0036,0.14772727272727273
protein_0350,protein_0037,0.2727272727272727
protein_0350,protein_0039,0.20689655172413793
protein_0350,protein_0040,0.08045977011494253
protein_0350,protein_0041,0.41379310344827586
protein_0350,protein_0042,0.19540229885057472
protein_0350,protein_0043,0.2727272727272727
protein_0350,protein_0044,0.26136363636363635
protein_0350,protein_0045,0.42528735632183906
protein_0350,protein_0046,0.1724137931034483
protein_0350,protein_0047,0.3218390804597701
protein_0350,protein_0048,0.3333333333333333
protein_0350,protein_0049,0.3103448275862069
protein_0350,protein_0050,0.13333333333333333
protein_0350,protein_0051,0.16091954022988506
protein_0350,protein_0052,0.39080459770114945
protein_0350,protein_0053,0.3448275862068966
protein_0350,protein_0054,0.14049586776859505
protein_0350,protein_0055,0.10084033613445378
protein_0350,protein_0056,0.1346153846153846
protein_0350,protein_0057,0.1839080459770115
protein_0350,protein_0058,0.12643678160919541
protein_0350,protein_0059,0.26136363636363635
protein_0350,protein_0060,0.09615384615384616
protein_0350,protein_0061,0.24175824175824176
protein_0350,protein_0062,0.3793103448275862
protein_0350,protein_0063,0.11214953271028037
protein_0350,protein_0064,0.3563218390804598
protein_0350,protein_0065,0.1414141414141414
protein_0350,protein_0066,0.125
protein_0350,protein_0067,0.3218390804597701
protein_0350,protein_0068,0.26436781609195403
protein_0350,protein_0069,0.3333333333333333
protein_0350,protein_0070,0.20689655172413793
protein_0350,protein_0071,0.29347826086956524
protein_0350,protein_0072,0.1797752808988764
protein_0350,protein_0073,0.22988505747126436
protein_0350,protein_0074,0.13861386138613863
protein_0350,protein_0075,0.16
protein_0350,protein_0076,0.17204301075268819
protein_0350,protein_0077,0.40229885057471265
protein_0350,protein_0078,0.07692307692307693
protein_0350,protein_0079,0.07692307692307693
protein_0350,protein_0080,0.45977011494252873
protein_0350,protein_0081,0.42528735632183906
protein_0350,protein_0082,0.13636363636363635
protein_0350,protein_0083,0.28735632183908044
protein_0350,protein_0084,0.25287356321839083
protein_0350,protein_0085,0.12
protein_0350,protein_0086,0.13861386138613863
protein_0350,protein_0087,0.20454545454545456
protein_0350,protein_0088,0.4367816091954023
protein_0350,protein_0089,0.1694915254237288
protein_0350,protein_0090,0.17796610169491525
protein_0350,protein_0091,0.16806722689075632
protein_0350,protein_0092,0.16806722689075632
protein_0350,protein_0093,0.3333333333333333
protein_0350,protein_0094,0.14912280701754385
protein_0350,protein_0095,0.16101694915254236
protein_0350,protein_0096,0.13861386138613863
protein_0350,protein_0097,0.3707865168539326
protein_0350,protein_0098,0.47126436781609193
protein_0350,protein_0099,0.11538461538461539
protein_0350,protein_0100,0.19540229885057472
protein_0350,protein_0101,0.21839080459770116
protein_0350,protein_0102,0.2808988764044944
protein_0350,protein_0103,0.26136363636363635
protein_0350,protein_0104,0.15833333333333333
protein_0350,protein_0105,0.1
protein_0350,protein_0106,0.15966386554621848
protein_0350,protein_0107,0.42528735632183906
protein_0350,protein_0108,0.26136363636363635
protein_0350,protein_0109,0.15730337078651685
protein_0350,protein_0110,0.3103448275862069
protein_0350,protein_0111,0.25287356321839083
protein_0350,protein_0113,0.4090909090909091
protein_0350,protein_0114,0.4157303370786517
protein_0350,protein_0116,0.18487394957983194
protein_0350,protein_0118,0.17894736842105263
protein_0350,protein_0119,0.13
protein_0350,protein_0121,0.3333333333333333
protein_0350,protein_0122,0.29545454545454547
protein_0350,protein_0123,0.14942528735632185
protein_0350,protein_0124,0.3333333333333333
protein_0350,protein_0125,0.12871287128712872
protein_0350,protein_0126,0.1926605504587156
protein_0350,protein_0127,0.40229885057471265
protein_0350,protein_0128,0.3563218390804598
protein_0350,protein_0130,0.1557377049180328
protein_0350,protein_0131,0.13793103448275862
protein_0350,protein_0132,0.26548672566371684
protein_0350,protein_0133,0.26548672566371684
protein_0350,protein_0134,0.3333333333333333
protein_0350,protein_0135,0.3563218390804598
protein_0350,protein_0137,0.125
protein_0350,protein_0138,0.125
protein_0350,protein_0139,0.14942528735632185
protein_0350,protein_0140,0.3103448275862069
protein_0350,protein_0141,0.29545454545454547
protein_0350,protein_0142,0.375
protein_0350,protein_0143,0.3218390804597701
protein_0350,protein_0144,0.3333333333333333
protein_0350,protein_0145,0.16853932584269662
protein_0350,protein_0146,0.10227272727272728
protein_0350,protein_0147,0.40229885057471265
protein_0350,protein_0148,0.3563218390804598
protein_0350,protein_0149,0.1724137931034483
protein_0350,protein_0150,0.3333333333333333
protein_0350,protein_0151,0.23076923076923078
protein_0350,protein_0152,0.1956521739130435
protein_0350,protein_0153,0.1956521739130435
protein_0350,protein_0155,0.15384615384615385
protein_0350,protein_0156,0.1308411214953271
protein_0350,protein_0157,0.11363636363636363
protein_0350,protein_0158,0.1724137931034483
protein_0350,protein_0159,0.37777777777777777
protein_0350,protein_0160,0.367816091954023
protein_0350,protein_0161,0.1885245901639344
protein_0350,protein_0162,0.367816091954023
protein_0350,protein_0163,0.09
protein_0350,protein_0165,0.1839080459770115
protein_0350,protein_0166,0.39080459770114945
protein_0350,protein_0167,0.13392857142857142
protein_0350,protein_0168,0.14285714285714285
protein_0350,protein_0169,0.1206896551724138
protein_0350,protein_0170,0.3333333333333333
protein_0350,protein_0171,0.28735632183908044
protein_0350,protein_0172,0.125
protein_0350,protein_0173,0.3333333333333333
protein_0350,protein_0174,0.3522727272727273
protein_0350,protein_0175,0.36363636363636365
protein_0350,protein_0176,0.16853932584269662
protein_0350,protein_0177,0.1724137931034483
protein_0350,protein_0178,0.1592920353982301
protein_0350,protein_0180,0.2413793103448276
protein_0350,protein_0181,0.3218390804597701
protein_0350,protein_0182,0.3218390804597701
protein_0350,protein_0184,0.3563218390804598
protein_0350,protein_0186,0.1553398058252427
protein_0350,protein_0187,0.3409090909090909
protein_0350,protein_0188,0.1724137931034483
protein_0350,protein_0189,0.367816091954023
protein_0350,protein_0190,0.2988505747126437
protein_0350,protein_0191,0.39080459770114945
protein_0350,protein_0192,0.3793103448275862
protein_0350,protein_0193,0.3888888888888889
protein_0350,protein_0194,0.20689655172413793
protein_0350,protein_0195,0.3103448275862069
protein_0350,protein_0196,0.3333333333333333
protein_0350,protein_0198,0.3695652173913043
protein_0350,protein_0200,0.3068181818181818
protein_0350,protein_0201,0.09900990099009901
protein_0350,protein_0202,0.3333333333333333
protein_0350,protein_0205,0.13145539906103287
protein_0350,protein_0206,0.36363636363636365
protein_0350,protein_0207,0.13445378151260504
protein_0350,protein_0208,0.1504424778761062
protein_0350,protein_0209,0.2840909090909091
protein_0350,protein_0210,0.36666666666666664
protein_0350,protein_0212,0.22988505747126436
protein_0350,protein_0213,0.42528735632183906
protein_0350,protein_0214,0.13636363636363635
protein_0350,protein_0215,0.10344827586206896
protein_0350,protein_0216,0.15151515151515152
protein_0350,protein_0217,0.14285714285714285
protein_0350,protein_0218,0.145985401459854
protein_0350,protein_0219,0.1721311475409836
protein_0350,protein_0220,0.3563218390804598
protein_0350,protein_0221,0.16091954022988506
protein_0350,protein_0223,0.14942528735632185
protein_0350,protein_0225,0.1348314606741573
protein_0350,protein_0226,0.23
protein_0350,protein_0227,0.12643678160919541
protein_0350,protein_0228,0.2631578947368421
protein_0350,protein_0229,0.125
protein_0350,protein_0230,0.20224719101123595
protein_0350,protein_0231,0.449438202247191
protein_0350,protein_0232,0.1839080459770115
protein_0350,protein_0233,0.140625
protein_0350,protein_0235,0.16091954022988506
protein_0350,protein_0236,0.26436781609195403
protein_0350,protein_0238,0.16296296296296298
protein_0350,protein_0239,0.3103448275862069
protein_0350,protein_0240,0.3218390804597701
protein_0350,protein_0241,0.2988505747126437
protein_0350,protein_0242,0.14942528735632185
protein_0350,protein_0243,0.33707865168539325
protein_0350,protein_0244,0.16842105263157894
protein_0350,protein_0245,0.16666666666666666
protein_0350,protein_0246,0.15841584158415842
protein_0350,protein_0247,0.17391304347826086
protein_0350,protein_0248,0.39080459770114945
protein_0350,protein_0249,0.3218390804597701
protein_0350,protein_0250,0.19318181818181818
protein_0350,protein_0251,0.20618556701030927
protein_0350,protein_0252,0.14285714285714285
protein_0350,protein_0254,0.17777777777777778
protein_0350,protein_0255,0.1111111111111111
protein_0350,protein_0256,0.14953271028037382
protein_0350,protein_0257,0.14018691588785046
protein_0350,protein_0258,0.3218390804597701
protein_0350,protein_0259,0.14444444444444443
protein_0350,protein_0260,0.14444444444444443
protein_0350,protein_0261,0.15384615384615385
protein_0350,protein_0262,0.1259259259259259
protein_0350,protein_0263,0.1323529411764706
protein_0350,protein_0264,0.40229885057471265
protein_0350,protein_0265,0.40229885057471265
protein_0350,protein_0266,0.14130434782608695
protein_0350,protein_0267,0.1839080459770115
protein_0350,protein_0268,0.15555555555555556
protein_0350,protein_0269,0.16806722689075632
protein_0350,protein_0270,0.18181818181818182
protein_0350,protein_0271,0.16091954022988506
protein_0350,protein_0272,0.3218390804597701
protein_0350,protein_0273,0.3103448275862069
protein_0350,protein_0274,0.24719101123595505
protein_0350,protein_0275,0.15841584158415842
protein_0350,protein_0276,0.45977011494252873
protein_0350,protein_0278,0.3076923076923077
protein_0350,protein_0279,0.3103448275862069
protein_0350,protein_0280,0.3333333333333333
protein_0350,protein_0281,0.15254237288135594
protein_0350,protein_0284,0.29545454545454547
protein_0350,protein_0285,0.3333333333333333
protein_0350,protein_0286,0.18888888888888888
protein_0350,protein_0288,0.367816091954023
protein_0350,protein_0289,0.125
protein_0350,protein_0290,0.1188118811881188
protein_0350,protein_0291,0.22988505747126436
protein_0350,protein_0292,0.19318181818181818
protein_0350,protein_0293,0.2087912087912088
protein_0350,protein_0294,0.22988505747126436
protein_0350,protein_0295,0.18181818181818182
protein_0350,protein_0296,0.16379310344827586
protein_0350,protein_0297,0.1590909090909091
protein_0350,protein_0298,0.16091954022988506
protein_0350,protein_0300,0.18
protein_0350,protein_0301,0.18
protein_0350,protein_0302,0.11467889908256881
protein_0350,protein_0303,0.2
protein_0350,protein_0304,0.1839080459770115
protein_0350,protein_0305,0.14705882352941177
protein_0350,protein_0306,0.10084033613445378
protein_0350,protein_0307,0.11666666666666667
protein_0350,protein_0308,0.18487394957983194
protein_0350,protein_0309,0.20833333333333334
protein_0350,protein_0310,0.16831683168316833
protein_0350,protein_0311,0.4222222222222222
protein_0350,protein_0312,0.40229885057471265
protein_0350,protein_0313,0.22988505747126436
protein_0350,protein_0314,0.1346153846153846
protein_0350,protein_0315,0.13385826771653545
protein_0350,protein_0316,0.16853932584269662
protein_0350,protein_0317,0.11320754716981132
protein_0350,protein_0318,0.15254237288135594
protein_0350,protein_0319,0.3068181818181818
protein_0350,protein_0320,0.3218390804597701
protein_0350,protein_0321,0.18681318681318682
protein_0350,protein_0322,0.34444444444444444
protein_0350,protein_0323,0.25287356321839083
protein_0350,protein_0324,0.15463917525773196
protein_0350,protein_0326,0.17582417582417584
protein_0350,protein_0328,0.15454545454545454
protein_0350,protein_0329,0.15454545454545454
protein_0350,protein_0330,0.3563218390804598
protein_0350,protein_0331,0.18181818181818182
protein_0350,protein_0332,0.27586206896551724
protein_0350,protein_0333,0.26436781609195403
protein_0350,protein_0334,0.18478260869565216
protein_0350,protein_0335,0.11320754716981132
protein_0350,protein_0336,0.19540229885057472
protein_0350,protein_0337,0.2988505747126437
protein_0350,protein_0338,0.27586206896551724
protein_0350,protein_0339,0.15789473684210525
protein_0350,protein_0340,0.10891089108910891
protein_0350,protein_0341,0.21568627450980393
protein_0350,protein_0342,0.1978021978021978
protein_0350,protein_0343,0.16091954022988506
protein_0350,protein_0344,0.9080459770114943
protein_0350,protein_0345,0.12643678160919541
protein_0350,protein_0346,0.12643678160919541
protein_0350,protein_0347,0.2159090909090909
protein_0350,protein_0348,0.13793103448275862
protein_0350,protein_0349,0.11
protein_0350,protein_0351,0.3103448275862069
protein_0350,protein_0352,0.16091954022988506
protein_0350,protein_0353,0.13934426229508196
protein_0350,protein_0354,0.1724137931034483
protein_0350,protein_0355,0.3218390804597701
protein_0350,protein_0356,0.14444444444444443
protein_0350,protein_0358,0.9310344827586207
protein_0350,protein_0359,0.14754098360655737
protein_0350,protein_0361,0.1452991452991453
protein_0350,protein_0363,0.22580645161290322
protein_0350,protein_0364,0.20652173913043478
protein_0350,protein_0365,0.22727272727272727
protein_0350,protein_0366,0.22727272727272727
protein_0350,protein_0367,0.1619047619047619
protein_0350,protein_0369,0.11494252873563218
protein_0350,protein_0370,0.9080459770114943
protein_0350,protein_0371,0.41379310344827586
protein_0350,protein_0372,0.10550458715596331
protein_0350,protein_0373,0.12396694214876033
protein_0350,protein_0374,0.15126050420168066
protein_0350,protein_0375,0.4367816091954023
protein_0350,protein_0376,0.15841584158415842
protein_0350,protein_0377,0.3448275862068966
protein_0350,protein_0379,0.19444444444444445
protein_0350,protein_0380,0.19444444444444445
protein_0350,protein_0381,0.19444444444444445
protein_0350,protein_0382,0.25287356321839083
protein_0350,protein_0383,0.1724137931034483
protein_0350,protein_0385,0.1553398058252427
protein_0350,protein_0386,0.09615384615384616
protein_0350,protein_0387,0.11538461538461539
protein_0350,protein_0388,0.1839080459770115
protein_0350,protein_0389,0.2
protein_0350,protein_0390,0.33707865168539325
protein_0350,protein_0391,0.27472527472527475
protein_0350,protein_0393,0.3409090909090909
protein_0350,protein_0394,0.15517241379310345
protein_0350,protein_0395,0.23404255319148937
protein_0350,protein_0396,0.14634146341463414
protein_0350,protein_0397,0.3448275862068966
protein_0350,protein_0398,0.13043478260869565
protein_0350,protein_0399,0.43333333333333335
protein_0357,protein_0000,0.13821138211382114
protein_0357,protein_0001,0.13008130081300814
protein_0357,protein_0003,0.1721311475409836
protein_0357,protein_0004,0.17073170731707318
protein_0357,protein_0005,0.08943089430894309
protein_0357,protein_0006,0.144
protein_0357,protein_0007,0.13333333333333333
protein_0357,protein_0008,0.16260162601626016
protein_0357,protein_0009,0.11475409836065574
protein_0357,protein_0010,0.14634146341463414
protein_0357,protein_0012,0.13934426229508196
protein_0357,protein_0013,0.15702479338842976
protein_0357,protein_0014,0.125
protein_0357,protein_0015,0.15748031496062992
protein_0357,protein_0016,0.15748031496062992
protein_0357,protein_0017,0.14492753623188406
protein_0357,protein_0018,0.14166666666666666
protein_0357,protein_0019,0.1322314049586777
protein_0357,protein_0020,0.13333333333333333
protein_0357,protein_0021,0.10852713178294573
protein_0357,protein_0022,0.14960629921259844
protein_0357,protein_0023,0.13385826771653545
protein_0357,protein_0024,0.26229508196721313
protein_0357,protein_0025,0.152
protein_0357,protein_0027,0.1774193548387097
protein_0357,protein_0028,0.1652892561983471
protein_0357,protein_0029,0.1322314049586777
protein_0357,protein_0030,0.24
protein_0357,protein_0031,0.15
protein_0357,protein_0032,0.13821138211382114
protein_0357,protein_0033,0.13333333333333333
protein_0357,protein_0034,0.14166666666666666
protein_0357,protein_0035,0.25833333333333336
protein_0357,protein_0036,0.1487603305785124
protein_0357,protein_0037,0.16153846153846155
protein_0357,protein_0039,0.10743801652892562
protein_0357,protein_0040,0.13114754098360656
protein_0357,protein_0041,0.13821138211382114
protein_0357,protein_0042,0.15
protein_0357,protein_0043,0.15702479338842976
protein_0357,protein_0044,0.13934426229508196
protein_0357,protein_0045,0.13934426229508196
protein_0357,protein_0046,0.15
protein_0357,protein_0047,0.09166666666666666
protein_0357,protein_0048,0.13333333333333333
protein_0357,protein_0049,0.12
protein_0357,protein_0050,0.14754098360655737
protein_0357,protein_0051,0.136
protein_0357,protein_0052,0.1746031746031746
protein_0357,protein_0053,0.12
protein_0357,protein_0054,0.24031007751937986
protein_0357,protein_0055,0.2540983606557377
protein_0357,protein_0056,0.12318840579710146
protein_0357,protein_0057,0.13333333333333333
protein_0357,protein_0058,0.10833333333333334
protein_0357,protein_0059,0.15
protein_0357,protein_0060,0.16153846153846155
protein_0357,protein_0061,0.1487603305785124
protein_0357,protein_0062,0.13333333333333333
protein_0357,protein_0063,0.13761467889908258
protein_0357,protein_0064,0.128
protein_0357,protein_0065,0.1357142857142857
protein_0357,protein_0066,0.144
protein_0357,protein_0067,0.136
protein_0357,protein_0068,0.12195121951219512
protein_0357,protein_0069,0.13114754098360656
protein_0357,protein_0070,0.125
protein_0357,protein_0071,0.14166666666666666
protein_0357,protein_0072,0.16260162601626016
protein_0357,protein_0073,0.125
protein_0357,protein_0074,0.17266187050359713
protein_0357,protein_0075,0.171875
protein_0357,protein_0076,0.175
protein_0357,protein_0077,0.14173228346456693
protein_0357,protein_0078,0.15748031496062992
protein_0357,protein_0079,0.15748031496062992
protein_0357,protein_0080,0.1721311475409836
protein_0357,protein_0081,0.15
protein_0357,protein_0082,0.19083969465648856
protein_0357,protein_0083,0.13333333333333333
protein_0357,protein_0084,0.1557377049180328
protein_0357,protein_0085,0.1984732824427481
protein_0357,protein_0086,0.20161290322580644
protein_0357,protein_0087,0.12195121951219512
protein_0357,protein_0088,0.13114754098360656
protein_0357,protein_0089,0.1796875
protein_0357,protein_0090,0.1893939393939394
protein_0357,protein_0091,0.12878787878787878
protein_0357,protein_0092,0.12878787878787878
protein_0357,protein_0093,0.13114754098360656
protein_0357,protein_0094,0.2396694214876033
protein_0357,protein_0095,0.1640625
protein_0357,protein_0096,0.1487603305785124
protein_0357,protein_0097,0.176
protein_0357,protein_0098,0.1487603305785124
protein_0357,protein_0099,0.1450381679389313
protein_0357,protein_0100,0.14754098360655737
protein_0357,protein_0101,0.125
protein_0357,protein_0102,0.12698412698412698
protein_0357,protein_0103,0.11382113821138211
protein_0357,protein_0104,0.2698412698412698
protein_0357,protein_0105,0.13114754098360656
protein_0357,protein_0106,0.1527777777777778
protein_0357,protein_0107,0.13333333333333333
protein_0357,protein_0108,0.14393939393939395
protein_0357,protein_0109,0.16666666666666666
protein_0357,protein_0110,0.18181818181818182
protein_0357,protein_0111,0.18032786885245902
protein_0357,protein_0113,0.1732283464566929
protein_0357,protein_0114,0.14634146341463414
protein_0357,protein_0116,0.15671641791044777
protein_0357,protein_0118,0.15833333333333333
protein_0357,protein_0119,0.15503875968992248
protein_0357,protein_0121,0.14166666666666666
protein_0357,protein_0122,0.1640625
protein_0357,protein_0123,0.12295081967213115
protein_0357,protein_0124,0.125
protein_0357,protein_0125,0.16546762589928057
protein_0357,protein_0126,0.12598425196850394
protein_0357,protein_0127,0.12903225806451613
protein_0357,protein_0128,0.13934426229508196
protein_0357,protein_0130,0.19696969696969696
protein_0357,protein_0131,0.15
protein_0357,protein_0132,0.168
protein_0357,protein_0133,0.168
protein_0357,protein_0134,0.16666666666666666
protein_0357,protein_0135,0.15079365079365079
protein_0357,protein_0137,0.2916666666666667
protein_0357,protein_0138,0.2916666666666667
protein_0357,protein_0139,0.13333333333333333
protein_0357,protein_0140,0.1885245901639344
protein_0357,protein_0141,0.15873015873015872
protein_0357,protein_0142,0.1652892561983471
protein_0357,protein_0143,0.125
protein_0357,protein_0144,0.13333333333333333
protein_0357,protein_0145,0.14049586776859505
protein_0357,protein_0146,0.13934426229508196
protein_0357,protein_0147,0.14166666666666666
protein_0357,protein_0148,0.14634146341463414
protein_0357,protein_0149,0.16666666666666666
protein_0357,protein_0150,0.168
protein_0357,protein_0151,0.19672131147540983
protein_0357,protein_0152,0.175
protein_0357,protein_0153,0.15833333333333333
protein_0357,protein_0155,0.1640625
protein_0357,protein_0156,0.1937984496124031
protein_0357,protein_0157,0.075
protein_0357,protein_0158,0.13333333333333333
protein_0357,protein_0159,0.13008130081300814
protein_0357,protein_0160,0.18032786885245902
protein_0357,protein_0161,0.371900826446281
protein_0357,protein_0162,0.14049586776859505
protein_0357,protein_0163,0.21875
protein_0357,protein_0165,0.11666666666666667
protein_0357,protein_0166,0.17355371900826447
protein_0357,protein_0167,0.17293233082706766
protein_0357,protein_0168,0.18796992481203006
protein_0357,protein_0169,0.25833333333333336
protein_0357,protein_0170,0.1532258064516129
protein_0357,protein_0171,0.14754098360655737
protein_0357,protein_0172,0.26229508196721313
protein_0357,protein_0173,0.15
protein_0357,protein_0174,0.18032786885245902
protein_0357,protein_0175,0.1721311475409836
protein_0357,protein_0176,0.1322314049586777
protein_0357,protein_0177,0.125
protein_0357,protein_0178,0.2727272727272727
protein_0357,protein_0180,0.14728682170542637
protein_0357,protein_0181,0.136
protein_0357,protein_0182,0.1487603305785124
protein_0357,protein_0184,0.14754098360655737
protein_0357,protein_0186,0.1732283464566929
protein_0357,protein_0187,0.1721311475409836
protein_0357,protein_0188,0.14166666666666666
protein_0357,protein_0189,0.13821138211382114
protein_0357,protein_0190,0.17829457364341086
protein_0357,protein_0191,0.17886178861788618
protein_0357,protein_0192,0.1487603305785124
protein_0357,protein_0193,0.1297709923664122
protein_0357,protein_0194,0.1111111111111111
protein_0357,protein_0195,0.16666666666666666
protein_0357,protein_0196,0.15833333333333333
protein_0357,protein_0198,0.16260162601626016
protein_0357,protein_0200,0.17355371900826447
protein_0357,protein_0201,0.2109375
protein_0357,protein_0202,0.10655737704918032
protein_0357,protein_0205,0.12037037037037036
protein_0357,protein_0206,0.13934426229508196
protein_0357,protein_0207,0.27049180327868855
protein_0357,protein_0208,0.176
protein_0357,protein_0209,0.1652892561983471
protein_0357,protein_0210,0.15833333333333333
protein_0357,protein_0212,0.09836065573770492
protein_0357,protein_0213,0.18699186991869918
protein_0357,protein_0214,0.12
protein_0357,protein_0215,0.10833333333333334
protein_0357,protein_0216,0.14814814814814814
protein_0357,protein_0217,0.21705426356589147
protein_0357,protein_0218,0.14965986394557823
protein_0357,protein_0219,0.33884297520661155
protein_0357,protein_0220,0.13385826771653545
protein_0357,protein_0221,0.15833333333333333
protein_0357,protein_0223,0.13008130081300814
protein_0357,protein_0225,0.13333333333333333
protein_0357,protein_0226,0.128
protein_0357,protein_0227,0.13333333333333333
protein_0357,protein_0228,0.16393442622950818
protein_0357,protein_0229,0.128
protein_0357,protein_0230,0.14049586776859505
protein_0357,protein_0231,0.15702479338842976
protein_0357,protein_0232,0.15
protein_0357,protein_0233,0.1619718309859155
protein_0357,protein_0235,0.1889763779527559
protein_0357,protein_0236,0.14049586776859505
protein_0357,protein_0238,0.18055555555555555
protein_0357,protein_0239,0.16393442622950818
protein_0357,protein_0240,0.15079365079365079
protein_0357,protein_0241,0.152
protein_0357,protein_0242,0.1
protein_0357,protein_0243,0.16
protein_0357,protein_0244,0.18548387096774194
protein_0357,protein_0245,0.18493150684931506
protein_0357,protein_0246,0.17266187050359713
protein_0357,protein_0247,0.15267175572519084
protein_0357,protein_0248,0.09166666666666666
protein_0357,protein_0249,0.17073170731707318
protein_0357,protein_0250,0.14754098360655737
protein_0357,protein_0251,0.096
protein_0357,protein_0252,0.13008130081300814
protein_0357,protein_0254,0.15447154471544716
protein_0357,protein_0255,0.1404494382022472
protein_0357,protein_0256,0.2833333333333333
protein_0357,protein_0257,0.2833333333333333
protein_0357,protein_0258,0.1557377049180328
protein_0357,protein_0259,0.13333333333333333
protein_0357,protein_0260,0.13333333333333333
protein_0357,protein_0261,0.13986013986013987
protein_0357,protein_0262,0.1310344827586207
protein_0357,protein_0263,0.1610738255033557
protein_0357,protein_0264,0.14049586776859505
protein_0357,protein_0265,0.14049586776859505
protein_0357,protein_0266,0.13138686131386862
protein_0357,protein_0267,0.13821138211382114
protein_0357,protein_0268,0.12686567164179105
protein_0357,protein_0269,0.2727272727272727
protein_0357,protein_0270,0.1
protein_0357,protein_0271,0.11475409836065574
protein_0357,protein_0272,0.16
protein_0357,protein_0273,0.16129032258064516
protein_0357,protein_0274,0.12396694214876033
protein_0357,protein_0275,0.1724137931034483
protein_0357,protein_0276,0.1557377049180328
protein_0357,protein_0278,0.14960629921259844
protein_0357,protein_0279,0.1349206349206349
protein_0357,protein_0280,0.10833333333333334
protein_0357,protein_0281,0.1590909090909091
protein_0357,protein_0284,0.1640625
protein_0357,protein_0285,0.15079365079365079
protein_0357,protein_0286,0.16666666666666666
protein_0357,protein_0288,0.15
protein_0357,protein_0289,0.1774193548387097
protein_0357,protein_0290,0.176
protein_0357,protein_0291,0.1746031746031746
protein_0357,protein_0292,0.18181818181818182
protein_0357,protein_0293,0.1487603305785124
protein_0357,protein_0294,0.1746031746031746
protein_0357,protein_0295,0.1322314049586777
protein_0357,protein_0296,0.2809917355371901
protein_0357,protein_0297,0.11290322580645161
protein_0357,protein_0298,0.14049586776859505
protein_0357,protein_0300,0.10655737704918032
protein_0357,protein_0301,0.1
protein_0357,protein_0302,0.1336405529953917
protein_0357,protein_0303,0.14166666666666666
protein_0357,protein_0304,0.14049586776859505
protein_0357,protein_0305,0.1557377049180328
protein_0357,protein_0306,0.2764227642276423
protein_0357,protein_0307,0.2540983606557377
protein_0357,protein_0308,0.2661290322580645
protein_0357,protein_0309,0.1328125
protein_0357,protein_0310,0.14728682170542637
protein_0357,protein_0311,0.08333333333333333
protein_0357,protein_0312,0.15748031496062992
protein_0357,protein_0313,0.14960629921259844
protein_0357,protein_0314,0.15625
protein_0357,protein_0315,0.272
protein_0357,protein_0316,0.125
protein_0357,protein_0317,0.21428571428571427
protein_0357,protein_0318,0.17293233082706766
protein_0357,protein_0319,0.13333333333333333
protein_0357,protein_0320,0.176
protein_0357,protein_0321,0.14285714285714285
protein_0357,protein_0322,0.12396694214876033
protein_0357,protein_0323,0.125
protein_0357,protein_0324,0.15
protein_0357,protein_0326,0.10833333333333334
protein_0357,protein_0328,0.16535433070866143
protein_0357,protein_0329,0.16535433070866143
protein_0357,protein_0330,0.1885245901639344
protein_0357,protein_0331,0.1322314049586777
protein_0357,protein_0332,0.18032786885245902
protein_0357,protein_0333,0.14960629921259844
protein_0357,protein_0334,0.16
protein_0357,protein_0335,0.17692307692307693
protein_0357,protein_0336,0.1322314049586777
protein_0357,protein_0337,0.2080536912751678
protein_0357,protein_0338,0.14049586776859505
protein_0357,protein_0339,0.15833333333333333
protein_0357,protein_0340,0.18253968253968253
protein_0357,protein_0341,0.16535433070866143
protein_0357,protein_0342,0.1487603305785124
protein_0357,protein_0343,0.1487603305785124
protein_0357,protein_0344,0.15833333333333333
protein_0357,protein_0345,0.15827338129496402
protein_0357,protein_0346,0.15827338129496402
protein_0357,protein_0347,0.17073170731707318
protein_0357,protein_0348,0.232
protein_0357,protein_0349,0.1875
protein_0357,protein_0351,0.13934426229508196
protein_0357,protein_0352,0.14166666666666666
protein_0357,protein_0353,0.16129032258064516
protein_0357,protein_0354,0.15503875968992248
protein_0357,protein_0355,0.16551724137931034
protein_0357,protein_0356,0.12396694214876033
protein_0357,protein_0358,0.14166666666666666
protein_0357,protein_0359,0.2926829268292683
protein_0357,protein_0361,0.2540983606557377
protein_0357,protein_0363,0.16541353383458646
protein_0357,protein_0364,0.1450381679389313
protein_0357,protein_0365,0.16666666666666666
protein_0357,protein_0366,0.175
protein_0357,protein_0367,0.16535433070866143
protein_0357,protein_0369,0.11570247933884298
protein_0357,protein_0370,0.15833333333333333
protein_0357,protein_0371,0.15447154471544716
protein_0357,protein_0372,0.1552511415525114
protein_0357,protein_0373,0.19672131147540983
protein_0357,protein_0374,0.2892561983471074
protein_0357,protein_0375,0.10743801652892562
protein_0357,protein_0376,0.140625
protein_0357,protein_0377,0.12
protein_0357,protein_0379,0.1532258064516129
protein_0357,protein_0380,0.1532258064516129
protein_0357,protein_0381,0.1532258064516129
protein_0357,protein_0382,0.1484375
protein_0357,protein_0383,0.15833333333333333
protein_0357,protein_0385,0.13385826771653545
protein_0357,protein_0386,0.171875
protein_0357,protein_0387,0.26666666666666666
protein_0357,protein_0388,0.125
protein_0357,protein_0389,0.1652892561983471
protein_0357,protein_0390,0.16129032258064516
protein_0357,protein_0391,0.17355371900826447
protein_0357,protein_0393,0.15702479338842976
protein_0357,protein_0394,0.23015873015873015
protein_0357,protein_0395,0.12396694214876033
protein_0357,protein_0396,0.21951219512195122
protein_0357,protein_0397,0.15447154471544716
protein_0357,protein_0398,0.1956521739130435
protein_0357,protein_0399,0.18699186991869918
protein_0360,protein_0000,0.32954545454545453
protein_0360,protein_0001,0.1724137931034483
protein_0360,protein_0003,0.4
protein_0360,protein_0004,0.45977011494252873
protein_0360,protein_0005,0.1326530612244898
protein_0360,protein_0006,0.2696629213483146
protein_0360,protein_0007,0.16129032258064516
protein_0360,protein_0008,0.17757009345794392
protein_0360,protein_0009,0.1839080459770115
protein_0360,protein_0010,0.29347826086956524
protein_0360,protein_0012,0.32954545454545453
protein_0360,protein_0013,0.25287356321839083
protein_0360,protein_0014,0.2403846153846154
protein_0360,protein_0015,0.2079207920792079
protein_0360,protein_0016,0.16822429906542055
protein_0360,protein_0017,0.14728682170542637
protein_0360,protein_0018,0.3448275862068966
protein_0360,protein_0019,0.1797752808988764
protein_0360,protein_0020,0.3977272727272727
protein_0360,protein_0021,0.20212765957446807
protein_0360,protein_0022,0.18
protein_0360,protein_0023,0.17708333333333334
protein_0360,protein_0024,0.144
protein_0360,protein_0025,0.3333333333333333
protein_0360,protein_0027,0.22580645161290322
protein_0360,protein_0028,0.0990990990990991
protein_0360,protein_0029,0.19540229885057472
protein_0360,protein_0030,0.13008130081300814
protein_0360,protein_0031,0.18627450980392157
protein_0360,protein_0032,0.5108695652173914
protein_0360,protein_0033,0.3068181818181818
protein_0360,protein_0034,0.25287356321839083
protein_0360,protein_0035,0.17647058823529413
protein_0360,protein_0036,0.13793103448275862
protein_0360,protein_0037,0.27472527472527475
protein_0360,protein_0039,0.1839080459770115
protein_0360,protein_0040,0.13793103448275862
protein_0360,protein_0041,0.4673913043478261
protein_0360,protein_0042,0.1839080459770115
protein_0360,protein_0043,0.21839080459770116
protein_0360,protein_0044,0.1839080459770115
protein_0360,protein_0045,0.3956043956043956
protein_0360,protein_0046,0.1724137931034483
protein_0360,protein_0047,0.28735632183908044
protein_0360,protein_0048,0.2988505747126437
protein_0360,protein_0049,0.28735632183908044
protein_0360,protein_0050,0.10101010101010101
protein_0360,protein_0051,0.16483516483516483
protein_0360,protein_0052,0.4482758620689655
protein_0360,protein_0053,0.37777777777777777
protein_0360,protein_0054,0.15702479338842976
protein_0360,protein_0055,0.13445378151260504
protein_0360,protein_0056,0.12745098039215685
protein_0360,protein_0057,0.16129032258064516
protein_0360,protein_0058,0.1724137931034483
protein_0360,protein_0059,0.25842696629213485
protein_0360,protein_0060,0.1308411214953271
protein_0360,protein_0061,0.24444444444444444
protein_0360,protein_0062,0.3978494623655914
protein_0360,protein_0063,0.11627906976744186
protein_0360,protein_0064,0.3333333333333333
protein_0360,protein_0065,0.1523809523809524
protein_0360,protein_0066,0.13
protein_0360,protein_0067,0.2988505747126437
protein_0360,protein_0068,0.21839080459770116
protein_0360,protein_0069,0.2808988764044944
protein_0360,protein_0070,0.16091954022988506
protein_0360,protein_0071,0.25287356321839083
protein_0360,protein_0072,0.17045454545454544
protein_0360,protein_0073,0.26136363636363635
protein_0360,protein_0074,0.15625
protein_0360,protein_0075,0.15306122448979592
protein_0360,protein_0076,0.19540229885057472
protein_0360,protein_0077,0.40229885057471265
protein_0360,protein_0078,0.1792452830188679
protein_0360,protein_0079,0.1792452830188679
protein_0360,protein_0080,0.3333333333333333
protein_0360,protein_0081,0.3448275862068966
protein_0360,protein_0082,0.19230769230769232
protein_0360,protein_0083,0.2988505747126437
protein_0360,protein_0084,0.24719101123595505
protein_0360,protein_0085,0.18269230769230768
protein_0360,protein_0086,0.20192307692307693
protein_0360,protein_0087,0.1724137931034483
protein_0360,protein_0088,0.3793103448275862
protein_0360,protein_0089,0.136
protein_0360,protein_0090,0.144
protein_0360,protein_0091,0.1794871794871795
protein_0360,protein_0092,0.1794871794871795
protein_0360,protein_0093,0.27586206896551724
protein_0360,protein_0094,0.15789473684210525
protein_0360,protein_0095,0.12396694214876033
protein_0360,protein_0096,0.15841584158415842
protein_0360,protein_0097,0.3448275862068966
protein_0360,protein_0098,0.375
protein_0360,protein_0099,0.15178571428571427
protein_0360,protein_0100,0.20224719101123595
protein_0360,protein_0101,0.26136363636363635
protein_0360,protein_0102,0.25
protein_0360,protein_0103,0.28735632183908044
protein_0360,protein_0104,0.128
protein_0360,protein_0105,0.13793103448275862
protein_0360,protein_0106,0.12931034482758622
protein_0360,protein_0107,0.3793103448275862
protein_0360,protein_0108,0.2
protein_0360,protein_0109,0.13793103448275862
protein_0360,protein_0110,0.3068181818181818
protein_0360,protein_0111,0.20689655172413793
protein_0360,protein_0113,0.3103448275862069
protein_0360,protein_0114,0.550561797752809
protein_0360,protein_0116,0.16101694915254236
protein_0360,protein_0118,0.1839080459770115
protein_0360,protein_0119,0.17
protein_0360,protein_0121,0.28735632183908044
protein_0360,protein_0122,0.2696629213483146
protein_0360,protein_0123,0.18181818181818182
protein_0360,protein_0124,0.3409090909090909
protein_0360,protein_0125,0.22641509433962265
protein_0360,protein_0126,0.1414141414141414
protein_0360,protein_0127,0.4659090909090909
protein_0360,protein_0128,0.3763440860215054
protein_0360,protein_0130,0.12173913043478261
protein_0360,protein_0131,0.18478260869565216
protein_0360,protein_0132,0.15789473684210525
protein_0360,protein_0133,0.15789473684210525
protein_0360,protein_0134,0.3333333333333333
protein_0360,protein_0135,0.3655913978494624
protein_0360,protein_0137,0.13675213675213677
protein_0360,protein_0138,0.13675213675213677
protein_0360,protein_0139,0.1839080459770115
protein_0360,protein_0140,0.32954545454545453
protein_0360,protein_0141,0.25287356321839083
protein_0360,protein_0142,0.3404255319148936
protein_0360,protein_0143,0.3103448275862069
protein_0360,protein_0144,0.3103448275862069
protein_0360,protein_0145,0.16666666666666666
protein_0360,protein_0146,0.13829787234042554
protein_0360,protein_0147,0.3333333333333333
protein_0360,protein_0148,0.28735632183908044
protein_0360,protein_0149,0.19540229885057472
protein_0360,protein_0150,0.37362637362637363
protein_0360,protein_0151,0.20224719101123595
protein_0360,protein_0152,0.16091954022988506
protein_0360,protein_0153,0.1724137931034483
protein_0360,protein_0155,0.21666666666666667
protein_0360,protein_0156,0.11214953271028037
protein_0360,protein_0157,0.14285714285714285
protein_0360,protein_0158,0.1724137931034483
protein_0360,protein_0159,0.2988505747126437
protein_0360,protein_0160,0.3626373626373626
protein_0360,protein_0161,0.13934426229508196
protein_0360,protein_0162,0.39325842696629215
protein_0360,protein_0163,0.14
protein_0360,protein_0165,0.13793103448275862
protein_0360,protein_0166,0.3595505617977528
protein_0360,protein_0167,0.1623931623931624
protein_0360,protein_0168,0.1623931623931624
protein_0360,protein_0169,0.1721311475409836
protein_0360,protein_0170,0.3103448275862069
protein_0360,protein_0171,0.20689655172413793
protein_0360,protein_0172,0.1721311475409836
protein_0360,protein_0173,0.2988505747126437
protein_0360,protein_0174,0.3448275862068966
protein_0360,protein_0175,0.358695652173913
protein_0360,protein_0176,0.1717171717171717
protein_0360,protein_0177,0.1724137931034483
protein_0360,protein_0178,0.1623931623931624
protein_0360,protein_0180,0.20689655172413793
protein_0360,protein_0181,0.26436781609195403
protein_0360,protein_0182,0.3448275862068966
protein_0360,protein_0184,0.3103448275862069
protein_0360,protein_0186,0.18181818181818182
protein_0360,protein_0187,0.3218390804597701
protein_0360,protein_0188,0.19540229885057472
protein_0360,protein_0189,0.3218390804597701
protein_0360,protein_0190,0.27586206896551724
protein_0360,protein_0191,0.47126436781609193
protein_0360,protein_0192,0.4044943820224719
protein_0360,protein_0193,0.367816091954023
protein_0360,protein_0194,0.16091954022988506
protein_0360,protein_0195,0.3068181818181818
protein_0360,protein_0196,0.27586206896551724
protein_0360,protein_0198,0.45977011494252873
protein_0360,protein_0200,0.2988505747126437
protein_0360,protein_0201,0.14
protein_0360,protein_0202,0.2988505747126437
protein_0360,protein_0205,0.12322274881516587
protein_0360,protein_0206,0.3068181818181818
protein_0360,protein_0207,0.14173228346456693
protein_0360,protein_0208,0.1391304347826087
protein_0360,protein_0209,0.2247191011235955
protein_0360,protein_0210,0.35555555555555557
protein_0360,protein_0212,0.2111111111111111
protein_0360,protein_0213,0.37777777777777777
protein_0360,protein_0214,0.16483516483516483
protein_0360,protein_0215,0.14130434782608695
protein_0360,protein_0216,0.18446601941747573
protein_0360,protein_0217,0.14432989690721648
protein_0360,protein_0218,0.17164179104477612
protein_0360,protein_0219,0.11764705882352941
protein_0360,protein_0220,0.3522727272727273
protein_0360,protein_0221,0.15841584158415842
protein_0360,protein_0223,0.2159090909090909
protein_0360,protein_0225,0.13636363636363635
protein_0360,protein_0226,0.17894736842105263
protein_0360,protein_0227,0.1595744680851064
protein_0360,protein_0228,0.20618556701030927
protein_0360,protein_0229,0.10227272727272728
protein_0360,protein_0230,0.20224719101123595
protein_0360,protein_0231,0.40229885057471265
protein_0360,protein_0232,0.16091954022988506
protein_0360,protein_0233,0.125
protein_0360,protein_0235,0.17592592592592593
protein_0360,protein_0236,0.2413793103448276
protein_0360,protein_0238,0.11278195488721804
protein_0360,protein_0239,0.3333333333333333
protein_0360,protein_0240,0.3333333333333333
protein_0360,protein_0241,0.3563218390804598
protein_0360,protein_0242,0.13793103448275862
protein_0360,protein_0243,0.30434782608695654
protein_0360,protein_0244,0.14606741573033707
protein_0360,protein_0245,0.1388888888888889
protein_0360,protein_0246,0.20588235294117646
protein_0360,protein_0247,0.16831683168316833
protein_0360,protein_0248,0.4065934065934066
protein_0360,protein_0249,0.3118279569892473
protein_0360,protein_0250,0.20833333333333334
protein_0360,protein_0251,0.14
protein_0360,protein_0252,0.15789473684210525
protein_0360,protein_0254,0.1956521739130435
protein_0360,protein_0255,0.15168539325842698
protein_0360,protein_0256,0.16346153846153846
protein_0360,protein_0257,0.17307692307692307
protein_0360,protein_0258,0.2988505747126437
protein_0360,protein_0259,0.20430107526881722
protein_0360,protein_0260,0.20430107526881722
protein_0360,protein_0261,0.22857142857142856
protein_0360,protein_0262,0.11678832116788321
protein_0360,protein_0263,0.16783216783216784
protein_0360,protein_0264,0.367816091954023
protein_0360,protein_0265,0.367816091954023
protein_0360,protein_0266,0.14444444444444443
protein_0360,protein_0267,0.17391304347826086
protein_0360,protein_0268,0.10227272727272728
protein_0360,protein_0269,0.11206896551724138
protein_0360,protein_0270,0.19101123595505617
protein_0360,protein_0271,0.16091954022988506
protein_0360,protein_0272,0.27586206896551724
protein_0360,protein_0273,0.3068181818181818
protein_0360,protein_0274,0.19101123595505617
protein_0360,protein_0275,0.22641509433962265
protein_0360,protein_0276,0.42045454545454547
protein_0360,protein_0278,0.2
protein_0360,protein_0279,0.3448275862068966
protein_0360,protein_0280,0.3409090909090909
protein_0360,protein_0281,0.17796610169491525
protein_0360,protein_0284,0.2413793103448276
protein_0360,protein_0285,0.28735632183908044
protein_0360,protein_0286,0.19540229885057472
protein_0360,protein_0288,0.3793103448275862
protein_0360,protein_0289,0.12121212121212122
protein_0360,protein_0290,0.10891089108910891
protein_0360,protein_0291,0.21839080459770116
protein_0360,protein_0292,0.15217391304347827
protein_0360,protein_0293,0.2222222222222222
protein_0360,protein_0294,0.21839080459770116
protein_0360,protein_0295,0.19318181818181818
protein_0360,protein_0296,0.16393442622950818
protein_0360,protein_0297,0.16091954022988506
protein_0360,protein_0298,0.12643678160919541
protein_0360,protein_0300,0.20833333333333334
protein_0360,protein_0301,0.18556701030927836
protein_0360,protein_0302,0.12162162162162163
protein_0360,protein_0303,0.2247191011235955
protein_0360,protein_0304,0.1978021978021978
protein_0360,protein_0305,0.23404255319148937
protein_0360,protein_0306,0.13445378151260504
protein_0360,protein_0307,0.1487603305785124
protein_0360,protein_0308,0.15447154471544716
protein_0360,protein_0309,0.2037037037037037
protein_0360,protein_0310,0.18691588785046728
protein_0360,protein_0311,0.3563218390804598
protein_0360,protein_0312,0.40229885057471265
protein_0360,protein_0313,0.25287356321839083
protein_0360,protein_0314,0.13861386138613863
protein_0360,protein_0315,0.17699115044247787
protein_0360,protein_0316,0.13636363636363635
protein_0360,protein_0317,0.1640625
protein_0360,protein_0318,0.18181818181818182
protein_0360,protein_0319,0.26436781609195403
protein_0360,protein_0320,0.3448275862068966
protein_0360,protein_0321,0.2
protein_0360,protein_0322,0.3103448275862069
protein_0360,protein_0323,0.26436781609195403
protein_0360,protein_0324,0.19540229885057472
protein_0360,protein_0326,0.19387755102040816
protein_0360,protein_0328,0.18181818181818182
protein_0360,protein_0329,0.18181818181818182
protein_0360,protein_0330,0.3333333333333333
protein_0360,protein_0331,0.19540229885057472
protein_0360,protein_0332,0.26436781609195403
protein_0360,protein_0333,0.3
protein_0360,protein_0334,0.2708333333333333
protein_0360,protein_0335,0.15151515151515152
protein_0360,protein_0336,0.1724137931034483
protein_0360,protein_0337,0.2826086956521739
protein_0360,protein_0338,0.2111111111111111
protein_0360,protein_0339,0.16666666666666666
protein_0360,protein_0340,0.12745098039215685
protein_0360,protein_0341,0.21568627450980393
protein_0360,protein_0342,0.20224719101123595
protein_0360,protein_0343,0.12380952380952381
protein_0360,protein_0344,0.4222222222222222
protein_0360,protein_0345,0.17391304347826086
protein_0360,protein_0346,0.17391304347826086
protein_0360,protein_0347,0.16091954022988506
protein_0360,protein_0348,0.13793103448275862
protein_0360,protein_0349,0.1485148514851485
protein_0360,protein_0351,0.3181818181818182
protein_0360,protein_0352,0.16091954022988506
protein_0360,protein_0353,0.12931034482758622
protein_0360,protein_0354,0.19318181818181818
protein_0360,protein_0355,0.25274725274725274
protein_0360,protein_0356,0.17777777777777778
protein_0360,protein_0358,0.42045454545454547
protein_0360,protein_0359,0.10084033613445378
protein_0360,protein_0361,0.144
protein_0360,protein_0363,0.20202020202020202
protein_0360,protein_0364,0.1919191919191919
protein_0360,protein_0365,0.1935483870967742
protein_0360,protein_0366,0.1827956989247312
protein_0360,protein_0367,0.1588785046728972
protein_0360,protein_0369,0.16666666666666666
protein_0360,protein_0370,0.4222222222222222
protein_0360,protein_0371,0.47126436781609193
protein_0360,protein_0372,0.11363636363636363
protein_0360,protein_0373,0.14678899082568808
protein_0360,protein_0374,0.17094017094017094
protein_0360,protein_0375,0.5113636363636364
protein_0360,protein_0376,0.205607476635514
protein_0360,protein_0377,0.3218390804597701
protein_0360,protein_0379,0.17204301075268819
protein_0360,protein_0380,0.17204301075268819
protein_0360,protein_0381,0.17204301075268819
protein_0360,protein_0382,0.2808988764044944
protein_0360,protein_0383,0.20224719101123595
protein_0360,protein_0385,0.1523809523809524
protein_0360,protein_0386,0.1553398058252427
protein_0360,protein_0387,0.12631578947368421
protein_0360,protein_0388,0.14444444444444443
protein_0360,protein_0389,0.13793103448275862
protein_0360,protein_0390,0.27586206896551724
protein_0360,protein_0391,0.2222222222222222
protein_0360,protein_0393,0.32222222222222224
protein_0360,protein_0394,0.18487394957983194
protein_0360,protein_0395,0.21978021978021978
protein_0360,protein_0396,0.1623931623931624
protein_0360,protein_0397,0.3793103448275862
protein_0360,protein_0398,0.13709677419354838
protein_0360,protein_0399,0.3448275862068966
protein_0362,protein_0000,0.2
protein_0362,protein_0001,0.16853932584269662
protein_0362,protein_0003,0.25252525252525254
protein_0362,protein_0004,0.2413793103448276
protein_0362,protein_0005,0.20652173913043478
protein_0362,protein_0006,0.2111111111111111
protein_0362,protein_0007,0.1724137931034483
protein_0362,protein_0008,0.17857142857142858
protein_0362,protein_0009,0.22826086956521738
protein_0362,protein_0010,0.2967032967032967
protein_0362,protein_0012,0.21428571428571427
protein_0362,protein_0013,0.12643678160919541
protein_0362,protein_0014,0.14705882352941177
protein_0362,protein_0015,0.12962962962962962
protein_0362,protein_0016,0.11504424778761062
protein_0362,protein_0017,0.2
protein_0362,protein_0018,0.2604166666666667
protein_0362,protein_0019,0.1797752808988764
protein_0362,protein_0020,0.20689655172413793
protein_0362,protein_0021,0.1595744680851064
protein_0362,protein_0022,0.19387755102040816
protein_0362,protein_0023,0.1414141414141414
protein_0362,protein_0024,0.1417910447761194
protein_0362,protein_0025,0.21978021978021978
protein_0362,protein_0027,0.16666666666666666
protein_0362,protein_0028,0.08181818181818182
protein_0362,protein_0029,0.15730337078651685
protein_0362,protein_0030,0.13445378151260504
protein_0362,protein_0031,0.1388888888888889
protein_0362,protein_0032,0.23157894736842105
protein_0362,protein_0033,0.26666666666666666
protein_0362,protein_0034,0.2247191011235955
protein_0362,protein_0035,0.125
protein_0362,protein_0036,0.16666666666666666
protein_0362,protein_0037,0.1839080459770115
protein_0362,protein_0039,0.25
protein_0362,protein_0040,0.13186813186813187
protein_0362,protein_0041,0.19791666666666666
protein_0362,protein_0042,0.22988505747126436
protein_0362,protein_0043,0.2708333333333333
protein_0362,protein_0044,0.26436781609195403
protein_0362,protein_0045,0.2708333333333333
protein_0362,protein_0046,0.1724137931034483
protein_0362,protein_0047,0.24468085106382978
protein_0362,protein_0048,0.19540229885057472
protein_0362,protein_0049,0.21839080459770116
protein_0362,protein_0050,0.12264150943396226
protein_0362,protein_0051,0.14606741573033707
protein_0362,protein_0052,0.21839080459770116
protein_0362,protein_0053,0.2159090909090909
protein_0362,protein_0054,0.14285714285714285
protein_0362,protein_0055,0.12
protein_0362,protein_0056,0.14814814814814814
protein_0362,protein_0057,0.1724137931034483
protein_0362,protein_0058,0.17045454545454544
protein_0362,protein_0059,0.25287356321839083
protein_0362,protein_0060,0.1574074074074074
protein_0362,protein_0061,0.25274725274725274
protein_0362,protein_0062,0.20689655172413793
protein_0362,protein_0063,0.09859154929577464
protein_0362,protein_0064,0.2608695652173913
protein_0362,protein_0065,0.15454545454545454
protein_0362,protein_0066,0.11926605504587157
protein_0362,protein_0067,0.3076923076923077
protein_0362,protein_0068,0.18888888888888888
protein_0362,protein_0069,0.21839080459770116
protein_0362,protein_0070,0.18478260869565216
protein_0362,protein_0071,0.2413793103448276
protein_0362,protein_0072,0.15730337078651685
protein_0362,protein_0073,0.21875
protein_0362,protein_0074,0.19230769230769232
protein_0362,protein_0075,0.15841584158415842
protein_0362,protein_0076,0.16091954022988506
protein_0362,protein_0077,0.19318181818181818
protein_0362,protein_0078,0.17543859649122806
protein_0362,protein_0079,0.17543859649122806
protein_0362,protein_0080,0.19540229885057472
protein_0362,protein_0081,0.19540229885057472
protein_0362,protein_0082,0.10909090909090909
protein_0362,protein_0083,0.23333333333333334
protein_0362,protein_0084,0.25
protein_0362,protein_0085,0.1
protein_0362,protein_0086,0.10909090909090909
protein_0362,protein_0087,0.1839080459770115
protein_0362,protein_0088,0.28125
protein_0362,protein_0089,0.12280701754385964
protein_0362,protein_0090,0.12280701754385964
protein_0362,protein_0091,0.14166666666666666
protein_0362,protein_0092,0.14166666666666666
protein_0362,protein_0093,0.2727272727272727
protein_0362,protein_0094,0.16101694915254236
protein_0362,protein_0095,0.12280701754385964
protein_0362,protein_0096,0.1504424778761062
protein_0362,protein_0097,0.1797752808988764
protein_0362,protein_0098,0.24742268041237114
protein_0362,protein_0099,0.14814814814814814
protein_0362,protein_0100,0.14942528735632185
protein_0362,protein_0101,0.19540229885057472
protein_0362,protein_0102,0.16091954022988506
protein_0362,protein_0103,0.19540229885057472
protein_0362,protein_0104,0.09401709401709402
protein_0362,protein_0105,0.1368421052631579
protein_0362,protein_0106,0.15833333333333333
protein_0362,protein_0107,0.22105263157894736
protein_0362,protein_0108,0.9310344827586207
protein_0362,protein_0109,0.18181818181818182
protein_0362,protein_0110,0.23863636363636365
protein_0362,protein_0111,0.22916666666666666
protein_0362,protein_0113,0.19791666666666666
protein_0362,protein_0114,0.22988505747126436
protein_0362,protein_0116,0.16666666666666666
protein_0362,protein_0118,0.18681318681318682
protein_0362,protein_0119,0.14545454545454545
protein_0362,protein_0121,0.20224719101123595
protein_0362,protein_0122,0.19540229885057472
protein_0362,protein_0123,0.16091954022988506
protein_0362,protein_0124,0.19101123595505617
protein_0362,protein_0125,0.12149532710280374
protein_0362,protein_0126,0.1111111111111111
protein_0362,protein_0127,0.25
protein_0362,protein_0128,0.19318181818181818
protein_0362,protein_0130,0.13333333333333333
protein_0362,protein_0131,0.1839080459770115
protein_0362,protein_0132,0.1743119266055046
protein_0362,protein_0133,0.1743119266055046
protein_0362,protein_0134,0.2553191489361702
protein_0362,protein_0135,0.21839080459770116
protein_0362,protein_0137,0.1282051282051282
protein_0362,protein_0138,0.1282051282051282
protein_0362,protein_0139,0.17777777777777778
protein_0362,protein_0140,0.23655913978494625
protein_0362,protein_0141,0.1724137931034483
protein_0362,protein_0142,0.23157894736842105
protein_0362,protein_0143,0.24742268041237114
protein_0362,protein_0144,0.20454545454545456
protein_0362,protein_0145,0.17391304347826086
protein_0362,protein_0146,0.1724137931034483
protein_0362,protein_0147,0.20833333333333334
protein_0362,protein_0148,0.2247191011235955
protein_0362,protein_0149,0.15555555555555556
protein_0362,protein_0150,0.2391304347826087
protein_0362,protein_0151,0.24175824175824176
protein_0362,protein_0152,0.13793103448275862
protein_0362,protein_0153,0.15625
protein_0362,protein_0155,0.16129032258064516
protein_0362,protein_0156,0.17592592592592593
protein_0362,protein_0157,0.14285714285714285
protein_0362,protein_0158,0.16091954022988506
protein_0362,protein_0159,0.25287356321839083
protein_0362,protein_0160,0.1724137931034483
protein_0362,protein_0161,0.11965811965811966
protein_0362,protein_0162,0.22826086956521738
protein_0362,protein_0163,0.13592233009708737
protein_0362,protein_0165,0.1839080459770115
protein_0362,protein_0166,0.25
protein_0362,protein_0167,0.14782608695652175
protein_0362,protein_0168,0.14782608695652175
protein_0362,protein_0169,0.12030075187969924
protein_0362,protein_0170,0.22580645161290322
protein_0362,protein_0171,0.1724137931034483
protein_0362,protein_0172,0.11965811965811966
protein_0362,protein_0173,0.21649484536082475
protein_0362,protein_0174,0.19148936170212766
protein_0362,protein_0175,0.17045454545454544
protein_0362,protein_0176,0.17777777777777778
protein_0362,protein_0177,0.19540229885057472
protein_0362,protein_0178,0.14754098360655737
protein_0362,protein_0180,0.24444444444444444
protein_0362,protein_0181,0.30434782608695654
protein_0362,protein_0182,0.25287356321839083
protein_0362,protein_0184,0.23076923076923078
protein_0362,protein_0186,0.16666666666666666
protein_0362,protein_0187,0.22580645161290322
protein_0362,protein_0188,0.16091954022988506
protein_0362,protein_0189,0.23595505617977527
protein_0362,protein_0190,0.18947368421052632
protein_0362,protein_0191,0.23863636363636365
protein_0362,protein_0192,0.25
protein_0362,protein_0193,0.1724137931034483
protein_0362,protein_0194,0.16091954022988506
protein_0362,protein_0195,0.23958333333333334
protein_0362,protein_0196,0.21052631578947367
protein_0362,protein_0198,0.25287356321839083
protein_0362,protein_0200,0.24719101123595505
protein_0362,protein_0201,0.1553398058252427
protein_0362,protein_0202,0.18181818181818182
protein_0362,protein_0205,0.0995260663507109
protein_0362,protein_0206,0.23232323232323232
protein_0362,protein_0207,0.15625
protein_0362,protein_0208,0.13592233009708737
protein_0362,protein_0209,0.28125
protein_0362,protein_0210,0.20689655172413793
protein_0362,protein_0212,0.1956521739130435
protein_0362,protein_0213,0.20689655172413793
protein_0362,protein_0214,0.15789473684210525
protein_0362,protein_0215,0.17777777777777778
protein_0362,protein_0216,0.10576923076923077
protein_0362,protein_0217,0.16161616161616163
protein_0362,protein_0218,0.16279069767441862
protein_0362,protein_0219,0.17886178861788618
protein_0362,protein_0220,0.2608695652173913
protein_0362,protein_0221,0.17391304347826086
protein_0362,protein_0223,0.19101123595505617
protein_0362,protein_0225,0.18181818181818182
protein_0362,protein_0226,0.14423076923076922
protein_0362,protein_0227,0.16091954022988506
protein_0362,protein_0228,0.21505376344086022
protein_0362,protein_0229,0.20618556701030927
protein_0362,protein_0230,0.28888888888888886
protein_0362,protein_0231,0.25773195876288657
protein_0362,protein_0232,0.16091954022988506
protein_0362,protein_0233,0.145985401459854
protein_0362,protein_0235,0.17
protein_0362,protein_0236,0.17777777777777778
protein_0362,protein_0238,0.1925925925925926
protein_0362,protein_0239,0.2087912087912088
protein_0362,protein_0240,0.19318181818181818
protein_0362,protein_0241,0.21739130434782608
protein_0362,protein_0242,0.14942528735632185
protein_0362,protein_0243,0.1978021978021978
protein_0362,protein_0244,0.1702127659574468
protein_0362,protein_0245,0.15384615384615385
protein_0362,protein_0246,0.14423076923076922
protein_0362,protein_0247,0.18478260869565216
protein_0362,protein_0248,0.16091954022988506
protein_0362,protein_0249,0.21839080459770116
protein_0362,protein_0250,0.15306122448979592
protein_0362,protein_0251,0.15463917525773196
protein_0362,protein_0252,0.1595744680851064
protein_0362,protein_0254,0.16129032258064516
protein_0362,protein_0255,0.08045977011494253
protein_0362,protein_0256,0.14285714285714285
protein_0362,protein_0257,0.12931034482758622
protein_0362,protein_0258,0.21348314606741572
protein_0362,protein_0259,0.20652173913043478
protein_0362,protein_0260,0.20652173913043478
protein_0362,protein_0261,0.14545454545454545
protein_0362,protein_0262,0.20437956204379562
protein_0362,protein_0263,0.18439716312056736
protein_0362,protein_0264,0.21052631578947367
protein_0362,protein_0265,0.21052631578947367
protein_0362,protein_0266,0.15306122448979592
protein_0362,protein_0267,0.1839080459770115
protein_0362,protein_0268,0.1827956989247312
protein_0362,protein_0269,0.16379310344827586
protein_0362,protein_0270,0.16091954022988506
protein_0362,protein_0271,0.18888888888888888
protein_0362,protein_0272,0.29545454545454547
protein_0362,protein_0273,0.29545454545454547
protein_0362,protein_0274,0.24444444444444444
protein_0362,protein_0275,0.19469026548672566
protein_0362,protein_0276,0.26262626262626265
protein_0362,protein_0278,0.26373626373626374
protein_0362,protein_0279,0.21839080459770116
protein_0362,protein_0280,0.23863636363636365
protein_0362,protein_0281,0.16666666666666666
protein_0362,protein_0284,0.1724137931034483
protein_0362,protein_0285,0.21839080459770116
protein_0362,protein_0286,0.16
protein_0362,protein_0288,0.22826086956521738
protein_0362,protein_0289,0.1724137931034483
protein_0362,protein_0290,0.2
protein_0362,protein_0291,0.1935483870967742
protein_0362,protein_0292,0.1956521739130435
protein_0362,protein_0293,0.24175824175824176
protein_0362,protein_0294,0.1935483870967742
protein_0362,protein_0295,0.16091954022988506
protein_0362,protein_0296,0.13157894736842105
protein_0362,protein_0297,0.17391304347826086
protein_0362,protein_0298,0.16091954022988506
protein_0362,protein_0300,0.13
protein_0362,protein_0301,0.13
protein_0362,protein_0302,0.09216589861751152
protein_0362,protein_0303,0.4942528735632184
protein_0362,protein_0304,0.16091954022988506
protein_0362,protein_0305,0.16831683168316833
protein_0362,protein_0306,0.112
protein_0362,protein_0307,0.11904761904761904
protein_0362,protein_0308,0.14285714285714285
protein_0362,protein_0309,0.13636363636363635
protein_0362,protein_0310,0.16216216216216217
protein_0362,protein_0311,0.20833333333333334
protein_0362,protein_0312,0.19318181818181818
protein_0362,protein_0313,0.14285714285714285
protein_0362,protein_0314,0.10091743119266056
protein_0362,protein_0315,0.16
protein_0362,protein_0316,0.17045454545454544
protein_0362,protein_0317,0.06422018348623854
protein_0362,protein_0318,0.16666666666666666
protein_0362,protein_0319,0.2631578947368421
protein_0362,protein_0320,0.23595505617977527
protein_0362,protein_0321,0.30526315789473685
protein_0362,protein_0322,0.26136363636363635
protein_0362,protein_0323,0.22916666666666666
protein_0362,protein_0324,0.13793103448275862
protein_0362,protein_0326,0.16161616161616163
protein_0362,protein_0328,0.10185185185185185
protein_0362,protein_0329,0.10185185185185185
protein_0362,protein_0330,0.1875
protein_0362,protein_0331,0.15730337078651685
protein_0362,protein_0332,0.23157894736842105
protein_0362,protein_0333,0.19318181818181818
protein_0362,protein_0334,0.23333333333333334
protein_0362,protein_0335,0.1588785046728972
protein_0362,protein_0336,0.19540229885057472
protein_0362,protein_0337,0.20689655172413793
protein_0362,protein_0338,0.1724137931034483
protein_0362,protein_0339,0.16842105263157894
protein_0362,protein_0340,0.08490566037735849
protein_0362,protein_0341,0.16666666666666666
protein_0362,protein_0342,0.12222222222222222
protein_0362,protein_0343,0.1724137931034483
protein_0362,protein_0344,0.22580645161290322
protein_0362,protein_0345,0.14772727272727273
protein_0362,protein_0346,0.14772727272727273
protein_0362,protein_0347,0.16091954022988506
protein_0362,protein_0348,0.14285714285714285
protein_0362,protein_0349,0.13725490196078433
protein_0362,protein_0351,0.22105263157894736
protein_0362,protein_0352,0.1839080459770115
protein_0362,protein_0353,0.1889763779527559
protein_0362,protein_0354,0.22988505747126436
protein_0362,protein_0355,0.25
protein_0362,protein_0356,0.14942528735632185
protein_0362,protein_0358,0.19540229885057472
protein_0362,protein_0359,0.15
protein_0362,protein_0361,0.13432835820895522
protein_0362,protein_0363,1.0
protein_0362,protein_0364,0.9195402298850575
protein_0362,protein_0365,0.632183908045977
protein_0362,protein_0366,0.6436781609195402
protein_0362,protein_0367,0.12037037037037036
protein_0362,protein_0369,0.17391304347826086
protein_0362,protein_0370,0.22580645161290322
protein_0362,protein_0371,0.26436781609195403
protein_0362,protein_0372,0.08888888888888889
protein_0362,protein_0373,0.10091743119266056
protein_0362,protein_0374,0.13970588235294118
protein_0362,protein_0375,0.23157894736842105
protein_0362,protein_0376,0.12962962962962962
protein_0362,protein_0377,0.2736842105263158
protein_0362,protein_0379,0.16304347826086957
protein_0362,protein_0380,0.16304347826086957
protein_0362,protein_0381,0.16304347826086957
protein_0362,protein_0382,0.16304347826086957
protein_0362,protein_0383,0.14942528735632185
protein_0362,protein_0385,0.16666666666666666
protein_0362,protein_0386,0.1588785046728972
protein_0362,protein_0387,0.09090909090909091
protein_0362,protein_0388,0.16842105263157894
protein_0362,protein_0389,0.1485148514851485
protein_0362,protein_0390,0.2828282828282828
protein_0362,protein_0391,0.24175824175824176
protein_0362,protein_0393,0.21505376344086022
protein_0362,protein_0394,0.11965811965811966
protein_0362,protein_0395,0.2761904761904762
protein_0362,protein_0396,0.11904761904761904
protein_0362,protein_0397,0.23655913978494625
protein_0362,protein_0398,0.11304347826086956
protein_0362,protein_0399,0.21875
protein_0368,protein_0000,0.0967741935483871
protein_0368,protein_0001,0.14457831325301204
protein_0368,protein_0003,0.17346938775510204
protein_0368,protein_0004,0.20192307692307693
protein_0368,protein_0005,0.25
protein_0368,protein_0006,0.12222222222222222
protein_0368,protein_0007,0.17073170731707318
protein_0368,protein_0008,0.1574074074074074
protein_0368,protein_0009,0.13043478260869565
protein_0368,protein_0010,0.14444444444444443
protein_0368,protein_0012,0.19101123595505617
protein_0368,protein_0013,0.13636363636363635
protein_0368,protein_0014,0.17777777777777778
protein_0368,protein_0015,0.12871287128712872
protein_0368,protein_0016,0.1650485436893204
protein_0368,protein_0017,0.1171875
protein_0368,protein_0018,0.21505376344086022
protein_0368,protein_0019,0.18292682926829268
protein_0368,protein_0020,0.18
protein_0368,protein_0021,0.3258426966292135
protein_0368,protein_0022,0.18947368421052632
protein_0368,protein_0023,0.1590909090909091
protein_0368,protein_0024,0.08547008547008547
protein_0368,protein_0025,0.15555555555555556
protein_0368,protein_0027,0.18
protein_0368,protein_0028,0.1388888888888889
protein_0368,protein_0029,0.1686746987951807
protein_0368,protein_0030,0.16806722689075632
protein_0368,protein_0031,0.15384615384615385
protein_0368,protein_0032,0.20408163265306123
protein_0368,protein_0033,0.17777777777777778
protein_0368,protein_0034,0.13186813186813187
protein_0368,protein_0035,0.18867924528301888
protein_0368,protein_0036,0.16666666666666666
protein_0368,protein_0037,0.21739130434782608
protein_0368,protein_0039,0.11956521739130435
protein_0368,protein_0040,0.15476190476190477
protein_0368,protein_0041,0.1836734693877551
protein_0368,protein_0042,0.13636363636363635
protein_0368,protein_0043,0.1111111111111111
protein_0368,protein_0044,0.13636363636363635
protein_0368,protein_0045,0.14285714285714285
protein_0368,protein_0046,0.16666666666666666
protein_0368,protein_0047,0.14130434782608695
protein_0368,protein_0048,0.15217391304347827
protein_0368,protein_0049,0.16483516483516483
protein_0368,protein_0050,0.14150943396226415
protein_0368,protein_0051,0.1839080459770115
protein_0368,protein_0052,0.14285714285714285
protein_0368,protein_0053,0.18181818181818182
protein_0368,protein_0054,0.1016949152542373
protein_0368,protein_0055,0.125
protein_0368,protein_0056,0.17
protein_0368,protein_0057,0.18292682926829268
protein_0368,protein_0058,0.18181818181818182
protein_0368,protein_0059,0.125
protein_0368,protein_0060,0.16
protein_0368,protein_0061,0.13541666666666666
protein_0368,protein_0062,0.1958762886597938
protein_0368,protein_0063,0.08878504672897196
protein_0368,protein_0064,0.15306122448979592
protein_0368,protein_0065,0.14678899082568808
protein_0368,protein_0066,0.12264150943396226
protein_0368,protein_0067,0.15730337078651685
protein_0368,protein_0068,0.13333333333333333
protein_0368,protein_0069,0.14285714285714285
protein_0368,protein_0070,0.18947368421052632
protein_0368,protein_0071,0.16842105263157894
protein_0368,protein_0072,0.1951219512195122
protein_0368,protein_0073,0.09090909090909091
protein_0368,protein_0074,0.12359550561797752
protein_0368,protein_0075,0.125
protein_0368,protein_0076,0.16666666666666666
protein_0368,protein_0077,0.16666666666666666
protein_0368,protein_0078,0.1485148514851485
protein_0368,protein_0079,0.1485148514851485
protein_0368,protein_0080,0.18681318681318682
protein_0368,protein_0081,0.16483516483516483
protein_0368,protein_0082,0.12
protein_0368,protein_0083,0.1595744680851064
protein_0368,protein_0084,0.1348314606741573
protein_0368,protein_0085,0.13861386138613863
protein_0368,protein_0086,0.12871287128712872
protein_0368,protein_0087,0.15853658536585366
protein_0368,protein_0088,0.14130434782608695
protein_0368,protein_0089,0.14285714285714285
protein_0368,protein_0090,0.14285714285714285
protein_0368,protein_0091,0.13274336283185842
protein_0368,protein_0092,0.13274336283185842
protein_0368,protein_0093,0.16853932584269662
protein_0368,protein_0094,0.17391304347826086
protein_0368,protein_0095,0.16521739130434782
protein_0368,protein_0096,0.15151515151515152
protein_0368,protein_0097,0.15789473684210525
protein_0368,protein_0098,0.13043478260869565
protein_0368,protein_0099,0.1553398058252427
protein_0368,protein_0100,0.2
protein_0368,protein_0101,0.07954545454545454
protein_0368,protein_0102,0.15555555555555556
protein_0368,protein_0103,0.1797752808988764
protein_0368,protein_0104,0.06837606837606838
protein_0368,protein_0105,0.16091954022988506
protein_0368,protein_0106,0.17117117117117117
protein_0368,protein_0107,0.16304347826086957
protein_0368,protein_0108,0.15217391304347827
protein_0368,protein_0109,0.17073170731707318
protein_0368,protein_0110,0.18478260869565216
protein_0368,protein_0111,0.15625
protein_0368,protein_0113,0.2
protein_0368,protein_0114,0.16326530612244897
protein_0368,protein_0116,0.19642857142857142
protein_0368,protein_0118,0.18072289156626506
protein_0368,protein_0119,0.14705882352941177
protein_0368,protein_0121,0.18085106382978725
protein_0368,protein_0122,0.21904761904761905
protein_0368,protein_0123,0.14634146341463414
protein_0368,protein_0124,0.16304347826086957
protein_0368,protein_0125,0.1320754716981132
protein_0368,protein_0126,0.14018691588785046
protein_0368,protein_0127,0.14583333333333334
protein_0368,protein_0128,0.2111111111111111
protein_0368,protein_0130,0.1592920353982301
protein_0368,protein_0131,0.1511627906976744
protein_0368,protein_0132,0.1320754716981132
protein_0368,protein_0133,0.1320754716981132
protein_0368,protein_0134,0.15730337078651685
protein_0368,protein_0135,0.14705882352941177
protein_0368,protein_0137,0.1111111111111111
protein_0368,protein_0138,0.1111111111111111
protein_0368,protein_0139,0.16470588235294117
protein_0368,protein_0140,0.2
protein_0368,protein_0141,0.21505376344086022
protein_0368,protein_0142,0.15306122448979592
protein_0368,protein_0143,0.1958762886597938
protein_0368,protein_0144,0.12121212121212122
protein_0368,protein_0145,0.15476190476190477
protein_0368,protein_0146,0.13414634146341464
protein_0368,protein_0147,0.16483516483516483
protein_0368,protein_0148,0.11827956989247312
protein_0368,protein_0149,0.17777777777777778
protein_0368,protein_0150,0.2222222222222222
protein_0368,protein_0151,0.17894736842105263
protein_0368,protein_0152,0.17073170731707318
protein_0368,protein_0153,0.15730337078651685
protein_0368,protein_0155,0.06818181818181818
protein_0368,protein_0156,0.1559633027522936
protein_0368,protein_0157,0.23809523809523808
protein_0368,protein_0158,0.1927710843373494
protein_0368,protein_0159,0.1875
protein_0368,protein_0160,0.18811881188118812
protein_0368,protein_0161,0.16666666666666666
protein_0368,protein_0162,0.14444444444444443
protein_0368,protein_0163,0.1553398058252427
protein_0368,protein_0165,0.1927710843373494
protein_0368,protein_0166,0.1978021978021978
protein_0368,protein_0167,0.16521739130434782
protein_0368,protein_0168,0.16521739130434782
protein_0368,protein_0169,0.1557377049180328
protein_0368,protein_0170,0.18888888888888888
protein_0368,protein_0171,0.12087912087912088
protein_0368,protein_0172,0.08403361344537816
protein_0368,protein_0173,0.12087912087912088
protein_0368,protein_0174,0.17204301075268819
protein_0368,protein_0175,0.17647058823529413
protein_0368,protein_0176,0.18292682926829268
protein_0368,protein_0177,0.15853658536585366
protein_0368,protein_0178,0.12389380530973451
protein_0368,protein_0180,0.17894736842105263
protein_0368,protein_0181,0.15555555555555556
protein_0368,protein_0182,0.17582417582417584
protein_0368,protein_0184,0.16129032258064516
protein_0368,protein_0186,0.13861386138613863
protein_0368,protein_0187,0.1935483870967742
protein_0368,protein_0188,0.2073170731707317
protein_0368,protein_0189,0.14893617021276595
protein_0368,protein_0190,0.21978021978021978
protein_0368,protein_0191,0.20408163265306123
protein_0368,protein_0192,0.17582417582417584
protein_0368,protein_0193,0.17045454545454544
protein_0368,protein_0194,0.16483516483516483
protein_0368,protein_0195,0.15730337078651685
protein_0368,protein_0196,0.15730337078651685
protein_0368,protein_0198,0.19047619047619047
protein_0368,protein_0200,0.14130434782608695
protein_0368,protein_0201,0.11
protein_0368,protein_0202,0.15053763440860216
protein_0368,protein_0205,0.12796208530805686
protein_0368,protein_0206,0.2
protein_0368,protein_0207,0.07692307692307693
protein_0368,protein_0208,0.1391304347826087
protein_0368,protein_0209,0.10227272727272728
protein_0368,protein_0210,0.12222222222222222
protein_0368,protein_0212,0.0989010989010989
protein_0368,protein_0213,0.14285714285714285
protein_0368,protein_0214,0.13953488372093023
protein_0368,protein_0215,0.1724137931034483
protein_0368,protein_0216,0.12631578947368421
protein_0368,protein_0217,0.24096385542168675
protein_0368,protein_0218,0.112
protein_0368,protein_0219,0.11764705882352941
protein_0368,protein_0220,0.16666666666666666
protein_0368,protein_0221,0.15853658536585366
protein_0368,protein_0223,0.0963855421686747
protein_0368,protein_0225,0.23809523809523808
protein_0368,protein_0226,0.2765957446808511
protein_0368,protein_0227,0.08536585365853659
protein_0368,protein_0228,0.1568627450980392
protein_0368,protein_0229,0.2073170731707317
protein_0368,protein_0230,0.1702127659574468
protein_0368,protein_0231,0.15555555555555556
protein_0368,protein_0232,0.1927710843373494
protein_0368,protein_0233,0.1015625
protein_0368,protein_0235,0.1941747572815534
protein_0368,protein_0236,0.18888888888888888
protein_0368,protein_0238,0.13970588235294118
protein_0368,protein_0239,0.14444444444444443
protein_0368,protein_0240,0.18888888888888888
protein_0368,protein_0241,0.16304347826086957
protein_0368,protein_0242,0.20454545454545456
protein_0368,protein_0243,0.17777777777777778
protein_0368,protein_0244,0.4878048780487805
protein_0368,protein_0245,0.14393939393939395
protein_0368,protein_0246,0.14432989690721648
protein_0368,protein_0247,0.1724137931034483
protein_0368,protein_0248,0.17777777777777778
protein_0368,protein_0249,0.13861386138613863
protein_0368,protein_0250,0.16666666666666666
protein_0368,protein_0251,0.23595505617977527
protein_0368,protein_0252,0.20238095238095238
protein_0368,protein_0254,0.15555555555555556
protein_0368,protein_0255,0.0935672514619883
protein_0368,protein_0256,0.17592592592592593
protein_0368,protein_0257,0.17592592592592593
protein_0368,protein_0258,0.14130434782608695
protein_0368,protein_0259,0.15853658536585366
protein_0368,protein_0260,0.15853658536585366
protein_0368,protein_0261,0.16666666666666666
protein_0368,protein_0262,0.11029411764705882
protein_0368,protein_0263,0.11764705882352941
protein_0368,protein_0264,0.16161616161616163
protein_0368,protein_0265,0.16161616161616163
protein_0368,protein_0266,0.1836734693877551
protein_0368,protein_0267,0.2
protein_0368,protein_0268,0.1951219512195122
protein_0368,protein_0269,0.14285714285714285
protein_0368,protein_0270,0.15294117647058825
protein_0368,protein_0271,0.1724137931034483
protein_0368,protein_0272,0.1875
protein_0368,protein_0273,0.15384615384615385
protein_0368,protein_0274,0.17204301075268819
protein_0368,protein_0275,0.14953271028037382
protein_0368,protein_0276,0.0989010989010989
protein_0368,protein_0278,0.14285714285714285
protein_0368,protein_0279,0.1511627906976744
protein_0368,protein_0280,0.2159090909090909
protein_0368,protein_0281,0.10526315789473684
protein_0368,protein_0284,0.19148936170212766
protein_0368,protein_0285,0.13333333333333333
protein_0368,protein_0286,0.17073170731707318
protein_0368,protein_0288,0.13043478260869565
protein_0368,protein_0289,0.17582417582417584
protein_0368,protein_0290,0.12745098039215685
protein_0368,protein_0291,0.18691588785046728
protein_0368,protein_0292,0.18072289156626506
protein_0368,protein_0293,0.17475728155339806
protein_0368,protein_0294,0.18691588785046728
protein_0368,protein_0295,0.17073170731707318
protein_0368,protein_0296,0.1452991452991453
protein_0368,protein_0297,0.16666666666666666
protein_0368,protein_0298,0.2235294117647059
protein_0368,protein_0300,0.23076923076923078
protein_0368,protein_0301,0.23076923076923078
protein_0368,protein_0302,0.1152073732718894
protein_0368,protein_0303,0.18604651162790697
protein_0368,protein_0304,0.18681318681318682
protein_0368,protein_0305,0.1927710843373494
protein_0368,protein_0306,0.125
protein_0368,protein_0307,0.1016949152542373
protein_0368,protein_0308,0.14782608695652175
protein_0368,protein_0309,0.20618556701030927
protein_0368,protein_0310,0.1553398058252427
protein_0368,protein_0311,0.11764705882352941
protein_0368,protein_0312,0.17708333333333334
protein_0368,protein_0313,0.18269230769230768
protein_0368,protein_0314,0.1553398058252427
protein_0368,protein_0315,0.1452991452991453
protein_0368,protein_0316,0.18292682926829268
protein_0368,protein_0317,0.12871287128712872
protein_0368,protein_0318,0.13157894736842105
protein_0368,protein_0319,0.13186813186813187
protein_0368,protein_0320,0.1485148514851485
protein_0368,protein_0321,0.13592233009708737
protein_0368,protein_0322,0.16853932584269662
protein_0368,protein_0323,0.16666666666666666
protein_0368,protein_0324,0.125
protein_0368,protein_0326,0.15853658536585366
protein_0368,protein_0328,0.15315315315315314
protein_0368,protein_0329,0.15315315315315314
protein_0368,protein_0330,0.18681318681318682
protein_0368,protein_0331,0.1686746987951807
protein_0368,protein_0332,0.1919191919191919
protein_0368,protein_0333,0.18269230769230768
protein_0368,protein_0334,0.1827956989247312
protein_0368,protein_0335,0.1553398058252427
protein_0368,protein_0336,0.2073170731707317
protein_0368,protein_0337,0.16666666666666666
protein_0368,protein_0338,0.17204301075268819
protein_0368,protein_0339,0.18072289156626506
protein_0368,protein_0340,0.14912280701754385
protein_0368,protein_0341,0.16071428571428573
protein_0368,protein_0342,0.15853658536585366
protein_0368,protein_0343,0.1724137931034483
protein_0368,protein_0344,0.15555555555555556
protein_0368,protein_0345,0.19130434782608696
protein_0368,protein_0346,0.19130434782608696
protein_0368,protein_0347,0.1724137931034483
protein_0368,protein_0348,0.13559322033898305
protein_0368,protein_0349,0.13
protein_0368,protein_0351,0.15625
protein_0368,protein_0352,0.17073170731707318
protein_0368,protein_0353,0.16071428571428573
protein_0368,protein_0354,0.07865168539325842
protein_0368,protein_0355,0.17777777777777778
protein_0368,protein_0356,0.18292682926829268
protein_0368,protein_0358,0.17391304347826086
protein_0368,protein_0359,0.10084033613445378
protein_0368,protein_0361,0.11666666666666667
protein_0368,protein_0363,0.17346938775510204
protein_0368,protein_0364,0.14736842105263157
protein_0368,protein_0365,0.125
protein_0368,protein_0366,0.125
protein_0368,protein_0367,0.10576923076923077
protein_0368,protein_0369,0.16483516483516483
protein_0368,protein_0370,0.15555555555555556
protein_0368,protein_0371,0.23
protein_0368,protein_0372,0.08597285067873303
protein_0368,protein_0373,0.16071428571428573
protein_0368,protein_0374,0.15
protein_0368,protein_0375,0.10526315789473684
protein_0368,protein_0376,0.1568627450980392
protein_0368,protein_0377,0.13541666666666666
protein_0368,protein_0379,0.17894736842105263
protein_0368,protein_0380,0.17894736842105263
protein_0368,protein_0381,0.17894736842105263
protein_0368,protein_0382,0.19230769230769232
protein_0368,protein_0383,0.13414634146341464
protein_0368,protein_0385,0.1262135922330097
protein_0368,protein_0386,0.14705882352941177
protein_0368,protein_0387,0.2222222222222222
protein_0368,protein_0388,0.13793103448275862
protein_0368,protein_0389,0.13414634146341464
protein_0368,protein_0390,0.18888888888888888
protein_0368,protein_0391,0.17708333333333334
protein_0368,protein_0393,0.15555555555555556
protein_0368,protein_0394,0.14754098360655737
protein_0368,protein_0395,0.09782608695652174
protein_0368,protein_0396,0.14035087719298245
protein_0368,protein_0397,0.11956521739130435
protein_0368,protein_0398,0.1794871794871795
protein_0368,protein_0399,0.13186813186813187
protein_0378,protein_0000,0.15178571428571427
protein_0378,protein_0001,0.12037037037037036
protein_0378,protein_0003,0.1652892561983471
protein_0378,protein_0004,0.16666666666666666
protein_0378,protein_0005,0.13636363636363635
protein_0378,protein_0006,0.17699115044247787
protein_0378,protein_0007,0.14018691588785046
protein_0378,protein_0008,0.14655172413793102
protein_0378,protein_0009,0.11965811965811966
protein_0378,protein_0010,0.15702479338842976
protein_0378,protein_0012,0.16379310344827586
protein_0378,protein_0013,0.12149532710280374
protein_0378,protein_0014,0.18691588785046728
protein_0378,protein_0015,0.1559633027522936
protein_0378,protein_0016,0.16666666666666666
protein_0378,protein_0017,0.15602836879432624
protein_0378,protein_0018,0.18032786885245902
protein_0378,protein_0019,0.14018691588785046
protein_0378,protein_0020,0.18018018018018017
protein_0378,protein_0021,0.21495327102803738
protein_0378,protein_0022,0.14414414414414414
protein_0378,protein_0023,0.1875
protein_0378,protein_0024,0.13953488372093023
protein_0378,protein_0025,0.15384615384615385
protein_0378,protein_0027,0.15315315315315314
protein_0378,protein_0028,0.1623931623931624
protein_0378,protein_0029,0.16964285714285715
protein_0378,protein_0030,0.20610687022900764
protein_0378,protein_0031,0.11382113821138211
protein_0378,protein_0032,0.16822429906542055
protein_0378,protein_0033,0.19642857142857142
protein_0378,protein_0034,0.16521739130434782
protein_0378,protein_0035,0.12727272727272726
protein_0378,protein_0036,0.17592592592592593
protein_0378,protein_0037,0.1391304347826087
protein_0378,protein_0039,0.12931034482758622
protein_0378,protein_0040,0.12149532710280374
protein_0378,protein_0041,0.1308411214953271
protein_0378,protein_0042,0.14678899082568808
protein_0378,protein_0043,0.1391304347826087
protein_0378,protein_0044,0.18691588785046728
protein_0378,protein_0045,0.13793103448275862
protein_0378,protein_0046,0.17757009345794392
protein_0378,protein_0047,0.11403508771929824
protein_0378,protein_0048,0.13392857142857142
protein_0378,protein_0049,0.16964285714285715
protein_0378,protein_0050,0.19642857142857142
protein_0378,protein_0051,0.1415929203539823
protein_0378,protein_0052,0.1
protein_0378,protein_0053,0.1452991452991453
protein_0378,protein_0054,0.14285714285714285
protein_0378,protein_0055,0.11764705882352941
protein_0378,protein_0056,0.3482142857142857
protein_0378,protein_0057,0.14018691588785046
protein_0378,protein_0058,0.12962962962962962
protein_0378,protein_0059,0.1623931623931624
protein_0378,protein_0060,0.3125
protein_0378,protein_0061,0.17592592592592593
protein_0378,protein_0062,0.1452991452991453
protein_0378,protein_0063,0.10328638497652583
protein_0378,protein_0064,0.16101694915254236
protein_0378,protein_0065,0.144
protein_0378,protein_0066,0.13761467889908258
protein_0378,protein_0067,0.17857142857142858
protein_0378,protein_0068,0.1694915254237288
protein_0378,protein_0069,0.14285714285714285
protein_0378,protein_0070,0.125
protein_0378,protein_0071,0.1322314049586777
protein_0378,protein_0072,0.14953271028037382
protein_0378,protein_0073,0.1440677966101695
protein_0378,protein_0074,0.14678899082568808
protein_0378,protein_0075,0.18584070796460178
protein_0378,protein_0076,0.16822429906542055
protein_0378,protein_0077,0.17796610169491525
protein_0378,protein_0078,0.3669724770642202
protein_0378,protein_0079,0.3669724770642202
protein_0378,protein_0080,0.17094017094017094
protein_0378,protein_0081,0.17094017094017094
protein_0378,protein_0082,0.15254237288135594
protein_0378,protein_0083,0.17796610169491525
protein_0378,protein_0084,0.17117117117117117
protein_0378,protein_0085,0.13008130081300814
protein_0378,protein_0086,0.13821138211382114
protein_0378,protein_0087,0.11926605504587157
protein_0378,protein_0088,0.15384615384615385
protein_0378,protein_0089,0.3333333333333333
protein_0378,protein_0090,0.3333333333333333
protein_0378,protein_0091,0.3565217391304348
protein_0378,protein_0092,0.3565217391304348
protein_0378,protein_0093,0.18018018018018017
protein_0378,protein_0094,0.13333333333333333
protein_0378,protein_0095,0.31896551724137934
protein_0378,protein_0096,0.11009174311926606
protein_0378,protein_0097,0.19008264462809918
protein_0378,protein_0098,0.1623931623931624
protein_0378,protein_0099,0.3130434782608696
protein_0378,protein_0100,0.1834862385321101
protein_0378,protein_0101,0.13559322033898305
protein_0378,protein_0102,0.18548387096774194
protein_0378,protein_0103,0.1926605504587156
protein_0378,protein_0104,0.11627906976744186
protein_0378,protein_0105,0.14953271028037382
protein_0378,protein_0106,0.32142857142857145
protein_0378,protein_0107,0.15517241379310345
protein_0378,protein_0108,0.11607142857142858
protein_0378,protein_0109,0.1834862385321101
protein_0378,protein_0110,0.17073170731707318
protein_0378,protein_0111,0.15384615384615385
protein_0378,protein_0113,0.1794871794871795
protein_0378,protein_0114,0.16964285714285715
protein_0378,protein_0116,0.34513274336283184
protein_0378,protein_0118,0.18518518518518517
protein_0378,protein_0119,0.14285714285714285
protein_0378,protein_0121,0.1774193548387097
protein_0378,protein_0122,0.15833333333333333
protein_0378,protein_0123,0.17592592592592593
protein_0378,protein_0124,0.1693548387096774
protein_0378,protein_0125,0.11403508771929824
protein_0378,protein_0126,0.2018348623853211
protein_0378,protein_0127,0.13675213675213677
protein_0378,protein_0128,0.1532258064516129
protein_0378,protein_0130,0.3333333333333333
protein_0378,protein_0131,0.1308411214953271
protein_0378,protein_0132,0.11607142857142858
protein_0378,protein_0133,0.11607142857142858
protein_0378,protein_0134,0.16216216216216217
protein_0378,protein_0135,0.11965811965811966
protein_0378,protein_0137,0.15126050420168066
protein_0378,protein_0138,0.15126050420168066
protein_0378,protein_0139,0.1559633027522936
protein_0378,protein_0140,0.16071428571428573
protein_0378,protein_0141,0.15
protein_0378,protein_0142,0.12727272727272726
protein_0378,protein_0143,0.17796610169491525
protein_0378,protein_0144,0.17796610169491525
protein_0378,protein_0145,0.17592592592592593
protein_0378,protein_0146,0.11926605504587157
protein_0378,protein_0147,0.15178571428571427
protein_0378,protein_0148,0.15454545454545454
protein_0378,protein_0149,0.1743119266055046
protein_0378,protein_0150,0.16071428571428573
protein_0378,protein_0151,0.17647058823529413
protein_0378,protein_0152,0.168141592920354
protein_0378,protein_0153,0.21100917431192662
protein_0378,protein_0155,0.15079365079365079
protein_0378,protein_0156,0.14166666666666666
protein_0378,protein_0157,0.14953271028037382
protein_0378,protein_0158,0.14953271028037382
protein_0378,protein_0159,0.20535714285714285
protein_0378,protein_0160,0.18487394957983194
protein_0378,protein_0161,0.10743801652892562
protein_0378,protein_0162,0.16964285714285715
protein_0378,protein_0163,0.12037037037037036
protein_0378,protein_0165,0.14018691588785046
protein_0378,protein_0166,0.17699115044247787
protein_0378,protein_0167,0.3157894736842105
protein_0378,protein_0168,0.3220338983050847
protein_0378,protein_0169,0.15602836879432624
protein_0378,protein_0170,0.16964285714285715
protein_0378,protein_0171,0.15254237288135594
protein_0378,protein_0172,0.12213740458015267
protein_0378,protein_0173,0.1452991452991453
protein_0378,protein_0174,0.16964285714285715
protein_0378,protein_0175,0.18333333333333332
protein_0378,protein_0176,0.15178571428571427
protein_0378,protein_0177,0.1308411214953271
protein_0378,protein_0178,0.16058394160583941
protein_0378,protein_0180,0.15447154471544716
protein_0378,protein_0181,0.17699115044247787
protein_0378,protein_0182,0.12962962962962962
protein_0378,protein_0184,0.16964285714285715
protein_0378,protein_0186,0.13513513513513514
protein_0378,protein_0187,0.15384615384615385
protein_0378,protein_0188,0.1651376146788991
protein_0378,protein_0189,0.1282051282051282
protein_0378,protein_0190,0.18803418803418803
protein_0378,protein_0191,0.16822429906542055
protein_0378,protein_0192,0.1875
protein_0378,protein_0193,0.16964285714285715
protein_0378,protein_0194,0.11666666666666667
protein_0378,protein_0195,0.15178571428571427
protein_0378,protein_0196,0.17857142857142858
protein_0378,protein_0198,0.1588785046728972
protein_0378,protein_0200,0.19642857142857142
protein_0378,protein_0201,0.12962962962962962
protein_0378,protein_0202,0.19166666666666668
protein_0378,protein_0205,0.0995260663507109
protein_0378,protein_0206,0.1623931623931624
protein_0378,protein_0207,0.11627906976744186
protein_0378,protein_0208,0.16260162601626016
protein_0378,protein_0209,0.17757009345794392
protein_0378,protein_0210,0.18487394957983194
protein_0378,protein_0212,0.1111111111111111
protein_0378,protein_0213,0.15178571428571427
protein_0378,protein_0214,0.14018691588785046
protein_0378,protein_0215,0.15315315315315314
protein_0378,protein_0216,0.18421052631578946
protein_0378,protein_0217,0.15178571428571427
protein_0378,protein_0218,0.15079365079365079
protein_0378,protein_0219,0.11666666666666667
protein_0378,protein_0220,0.16101694915254236
protein_0378,protein_0221,0.11711711711711711
protein_0378,protein_0223,0.09345794392523364
protein_0378,protein_0225,0.15454545454545454
protein_0378,protein_0226,0.19090909090909092
protein_0378,protein_0227,0.12037037037037036
protein_0378,protein_0228,0.14545454545454545
protein_0378,protein_0229,0.1588785046728972
protein_0378,protein_0230,0.15126050420168066
protein_0378,protein_0231,0.18421052631578946
protein_0378,protein_0232,0.1834862385321101
protein_0378,protein_0233,0.17692307692307693
protein_0378,protein_0235,0.1308411214953271
protein_0378,protein_0236,0.17647058823529413
protein_0378,protein_0238,0.17123287671232876
protein_0378,protein_0239,0.1623931623931624
protein_0378,protein_0240,0.17857142857142858
protein_0378,protein_0241,0.1504424778761062
protein_0378,protein_0242,0.1588785046728972
protein_0378,protein_0243,0.17857142857142858
protein_0378,protein_0244,0.19090909090909092
protein_0378,protein_0245,0.16783216783216784
protein_0378,protein_0246,0.12149532710280374
protein_0378,protein_0247,0.21428571428571427
protein_0378,protein_0248,0.1623931623931624
protein_0378,protein_0249,0.15517241379310345
protein_0378,protein_0250,0.16822429906542055
protein_0378,protein_0251,0.102803738317757
protein_0378,protein_0252,0.15454545454545454
protein_0378,protein_0254,0.12149532710280374
protein_0378,protein_0255,0.10857142857142857
protein_0378,protein_0256,0.15789473684210525
protein_0378,protein_0257,0.1565217391304348
protein_0378,protein_0258,0.1864406779661017
protein_0378,protein_0259,0.1388888888888889
protein_0378,protein_0260,0.1388888888888889
protein_0378,protein_0261,0.12389380530973451
protein_0378,protein_0262,0.14893617021276595
protein_0378,protein_0263,0.18840579710144928
protein_0378,protein_0264,0.1623931623931624
protein_0378,protein_0265,0.1623931623931624
protein_0378,protein_0266,0.14018691588785046
protein_0378,protein_0267,0.18584070796460178
protein_0378,protein_0268,0.1651376146788991
protein_0378,protein_0269,0.11382113821138211
protein_0378,protein_0270,0.11214953271028037
protein_0378,protein_0271,0.14953271028037382
protein_0378,protein_0272,0.15384615384615385
protein_0378,protein_0273,0.15384615384615385
protein_0378,protein_0274,0.12931034482758622
protein_0378,protein_0275,0.12149532710280374
protein_0378,protein_0276,0.13392857142857142
protein_0378,protein_0278,0.14678899082568808
protein_0378,protein_0279,0.16666666666666666
protein_0378,protein_0280,0.1388888888888889
protein_0378,protein_0281,0.375
protein_0378,protein_0284,0.1565217391304348
protein_0378,protein_0285,0.1794871794871795
protein_0378,protein_0286,0.168141592920354
protein_0378,protein_0288,0.1875
protein_0378,protein_0289,0.2222222222222222
protein_0378,protein_0290,0.14728682170542637
protein_0378,protein_0291,0.1623931623931624
protein_0378,protein_0292,0.1588785046728972
protein_0378,protein_0293,0.15126050420168066
protein_0378,protein_0294,0.1623931623931624
protein_0378,protein_0295,0.17857142857142858
protein_0378,protein_0296,0.19166666666666668
protein_0378,protein_0297,0.17757009345794392
protein_0378,protein_0298,0.17592592592592593
protein_0378,protein_0300,0.15315315315315314
protein_0378,protein_0301,0.16666666666666666
protein_0378,protein_0302,0.12903225806451613
protein_0378,protein_0303,0.09090909090909091
protein_0378,protein_0304,0.17592592592592593
protein_0378,protein_0305,0.21428571428571427
protein_0378,protein_0306,0.11764705882352941
protein_0378,protein_0307,0.12195121951219512
protein_0378,protein_0308,0.15172413793103448
protein_0378,protein_0309,0.1559633027522936
protein_0378,protein_0310,0.15833333333333333
protein_0378,protein_0311,0.1623931623931624
protein_0378,protein_0312,0.20535714285714285
protein_0378,protein_0313,0.125
protein_0378,protein_0314,0.13793103448275862
protein_0378,protein_0315,0.1328125
protein_0378,protein_0316,0.1388888888888889
protein_0378,protein_0317,0.15789473684210525
protein_0378,protein_0318,0.3793103448275862
protein_0378,protein_0319,0.17857142857142858
protein_0378,protein_0320,0.13675213675213677
protein_0378,protein_0321,0.13043478260869565
protein_0378,protein_0322,0.1415929203539823
protein_0378,protein_0323,0.19469026548672566
protein_0378,protein_0324,0.1308411214953271
protein_0378,protein_0326,0.1308411214953271
protein_0378,protein_0328,0.5925925925925926
protein_0378,protein_0329,0.5925925925925926
protein_0378,protein_0330,0.17094017094017094
protein_0378,protein_0331,0.17857142857142858
protein_0378,protein_0332,0.17647058823529413
protein_0378,protein_0333,0.13821138211382114
protein_0378,protein_0334,0.1388888888888889
protein_0378,protein_0335,0.1565217391304348
protein_0378,protein_0336,0.205607476635514
protein_0378,protein_0337,0.1951219512195122
protein_0378,protein_0338,0.1308411214953271
protein_0378,protein_0339,0.14953271028037382
protein_0378,protein_0340,0.12037037037037036
protein_0378,protein_0341,0.14035087719298245
protein_0378,protein_0342,0.13392857142857142
protein_0378,protein_0343,0.14018691588785046
protein_0378,protein_0344,0.17857142857142858
protein_0378,protein_0345,0.5535714285714286
protein_0378,protein_0346,0.5535714285714286
protein_0378,protein_0347,0.14953271028037382
protein_0378,protein_0348,0.14754098360655737
protein_0378,protein_0349,0.15178571428571427
protein_0378,protein_0351,0.1694915254237288
protein_0378,protein_0352,0.1308411214953271
protein_0378,protein_0353,0.32142857142857145
protein_0378,protein_0354,0.1111111111111111
protein_0378,protein_0355,0.17796610169491525
protein_0378,protein_0356,0.16666666666666666
protein_0378,protein_0358,0.16964285714285715
protein_0378,protein_0359,0.0967741935483871
protein_0378,protein_0361,0.14728682170542637
protein_0378,protein_0363,0.1452991452991453
protein_0378,protein_0364,0.12605042016806722
protein_0378,protein_0365,0.11864406779661017
protein_0378,protein_0366,0.1440677966101695
protein_0378,protein_0367,0.11304347826086956
protein_0378,protein_0369,0.08256880733944955
protein_0378,protein_0370,0.17857142857142858
protein_0378,protein_0371,0.1308411214953271
protein_0378,protein_0372,0.12727272727272726
protein_0378,protein_0373,0.17886178861788618
protein_0378,protein_0374,0.15079365079365079
protein_0378,protein_0375,0.14782608695652175
protein_0378,protein_0376,0.10091743119266056
protein_0378,protein_0377,0.16101694915254236
protein_0378,protein_0379,0.1794871794871795
protein_0378,protein_0380,0.1794871794871795
protein_0378,protein_0381,0.1794871794871795
protein_0378,protein_0382,0.14049586776859505
protein_0378,protein_0383,0.14814814814814814
protein_0378,protein_0385,0.16071428571428573
protein_0378,protein_0386,0.1532258064516129
protein_0378,protein_0387,0.15454545454545454
protein_0378,protein_0388,0.14953271028037382
protein_0378,protein_0389,0.14285714285714285
protein_0378,protein_0390,0.15384615384615385
protein_0378,protein_0391,0.18181818181818182
protein_0378,protein_0393,0.1452991452991453
protein_0378,protein_0394,0.15671641791044777
protein_0378,protein_0395,0.1391304347826087
protein_0378,protein_0396,0.15384615384615385
protein_0378,protein_0397,0.1111111111111111
protein_0378,protein_0398,0.3392857142857143
protein_0378,protein_0399,0.125
protein_0384,protein_0000,0.42528735632183906
protein_0384,protein_0001,0.1590909090909091
protein_0384,protein_0003,0.36666666666666664
protein_0384,protein_0004,0.3595505617977528
protein_0384,protein_0005,0.14444444444444443
protein_0384,protein_0006,0.42391304347826086
protein_0384,protein_0007,0.1724137931034483
protein_0384,protein_0008,0.1320754716981132
protein_0384,protein_0009,0.24468085106382978
protein_0384,protein_0010,0.3218390804597701
protein_0384,protein_0012,0.3563218390804598
protein_0384,protein_0013,0.16853932584269662
protein_0384,protein_0014,0.18627450980392157
protein_0384,protein_0015,0.18269230769230768
protein_0384,protein_0016,0.10576923076923077
protein_0384,protein_0017,0.14285714285714285
protein_0384,protein_0018,0.3522727272727273
protein_0384,protein_0019,0.18947368421052632
protein_0384,protein_0020,0.3563218390804598
protein_0384,protein_0021,0.17582417582417584
protein_0384,protein_0022,0.1717171717171717
protein_0384,protein_0023,0.15625
protein_0384,protein_0024,0.14173228346456693
protein_0384,protein_0025,0.375
protein_0384,protein_0027,0.19444444444444445
protein_0384,protein_0028,0.13725490196078433
protein_0384,protein_0029,0.14942528735632185
protein_0384,protein_0030,0.1487603305785124
protein_0384,protein_0031,0.16161616161616163
protein_0384,protein_0032,0.3548387096774194
protein_0384,protein_0033,0.3448275862068966
protein_0384,protein_0034,0.3181818181818182
protein_0384,protein_0035,0.1388888888888889
protein_0384,protein_0036,0.1956521739130435
protein_0384,protein_0037,0.27586206896551724
protein_0384,protein_0039,0.21839080459770116
protein_0384,protein_0040,0.09195402298850575
protein_0384,protein_0041,0.3522727272727273
protein_0384,protein_0042,0.21839080459770116
protein_0384,protein_0043,0.25
protein_0384,protein_0044,0.22988505747126436
protein_0384,protein_0045,0.391304347826087
protein_0384,protein_0046,0.18681318681318682
protein_0384,protein_0047,0.2988505747126437
protein_0384,protein_0048,0.3258426966292135
protein_0384,protein_0049,0.3103448275862069
protein_0384,protein_0050,0.1262135922330097
protein_0384,protein_0051,0.15789473684210525
protein_0384,protein_0052,0.2988505747126437
protein_0384,protein_0053,0.3793103448275862
protein_0384,protein_0054,0.13559322033898305
protein_0384,protein_0055,0.13008130081300814
protein_0384,protein_0056,0.15384615384615385
protein_0384,protein_0057,0.1590909090909091
protein_0384,protein_0058,0.13793103448275862
protein_0384,protein_0059,0.25555555555555554
protein_0384,protein_0060,0.12264150943396226
protein_0384,protein_0061,0.24210526315789474
protein_0384,protein_0062,0.3103448275862069
protein_0384,protein_0063,0.107981220657277
protein_0384,protein_0064,0.3103448275862069
protein_0384,protein_0065,0.1717171717171717
protein_0384,protein_0066,0.13333333333333333
protein_0384,protein_0067,0.3522727272727273
protein_0384,protein_0068,0.27586206896551724
protein_0384,protein_0069,0.367816091954023
protein_0384,protein_0070,0.2840909090909091
protein_0384,protein_0071,0.25842696629213485
protein_0384,protein_0072,0.16091954022988506
protein_0384,protein_0073,0.24444444444444444
protein_0384,protein_0074,0.16831683168316833
protein_0384,protein_0075,0.16326530612244897
protein_0384,protein_0076,0.12359550561797752
protein_0384,protein_0077,0.3793103448275862
protein_0384,protein_0078,0.08411214953271028
protein_0384,protein_0079,0.08411214953271028
protein_0384,protein_0080,0.40229885057471265
protein_0384,protein_0081,0.367816091954023
protein_0384,protein_0082,0.15833333333333333
protein_0384,protein_0083,0.3103448275862069
protein_0384,protein_0084,0.26436781609195403
protein_0384,protein_0085,0.14166666666666666
protein_0384,protein_0086,0.14516129032258066
protein_0384,protein_0087,0.16091954022988506
protein_0384,protein_0088,0.40217391304347827
protein_0384,protein_0089,0.14285714285714285
protein_0384,protein_0090,0.12605042016806722
protein_0384,protein_0091,0.11864406779661017
protein_0384,protein_0092,0.11864406779661017
protein_0384,protein_0093,0.3409090909090909
protein_0384,protein_0094,0.13157894736842105
protein_0384,protein_0095,0.1452991452991453
protein_0384,protein_0096,0.1559633027522936
protein_0384,protein_0097,0.3448275862068966
protein_0384,protein_0098,0.358695652173913
protein_0384,protein_0099,0.1553398058252427
protein_0384,protein_0100,0.14942528735632185
protein_0384,protein_0101,0.21839080459770116
protein_0384,protein_0102,0.2988505747126437
protein_0384,protein_0103,0.1839080459770115
protein_0384,protein_0104,0.168
protein_0384,protein_0105,0.10204081632653061
protein_0384,protein_0106,0.1794871794871795
protein_0384,protein_0107,0.38461538461538464
protein_0384,protein_0108,0.25287356321839083
protein_0384,protein_0109,0.16666666666666666
protein_0384,protein_0110,0.37777777777777777
protein_0384,protein_0111,0.3103448275862069
protein_0384,protein_0113,0.3888888888888889
protein_0384,protein_0114,0.32954545454545453
protein_0384,protein_0116,0.17796610169491525
protein_0384,protein_0118,0.17391304347826086
protein_0384,protein_0119,0.13
protein_0384,protein_0121,0.39080459770114945
protein_0384,protein_0122,0.27586206896551724
protein_0384,protein_0123,0.15217391304347827
protein_0384,protein_0124,0.40217391304347827
protein_0384,protein_0125,0.17117117117117117
protein_0384,protein_0126,0.17475728155339806
protein_0384,protein_0127,0.39080459770114945
protein_0384,protein_0128,0.3563218390804598
protein_0384,protein_0130,0.13709677419354838
protein_0384,protein_0131,0.125
protein_0384,protein_0132,0.22321428571428573
protein_0384,protein_0133,0.22321428571428573
protein_0384,protein_0134,0.3218390804597701
protein_0384,protein_0135,0.3333333333333333
protein_0384,protein_0137,0.13008130081300814
protein_0384,protein_0138,0.13008130081300814
protein_0384,protein_0139,0.1724137931034483
protein_0384,protein_0140,0.3448275862068966
protein_0384,protein_0141,0.28735632183908044
protein_0384,protein_0142,0.40217391304347827
protein_0384,protein_0143,0.41379310344827586
protein_0384,protein_0144,0.42528735632183906
protein_0384,protein_0145,0.16853932584269662
protein_0384,protein_0146,0.16853932584269662
protein_0384,protein_0147,0.42045454545454547
protein_0384,protein_0148,0.40229885057471265
protein_0384,protein_0149,0.1724137931034483
protein_0384,protein_0150,0.3
protein_0384,protein_0151,0.2222222222222222
protein_0384,protein_0152,0.1724137931034483
protein_0384,protein_0153,0.16853932584269662
protein_0384,protein_0155,0.211864406779661
protein_0384,protein_0156,0.14912280701754385
protein_0384,protein_0157,0.1590909090909091
protein_0384,protein_0158,0.14942528735632185
protein_0384,protein_0159,0.3563218390804598
protein_0384,protein_0160,0.3977272727272727
protein_0384,protein_0161,0.13675213675213677
protein_0384,protein_0162,0.35555555555555557
protein_0384,protein_0163,0.09803921568627451
protein_0384,protein_0165,0.18181818181818182
protein_0384,protein_0166,0.3068181818181818
protein_0384,protein_0167,0.12727272727272726
protein_0384,protein_0168,0.11818181818181818
protein_0384,protein_0169,0.11764705882352941
protein_0384,protein_0170,0.3977272727272727
protein_0384,protein_0171,0.26436781609195403
protein_0384,protein_0172,0.15966386554621848
protein_0384,protein_0173,0.367816091954023
protein_0384,protein_0174,0.39080459770114945
protein_0384,protein_0175,0.3977272727272727
protein_0384,protein_0176,0.17045454545454544
protein_0384,protein_0177,0.1724137931034483
protein_0384,protein_0178,0.1452991452991453
protein_0384,protein_0180,0.30337078651685395
protein_0384,protein_0181,0.3522727272727273
protein_0384,protein_0182,0.3333333333333333
protein_0384,protein_0184,0.36363636363636365
protein_0384,protein_0186,0.18446601941747573
protein_0384,protein_0187,0.38636363636363635
protein_0384,protein_0188,0.2222222222222222
protein_0384,protein_0189,0.35555555555555557
protein_0384,protein_0190,0.3333333333333333
protein_0384,protein_0191,0.3218390804597701
protein_0384,protein_0192,0.3218390804597701
protein_0384,protein_0193,0.3563218390804598
protein_0384,protein_0194,0.33707865168539325
protein_0384,protein_0195,0.3645833333333333
protein_0384,protein_0196,0.3103448275862069
protein_0384,protein_0198,0.29213483146067415
protein_0384,protein_0200,0.3563218390804598
protein_0384,protein_0201,0.11009174311926606
protein_0384,protein_0202,0.3888888888888889
protein_0384,protein_0205,0.1179245283018868
protein_0384,protein_0206,0.3563218390804598
protein_0384,protein_0207,0.16153846153846155
protein_0384,protein_0208,0.16666666666666666
protein_0384,protein_0209,0.26136363636363635
protein_0384,protein_0210,0.4431818181818182
protein_0384,protein_0212,0.1839080459770115
protein_0384,protein_0213,0.39080459770114945
protein_0384,protein_0214,0.0989010989010989
protein_0384,protein_0215,0.13978494623655913
protein_0384,protein_0216,0.13541666666666666
protein_0384,protein_0217,0.16129032258064516
protein_0384,protein_0218,0.184
protein_0384,protein_0219,0.15126050420168066
protein_0384,protein_0220,0.3218390804597701
protein_0384,protein_0221,0.1414141414141414
protein_0384,protein_0223,0.14942528735632185
protein_0384,protein_0225,0.11235955056179775
protein_0384,protein_0226,0.17592592592592593
protein_0384,protein_0227,0.13793103448275862
protein_0384,protein_0228,0.23076923076923078
protein_0384,protein_0229,0.13541666666666666
protein_0384,protein_0230,0.18888888888888888
protein_0384,protein_0231,0.3448275862068966
protein_0384,protein_0232,0.18478260869565216
protein_0384,protein_0233,0.12598425196850394
protein_0384,protein_0235,0.16161616161616163
protein_0384,protein_0236,0.36666666666666664
protein_0384,protein_0238,0.13533834586466165
protein_0384,protein_0239,0.3218390804597701
protein_0384,protein_0240,0.3448275862068966
protein_0384,protein_0241,0.36363636363636365
protein_0384,protein_0242,0.13793103448275862
protein_0384,protein_0243,0.3793103448275862
protein_0384,protein_0244,0.20224719101123595
protein_0384,protein_0245,0.13157894736842105
protein_0384,protein_0246,0.1188118811881188
protein_0384,protein_0247,0.22330097087378642
protein_0384,protein_0248,0.4090909090909091
protein_0384,protein_0249,0.3218390804597701
protein_0384,protein_0250,0.1875
protein_0384,protein_0251,0.1919191919191919
protein_0384,protein_0252,0.15789473684210525
protein_0384,protein_0254,0.13793103448275862
protein_0384,protein_0255,0.10614525139664804
protein_0384,protein_0256,0.14150943396226415
protein_0384,protein_0257,0.10909090909090909
protein_0384,protein_0258,0.3103448275862069
protein_0384,protein_0259,0.17582417582417584
protein_0384,protein_0260,0.17582417582417584
protein_0384,protein_0261,0.12380952380952381
protein_0384,protein_0262,0.11267605633802817
protein_0384,protein_0263,0.11764705882352941
protein_0384,protein_0264,0.3333333333333333
protein_0384,protein_0265,0.3333333333333333
protein_0384,protein_0266,0.16842105263157894
protein_0384,protein_0267,0.23076923076923078
protein_0384,protein_0268,0.1702127659574468
protein_0384,protein_0269,0.1206896551724138
protein_0384,protein_0270,0.14942528735632185
protein_0384,protein_0271,0.19540229885057472
protein_0384,protein_0272,0.375
protein_0384,protein_0273,0.36363636363636365
protein_0384,protein_0274,0.21348314606741572
protein_0384,protein_0275,0.14285714285714285
protein_0384,protein_0276,0.367816091954023
protein_0384,protein_0278,0.31868131868131866
protein_0384,protein_0279,0.3258426966292135
protein_0384,protein_0280,0.27586206896551724
protein_0384,protein_0281,0.16101694915254236
protein_0384,protein_0284,0.28735632183908044
protein_0384,protein_0285,0.3763440860215054
protein_0384,protein_0286,0.21505376344086022
protein_0384,protein_0288,0.3448275862068966
protein_0384,protein_0289,0.15217391304347827
protein_0384,protein_0290,0.14018691588785046
protein_0384,protein_0291,0.25287356321839083
protein_0384,protein_0292,0.1590909090909091
protein_0384,protein_0293,0.27472527472527475
protein_0384,protein_0294,0.25287356321839083
protein_0384,protein_0295,0.19101123595505617
protein_0384,protein_0296,0.1565217391304348
protein_0384,protein_0297,0.15730337078651685
protein_0384,protein_0298,0.16091954022988506
protein_0384,protein_0300,0.1919191919191919
protein_0384,protein_0301,0.17582417582417584
protein_0384,protein_0302,0.12442396313364056
protein_0384,protein_0303,0.22988505747126436
protein_0384,protein_0304,0.17582417582417584
protein_0384,protein_0305,0.18518518518518517
protein_0384,protein_0306,0.13008130081300814
protein_0384,protein_0307,0.11864406779661017
protein_0384,protein_0308,0.16379310344827586
protein_0384,protein_0309,0.22916666666666666
protein_0384,protein_0310,0.16666666666666666
protein_0384,protein_0311,0.3793103448275862
protein_0384,protein_0312,0.3563218390804598
protein_0384,protein_0313,0.27586206896551724
protein_0384,protein_0314,0.14563106796116504
protein_0384,protein_0315,0.1391304347826087
protein_0384,protein_0316,0.125
protein_0384,protein_0317,0.16216216216216217
protein_0384,protein_0318,0.1694915254237288
protein_0384,protein_0319,0.33707865168539325
protein_0384,protein_0320,0.3218390804597701
protein_0384,protein_0321,0.20652173913043478
protein_0384,protein_0322,0.29213483146067415
protein_0384,protein_0323,0.20652173913043478
protein_0384,protein_0324,0.14606741573033707
protein_0384,protein_0326,0.1702127659574468
protein_0384,protein_0328,0.15
protein_0384,protein_0329,0.15
protein_0384,protein_0330,0.3103448275862069
protein_0384,protein_0331,0.16091954022988506
protein_0384,protein_0332,0.2413793103448276
protein_0384,protein_0333,0.2413793103448276
protein_0384,protein_0334,0.26373626373626374
protein_0384,protein_0335,0.07920792079207921
protein_0384,protein_0336,0.19318181818181818
protein_0384,protein_0337,0.3333333333333333
protein_0384,protein_0338,0.2696629213483146
protein_0384,protein_0339,0.16666666666666666
protein_0384,protein_0340,0.09433962264150944
protein_0384,protein_0341,0.23529411764705882
protein_0384,protein_0342,0.1797752808988764
protein_0384,protein_0343,0.14444444444444443
protein_0384,protein_0344,0.37777777777777777
protein_0384,protein_0345,0.18421052631578946
protein_0384,protein_0346,0.18421052631578946
protein_0384,protein_0347,0.17582417582417584
protein_0384,protein_0348,0.168
protein_0384,protein_0349,0.13725490196078433
protein_0384,protein_0351,0.32954545454545453
protein_0384,protein_0352,0.14942528735632185
protein_0384,protein_0353,0.15384615384615385
protein_0384,protein_0354,0.21839080459770116
protein_0384,protein_0355,0.3333333333333333
protein_0384,protein_0356,0.1839080459770115
protein_0384,protein_0358,0.37777777777777777
protein_0384,protein_0359,0.14166666666666666
protein_0384,protein_0361,0.16279069767441862
protein_0384,protein_0363,0.24719101123595505
protein_0384,protein_0364,0.2247191011235955
protein_0384,protein_0365,0.26436781609195403
protein_0384,protein_0366,0.26436781609195403
protein_0384,protein_0367,0.16981132075471697
protein_0384,protein_0369,0.13402061855670103
protein_0384,protein_0370,0.37777777777777777
protein_0384,protein_0371,0.3218390804597701
protein_0384,protein_0372,0.12385321100917432
protein_0384,protein_0373,0.1346153846153846
protein_0384,protein_0374,0.15833333333333333
protein_0384,protein_0375,0.39080459770114945
protein_0384,protein_0376,0.14563106796116504
protein_0384,protein_0377,0.3333333333333333
protein_0384,protein_0379,0.18947368421052632
protein_0384,protein_0380,0.18947368421052632
protein_0384,protein_0381,0.18947368421052632
protein_0384,protein_0382,0.25842696629213485
protein_0384,protein_0383,0.14942528735632185
protein_0384,protein_0385,0.1651376146788991
protein_0384,protein_0386,0.1941747572815534
protein_0384,protein_0387,0.11764705882352941
protein_0384,protein_0388,0.15217391304347827
protein_0384,protein_0389,0.16091954022988506
protein_0384,protein_0390,0.3655913978494624
protein_0384,protein_0391,0.22340425531914893
protein_0384,protein_0393,0.3522727272727273
protein_0384,protein_0394,0.1724137931034483
protein_0384,protein_0395,0.18478260869565216
protein_0384,protein_0396,0.16379310344827586
protein_0384,protein_0397,0.3218390804597701
protein_0384,protein_0398,0.1623931623931624
protein_0384,protein_0399,0.42045454545454547
protein_0392,protein_0000,0.375
protein_0392,protein_0001,0.1724137931034483
protein_0392,protein_0003,0.28735632183908044
protein_0392,protein_0004,0.3181818181818182
protein_0392,protein_0005,0.12222222222222222
protein_0392,protein_0006,0.26136363636363635
protein_0392,protein_0007,0.16091954022988506
protein_0392,protein_0008,0.1568627450980392
protein_0392,protein_0009,0.23595505617977527
protein_0392,protein_0010,0.2988505747126437
protein_0392,protein_0012,0.3125
protein_0392,protein_0013,0.13043478260869565
protein_0392,protein_0014,0.16161616161616163
protein_0392,protein_0015,0.16666666666666666
protein_0392,protein_0016,0.13131313131313133
protein_0392,protein_0017,0.14285714285714285
protein_0392,protein_0018,0.2988505747126437
protein_0392,protein_0019,0.1839080459770115
protein_0392,protein_0020,0.4318181818181818
protein_0392,protein_0021,0.2111111111111111
protein_0392,protein_0022,0.14130434782608695
protein_0392,protein_0023,0.14772727272727273
protein_0392,protein_0024,0.15966386554621848
protein_0392,protein_0025,0.8275862068965517
protein_0392,protein_0027,0.15384615384615385
protein_0392,protein_0028,0.11965811965811966
protein_0392,protein_0029,0.16091954022988506
protein_0392,protein_0030,0.16129032258064516
protein_0392,protein_0031,0.1553398058252427
protein_0392,protein_0032,0.3103448275862069
protein_0392,protein_0033,0.2777777777777778
protein_0392,protein_0034,0.3103448275862069
protein_0392,protein_0035,0.12745098039215685
protein_0392,protein_0036,0.14942528735632185
protein_0392,protein_0037,0.2087912087912088
protein_0392,protein_0039,0.2087912087912088
protein_0392,protein_0040,0.12643678160919541
protein_0392,protein_0041,0.3218390804597701
protein_0392,protein_0042,0.24210526315789474
protein_0392,protein_0043,0.26373626373626374
protein_0392,protein_0044,0.22988505747126436
protein_0392,protein_0045,0.35555555555555557
protein_0392,protein_0046,0.20224719101123595
protein_0392,protein_0047,0.29213483146067415
protein_0392,protein_0048,0.34444444444444444
protein_0392,protein_0049,0.29213483146067415
protein_0392,protein_0050,0.1553398058252427
protein_0392,protein_0051,0.15384615384615385
protein_0392,protein_0052,0.3103448275862069
protein_0392,protein_0053,0.41379310344827586
protein_0392,protein_0054,0.1111111111111111
protein_0392,protein_0055,0.13445378151260504
protein_0392,protein_0056,0.14049586776859505
protein_0392,protein_0057,0.2247191011235955
protein_0392,protein_0058,0.17777777777777778
protein_0392,protein_0059,0.23076923076923078
protein_0392,protein_0060,0.11320754716981132
protein_0392,protein_0061,0.17894736842105263
protein_0392,protein_0062,0.32954545454545453
protein_0392,protein_0063,0.09859154929577464
protein_0392,protein_0064,0.40217391304347827
protein_0392,protein_0065,0.11428571428571428
protein_0392,protein_0066,0.22330097087378642
protein_0392,protein_0067,0.3076923076923077
protein_0392,protein_0068,0.27586206896551724
protein_0392,protein_0069,0.27586206896551724
protein_0392,protein_0070,0.19540229885057472
protein_0392,protein_0071,0.3103448275862069
protein_0392,protein_0072,0.16091954022988506
protein_0392,protein_0073,0.26436781609195403
protein_0392,protein_0074,0.16842105263157894
protein_0392,protein_0075,0.13
protein_0392,protein_0076,0.09090909090909091
protein_0392,protein_0077,0.40229885057471265
protein_0392,protein_0078,0.1388888888888889
protein_0392,protein_0079,0.1388888888888889
protein_0392,protein_0080,0.3146067415730337
protein_0392,protein_0081,0.29213483146067415
protein_0392,protein_0082,0.12264150943396226
protein_0392,protein_0083,0.2988505747126437
protein_0392,protein_0084,0.2413793103448276
protein_0392,protein_0085,0.12264150943396226
protein_0392,protein_0086,0.21052631578947367
protein_0392,protein_0087,0.15053763440860216
protein_0392,protein_0088,0.3103448275862069
protein_0392,protein_0089,0.1282051282051282
protein_0392,protein_0090,0.12931034482758622
protein_0392,protein_0091,0.09734513274336283
protein_0392,protein_0092,0.09734513274336283
protein_0392,protein_0093,0.3103448275862069
protein_0392,protein_0094,0.12173913043478261
protein_0392,protein_0095,0.12173913043478261
protein_0392,protein_0096,0.1262135922330097
protein_0392,protein_0097,0.3076923076923077
protein_0392,protein_0098,0.3448275862068966
protein_0392,protein_0099,0.13861386138613863
protein_0392,protein_0100,0.21875
protein_0392,protein_0101,0.27586206896551724
protein_0392,protein_0102,0.26436781609195403
protein_0392,protein_0103,0.23076923076923078
protein_0392,protein_0104,0.16279069767441862
protein_0392,protein_0105,0.11363636363636363
protein_0392,protein_0106,0.1652892561983471
protein_0392,protein_0107,0.3448275862068966
protein_0392,protein_0108,0.1978021978021978
protein_0392,protein_0109,0.16666666666666666
protein_0392,protein_0110,0.2988505747126437
protein_0392,protein_0111,0.24444444444444444
protein_0392,protein_0113,0.22988505747126436
protein_0392,protein_0114,0.34408602150537637
protein_0392,protein_0116,0.1694915254237288
protein_0392,protein_0118,0.20454545454545456
protein_0392,protein_0119,0.14545454545454545
protein_0392,protein_0121,0.5057471264367817
protein_0392,protein_0122,0.2159090909090909
protein_0392,protein_0123,0.14772727272727273
protein_0392,protein_0124,0.4827586206896552
protein_0392,protein_0125,0.14150943396226415
protein_0392,protein_0126,0.1619047619047619
protein_0392,protein_0127,0.3333333333333333
protein_0392,protein_0128,0.45977011494252873
protein_0392,protein_0130,0.1452991452991453
protein_0392,protein_0131,0.13333333333333333
protein_0392,protein_0132,0.18584070796460178
protein_0392,protein_0133,0.18584070796460178
protein_0392,protein_0134,0.3076923076923077
protein_0392,protein_0135,0.3695652173913043
protein_0392,protein_0137,0.12295081967213115
protein_0392,protein_0138,0.12295081967213115
protein_0392,protein_0139,0.16091954022988506
protein_0392,protein_0140,0.34065934065934067
protein_0392,protein_0141,0.2159090909090909
protein_0392,protein_0142,0.32954545454545453
protein_0392,protein_0143,0.367816091954023
protein_0392,protein_0144,0.3448275862068966
protein_0392,protein_0145,0.1724137931034483
protein_0392,protein_0146,0.1724137931034483
protein_0392,protein_0147,0.3563218390804598
protein_0392,protein_0148,0.3563218390804598
protein_0392,protein_0149,0.18947368421052632
protein_0392,protein_0150,0.3
protein_0392,protein_0151,0.26666666666666666
protein_0392,protein_0152,0.17045454545454544
protein_0392,protein_0153,0.23333333333333334
protein_0392,protein_0155,0.1282051282051282
protein_0392,protein_0156,0.18018018018018017
protein_0392,protein_0157,0.12222222222222222
protein_0392,protein_0158,0.15789473684210525
protein_0392,protein_0159,0.3218390804597701
protein_0392,protein_0160,0.6022727272727273
protein_0392,protein_0161,0.125
protein_0392,protein_0162,0.5056179775280899
protein_0392,protein_0163,0.17272727272727273
protein_0392,protein_0165,0.16091954022988506
protein_0392,protein_0166,0.43820224719101125
protein_0392,protein_0167,0.11382113821138211
protein_0392,protein_0168,0.10569105691056911
protein_0392,protein_0169,0.15966386554621848
protein_0392,protein_0170,0.6263736263736264
protein_0392,protein_0171,0.27586206896551724
protein_0392,protein_0172,0.1721311475409836
protein_0392,protein_0173,0.4827586206896552
protein_0392,protein_0174,0.5977011494252874
protein_0392,protein_0175,0.5977011494252874
protein_0392,protein_0176,0.1724137931034483
protein_0392,protein_0177,0.17582417582417584
protein_0392,protein_0178,0.1391304347826087
protein_0392,protein_0180,0.25287356321839083
protein_0392,protein_0181,0.3218390804597701
protein_0392,protein_0182,0.44565217391304346
protein_0392,protein_0184,0.6477272727272727
protein_0392,protein_0186,0.17307692307692307
protein_0392,protein_0187,0.5977011494252874
protein_0392,protein_0188,0.18085106382978725
protein_0392,protein_0189,0.3103448275862069
protein_0392,protein_0190,0.38636363636363635
protein_0392,protein_0191,0.34444444444444444
protein_0392,protein_0192,0.5280898876404494
protein_0392,protein_0193,0.3218390804597701
protein_0392,protein_0194,0.21839080459770116
protein_0392,protein_0195,0.3218390804597701
protein_0392,protein_0196,0.3103448275862069
protein_0392,protein_0198,0.33695652173913043
protein_0392,protein_0200,0.28735632183908044
protein_0392,protein_0201,0.15789473684210525
protein_0392,protein_0202,0.3563218390804598
protein_0392,protein_0205,0.0995260663507109
protein_0392,protein_0206,0.3229166666666667
protein_0392,protein_0207,0.15942028985507245
protein_0392,protein_0208,0.14678899082568808
protein_0392,protein_0209,0.27472527472527475
protein_0392,protein_0210,0.3
protein_0392,protein_0212,0.10344827586206896
protein_0392,protein_0213,0.4
protein_0392,protein_0214,0.1111111111111111
protein_0392,protein_0215,0.09195402298850575
protein_0392,protein_0216,0.15
protein_0392,protein_0217,0.10526315789473684
protein_0392,protein_0218,0.144
protein_0392,protein_0219,0.140625
protein_0392,protein_0220,0.3448275862068966
protein_0392,protein_0221,0.1956521739130435
protein_0392,protein_0223,0.15555555555555556
protein_0392,protein_0225,0.15789473684210525
protein_0392,protein_0226,0.14414414414414414
protein_0392,protein_0227,0.13043478260869565
protein_0392,protein_0228,0.23404255319148937
protein_0392,protein_0229,0.14583333333333334
protein_0392,protein_0230,0.21739130434782608
protein_0392,protein_0231,0.4318181818181818
protein_0392,protein_0232,0.1839080459770115
protein_0392,protein_0233,0.17424242424242425
protein_0392,protein_0235,0.1414141414141414
protein_0392,protein_0236,0.27586206896551724
protein_0392,protein_0238,0.13740458015267176
protein_0392,protein_0239,0.6551724137931034
protein_0392,protein_0240,0.7045454545454546
protein_0392,protein_0241,0.6551724137931034
protein_0392,protein_0242,0.18478260869565216
protein_0392,protein_0243,0.6436781609195402
protein_0392,protein_0244,0.17391304347826086
protein_0392,protein_0245,0.15671641791044777
protein_0392,protein_0246,0.16494845360824742
protein_0392,protein_0247,0.21739130434782608
protein_0392,protein_0248,0.47126436781609193
protein_0392,protein_0249,0.6022727272727273
protein_0392,protein_0250,0.15555555555555556
protein_0392,protein_0251,0.16494845360824742
protein_0392,protein_0252,0.1368421052631579
protein_0392,protein_0254,0.20454545454545456
protein_0392,protein_0255,0.08620689655172414
protein_0392,protein_0256,0.12264150943396226
protein_0392,protein_0257,0.13333333333333333
protein_0392,protein_0258,0.33707865168539325
protein_0392,protein_0259,0.1590909090909091
protein_0392,protein_0260,0.1590909090909091
protein_0392,protein_0261,0.1619047619047619
protein_0392,protein_0262,0.16428571428571428
protein_0392,protein_0263,0.16058394160583941
protein_0392,protein_0264,0.3218390804597701
protein_0392,protein_0265,0.3218390804597701
protein_0392,protein_0266,0.15306122448979592
protein_0392,protein_0267,0.20588235294117646
protein_0392,protein_0268,0.13829787234042554
protein_0392,protein_0269,0.12396694214876033
protein_0392,protein_0270,0.1702127659574468
protein_0392,protein_0271,0.16304347826086957
protein_0392,protein_0272,0.27956989247311825
protein_0392,protein_0273,0.2903225806451613
protein_0392,protein_0274,0.3
protein_0392,protein_0275,0.1523809523809524
protein_0392,protein_0276,0.3448275862068966
protein_0392,protein_0278,0.2
protein_0392,protein_0279,0.3707865168539326
protein_0392,protein_0280,0.38636363636363635
protein_0392,protein_0281,0.13559322033898305
protein_0392,protein_0284,0.22727272727272727
protein_0392,protein_0285,0.29545454545454547
protein_0392,protein_0286,0.17045454545454544
protein_0392,protein_0288,0.5
protein_0392,protein_0289,0.18888888888888888
protein_0392,protein_0290,0.16363636363636364
protein_0392,protein_0291,0.20689655172413793
protein_0392,protein_0292,0.15555555555555556
protein_0392,protein_0293,0.28888888888888886
protein_0392,protein_0294,0.20689655172413793
protein_0392,protein_0295,0.16853932584269662
protein_0392,protein_0296,0.17796610169491525
protein_0392,protein_0297,0.16091954022988506
protein_0392,protein_0298,0.14942528735632185
protein_0392,protein_0300,0.17708333333333334
protein_0392,protein_0301,0.16494845360824742
protein_0392,protein_0302,0.11059907834101383
protein_0392,protein_0303,0.19540229885057472
protein_0392,protein_0304,0.18181818181818182
protein_0392,protein_0305,0.18947368421052632
protein_0392,protein_0306,0.12605042016806722
protein_0392,protein_0307,0.14166666666666666
protein_0392,protein_0308,0.17094017094017094
protein_0392,protein_0309,0.1276595744680851
protein_0392,protein_0310,0.17757009345794392
protein_0392,protein_0311,0.42696629213483145
protein_0392,protein_0312,0.41379310344827586
protein_0392,protein_0313,0.29545454545454547
protein_0392,protein_0314,0.20952380952380953
protein_0392,protein_0315,0.18840579710144928
protein_0392,protein_0316,0.17777777777777778
protein_0392,protein_0317,0.14
protein_0392,protein_0318,0.1282051282051282
protein_0392,protein_0319,0.3103448275862069
protein_0392,protein_0320,0.6136363636363636
protein_0392,protein_0321,0.20408163265306123
protein_0392,protein_0322,0.35555555555555557
protein_0392,protein_0323,0.26436781609195403
protein_0392,protein_0324,0.11956521739130435
protein_0392,protein_0326,0.1875
protein_0392,protein_0328,0.13157894736842105
protein_0392,protein_0329,0.13157894736842105
protein_0392,protein_0330,0.22988505747126436
protein_0392,protein_0331,0.16853932584269662
protein_0392,protein_0332,0.2159090909090909
protein_0392,protein_0333,0.22988505747126436
protein_0392,protein_0334,0.2
protein_0392,protein_0335,0.11009174311926606
protein_0392,protein_0336,0.1724137931034483
protein_0392,protein_0337,0.2413793103448276
protein_0392,protein_0338,0.2808988764044944
protein_0392,protein_0339,0.20212765957446807
protein_0392,protein_0340,0.1588785046728972
protein_0392,protein_0341,0.205607476635514
protein_0392,protein_0342,0.14942528735632185
protein_0392,protein_0343,0.17045454545454544
protein_0392,protein_0344,0.3333333333333333
protein_0392,protein_0345,0.13793103448275862
protein_0392,protein_0346,0.13793103448275862
protein_0392,protein_0347,0.16666666666666666
protein_0392,protein_0348,0.1328125
protein_0392,protein_0349,0.1388888888888889
protein_0392,protein_0351,0.3103448275862069
protein_0392,protein_0352,0.17582417582417584
protein_0392,protein_0353,0.144
protein_0392,protein_0354,0.26595744680851063
protein_0392,protein_0355,0.25
protein_0392,protein_0356,0.19540229885057472
protein_0392,protein_0358,0.35555555555555557
protein_0392,protein_0359,0.15447154471544716
protein_0392,protein_0361,0.13675213675213677
protein_0392,protein_0363,0.2
protein_0392,protein_0364,0.21052631578947367
protein_0392,protein_0365,0.21839080459770116
protein_0392,protein_0366,0.21839080459770116
protein_0392,protein_0367,0.16822429906542055
protein_0392,protein_0369,0.13131313131313133
protein_0392,protein_0370,0.3333333333333333
protein_0392,protein_0371,0.35555555555555557
protein_0392,protein_0372,0.1050228310502283
protein_0392,protein_0373,0.14814814814814814
protein_0392,protein_0374,0.1623931623931624
protein_0392,protein_0375,0.3448275862068966
protein_0392,protein_0376,0.2018348623853211
protein_0392,protein_0377,0.367816091954023
protein_0392,protein_0379,0.20618556701030927
protein_0392,protein_0380,0.20618556701030927
protein_0392,protein_0381,0.20618556701030927
protein_0392,protein_0382,0.2808988764044944
protein_0392,protein_0383,0.14942528735632185
protein_0392,protein_0385,0.19444444444444445
protein_0392,protein_0386,0.17142857142857143
protein_0392,protein_0387,0.12121212121212122
protein_0392,protein_0388,0.14444444444444443
protein_0392,protein_0389,0.1348314606741573
protein_0392,protein_0390,0.3333333333333333
protein_0392,protein_0391,0.21052631578947367
protein_0392,protein_0393,0.9655172413793104
protein_0392,protein_0394,0.17543859649122806
protein_0392,protein_0395,0.17525773195876287
protein_0392,protein_0396,0.17391304347826086
protein_0392,protein_0397,0.32967032967032966
protein_0392,protein_0398,0.1440677966101695
protein_0392,protein_0399,0.3793103448275862
