query_protein,train_protein,similarity_score
protein_0001,protein_0000,0.1348314606741573
protein_0001,protein_0002,0.14457831325301204
protein_0001,protein_0003,0.16091954022988506
protein_0001,protein_0004,0.15730337078651685
protein_0001,protein_0005,0.12643678160919541
protein_0001,protein_0006,0.1348314606741573
protein_0001,protein_0007,0.24193481237219322
protein_0001,protein_0008,0.15151515151515152
protein_0001,protein_0009,0.19318181818181818
protein_0001,protein_0010,0.15730337078651685
protein_0001,protein_0011,0.13793103448275862
protein_0001,protein_0012,0.16279069767441862
protein_0001,protein_0014,0.1153727544856577
protein_0001,protein_0015,0.14
protein_0001,protein_0016,0.15151515151515152
protein_0001,protein_0017,0.1171875
protein_0001,protein_0018,0.13793103448275862
protein_0001,protein_0019,0.2569841135915242
protein_0001,protein_0020,0.15730337078651685
protein_0001,protein_0021,0.18292682926829268
protein_0001,protein_0022,0.153921568627451
protein_0001,protein_0023,0.13212161269001982
protein_0001,protein_0024,0.13675213675213677
protein_0001,protein_0025,0.16304347826086957
protein_0001,protein_0026,0.11450381679389313
protein_0001,protein_0027,0.13542400751703076
protein_0001,protein_0028,0.11
protein_0001,protein_0029,0.2564329696765359
protein_0001,protein_0030,0.12605042016806722
protein_0001,protein_0031,0.13725490196078433
protein_0001,protein_0032,0.19318181818181818
protein_0001,protein_0033,0.16091954022988506
protein_0001,protein_0035,0.14
protein_0001,protein_0036,0.2469593894493244
protein_0001,protein_0037,0.16379310344827586
protein_0001,protein_0038,0.16379310344827586
protein_0001,protein_0039,0.18181818181818182
protein_0001,protein_0040,0.18309859154929578
protein_0001,protein_0041,0.16666666666666666
protein_0001,protein_0042,0.1744186046511628
protein_0001,protein_0044,0.1724137931034483
protein_0001,protein_0045,0.16091954022988506
protein_0001,protein_0046,0.2472658347772898
protein_0001,protein_0047,0.14942528735632185
protein_0001,protein_0048,0.13793103448275862
protein_0001,protein_0050,0.16
protein_0001,protein_0051,0.2608451766213701
protein_0001,protein_0054,0.13675213675213677
protein_0001,protein_0055,0.1282051282051282
protein_0001,protein_0056,0.1125
protein_0001,protein_0057,0.2396672386760481
protein_0001,protein_0058,0.16666666666666666
protein_0001,protein_0059,0.14942528735632185
protein_0001,protein_0060,0.14900601017105872
protein_0001,protein_0061,0.1590909090909091
protein_0001,protein_0062,0.14130434782608695
protein_0001,protein_0063,0.09767441860465116
protein_0001,protein_0064,0.1797752808988764
protein_0001,protein_0065,0.15
protein_0001,protein_0066,0.13725490196078433
protein_0001,protein_0067,0.13953488372093023
protein_0001,protein_0068,0.16091954022988506
protein_0001,protein_0069,0.14772727272727273
protein_0001,protein_0070,0.17045454545454544
protein_0001,protein_0071,0.1724137931034483
protein_0001,protein_0072,0.275976858582961
protein_0001,protein_0073,0.16091954022988506
protein_0001,protein_0074,0.13793103448275862
protein_0001,protein_0075,0.15955022785813355
protein_0001,protein_0076,0.1728395061728395
protein_0001,protein_0077,0.17391304347826086
protein_0001,protein_0078,0.1568627450980392
protein_0001,protein_0079,0.1568627450980392
protein_0001,protein_0081,0.14606741573033707
protein_0001,protein_0082,0.1650485436893204
protein_0001,protein_0083,0.11956521739130435
protein_0001,protein_0084,0.14454691259021651
protein_0001,protein_0085,0.18446601941747573
protein_0001,protein_0086,0.17475728155339806
protein_0001,protein_0087,0.3964076858813701
protein_0001,protein_0089,0.10237154150197628
protein_0001,protein_0090,0.093006993006993
protein_0001,protein_0092,0.12389380530973451
protein_0001,protein_0093,0.1686746987951807
protein_0001,protein_0094,0.12280701754385964
protein_0001,protein_0095,0.10155400155400154
protein_0001,protein_0096,0.1414141414141414
protein_0001,protein_0097,0.17777777777777778
protein_0001,protein_0098,0.1590909090909091
protein_0001,protein_0099,0.13866823575561438
protein_0001,protein_0100,0.2674133476196057
protein_0001,protein_0101,0.16091954022988506
protein_0001,protein_0102,0.16129032258064516
protein_0001,protein_0103,0.11494252873563218
protein_0001,protein_0104,0.13675213675213677
protein_0001,protein_0106,0.12620074124498903
protein_0001,protein_0107,0.1839080459770115
protein_0001,protein_0108,0.1511627906976744
protein_0001,protein_0109,0.23118399543159554
protein_0001,protein_0110,0.1797752808988764
protein_0001,protein_0111,0.18181818181818182
protein_0001,protein_0112,0.1782178217821782
protein_0001,protein_0113,0.16853932584269662
protein_0001,protein_0114,0.17777777777777778
protein_0001,protein_0115,0.12941176470588237
protein_0001,protein_0116,0.08476874003189792
protein_0001,protein_0117,0.08476874003189792
protein_0001,protein_0118,0.22783669955834748
protein_0001,protein_0119,0.14150943396226415
protein_0001,protein_0120,0.12643678160919541
protein_0001,protein_0121,0.12643678160919541
protein_0001,protein_0122,0.13100067613252198
protein_0001,protein_0123,0.3004987118145013
protein_0001,protein_0124,0.12643678160919541
protein_0001,protein_0125,0.14285714285714285
protein_0001,protein_0126,0.11764705882352941
protein_0001,protein_0127,0.19318181818181818
protein_0001,protein_0128,0.18181818181818182
protein_0001,protein_0129,0.11494252873563218
protein_0001,protein_0130,0.09177601464754348
protein_0001,protein_0131,0.16791979949874686
protein_0001,protein_0132,0.12264150943396226
protein_0001,protein_0133,0.12264150943396226
protein_0001,protein_0135,0.2261904761904762
protein_0001,protein_0136,0.14655172413793102
protein_0001,protein_0137,0.15384615384615385
protein_0001,protein_0138,0.15384615384615385
protein_0001,protein_0139,0.20880154190821054
protein_0001,protein_0140,0.16091954022988506
protein_0001,protein_0141,0.13920203359858532
protein_0001,protein_0142,0.1590909090909091
protein_0001,protein_0143,0.14130434782608695
protein_0001,protein_0144,0.13793103448275862
protein_0001,protein_0145,0.2600923108734992
protein_0001,protein_0146,0.1780821917808219
protein_0001,protein_0147,0.12087912087912088
protein_0001,protein_0148,0.16853932584269662
protein_0001,protein_0149,0.28690873185889504
protein_0001,protein_0150,0.16853932584269662
protein_0001,protein_0151,0.11235955056179775
protein_0001,protein_0152,0.26605110958251726
protein_0001,protein_0153,0.161539665154123
protein_0001,protein_0154,0.14639953542392567
protein_0001,protein_0155,0.10256410256410256
protein_0001,protein_0156,0.12149532710280374
protein_0001,protein_0157,0.16666666666666666
protein_0001,protein_0158,0.2676768220517644
protein_0001,protein_0159,0.14942528735632185
protein_0001,protein_0160,0.1744186046511628
protein_0001,protein_0162,0.14814814814814814
protein_0001,protein_0163,0.16666666666666666
protein_0001,protein_0164,0.17045454545454544
protein_0001,protein_0165,0.32267825617502877
protein_0001,protein_0167,0.12065390749601275
protein_0001,protein_0168,0.11545756282598388
protein_0001,protein_0169,0.13445378151260504
protein_0001,protein_0170,0.15853658536585366
protein_0001,protein_0171,0.16091954022988506
protein_0001,protein_0172,0.1282051282051282
protein_0001,protein_0173,0.11494252873563218
protein_0001,protein_0174,0.1724137931034483
protein_0001,protein_0175,0.1724137931034483
protein_0001,protein_0176,0.23075014538767905
protein_0001,protein_0177,0.2494079551989589
protein_0001,protein_0178,0.15789473684210525
protein_0001,protein_0179,0.14912280701754385
protein_0001,protein_0180,0.13793103448275862
protein_0001,protein_0181,0.12643678160919541
protein_0001,protein_0182,0.14606741573033707
protein_0001,protein_0183,0.1485148514851485
protein_0001,protein_0184,0.13793103448275862
protein_0001,protein_0185,0.1744186046511628
protein_0001,protein_0186,0.14563106796116504
protein_0001,protein_0187,0.1724137931034483
protein_0001,protein_0188,0.31458020194708813
protein_0001,protein_0189,0.13333333333333333
protein_0001,protein_0191,0.1839080459770115
protein_0001,protein_0192,0.14457831325301204
protein_0001,protein_0193,0.16091954022988506
protein_0001,protein_0194,0.13793103448275862
protein_0001,protein_0195,0.12643678160919541
protein_0001,protein_0196,0.16091954022988506
protein_0001,protein_0197,0.13333333333333333
protein_0001,protein_0198,0.16853932584269662
protein_0001,protein_0199,0.13043478260869565
protein_0001,protein_0200,0.17582417582417584
protein_0001,protein_0202,0.12359550561797752
protein_0001,protein_0203,0.14166666666666666
protein_0001,protein_0204,0.2432966920026087
protein_0001,protein_0206,0.1724137931034483
protein_0001,protein_0207,0.1271186440677966
protein_0001,protein_0208,0.11682283532882179
protein_0001,protein_0209,0.16091954022988506
protein_0001,protein_0210,0.15294117647058825
protein_0001,protein_0211,0.1350719878757262
protein_0001,protein_0213,0.12222222222222222
protein_0001,protein_0214,0.16883116883116883
protein_0001,protein_0215,0.17647058823529413
protein_0001,protein_0216,0.1368421052631579
protein_0001,protein_0218,0.104
protein_0001,protein_0219,0.11764705882352941
protein_0001,protein_0220,0.15730337078651685
protein_0001,protein_0221,0.2236842105263158
protein_0001,protein_0222,0.12790697674418605
protein_0001,protein_0223,0.1643835616438356
protein_0001,protein_0224,0.19946848052334223
protein_0001,protein_0225,0.15853658536585366
protein_0001,protein_0226,0.18888888888888888
protein_0001,protein_0227,0.21739130434782608
protein_0001,protein_0228,0.15774853801169592
protein_0001,protein_0229,0.13414634146341464
protein_0001,protein_0230,0.15730337078651685
protein_0001,protein_0231,0.14606741573033707
protein_0001,protein_0232,0.3036873417474573
protein_0001,protein_0233,0.1484375
protein_0001,protein_0234,0.12121212121212122
protein_0001,protein_0235,0.14272941970310393
protein_0001,protein_0236,0.11336797354747283
protein_0001,protein_0237,0.11336797354747283
protein_0001,protein_0238,0.1297709923664122
protein_0001,protein_0239,0.12643678160919541
protein_0001,protein_0240,0.14942528735632185
protein_0001,protein_0242,0.28855532342473983
protein_0001,protein_0243,0.17045454545454544
protein_0001,protein_0244,0.1607142857142857
protein_0001,protein_0245,0.13616600790513833
protein_0001,protein_0246,0.12087912087912088
protein_0001,protein_0247,0.12129870129870131
protein_0001,protein_0248,0.1348314606741573
protein_0001,protein_0249,0.15730337078651685
protein_0001,protein_0250,0.1201923076923077
protein_0001,protein_0252,0.13333333333333333
protein_0001,protein_0253,0.1415929203539823
protein_0001,protein_0254,0.15892857142857142
protein_0001,protein_0255,0.11695906432748537
protein_0001,protein_0256,0.14953271028037382
protein_0001,protein_0257,0.1588785046728972
protein_0001,protein_0258,0.13636363636363635
protein_0001,protein_0260,0.24495176654097195
protein_0001,protein_0261,0.1111111111111111
protein_0001,protein_0262,0.1037037037037037
protein_0001,protein_0265,0.16091954022988506
protein_0001,protein_0266,0.10964700193423599
protein_0001,protein_0267,0.16091954022988506
protein_0001,protein_0268,0.14457831325301204
protein_0001,protein_0270,0.16216216216216217
protein_0001,protein_0271,0.33525146679135276
protein_0001,protein_0272,0.15030946065428824
protein_0001,protein_0274,0.1348314606741573
protein_0001,protein_0275,0.1111111111111111
protein_0001,protein_0276,0.13793103448275862
protein_0001,protein_0277,0.22698122116735875
protein_0001,protein_0278,0.15555555555555556
protein_0001,protein_0279,0.12941176470588237
protein_0001,protein_0280,0.14814814814814814
protein_0001,protein_0281,0.10714285714285714
protein_0001,protein_0282,0.1917808219178082
protein_0001,protein_0283,0.08256880733944955
protein_0001,protein_0284,0.14080459770114942
protein_0001,protein_0285,0.11494252873563218
protein_0001,protein_0286,0.2686969889208885
protein_0001,protein_0287,0.13761467889908258
protein_0001,protein_0288,0.1625
protein_0001,protein_0289,0.16780383795309167
protein_0001,protein_0290,0.19607843137254902
protein_0001,protein_0291,0.1351190476190476
protein_0001,protein_0292,0.2818211119802971
protein_0001,protein_0293,0.1590909090909091
protein_0001,protein_0294,0.1351190476190476
protein_0001,protein_0296,0.12389380530973451
protein_0001,protein_0297,0.24125572053824285
protein_0001,protein_0298,0.31613741374799126
protein_0001,protein_0299,0.15932696302451183
protein_0001,protein_0300,0.1527777777777778
protein_0001,protein_0301,0.1580246913580247
protein_0001,protein_0302,0.07373271889400922
protein_0001,protein_0304,0.1527777777777778
protein_0001,protein_0305,0.1736294517807123
protein_0001,protein_0307,0.15254237288135594
protein_0001,protein_0308,0.09565217391304348
protein_0001,protein_0310,0.15151515151515152
protein_0001,protein_0311,0.13636363636363635
protein_0001,protein_0312,0.16091954022988506
protein_0001,protein_0313,0.12413793103448276
protein_0001,protein_0314,0.1326530612244898
protein_0001,protein_0316,0.2700535429482798
protein_0001,protein_0317,0.14
protein_0001,protein_0318,0.09734513274336283
protein_0001,protein_0320,0.16091954022988506
protein_0001,protein_0321,0.13043478260869565
protein_0001,protein_0322,0.15730337078651685
protein_0001,protein_0323,0.14942528735632185
protein_0001,protein_0324,0.21052631578947367
protein_0001,protein_0325,0.13183442062752407
protein_0001,protein_0326,0.16455696202531644
protein_0001,protein_0327,0.1724137931034483
protein_0001,protein_0329,0.14814814814814814
protein_0001,protein_0330,0.1797752808988764
protein_0001,protein_0331,0.2496880854880426
protein_0001,protein_0332,0.12030034572169404
protein_0001,protein_0333,0.12457741717376605
protein_0001,protein_0334,0.18947368421052632
protein_0001,protein_0335,0.13131313131313133
protein_0001,protein_0336,0.3179893595683069
protein_0001,protein_0337,0.12141306968893176
protein_0001,protein_0338,0.15217391304347827
protein_0001,protein_0340,0.16
protein_0001,protein_0341,0.09803921568627451
protein_0001,protein_0342,0.1267605633802817
protein_0001,protein_0343,0.16438640132669985
protein_0001,protein_0344,0.16091954022988506
protein_0001,protein_0346,0.1480043344771537
protein_0001,protein_0347,0.3267124317773366
protein_0001,protein_0348,0.13043478260869565
protein_0001,protein_0349,0.16666666666666666
protein_0001,protein_0350,0.14606741573033707
protein_0001,protein_0351,0.14942528735632185
protein_0001,protein_0352,0.2510665434281495
protein_0001,protein_0353,0.12961998958875587
protein_0001,protein_0354,0.125
protein_0001,protein_0355,0.13101500097408925
protein_0001,protein_0356,0.32952608794714056
protein_0001,protein_0357,0.13008130081300814
protein_0001,protein_0358,0.14942528735632185
protein_0001,protein_0359,0.13445378151260504
protein_0001,protein_0360,0.1724137931034483
protein_0001,protein_0361,0.13675213675213677
protein_0001,protein_0362,0.16853932584269662
protein_0001,protein_0363,0.16853932584269662
protein_0001,protein_0366,0.1411764705882353
protein_0001,protein_0367,0.13131313131313133
protein_0001,protein_0368,0.14457831325301204
protein_0001,protein_0369,0.15584415584415584
protein_0001,protein_0370,0.16091954022988506
protein_0001,protein_0371,0.13953488372093023
protein_0001,protein_0372,0.07727272727272727
protein_0001,protein_0373,0.15384615384615385
protein_0001,protein_0374,0.15384615384615385
protein_0001,protein_0375,0.17045454545454544
protein_0001,protein_0376,0.13592233009708737
protein_0001,protein_0377,0.15730337078651685
protein_0001,protein_0378,0.12037037037037036
protein_0001,protein_0379,0.15116596252172698
protein_0001,protein_0380,0.15116596252172698
protein_0001,protein_0381,0.15116596252172698
protein_0001,protein_0382,0.12948501477416632
protein_0001,protein_0384,0.1590909090909091
protein_0001,protein_0385,0.12745098039215685
protein_0001,protein_0386,0.17647058823529413
protein_0001,protein_0387,0.14736842105263157
protein_0001,protein_0388,0.28077010708589656
protein_0001,protein_0389,0.18518518518518517
protein_0001,protein_0391,0.17045454545454544
protein_0001,protein_0392,0.1724137931034483
protein_0001,protein_0394,0.13157894736842105
protein_0001,protein_0395,0.13333333333333333
protein_0001,protein_0396,0.11764705882352941
protein_0001,protein_0397,0.1927710843373494
protein_0001,protein_0398,0.12058518695686837
protein_0001,protein_0399,0.16304347826086957
protein_0013,protein_0000,0.12643678160919541
protein_0013,protein_0002,0.13253012048192772
protein_0013,protein_0003,0.17045454545454544
protein_0013,protein_0004,0.11956521739130435
protein_0013,protein_0005,0.16666666666666666
protein_0013,protein_0006,0.17045454545454544
protein_0013,protein_0007,0.18309859154929578
protein_0013,protein_0008,0.14150943396226415
protein_0013,protein_0009,0.1839080459770115
protein_0013,protein_0010,0.1346153846153846
protein_0013,protein_0011,0.1590909090909091
protein_0013,protein_0012,0.12790697674418605
protein_0013,protein_0014,0.20618556701030927
protein_0013,protein_0015,0.12149532710280374
protein_0013,protein_0016,0.12727272727272726
protein_0013,protein_0017,0.08208955223880597
protein_0013,protein_0018,0.13793103448275862
protein_0013,protein_0019,0.18309859154929578
protein_0013,protein_0020,0.18604651162790697
protein_0013,protein_0021,0.16666666666666666
protein_0013,protein_0022,0.1797752808988764
protein_0013,protein_0023,0.16483516483516483
protein_0013,protein_0024,0.1440677966101695
protein_0013,protein_0025,0.12903225806451613
protein_0013,protein_0026,0.11450381679389313
protein_0013,protein_0027,0.19791666666666666
protein_0013,protein_0028,0.12745098039215685
protein_0013,protein_0029,0.16901408450704225
protein_0013,protein_0030,0.13934426229508196
protein_0013,protein_0031,0.15384615384615385
protein_0013,protein_0032,0.1724137931034483
protein_0013,protein_0033,0.1839080459770115
protein_0013,protein_0035,0.16666666666666666
protein_0013,protein_0036,0.16883116883116883
protein_0013,protein_0037,0.18691588785046728
protein_0013,protein_0038,0.18691588785046728
protein_0013,protein_0039,0.1839080459770115
protein_0013,protein_0040,0.2222222222222222
protein_0013,protein_0041,0.16091954022988506
protein_0013,protein_0042,0.18604651162790697
protein_0013,protein_0044,0.14942528735632185
protein_0013,protein_0045,0.15555555555555556
protein_0013,protein_0046,0.1917808219178082
protein_0013,protein_0047,0.16091954022988506
protein_0013,protein_0048,0.12643678160919541
protein_0013,protein_0050,0.0970873786407767
protein_0013,protein_0051,0.19444444444444445
protein_0013,protein_0054,0.1487603305785124
protein_0013,protein_0055,0.1623931623931624
protein_0013,protein_0056,0.1111111111111111
protein_0013,protein_0057,0.1917808219178082
protein_0013,protein_0058,0.2602739726027397
protein_0013,protein_0059,0.15730337078651685
protein_0013,protein_0060,0.12962962962962962
protein_0013,protein_0061,0.19101123595505617
protein_0013,protein_0062,0.19540229885057472
protein_0013,protein_0063,0.10138248847926268
protein_0013,protein_0064,0.2
protein_0013,protein_0065,0.14953271028037382
protein_0013,protein_0066,0.14
protein_0013,protein_0067,0.11650485436893204
protein_0013,protein_0068,0.17582417582417584
protein_0013,protein_0069,0.10344827586206896
protein_0013,protein_0070,0.12643678160919541
protein_0013,protein_0071,0.15053763440860216
protein_0013,protein_0072,0.18181818181818182
protein_0013,protein_0073,0.14942528735632185
protein_0013,protein_0074,0.13043478260869565
protein_0013,protein_0075,0.17708333333333334
protein_0013,protein_0076,0.20270270270270271
protein_0013,protein_0077,0.12359550561797752
protein_0013,protein_0078,0.09900990099009901
protein_0013,protein_0079,0.09900990099009901
protein_0013,protein_0081,0.16304347826086957
protein_0013,protein_0082,0.16
protein_0013,protein_0083,0.13636363636363635
protein_0013,protein_0084,0.1797752808988764
protein_0013,protein_0085,0.19
protein_0013,protein_0086,0.19
protein_0013,protein_0087,0.17567567567567569
protein_0013,protein_0089,0.08695652173913043
protein_0013,protein_0090,0.1111111111111111
protein_0013,protein_0092,0.16666666666666666
protein_0013,protein_0093,0.1686746987951807
protein_0013,protein_0094,0.12173913043478261
protein_0013,protein_0095,0.0990990990990991
protein_0013,protein_0096,0.10101010101010101
protein_0013,protein_0097,0.16279069767441862
protein_0013,protein_0098,0.1839080459770115
protein_0013,protein_0099,0.1346153846153846
protein_0013,protein_0100,0.2
protein_0013,protein_0101,0.16091954022988506
protein_0013,protein_0102,0.10344827586206896
protein_0013,protein_0103,0.1590909090909091
protein_0013,protein_0104,0.1452991452991453
protein_0013,protein_0106,0.1206896551724138
protein_0013,protein_0107,0.17045454545454544
protein_0013,protein_0108,0.12345679012345678
protein_0013,protein_0109,0.2054794520547945
protein_0013,protein_0110,0.14942528735632185
protein_0013,protein_0111,0.14942528735632185
protein_0013,protein_0112,0.1523809523809524
protein_0013,protein_0113,0.2111111111111111
protein_0013,protein_0114,0.16091954022988506
protein_0013,protein_0115,0.1724137931034483
protein_0013,protein_0116,0.11666666666666667
protein_0013,protein_0117,0.11666666666666667
protein_0013,protein_0118,0.22972972972972974
protein_0013,protein_0119,0.14
protein_0013,protein_0120,0.13793103448275862
protein_0013,protein_0121,0.13793103448275862
protein_0013,protein_0122,0.19626168224299065
protein_0013,protein_0123,0.19718309859154928
protein_0013,protein_0124,0.13793103448275862
protein_0013,protein_0125,0.1568627450980392
protein_0013,protein_0126,0.14563106796116504
protein_0013,protein_0127,0.19318181818181818
protein_0013,protein_0128,0.08888888888888889
protein_0013,protein_0129,0.13793103448275862
protein_0013,protein_0130,0.0990990990990991
protein_0013,protein_0131,0.14084507042253522
protein_0013,protein_0132,0.1509433962264151
protein_0013,protein_0133,0.1509433962264151
protein_0013,protein_0135,0.20689655172413793
protein_0013,protein_0136,0.1724137931034483
protein_0013,protein_0137,0.15254237288135594
protein_0013,protein_0138,0.15254237288135594
protein_0013,protein_0139,0.16901408450704225
protein_0013,protein_0140,0.15384615384615385
protein_0013,protein_0141,0.19626168224299065
protein_0013,protein_0142,0.16853932584269662
protein_0013,protein_0143,0.19318181818181818
protein_0013,protein_0144,0.20454545454545456
protein_0013,protein_0145,0.1917808219178082
protein_0013,protein_0146,0.18181818181818182
protein_0013,protein_0147,0.18888888888888888
protein_0013,protein_0148,0.12643678160919541
protein_0013,protein_0149,0.22972972972972974
protein_0013,protein_0150,0.1827956989247312
protein_0013,protein_0151,0.14130434782608695
protein_0013,protein_0152,0.18181818181818182
protein_0013,protein_0153,0.1686746987951807
protein_0013,protein_0154,0.1375
protein_0013,protein_0155,0.14049586776859505
protein_0013,protein_0156,0.12844036697247707
protein_0013,protein_0157,0.15294117647058825
protein_0013,protein_0158,0.16455696202531644
protein_0013,protein_0159,0.11494252873563218
protein_0013,protein_0160,0.13333333333333333
protein_0013,protein_0162,0.19047619047619047
protein_0013,protein_0163,0.13861386138613863
protein_0013,protein_0164,0.22340425531914893
protein_0013,protein_0165,0.17073170731707318
protein_0013,protein_0167,0.08181818181818182
protein_0013,protein_0168,0.07272727272727272
protein_0013,protein_0169,0.16666666666666666
protein_0013,protein_0170,0.13253012048192772
protein_0013,protein_0171,0.10344827586206896
protein_0013,protein_0172,0.1794871794871795
protein_0013,protein_0173,0.12643678160919541
protein_0013,protein_0174,0.13186813186813187
protein_0013,protein_0175,0.13186813186813187
protein_0013,protein_0176,0.19718309859154928
protein_0013,protein_0177,0.19047619047619047
protein_0013,protein_0178,0.1415929203539823
protein_0013,protein_0179,0.09649122807017543
protein_0013,protein_0180,0.14606741573033707
protein_0013,protein_0181,0.11650485436893204
protein_0013,protein_0182,0.1348314606741573
protein_0013,protein_0183,0.1388888888888889
protein_0013,protein_0184,0.12643678160919541
protein_0013,protein_0185,0.1590909090909091
protein_0013,protein_0186,0.17647058823529413
protein_0013,protein_0187,0.13186813186813187
protein_0013,protein_0188,0.18181818181818182
protein_0013,protein_0189,0.13186813186813187
protein_0013,protein_0191,0.14942528735632185
protein_0013,protein_0192,0.0963855421686747
protein_0013,protein_0193,0.14942528735632185
protein_0013,protein_0194,0.14606741573033707
protein_0013,protein_0195,0.14606741573033707
protein_0013,protein_0196,0.11494252873563218
protein_0013,protein_0197,0.1744186046511628
protein_0013,protein_0198,0.15053763440860216
protein_0013,protein_0199,0.10752688172043011
protein_0013,protein_0200,0.14772727272727273
protein_0013,protein_0202,0.1839080459770115
protein_0013,protein_0203,0.1794871794871795
protein_0013,protein_0204,0.19718309859154928
protein_0013,protein_0206,0.12643678160919541
protein_0013,protein_0207,0.1452991452991453
protein_0013,protein_0208,0.20754716981132076
protein_0013,protein_0209,0.17045454545454544
protein_0013,protein_0210,0.10588235294117647
protein_0013,protein_0211,0.16883116883116883
protein_0013,protein_0213,0.1978021978021978
protein_0013,protein_0214,0.25
protein_0013,protein_0215,0.2222222222222222
protein_0013,protein_0216,0.1414141414141414
protein_0013,protein_0218,0.1328125
protein_0013,protein_0219,0.17355371900826447
protein_0013,protein_0220,0.18888888888888888
protein_0013,protein_0221,0.24324324324324326
protein_0013,protein_0222,0.11627906976744186
protein_0013,protein_0223,0.25675675675675674
protein_0013,protein_0224,0.2112676056338028
protein_0013,protein_0225,0.16666666666666666
protein_0013,protein_0226,0.2222222222222222
protein_0013,protein_0227,0.20833333333333334
protein_0013,protein_0228,0.1935483870967742
protein_0013,protein_0229,0.2441860465116279
protein_0013,protein_0230,0.16853932584269662
protein_0013,protein_0231,0.11494252873563218
protein_0013,protein_0232,0.19047619047619047
protein_0013,protein_0233,0.1640625
protein_0013,protein_0234,0.1262135922330097
protein_0013,protein_0235,0.18556701030927836
protein_0013,protein_0236,0.1388888888888889
protein_0013,protein_0237,0.1388888888888889
protein_0013,protein_0238,0.13740458015267176
protein_0013,protein_0239,0.13333333333333333
protein_0013,protein_0240,0.12643678160919541
protein_0013,protein_0242,0.1506849315068493
protein_0013,protein_0243,0.13793103448275862
protein_0013,protein_0244,0.16216216216216217
protein_0013,protein_0245,0.12280701754385964
protein_0013,protein_0246,0.15789473684210525
protein_0013,protein_0247,0.19540229885057472
protein_0013,protein_0248,0.13793103448275862
protein_0013,protein_0249,0.16091954022988506
protein_0013,protein_0250,0.19480519480519481
protein_0013,protein_0252,0.10588235294117647
protein_0013,protein_0253,0.07964601769911504
protein_0013,protein_0254,0.16091954022988506
protein_0013,protein_0255,0.11046511627906977
protein_0013,protein_0256,0.1308411214953271
protein_0013,protein_0257,0.1559633027522936
protein_0013,protein_0258,0.11494252873563218
protein_0013,protein_0260,0.20270270270270271
protein_0013,protein_0261,0.14563106796116504
protein_0013,protein_0262,0.1037037037037037
protein_0013,protein_0265,0.1724137931034483
protein_0013,protein_0266,0.17894736842105263
protein_0013,protein_0267,0.15555555555555556
protein_0013,protein_0268,0.23170731707317074
protein_0013,protein_0270,0.3287671232876712
protein_0013,protein_0271,0.19480519480519481
protein_0013,protein_0272,0.16853932584269662
protein_0013,protein_0274,0.13829787234042554
protein_0013,protein_0275,0.1262135922330097
protein_0013,protein_0276,0.18181818181818182
protein_0013,protein_0277,0.19230769230769232
protein_0013,protein_0278,0.14285714285714285
protein_0013,protein_0279,0.14942528735632185
protein_0013,protein_0280,0.1724137931034483
protein_0013,protein_0281,0.125
protein_0013,protein_0282,0.2328767123287671
protein_0013,protein_0283,0.09174311926605505
protein_0013,protein_0284,0.19607843137254902
protein_0013,protein_0285,0.11235955056179775
protein_0013,protein_0286,0.17567567567567569
protein_0013,protein_0287,0.1588785046728972
protein_0013,protein_0288,0.1686746987951807
protein_0013,protein_0289,0.1643835616438356
protein_0013,protein_0290,0.13725490196078433
protein_0013,protein_0291,0.14150943396226415
protein_0013,protein_0292,0.1527777777777778
protein_0013,protein_0293,0.14285714285714285
protein_0013,protein_0294,0.14150943396226415
protein_0013,protein_0296,0.168141592920354
protein_0013,protein_0297,0.18309859154929578
protein_0013,protein_0298,0.19718309859154928
protein_0013,protein_0299,0.2
protein_0013,protein_0300,0.15384615384615385
protein_0013,protein_0301,0.15384615384615385
protein_0013,protein_0302,0.08755760368663594
protein_0013,protein_0304,0.17567567567567569
protein_0013,protein_0305,0.16853932584269662
protein_0013,protein_0307,0.14285714285714285
protein_0013,protein_0308,0.09401709401709402
protein_0013,protein_0310,0.1111111111111111
protein_0013,protein_0311,0.1839080459770115
protein_0013,protein_0312,0.10112359550561797
protein_0013,protein_0313,0.19047619047619047
protein_0013,protein_0314,0.16326530612244897
protein_0013,protein_0316,0.22535211267605634
protein_0013,protein_0317,0.15384615384615385
protein_0013,protein_0318,0.11607142857142858
protein_0013,protein_0320,0.14942528735632185
protein_0013,protein_0321,0.125
protein_0013,protein_0322,0.1927710843373494
protein_0013,protein_0323,0.17894736842105263
protein_0013,protein_0324,0.20270270270270271
protein_0013,protein_0325,0.11278195488721804
protein_0013,protein_0326,0.16666666666666666
protein_0013,protein_0327,0.13793103448275862
protein_0013,protein_0329,0.1574074074074074
protein_0013,protein_0330,0.20224719101123595
protein_0013,protein_0331,0.1891891891891892
protein_0013,protein_0332,0.1368421052631579
protein_0013,protein_0333,0.21904761904761905
protein_0013,protein_0334,0.11235955056179775
protein_0013,protein_0335,0.15
protein_0013,protein_0336,0.22535211267605634
protein_0013,protein_0337,0.1724137931034483
protein_0013,protein_0338,0.13333333333333333
protein_0013,protein_0340,0.15
protein_0013,protein_0341,0.11650485436893204
protein_0013,protein_0342,0.24
protein_0013,protein_0343,0.2054794520547945
protein_0013,protein_0344,0.14606741573033707
protein_0013,protein_0346,0.14084507042253522
protein_0013,protein_0347,0.23943661971830985
protein_0013,protein_0348,0.11304347826086956
protein_0013,protein_0349,0.15841584158415842
protein_0013,protein_0350,0.13978494623655913
protein_0013,protein_0351,0.12643678160919541
protein_0013,protein_0352,0.19047619047619047
protein_0013,protein_0353,0.1391304347826087
protein_0013,protein_0354,0.12903225806451613
protein_0013,protein_0355,0.1797752808988764
protein_0013,protein_0356,0.2
protein_0013,protein_0357,0.15702479338842976
protein_0013,protein_0358,0.1348314606741573
protein_0013,protein_0359,0.09375
protein_0013,protein_0360,0.25287356321839083
protein_0013,protein_0361,0.1452991452991453
protein_0013,protein_0362,0.12643678160919541
protein_0013,protein_0363,0.12643678160919541
protein_0013,protein_0366,0.12643678160919541
protein_0013,protein_0367,0.14285714285714285
protein_0013,protein_0368,0.13636363636363635
protein_0013,protein_0369,0.23376623376623376
protein_0013,protein_0370,0.14606741573033707
protein_0013,protein_0371,0.16279069767441862
protein_0013,protein_0372,0.08256880733944955
protein_0013,protein_0373,0.14953271028037382
protein_0013,protein_0374,0.1111111111111111
protein_0013,protein_0375,0.14942528735632185
protein_0013,protein_0376,0.11
protein_0013,protein_0377,0.18888888888888888
protein_0013,protein_0378,0.12149532710280374
protein_0013,protein_0379,0.2127659574468085
protein_0013,protein_0380,0.2127659574468085
protein_0013,protein_0381,0.2127659574468085
protein_0013,protein_0382,0.14736842105263157
protein_0013,protein_0384,0.16853932584269662
protein_0013,protein_0385,0.12037037037037036
protein_0013,protein_0386,0.1782178217821782
protein_0013,protein_0387,0.16161616161616163
protein_0013,protein_0388,0.18309859154929578
protein_0013,protein_0389,0.2222222222222222
protein_0013,protein_0391,0.16853932584269662
protein_0013,protein_0392,0.13043478260869565
protein_0013,protein_0394,0.11403508771929824
protein_0013,protein_0395,0.15730337078651685
protein_0013,protein_0396,0.12280701754385964
protein_0013,protein_0397,0.22988505747126436
protein_0013,protein_0398,0.14414414414414414
protein_0013,protein_0399,0.2127659574468085
protein_0034,protein_0000,0.34831460674157305
protein_0034,protein_0002,0.17708333333333334
protein_0034,protein_0003,0.33707865168539325
protein_0034,protein_0004,0.27586206896551724
protein_0034,protein_0005,0.19791666666666666
protein_0034,protein_0006,0.5454545454545454
protein_0034,protein_0007,0.1797752808988764
protein_0034,protein_0008,0.15841584158415842
protein_0034,protein_0009,0.3563218390804598
protein_0034,protein_0010,0.5057471264367817
protein_0034,protein_0011,0.4827586206896552
protein_0034,protein_0012,0.5977011494252874
protein_0034,protein_0014,0.18269230769230768
protein_0034,protein_0015,0.17757009345794392
protein_0034,protein_0016,0.1553398058252427
protein_0034,protein_0017,0.15503875968992248
protein_0034,protein_0018,0.3103448275862069
protein_0034,protein_0019,0.1724137931034483
protein_0034,protein_0020,0.3563218390804598
protein_0034,protein_0021,0.125
protein_0034,protein_0022,0.14018691588785046
protein_0034,protein_0023,0.19
protein_0034,protein_0024,0.09230769230769231
protein_0034,protein_0025,0.2988505747126437
protein_0034,protein_0026,0.10852713178294573
protein_0034,protein_0027,0.21739130434782608
protein_0034,protein_0028,0.14285714285714285
protein_0034,protein_0029,0.14942528735632185
protein_0034,protein_0030,0.13934426229508196
protein_0034,protein_0031,0.1782178217821782
protein_0034,protein_0032,0.3068181818181818
protein_0034,protein_0033,0.47126436781609193
protein_0034,protein_0035,0.12380952380952381
protein_0034,protein_0036,0.16853932584269662
protein_0034,protein_0037,0.26436781609195403
protein_0034,protein_0038,0.26436781609195403
protein_0034,protein_0039,0.35555555555555557
protein_0034,protein_0040,0.10638297872340426
protein_0034,protein_0041,0.26436781609195403
protein_0034,protein_0042,0.21839080459770116
protein_0034,protein_0044,0.28735632183908044
protein_0034,protein_0045,0.3563218390804598
protein_0034,protein_0046,0.1724137931034483
protein_0034,protein_0047,0.4367816091954023
protein_0034,protein_0048,0.4367816091954023
protein_0034,protein_0050,0.16346153846153846
protein_0034,protein_0051,0.17204301075268819
protein_0034,protein_0054,0.09401709401709402
protein_0034,protein_0055,0.1322314049586777
protein_0034,protein_0056,0.1262135922330097
protein_0034,protein_0057,0.1839080459770115
protein_0034,protein_0058,0.12643678160919541
protein_0034,protein_0059,0.26436781609195403
protein_0034,protein_0060,0.15841584158415842
protein_0034,protein_0061,0.2
protein_0034,protein_0062,0.33707865168539325
protein_0034,protein_0063,0.1095890410958904
protein_0034,protein_0064,0.2988505747126437
protein_0034,protein_0065,0.14705882352941177
protein_0034,protein_0066,0.1485148514851485
protein_0034,protein_0067,0.5454545454545454
protein_0034,protein_0068,0.3548387096774194
protein_0034,protein_0069,0.4367816091954023
protein_0034,protein_0070,0.32954545454545453
protein_0034,protein_0071,0.39080459770114945
protein_0034,protein_0072,0.20689655172413793
protein_0034,protein_0073,0.3563218390804598
protein_0034,protein_0074,0.2222222222222222
protein_0034,protein_0075,0.20754716981132076
protein_0034,protein_0076,0.17045454545454544
protein_0034,protein_0077,0.38636363636363635
protein_0034,protein_0078,0.18181818181818182
protein_0034,protein_0079,0.18181818181818182
protein_0034,protein_0081,0.3218390804597701
protein_0034,protein_0082,0.12380952380952381
protein_0034,protein_0083,0.5517241379310345
protein_0034,protein_0084,0.33707865168539325
protein_0034,protein_0085,0.11650485436893204
protein_0034,protein_0086,0.1262135922330097
protein_0034,protein_0087,0.16853932584269662
protein_0034,protein_0089,0.13392857142857142
protein_0034,protein_0090,0.1282051282051282
protein_0034,protein_0092,0.13274336283185842
protein_0034,protein_0093,0.48863636363636365
protein_0034,protein_0094,0.13157894736842105
protein_0034,protein_0095,0.11403508771929824
protein_0034,protein_0096,0.13636363636363635
protein_0034,protein_0097,0.4431818181818182
protein_0034,protein_0098,0.32954545454545453
protein_0034,protein_0099,0.16831683168316833
protein_0034,protein_0100,0.17045454545454544
protein_0034,protein_0101,0.3563218390804598
protein_0034,protein_0102,0.2967032967032967
protein_0034,protein_0103,0.19540229885057472
protein_0034,protein_0104,0.10256410256410256
protein_0034,protein_0106,0.15517241379310345
protein_0034,protein_0107,0.3103448275862069
protein_0034,protein_0108,0.21839080459770116
protein_0034,protein_0109,0.14893617021276595
protein_0034,protein_0110,0.47191011235955055
protein_0034,protein_0111,0.3333333333333333
protein_0034,protein_0112,0.18518518518518517
protein_0034,protein_0113,0.5057471264367817
protein_0034,protein_0114,0.3068181818181818
protein_0034,protein_0115,0.26436781609195403
protein_0034,protein_0116,0.15315315315315314
protein_0034,protein_0117,0.15315315315315314
protein_0034,protein_0118,0.16853932584269662
protein_0034,protein_0119,0.12871287128712872
protein_0034,protein_0120,0.3707865168539326
protein_0034,protein_0121,0.3707865168539326
protein_0034,protein_0122,0.27586206896551724
protein_0034,protein_0123,0.19101123595505617
protein_0034,protein_0124,0.3218390804597701
protein_0034,protein_0125,0.15151515151515152
protein_0034,protein_0126,0.16831683168316833
protein_0034,protein_0127,0.28735632183908044
protein_0034,protein_0128,0.3448275862068966
protein_0034,protein_0129,0.22988505747126436
protein_0034,protein_0130,0.13392857142857142
protein_0034,protein_0131,0.11363636363636363
protein_0034,protein_0132,0.19444444444444445
protein_0034,protein_0133,0.19444444444444445
protein_0034,protein_0135,0.3103448275862069
protein_0034,protein_0136,0.16393442622950818
protein_0034,protein_0137,0.17886178861788618
protein_0034,protein_0138,0.17886178861788618
protein_0034,protein_0139,0.15555555555555556
protein_0034,protein_0140,0.5057471264367817
protein_0034,protein_0141,0.25287356321839083
protein_0034,protein_0142,0.4482758620689655
protein_0034,protein_0143,0.28735632183908044
protein_0034,protein_0144,0.28735632183908044
protein_0034,protein_0145,0.1590909090909091
protein_0034,protein_0146,0.13636363636363635
protein_0034,protein_0147,0.39080459770114945
protein_0034,protein_0148,0.3409090909090909
protein_0034,protein_0149,0.1797752808988764
protein_0034,protein_0150,0.3
protein_0034,protein_0151,0.20652173913043478
protein_0034,protein_0152,0.16129032258064516
protein_0034,protein_0153,0.21978021978021978
protein_0034,protein_0154,0.16666666666666666
protein_0034,protein_0155,0.1794871794871795
protein_0034,protein_0156,0.13333333333333333
protein_0034,protein_0157,0.11956521739130435
protein_0034,protein_0158,0.16853932584269662
protein_0034,protein_0159,0.3707865168539326
protein_0034,protein_0160,0.2988505747126437
protein_0034,protein_0162,0.28735632183908044
protein_0034,protein_0163,0.17
protein_0034,protein_0164,0.2988505747126437
protein_0034,protein_0165,0.18888888888888888
protein_0034,protein_0167,0.16216216216216217
protein_0034,protein_0168,0.1415929203539823
protein_0034,protein_0169,0.13333333333333333
protein_0034,protein_0170,0.3068181818181818
protein_0034,protein_0171,0.3448275862068966
protein_0034,protein_0172,0.1092436974789916
protein_0034,protein_0173,0.3333333333333333
protein_0034,protein_0174,0.3218390804597701
protein_0034,protein_0175,0.3103448275862069
protein_0034,protein_0176,0.19540229885057472
protein_0034,protein_0177,0.125
protein_0034,protein_0178,0.19491525423728814
protein_0034,protein_0179,0.19491525423728814
protein_0034,protein_0180,0.3076923076923077
protein_0034,protein_0181,0.5057471264367817
protein_0034,protein_0182,0.3448275862068966
protein_0034,protein_0183,0.17757009345794392
protein_0034,protein_0184,0.3218390804597701
protein_0034,protein_0185,0.19801980198019803
protein_0034,protein_0186,0.16831683168316833
protein_0034,protein_0187,0.2988505747126437
protein_0034,protein_0188,0.16129032258064516
protein_0034,protein_0189,0.3333333333333333
protein_0034,protein_0191,0.28735632183908044
protein_0034,protein_0192,0.27586206896551724
protein_0034,protein_0193,0.3563218390804598
protein_0034,protein_0194,0.27586206896551724
protein_0034,protein_0195,0.5287356321839081
protein_0034,protein_0196,0.5172413793103449
protein_0034,protein_0197,0.5747126436781609
protein_0034,protein_0198,0.2988505747126437
protein_0034,protein_0199,0.2111111111111111
protein_0034,protein_0200,0.48314606741573035
protein_0034,protein_0202,0.36363636363636365
protein_0034,protein_0203,0.1282051282051282
protein_0034,protein_0204,0.17777777777777778
protein_0034,protein_0206,0.5977011494252874
protein_0034,protein_0207,0.13953488372093023
protein_0034,protein_0208,0.13274336283185842
protein_0034,protein_0209,0.28735632183908044
protein_0034,protein_0210,0.3218390804597701
protein_0034,protein_0211,0.12844036697247707
protein_0034,protein_0213,0.39080459770114945
protein_0034,protein_0214,0.09782608695652174
protein_0034,protein_0215,0.16091954022988506
protein_0034,protein_0216,0.16981132075471697
protein_0034,protein_0218,0.14925373134328357
protein_0034,protein_0219,0.15
protein_0034,protein_0220,0.26436781609195403
protein_0034,protein_0221,0.13043478260869565
protein_0034,protein_0222,0.4827586206896552
protein_0034,protein_0223,0.16091954022988506
protein_0034,protein_0224,0.13829787234042554
protein_0034,protein_0225,0.13636363636363635
protein_0034,protein_0226,0.16666666666666666
protein_0034,protein_0227,0.1724137931034483
protein_0034,protein_0228,0.2087912087912088
protein_0034,protein_0229,0.125
protein_0034,protein_0230,0.18681318681318682
protein_0034,protein_0231,0.3522727272727273
protein_0034,protein_0232,0.19318181818181818
protein_0034,protein_0233,0.11811023622047244
protein_0034,protein_0234,0.1650485436893204
protein_0034,protein_0235,0.17525773195876287
protein_0034,protein_0236,0.45454545454545453
protein_0034,protein_0237,0.45454545454545453
protein_0034,protein_0238,0.1417910447761194
protein_0034,protein_0239,0.3563218390804598
protein_0034,protein_0240,0.3333333333333333
protein_0034,protein_0242,0.16666666666666666
protein_0034,protein_0243,0.3103448275862069
protein_0034,protein_0244,0.16853932584269662
protein_0034,protein_0245,0.15254237288135594
protein_0034,protein_0246,0.16494845360824742
protein_0034,protein_0247,0.2
protein_0034,protein_0248,0.34831460674157305
protein_0034,protein_0249,0.2988505747126437
protein_0034,protein_0250,0.1743119266055046
protein_0034,protein_0252,0.17346938775510204
protein_0034,protein_0253,0.10619469026548672
protein_0034,protein_0254,0.14942528735632185
protein_0034,protein_0255,0.12
protein_0034,protein_0256,0.13861386138613863
protein_0034,protein_0257,0.16831683168316833
protein_0034,protein_0258,0.5517241379310345
protein_0034,protein_0260,0.17045454545454544
protein_0034,protein_0261,0.13592233009708737
protein_0034,protein_0262,0.125
protein_0034,protein_0265,0.29545454545454547
protein_0034,protein_0266,0.14432989690721648
protein_0034,protein_0267,0.18085106382978725
protein_0034,protein_0268,0.11363636363636363
protein_0034,protein_0270,0.14772727272727273
protein_0034,protein_0271,0.21348314606741572
protein_0034,protein_0272,0.5172413793103449
protein_0034,protein_0274,0.23595505617977527
protein_0034,protein_0275,0.14705882352941177
protein_0034,protein_0276,0.3068181818181818
protein_0034,protein_0277,0.1724137931034483
protein_0034,protein_0278,0.28888888888888886
protein_0034,protein_0279,0.2967032967032967
protein_0034,protein_0280,0.27586206896551724
protein_0034,protein_0281,0.16260162601626016
protein_0034,protein_0282,0.09195402298850575
protein_0034,protein_0283,0.11926605504587157
protein_0034,protein_0284,0.2413793103448276
protein_0034,protein_0285,0.7241379310344828
protein_0034,protein_0286,0.1724137931034483
protein_0034,protein_0287,0.21296296296296297
protein_0034,protein_0288,0.26436781609195403
protein_0034,protein_0289,0.16
protein_0034,protein_0290,0.16666666666666666
protein_0034,protein_0291,0.22988505747126436
protein_0034,protein_0292,0.15555555555555556
protein_0034,protein_0293,0.2087912087912088
protein_0034,protein_0294,0.22988505747126436
protein_0034,protein_0296,0.15254237288135594
protein_0034,protein_0297,0.18181818181818182
protein_0034,protein_0298,0.12643678160919541
protein_0034,protein_0299,0.17204301075268819
protein_0034,protein_0300,0.16
protein_0034,protein_0301,0.16
protein_0034,protein_0302,0.1278538812785388
protein_0034,protein_0304,0.18
protein_0034,protein_0305,0.21359223300970873
protein_0034,protein_0307,0.14754098360655737
protein_0034,protein_0308,0.09482758620689655
protein_0034,protein_0310,0.1650485436893204
protein_0034,protein_0311,0.3333333333333333
protein_0034,protein_0312,0.39080459770114945
protein_0034,protein_0313,0.24175824175824176
protein_0034,protein_0314,0.14018691588785046
protein_0034,protein_0316,0.1797752808988764
protein_0034,protein_0317,0.13
protein_0034,protein_0318,0.12396694214876033
protein_0034,protein_0320,0.28735632183908044
protein_0034,protein_0321,0.2391304347826087
protein_0034,protein_0322,0.23863636363636365
protein_0034,protein_0323,0.3522727272727273
protein_0034,protein_0324,0.16091954022988506
protein_0034,protein_0325,0.09565217391304348
protein_0034,protein_0326,0.16304347826086957
protein_0034,protein_0327,0.375
protein_0034,protein_0329,0.15
protein_0034,protein_0330,0.5340909090909091
protein_0034,protein_0331,0.15384615384615385
protein_0034,protein_0332,0.2608695652173913
protein_0034,protein_0333,0.2903225806451613
protein_0034,protein_0334,0.23958333333333334
protein_0034,protein_0335,0.1391304347826087
protein_0034,protein_0336,0.1956521739130435
protein_0034,protein_0337,0.3793103448275862
protein_0034,protein_0338,0.2840909090909091
protein_0034,protein_0340,0.1559633027522936
protein_0034,protein_0341,0.20588235294117646
protein_0034,protein_0342,0.19540229885057472
protein_0034,protein_0343,0.18
protein_0034,protein_0344,0.3068181818181818
protein_0034,protein_0346,0.15966386554621848
protein_0034,protein_0347,0.17391304347826086
protein_0034,protein_0348,0.14049586776859505
protein_0034,protein_0349,0.1650485436893204
protein_0034,protein_0350,0.3068181818181818
protein_0034,protein_0351,0.5517241379310345
protein_0034,protein_0352,0.13793103448275862
protein_0034,protein_0353,0.15454545454545454
protein_0034,protein_0354,0.27586206896551724
protein_0034,protein_0355,0.39080459770114945
protein_0034,protein_0356,0.1827956989247312
protein_0034,protein_0357,0.14166666666666666
protein_0034,protein_0358,0.3181818181818182
protein_0034,protein_0359,0.15873015873015872
protein_0034,protein_0360,0.25287356321839083
protein_0034,protein_0361,0.09230769230769231
protein_0034,protein_0362,0.2247191011235955
protein_0034,protein_0363,0.2247191011235955
protein_0034,protein_0366,0.19540229885057472
protein_0034,protein_0367,0.16346153846153846
protein_0034,protein_0368,0.13186813186813187
protein_0034,protein_0369,0.11494252873563218
protein_0034,protein_0370,0.3068181818181818
protein_0034,protein_0371,0.27586206896551724
protein_0034,protein_0372,0.0945945945945946
protein_0034,protein_0373,0.10576923076923077
protein_0034,protein_0374,0.14285714285714285
protein_0034,protein_0375,0.3076923076923077
protein_0034,protein_0376,0.18269230769230768
protein_0034,protein_0377,0.27586206896551724
protein_0034,protein_0378,0.16521739130434782
protein_0034,protein_0379,0.1724137931034483
protein_0034,protein_0380,0.1724137931034483
protein_0034,protein_0381,0.1724137931034483
protein_0034,protein_0382,0.21978021978021978
protein_0034,protein_0384,0.3103448275862069
protein_0034,protein_0385,0.20192307692307693
protein_0034,protein_0386,0.14782608695652175
protein_0034,protein_0387,0.14423076923076922
protein_0034,protein_0388,0.19101123595505617
protein_0034,protein_0389,0.14606741573033707
protein_0034,protein_0391,0.21978021978021978
protein_0034,protein_0392,0.3103448275862069
protein_0034,protein_0394,0.17391304347826086
protein_0034,protein_0395,0.2903225806451613
protein_0034,protein_0396,0.12173913043478261
protein_0034,protein_0397,0.27586206896551724
protein_0034,protein_0398,0.15517241379310345
protein_0034,protein_0399,0.4044943820224719
protein_0043,protein_0000,0.25287356321839083
protein_0043,protein_0002,0.2391304347826087
protein_0043,protein_0003,0.27472527472527475
protein_0043,protein_0004,0.26136363636363635
protein_0043,protein_0005,0.14893617021276595
protein_0043,protein_0006,0.2840909090909091
protein_0043,protein_0007,0.19540229885057472
protein_0043,protein_0008,0.13592233009708737
protein_0043,protein_0009,0.26436781609195403
protein_0043,protein_0010,0.26436781609195403
protein_0043,protein_0011,0.25287356321839083
protein_0043,protein_0012,0.27586206896551724
protein_0043,protein_0014,0.1782178217821782
protein_0043,protein_0015,0.1559633027522936
protein_0043,protein_0016,0.12871287128712872
protein_0043,protein_0017,0.13533834586466165
protein_0043,protein_0018,0.28735632183908044
protein_0043,protein_0019,0.1724137931034483
protein_0043,protein_0020,0.21839080459770116
protein_0043,protein_0021,0.1485148514851485
protein_0043,protein_0022,0.16
protein_0043,protein_0023,0.10227272727272728
protein_0043,protein_0024,0.104
protein_0043,protein_0025,0.25274725274725274
protein_0043,protein_0026,0.1366906474820144
protein_0043,protein_0027,0.16831683168316833
protein_0043,protein_0028,0.14678899082568808
protein_0043,protein_0029,0.14583333333333334
protein_0043,protein_0030,0.112
protein_0043,protein_0031,0.1320754716981132
protein_0043,protein_0032,0.22988505747126436
protein_0043,protein_0033,0.2988505747126437
protein_0043,protein_0035,0.12871287128712872
protein_0043,protein_0036,0.15053763440860216
protein_0043,protein_0037,0.26436781609195403
protein_0043,protein_0038,0.26436781609195403
protein_0043,protein_0039,0.27586206896551724
protein_0043,protein_0040,0.12087912087912088
protein_0043,protein_0041,0.2413793103448276
protein_0043,protein_0042,0.6526315789473685
protein_0043,protein_0044,0.8850574712643678
protein_0043,protein_0045,0.2988505747126437
protein_0043,protein_0046,0.20224719101123595
protein_0043,protein_0047,0.27586206896551724
protein_0043,protein_0048,0.26436781609195403
protein_0043,protein_0050,0.1188118811881188
protein_0043,protein_0051,0.1590909090909091
protein_0043,protein_0054,0.12030075187969924
protein_0043,protein_0055,0.11965811965811966
protein_0043,protein_0056,0.125
protein_0043,protein_0057,0.20689655172413793
protein_0043,protein_0058,0.16129032258064516
protein_0043,protein_0059,0.8850574712643678
protein_0043,protein_0060,0.10576923076923077
protein_0043,protein_0061,0.2087912087912088
protein_0043,protein_0062,0.2727272727272727
protein_0043,protein_0063,0.09389671361502347
protein_0043,protein_0064,0.2988505747126437
protein_0043,protein_0065,0.1188118811881188
protein_0043,protein_0066,0.13675213675213677
protein_0043,protein_0067,0.26436781609195403
protein_0043,protein_0068,0.1839080459770115
protein_0043,protein_0069,0.2840909090909091
protein_0043,protein_0070,0.20689655172413793
protein_0043,protein_0071,0.3103448275862069
protein_0043,protein_0072,0.16304347826086957
protein_0043,protein_0073,0.25287356321839083
protein_0043,protein_0074,0.19607843137254902
protein_0043,protein_0075,0.21153846153846154
protein_0043,protein_0076,0.2159090909090909
protein_0043,protein_0077,0.26436781609195403
protein_0043,protein_0078,0.17117117117117117
protein_0043,protein_0079,0.17117117117117117
protein_0043,protein_0081,0.2413793103448276
protein_0043,protein_0082,0.15
protein_0043,protein_0083,0.2988505747126437
protein_0043,protein_0084,0.2413793103448276
protein_0043,protein_0085,0.1487603305785124
protein_0043,protein_0086,0.14166666666666666
protein_0043,protein_0087,0.12643678160919541
protein_0043,protein_0089,0.17391304347826086
protein_0043,protein_0090,0.16379310344827586
protein_0043,protein_0092,0.1652892561983471
protein_0043,protein_0093,0.25287356321839083
protein_0043,protein_0094,0.14912280701754385
protein_0043,protein_0095,0.1592920353982301
protein_0043,protein_0096,0.1485148514851485
protein_0043,protein_0097,0.22988505747126436
protein_0043,protein_0098,0.2857142857142857
protein_0043,protein_0099,0.125
protein_0043,protein_0100,0.1724137931034483
protein_0043,protein_0101,0.25287356321839083
protein_0043,protein_0102,0.28735632183908044
protein_0043,protein_0103,0.3103448275862069
protein_0043,protein_0104,0.14634146341463414
protein_0043,protein_0106,0.12612612612612611
protein_0043,protein_0107,0.22988505747126436
protein_0043,protein_0108,0.29213483146067415
protein_0043,protein_0109,0.1590909090909091
protein_0043,protein_0110,0.2840909090909091
protein_0043,protein_0111,0.21839080459770116
protein_0043,protein_0112,0.19166666666666668
protein_0043,protein_0113,0.25287356321839083
protein_0043,protein_0114,0.2247191011235955
protein_0043,protein_0115,0.22988505747126436
protein_0043,protein_0116,0.12173913043478261
protein_0043,protein_0117,0.12173913043478261
protein_0043,protein_0118,0.16091954022988506
protein_0043,protein_0119,0.11764705882352941
protein_0043,protein_0120,0.29213483146067415
protein_0043,protein_0121,0.29213483146067415
protein_0043,protein_0122,0.28735632183908044
protein_0043,protein_0123,0.13793103448275862
protein_0043,protein_0124,0.25287356321839083
protein_0043,protein_0125,0.12745098039215685
protein_0043,protein_0126,0.12121212121212122
protein_0043,protein_0127,0.25
protein_0043,protein_0128,0.2413793103448276
protein_0043,protein_0129,0.2413793103448276
protein_0043,protein_0130,0.12931034482758622
protein_0043,protein_0131,0.14942528735632185
protein_0043,protein_0132,0.17117117117117117
protein_0043,protein_0133,0.17117117117117117
protein_0043,protein_0135,0.29545454545454547
protein_0043,protein_0136,0.1206896551724138
protein_0043,protein_0137,0.13445378151260504
protein_0043,protein_0138,0.13445378151260504
protein_0043,protein_0139,0.12643678160919541
protein_0043,protein_0140,0.2727272727272727
protein_0043,protein_0141,0.26436781609195403
protein_0043,protein_0142,0.29213483146067415
protein_0043,protein_0143,0.25287356321839083
protein_0043,protein_0144,0.26436781609195403
protein_0043,protein_0145,0.1839080459770115
protein_0043,protein_0146,0.20454545454545456
protein_0043,protein_0147,0.26436781609195403
protein_0043,protein_0148,0.27586206896551724
protein_0043,protein_0149,0.2
protein_0043,protein_0150,0.25274725274725274
protein_0043,protein_0151,0.1797752808988764
protein_0043,protein_0152,0.14444444444444443
protein_0043,protein_0153,0.19101123595505617
protein_0043,protein_0154,0.16853932584269662
protein_0043,protein_0155,0.175
protein_0043,protein_0156,0.1574074074074074
protein_0043,protein_0157,0.20202020202020202
protein_0043,protein_0158,0.1724137931034483
protein_0043,protein_0159,0.25842696629213485
protein_0043,protein_0160,0.26666666666666666
protein_0043,protein_0162,0.2988505747126437
protein_0043,protein_0163,0.15833333333333333
protein_0043,protein_0164,0.2988505747126437
protein_0043,protein_0165,0.1724137931034483
protein_0043,protein_0167,0.16216216216216217
protein_0043,protein_0168,0.168141592920354
protein_0043,protein_0169,0.09482758620689655
protein_0043,protein_0170,0.25287356321839083
protein_0043,protein_0171,0.19540229885057472
protein_0043,protein_0172,0.1092436974789916
protein_0043,protein_0173,0.26436781609195403
protein_0043,protein_0174,0.25
protein_0043,protein_0175,0.26666666666666666
protein_0043,protein_0176,0.15625
protein_0043,protein_0177,0.1724137931034483
protein_0043,protein_0178,0.168141592920354
protein_0043,protein_0179,0.17699115044247787
protein_0043,protein_0180,0.26373626373626374
protein_0043,protein_0181,0.25287356321839083
protein_0043,protein_0182,0.28735632183908044
protein_0043,protein_0183,0.1308411214953271
protein_0043,protein_0184,0.30851063829787234
protein_0043,protein_0185,0.16494845360824742
protein_0043,protein_0186,0.14814814814814814
protein_0043,protein_0187,0.2413793103448276
protein_0043,protein_0188,0.10344827586206896
protein_0043,protein_0189,0.22988505747126436
protein_0043,protein_0191,0.2413793103448276
protein_0043,protein_0192,0.2988505747126437
protein_0043,protein_0193,0.26436781609195403
protein_0043,protein_0194,0.20689655172413793
protein_0043,protein_0195,0.27586206896551724
protein_0043,protein_0196,0.26436781609195403
protein_0043,protein_0197,0.2988505747126437
protein_0043,protein_0198,0.26436781609195403
protein_0043,protein_0199,0.18888888888888888
protein_0043,protein_0200,0.2808988764044944
protein_0043,protein_0202,0.2777777777777778
protein_0043,protein_0203,0.1282051282051282
protein_0043,protein_0204,0.1797752808988764
protein_0043,protein_0206,0.26436781609195403
protein_0043,protein_0207,0.10317460317460317
protein_0043,protein_0208,0.1568627450980392
protein_0043,protein_0209,0.9080459770114943
protein_0043,protein_0210,0.2696629213483146
protein_0043,protein_0211,0.1693548387096774
protein_0043,protein_0213,0.27586206896551724
protein_0043,protein_0214,0.11956521739130435
protein_0043,protein_0215,0.15463917525773196
protein_0043,protein_0216,0.10714285714285714
protein_0043,protein_0218,0.152
protein_0043,protein_0219,0.16666666666666666
protein_0043,protein_0220,0.29545454545454547
protein_0043,protein_0221,0.18888888888888888
protein_0043,protein_0222,0.3218390804597701
protein_0043,protein_0223,0.19540229885057472
protein_0043,protein_0224,0.13333333333333333
protein_0043,protein_0225,0.13636363636363635
protein_0043,protein_0226,0.125
protein_0043,protein_0227,0.2
protein_0043,protein_0228,0.21052631578947367
protein_0043,protein_0229,0.20833333333333334
protein_0043,protein_0230,0.22105263157894736
protein_0043,protein_0231,0.27586206896551724
protein_0043,protein_0232,0.15730337078651685
protein_0043,protein_0233,0.1484375
protein_0043,protein_0234,0.14563106796116504
protein_0043,protein_0235,0.21782178217821782
protein_0043,protein_0236,0.27586206896551724
protein_0043,protein_0237,0.27586206896551724
protein_0043,protein_0238,0.12686567164179105
protein_0043,protein_0239,0.3181818181818182
protein_0043,protein_0240,0.26436781609195403
protein_0043,protein_0242,0.14285714285714285
protein_0043,protein_0243,0.22988505747126436
protein_0043,protein_0244,0.16091954022988506
protein_0043,protein_0245,0.17293233082706766
protein_0043,protein_0246,0.15151515151515152
protein_0043,protein_0247,0.1941747572815534
protein_0043,protein_0248,0.1839080459770115
protein_0043,protein_0249,0.28888888888888886
protein_0043,protein_0250,0.1919191919191919
protein_0043,protein_0252,0.14893617021276595
protein_0043,protein_0253,0.11403508771929824
protein_0043,protein_0254,0.17391304347826086
protein_0043,protein_0255,0.11695906432748537
protein_0043,protein_0256,0.1509433962264151
protein_0043,protein_0257,0.16981132075471697
protein_0043,protein_0258,0.2988505747126437
protein_0043,protein_0260,0.16853932584269662
protein_0043,protein_0261,0.12745098039215685
protein_0043,protein_0262,0.14482758620689656
protein_0043,protein_0265,0.20689655172413793
protein_0043,protein_0266,0.14736842105263157
protein_0043,protein_0267,0.1839080459770115
protein_0043,protein_0268,0.20833333333333334
protein_0043,protein_0270,0.1724137931034483
protein_0043,protein_0271,0.14942528735632185
protein_0043,protein_0272,0.27586206896551724
protein_0043,protein_0274,0.20224719101123595
protein_0043,protein_0275,0.14678899082568808
protein_0043,protein_0276,0.27586206896551724
protein_0043,protein_0277,0.14942528735632185
protein_0043,protein_0278,0.25555555555555554
protein_0043,protein_0279,0.22988505747126436
protein_0043,protein_0280,0.20689655172413793
protein_0043,protein_0281,0.19672131147540983
protein_0043,protein_0282,0.14942528735632185
protein_0043,protein_0283,0.10091743119266056
protein_0043,protein_0284,0.26436781609195403
protein_0043,protein_0285,0.2413793103448276
protein_0043,protein_0286,0.14285714285714285
protein_0043,protein_0287,0.16666666666666666
protein_0043,protein_0288,0.28735632183908044
protein_0043,protein_0289,0.13
protein_0043,protein_0290,0.1322314049586777
protein_0043,protein_0291,0.20689655172413793
protein_0043,protein_0292,0.14942528735632185
protein_0043,protein_0293,0.21739130434782608
protein_0043,protein_0294,0.20689655172413793
protein_0043,protein_0296,0.16793893129770993
protein_0043,protein_0297,0.13793103448275862
protein_0043,protein_0298,0.16091954022988506
protein_0043,protein_0299,0.17525773195876287
protein_0043,protein_0300,0.23
protein_0043,protein_0301,0.23
protein_0043,protein_0302,0.11467889908256881
protein_0043,protein_0304,0.14
protein_0043,protein_0305,0.17142857142857143
protein_0043,protein_0307,0.13333333333333333
protein_0043,protein_0308,0.09565217391304348
protein_0043,protein_0310,0.1485148514851485
protein_0043,protein_0311,0.23076923076923078
protein_0043,protein_0312,0.26436781609195403
protein_0043,protein_0313,0.25287356321839083
protein_0043,protein_0314,0.14423076923076922
protein_0043,protein_0316,0.14444444444444443
protein_0043,protein_0317,0.125
protein_0043,protein_0318,0.19491525423728814
protein_0043,protein_0320,0.25287356321839083
protein_0043,protein_0321,0.20833333333333334
protein_0043,protein_0322,0.22988505747126436
protein_0043,protein_0323,0.5287356321839081
protein_0043,protein_0324,0.13793103448275862
protein_0043,protein_0325,0.168141592920354
protein_0043,protein_0326,0.16129032258064516
protein_0043,protein_0327,0.25
protein_0043,protein_0329,0.1388888888888889
protein_0043,protein_0330,0.25287356321839083
protein_0043,protein_0331,0.14772727272727273
protein_0043,protein_0332,0.25842696629213485
protein_0043,protein_0333,0.22988505747126436
protein_0043,protein_0334,0.16483516483516483
protein_0043,protein_0335,0.15126050420168066
protein_0043,protein_0336,0.14942528735632185
protein_0043,protein_0337,0.2727272727272727
protein_0043,protein_0338,0.26666666666666666
protein_0043,protein_0340,0.1487603305785124
protein_0043,protein_0341,0.24271844660194175
protein_0043,protein_0342,0.17045454545454544
protein_0043,protein_0343,0.15
protein_0043,protein_0344,0.2777777777777778
protein_0043,protein_0346,0.10714285714285714
protein_0043,protein_0347,0.1839080459770115
protein_0043,protein_0348,0.12781954887218044
protein_0043,protein_0349,0.10833333333333334
protein_0043,protein_0350,0.2727272727272727
protein_0043,protein_0351,0.27586206896551724
protein_0043,protein_0352,0.16091954022988506
protein_0043,protein_0353,0.12612612612612611
protein_0043,protein_0354,0.1956521739130435
protein_0043,protein_0355,0.2413793103448276
protein_0043,protein_0356,0.14942528735632185
protein_0043,protein_0357,0.15702479338842976
protein_0043,protein_0358,0.25287356321839083
protein_0043,protein_0359,0.11475409836065574
protein_0043,protein_0360,0.21839080459770116
protein_0043,protein_0361,0.136
protein_0043,protein_0362,0.2708333333333333
protein_0043,protein_0363,0.2708333333333333
protein_0043,protein_0366,0.23595505617977527
protein_0043,protein_0367,0.20535714285714285
protein_0043,protein_0368,0.1111111111111111
protein_0043,protein_0369,0.15384615384615385
protein_0043,protein_0370,0.2777777777777778
protein_0043,protein_0371,0.22988505747126436
protein_0043,protein_0372,0.1050228310502283
protein_0043,protein_0373,0.168
protein_0043,protein_0374,0.1111111111111111
protein_0043,protein_0375,0.2727272727272727
protein_0043,protein_0376,0.14018691588785046
protein_0043,protein_0377,0.27586206896551724
protein_0043,protein_0378,0.1391304347826087
protein_0043,protein_0379,0.1595744680851064
protein_0043,protein_0380,0.1595744680851064
protein_0043,protein_0381,0.1595744680851064
protein_0043,protein_0382,0.25287356321839083
protein_0043,protein_0384,0.25
protein_0043,protein_0385,0.14678899082568808
protein_0043,protein_0386,0.13445378151260504
protein_0043,protein_0387,0.15306122448979592
protein_0043,protein_0388,0.13333333333333333
protein_0043,protein_0389,0.15217391304347827
protein_0043,protein_0391,0.1978021978021978
protein_0043,protein_0392,0.26373626373626374
protein_0043,protein_0394,0.1440677966101695
protein_0043,protein_0395,0.21649484536082475
protein_0043,protein_0396,0.17391304347826086
protein_0043,protein_0397,0.3103448275862069
protein_0043,protein_0398,0.13043478260869565
protein_0043,protein_0399,0.25287356321839083
protein_0049,protein_0000,0.3333333333333333
protein_0049,protein_0002,0.125
protein_0049,protein_0003,0.26436781609195403
protein_0049,protein_0004,0.29213483146067415
protein_0049,protein_0005,0.21052631578947367
protein_0049,protein_0006,0.5568181818181818
protein_0049,protein_0007,0.1590909090909091
protein_0049,protein_0008,0.16666666666666666
protein_0049,protein_0009,0.3068181818181818
protein_0049,protein_0010,0.4482758620689655
protein_0049,protein_0011,0.4827586206896552
protein_0049,protein_0012,0.5227272727272727
protein_0049,protein_0014,0.1650485436893204
protein_0049,protein_0015,0.1651376146788991
protein_0049,protein_0016,0.13725490196078433
protein_0049,protein_0017,0.15503875968992248
protein_0049,protein_0018,0.27586206896551724
protein_0049,protein_0019,0.16091954022988506
protein_0049,protein_0020,0.27586206896551724
protein_0049,protein_0021,0.16842105263157894
protein_0049,protein_0022,0.16842105263157894
protein_0049,protein_0023,0.17346938775510204
protein_0049,protein_0024,0.13385826771653545
protein_0049,protein_0025,0.30337078651685395
protein_0049,protein_0026,0.16296296296296298
protein_0049,protein_0027,0.13333333333333333
protein_0049,protein_0028,0.11818181818181818
protein_0049,protein_0029,0.14942528735632185
protein_0049,protein_0030,0.1111111111111111
protein_0049,protein_0031,0.14545454545454545
protein_0049,protein_0032,0.2988505747126437
protein_0049,protein_0033,0.45977011494252873
protein_0049,protein_0035,0.16101694915254236
protein_0049,protein_0036,0.14942528735632185
protein_0049,protein_0037,0.25287356321839083
protein_0049,protein_0038,0.25287356321839083
protein_0049,protein_0039,0.3068181818181818
protein_0049,protein_0040,0.12631578947368421
protein_0049,protein_0041,0.2988505747126437
protein_0049,protein_0042,0.1724137931034483
protein_0049,protein_0044,0.3218390804597701
protein_0049,protein_0045,0.32954545454545453
protein_0049,protein_0046,0.1724137931034483
protein_0049,protein_0047,0.7241379310344828
protein_0049,protein_0048,0.7126436781609196
protein_0049,protein_0050,0.1346153846153846
protein_0049,protein_0051,0.16666666666666666
protein_0049,protein_0054,0.10256410256410256
protein_0049,protein_0055,0.17054263565891473
protein_0049,protein_0056,0.16666666666666666
protein_0049,protein_0057,0.14942528735632185
protein_0049,protein_0058,0.09195402298850575
protein_0049,protein_0059,0.3103448275862069
protein_0049,protein_0060,0.16822429906542055
protein_0049,protein_0061,0.16666666666666666
protein_0049,protein_0062,0.3218390804597701
protein_0049,protein_0063,0.09389671361502347
protein_0049,protein_0064,0.25287356321839083
protein_0049,protein_0065,0.1414141414141414
protein_0049,protein_0066,0.1388888888888889
protein_0049,protein_0067,0.4482758620689655
protein_0049,protein_0068,0.27586206896551724
protein_0049,protein_0069,0.45977011494252873
protein_0049,protein_0070,0.3
protein_0049,protein_0071,0.3146067415730337
protein_0049,protein_0072,0.13402061855670103
protein_0049,protein_0073,0.3218390804597701
protein_0049,protein_0074,0.13636363636363635
protein_0049,protein_0075,0.21359223300970873
protein_0049,protein_0076,0.11494252873563218
protein_0049,protein_0077,0.3103448275862069
protein_0049,protein_0078,0.19469026548672566
protein_0049,protein_0079,0.19469026548672566
protein_0049,protein_0081,0.27586206896551724
protein_0049,protein_0082,0.16666666666666666
protein_0049,protein_0083,0.4482758620689655
protein_0049,protein_0084,0.3103448275862069
protein_0049,protein_0085,0.1553398058252427
protein_0049,protein_0086,0.1574074074074074
protein_0049,protein_0087,0.1590909090909091
protein_0049,protein_0089,0.1885245901639344
protein_0049,protein_0090,0.19672131147540983
protein_0049,protein_0092,0.10526315789473684
protein_0049,protein_0093,0.42045454545454547
protein_0049,protein_0094,0.16393442622950818
protein_0049,protein_0095,0.1826086956521739
protein_0049,protein_0096,0.13861386138613863
protein_0049,protein_0097,0.3333333333333333
protein_0049,protein_0098,0.26436781609195403
protein_0049,protein_0099,0.17117117117117117
protein_0049,protein_0100,0.16091954022988506
protein_0049,protein_0101,0.3218390804597701
protein_0049,protein_0102,0.3103448275862069
protein_0049,protein_0103,0.25
protein_0049,protein_0104,0.13821138211382114
protein_0049,protein_0106,0.1794871794871795
protein_0049,protein_0107,0.3258426966292135
protein_0049,protein_0108,0.27472527472527475
protein_0049,protein_0109,0.12643678160919541
protein_0049,protein_0110,0.42528735632183906
protein_0049,protein_0111,0.3103448275862069
protein_0049,protein_0112,0.1308411214953271
protein_0049,protein_0113,0.42528735632183906
protein_0049,protein_0114,0.3218390804597701
protein_0049,protein_0115,0.26436781609195403
protein_0049,protein_0116,0.12396694214876033
protein_0049,protein_0117,0.12396694214876033
protein_0049,protein_0118,0.1590909090909091
protein_0049,protein_0119,0.13
protein_0049,protein_0120,0.27586206896551724
protein_0049,protein_0121,0.27586206896551724
protein_0049,protein_0122,0.27586206896551724
protein_0049,protein_0123,0.15384615384615385
protein_0049,protein_0124,0.3
protein_0049,protein_0125,0.09183673469387756
protein_0049,protein_0126,0.16666666666666666
protein_0049,protein_0127,0.29545454545454547
protein_0049,protein_0128,0.3218390804597701
protein_0049,protein_0129,0.21839080459770116
protein_0049,protein_0130,0.18032786885245902
protein_0049,protein_0131,0.14772727272727273
protein_0049,protein_0132,0.17592592592592593
protein_0049,protein_0133,0.17592592592592593
protein_0049,protein_0135,0.25287356321839083
protein_0049,protein_0136,0.12605042016806722
protein_0049,protein_0137,0.13333333333333333
protein_0049,protein_0138,0.13333333333333333
protein_0049,protein_0139,0.14606741573033707
protein_0049,protein_0140,0.45977011494252873
protein_0049,protein_0141,0.26595744680851063
protein_0049,protein_0142,0.42528735632183906
protein_0049,protein_0143,0.27586206896551724
protein_0049,protein_0144,0.27586206896551724
protein_0049,protein_0145,0.14942528735632185
protein_0049,protein_0146,0.1590909090909091
protein_0049,protein_0147,0.3218390804597701
protein_0049,protein_0148,0.367816091954023
protein_0049,protein_0149,0.16483516483516483
protein_0049,protein_0150,0.27586206896551724
protein_0049,protein_0151,0.2
protein_0049,protein_0152,0.14772727272727273
protein_0049,protein_0153,0.1839080459770115
protein_0049,protein_0154,0.16091954022988506
protein_0049,protein_0155,0.16666666666666666
protein_0049,protein_0156,0.17094017094017094
protein_0049,protein_0157,0.09090909090909091
protein_0049,protein_0158,0.15555555555555556
protein_0049,protein_0159,0.3103448275862069
protein_0049,protein_0160,0.30337078651685395
protein_0049,protein_0162,0.27586206896551724
protein_0049,protein_0163,0.16822429906542055
protein_0049,protein_0164,0.2413793103448276
protein_0049,protein_0165,0.12643678160919541
protein_0049,protein_0167,0.21551724137931033
protein_0049,protein_0168,0.21551724137931033
protein_0049,protein_0169,0.11965811965811966
protein_0049,protein_0170,0.27586206896551724
protein_0049,protein_0171,0.28735632183908044
protein_0049,protein_0172,0.144
protein_0049,protein_0173,0.3218390804597701
protein_0049,protein_0174,0.2988505747126437
protein_0049,protein_0175,0.29213483146067415
protein_0049,protein_0176,0.16304347826086957
protein_0049,protein_0177,0.12222222222222222
protein_0049,protein_0178,0.17699115044247787
protein_0049,protein_0179,0.20353982300884957
protein_0049,protein_0180,0.2727272727272727
protein_0049,protein_0181,0.4482758620689655
protein_0049,protein_0182,0.3333333333333333
protein_0049,protein_0183,0.1588785046728972
protein_0049,protein_0184,0.28735632183908044
protein_0049,protein_0185,0.18
protein_0049,protein_0186,0.14018691588785046
protein_0049,protein_0187,0.28735632183908044
protein_0049,protein_0188,0.16091954022988506
protein_0049,protein_0189,0.28735632183908044
protein_0049,protein_0191,0.27586206896551724
protein_0049,protein_0192,0.2988505747126437
protein_0049,protein_0193,0.28735632183908044
protein_0049,protein_0194,0.32967032967032966
protein_0049,protein_0195,0.41379310344827586
protein_0049,protein_0196,0.4431818181818182
protein_0049,protein_0197,0.5168539325842697
protein_0049,protein_0198,0.3258426966292135
protein_0049,protein_0199,0.22340425531914893
protein_0049,protein_0200,0.42528735632183906
protein_0049,protein_0202,0.3793103448275862
protein_0049,protein_0203,0.15384615384615385
protein_0049,protein_0204,0.18888888888888888
protein_0049,protein_0206,0.5227272727272727
protein_0049,protein_0207,0.14960629921259844
protein_0049,protein_0208,0.1559633027522936
protein_0049,protein_0209,0.3218390804597701
protein_0049,protein_0210,0.30337078651685395
protein_0049,protein_0211,0.1797752808988764
protein_0049,protein_0213,0.3448275862068966
protein_0049,protein_0214,0.08045977011494253
protein_0049,protein_0215,0.1
protein_0049,protein_0216,0.09090909090909091
protein_0049,protein_0218,0.16
protein_0049,protein_0219,0.16666666666666666
protein_0049,protein_0220,0.22988505747126436
protein_0049,protein_0221,0.09782608695652174
protein_0049,protein_0222,0.9655172413793104
protein_0049,protein_0223,0.12087912087912088
protein_0049,protein_0224,0.12903225806451613
protein_0049,protein_0225,0.17045454545454544
protein_0049,protein_0226,0.14
protein_0049,protein_0227,0.16853932584269662
protein_0049,protein_0228,0.24731182795698925
protein_0049,protein_0229,0.1368421052631579
protein_0049,protein_0230,0.18947368421052632
protein_0049,protein_0231,0.3563218390804598
protein_0049,protein_0232,0.16091954022988506
protein_0049,protein_0233,0.10606060606060606
protein_0049,protein_0234,0.1388888888888889
protein_0049,protein_0235,0.17525773195876287
protein_0049,protein_0236,0.45977011494252873
protein_0049,protein_0237,0.45977011494252873
protein_0049,protein_0238,0.1417910447761194
protein_0049,protein_0239,0.27586206896551724
protein_0049,protein_0240,0.2988505747126437
protein_0049,protein_0242,0.13636363636363635
protein_0049,protein_0243,0.2840909090909091
protein_0049,protein_0244,0.1797752808988764
protein_0049,protein_0245,0.17094017094017094
protein_0049,protein_0246,0.16666666666666666
protein_0049,protein_0247,0.1839080459770115
protein_0049,protein_0248,0.2988505747126437
protein_0049,protein_0249,0.30337078651685395
protein_0049,protein_0250,0.12643678160919541
protein_0049,protein_0252,0.16842105263157894
protein_0049,protein_0253,0.11403508771929824
protein_0049,protein_0254,0.1724137931034483
protein_0049,protein_0255,0.10227272727272728
protein_0049,protein_0256,0.16346153846153846
protein_0049,protein_0257,0.14814814814814814
protein_0049,protein_0258,0.47126436781609193
protein_0049,protein_0260,0.1595744680851064
protein_0049,protein_0261,0.09090909090909091
protein_0049,protein_0262,0.13793103448275862
protein_0049,protein_0265,0.25287356321839083
protein_0049,protein_0266,0.15555555555555556
protein_0049,protein_0267,0.18888888888888888
protein_0049,protein_0268,0.14772727272727273
protein_0049,protein_0270,0.14772727272727273
protein_0049,protein_0271,0.1724137931034483
protein_0049,protein_0272,0.47126436781609193
protein_0049,protein_0274,0.21052631578947367
protein_0049,protein_0275,0.16
protein_0049,protein_0276,0.29213483146067415
protein_0049,protein_0277,0.19540229885057472
protein_0049,protein_0278,0.3333333333333333
protein_0049,protein_0279,0.27586206896551724
protein_0049,protein_0280,0.26436781609195403
protein_0049,protein_0281,0.13675213675213677
protein_0049,protein_0282,0.13333333333333333
protein_0049,protein_0283,0.1004566210045662
protein_0049,protein_0284,0.22988505747126436
protein_0049,protein_0285,0.4827586206896552
protein_0049,protein_0286,0.1590909090909091
protein_0049,protein_0287,0.18518518518518517
protein_0049,protein_0288,0.2988505747126437
protein_0049,protein_0289,0.11363636363636363
protein_0049,protein_0290,0.12871287128712872
protein_0049,protein_0291,0.26436781609195403
protein_0049,protein_0292,0.16666666666666666
protein_0049,protein_0293,0.19148936170212766
protein_0049,protein_0294,0.26436781609195403
protein_0049,protein_0296,0.1415929203539823
protein_0049,protein_0297,0.14772727272727273
protein_0049,protein_0298,0.16091954022988506
protein_0049,protein_0299,0.2268041237113402
protein_0049,protein_0300,0.13829787234042554
protein_0049,protein_0301,0.13829787234042554
protein_0049,protein_0302,0.07834101382488479
protein_0049,protein_0304,0.12087912087912088
protein_0049,protein_0305,0.1650485436893204
protein_0049,protein_0307,0.16279069767441862
protein_0049,protein_0308,0.15
protein_0049,protein_0310,0.20192307692307693
protein_0049,protein_0311,0.28735632183908044
protein_0049,protein_0312,0.3103448275862069
protein_0049,protein_0313,0.19540229885057472
protein_0049,protein_0314,0.12745098039215685
protein_0049,protein_0316,0.14772727272727273
protein_0049,protein_0317,0.14
protein_0049,protein_0318,0.1487603305785124
protein_0049,protein_0320,0.3333333333333333
protein_0049,protein_0321,0.2111111111111111
protein_0049,protein_0322,0.25287356321839083
protein_0049,protein_0323,0.28735632183908044
protein_0049,protein_0324,0.12643678160919541
protein_0049,protein_0325,0.16216216216216217
protein_0049,protein_0326,0.13978494623655913
protein_0049,protein_0327,0.27586206896551724
protein_0049,protein_0329,0.13274336283185842
protein_0049,protein_0330,0.4367816091954023
protein_0049,protein_0331,0.14942528735632185
protein_0049,protein_0332,0.22988505747126436
protein_0049,protein_0333,0.21839080459770116
protein_0049,protein_0334,0.17777777777777778
protein_0049,protein_0335,0.1559633027522936
protein_0049,protein_0336,0.11494252873563218
protein_0049,protein_0337,0.40229885057471265
protein_0049,protein_0338,0.27586206896551724
protein_0049,protein_0340,0.1111111111111111
protein_0049,protein_0341,0.23809523809523808
protein_0049,protein_0342,0.13793103448275862
protein_0049,protein_0343,0.125
protein_0049,protein_0344,0.27586206896551724
protein_0049,protein_0346,0.13675213675213677
protein_0049,protein_0347,0.18681318681318682
protein_0049,protein_0348,0.13432835820895522
protein_0049,protein_0349,0.17142857142857143
protein_0049,protein_0350,0.3103448275862069
protein_0049,protein_0351,0.45977011494252873
protein_0049,protein_0352,0.13793103448275862
protein_0049,protein_0353,0.19130434782608696
protein_0049,protein_0354,0.25287356321839083
protein_0049,protein_0355,0.41379310344827586
protein_0049,protein_0356,0.14772727272727273
protein_0049,protein_0357,0.12
protein_0049,protein_0358,0.27586206896551724
protein_0049,protein_0359,0.12396694214876033
protein_0049,protein_0360,0.28735632183908044
protein_0049,protein_0361,0.171875
protein_0049,protein_0362,0.21839080459770116
protein_0049,protein_0363,0.21839080459770116
protein_0049,protein_0366,0.19540229885057472
protein_0049,protein_0367,0.17307692307692307
protein_0049,protein_0368,0.16483516483516483
protein_0049,protein_0369,0.1368421052631579
protein_0049,protein_0370,0.27586206896551724
protein_0049,protein_0371,0.28735632183908044
protein_0049,protein_0372,0.10550458715596331
protein_0049,protein_0373,0.1574074074074074
protein_0049,protein_0374,0.11965811965811966
protein_0049,protein_0375,0.28735632183908044
protein_0049,protein_0376,0.18518518518518517
protein_0049,protein_0377,0.2413793103448276
protein_0049,protein_0378,0.16964285714285715
protein_0049,protein_0379,0.15789473684210525
protein_0049,protein_0380,0.15789473684210525
protein_0049,protein_0381,0.15789473684210525
protein_0049,protein_0382,0.21839080459770116
protein_0049,protein_0384,0.3103448275862069
protein_0049,protein_0385,0.1588785046728972
protein_0049,protein_0386,0.13592233009708737
protein_0049,protein_0387,0.14953271028037382
protein_0049,protein_0388,0.15730337078651685
protein_0049,protein_0389,0.08045977011494253
protein_0049,protein_0391,0.2111111111111111
protein_0049,protein_0392,0.29213483146067415
protein_0049,protein_0394,0.125
protein_0049,protein_0395,0.20652173913043478
protein_0049,protein_0396,0.1282051282051282
protein_0049,protein_0397,0.2727272727272727
protein_0049,protein_0398,0.15126050420168066
protein_0049,protein_0399,0.3563218390804598
protein_0052,protein_0000,0.3448275862068966
protein_0052,protein_0002,0.15555555555555556
protein_0052,protein_0003,0.39080459770114945
protein_0052,protein_0004,0.6091954022988506
protein_0052,protein_0005,0.11224489795918367
protein_0052,protein_0006,0.26136363636363635
protein_0052,protein_0007,0.16091954022988506
protein_0052,protein_0008,0.16161616161616163
protein_0052,protein_0009,0.20689655172413793
protein_0052,protein_0010,0.28888888888888886
protein_0052,protein_0011,0.32222222222222224
protein_0052,protein_0012,0.3409090909090909
protein_0052,protein_0014,0.16
protein_0052,protein_0015,0.1553398058252427
protein_0052,protein_0016,0.13861386138613863
protein_0052,protein_0017,0.10606060606060606
protein_0052,protein_0018,0.367816091954023
protein_0052,protein_0019,0.14942528735632185
protein_0052,protein_0020,0.3218390804597701
protein_0052,protein_0021,0.14893617021276595
protein_0052,protein_0022,0.16666666666666666
protein_0052,protein_0023,0.10227272727272728
protein_0052,protein_0024,0.12
protein_0052,protein_0025,0.2988505747126437
protein_0052,protein_0026,0.12403100775193798
protein_0052,protein_0027,0.18556701030927836
protein_0052,protein_0028,0.15841584158415842
protein_0052,protein_0029,0.16483516483516483
protein_0052,protein_0030,0.13178294573643412
protein_0052,protein_0031,0.14423076923076922
protein_0052,protein_0032,0.5862068965517241
protein_0052,protein_0033,0.2988505747126437
protein_0052,protein_0035,0.10679611650485436
protein_0052,protein_0036,0.14772727272727273
protein_0052,protein_0037,0.25287356321839083
protein_0052,protein_0038,0.25287356321839083
protein_0052,protein_0039,0.20689655172413793
protein_0052,protein_0040,0.08045977011494253
protein_0052,protein_0041,0.6022727272727273
protein_0052,protein_0042,0.2413793103448276
protein_0052,protein_0044,0.22988505747126436
protein_0052,protein_0045,0.39080459770114945
protein_0052,protein_0046,0.17045454545454544
protein_0052,protein_0047,0.27586206896551724
protein_0052,protein_0048,0.2727272727272727
protein_0052,protein_0050,0.1346153846153846
protein_0052,protein_0051,0.1935483870967742
protein_0052,protein_0054,0.1452991452991453
protein_0052,protein_0055,0.11278195488721804
protein_0052,protein_0056,0.15841584158415842
protein_0052,protein_0057,0.15384615384615385
protein_0052,protein_0058,0.1839080459770115
protein_0052,protein_0059,0.27586206896551724
protein_0052,protein_0060,0.13333333333333333
protein_0052,protein_0061,0.24175824175824176
protein_0052,protein_0062,0.3563218390804598
protein_0052,protein_0063,0.10328638497652583
protein_0052,protein_0064,0.3563218390804598
protein_0052,protein_0065,0.17142857142857143
protein_0052,protein_0066,0.1111111111111111
protein_0052,protein_0067,0.3
protein_0052,protein_0068,0.30337078651685395
protein_0052,protein_0069,0.26436781609195403
protein_0052,protein_0070,0.19540229885057472
protein_0052,protein_0071,0.25287356321839083
protein_0052,protein_0072,0.14942528735632185
protein_0052,protein_0073,0.20689655172413793
protein_0052,protein_0074,0.13978494623655913
protein_0052,protein_0075,0.15463917525773196
protein_0052,protein_0076,0.1724137931034483
protein_0052,protein_0077,0.3793103448275862
protein_0052,protein_0078,0.1509433962264151
protein_0052,protein_0079,0.1509433962264151
protein_0052,protein_0081,0.3977272727272727
protein_0052,protein_0082,0.1
protein_0052,protein_0083,0.26436781609195403
protein_0052,protein_0084,0.25555555555555554
protein_0052,protein_0085,0.09
protein_0052,protein_0086,0.11428571428571428
protein_0052,protein_0087,0.13636363636363635
protein_0052,protein_0089,0.14782608695652175
protein_0052,protein_0090,0.14545454545454545
protein_0052,protein_0092,0.1623931623931624
protein_0052,protein_0093,0.26666666666666666
protein_0052,protein_0094,0.1623931623931624
protein_0052,protein_0095,0.1440677966101695
protein_0052,protein_0096,0.18811881188118812
protein_0052,protein_0097,0.2857142857142857
protein_0052,protein_0098,0.3793103448275862
protein_0052,protein_0099,0.1415929203539823
protein_0052,protein_0100,0.16666666666666666
protein_0052,protein_0101,0.24444444444444444
protein_0052,protein_0102,0.24719101123595505
protein_0052,protein_0103,0.22988505747126436
protein_0052,protein_0104,0.136
protein_0052,protein_0106,0.13709677419354838
protein_0052,protein_0107,0.40229885057471265
protein_0052,protein_0108,0.2413793103448276
protein_0052,protein_0109,0.14444444444444443
protein_0052,protein_0110,0.26666666666666666
protein_0052,protein_0111,0.22988505747126436
protein_0052,protein_0112,0.16
protein_0052,protein_0113,0.35555555555555557
protein_0052,protein_0114,0.5287356321839081
protein_0052,protein_0115,0.26436781609195403
protein_0052,protein_0116,0.12173913043478261
protein_0052,protein_0117,0.12173913043478261
protein_0052,protein_0118,0.19318181818181818
protein_0052,protein_0119,0.13513513513513514
protein_0052,protein_0120,0.375
protein_0052,protein_0121,0.375
protein_0052,protein_0122,0.27586206896551724
protein_0052,protein_0123,0.1724137931034483
protein_0052,protein_0124,0.34782608695652173
protein_0052,protein_0125,0.125
protein_0052,protein_0126,0.1414141414141414
protein_0052,protein_0127,0.4482758620689655
protein_0052,protein_0128,0.3333333333333333
protein_0052,protein_0129,0.21839080459770116
protein_0052,protein_0130,0.1282051282051282
protein_0052,protein_0131,0.14942528735632185
protein_0052,protein_0132,0.24074074074074073
protein_0052,protein_0133,0.24074074074074073
protein_0052,protein_0135,0.2988505747126437
protein_0052,protein_0136,0.1322314049586777
protein_0052,protein_0137,0.1440677966101695
protein_0052,protein_0138,0.1440677966101695
protein_0052,protein_0139,0.17045454545454544
protein_0052,protein_0140,0.3218390804597701
protein_0052,protein_0141,0.26436781609195403
protein_0052,protein_0142,0.3333333333333333
protein_0052,protein_0143,0.3181818181818182
protein_0052,protein_0144,0.27586206896551724
protein_0052,protein_0145,0.1724137931034483
protein_0052,protein_0146,0.14942528735632185
protein_0052,protein_0147,0.42528735632183906
protein_0052,protein_0148,0.2988505747126437
protein_0052,protein_0149,0.1839080459770115
protein_0052,protein_0150,0.3333333333333333
protein_0052,protein_0151,0.2553191489361702
protein_0052,protein_0152,0.15384615384615385
protein_0052,protein_0153,0.19540229885057472
protein_0052,protein_0154,0.21348314606741572
protein_0052,protein_0155,0.17094017094017094
protein_0052,protein_0156,0.16666666666666666
protein_0052,protein_0157,0.15053763440860216
protein_0052,protein_0158,0.1839080459770115
protein_0052,protein_0159,0.3563218390804598
protein_0052,protein_0160,0.2988505747126437
protein_0052,protein_0162,0.3448275862068966
protein_0052,protein_0163,0.14285714285714285
protein_0052,protein_0164,0.3563218390804598
protein_0052,protein_0165,0.15555555555555556
protein_0052,protein_0167,0.10810810810810811
protein_0052,protein_0168,0.11711711711711711
protein_0052,protein_0169,0.12
protein_0052,protein_0170,0.2988505747126437
protein_0052,protein_0171,0.2840909090909091
protein_0052,protein_0172,0.1349206349206349
protein_0052,protein_0173,0.3103448275862069
protein_0052,protein_0174,0.27586206896551724
protein_0052,protein_0175,0.2988505747126437
protein_0052,protein_0176,0.20454545454545456
protein_0052,protein_0177,0.1595744680851064
protein_0052,protein_0178,0.17391304347826086
protein_0052,protein_0179,0.1826086956521739
protein_0052,protein_0180,0.25287356321839083
protein_0052,protein_0181,0.3
protein_0052,protein_0182,0.28735632183908044
protein_0052,protein_0183,0.1782178217821782
protein_0052,protein_0184,0.3181818181818182
protein_0052,protein_0185,0.19
protein_0052,protein_0186,0.1509433962264151
protein_0052,protein_0187,0.27586206896551724
protein_0052,protein_0188,0.13793103448275862
protein_0052,protein_0189,0.3218390804597701
protein_0052,protein_0191,0.6666666666666666
protein_0052,protein_0192,0.3793103448275862
protein_0052,protein_0193,0.3563218390804598
protein_0052,protein_0194,0.1839080459770115
protein_0052,protein_0195,0.30337078651685395
protein_0052,protein_0196,0.28735632183908044
protein_0052,protein_0197,0.3218390804597701
protein_0052,protein_0198,0.6091954022988506
protein_0052,protein_0199,0.2222222222222222
protein_0052,protein_0200,0.25287356321839083
protein_0052,protein_0202,0.3068181818181818
protein_0052,protein_0203,0.11965811965811966
protein_0052,protein_0204,0.1724137931034483
protein_0052,protein_0206,0.3409090909090909
protein_0052,protein_0207,0.1484375
protein_0052,protein_0208,0.1568627450980392
protein_0052,protein_0209,0.27586206896551724
protein_0052,protein_0210,0.3146067415730337
protein_0052,protein_0211,0.1559633027522936
protein_0052,protein_0213,0.367816091954023
protein_0052,protein_0214,0.12643678160919541
protein_0052,protein_0215,0.13793103448275862
protein_0052,protein_0216,0.1553398058252427
protein_0052,protein_0218,0.17164179104477612
protein_0052,protein_0219,0.12605042016806722
protein_0052,protein_0220,0.3448275862068966
protein_0052,protein_0221,0.1839080459770115
protein_0052,protein_0222,0.26436781609195403
protein_0052,protein_0223,0.16091954022988506
protein_0052,protein_0224,0.12643678160919541
protein_0052,protein_0225,0.21052631578947367
protein_0052,protein_0226,0.18691588785046728
protein_0052,protein_0227,0.11363636363636363
protein_0052,protein_0228,0.20618556701030927
protein_0052,protein_0229,0.19101123595505617
protein_0052,protein_0230,0.15789473684210525
protein_0052,protein_0231,0.39080459770114945
protein_0052,protein_0232,0.17045454545454544
protein_0052,protein_0233,0.15384615384615385
protein_0052,protein_0234,0.17757009345794392
protein_0052,protein_0235,0.18518518518518517
protein_0052,protein_0236,0.26436781609195403
protein_0052,protein_0237,0.26436781609195403
protein_0052,protein_0238,0.15037593984962405
protein_0052,protein_0239,0.2988505747126437
protein_0052,protein_0240,0.28735632183908044
protein_0052,protein_0242,0.14942528735632185
protein_0052,protein_0243,0.3258426966292135
protein_0052,protein_0244,0.15555555555555556
protein_0052,protein_0245,0.15126050420168066
protein_0052,protein_0246,0.16494845360824742
protein_0052,protein_0247,0.1553398058252427
protein_0052,protein_0248,0.3111111111111111
protein_0052,protein_0249,0.2988505747126437
protein_0052,protein_0250,0.16326530612244897
protein_0052,protein_0252,0.1827956989247312
protein_0052,protein_0253,0.1504424778761062
protein_0052,protein_0254,0.13333333333333333
protein_0052,protein_0255,0.125
protein_0052,protein_0256,0.1574074074074074
protein_0052,protein_0257,0.14814814814814814
protein_0052,protein_0258,0.2988505747126437
protein_0052,protein_0260,0.17391304347826086
protein_0052,protein_0261,0.18095238095238095
protein_0052,protein_0262,0.11510791366906475
protein_0052,protein_0265,0.4482758620689655
protein_0052,protein_0266,0.1568627450980392
protein_0052,protein_0267,0.2159090909090909
protein_0052,protein_0268,0.1797752808988764
protein_0052,protein_0270,0.21839080459770116
protein_0052,protein_0271,0.1956521739130435
protein_0052,protein_0272,0.32954545454545453
protein_0052,protein_0274,0.21348314606741572
protein_0052,protein_0275,0.17142857142857143
protein_0052,protein_0276,0.42045454545454547
protein_0052,protein_0277,0.1839080459770115
protein_0052,protein_0278,0.2777777777777778
protein_0052,protein_0279,0.27586206896551724
protein_0052,protein_0280,0.26136363636363635
protein_0052,protein_0281,0.15126050420168066
protein_0052,protein_0282,0.17045454545454544
protein_0052,protein_0283,0.10091743119266056
protein_0052,protein_0284,0.27586206896551724
protein_0052,protein_0285,0.3103448275862069
protein_0052,protein_0286,0.17391304347826086
protein_0052,protein_0287,0.19444444444444445
protein_0052,protein_0288,0.3563218390804598
protein_0052,protein_0289,0.13186813186813187
protein_0052,protein_0290,0.14285714285714285
protein_0052,protein_0291,0.19540229885057472
protein_0052,protein_0292,0.15730337078651685
protein_0052,protein_0293,0.2222222222222222
protein_0052,protein_0294,0.19540229885057472
protein_0052,protein_0296,0.13274336283185842
protein_0052,protein_0297,0.12643678160919541
protein_0052,protein_0298,0.1724137931034483
protein_0052,protein_0299,0.16842105263157894
protein_0052,protein_0300,0.17894736842105263
protein_0052,protein_0301,0.16666666666666666
protein_0052,protein_0302,0.1336405529953917
protein_0052,protein_0304,0.13793103448275862
protein_0052,protein_0305,0.21153846153846154
protein_0052,protein_0307,0.1271186440677966
protein_0052,protein_0308,0.16521739130434782
protein_0052,protein_0310,0.18095238095238095
protein_0052,protein_0311,0.3448275862068966
protein_0052,protein_0312,0.40229885057471265
protein_0052,protein_0313,0.1839080459770115
protein_0052,protein_0314,0.1415929203539823
protein_0052,protein_0316,0.1590909090909091
protein_0052,protein_0317,0.10091743119266056
protein_0052,protein_0318,0.09734513274336283
protein_0052,protein_0320,0.2988505747126437
protein_0052,protein_0321,0.2
protein_0052,protein_0322,0.28735632183908044
protein_0052,protein_0323,0.27586206896551724
protein_0052,protein_0324,0.21348314606741572
protein_0052,protein_0325,0.14285714285714285
protein_0052,protein_0326,0.2
protein_0052,protein_0327,0.34065934065934067
protein_0052,protein_0329,0.1388888888888889
protein_0052,protein_0330,0.3146067415730337
protein_0052,protein_0331,0.15384615384615385
protein_0052,protein_0332,0.26436781609195403
protein_0052,protein_0333,0.25287356321839083
protein_0052,protein_0334,0.2
protein_0052,protein_0335,0.12727272727272726
protein_0052,protein_0336,0.14942528735632185
protein_0052,protein_0337,0.27586206896551724
protein_0052,protein_0338,0.26436781609195403
protein_0052,protein_0340,0.14953271028037382
protein_0052,protein_0341,0.19607843137254902
protein_0052,protein_0342,0.12643678160919541
protein_0052,protein_0343,0.14
protein_0052,protein_0344,0.3793103448275862
protein_0052,protein_0346,0.14166666666666666
protein_0052,protein_0347,0.1724137931034483
protein_0052,protein_0348,0.14173228346456693
protein_0052,protein_0349,0.14285714285714285
protein_0052,protein_0350,0.39080459770114945
protein_0052,protein_0351,0.26436781609195403
protein_0052,protein_0352,0.13333333333333333
protein_0052,protein_0353,0.14634146341463414
protein_0052,protein_0354,0.20689655172413793
protein_0052,protein_0355,0.27586206896551724
protein_0052,protein_0356,0.14444444444444443
protein_0052,protein_0357,0.1746031746031746
protein_0052,protein_0358,0.39080459770114945
protein_0052,protein_0359,0.1349206349206349
protein_0052,protein_0360,0.4482758620689655
protein_0052,protein_0361,0.112
protein_0052,protein_0362,0.21839080459770116
protein_0052,protein_0363,0.21839080459770116
protein_0052,protein_0366,0.2553191489361702
protein_0052,protein_0367,0.18095238095238095
protein_0052,protein_0368,0.14285714285714285
protein_0052,protein_0369,0.18888888888888888
protein_0052,protein_0370,0.3793103448275862
protein_0052,protein_0371,0.7011494252873564
protein_0052,protein_0372,0.10550458715596331
protein_0052,protein_0373,0.13636363636363635
protein_0052,protein_0374,0.16806722689075632
protein_0052,protein_0375,0.47126436781609193
protein_0052,protein_0376,0.1346153846153846
protein_0052,protein_0377,0.3448275862068966
protein_0052,protein_0378,0.1
protein_0052,protein_0379,0.21212121212121213
protein_0052,protein_0380,0.21212121212121213
protein_0052,protein_0381,0.21212121212121213
protein_0052,protein_0382,0.22988505747126436
protein_0052,protein_0384,0.2988505747126437
protein_0052,protein_0385,0.16831683168316833
protein_0052,protein_0386,0.13761467889908258
protein_0052,protein_0387,0.10784313725490197
protein_0052,protein_0388,0.14772727272727273
protein_0052,protein_0389,0.12643678160919541
protein_0052,protein_0391,0.24175824175824176
protein_0052,protein_0392,0.3103448275862069
protein_0052,protein_0394,0.14912280701754385
protein_0052,protein_0395,0.25274725274725274
protein_0052,protein_0396,0.14035087719298245
protein_0052,protein_0397,0.3181818181818182
protein_0052,protein_0398,0.16129032258064516
protein_0052,protein_0399,0.367816091954023
protein_0053,protein_0000,0.42528735632183906
protein_0053,protein_0002,0.13541666666666666
protein_0053,protein_0003,0.367816091954023
protein_0053,protein_0004,0.2988505747126437
protein_0053,protein_0005,0.1782178217821782
protein_0053,protein_0006,0.32954545454545453
protein_0053,protein_0007,0.19148936170212766
protein_0053,protein_0008,0.19811320754716982
protein_0053,protein_0009,0.25287356321839083
protein_0053,protein_0010,0.3793103448275862
protein_0053,protein_0011,0.367816091954023
protein_0053,protein_0012,0.4222222222222222
protein_0053,protein_0014,0.17475728155339806
protein_0053,protein_0015,0.18811881188118812
protein_0053,protein_0016,0.16
protein_0053,protein_0017,0.13846153846153847
protein_0053,protein_0018,0.3218390804597701
protein_0053,protein_0019,0.1724137931034483
protein_0053,protein_0020,0.3956043956043956
protein_0053,protein_0021,0.11235955056179775
protein_0053,protein_0022,0.13541666666666666
protein_0053,protein_0023,0.1111111111111111
protein_0053,protein_0024,0.1271186440677966
protein_0053,protein_0025,0.39080459770114945
protein_0053,protein_0026,0.16296296296296298
protein_0053,protein_0027,0.2079207920792079
protein_0053,protein_0028,0.14035087719298245
protein_0053,protein_0029,0.16483516483516483
protein_0053,protein_0030,0.1935483870967742
protein_0053,protein_0031,0.19811320754716982
protein_0053,protein_0032,0.3522727272727273
protein_0053,protein_0033,0.3333333333333333
protein_0053,protein_0035,0.1926605504587156
protein_0053,protein_0036,0.17045454545454544
protein_0053,protein_0037,0.25287356321839083
protein_0053,protein_0038,0.25287356321839083
protein_0053,protein_0039,0.25287356321839083
protein_0053,protein_0040,0.11363636363636363
protein_0053,protein_0041,0.3448275862068966
protein_0053,protein_0042,0.23595505617977527
protein_0053,protein_0044,0.27586206896551724
protein_0053,protein_0045,0.32222222222222224
protein_0053,protein_0046,0.2127659574468085
protein_0053,protein_0047,0.3793103448275862
protein_0053,protein_0048,0.3448275862068966
protein_0053,protein_0050,0.15151515151515152
protein_0053,protein_0051,0.17045454545454544
protein_0053,protein_0054,0.175
protein_0053,protein_0055,0.17886178861788618
protein_0053,protein_0056,0.16822429906542055
protein_0053,protein_0057,0.19540229885057472
protein_0053,protein_0058,0.13793103448275862
protein_0053,protein_0059,0.2988505747126437
protein_0053,protein_0060,0.14285714285714285
protein_0053,protein_0061,0.21649484536082475
protein_0053,protein_0062,0.40229885057471265
protein_0053,protein_0063,0.09389671361502347
protein_0053,protein_0064,0.3448275862068966
protein_0053,protein_0065,0.14563106796116504
protein_0053,protein_0066,0.11214953271028037
protein_0053,protein_0067,0.367816091954023
protein_0053,protein_0068,0.28735632183908044
protein_0053,protein_0069,0.3793103448275862
protein_0053,protein_0070,0.2777777777777778
protein_0053,protein_0071,0.26436781609195403
protein_0053,protein_0072,0.1590909090909091
protein_0053,protein_0073,0.3103448275862069
protein_0053,protein_0074,0.19607843137254902
protein_0053,protein_0075,0.18269230769230768
protein_0053,protein_0076,0.13793103448275862
protein_0053,protein_0077,0.47126436781609193
protein_0053,protein_0078,0.14423076923076922
protein_0053,protein_0079,0.14423076923076922
protein_0053,protein_0081,0.367816091954023
protein_0053,protein_0082,0.15384615384615385
protein_0053,protein_0083,0.36666666666666664
protein_0053,protein_0084,0.26136363636363635
protein_0053,protein_0085,0.15384615384615385
protein_0053,protein_0086,0.1452991452991453
protein_0053,protein_0087,0.14606741573033707
protein_0053,protein_0089,0.15178571428571427
protein_0053,protein_0090,0.15178571428571427
protein_0053,protein_0092,0.11864406779661017
protein_0053,protein_0093,0.3522727272727273
protein_0053,protein_0094,0.19491525423728814
protein_0053,protein_0095,0.14912280701754385
protein_0053,protein_0096,0.2018348623853211
protein_0053,protein_0097,0.2988505747126437
protein_0053,protein_0098,0.3448275862068966
protein_0053,protein_0099,0.13861386138613863
protein_0053,protein_0100,0.15384615384615385
protein_0053,protein_0101,0.3103448275862069
protein_0053,protein_0102,0.26373626373626374
protein_0053,protein_0103,0.25287356321839083
protein_0053,protein_0104,0.176
protein_0053,protein_0106,0.19642857142857142
protein_0053,protein_0107,0.39080459770114945
protein_0053,protein_0108,0.22727272727272727
protein_0053,protein_0109,0.12359550561797752
protein_0053,protein_0110,0.3258426966292135
protein_0053,protein_0111,0.28735632183908044
protein_0053,protein_0112,0.1619047619047619
protein_0053,protein_0113,0.3218390804597701
protein_0053,protein_0114,0.3333333333333333
protein_0053,protein_0115,0.3448275862068966
protein_0053,protein_0116,0.15789473684210525
protein_0053,protein_0117,0.15789473684210525
protein_0053,protein_0118,0.1724137931034483
protein_0053,protein_0119,0.12149532710280374
protein_0053,protein_0120,0.42528735632183906
protein_0053,protein_0121,0.42528735632183906
protein_0053,protein_0122,0.2696629213483146
protein_0053,protein_0123,0.14772727272727273
protein_0053,protein_0124,0.4367816091954023
protein_0053,protein_0125,0.14285714285714285
protein_0053,protein_0126,0.12380952380952381
protein_0053,protein_0127,0.3333333333333333
protein_0053,protein_0128,0.47126436781609193
protein_0053,protein_0129,0.20689655172413793
protein_0053,protein_0130,0.15789473684210525
protein_0053,protein_0131,0.10344827586206896
protein_0053,protein_0132,0.1743119266055046
protein_0053,protein_0133,0.1743119266055046
protein_0053,protein_0135,0.40229885057471265
protein_0053,protein_0136,0.1532258064516129
protein_0053,protein_0137,0.1557377049180328
protein_0053,protein_0138,0.1557377049180328
protein_0053,protein_0139,0.16091954022988506
protein_0053,protein_0140,0.3793103448275862
protein_0053,protein_0141,0.25287356321839083
protein_0053,protein_0142,0.367816091954023
protein_0053,protein_0143,0.3563218390804598
protein_0053,protein_0144,0.3448275862068966
protein_0053,protein_0145,0.15730337078651685
protein_0053,protein_0146,0.13793103448275862
protein_0053,protein_0147,0.4367816091954023
protein_0053,protein_0148,0.41379310344827586
protein_0053,protein_0149,0.14772727272727273
protein_0053,protein_0150,0.30337078651685395
protein_0053,protein_0151,0.21348314606741572
protein_0053,protein_0152,0.17204301075268819
protein_0053,protein_0153,0.20454545454545456
protein_0053,protein_0154,0.18181818181818182
protein_0053,protein_0155,0.15328467153284672
protein_0053,protein_0156,0.16964285714285715
protein_0053,protein_0157,0.15841584158415842
protein_0053,protein_0158,0.13636363636363635
protein_0053,protein_0159,0.3218390804597701
protein_0053,protein_0160,0.43478260869565216
protein_0053,protein_0162,0.4367816091954023
protein_0053,protein_0163,0.1523809523809524
protein_0053,protein_0164,0.41379310344827586
protein_0053,protein_0165,0.12359550561797752
protein_0053,protein_0167,0.13445378151260504
protein_0053,protein_0168,0.13445378151260504
protein_0053,protein_0169,0.1206896551724138
protein_0053,protein_0170,0.40229885057471265
protein_0053,protein_0171,0.28735632183908044
protein_0053,protein_0172,0.18333333333333332
protein_0053,protein_0173,0.42528735632183906
protein_0053,protein_0174,0.44086021505376344
protein_0053,protein_0175,0.43010752688172044
protein_0053,protein_0176,0.14444444444444443
protein_0053,protein_0177,0.1590909090909091
protein_0053,protein_0178,0.11504424778761062
protein_0053,protein_0179,0.17094017094017094
protein_0053,protein_0180,0.2413793103448276
protein_0053,protein_0181,0.3793103448275862
protein_0053,protein_0182,0.39080459770114945
protein_0053,protein_0183,0.20388349514563106
protein_0053,protein_0184,0.4065934065934066
protein_0053,protein_0185,0.21052631578947367
protein_0053,protein_0186,0.21568627450980393
protein_0053,protein_0187,0.43010752688172044
protein_0053,protein_0188,0.13793103448275862
protein_0053,protein_0189,0.2988505747126437
protein_0053,protein_0191,0.35555555555555557
protein_0053,protein_0192,0.42528735632183906
protein_0053,protein_0193,0.39325842696629215
protein_0053,protein_0194,0.2988505747126437
protein_0053,protein_0195,0.38636363636363635
protein_0053,protein_0196,0.3333333333333333
protein_0053,protein_0197,0.367816091954023
protein_0053,protein_0198,0.3333333333333333
protein_0053,protein_0199,0.2222222222222222
protein_0053,protein_0200,0.30434782608695654
protein_0053,protein_0202,0.4157303370786517
protein_0053,protein_0203,0.1652892561983471
protein_0053,protein_0204,0.19318181818181818
protein_0053,protein_0206,0.4222222222222222
protein_0053,protein_0207,0.15966386554621848
protein_0053,protein_0208,0.15384615384615385
protein_0053,protein_0209,0.2988505747126437
protein_0053,protein_0210,0.40229885057471265
protein_0053,protein_0211,0.17475728155339806
protein_0053,protein_0213,0.41379310344827586
protein_0053,protein_0214,0.0898876404494382
protein_0053,protein_0215,0.1134020618556701
protein_0053,protein_0216,0.12612612612612611
protein_0053,protein_0218,0.16666666666666666
protein_0053,protein_0219,0.13008130081300814
protein_0053,protein_0220,0.3448275862068966
protein_0053,protein_0221,0.15384615384615385
protein_0053,protein_0222,0.367816091954023
protein_0053,protein_0223,0.16853932584269662
protein_0053,protein_0224,0.13793103448275862
protein_0053,protein_0225,0.17582417582417584
protein_0053,protein_0226,0.1111111111111111
protein_0053,protein_0227,0.12222222222222222
protein_0053,protein_0228,0.23711340206185566
protein_0053,protein_0229,0.20408163265306123
protein_0053,protein_0230,0.1935483870967742
protein_0053,protein_0231,0.4482758620689655
protein_0053,protein_0232,0.17777777777777778
protein_0053,protein_0233,0.1328125
protein_0053,protein_0234,0.20588235294117646
protein_0053,protein_0235,0.16091954022988506
protein_0053,protein_0236,0.3218390804597701
protein_0053,protein_0237,0.3218390804597701
protein_0053,protein_0238,0.14074074074074075
protein_0053,protein_0239,0.41379310344827586
protein_0053,protein_0240,0.42528735632183906
protein_0053,protein_0242,0.16091954022988506
protein_0053,protein_0243,0.4673913043478261
protein_0053,protein_0244,0.15151515151515152
protein_0053,protein_0245,0.16666666666666666
protein_0053,protein_0246,0.12903225806451613
protein_0053,protein_0247,0.1702127659574468
protein_0053,protein_0248,0.4482758620689655
protein_0053,protein_0249,0.41379310344827586
protein_0053,protein_0250,0.14942528735632185
protein_0053,protein_0252,0.13861386138613863
protein_0053,protein_0253,0.18584070796460178
protein_0053,protein_0254,0.11494252873563218
protein_0053,protein_0255,0.11695906432748537
protein_0053,protein_0256,0.1262135922330097
protein_0053,protein_0257,0.12264150943396226
protein_0053,protein_0258,0.3956043956043956
protein_0053,protein_0260,0.1590909090909091
protein_0053,protein_0261,0.17
protein_0053,protein_0262,0.1111111111111111
protein_0053,protein_0265,0.3448275862068966
protein_0053,protein_0266,0.1650485436893204
protein_0053,protein_0267,0.1875
protein_0053,protein_0268,0.20212765957446807
protein_0053,protein_0270,0.14942528735632185
protein_0053,protein_0271,0.17045454545454544
protein_0053,protein_0272,0.3218390804597701
protein_0053,protein_0274,0.24444444444444444
protein_0053,protein_0275,0.1650485436893204
protein_0053,protein_0276,0.3218390804597701
protein_0053,protein_0277,0.14942528735632185
protein_0053,protein_0278,0.25555555555555554
protein_0053,protein_0279,0.3956043956043956
protein_0053,protein_0280,0.3448275862068966
protein_0053,protein_0281,0.17796610169491525
protein_0053,protein_0282,0.11494252873563218
protein_0053,protein_0283,0.09502262443438914
protein_0053,protein_0284,0.2413793103448276
protein_0053,protein_0285,0.3218390804597701
protein_0053,protein_0286,0.18085106382978725
protein_0053,protein_0287,0.1834862385321101
protein_0053,protein_0288,0.45977011494252873
protein_0053,protein_0289,0.15053763440860216
protein_0053,protein_0290,0.14705882352941177
protein_0053,protein_0291,0.28735632183908044
protein_0053,protein_0292,0.1839080459770115
protein_0053,protein_0293,0.2111111111111111
protein_0053,protein_0294,0.28735632183908044
protein_0053,protein_0296,0.1532258064516129
protein_0053,protein_0297,0.13043478260869565
protein_0053,protein_0298,0.15730337078651685
protein_0053,protein_0299,0.14130434782608695
protein_0053,protein_0300,0.1595744680851064
protein_0053,protein_0301,0.1595744680851064
protein_0053,protein_0302,0.10138248847926268
protein_0053,protein_0304,0.14
protein_0053,protein_0305,0.1839080459770115
protein_0053,protein_0307,0.1652892561983471
protein_0053,protein_0308,0.1565217391304348
protein_0053,protein_0310,0.18691588785046728
protein_0053,protein_0311,0.449438202247191
protein_0053,protein_0312,0.4827586206896552
protein_0053,protein_0313,0.2967032967032967
protein_0053,protein_0314,0.14814814814814814
protein_0053,protein_0316,0.14606741573033707
protein_0053,protein_0317,0.16071428571428573
protein_0053,protein_0318,0.15966386554621848
protein_0053,protein_0320,0.40229885057471265
protein_0053,protein_0321,0.22580645161290322
protein_0053,protein_0322,0.3595505617977528
protein_0053,protein_0323,0.25287356321839083
protein_0053,protein_0324,0.16091954022988506
protein_0053,protein_0325,0.125
protein_0053,protein_0326,0.19148936170212766
protein_0053,protein_0327,0.3218390804597701
protein_0053,protein_0329,0.1111111111111111
protein_0053,protein_0330,0.28735632183908044
protein_0053,protein_0331,0.16483516483516483
protein_0053,protein_0332,0.27586206896551724
protein_0053,protein_0333,0.2696629213483146
protein_0053,protein_0334,0.22580645161290322
protein_0053,protein_0335,0.13861386138613863
protein_0053,protein_0336,0.15217391304347827
protein_0053,protein_0337,0.28735632183908044
protein_0053,protein_0338,0.2413793103448276
protein_0053,protein_0340,0.1619047619047619
protein_0053,protein_0341,0.23529411764705882
protein_0053,protein_0342,0.14942528735632185
protein_0053,protein_0343,0.1348314606741573
protein_0053,protein_0344,0.3448275862068966
protein_0053,protein_0346,0.15178571428571427
protein_0053,protein_0347,0.1595744680851064
protein_0053,protein_0348,0.12605042016806722
protein_0053,protein_0349,0.1568627450980392
protein_0053,protein_0350,0.3448275862068966
protein_0053,protein_0351,0.3103448275862069
protein_0053,protein_0352,0.1590909090909091
protein_0053,protein_0353,0.18803418803418803
protein_0053,protein_0354,0.2413793103448276
protein_0053,protein_0355,0.29213483146067415
protein_0053,protein_0356,0.1590909090909091
protein_0053,protein_0357,0.12
protein_0053,protein_0358,0.3448275862068966
protein_0053,protein_0359,0.1092436974789916
protein_0053,protein_0360,0.37777777777777777
protein_0053,protein_0361,0.11965811965811966
protein_0053,protein_0362,0.2159090909090909
protein_0053,protein_0363,0.2159090909090909
protein_0053,protein_0366,0.2247191011235955
protein_0053,protein_0367,0.1717171717171717
protein_0053,protein_0368,0.18181818181818182
protein_0053,protein_0369,0.13402061855670103
protein_0053,protein_0370,0.3448275862068966
protein_0053,protein_0371,0.3103448275862069
protein_0053,protein_0372,0.1141552511415525
protein_0053,protein_0373,0.14705882352941177
protein_0053,protein_0374,0.20512820512820512
protein_0053,protein_0375,0.367816091954023
protein_0053,protein_0376,0.19626168224299065
protein_0053,protein_0377,0.3448275862068966
protein_0053,protein_0378,0.1452991452991453
protein_0053,protein_0379,0.2127659574468085
protein_0053,protein_0380,0.2127659574468085
protein_0053,protein_0381,0.2127659574468085
protein_0053,protein_0382,0.2413793103448276
protein_0053,protein_0384,0.3793103448275862
protein_0053,protein_0385,0.18811881188118812
protein_0053,protein_0386,0.13793103448275862
protein_0053,protein_0387,0.15384615384615385
protein_0053,protein_0388,0.1590909090909091
protein_0053,protein_0389,0.12359550561797752
protein_0053,protein_0391,0.2127659574468085
protein_0053,protein_0392,0.41379310344827586
protein_0053,protein_0394,0.14912280701754385
protein_0053,protein_0395,0.2553191489361702
protein_0053,protein_0396,0.15625
protein_0053,protein_0397,0.4
protein_0053,protein_0398,0.1565217391304348
protein_0053,protein_0399,0.39080459770114945
protein_0080,protein_0000,0.3793103448275862
protein_0080,protein_0002,0.2111111111111111
protein_0080,protein_0003,0.40229885057471265
protein_0080,protein_0004,0.4
protein_0080,protein_0005,0.17346938775510204
protein_0080,protein_0006,0.34065934065934067
protein_0080,protein_0007,0.13636363636363635
protein_0080,protein_0008,0.1262135922330097
protein_0080,protein_0009,0.25274725274725274
protein_0080,protein_0010,0.3448275862068966
protein_0080,protein_0011,0.3793103448275862
protein_0080,protein_0012,0.3563218390804598
protein_0080,protein_0014,0.1651376146788991
protein_0080,protein_0015,0.1320754716981132
protein_0080,protein_0016,0.17757009345794392
protein_0080,protein_0017,0.16666666666666666
protein_0080,protein_0018,0.3448275862068966
protein_0080,protein_0019,0.15730337078651685
protein_0080,protein_0020,0.39080459770114945
protein_0080,protein_0021,0.17346938775510204
protein_0080,protein_0022,0.18181818181818182
protein_0080,protein_0023,0.1782178217821782
protein_0080,protein_0024,0.13675213675213677
protein_0080,protein_0025,0.33707865168539325
protein_0080,protein_0026,0.125
protein_0080,protein_0027,0.17391304347826086
protein_0080,protein_0028,0.10784313725490197
protein_0080,protein_0029,0.14606741573033707
protein_0080,protein_0030,0.16
protein_0080,protein_0031,0.1553398058252427
protein_0080,protein_0032,0.4318181818181818
protein_0080,protein_0033,0.3181818181818182
protein_0080,protein_0035,0.14705882352941177
protein_0080,protein_0036,0.125
protein_0080,protein_0037,0.28735632183908044
protein_0080,protein_0038,0.28735632183908044
protein_0080,protein_0039,0.22988505747126436
protein_0080,protein_0040,0.10344827586206896
protein_0080,protein_0041,0.4318181818181818
protein_0080,protein_0042,0.20454545454545456
protein_0080,protein_0044,0.25287356321839083
protein_0080,protein_0045,0.40217391304347827
protein_0080,protein_0046,0.16091954022988506
protein_0080,protein_0047,0.28735632183908044
protein_0080,protein_0048,0.2988505747126437
protein_0080,protein_0050,0.17307692307692307
protein_0080,protein_0051,0.13793103448275862
protein_0080,protein_0054,0.10256410256410256
protein_0080,protein_0055,0.1282051282051282
protein_0080,protein_0056,0.12264150943396226
protein_0080,protein_0057,0.12643678160919541
protein_0080,protein_0058,0.1724137931034483
protein_0080,protein_0059,0.26436781609195403
protein_0080,protein_0060,0.13725490196078433
protein_0080,protein_0061,0.18085106382978725
protein_0080,protein_0062,0.4175824175824176
protein_0080,protein_0063,0.12149532710280374
protein_0080,protein_0064,0.3333333333333333
protein_0080,protein_0065,0.14285714285714285
protein_0080,protein_0066,0.16
protein_0080,protein_0067,0.3333333333333333
protein_0080,protein_0068,0.22340425531914893
protein_0080,protein_0069,0.3409090909090909
protein_0080,protein_0070,0.21839080459770116
protein_0080,protein_0071,0.25287356321839083
protein_0080,protein_0072,0.16091954022988506
protein_0080,protein_0073,0.22988505747126436
protein_0080,protein_0074,0.15
protein_0080,protein_0075,0.2
protein_0080,protein_0076,0.1839080459770115
protein_0080,protein_0077,0.3793103448275862
protein_0080,protein_0078,0.14705882352941177
protein_0080,protein_0079,0.14705882352941177
protein_0080,protein_0081,0.9195402298850575
protein_0080,protein_0082,0.16964285714285715
protein_0080,protein_0083,0.34831460674157305
protein_0080,protein_0084,0.22988505747126436
protein_0080,protein_0085,0.15833333333333333
protein_0080,protein_0086,0.17307692307692307
protein_0080,protein_0087,0.16091954022988506
protein_0080,protein_0089,0.16363636363636364
protein_0080,protein_0090,0.15454545454545454
protein_0080,protein_0092,0.13274336283185842
protein_0080,protein_0093,0.3103448275862069
protein_0080,protein_0094,0.14035087719298245
protein_0080,protein_0095,0.17272727272727273
protein_0080,protein_0096,0.17307692307692307
protein_0080,protein_0097,0.33707865168539325
protein_0080,protein_0098,0.4367816091954023
protein_0080,protein_0099,0.1111111111111111
protein_0080,protein_0100,0.16129032258064516
protein_0080,protein_0101,0.21839080459770116
protein_0080,protein_0102,0.2857142857142857
protein_0080,protein_0103,0.22988505747126436
protein_0080,protein_0104,0.14728682170542637
protein_0080,protein_0106,0.18487394957983194
protein_0080,protein_0107,0.4367816091954023
protein_0080,protein_0108,0.21839080459770116
protein_0080,protein_0109,0.15217391304347827
protein_0080,protein_0110,0.34444444444444444
protein_0080,protein_0111,0.25287356321839083
protein_0080,protein_0112,0.16822429906542055
protein_0080,protein_0113,0.3793103448275862
protein_0080,protein_0114,0.39080459770114945
protein_0080,protein_0115,0.25287356321839083
protein_0080,protein_0116,0.17391304347826086
protein_0080,protein_0117,0.17391304347826086
protein_0080,protein_0118,0.1797752808988764
protein_0080,protein_0119,0.2
protein_0080,protein_0120,0.38636363636363635
protein_0080,protein_0121,0.38636363636363635
protein_0080,protein_0122,0.2988505747126437
protein_0080,protein_0123,0.12359550561797752
protein_0080,protein_0124,0.375
protein_0080,protein_0125,0.12121212121212122
protein_0080,protein_0126,0.15384615384615385
protein_0080,protein_0127,0.42045454545454547
protein_0080,protein_0128,0.40229885057471265
protein_0080,protein_0129,0.25287356321839083
protein_0080,protein_0130,0.1826086956521739
protein_0080,protein_0131,0.11578947368421053
protein_0080,protein_0132,0.18518518518518517
protein_0080,protein_0133,0.18518518518518517
protein_0080,protein_0135,0.4
protein_0080,protein_0136,0.12030075187969924
protein_0080,protein_0137,0.125
protein_0080,protein_0138,0.125
protein_0080,protein_0139,0.14772727272727273
protein_0080,protein_0140,0.3448275862068966
protein_0080,protein_0141,0.3103448275862069
protein_0080,protein_0142,0.39080459770114945
protein_0080,protein_0143,0.3333333333333333
protein_0080,protein_0144,0.3103448275862069
protein_0080,protein_0145,0.16666666666666666
protein_0080,protein_0146,0.17045454545454544
protein_0080,protein_0147,0.4659090909090909
protein_0080,protein_0148,0.4090909090909091
protein_0080,protein_0149,0.16304347826086957
protein_0080,protein_0150,0.391304347826087
protein_0080,protein_0151,0.21348314606741572
protein_0080,protein_0152,0.14942528735632185
protein_0080,protein_0153,0.1956521739130435
protein_0080,protein_0154,0.20224719101123595
protein_0080,protein_0155,0.125
protein_0080,protein_0156,0.14035087719298245
protein_0080,protein_0157,0.16842105263157894
protein_0080,protein_0158,0.14772727272727273
protein_0080,protein_0159,0.3563218390804598
protein_0080,protein_0160,0.3448275862068966
protein_0080,protein_0162,0.3333333333333333
protein_0080,protein_0163,0.13
protein_0080,protein_0164,0.3218390804597701
protein_0080,protein_0165,0.1956521739130435
protein_0080,protein_0167,0.16379310344827586
protein_0080,protein_0168,0.16379310344827586
protein_0080,protein_0169,0.14655172413793102
protein_0080,protein_0170,0.2988505747126437
protein_0080,protein_0171,0.22340425531914893
protein_0080,protein_0172,0.11965811965811966
protein_0080,protein_0173,0.3563218390804598
protein_0080,protein_0174,0.3333333333333333
protein_0080,protein_0175,0.3563218390804598
protein_0080,protein_0176,0.12643678160919541
protein_0080,protein_0177,0.14942528735632185
protein_0080,protein_0178,0.1794871794871795
protein_0080,protein_0179,0.15702479338842976
protein_0080,protein_0180,0.2413793103448276
protein_0080,protein_0181,0.3333333333333333
protein_0080,protein_0182,0.2988505747126437
protein_0080,protein_0183,0.12
protein_0080,protein_0184,0.31868131868131866
protein_0080,protein_0185,0.2222222222222222
protein_0080,protein_0186,0.1188118811881188
protein_0080,protein_0187,0.3333333333333333
protein_0080,protein_0188,0.16129032258064516
protein_0080,protein_0189,0.36363636363636365
protein_0080,protein_0191,0.42528735632183906
protein_0080,protein_0192,0.3218390804597701
protein_0080,protein_0193,0.4827586206896552
protein_0080,protein_0194,0.25555555555555554
protein_0080,protein_0195,0.3333333333333333
protein_0080,protein_0196,0.3103448275862069
protein_0080,protein_0197,0.3563218390804598
protein_0080,protein_0198,0.3793103448275862
protein_0080,protein_0199,0.2
protein_0080,protein_0200,0.31868131868131866
protein_0080,protein_0202,0.41379310344827586
protein_0080,protein_0203,0.12396694214876033
protein_0080,protein_0204,0.1724137931034483
protein_0080,protein_0206,0.3563218390804598
protein_0080,protein_0207,0.12030075187969924
protein_0080,protein_0208,0.13761467889908258
protein_0080,protein_0209,0.27586206896551724
protein_0080,protein_0210,0.3793103448275862
protein_0080,protein_0211,0.16346153846153846
protein_0080,protein_0213,0.47126436781609193
protein_0080,protein_0214,0.1590909090909091
protein_0080,protein_0215,0.13043478260869565
protein_0080,protein_0216,0.16161616161616163
protein_0080,protein_0218,0.14705882352941177
protein_0080,protein_0219,0.15
protein_0080,protein_0220,0.32954545454545453
protein_0080,protein_0221,0.13636363636363635
protein_0080,protein_0222,0.3103448275862069
protein_0080,protein_0223,0.13793103448275862
protein_0080,protein_0224,0.11494252873563218
protein_0080,protein_0225,0.16483516483516483
protein_0080,protein_0226,0.1875
protein_0080,protein_0227,0.14606741573033707
protein_0080,protein_0228,0.2765957446808511
protein_0080,protein_0229,0.14772727272727273
protein_0080,protein_0230,0.1935483870967742
protein_0080,protein_0231,0.45977011494252873
protein_0080,protein_0232,0.16091954022988506
protein_0080,protein_0233,0.12598425196850394
protein_0080,protein_0234,0.125
protein_0080,protein_0235,0.1568627450980392
protein_0080,protein_0236,0.3181818181818182
protein_0080,protein_0237,0.3181818181818182
protein_0080,protein_0238,0.12030075187969924
protein_0080,protein_0239,0.3103448275862069
protein_0080,protein_0240,0.2988505747126437
protein_0080,protein_0242,0.12359550561797752
protein_0080,protein_0243,0.3333333333333333
protein_0080,protein_0244,0.14942528735632185
protein_0080,protein_0245,0.18181818181818182
protein_0080,protein_0246,0.12371134020618557
protein_0080,protein_0247,0.18181818181818182
protein_0080,protein_0248,0.3793103448275862
protein_0080,protein_0249,0.28735632183908044
protein_0080,protein_0250,0.20588235294117646
protein_0080,protein_0252,0.1836734693877551
protein_0080,protein_0253,0.12173913043478261
protein_0080,protein_0254,0.14942528735632185
protein_0080,protein_0255,0.12359550561797752
protein_0080,protein_0256,0.1320754716981132
protein_0080,protein_0257,0.1308411214953271
protein_0080,protein_0258,0.34831460674157305
protein_0080,protein_0260,0.14942528735632185
protein_0080,protein_0261,0.16981132075471697
protein_0080,protein_0262,0.14814814814814814
protein_0080,protein_0265,0.42045454545454547
protein_0080,protein_0266,0.18085106382978725
protein_0080,protein_0267,0.21649484536082475
protein_0080,protein_0268,0.1590909090909091
protein_0080,protein_0270,0.1839080459770115
protein_0080,protein_0271,0.19540229885057472
protein_0080,protein_0272,0.36363636363636365
protein_0080,protein_0274,0.21348314606741572
protein_0080,protein_0275,0.14018691588785046
protein_0080,protein_0276,0.4367816091954023
protein_0080,protein_0277,0.15384615384615385
protein_0080,protein_0278,0.2967032967032967
protein_0080,protein_0279,0.26436781609195403
protein_0080,protein_0280,0.3103448275862069
protein_0080,protein_0281,0.10256410256410256
protein_0080,protein_0282,0.13636363636363635
protein_0080,protein_0283,0.1036036036036036
protein_0080,protein_0284,0.26436781609195403
protein_0080,protein_0285,0.3181818181818182
protein_0080,protein_0286,0.18478260869565216
protein_0080,protein_0287,0.17592592592592593
protein_0080,protein_0288,0.3218390804597701
protein_0080,protein_0289,0.14772727272727273
protein_0080,protein_0290,0.1188118811881188
protein_0080,protein_0291,0.19540229885057472
protein_0080,protein_0292,0.14285714285714285
protein_0080,protein_0293,0.20430107526881722
protein_0080,protein_0294,0.19540229885057472
protein_0080,protein_0296,0.15126050420168066
protein_0080,protein_0297,0.12643678160919541
protein_0080,protein_0298,0.15730337078651685
protein_0080,protein_0299,0.14736842105263157
protein_0080,protein_0300,0.17894736842105263
protein_0080,protein_0301,0.17894736842105263
protein_0080,protein_0302,0.12903225806451613
protein_0080,protein_0304,0.12643678160919541
protein_0080,protein_0305,0.20588235294117646
protein_0080,protein_0307,0.13559322033898305
protein_0080,protein_0308,0.1565217391304348
protein_0080,protein_0310,0.19626168224299065
protein_0080,protein_0311,0.39080459770114945
protein_0080,protein_0312,0.39080459770114945
protein_0080,protein_0313,0.25287356321839083
protein_0080,protein_0314,0.14
protein_0080,protein_0316,0.15730337078651685
protein_0080,protein_0317,0.11650485436893204
protein_0080,protein_0318,0.15966386554621848
protein_0080,protein_0320,0.28735632183908044
protein_0080,protein_0321,0.20652173913043478
protein_0080,protein_0322,0.2696629213483146
protein_0080,protein_0323,0.28735632183908044
protein_0080,protein_0324,0.1724137931034483
protein_0080,protein_0325,0.15384615384615385
protein_0080,protein_0326,0.20430107526881722
protein_0080,protein_0327,0.38202247191011235
protein_0080,protein_0329,0.1391304347826087
protein_0080,protein_0330,0.3448275862068966
protein_0080,protein_0331,0.14942528735632185
protein_0080,protein_0332,0.26436781609195403
protein_0080,protein_0333,0.22988505747126436
protein_0080,protein_0334,0.20652173913043478
protein_0080,protein_0335,0.1346153846153846
protein_0080,protein_0336,0.16091954022988506
protein_0080,protein_0337,0.3111111111111111
protein_0080,protein_0338,0.21839080459770116
protein_0080,protein_0340,0.12380952380952381
protein_0080,protein_0341,0.20588235294117646
protein_0080,protein_0342,0.16853932584269662
protein_0080,protein_0343,0.15841584158415842
protein_0080,protein_0344,0.4666666666666667
protein_0080,protein_0346,0.10655737704918032
protein_0080,protein_0347,0.1590909090909091
protein_0080,protein_0348,0.13385826771653545
protein_0080,protein_0349,0.14
protein_0080,protein_0350,0.45977011494252873
protein_0080,protein_0351,0.34831460674157305
protein_0080,protein_0352,0.16091954022988506
protein_0080,protein_0353,0.1935483870967742
protein_0080,protein_0354,0.19540229885057472
protein_0080,protein_0355,0.3111111111111111
protein_0080,protein_0356,0.16091954022988506
protein_0080,protein_0357,0.1721311475409836
protein_0080,protein_0358,0.46153846153846156
protein_0080,protein_0359,0.17647058823529413
protein_0080,protein_0360,0.3522727272727273
protein_0080,protein_0361,0.13076923076923078
protein_0080,protein_0362,0.19540229885057472
protein_0080,protein_0363,0.19540229885057472
protein_0080,protein_0366,0.23863636363636365
protein_0080,protein_0367,0.14953271028037382
protein_0080,protein_0368,0.18681318681318682
protein_0080,protein_0369,0.11494252873563218
protein_0080,protein_0370,0.4666666666666667
protein_0080,protein_0371,0.40229885057471265
protein_0080,protein_0372,0.11009174311926606
protein_0080,protein_0373,0.13761467889908258
protein_0080,protein_0374,0.17094017094017094
protein_0080,protein_0375,0.39080459770114945
protein_0080,protein_0376,0.18181818181818182
protein_0080,protein_0377,0.3218390804597701
protein_0080,protein_0378,0.17094017094017094
protein_0080,protein_0379,0.18947368421052632
protein_0080,protein_0380,0.18947368421052632
protein_0080,protein_0381,0.18947368421052632
protein_0080,protein_0382,0.24175824175824176
protein_0080,protein_0384,0.40229885057471265
protein_0080,protein_0385,0.1
protein_0080,protein_0386,0.14
protein_0080,protein_0387,0.17
protein_0080,protein_0388,0.1839080459770115
protein_0080,protein_0389,0.19101123595505617
protein_0080,protein_0391,0.18947368421052632
protein_0080,protein_0392,0.3146067415730337
protein_0080,protein_0394,0.1724137931034483
protein_0080,protein_0395,0.24731182795698925
protein_0080,protein_0396,0.1484375
protein_0080,protein_0397,0.3804347826086957
protein_0080,protein_0398,0.1415929203539823
protein_0080,protein_0399,0.47126436781609193
protein_0088,protein_0000,0.3333333333333333
protein_0088,protein_0002,0.13541666666666666
protein_0088,protein_0003,0.38636363636363635
protein_0088,protein_0004,0.367816091954023
protein_0088,protein_0005,0.125
protein_0088,protein_0006,0.29545454545454547
protein_0088,protein_0007,0.15555555555555556
protein_0088,protein_0008,0.1619047619047619
protein_0088,protein_0009,0.21839080459770116
protein_0088,protein_0010,0.3218390804597701
protein_0088,protein_0011,0.33707865168539325
protein_0088,protein_0012,0.38461538461538464
protein_0088,protein_0014,0.17475728155339806
protein_0088,protein_0015,0.17647058823529413
protein_0088,protein_0016,0.1568627450980392
protein_0088,protein_0017,0.18604651162790697
protein_0088,protein_0018,0.5862068965517241
protein_0088,protein_0019,0.16091954022988506
protein_0088,protein_0020,0.3563218390804598
protein_0088,protein_0021,0.26666666666666666
protein_0088,protein_0022,0.15625
protein_0088,protein_0023,0.1797752808988764
protein_0088,protein_0024,0.16153846153846155
protein_0088,protein_0025,0.3218390804597701
protein_0088,protein_0026,0.13432835820895522
protein_0088,protein_0027,0.22448979591836735
protein_0088,protein_0028,0.11214953271028037
protein_0088,protein_0029,0.19101123595505617
protein_0088,protein_0030,0.12403100775193798
protein_0088,protein_0031,0.17592592592592593
protein_0088,protein_0032,0.4318181818181818
protein_0088,protein_0033,0.3181818181818182
protein_0088,protein_0035,0.1588785046728972
protein_0088,protein_0036,0.15217391304347827
protein_0088,protein_0037,0.26136363636363635
protein_0088,protein_0038,0.26136363636363635
protein_0088,protein_0039,0.21839080459770116
protein_0088,protein_0040,0.15306122448979592
protein_0088,protein_0041,0.40229885057471265
protein_0088,protein_0042,0.25287356321839083
protein_0088,protein_0044,0.3181818181818182
protein_0088,protein_0045,0.8160919540229885
protein_0088,protein_0046,0.16853932584269662
protein_0088,protein_0047,0.25287356321839083
protein_0088,protein_0048,0.26436781609195403
protein_0088,protein_0050,0.10784313725490197
protein_0088,protein_0051,0.15217391304347827
protein_0088,protein_0054,0.14285714285714285
protein_0088,protein_0055,0.15966386554621848
protein_0088,protein_0056,0.12962962962962962
protein_0088,protein_0057,0.14942528735632185
protein_0088,protein_0058,0.19540229885057472
protein_0088,protein_0059,0.2988505747126437
protein_0088,protein_0060,0.12149532710280374
protein_0088,protein_0061,0.22916666666666666
protein_0088,protein_0062,0.3333333333333333
protein_0088,protein_0063,0.107981220657277
protein_0088,protein_0064,0.3793103448275862
protein_0088,protein_0065,0.17647058823529413
protein_0088,protein_0066,0.1553398058252427
protein_0088,protein_0067,0.3103448275862069
protein_0088,protein_0068,0.25287356321839083
protein_0088,protein_0069,0.32967032967032966
protein_0088,protein_0070,0.2391304347826087
protein_0088,protein_0071,0.3103448275862069
protein_0088,protein_0072,0.1590909090909091
protein_0088,protein_0073,0.2717391304347826
protein_0088,protein_0074,0.1568627450980392
protein_0088,protein_0075,0.18181818181818182
protein_0088,protein_0076,0.15555555555555556
protein_0088,protein_0077,0.3563218390804598
protein_0088,protein_0078,0.1188118811881188
protein_0088,protein_0079,0.1188118811881188
protein_0088,protein_0081,0.40229885057471265
protein_0088,protein_0082,0.18032786885245902
protein_0088,protein_0083,0.3068181818181818
protein_0088,protein_0084,0.27586206896551724
protein_0088,protein_0085,0.15748031496062992
protein_0088,protein_0086,0.1732283464566929
protein_0088,protein_0087,0.14942528735632185
protein_0088,protein_0089,0.1487603305785124
protein_0088,protein_0090,0.14166666666666666
protein_0088,protein_0092,0.1415929203539823
protein_0088,protein_0093,0.28735632183908044
protein_0088,protein_0094,0.15789473684210525
protein_0088,protein_0095,0.13333333333333333
protein_0088,protein_0096,0.1188118811881188
protein_0088,protein_0097,0.27472527472527475
protein_0088,protein_0098,0.3595505617977528
protein_0088,protein_0099,0.12264150943396226
protein_0088,protein_0100,0.18181818181818182
protein_0088,protein_0101,0.2717391304347826
protein_0088,protein_0102,0.2696629213483146
protein_0088,protein_0103,0.25
protein_0088,protein_0104,0.1623931623931624
protein_0088,protein_0106,0.10810810810810811
protein_0088,protein_0107,0.41379310344827586
protein_0088,protein_0108,0.23863636363636365
protein_0088,protein_0109,0.12643678160919541
protein_0088,protein_0110,0.33707865168539325
protein_0088,protein_0111,0.28735632183908044
protein_0088,protein_0112,0.17475728155339806
protein_0088,protein_0113,0.3218390804597701
protein_0088,protein_0114,0.41379310344827586
protein_0088,protein_0115,0.27586206896551724
protein_0088,protein_0116,0.09401709401709402
protein_0088,protein_0117,0.09401709401709402
protein_0088,protein_0118,0.16091954022988506
protein_0088,protein_0119,0.1485148514851485
protein_0088,protein_0120,0.3448275862068966
protein_0088,protein_0121,0.3448275862068966
protein_0088,protein_0122,0.26136363636363635
protein_0088,protein_0123,0.16483516483516483
protein_0088,protein_0124,0.3333333333333333
protein_0088,protein_0125,0.13861386138613863
protein_0088,protein_0126,0.18627450980392157
protein_0088,protein_0127,0.42045454545454547
protein_0088,protein_0128,0.3563218390804598
protein_0088,protein_0129,0.2413793103448276
protein_0088,protein_0130,0.15
protein_0088,protein_0131,0.10344827586206896
protein_0088,protein_0132,0.19444444444444445
protein_0088,protein_0133,0.19444444444444445
protein_0088,protein_0135,0.35555555555555557
protein_0088,protein_0136,0.14285714285714285
protein_0088,protein_0137,0.1640625
protein_0088,protein_0138,0.1640625
protein_0088,protein_0139,0.14606741573033707
protein_0088,protein_0140,0.3448275862068966
protein_0088,protein_0141,0.26136363636363635
protein_0088,protein_0142,0.2988505747126437
protein_0088,protein_0143,0.3448275862068966
protein_0088,protein_0144,0.34831460674157305
protein_0088,protein_0145,0.16091954022988506
protein_0088,protein_0146,0.18681318681318682
protein_0088,protein_0147,0.39080459770114945
protein_0088,protein_0148,0.3218390804597701
protein_0088,protein_0149,0.16091954022988506
protein_0088,protein_0150,0.3448275862068966
protein_0088,protein_0151,0.2777777777777778
protein_0088,protein_0152,0.14942528735632185
protein_0088,protein_0153,0.22105263157894736
protein_0088,protein_0154,0.20833333333333334
protein_0088,protein_0155,0.18032786885245902
protein_0088,protein_0156,0.14035087719298245
protein_0088,protein_0157,0.20588235294117646
protein_0088,protein_0158,0.15555555555555556
protein_0088,protein_0159,0.3595505617977528
protein_0088,protein_0160,0.33707865168539325
protein_0088,protein_0162,0.3333333333333333
protein_0088,protein_0163,0.125
protein_0088,protein_0164,0.36363636363636365
protein_0088,protein_0165,0.13793103448275862
protein_0088,protein_0167,0.09482758620689655
protein_0088,protein_0168,0.0990990990990991
protein_0088,protein_0169,0.12931034482758622
protein_0088,protein_0170,0.2988505747126437
protein_0088,protein_0171,0.26436781609195403
protein_0088,protein_0172,0.1452991452991453
protein_0088,protein_0173,0.3333333333333333
protein_0088,protein_0174,0.3695652173913043
protein_0088,protein_0175,0.3103448275862069
protein_0088,protein_0176,0.13793103448275862
protein_0088,protein_0177,0.14942528735632185
protein_0088,protein_0178,0.12931034482758622
protein_0088,protein_0179,0.14655172413793102
protein_0088,protein_0180,0.2808988764044944
protein_0088,protein_0181,0.3218390804597701
protein_0088,protein_0182,0.3333333333333333
protein_0088,protein_0183,0.1941747572815534
protein_0088,protein_0184,0.3333333333333333
protein_0088,protein_0185,0.15217391304347827
protein_0088,protein_0186,0.19607843137254902
protein_0088,protein_0187,0.34782608695652173
protein_0088,protein_0188,0.14606741573033707
protein_0088,protein_0189,0.3563218390804598
protein_0088,protein_0191,0.39080459770114945
protein_0088,protein_0192,0.367816091954023
protein_0088,protein_0193,0.40229885057471265
protein_0088,protein_0194,0.26436781609195403
protein_0088,protein_0195,0.28735632183908044
protein_0088,protein_0196,0.28735632183908044
protein_0088,protein_0197,0.3448275862068966
protein_0088,protein_0198,0.367816091954023
protein_0088,protein_0199,0.26666666666666666
protein_0088,protein_0200,0.2988505747126437
protein_0088,protein_0202,0.3333333333333333
protein_0088,protein_0203,0.14049586776859505
protein_0088,protein_0204,0.14942528735632185
protein_0088,protein_0206,0.38202247191011235
protein_0088,protein_0207,0.18487394957983194
protein_0088,protein_0208,0.13392857142857142
protein_0088,protein_0209,0.32954545454545453
protein_0088,protein_0210,0.3146067415730337
protein_0088,protein_0211,0.18181818181818182
protein_0088,protein_0213,0.39080459770114945
protein_0088,protein_0214,0.1724137931034483
protein_0088,protein_0215,0.13793103448275862
protein_0088,protein_0216,0.13131313131313133
protein_0088,protein_0218,0.18253968253968253
protein_0088,protein_0219,0.17073170731707318
protein_0088,protein_0220,0.3448275862068966
protein_0088,protein_0221,0.16304347826086957
protein_0088,protein_0222,0.27586206896551724
protein_0088,protein_0223,0.14942528735632185
protein_0088,protein_0224,0.1348314606741573
protein_0088,protein_0225,0.10227272727272728
protein_0088,protein_0226,0.1414141414141414
protein_0088,protein_0227,0.15730337078651685
protein_0088,protein_0228,0.21739130434782608
protein_0088,protein_0229,0.10526315789473684
protein_0088,protein_0230,0.23157894736842105
protein_0088,protein_0231,0.40229885057471265
protein_0088,protein_0232,0.13793103448275862
protein_0088,protein_0233,0.16535433070866143
protein_0088,protein_0234,0.22857142857142856
protein_0088,protein_0235,0.16304347826086957
protein_0088,protein_0236,0.26436781609195403
protein_0088,protein_0237,0.26436781609195403
protein_0088,protein_0238,0.1450381679389313
protein_0088,protein_0239,0.3218390804597701
protein_0088,protein_0240,0.3218390804597701
protein_0088,protein_0242,0.13333333333333333
protein_0088,protein_0243,0.3218390804597701
protein_0088,protein_0244,0.14942528735632185
protein_0088,protein_0245,0.13636363636363635
protein_0088,protein_0246,0.1568627450980392
protein_0088,protein_0247,0.16216216216216217
protein_0088,protein_0248,0.3448275862068966
protein_0088,protein_0249,0.3563218390804598
protein_0088,protein_0250,0.19
protein_0088,protein_0252,0.17708333333333334
protein_0088,protein_0253,0.14285714285714285
protein_0088,protein_0254,0.16483516483516483
protein_0088,protein_0255,0.12
protein_0088,protein_0256,0.1346153846153846
protein_0088,protein_0257,0.1346153846153846
protein_0088,protein_0258,0.2988505747126437
protein_0088,protein_0260,0.16091954022988506
protein_0088,protein_0261,0.13592233009708737
protein_0088,protein_0262,0.16058394160583941
protein_0088,protein_0265,0.39325842696629215
protein_0088,protein_0266,0.14444444444444443
protein_0088,protein_0267,0.17582417582417584
protein_0088,protein_0268,0.13043478260869565
protein_0088,protein_0270,0.14942528735632185
protein_0088,protein_0271,0.1839080459770115
protein_0088,protein_0272,0.26436781609195403
protein_0088,protein_0274,0.26373626373626374
protein_0088,protein_0275,0.16666666666666666
protein_0088,protein_0276,0.39080459770114945
protein_0088,protein_0277,0.14606741573033707
protein_0088,protein_0278,0.26666666666666666
protein_0088,protein_0279,0.28735632183908044
protein_0088,protein_0280,0.26436781609195403
protein_0088,protein_0281,0.1652892561983471
protein_0088,protein_0282,0.09090909090909091
protein_0088,protein_0283,0.0963302752293578
protein_0088,protein_0284,0.26373626373626374
protein_0088,protein_0285,0.34831460674157305
protein_0088,protein_0286,0.16091954022988506
protein_0088,protein_0287,0.25
protein_0088,protein_0288,0.3448275862068966
protein_0088,protein_0289,0.16666666666666666
protein_0088,protein_0290,0.14814814814814814
protein_0088,protein_0291,0.2631578947368421
protein_0088,protein_0292,0.16091954022988506
protein_0088,protein_0293,0.2808988764044944
protein_0088,protein_0294,0.2631578947368421
protein_0088,protein_0296,0.1415929203539823
protein_0088,protein_0297,0.11494252873563218
protein_0088,protein_0298,0.12643678160919541
protein_0088,protein_0299,0.1827956989247312
protein_0088,protein_0300,0.17
protein_0088,protein_0301,0.17
protein_0088,protein_0302,0.0967741935483871
protein_0088,protein_0304,0.1724137931034483
protein_0088,protein_0305,0.17391304347826086
protein_0088,protein_0307,0.17886178861788618
protein_0088,protein_0308,0.15517241379310345
protein_0088,protein_0310,0.1782178217821782
protein_0088,protein_0311,0.4065934065934066
protein_0088,protein_0312,0.3448275862068966
protein_0088,protein_0313,0.22988505747126436
protein_0088,protein_0314,0.14423076923076922
protein_0088,protein_0316,0.13793103448275862
protein_0088,protein_0317,0.1262135922330097
protein_0088,protein_0318,0.17796610169491525
protein_0088,protein_0320,0.3333333333333333
protein_0088,protein_0321,0.2268041237113402
protein_0088,protein_0322,0.27586206896551724
protein_0088,protein_0323,0.2988505747126437
protein_0088,protein_0324,0.1724137931034483
protein_0088,protein_0325,0.14166666666666666
protein_0088,protein_0326,0.2087912087912088
protein_0088,protein_0327,0.3218390804597701
protein_0088,protein_0329,0.14814814814814814
protein_0088,protein_0330,0.3218390804597701
protein_0088,protein_0331,0.19101123595505617
protein_0088,protein_0332,0.26436781609195403
protein_0088,protein_0333,0.25287356321839083
protein_0088,protein_0334,0.2
protein_0088,protein_0335,0.1
protein_0088,protein_0336,0.15730337078651685
protein_0088,protein_0337,0.3
protein_0088,protein_0338,0.25287356321839083
protein_0088,protein_0340,0.125
protein_0088,protein_0341,0.20588235294117646
protein_0088,protein_0342,0.1724137931034483
protein_0088,protein_0343,0.14285714285714285
protein_0088,protein_0344,0.4367816091954023
protein_0088,protein_0346,0.14285714285714285
protein_0088,protein_0347,0.15217391304347827
protein_0088,protein_0348,0.09565217391304348
protein_0088,protein_0349,0.17355371900826447
protein_0088,protein_0350,0.4367816091954023
protein_0088,protein_0351,0.32222222222222224
protein_0088,protein_0352,0.14942528735632185
protein_0088,protein_0353,0.15126050420168066
protein_0088,protein_0354,0.22826086956521738
protein_0088,protein_0355,0.29545454545454547
protein_0088,protein_0356,0.15555555555555556
protein_0088,protein_0357,0.13114754098360656
protein_0088,protein_0358,0.4367816091954023
protein_0088,protein_0359,0.13934426229508196
protein_0088,protein_0360,0.3793103448275862
protein_0088,protein_0361,0.16923076923076924
protein_0088,protein_0362,0.28125
protein_0088,protein_0363,0.28125
protein_0088,protein_0366,0.2708333333333333
protein_0088,protein_0367,0.13725490196078433
protein_0088,protein_0368,0.13043478260869565
protein_0088,protein_0369,0.16853932584269662
protein_0088,protein_0370,0.4367816091954023
protein_0088,protein_0371,0.3793103448275862
protein_0088,protein_0372,0.1187214611872146
protein_0088,protein_0373,0.12844036697247707
protein_0088,protein_0374,0.16101694915254236
protein_0088,protein_0375,0.3563218390804598
protein_0088,protein_0376,0.16666666666666666
protein_0088,protein_0377,0.3448275862068966
protein_0088,protein_0378,0.15384615384615385
protein_0088,protein_0379,0.18627450980392157
protein_0088,protein_0380,0.18627450980392157
protein_0088,protein_0381,0.18627450980392157
protein_0088,protein_0382,0.27586206896551724
protein_0088,protein_0384,0.40217391304347827
protein_0088,protein_0385,0.16666666666666666
protein_0088,protein_0386,0.15384615384615385
protein_0088,protein_0387,0.1346153846153846
protein_0088,protein_0388,0.16091954022988506
protein_0088,protein_0389,0.19540229885057472
protein_0088,protein_0391,0.22826086956521738
protein_0088,protein_0392,0.3103448275862069
protein_0088,protein_0394,0.1864406779661017
protein_0088,protein_0395,0.25510204081632654
protein_0088,protein_0396,0.18487394957983194
protein_0088,protein_0397,0.3103448275862069
protein_0088,protein_0398,0.14166666666666666
protein_0088,protein_0399,0.39080459770114945
protein_0091,protein_0000,0.11504424778761062
protein_0091,protein_0002,0.1415929203539823
protein_0091,protein_0003,0.16521739130434782
protein_0091,protein_0004,0.1440677966101695
protein_0091,protein_0005,0.12389380530973451
protein_0091,protein_0006,0.11403508771929824
protein_0091,protein_0007,0.14782608695652175
protein_0091,protein_0008,0.1694915254237288
protein_0091,protein_0009,0.15517241379310345
protein_0091,protein_0010,0.15789473684210525
protein_0091,protein_0011,0.17699115044247787
protein_0091,protein_0012,0.15384615384615385
protein_0091,protein_0014,0.2076923076923077
protein_0091,protein_0015,0.17692307692307693
protein_0091,protein_0016,0.17886178861788618
protein_0091,protein_0017,0.18115942028985507
protein_0091,protein_0018,0.16666666666666666
protein_0091,protein_0019,0.17699115044247787
protein_0091,protein_0020,0.15702479338842976
protein_0091,protein_0021,0.13675213675213677
protein_0091,protein_0022,0.168141592920354
protein_0091,protein_0023,0.18584070796460178
protein_0091,protein_0024,0.14788732394366197
protein_0091,protein_0025,0.13445378151260504
protein_0091,protein_0026,0.17391304347826086
protein_0091,protein_0027,0.19130434782608696
protein_0091,protein_0028,0.1565217391304348
protein_0091,protein_0029,0.12389380530973451
protein_0091,protein_0030,0.1897810218978102
protein_0091,protein_0031,0.184
protein_0091,protein_0032,0.1592920353982301
protein_0091,protein_0033,0.1810344827586207
protein_0091,protein_0035,0.168
protein_0091,protein_0036,0.17699115044247787
protein_0091,protein_0037,0.1282051282051282
protein_0091,protein_0038,0.1282051282051282
protein_0091,protein_0039,0.19827586206896552
protein_0091,protein_0040,0.07964601769911504
protein_0091,protein_0041,0.13274336283185842
protein_0091,protein_0042,0.1565217391304348
protein_0091,protein_0044,0.14754098360655737
protein_0091,protein_0045,0.1415929203539823
protein_0091,protein_0046,0.14912280701754385
protein_0091,protein_0047,0.15517241379310345
protein_0091,protein_0048,0.1271186440677966
protein_0091,protein_0050,0.18181818181818182
protein_0091,protein_0051,0.1592920353982301
protein_0091,protein_0054,0.11290322580645161
protein_0091,protein_0055,0.15873015873015872
protein_0091,protein_0056,0.3157894736842105
protein_0091,protein_0057,0.1415929203539823
protein_0091,protein_0058,0.13157894736842105
protein_0091,protein_0059,0.18421052631578946
protein_0091,protein_0060,0.3103448275862069
protein_0091,protein_0061,0.1271186440677966
protein_0091,protein_0062,0.16521739130434782
protein_0091,protein_0063,0.12558139534883722
protein_0091,protein_0064,0.1504424778761062
protein_0091,protein_0065,0.15833333333333333
protein_0091,protein_0066,0.1721311475409836
protein_0091,protein_0067,0.15789473684210525
protein_0091,protein_0068,0.12389380530973451
protein_0091,protein_0069,0.10526315789473684
protein_0091,protein_0070,0.16101694915254236
protein_0091,protein_0071,0.19827586206896552
protein_0091,protein_0072,0.1565217391304348
protein_0091,protein_0073,0.13157894736842105
protein_0091,protein_0074,0.13274336283185842
protein_0091,protein_0075,0.17543859649122806
protein_0091,protein_0076,0.09565217391304348
protein_0091,protein_0077,0.2
protein_0091,protein_0078,0.29310344827586204
protein_0091,protein_0079,0.29310344827586204
protein_0091,protein_0081,0.168141592920354
protein_0091,protein_0082,0.175
protein_0091,protein_0083,0.13157894736842105
protein_0091,protein_0084,0.19658119658119658
protein_0091,protein_0085,0.1794871794871795
protein_0091,protein_0086,0.15126050420168066
protein_0091,protein_0087,0.12389380530973451
protein_0091,protein_0089,0.3089430894308943
protein_0091,protein_0090,0.31666666666666665
protein_0091,protein_0092,1.0
protein_0091,protein_0093,0.12605042016806722
protein_0091,protein_0094,0.13076923076923078
protein_0091,protein_0095,0.29914529914529914
protein_0091,protein_0096,0.1452991452991453
protein_0091,protein_0097,0.13675213675213677
protein_0091,protein_0098,0.17647058823529413
protein_0091,protein_0099,0.2966101694915254
protein_0091,protein_0100,0.1415929203539823
protein_0091,protein_0101,0.14035087719298245
protein_0091,protein_0102,0.1452991452991453
protein_0091,protein_0103,0.15517241379310345
protein_0091,protein_0104,0.15254237288135594
protein_0091,protein_0106,0.2631578947368421
protein_0091,protein_0107,0.18181818181818182
protein_0091,protein_0108,0.1592920353982301
protein_0091,protein_0109,0.1415929203539823
protein_0091,protein_0110,0.16666666666666666
protein_0091,protein_0111,0.17796610169491525
protein_0091,protein_0112,0.13675213675213677
protein_0091,protein_0113,0.15517241379310345
protein_0091,protein_0114,0.17391304347826086
protein_0091,protein_0115,0.13559322033898305
protein_0091,protein_0116,0.34210526315789475
protein_0091,protein_0117,0.34210526315789475
protein_0091,protein_0118,0.1504424778761062
protein_0091,protein_0119,0.19834710743801653
protein_0091,protein_0120,0.1623931623931624
protein_0091,protein_0121,0.1623931623931624
protein_0091,protein_0122,0.1452991452991453
protein_0091,protein_0123,0.1504424778761062
protein_0091,protein_0124,0.1623931623931624
protein_0091,protein_0125,0.15789473684210525
protein_0091,protein_0126,0.2
protein_0091,protein_0127,0.1415929203539823
protein_0091,protein_0128,0.13793103448275862
protein_0091,protein_0129,0.15
protein_0091,protein_0130,0.30434782608695654
protein_0091,protein_0131,0.12389380530973451
protein_0091,protein_0132,0.17829457364341086
protein_0091,protein_0133,0.17829457364341086
protein_0091,protein_0135,0.15966386554621848
protein_0091,protein_0136,0.15447154471544716
protein_0091,protein_0137,0.14634146341463414
protein_0091,protein_0138,0.14634146341463414
protein_0091,protein_0139,0.1504424778761062
protein_0091,protein_0140,0.16806722689075632
protein_0091,protein_0141,0.13675213675213677
protein_0091,protein_0142,0.15384615384615385
protein_0091,protein_0143,0.12605042016806722
protein_0091,protein_0144,0.15
protein_0091,protein_0145,0.15789473684210525
protein_0091,protein_0146,0.11504424778761062
protein_0091,protein_0147,0.17647058823529413
protein_0091,protein_0148,0.11403508771929824
protein_0091,protein_0149,0.13274336283185842
protein_0091,protein_0150,0.1794871794871795
protein_0091,protein_0151,0.13445378151260504
protein_0091,protein_0152,0.1592920353982301
protein_0091,protein_0153,0.1504424778761062
protein_0091,protein_0154,0.1504424778761062
protein_0091,protein_0155,0.14960629921259844
protein_0091,protein_0156,0.1504424778761062
protein_0091,protein_0157,0.09649122807017543
protein_0091,protein_0158,0.13274336283185842
protein_0091,protein_0159,0.17094017094017094
protein_0091,protein_0160,0.11764705882352941
protein_0091,protein_0162,0.1271186440677966
protein_0091,protein_0163,0.14634146341463414
protein_0091,protein_0164,0.14285714285714285
protein_0091,protein_0165,0.13274336283185842
protein_0091,protein_0167,0.2903225806451613
protein_0091,protein_0168,0.3
protein_0091,protein_0169,0.14492753623188406
protein_0091,protein_0170,0.17796610169491525
protein_0091,protein_0171,0.14285714285714285
protein_0091,protein_0172,0.2066115702479339
protein_0091,protein_0173,0.16101694915254236
protein_0091,protein_0174,0.11304347826086956
protein_0091,protein_0175,0.11666666666666667
protein_0091,protein_0176,0.14912280701754385
protein_0091,protein_0177,0.11504424778761062
protein_0091,protein_0178,0.11965811965811966
protein_0091,protein_0179,0.1282051282051282
protein_0091,protein_0180,0.12605042016806722
protein_0091,protein_0181,0.15789473684210525
protein_0091,protein_0182,0.1652892561983471
protein_0091,protein_0183,0.18461538461538463
protein_0091,protein_0184,0.15517241379310345
protein_0091,protein_0185,0.1794871794871795
protein_0091,protein_0186,0.16535433070866143
protein_0091,protein_0187,0.13333333333333333
protein_0091,protein_0188,0.12173913043478261
protein_0091,protein_0189,0.17094017094017094
protein_0091,protein_0191,0.17647058823529413
protein_0091,protein_0192,0.12396694214876033
protein_0091,protein_0193,0.22413793103448276
protein_0091,protein_0194,0.14166666666666666
protein_0091,protein_0195,0.14782608695652175
protein_0091,protein_0196,0.1565217391304348
protein_0091,protein_0197,0.11403508771929824
protein_0091,protein_0198,0.13445378151260504
protein_0091,protein_0199,0.15
protein_0091,protein_0200,0.13157894736842105
protein_0091,protein_0202,0.10526315789473684
protein_0091,protein_0203,0.17054263565891473
protein_0091,protein_0204,0.14782608695652175
protein_0091,protein_0206,0.15384615384615385
protein_0091,protein_0207,0.14728682170542637
protein_0091,protein_0208,0.17699115044247787
protein_0091,protein_0209,0.15833333333333333
protein_0091,protein_0210,0.14035087719298245
protein_0091,protein_0211,0.2
protein_0091,protein_0213,0.17355371900826447
protein_0091,protein_0214,0.11016949152542373
protein_0091,protein_0215,0.09734513274336283
protein_0091,protein_0216,0.16101694915254236
protein_0091,protein_0218,0.16546762589928057
protein_0091,protein_0219,0.11428571428571428
protein_0091,protein_0220,0.1504424778761062
protein_0091,protein_0221,0.13274336283185842
protein_0091,protein_0222,0.11403508771929824
protein_0091,protein_0223,0.11403508771929824
protein_0091,protein_0224,0.12389380530973451
protein_0091,protein_0225,0.13793103448275862
protein_0091,protein_0226,0.18181818181818182
protein_0091,protein_0227,0.13043478260869565
protein_0091,protein_0228,0.16666666666666666
protein_0091,protein_0229,0.13043478260869565
protein_0091,protein_0230,0.13333333333333333
protein_0091,protein_0231,0.09734513274336283
protein_0091,protein_0232,0.14782608695652175
protein_0091,protein_0233,0.20567375886524822
protein_0091,protein_0234,0.1440677966101695
protein_0091,protein_0235,0.1415929203539823
protein_0091,protein_0236,0.13445378151260504
protein_0091,protein_0237,0.13445378151260504
protein_0091,protein_0238,0.18243243243243243
protein_0091,protein_0239,0.18181818181818182
protein_0091,protein_0240,0.12096774193548387
protein_0091,protein_0242,0.1415929203539823
protein_0091,protein_0243,0.13157894736842105
protein_0091,protein_0244,0.12931034482758622
protein_0091,protein_0245,0.16901408450704225
protein_0091,protein_0246,0.13157894736842105
protein_0091,protein_0247,0.18803418803418803
protein_0091,protein_0248,0.14285714285714285
protein_0091,protein_0249,0.12096774193548387
protein_0091,protein_0250,0.176
protein_0091,protein_0252,0.15789473684210525
protein_0091,protein_0253,0.11382113821138211
protein_0091,protein_0254,0.1732283464566929
protein_0091,protein_0255,0.1348314606741573
protein_0091,protein_0256,0.15384615384615385
protein_0091,protein_0257,0.13114754098360656
protein_0091,protein_0258,0.15126050420168066
protein_0091,protein_0260,0.1504424778761062
protein_0091,protein_0261,0.14035087719298245
protein_0091,protein_0262,0.14893617021276595
protein_0091,protein_0265,0.17699115044247787
protein_0091,protein_0266,0.16666666666666666
protein_0091,protein_0267,0.1826086956521739
protein_0091,protein_0268,0.10434782608695652
protein_0091,protein_0270,0.15789473684210525
protein_0091,protein_0271,0.12173913043478261
protein_0091,protein_0272,0.1317365269461078
protein_0091,protein_0274,0.15254237288135594
protein_0091,protein_0275,0.18803418803418803
protein_0091,protein_0276,0.16379310344827586
protein_0091,protein_0277,0.1415929203539823
protein_0091,protein_0278,0.1721311475409836
protein_0091,protein_0279,0.1504424778761062
protein_0091,protein_0280,0.14782608695652175
protein_0091,protein_0281,0.3008130081300813
protein_0091,protein_0282,0.168141592920354
protein_0091,protein_0283,0.1559633027522936
protein_0091,protein_0284,0.1452991452991453
protein_0091,protein_0285,0.15966386554621848
protein_0091,protein_0286,0.168141592920354
protein_0091,protein_0287,0.16
protein_0091,protein_0288,0.11864406779661017
protein_0091,protein_0289,0.15789473684210525
protein_0091,protein_0290,0.18333333333333332
protein_0091,protein_0291,0.1504424778761062
protein_0091,protein_0292,0.15789473684210525
protein_0091,protein_0293,0.15254237288135594
protein_0091,protein_0294,0.1504424778761062
protein_0091,protein_0296,0.1532258064516129
protein_0091,protein_0297,0.12389380530973451
protein_0091,protein_0298,0.1592920353982301
protein_0091,protein_0299,0.13793103448275862
protein_0091,protein_0300,0.12280701754385964
protein_0091,protein_0301,0.12
protein_0091,protein_0302,0.1152073732718894
protein_0091,protein_0304,0.17391304347826086
protein_0091,protein_0305,0.1724137931034483
protein_0091,protein_0307,0.13709677419354838
protein_0091,protein_0308,0.12213740458015267
protein_0091,protein_0310,0.1721311475409836
protein_0091,protein_0311,0.1592920353982301
protein_0091,protein_0312,0.18584070796460178
protein_0091,protein_0313,0.15517241379310345
protein_0091,protein_0314,0.17543859649122806
protein_0091,protein_0316,0.14035087719298245
protein_0091,protein_0317,0.15384615384615385
protein_0091,protein_0318,0.30434782608695654
protein_0091,protein_0320,0.10526315789473684
protein_0091,protein_0321,0.14634146341463414
protein_0091,protein_0322,0.17796610169491525
protein_0091,protein_0323,0.1504424778761062
protein_0091,protein_0324,0.14655172413793102
protein_0091,protein_0325,0.3217391304347826
protein_0091,protein_0326,0.19469026548672566
protein_0091,protein_0327,0.17647058823529413
protein_0091,protein_0329,0.30434782608695654
protein_0091,protein_0330,0.14655172413793102
protein_0091,protein_0331,0.12389380530973451
protein_0091,protein_0332,0.152
protein_0091,protein_0333,0.13157894736842105
protein_0091,protein_0334,0.1440677966101695
protein_0091,protein_0335,0.15
protein_0091,protein_0336,0.14655172413793102
protein_0091,protein_0337,0.15254237288135594
protein_0091,protein_0338,0.13008130081300814
protein_0091,protein_0340,0.2
protein_0091,protein_0341,0.17094017094017094
protein_0091,protein_0342,0.12931034482758622
protein_0091,protein_0343,0.17699115044247787
protein_0091,protein_0344,0.18487394957983194
protein_0091,protein_0346,0.2809917355371901
protein_0091,protein_0347,0.13274336283185842
protein_0091,protein_0348,0.1796875
protein_0091,protein_0349,0.1721311475409836
protein_0091,protein_0350,0.16806722689075632
protein_0091,protein_0351,0.13445378151260504
protein_0091,protein_0352,0.12389380530973451
protein_0091,protein_0353,0.3025210084033613
protein_0091,protein_0354,0.16393442622950818
protein_0091,protein_0355,0.18796992481203006
protein_0091,protein_0356,0.13274336283185842
protein_0091,protein_0357,0.12121212121212122
protein_0091,protein_0358,0.1452991452991453
protein_0091,protein_0359,0.15873015873015872
protein_0091,protein_0360,0.1794871794871795
protein_0091,protein_0361,0.12903225806451613
protein_0091,protein_0362,0.14166666666666666
protein_0091,protein_0363,0.14166666666666666
protein_0091,protein_0366,0.11504424778761062
protein_0091,protein_0367,0.184
protein_0091,protein_0368,0.13274336283185842
protein_0091,protein_0369,0.16666666666666666
protein_0091,protein_0370,0.18487394957983194
protein_0091,protein_0371,0.15702479338842976
protein_0091,protein_0372,0.1552511415525114
protein_0091,protein_0373,0.16153846153846155
protein_0091,protein_0374,0.18518518518518517
protein_0091,protein_0375,0.17543859649122806
protein_0091,protein_0376,0.15702479338842976
protein_0091,protein_0377,0.14285714285714285
protein_0091,protein_0378,0.3565217391304348
protein_0091,protein_0379,0.1391304347826087
protein_0091,protein_0380,0.1391304347826087
protein_0091,protein_0381,0.1391304347826087
protein_0091,protein_0382,0.1487603305785124
protein_0091,protein_0384,0.11864406779661017
protein_0091,protein_0385,0.19230769230769232
protein_0091,protein_0386,0.18421052631578946
protein_0091,protein_0387,0.16030534351145037
protein_0091,protein_0388,0.16666666666666666
protein_0091,protein_0389,0.10619469026548672
protein_0091,protein_0391,0.13559322033898305
protein_0091,protein_0392,0.15447154471544716
protein_0091,protein_0394,0.152
protein_0091,protein_0395,0.15126050420168066
protein_0091,protein_0396,0.16535433070866143
protein_0091,protein_0397,0.17094017094017094
protein_0091,protein_0398,0.31092436974789917
protein_0091,protein_0399,0.175
protein_0105,protein_0000,0.11235955056179775
protein_0105,protein_0002,0.13414634146341464
protein_0105,protein_0003,0.10344827586206896
protein_0105,protein_0004,0.0898876404494382
protein_0105,protein_0005,0.18823529411764706
protein_0105,protein_0006,0.12371134020618557
protein_0105,protein_0007,0.2
protein_0105,protein_0008,0.16831683168316833
protein_0105,protein_0009,0.08045977011494253
protein_0105,protein_0010,0.09195402298850575
protein_0105,protein_0011,0.16842105263157894
protein_0105,protein_0012,0.12903225806451613
protein_0105,protein_0014,0.18181818181818182
protein_0105,protein_0015,0.13725490196078433
protein_0105,protein_0016,0.15151515151515152
protein_0105,protein_0017,0.125
protein_0105,protein_0018,0.12087912087912088
protein_0105,protein_0019,0.19117647058823528
protein_0105,protein_0020,0.11627906976744186
protein_0105,protein_0021,0.0975609756097561
protein_0105,protein_0022,0.11363636363636363
protein_0105,protein_0023,0.13978494623655913
protein_0105,protein_0024,0.1452991452991453
protein_0105,protein_0025,0.10227272727272728
protein_0105,protein_0026,0.15503875968992248
protein_0105,protein_0027,0.1326530612244898
protein_0105,protein_0028,0.11764705882352941
protein_0105,protein_0029,0.2
protein_0105,protein_0030,0.09302325581395349
protein_0105,protein_0031,0.1414141414141414
protein_0105,protein_0032,0.1
protein_0105,protein_0033,0.1262135922330097
protein_0105,protein_0035,0.09183673469387756
protein_0105,protein_0036,0.18461538461538463
protein_0105,protein_0037,0.14953271028037382
protein_0105,protein_0038,0.14953271028037382
protein_0105,protein_0039,0.08045977011494253
protein_0105,protein_0040,0.2753623188405797
protein_0105,protein_0041,0.14444444444444443
protein_0105,protein_0042,0.12941176470588237
protein_0105,protein_0044,0.11578947368421053
protein_0105,protein_0045,0.07865168539325842
protein_0105,protein_0046,0.1891891891891892
protein_0105,protein_0047,0.12631578947368421
protein_0105,protein_0048,0.11578947368421053
protein_0105,protein_0050,0.09090909090909091
protein_0105,protein_0051,0.16923076923076924
protein_0105,protein_0054,0.13821138211382114
protein_0105,protein_0055,0.11965811965811966
protein_0105,protein_0056,0.1
protein_0105,protein_0057,0.20270270270270271
protein_0105,protein_0058,0.2602739726027397
protein_0105,protein_0059,0.10752688172043011
protein_0105,protein_0060,0.10101010101010101
protein_0105,protein_0061,0.13186813186813187
protein_0105,protein_0062,0.11494252873563218
protein_0105,protein_0063,0.08450704225352113
protein_0105,protein_0064,0.14285714285714285
protein_0105,protein_0065,0.14
protein_0105,protein_0066,0.11711711711711711
protein_0105,protein_0067,0.09302325581395349
protein_0105,protein_0068,0.12643678160919541
protein_0105,protein_0069,0.10989010989010989
protein_0105,protein_0070,0.10344827586206896
protein_0105,protein_0071,0.125
protein_0105,protein_0072,0.2
protein_0105,protein_0073,0.1134020618556701
protein_0105,protein_0074,0.09
protein_0105,protein_0075,0.14583333333333334
protein_0105,protein_0076,0.24
protein_0105,protein_0077,0.11363636363636363
protein_0105,protein_0078,0.17475728155339806
protein_0105,protein_0079,0.17475728155339806
protein_0105,protein_0081,0.10344827586206896
protein_0105,protein_0082,0.14953271028037382
protein_0105,protein_0083,0.13829787234042554
protein_0105,protein_0084,0.14772727272727273
protein_0105,protein_0085,0.1509433962264151
protein_0105,protein_0086,0.1485148514851485
protein_0105,protein_0087,0.15492957746478872
protein_0105,protein_0089,0.11607142857142858
protein_0105,protein_0090,0.11607142857142858
protein_0105,protein_0092,0.1565217391304348
protein_0105,protein_0093,0.09523809523809523
protein_0105,protein_0094,0.09649122807017543
protein_0105,protein_0095,0.125
protein_0105,protein_0096,0.1111111111111111
protein_0105,protein_0097,0.10344827586206896
protein_0105,protein_0098,0.14606741573033707
protein_0105,protein_0099,0.13131313131313133
protein_0105,protein_0100,0.21739130434782608
protein_0105,protein_0101,0.08602150537634409
protein_0105,protein_0102,0.10344827586206896
protein_0105,protein_0103,0.13636363636363635
protein_0105,protein_0104,0.07692307692307693
protein_0105,protein_0106,0.12931034482758622
protein_0105,protein_0107,0.11827956989247312
protein_0105,protein_0108,0.15555555555555556
protein_0105,protein_0109,0.17647058823529413
protein_0105,protein_0110,0.13978494623655913
protein_0105,protein_0111,0.14942528735632185
protein_0105,protein_0112,0.14705882352941177
protein_0105,protein_0113,0.13541666666666666
protein_0105,protein_0114,0.1595744680851064
protein_0105,protein_0115,0.10975609756097561
protein_0105,protein_0116,0.1391304347826087
protein_0105,protein_0117,0.1391304347826087
protein_0105,protein_0118,0.22058823529411764
protein_0105,protein_0119,0.15
protein_0105,protein_0120,0.12371134020618557
protein_0105,protein_0121,0.12371134020618557
protein_0105,protein_0122,0.14285714285714285
protein_0105,protein_0123,0.17391304347826086
protein_0105,protein_0124,0.10309278350515463
protein_0105,protein_0125,0.1717171717171717
protein_0105,protein_0126,0.15151515151515152
protein_0105,protein_0127,0.10989010989010989
protein_0105,protein_0128,0.14
protein_0105,protein_0129,0.12903225806451613
protein_0105,protein_0130,0.10714285714285714
protein_0105,protein_0131,0.17391304347826086
protein_0105,protein_0132,0.15454545454545454
protein_0105,protein_0133,0.15454545454545454
protein_0105,protein_0135,0.14285714285714285
protein_0105,protein_0136,0.10655737704918032
protein_0105,protein_0137,0.10256410256410256
protein_0105,protein_0138,0.10256410256410256
protein_0105,protein_0139,0.19117647058823528
protein_0105,protein_0140,0.13402061855670103
protein_0105,protein_0141,0.11764705882352941
protein_0105,protein_0142,0.10227272727272728
protein_0105,protein_0143,0.1797752808988764
protein_0105,protein_0144,0.20224719101123595
protein_0105,protein_0145,0.18461538461538463
protein_0105,protein_0146,0.17333333333333334
protein_0105,protein_0147,0.09574468085106383
protein_0105,protein_0148,0.11494252873563218
protein_0105,protein_0149,0.2
protein_0105,protein_0150,0.1724137931034483
protein_0105,protein_0151,0.12359550561797752
protein_0105,protein_0152,0.2537313432835821
protein_0105,protein_0153,0.19047619047619047
protein_0105,protein_0154,0.17721518987341772
protein_0105,protein_0155,0.14049586776859505
protein_0105,protein_0156,0.1111111111111111
protein_0105,protein_0157,0.12643678160919541
protein_0105,protein_0158,0.208955223880597
protein_0105,protein_0159,0.11494252873563218
protein_0105,protein_0160,0.11494252873563218
protein_0105,protein_0162,0.15555555555555556
protein_0105,protein_0163,0.1568627450980392
protein_0105,protein_0164,0.11494252873563218
protein_0105,protein_0165,0.23076923076923078
protein_0105,protein_0167,0.12605042016806722
protein_0105,protein_0168,0.12605042016806722
protein_0105,protein_0169,0.0873015873015873
protein_0105,protein_0170,0.16279069767441862
protein_0105,protein_0171,0.11494252873563218
protein_0105,protein_0172,0.10256410256410256
protein_0105,protein_0173,0.10227272727272728
protein_0105,protein_0174,0.11363636363636363
protein_0105,protein_0175,0.11363636363636363
protein_0105,protein_0176,0.19444444444444445
protein_0105,protein_0177,0.15584415584415584
protein_0105,protein_0178,0.13274336283185842
protein_0105,protein_0179,0.11504424778761062
protein_0105,protein_0180,0.11827956989247312
protein_0105,protein_0181,0.07777777777777778
protein_0105,protein_0182,0.09195402298850575
protein_0105,protein_0183,0.1262135922330097
protein_0105,protein_0184,0.1134020618556701
protein_0105,protein_0185,0.12643678160919541
protein_0105,protein_0186,0.11764705882352941
protein_0105,protein_0187,0.10227272727272728
protein_0105,protein_0188,0.21212121212121213
protein_0105,protein_0189,0.10526315789473684
protein_0105,protein_0191,0.08602150537634409
protein_0105,protein_0192,0.14893617021276595
protein_0105,protein_0193,0.10989010989010989
protein_0105,protein_0194,0.06521739130434782
protein_0105,protein_0195,0.1276595744680851
protein_0105,protein_0196,0.11956521739130435
protein_0105,protein_0197,0.15306122448979592
protein_0105,protein_0198,0.1
protein_0105,protein_0199,0.1
protein_0105,protein_0200,0.1276595744680851
protein_0105,protein_0202,0.1348314606741573
protein_0105,protein_0203,0.1092436974789916
protein_0105,protein_0204,0.18666666666666668
protein_0105,protein_0206,0.1276595744680851
protein_0105,protein_0207,0.11382113821138211
protein_0105,protein_0208,0.1568627450980392
protein_0105,protein_0209,0.10526315789473684
protein_0105,protein_0210,0.1411764705882353
protein_0105,protein_0211,0.189873417721519
protein_0105,protein_0213,0.12643678160919541
protein_0105,protein_0214,0.2571428571428571
protein_0105,protein_0215,0.22535211267605634
protein_0105,protein_0216,0.1368421052631579
protein_0105,protein_0218,0.112
protein_0105,protein_0219,0.12598425196850394
protein_0105,protein_0220,0.16091954022988506
protein_0105,protein_0221,0.24285714285714285
protein_0105,protein_0222,0.14893617021276595
protein_0105,protein_0223,0.24285714285714285
protein_0105,protein_0224,0.2
protein_0105,protein_0225,0.15384615384615385
protein_0105,protein_0226,0.14444444444444443
protein_0105,protein_0227,0.17333333333333334
protein_0105,protein_0228,0.15217391304347827
protein_0105,protein_0229,0.16666666666666666
protein_0105,protein_0230,0.11363636363636363
protein_0105,protein_0231,0.11363636363636363
protein_0105,protein_0232,0.2153846153846154
protein_0105,protein_0233,0.09448818897637795
protein_0105,protein_0234,0.14
protein_0105,protein_0235,0.20588235294117646
protein_0105,protein_0236,0.13286713286713286
protein_0105,protein_0237,0.13286713286713286
protein_0105,protein_0238,0.09022556390977443
protein_0105,protein_0239,0.12371134020618557
protein_0105,protein_0240,0.1717171717171717
protein_0105,protein_0242,0.1643835616438356
protein_0105,protein_0243,0.1414141414141414
protein_0105,protein_0244,0.14634146341463414
protein_0105,protein_0245,0.10185185185185185
protein_0105,protein_0246,0.15
protein_0105,protein_0247,0.14102564102564102
protein_0105,protein_0248,0.09278350515463918
protein_0105,protein_0249,0.10989010989010989
protein_0105,protein_0250,0.14583333333333334
protein_0105,protein_0252,0.16470588235294117
protein_0105,protein_0253,0.1111111111111111
protein_0105,protein_0254,0.11842105263157894
protein_0105,protein_0255,0.08771929824561403
protein_0105,protein_0256,0.1111111111111111
protein_0105,protein_0257,0.1111111111111111
protein_0105,protein_0258,0.12903225806451613
protein_0105,protein_0260,0.2153846153846154
protein_0105,protein_0261,0.18
protein_0105,protein_0262,0.11851851851851852
protein_0105,protein_0265,0.10344827586206896
protein_0105,protein_0266,0.20930232558139536
protein_0105,protein_0267,0.10344827586206896
protein_0105,protein_0268,0.15476190476190477
protein_0105,protein_0270,0.1728395061728395
protein_0105,protein_0271,0.16666666666666666
protein_0105,protein_0272,0.1320754716981132
protein_0105,protein_0274,0.08695652173913043
protein_0105,protein_0275,0.15
protein_0105,protein_0276,0.10227272727272728
protein_0105,protein_0277,0.17647058823529413
protein_0105,protein_0278,0.14285714285714285
protein_0105,protein_0279,0.14285714285714285
protein_0105,protein_0280,0.12359550561797752
protein_0105,protein_0281,0.09821428571428571
protein_0105,protein_0282,0.24285714285714285
protein_0105,protein_0283,0.07339449541284404
protein_0105,protein_0284,0.14563106796116504
protein_0105,protein_0285,0.07692307692307693
protein_0105,protein_0286,0.2318840579710145
protein_0105,protein_0287,0.1504424778761062
protein_0105,protein_0288,0.12745098039215685
protein_0105,protein_0289,0.16049382716049382
protein_0105,protein_0290,0.12745098039215685
protein_0105,protein_0291,0.11428571428571428
protein_0105,protein_0292,0.2222222222222222
protein_0105,protein_0293,0.12087912087912088
protein_0105,protein_0294,0.11428571428571428
protein_0105,protein_0296,0.13043478260869565
protein_0105,protein_0297,0.24242424242424243
protein_0105,protein_0298,0.15789473684210525
protein_0105,protein_0299,0.14444444444444443
protein_0105,protein_0300,0.16494845360824742
protein_0105,protein_0301,0.16494845360824742
protein_0105,protein_0302,0.0958904109589041
protein_0105,protein_0304,0.16049382716049382
protein_0105,protein_0305,0.1717171717171717
protein_0105,protein_0307,0.1271186440677966
protein_0105,protein_0308,0.13333333333333333
protein_0105,protein_0310,0.1111111111111111
protein_0105,protein_0311,0.16483516483516483
protein_0105,protein_0312,0.07954545454545454
protein_0105,protein_0313,0.1134020618556701
protein_0105,protein_0314,0.1559633027522936
protein_0105,protein_0316,0.18666666666666668
protein_0105,protein_0317,0.1782178217821782
protein_0105,protein_0318,0.09821428571428571
protein_0105,protein_0320,0.0989010989010989
protein_0105,protein_0321,0.0967741935483871
protein_0105,protein_0322,0.15217391304347827
protein_0105,protein_0323,0.14772727272727273
protein_0105,protein_0324,0.23076923076923078
protein_0105,protein_0325,0.1391304347826087
protein_0105,protein_0326,0.1111111111111111
protein_0105,protein_0327,0.10638297872340426
protein_0105,protein_0329,0.10185185185185185
protein_0105,protein_0330,0.125
protein_0105,protein_0331,0.2153846153846154
protein_0105,protein_0332,0.12371134020618557
protein_0105,protein_0333,0.13978494623655913
protein_0105,protein_0334,0.11363636363636363
protein_0105,protein_0335,0.14705882352941177
protein_0105,protein_0336,0.2153846153846154
protein_0105,protein_0337,0.15555555555555556
protein_0105,protein_0338,0.16304347826086957
protein_0105,protein_0340,0.1485148514851485
protein_0105,protein_0341,0.125
protein_0105,protein_0342,0.22535211267605634
protein_0105,protein_0343,0.16049382716049382
protein_0105,protein_0344,0.13541666666666666
protein_0105,protein_0346,0.12307692307692308
protein_0105,protein_0347,0.22058823529411764
protein_0105,protein_0348,0.07758620689655173
protein_0105,protein_0349,0.1188118811881188
protein_0105,protein_0350,0.1
protein_0105,protein_0351,0.11702127659574468
protein_0105,protein_0352,0.17142857142857143
protein_0105,protein_0353,0.12389380530973451
protein_0105,protein_0354,0.11956521739130435
protein_0105,protein_0355,0.16666666666666666
protein_0105,protein_0356,0.2318840579710145
protein_0105,protein_0357,0.13114754098360656
protein_0105,protein_0358,0.125
protein_0105,protein_0359,0.11290322580645161
protein_0105,protein_0360,0.13793103448275862
protein_0105,protein_0361,0.13675213675213677
protein_0105,protein_0362,0.1368421052631579
protein_0105,protein_0363,0.1368421052631579
protein_0105,protein_0366,0.10588235294117647
protein_0105,protein_0367,0.12
protein_0105,protein_0368,0.16091954022988506
protein_0105,protein_0369,0.19480519480519481
protein_0105,protein_0370,0.13541666666666666
protein_0105,protein_0371,0.1348314606741573
protein_0105,protein_0372,0.07727272727272727
protein_0105,protein_0373,0.10784313725490197
protein_0105,protein_0374,0.1271186440677966
protein_0105,protein_0375,0.13186813186813187
protein_0105,protein_0376,0.10891089108910891
protein_0105,protein_0377,0.15555555555555556
protein_0105,protein_0378,0.14953271028037382
protein_0105,protein_0379,0.1724137931034483
protein_0105,protein_0380,0.1724137931034483
protein_0105,protein_0381,0.1724137931034483
protein_0105,protein_0382,0.1111111111111111
protein_0105,protein_0384,0.10204081632653061
protein_0105,protein_0385,0.11764705882352941
protein_0105,protein_0386,0.15841584158415842
protein_0105,protein_0387,0.11578947368421053
protein_0105,protein_0388,0.17391304347826086
protein_0105,protein_0389,0.2535211267605634
protein_0105,protein_0391,0.1590909090909091
protein_0105,protein_0392,0.11363636363636363
protein_0105,protein_0394,0.08771929824561403
protein_0105,protein_0395,0.0989010989010989
protein_0105,protein_0396,0.10434782608695652
protein_0105,protein_0397,0.09411764705882353
protein_0105,protein_0398,0.12612612612612611
protein_0105,protein_0399,0.11363636363636363
protein_0134,protein_0000,0.3103448275862069
protein_0134,protein_0002,0.1978021978021978
protein_0134,protein_0003,0.3333333333333333
protein_0134,protein_0004,0.3258426966292135
protein_0134,protein_0005,0.14432989690721648
protein_0134,protein_0006,0.34444444444444444
protein_0134,protein_0007,0.1511627906976744
protein_0134,protein_0008,0.14705882352941177
protein_0134,protein_0009,0.23333333333333334
protein_0134,protein_0010,0.28735632183908044
protein_0134,protein_0011,0.3258426966292135
protein_0134,protein_0012,0.3023255813953488
protein_0134,protein_0014,0.16666666666666666
protein_0134,protein_0015,0.15517241379310345
protein_0134,protein_0016,0.17647058823529413
protein_0134,protein_0017,0.140625
protein_0134,protein_0018,0.28735632183908044
protein_0134,protein_0019,0.17708333333333334
protein_0134,protein_0020,0.313953488372093
protein_0134,protein_0021,0.20454545454545456
protein_0134,protein_0022,0.18
protein_0134,protein_0023,0.20618556701030927
protein_0134,protein_0024,0.11965811965811966
protein_0134,protein_0025,0.32222222222222224
protein_0134,protein_0026,0.14728682170542637
protein_0134,protein_0027,0.19607843137254902
protein_0134,protein_0028,0.14414414414414414
protein_0134,protein_0029,0.1744186046511628
protein_0134,protein_0030,0.13445378151260504
protein_0134,protein_0031,0.2
protein_0134,protein_0032,0.3563218390804598
protein_0134,protein_0033,0.3111111111111111
protein_0134,protein_0035,0.1623931623931624
protein_0134,protein_0036,0.1511627906976744
protein_0134,protein_0037,0.22988505747126436
protein_0134,protein_0038,0.22988505747126436
protein_0134,protein_0039,0.20689655172413793
protein_0134,protein_0040,0.14942528735632185
protein_0134,protein_0041,0.3563218390804598
protein_0134,protein_0042,0.21839080459770116
protein_0134,protein_0044,0.25287356321839083
protein_0134,protein_0045,0.3409090909090909
protein_0134,protein_0046,0.1744186046511628
protein_0134,protein_0047,0.25842696629213485
protein_0134,protein_0048,0.25842696629213485
protein_0134,protein_0050,0.15384615384615385
protein_0134,protein_0051,0.16279069767441862
protein_0134,protein_0054,0.09848484848484848
protein_0134,protein_0055,0.1282051282051282
protein_0134,protein_0056,0.18867924528301888
protein_0134,protein_0057,0.1511627906976744
protein_0134,protein_0058,0.16666666666666666
protein_0134,protein_0059,0.27586206896551724
protein_0134,protein_0060,0.14563106796116504
protein_0134,protein_0061,0.18888888888888888
protein_0134,protein_0062,0.3707865168539326
protein_0134,protein_0063,0.11267605633802817
protein_0134,protein_0064,0.2988505747126437
protein_0134,protein_0065,0.1485148514851485
protein_0134,protein_0066,0.14018691588785046
protein_0134,protein_0067,0.3103448275862069
protein_0134,protein_0068,0.26136363636363635
protein_0134,protein_0069,0.3333333333333333
protein_0134,protein_0070,0.22988505747126436
protein_0134,protein_0071,0.23595505617977527
protein_0134,protein_0072,0.1590909090909091
protein_0134,protein_0073,0.29213483146067415
protein_0134,protein_0074,0.18
protein_0134,protein_0075,0.14705882352941177
protein_0134,protein_0076,0.12790697674418605
protein_0134,protein_0077,0.45054945054945056
protein_0134,protein_0078,0.1485148514851485
protein_0134,protein_0079,0.1485148514851485
protein_0134,protein_0081,0.35555555555555557
protein_0134,protein_0082,0.16379310344827586
protein_0134,protein_0083,0.30337078651685395
protein_0134,protein_0084,0.3258426966292135
protein_0134,protein_0085,0.1834862385321101
protein_0134,protein_0086,0.15126050420168066
protein_0134,protein_0087,0.15555555555555556
protein_0134,protein_0089,0.16521739130434782
protein_0134,protein_0090,0.16363636363636364
protein_0134,protein_0092,0.18333333333333332
protein_0134,protein_0093,0.26744186046511625
protein_0134,protein_0094,0.14912280701754385
protein_0134,protein_0095,0.12612612612612611
protein_0134,protein_0096,0.19469026548672566
protein_0134,protein_0097,0.3103448275862069
protein_0134,protein_0098,0.34831460674157305
protein_0134,protein_0099,0.10377358490566038
protein_0134,protein_0100,0.16279069767441862
protein_0134,protein_0101,0.28888888888888886
protein_0134,protein_0102,0.25
protein_0134,protein_0103,0.2988505747126437
protein_0134,protein_0104,0.18181818181818182
protein_0134,protein_0106,0.168141592920354
protein_0134,protein_0107,0.3793103448275862
protein_0134,protein_0108,0.2696629213483146
protein_0134,protein_0109,0.13953488372093023
protein_0134,protein_0110,0.3068181818181818
protein_0134,protein_0111,0.22988505747126436
protein_0134,protein_0112,0.16666666666666666
protein_0134,protein_0113,0.3068181818181818
protein_0134,protein_0114,0.3218390804597701
protein_0134,protein_0115,0.3333333333333333
protein_0134,protein_0116,0.11711711711711711
protein_0134,protein_0117,0.11711711711711711
protein_0134,protein_0118,0.19540229885057472
protein_0134,protein_0119,0.14018691588785046
protein_0134,protein_0120,0.3409090909090909
protein_0134,protein_0121,0.3409090909090909
protein_0134,protein_0122,0.25287356321839083
protein_0134,protein_0123,0.12222222222222222
protein_0134,protein_0124,0.3103448275862069
protein_0134,protein_0125,0.15841584158415842
protein_0134,protein_0126,0.18627450980392157
protein_0134,protein_0127,0.3563218390804598
protein_0134,protein_0128,0.30337078651685395
protein_0134,protein_0129,0.25287356321839083
protein_0134,protein_0130,0.16216216216216217
protein_0134,protein_0131,0.10465116279069768
protein_0134,protein_0132,0.1891891891891892
protein_0134,protein_0133,0.1891891891891892
protein_0134,protein_0135,0.32222222222222224
protein_0134,protein_0136,0.12605042016806722
protein_0134,protein_0137,0.1487603305785124
protein_0134,protein_0138,0.1487603305785124
protein_0134,protein_0139,0.17045454545454544
protein_0134,protein_0140,0.3218390804597701
protein_0134,protein_0141,0.25287356321839083
protein_0134,protein_0142,0.3023255813953488
protein_0134,protein_0143,0.3103448275862069
protein_0134,protein_0144,0.3333333333333333
protein_0134,protein_0145,0.15730337078651685
protein_0134,protein_0146,0.13953488372093023
protein_0134,protein_0147,0.36666666666666664
protein_0134,protein_0148,0.3111111111111111
protein_0134,protein_0149,0.14772727272727273
protein_0134,protein_0150,0.6976744186046512
protein_0134,protein_0151,0.20652173913043478
protein_0134,protein_0152,0.1744186046511628
protein_0134,protein_0153,0.18181818181818182
protein_0134,protein_0154,0.24719101123595505
protein_0134,protein_0155,0.17094017094017094
protein_0134,protein_0156,0.11926605504587157
protein_0134,protein_0157,0.17391304347826086
protein_0134,protein_0158,0.1590909090909091
protein_0134,protein_0159,0.4
protein_0134,protein_0160,0.313953488372093
protein_0134,protein_0162,0.3448275862068966
protein_0134,protein_0163,0.16666666666666666
protein_0134,protein_0164,0.27586206896551724
protein_0134,protein_0165,0.1839080459770115
protein_0134,protein_0167,0.10909090909090909
protein_0134,protein_0168,0.10909090909090909
protein_0134,protein_0169,0.12931034482758622
protein_0134,protein_0170,0.3563218390804598
protein_0134,protein_0171,0.23863636363636365
protein_0134,protein_0172,0.13385826771653545
protein_0134,protein_0173,0.3448275862068966
protein_0134,protein_0174,0.32954545454545453
protein_0134,protein_0175,0.3218390804597701
protein_0134,protein_0176,0.1511627906976744
protein_0134,protein_0177,0.23595505617977527
protein_0134,protein_0178,0.11504424778761062
protein_0134,protein_0179,0.12389380530973451
protein_0134,protein_0180,0.28888888888888886
protein_0134,protein_0181,0.3068181818181818
protein_0134,protein_0182,0.40229885057471265
protein_0134,protein_0183,0.1650485436893204
protein_0134,protein_0184,0.35106382978723405
protein_0134,protein_0185,0.18556701030927836
protein_0134,protein_0186,0.1553398058252427
protein_0134,protein_0187,0.3103448275862069
protein_0134,protein_0188,0.16279069767441862
protein_0134,protein_0189,0.40217391304347827
protein_0134,protein_0191,0.3333333333333333
protein_0134,protein_0192,0.3522727272727273
protein_0134,protein_0193,0.43956043956043955
protein_0134,protein_0194,0.1839080459770115
protein_0134,protein_0195,0.3218390804597701
protein_0134,protein_0196,0.3333333333333333
protein_0134,protein_0197,0.26744186046511625
protein_0134,protein_0198,0.33707865168539325
protein_0134,protein_0199,0.20430107526881722
protein_0134,protein_0200,0.29213483146067415
protein_0134,protein_0202,0.3333333333333333
protein_0134,protein_0203,0.15384615384615385
protein_0134,protein_0204,0.16279069767441862
protein_0134,protein_0206,0.30434782608695654
protein_0134,protein_0207,0.12030075187969924
protein_0134,protein_0208,0.16666666666666666
protein_0134,protein_0209,0.26436781609195403
protein_0134,protein_0210,0.3448275862068966
protein_0134,protein_0211,0.13636363636363635
protein_0134,protein_0213,0.39080459770114945
protein_0134,protein_0214,0.12790697674418605
protein_0134,protein_0215,0.1511627906976744
protein_0134,protein_0216,0.13157894736842105
protein_0134,protein_0218,0.15079365079365079
protein_0134,protein_0219,0.12878787878787878
protein_0134,protein_0220,0.33707865168539325
protein_0134,protein_0221,0.14606741573033707
protein_0134,protein_0222,0.26744186046511625
protein_0134,protein_0223,0.13953488372093023
protein_0134,protein_0224,0.13636363636363635
protein_0134,protein_0225,0.17777777777777778
protein_0134,protein_0226,0.19148936170212766
protein_0134,protein_0227,0.1724137931034483
protein_0134,protein_0228,0.2127659574468085
protein_0134,protein_0229,0.16483516483516483
protein_0134,protein_0230,0.19101123595505617
protein_0134,protein_0231,0.3888888888888889
protein_0134,protein_0232,0.17045454545454544
protein_0134,protein_0233,0.13178294573643412
protein_0134,protein_0234,0.12962962962962962
protein_0134,protein_0235,0.18681318681318682
protein_0134,protein_0236,0.28735632183908044
protein_0134,protein_0237,0.28735632183908044
protein_0134,protein_0238,0.13768115942028986
protein_0134,protein_0239,0.33695652173913043
protein_0134,protein_0240,0.3707865168539326
protein_0134,protein_0242,0.12790697674418605
protein_0134,protein_0243,0.3218390804597701
protein_0134,protein_0244,0.17582417582417584
protein_0134,protein_0245,0.16417910447761194
protein_0134,protein_0246,0.18556701030927836
protein_0134,protein_0247,0.17045454545454544
protein_0134,protein_0248,0.3218390804597701
protein_0134,protein_0249,0.3956043956043956
protein_0134,protein_0250,0.1511627906976744
protein_0134,protein_0252,0.14893617021276595
protein_0134,protein_0253,0.12389380530973451
protein_0134,protein_0254,0.19101123595505617
protein_0134,protein_0255,0.09826589595375723
protein_0134,protein_0256,0.11818181818181818
protein_0134,protein_0257,0.1111111111111111
protein_0134,protein_0258,0.32558139534883723
protein_0134,protein_0260,0.16279069767441862
protein_0134,protein_0261,0.17647058823529413
protein_0134,protein_0262,0.16296296296296298
protein_0134,protein_0265,0.3793103448275862
protein_0134,protein_0266,0.17391304347826086
protein_0134,protein_0267,0.18888888888888888
protein_0134,protein_0268,0.16483516483516483
protein_0134,protein_0270,0.1511627906976744
protein_0134,protein_0271,0.18604651162790697
protein_0134,protein_0272,0.27586206896551724
protein_0134,protein_0274,0.25806451612903225
protein_0134,protein_0275,0.20588235294117646
protein_0134,protein_0276,0.375
protein_0134,protein_0277,0.1744186046511628
protein_0134,protein_0278,0.24444444444444444
protein_0134,protein_0279,0.36666666666666664
protein_0134,protein_0280,0.3333333333333333
protein_0134,protein_0281,0.14655172413793102
protein_0134,protein_0282,0.20689655172413793
protein_0134,protein_0283,0.0779816513761468
protein_0134,protein_0284,0.26436781609195403
protein_0134,protein_0285,0.34444444444444444
protein_0134,protein_0286,0.1744186046511628
protein_0134,protein_0287,0.21621621621621623
protein_0134,protein_0288,0.3333333333333333
protein_0134,protein_0289,0.14772727272727273
protein_0134,protein_0290,0.1452991452991453
protein_0134,protein_0291,0.2608695652173913
protein_0134,protein_0292,0.1511627906976744
protein_0134,protein_0293,0.1978021978021978
protein_0134,protein_0294,0.2608695652173913
protein_0134,protein_0296,0.12389380530973451
protein_0134,protein_0297,0.12643678160919541
protein_0134,protein_0298,0.13953488372093023
protein_0134,protein_0299,0.15555555555555556
protein_0134,protein_0300,0.1590909090909091
protein_0134,protein_0301,0.18888888888888888
protein_0134,protein_0302,0.11059907834101383
protein_0134,protein_0304,0.17777777777777778
protein_0134,protein_0305,0.18478260869565216
protein_0134,protein_0307,0.14285714285714285
protein_0134,protein_0308,0.14166666666666666
protein_0134,protein_0310,0.19469026548672566
protein_0134,protein_0311,0.32967032967032966
protein_0134,protein_0312,0.4
protein_0134,protein_0313,0.20689655172413793
protein_0134,protein_0314,0.10476190476190476
protein_0134,protein_0316,0.11627906976744186
protein_0134,protein_0317,0.15178571428571427
protein_0134,protein_0318,0.17543859649122806
protein_0134,protein_0320,0.3333333333333333
protein_0134,protein_0321,0.24444444444444444
protein_0134,protein_0322,0.3409090909090909
protein_0134,protein_0323,0.27956989247311825
protein_0134,protein_0324,0.1724137931034483
protein_0134,protein_0325,0.15178571428571427
protein_0134,protein_0326,0.16666666666666666
protein_0134,protein_0327,0.48863636363636365
protein_0134,protein_0329,0.1574074074074074
protein_0134,protein_0330,0.2988505747126437
protein_0134,protein_0331,0.14772727272727273
protein_0134,protein_0332,0.2413793103448276
protein_0134,protein_0333,0.21978021978021978
protein_0134,protein_0334,0.20212765957446807
protein_0134,protein_0335,0.125
protein_0134,protein_0336,0.13953488372093023
protein_0134,protein_0337,0.33695652173913043
protein_0134,protein_0338,0.25287356321839083
protein_0134,protein_0340,0.11764705882352941
protein_0134,protein_0341,0.22857142857142856
protein_0134,protein_0342,0.13953488372093023
protein_0134,protein_0343,0.18181818181818182
protein_0134,protein_0344,0.3333333333333333
protein_0134,protein_0346,0.19658119658119658
protein_0134,protein_0347,0.18478260869565216
protein_0134,protein_0348,0.1391304347826087
protein_0134,protein_0349,0.13793103448275862
protein_0134,protein_0350,0.3333333333333333
protein_0134,protein_0351,0.32222222222222224
protein_0134,protein_0352,0.18604651162790697
protein_0134,protein_0353,0.15517241379310345
protein_0134,protein_0354,0.23333333333333334
protein_0134,protein_0355,0.32608695652173914
protein_0134,protein_0356,0.16666666666666666
protein_0134,protein_0357,0.16666666666666666
protein_0134,protein_0358,0.3333333333333333
protein_0134,protein_0359,0.11194029850746269
protein_0134,protein_0360,0.3333333333333333
protein_0134,protein_0361,0.1111111111111111
protein_0134,protein_0362,0.2553191489361702
protein_0134,protein_0363,0.2553191489361702
protein_0134,protein_0366,0.25
protein_0134,protein_0367,0.16346153846153846
protein_0134,protein_0368,0.15730337078651685
protein_0134,protein_0369,0.1511627906976744
protein_0134,protein_0370,0.3333333333333333
protein_0134,protein_0371,0.3488372093023256
protein_0134,protein_0372,0.09174311926605505
protein_0134,protein_0373,0.1651376146788991
protein_0134,protein_0374,0.1282051282051282
protein_0134,protein_0375,0.3522727272727273
protein_0134,protein_0376,0.19230769230769232
protein_0134,protein_0377,0.3181818181818182
protein_0134,protein_0378,0.16216216216216217
protein_0134,protein_0379,0.1827956989247312
protein_0134,protein_0380,0.1827956989247312
protein_0134,protein_0381,0.1827956989247312
protein_0134,protein_0382,0.2247191011235955
protein_0134,protein_0384,0.3218390804597701
protein_0134,protein_0385,0.1262135922330097
protein_0134,protein_0386,0.08823529411764706
protein_0134,protein_0387,0.1016949152542373
protein_0134,protein_0388,0.11627906976744186
protein_0134,protein_0389,0.19767441860465115
protein_0134,protein_0391,0.2
protein_0134,protein_0392,0.3
protein_0134,protein_0394,0.15254237288135594
protein_0134,protein_0395,0.23076923076923078
protein_0134,protein_0396,0.15873015873015872
protein_0134,protein_0397,0.3218390804597701
protein_0134,protein_0398,0.1935483870967742
protein_0134,protein_0399,0.37777777777777777
protein_0161,protein_0000,0.1694915254237288
protein_0161,protein_0002,0.12605042016806722
protein_0161,protein_0003,0.17355371900826447
protein_0161,protein_0004,0.16393442622950818
protein_0161,protein_0005,0.11475409836065574
protein_0161,protein_0006,0.1721311475409836
protein_0161,protein_0007,0.1282051282051282
protein_0161,protein_0008,0.17518248175182483
protein_0161,protein_0009,0.17355371900826447
protein_0161,protein_0010,0.09523809523809523
protein_0161,protein_0011,0.14285714285714285
protein_0161,protein_0012,0.12698412698412698
protein_0161,protein_0014,0.18803418803418803
protein_0161,protein_0015,0.16806722689075632
protein_0161,protein_0016,0.125
protein_0161,protein_0017,0.1836734693877551
protein_0161,protein_0018,0.1487603305785124
protein_0161,protein_0019,0.13559322033898305
protein_0161,protein_0020,0.15384615384615385
protein_0161,protein_0021,0.10743801652892562
protein_0161,protein_0022,0.13445378151260504
protein_0161,protein_0023,0.1271186440677966
protein_0161,protein_0024,0.3333333333333333
protein_0161,protein_0025,0.171875
protein_0161,protein_0026,0.15384615384615385
protein_0161,protein_0027,0.1349206349206349
protein_0161,protein_0028,0.14634146341463414
protein_0161,protein_0029,0.15254237288135594
protein_0161,protein_0030,0.2923076923076923
protein_0161,protein_0031,0.18461538461538463
protein_0161,protein_0032,0.13934426229508196
protein_0161,protein_0033,0.1652892561983471
protein_0161,protein_0035,0.38461538461538464
protein_0161,protein_0036,0.1623931623931624
protein_0161,protein_0037,0.17829457364341086
protein_0161,protein_0038,0.17829457364341086
protein_0161,protein_0039,0.15254237288135594
protein_0161,protein_0040,0.12195121951219512
protein_0161,protein_0041,0.14754098360655737
protein_0161,protein_0042,0.15384615384615385
protein_0161,protein_0044,0.17094017094017094
protein_0161,protein_0045,0.18181818181818182
protein_0161,protein_0046,0.13675213675213677
protein_0161,protein_0047,0.15966386554621848
protein_0161,protein_0048,0.15254237288135594
protein_0161,protein_0050,0.168
protein_0161,protein_0051,0.1440677966101695
protein_0161,protein_0054,0.3515625
protein_0161,protein_0055,0.35
protein_0161,protein_0056,0.136
protein_0161,protein_0057,0.1282051282051282
protein_0161,protein_0058,0.10483870967741936
protein_0161,protein_0059,0.175
protein_0161,protein_0060,0.15254237288135594
protein_0161,protein_0061,0.175
protein_0161,protein_0062,0.1440677966101695
protein_0161,protein_0063,0.12093023255813953
protein_0161,protein_0064,0.15702479338842976
protein_0161,protein_0065,0.14615384615384616
protein_0161,protein_0066,0.15833333333333333
protein_0161,protein_0067,0.11764705882352941
protein_0161,protein_0068,0.14049586776859505
protein_0161,protein_0069,0.16806722689075632
protein_0161,protein_0070,0.1452991452991453
protein_0161,protein_0071,0.15447154471544716
protein_0161,protein_0072,0.13675213675213677
protein_0161,protein_0073,0.1452991452991453
protein_0161,protein_0074,0.145985401459854
protein_0161,protein_0075,0.1557377049180328
protein_0161,protein_0076,0.11764705882352941
protein_0161,protein_0077,0.152
protein_0161,protein_0078,0.17037037037037037
protein_0161,protein_0079,0.17037037037037037
protein_0161,protein_0081,0.14728682170542637
protein_0161,protein_0082,0.14754098360655737
protein_0161,protein_0083,0.13445378151260504
protein_0161,protein_0084,0.15384615384615385
protein_0161,protein_0085,0.1746031746031746
protein_0161,protein_0086,0.13114754098360656
protein_0161,protein_0087,0.1282051282051282
protein_0161,protein_0089,0.16
protein_0161,protein_0090,0.13008130081300814
protein_0161,protein_0092,0.13636363636363635
protein_0161,protein_0093,0.11023622047244094
protein_0161,protein_0094,0.29411764705882354
protein_0161,protein_0095,0.1506849315068493
protein_0161,protein_0096,0.1223021582733813
protein_0161,protein_0097,0.1271186440677966
protein_0161,protein_0098,0.14728682170542637
protein_0161,protein_0099,0.1271186440677966
protein_0161,protein_0100,0.15833333333333333
protein_0161,protein_0101,0.1282051282051282
protein_0161,protein_0102,0.211864406779661
protein_0161,protein_0103,0.15966386554621848
protein_0161,protein_0104,0.35294117647058826
protein_0161,protein_0106,0.14093959731543623
protein_0161,protein_0107,0.15833333333333333
protein_0161,protein_0108,0.1282051282051282
protein_0161,protein_0109,0.15384615384615385
protein_0161,protein_0110,0.15966386554621848
protein_0161,protein_0111,0.16101694915254236
protein_0161,protein_0112,0.11570247933884298
protein_0161,protein_0113,0.1282051282051282
protein_0161,protein_0114,0.15254237288135594
protein_0161,protein_0115,0.16101694915254236
protein_0161,protein_0116,0.14189189189189189
protein_0161,protein_0117,0.14189189189189189
protein_0161,protein_0118,0.1623931623931624
protein_0161,protein_0119,0.15789473684210525
protein_0161,protein_0120,0.13445378151260504
protein_0161,protein_0121,0.13445378151260504
protein_0161,protein_0122,0.20155038759689922
protein_0161,protein_0123,0.1452991452991453
protein_0161,protein_0124,0.13445378151260504
protein_0161,protein_0125,0.13008130081300814
protein_0161,protein_0126,0.12195121951219512
protein_0161,protein_0127,0.17094017094017094
protein_0161,protein_0128,0.10833333333333334
protein_0161,protein_0129,0.15254237288135594
protein_0161,protein_0130,0.16279069767441862
protein_0161,protein_0131,0.1623931623931624
protein_0161,protein_0132,0.18548387096774194
protein_0161,protein_0133,0.18548387096774194
protein_0161,protein_0135,0.16101694915254236
protein_0161,protein_0136,0.41025641025641024
protein_0161,protein_0137,0.4358974358974359
protein_0161,protein_0138,0.4358974358974359
protein_0161,protein_0139,0.11764705882352941
protein_0161,protein_0140,0.1640625
protein_0161,protein_0141,0.20155038759689922
protein_0161,protein_0142,0.2
protein_0161,protein_0143,0.14754098360655737
protein_0161,protein_0144,0.12396694214876033
protein_0161,protein_0145,0.15384615384615385
protein_0161,protein_0146,0.11965811965811966
protein_0161,protein_0147,0.1640625
protein_0161,protein_0148,0.14166666666666666
protein_0161,protein_0149,0.15384615384615385
protein_0161,protein_0150,0.12598425196850394
protein_0161,protein_0151,0.15966386554621848
protein_0161,protein_0152,0.1623931623931624
protein_0161,protein_0153,0.15384615384615385
protein_0161,protein_0154,0.15384615384615385
protein_0161,protein_0155,0.1111111111111111
protein_0161,protein_0156,0.18803418803418803
protein_0161,protein_0157,0.1111111111111111
protein_0161,protein_0158,0.1282051282051282
protein_0161,protein_0159,0.15384615384615385
protein_0161,protein_0160,0.15833333333333333
protein_0161,protein_0162,0.14285714285714285
protein_0161,protein_0163,0.12
protein_0161,protein_0164,0.14285714285714285
protein_0161,protein_0165,0.1282051282051282
protein_0161,protein_0167,0.1640625
protein_0161,protein_0168,0.12598425196850394
protein_0161,protein_0169,0.42735042735042733
protein_0161,protein_0170,0.15833333333333333
protein_0161,protein_0171,0.16129032258064516
protein_0161,protein_0172,0.36134453781512604
protein_0161,protein_0173,0.14285714285714285
protein_0161,protein_0174,0.17355371900826447
protein_0161,protein_0175,0.1652892561983471
protein_0161,protein_0176,0.11965811965811966
protein_0161,protein_0177,0.13675213675213677
protein_0161,protein_0178,0.3728813559322034
protein_0161,protein_0179,0.3728813559322034
protein_0161,protein_0180,0.1864406779661017
protein_0161,protein_0181,0.11764705882352941
protein_0161,protein_0182,0.18032786885245902
protein_0161,protein_0183,0.1590909090909091
protein_0161,protein_0184,0.13559322033898305
protein_0161,protein_0185,0.1271186440677966
protein_0161,protein_0186,0.16806722689075632
protein_0161,protein_0187,0.13333333333333333
protein_0161,protein_0188,0.1271186440677966
protein_0161,protein_0189,0.15748031496062992
protein_0161,protein_0191,0.13445378151260504
protein_0161,protein_0192,0.1271186440677966
protein_0161,protein_0193,0.140625
protein_0161,protein_0194,0.1557377049180328
protein_0161,protein_0195,0.13178294573643412
protein_0161,protein_0196,0.136
protein_0161,protein_0197,0.15447154471544716
protein_0161,protein_0198,0.16
protein_0161,protein_0199,0.13445378151260504
protein_0161,protein_0200,0.15702479338842976
protein_0161,protein_0202,0.17094017094017094
protein_0161,protein_0203,0.3644067796610169
protein_0161,protein_0204,0.15384615384615385
protein_0161,protein_0206,0.14285714285714285
protein_0161,protein_0207,0.3135593220338983
protein_0161,protein_0208,0.16279069767441862
protein_0161,protein_0209,0.1623931623931624
protein_0161,protein_0210,0.11016949152542373
protein_0161,protein_0211,0.17886178861788618
protein_0161,protein_0213,0.17692307692307693
protein_0161,protein_0214,0.09401709401709402
protein_0161,protein_0215,0.09401709401709402
protein_0161,protein_0216,0.13076923076923078
protein_0161,protein_0218,0.16216216216216217
protein_0161,protein_0219,0.6198347107438017
protein_0161,protein_0220,0.1487603305785124
protein_0161,protein_0221,0.12605042016806722
protein_0161,protein_0222,0.15
protein_0161,protein_0223,0.11904761904761904
protein_0161,protein_0224,0.1282051282051282
protein_0161,protein_0225,0.14049586776859505
protein_0161,protein_0226,0.13008130081300814
protein_0161,protein_0227,0.13675213675213677
protein_0161,protein_0228,0.14285714285714285
protein_0161,protein_0229,0.14285714285714285
protein_0161,protein_0230,0.1092436974789916
protein_0161,protein_0231,0.14285714285714285
protein_0161,protein_0232,0.13675213675213677
protein_0161,protein_0233,0.16911764705882354
protein_0161,protein_0234,0.15447154471544716
protein_0161,protein_0235,0.175
protein_0161,protein_0236,0.15384615384615385
protein_0161,protein_0237,0.15384615384615385
protein_0161,protein_0238,0.2074074074074074
protein_0161,protein_0239,0.1171875
protein_0161,protein_0240,0.11904761904761904
protein_0161,protein_0242,0.1111111111111111
protein_0161,protein_0243,0.136
protein_0161,protein_0244,0.13709677419354838
protein_0161,protein_0245,0.2323943661971831
protein_0161,protein_0246,0.13675213675213677
protein_0161,protein_0247,0.144
protein_0161,protein_0248,0.1092436974789916
protein_0161,protein_0249,0.17164179104477612
protein_0161,protein_0250,0.144
protein_0161,protein_0252,0.09401709401709402
protein_0161,protein_0253,0.15555555555555556
protein_0161,protein_0254,0.10256410256410256
protein_0161,protein_0255,0.14619883040935672
protein_0161,protein_0256,0.4444444444444444
protein_0161,protein_0257,0.452991452991453
protein_0161,protein_0258,0.14285714285714285
protein_0161,protein_0260,0.15254237288135594
protein_0161,protein_0261,0.1532258064516129
protein_0161,protein_0262,0.11971830985915492
protein_0161,protein_0265,0.18487394957983194
protein_0161,protein_0266,0.12598425196850394
protein_0161,protein_0267,0.1271186440677966
protein_0161,protein_0268,0.16806722689075632
protein_0161,protein_0270,0.175
protein_0161,protein_0271,0.1271186440677966
protein_0161,protein_0272,0.14375
protein_0161,protein_0274,0.12605042016806722
protein_0161,protein_0275,0.136
protein_0161,protein_0276,0.1171875
protein_0161,protein_0277,0.1111111111111111
protein_0161,protein_0278,0.1322314049586777
protein_0161,protein_0279,0.13559322033898305
protein_0161,protein_0280,0.1440677966101695
protein_0161,protein_0281,0.1232876712328767
protein_0161,protein_0282,0.11864406779661017
protein_0161,protein_0283,0.11894273127753303
protein_0161,protein_0284,0.17829457364341086
protein_0161,protein_0285,0.1440677966101695
protein_0161,protein_0286,0.1452991452991453
protein_0161,protein_0287,0.18253968253968253
protein_0161,protein_0288,0.1487603305785124
protein_0161,protein_0289,0.14285714285714285
protein_0161,protein_0290,0.18461538461538463
protein_0161,protein_0291,0.171875
protein_0161,protein_0292,0.13675213675213677
protein_0161,protein_0293,0.15702479338842976
protein_0161,protein_0294,0.171875
protein_0161,protein_0296,0.3305084745762712
protein_0161,protein_0297,0.14285714285714285
protein_0161,protein_0298,0.13821138211382114
protein_0161,protein_0299,0.1794871794871795
protein_0161,protein_0300,0.1297709923664122
protein_0161,protein_0301,0.1297709923664122
protein_0161,protein_0302,0.0967741935483871
protein_0161,protein_0304,0.13675213675213677
protein_0161,protein_0305,0.14634146341463414
protein_0161,protein_0307,0.375
protein_0161,protein_0308,0.304
protein_0161,protein_0310,0.144
protein_0161,protein_0311,0.1282051282051282
protein_0161,protein_0312,0.16
protein_0161,protein_0313,0.1885245901639344
protein_0161,protein_0314,0.16030534351145037
protein_0161,protein_0316,0.15384615384615385
protein_0161,protein_0317,0.19047619047619047
protein_0161,protein_0318,0.15753424657534246
protein_0161,protein_0320,0.18699186991869918
protein_0161,protein_0321,0.13934426229508196
protein_0161,protein_0322,0.13114754098360656
protein_0161,protein_0323,0.15
protein_0161,protein_0324,0.15126050420168066
protein_0161,protein_0325,0.17037037037037037
protein_0161,protein_0326,0.1271186440677966
protein_0161,protein_0327,0.20512820512820512
protein_0161,protein_0329,0.1271186440677966
protein_0161,protein_0330,0.13675213675213677
protein_0161,protein_0331,0.1623931623931624
protein_0161,protein_0332,0.15126050420168066
protein_0161,protein_0333,0.16666666666666666
protein_0161,protein_0334,0.15702479338842976
protein_0161,protein_0335,0.12396694214876033
protein_0161,protein_0336,0.1282051282051282
protein_0161,protein_0337,0.18803418803418803
protein_0161,protein_0338,0.16
protein_0161,protein_0340,0.1487603305785124
protein_0161,protein_0341,0.175
protein_0161,protein_0342,0.11475409836065574
protein_0161,protein_0343,0.13445378151260504
protein_0161,protein_0344,0.18032786885245902
protein_0161,protein_0346,0.14285714285714285
protein_0161,protein_0347,0.14285714285714285
protein_0161,protein_0348,0.2773109243697479
protein_0161,protein_0349,0.16
protein_0161,protein_0350,0.1885245901639344
protein_0161,protein_0351,0.13559322033898305
protein_0161,protein_0352,0.13675213675213677
protein_0161,protein_0353,0.16666666666666666
protein_0161,protein_0354,0.17355371900826447
protein_0161,protein_0355,0.18333333333333332
protein_0161,protein_0356,0.1452991452991453
protein_0161,protein_0357,0.35833333333333334
protein_0161,protein_0358,0.19672131147540983
protein_0161,protein_0359,0.3445378151260504
protein_0161,protein_0360,0.13934426229508196
protein_0161,protein_0361,0.3464566929133858
protein_0161,protein_0362,0.11965811965811966
protein_0161,protein_0363,0.11965811965811966
protein_0161,protein_0366,0.17094017094017094
protein_0161,protein_0367,0.10569105691056911
protein_0161,protein_0368,0.16666666666666666
protein_0161,protein_0369,0.18803418803418803
protein_0161,protein_0370,0.18032786885245902
protein_0161,protein_0371,0.13709677419354838
protein_0161,protein_0372,0.12669683257918551
protein_0161,protein_0373,0.21311475409836064
protein_0161,protein_0374,0.37815126050420167
protein_0161,protein_0375,0.125
protein_0161,protein_0376,0.1484375
protein_0161,protein_0377,0.14173228346456693
protein_0161,protein_0378,0.10743801652892562
protein_0161,protein_0379,0.15
protein_0161,protein_0380,0.15
protein_0161,protein_0381,0.15
protein_0161,protein_0382,0.15966386554621848
protein_0161,protein_0384,0.13675213675213677
protein_0161,protein_0385,0.15126050420168066
protein_0161,protein_0386,0.15748031496062992
protein_0161,protein_0387,0.4358974358974359
protein_0161,protein_0388,0.1452991452991453
protein_0161,protein_0389,0.10084033613445378
protein_0161,protein_0391,0.14166666666666666
protein_0161,protein_0392,0.125
protein_0161,protein_0394,0.31666666666666665
protein_0161,protein_0395,0.13114754098360656
protein_0161,protein_0396,0.264
protein_0161,protein_0397,0.16101694915254236
protein_0161,protein_0398,0.1893939393939394
protein_0161,protein_0399,0.171875
protein_0166,protein_0000,0.3103448275862069
protein_0166,protein_0002,0.17582417582417584
protein_0166,protein_0003,0.3333333333333333
protein_0166,protein_0004,0.2988505747126437
protein_0166,protein_0005,0.16326530612244897
protein_0166,protein_0006,0.25
protein_0166,protein_0007,0.17045454545454544
protein_0166,protein_0008,0.15384615384615385
protein_0166,protein_0009,0.19101123595505617
protein_0166,protein_0010,0.2988505747126437
protein_0166,protein_0011,0.26436781609195403
protein_0166,protein_0012,0.26436781609195403
protein_0166,protein_0014,0.18478260869565216
protein_0166,protein_0015,0.1588785046728972
protein_0166,protein_0016,0.20588235294117646
protein_0166,protein_0017,0.14285714285714285
protein_0166,protein_0018,0.2988505747126437
protein_0166,protein_0019,0.1724137931034483
protein_0166,protein_0020,0.4367816091954023
protein_0166,protein_0021,0.16666666666666666
protein_0166,protein_0022,0.12903225806451613
protein_0166,protein_0023,0.12903225806451613
protein_0166,protein_0024,0.15384615384615385
protein_0166,protein_0025,0.4606741573033708
protein_0166,protein_0026,0.14814814814814814
protein_0166,protein_0027,0.1743119266055046
protein_0166,protein_0028,0.13725490196078433
protein_0166,protein_0029,0.1590909090909091
protein_0166,protein_0030,0.12307692307692308
protein_0166,protein_0031,0.18867924528301888
protein_0166,protein_0032,0.3218390804597701
protein_0166,protein_0033,0.27586206896551724
protein_0166,protein_0035,0.15151515151515152
protein_0166,protein_0036,0.16091954022988506
protein_0166,protein_0037,0.26881720430107525
protein_0166,protein_0038,0.26881720430107525
protein_0166,protein_0039,0.1978021978021978
protein_0166,protein_0040,0.11956521739130435
protein_0166,protein_0041,0.3333333333333333
protein_0166,protein_0042,0.21348314606741572
protein_0166,protein_0044,0.2988505747126437
protein_0166,protein_0045,0.3448275862068966
protein_0166,protein_0046,0.1839080459770115
protein_0166,protein_0047,0.22988505747126436
protein_0166,protein_0048,0.22988505747126436
protein_0166,protein_0050,0.1188118811881188
protein_0166,protein_0051,0.18181818181818182
protein_0166,protein_0054,0.11965811965811966
protein_0166,protein_0055,0.11965811965811966
protein_0166,protein_0056,0.10377358490566038
protein_0166,protein_0057,0.1839080459770115
protein_0166,protein_0058,0.11494252873563218
protein_0166,protein_0059,0.28735632183908044
protein_0166,protein_0060,0.11428571428571428
protein_0166,protein_0061,0.25
protein_0166,protein_0062,0.3448275862068966
protein_0166,protein_0063,0.1
protein_0166,protein_0064,0.5227272727272727
protein_0166,protein_0065,0.11764705882352941
protein_0166,protein_0066,0.18446601941747573
protein_0166,protein_0067,0.3522727272727273
protein_0166,protein_0068,0.22988505747126436
protein_0166,protein_0069,0.25287356321839083
protein_0166,protein_0070,0.1724137931034483
protein_0166,protein_0071,0.2988505747126437
protein_0166,protein_0072,0.14942528735632185
protein_0166,protein_0073,0.25555555555555554
protein_0166,protein_0074,0.15384615384615385
protein_0166,protein_0075,0.16831683168316833
protein_0166,protein_0076,0.1956521739130435
protein_0166,protein_0077,0.3707865168539326
protein_0166,protein_0078,0.2
protein_0166,protein_0079,0.2
protein_0166,protein_0081,0.3333333333333333
protein_0166,protein_0082,0.19008264462809918
protein_0166,protein_0083,0.2988505747126437
protein_0166,protein_0084,0.23655913978494625
protein_0166,protein_0085,0.19008264462809918
protein_0166,protein_0086,0.19008264462809918
protein_0166,protein_0087,0.14772727272727273
protein_0166,protein_0089,0.13675213675213677
protein_0166,protein_0090,0.10317460317460317
protein_0166,protein_0092,0.12605042016806722
protein_0166,protein_0093,0.3218390804597701
protein_0166,protein_0094,0.15833333333333333
protein_0166,protein_0095,0.12698412698412698
protein_0166,protein_0096,0.16071428571428573
protein_0166,protein_0097,0.3103448275862069
protein_0166,protein_0098,0.28735632183908044
protein_0166,protein_0099,0.13675213675213677
protein_0166,protein_0100,0.19318181818181818
protein_0166,protein_0101,0.26666666666666666
protein_0166,protein_0102,0.2413793103448276
protein_0166,protein_0103,0.1839080459770115
protein_0166,protein_0104,0.14754098360655737
protein_0166,protein_0106,0.16101694915254236
protein_0166,protein_0107,0.34831460674157305
protein_0166,protein_0108,0.25
protein_0166,protein_0109,0.13186813186813187
protein_0166,protein_0110,0.25842696629213485
protein_0166,protein_0111,0.22988505747126436
protein_0166,protein_0112,0.21904761904761905
protein_0166,protein_0113,0.27586206896551724
protein_0166,protein_0114,0.35555555555555557
protein_0166,protein_0115,0.39080459770114945
protein_0166,protein_0116,0.16129032258064516
protein_0166,protein_0117,0.16129032258064516
protein_0166,protein_0118,0.14942528735632185
protein_0166,protein_0119,0.18446601941747573
protein_0166,protein_0120,0.42528735632183906
protein_0166,protein_0121,0.42528735632183906
protein_0166,protein_0122,0.26881720430107525
protein_0166,protein_0123,0.1724137931034483
protein_0166,protein_0124,0.39080459770114945
protein_0166,protein_0125,0.12149532710280374
protein_0166,protein_0126,0.21568627450980393
protein_0166,protein_0127,0.27586206896551724
protein_0166,protein_0128,0.41379310344827586
protein_0166,protein_0129,0.14942528735632185
protein_0166,protein_0130,0.10743801652892562
protein_0166,protein_0131,0.11494252873563218
protein_0166,protein_0132,0.20175438596491227
protein_0166,protein_0133,0.20175438596491227
protein_0166,protein_0135,0.45977011494252873
protein_0166,protein_0136,0.10084033613445378
protein_0166,protein_0137,0.12
protein_0166,protein_0138,0.12
protein_0166,protein_0139,0.16853932584269662
protein_0166,protein_0140,0.26436781609195403
protein_0166,protein_0141,0.26881720430107525
protein_0166,protein_0142,0.28735632183908044
protein_0166,protein_0143,0.28735632183908044
protein_0166,protein_0144,0.28735632183908044
protein_0166,protein_0145,0.16091954022988506
protein_0166,protein_0146,0.12643678160919541
protein_0166,protein_0147,0.3218390804597701
protein_0166,protein_0148,0.3103448275862069
protein_0166,protein_0149,0.1590909090909091
protein_0166,protein_0150,0.28735632183908044
protein_0166,protein_0151,0.23404255319148937
protein_0166,protein_0152,0.1839080459770115
protein_0166,protein_0153,0.19101123595505617
protein_0166,protein_0154,0.18888888888888888
protein_0166,protein_0155,0.19166666666666668
protein_0166,protein_0156,0.11607142857142858
protein_0166,protein_0157,0.14736842105263157
protein_0166,protein_0158,0.16091954022988506
protein_0166,protein_0159,0.3103448275862069
protein_0166,protein_0160,0.4482758620689655
protein_0166,protein_0162,0.632183908045977
protein_0166,protein_0163,0.14678899082568808
protein_0166,protein_0164,0.8735632183908046
protein_0166,protein_0165,0.13793103448275862
protein_0166,protein_0167,0.1694915254237288
protein_0166,protein_0168,0.16101694915254236
protein_0166,protein_0169,0.11666666666666667
protein_0166,protein_0170,0.45977011494252873
protein_0166,protein_0171,0.25
protein_0166,protein_0172,0.14285714285714285
protein_0166,protein_0173,0.41379310344827586
protein_0166,protein_0174,0.4367816091954023
protein_0166,protein_0175,0.4367816091954023
protein_0166,protein_0176,0.1956521739130435
protein_0166,protein_0177,0.13793103448275862
protein_0166,protein_0178,0.14035087719298245
protein_0166,protein_0179,0.14912280701754385
protein_0166,protein_0180,0.22988505747126436
protein_0166,protein_0181,0.3522727272727273
protein_0166,protein_0182,0.367816091954023
protein_0166,protein_0183,0.1651376146788991
protein_0166,protein_0184,0.4777777777777778
protein_0166,protein_0185,0.18947368421052632
protein_0166,protein_0186,0.1834862385321101
protein_0166,protein_0187,0.40229885057471265
protein_0166,protein_0188,0.1724137931034483
protein_0166,protein_0189,0.3111111111111111
protein_0166,protein_0191,0.3448275862068966
protein_0166,protein_0192,0.6206896551724138
protein_0166,protein_0193,0.3333333333333333
protein_0166,protein_0194,0.19540229885057472
protein_0166,protein_0195,0.28735632183908044
protein_0166,protein_0196,0.27586206896551724
protein_0166,protein_0197,0.28735632183908044
protein_0166,protein_0198,0.28735632183908044
protein_0166,protein_0199,0.23655913978494625
protein_0166,protein_0200,0.24719101123595505
protein_0166,protein_0202,0.3218390804597701
protein_0166,protein_0203,0.1111111111111111
protein_0166,protein_0204,0.1839080459770115
protein_0166,protein_0206,0.26436781609195403
protein_0166,protein_0207,0.13953488372093023
protein_0166,protein_0208,0.1452991452991453
protein_0166,protein_0209,0.3103448275862069
protein_0166,protein_0210,0.2727272727272727
protein_0166,protein_0211,0.18811881188118812
protein_0166,protein_0213,0.3595505617977528
protein_0166,protein_0214,0.10869565217391304
protein_0166,protein_0215,0.1326530612244898
protein_0166,protein_0216,0.20192307692307693
protein_0166,protein_0218,0.15267175572519084
protein_0166,protein_0219,0.15
protein_0166,protein_0220,0.5227272727272727
protein_0166,protein_0221,0.1590909090909091
protein_0166,protein_0222,0.23863636363636365
protein_0166,protein_0223,0.14772727272727273
protein_0166,protein_0224,0.1956521739130435
protein_0166,protein_0225,0.14285714285714285
protein_0166,protein_0226,0.19387755102040816
protein_0166,protein_0227,0.10869565217391304
protein_0166,protein_0228,0.1978021978021978
protein_0166,protein_0229,0.13636363636363635
protein_0166,protein_0230,0.2391304347826087
protein_0166,protein_0231,0.367816091954023
protein_0166,protein_0232,0.17204301075268819
protein_0166,protein_0233,0.13636363636363635
protein_0166,protein_0234,0.1834862385321101
protein_0166,protein_0235,0.18181818181818182
protein_0166,protein_0236,0.2413793103448276
protein_0166,protein_0237,0.2413793103448276
protein_0166,protein_0238,0.12030075187969924
protein_0166,protein_0239,0.45977011494252873
protein_0166,protein_0240,0.4942528735632184
protein_0166,protein_0242,0.1590909090909091
protein_0166,protein_0243,0.4482758620689655
protein_0166,protein_0244,0.13793103448275862
protein_0166,protein_0245,0.12389380530973451
protein_0166,protein_0246,0.14
protein_0166,protein_0247,0.20224719101123595
protein_0166,protein_0248,0.41379310344827586
protein_0166,protein_0249,0.4827586206896552
protein_0166,protein_0250,0.17
protein_0166,protein_0252,0.23404255319148937
protein_0166,protein_0253,0.15384615384615385
protein_0166,protein_0254,0.14772727272727273
protein_0166,protein_0255,0.13872832369942195
protein_0166,protein_0256,0.17647058823529413
protein_0166,protein_0257,0.18627450980392157
protein_0166,protein_0258,0.28735632183908044
protein_0166,protein_0260,0.14772727272727273
protein_0166,protein_0261,0.17391304347826086
protein_0166,protein_0262,0.16546762589928057
protein_0166,protein_0265,0.3218390804597701
protein_0166,protein_0266,0.18446601941747573
protein_0166,protein_0267,0.23076923076923078
protein_0166,protein_0268,0.13636363636363635
protein_0166,protein_0270,0.18181818181818182
protein_0166,protein_0271,0.20689655172413793
protein_0166,protein_0272,0.2413793103448276
protein_0166,protein_0274,0.2765957446808511
protein_0166,protein_0275,0.14814814814814814
protein_0166,protein_0276,0.30337078651685395
protein_0166,protein_0277,0.1590909090909091
protein_0166,protein_0278,0.2
protein_0166,protein_0279,0.42528735632183906
protein_0166,protein_0280,0.41379310344827586
protein_0166,protein_0281,0.16379310344827586
protein_0166,protein_0282,0.10227272727272728
protein_0166,protein_0283,0.0958904109589041
protein_0166,protein_0284,0.25806451612903225
protein_0166,protein_0285,0.28735632183908044
protein_0166,protein_0286,0.1839080459770115
protein_0166,protein_0287,0.23148148148148148
protein_0166,protein_0288,0.6206896551724138
protein_0166,protein_0289,0.1839080459770115
protein_0166,protein_0290,0.1346153846153846
protein_0166,protein_0291,0.1839080459770115
protein_0166,protein_0292,0.1839080459770115
protein_0166,protein_0293,0.2159090909090909
protein_0166,protein_0294,0.1839080459770115
protein_0166,protein_0296,0.12931034482758622
protein_0166,protein_0297,0.13636363636363635
protein_0166,protein_0298,0.1590909090909091
protein_0166,protein_0299,0.18269230769230768
protein_0166,protein_0300,0.1827956989247312
protein_0166,protein_0301,0.17777777777777778
protein_0166,protein_0302,0.12385321100917432
protein_0166,protein_0304,0.1839080459770115
protein_0166,protein_0305,0.16666666666666666
protein_0166,protein_0307,0.13008130081300814
protein_0166,protein_0308,0.1391304347826087
protein_0166,protein_0310,0.14018691588785046
protein_0166,protein_0311,0.42528735632183906
protein_0166,protein_0312,0.3448275862068966
protein_0166,protein_0313,0.2413793103448276
protein_0166,protein_0314,0.17757009345794392
protein_0166,protein_0316,0.14942528735632185
protein_0166,protein_0317,0.1553398058252427
protein_0166,protein_0318,0.13157894736842105
protein_0166,protein_0320,0.4827586206896552
protein_0166,protein_0321,0.22580645161290322
protein_0166,protein_0322,0.3793103448275862
protein_0166,protein_0323,0.2988505747126437
protein_0166,protein_0324,0.15384615384615385
protein_0166,protein_0325,0.16129032258064516
protein_0166,protein_0326,0.17708333333333334
protein_0166,protein_0327,0.27586206896551724
protein_0166,protein_0329,0.16393442622950818
protein_0166,protein_0330,0.27586206896551724
protein_0166,protein_0331,0.1590909090909091
protein_0166,protein_0332,0.1724137931034483
protein_0166,protein_0333,0.26136363636363635
protein_0166,protein_0334,0.24175824175824176
protein_0166,protein_0335,0.17
protein_0166,protein_0336,0.16091954022988506
protein_0166,protein_0337,0.21839080459770116
protein_0166,protein_0338,0.2727272727272727
protein_0166,protein_0340,0.18867924528301888
protein_0166,protein_0341,0.21568627450980393
protein_0166,protein_0342,0.1839080459770115
protein_0166,protein_0343,0.16091954022988506
protein_0166,protein_0344,0.3793103448275862
protein_0166,protein_0346,0.1721311475409836
protein_0166,protein_0347,0.17777777777777778
protein_0166,protein_0348,0.20491803278688525
protein_0166,protein_0349,0.16
protein_0166,protein_0350,0.39080459770114945
protein_0166,protein_0351,0.26436781609195403
protein_0166,protein_0352,0.13793103448275862
protein_0166,protein_0353,0.1322314049586777
protein_0166,protein_0354,0.19540229885057472
protein_0166,protein_0355,0.2413793103448276
protein_0166,protein_0356,0.16129032258064516
protein_0166,protein_0357,0.17355371900826447
protein_0166,protein_0358,0.3793103448275862
protein_0166,protein_0359,0.11764705882352941
protein_0166,protein_0360,0.3595505617977528
protein_0166,protein_0361,0.16666666666666666
protein_0166,protein_0362,0.25
protein_0166,protein_0363,0.25
protein_0166,protein_0366,0.20689655172413793
protein_0166,protein_0367,0.14285714285714285
protein_0166,protein_0368,0.1935483870967742
protein_0166,protein_0369,0.1111111111111111
protein_0166,protein_0370,0.3793103448275862
protein_0166,protein_0371,0.3563218390804598
protein_0166,protein_0372,0.1278538812785388
protein_0166,protein_0373,0.16346153846153846
protein_0166,protein_0374,0.11764705882352941
protein_0166,protein_0375,0.36363636363636365
protein_0166,protein_0376,0.1651376146788991
protein_0166,protein_0377,0.5113636363636364
protein_0166,protein_0378,0.17699115044247787
protein_0166,protein_0379,0.1702127659574468
protein_0166,protein_0380,0.1702127659574468
protein_0166,protein_0381,0.1702127659574468
protein_0166,protein_0382,0.26436781609195403
protein_0166,protein_0384,0.3068181818181818
protein_0166,protein_0385,0.1559633027522936
protein_0166,protein_0386,0.2
protein_0166,protein_0387,0.18627450980392157
protein_0166,protein_0388,0.16853932584269662
protein_0166,protein_0389,0.15384615384615385
protein_0166,protein_0391,0.2391304347826087
protein_0166,protein_0392,0.43820224719101125
protein_0166,protein_0394,0.11304347826086956
protein_0166,protein_0395,0.23469387755102042
protein_0166,protein_0396,0.18253968253968253
protein_0166,protein_0397,0.48314606741573035
protein_0166,protein_0398,0.17886178861788618
protein_0166,protein_0399,0.3103448275862069
protein_0190,protein_0000,0.375
protein_0190,protein_0002,0.1702127659574468
protein_0190,protein_0003,0.3333333333333333
protein_0190,protein_0004,0.26436781609195403
protein_0190,protein_0005,0.1958762886597938
protein_0190,protein_0006,0.4772727272727273
protein_0190,protein_0007,0.16091954022988506
protein_0190,protein_0008,0.2079207920792079
protein_0190,protein_0009,0.3181818181818182
protein_0190,protein_0010,0.42528735632183906
protein_0190,protein_0011,0.5172413793103449
protein_0190,protein_0012,0.5747126436781609
protein_0190,protein_0014,0.18
protein_0190,protein_0015,0.16831683168316833
protein_0190,protein_0016,0.21568627450980393
protein_0190,protein_0017,0.1527777777777778
protein_0190,protein_0018,0.27586206896551724
protein_0190,protein_0019,0.15730337078651685
protein_0190,protein_0020,0.33707865168539325
protein_0190,protein_0021,0.1875
protein_0190,protein_0022,0.14953271028037382
protein_0190,protein_0023,0.19387755102040816
protein_0190,protein_0024,0.15267175572519084
protein_0190,protein_0025,0.3333333333333333
protein_0190,protein_0026,0.1527777777777778
protein_0190,protein_0027,0.16494845360824742
protein_0190,protein_0028,0.16964285714285715
protein_0190,protein_0029,0.13793103448275862
protein_0190,protein_0030,0.18115942028985507
protein_0190,protein_0031,0.20754716981132076
protein_0190,protein_0032,0.3
protein_0190,protein_0033,0.5402298850574713
protein_0190,protein_0035,0.13725490196078433
protein_0190,protein_0036,0.17777777777777778
protein_0190,protein_0037,0.2808988764044944
protein_0190,protein_0038,0.2808988764044944
protein_0190,protein_0039,0.3103448275862069
protein_0190,protein_0040,0.08045977011494253
protein_0190,protein_0041,0.2967032967032967
protein_0190,protein_0042,0.2
protein_0190,protein_0044,0.26436781609195403
protein_0190,protein_0045,0.27586206896551724
protein_0190,protein_0046,0.1724137931034483
protein_0190,protein_0047,0.42528735632183906
protein_0190,protein_0048,0.42528735632183906
protein_0190,protein_0050,0.1782178217821782
protein_0190,protein_0051,0.17045454545454544
protein_0190,protein_0054,0.10317460317460317
protein_0190,protein_0055,0.14285714285714285
protein_0190,protein_0056,0.1440677966101695
protein_0190,protein_0057,0.1797752808988764
protein_0190,protein_0058,0.16304347826086957
protein_0190,protein_0059,0.26436781609195403
protein_0190,protein_0060,0.20388349514563106
protein_0190,protein_0061,0.17777777777777778
protein_0190,protein_0062,0.3448275862068966
protein_0190,protein_0063,0.13615023474178403
protein_0190,protein_0064,0.2808988764044944
protein_0190,protein_0065,0.21
protein_0190,protein_0066,0.11764705882352941
protein_0190,protein_0067,0.43820224719101125
protein_0190,protein_0068,0.3333333333333333
protein_0190,protein_0069,0.42528735632183906
protein_0190,protein_0070,0.3068181818181818
protein_0190,protein_0071,0.43157894736842106
protein_0190,protein_0072,0.1797752808988764
protein_0190,protein_0073,0.38636363636363635
protein_0190,protein_0074,0.20408163265306123
protein_0190,protein_0075,0.20754716981132076
protein_0190,protein_0076,0.13043478260869565
protein_0190,protein_0077,0.4044943820224719
protein_0190,protein_0078,0.125
protein_0190,protein_0079,0.125
protein_0190,protein_0081,0.34444444444444444
protein_0190,protein_0082,0.12
protein_0190,protein_0083,0.5172413793103449
protein_0190,protein_0084,0.38202247191011235
protein_0190,protein_0085,0.13592233009708737
protein_0190,protein_0086,0.11650485436893204
protein_0190,protein_0087,0.1839080459770115
protein_0190,protein_0089,0.15748031496062992
protein_0190,protein_0090,0.15384615384615385
protein_0190,protein_0092,0.18487394957983194
protein_0190,protein_0093,0.41379310344827586
protein_0190,protein_0094,0.19672131147540983
protein_0190,protein_0095,0.13793103448275862
protein_0190,protein_0096,0.19607843137254902
protein_0190,protein_0097,0.3563218390804598
protein_0190,protein_0098,0.3218390804597701
protein_0190,protein_0099,0.13043478260869565
protein_0190,protein_0100,0.15053763440860216
protein_0190,protein_0101,0.36363636363636365
protein_0190,protein_0102,0.3103448275862069
protein_0190,protein_0103,0.2696629213483146
protein_0190,protein_0104,0.1282051282051282
protein_0190,protein_0106,0.211864406779661
protein_0190,protein_0107,0.3333333333333333
protein_0190,protein_0108,0.2111111111111111
protein_0190,protein_0109,0.17346938775510204
protein_0190,protein_0110,0.4367816091954023
protein_0190,protein_0111,0.3103448275862069
protein_0190,protein_0112,0.17
protein_0190,protein_0113,0.44086021505376344
protein_0190,protein_0114,0.3010752688172043
protein_0190,protein_0115,0.25287356321839083
protein_0190,protein_0116,0.15126050420168066
protein_0190,protein_0117,0.15126050420168066
protein_0190,protein_0118,0.1724137931034483
protein_0190,protein_0119,0.11764705882352941
protein_0190,protein_0120,0.36363636363636365
protein_0190,protein_0121,0.36363636363636365
protein_0190,protein_0122,0.27472527472527475
protein_0190,protein_0123,0.14444444444444443
protein_0190,protein_0124,0.36363636363636365
protein_0190,protein_0125,0.16326530612244897
protein_0190,protein_0126,0.2079207920792079
protein_0190,protein_0127,0.28735632183908044
protein_0190,protein_0128,0.3448275862068966
protein_0190,protein_0129,0.22988505747126436
protein_0190,protein_0130,0.13157894736842105
protein_0190,protein_0131,0.1368421052631579
protein_0190,protein_0132,0.25
protein_0190,protein_0133,0.25
protein_0190,protein_0135,0.25287356321839083
protein_0190,protein_0136,0.14655172413793102
protein_0190,protein_0137,0.13675213675213677
protein_0190,protein_0138,0.13675213675213677
protein_0190,protein_0139,0.16091954022988506
protein_0190,protein_0140,0.4942528735632184
protein_0190,protein_0141,0.2808988764044944
protein_0190,protein_0142,0.4827586206896552
protein_0190,protein_0143,0.3448275862068966
protein_0190,protein_0144,0.3218390804597701
protein_0190,protein_0145,0.16091954022988506
protein_0190,protein_0146,0.14772727272727273
protein_0190,protein_0147,0.4090909090909091
protein_0190,protein_0148,0.3595505617977528
protein_0190,protein_0149,0.16091954022988506
protein_0190,protein_0150,0.31521739130434784
protein_0190,protein_0151,0.19148936170212766
protein_0190,protein_0152,0.17045454545454544
protein_0190,protein_0153,0.2247191011235955
protein_0190,protein_0154,0.23595505617977527
protein_0190,protein_0155,0.13559322033898305
protein_0190,protein_0156,0.20689655172413793
protein_0190,protein_0157,0.15555555555555556
protein_0190,protein_0158,0.13793103448275862
protein_0190,protein_0159,0.4090909090909091
protein_0190,protein_0160,0.3333333333333333
protein_0190,protein_0162,0.28735632183908044
protein_0190,protein_0163,0.16831683168316833
protein_0190,protein_0164,0.2413793103448276
protein_0190,protein_0165,0.1797752808988764
protein_0190,protein_0167,0.15384615384615385
protein_0190,protein_0168,0.11711711711711711
protein_0190,protein_0169,0.11864406779661017
protein_0190,protein_0170,0.3103448275862069
protein_0190,protein_0171,0.36666666666666664
protein_0190,protein_0172,0.16666666666666666
protein_0190,protein_0173,0.367816091954023
protein_0190,protein_0174,0.3218390804597701
protein_0190,protein_0175,0.3218390804597701
protein_0190,protein_0176,0.1797752808988764
protein_0190,protein_0177,0.16091954022988506
protein_0190,protein_0178,0.16666666666666666
protein_0190,protein_0179,0.15789473684210525
protein_0190,protein_0180,0.25
protein_0190,protein_0181,0.40229885057471265
protein_0190,protein_0182,0.33695652173913043
protein_0190,protein_0183,0.14285714285714285
protein_0190,protein_0184,0.3563218390804598
protein_0190,protein_0185,0.1919191919191919
protein_0190,protein_0186,0.16666666666666666
protein_0190,protein_0187,0.3103448275862069
protein_0190,protein_0188,0.16853932584269662
protein_0190,protein_0189,0.367816091954023
protein_0190,protein_0191,0.3258426966292135
protein_0190,protein_0192,0.33707865168539325
protein_0190,protein_0193,0.3563218390804598
protein_0190,protein_0194,0.28735632183908044
protein_0190,protein_0195,0.4777777777777778
protein_0190,protein_0196,0.42528735632183906
protein_0190,protein_0197,0.5056179775280899
protein_0190,protein_0198,0.2988505747126437
protein_0190,protein_0199,0.18478260869565216
protein_0190,protein_0200,0.42528735632183906
protein_0190,protein_0202,0.36363636363636365
protein_0190,protein_0203,0.13675213675213677
protein_0190,protein_0204,0.1797752808988764
protein_0190,protein_0206,0.5517241379310345
protein_0190,protein_0207,0.10317460317460317
protein_0190,protein_0208,0.12931034482758622
protein_0190,protein_0209,0.27586206896551724
protein_0190,protein_0210,0.27586206896551724
protein_0190,protein_0211,0.16379310344827586
protein_0190,protein_0213,0.3977272727272727
protein_0190,protein_0214,0.125
protein_0190,protein_0215,0.1595744680851064
protein_0190,protein_0216,0.17346938775510204
protein_0190,protein_0218,0.15748031496062992
protein_0190,protein_0219,0.16806722689075632
protein_0190,protein_0220,0.2967032967032967
protein_0190,protein_0221,0.13131313131313133
protein_0190,protein_0222,0.47126436781609193
protein_0190,protein_0223,0.16842105263157894
protein_0190,protein_0224,0.14942528735632185
protein_0190,protein_0225,0.125
protein_0190,protein_0226,0.18181818181818182
protein_0190,protein_0227,0.13793103448275862
protein_0190,protein_0228,0.2736842105263158
protein_0190,protein_0229,0.13636363636363635
protein_0190,protein_0230,0.1702127659574468
protein_0190,protein_0231,0.3563218390804598
protein_0190,protein_0232,0.16091954022988506
protein_0190,protein_0233,0.15384615384615385
protein_0190,protein_0234,0.1834862385321101
protein_0190,protein_0235,0.19607843137254902
protein_0190,protein_0236,0.4367816091954023
protein_0190,protein_0237,0.4367816091954023
protein_0190,protein_0238,0.13740458015267176
protein_0190,protein_0239,0.3103448275862069
protein_0190,protein_0240,0.3218390804597701
protein_0190,protein_0242,0.1839080459770115
protein_0190,protein_0243,0.3218390804597701
protein_0190,protein_0244,0.14444444444444443
protein_0190,protein_0245,0.17293233082706766
protein_0190,protein_0246,0.1782178217821782
protein_0190,protein_0247,0.19148936170212766
protein_0190,protein_0248,0.40217391304347827
protein_0190,protein_0249,0.3218390804597701
protein_0190,protein_0250,0.13725490196078433
protein_0190,protein_0252,0.18181818181818182
protein_0190,protein_0253,0.168141592920354
protein_0190,protein_0254,0.1935483870967742
protein_0190,protein_0255,0.125
protein_0190,protein_0256,0.16037735849056603
protein_0190,protein_0257,0.16981132075471697
protein_0190,protein_0258,0.5444444444444444
protein_0190,protein_0260,0.19101123595505617
protein_0190,protein_0261,0.15
protein_0190,protein_0262,0.1897810218978102
protein_0190,protein_0265,0.27586206896551724
protein_0190,protein_0266,0.16666666666666666
protein_0190,protein_0267,0.19148936170212766
protein_0190,protein_0268,0.14444444444444443
protein_0190,protein_0270,0.14583333333333334
protein_0190,protein_0271,0.22727272727272727
protein_0190,protein_0272,0.4772727272727273
protein_0190,protein_0274,0.19101123595505617
protein_0190,protein_0275,0.21782178217821782
protein_0190,protein_0276,0.3218390804597701
protein_0190,protein_0277,0.13978494623655913
protein_0190,protein_0278,0.3111111111111111
protein_0190,protein_0279,0.3181818181818182
protein_0190,protein_0280,0.28735632183908044
protein_0190,protein_0281,0.1415929203539823
protein_0190,protein_0282,0.12903225806451613
protein_0190,protein_0283,0.11926605504587157
protein_0190,protein_0284,0.2840909090909091
protein_0190,protein_0285,0.5172413793103449
protein_0190,protein_0286,0.16091954022988506
protein_0190,protein_0287,0.25225225225225223
protein_0190,protein_0288,0.3103448275862069
protein_0190,protein_0289,0.1978021978021978
protein_0190,protein_0290,0.16822429906542055
protein_0190,protein_0291,0.2413793103448276
protein_0190,protein_0292,0.1590909090909091
protein_0190,protein_0293,0.18947368421052632
protein_0190,protein_0294,0.25287356321839083
protein_0190,protein_0296,0.171875
protein_0190,protein_0297,0.2
protein_0190,protein_0298,0.18478260869565216
protein_0190,protein_0299,0.16161616161616163
protein_0190,protein_0300,0.1509433962264151
protein_0190,protein_0301,0.1509433962264151
protein_0190,protein_0302,0.11981566820276497
protein_0190,protein_0304,0.19148936170212766
protein_0190,protein_0305,0.21153846153846154
protein_0190,protein_0307,0.14285714285714285
protein_0190,protein_0308,0.10344827586206896
protein_0190,protein_0310,0.22429906542056074
protein_0190,protein_0311,0.367816091954023
protein_0190,protein_0312,0.39325842696629215
protein_0190,protein_0313,0.2727272727272727
protein_0190,protein_0314,0.12380952380952381
protein_0190,protein_0316,0.15555555555555556
protein_0190,protein_0317,0.18269230769230768
protein_0190,protein_0318,0.1592920353982301
protein_0190,protein_0320,0.3218390804597701
protein_0190,protein_0321,0.25
protein_0190,protein_0322,0.24444444444444444
protein_0190,protein_0323,0.3068181818181818
protein_0190,protein_0324,0.20408163265306123
protein_0190,protein_0325,0.14035087719298245
protein_0190,protein_0326,0.16666666666666666
protein_0190,protein_0327,0.3103448275862069
protein_0190,protein_0329,0.17355371900826447
protein_0190,protein_0330,0.4367816091954023
protein_0190,protein_0331,0.16091954022988506
protein_0190,protein_0332,0.21839080459770116
protein_0190,protein_0333,0.25287356321839083
protein_0190,protein_0334,0.1875
protein_0190,protein_0335,0.13725490196078433
protein_0190,protein_0336,0.1724137931034483
protein_0190,protein_0337,0.4090909090909091
protein_0190,protein_0338,0.2988505747126437
protein_0190,protein_0340,0.17475728155339806
protein_0190,protein_0341,0.2761904761904762
protein_0190,protein_0342,0.16091954022988506
protein_0190,protein_0343,0.16483516483516483
protein_0190,protein_0344,0.3218390804597701
protein_0190,protein_0346,0.16666666666666666
protein_0190,protein_0347,0.1724137931034483
protein_0190,protein_0348,0.16030534351145037
protein_0190,protein_0349,0.17
protein_0190,protein_0350,0.2988505747126437
protein_0190,protein_0351,0.5287356321839081
protein_0190,protein_0352,0.13793103448275862
protein_0190,protein_0353,0.17391304347826086
protein_0190,protein_0354,0.28735632183908044
protein_0190,protein_0355,0.4090909090909091
protein_0190,protein_0356,0.13186813186813187
protein_0190,protein_0357,0.17829457364341086
protein_0190,protein_0358,0.3010752688172043
protein_0190,protein_0359,0.136
protein_0190,protein_0360,0.27586206896551724
protein_0190,protein_0361,0.16417910447761194
protein_0190,protein_0362,0.18947368421052632
protein_0190,protein_0363,0.18947368421052632
protein_0190,protein_0366,0.2222222222222222
protein_0190,protein_0367,0.1834862385321101
protein_0190,protein_0368,0.21978021978021978
protein_0190,protein_0369,0.2
protein_0190,protein_0370,0.3218390804597701
protein_0190,protein_0371,0.32222222222222224
protein_0190,protein_0372,0.12217194570135746
protein_0190,protein_0373,0.13513513513513514
protein_0190,protein_0374,0.1794871794871795
protein_0190,protein_0375,0.28735632183908044
protein_0190,protein_0376,0.17647058823529413
protein_0190,protein_0377,0.30337078651685395
protein_0190,protein_0378,0.18803418803418803
protein_0190,protein_0379,0.17142857142857143
protein_0190,protein_0380,0.17142857142857143
protein_0190,protein_0381,0.17142857142857143
protein_0190,protein_0382,0.2413793103448276
protein_0190,protein_0384,0.3333333333333333
protein_0190,protein_0385,0.1782178217821782
protein_0190,protein_0386,0.17543859649122806
protein_0190,protein_0387,0.17272727272727273
protein_0190,protein_0388,0.14942528735632185
protein_0190,protein_0389,0.13541666666666666
protein_0190,protein_0391,0.2222222222222222
protein_0190,protein_0392,0.38636363636363635
protein_0190,protein_0394,0.1565217391304348
protein_0190,protein_0395,0.24742268041237114
protein_0190,protein_0396,0.16101694915254236
protein_0190,protein_0397,0.3068181818181818
protein_0190,protein_0398,0.15702479338842976
protein_0190,protein_0399,0.39080459770114945
protein_0201,protein_0000,0.1834862385321101
protein_0201,protein_0002,0.14705882352941177
protein_0201,protein_0003,0.15
protein_0201,protein_0004,0.17475728155339806
protein_0201,protein_0005,0.14414414414414414
protein_0201,protein_0006,0.14285714285714285
protein_0201,protein_0007,0.17
protein_0201,protein_0008,0.128
protein_0201,protein_0009,0.17307692307692307
protein_0201,protein_0010,0.12
protein_0201,protein_0011,0.17117117117117117
protein_0201,protein_0012,0.17
protein_0201,protein_0014,0.17307692307692307
protein_0201,protein_0015,0.09565217391304348
protein_0201,protein_0016,0.128
protein_0201,protein_0017,0.13333333333333333
protein_0201,protein_0018,0.14
protein_0201,protein_0019,0.16346153846153846
protein_0201,protein_0020,0.1559633027522936
protein_0201,protein_0021,0.12871287128712872
protein_0201,protein_0022,0.1111111111111111
protein_0201,protein_0023,0.1206896551724138
protein_0201,protein_0024,0.15126050420168066
protein_0201,protein_0025,0.2
protein_0201,protein_0026,0.16417910447761194
protein_0201,protein_0027,0.1782178217821782
protein_0201,protein_0028,0.16071428571428573
protein_0201,protein_0029,0.14
protein_0201,protein_0030,0.14960629921259844
protein_0201,protein_0031,0.12598425196850394
protein_0201,protein_0032,0.13
protein_0201,protein_0033,0.1308411214953271
protein_0201,protein_0035,0.14018691588785046
protein_0201,protein_0036,0.19047619047619047
protein_0201,protein_0037,0.1782178217821782
protein_0201,protein_0038,0.1782178217821782
protein_0201,protein_0039,0.18095238095238095
protein_0201,protein_0040,0.10784313725490197
protein_0201,protein_0041,0.12
protein_0201,protein_0042,0.16666666666666666
protein_0201,protein_0044,0.175
protein_0201,protein_0045,0.14
protein_0201,protein_0046,0.16
protein_0201,protein_0047,0.1743119266055046
protein_0201,protein_0048,0.18518518518518517
protein_0201,protein_0050,0.12264150943396226
protein_0201,protein_0051,0.18
protein_0201,protein_0054,0.14754098360655737
protein_0201,protein_0055,0.16260162601626016
protein_0201,protein_0056,0.2072072072072072
protein_0201,protein_0057,0.18
protein_0201,protein_0058,0.17
protein_0201,protein_0059,0.18269230769230768
protein_0201,protein_0060,0.13043478260869565
protein_0201,protein_0061,0.1926605504587156
protein_0201,protein_0062,0.1
protein_0201,protein_0063,0.09859154929577464
protein_0201,protein_0064,0.16216216216216217
protein_0201,protein_0065,0.08256880733944955
protein_0201,protein_0066,0.42
protein_0201,protein_0067,0.13725490196078433
protein_0201,protein_0068,0.1
protein_0201,protein_0069,0.1206896551724138
protein_0201,protein_0070,0.11965811965811966
protein_0201,protein_0071,0.102803738317757
protein_0201,protein_0072,0.17
protein_0201,protein_0073,0.17757009345794392
protein_0201,protein_0074,0.17272727272727273
protein_0201,protein_0075,0.18691588785046728
protein_0201,protein_0076,0.16
protein_0201,protein_0077,0.13761467889908258
protein_0201,protein_0078,0.19090909090909092
protein_0201,protein_0079,0.19090909090909092
protein_0201,protein_0081,0.1320754716981132
protein_0201,protein_0082,0.48
protein_0201,protein_0083,0.19047619047619047
protein_0201,protein_0084,0.13725490196078433
protein_0201,protein_0085,0.48
protein_0201,protein_0086,0.5
protein_0201,protein_0087,0.18269230769230768
protein_0201,protein_0089,0.14782608695652175
protein_0201,protein_0090,0.14166666666666666
protein_0201,protein_0092,0.16101694915254236
protein_0201,protein_0093,0.1588785046728972
protein_0201,protein_0094,0.14285714285714285
protein_0201,protein_0095,0.1391304347826087
protein_0201,protein_0096,0.11926605504587157
protein_0201,protein_0097,0.1320754716981132
protein_0201,protein_0098,0.16
protein_0201,protein_0099,0.17117117117117117
protein_0201,protein_0100,0.17
protein_0201,protein_0101,0.18867924528301888
protein_0201,protein_0102,0.12
protein_0201,protein_0103,0.15
protein_0201,protein_0104,0.16806722689075632
protein_0201,protein_0106,0.15254237288135594
protein_0201,protein_0107,0.1782178217821782
protein_0201,protein_0108,0.14
protein_0201,protein_0109,0.12380952380952381
protein_0201,protein_0110,0.1282051282051282
protein_0201,protein_0111,0.1782178217821782
protein_0201,protein_0112,0.5048543689320388
protein_0201,protein_0113,0.12264150943396226
protein_0201,protein_0114,0.12
protein_0201,protein_0115,0.1568627450980392
protein_0201,protein_0116,0.18421052631578946
protein_0201,protein_0117,0.18421052631578946
protein_0201,protein_0118,0.18811881188118812
protein_0201,protein_0119,0.43
protein_0201,protein_0120,0.1509433962264151
protein_0201,protein_0121,0.1509433962264151
protein_0201,protein_0122,0.18811881188118812
protein_0201,protein_0123,0.18811881188118812
protein_0201,protein_0124,0.1509433962264151
protein_0201,protein_0125,0.12962962962962962
protein_0201,protein_0126,0.144
protein_0201,protein_0127,0.1574074074074074
protein_0201,protein_0128,0.14150943396226415
protein_0201,protein_0129,0.15
protein_0201,protein_0130,0.1565217391304348
protein_0201,protein_0131,0.13
protein_0201,protein_0132,0.15966386554621848
protein_0201,protein_0133,0.15966386554621848
protein_0201,protein_0135,0.16346153846153846
protein_0201,protein_0136,0.1721311475409836
protein_0201,protein_0137,0.13821138211382114
protein_0201,protein_0138,0.13821138211382114
protein_0201,protein_0139,0.18
protein_0201,protein_0140,0.11764705882352941
protein_0201,protein_0141,0.1782178217821782
protein_0201,protein_0142,0.14150943396226415
protein_0201,protein_0143,0.09
protein_0201,protein_0144,0.1
protein_0201,protein_0145,0.1485148514851485
protein_0201,protein_0146,0.14563106796116504
protein_0201,protein_0147,0.17647058823529413
protein_0201,protein_0148,0.13392857142857142
protein_0201,protein_0149,0.16666666666666666
protein_0201,protein_0150,0.16
protein_0201,protein_0151,0.17
protein_0201,protein_0152,0.18269230769230768
protein_0201,protein_0153,0.16346153846153846
protein_0201,protein_0154,0.16981132075471697
protein_0201,protein_0155,0.15748031496062992
protein_0201,protein_0156,0.18018018018018017
protein_0201,protein_0157,0.09900990099009901
protein_0201,protein_0158,0.16
protein_0201,protein_0159,0.1388888888888889
protein_0201,protein_0160,0.1523809523809524
protein_0201,protein_0162,0.19230769230769232
protein_0201,protein_0163,0.82
protein_0201,protein_0164,0.19811320754716982
protein_0201,protein_0165,0.16
protein_0201,protein_0167,0.1504424778761062
protein_0201,protein_0168,0.1592920353982301
protein_0201,protein_0169,0.1875
protein_0201,protein_0170,0.1782178217821782
protein_0201,protein_0171,0.1485148514851485
protein_0201,protein_0172,0.13114754098360656
protein_0201,protein_0173,0.12264150943396226
protein_0201,protein_0174,0.13761467889908258
protein_0201,protein_0175,0.14150943396226415
protein_0201,protein_0176,0.20754716981132076
protein_0201,protein_0177,0.17647058823529413
protein_0201,protein_0178,0.16806722689075632
protein_0201,protein_0179,0.16666666666666666
protein_0201,protein_0180,0.14563106796116504
protein_0201,protein_0181,0.12
protein_0201,protein_0182,0.20952380952380953
protein_0201,protein_0183,0.1111111111111111
protein_0201,protein_0184,0.1262135922330097
protein_0201,protein_0185,0.136
protein_0201,protein_0186,0.1388888888888889
protein_0201,protein_0187,0.14150943396226415
protein_0201,protein_0188,0.1941747572815534
protein_0201,protein_0189,0.11
protein_0201,protein_0191,0.12745098039215685
protein_0201,protein_0192,0.15841584158415842
protein_0201,protein_0193,0.17
protein_0201,protein_0194,0.12605042016806722
protein_0201,protein_0195,0.13761467889908258
protein_0201,protein_0196,0.11320754716981132
protein_0201,protein_0197,0.19
protein_0201,protein_0198,0.17475728155339806
protein_0201,protein_0199,0.13
protein_0201,protein_0200,0.15454545454545454
protein_0201,protein_0202,0.1651376146788991
protein_0201,protein_0203,0.15702479338842976
protein_0201,protein_0204,0.1568627450980392
protein_0201,protein_0206,0.16
protein_0201,protein_0207,0.12
protein_0201,protein_0208,0.14545454545454545
protein_0201,protein_0209,0.18333333333333332
protein_0201,protein_0210,0.13
protein_0201,protein_0211,0.5544554455445545
protein_0201,protein_0213,0.16806722689075632
protein_0201,protein_0214,0.1509433962264151
protein_0201,protein_0215,0.16037735849056603
protein_0201,protein_0216,0.45
protein_0201,protein_0218,0.14728682170542637
protein_0201,protein_0219,0.1984732824427481
protein_0201,protein_0220,0.16964285714285715
protein_0201,protein_0221,0.15
protein_0201,protein_0222,0.1588785046728972
protein_0201,protein_0223,0.19
protein_0201,protein_0224,0.12871287128712872
protein_0201,protein_0225,0.17307692307692307
protein_0201,protein_0226,0.16666666666666666
protein_0201,protein_0227,0.1523809523809524
protein_0201,protein_0228,0.16
protein_0201,protein_0229,0.10891089108910891
protein_0201,protein_0230,0.11607142857142858
protein_0201,protein_0231,0.1559633027522936
protein_0201,protein_0232,0.17647058823529413
protein_0201,protein_0233,0.09774436090225563
protein_0201,protein_0234,0.15178571428571427
protein_0201,protein_0235,0.14705882352941177
protein_0201,protein_0236,0.1559633027522936
protein_0201,protein_0237,0.1559633027522936
protein_0201,protein_0238,0.15217391304347827
protein_0201,protein_0239,0.18446601941747573
protein_0201,protein_0240,0.18095238095238095
protein_0201,protein_0242,0.13725490196078433
protein_0201,protein_0243,0.17592592592592593
protein_0201,protein_0244,0.16037735849056603
protein_0201,protein_0245,0.15555555555555556
protein_0201,protein_0246,0.1588785046728972
protein_0201,protein_0247,0.18
protein_0201,protein_0248,0.14414414414414414
protein_0201,protein_0249,0.15
protein_0201,protein_0250,0.125
protein_0201,protein_0252,0.14423076923076922
protein_0201,protein_0253,0.14634146341463414
protein_0201,protein_0254,0.1346153846153846
protein_0201,protein_0255,0.1569767441860465
protein_0201,protein_0256,0.14018691588785046
protein_0201,protein_0257,0.14035087719298245
protein_0201,protein_0258,0.1792452830188679
protein_0201,protein_0260,0.15384615384615385
protein_0201,protein_0261,0.12844036697247707
protein_0201,protein_0262,0.1724137931034483
protein_0201,protein_0265,0.17475728155339806
protein_0201,protein_0266,0.15454545454545454
protein_0201,protein_0267,0.12
protein_0201,protein_0268,0.11764705882352941
protein_0201,protein_0270,0.14563106796116504
protein_0201,protein_0271,0.13725490196078433
protein_0201,protein_0272,0.14423076923076922
protein_0201,protein_0274,0.17647058823529413
protein_0201,protein_0275,0.17272727272727273
protein_0201,protein_0276,0.13725490196078433
protein_0201,protein_0277,0.14
protein_0201,protein_0278,0.1320754716981132
protein_0201,protein_0279,0.14150943396226415
protein_0201,protein_0280,0.1782178217821782
protein_0201,protein_0281,0.168141592920354
protein_0201,protein_0282,0.14563106796116504
protein_0201,protein_0283,0.10550458715596331
protein_0201,protein_0284,0.15841584158415842
protein_0201,protein_0285,0.21
protein_0201,protein_0286,0.17142857142857143
protein_0201,protein_0287,0.1
protein_0201,protein_0288,0.13
protein_0201,protein_0289,0.18627450980392157
protein_0201,protein_0290,0.46153846153846156
protein_0201,protein_0291,0.14423076923076922
protein_0201,protein_0292,0.18627450980392157
protein_0201,protein_0293,0.19801980198019803
protein_0201,protein_0294,0.14423076923076922
protein_0201,protein_0296,0.125
protein_0201,protein_0297,0.17
protein_0201,protein_0298,0.17
protein_0201,protein_0299,0.16666666666666666
protein_0201,protein_0300,0.15841584158415842
protein_0201,protein_0301,0.16831683168316833
protein_0201,protein_0302,0.10810810810810811
protein_0201,protein_0304,0.18095238095238095
protein_0201,protein_0305,0.18691588785046728
protein_0201,protein_0307,0.13709677419354838
protein_0201,protein_0308,0.1386861313868613
protein_0201,protein_0310,0.14285714285714285
protein_0201,protein_0311,0.13513513513513514
protein_0201,protein_0312,0.13592233009708737
protein_0201,protein_0313,0.125
protein_0201,protein_0314,0.35
protein_0201,protein_0316,0.1619047619047619
protein_0201,protein_0317,0.5
protein_0201,protein_0318,0.168141592920354
protein_0201,protein_0320,0.16037735849056603
protein_0201,protein_0321,0.10576923076923077
protein_0201,protein_0322,0.18446601941747573
protein_0201,protein_0323,0.19
protein_0201,protein_0324,0.16
protein_0201,protein_0325,0.1826086956521739
protein_0201,protein_0326,0.11
protein_0201,protein_0327,0.17475728155339806
protein_0201,protein_0329,0.2018348623853211
protein_0201,protein_0330,0.12264150943396226
protein_0201,protein_0331,0.15
protein_0201,protein_0332,0.15
protein_0201,protein_0333,0.14655172413793102
protein_0201,protein_0334,0.12380952380952381
protein_0201,protein_0335,0.4368932038834951
protein_0201,protein_0336,0.15841584158415842
protein_0201,protein_0337,0.1619047619047619
protein_0201,protein_0338,0.1559633027522936
protein_0201,protein_0340,0.5247524752475248
protein_0201,protein_0341,0.12280701754385964
protein_0201,protein_0342,0.19801980198019803
protein_0201,protein_0343,0.20588235294117646
protein_0201,protein_0344,0.0891089108910891
protein_0201,protein_0346,0.13333333333333333
protein_0201,protein_0347,0.18811881188118812
protein_0201,protein_0348,0.1349206349206349
protein_0201,protein_0349,0.77
protein_0201,protein_0350,0.09900990099009901
protein_0201,protein_0351,0.1743119266055046
protein_0201,protein_0352,0.17647058823529413
protein_0201,protein_0353,0.1826086956521739
protein_0201,protein_0354,0.07920792079207921
protein_0201,protein_0355,0.19491525423728814
protein_0201,protein_0356,0.16666666666666666
protein_0201,protein_0357,0.2109375
protein_0201,protein_0358,0.06930693069306931
protein_0201,protein_0359,0.12598425196850394
protein_0201,protein_0360,0.14
protein_0201,protein_0361,0.1440677966101695
protein_0201,protein_0362,0.1553398058252427
protein_0201,protein_0363,0.1553398058252427
protein_0201,protein_0366,0.17592592592592593
protein_0201,protein_0367,0.1592920353982301
protein_0201,protein_0368,0.11
protein_0201,protein_0369,0.17142857142857143
protein_0201,protein_0370,0.0891089108910891
protein_0201,protein_0371,0.12871287128712872
protein_0201,protein_0372,0.11009174311926606
protein_0201,protein_0373,0.35
protein_0201,protein_0374,0.19008264462809918
protein_0201,protein_0375,0.16346153846153846
protein_0201,protein_0376,0.11538461538461539
protein_0201,protein_0377,0.1619047619047619
protein_0201,protein_0378,0.12962962962962962
protein_0201,protein_0379,0.1504424778761062
protein_0201,protein_0380,0.1504424778761062
protein_0201,protein_0381,0.1504424778761062
protein_0201,protein_0382,0.13333333333333333
protein_0201,protein_0384,0.11009174311926606
protein_0201,protein_0385,0.15454545454545454
protein_0201,protein_0386,0.45098039215686275
protein_0201,protein_0387,0.13559322033898305
protein_0201,protein_0388,0.21568627450980393
protein_0201,protein_0389,0.13333333333333333
protein_0201,protein_0391,0.2
protein_0201,protein_0392,0.15789473684210525
protein_0201,protein_0394,0.175
protein_0201,protein_0395,0.1346153846153846
protein_0201,protein_0396,0.14516129032258066
protein_0201,protein_0397,0.19811320754716982
protein_0201,protein_0398,0.19327731092436976
protein_0201,protein_0399,0.15126050420168066
protein_0205,protein_0000,0.11818181818181818
protein_0205,protein_0002,0.1152073732718894
protein_0205,protein_0003,0.10426540284360189
protein_0205,protein_0004,0.10328638497652583
protein_0205,protein_0005,0.12264150943396226
protein_0205,protein_0006,0.10900473933649289
protein_0205,protein_0007,0.10426540284360189
protein_0205,protein_0008,0.13270142180094788
protein_0205,protein_0009,0.11374407582938388
protein_0205,protein_0010,0.10648148148148148
protein_0205,protein_0011,0.107981220657277
protein_0205,protein_0012,0.09722222222222222
protein_0205,protein_0014,0.14622641509433962
protein_0205,protein_0015,0.11848341232227488
protein_0205,protein_0016,0.14553990610328638
protein_0205,protein_0017,0.11981566820276497
protein_0205,protein_0018,0.12322274881516587
protein_0205,protein_0019,0.08530805687203792
protein_0205,protein_0020,0.11848341232227488
protein_0205,protein_0021,0.10426540284360189
protein_0205,protein_0022,0.12796208530805686
protein_0205,protein_0023,0.10747663551401869
protein_0205,protein_0024,0.12796208530805686
protein_0205,protein_0025,0.09389671361502347
protein_0205,protein_0026,0.14622641509433962
protein_0205,protein_0027,0.14691943127962084
protein_0205,protein_0028,0.10426540284360189
protein_0205,protein_0029,0.10426540284360189
protein_0205,protein_0030,0.12903225806451613
protein_0205,protein_0031,0.11574074074074074
protein_0205,protein_0032,0.12149532710280374
protein_0205,protein_0033,0.10849056603773585
protein_0205,protein_0035,0.10550458715596331
protein_0205,protein_0036,0.11374407582938388
protein_0205,protein_0037,0.11214953271028037
protein_0205,protein_0038,0.11214953271028037
protein_0205,protein_0039,0.11267605633802817
protein_0205,protein_0040,0.07582938388625593
protein_0205,protein_0041,0.12385321100917432
protein_0205,protein_0042,0.0995260663507109
protein_0205,protein_0044,0.0947867298578199
protein_0205,protein_0045,0.10849056603773585
protein_0205,protein_0046,0.11320754716981132
protein_0205,protein_0047,0.10328638497652583
protein_0205,protein_0048,0.10900473933649289
protein_0205,protein_0050,0.14218009478672985
protein_0205,protein_0051,0.08530805687203792
protein_0205,protein_0054,0.14351851851851852
protein_0205,protein_0055,0.16744186046511628
protein_0205,protein_0056,0.15165876777251186
protein_0205,protein_0057,0.10900473933649289
protein_0205,protein_0058,0.10426540284360189
protein_0205,protein_0059,0.08530805687203792
protein_0205,protein_0060,0.11848341232227488
protein_0205,protein_0061,0.13270142180094788
protein_0205,protein_0062,0.13679245283018868
protein_0205,protein_0063,0.5774647887323944
protein_0205,protein_0064,0.11848341232227488
protein_0205,protein_0065,0.12442396313364056
protein_0205,protein_0066,0.1111111111111111
protein_0205,protein_0067,0.11848341232227488
protein_0205,protein_0068,0.11627906976744186
protein_0205,protein_0069,0.08490566037735849
protein_0205,protein_0070,0.0995260663507109
protein_0205,protein_0071,0.11848341232227488
protein_0205,protein_0072,0.0995260663507109
protein_0205,protein_0073,0.10232558139534884
protein_0205,protein_0074,0.125
protein_0205,protein_0075,0.15165876777251186
protein_0205,protein_0076,0.0995260663507109
protein_0205,protein_0077,0.1179245283018868
protein_0205,protein_0078,0.13679245283018868
protein_0205,protein_0079,0.13679245283018868
protein_0205,protein_0081,0.10426540284360189
protein_0205,protein_0082,0.1179245283018868
protein_0205,protein_0083,0.12037037037037036
protein_0205,protein_0084,0.11374407582938388
protein_0205,protein_0085,0.11848341232227488
protein_0205,protein_0086,0.12322274881516587
protein_0205,protein_0087,0.08530805687203792
protein_0205,protein_0089,0.12962962962962962
protein_0205,protein_0090,0.12962962962962962
protein_0205,protein_0092,0.14953271028037382
protein_0205,protein_0093,0.07582938388625593
protein_0205,protein_0094,0.14485981308411214
protein_0205,protein_0095,0.12735849056603774
protein_0205,protein_0096,0.13744075829383887
protein_0205,protein_0097,0.08108108108108109
protein_0205,protein_0098,0.10426540284360189
protein_0205,protein_0099,0.15492957746478872
protein_0205,protein_0100,0.10900473933649289
protein_0205,protein_0101,0.09767441860465116
protein_0205,protein_0102,0.10849056603773585
protein_0205,protein_0103,0.09090909090909091
protein_0205,protein_0104,0.1590909090909091
protein_0205,protein_0106,0.12558139534883722
protein_0205,protein_0107,0.11374407582938388
protein_0205,protein_0108,0.08530805687203792
protein_0205,protein_0109,0.09004739336492891
protein_0205,protein_0110,0.08530805687203792
protein_0205,protein_0111,0.09389671361502347
protein_0205,protein_0112,0.11627906976744186
protein_0205,protein_0113,0.11374407582938388
protein_0205,protein_0114,0.1261682242990654
protein_0205,protein_0115,0.11737089201877934
protein_0205,protein_0116,0.13744075829383887
protein_0205,protein_0117,0.13744075829383887
protein_0205,protein_0118,0.12264150943396226
protein_0205,protein_0119,0.13302752293577982
protein_0205,protein_0120,0.0995260663507109
protein_0205,protein_0121,0.0995260663507109
protein_0205,protein_0122,0.1267605633802817
protein_0205,protein_0123,0.09004739336492891
protein_0205,protein_0124,0.10426540284360189
protein_0205,protein_0125,0.13953488372093023
protein_0205,protein_0126,0.15165876777251186
protein_0205,protein_0127,0.13270142180094788
protein_0205,protein_0128,0.12149532710280374
protein_0205,protein_0129,0.102803738317757
protein_0205,protein_0130,0.12962962962962962
protein_0205,protein_0131,0.07109004739336493
protein_0205,protein_0132,0.1324200913242009
protein_0205,protein_0133,0.1324200913242009
protein_0205,protein_0135,0.11926605504587157
protein_0205,protein_0136,0.1148936170212766
protein_0205,protein_0137,0.1336206896551724
protein_0205,protein_0138,0.1336206896551724
protein_0205,protein_0139,0.08530805687203792
protein_0205,protein_0140,0.0995260663507109
protein_0205,protein_0141,0.12206572769953052
protein_0205,protein_0142,0.10849056603773585
protein_0205,protein_0143,0.11320754716981132
protein_0205,protein_0144,0.09767441860465116
protein_0205,protein_0145,0.0995260663507109
protein_0205,protein_0146,0.0947867298578199
protein_0205,protein_0147,0.11374407582938388
protein_0205,protein_0148,0.10407239819004525
protein_0205,protein_0149,0.10900473933649289
protein_0205,protein_0150,0.12264150943396226
protein_0205,protein_0151,0.11374407582938388
protein_0205,protein_0152,0.14218009478672985
protein_0205,protein_0153,0.0947867298578199
protein_0205,protein_0154,0.11848341232227488
protein_0205,protein_0155,0.1320754716981132
protein_0205,protein_0156,0.16113744075829384
protein_0205,protein_0157,0.12796208530805686
protein_0205,protein_0158,0.09004739336492891
protein_0205,protein_0159,0.12322274881516587
protein_0205,protein_0160,0.08530805687203792
protein_0205,protein_0162,0.10426540284360189
protein_0205,protein_0163,0.08056872037914692
protein_0205,protein_0164,0.11267605633802817
protein_0205,protein_0165,0.09004739336492891
protein_0205,protein_0167,0.12206572769953052
protein_0205,protein_0168,0.10849056603773585
protein_0205,protein_0169,0.12442396313364056
protein_0205,protein_0170,0.11320754716981132
protein_0205,protein_0171,0.11574074074074074
protein_0205,protein_0172,0.15639810426540285
protein_0205,protein_0173,0.10138248847926268
protein_0205,protein_0174,0.08530805687203792
protein_0205,protein_0175,0.08530805687203792
protein_0205,protein_0176,0.09004739336492891
protein_0205,protein_0177,0.08056872037914692
protein_0205,protein_0178,0.13615023474178403
protein_0205,protein_0179,0.11261261261261261
protein_0205,protein_0180,0.09345794392523364
protein_0205,protein_0181,0.11848341232227488
protein_0205,protein_0182,0.0995260663507109
protein_0205,protein_0183,0.13679245283018868
protein_0205,protein_0184,0.13744075829383887
protein_0205,protein_0185,0.14691943127962084
protein_0205,protein_0186,0.13270142180094788
protein_0205,protein_0187,0.10900473933649289
protein_0205,protein_0188,0.0995260663507109
protein_0205,protein_0189,0.0947867298578199
protein_0205,protein_0191,0.10900473933649289
protein_0205,protein_0192,0.10426540284360189
protein_0205,protein_0193,0.12206572769953052
protein_0205,protein_0194,0.0995260663507109
protein_0205,protein_0195,0.12796208530805686
protein_0205,protein_0196,0.11574074074074074
protein_0205,protein_0197,0.10426540284360189
protein_0205,protein_0198,0.09813084112149532
protein_0205,protein_0199,0.12796208530805686
protein_0205,protein_0200,0.11627906976744186
protein_0205,protein_0202,0.12558139534883722
protein_0205,protein_0203,0.09813084112149532
protein_0205,protein_0204,0.0947867298578199
protein_0205,protein_0206,0.09259259259259259
protein_0205,protein_0207,0.12149532710280374
protein_0205,protein_0208,0.12322274881516587
protein_0205,protein_0209,0.0995260663507109
protein_0205,protein_0210,0.10697674418604651
protein_0205,protein_0211,0.10328638497652583
protein_0205,protein_0213,0.13270142180094788
protein_0205,protein_0214,0.10900473933649289
protein_0205,protein_0215,0.07511737089201878
protein_0205,protein_0216,0.12558139534883722
protein_0205,protein_0218,0.17757009345794392
protein_0205,protein_0219,0.15023474178403756
protein_0205,protein_0220,0.11374407582938388
protein_0205,protein_0221,0.08530805687203792
protein_0205,protein_0222,0.07906976744186046
protein_0205,protein_0223,0.09004739336492891
protein_0205,protein_0224,0.08530805687203792
protein_0205,protein_0225,0.10900473933649289
protein_0205,protein_0226,0.11267605633802817
protein_0205,protein_0227,0.07109004739336493
protein_0205,protein_0228,0.0947867298578199
protein_0205,protein_0229,0.09004739336492891
protein_0205,protein_0230,0.11848341232227488
protein_0205,protein_0231,0.0947867298578199
protein_0205,protein_0232,0.09004739336492891
protein_0205,protein_0233,0.1689497716894977
protein_0205,protein_0234,0.12264150943396226
protein_0205,protein_0235,0.12322274881516587
protein_0205,protein_0236,0.1267605633802817
protein_0205,protein_0237,0.1267605633802817
protein_0205,protein_0238,0.11374407582938388
protein_0205,protein_0239,0.0995260663507109
protein_0205,protein_0240,0.10426540284360189
protein_0205,protein_0242,0.09433962264150944
protein_0205,protein_0243,0.10426540284360189
protein_0205,protein_0244,0.12322274881516587
protein_0205,protein_0245,0.13145539906103287
protein_0205,protein_0246,0.14553990610328638
protein_0205,protein_0247,0.12322274881516587
protein_0205,protein_0248,0.0947867298578199
protein_0205,protein_0249,0.0995260663507109
protein_0205,protein_0250,0.12322274881516587
protein_0205,protein_0252,0.09004739336492891
protein_0205,protein_0253,0.12206572769953052
protein_0205,protein_0254,0.10747663551401869
protein_0205,protein_0255,0.15348837209302327
protein_0205,protein_0256,0.1141552511415525
protein_0205,protein_0257,0.1141552511415525
protein_0205,protein_0258,0.125
protein_0205,protein_0260,0.0995260663507109
protein_0205,protein_0261,0.13488372093023257
protein_0205,protein_0262,0.14150943396226415
protein_0205,protein_0265,0.13513513513513514
protein_0205,protein_0266,0.14218009478672985
protein_0205,protein_0267,0.13270142180094788
protein_0205,protein_0268,0.09433962264150944
protein_0205,protein_0270,0.12322274881516587
protein_0205,protein_0271,0.09389671361502347
protein_0205,protein_0272,0.15315315315315314
protein_0205,protein_0274,0.12322274881516587
protein_0205,protein_0275,0.1232876712328767
protein_0205,protein_0276,0.09502262443438914
protein_0205,protein_0277,0.08056872037914692
protein_0205,protein_0278,0.09905660377358491
protein_0205,protein_0279,0.107981220657277
protein_0205,protein_0280,0.09389671361502347
protein_0205,protein_0281,0.13145539906103287
protein_0205,protein_0282,0.13270142180094788
protein_0205,protein_0283,0.4541284403669725
protein_0205,protein_0284,0.12206572769953052
protein_0205,protein_0285,0.11162790697674418
protein_0205,protein_0286,0.1388888888888889
protein_0205,protein_0287,0.11711711711711711
protein_0205,protein_0288,0.10426540284360189
protein_0205,protein_0289,0.0947867298578199
protein_0205,protein_0290,0.11374407582938388
protein_0205,protein_0291,0.12093023255813953
protein_0205,protein_0292,0.0947867298578199
protein_0205,protein_0293,0.10426540284360189
protein_0205,protein_0294,0.12093023255813953
protein_0205,protein_0296,0.11158798283261803
protein_0205,protein_0297,0.0947867298578199
protein_0205,protein_0298,0.10377358490566038
protein_0205,protein_0299,0.11374407582938388
protein_0205,protein_0300,0.14691943127962084
protein_0205,protein_0301,0.14691943127962084
protein_0205,protein_0302,0.555045871559633
protein_0205,protein_0304,0.07582938388625593
protein_0205,protein_0305,0.11848341232227488
protein_0205,protein_0307,0.16355140186915887
protein_0205,protein_0308,0.1308411214953271
protein_0205,protein_0310,0.11374407582938388
protein_0205,protein_0311,0.125
protein_0205,protein_0312,0.10377358490566038
protein_0205,protein_0313,0.13270142180094788
protein_0205,protein_0314,0.09389671361502347
protein_0205,protein_0316,0.07582938388625593
protein_0205,protein_0317,0.09389671361502347
protein_0205,protein_0318,0.1267605633802817
protein_0205,protein_0320,0.11848341232227488
protein_0205,protein_0321,0.12796208530805686
protein_0205,protein_0322,0.09004739336492891
protein_0205,protein_0323,0.14218009478672985
protein_0205,protein_0324,0.107981220657277
protein_0205,protein_0325,0.10849056603773585
protein_0205,protein_0326,0.10900473933649289
protein_0205,protein_0327,0.10426540284360189
protein_0205,protein_0329,0.13615023474178403
protein_0205,protein_0330,0.09345794392523364
protein_0205,protein_0331,0.10426540284360189
protein_0205,protein_0332,0.15492957746478872
protein_0205,protein_0333,0.14084507042253522
protein_0205,protein_0334,0.11320754716981132
protein_0205,protein_0335,0.16587677725118483
protein_0205,protein_0336,0.0947867298578199
protein_0205,protein_0337,0.13551401869158877
protein_0205,protein_0338,0.102803738317757
protein_0205,protein_0340,0.09389671361502347
protein_0205,protein_0341,0.11312217194570136
protein_0205,protein_0342,0.0995260663507109
protein_0205,protein_0343,0.0995260663507109
protein_0205,protein_0344,0.1320754716981132
protein_0205,protein_0346,0.12322274881516587
protein_0205,protein_0347,0.0947867298578199
protein_0205,protein_0348,0.12322274881516587
protein_0205,protein_0349,0.11374407582938388
protein_0205,protein_0350,0.13145539906103287
protein_0205,protein_0351,0.10900473933649289
protein_0205,protein_0352,0.07582938388625593
protein_0205,protein_0353,0.107981220657277
protein_0205,protein_0354,0.09389671361502347
protein_0205,protein_0355,0.14351851851851852
protein_0205,protein_0356,0.0947867298578199
protein_0205,protein_0357,0.12037037037037036
protein_0205,protein_0358,0.12735849056603774
protein_0205,protein_0359,0.15023474178403756
protein_0205,protein_0360,0.12322274881516587
protein_0205,protein_0361,0.13270142180094788
protein_0205,protein_0362,0.0995260663507109
protein_0205,protein_0363,0.0995260663507109
protein_0205,protein_0366,0.10377358490566038
protein_0205,protein_0367,0.0995260663507109
protein_0205,protein_0368,0.12796208530805686
protein_0205,protein_0369,0.0995260663507109
protein_0205,protein_0370,0.1320754716981132
protein_0205,protein_0371,0.0995260663507109
protein_0205,protein_0372,0.4479638009049774
protein_0205,protein_0373,0.14150943396226415
protein_0205,protein_0374,0.107981220657277
protein_0205,protein_0375,0.10810810810810811
protein_0205,protein_0376,0.10328638497652583
protein_0205,protein_0377,0.11374407582938388
protein_0205,protein_0378,0.0995260663507109
protein_0205,protein_0379,0.11737089201877934
protein_0205,protein_0380,0.11737089201877934
protein_0205,protein_0381,0.11737089201877934
protein_0205,protein_0382,0.1267605633802817
protein_0205,protein_0384,0.11320754716981132
protein_0205,protein_0385,0.13679245283018868
protein_0205,protein_0386,0.12322274881516587
protein_0205,protein_0387,0.10550458715596331
protein_0205,protein_0388,0.09004739336492891
protein_0205,protein_0389,0.07109004739336493
protein_0205,protein_0391,0.11682242990654206
protein_0205,protein_0392,0.0995260663507109
protein_0205,protein_0394,0.09433962264150944
protein_0205,protein_0395,0.12322274881516587
protein_0205,protein_0396,0.11312217194570136
protein_0205,protein_0397,0.09004739336492891
protein_0205,protein_0398,0.14691943127962084
protein_0205,protein_0399,0.12322274881516587
protein_0212,protein_0000,0.14942528735632185
protein_0212,protein_0002,0.16129032258064516
protein_0212,protein_0003,0.10344827586206896
protein_0212,protein_0004,0.16853932584269662
protein_0212,protein_0005,0.1958762886597938
protein_0212,protein_0006,0.11235955056179775
protein_0212,protein_0007,0.16901408450704225
protein_0212,protein_0008,0.1388888888888889
protein_0212,protein_0009,0.12643678160919541
protein_0212,protein_0010,0.16091954022988506
protein_0212,protein_0011,0.1724137931034483
protein_0212,protein_0012,0.15730337078651685
protein_0212,protein_0014,0.18947368421052632
protein_0212,protein_0015,0.15151515151515152
protein_0212,protein_0016,0.15841584158415842
protein_0212,protein_0017,0.125
protein_0212,protein_0018,0.22988505747126436
protein_0212,protein_0019,0.1917808219178082
protein_0212,protein_0020,0.13186813186813187
protein_0212,protein_0021,0.16842105263157894
protein_0212,protein_0022,0.16853932584269662
protein_0212,protein_0023,0.21348314606741572
protein_0212,protein_0024,0.11965811965811966
protein_0212,protein_0025,0.10344827586206896
protein_0212,protein_0026,0.11627906976744186
protein_0212,protein_0027,0.19387755102040816
protein_0212,protein_0028,0.07920792079207921
protein_0212,protein_0029,0.17567567567567569
protein_0212,protein_0030,0.14285714285714285
protein_0212,protein_0031,0.15151515151515152
protein_0212,protein_0032,0.22988505747126436
protein_0212,protein_0033,0.12643678160919541
protein_0212,protein_0035,0.14285714285714285
protein_0212,protein_0036,0.1527777777777778
protein_0212,protein_0037,0.1797752808988764
protein_0212,protein_0038,0.1797752808988764
protein_0212,protein_0039,0.12643678160919541
protein_0212,protein_0040,0.19444444444444445
protein_0212,protein_0041,0.14772727272727273
protein_0212,protein_0042,0.1839080459770115
protein_0212,protein_0044,0.2159090909090909
protein_0212,protein_0045,0.1839080459770115
protein_0212,protein_0046,0.18421052631578946
protein_0212,protein_0047,0.13043478260869565
protein_0212,protein_0048,0.13186813186813187
protein_0212,protein_0050,0.14705882352941177
protein_0212,protein_0051,0.18309859154929578
protein_0212,protein_0054,0.1652892561983471
protein_0212,protein_0055,0.13675213675213677
protein_0212,protein_0056,0.125
protein_0212,protein_0057,0.18421052631578946
protein_0212,protein_0058,0.20270270270270271
protein_0212,protein_0059,0.2111111111111111
protein_0212,protein_0060,0.16161616161616163
protein_0212,protein_0061,0.17045454545454544
protein_0212,protein_0062,0.19540229885057472
protein_0212,protein_0063,0.07042253521126761
protein_0212,protein_0064,0.20224719101123595
protein_0212,protein_0065,0.16161616161616163
protein_0212,protein_0066,0.16
protein_0212,protein_0067,0.19767441860465115
protein_0212,protein_0068,0.16091954022988506
protein_0212,protein_0069,0.10227272727272728
protein_0212,protein_0070,0.125
protein_0212,protein_0071,0.14772727272727273
protein_0212,protein_0072,0.1506849315068493
protein_0212,protein_0073,0.15217391304347827
protein_0212,protein_0074,0.15555555555555556
protein_0212,protein_0075,0.16326530612244897
protein_0212,protein_0076,0.17105263157894737
protein_0212,protein_0077,0.09090909090909091
protein_0212,protein_0078,0.13861386138613863
protein_0212,protein_0079,0.13861386138613863
protein_0212,protein_0081,0.16091954022988506
protein_0212,protein_0082,0.16
protein_0212,protein_0083,0.1935483870967742
protein_0212,protein_0084,0.1935483870967742
protein_0212,protein_0085,0.15
protein_0212,protein_0086,0.16
protein_0212,protein_0087,0.1917808219178082
protein_0212,protein_0089,0.11764705882352941
protein_0212,protein_0090,0.12727272727272726
protein_0212,protein_0092,0.1652892561983471
protein_0212,protein_0093,0.1566265060240964
protein_0212,protein_0094,0.13157894736842105
protein_0212,protein_0095,0.12280701754385964
protein_0212,protein_0096,0.1782178217821782
protein_0212,protein_0097,0.1523809523809524
protein_0212,protein_0098,0.19318181818181818
protein_0212,protein_0099,0.12962962962962962
protein_0212,protein_0100,0.17721518987341772
protein_0212,protein_0101,0.14444444444444443
protein_0212,protein_0102,0.1978021978021978
protein_0212,protein_0103,0.13793103448275862
protein_0212,protein_0104,0.10256410256410256
protein_0212,protein_0106,0.09482758620689655
protein_0212,protein_0107,0.16091954022988506
protein_0212,protein_0108,0.18823529411764706
protein_0212,protein_0109,0.1643835616438356
protein_0212,protein_0110,0.14772727272727273
protein_0212,protein_0111,0.19540229885057472
protein_0212,protein_0112,0.1919191919191919
protein_0212,protein_0113,0.14606741573033707
protein_0212,protein_0114,0.1839080459770115
protein_0212,protein_0115,0.06097560975609756
protein_0212,protein_0116,0.12173913043478261
protein_0212,protein_0117,0.12173913043478261
protein_0212,protein_0118,0.19718309859154928
protein_0212,protein_0119,0.17
protein_0212,protein_0120,0.13793103448275862
protein_0212,protein_0121,0.13793103448275862
protein_0212,protein_0122,0.16666666666666666
protein_0212,protein_0123,0.2112676056338028
protein_0212,protein_0124,0.11494252873563218
protein_0212,protein_0125,0.17346938775510204
protein_0212,protein_0126,0.12121212121212122
protein_0212,protein_0127,0.16853932584269662
protein_0212,protein_0128,0.14942528735632185
protein_0212,protein_0129,0.13186813186813187
protein_0212,protein_0130,0.12173913043478261
protein_0212,protein_0131,0.125
protein_0212,protein_0132,0.16363636363636364
protein_0212,protein_0133,0.16363636363636364
protein_0212,protein_0135,0.1590909090909091
protein_0212,protein_0136,0.1271186440677966
protein_0212,protein_0137,0.13559322033898305
protein_0212,protein_0138,0.13559322033898305
protein_0212,protein_0139,0.20833333333333334
protein_0212,protein_0140,0.16129032258064516
protein_0212,protein_0141,0.1797752808988764
protein_0212,protein_0142,0.18604651162790697
protein_0212,protein_0143,0.1839080459770115
protein_0212,protein_0144,0.1839080459770115
protein_0212,protein_0145,0.17105263157894737
protein_0212,protein_0146,0.14814814814814814
protein_0212,protein_0147,0.1724137931034483
protein_0212,protein_0148,0.13793103448275862
protein_0212,protein_0149,0.16901408450704225
protein_0212,protein_0150,0.13829787234042554
protein_0212,protein_0151,0.1827956989247312
protein_0212,protein_0152,0.19444444444444445
protein_0212,protein_0153,0.1728395061728395
protein_0212,protein_0154,0.1518987341772152
protein_0212,protein_0155,0.175
protein_0212,protein_0156,0.12727272727272726
protein_0212,protein_0157,0.13095238095238096
protein_0212,protein_0158,0.17567567567567569
protein_0212,protein_0159,0.1590909090909091
protein_0212,protein_0160,0.16279069767441862
protein_0212,protein_0162,0.09411764705882353
protein_0212,protein_0163,0.18
protein_0212,protein_0164,0.19791666666666666
protein_0212,protein_0165,0.18823529411764706
protein_0212,protein_0167,0.10909090909090909
protein_0212,protein_0168,0.10909090909090909
protein_0212,protein_0169,0.1206896551724138
protein_0212,protein_0170,0.12643678160919541
protein_0212,protein_0171,0.1724137931034483
protein_0212,protein_0172,0.13675213675213677
protein_0212,protein_0173,0.13541666666666666
protein_0212,protein_0174,0.14942528735632185
protein_0212,protein_0175,0.14942528735632185
protein_0212,protein_0176,0.2236842105263158
protein_0212,protein_0177,0.16666666666666666
protein_0212,protein_0178,0.1592920353982301
protein_0212,protein_0179,0.19827586206896552
protein_0212,protein_0180,0.18181818181818182
protein_0212,protein_0181,0.19540229885057472
protein_0212,protein_0182,0.13793103448275862
protein_0212,protein_0183,0.13131313131313133
protein_0212,protein_0184,0.1595744680851064
protein_0212,protein_0185,0.17391304347826086
protein_0212,protein_0186,0.1414141414141414
protein_0212,protein_0187,0.14942528735632185
protein_0212,protein_0188,0.1917808219178082
protein_0212,protein_0189,0.12359550561797752
protein_0212,protein_0191,0.14942528735632185
protein_0212,protein_0192,0.12941176470588237
protein_0212,protein_0193,0.1590909090909091
protein_0212,protein_0194,0.12643678160919541
protein_0212,protein_0195,0.13793103448275862
protein_0212,protein_0196,0.16853932584269662
protein_0212,protein_0197,0.15555555555555556
protein_0212,protein_0198,0.1797752808988764
protein_0212,protein_0199,0.18085106382978725
protein_0212,protein_0200,0.1111111111111111
protein_0212,protein_0202,0.1
protein_0212,protein_0203,0.16101694915254236
protein_0212,protein_0204,0.22666666666666666
protein_0212,protein_0206,0.15730337078651685
protein_0212,protein_0207,0.11965811965811966
protein_0212,protein_0208,0.16822429906542055
protein_0212,protein_0209,0.2159090909090909
protein_0212,protein_0210,0.18823529411764706
protein_0212,protein_0211,0.19
protein_0212,protein_0213,0.1724137931034483
protein_0212,protein_0214,0.20270270270270271
protein_0212,protein_0215,0.2054794520547945
protein_0212,protein_0216,0.1308411214953271
protein_0212,protein_0218,0.112
protein_0212,protein_0219,0.10833333333333334
protein_0212,protein_0220,0.17777777777777778
protein_0212,protein_0221,0.22535211267605634
protein_0212,protein_0222,0.1348314606741573
protein_0212,protein_0223,0.16901408450704225
protein_0212,protein_0224,0.1780821917808219
protein_0212,protein_0225,0.13636363636363635
protein_0212,protein_0226,0.15217391304347827
protein_0212,protein_0227,0.18421052631578946
protein_0212,protein_0228,0.16304347826086957
protein_0212,protein_0229,0.11235955056179775
protein_0212,protein_0230,0.21649484536082475
protein_0212,protein_0231,0.12643678160919541
protein_0212,protein_0232,0.18309859154929578
protein_0212,protein_0233,0.13385826771653545
protein_0212,protein_0234,0.16161616161616163
protein_0212,protein_0235,0.14736842105263157
protein_0212,protein_0236,0.14772727272727273
protein_0212,protein_0237,0.14772727272727273
protein_0212,protein_0238,0.09090909090909091
protein_0212,protein_0239,0.10344827586206896
protein_0212,protein_0240,0.11320754716981132
protein_0212,protein_0242,0.17567567567567569
protein_0212,protein_0243,0.13793103448275862
protein_0212,protein_0244,0.15476190476190477
protein_0212,protein_0245,0.11278195488721804
protein_0212,protein_0246,0.15384615384615385
protein_0212,protein_0247,0.1728395061728395
protein_0212,protein_0248,0.14772727272727273
protein_0212,protein_0249,0.16091954022988506
protein_0212,protein_0250,0.15625
protein_0212,protein_0252,0.19101123595505617
protein_0212,protein_0253,0.1415929203539823
protein_0212,protein_0254,0.16483516483516483
protein_0212,protein_0255,0.0935672514619883
protein_0212,protein_0256,0.16037735849056603
protein_0212,protein_0257,0.1523809523809524
protein_0212,protein_0258,0.1956521739130435
protein_0212,protein_0260,0.1917808219178082
protein_0212,protein_0261,0.15151515151515152
protein_0212,protein_0262,0.15555555555555556
protein_0212,protein_0265,0.13186813186813187
protein_0212,protein_0266,0.14583333333333334
protein_0212,protein_0267,0.12643678160919541
protein_0212,protein_0268,0.11956521739130435
protein_0212,protein_0270,0.2077922077922078
protein_0212,protein_0271,0.2777777777777778
protein_0212,protein_0272,0.15384615384615385
protein_0212,protein_0274,0.1827956989247312
protein_0212,protein_0275,0.16161616161616163
protein_0212,protein_0276,0.12643678160919541
protein_0212,protein_0277,0.2
protein_0212,protein_0278,0.14893617021276595
protein_0212,protein_0279,0.11764705882352941
protein_0212,protein_0280,0.09876543209876543
protein_0212,protein_0281,0.1896551724137931
protein_0212,protein_0282,0.19718309859154928
protein_0212,protein_0283,0.0779816513761468
protein_0212,protein_0284,0.18181818181818182
protein_0212,protein_0285,0.20652173913043478
protein_0212,protein_0286,0.20833333333333334
protein_0212,protein_0287,0.1308411214953271
protein_0212,protein_0288,0.10344827586206896
protein_0212,protein_0289,0.19230769230769232
protein_0212,protein_0290,0.18627450980392157
protein_0212,protein_0291,0.18292682926829268
protein_0212,protein_0292,0.18309859154929578
protein_0212,protein_0293,0.18478260869565216
protein_0212,protein_0294,0.18292682926829268
protein_0212,protein_0296,0.10619469026548672
protein_0212,protein_0297,0.15492957746478872
protein_0212,protein_0298,0.20833333333333334
protein_0212,protein_0299,0.15730337078651685
protein_0212,protein_0300,0.1595744680851064
protein_0212,protein_0301,0.14736842105263157
protein_0212,protein_0302,0.0967741935483871
protein_0212,protein_0304,0.18421052631578946
protein_0212,protein_0305,0.16831683168316833
protein_0212,protein_0307,0.13333333333333333
protein_0212,protein_0308,0.13445378151260504
protein_0212,protein_0310,0.1111111111111111
protein_0212,protein_0311,0.15384615384615385
protein_0212,protein_0312,0.10112359550561797
protein_0212,protein_0313,0.16483516483516483
protein_0212,protein_0314,0.19387755102040816
protein_0212,protein_0316,0.17567567567567569
protein_0212,protein_0317,0.13592233009708737
protein_0212,protein_0318,0.14655172413793102
protein_0212,protein_0320,0.14893617021276595
protein_0212,protein_0321,0.1935483870967742
protein_0212,protein_0322,0.13636363636363635
protein_0212,protein_0323,0.19101123595505617
protein_0212,protein_0324,0.2222222222222222
protein_0212,protein_0325,0.11965811965811966
protein_0212,protein_0326,0.11538461538461539
protein_0212,protein_0327,0.16091954022988506
protein_0212,protein_0329,0.12844036697247707
protein_0212,protein_0330,0.17582417582417584
protein_0212,protein_0331,0.17567567567567569
protein_0212,protein_0332,0.16091954022988506
protein_0212,protein_0333,0.1839080459770115
protein_0212,protein_0334,0.13186813186813187
protein_0212,protein_0335,0.16831683168316833
protein_0212,protein_0336,0.16901408450704225
protein_0212,protein_0337,0.14189189189189189
protein_0212,protein_0338,0.15053763440860216
protein_0212,protein_0340,0.17
protein_0212,protein_0341,0.16666666666666666
protein_0212,protein_0342,0.19718309859154928
protein_0212,protein_0343,0.18421052631578946
protein_0212,protein_0344,0.20689655172413793
protein_0212,protein_0346,0.1780821917808219
protein_0212,protein_0347,0.2054794520547945
protein_0212,protein_0348,0.12931034482758622
protein_0212,protein_0349,0.14285714285714285
protein_0212,protein_0350,0.22988505747126436
protein_0212,protein_0351,0.16853932584269662
protein_0212,protein_0352,0.18055555555555555
protein_0212,protein_0353,0.08620689655172414
protein_0212,protein_0354,0.1839080459770115
protein_0212,protein_0355,0.1590909090909091
protein_0212,protein_0356,0.19718309859154928
protein_0212,protein_0357,0.09836065573770492
protein_0212,protein_0358,0.21839080459770116
protein_0212,protein_0359,0.09243697478991597
protein_0212,protein_0360,0.2111111111111111
protein_0212,protein_0361,0.1282051282051282
protein_0212,protein_0362,0.1956521739130435
protein_0212,protein_0363,0.1956521739130435
protein_0212,protein_0366,0.19540229885057472
protein_0212,protein_0367,0.1717171717171717
protein_0212,protein_0368,0.0989010989010989
protein_0212,protein_0369,0.24050632911392406
protein_0212,protein_0370,0.20689655172413793
protein_0212,protein_0371,0.2
protein_0212,protein_0372,0.07339449541284404
protein_0212,protein_0373,0.12
protein_0212,protein_0374,0.1282051282051282
protein_0212,protein_0375,0.16091954022988506
protein_0212,protein_0376,0.12121212121212122
protein_0212,protein_0377,0.20224719101123595
protein_0212,protein_0378,0.1111111111111111
protein_0212,protein_0379,0.17045454545454544
protein_0212,protein_0380,0.17045454545454544
protein_0212,protein_0381,0.17045454545454544
protein_0212,protein_0382,0.21348314606741572
protein_0212,protein_0384,0.1839080459770115
protein_0212,protein_0385,0.13131313131313133
protein_0212,protein_0386,0.16666666666666666
protein_0212,protein_0387,0.11214953271028037
protein_0212,protein_0388,0.15853658536585366
protein_0212,protein_0389,0.24
protein_0212,protein_0391,0.125
protein_0212,protein_0392,0.10344827586206896
protein_0212,protein_0394,0.08695652173913043
protein_0212,protein_0395,0.18085106382978725
protein_0212,protein_0396,0.14655172413793102
protein_0212,protein_0397,0.1590909090909091
protein_0212,protein_0398,0.12195121951219512
protein_0212,protein_0399,0.16129032258064516
protein_0217,protein_0000,0.14285714285714285
protein_0217,protein_0002,0.24096385542168675
protein_0217,protein_0003,0.20430107526881722
protein_0217,protein_0004,0.16483516483516483
protein_0217,protein_0005,0.20238095238095238
protein_0217,protein_0006,0.16494845360824742
protein_0217,protein_0007,0.2
protein_0217,protein_0008,0.17592592592592593
protein_0217,protein_0009,0.13186813186813187
protein_0217,protein_0010,0.14444444444444443
protein_0217,protein_0011,0.16304347826086957
protein_0217,protein_0012,0.14736842105263157
protein_0217,protein_0014,0.17777777777777778
protein_0217,protein_0015,0.13636363636363635
protein_0217,protein_0016,0.15
protein_0217,protein_0017,0.1171875
protein_0217,protein_0018,0.14285714285714285
protein_0217,protein_0019,0.17647058823529413
protein_0217,protein_0020,0.1782178217821782
protein_0217,protein_0021,0.2289156626506024
protein_0217,protein_0022,0.1875
protein_0217,protein_0023,0.1485148514851485
protein_0217,protein_0024,0.1111111111111111
protein_0217,protein_0025,0.14444444444444443
protein_0217,protein_0026,0.14615384615384616
protein_0217,protein_0027,0.19230769230769232
protein_0217,protein_0028,0.1509433962264151
protein_0217,protein_0029,0.14444444444444443
protein_0217,protein_0030,0.1092436974789916
protein_0217,protein_0031,0.1792452830188679
protein_0217,protein_0032,0.12087912087912088
protein_0217,protein_0033,0.18888888888888888
protein_0217,protein_0035,0.1262135922330097
protein_0217,protein_0036,0.1511627906976744
protein_0217,protein_0037,0.15789473684210525
protein_0217,protein_0038,0.15789473684210525
protein_0217,protein_0039,0.17582417582417584
protein_0217,protein_0040,0.15294117647058825
protein_0217,protein_0041,0.15053763440860216
protein_0217,protein_0042,0.15306122448979592
protein_0217,protein_0044,0.14705882352941177
protein_0217,protein_0045,0.12745098039215685
protein_0217,protein_0046,0.17857142857142858
protein_0217,protein_0047,0.15053763440860216
protein_0217,protein_0048,0.15053763440860216
protein_0217,protein_0050,0.1188118811881188
protein_0217,protein_0051,0.15476190476190477
protein_0217,protein_0054,0.15
protein_0217,protein_0055,0.14285714285714285
protein_0217,protein_0056,0.09345794392523364
protein_0217,protein_0057,0.1927710843373494
protein_0217,protein_0058,0.13636363636363635
protein_0217,protein_0059,0.14705882352941177
protein_0217,protein_0060,0.08737864077669903
protein_0217,protein_0061,0.18681318681318682
protein_0217,protein_0062,0.15730337078651685
protein_0217,protein_0063,0.07981220657276995
protein_0217,protein_0064,0.16483516483516483
protein_0217,protein_0065,0.18867924528301888
protein_0217,protein_0066,0.15789473684210525
protein_0217,protein_0067,0.15555555555555556
protein_0217,protein_0068,0.18681318681318682
protein_0217,protein_0069,0.15789473684210525
protein_0217,protein_0070,0.17391304347826086
protein_0217,protein_0071,0.14444444444444443
protein_0217,protein_0072,0.14444444444444443
protein_0217,protein_0073,0.17708333333333334
protein_0217,protein_0074,0.17525773195876287
protein_0217,protein_0075,0.20588235294117646
protein_0217,protein_0076,0.13953488372093023
protein_0217,protein_0077,0.2
protein_0217,protein_0078,0.125
protein_0217,protein_0079,0.125
protein_0217,protein_0081,0.13333333333333333
protein_0217,protein_0082,0.16379310344827586
protein_0217,protein_0083,0.18085106382978725
protein_0217,protein_0084,0.14432989690721648
protein_0217,protein_0085,0.14655172413793102
protein_0217,protein_0086,0.1565217391304348
protein_0217,protein_0087,0.14457831325301204
protein_0217,protein_0089,0.15833333333333333
protein_0217,protein_0090,0.16666666666666666
protein_0217,protein_0092,0.15702479338842976
protein_0217,protein_0093,0.16666666666666666
protein_0217,protein_0094,0.16393442622950818
protein_0217,protein_0095,0.15126050420168066
protein_0217,protein_0096,0.21153846153846154
protein_0217,protein_0097,0.13829787234042554
protein_0217,protein_0098,0.1956521739130435
protein_0217,protein_0099,0.08737864077669903
protein_0217,protein_0100,0.13953488372093023
protein_0217,protein_0101,0.16129032258064516
protein_0217,protein_0102,0.15217391304347827
protein_0217,protein_0103,0.1414141414141414
protein_0217,protein_0104,0.15254237288135594
protein_0217,protein_0106,0.12931034482758622
protein_0217,protein_0107,0.16831683168316833
protein_0217,protein_0108,0.12359550561797752
protein_0217,protein_0109,0.1686746987951807
protein_0217,protein_0110,0.17777777777777778
protein_0217,protein_0111,0.16494845360824742
protein_0217,protein_0112,0.12612612612612611
protein_0217,protein_0113,0.19387755102040816
protein_0217,protein_0114,0.14444444444444443
protein_0217,protein_0115,0.125
protein_0217,protein_0116,0.14035087719298245
protein_0217,protein_0117,0.14035087719298245
protein_0217,protein_0118,0.1566265060240964
protein_0217,protein_0119,0.20175438596491227
protein_0217,protein_0120,0.1111111111111111
protein_0217,protein_0121,0.1111111111111111
protein_0217,protein_0122,0.15789473684210525
protein_0217,protein_0123,0.16666666666666666
protein_0217,protein_0124,0.12222222222222222
protein_0217,protein_0125,0.13861386138613863
protein_0217,protein_0126,0.17142857142857143
protein_0217,protein_0127,0.17204301075268819
protein_0217,protein_0128,0.0967741935483871
protein_0217,protein_0129,0.16842105263157894
protein_0217,protein_0130,0.16666666666666666
protein_0217,protein_0131,0.13253012048192772
protein_0217,protein_0132,0.18421052631578946
protein_0217,protein_0133,0.18421052631578946
protein_0217,protein_0135,0.16483516483516483
protein_0217,protein_0136,0.13675213675213677
protein_0217,protein_0137,0.15384615384615385
protein_0217,protein_0138,0.15384615384615385
protein_0217,protein_0139,0.17647058823529413
protein_0217,protein_0140,0.13725490196078433
protein_0217,protein_0141,0.16842105263157894
protein_0217,protein_0142,0.16494845360824742
protein_0217,protein_0143,0.1875
protein_0217,protein_0144,0.15625
protein_0217,protein_0145,0.16666666666666666
protein_0217,protein_0146,0.16279069767441862
protein_0217,protein_0147,0.17045454545454544
protein_0217,protein_0148,0.16304347826086957
protein_0217,protein_0149,0.15294117647058825
protein_0217,protein_0150,0.15730337078651685
protein_0217,protein_0151,0.14130434782608695
protein_0217,protein_0152,0.18604651162790697
protein_0217,protein_0153,0.12048192771084337
protein_0217,protein_0154,0.1348314606741573
protein_0217,protein_0155,0.1623931623931624
protein_0217,protein_0156,0.1308411214953271
protein_0217,protein_0157,0.25
protein_0217,protein_0158,0.14942528735632185
protein_0217,protein_0159,0.13725490196078433
protein_0217,protein_0160,0.1368421052631579
protein_0217,protein_0162,0.13636363636363635
protein_0217,protein_0163,0.15
protein_0217,protein_0164,0.12222222222222222
protein_0217,protein_0165,0.12790697674418605
protein_0217,protein_0167,0.15254237288135594
protein_0217,protein_0168,0.1440677966101695
protein_0217,protein_0169,0.13559322033898305
protein_0217,protein_0170,0.125
protein_0217,protein_0171,0.18681318681318682
protein_0217,protein_0172,0.09322033898305085
protein_0217,protein_0173,0.17346938775510204
protein_0217,protein_0174,0.13978494623655913
protein_0217,protein_0175,0.15555555555555556
protein_0217,protein_0176,0.16842105263157894
protein_0217,protein_0177,0.12048192771084337
protein_0217,protein_0178,0.168141592920354
protein_0217,protein_0179,0.168141592920354
protein_0217,protein_0180,0.17391304347826086
protein_0217,protein_0181,0.15555555555555556
protein_0217,protein_0182,0.09782608695652174
protein_0217,protein_0183,0.12121212121212122
protein_0217,protein_0184,0.13861386138613863
protein_0217,protein_0185,0.20224719101123595
protein_0217,protein_0186,0.1111111111111111
protein_0217,protein_0187,0.16666666666666666
protein_0217,protein_0188,0.15476190476190477
protein_0217,protein_0189,0.12745098039215685
protein_0217,protein_0191,0.17582417582417584
protein_0217,protein_0192,0.14414414414414414
protein_0217,protein_0193,0.10752688172043011
protein_0217,protein_0194,0.17391304347826086
protein_0217,protein_0195,0.15789473684210525
protein_0217,protein_0196,0.15789473684210525
protein_0217,protein_0197,0.18478260869565216
protein_0217,protein_0198,0.13829787234042554
protein_0217,protein_0199,0.17894736842105263
protein_0217,protein_0200,0.17777777777777778
protein_0217,protein_0202,0.12222222222222222
protein_0217,protein_0203,0.11965811965811966
protein_0217,protein_0204,0.18604651162790697
protein_0217,protein_0206,0.14736842105263157
protein_0217,protein_0207,0.1016949152542373
protein_0217,protein_0208,0.13559322033898305
protein_0217,protein_0209,0.1717171717171717
protein_0217,protein_0210,0.1348314606741573
protein_0217,protein_0211,0.14772727272727273
protein_0217,protein_0213,0.17045454545454544
protein_0217,protein_0214,0.13095238095238096
protein_0217,protein_0215,0.13253012048192772
protein_0217,protein_0216,0.18269230769230768
protein_0217,protein_0218,0.15873015873015872
protein_0217,protein_0219,0.15966386554621848
protein_0217,protein_0220,0.16129032258064516
protein_0217,protein_0221,0.19767441860465115
protein_0217,protein_0222,0.13978494623655913
protein_0217,protein_0223,0.14772727272727273
protein_0217,protein_0224,0.14457831325301204
protein_0217,protein_0225,0.3146067415730337
protein_0217,protein_0226,0.24444444444444444
protein_0217,protein_0227,0.14285714285714285
protein_0217,protein_0228,0.1702127659574468
protein_0217,protein_0229,0.3103448275862069
protein_0217,protein_0230,0.14583333333333334
protein_0217,protein_0231,0.14444444444444443
protein_0217,protein_0232,0.14457831325301204
protein_0217,protein_0233,0.11811023622047244
protein_0217,protein_0234,0.14953271028037382
protein_0217,protein_0235,0.21686746987951808
protein_0217,protein_0236,0.1368421052631579
protein_0217,protein_0237,0.1368421052631579
protein_0217,protein_0238,0.13333333333333333
protein_0217,protein_0239,0.14705882352941177
protein_0217,protein_0240,0.16129032258064516
protein_0217,protein_0242,0.13253012048192772
protein_0217,protein_0243,0.1568627450980392
protein_0217,protein_0244,0.25301204819277107
protein_0217,protein_0245,0.17272727272727273
protein_0217,protein_0246,0.11702127659574468
protein_0217,protein_0247,0.14942528735632185
protein_0217,protein_0248,0.12121212121212122
protein_0217,protein_0249,0.12903225806451613
protein_0217,protein_0250,0.13402061855670103
protein_0217,protein_0252,0.16666666666666666
protein_0217,protein_0253,0.19491525423728814
protein_0217,protein_0254,0.14942528735632185
protein_0217,protein_0255,0.0935672514619883
protein_0217,protein_0256,0.1346153846153846
protein_0217,protein_0257,0.13761467889908258
protein_0217,protein_0258,0.18085106382978725
protein_0217,protein_0260,0.1927710843373494
protein_0217,protein_0261,0.18269230769230768
protein_0217,protein_0262,0.1259259259259259
protein_0217,protein_0265,0.15730337078651685
protein_0217,protein_0266,0.16666666666666666
protein_0217,protein_0267,0.20212765957446807
protein_0217,protein_0268,0.3103448275862069
protein_0217,protein_0270,0.12048192771084337
protein_0217,protein_0271,0.14457831325301204
protein_0217,protein_0272,0.1935483870967742
protein_0217,protein_0274,0.16666666666666666
protein_0217,protein_0275,0.18269230769230768
protein_0217,protein_0276,0.1956521739130435
protein_0217,protein_0277,0.12048192771084337
protein_0217,protein_0278,0.14736842105263157
protein_0217,protein_0279,0.14772727272727273
protein_0217,protein_0280,0.14942528735632185
protein_0217,protein_0281,0.11206896551724138
protein_0217,protein_0282,0.16470588235294117
protein_0217,protein_0283,0.0871559633027523
protein_0217,protein_0284,0.18947368421052632
protein_0217,protein_0285,0.17777777777777778
protein_0217,protein_0286,0.13253012048192772
protein_0217,protein_0287,0.1826086956521739
protein_0217,protein_0288,0.13636363636363635
protein_0217,protein_0289,0.1935483870967742
protein_0217,protein_0290,0.17475728155339806
protein_0217,protein_0291,0.1619047619047619
protein_0217,protein_0292,0.17857142857142858
protein_0217,protein_0293,0.1619047619047619
protein_0217,protein_0294,0.1619047619047619
protein_0217,protein_0296,0.15
protein_0217,protein_0297,0.1411764705882353
protein_0217,protein_0298,0.15555555555555556
protein_0217,protein_0299,0.16666666666666666
protein_0217,protein_0300,0.19318181818181818
protein_0217,protein_0301,0.19318181818181818
protein_0217,protein_0302,0.10599078341013825
protein_0217,protein_0304,0.1827956989247312
protein_0217,protein_0305,0.20408163265306123
protein_0217,protein_0307,0.15966386554621848
protein_0217,protein_0308,0.12931034482758622
protein_0217,protein_0310,0.18095238095238095
protein_0217,protein_0311,0.12087912087912088
protein_0217,protein_0312,0.20618556701030927
protein_0217,protein_0313,0.15625
protein_0217,protein_0314,0.13333333333333333
protein_0217,protein_0316,0.1686746987951807
protein_0217,protein_0317,0.14423076923076922
protein_0217,protein_0318,0.14655172413793102
protein_0217,protein_0320,0.17204301075268819
protein_0217,protein_0321,0.1595744680851064
protein_0217,protein_0322,0.1348314606741573
protein_0217,protein_0323,0.18095238095238095
protein_0217,protein_0324,0.12790697674418605
protein_0217,protein_0325,0.1440677966101695
protein_0217,protein_0326,0.15
protein_0217,protein_0327,0.16842105263157894
protein_0217,protein_0329,0.12844036697247707
protein_0217,protein_0330,0.1836734693877551
protein_0217,protein_0331,0.14444444444444443
protein_0217,protein_0332,0.21212121212121213
protein_0217,protein_0333,0.14705882352941177
protein_0217,protein_0334,0.16304347826086957
protein_0217,protein_0335,0.19801980198019803
protein_0217,protein_0336,0.1927710843373494
protein_0217,protein_0337,0.17777777777777778
protein_0217,protein_0338,0.16483516483516483
protein_0217,protein_0340,0.12871287128712872
protein_0217,protein_0341,0.17592592592592593
protein_0217,protein_0342,0.1927710843373494
protein_0217,protein_0343,0.16666666666666666
protein_0217,protein_0344,0.15789473684210525
protein_0217,protein_0346,0.18072289156626506
protein_0217,protein_0347,0.1744186046511628
protein_0217,protein_0348,0.14173228346456693
protein_0217,protein_0349,0.18811881188118812
protein_0217,protein_0350,0.14285714285714285
protein_0217,protein_0351,0.15789473684210525
protein_0217,protein_0352,0.12048192771084337
protein_0217,protein_0353,0.1206896551724138
protein_0217,protein_0354,0.15217391304347827
protein_0217,protein_0355,0.16304347826086957
protein_0217,protein_0356,0.18072289156626506
protein_0217,protein_0357,0.21705426356589147
protein_0217,protein_0358,0.1875
protein_0217,protein_0359,0.16806722689075632
protein_0217,protein_0360,0.14432989690721648
protein_0217,protein_0361,0.1111111111111111
protein_0217,protein_0362,0.16161616161616163
protein_0217,protein_0363,0.16161616161616163
protein_0217,protein_0366,0.15789473684210525
protein_0217,protein_0367,0.19801980198019803
protein_0217,protein_0368,0.24096385542168675
protein_0217,protein_0369,0.13043478260869565
protein_0217,protein_0370,0.15789473684210525
protein_0217,protein_0371,0.1978021978021978
protein_0217,protein_0372,0.11009174311926606
protein_0217,protein_0373,0.144
protein_0217,protein_0374,0.14754098360655737
protein_0217,protein_0375,0.1111111111111111
protein_0217,protein_0376,0.18269230769230768
protein_0217,protein_0377,0.16304347826086957
protein_0217,protein_0378,0.15178571428571427
protein_0217,protein_0379,0.2268041237113402
protein_0217,protein_0380,0.2268041237113402
protein_0217,protein_0381,0.2268041237113402
protein_0217,protein_0382,0.18627450980392157
protein_0217,protein_0384,0.16129032258064516
protein_0217,protein_0385,0.13131313131313133
protein_0217,protein_0386,0.1523809523809524
protein_0217,protein_0387,0.11320754716981132
protein_0217,protein_0388,0.1566265060240964
protein_0217,protein_0389,0.12643678160919541
protein_0217,protein_0391,0.18681318681318682
protein_0217,protein_0392,0.10526315789473684
protein_0217,protein_0394,0.15384615384615385
protein_0217,protein_0395,0.16304347826086957
protein_0217,protein_0396,0.13934426229508196
protein_0217,protein_0397,0.16279069767441862
protein_0217,protein_0398,0.13274336283185842
protein_0217,protein_0399,0.2159090909090909
protein_0241,protein_0000,0.4318181818181818
protein_0241,protein_0002,0.19
protein_0241,protein_0003,0.3409090909090909
protein_0241,protein_0004,0.3218390804597701
protein_0241,protein_0005,0.14736842105263157
protein_0241,protein_0006,0.26136363636363635
protein_0241,protein_0007,0.17045454545454544
protein_0241,protein_0008,0.08080808080808081
protein_0241,protein_0009,0.1724137931034483
protein_0241,protein_0010,0.3404255319148936
protein_0241,protein_0011,0.27586206896551724
protein_0241,protein_0012,0.3333333333333333
protein_0241,protein_0014,0.16037735849056603
protein_0241,protein_0015,0.15178571428571427
protein_0241,protein_0016,0.125
protein_0241,protein_0017,0.1171875
protein_0241,protein_0018,0.3103448275862069
protein_0241,protein_0019,0.16091954022988506
protein_0241,protein_0020,0.45977011494252873
protein_0241,protein_0021,0.18888888888888888
protein_0241,protein_0022,0.16304347826086957
protein_0241,protein_0023,0.1553398058252427
protein_0241,protein_0024,0.13076923076923078
protein_0241,protein_0025,0.6666666666666666
protein_0241,protein_0026,0.11363636363636363
protein_0241,protein_0027,0.16494845360824742
protein_0241,protein_0028,0.10091743119266056
protein_0241,protein_0029,0.13186813186813187
protein_0241,protein_0030,0.15
protein_0241,protein_0031,0.13592233009708737
protein_0241,protein_0032,0.3448275862068966
protein_0241,protein_0033,0.27586206896551724
protein_0241,protein_0035,0.13
protein_0241,protein_0036,0.1724137931034483
protein_0241,protein_0037,0.1839080459770115
protein_0241,protein_0038,0.1839080459770115
protein_0241,protein_0039,0.2247191011235955
protein_0241,protein_0040,0.09195402298850575
protein_0241,protein_0041,0.3333333333333333
protein_0241,protein_0042,0.20689655172413793
protein_0241,protein_0044,0.25842696629213485
protein_0241,protein_0045,0.3563218390804598
protein_0241,protein_0046,0.16091954022988506
protein_0241,protein_0047,0.28888888888888886
protein_0241,protein_0048,0.28888888888888886
protein_0241,protein_0050,0.13725490196078433
protein_0241,protein_0051,0.13793103448275862
protein_0241,protein_0054,0.14173228346456693
protein_0241,protein_0055,0.13445378151260504
protein_0241,protein_0056,0.1188118811881188
protein_0241,protein_0057,0.14942528735632185
protein_0241,protein_0058,0.11494252873563218
protein_0241,protein_0059,0.29213483146067415
protein_0241,protein_0060,0.10377358490566038
protein_0241,protein_0061,0.20430107526881722
protein_0241,protein_0062,0.2988505747126437
protein_0241,protein_0063,0.08837209302325581
protein_0241,protein_0064,0.3793103448275862
protein_0241,protein_0065,0.16037735849056603
protein_0241,protein_0066,0.16363636363636364
protein_0241,protein_0067,0.3522727272727273
protein_0241,protein_0068,0.20689655172413793
protein_0241,protein_0069,0.26436781609195403
protein_0241,protein_0070,0.19540229885057472
protein_0241,protein_0071,0.3103448275862069
protein_0241,protein_0072,0.15053763440860216
protein_0241,protein_0073,0.27586206896551724
protein_0241,protein_0074,0.16129032258064516
protein_0241,protein_0075,0.15841584158415842
protein_0241,protein_0076,0.13793103448275862
protein_0241,protein_0077,0.42696629213483145
protein_0241,protein_0078,0.12962962962962962
protein_0241,protein_0079,0.12962962962962962
protein_0241,protein_0081,0.3218390804597701
protein_0241,protein_0082,0.17699115044247787
protein_0241,protein_0083,0.2988505747126437
protein_0241,protein_0084,0.2413793103448276
protein_0241,protein_0085,0.17699115044247787
protein_0241,protein_0086,0.18584070796460178
protein_0241,protein_0087,0.13793103448275862
protein_0241,protein_0089,0.11864406779661017
protein_0241,protein_0090,0.1271186440677966
protein_0241,protein_0092,0.168141592920354
protein_0241,protein_0093,0.3103448275862069
protein_0241,protein_0094,0.1440677966101695
protein_0241,protein_0095,0.12280701754385964
protein_0241,protein_0096,0.125
protein_0241,protein_0097,0.2988505747126437
protein_0241,protein_0098,0.3333333333333333
protein_0241,protein_0099,0.11
protein_0241,protein_0100,0.17777777777777778
protein_0241,protein_0101,0.26436781609195403
protein_0241,protein_0102,0.24444444444444444
protein_0241,protein_0103,0.22988505747126436
protein_0241,protein_0104,0.15384615384615385
protein_0241,protein_0106,0.14754098360655737
protein_0241,protein_0107,0.3793103448275862
protein_0241,protein_0108,0.19318181818181818
protein_0241,protein_0109,0.11494252873563218
protein_0241,protein_0110,0.3118279569892473
protein_0241,protein_0111,0.20689655172413793
protein_0241,protein_0112,0.21100917431192662
protein_0241,protein_0113,0.2413793103448276
protein_0241,protein_0114,0.3563218390804598
protein_0241,protein_0115,0.3595505617977528
protein_0241,protein_0116,0.1794871794871795
protein_0241,protein_0117,0.1794871794871795
protein_0241,protein_0118,0.17045454545454544
protein_0241,protein_0119,0.22330097087378642
protein_0241,protein_0120,0.5172413793103449
protein_0241,protein_0121,0.5172413793103449
protein_0241,protein_0122,0.1839080459770115
protein_0241,protein_0123,0.13636363636363635
protein_0241,protein_0124,0.5057471264367817
protein_0241,protein_0125,0.16666666666666666
protein_0241,protein_0126,0.17307692307692307
protein_0241,protein_0127,0.3333333333333333
protein_0241,protein_0128,0.4827586206896552
protein_0241,protein_0129,0.1724137931034483
protein_0241,protein_0130,0.11475409836065574
protein_0241,protein_0131,0.125
protein_0241,protein_0132,0.1891891891891892
protein_0241,protein_0133,0.1891891891891892
protein_0241,protein_0135,0.367816091954023
protein_0241,protein_0136,0.11278195488721804
protein_0241,protein_0137,0.14049586776859505
protein_0241,protein_0138,0.14049586776859505
protein_0241,protein_0139,0.12643678160919541
protein_0241,protein_0140,0.32954545454545453
protein_0241,protein_0141,0.21839080459770116
protein_0241,protein_0142,0.28735632183908044
protein_0241,protein_0143,0.367816091954023
protein_0241,protein_0144,0.3448275862068966
protein_0241,protein_0145,0.19540229885057472
protein_0241,protein_0146,0.1839080459770115
protein_0241,protein_0147,0.39080459770114945
protein_0241,protein_0148,0.3563218390804598
protein_0241,protein_0149,0.16091954022988506
protein_0241,protein_0150,0.34831460674157305
protein_0241,protein_0151,0.25842696629213485
protein_0241,protein_0152,0.14285714285714285
protein_0241,protein_0153,0.22105263157894736
protein_0241,protein_0154,0.23157894736842105
protein_0241,protein_0155,0.11764705882352941
protein_0241,protein_0156,0.17117117117117117
protein_0241,protein_0157,0.12903225806451613
protein_0241,protein_0158,0.14942528735632185
protein_0241,protein_0159,0.3103448275862069
protein_0241,protein_0160,0.5747126436781609
protein_0241,protein_0162,0.47126436781609193
protein_0241,protein_0163,0.18269230769230768
protein_0241,protein_0164,0.4482758620689655
protein_0241,protein_0165,0.1590909090909091
protein_0241,protein_0167,0.14074074074074075
protein_0241,protein_0168,0.1487603305785124
protein_0241,protein_0169,0.12605042016806722
protein_0241,protein_0170,0.6091954022988506
protein_0241,protein_0171,0.20689655172413793
protein_0241,protein_0172,0.14754098360655737
protein_0241,protein_0173,0.4827586206896552
protein_0241,protein_0174,0.5747126436781609
protein_0241,protein_0175,0.5747126436781609
protein_0241,protein_0176,0.16853932584269662
protein_0241,protein_0177,0.1724137931034483
protein_0241,protein_0178,0.10526315789473684
protein_0241,protein_0179,0.11666666666666667
protein_0241,protein_0180,0.25287356321839083
protein_0241,protein_0181,0.3522727272727273
protein_0241,protein_0182,0.40229885057471265
protein_0241,protein_0183,0.16964285714285715
protein_0241,protein_0184,0.632183908045977
protein_0241,protein_0185,0.16
protein_0241,protein_0186,0.14035087719298245
protein_0241,protein_0187,0.5977011494252874
protein_0241,protein_0188,0.1724137931034483
protein_0241,protein_0189,0.2988505747126437
protein_0241,protein_0191,0.3563218390804598
protein_0241,protein_0192,0.4827586206896552
protein_0241,protein_0193,0.34782608695652173
protein_0241,protein_0194,0.1839080459770115
protein_0241,protein_0195,0.28735632183908044
protein_0241,protein_0196,0.3103448275862069
protein_0241,protein_0197,0.28735632183908044
protein_0241,protein_0198,0.2988505747126437
protein_0241,protein_0199,0.2717391304347826
protein_0241,protein_0200,0.2988505747126437
protein_0241,protein_0202,0.3563218390804598
protein_0241,protein_0203,0.13445378151260504
protein_0241,protein_0204,0.1724137931034483
protein_0241,protein_0206,0.32954545454545453
protein_0241,protein_0207,0.12396694214876033
protein_0241,protein_0208,0.1565217391304348
protein_0241,protein_0209,0.2808988764044944
protein_0241,protein_0210,0.3218390804597701
protein_0241,protein_0211,0.18446601941747573
protein_0241,protein_0213,0.3793103448275862
protein_0241,protein_0214,0.11224489795918367
protein_0241,protein_0215,0.09782608695652174
protein_0241,protein_0216,0.14678899082568808
protein_0241,protein_0218,0.09375
protein_0241,protein_0219,0.10084033613445378
protein_0241,protein_0220,0.3793103448275862
protein_0241,protein_0221,0.16666666666666666
protein_0241,protein_0222,0.28888888888888886
protein_0241,protein_0223,0.15555555555555556
protein_0241,protein_0224,0.13636363636363635
protein_0241,protein_0225,0.15306122448979592
protein_0241,protein_0226,0.15454545454545454
protein_0241,protein_0227,0.14772727272727273
protein_0241,protein_0228,0.20212765957446807
protein_0241,protein_0229,0.1485148514851485
protein_0241,protein_0230,0.21875
protein_0241,protein_0231,0.3793103448275862
protein_0241,protein_0232,0.17045454545454544
protein_0241,protein_0233,0.14173228346456693
protein_0241,protein_0234,0.1926605504587156
protein_0241,protein_0235,0.1590909090909091
protein_0241,protein_0236,0.26436781609195403
protein_0241,protein_0237,0.26436781609195403
protein_0241,protein_0238,0.1297709923664122
protein_0241,protein_0239,0.7586206896551724
protein_0241,protein_0240,0.7241379310344828
protein_0241,protein_0242,0.14942528735632185
protein_0241,protein_0243,0.6704545454545454
protein_0241,protein_0244,0.13978494623655913
protein_0241,protein_0245,0.12121212121212122
protein_0241,protein_0246,0.17346938775510204
protein_0241,protein_0247,0.22580645161290322
protein_0241,protein_0248,0.42528735632183906
protein_0241,protein_0249,0.6091954022988506
protein_0241,protein_0250,0.1485148514851485
protein_0241,protein_0252,0.10638297872340426
protein_0241,protein_0253,0.15384615384615385
protein_0241,protein_0254,0.18888888888888888
protein_0241,protein_0255,0.12777777777777777
protein_0241,protein_0256,0.16666666666666666
protein_0241,protein_0257,0.17647058823529413
protein_0241,protein_0258,0.2988505747126437
protein_0241,protein_0260,0.1590909090909091
protein_0241,protein_0261,0.17757009345794392
protein_0241,protein_0262,0.1510791366906475
protein_0241,protein_0265,0.32954545454545453
protein_0241,protein_0266,0.12244897959183673
protein_0241,protein_0267,0.13829787234042554
protein_0241,protein_0268,0.15151515151515152
protein_0241,protein_0270,0.11363636363636363
protein_0241,protein_0271,0.1590909090909091
protein_0241,protein_0272,0.26436781609195403
protein_0241,protein_0274,0.25274725274725274
protein_0241,protein_0275,0.1509433962264151
protein_0241,protein_0276,0.3563218390804598
protein_0241,protein_0277,0.16091954022988506
protein_0241,protein_0278,0.18888888888888888
protein_0241,protein_0279,0.3103448275862069
protein_0241,protein_0280,0.3448275862068966
protein_0241,protein_0281,0.11864406779661017
protein_0241,protein_0282,0.14893617021276595
protein_0241,protein_0283,0.0871559633027523
protein_0241,protein_0284,0.18888888888888888
protein_0241,protein_0285,0.3103448275862069
protein_0241,protein_0286,0.14285714285714285
protein_0241,protein_0287,0.18518518518518517
protein_0241,protein_0288,0.5057471264367817
protein_0241,protein_0289,0.2
protein_0241,protein_0290,0.15384615384615385
protein_0241,protein_0291,0.21839080459770116
protein_0241,protein_0292,0.16483516483516483
protein_0241,protein_0293,0.22727272727272727
protein_0241,protein_0294,0.21839080459770116
protein_0241,protein_0296,0.14615384615384616
protein_0241,protein_0297,0.1724137931034483
protein_0241,protein_0298,0.13793103448275862
protein_0241,protein_0299,0.16483516483516483
protein_0241,protein_0300,0.18681318681318682
protein_0241,protein_0301,0.17391304347826086
protein_0241,protein_0302,0.12903225806451613
protein_0241,protein_0304,0.17777777777777778
protein_0241,protein_0305,0.2
protein_0241,protein_0307,0.14166666666666666
protein_0241,protein_0308,0.13740458015267176
protein_0241,protein_0310,0.1308411214953271
protein_0241,protein_0311,0.4367816091954023
protein_0241,protein_0312,0.40229885057471265
protein_0241,protein_0313,0.2857142857142857
protein_0241,protein_0314,0.22330097087378642
protein_0241,protein_0316,0.12643678160919541
protein_0241,protein_0317,0.16346153846153846
protein_0241,protein_0318,0.13392857142857142
protein_0241,protein_0320,0.5747126436781609
protein_0241,protein_0321,0.21052631578947367
protein_0241,protein_0322,0.36666666666666664
protein_0241,protein_0323,0.29213483146067415
protein_0241,protein_0324,0.13333333333333333
protein_0241,protein_0325,0.1016949152542373
protein_0241,protein_0326,0.15217391304347827
protein_0241,protein_0327,0.3103448275862069
protein_0241,protein_0329,0.136
protein_0241,protein_0330,0.2413793103448276
protein_0241,protein_0331,0.12643678160919541
protein_0241,protein_0332,0.19540229885057472
protein_0241,protein_0333,0.23595505617977527
protein_0241,protein_0334,0.1875
protein_0241,protein_0335,0.14782608695652175
protein_0241,protein_0336,0.14942528735632185
protein_0241,protein_0337,0.30434782608695654
protein_0241,protein_0338,0.2159090909090909
protein_0241,protein_0340,0.18446601941747573
protein_0241,protein_0341,0.24271844660194175
protein_0241,protein_0342,0.16091954022988506
protein_0241,protein_0343,0.18888888888888888
protein_0241,protein_0344,0.3103448275862069
protein_0241,protein_0346,0.136
protein_0241,protein_0347,0.16091954022988506
protein_0241,protein_0348,0.15833333333333333
protein_0241,protein_0349,0.20952380952380953
protein_0241,protein_0350,0.2988505747126437
protein_0241,protein_0351,0.3218390804597701
protein_0241,protein_0352,0.14942528735632185
protein_0241,protein_0353,0.1440677966101695
protein_0241,protein_0354,0.2631578947368421
protein_0241,protein_0355,0.30434782608695654
protein_0241,protein_0356,0.16091954022988506
protein_0241,protein_0357,0.16
protein_0241,protein_0358,0.2988505747126437
protein_0241,protein_0359,0.1484375
protein_0241,protein_0360,0.3563218390804598
protein_0241,protein_0361,0.13846153846153847
protein_0241,protein_0362,0.21739130434782608
protein_0241,protein_0363,0.21739130434782608
protein_0241,protein_0366,0.19540229885057472
protein_0241,protein_0367,0.1592920353982301
protein_0241,protein_0368,0.16304347826086957
protein_0241,protein_0369,0.16853932584269662
protein_0241,protein_0370,0.3103448275862069
protein_0241,protein_0371,0.3522727272727273
protein_0241,protein_0372,0.0871559633027523
protein_0241,protein_0373,0.12389380530973451
protein_0241,protein_0374,0.15384615384615385
protein_0241,protein_0375,0.38636363636363635
protein_0241,protein_0376,0.16822429906542055
protein_0241,protein_0377,0.367816091954023
protein_0241,protein_0378,0.1504424778761062
protein_0241,protein_0379,0.13793103448275862
protein_0241,protein_0380,0.13793103448275862
protein_0241,protein_0381,0.13793103448275862
protein_0241,protein_0382,0.26436781609195403
protein_0241,protein_0384,0.36363636363636365
protein_0241,protein_0385,0.16666666666666666
protein_0241,protein_0386,0.1651376146788991
protein_0241,protein_0387,0.10526315789473684
protein_0241,protein_0388,0.13636363636363635
protein_0241,protein_0389,0.1348314606741573
protein_0241,protein_0391,0.21505376344086022
protein_0241,protein_0392,0.6551724137931034
protein_0241,protein_0394,0.16101694915254236
protein_0241,protein_0395,0.18556701030927836
protein_0241,protein_0396,0.13559322033898305
protein_0241,protein_0397,0.3448275862068966
protein_0241,protein_0398,0.14912280701754385
protein_0241,protein_0399,0.40229885057471265
protein_0251,protein_0000,0.1326530612244898
protein_0251,protein_0002,0.28888888888888886
protein_0251,protein_0003,0.14444444444444443
protein_0251,protein_0004,0.17525773195876287
protein_0251,protein_0005,0.2717391304347826
protein_0251,protein_0006,0.15384615384615385
protein_0251,protein_0007,0.16853932584269662
protein_0251,protein_0008,0.14
protein_0251,protein_0009,0.17708333333333334
protein_0251,protein_0010,0.18181818181818182
protein_0251,protein_0011,0.19148936170212766
protein_0251,protein_0012,0.18181818181818182
protein_0251,protein_0014,0.1414141414141414
protein_0251,protein_0015,0.15178571428571427
protein_0251,protein_0016,0.1346153846153846
protein_0251,protein_0017,0.0962962962962963
protein_0251,protein_0018,0.17582417582417584
protein_0251,protein_0019,0.15789473684210525
protein_0251,protein_0020,0.125
protein_0251,protein_0021,0.2247191011235955
protein_0251,protein_0022,0.17307692307692307
protein_0251,protein_0023,0.1919191919191919
protein_0251,protein_0024,0.15384615384615385
protein_0251,protein_0025,0.17475728155339806
protein_0251,protein_0026,0.1044776119402985
protein_0251,protein_0027,0.1875
protein_0251,protein_0028,0.1559633027522936
protein_0251,protein_0029,0.15053763440860216
protein_0251,protein_0030,0.1487603305785124
protein_0251,protein_0031,0.12264150943396226
protein_0251,protein_0032,0.1702127659574468
protein_0251,protein_0033,0.17708333333333334
protein_0251,protein_0035,0.13761467889908258
protein_0251,protein_0036,0.19101123595505617
protein_0251,protein_0037,0.15178571428571427
protein_0251,protein_0038,0.15178571428571427
protein_0251,protein_0039,0.19791666666666666
protein_0251,protein_0040,0.0898876404494382
protein_0251,protein_0041,0.14285714285714285
protein_0251,protein_0042,0.14444444444444443
protein_0251,protein_0044,0.18085106382978725
protein_0251,protein_0045,0.14444444444444443
protein_0251,protein_0046,0.15730337078651685
protein_0251,protein_0047,0.125
protein_0251,protein_0048,0.13541666666666666
protein_0251,protein_0050,0.17307692307692307
protein_0251,protein_0051,0.19101123595505617
protein_0251,protein_0054,0.125
protein_0251,protein_0055,0.12396694214876033
protein_0251,protein_0056,0.13392857142857142
protein_0251,protein_0057,0.16304347826086957
protein_0251,protein_0058,0.1368421052631579
protein_0251,protein_0059,0.08888888888888889
protein_0251,protein_0060,0.14545454545454545
protein_0251,protein_0061,0.18478260869565216
protein_0251,protein_0062,0.14432989690721648
protein_0251,protein_0063,0.107981220657277
protein_0251,protein_0064,0.07142857142857142
protein_0251,protein_0065,0.15384615384615385
protein_0251,protein_0066,0.0891089108910891
protein_0251,protein_0067,0.16304347826086957
protein_0251,protein_0068,0.15625
protein_0251,protein_0069,0.13402061855670103
protein_0251,protein_0070,0.17
protein_0251,protein_0071,0.17
protein_0251,protein_0072,0.21348314606741572
protein_0251,protein_0073,0.15625
protein_0251,protein_0074,0.14130434782608695
protein_0251,protein_0075,0.16666666666666666
protein_0251,protein_0076,0.12903225806451613
protein_0251,protein_0077,0.13402061855670103
protein_0251,protein_0078,0.12380952380952381
protein_0251,protein_0079,0.12380952380952381
protein_0251,protein_0081,0.11224489795918367
protein_0251,protein_0082,0.16037735849056603
protein_0251,protein_0083,0.12222222222222222
protein_0251,protein_0084,0.19148936170212766
protein_0251,protein_0085,0.14150943396226415
protein_0251,protein_0086,0.16037735849056603
protein_0251,protein_0087,0.14444444444444443
protein_0251,protein_0089,0.13513513513513514
protein_0251,protein_0090,0.14414414414414414
protein_0251,protein_0092,0.13274336283185842
protein_0251,protein_0093,0.14130434782608695
protein_0251,protein_0094,0.14782608695652175
protein_0251,protein_0095,0.13513513513513514
protein_0251,protein_0096,0.16037735849056603
protein_0251,protein_0097,0.16842105263157894
protein_0251,protein_0098,0.15306122448979592
protein_0251,protein_0099,0.11818181818181818
protein_0251,protein_0100,0.19101123595505617
protein_0251,protein_0101,0.15625
protein_0251,protein_0102,0.15625
protein_0251,protein_0103,0.17204301075268819
protein_0251,protein_0104,0.075
protein_0251,protein_0106,0.16393442622950818
protein_0251,protein_0107,0.18478260869565216
protein_0251,protein_0108,0.14736842105263157
protein_0251,protein_0109,0.16853932584269662
protein_0251,protein_0110,0.16161616161616163
protein_0251,protein_0111,0.15053763440860216
protein_0251,protein_0112,0.10891089108910891
protein_0251,protein_0113,0.16666666666666666
protein_0251,protein_0114,0.17346938775510204
protein_0251,protein_0115,0.0989010989010989
protein_0251,protein_0116,0.15789473684210525
protein_0251,protein_0117,0.15789473684210525
protein_0251,protein_0118,0.19101123595505617
protein_0251,protein_0119,0.07920792079207921
protein_0251,protein_0120,0.13
protein_0251,protein_0121,0.13
protein_0251,protein_0122,0.16964285714285715
protein_0251,protein_0123,0.15730337078651685
protein_0251,protein_0124,0.13186813186813187
protein_0251,protein_0125,0.16822429906542055
protein_0251,protein_0126,0.12
protein_0251,protein_0127,0.14285714285714285
protein_0251,protein_0128,0.11650485436893204
protein_0251,protein_0129,0.21782178217821782
protein_0251,protein_0130,0.15315315315315314
protein_0251,protein_0131,0.18947368421052632
protein_0251,protein_0132,0.16363636363636364
protein_0251,protein_0133,0.16363636363636364
protein_0251,protein_0135,0.1414141414141414
protein_0251,protein_0136,0.13333333333333333
protein_0251,protein_0137,0.11965811965811966
protein_0251,protein_0138,0.11965811965811966
protein_0251,protein_0139,0.1348314606741573
protein_0251,protein_0140,0.16
protein_0251,protein_0141,0.16
protein_0251,protein_0142,0.1958762886597938
protein_0251,protein_0143,0.21649484536082475
protein_0251,protein_0144,0.21649484536082475
protein_0251,protein_0145,0.1348314606741573
protein_0251,protein_0146,0.16853932584269662
protein_0251,protein_0147,0.1276595744680851
protein_0251,protein_0148,0.14285714285714285
protein_0251,protein_0149,0.16853932584269662
protein_0251,protein_0150,0.16326530612244897
protein_0251,protein_0151,0.1326530612244898
protein_0251,protein_0152,0.16853932584269662
protein_0251,protein_0153,0.18478260869565216
protein_0251,protein_0154,0.20430107526881722
protein_0251,protein_0155,0.15384615384615385
protein_0251,protein_0156,0.13636363636363635
protein_0251,protein_0157,0.19101123595505617
protein_0251,protein_0158,0.16853932584269662
protein_0251,protein_0159,0.13829787234042554
protein_0251,protein_0160,0.14
protein_0251,protein_0162,0.1134020618556701
protein_0251,protein_0163,0.1568627450980392
protein_0251,protein_0164,0.125
protein_0251,protein_0165,0.16483516483516483
protein_0251,protein_0167,0.11016949152542373
protein_0251,protein_0168,0.12295081967213115
protein_0251,protein_0169,0.0703125
protein_0251,protein_0170,0.12244897959183673
protein_0251,protein_0171,0.15625
protein_0251,protein_0172,0.16666666666666666
protein_0251,protein_0173,0.11827956989247312
protein_0251,protein_0174,0.1485148514851485
protein_0251,protein_0175,0.12871287128712872
protein_0251,protein_0176,0.19101123595505617
protein_0251,protein_0177,0.14606741573033707
protein_0251,protein_0178,0.168141592920354
protein_0251,protein_0179,0.1504424778761062
protein_0251,protein_0180,0.14583333333333334
protein_0251,protein_0181,0.16129032258064516
protein_0251,protein_0182,0.15384615384615385
protein_0251,protein_0183,0.16964285714285715
protein_0251,protein_0184,0.14285714285714285
protein_0251,protein_0185,0.23595505617977527
protein_0251,protein_0186,0.12149532710280374
protein_0251,protein_0187,0.1326530612244898
protein_0251,protein_0188,0.15463917525773196
protein_0251,protein_0189,0.17708333333333334
protein_0251,protein_0191,0.16666666666666666
protein_0251,protein_0192,0.16161616161616163
protein_0251,protein_0193,0.2127659574468085
protein_0251,protein_0194,0.18
protein_0251,protein_0195,0.21649484536082475
protein_0251,protein_0196,0.20618556701030927
protein_0251,protein_0197,0.1717171717171717
protein_0251,protein_0198,0.18556701030927836
protein_0251,protein_0199,0.14285714285714285
protein_0251,protein_0200,0.16
protein_0251,protein_0202,0.1414141414141414
protein_0251,protein_0203,0.1623931623931624
protein_0251,protein_0204,0.13978494623655913
protein_0251,protein_0206,0.18811881188118812
protein_0251,protein_0207,0.1452991452991453
protein_0251,protein_0208,0.1652892561983471
protein_0251,protein_0209,0.11956521739130435
protein_0251,protein_0210,0.0989010989010989
protein_0251,protein_0211,0.16842105263157894
protein_0251,protein_0213,0.14893617021276595
protein_0251,protein_0214,0.1702127659574468
protein_0251,protein_0215,0.1797752808988764
protein_0251,protein_0216,0.16981132075471697
protein_0251,protein_0218,0.144
protein_0251,protein_0219,0.10084033613445378
protein_0251,protein_0220,0.10204081632653061
protein_0251,protein_0221,0.10112359550561797
protein_0251,protein_0222,0.125
protein_0251,protein_0223,0.14285714285714285
protein_0251,protein_0224,0.13333333333333333
protein_0251,protein_0225,0.19101123595505617
protein_0251,protein_0226,0.25555555555555554
protein_0251,protein_0227,0.14606741573033707
protein_0251,protein_0228,0.17142857142857143
protein_0251,protein_0229,0.20224719101123595
protein_0251,protein_0230,0.17
protein_0251,protein_0231,0.0989010989010989
protein_0251,protein_0232,0.18681318681318682
protein_0251,protein_0233,0.11764705882352941
protein_0251,protein_0234,0.11428571428571428
protein_0251,protein_0235,0.17391304347826086
protein_0251,protein_0236,0.16666666666666666
protein_0251,protein_0237,0.16666666666666666
protein_0251,protein_0238,0.125
protein_0251,protein_0239,0.13333333333333333
protein_0251,protein_0240,0.13592233009708737
protein_0251,protein_0242,0.13978494623655913
protein_0251,protein_0243,0.13592233009708737
protein_0251,protein_0244,0.25842696629213485
protein_0251,protein_0245,0.12173913043478261
protein_0251,protein_0246,0.14432989690721648
protein_0251,protein_0247,0.18867924528301888
protein_0251,protein_0248,0.14432989690721648
protein_0251,protein_0249,0.10112359550561797
protein_0251,protein_0250,0.20588235294117646
protein_0251,protein_0252,0.21348314606741572
protein_0251,protein_0253,0.12280701754385964
protein_0251,protein_0254,0.15306122448979592
protein_0251,protein_0255,0.1286549707602339
protein_0251,protein_0256,0.10091743119266056
protein_0251,protein_0257,0.11926605504587157
protein_0251,protein_0258,0.16129032258064516
protein_0251,protein_0260,0.15384615384615385
protein_0251,protein_0261,0.17592592592592593
protein_0251,protein_0262,0.11764705882352941
protein_0251,protein_0265,0.18556701030927836
protein_0251,protein_0266,0.17647058823529413
protein_0251,protein_0267,0.17
protein_0251,protein_0268,0.20224719101123595
protein_0251,protein_0270,0.20430107526881722
protein_0251,protein_0271,0.1827956989247312
protein_0251,protein_0272,0.16666666666666666
protein_0251,protein_0274,0.13131313131313133
protein_0251,protein_0275,0.11538461538461539
protein_0251,protein_0276,0.13541666666666666
protein_0251,protein_0277,0.15384615384615385
protein_0251,protein_0278,0.13861386138613863
protein_0251,protein_0279,0.1827956989247312
protein_0251,protein_0280,0.21978021978021978
protein_0251,protein_0281,0.12295081967213115
protein_0251,protein_0282,0.18681318681318682
protein_0251,protein_0283,0.11467889908256881
protein_0251,protein_0284,0.15315315315315314
protein_0251,protein_0285,0.12903225806451613
protein_0251,protein_0286,0.16853932584269662
protein_0251,protein_0287,0.15454545454545454
protein_0251,protein_0288,0.11458333333333333
protein_0251,protein_0289,0.12087912087912088
protein_0251,protein_0290,0.12037037037037036
protein_0251,protein_0291,0.1834862385321101
protein_0251,protein_0292,0.15730337078651685
protein_0251,protein_0293,0.1414141414141414
protein_0251,protein_0294,0.1834862385321101
protein_0251,protein_0296,0.11965811965811966
protein_0251,protein_0297,0.16853932584269662
protein_0251,protein_0298,0.16129032258064516
protein_0251,protein_0299,0.22826086956521738
protein_0251,protein_0300,0.2087912087912088
protein_0251,protein_0301,0.2087912087912088
protein_0251,protein_0302,0.0958904109589041
protein_0251,protein_0304,0.16483516483516483
protein_0251,protein_0305,0.17346938775510204
protein_0251,protein_0307,0.10084033613445378
protein_0251,protein_0308,0.1440677966101695
protein_0251,protein_0310,0.18269230769230768
protein_0251,protein_0311,0.11458333333333333
protein_0251,protein_0312,0.15463917525773196
protein_0251,protein_0313,0.17708333333333334
protein_0251,protein_0314,0.1
protein_0251,protein_0316,0.12359550561797752
protein_0251,protein_0317,0.14150943396226415
protein_0251,protein_0318,0.13793103448275862
protein_0251,protein_0320,0.1553398058252427
protein_0251,protein_0321,0.12244897959183673
protein_0251,protein_0322,0.18478260869565216
protein_0251,protein_0323,0.19
protein_0251,protein_0324,0.19791666666666666
protein_0251,protein_0325,0.13333333333333333
protein_0251,protein_0326,0.1935483870967742
protein_0251,protein_0327,0.1
protein_0251,protein_0329,0.14912280701754385
protein_0251,protein_0330,0.1875
protein_0251,protein_0331,0.15053763440860216
protein_0251,protein_0332,0.1509433962264151
protein_0251,protein_0333,0.16666666666666666
protein_0251,protein_0334,0.1553398058252427
protein_0251,protein_0335,0.12149532710280374
protein_0251,protein_0336,0.1797752808988764
protein_0251,protein_0337,0.17
protein_0251,protein_0338,0.21875
protein_0251,protein_0340,0.12149532710280374
protein_0251,protein_0341,0.1346153846153846
protein_0251,protein_0342,0.14285714285714285
protein_0251,protein_0343,0.13043478260869565
protein_0251,protein_0344,0.20618556701030927
protein_0251,protein_0346,0.16853932584269662
protein_0251,protein_0347,0.19101123595505617
protein_0251,protein_0348,0.12173913043478261
protein_0251,protein_0349,0.1
protein_0251,protein_0350,0.20618556701030927
protein_0251,protein_0351,0.11458333333333333
protein_0251,protein_0352,0.12903225806451613
protein_0251,protein_0353,0.15702479338842976
protein_0251,protein_0354,0.13131313131313133
protein_0251,protein_0355,0.15625
protein_0251,protein_0356,0.15053763440860216
protein_0251,protein_0357,0.096
protein_0251,protein_0358,0.20618556701030927
protein_0251,protein_0359,0.15966386554621848
protein_0251,protein_0360,0.15
protein_0251,protein_0361,0.1282051282051282
protein_0251,protein_0362,0.14432989690721648
protein_0251,protein_0363,0.14432989690721648
protein_0251,protein_0366,0.17475728155339806
protein_0251,protein_0367,0.125
protein_0251,protein_0368,0.23595505617977527
protein_0251,protein_0369,0.13186813186813187
protein_0251,protein_0370,0.20618556701030927
protein_0251,protein_0371,0.15306122448979592
protein_0251,protein_0372,0.10550458715596331
protein_0251,protein_0373,0.17117117117117117
protein_0251,protein_0374,0.125
protein_0251,protein_0375,0.20408163265306123
protein_0251,protein_0376,0.1553398058252427
protein_0251,protein_0377,0.0891089108910891
protein_0251,protein_0378,0.102803738317757
protein_0251,protein_0379,0.17525773195876287
protein_0251,protein_0380,0.17525773195876287
protein_0251,protein_0381,0.17525773195876287
protein_0251,protein_0382,0.1588785046728972
protein_0251,protein_0384,0.1919191919191919
protein_0251,protein_0385,0.16964285714285715
protein_0251,protein_0386,0.16037735849056603
protein_0251,protein_0387,0.16981132075471697
protein_0251,protein_0388,0.14606741573033707
protein_0251,protein_0389,0.2111111111111111
protein_0251,protein_0391,0.1956521739130435
protein_0251,protein_0392,0.16494845360824742
protein_0251,protein_0394,0.20512820512820512
protein_0251,protein_0395,0.12244897959183673
protein_0251,protein_0396,0.16666666666666666
protein_0251,protein_0397,0.18947368421052632
protein_0251,protein_0398,0.14782608695652175
protein_0251,protein_0399,0.16326530612244897
protein_0259,protein_0000,0.16091954022988506
protein_0259,protein_0002,0.18072289156626506
protein_0259,protein_0003,0.19101123595505617
protein_0259,protein_0004,0.12643678160919541
protein_0259,protein_0005,0.1839080459770115
protein_0259,protein_0006,0.17045454545454544
protein_0259,protein_0007,0.6042284644052616
protein_0259,protein_0008,0.15151515151515152
protein_0259,protein_0009,0.21348314606741572
protein_0259,protein_0010,0.22727272727272727
protein_0259,protein_0011,0.1702127659574468
protein_0259,protein_0012,0.1511627906976744
protein_0259,protein_0014,0.13594568161713397
protein_0259,protein_0015,0.17307692307692307
protein_0259,protein_0016,0.19
protein_0259,protein_0017,0.15625
protein_0259,protein_0018,0.1724137931034483
protein_0259,protein_0019,0.2634874671403017
protein_0259,protein_0020,0.13793103448275862
protein_0259,protein_0021,0.1744186046511628
protein_0259,protein_0022,0.15346790890269152
protein_0259,protein_0023,0.15692640692640691
protein_0259,protein_0024,0.15384615384615385
protein_0259,protein_0025,0.15730337078651685
protein_0259,protein_0026,0.12403100775193798
protein_0259,protein_0027,0.15625
protein_0259,protein_0028,0.16
protein_0259,protein_0029,0.5086258286653991
protein_0259,protein_0030,0.16806722689075632
protein_0259,protein_0031,0.14563106796116504
protein_0259,protein_0032,0.17045454545454544
protein_0259,protein_0033,0.17582417582417584
protein_0259,protein_0035,0.17346938775510204
protein_0259,protein_0036,0.34485370950888194
protein_0259,protein_0037,0.14418526031102097
protein_0259,protein_0038,0.14418526031102097
protein_0259,protein_0039,0.21348314606741572
protein_0259,protein_0040,0.17142857142857143
protein_0259,protein_0041,0.16091954022988506
protein_0259,protein_0042,0.18604651162790697
protein_0259,protein_0044,0.18888888888888888
protein_0259,protein_0045,0.2
protein_0259,protein_0046,0.590339791767954
protein_0259,protein_0047,0.16483516483516483
protein_0259,protein_0048,0.15053763440860216
protein_0259,protein_0050,0.18811881188118812
protein_0259,protein_0051,0.3182615939902431
protein_0259,protein_0054,0.14285714285714285
protein_0259,protein_0055,0.15384615384615385
protein_0259,protein_0056,0.1471143473570658
protein_0259,protein_0057,0.5879630968660161
protein_0259,protein_0058,0.19718309859154928
protein_0259,protein_0059,0.15730337078651685
protein_0259,protein_0060,0.1578706248854682
protein_0259,protein_0061,0.15730337078651685
protein_0259,protein_0062,0.11956521739130435
protein_0259,protein_0063,0.0892018779342723
protein_0259,protein_0064,0.1839080459770115
protein_0259,protein_0065,0.15384615384615385
protein_0259,protein_0066,0.16
protein_0259,protein_0067,0.19767441860465115
protein_0259,protein_0068,0.1839080459770115
protein_0259,protein_0069,0.14444444444444443
protein_0259,protein_0070,0.18681318681318682
protein_0259,protein_0071,0.16853932584269662
protein_0259,protein_0072,0.31645768025078375
protein_0259,protein_0073,0.1590909090909091
protein_0259,protein_0074,0.19540229885057472
protein_0259,protein_0075,0.15812500000000002
protein_0259,protein_0076,0.19480519480519481
protein_0259,protein_0077,0.16091954022988506
protein_0259,protein_0078,0.17142857142857143
protein_0259,protein_0079,0.17142857142857143
protein_0259,protein_0081,0.17045454545454544
protein_0259,protein_0082,0.16
protein_0259,protein_0083,0.16091954022988506
protein_0259,protein_0084,0.18593644354293443
protein_0259,protein_0085,0.16
protein_0259,protein_0086,0.17
protein_0259,protein_0087,0.3443329564725834
protein_0259,protein_0089,0.14437318674606808
protein_0259,protein_0090,0.14437318674606808
protein_0259,protein_0092,0.1504424778761062
protein_0259,protein_0093,0.18072289156626506
protein_0259,protein_0094,0.14912280701754385
protein_0259,protein_0095,0.1511379800853485
protein_0259,protein_0096,0.1553398058252427
protein_0259,protein_0097,0.14705882352941177
protein_0259,protein_0098,0.16091954022988506
protein_0259,protein_0099,0.14945842068483578
protein_0259,protein_0100,0.27711762412047336
protein_0259,protein_0101,0.16091954022988506
protein_0259,protein_0102,0.15730337078651685
protein_0259,protein_0103,0.14772727272727273
protein_0259,protein_0104,0.1452991452991453
protein_0259,protein_0106,0.13475499092558985
protein_0259,protein_0107,0.16853932584269662
protein_0259,protein_0108,0.1839080459770115
protein_0259,protein_0109,0.2489975710716903
protein_0259,protein_0110,0.15730337078651685
protein_0259,protein_0111,0.15730337078651685
protein_0259,protein_0112,0.17
protein_0259,protein_0113,0.1978021978021978
protein_0259,protein_0114,0.19318181818181818
protein_0259,protein_0115,0.14457831325301204
protein_0259,protein_0116,0.1290513833992095
protein_0259,protein_0117,0.1290513833992095
protein_0259,protein_0118,0.271775290265939
protein_0259,protein_0119,0.18
protein_0259,protein_0120,0.16666666666666666
protein_0259,protein_0121,0.16666666666666666
protein_0259,protein_0122,0.13928329952670723
protein_0259,protein_0123,0.3379937304075235
protein_0259,protein_0124,0.17777777777777778
protein_0259,protein_0125,0.19387755102040816
protein_0259,protein_0126,0.19
protein_0259,protein_0127,0.21348314606741572
protein_0259,protein_0128,0.16853932584269662
protein_0259,protein_0129,0.15730337078651685
protein_0259,protein_0130,0.14598511555033294
protein_0259,protein_0131,0.18461538461538463
protein_0259,protein_0132,0.12844036697247707
protein_0259,protein_0133,0.12844036697247707
protein_0259,protein_0135,0.16483516483516483
protein_0259,protein_0136,0.16666666666666666
protein_0259,protein_0137,0.176
protein_0259,protein_0138,0.176
protein_0259,protein_0139,0.25007056820362367
protein_0259,protein_0140,0.16853932584269662
protein_0259,protein_0141,0.14588859416445624
protein_0259,protein_0142,0.13953488372093023
protein_0259,protein_0143,0.1839080459770115
protein_0259,protein_0144,0.17204301075268819
protein_0259,protein_0145,0.366258624484808
protein_0259,protein_0146,0.15789473684210525
protein_0259,protein_0147,0.14942528735632185
protein_0259,protein_0148,0.16091954022988506
protein_0259,protein_0149,0.3764639933820968
protein_0259,protein_0150,0.1590909090909091
protein_0259,protein_0151,0.1797752808988764
protein_0259,protein_0152,0.3060041742093102
protein_0259,protein_0153,0.14866568031124994
protein_0259,protein_0154,0.16286454773296877
protein_0259,protein_0155,0.11965811965811966
protein_0259,protein_0156,0.1588785046728972
protein_0259,protein_0157,0.17647058823529413
protein_0259,protein_0158,0.38955526224128767
protein_0259,protein_0159,0.2111111111111111
protein_0259,protein_0160,0.1744186046511628
protein_0259,protein_0162,0.1728395061728395
protein_0259,protein_0163,0.16346153846153846
protein_0259,protein_0164,0.18181818181818182
protein_0259,protein_0165,0.3041088222122704
protein_0259,protein_0167,0.14269227905591542
protein_0259,protein_0168,0.1381877745514109
protein_0259,protein_0169,0.15126050420168066
protein_0259,protein_0170,0.14285714285714285
protein_0259,protein_0171,0.1797752808988764
protein_0259,protein_0172,0.15254237288135594
protein_0259,protein_0173,0.1590909090909091
protein_0259,protein_0174,0.18888888888888888
protein_0259,protein_0175,0.1724137931034483
protein_0259,protein_0176,0.2774664750957854
protein_0259,protein_0177,0.31691048415186346
protein_0259,protein_0178,0.15789473684210525
protein_0259,protein_0179,0.17543859649122806
protein_0259,protein_0180,0.1797752808988764
protein_0259,protein_0181,0.1839080459770115
protein_0259,protein_0182,0.13793103448275862
protein_0259,protein_0183,0.16161616161616163
protein_0259,protein_0184,0.13793103448275862
protein_0259,protein_0185,0.18181818181818182
protein_0259,protein_0186,0.1568627450980392
protein_0259,protein_0187,0.16853932584269662
protein_0259,protein_0188,0.2752070219263754
protein_0259,protein_0189,0.18085106382978725
protein_0259,protein_0191,0.17582417582417584
protein_0259,protein_0192,0.1686746987951807
protein_0259,protein_0193,0.16853932584269662
protein_0259,protein_0194,0.16666666666666666
protein_0259,protein_0195,0.13793103448275862
protein_0259,protein_0196,0.17045454545454544
protein_0259,protein_0197,0.13793103448275862
protein_0259,protein_0198,0.14772727272727273
protein_0259,protein_0199,0.17777777777777778
protein_0259,protein_0200,0.19540229885057472
protein_0259,protein_0202,0.1839080459770115
protein_0259,protein_0203,0.13445378151260504
protein_0259,protein_0204,0.3939749814037511
protein_0259,protein_0206,0.16091954022988506
protein_0259,protein_0207,0.15126050420168066
protein_0259,protein_0208,0.1556438127090301
protein_0259,protein_0209,0.1839080459770115
protein_0259,protein_0210,0.1839080459770115
protein_0259,protein_0211,0.15101742252959172
protein_0259,protein_0213,0.1724137931034483
protein_0259,protein_0214,0.2
protein_0259,protein_0215,0.14084507042253522
protein_0259,protein_0216,0.16842105263157894
protein_0259,protein_0218,0.128
protein_0259,protein_0219,0.16806722689075632
protein_0259,protein_0220,0.20652173913043478
protein_0259,protein_0221,0.22857142857142856
protein_0259,protein_0222,0.14942528735632185
protein_0259,protein_0223,0.19444444444444445
protein_0259,protein_0224,0.2101501684271071
protein_0259,protein_0225,0.15853658536585366
protein_0259,protein_0226,0.16666666666666666
protein_0259,protein_0227,0.18840579710144928
protein_0259,protein_0228,0.14820075757575757
protein_0259,protein_0229,0.17073170731707318
protein_0259,protein_0230,0.15384615384615385
protein_0259,protein_0231,0.16853932584269662
protein_0259,protein_0232,0.3392853218455386
protein_0259,protein_0233,0.14173228346456693
protein_0259,protein_0234,0.17142857142857143
protein_0259,protein_0235,0.14256531936944308
protein_0259,protein_0236,0.14761720263463773
protein_0259,protein_0237,0.14761720263463773
protein_0259,protein_0238,0.1450381679389313
protein_0259,protein_0239,0.1724137931034483
protein_0259,protein_0240,0.13636363636363635
protein_0259,protein_0242,0.34156739811912223
protein_0259,protein_0243,0.15217391304347827
protein_0259,protein_0244,0.16127606928243196
protein_0259,protein_0245,0.1458678828081813
protein_0259,protein_0246,0.18478260869565216
protein_0259,protein_0247,0.15456708113325385
protein_0259,protein_0248,0.1797752808988764
protein_0259,protein_0249,0.15555555555555556
protein_0259,protein_0250,0.12851914414414414
protein_0259,protein_0252,0.17857142857142858
protein_0259,protein_0253,0.1415929203539823
protein_0259,protein_0254,0.1425194448680799
protein_0259,protein_0255,0.1111111111111111
protein_0259,protein_0256,0.17307692307692307
protein_0259,protein_0257,0.17307692307692307
protein_0259,protein_0258,0.1511627906976744
protein_0259,protein_0260,1.0
protein_0259,protein_0261,0.19607843137254902
protein_0259,protein_0262,0.1276595744680851
protein_0259,protein_0265,0.1839080459770115
protein_0259,protein_0266,0.1442355269668481
protein_0259,protein_0267,0.21348314606741572
protein_0259,protein_0268,0.17073170731707318
protein_0259,protein_0270,0.2465753424657534
protein_0259,protein_0271,0.35682780619259746
protein_0259,protein_0272,0.136509324009324
protein_0259,protein_0274,0.19101123595505617
protein_0259,protein_0275,0.17
protein_0259,protein_0276,0.16483516483516483
protein_0259,protein_0277,0.23102269406514
protein_0259,protein_0278,0.2111111111111111
protein_0259,protein_0279,0.13793103448275862
protein_0259,protein_0280,0.14814814814814814
protein_0259,protein_0281,0.16806722689075632
protein_0259,protein_0282,0.19718309859154928
protein_0259,protein_0283,0.0871559633027523
protein_0259,protein_0284,0.1510450333979746
protein_0259,protein_0285,0.1724137931034483
protein_0259,protein_0286,0.30299763417163594
protein_0259,protein_0287,0.15315315315315314
protein_0259,protein_0288,0.16483516483516483
protein_0259,protein_0289,0.1808823529411765
protein_0259,protein_0290,0.1568627450980392
protein_0259,protein_0291,0.15114638447971782
protein_0259,protein_0292,0.25442213957956084
protein_0259,protein_0293,0.19101123595505617
protein_0259,protein_0294,0.15114638447971782
protein_0259,protein_0296,0.1415929203539823
protein_0259,protein_0297,0.6654475792406827
protein_0259,protein_0298,0.35439095387371244
protein_0259,protein_0299,0.13762254901960785
protein_0259,protein_0300,0.15175489067894132
protein_0259,protein_0301,0.1494107744107744
protein_0259,protein_0302,0.0967741935483871
protein_0259,protein_0304,0.1869022869022869
protein_0259,protein_0305,0.15899966543994648
protein_0259,protein_0307,0.1694915254237288
protein_0259,protein_0308,0.1391304347826087
protein_0259,protein_0310,0.16
protein_0259,protein_0311,0.13043478260869565
protein_0259,protein_0312,0.15384615384615385
protein_0259,protein_0313,0.12154150197628459
protein_0259,protein_0314,0.1836734693877551
protein_0259,protein_0316,0.3418181818181818
protein_0259,protein_0317,0.17647058823529413
protein_0259,protein_0318,0.13793103448275862
protein_0259,protein_0320,0.15730337078651685
protein_0259,protein_0321,0.17045454545454544
protein_0259,protein_0322,0.17647058823529413
protein_0259,protein_0323,0.22727272727272727
protein_0259,protein_0324,0.22972972972972974
protein_0259,protein_0325,0.14357153763933422
protein_0259,protein_0326,0.175
protein_0259,protein_0327,0.1839080459770115
protein_0259,protein_0329,0.12727272727272726
protein_0259,protein_0330,0.18681318681318682
protein_0259,protein_0331,0.5134600313479624
protein_0259,protein_0332,0.15973630831643004
protein_0259,protein_0333,0.14783814316524596
protein_0259,protein_0334,0.14772727272727273
protein_0259,protein_0335,0.17647058823529413
protein_0259,protein_0336,0.3684862653419053
protein_0259,protein_0337,0.14973470661672908
protein_0259,protein_0338,0.1839080459770115
protein_0259,protein_0340,0.1782178217821782
protein_0259,protein_0341,0.16822429906542055
protein_0259,protein_0342,0.19718309859154928
protein_0259,protein_0343,0.17297979797979798
protein_0259,protein_0344,0.1724137931034483
protein_0259,protein_0346,0.15021929824561403
protein_0259,protein_0347,0.31949085397361254
protein_0259,protein_0348,0.14655172413793102
protein_0259,protein_0349,0.16831683168316833
protein_0259,protein_0350,0.14444444444444443
protein_0259,protein_0351,0.14606741573033707
protein_0259,protein_0352,0.31742424242424244
protein_0259,protein_0353,0.15059288537549406
protein_0259,protein_0354,0.16666666666666666
protein_0259,protein_0355,0.1576842506189297
protein_0259,protein_0356,0.3519749216300941
protein_0259,protein_0357,0.13333333333333333
protein_0259,protein_0358,0.15555555555555556
protein_0259,protein_0359,0.15
protein_0259,protein_0360,0.20430107526881722
protein_0259,protein_0361,0.1282051282051282
protein_0259,protein_0362,0.20652173913043478
protein_0259,protein_0363,0.20652173913043478
protein_0259,protein_0366,0.16470588235294117
protein_0259,protein_0367,0.15841584158415842
protein_0259,protein_0368,0.15853658536585366
protein_0259,protein_0369,0.16
protein_0259,protein_0370,0.1724137931034483
protein_0259,protein_0371,0.15384615384615385
protein_0259,protein_0372,0.09174311926605505
protein_0259,protein_0373,0.16
protein_0259,protein_0374,0.1440677966101695
protein_0259,protein_0375,0.18478260869565216
protein_0259,protein_0376,0.18181818181818182
protein_0259,protein_0377,0.19540229885057472
protein_0259,protein_0378,0.1388888888888889
protein_0259,protein_0379,0.14931695858419997
protein_0259,protein_0380,0.14931695858419997
protein_0259,protein_0381,0.14931695858419997
protein_0259,protein_0382,0.15923110817360653
protein_0259,protein_0384,0.17582417582417584
protein_0259,protein_0385,0.14705882352941177
protein_0259,protein_0386,0.16831683168316833
protein_0259,protein_0387,0.19387755102040816
protein_0259,protein_0388,0.3525391849529781
protein_0259,protein_0389,0.18309859154929578
protein_0259,protein_0391,0.16483516483516483
protein_0259,protein_0392,0.1590909090909091
protein_0259,protein_0394,0.1794871794871795
protein_0259,protein_0395,0.15730337078651685
protein_0259,protein_0396,0.15517241379310345
protein_0259,protein_0397,0.1511627906976744
protein_0259,protein_0398,0.1400862068965517
protein_0259,protein_0399,0.19540229885057472
protein_0263,protein_0000,0.13138686131386862
protein_0263,protein_0002,0.15328467153284672
protein_0263,protein_0003,0.1678832116788321
protein_0263,protein_0004,0.13138686131386862
protein_0263,protein_0005,0.125
protein_0263,protein_0006,0.13970588235294118
protein_0263,protein_0007,0.145985401459854
protein_0263,protein_0008,0.1897810218978102
protein_0263,protein_0009,0.16176470588235295
protein_0263,protein_0010,0.13768115942028986
protein_0263,protein_0011,0.11764705882352941
protein_0263,protein_0012,0.15827338129496402
protein_0263,protein_0014,0.1897810218978102
protein_0263,protein_0015,0.14743589743589744
protein_0263,protein_0016,0.18115942028985507
protein_0263,protein_0017,0.36764705882352944
protein_0263,protein_0018,0.11764705882352941
protein_0263,protein_0019,0.14705882352941177
protein_0263,protein_0020,0.07194244604316546
protein_0263,protein_0021,0.1386861313868613
protein_0263,protein_0022,0.145985401459854
protein_0263,protein_0023,0.16176470588235295
protein_0263,protein_0024,0.0958904109589041
protein_0263,protein_0025,0.16058394160583941
protein_0263,protein_0026,0.49264705882352944
protein_0263,protein_0027,0.13768115942028986
protein_0263,protein_0028,0.16911764705882354
protein_0263,protein_0029,0.14705882352941177
protein_0263,protein_0030,0.1875
protein_0263,protein_0031,0.17266187050359713
protein_0263,protein_0032,0.11678832116788321
protein_0263,protein_0033,0.15492957746478872
protein_0263,protein_0035,0.12903225806451613
protein_0263,protein_0036,0.125
protein_0263,protein_0037,0.1513157894736842
protein_0263,protein_0038,0.1513157894736842
protein_0263,protein_0039,0.14788732394366197
protein_0263,protein_0040,0.09285714285714286
protein_0263,protein_0041,0.1267605633802817
protein_0263,protein_0042,0.11029411764705882
protein_0263,protein_0044,0.13138686131386862
protein_0263,protein_0045,0.11764705882352941
protein_0263,protein_0046,0.125
protein_0263,protein_0047,0.1103448275862069
protein_0263,protein_0048,0.12413793103448276
protein_0263,protein_0050,0.16666666666666666
protein_0263,protein_0051,0.1366906474820144
protein_0263,protein_0054,0.15172413793103448
protein_0263,protein_0055,0.1875
protein_0263,protein_0056,0.19858156028368795
protein_0263,protein_0057,0.145985401459854
protein_0263,protein_0058,0.1258741258741259
protein_0263,protein_0059,0.13768115942028986
protein_0263,protein_0060,0.18840579710144928
protein_0263,protein_0061,0.14285714285714285
protein_0263,protein_0062,0.16058394160583941
protein_0263,protein_0063,0.1267605633802817
protein_0263,protein_0064,0.13970588235294118
protein_0263,protein_0065,0.18382352941176472
protein_0263,protein_0066,0.1357142857142857
protein_0263,protein_0067,0.1386861313868613
protein_0263,protein_0068,0.10218978102189781
protein_0263,protein_0069,0.12413793103448276
protein_0263,protein_0070,0.125
protein_0263,protein_0071,0.14492753623188406
protein_0263,protein_0072,0.125
protein_0263,protein_0073,0.125
protein_0263,protein_0074,0.125
protein_0263,protein_0075,0.13986013986013987
protein_0263,protein_0076,0.14492753623188406
protein_0263,protein_0077,0.09352517985611511
protein_0263,protein_0078,0.18181818181818182
protein_0263,protein_0079,0.18181818181818182
protein_0263,protein_0081,0.13970588235294118
protein_0263,protein_0082,0.16666666666666666
protein_0263,protein_0083,0.13970588235294118
protein_0263,protein_0084,0.14705882352941177
protein_0263,protein_0085,0.18309859154929578
protein_0263,protein_0086,0.1564625850340136
protein_0263,protein_0087,0.09558823529411764
protein_0263,protein_0089,0.15942028985507245
protein_0263,protein_0090,0.17391304347826086
protein_0263,protein_0092,0.18248175182481752
protein_0263,protein_0093,0.12056737588652482
protein_0263,protein_0094,0.14285714285714285
protein_0263,protein_0095,0.15942028985507245
protein_0263,protein_0096,0.15827338129496402
protein_0263,protein_0097,0.10294117647058823
protein_0263,protein_0098,0.11029411764705882
protein_0263,protein_0099,0.19858156028368795
protein_0263,protein_0100,0.12408759124087591
protein_0263,protein_0101,0.125
protein_0263,protein_0102,0.15827338129496402
protein_0263,protein_0103,0.1678832116788321
protein_0263,protein_0104,0.152317880794702
protein_0263,protein_0106,0.15862068965517243
protein_0263,protein_0107,0.16666666666666666
protein_0263,protein_0108,0.17985611510791366
protein_0263,protein_0109,0.14184397163120568
protein_0263,protein_0110,0.13194444444444445
protein_0263,protein_0111,0.1323529411764706
protein_0263,protein_0112,0.14685314685314685
protein_0263,protein_0113,0.11764705882352941
protein_0263,protein_0114,0.14084507042253522
protein_0263,protein_0115,0.14705882352941177
protein_0263,protein_0116,0.19014084507042253
protein_0263,protein_0117,0.19014084507042253
protein_0263,protein_0118,0.1323529411764706
protein_0263,protein_0119,0.16901408450704225
protein_0263,protein_0120,0.1223021582733813
protein_0263,protein_0121,0.1223021582733813
protein_0263,protein_0122,0.1232876712328767
protein_0263,protein_0123,0.12408759124087591
protein_0263,protein_0124,0.1678832116788321
protein_0263,protein_0125,0.18248175182481752
protein_0263,protein_0126,0.1956521739130435
protein_0263,protein_0127,0.1310344827586207
protein_0263,protein_0128,0.13986013986013987
protein_0263,protein_0129,0.11764705882352941
protein_0263,protein_0130,0.15827338129496402
protein_0263,protein_0131,0.12408759124087591
protein_0263,protein_0132,0.1554054054054054
protein_0263,protein_0133,0.1554054054054054
protein_0263,protein_0135,0.16901408450704225
protein_0263,protein_0136,0.1736111111111111
protein_0263,protein_0137,0.15862068965517243
protein_0263,protein_0138,0.15862068965517243
protein_0263,protein_0139,0.1323529411764706
protein_0263,protein_0140,0.10294117647058823
protein_0263,protein_0141,0.11486486486486487
protein_0263,protein_0142,0.1310344827586207
protein_0263,protein_0143,0.13043478260869565
protein_0263,protein_0144,0.11029411764705882
protein_0263,protein_0145,0.15217391304347827
protein_0263,protein_0146,0.125
protein_0263,protein_0147,0.13043478260869565
protein_0263,protein_0148,0.145985401459854
protein_0263,protein_0149,0.13043478260869565
protein_0263,protein_0150,0.15441176470588236
protein_0263,protein_0151,0.11029411764705882
protein_0263,protein_0152,0.1366906474820144
protein_0263,protein_0153,0.1323529411764706
protein_0263,protein_0154,0.1323529411764706
protein_0263,protein_0155,0.15714285714285714
protein_0263,protein_0156,0.14965986394557823
protein_0263,protein_0157,0.10638297872340426
protein_0263,protein_0158,0.13768115942028986
protein_0263,protein_0159,0.1323529411764706
protein_0263,protein_0160,0.1323529411764706
protein_0263,protein_0162,0.13970588235294118
protein_0263,protein_0163,0.15862068965517243
protein_0263,protein_0164,0.145985401459854
protein_0263,protein_0165,0.11029411764705882
protein_0263,protein_0167,0.1386861313868613
protein_0263,protein_0168,0.1386861313868613
protein_0263,protein_0169,0.1464968152866242
protein_0263,protein_0170,0.14705882352941177
protein_0263,protein_0171,0.12318840579710146
protein_0263,protein_0172,0.15492957746478872
protein_0263,protein_0173,0.15441176470588236
protein_0263,protein_0174,0.15328467153284672
protein_0263,protein_0175,0.08823529411764706
protein_0263,protein_0176,0.11764705882352941
protein_0263,protein_0177,0.11678832116788321
protein_0263,protein_0178,0.12056737588652482
protein_0263,protein_0179,0.1276595744680851
protein_0263,protein_0180,0.10294117647058823
protein_0263,protein_0181,0.1386861313868613
protein_0263,protein_0182,0.1
protein_0263,protein_0183,0.10897435897435898
protein_0263,protein_0184,0.17518248175182483
protein_0263,protein_0185,0.10294117647058823
protein_0263,protein_0186,0.1323529411764706
protein_0263,protein_0187,0.09558823529411764
protein_0263,protein_0188,0.1323529411764706
protein_0263,protein_0189,0.14705882352941177
protein_0263,protein_0191,0.12318840579710146
protein_0263,protein_0192,0.125
protein_0263,protein_0193,0.16312056737588654
protein_0263,protein_0194,0.16176470588235295
protein_0263,protein_0195,0.15441176470588236
protein_0263,protein_0196,0.125
protein_0263,protein_0197,0.16058394160583941
protein_0263,protein_0198,0.15714285714285714
protein_0263,protein_0199,0.13138686131386862
protein_0263,protein_0200,0.125
protein_0263,protein_0202,0.12142857142857143
protein_0263,protein_0203,0.15384615384615385
protein_0263,protein_0204,0.13043478260869565
protein_0263,protein_0206,0.16546762589928057
protein_0263,protein_0207,0.13194444444444445
protein_0263,protein_0208,0.2013888888888889
protein_0263,protein_0209,0.12949640287769784
protein_0263,protein_0210,0.12056737588652482
protein_0263,protein_0211,0.14492753623188406
protein_0263,protein_0213,0.14492753623188406
protein_0263,protein_0214,0.08823529411764706
protein_0263,protein_0215,0.12408759124087591
protein_0263,protein_0216,0.10714285714285714
protein_0263,protein_0218,0.3382352941176471
protein_0263,protein_0219,0.14482758620689656
protein_0263,protein_0220,0.10294117647058823
protein_0263,protein_0221,0.10714285714285714
protein_0263,protein_0222,0.16911764705882354
protein_0263,protein_0223,0.10948905109489052
protein_0263,protein_0224,0.11029411764705882
protein_0263,protein_0225,0.12408759124087591
protein_0263,protein_0226,0.1773049645390071
protein_0263,protein_0227,0.14705882352941177
protein_0263,protein_0228,0.12857142857142856
protein_0263,protein_0229,0.11678832116788321
protein_0263,protein_0230,0.14788732394366197
protein_0263,protein_0231,0.1323529411764706
protein_0263,protein_0232,0.12408759124087591
protein_0263,protein_0233,0.41007194244604317
protein_0263,protein_0234,0.16666666666666666
protein_0263,protein_0235,0.1323529411764706
protein_0263,protein_0236,0.1761006289308176
protein_0263,protein_0237,0.1761006289308176
protein_0263,protein_0238,0.15789473684210525
protein_0263,protein_0239,0.15328467153284672
protein_0263,protein_0240,0.15328467153284672
protein_0263,protein_0242,0.125
protein_0263,protein_0243,0.1323529411764706
protein_0263,protein_0244,0.1357142857142857
protein_0263,protein_0245,0.18666666666666668
protein_0263,protein_0246,0.16058394160583941
protein_0263,protein_0247,0.18705035971223022
protein_0263,protein_0248,0.11510791366906475
protein_0263,protein_0249,0.17518248175182483
protein_0263,protein_0250,0.15714285714285714
protein_0263,protein_0252,0.15441176470588236
protein_0263,protein_0253,0.17567567567567569
protein_0263,protein_0254,0.11267605633802817
protein_0263,protein_0255,0.14534883720930233
protein_0263,protein_0256,0.1736111111111111
protein_0263,protein_0257,0.1736111111111111
protein_0263,protein_0258,0.16176470588235295
protein_0263,protein_0260,0.125
protein_0263,protein_0261,0.1897810218978102
protein_0263,protein_0262,0.39705882352941174
protein_0263,protein_0265,0.14583333333333334
protein_0263,protein_0266,0.15328467153284672
protein_0263,protein_0267,0.15942028985507245
protein_0263,protein_0268,0.12408759124087591
protein_0263,protein_0270,0.16058394160583941
protein_0263,protein_0271,0.125
protein_0263,protein_0272,0.15492957746478872
protein_0263,protein_0274,0.14189189189189189
protein_0263,protein_0275,0.18705035971223022
protein_0263,protein_0276,0.12857142857142856
protein_0263,protein_0277,0.11029411764705882
protein_0263,protein_0278,0.15328467153284672
protein_0263,protein_0279,0.11678832116788321
protein_0263,protein_0280,0.17647058823529413
protein_0263,protein_0281,0.176056338028169
protein_0263,protein_0282,0.11029411764705882
protein_0263,protein_0283,0.1493212669683258
protein_0263,protein_0284,0.1554054054054054
protein_0263,protein_0285,0.15441176470588236
protein_0263,protein_0286,0.11678832116788321
protein_0263,protein_0287,0.1610738255033557
protein_0263,protein_0288,0.13970588235294118
protein_0263,protein_0289,0.11888111888111888
protein_0263,protein_0290,0.13986013986013987
protein_0263,protein_0291,0.14705882352941177
protein_0263,protein_0292,0.125
protein_0263,protein_0293,0.14285714285714285
protein_0263,protein_0294,0.14705882352941177
protein_0263,protein_0296,0.15333333333333332
protein_0263,protein_0297,0.11764705882352941
protein_0263,protein_0298,0.11029411764705882
protein_0263,protein_0299,0.125
protein_0263,protein_0300,0.15
protein_0263,protein_0301,0.15
protein_0263,protein_0302,0.15315315315315314
protein_0263,protein_0304,0.11888111888111888
protein_0263,protein_0305,0.13986013986013987
protein_0263,protein_0307,0.1724137931034483
protein_0263,protein_0308,0.13793103448275862
protein_0263,protein_0310,0.15441176470588236
protein_0263,protein_0311,0.14084507042253522
protein_0263,protein_0312,0.10071942446043165
protein_0263,protein_0313,0.16556291390728478
protein_0263,protein_0314,0.16176470588235295
protein_0263,protein_0316,0.11764705882352941
protein_0263,protein_0317,0.17218543046357615
protein_0263,protein_0318,0.18055555555555555
protein_0263,protein_0320,0.1310344827586207
protein_0263,protein_0321,0.12751677852348994
protein_0263,protein_0322,0.15441176470588236
protein_0263,protein_0323,0.17391304347826086
protein_0263,protein_0324,0.11888111888111888
protein_0263,protein_0325,0.13768115942028986
protein_0263,protein_0326,0.11594202898550725
protein_0263,protein_0327,0.14383561643835616
protein_0263,protein_0329,0.14788732394366197
protein_0263,protein_0330,0.16176470588235295
protein_0263,protein_0331,0.14705882352941177
protein_0263,protein_0332,0.20833333333333334
protein_0263,protein_0333,0.12666666666666668
protein_0263,protein_0334,0.10218978102189781
protein_0263,protein_0335,0.14473684210526316
protein_0263,protein_0336,0.11764705882352941
protein_0263,protein_0337,0.16279069767441862
protein_0263,protein_0338,0.11724137931034483
protein_0263,protein_0340,0.12949640287769784
protein_0263,protein_0341,0.12857142857142856
protein_0263,protein_0342,0.13970588235294118
protein_0263,protein_0343,0.11888111888111888
protein_0263,protein_0344,0.125
protein_0263,protein_0346,0.18115942028985507
protein_0263,protein_0347,0.11643835616438356
protein_0263,protein_0348,0.15492957746478872
protein_0263,protein_0349,0.17647058823529413
protein_0263,protein_0350,0.1323529411764706
protein_0263,protein_0351,0.16176470588235295
protein_0263,protein_0352,0.12408759124087591
protein_0263,protein_0353,0.17482517482517482
protein_0263,protein_0354,0.14492753623188406
protein_0263,protein_0355,0.19047619047619047
protein_0263,protein_0356,0.13970588235294118
protein_0263,protein_0357,0.1610738255033557
protein_0263,protein_0358,0.1323529411764706
protein_0263,protein_0359,0.13793103448275862
protein_0263,protein_0360,0.16783216783216784
protein_0263,protein_0361,0.08904109589041095
protein_0263,protein_0362,0.18439716312056736
protein_0263,protein_0363,0.18439716312056736
protein_0263,protein_0366,0.1223021582733813
protein_0263,protein_0367,0.19424460431654678
protein_0263,protein_0368,0.11764705882352941
protein_0263,protein_0369,0.14492753623188406
protein_0263,protein_0370,0.125
protein_0263,protein_0371,0.12318840579710146
protein_0263,protein_0372,0.12844036697247707
protein_0263,protein_0373,0.14285714285714285
protein_0263,protein_0374,0.16216216216216217
protein_0263,protein_0375,0.13970588235294118
protein_0263,protein_0376,0.15827338129496402
protein_0263,protein_0377,0.14705882352941177
protein_0263,protein_0378,0.18840579710144928
protein_0263,protein_0379,0.14705882352941177
protein_0263,protein_0380,0.14705882352941177
protein_0263,protein_0381,0.14705882352941177
protein_0263,protein_0382,0.145985401459854
protein_0263,protein_0384,0.11764705882352941
protein_0263,protein_0385,0.15384615384615385
protein_0263,protein_0386,0.15714285714285714
protein_0263,protein_0387,0.13970588235294118
protein_0263,protein_0388,0.125
protein_0263,protein_0389,0.15328467153284672
protein_0263,protein_0391,0.17518248175182483
protein_0263,protein_0392,0.16058394160583941
protein_0263,protein_0394,0.1554054054054054
protein_0263,protein_0395,0.1388888888888889
protein_0263,protein_0396,0.16216216216216217
protein_0263,protein_0397,0.11029411764705882
protein_0263,protein_0398,0.1357142857142857
protein_0263,protein_0399,0.12949640287769784
protein_0264,protein_0000,0.3563218390804598
protein_0264,protein_0002,0.1935483870967742
protein_0264,protein_0003,0.39080459770114945
protein_0264,protein_0004,0.4827586206896552
protein_0264,protein_0005,0.12222222222222222
protein_0264,protein_0006,0.32954545454545453
protein_0264,protein_0007,0.1875
protein_0264,protein_0008,0.21568627450980393
protein_0264,protein_0009,0.27586206896551724
protein_0264,protein_0010,0.27586206896551724
protein_0264,protein_0011,0.3333333333333333
protein_0264,protein_0012,0.3516483516483517
protein_0264,protein_0014,0.19101123595505617
protein_0264,protein_0015,0.1891891891891892
protein_0264,protein_0016,0.19047619047619047
protein_0264,protein_0017,0.15384615384615385
protein_0264,protein_0018,0.4090909090909091
protein_0264,protein_0019,0.19540229885057472
protein_0264,protein_0020,0.367816091954023
protein_0264,protein_0021,0.18478260869565216
protein_0264,protein_0022,0.21
protein_0264,protein_0023,0.15151515151515152
protein_0264,protein_0024,0.14173228346456693
protein_0264,protein_0025,0.3218390804597701
protein_0264,protein_0026,0.16279069767441862
protein_0264,protein_0027,0.1956521739130435
protein_0264,protein_0028,0.12931034482758622
protein_0264,protein_0029,0.16091954022988506
protein_0264,protein_0030,0.16260162601626016
protein_0264,protein_0031,0.18627450980392157
protein_0264,protein_0032,0.4827586206896552
protein_0264,protein_0033,0.3563218390804598
protein_0264,protein_0035,0.15841584158415842
protein_0264,protein_0036,0.16091954022988506
protein_0264,protein_0037,0.3068181818181818
protein_0264,protein_0038,0.3068181818181818
protein_0264,protein_0039,0.28735632183908044
protein_0264,protein_0040,0.15730337078651685
protein_0264,protein_0041,0.4942528735632184
protein_0264,protein_0042,0.2247191011235955
protein_0264,protein_0044,0.1839080459770115
protein_0264,protein_0045,0.3804347826086957
protein_0264,protein_0046,0.1875
protein_0264,protein_0047,0.28735632183908044
protein_0264,protein_0048,0.26436781609195403
protein_0264,protein_0050,0.17142857142857143
protein_0264,protein_0051,0.16091954022988506
protein_0264,protein_0054,0.1452991452991453
protein_0264,protein_0055,0.13821138211382114
protein_0264,protein_0056,0.1509433962264151
protein_0264,protein_0057,0.16666666666666666
protein_0264,protein_0058,0.19540229885057472
protein_0264,protein_0059,0.21839080459770116
protein_0264,protein_0060,0.17142857142857143
protein_0264,protein_0061,0.2087912087912088
protein_0264,protein_0062,0.39325842696629215
protein_0264,protein_0063,0.12558139534883722
protein_0264,protein_0064,0.3595505617977528
protein_0264,protein_0065,0.17307692307692307
protein_0264,protein_0066,0.16
protein_0264,protein_0067,0.27586206896551724
protein_0264,protein_0068,0.24719101123595505
protein_0264,protein_0069,0.32222222222222224
protein_0264,protein_0070,0.20689655172413793
protein_0264,protein_0071,0.32967032967032966
protein_0264,protein_0072,0.15555555555555556
protein_0264,protein_0073,0.2727272727272727
protein_0264,protein_0074,0.1782178217821782
protein_0264,protein_0075,0.15306122448979592
protein_0264,protein_0076,0.1839080459770115
protein_0264,protein_0077,0.39080459770114945
protein_0264,protein_0078,0.1262135922330097
protein_0264,protein_0079,0.1262135922330097
protein_0264,protein_0081,0.4318181818181818
protein_0264,protein_0082,0.14
protein_0264,protein_0083,0.26436781609195403
protein_0264,protein_0084,0.22826086956521738
protein_0264,protein_0085,0.12962962962962962
protein_0264,protein_0086,0.13
protein_0264,protein_0087,0.14942528735632185
protein_0264,protein_0089,0.16216216216216217
protein_0264,protein_0090,0.1565217391304348
protein_0264,protein_0092,0.17699115044247787
protein_0264,protein_0093,0.2808988764044944
protein_0264,protein_0094,0.2066115702479339
protein_0264,protein_0095,0.144
protein_0264,protein_0096,0.13
protein_0264,protein_0097,0.3218390804597701
protein_0264,protein_0098,0.45454545454545453
protein_0264,protein_0099,0.1619047619047619
protein_0264,protein_0100,0.20454545454545456
protein_0264,protein_0101,0.26136363636363635
protein_0264,protein_0102,0.31521739130434784
protein_0264,protein_0103,0.26136363636363635
protein_0264,protein_0104,0.1640625
protein_0264,protein_0106,0.13675213675213677
protein_0264,protein_0107,0.391304347826087
protein_0264,protein_0108,0.23333333333333334
protein_0264,protein_0109,0.14942528735632185
protein_0264,protein_0110,0.32967032967032966
protein_0264,protein_0111,0.22988505747126436
protein_0264,protein_0112,0.1262135922330097
protein_0264,protein_0113,0.2988505747126437
protein_0264,protein_0114,0.45977011494252873
protein_0264,protein_0115,0.25287356321839083
protein_0264,protein_0116,0.12727272727272726
protein_0264,protein_0117,0.12727272727272726
protein_0264,protein_0118,0.2247191011235955
protein_0264,protein_0119,0.18811881188118812
protein_0264,protein_0120,0.3448275862068966
protein_0264,protein_0121,0.3448275862068966
protein_0264,protein_0122,0.2826086956521739
protein_0264,protein_0123,0.14772727272727273
protein_0264,protein_0124,0.3563218390804598
protein_0264,protein_0125,0.16346153846153846
protein_0264,protein_0126,0.2336448598130841
protein_0264,protein_0127,0.6091954022988506
protein_0264,protein_0128,0.367816091954023
protein_0264,protein_0129,0.20689655172413793
protein_0264,protein_0130,0.176
protein_0264,protein_0131,0.13793103448275862
protein_0264,protein_0132,0.2543859649122807
protein_0264,protein_0133,0.2543859649122807
protein_0264,protein_0135,0.2988505747126437
protein_0264,protein_0136,0.14285714285714285
protein_0264,protein_0137,0.15447154471544716
protein_0264,protein_0138,0.15447154471544716
protein_0264,protein_0139,0.14444444444444443
protein_0264,protein_0140,0.3448275862068966
protein_0264,protein_0141,0.3
protein_0264,protein_0142,0.367816091954023
protein_0264,protein_0143,0.3103448275862069
protein_0264,protein_0144,0.3103448275862069
protein_0264,protein_0145,0.1956521739130435
protein_0264,protein_0146,0.20454545454545456
protein_0264,protein_0147,0.40229885057471265
protein_0264,protein_0148,0.3448275862068966
protein_0264,protein_0149,0.1724137931034483
protein_0264,protein_0150,0.3870967741935484
protein_0264,protein_0151,0.25
protein_0264,protein_0152,0.16091954022988506
protein_0264,protein_0153,0.20224719101123595
protein_0264,protein_0154,0.16853932584269662
protein_0264,protein_0155,0.13333333333333333
protein_0264,protein_0156,0.19090909090909092
protein_0264,protein_0157,0.1702127659574468
protein_0264,protein_0158,0.1724137931034483
protein_0264,protein_0159,0.367816091954023
protein_0264,protein_0160,0.3563218390804598
protein_0264,protein_0162,0.3218390804597701
protein_0264,protein_0163,0.14705882352941177
protein_0264,protein_0164,0.3103448275862069
protein_0264,protein_0165,0.16091954022988506
protein_0264,protein_0167,0.16806722689075632
protein_0264,protein_0168,0.15254237288135594
protein_0264,protein_0169,0.14754098360655737
protein_0264,protein_0170,0.3448275862068966
protein_0264,protein_0171,0.23595505617977527
protein_0264,protein_0172,0.18032786885245902
protein_0264,protein_0173,0.3563218390804598
protein_0264,protein_0174,0.367816091954023
protein_0264,protein_0175,0.3563218390804598
protein_0264,protein_0176,0.1839080459770115
protein_0264,protein_0177,0.15555555555555556
protein_0264,protein_0178,0.1724137931034483
protein_0264,protein_0179,0.17796610169491525
protein_0264,protein_0180,0.25
protein_0264,protein_0181,0.27586206896551724
protein_0264,protein_0182,0.2988505747126437
protein_0264,protein_0183,0.18518518518518517
protein_0264,protein_0184,0.375
protein_0264,protein_0185,0.15217391304347827
protein_0264,protein_0186,0.17592592592592593
protein_0264,protein_0187,0.3448275862068966
protein_0264,protein_0188,0.1724137931034483
protein_0264,protein_0189,0.39080459770114945
protein_0264,protein_0191,0.42528735632183906
protein_0264,protein_0192,0.3218390804597701
protein_0264,protein_0193,0.375
protein_0264,protein_0194,0.21839080459770116
protein_0264,protein_0195,0.3103448275862069
protein_0264,protein_0196,0.3103448275862069
protein_0264,protein_0197,0.3076923076923077
protein_0264,protein_0198,0.48314606741573035
protein_0264,protein_0199,0.17777777777777778
protein_0264,protein_0200,0.2727272727272727
protein_0264,protein_0202,0.32954545454545453
protein_0264,protein_0203,0.16260162601626016
protein_0264,protein_0204,0.19540229885057472
protein_0264,protein_0206,0.34065934065934067
protein_0264,protein_0207,0.15748031496062992
protein_0264,protein_0208,0.18627450980392157
protein_0264,protein_0209,0.21839080459770116
protein_0264,protein_0210,0.40229885057471265
protein_0264,protein_0211,0.1590909090909091
protein_0264,protein_0213,0.40229885057471265
protein_0264,protein_0214,0.12643678160919541
protein_0264,protein_0215,0.12643678160919541
protein_0264,protein_0216,0.1523809523809524
protein_0264,protein_0218,0.128
protein_0264,protein_0219,0.1889763779527559
protein_0264,protein_0220,0.34831460674157305
protein_0264,protein_0221,0.18181818181818182
protein_0264,protein_0222,0.25287356321839083
protein_0264,protein_0223,0.1724137931034483
protein_0264,protein_0224,0.19318181818181818
protein_0264,protein_0225,0.14772727272727273
protein_0264,protein_0226,0.1919191919191919
protein_0264,protein_0227,0.13186813186813187
protein_0264,protein_0228,0.20212765957446807
protein_0264,protein_0229,0.11956521739130435
protein_0264,protein_0230,0.20652173913043478
protein_0264,protein_0231,0.42528735632183906
protein_0264,protein_0232,0.1590909090909091
protein_0264,protein_0233,0.13385826771653545
protein_0264,protein_0234,0.19230769230769232
protein_0264,protein_0235,0.1619047619047619
protein_0264,protein_0236,0.28735632183908044
protein_0264,protein_0237,0.28735632183908044
protein_0264,protein_0238,0.1417910447761194
protein_0264,protein_0239,0.3218390804597701
protein_0264,protein_0240,0.32954545454545453
protein_0264,protein_0242,0.13636363636363635
protein_0264,protein_0243,0.3218390804597701
protein_0264,protein_0244,0.21649484536082475
protein_0264,protein_0245,0.1452991452991453
protein_0264,protein_0246,0.1958762886597938
protein_0264,protein_0247,0.18085106382978725
protein_0264,protein_0248,0.3956043956043956
protein_0264,protein_0249,0.3103448275862069
protein_0264,protein_0250,0.20833333333333334
protein_0264,protein_0252,0.17346938775510204
protein_0264,protein_0253,0.168141592920354
protein_0264,protein_0254,0.18888888888888888
protein_0264,protein_0255,0.1111111111111111
protein_0264,protein_0256,0.16521739130434782
protein_0264,protein_0257,0.17391304347826086
protein_0264,protein_0258,0.2988505747126437
protein_0264,protein_0260,0.1839080459770115
protein_0264,protein_0261,0.18095238095238095
protein_0264,protein_0262,0.14492753623188406
protein_0264,protein_0265,1.0
protein_0264,protein_0266,0.1134020618556701
protein_0264,protein_0267,0.21505376344086022
protein_0264,protein_0268,0.11235955056179775
protein_0264,protein_0270,0.1724137931034483
protein_0264,protein_0271,0.1839080459770115
protein_0264,protein_0272,0.3522727272727273
protein_0264,protein_0274,0.2247191011235955
protein_0264,protein_0275,0.2
protein_0264,protein_0276,0.45454545454545453
protein_0264,protein_0277,0.1839080459770115
protein_0264,protein_0278,0.29347826086956524
protein_0264,protein_0279,0.29213483146067415
protein_0264,protein_0280,0.29213483146067415
protein_0264,protein_0281,0.13821138211382114
protein_0264,protein_0282,0.23404255319148937
protein_0264,protein_0283,0.1085972850678733
protein_0264,protein_0284,0.2840909090909091
protein_0264,protein_0285,0.3146067415730337
protein_0264,protein_0286,0.1839080459770115
protein_0264,protein_0287,0.22727272727272727
protein_0264,protein_0288,0.3218390804597701
protein_0264,protein_0289,0.15730337078651685
protein_0264,protein_0290,0.1565217391304348
protein_0264,protein_0291,0.2413793103448276
protein_0264,protein_0292,0.14942528735632185
protein_0264,protein_0293,0.2247191011235955
protein_0264,protein_0294,0.2413793103448276
protein_0264,protein_0296,0.125
protein_0264,protein_0297,0.11363636363636363
protein_0264,protein_0298,0.15217391304347827
protein_0264,protein_0299,0.21875
protein_0264,protein_0300,0.1595744680851064
protein_0264,protein_0301,0.15789473684210525
protein_0264,protein_0302,0.13574660633484162
protein_0264,protein_0304,0.15789473684210525
protein_0264,protein_0305,0.19230769230769232
protein_0264,protein_0307,0.15
protein_0264,protein_0308,0.13559322033898305
protein_0264,protein_0310,0.18691588785046728
protein_0264,protein_0311,0.39325842696629215
protein_0264,protein_0312,0.40229885057471265
protein_0264,protein_0313,0.17592592592592593
protein_0264,protein_0314,0.1485148514851485
protein_0264,protein_0316,0.13793103448275862
protein_0264,protein_0317,0.11926605504587157
protein_0264,protein_0318,0.12389380530973451
protein_0264,protein_0320,0.3103448275862069
protein_0264,protein_0321,0.2087912087912088
protein_0264,protein_0322,0.28735632183908044
protein_0264,protein_0323,0.25287356321839083
protein_0264,protein_0324,0.16494845360824742
protein_0264,protein_0325,0.1652892561983471
protein_0264,protein_0326,0.1368421052631579
protein_0264,protein_0327,0.3793103448275862
protein_0264,protein_0329,0.11504424778761062
protein_0264,protein_0330,0.34444444444444444
protein_0264,protein_0331,0.16091954022988506
protein_0264,protein_0332,0.25287356321839083
protein_0264,protein_0333,0.23863636363636365
protein_0264,protein_0334,0.2222222222222222
protein_0264,protein_0335,0.1391304347826087
protein_0264,protein_0336,0.1724137931034483
protein_0264,protein_0337,0.27586206896551724
protein_0264,protein_0338,0.27586206896551724
protein_0264,protein_0340,0.1792452830188679
protein_0264,protein_0341,0.22115384615384615
protein_0264,protein_0342,0.16091954022988506
protein_0264,protein_0343,0.1485148514851485
protein_0264,protein_0344,0.43333333333333335
protein_0264,protein_0346,0.18803418803418803
protein_0264,protein_0347,0.18181818181818182
protein_0264,protein_0348,0.15789473684210525
protein_0264,protein_0349,0.15841584158415842
protein_0264,protein_0350,0.40229885057471265
protein_0264,protein_0351,0.26436781609195403
protein_0264,protein_0352,0.14444444444444443
protein_0264,protein_0353,0.16666666666666666
protein_0264,protein_0354,0.23595505617977527
protein_0264,protein_0355,0.27586206896551724
protein_0264,protein_0356,0.1348314606741573
protein_0264,protein_0357,0.14754098360655737
protein_0264,protein_0358,0.43333333333333335
protein_0264,protein_0359,0.08403361344537816
protein_0264,protein_0360,0.367816091954023
protein_0264,protein_0361,0.140625
protein_0264,protein_0362,0.21052631578947367
protein_0264,protein_0363,0.21052631578947367
protein_0264,protein_0366,0.24731182795698925
protein_0264,protein_0367,0.18269230769230768
protein_0264,protein_0368,0.16161616161616163
protein_0264,protein_0369,0.13186813186813187
protein_0264,protein_0370,0.43333333333333335
protein_0264,protein_0371,0.45977011494252873
protein_0264,protein_0372,0.1278538812785388
protein_0264,protein_0373,0.14678899082568808
protein_0264,protein_0374,0.15126050420168066
protein_0264,protein_0375,0.5747126436781609
protein_0264,protein_0376,0.15384615384615385
protein_0264,protein_0377,0.3258426966292135
protein_0264,protein_0378,0.1623931623931624
protein_0264,protein_0379,0.18085106382978725
protein_0264,protein_0380,0.18085106382978725
protein_0264,protein_0381,0.18085106382978725
protein_0264,protein_0382,0.1839080459770115
protein_0264,protein_0384,0.3333333333333333
protein_0264,protein_0385,0.16666666666666666
protein_0264,protein_0386,0.1414141414141414
protein_0264,protein_0387,0.16161616161616163
protein_0264,protein_0388,0.15730337078651685
protein_0264,protein_0389,0.13793103448275862
protein_0264,protein_0391,0.25
protein_0264,protein_0392,0.3218390804597701
protein_0264,protein_0394,0.14035087719298245
protein_0264,protein_0395,0.24468085106382978
protein_0264,protein_0396,0.1452991452991453
protein_0264,protein_0397,0.2988505747126437
protein_0264,protein_0398,0.1694915254237288
protein_0264,protein_0399,0.41379310344827586
protein_0269,protein_0000,0.12931034482758622
protein_0269,protein_0002,0.11206896551724138
protein_0269,protein_0003,0.13675213675213677
protein_0269,protein_0004,0.1206896551724138
protein_0269,protein_0005,0.1206896551724138
protein_0269,protein_0006,0.1
protein_0269,protein_0007,0.16806722689075632
protein_0269,protein_0008,0.1328125
protein_0269,protein_0009,0.15966386554621848
protein_0269,protein_0010,0.1111111111111111
protein_0269,protein_0011,0.13793103448275862
protein_0269,protein_0012,0.15517241379310345
protein_0269,protein_0014,0.1724137931034483
protein_0269,protein_0015,0.18333333333333332
protein_0269,protein_0016,0.12903225806451613
protein_0269,protein_0017,0.20567375886524822
protein_0269,protein_0018,0.1452991452991453
protein_0269,protein_0019,0.1452991452991453
protein_0269,protein_0020,0.14655172413793102
protein_0269,protein_0021,0.16129032258064516
protein_0269,protein_0022,0.15
protein_0269,protein_0023,0.1111111111111111
protein_0269,protein_0024,0.3790322580645161
protein_0269,protein_0025,0.1487603305785124
protein_0269,protein_0026,0.18439716312056736
protein_0269,protein_0027,0.1349206349206349
protein_0269,protein_0028,0.09090909090909091
protein_0269,protein_0029,0.16666666666666666
protein_0269,protein_0030,0.3305785123966942
protein_0269,protein_0031,0.16129032258064516
protein_0269,protein_0032,0.1206896551724138
protein_0269,protein_0033,0.15
protein_0269,protein_0035,0.41025641025641024
protein_0269,protein_0036,0.12931034482758622
protein_0269,protein_0037,0.1623931623931624
protein_0269,protein_0038,0.1623931623931624
protein_0269,protein_0039,0.15966386554621848
protein_0269,protein_0040,0.14285714285714285
protein_0269,protein_0041,0.13793103448275862
protein_0269,protein_0042,0.1623931623931624
protein_0269,protein_0044,0.19658119658119658
protein_0269,protein_0045,0.1440677966101695
protein_0269,protein_0046,0.15966386554621848
protein_0269,protein_0047,0.19491525423728814
protein_0269,protein_0048,0.1721311475409836
protein_0269,protein_0050,0.14184397163120568
protein_0269,protein_0051,0.14655172413793102
protein_0269,protein_0054,0.38524590163934425
protein_0269,protein_0055,0.36752136752136755
protein_0269,protein_0056,0.16923076923076924
protein_0269,protein_0057,0.17647058823529413
protein_0269,protein_0058,0.08620689655172414
protein_0269,protein_0059,0.17094017094017094
protein_0269,protein_0060,0.16806722689075632
protein_0269,protein_0061,0.175
protein_0269,protein_0062,0.1206896551724138
protein_0269,protein_0063,0.13953488372093023
protein_0269,protein_0064,0.15966386554621848
protein_0269,protein_0065,0.11764705882352941
protein_0269,protein_0066,0.14285714285714285
protein_0269,protein_0067,0.13675213675213677
protein_0269,protein_0068,0.12605042016806722
protein_0269,protein_0069,0.18032786885245902
protein_0269,protein_0070,0.1452991452991453
protein_0269,protein_0071,0.12931034482758622
protein_0269,protein_0072,0.1271186440677966
protein_0269,protein_0073,0.17355371900826447
protein_0269,protein_0074,0.12931034482758622
protein_0269,protein_0075,0.1484375
protein_0269,protein_0076,0.11206896551724138
protein_0269,protein_0077,0.15254237288135594
protein_0269,protein_0078,0.13432835820895522
protein_0269,protein_0079,0.13432835820895522
protein_0269,protein_0081,0.12121212121212122
protein_0269,protein_0082,0.104
protein_0269,protein_0083,0.15384615384615385
protein_0269,protein_0084,0.12931034482758622
protein_0269,protein_0085,0.136
protein_0269,protein_0086,0.12
protein_0269,protein_0087,0.1206896551724138
protein_0269,protein_0089,0.17054263565891473
protein_0269,protein_0090,0.1349206349206349
protein_0269,protein_0092,0.1349206349206349
protein_0269,protein_0093,0.13793103448275862
protein_0269,protein_0094,0.39316239316239315
protein_0269,protein_0095,0.17054263565891473
protein_0269,protein_0096,0.13114754098360656
protein_0269,protein_0097,0.10256410256410256
protein_0269,protein_0098,0.136
protein_0269,protein_0099,0.1452991452991453
protein_0269,protein_0100,0.13793103448275862
protein_0269,protein_0101,0.18181818181818182
protein_0269,protein_0102,0.14655172413793102
protein_0269,protein_0103,0.175
protein_0269,protein_0104,0.3333333333333333
protein_0269,protein_0106,0.136
protein_0269,protein_0107,0.17796610169491525
protein_0269,protein_0108,0.15517241379310345
protein_0269,protein_0109,0.12096774193548387
protein_0269,protein_0110,0.1440677966101695
protein_0269,protein_0111,0.18181818181818182
protein_0269,protein_0112,0.13432835820895522
protein_0269,protein_0113,0.15833333333333333
protein_0269,protein_0114,0.16379310344827586
protein_0269,protein_0115,0.13445378151260504
protein_0269,protein_0116,0.12
protein_0269,protein_0117,0.12
protein_0269,protein_0118,0.15517241379310345
protein_0269,protein_0119,0.13114754098360656
protein_0269,protein_0120,0.11206896551724138
protein_0269,protein_0121,0.11206896551724138
protein_0269,protein_0122,0.16666666666666666
protein_0269,protein_0123,0.11666666666666667
protein_0269,protein_0124,0.11206896551724138
protein_0269,protein_0125,0.09482758620689655
protein_0269,protein_0126,0.12195121951219512
protein_0269,protein_0127,0.17355371900826447
protein_0269,protein_0128,0.14285714285714285
protein_0269,protein_0129,0.09401709401709402
protein_0269,protein_0130,0.17829457364341086
protein_0269,protein_0131,0.15126050420168066
protein_0269,protein_0132,0.175
protein_0269,protein_0133,0.175
protein_0269,protein_0135,0.1452991452991453
protein_0269,protein_0136,0.4700854700854701
protein_0269,protein_0137,0.576271186440678
protein_0269,protein_0138,0.576271186440678
protein_0269,protein_0139,0.1623931623931624
protein_0269,protein_0140,0.13793103448275862
protein_0269,protein_0141,0.175
protein_0269,protein_0142,0.1282051282051282
protein_0269,protein_0143,0.1623931623931624
protein_0269,protein_0144,0.1111111111111111
protein_0269,protein_0145,0.15384615384615385
protein_0269,protein_0146,0.11016949152542373
protein_0269,protein_0147,0.1794871794871795
protein_0269,protein_0148,0.10833333333333334
protein_0269,protein_0149,0.13793103448275862
protein_0269,protein_0150,0.1623931623931624
protein_0269,protein_0151,0.15254237288135594
protein_0269,protein_0152,0.13008130081300814
protein_0269,protein_0153,0.13559322033898305
protein_0269,protein_0154,0.13559322033898305
protein_0269,protein_0155,0.13445378151260504
protein_0269,protein_0156,0.19491525423728814
protein_0269,protein_0157,0.15079365079365079
protein_0269,protein_0158,0.1206896551724138
protein_0269,protein_0159,0.13793103448275862
protein_0269,protein_0160,0.14049586776859505
protein_0269,protein_0162,0.15384615384615385
protein_0269,protein_0163,0.15748031496062992
protein_0269,protein_0164,0.13675213675213677
protein_0269,protein_0165,0.11764705882352941
protein_0269,protein_0167,0.136
protein_0269,protein_0168,0.152
protein_0269,protein_0169,0.36666666666666664
protein_0269,protein_0170,0.13793103448275862
protein_0269,protein_0171,0.10256410256410256
protein_0269,protein_0172,0.358974358974359
protein_0269,protein_0173,0.15517241379310345
protein_0269,protein_0174,0.13793103448275862
protein_0269,protein_0175,0.14049586776859505
protein_0269,protein_0176,0.13793103448275862
protein_0269,protein_0177,0.11206896551724138
protein_0269,protein_0178,0.3504273504273504
protein_0269,protein_0179,0.3770491803278688
protein_0269,protein_0180,0.1282051282051282
protein_0269,protein_0181,0.1206896551724138
protein_0269,protein_0182,0.16379310344827586
protein_0269,protein_0183,0.1652892561983471
protein_0269,protein_0184,0.13008130081300814
protein_0269,protein_0185,0.1452991452991453
protein_0269,protein_0186,0.16666666666666666
protein_0269,protein_0187,0.1206896551724138
protein_0269,protein_0188,0.1206896551724138
protein_0269,protein_0189,0.1452991452991453
protein_0269,protein_0191,0.15
protein_0269,protein_0192,0.12931034482758622
protein_0269,protein_0193,0.16379310344827586
protein_0269,protein_0194,0.09243697478991597
protein_0269,protein_0195,0.15517241379310345
protein_0269,protein_0196,0.1452991452991453
protein_0269,protein_0197,0.13846153846153847
protein_0269,protein_0198,0.13333333333333333
protein_0269,protein_0199,0.1271186440677966
protein_0269,protein_0200,0.1111111111111111
protein_0269,protein_0202,0.20967741935483872
protein_0269,protein_0203,0.36752136752136755
protein_0269,protein_0204,0.13793103448275862
protein_0269,protein_0206,0.15517241379310345
protein_0269,protein_0207,0.36666666666666664
protein_0269,protein_0208,0.1328125
protein_0269,protein_0209,0.18803418803418803
protein_0269,protein_0210,0.17355371900826447
protein_0269,protein_0211,0.15671641791044777
protein_0269,protein_0213,0.13934426229508196
protein_0269,protein_0214,0.12931034482758622
protein_0269,protein_0215,0.15254237288135594
protein_0269,protein_0216,0.11764705882352941
protein_0269,protein_0218,0.14864864864864866
protein_0269,protein_0219,0.40336134453781514
protein_0269,protein_0220,0.15126050420168066
protein_0269,protein_0221,0.11206896551724138
protein_0269,protein_0222,0.16379310344827586
protein_0269,protein_0223,0.15
protein_0269,protein_0224,0.1271186440677966
protein_0269,protein_0225,0.11965811965811966
protein_0269,protein_0226,0.1452991452991453
protein_0269,protein_0227,0.1111111111111111
protein_0269,protein_0228,0.14166666666666666
protein_0269,protein_0229,0.1440677966101695
protein_0269,protein_0230,0.13559322033898305
protein_0269,protein_0231,0.12931034482758622
protein_0269,protein_0232,0.13793103448275862
protein_0269,protein_0233,0.18840579710144928
protein_0269,protein_0234,0.145985401459854
protein_0269,protein_0235,0.12931034482758622
protein_0269,protein_0236,0.15517241379310345
protein_0269,protein_0237,0.15517241379310345
protein_0269,protein_0238,0.1696969696969697
protein_0269,protein_0239,0.125
protein_0269,protein_0240,0.10833333333333334
protein_0269,protein_0242,0.11206896551724138
protein_0269,protein_0243,0.11206896551724138
protein_0269,protein_0244,0.15833333333333333
protein_0269,protein_0245,0.21379310344827587
protein_0269,protein_0246,0.11764705882352941
protein_0269,protein_0247,0.15671641791044777
protein_0269,protein_0248,0.12295081967213115
protein_0269,protein_0249,0.15833333333333333
protein_0269,protein_0250,0.13445378151260504
protein_0269,protein_0252,0.1016949152542373
protein_0269,protein_0253,0.1386861313868613
protein_0269,protein_0254,0.12931034482758622
protein_0269,protein_0255,0.13218390804597702
protein_0269,protein_0256,0.5254237288135594
protein_0269,protein_0257,0.5677966101694916
protein_0269,protein_0258,0.1487603305785124
protein_0269,protein_0260,0.14655172413793102
protein_0269,protein_0261,0.11016949152542373
protein_0269,protein_0262,0.1736111111111111
protein_0269,protein_0265,0.16379310344827586
protein_0269,protein_0266,0.1721311475409836
protein_0269,protein_0267,0.17054263565891473
protein_0269,protein_0268,0.13793103448275862
protein_0269,protein_0270,0.10344827586206896
protein_0269,protein_0271,0.15517241379310345
protein_0269,protein_0272,0.1592356687898089
protein_0269,protein_0274,0.1271186440677966
protein_0269,protein_0275,0.14285714285714285
protein_0269,protein_0276,0.1623931623931624
protein_0269,protein_0277,0.11206896551724138
protein_0269,protein_0278,0.11206896551724138
protein_0269,protein_0279,0.14049586776859505
protein_0269,protein_0280,0.10256410256410256
protein_0269,protein_0281,0.13709677419354838
protein_0269,protein_0282,0.08620689655172414
protein_0269,protein_0283,0.12844036697247707
protein_0269,protein_0284,0.16379310344827586
protein_0269,protein_0285,0.1452991452991453
protein_0269,protein_0286,0.15447154471544716
protein_0269,protein_0287,0.1774193548387097
protein_0269,protein_0288,0.1282051282051282
protein_0269,protein_0289,0.10344827586206896
protein_0269,protein_0290,0.152
protein_0269,protein_0291,0.175
protein_0269,protein_0292,0.13793103448275862
protein_0269,protein_0293,0.16101694915254236
protein_0269,protein_0294,0.16666666666666666
protein_0269,protein_0296,0.36507936507936506
protein_0269,protein_0297,0.144
protein_0269,protein_0298,0.12931034482758622
protein_0269,protein_0299,0.13793103448275862
protein_0269,protein_0300,0.14285714285714285
protein_0269,protein_0301,0.16101694915254236
protein_0269,protein_0302,0.08755760368663594
protein_0269,protein_0304,0.10344827586206896
protein_0269,protein_0305,0.14049586776859505
protein_0269,protein_0307,0.4745762711864407
protein_0269,protein_0308,0.30578512396694213
protein_0269,protein_0310,0.1532258064516129
protein_0269,protein_0311,0.16379310344827586
protein_0269,protein_0312,0.13559322033898305
protein_0269,protein_0313,0.15384615384615385
protein_0269,protein_0314,0.10655737704918032
protein_0269,protein_0316,0.10833333333333334
protein_0269,protein_0317,0.13008130081300814
protein_0269,protein_0318,0.14285714285714285
protein_0269,protein_0320,0.16666666666666666
protein_0269,protein_0321,0.15833333333333333
protein_0269,protein_0322,0.152
protein_0269,protein_0323,0.11864406779661017
protein_0269,protein_0324,0.08620689655172414
protein_0269,protein_0325,0.15503875968992248
protein_0269,protein_0326,0.10344827586206896
protein_0269,protein_0327,0.16806722689075632
protein_0269,protein_0329,0.1440677966101695
protein_0269,protein_0330,0.12605042016806722
protein_0269,protein_0331,0.18333333333333332
protein_0269,protein_0332,0.176
protein_0269,protein_0333,0.16101694915254236
protein_0269,protein_0334,0.13821138211382114
protein_0269,protein_0335,0.16393442622950818
protein_0269,protein_0336,0.125
protein_0269,protein_0337,0.19827586206896552
protein_0269,protein_0338,0.09482758620689655
protein_0269,protein_0340,0.17164179104477612
protein_0269,protein_0341,0.13445378151260504
protein_0269,protein_0342,0.13445378151260504
protein_0269,protein_0343,0.1282051282051282
protein_0269,protein_0344,0.19658119658119658
protein_0269,protein_0346,0.13986013986013987
protein_0269,protein_0347,0.12295081967213115
protein_0269,protein_0348,0.31092436974789917
protein_0269,protein_0349,0.11290322580645161
protein_0269,protein_0350,0.16806722689075632
protein_0269,protein_0351,0.1452991452991453
protein_0269,protein_0352,0.11206896551724138
protein_0269,protein_0353,0.125
protein_0269,protein_0354,0.15702479338842976
protein_0269,protein_0355,0.1896551724137931
protein_0269,protein_0356,0.13559322033898305
protein_0269,protein_0357,0.2727272727272727
protein_0269,protein_0358,0.1724137931034483
protein_0269,protein_0359,0.375
protein_0269,protein_0360,0.11206896551724138
protein_0269,protein_0361,0.3779527559055118
protein_0269,protein_0362,0.16379310344827586
protein_0269,protein_0363,0.16379310344827586
protein_0269,protein_0366,0.19658119658119658
protein_0269,protein_0367,0.1590909090909091
protein_0269,protein_0368,0.14285714285714285
protein_0269,protein_0369,0.14655172413793102
protein_0269,protein_0370,0.19658119658119658
protein_0269,protein_0371,0.14285714285714285
protein_0269,protein_0372,0.136986301369863
protein_0269,protein_0373,0.15966386554621848
protein_0269,protein_0374,0.358974358974359
protein_0269,protein_0375,0.1206896551724138
protein_0269,protein_0376,0.16129032258064516
protein_0269,protein_0377,0.13675213675213677
protein_0269,protein_0378,0.11382113821138211
protein_0269,protein_0379,0.14285714285714285
protein_0269,protein_0380,0.14285714285714285
protein_0269,protein_0381,0.14285714285714285
protein_0269,protein_0382,0.17647058823529413
protein_0269,protein_0384,0.1206896551724138
protein_0269,protein_0385,0.18333333333333332
protein_0269,protein_0386,0.13076923076923078
protein_0269,protein_0387,0.5508474576271186
protein_0269,protein_0388,0.13793103448275862
protein_0269,protein_0389,0.13675213675213677
protein_0269,protein_0391,0.15702479338842976
protein_0269,protein_0392,0.12396694214876033
protein_0269,protein_0394,0.344
protein_0269,protein_0395,0.15833333333333333
protein_0269,protein_0396,0.22950819672131148
protein_0269,protein_0397,0.13445378151260504
protein_0269,protein_0398,0.18253968253968253
protein_0269,protein_0399,0.13445378151260504
protein_0273,protein_0000,0.3218390804597701
protein_0273,protein_0002,0.20833333333333334
protein_0273,protein_0003,0.3181818181818182
protein_0273,protein_0004,0.27586206896551724
protein_0273,protein_0005,0.16666666666666666
protein_0273,protein_0006,0.5
protein_0273,protein_0007,0.14535385500575373
protein_0273,protein_0008,0.17117117117117117
protein_0273,protein_0009,0.2988505747126437
protein_0273,protein_0010,0.4827586206896552
protein_0273,protein_0011,0.5172413793103449
protein_0273,protein_0012,0.6206896551724138
protein_0273,protein_0014,0.14549687181725593
protein_0273,protein_0015,0.16025641025641027
protein_0273,protein_0016,0.19607843137254902
protein_0273,protein_0017,0.16417910447761194
protein_0273,protein_0018,0.26436781609195403
protein_0273,protein_0019,0.143236074270557
protein_0273,protein_0020,0.27586206896551724
protein_0273,protein_0021,0.1625
protein_0273,protein_0022,0.14148973198746956
protein_0273,protein_0023,0.12940705128205127
protein_0273,protein_0024,0.14743589743589744
protein_0273,protein_0025,0.3118279569892473
protein_0273,protein_0026,0.17037037037037037
protein_0273,protein_0027,0.15608552631578948
protein_0273,protein_0028,0.13636363636363635
protein_0273,protein_0029,0.13312236286919832
protein_0273,protein_0030,0.1518987341772152
protein_0273,protein_0031,0.16346153846153846
protein_0273,protein_0032,0.3218390804597701
protein_0273,protein_0033,0.5172413793103449
protein_0273,protein_0035,0.1337579617834395
protein_0273,protein_0036,0.14135720601237842
protein_0273,protein_0037,0.14458751636839806
protein_0273,protein_0038,0.14458751636839806
protein_0273,protein_0039,0.2988505747126437
protein_0273,protein_0040,0.11538461538461539
protein_0273,protein_0041,0.2988505747126437
protein_0273,protein_0042,0.19101123595505617
protein_0273,protein_0044,0.28735632183908044
protein_0273,protein_0045,0.28735632183908044
protein_0273,protein_0046,0.13403263403263405
protein_0273,protein_0047,0.4827586206896552
protein_0273,protein_0048,0.4482758620689655
protein_0273,protein_0050,0.1568627450980392
protein_0273,protein_0051,0.13875684240852781
protein_0273,protein_0054,0.17365269461077845
protein_0273,protein_0055,0.16149068322981366
protein_0273,protein_0056,0.14246263807667314
protein_0273,protein_0057,0.15168296892980437
protein_0273,protein_0058,0.12643678160919541
protein_0273,protein_0059,0.28735632183908044
protein_0273,protein_0060,0.13206372915110778
protein_0273,protein_0061,0.2604166666666667
protein_0273,protein_0062,0.2988505747126437
protein_0273,protein_0063,0.15315315315315314
protein_0273,protein_0064,0.2727272727272727
protein_0273,protein_0065,0.15286624203821655
protein_0273,protein_0066,0.1650485436893204
protein_0273,protein_0067,0.5172413793103449
protein_0273,protein_0068,0.34444444444444444
protein_0273,protein_0069,0.4444444444444444
protein_0273,protein_0070,0.3333333333333333
protein_0273,protein_0071,0.367816091954023
protein_0273,protein_0072,0.11317418213969939
protein_0273,protein_0073,0.39080459770114945
protein_0273,protein_0074,0.1568627450980392
protein_0273,protein_0075,0.15283294392523364
protein_0273,protein_0076,0.17045454545454544
protein_0273,protein_0077,0.3448275862068966
protein_0273,protein_0078,0.1523809523809524
protein_0273,protein_0079,0.1523809523809524
protein_0273,protein_0081,0.34444444444444444
protein_0273,protein_0082,0.19
protein_0273,protein_0083,0.5
protein_0273,protein_0084,0.2543649061545177
protein_0273,protein_0085,0.17
protein_0273,protein_0086,0.1782178217821782
protein_0273,protein_0087,0.12762237762237763
protein_0273,protein_0089,0.14415584415584415
protein_0273,protein_0090,0.14942226890756302
protein_0273,protein_0092,0.1317365269461078
protein_0273,protein_0093,0.5172413793103449
protein_0273,protein_0094,0.15517241379310345
protein_0273,protein_0095,0.15811606391925986
protein_0273,protein_0096,0.15384615384615385
protein_0273,protein_0097,0.367816091954023
protein_0273,protein_0098,0.28735632183908044
protein_0273,protein_0099,0.14016990291262135
protein_0273,protein_0100,0.1584235938927313
protein_0273,protein_0101,0.367816091954023
protein_0273,protein_0102,0.2808988764044944
protein_0273,protein_0103,0.23595505617977527
protein_0273,protein_0104,0.13836477987421383
protein_0273,protein_0106,0.12762762762762764
protein_0273,protein_0107,0.3522727272727273
protein_0273,protein_0108,0.28888888888888886
protein_0273,protein_0109,0.14135720601237842
protein_0273,protein_0110,0.5056179775280899
protein_0273,protein_0111,0.2988505747126437
protein_0273,protein_0112,0.22429906542056074
protein_0273,protein_0113,0.5057471264367817
protein_0273,protein_0114,0.3218390804597701
protein_0273,protein_0115,0.25287356321839083
protein_0273,protein_0116,0.12996508075076385
protein_0273,protein_0117,0.12996508075076385
protein_0273,protein_0118,0.14898320070733864
protein_0273,protein_0119,0.17307692307692307
protein_0273,protein_0120,0.28735632183908044
protein_0273,protein_0121,0.28735632183908044
protein_0273,protein_0122,0.14917998317914213
protein_0273,protein_0123,0.1716364160184385
protein_0273,protein_0124,0.3103448275862069
protein_0273,protein_0125,0.16025641025641027
protein_0273,protein_0126,0.19607843137254902
protein_0273,protein_0127,0.36363636363636365
protein_0273,protein_0128,0.3218390804597701
protein_0273,protein_0129,0.25287356321839083
protein_0273,protein_0130,0.14662220309810672
protein_0273,protein_0131,0.10422192749778957
protein_0273,protein_0132,0.27927927927927926
protein_0273,protein_0133,0.27927927927927926
protein_0273,protein_0135,0.26436781609195403
protein_0273,protein_0136,0.140625
protein_0273,protein_0137,0.13821138211382114
protein_0273,protein_0138,0.13821138211382114
protein_0273,protein_0139,0.14135720601237842
protein_0273,protein_0140,0.47126436781609193
protein_0273,protein_0141,0.15344827586206897
protein_0273,protein_0142,0.4482758620689655
protein_0273,protein_0143,0.2988505747126437
protein_0273,protein_0144,0.2988505747126437
protein_0273,protein_0145,0.12334497308307872
protein_0273,protein_0146,0.2
protein_0273,protein_0147,0.3793103448275862
protein_0273,protein_0148,0.3333333333333333
protein_0273,protein_0149,0.13155594405594406
protein_0273,protein_0150,0.3
protein_0273,protein_0151,0.23655913978494625
protein_0273,protein_0152,0.13753115480476322
protein_0273,protein_0153,0.14296593741345887
protein_0273,protein_0154,0.13957426221577163
protein_0273,protein_0155,0.1623931623931624
protein_0273,protein_0156,0.1623931623931624
protein_0273,protein_0157,0.19101123595505617
protein_0273,protein_0158,0.13947833775419982
protein_0273,protein_0159,0.3448275862068966
protein_0273,protein_0160,0.28735632183908044
protein_0273,protein_0162,0.2988505747126437
protein_0273,protein_0163,0.18867924528301888
protein_0273,protein_0164,0.25287356321839083
protein_0273,protein_0165,0.14963606812239416
protein_0273,protein_0167,0.14905599656726026
protein_0273,protein_0168,0.13285635663181067
protein_0273,protein_0169,0.1511627906976744
protein_0273,protein_0170,0.28735632183908044
protein_0273,protein_0171,0.35555555555555557
protein_0273,protein_0172,0.1518987341772152
protein_0273,protein_0173,0.2988505747126437
protein_0273,protein_0174,0.2988505747126437
protein_0273,protein_0175,0.28735632183908044
protein_0273,protein_0176,0.1344610713511169
protein_0273,protein_0177,0.11401098901098902
protein_0273,protein_0178,0.1694915254237288
protein_0273,protein_0179,0.15254237288135594
protein_0273,protein_0180,0.3111111111111111
protein_0273,protein_0181,0.4827586206896552
protein_0273,protein_0182,0.3103448275862069
protein_0273,protein_0183,0.17272727272727273
protein_0273,protein_0184,0.3103448275862069
protein_0273,protein_0185,0.16304347826086957
protein_0273,protein_0186,0.16666666666666666
protein_0273,protein_0187,0.28735632183908044
protein_0273,protein_0188,0.14606227106227107
protein_0273,protein_0189,0.3448275862068966
protein_0273,protein_0191,0.2413793103448276
protein_0273,protein_0192,0.27586206896551724
protein_0273,protein_0193,0.3626373626373626
protein_0273,protein_0194,0.3522727272727273
protein_0273,protein_0195,0.4827586206896552
protein_0273,protein_0196,0.4942528735632184
protein_0273,protein_0197,0.5862068965517241
protein_0273,protein_0198,0.34444444444444444
protein_0273,protein_0199,0.23076923076923078
protein_0273,protein_0200,0.48863636363636365
protein_0273,protein_0202,0.3218390804597701
protein_0273,protein_0203,0.1282051282051282
protein_0273,protein_0204,0.13561007957559681
protein_0273,protein_0206,0.5977011494252874
protein_0273,protein_0207,0.13924050632911392
protein_0273,protein_0208,0.14279096699478866
protein_0273,protein_0209,0.2967032967032967
protein_0273,protein_0210,0.3146067415730337
protein_0273,protein_0211,0.1338959212376934
protein_0273,protein_0213,0.3563218390804598
protein_0273,protein_0214,0.1282051282051282
protein_0273,protein_0215,0.1797752808988764
protein_0273,protein_0216,0.19230769230769232
protein_0273,protein_0218,0.1592356687898089
protein_0273,protein_0219,0.1625
protein_0273,protein_0220,0.2808988764044944
protein_0273,protein_0221,0.14736842105263157
protein_0273,protein_0222,0.47126436781609193
protein_0273,protein_0223,0.1702127659574468
protein_0273,protein_0224,0.10809018567639259
protein_0273,protein_0225,0.12422360248447205
protein_0273,protein_0226,0.1794871794871795
protein_0273,protein_0227,0.13793103448275862
protein_0273,protein_0228,0.16578007979281864
protein_0273,protein_0229,0.13836477987421383
protein_0273,protein_0230,0.24210526315789474
protein_0273,protein_0231,0.367816091954023
protein_0273,protein_0232,0.14069407603890363
protein_0273,protein_0233,0.18888888888888888
protein_0273,protein_0234,0.1485148514851485
protein_0273,protein_0235,0.15502599018961857
protein_0273,protein_0236,0.5438770999115827
protein_0273,protein_0237,0.5438770999115827
protein_0273,protein_0238,0.15822784810126583
protein_0273,protein_0239,0.2988505747126437
protein_0273,protein_0240,0.3333333333333333
protein_0273,protein_0242,0.13226495726495727
protein_0273,protein_0243,0.27586206896551724
protein_0273,protein_0244,0.15605658709106984
protein_0273,protein_0245,0.14426100628930816
protein_0273,protein_0246,0.15306122448979592
protein_0273,protein_0247,0.17668711656441718
protein_0273,protein_0248,0.28735632183908044
protein_0273,protein_0249,0.29347826086956524
protein_0273,protein_0250,0.1465201465201465
protein_0273,protein_0252,0.17391304347826086
protein_0273,protein_0253,0.16770186335403728
protein_0273,protein_0254,0.13064623584277146
protein_0273,protein_0255,0.14444444444444443
protein_0273,protein_0256,0.16037735849056603
protein_0273,protein_0257,0.1574074074074074
protein_0273,protein_0258,0.5274725274725275
protein_0273,protein_0260,0.15502599018961857
protein_0273,protein_0261,0.15476190476190477
protein_0273,protein_0262,0.16463414634146342
protein_0273,protein_0265,0.3409090909090909
protein_0273,protein_0266,0.15939730372720062
protein_0273,protein_0267,0.23655913978494625
protein_0273,protein_0268,0.14606741573033707
protein_0273,protein_0270,0.17582417582417584
protein_0273,protein_0271,0.14367335562987738
protein_0273,protein_0272,0.9110300618921309
protein_0273,protein_0274,0.2391304347826087
protein_0273,protein_0275,0.1553398058252427
protein_0273,protein_0276,0.28735632183908044
protein_0273,protein_0277,0.12278956675508401
protein_0273,protein_0278,0.3010752688172043
protein_0273,protein_0279,0.2840909090909091
protein_0273,protein_0280,0.27586206896551724
protein_0273,protein_0281,0.15
protein_0273,protein_0282,0.1320754716981132
protein_0273,protein_0283,0.15217391304347827
protein_0273,protein_0284,0.15123456790123457
protein_0273,protein_0285,0.5287356321839081
protein_0273,protein_0286,0.13760572543916721
protein_0273,protein_0287,0.23636363636363636
protein_0273,protein_0288,0.2840909090909091
protein_0273,protein_0289,0.11817983413356611
protein_0273,protein_0290,0.19626168224299065
protein_0273,protein_0291,0.1724865415393569
protein_0273,protein_0292,0.15246764329398377
protein_0273,protein_0293,0.23404255319148937
protein_0273,protein_0294,0.1724865415393569
protein_0273,protein_0296,0.13043478260869565
protein_0273,protein_0297,0.1282051282051282
protein_0273,protein_0298,0.14154259718775847
protein_0273,protein_0299,0.1490154711673699
protein_0273,protein_0300,0.13194973343488195
protein_0273,protein_0301,0.12874460522975373
protein_0273,protein_0302,0.15948275862068967
protein_0273,protein_0304,0.12178783219855041
protein_0273,protein_0305,0.15571808510638296
protein_0273,protein_0307,0.1375
protein_0273,protein_0308,0.16049382716049382
protein_0273,protein_0310,0.18867924528301888
protein_0273,protein_0311,0.2988505747126437
protein_0273,protein_0312,0.3448275862068966
protein_0273,protein_0313,0.16425561797752808
protein_0273,protein_0314,0.1588785046728972
protein_0273,protein_0316,0.12756410256410255
protein_0273,protein_0317,0.16149068322981366
protein_0273,protein_0318,0.15
protein_0273,protein_0320,0.31521739130434784
protein_0273,protein_0321,0.2631578947368421
protein_0273,protein_0322,0.25287356321839083
protein_0273,protein_0323,0.3218390804597701
protein_0273,protein_0324,0.16091954022988506
protein_0273,protein_0325,0.1286195286195286
protein_0273,protein_0326,0.15217391304347827
protein_0273,protein_0327,0.3333333333333333
protein_0273,protein_0329,0.17307692307692307
protein_0273,protein_0330,0.5172413793103449
protein_0273,protein_0331,0.1276735050196421
protein_0273,protein_0332,0.16299287065328097
protein_0273,protein_0333,0.183426243567753
protein_0273,protein_0334,0.16666666666666666
protein_0273,protein_0335,0.19811320754716982
protein_0273,protein_0336,0.14069407603890363
protein_0273,protein_0337,0.4319186560565871
protein_0273,protein_0338,0.25287356321839083
protein_0273,protein_0340,0.15454545454545454
protein_0273,protein_0341,0.23529411764705882
protein_0273,protein_0342,0.1346153846153846
protein_0273,protein_0343,0.11007957559681697
protein_0273,protein_0344,0.32967032967032966
protein_0273,protein_0346,0.12359287054409006
protein_0273,protein_0347,0.1474358974358974
protein_0273,protein_0348,0.16149068322981366
protein_0273,protein_0349,0.1553398058252427
protein_0273,protein_0350,0.3103448275862069
protein_0273,protein_0351,0.4942528735632184
protein_0273,protein_0352,0.11722585924713586
protein_0273,protein_0353,0.13070953436807095
protein_0273,protein_0354,0.25842696629213485
protein_0273,protein_0355,0.378334417696812
protein_0273,protein_0356,0.12593632958801498
protein_0273,protein_0357,0.16129032258064516
protein_0273,protein_0358,0.3103448275862069
protein_0273,protein_0359,0.19672131147540983
protein_0273,protein_0360,0.3068181818181818
protein_0273,protein_0361,0.15384615384615385
protein_0273,protein_0362,0.29545454545454547
protein_0273,protein_0363,0.29545454545454547
protein_0273,protein_0366,0.25555555555555554
protein_0273,protein_0367,0.14953271028037382
protein_0273,protein_0368,0.15384615384615385
protein_0273,protein_0369,0.16091954022988506
protein_0273,protein_0370,0.32967032967032966
protein_0273,protein_0371,0.25287356321839083
protein_0273,protein_0372,0.16055045871559634
protein_0273,protein_0373,0.14457831325301204
protein_0273,protein_0374,0.14556962025316456
protein_0273,protein_0375,0.2988505747126437
protein_0273,protein_0376,0.14423076923076922
protein_0273,protein_0377,0.2840909090909091
protein_0273,protein_0378,0.15384615384615385
protein_0273,protein_0379,0.1608767576509512
protein_0273,protein_0380,0.1608767576509512
protein_0273,protein_0381,0.1608767576509512
protein_0273,protein_0382,0.20087995797215655
protein_0273,protein_0384,0.36363636363636365
protein_0273,protein_0385,0.16025641025641027
protein_0273,protein_0386,0.13496932515337423
protein_0273,protein_0387,0.16666666666666666
protein_0273,protein_0388,0.1336206896551724
protein_0273,protein_0389,0.12643678160919541
protein_0273,protein_0391,0.23958333333333334
protein_0273,protein_0392,0.2903225806451613
protein_0273,protein_0394,0.19130434782608696
protein_0273,protein_0395,0.2826086956521739
protein_0273,protein_0396,0.14925373134328357
protein_0273,protein_0397,0.27472527472527475
protein_0273,protein_0398,0.15193089430894308
protein_0273,protein_0399,0.3563218390804598
protein_0295,protein_0000,0.1590909090909091
protein_0295,protein_0002,0.16049382716049382
protein_0295,protein_0003,0.16091954022988506
protein_0295,protein_0004,0.14444444444444443
protein_0295,protein_0005,0.20238095238095238
protein_0295,protein_0006,0.125
protein_0295,protein_0007,0.4793335273647867
protein_0295,protein_0008,0.18181818181818182
protein_0295,protein_0009,0.16483516483516483
protein_0295,protein_0010,0.1595744680851064
protein_0295,protein_0011,0.1724137931034483
protein_0295,protein_0012,0.15730337078651685
protein_0295,protein_0014,0.15371826548573475
protein_0295,protein_0015,0.16666666666666666
protein_0295,protein_0016,0.20202020202020202
protein_0295,protein_0017,0.1450381679389313
protein_0295,protein_0018,0.14285714285714285
protein_0295,protein_0019,0.2482421906175039
protein_0295,protein_0020,0.14942528735632185
protein_0295,protein_0021,0.15853658536585366
protein_0295,protein_0022,0.1266051364365971
protein_0295,protein_0023,0.135632183908046
protein_0295,protein_0024,0.1282051282051282
protein_0295,protein_0025,0.15730337078651685
protein_0295,protein_0026,0.14728682170542637
protein_0295,protein_0027,0.1663265306122449
protein_0295,protein_0028,0.12
protein_0295,protein_0029,0.9034663987503744
protein_0295,protein_0030,0.13445378151260504
protein_0295,protein_0031,0.1553398058252427
protein_0295,protein_0032,0.15730337078651685
protein_0295,protein_0033,0.17045454545454544
protein_0295,protein_0035,0.16326530612244897
protein_0295,protein_0036,0.37911636678093485
protein_0295,protein_0037,0.15384615384615385
protein_0295,protein_0038,0.15384615384615385
protein_0295,protein_0039,0.14736842105263157
protein_0295,protein_0040,0.21428571428571427
protein_0295,protein_0041,0.14772727272727273
protein_0295,protein_0042,0.1411764705882353
protein_0295,protein_0044,0.17045454545454544
protein_0295,protein_0045,0.17204301075268819
protein_0295,protein_0046,0.49471204460995755
protein_0295,protein_0047,0.13793103448275862
protein_0295,protein_0048,0.14285714285714285
protein_0295,protein_0050,0.17475728155339806
protein_0295,protein_0051,0.31456987332341707
protein_0295,protein_0054,0.1623931623931624
protein_0295,protein_0055,0.15384615384615385
protein_0295,protein_0056,0.15704263356718834
protein_0295,protein_0057,0.49361981684400086
protein_0295,protein_0058,0.15492957746478872
protein_0295,protein_0059,0.14285714285714285
protein_0295,protein_0060,0.13789378937893787
protein_0295,protein_0061,0.15555555555555556
protein_0295,protein_0062,0.15730337078651685
protein_0295,protein_0063,0.09859154929577464
protein_0295,protein_0064,0.14705882352941177
protein_0295,protein_0065,0.16161616161616163
protein_0295,protein_0066,0.17
protein_0295,protein_0067,0.13793103448275862
protein_0295,protein_0068,0.15730337078651685
protein_0295,protein_0069,0.13636363636363635
protein_0295,protein_0070,0.20430107526881722
protein_0295,protein_0071,0.15217391304347827
protein_0295,protein_0072,0.3759497686221824
protein_0295,protein_0073,0.14736842105263157
protein_0295,protein_0074,0.1724137931034483
protein_0295,protein_0075,0.12085332244564663
protein_0295,protein_0076,0.22666666666666666
protein_0295,protein_0077,0.16483516483516483
protein_0295,protein_0078,0.1485148514851485
protein_0295,protein_0079,0.1485148514851485
protein_0295,protein_0081,0.13793103448275862
protein_0295,protein_0082,0.1568627450980392
protein_0295,protein_0083,0.14606741573033707
protein_0295,protein_0084,0.153921568627451
protein_0295,protein_0085,0.1568627450980392
protein_0295,protein_0086,0.18269230769230768
protein_0295,protein_0087,0.37817303292147836
protein_0295,protein_0089,0.1430084745762712
protein_0295,protein_0090,0.1430084745762712
protein_0295,protein_0092,0.1282051282051282
protein_0295,protein_0093,0.1927710843373494
protein_0295,protein_0094,0.15517241379310345
protein_0295,protein_0095,0.15245009074410162
protein_0295,protein_0096,0.16666666666666666
protein_0295,protein_0097,0.14772727272727273
protein_0295,protein_0098,0.1724137931034483
protein_0295,protein_0099,0.14944444444444444
protein_0295,protein_0100,0.2927126463305093
protein_0295,protein_0101,0.13793103448275862
protein_0295,protein_0102,0.14432989690721648
protein_0295,protein_0103,0.1724137931034483
protein_0295,protein_0104,0.11570247933884298
protein_0295,protein_0106,0.11764705882352941
protein_0295,protein_0107,0.1797752808988764
protein_0295,protein_0108,0.16049382716049382
protein_0295,protein_0109,0.2584159811913356
protein_0295,protein_0110,0.13953488372093023
protein_0295,protein_0111,0.18947368421052632
protein_0295,protein_0112,0.17
protein_0295,protein_0113,0.16853932584269662
protein_0295,protein_0114,0.1348314606741573
protein_0295,protein_0115,0.13414634146341464
protein_0295,protein_0116,0.12390350877192982
protein_0295,protein_0117,0.12390350877192982
protein_0295,protein_0118,0.2510575905451461
protein_0295,protein_0119,0.16
protein_0295,protein_0120,0.16853932584269662
protein_0295,protein_0121,0.16853932584269662
protein_0295,protein_0122,0.17973856209150327
protein_0295,protein_0123,0.4181403916646085
protein_0295,protein_0124,0.14444444444444443
protein_0295,protein_0125,0.16161616161616163
protein_0295,protein_0126,0.16161616161616163
protein_0295,protein_0127,0.1724137931034483
protein_0295,protein_0128,0.16091954022988506
protein_0295,protein_0129,0.14942528735632185
protein_0295,protein_0130,0.15262515262515264
protein_0295,protein_0131,0.19780058651026394
protein_0295,protein_0132,0.16037735849056603
protein_0295,protein_0133,0.16037735849056603
protein_0295,protein_0135,0.17582417582417584
protein_0295,protein_0136,0.16379310344827586
protein_0295,protein_0137,0.1623931623931624
protein_0295,protein_0138,0.1623931623931624
protein_0295,protein_0139,0.28860635566624676
protein_0295,protein_0140,0.16129032258064516
protein_0295,protein_0141,0.16862745098039217
protein_0295,protein_0142,0.1511627906976744
protein_0295,protein_0143,0.13793103448275862
protein_0295,protein_0144,0.1590909090909091
protein_0295,protein_0145,0.4102144244095823
protein_0295,protein_0146,0.19444444444444445
protein_0295,protein_0147,0.14942528735632185
protein_0295,protein_0148,0.14942528735632185
protein_0295,protein_0149,0.3655233443257789
protein_0295,protein_0150,0.16279069767441862
protein_0295,protein_0151,0.20224719101123595
protein_0295,protein_0152,0.28939782745391135
protein_0295,protein_0153,0.16962861699703805
protein_0295,protein_0154,0.15806277056277054
protein_0295,protein_0155,0.11382113821138211
protein_0295,protein_0156,0.1651376146788991
protein_0295,protein_0157,0.16279069767441862
protein_0295,protein_0158,0.4053164520496644
protein_0295,protein_0159,0.21505376344086022
protein_0295,protein_0160,0.1744186046511628
protein_0295,protein_0162,0.1927710843373494
protein_0295,protein_0163,0.14423076923076922
protein_0295,protein_0164,0.1348314606741573
protein_0295,protein_0165,0.3652659600935463
protein_0295,protein_0167,0.14393939393939392
protein_0295,protein_0168,0.1393939393939394
protein_0295,protein_0169,0.15126050420168066
protein_0295,protein_0170,0.17073170731707318
protein_0295,protein_0171,0.15730337078651685
protein_0295,protein_0172,0.15254237288135594
protein_0295,protein_0173,0.1348314606741573
protein_0295,protein_0174,0.16091954022988506
protein_0295,protein_0175,0.16853932584269662
protein_0295,protein_0176,0.2687120833621768
protein_0295,protein_0177,0.3141890777099488
protein_0295,protein_0178,0.1415929203539823
protein_0295,protein_0179,0.1415929203539823
protein_0295,protein_0180,0.18478260869565216
protein_0295,protein_0181,0.13793103448275862
protein_0295,protein_0182,0.19318181818181818
protein_0295,protein_0183,0.16
protein_0295,protein_0184,0.13793103448275862
protein_0295,protein_0185,0.1511627906976744
protein_0295,protein_0186,0.1414141414141414
protein_0295,protein_0187,0.16091954022988506
protein_0295,protein_0188,0.2769556585787683
protein_0295,protein_0189,0.23333333333333334
protein_0295,protein_0191,0.16091954022988506
protein_0295,protein_0192,0.21686746987951808
protein_0295,protein_0193,0.13793103448275862
protein_0295,protein_0194,0.15217391304347827
protein_0295,protein_0195,0.1724137931034483
protein_0295,protein_0196,0.1724137931034483
protein_0295,protein_0197,0.13953488372093023
protein_0295,protein_0198,0.12222222222222222
protein_0295,protein_0199,0.16483516483516483
protein_0295,protein_0200,0.14942528735632185
protein_0295,protein_0202,0.14772727272727273
protein_0295,protein_0203,0.14049586776859505
protein_0295,protein_0204,0.3553582331313114
protein_0295,protein_0206,0.14942528735632185
protein_0295,protein_0207,0.13675213675213677
protein_0295,protein_0208,0.15093167701863353
protein_0295,protein_0209,0.17045454545454544
protein_0295,protein_0210,0.18604651162790697
protein_0295,protein_0211,0.16952614379084968
protein_0295,protein_0213,0.17045454545454544
protein_0295,protein_0214,0.19402985074626866
protein_0295,protein_0215,0.16666666666666666
protein_0295,protein_0216,0.21
protein_0295,protein_0218,0.136
protein_0295,protein_0219,0.15126050420168066
protein_0295,protein_0220,0.15555555555555556
protein_0295,protein_0221,0.21428571428571427
protein_0295,protein_0222,0.12790697674418605
protein_0295,protein_0223,0.18309859154929578
protein_0295,protein_0224,0.22129986062255258
protein_0295,protein_0225,0.17073170731707318
protein_0295,protein_0226,0.15555555555555556
protein_0295,protein_0227,0.2028985507246377
protein_0295,protein_0228,0.1622222222222222
protein_0295,protein_0229,0.1839080459770115
protein_0295,protein_0230,0.14705882352941177
protein_0295,protein_0231,0.14606741573033707
protein_0295,protein_0232,0.3498101575356827
protein_0295,protein_0233,0.15748031496062992
protein_0295,protein_0234,0.16
protein_0295,protein_0235,0.1577747184863567
protein_0295,protein_0236,0.13049126121870572
protein_0295,protein_0237,0.13049126121870572
protein_0295,protein_0238,0.1417910447761194
protein_0295,protein_0239,0.14772727272727273
protein_0295,protein_0240,0.14942528735632185
protein_0295,protein_0242,0.349870758400704
protein_0295,protein_0243,0.1590909090909091
protein_0295,protein_0244,0.15129573170731708
protein_0295,protein_0245,0.13583583583583583
protein_0295,protein_0246,0.18085106382978725
protein_0295,protein_0247,0.15385065227170489
protein_0295,protein_0248,0.1797752808988764
protein_0295,protein_0249,0.17582417582417584
protein_0295,protein_0250,0.14042207792207792
protein_0295,protein_0252,0.17647058823529413
protein_0295,protein_0253,0.168141592920354
protein_0295,protein_0254,0.15046138072453863
protein_0295,protein_0255,0.11695906432748537
protein_0295,protein_0256,0.15
protein_0295,protein_0257,0.15
protein_0295,protein_0258,0.1590909090909091
protein_0295,protein_0260,0.5025302283922974
protein_0295,protein_0261,0.16161616161616163
protein_0295,protein_0262,0.13333333333333333
protein_0295,protein_0265,0.13793103448275862
protein_0295,protein_0266,0.13897058823529412
protein_0295,protein_0267,0.19148936170212766
protein_0295,protein_0268,0.1951219512195122
protein_0295,protein_0270,0.19444444444444445
protein_0295,protein_0271,0.35827586206896556
protein_0295,protein_0272,0.1250909355448858
protein_0295,protein_0274,0.19101123595505617
protein_0295,protein_0275,0.1568627450980392
protein_0295,protein_0276,0.14606741573033707
protein_0295,protein_0277,0.26703448286404163
protein_0295,protein_0278,0.15384615384615385
protein_0295,protein_0279,0.13333333333333333
protein_0295,protein_0280,0.13414634146341464
protein_0295,protein_0281,0.1592920353982301
protein_0295,protein_0282,0.18055555555555555
protein_0295,protein_0283,0.1141552511415525
protein_0295,protein_0284,0.14895276292335113
protein_0295,protein_0285,0.1724137931034483
protein_0295,protein_0286,0.2912622744022555
protein_0295,protein_0287,0.14953271028037382
protein_0295,protein_0288,0.2
protein_0295,protein_0289,0.16481900452488688
protein_0295,protein_0290,0.13861386138613863
protein_0295,protein_0291,0.14791666666666667
protein_0295,protein_0292,0.2748739592244923
protein_0295,protein_0293,0.19318181818181818
protein_0295,protein_0294,0.1471661534952674
protein_0295,protein_0296,0.17543859649122806
protein_0295,protein_0297,0.5602403343782654
protein_0295,protein_0298,0.3724451410658307
protein_0295,protein_0299,0.17026727600055394
protein_0295,protein_0300,0.16647727272727272
protein_0295,protein_0301,0.17164702581369246
protein_0295,protein_0302,0.0967741935483871
protein_0295,protein_0304,0.16179969716634218
protein_0295,protein_0305,0.13578958988795053
protein_0295,protein_0307,0.16101694915254236
protein_0295,protein_0308,0.1565217391304348
protein_0295,protein_0310,0.16161616161616163
protein_0295,protein_0311,0.16483516483516483
protein_0295,protein_0312,0.14772727272727273
protein_0295,protein_0313,0.1630718954248366
protein_0295,protein_0314,0.16
protein_0295,protein_0316,0.3911945223560468
protein_0295,protein_0317,0.16
protein_0295,protein_0318,0.1504424778761062
protein_0295,protein_0320,0.13793103448275862
protein_0295,protein_0321,0.14772727272727273
protein_0295,protein_0322,0.17045454545454544
protein_0295,protein_0323,0.17582417582417584
protein_0295,protein_0324,0.1780821917808219
protein_0295,protein_0325,0.14545807453416149
protein_0295,protein_0326,0.17708333333333334
protein_0295,protein_0327,0.16091954022988506
protein_0295,protein_0329,0.1574074074074074
protein_0295,protein_0330,0.125
protein_0295,protein_0331,0.909386436566964
protein_0295,protein_0332,0.13719979560551865
protein_0295,protein_0333,0.16783216783216784
protein_0295,protein_0334,0.16483516483516483
protein_0295,protein_0335,0.16831683168316833
protein_0295,protein_0336,0.46105813122147055
protein_0295,protein_0337,0.13383838383838384
protein_0295,protein_0338,0.13793103448275862
protein_0295,protein_0340,0.17647058823529413
protein_0295,protein_0341,0.1941747572815534
protein_0295,protein_0342,0.18840579710144928
protein_0295,protein_0343,0.14292175486205339
protein_0295,protein_0344,0.18181818181818182
protein_0295,protein_0346,0.17027769301190115
protein_0295,protein_0347,0.29292665171402876
protein_0295,protein_0348,0.1391304347826087
protein_0295,protein_0349,0.15
protein_0295,protein_0350,0.18181818181818182
protein_0295,protein_0351,0.15730337078651685
protein_0295,protein_0352,0.3129735405922784
protein_0295,protein_0353,0.11600790513833992
protein_0295,protein_0354,0.16129032258064516
protein_0295,protein_0355,0.14523670368205727
protein_0295,protein_0356,0.4088921744416848
protein_0295,protein_0357,0.1322314049586777
protein_0295,protein_0358,0.18181818181818182
protein_0295,protein_0359,0.15126050420168066
protein_0295,protein_0360,0.19318181818181818
protein_0295,protein_0361,0.1271186440677966
protein_0295,protein_0362,0.16091954022988506
protein_0295,protein_0363,0.16091954022988506
protein_0295,protein_0366,0.15294117647058825
protein_0295,protein_0367,0.17
protein_0295,protein_0368,0.17073170731707318
protein_0295,protein_0369,0.16049382716049382
protein_0295,protein_0370,0.18181818181818182
protein_0295,protein_0371,0.13953488372093023
protein_0295,protein_0372,0.10091743119266056
protein_0295,protein_0373,0.15
protein_0295,protein_0374,0.17647058823529413
protein_0295,protein_0375,0.16853932584269662
protein_0295,protein_0376,0.15151515151515152
protein_0295,protein_0377,0.15555555555555556
protein_0295,protein_0378,0.17857142857142858
protein_0295,protein_0379,0.1376693851079097
protein_0295,protein_0380,0.1376693851079097
protein_0295,protein_0381,0.1376693851079097
protein_0295,protein_0382,0.16893939393939394
protein_0295,protein_0384,0.19101123595505617
protein_0295,protein_0385,0.13725490196078433
protein_0295,protein_0386,0.18181818181818182
protein_0295,protein_0387,0.15789473684210525
protein_0295,protein_0388,0.4012550184238024
protein_0295,protein_0389,0.2112676056338028
protein_0295,protein_0391,0.17204301075268819
protein_0295,protein_0392,0.16853932584269662
protein_0295,protein_0394,0.14035087719298245
protein_0295,protein_0395,0.14130434782608695
protein_0295,protein_0396,0.14912280701754385
protein_0295,protein_0397,0.16279069767441862
protein_0295,protein_0398,0.14380346733287908
protein_0295,protein_0399,0.14942528735632185
protein_0303,protein_0000,0.20224719101123595
protein_0303,protein_0002,0.14634146341463414
protein_0303,protein_0003,0.2777777777777778
protein_0303,protein_0004,0.21839080459770116
protein_0303,protein_0005,0.16666666666666666
protein_0303,protein_0006,0.22727272727272727
protein_0303,protein_0007,0.21621621621621623
protein_0303,protein_0008,0.13131313131313133
protein_0303,protein_0009,0.23863636363636365
protein_0303,protein_0010,0.2696629213483146
protein_0303,protein_0011,0.21348314606741572
protein_0303,protein_0012,0.22826086956521738
protein_0303,protein_0014,0.1702127659574468
protein_0303,protein_0015,0.15841584158415842
protein_0303,protein_0016,0.11320754716981132
protein_0303,protein_0017,0.1328125
protein_0303,protein_0018,0.19791666666666666
protein_0303,protein_0019,0.20270270270270271
protein_0303,protein_0020,0.21839080459770116
protein_0303,protein_0021,0.14457831325301204
protein_0303,protein_0022,0.13333333333333333
protein_0303,protein_0023,0.1717171717171717
protein_0303,protein_0024,0.15873015873015872
protein_0303,protein_0025,0.20454545454545456
protein_0303,protein_0026,0.12403100775193798
protein_0303,protein_0027,0.18072289156626506
protein_0303,protein_0028,0.08
protein_0303,protein_0029,0.1794871794871795
protein_0303,protein_0030,0.12903225806451613
protein_0303,protein_0031,0.13725490196078433
protein_0303,protein_0032,0.2696629213483146
protein_0303,protein_0033,0.1724137931034483
protein_0303,protein_0035,0.10204081632653061
protein_0303,protein_0036,0.1794871794871795
protein_0303,protein_0037,0.25842696629213485
protein_0303,protein_0038,0.25842696629213485
protein_0303,protein_0039,0.2391304347826087
protein_0303,protein_0040,0.13636363636363635
protein_0303,protein_0041,0.25555555555555554
protein_0303,protein_0042,0.16091954022988506
protein_0303,protein_0044,0.23595505617977527
protein_0303,protein_0045,0.25842696629213485
protein_0303,protein_0046,0.22972972972972974
protein_0303,protein_0047,0.25555555555555554
protein_0303,protein_0048,0.26436781609195403
protein_0303,protein_0050,0.13333333333333333
protein_0303,protein_0051,0.21794871794871795
protein_0303,protein_0054,0.1875
protein_0303,protein_0055,0.15966386554621848
protein_0303,protein_0056,0.13513513513513514
protein_0303,protein_0057,0.22972972972972974
protein_0303,protein_0058,0.18604651162790697
protein_0303,protein_0059,0.25274725274725274
protein_0303,protein_0060,0.12745098039215685
protein_0303,protein_0061,0.25274725274725274
protein_0303,protein_0062,0.24719101123595505
protein_0303,protein_0063,0.08450704225352113
protein_0303,protein_0064,0.21739130434782608
protein_0303,protein_0065,0.0891089108910891
protein_0303,protein_0066,0.1651376146788991
protein_0303,protein_0067,0.26136363636363635
protein_0303,protein_0068,0.19318181818181818
protein_0303,protein_0069,0.21839080459770116
protein_0303,protein_0070,0.1724137931034483
protein_0303,protein_0071,0.1724137931034483
protein_0303,protein_0072,0.15584415584415584
protein_0303,protein_0073,0.24719101123595505
protein_0303,protein_0074,0.19318181818181818
protein_0303,protein_0075,0.14583333333333334
protein_0303,protein_0076,0.2
protein_0303,protein_0077,0.19101123595505617
protein_0303,protein_0078,0.18518518518518517
protein_0303,protein_0079,0.18518518518518517
protein_0303,protein_0081,0.19540229885057472
protein_0303,protein_0082,0.1262135922330097
protein_0303,protein_0083,0.2247191011235955
protein_0303,protein_0084,0.20930232558139536
protein_0303,protein_0085,0.16981132075471697
protein_0303,protein_0086,0.1
protein_0303,protein_0087,0.16883116883116883
protein_0303,protein_0089,0.12280701754385964
protein_0303,protein_0090,0.12173913043478261
protein_0303,protein_0092,0.10344827586206896
protein_0303,protein_0093,0.23809523809523808
protein_0303,protein_0094,0.14912280701754385
protein_0303,protein_0095,0.11403508771929824
protein_0303,protein_0096,0.15151515151515152
protein_0303,protein_0097,0.22093023255813954
protein_0303,protein_0098,0.25274725274725274
protein_0303,protein_0099,0.14705882352941177
protein_0303,protein_0100,0.17105263157894737
protein_0303,protein_0101,0.24719101123595505
protein_0303,protein_0102,0.18181818181818182
protein_0303,protein_0103,0.25842696629213485
protein_0303,protein_0104,0.1440677966101695
protein_0303,protein_0106,0.1440677966101695
protein_0303,protein_0107,0.28888888888888886
protein_0303,protein_0108,0.5308641975308642
protein_0303,protein_0109,0.21333333333333335
protein_0303,protein_0110,0.22093023255813954
protein_0303,protein_0111,0.23595505617977527
protein_0303,protein_0112,0.1743119266055046
protein_0303,protein_0113,0.19540229885057472
protein_0303,protein_0114,0.2413793103448276
protein_0303,protein_0115,0.1951219512195122
protein_0303,protein_0116,0.13636363636363635
protein_0303,protein_0117,0.13636363636363635
protein_0303,protein_0118,0.19480519480519481
protein_0303,protein_0119,0.12871287128712872
protein_0303,protein_0120,0.19101123595505617
protein_0303,protein_0121,0.19101123595505617
protein_0303,protein_0122,0.29213483146067415
protein_0303,protein_0123,0.2375
protein_0303,protein_0124,0.1797752808988764
protein_0303,protein_0125,0.13592233009708737
protein_0303,protein_0126,0.12121212121212122
protein_0303,protein_0127,0.24719101123595505
protein_0303,protein_0128,0.21348314606741572
protein_0303,protein_0129,0.2696629213483146
protein_0303,protein_0130,0.1391304347826087
protein_0303,protein_0131,0.18181818181818182
protein_0303,protein_0132,0.1743119266055046
protein_0303,protein_0133,0.1743119266055046
protein_0303,protein_0135,0.20224719101123595
protein_0303,protein_0136,0.13675213675213677
protein_0303,protein_0137,0.1282051282051282
protein_0303,protein_0138,0.1282051282051282
protein_0303,protein_0139,0.1875
protein_0303,protein_0140,0.20689655172413793
protein_0303,protein_0141,0.24719101123595505
protein_0303,protein_0142,0.20454545454545456
protein_0303,protein_0143,0.22988505747126436
protein_0303,protein_0144,0.19540229885057472
protein_0303,protein_0145,0.1728395061728395
protein_0303,protein_0146,0.10588235294117647
protein_0303,protein_0147,0.2413793103448276
protein_0303,protein_0148,0.19148936170212766
protein_0303,protein_0149,0.20270270270270271
protein_0303,protein_0150,0.2696629213483146
protein_0303,protein_0151,0.30851063829787234
protein_0303,protein_0152,0.1891891891891892
protein_0303,protein_0153,0.18604651162790697
protein_0303,protein_0154,0.1724137931034483
protein_0303,protein_0155,0.13114754098360656
protein_0303,protein_0156,0.18518518518518517
protein_0303,protein_0157,0.12359550561797752
protein_0303,protein_0158,0.225
protein_0303,protein_0159,0.26666666666666666
protein_0303,protein_0160,0.2087912087912088
protein_0303,protein_0162,0.25925925925925924
protein_0303,protein_0163,0.18269230769230768
protein_0303,protein_0164,0.21839080459770116
protein_0303,protein_0165,0.18518518518518517
protein_0303,protein_0167,0.13636363636363635
protein_0303,protein_0168,0.12727272727272726
protein_0303,protein_0169,0.11864406779661017
protein_0303,protein_0170,0.1951219512195122
protein_0303,protein_0171,0.22988505747126436
protein_0303,protein_0172,0.08547008547008547
protein_0303,protein_0173,0.17582417582417584
protein_0303,protein_0174,0.21739130434782608
protein_0303,protein_0175,0.21739130434782608
protein_0303,protein_0176,0.15584415584415584
protein_0303,protein_0177,0.16216216216216217
protein_0303,protein_0178,0.12931034482758622
protein_0303,protein_0179,0.11504424778761062
protein_0303,protein_0180,0.19540229885057472
protein_0303,protein_0181,0.25842696629213485
protein_0303,protein_0182,0.25287356321839083
protein_0303,protein_0183,0.12871287128712872
protein_0303,protein_0184,0.21348314606741572
protein_0303,protein_0185,0.17582417582417584
protein_0303,protein_0186,0.12871287128712872
protein_0303,protein_0187,0.21739130434782608
protein_0303,protein_0188,0.17567567567567569
protein_0303,protein_0189,0.2727272727272727
protein_0303,protein_0191,0.25287356321839083
protein_0303,protein_0192,0.2441860465116279
protein_0303,protein_0193,0.1724137931034483
protein_0303,protein_0194,0.18888888888888888
protein_0303,protein_0195,0.20224719101123595
protein_0303,protein_0196,0.21348314606741572
protein_0303,protein_0197,0.19767441860465115
protein_0303,protein_0198,0.23595505617977527
protein_0303,protein_0199,0.3111111111111111
protein_0303,protein_0200,0.21839080459770116
protein_0303,protein_0202,0.18478260869565216
protein_0303,protein_0203,0.168
protein_0303,protein_0204,0.16883116883116883
protein_0303,protein_0206,0.22826086956521738
protein_0303,protein_0207,0.16666666666666666
protein_0303,protein_0208,0.1504424778761062
protein_0303,protein_0209,0.2247191011235955
protein_0303,protein_0210,0.22093023255813954
protein_0303,protein_0211,0.13861386138613863
protein_0303,protein_0213,0.2413793103448276
protein_0303,protein_0214,0.13095238095238096
protein_0303,protein_0215,0.12195121951219512
protein_0303,protein_0216,0.16161616161616163
protein_0303,protein_0218,0.1732283464566929
protein_0303,protein_0219,0.15
protein_0303,protein_0220,0.22988505747126436
protein_0303,protein_0221,0.14285714285714285
protein_0303,protein_0222,0.23255813953488372
protein_0303,protein_0223,0.13157894736842105
protein_0303,protein_0224,0.16
protein_0303,protein_0225,0.10344827586206896
protein_0303,protein_0226,0.1
protein_0303,protein_0227,0.1794871794871795
protein_0303,protein_0228,0.19148936170212766
protein_0303,protein_0229,0.09523809523809523
protein_0303,protein_0230,0.29292929292929293
protein_0303,protein_0231,0.19540229885057472
protein_0303,protein_0232,0.2
protein_0303,protein_0233,0.14615384615384616
protein_0303,protein_0234,0.16831683168316833
protein_0303,protein_0235,0.17894736842105263
protein_0303,protein_0236,0.18888888888888888
protein_0303,protein_0237,0.18888888888888888
protein_0303,protein_0238,0.15037593984962405
protein_0303,protein_0239,0.1839080459770115
protein_0303,protein_0240,0.1839080459770115
protein_0303,protein_0242,0.16216216216216217
protein_0303,protein_0243,0.1724137931034483
protein_0303,protein_0244,0.1686746987951807
protein_0303,protein_0245,0.1875
protein_0303,protein_0246,0.14130434782608695
protein_0303,protein_0247,0.17142857142857143
protein_0303,protein_0248,0.1724137931034483
protein_0303,protein_0249,0.20689655172413793
protein_0303,protein_0250,0.19753086419753085
protein_0303,protein_0252,0.18681318681318682
protein_0303,protein_0253,0.13274336283185842
protein_0303,protein_0254,0.10975609756097561
protein_0303,protein_0255,0.1286549707602339
protein_0303,protein_0256,0.16
protein_0303,protein_0257,0.15
protein_0303,protein_0258,0.22727272727272727
protein_0303,protein_0260,0.1891891891891892
protein_0303,protein_0261,0.1346153846153846
protein_0303,protein_0262,0.17777777777777778
protein_0303,protein_0265,0.25287356321839083
protein_0303,protein_0266,0.1797752808988764
protein_0303,protein_0267,0.17777777777777778
protein_0303,protein_0268,0.09523809523809523
protein_0303,protein_0270,0.16455696202531644
protein_0303,protein_0271,0.17721518987341772
protein_0303,protein_0272,0.2222222222222222
protein_0303,protein_0274,0.3076923076923077
protein_0303,protein_0275,0.13592233009708737
protein_0303,protein_0276,0.23333333333333334
protein_0303,protein_0277,0.19736842105263158
protein_0303,protein_0278,0.2222222222222222
protein_0303,protein_0279,0.18823529411764706
protein_0303,protein_0280,0.20987654320987653
protein_0303,protein_0281,0.16071428571428573
protein_0303,protein_0282,0.16279069767441862
protein_0303,protein_0283,0.10550458715596331
protein_0303,protein_0284,0.24719101123595505
protein_0303,protein_0285,0.25274725274725274
protein_0303,protein_0286,0.1891891891891892
protein_0303,protein_0287,0.18181818181818182
protein_0303,protein_0288,0.2375
protein_0303,protein_0289,0.16455696202531644
protein_0303,protein_0290,0.11764705882352941
protein_0303,protein_0291,0.1951219512195122
protein_0303,protein_0292,0.1891891891891892
protein_0303,protein_0293,0.2967032967032967
protein_0303,protein_0294,0.1951219512195122
protein_0303,protein_0296,0.1415929203539823
protein_0303,protein_0297,0.1891891891891892
protein_0303,protein_0298,0.1794871794871795
protein_0303,protein_0299,0.17045454545454544
protein_0303,protein_0300,0.1978021978021978
protein_0303,protein_0301,0.1978021978021978
protein_0303,protein_0302,0.10599078341013825
protein_0303,protein_0304,0.1728395061728395
protein_0303,protein_0305,0.16326530612244897
protein_0303,protein_0307,0.14166666666666666
protein_0303,protein_0308,0.16521739130434782
protein_0303,protein_0310,0.1941747572815534
protein_0303,protein_0311,0.2222222222222222
protein_0303,protein_0312,0.1797752808988764
protein_0303,protein_0313,0.19540229885057472
protein_0303,protein_0314,0.1414141414141414
protein_0303,protein_0316,0.16883116883116883
protein_0303,protein_0317,0.11926605504587157
protein_0303,protein_0318,0.16964285714285715
protein_0303,protein_0320,0.21839080459770116
protein_0303,protein_0321,0.26595744680851063
protein_0303,protein_0322,0.19047619047619047
protein_0303,protein_0323,0.19540229885057472
protein_0303,protein_0324,0.2125
protein_0303,protein_0325,0.11607142857142858
protein_0303,protein_0326,0.20652173913043478
protein_0303,protein_0327,0.25555555555555554
protein_0303,protein_0329,0.1111111111111111
protein_0303,protein_0330,0.20224719101123595
protein_0303,protein_0331,0.19230769230769232
protein_0303,protein_0332,0.19101123595505617
protein_0303,protein_0333,0.21348314606741572
protein_0303,protein_0334,0.2696629213483146
protein_0303,protein_0335,0.16831683168316833
protein_0303,protein_0336,0.1891891891891892
protein_0303,protein_0337,0.23333333333333334
protein_0303,protein_0338,0.19540229885057472
protein_0303,protein_0340,0.1485148514851485
protein_0303,protein_0341,0.17647058823529413
protein_0303,protein_0342,0.16666666666666666
protein_0303,protein_0343,0.16455696202531644
protein_0303,protein_0344,0.2222222222222222
protein_0303,protein_0346,0.11304347826086956
protein_0303,protein_0347,0.18421052631578946
protein_0303,protein_0348,0.13445378151260504
protein_0303,protein_0349,0.1981981981981982
protein_0303,protein_0350,0.2
protein_0303,protein_0351,0.2247191011235955
protein_0303,protein_0352,0.17567567567567569
protein_0303,protein_0353,0.14035087719298245
protein_0303,protein_0354,0.27586206896551724
protein_0303,protein_0355,0.22988505747126436
protein_0303,protein_0356,0.18421052631578946
protein_0303,protein_0357,0.14166666666666666
protein_0303,protein_0358,0.22340425531914893
protein_0303,protein_0359,0.08403361344537816
protein_0303,protein_0360,0.2247191011235955
protein_0303,protein_0361,0.14634146341463414
protein_0303,protein_0362,0.4942528735632184
protein_0303,protein_0363,0.4942528735632184
protein_0303,protein_0366,0.5647058823529412
protein_0303,protein_0367,0.13131313131313133
protein_0303,protein_0368,0.18604651162790697
protein_0303,protein_0369,0.18072289156626506
protein_0303,protein_0370,0.2222222222222222
protein_0303,protein_0371,0.26744186046511625
protein_0303,protein_0372,0.0779816513761468
protein_0303,protein_0373,0.18018018018018017
protein_0303,protein_0374,0.14285714285714285
protein_0303,protein_0375,0.2696629213483146
protein_0303,protein_0376,0.16161616161616163
protein_0303,protein_0377,0.20652173913043478
protein_0303,protein_0378,0.09090909090909091
protein_0303,protein_0379,0.22077922077922077
protein_0303,protein_0380,0.22077922077922077
protein_0303,protein_0381,0.22077922077922077
protein_0303,protein_0382,0.21839080459770116
protein_0303,protein_0384,0.22988505747126436
protein_0303,protein_0385,0.12037037037037036
protein_0303,protein_0386,0.21
protein_0303,protein_0387,0.15306122448979592
protein_0303,protein_0388,0.2077922077922078
protein_0303,protein_0389,0.20253164556962025
protein_0303,protein_0391,0.26136363636363635
protein_0303,protein_0392,0.19540229885057472
protein_0303,protein_0394,0.09649122807017543
protein_0303,protein_0395,0.28888888888888886
protein_0303,protein_0396,0.17543859649122806
protein_0303,protein_0397,0.24096385542168675
protein_0303,protein_0398,0.18803418803418803
protein_0303,protein_0399,0.24719101123595505
protein_0306,protein_0000,0.1092436974789916
protein_0306,protein_0002,0.1111111111111111
protein_0306,protein_0003,0.11904761904761904
protein_0306,protein_0004,0.08547008547008547
protein_0306,protein_0005,0.1271186440677966
protein_0306,protein_0006,0.14049586776859505
protein_0306,protein_0007,0.1282051282051282
protein_0306,protein_0008,0.14516129032258066
protein_0306,protein_0009,0.1774193548387097
protein_0306,protein_0010,0.14960629921259844
protein_0306,protein_0011,0.13445378151260504
protein_0306,protein_0012,0.11864406779661017
protein_0306,protein_0014,0.2066115702479339
protein_0306,protein_0015,0.2066115702479339
protein_0306,protein_0016,0.13559322033898305
protein_0306,protein_0017,0.16083916083916083
protein_0306,protein_0018,0.1440677966101695
protein_0306,protein_0019,0.15384615384615385
protein_0306,protein_0020,0.17073170731707318
protein_0306,protein_0021,0.11475409836065574
protein_0306,protein_0022,0.15384615384615385
protein_0306,protein_0023,0.14166666666666666
protein_0306,protein_0024,0.46153846153846156
protein_0306,protein_0025,0.12605042016806722
protein_0306,protein_0026,0.19117647058823528
protein_0306,protein_0027,0.15966386554621848
protein_0306,protein_0028,0.1440677966101695
protein_0306,protein_0029,0.1623931623931624
protein_0306,protein_0030,0.3709677419354839
protein_0306,protein_0031,0.1532258064516129
protein_0306,protein_0032,0.1322314049586777
protein_0306,protein_0033,0.1282051282051282
protein_0306,protein_0035,0.7863247863247863
protein_0306,protein_0036,0.13675213675213677
protein_0306,protein_0037,0.20930232558139536
protein_0306,protein_0038,0.20930232558139536
protein_0306,protein_0039,0.176
protein_0306,protein_0040,0.1623931623931624
protein_0306,protein_0041,0.1440677966101695
protein_0306,protein_0042,0.1694915254237288
protein_0306,protein_0044,0.1282051282051282
protein_0306,protein_0045,0.15384615384615385
protein_0306,protein_0046,0.13675213675213677
protein_0306,protein_0047,0.10833333333333334
protein_0306,protein_0048,0.18548387096774194
protein_0306,protein_0050,0.1794871794871795
protein_0306,protein_0051,0.13675213675213677
protein_0306,protein_0054,0.6666666666666666
protein_0306,protein_0055,0.9914529914529915
protein_0306,protein_0056,0.18045112781954886
protein_0306,protein_0057,0.1452991452991453
protein_0306,protein_0058,0.16666666666666666
protein_0306,protein_0059,0.17073170731707318
protein_0306,protein_0060,0.19166666666666668
protein_0306,protein_0061,0.16101694915254236
protein_0306,protein_0062,0.17886178861788618
protein_0306,protein_0063,0.14351851851851852
protein_0306,protein_0064,0.1282051282051282
protein_0306,protein_0065,0.12396694214876033
protein_0306,protein_0066,0.11382113821138211
protein_0306,protein_0067,0.1349206349206349
protein_0306,protein_0068,0.17094017094017094
protein_0306,protein_0069,0.1623931623931624
protein_0306,protein_0070,0.1623931623931624
protein_0306,protein_0071,0.15384615384615385
protein_0306,protein_0072,0.1452991452991453
protein_0306,protein_0073,0.14049586776859505
protein_0306,protein_0074,0.13559322033898305
protein_0306,protein_0075,0.192
protein_0306,protein_0076,0.13934426229508196
protein_0306,protein_0077,0.14285714285714285
protein_0306,protein_0078,0.14634146341463414
protein_0306,protein_0079,0.14634146341463414
protein_0306,protein_0081,0.16
protein_0306,protein_0082,0.17293233082706766
protein_0306,protein_0083,0.11904761904761904
protein_0306,protein_0084,0.1450381679389313
protein_0306,protein_0085,0.16
protein_0306,protein_0086,0.11904761904761904
protein_0306,protein_0087,0.1282051282051282
protein_0306,protein_0089,0.14925373134328357
protein_0306,protein_0090,0.13953488372093023
protein_0306,protein_0092,0.14516129032258066
protein_0306,protein_0093,0.16
protein_0306,protein_0094,0.4049586776859504
protein_0306,protein_0095,0.140625
protein_0306,protein_0096,0.1652892561983471
protein_0306,protein_0097,0.10256410256410256
protein_0306,protein_0098,0.15384615384615385
protein_0306,protein_0099,0.1951219512195122
protein_0306,protein_0100,0.13445378151260504
protein_0306,protein_0101,0.1452991452991453
protein_0306,protein_0102,0.1092436974789916
protein_0306,protein_0103,0.152
protein_0306,protein_0104,0.4358974358974359
protein_0306,protein_0106,0.14960629921259844
protein_0306,protein_0107,0.13445378151260504
protein_0306,protein_0108,0.13333333333333333
protein_0306,protein_0109,0.15
protein_0306,protein_0110,0.14516129032258066
protein_0306,protein_0111,0.12903225806451613
protein_0306,protein_0112,0.2076923076923077
protein_0306,protein_0113,0.1652892561983471
protein_0306,protein_0114,0.10236220472440945
protein_0306,protein_0115,0.12195121951219512
protein_0306,protein_0116,0.14893617021276595
protein_0306,protein_0117,0.14893617021276595
protein_0306,protein_0118,0.15126050420168066
protein_0306,protein_0119,0.11904761904761904
protein_0306,protein_0120,0.14285714285714285
protein_0306,protein_0121,0.14285714285714285
protein_0306,protein_0122,0.20155038759689922
protein_0306,protein_0123,0.11965811965811966
protein_0306,protein_0124,0.15384615384615385
protein_0306,protein_0125,0.14634146341463414
protein_0306,protein_0126,0.15833333333333333
protein_0306,protein_0127,0.12698412698412698
protein_0306,protein_0128,0.1623931623931624
protein_0306,protein_0129,0.1452991452991453
protein_0306,protein_0130,0.15671641791044777
protein_0306,protein_0131,0.1282051282051282
protein_0306,protein_0132,0.12
protein_0306,protein_0133,0.12
protein_0306,protein_0135,0.15254237288135594
protein_0306,protein_0136,0.6837606837606838
protein_0306,protein_0137,0.4322033898305085
protein_0306,protein_0138,0.4322033898305085
protein_0306,protein_0139,0.1452991452991453
protein_0306,protein_0140,0.13821138211382114
protein_0306,protein_0141,0.1937984496124031
protein_0306,protein_0142,0.10655737704918032
protein_0306,protein_0143,0.15254237288135594
protein_0306,protein_0144,0.14516129032258066
protein_0306,protein_0145,0.1282051282051282
protein_0306,protein_0146,0.1111111111111111
protein_0306,protein_0147,0.16129032258064516
protein_0306,protein_0148,0.15079365079365079
protein_0306,protein_0149,0.1440677966101695
protein_0306,protein_0150,0.15384615384615385
protein_0306,protein_0151,0.16176470588235295
protein_0306,protein_0152,0.15254237288135594
protein_0306,protein_0153,0.13675213675213677
protein_0306,protein_0154,0.1452991452991453
protein_0306,protein_0155,0.1619718309859155
protein_0306,protein_0156,0.25210084033613445
protein_0306,protein_0157,0.09243697478991597
protein_0306,protein_0158,0.1452991452991453
protein_0306,protein_0159,0.13333333333333333
protein_0306,protein_0160,0.1623931623931624
protein_0306,protein_0162,0.13445378151260504
protein_0306,protein_0163,0.19672131147540983
protein_0306,protein_0164,0.15126050420168066
protein_0306,protein_0165,0.11965811965811966
protein_0306,protein_0167,0.16176470588235295
protein_0306,protein_0168,0.15625
protein_0306,protein_0169,0.36752136752136755
protein_0306,protein_0170,0.14285714285714285
protein_0306,protein_0171,0.15702479338842976
protein_0306,protein_0172,0.4700854700854701
protein_0306,protein_0173,0.11666666666666667
protein_0306,protein_0174,0.13333333333333333
protein_0306,protein_0175,0.15384615384615385
protein_0306,protein_0176,0.1440677966101695
protein_0306,protein_0177,0.15384615384615385
protein_0306,protein_0178,0.3902439024390244
protein_0306,protein_0179,0.36885245901639346
protein_0306,protein_0180,0.096
protein_0306,protein_0181,0.13821138211382114
protein_0306,protein_0182,0.11864406779661017
protein_0306,protein_0183,0.17647058823529413
protein_0306,protein_0184,0.1111111111111111
protein_0306,protein_0185,0.1092436974789916
protein_0306,protein_0186,0.18487394957983194
protein_0306,protein_0187,0.15384615384615385
protein_0306,protein_0188,0.1623931623931624
protein_0306,protein_0189,0.15
protein_0306,protein_0191,0.14049586776859505
protein_0306,protein_0192,0.12605042016806722
protein_0306,protein_0193,0.10526315789473684
protein_0306,protein_0194,0.11382113821138211
protein_0306,protein_0195,0.10743801652892562
protein_0306,protein_0196,0.15126050420168066
protein_0306,protein_0197,0.15079365079365079
protein_0306,protein_0198,0.09917355371900827
protein_0306,protein_0199,0.13970588235294118
protein_0306,protein_0200,0.12903225806451613
protein_0306,protein_0202,0.12698412698412698
protein_0306,protein_0203,0.49572649572649574
protein_0306,protein_0204,0.17796610169491525
protein_0306,protein_0206,0.10256410256410256
protein_0306,protein_0207,0.48333333333333334
protein_0306,protein_0208,0.1450381679389313
protein_0306,protein_0209,0.11965811965811966
protein_0306,protein_0210,0.17391304347826086
protein_0306,protein_0211,0.16030534351145037
protein_0306,protein_0213,0.1557377049180328
protein_0306,protein_0214,0.17094017094017094
protein_0306,protein_0215,0.1774193548387097
protein_0306,protein_0216,0.128
protein_0306,protein_0218,0.18439716312056736
protein_0306,protein_0219,0.37404580152671757
protein_0306,protein_0220,0.13675213675213677
protein_0306,protein_0221,0.152
protein_0306,protein_0222,0.13953488372093023
protein_0306,protein_0223,0.11965811965811966
protein_0306,protein_0224,0.1794871794871795
protein_0306,protein_0225,0.15
protein_0306,protein_0226,0.14285714285714285
protein_0306,protein_0227,0.1440677966101695
protein_0306,protein_0228,0.10743801652892562
protein_0306,protein_0229,0.14049586776859505
protein_0306,protein_0230,0.11570247933884298
protein_0306,protein_0231,0.11965811965811966
protein_0306,protein_0232,0.17094017094017094
protein_0306,protein_0233,0.14285714285714285
protein_0306,protein_0234,0.17424242424242425
protein_0306,protein_0235,0.16666666666666666
protein_0306,protein_0236,0.15753424657534246
protein_0306,protein_0237,0.15753424657534246
protein_0306,protein_0238,0.15753424657534246
protein_0306,protein_0239,0.11965811965811966
protein_0306,protein_0240,0.15126050420168066
protein_0306,protein_0242,0.15254237288135594
protein_0306,protein_0243,0.10256410256410256
protein_0306,protein_0244,0.1282051282051282
protein_0306,protein_0245,0.16312056737588654
protein_0306,protein_0246,0.1322314049586777
protein_0306,protein_0247,0.17829457364341086
protein_0306,protein_0248,0.12903225806451613
protein_0306,protein_0249,0.13445378151260504
protein_0306,protein_0250,0.12295081967213115
protein_0306,protein_0252,0.13333333333333333
protein_0306,protein_0253,0.1590909090909091
protein_0306,protein_0254,0.10256410256410256
protein_0306,protein_0255,0.13372093023255813
protein_0306,protein_0256,0.4322033898305085
protein_0306,protein_0257,0.3728813559322034
protein_0306,protein_0258,0.1323529411764706
protein_0306,protein_0260,0.15384615384615385
protein_0306,protein_0261,0.14173228346456693
protein_0306,protein_0262,0.16216216216216217
protein_0306,protein_0265,0.13821138211382114
protein_0306,protein_0266,0.16
protein_0306,protein_0267,0.1557377049180328
protein_0306,protein_0268,0.1349206349206349
protein_0306,protein_0270,0.10256410256410256
protein_0306,protein_0271,0.11864406779661017
protein_0306,protein_0272,0.15527950310559005
protein_0306,protein_0274,0.15
protein_0306,protein_0275,0.12396694214876033
protein_0306,protein_0276,0.1322314049586777
protein_0306,protein_0277,0.11965811965811966
protein_0306,protein_0278,0.0975609756097561
protein_0306,protein_0279,0.15
protein_0306,protein_0280,0.1623931623931624
protein_0306,protein_0281,0.13076923076923078
protein_0306,protein_0282,0.1282051282051282
protein_0306,protein_0283,0.09734513274336283
protein_0306,protein_0284,0.1937984496124031
protein_0306,protein_0285,0.13821138211382114
protein_0306,protein_0286,0.1693548387096774
protein_0306,protein_0287,0.144
protein_0306,protein_0288,0.10256410256410256
protein_0306,protein_0289,0.18803418803418803
protein_0306,protein_0290,0.1349206349206349
protein_0306,protein_0291,0.15079365079365079
protein_0306,protein_0292,0.1623931623931624
protein_0306,protein_0293,0.16176470588235295
protein_0306,protein_0294,0.15079365079365079
protein_0306,protein_0296,0.41025641025641024
protein_0306,protein_0297,0.13675213675213677
protein_0306,protein_0298,0.13934426229508196
protein_0306,protein_0299,0.1623931623931624
protein_0306,protein_0300,0.15555555555555556
protein_0306,protein_0301,0.15555555555555556
protein_0306,protein_0302,0.15765765765765766
protein_0306,protein_0304,0.1694915254237288
protein_0306,protein_0305,0.18253968253968253
protein_0306,protein_0307,0.7457627118644068
protein_0306,protein_0308,0.319672131147541
protein_0306,protein_0310,0.13675213675213677
protein_0306,protein_0311,0.18181818181818182
protein_0306,protein_0312,0.12605042016806722
protein_0306,protein_0313,0.1721311475409836
protein_0306,protein_0314,0.12195121951219512
protein_0306,protein_0316,0.11864406779661017
protein_0306,protein_0317,0.1721311475409836
protein_0306,protein_0318,0.1937984496124031
protein_0306,protein_0320,0.15
protein_0306,protein_0321,0.10256410256410256
protein_0306,protein_0322,0.15447154471544716
protein_0306,protein_0323,0.15384615384615385
protein_0306,protein_0324,0.14173228346456693
protein_0306,protein_0325,0.13636363636363635
protein_0306,protein_0326,0.1282051282051282
protein_0306,protein_0327,0.14049586776859505
protein_0306,protein_0329,0.192
protein_0306,protein_0330,0.1652892561983471
protein_0306,protein_0331,0.1794871794871795
protein_0306,protein_0332,0.17355371900826447
protein_0306,protein_0333,0.16666666666666666
protein_0306,protein_0334,0.1794871794871795
protein_0306,protein_0335,0.18253968253968253
protein_0306,protein_0336,0.1452991452991453
protein_0306,protein_0337,0.1724137931034483
protein_0306,protein_0338,0.144
protein_0306,protein_0340,0.16666666666666666
protein_0306,protein_0341,0.15267175572519084
protein_0306,protein_0342,0.15254237288135594
protein_0306,protein_0343,0.1440677966101695
protein_0306,protein_0344,0.12396694214876033
protein_0306,protein_0346,0.1349206349206349
protein_0306,protein_0347,0.1623931623931624
protein_0306,protein_0348,0.319672131147541
protein_0306,protein_0349,0.176
protein_0306,protein_0350,0.10084033613445378
protein_0306,protein_0351,0.13445378151260504
protein_0306,protein_0352,0.1452991452991453
protein_0306,protein_0353,0.15384615384615385
protein_0306,protein_0354,0.1282051282051282
protein_0306,protein_0355,0.14705882352941177
protein_0306,protein_0356,0.13675213675213677
protein_0306,protein_0357,0.2764227642276423
protein_0306,protein_0358,0.12396694214876033
protein_0306,protein_0359,0.4672131147540984
protein_0306,protein_0360,0.13445378151260504
protein_0306,protein_0361,0.46153846153846156
protein_0306,protein_0362,0.12
protein_0306,protein_0363,0.12
protein_0306,protein_0366,0.14516129032258066
protein_0306,protein_0367,0.17073170731707318
protein_0306,protein_0368,0.125
protein_0306,protein_0369,0.1282051282051282
protein_0306,protein_0370,0.12396694214876033
protein_0306,protein_0371,0.11764705882352941
protein_0306,protein_0372,0.13157894736842105
protein_0306,protein_0373,0.176
protein_0306,protein_0374,0.4576271186440678
protein_0306,protein_0375,0.10084033613445378
protein_0306,protein_0376,0.15748031496062992
protein_0306,protein_0377,0.128
protein_0306,protein_0378,0.11764705882352941
protein_0306,protein_0379,0.16393442622950818
protein_0306,protein_0380,0.16393442622950818
protein_0306,protein_0381,0.16393442622950818
protein_0306,protein_0382,0.2032520325203252
protein_0306,protein_0384,0.13008130081300814
protein_0306,protein_0385,0.17647058823529413
protein_0306,protein_0386,0.13709677419354838
protein_0306,protein_0387,0.4067796610169492
protein_0306,protein_0388,0.1111111111111111
protein_0306,protein_0389,0.1111111111111111
protein_0306,protein_0391,0.15966386554621848
protein_0306,protein_0392,0.12605042016806722
protein_0306,protein_0394,0.35833333333333334
protein_0306,protein_0395,0.13559322033898305
protein_0306,protein_0396,0.2764227642276423
protein_0306,protein_0397,0.14754098360655737
protein_0306,protein_0398,0.15873015873015872
protein_0306,protein_0399,0.14285714285714285
protein_0309,protein_0000,0.20192307692307693
protein_0309,protein_0002,0.19
protein_0309,protein_0003,0.16842105263157894
protein_0309,protein_0004,0.16666666666666666
protein_0309,protein_0005,0.18556701030927836
protein_0309,protein_0006,0.16494845360824742
protein_0309,protein_0007,0.1592760180995475
protein_0309,protein_0008,0.16346153846153846
protein_0309,protein_0009,0.15841584158415842
protein_0309,protein_0010,0.16666666666666666
protein_0309,protein_0011,0.18556701030927836
protein_0309,protein_0012,0.14583333333333334
protein_0309,protein_0014,0.17368421052631577
protein_0309,protein_0015,0.1919191919191919
protein_0309,protein_0016,0.17757009345794392
protein_0309,protein_0017,0.140625
protein_0309,protein_0018,0.2
protein_0309,protein_0019,0.16037507562008468
protein_0309,protein_0020,0.17475728155339806
protein_0309,protein_0021,0.19148936170212766
protein_0309,protein_0022,0.2652014652014652
protein_0309,protein_0023,0.2629245754245754
protein_0309,protein_0024,0.13445378151260504
protein_0309,protein_0025,0.13861386138613863
protein_0309,protein_0026,0.1450381679389313
protein_0309,protein_0027,0.19391447368421053
protein_0309,protein_0028,0.15517241379310345
protein_0309,protein_0029,0.16706349206349208
protein_0309,protein_0030,0.14516129032258066
protein_0309,protein_0031,0.16
protein_0309,protein_0032,0.1717171717171717
protein_0309,protein_0033,0.2
protein_0309,protein_0035,0.1388888888888889
protein_0309,protein_0036,0.14365079365079364
protein_0309,protein_0037,0.1428846153846154
protein_0309,protein_0038,0.1428846153846154
protein_0309,protein_0039,0.1782178217821782
protein_0309,protein_0040,0.11904761904761904
protein_0309,protein_0041,0.17708333333333334
protein_0309,protein_0042,0.16304347826086957
protein_0309,protein_0044,0.1919191919191919
protein_0309,protein_0045,0.18947368421052632
protein_0309,protein_0046,0.1586021505376344
protein_0309,protein_0047,0.14563106796116504
protein_0309,protein_0048,0.18947368421052632
protein_0309,protein_0050,0.14
protein_0309,protein_0051,0.1644518272425249
protein_0309,protein_0054,0.14285714285714285
protein_0309,protein_0055,0.14925373134328357
protein_0309,protein_0056,0.15833879423328967
protein_0309,protein_0057,0.16352648418059013
protein_0309,protein_0058,0.1411764705882353
protein_0309,protein_0059,0.17582417582417584
protein_0309,protein_0060,0.1186623516720604
protein_0309,protein_0061,0.16161616161616163
protein_0309,protein_0062,0.10526315789473684
protein_0309,protein_0063,0.12206572769953052
protein_0309,protein_0064,0.1941747572815534
protein_0309,protein_0065,0.19
protein_0309,protein_0066,0.13333333333333333
protein_0309,protein_0067,0.1595744680851064
protein_0309,protein_0068,0.1702127659574468
protein_0309,protein_0069,0.17857142857142858
protein_0309,protein_0070,0.18947368421052632
protein_0309,protein_0071,0.16666666666666666
protein_0309,protein_0072,0.14325396825396824
protein_0309,protein_0073,0.1792452830188679
protein_0309,protein_0074,0.14432989690721648
protein_0309,protein_0075,0.15979381443298968
protein_0309,protein_0076,0.15384615384615385
protein_0309,protein_0077,0.13829787234042554
protein_0309,protein_0078,0.1553398058252427
protein_0309,protein_0079,0.1553398058252427
protein_0309,protein_0081,0.2524271844660194
protein_0309,protein_0082,0.17142857142857143
protein_0309,protein_0083,0.13829787234042554
protein_0309,protein_0084,0.13215216258467952
protein_0309,protein_0085,0.2
protein_0309,protein_0086,0.17543859649122806
protein_0309,protein_0087,0.10873015873015873
protein_0309,protein_0089,0.09347826086956522
protein_0309,protein_0090,0.09347826086956522
protein_0309,protein_0092,0.1724137931034483
protein_0309,protein_0093,0.18478260869565216
protein_0309,protein_0094,0.14782608695652175
protein_0309,protein_0095,0.16575850043591978
protein_0309,protein_0096,0.16822429906542055
protein_0309,protein_0097,0.16666666666666666
protein_0309,protein_0098,0.21153846153846154
protein_0309,protein_0099,0.1182983682983683
protein_0309,protein_0100,0.13121118012422361
protein_0309,protein_0101,0.21649484536082475
protein_0309,protein_0102,0.1650485436893204
protein_0309,protein_0103,0.17708333333333334
protein_0309,protein_0104,0.1623931623931624
protein_0309,protein_0106,0.13301636444051304
protein_0309,protein_0107,0.20833333333333334
protein_0309,protein_0108,0.13636363636363635
protein_0309,protein_0109,0.15980392156862744
protein_0309,protein_0110,0.1702127659574468
protein_0309,protein_0111,0.18085106382978725
protein_0309,protein_0112,0.1743119266055046
protein_0309,protein_0113,0.19791666666666666
protein_0309,protein_0114,0.15463917525773196
protein_0309,protein_0115,0.16842105263157894
protein_0309,protein_0116,0.1213235294117647
protein_0309,protein_0117,0.1213235294117647
protein_0309,protein_0118,0.1449758991472006
protein_0309,protein_0119,0.15384615384615385
protein_0309,protein_0120,0.17894736842105263
protein_0309,protein_0121,0.17894736842105263
protein_0309,protein_0122,0.12334887334887336
protein_0309,protein_0123,0.13570150779453105
protein_0309,protein_0124,0.17894736842105263
protein_0309,protein_0125,0.16037735849056603
protein_0309,protein_0126,0.16346153846153846
protein_0309,protein_0127,0.21
protein_0309,protein_0128,0.11827956989247312
protein_0309,protein_0129,0.1978021978021978
protein_0309,protein_0130,0.11126482213438735
protein_0309,protein_0131,0.15490196078431373
protein_0309,protein_0132,0.16379310344827586
protein_0309,protein_0133,0.16379310344827586
protein_0309,protein_0135,0.22105263157894736
protein_0309,protein_0136,0.12142857142857143
protein_0309,protein_0137,0.13559322033898305
protein_0309,protein_0138,0.13559322033898305
protein_0309,protein_0139,0.15247252747252746
protein_0309,protein_0140,0.16666666666666666
protein_0309,protein_0141,0.14811783960720132
protein_0309,protein_0142,0.19387755102040816
protein_0309,protein_0143,0.1702127659574468
protein_0309,protein_0144,0.16
protein_0309,protein_0145,0.12148962148962149
protein_0309,protein_0146,0.16853932584269662
protein_0309,protein_0147,0.1941747572815534
protein_0309,protein_0148,0.22
protein_0309,protein_0149,0.15555555555555556
protein_0309,protein_0150,0.20212765957446807
protein_0309,protein_0151,0.1553398058252427
protein_0309,protein_0152,0.13232600732600733
protein_0309,protein_0153,0.14093058241994413
protein_0309,protein_0154,0.14444444444444446
protein_0309,protein_0155,0.1694915254237288
protein_0309,protein_0156,0.17757009345794392
protein_0309,protein_0157,0.18947368421052632
protein_0309,protein_0158,0.1407928388746803
protein_0309,protein_0159,0.18627450980392157
protein_0309,protein_0160,0.17647058823529413
protein_0309,protein_0162,0.16346153846153846
protein_0309,protein_0163,0.12931034482758622
protein_0309,protein_0164,0.1595744680851064
protein_0309,protein_0165,0.15476190476190477
protein_0309,protein_0167,0.15416278347312828
protein_0309,protein_0168,0.1461417939678809
protein_0309,protein_0169,0.1440677966101695
protein_0309,protein_0170,0.17777777777777778
protein_0309,protein_0171,0.16666666666666666
protein_0309,protein_0172,0.1557377049180328
protein_0309,protein_0173,0.20833333333333334
protein_0309,protein_0174,0.1650485436893204
protein_0309,protein_0175,0.17475728155339806
protein_0309,protein_0176,0.18818681318681318
protein_0309,protein_0177,0.18968253968253967
protein_0309,protein_0178,0.15126050420168066
protein_0309,protein_0179,0.16923076923076924
protein_0309,protein_0180,0.16494845360824742
protein_0309,protein_0181,0.14705882352941177
protein_0309,protein_0182,0.19387755102040816
protein_0309,protein_0183,0.16831683168316833
protein_0309,protein_0184,0.15625
protein_0309,protein_0185,0.20618556701030927
protein_0309,protein_0186,0.22549019607843138
protein_0309,protein_0187,0.1650485436893204
protein_0309,protein_0188,0.151111944027986
protein_0309,protein_0189,0.12
protein_0309,protein_0191,0.18446601941747573
protein_0309,protein_0192,0.17204301075268819
protein_0309,protein_0193,0.2
protein_0309,protein_0194,0.18947368421052632
protein_0309,protein_0195,0.14736842105263157
protein_0309,protein_0196,0.14736842105263157
protein_0309,protein_0197,0.12121212121212122
protein_0309,protein_0198,0.15625
protein_0309,protein_0199,0.15151515151515152
protein_0309,protein_0200,0.19148936170212766
protein_0309,protein_0202,0.14736842105263157
protein_0309,protein_0203,0.1693548387096774
protein_0309,protein_0204,0.14348089751364462
protein_0309,protein_0206,0.13829787234042554
protein_0309,protein_0207,0.12396694214876033
protein_0309,protein_0208,0.13786696395392048
protein_0309,protein_0209,0.1919191919191919
protein_0309,protein_0210,0.2222222222222222
protein_0309,protein_0211,0.1367601246105919
protein_0309,protein_0213,0.1941747572815534
protein_0309,protein_0214,0.15730337078651685
protein_0309,protein_0215,0.09523809523809523
protein_0309,protein_0216,0.12871287128712872
protein_0309,protein_0218,0.152
protein_0309,protein_0219,0.11904761904761904
protein_0309,protein_0220,0.23655913978494625
protein_0309,protein_0221,0.13333333333333333
protein_0309,protein_0222,0.19387755102040816
protein_0309,protein_0223,0.1411764705882353
protein_0309,protein_0224,0.1411779575328615
protein_0309,protein_0225,0.19148936170212766
protein_0309,protein_0226,0.20408163265306123
protein_0309,protein_0227,0.13095238095238096
protein_0309,protein_0228,0.13430477528089887
protein_0309,protein_0229,0.21505376344086022
protein_0309,protein_0230,0.17475728155339806
protein_0309,protein_0231,0.16326530612244897
protein_0309,protein_0232,0.15490196078431373
protein_0309,protein_0233,0.13385826771653545
protein_0309,protein_0234,0.18627450980392157
protein_0309,protein_0235,0.18181818181818182
protein_0309,protein_0236,0.13578088578088576
protein_0309,protein_0237,0.13578088578088576
protein_0309,protein_0238,0.11450381679389313
protein_0309,protein_0239,0.14893617021276595
protein_0309,protein_0240,0.14893617021276595
protein_0309,protein_0242,0.14325396825396824
protein_0309,protein_0243,0.13333333333333333
protein_0309,protein_0244,0.18478260869565216
protein_0309,protein_0245,0.20722775013819789
protein_0309,protein_0246,0.16326530612244897
protein_0309,protein_0247,0.15438596491228068
protein_0309,protein_0248,0.15053763440860216
protein_0309,protein_0249,0.1595744680851064
protein_0309,protein_0250,0.2178289872650091
protein_0309,protein_0252,0.21052631578947367
protein_0309,protein_0253,0.12389380530973451
protein_0309,protein_0254,0.24756944444444445
protein_0309,protein_0255,0.11695906432748537
protein_0309,protein_0256,0.1485148514851485
protein_0309,protein_0257,0.15841584158415842
protein_0309,protein_0258,0.17647058823529413
protein_0309,protein_0260,0.15346790890269152
protein_0309,protein_0261,0.1509433962264151
protein_0309,protein_0262,0.11920529801324503
protein_0309,protein_0265,0.1935483870967742
protein_0309,protein_0266,0.2648433847592333
protein_0309,protein_0267,0.1827956989247312
protein_0309,protein_0268,0.18478260869565216
protein_0309,protein_0270,0.21176470588235294
protein_0309,protein_0271,0.1471234647705236
protein_0309,protein_0272,0.14488706875155125
protein_0309,protein_0274,0.15151515151515152
protein_0309,protein_0275,0.20952380952380953
protein_0309,protein_0276,0.21649484536082475
protein_0309,protein_0277,0.19523809523809524
protein_0309,protein_0278,0.1941747572815534
protein_0309,protein_0279,0.17346938775510204
protein_0309,protein_0280,0.17204301075268819
protein_0309,protein_0281,0.2033898305084746
protein_0309,protein_0282,0.15384615384615385
protein_0309,protein_0283,0.10550458715596331
protein_0309,protein_0284,0.16626602564102563
protein_0309,protein_0285,0.1595744680851064
protein_0309,protein_0286,0.14444444444444443
protein_0309,protein_0287,0.17699115044247787
protein_0309,protein_0288,0.16326530612244897
protein_0309,protein_0289,0.14313725490196078
protein_0309,protein_0290,0.12612612612612611
protein_0309,protein_0291,0.15836213517665132
protein_0309,protein_0292,0.15436507936507937
protein_0309,protein_0293,0.1414141414141414
protein_0309,protein_0294,0.16373847926267282
protein_0309,protein_0296,0.15
protein_0309,protein_0297,0.14673561732385262
protein_0309,protein_0298,0.13176328502415457
protein_0309,protein_0299,0.2074468085106383
protein_0309,protein_0300,0.1871936274509804
protein_0309,protein_0301,0.1919815891472868
protein_0309,protein_0302,0.12442396313364056
protein_0309,protein_0304,0.15000000000000002
protein_0309,protein_0305,0.195
protein_0309,protein_0307,0.12903225806451613
protein_0309,protein_0308,0.15517241379310345
protein_0309,protein_0310,0.21904761904761905
protein_0309,protein_0311,0.1875
protein_0309,protein_0312,0.18556701030927836
protein_0309,protein_0313,0.16639676113360324
protein_0309,protein_0314,0.17475728155339806
protein_0309,protein_0316,0.12698412698412698
protein_0309,protein_0317,0.13761467889908258
protein_0309,protein_0318,0.19327731092436976
protein_0309,protein_0320,0.19148936170212766
protein_0309,protein_0321,0.1414141414141414
protein_0309,protein_0322,0.1595744680851064
protein_0309,protein_0323,0.17708333333333334
protein_0309,protein_0324,0.15294117647058825
protein_0309,protein_0325,0.2151759008688221
protein_0309,protein_0326,0.1839080459770115
protein_0309,protein_0327,0.17525773195876287
protein_0309,protein_0329,0.14678899082568808
protein_0309,protein_0330,0.19791666666666666
protein_0309,protein_0331,0.17033941236068895
protein_0309,protein_0332,0.15042056074766355
protein_0309,protein_0333,0.14784946236559138
protein_0309,protein_0334,0.16326530612244897
protein_0309,protein_0335,0.16666666666666666
protein_0309,protein_0336,0.14732941477127526
protein_0309,protein_0337,0.1302269250382458
protein_0309,protein_0338,0.14285714285714285
protein_0309,protein_0340,0.1588785046728972
protein_0309,protein_0341,0.18518518518518517
protein_0309,protein_0342,0.14736842105263157
protein_0309,protein_0343,0.13656831378125373
protein_0309,protein_0344,0.1875
protein_0309,protein_0346,0.15262515262515264
protein_0309,protein_0347,0.1384920634920635
protein_0309,protein_0348,0.17796610169491525
protein_0309,protein_0349,0.15384615384615385
protein_0309,protein_0350,0.20833333333333334
protein_0309,protein_0351,0.17699115044247787
protein_0309,protein_0352,0.19413919413919412
protein_0309,protein_0353,0.11248125937031485
protein_0309,protein_0354,0.17204301075268819
protein_0309,protein_0355,0.1455781171337473
protein_0309,protein_0356,0.13266178266178266
protein_0309,protein_0357,0.1328125
protein_0309,protein_0358,0.20833333333333334
protein_0309,protein_0359,0.125
protein_0309,protein_0360,0.2037037037037037
protein_0309,protein_0361,0.14285714285714285
protein_0309,protein_0362,0.13636363636363635
protein_0309,protein_0363,0.13636363636363635
protein_0309,protein_0366,0.13541666666666666
protein_0309,protein_0367,0.19047619047619047
protein_0309,protein_0368,0.20618556701030927
protein_0309,protein_0369,0.16666666666666666
protein_0309,protein_0370,0.1875
protein_0309,protein_0371,0.18627450980392157
protein_0309,protein_0372,0.10091743119266056
protein_0309,protein_0373,0.14563106796116504
protein_0309,protein_0374,0.19047619047619047
protein_0309,protein_0375,0.16666666666666666
protein_0309,protein_0376,0.2079207920792079
protein_0309,protein_0377,0.1827956989247312
protein_0309,protein_0378,0.1559633027522936
protein_0309,protein_0379,0.2732265446224256
protein_0309,protein_0380,0.2732265446224256
protein_0309,protein_0381,0.2732265446224256
protein_0309,protein_0382,0.16906775237498695
protein_0309,protein_0384,0.22916666666666666
protein_0309,protein_0385,0.17757009345794392
protein_0309,protein_0386,0.17857142857142858
protein_0309,protein_0387,0.14432989690721648
protein_0309,protein_0388,0.14700996677740863
protein_0309,protein_0389,0.16470588235294117
protein_0309,protein_0391,0.18811881188118812
protein_0309,protein_0392,0.1276595744680851
protein_0309,protein_0394,0.14782608695652175
protein_0309,protein_0395,0.15306122448979592
protein_0309,protein_0396,0.17543859649122806
protein_0309,protein_0397,0.20202020202020202
protein_0309,protein_0398,0.1588489315762043
protein_0309,protein_0399,0.19
protein_0315,protein_0000,0.18181818181818182
protein_0315,protein_0002,0.10344827586206896
protein_0315,protein_0003,0.1774193548387097
protein_0315,protein_0004,0.125
protein_0315,protein_0005,0.15702479338842976
protein_0315,protein_0006,0.13157894736842105
protein_0315,protein_0007,0.13793103448275862
protein_0315,protein_0008,0.2
protein_0315,protein_0009,0.14912280701754385
protein_0315,protein_0010,0.14516129032258066
protein_0315,protein_0011,0.14634146341463414
protein_0315,protein_0012,0.11965811965811966
protein_0315,protein_0014,0.168141592920354
protein_0315,protein_0015,0.15789473684210525
protein_0315,protein_0016,0.13178294573643412
protein_0315,protein_0017,0.17266187050359713
protein_0315,protein_0018,0.1532258064516129
protein_0315,protein_0019,0.15178571428571427
protein_0315,protein_0020,0.15702479338842976
protein_0315,protein_0021,0.17796610169491525
protein_0315,protein_0022,0.13043478260869565
protein_0315,protein_0023,0.14166666666666666
protein_0315,protein_0024,0.5811965811965812
protein_0315,protein_0025,0.18115942028985507
protein_0315,protein_0026,0.14074074074074075
protein_0315,protein_0027,0.14912280701754385
protein_0315,protein_0028,0.13953488372093023
protein_0315,protein_0029,0.16521739130434782
protein_0315,protein_0030,0.296875
protein_0315,protein_0031,0.17054263565891473
protein_0315,protein_0032,0.13333333333333333
protein_0315,protein_0033,0.14035087719298245
protein_0315,protein_0035,0.4642857142857143
protein_0315,protein_0036,0.1504424778761062
protein_0315,protein_0037,0.1532258064516129
protein_0315,protein_0038,0.1532258064516129
protein_0315,protein_0039,0.1565217391304348
protein_0315,protein_0040,0.1875
protein_0315,protein_0041,0.14166666666666666
protein_0315,protein_0042,0.16521739130434782
protein_0315,protein_0044,0.16535433070866143
protein_0315,protein_0045,0.16153846153846155
protein_0315,protein_0046,0.15517241379310345
protein_0315,protein_0047,0.1694915254237288
protein_0315,protein_0048,0.17391304347826086
protein_0315,protein_0050,0.12396694214876033
protein_0315,protein_0051,0.1592920353982301
protein_0315,protein_0054,0.4262295081967213
protein_0315,protein_0055,0.4444444444444444
protein_0315,protein_0056,0.13559322033898305
protein_0315,protein_0057,0.15517241379310345
protein_0315,protein_0058,0.14035087719298245
protein_0315,protein_0059,0.15
protein_0315,protein_0060,0.13559322033898305
protein_0315,protein_0061,0.16806722689075632
protein_0315,protein_0062,0.13559322033898305
protein_0315,protein_0063,0.11009174311926606
protein_0315,protein_0064,0.1889763779527559
protein_0315,protein_0065,0.17829457364341086
protein_0315,protein_0066,0.17699115044247787
protein_0315,protein_0067,0.1623931623931624
protein_0315,protein_0068,0.1391304347826087
protein_0315,protein_0069,0.20161290322580644
protein_0315,protein_0070,0.112
protein_0315,protein_0071,0.16129032258064516
protein_0315,protein_0072,0.16071428571428573
protein_0315,protein_0073,0.15833333333333333
protein_0315,protein_0074,0.15447154471544716
protein_0315,protein_0075,0.11594202898550725
protein_0315,protein_0076,0.10619469026548672
protein_0315,protein_0077,0.16
protein_0315,protein_0078,0.1721311475409836
protein_0315,protein_0079,0.1721311475409836
protein_0315,protein_0081,0.1484375
protein_0315,protein_0082,0.19230769230769232
protein_0315,protein_0083,0.11764705882352941
protein_0315,protein_0084,0.1724137931034483
protein_0315,protein_0085,0.16923076923076924
protein_0315,protein_0086,0.17692307692307693
protein_0315,protein_0087,0.12389380530973451
protein_0315,protein_0089,0.11666666666666667
protein_0315,protein_0090,0.13445378151260504
protein_0315,protein_0092,0.16260162601626016
protein_0315,protein_0093,0.11475409836065574
protein_0315,protein_0094,0.3333333333333333
protein_0315,protein_0095,0.13008130081300814
protein_0315,protein_0096,0.1016949152542373
protein_0315,protein_0097,0.13675213675213677
protein_0315,protein_0098,0.1640625
protein_0315,protein_0099,0.16101694915254236
protein_0315,protein_0100,0.1592920353982301
protein_0315,protein_0101,0.125
protein_0315,protein_0102,0.15
protein_0315,protein_0103,0.16666666666666666
protein_0315,protein_0104,0.5508474576271186
protein_0315,protein_0106,0.1484375
protein_0315,protein_0107,0.18548387096774194
protein_0315,protein_0108,0.13157894736842105
protein_0315,protein_0109,0.12389380530973451
protein_0315,protein_0110,0.12
protein_0315,protein_0111,0.11016949152542373
protein_0315,protein_0112,0.15
protein_0315,protein_0113,0.17543859649122806
protein_0315,protein_0114,0.15
protein_0315,protein_0115,0.1746031746031746
protein_0315,protein_0116,0.12
protein_0315,protein_0117,0.12
protein_0315,protein_0118,0.1565217391304348
protein_0315,protein_0119,0.17391304347826086
protein_0315,protein_0120,0.19327731092436976
protein_0315,protein_0121,0.19327731092436976
protein_0315,protein_0122,0.176
protein_0315,protein_0123,0.12389380530973451
protein_0315,protein_0124,0.21367521367521367
protein_0315,protein_0125,0.1885245901639344
protein_0315,protein_0126,0.1450381679389313
protein_0315,protein_0127,0.144
protein_0315,protein_0128,0.11475409836065574
protein_0315,protein_0129,0.15
protein_0315,protein_0130,0.1223021582733813
protein_0315,protein_0131,0.10526315789473684
protein_0315,protein_0132,0.15671641791044777
protein_0315,protein_0133,0.15671641791044777
protein_0315,protein_0135,0.18181818181818182
protein_0315,protein_0136,0.4083333333333333
protein_0315,protein_0137,0.3559322033898305
protein_0315,protein_0138,0.3559322033898305
protein_0315,protein_0139,0.12389380530973451
protein_0315,protein_0140,0.14035087719298245
protein_0315,protein_0141,0.1693548387096774
protein_0315,protein_0142,0.15178571428571427
protein_0315,protein_0143,0.18032786885245902
protein_0315,protein_0144,0.19008264462809918
protein_0315,protein_0145,0.1415929203539823
protein_0315,protein_0146,0.1111111111111111
protein_0315,protein_0147,0.15748031496062992
protein_0315,protein_0148,0.168
protein_0315,protein_0149,0.1415929203539823
protein_0315,protein_0150,0.128
protein_0315,protein_0151,0.16260162601626016
protein_0315,protein_0152,0.15789473684210525
protein_0315,protein_0153,0.15833333333333333
protein_0315,protein_0154,0.14035087719298245
protein_0315,protein_0155,0.14285714285714285
protein_0315,protein_0156,0.22033898305084745
protein_0315,protein_0157,0.10714285714285714
protein_0315,protein_0158,0.15789473684210525
protein_0315,protein_0159,0.17094017094017094
protein_0315,protein_0160,0.168141592920354
protein_0315,protein_0162,0.16101694915254236
protein_0315,protein_0163,0.1652892561983471
protein_0315,protein_0164,0.18699186991869918
protein_0315,protein_0165,0.11504424778761062
protein_0315,protein_0167,0.17692307692307693
protein_0315,protein_0168,0.16030534351145037
protein_0315,protein_0169,0.3706896551724138
protein_0315,protein_0170,0.1652892561983471
protein_0315,protein_0171,0.12396694214876033
protein_0315,protein_0172,0.49572649572649574
protein_0315,protein_0173,0.14285714285714285
protein_0315,protein_0174,0.14035087719298245
protein_0315,protein_0175,0.15789473684210525
protein_0315,protein_0176,0.125
protein_0315,protein_0177,0.13392857142857142
protein_0315,protein_0178,0.3114754098360656
protein_0315,protein_0179,0.3140495867768595
protein_0315,protein_0180,0.10833333333333334
protein_0315,protein_0181,0.12931034482758622
protein_0315,protein_0182,0.16535433070866143
protein_0315,protein_0183,0.16666666666666666
protein_0315,protein_0184,0.16296296296296298
protein_0315,protein_0185,0.14035087719298245
protein_0315,protein_0186,0.15833333333333333
protein_0315,protein_0187,0.17073170731707318
protein_0315,protein_0188,0.1391304347826087
protein_0315,protein_0189,0.125
protein_0315,protein_0191,0.13385826771653545
protein_0315,protein_0192,0.13392857142857142
protein_0315,protein_0193,0.15503875968992248
protein_0315,protein_0194,0.1440677966101695
protein_0315,protein_0195,0.16071428571428573
protein_0315,protein_0196,0.16071428571428573
protein_0315,protein_0197,0.14782608695652175
protein_0315,protein_0198,0.128
protein_0315,protein_0199,0.12598425196850394
protein_0315,protein_0200,0.12781954887218044
protein_0315,protein_0202,0.13934426229508196
protein_0315,protein_0203,0.4444444444444444
protein_0315,protein_0204,0.15178571428571427
protein_0315,protein_0206,0.1322314049586777
protein_0315,protein_0207,0.6666666666666666
protein_0315,protein_0208,0.13178294573643412
protein_0315,protein_0209,0.15748031496062992
protein_0315,protein_0210,0.13043478260869565
protein_0315,protein_0211,0.14166666666666666
protein_0315,protein_0213,0.19642857142857142
protein_0315,protein_0214,0.17857142857142858
protein_0315,protein_0215,0.13392857142857142
protein_0315,protein_0216,0.15
protein_0315,protein_0218,0.11851851851851852
protein_0315,protein_0219,0.35833333333333334
protein_0315,protein_0220,0.16521739130434782
protein_0315,protein_0221,0.10714285714285714
protein_0315,protein_0222,0.1440677966101695
protein_0315,protein_0223,0.13274336283185842
protein_0315,protein_0224,0.1504424778761062
protein_0315,protein_0225,0.11607142857142858
protein_0315,protein_0226,0.17857142857142858
protein_0315,protein_0227,0.1440677966101695
protein_0315,protein_0228,0.1415929203539823
protein_0315,protein_0229,0.1452991452991453
protein_0315,protein_0230,0.09649122807017543
protein_0315,protein_0231,0.144
protein_0315,protein_0232,0.1592920353982301
protein_0315,protein_0233,0.13333333333333333
protein_0315,protein_0234,0.1565217391304348
protein_0315,protein_0235,0.1532258064516129
protein_0315,protein_0236,0.11304347826086956
protein_0315,protein_0237,0.11304347826086956
protein_0315,protein_0238,0.20279720279720279
protein_0315,protein_0239,0.16296296296296298
protein_0315,protein_0240,0.19008264462809918
protein_0315,protein_0242,0.11504424778761062
protein_0315,protein_0243,0.1774193548387097
protein_0315,protein_0244,0.13043478260869565
protein_0315,protein_0245,0.16176470588235295
protein_0315,protein_0246,0.15
protein_0315,protein_0247,0.22123893805309736
protein_0315,protein_0248,0.16521739130434782
protein_0315,protein_0249,0.17692307692307693
protein_0315,protein_0250,0.1864406779661017
protein_0315,protein_0252,0.10256410256410256
protein_0315,protein_0253,0.18382352941176472
protein_0315,protein_0254,0.09821428571428571
protein_0315,protein_0255,0.15028901734104047
protein_0315,protein_0256,0.37168141592920356
protein_0315,protein_0257,0.35398230088495575
protein_0315,protein_0258,0.1271186440677966
protein_0315,protein_0260,0.14912280701754385
protein_0315,protein_0261,0.15254237288135594
protein_0315,protein_0262,0.1780821917808219
protein_0315,protein_0265,0.14960629921259844
protein_0315,protein_0266,0.15517241379310345
protein_0315,protein_0267,0.15789473684210525
protein_0315,protein_0268,0.11504424778761062
protein_0315,protein_0270,0.07758620689655173
protein_0315,protein_0271,0.12280701754385964
protein_0315,protein_0272,0.14705882352941177
protein_0315,protein_0274,0.1297709923664122
protein_0315,protein_0275,0.16535433070866143
protein_0315,protein_0276,0.10833333333333334
protein_0315,protein_0277,0.15178571428571427
protein_0315,protein_0278,0.11475409836065574
protein_0315,protein_0279,0.1937984496124031
protein_0315,protein_0280,0.136
protein_0315,protein_0281,0.11678832116788321
protein_0315,protein_0282,0.09734513274336283
protein_0315,protein_0283,0.12844036697247707
protein_0315,protein_0284,0.16129032258064516
protein_0315,protein_0285,0.17857142857142858
protein_0315,protein_0286,0.17094017094017094
protein_0315,protein_0287,0.12295081967213115
protein_0315,protein_0288,0.16101694915254236
protein_0315,protein_0289,0.14285714285714285
protein_0315,protein_0290,0.16101694915254236
protein_0315,protein_0291,0.15789473684210525
protein_0315,protein_0292,0.1504424778761062
protein_0315,protein_0293,0.13934426229508196
protein_0315,protein_0294,0.15789473684210525
protein_0315,protein_0296,0.3467741935483871
protein_0315,protein_0297,0.14035087719298245
protein_0315,protein_0298,0.13157894736842105
protein_0315,protein_0299,0.1282051282051282
protein_0315,protein_0300,0.11304347826086956
protein_0315,protein_0301,0.1415929203539823
protein_0315,protein_0302,0.12727272727272726
protein_0315,protein_0304,0.125
protein_0315,protein_0305,0.13445378151260504
protein_0315,protein_0307,0.4067796610169492
protein_0315,protein_0308,0.2698412698412698
protein_0315,protein_0310,0.16793893129770993
protein_0315,protein_0311,0.1652892561983471
protein_0315,protein_0312,0.16535433070866143
protein_0315,protein_0313,0.152
protein_0315,protein_0314,0.14728682170542637
protein_0315,protein_0316,0.1271186440677966
protein_0315,protein_0317,0.14035087719298245
protein_0315,protein_0318,0.15789473684210525
protein_0315,protein_0320,0.1557377049180328
protein_0315,protein_0321,0.13392857142857142
protein_0315,protein_0322,0.1951219512195122
protein_0315,protein_0323,0.13445378151260504
protein_0315,protein_0324,0.12295081967213115
protein_0315,protein_0325,0.15079365079365079
protein_0315,protein_0326,0.16964285714285715
protein_0315,protein_0327,0.14166666666666666
protein_0315,protein_0329,0.1565217391304348
protein_0315,protein_0330,0.14912280701754385
protein_0315,protein_0331,0.16521739130434782
protein_0315,protein_0332,0.13157894736842105
protein_0315,protein_0333,0.17355371900826447
protein_0315,protein_0334,0.15178571428571427
protein_0315,protein_0335,0.125
protein_0315,protein_0336,0.1565217391304348
protein_0315,protein_0337,0.12605042016806722
protein_0315,protein_0338,0.15254237288135594
protein_0315,protein_0340,0.14782608695652175
protein_0315,protein_0341,0.16030534351145037
protein_0315,protein_0342,0.1487603305785124
protein_0315,protein_0343,0.125
protein_0315,protein_0344,0.15748031496062992
protein_0315,protein_0346,0.1323529411764706
protein_0315,protein_0347,0.16964285714285715
protein_0315,protein_0348,0.3114754098360656
protein_0315,protein_0349,0.1532258064516129
protein_0315,protein_0350,0.13385826771653545
protein_0315,protein_0351,0.10714285714285714
protein_0315,protein_0352,0.14285714285714285
protein_0315,protein_0353,0.14482758620689656
protein_0315,protein_0354,0.144
protein_0315,protein_0355,0.13636363636363635
protein_0315,protein_0356,0.13157894736842105
protein_0315,protein_0357,0.272
protein_0315,protein_0358,0.14960629921259844
protein_0315,protein_0359,0.3865546218487395
protein_0315,protein_0360,0.17699115044247787
protein_0315,protein_0361,0.575
protein_0315,protein_0362,0.16
protein_0315,protein_0363,0.16
protein_0315,protein_0366,0.1391304347826087
protein_0315,protein_0367,0.1487603305785124
protein_0315,protein_0368,0.1452991452991453
protein_0315,protein_0369,0.09821428571428571
protein_0315,protein_0370,0.15748031496062992
protein_0315,protein_0371,0.12396694214876033
protein_0315,protein_0372,0.10810810810810811
protein_0315,protein_0373,0.17355371900826447
protein_0315,protein_0374,0.41025641025641024
protein_0315,protein_0375,0.1322314049586777
protein_0315,protein_0376,0.17557251908396945
protein_0315,protein_0377,0.18110236220472442
protein_0315,protein_0378,0.1328125
protein_0315,protein_0379,0.15833333333333333
protein_0315,protein_0380,0.15833333333333333
protein_0315,protein_0381,0.15833333333333333
protein_0315,protein_0382,0.183206106870229
protein_0315,protein_0384,0.13675213675213677
protein_0315,protein_0385,0.15833333333333333
protein_0315,protein_0386,0.1282051282051282
protein_0315,protein_0387,0.40707964601769914
protein_0315,protein_0388,0.1391304347826087
protein_0315,protein_0389,0.09734513274336283
protein_0315,protein_0391,0.14166666666666666
protein_0315,protein_0392,0.18840579710144928
protein_0315,protein_0394,0.3389830508474576
protein_0315,protein_0395,0.16964285714285715
protein_0315,protein_0396,0.28346456692913385
protein_0315,protein_0397,0.17094017094017094
protein_0315,protein_0398,0.1773049645390071
protein_0315,protein_0399,0.19298245614035087
protein_0319,protein_0000,0.36363636363636365
protein_0319,protein_0002,0.2268041237113402
protein_0319,protein_0003,0.32978723404255317
protein_0319,protein_0004,0.27586206896551724
protein_0319,protein_0005,0.12631578947368421
protein_0319,protein_0006,0.5454545454545454
protein_0319,protein_0007,0.20224719101123595
protein_0319,protein_0008,0.1619047619047619
protein_0319,protein_0009,0.3333333333333333
protein_0319,protein_0010,0.4942528735632184
protein_0319,protein_0011,0.5287356321839081
protein_0319,protein_0012,0.651685393258427
protein_0319,protein_0014,0.16161616161616163
protein_0319,protein_0015,0.18
protein_0319,protein_0016,0.1485148514851485
protein_0319,protein_0017,0.11940298507462686
protein_0319,protein_0018,0.3218390804597701
protein_0319,protein_0019,0.1724137931034483
protein_0319,protein_0020,0.3333333333333333
protein_0319,protein_0021,0.09090909090909091
protein_0319,protein_0022,0.15151515151515152
protein_0319,protein_0023,0.1836734693877551
protein_0319,protein_0024,0.12096774193548387
protein_0319,protein_0025,0.3218390804597701
protein_0319,protein_0026,0.1793103448275862
protein_0319,protein_0027,0.20408163265306123
protein_0319,protein_0028,0.14953271028037382
protein_0319,protein_0029,0.14942528735632185
protein_0319,protein_0030,0.13970588235294118
protein_0319,protein_0031,0.1717171717171717
protein_0319,protein_0032,0.3595505617977528
protein_0319,protein_0033,0.4942528735632184
protein_0319,protein_0035,0.11711711711711711
protein_0319,protein_0036,0.18888888888888888
protein_0319,protein_0037,0.27586206896551724
protein_0319,protein_0038,0.27586206896551724
protein_0319,protein_0039,0.3218390804597701
protein_0319,protein_0040,0.10752688172043011
protein_0319,protein_0041,0.29545454545454547
protein_0319,protein_0042,0.20689655172413793
protein_0319,protein_0044,0.26436781609195403
protein_0319,protein_0045,0.3333333333333333
protein_0319,protein_0046,0.20224719101123595
protein_0319,protein_0047,0.41379310344827586
protein_0319,protein_0048,0.42528735632183906
protein_0319,protein_0050,0.1782178217821782
protein_0319,protein_0051,0.14942528735632185
protein_0319,protein_0054,0.1282051282051282
protein_0319,protein_0055,0.11570247933884298
protein_0319,protein_0056,0.1308411214953271
protein_0319,protein_0057,0.20224719101123595
protein_0319,protein_0058,0.10344827586206896
protein_0319,protein_0059,0.25287356321839083
protein_0319,protein_0060,0.16822429906542055
protein_0319,protein_0061,0.2
protein_0319,protein_0062,0.38636363636363635
protein_0319,protein_0063,0.102803738317757
protein_0319,protein_0064,0.3103448275862069
protein_0319,protein_0065,0.1568627450980392
protein_0319,protein_0066,0.1485148514851485
protein_0319,protein_0067,0.5287356321839081
protein_0319,protein_0068,0.3333333333333333
protein_0319,protein_0069,0.4367816091954023
protein_0319,protein_0070,0.3181818181818182
protein_0319,protein_0071,0.39080459770114945
protein_0319,protein_0072,0.1839080459770115
protein_0319,protein_0073,0.367816091954023
protein_0319,protein_0074,0.21428571428571427
protein_0319,protein_0075,0.21495327102803738
protein_0319,protein_0076,0.1724137931034483
protein_0319,protein_0077,0.3793103448275862
protein_0319,protein_0078,0.1346153846153846
protein_0319,protein_0079,0.1346153846153846
protein_0319,protein_0081,0.2988505747126437
protein_0319,protein_0082,0.1262135922330097
protein_0319,protein_0083,0.5632183908045977
protein_0319,protein_0084,0.34831460674157305
protein_0319,protein_0085,0.1896551724137931
protein_0319,protein_0086,0.14423076923076922
protein_0319,protein_0087,0.13978494623655913
protein_0319,protein_0089,0.15384615384615385
protein_0319,protein_0090,0.1487603305785124
protein_0319,protein_0092,0.12389380530973451
protein_0319,protein_0093,0.5402298850574713
protein_0319,protein_0094,0.11403508771929824
protein_0319,protein_0095,0.14049586776859505
protein_0319,protein_0096,0.1568627450980392
protein_0319,protein_0097,0.40229885057471265
protein_0319,protein_0098,0.32954545454545453
protein_0319,protein_0099,0.1282051282051282
protein_0319,protein_0100,0.19540229885057472
protein_0319,protein_0101,0.3977272727272727
protein_0319,protein_0102,0.3218390804597701
protein_0319,protein_0103,0.20689655172413793
protein_0319,protein_0104,0.128
protein_0319,protein_0106,0.18803418803418803
protein_0319,protein_0107,0.3103448275862069
protein_0319,protein_0108,0.2777777777777778
protein_0319,protein_0109,0.14444444444444443
protein_0319,protein_0110,0.4888888888888889
protein_0319,protein_0111,0.38202247191011235
protein_0319,protein_0112,0.13
protein_0319,protein_0113,0.5057471264367817
protein_0319,protein_0114,0.29545454545454547
protein_0319,protein_0115,0.25287356321839083
protein_0319,protein_0116,0.1391304347826087
protein_0319,protein_0117,0.1391304347826087
protein_0319,protein_0118,0.1797752808988764
protein_0319,protein_0119,0.11650485436893204
protein_0319,protein_0120,0.3333333333333333
protein_0319,protein_0121,0.3333333333333333
protein_0319,protein_0122,0.28735632183908044
protein_0319,protein_0123,0.13793103448275862
protein_0319,protein_0124,0.3103448275862069
protein_0319,protein_0125,0.1414141414141414
protein_0319,protein_0126,0.13861386138613863
protein_0319,protein_0127,0.3103448275862069
protein_0319,protein_0128,0.3563218390804598
protein_0319,protein_0129,0.20689655172413793
protein_0319,protein_0130,0.1322314049586777
protein_0319,protein_0131,0.16853932584269662
protein_0319,protein_0132,0.23636363636363636
protein_0319,protein_0133,0.23636363636363636
protein_0319,protein_0135,0.26436781609195403
protein_0319,protein_0136,0.11666666666666667
protein_0319,protein_0137,0.09917355371900827
protein_0319,protein_0138,0.09917355371900827
protein_0319,protein_0139,0.16091954022988506
protein_0319,protein_0140,0.47126436781609193
protein_0319,protein_0141,0.26436781609195403
protein_0319,protein_0142,0.4827586206896552
protein_0319,protein_0143,0.2988505747126437
protein_0319,protein_0144,0.2988505747126437
protein_0319,protein_0145,0.1797752808988764
protein_0319,protein_0146,0.18181818181818182
protein_0319,protein_0147,0.3563218390804598
protein_0319,protein_0148,0.3522727272727273
protein_0319,protein_0149,0.16129032258064516
protein_0319,protein_0150,0.32608695652173914
protein_0319,protein_0151,0.2247191011235955
protein_0319,protein_0152,0.1590909090909091
protein_0319,protein_0153,0.20430107526881722
protein_0319,protein_0154,0.20652173913043478
protein_0319,protein_0155,0.15966386554621848
protein_0319,protein_0156,0.15789473684210525
protein_0319,protein_0157,0.12631578947368421
protein_0319,protein_0158,0.14942528735632185
protein_0319,protein_0159,0.3448275862068966
protein_0319,protein_0160,0.3103448275862069
protein_0319,protein_0162,0.2988505747126437
protein_0319,protein_0163,0.18
protein_0319,protein_0164,0.28735632183908044
protein_0319,protein_0165,0.16853932584269662
protein_0319,protein_0167,0.15315315315315314
protein_0319,protein_0168,0.16216216216216217
protein_0319,protein_0169,0.10256410256410256
protein_0319,protein_0170,0.3103448275862069
protein_0319,protein_0171,0.3448275862068966
protein_0319,protein_0172,0.11764705882352941
protein_0319,protein_0173,0.3218390804597701
protein_0319,protein_0174,0.3218390804597701
protein_0319,protein_0175,0.3103448275862069
protein_0319,protein_0176,0.18085106382978725
protein_0319,protein_0177,0.13793103448275862
protein_0319,protein_0178,0.16806722689075632
protein_0319,protein_0179,0.168141592920354
protein_0319,protein_0180,0.29545454545454547
protein_0319,protein_0181,0.5172413793103449
protein_0319,protein_0182,0.3333333333333333
protein_0319,protein_0183,0.15841584158415842
protein_0319,protein_0184,0.3333333333333333
protein_0319,protein_0185,0.20202020202020202
protein_0319,protein_0186,0.18811881188118812
protein_0319,protein_0187,0.28735632183908044
protein_0319,protein_0188,0.16091954022988506
protein_0319,protein_0189,0.3563218390804598
protein_0319,protein_0191,0.3218390804597701
protein_0319,protein_0192,0.3103448275862069
protein_0319,protein_0193,0.3448275862068966
protein_0319,protein_0194,0.27586206896551724
protein_0319,protein_0195,0.5172413793103449
protein_0319,protein_0196,0.5057471264367817
protein_0319,protein_0197,0.5517241379310345
protein_0319,protein_0198,0.2988505747126437
protein_0319,protein_0199,0.2
protein_0319,protein_0200,0.47191011235955055
protein_0319,protein_0202,0.3522727272727273
protein_0319,protein_0203,0.1623931623931624
protein_0319,protein_0204,0.19318181818181818
protein_0319,protein_0206,0.6436781609195402
protein_0319,protein_0207,0.13675213675213677
protein_0319,protein_0208,0.17272727272727273
protein_0319,protein_0209,0.26436781609195403
protein_0319,protein_0210,0.3103448275862069
protein_0319,protein_0211,0.12727272727272726
protein_0319,protein_0213,0.40229885057471265
protein_0319,protein_0214,0.06896551724137931
protein_0319,protein_0215,0.13793103448275862
protein_0319,protein_0216,0.1717171717171717
protein_0319,protein_0218,0.144
protein_0319,protein_0219,0.109375
protein_0319,protein_0220,0.27586206896551724
protein_0319,protein_0221,0.13186813186813187
protein_0319,protein_0222,0.4942528735632184
protein_0319,protein_0223,0.13793103448275862
protein_0319,protein_0224,0.13793103448275862
protein_0319,protein_0225,0.125
protein_0319,protein_0226,0.1414141414141414
protein_0319,protein_0227,0.16091954022988506
protein_0319,protein_0228,0.2087912087912088
protein_0319,protein_0229,0.11363636363636363
protein_0319,protein_0230,0.16129032258064516
protein_0319,protein_0231,0.375
protein_0319,protein_0232,0.1724137931034483
protein_0319,protein_0233,0.14960629921259844
protein_0319,protein_0234,0.19811320754716982
protein_0319,protein_0235,0.18556701030927836
protein_0319,protein_0236,0.4942528735632184
protein_0319,protein_0237,0.4942528735632184
protein_0319,protein_0238,0.11940298507462686
protein_0319,protein_0239,0.3333333333333333
protein_0319,protein_0240,0.3448275862068966
protein_0319,protein_0242,0.14606741573033707
protein_0319,protein_0243,0.3103448275862069
protein_0319,protein_0244,0.14285714285714285
protein_0319,protein_0245,0.15254237288135594
protein_0319,protein_0246,0.13861386138613863
protein_0319,protein_0247,0.2111111111111111
protein_0319,protein_0248,0.3103448275862069
protein_0319,protein_0249,0.3103448275862069
protein_0319,protein_0250,0.14893617021276595
protein_0319,protein_0252,0.14736842105263157
protein_0319,protein_0253,0.12931034482758622
protein_0319,protein_0254,0.18888888888888888
protein_0319,protein_0255,0.10465116279069768
protein_0319,protein_0256,0.10377358490566038
protein_0319,protein_0257,0.11320754716981132
protein_0319,protein_0258,0.5747126436781609
protein_0319,protein_0260,0.21739130434782608
protein_0319,protein_0261,0.1262135922330097
protein_0319,protein_0262,0.11851851851851852
protein_0319,protein_0265,0.27586206896551724
protein_0319,protein_0266,0.1568627450980392
protein_0319,protein_0267,0.18681318681318682
protein_0319,protein_0268,0.11363636363636363
protein_0319,protein_0270,0.1590909090909091
protein_0319,protein_0271,0.16091954022988506
protein_0319,protein_0272,0.5287356321839081
protein_0319,protein_0274,0.2247191011235955
protein_0319,protein_0275,0.16666666666666666
protein_0319,protein_0276,0.3068181818181818
protein_0319,protein_0277,0.13978494623655913
protein_0319,protein_0278,0.32222222222222224
protein_0319,protein_0279,0.29213483146067415
protein_0319,protein_0280,0.27586206896551724
protein_0319,protein_0281,0.1271186440677966
protein_0319,protein_0282,0.09195402298850575
protein_0319,protein_0283,0.10550458715596331
protein_0319,protein_0284,0.25287356321839083
protein_0319,protein_0285,0.735632183908046
protein_0319,protein_0286,0.17391304347826086
protein_0319,protein_0287,0.23148148148148148
protein_0319,protein_0288,0.27586206896551724
protein_0319,protein_0289,0.12643678160919541
protein_0319,protein_0290,0.168141592920354
protein_0319,protein_0291,0.22988505747126436
protein_0319,protein_0292,0.15625
protein_0319,protein_0293,0.21505376344086022
protein_0319,protein_0294,0.22988505747126436
protein_0319,protein_0296,0.16379310344827586
protein_0319,protein_0297,0.17391304347826086
protein_0319,protein_0298,0.15555555555555556
protein_0319,protein_0299,0.15789473684210525
protein_0319,protein_0300,0.17
protein_0319,protein_0301,0.17
protein_0319,protein_0302,0.0967741935483871
protein_0319,protein_0304,0.14583333333333334
protein_0319,protein_0305,0.205607476635514
protein_0319,protein_0307,0.09836065573770492
protein_0319,protein_0308,0.15384615384615385
protein_0319,protein_0310,0.18269230769230768
protein_0319,protein_0311,0.3448275862068966
protein_0319,protein_0312,0.3793103448275862
protein_0319,protein_0313,0.1839080459770115
protein_0319,protein_0314,0.15454545454545454
protein_0319,protein_0316,0.13793103448275862
protein_0319,protein_0317,0.16
protein_0319,protein_0318,0.1652892561983471
protein_0319,protein_0320,0.3103448275862069
protein_0319,protein_0321,0.25274725274725274
protein_0319,protein_0322,0.25
protein_0319,protein_0323,0.3181818181818182
protein_0319,protein_0324,0.1839080459770115
protein_0319,protein_0325,0.13559322033898305
protein_0319,protein_0326,0.15217391304347827
protein_0319,protein_0327,0.3333333333333333
protein_0319,protein_0329,0.14166666666666666
protein_0319,protein_0330,0.5287356321839081
protein_0319,protein_0331,0.13793103448275862
protein_0319,protein_0332,0.20689655172413793
protein_0319,protein_0333,0.2727272727272727
protein_0319,protein_0334,0.2111111111111111
protein_0319,protein_0335,0.1565217391304348
protein_0319,protein_0336,0.1724137931034483
protein_0319,protein_0337,0.41379310344827586
protein_0319,protein_0338,0.26436781609195403
protein_0319,protein_0340,0.1651376146788991
protein_0319,protein_0341,0.20588235294117646
protein_0319,protein_0342,0.125
protein_0319,protein_0343,0.14583333333333334
protein_0319,protein_0344,0.3068181818181818
protein_0319,protein_0346,0.15966386554621848
protein_0319,protein_0347,0.2159090909090909
protein_0319,protein_0348,0.09774436090225563
protein_0319,protein_0349,0.19
protein_0319,protein_0350,0.3068181818181818
protein_0319,protein_0351,0.5862068965517241
protein_0319,protein_0352,0.14942528735632185
protein_0319,protein_0353,0.1810344827586207
protein_0319,protein_0354,0.2988505747126437
protein_0319,protein_0355,0.42528735632183906
protein_0319,protein_0356,0.18181818181818182
protein_0319,protein_0357,0.13333333333333333
protein_0319,protein_0358,0.29545454545454547
protein_0319,protein_0359,0.13114754098360656
protein_0319,protein_0360,0.26436781609195403
protein_0319,protein_0361,0.128
protein_0319,protein_0362,0.2631578947368421
protein_0319,protein_0363,0.2631578947368421
protein_0319,protein_0366,0.26804123711340205
protein_0319,protein_0367,0.14423076923076922
protein_0319,protein_0368,0.13186813186813187
protein_0319,protein_0369,0.12643678160919541
protein_0319,protein_0370,0.3068181818181818
protein_0319,protein_0371,0.3103448275862069
protein_0319,protein_0372,0.09174311926605505
protein_0319,protein_0373,0.15384615384615385
protein_0319,protein_0374,0.1487603305785124
protein_0319,protein_0375,0.32954545454545453
protein_0319,protein_0376,0.21153846153846154
protein_0319,protein_0377,0.3103448275862069
protein_0319,protein_0378,0.17857142857142858
protein_0319,protein_0379,0.17894736842105263
protein_0319,protein_0380,0.17894736842105263
protein_0319,protein_0381,0.17894736842105263
protein_0319,protein_0382,0.21978021978021978
protein_0319,protein_0384,0.33707865168539325
protein_0319,protein_0385,0.1782178217821782
protein_0319,protein_0386,0.1724137931034483
protein_0319,protein_0387,0.12149532710280374
protein_0319,protein_0388,0.15384615384615385
protein_0319,protein_0389,0.14772727272727273
protein_0319,protein_0391,0.2222222222222222
protein_0319,protein_0392,0.3103448275862069
protein_0319,protein_0394,0.1206896551724138
protein_0319,protein_0395,0.32608695652173914
protein_0319,protein_0396,0.13793103448275862
protein_0319,protein_0397,0.27586206896551724
protein_0319,protein_0398,0.14782608695652175
protein_0319,protein_0399,0.3793103448275862
protein_0328,protein_0000,0.13274336283185842
protein_0328,protein_0002,0.16071428571428573
protein_0328,protein_0003,0.16260162601626016
protein_0328,protein_0004,0.15454545454545454
protein_0328,protein_0005,0.11009174311926606
protein_0328,protein_0006,0.1504424778761062
protein_0328,protein_0007,0.1574074074074074
protein_0328,protein_0008,0.10909090909090909
protein_0328,protein_0009,0.1271186440677966
protein_0328,protein_0010,0.1724137931034483
protein_0328,protein_0011,0.16666666666666666
protein_0328,protein_0012,0.17355371900826447
protein_0328,protein_0014,0.19008264462809918
protein_0328,protein_0015,0.20353982300884957
protein_0328,protein_0016,0.1487603305785124
protein_0328,protein_0017,0.1328125
protein_0328,protein_0018,0.10909090909090909
protein_0328,protein_0019,0.15315315315315314
protein_0328,protein_0020,0.1743119266055046
protein_0328,protein_0021,0.1574074074074074
protein_0328,protein_0022,0.14414414414414414
protein_0328,protein_0023,0.14814814814814814
protein_0328,protein_0024,0.16129032258064516
protein_0328,protein_0025,0.12
protein_0328,protein_0026,0.1347517730496454
protein_0328,protein_0027,0.15454545454545454
protein_0328,protein_0028,0.1565217391304348
protein_0328,protein_0029,0.14814814814814814
protein_0328,protein_0030,0.1935483870967742
protein_0328,protein_0031,0.13793103448275862
protein_0328,protein_0032,0.1743119266055046
protein_0328,protein_0033,0.12931034482758622
protein_0328,protein_0035,0.1694915254237288
protein_0328,protein_0036,0.12962962962962962
protein_0328,protein_0037,0.1440677966101695
protein_0328,protein_0038,0.1440677966101695
protein_0328,protein_0039,0.1440677966101695
protein_0328,protein_0040,0.1574074074074074
protein_0328,protein_0041,0.20909090909090908
protein_0328,protein_0042,0.10569105691056911
protein_0328,protein_0044,0.14678899082568808
protein_0328,protein_0045,0.12280701754385964
protein_0328,protein_0046,0.1388888888888889
protein_0328,protein_0047,0.12931034482758622
protein_0328,protein_0048,0.1206896551724138
protein_0328,protein_0050,0.19166666666666668
protein_0328,protein_0051,0.14814814814814814
protein_0328,protein_0054,0.14754098360655737
protein_0328,protein_0055,0.192
protein_0328,protein_0056,0.3448275862068966
protein_0328,protein_0057,0.16666666666666666
protein_0328,protein_0058,0.12037037037037036
protein_0328,protein_0059,0.1574074074074074
protein_0328,protein_0060,0.33035714285714285
protein_0328,protein_0061,0.15126050420168066
protein_0328,protein_0062,0.1440677966101695
protein_0328,protein_0063,0.1152073732718894
protein_0328,protein_0064,0.14285714285714285
protein_0328,protein_0065,0.11206896551724138
protein_0328,protein_0066,0.14814814814814814
protein_0328,protein_0067,0.1810344827586207
protein_0328,protein_0068,0.1388888888888889
protein_0328,protein_0069,0.12612612612612611
protein_0328,protein_0070,0.11607142857142858
protein_0328,protein_0071,0.14814814814814814
protein_0328,protein_0072,0.1574074074074074
protein_0328,protein_0073,0.13559322033898305
protein_0328,protein_0074,0.1559633027522936
protein_0328,protein_0075,0.211864406779661
protein_0328,protein_0076,0.16666666666666666
protein_0328,protein_0077,0.16379310344827586
protein_0328,protein_0078,0.3394495412844037
protein_0328,protein_0079,0.3394495412844037
protein_0328,protein_0081,0.13043478260869565
protein_0328,protein_0082,0.13761467889908258
protein_0328,protein_0083,0.15
protein_0328,protein_0084,0.1724137931034483
protein_0328,protein_0085,0.12037037037037036
protein_0328,protein_0086,0.12962962962962962
protein_0328,protein_0087,0.11009174311926606
protein_0328,protein_0089,0.3247863247863248
protein_0328,protein_0090,0.3162393162393162
protein_0328,protein_0092,0.30434782608695654
protein_0328,protein_0093,0.16216216216216217
protein_0328,protein_0094,0.1092436974789916
protein_0328,protein_0095,0.3185840707964602
protein_0328,protein_0096,0.14414414414414414
protein_0328,protein_0097,0.16521739130434782
protein_0328,protein_0098,0.09734513274336283
protein_0328,protein_0099,0.35714285714285715
protein_0328,protein_0100,0.16666666666666666
protein_0328,protein_0101,0.15254237288135594
protein_0328,protein_0102,0.1864406779661017
protein_0328,protein_0103,0.21621621621621623
protein_0328,protein_0104,0.18699186991869918
protein_0328,protein_0106,0.3305084745762712
protein_0328,protein_0107,0.18518518518518517
protein_0328,protein_0108,0.16101694915254236
protein_0328,protein_0109,0.11926605504587157
protein_0328,protein_0110,0.16071428571428573
protein_0328,protein_0111,0.12280701754385964
protein_0328,protein_0112,0.16666666666666666
protein_0328,protein_0113,0.1415929203539823
protein_0328,protein_0114,0.11475409836065574
protein_0328,protein_0115,0.15789473684210525
protein_0328,protein_0116,0.375
protein_0328,protein_0117,0.375
protein_0328,protein_0118,0.1574074074074074
protein_0328,protein_0119,0.1388888888888889
protein_0328,protein_0120,0.14414414414414414
protein_0328,protein_0121,0.14414414414414414
protein_0328,protein_0122,0.1440677966101695
protein_0328,protein_0123,0.12962962962962962
protein_0328,protein_0124,0.14414414414414414
protein_0328,protein_0125,0.15
protein_0328,protein_0126,0.1111111111111111
protein_0328,protein_0127,0.1206896551724138
protein_0328,protein_0128,0.1388888888888889
protein_0328,protein_0129,0.13636363636363635
protein_0328,protein_0130,0.3333333333333333
protein_0328,protein_0131,0.11206896551724138
protein_0328,protein_0132,0.17391304347826086
protein_0328,protein_0133,0.17391304347826086
protein_0328,protein_0135,0.1271186440677966
protein_0328,protein_0136,0.16806722689075632
protein_0328,protein_0137,0.1623931623931624
protein_0328,protein_0138,0.1623931623931624
protein_0328,protein_0139,0.1574074074074074
protein_0328,protein_0140,0.1415929203539823
protein_0328,protein_0141,0.1440677966101695
protein_0328,protein_0142,0.0990990990990991
protein_0328,protein_0143,0.1875
protein_0328,protein_0144,0.16964285714285715
protein_0328,protein_0145,0.15315315315315314
protein_0328,protein_0146,0.12037037037037036
protein_0328,protein_0147,0.13445378151260504
protein_0328,protein_0148,0.09923664122137404
protein_0328,protein_0149,0.13636363636363635
protein_0328,protein_0150,0.1574074074074074
protein_0328,protein_0151,0.19327731092436976
protein_0328,protein_0152,0.15702479338842976
protein_0328,protein_0153,0.1743119266055046
protein_0328,protein_0154,0.1743119266055046
protein_0328,protein_0155,0.12295081967213115
protein_0328,protein_0156,0.16260162601626016
protein_0328,protein_0157,0.1743119266055046
protein_0328,protein_0158,0.12962962962962962
protein_0328,protein_0159,0.14655172413793102
protein_0328,protein_0160,0.14912280701754385
protein_0328,protein_0162,0.15126050420168066
protein_0328,protein_0163,0.1574074074074074
protein_0328,protein_0164,0.16393442622950818
protein_0328,protein_0165,0.1743119266055046
protein_0328,protein_0167,0.3482142857142857
protein_0328,protein_0168,0.3482142857142857
protein_0328,protein_0169,0.14960629921259844
protein_0328,protein_0170,0.12
protein_0328,protein_0171,0.14285714285714285
protein_0328,protein_0172,0.1693548387096774
protein_0328,protein_0173,0.11504424778761062
protein_0328,protein_0174,0.12612612612612611
protein_0328,protein_0175,0.14035087719298245
protein_0328,protein_0176,0.16363636363636364
protein_0328,protein_0177,0.12962962962962962
protein_0328,protein_0178,0.16666666666666666
protein_0328,protein_0179,0.15447154471544716
protein_0328,protein_0180,0.1810344827586207
protein_0328,protein_0181,0.17094017094017094
protein_0328,protein_0182,0.11607142857142858
protein_0328,protein_0183,0.16964285714285715
protein_0328,protein_0184,0.1415929203539823
protein_0328,protein_0185,0.12727272727272726
protein_0328,protein_0186,0.18421052631578946
protein_0328,protein_0187,0.1391304347826087
protein_0328,protein_0188,0.14285714285714285
protein_0328,protein_0189,0.12844036697247707
protein_0328,protein_0191,0.15789473684210525
protein_0328,protein_0192,0.13274336283185842
protein_0328,protein_0193,0.15178571428571427
protein_0328,protein_0194,0.10743801652892562
protein_0328,protein_0195,0.1452991452991453
protein_0328,protein_0196,0.1452991452991453
protein_0328,protein_0197,0.1391304347826087
protein_0328,protein_0198,0.12727272727272726
protein_0328,protein_0199,0.1794871794871795
protein_0328,protein_0200,0.13636363636363635
protein_0328,protein_0202,0.17647058823529413
protein_0328,protein_0203,0.16260162601626016
protein_0328,protein_0204,0.1388888888888889
protein_0328,protein_0206,0.17355371900826447
protein_0328,protein_0207,0.16666666666666666
protein_0328,protein_0208,0.15384615384615385
protein_0328,protein_0209,0.1559633027522936
protein_0328,protein_0210,0.14285714285714285
protein_0328,protein_0211,0.16666666666666666
protein_0328,protein_0213,0.13157894736842105
protein_0328,protein_0214,0.1388888888888889
protein_0328,protein_0215,0.1574074074074074
protein_0328,protein_0216,0.1794871794871795
protein_0328,protein_0218,0.17985611510791366
protein_0328,protein_0219,0.15
protein_0328,protein_0220,0.16806722689075632
protein_0328,protein_0221,0.10185185185185185
protein_0328,protein_0222,0.1565217391304348
protein_0328,protein_0223,0.09259259259259259
protein_0328,protein_0224,0.1574074074074074
protein_0328,protein_0225,0.17272727272727273
protein_0328,protein_0226,0.19008264462809918
protein_0328,protein_0227,0.1559633027522936
protein_0328,protein_0228,0.17857142857142858
protein_0328,protein_0229,0.20535714285714285
protein_0328,protein_0230,0.1896551724137931
protein_0328,protein_0231,0.13274336283185842
protein_0328,protein_0232,0.14545454545454545
protein_0328,protein_0233,0.15
protein_0328,protein_0234,0.1504424778761062
protein_0328,protein_0235,0.19444444444444445
protein_0328,protein_0236,0.14864864864864866
protein_0328,protein_0237,0.14864864864864866
protein_0328,protein_0238,0.16891891891891891
protein_0328,protein_0239,0.09821428571428571
protein_0328,protein_0240,0.13274336283185842
protein_0328,protein_0242,0.1388888888888889
protein_0328,protein_0243,0.1
protein_0328,protein_0244,0.15178571428571427
protein_0328,protein_0245,0.13793103448275862
protein_0328,protein_0246,0.13513513513513514
protein_0328,protein_0247,0.18018018018018017
protein_0328,protein_0248,0.16521739130434782
protein_0328,protein_0249,0.14912280701754385
protein_0328,protein_0250,0.13636363636363635
protein_0328,protein_0252,0.14035087719298245
protein_0328,protein_0253,0.1774193548387097
protein_0328,protein_0254,0.1415929203539823
protein_0328,protein_0255,0.13793103448275862
protein_0328,protein_0256,0.16521739130434782
protein_0328,protein_0257,0.1565217391304348
protein_0328,protein_0258,0.16071428571428573
protein_0328,protein_0260,0.12727272727272726
protein_0328,protein_0261,0.14166666666666666
protein_0328,protein_0262,0.1597222222222222
protein_0328,protein_0265,0.11504424778761062
protein_0328,protein_0266,0.17391304347826086
protein_0328,protein_0267,0.1875
protein_0328,protein_0268,0.19642857142857142
protein_0328,protein_0270,0.1388888888888889
protein_0328,protein_0271,0.14814814814814814
protein_0328,protein_0272,0.16025641025641027
protein_0328,protein_0274,0.1623931623931624
protein_0328,protein_0275,0.16393442622950818
protein_0328,protein_0276,0.12389380530973451
protein_0328,protein_0277,0.1574074074074074
protein_0328,protein_0278,0.1440677966101695
protein_0328,protein_0279,0.12962962962962962
protein_0328,protein_0280,0.10714285714285714
protein_0328,protein_0281,0.39285714285714285
protein_0328,protein_0282,0.1111111111111111
protein_0328,protein_0283,0.13122171945701358
protein_0328,protein_0284,0.14655172413793102
protein_0328,protein_0285,0.16379310344827586
protein_0328,protein_0286,0.15254237288135594
protein_0328,protein_0287,0.16379310344827586
protein_0328,protein_0288,0.15966386554621848
protein_0328,protein_0289,0.1388888888888889
protein_0328,protein_0290,0.14678899082568808
protein_0328,protein_0291,0.16964285714285715
protein_0328,protein_0292,0.1559633027522936
protein_0328,protein_0293,0.18803418803418803
protein_0328,protein_0294,0.16964285714285715
protein_0328,protein_0296,0.11666666666666667
protein_0328,protein_0297,0.1574074074074074
protein_0328,protein_0298,0.13793103448275862
protein_0328,protein_0299,0.20353982300884957
protein_0328,protein_0300,0.1574074074074074
protein_0328,protein_0301,0.15517241379310345
protein_0328,protein_0302,0.12903225806451613
protein_0328,protein_0304,0.16071428571428573
protein_0328,protein_0305,0.1896551724137931
protein_0328,protein_0307,0.18699186991869918
protein_0328,protein_0308,0.12
protein_0328,protein_0310,0.14655172413793102
protein_0328,protein_0311,0.1271186440677966
protein_0328,protein_0312,0.1724137931034483
protein_0328,protein_0313,0.14166666666666666
protein_0328,protein_0314,0.15517241379310345
protein_0328,protein_0316,0.12962962962962962
protein_0328,protein_0317,0.15126050420168066
protein_0328,protein_0318,0.4017857142857143
protein_0328,protein_0320,0.14782608695652175
protein_0328,protein_0321,0.09821428571428571
protein_0328,protein_0322,0.1592920353982301
protein_0328,protein_0323,0.18584070796460178
protein_0328,protein_0324,0.1651376146788991
protein_0328,protein_0325,0.3333333333333333
protein_0328,protein_0326,0.168141592920354
protein_0328,protein_0327,0.13392857142857142
protein_0328,protein_0329,1.0
protein_0328,protein_0330,0.168141592920354
protein_0328,protein_0331,0.1574074074074074
protein_0328,protein_0332,0.16101694915254236
protein_0328,protein_0333,0.16071428571428573
protein_0328,protein_0334,0.14285714285714285
protein_0328,protein_0335,0.16666666666666666
protein_0328,protein_0336,0.14678899082568808
protein_0328,protein_0337,0.19298245614035087
protein_0328,protein_0338,0.11864406779661017
protein_0328,protein_0340,0.16666666666666666
protein_0328,protein_0341,0.15833333333333333
protein_0328,protein_0342,0.11818181818181818
protein_0328,protein_0343,0.1574074074074074
protein_0328,protein_0344,0.13934426229508196
protein_0328,protein_0346,0.7142857142857143
protein_0328,protein_0347,0.16666666666666666
protein_0328,protein_0348,0.17054263565891473
protein_0328,protein_0349,0.1926605504587156
protein_0328,protein_0350,0.15454545454545454
protein_0328,protein_0351,0.16260162601626016
protein_0328,protein_0352,0.12962962962962962
protein_0328,protein_0353,0.3220338983050847
protein_0328,protein_0354,0.11864406779661017
protein_0328,protein_0355,0.2
protein_0328,protein_0356,0.16666666666666666
protein_0328,protein_0357,0.16535433070866143
protein_0328,protein_0358,0.14545454545454545
protein_0328,protein_0359,0.17829457364341086
protein_0328,protein_0360,0.18181818181818182
protein_0328,protein_0361,0.1532258064516129
protein_0328,protein_0362,0.11926605504587157
protein_0328,protein_0363,0.11926605504587157
protein_0328,protein_0366,0.12962962962962962
protein_0328,protein_0367,0.07407407407407407
protein_0328,protein_0368,0.15315315315315314
protein_0328,protein_0369,0.08333333333333333
protein_0328,protein_0370,0.13934426229508196
protein_0328,protein_0371,0.14814814814814814
protein_0328,protein_0372,0.14027149321266968
protein_0328,protein_0373,0.1557377049180328
protein_0328,protein_0374,0.12096774193548387
protein_0328,protein_0375,0.12931034482758622
protein_0328,protein_0376,0.152
protein_0328,protein_0377,0.14166666666666666
protein_0328,protein_0378,0.5925925925925926
protein_0328,protein_0379,0.16666666666666666
protein_0328,protein_0380,0.16666666666666666
protein_0328,protein_0381,0.16666666666666666
protein_0328,protein_0382,0.14166666666666666
protein_0328,protein_0384,0.12173913043478261
protein_0328,protein_0385,0.15178571428571427
protein_0328,protein_0386,0.1794871794871795
protein_0328,protein_0387,0.1415929203539823
protein_0328,protein_0388,0.1592920353982301
protein_0328,protein_0389,0.15454545454545454
protein_0328,protein_0391,0.15384615384615385
protein_0328,protein_0392,0.11504424778761062
protein_0328,protein_0394,0.14685314685314685
protein_0328,protein_0395,0.14782608695652175
protein_0328,protein_0396,0.11510791366906475
protein_0328,protein_0397,0.1271186440677966
protein_0328,protein_0398,0.3333333333333333
protein_0328,protein_0399,0.11965811965811966
protein_0339,protein_0000,0.1839080459770115
protein_0339,protein_0002,0.18518518518518517
protein_0339,protein_0003,0.16483516483516483
protein_0339,protein_0004,0.18085106382978725
protein_0339,protein_0005,0.1590909090909091
protein_0339,protein_0006,0.18181818181818182
protein_0339,protein_0007,0.278014729950752
protein_0339,protein_0008,0.15151515151515152
protein_0339,protein_0009,0.15730337078651685
protein_0339,protein_0010,0.14606741573033707
protein_0339,protein_0011,0.17777777777777778
protein_0339,protein_0012,0.1511627906976744
protein_0339,protein_0014,0.14589315243318998
protein_0339,protein_0015,0.16666666666666666
protein_0339,protein_0016,0.16831683168316833
protein_0339,protein_0017,0.1640625
protein_0339,protein_0018,0.19101123595505617
protein_0339,protein_0019,0.22655069697318397
protein_0339,protein_0020,0.19101123595505617
protein_0339,protein_0021,0.18292682926829268
protein_0339,protein_0022,0.15367886915549112
protein_0339,protein_0023,0.15346790890269152
protein_0339,protein_0024,0.13675213675213677
protein_0339,protein_0025,0.20212765957446807
protein_0339,protein_0026,0.1450381679389313
protein_0339,protein_0027,0.18312023604622574
protein_0339,protein_0028,0.16
protein_0339,protein_0029,0.3053275722660061
protein_0339,protein_0030,0.1557377049180328
protein_0339,protein_0031,0.1485148514851485
protein_0339,protein_0032,0.18478260869565216
protein_0339,protein_0033,0.1724137931034483
protein_0339,protein_0035,0.16161616161616163
protein_0339,protein_0036,0.3077062810063016
protein_0339,protein_0037,0.16049968374446552
protein_0339,protein_0038,0.16049968374446552
protein_0339,protein_0039,0.16853932584269662
protein_0339,protein_0040,0.18571428571428572
protein_0339,protein_0041,0.17045454545454544
protein_0339,protein_0042,0.23255813953488372
protein_0339,protein_0044,0.17777777777777778
protein_0339,protein_0045,0.20224719101123595
protein_0339,protein_0046,0.2777657108389169
protein_0339,protein_0047,0.13793103448275862
protein_0339,protein_0048,0.1724137931034483
protein_0339,protein_0050,0.16831683168316833
protein_0339,protein_0051,0.3032927690026526
protein_0339,protein_0054,0.16666666666666666
protein_0339,protein_0055,0.17094017094017094
protein_0339,protein_0056,0.19419306184012067
protein_0339,protein_0057,0.2851761620179007
protein_0339,protein_0058,0.2328767123287671
protein_0339,protein_0059,0.1839080459770115
protein_0339,protein_0060,0.14212246467365183
protein_0339,protein_0061,0.17346938775510204
protein_0339,protein_0062,0.17391304347826086
protein_0339,protein_0063,0.11574074074074074
protein_0339,protein_0064,0.14285714285714285
protein_0339,protein_0065,0.1717171717171717
protein_0339,protein_0066,0.18095238095238095
protein_0339,protein_0067,0.1590909090909091
protein_0339,protein_0068,0.17777777777777778
protein_0339,protein_0069,0.11702127659574468
protein_0339,protein_0070,0.17045454545454544
protein_0339,protein_0071,0.14606741573033707
protein_0339,protein_0072,0.3491205070307603
protein_0339,protein_0073,0.1797752808988764
protein_0339,protein_0074,0.16666666666666666
protein_0339,protein_0075,0.15733869305297876
protein_0339,protein_0076,0.21621621621621623
protein_0339,protein_0077,0.1836734693877551
protein_0339,protein_0078,0.16831683168316833
protein_0339,protein_0079,0.16831683168316833
protein_0339,protein_0081,0.1839080459770115
protein_0339,protein_0082,0.17
protein_0339,protein_0083,0.18181818181818182
protein_0339,protein_0084,0.1569767441860465
protein_0339,protein_0085,0.15841584158415842
protein_0339,protein_0086,0.18
protein_0339,protein_0087,0.3608630952380952
protein_0339,protein_0089,0.13420268256333828
protein_0339,protein_0090,0.13339920948616601
protein_0339,protein_0092,0.17391304347826086
protein_0339,protein_0093,0.16304347826086957
protein_0339,protein_0094,0.14035087719298245
protein_0339,protein_0095,0.1645329540066382
protein_0339,protein_0096,0.1485148514851485
protein_0339,protein_0097,0.14736842105263157
protein_0339,protein_0098,0.16091954022988506
protein_0339,protein_0099,0.14949560993835231
protein_0339,protein_0100,0.250517012371466
protein_0339,protein_0101,0.15730337078651685
protein_0339,protein_0102,0.14285714285714285
protein_0339,protein_0103,0.1839080459770115
protein_0339,protein_0104,0.12698412698412698
protein_0339,protein_0106,0.17717706551647205
protein_0339,protein_0107,0.1839080459770115
protein_0339,protein_0108,0.20987654320987653
protein_0339,protein_0109,0.37891365922684983
protein_0339,protein_0110,0.19101123595505617
protein_0339,protein_0111,0.14942528735632185
protein_0339,protein_0112,0.16666666666666666
protein_0339,protein_0113,0.1839080459770115
protein_0339,protein_0114,0.19540229885057472
protein_0339,protein_0115,0.15853658536585366
protein_0339,protein_0116,0.14306220095693778
protein_0339,protein_0117,0.14306220095693778
protein_0339,protein_0118,0.2404414743616553
protein_0339,protein_0119,0.15454545454545454
protein_0339,protein_0120,0.18681318681318682
protein_0339,protein_0121,0.18681318681318682
protein_0339,protein_0122,0.15186202686202688
protein_0339,protein_0123,0.32770171275555693
protein_0339,protein_0124,0.18681318681318682
protein_0339,protein_0125,0.21212121212121213
protein_0339,protein_0126,0.18181818181818182
protein_0339,protein_0127,0.1839080459770115
protein_0339,protein_0128,0.2111111111111111
protein_0339,protein_0129,0.16483516483516483
protein_0339,protein_0130,0.1422924901185771
protein_0339,protein_0131,0.20337301587301587
protein_0339,protein_0132,0.16037735849056603
protein_0339,protein_0133,0.16037735849056603
protein_0339,protein_0135,0.19540229885057472
protein_0339,protein_0136,0.14655172413793102
protein_0339,protein_0137,0.1440677966101695
protein_0339,protein_0138,0.1440677966101695
protein_0339,protein_0139,0.2531080820981667
protein_0339,protein_0140,0.16853932584269662
protein_0339,protein_0141,0.1539891818796484
protein_0339,protein_0142,0.13793103448275862
protein_0339,protein_0143,0.1839080459770115
protein_0339,protein_0144,0.16666666666666666
protein_0339,protein_0145,0.3221373519583127
protein_0339,protein_0146,0.19753086419753085
protein_0339,protein_0147,0.17582417582417584
protein_0339,protein_0148,0.1839080459770115
protein_0339,protein_0149,0.31012694420670317
protein_0339,protein_0150,0.18478260869565216
protein_0339,protein_0151,0.16853932584269662
protein_0339,protein_0152,0.26264045677894216
protein_0339,protein_0153,0.15838744588744588
protein_0339,protein_0154,0.15904644217897232
protein_0339,protein_0155,0.1452991452991453
protein_0339,protein_0156,0.14814814814814814
protein_0339,protein_0157,0.16470588235294117
protein_0339,protein_0158,0.33888663754189147
protein_0339,protein_0159,0.2222222222222222
protein_0339,protein_0160,0.16666666666666666
protein_0339,protein_0162,0.20689655172413793
protein_0339,protein_0163,0.19626168224299065
protein_0339,protein_0164,0.14772727272727273
protein_0339,protein_0165,0.33588514765999977
protein_0339,protein_0167,0.14274322169059012
protein_0339,protein_0168,0.14274322169059012
protein_0339,protein_0169,0.17796610169491525
protein_0339,protein_0170,0.17204301075268819
protein_0339,protein_0171,0.19101123595505617
protein_0339,protein_0172,0.16666666666666666
protein_0339,protein_0173,0.18681318681318682
protein_0339,protein_0174,0.17525773195876287
protein_0339,protein_0175,0.16494845360824742
protein_0339,protein_0176,0.25865280404961905
protein_0339,protein_0177,0.3287600867962966
protein_0339,protein_0178,0.14912280701754385
protein_0339,protein_0179,0.1504424778761062
protein_0339,protein_0180,0.14942528735632185
protein_0339,protein_0181,0.15730337078651685
protein_0339,protein_0182,0.16666666666666666
protein_0339,protein_0183,0.1414141414141414
protein_0339,protein_0184,0.17777777777777778
protein_0339,protein_0185,0.1839080459770115
protein_0339,protein_0186,0.1485148514851485
protein_0339,protein_0187,0.17525773195876287
protein_0339,protein_0188,0.34898038404043386
protein_0339,protein_0189,0.20689655172413793
protein_0339,protein_0191,0.17777777777777778
protein_0339,protein_0192,0.16470588235294117
protein_0339,protein_0193,0.15789473684210525
protein_0339,protein_0194,0.1839080459770115
protein_0339,protein_0195,0.1724137931034483
protein_0339,protein_0196,0.14942528735632185
protein_0339,protein_0197,0.13793103448275862
protein_0339,protein_0198,0.1702127659574468
protein_0339,protein_0199,0.17391304347826086
protein_0339,protein_0200,0.1839080459770115
protein_0339,protein_0202,0.1590909090909091
protein_0339,protein_0203,0.1282051282051282
protein_0339,protein_0204,0.2870162099036907
protein_0339,protein_0206,0.14942528735632185
protein_0339,protein_0207,0.14166666666666666
protein_0339,protein_0208,0.1415929203539823
protein_0339,protein_0209,0.1839080459770115
protein_0339,protein_0210,0.18181818181818182
protein_0339,protein_0211,0.1454225352112676
protein_0339,protein_0213,0.18181818181818182
protein_0339,protein_0214,0.17391304347826086
protein_0339,protein_0215,0.19117647058823528
protein_0339,protein_0216,0.18947368421052632
protein_0339,protein_0218,0.12698412698412698
protein_0339,protein_0219,0.14285714285714285
protein_0339,protein_0220,0.15789473684210525
protein_0339,protein_0221,0.2112676056338028
protein_0339,protein_0222,0.14772727272727273
protein_0339,protein_0223,0.18571428571428572
protein_0339,protein_0224,0.23171244625108672
protein_0339,protein_0225,0.20481927710843373
protein_0339,protein_0226,0.16483516483516483
protein_0339,protein_0227,0.16666666666666666
protein_0339,protein_0228,0.18222222222222223
protein_0339,protein_0229,0.1686746987951807
protein_0339,protein_0230,0.18181818181818182
protein_0339,protein_0231,0.17045454545454544
protein_0339,protein_0232,0.2618527014926746
protein_0339,protein_0233,0.14960629921259844
protein_0339,protein_0234,0.1919191919191919
protein_0339,protein_0235,0.1442241968557758
protein_0339,protein_0236,0.145979020979021
protein_0339,protein_0237,0.145979020979021
protein_0339,protein_0238,0.13740458015267176
protein_0339,protein_0239,0.18888888888888888
protein_0339,protein_0240,0.21978021978021978
protein_0339,protein_0242,0.27302425182711454
protein_0339,protein_0243,0.2
protein_0339,protein_0244,0.17417967505575022
protein_0339,protein_0245,0.14169198256505083
protein_0339,protein_0246,0.2087912087912088
protein_0339,protein_0247,0.1478231477700649
protein_0339,protein_0248,0.18888888888888888
protein_0339,protein_0249,0.1827956989247312
protein_0339,protein_0250,0.16985645933014354
protein_0339,protein_0252,0.15294117647058825
protein_0339,protein_0253,0.13274336283185842
protein_0339,protein_0254,0.15686944634313055
protein_0339,protein_0255,0.11695906432748537
protein_0339,protein_0256,0.17647058823529413
protein_0339,protein_0257,0.17
protein_0339,protein_0258,0.17582417582417584
protein_0339,protein_0260,0.2862229806283515
protein_0339,protein_0261,0.16831683168316833
protein_0339,protein_0262,0.17037037037037037
protein_0339,protein_0265,0.20224719101123595
protein_0339,protein_0266,0.14686907020872864
protein_0339,protein_0267,0.17582417582417584
protein_0339,protein_0268,0.14634146341463414
protein_0339,protein_0270,0.189873417721519
protein_0339,protein_0271,0.28723779405553235
protein_0339,protein_0272,0.13910120311394197
protein_0339,protein_0274,0.15730337078651685
protein_0339,protein_0275,0.19
protein_0339,protein_0276,0.17894736842105263
protein_0339,protein_0277,0.2484761728307924
protein_0339,protein_0278,0.14285714285714285
protein_0339,protein_0279,0.1511627906976744
protein_0339,protein_0280,0.1951219512195122
protein_0339,protein_0281,0.18584070796460178
protein_0339,protein_0282,0.1506849315068493
protein_0339,protein_0283,0.10091743119266056
protein_0339,protein_0284,0.1497326203208556
protein_0339,protein_0285,0.1590909090909091
protein_0339,protein_0286,0.273968835363492
protein_0339,protein_0287,0.16822429906542055
protein_0339,protein_0288,0.19318181818181818
protein_0339,protein_0289,0.19860696517412935
protein_0339,protein_0290,0.1568627450980392
protein_0339,protein_0291,0.14119601328903653
protein_0339,protein_0292,0.26773847442156495
protein_0339,protein_0293,0.17045454545454544
protein_0339,protein_0294,0.1419642857142857
protein_0339,protein_0296,0.13274336283185842
protein_0339,protein_0297,0.32595485350373504
protein_0339,protein_0298,0.28298234701412456
protein_0339,protein_0299,0.15145368492224476
protein_0339,protein_0300,0.1654562893943546
protein_0339,protein_0301,0.16593406593406596
protein_0339,protein_0302,0.11312217194570136
protein_0339,protein_0304,0.18606060606060607
protein_0339,protein_0305,0.15773922472214694
protein_0339,protein_0307,0.1557377049180328
protein_0339,protein_0308,0.1826086956521739
protein_0339,protein_0310,0.18627450980392157
protein_0339,protein_0311,0.2
protein_0339,protein_0312,0.21739130434782608
protein_0339,protein_0313,0.14503042596348886
protein_0339,protein_0314,0.16326530612244897
protein_0339,protein_0316,0.32078231874377167
protein_0339,protein_0317,0.17647058823529413
protein_0339,protein_0318,0.17699115044247787
protein_0339,protein_0320,0.15384615384615385
protein_0339,protein_0321,0.13978494623655913
protein_0339,protein_0322,0.19047619047619047
protein_0339,protein_0323,0.17525773195876287
protein_0339,protein_0324,0.19480519480519481
protein_0339,protein_0325,0.1515810276679842
protein_0339,protein_0326,0.18604651162790697
protein_0339,protein_0327,0.1839080459770115
protein_0339,protein_0329,0.14035087719298245
protein_0339,protein_0330,0.19540229885057472
protein_0339,protein_0331,0.2974202182783001
protein_0339,protein_0332,0.14817290552584672
protein_0339,protein_0333,0.1416611588455607
protein_0339,protein_0334,0.17045454545454544
protein_0339,protein_0335,0.1523809523809524
protein_0339,protein_0336,0.35995935803756407
protein_0339,protein_0337,0.15555555555555556
protein_0339,protein_0338,0.14444444444444443
protein_0339,protein_0340,0.16666666666666666
protein_0339,protein_0341,0.1523809523809524
protein_0339,protein_0342,0.2236842105263158
protein_0339,protein_0343,0.18813131313131315
protein_0339,protein_0344,0.1839080459770115
protein_0339,protein_0346,0.1511174441277936
protein_0339,protein_0347,0.28145184178182237
protein_0339,protein_0348,0.14655172413793102
protein_0339,protein_0349,0.18
protein_0339,protein_0350,0.15789473684210525
protein_0339,protein_0351,0.16091954022988506
protein_0339,protein_0352,0.31217220164223497
protein_0339,protein_0353,0.18975155279503103
protein_0339,protein_0354,0.19318181818181818
protein_0339,protein_0355,0.15513897866839044
protein_0339,protein_0356,0.32115307397692494
protein_0339,protein_0357,0.15833333333333333
protein_0339,protein_0358,0.1724137931034483
protein_0339,protein_0359,0.13445378151260504
protein_0339,protein_0360,0.16666666666666666
protein_0339,protein_0361,0.13559322033898305
protein_0339,protein_0362,0.16842105263157894
protein_0339,protein_0363,0.16842105263157894
protein_0339,protein_0366,0.16666666666666666
protein_0339,protein_0367,0.16
protein_0339,protein_0368,0.18072289156626506
protein_0339,protein_0369,0.189873417721519
protein_0339,protein_0370,0.1839080459770115
protein_0339,protein_0371,0.1702127659574468
protein_0339,protein_0372,0.0963302752293578
protein_0339,protein_0373,0.1782178217821782
protein_0339,protein_0374,0.17094017094017094
protein_0339,protein_0375,0.1724137931034483
protein_0339,protein_0376,0.1782178217821782
protein_0339,protein_0377,0.14285714285714285
protein_0339,protein_0378,0.14953271028037382
protein_0339,protein_0379,0.15577394348587148
protein_0339,protein_0380,0.15577394348587148
protein_0339,protein_0381,0.15577394348587148
protein_0339,protein_0382,0.1628971756398941
protein_0339,protein_0384,0.16666666666666666
protein_0339,protein_0385,0.1414141414141414
protein_0339,protein_0386,0.18
protein_0339,protein_0387,0.16981132075471697
protein_0339,protein_0388,0.3366614396228925
protein_0339,protein_0389,0.2328767123287671
protein_0339,protein_0391,0.1590909090909091
protein_0339,protein_0392,0.20212765957446807
protein_0339,protein_0394,0.1724137931034483
protein_0339,protein_0395,0.16842105263157894
protein_0339,protein_0396,0.13157894736842105
protein_0339,protein_0397,0.16091954022988506
protein_0339,protein_0398,0.12943474447899228
protein_0339,protein_0399,0.17045454545454544
protein_0345,protein_0000,0.1452991452991453
protein_0345,protein_0002,0.14912280701754385
protein_0345,protein_0003,0.14173228346456693
protein_0345,protein_0004,0.16101694915254236
protein_0345,protein_0005,0.14285714285714285
protein_0345,protein_0006,0.15517241379310345
protein_0345,protein_0007,0.1793411330049261
protein_0345,protein_0008,0.16161616161616163
protein_0345,protein_0009,0.1565217391304348
protein_0345,protein_0010,0.15079365079365079
protein_0345,protein_0011,0.18032786885245902
protein_0345,protein_0012,0.17355371900826447
protein_0345,protein_0014,0.15660919540229884
protein_0345,protein_0015,0.18421052631578946
protein_0345,protein_0016,0.13131313131313133
protein_0345,protein_0017,0.14184397163120568
protein_0345,protein_0018,0.1623931623931624
protein_0345,protein_0019,0.16536526114870728
protein_0345,protein_0020,0.17699115044247787
protein_0345,protein_0021,0.18584070796460178
protein_0345,protein_0022,0.1335314328164175
protein_0345,protein_0023,0.1599025974025974
protein_0345,protein_0024,0.12857142857142856
protein_0345,protein_0025,0.1724137931034483
protein_0345,protein_0026,0.15217391304347827
protein_0345,protein_0027,0.15252976190476192
protein_0345,protein_0028,0.16806722689075632
protein_0345,protein_0029,0.1456140350877193
protein_0345,protein_0030,0.140625
protein_0345,protein_0031,0.19
protein_0345,protein_0032,0.17355371900826447
protein_0345,protein_0033,0.14444444444444443
protein_0345,protein_0035,0.16
protein_0345,protein_0036,0.15625
protein_0345,protein_0037,0.13039215686274508
protein_0345,protein_0038,0.13039215686274508
protein_0345,protein_0039,0.15178571428571427
protein_0345,protein_0040,0.15178571428571427
protein_0345,protein_0041,0.11403508771929824
protein_0345,protein_0042,0.13043478260869565
protein_0345,protein_0044,0.15517241379310345
protein_0345,protein_0045,0.1322314049586777
protein_0345,protein_0046,0.17669172932330826
protein_0345,protein_0047,0.10869565217391304
protein_0345,protein_0048,0.13157894736842105
protein_0345,protein_0050,0.1794871794871795
protein_0345,protein_0051,0.18601190476190477
protein_0345,protein_0054,0.15384615384615385
protein_0345,protein_0055,0.1349206349206349
protein_0345,protein_0056,0.24108057357459883
protein_0345,protein_0057,0.17072044334975367
protein_0345,protein_0058,0.16071428571428573
protein_0345,protein_0059,0.1391304347826087
protein_0345,protein_0060,0.22722918843608497
protein_0345,protein_0061,0.175
protein_0345,protein_0062,0.16393442622950818
protein_0345,protein_0063,0.09389671361502347
protein_0345,protein_0064,0.14754098360655737
protein_0345,protein_0065,0.20512820512820512
protein_0345,protein_0066,0.1693548387096774
protein_0345,protein_0067,0.152
protein_0345,protein_0068,0.18032786885245902
protein_0345,protein_0069,0.11965811965811966
protein_0345,protein_0070,0.12643678160919541
protein_0345,protein_0071,0.19672131147540983
protein_0345,protein_0072,0.15464601769911504
protein_0345,protein_0073,0.13821138211382114
protein_0345,protein_0074,0.13675213675213677
protein_0345,protein_0075,0.15396093326098753
protein_0345,protein_0076,0.1565217391304348
protein_0345,protein_0077,0.1951219512195122
protein_0345,protein_0078,0.3185840707964602
protein_0345,protein_0079,0.3185840707964602
protein_0345,protein_0081,0.15447154471544716
protein_0345,protein_0082,0.13861386138613863
protein_0345,protein_0083,0.175
protein_0345,protein_0084,0.15816993464052287
protein_0345,protein_0085,0.125
protein_0345,protein_0086,0.14285714285714285
protein_0345,protein_0087,0.13379329004329005
protein_0345,protein_0089,0.23065677013045435
protein_0345,protein_0090,0.22690115494225288
protein_0345,protein_0092,0.2809917355371901
protein_0345,protein_0093,0.1504424778761062
protein_0345,protein_0094,0.136
protein_0345,protein_0095,0.23267251815980627
protein_0345,protein_0096,0.15151515151515152
protein_0345,protein_0097,0.16806722689075632
protein_0345,protein_0098,0.13636363636363635
protein_0345,protein_0099,0.25396203413444796
protein_0345,protein_0100,0.15037593984962405
protein_0345,protein_0101,0.12903225806451613
protein_0345,protein_0102,0.1885245901639344
protein_0345,protein_0103,0.21739130434782608
protein_0345,protein_0104,0.14285714285714285
protein_0345,protein_0106,0.208435960591133
protein_0345,protein_0107,0.13675213675213677
protein_0345,protein_0108,0.13043478260869565
protein_0345,protein_0109,0.16981995727799817
protein_0345,protein_0110,0.13333333333333333
protein_0345,protein_0111,0.14516129032258066
protein_0345,protein_0112,0.15151515151515152
protein_0345,protein_0113,0.1592920353982301
protein_0345,protein_0114,0.1415929203539823
protein_0345,protein_0115,0.14634146341463414
protein_0345,protein_0116,0.24899036968002486
protein_0345,protein_0117,0.24899036968002486
protein_0345,protein_0118,0.18961466165413532
protein_0345,protein_0119,0.11764705882352941
protein_0345,protein_0120,0.21428571428571427
protein_0345,protein_0121,0.21428571428571427
protein_0345,protein_0122,0.11372549019607843
protein_0345,protein_0123,0.17841748768472906
protein_0345,protein_0124,0.1875
protein_0345,protein_0125,0.15306122448979592
protein_0345,protein_0126,0.12121212121212122
protein_0345,protein_0127,0.1504424778761062
protein_0345,protein_0128,0.1557377049180328
protein_0345,protein_0129,0.168141592920354
protein_0345,protein_0130,0.2201616006156214
protein_0345,protein_0131,0.1172077922077922
protein_0345,protein_0132,0.1557377049180328
protein_0345,protein_0133,0.1557377049180328
protein_0345,protein_0135,0.18072289156626506
protein_0345,protein_0136,0.1271186440677966
protein_0345,protein_0137,0.1484375
protein_0345,protein_0138,0.1484375
protein_0345,protein_0139,0.14160401002506265
protein_0345,protein_0140,0.13445378151260504
protein_0345,protein_0141,0.1071320411871593
protein_0345,protein_0142,0.12087912087912088
protein_0345,protein_0143,0.14942528735632185
protein_0345,protein_0144,0.13186813186813187
protein_0345,protein_0145,0.15861801242236026
protein_0345,protein_0146,0.1267605633802817
protein_0345,protein_0147,0.16666666666666666
protein_0345,protein_0148,0.1282051282051282
protein_0345,protein_0149,0.15899122807017543
protein_0345,protein_0150,0.16071428571428573
protein_0345,protein_0151,0.15789473684210525
protein_0345,protein_0152,0.14870740305522914
protein_0345,protein_0153,0.18967770034843207
protein_0345,protein_0154,0.16314935064935066
protein_0345,protein_0155,0.136
protein_0345,protein_0156,0.171875
protein_0345,protein_0157,0.14166666666666666
protein_0345,protein_0158,0.1830357142857143
protein_0345,protein_0159,0.1797752808988764
protein_0345,protein_0160,0.16279069767441862
protein_0345,protein_0162,0.12295081967213115
protein_0345,protein_0163,0.15079365079365079
protein_0345,protein_0164,0.1557377049180328
protein_0345,protein_0165,0.1595568783068783
protein_0345,protein_0167,0.20995297805642632
protein_0345,protein_0168,0.21904388714733541
protein_0345,protein_0169,0.1510791366906475
protein_0345,protein_0170,0.14457831325301204
protein_0345,protein_0171,0.15126050420168066
protein_0345,protein_0172,0.16666666666666666
protein_0345,protein_0173,0.16091954022988506
protein_0345,protein_0174,0.16091954022988506
protein_0345,protein_0175,0.16091954022988506
protein_0345,protein_0176,0.16729323308270677
protein_0345,protein_0177,0.15851575842260518
protein_0345,protein_0178,0.14482758620689656
protein_0345,protein_0179,0.1415929203539823
protein_0345,protein_0180,0.16304347826086957
protein_0345,protein_0181,0.15873015873015872
protein_0345,protein_0182,0.125
protein_0345,protein_0183,0.17543859649122806
protein_0345,protein_0184,0.14444444444444443
protein_0345,protein_0185,0.14655172413793102
protein_0345,protein_0186,0.1810344827586207
protein_0345,protein_0187,0.1724137931034483
protein_0345,protein_0188,0.1556122448979592
protein_0345,protein_0189,0.17391304347826086
protein_0345,protein_0191,0.15178571428571427
protein_0345,protein_0192,0.13114754098360656
protein_0345,protein_0193,0.1896551724137931
protein_0345,protein_0194,0.1504424778761062
protein_0345,protein_0195,0.15625
protein_0345,protein_0196,0.18548387096774194
protein_0345,protein_0197,0.12195121951219512
protein_0345,protein_0198,0.1557377049180328
protein_0345,protein_0199,0.16071428571428573
protein_0345,protein_0200,0.13333333333333333
protein_0345,protein_0202,0.17857142857142858
protein_0345,protein_0203,0.13008130081300814
protein_0345,protein_0204,0.1437650844730491
protein_0345,protein_0206,0.17355371900826447
protein_0345,protein_0207,0.16129032258064516
protein_0345,protein_0208,0.11551215917464996
protein_0345,protein_0209,0.15517241379310345
protein_0345,protein_0210,0.17543859649122806
protein_0345,protein_0211,0.13642857142857143
protein_0345,protein_0213,0.1590909090909091
protein_0345,protein_0214,0.22058823529411764
protein_0345,protein_0215,0.18840579710144928
protein_0345,protein_0216,0.1652892561983471
protein_0345,protein_0218,0.18181818181818182
protein_0345,protein_0219,0.16666666666666666
protein_0345,protein_0220,0.16393442622950818
protein_0345,protein_0221,0.17647058823529413
protein_0345,protein_0222,0.13675213675213677
protein_0345,protein_0223,0.11594202898550725
protein_0345,protein_0224,0.13075060532687652
protein_0345,protein_0225,0.1724137931034483
protein_0345,protein_0226,0.1592920353982301
protein_0345,protein_0227,0.14925373134328357
protein_0345,protein_0228,0.13751571009635527
protein_0345,protein_0229,0.18292682926829268
protein_0345,protein_0230,0.17796610169491525
protein_0345,protein_0231,0.16666666666666666
protein_0345,protein_0232,0.17845326716294457
protein_0345,protein_0233,0.1347517730496454
protein_0345,protein_0234,0.18
protein_0345,protein_0235,0.12444690265486726
protein_0345,protein_0236,0.10646853146853147
protein_0345,protein_0237,0.10646853146853147
protein_0345,protein_0238,0.1390728476821192
protein_0345,protein_0239,0.16101694915254236
protein_0345,protein_0240,0.15254237288135594
protein_0345,protein_0242,0.15037593984962405
protein_0345,protein_0243,0.14754098360655737
protein_0345,protein_0244,0.12674216027874563
protein_0345,protein_0245,0.1367572608579803
protein_0345,protein_0246,0.16521739130434782
protein_0345,protein_0247,0.17978896103896103
protein_0345,protein_0248,0.15254237288135594
protein_0345,protein_0249,0.16521739130434782
protein_0345,protein_0250,0.11426158301158301
protein_0345,protein_0252,0.14960629921259844
protein_0345,protein_0253,0.1111111111111111
protein_0345,protein_0254,0.12593984962406016
protein_0345,protein_0255,0.11956521739130435
protein_0345,protein_0256,0.13953488372093023
protein_0345,protein_0257,0.13076923076923078
protein_0345,protein_0258,0.18548387096774194
protein_0345,protein_0260,0.15021929824561403
protein_0345,protein_0261,0.1414141414141414
protein_0345,protein_0262,0.1357142857142857
protein_0345,protein_0265,0.18803418803418803
protein_0345,protein_0266,0.16585343814945333
protein_0345,protein_0267,0.14285714285714285
protein_0345,protein_0268,0.17647058823529413
protein_0345,protein_0270,0.16901408450704225
protein_0345,protein_0271,0.20654761904761904
protein_0345,protein_0272,0.11967577876668786
protein_0345,protein_0274,0.13934426229508196
protein_0345,protein_0275,0.1623931623931624
protein_0345,protein_0276,0.13186813186813187
protein_0345,protein_0277,0.17543859649122806
protein_0345,protein_0278,0.125
protein_0345,protein_0279,0.14285714285714285
protein_0345,protein_0280,0.125
protein_0345,protein_0281,0.36607142857142855
protein_0345,protein_0282,0.125
protein_0345,protein_0283,0.11009174311926606
protein_0345,protein_0284,0.11104678091709125
protein_0345,protein_0285,0.16666666666666666
protein_0345,protein_0286,0.1508695652173913
protein_0345,protein_0287,0.15833333333333333
protein_0345,protein_0288,0.1557377049180328
protein_0345,protein_0289,0.16391257995735609
protein_0345,protein_0290,0.15841584158415842
protein_0345,protein_0291,0.13850931677018635
protein_0345,protein_0292,0.1747448979591837
protein_0345,protein_0293,0.17045454545454544
protein_0345,protein_0294,0.13850931677018635
protein_0345,protein_0296,0.15384615384615385
protein_0345,protein_0297,0.1736111111111111
protein_0345,protein_0298,0.17589285714285713
protein_0345,protein_0299,0.14787847040335256
protein_0345,protein_0300,0.1302378873854212
protein_0345,protein_0301,0.12327586206896551
protein_0345,protein_0302,0.1152073732718894
protein_0345,protein_0304,0.16417253521126762
protein_0345,protein_0305,0.15029761904761904
protein_0345,protein_0307,0.16129032258064516
protein_0345,protein_0308,0.14173228346456693
protein_0345,protein_0310,0.176
protein_0345,protein_0311,0.15178571428571427
protein_0345,protein_0312,0.13559322033898305
protein_0345,protein_0313,0.13021618903971846
protein_0345,protein_0314,0.13274336283185842
protein_0345,protein_0316,0.17721139430284857
protein_0345,protein_0317,0.144
protein_0345,protein_0318,0.3805309734513274
protein_0345,protein_0320,0.14754098360655737
protein_0345,protein_0321,0.15126050420168066
protein_0345,protein_0322,0.16521739130434782
protein_0345,protein_0323,0.17699115044247787
protein_0345,protein_0324,0.1267605633802817
protein_0345,protein_0325,0.21916445623342176
protein_0345,protein_0326,0.168141592920354
protein_0345,protein_0327,0.13392857142857142
protein_0345,protein_0329,0.7142857142857143
protein_0345,protein_0330,0.1391304347826087
protein_0345,protein_0331,0.17027769301190115
protein_0345,protein_0332,0.1387468030690537
protein_0345,protein_0333,0.125
protein_0345,protein_0334,0.1504424778761062
protein_0345,protein_0335,0.16964285714285715
protein_0345,protein_0336,0.1742447360390601
protein_0345,protein_0337,0.16292479450374187
protein_0345,protein_0338,0.13445378151260504
protein_0345,protein_0340,0.16
protein_0345,protein_0341,0.15833333333333333
protein_0345,protein_0342,0.11594202898550725
protein_0345,protein_0343,0.13619505494505496
protein_0345,protein_0344,0.12643678160919541
protein_0345,protein_0346,1.0
protein_0345,protein_0347,0.1820931639443436
protein_0345,protein_0348,0.14285714285714285
protein_0345,protein_0349,0.18032786885245902
protein_0345,protein_0350,0.12643678160919541
protein_0345,protein_0351,0.16666666666666666
protein_0345,protein_0352,0.15851575842260518
protein_0345,protein_0353,0.22820378151260504
protein_0345,protein_0354,0.1487603305785124
protein_0345,protein_0355,0.15990187332738626
protein_0345,protein_0356,0.1647323371536341
protein_0345,protein_0357,0.15827338129496402
protein_0345,protein_0358,0.13793103448275862
protein_0345,protein_0359,0.12598425196850394
protein_0345,protein_0360,0.17391304347826086
protein_0345,protein_0361,0.14285714285714285
protein_0345,protein_0362,0.14772727272727273
protein_0345,protein_0363,0.14772727272727273
protein_0345,protein_0366,0.1348314606741573
protein_0345,protein_0367,0.1111111111111111
protein_0345,protein_0368,0.19130434782608696
protein_0345,protein_0369,0.10666666666666667
protein_0345,protein_0370,0.12643678160919541
protein_0345,protein_0371,0.12790697674418605
protein_0345,protein_0372,0.11467889908256881
protein_0345,protein_0373,0.15833333333333333
protein_0345,protein_0374,0.11666666666666667
protein_0345,protein_0375,0.13934426229508196
protein_0345,protein_0376,0.16666666666666666
protein_0345,protein_0377,0.14754098360655737
protein_0345,protein_0378,0.5535714285714286
protein_0345,protein_0379,0.14336482231219072
protein_0345,protein_0380,0.14336482231219072
protein_0345,protein_0381,0.14336482231219072
protein_0345,protein_0382,0.10552115583075336
protein_0345,protein_0384,0.18421052631578946
protein_0345,protein_0385,0.1826086956521739
protein_0345,protein_0386,0.18253968253968253
protein_0345,protein_0387,0.140625
protein_0345,protein_0388,0.1695910894110467
protein_0345,protein_0389,0.1527777777777778
protein_0345,protein_0391,0.13821138211382114
protein_0345,protein_0392,0.13793103448275862
protein_0345,protein_0394,0.15172413793103448
protein_0345,protein_0395,0.15833333333333333
protein_0345,protein_0396,0.1366906474820144
protein_0345,protein_0397,0.13392857142857142
protein_0345,protein_0398,0.18703757435079066
protein_0345,protein_0399,0.1391304347826087
protein_0364,protein_0000,0.26
protein_0364,protein_0002,0.1935483870967742
protein_0364,protein_0003,0.22727272727272727
protein_0364,protein_0004,0.21839080459770116
protein_0364,protein_0005,0.20652173913043478
protein_0364,protein_0006,0.2111111111111111
protein_0364,protein_0007,0.16091954022988506
protein_0364,protein_0008,0.17857142857142858
protein_0364,protein_0009,0.22826086956521738
protein_0364,protein_0010,0.2727272727272727
protein_0364,protein_0011,0.21
protein_0364,protein_0012,0.23157894736842105
protein_0364,protein_0014,0.1651376146788991
protein_0364,protein_0015,0.14814814814814814
protein_0364,protein_0016,0.125
protein_0364,protein_0017,0.19230769230769232
protein_0364,protein_0018,0.21875
protein_0364,protein_0019,0.18478260869565216
protein_0364,protein_0020,0.22988505747126436
protein_0364,protein_0021,0.1595744680851064
protein_0364,protein_0022,0.1792452830188679
protein_0364,protein_0023,0.1619047619047619
protein_0364,protein_0024,0.14393939393939395
protein_0364,protein_0025,0.2159090909090909
protein_0364,protein_0026,0.1590909090909091
protein_0364,protein_0027,0.1650485436893204
protein_0364,protein_0028,0.11206896551724138
protein_0364,protein_0029,0.1724137931034483
protein_0364,protein_0030,0.152
protein_0364,protein_0031,0.14814814814814814
protein_0364,protein_0032,0.24210526315789474
protein_0364,protein_0033,0.26373626373626374
protein_0364,protein_0035,0.14423076923076922
protein_0364,protein_0036,0.16666666666666666
protein_0364,protein_0037,0.1839080459770115
protein_0364,protein_0038,0.1839080459770115
protein_0364,protein_0039,0.2391304347826087
protein_0364,protein_0040,0.13186813186813187
protein_0364,protein_0041,0.20833333333333334
protein_0364,protein_0042,0.22988505747126436
protein_0364,protein_0044,0.2413793103448276
protein_0364,protein_0045,0.2708333333333333
protein_0364,protein_0046,0.17045454545454544
protein_0364,protein_0047,0.20689655172413793
protein_0364,protein_0048,0.19540229885057472
protein_0364,protein_0050,0.12871287128712872
protein_0364,protein_0051,0.15730337078651685
protein_0364,protein_0054,0.14285714285714285
protein_0364,protein_0055,0.12
protein_0364,protein_0056,0.12962962962962962
protein_0364,protein_0057,0.16666666666666666
protein_0364,protein_0058,0.17045454545454544
protein_0364,protein_0059,0.25287356321839083
protein_0364,protein_0060,0.14814814814814814
protein_0364,protein_0061,0.21739130434782608
protein_0364,protein_0062,0.21839080459770116
protein_0364,protein_0063,0.1152073732718894
protein_0364,protein_0064,0.2777777777777778
protein_0364,protein_0065,0.13636363636363635
protein_0364,protein_0066,0.12037037037037036
protein_0364,protein_0067,0.2727272727272727
protein_0364,protein_0068,0.16091954022988506
protein_0364,protein_0069,0.20689655172413793
protein_0364,protein_0070,0.18478260869565216
protein_0364,protein_0071,0.2736842105263158
protein_0364,protein_0072,0.18181818181818182
protein_0364,protein_0073,0.21875
protein_0364,protein_0074,0.1326530612244898
protein_0364,protein_0075,0.15841584158415842
protein_0364,protein_0076,0.14285714285714285
protein_0364,protein_0077,0.19318181818181818
protein_0364,protein_0078,0.18421052631578946
protein_0364,protein_0079,0.18421052631578946
protein_0364,protein_0081,0.23863636363636365
protein_0364,protein_0082,0.14814814814814814
protein_0364,protein_0083,0.19101123595505617
protein_0364,protein_0084,0.25
protein_0364,protein_0085,0.16037735849056603
protein_0364,protein_0086,0.14150943396226415
protein_0364,protein_0087,0.20224719101123595
protein_0364,protein_0089,0.12280701754385964
protein_0364,protein_0090,0.12280701754385964
protein_0364,protein_0092,0.14516129032258066
protein_0364,protein_0093,0.26436781609195403
protein_0364,protein_0094,0.16101694915254236
protein_0364,protein_0095,0.12280701754385964
protein_0364,protein_0096,0.168141592920354
protein_0364,protein_0097,0.1797752808988764
protein_0364,protein_0098,0.2857142857142857
protein_0364,protein_0099,0.15178571428571427
protein_0364,protein_0100,0.16483516483516483
protein_0364,protein_0101,0.19540229885057472
protein_0364,protein_0102,0.17204301075268819
protein_0364,protein_0103,0.20689655172413793
protein_0364,protein_0104,0.10256410256410256
protein_0364,protein_0106,0.1565217391304348
protein_0364,protein_0107,0.2413793103448276
protein_0364,protein_0108,0.8620689655172413
protein_0364,protein_0109,0.20454545454545456
protein_0364,protein_0110,0.23863636363636365
protein_0364,protein_0111,0.21875
protein_0364,protein_0112,0.11711711711711711
protein_0364,protein_0113,0.20833333333333334
protein_0364,protein_0114,0.22988505747126436
protein_0364,protein_0115,0.26436781609195403
protein_0364,protein_0116,0.16541353383458646
protein_0364,protein_0117,0.16541353383458646
protein_0364,protein_0118,0.17582417582417584
protein_0364,protein_0119,0.14545454545454545
protein_0364,protein_0120,0.21348314606741572
protein_0364,protein_0121,0.21348314606741572
protein_0364,protein_0122,0.1839080459770115
protein_0364,protein_0123,0.1724137931034483
protein_0364,protein_0124,0.2247191011235955
protein_0364,protein_0125,0.12149532710280374
protein_0364,protein_0126,0.14285714285714285
protein_0364,protein_0127,0.2608695652173913
protein_0364,protein_0128,0.19318181818181818
protein_0364,protein_0129,0.25287356321839083
protein_0364,protein_0130,0.14285714285714285
protein_0364,protein_0131,0.1724137931034483
protein_0364,protein_0132,0.1926605504587156
protein_0364,protein_0133,0.1926605504587156
protein_0364,protein_0135,0.20689655172413793
protein_0364,protein_0136,0.1206896551724138
protein_0364,protein_0137,0.11965811965811966
protein_0364,protein_0138,0.11965811965811966
protein_0364,protein_0139,0.14942528735632185
protein_0364,protein_0140,0.23655913978494625
protein_0364,protein_0141,0.1839080459770115
protein_0364,protein_0142,0.24210526315789474
protein_0364,protein_0143,0.20833333333333334
protein_0364,protein_0144,0.19318181818181818
protein_0364,protein_0145,0.1839080459770115
protein_0364,protein_0146,0.18181818181818182
protein_0364,protein_0147,0.22916666666666666
protein_0364,protein_0148,0.24719101123595505
protein_0364,protein_0149,0.18888888888888888
protein_0364,protein_0150,0.2391304347826087
protein_0364,protein_0151,0.24175824175824176
protein_0364,protein_0152,0.16091954022988506
protein_0364,protein_0153,0.17894736842105263
protein_0364,protein_0154,0.16842105263157894
protein_0364,protein_0155,0.16129032258064516
protein_0364,protein_0156,0.14814814814814814
protein_0364,protein_0157,0.11827956989247312
protein_0364,protein_0158,0.15217391304347827
protein_0364,protein_0159,0.25287356321839083
protein_0364,protein_0160,0.1839080459770115
protein_0364,protein_0162,0.22826086956521738
protein_0364,protein_0163,0.14563106796116504
protein_0364,protein_0164,0.20689655172413793
protein_0364,protein_0165,0.1839080459770115
protein_0364,protein_0167,0.14166666666666666
protein_0364,protein_0168,0.15
protein_0364,protein_0169,0.11450381679389313
protein_0364,protein_0170,0.22580645161290322
protein_0364,protein_0171,0.1724137931034483
protein_0364,protein_0172,0.11965811965811966
protein_0364,protein_0173,0.23711340206185566
protein_0364,protein_0174,0.19148936170212766
protein_0364,protein_0175,0.18181818181818182
protein_0364,protein_0176,0.16091954022988506
protein_0364,protein_0177,0.18181818181818182
protein_0364,protein_0178,0.14516129032258066
protein_0364,protein_0179,0.13043478260869565
protein_0364,protein_0180,0.26666666666666666
protein_0364,protein_0181,0.2696629213483146
protein_0364,protein_0182,0.22988505747126436
protein_0364,protein_0183,0.13761467889908258
protein_0364,protein_0184,0.21052631578947367
protein_0364,protein_0185,0.13186813186813187
protein_0364,protein_0186,0.12149532710280374
protein_0364,protein_0187,0.2222222222222222
protein_0364,protein_0188,0.17045454545454544
protein_0364,protein_0189,0.24719101123595505
protein_0364,protein_0191,0.22727272727272727
protein_0364,protein_0192,0.23076923076923078
protein_0364,protein_0193,0.1839080459770115
protein_0364,protein_0194,0.1724137931034483
protein_0364,protein_0195,0.2
protein_0364,protein_0196,0.21052631578947367
protein_0364,protein_0197,0.26262626262626265
protein_0364,protein_0198,0.25287356321839083
protein_0364,protein_0199,0.24468085106382978
protein_0364,protein_0200,0.23863636363636365
protein_0364,protein_0202,0.19318181818181818
protein_0364,protein_0203,0.15
protein_0364,protein_0204,0.1839080459770115
protein_0364,protein_0206,0.22916666666666666
protein_0364,protein_0207,0.11864406779661017
protein_0364,protein_0208,0.14953271028037382
protein_0364,protein_0209,0.2604166666666667
protein_0364,protein_0210,0.21839080459770116
protein_0364,protein_0211,0.1523809523809524
protein_0364,protein_0213,0.20689655172413793
protein_0364,protein_0214,0.15789473684210525
protein_0364,protein_0215,0.13043478260869565
protein_0364,protein_0216,0.10576923076923077
protein_0364,protein_0218,0.1953125
protein_0364,protein_0219,0.19008264462809918
protein_0364,protein_0220,0.2696629213483146
protein_0364,protein_0221,0.17391304347826086
protein_0364,protein_0222,0.22988505747126436
protein_0364,protein_0223,0.19101123595505617
protein_0364,protein_0224,0.17045454545454544
protein_0364,protein_0225,0.17045454545454544
protein_0364,protein_0226,0.1346153846153846
protein_0364,protein_0227,0.16091954022988506
protein_0364,protein_0228,0.20430107526881722
protein_0364,protein_0229,0.20618556701030927
protein_0364,protein_0230,0.28888888888888886
protein_0364,protein_0231,0.24742268041237114
protein_0364,protein_0232,0.1590909090909091
protein_0364,protein_0233,0.15328467153284672
protein_0364,protein_0234,0.18867924528301888
protein_0364,protein_0235,0.18
protein_0364,protein_0236,0.2111111111111111
protein_0364,protein_0237,0.2111111111111111
protein_0364,protein_0238,0.18518518518518517
protein_0364,protein_0239,0.24175824175824176
protein_0364,protein_0240,0.18181818181818182
protein_0364,protein_0242,0.13636363636363635
protein_0364,protein_0243,0.21978021978021978
protein_0364,protein_0244,0.15217391304347827
protein_0364,protein_0245,0.14912280701754385
protein_0364,protein_0246,0.14423076923076922
protein_0364,protein_0247,0.17391304347826086
protein_0364,protein_0248,0.16091954022988506
protein_0364,protein_0249,0.25842696629213485
protein_0364,protein_0250,0.16666666666666666
protein_0364,protein_0252,0.1702127659574468
protein_0364,protein_0253,0.15966386554621848
protein_0364,protein_0254,0.14942528735632185
protein_0364,protein_0255,0.09195402298850575
protein_0364,protein_0256,0.14285714285714285
protein_0364,protein_0257,0.14285714285714285
protein_0364,protein_0258,0.20224719101123595
protein_0364,protein_0260,0.1956521739130435
protein_0364,protein_0261,0.14545454545454545
protein_0364,protein_0262,0.18248175182481752
protein_0364,protein_0265,0.21052631578947367
protein_0364,protein_0266,0.12903225806451613
protein_0364,protein_0267,0.1724137931034483
protein_0364,protein_0268,0.1827956989247312
protein_0364,protein_0270,0.16091954022988506
protein_0364,protein_0271,0.17045454545454544
protein_0364,protein_0272,0.29545454545454547
protein_0364,protein_0274,0.25555555555555554
protein_0364,protein_0275,0.19469026548672566
protein_0364,protein_0276,0.26262626262626265
protein_0364,protein_0277,0.17777777777777778
protein_0364,protein_0278,0.25274725274725274
protein_0364,protein_0279,0.21839080459770116
protein_0364,protein_0280,0.25
protein_0364,protein_0281,0.175
protein_0364,protein_0282,0.10638297872340426
protein_0364,protein_0283,0.09174311926605505
protein_0364,protein_0284,0.1839080459770115
protein_0364,protein_0285,0.21839080459770116
protein_0364,protein_0286,0.17757009345794392
protein_0364,protein_0287,0.2018348623853211
protein_0364,protein_0288,0.21978021978021978
protein_0364,protein_0289,0.1724137931034483
protein_0364,protein_0290,0.19090909090909092
protein_0364,protein_0291,0.20430107526881722
protein_0364,protein_0292,0.1956521739130435
protein_0364,protein_0293,0.25274725274725274
protein_0364,protein_0294,0.20430107526881722
protein_0364,protein_0296,0.14035087719298245
protein_0364,protein_0297,0.15730337078651685
protein_0364,protein_0298,0.18181818181818182
protein_0364,protein_0299,0.14736842105263157
protein_0364,protein_0300,0.1346153846153846
protein_0364,protein_0301,0.1346153846153846
protein_0364,protein_0302,0.08755760368663594
protein_0364,protein_0304,0.16091954022988506
protein_0364,protein_0305,0.16831683168316833
protein_0364,protein_0307,0.11904761904761904
protein_0364,protein_0308,0.15126050420168066
protein_0364,protein_0310,0.15178571428571427
protein_0364,protein_0311,0.21875
protein_0364,protein_0312,0.19318181818181818
protein_0364,protein_0313,0.14285714285714285
protein_0364,protein_0314,0.11009174311926606
protein_0364,protein_0316,0.16091954022988506
protein_0364,protein_0317,0.0970873786407767
protein_0364,protein_0318,0.18333333333333332
protein_0364,protein_0320,0.23595505617977527
protein_0364,protein_0321,0.30526315789473685
protein_0364,protein_0322,0.26136363636363635
protein_0364,protein_0323,0.21875
protein_0364,protein_0324,0.17045454545454544
protein_0364,protein_0325,0.13445378151260504
protein_0364,protein_0326,0.15151515151515152
protein_0364,protein_0327,0.23863636363636365
protein_0364,protein_0329,0.12037037037037036
protein_0364,protein_0330,0.21052631578947367
protein_0364,protein_0331,0.1724137931034483
protein_0364,protein_0332,0.20430107526881722
protein_0364,protein_0333,0.19318181818181818
protein_0364,protein_0334,0.23333333333333334
protein_0364,protein_0335,0.1588785046728972
protein_0364,protein_0336,0.1724137931034483
protein_0364,protein_0337,0.23863636363636365
protein_0364,protein_0338,0.16091954022988506
protein_0364,protein_0340,0.08490566037735849
protein_0364,protein_0341,0.1941747572815534
protein_0364,protein_0342,0.16666666666666666
protein_0364,protein_0343,0.1724137931034483
protein_0364,protein_0344,0.2087912087912088
protein_0364,protein_0346,0.17045454545454544
protein_0364,protein_0347,0.1702127659574468
protein_0364,protein_0348,0.15079365079365079
protein_0364,protein_0349,0.12745098039215685
protein_0364,protein_0350,0.20652173913043478
protein_0364,protein_0351,0.23529411764705882
protein_0364,protein_0352,0.19318181818181818
protein_0364,protein_0353,0.1889763779527559
protein_0364,protein_0354,0.20689655172413793
protein_0364,protein_0355,0.25
protein_0364,protein_0356,0.14942528735632185
protein_0364,protein_0357,0.1450381679389313
protein_0364,protein_0358,0.19540229885057472
protein_0364,protein_0359,0.13333333333333333
protein_0364,protein_0360,0.1919191919191919
protein_0364,protein_0361,0.13636363636363635
protein_0364,protein_0362,0.9195402298850575
protein_0364,protein_0363,0.9195402298850575
protein_0364,protein_0366,0.6551724137931034
protein_0364,protein_0367,0.12037037037037036
protein_0364,protein_0368,0.14736842105263157
protein_0364,protein_0369,0.19791666666666666
protein_0364,protein_0370,0.2087912087912088
protein_0364,protein_0371,0.26436781609195403
protein_0364,protein_0372,0.08888888888888889
protein_0364,protein_0373,0.10909090909090909
protein_0364,protein_0374,0.12686567164179105
protein_0364,protein_0375,0.2857142857142857
protein_0364,protein_0376,0.12962962962962962
protein_0364,protein_0377,0.27956989247311825
protein_0364,protein_0378,0.12605042016806722
protein_0364,protein_0379,0.16091954022988506
protein_0364,protein_0380,0.16091954022988506
protein_0364,protein_0381,0.16091954022988506
protein_0364,protein_0382,0.16304347826086957
protein_0364,protein_0384,0.2247191011235955
protein_0364,protein_0385,0.13761467889908258
protein_0364,protein_0386,0.1588785046728972
protein_0364,protein_0387,0.10204081632653061
protein_0364,protein_0388,0.15730337078651685
protein_0364,protein_0389,0.1485148514851485
protein_0364,protein_0391,0.23655913978494625
protein_0364,protein_0392,0.21052631578947367
protein_0364,protein_0394,0.12931034482758622
protein_0364,protein_0395,0.28846153846153844
protein_0364,protein_0396,0.12698412698412698
protein_0364,protein_0397,0.24731182795698925
protein_0364,protein_0398,0.1440677966101695
protein_0364,protein_0399,0.23958333333333334
protein_0365,protein_0000,0.23863636363636365
protein_0365,protein_0002,0.13953488372093023
protein_0365,protein_0003,0.22580645161290322
protein_0365,protein_0004,0.23404255319148937
protein_0365,protein_0005,0.125
protein_0365,protein_0006,0.2
protein_0365,protein_0007,0.18823529411764706
protein_0365,protein_0008,0.1810344827586207
protein_0365,protein_0009,0.23863636363636365
protein_0365,protein_0010,0.23595505617977527
protein_0365,protein_0011,0.22916666666666666
protein_0365,protein_0012,0.24210526315789474
protein_0365,protein_0014,0.16216216216216217
protein_0365,protein_0015,0.13513513513513514
protein_0365,protein_0016,0.10909090909090909
protein_0365,protein_0017,0.1328125
protein_0365,protein_0018,0.23958333333333334
protein_0365,protein_0019,0.18604651162790697
protein_0365,protein_0020,0.23255813953488372
protein_0365,protein_0021,0.14130434782608695
protein_0365,protein_0022,0.14893617021276595
protein_0365,protein_0023,0.15625
protein_0365,protein_0024,0.12
protein_0365,protein_0025,0.2413793103448276
protein_0365,protein_0026,0.13953488372093023
protein_0365,protein_0027,0.20408163265306123
protein_0365,protein_0028,0.12149532710280374
protein_0365,protein_0029,0.14942528735632185
protein_0365,protein_0030,0.19047619047619047
protein_0365,protein_0031,0.1523809523809524
protein_0365,protein_0032,0.26373626373626374
protein_0365,protein_0033,0.21739130434782608
protein_0365,protein_0035,0.1650485436893204
protein_0365,protein_0036,0.1411764705882353
protein_0365,protein_0037,0.19540229885057472
protein_0365,protein_0038,0.19540229885057472
protein_0365,protein_0039,0.22727272727272727
protein_0365,protein_0040,0.11827956989247312
protein_0365,protein_0041,0.2127659574468085
protein_0365,protein_0042,0.19101123595505617
protein_0365,protein_0044,0.21875
protein_0365,protein_0045,0.22916666666666666
protein_0365,protein_0046,0.21176470588235294
protein_0365,protein_0047,0.23595505617977527
protein_0365,protein_0048,0.2247191011235955
protein_0365,protein_0050,0.13725490196078433
protein_0365,protein_0051,0.18823529411764706
protein_0365,protein_0054,0.13821138211382114
protein_0365,protein_0055,0.13709677419354838
protein_0365,protein_0056,0.11818181818181818
protein_0365,protein_0057,0.18823529411764706
protein_0365,protein_0058,0.1511627906976744
protein_0365,protein_0059,0.19540229885057472
protein_0365,protein_0060,0.09523809523809523
protein_0365,protein_0061,0.29292929292929293
protein_0365,protein_0062,0.20689655172413793
protein_0365,protein_0063,0.09859154929577464
protein_0365,protein_0064,0.19318181818181818
protein_0365,protein_0065,0.19801980198019803
protein_0365,protein_0066,0.10185185185185185
protein_0365,protein_0067,0.23863636363636365
protein_0365,protein_0068,0.19101123595505617
protein_0365,protein_0069,0.20689655172413793
protein_0365,protein_0070,0.1956521739130435
protein_0365,protein_0071,0.19540229885057472
protein_0365,protein_0072,0.15789473684210525
protein_0365,protein_0073,0.21739130434782608
protein_0365,protein_0074,0.13978494623655913
protein_0365,protein_0075,0.13131313131313133
protein_0365,protein_0076,0.16853932584269662
protein_0365,protein_0077,0.19540229885057472
protein_0365,protein_0078,0.16964285714285715
protein_0365,protein_0079,0.16964285714285715
protein_0365,protein_0081,0.23863636363636365
protein_0365,protein_0082,0.14
protein_0365,protein_0083,0.1839080459770115
protein_0365,protein_0084,0.20454545454545456
protein_0365,protein_0085,0.14
protein_0365,protein_0086,0.11
protein_0365,protein_0087,0.12941176470588237
protein_0365,protein_0089,0.16521739130434782
protein_0365,protein_0090,0.15454545454545454
protein_0365,protein_0092,0.1415929203539823
protein_0365,protein_0093,0.24705882352941178
protein_0365,protein_0094,0.16806722689075632
protein_0365,protein_0095,0.15178571428571427
protein_0365,protein_0096,0.12149532710280374
protein_0365,protein_0097,0.21839080459770116
protein_0365,protein_0098,0.30526315789473685
protein_0365,protein_0099,0.13761467889908258
protein_0365,protein_0100,0.19540229885057472
protein_0365,protein_0101,0.20689655172413793
protein_0365,protein_0102,0.1839080459770115
protein_0365,protein_0103,0.1956521739130435
protein_0365,protein_0104,0.152
protein_0365,protein_0106,0.14634146341463414
protein_0365,protein_0107,0.25287356321839083
protein_0365,protein_0108,0.6352941176470588
protein_0365,protein_0109,0.1744186046511628
protein_0365,protein_0110,0.21978021978021978
protein_0365,protein_0111,0.16483516483516483
protein_0365,protein_0112,0.14545454545454545
protein_0365,protein_0113,0.21348314606741572
protein_0365,protein_0114,0.22988505747126436
protein_0365,protein_0115,0.22988505747126436
protein_0365,protein_0116,0.12931034482758622
protein_0365,protein_0117,0.12931034482758622
protein_0365,protein_0118,0.22093023255813954
protein_0365,protein_0119,0.12037037037037036
protein_0365,protein_0120,0.20224719101123595
protein_0365,protein_0121,0.20224719101123595
protein_0365,protein_0122,0.1839080459770115
protein_0365,protein_0123,0.15294117647058825
protein_0365,protein_0124,0.20224719101123595
protein_0365,protein_0125,0.18181818181818182
protein_0365,protein_0126,0.11818181818181818
protein_0365,protein_0127,0.23076923076923078
protein_0365,protein_0128,0.26881720430107525
protein_0365,protein_0129,0.2604166666666667
protein_0365,protein_0130,0.1452991452991453
protein_0365,protein_0131,0.16470588235294117
protein_0365,protein_0132,0.23636363636363636
protein_0365,protein_0133,0.23636363636363636
protein_0365,protein_0135,0.2222222222222222
protein_0365,protein_0136,0.13709677419354838
protein_0365,protein_0137,0.15384615384615385
protein_0365,protein_0138,0.15384615384615385
protein_0365,protein_0139,0.17647058823529413
protein_0365,protein_0140,0.23469387755102042
protein_0365,protein_0141,0.1839080459770115
protein_0365,protein_0142,0.19318181818181818
protein_0365,protein_0143,0.19101123595505617
protein_0365,protein_0144,0.19101123595505617
protein_0365,protein_0145,0.17045454545454544
protein_0365,protein_0146,0.1511627906976744
protein_0365,protein_0147,0.23076923076923078
protein_0365,protein_0148,0.24719101123595505
protein_0365,protein_0149,0.16279069767441862
protein_0365,protein_0150,0.26666666666666666
protein_0365,protein_0151,0.2857142857142857
protein_0365,protein_0152,0.18181818181818182
protein_0365,protein_0153,0.1978021978021978
protein_0365,protein_0154,0.1595744680851064
protein_0365,protein_0155,0.175
protein_0365,protein_0156,0.1588785046728972
protein_0365,protein_0157,0.12359550561797752
protein_0365,protein_0158,0.14444444444444443
protein_0365,protein_0159,0.28735632183908044
protein_0365,protein_0160,0.19540229885057472
protein_0365,protein_0162,0.20689655172413793
protein_0365,protein_0163,0.16346153846153846
protein_0365,protein_0164,0.19540229885057472
protein_0365,protein_0165,0.16470588235294117
protein_0365,protein_0167,0.12931034482758622
protein_0365,protein_0168,0.12931034482758622
protein_0365,protein_0169,0.16393442622950818
protein_0365,protein_0170,0.18888888888888888
protein_0365,protein_0171,0.19101123595505617
protein_0365,protein_0172,0.09401709401709402
protein_0365,protein_0173,0.22105263157894736
protein_0365,protein_0174,0.21839080459770116
protein_0365,protein_0175,0.1724137931034483
protein_0365,protein_0176,0.14772727272727273
protein_0365,protein_0177,0.15294117647058825
protein_0365,protein_0178,0.1415929203539823
protein_0365,protein_0179,0.14912280701754385
protein_0365,protein_0180,0.21348314606741572
protein_0365,protein_0181,0.23595505617977527
protein_0365,protein_0182,0.2413793103448276
protein_0365,protein_0183,0.14814814814814814
protein_0365,protein_0184,0.23333333333333334
protein_0365,protein_0185,0.18181818181818182
protein_0365,protein_0186,0.16964285714285715
protein_0365,protein_0187,0.1839080459770115
protein_0365,protein_0188,0.16470588235294117
protein_0365,protein_0189,0.2777777777777778
protein_0365,protein_0191,0.23863636363636365
protein_0365,protein_0192,0.25287356321839083
protein_0365,protein_0193,0.19540229885057472
protein_0365,protein_0194,0.1724137931034483
protein_0365,protein_0195,0.19101123595505617
protein_0365,protein_0196,0.1978021978021978
protein_0365,protein_0197,0.25263157894736843
protein_0365,protein_0198,0.2247191011235955
protein_0365,protein_0199,0.3010752688172043
protein_0365,protein_0200,0.21839080459770116
protein_0365,protein_0202,0.20454545454545456
protein_0365,protein_0203,0.1079136690647482
protein_0365,protein_0204,0.16470588235294117
protein_0365,protein_0206,0.20689655172413793
protein_0365,protein_0207,0.11864406779661017
protein_0365,protein_0208,0.15384615384615385
protein_0365,protein_0209,0.21348314606741572
protein_0365,protein_0210,0.2235294117647059
protein_0365,protein_0211,0.14814814814814814
protein_0365,protein_0213,0.20689655172413793
protein_0365,protein_0214,0.11578947368421053
protein_0365,protein_0215,0.14444444444444443
protein_0365,protein_0216,0.12121212121212122
protein_0365,protein_0218,0.1937984496124031
protein_0365,protein_0219,0.15966386554621848
protein_0365,protein_0220,0.20454545454545456
protein_0365,protein_0221,0.1590909090909091
protein_0365,protein_0222,0.20930232558139536
protein_0365,protein_0223,0.15730337078651685
protein_0365,protein_0224,0.15555555555555556
protein_0365,protein_0225,0.18
protein_0365,protein_0226,0.18269230769230768
protein_0365,protein_0227,0.12941176470588237
protein_0365,protein_0228,0.16853932584269662
protein_0365,protein_0229,0.15053763440860216
protein_0365,protein_0230,0.31868131868131866
protein_0365,protein_0231,0.21839080459770116
protein_0365,protein_0232,0.16470588235294117
protein_0365,protein_0233,0.14492753623188406
protein_0365,protein_0234,0.13333333333333333
protein_0365,protein_0235,0.14772727272727273
protein_0365,protein_0236,0.2
protein_0365,protein_0237,0.2
protein_0365,protein_0238,0.13533834586466165
protein_0365,protein_0239,0.20689655172413793
protein_0365,protein_0240,0.20689655172413793
protein_0365,protein_0242,0.16470588235294117
protein_0365,protein_0243,0.19540229885057472
protein_0365,protein_0244,0.14893617021276595
protein_0365,protein_0245,0.17391304347826086
protein_0365,protein_0246,0.21649484536082475
protein_0365,protein_0247,0.15517241379310345
protein_0365,protein_0248,0.20689655172413793
protein_0365,protein_0249,0.2413793103448276
protein_0365,protein_0250,0.13402061855670103
protein_0365,protein_0252,0.11956521739130435
protein_0365,protein_0253,0.1415929203539823
protein_0365,protein_0254,0.16279069767441862
protein_0365,protein_0255,0.11695906432748537
protein_0365,protein_0256,0.16822429906542055
protein_0365,protein_0257,0.16822429906542055
protein_0365,protein_0258,0.21052631578947367
protein_0365,protein_0260,0.17647058823529413
protein_0365,protein_0261,0.18181818181818182
protein_0365,protein_0262,0.13333333333333333
protein_0365,protein_0265,0.24731182795698925
protein_0365,protein_0266,0.16666666666666666
protein_0365,protein_0267,0.1590909090909091
protein_0365,protein_0268,0.12087912087912088
protein_0365,protein_0270,0.11494252873563218
protein_0365,protein_0271,0.16470588235294117
protein_0365,protein_0272,0.24444444444444444
protein_0365,protein_0274,0.28888888888888886
protein_0365,protein_0275,0.2
protein_0365,protein_0276,0.26436781609195403
protein_0365,protein_0277,0.16470588235294117
protein_0365,protein_0278,0.25274725274725274
protein_0365,protein_0279,0.20454545454545456
protein_0365,protein_0280,0.21839080459770116
protein_0365,protein_0281,0.14634146341463414
protein_0365,protein_0282,0.16842105263157894
protein_0365,protein_0283,0.10550458715596331
protein_0365,protein_0284,0.19540229885057472
protein_0365,protein_0285,0.23655913978494625
protein_0365,protein_0286,0.18888888888888888
protein_0365,protein_0287,0.23148148148148148
protein_0365,protein_0288,0.21348314606741572
protein_0365,protein_0289,0.16470588235294117
protein_0365,protein_0290,0.17475728155339806
protein_0365,protein_0291,0.28888888888888886
protein_0365,protein_0292,0.14942528735632185
protein_0365,protein_0293,0.2727272727272727
protein_0365,protein_0294,0.28888888888888886
protein_0365,protein_0296,0.1794871794871795
protein_0365,protein_0297,0.16091954022988506
protein_0365,protein_0298,0.18604651162790697
protein_0365,protein_0299,0.18947368421052632
protein_0365,protein_0300,0.1650485436893204
protein_0365,protein_0301,0.1553398058252427
protein_0365,protein_0302,0.0967741935483871
protein_0365,protein_0304,0.15294117647058825
protein_0365,protein_0305,0.20202020202020202
protein_0365,protein_0307,0.152
protein_0365,protein_0308,0.175
protein_0365,protein_0310,0.14018691588785046
protein_0365,protein_0311,0.20689655172413793
protein_0365,protein_0312,0.20689655172413793
protein_0365,protein_0313,0.16091954022988506
protein_0365,protein_0314,0.14423076923076922
protein_0365,protein_0316,0.15555555555555556
protein_0365,protein_0317,0.1262135922330097
protein_0365,protein_0318,0.13934426229508196
protein_0365,protein_0320,0.20689655172413793
protein_0365,protein_0321,0.25806451612903225
protein_0365,protein_0322,0.22988505747126436
protein_0365,protein_0323,0.2
protein_0365,protein_0324,0.13186813186813187
protein_0365,protein_0325,0.12280701754385964
protein_0365,protein_0326,0.11956521739130435
protein_0365,protein_0327,0.22988505747126436
protein_0365,protein_0329,0.12037037037037036
protein_0365,protein_0330,0.21875
protein_0365,protein_0331,0.14942528735632185
protein_0365,protein_0332,0.1935483870967742
protein_0365,protein_0333,0.20689655172413793
protein_0365,protein_0334,0.27956989247311825
protein_0365,protein_0335,0.11818181818181818
protein_0365,protein_0336,0.14893617021276595
protein_0365,protein_0337,0.25287356321839083
protein_0365,protein_0338,0.21839080459770116
protein_0365,protein_0340,0.12962962962962962
protein_0365,protein_0341,0.20909090909090908
protein_0365,protein_0342,0.12941176470588237
protein_0365,protein_0343,0.16470588235294117
protein_0365,protein_0344,0.22988505747126436
protein_0365,protein_0346,0.14285714285714285
protein_0365,protein_0347,0.18823529411764706
protein_0365,protein_0348,0.14960629921259844
protein_0365,protein_0349,0.14705882352941177
protein_0365,protein_0350,0.22727272727272727
protein_0365,protein_0351,0.23958333333333334
protein_0365,protein_0352,0.15294117647058825
protein_0365,protein_0353,0.1732283464566929
protein_0365,protein_0354,0.28888888888888886
protein_0365,protein_0355,0.25287356321839083
protein_0365,protein_0356,0.1411764705882353
protein_0365,protein_0357,0.16666666666666666
protein_0365,protein_0358,0.2413793103448276
protein_0365,protein_0359,0.16806722689075632
protein_0365,protein_0360,0.1935483870967742
protein_0365,protein_0361,0.11904761904761904
protein_0365,protein_0362,0.632183908045977
protein_0365,protein_0363,0.632183908045977
protein_0365,protein_0366,0.9529411764705882
protein_0365,protein_0367,0.1388888888888889
protein_0365,protein_0368,0.125
protein_0365,protein_0369,0.24210526315789474
protein_0365,protein_0370,0.22988505747126436
protein_0365,protein_0371,0.2558139534883721
protein_0365,protein_0372,0.11009174311926606
protein_0365,protein_0373,0.14953271028037382
protein_0365,protein_0374,0.1623931623931624
protein_0365,protein_0375,0.2903225806451613
protein_0365,protein_0376,0.1574074074074074
protein_0365,protein_0377,0.20224719101123595
protein_0365,protein_0378,0.11864406779661017
protein_0365,protein_0379,0.16304347826086957
protein_0365,protein_0380,0.16304347826086957
protein_0365,protein_0381,0.16304347826086957
protein_0365,protein_0382,0.18888888888888888
protein_0365,protein_0384,0.27586206896551724
protein_0365,protein_0385,0.12962962962962962
protein_0365,protein_0386,0.1588785046728972
protein_0365,protein_0387,0.12745098039215685
protein_0365,protein_0388,0.1411764705882353
protein_0365,protein_0389,0.1595744680851064
protein_0365,protein_0391,0.32222222222222224
protein_0365,protein_0392,0.21839080459770116
protein_0365,protein_0394,0.1271186440677966
protein_0365,protein_0395,0.2708333333333333
protein_0365,protein_0396,0.15254237288135594
protein_0365,protein_0397,0.1978021978021978
protein_0365,protein_0398,0.14655172413793102
protein_0365,protein_0399,0.23076923076923078
protein_0383,protein_0000,0.16091954022988506
protein_0383,protein_0002,0.15853658536585366
protein_0383,protein_0003,0.1348314606741573
protein_0383,protein_0004,0.16091954022988506
protein_0383,protein_0005,0.17857142857142858
protein_0383,protein_0006,0.1590909090909091
protein_0383,protein_0007,0.30480740442750964
protein_0383,protein_0008,0.15151515151515152
protein_0383,protein_0009,0.16091954022988506
protein_0383,protein_0010,0.16129032258064516
protein_0383,protein_0011,0.16091954022988506
protein_0383,protein_0012,0.1744186046511628
protein_0383,protein_0014,0.14195713666064586
protein_0383,protein_0015,0.15384615384615385
protein_0383,protein_0016,0.15151515151515152
protein_0383,protein_0017,0.140625
protein_0383,protein_0018,0.19540229885057472
protein_0383,protein_0019,0.2793041860093651
protein_0383,protein_0020,0.1839080459770115
protein_0383,protein_0021,0.18604651162790697
protein_0383,protein_0022,0.13333333333333333
protein_0383,protein_0023,0.1446524064171123
protein_0383,protein_0024,0.13675213675213677
protein_0383,protein_0025,0.1590909090909091
protein_0383,protein_0026,0.13953488372093023
protein_0383,protein_0027,0.13999748995983935
protein_0383,protein_0028,0.16
protein_0383,protein_0029,0.3183496865375559
protein_0383,protein_0030,0.15126050420168066
protein_0383,protein_0031,0.15
protein_0383,protein_0032,0.17391304347826086
protein_0383,protein_0033,0.20454545454545456
protein_0383,protein_0035,0.1717171717171717
protein_0383,protein_0036,0.36017520215633425
protein_0383,protein_0037,0.14503775620280474
protein_0383,protein_0038,0.14503775620280474
protein_0383,protein_0039,0.16091954022988506
protein_0383,protein_0040,0.18461538461538463
protein_0383,protein_0041,0.14942528735632185
protein_0383,protein_0042,0.16853932584269662
protein_0383,protein_0044,0.19318181818181818
protein_0383,protein_0045,0.16853932584269662
protein_0383,protein_0046,0.32508680570433507
protein_0383,protein_0047,0.14772727272727273
protein_0383,protein_0048,0.13636363636363635
protein_0383,protein_0050,0.19
protein_0383,protein_0051,0.33721355513808343
protein_0383,protein_0054,0.1623931623931624
protein_0383,protein_0055,0.1440677966101695
protein_0383,protein_0056,0.15544871794871795
protein_0383,protein_0057,0.31024238694191625
protein_0383,protein_0058,0.19444444444444445
protein_0383,protein_0059,0.1839080459770115
protein_0383,protein_0060,0.14758708272859217
protein_0383,protein_0061,0.17391304347826086
protein_0383,protein_0062,0.13793103448275862
protein_0383,protein_0063,0.09813084112149532
protein_0383,protein_0064,0.16483516483516483
protein_0383,protein_0065,0.15841584158415842
protein_0383,protein_0066,0.17
protein_0383,protein_0067,0.17045454545454544
protein_0383,protein_0068,0.1590909090909091
protein_0383,protein_0069,0.14444444444444443
protein_0383,protein_0070,0.1839080459770115
protein_0383,protein_0071,0.1724137931034483
protein_0383,protein_0072,0.36530321506565383
protein_0383,protein_0073,0.15730337078651685
protein_0383,protein_0074,0.14772727272727273
protein_0383,protein_0075,0.12886597938144329
protein_0383,protein_0076,0.21794871794871795
protein_0383,protein_0077,0.18478260869565216
protein_0383,protein_0078,0.1262135922330097
protein_0383,protein_0079,0.1262135922330097
protein_0383,protein_0081,0.14772727272727273
protein_0383,protein_0082,0.15384615384615385
protein_0383,protein_0083,0.15730337078651685
protein_0383,protein_0084,0.16172146484897088
protein_0383,protein_0085,0.14705882352941177
protein_0383,protein_0086,0.1568627450980392
protein_0383,protein_0087,0.35935904576255445
protein_0383,protein_0089,0.13226164079822617
protein_0383,protein_0090,0.12746305418719212
protein_0383,protein_0092,0.1452991452991453
protein_0383,protein_0093,0.17647058823529413
protein_0383,protein_0094,0.16379310344827586
protein_0383,protein_0095,0.13754427390791027
protein_0383,protein_0096,0.15
protein_0383,protein_0097,0.16279069767441862
protein_0383,protein_0098,0.17391304347826086
protein_0383,protein_0099,0.14632949781464633
protein_0383,protein_0100,0.34538518555848124
protein_0383,protein_0101,0.15053763440860216
protein_0383,protein_0102,0.16091954022988506
protein_0383,protein_0103,0.16853932584269662
protein_0383,protein_0104,0.1452991452991453
protein_0383,protein_0106,0.1519726534681669
protein_0383,protein_0107,0.19318181818181818
protein_0383,protein_0108,0.14814814814814814
protein_0383,protein_0109,0.28835316401142863
protein_0383,protein_0110,0.15384615384615385
protein_0383,protein_0111,0.15384615384615385
protein_0383,protein_0112,0.19
protein_0383,protein_0113,0.16853932584269662
protein_0383,protein_0114,0.17045454545454544
protein_0383,protein_0115,0.14634146341463414
protein_0383,protein_0116,0.13851674641148326
protein_0383,protein_0117,0.13851674641148326
protein_0383,protein_0118,0.3187317467221773
protein_0383,protein_0119,0.16
protein_0383,protein_0120,0.1839080459770115
protein_0383,protein_0121,0.1839080459770115
protein_0383,protein_0122,0.1409973521624007
protein_0383,protein_0123,0.38515504989480265
protein_0383,protein_0124,0.13793103448275862
protein_0383,protein_0125,0.14285714285714285
protein_0383,protein_0126,0.1568627450980392
protein_0383,protein_0127,0.14942528735632185
protein_0383,protein_0128,0.1724137931034483
protein_0383,protein_0129,0.1797752808988764
protein_0383,protein_0130,0.12348602484472049
protein_0383,protein_0131,0.17786561264822134
protein_0383,protein_0132,0.1320754716981132
protein_0383,protein_0133,0.1320754716981132
protein_0383,protein_0135,0.15476190476190477
protein_0383,protein_0136,0.14655172413793102
protein_0383,protein_0137,0.1452991452991453
protein_0383,protein_0138,0.1452991452991453
protein_0383,protein_0139,0.2980839256528617
protein_0383,protein_0140,0.18181818181818182
protein_0383,protein_0141,0.14503775620280474
protein_0383,protein_0142,0.16091954022988506
protein_0383,protein_0143,0.15730337078651685
protein_0383,protein_0144,0.1590909090909091
protein_0383,protein_0145,0.3083737656834599
protein_0383,protein_0146,0.15492957746478872
protein_0383,protein_0147,0.14942528735632185
protein_0383,protein_0148,0.16091954022988506
protein_0383,protein_0149,0.4535959323695172
protein_0383,protein_0150,0.14942528735632185
protein_0383,protein_0151,0.15730337078651685
protein_0383,protein_0152,0.3063912984954152
protein_0383,protein_0153,0.15105009358840138
protein_0383,protein_0154,0.14408145247341878
protein_0383,protein_0155,0.13675213675213677
protein_0383,protein_0156,0.14018691588785046
protein_0383,protein_0157,0.16091954022988506
protein_0383,protein_0158,0.37277117536551496
protein_0383,protein_0159,0.15555555555555556
protein_0383,protein_0160,0.13043478260869565
protein_0383,protein_0162,0.20987654320987653
protein_0383,protein_0163,0.14
protein_0383,protein_0164,0.16091954022988506
protein_0383,protein_0165,0.3109844054580897
protein_0383,protein_0167,0.15358030444237342
protein_0383,protein_0168,0.1533861447654551
protein_0383,protein_0169,0.1694915254237288
protein_0383,protein_0170,0.18292682926829268
protein_0383,protein_0171,0.14942528735632185
protein_0383,protein_0172,0.1623931623931624
protein_0383,protein_0173,0.14942528735632185
protein_0383,protein_0174,0.16091954022988506
protein_0383,protein_0175,0.14444444444444443
protein_0383,protein_0176,0.3263095531388215
protein_0383,protein_0177,0.3962529608756024
protein_0383,protein_0178,0.1440677966101695
protein_0383,protein_0179,0.17543859649122806
protein_0383,protein_0180,0.1724137931034483
protein_0383,protein_0181,0.16853932584269662
protein_0383,protein_0182,0.14942528735632185
protein_0383,protein_0183,0.1919191919191919
protein_0383,protein_0184,0.13793103448275862
protein_0383,protein_0185,0.13953488372093023
protein_0383,protein_0186,0.1717171717171717
protein_0383,protein_0187,0.16091954022988506
protein_0383,protein_0188,0.29887204817155616
protein_0383,protein_0189,0.16091954022988506
protein_0383,protein_0191,0.18181818181818182
protein_0383,protein_0192,0.1686746987951807
protein_0383,protein_0193,0.1724137931034483
protein_0383,protein_0194,0.13793103448275862
protein_0383,protein_0195,0.13793103448275862
protein_0383,protein_0196,0.15730337078651685
protein_0383,protein_0197,0.13793103448275862
protein_0383,protein_0198,0.16091954022988506
protein_0383,protein_0199,0.16666666666666666
protein_0383,protein_0200,0.16091954022988506
protein_0383,protein_0202,0.15555555555555556
protein_0383,protein_0203,0.1452991452991453
protein_0383,protein_0204,0.30370329637364785
protein_0383,protein_0206,0.19540229885057472
protein_0383,protein_0207,0.16393442622950818
protein_0383,protein_0208,0.1547025589896976
protein_0383,protein_0209,0.17391304347826086
protein_0383,protein_0210,0.14772727272727273
protein_0383,protein_0211,0.16017674675504007
protein_0383,protein_0213,0.16091954022988506
protein_0383,protein_0214,0.17721518987341772
protein_0383,protein_0215,0.18840579710144928
protein_0383,protein_0216,0.1717171717171717
protein_0383,protein_0218,0.140625
protein_0383,protein_0219,0.1487603305785124
protein_0383,protein_0220,0.1590909090909091
protein_0383,protein_0221,0.2054794520547945
protein_0383,protein_0222,0.16279069767441862
protein_0383,protein_0223,0.22535211267605634
protein_0383,protein_0224,0.22120818615240365
protein_0383,protein_0225,0.16470588235294117
protein_0383,protein_0226,0.15555555555555556
protein_0383,protein_0227,0.19444444444444445
protein_0383,protein_0228,0.15806451612903227
protein_0383,protein_0229,0.14634146341463414
protein_0383,protein_0230,0.1797752808988764
protein_0383,protein_0231,0.19101123595505617
protein_0383,protein_0232,0.44229233031119825
protein_0383,protein_0233,0.1328125
protein_0383,protein_0234,0.17
protein_0383,protein_0235,0.1526930651660284
protein_0383,protein_0236,0.13883868940048716
protein_0383,protein_0237,0.13883868940048716
protein_0383,protein_0238,0.1450381679389313
protein_0383,protein_0239,0.16091954022988506
protein_0383,protein_0240,0.14942528735632185
protein_0383,protein_0242,0.31071442054809767
protein_0383,protein_0243,0.17045454545454544
protein_0383,protein_0244,0.15069686411149824
protein_0383,protein_0245,0.13468013468013468
protein_0383,protein_0246,0.15384615384615385
protein_0383,protein_0247,0.14137310027299024
protein_0383,protein_0248,0.16666666666666666
protein_0383,protein_0249,0.1590909090909091
protein_0383,protein_0250,0.15840066870994707
protein_0383,protein_0252,0.17647058823529413
protein_0383,protein_0253,0.16101694915254236
protein_0383,protein_0254,0.16569295683219734
protein_0383,protein_0255,0.10526315789473684
protein_0383,protein_0256,0.16161616161616163
protein_0383,protein_0257,0.1717171717171717
protein_0383,protein_0258,0.16091954022988506
protein_0383,protein_0260,0.318368444822273
protein_0383,protein_0261,0.13131313131313133
protein_0383,protein_0262,0.11851851851851852
protein_0383,protein_0265,0.1724137931034483
protein_0383,protein_0266,0.1463630613535737
protein_0383,protein_0267,0.18181818181818182
protein_0383,protein_0268,0.14457831325301204
protein_0383,protein_0270,0.20833333333333334
protein_0383,protein_0271,0.3130842911877395
protein_0383,protein_0272,0.12296681847755368
protein_0383,protein_0274,0.15730337078651685
protein_0383,protein_0275,0.18
protein_0383,protein_0276,0.16091954022988506
protein_0383,protein_0277,0.34956726979588226
protein_0383,protein_0278,0.15625
protein_0383,protein_0279,0.16470588235294117
protein_0383,protein_0280,0.17073170731707318
protein_0383,protein_0281,0.14285714285714285
protein_0383,protein_0282,0.18055555555555555
protein_0383,protein_0283,0.1095890410958904
protein_0383,protein_0284,0.13785363816682325
protein_0383,protein_0285,0.19318181818181818
protein_0383,protein_0286,0.27214585485245374
protein_0383,protein_0287,0.14018691588785046
protein_0383,protein_0288,0.1625
protein_0383,protein_0289,0.1898720682302772
protein_0383,protein_0290,0.14953271028037382
protein_0383,protein_0291,0.14894514767932487
protein_0383,protein_0292,0.2670950844315378
protein_0383,protein_0293,0.18181818181818182
protein_0383,protein_0294,0.14894514767932487
protein_0383,protein_0296,0.18421052631578946
protein_0383,protein_0297,0.37708336989565067
protein_0383,protein_0298,0.3149838389741955
protein_0383,protein_0299,0.14942528735632182
protein_0383,protein_0300,0.17505411255411257
protein_0383,protein_0301,0.16706349206349208
protein_0383,protein_0302,0.08755760368663594
protein_0383,protein_0304,0.18974358974358974
protein_0383,protein_0305,0.1484957619411401
protein_0383,protein_0307,0.14285714285714285
protein_0383,protein_0308,0.14782608695652175
protein_0383,protein_0310,0.18181818181818182
protein_0383,protein_0311,0.14444444444444443
protein_0383,protein_0312,0.1724137931034483
protein_0383,protein_0313,0.14228166290686434
protein_0383,protein_0314,0.14285714285714285
protein_0383,protein_0316,0.3610999520092183
protein_0383,protein_0317,0.18811881188118812
protein_0383,protein_0318,0.1504424778761062
protein_0383,protein_0320,0.18181818181818182
protein_0383,protein_0321,0.14772727272727273
protein_0383,protein_0322,0.16470588235294117
protein_0383,protein_0323,0.19318181818181818
protein_0383,protein_0324,0.2054794520547945
protein_0383,protein_0325,0.12243012243012244
protein_0383,protein_0326,0.1794871794871795
protein_0383,protein_0327,0.13793103448275862
protein_0383,protein_0329,0.17592592592592593
protein_0383,protein_0330,0.1348314606741573
protein_0383,protein_0331,0.3107287908361428
protein_0383,protein_0332,0.13370880267000418
protein_0383,protein_0333,0.14663542015400066
protein_0383,protein_0334,0.2
protein_0383,protein_0335,0.20192307692307693
protein_0383,protein_0336,0.3998878334812999
protein_0383,protein_0337,0.1271853146853147
protein_0383,protein_0338,0.14285714285714285
protein_0383,protein_0340,0.14705882352941177
protein_0383,protein_0341,0.14705882352941177
protein_0383,protein_0342,0.24
protein_0383,protein_0343,0.19181681681681684
protein_0383,protein_0344,0.14942528735632185
protein_0383,protein_0346,0.16329887218045114
protein_0383,protein_0347,0.36158909079025653
protein_0383,protein_0348,0.15517241379310345
protein_0383,protein_0349,0.14705882352941177
protein_0383,protein_0350,0.1724137931034483
protein_0383,protein_0351,0.20689655172413793
protein_0383,protein_0352,0.3887578616352201
protein_0383,protein_0353,0.1579433497536946
protein_0383,protein_0354,0.14942528735632185
protein_0383,protein_0355,0.14674654198324566
protein_0383,protein_0356,0.36364075742084845
protein_0383,protein_0357,0.15833333333333333
protein_0383,protein_0358,0.16091954022988506
protein_0383,protein_0359,0.13445378151260504
protein_0383,protein_0360,0.20224719101123595
protein_0383,protein_0361,0.13675213675213677
protein_0383,protein_0362,0.14942528735632185
protein_0383,protein_0363,0.14942528735632185
protein_0383,protein_0366,0.15294117647058825
protein_0383,protein_0367,0.1717171717171717
protein_0383,protein_0368,0.13414634146341464
protein_0383,protein_0369,0.2
protein_0383,protein_0370,0.14942528735632185
protein_0383,protein_0371,0.1839080459770115
protein_0383,protein_0372,0.10091743119266056
protein_0383,protein_0373,0.16666666666666666
protein_0383,protein_0374,0.13675213675213677
protein_0383,protein_0375,0.1724137931034483
protein_0383,protein_0376,0.1919191919191919
protein_0383,protein_0377,0.16853932584269662
protein_0383,protein_0378,0.14814814814814814
protein_0383,protein_0379,0.16299565842793542
protein_0383,protein_0380,0.16299565842793542
protein_0383,protein_0381,0.16299565842793542
protein_0383,protein_0382,0.14309319233311302
protein_0383,protein_0384,0.14942528735632185
protein_0383,protein_0385,0.17647058823529413
protein_0383,protein_0386,0.18181818181818182
protein_0383,protein_0387,0.16842105263157894
protein_0383,protein_0388,0.3758155768525127
protein_0383,protein_0389,0.2
protein_0383,protein_0391,0.17045454545454544
protein_0383,protein_0392,0.14942528735632185
protein_0383,protein_0394,0.16666666666666666
protein_0383,protein_0395,0.15789473684210525
protein_0383,protein_0396,0.14782608695652175
protein_0383,protein_0397,0.14457831325301204
protein_0383,protein_0398,0.1282894736842105
protein_0383,protein_0399,0.1724137931034483
protein_0390,protein_0000,0.3218390804597701
protein_0390,protein_0002,0.14444444444444443
protein_0390,protein_0003,0.3333333333333333
protein_0390,protein_0004,0.25287356321839083
protein_0390,protein_0005,0.15789473684210525
protein_0390,protein_0006,0.5568181818181818
protein_0390,protein_0007,0.15555555555555556
protein_0390,protein_0008,0.14563106796116504
protein_0390,protein_0009,0.30337078651685395
protein_0390,protein_0010,0.8390804597701149
protein_0390,protein_0011,0.4482758620689655
protein_0390,protein_0012,0.5632183908045977
protein_0390,protein_0014,0.19047619047619047
protein_0390,protein_0015,0.125
protein_0390,protein_0016,0.14705882352941177
protein_0390,protein_0017,0.13636363636363635
protein_0390,protein_0018,0.3103448275862069
protein_0390,protein_0019,0.15730337078651685
protein_0390,protein_0020,0.3333333333333333
protein_0390,protein_0021,0.18681318681318682
protein_0390,protein_0022,0.16129032258064516
protein_0390,protein_0023,0.13402061855670103
protein_0390,protein_0024,0.1590909090909091
protein_0390,protein_0025,0.3218390804597701
protein_0390,protein_0026,0.14728682170542637
protein_0390,protein_0027,0.17582417582417584
protein_0390,protein_0028,0.1559633027522936
protein_0390,protein_0029,0.13793103448275862
protein_0390,protein_0030,0.15
protein_0390,protein_0031,0.17307692307692307
protein_0390,protein_0032,0.3146067415730337
protein_0390,protein_0033,0.45977011494252873
protein_0390,protein_0035,0.16981132075471697
protein_0390,protein_0036,0.16091954022988506
protein_0390,protein_0037,0.21839080459770116
protein_0390,protein_0038,0.21839080459770116
protein_0390,protein_0039,0.27586206896551724
protein_0390,protein_0040,0.13186813186813187
protein_0390,protein_0041,0.27586206896551724
protein_0390,protein_0042,0.19540229885057472
protein_0390,protein_0044,0.22988505747126436
protein_0390,protein_0045,0.3218390804597701
protein_0390,protein_0046,0.16666666666666666
protein_0390,protein_0047,0.47126436781609193
protein_0390,protein_0048,0.45977011494252873
protein_0390,protein_0050,0.15841584158415842
protein_0390,protein_0051,0.16091954022988506
protein_0390,protein_0054,0.13178294573643412
protein_0390,protein_0055,0.13385826771653545
protein_0390,protein_0056,0.13761467889908258
protein_0390,protein_0057,0.15384615384615385
protein_0390,protein_0058,0.14942528735632185
protein_0390,protein_0059,0.22988505747126436
protein_0390,protein_0060,0.16037735849056603
protein_0390,protein_0061,0.22105263157894736
protein_0390,protein_0062,0.3333333333333333
protein_0390,protein_0063,0.08450704225352113
protein_0390,protein_0064,0.2840909090909091
protein_0390,protein_0065,0.20388349514563106
protein_0390,protein_0066,0.13
protein_0390,protein_0067,0.8735632183908046
protein_0390,protein_0068,0.2413793103448276
protein_0390,protein_0069,0.4482758620689655
protein_0390,protein_0070,0.28735632183908044
protein_0390,protein_0071,0.3894736842105263
protein_0390,protein_0072,0.14606741573033707
protein_0390,protein_0073,0.33707865168539325
protein_0390,protein_0074,0.22
protein_0390,protein_0075,0.15841584158415842
protein_0390,protein_0076,0.14942528735632185
protein_0390,protein_0077,0.34444444444444444
protein_0390,protein_0078,0.18691588785046728
protein_0390,protein_0079,0.18691588785046728
protein_0390,protein_0081,0.3103448275862069
protein_0390,protein_0082,0.1346153846153846
protein_0390,protein_0083,0.42696629213483145
protein_0390,protein_0084,0.3333333333333333
protein_0390,protein_0085,0.16346153846153846
protein_0390,protein_0086,0.1346153846153846
protein_0390,protein_0087,0.13793103448275862
protein_0390,protein_0089,0.168
protein_0390,protein_0090,0.16
protein_0390,protein_0092,0.17543859649122806
protein_0390,protein_0093,0.6896551724137931
protein_0390,protein_0094,0.15789473684210525
protein_0390,protein_0095,0.14655172413793102
protein_0390,protein_0096,0.11
protein_0390,protein_0097,0.3804347826086957
protein_0390,protein_0098,0.38461538461538464
protein_0390,protein_0099,0.102803738317757
protein_0390,protein_0100,0.17045454545454544
protein_0390,protein_0101,0.28735632183908044
protein_0390,protein_0102,0.3103448275862069
protein_0390,protein_0103,0.21839080459770116
protein_0390,protein_0104,0.16
protein_0390,protein_0106,0.17543859649122806
protein_0390,protein_0107,0.3333333333333333
protein_0390,protein_0108,0.30434782608695654
protein_0390,protein_0109,0.12643678160919541
protein_0390,protein_0110,0.4606741573033708
protein_0390,protein_0111,0.3563218390804598
protein_0390,protein_0112,0.17
protein_0390,protein_0113,0.5113636363636364
protein_0390,protein_0114,0.3181818181818182
protein_0390,protein_0115,0.28735632183908044
protein_0390,protein_0116,0.1452991452991453
protein_0390,protein_0117,0.1452991452991453
protein_0390,protein_0118,0.20689655172413793
protein_0390,protein_0119,0.15
protein_0390,protein_0120,0.3448275862068966
protein_0390,protein_0121,0.3448275862068966
protein_0390,protein_0122,0.21839080459770116
protein_0390,protein_0123,0.1724137931034483
protein_0390,protein_0124,0.3563218390804598
protein_0390,protein_0125,0.18811881188118812
protein_0390,protein_0126,0.12745098039215685
protein_0390,protein_0127,0.28735632183908044
protein_0390,protein_0128,0.375
protein_0390,protein_0129,0.24444444444444444
protein_0390,protein_0130,0.168
protein_0390,protein_0131,0.14444444444444443
protein_0390,protein_0132,0.24074074074074073
protein_0390,protein_0133,0.24074074074074073
protein_0390,protein_0135,0.27586206896551724
protein_0390,protein_0136,0.1557377049180328
protein_0390,protein_0137,0.14516129032258066
protein_0390,protein_0138,0.14516129032258066
protein_0390,protein_0139,0.14942528735632185
protein_0390,protein_0140,0.42528735632183906
protein_0390,protein_0141,0.21839080459770116
protein_0390,protein_0142,0.42528735632183906
protein_0390,protein_0143,0.3218390804597701
protein_0390,protein_0144,0.35714285714285715
protein_0390,protein_0145,0.17045454545454544
protein_0390,protein_0146,0.13793103448275862
protein_0390,protein_0147,0.3563218390804598
protein_0390,protein_0148,0.2988505747126437
protein_0390,protein_0149,0.16483516483516483
protein_0390,protein_0150,0.30526315789473685
protein_0390,protein_0151,0.21505376344086022
protein_0390,protein_0152,0.19148936170212766
protein_0390,protein_0153,0.22340425531914893
protein_0390,protein_0154,0.1935483870967742
protein_0390,protein_0155,0.13709677419354838
protein_0390,protein_0156,0.16071428571428573
protein_0390,protein_0157,0.16666666666666666
protein_0390,protein_0158,0.19101123595505617
protein_0390,protein_0159,0.28735632183908044
protein_0390,protein_0160,0.3368421052631579
protein_0390,protein_0162,0.2988505747126437
protein_0390,protein_0163,0.1981981981981982
protein_0390,protein_0164,0.3103448275862069
protein_0390,protein_0165,0.14942528735632185
protein_0390,protein_0167,0.14285714285714285
protein_0390,protein_0168,0.14285714285714285
protein_0390,protein_0169,0.14285714285714285
protein_0390,protein_0170,0.3333333333333333
protein_0390,protein_0171,0.25287356321839083
protein_0390,protein_0172,0.16153846153846155
protein_0390,protein_0173,0.3448275862068966
protein_0390,protein_0174,0.3333333333333333
protein_0390,protein_0175,0.3333333333333333
protein_0390,protein_0176,0.14772727272727273
protein_0390,protein_0177,0.14130434782608695
protein_0390,protein_0178,0.16666666666666666
protein_0390,protein_0179,0.1415929203539823
protein_0390,protein_0180,0.25842696629213485
protein_0390,protein_0181,0.8620689655172413
protein_0390,protein_0182,0.3068181818181818
protein_0390,protein_0183,0.16363636363636364
protein_0390,protein_0184,0.30434782608695654
protein_0390,protein_0185,0.1717171717171717
protein_0390,protein_0186,0.14423076923076922
protein_0390,protein_0187,0.3448275862068966
protein_0390,protein_0188,0.1724137931034483
protein_0390,protein_0189,0.32967032967032966
protein_0390,protein_0191,0.28735632183908044
protein_0390,protein_0192,0.30337078651685395
protein_0390,protein_0193,0.34408602150537637
protein_0390,protein_0194,0.2988505747126437
protein_0390,protein_0195,0.4157303370786517
protein_0390,protein_0196,0.42528735632183906
protein_0390,protein_0197,0.5222222222222223
protein_0390,protein_0198,0.2413793103448276
protein_0390,protein_0199,0.23333333333333334
protein_0390,protein_0200,0.45454545454545453
protein_0390,protein_0202,0.3522727272727273
protein_0390,protein_0203,0.175
protein_0390,protein_0204,0.16853932584269662
protein_0390,protein_0206,0.5632183908045977
protein_0390,protein_0207,0.15748031496062992
protein_0390,protein_0208,0.1415929203539823
protein_0390,protein_0209,0.2413793103448276
protein_0390,protein_0210,0.3103448275862069
protein_0390,protein_0211,0.15315315315315314
protein_0390,protein_0213,0.3563218390804598
protein_0390,protein_0214,0.1326530612244898
protein_0390,protein_0215,0.14444444444444443
protein_0390,protein_0216,0.16379310344827586
protein_0390,protein_0218,0.144
protein_0390,protein_0219,0.14166666666666666
protein_0390,protein_0220,0.25287356321839083
protein_0390,protein_0221,0.12643678160919541
protein_0390,protein_0222,0.47126436781609193
protein_0390,protein_0223,0.12643678160919541
protein_0390,protein_0224,0.14942528735632185
protein_0390,protein_0225,0.12121212121212122
protein_0390,protein_0226,0.18556701030927836
protein_0390,protein_0227,0.12643678160919541
protein_0390,protein_0228,0.2553191489361702
protein_0390,protein_0229,0.15384615384615385
protein_0390,protein_0230,0.21739130434782608
protein_0390,protein_0231,0.367816091954023
protein_0390,protein_0232,0.1724137931034483
protein_0390,protein_0233,0.13385826771653545
protein_0390,protein_0234,0.18627450980392157
protein_0390,protein_0235,0.13636363636363635
protein_0390,protein_0236,0.39080459770114945
protein_0390,protein_0237,0.39080459770114945
protein_0390,protein_0238,0.15037593984962405
protein_0390,protein_0239,0.3333333333333333
protein_0390,protein_0240,0.3448275862068966
protein_0390,protein_0242,0.12643678160919541
protein_0390,protein_0243,0.3333333333333333
protein_0390,protein_0244,0.13793103448275862
protein_0390,protein_0245,0.1623931623931624
protein_0390,protein_0246,0.17525773195876287
protein_0390,protein_0247,0.18269230769230768
protein_0390,protein_0248,0.3563218390804598
protein_0390,protein_0249,0.3
protein_0390,protein_0250,0.1702127659574468
protein_0390,protein_0252,0.17894736842105263
protein_0390,protein_0253,0.16666666666666666
protein_0390,protein_0254,0.20689655172413793
protein_0390,protein_0255,0.14619883040935672
protein_0390,protein_0256,0.1271186440677966
protein_0390,protein_0257,0.1271186440677966
protein_0390,protein_0258,0.4659090909090909
protein_0390,protein_0260,0.14942528735632185
protein_0390,protein_0261,0.21782178217821782
protein_0390,protein_0262,0.17777777777777778
protein_0390,protein_0265,0.29545454545454547
protein_0390,protein_0266,0.12280701754385964
protein_0390,protein_0267,0.1724137931034483
protein_0390,protein_0268,0.16304347826086957
protein_0390,protein_0270,0.16091954022988506
protein_0390,protein_0271,0.14942528735632185
protein_0390,protein_0272,0.5057471264367817
protein_0390,protein_0274,0.23655913978494625
protein_0390,protein_0275,0.22115384615384615
protein_0390,protein_0276,0.26436781609195403
protein_0390,protein_0277,0.19148936170212766
protein_0390,protein_0278,0.3111111111111111
protein_0390,protein_0279,0.27586206896551724
protein_0390,protein_0280,0.2988505747126437
protein_0390,protein_0281,0.15
protein_0390,protein_0282,0.11494252873563218
protein_0390,protein_0283,0.11926605504587157
protein_0390,protein_0284,0.24444444444444444
protein_0390,protein_0285,0.5057471264367817
protein_0390,protein_0286,0.20212765957446807
protein_0390,protein_0287,0.23423423423423423
protein_0390,protein_0288,0.28735632183908044
protein_0390,protein_0289,0.16
protein_0390,protein_0290,0.1588785046728972
protein_0390,protein_0291,0.2413793103448276
protein_0390,protein_0292,0.1839080459770115
protein_0390,protein_0293,0.2391304347826087
protein_0390,protein_0294,0.2413793103448276
protein_0390,protein_0296,0.1415929203539823
protein_0390,protein_0297,0.14606741573033707
protein_0390,protein_0298,0.14942528735632185
protein_0390,protein_0299,0.18947368421052632
protein_0390,protein_0300,0.1595744680851064
protein_0390,protein_0301,0.15789473684210525
protein_0390,protein_0302,0.0967741935483871
protein_0390,protein_0304,0.11494252873563218
protein_0390,protein_0305,0.17346938775510204
protein_0390,protein_0307,0.16129032258064516
protein_0390,protein_0308,0.16101694915254236
protein_0390,protein_0310,0.21153846153846154
protein_0390,protein_0311,0.3333333333333333
protein_0390,protein_0312,0.3977272727272727
protein_0390,protein_0313,0.21839080459770116
protein_0390,protein_0314,0.14423076923076922
protein_0390,protein_0316,0.13333333333333333
protein_0390,protein_0317,0.14
protein_0390,protein_0318,0.13157894736842105
protein_0390,protein_0320,0.2777777777777778
protein_0390,protein_0321,0.25555555555555554
protein_0390,protein_0322,0.27586206896551724
protein_0390,protein_0323,0.25287356321839083
protein_0390,protein_0324,0.12643678160919541
protein_0390,protein_0325,0.1322314049586777
protein_0390,protein_0326,0.1839080459770115
protein_0390,protein_0327,0.28735632183908044
protein_0390,protein_0329,0.1623931623931624
protein_0390,protein_0330,0.47126436781609193
protein_0390,protein_0331,0.13793103448275862
protein_0390,protein_0332,0.2413793103448276
protein_0390,protein_0333,0.29545454545454547
protein_0390,protein_0334,0.30851063829787234
protein_0390,protein_0335,0.13761467889908258
protein_0390,protein_0336,0.16091954022988506
protein_0390,protein_0337,0.3793103448275862
protein_0390,protein_0338,0.27586206896551724
protein_0390,protein_0340,0.16666666666666666
protein_0390,protein_0341,0.24509803921568626
protein_0390,protein_0342,0.15789473684210525
protein_0390,protein_0343,0.10344827586206896
protein_0390,protein_0344,0.3218390804597701
protein_0390,protein_0346,0.15
protein_0390,protein_0347,0.1590909090909091
protein_0390,protein_0348,0.12598425196850394
protein_0390,protein_0349,0.17647058823529413
protein_0390,protein_0350,0.33707865168539325
protein_0390,protein_0351,0.4482758620689655
protein_0390,protein_0352,0.13978494623655913
protein_0390,protein_0353,0.17857142857142858
protein_0390,protein_0354,0.25287356321839083
protein_0390,protein_0355,0.39080459770114945
protein_0390,protein_0356,0.14444444444444443
protein_0390,protein_0357,0.16129032258064516
protein_0390,protein_0358,0.3258426966292135
protein_0390,protein_0359,0.14285714285714285
protein_0390,protein_0360,0.27586206896551724
protein_0390,protein_0361,0.1590909090909091
protein_0390,protein_0362,0.2828282828282828
protein_0390,protein_0363,0.2828282828282828
protein_0390,protein_0366,0.25
protein_0390,protein_0367,0.1568627450980392
protein_0390,protein_0368,0.18888888888888888
protein_0390,protein_0369,0.1111111111111111
protein_0390,protein_0370,0.3218390804597701
protein_0390,protein_0371,0.28735632183908044
protein_0390,protein_0372,0.10091743119266056
protein_0390,protein_0373,0.11926605504587157
protein_0390,protein_0374,0.175
protein_0390,protein_0375,0.3218390804597701
protein_0390,protein_0376,0.20192307692307693
protein_0390,protein_0377,0.3
protein_0390,protein_0378,0.15384615384615385
protein_0390,protein_0379,0.18446601941747573
protein_0390,protein_0380,0.18446601941747573
protein_0390,protein_0381,0.18446601941747573
protein_0390,protein_0382,0.25287356321839083
protein_0390,protein_0384,0.3655913978494624
protein_0390,protein_0385,0.15384615384615385
protein_0390,protein_0386,0.1391304347826087
protein_0390,protein_0387,0.1206896551724138
protein_0390,protein_0388,0.13333333333333333
protein_0390,protein_0389,0.13793103448275862
protein_0390,protein_0391,0.22340425531914893
protein_0390,protein_0392,0.3333333333333333
protein_0390,protein_0394,0.18333333333333332
protein_0390,protein_0395,0.2717391304347826
protein_0390,protein_0396,0.16521739130434782
protein_0390,protein_0397,0.2988505747126437
protein_0390,protein_0398,0.14655172413793102
protein_0390,protein_0399,0.367816091954023
protein_0393,protein_0000,0.375
protein_0393,protein_0002,0.14893617021276595
protein_0393,protein_0003,0.28735632183908044
protein_0393,protein_0004,0.28735632183908044
protein_0393,protein_0005,0.11224489795918367
protein_0393,protein_0006,0.26136363636363635
protein_0393,protein_0007,0.16091954022988506
protein_0393,protein_0008,0.16346153846153846
protein_0393,protein_0009,0.25274725274725274
protein_0393,protein_0010,0.2988505747126437
protein_0393,protein_0011,0.3103448275862069
protein_0393,protein_0012,0.3125
protein_0393,protein_0014,0.16037735849056603
protein_0393,protein_0015,0.1574074074074074
protein_0393,protein_0016,0.12121212121212122
protein_0393,protein_0017,0.14285714285714285
protein_0393,protein_0018,0.3181818181818182
protein_0393,protein_0019,0.16091954022988506
protein_0393,protein_0020,0.42045454545454547
protein_0393,protein_0021,0.18888888888888888
protein_0393,protein_0022,0.14130434782608695
protein_0393,protein_0023,0.18691588785046728
protein_0393,protein_0024,0.1590909090909091
protein_0393,protein_0025,0.8160919540229885
protein_0393,protein_0026,0.1417910447761194
protein_0393,protein_0027,0.16494845360824742
protein_0393,protein_0028,0.1282051282051282
protein_0393,protein_0029,0.12643678160919541
protein_0393,protein_0030,0.1774193548387097
protein_0393,protein_0031,0.1650485436893204
protein_0393,protein_0032,0.3103448275862069
protein_0393,protein_0033,0.26436781609195403
protein_0393,protein_0035,0.14545454545454545
protein_0393,protein_0036,0.1724137931034483
protein_0393,protein_0037,0.2087912087912088
protein_0393,protein_0038,0.2087912087912088
protein_0393,protein_0039,0.2247191011235955
protein_0393,protein_0040,0.11494252873563218
protein_0393,protein_0041,0.3218390804597701
protein_0393,protein_0042,0.24210526315789474
protein_0393,protein_0044,0.22988505747126436
protein_0393,protein_0045,0.35555555555555557
protein_0393,protein_0046,0.21348314606741572
protein_0393,protein_0047,0.3146067415730337
protein_0393,protein_0048,0.30337078651685395
protein_0393,protein_0050,0.1650485436893204
protein_0393,protein_0051,0.14942528735632185
protein_0393,protein_0054,0.1111111111111111
protein_0393,protein_0055,0.14285714285714285
protein_0393,protein_0056,0.15126050420168066
protein_0393,protein_0057,0.2247191011235955
protein_0393,protein_0058,0.17777777777777778
protein_0393,protein_0059,0.21839080459770116
protein_0393,protein_0060,0.10377358490566038
protein_0393,protein_0061,0.17894736842105263
protein_0393,protein_0062,0.32954545454545453
protein_0393,protein_0063,0.09859154929577464
protein_0393,protein_0064,0.41304347826086957
protein_0393,protein_0065,0.10476190476190476
protein_0393,protein_0066,0.20388349514563106
protein_0393,protein_0067,0.3103448275862069
protein_0393,protein_0068,0.28735632183908044
protein_0393,protein_0069,0.26436781609195403
protein_0393,protein_0070,0.19540229885057472
protein_0393,protein_0071,0.3103448275862069
protein_0393,protein_0072,0.16842105263157894
protein_0393,protein_0073,0.25287356321839083
protein_0393,protein_0074,0.15789473684210525
protein_0393,protein_0075,0.13
protein_0393,protein_0076,0.13636363636363635
protein_0393,protein_0077,0.40229885057471265
protein_0393,protein_0078,0.1388888888888889
protein_0393,protein_0079,0.1388888888888889
protein_0393,protein_0081,0.2808988764044944
protein_0393,protein_0082,0.20353982300884957
protein_0393,protein_0083,0.2988505747126437
protein_0393,protein_0084,0.25
protein_0393,protein_0085,0.19469026548672566
protein_0393,protein_0086,0.20353982300884957
protein_0393,protein_0087,0.13793103448275862
protein_0393,protein_0089,0.12605042016806722
protein_0393,protein_0090,0.13333333333333333
protein_0393,protein_0092,0.10619469026548672
protein_0393,protein_0093,0.3218390804597701
protein_0393,protein_0094,0.14285714285714285
protein_0393,protein_0095,0.12173913043478261
protein_0393,protein_0096,0.1346153846153846
protein_0393,protein_0097,0.2967032967032967
protein_0393,protein_0098,0.3448275862068966
protein_0393,protein_0099,0.12871287128712872
protein_0393,protein_0100,0.2
protein_0393,protein_0101,0.27586206896551724
protein_0393,protein_0102,0.26436781609195403
protein_0393,protein_0103,0.26666666666666666
protein_0393,protein_0104,0.15833333333333333
protein_0393,protein_0106,0.17094017094017094
protein_0393,protein_0107,0.3333333333333333
protein_0393,protein_0108,0.2087912087912088
protein_0393,protein_0109,0.16666666666666666
protein_0393,protein_0110,0.2988505747126437
protein_0393,protein_0111,0.24444444444444444
protein_0393,protein_0112,0.168141592920354
protein_0393,protein_0113,0.26373626373626374
protein_0393,protein_0114,0.3333333333333333
protein_0393,protein_0115,0.32954545454545453
protein_0393,protein_0116,0.17355371900826447
protein_0393,protein_0117,0.17355371900826447
protein_0393,protein_0118,0.19318181818181818
protein_0393,protein_0119,0.13636363636363635
protein_0393,protein_0120,0.5057471264367817
protein_0393,protein_0121,0.5057471264367817
protein_0393,protein_0122,0.2159090909090909
protein_0393,protein_0123,0.1595744680851064
protein_0393,protein_0124,0.4827586206896552
protein_0393,protein_0125,0.14150943396226415
protein_0393,protein_0126,0.1619047619047619
protein_0393,protein_0127,0.3333333333333333
protein_0393,protein_0128,0.45977011494252873
protein_0393,protein_0129,0.1724137931034483
protein_0393,protein_0130,0.1452991452991453
protein_0393,protein_0131,0.14444444444444443
protein_0393,protein_0132,0.1891891891891892
protein_0393,protein_0133,0.1891891891891892
protein_0393,protein_0135,0.358695652173913
protein_0393,protein_0136,0.14655172413793102
protein_0393,protein_0137,0.1452991452991453
protein_0393,protein_0138,0.1452991452991453
protein_0393,protein_0139,0.16091954022988506
protein_0393,protein_0140,0.34065934065934067
protein_0393,protein_0141,0.2159090909090909
protein_0393,protein_0142,0.3181818181818182
protein_0393,protein_0143,0.367816091954023
protein_0393,protein_0144,0.3448275862068966
protein_0393,protein_0145,0.1724137931034483
protein_0393,protein_0146,0.14942528735632185
protein_0393,protein_0147,0.3563218390804598
protein_0393,protein_0148,0.3563218390804598
protein_0393,protein_0149,0.18181818181818182
protein_0393,protein_0150,0.3
protein_0393,protein_0151,0.26666666666666666
protein_0393,protein_0152,0.17045454545454544
protein_0393,protein_0153,0.2
protein_0393,protein_0154,0.21052631578947367
protein_0393,protein_0155,0.13675213675213677
protein_0393,protein_0156,0.1891891891891892
protein_0393,protein_0157,0.11956521739130435
protein_0393,protein_0158,0.15555555555555556
protein_0393,protein_0159,0.3218390804597701
protein_0393,protein_0160,0.6022727272727273
protein_0393,protein_0162,0.5217391304347826
protein_0393,protein_0163,0.17592592592592593
protein_0393,protein_0164,0.4606741573033708
protein_0393,protein_0165,0.1724137931034483
protein_0393,protein_0167,0.10655737704918032
protein_0393,protein_0168,0.1016949152542373
protein_0393,protein_0169,0.16806722689075632
protein_0393,protein_0170,0.6373626373626373
protein_0393,protein_0171,0.28735632183908044
protein_0393,protein_0172,0.1885245901639344
protein_0393,protein_0173,0.4835164835164835
protein_0393,protein_0174,0.5977011494252874
protein_0393,protein_0175,0.5977011494252874
protein_0393,protein_0176,0.1724137931034483
protein_0393,protein_0177,0.1797752808988764
protein_0393,protein_0178,0.13043478260869565
protein_0393,protein_0179,0.13157894736842105
protein_0393,protein_0180,0.26136363636363635
protein_0393,protein_0181,0.3218390804597701
protein_0393,protein_0182,0.44565217391304346
protein_0393,protein_0183,0.16666666666666666
protein_0393,protein_0184,0.6477272727272727
protein_0393,protein_0185,0.12903225806451613
protein_0393,protein_0186,0.16666666666666666
protein_0393,protein_0187,0.5977011494252874
protein_0393,protein_0188,0.18085106382978725
protein_0393,protein_0189,0.3103448275862069
protein_0393,protein_0191,0.34065934065934067
protein_0393,protein_0192,0.5393258426966292
protein_0393,protein_0193,0.3218390804597701
protein_0393,protein_0194,0.21839080459770116
protein_0393,protein_0195,0.3218390804597701
protein_0393,protein_0196,0.3103448275862069
protein_0393,protein_0197,0.3103448275862069
protein_0393,protein_0198,0.28735632183908044
protein_0393,protein_0199,0.3010752688172043
protein_0393,protein_0200,0.28735632183908044
protein_0393,protein_0202,0.3448275862068966
protein_0393,protein_0203,0.13675213675213677
protein_0393,protein_0204,0.17045454545454544
protein_0393,protein_0206,0.3229166666666667
protein_0393,protein_0207,0.15942028985507245
protein_0393,protein_0208,0.14285714285714285
protein_0393,protein_0209,0.2413793103448276
protein_0393,protein_0210,0.3068181818181818
protein_0393,protein_0211,0.19047619047619047
protein_0393,protein_0213,0.3804347826086957
protein_0393,protein_0214,0.1
protein_0393,protein_0215,0.12643678160919541
protein_0393,protein_0216,0.14782608695652175
protein_0393,protein_0218,0.136
protein_0393,protein_0219,0.1484375
protein_0393,protein_0220,0.3333333333333333
protein_0393,protein_0221,0.18478260869565216
protein_0393,protein_0222,0.27586206896551724
protein_0393,protein_0223,0.16666666666666666
protein_0393,protein_0224,0.14444444444444443
protein_0393,protein_0225,0.15789473684210525
protein_0393,protein_0226,0.14414414414414414
protein_0393,protein_0227,0.13043478260869565
protein_0393,protein_0228,0.23404255319148937
protein_0393,protein_0229,0.15789473684210525
protein_0393,protein_0230,0.22340425531914893
protein_0393,protein_0231,0.42045454545454547
protein_0393,protein_0232,0.20454545454545456
protein_0393,protein_0233,0.16666666666666666
protein_0393,protein_0234,0.1504424778761062
protein_0393,protein_0235,0.14444444444444443
protein_0393,protein_0236,0.27586206896551724
protein_0393,protein_0237,0.27586206896551724
protein_0393,protein_0238,0.13740458015267176
protein_0393,protein_0239,0.6551724137931034
protein_0393,protein_0240,0.6931818181818182
protein_0393,protein_0242,0.17391304347826086
protein_0393,protein_0243,0.632183908045977
protein_0393,protein_0244,0.17045454545454544
protein_0393,protein_0245,0.1590909090909091
protein_0393,protein_0246,0.16494845360824742
protein_0393,protein_0247,0.21739130434782608
protein_0393,protein_0248,0.45977011494252873
protein_0393,protein_0249,0.6022727272727273
protein_0393,protein_0250,0.16666666666666666
protein_0393,protein_0252,0.12631578947368421
protein_0393,protein_0253,0.13793103448275862
protein_0393,protein_0254,0.22727272727272727
protein_0393,protein_0255,0.09090909090909091
protein_0393,protein_0256,0.1320754716981132
protein_0393,protein_0257,0.14285714285714285
protein_0393,protein_0258,0.33707865168539325
protein_0393,protein_0260,0.1590909090909091
protein_0393,protein_0261,0.1619047619047619
protein_0393,protein_0262,0.16428571428571428
protein_0393,protein_0265,0.3218390804597701
protein_0393,protein_0266,0.15306122448979592
protein_0393,protein_0267,0.18085106382978725
protein_0393,protein_0268,0.13829787234042554
protein_0393,protein_0270,0.1702127659574468
protein_0393,protein_0271,0.16304347826086957
protein_0393,protein_0272,0.26436781609195403
protein_0393,protein_0274,0.3
protein_0393,protein_0275,0.14563106796116504
protein_0393,protein_0276,0.3448275862068966
protein_0393,protein_0277,0.14942528735632185
protein_0393,protein_0278,0.2
protein_0393,protein_0279,0.3707865168539326
protein_0393,protein_0280,0.36363636363636365
protein_0393,protein_0281,0.12295081967213115
protein_0393,protein_0282,0.13978494623655913
protein_0393,protein_0283,0.0963302752293578
protein_0393,protein_0284,0.23863636363636365
protein_0393,protein_0285,0.27586206896551724
protein_0393,protein_0286,0.17045454545454544
protein_0393,protein_0287,0.19444444444444445
protein_0393,protein_0288,0.5
protein_0393,protein_0289,0.17777777777777778
protein_0393,protein_0290,0.1743119266055046
protein_0393,protein_0291,0.21839080459770116
protein_0393,protein_0292,0.16666666666666666
protein_0393,protein_0293,0.28888888888888886
protein_0393,protein_0294,0.21839080459770116
protein_0393,protein_0296,0.17796610169491525
protein_0393,protein_0297,0.16091954022988506
protein_0393,protein_0298,0.20689655172413793
protein_0393,protein_0299,0.14583333333333334
protein_0393,protein_0300,0.16666666666666666
protein_0393,protein_0301,0.1553398058252427
protein_0393,protein_0302,0.1152073732718894
protein_0393,protein_0304,0.18181818181818182
protein_0393,protein_0305,0.18947368421052632
protein_0393,protein_0307,0.14166666666666666
protein_0393,protein_0308,0.16101694915254236
protein_0393,protein_0310,0.16822429906542055
protein_0393,protein_0311,0.43478260869565216
protein_0393,protein_0312,0.41379310344827586
protein_0393,protein_0313,0.2840909090909091
protein_0393,protein_0314,0.2
protein_0393,protein_0316,0.16666666666666666
protein_0393,protein_0317,0.15
protein_0393,protein_0318,0.13675213675213677
protein_0393,protein_0320,0.6022727272727273
protein_0393,protein_0321,0.20408163265306123
protein_0393,protein_0322,0.35555555555555557
protein_0393,protein_0323,0.26436781609195403
protein_0393,protein_0324,0.1595744680851064
protein_0393,protein_0325,0.128
protein_0393,protein_0326,0.1875
protein_0393,protein_0327,0.28735632183908044
protein_0393,protein_0329,0.13157894736842105
protein_0393,protein_0330,0.22988505747126436
protein_0393,protein_0331,0.1348314606741573
protein_0393,protein_0332,0.20454545454545456
protein_0393,protein_0333,0.2727272727272727
protein_0393,protein_0334,0.17777777777777778
protein_0393,protein_0335,0.0990990990990991
protein_0393,protein_0336,0.16326530612244897
protein_0393,protein_0337,0.2727272727272727
protein_0393,protein_0338,0.23863636363636365
protein_0393,protein_0340,0.1588785046728972
protein_0393,protein_0341,0.23809523809523808
protein_0393,protein_0342,0.14942528735632185
protein_0393,protein_0343,0.18181818181818182
protein_0393,protein_0344,0.36363636363636365
protein_0393,protein_0346,0.12781954887218044
protein_0393,protein_0347,0.18181818181818182
protein_0393,protein_0348,0.11965811965811966
protein_0393,protein_0349,0.12962962962962962
protein_0393,protein_0350,0.3409090909090909
protein_0393,protein_0351,0.3103448275862069
protein_0393,protein_0352,0.1797752808988764
protein_0393,protein_0353,0.1652892561983471
protein_0393,protein_0354,0.2553191489361702
protein_0393,protein_0355,0.25
protein_0393,protein_0356,0.1839080459770115
protein_0393,protein_0357,0.15702479338842976
protein_0393,protein_0358,0.35555555555555557
protein_0393,protein_0359,0.15447154471544716
protein_0393,protein_0360,0.32222222222222224
protein_0393,protein_0361,0.14615384615384616
protein_0393,protein_0362,0.21505376344086022
protein_0393,protein_0363,0.21505376344086022
protein_0393,protein_0366,0.21839080459770116
protein_0393,protein_0367,0.17757009345794392
protein_0393,protein_0368,0.15555555555555556
protein_0393,protein_0369,0.11827956989247312
protein_0393,protein_0370,0.36363636363636365
protein_0393,protein_0371,0.35555555555555557
protein_0393,protein_0372,0.1004566210045662
protein_0393,protein_0373,0.14814814814814814
protein_0393,protein_0374,0.1623931623931624
protein_0393,protein_0375,0.3448275862068966
protein_0393,protein_0376,0.21100917431192662
protein_0393,protein_0377,0.367816091954023
protein_0393,protein_0378,0.1452991452991453
protein_0393,protein_0379,0.21428571428571427
protein_0393,protein_0380,0.21428571428571427
protein_0393,protein_0381,0.21428571428571427
protein_0393,protein_0382,0.26666666666666666
protein_0393,protein_0384,0.3522727272727273
protein_0393,protein_0385,0.17592592592592593
protein_0393,protein_0386,0.18095238095238095
protein_0393,protein_0387,0.14
protein_0393,protein_0388,0.14444444444444443
protein_0393,protein_0389,0.15555555555555556
protein_0393,protein_0391,0.21052631578947367
protein_0393,protein_0392,0.9655172413793104
protein_0393,protein_0394,0.17543859649122806
protein_0393,protein_0395,0.16666666666666666
protein_0393,protein_0396,0.17391304347826086
protein_0393,protein_0397,0.32967032967032966
protein_0393,protein_0398,0.15966386554621848
protein_0393,protein_0399,0.39080459770114945
